x,y,z,dist_to_centroid,dist_to_principal_axis,R,G,B,color_oob,opacity,scale_phys_0,scale_phys_1,scale_phys_2,scale_ratio,linearity,planarity,sphericity,orientation_x,orientation_y,orientation_z,local_density,if_keep,part_label,confidence
-0.0081766057491312,0.0031004351362938,-0.0057475744271265,0.0017849760743685,0.0006133061632528,0.4594519767357066,0.4594519136826071,0.4594519767357066,False,0.1223287165000404,3.1754602226909205e-05,7.628001351271435e-05,8.066762203402461e-05,2.54034427695227,0.0543911969967283,0.5519613714040669,0.3936474315992047,-0.7497551715176685,-0.6325794059626936,0.1941918585687787,5643.763949882767,True,wing_L,high
-0.0083618898040227,0.0028543545358244,-0.0056935929692927,0.0014831218653334,0.0005317806060259,0.5444744826881828,0.5444744826881828,0.5444744826881828,False,0.1409956745464791,3.163611233600754e-05,7.406106602202495e-05,7.521093089176198e-05,2.3773758953990853,0.0152885339418526,0.5640796249028251,0.4206318411553222,0.7467716962169951,0.6522246908179996,-0.1301344935693721,10494.630294563673,True,wing_L,high
-0.0078515138517926,0.003716626274942,-0.0056122682544529,0.002404410612814,0.0006387932369033,0.5664860590910679,0.5664860590910679,0.5664860590910679,False,0.1298114530757192,3.608398358009429e-05,8.81141574381403e-05,9.343509477555875e-05,2.589378596965724,0.0569479524818797,0.5568590044568172,0.3861930430613029,-0.6809400480286687,-0.6500767178304525,0.3372253132929094,12913.387180419557,True,wing_L,high
-0.0091781182745336,-0.0006419307794828,-0.0047781016414834,0.0023765599975954,0.0005502135726183,0.4242036337378767,0.4242036337378767,0.4242036337378767,False,0.1300984257484127,4.804666115488159e-05,9.001990459436428e-05,3.49306298525784e-05,2.5771051073022515,0.4662662510987646,0.1457014574877068,0.3880322914135286,-0.93933476604093,0.1922291738091434,0.2840741840496691,24763.1924516568,True,wing_R,high
-0.0083170842832521,0.0028934211502124,-0.0057548422242605,0.0015612499185523,0.0005909422188294,0.5383327577031772,0.5383327577031772,0.5383327577031772,False,0.1062605061310125,7.493164473987571e-05,2.7672988562386985e-05,4.583158108538062e-05,2.7077539735524807,0.3883547966351947,0.2423354323267688,0.3693097710380364,-0.7914474263465414,-0.5977985582424594,0.12746707454348,7541.281869910575,True,wing_L,high
-0.008165173355644,0.0031318171303858,-0.0057163832288404,0.0018032472636289,0.0005930764816137,0.4253671820070381,0.4253671820070381,0.4253671231574786,False,0.1465066421618558,9.752292468737842e-05,3.626963247611475e-05,9.453503560493652e-05,2.6888313453852013,0.0306378125145441,0.5974534020139223,0.3719087854715336,-0.7591239752555338,-0.6201227314595825,0.1979358181819088,5529.847900201556,True,wing_L,high
-0.0092347173911097,0.0004701584067834,-0.0045755720457503,0.001344143761872,0.00027774150659,0.3286253579619017,0.3286253579619017,0.3286253579619017,False,0.1810565206808573,4.296926041130827e-05,0.0001044423952595,0.0001084169998582,2.5231292980249584,0.0366603448160143,0.5670064189987554,0.3963332361852302,0.9821205452418366,0.1696686692712814,-0.0815584286361024,7023.944290898351,True,wing_R,high
-0.0091341453975176,-0.0002729737701247,-0.005098099316467,0.0019912314817224,0.0006276771253649,0.4409978393903365,0.4409978393903365,0.4409978393903365,False,0.8304083198123512,2.825449662308201e-05,8.249873497002291e-05,3.586951177860081e-05,2.91984444354344,0.565211372130318,0.0923046293774786,0.3424839984922034,0.8907995566057223,0.328337380227913,-0.3141189499156641,4617.817012378062,True,wing_R,high
-0.0078435973847538,0.0037355684127976,-0.0056068583309646,0.0024229043420138,0.0006396722100672,0.5556810487724738,0.5556810487724738,0.5556810487724738,False,0.2458787004876177,2.7922685356708588e-05,6.48387812672084e-05,6.888019972320869e-05,2.466818604416922,0.0586731524043267,0.535946412159737,0.4053804354359361,0.6550434208667328,0.6669977810376472,-0.355009967282699,11369.731869704898,True,wing_L,high
-0.0083587091154338,0.0028712343087037,-0.0056898387987798,0.0014959883367378,0.0005257247111973,0.4874968530646465,0.4874968530646465,0.4874968530646465,False,0.1637388337854913,7.848695994655656e-05,8.162629055454838e-05,3.072037436596113e-05,2.6570734321842173,0.038459797531702,0.5851862831948057,0.3763539192734923,-0.7636169442612373,-0.6346411516908931,0.1188266427093993,10515.190360787064,True,wing_L,high
-0.0091167118504143,-5.6054060183820576e-05,-0.0051516327657233,0.0017762220534962,0.0006057273951673,0.4980311692024137,0.4980311692024137,0.4980311692024137,False,0.1346343968961313,8.652235147966389e-05,6.969187186714931e-05,2.967907300986747e-05,2.9152646193126586,0.1945217544910391,0.4624562112910951,0.3430220342178657,0.8780861074994606,0.3041419750517028,-0.3694082387117203,5214.42444863597,True,wing_R,high
-0.0095004084428542,0.0016567934008187,-0.0041894866327166,0.0009668225192678,0.0009056512670919,0.2552086493018133,0.2552086493018133,0.255208682930133,False,0.436920311749963,0.000102846997301,3.646468597073154e-05,3.729387350477065e-05,2.8204547650173954,0.6373849068668589,0.008062340717758,0.3545527524153831,-0.9233307297243571,0.3504177543069596,-0.1570597370848217,2716.3469508540334,False,body,high
-0.00924008499802,0.0007110552703079,-0.0045939266816292,0.0011177019772179,0.0002670609256394,0.3741668546239689,0.3741668546239689,0.3741668546239689,False,0.3900033280602984,3.405780732053962e-05,4.46468852852597e-05,9.615263299066844e-05,2.8232185379908654,0.53566653458577,0.1101278003042074,0.3542056651100226,0.962688713302028,0.2038760743318312,-0.177946586356489,6227.115423728665,True,wing_R,high
-0.0091686858597308,-0.00056707702774,-0.0048377444120598,0.0022956007016532,0.0005561707621369,0.4789683822583414,0.4789683822583414,0.4789683822583414,False,0.3317455239398881,3.069849712717967e-05,8.116210295405116e-05,9.081882615080527e-05,2.95841277749055,0.1063295310679205,0.555651377205386,0.3380190917266933,0.9365491852492092,0.0513065404847212,-0.3467611029405292,11500.3389596474,True,wing_R,high
-0.0092000846201929,-0.0006442651385537,-0.0047360832977713,0.0023852003605536,0.0005186800886568,0.4153811095478031,0.4153811095478031,0.4153811095478031,False,0.3603381398351545,7.950663501864332e-05,3.370284415730235e-05,4.735832393337925e-05,2.359048234848059,0.4043475249295319,0.1717527068385532,0.4238997682319149,-0.9530372316294836,0.1915756493227356,0.2345608784827131,21629.04858970028,True,wing_R,high
-0.0092020802262996,-0.0006003221673015,-0.0047402386765982,0.0023412892430973,0.000504389610704,0.4398528665642767,0.4398528665642767,0.4398528665642767,False,0.1133412841313404,0.0001235693815363,5.378600475044184e-05,6.372461253569357e-05,2.297426293506636,0.4843009510656638,0.0804293722416106,0.4352696766927255,-0.9742462872959984,0.0819352680163163,0.2100732813688052,21406.54215801097,True,wing_R,high
-0.0099448027395213,0.0022919246276968,-0.0055731346452202,0.0011783515721272,0.0011036222664876,0.2742942003852009,0.2742941835710411,0.2742941835710411,False,0.3052827653644551,5.615611557095889e-05,4.028689132920805e-05,2.4722185029126465e-05,2.2714867437808803,0.2825912027639889,0.2771684996697113,0.4402402975662997,0.7628753121972041,0.4560039484807444,-0.4583466559384821,3052.2152716482483,True,body,high
-0.008673314402851,0.0025264465408342,-0.0054782519736841,0.0009955458002225,0.0002947756122943,0.3252907401508073,0.3252907401508073,0.3252907401508073,False,0.6512675677273614,8.115815553718228e-05,7.492414177510686e-05,3.2061179458414394e-05,2.531352773295509,0.076813152305061,0.5281411588642496,0.3950456888306893,-0.6927482961096223,-0.7182286178352653,0.0651724693383573,6349.141872239911,True,body,high
-0.0080868058371351,0.0034651743772592,-0.0054704088406383,0.0020457210237186,0.000470265259594,0.4206446477776548,0.4206445552997755,0.4206445552997755,False,0.3630929074838629,0.0001046466335499,0.0001054677393051,4.041384039840478e-05,2.6096935669929264,0.0077853736189031,0.6090278750138585,0.3831867513672384,0.7169265791675102,0.6230738208969047,-0.3127223909413961,5315.530985369191,True,wing_L,high
-0.0091252726221501,-7.615426053111631e-05,-0.0050963742910445,0.0017942403584678,0.0005687662896221,0.4179689012276238,0.4179689348559435,0.4179689012276238,False,0.128574964250896,0.0001070746335042,0.0001015020840706,4.286779425177452e-05,2.497787333664967,0.0520436003492408,0.5476020594224762,0.400354340228283,0.913570974325049,0.2273765775873458,-0.3371764624576374,5493.810438877627,True,wing_R,high
-0.008499164186978,0.0018446739619062,-0.0044140599177398,0.0008568006868838,0.0008442351176552,0.1451846394124192,0.1451847066690587,0.1451846394124192,False,0.6668298313850209,0.0001627611870234,0.0001881380932827,0.000109319909221,1.7209865487751248,0.1348844660669324,0.2840534676945321,0.5810620662385354,0.3566209145118413,0.9342414155167132,0.0038080002712649,4152.819601209693,True,body,high
-0.0091206087091163,2.4953107983916547e-05,-0.0051206843221719,0.001693931998829,0.0005556265842856,0.4509758956988599,0.4509758956988599,0.4509758956988599,False,0.0865834639401496,0.0001122806385594,0.0001142384281541,4.067037496236093e-05,2.808885540394125,0.0171377497607207,0.6268491676059136,0.3560130826333658,-0.9114105219049748,-0.2918867290977016,0.2900568874161526,5563.010553303186,True,wing_R,high
-0.0088716604464753,0.0020384573296524,-0.0043176669230108,0.0008206706352186,0.0007926531732137,0.247320252576737,0.2473201853200975,0.2473201853200975,False,0.2648196326602866,3.1562882789734624e-05,8.09955497137426e-05,3.46163501802963e-05,2.566164512073189,0.5726141707459402,0.0376991995406334,0.3896866297134262,-0.964686506170511,0.0112973570785525,-0.2631583449856247,3021.762484239816,False,body,high
-0.0083167579305058,0.003305712074487,-0.0051449502743053,0.0017575296327132,0.0003769376441425,0.5734590887500072,0.5734591475995666,0.5734591475995666,False,0.0809424028994686,7.517034451566052e-05,5.557889165043774e-05,2.76325079858522e-05,2.7203590985714228,0.2606274188505444,0.371774053247333,0.3675985279021225,-0.8522161675787717,-0.5189259887196622,0.0666589975072503,4668.841366535705,True,wing_L,high
-0.0087197108004109,0.0025354885125482,-0.0052263461018822,0.0009049661429063,0.0001086442884987,0.2533836740192901,0.2533836740192901,0.2533836403909704,False,0.1949777845458079,0.0001214817987218,5.131283357238523e-05,0.0001203038083362,2.367473987779465,0.0096968467540126,0.5679120287133228,0.4223911245326646,-0.8211657932514657,-0.5689920117883787,-0.0439867083867925,5296.21088381044,True,wing_L,high
-0.0100782832107523,0.0016582323005248,-0.0054668086267916,0.0011018637272244,0.0010750343798885,0.3326330465920587,0.3326330297778989,0.3326330297778989,False,0.3814953111972421,4.382736829523141e-05,0.0001017574241187,4.268210312338503e-05,2.3840770878741404,0.5692956197074324,0.0112548561617473,0.4194495241308202,0.2775383557783083,-0.7662589722639198,-0.5794994810152247,4916.178160774283,True,body,high
-0.0091986888833572,-0.0006177643863478,-0.0047508090490312,0.0023569898621353,0.0005158141451089,0.4621334695248685,0.4621334695248685,0.4621334695248685,False,0.1349545776843429,6.436672764187138e-05,4.196339217069348e-05,0.0001181450214522,2.815430672803277,0.4551888276740484,0.1896257260424113,0.3551854462835402,-0.9639161260501148,0.1023354832890116,0.245750179655161,29870.44525590413,True,wing_R,high
-0.0098171176298142,0.0018942754128684,-0.0046686705192652,0.0008649973239378,0.0008586602347274,0.3457041390663958,0.3457041390663958,0.3457041390663958,False,0.2741360283214326,2.607781224004884e-05,5.426066158660597e-05,2.2982093534282503e-05,2.360997334975818,0.5193974515326212,0.0570527268788499,0.4235498215885289,0.9244652598580364,-0.1920524193277405,0.3293627962383958,2706.607547787457,False,body,high
-0.0094345713147986,0.0016603787912441,-0.0055779528743996,0.0006506798485517,0.0006488580023914,0.5397796623977832,0.5397796623977832,0.5397796623977832,False,0.2159451836003316,0.0001800612732287,7.851772973655443e-05,7.210388552290126e-05,2.497247851803323,0.5639388285519301,0.0356203424459042,0.4004408290021656,-0.3800993456188372,-0.0649729382364317,-0.9226608286673148,3871.204408613487,True,body,high
-0.0083948545688661,0.002949749825132,-0.0054587789232599,0.0014604978531848,0.0003395385713259,0.4683121751527089,0.4683121751527089,0.4683121751527089,False,0.2614651067919403,9.734753544797756e-05,0.0001031877106665,4.167858446637503e-05,2.475796910755755,0.0565975849335437,0.5394920637546669,0.4039103513117894,0.783788888808814,0.5965204064355247,-0.1727379011272316,6473.29202604625,True,wing_L,high
-0.0082819051965856,0.001767519956305,-0.0047339367729255,0.0008413597551348,0.0008190512006232,0.3114214626939142,0.3114214626939142,0.3114214626939142,False,0.2144702769865799,2.746499480826688e-05,5.245414154246195e-05,7.587581861084301e-05,2.7626372821306573,0.3086843410350237,0.3293426969448736,0.3619729620201026,0.8982349925067074,-0.4201860599814174,0.1289091666010142,5399.614275236537,True,body,high
-0.0082049448420606,0.0034264531775179,-0.0052497164667229,0.0019228504768615,0.0004014495556691,0.4146372427086642,0.4146372427086642,0.4146372090803444,False,0.5382084041874597,0.0001155928061055,4.2369864355816e-05,3.946504445186712e-05,2.928992167906259,0.6334558716646072,0.0251297637094768,0.341414364625916,-0.7620214972375277,-0.6029455457753965,0.2361777012706449,5061.582348656795,True,wing_L,high
-0.0091940734991911,-0.0006246367687627,-0.0047439275405244,0.0023644067612685,0.0005202100567601,0.4736131732289512,0.4736131732289512,0.4736131732289512,False,0.1205752808275842,0.0001158309996692,4.308850962149935e-05,5.840459376211414e-05,2.6882108637945263,0.4957775213121181,0.1322278507856434,0.3719946279022385,0.9639720906360252,-0.0986879818391812,-0.2470192112272251,28691.86741287756,True,wing_R,high
-0.0092488600698722,0.0008756761690894,-0.0046782993370983,0.000937575503414,0.0002013063701542,0.3097002307777066,0.3097002307777066,0.3097002307777066,False,0.5817641876790713,9.715133497189916e-05,3.545334362469808e-05,8.44262262123927e-05,2.740258746828608,0.1309823355817722,0.5040886221672604,0.3649290422509674,-0.9995069523533844,-0.031096731344657,-0.0043411400492791,5479.728088401546,True,wing_R,high
-0.0091591823219787,-0.0004029801028037,-0.0049593977965961,0.0021234177345034,0.0005679663977399,0.5270111554424568,0.5270111554424568,0.5270111554424568,False,0.2162050807861348,3.0992483923290224e-05,7.013840133017187e-05,7.138118161432976e-05,2.303177176473043,0.0174104750867336,0.5484066881714816,0.4341828367417847,-0.8873260066614463,-0.1829903714882683,0.42328132706846,7341.728811011963,True,wing_R,high
-0.0083806741871085,0.0030737340700801,-0.0052796085609952,0.0015357164103803,0.0002972846577196,0.298881327759531,0.298881327759531,0.298881327759531,False,0.2350413172947273,4.96703036457594e-05,0.0001339291627867,0.000138579474161,2.789986450442796,0.0335569997102096,0.608018320542227,0.3584246797475633,-0.7901054515764339,-0.5980067721562369,0.1346152883014318,5264.495092771868,True,wing_L,high
-0.0078744460159105,0.0036966560083257,-0.005601382274102,0.0023737331167578,0.0006212946220994,0.5569481218238729,0.5569481218238729,0.5569481218238729,False,0.1676085664454884,0.0001023329605296,3.53956415411545e-05,9.924903749768262e-05,2.891117552162772,0.0301361654744275,0.6239768264888618,0.3458870080367106,-0.6938647281098571,-0.6439552975017409,0.3222938316264816,13976.05044031563,True,wing_L,high
-0.0103439111800264,0.0022780974938891,-0.0054658616889143,0.0014617776473153,0.0014358608991463,0.4046699768872289,0.4046699768872289,0.4046699768872289,False,0.2597401335366718,4.7221042806321856e-05,2.152064985080448e-05,1.969474282624426e-05,2.397647089018973,0.5442572088237888,0.0386672321500651,0.417075559026146,0.1292466323912724,-0.7687332816606937,0.6263740493368926,2353.073991899456,False,body,high
-0.0091266864574791,0.0001395170634758,-0.0050958293747459,0.0015788580401325,0.0004977063284314,0.4165093312671057,0.4165093312671057,0.4165093312671057,False,0.7965943470883811,3.6853411387762304e-05,0.0001029226467476,0.0001030536684225,2.796312866079227,0.0012713926327756,0.6411148324100171,0.3576137749572073,-0.9356606145770612,-0.2622880564599754,0.2361020748907659,5243.181892207615,True,wing_R,high
-0.0092428677374854,-0.0004823504633523,-0.0046236575390076,0.0022466907488991,0.0004143599934001,0.3769607290540729,0.3769607290540729,0.3769607290540729,False,0.6607345546565123,9.01863490934433e-05,3.450165632793133e-05,8.441487434321847e-05,2.613971579689976,0.0639949926817076,0.5534453774547562,0.3825596298635361,0.998162873666406,-0.011700297248246,-0.0594472932800564,5371.1774069783005,True,wing_R,high
-0.0084003027572479,0.0031192385257058,-0.0051067993246688,0.0015516735113081,0.0003528688931016,0.2672108488199021,0.2672108488199021,0.2672108488199021,False,0.2396236990338176,4.4039918399354257e-05,3.871726313482289e-05,0.0001067026659127,2.7559454691108862,0.5872650601312132,0.0498830579254852,0.3628518819433015,-0.876658717374925,-0.4639519561714376,-0.1273502085402583,4850.2756208554565,True,wing_L,high
-0.0088438311327413,0.0023347415910529,-0.0053471049235021,0.000720204101766,0.0001717322291731,0.2219810614603377,0.2219810614603377,0.2219810614603377,False,0.4376045505257258,4.3103552066805e-05,4.897084649733931e-05,0.0001216866854491,2.82312430447824,0.5975661074456095,0.0482164043574559,0.3542174881969345,0.6824728453410257,0.6610390872343598,0.311862374326383,5813.952137873039,True,body,high
-0.0091769174190227,-0.0006460906307583,-0.0047976296487256,0.0023784905246199,0.000559192351262,0.4376640959155546,0.4376640959155546,0.4376640959155546,False,0.123300972296571,8.085616824288542e-05,3.347857079092858e-05,4.950247420249944e-05,2.41516188811723,0.3877712080815159,0.1981778726322566,0.4140509192862275,0.9468230654684462,-0.1837182673230153,-0.2641470820371933,21827.174951453555,True,wing_R,high
-0.0104271415571785,0.0018644605448021,-0.005442139849495,0.0014298315607083,0.001422624251053,0.71110754425732,0.71110754425732,0.71110754425732,False,0.7937197830263254,8.830907533823516e-05,3.499778558826258e-05,3.729871082293087e-05,2.5232760831545846,0.5776344539893324,0.0260553654973223,0.3963101805133452,-0.0069917574681878,-0.6578017296145546,-0.7531586817156166,2413.2993439140214,False,body,high
-0.0087456726087985,0.0022426841526414,-0.0039217628397163,0.0012828260793874,0.0012306731729128,0.3746529267641855,0.3746529267641855,0.3746529267641855,False,0.411216322060805,2.923892792316911e-05,7.660120800454506e-05,3.1568783080450093e-05,2.6198364114385253,0.5878813937428116,0.0304153840125177,0.3817032222446707,-0.1842283360047054,0.9790129992367638,-0.0871405045795208,1982.46590409446,False,body,high
-0.0092602985322912,0.0024229728315332,-0.0045180160793901,0.0009058860180433,0.0007469612740035,0.1732431341599581,0.1732431341599581,0.1732431677882778,False,0.291013429993956,3.216610388782866e-05,3.121548995442351e-05,8.423088132036517e-05,2.6983680680119813,0.6181198227585016,0.0112858125013505,0.3705943647401477,-0.3731079754064805,0.9034005331919748,-0.2113241948204999,2432.025506142538,False,body,high
-0.0084141143717838,0.0030163237948791,-0.0050111207052378,0.0014523934418583,0.0004158769034912,0.2802672457185244,0.2802672457185244,0.2802672793468441,False,0.36028475357007,0.0001150636115568,3.837323220325024e-05,4.04519760636079e-05,2.998538432920612,0.6484381507212844,0.018066040446948,0.3334958088317675,0.5580291735133427,-0.4315466383972643,0.7087813064662729,4812.823288625367,True,wing_L,high
-0.0079340945122608,0.0035942941813014,-0.0055959810040845,0.002257380439411,0.0005952138295218,0.4672669481264588,0.4672669481264588,0.4672669481264588,False,0.165511234110888,0.0001476448780811,5.260779025991996e-05,0.0001574415358366,2.9927418555088603,0.0622240992729238,0.603634151027128,0.3341417496999481,0.7342653329767642,0.616926762218776,-0.2832945302097788,7132.89523100185,True,wing_L,high
-0.0085469313017597,0.0019922971330084,-0.0039610422536292,0.0012338697464511,0.0012198684366602,0.2446906693025925,0.2446907197450721,0.2446906693025925,False,0.2340619401273144,2.7831416978285235e-05,7.150934447877901e-05,3.116114859538052e-05,2.569374909461936,0.5642366907079137,0.0465635874774857,0.3891997218146006,0.3000939701181675,-0.9520287057936,0.0598744723874813,2160.7069871537296,False,body,high
-0.0092284926846334,0.0007398105437433,-0.0046138256685103,0.0010819216897422,0.0002558121322188,0.3776496724400401,0.3776496724400401,0.3776496724400401,False,0.1109659760418499,3.794393374966438e-05,0.0001049325978474,9.57814231018012e-05,2.7654643964902474,0.0872100275167253,0.5511870528184485,0.3616029196648261,-0.9750160414405388,-0.1483990170788467,0.1652920163336794,6179.488919075245,True,wing_R,high
-0.0078937851382103,0.0036465081421087,-0.0056202460508383,0.0023268463162391,0.0006220592340202,0.5112741590069149,0.5112740991064704,0.5112741590069149,False,0.1250796276545725,0.0001262419599766,0.0001257428337977,5.247630693056074e-05,2.405694443089196,0.0039537264710753,0.5803658853263889,0.4156803882025358,0.7114880039036092,0.6292233920206924,-0.3128302147095638,10279.651019136492,True,wing_L,high
-0.0082559358888525,0.0029865714031219,-0.0057767663073073,0.0016708095438105,0.0006150910994046,0.5500755273452974,0.5500755273452974,0.5500755273452974,False,0.8096850519097409,2.991709813884005e-05,5.954294809495826e-05,2.0787158720975435e-05,2.8644101338811643,0.4975543016256319,0.1533336811490138,0.3491120172253541,-0.7471685947346278,-0.6469247814549235,0.1524054401318437,5819.249919184176,True,wing_L,high
-0.0092687262564479,0.000148790445432,-0.0045479596060944,0.0016585540931807,0.0002891542576851,0.2593958795309198,0.2593958459026001,0.2593958795309198,False,0.5797464081597191,3.8619944112549536e-05,7.267730427106564e-05,0.0001040065435593,2.693078562109525,0.3012237328166213,0.3274540138820542,0.3713222533013245,-0.95483809577574,-0.2923817628584562,-0.0528877642100802,4929.034194630529,True,wing_R,high
-0.0083890531692923,0.002836005930775,-0.0056366931990358,0.00143206841114,0.0004806729955937,0.5280802837969432,0.5280803426465026,0.5280803426465026,False,0.1780047657483904,3.010128942763937e-05,7.299244720365103e-05,7.212321069045869e-05,2.4248943680342308,0.0119085815929303,0.5757023208932419,0.4123890975138277,-0.7301341977341846,-0.6673446847052329,0.1468166376632164,10360.275648157944,True,wing_L,high
-0.0097385725836053,0.0021073609408157,-0.0044245198537442,0.0010009262449962,0.0009984593195733,0.3910837826256827,0.3910837826256827,0.3910837826256827,False,0.6936929007520465,3.2285962997270813e-05,1.394935802479507e-05,1.3147345158774024e-05,2.4557020909825606,0.5679435664974827,0.0248409151087994,0.4072155183937178,0.98572420339279,-0.0562549221765759,-0.1586920873155199,2612.982724952006,False,body,high
-0.0092272623682754,0.0025866028069708,-0.0041451569165363,0.001265358342825,0.0011121118121042,0.1955328251739524,0.1955328251739524,0.1955328251739524,False,0.1940507082377071,1.666695831603217e-05,1.452889126883528e-05,4.0913474157974006e-05,2.816008007832924,0.5926291115812322,0.052258261885594,0.3551126265331738,-0.5173631401562825,-0.7411368774563611,-0.4278451940619007,1555.44570205529,False,body,high
-0.0081921692417985,0.0033335716376282,-0.0054061103516031,0.0018702248286584,0.000402647726447,0.4967745244768626,0.4967745244768626,0.4967745244768626,False,0.118140881980983,3.6562222176065794e-05,8.92376272407003e-05,9.570454208696514e-05,2.617580015407675,0.0675716607095665,0.5503960827352293,0.3820322565552041,0.7363374198077913,0.5937318186274287,-0.3244837927234125,6472.020833874596,True,wing_L,high
-0.0091616704777333,-0.0003841130688867,-0.004963074303604,0.0021045537018248,0.0005618801113249,0.5236863486936387,0.5236863486936387,0.5236863486936387,False,0.1321291631579447,9.057542790186736e-05,3.569935639436781e-05,8.807517511879844e-05,2.5371725725609213,0.0276040957353001,0.5782563763449889,0.3941395279197109,-0.8911814266431648,-0.1619024521359378,0.423772652254276,7311.253153743552,True,wing_R,high
-0.0096755138781631,0.0021821839733604,-0.0054468606831999,0.0008682997847294,0.0007921192519452,0.3450510602834029,0.3450510602834029,0.3450510602834029,False,0.2356148676016169,5.153764600731345e-05,6.90662197340424e-05,5.6154616060915984e-05,1.3401120362432066,0.1869452783552644,0.0668484545901221,0.7462062670546133,-0.5979202229042513,-0.3345922457545899,0.7283813809557673,3361.6217497328767,False,body,high
-0.0081275399962688,0.0031681762801525,-0.0057582576906693,0.0018661362225623,0.0006335226366729,0.420140180946555,0.420140180946555,0.420140180946555,False,0.2349776016010968,9.871819088259776e-05,3.817634256636216e-05,0.0001033592296665,2.70741571136271,0.0449020256721095,0.5857420620447801,0.3693559122831104,-0.7361334630823135,-0.6480392006273255,0.1953272100367415,5420.228799393508,True,wing_L,high
-0.0079638481333086,0.0034032531085059,-0.0057790935276957,0.0021407047558304,0.0006954196711019,0.4865627886527488,0.4865627886527488,0.4865628485531933,False,0.2441938827564825,3.881838115913384e-05,0.0001105736278512,0.0001013627395059,2.8484863239904845,0.0833009509072299,0.565635401155333,0.3510636479374371,-0.734410732161733,-0.6271669456445434,0.2594272514146533,4790.245008136207,True,wing_L,high
-0.0078775078618763,0.0036885738005214,-0.0056044412695772,0.0023661785026261,0.0006213792587963,0.5606362195140941,0.5606362783636536,0.5606362783636536,False,0.1658492541177588,3.5930659026895965e-05,0.0001016316365849,0.0001031856441303,2.871799374821367,0.0150603076476444,0.6367259526435354,0.3482137397088202,0.6945468737412057,0.6435016397655736,-0.3217301350438525,13623.010981439083,True,wing_L,high
-0.0078474236523305,0.003763298380339,-0.0055776641003885,0.0024376570162219,0.0006238327692159,0.5312150695216811,0.5312150695216811,0.5312150695216811,False,0.1966782536769367,5.285465562842602e-05,7.476582600936695e-05,2.58904237734342e-05,2.8877791519999416,0.2930639778954066,0.3606491534195534,0.34628686868504,0.6536981101052509,0.6592720685079753,-0.3715361631524434,9125.899686270735,True,wing_L,high
-0.0091308886774079,-0.0005250732301005,-0.0049876308745341,0.0022432778360639,0.0006451138351735,0.4136875621457996,0.4136875621457996,0.4136875621457996,False,0.5545220436397265,7.033110577812122e-05,2.868324178315136e-05,3.9841502977406456e-05,2.4519929201110724,0.4335151916550635,0.1586532881973574,0.407831520147579,-0.8622306979877848,-0.2397381599053012,0.4461881196678343,6001.336722963509,True,wing_R,high
-0.0085745612225971,0.002654851365313,-0.0054689917185029,0.0011375526179485,0.0003030009643233,0.2668349514621463,0.2668350187187858,0.2668349514621463,False,0.1624833462293264,0.0001079608550106,0.0001056390182917,4.106338265074318e-05,2.6291271697935747,0.0215062831681645,0.5981393499951354,0.3803543668366999,0.7709893036918158,0.6276975894784373,-0.1075696507188157,5889.515294731717,True,body,high
-0.0091979683798735,-0.0006276093305802,-0.0047350091137158,0.0023687361427774,0.0005151876505647,0.4911772614293883,0.4911772614293883,0.4911772614293883,False,0.1193271011720878,4.215974513380491e-05,0.0001141673083969,6.027487743027439e-05,2.707969605475493,0.4720478368403797,0.1586717997545038,0.3692803634051164,-0.9668248547290996,0.0969719580199987,0.2363178783668794,24713.11210503548,True,wing_R,high
-0.0081086291591384,0.0031885326081643,-0.0057636802743275,0.0018935058523061,0.0006441350616237,0.4368296007547881,0.4368296007547881,0.4368296007547881,False,0.5569563850226751,0.0001005474114707,3.811693490448098e-05,0.0001027719425165,2.696227878082175,0.0216453147745601,0.6074661530916874,0.3708885321337524,-0.7528991892960254,-0.6301599185535744,0.1898454313538783,5451.351350160864,True,wing_L,high
-0.0091495506506783,-0.0004312875144089,-0.0049843017589315,0.00215036400344,0.0005983494749553,0.5261242967843567,0.5261242967843567,0.5261242967843567,False,0.1353488361235106,7.70522425144939e-05,2.842940065253153e-05,6.877799741571535e-05,2.7103013340392983,0.1073848706898066,0.5236524654761872,0.3689626638340061,-0.8845104838540858,-0.1778117943843249,0.431305193256512,6864.74873090746,True,wing_R,high
-0.0091792369344068,-0.0006156639594494,-0.0048216485476662,0.0023459452729806,0.0005563400830262,0.4851835966816555,0.4851835966816555,0.485183537832096,False,0.116139111474863,8.583241078837035e-05,7.976462490051538e-05,3.164643234623544e-05,2.712230239709175,0.0706934109402541,0.5606063270542507,0.3687002620054952,0.9539506112235324,-0.055856069335675,-0.2947173745550429,18917.88772736365,True,wing_R,high
-0.0084886244085284,0.0019023974111557,-0.0049731956497352,0.0006061769366111,0.0005197902471254,0.5887593605027419,0.5887593605027419,0.5887593605027419,False,0.4824303728394133,3.4310591165547424e-05,4.497140076611096e-05,5.973444906922373e-05,1.7409915434277148,0.2471446298266599,0.1784700414363773,0.5743853287369627,0.252925988661651,0.1407604737846048,0.9571911686175651,5334.510543082615,True,body,high
-0.0083178961590436,0.0030895583940467,-0.0054347735373301,0.0016083426826559,0.0003570204575542,0.514822899889359,0.514822899889359,0.514822899889359,False,0.1795454113728807,7.305226757097562e-05,7.724427136758238e-05,2.9172332243626065e-05,2.647860675742156,0.0542694457775162,0.568067178969662,0.3776633752528218,0.7522673572393205,0.6211824330960679,-0.2196046630766699,6980.442240494594,True,wing_L,high
-0.0088474347950885,0.0022145335490885,-0.0040912947214679,0.001099904690552,0.001045540386915,0.2250537314750251,0.2250537314750251,0.2250537314750251,False,0.2635350726650887,2.444190041582872e-05,5.184298284180716e-05,2.252017658569749e-05,2.3020682206698373,0.5285398509879276,0.0370681570540634,0.434391991958009,-0.440600713824383,0.8972943432245816,-0.0270900829568907,2270.6741774122843,False,body,high
-0.0082838964016077,0.0032114013651526,-0.0051815438819871,0.0016900812290094,0.0003951238171407,0.3420268654915823,0.3420268654915823,0.3420268654915823,False,0.2062709265697035,0.0001213884562193,5.146721289390852e-05,5.471309854761002e-05,2.3585589619858,0.5492726388352868,0.0267396567581015,0.4239877044066116,-0.8488457042018429,-0.5273895429484852,0.0363488713258801,5023.04485504521,True,wing_L,high
-0.0091959202880319,-0.0006174309439943,-0.0047552202167331,0.0023559460110679,0.0005194945935543,0.4816301478344515,0.481630086883122,0.4816301478344515,False,0.1429466142918359,0.0001091931037691,6.67146443833486e-05,3.826101163240081e-05,2.853900069822461,0.3890214484206751,0.2605808587609463,0.3503976928183785,-0.9643815779682532,0.0732403759240644,0.2541732074982803,30399.893604392146,True,wing_R,high
-0.0085874552517531,0.0027954493474465,-0.005041085710836,0.0011783568687384,0.0002864276478724,0.3191640806530332,0.3191640133963938,0.3191640133963938,False,0.6441329008080442,8.095747768032087e-05,3.34608556320858e-05,8.07718534008335e-05,2.419468245835599,0.0022928614478374,0.584393179288095,0.4133139592640676,0.8939677847643821,0.4331031862677561,0.1150792329144609,3913.21203368083,True,wing_L,high
-0.0079602783380647,0.0034112571794464,-0.005774305296076,0.0021472202968515,0.0006934058638022,0.547456263761765,0.547456263761765,0.547456263761765,False,0.6913054843637529,9.128294695354456e-05,3.738218209258535e-05,9.063479003454496e-05,2.4418838559895164,0.0071005257896575,0.5833795875264717,0.4095198866838707,-0.7434631673934807,-0.6188524842210794,0.253543135388541,4802.286132216583,True,wing_L,high
-0.0082460020066751,0.0016736776627735,-0.004454662724325,0.0010089247716221,0.0010071919868095,0.1504969050775355,0.1504969050775355,0.1504969050775355,False,0.8458353340625845,0.0001387801054977,5.4803598612926274e-05,0.0001061812558873,2.532317384446035,0.2348956969984826,0.3702090951013598,0.3948952079001575,-0.7577008884790771,0.6209495016625328,0.2007761937657683,5613.695181397203,True,body,high
-0.0091447678883431,0.0003526406594552,-0.0050859940592433,0.0013667499172213,0.0004106216745007,0.4219806841057059,0.4219807429552654,0.4219806841057059,False,0.1364194731077836,3.626984001321027e-05,7.913951409114748e-05,3.024626241066644e-05,2.6165055707259444,0.5416974639061196,0.0761134013990316,0.3821891346948487,0.9455758260087326,0.1442406824465532,-0.2916864460259611,8775.605566756058,True,wing_R,high
-0.0092009116344379,-0.000607771249006,-0.0047558419730703,0.0023465934185257,0.0005121546741838,0.4451026339972057,0.4451025751476462,0.4451025751476462,False,0.1864241753542471,3.5729772028440285e-05,0.0001021570553508,6.473880925761157e-05,2.85915777099048,0.3662815648387473,0.2839650881629944,0.3497533469982583,-0.9607378408320816,0.0918612492471794,0.2618096867574961,26521.400230246338,True,wing_R,high
-0.0092145904326663,0.0004380663359427,-0.0047734870527859,0.0013164844113685,0.0001959883489,0.3152414044151116,0.3152414044151116,0.3152414044151116,False,0.1734504030108784,0.000116668910662,0.0001173960531551,5.052144522115728e-05,2.323687547757948,0.0061939262310932,0.563455615952464,0.4303504578164427,-0.9989519945598724,-0.0454846574927628,0.0051047524541687,5085.403565671712,True,wing_R,high
-0.0091433522703019,0.0003734949449666,-0.0050980092350493,0.001346245052009,0.0004134070760978,0.4149173834260361,0.4149173834260361,0.4149173497977164,False,0.1451991019965442,3.062221002808946e-05,7.767990285616479e-05,4.6026101730331816e-05,2.536717721709496,0.4074902254247719,0.1982995747402621,0.3942101998349659,-0.944161783694958,-0.137621879170768,0.299363899933612,9472.794754274852,True,wing_R,high
-0.0082434507666631,0.0016318579704776,-0.0045580265777315,0.0009567348181678,0.0009558862980509,0.2448125047049139,0.2448124374482745,0.2448125047049139,False,0.5022731006004665,0.0001367805978763,0.0001676545508187,6.936517508513825e-05,2.4169844682576485,0.1841521914651754,0.4021091134240206,0.4137386951108039,0.7871961537199657,-0.6167006403084214,-0.0015924232086454,5302.048736997136,True,body,high
-0.0083143823436577,0.0031642351610479,-0.0053170290921653,0.0016509273997917,0.0003334651432318,0.3267886632099584,0.3267886968382781,0.3267886632099584,False,0.1775988212343638,0.0001553624729589,5.4117563170297245e-05,0.0001462859940008,2.8708327547944865,0.0584213084747622,0.5932477069598946,0.3483309845653432,-0.7587878340092093,-0.6280671643274003,0.1725475588159707,5961.48630041176,True,wing_L,high
-0.0079900860014917,0.0036771580990189,-0.0054188618942354,0.0022645669954492,0.000508464545485,0.4625601498489313,0.4625601498489313,0.4625601498489313,False,0.481580847572051,9.300933601937876e-05,3.660607810183334e-05,3.586934073984797e-05,2.593003777068388,0.6064257668261781,0.0079211119390409,0.385653121234781,0.3242300689543429,0.5513446063725631,0.7686962907480076,4466.333941415238,True,wing_L,high
-0.009886548040092,0.0022288556554484,-0.0056694697104519,0.0011535298779662,0.0010865495911709,0.4174815175829385,0.4174815175829385,0.4174815175829385,False,0.2714881259832529,2.6888091340241988e-05,5.508492786787921e-05,4.285884204741295e-05,2.048673785388273,0.2219497473027546,0.2899295928185054,0.4881206598787398,0.8305378638858711,-0.101034191930494,-0.5477215978148444,2902.512200103969,True,body,high
-0.0091731117486434,-0.0005319080827116,-0.0046227449506559,0.0022908962885005,0.0004949064802643,0.6760367041415571,0.6760367041415571,0.6760367041415571,False,0.1495729832871766,0.0001210870893255,4.7783866667879016e-05,0.0001087027445962,2.534057994242904,0.1022763434016766,0.5030996968184415,0.3946239597798819,0.9938466041482787,-0.0858534455776096,-0.0699865223124203,6407.357264089142,True,wing_R,high
-0.0082342265504178,0.0032508363895137,-0.0054017798179352,0.0017783739856652,0.0003846995362102,0.4443286067588238,0.4443286698119233,0.4443286067588238,False,0.1277410618979109,0.0001134482085937,0.0001083684153286,4.640452203633257e-05,2.4447662343105283,0.0447763197681271,0.5461866173152954,0.4090370629165775,-0.751870082796527,-0.605603239053085,0.2606455360138664,6401.906197465123,True,wing_L,high
-0.0080989984566283,0.0034767981426043,-0.0054315964838643,0.0020422829308681,0.0004539614002863,0.4387584034744263,0.4387583740496465,0.4387583740496465,False,0.2038497334682695,4.20631187940339e-05,0.0001086970430598,0.0001184261336658,2.815438727826567,0.0821532402085099,0.5626623297002092,0.3551844300912808,0.7174510448717056,0.6205767332295992,-0.3164625039188318,5470.988206378355,True,wing_L,high
-0.0098276906862791,0.0020039428291324,-0.0054461336003942,0.0009106914678759,0.0008987478849757,0.4302058558420915,0.4302058558420915,0.4302058558420915,False,0.6463818249215227,3.3523043596681655e-05,4.124765621883162e-05,2.7135648266849263e-05,1.5200542037251616,0.1872739770029234,0.1548547460720017,0.6578712769250749,-0.6680124058531506,0.5797896931322203,0.4664797287813604,4964.17017768917,True,body,high
-0.0086676448049994,0.0025789817928277,-0.0053513101702801,0.000995192179894,0.0001870973772819,0.2500065668262378,0.2500065331979181,0.2500065668262378,False,0.310170145521038,0.0001247752423564,5.138295741168404e-05,0.0001374259224797,2.6745428718455844,0.0920545403302665,0.5340497893004849,0.3738956703692486,0.7709146782710178,0.6348304904332287,-0.0517765124607611,5690.964279351108,True,body,high
-0.0094801749712223,0.0019149236361633,-0.0042646372269305,0.0009109484157979,0.0009078886942985,0.3426745301151013,0.3426745637434211,0.3426745301151013,False,0.2192549290020301,3.32288745361332e-05,3.495118967914653e-05,8.593979133477274e-05,2.5862985892381487,0.5933060909701712,0.0200409509525589,0.3866529580772698,-0.9152723284918464,-0.2373269863314481,-0.3255034043692109,2911.7980718438066,False,body,high
-0.0078785178116279,0.0037024194212743,-0.0055877347647427,0.0023733773146763,0.0006135036641484,0.5718303851554909,0.5718303851554909,0.5718303851554909,False,0.1606237350474612,9.910319252146272e-05,0.0001007763681736,4.1981284660114914e-05,2.400507011387614,0.0166028572226287,0.5668184803297455,0.4165786624476258,-0.6857345057183288,-0.6505773076685801,0.3263699655512754,13300.58392026073,True,wing_L,high
-0.0088674848023163,0.0016349524795873,-0.0041715353049498,0.0009015753633996,0.0008800230378553,0.3275593570411487,0.3275593570411487,0.3275593906694685,False,0.2687388952374034,2.73483975494612e-05,6.8562800095118e-05,6.973162828482011e-05,2.549751887974655,0.0167618083565753,0.5910431687801097,0.3921950228633148,0.2077367239855281,-0.958692888951574,-0.1943023370457627,2935.2777827615605,False,body,high
-0.0083648118403552,0.0028600219987207,-0.0056783645489165,0.0014795573372751,0.000517394880215,0.5360879874950525,0.5360880463446119,0.5360880463446119,False,0.1378418080795766,7.941319966746707e-05,8.191552851846524e-05,3.276332014483804e-05,2.500220617334818,0.0305476738813215,0.5694876217775157,0.3999647043411627,-0.7565817641428376,-0.6417661429456787,0.1253804288361558,10927.359233505258,True,wing_L,high
-0.0078117640152273,0.003678532304113,-0.005699148369772,0.002415256269285,0.000707527843798,0.5575533475079136,0.5575533475079136,0.5575533475079136,False,0.3675751682000571,3.633634756599127e-05,9.864022255363283e-05,4.1472565783602e-05,2.714643302398241,0.5795572565638479,0.0520702213016404,0.3683725221345117,0.6955513259724231,0.6486363116514371,-0.3089972299960368,6875.108915792255,True,wing_L,high
-0.0092515701933557,-0.0002758085988126,-0.0045510643871835,0.0020620982024903,0.0003662560665196,0.2733934322133594,0.2733934322133594,0.2733934322133594,False,0.5467654744224989,8.597077725960078e-05,8.801438370476483e-05,3.62445638162286e-05,2.428347162653842,0.0232190053391628,0.5649782609416846,0.4118027337191526,-0.9995851097075,0.0080949357495116,0.0276420054673314,3952.636495076861,True,wing_R,high
-0.0083223167176032,0.0030927669217384,-0.005430159996683,0.001607948549464,0.0003509105552458,0.5214654798137502,0.5214654798137502,0.5214654798137502,False,0.1724305659084605,6.0537973007386766e-05,6.700859691967217e-05,2.6627095005118208e-05,2.516556797006655,0.0965640859491833,0.5060675728357642,0.3973683412150525,0.7579691603009931,0.6165892906477577,-0.2128389031429696,6982.566529201832,True,wing_L,high
-0.0092445724013294,0.0005460770247338,-0.0048072895699763,0.0012088692666775,0.0001370247234014,0.2469790428307656,0.2469790428307656,0.2469790428307656,False,0.4089515721371597,0.0001179256841617,4.387717684608198e-05,0.0001156930006276,2.687631535077561,0.0189329707938621,0.6089922165138014,0.3720748126923363,-0.9998325202678088,-0.0079674267202389,0.0164757860625711,4893.433260945218,True,wing_R,high
-0.0095006673086457,0.0016097117324357,-0.0039548868454518,0.001183571419436,0.0011032945186847,0.3557238314382642,0.3557237978099444,0.3557237809957846,False,0.1957097597053781,3.942449283057298e-05,3.886787152489911e-05,9.748577622361824e-05,2.508132614392532,0.5955872296678553,0.0057097694375132,0.3987030008946314,-0.8311304896663053,0.5556121944942818,-0.0227419980717602,1991.492069482327,False,body,high
-0.0078595731451365,0.0037122129921027,-0.0056093547051188,0.0023960076884403,0.000632029277685,0.4675418743525052,0.4675418743525052,0.4675418743525052,False,0.0848770950712192,0.000118035555136,9.431994393604744e-05,4.060131648719708e-05,2.9071854153605616,0.2009192160162388,0.4551054755234386,0.3439753084603225,0.6942788322095143,0.6393532605584734,-0.3304607561557673,13540.960016952467,True,wing_L,high
-0.0099873277945384,0.0017452814184011,-0.0049296969874797,0.0009347563750236,0.0009035418009877,0.5510386802537471,0.5510386802537471,0.5510386802537471,False,0.0631805906267233,3.0919299319040446e-05,3.611431361629971e-05,2.9017337885266163e-05,1.2445770786794714,0.1438491771560228,0.0526650306574249,0.8034857921865523,-0.9070056296691992,-0.4117961930372549,0.0881174395247803,2766.371123597752,True,body,high
-0.0091575282517769,-0.0006382602986386,-0.0048530305928676,0.002364620108885,0.0005948279213978,0.3993241249377989,0.3993241249377989,0.3993241249377989,False,0.1427229436340056,6.135417798081647e-05,4.9034168935308496e-05,2.526054188434444e-05,2.4288543872782693,0.2008014686360895,0.3874817955901443,0.4117167357737662,0.9457312888978378,-0.2096463410456251,-0.2482755342070899,12615.957909872364,True,wing_R,high
-0.0093886947025247,0.0019113289010002,-0.0038554560020007,0.001252543113144,0.0012454394784231,0.1956182411060243,0.195618274734344,0.1956182411060243,False,0.2806864805051632,2.340707472541196e-05,2.313682312953059e-05,5.94794967663235e-05,2.570771986859643,0.6064681781459735,0.0045436093204201,0.3889882125336062,-0.3766392934955962,0.8205044798931014,0.4300177218097987,1854.7089045587795,False,body,high
-0.0088142706282801,0.0023831697866238,-0.0053465557652937,0.0007709103288334,0.0001657875359997,0.2060907388028328,0.2060907388028328,0.2060907388028328,False,0.899938467603451,3.905644399331695e-05,0.0001036577881574,0.0001071097155217,2.742433887224825,0.0322279575435235,0.6031324408754375,0.3646396015810389,0.7328268477180176,0.659786617055565,0.1662721600811352,5879.965261071174,True,body,high
-0.0080034093921364,0.0033841265191887,-0.0057222915643653,0.0020864941063679,0.0006425116339081,0.4548611646346404,0.4548611646346404,0.4548611646346404,False,0.0895470445420063,5.1793565088551503e-05,0.0001210284985994,0.0001345503195383,2.597819233110344,0.1004963866702815,0.5145653592531598,0.3849382540765586,0.7375317813013094,0.6123799315337808,-0.2846711980956269,5202.066517589542,True,wing_L,high
-0.0091652688636626,-0.0006403762043317,-0.0048026148819147,0.002371750558311,0.0005693899551986,0.4368213155775188,0.4368213155775188,0.4368213155775188,False,0.2074340785314297,8.5329410876952e-05,2.9263895127955385e-05,5.268430599480488e-05,2.915859645609447,0.3825774085001303,0.2744705562379019,0.3429520352619678,-0.9505454212363236,0.2011651932985068,0.2366346702658648,20768.807280738503,True,wing_R,high
-0.0086646604749177,0.0023227186272851,-0.0036847657097216,0.0015440517328909,0.0014877661363248,0.3142761707543796,0.3142761707543796,0.3142761371260599,False,0.3160680615027907,2.8935568639826967e-05,7.513071148856286e-05,3.1483096517802014e-05,2.596482979952667,0.5809556984882982,0.0339079429370618,0.3851363585746399,-0.346127074033427,0.9381501083527664,-0.0083918304768089,1460.169906593822,False,body,high
-0.008128527900109,0.0035569119268382,-0.005258700747831,0.0020738605393776,0.0004446777309444,0.5375943176341319,0.5375943764836915,0.5375943176341319,False,0.1453640198997593,2.894544937534264e-05,2.78618774324247e-05,6.588019670859016e-05,2.3645282651312303,0.5606350493551514,0.0164476124397583,0.4229173382050903,-0.760630048896759,-0.5955220101229499,0.2584481846994391,3850.2517056415136,True,wing_L,high
-0.0081679987241902,0.0033001972393477,-0.0054965643329946,0.0018725270707049,0.0004456758079593,0.4714948539100285,0.471494795060469,0.4714948539100285,False,0.1927987295179469,0.0001000703936865,3.378442152278382e-05,3.662779873536732e-05,2.96202773870407,0.6339796678516723,0.0284137706252021,0.3376065615231255,-0.6884805289412124,-0.6322717528662871,0.3552843815821643,5470.311876269662,True,wing_L,high
-0.0095261916642922,0.0019685070069196,-0.0043245910943191,0.000896845374748,0.0008965118999162,0.384204420447765,0.384204420447765,0.3842043952265251,False,0.1038640971005348,3.0730952487515976e-05,3.262018545803366e-05,7.60142987133143e-05,2.4735419035317587,0.570867770798495,0.0248536525692734,0.4042785766322315,-0.8535137833562187,-0.3416140679880562,-0.393464166314552,2893.258159039317,False,body,high
-0.0092063238415583,-8.66220754833306e-05,-0.0048612052864769,0.0018184439994655,0.0003790167802905,0.3082144979844515,0.3082145147986114,0.3082145147986114,False,0.1369521346566863,2.621430516024102e-05,4.893559899827599e-05,6.331801007130362e-05,2.415399137389208,0.2271456581915844,0.3588440921066231,0.4140102497017924,0.9816436014279836,-0.1590011170729698,-0.1053303590853371,6603.364564056013,True,wing_R,high
-0.0092226683182952,0.0006157550605573,-0.0047872357068812,0.0011426455284722,0.0001454686060499,0.3848359602919814,0.3848359602919814,0.3848359602919814,False,0.0941128799742338,7.272188457592623e-05,3.3470238710473924e-05,7.673449873548829e-05,2.29261880679314,0.0522921792112561,0.5115254092003229,0.4361824115884209,-0.9986745806824512,0.0394813100602967,0.0330198130620503,5091.93541254884,True,wing_R,high
-0.0091858039628575,0.0001624307159204,-0.0049021358344558,0.001565733303044,0.0003335110154404,0.3696896221727346,0.3696896221727346,0.3696896221727346,False,0.1485903294442016,7.138928292756896e-05,9.435656089872048e-05,3.6190681712221725e-05,2.6072059556384626,0.2434094434175478,0.3730381955434808,0.3835523610389714,0.9827567128635374,-0.1139992527287792,-0.1455795785779552,6321.361869950302,True,wing_R,high
-0.0092023853485319,0.0006909533400619,-0.005021390819638,0.0010354357672652,0.0002210480225764,0.3006849658731961,0.3006849658731961,0.3006849658731961,False,0.1357025624468124,3.667676976139979e-05,9.25165834950989e-05,9.971310569997492e-05,2.7186992297483425,0.0721722802068717,0.560004759070634,0.3678229607224942,-0.9782306943053494,0.1040366531092742,0.1795580227355367,12824.538673271203,True,wing_R,high
-0.0092009357971132,-9.81859330750011e-05,-0.0047671226535415,0.0018414959621212,0.0003585720453177,0.3281522747601745,0.3281522747601745,0.3281522747601745,False,0.1266314200442616,7.196024405336563e-05,2.9772311575114896e-05,6.501804116928348e-05,2.4170190437451087,0.0964727534683431,0.4897944699580284,0.4137327765736284,0.9178569414328536,-0.3804797624692988,-0.1130211724184134,7021.542335186552,True,wing_R,high
-0.0083195403296084,0.0028903057509406,-0.0057331084689319,0.0015479975423696,0.0005748890411107,0.547872481474857,0.5478724226252976,0.5478724226252976,False,0.1084006083617716,6.006325396612565e-05,5.744507214346817e-05,2.4590013777006144e-05,2.4425872433747946,0.0435904092730986,0.5470076327365072,0.409401957990394,-0.797459276772212,-0.5879828952460403,0.1354061179859479,8349.56119562815,True,wing_L,high
-0.0091946239933139,0.0007765177425169,-0.0050552823521508,0.000949295192754,0.0002256329260728,0.2753779402446027,0.2753779402446027,0.2753779402446027,False,0.1357053588200771,3.223993356074116e-05,4.528367580499888e-05,8.408753614513859e-05,2.608179572911177,0.4614698220335845,0.1551209946470982,0.3834091833193172,-0.9796718773892512,0.1549125093875033,0.1274563732729235,17013.200054201865,True,body,high
-0.0081983733317597,0.0033215295936071,-0.0054169211791883,0.0018590450391578,0.0004002457806702,0.4854350986812517,0.4854350986812517,0.4854350986812517,False,0.1456242873299839,0.000105190097092,3.691334911866625e-05,9.076107459549884e-05,2.8496492353986977,0.137170920984056,0.5119086964025769,0.3509203826133671,-0.7304723978025338,-0.6099781853881467,0.3071427834073278,6503.478254231826,True,wing_L,high
-0.0082587791331041,0.0018263612898675,-0.0046914178834275,0.0008845794095952,0.000849708663888,0.275926804864804,0.275926804864804,0.275926804864804,False,0.1011876968664198,2.9473198240403545e-05,6.197559918743388e-05,4.05198144475885e-05,2.1027782150385765,0.3461972941149996,0.1782413780910207,0.4755613277939796,-0.9846592171146832,0.1146772130597646,-0.1315118358017444,5447.678063326152,True,body,high
-0.0084965124582103,0.0027245977149606,-0.005604401227055,0.0012821889949416,0.0004265543565081,0.3408871344798577,0.340887100851538,0.340887100851538,False,0.3085931737739947,8.23929823448528e-05,2.745349863714033e-05,7.822086762817795e-05,3.0011833258070744,0.0506367726709127,0.6161613227999524,0.3332019045291348,0.8241388013765553,0.5628797905818274,-0.0629410630683412,7777.927197745821,True,body,high
-0.0091521356830552,0.0004962975304291,-0.0051086553365623,0.001224892496072,0.0003771282145493,0.3401655043671292,0.3401655548096087,0.3401655548096087,False,0.1089944710323572,8.45512782062306e-05,8.340682887471383e-05,3.539736313464785e-05,2.3886321103808337,0.0135355651126329,0.5678147836271049,0.4186496512602621,-0.9569516066274066,-0.1219866468836511,0.2633683362807852,8692.671395784591,True,wing_R,high
-0.0092383059039084,0.0008255665588935,-0.0051561378914133,0.0009146319281775,0.0002892488740806,0.3387941414892192,0.3387941414892192,0.3387940910467396,False,0.1263559452041416,3.8358084629418654e-05,3.508862056124239e-05,1.6348814896285647e-05,2.3462302847488585,0.0852353317367874,0.4885490463354441,0.4262156219277684,0.9170531027055576,-0.317460978051106,-0.2413133527862583,8937.110211814823,True,body,high
-0.0080203983393146,0.0034685792331564,-0.0055923200472018,0.002109120984256,0.0005532749210609,0.4180223366276483,0.4180223114064085,0.4180223114064085,False,0.1202941468236766,2.80452078000102e-05,7.118899447497483e-05,6.871833476158805e-05,2.5383657337332672,0.034705641393141,0.5713400963385673,0.3939542622682916,0.6862750707799397,0.630661504462146,-0.3623431992124751,5167.638343531257,True,wing_L,high
-0.0091936232511439,0.0007705330356544,-0.0050890251945188,0.0009559182958494,0.0002562056445812,0.3010914145594114,0.3010914145594114,0.3010914145594114,False,0.1845958202373821,2.6216305229300928e-05,2.5490926070219107e-05,6.710151434315164e-05,2.632368638091416,0.6093038214423464,0.0108101756895126,0.379886002868141,0.1360351052741983,0.9430533203062116,0.303553759970895,16975.55804901609,True,body,high
-0.0091698349854401,-0.0003125342958576,-0.00485779373193,0.002040675167008,0.0004814646537013,0.3294097553333752,0.3294097553333752,0.329409788961695,False,0.186568102754385,2.821674415317353e-05,7.545627698976876e-05,5.063808131943908e-05,2.674166678485556,0.3289082984268469,0.2971434327366257,0.3739482688365274,0.9477429259836432,-0.2464149599262489,-0.2026401089925387,6638.00754431561,True,wing_R,high
-0.0092247166983558,0.0007962628148216,-0.0045935123485699,0.0010393790838354,0.0002804232184477,0.4217413429472261,0.4217413681684659,0.4217413681684659,False,0.1269048457699241,3.5439247264486146e-05,8.251156030556167e-05,8.350782998299697e-05,2.3563657929800503,0.0119302546556191,0.5636874177027461,0.4243823276416347,-0.9739565783344644,-0.1563354634249278,0.1642187760115578,5867.559034784243,True,wing_R,high
-0.0093115978574085,0.0010824128644873,-0.0050967021500478,0.000683460968242,0.0001925956391522,0.1626950736287537,0.1626950736287537,0.1626950736287537,False,0.9207115801191316,3.830811082001612e-05,9.380427822245291e-05,0.0001122597600643,2.9304436491745265,0.164399797677739,0.4943549440209492,0.3412452583013117,-0.9652874076645556,0.2539766896348916,-0.0609595089083238,3321.6378999450185,False,body,high
-0.0101173010493221,0.0021104254478255,-0.0051697364284531,0.00113432568993,0.0011281877128641,0.1946511915160278,0.1946511915160278,0.1946511915160278,False,0.2630816137104625,0.0001574064051366,6.65780563279444e-05,0.000167300294394,2.512844375779448,0.0591385047659449,0.542906090737581,0.397955404496474,-0.2457475289510671,0.7780294809940795,0.5781680367492893,3901.690554477824,True,body,high
-0.0092039854456076,0.0002453903290721,-0.0049164799998395,0.0014837393093523,0.000298491126339,0.3614035873812078,0.3614035873812078,0.3614035873812078,False,0.1355978732371573,7.226200869490375e-05,2.9982219976215e-05,7.06964589069432e-05,2.4101620477813004,0.0216649082448071,0.563425230851624,0.4149098609035688,-0.9327565753620702,0.2901593357671065,0.2139456262371687,6747.4518265808565,True,wing_R,high
-0.0100332115579289,0.0021831409010383,-0.0054783216817289,0.0011613589627623,0.001129894960125,0.2042835192731182,0.2042835192731182,0.2042835192731182,False,0.2848121628905875,6.127687398509995e-05,0.0001385550267759,8.51149283912249e-05,2.2611307947864168,0.3856958468287407,0.1720475608919707,0.4422565922792885,-0.5335324356270201,-0.7938058597938468,-0.2919167639770813,4000.8361196762207,True,body,high
-0.0084111854665224,0.0029192038283749,-0.0054920057067521,0.0014371944367214,0.0003506841940174,0.4127402944148745,0.4127402944148745,0.4127402944148745,False,0.2709670122402805,7.590824318409749e-05,2.7523125366764578e-05,7.631261081355773e-05,2.7726724271549723,0.0052988310208409,0.6340382972290707,0.3606628717500884,0.7779495172878657,0.6043056682352247,-0.1720732631478678,6432.260054580584,True,wing_L,high
-0.0081597407810177,0.0017088623049715,-0.0044446520255546,0.0010844971975352,0.0010785810046069,0.1855850974062706,0.1855850974062706,0.1855850974062706,False,0.2150909670530933,0.0001165903846152,4.903964046798152e-05,7.332853487452451e-05,2.3774722551509635,0.3710584700741969,0.2083267371207857,0.4206147928050174,-0.5838244307198028,0.7916576224426102,0.180075658885958,4721.498009157481,True,body,high
-0.0091972192374558,0.0007037364564009,-0.0050056664846364,0.0010226123418594,0.0002083045099725,0.2861344627297101,0.2861344963580298,0.2861344627297101,False,0.122049030400279,0.0001221651090068,8.107661855869925e-05,5.1473986787997086e-05,2.3733368373043624,0.3363357245141176,0.2423165829536245,0.4213476925322579,-0.9886799968639224,0.0576852318319287,0.1385073204911964,12775.44149463658,True,wing_R,high
-0.0091471630382491,0.0004543817107471,-0.005105214154996,0.0012661371272323,0.0003906598322376,0.3986799492524501,0.3986799492524501,0.3986799492524501,False,0.214434349757018,8.4682329901401e-05,8.572074981617729e-05,3.464805690740032e-05,2.474042052207221,0.0121139854353014,0.5836891662904956,0.4041968482742029,-0.9533982162996272,-0.1318746033354653,0.2713686241108259,10060.02579988367,True,wing_R,high
-0.0081558968753816,0.0016962753625195,-0.004340199031138,0.001149113363189,0.00114618392441,0.2201925897188633,0.2201925897188633,0.2201925897188633,False,0.1306080680063162,9.392463262979214e-05,8.657938754444937e-05,4.161670338450935e-05,2.256897471238747,0.0782036072932471,0.4787102477915705,0.4430861449151823,-0.3838138615424423,0.9220377515817272,-0.0503319416076093,3665.483950866421,True,body,high
-0.0091796421845046,-0.0002645407441389,-0.0048103382051825,0.0019986251139412,0.0004404639179536,0.2727788746705981,0.2727788746705981,0.2727788410422784,False,0.221310687007573,6.791858394536543e-05,2.912918613880824e-05,2.850460125485828e-05,2.3827235237605544,0.5711161151086407,0.0091960822453598,0.4196878026459995,-0.95076310340364,0.1754979362190658,0.2554407868550521,6623.556412355481,True,wing_R,high
-0.0092886369104778,-8.954145721407953e-05,-0.0044559148585476,0.0019141722753308,0.0003523048519012,0.2254413483022009,0.2254412810455615,0.2254413146738813,False,0.2008486662609722,2.8266570825539347e-05,2.771170485349141e-05,6.327249632804022e-05,2.283240842184002,0.5532565891032726,0.0087694654747174,0.4379739454220099,-0.0118776273705258,0.5931529928416195,0.8050021422648991,3685.137659555123,True,wing_R,high
-0.00928206672704,-6.884254742823155e-06,-0.0044706793008749,0.0018308817882141,0.0003414294463688,0.2342968618739132,0.2342969291305526,0.2342968618739132,False,0.1738352072614658,2.759377076379213e-05,2.527702504558136e-05,7.37538283032174e-05,2.917820755022364,0.6258665970483813,0.0314118706989168,0.3427215322527018,0.1289719034145222,0.4682296465578921,0.8741437217150887,3960.0734498658408,True,wing_R,high
-0.00924295603621,0.0005251038240811,-0.0045099011216517,0.0013199087056709,0.0003295619045749,0.3096324528993244,0.3096324024568448,0.3096324192710047,False,0.1215448979374944,8.088131015798456e-05,3.232986899283759e-05,7.425689932709335e-05,2.5017518684008007,0.0819028625766795,0.5183772400862469,0.3997198973370735,-0.9698811302057972,-0.1909626835711675,0.1512079586332142,7193.215486624767,True,wing_R,high
-0.0092006379921386,0.0002403502940082,-0.0048960574202596,0.0014903663794782,0.0002931840288253,0.3526570631936865,0.3526570631936865,0.3526570631936865,False,0.1381308992761458,8.138028291497865e-05,3.497996708053518e-05,8.06401624705252e-05,2.3264825472138084,0.0090945916866211,0.5610719667525994,0.4298334415607795,0.973140169428936,-0.1474525389259255,-0.1767935502446852,6649.970526431264,True,wing_R,high
-0.0093661871063507,0.0011644482241677,-0.0052628128984717,0.00066623267808,0.0003602798942138,0.2404237567699252,0.2404237567699252,0.2404237567699252,False,0.2809798250351187,3.641200450390648e-05,4.1093155870110426e-05,8.457361688061692e-05,2.3226850054778883,0.5141137699228706,0.0553500197681246,0.4305362103090047,-0.8724318204374697,0.4601613775158141,-0.1646639770287084,2835.1741423298777,False,body,high
-0.0100238780308997,0.0021478917704374,-0.0052983317771838,0.0010847382179629,0.0010656188935249,0.1299830919992829,0.1299830919992829,0.1299830583709632,False,0.6701629237841551,6.000863295047347e-05,0.0001755698117108,0.0001488539673942,2.92574256533588,0.1521665032062262,0.5060399255315672,0.3417935712622065,0.0078168747280334,-0.5422271119382753,-0.8401956055280007,4888.208821879836,True,body,high
-0.008501315499597,0.0028085650943289,-0.0053637733088495,0.0012670159838615,0.0002572896433681,0.3740363178939216,0.3740363178939216,0.3740363178939216,False,0.3990324459491355,7.335364459566797e-05,2.759021840395967e-05,6.966037535947575e-05,2.658682998505748,0.0503488171112676,0.5735251082261918,0.3761260746625405,0.8074588552526234,0.5801820372650605,-0.1067661028093047,5631.97979082392,True,body,high
-0.0092108710877343,0.000278906402762,-0.0049123598875556,0.0014515974465932,0.0002799798685026,0.3582677633820987,0.3582677297537791,0.3582677970104184,False,0.1066649649671342,0.0001016446251613,9.251887752146712e-05,4.149104036409523e-05,2.449796974706018,0.0897809168503606,0.5020219915845301,0.4081970915651092,-0.9604557169190662,0.0880717828621199,0.2641366633032415,6683.489046330377,True,wing_R,high
-0.0090141241008305,0.0015319190290643,-0.005291504096132,0.0003086040111208,0.00028641875001,0.3978657151543109,0.3978656899330712,0.3978656899330712,False,0.4194862846644658,0.0001010228493245,0.0001722929866443,7.135334461420419e-05,2.414644857587126,0.413656636337099,0.1722037866324027,0.4141395770304982,0.64459554367077,-0.7529764753931449,0.1323745163704142,4414.684302418035,True,body,high
-0.0092381572083181,0.0004912090425136,-0.0045239192978726,0.001344406257794,0.0003184077726052,0.3038865164231849,0.3038865332373447,0.3038865164231849,False,0.1780967591541974,7.811255291198287e-05,8.056252637016571e-05,3.366298010445804e-05,2.3932083885673774,0.0304108320402688,0.5517400559571528,0.4178491120025783,-0.9667000922114636,-0.1996564071874473,0.1600882593676004,8233.455541184627,True,wing_R,high
-0.0085470277314187,0.0026560507676452,-0.0055789073722441,0.0011951305258124,0.0004001890953544,0.3562367978271715,0.3562368482696511,0.3562368482696511,False,0.1135555900945183,3.416639849881796e-05,8.03653906298965e-05,7.586062436029874e-05,2.3521762363298806,0.0560535602986537,0.5188082274556907,0.4251382122456555,0.7960422145611867,0.5997807865477954,-0.0811159708357703,6363.905686669352,True,body,high
-0.0091451490161639,0.0004529797836381,-0.0051076404984776,0.0012675094479748,0.0003940941142565,0.3802553459788683,0.3802553459788683,0.3802553459788683,False,0.2431065772305788,8.522645043622421e-05,8.022892984393167e-05,3.3178020114536305e-05,2.5687623957670667,0.0586381407029526,0.5520693339751845,0.3892925253218628,-0.9524533445543588,-0.1428375660196111,0.2691283266042601,10014.714259924269,True,wing_R,high
-0.0099563613544745,0.0019570423070757,-0.0053410763287545,0.0009726299917507,0.000971422298712,0.1531296998562126,0.1531296998562126,0.1531296998562126,False,0.6802571094038827,0.0002059916945593,7.560134513811372e-05,0.0001500937836581,2.7247093842454344,0.2713600226493367,0.3616283592375138,0.3670116181131495,0.0148830609120037,0.6766944821248343,0.7361134914941392,6421.806858821527,True,body,high
-0.00920300089815,0.0007719905325946,-0.0050564249824914,0.0009549992079495,0.000224019023671,0.290659607129456,0.290659607129456,0.290659607129456,False,0.157625719273944,3.028831890957209e-05,4.67594239050584e-05,8.178602868881272e-05,2.700249853185668,0.4282712505460668,0.2013926493259275,0.3703361001280056,-0.9929583989450224,0.0954637016467337,0.0701448475117161,17646.938525561673,True,body,high
-0.0100734326136958,0.002066387994057,-0.0051199451398218,0.001074025389482,0.0010711802278839,0.1806423060898448,0.1806423060898448,0.1806423060898448,False,0.2567459474785424,0.0001637157917103,6.569887305112854e-05,0.0001819202259769,2.7690007077497127,0.1000682258877594,0.5387906602074083,0.3611411139048322,-0.3241231801871914,0.837984467391923,0.4390059184967972,3807.005648446939,True,body,high
-0.0083366968252389,0.0017712625776826,-0.0047375878120054,0.0007897286916901,0.0007684037686327,0.3160330486894833,0.3160330486894833,0.3160330486894833,False,0.1332987847617828,5.55372459899916e-05,0.0001183877967553,6.617804561368198e-05,2.1316828849715974,0.4410061895952405,0.0898808822811544,0.469112928123605,0.9396212313168316,-0.2665027772084293,0.214681651285887,5577.160440152286,True,body,high
-0.0091320937103516,-0.0004218033207304,-0.0050143281853094,0.002139548859352,0.0006255359310108,0.3927539331242457,0.3927539331242457,0.3927539331242457,False,0.1038043294048264,7.21288510393966e-05,7.421788946670034e-05,3.014124712076328e-05,2.462336384733536,0.0281473704293495,0.56573427539289,0.4061183541777604,-0.8794365554390551,-0.2252464391474803,0.4193511495261106,6231.141202992917,True,wing_R,high
-0.0100079352073995,0.002189805723136,-0.0052223732090523,0.0010732840246031,0.0010479421656619,0.1635423055156116,0.1635422718872919,0.1635423055156116,False,0.3540710581613938,0.000193927242106,7.522943866570972e-05,0.0001556987268238,2.577810569180987,0.1971281335568872,0.4149457666918357,0.3879260997512771,0.0899464918083753,0.6612417630149353,0.7447610082813587,4073.241365747173,True,body,high
-0.0091474169735042,0.0003759756486426,-0.0050931143066625,0.0013438554983347,0.0004065861184184,0.3611276502038,0.3611276502038,0.3611276165754803,False,0.1474001924451234,3.062229763906044e-05,4.182104499586076e-05,8.213479387445635e-05,2.6821891303704417,0.490824253363507,0.1363459604454318,0.3728297861910611,0.9467382212908574,0.1823684103968355,-0.2653836905997711,9634.462916929308,True,wing_R,high
-0.0087930807871007,0.0024456284783749,-0.005020098615921,0.0007773786367961,0.0001883503501695,0.431109667376867,0.431109667376867,0.4311097304299665,False,0.1599239324082903,6.62482637200368e-05,2.673462479917052e-05,4.0782855319031865e-05,2.477994893053156,0.3843935972212192,0.2120543200834478,0.403552082695333,-0.7296957555927797,-0.6832130402860574,0.0276413793607414,6695.328489528139,True,wing_L,high
-0.0092451564273236,0.0005024017601602,-0.0045087978908325,0.0013411768892898,0.0003283930329109,0.3057275492283713,0.3057275156000515,0.3057275156000515,False,0.1205514048093672,8.059326439751201e-05,3.2155921072225245e-05,7.556530420105363e-05,2.5063273484373814,0.062386853715949,0.5386229662409414,0.3989901800431095,0.9717307645767704,0.1698605533309527,-0.1639716853519163,8084.683851873428,True,wing_R,high
-0.0084231186895808,0.0027911518273562,-0.0056380908085456,0.0013818237849113,0.0004742196517525,0.4229737872364003,0.4229737283868408,0.4229737283868408,False,0.189004185125862,6.461014818000334e-05,2.653472141271143e-05,6.037952902935371e-05,2.434928453744833,0.0654791742446272,0.5238311406182034,0.4106896851371694,0.7635375008596244,0.6334984469318339,-0.1252605385426452,9919.552315590943,True,wing_L,high
-0.0087426005299139,0.0016785393361379,-0.0046431473536992,0.0005165207466906,0.000515619726904,0.1164869375637692,0.1164869375637692,0.1164869375637692,False,0.9501381614607288,0.00015674093241,7.386215662659356e-05,6.866252169545753e-05,2.2827727345239213,0.5287628094914999,0.0331734337111976,0.4380637567973024,-0.5462653142293106,-0.3914999352287774,-0.7404876819946535,6213.657361230854,True,body,high
-0.0084946846735598,0.0014994035690963,-0.0046873550029517,0.0007054504526208,0.0006941132724002,0.1952955101217354,0.1952955101217354,0.1952955101217354,False,0.5810223725106745,9.74419044090311e-05,0.0002050015235004,8.063162652817952e-05,2.5424455927204863,0.5246771694903274,0.0820007461106225,0.39332208439905,0.7317550921566809,-0.6776703272362494,-0.0727833269800295,3880.8485391126055,True,body,high
-0.0086798448244537,0.0016558988469709,-0.0043484494733595,0.0007991121010898,0.0007937426764094,0.1641491621731585,0.1641491621731585,0.1641491621731585,False,0.7037813986388871,3.579003254593122e-05,3.728057411440034e-05,8.41016511434283e-05,2.349862382368506,0.5567200690171772,0.0177230951854574,0.4255568357973653,-0.0744313545200483,0.7286790624565891,0.680798646739032,4506.774793436946,True,body,high
-0.0091456483114367,0.0004916688526217,-0.0051171670303124,0.0012294832383914,0.0003887428167271,0.3499286799162242,0.3499287471728637,0.3499287471728637,False,0.1273135329992407,7.115234271087686e-05,7.7705020486434e-05,3.163771141545343e-05,2.456088541489098,0.0843275985842012,0.5085209558927022,0.4071514455230965,-0.9491947694336038,-0.1618088189667463,0.2699021967018317,8744.814217878886,True,wing_R,high
-0.0092109278549243,0.0004282974319165,-0.0049120233786651,0.001303879025451,0.0002310971100717,0.3400823247183183,0.340082358346638,0.3400823247183183,False,0.1139495103433193,9.002745968242994e-05,3.717824953579474e-05,8.528840699237397e-05,2.421508833968976,0.052640080113033,0.5343942573331164,0.4129656625538505,-0.9953643156575605,0.0477763457704323,0.0834703534219216,5496.175612335792,True,wing_R,high
-0.0093514215108794,0.0016545024304468,-0.0050043254541372,0.0003005671086388,0.0002641080905439,0.1421760145326259,0.1421760145326259,0.1421760145326259,False,0.6795420861246483,0.0002371143204157,0.0001382948306107,0.0003396970672316,2.4563251260476022,0.3019830216726692,0.2909047481930938,0.407112230134237,-0.3820536535700976,0.8721793686903243,0.3055129369186961,7693.254804494962,True,body,high
-0.009101827669437,0.0022322614404324,-0.0054070846601887,0.0006297430246235,0.0003132808535473,0.1729609589292435,0.1729609253009237,0.1729609589292435,False,0.5568287690228987,0.0001183017392052,4.4016824599982894e-05,6.880889809754345e-05,2.6876481954427835,0.4183610607942711,0.2095664329544959,0.3720725062512329,0.1337763031299928,0.6669981575108688,0.7329511297473923,5967.314475803528,True,body,high
-0.0100029784219825,0.0017365222002129,-0.0053826514844459,0.0010001017867015,0.0009865357465915,0.1410414286538175,0.1410413950254978,0.1410413950254978,False,0.2854024187721114,5.5353129658321226e-05,0.0001324358894754,0.0001502410043352,2.714227818058941,0.1185103556686681,0.5130607330415117,0.3684289112898202,-0.155511956157577,-0.9044972107622672,-0.3971156345641944,6018.616755864609,True,body,high
-0.0089288630437873,0.0022727329285842,-0.0053859855294707,0.0006640354563396,0.00022157167482,0.1719276615494117,0.1719276615494117,0.1719276615494117,False,0.935004543210475,9.228993224608466e-05,4.3298591364029785e-05,3.4589884098111727e-05,2.6681191525334658,0.530841660512036,0.0943624841190358,0.3747958553689282,-0.4045700771590745,-0.5807451389407474,-0.7064404690164572,6444.147506588039,True,body,high
-0.0098472398499382,0.0017918094293282,-0.005038063597951,0.0007903298413426,0.0007782421265996,0.1638404878265098,0.1638404878265098,0.1638404541981901,False,0.1616120870011274,0.000123379679093,0.0001157580604787,0.000311149136429,2.687926310635859,0.6034709255214217,0.0244950659408075,0.3720340085377708,-0.4179069966447838,0.8735434438692634,0.2495507840668181,3905.646672601477,True,body,high
-0.0087159782512517,0.0016438081487806,-0.0044423265847427,0.0007009752164541,0.000694476830702,0.1322955770326904,0.1322955770326904,0.1322955770326904,False,0.3496193768639424,0.0001201463862371,6.260719523883576e-05,6.451760411144502e-05,1.9190507701044408,0.4630083672754966,0.0159006769362013,0.521090955788302,0.4449551830746855,0.3448401566923211,0.8264987304209175,5084.567423894191,True,body,high
-0.009234618574812,0.0002833458019308,-0.0044794787033319,0.0015515407160625,0.0003554249417306,0.2505766509161782,0.2505766172878585,0.2505766004736987,False,0.1947559833613101,2.6031148668487303e-05,2.946653743694435e-05,6.37027989331171e-05,2.4471758716600243,0.5374373193887151,0.0539283803222513,0.4086343002890336,0.9526885450223412,0.2903970860105513,-0.0897444628921197,10357.372092087666,True,wing_R,high
-0.0091721037308121,-0.0006296807285728,-0.0048159018414264,0.0023600902600709,0.0005648259755044,0.4075433066297355,0.4075433318509753,0.4075433066297355,False,0.1351227660231266,7.651541926905014e-05,2.887974246766278e-05,5.858254399252767e-05,2.649449500968576,0.2343694309961936,0.3881936714013332,0.3774368976024732,-0.9532654204823628,0.1552620018723923,0.2591886357214776,20378.4414748277,True,wing_R,high
-0.009197270461202,0.0007502773638282,-0.0050809966197328,0.0009761658037386,0.0002537692759392,0.3360117511302973,0.3360117511302973,0.3360117679444572,False,0.1282742330541942,7.492292708004875e-05,2.897992034018992e-05,6.925386488295286e-05,2.585339303922937,0.07566525252062,0.5375383225448956,0.3867964249344842,-0.9698657755215958,0.1539951631258705,0.1888011313677178,17453.523955672004,True,body,high
-0.0091519097792037,0.0004731814663858,-0.0051110730645948,0.0012480200697865,0.0003863617428036,0.4153781250344286,0.4153781250344286,0.4153781250344286,False,0.1396852948097634,8.549231912415008e-05,3.527759186884258e-05,8.268383308043341e-05,2.4234170926972345,0.0328507411249219,0.5545087757269577,0.4126404831481203,0.951167335889031,0.1294607203319353,-0.2802153119101446,9580.79034438608,True,wing_R,high
-0.0092336604492203,0.0003086151924731,-0.0047692209974153,0.0014454832869906,0.0002109962959154,0.2293019971044113,0.2293019971044113,0.2293019971044113,False,0.456840396075348,3.15636654179148e-05,3.922056347416354e-05,8.836088465977415e-05,2.799449414060212,0.556132064259215,0.0866548369873271,0.3572130987534578,-0.9991031929281746,0.0344293097608917,-0.0246461459485098,4996.250213497975,True,wing_R,high
-0.0086515215423238,0.0026190941240905,-0.0049705782943445,0.0009942218572272,0.0003064342299445,0.52408152768921,0.52408152768921,0.52408152768921,False,0.3055797263177497,3.510545654647766e-05,2.374158223668489e-05,6.424076647718057e-05,2.705833412312233,0.4535330371727784,0.1768950610797804,0.3695719017474412,0.8925902055690192,0.4394320253468601,0.1009069869821342,3928.9043214451376,True,wing_L,high
-0.0082670263603385,0.0017144398879618,-0.0044681842119029,0.0009830732008674,0.0009784998784074,0.1481244607500791,0.1481244607500791,0.1481244271217594,False,0.2714181890107012,0.0001426447793876,6.0630185848516014e-05,7.951573435159752e-05,2.3527023279144283,0.4425612020788707,0.1323956515208544,0.4250431464002749,-0.7252144894643227,0.6667562217707343,0.1717558878205257,6017.728954071604,True,body,high
-0.0084479094999315,0.0015433074889876,-0.0045777816806499,0.0007917113351319,0.0007861835229339,0.1535278927899382,0.1535279264182579,0.1535279264182579,False,0.4648229630127515,0.0001138031476788,0.0002043688710306,8.031957153582474e-05,2.5444467285220584,0.4431483273116035,0.1638389250484214,0.3930127476399751,0.7313939137437895,-0.6809703553089651,-0.0366376599815572,4128.940255978254,True,body,high
-0.0091960260421349,-0.0002195474517373,-0.0048147095564931,0.0019545808956193,0.0004130929467658,0.2822162254299906,0.2822162590583103,0.2822161918016709,False,0.2398545981870846,8.064485377854124e-05,2.914608112853996e-05,3.0307533654428183e-05,2.766919278886296,0.6241851496481637,0.0144020662381966,0.3614127841136395,0.2454192617550204,-0.1491010218056985,0.9578821802581554,6859.518280101407,True,wing_R,high
-0.0091931476295727,3.406209754017749e-05,-0.0048476470697867,0.0016993333666608,0.0003466038762379,0.3234382905310782,0.3234382905310782,0.3234382569027585,False,0.108309644563447,7.875936525049671e-05,3.231692207631173e-05,9.53462002910995e-05,2.950349048277348,0.1739643005170827,0.4870927528563543,0.338942946626563,-0.916518124053852,0.361681232361857,0.1708250989697251,6255.595719905962,True,wing_R,high
-0.0085583383410189,0.0026394764715183,-0.0055414534716047,0.0011608769740922,0.0003702850071887,0.2885470760850641,0.2885471097133838,0.2885471097133838,False,0.1117804157197664,3.6841358229119926e-05,8.841727760913891e-05,9.561810190864171e-05,2.5954011063865674,0.0753081702707593,0.5393949299401193,0.3852968997891213,0.744666035489449,0.6619429321373991,-0.0854637360625509,6250.101619913512,True,body,high
-0.0087117965669041,0.0025596666033286,-0.0051555410204178,0.0009189331552877,0.0001304051934319,0.2528377350629038,0.2528377350629038,0.2528377350629038,False,0.1873843407846142,3.109248757220747e-05,3.364436521183789e-05,8.084144148804208e-05,2.600031319472281,0.5838227944412087,0.0315664539456275,0.3846107516131638,-0.8342229552875462,-0.5513875761614228,-0.0066182872515634,5361.279743170071,True,wing_L,high
-0.0089135963752703,0.0016081699698952,-0.0048826242469616,0.0002465473396488,0.0002272562256914,0.1942940251323524,0.1942940587606721,0.1942940587606721,False,0.6611149521612916,0.0001746893855568,0.000121985531039,0.0002915917685595,2.3903799579822467,0.40091112166922,0.1807453440065908,0.4183435343241892,-0.5373140851520034,0.8290606716587539,0.1547642613977841,6878.933024991062,True,body,high
-0.0092052212009942,0.0007138200901676,-0.0049846814421208,0.0010148413126416,0.000185115618371,0.2117765142150051,0.2117764805866854,0.2117764805866854,False,0.1811100313770463,0.0001202774805328,8.670944801500888e-05,4.1351872907986336e-05,2.908634411807561,0.2790882579942438,0.3771077919663446,0.3438039500394115,-0.9821215736475724,0.1341992613662579,0.1320142902293803,11069.24572759161,True,wing_R,high
-0.0100794029350323,0.0019624497569694,-0.0053674038521322,0.0010955898219339,0.0010952746367286,0.1806528990105545,0.1806529326388742,0.1806529326388742,False,0.3976247651421252,0.0001241794929998,5.401201946847315e-05,0.0001431554205857,2.650436365729464,0.1325547262422092,0.4901489111926868,0.3772963625651039,-0.0603774605872639,0.5970091165140099,0.799959172115799,5377.975884524711,True,body,high
-0.0094443469457137,0.0018749585519313,-0.0052835599727932,0.000477214442819,0.0004677615901623,0.2019848218507932,0.2019848218507932,0.2019848218507932,False,0.1964642678042305,0.0001690266162029,6.896847694272108e-05,9.5650251268278e-05,2.45078075804541,0.4341113049707613,0.1578554604295278,0.4080332345997108,-0.0149006997896043,0.5823893174486725,0.8127734321860242,20146.83601067312,True,body,high
-0.0090399299057897,0.0016442721474714,-0.0052488909507093,0.0002140078168253,0.0002126843470196,0.1987076075814494,0.1987076075814494,0.1987076075814494,False,0.3373867947316565,0.0001531414295178,0.0001185008105156,0.0003528205102032,2.9773679071712413,0.5659508869547158,0.0981819877258314,0.3358671253194527,-0.4425184200593715,0.8719004040066612,0.2096834123176616,5827.282667510448,True,body,high
-0.0100239022989034,0.001937442793835,-0.0053702727453311,0.0010394519321915,0.0010392993395519,0.1337467735415999,0.1337467735415999,0.1337467735415999,False,0.79914995608016,0.0001840785120363,6.133551552243211e-05,0.0001485123826058,3.001173308293695,0.1932117390403576,0.4735852442473066,0.3332030167123357,-0.0971134086795003,0.6727640789158734,0.7334558473249259,6248.922440967896,True,body,high
-0.0085141344371624,0.0017959806541864,-0.0047190703069479,0.0006429973616317,0.0006239493889685,0.1438578676864492,0.1438578676864492,0.1438578676864492,False,0.2486890651763706,0.0001092365365574,0.0001128944819886,0.000264591918742,2.4221924923700247,0.5733260391119163,0.013824856966728,0.4128491039213557,-0.6344255373266452,-0.0687322620345127,-0.7699221478457524,5186.196350472568,True,body,high
-0.0091927241050377,0.00077923133835,-0.0050888006512094,0.000947177959346,0.0002538383016975,0.2788070536340916,0.2788070872624114,0.2788070536340916,False,0.1481595354333151,2.765446826760436e-05,3.6619067028579135e-05,6.933865329058032e-05,2.50732187723192,0.47188090205447,0.1292871772892165,0.3988319206563135,0.9661970564404976,-0.2317083826426995,-0.1130242166034429,16557.24840686609,True,body,high
-0.0084035994489642,0.0018406283382851,-0.0046527079013597,0.0007769797040979,0.0007469913265966,0.156720531835203,0.156720531835203,0.156720531835203,False,0.4045093317901323,3.6181812669366e-05,0.0001015747584231,4.3833429284434286e-05,2.807342997194441,0.5684613976453623,0.075329902171096,0.3562087001835416,0.6143071428703497,-0.6272951439511217,-0.4786726821052244,5501.076852113831,True,body,high
-0.0092399906333894,0.0003049199858288,-0.0044907689527005,0.0015281015419642,0.0003429555937508,0.3142669902230979,0.3142670238514176,0.3142670238514176,False,0.1201132623140585,6.930070707072587e-05,2.7791155209069635e-05,6.3632912063381e-05,2.49362455606414,0.0817855292812599,0.5171917916758415,0.4010226790428986,-0.9559016082611704,-0.2065077583122658,0.2088220799641421,11070.04973588953,True,wing_R,high
-0.0084222293909631,0.0027856603068168,-0.0056426745012529,0.0013799358971527,0.0004798044876033,0.3578644085012971,0.3578643916871372,0.3578643916871372,False,0.1874765894317787,6.635512277205657e-05,2.7217314286348425e-05,6.591526420272172e-05,2.43797466840212,0.0066288562353483,0.5831946095451994,0.4101765342194523,0.7735510824475778,0.6233638325565546,-0.1141764209659091,9767.560656985605,True,wing_L,high
-0.0091166643478665,-3.8916794065162485e-05,-0.0051218551474716,0.0017576254716243,0.0005796005323609,0.3166018549032746,0.3166018549032746,0.3166018549032746,False,0.2570607979276792,7.69344662957132e-05,8.218964307069477e-05,3.233440163890583e-05,2.5418637396957875,0.0639396471214915,0.5426482338954189,0.3934121189830895,-0.8876260180481981,-0.3532023532496087,0.2955810375224341,5688.545346335319,True,wing_R,high
-0.008775308984337,0.0024508686633197,-0.005050675466799,0.0007880456404987,0.0001687228557503,0.3984132178275638,0.3984133018983631,0.3984132178275638,False,0.2659078607042895,3.132508447870189e-05,5.071415038011771e-05,8.188701941211961e-05,2.614103705539728,0.3806814468983858,0.2367782591259654,0.3825402939756487,0.7757771852330266,0.6287189904637698,0.0536860307914501,7054.842761320938,True,wing_L,high
-0.0086347938749362,0.001648863591886,-0.0043746387100408,0.0007998984343517,0.0007956641083457,0.1839362336340861,0.1839362336340861,0.1839362336340861,False,0.3234481312040278,0.0001075283670851,4.779918072410808e-05,5.13355937337446e-05,2.2495859857058536,0.5225855732275665,0.0328881866757566,0.4445262400966769,0.2026164986865079,0.4663308420104558,0.8610935490699252,4634.787159799987,True,body,high
-0.0090507496479278,0.0017155838753493,-0.0048571858608832,0.0001914918893083,0.0001882431062205,0.1436807136981993,0.1436807136981993,0.1436807136981993,False,0.271274967268545,0.0001217493102454,5.1488863031244186e-05,6.53093139508496e-05,2.3645756203928388,0.4635754911531159,0.1135156403904524,0.4229088684564315,0.1834650819085001,0.4117550415812193,0.8926356196414951,9630.014860425534,True,body,high
-0.0083313534121334,0.0017485595725026,-0.0044887934687356,0.0009197944132686,0.0009126998213552,0.1601548239859277,0.1601548912425672,0.1601548912425672,False,0.3610214339651355,9.052482368020624e-05,0.0001834926672209,7.587321366606007e-05,2.418411694389925,0.5066569958830863,0.0798484769775787,0.4134945271393349,0.7419460529591358,-0.6483973326073301,-0.1705782916025926,5915.50750285174,True,body,high
-0.0089843162574483,0.0017568807087742,-0.0050179766875444,9.161910233505252e-05,7.504972828003927e-05,0.1100006736291406,0.1100007072574603,0.1100006736291406,False,0.8881185143114154,7.886586917734323e-05,0.0001698904103315,7.133354543668234e-05,2.3816341847515456,0.5357838678272568,0.0443363679324927,0.4198797642402505,0.4915844538427087,-0.8704455629940177,0.0258698010079974,10532.948094868823,True,body,high
-0.0097013351259295,0.0018465165294344,-0.005069051607773,0.0006541669915935,0.00065284401797,0.1095789744999353,0.1095789744999353,0.1095789744999353,False,0.4398461993083304,0.0002025834286381,0.0001083622662867,0.0002905589919024,2.681366880364747,0.3027803844178374,0.324275499906366,0.3729441156757965,-0.4406397218638498,0.8360443939078219,0.3269042779332379,4669.043279087157,True,body,high
-0.0094669948453539,0.0017133686656648,-0.0053352711062871,0.000497443943747,0.0004944888113477,0.1457183208462699,0.1457183208462699,0.1457183208462699,False,0.6466462895556313,0.0001727964314712,0.0001121659083551,0.0003147658285574,2.8062522131123093,0.4510317963572984,0.1926210459184364,0.356347157724265,-0.416501585017729,0.8719324040450649,0.2574107854265498,6895.935018714904,True,body,high
-0.0089959321558909,0.0017749508560889,-0.0050036420518905,9.812817787433776e-05,7.456274063280961e-05,0.1324888053577633,0.1324888053577633,0.1324888053577633,False,0.510680277238513,0.0001496998775616,0.0001126069537063,0.0003146147221515,2.793919130181292,0.5241803163631001,0.1178995172306831,0.3579201664062167,-0.4643910169426263,0.8410489342131626,0.2774485062888185,10938.79143109017,True,body,high
-0.0088395566282085,0.0023033282417204,-0.0050852682822157,0.0006283652952744,0.0001014155982859,0.2318727476332173,0.2318727476332173,0.2318727476332173,False,0.1532488175194584,2.945808010540212e-05,1.857694074720959e-05,4.515994486616972e-05,2.4309678046937364,0.3476945068754991,0.2409466927038659,0.411358800420635,0.5906042497231844,0.724289244476283,0.355797288557529,6930.161887400205,True,wing_L,high
-0.0091967834600104,0.0007407396545972,-0.0050565884361036,0.0009850331381686,0.0002365078993884,0.2713726560393052,0.2713726560393052,0.2713726896676249,False,0.1590334482499298,3.1980774044323146e-05,4.201444795156381e-05,8.232779001071741e-05,2.5742900999399443,0.4896687018308838,0.1218746902587143,0.3884566079104018,-0.9746676300748351,0.1859051379909632,0.124347458972292,18526.630142450944,True,wing_R,high
-0.0093361260048579,0.0017073641585221,-0.0050740745877152,0.0002768653539437,0.0002662349089863,0.4282268586517412,0.4282268586517412,0.4282268586517412,False,0.2929415875753575,2.8701000329953165e-05,1.3514728398750997e-05,1.6886275359728577e-05,2.1236831021040463,0.4116485430612121,0.1174714094358217,0.4708800475029662,0.0044592981007286,0.9998461493599772,-0.0169644413546382,10356.996270893089,True,body,high
-0.0089000256193266,0.0017959670351927,-0.0049981434316348,0.0001861747117172,0.0001517651141866,0.1340674531983863,0.1340674195700666,0.1340674195700666,False,0.2128096719638844,0.0001154602109119,0.0001096944097734,0.0002655441723255,2.420763034999083,0.5651939566181436,0.0217131526105882,0.4130928907712681,-0.4115791401949537,0.8758304430334556,0.2520389779621468,7652.105910338953,True,body,high
-0.009275845289164,0.0018158812930468,-0.0049785648766567,0.0002472513861869,0.0002460903566322,0.1477719687028439,0.1477719687028439,0.1477719687028439,False,0.0110978149832871,0.0001214158377421,0.0001062295183557,0.0002681554509235,2.5243026145099057,0.5472184610680065,0.0566325216739534,0.3961490172580399,-0.4197189705551484,0.8687775676466285,0.2627955930188599,10166.767450261408,True,body,high
-0.0087004915696578,0.0019065442243078,-0.0049132394924493,0.0004291276709006,0.0003499193105738,0.1326064708484403,0.1326064708484403,0.1326064708484403,False,0.2671230732046678,0.0001189414105975,5.297086851339053e-05,9.136725432958866e-05,2.2454117505645854,0.2318297397807334,0.3228176429326774,0.4453526172865891,0.3642814946572076,0.306553105970857,0.8793885295305662,7025.842380761084,True,body,high
-0.0091436012329002,0.0017530935919433,-0.0049798646935962,0.0001137783947878,0.0001137778782442,0.1144185941314805,0.1144185941314805,0.1144185941314805,False,0.7183355293210648,7.711686092746055e-05,0.0002276731607926,7.708627253773956e-05,2.9534851445985804,0.6612826006413658,0.0001343521986275,0.3385830471600066,0.5386901494827928,-0.8356565112463297,0.107196632698136,17163.725705653873,True,body,high
-0.0094116060282771,0.0014308097955664,-0.0052623417531963,0.0005004617194228,0.0003841786844081,0.1498776731983341,0.1498777404549735,0.1498776731983341,False,0.1393779896655905,0.0001370974871035,9.304153991651652e-05,0.0002138391667122,2.2983192980694893,0.3588756951710227,0.2060237507675958,0.4351005540613814,-0.5382783859174486,0.8184202784408576,0.2011084958197818,4325.980357171065,True,body,high
-0.0091403555318225,0.0018611434716715,-0.0051333353703163,0.0001858964866202,0.000130524492178,0.1479088359640772,0.1479088359640772,0.1479088359640772,False,0.2631120058917367,9.839641104010711e-05,9.429363708175652e-05,0.0002369409422484,2.51279884392426,0.5847217871830246,0.0173155973780526,0.3979626154389227,-0.3253576940849477,0.907300582575184,0.2663607023538901,13358.662402573173,True,body,high
-0.0085715835119631,0.0018811509277918,-0.0048481876912796,0.0005535431280009,0.0004960071445313,0.1471167881498689,0.1471167881498689,0.1471167545215492,False,0.0818639131357705,0.0001046721851634,0.0001117790257214,0.0002420228352267,2.312198172310937,0.5381467801715477,0.0293643389119236,0.4324888809165286,-0.5145671124627607,0.0345367028324345,-0.8567542838697692,6280.652528412925,True,body,high
-0.0100287480819319,0.0017234920820935,-0.0055171405952436,0.0010756705407167,0.0010641214050438,0.2861049538791616,0.2861049202508419,0.2861049202508419,False,0.2994083338646565,5.080850099970708e-05,0.0001307776731979,8.76206787916892e-05,2.573932917223672,0.3300027699753353,0.2814867162857779,0.3885105137388867,0.3705536704679735,-0.7647733714129998,-0.5270784264986629,5647.868310592443,True,body,high
-0.0100252283439953,0.0019213442416606,-0.0053954560348179,0.0010454663236895,0.0010454420308431,0.1302961043991747,0.1302961043991747,0.1302961043991747,False,0.8442308771167518,0.0001486674093578,5.459285512538606e-05,0.0001463541601197,2.7232026794780184,0.0155598947209067,0.6172254254699211,0.3672146798091721,-0.1129205128688908,0.6533471592131501,0.7485896388018829,6313.115313078276,True,body,high
-0.0093609803504236,0.0018331222526959,-0.0052263620813237,0.0003681651892873,0.0003622309610111,0.0927245951728883,0.0927245951728883,0.0927245951728883,False,0.9068964270059728,9.183917001114504e-05,9.317593174621236e-05,0.000210593275611,2.293065971583392,0.5575550478719216,0.0063475993295075,0.4360973527985708,-0.2365049944695325,0.1318517851640254,-0.962642454050322,22603.52552192228,True,body,high
-0.0090834984802132,0.0017989183872224,-0.0050412378472499,8.605509471401102e-05,4.9091345498489615e-05,0.1443158517726251,0.1443158517726251,0.1443158517726251,False,0.0510931854355261,0.0001176412160426,0.0001022799328497,0.0002443772913267,2.3892985116230294,0.5186082331792892,0.0628588814841236,0.4185328853365873,-0.3691691649976339,0.8691954860179689,0.328957952785666,15898.971773451814,True,body,high
-0.0091911174361879,0.0018024346794663,-0.0051644408936076,0.0001947277145772,0.0001818844433253,0.1296572672095804,0.1296572672095804,0.1296572672095804,False,0.1621680045916273,9.315851691322412e-05,0.0001008054449873,0.0002566169092479,2.7546263911322715,0.607175360022726,0.0297990030999055,0.3630256368773685,-0.4561150996598067,0.1505375454237887,-0.8770960399409549,31443.635258189064,True,body,high
-0.0088791049361554,0.0016655774566956,-0.0049408346033433,0.0002169903542068,0.0002159726867891,0.0812400868226266,0.0812400868226266,0.0812400868226266,False,0.9272649771533034,7.771747117124017e-05,0.0001852401840296,8.918572912157896e-05,2.383507610811276,0.5185400533433913,0.0619102059869619,0.4195497406696468,0.3411174767893767,0.3997636873850705,0.8507807363105611,7704.08388246231,True,body,high
-0.0093103345416527,0.0019258120200391,-0.0052836001565195,0.0004019725131601,0.000360483879017,0.1043289884829281,0.1043289884829281,0.1043289548546084,False,0.8327700590045685,8.452991279476935e-05,8.60862119765564e-05,0.000193857808281,2.293363400855937,0.5559311603701677,0.0080280448622973,0.436040794767535,-0.6448683445006367,-0.0474703209767905,-0.7628180562148277,18740.06516918198,True,body,high
-0.0092864977616068,0.0018388089582758,-0.0052407006889169,0.000320961122583,0.0003070114502948,0.1456311226132532,0.145631156241573,0.145631156241573,False,0.5119030557126536,8.822599118515812e-05,8.317234829999136e-05,0.0002087992485754,2.510440703469432,0.5774602074140901,0.0242033576253076,0.3983364349606022,-0.5034033571661528,0.8107854707798526,0.2986837464043524,17730.075735109913,True,body,high
-0.0090676713783166,0.0019170835647755,-0.0051916570087919,0.000246756096294,0.0001198987848317,0.1508132803093986,0.1508132803093986,0.1508132803093986,False,0.2453262966708799,9.771661390341104e-05,0.000104761215365,0.0002569615965373,2.6296612855549206,0.5923078904523192,0.0274149972468939,0.3802771123007868,-0.5096586935166372,0.0266489522891021,-0.8599638652087702,7391.010675903329,True,body,high
-0.0094570935790049,0.0017880596229391,-0.0051369064427585,0.000412543774677,0.0004120879901125,0.0851848904949196,0.0851848904949196,0.0851848904949196,False,0.8638092675888338,0.0001046101135606,0.0001000995531935,0.0002607190717937,2.604597757691665,0.5987630945411606,0.0173004618959555,0.3839364435628838,-0.421777280927581,0.848914138997261,0.3185101409749388,11711.456680484383,True,body,high
-0.008890841074779,0.0022100602236471,-0.0052194030882837,0.0005494278004614,7.359879914644048e-05,0.2523557907989321,0.2523557907989321,0.2523557907989321,False,0.0312623827470639,0.0001181703189956,0.000106981290661,6.1012720028073214e-05,1.936814469855903,0.0946856065860724,0.3890026787072531,0.5163117147066745,-0.3948543181893271,0.8707576036158825,-0.2930379892648194,5396.75176879103,True,body,high
-0.0091659372635868,-0.0003388871424179,-0.0048378470441713,0.0020686096667035,0.0004855826710863,0.3262018658451205,0.3262018658451205,0.3262018994734402,False,0.2075846362873292,7.321875468270754e-05,4.55181321999717e-05,2.861695654529693e-05,2.558579371178474,0.378326872708722,0.230831236175974,0.390841891115304,-0.9664800876396742,0.0631331034853243,0.2488582959041534,6348.760916799735,True,wing_R,high
-0.0091990105020232,0.0006853326940748,-0.0050414481504813,0.0010402197156718,0.0002402205339609,0.308554413040114,0.308554413040114,0.308554413040114,False,0.1184433123156897,9.19819563015705e-05,4.059767692965615e-05,9.69540505181706e-05,2.3881674482548227,0.0512829963268865,0.5299858963838151,0.4187311072892983,-0.9771363144507196,0.0996843564690198,0.1877968371858836,12680.967178960993,True,wing_R,high
-0.0092669926054521,0.0008561511016955,-0.0048917317833163,0.0008983158891625,3.647586385482312e-05,0.2065947600586963,0.2065947600586963,0.2065947600586963,False,0.5946791787880769,3.382875216763105e-05,3.9166328320086034e-05,8.580662996874836e-05,2.536500002824585,0.5435512578182967,0.0622047055617844,0.3942440366199188,-0.9845377636334444,0.1749464603528193,0.008895391485206,4759.243638902969,True,body,high
-0.0098401929782125,0.0018423471309209,-0.005233784659499,0.0008111868235198,0.0008096349647185,0.1186148703785899,0.1186149040069096,0.1186149040069096,False,0.1276281750649158,0.0002011607101913,7.544361296705125e-05,7.560156143560657e-05,2.666371642078904,0.6241733220980242,0.0007851854788397,0.375041492423136,-0.0654986761076444,0.4466907903192597,0.8922876561244705,4776.037445740446,True,body,high
-0.0096376226681674,0.0021658649005811,-0.0050697138346179,0.0007318067753229,0.0006773064598116,0.1400795578250569,0.1400795578250569,0.1400795578250569,False,0.2020406405030029,9.360566674995658e-05,5.868778323918368e-05,3.787647042947527e-05,2.47134080046469,0.3730317268509718,0.2223296252490832,0.404638647899945,-0.6747527502365088,-0.6836979644284049,-0.2779672993082516,3621.180643913018,False,body,high
-0.009631332762948,0.0018249462670621,-0.0052551879227779,0.000616685580505,0.0006166403240162,0.122566466971465,0.122566466971465,0.1225665005997848,False,0.8556660949916539,0.0001330949824334,0.0001017396182052,0.000261486635582,2.5701554634757584,0.4910065589502697,0.1199119188574319,0.3890815221922983,-0.2977979553469261,0.9283574275087276,0.2224159719547307,6607.177637912565,True,body,high
-0.0092931464266552,0.0018231661806325,-0.0051287892797431,0.0002682601052012,0.0002624826491127,0.1553726415244529,0.1553726415244529,0.1553726415244529,False,0.0617914384573126,0.0001001741848458,8.300325296941334e-05,0.0002303690928327,2.7754224634739844,0.5651578794095186,0.0745366128126477,0.3603055077778337,-0.3134046749314377,0.928466029500764,0.199319697456639,29110.055067165264,True,body,high
-0.0087953331028088,0.0019732398546278,-0.0050030427199052,0.000372092243671,0.0002147342625666,0.1192307730541397,0.1192307730541397,0.1192307730541397,False,0.0828910154235618,0.0001026646765303,0.0001068797216988,0.0002340992179456,2.280231388801253,0.543442636687236,0.0180053791100937,0.4385519842026703,-0.3735073828977999,0.1440851943524099,-0.9163687531170324,5454.151698876148,True,body,high
-0.0092477339195621,0.0014961146219914,-0.0053084213611357,0.0003887055527296,0.0003290359298325,0.1430214977468586,0.1430215313751784,0.1430214977468586,False,0.6197623897840083,8.984074315595673e-05,9.903630049087875e-05,0.0002533449965457,2.819934337652917,0.6090852322279875,0.0362965815796637,0.3546181861923488,-0.60198021961459,0.0497171035442162,-0.7969617461383851,5111.418513837655,True,body,high
-0.0091791124947094,0.001781520954818,-0.0051111375448311,0.0001491169767652,0.0001428983213789,0.1316473239135764,0.1316473239135764,0.1316473239135764,False,0.1137113671817005,0.0001016772493155,9.763426881345394e-05,0.0002465742249546,2.525488519054526,0.5876403977981249,0.0163966063477609,0.3959629958541141,-0.3240312326689013,0.8898374317272963,0.3212368368541216,24126.93055904017,True,body,high
-0.0093968841175476,0.0018278163817792,-0.0051950579020403,0.0003834479084669,0.0003807621997007,0.1409903472361729,0.1409903136078533,0.1409903136078533,False,0.1262398843119985,9.344605553637248e-05,7.06702368476848e-05,0.0002051008639434,2.9022240916713025,0.5443897517558527,0.1110469173594772,0.34456333088467,-0.2862648314987078,0.8958024976629892,0.339985781214107,31266.77986611642,True,body,high
-0.0092633693421027,0.001763744500452,-0.005072141812465,0.0002096013599997,0.0002095646611958,0.1234794422233625,0.1234794422233625,0.1234794422233625,False,0.0360974371814741,0.0001131226381169,8.923822296812083e-05,0.0002272206860785,2.546226028724957,0.5021463931422773,0.1051154961328244,0.3927381107248982,-0.3754138834504473,0.8348205897743053,0.4026648718246169,26760.956010028247,True,body,high
-0.0091809469405599,0.0019114064466575,-0.0052389227952809,0.0002980760784135,0.0002299658376517,0.1388314427388963,0.1388314427388963,0.1388314427388963,False,0.7319811955282017,9.0247435739684e-05,9.740381144176831e-05,0.0002220383166904,2.4603282616354645,0.5613198077989809,0.0322303636991646,0.4064498285018543,-0.6318916929894762,-0.0747970243599705,-0.7714391054890769,10961.537487973044,True,body,high
-0.0087462717364171,0.0019088298250267,-0.004939653256085,0.0003843258532168,0.0002972330576877,0.1289745114344405,0.1289745114344405,0.1289745114344405,False,0.1740242807512305,0.000194234861812,7.762784113630035e-05,8.644952215904365e-05,2.5021288621303586,0.5549227293568192,0.0454175987793657,0.399659671863815,0.1702942013113344,0.6673922131450256,0.7249741504585658,6654.9304568916,True,body,high
-0.0087604761793997,0.0021642935094956,-0.0046334093742961,0.0006804597116263,0.0005338123508739,0.1076257071777057,0.1076257071777057,0.107625673549386,False,0.2564212575011071,7.162305036163412e-05,0.0001641753842818,7.335091638241612e-05,2.2922143563131674,0.5532161127366253,0.0105245133327379,0.4362593739306367,0.7662410657856352,0.642023289101431,0.0260907139625249,3095.3724420079807,False,body,high
-0.0093919526178145,0.0017731689187188,-0.0051775522794158,0.0003601502950622,0.0003600514836218,0.1309447274298056,0.1309447274298056,0.1309447274298056,False,0.2278663635626215,9.786965813048726e-05,3.925300584396921e-05,4.205321167546076e-05,2.493303532461167,0.5703141047106528,0.0286115828437666,0.4010743124455806,-0.667916470450929,0.7015965286583096,0.2482939779273416,17919.249705378978,True,body,high
-0.0090876444659355,0.0017877031414658,-0.0045352825827264,0.0005187931828285,0.0005173208363475,0.1331153682106622,0.1331153682106622,0.1331153682106622,False,0.0552498651913239,0.0001301237266379,5.631867453255568e-05,7.624626670138904e-05,2.3104898635833244,0.4140479321380672,0.1531434172976294,0.4328086505643033,0.1425192387299471,0.6216891739154323,0.7701888324483702,8191.877191534809,True,body,high
-0.009216790889082,0.0018258307816741,-0.0051585506416244,0.0002202876517753,0.0002037425006217,0.1476674182568551,0.1476674182568551,0.1476674182568551,False,0.1743732048133439,0.0001056827003728,9.728201398996576e-05,0.0002415440305103,2.482925883249697,0.5624702454887112,0.03477910990035,0.4027506446109388,-0.3939419216400986,0.8928547111245405,0.2182205929723856,27096.40743400561,True,body,high
-0.0094416778783369,0.0018433167734536,-0.0052064361733821,0.0004316600605503,0.0004287115760372,0.1007099423436982,0.1007099423436982,0.1007099423436982,False,0.780566318826759,0.0001014163555555,3.862208036086072e-05,3.669013367436485e-05,2.7641315361683336,0.6191730599143034,0.0190496560038364,0.3617772840818602,-0.5663596474008754,-0.3955334749869057,-0.7230421979115318,24160.65040183201,True,body,high
-0.0091560780975527,0.0017580636449609,-0.0049784364455142,0.0001255428825611,0.0001255403774075,0.1186851535667908,0.1186851535667908,0.1186851535667908,False,0.1270166175827857,8.598529038211183e-05,7.584644580496951e-05,0.0002012016725862,2.6527501776893607,0.5726412744145718,0.0503914527489655,0.3769672728364626,-0.5117755168761919,0.830501754470983,0.2198923740076621,17746.67847522411,True,body,high
-0.0093694521251724,0.0018297251263012,-0.0051923654939349,0.0003591403264695,0.0003550867084195,0.1068685655593598,0.1068685655593598,0.1068685655593598,False,0.1269040532686399,9.283971789421416e-05,8.097284334470154e-05,0.000198056451345,2.445961425634679,0.5312461812594664,0.059916627148062,0.4088371915924715,-0.3069430150165388,0.9250716098745818,0.2236705213849298,29832.0930439944,True,body,high
-0.0092622943918912,0.0018955666334741,-0.0052219258822021,0.000320826595653,0.0002836183780003,0.1531317848120348,0.1531317848120348,0.1531317848120348,False,0.5392894072870816,8.720719201422493e-05,7.257147498666845e-05,0.0001738942848223,2.396179557523431,0.498504553480285,0.0841644510773079,0.417330995442407,-0.3743330326105845,0.902510548733338,0.2129541972387769,14362.368624362938,True,body,high
-0.0093061414871149,0.0018236179094954,-0.0051390726134495,0.0002828988504718,0.0002776243542691,0.1572809477832258,0.1572809477832258,0.1572809477832258,False,0.1357094555946196,9.043310011580976e-05,8.722116523312126e-05,0.0002211882804565,2.535947322709221,0.5911487718555247,0.01452127063902,0.3943299575054552,-0.504598285977227,0.7970861615221136,0.3317140649697984,33563.75518402579,True,body,high
-0.0091966908399624,0.0018013948083767,-0.005166287809774,0.0001991449391361,0.0001873723057339,0.123426242221576,0.1234262085932563,0.1234262085932563,False,0.1378048930203931,8.456450327914236e-05,9.562763158466593e-05,0.0002368450397356,2.8007619101575183,0.5962438914008332,0.0467104074371716,0.3570457011619952,-0.4720494813151523,0.1276118774632982,-0.872286934397385,32014.69707842351,True,body,high
-0.0090910445228374,0.001749236480837,-0.0050851063536769,5.79568753289785e-05,4.9441806200261656e-05,0.096073740418099,0.096073740418099,0.096073740418099,False,0.1185381428649033,8.917127108993912e-05,9.085373732661904e-05,0.0002390394483064,2.680677816797618,0.6199215737389699,0.0070384459494025,0.3730399803116274,-0.5508261128841145,0.0332783043535497,-0.8339563224919687,24015.49621309933,True,body,high
-0.0093707277854855,0.0017961173426366,-0.0051567738589515,0.0003380769048411,0.0003377522510717,0.0876338056214041,0.0876337719930844,0.0876337719930844,False,0.9878544719652326,7.986372887099888e-05,6.95086742327276e-05,0.0001721074968426,2.4760578264871653,0.5359660076632503,0.0601662032638584,0.4038677890728912,-0.2861449259345764,0.8790586847952223,0.3812832412367342,22505.033186631623,True,body,high
-0.0092200475899544,0.0018553388209081,-0.0051640367592985,0.0002410998051434,0.0002135840616211,0.1183954455924604,0.1183954455924604,0.1183954455924604,False,0.0705902796222071,8.324241676850103e-05,7.100206452244126e-05,0.0001785276863594,2.514401342556136,0.5337282498531687,0.0685627674657284,0.3977089826811029,-0.3975712787529109,0.8847283764078715,0.2432956602355803,19026.918176961863,True,body,high
-0.0093000015743514,0.0018087351956423,-0.0051334084830375,0.0002703440017839,0.0002672434136849,0.1309121415880034,0.1309121415880034,0.1309121415880034,False,0.0773208334564658,8.34964423435194e-05,8.686562938987785e-05,0.0002006890454196,2.403564029638516,0.5671630745553181,0.0167880964270521,0.4160488290176297,-0.5328559292310913,0.0155596281529575,-0.8460629153053647,32469.09959726924,True,body,high
-0.0091977071763334,-0.0001014042714201,-0.0047805298893689,0.0018424271766568,0.0003653389522477,0.322210436507545,0.322210436507545,0.3222104701358647,False,0.1022748894000972,7.217199365706517e-05,3.42688643977689e-05,7.923791695660514e-05,2.3122422744117537,0.0891735115072452,0.4783458565683146,0.4324806319244401,-0.9208563900045528,0.308086497067051,0.2389690760595119,7229.702826446296,True,wing_R,high
-0.0086987760940565,0.0025000551744004,-0.0054635569209345,0.0009578908759704,0.0002788244960195,0.3284476491063766,0.3284475818497372,0.3284476491063766,False,0.1452225105478977,5.77605041034692e-05,2.4616175397985665e-05,5.2157340619713135e-05,2.346445098380138,0.0970068314105924,0.4768165660810654,0.4261766025083421,0.6864776427084646,0.7257997449166343,0.04430774582822,6540.306792300624,True,body,high
-0.0093781792546854,0.0018279816594103,-0.0052303165374627,0.0003826513554427,0.0003783494909216,0.2765961093120586,0.2765961093120586,0.2765961093120586,False,0.991322090501209,0.0001045541609376,3.910183735344373e-05,6.038488443060475e-05,2.6738938120114097,0.422453550494132,0.2035600198623662,0.3739864296435018,-0.6482260889935392,0.7404940436084356,0.1774021108345914,23943.852457530807,True,body,high
-0.0093771249825662,0.0019019087390609,-0.0053141037367193,0.0004530291933227,0.0004296689392835,0.1605049956791028,0.160504962050783,0.160504962050783,False,0.4204721215854731,0.0001418687681798,6.072757748815336e-05,7.635286731735413e-05,2.336150626254662,0.4618063700916543,0.1101390392661278,0.4280545906422178,0.1148524044667874,0.563159772294928,0.8183275603674378,19877.00326521956,True,body,high
-0.0086538489126371,0.0019595975293146,-0.0049786221608217,0.0004790815701371,0.0003533686696478,0.2706321604392175,0.2706321604392175,0.2706321604392175,False,0.2083039536397955,9.380499389503028e-05,4.100218035508418e-05,5.049138921814464e-05,2.287805016286132,0.4617409252790364,0.1011588879125036,0.4371001868084599,0.2491447227252466,0.4356234210521436,0.8649619310518739,6283.195885277315,True,body,high
-0.0091812975422819,0.0017992058802715,-0.0051631402377706,0.0001860264811693,0.0001728246282819,0.1272568441201225,0.1272568104918028,0.1272568441201225,False,0.122754555743524,8.806299668115046e-05,9.658881948159028e-05,0.0002321033962311,2.6356518058488256,0.5838543465973021,0.0367328653474317,0.3794127880552661,-0.4706488870942873,0.0743868141133172,-0.8791792917050422,28302.76653847476,True,body,high
-0.0092881347244202,0.0017923183239075,-0.0051169324502951,0.0002494986062831,0.0002482183636772,0.1222667041295403,0.1222667041295403,0.1222667041295403,False,0.0309586805634529,8.066131396825472e-05,8.475738859442197e-05,0.0002107292864316,2.612519881769172,0.5977901789085375,0.0194376144651114,0.3827722066263511,-0.647808397524243,-0.0183010433642975,-0.7615834503905997,24571.312590817062,True,body,high
-0.0092345740312241,0.0017738174565662,-0.0051079912063309,0.0001926850272039,0.0001916312204526,0.1166345658873108,0.1166345658873108,0.1166345658873108,False,0.0442204701256313,8.94979125956933e-05,8.797284466685715e-05,0.0002142397598252,2.435294216488362,0.5822534870805288,0.007118510261962,0.4106280026575092,-0.4143380572861957,0.8425689849061191,0.3440951611961046,28789.54901670166,True,body,high
-0.0093043855229885,0.0019343013379783,-0.0052964441466956,0.0004104652689852,0.0003638767407119,0.1085107709242411,0.1085107709242411,0.1085107709242411,False,0.7882323791112583,8.124271866784905e-05,8.242237503694537e-05,0.000193572106408,2.3826394485814744,0.5742032436057177,0.0060941444043067,0.4197026119899756,-0.629942934668213,-0.0796361067886142,-0.7725477263943974,17707.78468702455,True,body,high
-0.0088837647663697,0.0020642780613763,-0.0052380922839331,0.0004339897078744,0.0001358293443412,0.1754600475087403,0.1754600475087403,0.1754600475087403,False,0.0559359051048713,6.69488091104344e-05,6.679052736540573e-05,0.0001496955232946,2.2412687726765603,0.552766791972514,0.0010573579058679,0.4461758501216181,-0.5288959921153173,0.8143409058871136,0.2389935533090993,4006.433565384633,True,body,high
-0.0093797542915737,0.0018113559515089,-0.0051839793058922,0.0003595516053382,0.0003581149353907,0.0895989101121729,0.0895989101121729,0.0895989101121729,False,0.1004549148045575,8.661746000912343e-05,8.053087845817105e-05,0.0002010346137439,2.4963668296299386,0.5691415602715573,0.0302762864444079,0.4005821532840348,-0.3474445952690045,0.8666912841160856,0.3579503754091734,30122.87361001496,True,body,high
-0.0094271430121628,0.0018555339067884,-0.0052017838806644,0.000421032600673,0.0004160103320479,0.1100695107995938,0.1100695107995938,0.1100695107995938,False,0.3302512282053147,6.392566067325259e-05,6.34280057658989e-05,0.000161124438405,2.5402728094553795,0.6032528565745346,0.0030886370328411,0.3936585063926242,-0.2563690835480712,0.8851880028962771,0.388222993303105,22068.005434570223,True,body,high
-0.0092427371556878,0.001745081458247,-0.0046763972740147,0.0004152209018122,0.0004047137285591,0.127593698998691,0.127593698998691,0.127593698998691,False,0.025866200103654,0.00013388631797,5.917815033564724e-05,7.469348924353568e-05,2.262428230870841,0.4421126043646688,0.1158844245112102,0.4420029711241208,0.138354944920856,0.6307414907875575,0.7635594809934824,7876.1010780212355,True,body,high
-0.0090382093933934,0.001891842156206,-0.0045263858346041,0.0005512228785129,0.000546676592524,0.1502547475472798,0.1502547475472798,0.1502547811755994,False,0.1187727368219191,6.765921435117708e-05,4.553632440387937e-05,2.4478150408708165e-05,2.76406563492261,0.326975270987799,0.3112388193849143,0.3617859096272866,-0.5613405890467627,-0.3924428647808164,-0.7286187898834753,6835.624133546932,True,body,high
-0.0086964931653642,0.001684209577035,-0.004501619516989,0.0006577182753197,0.0006564747465605,0.155260827361406,0.155260827361406,0.155260827361406,False,0.0785310968437238,8.50368768121669e-05,8.945243161414777e-05,0.0002129696359931,2.5044385915480576,0.5799756561679893,0.0207332598442518,0.3992910839877588,-0.5708481234711504,-0.0187421777005493,-0.8208417330426787,5358.650036599048,True,body,high
-0.0092073542914737,0.001810001158594,-0.0051445606235572,0.0001989079902288,0.0001867142860213,0.135013485088562,0.135013485088562,0.135013485088562,False,0.1500958300659123,9.646445322899992e-05,9.850236437425176e-05,0.0002365260960855,2.451950829224247,0.583545469170384,0.0086160097299161,0.4078385210997,-0.4956835197902203,0.0901107391551786,-0.8638158964138629,30230.20708512706,True,body,high
-0.0090898210309281,0.0017919406393909,-0.0046326311653696,0.0004236293822107,0.0004232976579035,0.1362186231821289,0.1362186568104487,0.1362186231821289,False,0.0311105466582712,0.0001298134237381,5.5689302835094697e-05,6.991768057769552e-05,2.3310297872206087,0.4613986861734294,0.1096063668369206,0.4289949469896499,0.214760425645882,0.5855582045977983,0.7816646010947423,9895.408680363093,True,body,high
-0.0091524912392736,0.0019504906984868,-0.0052552366100801,0.0003256867011527,0.0002231411570988,0.1465870412294246,0.1465870412294246,0.1465870748577444,False,0.2419032017940805,0.0001076712073579,4.333676268492652e-05,7.287010406042334e-05,2.484523547379635,0.3232164303851406,0.2742919123896039,0.4024916572252555,0.1125571789244531,0.5719255779184828,0.8125466231516676,8884.866711906734,True,body,high
-0.0093439736534615,0.0019565810031617,-0.0053118819372668,0.0004554764170912,0.0004074571378266,0.1073581602660663,0.1073581602660663,0.1073581602660663,False,0.8310904578687196,7.170663618983387e-05,8.048657691521847e-05,0.0001731378868385,2.414530872430785,0.5351301879392389,0.0507106843320407,0.4141591277287203,-0.6016760252842397,-0.1757163817599107,-0.7791724544536753,15569.367694003104,True,body,high
-0.0094941712321363,0.0018595506387857,-0.0052702439727029,0.0005076603758418,0.0005035774689556,0.1457124022620004,0.1457124022620004,0.1457124022620004,False,0.1499811583942608,6.43722525195185e-05,7.012616167612438e-05,0.0001681109311464,2.6115433990048267,0.582857811815662,0.034226859118366,0.3829153290659719,-0.5316580871280514,-0.0827212652770064,-0.842909764246632,17080.298971436805,True,body,high
-0.0091735204717794,0.0017174165105608,-0.0050736585605213,0.0001157157170772,0.0001132500996934,0.0760300512494389,0.0760300512494389,0.0760300512494389,False,0.0602032010471027,8.65101402480826e-05,3.606832934908592e-05,7.047646877069432e-05,2.398506995175673,0.1853386369668224,0.397735332793788,0.4169260302393895,0.0112522395478649,0.6483080412922562,0.7612949958465219,17988.331842273496,True,body,high
-0.0091823220930901,0.0017518394048212,-0.005071705091635,0.000128933811934,0.0001287905438612,0.0902222446463793,0.090222278274699,0.0902222446463793,False,0.1926663383203279,8.288333604153439e-05,7.424224167610389e-05,0.0001913417384175,2.5772624061154787,0.5668308612276782,0.045160530247578,0.3880086085247437,-0.3530822600565595,0.8758562702276983,0.3289509257262811,25555.86465199524,True,body,high
-0.0093249501256052,0.0018117021749626,-0.005159514259456,0.0003022087546558,0.0002992587923942,0.1172887712190141,0.1172888048473338,0.1172888048473338,False,0.0458476116528403,9.025406311595698e-05,8.079650677591327e-05,0.0001951013816999,2.414725456399694,0.5373991597109652,0.048475086427567,0.4141257538614677,-0.4024644096456397,0.8774535149776258,0.2609554138583757,25869.864473101807,True,body,high
-0.0093103371939347,0.0017903733255107,-0.0051285017717157,0.0002725314869218,0.0002718111220612,0.1050199495680781,0.1050199831963978,0.1050199831963978,False,0.0515731846160287,9.643819204007128e-05,8.608161459959662e-05,0.0002257356767351,2.62234482688536,0.5727826746978855,0.0458792229489885,0.381338102353126,-0.3950720482905434,0.883042368508048,0.2532868967775701,28351.764315996305,True,body,high
-0.0093438781954606,0.0019247893513199,-0.0053188952350606,0.0004437125049091,0.0004077873231968,0.1123990453910959,0.1123990453910959,0.1123990453910959,False,0.5406554676904276,7.778034794098333e-05,7.109272213750885e-05,0.000184545102375,2.5958367724062565,0.5785293300120781,0.0362384355770377,0.3852322344108841,-0.5392025736130495,0.7436317920360989,0.3953129677638267,19720.93504727815,True,body,high
-0.0092546451978396,0.0018282177635449,-0.0051943939553904,0.0002673817971655,0.0002541743116171,0.1462717757321121,0.1462717757321121,0.1462718093604318,False,0.9480199393402352,7.554087821982076e-05,6.953605683217077e-05,0.0001650863991358,2.374112175130282,0.5424161008098719,0.0363738104355291,0.4212100887545988,-0.4652006124891988,0.8339688351317713,0.296790114674715,18660.76891828203,True,body,high
-0.0092434967862427,0.0017692642074588,-0.0051334967473171,0.0002085612261264,0.0002077466406541,0.1119866613064513,0.1119866613064513,0.1119866613064513,False,0.1723190706112541,6.856940445791533e-05,6.668512935820685e-05,0.0001684975934289,2.526764138430371,0.5930541020643942,0.0111828012576541,0.3957630966779515,-0.3206203264421489,0.910607014018768,0.26076324950413,25223.204831061703,True,body,high
-0.0094088721853187,0.0018261167386944,-0.0051931013865943,0.0003928010840964,0.0003907424186885,0.0890091366410403,0.0890091366410403,0.0890091366410403,False,0.0416619728189071,7.313535913146522e-05,7.07148673445999e-05,0.0001720152779692,2.432519276760197,0.5748321893563048,0.014071376772112,0.4110964338715832,-0.3573127316438088,0.8590850737712117,0.366470255039548,28136.038170417138,True,body,high
-0.0086890197971285,0.0014950058162525,-0.0049132405185604,0.0004531056128097,0.000431737819704,0.1531527688835359,0.1531527688835359,0.1531527688835359,False,0.1163385507032414,0.0001050982467584,7.08331191521222e-05,0.0001685975733958,2.380208233294929,0.3766325063783597,0.2032361849353842,0.4201313086862561,-0.4079267269032526,0.8532552001066528,0.3248866709622836,5635.960912402835,True,body,high
-0.0092756147703467,0.0020021446204102,-0.0052418979385157,0.0004066755352497,0.0003199316765096,0.0750008901529318,0.0750008901529318,0.0750008901529318,False,0.9141480039678462,9.496560477566604e-05,3.933852458636699e-05,0.0001153955935863,2.933399124641773,0.1770430583676878,0.4820554967523487,0.3409014448799633,0.2233546234358098,0.5040726897494194,0.8342801901271737,9466.011678591494,True,body,high
-0.0099869919477386,0.0018779432756391,-0.0054947500923631,0.0010409386016015,0.0010409285119625,0.1313083168225462,0.1313083168225462,0.1313083168225462,False,0.8483217352238477,0.0001063192141036,4.749111247868672e-05,0.0001139822563241,2.400075516768186,0.0672301327214579,0.5161163107493931,0.4166535565291489,-0.2519453151521862,0.3751379268199482,0.892073480176435,5769.283867274512,True,body,high
-0.0094731646998496,0.0018571342852405,-0.0051928369504399,0.0004592480988233,0.0004562372428513,0.103668898195275,0.103668898195275,0.103668898195275,False,0.379782336295705,0.0001190761298694,4.876671732258955e-05,9.89037837077866e-05,2.441749955850608,0.1694071362895992,0.4210505198664178,0.4095423438439829,-0.0308010535779863,0.5278464862481703,0.8487811155144454,20879.42521634377,True,body,high
-0.0094148596545135,0.0018566599924245,-0.0052544894517641,0.0004332126094243,0.0004258838039472,0.1046614716799339,0.1046614716799339,0.1046614716799339,False,0.6872307812448706,5.938688181838285e-05,5.746901769273288e-05,0.0001371794895808,2.3870164323032497,0.5670862896499628,0.0139806915123358,0.4189330188377013,-0.4769514606882252,0.8379893109612826,0.2651249118095148,18764.783038181773,True,body,high
-0.0094831045133736,0.0018670324202492,-0.0052247191038945,0.0004819965113516,0.0004775365722019,0.1123110737067258,0.1123111073350456,0.1123111073350456,False,0.1745660549950747,6.585582385655268e-05,6.257108299888707e-05,0.0001506463188636,2.40760286770706,0.5628447853667388,0.0218043220866118,0.4153508925466493,-0.3381023166751558,0.9008998996119916,0.2721510505913875,25726.5700597522,True,body,high
-0.0093094616898592,0.0019390754757514,-0.0053055405347751,0.0004215234354549,0.0003737729330125,0.2669433691649022,0.2669434027932219,0.2669434027932219,False,0.093615836777585,0.0001086620110928,4.398770170425303e-05,5.173432596058166e-05,2.4702816215188315,0.5238968482152745,0.0712910075786092,0.4048121442061163,0.0554957582427404,0.6148119697737812,0.7867187951485248,17449.61578667507,True,body,high
-0.0092295144772401,0.0017865740674972,-0.0050664613409887,0.0001838487659458,0.0001820767280004,0.1383805205998601,0.1383805205998601,0.1383805205998601,False,0.0176737373626459,9.028479640196836e-05,8.592446644839335e-05,0.0002090993485105,2.433525131472172,0.5682205753145445,0.0208529102775085,0.4109265144079468,-0.3969117338593544,0.8730225367942036,0.2833597109226617,23360.51478192752,True,body,high
-0.009175166575371,0.0017300470157541,-0.0048757860944149,0.000207652649764,0.0002013929678969,0.132839716873972,0.132839716873972,0.1328397505022917,False,0.7921405449726324,8.53182630291604e-05,3.670955850776275e-05,5.259560019274048e-05,2.324142988838143,0.3835364396159336,0.1861974344173901,0.4302661259666763,0.0841259938764103,0.6889762734331581,0.7198850684661159,9378.618737324949,True,body,high
-0.0090790673136441,0.0017499331021138,-0.0050804862031122,5.001853990406032e-05,3.744983198219164e-05,0.0980730112816964,0.0980730112816964,0.0980730112816964,False,0.2754477953971364,7.442364761228406e-05,7.453153816462683e-05,0.000192397445221,2.585165486961829,0.6126167991524947,0.0005607691527233,0.386822431694782,-0.5804896873146483,0.072926862837463,-0.8109953116991665,22676.72892292901,True,body,high
-0.0093597456466408,0.0017874592282926,-0.0051799928303501,0.0003344666431558,0.0003341726581043,0.0903270304906061,0.0903270304906061,0.0903270304906061,False,0.0964138215461974,7.631843322581838e-05,7.388596933360868e-05,0.0001906215802352,2.579942876225209,0.5996338235595516,0.0127606952434656,0.3876054811969827,-0.5008541148391428,0.8263303152284284,0.2575332323860065,21224.42656514313,True,body,high
-0.0082894683382146,0.0018461953743611,-0.0046932418008018,0.0008588768997046,0.0008195439780646,0.2264474067430649,0.2264474067430649,0.2264474739997043,False,0.1590669479128958,2.819718766571366e-05,5.393619868905525e-05,6.330273456993853e-05,2.245001711532793,0.1479641589659112,0.4066018821810053,0.4454339588530834,-0.9485086178600988,0.3003823348851802,-0.1005079834344131,5542.171898082127,True,body,high
-0.0096866904544816,0.0016432990321449,-0.0051499601081923,0.0006384594352273,0.0006014898520789,0.1256306458354248,0.1256306458354248,0.1256306458354248,False,0.2834200659495148,9.164729756854996e-05,4.555183041915996e-05,0.0001344127056216,2.9507640941047675,0.3181649223954175,0.3429398056992931,0.3388952719052893,-0.2820333249513485,0.8924976402342822,0.352001655952248,4753.33271724389,True,body,high
-0.0093906652710677,0.0018816421923486,-0.0053305863364962,0.0004646579909641,0.0004477866096129,0.1438859809617295,0.1438859809617295,0.1438859809617295,False,0.1788249967684579,0.0001435309427174,6.106441131518738e-05,6.941030527802424e-05,2.3504843431079783,0.5164087689811862,0.0581470016487391,0.4254442293700746,-0.0235696891680647,0.6489446077193023,0.7604704898052005,20041.82407547875,True,body,high
-0.009139564063354,0.0017783676674421,-0.0050796755095407,0.0001052033670582,9.55843751538572e-05,0.135144164738968,0.135144164738968,0.135144164738968,False,0.1339591953429556,0.0001137405966738,8.349699974426795e-05,0.0002380232911398,2.850680765403052,0.5221450971074194,0.1270615021946206,0.3507934006979599,-0.4049079111934397,0.8637733987511401,0.2999084844796315,22681.12808627615,True,body,high
-0.009254882531983,0.001755084556875,-0.0050804043291493,0.0002006889783939,0.0002005184618001,0.1211696474555321,0.1211696810838517,0.1211696810838517,False,0.0361439796595371,9.126971567385152e-05,8.561249990121236e-05,0.0001979237122567,2.3118553071706223,0.5388641682536285,0.0285828095488638,0.4325530221975076,-0.4809238842520099,0.8525871465714301,0.2044685184989271,28757.89014089582,True,body,high
-0.0091642681510649,0.0017433763805389,-0.0047295696486366,0.000336377533946,0.0003303353236205,0.1303844123667419,0.1303844123667419,0.1303844123667419,False,0.0531134074490369,9.438891620646864e-05,4.128512188625057e-05,7.839666676964895e-05,2.286269529893372,0.1694293152157595,0.3931769361798759,0.4373937486043645,0.0935283839475475,0.6714432912158554,0.7351301572356966,8693.07723876657,True,body,high
-0.0092462079821614,0.0017883450845405,-0.0051372620642576,0.0002180317199347,0.0002149609619672,0.1100866276143279,0.1100866948709673,0.1100866276143279,False,0.5554233976911163,0.0001102040602899,8.69653449275053e-05,0.0001983240880058,2.280495617779735,0.444323372929488,0.1171754555692096,0.4385011715013023,-0.2448133450930214,0.9297764437751996,0.2749221538274217,24608.58080925247,True,body,high
-0.0089498903480566,0.0020269346937964,-0.0047135294464793,0.0004700176745244,0.0003929853546079,0.1502791280790719,0.1502791280790719,0.1502791617073916,False,0.0505172580317236,9.87435662217466e-05,4.25171610588936e-05,6.343387353432167e-05,2.322440251477979,0.3575898059842258,0.2118286109745702,0.4305815830412039,0.0474813379154469,0.549588144042523,0.8340853640231642,4014.118273194797,False,body,high
-0.0092197010099874,0.0018005079202463,-0.005158666900076,0.0002110988797334,0.0002026618115731,0.1230675289351938,0.1230675625635135,0.1230675289351938,False,0.2192667037851295,8.951814327284985e-05,8.386745669635679e-05,0.000191406802778,2.282253573886132,0.5323147245885734,0.029521869100164,0.4381634063112624,-0.4965783124827492,0.805706872211501,0.3228721351292878,33319.261224108835,True,body,high
-0.0091327375649671,0.0017900147392103,-0.0051225541498674,0.0001270308970538,0.0001091051298949,0.1322620495979363,0.1322620495979363,0.1322620495979363,False,0.140018213781121,9.743507445205114e-05,9.755152795207107e-05,0.0002352190529268,2.4141106706145203,0.5852736981199306,0.0004950853197091,0.4142312165603602,-0.5725842466281525,0.0267827234258919,-0.819408302520278,19058.450191184835,True,body,high
-0.0092265165708314,0.0017509577905364,-0.0051452878732011,0.0001952310059688,0.0001950723556374,0.1204604934494171,0.1204604934494171,0.1204605270777369,False,0.4420328012110631,5.356405174860267e-05,5.28176704770425e-05,0.0001353794832424,2.563147560649503,0.604341437375065,0.0055132524787647,0.3901453101461702,-0.4276227269811718,0.8677168264328168,0.2533896455945804,21336.186392127267,True,body,high
-0.0094075154602174,0.0018229928456514,-0.0051980043574443,0.0003925758026838,0.000390681634689,0.0909496252017789,0.0909496588300985,0.0909496588300985,False,0.085125333334014,6.461982277936605e-05,6.86887193653251e-05,0.0001699601743136,2.630155376531341,0.5958540308474627,0.0239402942624083,0.380205674890129,-0.4716180984869289,-0.0221288821036973,-0.8815252019973188,28195.01966724635,True,body,high
-0.0092076779683961,0.0020231287299325,-0.0052751754760216,0.0004089091792948,0.0002829358980955,0.1906207365134249,0.1906207701417446,0.1906207365134249,False,0.0341553839476086,0.0001043410475612,0.0001220398131422,8.54540892465879e-05,1.4281330971774295,0.1450245221231676,0.1547606295714427,0.7002148483053896,-0.0101776316191185,0.9847585211178423,-0.1736291188148622,8399.28785920991,True,body,high
-0.0091877147262907,8.498353144862444e-05,-0.0048895834928976,0.0016439322820859,0.0003514315381251,0.2909393443069915,0.2909393443069915,0.2909393443069915,False,0.1003738938464681,8.538533482815065e-05,4.06743313565746e-05,9.38038309298648e-05,2.3062169137465696,0.0897457600426627,0.4766436831882223,0.433610556769115,-0.9336360380678146,0.3007846849020342,0.1945567314420611,6140.459807974131,True,wing_R,high
-0.0092158951956406,0.0008133025917533,-0.0051105225191079,0.0009183355510991,0.0002550024801676,0.2548050926510934,0.2548050590227737,0.2548051262794131,False,0.3578784308410697,2.487527040850435e-05,4.412845873397246e-05,5.9709616528782976e-05,2.4003605005382966,0.2609488839590793,0.3224470268735879,0.4166040891673327,-0.9533587240375524,0.2812881588803789,0.1094719826036681,12469.40887545334,True,body,high
-0.009619339657705,0.0018552605728692,-0.0053634096045596,0.0006562981220207,0.0006547324034924,0.1469151527448677,0.1469151527448677,0.1469151527448677,False,0.5984528947270831,0.0001599555033329,5.536395243213841e-05,6.367285537327199e-05,2.889163369053009,0.6019339500889517,0.0519450895280522,0.3461209603829961,0.0391486439651869,0.6091972919309099,0.7920517932431773,7523.985664434053,True,body,high
-0.0100206767525506,0.0017058323505871,-0.0054391832677962,0.0010366090062747,0.0010196254347609,0.1623444311391028,0.1623444311391028,0.1623444647674224,False,0.11743126289632,0.0001229086887712,5.732915697155123e-05,0.0001123810165753,2.143912369621268,0.0856544179355481,0.4479086072282768,0.4664369748361751,-0.3029962290514731,0.8518237226616533,0.4273050791781324,6163.767985105067,True,body,high
-0.0091249835798126,0.0016073849202175,-0.005172308809667,0.0001770630154669,0.0001488734363364,0.1573194522092976,0.1573194522092976,0.1573194522092976,False,0.4233992586055007,0.0001442575647787,9.678111496868965e-05,0.0002407793154198,2.4878749898444856,0.400872269583455,0.197178273919734,0.4019494564968109,-0.4961555909393024,0.8559230456025817,0.1456892912539305,6533.228710272401,True,body,high
-0.0094226176990129,0.0019032396677715,-0.0053210515907067,0.000490245425135,0.0004715124615941,0.1303322548428666,0.1303322548428666,0.1303322548428666,False,0.4161842330510062,0.0001242687004019,5.346310548708396e-05,0.0001022053406278,2.3243823805176427,0.1775455903433063,0.3922325974532735,0.4302218122034201,0.0976911975929689,0.5999472581541311,0.7940527169818086,27727.778961022894,True,body,high
-0.0092893282420295,0.0018264241203746,-0.0051379849942506,0.0002692060687508,0.0002621478497958,0.1411900994552702,0.1411901330835899,0.1411901330835899,False,0.0892895355733202,0.0001093415443964,8.809214374973286e-05,0.000216604792339,2.4588434691116032,0.495202561237288,0.0981021722432426,0.4066952665194693,-0.3237775652887741,0.9075100253327943,0.2675698827150479,28615.390890500967,True,body,high
-0.0094584481994925,0.0019088387364811,-0.0053538027844634,0.0005372361468435,0.0005196238292516,0.1575604327483633,0.1575604327483633,0.157560466376683,False,0.3054786137223617,0.0001109639574652,3.984059108820744e-05,8.943170405373596e-05,2.785198573474577,0.1940472735776811,0.4469118991277374,0.3590408272945814,0.0463321318116091,0.6051660136286326,0.7947499163325663,23239.807101396786,True,body,high
-0.0091262063539954,0.0017649248133723,-0.005073045872652,8.530813491169633e-05,7.846615701804958e-05,0.1138158065006189,0.1138158065006189,0.1138158065006189,False,0.5749435929239914,7.212541174976089e-05,7.029462754611299e-05,0.0002043168389967,2.9065782994963203,0.6469923276812104,0.0089605155044386,0.3440471568143509,-0.4191520223206129,0.8746349781337441,0.2435677261246353,23857.32092641324,True,body,high
-0.0093197003097103,0.0018383125925262,-0.0051565712108633,0.0003061428844916,0.0002984764586544,0.139126396731102,0.1391264303594217,0.1391264303594217,False,0.55631828166653,6.713454285234654e-05,6.584571302653344e-05,0.0001853616767827,2.8150910402941203,0.6378186472114059,0.0069530544187054,0.3552282983698887,-0.5443848038593914,0.8112014856321859,0.2135353250286863,25712.677241754896,True,body,high
-0.0091113199713209,0.0017898112550227,-0.0047151246220157,0.0003450621991874,0.0003449587902429,0.1125706843349128,0.1125706507065931,0.1125706843349128,False,0.3161551168406268,8.451395272832013e-05,3.489966301368997e-05,5.616195333069174e-05,2.421626612703055,0.3354712267306816,0.2515831957990636,0.4129455774702548,0.1709542513773225,0.7313398910160692,0.6602398107844022,8975.304351964834,True,body,high
-0.0091385868779254,0.0018809250749089,-0.0051743787375904,0.0002214855378645,0.0001536938840767,0.1458193066903691,0.1458193066903691,0.1458193066903691,False,0.1162458356065952,8.24221392249762e-05,7.201997400261244e-05,0.0001664138777565,2.3106628412631305,0.5047159507601789,0.0625077990044786,0.4327762502353424,-0.539792773797812,0.765421065022311,0.3503631752564405,12343.83546626591,True,body,high
-0.0091945035861504,0.0017378213894074,-0.0050506303728113,0.0001356476505245,0.0001348745136858,0.1218892262407581,0.1218892262407581,0.1218892598690778,False,0.0682179879515501,8.835650285809786e-05,5.90627934639186e-05,0.0001377175769569,2.331714585106671,0.3584224700256663,0.2127085738905632,0.4288689560837704,-0.3091421544650198,0.9189838733978364,0.2447442926146296,22104.63075160104,True,body,high
-0.0092729190661735,0.0017909050483444,-0.005200473607939,0.0002716056632465,0.0002680013099091,0.0663759323411742,0.0663759323411742,0.0663759323411742,False,0.5422581455208312,6.52924994855972e-05,7.074400697436512e-05,0.0001701846503501,2.6064961778303166,0.5843102957358854,0.0320328976646842,0.3836568065994303,-0.372556480009764,0.1655236900464914,-0.913128456043358,16527.410902563228,True,body,high
-0.0096852878435817,0.0016407450291892,-0.0050839833645013,0.000630246116324,0.0005871964050141,0.1680253304449166,0.1680253304449166,0.1680253304449166,False,0.1113839892770145,0.0001163788168689,0.0001238068902959,9.056048548808649e-05,1.3671182263290709,0.0599972538628028,0.2085371122650201,0.731465633872177,-0.0072470304843561,0.9524869160589632,-0.3044932762568733,4541.61692716188,True,body,high
-0.008808162270361,0.0023950931530834,-0.0051020578304931,0.0007262150594083,0.0001064623009506,0.2420159063809132,0.2420159063809132,0.2420159736375526,False,0.1517392009121141,2.494834920490395e-05,5.285314346623053e-05,5.6617013544970345e-05,2.269369130597285,0.0664794881091743,0.4928694135228815,0.440651098367944,-0.8958921430216289,-0.4098412797564808,-0.1714858404641123,7387.07892063076,True,wing_L,high
-0.0090405259937398,0.001515672094221,-0.0052571323160881,0.0002901815225524,0.0002520114204568,0.1521591865492856,0.1521591865492856,0.1521591865492856,False,0.0868985143708384,6.710637798670852e-05,0.0001379111075981,5.530084061280783e-05,2.4938338381469034,0.5134084617591029,0.0856025129483895,0.4009890252925076,0.6318827197938973,-0.7684987701954201,0.1006671179382537,4754.690845619903,True,body,high
-0.0091183080436851,0.0017652993123131,-0.0049402925058622,0.0001320074959133,0.0001316142358023,0.1374860072954853,0.1374860072954853,0.1374859736671655,False,0.0145553527708011,0.0001351171966622,0.0001042858853071,0.000254006537523,2.435675132593452,0.46805622414353,0.1213799914591548,0.4105637843973151,-0.3737297067364088,0.9001329407193169,0.223800793865242,12999.513121281385,True,body,high
-0.0091944835777971,0.0017554523940388,-0.0050905255830892,0.0001457160122999,0.0001453768064407,0.1255446582219178,0.1255446582219178,0.1255446582219178,False,0.4247339828482944,0.0001253700835452,5.304993598560775e-05,9.955988474423703e-05,2.3632466508400904,0.2058720714795733,0.3709812376557559,0.4231466908646706,0.0448214484701244,0.6120837087870117,0.7895217357328274,27373.11178967808,True,body,high
-0.008752003364339,0.0016828405184455,-0.0047923816002573,0.0004023737410673,0.0004023737408404,0.1152119870784774,0.1152119870784774,0.1152119870784774,False,0.8066218166676209,0.000115357577639,8.10672632951406e-05,0.0001853064429291,2.2858356801132604,0.3774767039096954,0.1850465305030025,0.4374767655873021,-0.2400951448189628,0.9304887074342292,0.2766678274966913,7908.252186133364,True,body,high
-0.0093726445851606,0.0018915345899278,-0.005241477117413,0.0004066435199216,0.0003882558693061,0.1131714878949113,0.1131714878949113,0.1131714878949113,False,0.9411574210318704,9.571481062122448e-05,4.1577192126527576e-05,9.617106611492546e-05,2.3130726534456194,0.0047442075057768,0.5629304184899214,0.4323253740043017,-0.0263381487958852,0.7100921205565807,0.7036160048218519,17651.244773034654,True,body,high
-0.009246162661801,0.0018615631911936,-0.0052349226298779,0.0003005407101004,0.0002734963961974,0.1238788457765978,0.1238788457765978,0.1238788457765978,False,0.8288539515060235,8.682438410813569e-05,7.414523430582782e-05,0.0002190596416442,2.9544669147677123,0.6036495656779622,0.0578798984018132,0.3384705359202246,-0.5581747201285587,0.765438288043575,0.3202268086939724,15463.266329444068,True,body,high
-0.0093323265617093,0.0017746710085251,-0.0049822228503582,0.0002857093191971,0.0002842160740518,0.1174278243210287,0.1174278243210287,0.1174278243210287,False,0.3494958898117883,7.75766281155826e-05,2.8946608788891376e-05,5.904156212657253e-05,2.6799902082261737,0.2389259038352941,0.387938404500415,0.3731356916642908,0.2440581773926985,0.7118463093440799,0.6585669578114034,10159.50408639757,True,body,high
-0.0090691236809666,0.0018319006441995,-0.0045944714587142,0.0004685224944136,0.0004681347658312,0.1202333677780732,0.1202333677780732,0.1202333677780732,False,0.2685883812466679,9.85216707664884e-05,3.930732353741773e-05,5.435020595316999e-05,2.506445667121113,0.4483426282732416,0.1526860263200999,0.3989713454066584,0.1653642845893418,0.6624842446951731,0.7305951539073615,9160.664870011433,True,body,high
-0.0092484087688115,0.0017442746932633,-0.0050334519494157,0.0001904774745501,0.0001887108932503,0.1239697094964633,0.1239696758681436,0.1239697094964633,False,0.0752419872289731,0.000102694298174,7.706863090915673e-05,0.0001838834028544,2.385969501277632,0.4415249197049123,0.1393582393360884,0.4191168409589992,-0.4236479309584237,0.8495681956969041,0.3142551693368836,19447.012209994937,True,body,high
-0.0094505800180697,0.0018247748221678,-0.0052520558388168,0.000453128503132,0.0004514175327906,0.0944896111613627,0.0944896111613627,0.0944896111613627,False,0.1003582649074383,5.9619827220855176e-05,5.254636704021908e-05,0.0001416415843393,2.695554275540776,0.5790796361187555,0.0499391489697465,0.370981214911498,-0.4869269411291063,0.8245276998725959,0.2881947711972901,18361.065038889134,True,body,high
-0.0092926907238642,0.0017674161938095,-0.0051474313656031,0.0002574602258633,0.0002573801820719,0.0970534342563077,0.0970534678846274,0.0970534678846274,False,0.1406784064935771,6.71762998001443e-05,7.398729429554679e-05,0.0001780069492777,2.6498474879882057,0.58435727034398,0.0382625202164151,0.3773802094396049,-0.5197472947169668,0.035426741871198,-0.8535852011338915,19980.71114410217,True,body,high
-0.0091870034976243,0.0006947038624319,-0.0047540616650562,0.0010706273245483,0.0001777051865343,0.5363840428147287,0.5363840428147287,0.5363840428147287,False,0.3185534122077172,6.6940190271699e-05,2.8195654924154232e-05,2.8051788086477167e-05,2.386307427723961,0.5787933256581315,0.0021491847736484,0.41905748956822,0.1185870744841787,-0.7705730772313837,0.6262221957192511,5185.626400871023,True,wing_R,high
-0.0097279651655179,0.0016040472803799,-0.0051549604503376,0.0006850752649434,0.0006333698672431,0.183671713271221,0.1836717468995407,0.1836717468995407,False,0.1385531113835185,9.389163059070082e-05,0.0001480379651254,8.123791510602279e-05,1.8222767648855367,0.3657597866119277,0.0854761511613262,0.548764062226746,0.1493359669239764,0.9867519827648832,0.0633978981706238,4208.974723430903,True,body,high
-0.0090754233498184,0.0018148397950852,-0.0046228122644806,0.0004371256146931,0.0004370732321676,0.116073679142812,0.116073679142812,0.116073679142812,False,0.1973012728882125,0.0001162524707525,5.135116455974437e-05,8.274646642867618e-05,2.2638721390113727,0.2882175673945391,0.2700613730244646,0.4417210595809962,0.1575802502510996,0.5603515538655487,0.8131264359318702,9745.723345339602,True,body,high
-0.0092089059056132,0.0017220372961241,-0.0050099386076359,0.0001533301909156,0.0001477314319897,0.1003105051621432,0.1003105051621432,0.1003105051621432,False,0.9952358869522334,0.0001065744241934,4.630421645735635e-05,0.0001148015383569,2.47928908294268,0.0716637972038025,0.5249947744488846,0.4033414283473128,0.0366378644162723,0.6381613777076189,0.7690303783943315,15842.003893529749,True,body,high
-0.009442116459663,0.0019113897064108,-0.0053322921471393,0.0005140116541943,0.0004948679518933,0.1026831512595179,0.1026831512595179,0.1026831512595179,False,0.932873576654286,0.0001111583135554,3.997661671941257e-05,0.0001142519382885,2.8579691745929074,0.0270772188154025,0.6230239758056202,0.3498988053789773,0.0745381571528876,0.5547986007596555,0.8286389899850115,26847.65285377491,True,body,high
-0.0091736935353041,0.0017670473391176,-0.0051443299373582,0.000156737615222,0.000152357757624,0.1181942809839352,0.1181942809839352,0.1181942809839352,False,0.240327212715281,6.955403045232052e-05,6.94714300002117e-05,0.0001663565159172,2.3946033055129834,0.5818977689642726,0.0004965267014242,0.4176057043343031,-0.4569508421154217,0.8382893909721677,0.2974337319026192,22503.80848835801,True,body,high
-0.0087436554257805,0.0016730266905195,-0.0046995599888682,0.0004733153258149,0.0004726519188537,0.1036155636802096,0.1036155636802096,0.1036155636802096,False,0.9083979805265152,6.830422727003381e-05,6.107891369164067e-05,0.0001471729511024,2.4095541686516584,0.5358914341365245,0.049094032050533,0.4150145338129424,-0.5159550749125398,0.8329392700939943,0.20000633241795,7031.678550690609,True,body,high
-0.0091767029831133,0.0017204941146437,-0.0051824862419509,0.0001774023027358,0.0001774012875401,0.1046931159287842,0.1046931159287842,0.1046931495571039,False,0.1212368564460303,7.686816801461348e-05,2.7028103574675725e-05,4.623268978921193e-05,2.8440089332288907,0.3985457051555776,0.249837959074102,0.3516163357703202,0.0876360398946743,0.6005024123702138,0.7948061255734841,12937.728006212155,True,body,high
-0.009326830962414,0.0018503185133732,-0.0051413899111237,0.0003122350057635,0.0003031897107494,0.1279777344098174,0.1279777344098174,0.1279777344098174,False,0.0806424078490501,9.02989182820933e-05,6.391797963789614e-05,0.0001795804140967,2.80954459315068,0.4971672231837265,0.1469032064375454,0.3559295703787281,-0.389218066686713,0.8631358122369575,0.3217232758112243,21620.77322251944,True,body,high
-0.00934793099985,0.0017886437856451,-0.0051255682164681,0.0003061856328441,0.0003060887169251,0.1385152356486317,0.1385152356486317,0.1385152356486317,False,0.0973390205785776,0.0001228730606187,7.290805785423845e-05,0.0002054978254337,2.8185886647073697,0.4020712367180246,0.2431412724638281,0.3547874908181473,-0.4600329393571273,0.8603868080124085,0.2193267774455742,20169.398629629253,True,body,high
-0.0091804771342986,0.0017594830709454,-0.0050333754601907,0.0001283145042511,0.0001281568756276,0.0793472159626021,0.0793472495909218,0.0793472159626021,False,0.1453010748979561,5.735485920329206e-05,7.058516645088148e-05,0.0001652242154557,2.880736135540284,0.5727916379800512,0.0800748680276399,0.3471334939923088,-0.6662517016635479,0.0364455776854362,-0.7448358140540784,20309.00009995294,True,body,high
-0.0090284167728096,0.0017388921646206,-0.0048867818939087,0.0001663573206526,0.0001663507213318,0.1389535135394557,0.1389535135394557,0.1389534462828163,False,0.1993865403213862,0.0001347111328361,5.851978125478872e-05,6.742693734743432e-05,2.301976014736332,0.499470192790592,0.0661204156265247,0.4344093915828831,0.0404576107021464,0.6275934011769164,0.7774893597570731,10493.426306738216,True,body,high
-0.0093213742350295,0.0014489077791,-0.0052098820528939,0.0004068926739316,0.0002853727355635,0.128999430019348,0.128999430019348,0.128999430019348,False,0.1363904609028745,0.0001397477730574,0.0001047835971656,0.0002532926936799,2.41729336013965,0.4482755462579305,0.1380386278966583,0.4136858258454111,-0.4679899164611706,0.8536066184530586,0.2287819464551366,4765.418825294201,True,body,high
-0.0093237642953805,0.0018951965113126,-0.0052997697805005,0.000405517445534,0.0003773402050793,0.1120233498032585,0.1120233498032585,0.1120233498032585,False,0.1632665502346636,0.0001053960488053,7.938927122526437e-05,0.0002318743003593,2.9207258963415867,0.5454604126372432,0.1121589479290564,0.3423806394337003,-0.3618953097823192,0.9163816099544412,0.1711038564581923,18941.38684290388,True,body,high
-0.0089121507975883,0.0018746443936817,-0.0050987620558496,0.00022282182461,0.0001012347861906,0.146006784572771,0.146006784572771,0.146006784572771,False,0.1013853429501079,9.9678735206194e-05,9.558368443505604e-05,0.000224940979666,2.35334075052166,0.5568671597581225,0.018205001050578,0.4249278391912995,-0.3099894254482485,0.8905795810242203,0.3328281327847587,5998.064424173743,True,body,high
-0.0094406531307154,0.0019053379415786,-0.0053173010488609,0.0005024762201489,0.0004851709351362,0.1157786242656471,0.1157786242656471,0.1157786242656471,False,0.6359762741959382,0.0001120372975405,4.55207802548853e-05,0.0001023322773857,2.46123412017978,0.0866231189774853,0.5070766465990802,0.4063002344234344,0.0461744402680616,0.622586774655902,0.7811873201028627,27934.26705006764,True,body,high
-0.0093601931094076,0.0018365980515016,-0.0052618215805545,0.0003870067574726,0.0003794310198075,0.1288503556780588,0.1288503893063785,0.1288503556780588,False,0.5851417767235717,7.926111947308287e-05,7.76108157175738e-05,0.0001816827828875,2.3409466993448627,0.5637389618687483,0.0090834350359484,0.4271776030953033,-0.5136489305356777,0.8011962792544118,0.3070004857788355,18050.9139045081,True,body,high
-0.0093029709245598,0.001876952385332,-0.0052803959718352,0.0003719854189911,0.0003473965705688,0.113463045426826,0.113463045426826,0.113463045426826,False,0.3939531057415184,7.918156389887092e-05,8.019626575588537e-05,0.0002200684934741,2.779289554765615,0.6355849740694034,0.0046108456553491,0.3598041802752476,-0.6197185926074373,-0.0628427670186204,-0.7823040665943777,16451.652802907745,True,body,high
-0.0088486804870292,0.0023783456716798,-0.0055024764838308,0.0008303042019657,0.0003119613147509,0.2294033528600274,0.2294033528600274,0.2294033528600274,False,0.1043175800548368,9.093756156709929e-05,3.878615004627536e-05,6.33991587598471e-05,2.344588505396968,0.3028275921708397,0.270658331820463,0.4265140760086972,0.5071614750111056,0.6747399545078105,0.5362026035514538,5253.673832919944,True,wing_L,high
-0.009072821537589,0.0021876320234437,-0.0053870248152411,0.0005804950064221,0.0002811649648937,0.1349154249082779,0.1349154249082779,0.1349154249082779,False,0.0202711477788779,7.692705623971151e-05,7.783421917741008e-05,0.0001820081212292,2.3659831810298235,0.5723585373459519,0.0049841893404071,0.422657273313641,-0.5476021724500193,0.0790475867171455,-0.8329966024914,5995.380615923889,True,body,high
-0.0094718771816513,0.0019188685722983,-0.0053545322677499,0.0005512693375937,0.0005325285329128,0.0999813175404693,0.0999813175404693,0.0999813175404693,False,0.7565257319472136,8.620221273326358e-05,3.847818516923565e-05,8.976443576155388e-05,2.3328656319613272,0.0396841243201575,0.5316585255523674,0.4286573501274751,0.1833132980972178,0.6141297401283545,0.7676202817999278,21476.92069841237,True,body,high
-0.0092419735469604,0.0019041101786653,-0.0051855700028624,0.0002949369924532,0.0002500875688745,0.1314522124025996,0.1314521787742799,0.1314522124025996,False,0.05015761888871,7.062826136770117e-05,5.961681382841902e-05,0.0001368393755883,2.295315143512046,0.4838601019330024,0.0804698756621844,0.4356700224048132,-0.4456252145710404,0.8147707806059288,0.3708999099613258,14083.01026107148,True,body,high
-0.0087242985425413,0.0016835336964271,-0.0047588504960405,0.0004449947724918,0.0004449923654375,0.0945805085095478,0.0945805085095478,0.0945804748812281,False,0.9304776139342794,6.103669747909538e-05,6.753911127120103e-05,0.0001599383428897,2.620363641800226,0.5777178251887697,0.040655753177252,0.3816264216339783,-0.7105650123451284,-0.1890007526680279,-0.6777728813709545,7706.008705655056,True,body,high
-0.0092837807714726,0.0010715594851193,-0.0046519412007394,0.0007890959810758,0.0002604171309229,0.5392106754317735,0.5392106754317735,0.5392106754317735,False,0.1445950729638984,1.4682009637257903e-05,2.4379161668284715e-05,3.143692251996296e-05,2.1411866152292145,0.2245054631920935,0.3084637825114389,0.4670307542964674,0.925007704108926,0.1420768708828282,-0.3523846053664632,3388.506583918555,True,wing_R,high
-0.0092293894575559,0.0018903018845204,-0.0051438387708687,0.0002605370002361,0.0002206609256216,0.16161859748641,0.1616186311147297,0.1616186311147297,False,0.013596544404091,9.616542575397568e-05,0.000110057544971,9.06638372081558e-05,1.2139078640404342,0.1262259595263468,0.0499882906461926,0.8237857498274604,-0.0931232961049997,0.9691633243704078,-0.228145792023084,13640.03015383338,True,body,high
-0.0085913540221215,0.001794140524578,-0.0047988946868907,0.0005371356115681,0.0005161279487715,0.1100686028349615,0.1100686028349615,0.1100686028349615,False,0.7051538123657729,0.0001414865974237,6.110384951981548e-05,0.0001017669348204,2.315510373496708,0.2807309195816471,0.287398849368653,0.4318702310496998,0.182981073331703,0.5638200944392247,0.8053724777448766,5785.694139332935,True,body,high
-0.0093238208824095,0.0015906015851306,-0.0051997783059938,0.0003286192702497,0.0002877402566951,0.1323700637608555,0.1323700637608555,0.1323700637608555,False,0.1616656060542806,0.0001639525019623,0.0001047756530774,0.0002524922277372,2.409836830610462,0.3506631731532491,0.2343709721889984,0.4149658546577525,-0.5176077625338077,0.8290671297931379,0.2114944407338257,5975.449241975032,True,body,high
-0.0093808353549638,0.0019113502428037,-0.005294553800265,0.0004485383141023,0.0004235034996111,0.1148436224643374,0.1148436224643374,0.1148436224643374,False,0.8938709972398302,0.0001203099465827,5.119190928259536e-05,0.0001234852688856,2.4122028386162904,0.0257141789588816,0.5597269854443454,0.414558835596773,0.1521678397406589,0.5596878555073133,0.814613069466901,18875.79932108655,True,body,high
-0.0092076259270121,0.0017553710536766,-0.0051087754080115,0.0001636719069071,0.0001633699777736,0.1179882402690515,0.1179882402690515,0.1179882402690515,False,0.4287331754991947,0.00011081489948,4.929641107613311e-05,0.0001057699169902,2.247930367768743,0.0455262109467951,0.50962015197521,0.4448536370779949,-0.005194003186532,0.5994804268200294,0.8003725633669445,26602.73532533532,True,body,high
-0.0093082730810412,0.0018297325228174,-0.0052434606764757,0.0003350454859784,0.0003253986133512,0.1271451980986742,0.1271451980986742,0.1271451980986742,False,0.9358556808790772,8.692280884947742e-05,7.329525501555904e-05,0.0002049125881643,2.795714239904062,0.575805422067381,0.0665042297107936,0.3576903482218254,-0.4147571185406582,0.8424259568146801,0.3439404598251288,17472.869709460807,True,body,high
-0.0092368037132542,0.0016613549912507,-0.0050557546607827,0.0001847150224462,0.00015727640095,0.1835330973373626,0.1835330973373626,0.1835330973373626,False,0.2047318276651633,9.359557986028595e-05,3.304419606642797e-05,7.657688534950708e-05,2.8324362823696174,0.1818322460973414,0.4651147986695758,0.3530529552330828,-0.0954813606693206,0.4803764093469201,0.8718496516646063,10429.92539361626,True,body,high
-0.0091537866066847,0.0018045805867873,-0.0051393082454575,0.0001572954507037,0.0001374213817189,0.1331416319283583,0.1331416319283583,0.1331416319283583,False,0.2213122277819442,9.337367593573965e-05,9.252178925223487e-05,0.0002367103447877,2.558428092462076,0.6055361415680613,0.0035988570092639,0.3908650014226746,-0.3966062970687187,0.8774887083363289,0.2696609201713893,20969.95245075157,True,body,high
-0.0092377211855559,0.0018053398402221,-0.0051845530032801,0.0002404925174173,0.0002318414381921,0.1172163358183516,0.1172163358183516,0.1172163358183516,False,0.1474940758467811,8.927874176397028e-05,8.99195164962038e-05,0.0002119258122999,2.373754469571294,0.5757028578994138,0.0030235803995724,0.4212735617010139,-0.4817334440482288,0.1456575937589165,-0.8641277418679459,23035.81064152011,True,body,high
-0.0098102538150156,0.0021039812328778,-0.0046993610535735,0.0009133153465335,0.0009076658868243,0.1702545853870336,0.1702545181303942,0.1702544845020745,False,0.1541160796436192,4.85332056019804e-05,0.0001007288540542,0.0001130325384769,2.3289732684046163,0.108850819317345,0.4617754246304801,0.4293737560521748,0.2331660179432758,-0.5662474800067909,-0.7905677703160147,2957.174441993164,False,body,high
-0.0090823538493767,0.0017603873230429,-0.0047816414271602,0.0002712775239456,0.0002708205070099,0.1032013300379807,0.1032013300379807,0.1032013300379807,False,0.8609923511755999,0.0001004500349383,4.437512760809435e-05,7.467682251989925e-05,2.263656249634484,0.2565774360785325,0.3016593765287388,0.4417631873927287,0.0030916319059877,0.6498093534465983,0.7600909458646851,8724.99342665357,True,body,high
-0.0089190696045936,0.0018275751833244,-0.0045072517285458,0.0005703359368345,0.0005690973858306,0.1571513106107309,0.1571513106107309,0.1571513106107309,False,0.2443050742318396,4.444111027084746e-05,2.982772961196709e-05,2.1101826739223352e-05,2.106031426570376,0.3288257329715383,0.1963475444146984,0.4748267226137632,-0.5018322095681417,-0.5424125496280501,-0.6737603872638656,5640.784775158573,True,body,high
-0.0091795039902848,0.0019005113084605,-0.0051599566377037,0.0002460092207454,0.000182988665173,0.1661580171078743,0.1661580171078743,0.1661580171078743,False,0.0132787035703627,0.0001040180996463,4.010297052413735e-05,8.785538283762962e-05,2.593775430768694,0.1553836963342979,0.459077915053686,0.385538388612016,0.0267940400152543,0.6184842270426253,0.7853402704045854,13336.165105842323,True,body,high
-0.0092336086315744,0.0020222860655803,-0.0053387775491938,0.0004559381759868,0.0003434046288526,0.0876291985416034,0.0876291985416034,0.0876291985416034,False,0.9143029200896864,8.788814904635955e-05,3.3656399526235606e-05,7.780089771744054e-05,2.6113354453690025,0.1147737372828064,0.5022804401981369,0.3829458225190567,0.2680780035893472,0.4829848004619473,0.8335825493100746,8133.434701074624,True,body,high
-0.009372300780947,0.0018471706361985,-0.0051879426368692,0.0003657300036671,0.0003592220502947,0.1244885944696401,0.1244885944696401,0.1244885944696401,False,0.3329114656733744,7.237780869486101e-05,7.286892266610652e-05,0.0001800341435425,2.487421860221199,0.5952494275126069,0.0027278935072088,0.4020226789801843,-0.6117177706469414,0.011986958136034,-0.7909852602352214,25046.48967322633,True,body,high
-0.0095283936449507,0.001895530915555,-0.0053516739003667,0.000585599925776,0.000576103971485,0.1260050635471131,0.1260050635471131,0.1260050635471131,False,0.4049140887614433,0.000109375387267,4.696330154439158e-05,6.103949158132253e-05,2.3289543892842226,0.4419266243851817,0.1286961389453881,0.4293772366694302,-0.0043785668952348,0.657360552890989,0.7535634888015722,13197.428882107855,True,body,high
-0.0093306343576675,0.0017812852230165,-0.0051260047017598,0.0002883845036476,0.0002883341945975,0.1133560737418179,0.1133560737418179,0.1133560737418179,False,0.0567345255369067,8.441318376989796e-05,7.524630048524041e-05,0.0001962678427356,2.6083387684171506,0.569908230541841,0.0467059868641126,0.3833857825940462,-0.4980143645081059,0.8297891014616575,0.2518565858560037,22708.26193169285,True,body,high
-0.009574895479949,0.0015117191113222,-0.0053996163556819,0.0006555040534772,0.0006014549999127,0.2031771811828691,0.2031771811828691,0.2031771811828691,False,0.3171021394541359,9.498199868328012e-05,4.040008337435112e-05,6.90611481859023e-05,2.3510347194872754,0.2729027695428008,0.3017525974276688,0.4253446330295304,-0.6637106001634021,0.7472749363655731,0.0326865218486938,3560.2210985036263,False,body,high
-0.0092266608828996,-7.132053579059857e-06,-0.0048003666603471,0.0017490724530223,0.0003147149732217,0.2233169128326304,0.2233169128326304,0.2233169128326304,False,0.3498219165185216,2.817855840536189e-05,7.200095115827995e-05,6.722725024015232e-05,2.5551680154290435,0.0663005257754663,0.5423357776059033,0.3913636966186303,-0.9228089572250646,0.3830177766252238,0.0414850726678829,6243.897789422736,True,wing_R,high
-0.009200501957442,0.0017532263401361,-0.0048995580786222,0.0002076047057562,0.0002053136002622,0.0976244094967205,0.0976244094967205,0.0976244094967205,False,0.993680394331802,0.0001330255067995,5.805346895130181e-05,0.0001097864552758,2.2914307999603065,0.1746962073876358,0.3888952394859409,0.4364085531264233,-0.0667619739133787,0.7497584095979304,0.6583351472285004,10967.921643790289,True,body,high
-0.009499912021875,0.0018904716482729,-0.0053887945281539,0.000582404212274,0.0005709495639025,0.1726355376793775,0.1726355376793775,0.1726355376793775,False,0.2921998769973571,0.0001129177937741,5.758719271775467e-05,0.000117115040574,2.033699422509533,0.0358386658055647,0.4724465857258413,0.4917147484685939,-0.2773899623286038,0.8415679916738115,0.4634847615504133,14712.475196307758,True,body,high
-0.0090629462130379,0.0013711305472022,-0.0047931379793744,0.0004293056451964,0.0002066838772861,0.2335850176022212,0.2335850176022212,0.2335850176022212,False,0.0894230112122169,0.0001397806955787,5.4682113309484506e-05,9.153488061749964e-05,2.5562416504944685,0.3451536334219879,0.2636470447898845,0.3911993217881275,-0.1058032420313263,0.6655333818537041,0.7388308274659581,3418.146575090897,False,body,high
-0.0092024627405173,0.0021874740663679,-0.0053561032588577,0.0005803605137911,0.0003437679289346,0.1513036484674585,0.1513036484674585,0.1513036484674585,False,0.0719426329413219,7.823944454465705e-05,7.25035430211879e-05,0.0001970724709131,2.7181081461850964,0.6029915077325624,0.0291055442543078,0.3679029480131297,-0.4399095376549646,0.8593192278515588,0.260864070590022,6296.739245864951,True,body,high
-0.009486230530175,0.0018601301443601,-0.0052133916540298,0.0004786155530703,0.0004753426821993,0.1245287466833778,0.1245287466833778,0.1245287803116975,False,0.2431466112024683,8.675336889142076e-05,3.9179478403488535e-05,5.029650853421908e-05,2.2142553302520804,0.4202356729550244,0.1281452267824256,0.45161910026255,0.168386473860435,0.4331491252751228,0.8854534604902987,24408.97679776225,True,body,high
-0.0092508234330221,0.0017575394513043,-0.0050944586845272,0.0002000207778224,0.0002000091240546,0.0985363758990265,0.0985363758990265,0.0985363758990265,False,0.5800838210169037,9.82934775698376e-05,4.362195896208441e-05,0.000102646418188,2.3530905220754623,0.0424071360213809,0.5326198378164192,0.4249730261621999,-0.0154399866746291,0.6438056099357621,0.7650332956327645,29239.75149301418,True,body,high
-0.0090206752396593,0.0017409863024069,-0.0049514502574833,0.0001077397567095,0.000106681037658,0.1218405996904526,0.1218406333187723,0.1218405996904526,False,0.8252311785115578,6.430629191048945e-05,6.914939352539297e-05,0.0001870034518429,2.9080117401766388,0.6302239726383556,0.0258984610560633,0.343877566305581,-0.7011148139575318,-0.057287528339352,-0.7107433831883794,11544.408299816329,True,body,high
-0.009152569871299,0.0017662307312401,-0.0050269105929379,0.0001068515122685,0.0001051795138481,0.0829351559060972,0.0829351559060972,0.0829351559060972,False,0.2524306089716739,6.991854740611987e-05,6.089349663812956e-05,0.0001432127037137,2.351855479162888,0.5117852984197503,0.0630185069756658,0.4251961946045838,-0.5221301299605617,0.8072754259143938,0.2751118210875367,19577.066075509072,True,body,high
-0.0096360458492802,0.0021285134059473,-0.0050828472751212,0.0007087068071344,0.0006650913236193,0.1156972437319409,0.1156972773602606,0.1156972773602606,False,0.0719245198294675,7.852821368433041e-05,6.679925434374021e-05,6.056967700325211e-05,1.296493849226141,0.1493598133753372,0.0793291614340025,0.7713110251906602,-0.0315800852839121,0.9943205413652412,0.1016334552821809,3978.9651305357975,False,body,high
-0.009799728169713,0.0017757907837364,-0.0053668941061051,0.0008070205982288,0.0008033764096323,0.1211431819679176,0.1211431819679176,0.1211431819679176,False,0.5603319205035213,0.0001094238492973,7.386257927045314e-05,0.0001801131400805,2.438489717791733,0.3924715917538558,0.1974385100998489,0.4100898981462952,-0.340321270713067,0.9165392270156186,0.2100887384936554,4978.307412205074,True,body,high
-0.0092518134457363,0.0017697131387108,-0.0050802797163803,0.0002010828381007,0.0002009829419367,0.1084327868508258,0.1084327868508258,0.1084327868508258,False,0.063609101119521,8.593692283263493e-05,8.524311411182857e-05,0.0002081959720286,2.4423787680436044,0.5872306174069025,0.0033324790775053,0.4094369035155921,-0.4791595685804531,0.8207068886174018,0.3112013991191837,29935.648785518744,True,body,high
-0.0092234051878234,0.0017494979146138,-0.0050751267750378,0.0001682959633699,0.0001681784626545,0.112533121501793,0.112533121501793,0.112533121501793,False,0.0512980431245782,8.41245930692146e-05,7.016951170199554e-05,0.0001706017867079,2.431280802302416,0.5068950056589795,0.0817991513248609,0.4113058430161596,-0.401897879753156,0.8406599543464075,0.3629999110305865,28019.02824124181,True,body,high
-0.0087279441173529,0.001568789009732,-0.0048071834789551,0.0004365854783038,0.0004253122918563,0.1374277294174221,0.1374277630457417,0.1374277294174221,False,0.1558905456007847,0.0001036037775549,0.0001281001146381,8.419666818984126e-05,1.5214392373495476,0.1912280652707469,0.1514995472088226,0.6572723875204305,-0.0324405155496784,0.9877033259279436,-0.1529370880517511,6945.2951280816205,True,body,high
-0.0092703724420819,0.0022812352902272,-0.005465125722837,0.00073268219418,0.0004731123321926,0.3908490317328438,0.3908490317328438,0.3908490317328438,False,0.1344298901224575,1.9379735666121752e-05,7.0842878783975705e-06,1.015211037931593e-05,2.735594035529984,0.4761481500976758,0.1583005338035288,0.3655513160987953,0.0320899014359896,0.9951482183218814,-0.0930067836053566,4244.927408808576,True,body,high
-0.0093804395692648,0.0016836814409318,-0.0052472200706832,0.000377998541002,0.0003701813486505,0.1393159595693261,0.1393159595693261,0.1393159595693261,False,0.5438816705199889,0.0001456125337459,0.0001084137429801,0.0002643810511561,2.438630416114038,0.449232336776279,0.1407014254731472,0.4100662377505737,-0.4093965075550148,0.8951054177056685,0.176580833602397,7277.483223716584,True,body,high
-0.0092049697671609,0.00178583594473,-0.0051292781271975,0.0001794981982244,0.0001741722769614,0.1321141186195172,0.1321141186195172,0.1321141186195172,False,0.1598315442326143,0.000107036857868,8.736093730855461e-05,0.0002016741574846,2.308516411315444,0.4692584354732195,0.0975629242977609,0.4331786402290195,-0.3294689507508663,0.896362889702606,0.2966206001866979,27290.39642681253,True,body,high
-0.0094960642636238,0.0019030406575283,-0.0053431685269084,0.0005580212505705,0.0005451871945135,0.0988363068825498,0.0988363068825498,0.0988363068825498,False,0.4329007563860929,0.0001031853981169,4.482688622593651e-05,0.0001172208584075,2.6149676740153214,0.1197351775217167,0.4978509173516913,0.382413905126592,-0.0290459210707744,0.6178156275314151,0.7857863480915878,18188.359670728536,True,body,high
-0.0090405549938175,0.0013782563107982,-0.0050267834763108,0.0003393067441734,0.0001173368830909,0.140276384380339,0.140276384380339,0.140276384380339,False,0.1754904445581714,6.861800858562116e-05,7.03645160499343e-05,0.0001561938218013,2.27628030921996,0.5495051261410865,0.0111816680338006,0.4393132058251129,-0.7514222669992858,-0.0920721220042718,-0.6533661309000371,3281.795525804764,False,body,high
-0.0093001075821815,0.0017469864923616,-0.0049055248561153,0.0002805866214173,0.0002737146807029,0.1536572273075557,0.1536572273075557,0.1536572273075557,False,0.0883474765933009,0.0001129776296394,4.7955061028713656e-05,6.065748371680033e-05,2.3559062842573915,0.4631018201536378,0.1124330783768394,0.4244651014695227,-0.0165343091435922,0.6820903952372477,0.7310809184667861,8840.924189539744,True,body,high
-0.0093073837207589,0.0018313689516956,-0.0051664131329615,0.0002967688013362,0.0002891830561446,0.1207437447863626,0.1207437447863626,0.1207437447863626,False,0.0529852897017712,9.207226533919366e-05,7.399216308071605e-05,0.0001705433879288,2.3048844746274315,0.4601240982874729,0.1060146774263757,0.4338612242861512,-0.3322653335679428,0.8950164941825229,0.2975654940516616,24723.52712524605,True,body,high
-0.0092968708612758,0.0016924121862743,-0.0047247495488777,0.0004014476312465,0.0003733786310422,0.1187658615341028,0.1187658615341028,0.1187658615341028,False,0.0798245408814483,6.293692595436645e-05,6.461822051633242e-05,0.0001462434498839,2.323650983366925,0.5581462242062305,0.0114965460900989,0.4303572297036706,-0.4642586230090255,0.0898279958788483,-0.8811327153829626,7715.072231681322,True,body,high
-0.0092927865801197,0.0018208741885987,-0.0052473822143797,0.0003231679377254,0.0003140352890335,0.0841476922300011,0.0841476922300011,0.0841476922300011,False,0.9723405300795648,7.675038037813927e-05,7.983410657501077e-05,0.00020184588639,2.629900795222492,0.6044798930372082,0.0152776271640817,0.38024247979871,-0.3360133878158384,0.1486839953609091,-0.9300473497258296,16587.738151682523,True,body,high
-0.0094282540996737,0.0018557560125012,-0.0053224283464512,0.0004792759641084,0.0004711028733868,0.1788878493937604,0.1788878493937604,0.1788878493937604,False,0.6020693573762378,0.0001182859452734,5.085164404496942e-05,7.462086664345932e-05,2.3260987426248625,0.3691484945994392,0.2009471416367249,0.4299043637638358,-0.7467258821849859,0.6228011831568557,0.233493347086111,18182.494594422857,True,body,high
-0.0094831519802047,0.001815847886556,-0.0053636491570395,0.000536502798417,0.0005346992055535,0.2313165184109988,0.2313164847826791,0.2313165184109988,False,0.4283969481772345,0.0001336679014119,5.671396203539761e-05,0.0001461892066521,2.577658153399629,0.0856513659728115,0.5263995963779884,0.3879490376491999,-0.3863656499752634,0.8471914278664883,0.3646755668655811,10369.638250154558,True,body,high
-0.0089151927073129,0.0017720091183341,-0.0047483157146735,0.0003381011640751,0.0003365075887018,0.123471169656713,0.123471169656713,0.123471169656713,False,0.0734513868811387,0.0001182723528991,5.197724125072837e-05,8.186562457559972e-05,2.2754642234398443,0.3078211215987477,0.2527081147219671,0.4394707636792851,0.0426677699718861,0.5851214796018136,0.8098223975133131,6676.930329287611,True,body,high
-0.0087794851463349,0.0015322642402347,-0.00485722674703,0.0003865754089346,0.0003615004992751,0.1800283874851581,0.1800283874851581,0.1800283874851581,False,0.1984708615349056,0.000126041302898,5.227246895658386e-05,0.0001255621877336,2.411236840616054,0.0038012552506729,0.581473827165326,0.414724917584001,-0.3806801268635715,0.8747299154057896,0.2998836709547808,7015.415074310487,True,body,high
-0.0092204262867794,0.0021380958362306,-0.0052977944234018,0.0005154236123405,0.0003189345466948,0.1356864213943456,0.1356864213943456,0.1356864213943456,False,0.0674725169647149,0.0001227802298542,0.0001065250399152,0.000245822652736,2.307651355319956,0.5005332971241415,0.0661256794605817,0.4333410234152767,-0.3797262629454083,0.8638193520717947,0.33109529174511,6535.252600749271,True,body,high
-0.0098724221521435,0.0019658247971938,-0.0053493311926113,0.0009010444405823,0.0008974457869372,0.1427911437568223,0.1427911437568223,0.1427911437568223,False,0.3422130835786325,0.0001018221726856,9.384337983520408e-05,0.0001925282223548,2.051590881455127,0.4711311856505709,0.0414421987218863,0.4874266156275427,-0.194531672754324,0.9587000202549668,0.2074890345500953,5970.37312874679,True,body,high
-0.0094388337870757,0.0018955504926514,-0.0053164729944231,0.0004970443901799,0.0004818891128887,0.1456503243838096,0.1456503243838096,0.1456503243838096,False,0.4493745196776512,0.0001200333484694,5.1328397494899775e-05,9.891958390443645e-05,2.3385368397946267,0.1758991549784471,0.3964830358927383,0.4276178091288146,-0.0851709027414468,0.6706421065980939,0.7368752147981896,28010.95119254,True,body,high
-0.008817415395726,0.0016328727601335,-0.004891300430107,0.0003012984719764,0.0002978798026173,0.1580434363044061,0.1580434363044061,0.1580434363044061,False,0.8006888441042197,0.0001359891439326,8.129247547678859e-05,0.0001844574772142,2.2690596655147166,0.2627615535762349,0.2965272499761571,0.440711196447608,-0.5079188215988275,0.8224686915969659,0.2560541388230886,8178.79545966169,True,body,high
-0.0094410925388338,0.0019383820249707,-0.0053741752689314,0.00054792531159,0.0005199407711282,0.1224667926318347,0.1224667926318347,0.1224667926318347,False,0.4061463849172735,9.650346728100066e-05,3.267856707671432e-05,8.672896565867717e-05,2.953111960339469,0.1012865329891402,0.5600876331684317,0.338625833842428,0.0315957302946635,0.6063900870092298,0.7945393459131432,16158.083117944398,True,body,high
-0.0090658114158153,0.0017473602401087,-0.0050718859794834,3.929079034677546e-05,2.200904104753167e-05,0.0914852907064927,0.0914853243348123,0.0914852907064927,False,0.9489318574765432,8.800926369320236e-05,3.0754729918024186e-05,7.045100017797903e-05,2.861649701616253,0.1995047200534582,0.4510464989041932,0.3494487810423485,0.0180286200736196,0.557406797551909,0.8300437524017432,18744.50897057097,True,body,high
-0.0093797583272356,0.0018557468281245,-0.0052621589718086,0.0004086552684045,0.0003987987722833,0.1079281266568877,0.107928093028568,0.107928093028568,False,0.7706973441459058,7.818208668403295e-05,7.074319737808779e-05,0.0001791168099877,2.531929805638004,0.5635134039658467,0.041530938980297,0.3949556570538561,-0.5326932260524829,0.7483907508381691,0.3951571978057336,18875.103826372928,True,body,high
-0.0090602235261595,0.0017336569217367,-0.0049846670824726,6.608313868576874e-05,6.595165411089928e-05,0.0892715384197635,0.0892715384197635,0.0892715384197635,False,0.9824704242619962,0.0001070559482127,7.694290435724015e-05,0.0001743221762525,2.265604316717331,0.3858730397118717,0.1727436204784145,0.4413833398097137,-0.3195024952966965,0.8868859999841077,0.3336935398406355,12419.632051148905,True,body,high
-0.0095723757949823,0.0018614619900496,-0.0051190343203407,0.0005366404714413,0.0005363966834614,0.0691122687162487,0.0691122687162487,0.0691122687162487,False,0.978943721224161,7.533109733736644e-05,3.353996002818739e-05,0.0001018518912101,3.036732635474684,0.260385875585129,0.410312825934346,0.329301298480525,-0.1200451939132788,0.6485152710965879,0.7516761899733436,7169.693702620204,True,body,high
-0.0096313682062029,0.0017725192939548,-0.0053958757248281,0.0006705725471774,0.0006699116553279,0.1718194456165742,0.1718194456165742,0.1718194456165742,False,0.3802700294950276,0.0001106898434098,0.0001245987787593,9.00827684932835e-05,1.3831588531676415,0.1116297887344714,0.1653874550117188,0.7229827562538097,0.3148652870961314,0.9479125800649918,-0.0481828967207362,5955.11460280145,True,body,high
-0.0091214272189263,0.0019000029949941,-0.005739076550056,0.0007172566775328,0.0006553700060911,0.6982996438272194,0.6982996438272194,0.6982996438272194,False,0.2496381622365398,8.260604134477836e-05,3.520073341222049e-05,3.421834364790001e-05,2.414086496844447,0.5738721667426135,0.0118924687386993,0.4142353645186871,0.82207910864527,0.4654276302853047,-0.3279680778612515,2219.9780905734506,False,body,high
-0.0094695317618653,0.0018684516776378,-0.0052304891361511,0.0004727931175831,0.0004673630873741,0.131499325678518,0.131499325678518,0.131499325678518,False,0.5861487134639981,0.0001116501664027,4.015088207824555e-05,6.490894017880828e-05,2.780764970124385,0.4186400050256262,0.2217467192233959,0.3596132757509778,-0.740285757111967,0.6340624342341539,0.2234766818042126,26753.57866378001,True,body,high
-0.0094352936363304,0.0019054377838087,-0.0053127731073942,0.0004960449399455,0.0004783351814639,0.1221501483734139,0.1221501483734139,0.1221501483734139,False,0.5356787568966402,0.0001306100955464,4.699242257077366e-05,0.000111153702267,2.77938630105235,0.1489654624169136,0.4912428815540653,0.3597916560290209,0.0583776690076111,0.5738286060452936,0.8168921462747413,27401.23122476901,True,body,high
-0.0088905565210131,0.001852686702061,-0.0050463691027556,0.0002180015312862,0.0001322867248206,0.0916220570827668,0.0916221243394062,0.0916220907110865,False,0.9764602940045904,8.110329858518751e-05,9.416733157229173e-05,0.0001914880502064,2.3610389903598894,0.5082339003881571,0.0682237506362456,0.4235423489755972,-0.4129159746514246,0.103072280210455,-0.9049179537007108,6466.772498267322,True,body,high
-0.0093885880933757,0.0017785972760642,-0.0046977343578383,0.0004841954997572,0.0004747039704104,0.1031317530444938,0.1031317530444938,0.1031317194161741,False,0.2020715463363269,0.0001016025152517,4.455883454783767e-05,9.585800020645785e-05,2.280187897253803,0.0565391027084766,0.5049005482938056,0.4385603489977177,0.1035291066538215,0.6042938486880536,0.7900067521947147,5930.781728205801,True,body,high
-0.0090761708593459,0.0017697009447906,-0.0050855050662697,6.686990376174516e-05,4.001807705431957e-05,0.1298580282782691,0.1298580282782691,0.1298580282782691,False,0.4096938357349444,6.98982131091035e-05,6.908822270921343e-05,0.0001886792006992,2.730989353907693,0.6295393829841703,0.0042929501338152,0.3661676668820144,-0.3855721634051686,0.8706186796918601,0.3055441398205178,23316.66684054723,True,body,high
-0.0092024046011246,0.0017543787782025,-0.0049828836468058,0.0001608005453894,0.0001601879893737,0.1238816032988143,0.1238816032988143,0.1238816032988143,False,0.7889205903652802,8.015421217043353e-05,3.5541733999787326e-05,7.546095458111595e-05,2.2552138894211846,0.0585528503397702,0.4980302282361352,0.4434169214240945,-0.0290834527913444,0.4930290459416838,0.8695266026014196,15919.55195300462,True,body,high
-0.0092196085634635,0.001769640514037,-0.0050829655367555,0.0001712476286027,0.00017056574889,0.0969809988556452,0.0969809988556452,0.0969809988556452,False,0.9783826553469492,0.0001077290849279,8.46544725041771e-05,0.00019210986492,2.2693409956639847,0.4392318948702028,0.1201115436387327,0.4406565614910644,-0.3082926247836834,0.8570877947002669,0.4127422557478459,30034.85575305394,True,body,high
-0.0088661580027513,0.0016789152335506,-0.0047256337584663,0.0003786754009121,0.0003757871995482,0.100529190125239,0.100529190125239,0.100529190125239,False,0.7417540794900853,7.50531543480969e-05,6.20105398146323e-05,0.0001420759908211,2.2911587489129026,0.4717393564223021,0.091800271517283,0.4364603720604148,-0.2866734722930155,0.8718312226578793,0.3971506508647985,6578.068220386714,True,body,high
-0.0096221748152284,0.002130779145221,-0.0051322079943819,0.0007029947425696,0.0006530912132077,0.1149153852986057,0.1149154189269254,0.1149153852986057,False,0.2288932647766011,0.0001083351939837,0.0001329279849098,7.768249574592698e-05,1.711170368993395,0.1850083783546632,0.2305962755593387,0.584395346085998,0.3444115068725545,0.9386944113725232,-0.0152812300476352,4024.94153231153,False,body,high
-0.0093289815735412,0.0018949534951428,-0.005204568061461,0.0003582413685772,0.0003344133113571,0.1408590622760121,0.1408590622760121,0.1408590622760121,False,0.2255968989337891,0.0001646040047826,7.144996988139735e-05,8.533535156587359e-05,2.303765908591686,0.4815718385555341,0.0843562810200744,0.4340718804243915,-0.0527812879307892,0.6831059979552712,0.7284094529877411,14541.294871872858,True,body,high
-0.0094936993586676,0.0017262904415039,-0.0055611139895257,0.0006712159757561,0.0006711958786191,0.1635820878178325,0.1635820878178325,0.1635820878178325,False,0.1258617652254856,9.80363108883346e-05,5.605333127725605e-05,0.0001269530137666,2.2648611754880164,0.2277748437815554,0.3306969906855054,0.4415281655329391,-0.289036426317084,0.8764163433364459,0.3851653377377327,4708.856021150521,True,body,high
-0.0092482657469224,0.0015635010248959,-0.0052942888508386,0.0003449797183813,0.0003124958309441,0.1520088343318472,0.1520088343318472,0.1520088343318472,False,0.4202668215361989,0.0001021758600214,0.0001241255613104,0.0002937085397014,2.8745394424854096,0.5773852492114155,0.0747329352809943,0.34788181550759,-0.5861789173294145,0.0554470312090348,-0.8082820693350928,5673.516185112534,True,body,high
-0.0093494280515922,0.001895659979903,-0.0052342824969605,0.000387486066019,0.0003652007443811,0.1274882069597503,0.1274882069597503,0.1274882069597503,False,0.6652917256419488,0.0001249916436083,5.370471343415214e-05,0.0001001800603313,2.327386845878768,0.1985059365627632,0.371827632276145,0.4296664311610917,0.0008618271706552,0.5722808985381007,0.820057211676327,16749.260462693976,True,body,high
-0.0097780625085777,0.0019082286169912,-0.0054061749513592,0.000824372324734,0.0008220472420413,0.1213941501179383,0.121394183746258,0.1213941501179383,False,0.7604844737059762,7.612536638312698e-05,8.524636594059505e-05,0.0001928145900871,2.532855988065521,0.5578842560511151,0.047304509235239,0.3948112347136459,-0.4201298108174325,0.1885269667499991,-0.8876646466265025,5599.221576264329,True,body,high
-0.0091390275169515,0.0017703301440858,-0.0050514392353101,9.53005999737185e-05,9.01105374139689e-05,0.1126453392046765,0.1126453392046765,0.1126453392046765,False,0.9009312501477356,0.0001043511978074,4.620496491134749e-05,9.912984853745092e-05,2.258441230452656,0.050036313714302,0.5071804132405228,0.4427832730451753,-0.0774641509439651,0.6871276333729726,0.7223952663007895,20898.97579395193,True,body,high
-0.0093746364037803,0.0018341058174678,-0.0051737776590302,0.0003580761655172,0.0003541350212604,0.121093042143225,0.1210930757715448,0.121093042143225,False,0.4085362027596033,6.21406018981433e-05,7.001576699882674e-05,0.0001808767226166,2.910765539624194,0.612908913950032,0.0435388533513806,0.3435522326985872,-0.6112158312516669,-0.0294063408446337,-0.7909174892145591,26291.235975889937,True,body,high
-0.0094782205934085,0.0018849857504687,-0.0052445287394725,0.0004912535105164,0.000483396487683,0.108445901895514,0.108445901895514,0.108445901895514,False,0.3742532167542772,7.844138892367621e-05,3.441253775656679e-05,8.594364347397613e-05,2.4974514835824886,0.0872927216842,0.5122990995889234,0.4004081787268765,-0.115174608795973,0.418641571782388,0.9008185410304708,20686.055515029188,True,body,high
-0.009087467123547,0.0017830246846437,-0.0050908939897295,8.355156992537053e-05,5.34281620994378e-05,0.1218091235832009,0.1218091235832009,0.1218091235832009,False,0.4093644558417799,7.689712981229118e-05,6.62404299540549e-05,0.0001508734127156,2.277663548082899,0.4903202066675688,0.0706333850770519,0.4390464082553792,-0.3984129581088202,0.867683047929761,0.2973100118500879,23204.282906941608,True,body,high
-0.0090122496683423,0.0017990863857752,-0.0045307032388373,0.000526524826205,0.0005264419627417,0.1492481510533003,0.1492481846816201,0.1492481510533003,False,0.0964995966325953,0.0001224484878309,0.0001329974730288,9.071235636278368e-05,1.4661450585292135,0.0793171851889701,0.2386220636032567,0.6820607512077731,0.2950880760105007,0.9439731902472324,-0.1477756525645666,7999.139481887886,True,body,high
-0.0091287841870871,0.0018149800903903,-0.0046019168376843,0.0004623413820896,0.0004622058029042,0.1264194989592603,0.1264194989592603,0.1264194989592603,False,0.1279071610538453,9.255355954113677e-05,4.317213151848311e-05,5.796058700553274e-05,2.143826498386168,0.373761665214277,0.1597826767589278,0.4664556580267952,-0.7419411868787954,0.6262203594780167,0.2395231441596157,9057.227637698328,True,body,high
-0.0098674641650366,0.0021090492344029,-0.0046898614819021,0.0009663704863214,0.0009622340930407,0.2125071567174168,0.2125071903457365,0.2125071567174168,False,0.1151727974029654,3.03746930165528e-05,6.983245051544565e-05,7.476097761371284e-05,2.4612916276379018,0.0659237914695645,0.5277854672095059,0.4062907413209294,0.6388742616540088,0.5876957750108923,0.4964406851078904,2768.7171527625605,False,body,high
-0.0085357909428552,0.0019796310646249,-0.0048644352632162,0.0006153259442055,0.0005051329286607,0.1906205683718264,0.1906205683718264,0.1906205683718264,False,0.1674122059767548,2.68575428682774e-05,4.814449653763312e-05,7.328239458033239e-05,2.728559158957515,0.3430277925094687,0.2904784128747443,0.3664937946157869,-0.9618827210309632,0.2303629156898278,-0.1473586036068214,6257.05201027535,True,body,high
-0.0089707141238349,0.0017725223371823,-0.0048480984908425,0.0002266539701325,0.0002234467971026,0.1119909993596943,0.1119909993596943,0.1119909993596943,False,0.2045439518172591,0.000118979926782,5.204127470521136e-05,8.668480912937674e-05,2.286260808483882,0.2714333293534926,0.2911712535142235,0.4373954171322838,0.1124767391535298,0.6612021087361059,0.7417282214883802,9249.098387270578,True,body,high
-0.0087996165348633,0.0015915475076962,-0.0049840897725789,0.0002963220915993,0.0002898384164965,0.1620105019243493,0.1620105019243493,0.1620105019243493,False,0.5357714099956161,0.0001550452052422,9.278563641215082e-05,0.0002181182257633,2.350775768724126,0.2891689600917542,0.2854395528491691,0.4253914870590766,-0.4082688407237792,0.8601516692475379,0.3057051840985617,6209.94977281701,True,body,high
-0.0094923531269745,0.001771898078099,-0.0051016382153238,0.0004385656663207,0.0004356163136159,0.0934417863474147,0.0934417863474147,0.0934417863474147,False,0.9695026214103368,0.0001205920122076,5.167411969137733e-05,0.000117061497651,2.3337023045178777,0.0292765208246812,0.5422198101066149,0.4285036690687037,-0.093856999573695,0.6248363398291997,0.7750938085547271,7982.112539406523,True,body,high
-0.0092666685950072,0.0017236047436593,-0.0049444310723244,0.0002309417195043,0.0002208650376821,0.083581088671151,0.083581088671151,0.083581088671151,False,0.6911359041557792,0.0001050208479846,7.395343335078444e-05,0.0001773316523551,2.3978826177548025,0.4077715591670011,0.1751938484823837,0.4170345923506151,-0.4543129358714439,0.8438861974375713,0.2854046987598937,10754.98118770037,True,body,high
-0.0092634877059202,0.0017671382213218,-0.0050357144558623,0.0002095551804685,0.0002094097784898,0.0950361049850241,0.0950361049850241,0.0950361049850241,False,0.97218038084975,0.0001108365134182,4.257977194448064e-05,9.586791949808258e-05,2.603032105545401,0.1350511077853203,0.4807815214513157,0.384167370763364,-0.0696154376745164,0.6452237141297994,0.7608153846774739,18421.755529962047,True,body,high
-0.0091646798631382,0.0017606712599057,-0.0051021239438096,0.0001252516838664,0.0001227390986818,0.1226400121066781,0.1226400457349978,0.1226400121066781,False,0.0902529384146408,8.189193945339722e-05,8.771983890589163e-05,0.0001970188205039,2.405838985118523,0.5547641657709876,0.0295804199699673,0.415655414259045,-0.5682868220684971,0.046829448980412,-0.8214968597453547,23549.61908600615,True,body,high
-0.0091348774538193,0.0017121195492947,-0.0047074854918279,0.0003489607366698,0.0003372742491767,0.1194336527069703,0.11943368633529,0.11943368633529,False,0.2654791732152559,7.016181645495484e-05,2.9981791080185604e-05,7.327442783412668e-05,2.443964326152361,0.0424788220280333,0.5483499027208489,0.4091712752511177,-0.0647238443127363,0.4336482550864182,0.8987547022619049,8251.072676573256,True,body,high
-0.00910069384845,0.0017663064418801,-0.0050830599315612,7.287206777867803e-05,5.851159592273963e-05,0.0901995791588925,0.0901995791588925,0.0901995791588925,False,0.9716270211728536,7.683643255094696e-05,5.352937784983118e-05,0.0001241447987969,2.3191900183345764,0.3810740901308634,0.1877408874714868,0.4311850223976498,-0.3107323999425498,0.8874120685608533,0.3405072630627585,27338.005914458183,True,body,high
-0.0092165235622835,0.0017903279938735,-0.0051575082219587,0.0002041968196995,0.0001979616487376,0.1234911785069424,0.1234911785069424,0.1234911785069424,False,0.1493970049292385,8.731737501290307e-05,7.951383857135704e-05,0.0001963440379915,2.469306494559274,0.5552837972261562,0.0397441986085683,0.4049720041652754,-0.3926951315926096,0.8699885445636323,0.2981785806383749,32495.18163589625,True,body,high
-0.0092395736136354,0.0008518382141963,-0.0045876722498037,0.0009957820784237,0.0002875679080279,0.4627177447657279,0.4627177447657279,0.4627177447657279,False,0.0976217082393776,2.839377020710493e-05,6.432567424472054e-05,5.8939060905354686e-05,2.2654854841582264,0.0837397105061507,0.4748537975994357,0.4414064918944136,-0.958212841607008,-0.187024706120757,0.2164483991159746,5501.090247172968,True,wing_R,high
-0.0087021624086417,0.0024971433442023,-0.005479260521415,0.0009611684295768,0.0002917748126409,0.3417252362779135,0.3417252362779135,0.3417252026495938,False,0.0961364135561734,5.509517277123515e-05,2.409033371772184e-05,5.689631021426641e-05,2.3617900391479902,0.0316564894322379,0.5449358479794536,0.4234076625883085,0.6714223049005553,0.7408747824665329,-0.0172233906996559,6391.010496719882,True,wing_L,high
-0.0091278093574022,0.0015024129542129,-0.0044700752611726,0.0006202762123155,0.0005240175804233,0.204598986540349,0.2045989192837096,0.204598986540349,False,0.3994795385140833,8.656006866218227e-05,3.563907860966586e-05,6.493773098705807e-05,2.4287964795674,0.2497957546626914,0.338477693354611,0.4117265519826975,-0.8881460260290357,0.3036913804987273,0.3449176450395207,3291.4639811138127,True,body,high
-0.008333367171273,0.0033004883185613,-0.0051272423426664,0.0017449337411722,0.000376223803821,0.520494878232484,0.520494878232484,0.520494878232484,False,0.0589833422450784,6.431610502058783e-05,2.8035741316036445e-05,2.3218032104319203e-05,2.770092862806544,0.5640945404411214,0.0749067315282085,0.3609987280306701,0.4548101432534188,0.4467184605642342,0.7704481491865143,4494.432059038698,True,wing_L,high
-0.0092027766364301,-0.0001405069654442,-0.0047410347640303,0.0018874205182989,0.0003650334794819,0.2797115209211016,0.2797115209211016,0.2797115209211016,False,0.1014169520271404,9.375567000064688e-05,4.094267013105167e-05,7.961551613516152e-05,2.2899256374962427,0.1508191863530791,0.4124854102567133,0.4366954033902076,-0.9625570639229186,0.2501067900226024,0.1045489946230001,6642.413848227194,True,wing_R,high
-0.0088425946382748,0.0016658459114657,-0.0048617477830291,0.0002914028683745,0.0002901997870858,0.1438237685702598,0.1438237685702598,0.1438237685702598,False,0.3930227938611048,0.0001654396753474,0.0001026523407796,0.0002495033676389,2.430566762957946,0.336924078768871,0.2516492469096953,0.4114266743214336,-0.4824359740070032,0.8413833700929897,0.2435765906545149,8228.662794810303,True,body,high
-0.0093368898091053,0.0016566071225064,-0.0047728952077347,0.0003947338564514,0.0003500034976336,0.1015578467969504,0.1015578467969504,0.1015578467969504,False,0.5122075058498208,0.0001162500317042,5.171173422912221e-05,0.000115149125489,2.248039703893931,0.0094701584087302,0.5456978405070118,0.4448320010842579,-0.0116308219606353,0.6533154364504123,0.7569964758677066,6562.076670712141,True,body,high
-0.008758109948744,0.0018000762582429,-0.0048607804974494,0.000365690336591,0.0003445777233359,0.1043158734382399,0.1043158734382399,0.1043158734382399,False,0.6619278510500451,7.673142524877561e-05,8.772761927355215e-05,0.0001986584793801,2.58901067895081,0.5583998249294077,0.0553522510545942,0.3862479240159981,-0.4809557200053758,0.1342044299696632,-0.8664125843791906,6527.839835732508,True,body,high
-0.0090487371881851,0.0017480534101695,-0.0049395494984467,0.0001140339189293,0.0001133951734411,0.1117665975822472,0.1117665975822472,0.1117665975822472,False,0.1502826699063652,8.807853498417932e-05,6.356946712586643e-05,0.0001603395391578,2.522272820699036,0.4506748900067356,0.1528572926368316,0.3964678173564328,-0.3123908913568115,0.8821653353956431,0.352414886211677,12343.326117034652,True,body,high
-0.0094698852829699,0.0018580282937266,-0.0052204693421734,0.0004660587889921,0.0004622368372321,0.0875139879182655,0.0875139879182655,0.0875139879182655,False,0.2320523616395703,6.44674161559575e-05,6.44399400419954e-05,0.0001505405448825,2.336137258731798,0.5717604436316153,0.0001825163711446,0.42805703999724,-0.4304800853798738,0.8628991547230238,0.2647488335566892,28121.351051311816,True,body,high
-0.0089392135032357,0.0018144959759046,-0.0048291281995487,0.0002692035514379,0.0002563218498296,0.1306452336144386,0.1306452672427583,0.130645300871078,False,0.0829601870222613,4.824727016046293e-05,2.184871307682453e-05,5.814783062354947e-05,2.6613846966221684,0.1702653453605694,0.4539904034347096,0.3757442512047209,0.1509990989360266,0.5196958842524015,0.8409015756981447,7417.645942499523,True,body,high
-0.0100207567688522,0.0016765068194183,-0.0054219062220924,0.0010310095527598,0.0010077076737932,0.1487543864349494,0.1487543864349494,0.1487543864349494,False,0.1095913500851488,0.000121661389295,4.427540830971873e-05,6.564463593702401e-05,2.747832124867465,0.4604316429609884,0.1756451060695833,0.3639232509694282,-0.7596696714448793,0.5709108701844599,0.3113884528881119,5580.81185946848,True,body,high
-0.0088366886282385,0.0022792406873238,-0.0050718321086968,0.0006063072677257,0.0001138923754507,0.1969355296458352,0.1969354960175155,0.1969355296458352,False,0.1516296315474521,3.253688867240241e-05,6.581501325179928e-05,7.348107413868912e-05,2.2583927700811577,0.104327011774771,0.4528802139798244,0.4427927742454046,-0.992058395039466,0.1032610664680718,-0.0718142951200837,6550.945225744778,True,wing_L,high
-0.0086336364661485,0.0017286904826868,-0.0046622906580602,0.0005758007938362,0.0005736869469204,0.1037536079326329,0.1037536079326329,0.1037535743043132,False,0.3668141718647109,5.245909416884655e-05,0.0001169472913481,0.0001197991371321,2.283667665831007,0.0238052280870297,0.5383026850028075,0.4378920869101628,-0.0129372864525105,-0.6962072252877222,-0.717724268836171,5610.596624031412,True,body,high
-0.0085686405424289,0.0014250376781256,-0.0048257256351589,0.0006135433254078,0.0005837401066668,0.1248516121809456,0.1248516458092653,0.1248516121809456,False,0.0365553997281011,0.0001013425864315,4.705098803401741e-05,0.0001067599210389,2.269026124631774,0.0507431492515997,0.5085391396809334,0.4407177110674667,0.0583191008562429,0.7462307298734967,0.6631278762559961,3910.983625736013,True,body,high
-0.0092734049205191,-0.0001002418423106,-0.0045269905606369,0.0019018219619206,0.0003252602358745,0.1966140765376954,0.1966140429093757,0.1966140765376954,False,0.1856507207978183,3.541691415694382e-05,6.420309969125892e-05,8.112433946219664e-05,2.290553578516424,0.2085840067619027,0.3548403071772221,0.4365756860608751,-0.9958394894274784,0.0823119965986675,0.0390953515492442,4329.113389184915,True,wing_R,high
-0.0090407121959835,0.0016998632417579,-0.0047719458830946,0.000277677012501,0.0002702347684032,0.1293634565802449,0.1293634565802449,0.1293634229519252,False,0.1108413546554269,5.718085631322948e-05,0.0001298333570246,0.0001214480319538,2.270573849286729,0.0645852904291603,0.4949974114000989,0.4404172981707408,0.0390955293756434,-0.6683089631585374,-0.7428557527170394,7858.611611779609,True,body,high
-0.0091517202864769,0.0017566529876852,-0.0049614814606092,0.0001322597396367,0.0001322326132992,0.0981785033206372,0.0981785033206372,0.0981785033206372,False,0.5841103169227994,0.0001151216750706,5.445126930615948e-05,4.510665829384158e-05,2.5522102373592754,0.5270111447495692,0.0811716039276395,0.3918172513227912,-0.5526670921733523,-0.3680985546437562,-0.7477048477158816,16045.366346046962,True,body,high
-0.0093037763009617,0.0017625413292358,-0.0046354835351068,0.0004814521802522,0.0004708858086176,0.1874197576448713,0.1874197240165515,0.1874197240165515,False,0.231811631622683,5.652669937832587e-05,2.870907603091082e-05,2.4897651171504168e-05,2.2703627337755354,0.4921147644095633,0.067426984085826,0.4404582515046105,-0.4270177403250797,-0.5230967129990336,-0.7375809638929616,6566.908352951756,True,body,high
-0.0092749752043615,0.0017737801317203,-0.0047854365824707,0.0003441321659434,0.0003400183074114,0.1361789753931869,0.1361789753931869,0.1361789753931869,False,0.0303796418158949,0.0001106112803492,4.657117436696619e-05,8.113145746475807e-05,2.3751018060581983,0.2665173279922087,0.3124480883746648,0.4210345836331264,-0.7246153624916913,0.6876868528528545,0.044937388156983,7404.668770911968,True,body,high
-0.0094822668192453,0.0016381909489943,-0.0045746399486867,0.0006390421064533,0.0005760752503742,0.2026631050594112,0.2026631050594112,0.2026631050594112,False,0.0686604258306019,2.731466895035437e-05,7.039680087824204e-05,7.360275839964525e-05,2.6946238496765806,0.0435575729919744,0.5853331161036394,0.3711093109043861,0.7914367304766314,0.5819447493524338,0.1869978886340507,5283.742384568459,True,body,high
-0.008920932038578,0.0018613994155148,-0.0044418767284596,0.0006391123183242,0.0006366211918588,0.1908105683782067,0.1908105683782067,0.1908105683782067,False,0.1101825145920627,2.963594052366962e-05,6.361495181659949e-05,7.685783239467508e-05,2.5933994682331845,0.1723035917806224,0.4421021284915137,0.3855942797278638,-0.9856102976176652,0.1391019424423603,-0.0960364037163955,4960.7299659716045,True,body,high
-0.0094088472358071,0.0015906126244404,-0.0046618756821065,0.0005352476951992,0.0004528468415026,0.1435142198872985,0.1435142198872985,0.1435142198872985,False,0.0874748083298608,4.17004912569493e-05,0.0001156307341609,0.0001148405757814,2.772886617772732,0.0068334633107823,0.6325315242114153,0.3606350124778023,0.0217353403273746,-0.6150100596202224,-0.7882196404218711,6829.160587135123,True,body,high
-0.0094261882981349,0.0014963148537987,-0.0050484582321787,0.0004266638887691,0.0002992638646603,0.121313711177184,0.121313711177184,0.121313711177184,False,0.0415920346458031,0.00010672327422,5.199672566030752e-05,5.068799178136452e-05,2.105494229883158,0.5127892576355224,0.0122628722601297,0.4749478701043478,-0.5119731769101435,-0.2904847806669617,-0.8083947416487831,4159.81373558389,True,body,high
-0.0092513714830021,0.0018537325655012,-0.0053522639100956,0.0003841980542327,0.000358340684007,0.1888686674280402,0.1888686674280402,0.1888686674280402,False,0.0641681244657874,6.694651064493894e-05,3.2882049075288105e-05,2.55553804100689e-05,2.6196640226322674,0.5088310240740838,0.1094406354362113,0.3817283404897048,-0.4544237100278462,-0.5569670296495611,-0.6951883339411506,8849.51432414042,True,body,high
-0.0087938597176741,0.0022982058540285,-0.0046011700866462,0.0007809113795753,0.00057025923261,0.0901218304837153,0.0901218304837153,0.0901217968553956,False,0.0691233753224518,5.9452445538991706e-05,3.538045463873058e-05,8.104693285015489e-05,2.290726155944693,0.2664442262249276,0.2970129782056905,0.4365427955693818,0.3566689217740773,0.7180077597638096,0.5977057278958205,2549.041735084029,False,body,high
-0.0084503528193034,0.0028330132991234,-0.0053440403259238,0.0013064769120091,0.0002924960197934,0.5861816405046754,0.5861815816551159,0.5861815816551159,False,0.0131327979484472,2.684573770968724e-05,7.242386292064479e-05,7.102610665209393e-05,2.697778831926484,0.0192996646710545,0.6100250271214523,0.3706753082074931,-0.7530806329837862,-0.6272546729863053,0.198547564683083,5702.048782524468,True,wing_L,high
-0.0090211727931807,0.0022701994258197,-0.0054521645452909,0.0006865780181032,0.000310984240205,0.3509257764098846,0.3509258100382043,0.3509257764098846,False,0.0170433599856102,3.401625821343465e-05,7.284474303811596e-05,7.239168402099225e-05,2.1414684290392083,0.0062195156194956,0.5268111905821081,0.4669692937983962,0.9910741838768932,0.0949994068018929,-0.0935257972969943,5579.810222006044,True,wing_L,high
-0.0095373740060935,0.0007288028794936,-0.0046235170287566,0.0011759980391868,0.0002844540204045,0.4752593950762682,0.4752593950762682,0.4752593950762682,False,0.0370537269719517,2.056440704634072e-05,5.931115151983636e-05,2.341732309952049e-05,2.884165411926639,0.605178410813881,0.0481008373648861,0.3467207518212328,0.941753158306852,0.2544492180001797,-0.219901305767307,3064.667520204324,False,wing_R,high
-0.0084457821288159,0.0030589450445753,-0.0050718657838534,0.0014769218231047,0.0003481764300255,0.580376804026558,0.5803767451769984,0.5803767451769984,False,0.0166649928559173,2.212775196702765e-05,5.082997099445409e-05,5.177909461187895e-05,2.340007005186721,0.0183302474587324,0.5543206045329669,0.4273491480083005,0.7481873617537682,0.6209222295875039,-0.2338188540644643,4709.058917920439,True,wing_L,high
-0.0085683008995633,0.0019615175879136,-0.0050238587079629,0.00055054487382,0.0004194508125127,0.280557407675171,0.280557407675171,0.280557407675171,False,0.0411605008313119,7.475962297112563e-05,3.200457230398689e-05,2.8837771645562984e-05,2.5924202427973744,0.5719002981549546,0.0423597729973439,0.3857399288477013,-0.0859436722016576,-0.5563202881789457,-0.8265115983269613,5237.880678315912,True,body,high
-0.009512942569656,0.0019184616376057,-0.0054217779208077,0.0006203945429516,0.0006033665702661,0.3917980229151542,0.3917979976939145,0.3917979976939145,False,0.0296649643024182,2.928642573451313e-05,3.611076633730932e-05,6.922949833226933e-05,2.363876662855602,0.4783904663876882,0.0985756183013566,0.4230339153109552,0.9652696717212986,0.2076043221605304,-0.1586029831854468,11045.567293340291,True,body,high
-0.0092640740138988,0.0003333606719479,-0.0044938565236503,0.0015037985220314,0.0003262499041466,0.4966079295182815,0.4966079295182815,0.4966079295182815,False,0.0414931264611272,2.7567967359388504e-05,6.665931442276167e-05,6.284294277259684e-05,2.4179988881211543,0.0572518887002186,0.529182991434476,0.4135651198653053,0.9462539382121496,0.1023493619341787,-0.3068030191012855,11353.646483395472,True,wing_R,high
-0.0092447812362028,0.0003356315547102,-0.0045009463346283,0.0014966101257922,0.0003317257195374,0.4415147907351299,0.4415147907351299,0.4415147907351299,False,0.0637387791677445,7.011659884294721e-05,2.973386378668797e-05,4.2941649655678e-05,2.358139505379009,0.3875679886889243,0.1883688896344485,0.4240631216766271,-0.962363780364136,0.1366753220640817,0.2348953183482561,11538.234976879068,True,wing_R,high
-0.0092564132765972,0.0003947809747168,-0.0044087581904826,0.0014811725689924,0.0004061147527409,0.4352987723847975,0.4352987429600178,0.4352987723847975,False,0.015882635983481,9.667000626035636e-05,4.275519008447645e-05,5.711224183355422e-05,2.261012196866721,0.4092041157033056,0.1485160941275896,0.4422797901691047,-0.972362028563322,0.0501504606604565,0.2280285436162873,9798.481816656882,True,wing_R,high
-0.0088018591820793,0.0024366483240785,-0.005039235825876,0.0007654811070481,0.0001666219105424,0.384489243908657,0.384489243908657,0.384489243908657,False,0.063433491664775,6.169707619134463e-05,6.471115576208686e-05,2.8329720882204366e-05,2.284214377937479,0.046577433755373,0.5156352860056568,0.4377872802389701,-0.7637161834629519,-0.6416219197686394,0.0711259670527471,7063.894106424843,True,wing_L,high
-0.0081254941051088,0.003134016930651,-0.0058055252474466,0.0018594623051856,0.0006747316071672,0.4616040294628417,0.4616039706132822,0.4616039706132822,False,0.0310413140000648,7.619494782064656e-05,7.047566223613124e-05,2.815379223488689e-05,2.7063831111969794,0.0750612179429246,0.555441944797505,0.3694968372595703,0.7458568322271362,0.6527576189587263,-0.1326841238107863,4945.5553290543685,True,wing_L,high
-0.0093861785447732,0.0017401095042161,-0.0050014585255021,0.0003298147778402,0.0003217963060587,0.152371112220119,0.152371112220119,0.152371112220119,False,0.1202013555335479,0.0001252734547407,0.0001487491681681,9.4809732456981e-05,1.5689229819907078,0.1578208047581529,0.2047992782677436,0.6373799169741035,0.327011349303089,0.9448963466974276,0.015312459790245,8302.576514142616,True,body,high
-0.0090496937470537,0.0020872801409798,-0.0047294576744462,0.0004893872649467,0.0003929656712172,0.3489521807683883,0.3489521807683883,0.3489521807683883,False,0.0084827081910025,2.7879180626294607e-05,8.333813207157008e-05,3.71400830904432e-05,2.989260451685178,0.5543446659141866,0.1111244304851398,0.3345309036006735,0.8848399059225434,0.4325263600429581,-0.1731452822197992,3556.987776847241,False,body,high
-0.0092645748632402,0.0004075752682346,-0.0044082387206842,0.0014711044938429,0.0004039156556442,0.4640764003423262,0.4640764003423262,0.4640764003423262,False,0.0164454995200294,5.604477887018743e-05,3.539567529708485e-05,7.935460292596827e-05,2.24192933910499,0.2937425580407365,0.2602130539594106,0.4460443879998528,-0.970023258912739,0.0303250807306628,0.2411125601186895,9447.49650565851,True,wing_R,high
-0.0086436867390795,0.0016065765242469,-0.0052990775888853,0.0004986735072121,0.000495670863324,0.363486416212213,0.3634864750617725,0.3634865002830123,False,0.0437312136901807,1.842200546052961e-05,3.726745717139354e-05,1.6948470564762772e-05,2.198868448276128,0.5056811798077192,0.0395394536576517,0.4547793665346289,0.886135312741446,-0.2136142673565454,0.4112580118299778,2744.330212813383,False,body,high
-0.0083386247557017,0.0030637614690072,-0.0054087864672875,0.0015706092510118,0.0003401017232904,0.449617773971837,0.4496177445470573,0.4496177445470573,False,0.0782831173281771,7.32304865326028e-05,3.291188478906379e-05,3.270422570121739e-05,2.2391750595665942,0.5505712668669605,0.002835691768263,0.4465930413647765,-0.7501443688749521,-0.6134491527261232,0.2469080048617321,6836.9982109919465,True,wing_L,high
-0.0092559699784091,0.0010200286961736,-0.0046661765444218,0.0008179533816175,0.0002348713125007,0.328899950006521,0.328899950006521,0.328899950006521,False,0.0515754703887296,6.601636039376065e-05,2.9146414680876506e-05,6.702757920805365e-05,2.2996852251619018,0.0150866080237535,0.5500712713857651,0.4348421205904813,-0.9988374630572028,0.0303519650251198,-0.0374497077767549,3868.260515511647,True,wing_R,high
-0.0084419000057082,0.0027913396419971,-0.0055980207230713,0.0013566863063456,0.0004340701982758,0.3351479572959807,0.3351479572959807,0.3351479572959807,False,0.0423994916824544,4.096106491529154e-05,9.264001226064575e-05,0.0001216713098662,2.970413736017465,0.2386042990541012,0.4247422617718885,0.3366534391740102,-0.8277078308340386,-0.5534466378087671,0.0927176675406672,8858.419097060512,True,wing_L,high
-0.0084321385053923,0.002902579738067,-0.0048778505147883,0.0013532788047626,0.0005099690544121,0.5904076694076511,0.5904076694076511,0.5904076694076511,False,0.0136276792996945,7.245522693515923e-05,2.6152179118942632e-05,7.352733952613625e-05,2.811518657459741,0.0145811421695181,0.6297391978905693,0.3556796599399125,-0.7578397811646927,-0.6299892175785797,0.1696833869858202,4055.177262260921,True,wing_L,high
-0.0094413575979863,0.0021327009994682,-0.0047282523098969,0.0006487653914204,0.0006061424932358,0.4449140463802533,0.4449140169554736,0.4449140169554736,False,0.0582167260086114,3.806767461428234e-05,1.7324350592578276e-05,1.3793787056912745e-05,2.7597696308646986,0.5449065179810464,0.0927443972199165,0.3623490847990371,0.0226687925276847,-0.8814130669349575,0.4718020043213561,3711.5052327968656,False,body,high
-0.0092392587212886,0.0008209136667512,-0.0051523420094135,0.0009189114275115,0.0002866004221603,0.4709310541123346,0.4709310835371143,0.4709310835371143,False,0.049659546777874,2.648395662648296e-05,7.140133448092386e-05,7.407116682028067e-05,2.7968316012952643,0.036044151239505,0.6064084013071404,0.3575474474533545,-0.9657820975738184,-0.1729281889929101,0.1932893723347133,9306.726507705502,True,body,high
-0.0087673414881797,-0.0006087695856551,-0.0049230944430684,0.0023468180620227,0.0009534157745134,0.4270539869309392,0.4270539869309392,0.4270539869309392,False,0.0192352034807569,5.304391583620835e-05,2.4559499699664707e-05,5.564338209734877e-05,2.2656561728783275,0.0467165395624698,0.5119102229751206,0.4413732374624095,0.9887252984880888,0.145420331649271,0.0357101004290903,2402.913427516072,False,wing_R,high
-0.0085064825180473,0.0028314112495429,-0.0053157352779472,0.001273584574573,0.0002359379298074,0.2993019675966653,0.2993019675966653,0.2993019339683456,False,0.0372456265880587,3.382642941130639e-05,2.626648182879889e-05,7.435242189170194e-05,2.830695879879164,0.5450527561754976,0.1016772203267156,0.3532700234977867,-0.8318916380085511,-0.5184708730055687,-0.1978490749442424,5221.194461987542,True,body,high
-0.0093508733326445,0.00211081921838,-0.0047810109091205,0.000558061498863,0.0005015829554873,0.2232447969010051,0.2232447969010051,0.2232447969010051,False,0.0116517970553318,3.0281329499720067e-05,3.19846476827382e-05,8.527149049869024e-05,2.815975781363184,0.6249080730771385,0.0199752364249373,0.3551166904979242,0.6657415148682432,0.670244261857238,0.3279647310739113,4030.5153160842888,False,body,high
-0.0095101623770512,0.0022576350511658,-0.005645935260727,0.0009231454643987,0.0007700965036608,0.7129615407797559,0.7129614903372763,0.7129614903372763,False,0.0433496004503864,6.027269313095759e-05,2.774756432315468e-05,2.550495682415949e-05,2.363175658225952,0.5396329103319457,0.0372076869723169,0.4231594026957374,0.8451787334755004,0.4138863800391489,-0.3381877775716304,2682.318286215937,False,body,high
-0.0085121021280931,0.0019454202413572,-0.0045259753846275,0.0007913928957225,0.0007475705122366,0.3875752139237911,0.3875752139237911,0.3875752139237911,False,0.0111321075846712,2.1834881982964657e-05,5.967733827631243e-05,2.278761482381176e-05,2.7331193419260087,0.6181529625483183,0.0159647341581462,0.3658823032935354,-0.1445988774523128,0.9862937355181548,-0.0794722084578972,3826.921700496444,True,body,high
-0.0086730625530321,0.0015269207462794,-0.0049362833700932,0.0004456609830546,0.000434599622136,0.2134697673692112,0.2134698009975309,0.2134698009975309,False,0.0593629934603258,2.4499893494511387e-05,2.3385810831871328e-05,6.674296309102203e-05,2.8539939697135264,0.6329216990096892,0.0166921366844427,0.350386164305868,-0.4249056624857016,0.8884372369179927,-0.1735927822379421,5594.117080737278,True,body,high
-0.0083111491351562,0.002996644291108,-0.0056097754450606,0.0015862289962532,0.0004664535123879,0.3207517408833394,0.320751791325819,0.320751791325819,False,0.0278698559040082,7.851338679681681e-05,3.2102422307415585e-05,2.747183194344266e-05,2.857959635107532,0.5911216721488173,0.0589783545569921,0.3498999732941906,-0.6401771718576528,-0.7654959450837171,0.0647236177351351,6003.903092685075,True,wing_L,high
-0.0089687837949928,0.0022699661655519,-0.0053846971175273,0.0006542777274507,0.0002297689545863,0.256486777663318,0.2564868112916378,0.256486777663318,False,0.0212797134877514,1.943377819008751e-05,5.456516420692183e-05,2.6622600721384264e-05,2.80774863607086,0.5120952881141138,0.1317474736085339,0.3561572382773522,0.2190098847507463,-0.9625349351868816,-0.1598786068435985,6455.202640250032,True,body,high
-0.0084033495820598,0.0029080968215546,-0.0048588444625559,0.0013741698855214,0.0005423356136293,0.5371542574423631,0.5371541943892637,0.5371542574423631,False,0.0086734968151996,9.70056121166488e-05,9.051109806017412e-05,4.032071562518494e-05,2.405850457080122,0.0669498796488705,0.5173966880868243,0.4156534322643052,0.768243124201976,0.6143425976667926,-0.1799602034017642,3808.6087900938537,True,wing_L,high
-0.0081381721987913,0.0025082132847231,-0.0050205995718383,0.0012160590279878,0.0007119632215453,0.6065068239305759,0.6065068239305759,0.6065068239305759,False,0.0062807648892137,2.213672241902948e-05,3.630877421214831e-05,1.3218718037398634e-05,2.746769702585597,0.3903203041312558,0.2456156831272764,0.3640640127414676,-0.7261914168081612,-0.675385047777544,0.1284564649703553,2092.4558053397463,False,wing_L,high
-0.0091237851401836,0.0002854797289921,-0.0050688486524278,0.0014323393129695,0.0004343963015722,0.3014841092628639,0.3014841092628639,0.3014841092628639,False,0.0463462347045101,2.738655524524208e-05,5.901679249839452e-05,7.537004540481584e-05,2.752081988037179,0.2169728413799843,0.4196658909154829,0.3633612677045327,-0.9634623534408112,-0.2678424295063378,0.0008523253110149,6645.679216225375,True,wing_R,high
-0.0094272736127492,0.0021234937620581,-0.0046567592816319,0.0006735557898407,0.0006391812006709,0.3999411793832989,0.3999411793832989,0.3999411793832989,False,0.1064162732939201,2.7027484957558456e-05,9.076172086946803e-06,1.0070157277251662e-05,2.9778506509841214,0.6274104936857818,0.0367768289156657,0.3358126773985523,0.0781956879562283,0.9779335812096394,0.1937300831764178,3704.0754414113935,False,body,high
-0.0084827558788022,0.0013579083331629,-0.0045133693493805,0.0008652229739026,0.0008150816484654,0.2366085230134877,0.2366085230134877,0.2366085230134877,False,0.0140769757923614,1.2943144153271432e-05,1.12289201628608e-05,3.067195494208471e-05,2.7315142059279185,0.5780137204260083,0.055888970678506,0.3660973088954855,-0.5738329383871675,-0.7804967987852054,-0.2480735897027256,3050.1814806810185,True,body,high
-0.0083535650113155,0.0030404591094046,-0.0061145147356701,0.0018411673488131,0.0008286577343443,0.4908543234207562,0.4908542635203117,0.4908542635203117,False,0.0042957029515719,6.58698308626694e-05,2.649848342390421e-05,7.212637473432794e-05,2.721905762699722,0.0867441888588473,0.5458661631585752,0.3673896479825775,-0.7648062643233831,-0.6276132065262561,0.1455095909056928,2366.7423413520146,False,wing_L,high
-0.0078629919824649,0.0030746130871185,-0.0054235644111513,0.0018493398165877,0.0007909430060928,0.5465771522278189,0.5465771522278189,0.5465771522278189,False,0.0051437454348637,2.7696592193500645e-05,7.765464523037958e-05,7.855532866777779e-05,2.8362813778300056,0.0114655931389114,0.6359600791457318,0.3525743277153567,-0.7753990870158574,-0.6076365741515621,0.1718547340294345,2491.373084068557,False,wing_L,high
-0.0084191764439465,0.002872283238422,-0.0049327594463411,0.0013270806853942,0.0004755914837624,0.5926125606321357,0.5926126194816953,0.5926126194816953,False,0.0129330857681335,2.631956554637364e-05,7.304188776583581e-05,7.937859662021308e-05,3.0159539100427906,0.079828935307275,0.5886010109627553,0.3315700537299696,0.7770052937042744,0.6106871335417121,-0.1527219646355475,4442.406061317191,True,wing_L,high
-0.0084527701650932,0.0028421427074103,-0.005310216709271,0.0013059699010906,0.0002838442525883,0.5643272386645904,0.5643272386645904,0.5643272386645904,False,0.0138093192740221,3.997009793194505e-05,5.165992891941e-05,2.290446189702373e-05,2.255452634149105,0.2262843025916896,0.3303457126614299,0.4433699847468804,0.7246570757946109,0.651765968988196,-0.2237705167569692,5483.341326558729,True,wing_L,high
-0.0092653140421778,0.0004141286117269,-0.0043955295678038,0.0014709774434712,0.0004156503742274,0.433750335385897,0.433750335385897,0.433750335385897,False,0.0236915667902516,5.140775871428415e-05,2.0508041826438e-05,3.2903882021284474e-05,2.506712203405577,0.3599432684050898,0.2411278084255824,0.3989289231693278,-0.8990229690921548,-0.2140052679328001,0.3820463929181079,8623.277147249182,True,wing_R,high
-0.0079866879748452,0.0029417376173653,-0.0053058868169026,0.0016496407925819,0.0007064386756735,0.5052416919072154,0.5052416919072154,0.5052416919072154,False,0.0055413914127556,6.958561160069693e-05,2.670526939149597e-05,7.009580585438882e-05,2.6247930633761043,0.0072785275448822,0.6117390575161802,0.3809824149389376,-0.7584608939624615,-0.6403158040984906,0.12137851272514,2588.581656892205,False,wing_L,high
-0.0093540740690486,0.0020941729276638,-0.0046861527530081,0.0006001445287497,0.0005623234044421,0.2775187527058737,0.2775187527058737,0.2775187527058737,False,0.0302188558431131,2.068219786229628e-05,4.4957893053107786e-05,1.5064308156214335e-05,2.984398127474692,0.5399651438766305,0.1249589187697396,0.3350759373536298,-0.4146201956823381,0.9098250971363624,0.017560921193068,4120.202650113753,False,body,high
-0.0085128797376373,0.0025890659886134,-0.0051819138980149,0.0010390236324481,0.0002996066269131,0.3954193641872046,0.3954192717093253,0.3954193641872046,False,0.0045203609821359,0.0001005364806637,4.429310383493332e-05,4.145916005296648e-05,2.424952182710402,0.5594325209864817,0.02818821350475,0.4123792655087682,0.456867052437727,-0.733076872791416,0.5038559268037058,4043.542245790049,True,wing_L,high
-0.0088524431717927,0.002722102894392,-0.0053209563701126,0.0010626777669808,9.768145274796872e-05,0.3711180102737984,0.3711179262029991,0.3711178925746794,False,0.007241870231336,6.027821151342952e-05,2.582591253837809e-05,5.9448703570913726e-05,2.334020585869105,0.0137613230666438,0.5577934412510684,0.4284452356822876,0.8379574400300857,0.5446072926508494,0.0350745704141559,3331.771718922847,False,body,high
-0.0082070572139327,0.0034312287009222,-0.0053383346494396,0.0019374286943183,0.000370840064606,0.6075322018411151,0.6075322018411151,0.6075322018411151,False,0.0921164509600939,7.071864402680267e-05,2.7714109900497752e-05,6.208557197757403e-05,2.551719838042951,0.1220763232671241,0.486031124466263,0.3918925522666128,-0.7773477091630131,-0.6010114212454425,0.1857843120167813,5618.460012289742,True,wing_L,high
-0.0094815764147783,0.001806353590881,-0.0052355334554053,0.0004694129419822,0.0004692939267143,0.1544380768912995,0.1544380768912995,0.1544380768912995,False,0.1099974732455722,0.0001122150182163,4.153914448974291e-05,8.377656617658027e-05,2.7014282454485667,0.2534282174686146,0.376397227021786,0.3701745555095993,-0.7498168388256538,0.6243983120710124,0.2188640127941878,15835.849900549803,True,body,high
-0.0092398848167691,0.0007505775555761,-0.0044908360728977,0.0011294364790869,0.0003677146656974,0.4647649843256265,0.4647649843256265,0.4647649843256265,False,0.0350817030302863,3.0633280198751025e-05,6.851514984302379e-05,5.63447834839411e-05,2.236624657839198,0.1776302961748813,0.3752674166822685,0.4471022871428501,-0.965766345939628,0.0487858224050734,0.2547848280072396,4957.039914201556,True,wing_R,high
-0.0093288475439262,0.0020644417425538,-0.0047991009329727,0.0005053099347326,0.0004595560366286,0.2312462688511176,0.2312462688511176,0.2312462688511176,False,0.009795917590896,0.000108739448915,0.0001448116767017,6.373293891571943e-05,2.2721638004675526,0.2490975079372648,0.3107933767805422,0.440109115282193,0.7486902509841722,-0.6629191942547318,-0.0010246803962776,4184.328440570532,False,body,high
-0.0083919027965049,0.0029348674828847,-0.005537175138814,0.001473427015608,0.0003844559927954,0.3699151336847322,0.3699151336847322,0.3699151336847322,False,0.0354048589965174,0.0001083545158906,5.295162504910977e-05,0.0001246547586855,2.3541252713191043,0.130763100958055,0.4444506685965011,0.4247862304454438,-0.7625248713130388,-0.6267430756958414,0.1604647553089166,6977.445825886298,True,wing_L,high
-0.0082573830989281,0.0031879815216303,-0.005492668281667,0.0017344777995363,0.0003972180115317,0.5019892452894223,0.5019892452894223,0.5019892452894223,False,0.047054393971853,7.796720165820819e-05,3.359828954361703e-05,2.7044244173299426e-05,2.8829499230444244,0.569071496359394,0.0840615698771537,0.3468669337634522,0.3292410993935458,0.5535177529381397,0.7649956834207903,5887.54383501068,True,wing_L,high
-0.0080018044419362,0.0033927781640225,-0.0057506905122523,0.0021035371650122,0.000654251319738,0.4784269032578572,0.4784268444082977,0.4784268444082977,False,0.0231803829854168,3.586595434047984e-05,9.58786170272794e-05,8.281380675748395e-05,2.673248733801758,0.1362640667426216,0.4896592574301159,0.3740766758272624,0.7531179330744024,0.6091388966561443,-0.2485219979443974,5112.164205637995,True,wing_L,high
-0.0087475212578572,0.0023205755082282,-0.0051001549416535,0.0006825440319494,0.0001599459822052,0.303830306686784,0.3038302394301446,0.3038302730584643,False,0.0066865866679338,8.482984407272022e-05,3.057426605948787e-05,8.573538425751709e-05,2.8041681880671505,0.0105620356476966,0.6328259735824924,0.3566119907698108,0.8019943072334828,0.5972032413798528,0.0123862686263182,6475.543081887487,True,wing_L,high
-0.0087750704370147,0.0024296450806602,-0.0054472327033877,0.0008657166001818,0.0002572136984407,0.377043076401971,0.377043076401971,0.377043076401971,False,0.0389073021890865,2.2199215240211304e-05,2.706981553349545e-05,6.314301576343803e-05,2.8443805368877086,0.5712935911247717,0.0771360099671448,0.3515703989080833,-0.8979485788480468,-0.1996366411178271,-0.3922162174973975,6271.3378564147015,True,body,high
-0.008414131650785,0.0028781041424091,-0.0050961766779683,0.0013304264012721,0.0003717612617003,0.6243388625824888,0.6243388625824888,0.6243388625824888,False,0.0093231721070074,8.095778650917864e-05,8.055530463511534e-05,2.7298965739137343e-05,2.965599037076814,0.0049715029451511,0.6578284954707849,0.3372000015840639,-0.7744935661866426,-0.6081485666816324,0.1741121385158803,4694.372756552081,True,wing_L,high
-0.0084973828790076,0.0026888009264677,-0.005622875072694,0.001262142239332,0.0004513571673221,0.5894384339768732,0.5894383751273138,0.5894383751273138,False,0.044256105180192,2.4272632108206595e-05,7.304355958110536e-05,3.61428767379445e-05,3.009297024545157,0.5051873574450798,0.1625091205550784,0.3323035219998417,0.735832036669546,0.65321907685688,-0.17848263624508,7114.049801746149,True,body,high
-0.0091135136441956,-2.5767514777753176e-05,-0.0051646605536984,0.0017467216656433,0.000607274595637,0.308624326316798,0.3086243599451178,0.3086243599451178,False,0.0487350094699935,6.560245466641462e-05,6.623139700306924e-05,2.2241745768048e-05,2.9777966933789792,0.0094961357470002,0.6546851019367331,0.3358187623162666,-0.9604958984691758,-0.2320526244860277,0.153620338800034,5119.857821394899,True,wing_R,high
-0.0092249964382447,0.0002922989494427,-0.0044678827115679,0.0015465359007041,0.0003703595754708,0.2856043290835891,0.2856043290835891,0.2856043290835891,False,0.0114802416738547,8.40238075685498e-05,3.125650936107354e-05,7.538133117050098e-05,2.6882018909376995,0.1028574715683761,0.5251466588612845,0.3719958695703393,-0.993500697546004,0.0732114212329198,0.0871576260384545,10671.10240574575,True,wing_R,high
-0.0086215107126741,0.0015875393897477,-0.0053175733020249,0.0005308589354808,0.0005288559630936,0.384881408966074,0.3848813837448342,0.3848813837448342,False,0.0511161815190529,3.077139386868505e-05,2.748047903362628e-05,6.90094659868707e-05,2.5112177230399726,0.5540989423894481,0.0476878756848354,0.3982131819257164,-0.7162834089990814,0.6865682773037798,-0.1247480604770062,2607.67358573075,False,body,high
-0.0084393317906274,0.0020250221325661,-0.0048291980665464,0.0007275650892389,0.0005990951505712,0.1987676677604574,0.1987677013887771,0.1987676677604574,False,0.0361074845403111,1.757015442370429e-05,1.993368372376008e-05,4.4814575844565006e-05,2.5506079664333887,0.5551964210729536,0.0527401912327243,0.392063387694322,0.822376360285088,0.1127138192866464,0.5576672098896154,4899.681296671472,True,body,high
-0.0096607859397738,0.0019093777342567,-0.0055530588349094,0.0008075721049731,0.0007982589184983,0.2293546926814021,0.2293546926814021,0.2293546926814021,False,0.0307656016527498,2.692029192128333e-05,6.760329442337675e-05,6.193742941531171e-05,2.511239277087081,0.0838104866987934,0.5179797492519788,0.3982097640492277,0.8196283584751272,0.5722075242114071,0.0280696138060436,4673.047882283356,True,body,high
-0.0092437179370406,0.0003532845660414,-0.004484527402051,0.0014863597583319,0.0003456882992583,0.4464282413426058,0.4464283001921653,0.4464282413426058,False,0.0460403942968556,6.711277805479799e-05,2.95357200640042e-05,4.589999203211115e-05,2.272258062758041,0.3160767090488561,0.2438324331432893,0.4400908578078545,-0.9574979231146704,0.1384489200458195,0.2530407551546584,12123.890377902462,True,wing_R,high
-0.0083491160514576,0.0018978869680205,-0.0048932181354358,0.0007505154360388,0.0006746382882424,0.3163130717077363,0.3163130380794166,0.3163130044510969,False,0.048975666007732,2.3058580866647555e-05,5.832316300247266e-05,2.5915398444895928e-05,2.5293474624378374,0.5556585563818405,0.0489825556636435,0.3953588879545159,-0.3456910735330418,0.9383104698320668,0.0084346833431365,4735.640835941127,True,body,high
-0.0086815456374279,0.0024434803844962,-0.0052970669961229,0.0008569276005887,0.0001916665434827,0.3971584779624197,0.3971584779624197,0.3971584779624197,False,0.0040498253285744,5.309943839679214e-05,1.846553908630745e-05,5.088977611765819e-05,2.8755964366167013,0.0416136657156705,0.6106323910444514,0.347753943239878,0.8459268735134754,0.5331805766618072,0.0112337588677851,5580.062574144424,True,wing_L,high
-0.0090905736393978,0.0016940139203158,-0.0044467563382554,0.0006028245201347,0.0005849951834839,0.1782867431788845,0.1782867431788845,0.1782867431788845,False,0.1232243710095415,3.122561319531635e-05,7.382828254403047e-05,7.013572581352592e-05,2.3643501276415053,0.0500154764984862,0.5270353213892516,0.4229492021122622,-0.9830328923510792,0.1832752704233984,-0.0075171674918993,5018.77730701985,True,body,high
-0.0088167016906964,0.0022696578557553,-0.0050385761811105,0.0006048220323341,0.0001525240013498,0.2017308271519983,0.2017308271519983,0.2017308271519983,False,0.0150051390358375,0.0001149261979611,5.130759771626305e-05,0.000131319262675,2.559450617844635,0.1248336640028439,0.4844574889391416,0.3907088470580144,-0.2224945079449014,0.7698265982899462,0.5982166852401278,5975.374736575016,True,wing_L,high
-0.0087545328525575,0.0012703654970323,-0.0044256392749566,0.0008248471842406,0.0006836335742017,0.3191391620681256,0.3191391956964453,0.3191391620681256,False,0.1163215170873953,5.138800492808365e-05,0.0001163970202405,8.94390391843845e-05,2.265062058810023,0.2316037042911339,0.3269072883280433,0.4414890073808228,-0.4878631965548177,-0.8389289306742763,-0.2412213728611767,2543.8734315096726,False,body,high
-0.0083902673584926,0.0025879782138299,-0.0050187987430365,0.0011000352922202,0.0004700966973174,0.4585136499342852,0.4585136499342852,0.4585136499342852,False,0.0039726660135417,5.166002745299877e-05,1.936351530042524e-05,4.840087275537299e-05,2.667905421690878,0.0630885204347021,0.5620855986065136,0.3748258809587842,0.8077086677450749,0.5865991384805291,-0.0592297119980935,3256.9841007931154,True,wing_L,high
-0.0094500233035322,0.0015288411323903,-0.0046537073659009,0.000585309587148,0.0004644893581517,0.1775158139494562,0.1775158139494562,0.1775158139494562,False,0.0283183581128578,9.519410621048948e-05,3.251157837232412e-05,4.948609530707062e-05,2.9280062973357404,0.4801558911888,0.1783147887035475,0.3415293201076523,-0.6215684046779639,0.7108368273071467,0.3291864566624825,5148.821405471965,True,body,high
-0.0088389043993982,0.00030215045115,-0.0049695880294726,0.0014335692567238,0.0006183173671446,0.2819463917926108,0.2819463917926108,0.2819463749784509,False,0.0042365471645283,2.045190911630808e-05,2.1732774629663187e-05,5.255784396903752e-05,2.5698258128444653,0.5864979803496841,0.0243705870832465,0.3891314325670693,0.9587100776321682,0.1626667611508874,-0.2332691832694628,2900.7506841812287,False,wing_R,high
-0.0087281531345625,0.0015862801803577,-0.0043711697462395,0.0007655650846239,0.0007472202145618,0.2708323330123112,0.2708323330123112,0.2708323330123112,False,0.0117126982452211,2.461483731294279e-05,3.1657238770395266e-05,6.474732990236135e-05,2.6304187624395308,0.5110649532863483,0.1087674421180361,0.3801676045956156,-0.900024810098643,0.4157765242995213,-0.1307104550076622,4291.527626514716,True,body,high
-0.008558984105526,0.0020326366840109,-0.0042918743548966,0.0009612817815068,0.0009182437342508,0.1130262471820695,0.1130262808103891,0.1130262471820695,False,0.0525825727072746,5.550727620333074e-05,0.0001256903208086,0.0001197620118437,2.2643935967647244,0.0471659943800017,0.5112146681387582,0.4416193374812401,0.0408942258095769,-0.7017527650352683,-0.7112458921222611,2787.113288612533,False,body,high
-0.0082676551013784,0.0018122283577056,-0.0054194472086768,0.0008806928586415,0.0007985934629755,0.4372972277616419,0.4372972277616419,0.4372972277616419,False,0.0048282482984021,4.583346058519336e-05,1.818706080306397e-05,4.469204140853113e-05,2.5201136721042805,0.0249036219846548,0.5782888803737781,0.396807497641567,0.8336557007439709,0.5512635051948986,0.0335666569278619,1767.504657028839,False,body,high
-0.0093659625928557,0.0022007716457961,-0.0053468572114818,0.0006457903650099,0.0004770056605074,0.1310128920338645,0.1310128920338645,0.1310128920338645,False,0.0838491136183603,0.0001428649884893,6.328360011149755e-05,0.0001019428487868,2.2575357318110783,0.2864392468386266,0.2705998795375644,0.4429608736238089,-0.0213055553325846,0.6925542958776478,0.7210510526816986,4753.661422817992,True,body,high
-0.0084876003488726,0.0020618147210143,-0.0048083466387829,0.000710883616446,0.0005654306830495,0.1730272739757182,0.1730272739757182,0.1730273076040379,False,0.0173486475777209,0.0001318358720088,5.500503051792777e-05,0.0001446197025436,2.6292086593157613,0.0883961888314499,0.5312612330103581,0.3803425781581919,-0.3089355589184259,0.8630996559037277,0.3995219698772854,4552.819427209086,True,body,high
-0.0093721463038392,0.0016308726057569,-0.0046262484280863,0.0005315915062493,0.0004720080055347,0.1787096529275995,0.1787096529275995,0.1787096529275995,False,0.042836454610956,0.0001559917421028,6.182966485793529e-05,0.0001059218859245,2.522927181657586,0.320977607553453,0.28265740527201,0.396364987174537,0.0465677751108226,0.6318371585899691,0.773701006427019,7145.0764486187845,True,body,high
-0.0091662082852549,0.0017100580848906,-0.0052210466162936,0.0002024637398647,0.0002024636115211,0.1931402711113075,0.1931402711113075,0.1931402711113075,False,0.0710083880076896,7.857001361526744e-05,0.0001552482055488,5.9069722050588346e-05,2.628219672607845,0.4939071061239864,0.1256071945935969,0.3804856992824166,0.6881169742969314,-0.725582198086165,-0.0050500994925948,9493.456797043258,True,body,high
-0.0093187143114688,0.0021278731162939,-0.005303394287365,0.0005486760625828,0.0004047380309434,0.1153038932762539,0.1153038932762539,0.1153038932762539,False,0.0370710169785733,0.0001628000745697,9.9623615043136e-05,0.0002381696354828,2.390694569552532,0.3164532739877994,0.2652582450260365,0.418288480986164,-0.4170443903212031,0.8220265397830785,0.3877452055072698,6499.26042793554,True,body,high
-0.0094288658303136,0.0017464919983089,-0.0044394294225161,0.000712326579388,0.000687505494147,0.2081635548016434,0.2081635548016434,0.2081635548016434,False,0.0522928425517359,9.503436944991983e-05,3.202750249031336e-05,6.217273014848907e-05,2.967273813456505,0.3457868925909781,0.317203426851391,0.3370096805576309,0.1786784401840947,0.6975105537403736,0.693940229727443,3938.158243318039,True,body,high
-0.0083541005270196,0.0017055556392279,-0.0044816069786831,0.0009058316640591,0.0009034241229942,0.2093864822763386,0.2093864822763386,0.2093864822763386,False,0.3508730163917569,6.580133166692182e-05,3.983736164848208e-05,2.9081665998769864e-05,2.2626396874823187,0.3945812244327537,0.1634571121471555,0.4419616634200908,-0.424760644016877,-0.6028899223654187,-0.6753533421880635,5698.345547760288,True,body,high
-0.0092116704510576,0.001444818109402,-0.0046814735354331,0.0004807977835425,0.0003101040185285,0.2926806859583876,0.2926807195867074,0.2926806859583876,False,0.0295950293656047,2.4454840675128923e-05,3.6612187910050544e-05,6.312435098215081e-05,2.5812620012834344,0.4199989807356104,0.1925936195107853,0.3874073997536043,-0.998546146232924,0.0320554826922446,-0.0433363574004923,4024.1158275539215,False,body,high
-0.009387397802038,0.0019030668276273,-0.0053744804460723,0.0004979987469143,0.0004736908110264,0.163790953311572,0.163790953311572,0.1637909196832523,False,0.0129038693038765,0.0001127861158117,4.217253279257979e-05,6.292504285302244e-05,2.674397489154916,0.4420852034834334,0.1839988008371095,0.373915995679457,-0.6977496631116348,0.7127757613591137,0.071387125215519,14485.197902023783,True,body,high
-0.0095351466077578,0.0019084435086509,-0.0055025067721668,0.0006843374766556,0.0006688675818968,0.150987676775432,0.1509877104037517,0.1509877104037517,False,0.0615473115956352,9.012074855069187e-05,0.000155348175675,6.277591497085682e-05,2.474646140118323,0.4198789386544479,0.1760228818974853,0.4040981794480668,0.6942457016945459,-0.7165280396137397,-0.0679004722070362,6701.4907324974165,True,body,high
-0.0094009729383154,0.0017524658079111,-0.0054076030989553,0.0004961616559207,0.0004959582971176,0.1841410637294601,0.1841410973577798,0.1841410973577798,False,0.0638648690870712,0.0001336619739258,8.739676962444211e-05,0.0002558372881925,2.92730828944706,0.4775508493301441,0.1808383939193633,0.3416107567504926,-0.486715554583815,0.8534297741906711,0.1864553282988434,6542.622539545749,True,body,high
-0.0101057364959081,0.001790495265996,-0.0055996783838062,0.0011839382194243,0.0011798626890176,0.2095163548470716,0.2095163548470716,0.2095163548470716,False,0.0251242772552371,9.736930835699031e-05,3.878441158554571e-05,0.0001068387033725,2.754681559029949,0.0886326276585518,0.5483490057640256,0.3630183665774226,-0.2238734032036281,0.5307768129060924,0.8174085112226791,4258.873588031942,True,body,high
-0.0087269844987061,0.0019163682446507,-0.0048523029383594,0.0004356551211245,0.0003643033394376,0.1079350540907487,0.1079350540907487,0.1079350540907487,False,0.1428784386223613,0.0001254214460409,5.533961736016831e-05,0.0001142129375748,2.2663952521504163,0.0893667615853112,0.4694039342802165,0.4412293041344722,-0.0078498814340411,0.6519269323388459,0.7582411583742558,6148.31138100401,True,body,high
-0.0091582647564999,0.0002765502634662,-0.004360150122441,0.0015987736369028,0.000496487351778,0.3751758639498878,0.3751758639498878,0.3751758639498878,False,0.0047002568345621,5.31871171627607e-05,5.920925511913675e-05,2.3210217138199524e-05,2.5509996208389527,0.1017094024280279,0.5062874032825398,0.3920031942894322,-0.9174645050187586,-0.3095706778199796,0.2498497097552094,5821.470025479941,True,wing_R,high
-0.0097487385598359,0.0022254385539855,-0.0049856895540028,0.0008583238626117,0.0008086024921185,0.1579858646210568,0.1579858982493765,0.1579858982493765,False,0.0265001353643303,7.03990163885958e-05,0.000149568234831,5.285344589520856e-05,2.8298672356683188,0.5293183979330096,0.1173081337304682,0.3533734683365221,0.7395725683476994,-0.6521881981418836,-0.1663820012862882,3159.0483062079,False,body,high
-0.0094099664940529,0.0015762810641969,-0.0046475419535745,0.0005498773328964,0.0004595501317725,0.125718146723319,0.125718146723319,0.125718146723319,False,0.075002473271571,0.0001004812694911,4.396748647905339e-05,9.880314621014258e-05,2.2853539635245226,0.0167008566817652,0.5457301645252174,0.4375689787930173,-0.0781376952022989,0.626788109790236,0.7752619983038351,6571.607230648814,True,body,high
-0.0092118433808942,0.0017984136505806,-0.0041657936040092,0.0008992535791231,0.0008893293448769,0.2656988859372706,0.2656988523089509,0.2656988018664713,False,0.1341407898825453,2.6012834088671765e-05,3.298116642644128e-05,6.071883305381567e-05,2.3341875340010683,0.4568214709065676,0.114763937106522,0.4284145919869103,-0.9782376320748032,0.1978502888305368,0.0625011872075668,2736.156190169931,False,body,high
-0.0089945526855379,0.0013311616502711,-0.0047346215471273,0.0005011470033602,0.0002918626092653,0.1489869598940869,0.1489869598940869,0.1489869598940869,False,0.0441748347724439,8.085354653005687e-05,6.967897917028035e-05,0.0001822019356905,2.614876650895471,0.5562421100324837,0.0613306731205773,0.382427216846939,-0.4543030816869585,0.8288811902184734,0.3264424642593846,3198.759144168011,False,body,high
-0.0095367741088485,0.0005370097514702,-0.0047519529945542,0.0013058774113815,0.0001495298078517,0.1280944919358621,0.1280944919358621,0.1280944919358621,False,0.0193186710819597,4.672291628294912e-05,0.0001209446737252,5.365664238046934e-05,2.5885514721038234,0.5563538209017939,0.0573297350263953,0.3863164440718107,0.7685728870972701,0.5993014125661401,0.2239051900139789,2960.6594433166674,False,wing_R,high
-0.0089007143564196,0.0017633278577027,-0.0048838974498138,0.0002341887630677,0.0002277185969174,0.1184429287798956,0.1184429287798956,0.1184429287798956,False,0.055940689569134,8.990562543206805e-05,3.8815641768906376e-05,8.447962461907492e-05,2.3162215368570247,0.0603521836027154,0.5079101850492311,0.4317376313480535,-0.2423107628437794,0.3343816084574527,0.9107548704978046,8185.369611170609,True,body,high
-0.0092821225361782,0.0024330133014263,-0.0047095792267363,0.0008231632991793,0.0006093930736791,0.2492906535278605,0.2492906030853809,0.2492906535278605,False,0.0196776189485253,1.7405878590647664e-05,3.621757820416918e-05,3.982961206114388e-05,2.288285067238415,0.0906871463229351,0.4723043645176105,0.4370084891594543,-0.9823758103915092,0.1819835324105715,0.042658657843359,2513.923742267867,False,wing_L,high
-0.0095455980282968,0.0002557689252177,-0.0048907609226467,0.0015469885515337,0.0001617981494688,0.2744925402148702,0.2744925402148702,0.2744925402148702,False,0.0087712118286207,1.7161489141629023e-05,4.726010299306142e-05,4.894577381593185e-05,2.852070319305972,0.0344395581365136,0.6149379508151794,0.3506224910483069,-0.9748537687283252,0.2158900153845262,0.0552415681660962,2749.6664038319404,False,wing_R,high
-0.0087397522279573,3.492946983397921e-05,-0.0048880649428866,0.0017191831329677,0.0007729775293602,0.2377478504853757,0.2377478504853757,0.2377478504853757,False,0.0039390425590461,2.561027518207901e-05,4.588559276245894e-05,6.220950239100071e-05,2.42908371537266,0.2624021893945128,0.3259199447207437,0.4116778658847434,-0.9995619691766467,0.0216660353521745,0.0201606718098099,2270.7247485523794,False,wing_R,high
-0.0090379697895923,0.0022567392230414,-0.0052321363129745,0.000571279248222,0.0001459193608603,0.192188925946617,0.1921888586899776,0.192188925946617,False,0.0050458378254467,2.628735649359204e-05,4.585846963689131e-05,5.952670991957514e-05,2.264461621847968,0.2296152483675078,0.3287786805241083,0.4416060711083838,-0.9776768697453496,0.2007222872145026,-0.0621168397482776,4939.906601076588,True,wing_L,high
