x,y,z,dist_to_centroid,dist_to_principal_axis,R,G,B,color_oob,opacity,scale_phys_0,scale_phys_1,scale_phys_2,scale_ratio,linearity,planarity,sphericity,orientation_x,orientation_y,orientation_z,local_density,if_keep,part_label,confidence
-0.0119478322149377,0.0011256109267439,-0.0037037427792155,0.0012349419616798,0.0002329783639502,0.4765380026413289,0.4765379437917694,0.4765379437917694,False,0.3340585322141177,4.966533011902572e-05,3.5734372390971616e-05,9.479183146099014e-05,2.652679342563172,0.4760589667532209,0.1469636941637437,0.3769773390830353,-0.6835637670880302,-0.4839942049803321,0.5463425535960724,6293.858891811814,True,wing_R,high
-0.0114469546081843,0.0020493332059731,-0.0025461609976145,0.0012575443204525,0.0011976869164624,0.2576561688530298,0.25765613522471,0.25765613522471,False,0.5433386402910908,2.679637112070617e-05,2.8173614176365408e-05,7.191036978003348e-05,2.68358612649855,0.6082120803641305,0.0191522176825412,0.3726357019533281,-0.9951250475402708,-0.0160720667769991,-0.0973027668028444,1787.471745115669,False,body,high
-0.011121230105451,0.0044632977574219,-0.0040765664280745,0.0022305766663427,0.0001655779071468,0.4578812441608361,0.4578812441608361,0.4578812441608361,False,0.1024845262732977,3.88697249336278e-05,9.917585174630626e-05,5.585333350263506e-05,2.5514935316793337,0.4368252702733628,0.1712474182974668,0.3919273114291703,0.8424515165276252,0.3283581743694446,-0.4271490976521779,8109.070057728505,True,wing_L,high
-0.0126165461200699,0.00032219077278,-0.0031418764430759,0.0022924205285179,0.0003014535577044,0.4113981125113957,0.4113981125113957,0.4113981461397155,False,0.1413076820993037,2.636938652301933e-05,7.648302709663186e-05,4.635966935863236e-05,2.900447722963349,0.3938567664161669,0.2613688761345241,0.3447743574493089,0.6490573336859372,0.412745657288878,-0.6390348973081782,10383.804799166272,True,wing_R,high
-0.0128154160042015,0.0024582876144812,-0.0041519070860485,0.0011950276716612,0.0011811526645747,0.694539661400071,0.6945395941434315,0.694539661400071,False,0.6862084480884318,1.7092447320459745e-05,4.040328136823526e-05,1.6992961829206273e-05,2.377647980047424,0.576953981418507,0.002462312165855,0.4205837064156379,-0.0382732567021653,0.7652066127114667,0.6426460905382165,2446.077348819163,False,body,high
-0.0125006180648828,0.0010068564970017,-0.0032092216617231,0.0016408674337344,0.0004189417930496,0.5600762953802472,0.5600762953802472,0.5600762953802472,False,0.9587780771661376,8.843009537372935e-05,4.482889553272112e-05,3.00284050546818e-05,2.94488152842943,0.4930583830848292,0.1673693827365952,0.3395722341785755,0.7778033143213702,0.4639075523071719,-0.424042199719628,9534.68261108246,True,wing_R,high
-0.011331885892434,0.004285453913946,-0.0037872380568734,0.0019856255372694,0.0004148515926059,0.3541863614751301,0.3541863951034498,0.3541863951034498,False,0.3590466870857567,4.762913333022997e-05,6.661330470462256e-05,0.0001115429946308,2.341906871524684,0.4028015392173235,0.1701959987467047,0.4270024620359717,0.4430686352332263,0.1608469397570306,-0.8819401603529371,4635.246732783736,True,wing_L,high
-0.0112714351426372,0.0048112336910342,-0.003834982113631,0.0025149685835981,0.0005293319549816,0.2548256899969178,0.2548256563685981,0.2548256899969178,False,0.3677356204876573,0.0001050268074169,3.909769833612241e-05,4.270861019229704e-05,2.686265736516423,0.59335515148305,0.0343808589919188,0.3722639895250312,-0.3980402509338367,-0.7774681800457455,-0.4869365334957778,3830.037375423709,True,wing_L,high
-0.0112655921157693,0.0048229512067521,-0.0038653645825082,0.0025287700115199,0.000511395614692,0.3724998904086988,0.372499856780379,0.372499856780379,False,0.1000268646423706,4.4614920214027655e-05,5.0229496065112005e-05,0.0001230327646778,2.7576596369028703,0.5917388656864959,0.0456348019634027,0.3626263323501013,0.6229095866473443,0.2961775279520644,-0.7240597480864676,3749.1689233228135,True,wing_L,high
-0.0125686333941539,0.0005208108786006,-0.0031487362748933,0.0020979521902689,0.0003355060699594,0.3723862519093074,0.3723862855376272,0.3723862519093074,False,0.1147146989818851,5.01542017959682e-05,4.914741831075539e-05,0.00013491407631,2.7450897920421924,0.6282507862211841,0.0074624050562289,0.3642868087225869,0.4782671393586856,0.0430704073653367,-0.8771576160639795,13016.551515459028,True,wing_R,high
-0.0121891890515552,0.002749058920614,-0.0032112546914998,0.0008349372846098,0.0008237450934223,0.3083868094946627,0.3083868431229825,0.3083868094946627,False,0.528806790962068,2.9573206551325448e-05,3.017095526782589e-05,7.422822402162735e-05,2.5099822669821545,0.5935379612607302,0.0080528494973324,0.3984091892419373,-0.7042632333241341,-0.7097106250644175,0.0180035235026474,3418.280225696956,True,body,high
-0.010626151478327,0.0023224068459437,-0.0033367493508311,0.001147623967406,0.0011151779492927,0.2590326432355362,0.2590326768638559,0.2590326432355362,False,0.2845336547593833,0.0001415274877679,5.815498464154639e-05,0.0001104261999522,2.433626087949343,0.2197543975817975,0.3693361348743883,0.4109094675438142,0.90518802463644,-0.3294423931925021,0.2685188068318064,6033.4358827143005,True,body,high
-0.0122517318668407,0.002848846765699,-0.0041895252976555,0.0008764674773085,0.0007935264408387,0.2585278821566389,0.2585279157849586,0.2585278821566389,False,0.2035579223218134,6.341796527710783e-05,8.489094560025238e-05,0.0001468802513565,2.316066917548701,0.422039758128042,0.1461937879655273,0.4317664539064305,-0.1547008901570932,0.3591874242124998,0.9203542952973016,4718.252898626954,True,body,high
-0.0122134750812781,0.000753626006883,-0.0036842347459534,0.0016636433706303,0.0002214276241714,0.460949748467419,0.4609497190426392,0.460949748467419,False,0.3017666391745212,3.591452329600707e-05,3.2875934684535214e-05,7.882759537941e-05,2.397729407112199,0.5443914897677058,0.0385472701132976,0.4170612401189965,-0.8277251972920414,-0.3757564389094283,0.4167470412443929,5397.880731866412,True,wing_R,high
-0.0115113945001234,0.0021742622691381,-0.0027846570753795,0.0009912754124828,0.000959666128959,0.2193480312834226,0.2193480312834226,0.2193479640267832,False,0.4535770826401609,2.815462458319605e-05,2.629866530452484e-05,7.571310911469418e-05,2.878971546197339,0.6281406890774232,0.0245130506509739,0.3473462602716029,-0.7364938356691476,-0.3608894788991543,-0.5721325144066216,2548.399315437275,False,body,high
-0.0114147801201311,0.0031389636779193,-0.0038018732404132,0.0008550373054197,8.634596499564038e-05,0.2555483962158772,0.2555483625875575,0.2555483962158772,False,0.8612148461421066,0.000126322227895,4.708335138013802e-05,0.0001249263979205,2.6829489446316983,0.0110497574162023,0.6162260422217685,0.3727242003620292,-0.9425099741902216,-0.3163904966926532,0.1075732408851003,3427.014192196192,False,body,high
-0.0124569965204076,0.0003248457973369,-0.0033475794920895,0.0021843438542604,5.9374428264936e-05,0.3936018712058176,0.3936018964270573,0.3936018712058176,False,0.3221798039169763,0.0001611703125155,6.221911420542738e-05,6.331740622658327e-05,2.590366554937124,0.6071397688673379,0.0068144809302266,0.3860457502024355,-0.6563054855517264,-0.4299908894528268,0.6199765678009768,6774.472352742494,True,wing_R,high
-0.0125837176828776,0.0002383468275023,-0.0031848024482792,0.0023431928095795,0.0002224673708498,0.3683172504452331,0.3683173092947926,0.3683172840735529,False,0.0515945766637318,4.7319859478809824e-05,0.0001095990444314,4.386525277367919e-05,2.4985389916009337,0.5682456929777465,0.0315204089876055,0.4002338980346479,-0.6011583409955497,-0.4842855023492633,0.6356698838751134,8680.456555481034,True,wing_R,high
-0.0121717732620209,0.0012486151140486,-0.0034744386203884,0.0012148896093719,0.0001107458792905,0.4545922599795926,0.4545922894043723,0.4545922599795926,False,0.4674074555208847,4.42071842021013e-05,5.0306006795659415e-05,0.000122831409876,2.778539553989215,0.5904467200495904,0.0496519790802181,0.3599013008701915,0.6795422329509523,0.4412914473288081,-0.5860752615069837,7570.77447150028,True,wing_R,high
-0.0107681652150613,0.0024073328542592,-0.0033627262445171,0.0010085683996261,0.0009604177078153,0.1075931549642231,0.1075931549642231,0.1075931213359034,False,0.9465936088087112,9.085009831471344e-05,7.90186227852062e-05,0.0001907091326563,2.4134707229047043,0.5236195715995228,0.062039375695905,0.4143410527045721,0.136403399682938,0.4599987811064603,0.8773797546875056,5816.186696905656,True,body,high
-0.0113756452230782,0.0044814543601523,-0.0036516086475576,0.0021731559805701,0.0006052693250648,0.372640759439978,0.3726407342187381,0.3726407342187381,False,0.1439733275329345,0.0001088530100325,4.4202504772347525e-05,0.0001003396421417,2.4625982304219125,0.0782097609275198,0.5157150670665814,0.4060751720058987,0.6418673931797506,0.2112036336404879,-0.7371562078078744,6699.247057840777,True,wing_L,high
-0.012293952562751,0.0007294455399068,-0.0036061275030585,0.0017174506234889,0.0001523268045829,0.4256406727241868,0.4256406138746273,0.4256406727241868,False,0.6867123398908831,7.467874541358268e-05,7.894043985252952e-05,2.8506667321795686e-05,2.7691921669206514,0.0539862008231548,0.584897654206667,0.3611161449701782,-0.6870344578590649,-0.425098795735125,0.5893001506692894,6219.7015983416495,True,wing_R,high
-0.0119240059581012,0.0012077358409172,-0.0037263065969092,0.001149184267025,0.0002354017060798,0.4153094644126539,0.4153094644126539,0.4153094644126539,False,0.7501743291137604,6.70472702239305e-05,4.197435892163401e-05,2.498875793651833e-05,2.683097350987111,0.3739587192521891,0.2533376963504352,0.3727035843973757,-0.6257157096976818,-0.466914868155621,0.624876272979496,5397.514211915036,True,wing_R,high
-0.0123732460200979,0.0006345930675258,-0.0033308973919186,0.0018750689447844,0.0001260435692586,0.4682364778050342,0.4682364778050342,0.4682364778050342,False,0.1039906324399232,0.0001036399956459,4.136232482672329e-05,6.1414474851167e-05,2.5056617605550304,0.4074249572437991,0.1934788775265852,0.3990961652296156,0.6983421953110938,0.5345762820512652,-0.4759688822983373,7051.2468544771245,True,wing_R,high
-0.0116546391249568,0.0024781347783276,-0.0026235441908675,0.0011312801225078,0.00113059435685,0.2494296561873956,0.2494296561873956,0.2494296561873956,False,0.2681345159936463,2.716570992686356e-05,6.392950153706065e-05,2.40588564903339e-05,2.657212804887279,0.5750677031148869,0.0485981176425813,0.3763341792425319,0.4116413854080216,0.9081907185433606,0.0757693115387665,1842.5121987592672,False,body,high
-0.0110961287436898,0.0020680881850962,-0.0034714774559313,0.0007132827434744,0.0007067071627276,0.1862398407910893,0.1862398407910893,0.1862398407910893,False,0.6730401439058626,6.003902908159642e-05,0.0001728805780232,0.0001344903446255,2.8794699159496364,0.2220621531735105,0.4306517041719291,0.3472861426545602,-0.5296771393898179,0.8452536158390414,0.0706289807292026,5239.41216168281,True,body,high
-0.0114283317578948,0.0044006770818651,-0.0035360785057577,0.0020942515089006,0.0006951922380267,0.2847428051608531,0.2847428051608531,0.2847428051608531,False,0.2932087091225167,4.165494123666975e-05,4.200367101509088e-05,0.0001066905572084,2.56129414760828,0.6063037618875184,0.003268609589692,0.3904276285227894,0.680548394718296,0.300533640285182,0.6682315567999517,5107.309796723307,True,wing_L,high
-0.0105258188311881,0.002212783790237,-0.0031769866992023,0.0013087786053653,0.0012970185105552,0.2614944380084709,0.2614944716367906,0.2614944380084709,False,0.3147506810761078,8.193912437838994e-05,3.41963885806425e-05,4.620721225490416e-05,2.3961338544612603,0.4360787645042186,0.1465822800204258,0.4173389554753555,0.8769021977234266,-0.4602513107843684,0.1386047133004326,5340.037005754392,True,body,high
-0.0113454337684252,0.0037399212917478,-0.0038462354247771,0.0014527196649591,0.0001935547249712,0.4068578774031784,0.4068578521819386,0.4068578521819386,False,0.2497596133482411,3.8730705679934304e-05,0.0001071073150757,6.133610046627972e-05,2.765436704429034,0.4273397627144973,0.2110536966626663,0.3616065406228362,-0.6320036975216172,-0.458889938339561,0.6244928749070866,6416.2311627568615,True,wing_L,high
-0.0111197412382587,0.004320536191175,-0.0041328241309396,0.0021048132437535,0.0001178536116019,0.4941238462628505,0.4941238462628505,0.4941238462628505,False,0.2108434146633905,3.82213326853564e-05,2.495220390384209e-05,6.470757648577858e-05,2.593260969457492,0.4093221418398095,0.2050629849262023,0.3856148732339881,0.843911484594943,0.4623352998931193,-0.2721387084585701,9633.874739409654,True,wing_L,high
-0.0125259928384661,0.0002541141622918,-0.0032107195459066,0.0023016307630972,0.0001778274080841,0.3850246151655733,0.3850246151655733,0.3850246151655733,False,0.706259810743434,3.898350781081761e-05,0.0001165417494627,4.171588457945633e-05,2.989514181954646,0.6420520133621341,0.0234454758164702,0.3345025108213957,0.051639953012299,-0.6398975037561535,-0.766723222512225,8346.045261575295,True,wing_R,high
-0.0124836199635935,0.0010384202660722,-0.003213074426739,0.0016057859529055,0.0004161455629086,0.4205758862709209,0.4205758862709209,0.4205758862709209,False,0.3806600926003286,4.2489273511931534e-05,0.0001091417254064,4.398891826937519e-05,2.568688903936727,0.5969559936351976,0.0137403431351222,0.3893036632296802,-0.0118109125680885,0.5240127720932647,0.8516285088155756,10580.746823247073,True,wing_R,high
-0.0105330428877457,0.0022573837632192,-0.0031535680478641,0.0013093073069855,0.0012923128213301,0.2241802358704711,0.2241802358704711,0.2241801686138317,False,0.2400565287678856,3.960175171830391e-05,9.954365001048023e-05,6.129604470663232e-05,2.51361734497394,0.384229484249584,0.2179374875850381,0.3978330281653779,0.9704465194184626,-0.182087914918574,0.1583589094089676,5317.191835596229,True,body,high
-0.0113748804392147,0.0045886214779246,-0.0037096497294904,0.0022775667051571,0.0006011231998318,0.5648329833718393,0.5648329833718393,0.5648329833718393,False,0.0837362344519117,0.0001217072279384,4.820711824195086e-05,0.0001220887633685,2.532587879569436,0.0031250658909607,0.6020219033150951,0.3948530307939441,0.7417266344946306,0.3888745881019854,-0.5464596548783632,5635.738633676363,True,wing_L,high
-0.0123233792562803,0.0029137847102519,-0.0043212392151202,0.0010286385620957,0.0009339020994046,0.3518317737854415,0.3518318074137613,0.3518317737854415,False,0.3332724065022077,5.895154055080981e-05,2.896756905265027e-05,3.26637983424112e-05,2.0350875989511548,0.4459212085516483,0.0626994520452808,0.4913793394030708,0.3428648263673613,-0.938004486580249,-0.0509047541532419,3755.255909272771,True,body,high
-0.0114826045759773,0.0041055711024964,-0.0035102805599787,0.0017995852769617,0.0006478200362143,0.2344128627627644,0.2344128291344447,0.2344128291344447,False,0.5834807278712607,4.1892537663102745e-05,0.0001012815717068,7.079786592646941e-05,2.4176518625184693,0.3009797860226308,0.285395731683918,0.4136244822934511,0.8554060012192848,0.2528771213397918,-0.4520328910388415,3398.0259708399326,True,wing_L,high
-0.0125679413243951,0.0007610708021052,-0.003120613836033,0.0019028248840831,0.000437156177577,0.4375107003351822,0.4375107003351822,0.4375107003351822,False,0.3703896740806258,0.0001024099898438,5.860858457757579e-05,4.4563169209500754e-05,2.2980858781023907,0.4277063725233777,0.1371488796111793,0.435144747865443,-0.6781875013315044,-0.3998731882601914,0.6165737152590598,6160.651622536802,True,wing_R,high
-0.0119372329459339,0.0015138810395824,-0.0038450175990218,0.0008604060132963,0.0002459422914524,0.2455721011905988,0.2455721011905988,0.2455721348189186,False,0.9706539945543556,8.153961738810564e-05,8.717326637310576e-05,3.647696376562374e-05,2.389816952233802,0.0646258792332941,0.5169320308546382,0.4184420899120676,-0.928148384161853,-0.3410511522503933,0.1490794705062391,4113.2798597563005,True,body,high
-0.0125732588906267,0.0002562949521815,-0.0031961177942097,0.0023204921804721,0.0002139929017131,0.4122898598864741,0.4122898598864741,0.4122898598864741,False,0.0618732455461977,4.619254039641498e-05,5.085954949222034e-05,0.0001171545295058,2.5362218336644045,0.5658763710907403,0.0398363521708634,0.3942872767383963,0.6000320704702766,0.5398401095258955,-0.5903678264897421,9299.423863060085,True,wing_R,high
-0.0111218560133996,0.0043165689468406,-0.0041350031689161,0.0021008920881309,0.0001194404270865,0.486631036276722,0.486631036276722,0.486631036276722,False,0.3003691829223228,2.629352433293988e-05,6.022574983694535e-05,2.5695705479401003e-05,2.3438060451473266,0.5634172359144265,0.0099262998826482,0.4266564642029252,-0.8281070002319663,-0.3661255490487853,0.4244889615767878,9690.533171653802,True,wing_L,high
-0.0111722175662616,0.0039778834970902,-0.0040826145632366,0.0017584457684065,6.543854411639573e-05,0.4858521224231318,0.4858521224231318,0.4858521224231318,False,0.7882813256881709,3.587057223707226e-05,0.0001058867385434,9.635200811034124e-05,2.9519110496381784,0.0900465021802857,0.571189902581107,0.3387635952386072,0.8215391428964218,0.4594753841139583,-0.3375734113971999,4500.068199802016,True,wing_L,high
-0.0111379287888167,0.0043142878483697,-0.0041098439808866,0.0020898381475403,0.0001279778227541,0.4926069678656735,0.492607027766118,0.4926069678656735,False,0.150050883184235,3.408890492295e-05,8.905764459649064e-05,6.185443527102869e-05,2.6125111615578334,0.3054561958012295,0.3117703199302085,0.382773484268562,0.8426318079571982,0.4176507285117473,-0.3399110254057523,10230.738595407693,True,wing_L,high
-0.0122100436489123,0.001736816696206,-0.0039183347908765,0.0008054563823205,0.0004088232451609,0.4702599652623652,0.4702599652623652,0.4702599652623652,False,0.2414219452403526,3.451452393417532e-05,3.549292450634199e-05,9.339113099004704e-05,2.7058501855091137,0.619954013512005,0.0104763756664531,0.3695696108215419,0.8701134531272846,0.331319102389714,-0.3648701564647167,3052.084690094568,False,body,high
-0.0122912359720109,0.0028905027144422,-0.0043237220246821,0.0009977014727663,0.0009047830576232,0.350484169315409,0.350484169315409,0.350484169315409,False,0.2052700079423334,3.990569156999563e-05,4.5022852972949695e-05,9.20291622168266e-05,2.306166328565063,0.5107762377878332,0.055603694303961,0.4336200679082057,-0.0481838356270445,-0.2889625215316926,-0.9561270726918634,3883.843722293808,True,body,high
-0.012603190711586,0.0004977246598883,-0.0031187706454286,0.0021409382116398,0.0003699929822105,0.4418930126504857,0.4418930126504857,0.4418930715000452,False,0.1147679775893253,9.708418640689785e-05,3.7644235713664e-05,4.208514742958414e-05,2.578992097099703,0.5665087282783885,0.0457428947007646,0.3877483770208468,0.2645378340932243,0.6089581162341476,0.7477899083337672,15783.164654749728,True,wing_R,high
-0.0114373383454333,0.0039255252994167,-0.0036734521613399,0.0016139609391894,0.0004375545176327,0.3749254674813023,0.3749254674813023,0.3749254674813023,False,0.2262500945534366,3.090759521898552e-05,6.789268000281834e-05,2.8991945105732567e-05,2.3417773369539785,0.5447580620222608,0.0282158564542367,0.4270260815235024,-0.8836874335929457,-0.019761983489369,0.4676601155951607,5361.071100784889,True,wing_L,high
-0.0108241372332579,0.002333677191151,-0.0031449436026474,0.0010605243568085,0.0010443163925106,0.1804545255525655,0.1804545255525655,0.1804545255525655,False,0.4846114442716423,0.0001294364449034,0.0001498702215828,0.000102452825243,1.462821754571773,0.1363431405093242,0.1800465721301762,0.6836102873604996,-0.1973601058232273,-0.9795422811404606,0.0393180376873959,6359.126691322091,True,body,high
-0.0105215207560643,0.0021880009514719,-0.0031856292057971,0.0013114525975002,0.0013022784923713,0.2433533214700726,0.2433533214700726,0.2433533719125521,False,0.1808768629877041,3.0312100754103567e-05,8.192857572026562e-05,3.3900739787373536e-05,2.702833973299404,0.586215926624635,0.0438020434472449,0.3699820299281201,0.9420370929693496,-0.2438360930304745,0.2304562327330091,5060.502593193616,True,body,high
-0.0111690674007384,0.0044918297312312,-0.0039853527807894,0.0022344126896677,0.0002525926153029,0.3915748653855365,0.3915748906067763,0.3915748906067763,False,0.3792689746491702,4.688378121103256e-05,4.763812787028317e-05,0.0001251954053696,2.6703350740009144,0.6194898069170782,0.0060253541815181,0.3744848389014035,0.1289590916643823,0.5077881740050918,0.8517750424951838,6035.049657731109,True,wing_L,high
-0.0125734405948166,0.0002869663061049,-0.0033509449214835,0.0022610908356352,0.0001478575388477,0.8951961123860801,0.8951961123860801,0.8951961123860801,False,0.9971829555915316,0.0001168608878205,4.210449719917477e-05,9.91587812615872e-05,2.775496576238869,0.1514801649133602,0.4882239483753977,0.3602958867112421,-0.7728017535481401,0.235208316851168,0.5894527100599002,6258.842886479201,True,wing_R,high
-0.0113220649982784,0.0038566126400435,-0.0038585337298666,0.0015721715859035,0.000210558025952,0.3679831951242808,0.367983169903041,0.3679831362747213,False,0.1839318534505681,0.0001080247087731,3.7826691183708426e-05,9.39286187355606e-05,2.855780016510705,0.1304894981683896,0.5193434741829485,0.3501670276486618,-0.6684844588932519,-0.2532844218643642,0.699267852728145,6006.4977346900505,True,wing_L,high
-0.0111308209571841,0.0034462248329545,-0.0033858352631388,0.0012989842649693,0.0005851737124715,0.5231162309753786,0.5231162309753786,0.5231162309753786,False,0.4194449326315065,2.8058289641360573e-05,3.188618355909726e-05,7.742422540135097e-05,2.759406449608401,0.5881627049698468,0.0494405193967868,0.3623967756333663,-0.6431279600298971,-0.6926280815340395,-0.3265773533150444,2268.2584126105176,False,wing_L,high
-0.0123646470673441,0.0003922654598612,-0.0034365811483276,0.0020762024898209,4.216183983784e-05,0.4560652980821559,0.4560652980821559,0.4560652980821559,False,0.3087643387850285,5.364185601026888e-05,9.139156811855686e-05,3.85558012687185e-05,2.3703713866972755,0.4130546491916794,0.165070531692597,0.4218748191157235,-0.6654350034854365,-0.4503610573795589,0.5952908315540419,5949.6971326726125,True,wing_R,high
-0.0108030065899427,0.0025791617158034,-0.0028309973013278,0.00130276642039,0.0012498618396352,0.2087636185386082,0.2087635849102885,0.2087635849102885,False,0.2847008297767318,4.73712878951832e-05,2.0021704809691963e-05,1.853408126189601e-05,2.555901596944718,0.5773451451437568,0.0314034854000078,0.3912513694562354,-0.2488255062786022,0.8789240299587509,0.4069132794420279,2523.205607922923,False,body,high
-0.0123259733303529,0.0007229379487876,-0.0034136125664078,0.0017607295598679,6.901007370086367e-05,0.4511704775638012,0.4511704775638012,0.4511705069885809,False,0.7273008136115848,0.000101940661354,8.775054608907902e-05,3.713073350801979e-05,2.745452398134757,0.1391997567656196,0.4965615477540312,0.3642386954803491,-0.6892229956079254,-0.4306987345195482,0.5826407661745763,6498.271548181986,True,wing_R,high
-0.0105928408455789,0.0022279551311292,-0.0032338400215106,0.0012228573012399,0.0012100123563847,0.1586298133152475,0.1586298133152475,0.1586298133152475,False,0.5204832274016948,0.0001118701532185,8.154350559275056e-05,4.676919084925545e-05,2.391962554562062,0.2710879242882522,0.3108453304390203,0.4180667452727274,-0.8323307863020758,0.553282048609776,-0.033233068770998,5928.248045904354,True,body,high
-0.0113015462090804,0.0034828690297732,-0.0041097675885644,0.0012687666139292,0.0001568226734179,0.4581473198334879,0.4581473198334879,0.4581473198334879,False,0.1186080875984318,3.179078137836153e-05,7.836549600996266e-05,7.969071963099446e-05,2.5067241563693097,0.0166295853164359,0.5844433937510413,0.3989270209325227,0.8080259775678151,0.529044488100581,-0.2592411024239232,9475.243173978044,True,body,high
-0.0114345754175591,0.0032293053079778,-0.0036704715420779,0.000935963163202,0.0002338698793312,0.2602587485864444,0.2602587485864444,0.2602587485864444,False,0.1845493334002017,4.6553856231935966e-05,0.0001066941693251,0.0001211548359102,2.602466169646588,0.1193569078477308,0.496392179820218,0.3842509123320511,-0.9529076996239524,-0.2718830879839849,0.1343372713199176,3688.166106069501,False,wing_L,high
-0.0110692694577405,0.0028674228005468,-0.002439872320374,0.0015437209850519,0.0014661246820568,0.3945671973444288,0.3945671384948692,0.3945671384948692,False,0.5581198582483042,2.129877061766936e-05,6.191929815201199e-05,2.3201342705030007e-05,2.9071770978482694,0.6252970657375562,0.030726641679462,0.3439762925829817,0.9545609814178866,-0.2363272436850498,0.1815565108905441,1451.4695358755828,False,body,high
-0.0113218305883884,0.0047887092436318,-0.0037507436292236,0.0024830173114188,0.0006091592471641,0.2909698788212912,0.2909698788212912,0.2909699124496109,False,0.5532725195656961,4.215162416949398e-05,0.0001203488485463,4.2767709696810365e-05,2.8551414309080223,0.6446354891353501,0.0051191642858047,0.3502453465788451,-0.5236003833861291,-0.092394966859208,0.8469390819988086,4056.18667182832,True,wing_L,high
-0.0107302051440768,0.0025717965868978,-0.0034468414280292,0.001040727244881,0.000919561317877,0.2949669745307384,0.2949670081590582,0.2949670081590582,False,0.141157343618441,4.576820405451724e-05,5.133275428091366e-05,2.814139047574328e-05,1.8241015604811848,0.1084015518813765,0.3433833587481569,0.5482150893704665,-0.3051911658650443,0.9505489134251558,-0.057577039383686,3981.741761281431,True,body,high
-0.0114626495254331,0.0034487564652085,-0.003553547322609,0.0011549639380004,0.0004048083281011,0.2314543777076636,0.2314543777076636,0.2314543777076636,False,0.4498453226882343,3.5055775163499486e-05,3.885478897346897e-05,9.21227681838238e-05,2.6278913461238527,0.578228165094461,0.0412385980671884,0.3805332368383506,-0.7577714356332834,0.4564348831243538,-0.4663149673831303,3894.599355218078,True,wing_L,high
-0.0125965527737281,0.0004987182386766,-0.0031301778566491,0.002133975517942,0.0003580367453846,0.3407804150072475,0.3407804486355672,0.3407804150072475,False,0.0746465002472688,4.636696491690562e-05,5.225641942760589e-05,0.0001257779146209,2.712662233690128,0.5845342198183316,0.0468242340354438,0.3686415461462246,-0.7964334107327518,-0.4355779628014526,0.4194826105934939,15969.691218180287,True,wing_R,high
-0.0113455346504881,0.0041809739037942,-0.0038095764124407,0.0018810940157003,0.0003722724339274,0.3982362824233921,0.3982362824233921,0.3982362824233921,False,0.2232593297091647,6.810505957046034e-05,4.88888127483996e-05,0.0001152142091225,2.356657947809799,0.4088831569546428,0.1667871260707884,0.4243297169745688,-0.5249309753106325,-0.2047878978803994,0.8261412639743614,5034.806881075817,True,wing_L,high
-0.0105354944668064,0.0023976842995149,-0.0030729973974599,0.0013447653023983,0.0013045240726548,0.1866653735487419,0.1866653735487419,0.1866653735487419,False,0.1847269328252226,7.995426296389754e-05,3.090839107528484e-05,4.480474706525544e-05,2.5868141363020043,0.439620285343803,0.1738038157670885,0.3865758988891084,-0.9535928024097992,0.2740619393499902,0.12470292936394,3867.500247669706,True,body,high
-0.0119621821330015,0.0014047519788179,-0.0037118260255704,0.0009668893826356,0.0001417892352505,0.2778872854616121,0.2778872686474523,0.2778872686474523,False,0.9383389668565078,7.909069791381785e-05,3.04698263289474e-05,7.60274935633418e-05,2.595705569830535,0.0387302733605145,0.5760180202738491,0.3852517063656364,-0.7926202315775378,-0.3953482313766274,0.464169090355383,5433.361358402874,True,wing_R,high
-0.0119475029419856,0.002577720469065,-0.0032084856098821,0.0006392959591797,0.0006368946920974,0.4192065326851138,0.4192065326851138,0.4192064990567941,False,0.2024643074971237,2.6502198509997887e-05,6.103506764519527e-05,2.430700833576942e-05,2.5110069821047456,0.5657873492652029,0.0359660480265114,0.3982466027082857,-0.5378145924163017,0.8236061975144042,0.1800785817357281,3388.724706211567,True,body,high
-0.0113234487425838,0.0037035616077536,-0.0039348123082326,0.0014322519457389,0.0001111429354726,0.5097727175848137,0.5097727175848137,0.5097727175848137,False,0.2012343038607586,0.0001483529193287,0.0001288006895402,5.350768616912072e-05,2.772553439516517,0.1317953827738407,0.5075262671726498,0.3606783500535094,-0.8223157950867507,-0.4487082467017154,0.3499394840436236,7780.166789748807,True,wing_L,high
-0.0125957301559221,0.0004391932571825,-0.0031239616094118,0.0021868114122688,0.0003422190511856,0.5188241602560258,0.5188241602560258,0.5188241602560258,False,0.4670035092325289,8.766363997811899e-05,3.124408167527935e-05,3.804647888574429e-05,2.8057678535477457,0.5659947625350629,0.0775965635486141,0.3564086739163229,0.7101469662132628,0.3866760298321441,-0.5883646270225206,14279.82993358496,True,wing_R,high
-0.0111435388181541,0.0041801828997068,-0.0041081615314128,0.0019613552341476,9.500592987893504e-05,0.5267400145041481,0.5267400145041481,0.5267400145041481,False,0.1082105798478525,3.982463640533279e-05,0.0001032430797178,5.077706358872627e-05,2.592442493814292,0.5081794951538199,0.1060838868166368,0.3857366180295433,0.8338668041530939,0.4669293102542568,-0.294352122732264,8073.97672960882,True,wing_L,high
-0.0113093284307848,0.0034881513882126,-0.0040960948056138,0.0012672863466613,0.0001436062021735,0.4560497702055283,0.4560497702055283,0.4560497702055283,False,0.1264928150163253,8.316838242792541e-05,8.399312286680127e-05,3.346685539254137e-05,2.5097405143573925,0.0098191424574575,0.591733291238643,0.3984475663038995,-0.807288910613712,-0.5280399005433242,0.2635497642463802,9943.760827471016,True,body,high
-0.0111726433707762,0.0047399224688427,-0.0040107969914107,0.0024766338154254,0.0003343663348478,0.332265001446956,0.332265001446956,0.332265001446956,False,0.4899157141527767,2.29066026499698e-05,2.5543246279775425e-05,5.695532201367296e-05,2.4864150692266915,0.5515213438062313,0.0462931915154946,0.4021854646782741,0.1029711686013528,-0.6447336343924887,-0.757440082857994,4000.1968074133256,True,wing_L,high
-0.0124825390773094,0.0023249343827666,-0.0041938542963621,0.0009033952876439,0.0008832175360028,0.206184091018357,0.2061841582749964,0.206184091018357,False,0.6882715795940652,0.0001452281029676,7.655914125928407e-05,5.384589855794644e-05,2.697106127988139,0.4728352178756344,0.1563970212183706,0.3707677609059949,-0.7428407127455935,0.5146733506645848,0.4281343452741301,4227.193077217435,True,body,high
-0.0125637848215661,0.0002581082677533,-0.0031976226764277,0.002314955746533,0.0002082403931316,0.4320242441774908,0.4320242441774908,0.4320242441774908,False,0.0616870687795181,4.990662100547774e-05,0.0001251622774625,4.182036697919647e-05,2.9928545946235032,0.6012646780063693,0.0646061592215922,0.3341291627720386,0.5662885955771542,0.363229287057192,-0.7398524930979007,9252.363632747249,True,wing_R,high
-0.0124579918570267,0.0013055205064723,-0.0032333485169302,0.0013772500273327,0.0004805352892804,0.3380784131466003,0.33807844677492,0.33807844677492,False,0.1438397558212856,2.92028955954053e-05,6.855469263839615e-05,4.759008583920621e-05,2.3475306554594657,0.3058084865141394,0.2682119857321423,0.4259795277537183,0.8933714685460107,0.4046720560330109,-0.1952637863352033,7736.886551069337,True,wing_R,high
-0.0113405611961301,0.0044316703187158,-0.0037301604489289,0.0021276146185206,0.0005105667218285,0.3502321586874772,0.350232192315797,0.350232192315797,False,0.427688385794442,5.122619268451164e-05,5.232808228534843e-05,0.0001381668923006,2.697192296752832,0.6212690217314409,0.0079750624949945,0.3707559157735645,-0.6793106165866278,-0.7115180203138672,-0.1796641115006861,5373.559466514541,True,wing_L,high
-0.0115023240169217,0.0037774146162422,-0.0035375177660512,0.0014709277652266,0.000530874559029,0.1896120550636233,0.1896120214353036,0.1896120214353036,False,0.5553248727501141,5.129732329011781e-05,0.0001049486605562,3.757031777884485e-05,2.793392943175664,0.5112150739398628,0.1307973387989079,0.3579875872612293,-0.9239719573023992,-0.1042994285659892,0.3679639266552923,3819.642020416769,True,wing_L,high
-0.0123088029653498,0.0010817438229366,-0.0034528612986785,0.001423641299799,0.0001701815683696,0.5523390747664421,0.5523390747664421,0.5523390747664421,False,0.6022284921677326,7.885631778682887e-05,2.9944357816004724e-05,3.3263783025956496e-05,2.63342824953426,0.5781722510062162,0.042094600700544,0.3797331482932397,-0.7470346178483204,-0.557602890417052,0.3619644959588757,6157.736918342225,True,wing_R,high
-0.0107041273167818,0.002170065715753,-0.0033778332727039,0.001072797803702,0.0010670772413358,0.2572708219374345,0.2572708555657543,0.2572708555657543,False,0.5062047326777019,0.0002035390138767,8.175678495518594e-05,0.0001002836783205,2.4895672449488697,0.5072999696201157,0.0910237944682338,0.4016762359116504,-0.7921216772664759,0.6083389588490131,-0.0496684965651653,4234.532793267682,True,body,high
-0.0109043220773323,0.0025337846897603,-0.0029823301753962,0.0011189925929444,0.0010730123190425,0.1622714576853248,0.1622714576853248,0.1622714576853248,False,0.2478095297035987,9.072844865826128e-05,8.235920156115816e-05,3.581598229535187e-05,2.5331833121336964,0.0922450148864202,0.5129947657444961,0.3947602193690837,0.4819754131047034,0.8674789836521901,0.1232067939860214,3446.922274438042,False,body,high
-0.0113538602786043,0.0039867701903264,-0.0037798645296847,0.0016882698871477,0.000330781422349,0.3460761355390648,0.346076101910745,0.346076101910745,False,0.2569908194608815,4.596026410314062e-05,4.874774592685676e-05,0.0001150590577186,2.503446400144276,0.5763241339413536,0.0242265309570964,0.3994493351015499,0.7466909923647026,0.400395816916725,-0.5311645241514196,5721.693761239871,True,wing_L,high
-0.0114438042978301,0.0031428516848886,-0.0041585216561901,0.0009432015852192,0.00026768925951,0.4177502414857678,0.4177502414857678,0.4177502414857678,False,0.1360509584042845,5.193641214249506e-05,6.660949316980282e-05,2.714248106965476e-05,2.4540679608052525,0.220285132479581,0.3722281899013239,0.4074866776190951,-0.8621001266472829,-0.4826851127257357,-0.1542674741728884,3831.154481564284,True,body,high
-0.0123985452950527,0.0012872984529233,-0.0032749086233235,0.0013442935515531,0.0004067439947398,0.2629801203592464,0.2629801203592464,0.2629801203592464,False,0.3859190456527272,5.028044232716685e-05,0.0001147920137068,4.68017620662533e-05,2.4527284580510345,0.5619865816137872,0.0303042010378678,0.4077092173483448,0.3992075968226244,-0.6291877978882673,-0.6669002996157807,7379.266281175902,True,wing_R,high
-0.0111212043030145,0.0045160695580704,-0.0040429806437778,0.0022763597932809,0.0001959875182885,0.38859945687854,0.3885994905068597,0.38859945687854,False,0.1463165261443243,9.750223324609167e-05,3.684757758833123e-05,3.772966761917149e-05,2.6460961514324453,0.6130379134604708,0.0090468700200322,0.3779152165194969,-0.3934003490303655,-0.6834072059740073,-0.6149721588865531,6872.620993503339,True,wing_L,high
-0.0111154986843137,0.0044451228336978,-0.0040780853868031,0.0022149678590638,0.0001535086223729,0.3790208755834314,0.3790208755834314,0.3790208755834314,False,0.1602824934224315,3.6571777380344944e-05,8.173745084383439e-05,3.474302010830677e-05,2.3526294084114934,0.5525701254102222,0.0223735540215482,0.4250563205682295,-0.457099393364209,-0.6394789447391978,-0.6181640751623423,8284.21811282658,True,wing_L,high
-0.0113811288258435,0.0045245737853811,-0.0036508020965573,0.0022150073785941,0.0006238164941444,0.358157462493439,0.3581575129359186,0.3581575129359186,False,0.1738510955884589,5.0242048109235045e-05,5.049528970842335e-05,0.0001240199562512,2.4684494545605364,0.5928454481460419,0.0020419423360807,0.4051126095178773,-0.7069064071293134,-0.6923011520197299,-0.1449222083453059,6764.082927607755,True,wing_L,high
-0.0112832390959668,0.0037793253589227,-0.0039530917232627,0.0015177671991979,9.796193470354418e-05,0.3120974928051114,0.3120974928051114,0.3120974591767917,False,0.2449282736176107,3.914881418604946e-05,4.063160715918807e-05,9.643460525232605e-05,2.463282918201138,0.5786615494212538,0.0153761501823832,0.405962300396363,0.6652632635960622,0.3656022746787578,-0.6509683301507335,7407.094239826629,True,wing_L,high
-0.0126153745559961,0.000348440680028,-0.0031333267130191,0.0022712265977193,0.0003159642888775,0.4529680625799179,0.4529680625799179,0.4529680625799179,False,0.1212581692927332,5.632383089724155e-05,8.340149966728943e-05,3.1679920104071336e-05,2.632629734964865,0.3246664493812202,0.2954852237847193,0.3798483268340604,-0.6527156879100863,-0.4344034440025716,0.6206898408986306,10031.4346799238,True,wing_R,high
-0.0113145941966607,0.0035692520014455,-0.0040252090386125,0.0013232039618438,7.639566645103787e-05,0.4141933320742882,0.4141933068530484,0.4141933320742882,False,0.2379743563998963,0.0001004293449998,3.768953327494997e-05,0.0001035841173724,2.748352350685689,0.0304561399237014,0.6056894948416119,0.3638543652346865,0.810991347427081,0.5176805198720509,-0.2725801051863662,8682.369968967156,True,wing_L,high
-0.0125969295102501,0.0004504999182317,-0.0031368309550721,0.0021738796486635,0.0003370551915355,0.4129426528287495,0.4129426528287495,0.4129426528287495,False,0.0538312441840875,0.0001188066171373,4.3442943168790784e-05,0.0001014429565413,2.7347736702772125,0.1461506186643709,0.4881884087774742,0.3656609725581548,0.743056073719973,0.3644275905323579,-0.5613022381628621,15101.076072069214,True,wing_R,high
-0.012237255004064,0.0012476332139796,-0.0034586684732556,0.0012462372893576,0.0001686527736552,0.4678826343197004,0.4678826931692599,0.4678826343197004,False,0.332752216165312,3.5228842749129314e-05,3.752090511222238e-05,0.0001002534134713,2.845776518555365,0.6257393757176724,0.0228626865034181,0.3513979377789095,0.8049988330084765,0.4862206355210837,-0.3399505441214418,6728.758046528353,True,wing_R,high
-0.0111578353530586,0.0045905978584269,-0.0039835775933403,0.0023323133552644,0.000280870762625,0.3730213983908133,0.3730213983908133,0.3730213983908133,False,0.1618856802892571,4.61247931130676e-05,4.412976336276656e-05,0.0001181791096104,2.677991011167684,0.6097043439816994,0.0168814078636847,0.3734142481546157,0.8320067465201331,0.4725698586213762,-0.2905899214831024,5038.244367852849,True,wing_L,high
-0.0126418253418135,0.0007629463334878,-0.0031025951999274,0.0019420518961672,0.0004971828337052,0.4067313676644168,0.4067314012927365,0.4067314265139763,False,0.1185488801882597,8.164240603882663e-05,8.064893005462487e-05,3.430381856023931e-05,2.3799801149093143,0.0121686269722292,0.5676597952336834,0.4201715777940873,-0.7245397248676604,-0.4504077904275511,0.5217039480499127,5964.283964035674,True,wing_R,high
-0.0111100269196489,0.0045421046662122,-0.0040630580976544,0.0023068376148728,0.000188374904818,0.4168382582693019,0.4168382918976216,0.4168382918976216,False,0.1336112979674794,3.520993280379221e-05,7.997523455373236e-05,3.4851336432698814e-05,2.2947537380143803,0.5597395493709246,0.0044838426932336,0.4357766079358418,-0.2385359338463657,-0.5520962341974827,-0.7989307582319012,6311.031793480465,True,wing_L,high
-0.011159263880643,0.0041605183064292,-0.0040908208622775,0.0019352509748652,9.885576019201116e-05,0.4392184346845649,0.4392184346845649,0.4392184346845649,False,0.1248953831622786,6.332718922010093e-05,9.651639876671992e-05,3.399712374235424e-05,2.8389577747272194,0.3438711967158792,0.3038868612228005,0.3522419420613202,-0.8217783149833643,-0.4543450961148095,0.3438763362889728,7590.881587829346,True,wing_L,high
-0.0106989831109883,0.0025717093986475,-0.0033983833526379,0.0010843197666844,0.0009676040855086,0.2667735629645096,0.2667735629645096,0.2667735629645096,False,0.1578384296477263,4.067576661430728e-05,3.268692028645685e-05,3.973790930712455e-05,1.2444049870051674,0.0230569055053248,0.1733461863798674,0.8035969081148077,0.4474490489565583,0.4152348351084713,0.7920665251734301,4079.982893130314,True,body,high
-0.011291912134113,0.0026891508913493,-0.0030767287339268,0.0008588395451547,0.0007837677193058,0.2715153746281686,0.2715153746281686,0.2715153746281686,False,0.2539063278959342,3.210983205429448e-05,2.9897132985988743e-05,7.586084139959645e-05,2.5373951888680613,0.57672718280099,0.0291678687908344,0.3941049484081755,-0.2850908550229968,-0.9543308263927112,-0.0893077722197909,2856.195976577173,False,body,high
-0.0120849586286426,0.0016641467882866,-0.0034460484542708,0.000829317515286,0.0002197468228009,0.1410489277691136,0.1410489277691136,0.1410489277691136,False,0.6820208593285189,6.118175209514455e-05,0.0001065852491146,0.0001491284123575,2.4374655391632394,0.28527872435791,0.3044590651891409,0.4102622104529491,0.4625766827034689,0.7774138221256517,0.4262048354805937,3415.318579947372,True,wing_R,high
-0.0113364918818061,0.0034610780441353,-0.0040532000288743,0.001222933237667,0.0001108951367835,0.3377243573824985,0.3377243573824985,0.3377243069400188,False,0.1482199370351978,9.983961312725668e-05,3.818832261103096e-05,9.865207616729982e-05,2.614401636442061,0.01189444673071,0.6056088526625307,0.3824967006067591,-0.8022933517610672,-0.557500852227715,0.2133498945051636,8905.393593902287,True,body,high
-0.0113253759483572,0.0034739583796234,-0.0040694160715251,0.0012422541303209,0.0001223060707935,0.4029389927583044,0.4029389927583044,0.4029389927583044,False,0.2027186484399332,8.899082819905626e-05,3.34202897567929e-05,9.128172820285213e-05,2.7313266541711685,0.0250970270710133,0.6087805252631824,0.3661224476658043,0.8036038902449945,0.5393335620179838,-0.2516745844619687,9755.462498238036,True,body,high
-0.0122473763569471,0.0027717984971725,-0.0038899143352641,0.0007164818693898,0.0006707635387566,0.1899346179063136,0.1899345842779939,0.1899345842779939,False,0.2201770814008961,0.0001596861063548,0.0001290084462241,5.349579775490386e-05,2.985021498071216,0.1921122684435897,0.4728817690713313,0.3350059624850789,-0.0273942975629356,0.4749223397770183,0.8796012299000926,3774.23035382582,True,body,high
-0.0124216444365055,0.001176014075694,-0.0032804631374924,0.0014423078929298,0.0003797379091497,0.4351396305652941,0.4351396305652941,0.4351396305652941,False,0.2252667873699819,0.0001009566834319,4.264141770127072e-05,4.676259013382685e-05,2.3675733330258204,0.5368054046134533,0.0408211947189635,0.4223734006675831,0.7756453156217133,0.3885760737396475,-0.4973760943905252,7929.281056416506,True,wing_R,high
-0.010951782135972,0.0022399916060147,-0.0038464713708346,0.000759717528017,0.0007397298771574,0.5033766626687011,0.5033766626687011,0.5033766626687011,False,0.1768018623718262,7.287747083351635e-05,2.419080262740827e-05,6.97138082237178e-05,3.012610699859372,0.0434107080503071,0.6246512821541755,0.3319380097955172,0.7694078736298865,-0.6351314542775048,0.0679673435090595,4072.986573375786,True,body,high
-0.0126510309614913,0.0028054720193174,-0.0040934265389182,0.0011181649427988,0.0011027019050255,0.1783558157475757,0.1783558157475757,0.1783558157475757,False,0.3367656496939417,0.0001261409299012,4.9926138632683664e-05,0.0001080486121479,2.5265508880891545,0.1434293989071043,0.4607741005299064,0.3957965005629892,0.4922188784415955,-0.5137740048516708,-0.7026783386759359,3042.267389479618,False,body,high
-0.0125572966537055,0.0004876975756034,-0.0031702967038623,0.0021160762770979,0.0003017798330709,0.3604067935424249,0.3604067599141052,0.3604067599141052,False,0.244513113813219,0.0001213882246894,4.5065251880098494e-05,5.40893911561908e-05,2.693610256799225,0.5544099001813547,0.0743411422250978,0.3712489575935475,-0.7197651585700794,-0.4039985431787685,0.5645558374669607,11632.486069263943,True,wing_R,high
-0.0113952172913579,0.0025111275509201,-0.0032193160840517,0.0006320213838636,0.0006071247471267,0.2731594799931137,0.273159446364794,0.273159446364794,False,0.3079719932851359,9.88027693067698e-05,9.46129621743197e-05,7.402011187040035e-05,1.334809780884426,0.0424057661728213,0.2084238169476932,0.7491704168794854,-0.3480905202247122,-0.9328411103870636,0.0929540343477317,3548.932363408314,True,body,high
-0.0126312163146516,0.0004426424139821,-0.0031186117201379,0.0022001535982338,0.000368074654903,0.371855117820675,0.371855117820675,0.371855117820675,False,0.0480460609294616,9.02712793541622e-05,8.58353576609211e-05,3.469891427136427e-05,2.601559191396941,0.0491399005860724,0.5664752261783365,0.3843848732355911,-0.7847940460536268,-0.3667822478804902,0.4995689020730898,12859.163777491898,True,wing_R,high
-0.0114610007267781,0.003216037046978,-0.0041830843186382,0.0010128006750501,0.0002880145354607,0.4768046436901059,0.4768046436901059,0.4768046436901059,False,0.7938119902277829,3.5124209890188445e-05,3.841665909904772e-05,9.05912367223735e-05,2.579167958669987,0.5759340473871699,0.0363440143658633,0.3877219382469667,-0.7573127084748661,-0.6519261449972797,-0.0383374888516295,4149.708006538833,True,body,high
-0.0112677097445609,0.0036685917037819,-0.0040522585177612,0.0014353332089387,7.741726035930936e-05,0.4400042906844059,0.4400042906844059,0.4400042906844059,False,0.1344054790111215,7.918133735892352e-05,3.2365962759668564e-05,7.433895059315284e-05,2.446438499199904,0.0611556577255128,0.5300868769521235,0.4087574653223637,0.8439587316075406,0.4708753476928774,-0.2569242422943056,10090.656783625762,True,wing_L,high
-0.0118822968508924,0.0017467539245334,-0.003933646092652,0.0006440295793589,0.000289849825101,0.1987658854595126,0.1987658854595126,0.1987658854595126,False,0.9728255880223844,8.011500752143241e-05,3.0433612178104963e-05,4.204619387420599e-05,2.632451483332959,0.4751770588930198,0.1449488935390092,0.3798740475679709,-0.8831068882548058,-0.4538629615409966,-0.1188723519501043,3348.434184570652,False,body,high
-0.0120966903672187,0.0020841735492118,-0.0041604091208653,0.0006275064671864,0.0005547043905593,0.3575983916782047,0.3575984253065244,0.3575984253065244,False,0.2142736244936458,7.008424200578614e-05,4.98818779165762e-05,3.1548467842021285e-05,2.22147846788416,0.2882582947467996,0.261591044575203,0.4501506606779973,-0.934894627517984,0.3507182694171148,-0.0544860618422151,3985.588301203077,True,body,high
-0.0114055383145124,0.0045341653180669,-0.003601003829689,0.0022238021199445,0.0006778522856877,0.4001942324891418,0.4001942324891418,0.4001941988608221,False,0.1128198165166535,7.437362640531826e-05,9.241094348749496e-05,3.338983394155804e-05,2.767637109224356,0.1951859422863431,0.4434950117061205,0.3613190460075364,-0.5861019152358619,-0.2313336246798876,0.7765109780610443,6627.094414628417,True,wing_L,high
-0.0113203322869198,0.0021214546520924,-0.0035081267239699,0.0004945315417755,0.0004811879674597,0.2433480754521973,0.243348109080517,0.2433481258946768,False,0.187616399689969,3.1941058212226765e-05,7.677080446295428e-05,4.254470174398698e-05,2.403514747472176,0.4458218584316528,0.1381207817989845,0.4160573597693627,-0.8497871586018049,-0.2643986814319563,-0.4560209669878272,5669.79256895634,True,body,high
-0.0125905895066817,0.0006431813948056,-0.0031362202454017,0.0020065545131777,0.0003994994048343,0.2742009490546359,0.2742009826829555,0.2742009826829555,False,0.3128690946321193,4.743453239196124e-05,4.375032056847318e-05,0.0001262974134581,2.8867768696804994,0.6244219806792033,0.0291709206278252,0.3464070986929715,0.5658546871039746,-0.0341734774985174,-0.8237964836767155,7593.435697099813,True,wing_R,high
-0.0123349844528597,0.0026315432935554,-0.004382862228352,0.000948798266069,0.0009324919962409,0.2470225410623148,0.2470225410623148,0.2470225410623148,False,0.9193572739794058,3.5255965836879414e-05,4.881087298077606e-05,5.660983277288511e-05,1.6056809515531278,0.1377668756485813,0.2394443947269379,0.6227887296244807,-0.2683425043966649,0.8318953655904234,0.4857390256540044,4592.736122681033,True,body,high
-0.0120460782465998,0.0024399925404595,-0.0039450099781575,0.0004145860509387,0.0004141885165183,0.2736092923975993,0.2736092923975993,0.2736092923975993,False,0.0509844193080388,8.105110674605573e-05,0.0001043953429573,0.0001007124767259,1.288018722365042,0.0352780701423327,0.188335699878173,0.7763862299794942,-0.6139716575367291,0.5855502703228759,0.5293105748673541,7961.299324916481,True,body,high
-0.0124828829426415,0.0005870434517881,-0.0032376608100521,0.0019813135434016,0.000242139187152,0.3705556775115519,0.3705556438832322,0.3705556438832322,False,0.107769693482137,0.0001389730087044,6.054790398558772e-05,6.412954478357116e-05,2.295257136192879,0.5385467625590694,0.0257722044832506,0.43568103295768,-0.6456170062046884,-0.4182242890492507,0.6389578431700673,7162.504009133231,True,wing_R,high
-0.0111658825875929,0.0042030868155972,-0.004058155694545,0.0019682065496131,0.0001174226868993,0.447304637389735,0.4473046962392945,0.4473047256640743,False,0.1811676570910577,9.401926990181597e-05,3.5971870551425e-05,9.396123053692186e-05,2.6136886533995227,0.0006173135034414,0.6167816453590309,0.3826010411375276,0.8056956778919975,0.430481231885461,-0.406866542763755,7903.926573930664,True,wing_L,high
-0.0126033144596939,0.0005171109471095,-0.0031125151110708,0.002126234290062,0.0003812342304503,0.4320405749302516,0.4320405749302516,0.4320406337798111,False,0.163806128889146,4.30020968742051e-05,9.825641040457144e-05,3.800687743692304e-05,2.5852271228447985,0.5623481796541958,0.0508386111065346,0.3868132092392696,-0.8043573727209674,-0.4126813963249433,0.427438044723113,13951.37311592725,True,wing_R,high
-0.0112081633218741,0.0038123281634255,-0.0040973709443719,0.0015965640873969,9.139150343240524e-05,0.4312064664951619,0.4312065253447213,0.4312064664951619,False,0.151425560840093,3.457481210253708e-05,8.818721169506019e-05,9.317766452243798e-05,2.6949579435487565,0.0535584665376115,0.5753782289704502,0.3710633044919383,0.8225787716183914,0.501056490024911,-0.2688987881837598,7001.306392659266,True,wing_L,high
-0.01126775588358,0.0041807196015478,-0.0038887484153641,0.0019013390659196,0.0002684251732785,0.3187599523208781,0.3187599523208781,0.3187599523208781,False,0.2891674798491002,2.9975329789223365e-05,3.184567407061986e-05,7.403677324007625e-05,2.469923559162765,0.5698668016317365,0.0252623689491653,0.4048708294190982,0.8142808472341949,0.350002958239241,-0.4630816677988255,4990.961590395222,True,wing_L,high
-0.0126360072007096,0.000728057644414,-0.0030980351123737,0.0019691055894863,0.0004841894094044,0.3809069114874742,0.3809068862662343,0.3809069114874742,False,0.1484585670012572,3.2038561257081915e-05,3.719576889749408e-05,9.357625712995243e-05,2.9207384307642097,0.6025084777024252,0.0551123521990218,0.3423791700985529,0.7954978143072412,0.355696653304921,-0.4905742739484826,6546.3777879457375,True,wing_R,high
-0.0113966146423168,0.0039182999818255,-0.0037253387897546,0.0016125028637035,0.000372983478866,0.3555916889559506,0.3555916889559506,0.3555917225842703,False,0.3019141263441647,3.34968383905598e-05,8.661184306166102e-05,5.238505368100721e-05,2.585672177529157,0.3951744723442376,0.2180788980209143,0.386746629634848,-0.5947779137920837,-0.0542850681071295,0.802055088286173,5737.030985223971,True,wing_L,high
-0.0113056477757664,0.00376452998987,-0.0038888683747672,0.0014900783698543,0.0001472650746025,0.4996691048215763,0.4996691048215763,0.4996691048215763,False,0.5770970783525905,4.399487572917243e-05,2.841571219245241e-05,7.65833852427311e-05,2.695107014177623,0.4255297596243541,0.2034274599815854,0.3710427803940605,0.727643157917197,0.4524924138816324,-0.5155444210888741,6783.043046465668,True,wing_L,high
-0.0122877913494107,0.0004812354156486,-0.0035474578400794,0.0019545914275559,0.0001427723707075,0.3637282038309519,0.3637282038309519,0.3637282038309519,False,0.7159397330151099,3.132663796150438e-05,2.926738386404382e-05,7.36134987214243e-05,2.51520597342701,0.5744443817287663,0.0279738652995342,0.3975817529716993,-0.6735652143489513,-0.4414327864378506,0.5928296526631965,4806.537217360248,True,wing_R,high
-0.0117862355652553,0.0022982957274397,-0.0042301758228308,0.0004945292976643,0.0004941682443683,0.4624558095799407,0.4624558095799407,0.4624558095799407,False,0.1200130752709732,2.5659487638238985e-05,5.5069275234067536e-05,2.7235204159786064e-05,2.146156463077645,0.5054373960066659,0.0286133513624361,0.4659492526308979,0.7835208500681641,0.5272715761673025,0.3287548668453598,8785.229524675624,True,body,high
-0.0112044449528034,0.0038387967531386,-0.0040823128924546,0.0016190187688954,7.531880386805312e-05,0.3917821083128499,0.3917821083128499,0.3917821083128499,False,0.3379056271373342,8.620311703520614e-05,9.253926156132464e-05,3.13221270993886e-05,2.954437330124076,0.0684697977832858,0.5930562769776219,0.3384739252390923,-0.8114760589573927,-0.5135720823111788,0.2788374472870127,6363.845429161437,True,wing_L,high
-0.0106305589855507,0.0023413969278925,-0.0033197043448911,0.0011496560402146,0.0011139400258168,0.2386497956484072,0.2386497956484072,0.2386497956484072,False,0.2084391823654638,9.888543978047084e-05,8.128627358969648e-05,0.0001435332012844,1.7657741577500845,0.3110622567075929,0.122613904192745,0.566323839099662,0.871534458257653,-0.4712868466913025,-0.1353380811350179,6069.072308337228,True,body,high
-0.0112620302729775,0.0036658900890541,-0.0040980174575149,0.0014450398237574,0.0001177413205992,0.4251102532373483,0.4251102196090286,0.4251102196090286,False,0.1122866359246275,3.101403827550801e-05,7.860838724752818e-05,8.036753664599999e-05,2.591327705604425,0.0218888057527561,0.592208632468879,0.3859025617783648,-0.854361988097394,-0.4623092547703835,0.2373515246378692,10187.290820796454,True,wing_L,high
-0.0119970407837619,0.0010613413584932,-0.0036264652772367,0.0013129561736956,0.0001727232334989,0.4312747740195796,0.4312747740195796,0.4312747740195796,False,0.5462023111039797,8.74023541225076e-05,8.817249509434812e-05,3.797336450164916e-05,2.321956356817392,0.0087344808720274,0.5605942030784933,0.4306713160494792,0.6877946045078193,0.454713262823836,-0.5658395802893554,6424.6952586154985,True,wing_R,high
-0.0113588431145262,0.0031451478156174,-0.0035040670292403,0.0009114084653498,0.0003875376661553,0.2583743352488278,0.2583743352488278,0.2583743352488278,False,0.1152195040234101,5.900683128368056e-05,3.371393481193042e-05,8.912969605324513e-05,2.6437049413082634,0.3379666497636152,0.2837763124047952,0.3782570378315895,-0.9807055627023554,-0.1907821231665427,-0.0426471659635517,2911.6314466264103,False,wing_L,high
-0.0122123389442865,0.0008491955114841,-0.0036346511511669,0.0015754295525074,0.000154283423327,0.3976129899245852,0.3976129899245852,0.3976129899245852,False,0.5967295390193968,8.146562133221537e-05,7.735573451779562e-05,3.5013008577171496e-05,2.326724398809047,0.0504493398222509,0.5197618976960997,0.4297887624816493,-0.7117075862388058,-0.4259573559431528,0.5585988208079667,6700.588127112104,True,wing_R,high
-0.0121426907722278,0.0012716457812786,-0.0034832803586015,0.0011811430545929,9.359668572243988e-05,0.4599324791854706,0.4599324791854706,0.4599324791854706,False,0.4938463816731913,3.473920996176039e-05,9.560697755539108e-05,3.497556390419041e-05,2.752134480335956,0.6341735216561272,0.0024721411394172,0.3633543372044556,0.1853632765368407,0.3919787593089607,0.9011066018857782,7343.579706748821,True,wing_R,high
-0.0112484984602013,0.0024793445678425,-0.0034132965653776,0.0005775613777622,0.0005313238242707,0.0969557103592207,0.0969557439875404,0.0969557439875404,False,0.5102224138511067,0.0001803205849668,0.0001881580999515,0.0001952002062671,1.082517596663125,0.0360763262002537,0.0401511613874647,0.9237725124122816,-0.5612148327316853,-0.1956757215013981,-0.8042070153491907,3748.812718723576,True,body,high
-0.0111366817144837,0.0041544063600762,-0.004130926579328,0.0019434890046374,9.592828481998904e-05,0.4493064892268705,0.4493064892268705,0.4493064892268705,False,0.119491108105272,3.2256663939966615e-05,8.163508750188578e-05,3.3012256923193835e-05,2.53079759437672,0.5956119123112198,0.0092557380208573,0.3951323496679229,-0.7961510862070804,-0.454724498821566,0.3992105686260838,7039.281660705907,True,wing_L,high
-0.0113909270519209,0.0036723278904443,-0.003817063141882,0.0013747084112558,0.0002190032988463,0.3828821549166364,0.3828820960670769,0.3828820960670769,False,0.1736149605460796,2.761240840825895e-05,2.885672664161936e-05,6.495835676757314e-05,2.352506011324384,0.555765753975715,0.0191556297800557,0.4250786162442292,-0.7626435567898142,0.2516826545951154,-0.5958444819438519,6138.714650060434,True,wing_L,high
-0.0124577497531489,0.0013029049026681,-0.0032410340830788,0.0013762401775682,0.0004747336465848,0.3402205707406598,0.3402205707406598,0.3402205707406598,False,0.1228151471426949,6.342703793872222e-05,2.3676734458602817e-05,5.741752245514077e-05,2.6788760945737744,0.0947469041418477,0.5319622213658379,0.3732908744923143,-0.8839647871607326,-0.4563816206610753,0.1015975953586073,7783.331185187576,True,wing_R,high
-0.0124201620046274,0.0026940293009844,-0.0040811453464142,0.0008734414126927,0.0008595757420888,0.1710723588658226,0.1710723924941423,0.1710723588658226,False,0.6665457779137248,0.0001477416428996,0.0001583450814193,6.301355978919415e-05,2.5128731331657064,0.0669641167552205,0.5350850329604261,0.3979508502843533,0.1321333612559735,0.5076858937861116,0.8513494042364718,5388.076163230762,True,body,high
-0.0115016614764506,0.0022049690675702,-0.0034961401391448,0.0003426821010347,0.0003284726672159,0.1241958263182158,0.1241958263182158,0.124195792689896,False,0.4112384382458795,0.0001313894134581,0.0001186275072237,0.0002503281363489,2.1102031241095696,0.4751312602152221,0.0509807104407002,0.4738880293440776,0.6950038762904001,-0.4975875661783195,-0.5190146683149276,5151.048459899299,True,body,high
-0.0123709020342172,0.0027111675225865,-0.004050104129681,0.0008288244648672,0.0008086264560381,0.11557534107298,0.1155753074446603,0.1155753074446603,False,0.7853868142554575,0.0001742058424798,0.0001900939365827,6.462931392116984e-05,2.941295908147679,0.0835802255900274,0.5764335808311825,0.3399861935787901,-0.0005855396875606,0.6196200483389825,0.78490168355003,5456.586544500364,True,body,high
-0.012317413700553,0.0024878786664296,-0.0040635520588686,0.0007126902131073,0.0007126638595227,0.1589837177519107,0.1589837513802304,0.1589837177519107,False,0.4064251755462877,0.0001632618452256,0.0002140416659563,9.142861768764102e-05,2.341079536907892,0.2372426905940309,0.3356039452273199,0.4271533641786492,0.2495575553346568,-0.8105379942164589,-0.5298577040177388,6062.621515465171,True,body,high
-0.0124393545646644,0.0012698457663031,-0.003267572494227,0.0013819241513026,0.0004337884577286,0.2494126570717805,0.2494126570717805,0.2494126570717805,False,0.1278485308622378,8.894509595789833e-05,8.886302358188984e-05,3.788412902886647e-05,2.3478194758054243,0.000922730760191,0.5731501439624501,0.4259271252773588,-0.9052763440922916,-0.3814389366628643,0.1870269457174503,7937.886897777054,True,wing_R,high
-0.0110734479762947,0.0021925397776865,-0.0033435785328862,0.0007563592945377,0.0007563416259921,0.1522225423036255,0.1522225423036255,0.1522225423036255,False,0.563644008707371,3.2292214031957856e-05,4.213590932135086e-05,8.175920204064114e-05,2.5318549530152525,0.4846340440014837,0.120398622341004,0.3949673336575121,0.7277821996139736,-0.6748530339793775,0.1220919835774472,8530.465166775142,True,body,high
-0.012332889572026,0.000998041105733,-0.0033399338076206,0.0015336661508236,0.0002183615941691,0.4101338726459326,0.4101338726459326,0.4101338137963731,False,0.3284433547732132,3.346015360276074e-05,9.073640934347888e-05,3.2561038655397265e-05,2.786655865120524,0.6312378476858311,0.0099090867036617,0.3588530656105071,-0.740659410784022,-0.5638728823518152,0.3653368442483206,6490.1132139218125,True,wing_R,high
-0.0125799468481821,0.0008349783336654,-0.0031277292871446,0.0018454853299507,0.0004651285434026,0.5414746978529341,0.5414746978529341,0.5414746978529341,False,0.5278861021504361,2.90405925940305e-05,3.005327253838007e-05,6.934758094179277e-05,2.3879533696584296,0.5666283938064771,0.0146029599100157,0.4187686462835072,0.7939995910959781,0.3922141198763136,-0.4644703795820226,5963.322946042821,True,wing_R,high
-0.0113479450736917,0.0042028700121111,-0.0038091561486947,0.0019021318622497,0.0003818971198233,0.3746541794190948,0.3746541794190948,0.3746541457907751,False,0.1623869439425481,4.0258854071170747e-05,4.255776851034752e-05,0.0001005963270021,2.498737962693856,0.5769451054666983,0.0228528665775919,0.4002020279557098,0.0244199010427791,0.3914598234641637,0.9198711187152614,4903.714721376117,True,wing_L,high
-0.0111523430924897,0.0019419147043424,-0.0038311064664248,0.0006782837171952,0.0006560478253545,0.5364208784354347,0.5364208195858753,0.5364208784354347,False,0.2404132782825718,3.053457879076143e-05,2.857408683277644e-05,1.3215667652253207e-05,2.3104832532282567,0.0642056329454972,0.5029844782129459,0.4328098888415567,-0.5864926947421729,0.7844959764765844,0.2014755119266726,3430.8448825297583,True,body,high
-0.0120934914411427,0.0013512394379754,-0.0035735752861623,0.0010732686786639,4.738929953822271e-05,0.5190836174550041,0.5190836174550041,0.5190836174550041,False,0.2018219980762119,3.88701326954085e-05,2.369966414649833e-05,6.228934921777095e-05,2.6282798284706628,0.3759746540373394,0.2435483552071223,0.3804769907555382,-0.7009572963339525,-0.646914449188233,0.3002674876633847,5993.250358119936,True,wing_R,high
-0.011055120895899,0.0022041592074663,-0.0036134023534484,0.0006696700025527,0.0006663029912108,0.2029805227691855,0.2029805227691855,0.2029805227691855,False,0.4734805491247821,0.0001491441284886,0.0002667631595485,9.749688673358518e-05,2.7361197724956035,0.4409118232778484,0.1936071001799853,0.3654810765421662,0.5125728187033504,-0.8222419071601309,-0.2473607722258595,6086.916833770614,True,body,high
-0.012614243776455,0.002673352815497,-0.0038581290761765,0.0009827923197917,0.0009821653902586,0.3091358298737978,0.3091358635021175,0.3091358298737978,False,0.0426455066067036,4.376609491610984e-05,7.768375518075369e-05,7.851735533573591e-05,1.794022415896066,0.0106167630254202,0.4319766008370224,0.5574066361375574,-0.5439536609737967,0.814792522128988,0.2005680946608578,3226.1277032276435,True,body,high
-0.0122404926481603,0.0023094087541825,-0.0043286680734495,0.000796903426689,0.0007902576792676,0.2704026135288543,0.2704026135288543,0.2704026135288543,False,0.2597014676956242,7.106777637157756e-05,4.4823594577539656e-05,6.518791120425442e-05,1.5854992675484445,0.082736022815464,0.2865478233094001,0.6307161538751359,0.4826216434156878,-0.8400328179218077,-0.2478330367830072,4401.589568441661,True,body,high
-0.0121730012218375,0.0009240740464768,-0.0035467203344469,0.0015011313572308,5.698057948404488e-05,0.2529865571917953,0.2529865571917953,0.2529865571917953,False,0.3921027976905493,6.378936815558285e-05,2.71462864441872e-05,6.221181621061173e-05,2.3498377314603927,0.0247306407099605,0.5497080592003888,0.4255613000896506,-0.8254250321338351,-0.4480050464783764,0.3434603247199952,6861.878952683016,True,wing_R,high
-0.0122137261415908,0.0025367351188173,-0.0035044733525255,0.0006032457682057,0.0006029053809461,0.1701821836146908,0.1701821836146908,0.1701821163580514,False,0.1678584384479015,4.292232449702676e-05,9.837717610375724e-05,6.360949193580368e-05,2.291981556371017,0.3534120976524525,0.2102842169098084,0.436303685437739,-0.4008557509524193,0.6840034311364271,0.6094702397344489,4760.971323295772,True,body,high
-0.011856993152677,0.0022979628898179,-0.0041772200654227,0.0004619231018442,0.0004617291882317,0.278348329724882,0.278348329724882,0.2783483633532017,False,0.1391623236342981,9.065614225892806e-05,0.0001315297647498,8.241860212639693e-05,1.5958747340570711,0.3107556876470986,0.062628714863131,0.6266155974897704,0.4251763960003359,0.3207032737499288,0.8463890609467042,9440.780127444075,True,body,high
-0.0109841004462206,0.0022251338366008,-0.0032866560588385,0.0008558748441448,0.0008540952905818,0.1466234943279939,0.1466234943279939,0.1466234943279939,False,0.1134170433975807,9.654397024466993e-05,0.0001124088319007,5.827023555238804e-05,1.9290952033259647,0.1411353662149836,0.3404868998733391,0.5183777339116773,0.1336009486357425,0.4549205293375376,0.8804533482876218,7872.344792835673,True,body,high
-0.0110409295453924,0.0022071114971388,-0.0036186870001639,0.0006817658532686,0.0006775908563293,0.2483079835833572,0.2483079835833572,0.2483079499550374,False,0.4506152422948155,0.0001472990439346,0.0002726923859599,9.734823173430007e-05,2.801205333695982,0.4598344085914892,0.1831764096548924,0.3569891817536184,0.5527757282982839,-0.7968864442589707,-0.2437436956325149,5937.068197099966,True,body,high
-0.0112551938437141,0.0036698425490434,-0.0040975258536834,0.0014506381029686,0.0001151208959228,0.390734048100664,0.3907339640298647,0.3907339640298647,False,0.1259133049587514,3.4198899813592696e-05,8.199806556905913e-05,8.984811183572845e-05,2.627222288595887,0.0873701862652578,0.5319996689842391,0.3806301447505029,0.8343197690929897,0.497857602710395,-0.2367452857483732,10299.946385964582,True,wing_L,high
-0.0124876236960193,0.0010307131266861,-0.0031993934488552,0.0016185249141843,0.0004251428347466,0.4256267590069054,0.4256266665290262,0.4256267253785857,False,0.3012155390185952,4.0022659693869895e-05,2.61252072413568e-05,7.207102400139056e-05,2.7586775995905013,0.4446775212587838,0.192829956908132,0.3624925218330841,-0.8068721796742597,-0.5017322505629003,0.3118044810659323,10422.50505855861,True,wing_R,high
-0.0112801078590437,0.0037059690015865,-0.004001870153283,0.0014568222168206,6.109737895741738e-05,0.4141121533105002,0.4141121533105002,0.4141121533105002,False,0.1445804615998388,7.501458465475016e-05,8.140714050469657e-05,3.3338192684466186e-05,2.4418582397427904,0.0785257387781309,0.5119500784808866,0.4095241827409824,-0.818102836883387,-0.4976464946708931,0.2881938837399692,9038.428497500528,True,wing_L,high
-0.011667168107427,0.0024692699253366,-0.004119413209077,0.0003993776709348,0.0003466565690826,0.1910337931644639,0.1910337931644639,0.1910337931644639,False,0.1654681665270297,9.338213588623962e-05,0.0001057059343015,0.0001333871765514,1.428401431232587,0.2075255130630666,0.0923911783273316,0.7000833086096017,-0.4245520377978917,-0.3020223437366574,-0.8535444165861987,17447.526370337036,True,body,high
-0.0116937460368325,0.0026782649888593,-0.0036252966523997,0.0003640076772298,0.0002040199278485,0.2257939076060756,0.2257939076060756,0.2257939076060756,False,0.0144777170126496,0.0001077772800437,0.0001462748336909,8.930752468363307e-05,1.6378780422936818,0.263186446197017,0.1262674849396373,0.6105460688633456,-0.1882946047699743,-0.9413602954274513,0.279974884600853,5531.91721290273,True,body,high
-0.0119315267863983,0.0020235684751691,-0.0041928863802759,0.0005929947994099,0.0005170409087496,0.2053357493969486,0.2053356821403092,0.2053357493969486,False,0.1327063035364983,3.940115130664984e-05,3.705146303112184e-05,9.348202120697492e-05,2.5230318470407904,0.578516266572657,0.0251351890469467,0.3963485443803963,0.6366977330561081,-0.3844845852528482,-0.6684217234831298,3928.174962316581,True,body,high
-0.0117302490646169,0.0024182799588984,-0.0039956676740249,0.0002663718947095,0.0002427806350825,0.2440445515817803,0.2440445515817803,0.2440445515817803,False,0.0208027560784032,8.649108426992648e-05,0.000172240004367,7.974910823722276e-05,2.159773421600157,0.4978455522701815,0.039142916057617,0.4630115316722014,0.069081091422706,0.2663331268955553,0.9614023446642326,20420.566776713404,True,body,high
-0.0115326227292724,0.0027651995106189,-0.0037893276641971,0.0004637871627411,3.605397435066298e-05,0.0795205363224047,0.0795205363224047,0.0795205363224047,False,0.8439379230491654,0.0001364216959529,0.000204483602664,8.548212825296057e-05,2.3921210999673868,0.3328477483004462,0.2491132151250118,0.4180390365745419,0.1146619176690291,0.4543117566197395,0.8834327775408536,3637.1213915875296,False,body,high
-0.0113753184357804,0.0023867429745512,-0.0038013278275582,0.0003324349642712,0.0002893219688373,0.1623482983958697,0.1623482983958697,0.1623482983958697,False,0.0270168333996229,4.659165359927776e-05,4.975421809816944e-05,8.43960384393702e-05,1.8113982209182304,0.4104673747937507,0.0374729022519659,0.5520597229542833,0.585270899285036,-0.8044431337105962,0.1016327657596753,14257.310194377966,True,body,high
-0.0110048377107893,0.0022305783365193,-0.0035104236021228,0.0007397226112182,0.0007341215105276,0.1237127891338533,0.1237127891338533,0.1237127891338533,False,0.5655052843124119,0.0001679859256455,0.0002704652767344,0.0001059900929886,2.551797711540711,0.3789002134626714,0.2292191936998088,0.3918805928375197,0.4407338681189389,-0.8860685405000666,-0.1436530508865017,7271.837277042375,True,body,high
-0.0117858348961041,0.0025098047971739,-0.0042356583173096,0.0005284655829641,0.0004819953600273,0.2194606525261426,0.2194606525261426,0.2194606525261426,False,0.2221225239505379,8.969666137887772e-05,0.0001063884379688,0.0001454346844704,1.621405771794964,0.2684796040489239,0.1147716354646999,0.6167487604863762,-0.5032552984951759,-0.4039878529153503,-0.7638899915782223,16178.35551807052,True,body,high
-0.0116614943502755,0.0022951615952969,-0.0040179355770251,0.0002784492800831,0.0002776371307222,0.1872373240104264,0.1872373912670658,0.1872373912670658,False,0.6771666829838046,0.0001502228803836,0.0003197778628069,0.0001108183870186,2.885602934766552,0.5302273926500619,0.1232245816490627,0.3465480257008753,0.2718557854602582,-0.9445101147284716,-0.1843775341178939,10717.46593284608,True,body,high
-0.0114028450520385,0.0035067138538867,-0.0037514103982914,0.0012090251443409,0.0002233057846061,0.2857410618315436,0.2857410954598633,0.285741129088183,False,0.1176654438404437,6.357183152799223e-05,3.464148198188344e-05,8.950969192756269e-05,2.583887489985961,0.2897771162095064,0.3232091287893293,0.3870137550011642,-0.956265815669294,-0.1968240693402421,0.2163699967894977,5381.076701343086,True,wing_L,high
-0.0120381851234055,0.00100040965627,-0.0036826196363289,0.0013779765412015,0.0002073896088985,0.43347195174823,0.43347195174823,0.43347195174823,False,0.4093075819875807,4.438465049913777e-05,8.492139138483177e-05,3.382830050807683e-05,2.5103652891033046,0.4773442853991494,0.1243073131388477,0.3983484014620028,-0.7232625451975605,-0.4765446496938186,0.4997964461283636,7537.530976910707,True,wing_R,high
-0.0113261159598162,0.0034562795462342,-0.0040835223646769,0.0012296436205336,0.0001378756756508,0.357690213805182,0.357690213805182,0.357690213805182,False,0.1471368338974722,3.43119327580884e-05,7.934105764018433e-05,8.578552001845703e-05,2.5001657768239443,0.0751229622072133,0.5249035603258891,0.3999734774668975,0.7977986562765131,0.5610360228126786,-0.2208073484961986,9405.385224170772,True,body,high
-0.0123306645020593,0.0004019110709883,-0.0034512170607484,0.0020543439504654,6.692193454036067e-05,0.3454068647201299,0.3454068647201299,0.3454068647201299,False,0.3032054686145947,5.931890122858585e-05,4.073679248125839e-05,2.38624333884929e-05,2.4858697460918218,0.3132578042152392,0.2844685040226894,0.4022736917620713,-0.6992185292070578,-0.4494272975827657,0.5559753165392965,5719.837071786431,True,wing_R,high
-0.0124697059356725,0.0010945241710978,-0.0031723266979972,0.0015683157083704,0.0004545405999989,0.1912073152941847,0.1912072816658649,0.1912073152941847,False,0.4699284440622675,4.0422012052467626e-05,3.826980638216636e-05,0.0001057024060442,2.762031377653225,0.6175866419204961,0.0203609903581584,0.3620523677213454,0.5095910798673131,-0.1446973942102802,-0.8481624817382696,8887.837342945955,True,wing_R,high
-0.0110170906312833,0.0021163859820658,-0.0031312009450471,0.00094269458542,0.0009390547164141,0.3436979071406176,0.3436979071406176,0.3436979071406176,False,0.2159117007796691,9.408802230176296e-05,0.000133400661273,0.0001118410312698,1.4178283059789565,0.1616156156755308,0.133080367058755,0.7053040172657141,0.1807766650130672,0.957656805392232,-0.2240831106368743,4318.098731594486,True,body,high
-0.0123359299858317,0.0014650558434116,-0.0032493585995277,0.0011863317762485,0.0004449169267201,0.1318453610883683,0.1318453274600485,0.1318453274600485,False,0.5250926042273995,3.558582513625868e-05,3.9794416009920806e-05,9.867564651141218e-05,2.772891906639276,0.5967149198731782,0.0426507555050616,0.3606343246217601,0.8154996190439155,0.4725055036381321,0.3342138841683626,4011.341463288029,True,wing_R,high
-0.0124850614221825,0.0025419932930767,-0.0041691036803275,0.0009173020553336,0.0009172746816489,0.1422901154214133,0.1422901154214133,0.1422901154214133,False,0.7892955359711986,0.0001570605466905,0.0001452013056299,5.7425736685125845e-05,2.7350201452657776,0.0755074479905693,0.5588645321460434,0.3656280198633873,0.0312157567281156,0.7179565542151259,0.695387634914106,5191.650985521146,True,body,high
-0.011641607147967,0.0024682482410092,-0.0040805646961586,0.0003659193451744,0.0003069283322124,0.1545856715865213,0.1545856715865213,0.1545856715865213,False,0.2857236829956367,7.436752682876349e-05,0.0001035144969931,0.0001519858329302,2.0437123488074027,0.3189200927647148,0.1917742568664626,0.4893056503688225,-0.7345569861907724,-0.2625092461733411,-0.625711538739564,16724.602102459918,True,body,high
-0.0122023132126831,0.0025690223914876,-0.0037212847242593,0.0005560399588336,0.0005538105371465,0.192851269331691,0.192851269331691,0.1928512357033713,False,0.037997530123457,9.3096436430948e-05,0.0001991373359679,7.981088855210616e-05,2.4951148844554583,0.532501346478195,0.0667155047257353,0.4007831487960696,0.1616771862223963,-0.9196822843492568,-0.3578337369636095,4663.337874710544,True,body,high
-0.0115346834412048,0.0021626619927107,-0.0036192913565099,0.0002686552911852,0.0002366269891215,0.139454272848307,0.139454272848307,0.139454272848307,False,0.0885338053130358,0.0001116698665513,0.0002870691408073,0.0001121333407964,2.5706947601242813,0.6093855979048188,0.0016145038919209,0.3889998982032602,0.3681122518009941,-0.0439014938118264,0.9287443291428982,5711.312984483114,True,body,high
-0.0124256760083661,0.0011360691887301,-0.0032701740551957,0.0014798319798087,0.0003746723736438,0.4559247527234539,0.4559248115730134,0.4559247527234539,False,0.3184493156383928,7.93619440748445e-05,3.4419036404086536e-05,3.0820087838122524e-05,2.575007069794225,0.5663030082576266,0.0453485434097975,0.3883484483325758,0.7388781269114953,0.4022413778626006,-0.5406116790330713,8031.03314839072,True,wing_R,high
-0.0114446291186172,0.0035819481755504,-0.0035156336729116,0.0012935539575361,0.0004700012249706,0.3026070597430514,0.3026070597430514,0.3026070429288916,False,0.0695165101076685,3.104105410257338e-05,7.492078354857438e-05,5.174621771230752e-05,2.41360307227335,0.3093209218940134,0.2763607456976218,0.4143183324083646,0.9336684226046736,0.100886524905633,-0.3436352509905898,3931.555569313805,True,wing_L,high
-0.0114340819671463,0.0045729799246326,-0.003574088253663,0.0022605544462013,0.00072760487136,0.3515105897038594,0.3515106233321792,0.3515105897038594,False,0.132666546764484,3.2507485909558486e-05,7.336847665819842e-05,2.9053750826076945e-05,2.525266947369397,0.5569284331607286,0.0470738284450343,0.3959977383942371,-0.6214668911024979,-0.4171007395593269,-0.6631786157005206,5868.778288899023,True,wing_L,high
-0.0124558766852783,0.000310572901818,-0.0033486729863997,0.002196898606674,5.274763317811345e-05,0.4015455276672628,0.401545502446023,0.401545502446023,False,0.2106567480846859,5.123767445058103e-05,2.323821263310001e-05,5.737198218774371e-05,2.468863810378613,0.1069216628613042,0.4880337187210258,0.40504461841767,-0.7084463012405269,-0.4711307521289745,0.5254899167986034,6893.738210881354,True,wing_R,high
-0.0117541998493793,0.0023532533062894,-0.0042558530356853,0.000514400511352,0.000507366844621,0.2042436697142579,0.2042436697142579,0.2042436697142579,False,0.3225043769724584,9.989947336251882e-05,0.0001212389220669,0.0002248779194989,2.251042091912804,0.4608678240304276,0.0948934815477108,0.4442386944218616,-0.7505776350981312,-0.1484196932797106,-0.6438981350627228,8134.838417857428,True,body,high
-0.0116559896310079,0.0023818734758871,-0.0039120139053325,0.0001789790641349,0.0001569597953401,0.1709721801013966,0.1709721801013966,0.1709721801013966,False,0.0362745844037102,0.0001143746376382,0.0002180418980752,8.71094421418836e-05,2.503079949933055,0.4754465144181091,0.1250456712083447,0.3995078143735461,0.3638926555826795,-0.895814417513301,-0.2551443994844702,17778.667455413586,True,body,high
-0.0115509038345603,0.002344008465828,-0.0039430508795676,0.000247472803919,0.0002304094545202,0.1692529995126915,0.1692529995126915,0.1692529995126915,False,0.1526701828717341,0.0001183997651207,0.0002443116947707,0.0001003558631347,2.4344536247234307,0.5153741402682975,0.0738560714538064,0.4107697882778959,0.3208489144643357,-0.9024040585786302,-0.2876158708205671,19111.43252275229,True,body,high
-0.0119347469055919,0.0023991124777589,-0.0040505891571837,0.0003916605423556,0.000390169622147,0.107767854085134,0.107767854085134,0.107767854085134,False,0.8657330247016292,0.0001374363421107,0.0001859952569045,8.2007450039928e-05,2.26802878048239,0.2610760919493393,0.2980123955489063,0.4409115125017543,0.0363056634513852,-0.9949005065120482,0.0941003769568676,8157.059579050272,True,body,high
-0.0117187811047164,0.0025073449659704,-0.0042272672406546,0.0005128983614493,0.0004559415300599,0.1483606996960653,0.1483606996960653,0.1483606996960653,False,0.4611158303100969,6.193412168804151e-05,0.0001332726749886,5.465291770710851e-05,2.4385280892563737,0.5352826699596241,0.0546338848646638,0.410083445175712,0.2798492040186776,0.3005032257791335,0.911801641973981,15672.808473534402,True,body,high
-0.0116384616092891,0.0023934530551968,-0.0039883877409908,0.0002577694937848,0.000230559625469,0.1741332757827702,0.1741332757827702,0.1741332757827702,False,0.1839112590117457,9.187885443257878e-05,0.0002018542601066,7.991584203333678e-05,2.5258353659393946,0.5448257847813346,0.0592655928734059,0.3959086223452595,0.3692235503169901,-0.868289139721479,-0.3312822659501275,19901.12345405109,True,body,high
-0.0116901112054519,0.0024198756644219,-0.0040093662017329,0.0002781443745616,0.0002477219238864,0.1781813183965832,0.1781813183965832,0.1781813183965832,False,0.0793731538489153,7.91613288872763e-05,7.676070154823997e-05,9.059063196264184e-05,1.1801694113713967,0.1261642934567318,0.0264997305684577,0.8473359759748104,0.8506928696416585,-0.5104202506640583,-0.1256694443883645,21399.240056599057,True,body,high
-0.0115103830264785,0.0023778652939433,-0.0038428909847759,0.0002167348687725,0.0001816075383293,0.1346772355197483,0.1346772355197483,0.1346772355197483,False,0.1347495907997704,0.0001014728547009,0.0002472808075074,9.849823113727076e-05,2.510510134571372,0.5896452469411512,0.0120293345594992,0.3983254184993495,0.3584659177740099,-0.9065995159716644,-0.2226645536100893,23470.7665087034,True,body,high
-0.0124046497315064,0.0005984332126034,-0.0033005018286804,0.001926022531941,0.0001546356884679,0.3143589636775138,0.3143589804916737,0.3143589636775138,False,0.1857577808443348,6.761857590184404e-05,2.607365932422165e-05,2.6277831780397427e-05,2.5933673160724475,0.6113814668539803,0.0030194728808273,0.3855990602651924,0.0399564011912231,-0.4456535364605654,-0.8943133742956312,7242.852891921577,True,wing_R,high
-0.0111735363068505,0.0027660610380126,-0.0037925037827395,0.0006814395535936,0.0003560501501297,0.1562075654462957,0.1562075654462957,0.1562075654462957,False,0.1964827864587307,7.71011975676533e-05,9.110370445346206e-05,5.842732335996132e-05,1.5592654123856886,0.1536985457376387,0.2049738187894547,0.6413276354729065,-0.0782367715446883,-0.9909921012980826,-0.1086906745911331,4544.703665622419,True,body,high
-0.0116142275886229,0.0029792687808404,-0.0032628434321894,0.000809435994591,0.0005967728420759,0.1424531455153835,0.1424531455153835,0.1424531455153835,False,0.1993197739801025,3.534844850636482e-05,1.4377410902686774e-05,1.5462473262561985e-05,2.4586101590627205,0.5625699594770667,0.0306961806168051,0.4067338599061281,0.9661991484254042,0.2141911356056898,-0.1434620612216649,2877.2724981935467,False,body,high
-0.0112568040731075,0.0036659735532889,-0.0041046969792449,0.0014483498674059,0.0001227770623064,0.3550480703536246,0.3550480703536246,0.3550480703536246,False,0.1145068763324993,8.107824230942315e-05,8.00895691537869e-05,3.381339912528481e-05,2.397814014764191,0.012194062518809,0.5707594135045,0.417046523976691,-0.8476284273032528,-0.4818904158496755,0.222053318686394,10016.136882742683,True,wing_L,high
-0.0121249311920646,0.0022089799322131,-0.0042434513440214,0.0006678791224849,0.0006451864741402,0.2854568184591666,0.2854568520874863,0.2854568520874863,False,0.1165677467588804,5.920581077222373e-05,2.38539010430925e-05,3.6677749149889226e-05,2.48201795862519,0.3805042330896259,0.2165977957152307,0.4028979711951433,-0.9211312061968842,-0.3735072707504236,-0.1095884102761021,4624.618421957434,True,body,high
-0.0116894393110509,0.0026729107391279,-0.0035045693889288,0.000415137900167,0.000308576762906,0.1795669060537319,0.1795669396820516,0.1795668724254122,False,0.0201637382585456,0.000100657888861,0.0001300363306106,8.414465232631643e-05,1.5453903131756417,0.2259248750838492,0.1269894071694879,0.6470857177466628,-0.3176500493609971,-0.8965569273519272,0.308681263050136,5056.011399762459,True,body,high
-0.0119551600892052,0.0024601639454732,-0.0038516926631281,0.000304942842935,0.0003006447999847,0.135928511667962,0.135928511667962,0.135928511667962,False,0.1527898431707072,0.0001443183856292,0.0001489416524022,6.041587446225654e-05,2.465273468734792,0.0310407914671847,0.5633246967099902,0.4056345118228251,0.0551677962127473,0.5384881243394317,0.8408252221516844,8723.471873108776,True,body,high
-0.0114536084577984,0.0020227970683064,-0.0033255425230104,0.0005770543485454,0.0005046055095675,0.178709350272722,0.178709350272722,0.178709350272722,False,0.0960722922461455,0.0001443369672449,0.0002047418623567,8.244910476499633e-05,2.483251491211357,0.2950295284827074,0.3022726362238606,0.4026978352934319,0.3708351028271537,-0.8784335241267536,-0.3013898973114832,5064.864076443473,True,body,high
-0.0117667202841872,0.0024651780761436,-0.0038612933270135,0.0001878318701464,0.0001454515125784,0.1042540645866068,0.1042540645866068,0.1042540645866068,False,0.7590476043726238,0.0001143282896659,0.0001787901604405,7.545800406665453e-05,2.3693995441833726,0.3605448455090486,0.2174072974906852,0.4220478570002662,0.4193936059674563,-0.8852113650944873,-0.2012705700820867,10798.203669373986,True,body,high
-0.0112155175761464,0.0022839609722888,-0.0037518082502424,0.0004858797626733,0.0004727855513918,0.1504195263138751,0.1504195263138751,0.1504195263138751,False,0.7134889315680958,0.0001498121328627,0.000305158904205,0.0001032421935792,2.9557576570748365,0.509068453194779,0.1526088167240108,0.3383227300812101,0.5086443910168791,-0.8173574346083976,-0.2705692288074286,11925.087023563869,True,body,high
-0.0116018266993723,0.002453476659628,-0.0038286441004856,0.0001748719382565,7.828044160234698e-05,0.1701041659129559,0.1701041659129559,0.1701041659129559,False,0.0342894072589873,0.0001101262621155,0.0001231892105329,6.882622429617855e-05,1.7898586155591156,0.1060397120886563,0.3352569404474322,0.5587033474639114,0.0599227827465146,-0.9626408275429668,0.2640679784739264,16703.544978190064,True,body,high
-0.0116914007114594,0.0024129358524296,-0.0041078946262439,0.0003715496779172,0.0003457344575934,0.1302092760776749,0.1302092760776749,0.1302092760776749,False,0.6292328374817019,7.136947377785801e-05,6.110443225431339e-05,0.0001699451819595,2.781225120499046,0.5800441474424721,0.0604020743935487,0.3595537781639791,0.5567640261233475,-0.7594329948523708,-0.3365640288926894,15716.628145202229,True,body,high
-0.0114374052024124,0.0023385159450237,-0.0038980427025551,0.0003029562152015,0.0002803850237798,0.140416580845224,0.140416580845224,0.140416580845224,False,0.1397218295381188,8.79838359183862e-05,0.0002533576813156,0.0001025174785688,2.879593492043939,0.5953646321813909,0.0573641287486116,0.3472712390699976,0.4120429537735762,0.0046630828393768,0.9111524899290896,24190.99481123118,True,body,high
-0.0114752033687372,0.0023701505089481,-0.0039156024542623,0.0002835563259753,0.0002494867588184,0.136602692221575,0.1366026585932553,0.1366026585932553,False,0.3348545020831547,9.237173398325288e-05,0.0001885763039405,7.384159088124294e-05,2.553795248586207,0.5101625599133259,0.0982633698656551,0.3915740702210189,0.4536553582753875,-0.861379764409136,-0.2285207154165491,34061.3312401775,True,body,high
-0.0114091246877159,0.0023581680837741,-0.0039299726001832,0.0003445476690717,0.0003113299137322,0.122595555468017,0.122595555468017,0.122595555468017,False,0.2787576363821378,8.532729511502556e-05,0.0002281801709941,9.046199637931872e-05,2.6741756044947285,0.603550142042586,0.0225028373058122,0.3739470206516018,0.4025949132470231,-0.063737863663794,0.9131565148227316,17787.215363500516,True,body,high
-0.011708922519894,0.002459881397487,-0.0040414057761354,0.0003221929488059,0.0002779730503834,0.143472520770854,0.143472520770854,0.143472520770854,False,0.0686861502199546,0.0001025099018066,0.000134854903809,8.792545538028082e-05,1.5337413178675856,0.239850395416217,0.1081491737742804,0.6520004308095025,0.0967055265174738,-0.9905400347146096,0.097357489535003,23571.25025610486,True,body,high
-0.0114158824504579,0.0035215889328636,-0.003722592922111,0.001220549955163,0.0002579312921311,0.2205480074299136,0.2205480074299136,0.2205480074299136,False,0.1936883074659379,5.3719414669242965e-05,3.62551769812571e-05,9.022876120650876e-05,2.488713853283752,0.404630918668006,0.1935551087531285,0.4018139725788654,-0.9889271273764292,-0.0313254921213745,0.1450580927847785,5270.540843782395,True,wing_L,high
-0.0118439008119832,0.0024962206532061,-0.0042630978440156,0.0005620291555089,0.0005290558216708,0.1461116040453174,0.1461116040453174,0.1461116040453174,False,0.2474011630823235,4.0561415340416655e-05,5.739469306879085e-05,9.10018473682289e-05,2.243557001265481,0.3693018908006386,0.184977318759917,0.4457207904394444,0.810963267184153,-0.5813410987939374,0.0661899246944842,12994.250000765333,True,body,high
-0.0114789576728947,0.0023663177374262,-0.0038845658510797,0.0002623778590914,0.0002308068170941,0.1087230665065914,0.1087230665065914,0.1087230665065914,False,0.9515940535785098,4.393496032186292e-05,9.966105541905454e-05,7.011646510627582e-05,2.268377043906449,0.2964507067334347,0.26270547381146,0.4408438194551052,-0.4928461326991089,0.8216626522139809,0.2863095797213553,38005.67743620039,True,body,high
-0.0124544863087636,0.0013161306850521,-0.0032209586381624,0.0013720829486299,0.0004896084316042,0.3446185328352499,0.3446185328352499,0.3446185664635696,False,0.2296836642722931,5.417736117714126e-05,2.289109763842918e-05,2.485826689857289e-05,2.3667437024159663,0.5411687398857441,0.0363098020538827,0.4225214580603731,0.1792995184396236,-0.4146901926847619,-0.8921231567325186,7385.083367704906,True,wing_R,high
-0.0123173141845701,0.0007014579743722,-0.0034173460665844,0.001776686278396,5.267723156783163e-05,0.4327582453083339,0.4327582453083339,0.4327582453083339,False,0.180736703583227,2.9589004565698308e-05,3.0131561634744256e-05,7.329413662725612e-05,2.4770734163941404,0.588895332951652,0.0074024621069645,0.4037022049413834,0.715949064207492,0.5739103618268316,-0.3975472727213855,6520.098831897507,True,wing_R,high
-0.0118750522729115,0.0025336693380292,-0.004320804678457,0.0006344752345128,0.000593625648989,0.3616993736743265,0.3616993736743265,0.3616993736743265,False,0.6879010047411996,3.2571784636925864e-05,5.550145356373992e-05,8.083488855909535e-05,2.481745764321883,0.3133972897956692,0.2836605497396218,0.4029421604647089,-0.3754873979771469,0.8097596052237794,0.4508864554499064,9221.745867754684,True,body,high
-0.0116447619952654,0.0022970067531029,-0.004007383134102,0.0002706745489379,0.0002693574096356,0.1894192975350264,0.1894192975350264,0.1894192975350264,False,0.7857332394102551,6.996443797127062e-05,9.837422082488249e-05,0.0001066157986,1.523857000664246,0.0773016558839807,0.266468790054121,0.6562295540618983,-0.376059299678243,-0.3791238281735367,-0.8454847875843494,11005.776049169726,True,body,high
-0.0124037290456866,0.0025434047906123,-0.0041462266038526,0.000837761621143,0.0008371824764442,0.1273378211139922,0.1273378211139922,0.1273378211139922,False,0.737705668182237,0.0001522640918227,0.0001535834203008,6.157539977381355e-05,2.494233425443624,0.0085903053570591,0.5904849095771083,0.4009247850658325,-0.052958907214222,0.5633588165558523,0.824513309750343,6473.077786291515,True,body,high
-0.0116612259994707,0.0024570077191842,-0.0040212982180286,0.0003047509685417,0.0002512609020855,0.1201867252986308,0.1201867252986308,0.1201867252986308,False,0.138023146682669,8.813029309946035e-05,0.0001385634176895,7.474900057233409e-05,1.8537159912320136,0.3639714250054257,0.0965716113982352,0.539456963596339,0.1495537627260154,-0.9886852302045032,-0.0116270215428999,21206.33445129741,True,body,high
-0.0118360932562905,0.0024527598719595,-0.0040773317295993,0.0003787399883894,0.0003589772199247,0.1086195921668334,0.1086195921668334,0.1086195921668334,False,0.9593395810631746,0.0001445822620849,0.0001267851376976,5.053990191648665e-05,2.860754702765749,0.123093414991663,0.5273484774805542,0.3495581075277827,0.0741644116404035,0.588058891744165,0.805410690198893,16777.714655247917,True,body,high
-0.0118023220415184,0.0024426075035577,-0.0038624753724383,0.0001904636732236,0.0001697299820033,0.1084076664959999,0.1084076664959999,0.1084076328676802,False,0.892872905951334,0.0001053380182378,0.0001864912476334,7.493464613615788e-05,2.4887186001332444,0.4351583810253984,0.1630284127943365,0.401813206180265,0.2539063923665805,-0.891657990136639,-0.3748033785078213,10801.307545889496,True,body,high
-0.0117395845152816,0.0024065609158143,-0.0039786099027496,0.0002480631273095,0.0002300531709195,0.1796664795084031,0.1796664795084031,0.1796664795084031,False,0.2674742843537621,6.645011246230344e-05,0.0001466247652151,5.48925731590084e-05,2.6711220986202058,0.5468015763585632,0.0788239236825769,0.3743744999588599,0.157413771840877,0.509947810892451,0.8456796879438606,18060.993673762267,True,body,high
-0.0113786729164531,0.0022236640533315,-0.0036931632285279,0.0003425934647221,0.0003425187769976,0.1289124671845694,0.1289124671845694,0.1289124671845694,False,0.2165276062931217,0.0001090658213236,0.0002547593200127,9.678831445422432e-05,2.632128903673075,0.5718868251091621,0.0481925719885548,0.3799206029022831,0.553073217849193,-0.8111853984568733,-0.1899691159854739,8781.833871791225,True,body,high
-0.0113655675292286,0.0023329685067476,-0.0038631324136975,0.0003535418054629,0.0003298594699627,0.0971456767372814,0.0971456767372814,0.0971456431089617,False,0.9821391870995114,7.523029960323794e-05,0.0001321806924887,5.094178073530545e-05,2.594740320829022,0.4308525837867487,0.1837523953810706,0.3853950208321807,0.5050999409296442,-0.8017185400069236,-0.3195644415169449,26929.27156176816,True,body,high
-0.0118886352642384,0.0024923117840674,-0.0040042808850992,0.0003582114722321,0.0003344996073139,0.1005795653481696,0.1005795653481696,0.1005795653481696,False,0.9612933646412994,8.558588729813093e-05,0.0001154276225262,6.352867988202335e-05,1.816937212305468,0.2585320097133791,0.1910912391103246,0.5503767511762963,0.2321774110094706,-0.9719667448005648,-0.0370715095286595,11385.468309415157,True,body,high
-0.0111541857746349,0.0027916059086421,-0.0027955439854843,0.0011859893895047,0.0010995580018664,0.1554578220582868,0.1554578220582868,0.1554578220582868,False,0.4471599307714172,3.651608547902125e-05,3.277372656095361e-05,8.953248677574513e-05,2.731837241920896,0.5921470876768535,0.0417988939304371,0.3660540183927093,0.7701779462721803,0.4810959978766778,0.4187750851029824,2148.852835249469,False,body,high
-0.0116065541586071,0.0030120935270086,-0.0031294785205319,0.0009199393942433,0.0007316887368183,0.2178800878712959,0.2178800878712959,0.2178800878712959,False,0.132450859201335,2.715356214826738e-05,3.042995540477321e-05,7.568372711874281e-05,2.787248564497165,0.5979326525894978,0.0432905907417242,0.3587767566687779,0.1645168528597362,-0.9538845733963732,0.251074542241039,2488.619478494376,False,body,high
-0.0111780259046555,0.002240847296941,-0.0036143231842995,0.0005448900354411,0.0005414422065103,0.0909873225481775,0.0909873225481775,0.0909873225481775,False,0.78890190967327,5.826434534244411e-05,6.789242101329156e-05,0.0001332079339171,2.286268439715366,0.4903274976433471,0.0722785451866466,0.4373939571700063,0.6142091406580145,-0.7873273487987924,-0.0535049284235405,7079.602869867477,True,body,high
-0.0109385114918187,0.0022049422489606,-0.0038130167622604,0.0007741698213054,0.0007615418140557,0.5293974861641848,0.5293975471155142,0.5293975471155142,False,0.7137739037434015,1.821912438579809e-05,3.998801762192515e-05,1.7219622890197872e-05,2.322235386739393,0.5443854066972135,0.0249950248859597,0.4306195684168268,0.0079903646130468,-0.8162712663274921,-0.5776135159788618,4090.849849277252,True,body,high
-0.0114914823362269,0.0020859321420719,-0.0030003786340573,0.0008117122648296,0.0007589276243883,0.1625264276053913,0.162526461233711,0.162526461233711,False,0.2135080432654904,7.060758599232074e-05,5.812770427183749e-05,2.7977995546443013e-05,2.5236827947560903,0.1767498710668363,0.4270038169648449,0.3962463119683186,-0.8562106008184573,0.4674246798626706,0.2200399411501831,3427.634702462901,True,body,high
-0.0117800293972225,0.0026421440070143,-0.0035688595197605,0.0003636359679178,0.0002814643491699,0.131885513302106,0.1318855469304257,0.1318855469304257,False,0.1288978315103471,0.00013372808346,0.0001220210182126,0.0001086169939809,1.231189324605893,0.0875438048955076,0.100233428049472,0.8122227670550203,-0.2998447332473783,-0.9024936938840248,0.3091896965349536,6506.528371738812,True,body,high
-0.0115528503303749,0.0023328096108369,-0.0039759574726721,0.0002733373936461,0.0002598674327684,0.1782090617603467,0.1782090617603467,0.1782090617603467,False,0.9739177631241468,7.220290430550396e-05,0.0001493754394287,6.612089056306134e-05,2.2591262482516608,0.5166346985715435,0.0407162902127704,0.442649011215686,0.1843644282108501,0.5279803409988107,0.8290033275743023,15352.117014073468,True,body,high
-0.0115688556191186,0.0023798771839375,-0.0039212369610628,0.0002237311397811,0.0001924160394066,0.1535429582771698,0.1535429582771698,0.1535429582771698,False,0.0881441965080818,0.0001165279685613,0.0002080530642688,8.29258724681841e-05,2.508904134214973,0.4399122696371887,0.1615073356946441,0.3985803946681671,0.4271639806948052,-0.8869172062821034,-0.1758089952127517,26276.918684530683,True,body,high
-0.011519781382591,0.0023944314796469,-0.0038664329597882,0.0002245159138593,0.0001797201931273,0.138729649815124,0.138729649815124,0.138729649815124,False,0.0586240174898166,5.332485649282911e-05,7.479706291751546e-05,0.0001422137874791,2.666932399495072,0.474051959072668,0.1509854058829157,0.3749626350444162,-0.5363535029787907,-0.0961798912807978,-0.8384952882131141,24386.425104180536,True,body,high
-0.0117052309063075,0.0023764138887304,-0.0039575999030757,0.0002169934880906,0.000204537249372,0.1376317860614426,0.1376317860614426,0.1376318196897623,False,0.0790909418636783,8.950747251462779e-05,0.0001179103902268,4.61741300629052e-05,2.5536028522077987,0.2408856221879702,0.3675108051830996,0.3916035726289302,0.0935186843018727,0.7124315957891453,0.695482190287989,15375.68887085464,True,body,high
-0.0117158615302942,0.0024699822824315,-0.0041772608670146,0.000453521148216,0.0004105239168456,0.1550077406272434,0.1550077406272434,0.1550077406272434,False,0.2743309387435071,7.370931833494268e-05,0.0001603085010872,6.114471267084315e-05,2.6217884439200927,0.5402033090258006,0.0783776629366808,0.3814190280375185,0.4095706552754995,-0.867718904332659,-0.2816305761115578,20315.549241045923,True,body,high
-0.0115545000479283,0.0024167260646911,-0.0039317196507841,0.0002500068840572,0.0001962567341727,0.12522532369792,0.12522532369792,0.12522532369792,False,0.0647322840539789,8.823221768063895e-05,0.0002120635938103,8.716595080842423e-05,2.432871916654733,0.5839351012811903,0.0050280524490612,0.4110368462697485,0.3194453945692324,-0.9355652736053856,-0.15057310089185,32943.35125282107,True,body,high
-0.0114569725974802,0.0023779806851732,-0.0039327377306792,0.0003092787737108,0.000269987271915,0.0809083770769742,0.0809083770769742,0.0809083770769742,False,0.2883724543824011,8.223229402387947e-05,0.0002015556199868,8.126255573738005e-05,2.480301267391148,0.5920119020782583,0.0048112689021651,0.4031768290195767,0.4460794845416642,-0.8595499327141936,-0.2493732275968472,24941.806906257338,True,body,high
-0.0111960523111798,0.0022924255491293,-0.0038344747820566,0.0005123264407852,0.0004928009625407,0.0869154038273681,0.0869154038273681,0.0869154038273681,False,0.8946317051426858,7.981811967115278e-05,0.0001831086117422,8.723472472237407e-05,2.294073231700523,0.5235902675884864,0.0405038571405955,0.435905875270918,-0.3706845337504676,-0.1796797234117547,-0.9112124743619756,9304.003010068036,True,body,high
-0.0117459483309508,0.00270154763925,-0.0035459537474709,0.0004201400287385,0.0003013060055148,0.16163971607119,0.16163971607119,0.16163971607119,False,0.023762534030369,9.323575338040176e-05,0.0001076646871679,5.875565692389053e-05,1.8324139802821504,0.1340173288673772,0.3202544619175727,0.54572820921505,0.0007127610581632,-0.974231508992896,0.2255492382099727,6380.851029083011,True,body,high
-0.0115362092406928,0.0024014721732306,-0.0039231739096906,0.0002504297128348,0.000204015279977,0.146691759817012,0.146691759817012,0.146691759817012,False,0.7933811552952365,6.879518461697926e-05,0.0001386696363842,4.856279064859792e-05,2.8554709177994946,0.5038915049409498,0.1459035625673448,0.3502049324917053,0.0611383241695806,0.2920237081560237,0.95445495398816,30594.327687803645,True,body,high
-0.0116817871356258,0.0024933973961476,-0.0041928530423942,0.0004757073757428,0.0004173628898595,0.129370720297303,0.129370720297303,0.129370720297303,False,0.5273319650200466,7.130865117845446e-05,0.0002053119264489,8.379606296142238e-05,2.8792008130276603,0.5918597403922685,0.0608216580446688,0.3473186015630626,0.654483304060845,0.2190702753083057,0.7236434337309656,15084.74149089276,True,body,high
-0.0120326435319778,0.0024702648702416,-0.0039418032821868,0.000410804336723,0.0004077299732692,0.3976009846144476,0.3976009509861279,0.3976009846144476,False,0.049760223220559,7.37218318507346e-05,4.160015645319728e-05,0.0001046187435007,2.514864183706337,0.2953286439516155,0.3070355686054904,0.3976357874428939,-0.9300448588673156,-0.3639290438293119,0.0507169749882383,8851.141487902523,True,body,high
-0.0113832812010968,0.0023342213041917,-0.00386750276531,0.0003384587259256,0.0003151897850861,0.1607151054206717,0.1607151054206717,0.160715071792352,False,0.8024335422681075,5.797855433486032e-05,7.189583248622903e-05,9.691332930218104e-05,1.6715375264869397,0.2581429922600853,0.1436054075489851,0.5982516001909296,0.8603929167581911,-0.5091491974081402,0.0221613079708555,35577.345569087374,True,body,high
-0.011401948907515,0.0032617172338602,-0.0040713250467652,0.0010268785177891,0.0001615667505827,0.2639669938437139,0.2639669938437139,0.2639669938437139,False,0.4003082103171533,3.174857637255846e-05,7.568524286408199e-05,8.575484621100271e-05,2.701061150103221,0.1174231404035653,0.5123519944682294,0.3702248651282052,0.8027308890922453,0.5903330631810834,-0.084439293059644,4829.994608438276,True,body,high
-0.0122331084863236,0.0022822370653146,-0.0043169896089119,0.0007846703495323,0.0007742393213676,0.2401503753448157,0.2401503753448157,0.2401504257872952,False,0.2963655346698495,7.924494501473048e-05,3.2907051512233025e-05,4.869844554217916e-05,2.408144800978951,0.3854693755781289,0.1992732031930963,0.4152574212287747,0.21736006505482,-0.8740558800696698,-0.4344892641193787,4418.003056733278,True,body,high
-0.0119540490974252,0.0016871084548894,-0.0036513636213462,0.000702140210184,3.576782267086511e-05,0.2678443222925021,0.2678443222925021,0.2678443559208218,False,0.7857284025823331,6.995469704944902e-05,2.8569509136881062e-05,6.72532851182505e-05,2.448578892772884,0.038616591095934,0.5529832536337762,0.4084001552702898,-0.8402092058799904,-0.5415616208932734,0.027559048059886,3686.080027504477,True,body,high
-0.0117744127853568,0.0024683619228233,-0.0042809393102512,0.0005577672700186,0.0005246100240742,0.1454148588891768,0.1454148588891768,0.1454148588891768,False,0.2568097164450184,7.757226325095273e-05,9.973165072074116e-05,0.0001738126285324,2.2406543427794325,0.42621171106617,0.1274900889359024,0.4462981999979274,-0.696108850928417,-0.3272305161217511,-0.6390247702380643,12022.608705926135,True,body,high
-0.0116003097673383,0.0024020411760364,-0.0038147725853338,0.0001383685196749,8.809353303611843e-05,0.1208904987735916,0.1208904651452719,0.1208904651452719,False,0.5435908295497895,0.0001230241409908,0.0001652318577818,7.277107247581123e-05,2.270570601207106,0.2554453926602656,0.3041366791465442,0.4404179281931902,0.2322566764047702,-0.8986960860014469,-0.3720244363897209,18515.300818683336,True,body,high
-0.0117361004022829,0.0024113678122538,-0.0038776449560765,0.0001579852331311,0.0001353241390496,0.1780240723736036,0.1780240387452839,0.1780240387452839,False,0.0140193640761274,7.936368485923464e-05,0.0001710984948983,6.529162774249935e-05,2.6205273296771754,0.5361520572907729,0.0822453588799675,0.3816025838292595,0.1231496896252486,0.5348225916817194,0.8359419533508614,12851.860504691496,True,body,high
-0.0115222046933677,0.0023573600064825,-0.0038824382894468,0.0002249983499314,0.0002005678201351,0.1520568892007176,0.1520568219440782,0.1520568219440782,False,0.2337413282583516,0.0001141978528817,0.0001901276590866,8.230086414751209e-05,2.3101538611539434,0.3993622315117316,0.1677661676761516,0.4328716008121167,0.2639286734532942,-0.8980354372828696,-0.3519573961623052,21275.2106740992,True,body,high
-0.0118223277592414,0.0025937309082283,-0.0039589579562632,0.0003582757140853,0.0002690468647633,0.1740045802032273,0.1740045802032273,0.1740045802032273,False,0.2371710472546141,7.320904939442281e-05,0.0001407200406077,5.958498351524866e-05,2.361669539972238,0.4797539207758631,0.0968168131585063,0.4234292660656305,0.1437281352401208,0.2819962345708312,0.9485886077896308,6701.678916616171,True,body,high
-0.0115304872380481,0.0024069781332648,-0.0040091245677996,0.0003215992323693,0.0002750875394302,0.1062207832367218,0.1062207832367218,0.1062207832367218,False,0.1297140312325265,8.594749578584663e-05,0.0001916257017451,8.232747595572099e-05,2.327603263923516,0.5514824211829142,0.0188910975780304,0.4296264812390553,0.3449787176766903,-0.9372489608360136,-0.0505378052744556,17500.524574567415,True,body,high
-0.0119681111747796,0.0026257862324052,-0.0034887285869162,0.0004722423154646,0.0004509563845329,0.1700571198936769,0.1700571198936769,0.1700571871503163,False,0.0262837691227957,6.868465807200984e-05,0.0001079888636257,4.696746698469704e-05,2.2992269023357714,0.3639653593353377,0.2011058396037031,0.4349288010609591,0.0406586209279287,0.577119036241536,0.8156472856277275,4980.319320777838,True,body,high
-0.0115718212204395,0.0024337911834153,-0.0038177050456714,0.0001768676713961,9.978077113935084e-05,0.150496266139461,0.1504962997677806,0.150496266139461,False,0.0506392572772363,0.0001216938807287,0.0001089148466353,0.0001095516540466,1.1173305062459051,0.0997768056156638,0.0052328630455109,0.8949903313388253,0.7449132262149953,-0.3991528001063216,-0.5345851920669425,20655.64895473922,True,body,high
-0.011468273873417,0.0023765075861966,-0.0038810420968829,0.0002709839043372,0.0002337071577121,0.141821841069405,0.141821841069405,0.141821841069405,False,0.2029640287424646,6.869618753137638e-05,7.565976793984701e-05,0.0001153105564283,1.678558309742053,0.3438608720370455,0.0603897910491406,0.5957493369138138,-0.7086713060283143,-0.169504600130323,-0.6848745655569226,39861.80580406405,True,body,high
-0.0113982230954947,0.0022572148718065,-0.0038109109638883,0.0003172283685073,0.0003150216226804,0.1586340841118511,0.1586340168552117,0.1586340168552117,False,0.972462611000607,6.04353521702377e-05,0.0001228938033855,5.146284469593337e-05,2.3880103035820675,0.5082310864719132,0.0730102513481212,0.4187586621799655,0.1035636197181168,0.5126002949028813,0.8523587943679354,11939.118404311936,True,body,high
-0.0114826731127541,0.002363109717895,-0.0039391208995435,0.0002919848409381,0.0002615958702517,0.1206372775261502,0.1206372438978304,0.1206372438978304,False,0.3085391653756163,7.365464935453361e-05,0.0001717005149021,7.503018188327125e-05,2.331156504129322,0.5630171410609078,0.008011231239005,0.4289716277000871,0.3807536520132255,0.0357528965618771,0.9239850577071188,25848.01237802046,True,body,high
-0.0115628924082653,0.0024227886683408,-0.0039690869235454,0.0002766824504163,0.0002228236348699,0.0932312730660092,0.0932312730660092,0.0932312730660092,False,0.6999275314744403,8.334711350578753e-05,0.0001378259074886,7.569968005532616e-05,1.8206933951098885,0.3952725215131075,0.0554861824587685,0.5492412960281239,0.3611205564283268,-0.931681471367496,-0.0395168272435126,33025.38890491729,True,body,high
-0.0116002631414216,0.0024239092923287,-0.0039981712349802,0.0002861640350629,0.0002387789085275,0.1033686645568743,0.1033686645568743,0.1033686645568743,False,0.2115105647509805,6.994549112353616e-05,0.0001833493171009,7.351009175013907e-05,2.6213171736419967,0.5990708178658468,0.0194415811466605,0.3814876009874927,0.4236661630604171,0.0581250662841943,0.9039515799793272,28432.023020896097,True,body,high
-0.01148079457523,0.0027440755808622,-0.0038655061699312,0.000479413508723,8.171197403607848e-05,0.1282102742406351,0.1282103078689548,0.1282102742406351,False,0.0811797986227308,3.968734897316611e-05,5.57600895833796e-05,3.840863643800004e-05,1.451759155089731,0.2882481131272122,0.0229323974319297,0.688819489440858,0.2689828375172843,-0.961597923394826,-0.0545680020149934,3600.468878689153,False,body,high
-0.011294054380809,0.0022795009145696,-0.0037903042395252,0.0004109035899971,0.0004012225061826,0.1043133176859417,0.104313284057622,0.104313284057622,False,0.8208455756168933,4.2559513754915824e-05,7.613480481306919e-05,9.77686276640829e-05,2.297221444471747,0.2212757135688148,0.3434157956426739,0.4353084907885113,0.9196695195837984,-0.3884036197284902,0.0578843928042093,14535.410881189422,True,body,high
-0.0125050623986207,0.0010095176647823,-0.003196737558861,0.001645011514981,0.0004309925462662,0.4260762687565136,0.4260762687565136,0.4260762687565136,False,0.1703426464914784,3.162106081432179e-05,7.471707117516865e-05,3.4076358483122266e-05,2.3628894556670867,0.5439280749745562,0.0328612675815974,0.4232106574438464,-0.0167861800504871,-0.5206680288367636,-0.8535941822122217,9399.069466534258,True,wing_R,high
-0.0115834303115793,0.0022436108880079,-0.0036708051826392,0.0001643792247792,0.0001533388374069,0.1617197514721077,0.1617197514721077,0.1617197851004275,False,0.0230090450461363,8.200166282262245e-05,9.541892592616168e-05,7.234309751778417e-05,1.3189776108592084,0.140614275137848,0.1012227418312421,0.7581629830309099,-0.2802467850531643,-0.9592915154040332,0.0349503639637569,7039.555555154859,True,body,high
-0.012503896259289,0.0026439699675498,-0.0037895067007058,0.0008637755040157,0.0008631697611456,0.1923982622368326,0.1923982286085129,0.1923982622368326,False,0.0943073610913692,9.685151753167768e-05,6.794009172350706e-05,4.194094728672092e-05,2.30923533675984,0.2985128838968828,0.2684433357307229,0.4330437803723942,-0.7108373137822404,0.5911378571814108,0.3811382257683144,3393.944638582065,True,body,high
-0.0115675166948501,0.0024425044330751,-0.003912282140093,0.0002386110551062,0.0001660502830224,0.1555209760427084,0.1555210096710281,0.1555210096710281,False,0.0652553200011019,0.0001411262485598,0.0001275483838585,0.0001084358709981,1.3014719876433976,0.0962107675914258,0.135428476668667,0.7683607557399071,-0.3085158195480794,-0.888970267071916,0.3384521433683991,24882.492302787963,True,body,high
-0.0117605212559139,0.0025195923982097,-0.0042280984280828,0.0005212192246938,0.0004663383278988,0.1949869030317261,0.1949869366600458,0.1949869030317261,False,0.388498352817327,9.121915852148731e-05,0.0001310479694449,6.616498265650819e-05,1.980624254452637,0.3039254335044973,0.191183243594704,0.5048913229007987,0.2708374088541082,0.3217011419223264,0.9072791594934074,15446.364071507052,True,body,high
-0.0115746689529489,0.0024081930461257,-0.0039537993133418,0.0002539758813955,0.0002091793686622,0.119987981929125,0.119987981929125,0.119987981929125,False,0.1504279832983726,0.0001279949120333,0.0001983955945244,8.441149323043448e-05,2.350338643848195,0.3548500291040107,0.2196793679182387,0.4254706029777506,0.3227480177910186,-0.9066067425919516,-0.2718417394345078,35138.79887769093,True,body,high
-0.0114732457084895,0.0023489226208814,-0.0038764908935317,0.0002615105611206,0.0002376583583851,0.0871488852511378,0.0871488852511378,0.0871488852511378,False,0.8439594474478121,6.470387399448243e-05,0.0001543780101075,6.54332516256158e-05,2.3859160290877486,0.5761491446868127,0.0047246212762131,0.4191262340369742,-0.5809465367958271,0.8034425097972212,-0.1303121438534268,30769.87170719354,True,body,high
-0.0115866564634395,0.0024137903219554,-0.0039736764750074,0.0002668967542485,0.0002216660837343,0.0918558411614139,0.0918558411614139,0.0918558411614139,False,0.2148225109464025,9.506342139345612e-05,0.0001872768690056,7.755576776050419e-05,2.41473812217198,0.4923910149810844,0.0934854033277747,0.4141235816911409,0.3129756876934838,-0.9462381605754588,-0.0817285897563584,36668.0663743804,True,body,high
-0.0112584598478914,0.0023316641881224,-0.0038251200410669,0.0004475302046949,0.0004199635022979,0.0890251100929042,0.0890251100929042,0.0890251100929042,False,0.9544108613900604,5.2355187146622814e-05,0.0001049528642878,4.33148224580247e-05,2.42302422893587,0.501155232857384,0.0861373793839825,0.4127073877586334,0.1106644318412945,0.2907305327253847,0.9503836808712876,10864.43741933304,True,body,high
-0.0117337987618361,0.002453206252284,-0.0040017946729809,0.0002852655850676,0.0002474393860961,0.1252060546707242,0.1252060546707242,0.1252060546707242,False,0.0772904432479296,0.0001209639950247,9.438023003465116e-05,8.372169590397577e-05,1.4448345045885125,0.2197659310495223,0.0881132780749863,0.6921207908754914,-0.3171073735772952,-0.9481061425049492,0.0231874139846289,20583.33409525032,True,body,high
-0.0114959127308687,0.0023878318307409,-0.0038868097759236,0.0002532650983221,0.0002112972343533,0.1115766312041865,0.1115766312041865,0.1115766312041865,False,0.3117958192791557,5.801777008597472e-05,8.992449036190125e-05,5.9803647311791086e-05,1.5499473735140967,0.3349570615178221,0.0198597425309734,0.6451831959512044,-0.4280919308957367,-0.1457092220222017,-0.8919114985914487,31649.06865859985,True,body,high
-0.0114669021506512,0.0023667579811292,-0.0039261549698003,0.0002960903570902,0.0002629666400429,0.0862604586726311,0.0862604586726311,0.0862604586726311,False,0.9364324948993816,6.193294039968394e-05,0.0001766502410227,6.848457701325065e-05,2.852282483001485,0.612315405760392,0.0370881838350922,0.3505964104045158,0.38145771103907,0.009756563068572,0.9243348009059932,30399.34898529144,True,body,high
-0.0110319416610956,0.0023021861500205,-0.0035279830677191,0.0007018809774064,0.000685324217361,0.1230889501748512,0.1230889838031709,0.1230889501748512,False,0.499468797260984,5.301407812545277e-05,6.92498362165688e-05,9.448996853288922e-05,1.7823561565908532,0.2671197028448058,0.171825203703659,0.561055093451535,0.831953584551093,-0.5500252128306667,0.0729760125189571,6609.690192940117,True,body,high
-0.0126274167154507,0.0002581337189029,-0.0031405696077305,0.0023534542292111,0.0002871448177961,0.3713076739969816,0.3713076739969816,0.3713076739969816,False,0.0608565645556414,5.498447126223448e-05,3.316467028821371e-05,2.195031844740801e-05,2.5049509597764987,0.3968356969362635,0.2039548909604257,0.3992094121033107,-0.7621014760186692,-0.5037317808142042,0.4067623793419402,8575.098177647707,True,wing_R,high
-0.011135730686582,0.004285989295819,-0.0040941803124322,0.0020609347048273,0.0001155768420003,0.5331656928172732,0.5331656928172732,0.5331656928172732,False,0.1546716818380917,3.2032450969221806e-05,7.506646871435e-05,6.775555395852593e-05,2.34345067089862,0.097392549310455,0.4758862858627471,0.4267211648267978,0.82078864532308,0.4746348340309752,-0.3178486653001577,10272.566600694185,True,wing_L,high
-0.0123370812736301,0.0026261510746432,-0.0043723917687338,0.0009415222369438,0.0009264674389717,0.2302386298792271,0.2302386298792271,0.2302386298792271,False,0.5600950872893018,7.51019136167097e-05,4.108766970813272e-05,3.302141973055492e-05,2.274339329729589,0.4529078191292455,0.1074040538932833,0.4396881269774711,-0.9551367684526118,0.1923801381528518,0.2251746788477595,4713.897027846026,True,body,high
-0.0124279684094519,0.0023214123010797,-0.0040072837218785,0.0007751647565725,0.0007471523457855,0.1294998194166826,0.1294998194166826,0.1294998194166826,False,0.3690957659522676,8.24734835425017e-05,3.611359035638179e-05,6.282394729499291e-05,2.2837242912882365,0.2382527741462823,0.3238659965762967,0.4378812292774209,0.3332998750718575,-0.638801933198498,-0.693428643350522,4231.060756160615,True,body,high
-0.0113422313940694,0.0034014294761299,-0.004110090382201,0.0011827611520061,0.000172987765415,0.3940778380359602,0.3940778380359602,0.3940778380359602,False,0.1028076998232486,2.8998802837276503e-05,5.91732405479919e-05,7.028504173989734e-05,2.4237221837844096,0.158096245187229,0.4293152136464744,0.4125885411662965,-0.78196998149868,-0.6105611688706805,0.1254512140324762,7424.555536192169,True,body,high
-0.0114431134655351,0.0022292939626393,-0.0031771461058183,0.0006313660358502,0.000621846600391,0.2132754293095878,0.2132754293095878,0.2132754293095878,False,0.3388502616896548,5.694234177116945e-05,2.3594663637063456e-05,2.469725323531849e-05,2.4133567931742883,0.5662761230550059,0.0193632640309375,0.4143606129140565,-0.8832759264584704,-0.4030291992521435,-0.2395644011306912,4798.25333109684,True,body,high
-0.0122383654720007,0.0025964869468963,-0.0041250459291599,0.0007102570091463,0.0006980706704464,0.1076072452301831,0.1076072788585028,0.1076072788585028,False,0.7853920585461626,0.0001102810720434,0.0001688854671742,0.0001182645704171,1.531409371027018,0.2997350666346908,0.0472716717860333,0.652993261579276,-0.450663675744281,0.1531438028402632,-0.8794596221636762,6658.262505809036,True,body,high
-0.0114164393456707,0.0023348600573425,-0.0037978117030146,0.0002872100801895,0.0002686996587459,0.1103142577104674,0.1103142577104674,0.1103142577104674,False,0.9884450098212438,8.905399259587353e-05,0.0001070297636611,4.599652674031977e-05,2.326909687450976,0.1679511422839818,0.4022943187268171,0.429754538989201,0.1525475972250591,0.3323392960078714,0.9307415446351652,18627.273615110727,True,body,high
-0.0116930071642263,0.0024673294851705,-0.0040573333052662,0.0003396504425552,0.0002894572559101,0.1176108632652285,0.1176108632652285,0.1176108632652285,False,0.2388695983346659,0.0001288294358824,0.0001226602688351,5.083569139438181e-05,2.534232000170684,0.047886315771132,0.5575168201956425,0.3945968640332253,0.0531028059099217,0.4992764148703672,0.8648139415843654,20359.441201726564,True,body,high
-0.0116911199244029,0.00250353056155,-0.0041857319386741,0.0004722940538783,0.000410561806623,0.1605097709005021,0.1605097709005021,0.1605097709005021,False,0.3764641265967524,7.785619391360895e-05,0.0001551384606646,5.901060171520303e-05,2.628993031004073,0.4981502744060583,0.1214759519829568,0.3803737736109848,0.1660584390522016,0.518702641030166,0.8386728593485525,15697.96528914893,True,body,high
-0.0115446707469407,0.0023883778488256,-0.0039542701675271,0.0002655444510614,0.0002283796006253,0.1360108001663005,0.1360108001663005,0.1360108001663005,False,0.1346399664154597,0.0001183336719506,0.0001985770302211,8.497502193802199e-05,2.3368870721329444,0.4040918437600886,0.1679884625906709,0.4279196936492404,0.3098146491358483,-0.921582431961962,-0.2338818169074015,32164.561387661608,True,body,high
-0.0120381713325619,0.0024694926199429,-0.003904076181828,0.0003985372391945,0.0003963879951277,0.1709163907189921,0.1709163907189921,0.1709163907189921,False,0.0061319981472968,8.172256357640316e-05,0.000140557281784,4.955325015691751e-05,2.836489661907585,0.4185817871607702,0.2288697747365208,0.3525484381027089,0.2496907534338373,0.2777618576470557,0.9276329436183792,8418.282880785124,True,body,high
-0.0117538671525601,0.0024707605282193,-0.0041323001301176,0.0004144570253031,0.0003763754710936,0.1945787561153653,0.194578789743685,0.1945787561153653,False,0.1647303385241641,6.663719528931115e-05,8.305099901318416e-05,6.136863212336579e-05,1.3533135111473815,0.1976352352037012,0.0634376856214455,0.7389270791748532,0.2088973810520099,0.310475823691032,0.9273438666929256,24544.469534301603,True,body,high
-0.0114235773568944,0.0023514009863602,-0.0038642712988414,0.0003004341522308,0.0002729178911964,0.1149514012290187,0.114951367600699,0.114951367600699,False,0.4916882302852869,0.0001005722499145,0.0001770794253138,7.313814907722386e-05,2.421163613627442,0.4320500547351972,0.1549254002189694,0.4130245450458333,0.3067780974389673,-0.885235238515321,-0.3496366276900198,33257.4516033364,True,body,high
-0.0112564352742654,0.002286499346074,-0.0036648198940741,0.0004520048083861,0.0004436521546295,0.1167667251837842,0.1167667588121039,0.1167667251837842,False,0.1521835271868,8.83886973131105e-05,5.898618259648383e-05,6.397451170221517e-05,1.49846444408456,0.2762138865381154,0.0564362781370172,0.6673498353248672,0.6484205083355421,-0.3128879225498302,-0.6940115217288024,10217.293477310308,True,body,high
-0.0118568879551394,0.0024945742160239,-0.0042856825713128,0.0005858395579652,0.0005549645208265,0.1772981378359517,0.1772981378359517,0.177298104207632,False,0.3795532626575798,4.6617520936593895e-05,6.327599622340598e-05,0.0001041642236896,2.234443651160943,0.3925361896619924,0.1599251134098336,0.447538696928174,0.8665517418785018,-0.4980266540011362,0.0325196948289333,11495.66485893104,True,body,high
-0.0111526497337509,0.0022025241836903,-0.0034081265576541,0.0006549381320968,0.0006549378324655,0.1473274023162335,0.1473273686879138,0.1473274023162335,False,0.1327457547493909,4.711331066371152e-05,0.0001026534666002,9.879169841160692e-05,2.1788633648132203,0.0376194620261336,0.5034256461026528,0.4589548918712135,-0.4331654924829708,0.8982495523628247,0.0742657242741929,7483.527902478684,True,body,high
-0.0124568351041074,0.0002713607793026,-0.0033437041822078,0.0022342867005938,4.2343236698246165e-05,0.3689559783427884,0.3689559783427884,0.3689559783427884,False,0.3174312634619905,4.91511212300574e-05,2.9300561579223235e-05,2.106947161868653e-05,2.332812237515497,0.4038678905801837,0.1674649479919318,0.4286671614278844,-0.7212531973643062,-0.5751701115204622,0.3859704238737785,6855.118988600117,True,wing_R,high
-0.0124279763925254,0.0005379975645491,-0.0033013173297204,0.0019889209293862,0.0001466335194222,0.4121050302342497,0.4121050554554895,0.4121050302342497,False,0.0933432465183838,3.1313734442591206e-05,3.5131781040915224e-05,8.180568635406178e-05,2.6124538580359875,0.5705459778326171,0.0466721418581979,0.382781880309185,0.7016375601885808,0.582550182328051,-0.4102926019344854,6666.545175900507,True,wing_R,high
-0.0117357630674592,0.0025908841914577,-0.0043167471365573,0.0006278905279047,0.000539021053863,0.191287518836701,0.191287518836701,0.1912875524650207,False,0.0658988495267397,7.102448101212899e-05,8.264709553758102e-05,6.789378071932923e-05,1.2172999450309232,0.1406294371248295,0.0378803425871896,0.8214902202879808,-0.1910675669965598,-0.9807542187986582,-0.0401789391428999,8323.393158310822,True,body,high
-0.0119504213364115,0.0026115906525499,-0.0036306141797431,0.0003913966961861,0.0003587581410201,0.148319437747777,0.148319437747777,0.1483194041194573,False,0.0509530854237095,8.352423728477886e-05,8.964885647865686e-05,0.0001729408491578,2.070546882914716,0.4816212773603177,0.0354145317529266,0.4829641908867557,-0.7110718855839846,-0.219745783634595,-0.6678986181351589,5000.471798204612,True,body,high
-0.0116492017307147,0.0023992032384264,-0.0037315728022793,8.256526348660991e-05,3.624847276311509e-05,0.1197105146631702,0.1197105146631702,0.1197105146631702,False,0.153242630010308,0.0001137940856895,0.0001290432689908,5.5161732193121965e-05,2.3393621603303285,0.1181710864934689,0.4543619667646057,0.4274669467419253,0.1145325253865989,0.5394973392992617,0.8341612083509911,10112.442850010617,True,body,high
-0.0116304644540411,0.0023854967531254,-0.0038666259214497,0.0001486733364927,0.0001182394609826,0.1501470024109182,0.1501469687825985,0.1501469687825985,False,0.069982579048067,0.0001153911916777,0.0001841983645598,6.939336147113219e-05,2.6544090191754584,0.3735493148732844,0.2497189935238024,0.3767316916029131,0.3549325542406136,-0.9086518601302987,-0.2199424447940459,16042.032892642788,True,body,high
-0.0116813581183676,0.0023895702644965,-0.0039449878696162,0.0002083580823769,0.00018773011936,0.1778773183863746,0.1778773183863746,0.1778773183863746,False,0.0390192097373262,0.0001155641478072,0.0001990368977712,8.339513688055897e-05,2.386672715176392,0.4193832947493752,0.161623353694212,0.4189933515564126,0.4830891961788894,-0.8592363108788869,-0.1683383218476264,18127.68571867917,True,body,high
-0.0116417185075729,0.0024327156632314,-0.0039961365493739,0.000275810941872,0.0002301301643471,0.1109711533077478,0.1109711533077478,0.1109711533077478,False,0.3205189998146943,7.2149421414444e-05,0.0001547375868853,6.711514623469063e-05,2.305553896049439,0.5337304732048307,0.0325342748396641,0.4337352519555051,0.0772114783228512,0.2991454056068093,0.9510785529700148,23617.40548482344,True,body,high
-0.0118176465343683,0.0026156532915651,-0.0037745566412647,0.000306749709187,0.0002055555005038,0.1455248571229591,0.1455248571229591,0.1455248571229591,False,0.0250809896516919,5.900716892444348e-05,0.0001379144614571,5.779549348727525e-05,2.386249396546912,0.5721466168159558,0.0087857025606032,0.419067680623441,0.0573246707781146,0.298578148492538,0.9526620446742636,5079.880993794481,True,body,high
-0.0119986267129274,0.0025373082520267,-0.003733241328596,0.0003622500403289,0.0003512023794398,0.0947665740025218,0.094766540374202,0.094766540374202,False,0.9049684343941868,8.021141044725434e-05,4.954365778009009e-05,2.940640550567245e-05,2.727684974342808,0.3823365341185571,0.2510522151665636,0.3666112507148792,-0.1060959341043084,-0.8189775492670043,-0.5639321116616309,5488.160244864276,True,body,high
-0.0115463350969636,0.0024457804359211,-0.0039361857250345,0.0002687726003186,0.0001946690176782,0.1192073004869798,0.1192073004869798,0.1192073341152996,False,0.1611071322103812,0.0001034009829342,0.0001061948765451,9.338213588623962e-05,1.137207620464889,0.0263091186862187,0.0943439775432972,0.879346903770484,-0.2229728224016705,-0.9684564327700732,0.1112441382568005,25246.95518469169,True,body,high
-0.011662297463537,0.0022884066577078,-0.0041390510248067,0.0003986008305466,0.0003970655653164,0.1255224971592267,0.1255224971592267,0.1255224971592267,False,0.7561615326592247,8.72472046424562e-05,0.0001589452712615,6.56077727689298e-05,2.422659153837341,0.4510865032348151,0.136143917348261,0.4127695794169238,0.2804442082842215,-0.9253853455526112,-0.2549764857321366,8791.453835662907,True,body,high
-0.0116573048011947,0.0024285946710241,-0.0040246318226328,0.000298129142756,0.0002588771135926,0.1110971586217137,0.111097124993394,0.111097124993394,False,0.4887742855323364,8.62611766258915e-05,0.0001417457016823,6.048863097558733e-05,2.3433445160889814,0.3914370904933137,0.1818224139738356,0.4267404955328506,0.3537908051785662,-0.8616133677644086,-0.3639429497335753,23107.38590855173,True,body,high
-0.0122083108278106,0.0025248527715769,-0.0041036740756981,0.0006517103037718,0.0006478733817307,0.1431509331494353,0.1431509331494353,0.1431509331494353,False,0.0180432328171259,5.318006710697464e-05,6.84335873465877e-05,0.0001134679013637,2.133654723215344,0.3968903405798132,0.1344302666770935,0.4686793927430931,0.7738564350628105,-0.6196827458767649,0.1309179604733849,5846.515086261566,True,body,high
-0.0116171699953007,0.0029923894403508,-0.0033463821517169,0.0007734633161716,0.0005205678273055,0.1038224787314058,0.1038224451030861,0.1038224451030861,False,0.1683061205045488,4.626607867312917e-05,0.000106121123093,5.621580714798082e-05,2.293713367039332,0.470267506510562,0.0937582281910781,0.4359742652983598,-0.3765128880455333,0.9061231088902828,0.1928184552127208,3030.123184674246,False,body,high
-0.0122920395315694,0.0025651150390932,-0.004121335121124,0.0007396028266277,0.0007348551766861,0.1617615514735114,0.1617615514735114,0.1617615514735114,False,0.0867906676284513,6.523984218890801e-05,8.466787520920835e-05,6.961747265763377e-05,1.297793991653822,0.1777581227163915,0.0517035588516771,0.7705383184319313,-0.4787573197542454,-0.0524119988660151,-0.8763814301755827,7232.976493912467,True,body,high
-0.0117677413370981,0.0025228446569979,-0.0042860785291546,0.0005772642716268,0.0005235510280147,0.269501694029574,0.269501694029574,0.269501694029574,False,0.2019289822479381,0.0001203984983696,9.52561774214715e-05,4.896421522848335e-05,2.4589079556934887,0.2088258681678172,0.3844895311806839,0.4066846006514988,0.0747440570451545,0.3910041739086577,0.9173489313900348,12851.437033311546,True,body,high
-0.0119068633324362,0.0024663332321183,-0.0039325283414805,0.0003097688561428,0.0002975779976167,0.2940748656512231,0.2940748656512231,0.2940748656512231,False,0.0073076640483938,3.183841637182175e-05,4.478992250792332e-05,5.928332879490065e-05,1.86200620352992,0.2444769310630209,0.2184679301816738,0.5370551387553052,-0.3606289873287944,0.8804643936348324,0.307781066733246,9704.597131367424,True,body,high
-0.0115924644857108,0.0023069865630781,-0.0036278100581815,0.0001604077358485,0.0001600695823486,0.1091494736005565,0.1091494736005565,0.1091494736005565,False,0.0611887612822767,0.0001498940923563,0.000128312553655,0.000119982476128,1.2492998743943209,0.1439785808901505,0.0555730876115252,0.8004483314983242,-0.2143561205090613,-0.8956354776962521,0.3897288091636428,7761.436171000376,True,body,high
-0.0115173458347814,0.0024283706835073,-0.0036726471956324,0.0002166056563589,0.0001697553445388,0.0840862196615651,0.0840862196615651,0.0840862196615651,False,0.5509178461040103,9.285096300970698e-05,0.0001066694465781,3.690321195671706e-05,2.8905193050192497,0.129544907297165,0.5244964968672883,0.3459585958355467,0.1149794751662088,0.3878560843479856,0.9145202994601878,7048.560996449093,True,body,high
-0.0116423899317078,0.0023163393123221,-0.0036760309355822,9.072000305301511e-05,9.01716918252128e-05,0.1157820543542579,0.1157820543542579,0.1157820543542579,False,0.4703714467978419,8.554051801677897e-05,0.0001033649962333,0.0001927968462595,2.253865778808439,0.4638657310077219,0.0924521254492519,0.4436821435430261,-0.7045720616221496,-0.2696383477053583,-0.6564094540972409,8208.043324692782,True,body,high
-0.0108111314172588,0.0023617581927714,-0.0032639243799573,0.0010098456715365,0.0009821308679243,0.0984124555408829,0.0984124555408829,0.0984124555408829,False,0.8435070683425714,0.0001402816859235,0.0001336737016795,5.491624029563606e-05,2.5544663139416897,0.047105109982512,0.5614236873861478,0.3914712026313402,0.1652064402449139,0.5783517077153837,0.7988843059444234,6967.650954966628,True,body,high
-0.012265693603874,0.0023848692958476,-0.0042147226989534,0.000738128889032,0.0007357036399958,0.1280649662711537,0.1280649662711537,0.1280649662711537,False,0.1820556256256223,0.0001102890654222,0.0001773810412911,7.689368315310379e-05,2.3068350222986784,0.3782364528953223,0.1882691748007858,0.4334943723038919,0.2754921899227388,-0.8649903831765182,-0.419399201601188,5463.364126190543,True,body,high
-0.0115385657553882,0.002392101549054,-0.0039516229825031,0.000267853197546,0.0002280447599105,0.1431101756259428,0.1431101756259428,0.1431101756259428,False,0.1397278764492844,0.0001136268669825,0.0002017915138101,7.375762660613646e-05,2.735873198410653,0.4369095863492505,0.1975763976572712,0.3655140159934782,0.238742444327926,-0.9269756017500386,-0.2893411119016464,34193.14225964408,True,body,high
-0.0119935871434875,0.0024633785846478,-0.0038290487036527,0.0003326648619875,0.0003305251771816,0.1306180619321102,0.1306180619321102,0.1306180619321102,False,0.7035018374439436,8.416503743001375e-05,0.0001266367450029,5.472452682742475e-05,2.31407656392081,0.3353821797297427,0.2324800009814824,0.4321378192887748,0.1575647147203251,0.3452467705579403,0.9251908063174944,7924.70020828245,True,body,high
-0.0117220559763013,0.0024683191857084,-0.0040859090711387,0.0003671744136133,0.0003233783724209,0.1145237162589045,0.1145237162589045,0.1145237162589045,False,0.7733548221638665,0.0001085463718179,0.0001123451187221,4.778099582860009e-05,2.351251094161451,0.0338131905270731,0.5408813189265675,0.4253054905463593,-0.0305295816877671,0.6347962869697684,0.7720761741508188,23074.7762026134,True,body,high
-0.0116594234087964,0.0024114346675941,-0.0039163464424455,0.0001920837108272,0.0001552506449961,0.1210624403722859,0.1210624740006056,0.1210624740006056,False,0.5415511283964645,8.003375529507205e-05,6.486772654377771e-05,6.504626003759659e-05,1.233799295263711,0.1872646760384901,0.0022307274369501,0.8105045965245596,0.8148697287261268,-0.2333017018787149,-0.5306200534340019,18410.95978155763,True,body,high
-0.0115811952123484,0.002423409257594,-0.00395646470208,0.0002579217520311,0.0002050087441091,0.1389748675224736,0.1389749011507934,0.1389749011507934,False,0.08062422094638,0.0001169507488176,0.0001143646576055,8.886810851036552e-05,1.3160035785397284,0.022112652020497,0.2180109948242737,0.7598763531552292,-0.0188800982539393,-0.9912275509359136,0.1308108717022867,33064.763883898384,True,body,high
-0.011813249213215,0.0024703557505829,-0.0041445288983849,0.0004374559850097,0.000408768214846,0.1503597015331051,0.1503597015331051,0.1503596342764657,False,0.2075011922366871,7.622823573537988e-05,7.80101908791153e-05,0.0001592039288441,2.0885165097719387,0.5099983307855879,0.0111929093501208,0.4788087598642913,-0.7191523512123765,-0.2674603403095876,-0.6413149476717274,20017.895621572578,True,body,high
-0.0113000503689594,0.0023105119957349,-0.0036706367713252,0.0004062102988622,0.0003948114439961,0.0819019257829049,0.0819019594112245,0.0819019594112245,False,0.1691881199953616,6.565659431434175e-05,0.0001431522123159,6.009562632908467e-05,2.3820737225043827,0.5413511726285493,0.0388465389063168,0.4198022884651338,0.3243982063682322,-0.9234882357842732,-0.2047810588729448,10256.174973384472,True,body,high
-0.0121784637715411,0.0027287686390744,-0.0032551042828095,0.0007908432945902,0.0007803815713111,0.2710018533719861,0.2710018197436664,0.2710018533719861,False,0.2155719390660551,2.2298218403922672e-05,2.445633332570221e-05,5.308926081859231e-05,2.38087455494888,0.5393355840973133,0.0406506869469117,0.4200137289557749,-0.9975593569539722,-0.0502261797259334,0.0485042289260988,3876.396992072975,True,body,high
-0.0114157395583773,0.0023534834046708,-0.0037726991198798,0.0002849818711374,0.0002608385205458,0.1419554463836261,0.1419554463836261,0.1419554463836261,False,0.0483467646039438,7.393361778132673e-05,7.226262892736118e-05,0.0001054192699826,1.4588352450978737,0.2986707478292609,0.0158508862207103,0.6854783659500286,0.2089835679797641,0.4457996593476138,0.8703956181185649,14912.461145995814,True,body,high
-0.0120706021728503,0.0022005269079353,-0.0042480282719318,0.0006399068485327,0.0006190696407205,0.427758693591772,0.427758693591772,0.427758693591772,False,0.1952127180577874,3.0378024469162746e-05,7.288157152984031e-05,3.4716788263588223e-05,2.399154415186664,0.5236547794613082,0.0595316992121806,0.4168135213265111,0.1814263629755124,-0.6506620223693853,-0.7373760285388042,4666.9068906688,True,body,high
-0.0120940233629624,0.0012460998307072,-0.0035532245113083,0.0011736763103073,1.320525471537028e-05,0.3348574926844567,0.3348574926844567,0.3348575263127764,False,0.6841841405812445,5.891579510976312e-05,3.735363700468238e-05,2.4823371458821228e-05,2.3734002130813225,0.3659826378462574,0.2126809206685003,0.4213364414852422,-0.8145860055327351,-0.5501083415149096,0.1839305634905161,6218.453587875863,True,wing_R,high
-0.0118513636365465,0.0024332373591929,-0.0040700998792776,0.0003726632529026,0.0003599825733075,0.1356345665253476,0.1356345665253476,0.1356345665253476,False,0.7572732922257548,0.0001582208492475,0.0001261791300977,0.0001111777678777,1.4231338896963082,0.2025126227183103,0.0948128030619747,0.7026745742197149,-0.1344005229456328,-0.9709655082149946,0.1978951269959359,13560.93269849754,True,body,high
-0.011589620778762,0.0024173902682601,-0.0038330316086308,0.00016297988571,0.0001014885397606,0.0965837475148715,0.0965837475148715,0.0965837138865517,False,0.9936808344903074,0.0001383891628516,0.0001299628121019,5.617823799576325e-05,2.4633945062870857,0.060888804990783,0.5331672840977507,0.4059439109114662,0.0329254265542113,0.5248218355304889,0.8505750744270795,24403.80249433072,True,body,high
-0.0116893438104447,0.0023155201234027,-0.0040795648401113,0.0003354326971065,0.0003328688459593,0.1345223771074684,0.1345223771074684,0.1345223771074684,False,0.4738565437863585,0.0001435611283222,0.0002017911289237,8.865107180937632e-05,2.276240149217977,0.2885657110501231,0.2721133322645469,0.4393209566853299,0.2223156601114054,-0.9625887248477656,-0.1549151189044568,11693.293294747977,True,body,high
-0.0114278266313654,0.0023672837530569,-0.0038528938229831,0.0002934986641886,0.0002595149335216,0.091741101334552,0.091741101334552,0.091741101334552,False,0.9552943223633572,5.811512191183657e-05,0.0001165702610968,4.859966986138356e-05,2.39858133664962,0.5014584220279475,0.0816284699109277,0.4169131080611247,0.1165356420813518,0.318961683299646,0.9405758282623168,28184.730095525185,True,body,high
-0.0110725207860203,0.0025526981927402,-0.0037377398220324,0.0006631684063625,0.000524059297358,0.0932938553689958,0.0932938553689958,0.0932938553689958,False,0.6479713019709705,0.0001127436371305,0.0001032746410586,4.269533424202671e-05,2.6406547490976697,0.0839869664738952,0.5373190750138429,0.3786939585122618,0.130372719076116,0.2973125679127903,0.9458372963051322,4423.185012117534,True,body,high
-0.0116286636606124,0.0024108386131661,-0.0039475491089367,0.0002276997123859,0.0001884403311645,0.1206398669067681,0.1206398669067681,0.1206398332784484,False,0.0690090641651033,7.816583423946118e-05,8.402116327570052e-05,0.00014755148343,1.8876723425991104,0.4305637508852893,0.0396832949430595,0.5297529541716511,-0.6475250667656629,-0.1494282716891444,-0.7472499444831826,21981.179179626928,True,body,high
-0.011558888951807,0.0020434425263266,-0.0033705472430072,0.0004942786921143,0.0004019901013841,0.182367573404418,0.182367573404418,0.182367573404418,False,0.1120034299538684,8.582774511373921e-05,0.0001096193758059,4.389567602992596e-05,2.497270476736624,0.2170385528769215,0.3825242460607501,0.4004372010623283,-0.025547697031907,0.6437985142166764,0.7647684540230238,4816.896268667359,True,body,high
-0.0117544348234217,0.0024360056379612,-0.0039610543373952,0.0002453182215816,0.0002180537253136,0.1319241186131369,0.1319241186131369,0.1319241186131369,False,0.189342405039116,6.334549109896789e-05,7.139009991775096e-05,0.0001090319182672,1.7212261895159864,0.3452366880060223,0.0737821451426861,0.5809811668512915,0.7738359980864152,-0.6255384805730653,0.0993954595942008,15632.82455106358,True,body,high
-0.0114753642120841,0.0023353205061329,-0.0038761351520208,0.0002591045736887,0.0002407790441315,0.1217270368547807,0.1217270704831003,0.1217270368547807,False,0.7588306444461711,9.491042068111424e-05,3.959034767422354e-05,3.508544170920346e-05,2.7051225824019696,0.5828661659056218,0.0474648192758088,0.3696690148185693,-0.9443622932927344,0.3287041236527326,0.0115524067006302,24986.68595433137,True,body,high
-0.0117517111393858,0.0023689596512177,-0.0041300286900606,0.0003903848537586,0.0003822735792801,0.1392589259390922,0.1392589259390922,0.1392589259390922,False,0.3260889200778127,0.0001360551718381,0.0001234318741281,0.0001109375576488,1.2264121792618872,0.0927807266676131,0.0918327198476952,0.8153865534846916,-0.0451723713374919,-0.9583030914953264,0.2821606664619429,12943.838519028654,True,body,high
-0.011754886687999,0.0024362869865621,-0.0040193059355769,0.0002981216294697,0.0002719031000089,0.1412994923792977,0.1412994923792977,0.1412994923792977,False,0.0935689939795537,7.677424561426445e-05,8.02728599095721e-05,0.0001426382497773,1.857891909404052,0.4372276718560542,0.0245278829540393,0.5382444451899064,-0.6777861402962571,-0.1528736878058603,-0.7191909229119471,20931.94730905582,True,body,high
-0.0108606308838329,0.002286814475654,-0.0031626551106325,0.0010215409749417,0.001012957434442,0.1585053212756688,0.1585053212756688,0.1585053212756688,False,0.0579369533317307,9.11807155554323e-05,0.0001363445673567,4.784957853466254e-05,2.849441343729849,0.3312479013785868,0.3178061132967865,0.3509459853246266,0.1071351563522794,0.5195114891408078,0.8477203966663023,7057.526785667737,True,body,high
-0.0114041243272561,0.0023261553656128,-0.0038562988875317,0.0003150945517605,0.0002963191790481,0.1175022437925544,0.1175022437925544,0.1175022437925544,False,0.0847739473763374,0.0001181509932124,0.0001804719795429,8.032899373006965e-05,2.246660528941874,0.3453222294584551,0.2095726969811094,0.4451050735604355,0.2687627631003357,-0.8315034169478757,-0.4861775856358248,31677.0939412845,True,body,high
-0.0114522921383187,0.0023822389267381,-0.003884646564514,0.0002873382282771,0.0002461006354226,0.1301182442162108,0.1301182442162108,0.1301182442162108,False,0.0641489707513666,0.0001270582082082,0.0002109715909958,8.969854330946883e-05,2.3520068800671328,0.3977473099174194,0.1770838657586239,0.4251688243239566,0.269869024257646,-0.8990172136004007,-0.3448749909697688,31362.18673482373,True,body,high
-0.0115750586594132,0.0024493765396327,-0.003902018382299,0.0002306784957739,0.0001519429286178,0.1103012771790581,0.1103012771790581,0.1103012771790581,False,0.9845384506724234,0.0001015690917307,9.037455958243628e-05,4.024937191073336e-05,2.523495073563946,0.1102159324021023,0.4935082791186697,0.3962757884792279,0.0209403075427155,0.4414005281679608,0.8970658154522787,20935.262837129903,True,body,high
-0.011215682053121,0.0022464046148108,-0.0037610564548872,0.0004912632956041,0.0004849353557472,0.1173797358238387,0.1173797358238387,0.1173797358238387,False,0.3717203991584962,9.268658356971004e-05,9.386472706387535e-05,7.117942247124827e-05,1.3187059378262087,0.0125515039676575,0.2291293201526708,0.7583191758796716,-0.15109979001373,-0.9881391012166144,-0.0273855820574953,12070.283448446931,True,body,high
-0.0117856291735147,0.0024929484506325,-0.0041375690798053,0.0004323639474198,0.0003909350046088,0.0966165687549117,0.0966165687549117,0.0966165687549117,False,0.1906719594250083,7.058934012041276e-05,0.0001009574536732,4.097563819845803e-05,2.463840909183193,0.3008011043060207,0.2933285343923165,0.4058703613016627,0.1679801932983087,0.3492938257487978,0.9218332159090554,20912.831699537088,True,body,high
-0.0113655059528487,0.0023150310756129,-0.0038481942079037,0.0003494226188823,0.0003322953051553,0.0947316005500198,0.0947316005500198,0.0947316005500198,False,0.5456502156985822,7.45106439226994e-05,7.619756381148473e-05,0.0001462366160811,1.962627195020052,0.4789433327067458,0.0115355506301463,0.5095211166631078,-0.6691853323524442,-0.0718214587161485,-0.7396165689275984,23034.377135503702,True,body,high
-0.0113156250232867,0.0022968219019586,-0.0037561658226856,0.0003851023390482,0.0003739445502243,0.1422045313477428,0.1422045313477428,0.1422045313477428,False,0.1663604206527507,0.0001120153426143,0.0001135517962161,8.78598235772317e-05,1.292420034469388,0.0135308612724399,0.2127268774428556,0.7737422612847044,-0.249242621526861,-0.9684396903147438,0.0016376316744231,14123.87199151446,True,body,high
-0.0117317039728675,0.0024817082069552,-0.0041168045910468,0.0004014425887213,0.0003545015834492,0.1226290492744516,0.1226290156461318,0.1226290156461318,False,0.288086097193609,0.0001060985061883,0.0001574305754179,5.872277431102604e-05,2.680911746166925,0.3260616248993198,0.3009309452851462,0.373007429815534,0.2719550821788585,-0.8992881927497873,-0.3425217944276122,21839.98682548409,True,body,high
-0.0116926650820716,0.0025610539247681,-0.0042381834006334,0.0005429603177701,0.0004556829769779,0.1340759611632738,0.1340759611632738,0.1340759611632738,False,0.2288547417630186,7.16547509244507e-05,6.661057308252551e-05,2.6647087251492243e-05,2.6890275191498847,0.0703955812677867,0.5577227652799859,0.3718816534522273,-0.0071182582979613,0.5698747908354433,0.8217007077817708,10597.29209234274,True,body,high
-0.0115327503712597,0.0024241306332616,-0.0039302575153356,0.0002645340031672,0.0002038227943832,0.1171116508590839,0.1171116508590839,0.1171116508590839,False,0.8742683482556342,5.877174081430014e-05,6.40594951995648e-05,0.0001049231415146,1.7852651641909263,0.3894626650057575,0.0503964550520769,0.5601408799421655,-0.6663165423031623,-0.1615832918322965,-0.7279513069249872,29893.515922808907,True,body,high
-0.0114450186007086,0.0047229688945198,-0.0037978054533129,0.0024025207604828,0.0006475644877872,0.8219942214323204,0.8219941205473613,0.8219941205473613,False,0.8013809893337684,1.4139952101319197e-05,3.33205835835553e-05,1.5567377821702766e-05,2.356484897883539,0.5327999648425806,0.042839157267583,0.4243608778898363,0.926431722217221,0.2881203485611213,-0.2423033817647862,4014.439564927593,True,wing_L,high
-0.011448503775178,0.0030581482206283,-0.0040842588549532,0.0008375863573524,0.0002067237337811,0.3323409678211885,0.3323409678211885,0.3323409678211885,False,0.1450215240256095,8.537857642216654e-05,3.21212562122338e-05,7.493321688483974e-05,2.6580086363387307,0.122341692436733,0.5014368061247132,0.3762215014385537,-0.9190125452454426,-0.3723091643842968,-0.1296218646562355,3551.908233796166,True,body,high
-0.0117051614180555,0.0024259619082189,-0.0040423902728691,0.0003114053286545,0.0002816930749555,0.1485319687283653,0.1485319687283653,0.1485319687283653,False,0.099936563986093,7.178497952578141e-05,7.183106755200241e-05,0.0001356866562106,1.890181721956433,0.4706106734586547,0.0003396651336845,0.5290496614076607,0.8449575435309022,-0.5264510217735475,0.094318986974052,21538.521853966085,True,body,high
-0.0114619683691922,0.0021101028790807,-0.0031844031213223,0.000648407179908,0.0006081003974362,0.1452403279098645,0.1452403279098645,0.1452403279098645,False,0.2738790279221581,4.8845052404254056e-05,0.0001116291389986,5.480438259030036e-05,2.2853724892083296,0.509049491181893,0.0533850770462352,0.4375654317718717,-0.7058667110282679,0.6223400639626613,0.3382972525000556,5157.15172878099,True,body,high
-0.0121894597111279,0.002534736204376,-0.0035442988579769,0.0005666909066338,0.0005666407814602,0.1516656909574923,0.1516656573291726,0.1516656909574923,False,0.0999355346033643,7.358893166564716e-05,8.470195670072698e-05,7.828243456164111e-05,1.1510148983487365,0.0757895376817283,0.0554119772294902,0.8687984850887814,-0.5759592328293757,-0.0354880177652712,-0.8167077584507747,5090.78781194864,True,body,high
-0.0117675363102875,0.0022769930616155,-0.0041747201937075,0.0004391722099557,0.0004391532215626,0.1851409009311771,0.1851409345594968,0.1851409009311771,False,0.0926303707532704,8.374173895376356e-05,3.1564327656916835e-05,7.930966265876923e-05,2.65304998300551,0.05292553451083,0.5701497914703454,0.3769246740188245,0.2951048219725141,-0.8496771369010805,-0.4369918844511339,10013.796965214911,True,body,high
-0.0115430639114404,0.0024335178006084,-0.0038630662845379,0.0002191460672661,0.0001467488089608,0.1393708746154179,0.1393709082437377,0.1393709082437377,False,0.0790902298871814,0.0001167484916539,0.0001176463208624,0.0001193651491844,1.0224127737621629,0.0143997501260644,0.0075217030651849,0.9780785468087508,-0.5158834676842721,-0.2235657670328355,-0.8269719436480726,20898.638727040347,True,body,high
-0.011288589314804,0.0019348623202656,-0.0036265195052081,0.0005847028698915,0.000524939964328,0.1553906326754995,0.1553906326754995,0.1553906326754995,False,0.2232418204796102,0.000102495531938,9.777566749442332e-05,5.501515562849024e-05,1.86304175217028,0.0460494653216079,0.4171939113579065,0.5367566233204855,0.3150440903631731,0.2681572720513157,0.910405897703457,4381.268995945491,False,body,high
-0.0116388442503193,0.0024134711410889,-0.0039241332239474,0.0002049064812419,0.0001638630122581,0.1248667449248166,0.1248667112964969,0.1248667112964969,False,0.1248183620996914,0.0001275083707018,0.0001728893164477,7.414954776603663e-05,2.3316300861778902,0.2624855409130352,0.308629960671848,0.4288844984151168,0.2991666332800503,-0.9002690214704643,-0.3162515051545085,20067.01275413444,True,body,high
-0.0115371930944764,0.0024265220516342,-0.0038166562307607,0.0001993149365667,0.0001307803648952,0.1340217186835762,0.1340217186835762,0.1340217186835762,False,0.0600318576156681,9.705123113804648e-05,0.0001238026988303,4.74556175632561e-05,2.608810193342745,0.2160814581998652,0.4006020389162394,0.3833165028838953,0.116568946416845,0.2569115286533043,0.9593790424937836,17807.274873641116,True,body,high
-0.0117870569651454,0.0024711279211147,-0.0041136798122809,0.0004031791446224,0.0003701038737334,0.086837049842436,0.086837049842436,0.086837049842436,False,0.9551641770349104,0.0001026575294465,0.0001151134412212,4.908025176444186e-05,2.3454126065550938,0.1082055374464405,0.4654302496192797,0.4263642129342797,0.0351505501874465,0.5327987101560654,0.8455116635964005,26235.437616501145,True,body,high
-0.0117593318112223,0.0024528602815877,-0.0040467352207384,0.0003299343833406,0.0002983821522728,0.1067603159982026,0.1067603159982026,0.1067603159982026,False,0.2490603920702262,8.050354221682583e-05,6.845068848187997e-05,7.35234829648402e-05,1.1760808255148003,0.0867049953303388,0.0630133077783996,0.8502816968912615,0.8250416534167234,-0.3069250342861667,-0.4744505173944215,22370.846653519657,True,body,high
-0.0117916989928095,0.0024667858124157,-0.0041951263218237,0.0004784860357579,0.0004480287685974,0.1131499321419751,0.1131499321419751,0.1131499657702948,False,0.7431935598443549,6.290104343194868e-05,5.9424669876810935e-05,0.0001231790487256,2.0728604631883614,0.4893527423479398,0.0282221172439816,0.4824251404080785,0.5716170977879717,-0.7396058184097596,-0.3552986446510688,16780.855769722893,True,body,high
-0.0118226645480047,0.002487617629101,-0.0040958702156258,0.0004025785236685,0.0003691326701559,0.11190820643656,0.11190820643656,0.11190820643656,False,0.2208994723930442,8.599775558393843e-05,8.412387102513919e-05,3.707698370698624e-05,2.31943774778352,0.0217899240052867,0.5470711066666462,0.431138969328067,0.1723471478611597,0.5367345739003893,0.8259615353054228,17901.1338124893,True,body,high
-0.0117902154290624,0.0024591938208838,-0.0041391296212054,0.0004235866495636,0.0003953570682384,0.1062160416436422,0.1062160416436422,0.1062160416436422,False,0.9550751090904138,6.733877086008311e-05,5.78559896580053e-05,0.0001125691586438,1.94567855997798,0.4018008869275765,0.0842396027145986,0.5139595103578248,0.3705552037354446,-0.8380644781366478,-0.4004207430567659,23860.45887934261,True,body,high
-0.0113421603109566,0.0023008488832713,-0.0038058191408414,0.0003632966377736,0.0003505454750488,0.1067187850233566,0.1067187513950369,0.1067187513950369,False,0.46536561332001,8.006406250833495e-05,0.0001632275951204,6.880896371885359e-05,2.3721850511706903,0.509494320189716,0.0689534069357489,0.4215522728745351,0.3105382914027152,-0.9084534791310236,-0.2797824973571818,15334.087918715824,True,body,high
-0.0117126224576594,0.0020011511428084,-0.0038244345557086,0.000342980530678,0.0001638807612688,0.0993934272552407,0.0993934272552407,0.0993934272552407,False,0.5815258605524976,3.653367606323536e-05,4.423763366688902e-05,0.0001081882227406,2.9613286807878976,0.5911049045243447,0.0712088377874551,0.3376862576882002,0.9809566345363752,-0.123704274479328,-0.1497375491805957,2995.9592834416057,False,body,high
-0.0120980381924956,0.0021866046079937,-0.0039337840804359,0.0004658741409958,0.0004014337377853,0.1266883237470488,0.1266883237470488,0.1266883237470488,False,0.1243679040977963,4.244877189880422e-05,9.71949369232086e-05,6.758885434406501e-05,2.289699620872814,0.3046051936073033,0.2586562967279188,0.4367385096647779,-0.5132619533789933,0.8116496425100874,0.278903253883542,3714.510282553417,False,body,high
-0.0122348787805235,0.0025464456058918,-0.0035178774561449,0.0006195967215846,0.000619392706624,0.1727923129058811,0.1727923129058811,0.1727923129058811,False,0.2476104866943254,4.7797949948976845e-05,2.3084610162186016e-05,2.0642590433249703e-05,2.3155015405424653,0.5170376514719087,0.0510904700210597,0.4318718785070315,-0.4618405416580701,0.7153498708832383,0.5243833295484466,4686.287320089787,True,body,high
-0.0116665921419362,0.0025179120097071,-0.0039927422191062,0.0003100956425497,0.0002159055716635,0.110677746218249,0.110677746218249,0.110677746218249,False,0.3422607564886725,0.0001134371734809,0.000144964983269,0.0001058773476838,1.3691784545064232,0.2174856925937671,0.0521493234199115,0.7303649839863214,0.1150234941646147,-0.9666431670745166,0.2288462001832479,11403.66423186812,True,body,high
-0.0115858942159581,0.002404611239307,-0.0039679523002776,0.0002597033598611,0.0002191149916613,0.1133184436520586,0.1133184436520586,0.1133184436520586,False,0.1836145111575415,0.0001231092310022,0.0001820548192895,7.858365209597253e-05,2.316700922314088,0.3237793348034958,0.2445723715526583,0.4316482936438458,0.3837197365988616,-0.8930272894233356,-0.2350774852888084,32670.28181087165,True,body,high
-0.0118086266653561,0.002384493373435,-0.0037962229085268,0.0001312542387297,0.0001298387333851,0.1595919867988856,0.1595919867988856,0.1595919867988856,False,0.0680690902463274,0.0001093487396925,0.0001744034066278,7.881789829085473e-05,2.212738608993491,0.3730125930057563,0.1750587445053335,0.4519286624889101,0.2801019387163883,-0.9553592329374464,-0.0939768054814338,7426.212984583067,True,body,high
-0.0115863372410698,0.002446394626723,-0.00397529845716,0.0002797966038328,0.0002147474067843,0.1149315268920681,0.1149315268920681,0.1149315268920681,False,0.9349013927618982,5.266265542310962e-05,6.895703330929404e-05,0.0001104882980229,2.098038869009331,0.3758883561136603,0.1474760511090771,0.4766355927772626,-0.7157930412239584,-0.1949033452133257,-0.6705617109260059,26022.75660344995,True,body,high
-0.0114790734824136,0.0023684687609401,-0.0039336470330575,0.0002916534219807,0.0002585547953257,0.1322549876507964,0.1322549876507964,0.1322549876507964,False,0.1288551253721253,0.000104961872851,0.0002378694371232,9.982771202728168e-05,2.382799648441196,0.5587416604654274,0.0215839448979146,0.4196743946366579,0.4576363891097936,-0.8682319522345452,-0.191682582624348,28454.44719181802,True,body,high
-0.011595922558147,0.002423442580645,-0.0039957020356764,0.0002853680794921,0.0002374446966081,0.1121321710458509,0.1121321374175312,0.1121321374175312,False,0.2025436250628008,0.0001150484693701,0.0001754658644773,6.992301507688631e-05,2.509415022856489,0.3443256344314324,0.257175117380561,0.3984992481880065,0.1693039383516377,-0.9397079418571268,-0.2971281886143897,29565.20360202268,True,body,high
-0.011398002830633,0.0023623719702292,-0.0038698486578342,0.0003268691069224,0.000292899666321,0.0866477560307696,0.0866477560307696,0.0866477560307696,False,0.5665171681521922,6.183915901029223e-05,5.236502424073074e-05,0.0001224009108652,2.337455441681336,0.4947818723476682,0.0774024858359905,0.4278156418163412,0.4751322351377619,-0.7928310545391786,-0.3816651386900415,33410.44730503041,True,body,high
-0.0118433103519966,0.0021657392748815,-0.0041799729544113,0.0004886246210775,0.0004706106457879,0.1215438970256218,0.1215438970256218,0.1215438970256218,False,0.187146282597963,5.504370483176568e-05,6.944533117511027e-05,3.1890593173951867e-05,2.17761177398961,0.2073807713153543,0.3334005507070296,0.4592186779776161,0.2252307584763935,0.5129494793560365,0.8283440933962888,6133.086765513194,True,body,high
-0.0122256788350165,0.0011424276257662,-0.0036318528565989,0.0013082085403739,0.0001471373299822,0.8068225359670895,0.8068225359670895,0.8068225359670895,False,0.1146008034739731,3.067610887324872e-05,5.418123638256916e-05,2.374328042770696e-05,2.2819608498302943,0.433824125816412,0.1279562613999732,0.4382196127836147,0.735041827262378,0.2458915314782865,-0.6318630127820799,6027.751136834336,True,wing_R,high
-0.0117589588131072,0.0024554334614639,-0.0041873297772724,0.0004627046231481,0.0004315871772445,0.1415718817689757,0.1415718817689757,0.141571848140656,False,0.4816799534917548,6.501283287087996e-05,6.0865628186584186e-05,0.0001522386095382,2.5012246496744512,0.5729543703263729,0.0272414776834586,0.3998041519901684,0.2826333401747675,0.4950312537273174,0.8216218429757174,18451.000883247045,True,body,high
-0.0118282719414642,0.0025423722041705,-0.0042619762351146,0.0005722601105037,0.0005206374854597,0.1537459724432792,0.1537459724432792,0.153746006071599,False,0.2324056173536738,3.85619055183389e-05,0.0001003074950023,9.531169889494351e-05,2.6012069075448787,0.0498048137612574,0.5657582554050322,0.3844369308337103,-0.4439373642500541,0.8456313859727466,0.2963565009925144,13110.76941165329,True,body,high
-0.0116951441409141,0.0023252678962438,-0.0038302596739736,8.60287326234521e-05,8.575212874211239e-05,0.1716248385303931,0.1716248385303931,0.1716248385303931,False,0.1547293291876184,7.260664195690467e-05,8.666340048276396e-05,6.242291303857925e-05,1.388326757983937,0.1621994803752821,0.1175089929727695,0.7202915266519484,-0.0782522551528111,-0.9966222544131098,-0.024913180688745,8111.457701076524,True,body,high
-0.0115704118210336,0.0024146529836669,-0.0038757856100752,0.0002001214915327,0.0001445475927352,0.1508561900453528,0.1508561900453528,0.1508561900453528,False,0.157352362459424,0.0001161920085349,0.0001240834860028,9.8468505122393e-05,1.2601337437649798,0.0635981283412868,0.1428353118011556,0.7935665598575575,-0.0301274265701746,-0.9609234683751606,0.2751698131956164,24823.240256216017,True,body,high
-0.0116322167637245,0.0024862173443755,-0.0041194036011322,0.0004096075852991,0.0003419450343451,0.1601365974366431,0.1601365301800037,0.1601365301800037,False,0.2141475508643979,8.716212700758468e-05,9.152440588111627e-05,0.0001613956462313,1.851671726841618,0.4329189911979563,0.02702847923964,0.5400525295624037,-0.6944448600681248,-0.1709067984667743,-0.698954363719692,13162.347656878985,True,body,high
-0.011376917822066,0.0023334295211106,-0.003838127621173,0.0003350586065436,0.0003129247526732,0.1087234027897885,0.1087233691614688,0.1087233691614688,False,0.2804508736972415,0.0001041242475178,0.0001595529855464,6.809220067542147e-05,2.343190320826249,0.3474001933510969,0.2258312291620418,0.4267685774868612,0.4073354037791602,-0.8716722805838074,-0.2725166125025999,27748.695936257107,True,body,high
-0.0112081176640792,0.0021556611402903,-0.0034729376882683,0.0005886981602011,0.0005864405914838,0.1298546990746174,0.1298546990746174,0.1298546990746174,False,0.5919855552805643,9.236961978624172e-05,9.186422263964904e-05,6.800939046001589e-05,1.3581892024241524,0.0054714650527117,0.2582540908454219,0.7362744441018664,-0.2588452739785962,-0.9581711677765936,-0.1220947885070626,6658.840394953722,True,body,high
-0.0114683337820187,0.0023355479279113,-0.003905998990274,0.0002811793015238,0.0002615515227834,0.1461078376735096,0.1461078713018292,0.1461078713018292,False,0.5061624896911063,9.13878204103766e-05,9.96544025478976e-05,8.074143226441452e-05,1.2342412037173964,0.0829525031124218,0.1068330939101764,0.8102144029774017,0.100874734603313,-0.9767981544906208,0.1889170540274967,25478.546355320097,True,body,high
-0.0115974267425478,0.0024303563887946,-0.0039940912537908,0.0002856577748767,0.0002339188086747,0.1069542168896697,0.1069542168896697,0.1069542168896697,False,0.9323657245442228,5.040579882961688e-05,4.88985581366439e-05,0.0001338264475911,2.7368178672501524,0.6233494967779822,0.0112626518905878,0.36538785133143,0.2070808396903639,0.4744603603450584,0.8555728445283728,29305.59976311585,True,body,high
-0.0118713000667583,0.0025129332096633,-0.0039748826585454,0.0003384879923283,0.0003043721341576,0.0990572113147467,0.0990572113147467,0.0990572113147467,False,0.9099711701057838,4.0882778410717874e-05,0.0001224814814889,0.0001110677129494,2.99591872789297,0.093187708058157,0.5730248661716852,0.3337874257701577,-0.502664418892395,0.846160770614439,0.177032291553686,10237.926320754095,True,body,high
-0.0121808780925196,0.0026753900563914,-0.004203534062322,0.0007477617014211,0.0007094421452085,0.2999898516905616,0.2999898516905616,0.2999898516905616,False,0.1462740048709636,4.649843712037155e-05,4.315595389417642e-05,1.832772849112988e-05,2.5370540131514674,0.0718837757394376,0.5339582777540061,0.3941579465065563,-0.8647681698091871,-0.4839489590456446,0.1340500560369366,4903.440876040128,True,body,high
-0.0112941240680349,0.0021290877224899,-0.0035057612678867,0.0005128483087609,0.0005032342773666,0.1702155429078464,0.1702155092795267,0.1702155429078464,False,0.1898642186607708,9.12906951063411e-05,0.0001029365856567,7.770190812690979e-05,1.3247626491823772,0.113136553695553,0.1320112464653405,0.7548521998391066,-0.3162811525446736,-0.937947856979646,0.1421972226602983,5886.342960456952,True,body,high
-0.0123907631495277,0.0006739673712865,-0.0035509042607665,0.0018093618565144,0.0001498355447157,0.8780237436678238,0.8780237772961434,0.8780237772961434,False,0.9975558855165736,6.071292692993501e-05,2.5393677400402185e-05,5.184174682351116e-05,2.390867851576843,0.1461168247852969,0.4356250103644489,0.4182581648502541,-0.7806502741940387,-0.311564107659162,0.5417683602973904,5186.712820154185,True,wing_R,high
-0.0115600386574893,0.0024288618116874,-0.0039222124914579,0.0002441651792187,0.0001819986875053,0.1096787160962051,0.1096787497245248,0.1096787497245248,False,0.2993231338981279,0.0001219552296742,0.0001205717729374,9.637080112790233e-05,1.2654790480819758,0.0113439722140821,0.1984414434230627,0.7902145843628551,0.0237845356354173,-0.9722165601409788,0.2328717588121207,30044.396415133688,True,body,high
-0.0112978581840128,0.0022132810839071,-0.0037168442594584,0.0004197063177469,0.0004194876182982,0.129466325610248,0.129466325610248,0.129466325610248,False,0.5684547011152835,7.451142557456081e-05,8.843287842337707e-05,0.0001750736465459,2.349621486851395,0.4948818387684423,0.0795176951156099,0.4256004661159477,-0.6186673602691171,-0.0690971964976375,-0.7826086344871298,11742.621429242829,True,body,high
-0.0116685753126691,0.0024144308016064,-0.0040118337777869,0.0002803747299268,0.0002490047751917,0.1394376940866883,0.1394376940866883,0.1394376940866883,False,0.1165934800088139,6.436353570647866e-05,0.0001439254982125,4.961221551618588e-05,2.901009292067721,0.552799632408158,0.1024927505792674,0.3447076170125746,0.2241058331974521,0.5127103137988852,0.8287971462614506,22075.11768754777,True,body,high
-0.0115589426892008,0.0024052995665466,-0.0039617535768624,0.0002676237871815,0.0002230982849757,0.1171224119213922,0.1171224119213922,0.1171224119213922,False,0.1222753169992033,0.0001190626170144,0.0001957760943855,8.402484928252142e-05,2.329978524892344,0.3918429244995993,0.1789685704062583,0.4291885050941423,0.3714800917485884,-0.9051466363889163,-0.2066690786457692,36852.55322475471,True,body,high
-0.0108860748226255,0.0023688819327773,-0.0034383720096851,0.0008691746313779,0.0008335570515047,0.1193120190745671,0.1193120190745671,0.1193120190745671,False,0.3300181298341031,0.0001094231188168,0.0001123727108283,4.940159656748967e-05,2.2746777156252063,0.0262482945354693,0.534128987428123,0.4396227180364077,0.2519147677367712,0.3425443593205008,0.9050979569603702,5505.124896918952,True,body,high
-0.0115856464653679,0.0023817644847001,-0.0039200472529216,0.0002138533165678,0.0001832567821851,0.120276210257388,0.120276210257388,0.120276210257388,False,0.1822510103868642,9.677733083846108e-05,0.0001868949631977,7.87728112284331e-05,2.372582116636621,0.4821833120454347,0.0963349643134873,0.4214817236410779,0.5439853340715399,-0.8106125110410451,-0.2167655721252961,22772.33604360969,True,body,high
-0.0115032621276668,0.002385063870328,-0.0038289946874703,0.0002187472746893,0.0001795208519931,0.1237988440039998,0.1237988440039998,0.1237988440039998,False,0.978207502636371,6.585067404727678e-05,9.78733916328703e-05,4.2805739581853104e-05,2.2864548677103658,0.3271851220371815,0.2354565840720711,0.4373582938907474,0.0942281909419689,0.2957889059284302,0.9505945356257136,19957.53426210413,True,body,high
-0.0114720756416492,0.0023962953586555,-0.0038835170703848,0.0002728193024535,0.0002246904245599,0.1250673042235869,0.1250673042235869,0.1250673042235869,False,0.8955885753175561,5.31176717720006e-05,2.427719272921301e-05,4.474863614428332e-05,2.187965979611948,0.1575565221239378,0.3853979802228686,0.4570454976531935,0.3188554992057592,-0.7249587778596562,-0.6105456092958823,35215.08130084668,True,body,high
-0.0116596740764312,0.0024386986379284,-0.0039474219923865,0.0002311800501249,0.0001811858565605,0.1160488950711833,0.1160488950711833,0.1160488950711833,False,0.0537384221333043,0.0001083492459379,0.0001048839243435,8.031099293818187e-05,1.3491209854835575,0.0319828861236834,0.2267937463948776,0.741223367481439,-0.0982287171834515,-0.9759995516904012,0.1943604749444436,17302.613917507955,True,body,high
-0.0115762739323316,0.0024058384154059,-0.0038540554400064,0.0001789477926843,0.0001283896798539,0.1269514653488057,0.1269514653488057,0.1269514653488057,False,0.3926858891637086,9.71374846746923e-05,0.0001100019831817,4.751208686708699e-05,2.315242087543479,0.1169478779828877,0.4511318466471093,0.431920275370003,0.085652171206692,0.5512399317867485,0.829938698441831,25897.66568253899,True,body,high
-0.0110913625059081,0.0022189890085177,-0.0033378929131984,0.0007401243598134,0.0007397678001282,0.1306753982172215,0.1306753982172215,0.1306753982172215,False,0.1407971803966959,5.3385815055016525e-05,4.72087502622611e-05,0.0001339547101836,2.837497485942442,0.6014636963356859,0.0461130839243109,0.3524232197400032,0.1051683767782933,0.3603156799842849,0.926883068829764,8382.627676172679,True,body,high
-0.0113516969632053,0.0035592875351045,-0.0039860083285999,0.0012956793654514,8.244126296175422e-05,0.5846661886838737,0.5846661886838737,0.5846661886838737,False,0.6803320651953888,3.270110693192534e-05,7.603895029040949e-05,6.756223853336708e-05,2.3252714487219515,0.1114785478319727,0.458464135397706,0.4300573167703211,0.7996964041884921,0.4912009474853654,-0.3452640877900207,7227.466910936502,True,wing_L,high
-0.0117498627503654,0.0024211092448256,-0.0039227197798302,0.0002043982963941,0.0001816933874268,0.1990654129031993,0.1990654129031993,0.1990654129031993,False,0.9730723133872032,7.420529175027674e-05,0.0001128091362622,6.406670444884314e-05,1.760807540090367,0.3422049471439908,0.0898738137473451,0.567921239108664,-0.2242461413599503,-0.9740441058744472,0.0308504116086286,15048.297500248862,True,body,high
-0.0118259558260773,0.0025747657756643,-0.004194774504562,0.0005257483638476,0.000458550592399,0.1306259309589231,0.1306259645872429,0.1306259645872429,False,0.6320346457771835,0.0001434318061249,0.0001452215243518,0.0001540776664545,1.0742224518900791,0.0574784282919275,0.0116156888152746,0.9309058828927976,-0.5216950246124425,-0.0820140411694277,-0.8491807807208558,9987.03942383948,True,body,high
-0.0116198248737718,0.0024521201748147,-0.0040967010084401,0.0003793423218195,0.0003259594502555,0.1425156605617306,0.1425156269334109,0.1425156269334109,False,0.22994378467958,8.363104310774414e-05,9.911444010783584e-05,0.0001393230097351,1.6659245724784149,0.2885996340717878,0.1111330930154363,0.6002672729127758,-0.6418982626861718,-0.0691093266362997,-0.7636691177023927,14220.151445302505,True,body,high
-0.0116265182701502,0.002439643529236,-0.0037630473693675,0.0001288684725131,3.336937772267086e-05,0.1241058369346628,0.1241058369346628,0.1241058369346628,False,0.0500085870893446,0.0001100357681221,0.0001276898074406,5.586723763019239e-05,2.285593719271672,0.1382572318993994,0.4242196897126093,0.4375230783879912,0.089880434562988,0.5347823770861708,0.8401959989435994,12575.721987991794,True,body,high
-0.0115768843511447,0.0024137279307642,-0.0038557590129074,0.0001828571995734,0.0001264605382482,0.1406370144809449,0.1406369808526252,0.1406369808526252,False,0.0432125224040745,8.092606050158853e-05,0.0001483460576895,6.268587859442764e-05,2.3664988194446024,0.454477848875903,0.1229569709586187,0.4225651801654783,0.1548031185542408,0.5000419644509233,0.8520528318560671,26534.709834908816,True,body,high
-0.0115434166482266,0.0024072536834569,-0.0039723260664956,0.0002849274835559,0.0002381170771788,0.1105097391329611,0.1105097055046414,0.1105096718763217,False,0.1183334727467105,0.0001191753657232,0.0002053461944328,8.780026932400275e-05,2.3387877510380486,0.4196368427843083,0.1527912240395582,0.4275719331761334,0.3236492155969085,-0.8990101433381438,-0.2950117750508214,29828.009934494778,True,body,high
-0.0109972750347222,0.0022205178997919,-0.0033572881649605,0.000809423383341,0.0008073158667852,0.1502034307313972,0.1502034307313972,0.1502034307313972,False,0.2488752951406355,0.0001011491373895,0.0001184922784788,4.996433908702641e-05,2.371536993062734,0.1463651582353793,0.4319673733990757,0.421667468365545,0.2979897303026526,0.5139891401219558,0.8043738462125959,9529.272417378495,True,body,high
-0.0114004996994078,0.0023514834406169,-0.0038824918619206,0.0003289084758628,0.0002993532228017,0.1205240846019951,0.1205240846019951,0.1205240846019951,False,0.1919554361433934,8.950260707114353e-05,0.0002297263884242,9.270099271834308e-05,2.566700523501405,0.5964721625834792,0.0139225870790819,0.3896052503374388,0.3552066155152722,-0.0349716761667207,0.9341334177515948,33786.00868847138,True,body,high
-0.0114227494450505,0.0023574348154483,-0.0039033932034717,0.000319117829323,0.000287723164562,0.0857254993626313,0.0857254993626313,0.0857254993626313,False,0.9586438365361843,6.658059612768117e-05,8.446359349672226e-05,2.916782560531242e-05,2.895779570258356,0.2117243255786301,0.4429455221298465,0.3453301522915233,0.0937153107569372,0.5202316067240608,0.8488677846961992,24931.32128516433,True,body,high
-0.0113096657688342,0.0023220719578505,-0.0039345867985492,0.0004330494677224,0.0004072320777012,0.1519842520301368,0.1519842184018171,0.1519842184018171,False,0.9398693446403787,4.840710457687272e-05,9.698803647447718e-05,4.264865686812028e-05,2.274117020247252,0.5008961276413585,0.059372763054831,0.4397311093038104,0.190218359684387,0.4984076408568865,0.8458172374540814,9164.251015027425,True,body,high
-0.0109306787133053,0.0022526492417896,-0.0034322329317968,0.0008332289032679,0.0008241681015068,0.0987994838724637,0.098799450244144,0.0987994838724637,False,0.949832895749095,6.69493837391383e-05,0.0001496576251068,6.61499035121937e-05,2.2624012607853885,0.5526496983274133,0.0053420614310427,0.4420082402415439,0.4916173430215287,-0.8081822279180428,-0.3242743815318774,7275.741313220683,True,body,high
-0.0121961987618753,0.0025366134885058,-0.0035762048351512,0.0005628298614258,0.0005628235802498,0.1192614420817183,0.1192614420817183,0.119261475710038,False,0.1801499021539334,6.952279514665085e-05,9.07114047572862e-05,3.961017469361675e-05,2.290103627639504,0.2335826423075364,0.3297558948962416,0.4366614627962219,0.0769964540931091,0.5059945413371633,0.8590931673538567,5140.164349914674,True,body,high
-0.011493476650054,0.0023951012205438,-0.0039038005297553,0.0002666089654487,0.0002203899198674,0.1100180930987521,0.1100180930987521,0.1100180930987521,False,0.8094136037159194,5.907822898788997e-05,0.0001233119232225,5.369052825264205e-05,2.2967165203190767,0.5209041636526047,0.0436916446881335,0.4354041916592617,0.4902413840725435,-0.8417824720488591,-0.2259771118807143,28986.33044706784,True,body,high
-0.0117454359808733,0.0024195497059,-0.0041314636053622,0.0003986619794733,0.0003773789988892,0.1342049930260139,0.1342049930260139,0.1342049930260139,False,0.9043450914993092,5.747066191803848e-05,4.997382227854141e-05,0.0001428756842533,2.8590105326938127,0.5977575735270461,0.0524710672685575,0.3497713592043963,0.2188098197800614,0.5014253530208651,0.837075192629502,18239.238241098778,True,body,high
-0.0122876907861312,0.0008647283644821,-0.0036670958674774,0.0015852655192237,0.0001999871878295,0.9143235643558304,0.9143235643558304,0.9143235643558304,False,0.9909262198858902,7.57823860053026e-05,3.211589584656446e-05,4.218166346240015e-05,2.359653498920202,0.4433843312950237,0.1328246330899553,0.4237910356150209,-0.9052324353834446,-0.1559946289168181,0.3952466491684175,5751.684523323748,True,wing_R,high
-0.0118156132643013,0.0023468819921535,-0.0041230511013663,0.0003960987624664,0.000394405453893,0.2110312770218378,0.2110312770218378,0.2110312770218378,False,0.3946061776875358,9.852214055554357e-05,8.123729531228188e-05,3.635423293566497e-05,2.7100596711776404,0.1754412271779361,0.4555632076559817,0.368995565166082,-0.7612110484415774,0.5893748153347773,0.2705458681620768,12862.841258463692,True,body,high
-0.0117001228996322,0.0022476538448466,-0.0043424511568106,0.0006039263181667,0.0006036372275818,0.1857876744042237,0.1857876744042237,0.1857877080325434,False,0.3473466449528771,8.786082905887138e-05,3.5850668214440056e-05,8.234616431317707e-05,2.450744530989871,0.0627659083662777,0.5291948254617832,0.4080392661719391,0.2910310056163692,-0.7537111666374017,-0.5892541311319011,4682.386669413026,True,body,high
-0.0117558763631024,0.0023291312202279,-0.004105526536706,0.0003652676303789,0.0003634233169367,0.1292192919736339,0.1292192919736339,0.1292192919736339,False,0.5915829296021281,0.0001032653833786,0.0001286688948135,0.0001049057320832,1.2460021994182318,0.1846845950200924,0.0127486033587643,0.8025668016211431,-0.6908187657643681,-0.1713761937611969,-0.702424111972048,11826.53501718775,True,body,high
-0.0113995823974676,0.002342065972078,-0.0038661871701279,0.0003229128404989,0.0002977041268452,0.1114256064203539,0.1114255727920342,0.1114255727920342,False,0.8110149820766667,6.239035800312566e-05,0.0001291280272397,5.634795391293463e-05,2.2916187416356624,0.5168333371398225,0.0467939007460739,0.4363727621141035,0.1047145532921543,0.4573938464062029,0.8830774210671244,40907.62857667607,True,body,high
-0.0115165690978854,0.002401887655197,-0.003939595219494,0.0002750778661162,0.0002273996969549,0.1116084435946353,0.1116084435946353,0.1116084435946353,False,0.1920923391369285,0.0001140761591173,0.0001680432082908,7.30505258899547e-05,2.300369590001333,0.3211498383204459,0.2441374075436325,0.4347127541359215,0.2667401196830818,-0.9279852439332495,-0.2601789683921478,29739.32203332106,True,body,high
-0.0118398132777975,0.0029573724266019,-0.0042791629159871,0.0008327444706188,0.0005529364452109,0.1070577584860671,0.1070577584860671,0.1070577248577474,False,0.1826401865687175,7.883368485870998e-05,0.0001005732090508,4.377081163212776e-05,2.297723192708274,0.2161562149330767,0.3486303515369589,0.4352134335299643,0.0978990842271709,0.4634598572035151,0.88069332350619,2712.924326202497,True,body,high
-0.0113241423874573,0.0022817673086085,-0.0037412191800938,0.0003782780561198,0.0003712178234011,0.1209515341738713,0.1209515341738713,0.1209515341738713,False,0.4969474868581029,9.755943602546251e-05,0.0002251477650945,0.0001063687058443,2.307801011024836,0.5275604632377054,0.0391266145377196,0.4333129222245749,0.4281578850608556,0.0855942541392881,0.89964128913615,14296.27728684631,True,body,high
-0.0113076584404429,0.0022177002211584,-0.0037439974106895,0.0004081177260431,0.0004076754221265,0.1147565923729193,0.114756626001239,0.114756626001239,False,0.3270228442900098,8.943545683611797e-05,8.702093021668824e-05,8.926333223937962e-05,1.0277465043572551,0.0019245677590013,0.0250728525577989,0.9730025796831996,0.8513076914575397,-0.2332666933990166,-0.4699594282658054,12398.367295137894,True,body,high
-0.0118254488224878,0.0024870963021284,-0.0040329994911084,0.0003498807536859,0.0003166846466902,0.0953183811006979,0.0953183811006979,0.0953183811006979,False,0.9849554631116668,9.336477155268362e-05,8.578208400649028e-05,3.676154858990002e-05,2.539739894916585,0.0812157243046924,0.5250431677962076,0.3937411078991,0.0262735623514107,0.5805285875787998,0.8138158630336045,13259.957257800905,True,body,high
-0.0115201378740011,0.0023820821677045,-0.0039651036072837,0.0002875600296486,0.0002514814894305,0.1247302475751002,0.1247302475751002,0.1247302139467804,False,0.2577497730648712,5.962784472350583e-05,6.236953644958397e-05,0.0001377962707236,2.3109383101577285,0.5473786328031359,0.0198967048359086,0.4327246623609554,-0.5869556385790082,-0.0364200834983938,-0.8087995152435976,25364.30533765064,True,body,high
-0.0115699957243351,0.0023961959132244,-0.0038618274184663,0.0001845926022633,0.0001410867195763,0.1286233308916741,0.1286233308916741,0.1286233308916741,False,0.0653533635104962,8.95361583988518e-05,0.0001102699243509,8.555667194530291e-05,1.2888524277971616,0.1880273889198394,0.0360885933038608,0.7758840177762998,-0.0019119553203835,-0.9727549181923284,0.2318279826929629,23169.952691308885,True,body,high
-0.0114806305582995,0.0023809632114894,-0.0038851971034433,0.0002635031837736,0.0002244991560735,0.0881546410371243,0.0881546410371243,0.0881546410371243,False,0.9791429655131174,5.634080726585484e-05,6.22244547440238e-05,0.0001396178914354,2.4780953310922182,0.5543232023900158,0.0421410710165884,0.4035357265933957,0.7992601273780883,-0.5936445727130153,0.0936449148215942,39371.072701712175,True,body,high
-0.011122736607687,0.0043075403754302,-0.0041048407519744,0.0020867183779523,0.0001109657437418,0.5455056404661729,0.5455056404661729,0.5455056404661729,False,0.1158464068562261,2.854529770144964e-05,6.795415319880445e-05,6.630989215358136e-05,2.380572587104372,0.0241966232794144,0.5557363703973892,0.4200670063231962,0.8386004610159423,0.4368909520328045,-0.325385252916783,10359.356097770866,True,wing_L,high
-0.0118232959289149,0.002390871745803,-0.0041167507257869,0.0003962954978182,0.0003893357989152,0.1247176705835274,0.1247177042118471,0.1247177042118471,False,0.4062336725762706,0.0001477312873028,0.0001561246461164,0.0001264880434765,1.2343035896932448,0.0537606266678784,0.1360659213951269,0.8101734519369946,-0.195919713419278,-0.94476183017716,0.2627556852553541,13756.713529815475,True,body,high
-0.0114542953175087,0.0024041903949357,-0.0038638696129335,0.0002806770643687,0.0002273400927743,0.1313619876208087,0.1313619876208087,0.1313619876208087,False,0.0592836440896545,9.242971707212968e-05,8.682736503797226e-05,0.0001708415286051,1.967600059387636,0.4589739519029109,0.0327926826685355,0.5082333654285536,0.5934685277273591,-0.6917878874966723,-0.4113692080236594,25133.047401379343,True,body,high
-0.0117122630027366,0.0024639364531104,-0.0041812951587932,0.0004554937611491,0.0004144438113998,0.1165768596906827,0.1165768596906827,0.116576826062363,False,0.3080605928529981,6.454892986394342e-05,0.000151785071892,6.621535549774644e-05,2.3514730950914693,0.563755811606712,0.0109788506407839,0.4252653377525041,-0.5143488016200286,0.7737585211878563,-0.3697878596725719,19440.29354432296,True,body,high
-0.0117135049295358,0.0024684618814036,-0.004038696799176,0.0003233404114614,0.0002756955036142,0.1039600521873531,0.1039600185590334,0.1039600185590334,False,0.6494990549631592,0.0001232588972909,0.0001768327848169,7.48166104497255e-05,2.363549802028959,0.3029635459364004,0.2739440364037039,0.4230924176598956,0.378559991649408,-0.8553022355725449,-0.3537660505857052,22710.25841189642,True,body,high
-0.0116058746641207,0.0024098659631411,-0.0037477289116218,0.0001196351599588,6.419023927226667e-05,0.121724884642319,0.121724884642319,0.121724884642319,False,0.0177767013210585,0.0001002566642336,0.0001158657461377,4.973173220318432e-05,2.329815210626415,0.1347169670454113,0.4360644428110677,0.4292185901435209,0.0527802456886897,0.4595500946846098,0.8865821767554363,12913.251478150203,True,body,high
-0.0115103666997229,0.0023752801338133,-0.0038493427797797,0.0002192483211701,0.0001854397512689,0.1385248869763894,0.1385248869763894,0.1385248869763894,False,0.0670985993974736,9.642246634517132e-05,0.0001982269901443,8.57682595397866e-05,2.3111928726076933,0.5135754910319238,0.0537475083369212,0.432677000631155,0.3737688375525282,-0.8860899508973912,-0.2741194173955776,25276.47756084924,True,body,high
-0.0115944348220392,0.0023761928183788,-0.0037337631950944,0.0001128579381215,8.769790307474862e-05,0.0703625023865512,0.0703625023865512,0.0703625023865512,False,0.9972808863681252,0.0001255770969251,0.000100198453306,4.384797907855043e-05,2.8639198331177647,0.2020961165731223,0.4487320985060112,0.3491717849208665,-0.0318547559152532,0.6484932526966074,0.7605535981984134,10938.389248409512,True,body,high
-0.0114561064042205,0.0023580664505135,-0.0038351447263776,0.0002599573157523,0.000232486311687,0.1106397798452926,0.1106397798452926,0.1106397798452926,False,0.1851604480867306,9.776830132662548e-05,0.0001411253737374,6.056424745456351e-05,2.330176294905539,0.3072237916015249,0.2636241299972405,0.4291520784012345,0.3613616908413448,-0.9016912863094227,-0.2374248356552917,22299.53649903381,True,body,high
-0.0110165459370131,0.0022262946027297,-0.0033590566481013,0.0007911082214472,0.0007889978598068,0.0795069168529208,0.0795069168529208,0.0795069168529208,False,0.9889282627227902,6.877511143664057e-05,0.0001625592920014,5.799293220844639e-05,2.8030879938468605,0.5769229147724251,0.0663276709404998,0.3567494142870751,0.4677996389932791,-0.8643426253872867,-0.1845950261961852,10072.932987098073,True,body,high
-0.0112852807041657,0.0024060089260029,-0.0037895451161671,0.0004219568330702,0.0003665086422983,0.1012929901508881,0.1012929901508881,0.1012929901508881,False,0.1472547970561276,6.982139621966279e-05,7.826989336718511e-05,3.41477006209743e-05,2.292098499865316,0.1079405731126801,0.4557780017833114,0.4362814251040084,0.0793941145785473,0.5740192399738595,0.8149837340156679,8777.731724242181,True,body,high
-0.0123874717280075,0.0025678590458382,-0.0044359844591742,0.0010032923840055,0.0009975015184722,0.7020622997057852,0.7020622997057852,0.7020622997057852,False,0.4317075941536973,1.5850303566185036e-05,3.54400922120564e-05,1.4885041372181628e-05,2.380919966960234,0.5527578350715209,0.0272364470224215,0.4200057179060576,0.0892796794274395,0.6832233890189051,0.7247309428600766,3984.948029912709,True,body,high
-0.0117782654164975,0.0024549799881432,-0.0040954648078534,0.0003792334932591,0.0003505289141464,0.1282762193755929,0.1282762193755929,0.1282761857472732,False,0.4705293003197333,5.21741060698244e-05,5.891731216427144e-05,0.0001530593730685,2.93362713035597,0.6150689044185423,0.0440561460514338,0.3408749495300238,0.8536371792753799,-0.5113480242714353,0.099130036984118,23745.50835590237,True,body,high
-0.0115747714292593,0.0023742731461399,-0.0039256480734696,0.00022282880395,0.0001950461971469,0.1161522348976624,0.1161522348976624,0.1161522348976624,False,0.7111163219281904,3.972426872036264e-05,0.0001076532392859,0.000102806203057,2.7100118580847945,0.0450245274641832,0.5859733971328276,0.3690020754029891,-0.4772700036886832,0.8532572131727676,0.2101558272988081,25254.96669757683,True,body,high
-0.0115957844211671,0.0022855048947317,-0.0039699883264842,0.0002523930642574,0.0002510791481357,0.1790657095767243,0.1790656423200848,0.1790657095767243,False,0.9915760244509992,7.032768513987687e-05,9.21840235573559e-05,7.166985461636586e-05,1.3107785841949482,0.2225349702622424,0.0145596755782079,0.7629053541595496,-0.4612852641397582,0.132005103330572,-0.8773770898434714,10760.618064040977,True,body,high
-0.0118106111006875,0.0024381131512106,-0.0041193934013879,0.0004044554525121,0.000385465893723,0.1474996801981249,0.1474996801981249,0.1474996801981249,False,0.2362342924724117,8.232614123535155e-05,6.077502785356128e-05,3.4462424960771227e-05,2.388866753545749,0.2617772806839152,0.3196141893444071,0.4186085299716776,-0.77340151090176,0.6303472461709319,-0.0671747882735571,19749.28626445155,True,body,high
-0.0114483365372488,0.0025264977600041,-0.0037624632573119,0.000316032146281,0.0001746644839526,0.0842531506406221,0.0842531506406221,0.0842531506406221,False,0.7074505561250739,0.0001122712695237,0.0001588400324017,0.0001232364475063,1.4147878889723915,0.2241474290644688,0.0690328364760188,0.7068197344595124,-0.4569081977548472,-0.207523415747502,-0.8649675894164515,6237.763853252999,True,body,high
-0.0117599475950839,0.0024447501830249,-0.0041593998278335,0.0004333653868148,0.0004058763971925,0.1339858372664421,0.1339858372664421,0.1339858372664421,False,0.2375473676188827,8.425337639553384e-05,7.409356301235413e-05,0.0001698408394078,2.2922482399659696,0.5039274612085639,0.0598196135782201,0.4362529252132159,0.5461509286383444,-0.749232814200588,-0.3746589826396007,21093.63502247104,True,body,high
-0.0119369638096828,0.0024283584907465,-0.0039653642937734,0.0003379753250187,0.0003347782749364,0.0952891917191868,0.0952891917191868,0.0952891917191868,False,0.78910949307172,9.564705864998113e-05,0.0001605934970314,6.951775636934211e-05,2.310107595794736,0.4044151200514376,0.1627046098605475,0.4328802700880148,0.1154413862337811,0.5172829275927778,0.8479927235333261,9449.75806002528,True,body,high
-0.0116315920578214,0.0024488115383883,-0.0040276285860642,0.0003123658090354,0.000258354964799,0.1150422985772038,0.1150422649488842,0.1150422649488842,False,0.5035155478811344,0.0001203595803569,0.0002066848497337,8.802588383285204e-05,2.3480008462763777,0.4176661689909215,0.1564396063175204,0.4258942246915581,0.3823832482666044,-0.9145998893151288,-0.1314918016829729,19905.33144630668,True,body,high
-0.0108686494644069,0.0022853207675038,-0.0032067993454396,0.0009903870496664,0.0009810714896001,0.1596778398991137,0.1596778398991137,0.1596778398991137,False,0.0881542191906857,9.708251986069006e-05,0.0001057735988112,4.718408477667684e-05,2.241721955865577,0.0821668076748915,0.4717475404522479,0.4460856518728606,0.1589622885693926,0.4850767316856265,0.8599020613941868,7502.956078399213,True,body,high
-0.0115171143771714,0.0023979530808562,-0.0039226117548121,0.0002619661093706,0.0002160820103853,0.1280515821999078,0.1280515821999078,0.1280515821999078,False,0.0958115830112719,9.818498660762136e-05,0.00021737501364,8.961594663310312e-05,2.42562871684046,0.5483152135866726,0.0394205379497103,0.4122642484636171,0.4080868663874357,-0.8832862115028961,-0.2308041985123849,27876.731458649923,True,body,high
-0.0114906581058243,0.0022948135080457,-0.0037019800004654,0.0002160863666493,0.0002147580711032,0.1005108290626756,0.1005107618060361,0.1005108290626756,False,0.977162019115192,5.998288556425496e-05,9.48526453201018e-05,4.083784896646581e-05,2.3226650697981297,0.3676203192664886,0.2018397750867134,0.4305399056467978,0.0253534852537877,0.4440887875936458,0.8956240000798837,7791.490635487345,True,body,high
-0.0117475553303052,0.0024745893144752,-0.0040659451615872,0.0003537715013408,0.0003112974696167,0.0943393262005637,0.0943393262005637,0.0943393262005637,False,0.9903722373680952,0.0001036721726699,8.550373434224097e-05,3.621326098973335e-05,2.862823447448507,0.1752489396125175,0.4754455519072963,0.3493055084801861,0.1598407009955926,0.6481383709905432,0.7445586628029807,23456.98605743701,True,body,high
-0.0120400466178242,0.0014243547902141,-0.0038739629350223,0.0009805599660981,0.0002905139097279,0.9177599414623776,0.9177599414623776,0.917759874205738,False,0.9849264938873178,7.614954562491418e-05,3.250330096911712e-05,3.086629779033145e-05,2.4670773975610136,0.5731648731140574,0.021497215319563,0.4053379115663795,-0.2899344408363237,0.6439223648758312,-0.7080268413200481,4320.291026618733,True,body,high
-0.0116650478473365,0.0023199502185747,-0.0040982638967322,0.0003553614026696,0.0003508286350132,0.1081857868425313,0.1081857868425313,0.1081857868425313,False,0.3334313433939252,0.0001130887681918,0.0001391238490558,9.099811564138778e-05,1.5288651646825349,0.1871360017760051,0.1587840812369088,0.6540799169870861,-0.0033323844627757,-0.98668723110362,0.1625952126935587,11146.759619307111,True,body,high
-0.0113848794589114,0.002344081491366,-0.0038102608800731,0.0003207334676897,0.0002964555576691,0.1094288913090547,0.1094288576807349,0.1094288576807349,False,0.1961698404583024,9.957203879228936e-05,0.0001496497040992,6.434358969616514e-05,2.325790413714138,0.3346325715003045,0.2354060725221961,0.4299613559774993,0.4393259320267318,-0.8137139184172654,-0.3806079142935203,20708.079341674555,True,body,high
-0.0111903450693307,0.0022311948848342,-0.0038263857197851,0.0005251295439073,0.0005184251018664,0.1159563163070124,0.1159563163070124,0.1159563163070124,False,0.338522249218084,7.247236543667972e-05,8.63486687341907e-05,3.676621167207134e-05,2.348587597339641,0.1607008365146515,0.4135113405688226,0.4257878229165258,0.2441815177812727,0.5964065922582684,0.7646401526763511,9055.52082867676,True,body,high
-0.0111859196039854,0.0023336924874437,-0.0036427425805919,0.0005228522047114,0.0005009514573438,0.0984204590809746,0.0984204590809746,0.0984204590809746,False,0.3674011551782103,5.966851745283167e-05,0.0001371522807719,5.834647298516746e-05,2.350652468861737,0.5649469544582945,0.009639245225986,0.4254138003157194,0.4581406056476231,-0.8767907941110533,-0.1460995852798281,7037.860591114786,True,body,high
-0.0122448521194157,0.0026594172959985,-0.0041162025414734,0.0007360700259993,0.0007121955318235,0.2350351884473794,0.2350351884473794,0.2350351380048999,False,0.1136305137174603,1.9156877791340107e-05,2.2966603132388583e-05,5.207945450198893e-05,2.718577373058752,0.5590083776412926,0.0731521744511164,0.3678394479075909,0.7307370766477521,-0.2901232406870173,-0.6179416072943789,6368.687572572668,True,body,high
-0.0114843858784527,0.0024415232143032,-0.0039011985324378,0.000286108797263,0.0002086657038494,0.090964623432371,0.090964623432371,0.090964623432371,False,0.6227206860398506,6.851181752598886e-05,5.291800365669391e-05,0.0001556653210857,2.9416325320128296,0.5598774534485539,0.1001752590784781,0.3399472874729679,0.1648663785831468,0.4781340411844723,0.8626742814489626,17576.25535624261,True,body,high
-0.0121695765558251,0.0013639564817845,-0.0035012327219622,0.0011058612409306,0.0001370148326379,0.3030435553329306,0.3030435553329306,0.3030435553329306,False,0.1946182745964141,1.644736804014119e-05,4.781791977010952e-05,2.0621556493294976e-05,2.907329589354713,0.5687483564229555,0.0872933927954563,0.3439582507815881,0.8762476660909337,-0.3281402813780117,-0.3528653899256072,6119.5887400928,True,wing_R,high
-0.0126033058792036,0.0005068710945278,-0.0031161692793461,0.0021339102467948,0.0003750701625916,0.4966625870975506,0.4966625870975506,0.4966625870975506,False,0.1717032554804182,3.521184684790497e-05,8.328418436110156e-05,3.731475671437821e-05,2.3652319266535944,0.5519586701769236,0.0252498104244558,0.4227915193986206,-0.1353098188226102,-0.4813686775438509,-0.8660112292631527,15191.517333956856,True,wing_R,high
-0.0122676338665114,0.0011638805437776,-0.0036411958287863,0.0013056335450261,0.000187530040906,0.802643645561272,0.8026435783046326,0.8026435783046326,False,0.0401311892343589,6.305191169135638e-05,2.804469963072101e-05,5.851358680448542e-05,2.248264824426481,0.0719775937815554,0.4832349465137837,0.4447874597046609,-0.7561762953056557,0.0314001198731321,0.6536141391446232,5882.586506385032,True,wing_R,high
-0.0122968294514445,0.0009333868888561,-0.0033998520435365,0.0015619729168534,0.0001319558009124,0.3342252466455262,0.3342251793888867,0.3342252130172065,False,0.1213663328401267,4.6872425774489146e-05,2.3171181746533536e-05,5.340659147051369e-05,2.30487128601041,0.1223475514184821,0.4437887417144249,0.4338637068670929,-0.7925658443192662,-0.471061301811654,0.3872216837342636,7308.283409754063,True,wing_R,high
-0.0108844754027707,0.0025628159696994,-0.0035548776615121,0.0008667165537602,0.0007427552134269,0.1593661390036908,0.1593661390036908,0.1593661726320105,False,0.2071185220803967,7.52691955557297e-05,3.3534171025916385e-05,6.870477037394678e-05,2.2445521464526146,0.0872126390260487,0.4672641854128744,0.4455231755610768,0.1448374718628521,-0.8274143356874579,-0.5425934240693123,3884.480939005754,True,body,high
-0.0123200020279887,0.0009703854917702,-0.0034033886921141,0.0015372968099134,0.0001599732859711,0.2578648998334905,0.2578649334618101,0.2578649334618101,False,0.2073313809135939,5.123112708568465e-05,1.707490055683516e-05,3.555749878111996e-05,3.0003763076193493,0.3059395565971126,0.3607689167831978,0.3332915266196894,-0.8662466410932023,-0.486872775035414,0.1121234039978241,7286.783261891217,True,wing_R,high
-0.0117862075687931,0.0025164463002268,-0.0041801264143832,0.000479876155766,0.000429781986625,0.1048698663771975,0.1048698663771975,0.1048698663771975,False,0.1522761428593794,0.0001321096152706,0.0001338261923376,0.0001233490902374,1.0849386248419572,0.0128269140518975,0.0654619613711986,0.921711124576904,-0.155642190947037,-0.9253767075313872,0.3456203951672633,15674.255357060629,True,body,high
-0.011613399996878,0.0023712739115402,-0.0039560762008974,0.0002308057174812,0.0002092358085361,0.1864574832762741,0.1864574832762741,0.1864574832762741,False,0.3271789906059898,0.0001081155078757,0.0001032563727104,5.233941170784315e-05,2.065661503405451,0.0449439239638417,0.4709496537828513,0.4841064222533069,0.1062586383491228,0.5562517625987666,0.8241923794733579,19435.61994216097,True,body,high
-0.0114850509425251,0.0021380295585597,-0.0032446585277251,0.0005782564906004,0.0005438327314116,0.1512515245719028,0.1512515245719028,0.1512515245719028,False,0.1185984173003056,0.000124617079408,0.0001188493399799,4.325719453316797e-05,2.88084053422642,0.0462836992768232,0.6065953864902319,0.3471209142329448,-0.0403759690716701,0.6715059115573312,0.7398983659024267,5913.939280252267,True,body,high
-0.0117276159880469,0.0026096134558216,-0.0044473750254146,0.0007550850216999,0.0006615849651182,0.1617941373153136,0.1617941373153136,0.1617941373153136,False,0.0625713790550762,0.0001167677550695,0.0001763652568594,6.884145395107389e-05,2.561904880521757,0.3379208742764455,0.2717445713054606,0.3903345544180938,0.2536989318607571,-0.8267230107743665,-0.5021612444512988,5347.955668364303,True,body,high
-0.012225693434271,0.0008105224429182,-0.0035003763629366,0.0016309078989392,2.9583970360016183e-05,0.4039650852706377,0.4039650852706377,0.4039650852706377,False,0.0121510100692107,3.048581258107976e-05,2.416788176678956e-05,5.581542106224192e-05,2.309487509118032,0.4538102194537983,0.1131932841148835,0.4329964964313182,-0.7112497533183411,-0.6333091512463733,0.3050300105763324,6657.592288589824,True,wing_R,high
-0.0113939097822674,0.0023508490878888,-0.0038684389754643,0.0003293341186411,0.0003001769651279,0.1087414611974745,0.1087414611974745,0.1087414611974745,False,0.1676643229583846,0.0001123399760884,0.0002144607381793,9.40314201267226e-05,2.280734863839399,0.4761746273834337,0.0853701993060677,0.4384551733104985,0.39429466168397,-0.8764041562380399,-0.2764913645960987,39062.17590410593,True,body,high
-0.0107361407090948,0.0023973888899928,-0.003262274165538,0.0010785809609679,0.001038210181564,0.1236297271841614,0.1236297271841614,0.1236297271841614,False,0.1470785022526306,0.0001317498389446,0.0001165500854763,5.041776985913001e-05,2.613162766079105,0.1153682887963468,0.5019536733176165,0.3826780378860366,0.1295667489389362,0.6249453998484036,0.7698413503948158,5965.054809813164,True,body,high
-0.0116717678692311,0.0023975968260387,-0.0040600848366639,0.0003226709636459,0.0002994350960608,0.1304758477680425,0.1304758477680425,0.1304758477680425,False,0.2161599747823108,0.0001023279834426,0.0002077499090213,8.929628291261619e-05,2.326523593648975,0.5074463140578948,0.0627278278550286,0.4298258580870766,0.4444104806297064,-0.8617980622889321,-0.2445473871083388,15843.008277310846,True,body,high
-0.0112574225841603,0.0022286403729427,-0.0037550087737293,0.0004539186381023,0.0004514344616442,0.1149968667172711,0.1149969003455909,0.1149969003455909,False,0.3797002634274757,7.502925168239105e-05,9.236389407899812e-05,8.036546727234202e-05,1.2310384551079752,0.1299038647763588,0.0577738264844804,0.8123223087391608,-0.4093392580623076,0.0505080075784081,-0.9109831573522416,13367.453290829491,True,body,high
-0.0118759684885363,0.0027024677026424,-0.0035206440567736,0.0004659270000427,0.0003950991567926,0.0745503715537322,0.0745503715537322,0.0745503715537322,False,0.4065506837311462,9.627062934207404e-05,9.87718210243406e-05,4.2575142971334754e-05,2.3199410296952445,0.0253229276966574,0.5436316331305359,0.4310454391728067,0.2437756067697605,0.6194053101880441,0.7462643735666924,6154.557489906132,True,body,high
-0.0116634775871216,0.0023086076227012,-0.0035818738571395,0.0001686859788625,0.0001639284928603,0.1105271249742529,0.1105271249742529,0.1105271249742529,False,0.2580949177421598,5.645757763163376e-05,7.069302049930831e-05,2.771321128708289e-05,2.550877982598079,0.2013698490618863,0.406608264034101,0.3920218869040126,0.2050542168788939,0.494232792322532,0.844799807725627,5881.868247445847,True,body,high
-0.0118904104345172,0.00248594137476,-0.0041683805903989,0.0004889917987577,0.0004657104124027,0.108087995688805,0.108087995688805,0.108087995688805,False,0.228024777589017,0.0001075338022157,9.994030556928332e-05,4.08678484057766e-05,2.6312567558745594,0.0706149739896485,0.5493384958618229,0.3800465301485284,0.1747684802377313,0.5857910984967989,0.7913941920669543,9550.35006379746,True,body,high
-0.0114353997920333,0.0023463055661847,-0.0038307312828035,0.0002772345538299,0.000253869922233,0.1203415837109108,0.1203415837109108,0.1203415837109108,False,0.1595705613195024,7.756146311628772e-05,9.708289020181948e-05,8.935991977716636e-05,1.2516897735188843,0.0795502730563369,0.1215297220380601,0.7989200049056029,-0.4652987940505082,-0.2052766085457441,-0.8610218035793868,23649.56584281352,True,body,high
-0.0119182189488217,0.002533629029904,-0.0040055431591527,0.0003947592621596,0.0003621338233183,0.0894445561246886,0.0894445224963689,0.0894445224963689,False,0.7494341679208962,6.251936838060128e-05,0.000111705175783,5.0248469069319774e-05,2.223056301058136,0.4403180699342918,0.1098507676592421,0.449831162406466,0.0168089671129073,0.5327802868039506,0.8460866531376661,9096.403089743217,True,body,high
-0.0116993880762708,0.0024491588733353,-0.0041171149438594,0.0003895813483733,0.0003511587049819,0.0841026302815852,0.0841025966532655,0.0841025966532655,False,0.563500616581531,7.717505647116687e-05,0.0001445942585244,6.396542173160285e-05,2.260506608261135,0.466264724072076,0.0913565647374989,0.442378711190425,0.5350891864225948,-0.8348078744840282,-0.1295197871873827,19931.528890611386,True,body,high
-0.0114957957476688,0.0024016731477554,-0.0039772505403145,0.0003157945178109,0.0002676107827475,0.0856930480341079,0.0856930480341079,0.0856930480341079,False,0.319025359913882,8.039406000336082e-05,0.0001021490668492,7.113951905202887e-05,1.4358976306062847,0.2129731334503292,0.0905983895573616,0.696428476992309,0.178561633228955,-0.9816799547089714,0.0664846573368628,19453.956005440054,True,body,high
-0.0112686149162998,0.0022941276631059,-0.0037752844612398,0.0004330613946106,0.0004193588223603,0.1033038964131064,0.1033038964131064,0.1033038964131064,False,0.3723060901123579,6.942334688368535e-05,6.613438630831596e-05,0.0001499141067128,2.266810279511164,0.5369125133990257,0.0219389665688306,0.4411485200321436,0.1406979795362308,0.3987320182290689,0.9062101611620762,14721.005910809752,True,body,high
-0.0121690000194985,0.0013056754685326,-0.0037800604486555,0.001131736230311,0.0002456310616026,0.9101240597900286,0.9101240597900286,0.9101240597900286,False,0.99532354502104,9.538908306000931e-05,4.164306508094989e-05,4.93814833975515e-05,2.2906354965606552,0.4823151474630951,0.0811247793600591,0.4365600731768457,-0.8969570256739102,-0.0601124082605943,0.4380120916907704,4805.898189253,True,body,high
-0.0114467167141575,0.0040160403662415,-0.0036887398862751,0.0017012729920397,0.0004624669300449,0.4306962197966114,0.4306962197966114,0.4306962197966114,False,0.0872928313480219,2.5678802360728365e-05,2.9472917163421983e-05,6.707541028175967e-05,2.612092625641328,0.5606002700599689,0.0565649138299103,0.3828348161101207,-0.9552916840656052,-0.2861840614174278,-0.074273018961977,5237.548949112836,True,wing_L,high
-0.0112845903240001,0.0018312859068728,-0.003591671884033,0.0006694318997639,0.0005654183128471,0.2393794797437071,0.2393794797437071,0.2393795133720268,False,0.1535515589509143,5.182795485869473e-05,2.295633308199381e-05,3.397349618463265e-05,2.2576756781485656,0.344494756212955,0.2125718279387322,0.4429334158483127,-0.9012510537001206,-0.4120238319707701,-0.1341003359151069,3407.886165064694,False,body,high
-0.0117537799089536,0.0024711115192935,-0.0040960042614788,0.00038085273838,0.000341880994309,0.0932974535992051,0.0932974535992051,0.0932974535992051,False,0.2809611604118539,0.0001121584742041,0.000160359036585,5.639440232977924e-05,2.843527548129942,0.3005790219705316,0.3477451165954357,0.3516758614340326,0.1979747398334917,0.5252990369708136,0.8275668698935436,26054.61471535773,True,body,high
-0.0116261777018412,0.0021089672234883,-0.003546874035815,0.0003086851958578,0.0002173860118324,0.1986506748361747,0.1986506075795353,0.1986506748361747,False,0.049794460474933,0.000124322753566,0.0001138568832751,4.231740809473229e-05,2.9378631434074403,0.0841830637651934,0.5754334836413805,0.340383452593426,0.1652211277909716,0.6593817412946367,0.7334287274021467,4628.890259697276,True,body,high
-0.0109383787622128,0.0023285448497998,-0.0031953979160741,0.000938075976404,0.0009258363388656,0.141871812752499,0.1418717791241793,0.141871812752499,False,0.084759686306551,9.245554800012809e-05,0.0001096759471784,4.0221437480189736e-05,2.7268032683443084,0.1570116294535841,0.4762585768685641,0.3667297936778517,0.1968385815222413,0.4147126062259599,0.8884075793584743,7206.859645700492,True,body,high
-0.0115697183663741,0.002493593343638,-0.003996665688369,0.0003246499518951,0.0002268263482105,0.1207935819561777,0.1207935819561777,0.1207935819561777,False,0.1378887642488011,8.986336520927371e-05,0.0001054743276237,8.854570779278529e-05,1.19118509810273,0.1480072238065586,0.0124926837285857,0.8395000924648556,-0.3684824182804381,-0.9289042494929624,0.0368456604244797,12924.993159809694,True,body,high
-0.0114103845753535,0.0023435954298791,-0.0038513470106271,0.0003075220405999,0.0002829332747313,0.0930273173069478,0.0930272836786281,0.0930272836786281,False,0.4979308526337743,8.699902371320407e-05,9.210019218524197e-05,3.9497839722864e-05,2.331777961312861,0.0553871642501881,0.5157555360449249,0.4288572997048869,0.1062371546705194,0.3917307019907977,0.9139259948624444,36035.54449050436,True,body,high
-0.0120236033266601,0.0012440222836264,-0.0037996032721013,0.0011391352308874,0.0002500804268336,0.9156125714787624,0.9156125714787624,0.9156124369654836,False,0.0773287771897865,4.435283087751037e-05,1.950072502093844e-05,2.23793649913057e-05,2.274419583368698,0.4954242029531101,0.0649031846088297,0.4396726124380601,-0.9384042124474756,-0.2454179719681102,0.2432438140958428,5611.868797230331,True,wing_R,high
-0.0123060825430662,0.0004223651017515,-0.0034693649204804,0.0020250676446956,8.78198289399484e-05,0.3055752297542297,0.3055752297542297,0.3055752297542297,False,0.1247813314675228,6.184659023339191e-05,4.6855755256016606e-05,2.7415561413517303e-05,2.25589362554138,0.2423874124798803,0.3143292745669145,0.4432833129532051,-0.8068139660044029,-0.475715416084753,0.3503513481628926,5410.555876498295,True,wing_R,high
-0.0123948122178193,0.0006460412381806,-0.0032931362622256,0.0018813127421248,0.000170885253877,0.3208970824811404,0.3208970488528208,0.3208970488528208,False,0.0929024185727396,5.5540635817926575e-05,2.2635306937340293e-05,5.135003820950194e-05,2.453716928675885,0.0754510197211688,0.5170040070534003,0.4075449732254309,-0.7549849286270387,-0.4223478488041809,0.5016174360571073,6754.354738920112,True,wing_R,high
-0.0113073299329187,0.0019284856886347,-0.0036275397789264,0.0005759802915743,0.0005090935020948,0.2142599656258352,0.2142599656258352,0.2142599656258352,False,0.1232230444388597,9.484106733472464e-05,4.217715821527504e-05,8.842419222501753e-05,2.248635786475928,0.0676592460422223,0.4876266717509813,0.4447140822067963,0.3567033788776232,-0.7151546443761805,-0.601096110555097,4268.526277413053,False,body,high
-0.0109319732269462,0.0023112619450122,-0.0033074454880933,0.0008830109294707,0.000869159812866,0.15679478316513,0.15679478316513,0.15679478316513,False,0.1067871375150772,0.0001299430448251,0.0001557805640417,5.191338560213944e-05,3.000778358700699,0.165858426406301,0.5008947021276611,0.3332468714660379,-0.1772665925010082,0.7315373696640805,0.65835372860495,7450.07501584052,True,body,high
-0.0117660620252125,0.0024618698794902,-0.0040835078405069,0.0003680905301783,0.0003347266332332,0.0808898815011319,0.0808898815011319,0.0808898815011319,False,0.4755144391198834,0.0001109156595624,0.00017288024828,7.586981290052309e-05,2.2786433980895007,0.3584249174450475,0.2027174706800811,0.4388576118748713,-0.0013519148831852,0.5371842580419148,0.8434638375402386,24753.151682399515,True,body,high
-0.0114898401442614,0.0021987052365717,-0.0032557055504846,0.0005488827642711,0.0005307777194908,0.1356052426305576,0.1356052426305576,0.1356052426305576,False,0.0310791494834986,0.0001262635122911,0.0001121725941635,4.49496617706457e-05,2.808998050651271,0.1115992884401602,0.5324018885032882,0.3559988230565515,0.0636813410105516,0.7643780961523639,0.6416157829492548,5646.459605875371,True,body,high
-0.0111206940833001,0.0023010708733358,-0.0033933045123816,0.0006773263456989,0.000670051213817,0.1180347482352151,0.1180347146068954,0.1180347482352151,False,0.0969022426562621,9.605955844712124e-05,0.0001210608787368,4.739022074868808e-05,2.554554016088155,0.2065185760305465,0.4020236612045376,0.3914577627649159,0.0339355961924264,0.5034866066232251,0.8633363262727305,6966.54811894554,True,body,high
-0.0114637358931666,0.0024249261933608,-0.0038695010330659,0.0002809769983034,0.0002142733528148,0.1036754557176191,0.1036754557176191,0.1036754557176191,False,0.2062726050651467,7.606230415486306e-05,9.142356062628375e-05,3.077227425791943e-05,2.970971851479432,0.1680229512632264,0.4953868519962566,0.336590196740517,0.0564436491885883,0.4835886125047695,0.8734736219955286,21218.790454296857,True,body,high
-0.0114600364903876,0.0023666932805741,-0.0038723997969155,0.0002725573528533,0.0002399472269036,0.0980382395991129,0.0980382395991129,0.0980382395991129,False,0.3999931864816607,9.950876853166254e-05,9.82620796973303e-05,3.959200898618021e-05,2.51335486831185,0.0125284319435182,0.5895969930778707,0.3978745749786109,0.1678517519656884,0.6444197045803812,0.7460221402281457,34037.79009756096,True,body,high
-0.0120732879770445,0.0006425981353686,-0.0037705898188812,0.0017330307255554,0.0003753620619965,0.8889476679284641,0.8889476679284641,0.8889476679284641,False,0.1499196488508939,5.861652199227319e-05,2.316338254979332e-05,3.469428177575491e-05,2.5305683168797906,0.4081142893410104,0.1967175607498784,0.3951681499091111,-0.7857012335216504,0.0863380505666072,0.6125514775648778,3270.271239291836,True,wing_R,high
-0.0114518490203598,0.0022821270265975,-0.004214977604371,0.0005336198016196,0.0005220427133798,0.7164944311638802,0.7164943807214006,0.7164944311638802,False,0.1230091121741133,1.2862116605608564e-05,3.0107950148237888e-05,1.2472824421725925e-05,2.413883907144081,0.5727999899600824,0.0129298800471616,0.4142701299927559,-0.0060561419962065,0.748842349550292,0.6627204981469337,3785.203386453963,False,body,high
-0.0120423487154971,0.0009887583011705,-0.0037256804470219,0.0013890232951108,0.0002447999675629,0.5124014612018503,0.5124014612018503,0.5124014612018503,False,0.4543063921387914,6.90620702578638e-05,3.1062553363103354e-05,2.7929609793594746e-05,2.472718765791787,0.5502226729213001,0.0453641710682988,0.4044131560104009,0.7770025861583304,0.5309156583120253,-0.3382241044963754,6918.236151012549,True,wing_R,high
-0.0117516524214529,0.0024225876100372,-0.0040513328403033,0.0003233118127791,0.000301817422659,0.1338033700036774,0.1338033700036774,0.1338033363753578,False,0.1745879741796879,7.179134654081676e-05,6.093724098354979e-05,0.0001377922626926,2.261215973494172,0.4789885503154771,0.0787715169572046,0.4422399327273182,0.2207018056241129,0.4999386698809671,0.8374676348085971,19189.872458340364,True,body,high
-0.0110677669227492,0.0023625427265422,-0.0031198639993187,0.0008884966419388,0.0008792612787564,0.1699101305082099,0.1699101305082099,0.1699101305082099,False,0.051554272356972,4.5700599693939546e-05,0.0001304797468439,9.531597111769566e-05,2.855099226656641,0.2694960449937192,0.3802534310793021,0.3502505239269785,-0.481914685203141,0.8643784937908597,-0.14355506141339,4356.431389453635,True,body,high
-0.0112375277814366,0.0036876379685999,-0.0041102931804197,0.0014755836284046,0.0001221122659505,0.2679581373405719,0.2679581373405719,0.2679581373405719,False,0.0716284005790274,3.580980045128671e-05,8.101478559807674e-05,7.043501141292306e-05,2.2623635032058864,0.1305906583230511,0.4273937245654864,0.4420156171114625,0.8815157310949928,0.3970175418620228,-0.2555525137538219,9746.496995098456,True,wing_L,high
-0.0123371401591253,0.0008216202582433,-0.0034903926000216,0.0016616315978142,0.0001036996362028,0.8867617262621379,0.8867617262621379,0.8867617262621379,False,0.7224136856615263,6.813598281067362e-05,2.866721654144092e-05,6.431518497790616e-05,2.3767910188342567,0.0560760654672604,0.5231885850317686,0.420735349500971,-0.7266136125345695,-0.1492066676187855,0.6706489606474909,6444.162219080737,True,wing_R,high
-0.0117212334001572,0.0024513337849385,-0.0041352624383768,0.00040819901829,0.0003726428216097,0.164421618819476,0.164421618819476,0.164421618819476,False,0.1814554686619826,0.0001017263264484,6.251799706397516e-05,3.572248081537824e-05,2.8476837029921818,0.3854295220649212,0.2634078825424593,0.3511625953926195,-0.7839436288924192,0.6088617921301656,-0.12132479055423,22352.5000352696,True,body,high
-0.0120308805722098,0.0014964953620607,-0.0036059311922294,0.0009120402624443,3.825989153314485e-05,0.3042716111263822,0.3042716111263822,0.3042716111263822,False,0.1744771636910021,5.379472549366952e-05,2.531801442224522e-05,5.766292143672614e-05,2.277545169026432,0.0670828991434506,0.4938478724611961,0.4390692283953533,-0.8766655467505371,-0.3876725045570257,0.2848991898041562,4998.199434034553,True,wing_R,high
-0.0119911178587461,0.0026728353645444,-0.0033970270856659,0.0005665133044304,0.0005431229831266,0.2009217297796954,0.2009217297796954,0.2009217297796954,False,0.1596973622040627,6.180767468880847e-05,2.2169828437225023e-05,3.050483260473969e-05,2.7879184930916354,0.5064555856804752,0.1348538706476186,0.3586905436719061,-0.8635305696441756,-0.4715919560856521,-0.1786504470896018,4772.692235011404,True,body,high
-0.0113888823959223,0.0023244898251927,-0.0037213039440291,0.0003108815767221,0.0002981645831808,0.0848952834055483,0.0848952834055483,0.0848952834055483,False,0.1043339991542496,8.239015365485063e-05,0.0001762679828783,7.474208613055788e-05,2.35834978663116,0.5325858258008053,0.0433888639298163,0.4240253102693784,0.1647587152076692,0.4548224988261537,0.8752091523314022,11127.476994355917,True,body,high
-0.0114671652183941,0.0021349604826796,-0.0033228877142064,0.0005209869146547,0.0004887303157723,0.110854059498506,0.1108540931268257,0.1108540931268257,False,0.1574630221674546,8.148263758500637e-05,8.99199452668932e-05,0.0001013788358462,1.244177150506398,0.1130304020924347,0.083225533332046,0.8037440645755192,-0.5970113972698774,0.1326958353739598,-0.79118215778939,6177.075241718741,True,body,high
-0.0118462566574963,0.0027438543566443,-0.0035610970099064,0.0004723473692747,0.0003632593612039,0.1126304754873632,0.1126304418590434,0.1126304754873632,False,0.1881355255240209,5.557995174377757e-05,3.473125969747557e-05,2.156605503963176e-05,2.577196044507851,0.3751117334972517,0.236869666935573,0.3880185995671753,-0.105549475065669,-0.8470416621630372,-0.5209411971359534,6100.514577731844,True,body,high
-0.0112992462204344,0.0021495973134674,-0.0034258056236883,0.0005436071128843,0.0005352778359375,0.1021693777909374,0.1021693441626178,0.1021693777909374,False,0.1469357004866685,8.42807802970754e-05,7.89994088236709e-05,3.732956347935916e-05,2.257748884303918,0.0626640077938121,0.4944169382086003,0.4429190539975876,0.1824672211901822,0.3868101434296244,0.9039267813994044,5648.79844692073,True,body,high
-0.012306172230254,0.0015342026936384,-0.003629082545945,0.0010113459374068,0.0003113612075232,0.8525206313069819,0.8525206313069819,0.8525206313069819,False,0.0512621784805959,3.8373415181516445e-05,1.524971825908806e-05,3.570906069751127e-05,2.516336008938908,0.0694323002370801,0.5331644927000916,0.3974032070628283,-0.8036947915313071,-0.0026284542357475,0.5950359428587312,3438.421830268748,True,wing_R,high
-0.0124441391298201,0.0010023821986792,-0.0035289429607978,0.0015416567601785,0.0002647584654513,0.9382679368413196,0.9382679368413196,0.9382679368413196,False,0.9798626423236628,7.572827381916472e-05,3.315132583345525e-05,3.23121453574883e-05,2.343647349358522,0.5622331771008152,0.0110814684350375,0.4266853544641472,-0.2424475235751544,0.6861539174317046,-0.6858658760321881,4680.69359103232,True,wing_R,high
-0.0121594858130712,0.0012289791055523,-0.0037962861951298,0.001198777655024,0.0002598131248658,0.9416986980184744,0.9416988325317536,0.9416986980184744,False,0.7951673033546701,6.292708322600747e-05,2.8023338108053263e-05,2.8817674804872203e-05,2.24552417643363,0.5420465509044603,0.0126231291217807,0.4453303199737589,-0.9058548471606332,-0.0468288334556696,0.4209917531647941,4920.977474425636,True,wing_R,high
-0.0123748249896989,0.0025787655769201,-0.0037254373421136,0.0007191534929593,0.0007191466224792,0.2698470400588701,0.2698470064305505,0.2698470064305505,False,0.0799890674669706,2.359707143375544e-05,2.3002836780898662e-05,5.159041108853213e-05,2.242784730419524,0.5426074160707597,0.0115183159102383,0.445874268019002,0.0935103047415089,-0.7068052924338275,-0.7012004716874352,3886.2752584731634,True,body,high
-0.0125864326899931,0.0030884903995099,-0.0043916975891794,0.0013323179952223,0.0012268414435545,0.7035976510847772,0.7035976510847772,0.7035976510847772,False,0.0070849335298899,1.1883732236967411e-05,2.9340911364123376e-05,1.3652249270637173e-05,2.468998020070741,0.5347026170655874,0.0602747819153367,0.4050226010190759,0.7836813829641243,0.4242763443247971,-0.4536883000936036,2149.218644648928,False,body,high
-0.0122290027076082,0.0009298162426161,-0.0035154878733319,0.0015188274910782,4.283284304452912e-05,0.5520972577229234,0.552097198873364,0.5520972577229234,False,0.2331681552002363,7.097816591095786e-05,3.3439003900713814e-05,3.0980190759833295e-05,2.291082274515336,0.5288832351252488,0.0346418241345528,0.4364749407401982,0.7414175231798492,0.4850819683173454,-0.4636761157696476,7516.838491917338,True,wing_R,high
-0.0112197743089691,0.003717383132569,-0.0042133904525921,0.0015366895624493,0.000217457769898,0.4115157191525132,0.4115157191525132,0.4115157191525132,False,0.0233590301707385,4.157382191960406e-05,4.4722611583557726e-05,9.532174346746927e-05,2.2928308985352266,0.5308246580821265,0.033033278131639,0.4361420637862344,0.5878064419539095,0.1702496418954936,-0.790884723731557,5715.507161359627,True,wing_L,high
-0.0114087849828952,0.0035444174383698,-0.0038178188425763,0.0012463417171895,0.0001855165959181,0.3067724483785041,0.3067724147501844,0.3067724483785041,False,0.0289115371130736,8.430135917142003e-05,2.980310559789633e-05,2.9415605420331183e-05,2.865871973967717,0.6464694532706866,0.0045966065241866,0.3489339402051267,0.6576027323670816,0.0943568264344554,-0.7474325626359652,5890.305902627782,True,wing_L,high
-0.0115667188698546,0.0034109731994558,-0.0042890094446939,0.0012134457577624,0.0004279124505124,0.429090862663056,0.429090862663056,0.429090862663056,False,0.0078655579425012,3.463015224978505e-05,3.872837875164408e-05,9.726925821456668e-05,2.8088024999997057,0.6018435889969164,0.0421328030776047,0.3560236079254789,0.6747647550210968,0.2282456064911703,-0.7018521699751288,3195.728024438833,False,body,high
-0.0121101570399812,0.0012552518765742,-0.0034102706746022,0.0012024568590759,0.0001402061035482,0.3786808596428099,0.3786808932711296,0.3786808596428099,False,0.0197827871450391,4.321188093394423e-05,3.879018209554781e-05,9.738579215514056e-05,2.5105783704562223,0.5562814659339066,0.0454039417921705,0.3983145922739229,0.4665170401477945,0.0593170726541411,-0.8825210117291736,5662.155823701915,True,wing_R,high
-0.011651791523533,0.0026554566034766,-0.0043858805073155,0.0007184851155663,0.0005821583306419,0.3136257822369638,0.3136258494936031,0.3136258158652835,False,0.0258203726640112,2.173652635746314e-05,2.000979358234199e-05,5.356834286395465e-05,2.6771062201874494,0.5942281355862264,0.032234201821521,0.3735376625922525,0.6598878404582451,-0.7169803802123416,-0.2246935077075434,5015.674126320771,True,body,high
-0.0119583895556941,0.0022694941124967,-0.0027966410367918,0.0009852188591917,0.0009372210353629,0.2846332945377066,0.2846332945377066,0.2846332945377066,False,0.0401002137267924,0.0001128065542955,4.980805473298965e-05,5.895232764404611e-05,2.2648255367595165,0.4774033475965286,0.0810615390936898,0.4415351133097816,0.8323442192818884,-0.5053255239724592,0.2277042280019917,1804.694427657728,False,body,high
-0.0124023313896325,0.0022892615067717,-0.0039885896063505,0.0007460259202866,0.0007093089538817,0.2513745500580166,0.2513745836863363,0.2513745500580166,False,0.0159433065050368,4.51644241477715e-05,6.333800058185224e-05,0.0001169414919512,2.589239078276292,0.4583787197767806,0.1554074275164542,0.386213852706765,-0.2228512940899589,0.4145130082193201,0.8823356882385527,3973.6039332733,True,body,high
-0.0108958373923333,0.0023038723629631,-0.0030933224371655,0.0010343930069086,0.0010268215715712,0.2471286720393301,0.2471286720393301,0.2471286720393301,False,0.0452299010735123,2.1867745137365665e-05,2.109458324545405e-05,5.619581358809941e-05,2.6639925963083333,0.6108652274767209,0.013758353915448,0.3753764186078312,-0.7356825879280524,-0.45390656765258,-0.5027324911534332,5854.962996366633,True,body,high
-0.0117206903237147,0.0022277324492466,-0.0033380556609582,0.0004210885190798,0.0003832487918973,0.2856614299704624,0.2856614299704624,0.2856614299704624,False,0.1178988640209098,8.863619327001403e-05,3.2904760661456954e-05,8.798433936737402e-05,2.693719434155866,0.0073542632934861,0.621411825958355,0.3712339107481589,-0.924479808850864,-0.3728826005866863,0.079345127177286,3576.000167963467,False,body,high
-0.0118489496745144,0.0024696161712752,-0.003842367446728,0.0002243997433116,0.00020424420257,0.0822801771230405,0.0822801771230405,0.0822801771230405,False,0.3644320975461683,5.8442982957300286e-05,6.617627849280817e-05,0.0001488235914379,2.546474938603085,0.5553374444643104,0.0519628337200222,0.3926997218156673,0.8474131812955942,-0.5162206419250805,0.1241255373278929,8889.260257344768,True,body,high
-0.0122438384723432,0.0009751334838983,-0.0034541447025839,0.0014931281138767,7.647657514784521e-05,0.4375967089663891,0.4375967089663891,0.4375967089663891,False,0.0899950255184101,4.739080828520304e-05,2.941815834567916e-05,2.080788531466997e-05,2.2775408249579105,0.3792433720767647,0.1816865620689909,0.4390700658542444,-0.7049068877436124,-0.5017125060807004,0.5013889117779105,7253.442482507775,True,wing_R,high
-0.0119590243817518,0.0014271154421964,-0.0036612108086097,0.0009476484798881,9.311768034441462e-05,0.2713212719667833,0.2713212719667833,0.2713212719667833,False,0.0383756865732399,1.925026044168745e-05,5.200376762484987e-05,1.8854878434117035e-05,2.7581067577052867,0.6298295042667493,0.0076029492790342,0.3625675464542164,0.4258791366415181,0.9007017728522833,0.085809541160814,5167.459340510972,True,wing_R,high
-0.0119419089956714,0.0017550341991254,-0.0039346364395784,0.0006564494890693,0.0002944151177866,0.1837474778755352,0.1837474778755352,0.1837475451321746,False,0.0287372347388638,4.450820974555122e-05,0.000129683870113,9.074964985585388e-05,2.9137067263409304,0.3002240773908481,0.3565704822813216,0.3432054403278303,-0.4708978237449199,0.8819158612625322,0.0219009873262494,3497.718438807108,False,body,high
-0.0111716559996756,0.0027774396846431,-0.0034619080617617,0.0007443394379303,0.0005154747813617,0.247205983546351,0.247205983546351,0.247205983546351,False,0.0669836854087961,6.840135484260552e-05,2.7650064267839963e-05,3.578781403243001e-05,2.4738226349138634,0.4767967079777978,0.1189705932479753,0.4042326987742269,0.8602043536171837,-0.4732486130718911,0.1899584697863587,3176.525674298511,False,body,high
-0.0119739260791454,0.0015132440771665,-0.0031574698501945,0.0010464732433014,0.0004344812502381,0.4161103396607869,0.4161103396607869,0.4161103396607869,False,0.1718763241469368,3.533867369495023e-05,8.255359101621154e-05,4.052584315822235e-05,2.3360693083398925,0.5090965437195331,0.0628339651784921,0.4280694911019748,-0.2274423034729393,-0.5169153205096407,-0.8252687744082766,3043.3657670845087,False,wing_R,high
-0.0122419810797863,0.0005879040881939,-0.0035898375432358,0.0018356575411499,0.0001664698222152,0.4485759139810982,0.4485758551315387,0.4485759139810982,False,0.0934956168581489,3.3107630324935584e-05,8.144480262504352e-05,3.5871872196678524e-05,2.4600009673208767,0.5595560300903933,0.0339400647143684,0.4065039051952382,0.1988124783767452,0.3945291185331978,0.8971178144876591,4858.8926347782735,True,wing_R,high
-0.0125012357601418,0.0025479184828481,-0.0043806606331683,0.0010459072265018,0.0010450361371767,0.2538398589903614,0.2538398589903614,0.2538398253620417,False,0.0228044104451359,3.300007527290339e-05,7.597530754511419e-05,4.192163269940578e-05,2.302276795335012,0.4482202961203851,0.1174270656450421,0.4343526382345727,0.9893784181258596,-0.1300041522197721,0.065032808276975,3977.328442218201,True,body,high
-0.0120544079999999,0.0020593429389403,-0.0036503558286375,0.0004594905146172,0.0002462759051508,0.3824967743727215,0.3824967743727215,0.3824967743727215,False,0.0062466471286503,4.828607402626108e-05,2.551352010603452e-05,2.788053662985539e-05,1.8925680903922129,0.4225967384573001,0.0490206870522033,0.5283825744904965,0.2971026253760824,-0.9544768878705006,0.026531123528496,2529.287160972986,False,body,high
-0.0112556363592354,0.0034408990455163,-0.0042281799999283,0.0012861431484572,0.0002822652625687,0.2967052560050407,0.2967052560050407,0.2967052896333604,False,0.0078461687644041,2.63696882984261e-05,7.088244908177555e-05,5.27397036235444e-05,2.6880275670913503,0.2559553978912363,0.3720246078785423,0.3720199942302213,0.8557180703572198,0.3391719186803056,-0.3907799811183224,5011.955486414079,True,body,high
-0.0119302391790476,0.0015876824019838,-0.0032006397755028,0.0009525765993798,0.0004069346846692,0.3084839280819949,0.3084839280819949,0.3084839280819949,False,0.1573889100051138,4.683511527308537e-05,5.603131147505771e-05,1.955269933802876e-05,2.8656560665299224,0.1641260209671518,0.4869137490597799,0.3489602299730682,-0.931797108056218,-0.3587861653118778,0.0550148797950744,2907.2088507270173,False,wing_R,high
-0.0123331592683311,0.0013245964929133,-0.0030639559422979,0.0013732839342587,0.0005450486711332,0.4386422344439766,0.4386422344439766,0.4386422344439766,False,0.0110356560285981,3.643812721542425e-05,4.2166781887552136e-05,8.893237316988695e-05,2.440640613720727,0.5258556543071082,0.0644158529446242,0.4097284927482675,0.7430078995101905,0.4304453105474508,-0.5124998496518444,4067.326804932079,True,wing_R,high
-0.0114791985679554,0.0044104273392941,-0.003608570440887,0.0020919729974019,0.0006750376109176,0.5328881730070689,0.5328881730070689,0.5328881730070689,False,0.045608717927165,2.168209658798132e-05,4.422472593209193e-05,1.8671662719719544e-05,2.3685478147259613,0.509729090887422,0.068071283762942,0.422199625349636,-0.8805351875647583,-0.2413623746867611,0.40792399726648,5426.665530777174,True,wing_L,high
-0.0113317931101748,0.00403879391614,-0.0038940556586888,0.0017497526465915,0.0002605899086929,0.5403279637436293,0.5403279637436293,0.5403279637436293,False,0.0115208272711257,2.497753599168816e-05,6.944486757905655e-05,5.503310211201342e-05,2.780292964132487,0.2075281582276281,0.4327975150375192,0.3596743267348526,0.8586077298639052,0.4225653719678015,-0.2902262438713367,4838.385237425535,True,wing_L,high
-0.0120155175461859,0.0010151457448701,-0.0037561581740225,0.0013568734343016,0.0002742197177549,0.4943362774093647,0.4943362774093647,0.4943362774093647,False,0.0690183319097626,2.906766347972544e-05,3.441575410549981e-05,6.766115012451826e-05,2.327712035462073,0.4913513287586191,0.0790422659965454,0.4296064052448354,0.7597650348895307,0.4998812574845621,-0.4157833813116668,6562.396596291209,True,wing_R,high
-0.012451256475529,0.002578012119298,-0.0041102177476562,0.0008713003704625,0.0008702974777918,0.19776201285943,0.19776201285943,0.19776201285943,False,0.063846668982018,9.832877700357038e-05,0.0001093162603362,7.215657770254131e-05,1.5149867665140755,0.1005109697214578,0.2394172579679758,0.6600717723105664,-0.1926558522154035,-0.9812606008838772,-0.0033698308813121,5822.3064157227645,True,body,high
-0.0111431875872671,0.002819727547978,-0.0038505049483204,0.0007451577834243,0.0003633697556279,0.2396763673642963,0.2396763337359766,0.2396764178067759,False,0.0389616863602102,2.5621610361648448e-05,5.934532572860922e-05,2.60581725448661e-05,2.3162215368570243,0.5609060658958696,0.0073563027560769,0.4317376313480536,0.9264987634955644,-0.2509802279507792,0.2803729060001428,3784.058486767826,True,body,high
-0.01142059546631,0.0036664729744002,-0.0034585781882738,0.0013905066124232,0.0005382888492985,0.4432471410145426,0.4432471704393224,0.4432471704393224,False,0.0128439387200676,3.42110019756196e-05,3.3231916869722046e-05,9.35234412069896e-05,2.814265622221744,0.6341986401045432,0.0104688738273713,0.3553324860680855,0.8534468507132213,0.3895062538568323,-0.3462850721791242,3473.6416799706326,True,wing_L,high
-0.0119806317751432,0.0010969573910515,-0.0030021665180259,0.0014705147715483,0.000540928543882,0.8849139173505294,0.8849139173505294,0.8849139173505294,False,0.0101647581680537,6.0194627704084186e-05,2.681114598876757e-05,4.978084428867308e-05,2.2451344574865426,0.1730018742969073,0.3815905036048095,0.4454076220982831,-0.877794008194305,0.0289329819438813,0.4781637394596238,2151.116474520285,False,wing_R,high
-0.0111669409970097,0.0023702720001095,-0.0041968904106956,0.0006988930131189,0.0006392105017651,0.5613395558208986,0.5613395558208986,0.5613394969713391,False,0.0282942585020425,2.8561445456972554e-05,2.5977878637708613e-05,6.285750786342852e-05,2.419655151217262,0.5456160063006563,0.0411019607216579,0.4132820329776859,0.7959608567425867,-0.6034999442866138,-0.0472666032168667,2718.5438352122787,False,body,high
-0.011954210572948,0.0015832390899631,-0.0035687946499368,0.0008127738122008,4.164380311324776e-05,0.482423574409768,0.482423574409768,0.482423574409768,False,0.12891963756957,4.684574685586572e-05,6.157070212283404e-05,2.485812465883569e-05,2.4768844378994235,0.239155227393573,0.3571117664561391,0.4037330061502878,-0.5656879378394922,-0.506966442523785,0.6503708043398633,4112.576426217411,True,body,high
-0.0118241164973277,0.002306230233429,-0.0041552033443784,0.000430063889368,0.0004300617155354,0.2356604397958095,0.23566038935333,0.23566038935333,False,0.0407486841220229,3.612134032364247e-05,1.724318802193165e-05,1.4816719647076777e-05,2.437877018937112,0.5226315560985569,0.0671754800102663,0.4101929638911766,-0.2482731746264773,0.8662169545114546,0.4336226683163497,11415.496635982316,True,body,high
-0.0119989437719828,0.0014291590390946,-0.0031026698182085,0.0011498053961738,0.0004739792167254,0.4881620411953912,0.4881620411953912,0.4881620411953912,False,0.1012256499554162,6.61217103194793e-05,5.925987058724501e-05,2.9448108631325943e-05,2.245363569772396,0.1037758959815171,0.4508619303989267,0.4453621736195562,-0.693555101358131,-0.4373060220423819,0.5724899688776917,2991.4010006858853,False,wing_R,high
-0.011732211864963,0.0026829282674628,-0.0045398511944712,0.0008687085807173,0.0007454156550132,0.1806134866198505,0.1806134866198505,0.1806134866198505,False,0.0445251703884685,8.69335030977784e-05,5.7512441016826046e-05,3.869452484021134e-05,2.246661600233352,0.3384318016940033,0.216463336988149,0.4451048613178477,-0.8093299514872307,0.5831166500561833,0.0704272820214673,3681.130445583757,True,body,high
-0.011910422049619,0.0031267001417549,-0.0033301957270092,0.0009188836532031,0.0006972442666357,0.2722150790764441,0.2722150790764441,0.2722150790764441,False,0.0040316104114356,3.336061483485384e-05,8.010790229939625e-05,8.715348251096495e-05,2.612466315216423,0.0808410634730779,0.5363788814596254,0.3827800550672966,-0.9597840349805776,-0.27948952792963,0.0264614809501214,2303.2088693731603,False,body,high
-0.0109745353017405,0.0025816673482649,-0.0037540411924732,0.0007652632871744,0.0006054203700393,0.4195665154405652,0.4195665154405652,0.4195665154405652,False,0.0727675595025857,1.923524906188408e-05,4.331585517617805e-05,1.8076083566323235e-05,2.3963075307351387,0.5559305251241425,0.0267607667180109,0.4173087081578466,-0.2019162898916404,-0.9339292523620784,-0.294967732911253,3898.721874911592,True,body,high
-0.0114116212476723,0.0035205887944524,-0.0037732985978607,0.0012207032067025,0.0002133028199245,0.322213009074003,0.3222130258881629,0.3222130258881629,False,0.0724851172655668,3.647505052290936e-05,8.27984865590378e-05,3.283335364589747e-05,2.521779756402785,0.5594720140578711,0.0439826502675897,0.3965453356745392,-0.5153220589761373,-0.7151873449612791,-0.4721760658269658,5585.446080970148,True,wing_L,high
-0.010820242362395,0.0019988144691568,-0.0031707851233411,0.0011017568492288,0.0010950695259987,0.2815162855834772,0.2815162855834772,0.2815162855834772,False,0.0379545793706545,2.2679473207256007e-05,2.880173926023562e-05,6.647033113084972e-05,2.930858689856314,0.5666978218667491,0.0921052437805322,0.3411969343527187,-0.7681314436532054,0.507696448084492,-0.390151767743828,3235.478775105747,False,body,high
-0.0117482732376803,0.0013818621803741,-0.0032666529629889,0.0010670230208739,0.0004167699909883,0.3446759027486809,0.3446758691203612,0.3446758691203612,False,0.0253661651928343,4.463773182732631e-05,1.9317054048531863e-05,4.536917809183188e-05,2.348659271638785,0.0161220964379177,0.5581030744604363,0.425774829101646,-0.8559150790843562,-0.4351744355284517,0.279343136766439,2512.1881203609664,False,wing_R,high
-0.0123679633517103,0.0009436688203585,-0.003294854969856,0.0016076900296696,0.000253277887438,0.5112718344493147,0.5112718344493147,0.5112718344493147,False,0.0444454843179897,6.679689731019631e-05,2.949195212851939e-05,2.789396728434884e-05,2.3946718166431524,0.5584832033206196,0.0239230399692026,0.4175937567101777,-0.1060797186595851,-0.8175349159588002,-0.5660245175585066,6235.51991922191,True,wing_R,high
-0.0116426944590193,0.0031741187669364,-0.0037837294236593,0.0008424171287017,0.0002454051994899,0.4019878577706123,0.4019878241422925,0.4019878577706123,False,0.0168289537930747,1.677867448464677e-05,1.7956362553900678e-05,4.045818760017e-05,2.411286281117797,0.5561748160507014,0.0291087697969188,0.4147164141523797,0.0776993987470844,-0.6622493713345693,-0.7452439691814416,2795.2094300075523,False,body,high
-0.0113947827833075,0.0030216267418954,-0.0037439884250933,0.0007513731675038,0.0001391688244667,0.1951826871090971,0.1951827207374168,0.1951826871090971,False,0.0436593039855951,9.66941635041874e-05,5.305059369038344e-05,4.277248197960902e-05,2.260662908228813,0.4513568165043793,0.1062950579259039,0.4423481255697168,-0.7945594165496793,0.5658884027074007,0.2201037238519597,3549.9537525715177,False,body,high
-0.0113814638090498,0.0043722349194479,-0.0043681154998455,0.0021544521411457,0.0004660804933253,0.3927206158664897,0.3927206158664897,0.3927206158664897,False,0.0353068911637881,4.243541484056868e-05,3.772178842452394e-05,8.858650352745543e-05,2.3484173796453134,0.5209720087054033,0.0532093064784281,0.4258186848161685,0.3023782917806981,0.0066517755731664,-0.9531647929615904,2602.547088172861,False,wing_L,high
-0.0111221386684657,0.0019796546737876,-0.0029737508007992,0.0010260834594552,0.000989761960429,0.2427928550795702,0.2427928550795702,0.2427928550795702,False,0.0277126889833535,3.814853713999536e-05,7.067987518862999e-05,2.582561698595544e-05,2.7368126471893133,0.4602630941525463,0.1743483575933403,0.3653885482541133,-0.9356541858321248,-0.1132336644915902,0.3342594527618173,2525.5323598559576,False,body,high
-0.0115470731651171,0.0023785355527169,-0.0030845324896754,0.0006788877878652,0.0006785979032449,0.2444685206225662,0.2444685206225662,0.2444685206225662,False,0.0556476613602788,0.0001583860103198,6.121793822079732e-05,7.91932693446889e-05,2.5872483609063104,0.4999983320194912,0.1134906491273743,0.3865110188531344,-0.7996719070478063,0.6004248617785886,-0.0038505112241862,3306.523411198843,True,body,high
-0.0118542557428732,0.0023228230620441,-0.004078565549944,0.0003684141249587,0.0003683676136204,0.1908747648405395,0.1908747648405395,0.1908747648405395,False,0.0231163781290415,7.176567654499223e-05,6.648719528844911e-05,2.731211623841713e-05,2.6276131779216314,0.0735516128414656,0.545874865758032,0.3805735214005024,0.662016683098881,0.7444636453777305,0.0866475158885529,9565.18506378218,True,body,high
-0.01266447915204,0.0003287550658396,-0.0030929839427481,0.0023195797812955,0.000367772315473,0.3205663311425999,0.3205663311425999,0.3205663311425999,False,0.0213058975078023,2.9330783746564364e-05,8.120058097204919e-05,3.6024155711834214e-05,2.768442250765309,0.5563559363665831,0.0824300994542617,0.3612139641791551,-0.730569459311726,-0.6286779353428369,0.2665188900135217,7812.481982756743,True,wing_R,high
-0.0122877416480097,0.001495168643415,-0.0035680629765412,0.0010404868419305,0.0002778096730615,0.4446851342044247,0.4446851342044247,0.4446851342044247,False,0.0288428246991956,5.137222696138959e-05,5.947847574185551e-05,2.2446631123606835e-05,2.649772939837852,0.1362887780723924,0.4863203953531642,0.3773908265744434,-0.7739503168440383,-0.4407297428324001,0.4547067195895604,3963.760321999952,True,wing_R,high
-0.0123084148722903,0.0017613852237443,-0.0039782200049244,0.0008687028033735,0.0005234804117834,0.4965898395840457,0.4965898395840457,0.4965898395840457,False,0.0425914190130244,2.9827900288093283e-05,2.310705455469653e-05,6.82857951410762e-05,2.955192535657776,0.5631902619502369,0.0984223105187792,0.3383874275309838,-0.1218644829700793,-0.4469398941241691,-0.8862244517224248,2573.932776300466,False,wing_R,high
-0.0124791642262629,0.0010613758520807,-0.0031533849687544,0.0016061248718764,0.0004624980687375,0.4182344976967198,0.4182344976967198,0.418234590174599,False,0.0150558959584875,6.782757524822266e-05,6.0141607858853535e-05,2.5410756336232826e-05,2.669246611581896,0.113316263499638,0.5120461905872242,0.3746375459131377,-0.7015939216026779,-0.5036363391144179,0.5040996003704057,8549.83487322322,True,wing_R,high
-0.0111081064617071,0.0024283047653542,-0.0028326550725001,0.0010907012104203,0.0010831927968981,0.3429766301252461,0.3429766301252461,0.3429766301252461,False,0.0636123958129202,2.4460112004657176e-05,2.3007202700884145e-05,5.7618395402372746e-05,2.504363357487111,0.5754808540945606,0.025216066737485,0.3993030791679544,-0.2763615023678737,-0.9569034700242548,-0.0892192191431423,2657.715640146456,False,body,high
-0.0119659427535885,0.0017354906594543,-0.0040611998586578,0.0007282135278666,0.0004246226630247,0.1802336547486883,0.1802336547486883,0.1802336547486883,False,0.0161604826614084,3.6827658260734303e-05,5.689240358880932e-05,0.0001081029295555,2.935373430214883,0.4737200571465385,0.1856077851965751,0.3406721576568864,0.486655909075069,0.7956832287940192,0.3606303170536868,3184.0917620889945,False,body,high
-0.0118760626194381,0.0021477064037916,-0.0040890164687866,0.0004299049058778,0.0003930607948021,0.1897460302893612,0.1897460302893612,0.1897460302893612,False,0.100415280072989,0.0001036105458679,4.279708603696491e-05,0.0001046058237975,2.444227714643074,0.0095145556285904,0.5813582611678478,0.4091271832035617,0.3879483556414645,-0.6018815751916669,-0.6980219500845817,5305.120009479981,True,body,high
-0.0120340792258971,0.0009975479591588,-0.0036844710742544,0.0013796612845859,0.0002118965531388,0.3457588691567292,0.3457588019000898,0.3457588019000898,False,0.1354261851898356,8.98255792865773e-05,3.992278283684754e-05,6.210120523115312e-05,2.249982914609624,0.3086467604842605,0.2469054201537414,0.444447819361998,-0.674446893423104,-0.5061268586022802,0.5375471988144962,7518.439522343336,True,wing_R,high
-0.0125949072500085,0.0014191970901756,-0.0030583249343164,0.0014533168489815,0.0007260899156151,0.3884294657223891,0.3884294657223891,0.3884294657223891,False,0.0057886816421716,7.245287761782107e-05,5.860651655449428e-05,2.524585105658131e-05,2.869892460960765,0.1911085041558243,0.4604463838397954,0.3484451120043801,-0.7401685648863014,-0.4359730386789618,0.5119355477979484,3245.919394668787,False,wing_R,high
-0.0122438044073939,0.0021132516723825,-0.0038295242550122,0.0005943387088934,0.0004653664286217,0.4605432745599639,0.4605432745599639,0.4605432745599639,False,0.0311968941393905,2.809237385931763e-05,2.4989997186351373e-05,6.307638975400695e-05,2.5240655004337884,0.5546293316901028,0.0491844362853563,0.3961862320245409,-0.0683936471708607,0.0795226703358089,0.9944840139134112,3023.022017546188,False,body,high
-0.0115405811466588,0.00291465951212,-0.004142658019677,0.0007210546141626,0.0002951535211813,0.2127332062825299,0.2127332062825299,0.2127332735391693,False,0.0625810292119708,4.751734324043582e-05,2.230113193188217e-05,3.415727630413148e-05,2.1307144133120897,0.2811619090045281,0.249511937404785,0.4693261535906868,-0.8722486490191765,-0.4833841767848583,-0.0743103755759981,3173.955484955084,True,body,high
-0.0123872815161488,0.0005774376468296,-0.0033097148069326,0.0019366414082049,0.0001322331490397,0.278622837698702,0.278622837698702,0.278622837698702,False,0.0633154491553938,3.6055982782026325e-05,4.080705429091817e-05,8.512434485492254e-05,2.3608937626117483,0.5206182865728288,0.0558133107160953,0.4235684027110758,0.5826315426002096,0.7092956801552994,0.3967872524166209,7131.843758919807,True,wing_R,high
-0.0121210525561745,0.0026960816351037,-0.0032709096848334,0.0007305510100859,0.0007207607491394,0.221135931343462,0.221135931343462,0.221135931343462,False,0.05410864152565,2.2406913920763285e-05,3.0856644162556504e-05,4.2715412661448734e-05,1.906349656739952,0.2776227071217068,0.1978145525308063,0.5245627403474868,-0.1147624873690016,0.9069665091889828,0.4052669770687343,4318.382331636306,True,body,high
-0.0121035945156965,0.0009339770273053,-0.0035294074849007,0.0014736680237733,8.767848808616438e-05,0.4574575147218281,0.4574574558722686,0.4574575147218281,False,0.0228261933048378,3.751163853130461e-05,8.557201284222114e-05,2.8772446366462108e-05,2.974095832948221,0.5616365995682597,0.1021267570386119,0.3362366433931283,-0.7450501777275911,-0.5038773353754786,0.43704446405714,6145.337148671319,True,wing_R,high
-0.0115064813746232,0.0045202451653601,-0.0035063563592914,0.002207131299374,0.0008020962536699,0.4956236186168646,0.4956236186168646,0.4956236186168646,False,0.018455742332835,3.5430765107246064e-05,1.8672944845070307e-05,5.280271245133906e-05,2.8277656732477885,0.3289972529366235,0.3173666556925293,0.3536360913708471,0.8072022650225519,0.4620770301726107,-0.3673000429203921,4443.981779287614,True,wing_L,high
-0.0126614434288958,0.0006961242502869,-0.0030618646009859,0.0020192617738949,0.0005141441523943,0.4007200953386591,0.4007200617103394,0.4007200617103394,False,0.0559613301305494,3.2307153670466225e-05,1.8751446382180856e-05,4.869510180009184e-05,2.5968717723218337,0.3365420242245948,0.2783792781445587,0.3850786976308465,-0.7323009007268905,-0.4048219456030932,0.5475897946024115,6239.092076400583,True,wing_R,high
-0.0114718575963707,0.0039172775795341,-0.0036626878007769,0.0016010906306147,0.000462721386876,0.4228408376744136,0.4228408628956534,0.4228408628956534,False,0.0470587666839275,4.976836000494354e-05,5.8793043331946285e-05,2.627419826010718e-05,2.237672211723139,0.153499169553943,0.3996078517689247,0.4468929786771322,-0.891203074072178,-0.2236187583022668,0.394653939166521,5027.790251634581,True,wing_L,high
-0.0112608634169147,0.002599558539026,-0.0033055071399366,0.0006745097294221,0.0005958009164327,0.0920919455941213,0.092091979222441,0.092091979222441,False,0.1162131164316725,0.0001287459172657,0.0001568196532871,0.0001375357287172,1.2180553497743387,0.1229687999282164,0.0560504456378708,0.8209807544339127,-0.5188812018821536,-0.2283108979752145,-0.8237939258085625,3419.4336437308298,True,body,high
-0.0111404650165644,0.0027452251804039,-0.0037675243890786,0.000693454984413,0.0003974287834328,0.155145280454871,0.1551453140831907,0.155145280454871,False,0.0216257118453725,0.0001308257613302,0.000122409432496,4.560025008932961e-05,2.8689702594607622,0.0643323512786626,0.5871105325566144,0.3485571161647229,0.1450447024298816,0.6276759382967024,0.7648430889930178,4625.430304114212,True,body,high
-0.0113761075955142,0.0026284007674002,-0.003283385638991,0.0006351169040546,0.0005588901184641,0.1024988680674888,0.1024988680674888,0.102498834439169,False,0.0265575386719228,7.912759020464262e-05,0.0001036895257173,0.0001883497513418,2.380329678368161,0.4494841380005784,0.1304059885277973,0.4201098734716242,-0.657102519812474,-0.1365301136273963,-0.7413338023650258,3275.631685194074,True,body,high
-0.0111297857669834,0.002132067371874,-0.0038732860378046,0.0006173772898858,0.0006170831165296,0.1436232092714894,0.1436231756431698,0.1436232092714894,False,0.1137882316320774,0.0001439456765604,0.0001375988332142,6.133498907773884e-05,2.346877022802799,0.0440919345258206,0.5298098974475767,0.4260981680266026,-0.1000123818455199,0.6520693937405289,0.7515337844863963,5034.2415016848745,True,body,high
-0.0117101618170907,0.0027416522524424,-0.0035610946399138,0.0004468523450485,0.0002848058073592,0.1352368107597782,0.1352368107597782,0.1352368107597782,False,0.0153438579608721,0.0001291256874853,0.0001692517961583,7.698562248178259e-05,2.1984857782816203,0.2370793668593692,0.3080621073867731,0.4548585257538576,0.3350635917549339,-0.8003140933300127,-0.4972220243489245,5536.893100536931,True,body,high
-0.012074263220377,0.0009145452013959,-0.0036741701440627,0.0014704445634905,0.0002101280785127,0.4419775332285452,0.4419775332285452,0.441977444954206,False,0.1238377715770237,2.725983818565764e-05,6.401576833325924e-05,2.8504709991490137e-05,2.3483546709730723,0.5547236136712808,0.0194463307751275,0.4258300555535917,0.1690034440543363,0.4073545175721732,0.8974965921446805,6676.759512525702,True,wing_R,high
-0.0124660167475617,0.0011173034074158,-0.0032366108380394,0.0015259419133221,0.0004169919279681,0.5241441120939665,0.524144170943526,0.5241441120939665,False,0.0423856124221719,2.136293139700566e-05,2.55160020488101e-05,6.166019521806795e-05,2.8863171477820018,0.5861835669094138,0.0673541599587328,0.3464622731318534,0.6907597853359342,0.5350876113600379,-0.4863457279874711,9295.617111665526,True,wing_R,high
-0.0122744000894004,0.0029044797746651,-0.0040909787510645,0.0008810038163388,0.0007849409299989,0.1915246657473195,0.1915246657473195,0.1915246657473195,False,0.0229642174948337,0.0001071126778484,0.0001789761956807,7.94873023933304e-05,2.25163252861627,0.4015255635473649,0.1543522329887576,0.4441222034638774,0.4185424780160252,-0.8560796660471307,-0.3032322533584428,4351.737198618255,True,body,high
-0.0121919783679153,0.0023850583195292,-0.0038389672465911,0.0005047143019257,0.0004950412939284,0.2284106112337698,0.2284106112337698,0.2284105439771304,False,0.0084410759359525,0.0001054285699405,0.0001965700830444,6.711303407021725e-05,2.928940492226952,0.4636591270267066,0.1949204847291903,0.341420388244103,0.4735541107209745,-0.8349768226845368,-0.280285942920623,4303.420971303038,True,body,high
-0.0117529541406293,0.0024472546348552,-0.0038887742285608,0.0001907658649561,0.0001549571041113,0.0907557243103117,0.0907557243103117,0.0907557243103117,False,0.1425098345233649,9.621363169831128e-05,0.0001725571552141,5.9370629584133846e-05,2.906439706347022,0.4424245602629011,0.213511877084751,0.3440635626523478,0.1043617064047152,0.4782290254614516,0.8720124044086106,12839.897450160915,True,body,high
-0.0111949340549605,0.0027320686709747,-0.0037348559451124,0.000641856174666,0.0003579513259801,0.1046464734493418,0.1046464398210221,0.1046464398210221,False,0.0543279474258441,0.0001296669275836,0.000182013762552,7.304808760628623e-05,2.491697846123325,0.2875982246307362,0.3110690048024646,0.4013327705667991,0.3532732904514836,-0.8734901097763412,-0.3349821045615675,4720.512957865106,True,body,high
-0.0122386600980169,0.0012031632715848,-0.0033895411627067,0.0013029200893452,0.0001955993212719,0.3429466000357421,0.3429466000357421,0.3429466168499019,False,0.0643303138742977,4.9385580732687154e-05,3.769568012146478e-05,1.7525505695009057e-05,2.817926146733173,0.2367067560569375,0.4084223396224145,0.3548709043206479,-0.8187541072772597,-0.463223747634852,0.339213017798168,5766.364307531205,True,wing_R,high
-0.0125143529049717,0.0008719892097416,-0.0032410186663564,0.0017486869859116,0.0003605446647025,0.2188419755142165,0.2188419755142165,0.2188419755142165,False,0.0380962293653518,2.864330472999253e-05,3.1208405638605025e-05,7.031346779925418e-05,2.4547959274276283,0.5561532290271132,0.0364809330118077,0.407365837961079,0.7682709512012444,0.4884186731491399,0.4137716100212396,5657.906052305949,True,wing_R,high
-0.0123067883262532,0.0010493230437708,-0.0036849358958764,0.0014230025085339,0.0002309220027336,0.1801034458947582,0.1801033786381188,0.1801033786381188,False,0.0108754831772456,2.442332971301952e-05,2.6285075261098314e-05,6.863476307426596e-05,2.810213180624521,0.6170297079242969,0.0271254021240562,0.3558448899516468,0.7811380952836509,0.5532776804612574,0.2893217662051037,5160.535066673243,True,wing_R,high
-0.0113000041258791,0.0027926623067936,-0.0036740198768803,0.0006114908990096,0.0002779913725905,0.1078000363870996,0.1078000363870996,0.1078000363870996,False,0.102475644929306,0.0001292093908504,0.0001182751163673,4.466302548673965e-05,2.892983389332036,0.0846244565591102,0.5697116161305807,0.3456639273103089,0.0280079552442079,0.8284446606701433,0.5593701803369299,4118.044429392508,True,body,high
-0.0119234311440391,0.0024972465530472,-0.0044544737592348,0.0007619927001076,0.0007361835600034,0.4658910054917579,0.4658910054917579,0.4658910054917579,False,0.0480915976344504,7.260352608473095e-05,2.949476483436609e-05,2.586423983759824e-05,2.8071007128223777,0.5937557523040323,0.050004802694168,0.3562394450017996,0.677897664372979,0.4384100528610067,-0.5901282760451911,4925.325136753599,True,body,high
-0.0104539807463779,0.0023001344282006,-0.0034246871406825,0.0012856950690897,0.0012449304275261,0.1773957608480795,0.1773957608480795,0.1773957608480795,False,0.0133548527209354,2.709951997532469e-05,1.161365026052558e-05,1.1398203527586128e-05,2.377525538102384,0.5714444288644108,0.0079502047687792,0.4206053663668099,-0.2389460761655846,0.9698954045326548,0.0469859229079159,3886.3262018737887,True,body,high
-0.0117360102104952,0.0028782007147455,-0.0042161726464402,0.0007205755370903,0.0004376958097451,0.1383596037849984,0.1383596037849984,0.1383596037849984,False,0.0701237022539738,0.000104311846233,0.000187110932803,8.29493638244852e-05,2.255724747919657,0.4425133546697026,0.1141701454238923,0.443316499906405,0.4180751484087654,-0.8457906639341781,-0.3314382643642264,3310.42871991786,True,body,high
-0.0104738545047147,0.0023715483078259,-0.0033198380730716,0.0012970150253604,0.0012450077317808,0.2624619079524638,0.2624619079524638,0.2624619079524638,False,0.0251306023150557,3.686571459413653e-05,2.8013558414488364e-05,7.066679971539143e-05,2.522592762754595,0.4783163417246547,0.1252661251860842,0.396417533089261,-0.9985855237610703,-0.03891772073328,0.0362265475550115,4669.235046553369,True,body,high
-0.0110005913192962,0.0025275663874583,-0.0036713898305021,0.0007280462561218,0.0006113052046087,0.1258400157539601,0.1258399821256404,0.1258399821256404,False,0.0604258101855721,0.0001086838270121,0.0001220525581004,4.268829070532437e-05,2.859157770990479,0.1095325759356175,0.5407140770661242,0.3497533469982584,0.0589020557765231,0.4178102887043674,0.9066229152619476,4123.079613173544,True,body,high
-0.0119129946341456,0.0024984313159593,-0.0043766172778877,0.0006870185139701,0.0006607567188564,0.1847208832179575,0.1847208832179575,0.1847208832179575,False,0.0470523093184567,2.903056863765677e-05,2.8582154081692265e-05,6.500712902276282e-05,2.274395723882892,0.553424846258147,0.0068979289303407,0.4396772248115121,0.74165144321067,0.5392198884080698,0.3989925421968676,6683.001537098351,True,body,high
-0.0115393848060583,0.0031741303450766,-0.0028169294439348,0.0012614911023256,0.0010637818278918,0.2860591857360318,0.2860591857360318,0.2860591857360318,False,0.0933432263409534,1.6123818195862473e-05,3.825885886886322e-05,3.178856823762586e-05,2.372816314604739,0.1691187563490864,0.4094411204332093,0.4214401232177042,0.7884066716054359,0.6145116731772202,0.0281126963660834,1652.1863195266594,False,body,high
-0.011940041110387,0.0026704506335406,-0.0032587937577079,0.0006382191788066,0.0006197402467877,0.2990071313035786,0.2990071817460582,0.2990071817460582,False,0.0247022268397603,5.172169705158529e-05,1.869885550342982e-05,4.636002305618948e-05,2.7660354422279103,0.1036639225129886,0.5348078104469667,0.3615282670400447,-0.9156208157158972,-0.4001751044273427,-0.0387092705216716,4035.927539079008,True,body,high
-0.0119897308751725,0.002574175104859,-0.0039010595086654,0.000408126689128,0.0003779431951725,0.0967744873442855,0.0967745209726053,0.0967745209726053,False,0.0690785160184036,8.495192910509946e-05,0.0001198607333671,9.004188479315496e-05,1.4109242089000598,0.2487791267107727,0.0424655810545094,0.7087552922347179,-0.4177161877541238,0.1625101439902287,-0.8939259698590463,7107.173186796336,True,body,high
-0.01238106848579,0.0029220068632214,-0.0039693254663708,0.0009280199387078,0.0008548565269796,0.1079939709068865,0.1079939709068865,0.1079939709068865,False,0.1791798452985939,4.825997119427455e-05,4.150560428932286e-05,2.136987981490519e-05,2.258317389347876,0.1399579555852078,0.4172344901193502,0.4428075542954419,-0.0684602016457758,-0.8319058076354122,-0.550677698852144,3514.4716032825445,True,body,high
-0.0113268574250175,0.0023779202131952,-0.0036992471145536,0.0003771478728362,0.0003441461144027,0.0925720571146686,0.0925719898580292,0.0925719898580292,False,0.1021097137646943,7.506467901160409e-05,7.816501425152832e-05,3.064733543919377e-05,2.55046688827525,0.0396639758798945,0.5682509495805772,0.3920850745395282,0.0911434203295152,0.4902623193273693,0.8667962477874405,9264.593439181212,True,body,high
-0.0110371783172755,0.0022570786393368,-0.0034179618392079,0.0007419173752394,0.0007365006398868,0.1150797941536843,0.1150797941536843,0.1150797941536843,False,0.2214117369746763,0.0001027044841183,0.0001120972547972,4.2839309025722784e-05,2.6166914767450944,0.0837912640761691,0.534046754319526,0.3821619816043048,0.1351050232561753,0.5297901904854067,0.8372986245996018,9446.146552384733,True,body,high
-0.0114514960185685,0.0022863237545604,-0.0038327821984227,0.0002667879640385,0.0002619294266571,0.1092762523658758,0.1092762523658758,0.1092762523658758,False,0.173173882454616,8.761173815763059e-05,8.2494093162058e-05,3.4110368087613765e-05,2.5684782390092225,0.0584127778216766,0.552251628513436,0.3893355936648873,0.2309636795869588,0.3526844624422592,0.9067907413860528,13951.975784689264,True,body,high
-0.012314024584887,0.002364154670165,-0.0041991620957444,0.0007654632823336,0.0007592353713379,0.1433958482019076,0.1433958482019076,0.1433958818302273,False,0.0690603805779321,3.577123073511325e-05,9.331345434033256e-05,5.059198322785575e-05,2.6086173839340545,0.457827559964324,0.1588276052742436,0.3833448347614323,-0.6830197776793459,0.7264556827418384,0.0758031945959158,5431.345208049795,True,body,high
-0.0119663988485727,0.0012023424492005,-0.003779818508211,0.0011638687597728,0.0002587710177666,0.8948202486566441,0.8948202486566441,0.8948202486566441,False,0.1485694731933013,3.5680193889292226e-05,1.5019680384980049e-05,2.924087989734452e-05,2.3755627932651,0.1804730661477758,0.3985740536189271,0.420952880233297,-0.8521552365802184,-0.1831886521639814,0.4901768767366082,5674.914194186271,True,wing_R,high
-0.0124864262899171,0.000166579068617,-0.0034175601107368,0.0023296607983192,6.764990000037912e-05,0.8800320605494241,0.8800320605494241,0.8800320605494241,False,0.0148469499563656,4.9242376083021225e-05,2.234878058409123e-05,3.0330867770188168e-05,2.2033585187226703,0.3840494674941924,0.1620979290812321,0.4538526034245754,-0.889182743383181,-0.0746063821715772,0.4514287724645259,4610.842848279237,True,wing_R,high
-0.0122685515740423,0.0011318330187911,-0.003618876421698,0.0013367508371884,0.0001696787189687,0.8749768497601966,0.8749768497601966,0.8749768497601966,False,0.0133792088373548,5.1903633351146825e-05,2.745551470179621e-05,6.48230770589041e-05,2.3610221029534446,0.1993031539681077,0.37715146763451,0.4235453783973822,-0.7425535849929612,-0.188097594786686,0.6428323795901735,5907.9367250414925,True,wing_R,high
-0.012826481350571,0.0008934918938059,-0.004170335291122,0.0018786572489863,0.0009204189553739,0.8822104358438148,0.8822104358438148,0.8822104358438148,False,0.0059772637245911,3.06708434221102e-05,1.2766697268285896e-05,3.666890062469746e-05,2.872230762124178,0.1635734123577028,0.4882651469994001,0.348161440642897,-0.71361490342738,-0.1576339809340809,0.6825725585322082,1268.4756101438056,False,wing_R,high
-0.01152929919305,0.000167693160289,-0.0028659048499211,0.0023443700437632,0.0010275554573318,0.9120237235706352,0.9120237235706352,0.9120237235706352,False,0.0078945646739384,4.840558116863653e-05,1.7323541043871323e-05,2.1505180550188927e-05,2.7942082421862207,0.5557293181695586,0.0863875488189989,0.3578831330114425,-0.9536189249242653,0.0361022266269199,0.2988437304995157,957.2487562559372,False,wing_R,high
