x,y,z,dist_to_centroid,dist_to_principal_axis,R,G,B,color_oob,opacity,scale_phys_0,scale_phys_1,scale_phys_2,scale_ratio,linearity,planarity,sphericity,orientation_x,orientation_y,orientation_z,local_density,if_keep,part_label,confidence
-0.0155981116259655,0.0016323608842104,-0.002357106278745,0.0020877646647661,0.0008821823173691,0.8886826431408033,0.8886826431408033,0.8886826431408033,False,0.9925048364302316,3.457695542113659e-05,3.1584050684369585e-05,8.403021832087705e-05,2.6605269590218263,0.58851760578437,0.0356170053651214,0.3758653888505086,-0.1665588437673893,0.5298321010814593,0.8315864935329799,5963.547029450061,True,wing_R,high
-0.0139079797358993,0.0039996207336789,-0.0030581877184672,0.001114174719883,0.0004014940879895,0.4054122884165811,0.4054122884165811,0.4054122884165811,False,0.1134721709601216,5.6300577280885576e-05,5.07070412553876e-05,2.271683531110509e-05,2.478363579691188,0.0993513085592645,0.4971566420116507,0.4034920494290848,0.7664996042281382,-0.5705717242730193,0.2948326036553983,14780.52651333857,True,wing_L,high
-0.0147556584228677,0.0018006861740816,-0.0023271209582792,0.0014172959066724,0.0002047138494165,0.212304546091144,0.212304546091144,0.212304546091144,False,0.614478135075005,0.0001212975568213,0.0001148306098477,4.327101658825942e-05,2.803205618567868,0.053314733974098,0.5899508212259194,0.3567344447999825,-0.1163993384740653,-0.5527153901401747,-0.8252011218515123,5216.249110923483,True,wing_R,high
-0.0136876339435656,0.0043321362907398,-0.002589224681277,0.0014042130141441,0.0003891939429697,0.3780522118340887,0.3780522118340887,0.3780522118340887,False,0.1849545808847753,3.096217354355166e-05,5.540805730543474e-05,8.47631277857912e-05,2.7376349294910662,0.3463188682057723,0.2884023324818947,0.365278799312333,-0.4547797749227338,0.602494980593141,-0.6558773930250215,6550.498739136746,True,wing_L,high
-0.0125985078973598,0.0027742185332002,-0.0019992894530403,0.0015765240377785,0.0015483670763923,0.2398526133879139,0.2398526133879139,0.2398526133879139,False,0.1734986547458852,3.447245052728984e-05,8.143742413672613e-05,8.810499840342587e-05,2.55580897371013,0.075677593638552,0.5330568578457645,0.3912655485156834,0.9382175568201864,-0.3089174607784098,0.1559417150751517,4531.913398398893,True,body,high
-0.0138978649046568,0.004589884220835,-0.0026352488582349,0.00162513902713,0.0006194383377998,0.2680917762831127,0.2680917762831127,0.2680917762831127,False,0.3841098209349377,0.0001182695894954,4.886970064303964e-05,4.8671748450054905e-05,2.4299433092444085,0.5867940283590419,0.00167373704288,0.411532234598078,-0.5052429048298281,0.4198313449638269,0.7539703236235371,9416.387510747712,True,wing_L,high
-0.0141377803868154,0.004891328060684,-0.0026194352409569,0.0019255492165388,0.0009542441660267,0.5371186114234671,0.5371186114234671,0.5371186114234671,False,0.276743438594893,4.196191147867178e-05,4.39220990142307e-05,0.0001019308427897,2.4291277303117127,0.569099030164623,0.0192305634085905,0.4116704064267864,-0.7629029077567802,0.6354538742409992,-0.1190694211305069,8548.580287457506,True,wing_L,high
-0.0140780873888362,0.0041888091890978,-0.003140313834971,0.001315744410941,0.0006330302540694,0.3953311486975165,0.3953311486975165,0.3953311486975165,False,0.7862479971593034,2.920543006006562e-05,7.779310745210492e-05,7.943228701185152e-05,2.719778029239301,0.0206361873919359,0.6116867488001432,0.3676770638079209,-0.7353660158034008,0.5958038940874302,-0.3228847202821577,4154.4233994636015,False,wing_L,high
-0.0139579993001435,0.0027948641879962,-0.0017342439157107,0.0009335185338304,0.0008893075617258,0.2879072132317185,0.2879072132317185,0.2879072132317185,False,0.4152471110465252,8.766213514492039e-05,3.557856329778821e-05,3.182645540800696e-05,2.754379462655028,0.5941398958744182,0.0428019222162269,0.3630581819093548,-0.9073354856346164,0.3477009390435895,-0.236318373167218,1791.220132250471,False,body,high
-0.0146947389695149,0.0032402880127286,-0.0029125742087747,0.0007719610336567,0.0007718608452701,0.262388917684526,0.262388917684526,0.262388917684526,False,0.3812932796513054,4.722063750659976e-05,0.0001389300740015,9.806179150805232e-05,2.942147360507628,0.2941644045552554,0.3659477932826314,0.3398878021621132,0.464535957126412,-0.7643281130916505,-0.4472235236147642,3340.101748113,True,body,high
-0.0144299130339516,0.0017945899810084,-0.002150925453599,0.0013399115819672,0.0003061177457924,0.3190068682583734,0.3190068682583734,0.3190068682583734,False,0.1640972458260659,8.315664455487063e-05,7.84410896940951e-05,3.430872611185372e-05,2.423775347524194,0.0567068919870135,0.5307136166746217,0.4125794913383647,-0.1049230580247012,-0.663665609164876,-0.7406342627144376,4450.881861537647,True,wing_R,high
-0.0139628271041782,0.002410424380485,-0.0028897891629162,0.0006115381803682,0.000427226011708,0.2313826821300348,0.2313826821300348,0.2313826821300348,False,0.1680377004097785,3.538241169584726e-05,9.967231879186624e-05,4.148213830781627e-05,2.817001838333268,0.5838148564152656,0.0611977998094569,0.3549873437752773,0.3745368833734963,0.3559574351015436,0.8561637853756711,3950.577742548308,True,wing_R,high
-0.0128630513607392,0.0027144355166482,-0.0020085080867044,0.0013481561287806,0.0013412204010572,0.2541693324527528,0.2541693324527528,0.2541693324527528,False,0.36340340681464,3.806233827629797e-05,5.370276723079405e-05,9.94029650334584e-05,2.611583248298705,0.4597468273434495,0.1573436863702366,0.3829094862863138,-0.4736227790903735,0.6052007705253553,-0.6398542728483007,4965.941903909728,True,body,high
-0.0130980095594759,0.0033782548209349,-0.0012716391293282,0.0017080192935101,0.0016290933595395,0.3103509892066393,0.3103509892066393,0.3103509892066393,False,0.3713501520705001,6.407605324277511e-05,2.626467831454297e-05,2.488587680826414e-05,2.574795886697335,0.5901014968098953,0.0215182027684312,0.3883803004216734,0.0667475888246182,-0.9977062571532402,0.0112687099249383,1307.2907648797202,False,body,high
-0.0148046010913242,0.0033934412053918,-0.003098646905791,0.0009974899024276,0.0009881475754778,0.2587683918992287,0.2587683918992287,0.2587683918992287,False,0.1743296685326028,7.820154933089362e-05,2.8546903898756043e-05,3.294997951586124e-05,2.739405632507185,0.578653111123921,0.0563041992745501,0.3650426896015288,0.5408345374592214,-0.4599089956206448,-0.7042596955942317,2632.000221138008,False,body,high
-0.0142865130644331,0.0019533846574034,-0.0023329398973404,0.0010966630812941,0.0002266213184057,0.2546325457426442,0.2546325457426442,0.2546325457426442,False,0.210323235490701,0.0001373752772892,0.0001281621898945,5.083947302910423e-05,2.7021381045912856,0.0670651049921846,0.5628575853762797,0.3700773096315356,0.1747670031658706,0.6309570669611874,0.7558767586426747,5137.331021836133,True,wing_R,high
-0.0126733331667276,0.0026650631263655,-0.0022351609653412,0.0014428174037265,0.0014278051786065,0.2415180222933973,0.2415180222933973,0.2415180222933973,False,0.4853834146657688,6.435359261473015e-05,0.0001655326312626,6.395316146856778e-05,2.588341646628679,0.6112331923690882,0.0024190465837939,0.3863477610471177,-0.8827449480085829,-0.2868955687899822,-0.3720917754721222,3621.122626706053,True,body,high
-0.0153248090727856,0.0017853586013919,-0.0024888014603856,0.0017681597475162,0.0007053895123087,0.6071929929801667,0.6071929929801667,0.6071929929801667,False,0.9444043617659102,9.69088468538216e-05,3.625642172534488e-05,9.117523744748602e-05,2.672873996996729,0.0591649740191855,0.566705904621704,0.3741291213591105,0.1351238079641021,0.618791467028722,0.7738466752876324,6281.927975318246,True,wing_R,high
-0.0139195280742344,0.0040356139313704,-0.0030345755082149,0.0011382362106641,0.0004070525958589,0.4157272290284527,0.4157272290284527,0.4157272290284527,False,0.1181734502023227,0.000110530612119,0.0001162202683512,4.1335155331246194e-05,2.811656746417166,0.0489558001624779,0.5953820084002925,0.3556621914372295,0.7554248422356481,-0.5542779664525513,0.3494413307530615,20078.689520390428,True,wing_L,high
-0.0154928065692527,0.0015429085920336,-0.0021450369656381,0.0021104135232254,0.0007697549360331,0.3578997854936355,0.3578997854936355,0.3578997854936355,False,0.0505433609335497,3.833786060334392e-05,7.723675781350329e-05,9.110353068710164e-05,2.3763331926548705,0.1522089513876721,0.4269746399155378,0.4208164086967901,0.1485683169178513,0.52482542335054,0.8381442180276157,30615.23697370039,True,wing_R,high
-0.0139390399745638,0.0024051057260561,-0.0028713979719547,0.0006122078531185,0.0004300714064204,0.175307812105398,0.175307812105398,0.175307812105398,False,0.6164818533320539,4.292670464978191e-05,4.027878540377524e-05,0.000112779554768,2.799974071649038,0.6193751186724047,0.0234787169664901,0.3571461643611051,0.5094996771853632,0.403420978845826,0.7600405204823532,3979.2185237484855,True,wing_R,high
-0.01321095346442,0.0032969046822109,-0.0015633558846018,0.0013939303430588,0.0013216892032073,0.3726753966092827,0.3726753966092827,0.3726753966092827,False,0.552703337893628,7.134381855085093e-05,2.575922817854886e-05,3.0008565949365908e-05,2.7696411575818445,0.5793809953138822,0.0595614007930945,0.3610576038930232,-0.3731794540843522,-0.8315281646696218,-0.4114583896464809,1839.665817710544,False,body,high
-0.014508449447963,0.005213730895141,-0.002782007021518,0.0023002667410057,0.0013833819106375,0.4346957829840177,0.4346957829840177,0.4346957829840177,False,0.1978217335489773,3.656155968147539e-05,3.4279225947372325e-05,8.138982954002489e-05,2.374319352046624,0.55078466329143,0.0280420016481382,0.4211733350604317,-0.6827205391573316,0.6616430935296125,-0.3100340016793105,3412.081440602284,True,wing_L,high
-0.0125990991144116,0.0028725275501294,-0.001970302018184,0.001579089100685,0.0015327418664558,0.216077374536423,0.216077374536423,0.216077374536423,False,0.1512844145144949,3.3887519287567065e-05,4.571764401541752e-05,8.15627938284473e-05,2.406868237722309,0.4394791807698939,0.1450431523070801,0.4154776669230259,0.8700837529389543,-0.4927607392901861,-0.0118792544317272,4030.098650789012,True,body,high
-0.0144252764553579,0.0049807119528753,-0.0028952326159847,0.0020660311558025,0.001200385954353,0.403223757369637,0.403223757369637,0.403223757369637,False,0.5028797428209993,0.0001142787453812,4.57760177063915e-05,0.0001214928053572,2.654071093219664,0.0593784953339837,0.5638418462180218,0.3767796584479944,0.646018063117549,-0.6291792357116117,0.4321968897102375,4860.245240770384,True,wing_L,high
-0.0139676263882179,0.0047204863236523,-0.0025615584640625,0.0017539831390942,0.0007639338827073,0.5328215952393464,0.5328215952393464,0.5328215952393464,False,0.1014551552758118,3.255827508894154e-05,3.148198562644121e-05,8.185055784552101e-05,2.599917261151916,0.6022229298621307,0.0131494456584113,0.384627624479458,0.4089454128734578,-0.1659199062885703,-0.8973484462498106,8662.111996723113,True,wing_L,high
-0.0128394735987953,0.0031266406354349,-0.0017462972649629,0.0014956644074764,0.0014191403218383,0.1951223915318511,0.1951223915318511,0.1951223915318511,False,0.35874491523963,1.8757062413672084e-05,4.4438991204097455e-05,3.467162455103107e-05,2.369187147967569,0.219792717800619,0.3581215888602709,0.4220856933391099,-0.318351950434361,-0.9363759452981716,-0.1478246417942343,2205.402471063388,False,body,high
-0.0142058718578519,0.0044040223864864,-0.0031346384602333,0.0015256303134259,0.0008089163906694,0.4089509292433764,0.4089509292433764,0.4089509292433764,False,0.8986588082218337,4.376513493882323e-05,0.0001098396560273,0.0001093944773879,2.5097524817612724,0.0040529864666911,0.5975013471709316,0.3984456663623771,0.7304701900838043,-0.5980395105666398,0.329790911336478,4027.1627158053616,True,wing_L,high
-0.0142957305251547,0.0031998960296412,-0.0032709917628124,0.0007176542947817,0.0006895255466586,0.4350386279070351,0.4350386279070351,0.4350386279070351,False,0.2493044976460785,3.757071190923052e-05,4.824450950850324e-05,4.302080149887701e-05,1.2840988913135376,0.1082756994079407,0.112968079583976,0.7787562210080833,0.5252620386163086,-0.8386521871531092,-0.1440912897157418,4535.518243586244,True,body,high
-0.0155180534244786,0.0015443262207945,-0.0021471070529055,0.0021266514099274,0.0007919128090696,0.4593110110230082,0.4593110110230082,0.4593110110230082,False,0.1053403845140348,4.806998963764905e-05,0.0001388967557454,0.0001421384673908,2.9569065535952235,0.0228067159078213,0.6390020082183684,0.3381912758738103,0.089982741803834,0.5521878384016072,0.8288496228501434,42195.18306195964,True,wing_R,high
-0.0144211138990106,0.0018673263270336,-0.0022624780285819,0.0012344753016661,0.0002073365798841,0.2765678615234994,0.2765678615234994,0.2765678615234994,False,0.2088053141682037,4.549053214582711e-05,0.0001253700237641,0.0001195815186217,2.755958610514273,0.0461713651211327,0.5909784831440429,0.3628501517348244,-0.1944261644963234,-0.632335618029382,-0.7499000818313388,4689.633883714477,True,wing_R,high
-0.0136957901128041,0.0038500854050478,-0.0028858990787293,0.0009683019006064,0.0001024957635243,0.3298543385341455,0.3298543385341455,0.3298543385341455,False,0.5646389927769516,6.699198384116412e-05,3.563275738857129e-05,2.521880377217074e-05,2.656429878529393,0.4681041619389055,0.1554507423021193,0.3764450957589751,-0.6659112850081588,0.5339164881045267,-0.5210521511604296,4832.656346570552,True,wing_L,high
-0.0140677143736226,0.0019175817372703,-0.0022151547157807,0.0011388531083256,0.0004739233098322,0.4948592187986069,0.4948592187986069,0.4948592187986069,False,0.2407398832706339,8.351579429002606e-05,3.026475776184876e-05,3.441096251165736e-05,2.759506451272664,0.5879706011995994,0.0496457560519635,0.362383642748437,-0.1517759019955215,-0.7141123219272285,-0.683379592353436,3623.909622055875,True,wing_R,high
-0.0143111576530344,0.004515906658543,-0.0031629772179144,0.0016550780306505,0.0009493660969216,0.4351504168488421,0.4351504168488421,0.4351504168488421,False,0.0845022339366529,4.707845729657302e-05,0.000118034542033,0.0001274673368137,2.707551269379692,0.0740016620452792,0.5566609180841441,0.3693374198705766,0.693365870450712,-0.6299693231280373,0.349831990549362,5755.20341865243,True,wing_L,high
-0.0132872548873015,0.0032588650855368,-0.0018311886960145,0.0011365983809341,0.0010551701522109,0.202332908588146,0.202332908588146,0.202332908588146,False,0.5581498089233674,5.135699259256602e-05,1.933542969483166e-05,2.051841018271448e-05,2.656108160156052,0.6004748497347848,0.0230344579805877,0.3764906922846273,0.7992723725529645,-0.5159953937371096,0.3080786070398925,2326.464224536905,False,body,high
-0.0139763322386721,0.0043375953180176,-0.0028485595913378,0.0013832841324416,0.0005252173363614,0.398360169153216,0.398360169153216,0.398360169153216,False,0.1428543521803011,0.0001023014918472,4.334188780349114e-05,9.979078004808252e-05,2.3603377017414333,0.0245422794312149,0.5517895313676338,0.4236681892011512,-0.6739077498394191,0.5874521240997143,-0.4480494912362973,6401.90296405358,True,wing_L,high
-0.01351150766077,0.0026534085717842,-0.0015020947897011,0.0012944633043842,0.0012665212571163,0.3170436133251889,0.3170436133251889,0.3170436133251889,False,0.6575267094604474,2.1675687461243068e-05,5.736601865144295e-05,1.9640798740824307e-05,2.9207579288618764,0.6221510927410708,0.0354720227802941,0.342376884478635,0.7461143751036837,-0.4719678696990497,-0.4696378064374509,1552.214641562799,False,body,high
-0.0144006501418767,0.0050384986830079,-0.0028254253879476,0.0021108037656166,0.0012068447502914,0.4632660166867942,0.4632660166867942,0.4632660166867942,False,0.2620976219448338,0.0001075505708118,0.0001037362104334,4.348053681552224e-05,2.473533647208695,0.0354657381138838,0.5602543358262995,0.4042799260598168,-0.6538631474287877,0.6510088989013685,-0.3855520690979974,5419.064703014329,True,wing_L,high
-0.0130205698121804,0.0027792595761564,-0.0021346755479301,0.0011413928182943,0.0011312809597757,0.120215914680142,0.120215914680142,0.120215914680142,False,0.9764321477743464,8.029498711231925e-05,0.0001484526965272,0.0001949650450495,2.4281097993925176,0.2385676289330887,0.3495893809969451,0.4118429900699661,0.1858716397689649,0.965560085226669,-0.1820589337183519,5933.726632319028,True,body,high
-0.0154235650933452,0.0016070397104622,-0.002275640581554,0.0019903337640328,0.0007152828592216,0.2756251252086556,0.2756251252086556,0.2756251252086556,False,0.1562465700476273,4.999913548399216e-05,0.0001362832078044,0.00012274060049,2.725711284510241,0.0993710636296829,0.5337522221405921,0.3668767142297248,0.0795576198124711,0.6291008664828717,0.7732416730364927,7995.770656237532,True,wing_R,high
-0.0141240574127208,0.0048380479735332,-0.0026714994019972,0.001871473504342,0.0009034489009699,0.5333679902798187,0.5333679902798187,0.5333679902798187,False,0.138504173074547,0.0001039663800266,0.0001129364789796,4.273778290609238e-05,2.642544168185573,0.0794260546643308,0.5421507530048401,0.3784231923308291,-0.7296940641745058,0.6321449717071422,-0.2606516975848587,11100.874795344398,True,wing_L,high
-0.0145828141732318,0.005170249921556,-0.0029385967624318,0.0022895533187305,0.0014217511016113,0.4723170705305596,0.4723170705305596,0.4723170705305596,False,0.967150214818412,7.147170984849663e-05,7.054129054346243e-05,2.6275526316157457e-05,2.720086706866341,0.0130180082022168,0.6193466522787558,0.3676353395190272,-0.6211947315532694,0.6614123035873225,-0.4202985488361492,3159.5671961037056,True,wing_L,high
-0.0137991668302507,0.0045078513072782,-0.0025713098418226,0.0015562689822047,0.0005431708598088,0.3494979852114956,0.3494979852114956,0.3494979852114956,False,0.2266937198136247,4.868618627691635e-05,0.0001238769264685,5.153297695653656e-05,2.5443957709889427,0.5839985829030623,0.0229807984487134,0.3930206186482243,0.5017997238861208,-0.5367139717796988,0.6783326246055645,7714.343584887614,True,wing_L,high
-0.0146081752013561,0.0028764068965527,-0.0031493386574328,0.0007765671946906,0.0007388036232127,0.4043327016546639,0.4043327016546639,0.4043327016546639,False,0.0667532170443563,4.483569364256321e-05,7.130552300652823e-05,3.085823327168198e-05,2.3107454784835,0.3712170985905486,0.1960221281821542,0.4327607732272971,0.4493543218248813,-0.4269236581821922,-0.7847400101572719,3966.413379878225,True,body,high
-0.0133723676775339,0.003140198059945,-0.0020352212839732,0.0009096109723808,0.0008531929104665,0.2082190415291703,0.2082190415291703,0.2082190415291703,False,0.436300431718701,8.172599286358992e-05,2.74897842453027e-05,2.7451927780290584e-05,2.9770584243728777,0.6636347472561599,0.0004632120539092,0.3359020406899309,-0.8611777429779779,0.2702029793682343,-0.4305383199436323,3190.8541238719195,False,body,high
-0.014308495317534,0.0050313771092598,-0.0026950055700044,0.0020822358427588,0.0011419643537297,0.4591276946451709,0.4591276946451709,0.4591276946451709,False,0.3376231547873497,6.008605604475908e-05,0.0001220426064438,4.235124079927484e-05,2.8816772340212364,0.5076632841956081,0.1453165887082875,0.3470201270961043,0.6876438333736693,-0.6579358960083039,0.3070281993024677,5095.86465469081,True,wing_L,high
-0.0155187078799931,0.0015461185049925,-0.0021469151970312,0.0021259568647732,0.0007933092608058,0.5038557051764913,0.5038557051764913,0.5038557051764913,False,0.0928884154620248,0.0001468263320253,5.55818599627436e-05,0.0001383359858603,2.6416232224640765,0.0578257731281165,0.5636191053480761,0.3785551215238073,-0.0855776948245252,-0.5567641071544598,-0.8262506805643299,42028.54101697679,True,wing_R,high
-0.0155343556627125,0.0015377997746827,-0.0021446785415962,0.0021430804745788,0.0008038184699822,0.4554748268233893,0.4554748268233893,0.4554748268233893,False,0.2159739467120925,3.938161670042001e-05,0.0001137014452072,0.0001123727644118,2.887170581955196,0.0116856983919022,0.6419544411100739,0.3463598604980238,-0.0835157207834282,-0.5529391799074166,-0.8290255651699396,41661.68813710276,True,wing_R,high
-0.0152065518329376,0.0015536053911449,-0.0020459883344674,0.0019423530308301,0.0005752994149308,0.2756156420224964,0.2756156420224964,0.2756156420224964,False,0.8651144621296285,8.650750020840298e-05,3.4618331000413154e-05,7.960435560835756e-05,2.4988928613389985,0.0797982207717855,0.5200245585593126,0.4001772206689019,-0.0460891605300779,-0.569404571647111,-0.8207644138661243,4617.919486870033,True,wing_R,high
-0.0153106402979841,0.0017062614661605,-0.0023866058431734,0.0018238542800442,0.0006511169154535,0.5163257116654885,0.5163257116654885,0.5163257116654885,False,0.1635927288388803,0.0001453679863569,5.854289066485779e-05,0.0001346677810034,2.483102298263662,0.0736077152997647,0.5236702539972466,0.4027220307029886,-0.0846095721303722,-0.5977814125311944,-0.7971816625689059,6975.258613522131,True,wing_R,high
-0.0139687938342365,0.0029738740930736,-0.0031481777536998,0.0005019041758885,0.0004899381317932,0.3838980580480965,0.3838980580480965,0.3838980580480965,False,0.7653544776027787,6.805798706218438e-05,7.012649606451812e-05,5.175475580033217e-05,1.3549768515006313,0.0294968252859897,0.2324831864813669,0.7380199882326434,0.9427017719316064,-0.2090001521546441,0.2600621187261722,7714.336752754992,True,body,high
-0.0136708756375661,0.0035609216551954,-0.0020742047485724,0.0008962193927948,0.0006851845737123,0.17317604566213,0.17317604566213,0.17317604566213,False,0.2495171523539688,2.4495291037786995e-05,2.608440355394112e-05,6.335884332990068e-05,2.586572383735384,0.5883068221728218,0.025081147834089,0.3866120299930891,0.8780832353141028,0.4785078210212655,0.0003115795219043,2407.7168618661226,False,body,high
-0.0153187705820824,0.0014802143923015,-0.0020298269694641,0.0020698446994295,0.0006364669919639,0.5233479132840436,0.5233479132840436,0.5233479132840436,False,0.094740601357984,9.577991593298654e-05,9.752097159965663e-05,3.874031035525872e-05,2.517299699082531,0.0178531411050486,0.5848957884862649,0.3972510704086865,0.0828388597519112,0.5429204551311132,0.8356884004910132,6633.392672949806,True,wing_R,high
-0.0139184902462307,0.0040495433680601,-0.0030212925843246,0.0011470065524261,0.0004035665370817,0.4252536023572063,0.4252536023572063,0.4252536023572063,False,0.1033889281456273,0.0001228657370318,4.463556081734516e-05,0.000120145985206,2.7526423950328214,0.0221359663937695,0.6145767421641918,0.3632872914420387,0.7484880094822085,-0.5578185833783129,0.3586141766567149,17576.84931951198,True,wing_L,high
-0.014396931988428,0.0018001911699406,-0.0021295509442131,0.0013334677831348,0.0003393416076714,0.4035467573804836,0.4035467573804836,0.4035467573804836,False,0.1591454657263474,8.373646820482938e-05,6.431401960940303e-05,2.826427956468628e-05,2.9626252462295453,0.2319473105543062,0.4305142170139633,0.3375384724317304,-0.105088822386881,-0.6634207249690056,-0.7408301297132414,4268.46422605596,True,wing_R,high
-0.0148362648032685,0.0019317508411592,-0.0026931701191403,0.0013200967790995,0.000404966687863,0.3146010035086506,0.3146010035086506,0.3146010035086506,False,0.868243563646366,4.2482871687497206e-05,0.000106185306458,0.000105851552351,2.499485139308048,0.0031431289137162,0.5967744764068585,0.4000823946794251,-0.1342042510591328,-0.6097522870282779,-0.7811474684471824,4644.535024062014,True,wing_R,high
-0.0138893170660962,0.0043840479587522,-0.0027454780241058,0.0014239647392621,0.0004827289643454,0.4422521631050242,0.4422521631050242,0.4422521631050242,False,0.2112058703888791,0.0001317289204735,4.797733842095428e-05,0.0001242732631926,2.745648775215592,0.0565984846317683,0.5791888713378679,0.3642126440303636,0.6188450946874691,-0.6140461960382984,0.4898755126684267,6540.2734414734805,True,wing_L,high
-0.0138787956275888,0.0042036060976797,-0.0028234495961367,0.0012544961667468,0.0003816465441186,0.3750949289914177,0.3750949289914177,0.3750949289914177,False,0.6386954899637775,0.0001002161328535,7.502724821197174e-05,3.42569051161396e-05,2.925428684050725,0.25134560598536,0.4068241503132828,0.3418302437013572,-0.6413047219160677,0.585677597467775,-0.4956914417987565,5389.474468329931,True,wing_L,high
-0.0155597864676748,0.001525533262775,-0.0021306749669544,0.0021725518809845,0.0008236928149441,0.3337476236206376,0.3337476236206376,0.3337476236206376,False,0.1572167448083907,3.0442727001617795e-05,9.079206711492566e-05,8.25222627247953e-05,2.982389426219956,0.091085098653634,0.5736132833858119,0.3353016179605541,0.0871651629803627,0.5349530823851604,0.8403733896365487,21333.988004674244,True,wing_R,high
-0.0154602943965585,0.0015363393577301,-0.002115160144688,0.0020997696210393,0.0007463388617637,0.4982042014883681,0.4982042014883681,0.4982042014883681,False,0.3173364014359802,0.0001172761518576,3.9348242466884566e-05,0.0001159877450696,2.9804673475916603,0.0109860936569678,0.653496055155016,0.3355178511880162,-0.0728506524970176,-0.5620821591587353,-0.8238667542668614,23299.385578254594,True,wing_R,high
-0.0141646104878324,0.0020045640916859,-0.0024016777398985,0.0010063824181088,0.0002828396313503,0.2821011997624111,0.2821011997624111,0.2821011997624111,False,0.1251301099432247,2.5116676137587384e-05,5.901054543833462e-05,6.102331084722391e-05,2.429593410885362,0.0329835497442672,0.5554249487642992,0.4115915014914337,0.1069403550758392,0.6443616655819785,0.757206579728856,5556.09552795527,True,wing_R,high
-0.014540364984964,0.0029386528426492,-0.003210284072909,0.0007649002203072,0.0007509364339643,0.4109983138254037,0.4109983138254037,0.4109983138254037,False,0.1565714387149636,8.362737437643472e-05,0.0001079600828172,6.0641346415637947e-05,1.7803048447718957,0.225386159456782,0.2129122853648257,0.5617015551783923,-0.0062540764087136,-0.9782967884019343,-0.2071141722112099,4359.527421362942,True,body,high
-0.0145859509872365,0.0015461499673033,-0.001877880807574,0.00171442606508,0.0005100346178478,0.848638208167757,0.848638208167757,0.848638208167757,False,0.3618416619605299,2.5338062822131154e-05,6.232963798576694e-05,2.5127673030468723e-05,2.4805177108994028,0.5934829137317124,0.0033754374076498,0.4031416488606377,-0.3757883340233939,-0.9069123482936728,-0.190507534035738,2992.6117295274885,True,wing_R,high
-0.0140999241945251,0.0045121887205977,-0.0029048669032543,0.0015656960794137,0.0007101359932617,0.3824716540178957,0.3824716540178957,0.3824716540178957,False,0.474100864661249,3.981833226868829e-05,0.0001014983573416,0.0001057146546427,2.6549242175541568,0.0398837541996198,0.5834576604486491,0.376658585351731,0.6639805194019527,-0.5999490727642417,0.4463081670147207,5302.345331694833,True,wing_L,high
-0.0150701173261298,0.0018737286121032,-0.0026488225224445,0.0015166525929817,0.0005552525955284,0.4019612073272394,0.4019612073272394,0.4019612073272394,False,0.0991792470445445,3.661554000940976e-05,9.107086849887684e-05,9.08539972616184e-05,2.487219046215698,0.0023813458774814,0.595563193216693,0.4020554609058254,0.0333329406872393,0.7236882975616711,0.6893215237009731,14569.758259488295,True,wing_R,high
-0.0126487515264152,0.0027860957963158,-0.0020671703634827,0.0015022809302192,0.0014723988315903,0.1560303778297261,0.1560303778297261,0.1560303778297261,False,0.6583007708739705,0.0001019321551173,3.841431440381215e-05,0.000102730443255,2.674275067755472,0.0077707066416141,0.6182961807712414,0.3739331125871444,-0.9184271238279158,0.3801703611168205,-0.1093714530647214,4956.831112803552,True,body,high
-0.0139724453045615,0.0029705759798334,-0.003175830459705,0.0005290423345714,0.0005176667387705,0.4859040088186795,0.4859040088186795,0.4859040088186795,False,0.9583152418723871,7.11558713187832e-05,4.030499148416434e-05,7.426844337865103e-05,1.842661185223939,0.041909752221393,0.415396882324952,0.5426933654536549,-0.5667790415111886,0.8054350807447797,-0.173308536458273,7145.268288629699,True,body,high
-0.0154706598855326,0.0016331823678289,-0.0023334435099587,0.0019963258749022,0.00076617849851,0.5024741290100746,0.5024741290100746,0.5024741290100746,False,0.3290661351273117,0.000106999656793,0.0001197530463839,4.266232516193819e-05,2.806997647910124,0.1064974126001422,0.5372500623061786,0.3562525250936793,-0.0737791956935282,-0.6317243459832407,-0.771674141704167,8387.241534742498,True,wing_R,high
-0.0142988034345488,0.0032683990739395,-0.0019791261485046,0.0007842355430273,0.000783053608937,0.198045432337974,0.198045432337974,0.198045432337974,False,0.2762714043709831,7.807434686969797e-05,0.0001687363093851,6.704477656118023e-05,2.5167704038985783,0.5372996650562092,0.0653657197357607,0.39733461520803,-0.0781408362925403,-0.6679659133037713,-0.7400780691033622,1923.720263627048,False,body,high
-0.0139252300813926,0.0040321746703751,-0.0030538254158523,0.0011412018356013,0.0004208423288676,0.3936896327131894,0.3936896327131894,0.3936896327131894,False,0.254891266668061,0.000107463218184,0.0001139946490201,4.748137590025561e-05,2.4008286798520886,0.0572959423292655,0.5261812093758664,0.4165228482948681,-0.7513707068282995,0.5720418235243064,-0.3289532080088719,20551.84187274901,True,wing_L,high
-0.0135788361552502,0.0040113490465857,-0.0026325207943153,0.0011321160249971,0.0002075698797293,0.4247038970290122,0.4247038970290122,0.4247038970290122,False,0.6922201990617306,5.729160868549966e-05,9.872864153108552e-05,4.168999364499851e-05,2.368161587449172,0.4197063000460619,0.158025217389311,0.4222684825646271,-0.5065929072129169,0.617272625713081,-0.6019452897953794,3468.2254199179447,True,wing_L,high
-0.0131733697418141,0.0027711456711122,-0.0020706853593486,0.001045612252143,0.0010431810913321,0.2009823280118188,0.2009823280118188,0.2009823280118188,False,0.2006856358773662,0.0001465971509419,0.0001312308759529,6.009981022556187e-05,2.4392281837788987,0.104819738243413,0.4852145165876454,0.4099657451689415,-0.4529420823169408,0.8128643843352736,-0.3661897906081357,5334.60214068863,True,body,high
-0.0139145413733808,0.0041034001740309,-0.0029598634797753,0.0011805638329075,0.0003926994809547,0.4212605420461247,0.4212605420461247,0.4212605420461247,False,0.1119573168695481,4.755383668300914e-05,0.0001380162339482,0.000139872639781,2.94135341199626,0.0132721155171143,0.6467483376791874,0.3399795468036983,0.7159409967728854,-0.5881874198284902,0.3761170672747395,8761.64628791949,True,wing_L,high
-0.014920686551161,0.0015923051732567,-0.0019946111782641,0.0017701615571273,0.0004484130769503,0.3650169082990065,0.3650169082990065,0.3650169082990065,False,0.2283405360864891,3.2342173367814004e-05,7.326792928790619e-05,2.7863285739332105e-05,2.6295509428911474,0.5585766694630403,0.0611302608387105,0.3802930696982491,-0.1324890974998681,-0.7132839175100734,-0.688238833592782,6356.507843475208,True,wing_R,high
-0.0135131558323413,0.0034932291577091,-0.0024570733065016,0.0007547240067603,0.0003913211209517,0.1242022156989613,0.1242022156989613,0.1242022156989613,False,0.4250767928651192,6.495098524100643e-05,2.7025216815929583e-05,2.636310032075622e-05,2.4637081546084003,0.5839136740474359,0.010194094711828,0.4058922312407361,0.0257468221841807,-0.9902724030329104,0.1367394198424188,3322.5697037040472,True,wing_L,high
-0.0144276196199412,0.0051399024506194,-0.0027381248839163,0.0022098383563562,0.0012859125312458,0.4216254681645739,0.4216254681645739,0.4216254681645739,False,0.236397904884899,4.086827712881664e-05,4.041199044194971e-05,9.633009521063538e-05,2.3837008312918884,0.5757475684057607,0.0047366992202095,0.4195157323740297,-0.669642495678316,0.6915862756771252,-0.2707163668431591,4270.875112711762,True,wing_L,high
-0.0141822262115591,0.0047200369668036,-0.00284379202588,0.0017686283385327,0.0008730297547169,0.3954083088770988,0.3954083088770988,0.3954083088770988,False,0.3974228420070196,0.0001294441601466,4.310059248237569e-05,0.0001156556587847,3.003303497500816,0.1065208453307711,0.5605124728696221,0.3329666817996066,0.6747122936889491,-0.5772966855231938,0.4598824389220928,5945.238563130764,True,wing_L,high
-0.0141046850652429,0.0047794518797997,-0.0026845424418022,0.0018121888746266,0.0008575282353695,0.5304763310012983,0.5304763310012983,0.5304763310012983,False,0.1531282752902128,0.0001201486205781,0.0001109999962099,4.444585734705545e-05,2.7032580256008085,0.0761442314038855,0.5539317766835236,0.3699239919125909,-0.734389338689808,0.5920047703353608,-0.3319678465136688,9010.78016708568,True,wing_L,high
-0.0145896726703882,0.0049800437190236,-0.0031096467927755,0.0021394150951061,0.0013621604191883,0.4261529749537797,0.4261529749537797,0.4261529749537797,False,0.8626446722300244,7.256870665739853e-05,9.030477434359683e-05,2.998436454839547e-05,3.0117288027846247,0.1964023255150949,0.4715624663096514,0.3320352081752535,-0.6680552632048511,0.6158698779476564,-0.4176199932247444,2784.275598973111,False,wing_L,high
-0.0137720536539056,0.0039718948906459,-0.0028984877238494,0.0010626467302372,0.0002024834045093,0.4449094855393922,0.4449094855393922,0.4449094855393922,False,0.7314195809705253,3.686360518137802e-05,9.7464813814654e-05,8.758032783729698e-05,2.6439306013370936,0.1014159427437481,0.5203593037418147,0.3782247535144372,-0.6834854930257328,0.5909467405498052,-0.4285201636526956,5396.40442917704,True,wing_L,high
-0.0136201216914879,0.0036836589901528,-0.0018675625640407,0.001132213032281,0.0009097504836413,0.1545216432657871,0.1545216432657871,0.1545216432657871,False,0.3005104925611029,6.118846242165179e-05,2.409311377235776e-05,2.622908427130858e-05,2.5396660224073586,0.5713393794640064,0.0349080596964795,0.393752560839514,0.9076206027949072,0.0923070076201573,0.4095171030939016,1752.821373967005,False,wing_L,high
-0.0143754577487428,0.0045690865880224,-0.0032096062899012,0.0017314913569712,0.001039126003796,0.4101049018484995,0.4101049018484995,0.4101049018484995,False,0.1104192464802382,9.252187748793108e-05,8.681983010738627e-05,3.782293963799357e-05,2.446184203910788,0.0616291793396497,0.5295708625863549,0.4087999580739954,-0.706819644687165,0.62227532030076,-0.3364214850881204,5851.670019763625,True,wing_L,high
-0.0146819359639176,0.0017093898321994,-0.0021133629386118,0.0015202008606492,0.000301231443964,0.2392343903583039,0.2392343903583039,0.2392343903583039,False,0.7218362426403765,8.758258299028164e-05,9.29974508964059e-05,3.632643814760612e-05,2.560048703881373,0.0582259820449931,0.5511564494361472,0.3906175685188597,0.0824590191370273,0.6380356021112539,0.7655789185978732,4953.882641545568,True,wing_R,high
-0.0143975218989084,0.0018523557473844,-0.0022397816951204,0.0012477667540516,0.0002395974629564,0.2531406925952013,0.2531406925952013,0.2531406925952013,False,0.3277015756652431,4.023666854961736e-05,9.459744389535326e-05,9.59393961532048e-05,2.3843772263327,0.0139874995221837,0.566615775431061,0.4193967250467552,-0.1811967797641851,-0.6182838294082609,-0.7647828667637276,4833.05551536343,True,wing_R,high
-0.0143070787472198,0.004682077232163,-0.0030163123283325,0.0017746114942727,0.000976192280904,0.3500992091254906,0.3500992091254906,0.3500992091254906,False,0.2591314491382146,8.352957433491863e-05,3.4756673803185906e-05,3.052636804261192e-05,2.736308958154447,0.5838997854361595,0.0506444070169952,0.3654558075468452,-0.607005525187926,0.6005470538435012,-0.5204685663046529,5240.421235151742,True,wing_L,high
-0.0141048556002216,0.0022316478285511,-0.0027211228461077,0.0007460445657469,0.0002974525871419,0.2055721901128531,0.2055721901128531,0.2055721901128531,False,0.8813380154096019,0.0001039935506946,3.647160693890431e-05,0.0001029824403127,2.851356422787273,0.0097228181472221,0.6395669051548986,0.3507102766978793,-0.3041422073027572,-0.3942284200444983,-0.8672263087373591,4023.19605934396,True,wing_R,high
-0.0142568433652418,0.0048167284005172,-0.0028526417744758,0.0018732286844294,0.0009807726139726,0.4055024123134129,0.4055024123134129,0.4055024123134129,False,0.1971837172252143,0.0001170776305321,0.0001213971389088,4.525047803908315e-05,2.6827813576686714,0.0355816324463008,0.5916708839984247,0.3727474835552744,-0.6607466684840498,0.5886921706685612,-0.4656773220597787,5933.208603383453,True,wing_L,high
-0.013614597671179,0.0035821765788336,-0.0028555554266914,0.000763937420813,0.0001428581301021,0.193774972017577,0.193774972017577,0.193774972017577,False,0.4763288947119902,4.192798993530159e-05,0.0001028856000232,3.5573677661133364e-05,2.8921834004145266,0.5924795119449552,0.0617609487890794,0.3457595392659655,-0.8793959318147552,0.4291770489263782,-0.2060821578460976,3981.51287222829,True,wing_L,high
-0.0139857428936171,0.0046519216487085,-0.0026161935969241,0.0016831058201203,0.0007247113863318,0.5345752826876173,0.5345752826876173,0.5345752826876173,False,0.2186614539175492,7.686025124498241e-05,8.09022934438565e-05,3.186931101067914e-05,2.538564244979969,0.0499620224200334,0.5561145218401687,0.3939234557397978,-0.7069530704497012,0.595572164741545,-0.3814592412916608,10184.29040790589,True,wing_L,high
-0.0136831889590969,0.0043412743341226,-0.0025823069081737,0.0014144487389896,0.0003954020703764,0.3861406213977401,0.3861406213977401,0.3861406213977401,False,0.1317401953610727,2.800992529978115e-05,6.773487975920555e-05,6.414220588410273e-05,2.418245640938385,0.0530402340400486,0.5334368454298614,0.4135229205300899,-0.4640225865247895,0.5982193638229254,-0.6533120479083012,6648.361362322845,True,wing_L,high
-0.0136392410101924,0.0038786004645446,-0.002801696301659,0.0009979425257045,3.167793880935196e-05,0.4517667917431179,0.4517667917431179,0.4517667917431179,False,0.2770571111972141,5.552093533649455e-05,2.330881599638347e-05,2.226158725479732e-05,2.4940241098275657,0.5801796951885587,0.0188618713866983,0.400958433424743,-0.0313076131222506,-0.7467167865452239,0.664404902188539,4657.468166308941,True,wing_L,high
-0.0130401617739952,0.0027869413095062,-0.0026692310578875,0.0009984366658481,0.000969179343786,0.533064244583778,0.533064244583778,0.533064244583778,False,0.5228594494548754,2.750570214696548e-05,2.822756387990357e-05,8.668745458017776e-05,3.1516175852191948,0.6743754443291938,0.0083271764805418,0.3172973791902643,0.627440074482078,-0.7642979134505248,-0.1488880533457893,4572.5117740296855,True,body,high
-0.014422839013496,0.0047032082112284,-0.0031736006820163,0.0018552190451393,0.0011186248078107,0.4131844656687282,0.4131844656687282,0.4131844656687282,False,0.7892001596439191,3.744251560030294e-05,9.912332565832026e-05,0.0001009977069577,2.697407087596965,0.0185586520313926,0.6107149549824941,0.3707263929861134,0.6787739521343734,-0.6325910192491998,0.3729537830202848,4401.747811532813,True,wing_L,high
-0.0145270528626688,0.002057122506899,-0.0027198005674865,0.001045463981014,0.0002573099276998,0.5223684296228331,0.5223684296228331,0.5223684296228331,False,0.1044198522830344,9.593564493408308e-05,9.209483449222584e-05,3.429730895848643e-05,2.797177033632693,0.0400352803642091,0.6024614268601812,0.3575032927756096,0.0400927890865669,0.6429741374893478,0.7648377780830974,7157.286878585466,True,wing_R,high
-0.0145783391156477,0.0020097872516691,-0.0026860722434037,0.0011101619036307,0.0002469043869763,0.4846818453373727,0.4846818453373727,0.4846818453373727,False,0.3650944340955791,3.312695918981154e-05,9.649283806898104e-05,9.885121317014204e-05,2.9840110770126014,0.023857826581266,0.6410227739957481,0.3351193994229858,-0.0283406044078866,-0.5419194902837887,-0.8399524249577197,6960.810711649262,True,wing_R,high
-0.014384250001856,0.0045358392260317,-0.0032547247348878,0.0017180575462054,0.0010509316217036,0.4707641315403575,0.4707641315403575,0.4707641315403575,False,0.1562836628927326,8.698998059117376e-05,4.088858816299096e-05,3.624248994498584e-05,2.4002208657081754,0.5299620958055528,0.0534095787403419,0.4166283254541053,-0.7075814078823733,0.6294982141604563,-0.3210304496274379,5333.443812518811,True,wing_L,high
-0.0145994270266206,0.0020383474486058,-0.0027529705056728,0.0011008215437463,0.0003171842455298,0.4249085842040274,0.4249085842040274,0.4249085842040274,False,0.3349653355766449,0.0001047738045395,4.343672905040039e-05,0.0001003053904894,2.412101620680644,0.0426481988479782,0.5427755696092474,0.4145762315427744,-0.0321638300821416,-0.6391998465781568,-0.7683677792365503,7767.737626381907,True,wing_R,high
-0.0139233047467374,0.0040361036864158,-0.0030544132358493,0.0011452328456985,0.0004206529590627,0.4211925035482646,0.4211925035482646,0.4211925035482646,False,0.1383441437592629,3.684792899589055e-05,9.369533606933056e-05,9.430483346120588e-05,2.559298067246145,0.0064630557046267,0.6028048084812672,0.3907321358141061,0.7826206622822366,-0.5328122062608135,0.3218944731249635,20721.031461672992,True,wing_L,high
-0.0139243288349427,0.0040487303028679,-0.003047193277653,0.0011544051735841,0.0004210330722668,0.3964012606803545,0.3964012606803545,0.3964012606803545,False,0.1373109672613125,0.0001135109235584,0.0001134700656128,4.260710938552785e-05,2.6641310615885274,0.0003599472578798,0.6242831439105647,0.3753569088315554,-0.7475874489242348,0.5633373310399409,-0.3518011621182495,19757.320701127,True,wing_L,high
-0.0143461341050999,0.0045360433714972,-0.0031933195053014,0.0016898389345066,0.0009967023908546,0.4286521980465554,0.4286521980465554,0.4286521980465554,False,0.0992328105381256,0.0001001040400256,3.567665522719142e-05,0.0001037396235939,2.907773246491597,0.0350452743356964,0.6210489547426679,0.3439057709216356,0.7070008735186953,-0.6225724195013767,0.3354897126887849,6053.2845038174255,True,wing_L,high
-0.0144460098886433,0.0020683476599166,-0.0027328161692002,0.0009996409157288,0.0002495713189053,0.2406064930592475,0.2406064930592475,0.2406064930592475,False,0.2515287156238623,0.0001107200910723,4.285393752283047e-05,9.859728864972782e-05,2.583662026700288,0.1094905387557628,0.5034619334849096,0.3870475277593275,-0.0606237806466271,-0.6242567959697087,-0.778863409017103,5719.799425830588,True,wing_R,high
-0.0142746698589175,0.0032836971824937,-0.003362037343749,0.0008192022017563,0.0007630815236392,0.2997825162853689,0.2997825162853689,0.2997825162853689,False,0.2402768760831849,3.183434792546964e-05,5.555520383957246e-05,5.638886306685194e-05,1.7713214418234406,0.0147841112932376,0.4206656177121448,0.5645502709946175,0.5903918358361051,-0.7793636682639979,-0.2098326780274189,3534.447663316092,True,body,high
-0.014834566302104,0.003032003968161,-0.0031324403538823,0.0009479099180108,0.0009276847606491,0.8057326084968606,0.8057326084968606,0.8057326084968606,False,0.9282583647386526,2.0617721931341608e-05,1.998086586522812e-05,5.407051483001652e-05,2.706114699669408,0.6186882629810664,0.0117782504589718,0.3695334865599617,-0.7263793090612894,0.0038402141857418,0.687283312850422,2942.079163214864,True,body,high
-0.0154899967213495,0.0015460102857134,-0.0021384176713387,0.0021079519711301,0.000770210829759,0.3971416722096429,0.3971416722096429,0.3971416722096429,False,0.0414772371183752,9.1869216462713e-05,3.30122254402673e-05,9.366044950249124e-05,2.8371443685904034,0.0191247538239774,0.6284081630515793,0.3524670831244433,0.1476990912432085,0.5553914206193519,0.8183674897919324,30800.896518682737,True,wing_R,high
-0.0150831624007522,0.0018648251003962,-0.0026179653016336,0.0015324235910153,0.0005512691225232,0.3776365237670321,0.3776365237670321,0.3776365237670321,False,0.212054861146473,3.2574922138346466e-05,8.543575475545281e-05,8.679780867466781e-05,2.664559206190439,0.0156922615906145,0.6090111423807629,0.3752965960286224,-0.0258077626575226,-0.7225326579768327,-0.6908549178688288,13945.921953504105,True,wing_R,high
-0.013968231252157,0.0047164105580004,-0.0025926327583567,0.0017486172214262,0.000748807006656,0.496087402274585,0.496087402274585,0.496087402274585,False,0.1233172614626332,3.994597623098638e-05,3.699140687206143e-05,0.0001036146465938,2.801046387669498,0.6144755829010711,0.0285149779114503,0.3570094391874784,0.6969657751895657,-0.5921129016947178,0.4045256726847741,9817.236321482002,True,wing_L,high
-0.0130592412990813,0.0028233985543219,-0.0020288042684702,0.0011541815626237,0.0011433547354381,0.1706692898257385,0.1706692898257385,0.1706692898257385,False,0.1070795094276885,0.0001137900161686,4.760365802149032e-05,4.805866772189949e-05,2.390362860713599,0.5776547948577696,0.0039986785812092,0.418346526561021,0.1078891173747491,0.3868640680104901,0.9158035440172048,5781.615732290541,True,body,high
-0.0126074342225378,0.0027325772845547,-0.0019867240771503,0.0015794268019885,0.001558949106508,0.2001386270985308,0.2001386270985308,0.2001386270985308,False,0.1632124252841979,6.238321840182244e-05,2.7071441976987444e-05,7.694598631477465e-05,2.842330540803254,0.1892596171732477,0.4589164180751383,0.3518239647516139,-0.8406484967107409,0.4985817204293775,-0.2114861060014426,4380.084079134384,True,body,high
-0.0150772177681355,0.0018747466794777,-0.0026447986735037,0.0015208432106398,0.0005599362231593,0.3826627805729864,0.3826627805729864,0.3826627805729864,False,0.1105523137354995,3.48334263878698e-05,9.01792106783674e-05,8.997681837400243e-05,2.58886994561554,0.0022443343963923,0.6114867447976087,0.386268920805999,-0.0194850860241242,-0.7390217569414204,-0.6733997135356153,15448.824694132994,True,wing_R,high
-0.0153109535566873,0.0015057631241778,-0.0020404082416823,0.0020434279269475,0.0006368011030919,0.4593797052731026,0.4593797052731026,0.4593797052731026,False,0.1500181683397562,0.0001013205531236,3.913253941451259e-05,9.63880810722061e-05,2.58916376600196,0.0486818508133442,0.5650930624884345,0.3862250866982212,-0.0508296126762839,-0.5505791425625943,-0.8332340357007854,6896.113605689521,True,wing_R,high
-0.0135319648011241,0.0027380188247889,-0.0029639250273634,0.000626436877976,0.0006248425531429,0.370838970883897,0.370838970883897,0.370838970883897,False,0.4606290175519818,5.772537074838458e-05,0.0001300149402468,0.000137371412511,2.3797406708716498,0.0535516970360337,0.5262344484712747,0.4202138544926917,-0.217572621789738,0.8449893936554796,-0.4885233657229555,5174.078128223338,True,body,high
-0.0128741998188018,0.0029638442102012,-0.0023608316990185,0.0011830225712239,0.0011079105174367,0.1651895551284498,0.1651895551284498,0.1651895551284498,False,0.4109286351183587,0.0001005088712863,0.0002342419209917,8.846459450743263e-05,2.647860675742156,0.5709185150938182,0.0514181096533601,0.3776633752528218,0.1310646443807755,0.4965464786485664,0.858058071190435,4073.1711556650353,True,body,high
-0.0140018373489278,0.0044750942824862,-0.0028090579805913,0.0015141807378344,0.0006095115022992,0.4174508485553599,0.4174508485553599,0.4174508485553599,False,0.4273549831813966,9.827088883421194e-05,8.828667616562005e-05,3.37020084877044e-05,2.915876330339908,0.1015988843393466,0.555451042780358,0.3429500728802954,-0.654133696493201,0.5966722737500679,-0.4648562195454262,6744.150204408518,True,wing_L,high
-0.0139295262226151,0.0040391063656212,-0.0030625826700734,0.0011504252317226,0.0004308379422025,0.4168890454391489,0.4168890454391489,0.4168890454391489,False,0.1063738847215528,3.469573763629992e-05,8.498928591035736e-05,8.688195070239002e-05,2.50411020549945,0.0217843266263196,0.5788722268257488,0.3993434465479316,0.7731978402344046,-0.5543265819725598,0.3080375632540144,18837.007056845465,True,wing_L,high
-0.0136608702903745,0.0038333160355847,-0.0028460012012134,0.0009565676279213,4.757591564799955e-05,0.3797490379972643,0.3797490379972643,0.3797490379972643,False,0.132721753506617,3.952693018441028e-05,9.498992492959248e-05,3.5775631725239735e-05,2.6551571656127324,0.583882920070649,0.0394915404128495,0.3766255395165014,-0.7822567046187373,0.4429206741737144,-0.4380590422175257,4758.407825318263,True,wing_L,high
-0.0154523686675776,0.0015432214286618,-0.0021282613637917,0.0020863345550881,0.0007390466897541,0.3532248437437265,0.3532248437437265,0.3532248437437265,False,0.0739928067901398,9.262684928422645e-05,3.4599682768509494e-05,0.000101304755872,2.9279099623486045,0.0856613938121205,0.5727980489783072,0.3415405572095722,-0.1400611164657378,-0.5094304314296789,-0.8490368185112716,25495.58564953792,True,wing_R,high
-0.0144587844561924,0.0028229248922435,-0.0032302781273558,0.00074192774281,0.0007107778475894,0.2883889389116121,0.2883889389116121,0.2883889389116121,False,0.4364579450663098,4.7484998579944416e-05,7.638294615291196e-05,3.350223754322413e-05,2.279935662636376,0.378329837070128,0.1830612949745094,0.4386088679553626,-0.748328876979058,0.5925645218150364,0.2981126957467241,3994.587758023685,True,body,high
-0.012965195547564,0.0029792319097398,-0.0023961523879172,0.0010862603112751,0.0010109519131636,0.0974714342703445,0.0974714342703445,0.0974714342703445,False,0.7919870297013079,0.0002575348121943,9.647107714475877e-05,0.0001043311470469,2.6695546459787582,0.5948852655763498,0.0305204171631535,0.3745943172604967,0.3238600292379784,0.1978898311763749,0.9251779808117796,4347.812241644932,True,body,high
-0.0142190039867185,0.0020725209321401,-0.0025391972303716,0.0009250202382058,0.0001960205555095,0.2014602536915848,0.2014602536915848,0.2014602536915848,False,0.2082391643060351,9.03705950261663e-05,3.244634640840249e-05,8.709390868197334e-05,2.785231775826797,0.0362583243282199,0.6047051284518814,0.3590365472198986,-0.1217451077477862,-0.629562234284146,-0.7673522801833809,5999.260269823501,True,wing_R,high
-0.0128750605646594,0.0027935463494528,-0.0022225211381542,0.001235866284685,0.001212637828536,0.1381168409449878,0.1381168409449878,0.1381168409449878,False,0.8173084310840557,6.427018029810292e-05,0.0001555386671334,9.240759461032872e-05,2.420075164127715,0.4058866755554441,0.1809030180777132,0.4132103063668426,0.1772865954706703,-0.8827083332538026,-0.435195888618807,4252.753379848073,True,body,high
-0.0136426624739342,0.0036561526786837,-0.0028318372460568,0.000805251526523,7.829095316490887e-05,0.1465584235293486,0.1465584235293486,0.1465584235293486,False,0.5362174177741962,2.4895490538468147e-05,2.265785468630121e-05,5.582803793487189e-05,2.463959571981241,0.5540683237424386,0.0400808614262483,0.405850814831313,0.5354358380005455,-0.3591107534056446,0.7644265368059145,4240.624053266014,True,wing_L,high
-0.0130646045682604,0.0028781159917693,-0.0019192892811172,0.0012069366438862,0.0011924689404085,0.1735782739942212,0.1735782739942212,0.1735782739942212,False,0.2305062337682089,3.415450754839785e-05,6.580371632565098e-05,2.945633836520201e-05,2.233940807910722,0.4809638504400995,0.0713967150418286,0.4476394345180718,0.3346746296627625,0.7954208333468283,-0.5052708087134363,4039.517502263741,True,body,high
-0.014273004643146,0.0048640626940256,-0.0028468946678425,0.0019213689036148,0.0010158159793927,0.4174938255479536,0.4174938255479536,0.4174938255479536,False,0.2036781786595549,0.000101865587959,3.687988594492629e-05,0.0001048360232599,2.842634150672657,0.0283341089112083,0.6198795031839788,0.351786387904813,0.6512620457381414,-0.590215067602083,0.476973711808565,5926.420048571447,True,wing_L,high
-0.0139015817461524,0.004548602353248,-0.0026365171703378,0.0015836850850101,0.000603712507184,0.5937039257130325,0.5937039257130325,0.5937039257130325,False,0.2336094894856751,3.759131993727463e-05,9.820512051917588e-05,9.478740193826843e-05,2.612441400914951,0.034801836837419,0.582414457602804,0.382783705559777,0.6996610790685303,-0.6497892970956474,0.2970660596847178,9238.18198311911,True,wing_L,high
-0.0131954916509764,0.0028049126896964,-0.0025364684513877,0.0008497985802205,0.0008325244918101,0.1088629939449186,0.1088629939449186,0.1088629939449186,False,0.7454111140308282,0.000113969104147,0.0001712440248064,0.0003057151174036,2.6824385406170737,0.4398575174796297,0.187347361641307,0.3727951208790632,-0.5654857987421513,0.8191291981999115,-0.096193388948101,6960.296883860735,True,body,high
-0.0135806661313147,0.0026311878617068,-0.0019226949854043,0.000914591381237,0.0008810829788693,0.1919427666463154,0.1919427666463154,0.1919427666463154,False,0.717219479725998,6.116734196841365e-05,2.469591074304989e-05,2.5664259886859283e-05,2.476820660911556,0.5804254515405931,0.0158311463707125,0.4037434020886943,-0.2024385642639465,-0.5746109721651949,-0.7929948665446214,2420.382798937597,False,body,high
-0.0155398062574758,0.0015470693537821,-0.0021584437145913,0.0021375596654601,0.0008098092736702,0.3834225283861101,0.3834225283861101,0.3834225283861101,False,0.0335062756011864,7.533138470324558e-05,2.8167623148592456e-05,6.604746902609953e-05,2.674396213903121,0.1232410065700817,0.5028428194533779,0.3739161739765402,-0.1175227346246674,-0.5565432929547502,-0.8224645706128764,36815.54497354833,True,wing_R,high
-0.0140110499591516,0.0043580200435617,-0.0028505655093986,0.0014030847658802,0.0005652284685185,0.4102211885780683,0.4102211885780683,0.4102211885780683,False,0.1320069889080079,8.943810093644572e-05,8.532900399558415e-05,3.6180363460440255e-05,2.472006701487056,0.0459434726122089,0.5495268797139228,0.4045296476738683,-0.6824547349628368,0.5811025943058705,-0.4433681423126736,6195.491054123889,True,wing_L,high
-0.0136288223955902,0.0041595745143245,-0.0025998742735586,0.001254150947977,0.0002902516998895,0.2451660056017405,0.2451660056017405,0.2451660056017405,False,0.5804212678990591,3.433556647299636e-05,8.529572766923006e-05,2.9368402238291724e-05,2.904336673719962,0.5974526812626898,0.0582346193699982,0.3443126993673119,-0.6325960068978126,0.5451970496072874,-0.5500749668512941,4188.982896394556,True,wing_L,high
-0.0139320006128693,0.0040303828317397,-0.0030771595244917,0.0011474805574084,0.0004387118536706,0.4071363535187245,0.4071363535187245,0.4071363535187245,False,0.1096535765658283,3.29468373107766e-05,8.469347542690489e-05,8.220336109192626e-05,2.5706101811235897,0.0294014895766998,0.5815858132266721,0.3890126971966279,-0.7828134071031465,0.5447256445527117,-0.3007941851602141,15624.217365446062,True,wing_L,high
-0.0154589311186404,0.0015516060828074,-0.0021396065103467,0.0020823251036105,0.0007454889014807,0.338898221138732,0.338898221138732,0.338898221138732,False,0.0826572546925102,8.778034316433822e-05,3.753575788147125e-05,9.533328921576084e-05,2.539799236685192,0.0792267434970024,0.5270413482655788,0.3937319082374187,-0.119175596521568,-0.5122487633701689,-0.8505282956018928,27835.91586130125,True,wing_R,high
-0.0131003272708973,0.0026221143160538,-0.0021517994939222,0.0011030112547216,0.0011028454807259,0.1673919746714356,0.1673919746714356,0.1673919746714356,False,0.2032976995171786,4.279390262578984e-05,2.839303909946409e-05,5.48333976386166e-05,1.9312267857811511,0.2195650010997659,0.2626294219671679,0.5178055769330662,0.4441534395395409,0.0996235325160614,0.8903947854262269,5638.464681183775,True,body,high
-0.0143721589540214,0.0050710054619865,-0.0027888051710856,0.0021351103133323,0.0011993263315782,0.4991327226789789,0.4991327226789789,0.4991327226789789,False,0.1344033848231502,3.355074110942937e-05,9.393856234340603e-05,8.994353080367639e-05,2.799895299988017,0.0425281315795021,0.6003156561848904,0.3571562122356074,0.6792682492586779,-0.6709396439327543,0.2973796222817549,5286.568290657588,True,wing_L,high
-0.0144161413033283,0.0033458608729661,-0.0026995670037315,0.0005476137103387,0.0005153376408376,0.1181562137260197,0.1181562137260197,0.1181562137260197,False,0.4950628357981733,0.0002047780857445,0.0002147190049957,8.674203501085284e-05,2.475374309224619,0.0462973422003582,0.5497233499941738,0.4039793078054679,0.5367123393394103,-0.8061204212582055,-0.2492182401657443,4714.856481733518,True,body,high
-0.0131387207742649,0.0027571603038106,-0.0026180012450561,0.0009085482119089,0.0008935472057791,0.1671084543079324,0.1671084543079324,0.1671084543079324,False,0.5983841475609593,0.0001124982734462,0.0003075407098356,0.0001270868686536,2.733737153598184,0.5867640784155672,0.0474363059616265,0.3657996156228062,0.7281360625161665,-0.6485818991567239,0.2217191794809609,5780.574511856252,True,body,high
-0.0144456503267801,0.0032323767150116,-0.0031639763772695,0.0007169904195773,0.0007013310397188,0.1907575365180188,0.1907575365180188,0.1907575365180188,False,0.5841280035059317,4.579339585836199e-05,9.833323135184618e-05,9.79422069071961e-05,2.1473234187739383,0.0039765239001549,0.5303274420245626,0.4656960340752824,-0.3195238035322891,0.6629806247241137,0.6770238032866224,5849.553686320876,True,body,high
-0.0141014750486522,0.0029562081823161,-0.0028025252078495,0.0001735268349763,0.0001724966822262,0.219349628628609,0.219349628628609,0.219349628628609,False,0.8182378375703475,0.0001069015875867,0.0002941282925408,0.0001127582608955,2.751393119415276,0.6166357886843487,0.0199119685432628,0.3634522427723884,0.3448113587339902,-0.7959035356789179,0.497637105511453,6250.302498099351,True,body,high
-0.0132753936722673,0.002553054049527,-0.0027651716940138,0.000862368676786,0.0008609230723745,0.4181624406146541,0.4181624406146541,0.4181624406146541,False,0.1981207183970071,3.147607154046871e-05,4.302355045154172e-05,7.649178038531946e-05,2.43015651705373,0.4375402136698215,0.1509636571786377,0.4114961291515407,0.8894509229233329,-0.3403180672173405,0.3050584678980163,3378.974082019195,True,body,high
-0.0142132249571292,0.0028664332873552,-0.0030871461069206,0.0004891532445385,0.0004793519157472,0.3929729459634588,0.3929729459634588,0.3929729459634588,False,0.2259075692121321,5.3240555506716193e-05,2.157469490681128e-05,4.182734708837684e-05,2.4677315594348355,0.2143705735170174,0.3803989644512768,0.4052304620317057,0.5497082894915288,-0.5089300158168322,-0.6624281360758894,6175.454411531502,True,body,high
-0.0126970638517098,0.0028997302766801,-0.0022141079590985,0.0013958315131148,0.0013357834011816,0.1753681413109638,0.1753681413109638,0.1753681413109638,False,0.2102509974682,2.6963560309866588e-05,3.10552372056672e-05,4.846992918254902e-05,1.797608647579554,0.35928857893095,0.0844168119245729,0.556294609144477,0.7455870163806184,-0.6590789697749833,-0.0985642562240198,4022.763325265634,True,body,high
-0.0139634765959132,0.0046955281927234,-0.0025728047148393,0.0017286702505467,0.0007446683149342,0.5237212170576414,0.5237212170576414,0.5237212170576414,False,0.1877442735150739,3.307998314150566e-05,8.873954921788456e-05,3.595335037814067e-05,2.682575406350268,0.5948441174761496,0.0323797817541303,0.3727761007697199,0.7176613469087647,-0.5890034196313958,0.3715335285214773,9612.19892594204,True,wing_L,high
-0.0131076001707564,0.0032291162706549,-0.0026155340056609,0.0009507007036749,0.0007372137289,0.1972624641700883,0.1972624641700883,0.1972624641700883,False,0.0981451031525752,7.730728137843352e-05,4.338046962977128e-05,8.36225893165922e-05,1.9276552335709023,0.0755215545197858,0.405713480363739,0.5187649651164752,-0.8275697896211889,0.5569168586444444,-0.0705113881862002,4225.731818089839,True,wing_L,high
-0.0155412863171361,0.0015326753050493,-0.0021550151556989,0.0021489975710745,0.0008055122717339,0.279646130653419,0.279646130653419,0.279646130653419,False,0.0428395437809306,8.527482473432201e-05,8.328593175115927e-05,3.1379202984240465e-05,2.7175586574697093,0.0233233312335643,0.6086993309999384,0.3679773377664972,0.1155287369833845,0.5714477910875413,0.8124657118870886,37101.77989298238,True,wing_R,high
-0.0144050581608695,0.0033067864496341,-0.0032813536877364,0.0008127740836528,0.0007727161996728,0.237206888520307,0.237206888520307,0.237206888520307,False,0.7942328864958863,2.4479154229174747e-05,7.156876841617889e-05,4.5581162946510176e-05,2.923661812256642,0.3631137721771098,0.2948494040672229,0.3420368237556673,0.5588718641348978,0.577923999456905,-0.5946983187550806,4484.87129315825,True,body,high
-0.0131073519558127,0.0026930645517713,-0.0024447391399963,0.0009767029681015,0.0009724823394191,0.1707302915976985,0.1707302915976985,0.1707302915976985,False,0.4335218044389626,0.0001088774601084,0.000249717967251,0.0001138540058782,2.293568999518002,0.5440696273014859,0.0199286652242013,0.4360017074743127,0.6796282345631679,-0.6535230917155205,0.3331861812547738,4606.835686034471,True,body,high
-0.0132416274214802,0.0029079939005046,-0.002597763734312,0.0007840324853673,0.0007416047299184,0.186417364690856,0.186417364690856,0.186417364690856,False,0.7066072200296755,0.0001354376588637,0.0003557301725354,0.0001654953794992,2.6265233430628085,0.5347727230454994,0.0844958425123865,0.3807314344421141,0.6677970159887108,-0.714249631548541,0.209510403725798,7777.250588010651,True,body,high
-0.0139509901775001,0.0030018411275349,-0.0030588218079707,0.0004170346973974,0.0003974315067578,0.2872099972791018,0.2872099972791018,0.2872099972791018,False,0.8262996603498743,5.775444510326269e-05,6.966927799196194e-05,2.721923513169261e-05,2.5595604599058985,0.1710198990446538,0.4382880209422158,0.3906920800131303,-0.799724866102467,0.5796359124752605,-0.1564044356991303,8452.474262744354,True,body,high
-0.0135894425110275,0.0032817308615012,-0.0027139758183722,0.0005370394465341,0.0002645078730722,0.1309367575180335,0.1309367575180335,0.1309367575180335,False,0.2111008498514629,6.332090860612392e-05,3.483993806627616e-05,6.155649391031165e-05,1.8174805157709604,0.0278646458910987,0.4219231282706462,0.5502122258382551,0.2933873534521264,0.249022075858052,0.9229907185718084,5466.134425187321,True,wing_L,high
-0.0143326524934301,0.0028875470766701,-0.0029116624709632,0.0004152746499044,0.0003846287731341,0.1660824879017982,0.1660824879017982,0.1660824879017982,False,0.109199204668026,0.0001242591605627,0.0002761038170571,0.0001077700339854,2.561972070032166,0.5499549340274605,0.059720748351292,0.3903243176212475,-0.0021650617369284,0.5409407539964625,0.8410579130912531,8004.927100057269,True,body,high
-0.0147093507536669,0.00311145846445,-0.0030688450383588,0.0008181786891024,0.0008139572553639,0.2121299478551923,0.2121299478551923,0.2121299478551923,False,0.5951832979517492,3.941201222856561e-05,3.7664201596043126e-05,9.979430132265392e-05,2.649579629829136,0.6050675067994203,0.0175141326644642,0.3774183605361154,0.2851319483071857,0.7160744974728952,0.6371319220722573,3924.694113755011,True,body,high
-0.0155456003659564,0.0015347374223937,-0.0021561553453564,0.0021504126546645,0.0008099722338962,0.3407300734126366,0.3407300734126366,0.3407300734126366,False,0.0426125598427148,7.902992729840891e-05,2.759242870743547e-05,6.62596369643532e-05,2.8641888735627075,0.1615880308966551,0.4892729827640397,0.3491389863393052,-0.1227006052924112,-0.56672437035535,-0.8147196140428975,34841.84138866869,True,wing_R,high
-0.0150894205192981,0.0018815108346753,-0.0026570237880276,0.0015245186793249,0.000577567729651,0.3775606162423592,0.3775606162423592,0.3775606162423592,False,0.1226983657359807,3.1903795251904045e-05,8.233831154543615e-05,7.745081146317365e-05,2.5808312426566906,0.0593587601024034,0.5531691791631618,0.3874720607344347,-0.0156905218840075,-0.7376393730087283,-0.6750125650017916,15038.183117708386,True,wing_R,high
-0.0138954881981182,0.0029985008084364,-0.0031226437025744,0.0004909193325465,0.0004652443064078,0.3047415668943761,0.3047415668943761,0.3047415668943761,False,0.9235565051589522,6.364498953909228e-05,9.259505383760696e-05,4.403055345339462e-05,2.102972744496996,0.3126523836714567,0.2118302789703802,0.475517337358163,-0.0879864206339547,-0.6094113727121171,-0.7879569585917481,9132.10457516736,True,body,high
-0.0154667434984958,0.0015627274957308,-0.0021525217669586,0.0020770627888884,0.0007540607411086,0.3440706266221605,0.3440706266221605,0.3440706266221605,False,0.1210120618538812,7.997698879049572e-05,3.011610579541245e-05,7.366328969461495e-05,2.655621856750102,0.0789439461445574,0.5444964177543222,0.3765596361011203,-0.1149075724218427,-0.5876161312035615,-0.8009391563342858,24934.822008964617,True,wing_R,high
-0.0143191481619175,0.0029364267411543,-0.0029220258345778,0.0004051652744039,0.0003912010019624,0.1545199954781211,0.1545199954781211,0.1545199954781211,False,0.1446013100751758,0.0001132039565343,0.0002645222835801,0.0001111285290656,2.3803274083099644,0.5720437801980498,0.0078459456821384,0.4201102741198116,0.0620058156254817,0.5373802524519116,0.8410575147416129,10186.209893221989,True,body,high
-0.0140095890639352,0.0030994065039436,-0.0028037828160335,0.0002023589317984,0.0001387046141482,0.1033260574757975,0.1033260574757975,0.1033260574757975,False,0.8595836112238165,9.278607884959756e-05,8.360018292987342e-05,3.5619676702566214e-05,2.604910752682738,0.0990007987579052,0.5171088898484615,0.3838903113936332,-0.6216427526674423,0.7213117233620705,-0.3054008608312766,7017.844982578514,True,body,high
-0.0137776563343868,0.002841929597873,-0.0029251885469826,0.0003898788005103,0.0003886284728006,0.1792044600238615,0.1792044600238615,0.1792044600238615,False,0.5620935288081914,5.085450538397332e-05,0.00013928461595,0.0001468526589916,2.887702041006845,0.0515349404880586,0.6021689438464437,0.3462961156654976,-0.3088763915695289,0.9054771629619394,-0.291043780358531,20605.740785485697,True,body,high
-0.0142894815519884,0.0029987139712399,-0.0029864500869951,0.0004318092714805,0.0004309850097312,0.1444199986787773,0.1444199986787773,0.1444199986787773,False,0.3892696710136463,0.0001275432142795,0.0002345888797576,9.28662833506014e-05,2.526093123292166,0.4563117637487879,0.147820011608434,0.395868224642778,0.019423478684987,0.5651453776214067,0.8247626510875304,9877.651184813789,True,body,high
-0.0143082538561563,0.0034409094347588,-0.0026555231437105,0.0005517670179184,0.0004583514054415,0.1298853008455566,0.1298853008455566,0.1298853008455566,False,0.246893556960744,2.2531798594036225e-05,2.338090480817678e-05,5.460503941494465e-05,2.423465627346663,0.5718178201373526,0.0155499606490196,0.4126322192136277,-0.6924067954698079,0.6816414831069765,0.2365115601719164,5677.836118596486,True,body,high
-0.0130141012630714,0.002710447245436,-0.0019936585171098,0.0012294926812092,0.0012275617027205,0.1970607615084477,0.1970607615084477,0.1970607615084477,False,0.1765951271350406,4.152361838449756e-05,2.1210939924578767e-05,3.267423546911479e-05,1.9576510297113667,0.2131168539658529,0.2760668744806625,0.5108162715534845,-0.723662802509096,0.6603842957597938,-0.2005111722037508,6348.290770967796,True,body,high
-0.0140129755108833,0.0030341362983961,-0.0027788570427739,0.0001452338626377,0.0001190329545951,0.1804543910392866,0.1804543910392866,0.1804543910392866,False,0.2733145462199445,0.0001167425351138,0.00028336517461,0.0001452655028667,2.4272659004167827,0.487355836627917,0.1006579859086698,0.4119861774634131,0.385219360876968,-0.8701074700950531,0.30743948102078,8555.704829493485,True,body,high
-0.0135736120192674,0.0028178395274013,-0.0028403287050675,0.0005101362252598,0.0005040394362666,0.1844544460408687,0.1844544460408687,0.1844544460408687,False,0.2120530485783053,3.657296323677346e-05,0.0001022843223224,9.430429384616422e-05,2.796719578347232,0.0780180998915562,0.5644201310479336,0.35756176906051,-0.3775258873835627,0.81917903871632,-0.4317637164967194,6914.945167758397,True,body,high
-0.0131449880608527,0.0027047430579753,-0.002767350595783,0.0009232914583585,0.0009126457155071,0.2571391838799167,0.2571391838799167,0.2571391838799167,False,0.1335628550498181,0.0001491551521026,0.0001047783510021,6.34009121864262e-05,2.352571074436394,0.2975210743643205,0.277412065439088,0.4250668601965915,0.5046309192094354,-0.7496945860539787,-0.4281421061040293,4460.725961297724,True,body,high
-0.0137429877189827,0.004401083618014,-0.0025885329216579,0.0014596730039958,0.0004506039948018,0.4336775847197371,0.4336775847197371,0.4336775847197371,False,0.1146315305533482,2.570124428183453e-05,6.803099187323545e-05,6.014200934874099e-05,2.646992150544217,0.1159615979022367,0.5062511087752645,0.3777872933224988,-0.4439192512826031,0.6448865097210676,-0.6221391226409673,7335.292616196454,True,wing_L,high
-0.0139452640338776,0.0045933320129281,-0.0026191676849474,0.001625880163978,0.0006653230652116,0.6015126065062284,0.6015126065062284,0.6015126065062284,False,0.1994581582250123,4.308900273318045e-05,0.000112233801198,9.717644656538568e-05,2.604697117106228,0.1341606046661015,0.481917597504682,0.3839217978292165,0.7368609074798362,-0.6155197838426422,0.2795914854324061,9697.415084498263,True,wing_L,high
-0.0152523928738667,0.0018296604628032,-0.0025667173712979,0.0016795883033147,0.0006726383405194,0.3279182720974492,0.3279182720974492,0.3279182720974492,False,0.1250549082708053,7.117555330314928e-05,3.144624786492906e-05,7.23840902294345e-05,2.301835517558266,0.0166961679348948,0.5488679254279633,0.4344359066371419,-0.0128483154376344,-0.6769267982646081,-0.7359381975285981,6829.009167455689,True,wing_R,high
-0.0136829857270534,0.003862140819732,-0.0028540436203161,0.0009764312242526,7.460998664638631e-05,0.3780345065237596,0.3780345065237596,0.3780345065237596,False,0.2991256709257994,5.888035210579871e-05,9.17294919782209e-05,3.3209707903833256e-05,2.762128840273026,0.3581088171754127,0.2798515902394877,0.3620395925850996,-0.6599656500922,0.543174034803256,-0.5190446113909009,4978.63209889769,True,wing_L,high
-0.0142255993035633,0.0046234666828232,-0.0029528652528963,0.00169395060573,0.0008724210624689,0.3803536667786302,0.3803536667786302,0.3803536667786302,False,0.190017428841538,3.0237437102858613e-05,7.548629057478543e-05,8.216754227590813e-05,2.7174109365287475,0.0813125416199976,0.5506901170292636,0.3679973413507387,-0.6542825014769651,0.5844655057992388,-0.4799109092236645,5345.653687622463,True,wing_L,high
-0.0142145241779287,0.0020692504859461,-0.0025307536251914,0.0009282877311058,0.0001997921735488,0.2156117231933523,0.2156117231933523,0.2156117231933523,False,0.1893964256230279,8.86859108844314e-05,3.490841751745672e-05,8.64467190850644e-05,2.540530828705772,0.0252485629006499,0.5811329111201033,0.3936185259792467,-0.1183429904855032,-0.6312342463058811,-0.7665104453910553,6023.159328716858,True,wing_R,high
-0.0131990642339856,0.002812640411485,-0.0026333064107613,0.0008374678339379,0.000815125822262,0.1673406914838727,0.1673406914838727,0.1673406914838727,False,0.4415335850709336,0.0001282675911524,0.0003173481910828,0.0001204435740304,2.634828745638321,0.5958143302636526,0.0246543618077415,0.3795313079286058,0.0604739745798757,0.6069333723066467,0.7924485976888305,6349.333318100354,True,body,high
-0.0134868846982591,0.0030537150325424,-0.002658542880882,0.0005413432050731,0.0004537031386566,0.151226639615315,0.151226639615315,0.151226639615315,False,0.0190024568830743,5.7726251574360535e-05,0.0001428195574498,8.268493703607495e-05,2.474083342583125,0.4210531210679114,0.1747567763642719,0.4041901025678167,0.2297331532582622,-0.8410537966801344,-0.4897460458073622,8210.932291645055,True,wing_L,high
-0.0142835790083509,0.0030425754199132,-0.002971295038395,0.0004216870108744,0.0004214995832705,0.2408616647492324,0.2408616647492324,0.2408616647492324,False,0.0887205465923816,2.323763643639336e-05,2.8064230650623747e-05,5.9374763005867504e-05,2.5551119696871747,0.527337386629225,0.0812903322873628,0.3913722810834122,-0.8279434053451464,0.0403962816204848,0.5593548587227258,9810.122039023076,True,body,high
-0.0132747233123513,0.0029865582651241,-0.0026477062501543,0.0007470285767756,0.00067512190564,0.1815388034650827,0.1815388034650827,0.1815388034650827,False,0.0258480577444744,5.918492312503007e-05,2.9277098696227644e-05,6.716835629517356e-05,2.294228570668725,0.1188570572586297,0.445266582040083,0.4358763607012872,-0.8654159516039102,0.4943040768409967,-0.081967739555685,6360.73618833002,True,body,high
-0.0142459338834495,0.0032414751434576,-0.0026223253165397,0.0003535836377812,0.0003210911699466,0.252954677544707,0.252954677544707,0.252954677544707,False,0.2878795356162791,2.482010474295802e-05,5.284250914758014e-05,2.341020011568792e-05,2.257242949075377,0.5303004126159171,0.0266812581388305,0.4430183292452524,-0.8138626054087019,0.4479217203618779,-0.3701267241708104,7994.146379943349,True,body,high
-0.0132913372127296,0.0031404532074928,-0.0027606412621097,0.0007582123705425,0.000594948533115,0.1800356175738964,0.1800356175738964,0.1800356175738964,False,0.02796098242278,9.743200809647768e-05,0.0002215681957336,0.0001078680769144,2.274080151507209,0.5131608281719243,0.0471009333419684,0.4397382384861072,0.6100981472272733,-0.7203454739290509,0.3299737094675565,4353.399905327427,True,wing_L,high
-0.0137272807867627,0.0028082478064511,-0.0029313897749312,0.0004385300494123,0.0004379493259658,0.1223792917439406,0.1223792917439406,0.1223792917439406,False,0.5747769959095139,6.049751534186093e-05,0.0001001955866463,0.0001459150219458,2.4119175989514683,0.3133291876999587,0.2720629498943233,0.4146078624057179,-0.3451670820583314,0.9078222029061732,-0.2381565312434663,17515.190314447646,True,body,high
-0.0131575327222117,0.0032105531232941,-0.0024745405714174,0.000913836044949,0.0007374663938085,0.1907079347464416,0.1907079347464416,0.1907079347464416,False,0.0339617252224504,5.54318409670182e-05,0.0001258300442026,0.000130918494701,2.361792291527565,0.0388673159591959,0.5377254252453163,0.4234072587954877,-0.1121326762843619,0.949432673759652,-0.293264148690059,4318.241218240637,True,wing_L,high
-0.0141056295076368,0.0046238705232334,-0.0027942640676197,0.0016628380357841,0.0007681261149102,0.4480675756896914,0.4480675756896914,0.4480675756896914,False,0.1115395957208185,6.781664429374108e-05,7.375797831074565e-05,3.0238302215248856e-05,2.4392235313247936,0.0805517471204737,0.5094817257622355,0.4099665271172908,-0.6432269191252483,0.5854048490577987,-0.4935182805249032,5799.113243064254,True,wing_L,high
-0.013234333026533,0.0028680453843083,-0.0024722077466241,0.000813202731344,0.0007880891229378,0.1139881852674695,0.1139881852674695,0.1139881852674695,False,0.9699186659750464,4.820265898082723e-05,4.423725397386307e-05,0.0001123401903601,2.5394928542919613,0.5709224025141303,0.0352981866440891,0.3937794108417805,-0.922306656611156,0.3864335030318883,-0.0044248056741994,7450.053563948073,True,body,high
-0.0154528537807377,0.0015547904958859,-0.0021246710076958,0.0020796790652042,0.0007455011769051,0.3623494595368648,0.3623494595368648,0.3623494595368648,False,0.1333983208816512,7.598277084870973e-05,7.125793731959558e-05,2.9752670039459733e-05,2.5538135148185668,0.0621829590621513,0.5462457714628166,0.3915712694750321,0.0686780761911385,0.6138008579333797,0.7864679450879936,25028.19263767096,True,wing_R,high
-0.0141952069831881,0.0021231784421696,-0.0026476488520922,0.0008639719407629,0.0002374831987372,0.260474877797242,0.260474877797242,0.260474877797242,False,0.1922683581766218,8.14276389623917e-05,3.317112308791829e-05,7.842762554429883e-05,2.454774857835597,0.0368426919449114,0.5557879736299708,0.4073693344251177,-0.1692566993584373,-0.5283155140146913,-0.8320065428671101,5711.9233820584,True,wing_R,high
-0.0142106053578611,0.0029406151207093,-0.0029828265530045,0.000384663458999,0.0003817522199612,0.1530965759612949,0.1530965759612949,0.1530965759612949,False,0.4897760594183928,0.0001519164201376,0.0002520406591453,0.000104683615541,2.4076419011967976,0.3972543134395893,0.1874015278203102,0.4153441587401005,-0.10750875109568,0.5855318829449462,0.8034888191460992,8360.65518855556,True,body,high
-0.0131416811765058,0.0027136434396638,-0.0021676711666222,0.0010350847058509,0.0010339333054159,0.1420033667392176,0.1420033667392176,0.1420033667392176,False,0.4202887720472767,4.259207771452836e-05,1.635116937398506e-05,1.8853242196507537e-05,2.6048337424901824,0.5573533105646873,0.0587450285776739,0.3839016608576387,-0.19732559366907,-0.7228322689134306,-0.6622507992449772,5842.500926359965,True,body,high
-0.0137783986035423,0.0029477813033907,-0.00281964238774,0.0002978117688447,0.0002774450936209,0.1267186564914302,0.1267186564914302,0.1267186564914302,False,0.1754161145597523,0.0001550080222501,0.0001273567023566,6.32110986374763e-05,2.4522279408421146,0.1783863795700995,0.4138211867230273,0.4077924337068731,0.3463265499846005,-0.8739722259504996,-0.3409258996364053,22260.03336288201,True,body,high
-0.0131727259320272,0.0026149526274786,-0.0022266026809867,0.0010122802621017,0.0010113845535378,0.1474472536476919,0.1474472536476919,0.1474472536476919,False,0.2047273829795575,3.657453281175976e-05,4.175150589347552e-05,2.083810973012946e-05,2.003612920470792,0.1239948828414536,0.376906718569148,0.4990983985893984,-0.7092788399200142,0.3555395403006207,-0.6086995667195292,5141.37642592831,True,body,high
-0.0143151421621042,0.0029690177465885,-0.002939498258599,0.0004129641751205,0.0004067016978536,0.1051474345281114,0.1051474345281114,0.1051474345281114,False,0.4414651513509214,0.000113409428161,0.0002259384522917,8.499828316956903e-05,2.6581531281163886,0.4980516728749365,0.1257472763193047,0.3762010508057587,0.0516573197093201,0.5092534566585843,0.8590648626278068,11107.752297065756,True,body,high
-0.0137860047305084,0.0028364639851996,-0.0029524394385017,0.0004064711163343,0.0004055433916175,0.1319614460480187,0.1319614460480187,0.1319614460480187,False,0.469837817374849,6.462851266701868e-05,0.0001245845797831,0.0001572193986543,2.432663110544265,0.2075750139649781,0.3813528586756902,0.4110721273593316,-0.5555476181343095,0.8128606182649061,-0.1749984550197243,19710.42411657776,True,body,high
-0.0134190652027532,0.0029263878038708,-0.002697696614512,0.0006059867201859,0.0005664688928042,0.2164379373803894,0.2164379373803894,0.2164379373803894,False,0.9069480299084172,3.2262632388344216e-05,5.325355527603428e-05,2.5560060168409567e-05,2.0834675241434653,0.3941694179644118,0.1258614976069214,0.4799690844286667,-0.7897983300270636,0.5263030187733713,-0.3149979846229147,11070.08295064345,True,body,high
-0.0136945336875365,0.0029730402919933,-0.0028166409177743,0.0003674710557888,0.0003285314197535,0.1464197067105311,0.1464197067105311,0.1464197067105311,False,0.0319154987962623,0.0001039978153491,0.0002385230943923,9.989332853576408e-05,2.387778021702263,0.5639926791405429,0.0172079220413487,0.4187993988181084,0.1965916850780372,0.4428403472055407,0.8747823364958016,18044.31346365488,True,body,high
-0.0136603878411293,0.0030227947545855,-0.0027526700691921,0.0003794907829169,0.000314407554581,0.1429488269479581,0.1429488269479581,0.1429488269479581,False,0.108402129218103,9.375070774518684e-05,0.0002346584674288,9.665571760262236e-05,2.503004756686096,0.5881004480185134,0.0123797359169057,0.3995198160645809,0.6455158620552576,-0.6740899539297759,0.3590431810326028,13094.652861870363,True,body,high
-0.0142591427431564,0.0031407970334041,-0.0029586793371502,0.0004261918567639,0.0004121268593066,0.3169098903118488,0.3169098903118488,0.3169098903118488,False,0.2150855532817222,2.545820146782681e-05,2.5026200845099856e-05,5.864028476301598e-05,2.3431556841556227,0.5658581541561148,0.0073669598378112,0.4267748860060739,0.4784122045797404,0.6381567853606588,0.6032227447695444,8242.124460450546,True,body,high
-0.0144502772340999,0.0017645071586109,-0.0020914219692393,0.0013952879700714,0.0003535997400715,0.3004924101145175,0.3004924101145175,0.3004924101145175,False,0.268491790904765,6.938720712806537e-05,2.6292872379092737e-05,4.05036650154219e-05,2.639012053443042,0.4162661001664787,0.2048042171534709,0.3789296826800503,-0.1045228412555077,-0.6542620133128134,-0.7490101425159343,4129.861319791394,True,wing_R,high
-0.015527991749692,0.0015473043292908,-0.0021774534703612,0.0021247271799845,0.0007959383725013,0.332536583756961,0.332536583756961,0.332536583756961,False,0.043688590220085,2.8361051276111048e-05,6.376692425480042e-05,6.823169985737425e-05,2.4058240716502235,0.0654355030272822,0.5189065061063817,0.415657990866336,0.1433384946899595,0.5721916146063282,0.8074966452649941,28134.324262646074,True,wing_R,high
-0.0154368231471854,0.0015488371119486,-0.0021020689022498,0.0020785882518739,0.0007356600882645,0.3779673928046917,0.3779673928046917,0.3779673928046917,False,0.112950990051234,8.007246200330722e-05,8.016200953304762e-05,3.191188954934462e-05,2.5119794115950094,0.0011170818977969,0.6007904833536878,0.3980924347485153,0.0939188796698924,0.6074866303872224,0.7887580351047654,16553.550632186747,True,wing_R,high
-0.0155627803720366,0.001576109344431,-0.0022121280671626,0.0021231771633416,0.0008339193515665,0.3108640732946656,0.3108640732946656,0.3108640732946656,False,0.0800677062106834,7.509503814590016e-05,3.133853063156388e-05,8.192498167289141e-05,2.614193455208692,0.0833682643257916,0.5341045749518318,0.3825271607223764,-0.0792499430542525,-0.6041844927669371,-0.7928937792831122,12779.149733125656,True,wing_R,high
-0.0144208795154981,0.0034176049952609,-0.0024655819082619,0.000627622557643,0.0005919659122908,0.2417324364598896,0.2417324364598896,0.2417324364598896,False,0.1460225112438011,6.239702236822094e-05,5.573637769999742e-05,2.7213447049531347e-05,2.2928746312310886,0.1067461942160851,0.4571200606680379,0.436133745115877,-0.6801861069319082,0.715150157705136,-0.1609568633862308,3641.2707902414863,False,body,high
-0.0142961746100933,0.0030995303478256,-0.0028295705032653,0.0003534084551771,0.0003516871474352,0.1322073363217626,0.1322073363217626,0.1322073363217626,False,0.1413264440293075,9.659936714210628e-05,0.0002718278903313,0.0001042526229921,2.813971751299732,0.6164756204190399,0.0281547851498451,0.3553695944311149,0.8098509352926707,-0.5707953420928467,0.1354036190457866,7487.60527711543,True,body,high
-0.0137672485963422,0.0028947638474839,-0.0029406983824194,0.000394088326839,0.0003847105131056,0.136150223179832,0.136150223179832,0.136150223179832,False,0.3530614394756286,8.836964891504832e-05,0.0001322788014845,0.0002102430055499,2.379131388787644,0.3708290026649004,0.208849528452467,0.4203214688826325,-0.4850576206770816,0.8639212966688652,-0.1354957482177041,22197.947257315776,True,body,high
-0.0137852329668683,0.0033177056670196,-0.0023945944543715,0.0004917752337906,0.0003280711445115,0.2288815254088756,0.2288815254088756,0.2288815254088756,False,0.009617565244576,4.308563324916263e-05,1.878081498700131e-05,1.6324588167630206e-05,2.6393090475995296,0.5641049331132596,0.0570080241171537,0.3788870427695867,-0.979904719326911,0.1166181839810456,0.1618237936949044,3564.81264960118,True,body,high
-0.0145044650985788,0.0031473709640944,-0.0031178993036591,0.0006961537905676,0.0006949436224492,0.1241251395901783,0.1241251395901783,0.1241251395901783,False,0.7046688225635692,5.157717786496212e-05,0.0001264696489834,5.8128036882180906e-05,2.452046703962385,0.5403795507506935,0.0517978745878817,0.4078225746614247,-0.206264577475306,0.776096148408364,0.5959275899844176,5627.928285566856,True,body,high
-0.0144820799739648,0.0029333357944445,-0.0029558536032354,0.0005545315304765,0.0005281364039267,0.1664076401251064,0.1664076401251064,0.1664076401251064,False,0.1225945405049337,0.0001152411870427,0.0002136352291337,8.735210648340403e-05,2.4456791911977,0.4605703024258806,0.1305453256584883,0.408884371915631,-0.0608136707080389,0.6100211498145706,0.7900480328650427,6238.58818024068,True,body,high
-0.0137463977831459,0.002967082777868,-0.002854360519031,0.0003433086648245,0.0003114497032688,0.1457507049181539,0.1457507049181539,0.1457507049181539,False,0.0581223141882283,6.213117997103485e-05,0.0001021353319839,0.0001586978547931,2.5542385460430865,0.3564164297172182,0.2520774591761446,0.3915061111066372,-0.4556662216724476,0.8393584043011425,-0.2963878600007018,21678.934429221248,True,body,high
-0.0142799126831419,0.0029639623865551,-0.0029395963714253,0.0003888217899454,0.0003838802681628,0.1108309904711826,0.1108309904711826,0.1108309904711826,False,0.4916207654518728,0.0001003025685982,0.0002331297393908,9.054053732214528e-05,2.574865869874545,0.5697564417979007,0.0418738137040205,0.3883697444980786,0.0938766228108754,0.4038528042763032,0.9099945561198652,10980.620839590754,True,body,high
-0.0137076479942223,0.0029043873505393,-0.0029219375988906,0.0004209930937006,0.0004049031047492,0.1342635735589545,0.1342635735589545,0.1342635735589545,False,0.6149802765184813,9.871183629941532e-05,0.0002453803211523,0.0001013529766049,2.485824703007424,0.5869555629846831,0.0107634560635342,0.4022809809517826,0.6266065014363895,-0.6793706786172261,0.3818635533705954,14253.731201883744,True,body,high
-0.0136787171631537,0.0029011806587274,-0.0027572780518829,0.0003659465348972,0.0003529517880867,0.0976035599384982,0.0976035599384982,0.0976035599384982,False,0.0621338050851995,7.894119269081947e-05,0.0002135084395991,8.623954362590468e-05,2.704651808789041,0.5960836780606952,0.0341829622697169,0.3697333596695878,0.5326009952660296,-0.7982497560184176,0.2813067842377277,26878.784853083194,True,body,high
-0.0136775642076045,0.0029462089918866,-0.0027790012601031,0.0003684495203577,0.0003403314861857,0.1205602350456869,0.1205602350456869,0.1205602350456869,False,0.0397805038191233,8.896757733176673e-05,0.0002215061867184,8.846029192507033e-05,2.504018265122169,0.5983517271015785,0.002290163603156,0.3993581092952654,0.0960516867720443,0.5856469976347515,0.8048550600136937,20017.912949285823,True,body,high
-0.0141467587382413,0.0033832607407383,-0.0026609948035109,0.0004324357755418,0.0002883676573932,0.1091358877593923,0.1091358877593923,0.1091358877593923,False,0.3281376964349788,2.7162886184487803e-05,2.3909586885164484e-05,6.50535182973934e-05,2.7208131453646347,0.5824532339617335,0.0500095826401087,0.3675371833981577,0.494856590457297,0.1445533435090099,0.8568671342520642,5941.483027720467,True,body,high
-0.0127465921635618,0.0030122434525672,-0.002301983055819,0.0013220555053956,0.0012236626575871,0.2181193365518965,0.2181193365518965,0.2181193365518965,False,0.3936588004550496,4.741418006654503e-05,3.08506710213902e-05,7.107855349522215e-05,2.303954861984691,0.3329326817303313,0.2330310372209279,0.4340362810487408,-0.7942044035035859,0.5814794494991735,-0.1764114941426756,3472.43882265968,True,wing_L,high
-0.0141976384338883,0.0019733699300638,-0.0023278589097366,0.0010613647341515,0.0002946571420029,0.2148950700719414,0.2148950700719414,0.2148950700719414,False,0.3393170750843959,8.066016010715592e-05,3.256169076707912e-05,9.210098269092484e-05,2.828507381565143,0.1242204181703726,0.5222362230540692,0.3535433587755582,-0.0883673121390796,-0.653445320688735,-0.7517981318248345,5370.440298995834,True,wing_R,high
-0.0137934320675823,0.0028857717790664,-0.0029364666643038,0.000376362693663,0.0003705308315213,0.1384034887422243,0.1384034887422243,0.1384034887422243,False,0.5832936320792252,7.219471066185644e-05,0.0001274090002508,0.000174418792281,2.41594973762044,0.2695225177027129,0.3165615864372442,0.4139158958600428,-0.4422248913799937,0.8690771473365516,-0.2216800789906817,24169.59787960279,True,body,high
-0.0130767127498782,0.0025562859117944,-0.0026622118050581,0.0010313402781442,0.0010312029893509,0.1994949810592175,0.1994949810592175,0.1994949810592175,False,0.2092089941963668,4.146987638099063e-05,2.0080218354631428e-05,1.8051104730891444e-05,2.29735946908678,0.5157878415129302,0.0489298208921141,0.4352823375949557,-0.9341661366632216,0.3541949349078594,-0.0433540908949614,4331.154409649744,True,body,high
-0.0137000642885586,0.0029596774767084,-0.0028004534207195,0.0003554852730565,0.0003233630709656,0.1533798609265601,0.1533798609265601,0.1533798609265601,False,0.0364269518251656,9.843630032862151e-05,0.0002510633131994,0.0001034978641583,2.550515535034504,0.587761896234719,0.020160507583742,0.392077596181539,0.6001940882324146,-0.7592743693802598,0.2515342689437549,19884.40305870609,True,body,high
-0.0137791763870299,0.0029358915502005,-0.0030260353733926,0.0004494206610277,0.0004296649531548,0.117060838467997,0.117060838467997,0.117060838467997,False,0.2646133107550338,7.547304569897141e-05,0.0001885530160497,6.642521202499025e-05,2.838576051195377,0.5997250678871521,0.0479856215696686,0.3522893105431793,0.1825687956409568,0.4913706734487586,0.85160054963153,15284.467773251536,True,body,high
-0.0136013234854621,0.0031927130093251,-0.0026719521240933,0.0004763769076385,0.0002930055717875,0.1432250835944032,0.1432250835944032,0.1432250835944032,False,0.014640757420769,9.314834495827612e-05,0.0001601090376993,6.538702806946922e-05,2.4486361045379,0.4182193191792399,0.1733900677170963,0.4083906131036637,0.1026047201152405,0.6624903604925351,0.7420099687096825,6597.254588192957,True,wing_L,high
-0.0142219547241286,0.0031274274365264,-0.0027956640609432,0.0002942509903729,0.0002818612379347,0.1085177656147414,0.1085177656147414,0.1085177656147414,False,0.7467991192973029,7.085223887071058e-05,0.0001905471513938,8.299850362106248e-05,2.6893596367721684,0.5644201290130103,0.0637441423894477,0.371835728597542,0.5808748852738989,-0.7877880058626472,0.2048766103707025,6149.51864062937,True,body,high
-0.0137344936742698,0.0027362939860588,-0.0029964877880305,0.0005074397118082,0.0005062946644763,0.098657740504872,0.098657740504872,0.098657740504872,False,0.5554895801908619,7.188102392639392e-05,0.0001729387875545,8.802269386571955e-05,2.405903228808051,0.4910182087522746,0.0933374760374969,0.4156443152102285,0.6864435704959191,-0.7222765080258681,0.0843319066473207,11529.964266250332,True,body,high
-0.0131284958884491,0.0031793764160384,-0.0026114364664505,0.0009181578729354,0.0007378491564159,0.1275814246619956,0.1275814246619956,0.1275814246619956,False,0.422943180632004,4.930266416460234e-05,0.0001174073054332,4.452272876024309e-05,2.637019533674165,0.5800715808724715,0.040712418931012,0.3792160001965165,-0.493539885073163,0.1641218032779242,-0.8540974274231075,4753.352002199518,True,wing_L,high
-0.0140830169625705,0.0047942682200463,-0.0026406953866505,0.0018258040433947,0.0008587220233858,0.560335098928761,0.560335098928761,0.560335098928761,False,0.1272147071576379,4.127984630025493e-05,0.0001127444435387,9.448834651900046e-05,2.7312224643152527,0.1619245831255903,0.4719390024792128,0.3661364143951968,0.7478352121992549,-0.6170998567974749,0.2448065810705083,9005.404061829873,True,wing_L,high
-0.0139104059650992,0.0029525047275163,-0.00279767994841,0.0001863536744191,0.000178069619713,0.3625268068879531,0.3625268068879531,0.3625268068879531,False,0.1563636097838307,1.5907514921610303e-05,4.323129523261685e-05,1.5863444838628065e-05,2.725214836524477,0.6320370501041913,0.0010194023275293,0.3669435475682793,0.6869165709177231,-0.3845894447388587,-0.6166332650725985,10997.582292796287,True,body,high
-0.0140208900792779,0.002950491976511,-0.0026659200204216,2.5421273182248483e-05,2.122819888454283e-05,0.1651148666303665,0.1651148666303665,0.1651148666303665,False,0.0756435836231252,5.564911348425453e-05,0.0001338574006803,0.0001338789125062,2.405769007337341,0.0001606812117056,0.5841718141566753,0.4156675046316191,0.1580143892464836,0.9738056245154996,-0.1635055303438976,9686.880947053827,True,body,high
-0.0154984398585806,0.0015624081158656,-0.002165591821494,0.0020964013090294,0.0007787752846248,0.3093170360745731,0.3093170360745731,0.3093170360745731,False,0.0776105050507765,6.196903893103934e-05,2.82760343523758e-05,6.457251113576017e-05,2.283648065038324,0.0403185838513724,0.5217855707644053,0.4378958453842221,-0.1196385299735806,-0.5918652595875602,-0.7971086103155023,26010.51696773248,True,wing_R,high
-0.0152518138995051,0.0018266818096535,-0.0025610605646621,0.0016814740729413,0.0006695926166897,0.2754376641404136,0.2754376641404136,0.2754376641404136,False,0.1880138892736382,7.812752762821347e-05,7.434249543506225e-05,3.072749441832155e-05,2.5425935015915,0.04844684464051,0.5582539514662745,0.3932992038932154,0.0008142439171748,0.7070032932892624,0.7072097852016619,6785.238489976278,True,wing_R,high
-0.0141769614776395,0.0021050470319074,-0.0025996211052671,0.0008797196459298,0.0002357011443592,0.231139583006827,0.231139583006827,0.231139583006827,False,0.3596070105258593,7.312517673257298e-05,3.0384717447700315e-05,7.387638696646093e-05,2.4313665938681392,0.0101684755404861,0.57854019450459,0.4112913299549238,-0.176582586193848,-0.5487061335190806,-0.8171536999191973,5881.497880172195,True,wing_R,high
-0.0142691755622017,0.0031531361871566,-0.0029583986286621,0.000436706845483,0.0004211507502858,0.2896355239092257,0.2896355239092257,0.2896355239092257,False,0.2336078460967272,3.112037304978292e-05,7.139343605803147e-05,2.651038870227776e-05,2.693036185165304,0.5641003603680452,0.064571543296473,0.3713280963354817,-0.8575445922214616,0.4498151001464161,-0.249566920949066,8338.948931949555,True,body,high
-0.0137587242872508,0.0028460273243911,-0.002891007330258,0.0003779716429459,0.0003761678229032,0.1121680188346653,0.1121680188346653,0.1121680188346653,False,0.4429661466933957,7.114989993098556e-05,0.0001373488810539,0.0001749318687115,2.4586382957840724,0.2148435727257852,0.3784272220410819,0.4067292052331329,-0.4309716991064969,0.8867090578148822,-0.167363201924147,15899.789084885368,True,body,high
-0.0138647831795699,0.002972917418615,-0.0029782508885132,0.000364619035193,0.0003435706085671,0.2206057640690213,0.2206057640690213,0.2206057640690213,False,0.7168784886206415,2.440437746175481e-05,6.011695004712844e-05,2.199683994665666e-05,2.732981200614033,0.5940516369738802,0.0400475658397635,0.3659007971863563,-0.7700946954717897,0.5975869831349163,-0.2232576036642881,12803.15062054102,True,body,high
-0.0133139203416964,0.0028207593252286,-0.0023969274871564,0.0007658037959939,0.0007574168990619,0.1019618238016668,0.1019618238016668,0.1019618238016668,False,0.9475414558039248,7.907214510543567e-05,4.95106892915385e-05,2.73816977551644e-05,2.8877736440035773,0.3738542286222234,0.2798582422023211,0.3462875291754554,-0.6145732922429223,0.7288939325399529,-0.3016841122235933,6799.266063980052,True,body,high
-0.0138663900505606,0.0030191619490834,-0.0029076835875377,0.0003056471568835,0.0002656664316969,0.1145798082961863,0.1145798082961863,0.1145798082961863,False,0.6360939447706021,8.883268955522647e-05,0.0001729248517608,7.381800367165848e-05,2.3425836944882192,0.4862930998601955,0.0868278083264089,0.4268790918133956,0.1896898027966366,0.5115772174128868,0.838037307844383,15236.587443107604,True,body,high
-0.013733943187219,0.0029206018400514,-0.0027527553385612,0.0003096191064132,0.0002960073429429,0.1205559642490833,0.1205559642490833,0.1205559642490833,False,0.3513729799014984,4.8011666762828704e-05,0.0001376852716684,5.4584473496456166e-05,2.867746132384428,0.6035561913411898,0.0477379072865238,0.3487059013722863,-0.2464908129995804,0.7597865398467334,0.6016366785482199,24253.90402603843,True,body,high
-0.0142420706944677,0.0029276861942262,-0.0028551661724797,0.0003047140854387,0.0002901634415967,0.1124054684001612,0.1124054684001612,0.1124054684001612,False,0.1672116800620284,9.600309776895086e-05,0.0002198077750628,9.434594321556638e-05,2.329806323103653,0.5632406645237171,0.0075391079906567,0.429220227485626,0.106965189117312,0.6040733067761046,0.789717600384897,7115.225632352319,True,body,high
-0.0137634080446638,0.002842071272863,-0.0029583320830089,0.0004225210286395,0.0004203593725486,0.1402102374754629,0.1402102374754629,0.1402102374754629,False,0.5049153105108816,7.800781023334656e-05,0.0001858551803475,0.0001101699610118,2.382520157810332,0.4072268483140296,0.1730495255408486,0.4197236261451217,0.6311140158028059,-0.7374542761551339,0.2405333441287577,19930.78998838373,True,body,high
-0.0137083530877518,0.0030473356350737,-0.0028648586859085,0.0003882202885305,0.0003099710146136,0.1145926206859971,0.1145926206859971,0.1145926206859971,False,0.1760629070723221,8.505991161728292e-05,0.00020798006041,9.351113367215376e-05,2.445100829000132,0.5503841402499455,0.0406347706516031,0.4089810890984513,0.7027880573365529,-0.5703417816060041,0.4252048901642631,11840.007871870584,True,body,high
-0.0137760597380995,0.0029375468461054,-0.0029693904630682,0.000404837745959,0.000385035898828,0.0915971721261789,0.0915971721261789,0.0915971721261789,False,0.7968776964320627,7.552841608648196e-05,0.0001685054675124,6.818219892829547e-05,2.471399722523306,0.551774685999932,0.043596313322267,0.404629000677801,0.2828348678161375,0.3646246209970176,0.8871602579636947,21098.334276925973,True,body,high
-0.0137977534886602,0.0029546251048876,-0.0028751665371942,0.0003184768450153,0.0002966874763287,0.0847321524266189,0.0847321524266189,0.0847321524266189,False,0.8471667596400904,5.85237438146207e-05,0.0001421029567302,5.5024547940965015e-05,2.582537468236146,0.5881595628886541,0.0246243706265515,0.3872160664847943,0.0414965269109156,0.3857440279801716,0.9216721668423996,31679.292439995545,True,body,high
-0.0137421892186295,0.0030139592402187,-0.0029260336277172,0.0003958886359255,0.0003415311132079,0.0869411967485882,0.0869411967485882,0.0869411967485882,False,0.4227403323250733,8.441841660663129e-05,0.000195710851291,7.823772841965607e-05,2.501489437950746,0.568657455374826,0.0315807128026045,0.3997618318225694,0.1050935541714549,0.5466684026183939,0.8307279954655826,16683.54447281172,True,body,high
-0.0151014666002647,0.001880977774814,-0.002671212839061,0.0015334981710985,0.0005937294419052,0.3712264363836342,0.3712264363836342,0.3712264363836342,False,0.1253585223924951,6.22516392543239e-05,2.835756240112481e-05,6.727573707086483e-05,2.3724090286475508,0.0746791939454903,0.5038083316351747,0.4215124744193349,0.0043100353317219,-0.752349956192031,-0.6587495480175206,13225.182261689804,True,wing_R,high
-0.0139093804499753,0.0040057718928636,-0.0030499903728055,0.0011167539905391,0.0003993770507378,0.4109010102823132,0.4109010102823132,0.4109010102823132,False,0.0870251960103793,8.422365203608212e-05,7.875147901305e-05,3.5627898287397e-05,2.3639803660794487,0.0649719276087409,0.5120127147559275,0.4230153576353315,-0.7836293177482238,0.5393801959847844,-0.3082111233308573,16298.571801911488,True,wing_L,high
-0.0145318717455023,0.0019259333729402,-0.0024361374105462,0.0011810304452347,3.623206754578447e-05,0.2272976819928568,0.2272976819928568,0.2272976819928568,False,0.594013367118408,8.13186836731028e-05,3.1162307602830364e-05,7.559903800336137e-05,2.609520601282972,0.0703361811995645,0.546451668833752,0.3832121499666834,-0.1542313332816541,-0.5211652324317837,-0.8394042508460916,4012.713748961848,True,wing_R,high
-0.0131942297345925,0.0029451635036595,-0.0024891679195368,0.0008429900147941,0.0007919218402333,0.1068065549378085,0.1068065549378085,0.1068065549378085,False,0.8371271050713677,0.0001380890404082,0.0002985468103948,0.000111324818993,2.681763268023575,0.5374626839067839,0.0896483247629012,0.3728889913303149,0.0014632580747041,0.5564833908639188,0.830857445395058,6673.103016822365,True,body,high
-0.0144730275646857,0.0031829300316041,-0.0031799421881702,0.000728829484461,0.0007224591232087,0.1764649962150538,0.1764649962150538,0.1764649962150538,False,0.7937887315218582,4.006038802509846e-05,8.969589150956164e-05,6.474788563553654e-05,2.2390170423053752,0.2781398953079765,0.2752355452959222,0.4466245593961012,-0.5312721865556926,0.5566872619554419,0.6386306884020584,5597.313919579224,True,body,high
-0.0134545427676536,0.0028820668210802,-0.0027726085397759,0.000586867040545,0.0005606248310813,0.2458094834994553,0.2458094834994553,0.2458094834994553,False,0.5101301263629661,3.282815621117957e-05,7.36872491087581e-05,3.131519776889173e-05,2.3530826678015884,0.5544933946071576,0.0205321607277644,0.4249744446650779,-0.7755729234463413,0.5546509624383626,-0.3014115961324208,9156.247359555504,True,body,high
-0.0137775282988914,0.0029414168340252,-0.0028616992824052,0.0003248830749056,0.0003057230092354,0.1299611327065101,0.1299611327065101,0.1299611327065101,False,0.2094447506485358,6.951656302820657e-05,0.0001558196412539,7.557755619147227e-05,2.241475045172839,0.5149677179122893,0.0388974914490352,0.4461347906386754,0.5793883754477183,-0.7351563379859287,0.3519293524490003,30530.18549713382,True,body,high
-0.0135393667761864,0.0027061207057175,-0.0023461185265272,0.0006274286404779,0.0006208894517281,0.12506928829445,0.12506928829445,0.12506928829445,False,0.5133709750639477,2.914241230476226e-05,6.740764910525642e-05,4.857673288854233e-05,2.31304287374457,0.2793587443957552,0.2883103155464384,0.4323309400578064,-0.2638681763303472,0.7601493171000953,0.5937563483722557,4232.154011956188,True,body,high
-0.0135845794098039,0.0035183320978003,-0.0025731626132612,0.0007056259577908,0.0002544256641859,0.1170388455469045,0.1170388455469045,0.1170388455469045,False,0.0905022340662869,6.0902498550828266e-05,0.0001400563089563,7.500678725641012e-05,2.2996808388646146,0.4644526346913585,0.1007044153218449,0.4348429499867965,0.6690894437650035,-0.7208944463359837,0.1806391803684181,3981.61333660851,True,wing_L,high
-0.0133970669891505,0.0029093615488961,-0.0025216656395128,0.0006401862717874,0.0006145083982637,0.066255240301723,0.066255240301723,0.066255240301723,False,0.9660784418660374,0.0001862454405746,9.965977233076404e-05,0.0002311769040221,2.319661169352518,0.1943596555962883,0.3745429008580547,0.4310974435456569,-0.2198520290184911,-0.1532702944041073,-0.9634175118762014,7715.10109893299,True,body,high
-0.0137458448409648,0.002874000702097,-0.002743825105696,0.0003067869308949,0.0003038121560639,0.100495763575444,0.100495763575444,0.100495763575444,False,0.5390271004329354,5.098304344349274e-05,0.0001138212195482,0.0001378605465516,2.704047017210076,0.1743742325467535,0.4558097126156501,0.3698160548375962,-0.4573276207619845,0.8695463903010034,-0.1863880961936072,21312.07689497397,True,body,high
-0.0135781822604309,0.0029414337054235,-0.0027249439196786,0.0004506945191293,0.0004180549754021,0.1368746444430967,0.1368746444430967,0.1368746444430967,False,0.0526265009695711,7.25533443492763e-05,0.0001877824556624,7.877048243104355e-05,2.588198481361046,0.5805226736802659,0.0331081945852413,0.3863691317344927,0.7033059814500473,-0.5902425966492929,0.3961999161500237,12233.964011695689,True,body,high
-0.0137774715642667,0.0029649136770061,-0.0029532397462184,0.0003900199806629,0.0003615216951797,0.1156753853241272,0.1156753853241272,0.1156753853241272,False,0.9161755716233856,8.921652403534838e-05,0.0001811112986759,7.492842909154818e-05,2.4171239257494066,0.5073939357314573,0.0788912400731057,0.4137148241954369,0.1490601133734911,0.605841644541827,0.78149663104836,21347.3657012342,True,body,high
-0.013761582177435,0.0029963453817956,-0.0029537669512903,0.0004014277805196,0.0003582407017363,0.1275073414736672,0.1275073414736672,0.1275073414736672,False,0.5047237259249413,6.2792740070733e-05,0.0001686596486704,7.31855246470381e-05,2.685973704610445,0.5660756723734931,0.0616198637803006,0.3723044638462062,0.6833179394939971,-0.7033469462278554,0.1959072913334988,19553.401339388394,True,body,high
-0.0138828281558079,0.0030038325274479,-0.0029218676065332,0.0003079602780693,0.0002777397784552,0.0932418996150387,0.0932418996150387,0.0932418996150387,False,0.8762158575870388,5.0134786260688784e-05,0.0001211237012736,4.099787928079309e-05,2.954389431805333,0.5860860778400465,0.0754345093802604,0.338479412779693,0.2798949608205008,0.459603621549646,0.8428661352585831,15959.25928790416,True,body,high
-0.0137802881467381,0.0029175234060717,-0.0030133550368082,0.0004400167295814,0.0004253331179231,0.0878436127080957,0.0878436127080957,0.0878436127080957,False,0.3937624142740503,7.512920684880141e-05,0.0001779767344456,7.216325295715519e-05,2.466306979694109,0.5778706296482898,0.0166648404966197,0.4054645298550904,0.0950162172354985,0.5414139652121803,0.8353698801940854,15887.806659678308,True,body,high
-0.0139222826023538,0.0028693050588359,-0.0030661290708629,0.000440264907329,0.0004397948096853,0.3367528015976604,0.3367528015976604,0.3367528015976604,False,0.1414933822301635,5.444597282851314e-05,0.0001255408748554,4.917254739079752e-05,2.5530683586056755,0.5663087986985211,0.0420056451238382,0.3916855561776406,-0.8924848741807143,-0.2132358144501596,-0.3974936940310023,6669.448297115075,True,body,high
-0.0139451720070937,0.002948925357708,-0.0028465250792933,0.0002127103755173,0.000207738924269,0.1621288736097402,0.1621288736097402,0.1621288736097402,False,0.1609006919305518,5.9007731663341695e-05,0.0001311841401858,0.0001336853029699,2.265555702644326,0.018709332503704,0.5398978565259835,0.4413928109703123,0.0510143385144011,0.9651116603665756,-0.2568209888042835,11069.052414454269,True,body,high
-0.0150801009175764,0.0018720791944076,-0.0026233041160346,0.0015249764338144,0.0005529905790761,0.3962284699665874,0.3962284699665874,0.3962284699665874,False,0.2093763850564753,3.38230100880619e-05,7.945115163207764e-05,8.757256053258672e-05,2.589141543126469,0.092739196514495,0.5210324017765474,0.3862284017089575,-0.0732190179790255,-0.6922869008325199,-0.7178981977564031,14489.305498700567,True,wing_R,high
-0.0154962651288857,0.0016252309057868,-0.0023208070425708,0.0020222841987174,0.0007863416553152,0.2412066576811715,0.2412066576811715,0.2412066576811715,False,0.2251046360953919,7.74980242083299e-05,3.3086924326307485e-05,8.479975459420732e-05,2.562938572286178,0.0861055603382159,0.523717316100065,0.3901771235617191,-0.0554759485797554,-0.6306806015759256,-0.7740571024963242,8438.12106654768,True,wing_R,high
-0.0138046050627079,0.00261162071069,-0.0024443628344955,0.0004659022482571,0.0003818421611902,0.1387252445052416,0.1387252445052416,0.1387252445052416,False,0.1987231062146342,0.0001392065325345,0.0002456566118168,0.0001054605982338,2.3293686545570247,0.4333287774957099,0.1373703481907007,0.4293008743135894,-0.0157568473263576,0.598077451829156,0.8012833976664421,4117.966456225282,True,body,high
-0.0141424204003828,0.0029367827579837,-0.0030792069441146,0.0004479893266832,0.0004479387801773,0.1185945925018028,0.1185945925018028,0.1185945925018028,False,0.3658112087235954,9.596122017778556e-05,0.0001480407181611,0.0002243880902808,2.3383205201556154,0.3402469891524423,0.2320956425012157,0.427657368346342,-0.0563979140070807,0.985795222281556,-0.1581994153671473,5780.859032926907,True,body,high
-0.0132684534950151,0.0032478380571091,-0.0027416804458081,0.0008082089932818,0.0005704104666542,0.1550788308951174,0.1550788308951174,0.1550788308951174,False,0.0834804762077945,9.202503731439868e-05,0.0001950864041891,7.791769673970785e-05,2.503749627518705,0.5282857475543518,0.0723132943749997,0.3994009580706485,-0.0979548975706815,0.6200828327143417,0.7783971471009351,3680.0251366866737,True,wing_L,high
-0.0138269226017605,0.0029913897318648,-0.0029023808861206,0.0003201955786077,0.0002872705377742,0.1026315990453973,0.1026315990453973,0.1026315990453973,False,0.8908106979667796,0.0001160772667567,0.0001559480112302,6.385388509900311e-05,2.442263473686819,0.2556668992375193,0.3348768685524444,0.4094562322100363,0.171056607856106,0.4950750988909621,0.8518452226589444,19355.637452484905,True,body,high
-0.0137720192486918,0.0029643780704911,-0.0030381215732626,0.0004622266397243,0.0004327983329063,0.102271607882866,0.102271607882866,0.102271607882866,False,0.2178908606239387,7.431846471861769e-05,0.0001731980825036,6.975457499526242e-05,2.4829637699810587,0.5709048065411129,0.026350694288193,0.4027444991706941,-0.1155879314693849,0.5154184077697271,0.8491073518882921,13862.282890081176,True,body,high
-0.0137048579999754,0.0029961100261329,-0.0027822458236915,0.0003445863595366,0.0002966255847813,0.1186331305561942,0.1186331305561942,0.1186331305561942,False,0.6524353579087699,5.235543679620458e-05,0.0001036416759192,0.0001087780329101,2.0776836096997755,0.0472186971349111,0.4714760669131627,0.4813052359519261,-0.362419145400187,0.899465655950782,-0.2441595724366078,16199.318176603443,True,body,high
-0.0139265971901243,0.0029894834276838,-0.0028939268644245,0.0002633798734343,0.0002446166473888,0.0887821454829753,0.0887821454829753,0.0887821454829753,False,0.2017020226218339,5.3642521053576105e-05,0.0001279975364676,7.742865577781782e-05,2.3861208226918342,0.3950769841777121,0.1858327541347517,0.4190902616875361,-0.2954652494038918,0.7472939567788895,0.5951907497235218,14491.052622262476,True,body,high
-0.0136639237223561,0.0029398034243636,-0.0027638451212519,0.0003767711540667,0.0003504102781429,0.1062439195206845,0.1062439195206845,0.1062439195206845,False,0.0442241382135605,8.640072867827656e-05,0.0001982807804561,8.151139458081573e-05,2.432552914544571,0.5642506122907782,0.0246586385539367,0.4110907491552851,-0.0738000990368154,0.5955544576312228,0.7999177666346312,19566.362157416937,True,body,high
-0.0139628911800472,0.0028999546663811,-0.0026750904143979,9.464431267089351e-05,8.827038881890598e-05,0.1030978556982228,0.1030978556982228,0.1030978556982228,False,0.7739015028905099,4.328405875382543e-05,9.943449038468358e-05,4.735154975533728e-05,2.297254306723156,0.5237914975764678,0.0409062387283918,0.4353022636951403,-0.3074094008226777,0.7522507698910234,0.5827677406001508,10060.32142619599,True,body,high
-0.0137638591660452,0.0027237455942001,-0.0028007073011511,0.0003870461548654,0.000376420135145,0.1024235742596506,0.1024235742596506,0.1024235742596506,False,0.0778535897748673,2.9612604449023257e-05,6.718911388450988e-05,6.339716354031339e-05,2.268936324063385,0.056436975053941,0.5028278710352064,0.4407351539108525,-0.1733298463573227,0.9833126117977048,-0.0552546092314754,6825.714591928825,True,body,high
-0.0138878543827489,0.0028736156200047,-0.0026101147086726,0.0001690895780325,0.000164755200402,0.1003862025098179,0.1003862025098179,0.1003862025098179,False,0.3684984284831701,9.476146174721976e-05,0.0001646225293011,6.433555166768808e-05,2.5588111865655576,0.4243712440241332,0.1848222731645257,0.3908064828113411,-0.0800014505481384,0.6013115525587615,0.7949994872133979,10629.54229633839,True,body,high
-0.01413186093068,0.004864535471312,-0.0026822783563513,0.0018985152875079,0.0009188391164814,0.525484799638988,0.525484799638988,0.525484799638988,False,0.1653439201759907,5.756577812400534e-05,6.359147765371276e-05,2.5894646284229905e-05,2.455777034206511,0.0947564005749379,0.4980405080731181,0.407203091351944,-0.747248105589872,0.5864842750441243,-0.3125003421091177,11043.249772789966,True,wing_L,high
-0.0150657184554687,0.0018821553365043,-0.0026610822883931,0.0015075731461755,0.0005593939328617,0.4221971327855408,0.4221971327855408,0.4221971327855408,False,0.1539866550641019,3.467079792493921e-05,7.541678089845609e-05,8.130968819203272e-05,2.345192296066122,0.0724748480114582,0.5011208858320213,0.4264042661565205,-0.0941143539862123,-0.6782805324996847,-0.7287509914955194,13072.076639311765,True,wing_R,high
-0.0153965857260699,0.0016815064578191,-0.0023565812046269,0.0019066284268093,0.0007187157790314,0.2818051696639746,0.2818051696639746,0.2818051696639746,False,0.1155502986751601,2.967448808856524e-05,7.481646774850194e-05,6.873065642939023e-05,2.521238699222303,0.0813432056104195,0.5220263601873535,0.396630434202227,0.0717559875894874,0.6215098536861743,0.7801131841060293,7783.106944468148,True,wing_R,high
-0.0153456790029842,0.0014949947667955,-0.0019992041174527,0.0020856295453291,0.0006778647049889,0.2927509018899491,0.2927509018899491,0.2927509018899491,False,0.0508765170174166,7.043810139552237e-05,6.49613303932248e-05,2.907733974827405e-05,2.422439673137684,0.0777529617322382,0.5094400606208253,0.4128069776469364,0.1488190414735027,0.508283340362732,0.8482340118178537,6558.815026193548,True,wing_R,high
-0.0155314949724702,0.0015376914319864,-0.0021426339536312,0.0021416170964486,0.0008017141311847,0.2728453578586714,0.2728453578586714,0.2728453578586714,False,0.0696813807561136,7.101804655239053e-05,3.010005505940446e-05,7.543310919746258e-05,2.50607877788231,0.0585295063672195,0.5424407389316848,0.3990297547010957,-0.1074337556617978,-0.5746326832968001,-0.8113293211954812,41231.74635884311,True,wing_R,high
-0.0133668490534608,0.0027147841883719,-0.0022822039244595,0.0007925429255149,0.0007922126733232,0.1165042225201019,0.1165042225201019,0.1165042225201019,False,0.8294872454965464,1.7029804973244514e-05,1.5237753848184026e-05,4.101418664956858e-05,2.6916163010768472,0.5847825748990283,0.0436934454015154,0.3715239796994562,0.587981383533356,0.0209622599422708,0.8086027926468674,4998.382472347878,True,body,high
-0.0137728165207962,0.0030696172244954,-0.0028774728711847,0.000352217985957,0.0002671466853691,0.1073224469905308,0.1073224469905308,0.1073224469905308,False,0.3145966388758308,7.136749997136308e-05,0.0001288843051449,0.0001580413906174,2.214472843814074,0.1844901855052182,0.3639350738997874,0.4515747405949943,-0.5085798217282442,0.8422858632802013,-0.1786087608410984,11027.6410525902,True,body,high
-0.0133420851720577,0.0024495392499256,-0.0023339861272302,0.0009117780143424,0.0008790293480518,0.2244573668532288,0.2244573668532288,0.2244573668532288,False,0.4788469552353336,7.675360101983836e-05,0.0001484679874712,6.902717183526438e-05,2.150862964885341,0.4830292891610523,0.0520410447812552,0.4649296660576924,0.5891782962540633,0.6833373396510333,0.4311832736340862,3123.254830389505,False,body,high
-0.0143083405874865,0.0028660222186367,-0.0032338795228135,0.0006595108951345,0.0006499212692498,0.2094824575008005,0.2094824575008005,0.2094824575008005,False,0.3338190755388531,0.0001132254425545,0.0001665864791491,7.22411995363e-05,2.305976094228521,0.320320333721583,0.2460238263489245,0.4336558399294925,0.1323535431913466,0.5711442485068667,0.8101091204289844,4519.478261392444,True,body,high
-0.0140004460401642,0.0030189635809535,-0.0026960319564592,7.138332121218737e-05,3.73245284829308e-05,0.112675537435779,0.112675537435779,0.112675537435779,False,0.6326996762095608,7.49941271527136e-05,5.716253652541008e-05,2.5943291795950367e-05,2.890694355309986,0.2377731604368476,0.4162891937642888,0.3459376457988634,-0.7038361822995582,0.7101521328621798,0.0172793714376428,8840.726385586158,True,body,high
-0.0143087593599974,0.0031218225470064,-0.0028618692805252,0.000388541175859,0.0003846122952358,0.116392172958817,0.116392172958817,0.116392172958817,False,0.0713804715052149,9.502163652984528e-05,0.0002395634311995,0.0001008505907408,2.5211461299588915,0.579023433435265,0.0243315692292154,0.3966449973355196,0.5909807229789303,-0.6259002903593889,0.5089112020729487,8301.612482652117,True,body,high
-0.0135942408989321,0.0030092686887755,-0.0026907355765035,0.000431177744273,0.0003725935122351,0.112875558681434,0.112875558681434,0.112875558681434,False,0.1635269065836478,8.02302305630626e-05,0.0001770519850738,6.588754802414465e-05,2.687184306949953,0.5468549503719011,0.0810083125186764,0.3721367371094224,0.0588866735527939,0.4883780054791321,0.8706430287104534,10364.414681324128,True,wing_L,high
-0.0139246451034268,0.0028305334138448,-0.0025465448456033,0.0001980421120206,0.0001695418625471,0.0891470800085044,0.0891470800085044,0.0891470800085044,False,0.1711390984138298,6.494256166352885e-05,0.0001594837670442,5.830091872445892e-05,2.735527510261709,0.5927951611182222,0.0416446329439002,0.3655602059378776,-0.172741912216217,0.5534523724530577,0.8147703376964375,9361.507823031072,True,body,high
-0.0142977733213109,0.0033406855234603,-0.0032541523285727,0.0007616963571337,0.0006904452586742,0.3265809242649292,0.3265809242649292,0.3265809242649292,False,0.0598077919930588,5.423877702034261e-05,0.0001242538280525,5.711311330385402e-05,2.290867067410725,0.5403512777110925,0.023132778511227,0.4365159437776805,0.3200319678466952,-0.9400428855558856,-0.1178936506854194,4311.6047013036905,True,body,high
-0.013844005870807,0.0028929305529791,-0.0029301039589696,0.0003411273438854,0.0003373350586646,0.1498554448790036,0.1498554448790036,0.1498554448790036,False,0.5497341726293393,5.447885046973986e-05,0.0001442419508914,0.0001231690639512,2.647668767746202,0.1460940233401706,0.476215227657552,0.3776907490022774,0.0056096845392287,0.961189583021604,-0.2758316822450347,17133.495452292627,True,body,high
-0.0137582572051449,0.0029321971946655,-0.0029604623951345,0.0004094902065867,0.0003896127136408,0.1188743801218177,0.1188743801218177,0.1188743801218177,False,0.5870913994664338,8.035044674972058e-05,0.0001233927404917,0.0001861410307657,2.316614758167894,0.3371007994092228,0.2312348522246058,0.4316643483661714,-0.4766014509850957,0.8538730572370199,-0.209169450550519,20056.61152902316,True,body,high
-0.0135231306580881,0.0030440376786054,-0.0026573348381259,0.0005040332261185,0.000424578246516,0.1454693703954321,0.1454693703954321,0.1454693703954321,False,0.1052484523862052,0.0001025723412522,0.0002645202654429,9.033707562314909e-05,2.9281473151338657,0.6122325785495585,0.0462545491876321,0.3415128722628093,0.2237812286274997,0.4512853491139006,0.8638654382420398,8804.790156744986,True,wing_L,high
-0.0137869153971061,0.0029465958078192,-0.002828743469431,0.000296416990209,0.0002771115923258,0.1158563056841849,0.1158563056841849,0.1158563056841849,False,0.1516328518950631,8.348131431575675e-05,0.0001702154091178,7.289623862017896e-05,2.335036928376272,0.5095548943047833,0.0621863540465326,0.4282587516486841,0.0326091603161157,0.5290406695048018,0.8479697003274285,24328.89554839629,True,body,high
-0.0136859417081622,0.0028818977860268,-0.0027160691642425,0.0003532744904324,0.0003463697297344,0.1101986771756127,0.1101986771756127,0.1101986771756127,False,0.0728553289273834,7.190227790476221e-05,0.0001941343042689,7.22007697373396e-05,2.699974325237961,0.6280885544200274,0.0015375532608797,0.3703738923190928,0.5131186929044158,-0.7623610039712703,0.394353783570008,22313.835381717712,True,body,high
-0.0141601345688492,0.0031647934273113,-0.0027508772118133,0.0002601929135822,0.000221971894308,0.1406878268720318,0.1406878268720318,0.1406878268720318,False,0.047360224337617,4.545319458311628e-05,0.0001067469914192,3.92705291392583e-05,2.718246831884208,0.5741969494520238,0.0579188730441879,0.3678841775037882,0.2760645845042828,-0.5145795948707377,0.8117858003963516,5717.096554609104,True,body,high
-0.0137602310448475,0.0029515774973344,-0.0028737299331961,0.0003450843446076,0.0003204232314497,0.1198724686509097,0.1198724686509097,0.1198724686509097,False,0.0985697532936887,7.092782237321996e-05,0.000171869256527,7.250236756968036e-05,2.4231571021975467,0.5781539465828823,0.0091612963730506,0.412684757044067,0.4466084664614183,-0.8430805055908515,0.2995932889396135,26649.818007660728,True,body,high
-0.0136916920257095,0.0028714764220468,-0.0027868113067018,0.0003706673352141,0.0003640665207949,0.1109397108288158,0.1109397108288158,0.1109397108288158,False,0.7516281952431318,3.073391266940839e-05,5.897408931074623e-05,7.313019801237412e-05,2.3794626736596967,0.1935740513000194,0.3861629998124634,0.4202629488875171,-0.2725776427565622,0.9610718654244284,0.0451917930479091,18579.55043688873,True,body,high
-0.0137333410572558,0.0027927661474997,-0.002916892306506,0.0004313190663732,0.0004313026109178,0.1170949375841864,0.1170949375841864,0.1170949375841864,False,0.5956802683609052,6.871394406283178e-05,0.0001366379664017,0.0001686266783865,2.454038706209812,0.1897013704522845,0.4028070942799324,0.407491535267783,-0.377706863024327,0.9139223341451932,-0.1486051572958499,15367.642021708449,True,body,high
-0.013609071783543,0.0028496465966539,-0.0026610428092214,0.0004297160696595,0.0004251147663529,0.0989744183916125,0.0989744183916125,0.0989744183916125,False,0.0726562377675542,3.237188968706107e-05,7.458116769307562e-05,7.684104913636538e-05,2.373696743662094,0.0294098202547869,0.5493063730963405,0.4212838066488725,-0.3565737851653039,0.9330110081417496,0.0484313371610201,14307.22642106088,True,body,high
-0.0137991595856411,0.0029448793862594,-0.002870582775511,0.0003148549915983,0.0002965866652899,0.0834357134450303,0.0834357134450303,0.0834357134450303,False,0.2170282420133884,6.518772470041125e-05,8.166389830058803e-05,0.0001610242062884,2.4701614763896544,0.4928470682581743,0.1023210980507007,0.4048318336911248,-0.5164901987544213,0.8533830637059088,0.0705352477172625,30970.8638481862,True,body,high
-0.0143275785470071,0.0032302127071104,-0.0021568521062711,0.0006355259924389,0.0006349622824077,0.2144746824472049,0.2144746824472049,0.2144746824472049,False,0.3890150390403121,2.501539149938744e-05,5.754585323455248e-05,2.6151580549915684e-05,2.300417854182359,0.5455523016867289,0.0197440647182208,0.4347036335950502,-0.3917253019732032,0.1244893504066204,-0.9116214616985168,2573.3173200182327,False,body,high
-0.0144600113363909,0.0029443274341563,-0.0029755313564952,0.000547222154939,0.0005271400033054,0.1754352970654313,0.1754352970654313,0.1754352970654313,False,0.0778592042194378,0.0001320817115332,0.0002329998238088,0.0001013763221352,2.2983653273402003,0.4331252729116661,0.131782886768389,0.4350918403199448,-0.0406396776168283,0.6145998997907003,0.7877914570369885,6826.354468478356,True,body,high
-0.0137134290920941,0.0028811780226675,-0.0029475556262124,0.0004379929822237,0.0004272587888417,0.2249434137722055,0.2249434137722055,0.2249434137722055,False,0.4799256796170639,9.644720558270112e-05,0.0002302364340027,0.0001014058621766,2.3871757881607687,0.5595577102475963,0.0215372367774557,0.4189050529749479,0.6293514765330291,-0.7195919073299593,0.2934351817538713,15156.522866120327,True,body,high
-0.0132529046954845,0.0029626540303667,-0.0025585616870173,0.0007739927382563,0.0007166694688655,0.1732604191162908,0.1732604191162908,0.1732604191162908,False,0.0126193631023392,4.253711512188626e-05,0.0001216366204061,7.55820250587908e-05,2.85954089875704,0.3786244240722368,0.2716690896751374,0.3497064862526258,0.2332448311366286,-0.9290818975486784,-0.2870604054818299,7568.6886441399,True,body,high
-0.0138115449015713,0.002900757809774,-0.0029533875387595,0.0003760847375921,0.0003685530309493,0.1207713536368472,0.1207713536368472,0.1207713536368472,False,0.3305068834081379,7.818290685106369e-05,0.0001243203823203,0.000183366628616,2.34535445152222,0.3220119535457776,0.2516132614612913,0.4263747849929311,-0.4022934237909006,0.897021780155226,-0.183062631636673,20384.71065372409,True,body,high
-0.0137029556931805,0.0028211328501922,-0.0029482564447505,0.0004615570351625,0.0004591708629357,0.1965748322885899,0.1965748322885899,0.1965748322885899,False,0.2948792643381739,0.0001141015647619,0.0002081617247721,0.0001083586493662,1.921043922101582,0.4518609754657101,0.0275887193096073,0.5205503052246826,0.2631866254615824,0.4712338721456911,0.841826251622461,15037.297089228718,True,body,high
-0.0138267589724878,0.0028008742120578,-0.0023741516247874,0.0003767875520556,0.0003578741052597,0.1368025453256314,0.1368025453256314,0.1368025453256314,False,0.1306542332680169,3.084552268980793e-05,2.995072674100676e-05,6.330816812040846e-05,2.113743972487008,0.5127718333100155,0.014133973156502,0.4730941935334823,0.4533573583641854,0.5254644435026989,0.7199682105700547,4705.560526705495,True,body,high
-0.0137138939978904,0.0029744806901668,-0.0029122848121501,0.0004049207802132,0.000365618563599,0.0942409633654022,0.0942409633654022,0.0942409633654022,False,0.9763830368600048,7.712605452163412e-05,0.000196374374554,8.462041011885511e-05,2.5461483252588684,0.5690862908614889,0.0381636128147513,0.3927500963237597,0.7254083710439985,-0.6561821879463199,0.2078644544920397,16896.453193642217,True,body,high
-0.0134444916735147,0.0029226248924472,-0.002641591845382,0.0005790151103458,0.0005462155071352,0.095413751015405,0.095413751015405,0.095413751015405,False,0.1882937320886282,4.7485723149049394e-05,6.336766580452518e-05,0.0001064358810571,2.241429086444609,0.4046400032099226,0.1492160585108537,0.4461439382792236,-0.0210206738092402,0.994795327403332,0.0997014937155061,12170.049663846408,True,body,high
-0.0137169324009275,0.0029073841372642,-0.0027402534071943,0.0003239908823672,0.0003129711377812,0.1160766384349468,0.1160766384349468,0.1160766384349468,False,0.2441102201793783,6.641963763326134e-05,0.0001475493023472,6.24439906159193e-05,2.362906356429926,0.5498478367795624,0.0269445328042739,0.4232076304161636,0.1749348006126431,0.4073027511152239,0.8963828894331846,24999.443739713803,True,body,high
-0.0135156099892353,0.0028784432620547,-0.0026609074028073,0.0005142142642227,0.0004983676134328,0.087593821549265,0.087593821549265,0.087593821549265,False,0.0311515146617749,6.91226905523346e-05,8.451500051903448e-05,0.0001689617471259,2.4443745718780097,0.499798019630742,0.0910993773947468,0.4091026029745112,-0.2588545836992448,0.963234843422188,-0.0719231597979686,12926.452408615836,True,body,high
-0.0134506488419397,0.0028815729165365,-0.0026161606226212,0.0005785783573406,0.0005591963305593,0.0893543985995372,0.0893543985995372,0.0893543985995372,False,0.0573858580801229,6.639088627098021e-05,6.792752309843827e-05,0.0001707069223486,2.5712403002408952,0.602081027741206,0.0090016081733323,0.3889173640854617,-0.3792328188323171,0.9252116173282402,0.0128814704656504,10160.459173122545,True,body,high
-0.0151464510288396,0.0014070344284112,-0.0019293436632893,0.0020554208368579,0.0005453899185878,0.8234175400641875,0.8234175400641875,0.8234175400641875,False,0.4822268149324858,3.1510550984703705e-05,3.3254965252179005e-05,7.486650120212213e-05,2.375918505470275,0.5558098118890539,0.0233003311155918,0.4208898569953543,-0.6489517018463391,0.6714314275379067,-0.3578289071401996,3603.0172689233686,True,wing_R,high
-0.0138572102411152,0.0029376203554609,-0.0028996185974314,0.0003013301839136,0.0002904211807223,0.1791460476325195,0.1791460476325195,0.1791460476325195,False,0.8689954617346592,5.381432667540264e-05,0.0001502125657511,0.0001328961694466,2.791311812878561,0.1152792791864471,0.5264662272144509,0.3582544935991019,0.1080630407458664,0.9599274445719336,-0.2585762564164667,18933.49383182776,True,body,high
-0.0142011628596847,0.0021190122052913,-0.0026847166480514,0.0008699938672787,0.0002586387432611,0.3405051335820741,0.3405051335820741,0.3405051335820741,False,0.1809308446368709,6.910126969837559e-05,2.7438500623265547e-05,4.401325663881403e-05,2.5184054568850422,0.363061535179741,0.2398618156785926,0.3970766491416664,-0.1399660524202498,-0.5122021814496471,-0.8473832836964121,5305.303771324087,True,wing_R,high
-0.0141838376405678,0.0020404033439089,-0.0024377276238127,0.0009665695542779,0.0002432254494183,0.1897731010867305,0.1897731010867305,0.1897731010867305,False,0.2493202266888796,6.383939354083956e-05,2.8757742529745968e-05,7.06161382636671e-05,2.455552211395742,0.0959659489948952,0.496793677390081,0.4072403736150237,-0.1145014610304836,-0.6357047104234113,-0.7633930419956496,5805.372125310148,True,wing_R,high
-0.0142545265127762,0.002980859926619,-0.0023440774625968,0.0003839614791713,0.0003591048307621,0.2136520664903772,0.2136520664903772,0.2136520664903772,False,0.2013707114576445,2.468244275527379e-05,4.644622878977521e-05,2.398065198391216e-05,1.9368209346824463,0.4685802615538197,0.015109747112905,0.5163099913332753,-0.8204614345655014,0.5625310212878387,0.1019896292746531,3655.609736893852,True,body,high
-0.0137709330959929,0.003007294562844,-0.0031236965933253,0.0005380576297984,0.0004929855292076,0.2309079847689613,0.2309079847689613,0.2309079847689613,False,0.4881516081444569,7.961278280025726e-05,0.0001777884317867,6.923497840789735e-05,2.567898999539805,0.5522049325699249,0.0583716515639485,0.3894234158661266,0.1657895656736485,0.5790307195858627,0.7982714110436506,8813.930770671326,True,body,high
-0.0142823422022447,0.0028921156008916,-0.0030612665562992,0.0004938658638964,0.0004821551435051,0.1027045724991753,0.1027045724991753,0.1027045724991753,False,0.1553111316436487,8.58547604308751e-05,0.0001342881666138,0.0002066037548686,2.406433304708484,0.3500206871879929,0.2344265534467771,0.41555275936523,-0.3200874860642839,0.9405722458332292,-0.1134365533383411,7071.523771264979,True,body,high
-0.0129632699913028,0.0027467219793291,-0.0019887278010154,0.0012671481966683,0.0012613239529851,0.1429831950907052,0.1429831950907052,0.1429831950907052,False,0.0901112112444712,4.4055503059417166e-05,1.9606625834347485e-05,1.949044340299245e-05,2.260364330790604,0.5549562603358712,0.0026371831731972,0.4424065564909316,-0.9609433711855766,0.2766721475657345,0.0063529627626802,5955.437498089261,True,body,high
-0.0143806646979818,0.0030101945725716,-0.0029317232914049,0.000458807458214,0.0004544996780763,0.1034322220811325,0.1034322220811325,0.1034322220811325,False,0.5225616711834363,0.0001050459900706,0.0002091685561604,8.486026794349088e-05,2.464858540156646,0.4977926319379681,0.0965045726649183,0.4057027953971136,0.0960679261001468,0.562048531672697,0.8215061786860657,9082.359985125662,True,body,high
-0.013810793000716,0.0028486850024761,-0.0026818772406178,0.0002451486968047,0.0002445608859046,0.0940318624734247,0.0940318624734247,0.0940318624734247,False,0.0853387339036861,8.22951347068652e-05,0.0001863229867497,7.569058430390408e-05,2.461640222007051,0.5583200111674084,0.03544678259067,0.4062332062419216,0.1629180310618757,0.5178541022471136,0.8398123861558353,11097.075332541688,True,body,high
-0.013704793384497,0.0027470372624528,-0.002933200571969,0.0004801714335961,0.0004796251399531,0.1078561620527012,0.1078561620527012,0.1078561620527012,False,0.9055228483180872,3.757400843435944e-05,8.177487584471176e-05,4.4926390832023866e-05,2.1763681665098304,0.4506088775073429,0.0899100404826831,0.4594810820099739,-0.0814851972090182,0.8114495243007603,0.578713946736967,11519.989906398285,True,body,high
-0.014338605288861,0.0030967769193791,-0.0029213451725219,0.0004368600275598,0.0004358003743174,0.0833402762736838,0.0833402762736838,0.0833402762736838,False,0.920475718598126,8.204061710627429e-05,0.0001944639494866,8.228909175650586e-05,2.370337478505129,0.5768414044160011,0.0012777414574138,0.4218808541265851,0.4939614077956442,-0.8204814078103194,0.2877714145743835,9613.916597807684,True,body,high
-0.0138218615592266,0.002959501455496,-0.0029970256155943,0.0004013089995906,0.0003794276486201,0.1044637707883392,0.1044637707883392,0.1044637707883392,False,0.337104442035882,6.862959230740212e-05,9.04681218477584e-05,0.000159368976218,2.322161196940302,0.4323354269154553,0.1370312469753978,0.4306333261091468,-0.4756544747718367,0.8786033113603313,-0.0425328331549717,15605.139914010402,True,body,high
-0.0134550142657295,0.0029784535811409,-0.0026916381734308,0.0005682089595683,0.0005120528968995,0.1678351622969377,0.1678351622969377,0.1678351622969377,False,0.0420761852164316,8.86008667461828e-05,0.0001657523661048,7.666128078865244e-05,2.162139275520477,0.4654624315279025,0.0720326728245786,0.4625048956475188,0.2741081220332786,0.4868634907632592,0.829354374677799,10916.216771223964,True,body,high
-0.0137495652903969,0.0029163676738169,-0.0027966428792027,0.0003139757245541,0.0003014021560312,0.0835048868986806,0.0835048868986806,0.0835048868986806,False,0.4395752407296828,6.060879568571321e-05,0.000142351989298,5.032160126490049e-05,2.8288445860191413,0.5742328857883201,0.07226589857677,0.3535012156349099,0.1834404321236105,0.4727054811648843,0.8619159680264534,24735.891732883607,True,body,high
-0.0137386656860419,0.0029052191448149,-0.0028034275878664,0.000328613139548,0.000317817177166,0.1008545777467853,0.1008545777467853,0.1008545777467853,False,0.1402050395698612,5.8081046822513946e-05,6.839183154377924e-05,0.0001616295413718,2.7828276213016223,0.5768605728673446,0.0637926992414516,0.3593467278912038,-0.5953473863137735,0.7920717022409742,-0.1348477219623825,23061.133714264382,True,body,high
-0.0141578749608587,0.002981257196236,-0.0025350219503416,0.0001781245946918,0.0001661658122679,0.0777657097148035,0.0777657097148035,0.0777657097148035,False,0.1249772944573341,3.983356264277192e-05,0.0001132432606888,4.6345965656351686e-05,2.842910680734545,0.590739745796484,0.057508084577975,0.351752169625541,0.7577315847451168,-0.549979789998439,0.351233648833546,6057.363212895864,True,body,high
-0.0139603175049925,0.0045070442714707,-0.0027376706794936,0.0015412936711867,0.0005998893130912,0.4669503585140575,0.4669503585140575,0.4669503585140575,False,0.1699845181889054,3.593415434385824e-05,8.63148301296811e-05,7.966032583149303e-05,2.402027589232353,0.0770957237382059,0.5065893244757562,0.4163149517860378,0.6516248583696332,-0.5897070910478852,0.4771064773429477,6838.378892301708,True,wing_L,high
-0.0138265922008877,0.0029386332097715,-0.0029083741411453,0.0003258859241469,0.0003116669290858,0.1360992426471466,0.1360992426471466,0.1360992426471466,False,0.4007932825895895,5.493881735689897e-05,0.0001185812452558,0.0001375840712529,2.504314396851945,0.1381179218203932,0.4625711924309751,0.3993108857486315,-0.1056763635649997,0.9624431486858812,-0.250071373274281,23881.48020482822,True,body,high
-0.0149484512343181,0.0016273077477636,-0.0019969415584369,0.0017566841688839,0.0004724956381185,0.2838881750436582,0.2838881750436582,0.2838881750436582,False,0.4108405533532473,6.606328084997332e-05,2.6229159313427965e-05,2.440817139059112e-05,2.7066050869930978,0.6029691687127501,0.0275642974343376,0.3694665338529123,0.3182058955661522,-0.7607158853396659,0.5657352294305449,6200.415558460723,True,wing_R,high
-0.0136838240607998,0.0030280928183693,-0.003053553256632,0.0005301865929001,0.0004631529486524,0.1057846239300397,0.1057846239300397,0.1057846239300397,False,0.3422209729367887,8.569124326210297e-05,0.0001198940588111,0.0001990273122749,2.322609693807699,0.3975999703726154,0.1718498589869639,0.4305501706404206,-0.494160445044991,0.8483546377831386,-0.18999963974907,8613.017375883388,True,body,high
-0.0135778443746737,0.0026611185552633,-0.0020883750930108,0.0007786997977354,0.0007552746084571,0.1493329280472977,0.1493329280472977,0.1493329280472977,False,0.2634450346794538,2.5978795308000416e-05,3.170597383670488e-05,7.267023494610091e-05,2.797290408755845,0.5637006835023856,0.0788105134509649,0.3574888030466495,-0.8557457583091186,-0.0200230259600813,0.5170089704902165,3141.190134980625,False,body,high
-0.0136166369716608,0.0028840622502914,-0.0027056943976341,0.0004176939797536,0.0004060375159709,0.0991150856529734,0.0991150856529734,0.0991150856529734,False,0.0349933635692788,7.461873175387974e-05,0.0001671936692151,7.372612067915609e-05,2.2677670773258307,0.5536988206302123,0.0053387851281321,0.4409623942416556,0.0165307833284448,0.5175821575350623,0.8554738122256567,17262.004009493037,True,body,high
-0.0135658517254406,0.0029176404421775,-0.0026292669744176,0.0004590754049578,0.0004384495012053,0.1189811836652273,0.1189811836652273,0.1189811836652273,False,0.1726018485086001,7.68459591426745e-05,0.000147625448252,6.567024580505054e-05,2.247980747479515,0.4794531698119135,0.0757031627673482,0.4448436674207383,0.1237003922831581,0.4932899758246281,0.8610245134140668,11485.216069901264,True,body,high
-0.0138491199910858,0.0030624612192916,-0.0031342493845369,0.0005232286505078,0.0004675117378356,0.0701053466257033,0.0701053466257033,0.0701053466257033,False,0.9933327238546328,4.105457235000948e-05,9.67879913889098e-05,6.303201147514813e-05,2.3575447471172466,0.3487620667539703,0.2270678294875419,0.4241701037584876,-0.3008011116590716,0.7286941927561534,0.615242606349824,8088.4827518453885,True,body,high
-0.0137775713163577,0.00305174577048,-0.0030563943533174,0.0004818715903197,0.0004169875135039,0.0988939458225385,0.0988939458225385,0.0988939458225385,False,0.967643778434896,5.9745102887428935e-05,0.0001330295664777,5.550002446374785e-05,2.396928069188293,0.5508885395232658,0.0319107889777998,0.4172006714989343,0.1702202742296118,0.4094385189770762,0.8963175538942959,9994.828711971337,True,body,high
-0.0137966526141473,0.0030175886661196,-0.0029187259959272,0.0003544077302782,0.0003052807768579,0.0886722817624718,0.0886722817624718,0.0886722817624718,False,0.9896858751145418,4.086274304981444e-05,6.234557052460957e-05,9.312902574441728e-05,2.279069362301173,0.3305463036227784,0.2306781081738412,0.4387755882033803,-0.2916842665209309,0.9321851806347792,0.2143620247829614,15973.680193050972,True,body,high
-0.0137687742940943,0.0028644655925874,-0.0027131419517824,0.0002811396798065,0.0002804575747392,0.0486779193574787,0.0486779193574787,0.0486779193574787,False,0.9799587216673844,6.27539473409482e-05,0.0001186804082288,4.9745203544116944e-05,2.38576585828255,0.471235831781689,0.1096115524960482,0.4191526157222627,0.0369175888511539,0.5716591251698242,0.8196602565962855,15855.820186407544,True,body,high
-0.0137199516480811,0.0029951534188252,-0.0028549002753478,0.0003660425260948,0.0003184421077289,0.0913744517647175,0.0913744517647175,0.0913744517647175,False,0.6237513604544915,8.783536040365587e-05,8.313872370169428e-05,0.0002051815645791,2.467942198816767,0.5719139749041127,0.0228901495687209,0.4051958755271663,-0.3595498896613326,-0.3183567892725016,-0.8771390035613668,16268.339232139757,True,body,high
-0.0137152225265676,0.0029120706630844,-0.0027519367534551,0.0003282093871009,0.0003154456650893,0.111344999338001,0.111344999338001,0.111344999338001,False,0.5214393661583079,6.120276078893761e-05,0.0001345412093267,4.840373467747453e-05,2.779562573492322,0.5451002626244106,0.0951308983731375,0.3597688390024519,0.1715994851953625,0.5441203139143704,0.8212713928211632,24472.453475762213,True,body,high
-0.0138312871494306,0.0029599612573513,-0.0028085329905593,0.0002484370486149,0.000229250714697,0.1070760186636714,0.1070760186636714,0.1070760186636714,False,0.7358800794040213,0.0001155961132896,0.0001656700301249,7.14359344198803e-05,2.319141360302004,0.3022509068030224,0.2665550240826318,0.4311940691143457,-0.1049243859141254,0.6285796956963846,0.7706350883516686,14802.84545655426,True,body,high
-0.0137496540990405,0.0030433714315797,-0.0028116800723188,0.0003253090194345,0.0002530498385014,0.1436996464421979,0.1436996464421979,0.1436996464421979,False,0.0903974540624574,6.814241608850995e-05,2.6829459717192208e-05,7.569773087372422e-05,2.8214407472848744,0.0998089995302201,0.5457621502582988,0.3544288502114811,-0.8454599917018863,0.3625830854017112,-0.3920853333293935,12443.50900308494,True,body,high
-0.0134927499163437,0.002891993612729,-0.0028325442179858,0.0005650731600962,0.0005366765698531,0.3023923429216818,0.3023923429216818,0.3023923429216818,False,0.994414820266564,2.7716435858761125e-05,5.792671301218955e-05,2.457126024015901e-05,2.3574986568053484,0.5215258312183406,0.0542957722793673,0.424178396502292,-0.8928475196327607,0.3471899607015257,-0.2868491552605654,7126.898565108348,True,body,high
-0.0137385068358691,0.003001079680929,-0.0029847749647089,0.0004402368836093,0.0003921936965618,0.1030046716242971,0.1030046716242971,0.1030046716242971,False,0.4741367712647784,8.489272670185612e-05,0.0001240670976552,0.0001967695519747,2.3178611362756567,0.3694802045834388,0.1990875649220279,0.4314322304945333,-0.5727773768938502,0.8067464930452626,-0.145210786368542,15174.46472402467,True,body,high
-0.013046826787907,0.0025415068014799,-0.002431380991058,0.0010865916195138,0.0010863510573146,0.1506992803055704,0.1506992803055704,0.1506992803055704,False,0.150405330441107,8.161749455516467e-05,0.0001885410585206,9.510631303071338e-05,2.310056925273963,0.4955670994056305,0.0715431353859193,0.4328897652084501,0.72618239158989,-0.6866429371820151,0.0343600198318189,3762.847486036056,True,body,high
-0.0136374313891207,0.0029794218683323,-0.0026982806887803,0.0003873904248894,0.0003461897611027,0.1241937413623935,0.1241937413623935,0.1241937413623935,False,0.1182972107292436,7.304056427255126e-05,0.0001609147519101,6.187715020054806e-05,2.60055208406688,0.5460915583840763,0.0693747089032346,0.3845337327126891,0.0734178510069473,0.5567445819663479,0.8274329517275936,12895.57278215432,True,body,high
-0.0139813860127696,0.003031784742858,-0.0027159252158667,9.979937419299092e-05,5.472041571321769e-05,0.1368717187792817,0.1368717187792817,0.1368717187792817,False,0.0091711086961566,9.756836826747408e-05,0.0001791936096336,6.715432933477869e-05,2.668385067779743,0.4555142425730107,0.1697272519643349,0.3747585054626543,-0.0053287491271753,0.6366049805533447,0.771171643129735,8750.9902282122,True,body,high
-0.0138355199127916,0.0029704867724671,-0.0028754078295532,0.0002929806220065,0.0002696194249009,0.1087618735875405,0.1087618735875405,0.1087618735875405,False,0.4985152786231731,6.641032690864258e-05,0.0001494089202276,5.858963974301033e-05,2.5500911233276606,0.5555129720001313,0.0523441783376646,0.3921428496622041,0.1009254823628329,0.4924716284037674,0.8644569059398919,21185.18918590985,True,body,high
-0.0137176165831142,0.0028506834285355,-0.0028434263665246,0.0003798342004442,0.0003765456957404,0.1369955046241465,0.1369955046241465,0.1369955046241465,False,0.1844704825901728,3.943814331305315e-05,9.302614630485376e-05,3.738143344111605e-05,2.488565518799335,0.576053132591225,0.022108944137029,0.401837923271746,0.5541181299306036,-0.4215940930531148,0.7177823617120529,13092.539941084397,True,body,high
-0.0137869584070234,0.0029652351164369,-0.0028701195608631,0.0003223597603882,0.000295484810505,0.1187674084368096,0.1187674084368096,0.1187674084368096,False,0.1070765459796221,6.135400244535635e-05,0.0001026782867368,0.000168913977507,2.753104455695784,0.3921267603057201,0.2446469197008117,0.3632263199934682,-0.3739163166280597,0.9206530613593552,-0.1121807860952677,29986.641021947027,True,body,high
-0.0137509400934524,0.0027370136853565,-0.0030386918091292,0.0005282932788195,0.0005272569917635,0.1071114292843296,0.1071114292843296,0.1071114292843296,False,0.4358163616197205,6.836809429797803e-05,0.0001446065317742,6.175635544058302e-05,2.3415651837389704,0.5272129587846246,0.0457222697776579,0.4270647714377173,0.054991695090268,0.3668045488228943,0.9286712746897752,9140.115633313751,True,body,high
-0.0137070027055218,0.0029375480486985,-0.0028368776040684,0.0003677449832036,0.0003435940612597,0.1026079583366388,0.1026079583366388,0.1026079583366388,False,0.1033081978189733,6.176913707576273e-05,7.894111740666738e-05,0.0001423711323835,2.3048910689642423,0.4455258163291358,0.1206142006698566,0.4338599830010075,-0.5231828378493277,0.8354803878074102,-0.1680840259188954,18149.83926420419,True,body,high
-0.0139482043086202,0.002999689582757,-0.0029129200744803,0.0002755100453956,0.0002562694807839,0.0609001657856117,0.0609001657856117,0.0609001657856117,False,0.996167330758702,6.260361292888016e-05,8.80687917276687e-05,3.936276748009472e-05,2.237362801591733,0.2891509954801402,0.2638942239681463,0.4469547805517134,0.1629803562649009,0.6225917655113882,0.7653867630088586,11446.691899523688,True,body,high
-0.0138115611057811,0.002931323828395,-0.0028965294233688,0.0003267891627376,0.0003133348694745,0.1308820442418599,0.1308820442418599,0.1308820442418599,False,0.524378257392558,5.142359663519558e-05,0.0001160456109003,0.0001406963561089,2.736027141529689,0.1752052852705826,0.4593012644557813,0.365493450273636,-0.0960664050269475,0.9922024589947844,-0.079407343425539,25164.4382615322,True,body,high
-0.0150669442732428,0.0017004509488116,-0.0022881067818021,0.0016833492541999,0.0004358974864923,0.332323312953339,0.332323312953339,0.332323312953339,False,0.349969388951283,6.182836763354968e-05,2.6197335716485024e-05,5.0828225915848246e-05,2.3601013592631617,0.177914153951114,0.3983752303691398,0.4237106156797461,-0.0600274862322321,-0.5464982570943138,-0.8353061450088322,5840.177779268684,True,wing_R,high
-0.0149472143120426,0.0016465198804031,-0.0020769404942688,0.0017130392736105,0.0004197571351951,0.2118392646595902,0.2118392646595902,0.2118392646595902,False,0.3555642910242829,6.648313735593559e-05,3.092156989691343e-05,7.354999214156566e-05,2.378598253153614,0.0960823323002959,0.4835019885600379,0.420415679139666,-0.0840256573821087,-0.5732787942945061,-0.8150405590605554,6498.414143091292,True,wing_R,high
-0.0142307815451767,0.0032612186459244,-0.002616117468609,0.0003604864766429,0.0003173884812523,0.2701492073256544,0.2701492073256544,0.2701492073256544,False,0.321297974776928,1.9473628940673025e-05,5.495301789514681e-05,2.2551662254433e-05,2.8219197388716184,0.5896192216874653,0.0560120887197317,0.3543686895928029,0.4156277923501413,0.3406168210134715,-0.8433467373914626,8367.396079477932,True,body,high
-0.0137938604930246,0.0028762999035748,-0.0029365329270402,0.0003783753038364,0.000374006340594,0.1240514935700061,0.1240514935700061,0.1240514935700061,False,0.8052518497773926,6.566041394091214e-05,0.0001106385521356,0.0001651750609006,2.5155957903239123,0.3301739891461921,0.272305867177928,0.3975201436758798,-0.5440922478937569,0.8212301126725006,-0.1718857987788147,24493.802275774524,True,body,high
-0.0136641497529908,0.0029123974482173,-0.0027362450550385,0.0003722916228858,0.0003559330337246,0.1132455038266004,0.1132455038266004,0.1132455038266004,False,0.0597059840361927,8.612349263369127e-05,0.0001942065226493,7.013967223633302e-05,2.7688541513987137,0.5565365598497075,0.0823032109288146,0.3611602292214779,0.0675292317086215,0.5450361854600273,0.8356885540702506,24614.57284938109,True,body,high
-0.0139324146822492,0.002916212490406,-0.0025376378459797,0.0001523339876583,0.000149327458545,0.1258678600026827,0.1258678600026827,0.1258678600026827,False,0.072083287841649,0.0001098988040326,0.0001825112324005,7.035210275113161e-05,2.5942541198266125,0.3978518330780795,0.2166809174502939,0.3854672494716266,-0.1393870451764355,0.6012848962397741,0.7867831500425683,8885.289427273303,True,body,high
-0.013710534412827,0.0027196761318262,-0.0030165260894059,0.0005423808257188,0.0005411942991285,0.1035162256237764,0.1035162256237764,0.1035162256237764,False,0.3339183239313611,6.190624929056393e-05,0.0001724145377783,7.539736417570779e-05,2.78509100057203,0.5626971765417492,0.0782481283712284,0.3590546950870222,0.5831392960734376,-0.722112478557569,0.3721587425903361,9328.951671344475,True,body,high
-0.0134513921383157,0.0029769131803927,-0.002683442394426,0.0005712469097391,0.000516029695868,0.1077585390405734,0.1077585390405734,0.1077585390405734,False,0.5007267486192002,4.545635906399966e-05,0.0001033361173414,3.518841536501288e-05,2.936651630077213,0.5601116024731395,0.0993645200066292,0.3405238775202311,0.5303793939408742,-0.4607770366071502,0.7116053829324536,11166.244624654755,True,body,high
-0.0139236189330655,0.0030619323543875,-0.0030748778874732,0.0004465886180884,0.0004021808800077,0.1050725106317901,0.1050725106317901,0.1050725106317901,False,0.9924216506603144,2.941568957917375e-05,5.90897237494916e-05,7.40330311652854e-05,2.5167872052097207,0.2018464890682582,0.4008215482095809,0.3973319627221608,-0.3051875923923812,0.9388199367461626,0.1596172290752875,8391.721288323348,True,body,high
-0.0138977644506734,0.0029784801054327,-0.0028483664395014,0.0002347815253663,0.000216049710388,0.1133755109106122,0.1133755109106122,0.1133755109106122,False,0.1681000222399297,6.052307959412267e-05,7.796995285350369e-05,0.0001424265396447,2.3532599563658563,0.4525602247449213,0.1224973470737476,0.424942428181331,-0.6180051057825791,0.7709100931275319,-0.1541665253573649,15042.846281190305,True,body,high
-0.0138032330310702,0.0029176912421688,-0.0029000397389539,0.0003366527367899,0.0003258617204464,0.1282026069837404,0.1282026069837404,0.1282026069837404,False,0.5094645321089369,6.194457707211882e-05,0.000129637499839,0.0001392966377793,2.2487301449682806,0.0693422188380366,0.4859623595091775,0.4446954216527859,-0.1568401677540396,0.9631537328815476,-0.2184858087273058,21924.71165686041,True,body,high
-0.0136687833291999,0.004364170662978,-0.0025775496378565,0.0014403541351968,0.0004000279146858,0.4438006589534842,0.4438006589534842,0.4438006589534842,False,0.0631726038694116,5.395955640086899e-05,6.690508795134506e-05,2.353591764456144e-05,2.842680237148312,0.1934909877091912,0.4547283276636947,0.351780684627114,-0.3850670501656422,0.5936704560890942,-0.7065966009284919,6639.277793858011,True,wing_L,high
-0.0138468305482343,0.0025424939285494,-0.002864599267708,0.0005092446170674,0.0004280232403392,0.1427247950820279,0.1427247950820279,0.1427247950820279,False,0.2104640420643799,5.2156097106633e-05,2.6327448218778272e-05,6.423163867512546e-05,2.439721394241,0.1879998987659156,0.402117234132736,0.4098828671013483,-0.9712007529371424,0.2200706799373768,-0.0913126131825641,4410.245963297867,True,body,high
-0.0150104841716634,0.0017767760021805,-0.00236870774044,0.0015745530376488,0.0004074987349326,0.2499956039940112,0.2499956039940112,0.2499956039940112,False,0.6149923502561844,7.460649289919357e-05,3.474752656007262e-05,8.183705479141622e-05,2.355190797535869,0.0883531538451827,0.4870527958357282,0.424594050319089,-0.0367643448059212,-0.5280938956833292,-0.8483897808749208,5549.893974068708,True,wing_R,high
-0.0137178260006005,0.003143873111091,-0.0027110345124637,0.0003556555610009,0.0002047883727978,0.1619510806834158,0.1619510806834158,0.1619510806834158,False,0.0516164672864024,0.0001304553598272,0.000227360930704,8.215563225580225e-05,2.767441798708467,0.4262190983151979,0.2124363558061178,0.3613445458786842,-0.0260944107872079,0.625361522713049,0.7798987419118493,9035.116984551843,True,wing_L,high
-0.0137646264560193,0.0029076881058415,-0.0028509621749364,0.0003325580816384,0.0003220040616383,0.1139790383645075,0.1139790383645075,0.1139790383645075,False,0.6369280576566887,7.426391053093791e-05,9.501040035214052e-05,0.0001926098539544,2.5935862059699977,0.5067209781768541,0.1077125048135439,0.3855665170096019,-0.6077355797661554,0.7715505581815288,-0.1880616953450803,19028.425726866026,True,body,high
-0.0136494545685665,0.0030412014938449,-0.0027088874169336,0.0003836350685987,0.0003098775991005,0.1187490137459264,0.1187490137459264,0.1187490137459264,False,0.5501087821324919,8.251281934166123e-05,0.0001833588469752,6.851207887833032e-05,2.676299566108171,0.5499927017276592,0.0763570490014108,0.37365024927093,0.0813792879329702,0.5287208308291065,0.8448856103301217,10661.711458568016,True,wing_L,high
-0.0136908066071643,0.0032479942350245,-0.0027477944837721,0.0004434975476706,0.0001885864689656,0.0903689313769689,0.0903689313769689,0.0903689313769689,False,0.4937869728456767,0.0001007665176021,0.0001714447699771,6.576243628225155e-05,2.607031911672848,0.4122508513059281,0.2041711819179258,0.383577966776146,0.0253839982395487,0.6295737757361503,0.7765259258638453,6918.250576216933,True,wing_L,high
-0.0136871633376531,0.0028826249281856,-0.0027238619590262,0.0003535001576614,0.0003463043267586,0.104953802663202,0.104953802663202,0.104953802663202,False,0.991459845078272,3.986605583831799e-05,9.630915168907848e-05,4.291303350324569e-05,2.4158184115246524,0.5544241357063883,0.0316374675873427,0.4139383967062689,-0.0995765340778007,0.803671922645364,0.5866821580826851,24316.184582965496,True,body,high
-0.0137333056771942,0.0027919519143534,-0.0027723940939449,0.0003603139125169,0.0003596941246526,0.0872394126878061,0.0872394126878061,0.0872394126878061,False,0.9646633021971618,4.501336486523572e-05,8.60936832377977e-05,0.0001044804011102,2.321097332382894,0.1759824586916745,0.3931868363445762,0.4308307049637492,-0.4217399480388386,0.904625724346728,0.0615444154928416,10520.005654688706,True,body,high
-0.0137651807421512,0.0029123512880119,-0.0028010968351797,0.0003034922123262,0.0002931019900974,0.087716295889661,0.087716295889661,0.087716295889661,False,0.1965167031044677,5.8172235544300506e-05,0.0001591489763416,6.779530490448076e-05,2.73582362535174,0.5740135660128045,0.0604657948884554,0.3655206390987401,0.6824602356955836,-0.6736576107609167,0.2836079162474521,23190.33259719942,True,body,high
-0.0137580485110799,0.002953522393956,-0.0028997308475171,0.0003640346896829,0.0003380388517388,0.1174555004281528,0.1174555004281528,0.1174555004281528,False,0.7372264562729649,4.913359341953663e-05,5.795555715118188e-05,0.0001135833133958,2.3117241278491854,0.4897528922299712,0.0776695402510211,0.4325775675190076,-0.6595182037617593,0.7419553880099361,-0.1205733847492366,22232.68620225492,True,body,high
-0.0140138093560586,0.0029527185030067,-0.0026784144774884,3.468616296194731e-05,3.397082792630252e-05,0.1466214093721717,0.1466214093721717,0.1466214093721717,False,0.1446334723458686,4.914680899633517e-05,0.0001118779416912,0.0001335515668023,2.71740057044845,0.1622865656322499,0.469714689215882,0.367998745151868,-0.0129514910268924,0.997979247570659,0.0622067544442024,10015.347858233705,True,body,high
-0.0138000503873827,0.0029813603603931,-0.0027367578425652,0.0002385238303251,0.0002085964833118,0.1024609353228521,0.1024609353228521,0.1024609353228521,False,0.7423256408429918,7.67886708416456e-05,0.000167361413203,6.453668085364006e-05,2.59327580825824,0.541180554274523,0.0732067789911797,0.3856126667342973,0.1501114820887877,0.570884606172253,0.8071909993184135,11928.757171073948,True,body,high
-0.0136768066100616,0.0028967915078918,-0.0027563667628552,0.0003683114340367,0.0003562874146342,0.1027562928548944,0.1027562928548944,0.1027562928548944,False,0.0663366784542571,8.022801170194744e-05,0.0001530378441857,6.574606945723325e-05,2.327710925522745,0.4757635790755437,0.0946298108272745,0.4296066100971817,0.0937359815591493,0.5084962585831101,0.8559469146904624,26419.77478509117,True,body,high
-0.0137345396508428,0.0029637398111235,-0.0029669296984976,0.0004283041253896,0.0003952036457117,0.146356956265946,0.146356956265946,0.146356956265946,False,0.1633709492595251,4.302125280741228e-05,0.0001051669765431,4.0661571427014765e-05,2.586397250581517,0.5909243165343008,0.0224374747469252,0.3866382087187741,0.4044260977383493,-0.4976717482077176,0.7673085184617757,18977.376673639923,True,body,high
-0.0138122900655816,0.0030311208583266,-0.003070128147366,0.0004742089883985,0.0004246206263515,0.0860786639762608,0.0860786639762608,0.0860786639762608,False,0.9849647377797758,7.76774582108006e-05,0.0001474343838008,6.531535576038604e-05,2.2572698576685952,0.4731387875182448,0.0838481643950532,0.4430130480867019,0.2485020423965653,0.4465693241265311,0.8595478891102629,10541.914570161214,True,body,high
-0.0139197809401961,0.0031372274483225,-0.002825820302264,0.0002640530609801,0.0001435589166615,0.0953755156158909,0.0953755156158909,0.0953755156158909,False,0.1895362165841535,4.032744543215758e-05,6.537162747486754e-05,8.711226670495784e-05,2.160123602460906,0.2495703538942923,0.2874931739238581,0.4629364721818496,-0.2490699357214709,0.9447642030093396,0.2130370104743062,6503.542728720322,True,body,high
-0.0135176619656969,0.0028826225418123,-0.0026874584910068,0.0005127706238764,0.0004949444063903,0.1224140970548439,0.1224140970548439,0.1224140970548439,False,0.0646103487287141,6.091911202491535e-05,0.0001207221536066,4.1470825561997326e-05,2.9110139952764578,0.4953775242992087,0.1610995652569923,0.3435229104437989,0.2043362016044785,0.5607460787507229,0.8023780604425461,12980.052016150958,True,body,high
-0.0133667693394823,0.0028442759170682,-0.003046270599011,0.0007760135247777,0.0007438161365719,0.1253090582140061,0.1253090582140061,0.1253090582140061,False,0.0893127644790328,3.7620979479546e-05,2.0790648069376462e-05,5.226977707669888e-05,2.514100421606844,0.280253684182692,0.3219897300398524,0.3977565857774556,-0.793371284918037,0.6084627508781062,-0.018305328769259,3372.012169125632,True,body,high
-0.0138323504152597,0.0028300294515727,-0.0026194797237312,0.0002369214010257,0.0002309297151539,0.0867991843544387,0.0867991843544387,0.0867991843544387,False,0.5717816484574492,6.945175561044381e-05,6.633778599494396e-05,0.000175486448171,2.64534677392508,0.6042329402966492,0.0177447868365566,0.3780222728667942,-0.1140268800019433,-0.4891196238778725,-0.864731093562959,8752.719351687552,True,body,high
-0.0140550089751124,0.0029727907341845,-0.0032921097652885,0.000643914046943,0.000636585197972,0.3422121743473626,0.3422121743473626,0.3422121743473626,False,0.1207816388291352,1.525927617796537e-05,4.430620054139838e-05,1.6117007680625214e-05,2.90355846664452,0.6362358432074091,0.0193591752887591,0.3444049815038317,-0.7204662708665528,-0.3976545473626811,-0.5681542163052431,4350.375801500485,True,body,high
-0.0137669989689646,0.0029258579931781,-0.0027507081297988,0.0002775521646144,0.0002652606712234,0.1300570070460129,0.1300570070460129,0.1300570070460129,False,0.3593022463227009,4.9498272758601125e-05,0.0001199152707359,0.0001382180270526,2.7923808114829964,0.1324194586411023,0.5094631972317142,0.3581173441271834,0.0566198566225524,0.997812676035825,0.0341182557916915,20106.160764439584,True,body,high
-0.0153054056928371,0.0017801150192187,-0.0024948612614151,0.0017569093951396,0.0006867294397442,0.2667436169458049,0.2667436169458049,0.2667436169458049,False,0.1081060544953723,7.508587183060537e-05,6.777009428308867e-05,3.040225366658379e-05,2.4697469027809262,0.0974321449449395,0.4976680659819357,0.4048997890731247,0.0407985304431833,0.6446651427894656,0.7633756176260246,6328.769195775696,True,wing_R,high
-0.013714792006733,0.002989827461922,-0.0027513810483071,0.0003240117152239,0.0002814609928861,0.1001563193162575,0.1001563193162575,0.1001563193162575,False,0.2907728555452957,8.645925117975005e-05,0.0001278810146325,0.000200256583366,2.316196134404928,0.3614141793341051,0.2068434543153363,0.4317423663505585,-0.4357243317082917,0.8920544286972858,-0.1199299920742154,14750.8033007128,True,body,high
-0.0138406096138741,0.0029731802434258,-0.0027444641303113,0.0002045836119408,0.0001821850436449,0.1306665875974565,0.1306665875974565,0.1306665875974565,False,0.1845733382082344,8.797603282744066e-05,0.0001751901421473,7.049307199087442e-05,2.4852107760328765,0.4978254384117746,0.0997942042986547,0.4023803572895706,0.0625992080722923,0.5528325392062685,0.830937736983627,11108.103378091428,True,body,high
-0.0138800441873913,0.0030012243015346,-0.0028577301378241,0.0002541033203513,0.0002233871437206,0.1010110839467312,0.1010110839467312,0.1010110839467312,False,0.142264476166504,7.139255094439592e-05,0.0001614904111136,6.948368790843506e-05,2.324148530033439,0.5579146126878423,0.0118202871786424,0.4302651001335152,0.0217228975371412,0.4122241030754946,0.91082347607327,15068.405681459328,True,body,high
-0.0144744919227425,0.0031127530936894,-0.0030428325234261,0.0006170194847137,0.0006169443290103,0.1261666476233358,0.1261666476233358,0.1261666476233358,False,0.4646686168075157,0.0001310233512722,0.0001557049633555,6.868459256924676e-05,2.266956205623168,0.1585152557207421,0.4003646213939953,0.4411201228852625,0.0024074468878605,0.6310610432304452,0.7757294398927916,6365.491228317367,True,body,high
-0.0133676912319565,0.0029221555419942,-0.0026029012501024,0.0006572020885846,0.0006204991352864,0.0852371152754344,0.0852371152754344,0.0852371152754344,False,0.4301389111424545,4.8962487510129626e-05,6.108706915084084e-05,8.250416385644359e-05,1.6850484534588783,0.2595880462817401,0.1469572088726074,0.5934547448456524,-0.3292383698198651,0.9390351208327952,0.0990713766982987,8909.351477191096,True,body,high
-0.0139002673024551,0.0028928531521533,-0.00268177739521,0.0001471668219749,0.000146513802197,0.0823811629671396,0.0823811629671396,0.0823811629671396,False,0.9443627494339532,3.1462146306339566e-05,4.631472752597388e-05,7.246711288448149e-05,2.3033111657064382,0.3608862602294733,0.2049561605042903,0.4341575792662363,-0.3650316934898658,0.888749858235227,0.2772644085251209,10466.382514983852,True,body,high
-0.0137361779717905,0.0028682228663865,-0.0027233393207451,0.0003117962525958,0.0003094780779296,0.1025448716088566,0.1025448716088566,0.1025448716088566,False,0.1255401588802778,5.081281365658601e-05,8.19606165871126e-05,0.0001466592379221,2.886264848731704,0.4411493080946295,0.2123821408853818,0.3464685510199886,-0.456296707657885,0.8895306017863325,-0.0229918043271924,20066.872307108195,True,body,high
-0.0143990203374735,0.0030853955963655,-0.0030327733306887,0.0005505744163863,0.0005503916035881,0.1032613229603493,0.1032613229603493,0.1032613229603493,False,0.0628042085012352,4.8979580594733145e-05,0.0001343084667954,5.882961195872137e-05,2.742131826458944,0.5619813600558224,0.0733388713236616,0.3646797686205159,0.5272376163814998,-0.8156485577162425,0.2381972421497938,7218.981813844796,True,body,high
-0.0132826155630986,0.0027635710601417,-0.0024138408443971,0.0008023602798025,0.0007986278041265,0.0891461047872327,0.0891461047872327,0.0891461047872327,False,0.6049274678136678,5.92383424296948e-05,6.115765933683795e-05,0.0001368968730018,2.3109504315433407,0.553257441197894,0.014020166166379,0.4327223926357269,-0.5725107670619489,0.7819462492335552,-0.2465592928845172,6213.357177268899,True,body,high
-0.0138769636365197,0.0025357187532782,-0.0026430992546284,0.0004573014800809,0.0003151753979585,0.1415526463700997,0.1415526463700997,0.1415526463700997,False,0.0778574924592524,5.165332759706696e-05,0.0001096074587588,0.0001272249292012,2.463053884808256,0.1384749871977797,0.4555249629584678,0.4060000498437524,0.1740690615130047,0.9846574287314832,0.0122355983869248,3707.0572307020702,True,body,high
-0.0151770800129513,0.0018642120068284,-0.0026125081439063,0.001599460487021,0.0006312686936614,0.356502444738747,0.356502444738747,0.356502444738747,False,0.1306180715594145,5.988468932116618e-05,2.5012147220834235e-05,6.480991071411807e-05,2.591137423824761,0.0759948800836566,0.5380742191446249,0.3859309007717184,0.0045573169622098,-0.7127949246961764,-0.7013577020247785,9719.076797219532,True,wing_R,high
-0.0153236391706708,0.0016938225191314,-0.0023651466752339,0.0018448397634618,0.0006574155050369,0.240727857665093,0.240727857665093,0.240727857665093,False,0.2557590928984594,8.469339465695113e-05,3.430587964641033e-05,8.561201002396e-05,2.4955491859226586,0.0107299824726901,0.5885566171900296,0.4007134003372802,-0.084868502317842,-0.5972229693614246,-0.7975726062130328,7335.209981502686,True,wing_R,high
-0.0143267356326455,0.0049151795178056,-0.0028579298472723,0.0019804932488057,0.0010852436747995,0.4600275464453002,0.4600275464453002,0.4600275464453002,False,0.1017430019033563,3.9126307521254193e-05,8.612061799996343e-05,9.064326116539512e-05,2.316683247356165,0.0498949740696035,0.518453439058857,0.4316515868715395,0.656124120349576,-0.6287098140236222,0.4174028131743691,5659.516657480884,True,wing_L,high
-0.013374959203679,0.0028814933863413,-0.0023913816982743,0.0007015990578265,0.0006871398917388,0.1293242795877789,0.1293242795877789,0.1293242795877789,False,0.0989122616047263,3.9181271938728605e-05,0.0001148862001333,4.365408686904498e-05,2.9321712759363647,0.6200232332659684,0.0389325691434054,0.3410441975906261,0.2657225752789887,-0.8009618390937205,-0.5365180754669008,6651.5047165315145,True,body,high
-0.0136140480176673,0.0028450097211139,-0.0026828833609661,0.000427444057385,0.0004231866982367,0.0956952200514056,0.0956952200514056,0.0956952200514056,False,0.5316763359593398,9.8897322861937e-05,0.0001096528863762,0.0002287154646032,2.312655772518466,0.5205707381159927,0.047025956609134,0.4324033052748732,-0.4938296763879202,0.8623184285034431,-0.1119784737436351,14433.542990386512,True,body,high
-0.0143402545556784,0.0033008766182013,-0.0029380682661842,0.0005430330981398,0.0004983486361779,0.1413115313177551,0.1413115313177551,0.1413115313177551,False,0.1032052559709686,8.425442095566373e-05,0.000215620352568,9.074549576164032e-05,2.5591577287260026,0.5791422531274584,0.0301041841768108,0.3907535626957307,0.7724106941309216,-0.5961871170636234,0.2189580805532267,5403.778190708905,True,body,high
-0.0146807144384591,0.0031756408431946,-0.0027205540108859,0.0006943237773776,0.0006905816480962,0.2598808839719854,0.2598808839719854,0.2598808839719854,False,0.1857347027536219,4.888736742560698e-05,5.617111287386191e-05,2.3991059969883847e-05,2.3413351867059613,0.1296706630080721,0.4432226135812974,0.4271067234106305,-0.7817962191469794,0.6082217021782763,-0.137335475121501,2785.296886788642,True,body,high
-0.0132321532462046,0.0032671440406821,-0.0023305168399237,0.0009017852873041,0.0007252671235698,0.1407752941316061,0.1407752941316061,0.1407752941316061,False,0.1002154873309683,7.627332114764986e-05,0.0002151269907772,9.371664962142146e-05,2.820474938554065,0.5643659157652297,0.0810838677692213,0.354550216465549,0.6474013442319793,-0.7277432660725701,0.2264094480640216,3172.051429476789,True,wing_L,high
-0.0134573315810771,0.0028738926412825,-0.0027326651448124,0.000578343565186,0.0005562367206752,0.2060990113694823,0.2060990113694823,0.2060990113694823,False,0.075908705253387,3.3301713399920584e-05,3.206680592196101e-05,7.399752617141154e-05,2.3076051400783326,0.5499618011177989,0.0166884967897301,0.4333497020924709,0.3478658343669822,0.6621533946352673,0.6637335634523504,10829.821927430732,True,body,high
-0.0142034396229094,0.0029975831585451,-0.0023946966865206,0.0003139694501511,0.0003003156863264,0.1195008420897575,0.1195008420897575,0.1195008420897575,False,0.2719606171046456,6.5375991647486e-05,0.0001334709056337,5.5356983379104685e-05,2.4110942736829,0.5101854495024115,0.0750651104134728,0.4147494400841156,-0.0798001695402791,0.4935225519200155,0.8660643299938512,4253.249523059379,True,body,high
-0.0143724391937308,0.0032421296895358,-0.0030428566444401,0.0005937179137606,0.0005696326622649,0.1255717962759265,0.1255717962759265,0.1255717962759265,False,0.1706407319473947,0.0001013092967257,0.0001618161607757,7.130701907163252e-05,2.2692879730839675,0.3739234929312254,0.1854096495077231,0.4406668575610515,-0.0161975154064107,0.6335544812866304,0.7735285125554763,6424.61512898119,True,body,high
-0.0137454342267051,0.0028945923780469,-0.0027822495178498,0.0003155837081859,0.0003082372782309,0.0946008200146547,0.0946008200146547,0.0946008200146547,False,0.115643555703584,7.407611176919111e-05,0.0001561579270397,6.814709521754312e-05,2.291483247249357,0.5256333560936967,0.0379680792646562,0.4363985646416471,-0.0059657509389672,0.475802163096754,0.8795320979976706,24981.76927931999,True,body,high
-0.0139367695747269,0.0029177669385773,-0.0026054580835257,0.0001084863355879,0.0001067827056239,0.1132882790492758,0.1132882790492758,0.1132882790492758,False,0.1913323066918728,8.430352989247623e-05,0.0001539976784415,6.671012722923632e-05,2.3084602718913985,0.4525662286234128,0.1142445966802141,0.4331891746963731,0.1151516446910939,0.4131565555976382,0.9033502971116087,10625.972009993942,True,body,high
-0.0137014852227116,0.003223437776585,-0.0027829907972342,0.0004299470438735,0.0001994310473563,0.0904853526198165,0.0904853526198165,0.0904853526198165,False,0.306387755752332,8.25406017136983e-05,0.0001707792203247,7.661530845486683e-05,2.2290482642292595,0.5166824069300695,0.0346956336231389,0.4486219594467915,0.0938125240925195,0.5879461804470985,0.803441658878265,7006.423008716055,True,body,high
-0.0137939563475612,0.00295712922536,-0.0028499345946513,0.0003038097204236,0.0002810595665722,0.0855534905072975,0.0855534905072975,0.0855534905072975,False,0.5893254879496338,5.994834421447039e-05,6.967107194368696e-05,0.000111211330609,1.855119304232936,0.3735254172203199,0.0874256937307436,0.5390488890489364,-0.3039282367248241,0.9505874100334404,0.0633340572461281,28316.59417109123,True,body,high
-0.0137231554312394,0.0027721628054284,-0.002432282310396,0.0004183188460391,0.0004081559353919,0.1214634917131872,0.1214634917131872,0.1214634917131872,False,0.1594961084374231,3.293923441442635e-05,8.157710740311884e-05,7.924396256052665e-05,2.476593911587412,0.028600485073132,0.5676191473336057,0.4037803675932621,-0.1497753619764767,0.9548925380752296,0.2564129124538417,4700.468819303645,True,body,high
-0.0138719656955663,0.0029441905484783,-0.0029187721686071,0.0003094448944519,0.0002979868284576,0.1383212338722055,0.1383212338722055,0.1383212338722055,False,0.4180735941767036,5.635870245724888e-05,0.0001272948351406,0.0001276842668215,2.265564345069954,0.0030499582339956,0.5555589145724297,0.4413911271935747,-0.0272792609439502,0.999221721026588,-0.0284920015270068,16577.590945439504,True,body,high
-0.0137779649695936,0.004426320132243,-0.0026237160771951,0.0014772446374536,0.0004635034816782,0.5101653334718919,0.5101653334718919,0.5101653334718919,False,0.2686625307103558,5.6651148159929295e-05,6.882950626454648e-05,2.393986423900788e-05,2.875100108228472,0.1769351367683739,0.4752508872458778,0.3478139759857482,-0.5053847504154438,0.6443248130942109,-0.5739614876266776,7376.353180876678,True,wing_L,high
-0.0150799872248842,0.0018831753607054,-0.0026489131374559,0.0015167124950968,0.0005666351069777,0.358328260729263,0.358328260729263,0.358328260729263,False,0.2130849104264354,3.176777830338549e-05,7.61683570113002e-05,7.280085112531006e-05,2.3976608085049165,0.0442113499374882,0.5387154775550297,0.417073172507482,-0.0368076157898193,-0.7269015693224553,-0.6857545537117642,15274.379942092572,True,wing_R,high
-0.0141017040804771,0.0029075484972608,-0.00264338537946,0.0001014705222117,4.823691572262424e-05,0.1000347865688135,0.1000347865688135,0.1000347865688135,False,0.848568985906758,5.784423841227098e-05,3.023521676101147e-05,6.844899123166998e-05,2.2638829340206827,0.1549292784097655,0.4033517682943641,0.4417189532958703,-0.6719725169687079,0.721105019970339,0.1687023610158337,7124.740717047261,True,body,high
-0.0144422804044594,0.0020344814094175,-0.0027089005750107,0.0010270743824009,0.0002305640169623,0.2377503053527148,0.2377503053527148,0.2377503053527148,False,0.6417470686218778,6.41219615531867e-05,3.0092391626721296e-05,7.388892884523335e-05,2.45540234095657,0.1321844482615845,0.4605503213849972,0.4072652303534183,0.0027215283659973,-0.6789438343090348,-0.7341851695159053,5610.388179921277,True,wing_R,high
-0.0137921032697195,0.002968310935559,-0.0029022343537001,0.0003416730898975,0.0003139177341633,0.7744473755878676,0.7744473755878676,0.7744473755878676,False,0.1939648682319051,1.547493879284882e-05,1.4651545245756755e-05,4.239322606971438e-05,2.893430376020708,0.634966709837068,0.0194227621587,0.3456105280042319,-0.7061757022940405,-0.0388371057020142,0.7069706901351779,24122.38178104884,True,body,high
-0.0137709921540168,0.0028738735233384,-0.0029407371428069,0.0003962295929839,0.0003908301146036,0.1120233161749388,0.1120233161749388,0.1120233161749388,False,0.338159933810668,8.715356562704245e-05,0.0001231151601536,0.0001994563588017,2.2885622334173443,0.3827463767348721,0.1802980598995765,0.4369555633655513,-0.4826611456931193,0.8591444110287885,-0.1700267609413337,24068.87718551801,True,body,high
-0.0137296510155054,0.0029682375476926,-0.0029303259232414,0.0004053556248149,0.0003702503149952,0.1621276293619108,0.1621276293619108,0.1621276293619108,False,0.0987878492847747,9.227453098714355e-05,0.0002327602978961,9.574370534122668e-05,2.522476087454383,0.5886596373753169,0.0149044935302116,0.3964358690944713,0.5999470601320551,-0.7058716279400298,0.3765750521585255,19640.159418464063,True,body,high
-0.0136634861129561,0.0028864575298264,-0.0028061247889856,0.0003997228750485,0.0003875672643126,0.1193977712898362,0.1193977712898362,0.1193977712898362,False,0.0810670867116873,7.221536868927163e-05,0.0001479047511737,5.580477613074868e-05,2.650395923588586,0.5117440912736013,0.1109537890317612,0.3773021196946375,0.0574292430175709,0.5341520593229176,0.8434355100228559,15727.9868568644,True,body,high
-0.0139920401903113,0.002830520172948,-0.0025155496243101,0.0001949879253764,0.0001406483124564,0.0955544182767659,0.0955544182767659,0.0955544182767659,False,0.9781797145043885,7.295375373468907e-05,0.0001659640829507,6.676581773000222e-05,2.485764251729529,0.5604244458341786,0.0372847901465759,0.4022907640192454,-0.0147719391605445,0.4588760636483254,0.8883774805925999,7620.154907204532,True,body,high
-0.0136916334976544,0.0028442066879939,-0.0027387101644621,0.0003641245803547,0.0003622253247953,0.0926959102161729,0.0926959102161729,0.0926959102161729,False,0.9851613961696092,3.2842873973015535e-05,7.481247222474566e-05,3.727193560856881e-05,2.277890548988293,0.5017951619537524,0.0592021825217571,0.4390026555244905,-0.0193403834419678,0.8124471681248793,0.5827139509005956,16965.74084651736,True,body,high
-0.0136076862167632,0.0029757785279258,-0.0030650177106401,0.0005868024456035,0.0005336330075159,0.1459225120035693,0.1459225120035693,0.1459225120035693,False,0.175579587001096,0.0001059346650906,0.0002074595606879,7.371135690896202e-05,2.8144857100403726,0.4893719781370175,0.155323322168609,0.3553046996943734,0.0045863704741807,0.6134834369428933,0.7896942685638593,5983.093628213204,True,body,high
-0.0133779935157042,0.0029249042513844,-0.0024248138679847,0.0006829757256683,0.0006574366696356,0.1255723343290419,0.1255723343290419,0.1255723343290419,False,0.0229242329279975,4.709790193528682e-05,0.0001050682824107,4.624874167325003e-05,2.271808455958173,0.5517400603240098,0.0080819848060083,0.4401779548699819,0.1260437073581778,0.543887888007059,0.8296378421423573,6703.968135416514,True,body,high
-0.0138923313231009,0.0045298528317658,-0.0026466710161376,0.0015656784969409,0.0005838490344672,0.5030550359018164,0.5030550359018164,0.5030550359018164,False,0.1544368935054753,3.1721277538378865e-05,7.274831286754085e-05,6.828260421759171e-05,2.293360120175623,0.0613857349252929,0.5025728465453655,0.4360414185293416,0.6810139121329531,-0.6188255153022831,0.3915035543800772,8837.938820387446,True,wing_L,high
-0.0137582336226048,0.0029098003667596,-0.0027528349656955,0.0002892601753336,0.0002803598657982,0.1226479147618107,0.1226479147618107,0.1226479147618107,False,0.2796707206932792,4.78927667501549e-05,0.0001135998877928,0.0001358239552614,2.836001435665241,0.1636240634122073,0.4837668062029804,0.3526091303848123,-0.0381223177331073,0.9975252660257342,-0.0590764972805957,24407.48593039101,True,body,high
-0.0147737472066795,0.0018517833108652,-0.0024529687611724,0.001361462268006,0.0002240625936882,0.3494704436176504,0.3494704436176504,0.3494704436176504,False,0.4716150326220918,2.8678154302776064e-05,6.668856362497411e-05,7.410974617774683e-05,2.5841881383061307,0.1001377407901729,0.5128935299688228,0.3869687292410042,-0.0629121949323556,-0.5446820251542461,-0.8362795867427727,5230.867896883037,True,wing_R,high
-0.0139751999240248,0.004347597810662,-0.0028380258563592,0.0013917454496783,0.0005287970472782,0.4072735654702349,0.4072735654702349,0.4072735654702349,False,0.1706217868817517,7.174795249364449e-05,6.922223624979269e-05,2.940197486636676e-05,2.4402426306308342,0.0352026246891928,0.5550020592845941,0.4097953160262129,-0.6786928556278444,0.5747966679544817,-0.4571485515979976,6529.809281089585,True,wing_L,high
-0.0139379572887018,0.0024961233603217,-0.0024967227896962,0.000504283841236,0.0002846597506079,0.1789727272727169,0.1789727272727169,0.1789727272727169,False,0.2334995922183709,5.921185262802285e-05,3.692098902808658e-05,6.5366016823861e-05,1.770429735079298,0.0941492918624904,0.3410160918937818,0.5648346162437278,-0.9318114563925792,0.3560440708835379,0.0704274756342902,3182.683233744576,True,body,high
-0.0140074535874899,0.0047207985670025,-0.0026283390088491,0.001751459929264,0.0007680327489713,0.4961622954325203,0.4961622954325203,0.4961622954325203,False,0.1510514032781838,6.745922535153778e-05,7.14842525239961e-05,3.01261885386346e-05,2.372827629101599,0.0563064875177532,0.5222553988428583,0.4214381136393884,-0.6959922222620036,0.6054929577260446,-0.3859703417297286,9677.81574757692,True,wing_L,high
-0.0126024659715103,0.0028678204655049,-0.0019214715626071,0.0015979876129553,0.0015555087831788,0.2411835886538482,0.2411835886538482,0.2411835886538482,False,0.1428702926468981,4.982701110371966e-05,2.616345472802232e-05,5.958589271688005e-05,2.277447429488764,0.163778390625602,0.3971335377676352,0.4390880716067628,-0.4102672394971309,-0.4517885005273496,-0.792191859959854,3780.0432281381713,True,body,high
-0.0141621172592492,0.004871628289007,-0.0027040618938228,0.0019080891121626,0.0009425819278238,0.4974295497615802,0.4974295497615802,0.4974295497615802,False,0.1364236161263271,3.125370748482443e-05,7.468437194244923e-05,6.429022617583439e-05,2.389616399229212,0.1391743077738463,0.4423484837827579,0.4184772084433958,0.7200161909387242,-0.592055310836846,0.3620044111554117,10883.7561313401,True,wing_L,high
-0.0141405763423179,0.002977522401328,-0.0021458836691888,0.0005171363030537,0.0005016602202921,0.1875720266765332,0.1875720266765332,0.1875720266765332,False,0.2638853721640359,8.507581251613672e-05,0.0001985766514659,8.361038865322399e-05,2.3750236623048395,0.5715719250571542,0.0073796383013553,0.4210484366414905,-0.1555423142891633,0.5721070786258979,0.8052950260939848,2724.8932886494035,False,body,high
-0.0138198763486136,0.0028934635040275,-0.0027078368077788,0.0002234104144091,0.000222132636461,0.1009095936778363,0.1009095936778363,0.1009095936778363,False,0.3171828413233042,8.346364188183808e-05,0.0001113576827214,0.0001887039438663,2.260911932569244,0.4098815295545336,0.1478190665657119,0.4422994038797544,-0.6510826717067715,0.7580563933931392,0.0379718190104074,12371.142851618606,True,body,high
-0.0138003125280393,0.0028341914807551,-0.0029986849884823,0.0004353047456071,0.0004344474257533,0.1612001939325367,0.1612001939325367,0.1612001939325367,False,0.1563305107175603,8.277053844926976e-05,0.0002206346200757,9.448194884684036e-05,2.66561779359432,0.5717718787087928,0.0530805654776635,0.3751475558135436,0.7563776767549697,-0.6183940803456901,0.2132640886322934,12948.790465462402,True,body,high
-0.0134430904248614,0.0029925308068695,-0.0025849913290024,0.0005824593105112,0.0005279816739772,0.1769820652589661,0.1769820652589661,0.1769820652589661,False,0.0245383374746298,9.056342195280266e-05,0.0002189240999957,0.000103144863112,2.4173567570122723,0.5288556028594678,0.0574694204954017,0.4136749766451304,0.7207750031920254,-0.6791166164612389,0.1388669003750507,8766.371721056703,True,body,high
-0.0136009653132975,0.0028838624453904,-0.0026678082406456,0.0004296331417067,0.0004183384749979,0.1083766275569045,0.1083766275569045,0.1083766275569045,False,0.2221778948818789,8.755844751631694e-05,0.0001715884670869,7.460115681782037e-05,2.3000778326530846,0.4897183417813831,0.0755137621920185,0.4347678960265984,0.1349928501891108,0.6315133567986051,0.7635232875183167,15973.241604228828,True,body,high
-0.0137209522942621,0.002849720341473,-0.0026072805458603,0.0003262835018372,0.0003261819850627,0.1088919142998721,0.1088919142998721,0.1088919142998721,False,0.1585081690119373,7.363421160931276e-05,0.000145634198599,6.12617403653359e-05,2.377245532539342,0.4943892827534122,0.0849558095762751,0.4206549076703126,0.1443125480761997,0.4957646355810023,0.8563826916600956,8150.555792089221,True,body,high
-0.0136141340474158,0.0029018028178987,-0.002713723101698,0.0004180404148523,0.0004015442157486,0.1072703903516145,0.1072703903516145,0.1072703903516145,False,0.0630330724314568,7.441818266700285e-05,0.0001608453261207,6.5491186324907e-05,2.45598431096985,0.5373307732229403,0.055500501987809,0.4071687247892506,0.1389833590207682,0.3671845363885124,0.9197060085442834,16713.123536283587,True,body,high
-0.0137123806813683,0.0029147981839318,-0.0028116769776223,0.0003535868699967,0.0003378718000255,0.0827908567862072,0.0827908567862072,0.0827908567862072,False,0.2587154831643125,7.344380262343379e-05,7.061425263451629e-05,0.000110277022987,1.5616822223955298,0.3340062994623589,0.0256585634275713,0.6403351371100697,-0.2192759136578002,-0.0799928374265592,-0.9723781258594753,20747.5972036855,True,body,high
-0.0138176129314034,0.0026737246923962,-0.0022656625912758,0.0005254432993204,0.000464080096149,0.2013227474922769,0.2013227474922769,0.2013227474922769,False,0.2507414195507895,8.658847056006961e-05,0.0001972592807228,8.383027320029926e-05,2.353079301692239,0.5610423487159745,0.0139825986876932,0.4249750525963323,-0.0537204066377277,0.560364583568535,0.8265020577062948,3448.349419574432,True,body,high
-0.0148282626386638,0.0017113974295331,-0.0026194695160423,0.0014948308731658,0.0003054898089768,0.9295457931855904,0.9295457931855904,0.9295457931855904,False,0.953374870038516,2.659116196811259e-05,2.3642888832328588e-05,5.693137332902549e-05,2.407970266779718,0.5329260403673497,0.0517864397674889,0.4152875198651614,0.1301248945858878,0.6363546402591851,0.7603422148148914,3786.9474369458326,True,wing_R,high
-0.0135290909740072,0.0028790634556844,-0.0026872716147472,0.0005021585448752,0.0004860574866445,0.1500142378046899,0.1500142378046899,0.1500142378046899,False,0.1026925883889304,5.219580467842817e-05,2.250755170035852e-05,2.1037286483754547e-05,2.4811091829136287,0.5687861919358321,0.0281682642055638,0.4030455438586039,-0.0056950891941252,-0.999861903172196,0.0156121921569398,13694.51045097694,True,body,high
-0.0139930498790492,0.004687768147142,-0.0026192476963512,0.0017187452480857,0.0007452001481968,0.4840782884586976,0.4840782884586976,0.4840782884586976,False,0.2202488920093703,6.874212805244305e-05,5.870883136856082e-05,2.561271768471249e-05,2.6839060539629225,0.1459555729236062,0.481453144112726,0.3725912829636677,-0.7040030576396125,0.5828466287366563,-0.4057949016490849,10447.863207966278,True,wing_L,high
-0.0136919377553934,0.0032900925910628,-0.002969018821987,0.0005601618276971,0.0002957251396697,0.1768618440159909,0.1768618440159909,0.1768618440159909,False,0.0517833269375373,3.134304385603749e-05,3.242967228401606e-05,6.990994627674901e-05,2.230477250322404,0.5361221970384824,0.0155432593765268,0.4483345435849907,-0.8137286151242349,-0.0408474864583429,0.5798079197268964,4389.049226258036,True,wing_L,high
-0.0135962136654246,0.0030245344014854,-0.0021588467572217,0.0006513566415781,0.0006359334613142,0.3347492263091396,0.3347492263091396,0.3347492263091396,False,0.1674566585702151,1.7919394568889408e-05,4.512132949724773e-05,1.7460327066821484e-05,2.5842201766648643,0.6028619996673095,0.0101740686097453,0.3869639317229452,0.7531874513906798,-0.5573086830990953,-0.3494505613244378,4171.515107318474,True,body,high
-0.0152797059716696,0.0016813073646727,-0.0023103525419691,0.0018322553549836,0.0006143155732524,0.2356761274069558,0.2356761274069558,0.2356761274069558,False,0.2756972581891393,6.332749118839033e-05,2.768550073293025e-05,7.63943107330808e-05,2.7593617131950343,0.1710444065703466,0.4665529424042063,0.3624026510254471,-0.0832550301251693,-0.5750774222130213,-0.8138516808483495,6249.157953626243,True,wing_R,high
-0.0139171459736378,0.0029047219787782,-0.0027333936602628,0.000149029949304,0.0001490229256055,0.1316837097555062,0.1316837097555062,0.1316837097555062,False,0.1444577215377315,7.183408176678946e-05,5.863374205122254e-05,2.912610274902032e-05,2.466312859835176,0.1837615152988527,0.4107749215476751,0.4054635631534721,-0.5570987615174819,0.7934007037789639,-0.2452677988622489,9543.73496834759,True,body,high
-0.0138042183364801,0.0029562700178863,-0.0029462841051095,0.0003684363868773,0.0003460344188126,0.0948125439155699,0.0948125439155699,0.0948125439155699,False,0.1469095084622105,5.356190631983152e-05,0.0001153811779612,4.9393211159215445e-05,2.335972398905461,0.5357829824044074,0.036129767734011,0.4280872498615815,-0.0286687277259724,0.4425955169729397,0.896262970565018,19841.708653103586,True,body,high
-0.0136865151831675,0.0033546414260712,-0.0025245558044357,0.0005254304342974,0.0002511458695647,0.0946549279810735,0.0946549279810735,0.0946549279810735,False,0.1335031600439285,6.120626293919743e-05,0.0001117020331817,0.0001482825495401,2.422669550784807,0.2466946816859116,0.3405375103082227,0.4127678080058656,0.018283577419483,0.979548413659665,-0.2003761864433474,4324.108666226465,True,wing_L,high
-0.0141249932133448,0.0019351910791368,-0.0022605199892535,0.0011097322274062,0.000398963960674,0.3399691317941631,0.3399691317941631,0.3399691317941631,False,0.0998905940822231,3.15238663030226e-05,8.471189298740899e-05,7.990433459533074e-05,2.687230435921706,0.056751870635128,0.5711177803510906,0.3721303490137813,-0.0745871362969108,-0.6889410860198192,-0.7209694439384086,4357.140091665457,True,wing_R,high
-0.0141518293016849,0.0034205590533473,-0.0026144050413151,0.0004707556303043,0.0003193597578741,0.2240827809999419,0.2240827809999419,0.2240827809999419,False,0.0517780591377375,7.199552679144691e-05,2.7555560864827068e-05,6.156077951333723e-05,2.612740388214876,0.1449360501012311,0.4723240479511291,0.3827399019476398,-0.4516593049053906,-0.4209000441403401,-0.7866683069344026,5403.179948085503,True,body,high
-0.0135933291292508,0.0031763234724519,-0.002351870793101,0.0005607819796177,0.0004669030212997,0.0939041421151534,0.0939041421151534,0.0939041421151534,False,0.0552873111227713,7.279196484504947e-05,0.0001455354829906,5.994199854756872e-05,2.427938449118316,0.4998335570870174,0.0882943872753526,0.4118720556376299,0.0814526451310216,0.5677575121452345,0.8191561963409748,4276.795680990572,True,body,high
-0.0134207255678234,0.0028019375778004,-0.0024976357048627,0.0006418833339563,0.0006381199724741,0.0951760660516711,0.0951760660516711,0.0951760660516711,False,0.1269534473885175,6.367850287822614e-05,0.0001579628096719,5.6771160447485534e-05,2.7824481378725108,0.5968766128529642,0.043727649850523,0.3593957372965127,0.0802819309289955,0.3812999330942919,0.9209588332757336,6479.45380065553,True,body,high
-0.0139683616087562,0.0028423723845342,-0.0025618426545829,0.0001631102609554,0.0001231048488577,0.0910156375933761,0.0910156375933761,0.0910156375933761,False,0.2728996211556537,5.769267959387126e-05,0.0001260129984224,4.768721890680224e-05,2.6424899860212325,0.5421688213427724,0.0794002270585467,0.3784309515986809,0.0705410336225031,0.4999633104616101,0.8631689584129729,10091.210764959867,True,body,high
-0.0147734143791767,0.0020303970851005,-0.0024882624492199,0.0012137129965473,0.0002980461162302,0.8921719512225792,0.8921719512225792,0.8921719512225792,False,0.0345158247133615,2.0694094903545653e-05,2.292157166427532e-05,5.335369881774751e-05,2.5782088594078147,0.5703845811595218,0.0417492471953738,0.3878661716451043,0.7974012980512125,-0.4369512070021799,0.4162028502612391,4282.03453465535,True,wing_R,high
-0.0140009941688377,0.0022441261921285,-0.0019379877190379,0.0010160016911308,0.000672441539228,0.2388052089279624,0.2388052089279624,0.2388052089279624,False,0.0402346925190042,7.52923848095718e-05,6.78967592181868e-05,2.966857402037194e-05,2.537782394188284,0.0982254129695837,0.5077297696772513,0.394044817353165,0.0276747444306302,-0.6686711465328916,-0.7430430716419383,2019.4265945350312,False,wing_R,high
-0.0144129615030099,0.0045252214085235,-0.0032754849154512,0.00172215034186,0.0010800593153233,0.3069097528078937,0.3069097528078937,0.3069097528078937,False,0.028794392931089,8.208389525360524e-05,3.6467815894153307e-05,3.872313444181023e-05,2.250858551327866,0.5282493073437636,0.0274757739102039,0.4442749187460325,-0.5409838263607272,0.5736689672829715,-0.6150125328744086,4751.704536670707,True,wing_L,high
-0.0141907753678589,0.0037473881679252,-0.002576589054335,0.0007993565340569,0.0005082416384861,0.5736748564563678,0.5736748564563678,0.5736748564563678,False,0.008158466977755,2.9769302059810367e-05,3.283138102861305e-05,6.294064738683529e-05,2.1142802495127166,0.4783755428057436,0.0486502617296426,0.4729741954646138,-0.8125780227179136,0.5744126648142842,-0.0988283739459434,2344.638061727996,False,body,high
-0.0137809892150767,0.0041293024890491,-0.0027756264623924,0.0011912127555918,0.0002698253072835,0.4446326235831923,0.4446326235831923,0.4446326235831923,False,0.0229655602237312,2.0488766709404127e-05,4.9706696588554256e-05,5.268581332645248e-05,2.571448739385092,0.0565449510941206,0.5545692100852584,0.388885838820621,-0.7075869576633305,0.6445570545027645,-0.2895978260199348,4278.139687023662,True,wing_L,high
-0.0148101820322169,0.0020602984358592,-0.002790107085603,0.0012118174551612,0.0004764788267673,0.3255023127242837,0.3255023127242837,0.3255023127242837,False,0.0174745976047951,5.7990111652170194e-05,2.533100784064296e-05,2.2717615245139373e-05,2.552649608086732,0.5631840132921181,0.0450661763022452,0.3917498104056366,-0.9032128455296002,0.3510306290981805,-0.2469494950496114,5107.022490269141,True,wing_R,high
-0.0142630762837784,0.0032623291916642,-0.0025951904094514,0.0003833713864606,0.0003505328763972,0.2789300492134432,0.2789300492134432,0.2789300492134432,False,0.0216462978136969,3.48221667148198e-05,9.07965697018209e-05,8.285852003276705e-05,2.6074359601287886,0.087426757366745,0.5290547151252554,0.3835185275079995,0.3479007173367179,-0.7860831269174158,-0.5109191799613075,7885.460707099438,True,body,high
-0.0138075516514915,0.0035178939945113,-0.0022654290903928,0.0007026358558421,0.0004776591823037,0.3480083347189939,0.3480083347189939,0.3480083347189939,False,0.0154773448249024,4.896047969782544e-05,1.821669203263961e-05,1.7749754309831437e-05,2.7583750649836687,0.6279306872589995,0.0095370332498788,0.3625322794911216,0.0875321842046355,-0.9946529955873982,-0.0548045171256985,2792.9068880596287,False,body,high
-0.0142653383020146,0.0032652900946746,-0.0026244912113895,0.0003840768342328,0.0003482958638008,0.2842742954106069,0.2842742954106069,0.2842742954106069,False,0.037832254891022,5.9236591138925055e-05,2.382080169882025e-05,3.285731631540898e-05,2.486758921378318,0.4453206087036623,0.152549538095394,0.4021298532009436,0.5113281353206585,-0.4738628025086167,-0.7169362471155845,8549.849000290065,True,body,high
-0.0140064499821546,0.0021509112930875,-0.0020224522598412,0.0010310187702704,0.0006070138555711,0.276641104003835,0.276641104003835,0.276641104003835,False,0.0258129732689055,0.0001047971384776,8.48550077177588e-05,4.499349354700614e-05,2.3291620680259024,0.1902927031175399,0.3803683454510738,0.4293389514313862,0.0821448538625503,0.5209694378726861,0.84961348140582,2425.457798757189,False,wing_R,high
-0.0129000830879174,0.0030799408925479,-0.0024810599999743,0.0011393523769322,0.0010093231162857,0.2445700613339406,0.2445700613339406,0.2445700613339406,False,0.0313874162762535,5.036894207205936e-05,0.0001079995747223,5.098669016534095e-05,2.144170003964616,0.5278991579696126,0.0057199122762267,0.4663809297541607,0.4143718366854367,-0.8763110430333848,-0.2457131189409287,3951.8271722170143,True,wing_L,high
-0.0146997645575874,0.0015974789586174,-0.0019578057501825,0.0016793776506006,0.0004284686204317,0.601202368442713,0.601202368442713,0.601202368442713,False,0.0320715331046351,6.021793908137307e-05,2.6186070478757927e-05,6.502182364749755e-05,2.483069145492566,0.0738811109354261,0.5233914814064877,0.402727407658086,-0.0553577364139589,0.7093368801347345,0.7026924729210098,4473.997352303162,True,wing_R,high
-0.0139126836498149,0.0034010744667407,-0.0029262000362694,0.0005243025415964,0.0002151717890984,0.1772671997818155,0.1772671997818155,0.1772671997818155,False,0.0518644095449075,3.295830780873084e-05,2.9448951160524414e-05,7.812305726312265e-05,2.6528298694672925,0.5781231692235816,0.0449208821460574,0.376955948630361,0.4749146826811631,0.5096260250995476,0.7174519905297394,3308.4127924525114,True,wing_L,high
-0.0126544104023379,0.0026189523796022,-0.0024575012719396,0.0014243188311222,0.0014085841649028,0.4179068569777527,0.4179068569777527,0.4179068569777527,False,0.0428483627722633,6.001097937271879e-05,2.067249589078766e-05,2.6184821859384413e-05,2.9029382658850422,0.5636661468769808,0.0918552909186927,0.3444785622043264,-0.3759225751584867,-0.7826834140758572,-0.4960734732040939,2651.2747384565955,False,body,high
-0.0142943407112358,0.0043318313764538,-0.0033191784363895,0.0015425139060097,0.0009393476423985,0.4646083709354115,0.4646083709354115,0.4646083709354115,False,0.026074213482632,3.852290644792428e-05,3.049854945002452e-05,6.94206324389758e-05,2.276194563047325,0.4450798689886925,0.1155903758864998,0.4393297551248077,-0.8956641246015236,0.3873300404604556,-0.218543395367346,3216.266870367264,True,wing_L,high
-0.0149010880278889,0.0045103253115367,-0.0033415319805629,0.0019045108070767,0.0015257186774833,0.4690464747348895,0.4690464747348895,0.4690464747348895,False,0.0041065913407598,8.598053439979162e-05,2.9844745135368227e-05,8.488916453601722e-05,2.8809270781105893,0.0126932202898361,0.6401962930900602,0.3471104866201036,0.7877348203381207,-0.5107349903207306,0.3444178022242057,1698.5362235285968,False,wing_L,high
-0.0133728862924542,0.002709922971922,-0.0026685749020631,0.0006989582922931,0.0006980844431708,0.2429257205707576,0.2429257205707576,0.2429257205707576,False,0.0386855895383762,1.5416754148710412e-05,3.413939735545126e-05,2.541688817312328e-05,2.214434830194589,0.2554968704195714,0.2929206371247228,0.4515824924557058,-0.3727706689827808,-0.922200892665231,-0.10289578180655,5013.3078378520295,True,body,high
-0.0138401757704282,0.0045466405524226,-0.0025658527869904,0.0015896979708875,0.0005914633834484,0.4717868570171794,0.4717868570171794,0.4717868570171794,False,0.0387007364544949,2.829578044934596e-05,7.35339312083032e-05,7.663862007120305e-05,2.708482284431017,0.0405107615457501,0.5902787748125893,0.3692104636416606,0.7280817162939961,-0.6265743996245462,0.2780315380195717,8182.623970381868,True,wing_L,high
-0.0147479649655521,0.0016645105342122,-0.0021740350405497,0.0015672830410099,0.0002505492345091,0.4746797983753889,0.4746797983753889,0.4746797983753889,False,0.0064549062962733,4.784423978156721e-05,0.0001113577889204,0.0001048911263983,2.327506705694236,0.0580710391686029,0.5122846562399199,0.4296443045914772,0.0794227594925164,0.5981349534073216,0.7974500628798116,6120.303852775949,True,wing_R,high
-0.0147341227786996,0.0018818750768359,-0.0025436162756286,0.001304545803507,0.0002274941186189,0.3130953459359654,0.3130953459359654,0.3130953459359654,False,0.0201215333343184,3.740975003277979e-05,8.418253724459414e-05,9.683059916273698e-05,2.5883786734177714,0.1306205066116141,0.4830372590507916,0.3863422343375942,-0.0994099261459418,-0.6423759921546884,-0.7599149631945262,5351.532246359016,True,wing_R,high
-0.0144543776717138,0.0029708857240112,-0.0028221406978366,0.0004661421022609,0.0004425507824625,0.3628358007036391,0.3628358007036391,0.3628358007036391,False,0.0605079046396956,5.359164348928223e-05,2.8345854818981303e-05,1.814795629279322e-05,2.95304014538343,0.4710769632461414,0.1902889678729027,0.3386340688809557,-0.6535940254713234,0.6017702309413391,-0.4590070141305016,5595.58567072009,True,body,high
-0.014828805328226,0.0024983505651808,-0.001675406626157,0.0013496952731846,0.0009920542293443,0.5004983544242296,0.5004983544242296,0.5004983544242296,False,0.0044210786702375,5.950831957435974e-05,2.6244021883617217e-05,3.314689994940115e-05,2.2674999982189354,0.442987128749589,0.1159985379381838,0.4410143333122271,-0.1396913637226716,-0.6813227486850479,-0.7185301907543977,1073.355787171252,False,wing_R,high
-0.0142386396795338,0.0028754980297399,-0.003222433736392,0.0006202473989189,0.0006154456515534,0.2262010120445253,0.2262010120445253,0.2262010120445253,False,0.0896420050685202,3.859858812711924e-05,1.4874129048693412e-05,1.523983204507962e-05,2.595015008997105,0.6051712566560908,0.0094745174404258,0.3853542259034833,0.7773273120680697,-0.4707248817002931,0.4173491771422036,4739.7045613469645,True,body,high
-0.0128976360961794,0.0025714027006965,-0.0027102269213038,0.00119391464993,0.0011886972597972,0.3300917544713216,0.3300917544713216,0.3300917544713216,False,0.0953071289523661,1.7192777589635707e-05,4.099279677467358e-05,1.830393797774985e-05,2.3843033251000234,0.5534840406630048,0.0271062351325257,0.4194097242044693,-0.7006644247014591,-0.4025414695953997,-0.5890922926110558,3279.8682364015576,True,body,high
-0.0141580942556723,0.0048934388918657,-0.0027077652307508,0.0019296523843838,0.0009477785846042,0.4974688292153329,0.4974688292153329,0.4974688292153329,False,0.0537134769620967,0.0001067165570012,8.256185800026049e-05,3.521184684790497e-05,3.0307003623574533,0.2263444368869953,0.4436988269010017,0.329956736212003,-0.6918638303728146,0.6201618933811941,-0.3697616343263723,10030.619746687124,True,wing_L,high
-0.0137100596232902,0.0030863924137048,-0.0027306988297353,0.0003425674058568,0.0002387661644836,0.1355619629830866,0.1355619629830866,0.1355619629830866,False,0.1997431270700372,6.108235050241336e-05,0.0001226331329532,0.0001545306119725,2.5298733709736565,0.2064152766374623,0.3983080223729002,0.3952767009896374,0.0628833722866811,0.983618218367124,-0.1689404687638199,10503.159923107683,True,wing_L,high
-0.0138569545088818,0.0041063898325436,-0.0029004083025089,0.0011758996880871,0.0003268252737275,0.5000295042980818,0.5000295042980818,0.5000295042980818,False,0.1555971023576019,5.032505669367732e-05,6.024901580883485e-05,2.192165834091598e-05,2.748378561141163,0.1647157050107744,0.4714333997236233,0.3638508952656022,-0.7332921299275833,0.5869405743965748,-0.3431958832988633,6445.471238893513,True,wing_L,high
-0.0141036259235594,0.0045632961958022,-0.0027357528867364,0.0015982418979797,0.0007497829229901,0.3919374375216058,0.3919374375216058,0.3919374375216058,False,0.0055672050958818,3.547170772134929e-05,8.717891972996822e-05,3.748778493663605e-05,2.457702922419436,0.5699902562138606,0.0231257421121005,0.4068840016740389,0.5393454385125985,-0.5009178697993796,0.676895697778694,5574.844142016545,True,wing_L,high
-0.013592289037122,0.0031717676339905,-0.0022523510273759,0.0006185175874617,0.0005461624773025,0.1960271278454188,0.1960271278454188,0.1960271278454188,False,0.0477764651684695,5.7202018610938087e-05,2.5096037024967712e-05,2.7131171643398423e-05,2.2793247616756607,0.5256955558171431,0.0355780209833636,0.4387264231994932,-0.2258349740454373,-0.92937973634292,-0.2919792290096346,4350.11614866517,True,body,high
-0.0148763309976894,0.0038627972124582,-0.0025073972698243,0.0012444514846471,0.0011680715508674,0.4918636685044296,0.4918636685044296,0.4918636685044296,False,0.0053471930870239,4.847959107146599e-05,8.205634485955785e-05,3.131510817552042e-05,2.6203436500884503,0.4091914384629194,0.2091792283134613,0.3816293332236193,0.7347655443451632,-0.6124182649459484,0.2916564136166907,1360.8017358602222,False,body,high
-0.0147909909891737,0.0016413760888112,-0.0022036379416144,0.0015982503169168,0.0002375856904014,0.4919178489819127,0.4919178489819127,0.4919178489819127,False,0.0117273785149478,0.0001166685212382,4.54408422117445e-05,0.0001023544818981,2.567481489330043,0.1226898154545885,0.4878234427107355,0.389486741834676,-0.1026163733496196,-0.5652982918338223,-0.8184789069794858,6148.439151732154,True,wing_R,high
-0.0148674964023824,0.001598648765065,-0.0019973989506403,0.0017376931424151,0.0004264125288016,0.4257240625499959,0.4257240625499959,0.4257240625499959,False,0.0280014915686039,3.468852510748767e-05,7.000708714585686e-05,8.403262247909908e-05,2.422490498477846,0.1669058387024717,0.4202958445948032,0.412798316702725,-0.0935951359677296,-0.6504994248692217,-0.7537177513950392,6533.830279621744,True,wing_R,high
-0.0147850858071411,0.001695524590434,-0.0022393447333065,0.00154075134759,0.0002298510111867,0.315621438056192,0.315621438056192,0.315621438056192,False,0.0835463890827972,5.580025264964615e-05,2.4830829703740325e-05,5.221925528783427e-05,2.2472165978908403,0.0641752893897441,0.4908297773498992,0.4449949332603565,-0.062676476784375,-0.609370906033585,-0.7904041739121231,5947.008893173491,True,wing_R,high
-0.0130967720461772,0.0026020859166595,-0.0020951949902183,0.001138865145879,0.0011379710735681,0.219966220684713,0.219966220684713,0.219966220684713,False,0.0419494247059749,1.941888297121769e-05,2.2431095183437804e-05,5.051735000174102e-05,2.601454989796113,0.5559724494126326,0.0596272807682173,0.3844002698191501,0.8424008010733208,0.5368608031057991,0.0462749223621563,5428.441784959978,True,body,high
-0.0147744791254081,0.0018943513494587,-0.0024958627515148,0.0013214953885704,0.0002490517110251,0.5598736973645941,0.5598736973645941,0.5598736973645941,False,0.0061443145750793,6.533354684968983e-05,7.196216562484484e-05,2.5111790174578808e-05,2.865672463992378,0.0921125527226557,0.5589292140650158,0.3489582332123284,0.0868770536721778,0.5960921104936041,0.798202088040693,5403.992966291727,True,wing_R,high
-0.0150968639556067,0.0017034877691196,-0.0022740789718399,0.001702862456226,0.0004663430985314,0.3486715019979008,0.3486715019979008,0.3486715019979008,False,0.1330030965022078,2.9611107725493163e-05,6.663744949052266e-05,7.77893980761155e-05,2.62703438173453,0.1433607774504291,0.4759818520359278,0.3806573705136429,-0.0671541506398523,-0.6210757551742784,-0.7808682516190165,5852.205480924892,True,wing_R,high
-0.0138005348062067,0.0045552223732392,-0.0025501167305098,0.0016040887786367,0.0005767545394131,0.4001016621320509,0.4001016621320509,0.4001016621320509,False,0.0308639560062189,7.00593160363769e-05,4.005752278533128e-05,2.4368143762867795e-05,2.8750370450101075,0.4282341728181844,0.223944221983513,0.3478216051983026,-0.6641316059443048,0.5905118928649383,-0.4585029055206806,7055.68020351335,True,wing_L,high
-0.0149369002971077,0.0016187629234849,-0.0020166548228303,0.0017499565452775,0.000448127471275,0.3134283840002465,0.3134283840002465,0.3134283840002465,False,0.0556792808173921,3.099709511709614e-05,7.171073939386137e-05,6.275484504978658e-05,2.313466443321975,0.1248891647161211,0.4428590501384369,0.4322517851454419,0.1687788953486388,0.648958004039403,0.7418673691961977,6663.645678058472,True,wing_R,high
-0.0147024334610645,0.002159295602229,-0.0027627723562104,0.0010644161546707,0.0004010511970618,0.4894886615939225,0.4894886615939225,0.4894886615939225,False,0.0068404854491185,8.47341124790034e-05,2.8408342129295875e-05,7.81817884436095e-05,2.9827193749409977,0.0773280541177264,0.5874074190208481,0.3352645268614254,-0.0589178553545654,-0.6200367834032536,-0.7823573822412399,5490.31548012016,True,wing_R,high
-0.0152856081595445,0.0019045287729062,-0.0023304414161935,0.0016833169783749,0.0007128946694409,0.8399698698235692,0.8399698698235692,0.8399698698235692,False,0.0278701918002266,2.1884435268852163e-05,4.528354624754851e-05,1.962696146360742e-05,2.307211247727463,0.5167243495194039,0.0498519659415356,0.4334236845390605,-0.3665915496324419,-0.9237306324117612,-0.11105113453834,4256.850210729497,True,wing_R,high
-0.0142021027207057,0.0046369897575676,-0.0029109197544716,0.0016975340847397,0.000854604109131,0.4057729857738264,0.4057729857738264,0.4057729857738264,False,0.058216137775724,2.9664641393204044e-05,8.55664636896561e-05,6.755824384442467e-05,2.8844597362723814,0.2104588534889797,0.4428557733630106,0.3466853731480096,0.6455740390707365,-0.6377487827009103,0.4201317058273541,5621.591781105778,True,wing_L,high
-0.0132846671097188,0.002672279103602,-0.002256135724342,0.0008864292744942,0.0008858566745213,0.1932235348309177,0.1932235348309177,0.1932235348309177,False,0.2846998708548936,8.870223583952339e-05,3.786986071374459e-05,8.750902814049873e-05,2.342291050659438,0.0134518334034258,0.5596157408766942,0.4269324257198799,-0.7237802999061537,0.6783539276690134,-0.1264042178243322,4993.534305151268,True,body,high
-0.0131274476993938,0.0027917032631855,-0.0030218634237489,0.0009848961948454,0.0009478480665161,0.2276235404108791,0.2276235404108791,0.2276235404108791,False,0.0256293068400416,5.262665782510169e-05,0.0001406013897943,4.791483242283019e-05,2.934402202508944,0.6257031463056149,0.0335119404520933,0.3407849132422917,-0.0156495975773068,-0.6076167019823309,-0.7940762139541666,2666.5266488645048,False,body,high
-0.0135705983897367,0.0045344460554695,-0.0027367203103365,0.001630964217471,0.0002996236577731,0.4425515560354321,0.4425515560354321,0.4425515560354321,False,0.0060036754725205,7.159027143418318e-05,8.740452133726445e-05,3.104881107230719e-05,2.8150682206064115,0.180931714528353,0.4638371075271978,0.3552311779444491,-0.7643417189907579,0.5521360782108158,-0.3330577843981936,3513.336313146858,False,wing_L,high
-0.0138283261411723,0.0031857232451163,-0.0026131532857334,0.0002921862252432,0.0001189489915578,0.439006210562394,0.439006210562394,0.439006210562394,False,0.0164955226733026,4.419925897242206e-05,7.756738081205237e-05,3.359056835093223e-05,2.309201202006445,0.430182397424016,0.1367674209239441,0.4330501816520399,-0.5812970800671132,0.6342971374170351,-0.5096673877834472,5346.975035562145,True,body,high
-0.0137618411142222,0.0030864173625472,-0.0027774688820736,0.0003124143590175,0.0002088246537592,0.1326133310256618,0.1326133310256618,0.1326133310256618,False,0.0939492164680725,4.769226724042444e-05,2.235415222096479e-05,2.0009278352667563e-05,2.383507610811276,0.531283507486153,0.0491667518442001,0.4195497406696467,0.002915465736184,-0.9980886999692355,0.061728818660832,9921.277708023134,True,body,high
-0.0143578106236755,0.0047089171605001,-0.0030446024493255,0.0018152187074337,0.0010366204407984,0.4386175890891667,0.4386175890891667,0.4386175890891667,False,0.0119367277000341,3.5408639954273585e-05,3.164492336272598e-05,7.443273308472741e-05,2.3521223999044496,0.5242867151745237,0.0505653418270068,0.4251479429984694,-0.6469326961945419,0.7158778689045556,-0.2626727306119391,4856.323167557597,True,wing_L,high
-0.0136196738737668,0.003700107808292,-0.003699165645163,0.0013408817967462,0.0008984346076037,0.4755804257286416,0.4755804257286416,0.4755804257286416,False,0.0045029988051886,8.544235471905133e-05,2.933106346804957e-05,8.288989692902817e-05,2.913032962890145,0.0298734485773018,0.6268417301593449,0.3432848212633533,0.7734184002074347,-0.5492787966538633,0.3164123603259771,1270.350723412605,False,wing_L,high
-0.0139106958844926,0.0043564055738277,-0.0027820652098999,0.0013976528535031,0.0004811191301516,0.462338358469802,0.462338358469802,0.462338358469802,False,0.1049719830424134,5.8193431759175873e-05,5.6293973501221385e-05,2.4900381910047985e-05,2.337049767726384,0.0326404235071595,0.5394696728161816,0.4278899036766588,-0.6554368872143559,0.5751712478918064,-0.4894696338664313,6615.07407667021,True,wing_L,high
-0.0136126378689218,0.0043066604814609,-0.0025652284999532,0.0014007832995709,0.0003630426827731,0.4626034210893224,0.4626034210893224,0.4626034210893224,False,0.028870666300518,3.3027120216595394e-05,6.62049369166406e-05,7.466001711237304e-05,2.2605669711057046,0.1132477666460541,0.4443853347918241,0.4423668985621217,-0.6433720439890827,0.5940891018677847,-0.4828359473519332,5126.233894131709,True,wing_L,high
-0.0129236305085763,0.0024201524377081,-0.0021947877039001,0.0013090528402403,0.0013034394611344,0.1899776621555467,0.1899776621555467,0.1899776621555467,False,0.0146005214139694,4.887133187250596e-05,1.7660130254966058e-05,2.158626128673992e-05,2.7673256746655794,0.5583042151776526,0.0803360760049722,0.3613597088173751,0.9303923737298186,0.0547225496502122,0.362457547121278,3054.710120478024,False,body,high
-0.0146518513368189,0.0020667875048256,-0.0027632605693637,0.0011069025118266,0.0003554502002552,0.2808859731729302,0.2808859731729302,0.2808859731729302,False,0.0461850960922251,6.116535865398494e-05,7.763354178483682e-05,3.389870304187442e-05,2.290162596750017,0.2121271650402584,0.3512226157049578,0.4366502192547838,0.0962238394676742,0.6512346074005326,0.7527512596083604,7475.522537362029,True,wing_R,high
-0.0140742615927752,0.0024661588039349,-0.0030482892197353,0.000644609648202,0.0005002923627318,0.290258051363759,0.290258051363759,0.290258051363759,False,0.0121451275643596,3.1853115688308964e-05,7.61782366655699e-05,7.159054452991675e-05,2.391547420697988,0.0602231337513571,0.5216375513660034,0.4181393148826394,-0.1512421580799472,-0.5958975779607767,-0.7886899810443901,3151.0013734813624,True,wing_R,high
-0.0142472134005944,0.0033787044600432,-0.0026237640534517,0.0004679691728206,0.0003815552738433,0.2251253597960145,0.2251253597960145,0.2251253597960145,False,0.1217808591570336,6.994035501029903e-05,2.697850454799553e-05,6.955310181202565e-05,2.592447438510653,0.0055369063856818,0.6087272113182843,0.3857358822960339,-0.4204906567596509,-0.4132794687126999,-0.8077051988927555,7532.702456402297,True,body,high
-0.0141665148348197,0.0049071499752022,-0.0026358144346232,0.0019430918289762,0.0009802914404695,0.4427212487402455,0.4427212487402455,0.4427212487402455,False,0.0204459610204216,9.247080309783552e-05,9.19704655907224e-05,3.2423332797894194e-05,2.851983282355268,0.0054107619956944,0.6439560466434625,0.350633191360843,-0.7163207161625718,0.5718286859605529,-0.3998707109916504,8480.722598296203,True,wing_L,high
-0.0137906283939729,0.0025383495078504,-0.0029981301937592,0.000600894823866,0.0005533094614654,0.1856286797086191,0.1856286797086191,0.1856286797086191,False,0.037338343427711,3.114715475497954e-05,6.74089348163915e-05,2.7824861849802903e-05,2.4226152561066168,0.5379372951105342,0.0492856460975966,0.4127770587918691,-0.916578569494149,0.2740043668196025,-0.2912135520676338,4402.468200851958,True,body,high
-0.0136282785214408,0.0018344004837968,-0.0021405378368466,0.0013045183558526,0.0009009765908815,0.523768542612328,0.523768542612328,0.523768542612328,False,0.008211673684062,2.662440342204341e-05,2.628913649380217e-05,4.133007042843059e-05,1.572134955371182,0.3558103543968625,0.0081119370174267,0.6360777085857107,-0.470957858109545,-0.207269290036776,-0.8574602832158004,1641.3646074823664,False,wing_R,high
-0.014163447263737,0.0048502909411688,-0.0027211567071148,0.0018874944491389,0.0009305167505417,0.4710465085409904,0.4710465085409904,0.4710465085409904,False,0.138369553820722,3.0481568140251948e-05,7.003366424584043e-05,8.022189102389843e-05,2.631816403105675,0.1270005811134878,0.4930337044012806,0.3799657144852315,0.7069903472539116,-0.6040152309392128,0.3678725997994999,10387.590620184194,True,wing_L,high
-0.0150834906412658,0.0033931548144377,-0.0028965773723759,0.0011697994496935,0.0011697413737184,0.8017350419909373,0.8017350419909373,0.8017350419909373,False,0.0069648111278283,1.2978432991194616e-05,1.2266599696624347e-05,3.112957480706855e-05,2.5377509315507467,0.583083512330929,0.0228667850101387,0.3940497026589322,-0.7965124086113409,0.0330011873302709,0.6037208829939149,1770.0292281504264,False,body,high
-0.0147208889458212,0.0016750066906088,-0.0022385037889398,0.0015275449932478,0.0001884777252834,0.4971484243649716,0.4971484243649716,0.4971484243649716,False,0.019724576326779,7.475791187873165e-05,3.315622660870178e-05,6.941017288849962e-05,2.254717123302312,0.0715340872402489,0.4849512963739153,0.4435146163858357,-0.0333715152978167,-0.5966156014634652,-0.8018330038462593,5300.552500895722,True,wing_R,high
-0.0135613608050372,0.0029582725306164,-0.0022225937207193,0.0006275280197242,0.000618455774904,0.1980394801253848,0.1980394801253848,0.1980394801253848,False,0.0655958642601622,8.372073779068482e-05,0.0001894527181501,8.248056260217115e-05,2.2969377532489124,0.5580916515310279,0.0065460934032673,0.4353622550657048,0.1989722486718658,0.5477647332109818,0.8126277384563999,4551.04632817275,True,body,high
-0.014226376426658,0.0033153902471289,-0.002985404342395,0.0005241156053171,0.0004410630092819,0.4670018266573788,0.4670018266573788,0.4670018266573788,False,0.0191117551312102,6.72928055676404e-05,6.0758743392770725e-05,2.466044358894013e-05,2.728775146519274,0.0970989709784334,0.5364362430623558,0.3664647859592108,-0.8126996445399576,0.496861571227963,-0.3043811209676224,4669.379065735567,True,body,high
-0.013466422291812,0.0027400434316078,-0.0026262553566429,0.0006011264845165,0.0006008936624085,0.1178576615036047,0.1178576615036047,0.1178576615036047,False,0.0944446846553616,0.0002139847223672,8.55416601135339e-05,8.061955471106409e-05,2.654253340075899,0.6002440773939267,0.0230021346758659,0.3767537879302074,0.6728744788336354,-0.7367797184334257,-0.0662991873217571,6334.883589862123,True,body,high
-0.0135609198500925,0.0031721192419526,-0.0022716167679438,0.0006290522783013,0.0005492573343062,0.1248658369601843,0.1248658369601843,0.1248658369601843,False,0.0760233792122096,1.7622965409738763e-05,1.7760252453767597e-05,4.12357782066397e-05,2.339888733132965,0.569299932578746,0.0033293186160053,0.4273707488052486,-0.7063843908899627,0.3044545977214077,0.6390058608755576,4349.427189405455,True,body,high
-0.0137371579947669,0.0031557214432952,-0.0026914068456259,0.0003425582338737,0.0001819502881182,0.0776387964362054,0.0776387964362054,0.0776387964362054,False,0.2936517226438227,8.613836012792747e-05,0.0001347109401304,0.0002387400888753,2.7715885062213808,0.4357422720035611,0.2034538071563497,0.3608039208400891,-0.5387044934561676,0.8422710524537675,0.0194150181188898,8442.286168432433,True,wing_L,high
-0.0142518760325669,0.0032773864061059,-0.0026508166402465,0.000384490692047,0.0003383461089729,0.1818413910858634,0.1818413910858634,0.1818413910858634,False,0.0857113718270891,5.35768750310797e-05,1.9110748320537285e-05,1.7884446963593592e-05,2.995724449301858,0.6433022958235016,0.0228886316387867,0.3338090725377116,-0.977427149265108,0.1874336584641574,0.0974925205040153,8715.045677230462,True,body,high
-0.0139926297473567,0.0021456213976656,-0.0026797703170326,0.0008249756975412,0.0003981825853016,0.2777631128910706,0.2777631128910706,0.2777631128910706,False,0.0249082810039023,2.602330507524345e-05,6.424150165861597e-05,2.2416574744853832e-05,2.8658036470698485,0.5949144337638123,0.0561433066984649,0.3489422595377229,-0.7156732061488195,0.4212993979852338,-0.5570625451939386,3743.085989004864,True,wing_R,high
-0.0135129976856642,0.0028606612080566,-0.0023627435847517,0.0005936889281671,0.0005904538418806,0.1539985211243264,0.1539985211243264,0.1539985211243264,False,0.0858316775967548,0.0001475492319902,0.0001665323929526,6.57487656270425e-05,2.532859611347667,0.1139908015845204,0.4911985284834311,0.3948106699320484,0.4710484762156107,-0.8283304481729036,-0.3032853469665622,5429.822700097543,True,body,high
-0.0137050158480576,0.0027791244222866,-0.0029602154104579,0.0004829667011167,0.0004828562275667,0.1842327681573183,0.1842327681573183,0.1842327681573183,False,0.0960682548775292,8.410774698877116e-05,0.0002221268467712,0.0001049713827288,2.6409796329565536,0.5274259538876044,0.0939266731750629,0.3786473729373326,0.6299066116825391,-0.7161567116285582,0.3005615160794755,13905.536584624657,True,body,high
-0.0150229794163476,0.0017865089694027,-0.0024020215870368,0.0015695202335794,0.0004220958051583,0.2518051102494664,0.2518051102494664,0.2518051102494664,False,0.0629442517199541,6.570651744582313e-05,7.592800870253913e-05,3.239446516250472e-05,2.3438574559466017,0.1346208261138578,0.438732068080753,0.4266471058053891,-0.0102394240574134,0.5166297230007415,0.8561476995864379,5410.412428990543,True,wing_R,high
-0.0136542563463199,0.0033465416820388,-0.0030025343157019,0.0006340271639098,0.0003199372633772,0.2391617027452435,0.2391617027452435,0.2391617027452435,False,0.1155804672110056,2.040715640597821e-05,5.51021088641634e-05,2.788388703906456e-05,2.700136548569864,0.4939597119993474,0.1356886476254081,0.3703516403752444,0.5380476956683904,0.471747472148228,-0.6985406213726529,3812.850879785676,True,wing_L,high
-0.0143376780611107,0.0031806423912185,-0.0029722984204095,0.0004989796737952,0.0004856454286474,0.1876679682726754,0.1876679682726754,0.1876679682726754,False,0.0543285966314518,9.828007366884064e-05,0.0002447079887781,0.0001158836482268,2.489904409338397,0.5264410908469874,0.071937065258325,0.4016218438946874,0.7398980880861679,-0.6685440950501668,0.0748305567264265,8130.544582916383,True,body,high
-0.0130410476266234,0.0030835432190175,-0.0024597069501157,0.0010051162293063,0.0008880778261346,0.1912948161820788,0.1912948161820788,0.1912948161820788,False,0.0182403707615717,3.145923599078854e-05,2.6627450517564285e-05,7.195296999756214e-05,2.7022102604265377,0.5627805774820077,0.0671519948848249,0.3700674276331673,0.3264429320520486,0.6888748062444494,0.6472144261641067,4914.343883732633,True,wing_L,high
-0.0149103467395393,0.0015851284341826,-0.0020301508148743,0.0017577112472792,0.0004121776808986,0.3247607746462849,0.3247607746462849,0.3247607746462849,False,0.0345674260603045,5.581696474586058e-05,2.450412290990292e-05,6.115112734292662e-05,2.49554442604487,0.0872291784115905,0.5120566569502439,0.4007141646381654,-0.1064288445108269,-0.6934728946065509,-0.7125785890006106,6775.159387371678,True,wing_R,high
-0.0131429321476592,0.0029725290747093,-0.0025221050699959,0.0008877558301722,0.0008200873663322,0.1360550214067235,0.1360550214067235,0.1360550214067235,False,0.0299701231025466,0.0001173801562522,0.0002031395399466,8.724612297872413e-05,2.328350338228897,0.4221698233486938,0.1483415453310433,0.4294886313202629,-0.0761032540759696,0.5693619749083583,0.8185568008681514,6101.0598774389855,True,body,high
-0.0139878105965399,0.0028634928840144,-0.0025492379104111,0.0001494901137658,0.0001128046673316,0.1140530879245163,0.1140530879245163,0.1140530879245163,False,0.0516259333819632,8.690904919429983e-05,0.0001727807769861,6.000960584612409e-05,2.879218660912114,0.4969981573744697,0.1556853940431889,0.3473164485823413,0.1540011067494848,0.5204860736855144,0.8398677909167436,9670.218693441122,True,body,high
-0.0136124244765291,0.0034542809915643,-0.002729594444682,0.0006394274254717,0.0001733356251889,0.3133831707243918,0.3133831707243918,0.3133831707243918,False,0.0070682112237113,1.906149388876856e-05,1.748273765776134e-05,4.0985995021753503e-05,2.344369390200056,0.5349266529054232,0.0385194071821189,0.4265539399124578,0.4579576781221571,0.6639237741844963,0.5911683238482732,4597.958294750203,True,wing_L,high
-0.0135982749305068,0.0028328902405941,-0.0026323677525158,0.000445099271292,0.0004425804976669,0.0849466002214309,0.0849466002214309,0.0849466002214309,False,0.2633152639280275,8.805266732655522e-05,0.0002154550881344,7.306097659898103e-05,2.948976295746333,0.5913177633029549,0.0695815116615737,0.3391007250354713,0.0503371988372012,0.4034324761375717,0.9136237757472884,11423.227476185715,True,body,high
-0.0141688756916672,0.00297427379988,-0.0025289443643179,0.000190149055916,0.0001743270189438,0.1311157610638677,0.1311157610638677,0.1311157610638677,False,0.042605907277307,1.948477502915117e-05,2.360256302938468e-05,5.3768208562240446e-05,2.759498556272672,0.5610312550758861,0.0765840653862753,0.3623846795378384,-0.6867561964908491,0.6895332211826172,0.2300214413200353,5926.544038360925,True,body,high
-0.0146972070728965,0.0020431497904397,-0.0028129987536958,0.0011582460098193,0.0004193197380078,0.2440418613162032,0.2440418613162032,0.2440418613162032,False,0.0364822745108419,6.585111364942e-05,2.7857652938772336e-05,6.688212185491658e-05,2.4008527208632824,0.0154153034757642,0.5680660190934825,0.4165186774307533,0.023332264943974,-0.672589100190194,-0.7396482324172277,6504.560024823197,True,wing_R,high
-0.0135662711358177,0.0029771269955855,-0.0024584432966337,0.0004936419321286,0.0004667530874182,0.1215303111844576,0.1215303111844576,0.1215303111844576,False,0.0587790223821175,3.861721872590723e-05,9.583446313853752e-05,3.642429929765574e-05,2.631058523745037,0.5970424682185311,0.022882367745739,0.3800751640357298,-0.6150408272807932,0.1376871460508224,-0.7763807252824722,4952.025323990087,True,body,high
-0.013715507502245,0.0030170872276035,-0.0021720115267185,0.0005687854483554,0.0005619758983716,0.290383232783892,0.290383232783892,0.290383232783892,False,0.1110776774791768,5.483460039547671e-05,2.416140606555302e-05,5.897853260199392e-05,2.4410223660815737,0.0702617041098971,0.520073880727353,0.4096644151627499,-0.3506211385422179,-0.5715218389212127,-0.7419080838240505,3697.082122089618,True,body,high
-0.0148024950357712,0.0020704569275172,-0.0028184499365703,0.0012028569324048,0.0004929304232166,0.2586680113648844,0.2586680113648844,0.2586680113648844,False,0.0181354542791721,5.638886306685194e-05,2.0236551481219788e-05,5.266657296452314e-05,2.786485786334828,0.0660110862301981,0.5751139448379349,0.3588749689318669,-0.1402651049637887,-0.6425732018493471,-0.7532764303989443,5021.143782666699,True,wing_R,high
-0.0138764112552856,0.003176621777285,-0.0026622026848173,0.0002532416954402,5.455141705006687e-05,0.103616572529801,0.103616572529801,0.103616572529801,False,0.0350095096456259,9.791876506619908e-05,0.0002348926662113,8.874251126933169e-05,2.6469012748407423,0.5831340047965182,0.0390657313609371,0.3778002638425445,0.0748834228811357,0.6075356370156589,0.7907546539436758,5685.028835995068,True,body,high
-0.0136621924344037,0.0029151028597045,-0.0027266006358263,0.0003716366886612,0.0003547483061951,0.0713054404713133,0.0713054404713133,0.0713054404713133,False,0.0609064015550774,0.0001288635958586,8.55597725431088e-05,0.0001974425016612,2.307655756819811,0.347336086332109,0.2193237167842345,0.4333401968836564,-0.1297307821366358,-0.2586496669283296,-0.9572200760348066,22737.42797304607,True,body,high
-0.0149421411098014,0.0017273512356379,-0.0022292379240379,0.0016020977227737,0.0003617715019507,0.2636742929489289,0.2636742929489289,0.2636742929489289,False,0.0129115425698698,5.789495686932864e-05,2.2307045224374465e-05,5.487451550498645e-05,2.595366454274633,0.0521710616549805,0.562526894252951,0.3853020440920685,-0.0649554326220248,-0.6114519278630455,-0.7886110141796469,5665.379334248695,True,wing_R,high
-0.0149222487308614,0.0018108230660105,-0.0023935515716943,0.0014896686676952,0.0003406674715184,0.2552495917810643,0.2552495917810643,0.2552495917810643,False,0.1680715509266266,6.960339889251417e-05,2.350390955785245e-05,5.483386827946345e-05,2.961354098184924,0.2121955371153459,0.4501211035684139,0.3376833593162401,-0.0256162180299623,-0.625216393186182,-0.7800309423767134,5362.067297486051,True,wing_R,high
-0.0136672045032666,0.0036404460625132,-0.002532745803009,0.0007676207284915,0.0002455559908121,0.2172894736921706,0.2172894736921706,0.2172894736921706,False,0.0173238959875538,5.970870543929043e-05,0.0001061855089906,5.763724605538574e-05,1.842307123567017,0.4376944085226951,0.0195079291288949,0.5427976623484099,0.5320281625285811,0.6841448860406835,0.4988905783644766,3334.238162839576,True,wing_L,high
-0.0145583880559896,0.00109439953427,-0.0026261696230246,0.0019505852487475,0.0004155261833119,0.8043917465049305,0.8043917465049305,0.8043917465049305,False,0.0046424232579079,2.1608732587850104e-05,2.244742318827805e-05,5.858394072586784e-05,2.711123407524961,0.6168331643424876,0.014316049586907,0.3688507860706053,-0.7466727998225133,0.5480791159577922,-0.3769469626567295,1302.5333130589954,False,wing_R,high
-0.0140745844606486,0.0024616944707164,-0.0030261501897739,0.0006347311542552,0.00048085049077,0.2310357555697121,0.2310357555697121,0.2310357555697121,False,0.0175857452379226,4.961136387337268e-05,2.0327247499661235e-05,5.054038390484906e-05,2.486336819861683,0.0183817367360212,0.5794201411062452,0.4021981221577336,-0.1693744209378503,-0.6805224908072842,-0.712882490342846,3204.6221863722253,True,wing_R,high
-0.0137384683821081,0.0033960307774816,-0.0028134757625293,0.0005376614504201,0.0001122603209289,0.0915519084078448,0.0915519084078448,0.0915519084078448,False,0.0560140659614334,7.342069257560908e-05,0.0001645544854808,7.229661201703364e-05,2.2761023081144462,0.5538213840778918,0.0068310538925201,0.4393475620295879,0.1297202533413677,0.5836770368198664,0.8015570925157058,4746.209000460731,True,wing_L,high
-0.0132985437145327,0.0032205748783569,-0.0020771417940553,0.0009554489100784,0.0008559004326637,0.0815237753277283,0.0815237753277283,0.0815237753277283,False,0.0676705630843441,5.699672647893352e-05,0.0001687992406359,7.320095100192256e-05,2.961560269577686,0.5663431261531834,0.0959970226283917,0.3376598512184249,0.4053656117624875,-0.859797372813024,0.3105272910780078,2991.172817584696,False,wing_L,high
-0.0145106144794115,0.0020877483907728,-0.0028017317012294,0.0010198040754174,0.0003286306662484,0.328376508396023,0.328376508396023,0.328376508396023,False,0.0354986558342924,4.63479546521008e-05,2.0635662015697908e-05,2.600539282167412e-05,2.2460124912320767,0.4389095912240999,0.1158569098956519,0.4452334988802481,-0.148119438333157,-0.622061766709382,-0.768830144041109,6039.190840102215,True,wing_R,high
-0.0129070429317152,0.0026880112738263,-0.0020237287167755,0.0013086031951446,0.0013049691857046,0.1352311948303861,0.1352311948303861,0.1352311948303861,False,0.0816369379680472,2.219068503849387e-05,2.3005732675502504e-05,5.4419394370252446e-05,2.4523530605680666,0.5772512182149854,0.0149771537599868,0.4077716280250277,-0.8244920363673689,-0.0854167241837615,0.5593897256801418,5332.010261589386,True,body,high
-0.015598007390747,0.0016860690737568,-0.0024068856571936,0.0020472163297821,0.0009063571728199,0.2590174432350257,0.2590174432350257,0.2590174432350257,False,0.0373513373613074,4.750053395237716e-05,2.1056495270882502e-05,5.808791563856943e-05,2.7586697069618697,0.1822647889806949,0.4552416520853134,0.3624935589339916,-0.022229232628854,-0.640950232365262,-0.7672604908684201,4868.438824741371,True,wing_R,high
-0.0154574170051369,0.0016307906476288,-0.0023326897159568,0.0019884632689872,0.0007531473815116,0.4194926676504747,0.4194926676504747,0.4194926676504747,False,0.026251485338831,2.799793402377825e-05,5.705899845162274e-05,6.579217036089107e-05,2.349893756625568,0.1327387721268973,0.4417100738345501,0.4255511540385526,-0.0897467364692441,-0.5601976472096134,-0.8234829198920484,8346.188038166436,True,wing_R,high
-0.0151263676660855,0.001700343845773,-0.0022813110362288,0.0017223997702803,0.000489387462763,0.276145355314621,0.276145355314621,0.276145355314621,False,0.0526002729243496,4.982002633843798e-05,1.8730624520861195e-05,5.3496665060596456e-05,2.8561068532987064,0.0687265031940568,0.5811465403004349,0.3501269565055082,-0.0892763586154051,-0.6977651388321349,-0.7107415443203989,5767.4295674355,True,wing_R,high
-0.0129585933820958,0.0024859705169168,-0.0025524493639117,0.0011717698812755,0.0011716543897864,0.2017745775959454,0.2017745775959454,0.2017745775959454,False,0.019837698364185,6.619660323206429e-05,0.0001540587123716,6.493748326974572e-05,2.372415816173936,0.5703157438291361,0.0081729877066665,0.4215112684641974,-0.0189353587608883,0.6222298461344916,0.782605565254965,3419.973153070012,True,body,high
-0.0141830083205516,0.0029884485189498,-0.0026038698700216,0.0001687261159865,0.0001590036386528,0.1277327521007057,0.1277327521007057,0.1277327521007057,False,0.0128743301392351,4.497757707225775e-05,8.462460663912145e-05,0.0001031896788346,2.2942471682924457,0.1799121036640082,0.3842150689351514,0.4358728274008404,-0.0696092268867043,0.995206453323778,-0.0686925818043113,5753.025193000847,True,body,high
-0.0146152994537802,0.0019943512291596,-0.0026140325041459,0.001142238761988,0.0002068955418095,0.3839501819436522,0.3839501819436522,0.3839501819436522,False,0.0058100768430078,2.58833631011728e-05,5.9408237332640985e-05,5.92060930882024e-05,2.2952286803081297,0.0034026298963682,0.5609109356409218,0.4356864344627098,-0.1528630192814315,-0.6388374821116375,-0.754002366564872,5607.570131527565,True,wing_R,high
-0.014015874282572,0.0030959571210623,-0.0031123459380685,0.0004802503026927,0.0004396271234472,0.0955309120812862,0.0955309120812862,0.0955309120812862,False,0.0234935084387157,4.085210569325619e-05,0.000105158050663,4.6796897252517074e-05,2.574115798402124,0.5549851204214001,0.056531968040297,0.3884829115383028,0.6748098262525372,-0.6639235569985611,0.3222378141301837,5821.732734428088,True,body,high
