x,y,z,dist_to_centroid,dist_to_principal_axis,R,G,B,color_oob,opacity,scale_phys_0,scale_phys_1,scale_phys_2,scale_ratio,linearity,planarity,sphericity,orientation_x,orientation_y,orientation_z,local_density,if_keep,part_label,confidence
-0.0088847769122057,0.0028159324179094,-0.0052355130905149,0.0010904395583609,0.0003038914823464,0.3092707466924877,0.3092707466924877,0.3092707466924877,False,0.5745253019269883,0.000130777860277,4.9109093085761545e-05,0.0001438158022255,2.928496398301566,0.0906572278339147,0.5678706089836522,0.3414721631824331,-0.8332148660658443,0.5443823911436652,-0.0969577185147357,3239.4579822491096,False,wing_L,high
-0.0094144258745901,0.0019879535146389,-0.0057522403958631,0.0006324519025359,0.0005940013851676,0.3251976737760006,0.3251976737760006,0.3251976737760006,False,0.4861416864675791,6.973541895983603e-05,5.509196775053568e-05,0.0001373670893287,2.493414102591511,0.4923426033074936,0.106600869836154,0.4010565268563523,-0.5347151734448794,0.8431708826683514,0.0560584151406884,5805.730144074691,True,body,high
-0.0081440326894292,0.0022019943960713,-0.0038846569820387,0.0017372444560918,0.0016813018071494,0.3553321119560834,0.3553321119560834,0.3553321119560834,False,0.1501526681564145,6.171019866515162e-05,2.438267263790805e-05,2.696554039559831e-05,2.530903793098136,0.5630294346981899,0.0418547956992533,0.3951157696025567,0.3269185207769199,-0.9450283365009612,0.0067619511427886,1741.478466100415,False,body,high
-0.0095250609804416,0.0036733591005001,-0.0054007528141263,0.0019851929227801,0.0010650188366735,0.3822273694964181,0.3822273694964181,0.3822273694964181,False,0.1372101734794003,9.15800229835484e-05,4.993871012007774e-05,0.0001208949716122,2.420866925107273,0.242482778545154,0.3444420583267908,0.4130751631280551,-0.6297171489547575,0.674750052498471,0.384926848850015,5338.414045181737,True,wing_L,high
-0.007839396171405,0.0018166115024681,-0.0048555332687563,0.0013093650468379,0.0012556430391462,0.159593937241429,0.159593937241429,0.159593937241429,False,0.2908809132627368,4.197319807151316e-05,0.0001098864898217,4.835704187777613e-05,2.6180156592919173,0.5599364220642316,0.0580948924350617,0.3819686855007068,0.936950179143244,-0.2893082169018581,-0.1960232573867456,3864.130117661122,False,body,high
-0.0077139032749513,0.001512122534413,-0.0046825422637362,0.0015048234296191,0.0015019382544982,0.1886334037033257,0.1886334037033257,0.1886334037033257,False,0.3694169326056188,4.6122241877855225e-05,0.0001093344538432,5.119928169518679e-05,2.370536413490409,0.5317186861464419,0.0464358638916287,0.4218454499619294,-0.9460531112215786,0.1348400523944913,-0.2946212331421851,5660.188652274643,True,body,high
-0.0088543263549116,0.0026754977211748,-0.0057324854385855,0.0010613525383967,0.0002686902984786,0.3809627344981983,0.3809627344981983,0.3809627344981983,False,0.1335378322601713,3.391118407144698e-05,5.2437786190017045e-05,9.374319780405826e-05,2.764374066283032,0.4406230273942399,0.1976314287602425,0.3617455438455175,0.8786833612171107,-0.4413386905559174,-0.1820321700650429,6798.868688240276,False,wing_L,high
-0.0081127521009457,0.0015244042072244,-0.0046316302574213,0.0011805474443029,0.0011801447077872,0.1743447642854474,0.1743447642854474,0.1743447642854474,False,0.4816578773319547,4.5509060524091104e-05,7.77229560343347e-05,3.326105497569359e-05,2.336755586710429,0.4144707967104708,0.1575854312976318,0.4279437719918973,-0.6738691434034795,0.7120386860979643,0.1972340920544559,3836.036954849328,True,body,high
-0.0106654426796289,0.0004324323812687,-0.0047916616741587,0.0021157505448688,0.0010916894891318,0.3119564388180739,0.3119564388180739,0.3119564388180739,False,0.1458123954660086,9.443019769791312e-05,0.000111720144301,3.909657975800186e-05,2.857542654436246,0.1547612269149391,0.4952877414014109,0.3499510316836499,-0.1366029332963559,-0.9749346791632152,-0.1756189340012914,12971.81124422024,True,wing_R,high
-0.0090152960347977,0.0030532462181991,-0.005168784764144,0.0013157477419202,0.0005096627199274,0.3295371562226092,0.3295371562226092,0.3295371562226092,False,0.1465631904961545,4.352874733046389e-05,9.720360404107516e-05,0.000114493537868,2.6302970999566577,0.1510123116897121,0.4688024993381075,0.3801851889721803,-0.8124696684815249,0.580820422538689,-0.0504051044984464,6396.292875362416,True,wing_L,high
-0.0093652313965604,0.0009303252957746,-0.0048967743635696,0.0009424469040284,0.0001982008783385,0.3088810785378094,0.3088810785378094,0.3088810785378094,False,0.959657653444787,0.0001115647505806,5.0518313552914725e-05,3.994567146853636e-05,2.7929121348870414,0.5471839152602355,0.0947668688304194,0.358049215909345,-0.4389100018718768,-0.8488066544402695,-0.2947630805150907,6234.3288404588975,True,wing_R,high
-0.0095253338218884,0.0007790010653085,-0.0052445724737112,0.0010639234397686,0.0002158239997346,0.4131239683215639,0.4131239683215639,0.4131239683215639,False,0.2174236731715399,8.249480121757777e-05,3.64001304242381e-05,3.630984765712406e-05,2.271967704094516,0.5587584928141864,0.00109440553564,0.4401471016501735,-0.6668899192061775,0.6899541040166901,0.2814625552568306,15780.859986935768,True,wing_R,high
-0.0095576476364007,0.0015913100291025,-0.0057674140384234,0.0007036345876635,0.0006767264855228,0.485953450855738,0.485953450855738,0.485953450855738,False,0.6148907175671797,3.727392619783471e-05,8.288673499070612e-05,3.642829426237504e-05,2.275339448883164,0.5503028777522224,0.0102022589688747,0.4394948632789028,-0.7827074220148769,-0.5812203753521658,0.2226027106715306,4612.832147976215,True,body,high
-0.0098932699937139,0.0005739472397531,-0.0052855582794096,0.0014261004505187,0.0004902366263294,0.4750626105563856,0.4750626105563856,0.4750626105563856,False,0.2789398718977087,6.0037712169399e-05,2.4168089202272884e-05,2.100847610120788e-05,2.857785204417904,0.5974515295639252,0.0526271402905896,0.3499213301454851,0.9440966628566024,-0.3162343523331963,-0.0931521636218433,8102.306005920006,True,wing_R,high
-0.0075758130678936,0.0015265419331049,-0.0047371973963421,0.0016098624696734,0.0016018056879582,0.3003483463928656,0.3003483463928656,0.3003483463928656,False,0.1124356585470858,9.088025452761964e-05,3.760953608665863e-05,7.110669016597809e-05,2.416415196353829,0.2175782238333422,0.3685856103004119,0.4138361658662458,-0.8876756820207714,0.4189854241965262,-0.1910054917006718,3811.582601514804,True,body,high
-0.0097863204998193,0.0007756737970675,-0.0046429466440799,0.0013567402282781,0.0005318330419662,0.2651059345899251,0.2651059345899251,0.2651059345899251,False,0.4057253914247584,8.529410079784961e-05,6.1600068322354e-05,3.449010918710908e-05,2.4730017621900973,0.2777921597608655,0.3178409629934032,0.4043668772457311,-0.3423677062827937,-0.9289325356117192,-0.1409563690531234,10019.69812475603,True,wing_R,high
-0.0081924740241798,0.0021973122570316,-0.0039506624142386,0.0016572024717798,0.0016001489143175,0.3838347863645558,0.3838347863645558,0.3838347863645558,False,0.2148400250834045,6.958196178583634e-05,2.996135415087406e-05,2.8512132246931404e-05,2.440433468223866,0.5694091775812391,0.0208275516635067,0.4097632707552541,-0.781503538882682,-0.48988174337899,-0.3863522954737106,1911.9276268736808,False,body,high
-0.0094415136256261,0.0035348489806777,-0.0052792281854136,0.0018281717746453,0.0009717953329097,0.4294812117912086,0.4294812117912086,0.4294812117912086,False,0.1624660053374137,0.0001220395803699,4.663481828058205e-05,4.599771112963554e-05,2.653166372257364,0.6178713648538386,0.0052204960801664,0.376908139065995,-0.2101852211689457,-0.5962661033042072,-0.7747831353692318,6531.711571869445,True,wing_L,high
-0.0092335254642172,0.0009922559341714,-0.0048797743598078,0.0008637034889254,0.0002523054498243,0.4157505082327742,0.4157505082327742,0.4157505082327742,False,0.1844822475709971,3.512387492121715e-05,2.9906229738423453e-05,7.856701646427295e-05,2.627112048274351,0.5529437606022732,0.0664101224356194,0.3806461169621073,0.3869658890374741,0.891822243124969,0.2343298687512667,4939.561749080764,True,wing_R,high
-0.0082690724340545,0.0020433508832456,-0.0042474980817294,0.0013422456881015,0.0013025239528147,0.387629187376931,0.387629187376931,0.387629187376931,False,0.386925955343347,3.137154298110891e-05,5.2887681955971975e-05,7.660391099860678e-05,2.4418279663431144,0.3095955380537442,0.2808752019887651,0.4095292599574906,0.7258269687006613,-0.5825336202207874,0.3658275451893592,2475.63032603032,False,body,high
-0.0093528361207834,0.0020498112117149,-0.0048900329936238,0.0005650233905508,0.0005521614778233,0.2837560830038242,0.2837560830038242,0.2837560830038242,False,0.4088456269240008,0.0001387015773917,4.6058902163967465e-05,0.0001005502402503,3.0113956450377217,0.2750605858916458,0.3928674721010549,0.3320719420072993,-0.6828101663383717,0.7302130282334389,-0.0236476244708894,3780.2353385524734,True,body,high
-0.0094771250102518,0.001894630892706,-0.0059043732606992,0.0007597357851343,0.0007464223776072,0.3842683815118597,0.3842683815118597,0.3842683815118597,False,0.5861277119013719,4.183137613874583e-05,8.720361589540329e-05,0.0001004072708537,2.4002861039210592,0.1315009844014025,0.4518820138310082,0.4166170017675893,-0.3276097775789037,0.3004856966188667,0.8957567637267249,6313.486963075212,True,body,high
-0.0089889589527281,0.0029113328722808,-0.0055797949501656,0.0012099315377249,0.0002983984590097,0.3387655910457826,0.3387655910457826,0.3387655910457826,False,0.7613288747686197,0.0001192746274038,0.000137414848392,4.6100913795911534e-05,2.9807402300184243,0.1320106320422939,0.5325022329403016,0.3354871350174043,0.8279478316678947,-0.5288405177872557,-0.1866282261152867,5012.595589837299,False,wing_L,high
-0.007951007243229,0.0018072427324298,-0.0043416600914514,0.0014649165336324,0.0014477188229163,0.2387892691044182,0.2387892691044182,0.2387892691044182,False,0.209300716536132,2.609530152914468e-05,6.62909234548837e-05,2.581015446177984e-05,2.568404755308557,0.6063518175771888,0.0043014496178937,0.3893467328049174,0.6068000934766014,-0.7793060533256396,0.1564471853591593,2437.443131252226,False,body,high
-0.0082570715871004,0.0015720076594918,-0.0046402621107328,0.0010519193521048,0.0010514861051086,0.1700911181249071,0.1700911181249071,0.1700911181249071,False,0.2047215991728283,0.0001058761360206,7.298409435895097e-05,0.0001632861360185,2.237283855513293,0.351591392862178,0.2014380550839462,0.4469705520538757,-0.518930459998497,-0.4923169365008442,-0.6988098537657956,3419.8966657369265,True,body,high
-0.0092345850398601,0.0010272956189045,-0.0050301484013281,0.0007734479832181,0.0001236233260098,0.2894685088593694,0.2894685088593694,0.2894685088593694,False,0.8631406080689009,3.99677727737726e-05,6.301313912970336e-05,9.860909008353018e-05,2.4672150395190102,0.3609804220247247,0.2337042795589068,0.4053152984163685,0.2287292711975386,0.8223875340384647,0.5209238565813397,3737.835314135099,True,wing_R,high
-0.0089327471137996,0.0028188736945251,-0.0056054855422819,0.0011339400968721,0.0002337555460999,0.3811762407000583,0.3811762407000583,0.3811762407000583,False,0.1145376298459676,0.0001202720894931,4.237038965074077e-05,4.170021287706604e-05,2.8842080458361474,0.64771220131528,0.0055721720350846,0.3467156266496353,0.3595202696880835,0.8343301511653914,0.4178975646492124,7119.265766072771,False,wing_L,high
-0.0108023540175004,0.0003751734575012,-0.0047620973576572,0.0022611970820745,0.0012033873021362,0.5466152405034342,0.5466152405034342,0.5466152405034342,False,0.3977578150676171,2.696924380332099e-05,2.694068415463641e-05,6.490522616571885e-05,2.4091899742846308,0.5844827081495418,0.0004400207867955,0.4150772710636625,0.7550794614276709,0.0487947718145498,-0.6538150175498145,6510.573325570476,True,wing_R,high
-0.0096200468936269,0.0038321706511683,-0.0056279164349852,0.0021866470419739,0.0011834209114986,0.3655136238024123,0.3655136238024123,0.3655136238024123,False,0.8203320709145532,9.387591727827804e-05,3.5253007162629616e-05,3.456139465077615e-05,2.7162074397414355,0.6244723014729272,0.0073673049692106,0.3681603935578621,-0.651970522455014,-0.5654361957132349,-0.5051894163846671,3679.430772754949,True,wing_L,high
-0.0096114688740272,0.0037961878828678,-0.0054341205648605,0.0021270837986447,0.0011812617530888,0.4122259324506991,0.4122259324506991,0.4122259324506991,False,0.1038300608382756,5.355741141438113e-05,4.735882074457437e-05,0.0001297094736085,2.738866204210797,0.5870971493108157,0.0477882647840471,0.3651145859051371,0.720164721347443,0.2763490271778819,0.6363913806019044,4330.071583114757,True,wing_L,high
-0.0101244713381162,0.0006839305314626,-0.0046057593982199,0.0016337724471,0.0007588510678163,0.2042887316626738,0.2042887316626738,0.2042887316626738,False,0.7205924113028341,9.319761598533346e-05,3.430646855091869e-05,6.693035976600901e-05,2.7166193409562616,0.2818447225458871,0.3500507053766735,0.3681045720774393,0.275112099612645,0.9611224927657704,0.0235984437290626,4375.303596317343,True,wing_R,high
-0.0107140574085541,0.0004045903835381,-0.0048271615398927,0.0021619000409272,0.0011247708207464,0.4674245724680351,0.4674245724680351,0.4674245724680351,False,0.1331472800133072,4.293063488687952e-05,0.0001108379932552,4.031621689495696e-05,2.7492161167813864,0.6126722108004385,0.023587742029047,0.3637400471705144,-0.5062087417450213,-0.8376035408739659,0.2053607024148407,10732.298018180163,True,wing_R,high
-0.008122323907493,0.0014823676770511,-0.0047217521726543,0.0011346353067634,0.0011333183047124,0.1570714769797314,0.1570714769797314,0.1570714769797314,False,0.9771456683765684,0.0001828208798052,7.064234024974704e-05,8.879990994972905e-05,2.5879788121244607,0.5142791674324522,0.0993189055830281,0.3864019269845197,0.4725024428696087,-0.8805280012401306,0.0375749985271157,3896.592314651868,True,body,high
-0.0093429807923911,0.0009694984623001,-0.0052519896394311,0.0008186357768111,0.0001412384556526,0.209292121211223,0.209292121211223,0.209292121211223,False,0.9128539868589092,0.0001147892221487,4.416432902426679e-05,0.0001273016943019,2.882455074365366,0.098289910607654,0.5547836068624591,0.3469264825298869,-0.5980291572176145,-0.743470471703332,-0.2993539457278203,5817.199344092315,True,wing_R,high
-0.0079935877985982,0.0016995240115143,-0.004996127719894,0.001120042169812,0.0010934568196069,0.1192886810206861,0.1192886810206861,0.1192886810206861,False,0.8738707377560483,9.670919567519016e-05,0.0002473887211473,9.503482261018686e-05,2.6031376115902405,0.6090800129179099,0.0067681867517547,0.3841518003303353,-0.5202011571249833,0.7704099031049099,0.3685910163361439,4534.362378092107,True,body,high
-0.0089670016458918,0.0015028546711225,-0.0042666843105073,0.001043829418963,0.0009672635822235,0.3312118633584934,0.3312118633584934,0.3312118633584934,False,0.3836231267112627,9.449411380599588e-05,3.746223158631261e-05,3.859372944929968e-05,2.522383472759288,0.5915753067060265,0.0119742682100827,0.3964504250838907,0.4892858609974113,0.2968992614615542,0.8200305938022103,1768.056028373998,False,body,high
-0.0105658620587915,0.0003867120039693,-0.0049773972960843,0.0020362609932293,0.0009779360927113,0.3948550305399352,0.3948550305399352,0.3948550305399352,False,0.214235915136274,4.205465548268952e-05,4.833348189897055e-05,0.0001193184857622,2.837224188208827,0.5949204216749127,0.0526224111558929,0.3524571671691943,-0.3777381688627075,-0.9189225573366374,-0.1135570755265535,6318.497356818431,True,wing_R,high
-0.0095889318449576,0.0037520412298908,-0.005329343332826,0.0020735336922639,0.0011670997247909,0.49236571830005,0.49236571830005,0.49236571830005,False,0.1326903337655163,8.567228596257582e-05,3.596350099567592e-05,3.337528484888175e-05,2.5669379707315456,0.5802201307971887,0.0302106581809288,0.3895692110218823,-0.0247112773254732,-0.512967797908279,-0.8580520911238869,4563.723415714127,True,wing_L,high
-0.0077883315052755,0.0014931864387292,-0.0047778067560674,0.0014043322531656,0.0014025133837002,0.1991254730822073,0.1991254730822073,0.1991254730822073,False,0.3412902165176569,0.0001318263798499,0.0001799905385635,6.72270579017217e-05,2.677352604462988,0.2675927251397063,0.3589039871973017,0.3735032876629919,-0.8158271649023596,0.5736368617027879,-0.0732583640491286,5982.911350545662,True,body,high
-0.0086401501124814,0.0018097094739048,-0.0047745882406342,0.0006687175823656,0.0006615976792304,0.2899389017955196,0.2899389017955196,0.2899389017955196,False,0.3771844449952229,2.988818151818192e-05,3.193481424239936e-05,7.47043174842082e-05,2.499460110638154,0.572517154056724,0.0273964449865977,0.4000864009566782,0.7385965982125244,0.5004455022279743,0.4516960974025316,4046.596244934364,True,body,high
-0.0106723996659402,0.0004276690431551,-0.0048092050712478,0.002119990293408,0.0010948236376085,0.3260775587613002,0.3260775587613002,0.3260775587613002,False,0.2239148816391037,4.203909706078467e-05,0.0001145334536035,6.390377824979205e-05,2.724450847218732,0.4420514160781161,0.1909021382057299,0.3670464457161539,-0.1605741739458273,-0.9728524972749848,-0.1666551925606908,12460.662032613393,True,wing_R,high
-0.0106977480038999,0.000444894924824,-0.0047157820372039,0.0021510173938588,0.0011365522810134,0.3312658368116333,0.3312658368116333,0.3312658368116333,False,0.1500272281825082,7.914962816253243e-05,3.159899418377748e-05,8.074489738512733e-05,2.5552996059153275,0.0197569044516333,0.5888995530200953,0.3913435425282713,0.1506484647716498,0.9725973171031754,0.1770861339169451,9123.990261476749,True,wing_R,high
-0.0094899288968564,0.0008737098489299,-0.0047179723865805,0.0011129341273859,0.0003715159271807,0.3033106482622538,0.3033106482622538,0.3033106482622538,False,0.1214288900997168,3.0917618609048496e-05,7.385701465333694e-05,3.214755026859399e-05,2.3888325807771493,0.5647326063815994,0.0166528753608365,0.418614518257564,-0.8702930364211112,-0.2014386989279286,0.4494579861690582,18746.991367067178,True,wing_R,high
-0.0094232464683097,0.0022000503667561,-0.0046657239261323,0.0008374694480973,0.0008151820269179,0.2585624856976239,0.2585624856976239,0.2585624856976239,False,0.2196237545957727,8.355196179723523e-05,7.731104149427871e-05,3.2529659579956834e-05,2.568485587494921,0.0746950779935251,0.5359704422380626,0.3893344797684123,0.6992860560102229,-0.7114265292807418,-0.0697947369450253,2223.7529850720634,True,body,high
-0.0100321747856701,0.0005633184675201,-0.0051858006165457,0.0015208228506043,0.0005630626764208,0.4355496480569389,0.4355496480569389,0.4355496480569389,False,0.1134268250964756,6.423059733047707e-05,4.419984910013479e-05,0.0001201031971445,2.717276180569221,0.4652049332777349,0.1667794755391422,0.3680155911831229,0.2737586888108628,0.9591665665463592,0.0711032905020964,10342.66576483004,True,wing_R,high
-0.0090792849144318,0.0031231314333632,-0.0057391977070971,0.0014552991134891,0.0004827038319386,0.4191509198513879,0.4191509198513879,0.4191509198513879,False,0.1414387697944038,0.0001350462146656,4.630713105245181e-05,7.227786075037665e-05,2.9163157292693493,0.4647916572163901,0.1923099419130913,0.3428984008705185,0.7074009222346873,-0.5813866390326468,-0.4019620767881438,11263.143216165803,True,wing_L,high
-0.0082893386906719,0.002040791972855,-0.0052306544544992,0.0008432814498114,0.0006686817137551,0.1843451876301201,0.1843451876301201,0.1843451876301201,False,0.3303460520908247,1.9799714514911475e-05,4.741210009862334e-05,2.1428061986205576e-05,2.394585036209312,0.5480465547479986,0.0343445548268675,0.4176088904251339,0.9857724144558924,-0.1111702584097593,0.1260710932089818,4145.111801799932,True,body,high
-0.0088466536168736,0.0025834515759059,-0.0055117200084773,0.0009023311936029,7.476362401399365e-05,0.2041868714822621,0.2041868714822621,0.2041868714822621,False,0.8069518243597409,4.4875776403297495e-05,0.0001231176258254,4.428182687152254e-05,2.7803194791988406,0.6355048588498887,0.0048242445205794,0.3596708966295318,-0.2123472844372385,-0.8957086586674353,-0.3906592243635292,4030.397334670442,False,body,high
-0.0093533393746867,0.0018718460648919,-0.0057379003943395,0.0005529546653215,0.0005384793520454,0.3908801379285787,0.3908801379285787,0.3908801379285787,False,0.1656423854328386,4.271863097344709e-05,8.002658095978405e-05,9.731175303694312e-05,2.277969841716834,0.1776267669394156,0.3833858585629784,0.4389873744976059,-0.1910561023422556,0.6400157134571864,0.744229435245391,5992.087004557073,True,body,high
-0.0095750539442793,0.0017581797755213,-0.00579235284731,0.0007171765057572,0.0007161519419422,0.381447621240145,0.381447621240145,0.381447621240145,False,0.1590050234663756,0.0001589821099614,6.596368548391428e-05,0.0001090422648617,2.4101459582675013,0.3141224198864666,0.2709649493785734,0.41491263073496,0.2954987249093561,-0.450277079323949,-0.8425740652384448,5097.776965331967,True,body,high
-0.0087000447011376,0.0023603576075132,-0.0045336512527901,0.0010366222481737,0.0008843557508861,0.2534030439314449,0.2534030439314449,0.2534030439314449,False,0.3653896995004141,4.191443699184269e-05,4.038656212634145e-05,0.0001160058319559,2.872386899212294,0.6386868118167801,0.0131706728854952,0.3481425152977246,-0.9148051732473428,0.3269769086475453,-0.2371025014865799,1752.988278853,False,body,high
-0.0082114083845386,0.0021107138590251,-0.004070565692317,0.0015292162769069,0.0014840277707895,0.3797085326861696,0.3797085326861696,0.3797085326861696,False,0.1914407104104702,6.589446026555518e-05,2.7434680449799952e-05,2.5965444847553413e-05,2.5377751335449994,0.5836572552648891,0.0222968000090676,0.3940459447260433,-0.8491019036359745,0.3869498119748975,-0.359577252136944,2232.8389712574767,False,body,high
-0.009485417715274,0.0020144973311833,-0.0059654996538191,0.0008455976003175,0.0008038025363744,0.3214702435623346,0.3214702435623346,0.3214702435623346,False,0.9075298973887485,0.0001104762865127,5.7210311130550525e-05,4.443365160402061e-05,2.4863202218281155,0.4821484959674835,0.1156506969036864,0.4022008071288301,-0.4333350074513599,0.3795845744071751,0.8173960620098764,4934.729279024997,True,body,high
-0.0079515341429649,0.0018183362508557,-0.0042572095425675,0.0015203131370274,0.0015047620230757,0.2966869790132764,0.2966869790132764,0.2966869790132764,False,0.1074215420882781,6.032479298620164e-05,2.8200199611137265e-05,2.55435873211832e-05,2.361641386845242,0.532527204567654,0.0440384816664306,0.4234343137659154,-0.724779384673391,0.681182073482445,-0.1033722705497834,2265.936406437933,False,body,high
-0.0085734600375134,0.0013594571348487,-0.0041361862102607,0.0013043097575504,0.0012319624409868,0.3394755521315706,0.3394755521315706,0.3394755521315706,False,0.5493064659282804,3.198989461822552e-05,3.119986492551409e-05,9.275971326156342e-05,2.9730806041313333,0.6551315922245193,0.0085169484136254,0.3363514593618552,0.8903022722315568,-0.3601120940264484,0.2787133721141011,1705.6470243402584,False,body,high
-0.0086455611120665,0.0013569318597249,-0.0044062445404089,0.0010453717169658,0.0009663055795174,0.2086233548170838,0.2086233548170838,0.2086233548170838,False,0.5648852423357497,3.7397693245475336e-05,4.145888328413744e-05,0.0001040685547691,2.782753312779329,0.6016194961474873,0.0390241802403307,0.3593563236121819,0.3848524878634183,-0.6121902397614234,-0.6907327072943545,2491.772459966581,False,body,high
-0.0077751421898983,0.0015485671544499,-0.0047196203956705,0.0014293665872242,0.0014247142716414,0.1514669812163062,0.1514669812163062,0.1514669812163062,False,0.6848236916021012,6.133352675507664e-05,0.0001218611166473,4.820569307241116e-05,2.527940350620109,0.4966932156664497,0.1077278302040757,0.3955789541294745,-0.7149899809033787,0.6770062341378488,0.1745046880352349,6542.220110447351,True,body,high
-0.0089110661243073,0.0027836617866965,-0.005626326581588,0.0011100440256222,0.0002205202613143,0.3328546908472893,0.3328546908472893,0.3328546908472893,False,0.427022076768237,9.614309684074411e-05,3.835658483281472e-05,3.7531032989626544e-05,2.561695993481388,0.6010469176341351,0.0085866991007753,0.3903663832650895,0.754378168648632,0.5787736106839457,0.3097332501398656,8452.342141451509,False,wing_L,high
-0.0094737137749143,0.0036931780383076,-0.0057726599647848,0.0020506819199513,0.0010097112119527,0.3574235748581749,0.3574235748581749,0.3574235748581749,False,0.6104609242052913,3.5279341365554034e-05,8.560539695539919e-05,9.239772494147775e-05,2.619032027386228,0.0735118531368673,0.5446676919991301,0.3818204548640025,-0.3810064875020773,0.6693137132896724,0.6378504602833801,5765.80409087758,True,wing_L,high
-0.010737320159495,0.0003769292646239,-0.0048637910125074,0.0021894680643501,0.0011357808842224,0.5523423535276142,0.5523423535276142,0.5523423535276142,False,0.2727335887400098,7.831932328832713e-05,2.933640666051419e-05,3.2257863694003246e-05,2.669697219385164,0.5881238200278088,0.0373018676723484,0.3745743122998427,-0.2507843377548755,0.7947574008313195,0.5526914960090248,7818.754925087583,True,wing_R,high
-0.0098225770276102,0.0020720236402947,-0.0055759974501702,0.0008680356856876,0.0008580045496135,0.24707002424975,0.24707002424975,0.24707002424975,False,0.093280634614354,0.0001358748060164,0.0001047571691659,4.591623492716432e-05,2.9591887538679407,0.2290169735126661,0.4330525721718039,0.3379304543155299,-0.2408307992725035,0.7022293809825326,0.6699809121211261,3241.900921211369,True,body,high
-0.0077700419575593,0.001514965839232,-0.004955736532659,0.0013650702913264,0.0013585459979052,0.3713367961218534,0.3713367961218534,0.3713367961218534,False,0.4765241678086901,0.0001805751037786,0.0001151754840486,6.0108293539755465e-05,3.0041628724525093,0.3621740669751608,0.3049545001309129,0.3328714328939262,-0.7896612858984914,0.5948776950767262,-0.1501851572338037,3908.959185273063,True,body,high
-0.0090909723719541,0.0010147744852536,-0.0048497017168521,0.0008444809857226,0.0003544488888027,0.4585357017049372,0.4585357017049372,0.4585357017049372,False,0.2786924381728562,3.149258572766327e-05,3.4020962401292e-05,7.911287649246677e-05,2.512111173614225,0.5699693411535666,0.031959104329489,0.3980715545169443,-0.3540920546747435,-0.6669545773573651,-0.655584020975402,3285.8437757033794,True,wing_R,high
-0.0077322537708777,0.0015390394787551,-0.0046789936278416,0.0014856995144533,0.0014814988550961,0.1688577994994203,0.1688577994994203,0.1688577994994203,False,0.3586842013441023,3.952236925357581e-05,3.423182379563786e-05,8.964295746172463e-05,2.618702351264959,0.5591135057045513,0.0590179709342687,0.38186852336118,-0.3959304829704833,-0.5583163016190791,-0.7290555260068702,5946.7742867933575,True,body,high
-0.0079456589981453,0.0015098480773396,-0.004780366732799,0.0012572900771546,0.0012567131781837,0.11790043672628,0.11790043672628,0.11790043672628,False,0.8885345004179731,5.704659302046986e-05,0.0001240268755111,0.0001330867322868,2.332947950793031,0.0680748307517058,0.5032829444356601,0.428642224812634,-0.8089871743347392,0.5849125748869589,0.0584553804281767,4934.604757741442,True,body,high
-0.0090803347384414,0.0031022522971986,-0.0054488737455346,0.0013697849753145,0.0004475072440001,0.4218968150763408,0.4218968150763408,0.4218968150763408,False,0.0982514083201918,3.886483212589698e-05,9.749270271090888e-05,4.213474400336424e-05,2.508506981198205,0.5678164331098229,0.0335400679901489,0.3986434989000282,-0.9003653386976234,0.4320890812174607,0.0513934116844214,7767.251709051714,True,wing_L,high
-0.010669677245875,0.0004401915267951,-0.0047688810555321,0.0021194794431834,0.0011009971086671,0.2569573051127471,0.2569573051127471,0.2569573051127471,False,0.1558254730009612,4.3279435764468045e-05,9.937348721010818e-05,0.000109897284332,2.539249470119897,0.0957603018661653,0.5104225439836431,0.3938171541501917,0.1617854363679173,0.9690484767281444,0.186468555874992,13153.61160275263,True,wing_R,high
-0.0078130407894638,0.001623699564665,-0.0048240171335132,0.0013479063550682,0.0013338544204258,0.1601223390290847,0.1601223390290847,0.1601223390290847,False,0.5126482304414074,7.057406030675509e-05,0.0001424299353985,0.0001845297913647,2.6146971077290844,0.2281466621449526,0.3893998609134984,0.3824534769415489,-0.8507731176863336,0.4928755794734163,-0.1823698587514418,5379.574038067475,True,body,high
-0.0101728878347141,0.0004871095639987,-0.0052264661697942,0.0016677636539647,0.0006876761268296,0.4276342099592731,0.4276342099592731,0.4276342099592731,False,0.156867513310713,2.444469772940972e-05,2.6944512629781446e-05,5.760795600326997e-05,2.356664690271916,0.5322779265375773,0.0433935705031754,0.4243285029592472,-0.6339844807298074,-0.7730201046556003,0.0224409445434291,7825.873981354243,True,wing_R,high
-0.0091575461729369,0.0019685407339309,-0.0045728341298092,0.0007431284501422,0.0007419573954113,0.2611629972893762,0.2611629972893762,0.2611629972893762,False,0.3884920374227701,7.904613325434333e-05,5.43885235943374e-05,0.0001510580569673,2.777388444922736,0.4767168673999025,0.1632326679889728,0.3600504646111247,-0.7105593760471551,0.7035291436478922,0.0123335781321183,2124.854122947173,False,body,high
-0.0105855786306246,0.000376251094644,-0.0049685427939587,0.0020589612740755,0.0009929074172387,0.3887310108652586,0.3887310108652586,0.3887310108652586,False,0.2153507631220339,3.661327032525227e-05,3.99999176824028e-05,0.0001046378017282,2.857920114721612,0.6177297590188879,0.0323654291395084,0.3499048118416036,-0.3519802150440552,-0.9271600561897272,-0.1283906477271703,6636.9300442018175,True,wing_R,high
-0.0083063029107983,0.0020099309876204,-0.0044530968011169,0.00115891357674,0.0011130133675524,0.249817323457051,0.249817323457051,0.249817323457051,False,0.2709837206268607,3.3525249603794714e-05,8.677446874416345e-05,3.2627061278897136e-05,2.659585796048641,0.6136507651503236,0.0103508363450279,0.3759983985046485,0.7855939714543185,0.5319347233920584,0.3160499360298086,2652.6582335046533,False,body,high
-0.0101279681398731,0.0005040949281791,-0.0052125628573401,0.001626100808218,0.0006458421398741,0.4217235787873375,0.4217235787873375,0.4217235787873375,False,0.1387042430140863,6.407978092006399e-05,2.633930177330199e-05,2.2978455528487743e-05,2.7886896419396208,0.5889608017518221,0.0524478423078055,0.3585913559403723,0.6282959850411212,-0.7726841813081352,-0.0905721322338395,10114.624654883772,True,wing_R,high
-0.0094406193968435,0.0019199240645017,-0.0058420776593767,0.0006951707972813,0.0006755607188678,0.3937130632449497,0.3937130632449497,0.3937130632449497,False,0.5364016957846637,7.48326660752066e-05,7.496709747518166e-05,5.344913704116966e-05,1.4025876117969425,0.0017932053461127,0.2852388548338302,0.712967939820057,-0.0534585763044183,0.9516200191248678,0.302591341284398,7032.3651178499695,True,body,high
-0.0099061727004766,0.0017705719030253,-0.0057130916941465,0.0009374253119372,0.0009258800257849,0.7806418465923436,0.7806418465923436,0.7806418465923436,False,0.9786414355435952,8.557682783970229e-05,3.2478233611639856e-05,2.9253180331543243e-05,2.925385440824229,0.6204786455455411,0.0376860577975337,0.3418352966569251,-0.4499596494970544,-0.7868622556272111,-0.4223554243687952,2865.444542995084,False,body,high
-0.0093854041436191,0.0035505000973902,-0.0058784948991885,0.0019295718178366,0.0009099365081175,0.4052550255794417,0.4052550255794417,0.4052550255794417,False,0.2110057706701023,4.299000062720175e-05,6.341736047914491e-05,2.436073156236499e-05,2.603261741823825,0.3221099033073253,0.293756613710895,0.3841334829817796,-0.446805914099508,0.582913290709526,0.6786579187189189,5292.459856218134,True,wing_L,high
-0.0096326267786952,0.003822103998117,-0.0054880694196067,0.0021620691276881,0.0012018833542748,0.3568618305915234,0.3568618305915234,0.3568618305915234,False,0.7000756443941194,9.117593306199756e-05,3.396792390173248e-05,3.716562936299193e-05,2.6841773823376727,0.5923745651418763,0.0350718150488801,0.3725536198092436,0.7718366368327274,-0.5450148216492421,-0.3274554171568845,4005.614736683745,True,wing_L,high
-0.0094120415437228,0.0035868150706217,-0.0058588538625415,0.0019620623086308,0.0009387343040898,0.4178604246753086,0.4178604246753086,0.4178604246753086,False,0.1409037142364494,5.931381006494589e-05,3.762291695017584e-05,2.4023823111051e-05,2.4689579918552367,0.3656971806569082,0.2292736518567001,0.4050291674863917,0.3899194212083368,-0.5654008743702247,-0.7268319587263212,5540.833857203815,True,wing_L,high
-0.0106944898790091,0.0004378490366462,-0.0047460627067041,0.0021451423898513,0.0011263590262936,0.2863492972501987,0.2863492972501987,0.2863492972501987,False,0.1314909437597595,8.446729891294845e-05,3.560826475525622e-05,8.965048091380049e-05,2.5176874394185966,0.0578154400067938,0.5449946688481292,0.3971898911450769,0.1944377306351768,0.96922334607021,0.1509969348626269,11604.62133433598,True,wing_R,high
-0.0094709193536694,0.0035866908056361,-0.0054024166704931,0.001889128131695,0.0009846414339576,0.373389191323518,0.373389191323518,0.373389191323518,False,0.8635934748976867,3.483718042122638e-05,0.0001022855904274,8.54638692506111e-05,2.936104162009077,0.1644583670732051,0.4949542610824207,0.3405873718443741,-0.7149940592267205,0.6332145721370619,0.2963491199645685,5545.779478766503,True,wing_L,high
-0.0088673125666204,0.002690292747914,-0.0056941332180131,0.0010560033080711,0.0002386050028748,0.298080570210517,0.298080570210517,0.298080570210517,False,0.1689301265579493,4.548458904223469e-05,4.7002327832653705e-05,0.0001187537731278,2.6108573393414654,0.6042034994370109,0.0127805521495728,0.3830159484134163,-0.4366684484923699,-0.819218772635878,-0.3717543122173999,8406.01178377708,False,wing_L,high
-0.009550461749219,0.0007808454123679,-0.0052956434145773,0.0010727954333001,0.0002722844601,0.4296413372390636,0.4296413372390636,0.4296413372390636,False,0.0944887786127641,8.873497938959233e-05,9.338387249720697e-05,3.3779105750738146e-05,2.7645454319099705,0.0497826121716431,0.5884942674710547,0.3617231203573021,-0.5207786806199254,-0.8290306006874043,-0.203710159137074,19602.343417035983,True,wing_R,high
-0.0090128674572553,0.0030456779411203,-0.0051880379561959,0.0013068869871162,0.0004922134371778,0.3259168994638697,0.3259168994638697,0.3259168994638697,False,0.1317013656834743,0.0001079718722387,0.0001233041031094,4.291467053678508e-05,2.8732389545842616,0.1243448553946655,0.5276158705294708,0.3480392740758637,0.8147358492754011,-0.5784468309835337,0.0400594512019067,6606.149260605056,True,wing_L,high
-0.0094655523324894,0.0036622138061386,-0.0057912515429453,0.0020243259671633,0.0009958121445866,0.5067430135284275,0.5067430135284275,0.5067430135284275,False,0.0795012648874786,7.682998445148243e-05,3.186192638113541e-05,3.302979757999568e-05,2.411341471712501,0.5700923563136505,0.0152007215307686,0.4147069221555808,0.8329950301716164,-0.431025539923856,-0.3468951767360523,6124.787205671912,True,wing_L,high
-0.0105788050774929,0.0003785286571739,-0.0049720221259951,0.0020519695915755,0.0009873797363473,0.394452785393684,0.394452785393684,0.394452785393684,False,0.2487288921472153,9.586732522590264e-05,3.630659279271856e-05,4.178727717882535e-05,2.64049358124096,0.564113454919521,0.0571694722179017,0.3787170728625772,0.5229613638255378,0.8517438421794814,-0.0323085012816772,6525.776060834843,True,wing_R,high
-0.0088865700727106,0.0017424335308064,-0.005725122320076,0.000487458056711,0.000463986958637,0.4819951664307799,0.4819951664307799,0.4819951664307799,False,0.4601302274470755,9.45269219459508e-05,4.758650052430336e-05,3.501207364145772e-05,2.699837859189856,0.4965825656365638,0.1330248211195908,0.3703926132438454,-0.5576133686664584,-0.7065346763635093,-0.4357477276823771,8284.188039637194,True,body,high
-0.0098649831243427,0.0007127931266435,-0.0049685974523691,0.0013332719939683,0.0004198071051337,0.1792474706447749,0.1792474706447749,0.1792474706447749,False,0.7304863197149751,4.533263184947428e-05,0.0001225757229295,0.0001133187758912,2.7039180812746384,0.0755202320418154,0.5546460784964847,0.3698336894616998,-0.3372040264307516,-0.8660198454640875,-0.3691924590525202,4511.509455326916,True,wing_R,high
-0.0106738049226619,0.0004441298602726,-0.0047633147409127,0.0021215064824296,0.0011069180924912,0.251517150947761,0.251517150947761,0.251517150947761,False,0.1451128932192004,3.998100129719362e-05,0.0001019481474296,0.0001011846421265,2.549914812583277,0.0074891532836739,0.6003408828158785,0.3921699639004474,-0.1549928600927794,-0.9665659991933988,-0.2042728139609539,12803.50569787541,True,wing_R,high
-0.0092391459736638,0.0033707080300343,-0.0058660340305357,0.0017384229933984,0.0007292201109386,0.4126876660945231,0.4126876660945231,0.4126876660945231,False,0.1056594945674281,2.842582204240417e-05,7.315056562650343e-05,5.801633152232189e-05,2.5733843516427144,0.20689155271136,0.4045151151804175,0.3885933321082224,-0.6067844503948125,0.5502037605685695,0.5736623158403118,13972.04850067871,True,wing_L,high
-0.0090498019066764,0.0030794319481863,-0.0057573774680367,0.00142025053736,0.000455329236186,0.454355121476054,0.454355121476054,0.454355121476054,False,0.1805613499922416,7.059378333012988e-05,2.9253710398473936e-05,3.0361197130540373e-05,2.413156566074864,0.5699168439725483,0.0156881623256725,0.4143949937017792,0.8341186444243336,-0.4554028015464892,-0.3112143559788363,15370.407069560766,True,wing_L,high
-0.0090760071780053,0.0031180349130186,-0.0052610110755499,0.0013747544836406,0.000519763130281,0.3431351203960551,0.3431351203960551,0.3431351203960551,False,0.1769416085047862,0.0001232515507071,5.165726858355265e-05,0.0001254979607406,2.429434698772271,0.017899972400208,0.5704816373193882,0.4116183902804038,-0.7917542716965209,0.6108355835644343,0.0022501337312711,7004.344813673114,True,wing_L,high
-0.0077117315728155,0.001681608033036,-0.0047855355390943,0.0014522504217035,0.0014265770189268,0.1938686941446181,0.1938686941446181,0.1938686941446181,False,0.2166994505841814,4.970323621701615e-05,0.0001295426470321,5.517872665414618e-05,2.6063221812459005,0.5740497209350113,0.0422678597556575,0.383682419309331,-0.8542001839438269,-0.1977244858737632,-0.4808815586361045,4708.038640589498,True,body,high
-0.0097908806924084,0.0006457603631197,-0.0052882267279726,0.0013093376512276,0.0004207097984471,0.33903217955031,0.33903217955031,0.33903217955031,False,0.412576261199344,8.267326739352403e-05,8.281688693338594e-05,3.619026754510791e-05,2.28837454241426,0.0017341818218478,0.5612744159992985,0.4369914021788537,-0.5366523551905262,-0.8418935433742297,-0.0567407375105843,5247.732373063848,True,wing_R,high
-0.010201594790947,0.0004887859982708,-0.0051889138870764,0.0016870470138398,0.0007012151337022,0.3480514294107066,0.3480514294107066,0.3480514294107066,False,0.1145253227421604,7.95185401893038e-05,6.84058560411584e-05,3.0290716475382447e-05,2.625178584135812,0.1397495995486118,0.479323934708033,0.3809264657433552,-0.5696740768892187,-0.8214549814317946,-0.0261373219995291,7395.836900555339,True,wing_R,high
-0.0094050958113605,0.0035807085377544,-0.0057610285950449,0.0019282706704017,0.0009106404910558,0.4153253201653987,0.4153253201653987,0.4153253201653987,False,0.1151666504637769,7.607115438694978e-05,0.0001062403589036,4.596398989964271e-05,2.311382435155494,0.2839712217472431,0.2833872625994951,0.4326415156532618,0.7167204313321931,-0.5552548414541285,-0.4219050655689567,6956.6822109063,True,wing_L,high
-0.0092327251529374,0.0033645918566059,-0.0058616039914592,0.001730607347367,0.000720420068286,0.4684741207333684,0.4684741207333684,0.4684741207333684,False,0.1335903377867387,7.650250452922777e-05,3.1062109012891435e-05,3.152013864923072e-05,2.46288828931344,0.5879855327195406,0.0059871194957322,0.4060273477847272,0.8144813066120306,-0.4692646952496784,-0.341190338332999,14742.302264039845,True,wing_L,high
-0.0104217493244986,0.0006013586292679,-0.0046162455201929,0.0018836480845811,0.0009701856131138,0.1436271774132156,0.1436271774132156,0.1436271774132156,False,0.5733638368793716,9.459067800087536e-05,3.430300070322108e-05,9.01994233185632e-05,2.7575044766271195,0.0464237573418335,0.5909295059162685,0.3626467367418979,0.4062979380048182,0.8581627229593214,0.3138132031895342,3039.0468681797192,False,wing_R,high
-0.0088881345255689,0.0014473721289706,-0.0057267712283596,0.0005710660327103,0.0005573310014885,0.4186462764716097,0.4186462764716097,0.4186462764716097,False,0.3601480752055708,0.0001074014375483,4.191311791277182e-05,3.59038728896226e-05,2.991360789363585,0.6097527289248947,0.0559512531705745,0.3342960179045307,-0.6072935435369778,-0.6724913776061741,-0.4230247026163498,6303.04278025148,True,body,high
-0.0106686423931276,0.0004415425695939,-0.0047720976793273,0.002117102647782,0.001100085313016,0.2696386117332869,0.2696386117332869,0.2696386117332869,False,0.1636908167689567,4.5072558659844654e-05,9.326078674743032e-05,0.0001036740512072,2.3001589945157384,0.1004423415366484,0.4648051033642054,0.4347525550991461,-0.1347707596261202,-0.9719569667645088,-0.1927083213245722,13146.116761005376,True,wing_R,high
-0.01057293371637,0.000384866306269,-0.0049872702522419,0.0020412419748193,0.0009847549081652,0.399485767863581,0.399485767863581,0.399485767863581,False,0.1357694929871708,4.164945951322438e-05,0.0001068471605214,4.668808456866214e-05,2.565391286470054,0.5630386026093277,0.0471573135949455,0.3898040837957267,-0.4065220160646321,-0.9115558183362592,-0.0616914946492592,6217.580094306088,True,wing_R,high
-0.0090357881113482,0.0030981368521969,-0.0051485799177198,0.0013614167342606,0.0005527066839964,0.3545259066192757,0.3545259066192757,0.3545259066192757,False,0.2133911019868072,3.263141775236725e-05,7.50827211681398e-05,5.987343961140249e-05,2.3009334665728063,0.2025669997052681,0.3628267787208939,0.4346062215738379,-0.7819491859503753,0.622121866732353,-0.038985298831703,6047.229903172593,True,wing_L,high
-0.0081097604954947,0.0016387763301347,-0.0050544939413351,0.0009979697518501,0.0009848054278744,0.2376740026952852,0.2376740026952852,0.2376740026952852,False,0.3332849886735845,0.0002985742867941,0.0001984174488804,0.0001273723105138,2.344106702545408,0.3354503128488121,0.2379479463199686,0.4266017408312192,-0.7081758481115107,0.6830500955918296,-0.1786883741700482,5472.365181797645,True,body,high
-0.0090829112574266,0.0031415569200138,-0.0058372925277807,0.001506492609714,0.0005340153848738,0.4750936032565415,0.4750936032565415,0.4750936032565415,False,0.0925444789654644,3.031681310348925e-05,7.34069000438036e-05,6.909520715457222e-05,2.421326403709464,0.058736888312386,0.5282663350167763,0.4129967766708376,-0.625774170400337,0.6145237736859729,0.4803823677389929,8720.975237624121,True,wing_L,high
-0.0088679578235899,0.0027018719581949,-0.0057034548897103,0.0010699579820755,0.0002467531631804,0.3049415376975515,0.3049415376975515,0.3049415376975515,False,0.1203765480401913,6.18727835666107e-05,4.604164279805294e-05,0.000106447097969,2.3119743671158988,0.4187461683114478,0.1487230847116891,0.432530746976863,-0.8763391372682078,0.4443184864823191,0.1860397781714289,8598.626497562633,False,wing_L,high
-0.0095988579877958,0.0019863092847997,-0.0055292928272253,0.0006286387865141,0.0006184367004384,0.1162775003885945,0.1162775003885945,0.1162775003885945,False,0.8320352655263845,6.161311140449454e-05,0.0001580998054162,0.0001754716377087,2.847959366258877,0.0990007987579051,0.5498705960212924,0.3511286052208024,0.2712938746073523,-0.7178741751682717,-0.6411367266246754,4637.9638488560695,True,body,high
-0.0095429603848331,0.0007826861185168,-0.0053053391181948,0.0010680687504845,0.000276534428329,0.4050470932715742,0.4050470932715742,0.4050470932715742,False,0.1116113708834799,8.647797025643724e-05,7.571888578686017e-05,3.276856981557712e-05,2.639052321878522,0.1244141651067045,0.4966619341772296,0.3789239007160658,-0.5102524198514726,-0.8330061759011305,-0.2138765507162758,20132.65912077498,True,wing_R,high
-0.0083182260298342,0.001472984487858,-0.0048972540489214,0.0008903811748092,0.0008858832347287,0.1541163211282822,0.1541163211282822,0.1541163211282822,False,0.7775259877304169,0.0001436400789618,0.000301993688161,0.0001281076891409,2.3573424061121453,0.5243606585404659,0.0514328293265541,0.4242065121329799,0.2328353680753138,0.9708301360984696,0.0572410535914513,4031.2587700076783,False,body,high
-0.0103876571610037,0.0004327802338714,-0.0051372177518472,0.00185865171868,0.0008455803050347,0.3497590418574303,0.3497590418574303,0.3497590418574303,False,0.1348062526325088,7.646421091773368e-05,4.946840086447951e-05,2.890928244822409e-05,2.6449709035386624,0.3530515744457028,0.268872432861101,0.3780759926931962,-0.555322680418341,-0.8262106932576821,-0.0948293781464859,6654.94745779796,True,wing_R,high
-0.0093430656735667,0.0009347297214456,-0.0048138835327439,0.000968810879558,0.0002813466184938,0.3678163061806234,0.3678163061806234,0.3678163061806234,False,0.0877649364903741,3.1391714353516375e-05,2.6622600721384264e-05,6.913086518197093e-05,2.5966984182143573,0.5459088459129654,0.0689867488216519,0.3851044052653826,0.4254901554147287,0.8527327927349516,0.3029932537856248,7981.664894766295,True,wing_R,high
-0.0089264842640878,0.0028058907351931,-0.0056230028787349,0.0011277164023417,0.0002346305286354,0.3367707759345472,0.3367707759345472,0.3367707759345472,False,0.1894549063321796,0.0001089048756397,0.0001137977212512,4.8903967898553626e-05,2.326962946796611,0.0429959893544699,0.527259307844551,0.4297447028009791,0.843595730276071,-0.4864113056044917,-0.2274868911390632,7861.484843624492,False,wing_L,high
-0.0099109828250638,0.0005263219173196,-0.0048175862235043,0.0015450281783218,0.0004321022377581,0.7785382102385158,0.7785382102385158,0.7785382102385158,False,0.4411357086017815,3.6396659202811534e-05,8.821093161431898e-05,7.079381495598628e-05,2.423599680475755,0.1974485059797899,0.3899420981468375,0.4126093958733725,0.414718137929867,0.90951082320564,-0.0282653240523251,3550.690334818389,False,wing_R,high
-0.009147748644278,0.0032002643871774,-0.0057733689354332,0.0015409333766425,0.000574324387375,0.3415658548566321,0.3415658548566321,0.3415658548566321,False,0.7445603115276784,8.770754231270388e-05,3.60652337123979e-05,5.476096713884069e-05,2.431913876175805,0.3756412995406791,0.2131599282509462,0.4111987722083746,0.686836660094377,-0.5661318338735728,-0.4557961704812213,7012.338175783786,True,wing_L,high
-0.0101752692868554,0.0005867447079777,-0.0049494541305981,0.0016280898623339,0.000670549238039,0.261611262791155,0.261611262791155,0.261611262791155,False,0.2850697825310874,9.9435343841423e-05,3.5845574287001925e-05,7.62747759596721e-05,2.773992210175848,0.2329208809162143,0.4065878400053169,0.3604912790784688,0.1522368438091068,0.8995868967475787,0.4093499219336711,6622.381884777075,True,wing_R,high
-0.0083636859726319,0.0019989349768744,-0.0045088429242512,0.0010786481546253,0.0010343404058024,0.243657809090917,0.243657809090917,0.243657809090917,False,0.2553771402280592,4.38053885678948e-05,3.0692174082910823e-05,8.131806326314899e-05,2.6494722414736427,0.4613080192756367,0.1612583226748652,0.377433658049498,0.6714520501951342,-0.6375818160905677,0.3776791920127507,2725.6956050421727,False,body,high
-0.0089826229513888,0.0019336844935687,-0.0051309789036335,0.0002574994157238,0.0001871523545446,0.4383647755851018,0.4383647755851018,0.4383647755851018,False,0.0121890853472602,8.46392153807432e-05,3.243731223815524e-05,3.474799049270065e-05,2.609316541374353,0.5894575542035757,0.0273003269719714,0.3832421188244528,0.6134922625053884,-0.7243206124830288,-0.3146218272438048,4378.3324503581525,True,body,high
-0.0091998133482286,0.0032861249059112,-0.005844682340035,0.0016486526698635,0.0006671589589147,0.3668156871204731,0.3668156871204731,0.3668156871204731,False,0.0640916130621784,3.154943063954443e-05,7.393178458065208e-05,8.011806372472575e-05,2.5394456286734006,0.0772145363538595,0.5289987297587143,0.3937867338874261,-0.6845028118458054,0.5850814916333467,0.4348971702865908,10657.49738507875,True,wing_L,high
-0.0103806112604458,0.0005092523442777,-0.0049099720380554,0.0018320715452177,0.0008405645641967,0.4489875162073095,0.4489875162073095,0.4489875162073095,False,0.160435473713164,3.233964426689841e-05,3.3090395464866044e-05,7.403747931313416e-05,2.2893721001413736,0.5530588592175929,0.0101401507038401,0.4368009900785669,-0.2502075574472371,0.6091079671114957,0.7525846547715335,5237.936172667305,True,wing_R,high
-0.0088720688882962,0.0015416032659947,-0.0056364009520387,0.000460777489779,0.0004580282602496,0.3073291820255183,0.3073291820255183,0.3073291820255183,False,0.5751219558784322,0.0001323362756999,8.346945267471227e-05,0.0001003878821692,1.5854455906845568,0.2414182608790153,0.1278442317125945,0.6307375074083901,-0.4158775657547199,-0.7480599770031804,-0.5171577332960702,9519.693502472202,True,body,high
-0.0093489456492988,0.0034457064346961,-0.0057298829668148,0.0017825450260752,0.0008141477257919,0.299175424229584,0.299175424229584,0.299175424229584,False,0.8113323851441618,8.116063232532696e-05,2.9809131767806043e-05,3.143290537817882e-05,2.7226768279437343,0.6127074854199986,0.0200069117729885,0.3672856028070128,0.7933913549935735,-0.5136373923770319,-0.3266600480217684,5404.324133258316,True,wing_L,high
-0.0092379331202004,0.0033732074672194,-0.0058756178767743,0.0017439200005338,0.0007322967983327,0.4169630697779179,0.4169630697779179,0.4169630697779179,False,0.1026831418826697,2.7160425364006704e-05,7.117860789206453e-05,5.803359664059644e-05,2.620673532837641,0.1846764307529198,0.4337422744120805,0.3815812948349996,-0.6007955072665772,0.5542766423117429,0.5760400699915904,13450.58371269554,True,wing_L,high
-0.0102132956362074,0.0005680471024082,-0.0049470982563076,0.0016675699197915,0.0007004203479382,0.2334600715803264,0.2334600715803264,0.2334600715803264,False,0.2377972445517902,7.899375854770244e-05,2.9768649091939445e-05,2.860653318407425e-05,2.7613887373000385,0.6231518839053231,0.0147114902396171,0.3621366258550598,0.7953578873731862,-0.4898373521877525,-0.3570226875073252,6683.474514674072,True,wing_R,high
-0.0086824793872804,0.0020375444006283,-0.0056117718837629,0.0005955753771211,0.0003728945049617,0.2356867035135057,0.2356867035135057,0.2356867035135057,False,0.3087780271309681,4.808562468183944e-05,4.8407704720553694e-05,0.000124216269964,2.583230867559512,0.6102949739629155,0.0025928973620571,0.3871121286750273,-0.3061300901708221,-0.3071106997266865,-0.90109232934555,8070.900406051959,True,body,high
-0.0095081026714007,0.0008674402157982,-0.0047270540694454,0.0011201968483938,0.0003658262776992,0.3222823170409322,0.3222823170409322,0.3222823170409322,False,0.1789184426115145,8.842714375011373e-05,4.6415587055541015e-05,3.2490036719246623e-05,2.721669554092279,0.4750979723295505,0.1574804946278329,0.3674215330426166,-0.4250199395194071,-0.8870701547709703,-0.1801793315714273,20137.673402546323,True,wing_R,high
-0.0101202958986422,0.0005138596126338,-0.0051918996471785,0.00161465094885,0.0006338221441839,0.3205187470702055,0.3205187470702055,0.3205187470702055,False,0.2573946759805076,6.405967847551286e-05,7.31056528105927e-05,2.5626644398497777e-05,2.852720460540598,0.1237383702532113,0.5257190463313433,0.3505425834154453,-0.4934519358769946,-0.8697622757092015,-0.0043325203284887,10682.292993399347,True,wing_R,high
-0.009062738482627,0.0030862077627921,-0.0057429438319574,0.0014216362088437,0.0004616282210135,0.4067926468700145,0.4067926468700145,0.4067926468700145,False,0.1305085823193182,7.73324997720858e-05,0.0001185848641234,4.123817713207488e-05,2.875608777364279,0.3478720885361078,0.3043754606188302,0.3477524508450619,0.7215173595732138,-0.585003702431327,-0.3703827317466854,13912.943429917595,True,wing_L,high
-0.0095745540789028,0.0018651088550286,-0.0056383369973548,0.0006270967592742,0.0006263802869456,0.1803321184688089,0.1803321184688089,0.1803321184688089,False,0.4830066713693218,0.0001456433654688,0.0001587114008443,6.459043373589428e-05,2.457196703358817,0.0823383531744195,0.5106938209966309,0.4069678258289495,0.1203201987878381,0.7305877781600982,0.6721343230089846,6429.807417062351,True,body,high
-0.0092937889520309,0.0019408940752291,-0.0059353813823737,0.0007212292153712,0.0006771437893164,0.2767426783435291,0.2767426783435291,0.2767426783435291,False,0.9214054752805668,9.77252809414744e-05,3.912735232033191e-05,3.810435948428291e-05,2.564674548112628,0.5996189323439812,0.0104680470211351,0.3899130206348837,-0.4360567208865142,0.3854700695802652,0.8131834735331788,5732.802990034502,True,body,high
-0.0094168000493019,0.00350187492821,-0.005214836175874,0.0017920772559529,0.0009609483673531,0.4265882094816696,0.4265882094816696,0.4265882094816696,False,0.13038015277597,2.8247006742594736e-05,7.662327306848139e-05,3.538268164325532e-05,2.71261566815638,0.5382253951533451,0.0931267304945736,0.3686478743520812,-0.6067843321518771,0.7625465376714825,0.2243558604989733,6536.792132057874,True,wing_L,high
-0.009228362491673,0.0033608707401542,-0.0058717137498238,0.0017301864448385,0.0007195048689922,0.4913612608824698,0.4913612608824698,0.4913612608824698,False,0.1508999125490265,5.93232573487938e-05,2.627099115626495e-05,2.538142640379996e-05,2.3372704277925167,0.557155282256275,0.0149952108535571,0.4278495068901679,-0.5803914364997824,-0.3981602618509137,-0.7103620107526385,15059.094524473674,True,wing_L,high
-0.0096449632254685,0.0020404703161788,-0.0056410737851141,0.0007373575130218,0.0007172203973516,0.2026232891288706,0.2026232891288706,0.2026232891288706,False,0.1042062933899126,6.0008575721808747e-05,0.0001415012383177,0.0001299509761612,2.358016943673221,0.0816265800485267,0.4942882569151799,0.4240851630362933,0.2882607133783578,-0.6965637540901768,-0.6570423864640695,4672.787961110406,True,body,high
-0.0082379507661381,0.0014570766447405,-0.0051788185668868,0.0008919989010725,0.000891723963388,0.2224354473163043,0.2224354473163043,0.2224354473163043,False,0.810670293207384,0.0003138456111666,0.0001540820012429,0.000110126157091,2.8498734492950897,0.509051598108381,0.1400556279520084,0.3508927739396105,-0.6972130388138746,0.7164510429502392,0.024328616143073,5524.831620269984,True,body,high
-0.0091915525522248,0.003273319719182,-0.005555741083391,0.0015594425700482,0.0005984730781763,0.3555490986890337,0.3555490986890337,0.3555490986890337,False,0.1550002476878442,6.997678286843983e-05,2.702825823116741e-05,4.157980918150715e-05,2.589023024345191,0.4058056475720031,0.2079482701812321,0.3862460822467647,0.7682183629485824,-0.6000605916239021,-0.2230870529828493,8608.5124393688,True,wing_L,high
-0.0082608548083432,0.0020637486926003,-0.0048443193122706,0.0009775626559245,0.0008593078884962,0.14347299156733,0.14347299156733,0.14347299156733,False,0.2354337548514828,4.884915181620243e-05,0.0001274985213642,4.2452860808381016e-05,3.0032963370758274,0.6168649542478661,0.0501675700971492,0.3329674756549846,-0.4527336749105734,0.8138116252263666,0.364338933204217,2630.717014988812,False,body,high
-0.0092234759268006,0.0010320216160305,-0.0054144303824774,0.0007392427448774,0.0002944162465557,0.2722571312902456,0.2722571312902456,0.2722571312902456,False,0.7851120319513001,8.621035179227092e-05,8.295031311005113e-05,3.4458349826463534e-05,2.5018711640701543,0.0378149330613456,0.5624842292771515,0.3997008376615029,-0.5131305137710769,-0.787647310810535,-0.3410407447944645,3796.370696937776,True,wing_R,high
-0.0095334035113428,0.000854060708689,-0.00471345176114,0.0011471876625674,0.0003815625989436,0.2839444352225387,0.2839444352225387,0.2839444352225387,False,0.1214667430990698,7.046457332182312e-05,7.187410060010859e-05,3.0331417364789578e-05,2.369625518507556,0.0196110597074148,0.55838133099328,0.4220076092993051,-0.4205265213295019,-0.8810771752873285,-0.216472760517832,20141.799591795305,True,wing_R,high
-0.0088667180813035,0.0027049573628213,-0.0056859842599873,0.0010661328860344,0.0002308396507238,0.321771452422007,0.321771452422007,0.321771452422007,False,0.1328132496357347,6.805616974212827e-05,0.0001173754547639,4.061711749763778e-05,2.88980267422334,0.4201839739065308,0.2337716373468366,0.3460443887466326,0.8781288218538268,-0.4445599385451912,-0.1767943247683756,8903.486589057004,False,wing_L,high
-0.0094263728548748,0.0035631409117097,-0.0055937507984465,0.0018799607038428,0.0009137413848838,0.3695300894240144,0.3695300894240144,0.3695300894240144,False,0.0848388803228898,7.652257074066978e-05,2.941403449946578e-05,3.914310231432854e-05,2.6015666345281394,0.4884763810800074,0.127139845416772,0.3843837735032205,0.7673719564402349,-0.5823076002661101,-0.2684364713324361,6373.864207151958,True,wing_L,high
-0.0086924047141943,0.0015552783407899,-0.005356504362095,0.0004356337739187,0.0004339989050648,0.181539240633239,0.181539240633239,0.181539240633239,False,0.561005560587976,5.33315188545236e-05,8.856597661644359e-05,0.0001299553757829,2.4367461976364515,0.3184893192539086,0.2711273585232185,0.4103833222228728,-0.7734117858738934,0.6323475644709107,0.0443933235865743,12259.557916807253,True,body,high
-0.0092164372643343,0.0033462399686596,-0.0058759132557542,0.00171696836751,0.0007073364940212,0.4735780967897202,0.4735780967897202,0.4735780967897202,False,0.1162141449067077,6.513316416605822e-05,2.798728238714036e-05,2.7507249847926994e-05,2.367854457502838,0.570306728600099,0.0073700171849399,0.422323254214961,-0.5958062451126731,-0.4419285674264691,-0.6706072319749659,14484.082886247075,True,wing_L,high
-0.0090288078272367,0.0016112038121712,-0.0055209394103853,0.0002820954665249,0.000276038884677,0.1942956392916986,0.1942956392916986,0.1942956392916986,False,0.6960551540697333,7.660953645420015e-05,0.000178580303608,0.0001665973620479,2.331045348575222,0.067101137796272,0.5039067790547586,0.4289920831489694,0.5292761627398226,-0.8062450311528833,-0.2642644381991175,13741.150352074865,True,body,high
-0.0087357039307044,0.0015287789644661,-0.005455529097331,0.0004412147806382,0.0004376605990168,0.1914926852152721,0.1914926852152721,0.1914926852152721,False,0.6292422237780307,0.0002430544444786,0.0001484072577394,8.762452270918673e-05,2.7738176136524424,0.3894073483912976,0.2500786815920351,0.3605139700166672,-0.6070874282866398,0.784286406011731,-0.1278267881217261,7320.62187303903,True,body,high
-0.0085859525845576,0.0019671963875495,-0.0055406479536836,0.0006009394304342,0.0004345909166879,0.2772692810160802,0.2772692810160802,0.2772692810160802,False,0.1656788814844285,5.638138861342147e-05,0.0001206311204193,4.757080093457117e-05,2.5358227746745703,0.5326132392918065,0.0730374355159655,0.394349325192228,-0.4054317812271433,0.1956512662923324,-0.8929421329342637,7035.172213630049,True,body,high
-0.0086278271367541,0.0019399854748549,-0.0054625647236923,0.0005245425547199,0.0003806502440149,0.1528986060431425,0.1528986060431425,0.1528986060431425,False,0.1237037425233022,0.0001039750560194,0.000112090252786,0.0001033547940647,1.0845191439868276,0.0723987729971033,0.0055335940389681,0.9220676329639284,0.2102792785141466,0.9548658328025774,0.2097948197020365,7475.168087732368,True,body,high
-0.0095746698516292,0.0037339003585395,-0.0053147851782014,0.0020521375271379,0.0011515416806645,0.4427951890082153,0.4427951890082153,0.4427951890082153,False,0.1723089205048446,7.559399139154987e-05,2.6330335775404243e-05,2.6833425928158264e-05,2.87098470890614,0.6450322911358033,0.0066551605953467,0.3483125482688499,0.6911507491715762,-0.609618851816345,-0.3881694184627243,4753.75238743931,True,wing_L,high
-0.0092228323867766,0.0033163213446954,-0.0052044265527711,0.0015813312545941,0.0007367391506813,0.3928857225092023,0.3928857225092023,0.3928857225092023,False,0.1455302939528784,6.497632449586666e-05,2.524842735423893e-05,4.369694699870494e-05,2.5734800660746044,0.3274943244676045,0.2839267962231316,0.3885788793092638,0.7712096486156655,-0.626374972010501,-0.1135344543341183,13495.540310015962,True,wing_L,high
-0.0095090178935537,0.0019018359041063,-0.0058885109841682,0.0007656983921211,0.0007536880254461,0.3144050849180007,0.3144050849180007,0.3144050849180007,False,0.3543231382272885,8.666149958444977e-05,3.86230748615888e-05,8.223833280326218e-05,2.243775253394852,0.0510395827720163,0.5032829820717705,0.4456774351562131,-0.5614854848902417,0.5064361606508327,0.6544130694315435,6149.058269527827,True,body,high
-0.0083842133453507,0.001666415977376,-0.0047210101609502,0.0008913567718083,0.0008907146465542,0.1830248389132152,0.1830248389132152,0.1830248389132152,False,0.2932127483439532,4.617060739073231e-05,5.629343664261437e-05,6.124713616926973e-05,1.3265395373933002,0.0808805086488408,0.1652784094901259,0.7538410818610333,0.5093599123050496,0.5907228551146423,0.6257787054397086,3717.445929294528,True,body,high
-0.0094760395172121,0.0018992084108609,-0.0056684902794417,0.0005806388756428,0.0005722074934975,0.2569551529002855,0.2569551529002855,0.2569551529002855,False,0.323762840334737,6.08337692809429e-05,0.0001462887842113,0.0001819363615086,2.990713277496122,0.1959343201201046,0.4696972843788671,0.3343683955010283,0.2445619264176647,-0.6168969504599168,-0.7480826268936712,6960.082055965831,True,body,high
-0.0096429231149275,0.0017532193264077,-0.00565022717619,0.0006782103049433,0.0006718185954994,0.2277460483795948,0.2277460483795948,0.2277460483795948,False,0.1077143415522359,0.0001585940653446,0.0001464690747801,6.36498454516796e-05,2.4916645785900484,0.0764529904579306,0.5222088805689203,0.4013381289731491,-0.1309752544639885,0.7074331668513416,0.6945385497989116,5274.343712510973,True,body,high
-0.0096665120763843,0.0008086728679911,-0.0046955405368252,0.0012484028250937,0.0004371869907004,0.3110669361333363,0.3110669361333363,0.3110669361333363,False,0.1163852755909409,9.457687707663355e-05,6.818193883434375e-05,3.599451927489246e-05,2.627535496566681,0.2790844766517567,0.3403307505424453,0.3805847728057979,-0.4270507473477596,-0.8825854604679308,-0.1966483261060976,8705.28812038449,True,wing_R,high
-0.009248269833333,0.0033304995396843,-0.0053319393257914,0.0015973001103363,0.0007113991000551,0.3542938880274136,0.3542938880274136,0.3542938880274136,False,0.1540719804760318,0.0001146940214144,0.0001144694641043,4.4126060001040056e-05,2.5992354951188483,0.0019578815647088,0.6133136081183467,0.3847285103169444,0.7697395627670958,-0.633071462542421,-0.0819849304782309,8959.30383905236,True,wing_L,high
-0.0092230167189809,0.0033272547025316,-0.0052300784631404,0.0015912700856307,0.00072895113109,0.3843911921354528,0.3843911921354528,0.3843911921354528,False,0.1262323368716438,8.026091834817739e-05,3.0242166686122576e-05,5.9371931864041645e-05,2.653940743769766,0.2602634870625063,0.3629383487932712,0.3767981641442224,0.7645232480043102,-0.6369592628061507,-0.0989297770460732,16004.781432288202,True,wing_L,high
-0.0098769730328142,0.0007559843215881,-0.004591846395177,0.0014433976370858,0.000616380462858,0.2559732900354552,0.2559732900354552,0.2559732900354552,False,0.1442464457046808,7.339311010301062e-05,2.881311304169884e-05,5.138717180868912e-05,2.547212097380621,0.2998365686293325,0.3075773561756211,0.3925860751950463,0.3647424181200516,0.9302768795350232,0.0393433072646068,8329.193516088368,True,wing_R,high
-0.0087160607490115,0.0021974689149674,-0.0052609577226676,0.0005803414911594,0.0002331491581159,0.08361875238923,0.08361875238923,0.08361875238923,False,0.4250675139855995,0.0001835094672453,6.32179109610803e-05,0.000102113808003,2.902808151290792,0.4435501909748256,0.2119558060180069,0.3444940030071673,0.7768735711585857,-0.6106551175997974,-0.1535180177845062,3320.9455207082347,False,body,high
-0.0087997969861104,0.0026353662602114,-0.0052647553853911,0.0009341812570706,0.0002012112471127,0.2313859608912069,0.2313859608912069,0.2313859608912069,False,0.1326433531160056,3.814948306500472e-05,9.342627363362018e-05,4.001330948350877e-05,2.4489525447678204,0.5717124538175986,0.0199497030761733,0.408337843106228,-0.9624150347260858,0.2446757485287221,-0.1178604217500383,2560.711602662429,False,wing_L,high
-0.009587624700542,0.000698639449888,-0.0048807594487731,0.0012282747259048,0.0002149348325391,0.7900573053156027,0.7900573053156027,0.7900573053156027,False,0.5236224131378849,3.180664167440447e-05,7.262007635902379e-05,3.116890585099505e-05,2.329888533982833,0.5620131061669951,0.0087818115235316,0.4292050823094733,0.058035237581825,0.1592217374102736,-0.9855355648249712,4698.625248895218,True,wing_R,high
-0.0092332100647997,0.0033590828619643,-0.0058717886205134,0.0017289718619564,0.000723486939849,0.405832978696195,0.405832978696195,0.405832978696195,False,0.1148359632827636,2.869588233324641e-05,7.478714842140566e-05,5.091856389461391e-05,2.606197905082672,0.319153558206266,0.297145726644752,0.3837007151489819,-0.591198839866599,0.5478280495040729,0.5919192173911494,15001.218568712153,True,wing_L,high
-0.009985183715848,0.0005667880855908,-0.0052487177167615,0.0014865148107891,0.0005473012589009,0.3224014958059963,0.3224014958059963,0.3224014958059963,False,0.1379021422729631,7.614685866328332e-05,3.0269549352997165e-05,6.513564884648189e-05,2.5156257787413536,0.1446049122721177,0.4578796828331481,0.3975154048947341,0.4075601795330382,0.9131782840705424,0.0003486559581592,11227.924157917396,True,wing_R,high
-0.0082225665209318,0.0015579391324073,-0.0050874114529331,0.0008946181350727,0.000892747795518,0.1625367514995433,0.1625367514995433,0.1625367514995433,False,0.7563017814253253,0.0002918702631319,0.0001687627022445,0.0001154908259498,2.527215999465399,0.421788638439492,0.1825190265121631,0.3956923350483448,-0.6973250470593391,0.7133855148724048,-0.0694181958417596,7282.685099422095,True,body,high
-0.0095811113198289,0.0015917762290185,-0.0055718639001843,0.0006035580881632,0.000554171916561,0.1321656035769984,0.1321656035769984,0.1321656035769984,False,0.5171149313455365,8.789896206196566e-05,5.799514450544155e-05,7.1895695355942e-05,1.515626227187317,0.1820643421789431,0.1581423776164849,0.659793280204572,-0.8912690632598494,0.080237989401075,0.446319753016583,5311.823516146057,True,body,high
-0.0090951795849554,0.0030963427458361,-0.0055222359699596,0.0013752393645981,0.0004507021392596,0.3349109953411206,0.3349109953411206,0.3349109953411206,False,0.1753279337446041,7.045583783034406e-05,2.674207070437249e-05,3.2275773018459667e-05,2.6346440636260864,0.5419006570303097,0.0785414308380264,0.3795579121316639,0.7662001642355232,-0.6079110924069315,-0.2082820492843032,7130.980346977706,True,wing_L,high
-0.0096364869595183,0.0017210753100891,-0.0055972931037869,0.0006452574733036,0.0006317406533643,0.1327398407644234,0.1327398407644234,0.1327398407644234,False,0.8115478497995858,5.668227611381159e-05,0.0001519690927063,0.000131954738982,2.6810689888537262,0.131700159341082,0.4953142874495827,0.3729855532093352,0.0974012546795402,-0.6919294705574146,-0.7153646646018988,5275.476489121368,True,body,high
-0.0094299250130359,0.0019641986283756,-0.0050970426687044,0.0004532518626396,0.0004495212751477,0.1483479881912137,0.1483479881912137,0.1483479881912137,False,0.1334892877743085,0.0002251240400453,9.934610247068338e-05,9.5261401058461e-05,2.363224113271216,0.5587050478897394,0.0181442257850358,0.4231507263252247,-0.5504938113029356,0.7919815156338719,-0.2640489398036716,4760.005171333836,True,body,high
-0.0088528136672081,0.0015364441944671,-0.0056502688378599,0.0004825628756947,0.000480345409003,0.2019190784857536,0.2019190784857536,0.2019190784857536,False,0.2579164097241912,8.084390861069355e-05,0.0001562274899456,8.268722384822083e-05,1.9324583958201071,0.4707255177882724,0.0117989173235042,0.5174755648882234,-0.5329431185190932,0.022844153278578,-0.8458426432168865,8818.626398461769,True,body,high
-0.0091320113792122,0.0015705791918604,-0.0046056064495106,0.0006949047002714,0.0006204608239022,0.1538269158088293,0.1538269158088293,0.1538269158088293,False,0.1922305382370547,2.89910603552831e-05,6.176171515910486e-05,6.68973679114331e-05,2.307517113607135,0.0767691302762081,0.4898646363367772,0.4333662333870146,0.4906178344300005,-0.6684130217829065,-0.559033248430056,1934.4921787568016,False,body,high
-0.0090207723371892,0.0015421633034158,-0.0055362308614668,0.000333385111653,0.000312332270186,0.1982885650895015,0.1982885650895015,0.1982885650895015,False,0.3942550679242534,7.149563827081476e-05,0.0001326474857144,0.0001657229669903,2.317945136213828,0.1995829659374263,0.3690004382265663,0.4314165958360073,0.3942878399981276,-0.855914897086322,-0.334584500799606,10417.789830177197,True,body,high
-0.0088609562337001,0.0018463592193036,-0.0054185383343059,0.0002784169271665,0.0002015971628478,0.117003603067845,0.117003603067845,0.117003603067845,False,0.3912614528850859,6.316180653504943e-05,9.194231503124048e-05,0.0001020990554963,1.616468259813566,0.0994792793701297,0.2818880973605868,0.6186326232692835,-0.4292191915215868,-0.0513311805427574,-0.9017405367031264,7668.84278719171,True,body,high
-0.0095397373030952,0.0015356960672745,-0.0057550853383408,0.00069732395267,0.0006542818597381,0.2867408149624613,0.2867408149624613,0.2867408149624613,False,0.2471359050322544,8.331993372594898e-05,3.458256165181355e-05,3.4703050950843164e-05,2.4093048561536965,0.5834964167760095,0.0014461041150839,0.4150574791089065,-0.4993167013342954,0.6553885821145328,0.5666997778387955,4285.276895848456,True,body,high
-0.0094156556898181,0.0017289667295121,-0.0055542508569462,0.0004381844553761,0.0004335613706704,0.1245244422584545,0.1245244422584545,0.1245244422584545,False,0.3806377918979525,0.0002068522639175,9.093764829195748e-05,0.000131433840778,2.274660361277684,0.364600424047456,0.1957735038481807,0.4396260721043633,-0.1151286304401061,-0.5539044876662027,-0.8245818437221537,5998.662996403837,True,body,high
-0.0099966295022924,0.0005621733516604,-0.0052398292037772,0.0014973634016571,0.0005523577934918,0.3563229199539574,0.3563229199539574,0.3563229199539574,False,0.1153904807656518,8.16212307930794e-05,7.5937712341852e-05,3.1625524245953536e-05,2.580865700701318,0.0696328442490149,0.542900268292152,0.387466887458833,-0.3607829464382477,-0.9325657672970776,-0.0125201926881939,11377.70975094755,True,wing_R,high
-0.0095216912582657,0.0008599029096497,-0.0047062058271779,0.0011416402241767,0.0003864557038208,0.2978068020597307,0.2978068020597307,0.2978068020597307,False,0.1779245265542629,6.250088794657497e-05,4.837189378981693e-05,2.5183234102604143e-05,2.4818451709549043,0.2260606948310131,0.3710132839558085,0.4029260212131783,-0.4410340916563368,-0.8767193307135895,-0.1919691255123745,21213.92074231118,True,wing_R,high
-0.0092168307155868,0.0032482157746644,-0.0055564367876386,0.0015370394018788,0.0006142856870929,0.3635855104633283,0.3635855104633283,0.3635855104633283,False,0.1466612872335916,8.613967450502273e-05,3.330311082474504e-05,3.621225946953205e-05,2.586535382785286,0.579609980213931,0.0337724592239709,0.386617560562098,0.7641647990530374,-0.6051010970956245,-0.2233938723015991,9045.604598725817,True,wing_L,high
-0.0099681612937346,0.0005681484240184,-0.0052542593546763,0.0014749998690365,0.0005354581421213,0.3510360772985443,0.3510360772985443,0.3510360772985443,False,0.1342591602492045,7.568163399651225e-05,3.0415274692153626e-05,6.635771735101144e-05,2.488277181860738,0.1231991984466205,0.4749163140493795,0.4018844875039999,0.4232579975501407,0.9060084499457132,-0.0011645328726303,10649.651926226068,True,wing_R,high
-0.0088492423043636,0.0018257947355019,-0.005221658923805,0.0002484230677654,0.0002073049577289,0.1439203491044765,0.1439203491044765,0.1439203491044765,False,0.0497726705493998,0.0001089295451318,0.0001876962468458,6.97706089161106e-05,2.6901907516899204,0.4196498493583351,0.2086292979951299,0.3717208526465349,-0.2679683885477324,0.9173016744830156,0.2945345153454644,7997.51454170768,True,body,high
-0.0092188169099848,0.0033153075576036,-0.005220989996026,0.0015792893028513,0.0007253076389482,0.3865572258365087,0.3865572258365087,0.3865572258365087,False,0.1824983427302755,6.995082774458414e-05,2.7114824011840835e-05,4.8987522035034365e-05,2.579800175506843,0.2996863137359062,0.3126867648093985,0.3876269214546952,0.773149551164411,-0.6291927913752775,-0.0797257976796463,15119.243720896427,True,wing_L,high
-0.0091068286220853,0.0016874295583816,-0.0054968759463847,0.000229355005252,0.0002287431602686,0.1920129489495571,0.1920129489495571,0.1920129489495571,False,0.362407503202534,7.207267359509773e-05,0.0001819133731464,0.0001308419818076,2.524026986544576,0.2807456673220972,0.3230620552850956,0.3961922773928072,0.312878321092951,-0.7176393863718633,-0.6221743062180178,14285.999321365569,True,body,high
-0.0088838961339514,0.0016868590425316,-0.0054750071329132,0.0002827511590549,0.0002786063145671,0.1341175593947592,0.1341175593947592,0.1341175593947592,False,0.0717480817656307,0.0001930547059043,9.160212204096834e-05,8.126697324414621e-05,2.3755616605087586,0.5255120997343801,0.0535348193063,0.42095308095932,-0.6619683636705126,0.7478593286014965,-0.050043082669865,26872.19498620677,True,body,high
-0.0083948195622666,0.0020638319004653,-0.0053212034886577,0.0007551196476199,0.000547197459468,0.1494553687593739,0.1494553687593739,0.1494553687593739,False,0.0888128253198189,5.989331362613491e-05,0.0001345515385571,9.37385490943621e-05,2.246520194174882,0.3033260704444561,0.2515410513410717,0.4451328782144721,-0.3820972149516703,-0.0719725624410292,-0.9213151841698086,4743.648716458576,True,body,high
-0.0087816467343528,0.0020206808822336,-0.0050112854811616,0.0004842550131539,0.0003829023621912,0.127820925554994,0.127820925554994,0.127820925554994,False,0.0858593873357594,0.0002358924212292,0.0001076002765955,9.950288497028334e-05,2.370709364855824,0.543858696117072,0.0343266289909612,0.4218146748919666,-0.6381582465768171,0.7446607730848998,-0.1955361484600792,3649.163979550344,True,body,high
-0.0089448828065074,0.0016837704334623,-0.0053770539526598,0.0001765090447877,0.0001763902378569,0.1583455531287107,0.1583455531287107,0.1583455531287107,False,0.0502046875211319,0.0002139068831616,9.03166598711531e-05,8.649760077712876e-05,2.472980536336804,0.5777758128386553,0.0178538391919716,0.404370347969373,-0.5518668561792923,0.7971517645032825,-0.2449327201500202,22261.25868225544,True,body,high
-0.0093443384126103,0.0017610800214887,-0.005502617115492,0.0003505505469019,0.0003498758228436,0.1203091996390268,0.1203091996390268,0.1203091996390268,False,0.3630457814449521,0.0001969006720085,8.523376579507822e-05,9.295998722350916e-05,2.3101252205842275,0.5278838498862072,0.0392391826275448,0.432876967486248,-0.182477510624019,-0.4867745340260245,-0.8542555303538909,5710.119006692923,True,body,high
-0.0087358875771288,0.0018325924463638,-0.0052861424733598,0.0003528174527527,0.0002961542995401,0.1777933484720504,0.1777933484720504,0.1777933484720504,False,0.0251657600465466,7.28859504942095e-05,0.0001805286991906,9.448834651900046e-05,2.4768655408429257,0.4766020752235452,0.1196618383760276,0.4037360864004271,0.2453492249995695,-0.7913801270195155,-0.5599296851843866,9815.10243981436,True,body,high
-0.009145417163407,0.0016809616828454,-0.0054041506564185,0.0001577061073255,0.0001483331260813,0.1248242723570187,0.1248242723570187,0.1248242723570187,False,0.526225148828752,0.0002321670433823,0.0001005530691094,0.0001021448293002,2.3089006177390656,0.5600373428885689,0.0068560988139043,0.4331065582975266,-0.1204159436708912,-0.3055103559697258,-0.9445440290982206,9887.137156488723,True,body,high
-0.0089945107809559,0.0016695091699877,-0.0052318388117881,0.0001194374794363,0.0001077027294237,0.127102994557434,0.127102994557434,0.127102994557434,False,0.6348114849840115,0.0002298287235118,9.156177126175116e-05,0.0001052808730494,2.5100947736678263,0.5419159474903424,0.0596927206402359,0.3983913318694217,-0.2647984893953296,-0.457792698059515,-0.8487093764165337,10243.804181271162,True,body,high
-0.0094526310429909,0.000889360183656,-0.0047322842132272,0.0010800285035418,0.0003550901163418,0.3122841804220001,0.3122841804220001,0.3122841804220001,False,0.1218410239394542,8.588276709605412e-05,4.820137184815251e-05,3.2388997426808365e-05,2.6516031343708395,0.4387538562393721,0.1841158005966326,0.3771303431639952,-0.4296681624091519,-0.8853718318403825,-0.1774879984549615,13022.759033122278,True,wing_R,high
-0.0101227716514958,0.0005091677789331,-0.005200810018791,0.0016193829977005,0.0006380656076535,0.3051888403607234,0.3051888403607234,0.3051888403607234,False,0.2342657573768875,6.172350052210253e-05,6.993481910281816e-05,2.511076041151209e-05,2.78505381584368,0.1174138817552863,0.523526629228316,0.3590594890163975,-0.509078320751683,-0.8603274757115574,-0.0259980360109326,10606.582026750277,True,wing_R,high
-0.0103934649524186,0.0004276580021138,-0.0051390789929938,0.0018662209261421,0.0008500838181078,0.3410394203256796,0.3410394203256796,0.3410394203256796,False,0.2759215191917349,6.39219419615147e-05,2.9253570906245177e-05,2.79266267487383e-05,2.288924564238774,0.542354784467315,0.0207588210994244,0.4368863944332605,0.5823191786716144,-0.2861363741410437,-0.760940437580125,6614.080663812936,True,wing_R,high
-0.0089891175220169,0.0017031144335773,-0.0054565952367237,0.0002044893635743,0.0002027517153734,0.1201942244139269,0.1201942244139269,0.1201942244139269,False,0.9436543523734944,5.891045763589228e-05,5.4947620210231386e-05,9.821050586964856e-05,1.787347759446032,0.4001613461386493,0.0403504430668612,0.5594882107944895,-0.2651243680289295,-0.3815308763663281,-0.8855186389096518,19031.952522692,True,body,high
-0.0086983791105171,0.0017762513217921,-0.0053147810352465,0.0003820728170158,0.000348312018577,0.2099649566320475,0.2099649566320475,0.2099649566320475,False,0.0042992573139298,5.75920258301024e-05,0.0001521777887349,6.905923821885868e-05,2.6423413057891203,0.5461937067626969,0.0753540479466988,0.3784522452906044,0.486801858858457,-0.7034431103408755,-0.5178723208725349,11715.239374598928,True,body,high
-0.009076632130383,0.0017343623642504,-0.0055817275818842,0.0003054179744616,0.0003007135812972,0.1348504549945917,0.1348504549945917,0.1348504549945917,False,0.1315584966859839,0.0001178853169643,0.0001125754927266,6.961607843128644e-05,1.6933633669232018,0.0450422866428807,0.3644170063044005,0.5905407070527188,-0.0127731037198748,0.999169793721065,0.0386855417018554,12712.852617030909,True,body,high
-0.0094165911957749,0.0035443789597939,-0.0055970500240012,0.0018605608293773,0.0008983897814141,0.3454627381733336,0.3454627381733336,0.3454627381733336,False,0.1332809369041774,7.003520041674608e-05,2.768122378526308e-05,3.408406131983822e-05,2.530061566643285,0.5133295668889327,0.0914231343163852,0.395247298794682,0.7584124262185284,-0.591991029691119,-0.2726851894081766,6280.087582659055,True,wing_L,high
-0.0093100679722285,0.0019912147479711,-0.0050499350805589,0.0004086669958895,0.0003932511402864,0.2172343905044801,0.2172343905044801,0.2172343905044801,False,0.2639155460474304,4.545987059516132e-05,3.1955043040225194e-05,8.214670087364286e-05,2.570695985927358,0.446601383723405,0.1643989035628965,0.3889997127136984,-0.7408334779921896,0.6715475892354092,0.0137692874944954,5588.520180048371,True,body,high
-0.0089691684454601,0.0016700921242263,-0.0053604520907719,0.000155163684776,0.0001542092480203,0.1382168515678153,0.1382168515678153,0.1382168515678153,False,0.3431401152051079,8.274346778217877e-05,0.000202948032331,0.0001330263948435,2.452737814485423,0.3445297630350187,0.2477625749009066,0.4077076620640746,0.4099458515301276,-0.8731534226813122,-0.2637185986485372,17756.733450920397,True,body,high
-0.0089232012030573,0.0016139902626696,-0.0054937323868569,0.0002960365937106,0.0002947166944379,0.1296068919866498,0.1296068919866498,0.1296068919866498,False,0.8453155524549872,0.0001098482459664,0.0001052093597375,8.312215431454906e-05,1.321527899177623,0.0422299526776213,0.2010701693839011,0.7566998779384776,-0.1005318907953193,0.9893573350145533,-0.1051922173262811,17495.959282694523,True,body,high
-0.0086579692663271,0.0016201186176169,-0.0053593066968747,0.0004446640632267,0.0004433759172184,0.1342545275409516,0.1342545275409516,0.1342545275409516,False,0.2186346117369654,0.0002187313744305,8.865132544249007e-05,9.52394182941794e-05,2.467322099684319,0.5645827282797342,0.030119560437274,0.4052977112829917,-0.1544627638010195,-0.3907670360264006,-0.9074372585220928,16495.852291089584,True,body,high
-0.0089163581005794,0.0017157664480312,-0.0053122193177981,0.0001669709371427,0.0001638709561909,0.1720638562442507,0.1720638562442507,0.1720638562442507,False,0.012871494403073,0.0001622250842585,7.033761215707228e-05,7.329308815372074e-05,2.3063774740636926,0.5482012631478697,0.0182183662295962,0.4335803706225341,-0.2541811921874848,-0.5730413012925701,-0.7791120513450345,17092.599922457088,True,body,high
-0.0092048573779817,0.0017458618933962,-0.0054896385506309,0.0002485577854308,0.0002485019459168,0.1159288419698066,0.1159288419698066,0.1159288419698066,False,0.4938936238250798,6.840748698330063e-05,0.0001742499570763,0.0001038647513377,2.5472351749873403,0.4039324136406668,0.2034850679411153,0.3925825184182179,0.4677634269722811,-0.8648338935751579,-0.1823724565573973,7553.259472895705,True,body,high
-0.0088879625254047,0.0016617502252656,-0.0053782231325375,0.0002297674563675,0.0002297302977175,0.1398810162254693,0.1398810162254693,0.1398810162254693,False,0.1977369985327242,7.72245314350807e-05,8.761332568023879e-05,8.564818683235485e-05,1.1345271256697942,0.0224296798760508,0.0961458240726741,0.881424496051275,-0.5094707899711275,0.0386184354235075,-0.8596209226232432,23872.99272098621,True,body,high
-0.0093599835922694,0.0017033905294717,-0.0052868445088376,0.0002858850487175,0.0002577289738102,0.1609847036598136,0.1609847036598136,0.1609847036598136,False,0.0394289551872487,7.376022925995768e-05,0.0001740026940689,6.986029378400411e-05,2.490723766592996,0.5760971997898292,0.0224130752504748,0.4014897249596959,-0.3289016006431253,0.9030350335049084,0.27631768918616,4656.653332159776,True,body,high
-0.0089373112444899,0.0016906574910115,-0.0054976204984604,0.0002669053195326,0.0002639556421378,0.1255775130902777,0.1255775130902777,0.1255775130902777,False,0.1245551208027648,0.0002052122880721,8.81983138418479e-05,8.75334839051241e-05,2.344386158496591,0.5702093930611238,0.0032397179670352,0.4265508889718409,-0.543931265549265,0.8223282518870592,-0.1670778995150121,20608.40628206812,True,body,high
-0.00885178802139,0.0016691948184168,-0.005377024615165,0.0002576492971648,0.0002566959807342,0.1437777986572117,0.1437777986572117,0.1437777986572117,False,0.0380301728631868,0.0001943855177266,7.901666350068928e-05,6.795907864322407e-05,2.8603318586345643,0.5935053988342989,0.0568848183073688,0.3496097828583323,-0.6296470352957884,0.7350125107619108,-0.2515973369626489,34157.25873862545,True,body,high
-0.0096564164921215,0.0007790607377197,-0.00503009766934,0.0011516000094638,0.0002408017723118,0.2688752488757941,0.2688752488757941,0.2688752488757941,False,0.2740753543974781,8.584870171114794e-05,4.760601879609965e-05,3.2853650304034274e-05,2.613064329737695,0.4454660600893194,0.1718414862195836,0.3826924536910969,-0.2884891064372754,-0.9134569818495648,-0.2870024002988578,8420.969693420691,True,wing_R,high
-0.0098786602765663,0.0005875175929941,-0.0052920993954526,0.0014066752197056,0.0004842470244947,0.2564445236795982,0.2564445236795982,0.2564445236795982,False,0.1685744480805241,7.482510166243791e-05,3.012093130267699e-05,4.479133212506248e-05,2.484156313446652,0.4013862844165347,0.1960625578374591,0.4025511577460061,0.2867889560386715,0.943504648478834,0.1659851589542891,7513.292018451622,True,wing_R,high
-0.0090100958062059,0.0014106012967771,-0.0050376981185948,0.0004149960303731,0.0002436760378151,0.2097932840599109,0.2097932840599109,0.2097932840599109,False,0.3017459927286441,9.09434590458692e-05,3.57703778926795e-05,5.4442494050018125e-05,2.5424237708285724,0.4013588814280868,0.2053156582478455,0.3933254603240676,-0.6159202085873545,-0.7458276562215063,-0.2537388497428895,4092.941453687352,True,body,high
-0.0094152943603674,0.0035136566622865,-0.0052177172476959,0.0018032606154665,0.0009629261485553,0.4676379861920159,0.4676379861920159,0.4676379861920159,False,0.1323802068988399,2.828469180446061e-05,7.286454472476375e-05,4.415818016795059e-05,2.5761123800992847,0.3939689003101258,0.2178492766742728,0.3881818230156013,-0.558935517646922,0.7672371269477349,0.3145445566938855,6479.157235654614,True,wing_L,high
-0.0078631280995568,0.0015055081048374,-0.0045759412969157,0.0014216201270893,0.0014214973024443,0.2188320215315813,0.2188320215315813,0.2188320215315813,False,0.1058630410221955,5.477418143730609e-05,0.0001296707611009,7.180819104521327e-05,2.3673701312972253,0.4462268098409703,0.1313635353358358,0.4224096548231938,0.3166434920179761,-0.7028674285009286,-0.636957044795922,4447.364713191506,True,body,high
-0.0089630601793295,0.0017094261670416,-0.0054862267128328,0.0002411764702603,0.0002366296009497,0.1439099915820048,0.1439099915820048,0.1439099915820048,False,0.2835572995325394,9.577224344125544e-05,0.0001048577210397,7.066147586010332e-05,1.4839446779654246,0.0866457663625952,0.2394746646422459,0.6738795689951588,-0.0939258699647418,0.9936835379745902,0.0614081208771868,22083.47145071004,True,body,high
-0.0094338151516601,0.003567461181035,-0.0056152659927104,0.0018892765071615,0.0009220800585241,0.3590253085402811,0.3590253085402811,0.3590253085402811,False,0.2394539950426495,7.814593332540519e-05,2.9575321867539783e-05,2.961720805401639e-05,2.6422682287415373,0.6210012883115972,0.0005359995676574,0.3784627121207453,0.7547537261165003,-0.5725964807169093,-0.3201251055194958,6506.755190277911,True,wing_L,high
-0.0088021801473236,0.0016565511576699,-0.0053625309363661,0.000300879403029,0.0002999954805335,0.1349902815479598,0.1349902815479598,0.1349902815479598,False,0.1513046963037252,0.0002081614269945,7.274449716674756e-05,7.58855155802348e-05,2.8615419049146165,0.6354487155672374,0.0150893393595388,0.3494619450732238,-0.2331635038437574,-0.4863284577269744,-0.842092282164018,27633.78499892104,True,body,high
-0.0092325329592311,0.0017969910855737,-0.0052946341451136,0.0001654274844209,0.0001653614052946,0.1608093319725085,0.1608093319725085,0.1608093319725085,False,0.0393324212484507,0.0001903268525717,0.0001036634230894,7.271668328742396e-05,2.617375325267086,0.45534000227105,0.1625978645887759,0.3820621331401741,-0.4557279717960698,0.8416018580018434,-0.2898591525732559,5599.337790907968,True,body,high
-0.0087914531806954,0.0016496117511405,-0.0053348431479352,0.0003062581572774,0.0003059201701134,0.1675484808713815,0.1675484808713815,0.1675484808713815,False,0.829130462726251,0.0001853054709607,7.978691637070367e-05,7.303304171365589e-05,2.537282668402056,0.5694303251974339,0.0364472490856925,0.3941224257168735,-0.571645728001143,0.7702861120003145,-0.2826313275585024,19817.71968205779,True,body,high
-0.0086497515923498,0.0016098871346598,-0.0053414028613941,0.0004523961746033,0.0004517961219904,0.1256234830033259,0.1256234830033259,0.1256234830033259,False,0.2334090553578242,0.0002267635959451,9.932000397519472e-05,9.410942518101594e-05,2.409573701135185,0.5620108088282865,0.0229780215491012,0.4150111696226122,-0.5644104710595892,0.8091321273935729,-0.1635421064369757,18431.97404582348,True,body,high
-0.0086279442111352,0.0017888817385386,-0.005340518293794,0.0004559790625978,0.0004116886240972,0.1005083741953365,0.1005083741953365,0.1005083741953365,False,0.3805133486136242,0.0002549548542578,0.0001010030046372,0.0001178433340035,2.5242303946659144,0.5377874473241938,0.0660522013413347,0.3961603513344713,-0.2084845176418906,-0.3722448023401108,-0.9044158407692784,8207.69719348325,True,body,high
-0.0095064883614994,0.0008594206152264,-0.0047090495824506,0.0011347566296973,0.000379697633057,0.2991358436972814,0.2991358436972814,0.2991358436972814,False,0.1192966752698661,7.523941179602336e-05,3.634064479720891e-05,2.978503439663164e-05,2.526081077970221,0.5169998817145242,0.0871300059914045,0.3958701122940712,-0.4376546645468394,-0.8772459771594575,-0.1972254804986974,21033.018179382827,True,wing_R,high
-0.0089760942948342,0.0015605402180028,-0.0056217643479227,0.0004035773615043,0.0003977612579106,0.1152846242490582,0.1152846242490582,0.1152846242490582,False,0.6898871138217736,7.286412779168732e-05,0.0001718422958917,0.0001129522588087,2.358393644442565,0.3426981511009469,0.2332844240062879,0.4240174248927651,0.4813713916539743,-0.8343914016203151,-0.2684633535497948,9948.149212331242,True,body,high
-0.0088231992221655,0.0016727048835729,-0.0053769902764973,0.0002820778455608,0.000279977327414,0.1197037889992276,0.1197037889992276,0.1197037889992276,False,0.5349758715794262,0.0001930472495401,8.83853256162014e-05,8.375292042858213e-05,2.304961409730818,0.542157032401414,0.0239962247514752,0.4338467428471107,-0.7199195479133816,0.6934070246223643,-0.0300423490518308,33865.85495410187,True,body,high
-0.0089832717107155,0.0015459905868838,-0.0056104538775025,0.0003991548061833,0.0003897132542307,0.1288188459424874,0.1288188459424874,0.1288188459424874,False,0.4860896079824678,6.423555918287138e-05,0.0001512875749772,0.000107812643686,2.3551997818929,0.2873661719925623,0.288041397383022,0.4245924306244156,0.4874787692752864,-0.8035009521697011,-0.3416879707689984,9763.499235438674,True,body,high
-0.0089975892768514,0.0017236103387169,-0.0053991747676871,0.0001475643197254,0.0001441905531195,0.1238530864836974,0.1238530864836974,0.1238530864836974,False,0.7287249620338343,4.862433339012173e-05,0.0001040541648754,9.268755589576655e-05,2.1399607484719927,0.1092374245020625,0.423464284763383,0.4672982907345544,0.3463744259679372,-0.8517701448230025,-0.3930806245842999,15694.133743484736,True,body,high
-0.0087801064220787,0.0017667207772478,-0.0053039762968915,0.0002991786053218,0.0002738942444991,0.1625348010569999,0.1625348010569999,0.1625348010569999,False,0.0074459901124464,8.317829746267811e-05,0.0001576870688432,5.872484643644528e-05,2.685184864875649,0.4725103455037188,0.1550758169684467,0.3724138375278344,-0.2669130775131249,0.9329733232541448,0.2414915881528581,12829.825099238153,True,body,high
-0.0088355830036716,0.0017102616583604,-0.0055293490630376,0.0003512654145077,0.0003378727170777,0.1395645401086471,0.1395645401086471,0.1395645401086471,False,0.2150620477934544,0.0001926792083071,7.469527009632239e-05,7.43415028622892e-05,2.59181212228157,0.612333521854285,0.0018360425971302,0.3858304355485847,-0.5666449885971531,0.7905648572660708,-0.2322082327429606,14528.7296513959,True,body,high
-0.0095224082240839,0.0007763478401504,-0.0052573743699537,0.0010647963296577,0.0002249500700026,0.354720026094821,0.354720026094821,0.354720026094821,False,0.1062522645701766,8.663505662868984e-05,5.69954762974189e-05,3.450175503810307e-05,2.5110333237544515,0.3421199394871241,0.2596376355557995,0.3982424249570763,-0.4242475947318528,-0.879635214181806,-0.2150717748463662,17893.07019962506,True,wing_R,high
-0.0093753511412409,0.000929901652189,-0.0048302553297747,0.0009745585801967,0.0002631410107528,0.3092920838613459,0.3092920838613459,0.3092920838613459,False,0.0974258235361465,5.842832634004791e-05,6.333347045703352e-05,2.763896508139885e-05,2.2914559308031843,0.077449476265687,0.4861467567853726,0.4364037669489404,-0.4949450628478433,-0.8331764255186396,-0.2466706888191783,8293.072446347032,True,wing_R,high
-0.0090313460077881,0.0030514939619964,-0.0053739149572428,0.0013125505843061,0.0004072751266998,0.3947729522185949,0.3947729522185949,0.3947729522185949,False,0.1371137295088717,7.707252642142136e-05,3.065391234954626e-05,3.251554731309589e-05,2.514280250513021,0.5781175365226046,0.0241543264505237,0.3977281370268716,0.7229587954768972,-0.6848302153956274,-0.091313504607873,6886.538190321837,True,wing_L,high
-0.0088880233023732,0.0017651109470066,-0.0056712649845186,0.0004382999564767,0.0004083832870409,0.16560950558503,0.16560950558503,0.16560950558503,False,0.6591941139138751,0.0002527750797943,9.841288101017804e-05,0.0001037835595088,2.5685162064116347,0.5894232944428612,0.0212468669897357,0.3893298385674029,-0.3573529994402299,-0.4557231336722291,-0.8152393876813326,9472.6482961824,True,body,high
-0.008927337593058,0.0016876040685634,-0.0053786790413807,0.0001897107851772,0.0001890464180012,0.1749222297915649,0.1749222297915649,0.1749222297915649,False,0.0152243245808406,0.0001816129700238,9.367174936207584e-05,8.544968860991387e-05,2.125378956650756,0.4842232393987946,0.0452724315398911,0.4705043290613143,-0.6076307537013587,0.7821738110466864,-0.1378005677383855,22379.61650861914,True,body,high
-0.0088364949370693,0.0016566663866929,-0.0053805220114736,0.0002761153808083,0.0002756501788685,0.153968659176421,0.153968659176421,0.153968659176421,False,0.0973007335455653,0.0002195593003237,9.996480337046338e-05,7.905608460394972e-05,2.777259984778314,0.5447024871046742,0.0952303944113421,0.3600671184839837,-0.4998551447212304,0.8106031763929294,-0.3050693768922268,34668.2868966966,True,body,high
-0.0090758665789248,0.0017193896598122,-0.0054790712668304,0.0002040459997595,0.0002031566344301,0.1049566610703776,0.1049566610703776,0.1049566610703776,False,0.1596642987951258,0.0001084940044033,0.0001892968587434,7.10359967635714e-05,2.664801894362184,0.4268578722142341,0.1978797106748878,0.375262417110878,-0.3631918451662994,0.9112640534832548,0.1941378593524876,17312.156658745997,True,body,high
-0.0082853263669503,0.0016059156844659,-0.0050766098986082,0.0008280878345308,0.0008241687275174,0.0796349398660695,0.0796349398660695,0.0796349398660695,False,0.891541839512745,0.0002575726380396,9.060903574505198e-05,0.000110180468139,2.842681592644201,0.5722353547426862,0.0759841283722617,0.351780516885052,-0.2267766972603925,-0.4912302676303464,-0.8409905788672585,8709.059438046175,True,body,high
-0.0088370191465242,0.0016692182762773,-0.0053880819861338,0.0002749537710164,0.0002734170890152,0.1068536009570874,0.1068536009570874,0.1068536009570874,False,0.9030113855605348,0.0001990410737753,8.03068571559862e-05,0.0001031840696543,2.478506578693883,0.4815940866011505,0.1149371436984367,0.4034687697004127,-0.3331352225452439,-0.5289287574237964,-0.7805480722350482,37475.04371049334,True,body,high
-0.008630373222999,0.0016223513596876,-0.0053237830886501,0.0004652414292139,0.000463737345818,0.0883317613970545,0.0883317613970545,0.0883317613970545,False,0.7162642428560844,0.0002334435466498,8.7313128226946e-05,8.850155471452883e-05,2.673636272005693,0.620886694086787,0.0050908517482618,0.374022454164951,-0.1703333385470776,-0.3346599474789691,-0.9268167420438522,19147.448273137816,True,body,high
-0.0092275890591007,0.0018854044566427,-0.0059742574564452,0.0007278511132677,0.0006920668665897,0.1497240926622032,0.1497240926622032,0.1497240926622032,False,0.5615080557949,5.273457362997628e-05,0.0001252973510348,9.2752282704478e-05,2.37600007755898,0.2597426686325546,0.3193819242305208,0.4208754071369245,0.2713899868997355,-0.7377956342392901,-0.6180655928847723,5372.709758412404,True,body,high
-0.0088529422171243,0.0016822791614051,-0.005397855583112,0.0002621429972173,0.000259355721315,0.138092998466311,0.138092998466311,0.138092998466311,False,0.0501116701855132,5.3584079894924485e-05,0.0001344458457731,9.457881630059418e-05,2.509063252309937,0.2965285334279111,0.3049163488087711,0.3985551177633177,0.4105053279137344,-0.8534086984556879,-0.3212148333352715,30616.480901549738,True,body,high
-0.0098389141518278,0.0007690090273321,-0.0046205030386381,0.0013999979270617,0.0005774381857871,0.2956836276521494,0.2956836276521494,0.2956836276521494,False,0.1709345519058048,8.112078069510391e-05,4.0601432648661485e-05,3.08364931207931e-05,2.630674648292092,0.4994940593426512,0.1203753149833499,0.3801306256739989,-0.3423669115451554,-0.9346447473421282,-0.0960421477519173,9525.957685068992,True,wing_R,high
-0.0096538554874442,0.0007837324263937,-0.0050556378619615,0.0011411847842516,0.0002391239601899,0.2462191941326828,0.2462191941326828,0.2462191941326828,False,0.3258797206540605,7.44570137725239e-05,7.804151801637691e-05,3.3693588665792426e-05,2.316212701189913,0.0459307344982808,0.5223299872021624,0.4317392782995568,-0.2273175580675171,-0.925400995439742,-0.3032486198375121,8606.677023511766,True,wing_R,high
-0.0094113090210105,0.0035080623904948,-0.0052168519085226,0.0017970519754723,0.0009578128730267,0.4363639073763179,0.4363639073763179,0.4363639073763179,False,0.1225042199649036,6.889596695412863e-05,2.9604754552732447e-05,2.912182543343996e-05,2.365784628150984,0.5702977131819127,0.0070095412060044,0.4226927456120828,-0.3890805153271968,-0.3798871245347799,-0.8392270998993181,6585.5850231270815,True,wing_L,high
-0.0089690891317702,0.0016161275548059,-0.0055586996316349,0.0003279100408404,0.000326778133473,0.1447539951501702,0.1447539951501702,0.1447539951501702,False,0.619853707239077,0.0001418493544461,0.000150266008948,7.158808670581818e-05,2.099036527760763,0.0560116992578631,0.4675792498397246,0.4764090509024122,0.1935589354630758,0.9810838710625832,0.0030620978522928,13911.787868120704,True,body,high
-0.0090505543730738,0.0030785767459826,-0.0053125564046551,0.0013359612973065,0.0004594096487496,0.4124063315718013,0.4124063315718013,0.4124063315718013,False,0.2028183544776489,7.073550667553202e-05,2.856024699617068e-05,4.321913451340963e-05,2.4767120076033007,0.3890036765883594,0.2072352091076429,0.4037611143039977,0.7603316341823133,-0.6492690562387375,0.0185875945864954,7485.400157659203,True,wing_L,high
-0.0088965246892517,0.0014868642742205,-0.0057464003549722,0.0005650318472334,0.0005583682971027,0.3679863898146536,0.3679863898146536,0.3679863898146536,False,0.5536894124913422,6.236120977395657e-05,5.980039650760711e-05,2.255254405625685e-05,2.765151887893349,0.0410642012179006,0.5972920119151663,0.361643786866933,-0.6566217752271948,-0.7010698392393293,-0.2781167467205607,6452.141762792037,True,body,high
-0.008996810606718,0.0016684165457599,-0.0055321332287123,0.0002782830006988,0.0002781888487327,0.132418454912923,0.132418454912923,0.132418454912923,False,0.1827165077263867,5.733353100597208e-05,0.0001388427216528,0.000129902218498,2.4216670282946366,0.0643930272211872,0.5226682870238969,0.4129386857549159,0.4316042238417994,-0.8760206787783074,-0.2151872773067955,17661.289388971378,True,body,high
-0.0083319230887588,0.0016045737990041,-0.0051523408511616,0.0007680830269386,0.0007639166504639,0.1035129636767642,0.1035129636767642,0.1035129636767642,False,0.8047130695726714,0.0002498408826912,9.411615665237876e-05,0.0001291643604448,2.6546014157174715,0.4830135122262602,0.140282100411042,0.3767043873626976,-0.2671450911501999,-0.4222171680636428,-0.8662367824484646,9350.20947636808,True,body,high
-0.0088967628264705,0.001704711282319,-0.0054442637419791,0.0002493575447934,0.0002433152461929,0.1715742615375442,0.1715742615375442,0.1715742615375442,False,0.0199993618815661,7.32510916510106e-05,6.535143138477319e-05,7.614555152704173e-05,1.16517037061844,0.0380121992419111,0.1037442123382872,0.8582435884198015,-0.7980443587072759,0.2792176713146309,0.5340062673425541,25596.66669368725,True,body,high
-0.0089717588224577,0.0016717904492407,-0.0053739811619383,0.0001604165999455,0.0001598313754593,0.1956646481872287,0.1956646481872287,0.1956646481872287,False,0.9237365341088308,4.314447269544764e-05,0.0001070190466863,9.410175189093932e-05,2.4804810442769054,0.1207008957320954,0.4761514961427581,0.4031476081251465,0.3943974154385428,-0.7509738892312561,-0.5296120243992566,19100.55521021487,True,body,high
-0.0088052126992623,0.0016890190435302,-0.005404251094958,0.000305304239684,0.0002992214908738,0.1477827297651521,0.1477827297651521,0.1477827297651521,False,0.0398088092786821,0.0001850377553953,7.464335785753696e-05,7.869216978002198e-05,2.4789580842347303,0.5747237118614973,0.0218810043054942,0.4033952838330085,-0.3176836974608359,-0.4503624478087722,-0.8344164032252139,21164.30676977853,True,body,high
-0.008669267411989,0.0018245295802094,-0.005457752123043,0.0004536371564423,0.000385069957968,0.078469516818084,0.078469516818084,0.078469516818084,False,0.6553314929748834,0.0001973627744731,8.736726939306899e-05,8.641770436582452e-05,2.2838233892169657,0.557326503813546,0.0048112671185307,0.4378622290679232,-0.6148012318165018,0.777319425987125,-0.1333939853964896,6644.9128334508405,True,body,high
-0.0088384743041515,0.0016540754681382,-0.0053655764531943,0.0002699248849421,0.0002697403099586,0.1154271410680033,0.1154271410680033,0.1154271410680033,False,0.6467384735162511,6.119943393180118e-05,0.0001557471407451,7.350104880184191e-05,2.5449114597815714,0.5280744901629036,0.0789845310237,0.3929409788133963,0.550274853639021,-0.794710814474163,-0.2561880301855779,29743.509856168403,True,body,high
-0.0090262735080108,0.0016767862220146,-0.0054593422206547,0.000201167771194,0.0002009696315457,0.154728356547065,0.154728356547065,0.154728356547065,False,0.0825484355508496,0.000206864889563,8.906834667000395e-05,7.066484534217175e-05,2.927408792326644,0.5694371004275922,0.0889638708951656,0.3415990286772422,-0.5236033253910961,0.8409973884218287,-0.136245918496848,17495.07396937304,True,body,high
-0.0086274240312484,0.0016203151892829,-0.0053522921291651,0.0004723369861571,0.0004704508530053,0.1078912363901622,0.1078912363901622,0.1078912363901622,False,0.3743488665229991,0.000205587700994,8.191787217406123e-05,8.312683146248982e-05,2.5096806781939645,0.5956624298993739,0.0058805039532196,0.3984570661474063,-0.1489837947067784,-0.3062753857272218,-0.9402123254948376,15456.295121723138,True,body,high
-0.0084710823671028,0.0015445714389702,-0.0052835798595431,0.0006378295226796,0.0006377904629799,0.0623320932673254,0.0623320932673254,0.0623320932673254,False,0.1955207021566243,0.0001978688865935,7.802618772687967e-05,8.90578144606293e-05,2.5359291842653686,0.5499150169902117,0.0557522050266013,0.3943327779831869,-0.1450117453631151,-0.4346737982537116,-0.8888364769846218,17330.98126509057,True,body,high
-0.0089908034688518,0.00173819450906,-0.0055311548016095,0.0002689829780407,0.0002586983127575,0.1240625572871918,0.1240625572871918,0.1240625572871918,False,0.6263751718918261,4.636519619129877e-05,0.0001080412448113,9.764078682163333e-05,2.3302229621878325,0.0962637741525386,0.4745927420577789,0.4291434837896825,0.3636604473377671,-0.8380090080538023,-0.4068070568006134,20751.97939701557,True,body,high
-0.0096274397400949,0.0008177457708127,-0.0050482058545629,0.0011007919742561,0.0002252190678952,0.2283616147719475,0.2283616147719475,0.2283616147719475,False,0.4577652080409137,0.0001015884179041,6.916924612084034e-05,3.648604434014447e-05,2.784308897863544,0.3191227154838556,0.3217217322111109,0.3591555523050334,-0.2612562042803033,-0.9183922607691264,-0.2971545912221818,7452.664325595418,True,wing_R,high
-0.0103933963921266,0.0004254007971172,-0.005142740390224,0.0018674989465067,0.0008502823815881,0.3342750501870216,0.3342750501870216,0.3342750501870216,False,0.2831445457395545,6.609567225533447e-05,2.611048666112269e-05,2.6653186983777085e-05,2.531384156609684,0.5967483789133267,0.0082108299096782,0.3950407911769951,0.6529722212698709,-0.086396842299657,-0.7524379468703973,6537.589626567596,True,wing_R,high
-0.0098576106722051,0.0007582089689474,-0.0046008064951293,0.0014269620514744,0.0005988407057766,0.2651773106985167,0.2651773106985167,0.2651773106985167,False,0.1791577026462577,7.123972720707859e-05,2.8825865806281025e-05,4.122520100322965e-05,2.471382045758216,0.4213172534561111,0.1740508517235954,0.4046318948202935,0.3798642250967211,0.9236860136180836,0.0500731338943455,9050.530103180836,True,wing_R,high
-0.0089803411150055,0.0016096645898771,-0.0054765189735526,0.0002593626266577,0.0002538200568302,0.2270104961425049,0.2270104961425049,0.2270104961425049,False,0.113349550554236,0.0001099785916163,5.2500434313024417e-05,8.172006963973927e-05,2.094812986891755,0.2569456615266635,0.2656847564354757,0.4773695820378608,0.4902005872926475,-0.8715770794821642,-0.0075351668384853,14129.29814890733,True,body,high
-0.008600625231856,0.0011213535469165,-0.0048778222414202,0.0008791055255655,0.0007173718843883,0.270087785199698,0.270087785199698,0.270087785199698,False,0.2809168861303789,0.0001279423736384,8.523766757654204e-05,5.114247808907909e-05,2.5016850653106406,0.3337807862043446,0.2664886426432759,0.3997305711523794,-0.3687025694080546,0.9294760992427956,-0.0115150444330738,2945.1146347240765,False,body,high
-0.0104030975374542,0.0004232314360059,-0.0051289163927519,0.0018769113782727,0.0008556131710193,0.2484992278375669,0.2484992278375669,0.2484992278375669,False,0.1145004702555318,6.571823640034054e-05,2.765317600334846e-05,4.192211245716386e-05,2.376516765827653,0.3620931608422373,0.2171229362713309,0.4207839028864317,0.5896485947462154,0.7903241271954842,0.1664401054028436,6589.125242476887,True,wing_R,high
-0.0085995247415078,0.0015547195617801,-0.0052928226914763,0.0005137442421383,0.0005132753369083,0.1305777415767739,0.1305777415767739,0.1305777415767739,False,0.5689955473275613,5.21706729425407e-05,0.0001218193442222,9.284733254795842e-05,2.335015773257013,0.2378276771991655,0.3339096911505381,0.4282626316502963,0.1838021128261961,-0.6759229120202254,-0.7136841040171238,17273.721160745878,True,body,high
-0.0089466355118537,0.0016364949873014,-0.00538686477402,0.0002015821788254,0.000198348958186,0.1369939577214397,0.1369939577214397,0.1369939577214397,False,0.8324326093448906,0.000127296109824,0.0001401454940498,6.746675286477236e-05,2.077252692607208,0.091686031812072,0.4269088875451503,0.4814050806427776,0.0919338902609797,0.983066947074354,0.158516678590587,18532.349725476422,True,body,high
-0.0092083181702877,0.0032469303979559,-0.005555474294053,0.0015348545971838,0.0006058204265417,0.3483161011010104,0.3483161011010104,0.3483161011010104,False,0.2013275794803457,7.152093884490592e-05,2.8213703533999293e-05,3.750659475246689e-05,2.534971658673548,0.47558581643062,0.1299324557053054,0.3944817278640745,0.767773212801563,-0.5992718300642335,-0.226710316033105,9139.877955657435,True,wing_L,high
-0.0089305592976629,0.0017340321219229,-0.0052784099699148,0.0001468495537463,0.000141928909634,0.1844949681661232,0.1844949681661232,0.1844949681661232,False,0.0163051775348496,0.0002185793589773,0.0001129718654898,8.76796931396755e-05,2.4929302458792995,0.483154008601702,0.1157116228563163,0.4011343685419817,-0.5814103917583482,0.7550524271972148,-0.3030804984471917,13987.267760117622,True,body,high
-0.0087435727164925,0.0017489912660091,-0.0052546189608193,0.0003342864523689,0.0003172283715139,0.1498274661170021,0.1498274661170021,0.1498274661170021,False,0.0388078581467713,0.0002206166304489,9.408398456853816e-05,0.0001039865094385,2.344890381297632,0.5286551642686915,0.0448856681830954,0.426459167548213,-0.3674582974823473,-0.4461162976645612,-0.8160604441886883,12586.690101516711,True,body,high
-0.0090363081528979,0.0017140383309766,-0.0055196435486741,0.0002483358412407,0.0002459052264918,0.1536813051844704,0.1536813051844704,0.1536813051844704,False,0.0532451947247262,4.693222916817097e-05,0.000131521737055,9.831691535498544e-05,2.802375667769504,0.2524664169100591,0.3906934879160021,0.3568400951739387,0.2425096271455629,-0.7593268256535864,-0.603830980146405,21253.689283637043,True,body,high
-0.0089569140318678,0.0016817927640058,-0.0054035610310077,0.0001854584531074,0.0001853542555158,0.1558379229560066,0.1558379229560066,0.1558379229560066,False,0.0612227632921037,0.0001952226395256,7.965356478782209e-05,6.888217042972129e-05,2.8341534290768657,0.5919860269210434,0.0551749243032106,0.352839048775746,-0.5889815320747027,0.7924229258015567,-0.1586400376293322,20782.98141894934,True,body,high
-0.0085550836588348,0.0015515596422039,-0.0053101488129087,0.0005571588304039,0.0005571091304597,0.1179217234526586,0.1179217234526586,0.1179217234526586,False,0.3116142569776784,0.0002055531966768,8.419401845693734e-05,7.313682383971827e-05,2.810529441738994,0.5904027773923823,0.0537923748984765,0.355804847709141,-0.5791264058577396,0.7936098460689247,-0.1865369085750987,16550.990103783945,True,body,high
-0.0084399003903362,0.0015868445860566,-0.0051065380035301,0.0006777821329891,0.0006774770579588,0.0807289027346641,0.0807289027346641,0.0807289027346641,False,0.6676684754783583,0.0001855265924819,8.089195540955242e-05,7.735285745638744e-05,2.398445236318784,0.5639872735902469,0.019075960517681,0.416936765892072,-0.5074871024929208,0.7992072676452026,-0.3220630126953869,9722.304385652633,True,body,high
-0.0084677733961274,0.0015822319106517,-0.005284832484287,0.0006303271254377,0.0006288386435041,0.0901153065896909,0.0901153065896909,0.0901153065896909,False,0.2664394941991798,8.823558353683243e-05,0.000202691068852,7.06724609635464e-05,2.868034678410196,0.5646794699117126,0.0866497111725556,0.3486708189157317,-0.3278379611367738,0.9368265202913252,0.1219768097489452,15263.48931202096,True,body,high
-0.0088367101903833,0.001668807521048,-0.0054155261859749,0.0002875586652601,0.0002855077269945,0.1430641048279355,0.1430641048279355,0.1430641048279355,False,0.0996726648438217,0.0001998417286165,7.771606295803084e-05,8.772920889592341e-05,2.5714340254794767,0.5610065550211498,0.0501053809292437,0.3888880640496064,-0.2923294809370617,-0.4333916828275428,-0.8524758787385008,26325.2798895972,True,body,high
-0.0089160358309369,0.0017093281128467,-0.0055134624018286,0.0002885796526545,0.0002807503002444,0.1049526929286515,0.1049526929286515,0.1049526929286515,False,0.1445689031256171,0.0001747067957879,6.821823152713168e-05,7.642651956009451e-05,2.5609986051667213,0.5625440944331204,0.0469832212075299,0.3904726843593497,-0.1930531381207063,-0.3196970979227629,-0.9276444639200464,19300.988591045058,True,body,high
-0.0088436572813647,0.0016923750600209,-0.0054515106994914,0.000296215921183,0.0002898178335264,0.1076333744346003,0.1076333744346003,0.1076333744346003,False,0.8904242133269307,0.0001543381169238,6.837546239618525e-05,6.517647328907934e-05,2.3680035008841243,0.5569761782830707,0.0207271487489049,0.4222966729680245,-0.5548119890612988,0.804805445614122,-0.2108835022084454,22108.494259277308,True,body,high
-0.0087046277284498,0.0016395333324632,-0.0054275928825178,0.0004151655772352,0.0004120233524982,0.0772726849194862,0.0772726849194862,0.0772726849194862,False,0.8383097538963254,0.0001801529090577,7.436348436181985e-05,6.581513878409455e-05,2.737256387907167,0.5872201856147775,0.0474504998139363,0.3653293145712862,-0.573737774096623,0.8007099802034876,-0.1723034943847148,11428.334448870286,True,body,high
-0.0101661707941431,0.0006107858527249,-0.0048579407273678,0.0016260268380622,0.0006802464865852,0.254260347500057,0.254260347500057,0.254260347500057,False,0.3629064173440535,9.817758960277228e-05,9.586915376745791e-05,4.151158172685088e-05,2.36506501363373,0.0235128591428485,0.5536657832050921,0.4228213576520593,-0.1004720098198352,-0.8807538309790497,-0.4627937601767014,5895.57423392679,True,wing_R,high
-0.0096365911172793,0.0007757760866647,-0.0050818226882195,0.0011345227720759,0.0002222847950832,0.2864308459255036,0.2864308459255036,0.2864308459255036,False,0.2431081346329546,7.171730500868234e-05,7.838739647173097e-05,3.2707157615560107e-05,2.396643492934982,0.0850913764619556,0.4976584138394053,0.4172502096986391,-0.2209135763178178,-0.9594721144081416,-0.1749584335539191,8241.577288091681,True,wing_R,high
-0.0092133505600209,0.0033372245759089,-0.0058623943278833,0.0017036091981134,0.0006972857770962,0.4757526531680535,0.4757526531680535,0.4757526531680535,False,0.1024720706548854,6.937867136227315e-05,3.1438631459789906e-05,2.8581145551034404e-05,2.4274279433058696,0.5468545182188995,0.0411868064442259,0.4119586753368746,-0.5952894583438285,-0.5367089478746988,-0.5979748874793531,14308.140155075744,True,wing_L,high
-0.0097349951435669,0.0007520872436015,-0.0050579778804474,0.0012096244189587,0.0003063479689326,0.2044482307830741,0.2044482307830741,0.2044482307830741,False,0.3088881567443231,7.173310598295842e-05,2.939205041418035e-05,5.356318335041472e-05,2.440561477410586,0.2532989807643394,0.3369592408556334,0.4097417783800271,0.239973720915034,0.9437062330382252,0.2276645756260653,7915.794157542255,True,wing_R,high
-0.0088803178332372,0.0017154522540489,-0.0054725993133642,0.0002792478023369,0.0002688749590543,0.3217560170232586,0.3217560170232586,0.3217560170232586,False,0.2876305960157079,7.434157375990494e-05,3.162244802965304e-05,8.041307635011573e-05,2.542911171036179,0.0755039213246322,0.5312460071077784,0.3932500715675894,-0.6048319849920724,-0.6773630036261336,-0.4187572462049252,25922.45529280461,True,body,high
-0.0090953322240445,0.0018504550350735,-0.0059646863366543,0.0006967635511931,0.0006568160783039,0.1781980652998004,0.1781980652998004,0.1781980652998004,False,0.4857093238489123,6.83001235741164e-05,0.0001428559964921,5.8603666155802606e-05,2.4376631337758248,0.5218952984035883,0.0678757466008758,0.4102289549955359,-0.4288192719047606,0.8441198699756831,0.3218317528698913,5447.251081872607,True,body,high
-0.0103135003911044,0.0005331810554537,-0.0049555081629995,0.0017596134584359,0.0007837624935175,0.1626720046014304,0.1626720046014304,0.1626720046014304,False,0.3159595954042337,7.177587499085733e-05,3.2208986801604515e-05,7.395399757285676e-05,2.2960671823794434,0.0294523981594588,0.5350202759529391,0.435527325887602,0.1689208747455096,0.8576760516941817,0.485651653374609,6199.295994157552,True,wing_R,high
-0.0088039588768984,0.0016343112518717,-0.0053601153383621,0.000305777175259,0.0003057741260955,0.1128343639897851,0.1128343639897851,0.1128343639897851,False,0.8034026847724483,3.649115968179527e-05,0.0001003094560655,9.274697552813078e-05,2.7488700534662267,0.0753915017988847,0.560822658728989,0.3637858394721263,0.1692368153109402,-0.6986206649050575,-0.6951892310091017,23069.221274352905,True,body,high
-0.0088817399612375,0.0017340981280885,-0.0053655794968877,0.0002149332124263,0.0002029862838374,0.1402173330509225,0.1402173330509225,0.1402173330509225,False,0.396431992156395,0.0001306685270154,0.0001556303640899,6.91338320205087e-05,2.2511462122306023,0.160391818270893,0.395390034295171,0.4442181474339359,0.0211781099939227,0.9979546623678012,0.0603156655890801,17690.729711098833,True,body,high
-0.0092196968362545,0.0033224321204773,-0.005219906022736,0.0015864979686579,0.0007291744589085,0.4073203508700361,0.4073203508700361,0.4073203508700361,False,0.1481275672321413,6.475461656048937e-05,2.624377160231436e-05,4.434297650213156e-05,2.467427987933673,0.3152152100119478,0.2795044718226406,0.4052803181654115,0.7496346345210333,-0.6509688619279572,-0.1195301448452956,15605.914811953302,True,wing_L,high
-0.0096376414499507,0.0008136548881074,-0.0046894721373123,0.0012341427226987,0.0004297669665524,0.2904577699545366,0.2904577699545366,0.2904577699545366,False,0.1319448795471991,7.751251150582266e-05,7.117372061272172e-05,3.258368389085152e-05,2.3788750150373805,0.0817776481494187,0.497855584500979,0.4203667673496022,-0.435264332225422,-0.8770982161554319,-0.2030854015169907,9370.176629053449,True,wing_R,high
-0.0089067322771305,0.0016802385592639,-0.0054577934504487,0.0002567061113111,0.0002547713971694,0.1550869016918487,0.1550869016918487,0.1550869016918487,False,0.057181092712711,0.0001960159725399,9.593354065586748e-05,9.330455570018158e-05,2.1008188835898607,0.5105830437550793,0.0134120955635424,0.4760048606813782,-0.5497207355979405,0.8154281351411491,-0.1813396516867929,23260.493090159704,True,body,high
-0.0085200203282959,0.0014431233279005,-0.005387855661388,0.0006425695350307,0.0006373960101351,0.1555073902015442,0.1555073902015442,0.1555073902015442,False,0.0602434526090238,5.719596364877085e-05,5.78496999619777e-05,6.404037628997766e-05,1.1196660079588308,0.096668331553336,0.0102081897558925,0.8931234786907715,-0.627734817649626,0.0945344347493979,-0.7726656711392075,6561.305802199369,True,body,high
-0.0084186969732551,0.0015278191704782,-0.0051681310417287,0.0007012026987163,0.0007010346003302,0.0793618779099972,0.0793618779099972,0.0793618779099972,False,0.8502562861110265,4.6093484266130784e-05,0.0001091077987552,0.0001151853700639,2.498951248704669,0.0527633961269073,0.5470687332440238,0.4001678706290688,0.1782337049182194,-0.7036269455256708,-0.687853086030251,13639.45611443438,True,body,high
-0.0089216460708455,0.0012076921711085,-0.005301826217994,0.0005583527983399,0.000339674030504,0.0832396939694212,0.0832396939694212,0.0832396939694212,False,0.6820842597712937,0.0001254230608026,5.7854665454646376e-05,4.926492261400653e-05,2.545889735489026,0.5387238591978359,0.0684861522727058,0.3927899885294582,0.3594428755920295,0.8500038920860538,0.3850898630510717,3113.463280477808,False,body,high
-0.0086990428226602,0.0016264795041066,-0.0053113668282331,0.000397251399374,0.0003968802937235,0.1543645990127258,0.1543645990127258,0.1543645990127258,False,0.491479086573817,0.000171175937647,7.236793881329707e-05,6.372309324064758e-05,2.686246522915337,0.5772306563175215,0.0505026915083819,0.3722666521740966,-0.4844156899650907,0.7993120925804744,-0.3555863017191025,16114.59899407082,True,body,high
-0.0085387158702214,0.0015422013517554,-0.0052838751297208,0.0005747860765435,0.0005745550969687,0.1242814776485256,0.1242814776485256,0.1242814776485256,False,0.6914326293372955,6.578382589779113e-05,0.0001669498115898,7.650644438825551e-05,2.537855001763636,0.5417398578669409,0.0642265983312783,0.3940335438017807,0.3615075041953867,-0.8791710173399139,-0.3104362199871716,19113.3941728048,True,body,high
-0.0086254322168978,0.0015952867648609,-0.0052606113310967,0.0004755849759905,0.0004755837737664,0.1087179213736752,0.1087179213736752,0.1087179213736752,False,0.3934107992979564,0.0002132308858701,8.465188909411872e-05,9.596716888597896e-05,2.518914676943833,0.5499377658431797,0.0530658574421921,0.3969963767146282,-0.2207711134183988,-0.4381258123372891,-0.8713815972602307,17679.153363629153,True,body,high
-0.0084580712752661,0.0015663661144503,-0.0051997854822433,0.0006483831201519,0.0006482220496514,0.0924003172858926,0.0924003172858926,0.0924003172858926,False,0.8606153466969373,0.0001608297573775,6.980461834400061e-05,7.546469686296938e-05,2.303998806855341,0.5307790169340013,0.0351929805233801,0.4340280025426185,-0.2813513371291861,-0.504861329440871,-0.8160615559691656,18286.189464264902,True,body,high
-0.0084474925532405,0.0015639064676101,-0.0051939791722811,0.0006598562667123,0.000659700963045,0.0773196973104455,0.0773196973104455,0.0773196973104455,False,0.3346012917704191,0.0001857020149227,7.54753489886851e-05,7.469242075224374e-05,2.486223006999454,0.5935674202560617,0.0042160459958779,0.4022165337480604,-0.5177217114558552,0.8144922025853589,-0.2618524038745313,17797.844465163103,True,body,high
-0.0089631874469734,0.0017026449061212,-0.0055079234687284,0.0002611846216479,0.0002573386158642,0.1102522470889161,0.1102522470889161,0.1102522470889161,False,0.717879602262349,6.750768635014155e-05,0.0001210871470644,4.585930059126861e-05,2.640405446729983,0.4424867710011341,0.1787835148792209,0.3787297141196449,-0.2426790120407858,0.9630683209218562,0.116646073022903,24938.10016641021,True,body,high
-0.0085355547354811,0.0015421729162043,-0.0053037166130583,0.0005783536047481,0.0005782427303219,0.0931903810292378,0.0931903810292378,0.0931903810292378,False,0.5522010987054465,0.000153549150481,6.995129471829765e-05,6.542738609944607e-05,2.346863593903177,0.5444371102076752,0.0294622836054718,0.4261006061868529,-0.5886207687848679,0.7879021514903273,-0.1809303463546796,17937.471185737577,True,body,high
-0.0100957965659131,0.0005828590517003,-0.0050847326164105,0.0015560456564552,0.0006017805392955,0.2962755869640633,0.2962755869640633,0.2962755869640633,False,0.2866124788198054,6.340574947667894e-05,5.2288722880125975e-05,2.632666988813691e-05,2.4084227039003623,0.175331522587583,0.409458971879799,0.4152095055326179,-0.168576519542864,-0.8870956917417299,-0.4297012808359732,6790.824652730616,True,wing_R,high
-0.0100853486937068,0.0006026473915713,-0.0047571416445078,0.0016085658709242,0.000631454707758,0.2824376679153029,0.2824376679153029,0.2824376679153029,False,0.1252955489422507,6.280825189665414e-05,6.538584327954672e-05,2.5810179076272987e-05,2.533335514113314,0.0394212455419822,0.5658422521554369,0.3947365023025809,-0.1422600213301265,-0.969778805228418,-0.1982199668572624,5037.386931504708,True,wing_R,high
-0.0088668880260074,0.0018362037124766,-0.0052968238812412,0.0002306999148364,0.0001697933028151,0.2207322233653033,0.2207322233653033,0.2207322233653033,False,0.0093216615919302,8.155493798828847e-05,4.991723574392837e-05,0.000113707300802,2.277916617526004,0.2827642779924929,0.2782380904409581,0.4389976315665489,-0.5090382448964372,-0.4217224632318284,-0.7503534028965508,8894.125202811212,True,body,high
-0.009519686500446,0.000792929890327,-0.0052922224291404,0.0010485535920855,0.0002533284801851,0.3140352406577934,0.3140352406577934,0.3140352406577934,False,0.0971336052646671,7.313187184892792e-05,3.062749633867871e-05,6.811701142755001e-05,2.387784853199753,0.0685728437491296,0.512628955625739,0.4187982006251313,0.6027469419621977,0.7777867370101127,0.1781682229983247,22400.101824645964,True,wing_R,high
-0.0088550327255859,0.0016468471106587,-0.0053117898215577,0.000244701568078,0.0002443679101212,0.120814666912638,0.120814666912638,0.120814666912638,False,0.2704212435159604,4.878323030356399e-05,0.000119768350886,0.0001121578859111,2.4551131636989725,0.0635432058521617,0.5291435937683658,0.4073132003794724,0.1937826349784349,-0.6036244833263311,-0.7733600542501756,16706.235423480724,True,body,high
-0.0088978569201536,0.0016207405548607,-0.005559326542231,0.0003566345314903,0.0003566342162417,0.1426238092379287,0.1426238092379287,0.1426238092379287,False,0.4358480399988752,0.0001290403154586,0.0001660148972225,7.438270577128455e-05,2.231901831227176,0.2227184570934032,0.3292331628171527,0.448048380089444,0.1935964350371334,0.9793307415985962,0.0585808748727449,16211.833420366562,True,body,high
-0.0088714708799342,0.0016906112953912,-0.0054466351454103,0.0002720871800296,0.0002674742940351,0.3486955462464959,0.3486955462464959,0.3486955462464959,False,0.6590095537301666,7.647026367947195e-05,5.197119414059834e-05,3.951682899606292e-05,1.935131578677296,0.3203738075438369,0.1628654661992323,0.5167607262569307,-0.4655335124724523,0.4211749900598006,0.778389476106395,28292.78509836044,True,body,high
-0.0083823531328205,0.0015371813320906,-0.0051940784714045,0.0007293612893236,0.0007292931581731,0.1363384408852676,0.1363384408852676,0.1363384408852676,False,0.4950890937539422,9.292891934614691e-05,9.111786752613056e-05,8.665331793289496e-05,1.0724219402436712,0.0194885707566495,0.0480426289754407,0.9324688002679098,0.2672619667814518,0.953231037477342,0.1411440055474568,12215.585579222832,True,body,high
-0.0082296944100562,0.001736508712469,-0.0051312292385166,0.0008597836350681,0.0008284181969204,0.1123640719385941,0.1123640719385941,0.1123640719385941,False,0.6149574270587138,4.614410790138704e-05,5.915546713784293e-05,9.768949942691426e-05,2.117052509405601,0.3944541891925682,0.1331909705012896,0.472354840306142,-0.5384834592850949,-0.1605234993606164,-0.8272047934032898,6433.351335698872,True,body,high
-0.00915335138982,0.0019031769835191,-0.0058802317451834,0.0006292175428848,0.0005790463102627,0.1119546471460842,0.1119546471460842,0.1119546471460842,False,0.9027365142923002,4.43536768486915e-05,0.00010677000112,6.924323235244906e-05,2.4072412639943503,0.3514729640716293,0.2331137514532226,0.415413284475148,0.3370460082028959,-0.7873992985922235,-0.5161417759985799,5432.434243788101,True,body,high
-0.0086117419380385,0.0015723284845311,-0.0052800873941326,0.0004958068780916,0.0004956614390499,0.108725924913767,0.108725924913767,0.108725924913767,False,0.2814263511798023,0.0001885892528923,7.744379481031018e-05,7.374102805612513e-05,2.5574535352122747,0.5893520249824268,0.0196340284369181,0.3910139465806551,-0.5441307570447983,0.8221061409939519,-0.1675207813314145,19356.806834395265,True,body,high
-0.0088957806175464,0.0016506343279134,-0.0054047902958914,0.0002407254603067,0.0002407032166309,0.0888410286707933,0.0888410286707933,0.0888410286707933,False,0.6222651491999368,0.0001411076765718,5.943458826619174e-05,5.850153461840737e-05,2.4120337610339653,0.5787997527128923,0.0066123521444913,0.4145878951426163,-0.6407049303170542,0.7303030201678339,-0.2369698103159123,19229.0711270675,True,body,high
-0.009123935102797,0.0017156540763442,-0.0055339076710843,0.0002631537100188,0.0002628999290364,0.0722776351942259,0.0722776351942259,0.0722776351942259,False,0.1736075549457227,0.0001441182688685,6.0349190725801215e-05,5.822729513264675e-05,2.4750981226277844,0.5812523200589981,0.0147232936518996,0.4040243862891023,-0.6142342303043677,0.7378380158710549,-0.2798416921365831,13981.874252339749,True,body,high
-0.008554728688999,0.0016008177638476,-0.0052940077388964,0.0005417557501991,0.00054061643889,0.0892331012503311,0.0892331012503311,0.0892331012503311,False,0.2078522907981792,0.0001443073754302,5.147428132535473e-05,5.671736959664767e-05,2.803484997062536,0.606968324192979,0.0363327810214985,0.3566988947855224,-0.1800054693192901,-0.3156306119294727,-0.931651945647176,15228.857138718708,True,body,high
-0.009373826773775,0.0018015333929397,-0.005418777589879,0.0003342006566607,0.0003340396480366,0.1572589548621332,0.1572589548621332,0.1572589548621332,False,0.025056766596421,8.936222075382141e-05,0.0001473369771532,6.718027190490508e-05,2.1931583927173826,0.3934840901421803,0.1505524904711455,0.4559634193866741,-0.1990773210076205,0.9695730052877048,0.1424654613504529,5808.443804880233,True,body,high
-0.0089203093838703,0.0014764951189912,-0.005173606260545,0.0003261580328078,0.0002415215526052,0.097890880302129,0.097890880302129,0.097890880302129,False,0.4699464334136998,5.118780853248671e-05,5.589292408353364e-05,0.0001187586997104,2.320058293472059,0.5293572241881597,0.0396191231675525,0.4310236526442878,-0.9999053976315198,-0.002999106475643,0.0134239021041003,9491.321926948518,True,body,high
-0.0085795943332678,0.0017815571864583,-0.0047470795675997,0.0007274574526666,0.000722516374425,0.1891594178802818,0.1891594178802818,0.1891594178802818,False,0.0624033955469427,6.097805086842389e-05,0.0001414501704375,8.307357510844726e-05,2.3196899281474304,0.4127007775849427,0.1562071234815467,0.4310920989335105,0.4620167134966872,-0.8148633555976993,-0.3500546645222392,4078.974929210513,True,body,high
-0.008909515293588,0.0016196890179976,-0.0055475415418012,0.0003418699863498,0.0003417880441791,0.1550555264695561,0.1550555264695561,0.1550555264695561,False,0.5844070289748994,0.0001197685793262,0.0001808401568463,7.057264692286508e-05,2.5624681052992053,0.3377102662657216,0.2720409739811358,0.3902487597531425,0.1205493833738617,0.9913233487935282,0.0524009952669448,17770.95899521669,True,body,high
-0.0095105170989421,0.0007870835638127,-0.0053083289805738,0.0010504033660199,0.0002636011058128,0.3546170393656989,0.3546170393656989,0.3546170393656989,False,0.1221214626671867,6.099770981863601e-05,5.643098587798771e-05,2.408973639248132e-05,2.532103665429651,0.0748671377044564,0.5302043237634063,0.3949285385321373,-0.6741350485899271,-0.7052119811649484,-0.2195859692331572,21169.31540987092,True,wing_R,high
-0.0090795189598203,0.0016746505399507,-0.0053894751502962,0.0001323034360618,0.0001255575109758,0.1376345435836591,0.1376345435836591,0.1376345435836591,False,0.6659962552618829,5.233871290597063e-05,0.0001226629008672,0.0001199486685391,2.3436361740037475,0.0221275732834261,0.5511850376532571,0.4266873890633167,0.1546484403910217,-0.6223101947467458,-0.767342088900962,14250.39493997437,True,body,high
-0.0087918763764007,0.0017086931987239,-0.0053291455654412,0.0002921157646785,0.0002841098962884,0.1606223248865826,0.1606223248865826,0.1606223248865826,False,0.5781283250260459,0.0001331549065331,8.464381644581228e-05,6.884690330984554e-05,1.9340725600080968,0.3643207099937437,0.1186356068076211,0.5170436831986351,-0.550649805160115,0.7767444190006546,-0.3057006699836664,15307.919507982388,True,body,high
-0.0088836813034969,0.0017168658974142,-0.005447743881672,0.0002597242186273,0.0002499322905063,0.1263197573629906,0.1263197573629906,0.1263197573629906,False,0.9955129446427298,6.725578653626595e-05,6.924428892838656e-05,6.385126663285297e-05,1.084462260185748,0.0287172043051399,0.0491667970904283,0.9221159986044316,0.322495906688958,0.9279364987506626,0.186896346821515,24620.72459532896,True,body,high
-0.0090791251498632,0.0017285262059338,-0.0055984970461667,0.0003224024515262,0.0003184090941779,0.0790507823243291,0.0790507823243291,0.0790507823243291,False,0.7735684406699702,0.0001042290623922,4.949855599080007e-05,4.521717524311074e-05,2.30507681720098,0.5250983280983617,0.0410766503067897,0.4338250215948486,-0.5828195165401666,0.7967540447177796,-0.159700981104516,11445.941734719414,True,body,high
-0.0095451556419991,0.0008440691571998,-0.0047084896487183,0.0011620609134931,0.00038670363281,0.3118660290805246,0.3118660290805246,0.3118660290805246,False,0.1400492364335315,8.290642001849776e-05,5.007328963217367e-05,3.3864387743668715e-05,2.4481889543093227,0.3960263919126949,0.1955084043538303,0.4084652037334747,-0.4269984223335672,-0.8800379716739328,-0.2078593652849802,17647.689030582973,True,wing_R,high
-0.0085801003088608,0.0013991881927581,-0.0047737266399976,0.0007862507137348,0.0007402757259306,0.1558743424262562,0.1558743424262562,0.1558743424262562,False,0.1830116483722759,6.266489865477441e-05,4.269655578281181e-05,8.933486853270772e-05,2.0923202561615266,0.2985393085138841,0.2235223849313853,0.4779383065547305,-0.5305341642451492,-0.5359466473487098,-0.6567303036744829,5054.239558914295,True,body,high
-0.0089826079785513,0.0016844948520742,-0.0054947218892404,0.0002450311208957,0.0002442886000961,0.1866905275318875,0.1866905275318875,0.1866905275318875,False,0.1375963926624971,7.059667829904448e-05,9.852557008351178e-05,4.177241523036383e-05,2.358627566545274,0.2834684616470053,0.2925561663256428,0.4239753720273518,-0.7539580583317222,0.6491461879785893,0.1007793277886202,22384.54270167684,True,body,high
-0.0091837478725867,0.001604231922612,-0.0053143162580004,0.000179352079042,9.040002668051874e-05,0.1319792690574668,0.1319792690574668,0.1319792690574668,False,0.0750485689239292,4.104654683284197e-05,0.0001192457386191,0.0001075035023027,2.905134483169475,0.0984709093364665,0.5573109466177509,0.3442181440457824,0.2374248349743101,-0.7106876273665013,-0.6622329983061813,6987.9139084234,True,body,high
-0.0090838341407766,0.0017253951903606,-0.005473627487092,0.0001981166106803,0.0001969999550276,0.1449033385180171,0.1449033385180171,0.1449033385180171,False,0.5103369218311533,0.0001377171829443,0.0002354981632582,8.837993116866935e-05,2.6646112996940894,0.4152090995573014,0.2095016415122103,0.3752892589304882,0.2550165934988325,0.9627672194011576,0.0896984854209632,15835.136373624266,True,body,high
-0.0092229787005142,0.0033233784264326,-0.0052274471683525,0.0015874873759301,0.0007286780212182,0.3884126263412926,0.3884126263412926,0.3884126263412926,False,0.14490621280274,7.782048811701256e-05,3.151499881745747e-05,4.558611874852309e-05,2.4693159142339725,0.4142144330940353,0.1808151075833395,0.4049704593226252,0.7310934603367294,-0.6704827653726815,-0.1263139485214058,16079.793305170082,True,wing_L,high
-0.0081391112861688,0.0017943329767969,-0.0052516501527858,0.0009396980319571,0.0008773918921135,0.3416458398150703,0.3416458398150703,0.3416458398150703,False,0.0897588708264408,6.559782513994175e-05,5.001678126685093e-05,2.514522052182167e-05,2.608759190758112,0.2375237874098924,0.379152215671328,0.3833239969187795,-0.3547870171193715,0.4481553926813194,0.8205381871029472,4562.632407672502,True,body,high
-0.0088390320769641,0.0016098615926027,-0.0055147306010597,0.0003623266480638,0.0003623249228414,0.224658178364397,0.224658178364397,0.224658178364397,False,0.4892514620991366,0.00021214268424,0.0001176136201938,7.81058487455035e-05,2.71609217039872,0.4455919108630259,0.1862320710701052,0.3681760180668688,-0.579207772313841,0.7647081709533896,-0.2823823113588366,13712.496648689794,True,body,high
-0.0087406169606215,0.0016531091121797,-0.0053697898400675,0.0003606662695951,0.0003583708690558,0.1345133310894655,0.1345133310894655,0.1345133310894655,False,0.069360987653323,0.0002281163115234,7.93701942174466e-05,8.348935571555045e-05,2.874080298939954,0.634005323170475,0.0180572860861871,0.3479373907433378,-0.3175861225557058,-0.4072153753376308,-0.8563379548102868,17926.244207216132,True,body,high
-0.0090825779778633,0.0016114167343118,-0.0052338495980251,0.0001387631005221,4.042398634666631e-05,0.1564713796144468,0.1564713796144468,0.1564713796144468,False,0.329462202771381,6.091678818953861e-05,4.969707450800426e-05,5.99041671652623e-05,1.2257620552639832,0.0166230205887678,0.1675579583332485,0.8158190210779835,-0.810057913182033,0.3664319465850992,0.457748627319651,7672.735899252722,True,body,high
-0.0090176086933165,0.0016411431475709,-0.0052820491900744,0.0001184073339595,9.157760484807426e-05,0.1194313323529101,0.1194313323529101,0.1194313323529101,False,0.6652635736961224,5.224665256185162e-05,0.0001238616285107,0.0001049770390121,2.3707093648558244,0.1524652123959285,0.4257201127121048,0.4218146748919665,-0.241252423890371,-0.5191409107615519,-0.8199329135610346,11109.989439169938,True,body,high
-0.0088654495139809,0.001663109557577,-0.0055144653429571,0.0003284683127684,0.0003260299391022,0.0684239306400363,0.0684239306400363,0.0684239306400363,False,0.764971156749849,0.0001960965582572,7.971124200104817e-05,6.703160644532288e-05,2.925434263868448,0.593510244598677,0.064660163688792,0.3418295917125309,-0.6806770131643183,0.7009531148105086,-0.212940213644931,17623.15025927309,True,body,high
-0.0082446287257755,0.001592873889806,-0.0050429288662404,0.0008776008064571,0.0008744468521732,0.0763242654186109,0.0763242654186109,0.0763242654186109,False,0.97767362675155,5.472228273028239e-05,0.0001104423136543,0.0001337255328236,2.4437126185462548,0.1741119940051807,0.4166745852306002,0.409213420764219,-0.2237203967486902,-0.6053267244545706,-0.7638905292904931,7326.673503176352,True,body,high
-0.0089743354852755,0.0015732291377276,-0.0053688938806128,0.0002192134292684,0.0001913397734486,0.1080351655985353,0.1080351655985353,0.1080351655985353,False,0.6121541505074307,5.361894263200123e-05,5.681351465538924e-05,0.0001325341246899,2.4717780356015333,0.5713291592765665,0.0241037697337282,0.4045670709897054,0.666254274782251,-0.7455372374582093,-0.0167173232773211,13578.180077741335,True,body,high
-0.0101878941191755,0.000579698331754,-0.0049381042456148,0.0016439177179444,0.0006806739203,0.2813951227475499,0.2813951227475499,0.2813951227475499,False,0.2571748298710235,8.96876799813314e-05,6.388196423947388e-05,3.506687627590498e-05,2.557618171509541,0.2877286573499171,0.3212825660064659,0.390988776643617,-0.2174458756518281,-0.8588433800908684,-0.4637945015155971,6798.755253223868,True,wing_R,high
-0.0096876645674259,0.0007705519549564,-0.0050332141316564,0.0011740191546919,0.00026719611564,0.2296401971157683,0.2296401971157683,0.2296401971157683,False,0.1920292975513449,7.884601561529082e-05,8.570154079454943e-05,3.614908160648528e-05,2.370780583791491,0.0799930213121047,0.4982049752309825,0.4218020034569127,-0.1912609733059097,-0.934028017420319,-0.3016801331939913,8702.030043464609,True,wing_R,high
-0.0090563870221127,0.0030953965294217,-0.0057546792356091,0.0014342669448962,0.0004629830638777,0.4770407985652928,0.4770407985652928,0.4770407985652928,False,0.1823209850072796,6.181905200346388e-05,2.838413192959023e-05,2.6689382006371287e-05,2.316241417231258,0.540851387886055,0.0274146863838025,0.4317339257301424,-0.6147398165339495,-0.578624011877903,-0.5359936667966583,14935.555613889916,True,wing_L,high
-0.0090248500511065,0.0017104593531642,-0.005488399056611,0.0002207676015801,0.000218903624744,0.143508536701267,0.143508536701267,0.143508536701267,False,0.6227967920000823,5.9742880811316325e-05,0.0001021740573512,4.249462261122116e-05,2.404399688073126,0.4152832689617026,0.1688125014044152,0.4159042296338821,-0.7087837459180341,0.7033715861333878,0.0537960346364141,21162.12661058791,True,body,high
-0.009268697807063,0.0033833320496516,-0.0054772657525129,0.0016632870861163,0.0007143515744505,0.3709296328338443,0.3709296328338443,0.3709296328338443,False,0.5636168440385882,5.768541740744697e-05,2.6360762235956185e-05,2.4404936040019047e-05,2.363678286755385,0.5430255440510497,0.0339050367291725,0.4230694192197777,-0.6084268455500589,-0.5542913048758015,-0.5679594377709438,6757.155368654284,True,wing_L,high
-0.0088976717479356,0.0016268430801617,-0.0055166557842424,0.0003216741197723,0.000321656517689,0.1313956831971615,0.1313956831971615,0.1313956831971615,False,0.5489364330205277,0.0001257095010928,0.00019372113978,6.601340142902914e-05,2.9345729137792715,0.3510801080583222,0.3081548029897198,0.340765088951958,0.0850467609139663,0.9907946474574352,0.1053233831005203,19939.44478978089,True,body,high
-0.0092201233329341,0.0032520006986692,-0.0055380019285128,0.0015378047581387,0.0006190283412435,0.3564651677463447,0.3564651677463447,0.3564651677463447,False,0.1701586342619073,6.552679664235292e-05,2.71659430930228e-05,4.1761461414929474e-05,2.412093569436306,0.3626811693105541,0.2227412153468972,0.4145776153425486,0.7707412234865647,-0.5957310243856426,-0.2259701595407364,9281.60687427723,True,wing_L,high
-0.0089556095886809,0.0016276969142049,-0.0055320604195131,0.0003057444308817,0.000305235378862,0.3183961611582193,0.3183961611582193,0.3183961611582193,False,0.7531821745148228,5.738566236495656e-05,5.688046833960829e-05,2.400648581633946e-05,2.3904232716101386,0.0088034886159434,0.5728605572973894,0.4183359540866673,-0.6520978699561926,-0.6852934206726131,-0.3242549854380432,16708.85338006001,True,body,high
-0.0087096338916602,0.0016892971672987,-0.0053146843902465,0.0003733849851489,0.0003662191946592,0.108177379762603,0.108177379762603,0.108177379762603,False,0.663778859994305,0.0002524408231628,0.0001096536706775,9.68888401022476e-05,2.605468523480005,0.5656262354729448,0.0505656352066726,0.3838081293203825,-0.6868564161328625,0.7246284885164095,-0.056051915645622,15587.347706522927,True,body,high
-0.0090428433080445,0.0017513271824644,-0.0056855756158143,0.0004106415545642,0.0003981043235386,0.1749374970487147,0.1749374970487147,0.1749374970487147,False,0.2992115510813909,7.566979811870449e-05,6.206431943575444e-05,7.47732418109114e-05,1.2192157878575256,0.0118482714383173,0.1679523758636208,0.8201993526980618,-0.8148247210545737,0.2032626031567446,0.5429042163368045,9431.279002089754,True,body,high
-0.0090188577795349,0.0017053475495402,-0.0052854331338051,7.013085762320941e-05,6.846477823674912e-05,0.1785555679666729,0.1785555679666729,0.1785555679666729,False,0.99126910059588,4.6165588047227614e-05,0.0001065559278116,9.755990122621396e-05,2.308124564614899,0.0844253977252354,0.4823224219848998,0.4332521802898648,0.2047691165376149,-0.6808196234988275,-0.7032455113054895,13637.056554872685,True,body,high
-0.0088829135345196,0.0017332873752902,-0.0055410848906125,0.0003283975011383,0.0003111732118707,0.1081572363990947,0.1081572363990947,0.1081572363990947,False,0.9158962511707248,9.013252390044748e-05,0.0001426217910443,7.4272551510871e-05,1.9202489768165805,0.3680311876573828,0.1112030095362457,0.5207658028063715,0.0806385527277807,0.973985183314636,0.2117788622538231,15033.027370075382,True,body,high
-0.0090017242545435,0.0017469334739089,-0.0056908010933395,0.0004211731817698,0.0004064004240969,0.119907509360051,0.119907509360051,0.119907509360051,False,0.9088372790923298,3.5059854079456936e-05,3.823226946079632e-05,5.418247650684686e-05,1.545427895508404,0.2943794391538187,0.05855057918843,0.6470699816577512,-0.6404445845719191,-0.2103610761522812,-0.7386331645225229,10460.53631740192,True,body,high
-0.0100786783086751,0.0005734905996495,-0.0051386523786657,0.0015462082547023,0.0005943525994623,0.3083270519705321,0.3083270519705321,0.3083270519705321,False,0.1869272812395964,8.08848584195094e-05,3.907358143071713e-05,3.250088324910127e-05,2.4886972393818274,0.5169234119436551,0.0812599330708666,0.4018166549854783,-0.269375899089016,-0.9429560354078186,-0.1956285773550301,8754.77611377661,True,wing_R,high
-0.0090360438316236,0.0030769615232822,-0.0051934712758598,0.0013368032180868,0.0005152715861218,0.3691017655158256,0.3691017655158256,0.3691017655158256,False,0.1015723218959769,0.0001000315116573,9.772546733783316e-05,4.175266061226963e-05,2.395811672607824,0.0230531787560653,0.5595517432278455,0.4173950780160892,0.8123755551472676,-0.5768180804801819,0.0855970760617875,6996.063897219899,True,wing_L,high
-0.0094273938352021,0.0035535237558985,-0.0056224280311987,0.0018759206572411,0.0009116438028304,0.3425713752443806,0.3425713752443806,0.3425713752443806,False,0.2931205831468052,6.365154510861218e-05,2.8972486831582188e-05,2.6888475980225067e-05,2.3672425746786185,0.5448266529564236,0.0327409310771805,0.4224324159663958,-0.6025547950475404,-0.5111869170870977,-0.6128749095567592,6533.2778870446655,True,wing_L,high
-0.0103254527585674,0.0004770254353938,-0.0051451459747283,0.0017830448857989,0.0008009893364234,0.2522200669005691,0.2522200669005691,0.2522200669005691,False,0.1230101538414935,8.522929522339153e-05,3.594837899278464e-05,6.733292716133726e-05,2.370880067791048,0.2099790689943724,0.3682366266938108,0.4217843043118167,0.4224786046078467,0.904961979674954,0.0505533776457621,6747.237420511563,True,wing_R,high
-0.0085851071544326,0.0016135113126639,-0.0051696114679564,0.0005199337906589,0.0005197891731476,0.0880918233358998,0.0880918233358998,0.0880918233358998,False,0.8686742944000043,0.0001427245872076,6.276891083162245e-05,0.0001050282096855,2.273810160422552,0.2641197165787861,0.2960898306359358,0.4397904527852781,0.4422929573696412,-0.8966669984203768,-0.0191110911517047,8246.324221876474,True,body,high
-0.0088859189081861,0.0015754861033901,-0.005592105045538,0.0004054337464486,0.0004041606528743,0.2266127235627757,0.2266127235627757,0.2266127235627757,False,0.3385143878995196,0.0001773692848005,0.0001314927034691,8.851185231605383e-05,2.003904337774262,0.2586500891797037,0.2423240934947542,0.499025817325542,-0.6698580308092728,0.7245313376201488,-0.1623100716735765,12027.68043103254,True,body,high
-0.0090132983528201,0.0017466700092554,-0.0056874834181933,0.0004159757358101,0.0004022368600191,0.1114222099600629,0.1114222099600629,0.1114222099600629,False,0.8386046536384738,5.424482931503945e-05,0.0001229086301638,0.000126590739911,2.333692289375593,0.0290867226918745,0.5424077692972292,0.4285055080108962,-0.0729507267490658,-0.6568236563710463,-0.7505070791792391,10327.007056752103,True,body,high
-0.0088940479248586,0.0018248772066014,-0.0057275699218726,0.0004936264977403,0.0004398349861754,0.0807421522926312,0.0807421522926312,0.0807421522926312,False,0.9123602594272447,8.261076823561515e-05,0.0001597564791614,6.86561702659423e-05,2.3269063587823484,0.4828956630164525,0.0873491832251075,0.42975515375844,0.0314995965498734,0.9267431289441442,0.3743727398890208,7760.119391511808,True,body,high
-0.0090424750762399,0.001746379286782,-0.0053130781806673,5.049767907544714e-05,4.590245365588101e-05,0.1560704964151441,0.1560704964151441,0.1560704964151441,False,0.1047842169451985,0.0001755137294691,0.0001144334993646,6.768838587253264e-05,2.5929666841171284,0.3480082742772967,0.2663330876363111,0.3856586380863921,-0.6338974987628992,0.7546740277022258,-0.1692367364783433,13039.08494673529,True,body,high
-0.0098659269629461,0.0007598776055666,-0.0046009788189188,0.0014302985708898,0.000604554746679,0.2821958466682443,0.2821958466682443,0.2821958466682443,False,0.1293242141750313,6.620411612840514e-05,5.904617943366473e-05,2.8835819080875253e-05,2.295898581646797,0.1081192093986626,0.4563214814951301,0.4355593091062072,-0.3919257540396522,-0.9189294490443086,-0.0443043000122256,8809.819059089601,True,wing_R,high
-0.0087289215500139,0.0015873340322327,-0.0049377697445159,0.0005101696878885,0.0004994735902906,0.1677202543284772,0.1677202543284772,0.1677202543284772,False,0.1513084773824445,5.713326976428064e-05,5.2697521737177496e-05,6.524954885059233e-05,1.238190083701024,0.1243882789886602,0.0679812827098631,0.8076304383014766,-0.7554471283039044,0.2825586452709563,0.5911516288736978,4536.844269740112,True,body,high
-0.0089622580055938,0.0017508819481192,-0.0052734993836976,0.0001151238338961,0.0001070326839138,0.1250054953719538,0.1250054953719538,0.1250054953719538,False,0.4936994813417721,5.252517388816812e-05,0.0001254243167428,8.997252804725485e-05,2.387889605275452,0.2826548281564434,0.2985653430814785,0.4187798287620781,0.1003988978514827,-0.7039771774232766,-0.7030904600244299,13630.356715899356,True,body,high
-0.0090065054926274,0.0017045207919898,-0.0054201664061315,0.0001647693663062,0.0001640758815972,0.0720378316463501,0.0720378316463501,0.0720378316463501,False,0.939573824338608,0.0001484568022741,6.126103928436716e-05,6.283593115482462e-05,2.423347759169886,0.5767392925601956,0.0106084183838793,0.412652289055925,-0.2099590939517644,-0.5153178511949847,-0.8308818755435324,16857.018783885716,True,body,high
-0.0089038025185776,0.001540013928849,-0.0053880927265624,0.0002895685084224,0.0002671166846071,0.1171322650190682,0.1171322650190682,0.1171322650190682,False,0.7119753146233938,4.2729020850340935e-05,4.490929887123175e-05,5.0855572365150847e-05,1.1901881052522427,0.1169247187156588,0.0428719591480769,0.8402033221362643,-0.6117467674742405,-0.1552222239113154,-0.7756751599019034,11076.894664980504,True,body,high
-0.0085004233795903,0.0015529047108769,-0.0052388504803798,0.00060847643753,0.0006084667221986,0.1257315980512043,0.1257315980512043,0.1257315980512043,False,0.272849027852205,9.442141767982856e-05,0.000178274778237,6.787442366135977e-05,2.62653837219293,0.470360201181784,0.1489105429326119,0.3807292558856041,-0.2052822734872544,0.9490904407909732,0.2389278623164323,20609.4854785576,True,body,high
-0.0100094896776326,0.0005570742375743,-0.0052443559934962,0.0015091965723077,0.0005645890534045,0.2860907627282426,0.2860907627282426,0.2860907627282426,False,0.1220202798510958,7.266586894185218e-05,3.085281886511344e-05,5.885031808480948e-05,2.3552424580568387,0.1901243466598881,0.3852909161810184,0.4245847371590934,0.3706894076937824,0.9287321537844546,0.0067786097778839,11181.33870488249,True,wing_R,high
-0.0085606439607748,0.0013871692014073,-0.0047645112049072,0.000809738556541,0.0007627489609692,0.1249978953716986,0.1249978953716986,0.1249978953716986,False,0.2265076160024498,9.83271828647966e-05,4.656087152074531e-05,6.465218466944024e-05,2.111798590818617,0.3424790298493622,0.1839909638575848,0.473530006293053,0.549460777209018,-0.8302859778089071,-0.0933704951404278,4864.067442301821,True,body,high
-0.0093100662070825,0.0020039846461694,-0.0050659585382472,0.000408042656319,0.000388014305018,0.2247186925257212,0.2247186925257212,0.2247186925257212,False,0.2102541051694192,3.619768875756678e-05,3.350105540581165e-05,7.800736387035302e-05,2.3285046672535747,0.5359708755480219,0.0345689588515885,0.4294601656003894,-0.4815198417288781,-0.6122290984505323,-0.6271476485101769,5681.120555058576,True,body,high
-0.00873168797502,0.0016884218472013,-0.0053024437841603,0.0003507186747418,0.000345086585867,0.1468317208836589,0.1468317208836589,0.1468317208836589,False,0.9075718654908876,4.2822521014316974e-05,9.367157069756316e-05,9.756357639013384e-05,2.278323977178157,0.0398919949080941,0.5211888654010876,0.4389191396908182,-0.7961690838520732,0.5999583998093195,-0.0785156571416847,15750.08848253956,True,body,high
-0.0088995443793106,0.0016341023262526,-0.0054780194185674,0.0002899957496334,0.000289952400416,0.2345950441848114,0.2345950441848114,0.2345950441848114,False,0.6558421275839017,0.0002090107283597,0.0001372015352898,9.972347146597162e-05,2.095903053586264,0.3435670199011777,0.1793116751372606,0.4771213049615616,-0.589153447711665,0.7447320328580251,-0.3134843126611144,18696.846390196388,True,body,high
-0.0086746768757318,0.0015368320616119,-0.0050249756945751,0.0005175285652997,0.0005043226816101,0.1505496006545263,0.1505496006545263,0.1505496006545263,False,0.1308538509546752,3.857238796000549e-05,0.0001035919217219,0.0001075055015263,2.787110345301203,0.0364035305061031,0.6048019202626822,0.3587945492312146,0.494659789202614,-0.6791688660773133,-0.5422557923132605,5114.171625588994,True,body,high
-0.008729078707274,0.0016244029294429,-0.005235964366377,0.0003700120559802,0.0003698927149058,0.1105521444441196,0.1105521444441196,0.1105521444441196,False,0.148699340021119,0.000125124265786,0.0001879218341739,7.509109935769558e-05,2.502584670904432,0.3341685582410135,0.2662445619917573,0.3995868797672292,0.0142263922333247,0.995091992170547,0.0979261807795837,11243.896857323469,True,body,high
-0.009191189624958,0.0032220154643377,-0.0055612383134089,0.0015101407699284,0.0005816000485424,0.3366608113290845,0.3366608113290845,0.3366608113290845,False,0.2841543172871933,6.814007664447445e-05,2.777954900785336e-05,4.128488565156408e-05,2.4528863526622064,0.394117416876843,0.1981996104021976,0.4076829727209594,0.7687446552989428,-0.5968901677699454,-0.229681916068454,8534.289185720008,True,wing_L,high
-0.0088252447717612,0.0016621554924672,-0.0053957580720531,0.0002902789915928,0.0002889526382384,0.1457692677506357,0.1457692677506357,0.1457692677506357,False,0.0778303314371706,0.0002073102385668,9.97982985957154e-05,7.977033031511387e-05,2.598838913514956,0.5186041013428798,0.0966086789492661,0.384787219707854,-0.6023165876646851,0.7495252976088813,-0.2746389565744223,32930.989536959874,True,body,high
-0.008487567009786,0.0015438677772904,-0.0052535935865083,0.0006227918849865,0.0006227732650222,0.1193890615550304,0.1193890615550304,0.1193890615550304,False,0.2855010039525559,0.0002012719132416,8.261959248888031e-05,8.547658492920897e-05,2.4361281286725203,0.5753178694803962,0.0141946901299582,0.4104874403896456,-0.2644890710294141,-0.3865732267782429,-0.8835194800592995,21162.630220409872,True,body,high
-0.0088849139318436,0.0016521896944267,-0.0052557917304515,0.0002137166495496,0.0002118091924725,0.1210099801935331,0.1210099801935331,0.1210099801935331,False,0.9938956227304432,7.423225913569531e-05,5.660659362494447e-05,6.347774776078377e-05,1.311371244620942,0.144876519994528,0.0925629128877641,0.7625605671177078,-0.8643364763861936,0.0853015017429054,0.4956269861384706,12615.444632735696,True,body,high
-0.0087814133744485,0.0017476648332389,-0.0052693575287191,0.0002958013376391,0.0002800304480152,0.1262949396630421,0.1262949396630421,0.1262949396630421,False,0.8589970051578533,3.932194594663998e-05,0.0001068599494095,8.936707856577719e-05,2.717565136642171,0.1636990372950866,0.4683245022637105,0.3679764604412029,0.2503503150391439,-0.6127675384679361,-0.7495603134903475,12894.890830462076,True,body,high
-0.0088529951452288,0.0015712280509729,-0.0052175029135868,0.0002886663344517,0.0002702985457846,0.1084166116290437,0.1084166116290437,0.1084166116290437,False,0.9861839189807776,0.0001487728603843,6.543187879576411e-05,7.916691564974793e-05,2.2737060760360546,0.4678672209084046,0.0923221938362728,0.4398105852553225,-0.113597931980829,-0.575994699358249,-0.8095218441530033,13787.035607704554,True,body,high
-0.0087639456615068,0.001629131169901,-0.0053920187576508,0.0003528066356657,0.0003524639051379,0.1136643445486301,0.1136643445486301,0.1136643445486301,False,0.5129339667923097,8.40159550634734e-05,0.0001826720441748,7.20288347319746e-05,2.5360960628425646,0.5400721799388598,0.065620989712152,0.3943068303489881,-0.4407267951964531,0.8508329240519994,0.286082553374001,16471.71023199265,True,body,high
-0.0087416932955378,0.0015925947026765,-0.0052501266096693,0.0003686756015833,0.0003664983190608,0.1001432042715693,0.1001432042715693,0.1001432042715693,False,0.8270652934542788,4.678471512168733e-05,5.503745842787419e-05,6.511124096994329e-05,1.3917203685132753,0.154716488151706,0.126748364541178,0.718535147307116,-0.5723575715929328,-0.2856247168133149,-0.7686516320060433,11301.19654323264,True,body,high
-0.0088722225270536,0.001702066028798,-0.0054787431817228,0.0002908702249772,0.0002831049455445,0.1349135417223739,0.1349135417223739,0.1349135417223739,False,0.1138754860278101,0.0001523918579036,8.64054255008177e-05,6.074130473585145e-05,2.5088670479888315,0.4330049735632105,0.1684087399288519,0.3985862865079376,-0.6718654965267685,0.7405474828711783,0.01364478618377,27148.071592186883,True,body,high
-0.0089544008456922,0.0017268560065805,-0.0055100194648347,0.0002643585719192,0.0002548398751406,0.1213331483459783,0.1213331483459783,0.1213331483459783,False,0.4566477795495011,0.0001298108239698,4.863448987006049e-05,8.175124931903319e-05,2.6691104258874674,0.3702277913435685,0.2551155476576627,0.3746566609987687,0.4799592251161378,-0.8762829664835858,-0.0420393253590425,22566.136885486667,True,body,high
-0.0088221406250486,0.0016976397889133,-0.0052744926535394,0.000259033593985,0.0002563567588604,0.120013673965386,0.120013673965386,0.120013673965386,False,0.9235706936007984,8.573276786115319e-05,0.0001459736877409,5.418666213584547e-05,2.69390440354109,0.4126834144705648,0.2161081645158619,0.3712084210135732,-0.4044008364546461,0.8785762672373418,0.254093892335258,13366.126437252946,True,body,high
-0.0092276473498756,0.0033368981315847,-0.0052283020553191,0.0016013501794403,0.0007370962672378,0.3974968545224552,0.3974968545224552,0.3974968545224552,False,0.1274383770346304,7.79791737834508e-05,3.187013163071585e-05,3.262678123978568e-05,2.446779156327547,0.5815962178518242,0.0097032268022108,0.4087005553459649,0.7047807131402893,-0.6957621705116503,-0.1385609918786011,15268.195584192355,True,wing_L,high
-0.0090535803904623,0.0030872057743224,-0.0057844434171644,0.001436843470441,0.0004729543896748,0.4087348000325788,0.4087348000325788,0.4087348000325788,False,0.1147600813093922,3.571938079716179e-05,8.502665914291616e-05,7.591656869095065e-05,2.380406861634966,0.1071439304307242,0.4727598179086849,0.4200962516605909,-0.6892358232305831,0.5850465526635581,0.4274043883632296,14959.311318802638,True,wing_L,high
-0.009217196981417,0.0015837791052573,-0.0053185375000365,0.0002164901091826,0.0001148415336514,0.138851888757282,0.138851888757282,0.138851888757282,False,0.0502548703778527,4.2300219493783526e-05,0.0001221874801544,0.0001242174545883,2.9365676130020177,0.0163421029721678,0.6431242769019492,0.3405336201258829,0.2085745508103432,-0.6582114414482215,-0.7233632248745562,5994.665539882154,True,body,high
-0.0088851246518564,0.0016151832197997,-0.0054938052968522,0.0003170673192327,0.0003167189155676,0.136371934691702,0.136371934691702,0.136371934691702,False,0.4974541318360544,0.0001248900062279,0.000198456338557,7.289790710176596e-05,2.7223873283495927,0.3706927824225576,0.2619825574945454,0.3673246600828969,0.0492342625474411,0.9907332511868582,0.1265844081398929,18434.10317300625,True,body,high
-0.0088682770452153,0.002736260047659,-0.0056976437065478,0.001098568320848,0.0002412542575776,0.3361013369740137,0.3361013369740137,0.3361013369740137,False,0.1616559124394545,6.063122664356797e-05,2.542018494986384e-05,2.245926467511967e-05,2.699608714738338,0.5807410412574833,0.0488349063453803,0.3704240523971363,-0.6284253237434022,-0.6014202491996947,-0.493330818346652,8936.875811537337,False,wing_L,high
-0.0089900582171454,0.0017166858822418,-0.0052917061938074,9.230878466247825e-05,9.213735404550696e-05,0.1744138368541386,0.1744138368541386,0.1744138368541386,False,0.0682148812608352,0.0002031398305403,0.0001171375481922,8.073072983059077e-05,2.5162640170180706,0.4233649408850131,0.1792204820925557,0.3974145770224311,-0.6336124299219528,0.7467367149603394,-0.2022858551126085,15116.79278469759,True,body,high
-0.0083666481102767,0.0015549438176822,-0.0050969978105839,0.0007566002153181,0.0007565084405255,0.1076706346128427,0.1076706346128427,0.1076706346128427,False,0.7963851939918299,0.0002076801804608,9.26221676026445e-05,8.749817964836108e-05,2.373537155806857,0.5540153740375552,0.0246724937493464,0.4213121322130984,-0.5896342898892384,0.8018752595746317,-0.0965788396540916,9729.848437826731,True,body,high
-0.0089728841355299,0.0017204863479231,-0.0055364261506716,0.000281025931069,0.0002736595871072,0.0921346535601572,0.0921346535601572,0.0921346535601572,False,0.9355635948493816,8.99217461261152e-05,5.187018270130276e-05,7.79720349036636e-05,1.7335922382216085,0.1328901154309453,0.2902729687405425,0.5768369158285122,-0.6984776152569093,0.5329829531780588,0.477554387066663,22332.571235727846,True,body,high
-0.0090312268453911,0.0018085065729117,-0.0058145499542116,0.0005439730566436,0.0005121170396592,0.1268963821611152,0.1268963821611152,0.1268963821611152,False,0.5482588352345583,4.117761751756094e-05,9.5374210605151e-05,8.472239602082901e-05,2.316166314490559,0.1116844324764109,0.4565676426255662,0.4317479248980228,0.0390771021170648,-0.6764268411858295,-0.7354724390577073,7871.947729268623,True,body,high
-0.008963653291983,0.0017381717866202,-0.0055478755246768,0.0002942322030843,0.0002815244416209,0.094910368697616,0.094910368697616,0.094910368697616,False,0.8512277583748401,0.0001219410993661,7.357251140734629e-05,5.32735181301138e-05,2.288962765107505,0.3966553377835662,0.1664655590506673,0.4368791031657665,0.1911520582135822,0.7827642554988726,0.5922339157410752,17395.39760586296,True,body,high
-0.0088572372735499,0.0016683776259859,-0.0054673827853986,0.0003007001603177,0.0002983007617043,0.1437400004258539,0.1437400004258539,0.1437400004258539,False,0.1460259749139472,0.0001950396185035,8.037382173710483e-05,8.022464527123294e-05,2.4311683503752963,0.5879102802097629,0.0007648521208997,0.4113248676693374,-0.5268099968715848,0.8055114891630439,-0.2713346052800787,21759.78082415838,True,body,high
-0.0089093196602088,0.001618341024038,-0.0053192164504975,0.0002135672779405,0.0002064297969262,0.1142421463379447,0.1142421463379447,0.1142421463379447,False,0.1451005304493222,3.534703267660651e-05,4.054033892102624e-05,4.594085101653914e-05,1.2997088450636445,0.1175535928485231,0.1130433182996565,0.7694030888518204,-0.5278288749341324,-0.0828564424752694,-0.8452996443428271,14194.316943287298,True,body,high
-0.0103694492629435,0.0005250603112715,-0.0049036528501842,0.0018147768025962,0.0008355783130423,0.3283495048552932,0.3283495048552932,0.3283495048552932,False,0.2076365856535954,5.954067675506806e-05,4.317575481998597e-05,2.56192647405364e-05,2.3240587642961934,0.2748528036119292,0.2948654774562195,0.4302817189318512,-0.2929235642846524,-0.8455727801007913,-0.4463210268846782,5278.9748973676,True,wing_R,high
-0.0085243356369162,0.00175155830378,-0.0048839893572654,0.0006779628810793,0.0006702810701989,0.1054992203806327,0.1054992203806327,0.1054992203806327,False,0.4016318383749382,0.0001144727391488,5.034728268987467e-05,6.76367634273362e-05,2.2736627089478816,0.4091452346623582,0.1510357912811328,0.4398189740565089,0.4976185663696942,-0.8656456481688299,0.0550760765717499,4618.228028548583,True,body,high
-0.0089008851334038,0.0016161461831908,-0.0052304252059419,0.0002221577457485,0.0002101457986313,0.1377982126157039,0.1377982126157039,0.1377982126157039,False,0.7624030558347377,5.45007799261676e-05,0.0001265958708843,0.0001449458369941,2.659518582863315,0.1265987798642412,0.4973933191406205,0.3760079009951383,0.0492033792958672,-0.6025209983378637,-0.7965848818724914,13456.40764368206,True,body,high
-0.0088747567438063,0.0016955412866072,-0.0054057235095802,0.0002448327877207,0.0002406286713819,0.1249688405034663,0.1249688405034663,0.1249688405034663,False,0.5598957017741503,9.28625637291451e-05,0.0001855938388056,7.948934915464839e-05,2.33482649914005,0.4996463011556141,0.0720563498258124,0.4282973490185734,-0.0935380368264364,0.9701587149316228,0.2237022653190592,24182.427629108923,True,body,high
-0.0088847142724867,0.0016652979451343,-0.0053534205151828,0.0002214320774183,0.0002214053968078,0.1187868119772842,0.1187868119772842,0.1187868119772842,False,0.8260967114079317,0.000159998908403,7.949685439706282e-05,6.942387654380891e-05,2.3046668720964814,0.5031412702090899,0.0629565411026454,0.4339021886882646,-0.6396767077815364,0.7671309569619009,0.0482058543383816,22263.64485068922,True,body,high
-0.0090674519958921,0.0016629964183062,-0.0053502655331527,0.0001095553183146,9.37725208244114e-05,0.124583157304674,0.124583157304674,0.124583157304674,False,0.7270815260775579,4.9648139763149184e-05,0.0001174487970299,9.863260312553605e-05,2.365623316206075,0.1602076341371738,0.417070796816164,0.4227215690466621,0.0366802314590122,-0.6745092398133632,-0.7373546270462482,12123.31788048108,True,body,high
-0.0087917423845495,0.0016609521537585,-0.0053643875091886,0.000309765631871,0.0003082328018703,0.1141783870437682,0.1141783870437682,0.1141783870437682,False,0.9159420249375432,0.0001644308700023,6.845675975982174e-05,7.063311119204404e-05,2.401966885070918,0.5704388647275552,0.0132356620882151,0.4163254731842296,-0.337771946770312,-0.302465597585458,-0.8913050399567286,24852.72831787162,True,body,high
-0.0086009422292043,0.0013729509333236,-0.0047661366732508,0.0007901554358991,0.0007320788677439,0.1273212759806933,0.1273212759806933,0.1273212759806933,False,0.2678553138982142,0.0001371867505358,4.959892209277104e-05,5.624385299350592e-05,2.765922014984377,0.590019788545166,0.0484371185612159,0.361543092893618,0.5725165018936211,-0.7388767386661668,-0.3553674438064644,4956.180793545732,True,body,high
-0.0086984266786223,0.0020336847151281,-0.0056318907393816,0.0005949956401865,0.000377545164579,0.2097013778621343,0.2097013778621343,0.2097013778621343,False,0.192313775511024,5.707837373014638e-05,3.4056930370314955e-05,7.631734148968255e-05,2.2408755181354527,0.2520916921894758,0.3016541576326231,0.446254150177901,-0.4589951778803202,-0.6962191995841949,-0.5519078299978684,7434.7053175412275,True,body,high
-0.0086668127901828,0.0016959700156397,-0.0052640258203518,0.000413201113887,0.0004049426365126,0.1347793983550374,0.1347793983550374,0.1347793983550374,False,0.03501991780365,7.75141378000944e-05,0.0001452536585234,6.346533886878349e-05,2.2887084684718,0.4663532843986998,0.0967190711347626,0.4369276444665375,-0.4020928090243256,0.8832806033794885,0.241115633305876,11106.495211037249,True,body,high
-0.0089276732054855,0.0016010267528439,-0.0053707737475005,0.0002269078512715,0.0002170459096747,0.1156582685093931,0.1156582685093931,0.1156582685093931,False,0.9611256265067084,5.13483732152678e-05,8.575623651957661e-05,3.165464247704875e-05,2.7091203630479894,0.4012287001010605,0.2296477963293471,0.3691235035695924,-0.7125344120016645,0.7013924118942778,-0.0185309538494384,17799.541739481418,True,body,high
-0.0089095561429762,0.0016835239815306,-0.0053355237140588,0.0001874627576869,0.0001872492142602,0.132539046067415,0.132539046067415,0.132539046067415,False,0.4129046487198402,3.967592027980067e-05,8.98791354634274e-05,0.0001114636665886,2.8093530232599817,0.1936463404250215,0.4503998183451579,0.3559538412298206,-0.804664713029124,0.5829058471896515,-0.1128515525718273,20020.54269169317,True,body,high
-0.0090406986156969,0.0016999148730186,-0.0055110526757945,0.0002413605330191,0.0002406547273047,0.6932203047185976,0.6932203047185976,0.6932203047185976,False,0.1675044951046814,6.199853599120418e-05,4.213486455200624e-05,2.1998518236381456e-05,2.8183050933253373,0.3203893627748891,0.3247874485049382,0.3548231887201726,-0.33108747721956,-0.8704996131230358,-0.3641586274977326,21003.04248093547,True,body,high
-0.0090144195831446,0.0030339863369945,-0.0057710575249085,0.0013835712786073,0.0004240842812371,0.4348640759100231,0.4348640759100231,0.4348640759100231,False,0.2143303481355749,7.260013339821449e-05,3.27797906813935e-05,3.0301840196532184e-05,2.3958984974953115,0.5484885612868629,0.034131486663663,0.4173799520494741,-0.5910785615924395,-0.4970193545028244,-0.6352935504752175,10745.552755603016,True,wing_L,high
-0.0092321323522633,0.0033182103352615,-0.0052410273411641,0.0015828517748322,0.000728110441238,0.3521293676007447,0.3521293676007447,0.3521293676007447,False,0.1507694715948389,3.528701326000482e-05,8.417555293738254e-05,6.627872312714489e-05,2.385454170268052,0.2126131541250574,0.3681794628684475,0.419207383006495,-0.7745051982678237,0.6260945625745722,0.0902623762742499,14992.3322645689,True,wing_L,high
-0.008908900401753,0.001570306905149,-0.0051998666590894,0.0002531886625855,0.0002211516414833,0.132333408892368,0.132333408892368,0.132333408892368,False,0.8603032441761846,4.092990408855554e-05,0.0001196499632958,0.000122165050754,2.984738261045199,0.0205876184937001,0.6443746285980033,0.3350377529082965,0.293955660029863,-0.7295099646081875,-0.6175801822223319,16451.05942082399,True,body,high
-0.0089745890397767,0.0016495710593396,-0.0054656901419763,0.000234777676726,0.0002341839400133,0.1252784900713867,0.1252784900713867,0.1252784900713867,False,0.3597063678072733,0.0001184255689674,0.0002133263813963,8.11795977394624e-05,2.6278324522004475,0.4448620550713479,0.1745961797325347,0.3805417651961174,0.0799684293841725,0.9872514516967384,0.1376212971327877,16415.18420621716,True,body,high
-0.0093316726980202,0.0019428104607248,-0.0052821300860705,0.0003234467680929,0.0003054606398519,0.3020852827343793,0.3020852827343793,0.3020852827343793,False,0.1189973340248921,3.470149550150867e-05,4.306985770778187e-05,2.2081079948262506e-05,1.9505322116806567,0.1942974193936378,0.2930219932202355,0.5126805873861267,-0.4436859563212808,0.5486512343730415,0.708607504323944,5884.135423693904,True,body,high
-0.0089320924231582,0.0016846846248523,-0.0054249452263154,0.0002156929755413,0.0002146682883374,0.1719843925247681,0.1719843925247681,0.1719843925247681,False,0.0578557019485109,0.0001984809442349,0.0001099720365768,8.177877526762152e-05,2.427047159675116,0.445931512464736,0.1420451792886043,0.4120233082466595,-0.677670925901945,0.723984049814298,-0.1288767310327538,19457.14714286938,True,body,high
-0.0094912227004684,0.0007991694184541,-0.0053108605436565,0.0010315974560985,0.0002572256265178,0.332608851016025,0.332608851016025,0.332608851016025,False,0.1873182758437785,5.925580167454841e-05,5.561796944892658e-05,2.410607627699856e-05,2.4581271955523047,0.0613920008306014,0.5317942257367693,0.4068137734326294,-0.6611777433201823,-0.6975666015188995,-0.2761246605854035,18915.679726317583,True,wing_R,high
-0.0087123632884965,0.0016525700434404,-0.0053740982381998,0.0003883460178616,0.0003851323455076,0.118826728792784,0.118826728792784,0.118826728792784,False,0.1594619603198,0.0002351655581256,9.064663254994622e-05,7.858005490419306e-05,2.992687628080336,0.614541205470605,0.0513109901889026,0.3341478043404922,-0.5440830490073023,0.8334156257931956,-0.0969124887032275,16650.524101422838,True,body,high
-0.0090479899656002,0.0016125091199926,-0.0055133804178532,0.0002722327720194,0.000264488339105,0.1071263266299626,0.1071263266299626,0.1071263266299626,False,0.5438937103094957,6.169907674695507e-05,5.224650308319346e-05,6.602114538332491e-05,1.2636471627239385,0.0654649144796793,0.1431749420413579,0.7913601434789628,-0.8727313412257789,0.1593366092568225,0.4614670638223179,12385.613090324898,True,body,high
-0.008901197591654,0.001573040692237,-0.0051718820582337,0.0002662429765466,0.0002356205345272,0.1149613552116539,0.1149613552116539,0.1149613552116539,False,0.9041772422608304,4.9843835577763566e-05,0.0001148664803026,9.562065522151524e-05,2.304527309570519,0.1675495325569872,0.398522001571908,0.4339284658711048,0.1217481196314513,-0.6301074686792845,-0.7669041486918624,14403.437094991012,True,body,high
-0.0085067420277129,0.0015573436953322,-0.005261778203609,0.0006001054380999,0.0006000962243031,0.0658258739156231,0.0658258739156231,0.0658258739156231,False,0.2680496531049448,0.0001536198953037,6.609403339828127e-05,7.26965751385274e-05,2.3242626815958203,0.5267763007208484,0.0429797307646255,0.430243968514526,-0.1542271279393083,-0.4801155227049294,-0.863541011107964,22131.325504370336,True,body,high
-0.0088875201952117,0.0016989913170564,-0.0053916093467745,0.0002262135440723,0.0002223693496183,0.1203426598171416,0.1203426598171416,0.1203426598171416,False,0.5403677537102208,7.834741218789562e-05,0.0001724186485102,7.554505673631608e-05,2.2823286652897288,0.545597805893684,0.0162532039068454,0.4381489901994705,-0.3412159435930538,0.8892624279910416,0.3046046847988051,23139.90572532949,True,body,high
-0.0084302447997921,0.001548033619356,-0.0052119473542942,0.0006787745093793,0.0006787197282359,0.0947426642672056,0.0947426642672056,0.0947426642672056,False,0.8995779140808783,0.0001432683701776,5.9592087022195e-05,6.696253770019013e-05,2.404150908900559,0.5326076675742275,0.0514450654310772,0.4159472669946952,-0.3530034038687669,-0.4172159718451589,-0.8374481653776334,16980.538385812895,True,body,high
-0.0093122618657636,0.0018461613996641,-0.0060201461762757,0.0007867420999996,0.0007677764719912,0.3996459311432957,0.3996459311432957,0.3996459311432957,False,0.2553549934438534,9.093374575521675e-05,8.926443891215534e-05,3.2160275978291764e-05,2.827517581521912,0.0183573966869792,0.627975483244487,0.3536671200685337,0.773026573857533,-0.5246145513089479,-0.3566643922022432,5136.950665230011,True,body,high
-0.0095692617280186,0.0019593538711285,-0.0057571636059738,0.0007210875063067,0.0007067552844526,0.2329480131560513,0.2329480131560513,0.2329480131560513,False,0.2946494327054158,0.0001049403036377,4.216452999857866e-05,9.666507413011562e-05,2.488828966936333,0.0788565424412263,0.5193480697338854,0.4017953878248883,-0.401166623970453,-0.8078692580646774,-0.4317552566977933,5777.913620370855,True,body,high
-0.0094853713543838,0.0018912248289671,-0.0055661551064803,0.0005219977718396,0.0005176015258391,0.1535555688970623,0.1535555688970623,0.1535555688970623,False,0.1860379954390007,7.308027950487691e-05,0.0001682276066551,7.221378469796924e-05,2.3295774810686254,0.5655868798353996,0.0051507289685456,0.4292623911960547,-0.3226311830611079,0.9142493223032506,0.2450659021256054,6189.764413494157,True,body,high
-0.0090103882214796,0.0017017337792588,-0.0055287849909924,0.0002643108948621,0.0002622152706407,0.0998361104559471,0.0998361104559471,0.0998361104559471,False,0.4170172042045544,4.323991286378155e-05,9.62153750870255e-05,9.882218170023316e-05,2.285438964957032,0.026378759994544,0.5360685355433612,0.4375527044620947,-0.7284285482956345,0.6735689610888153,0.1252864904355185,23179.429376417127,True,body,high
-0.0088802070166051,0.0015367926380931,-0.0051786151260599,0.0003016781569379,0.0002619385196947,0.1154094189435144,0.1154094189435144,0.1154094189435144,False,0.5906022531296675,4.916706102921133e-05,0.0001123550832448,0.0001270006039129,2.583042412022806,0.1153185120139653,0.4975411160953191,0.3871403718907156,0.0985117674404818,-0.6308752930059058,-0.7696049612304126,15041.296792334126,True,body,high
-0.0088553856576548,0.0016841447080124,-0.0053161668349725,0.0002328990691874,0.000231799472296,0.1348100337542963,0.1348100337542963,0.1348100337542963,False,0.6377923706034423,0.0001012585859826,0.0001854336380384,7.286669891699806e-05,2.5448337964323304,0.45393625960296,0.1531107697936448,0.3929529706033951,-0.04400036654742,0.952734804160632,0.3006000011388803,18395.27130803373,True,body,high
-0.0084815332817955,0.0019492799823383,-0.0053990344674905,0.0006419709966095,0.0005000490155246,0.1528231104653861,0.1528231104653861,0.1528231104653861,False,0.1130235100985419,0.0001765316802016,0.0001152666322942,7.670413516039426e-05,2.301462363567484,0.3470484608622154,0.2184451940286229,0.4345063451091617,-0.6348132778948097,0.7692063781209184,-0.0730318428258922,5919.585207767252,True,body,high
-0.0087592870810791,0.001698869121546,-0.0054568868464204,0.0003681634820564,0.0003557474845912,0.1073405726548563,0.1073405726548563,0.1073405726548563,False,0.5086448610722866,5.791091560619348e-05,5.436783182507662e-05,6.320724065593167e-05,1.16258527394094,0.0837930116039824,0.0560550301571241,0.8601519582388933,-0.8906622439566508,0.1826586956543298,0.4163611030007031,10633.599722114808,True,body,high
-0.0088099618119997,0.0016360091226823,-0.0052972282747801,0.0002886519143694,0.0002884174140412,0.1238737679003211,0.1238737679003211,0.1238737679003211,False,0.3154856024041021,5.239659531500426e-05,0.0001230768898672,9.64160756407002e-05,2.348948230840147,0.216619174040614,0.3576583741528041,0.4257224518065818,0.0821768797416964,-0.6375322392339632,-0.7660284618558554,14784.361613642228,True,body,high
-0.0083977960994022,0.0015509900220519,-0.0051640603728335,0.000714906144892,0.0007148074305417,0.1114974701395813,0.1114974701395813,0.1114974701395813,False,0.8905153680651481,9.324091068254907e-05,0.0001532022701957,5.9811461370984806e-05,2.561419946680452,0.3913868863469554,0.2182046602106561,0.3904084534423884,-0.054570533008695,0.9643469446247752,0.2589537165595577,13959.048701481051,True,body,high
-0.0086621251914644,0.0015854718831041,-0.0052787106677207,0.0004440034989706,0.0004437189569936,0.1236829271859479,0.1236829271859479,0.1236829271859479,False,0.9625722655205492,4.692126472405867e-05,0.0001093871226025,7.255168375401458e-05,2.3312910094367543,0.3367438321090807,0.2343092899798676,0.4289468779110517,0.0763934087623224,-0.6168374679228694,-0.7833744859670729,17158.133055945014,True,body,high
-0.0084724875071917,0.0015790548694661,-0.0052152967683299,0.0006295173229006,0.0006290273112477,0.0616461764301324,0.0616461764301324,0.0616461764301324,False,0.2904151311836611,0.000143343400437,5.952937812680917e-05,6.260701611846963e-05,2.407943858101455,0.5632375405663398,0.0214703849795445,0.4152920744541156,-0.1596564413364197,-0.4422367023763105,-0.8825738041722725,18573.219538995912,True,body,high
-0.0095521059829572,0.0007661315143423,-0.0052249853010754,0.0010877821425139,0.00021613595276,0.355106566815766,0.355106566815766,0.355106566815766,False,0.2234667448093541,9.230084669413702e-05,4.2338600837919816e-05,3.839977316292941e-05,2.40368208172758,0.5412978065280394,0.0426737978692951,0.4160283956026654,-0.4797200510496489,-0.8597458439776747,-0.1752305806189036,11637.22877701351,True,wing_R,high
-0.0090472966961653,0.0030756794446743,-0.0057648501212623,0.0014193255786878,0.000455953058612,0.4509976237969346,0.4509976237969346,0.4509976237969346,False,0.1420198479447314,6.426509319535865e-05,2.770443812259585e-05,2.317489446777994e-05,2.773047932740597,0.5689037898322581,0.0704821767090045,0.3606140334587374,-0.623204769072225,-0.5674134163591734,-0.5381986907650798,15462.399404708374,True,wing_L,high
-0.0086074018486926,0.0016120781699752,-0.0052890467302779,0.0004878635035278,0.0004870568788686,0.1613921780097801,0.1613921780097801,0.1613921780097801,False,0.5463467075652828,5.452776214404176e-05,8.515722947022192e-05,3.5893225641602655e-05,2.372515368792014,0.3596813507993561,0.2188250676820727,0.4214935815185712,-0.7147927961331405,0.6975766975206483,-0.0495783185712568,19973.76128629531,True,body,high
-0.0085018792878858,0.001588166603497,-0.0052223868668621,0.0005982362642114,0.0005976925373672,0.1078365567423083,0.1078365567423083,0.1078365567423083,False,0.248924079224527,4.45925880507602e-05,9.042740820909744e-05,0.0001018197450847,2.2833333864558005,0.1118873050230929,0.4501565007865334,0.4379561941903736,-0.6925734610504628,0.7061646802119829,0.1472190390869701,16300.680173007086,True,body,high
-0.0088927272020145,0.001564109911561,-0.0052076304151617,0.0002661977290399,0.0002363964576387,0.1307359964493449,0.1307359964493449,0.1307359964493449,False,0.6630266231696466,5.480663005426247e-05,0.0001257990877837,0.0001351710699599,2.466326972230936,0.0693342309039469,0.5252045260170617,0.4054612430789913,0.0834153967297318,-0.6360314954654935,-0.7671413222896737,16640.189496666615,True,body,high
-0.0088722980521308,0.0017082053047328,-0.0053400201523495,0.0002173056296357,0.0002127132506477,0.138926610883685,0.138926610883685,0.138926610883685,False,0.4197885052120437,8.857771776514573e-05,0.0001996038310083,8.210902739841863e-05,2.430960849649008,0.5562323763141775,0.0324076463565355,0.411359977329287,-0.0359523689380646,0.962943879914649,0.2672948022365257,21544.696337609057,True,body,high
-0.0088653942217079,0.0015461235140096,-0.0055143662714629,0.0003746085090324,0.000368273927332,0.3250712144797186,0.3250712144797186,0.3250712144797186,False,0.3896420894548468,5.787651868625529e-05,6.0511536833649335e-05,2.5475275210103668e-05,2.375304538796505,0.0435457151689586,0.5354556365875325,0.4209986482435088,-0.6374675074164464,-0.7074987350626605,-0.3050913254633731,10754.012380321372,True,body,high
-0.0086352804471218,0.0019275940920864,-0.0054232025514153,0.0005006807192831,0.0003683428009072,0.116678417216217,0.116678417216217,0.116678417216217,False,0.1528636336652534,0.000203343929892,0.000103334442022,8.836855333560094e-05,2.301089270069252,0.4918243093024861,0.0735988956955951,0.4345767950019187,-0.5895527967747128,0.8043633972943838,-0.0736683440030496,7590.180029462638,True,body,high
-0.0087687074860891,0.0015681424114616,-0.0051310901890056,0.0003833226845952,0.0003713150227471,0.1275636016525476,0.1275636016525476,0.1275636016525476,False,0.5600628881923571,5.5832297438630105e-05,4.634481649771374e-05,5.524375377071203e-05,1.2047150395208577,0.010541276195288,0.159386908317356,0.8300718154873559,-0.8164835026805525,0.1582447886581551,0.5552596480143609,8005.966468934353,True,body,high
-0.008979886367601,0.0015891066397481,-0.0053394654560069,0.0001929209398425,0.0001650270740396,0.1137332826040424,0.1137332826040424,0.1137332826040424,False,0.9695169636534772,5.067489337851845e-05,0.0001168660702315,8.909638200553406e-05,2.306192720695242,0.2376197656941199,0.3287651287571415,0.4336151055487386,0.2211725612395834,-0.7054011344632479,-0.6734181001819638,13507.427542441625,True,body,high
-0.0091294487793904,0.001707677568313,-0.005536671756644,0.0002678310017248,0.0002678144025222,0.1288409397485391,0.1288409397485391,0.1288409397485391,False,0.1331003549735628,7.196738157751904e-05,0.0001308127863961,5.774948821220662e-05,2.2651765486734887,0.4498444413564066,0.1086888656453762,0.4414666929982171,-0.1678626234600873,0.911957399517478,0.3743739321993665,13257.982423101836,True,body,high
-0.0085957231236432,0.0018328062679719,-0.0053359749382996,0.0004932197750265,0.000427504806091,0.1632572718777213,0.1632572718777213,0.1632572718777213,False,0.0088572035809355,0.0001248612458295,9.810481969089472e-05,5.811905707090212e-05,2.1483701237131925,0.2142892773563058,0.3202415797980361,0.465469142845658,-0.6478648513830332,0.7613398470309977,-0.0251549530959096,7390.558405625828,True,body,high
-0.0097394325367639,0.0007855549194337,-0.0046778321538891,0.0013093608197633,0.0004824356262622,0.3088511829615842,0.3088511829615842,0.3088511829615842,False,0.1291907418351804,9.260953707623152e-05,3.979730038379703e-05,3.90266204366234e-05,2.372983774667939,0.5702677970300415,0.0083218205327951,0.4214103824371634,-0.3493593117822455,-0.9191141194156878,-0.1821463882753673,8969.101174305068,True,wing_R,high
-0.0088517254844982,0.00173187904372,-0.0054978112685634,0.0003161155728587,0.0002982732772084,0.1458714642142445,0.1458714642142445,0.1458714642142445,False,0.2381624167646389,6.837872287003838e-05,0.0001854363791298,6.8461199314615e-05,2.711901763392936,0.630810310059554,0.0004447694943336,0.3687449204461123,-0.5631836443557177,0.0098662655525729,-0.826272860218862,17575.48137799115,True,body,high
-0.0095403314385985,0.0008547761480119,-0.0047092676595103,0.001151462884786,0.0003877105679788,0.222616855286998,0.222616855286998,0.222616855286998,False,0.1302261602512027,3.689198689136606e-05,8.865521457443638e-05,3.950737089570676e-05,2.4031021922320104,0.5543705907729125,0.0295006223479925,0.4161287868790949,-0.9715977926817744,0.132145644013114,0.1963039939080781,19221.874666588108,True,wing_R,high
-0.0089101845558992,0.0018080266140193,-0.0053245705181045,0.0001853574674366,0.0001394969032,0.1335364284017929,0.1335364284017929,0.1335364284017929,False,0.0623461148032956,4.5125847984046784e-05,8.386777662592475e-05,3.309181558105056e-05,2.5343963500736457,0.4619405712241365,0.1434881534617471,0.3945712753141163,-0.6898758441336714,0.6953860590996986,0.2012698399925951,10812.027860751024,True,body,high
-0.0087446218724708,0.0019937487593357,-0.0056036876344081,0.0005294532927952,0.0003438117264133,0.1178079252187486,0.1178079252187486,0.1178079252187486,False,0.3082835517620906,5.141423058783932e-05,8.760630737676392e-05,0.0001489731890264,2.8975088671591576,0.4119323889802662,0.2429435593441153,0.3451240516756185,-0.8925942250905254,0.4026965805625933,-0.2027585099033799,6833.123442438528,True,body,high
-0.0093531795663426,0.0019632431304889,-0.0053456668344036,0.0003596636861211,0.0003348049110605,0.122890240433665,0.122890240433665,0.122890240433665,False,0.1393540685488587,0.000176817776415,0.0001205229711732,7.529726766802217e-05,2.348262850581245,0.3183775205368721,0.2557757733533418,0.4258467061097861,-0.672312411507454,0.734468060529909,-0.0924807514808669,5312.145961793097,True,body,high
-0.0088856305923328,0.0017347369877745,-0.0055910052786916,0.0003683531944596,0.0003497685883952,0.1174123552939606,0.1174123552939606,0.1174123552939606,False,0.9777244617745064,4.074510715108718e-05,0.0001190657395967,8.961680128144485e-05,2.922209509850255,0.2473334345804332,0.4104597535434245,0.3422068118761422,0.1877432718165796,-0.607360264432573,-0.771923553906733,11297.749665804798,True,body,high
-0.0089242552982099,0.0015747499484869,-0.0053672446032884,0.0002450263823512,0.0002278240409955,0.1056254274645168,0.1056254274645168,0.1056254274645168,False,0.2174835155443162,0.0001117114079828,4.094739496638349e-05,5.452209425047166e-05,2.7281688633556933,0.5119379906225964,0.1215157836536838,0.3665462257237197,-0.9696876406633556,0.2429811500379056,0.0258077560239498,16168.514158361397,True,body,high
-0.0087310718181285,0.001690884899881,-0.0053102881151079,0.0003516169455761,0.0003452399482562,0.1272753733242845,0.1272753733242845,0.1272753733242845,False,0.8850319872667998,0.0001456083677974,7.826728087123926e-05,6.198009129505057e-05,2.349276433045871,0.4624808858506662,0.1118561372711783,0.4256629768781554,-0.575769970768705,0.809965572432046,0.1115558704678172,16118.005362393213,True,body,high
-0.0097327370480656,0.0007921770251226,-0.0046598179536807,0.0013095232572609,0.0004943365653909,0.3274723605780503,0.3274723605780503,0.3274723605780503,False,0.1142517451412166,9.45464409807791e-05,3.538153438099459e-05,3.925517710986227e-05,2.6721973095538023,0.5848053432509143,0.0409707937039657,0.3742238630451199,-0.73926732448128,0.185985443491447,0.64721962096616,9369.942433194978,True,wing_R,high
-0.0092793846750424,0.0033454841433899,-0.0054646368903431,0.0016257658194295,0.0007130421527957,0.4145845219104336,0.4145845219104336,0.4145845219104336,False,0.099281325383367,6.284456094934336e-05,2.700692399856937e-05,2.524671781897113e-05,2.4892170697182703,0.5702583709616709,0.0280088865767887,0.4017327424615404,-0.5891443408148066,-0.6310525753008815,-0.5046598784250764,7441.058790535436,True,wing_L,high
-0.0094080532712906,0.0018685359255469,-0.0056953224607678,0.0005483232040495,0.0005396987079947,0.2568395219229511,0.2568395219229511,0.2568395219229511,False,0.1055018243373593,7.742045978066981e-05,2.920802045451213e-05,7.767871756395579e-05,2.659499560572096,0.0033246916450872,0.6206647179320717,0.3760105904228411,-0.5224341632620254,-0.7403536766391361,-0.4230117948043778,6857.81003346262,True,body,high
-0.0088293262507301,0.0017553541441751,-0.0056474676900756,0.000446311924381,0.0004152034698525,0.1409869844042016,0.1409869844042016,0.1409869844042016,False,0.1583202357210247,7.950602843347084e-05,0.0001910657576375,8.250888491763695e-05,2.403160633252044,0.5681649818479662,0.0157163508589683,0.4161186672930655,-0.4667033264287379,0.0215843111983087,-0.8841505090257235,8431.718153475287,True,body,high
-0.0086384265108628,0.00178333543517,-0.0050478129162597,0.0004962884808793,0.0004793559637959,0.0949226094059916,0.0949226094059916,0.0949226094059916,False,0.0995616573102097,3.674707226199467e-05,8.662927330774266e-05,8.52123904542071e-05,2.3574469467963084,0.0163557051725715,0.5594565940781214,0.424187700749307,-0.7081349662170202,0.6858175528593322,0.1679260367270544,4382.2655515995975,True,body,high
-0.0100932021943069,0.0006188275033722,-0.0047796767680026,0.0015949398313106,0.0006366949287932,0.2052494255002445,0.2052494255002445,0.2052494255002445,False,0.2407120372954218,3.4338808375874644e-05,9.765955180295644e-05,8.090885183702083e-05,2.8439994403407702,0.171521368434424,0.4768611221471567,0.3516175094184193,-0.2507808944255587,-0.8792571282495539,-0.4049886978836126,5206.17090956819,True,wing_R,high
-0.0085724306941904,0.0019856582888212,-0.00535353981728,0.0005651004425249,0.0004005183397786,0.2398911850706251,0.2398911850706251,0.2398911850706251,False,0.0085613211562818,0.0002242003898336,0.0001304599631497,7.979886351015492e-05,2.8095687077688423,0.4181100075404259,0.225963477035743,0.3559265154238311,-0.6272759196354368,0.7478208154076804,-0.2174602232329134,6455.434094216542,True,body,high
-0.0090753021372763,0.001673625244187,-0.0053849074919139,0.0001289643625017,0.0001218444509198,0.1374031471157116,0.1374031471157116,0.1374031471157116,False,0.9605137370358496,5.06303068660538e-05,0.0001157096070025,0.0001189590504833,2.349562107099602,0.0273156474228061,0.547073130393141,0.4256112221840528,0.1733791556123096,-0.6012362237906002,-0.7800350451109117,14191.31316025774,True,body,high
-0.008840501685283,0.0016719148293266,-0.0051800081603944,0.0002652983593072,0.0002650467319354,0.1165064756175227,0.1165064756175227,0.1165064756175227,False,0.1708777960329988,9.74026038595812e-05,0.0002003257299019,8.887327848593416e-05,2.2540603127816725,0.5137788645159995,0.0425772833965077,0.4436438520874927,0.061311368761834,0.971516598851875,0.2289026304257678,8706.722854573829,True,body,high
-0.0090826051223148,0.0030954044774046,-0.0054564407001407,0.0013639771396349,0.000445753351709,0.3554143668261021,0.3554143668261021,0.3554143668261021,False,0.1340048546235064,6.402083569992089e-05,2.753247127598649e-05,2.1770279542257187e-05,2.940744769751499,0.5699451440303439,0.09000494402694,0.340049911942716,-0.6151895362320754,-0.4631028956418077,-0.638026286730208,7681.133236146499,True,wing_L,high
-0.0086160767580535,0.0015961442231849,-0.0052841182881284,0.0004840193758055,0.0004839252902088,0.1376351152650942,0.1376351152650942,0.1376351152650942,False,0.3126702441072533,0.0001812877328982,0.0001056658703046,8.076530611262973e-05,2.2446238567511982,0.417137229224656,0.1373538286012327,0.4455089421741112,-0.6251701942233743,0.770185957806425,-0.1263954850954274,21745.47037218564,True,body,high
-0.0087382900432456,0.0016130942793596,-0.0048938030525825,0.0005274234480367,0.00051936783967,0.1974992075408702,0.1974992075408702,0.1974992075408702,False,0.0918196281989763,5.709879019782094e-05,5.285546213262035e-05,6.34557160814517e-05,1.2005517220194597,0.1001789322725633,0.066870698610569,0.8329503691168677,-0.8699716637036408,0.1382177383616776,0.4733340904212396,4283.313369960156,True,body,high
-0.0089220781385671,0.0015662936655028,-0.0051990088459215,0.0002477549049264,0.0002100995460038,0.1093381284741483,0.1093381284741483,0.1093381284741483,False,0.3857996501847295,4.844100126475471e-05,0.0001165614789926,0.0001094660689222,2.406256599766507,0.0608726839403306,0.5235440403204835,0.4155832757391858,-0.0238440673396775,-0.6287283414978422,-0.7772593730860204,15343.492709697755,True,body,high
-0.0083710599935347,0.0020315761467041,-0.0052523337304987,0.0007629783896129,0.0005898209322148,0.1413484552128003,0.1413484552128003,0.1413484552128003,False,0.1600010303475656,8.730321986293595e-05,0.0001820809511261,7.675850543836844e-05,2.372127363427233,0.5205252426298077,0.057912232769824,0.4215625246003683,-0.2669667453140086,0.9379276584681536,0.2214056557021336,4521.242073605307,True,body,high
-0.0090391257807399,0.0017310645356936,-0.0055282415424795,0.0002549429963816,0.0002497264719838,0.0896001879883219,0.0896001879883219,0.0896001879883219,False,0.4130119657584119,0.0001194684426291,5.237905903039932e-05,4.021142724841551e-05,2.971007268434901,0.5615657333629276,0.1018480823404615,0.3365861842966108,0.2569870628612642,0.8091992374788572,0.5283504931251382,18728.692984263114,True,body,high
-0.0089019143320735,0.0017249177825958,-0.0053298680372912,0.0001840765791232,0.0001775428451026,0.1475144430304791,0.1475144430304791,0.1475144430304791,False,0.0518563087811595,0.0001102845953692,8.410895016834867e-05,4.5807766195880976e-05,2.4075523547185456,0.2373463411938139,0.3472940517595909,0.4153596070465951,-0.6807196412174736,0.7239271516683783,-0.1120278944641146,18643.93945716665,True,body,high
-0.0097330982236631,0.0007676948833691,-0.0050487771016936,0.0011975408703893,0.0003090733601932,0.2504848624175206,0.2504848624175206,0.2504848624175206,False,0.1376654812081367,5.586718435106814e-05,6.815521946858244e-05,2.463254347993395e-05,2.7668770593707768,0.1802948506853348,0.4582868504375141,0.361418298877151,-0.2397249987898526,-0.950769406395106,-0.1963910914942503,8050.049313933945,True,wing_R,high
-0.0093954424018316,0.0020176156381821,-0.0059780684521405,0.0008178223808641,0.0007622954644303,0.3379205281855462,0.3379205281855462,0.3379205281855462,False,0.2488161120731095,3.114213514268157e-05,4.570583001179573e-05,7.010509842148257e-05,2.2511333311055046,0.3480384302864067,0.2077408804357565,0.4442206892778367,0.214122024067297,0.7801524052994584,0.5878043750388331,5113.7273372644095,True,body,high
-0.0088707901943608,0.001381206140766,-0.005641335979811,0.0005539594470162,0.0005174852732739,0.258311551175923,0.258311551175923,0.258311551175923,False,0.2027853206353423,7.017151929654742e-05,2.4044887460314863e-05,4.9826488400313065e-05,2.918355072876208,0.2899328830298729,0.3674083331592723,0.3426587838108548,0.4264561313671989,0.8982133916087198,0.1065263871258332,5319.878426143591,True,body,high
-0.0087372922158233,0.0018229127930161,-0.005283956595071,0.0003490734977946,0.000297934424584,0.1232052032761002,0.1232052032761002,0.1232052032761002,False,0.122131572139485,0.0001337872080898,5.086153817238932e-05,6.91406892011972e-05,2.6304200167212373,0.4832040358092723,0.136628540873109,0.3801674233176186,0.4868111922961481,-0.8723728962521733,-0.0445016060361565,10248.296568475544,True,body,high
-0.0086558049510225,0.0020287260200446,-0.0055830730451307,0.0005940875288959,0.0003774348000669,0.2043635210457162,0.2043635210457162,0.2043635210457162,False,0.1047527539388641,6.505953644309806e-05,3.36230990721711e-05,8.280788366427166e-05,2.4628272214446,0.2143316123514374,0.3796309720748309,0.4060374155737317,-0.5533987235441471,-0.6941115144612626,-0.4603901153065751,8485.865917206012,True,body,high
-0.0090049749832029,0.0017632871927535,-0.0057141564767742,0.0004440629705602,0.0004247800267742,0.1314563150576047,0.1314563150576047,0.1314563150576047,False,0.1888878344722195,7.589036452964996e-05,0.0001712928617665,7.345192788317718e-05,2.3320403793748907,0.5569554752777722,0.0142354831446318,0.4288090415775959,-0.4074715644707051,0.8692232164366221,0.2800320055910914,10348.729437060456,True,body,high
-0.0098062261603605,0.0020737101843856,-0.0056695459106721,0.0008917866185098,0.0008778300930916,0.467120410621538,0.467120410621538,0.467120410621538,False,0.0314334911863866,2.0793166315273947e-05,1.977258011990031e-05,4.666462566951704e-05,2.360067597983885,0.5544126623337136,0.0218706607142103,0.423716676952076,-0.953972767235466,0.1440531964352494,0.2630297244987629,3384.1034632791307,True,body,high
-0.0094290622391625,0.0018529766661333,-0.0055588278911128,0.0004643640095636,0.0004618454835752,0.0998567582442511,0.0998567582442511,0.0998567582442511,False,0.3318511633595608,4.182303922623143e-05,8.140318117013057e-05,9.397332845134502e-05,2.2469272962928266,0.1337629249529316,0.4211848467663021,0.4450522282807662,-0.6875200999187918,0.7242028799865786,0.0533507340792974,6540.097936953118,True,body,high
-0.0095576216110371,0.0007815744030532,-0.0053349642504296,0.0010767418573343,0.0003095040593317,0.2405795567751572,0.2405795567751572,0.2405795567751572,False,0.1186796390902775,3.1714501866165984e-05,7.41009828022871e-05,7.14193134594896e-05,2.336501551088221,0.0361893896866741,0.535820310228033,0.4279903000852929,-0.2433110057656222,-0.8742344729886545,-0.4201355027982884,14542.659076334518,True,wing_R,high
-0.0083090492225963,0.0016387962423104,-0.0050719483474935,0.000801656396455,0.0007950640811155,0.0993829352194902,0.0993829352194902,0.0993829352194902,False,0.7036382936128218,5.324461759370078e-05,0.0001203443150743,0.0001169219211099,2.260215595737152,0.0284383517595881,0.5291259788794729,0.442435669360939,0.0410655719057143,-0.6648955624280871,-0.7458066169373226,8417.911509477573,True,body,high
-0.0087037698872037,0.0016504180729807,-0.0053552938779437,0.0003927231008764,0.0003899293327419,0.1335509222075894,0.1335509222075894,0.1335509222075894,False,0.1282755127374585,8.539046505971694e-05,0.0001780527905564,7.940721688085867e-05,2.242274664071937,0.5204205180223695,0.0336037877314959,0.4459756942461345,-0.0787071336606262,0.9627368486634884,0.2587333518053361,17523.682506263358,True,body,high
-0.0091107307108826,0.0030947333832011,-0.0055291497087338,0.00137520243623,0.0004646883255977,0.3465629895377147,0.3465629895377147,0.3465629895377147,False,0.2738066206434184,5.991702258422582e-05,2.7565522417607507e-05,2.4400816825848235e-05,2.4555334770905954,0.5399383809691405,0.052818138406504,0.4072434806243554,-0.6053989796190136,-0.5539540279501525,-0.5715129135846877,7129.341277836172,True,wing_L,high
-0.0089321210722012,0.0015722171234854,-0.0053776993242856,0.0002460971887366,0.0002278903836943,0.0953511687124185,0.0953511687124185,0.0953511687124185,False,0.6511657197502051,0.0001178984151111,5.191591059513232e-05,7.23123337384455e-05,2.270949575181822,0.3866555909997113,0.1729999773455543,0.4403444316547344,0.7705283845497932,-0.5952114608576831,-0.2280555315416599,15750.133289885373,True,body,high
-0.0088551483717296,0.0016913572053693,-0.005365096882657,0.0002445946359201,0.0002414255636822,0.1369387063921507,0.1369387063921507,0.1369387063921507,False,0.0952246643344628,0.0002074473933402,0.0001097570383707,7.426518536639385e-05,2.793333004108868,0.4709162809736476,0.1710884501024379,0.3579952689239144,-0.6083292001322688,0.7930691686698446,-0.031255047140517,26188.59257573877,True,body,high
-0.0090342893912694,0.0017710060318105,-0.0053349041834274,7.755165441170061e-05,5.853721546882944e-05,0.1378965754508654,0.1378965754508654,0.1378965754508654,False,0.092686856332977,4.334891516081749e-05,0.0001231924413409,9.495528078344588e-05,2.8418806072511766,0.229211794572028,0.4189085390378856,0.3518796663900863,0.069858026601294,-0.7359907551399352,-0.6733776536743111,12630.63015650123,True,body,high
-0.0092380515019819,0.0019539746272873,-0.0052563412031858,0.0002658294094333,0.0002254326157752,0.069488098817365,0.069488098817365,0.069488098817365,False,0.920061448765835,0.0001866184551163,8.027752984945845e-05,7.764442600363809e-05,2.403500994489821,0.5698307019023681,0.0141095576221489,0.4160597404754829,-0.5875499879768009,0.786219954889555,-0.1914241211601279,5871.144522278112,True,body,high
-0.0087148390196597,0.0019829026327175,-0.0054894613196578,0.0004837210147817,0.0003007507358754,0.1175322738820583,0.1175322738820583,0.1175322738820583,False,0.1163124497148802,0.0001256792335418,5.748189871673265e-05,7.633510233683414e-05,2.1864140946562,0.3926196063933942,0.1500104917000578,0.4573699019065479,0.4810623432299055,-0.8753177536779906,-0.0489678672423888,6999.503924027349,True,body,high
-0.0088529703870821,0.0015097142564048,-0.0051754169209785,0.0003391659020225,0.0002952664306647,0.0967859546013078,0.0967859546013078,0.0967859546013078,False,0.3025148593873211,7.842934583464571e-05,0.0001781633675253,7.400747714560715e-05,2.407369827980692,0.5597897203895965,0.0248191800057355,0.4153910996046679,-0.4231900610732615,0.8664427093018432,0.2649286766405075,12036.218902018682,True,body,high
-0.0089998834632532,0.0018390105944921,-0.0058646758129855,0.0006009392019897,0.000554488334564,0.1202490722033793,0.1202490722033793,0.1202490722033793,False,0.1226202652859189,4.600990772668346e-05,6.240832961577004e-05,0.0001034226795997,2.247834970984178,0.3965701734158683,0.1585573101813077,0.4448725164028239,-0.6845376561949068,0.723230341195179,0.0913568323985062,6884.625795270902,True,body,high
-0.0090578227799625,0.0017530968945619,-0.0053888075987389,0.0001144206236297,0.0001080143061056,0.1055249124168936,0.1055249124168936,0.1055249124168936,False,0.4068087846018751,4.090145833888801e-05,0.0001094215013414,0.0001172854911412,2.867513675660539,0.0670499796967553,0.5842158508769567,0.3487341694262879,0.1536652915275698,-0.6646564386680541,-0.7311763102814848,13597.51829119425,True,body,high
-0.0089758607006286,0.0020559958754393,-0.0052110995247848,0.0003350453239913,0.0001303770806056,0.0744051308408903,0.0744051308408903,0.0744051308408903,False,0.2565557032202069,0.000155873369845,7.428558571019397e-05,6.571491477319539e-05,2.3719633569188407,0.5234234957258396,0.0549848312480682,0.4215916730260922,-0.6765757709454499,0.7166096912817491,-0.1694573000217047,3700.505814126236,True,body,high
-0.0085782074374075,0.001383152230057,-0.0048158644462222,0.0007686220181673,0.0007193754449037,0.1696243570472859,0.1696243570472859,0.1696243570472859,False,0.1185490545832888,0.0001161117549005,4.7082498246391466e-05,6.989068092020635e-05,2.4661341098115583,0.398074028077032,0.1964330200103033,0.4054929519126645,0.4978052809807071,-0.8643076020184859,-0.0718489479447949,5171.090538641697,True,body,high
-0.0089832559173887,0.0018562928828744,-0.0058929118044885,0.0006337134187393,0.000578540860954,0.2169131055379389,0.2169131055379389,0.2169131055379389,False,0.1226936307687843,3.30169797022184e-05,3.2013241708526193e-05,7.547405337957209e-05,2.3575885899574747,0.5625386709234987,0.0132991133872754,0.4241622156892257,0.920878365600874,0.2716039511534479,0.2796682489774245,6004.72351123476,True,body,high
-0.0083883785564766,0.0017422396823632,-0.0048946906489238,0.0007874460373415,0.0007752729943396,0.1367252674469301,0.1367252674469301,0.1367252674469301,False,0.0515266037225835,4.4999930378273386e-05,0.0001334170737637,0.0001080837040502,2.9648284484496137,0.1898810174655987,0.4728313392905144,0.3372876432438869,0.2570666403477566,-0.7367081535155561,-0.6254421147988173,4430.854770425565,True,body,high
-0.0089888221230594,0.0018114251354689,-0.0057694066470268,0.0005054087355201,0.0004682064370566,0.0850402214635128,0.0850402214635128,0.0850402214635128,False,0.1756723557287866,0.0001040527756117,4.627177086071253e-05,4.615665144436895e-05,2.254339783230992,0.5553047903944647,0.001106356035836,0.4435888535696992,0.2707066047732716,0.7525764263448236,0.6002888110253115,9274.858528782548,True,body,high
-0.008743134506366,0.0015984368271431,-0.0053325604666491,0.0003683559686624,0.0003678959124216,0.0805494956489935,0.0805494956489935,0.0805494956489935,False,0.5034363618156138,0.000148104334601,5.607904981094253e-05,6.555111023773922e-05,2.6409922261588084,0.5573991104696213,0.063955322120114,0.3786455674102646,-0.203135044069607,-0.4371283941647208,-0.8761591869550941,14446.335676215942,True,body,high
-0.0087233286012973,0.0015463496575523,-0.0053269666695595,0.0004080709652158,0.0004033871098262,0.1641541727927958,0.1641541727927958,0.1641541727927958,False,0.0976428389952145,0.0001320983396874,5.17715893361848e-05,7.701345339204601e-05,2.551560448137672,0.4169990813338641,0.191083885804979,0.3919170328611568,0.4707227943524927,-0.8817780425798905,0.029791517265107,11246.373579994535,True,body,high
-0.0094617210464271,0.0015651218820109,-0.0054677394949282,0.0004650810131303,0.0003938108932465,0.1272977361568939,0.1272977361568939,0.1272977361568939,False,0.1571489479612581,8.697280954327601e-05,0.00019378442592,6.650101947988353e-05,2.9140068443414737,0.5511878256968327,0.105642081226057,0.3431700930771102,-0.3212422170879937,0.8953934287157433,0.3083407948570146,4625.107867622299,True,body,high
-0.0090479096506276,0.0016766547983715,-0.0054253852841424,0.0001657903981793,0.0001642308078244,0.1214010775517993,0.1214010775517993,0.1214010775517993,False,0.085139520207674,5.562688112288063e-05,0.0001010081099367,3.794400612204356e-05,2.6620307199990525,0.4492830213560638,0.1750639133027684,0.3756530653411677,-0.6994979596705571,0.7142088117400552,0.024665312679671,15673.19270726486,True,body,high
-0.008659072786116,0.0016096368634514,-0.0052812947938293,0.0004389225624862,0.0004388495213136,0.1354992461668211,0.1354992461668211,0.1354992461668211,False,0.2750310595330523,4.185555859239512e-05,0.0001142657224511,0.0001001834520286,2.730001134709558,0.1232414246412488,0.510458361309064,0.3663002140496872,0.1127566662710688,-0.6758748136353633,-0.728340010232033,18252.763803614893,True,body,high
-0.0089783902912376,0.0015357434970376,-0.0054782627994093,0.0003059123787792,0.000280983905371,0.1082718417126778,0.1082718417126778,0.1082718417126778,False,0.1289767712255853,0.0001882518815235,6.543000680147487e-05,9.005004287283472e-05,2.8771490440877003,0.5216512996095273,0.1307824170048706,0.3475662833856021,-0.3733611123362556,-0.3751546065113611,-0.8484459328727664,9778.879280859626,True,body,high
-0.0090476284003341,0.0017575231748866,-0.0053935107941279,0.0001215475416817,0.0001125059102765,0.0950841598538945,0.0950841598538945,0.0950841598538945,False,0.240625070921399,4.037027330181997e-05,6.586669001925755e-05,8.47709692810208e-05,2.099836398115224,0.2230041654837571,0.3007682575023466,0.4762275770138963,-0.245669557200483,-0.6656233696439853,-0.7046928397881629,13441.819072559272,True,body,high
-0.0087876767508335,0.0015256316452948,-0.0051917291353829,0.0003719547094291,0.0003491092382643,0.0846660727783822,0.0846660727783822,0.0846660727783822,False,0.3006330166454715,0.0001803690862135,7.034586337943058e-05,7.7164385227971e-05,2.5640325891051314,0.572186194165273,0.0378031623471539,0.3900106434875729,-0.247172713844202,-0.5233755880617512,-0.8154652925489277,9485.58557398922,True,body,high
-0.0079053621731706,0.0019028829017319,-0.0050433864376847,0.0012052911320967,0.001110520241727,0.1604941001035156,0.1604941001035156,0.1604941001035156,False,0.0355488685516962,9.155565905809702e-05,4.04896457304549e-05,5.602452556193062e-05,2.261211660571089,0.3880823300460321,0.169676893720114,0.4422407762338538,0.4965666680688048,-0.8594872767401487,-0.1212566092419251,3535.268744585851,True,body,high
-0.0091783574484425,0.0033098936245113,-0.005885667894878,0.0016838684044855,0.0006703406288097,0.339011313177928,0.339011313177928,0.339011313177928,False,0.0273753016571525,9.394107080713584e-05,3.783448404459382e-05,8.489726058365665e-05,2.48294837842672,0.0962711000180788,0.500981904237437,0.4027469957444841,-0.7622626010528039,0.631809821937928,0.1406132139557931,10878.091980547451,True,wing_L,high
-0.0082641855837823,0.0011395311137876,-0.0050095901101493,0.0010472135815573,0.0009836975769569,0.391932494158608,0.391932494158608,0.391932494158608,False,0.0451583367465281,5.318189293102601e-05,1.8623912930526576e-05,2.008243987617589e-05,2.8555703159380235,0.6223820031712352,0.0274252544478051,0.3501927423809597,0.3204641999740852,-0.9429590426301152,-0.0901717275927788,2508.254275594991,False,body,high
-0.0089931876696216,0.0029948816294283,-0.0058606075196435,0.0013836824793065,0.0004587483498244,0.4207713004367751,0.4207713004367751,0.4207713004367751,False,0.0165995828601512,6.69847009441445e-05,3.421181763919109e-05,0.000102065225289,2.983332436922644,0.3437069211925743,0.3210974473639796,0.335195631443446,-0.5971706781148376,0.6809638410509928,0.4238813848011532,6491.941593269382,True,wing_L,high
-0.0091617351427225,0.0016682501300515,-0.0051795748821225,0.0001489608686177,9.371053807998948e-05,0.1569390486567002,0.1569390486567002,0.1569390486567002,False,0.0490831837400137,2.85294583597258e-05,8.25413101684059e-05,3.504842094068381e-05,2.893195837356908,0.5753832733067133,0.0789781815633604,0.3456385451299262,0.9371962721254185,-0.3421320899796337,-0.0678879998260851,5904.6142071379545,True,body,high
-0.0093566562974424,0.0017728152252818,-0.00580906921962,0.0006022546166957,0.0006004077012506,0.202290436020348,0.202290436020348,0.202290436020348,False,0.0117488738184554,3.32083143982691e-05,9.642251232299714e-05,3.9428816852200615e-05,2.903565389275612,0.5910828716003421,0.0645129680203105,0.3444041603793473,-0.8853333768428957,0.1824405638543247,-0.4276683908222251,5042.705016729415,True,body,high
-0.0093930673142318,0.0008548549233298,-0.005325227487769,0.0009442831796923,0.0002385249324582,0.3422861398365721,0.3422861398365721,0.3422861398365721,False,0.0254284308581201,7.127234563138352e-05,7.470075538969037e-05,3.331260851492086e-05,2.242416872165132,0.0458952488555426,0.5081573394865773,0.4459474116578801,-0.3100446489047073,-0.946490995736973,-0.0895941441969816,12434.994460232829,True,wing_R,high
-0.009360740379941,0.000915747802851,-0.0048223817144732,0.0009856867629337,0.0002681905476076,0.329161796917969,0.329161796917969,0.329161796917969,False,0.1039955864954727,6.906654906822705e-05,3.987080852578829e-05,3.060857497630285e-05,2.256444448057394,0.4227189708522702,0.134105926449804,0.4431751026979257,-0.4374213240281582,-0.8456351281174799,-0.3058820285325478,8370.225149042879,True,wing_R,high
-0.0095076034336718,0.0008638766053495,-0.0048202058631263,0.0010802734296048,0.0002808392375846,0.4799061731084173,0.4799061731084173,0.4799061731084173,False,0.0229750952684508,2.7702298103354488e-05,5.775874141966924e-05,2.571749995919891e-05,2.2458925444271065,0.5203791249176923,0.0343635975329558,0.4452572775493518,-0.75220668194798,-0.5816114942530857,0.3096985266117733,8503.980224704941,True,wing_R,high
-0.0077568098597594,0.0023730169101106,-0.0043979824556471,0.0017062571035344,0.0014957311926189,0.3112970883534544,0.3112970883534544,0.3112970883534544,False,0.0077724418304052,8.208984484821845e-05,3.520566855334139e-05,5.7767996109774415e-05,2.331722368056756,0.2962832830713028,0.2748491923471175,0.4288675245815797,-0.9274109094626192,0.3531697353183939,-0.1232077232354095,1511.9917719462271,False,body,high
-0.0095461187547992,0.0008414910981743,-0.0046753403592181,0.0011809678112502,0.0004161548020093,0.2986472073976868,0.2986472073976868,0.2986472073976868,False,0.0141522872238452,5.957975587508864e-05,4.4842920436685226e-05,2.4539014204491634e-05,2.4279604461120985,0.2473463548474381,0.340785321020139,0.4118683241324229,-0.3682825730723773,-0.922718658054478,-0.1138341971875449,14492.630282204062,True,wing_R,high
-0.0083040485298883,0.0021552220425197,-0.0053525079664737,0.0008792135925654,0.0006028945229342,0.3922846331084862,0.3922846331084862,0.3922846331084862,False,0.0379811840011811,5.387594753786373e-05,2.369659050633121e-05,2.246209213783648e-05,2.398527581814692,0.5601638284008393,0.0229137198492357,0.416922451749925,-0.7736970332988955,-0.4719081121139562,-0.42272406411929,3473.6066154836867,True,body,high
-0.0084131005337798,0.0017515295314216,-0.0050310452227733,0.000707940690816,0.000688129348062,0.4271348125973702,0.4271348125973702,0.4271348125973702,False,0.0054060385249392,2.084800872009204e-05,3.934685405127574e-05,5.821496880508556e-05,2.792351518396168,0.3241110515232558,0.3177678475294085,0.3581211009473355,0.739982889823258,-0.6103802583777005,0.2825973512819812,5119.72068501126,True,body,high
-0.0087124269700805,0.0020531164022939,-0.0056906309013653,0.0006328361831455,0.0004060857715241,0.289523457533781,0.289523457533781,0.289523457533781,False,0.0439548747376534,8.970598587635489e-05,3.992426772443391e-05,6.738187577131744e-05,2.246903725211076,0.2488586451277354,0.3060844577833343,0.4450568970889302,-0.7421913701205483,0.6700153492344667,0.0152119002362943,5547.344259331574,True,body,high
-0.0089739222125577,0.0031071660017045,-0.0050606053499658,0.0013846218156068,0.0005866465601753,0.3856285545663851,0.3856285545663851,0.3856285545663851,False,0.0301205639738611,7.921079298737723e-05,8.618536156910409e-05,3.782405784827203e-05,2.2785858120995184,0.0809252111350092,0.4802060858782961,0.4388687029866946,0.8153971252270866,-0.5721277410953122,-0.0883027521687647,4151.008315851803,True,wing_L,high
-0.008025125096455,0.0018337781244407,-0.0049603591743518,0.0011021484486893,0.0010450848707584,0.2468520791096878,0.2468520791096878,0.2468520791096878,False,0.0137083095838584,2.114907096082148e-05,4.95175834641111e-05,1.6904482696587476e-05,2.929257543864815,0.5728977570937057,0.0857188086997491,0.3413834342065451,0.6125527745783809,-0.780620205900646,0.1241418241204805,4326.525193096664,True,body,high
-0.0096464761994124,0.0004743685300638,-0.0052322104690675,0.0013915838632742,0.0002709776051466,0.3237293772665169,0.3237293772665169,0.3237293772665169,False,0.0516675873519097,3.540931532692448e-05,3.5362913444458844e-05,8.079342469256502e-05,2.2846936754648213,0.5617302340918963,0.0005743274609562,0.4376954384471475,-0.9370934837832928,0.3434843102813509,0.0622441261601144,3361.010381015912,False,wing_R,high
-0.0094463217135148,0.0008527280851387,-0.0053569418212457,0.0009674938340133,0.0002805082785884,0.564080474054534,0.564080474054534,0.564080474054534,False,0.034829956609773,1.9043051682035595e-05,1.7781318245472653e-05,4.314118115897103e-05,2.426208257644526,0.5585876146537617,0.0292466131586332,0.4121657721876051,0.7677311101165074,0.0284659756735961,-0.6401395400912409,16360.946074423304,True,wing_R,high
-0.009024190469785,0.0030480188721222,-0.0057910208474852,0.0014034618476008,0.0004452569874468,0.4151345803359847,0.4151345803359847,0.4151345803359847,False,0.1176618052444546,7.574705337585348e-05,3.2584740431544214e-05,2.533772452475316e-05,2.989497075866224,0.5698216764966395,0.0956738986377685,0.3345044248655919,-0.6492561015012532,-0.5762388749428164,-0.4964023304417813,12057.652931627304,True,wing_L,high
-0.0092995348811562,0.0033386288848699,-0.005391544646354,0.0016148019384608,0.0007431715722251,0.4249408589838723,0.4249408589838723,0.4249408589838723,False,0.0131437595390336,4.087872377079674e-05,3.909993558837413e-05,0.0001036199333112,2.650130537351473,0.6054936298017474,0.0171664671611007,0.3773399030371518,0.7108722192255931,0.3306309647497563,0.6207607051690092,6751.355821982177,True,wing_L,high
-0.0094403296397658,0.0008898315166866,-0.0046738573442303,0.0011061507934422,0.0004096956131033,0.2341849300117474,0.2341849300117474,0.2341849300117474,False,0.0575160211294051,6.902170820790805e-05,2.363351088450971e-05,5.07550834966506e-05,2.920501678535941,0.2646504293436856,0.3929426453840428,0.3424069252722716,0.3042521501635531,0.9523439819912128,0.0217156415050345,11833.64330272184,True,wing_R,high
-0.008737811538762,0.0019166870746534,-0.0051166026596115,0.0004131637205771,0.0003398418614919,0.1383827736972809,0.1383827736972809,0.1383827736972809,False,0.0747888313723343,0.0001584339755339,5.295218053667645e-05,7.552632725956013e-05,2.9920198550504167,0.5232946279040009,0.1424829910807001,0.334222381015299,0.4698771070763436,-0.8812615805167148,0.0509267213822796,5104.219481476496,True,body,high
-0.0088637456907451,0.0012684381515795,-0.005396534551225,0.0005343214165089,0.0004041548368964,0.2131795549700851,0.2131795549700851,0.2131795549700851,False,0.1082614602542668,8.383858807759886e-05,3.889334509758659e-05,8.86472673997469e-05,2.279239987646309,0.0542450936526191,0.507012165161682,0.4387427411856988,-0.595199995674081,-0.7401830157899141,-0.3128355291294797,3563.601376125803,False,body,high
-0.0085010576653057,0.0015345525873731,-0.0052836291860604,0.0006127629906304,0.0006126526373566,0.1138838702197188,0.1138838702197188,0.1138838702197188,False,0.2431004354280736,7.627201184055447e-05,0.0001897650935151,8.302486593604864e-05,2.4880043011301227,0.5624861011152109,0.0355853332686559,0.4019285656161331,-0.4883651026264102,0.0436319230650383,-0.8715479228512579,19478.98167293624,True,body,high
-0.0094870198384766,0.001668719244745,-0.0055628692758826,0.0005056163766453,0.0004858397048281,0.3527809162951907,0.3527809162951907,0.3527809162951907,False,0.0111799496065408,6.819611540128611e-05,2.6909280375056345e-05,3.029993298283069e-05,2.5342972554740166,0.5556941505460109,0.0497191458461049,0.3945867036078841,0.4972001251486674,0.2831439000251999,0.8201350909640858,6007.821277163069,True,body,high
-0.0097282274579974,0.000876861597048,-0.0045342704889153,0.0013136288921746,0.000620240942693,0.426979752415172,0.426979752415172,0.426979752415172,False,0.0039715982337552,3.0927910704963025e-05,4.24958384095183e-05,9.147414382954212e-05,2.957656749017424,0.5354333297865312,0.1264611749317007,0.338105495281768,-0.4276470791211519,-0.896275904488037,-0.1175052286211086,5919.42045904083,True,wing_R,high
-0.0081105331984525,0.0013923520463813,-0.0052790360800968,0.0010283322755748,0.0010280966563851,0.2331853618365881,0.2331853618365881,0.2331853618365881,False,0.0640403763946503,0.0001001566082153,0.0001333241599152,4.341958269544106e-05,3.0705997533505105,0.2487737535411607,0.4255569699896929,0.3256692764691463,-0.8009584672410469,0.5919005698727229,0.0901068762038643,3627.8535954643166,True,body,high
-0.0092647283180204,0.0010398435958389,-0.005327796617001,0.0007299232656465,0.0002025787747411,0.3644724573957676,0.3644724573957676,0.3644724573957676,False,0.0128910237826582,3.131316704875028e-05,8.703553761675593e-05,5.0628810058657655e-05,2.7795188356787297,0.4182972674726067,0.2219282322924235,0.3597745002349697,-0.1884509976893651,-0.978090906785702,-0.0884556359595374,4410.387146313973,True,wing_R,high
-0.009465310461143,0.000851129324801,-0.0053442941354523,0.0009753979514119,0.0002746616990624,0.3645512821771757,0.3645512821771757,0.3645512821771757,False,0.0269018291054668,5.9592314348400007e-05,2.022314306510104e-05,5.859712752968157e-05,2.9467385043246868,0.0166999189341796,0.6439418385436616,0.3393582425221586,0.2367141674802707,0.957920182402983,0.1623432384152726,17450.188504939528,True,wing_R,high
-0.0085435174999527,0.0020720415150223,-0.0055825420402328,0.0006974469232355,0.0004485367662299,0.2988936693528658,0.2988936693528658,0.2988936693528658,False,0.0171115307835179,6.222136904359024e-05,5.856913704666648e-05,2.522411949845169e-05,2.4667409717674995,0.0586973905116926,0.5359094160215981,0.4053931934667091,0.700622893597707,-0.7015015461010434,-0.1304727626158872,5540.030679739671,True,body,high
-0.0086742959601354,0.001366069344425,-0.0049564904486611,0.0006379446183488,0.0005690793461422,0.2232751128312267,0.2232751128312267,0.2232751128312267,False,0.0170166434174962,1.4932302022074415e-05,3.55561423960574e-05,1.5686137963335826e-05,2.381156123382367,0.5588346511663435,0.0212012859231038,0.4199640629105526,0.9854612953218206,-0.1215884739164923,0.1186687761515137,4273.96652807812,True,body,high
-0.0092042248705684,0.0017295830018069,-0.0060682769199488,0.0008020925449356,0.0007949053501713,0.2312438644262581,0.2312438644262581,0.2312438644262581,False,0.0443424887177732,4.11880253922667e-05,9.387985655118114e-05,3.338620403379661e-05,2.8119356263487534,0.5612687651497216,0.0831043169970835,0.3556269178531948,-0.2016308882977973,-0.90342470720119,-0.3783765099774092,3753.052284415072,True,body,high
-0.0080920925763107,0.0012438496212359,-0.0052330136914921,0.0011052787313296,0.0010931481706038,0.2956053913663363,0.2956053913663363,0.2956053913663363,False,0.0315849923671562,3.251123731408297e-05,2.8706858408779804e-05,8.524221988066464e-05,2.9694025959522574,0.618601705122212,0.044630218577474,0.3367680763003139,-0.9455521850779494,0.2845290126892511,-0.1580326112939833,2883.2683822893146,True,body,high
-0.0079555674472551,0.0007482579610525,-0.0050191805122629,0.001521268869602,0.0013876392237908,0.4273538002153434,0.4273538002153434,0.4273538002153434,False,0.0057260805465339,5.076675015781919e-05,2.0605082760415413e-05,1.798764201852016e-05,2.8223126803140457,0.59412247787459,0.0515581701361301,0.3543193519892798,-0.9205827796410068,0.3591392190314715,-0.15344825571476,1376.1371913203288,False,body,high
-0.0092767375372366,0.0019961017881387,-0.0050537772850404,0.0003915485141559,0.0003703972524166,0.3557440925008914,0.3557440925008914,0.3557440925008914,False,0.1467299141644952,2.815242294120985e-05,2.422732714578932e-05,6.60120793812725e-05,2.724695092613439,0.5735261908868661,0.0594602659423886,0.3670135431707452,0.9169747825399088,-0.2963393460796242,0.2670959381027496,5414.34626053812,True,body,high
-0.0079758228702238,0.0015276590485153,-0.0046527591146701,0.0012838690257288,0.0012837224985929,0.2203297091924945,0.2203297091924945,0.2203297091924945,False,0.0369071933033873,3.193539290047263e-05,3.1691070414234805e-05,7.506775732674846e-05,2.3687353044733377,0.5745790997662684,0.0032546927594274,0.4221662074743041,0.9251134498661112,0.1833708706812925,0.3324759068901184,4837.606600394282,True,body,high
-0.0089815342257362,0.0017657875243675,-0.0053102198136818,0.0001038080051026,8.636723648462569e-05,0.1471433208941227,0.1471433208941227,0.1471433208941227,False,0.0201984601497254,5.165736711206722e-05,9.991109716927072e-05,3.3928425793210265e-05,2.944760767216759,0.4829666716145793,0.1774471687446325,0.3395861596407881,-0.7362588345805094,0.6420686258954134,0.2137072954836267,13876.637430018827,True,body,high
-0.009887750368902,0.0013318838394068,-0.0047009446739278,0.0010759521722441,0.0007693426087526,0.3757814511383655,0.3757814511383655,0.3757814511383655,False,0.0051903702171005,7.137709726721016e-05,2.6738602490554744e-05,2.6230385031770005e-05,2.7211608667108345,0.6253896065504732,0.0071201754938584,0.3674902179556684,0.7435535100234641,0.5420469128898499,0.3915524510948304,1777.37405111022,False,wing_R,high
-0.00939232790614,0.0034851028872928,-0.0052159825600959,0.0017710638557316,0.0009336212038118,0.3995775647693185,0.3995775647693185,0.3995775647693185,False,0.0705578762780763,2.8025449473474963e-05,6.36293317447476e-05,6.350802352736674e-05,2.2704125336141483,0.0019064826559468,0.5576449269690901,0.440448590374963,-0.4552749730697294,0.7786811871206718,0.4317178566155197,6713.134532250671,True,wing_L,high
-0.0094220064394111,0.0008277271329774,-0.0053588727263068,0.0009819131039174,0.0002800888984271,0.558533785372696,0.558533785372696,0.558533785372696,False,0.0219637410616018,6.025746271793557e-05,2.2738141462922656e-05,2.4053740452451183e-05,2.650061035823565,0.6008172371105892,0.0218329635897022,0.3773497992997085,-0.2744884941380312,0.7988385124846114,0.5352691823346544,14355.3688199481,True,wing_R,high
-0.0086373147991544,0.0019163508358216,-0.004690176360276,0.0007530214663688,0.0007311611137281,0.2880583725288299,0.2880583725288299,0.2880583725288299,False,0.014053587331514,9.458846791354038e-05,7.895888645762539e-05,3.6803397235540766e-05,2.570101540033837,0.1652377060404591,0.4456726084264025,0.3890896855331383,-0.1387755980626555,0.733895002014722,0.6649356806490109,3221.5997264479806,True,body,high
-0.0081314584163259,0.00181840084777,-0.0051778963598286,0.0009537173533888,0.0008886152005252,0.3609995935623316,0.3609995935623316,0.3609995935623316,False,0.0181151596150415,0.000129768987243,9.494414299796428e-05,4.5491833659009726e-05,2.8525776343887883,0.2683602992126566,0.3810795660009447,0.3505601347863987,-0.8189159780410984,0.5577107742834603,-0.135407950863805,4942.204872721002,True,body,high
-0.0091184416919827,0.0019021992650996,-0.005409295191339,0.0002111552947528,0.0001363675735764,0.4455448421978962,0.4455448421978962,0.4455448421978962,False,0.0080479898541486,2.405679159073452e-05,2.967222419115576e-05,5.871958226089189e-05,2.4408733824467164,0.4946792356369009,0.0956313445056847,0.4096894198574144,-0.3704738483968262,-0.6552569692433942,-0.6583216781422334,5441.2321294097,True,body,high
-0.0088393806009517,0.0018206682061318,-0.0055836281327825,0.0003960405524632,0.0003368536356342,0.1717648668536794,0.1717648668536794,0.1717648668536794,False,0.0176713946856565,3.121522203087392e-05,2.690712479547417e-05,7.344471316816552e-05,2.729563776376399,0.5749834033744433,0.058657690248385,0.3663589063771716,-0.4014116734462307,-0.5298556921664588,-0.7470753736403708,7836.434910504496,True,body,high
-0.0089637639747048,0.001513094159253,-0.0052549838183047,0.0002575481074007,0.0001817842990163,0.1031006132204392,0.1031006132204392,0.1031006132204392,False,0.1606308391061409,4.2768933308303466e-05,9.074739969788336e-05,9.603707093915858e-05,2.2454867005185104,0.0550794728488368,0.499582774863836,0.4453377522873271,-0.7660571326949746,0.6372809573100426,0.0838418206931954,8956.364270643831,True,body,high
-0.0094562502578823,0.0008527759396686,-0.0053176390264747,0.0009688170019367,0.0002464816831384,0.2856909724493305,0.2856909724493305,0.2856909724493305,False,0.0211780692496505,3.7716680419687135e-05,8.582005139727935e-05,8.290776414669198e-05,2.275387187905421,0.0339348113077417,0.5265795462858168,0.4394856424064414,0.3633920668022508,0.925068275175122,0.1104304851465979,17977.0379698291,True,wing_R,high
-0.0093196285723987,0.0020137932674337,-0.0051948867168816,0.0003722932626093,0.0003369203220809,0.1821961698588391,0.1821961698588391,0.1821961698588391,False,0.0274130918775477,5.308202124162742e-05,0.0001144032737129,0.0001443671846832,2.7197002168788367,0.2075534757846081,0.4247589409318148,0.3676875832835771,-0.8041039392626232,0.5616533525305147,-0.1948393349751641,5905.356463983738,True,body,high
-0.0082142278291347,0.0014271386723564,-0.0056274637351224,0.0009837491493872,0.0009825746542185,0.2699801409482956,0.2699801409482956,0.2699801409482956,False,0.0602744916979529,5.8160420065231926e-05,4.279402506030248e-05,0.0001298784967998,3.0349680035189306,0.5521936155845691,0.118313619140628,0.3294927652748028,-0.6407707819042802,0.7554741799643949,0.1366439477799969,2377.352534852325,False,body,high
-0.0093692302940808,0.0009099724073535,-0.00468539293689,0.0010626514649279,0.0004008044141634,0.4004997373666575,0.4004997373666575,0.4004997373666575,False,0.0179025749427332,2.709621213035165e-05,3.651859292571232e-05,7.799404854902426e-05,2.878411498028528,0.5317771855020701,0.1208089715901605,0.3474138429077694,-0.3880870873000079,-0.912556060598798,-0.1289567715763653,8177.742462414628,True,wing_R,high
-0.0081051119044851,0.0013823466622247,-0.0054147530549761,0.0010460515960651,0.0010460492683302,0.2716713932174787,0.2716713932174787,0.2716713932174787,False,0.017011395944215,2.232204819491516e-05,6.379879816625632e-05,2.5107048825314457e-05,2.858106819283247,0.6064651757249909,0.0436528698102075,0.3498819544648016,0.5454948277403584,-0.832520683558516,0.0966680110262855,2999.6584395271034,True,body,high
-0.0095303298712611,0.0037141513323834,-0.0058383228935344,0.0020988370290001,0.0010796902745923,0.7677117408484047,0.7677117408484047,0.7677117408484047,False,0.0543089032324346,5.11656018440871e-05,2.1722641983894583e-05,1.8854033326631994e-05,2.7137748702190883,0.5754444157602547,0.0560651796103928,0.3684904046293524,-0.4721547360475959,-0.822389485452355,-0.3174042209001571,4480.7108184071085,True,wing_L,high
-0.0097448218507889,0.0034603219916988,-0.0054577403384289,0.0018511228861854,0.0011872587288088,0.4327951103538197,0.4327951103538197,0.4327951103538197,False,0.0063073823959444,3.3490290290404995e-05,4.6875733767330494e-05,2.061131292271745e-05,2.2742720923743205,0.2855516575668908,0.2747472163659952,0.4397011260671139,-0.4057940736891081,0.6467694843034996,0.6457711699453483,2864.9556708401783,False,wing_L,high
-0.0090984753257302,0.0031341977887844,-0.0054090978061914,0.0013973057242421,0.0004846963478278,0.3910443786420586,0.3910443786420586,0.3910443786420586,False,0.0591723980581139,6.783475570949692e-05,2.991207707464783e-05,2.546657904328049e-05,2.663677582851299,0.5590449650508564,0.0655342233471766,0.3754208116019669,-0.6049732431122803,-0.4606964270935972,-0.649435275590573,7461.842598012167,True,wing_L,high
-0.0094024696689184,0.0008901699681585,-0.0053178126358834,0.0009140698962041,0.0002273718825049,0.3191325709174618,0.3191325709174618,0.3191325709174618,False,0.0252362017190839,6.52446953392388e-05,2.305842693452694e-05,6.728240995260109e-05,2.9179098012039404,0.0302859932454532,0.6270029333733901,0.3427110733811567,0.2862037553426387,0.950390070040123,0.1218446765226168,11623.728742575202,True,wing_R,high
-0.0092153972759971,0.0033225061846398,-0.0052108119161077,0.0015865412021137,0.0007300755789432,0.413068927169273,0.413068927169273,0.413068927169273,False,0.1088536360625679,2.9549215358372548e-05,6.829009335533906e-05,5.886137555874536e-05,2.311062832874497,0.1380686031212833,0.4292300502190063,0.4327013466597104,-0.7476972364811114,0.6211155019432198,0.2348709769305931,14269.12696774126,True,wing_L,high
-0.009409841130357,0.0009194875463792,-0.0046868851106086,0.0010663366850053,0.0004017166745948,0.3956638336644406,0.3956638336644406,0.3956638336644406,False,0.0255777728099535,6.984530499940211e-05,3.1152591105546186e-05,2.879426907487028e-05,2.4256668859276047,0.5539773059074928,0.0337649328139679,0.4122577612785392,0.5956115733315849,-0.381187863157341,-0.7070662392555693,9560.458928138449,True,wing_R,high
-0.0097518771905073,0.0008237266003535,-0.0045805086401375,0.0013361847717048,0.0005766056544656,0.2263940049713602,0.2263940049713602,0.2263940049713602,False,0.0293404099238555,2.8608715772610664e-05,7.783874724735887e-05,7.980807239879225e-05,2.789641906093481,0.0246757638950715,0.616855287880543,0.3584689482243854,-0.4052629484889869,-0.8767675463314408,-0.2589220196931074,8571.740713895151,True,wing_R,high
-0.0094633011549688,0.0008275260928302,-0.0053496730740682,0.0009966345963125,0.0002812977472633,0.2801782819987228,0.2801782819987228,0.2801782819987228,False,0.0218324715148584,2.720125198302348e-05,7.62007612555908e-05,7.710840378871973e-05,2.8347373068285133,0.0117709936729582,0.6354626326700789,0.3527663736569629,-0.2609816439442154,-0.956491503247312,-0.1304323032836274,17223.31263980356,True,wing_R,high
-0.00919333726762,0.0032784663178752,-0.0054630478468289,0.0015507615357128,0.0006104866611885,0.3646314184630526,0.3646314184630526,0.3646314184630526,False,0.0287603351982789,9.879052072980836e-05,3.8456834222744106e-05,0.0001121919050155,2.917346351646025,0.1194505457760906,0.5377721904150442,0.3427772638088652,-0.7166307490889983,0.672867570930138,0.1835472730680485,8316.173569362887,True,wing_L,high
-0.0099235472522049,0.000550881739255,-0.0052956792290381,0.0014624867737546,0.000517029713045,0.3722670142946839,0.3722670142946839,0.3722670142946839,False,0.0443224279300304,5.854506810854887e-05,6.311754874051318e-05,2.8139163033031068e-05,2.243049967990265,0.0724438880027256,0.481734567996637,0.4458215440006373,-0.515797764001882,-0.8491081046814457,-0.1138775360417583,8350.610661265135,True,wing_R,high
-0.0095036784356453,0.0007894215139104,-0.0052889783232758,0.0010450552039372,0.000243126284386,0.1676820189289631,0.1676820189289631,0.1676820189289631,False,0.1044645865908367,6.83895487582157e-05,3.0160282274692924e-05,7.002331266837625e-05,2.321706144213771,0.0233317140806789,0.5459505559894453,0.4307177299298757,0.4785815368559926,0.8463571297928503,0.233750553858947,20742.79954809913,True,wing_R,high
-0.009439428933821,0.0008638241386523,-0.0053054159059914,0.0009516927987704,0.0002284046083624,0.2984914914632541,0.2984914914632541,0.2984914914632541,False,0.0232762703139421,3.9528023378252776e-05,7.503046810124684e-05,8.901883913471344e-05,2.252043778735699,0.1571394456436103,0.3988194529167891,0.4440411014396005,-0.3127986086425536,-0.9465467433855512,-0.0787800293062274,15636.466427590172,True,wing_R,high
-0.0093959443572168,0.002095146103806,-0.0047987479645338,0.0006735006418499,0.0006608365591946,0.2321914768474603,0.2321914768474603,0.2321914768474603,False,0.0192258052955761,0.0002283582450704,0.0001423154073702,0.0001007011918471,2.267681651841754,0.3767888375288121,0.1822321568035161,0.4409790056676717,-0.7122861280489737,0.6974520854177818,-0.0787975909237619,3114.209685161183,True,body,high
-0.0086708223571475,0.0019367542613242,-0.0052342807694056,0.0004519253058015,0.0003394463977651,0.0954453952642552,0.0954453952642552,0.0954453952642552,False,0.2494200378873021,5.2676970929723226e-05,0.0001184570832589,0.0001347858591777,2.558724558357909,0.1211460610067255,0.4880342250332219,0.3908197139600526,0.1929365498280323,-0.6572375096323704,-0.7285700677853129,5963.454508327017,True,body,high
-0.0088198842904258,0.0015886140805481,-0.0057470381994957,0.0005581826785052,0.0005572615575538,0.1401184321626455,0.1401184321626455,0.1401184321626455,False,0.0517927517099748,0.0001088725800368,0.0002168484758438,9.348942106626053e-05,2.319497472234077,0.4979324636097805,0.0709396684055963,0.431127867984623,0.0705059337725566,0.9773827004265776,0.1993789613016139,5968.018874890815,True,body,high
-0.0095392332263268,0.0013264096314195,-0.0054386375449292,0.000643217996927,0.0004057615371519,0.7680827284714822,0.7680827284714822,0.7680827284714822,False,0.0077934346680118,3.3138618811064544e-05,7.906950583189601e-05,5.1693391874106e-05,2.386022974665913,0.3462284691141537,0.2346640827943129,0.4191074480915333,0.4400565425969974,0.8917809410194525,0.1052472923738978,2701.300347045967,False,body,high
-0.0094080394763314,0.0034982306938023,-0.0053664004856393,0.0017880601664907,0.000904171418473,0.4017112312126503,0.4017112312126503,0.4017112312126503,False,0.0165413353962662,6.37667418164277e-05,2.755219735419776e-05,3.927835724003446e-05,2.3143976865682703,0.3840306698888683,0.183891469938892,0.4320778601722396,0.6830089246756679,-0.6361774945327614,-0.3588551299109507,6022.657208441296,True,wing_L,high
-0.0080031659605681,0.0017989405296425,-0.0050005680139338,0.0011101921400868,0.0010591623083009,0.2298501219015789,0.2298501219015789,0.2298501219015789,False,0.0197312664707731,3.0272118651001853e-05,2.5022764255399565e-05,5.728243031478029e-05,2.289212723666992,0.4715287308054229,0.0916398687478143,0.4368314004467626,0.8507557635944685,-0.4923115328825251,0.183967348466109,4706.707842276152,True,body,high
-0.0089070801879881,0.0028196796097036,-0.0057235623607738,0.0011778242753988,0.0002874424224487,0.3345694324977922,0.3345694324977922,0.3345694324977922,False,0.0634547132032654,5.649242424689906e-05,2.484286232467428e-05,2.1989268256619625e-05,2.5690906849477653,0.5602443574363348,0.0505128626731094,0.3892427798905557,-0.613481309000125,-0.5542016117098706,-0.5625844444042818,7160.56072662006,False,wing_L,high
-0.0091964824237881,0.0018046345041926,-0.0051382986640409,0.0001925874599255,0.0001924008796386,0.2302505511185655,0.2302505511185655,0.2302505511185655,False,0.0948292802548445,0.0001093030732398,0.0001275778240431,5.284754884226655e-05,2.41407268337023,0.1432439449440979,0.4425183202566649,0.4142377347992371,0.1924559803666995,0.7360644196160389,0.6489760132673598,4607.528817770008,True,body,high
-0.0082039000931828,0.0018096406850846,-0.0053278308385262,0.0008772163582542,0.0008062119837946,0.295922170138036,0.295922170138036,0.295922170138036,False,0.0304298755911446,6.557793440659668e-05,3.578481072557623e-05,3.0989676160570145e-05,2.1161219648379244,0.454316287187348,0.0731211589446423,0.4725625538680096,-0.4572083326001148,0.4026082523863097,0.793011434792377,4045.421863125968,True,body,high
-0.0086812465994073,0.0021575752565003,-0.0054804516403009,0.0006081829779303,0.000260334227034,0.1890380196461166,0.1890380196461166,0.1890380196461166,False,0.0380043807737275,0.0002172219728203,0.0001386754553158,7.256282430832448e-05,2.993571086722714,0.3615956364112965,0.304355172495408,0.3340491910932954,-0.7495611659734328,0.6575288810323512,0.0762484693150763,4916.811517884868,True,body,high
-0.0086361686068308,0.0012536602183402,-0.0046728441580936,0.0008936239320872,0.0007789834954786,0.1828934530680951,0.1828934530680951,0.1828934530680951,False,0.0364352710271326,3.235250772506697e-05,8.71654520422799e-05,3.865347473252158e-05,2.6942409776396854,0.5565505159799713,0.0722874356734627,0.3711620483465659,-0.9005333700744487,-0.4019350777830902,-0.1657945796154269,3474.2755776952404,True,body,high
-0.0097064534551942,0.0019673006661791,-0.0051272655156787,0.0006844614164227,0.0006841772898344,0.2946964010703249,0.2946964010703249,0.2946964010703249,False,0.0904440050996985,6.352243986445507e-05,6.086620864921558e-05,2.78140373265554e-05,2.283826656254867,0.0418156358746199,0.5203227614239517,0.4378616027014284,-0.2863114350746215,-0.8437780657271468,-0.4539430998960838,2466.894300987537,False,body,high
-0.0086799305318251,0.0017556023754654,-0.0055919585432633,0.0005073878189379,0.0004664815150829,0.1007894733198203,0.1007894733198203,0.1007894733198203,False,0.0457571246834187,0.0001347821957859,4.869956017389736e-05,7.949965956856023e-05,2.767626551546781,0.4101620091215331,0.2285175665455248,0.361320424332942,0.720295358073806,-0.6463041205300883,-0.2519237601401606,5370.517515813446,True,body,high
-0.0096942496932845,0.0007848995815225,-0.005495353415077,0.0011608006001561,0.0005182289224591,0.7832804926986507,0.7832804926986507,0.7832804926986507,False,0.0581523149767446,2.6829485303771067e-05,7.126881124753524e-05,2.8695335007946767e-05,2.6563614784484115,0.5973647587823465,0.0261804521713588,0.3764547890462946,0.5627333811192128,0.7998444631941165,0.2087581770179421,3995.4923403999737,True,wing_R,high
-0.0085181541775854,0.0019146733315725,-0.0053198771731155,0.0005862176505159,0.0004753832263553,0.1226984244980202,0.1226984244980202,0.1226984244980202,False,0.0619518422630654,0.0002079511040207,0.0001187682703228,8.363495128117343e-05,2.4864138836118785,0.428864439637522,0.1689499039071841,0.4021856564552938,-0.5952235197892572,0.8021623058187727,0.0473771739680359,6237.891512504601,True,body,high
-0.0091509920386144,0.0015265392807326,-0.005535575705666,0.000345867884039,0.0003000302622334,0.1462597367936547,0.1462597367936547,0.1462597367936547,False,0.0618884009778114,6.491711175570529e-05,4.8250767213054806e-05,6.247824196342924e-05,1.3454109748982648,0.0375689818341573,0.2191637053095487,0.743267312856294,-0.8989941206643839,0.0490345717130662,0.4352070562247206,5797.865176364158,True,body,high
-0.0094915516152918,0.0015471011965681,-0.0055855546200087,0.0005530297350158,0.0004934417891312,0.1289195963883486,0.1289195963883486,0.1289195963883486,False,0.1127626517975675,5.019281608784364e-05,0.0001134528609727,9.594891209865932e-05,2.260340618749491,0.154283891336304,0.4033049111189475,0.4424111975447484,0.1908810355783037,-0.6944269089003654,-0.693783610682494,5115.462858145283,True,body,high
-0.0100805700903086,0.0006844747707482,-0.0045969491675475,0.0016093229265333,0.0007297717501947,0.3112738175562128,0.3112738175562128,0.3112738175562128,False,0.0203846157846009,4.485934541193781e-05,4.6931154986986375e-05,2.080875846660464e-05,2.255355842699832,0.0441457188859523,0.512465268583358,0.4433890125306897,-0.4313396319032133,-0.9014037874273944,-0.037647496080734,4732.442083005417,True,wing_R,high
-0.0098490338268795,0.0007221240146158,-0.0051261243779457,0.0012889599626578,0.0004159392598077,0.3387581087446464,0.3387581087446464,0.3387581087446464,False,0.023434650020896,5.653333045878833e-05,2.0086902812962573e-05,2.068955625316272e-05,2.814437396605812,0.6340290571020756,0.010660143941802,0.3553107989561224,0.5259634603177346,0.8448386350444952,0.0980312151651149,5201.00048974647,True,wing_R,high
-0.0096064249313948,0.0007346615658686,-0.0053545847204337,0.001141831916712,0.0003521405497113,0.3326733501332352,0.3326733501332352,0.3326733501332352,False,0.0394146632770156,4.89565110087626e-05,2.512645091575279e-05,2.17628688567998e-05,2.2495430786675064,0.4867597711108238,0.0687055100464768,0.4445347188426993,-0.3302797041598078,-0.9247447369127348,-0.1891097262763252,8379.317170253793,True,wing_R,high
-0.0085595754290648,0.0020732566961326,-0.0049849767408694,0.0006794185625426,0.0005420798513804,0.2487998650158042,0.2487998650158042,0.2487998650158042,False,0.0047175340779231,9.608984017000886e-05,6.618113818875767e-05,3.754778756317936e-05,2.559134543102556,0.3112576930956969,0.2979852040019859,0.3907571029023172,-0.44852321840815,0.8937590083537945,-0.0046644973187865,3182.0528168975457,False,body,high
-0.0099720090777639,0.0007763984520087,-0.004518255135795,0.0015201125875859,0.000734492138183,0.1599934080513038,0.1599934080513038,0.1599934080513038,False,0.0392098517385346,5.673284141754997e-05,2.290419977775909e-05,5.149460847370786e-05,2.476962389781453,0.0923315810200491,0.5039481186130842,0.4037203003668667,0.258207971558798,0.9488145553945212,0.1818779340519024,5184.613824464321,True,wing_R,high
-0.0092735971469227,0.0019437261221081,-0.0053932319883678,0.0003039654341891,0.0002655896652348,0.0908421827202947,0.0908421827202947,0.0908421827202947,False,0.0409520508947522,0.0001157778781652,3.985506979383392e-05,3.9351207085811433e-05,2.9421684044606824,0.6557626515063268,0.0043519773898712,0.339885371103802,0.3033205456555181,0.8656955792624991,0.3982057390704019,5569.434770388031,True,body,high
-0.0089046267981691,0.001790039077281,-0.0054360343806387,0.0002395709838905,0.0002014865507374,0.0841403948846233,0.0841403948846233,0.0841403948846233,False,0.17372106075659,0.000129141389281,5.449095734855322e-05,5.7225808270343534e-05,2.369960000059481,0.5568747665721855,0.0211771836822905,0.4219480497455239,-0.2598781792784547,-0.4953893216213072,-0.8288864529949177,10745.895099823225,True,body,high
-0.008236709214507,0.0017066031641667,-0.0051849690796125,0.0008461521125552,0.0008194198475523,0.0916440163755396,0.0916440163755396,0.0916440163755396,False,0.022002642136453,0.0001269711152953,5.644853287640153e-05,5.4352849469627294e-05,2.3360525995298924,0.5554222490281963,0.0165051980672843,0.4280725529045194,-0.6395530563522569,0.7317999689525101,-0.2354584752171653,6467.760202716016,True,body,high
-0.0085785666864608,0.001417052615907,-0.0052772586252581,0.0005958323095559,0.0005776054635107,0.1340971806330129,0.1340971806330129,0.1340971806330129,False,0.0133606029280443,6.907689096049046e-05,0.000144786336986,6.421724511301653e-05,2.254633264495176,0.5229046303785749,0.0335642571573742,0.4435311124640508,-0.5278796021135991,0.7526805275688087,0.3934655627766272,6886.415132794975,True,body,high
