x,y,z,dist_to_centroid,dist_to_principal_axis,R,G,B,color_oob,opacity,scale_phys_0,scale_phys_1,scale_phys_2,scale_ratio,linearity,planarity,sphericity,orientation_x,orientation_y,orientation_z,local_density,if_keep,part_label,confidence
-0.0125831270690016,0.0047132369309085,-0.0037657528658703,0.0020994115083584,0.0002879266225605,0.3114141821626963,0.3114141821626963,0.3114141821626963,False,0.2516446268419405,0.0001097311873158,4.63358893896494e-05,0.0001236474784812,2.668503402222747,0.1125481193499954,0.5127099938054746,0.37474188684453,-0.0410511160403998,-0.2823223844844045,-0.958440857377688,5141.898889323897,True,wing_L,high
-0.0134520193170481,0.0017150123662211,-0.0031458276499251,0.0011313613210493,0.000258658620618,0.2342580043504845,0.2342580043504845,0.2342580043504845,False,0.2043559714806995,8.072210731884935e-05,3.530350674935377e-05,8.748933495015531e-05,2.478205226786905,0.0773491721609428,0.5191329959859862,0.4035178318530709,0.322693490104725,-0.0326126826597938,0.945941501560093,7757.29130758584,True,wing_R,high
-0.0123666515430295,0.0051427120553247,-0.0039331303633756,0.0025994267962885,0.0003760924452561,0.3028119907233846,0.3028119907233846,0.3028119907233846,False,0.473231693142379,2.4581315045200947e-05,4.891889448266344e-05,6.865342034471346e-05,2.7929108031230734,0.2874514592712444,0.3544991540881992,0.3580493866405563,-0.1344032913035295,-0.0706552913866266,-0.9884045654922125,5615.366570048143,True,wing_L,high
-0.0130764603025008,0.0012941072943614,-0.0029042792291334,0.0014975452549076,0.0003653633526308,0.3467220346757989,0.3467220346757989,0.3467220346757989,False,0.1187363084293957,0.0001260953454384,6.099561566441306e-05,0.0001578939045833,2.588610720023195,0.2013919361152935,0.4123004617934041,0.3863076020913023,0.4708696725949651,-0.1187315451757013,0.8741765105575079,6870.185026680868,True,wing_R,high
-0.0131240506734048,0.0007187167879389,-0.0028702219868813,0.0020734392955953,0.0004760787745568,0.3731413842355504,0.3731413842355504,0.3731413842355504,False,0.1475699379607372,0.0001190166393754,4.726862213187456e-05,4.3855757673040965e-05,2.713820161601427,0.6028402215023164,0.028675523664121,0.3684842548335625,0.6324615559070553,-0.3447983588499233,0.6936183907841733,8166.568921802683,True,wing_R,high
-0.0136924904432399,0.0002449703785192,-0.0030197846309543,0.002610667852311,0.0003773602856941,0.4195225884479396,0.4195225884479396,0.4195225884479396,False,0.2736687372689843,3.130847897730494e-05,3.362316320320431e-05,8.135157217500436e-05,2.5983878755009124,0.586693135679372,0.0284528517890225,0.3848540125316055,-0.2800603283226355,0.3945458617584035,-0.875157000468565,12602.044275004451,True,wing_R,high
-0.0136245655097748,0.0031684907393602,-0.0034642568363457,0.0007692859150686,0.0007097521118037,0.5193538062915108,0.5193538062915108,0.5193538062915108,False,0.1148441307070037,9.122150737268115e-05,4.400364557079135e-05,8.299818700750156e-05,2.0730443168834176,0.0901467274771466,0.4274709173287375,0.4823823551941159,0.7384778256559077,-0.6548209408409578,0.1608105607560815,4167.276748653808,True,body,high
-0.0132820666399379,0.0027901612995651,-0.0018149893972468,0.0013147927378755,0.0012860319712168,0.2245929898666326,0.2245929898666326,0.2245929898666326,False,0.2079381557670037,8.543754728772745e-05,3.472553001045612e-05,3.8216412157164126e-05,2.460366976745972,0.5526976912333055,0.0408588759570986,0.4064434328095958,0.4638167447877497,-0.8852835744386831,-0.0338676849454501,1729.6794796249328,False,body,high
-0.0123316911961734,0.0029252169252654,-0.002050800324729,0.0012974033550628,0.0012905926442301,0.1706494491171076,0.1706494491171076,0.1706494491171076,False,0.1709285546706419,4.292437124174824e-05,0.0001171829116687,4.800502803529558e-05,2.7299855135624544,0.590341054410772,0.0433566355469067,0.3663023100423213,0.6122088012805225,0.6690849177340065,-0.421338054886505,2713.2445693008785,False,body,high
-0.0126825939455333,0.0031907913611133,-0.0024275781077985,0.0008855937238769,0.0008064038776425,0.1121862117556302,0.1121862117556302,0.1121862117556302,False,0.5048591599188145,2.3273920354523345e-05,6.028200569445842e-05,2.486746679655528e-05,2.5901096496079767,0.5874810980477829,0.0264348610115742,0.3860840409406428,0.7131092743340841,-0.4802545441735751,-0.5107159050385524,2520.7284222162634,False,body,high
-0.0125764637164748,0.0044823599626338,-0.0036693420124428,0.0018591534160004,0.0002356894891967,0.3462086983753747,0.3462086983753747,0.3462086983753747,False,0.2336154441700904,5.476728662292695e-05,0.00015090478271,0.0001507573429182,2.755381761908484,0.0009770385610181,0.6360968457825577,0.3629261156564242,0.0631015463299968,0.2908883130074196,0.9546738627439536,6256.033864031878,True,wing_L,high
-0.0128268347596767,0.0024635531075919,-0.0021271834271632,0.0010599515287368,0.000974965315162,0.2784860881365877,0.2784860881365877,0.2784860881365877,False,0.4065115114424479,5.24525908161899e-05,0.0001110604045425,4.638797369218081e-05,2.394163739065968,0.5277111493314726,0.0546064742784611,0.4176823763900663,0.4553238232663795,0.8717845395213643,-0.1807537900504707,2479.699756774891,False,body,high
-0.0138349486605525,0.0005183133627736,-0.0030501320678324,0.0023876123716587,0.0004058982579301,0.3809799606049714,0.3809799606049714,0.3809799606049714,False,0.3903503467204595,2.436537844631627e-05,6.484508875218401e-05,4.476122722471988e-05,2.6613618538721178,0.3097206267111122,0.3145318970315492,0.3757474762573385,0.0372213562340546,-0.2807232581127865,-0.9590667458496512,5152.450873626796,True,wing_R,high
-0.0129933284371919,0.0039687097347856,-0.0036722904038175,0.0013187814800783,0.0004134417918245,0.3927966663115214,0.3927966663115214,0.3927966663115214,False,0.1836568299105037,2.94257623259406e-05,2.472633491406068e-05,6.742140748710504e-05,2.726704451809626,0.5635546123600499,0.0697023035714395,0.3667430840685107,0.4186239136760745,0.5501301215344504,0.7225723965659201,4638.301556414228,True,wing_L,high
-0.01330660632684,0.0011518667043927,-0.0030141477042337,0.0016462170786153,0.0002627311769351,0.3783894198100142,0.3783894198100142,0.3783894198100142,False,0.6284107208806161,4.951890574389704e-05,0.0001483155732128,5.629569148316987e-05,2.995130263579415,0.6204330383946486,0.0456916667108576,0.3338752948944938,-0.633855841292474,0.2892904355882143,-0.7173129138225464,5838.199349460441,True,wing_R,high
-0.0127020140881394,0.0048546614868241,-0.003900712133497,0.0022516093562768,0.0004364545026651,0.4107964346150846,0.4107964346150846,0.4107964346150846,False,0.4666620717986028,3.887250521243376e-05,0.0001093513989435,4.21282750654697e-05,2.8130782501921594,0.6147440684576306,0.0297734632065913,0.3554824683357779,0.1632548648105267,0.4750252812242159,0.8646958027616137,5002.480757489964,True,wing_L,high
-0.013892892391879,0.0007097913014314,-0.0031075265578703,0.0022273880034658,0.000481891268656,0.3932175667681335,0.3932175667681335,0.3932175667681335,False,0.3186224317775983,6.120708013642636e-05,2.773613503344033e-05,2.573933747148412e-05,2.377958648090144,0.5468476037148251,0.0326236369633299,0.4205287593218449,-0.8285900606282389,0.2436448213893551,0.5040592350490571,4372.164739728834,True,wing_R,high
-0.0142848073540445,0.0032202343688456,-0.0033151697227632,0.0013146015561679,0.001305343691518,0.2954173081741796,0.2954173081741796,0.2954173081741796,False,0.2761079713546078,4.7274437663938174e-05,0.0001261271566049,4.5998105932851306e-05,2.7420076119893766,0.6251843065645183,0.0101194046186604,0.3646962888168212,0.2243742097740949,-0.7334446562162331,-0.6416503333250152,2286.150205903844,False,body,high
-0.0126128081334709,0.0032530366799834,-0.0016329770717249,0.0016174142716479,0.0015892467713204,0.4062972428710775,0.4062972428710775,0.4062972428710775,False,0.4350119964853197,3.976679733421777e-05,3.5605853770066135e-05,0.000101016442725,2.8370740209579384,0.6063334219514753,0.0411907552068104,0.3524758228417142,0.2722710480480444,0.9417393037282192,0.1974729353818093,1408.9153532270543,False,body,high
-0.0129346257376019,0.0012689026308132,-0.0028197750654038,0.0015416808271095,0.0005060715622777,0.2446997825772348,0.2446997825772348,0.2446997825772348,False,0.3234023902113849,3.666788650324772e-05,3.659574611835036e-05,9.221004963715514e-05,2.519693117854424,0.6023439240350137,0.0007823484010824,0.3968737275639039,0.9591703692666772,0.122951226574042,0.2547061024097476,5176.7550433683455,True,wing_R,high
-0.0139103833768947,0.003246994315883,-0.0035394949583038,0.001058434055739,0.001010750654462,0.2633322593091246,0.2633322593091246,0.2633322593091246,False,0.6217203156576065,4.955306112663018e-05,2.17842151391686e-05,3.332643106178448e-05,2.2747232714174066,0.3274596906007365,0.2329263956694899,0.4396139137297735,-0.4219449460021682,0.3278860020676999,0.8452533538479974,3508.266754534042,True,body,high
-0.012218424079115,0.0048060091677592,-0.003756202184373,0.002290567437619,0.0003931492667853,0.473196030737067,0.473196030737067,0.473196030737067,False,0.1186173099101118,0.0001154632390162,4.678940018128177e-05,0.0001092845722885,2.46772214580396,0.0535119816514904,0.54125601048232,0.4052320078661895,0.1911395191146235,0.1766230396704187,0.9655412917582612,12507.36493239427,True,wing_L,high
-0.0124169525132506,0.0037240058808457,-0.0033094210560997,0.0011637326201905,0.0003877113880057,0.4235435770785432,0.4235435770785432,0.4235435770785432,False,0.8212249584149454,6.413914741830535e-05,2.387420165317594e-05,3.049747329872912e-05,2.686546270742965,0.5245107781082678,0.1032641048743171,0.372225117017415,-0.1558126473395923,0.2070907876059684,-0.9658342635347784,8312.926458940801,True,wing_L,high
-0.0137704580397902,0.0031948946862434,-0.0035678381362799,0.0009390537902791,0.0008884014630695,0.4759665145690404,0.4759665145690404,0.4759665145690404,False,0.1375403282878108,6.874829074325333e-05,3.3345315251509895e-05,5.865851873443634e-05,2.061707625935261,0.1467639689617615,0.3682012048482904,0.4850348261899481,-0.5907173919665565,0.3780801361796692,0.7128172090056417,3999.5482784263786,True,body,high
-0.0121216027817559,0.0046522491111154,-0.0036502377424319,0.0021665983924339,0.0004690482580804,0.4381156864174451,0.4381156864174451,0.4381156864174451,False,0.7534205258007742,2.833874610680149e-05,3.0476568598256177e-05,7.22785500490579e-05,2.5505203997614614,0.5783456007685448,0.02957755087787,0.3920768483535852,0.8979751306926492,0.122824119880521,0.4225575703180514,5873.050659853708,True,wing_L,high
-0.0127523151364964,0.0046647037487516,-0.0038030238279223,0.0020342153118072,0.0003816109007497,0.3672081296115277,0.3672081296115277,0.3672081296115277,False,0.1177619888673035,0.0001318443589547,5.114325846731819e-05,9.79770998764754e-05,2.577942096494008,0.2568730232130395,0.35522066913172,0.3879063076552404,0.0843734773922304,0.4446077599679495,0.8917427073371695,6578.131456685942,True,wing_L,high
-0.0121536130509203,0.0048220908531882,-0.0037500339474627,0.0023276811779398,0.0004340937638792,0.4666583848316864,0.4666583848316864,0.4666583848316864,False,0.1717924014897449,9.505308676730168e-05,3.379428207802974e-05,6.779918429393354e-05,2.812697323997819,0.2867229608238615,0.35774642752161,0.3555306116545285,0.1798860528383132,0.1848276033294206,0.9661675657160894,14003.647912462016,True,wing_L,high
-0.0135637146875911,0.0002449848146307,-0.0029925385427416,0.0025837886960465,0.0003765867161949,0.392276915409112,0.392276915409112,0.392276915409112,False,0.1478877244379067,7.251211747925347e-05,9.868750438198268e-05,3.446863718130154e-05,2.8631101329274027,0.2652350676678782,0.3854944000883815,0.3492705322437403,-0.5105183748267315,0.4715223379913526,-0.7190533177306406,11128.176212093698,True,wing_R,high
-0.01257947510921,0.0049697170049598,-0.0039153367144082,0.0023849643135034,0.0003985041482024,0.2860888290998591,0.2860888290998591,0.2860888290998591,False,0.2467363268820721,0.0001128685916292,4.6942793259471645e-05,5.127770974386779e-05,2.4043859300271144,0.5456866343091566,0.0384067562270611,0.4159066094637823,0.0075704599438803,0.1655807796545894,0.9861671732243048,7180.242879723758,True,wing_L,high
-0.013117972440105,0.0007346835251926,-0.002862615478858,0.0020583261091426,0.0004753128114318,0.3288783774394249,0.3288783774394249,0.3288783774394249,False,0.1449783103332119,4.353916815197885e-05,4.405457874787481e-05,0.0001072474481411,2.4632406335103143,0.5892249231900003,0.0048058075490748,0.4059692692609249,0.974903372587056,0.2226207306657364,-0.0018505124256466,8602.076306579374,True,wing_R,high
-0.0125721309871651,0.0049534291384698,-0.0039044381740807,0.0023678397514012,0.0003882169653621,0.2975657038215459,0.2975657038215459,0.2975657038215459,False,0.1673294080485581,0.0001179595402923,5.001496871034634e-05,7.867070935028095e-05,2.358484736349302,0.3330703972284827,0.2429285547308588,0.4240010480406584,-0.0401135179884091,-0.2156071647011899,-0.9756559107616308,7668.9387421838,True,wing_L,high
-0.0135125423043045,0.001745036814689,-0.0031955267505987,0.0011285442199598,0.0003309735674681,0.2908674301452845,0.2908674301452845,0.2908674301452845,False,0.1338757258544995,2.5555502267909144e-05,4.9325191259408335e-05,6.261370362638421e-05,2.4501065551354952,0.2122300965658954,0.3796243891486256,0.4081455142854789,-0.2654466502266663,-0.1556972071417464,-0.9514706803531586,6352.444869788692,True,wing_R,high
-0.0122404991872464,0.004399977715339,-0.0035608755794904,0.001874430443468,0.0004076238356309,0.4305288222246184,0.4305288222246184,0.4305288222246184,False,0.2385613203520993,4.544686628222779e-05,0.0001244622030126,0.0001164518695549,2.7386311355270423,0.0643595667101132,0.5704945080035476,0.3651459252863393,-0.0652062726778157,-0.2907363630351261,-0.9545787077096228,7673.019068122956,True,wing_L,high
-0.0126952704609093,0.004856011840708,-0.0039005337900766,0.0022538862273594,0.0004333825855076,0.4307710554185935,0.4307710554185935,0.4307710554185935,False,0.2964620466778901,0.0001216578505735,5.098790579725458e-05,5.020784876479226e-05,2.423084309856091,0.5808909531373811,0.0064118922764498,0.4126971545861691,-0.7398027857698518,-0.5947296542690709,0.3146243418748111,5093.324691791533,True,wing_L,high
-0.0137187191717782,0.0031269866234524,-0.0024692385949281,0.0009816009299325,0.0009800030309558,0.3449884107237769,0.3449884107237769,0.3449884107237769,False,0.1651889722624977,4.707630226515032e-05,8.33798681728636e-05,0.0001181254744995,2.509234345429606,0.2941415175167168,0.3073305403556657,0.3985279421276174,-0.3123424233974801,0.7019565720658311,0.6400774808410128,3965.64743209271,False,body,high
-0.0133678078421312,0.001800025181309,-0.0031428160808165,0.0010237906669628,0.0002188754642552,0.2158035727573169,0.2158035727573169,0.2158035727573169,False,0.2842073516052818,9.34358076314792e-05,3.6901698660992136e-05,9.4062363212711e-05,2.548998193195425,0.0066610656997304,0.6010279461365629,0.3923109881637066,0.3607303156701252,-0.1404895817499807,0.9220283709172118,7855.501853860404,True,wing_R,high
-0.0130807186543808,0.0016972099308208,-0.002977068143673,0.0010884470927678,0.0002617289290232,0.454546693606381,0.454546693606381,0.454546693606381,False,0.7564772460691824,3.0176825584929814e-05,7.675352782193528e-05,8.375004504961264e-05,2.7753099746660257,0.0835404592741735,0.5561394290524133,0.3603201116734132,0.256614100218882,-0.0943930899823718,0.961893522242682,6734.84397216625,True,wing_R,high
-0.0127549781547831,0.0038482739977469,-0.0035006598255296,0.0011807370312301,0.0001859636525364,0.2956030373839564,0.2956030373839564,0.2956030373839564,False,0.2811255193380696,2.9698269442353065e-05,8.547405794502819e-05,4.788993503957348e-05,2.878082108822563,0.43971380099476,0.212832595463295,0.347453603541945,0.2270491763555329,0.0716431175507534,0.9712445290573756,8774.574176919707,True,wing_L,high
-0.0130996788722462,0.0010174741764435,-0.0028739885093902,0.0017760346492724,0.0004150225935108,0.3872307590449673,0.3872307590449673,0.3872307590449673,False,0.1096695686998083,3.3906107036170566e-05,7.815614402284929e-05,3.519640314402615e-05,2.3050757180549626,0.5496655626493506,0.0165092088918608,0.4338252284587884,-0.3347342710724652,0.8304372555216999,0.4453391206835213,10501.7367259778,True,wing_R,high
-0.0136328426107671,0.0002310226741994,-0.0030184995081707,0.0026106006209745,0.0003855027493831,0.3767288701967293,0.3767288701967293,0.3767288701967293,False,0.230325413229844,3.2510400186296135e-05,3.579170505471543e-05,8.677479976312345e-05,2.6691396988616884,0.587533418084293,0.0378140298494096,0.3746525520662973,-0.3169828020874559,0.2947001382665298,-0.9014841827156332,14700.810953500204,True,wing_R,high
-0.0130834163276876,0.0019192000909062,-0.0029920139650492,0.0008664916696485,0.000199829006516,0.5643882152153107,0.5643882152153107,0.5643882152153107,False,0.4214982120508682,3.4569932426589255e-05,3.194404356568216e-05,7.505873750447235e-05,2.349694313124115,0.5394282720978432,0.0349844528193753,0.4255872750827814,-0.9265584269688112,0.0148900565204904,-0.3758560464192355,4341.961938515791,True,wing_R,high
-0.0122657561421125,0.0042299264724396,-0.0034622655210341,0.0016942943404899,0.0004106960416006,0.4167633343729806,0.4167633343729806,0.4167633343729806,False,0.4355980127069183,4.754844023537866e-05,0.0001195094659056,0.0001146128896124,2.5134255785050885,0.0409722883128492,0.5611643301126025,0.3978633815745483,0.1138341129408844,0.3267900831738308,0.9382164122792792,6144.364198714291,True,wing_L,high
-0.0123312324805899,0.0040573267172395,-0.0033952775698934,0.0015020626627819,0.0003875020347601,0.3624410378585242,0.3624410378585242,0.3624410378585242,False,0.3161970384033937,5.336708247583861e-05,0.0001402407542857,0.0001269157896376,2.627851247990048,0.0950149242701792,0.5244460323707778,0.3805390433590429,-0.1265876452897643,-0.2960866655691396,-0.9467355779372302,5512.072716898522,True,wing_L,high
-0.0125941230914009,0.0046498422659822,-0.0037372990541487,0.0020295816523396,0.0002710632306236,0.3298836456147757,0.3298836456147757,0.3298836456147757,False,0.1774867369187466,4.2710850406803126e-05,0.0001079582295755,0.0001058372187188,2.5276534779161044,0.0196465879902381,0.5847295621676393,0.3956238498421226,-0.0399913157624605,0.3492619537737804,0.9361713423886188,5475.615131060211,True,wing_L,high
-0.0124165777128375,0.0049268745901801,-0.0038930479327207,0.0023771987336444,0.0003775628072818,0.4746589677330964,0.4746589677330964,0.4746589677330964,False,0.5796176061740869,3.277588325873991e-05,9.441430421260137e-05,8.595700435842335e-05,2.880602895344557,0.0895764675142226,0.5632739820857083,0.347149550400069,-0.2435250040777914,-0.2256522621600379,-0.943279719367998,7873.965302643795,True,wing_L,high
-0.0136257121956753,0.0031161441153055,-0.0024557562091425,0.0009275953973045,0.0009252230310309,0.3729522837867224,0.3729522837867224,0.3729522837867224,False,0.203467528089057,9.512713106166436e-05,0.0001119395217164,3.95921600179967e-05,2.827315348937148,0.1501917320799268,0.4961158507031813,0.3536924172168919,-0.200911220843748,0.7996265407030212,0.5658905165687038,4021.7580179688703,False,body,high
-0.0121516672298472,0.0048218245257637,-0.0037464522894903,0.002327229247886,0.0004338396877387,0.4627093082610198,0.4627093082610198,0.4627093082610198,False,0.1383141484440092,4.370707462758455e-05,6.504501939047683e-05,0.0001132110820991,2.590223277668612,0.4254536023823195,0.1884792934334912,0.3860671041841892,-0.1582963584143879,-0.1788324393338026,-0.971061904079583,13919.491945837262,True,wing_L,high
-0.0125285036275523,0.0049463533376307,-0.0038791553826511,0.0023624736497569,0.0003569534759788,0.3248558419061145,0.3248558419061145,0.3248558419061145,False,0.2873768777636875,9.209957735217944e-05,3.725679639148043e-05,0.000100685827237,2.702482150613269,0.0852776415554269,0.5446921623994032,0.3700301960451698,0.0478377175817416,0.2245526198060993,0.9732870458989922,8456.265207583569,True,wing_L,high
-0.0130655356791397,0.000974390570167,-0.0028470144099363,0.0018221017334405,0.0004555048845474,0.3249384498734903,0.3249384498734903,0.3249384498734903,False,0.1562368422220227,4.168876114425547e-05,8.649322888898218e-05,3.444990531625015e-05,2.510695692628885,0.5180112746424947,0.0836927459061183,0.3982959794513869,-0.3592360552609214,0.2747154330841292,-0.8918973525165166,10430.978155483115,True,wing_R,high
-0.0134558764933125,0.0012857930873099,-0.0031092200878219,0.0015420311533224,0.0002734767243498,0.4705393619531635,0.4705393619531635,0.4705393619531635,False,0.0392232008865172,2.9726520380286845e-05,7.974424088648196e-05,4.510214172852136e-05,2.682595872854476,0.4344150596063049,0.1928116836690704,0.3727732567246246,-0.4583245857726108,0.1438107353903151,-0.8770729995062333,5716.952671510612,True,wing_R,high
-0.0125698762279164,0.0044785825116236,-0.0036618168129713,0.0018551848226003,0.000230229230284,0.3444577558387004,0.3444577558387004,0.3444577558387004,False,0.4092028836625797,0.0001405248464265,0.0001367640324733,4.701008318232255e-05,2.989249048583257,0.0267626263172177,0.6387051939455516,0.3345321797372307,0.0478898116567266,0.3013879193875501,0.9522982137895286,6331.074110476483,True,wing_L,high
-0.0124209150837127,0.0030536897694997,-0.0029452645589209,0.0007194597472165,0.0006027015852735,0.6308549632437832,0.6308549632437832,0.6308549632437832,False,0.1812368303323568,6.806032368784933e-05,4.794385762764215e-05,3.024011903183508e-05,2.250663220478706,0.2955681808459947,0.2601183426191621,0.4443134765348432,0.7306791175716791,-0.5552086435417678,0.3973051588907227,5786.155268807176,True,body,high
-0.0127654108128218,0.0045735235025748,-0.0037235475393409,0.0019210790217323,0.0003224373536258,0.3172697805894209,0.3172697805894209,0.3172697805894209,False,0.2014367071692499,0.0001026126023316,4.2400342229146586e-05,0.0001023170542184,2.420089011948501,0.0028802321196451,0.5839118259150865,0.4132079419652684,0.0224835472814938,0.3368597550836663,0.9412863514927924,8412.542508065475,True,wing_L,high
-0.0136549412772658,0.0002499030964124,-0.0030204581370646,0.0025970591957602,0.0003798584620156,0.3739205355891487,0.3739205355891487,0.3739205355891487,False,0.2915326127194292,2.4899906977483385e-05,6.299391197971993e-05,5.102307441439393e-05,2.529885434378706,0.1900316584431184,0.4146935253889384,0.3952748161679431,0.3353963584128296,-0.2744433158788356,0.9012159281397784,16036.629821127852,True,wing_R,high
-0.0122828859184141,0.0042281214708854,-0.0034652430695352,0.0016853594324877,0.0003953476825159,0.4074915358315368,0.4074915358315368,0.4074915358315368,False,0.3658362928660195,0.0001334105848632,0.0001196215540019,4.617135593608168e-05,2.8894664702501283,0.1033578473214123,0.5505574999248789,0.3460846527537087,-0.132776499748243,-0.3297202560363482,-0.9346951127902244,6159.880994762892,True,wing_L,high
-0.0127871657434682,0.0036464846249938,-0.0034104750906541,0.0009600410327158,0.0001401072862843,0.2784831961010924,0.2784831961010924,0.2784831961010924,False,0.2189954279319965,8.748741593557258e-05,3.72794719713852e-05,5.9613175217914586e-05,2.3467986886382337,0.3186085726681551,0.2552790365071058,0.426112390824739,-0.2815950391706645,-0.1403688986590712,-0.9492106226774492,9778.93045764315,True,wing_L,high
-0.0131524899202104,0.0008790947171615,-0.002951125276765,0.0019069171004566,0.0004294995652596,0.3737139736353094,0.3737139736353094,0.3737139736353094,False,0.1657681468285642,8.348394161861578e-05,3.575932689391238e-05,3.341439394358885e-05,2.4984424903697424,0.5716622119104815,0.0280884311983735,0.4002493568911449,-0.5962203184686012,0.7954190238881017,0.1087653818183872,6687.307567561478,True,wing_R,high
-0.0133481548618027,0.0013068699737071,-0.003066077608666,0.0014982215043684,0.0002420595096605,0.4056491915218817,0.4056491915218817,0.4056491915218817,False,0.2750835446327349,8.502747002419307e-05,9.416167402941962e-05,3.698047238452665e-05,2.546253953987313,0.0970055396675795,0.5102606568427696,0.3927338034896509,-0.7077259589999753,0.3120882989724134,-0.6338176871956727,6962.419979070933,True,wing_R,high
-0.0136649045486432,0.0031198330927505,-0.0024383741354156,0.000965201161227,0.0009635171040765,0.3693709434009711,0.3693709434009711,0.3693709434009711,False,0.1171983248099724,0.0001113594881184,0.000112769014874,4.7866511341141744e-05,2.3559062842573915,0.0124992379975251,0.5630356605329521,0.4244651014695227,-0.322787802618419,0.7701855781283409,0.5501110885302041,3964.182398827949,False,body,high
-0.0138141428093265,0.0008002312987223,-0.0030623962359918,0.0021150720579211,0.0003991081945519,0.2682371010667539,0.2682371010667539,0.2682371010667539,False,0.5910849924511423,9.985594374512668e-05,3.929952714264622e-05,0.0001083222801919,2.756325280932881,0.0781587724321519,0.5590393453235474,0.3628018822443007,-0.0699742126618311,0.409016937704831,0.9098399607804216,4868.273357472181,True,wing_R,high
-0.0126962881270925,0.0031837697089676,-0.0019581482871767,0.0012770021013783,0.001247690164496,0.1811431662836553,0.1811431662836553,0.1811431662836553,False,0.4226718468995012,7.876229462554175e-05,2.7690280079540405e-05,2.658652161964388e-05,2.9624896311124425,0.6484322833509634,0.014013792578595,0.3375539240704416,0.8538274218241436,0.3744041549731557,0.3616631892797123,1998.4787574273664,False,body,high
-0.0136698809609321,0.0032220523686334,-0.0034138657904044,0.0008102064315637,0.0007410665308449,0.3924306977151611,0.3924306977151611,0.3924306977151611,False,0.6603919685722768,3.739319969779757e-05,5.733571814832781e-05,8.66345609003377e-05,2.316853374423596,0.3381888526648686,0.2301912567372694,0.431619890597862,-0.4179700745311028,0.9053780439064558,-0.0747770981556798,4502.460481804554,True,body,high
-0.0122005051038955,0.0048035177299767,-0.0037475819972357,0.0022926359763082,0.0004020804478117,0.4666062609361308,0.4666062609361308,0.4666062609361308,False,0.1671619851934733,4.200679564143946e-05,9.268720232147492e-05,0.0001031021808382,2.4544167024384738,0.1010160835795631,0.4915551375148437,0.4074287789055932,0.167229082252531,0.208971263767666,0.9635172260880034,13837.292398676,True,wing_L,high
-0.0124307559196763,0.0048910774343241,-0.0038489786350721,0.0023266609519427,0.0003409349984034,0.3752971024495343,0.3752971024495343,0.3752971024495343,False,0.2609222815269318,0.0001263545180521,0.0001465121735705,5.308571684637008e-05,2.7599170223997462,0.1375834855709911,0.5000867806421212,0.3623297337868877,-0.1118589343726471,-0.2002469079116766,-0.97333897213295,8948.98345660135,True,wing_L,high
-0.0124904872537962,0.0049440911873722,-0.0038833652848764,0.0023706778215103,0.0003587858728532,0.3776655870423444,0.3776655870423444,0.3776655870423444,False,0.1134650958689332,5.9851802712242745e-05,3.5702454674703816e-05,2.5563082967778185e-05,2.34133741957826,0.4034857254616853,0.1694079584482024,0.4271063160901122,-0.111503185994517,0.3373605635940947,0.9347485702821624,8713.651491144337,True,wing_L,high
-0.0121717464197599,0.0026802483674371,-0.0025345279508004,0.001066951826021,0.001066643884818,0.3000580667371,0.3000580667371,0.3000580667371,False,0.4218486407408324,5.971952552473064e-05,0.0001299817146613,0.0001728149715116,2.893776700220004,0.2478561693795418,0.4065746649263763,0.3455691656940819,-0.8929740755623492,0.4346244785729812,-0.1170421419777206,6916.535570431475,True,body,high
-0.0132685313978371,0.0018684447159432,-0.0031490279311645,0.000932240256054,0.00020570575409,0.2716295259594356,0.2716295259594356,0.2716295259594356,False,0.8965938978664438,9.103639480185024e-05,3.2591453372624274e-05,8.232355036934732e-05,2.793259746996056,0.0957072657750484,0.5462880763783529,0.3580046578465987,-0.4548884668444806,0.2672188858777671,-0.8495119479807937,6079.555251815144,True,wing_R,high
-0.0122594285227019,0.0038706505003386,-0.0032985185644158,0.0013703762113302,0.0005049215936746,0.3493804710482574,0.3493804710482574,0.3493804710482574,False,0.3909494748808253,2.2137925791482872e-05,5.5500765473965085e-05,1.914458641497541e-05,2.899031834427663,0.601123955635034,0.0539332989544371,0.3449427454105289,-0.9093998363395684,-0.1272814064510837,0.3959689144837013,4683.529918458952,True,wing_L,high
-0.0128297330887853,0.0044169688820913,-0.0036866905669376,0.0017534469889563,0.0003293886434294,0.3597293510417996,0.3597293510417996,0.3597293510417996,False,0.2580172470411199,3.0401789768547336e-05,8.560098852681891e-05,7.935846262061191e-05,2.815656222166854,0.0729258623485545,0.5719171436522182,0.3551569939992272,0.1316357318483558,0.3311499636826061,0.9343509702749584,9488.122288565672,True,wing_L,high
-0.01352585680715,0.0015019546355893,-0.0031237447474623,0.0013563593527821,0.0002829922678838,0.3147663875850008,0.3147663875850008,0.3147663875850008,False,0.1851130601181213,3.693183548546621e-05,8.586548705078191e-05,3.392043463737184e-05,2.531379328382178,0.5698873114919354,0.0350711438498379,0.3950415446582266,0.3919271708977381,-0.1236360657270884,0.91165081909886,6389.651454652085,True,wing_R,high
-0.0128070708616304,0.004582903058158,-0.0037384873911179,0.0019286522520158,0.0003581568515876,0.3426255000249593,0.3426255000249593,0.3426255000249593,False,0.2817947225840944,7.688774352852961e-05,8.276769679712995e-05,3.345338934768663e-05,2.4741199146344046,0.0710416442179436,0.5247742278887372,0.4041841278933191,-0.0256717409662794,-0.3597417719549432,-0.9326986754716008,9176.654145144028,True,wing_L,high
-0.0121671455538106,0.0048292708783397,-0.0037583561966599,0.0023310421011248,0.0004258330169843,0.4673563847445064,0.4673563847445064,0.4673563847445064,False,0.2057782379589465,3.224691374829169e-05,7.369638524788478e-05,9.165647520380246e-05,2.842333251462182,0.1959500397105887,0.4522263310631164,0.3518236292262949,0.1627150833454398,0.206791726396827,0.9647595470093606,13594.527361446944,True,wing_L,high
-0.0137085547696252,0.0002718116633519,-0.0030087183844925,0.0025890103269634,0.0003614669531745,0.442802015557117,0.442802015557117,0.442802015557117,False,0.1083265008561543,4.419879530617514e-05,4.623008849759479e-05,0.0001061415178579,2.4014572596988897,0.564448583075091,0.0191375932096425,0.4164138237152663,0.3150816583855743,-0.4214619990653125,0.8503489471345673,11242.749371079828,True,wing_R,high
-0.0131019564297807,0.0007318468697756,-0.0028560617672766,0.0020615854517021,0.0004896277461262,0.2983367003076136,0.2983367003076136,0.2983367003076136,False,0.1985708198776487,3.2751698866639485e-05,7.549320186746441e-05,3.2966921162763075e-05,2.305016364948352,0.5633127176054914,0.00285088313649,0.4338363992580186,0.4916942814495976,-0.44177992748581,0.7503780575552543,8319.273778116136,True,wing_R,high
-0.0124663735058008,0.0043574538472682,-0.0033935722570229,0.0017128698124283,0.0001817763684029,0.7333397812870841,0.7333397812870841,0.7333397812870841,False,0.4116085207694028,3.000284281546022e-05,3.033734783469652e-05,8.665563185701387e-05,2.888247370091241,0.6499091036026988,0.0038601647933079,0.3462307316039932,0.8259116262381272,0.5113821678078972,-0.2373989555427478,4591.2075099594,True,wing_L,high
-0.0131389775376188,0.0035633626883607,-0.0021091073139599,0.001276121726076,0.001151149910476,0.2006931580906038,0.2006931580906038,0.2006931580906038,False,0.260247352199946,2.6157516965185128e-05,7.679379720957676e-05,2.646539918528261e-05,2.9358213668287783,0.6553706139435155,0.0040092068797854,0.340620179176699,0.128958451194487,0.9743860264969788,0.1842324326304901,1505.6528903968494,False,body,high
-0.0128631813583561,0.0039848282425476,-0.0035494466375374,0.0013001911500047,0.0002395497443646,0.2642605354464916,0.2642605354464916,0.2642605354464916,False,0.3744213223133246,2.9459821948590537e-05,8.6049603961138e-05,6.630116587814594e-05,2.9209139183291946,0.229500627241828,0.4281407726895967,0.3423586000685753,-0.141908591029886,-0.3601494014873703,-0.9220381556097346,6442.454538232618,True,wing_L,high
-0.0122142026263747,0.0026430064439579,-0.0023898256281986,0.0011229216346125,0.001121969995115,0.1456539898706583,0.1456539898706583,0.1456539898706583,False,0.6786927707749659,7.277717992353252e-05,6.824087545985359e-05,0.0001292437132024,1.8939339850416324,0.436899651671604,0.0350988404099359,0.52800150791846,-0.4116341649153692,0.8355600904507274,0.3638635039687256,6918.645005046802,True,body,high
-0.0121984483675266,0.0050124370122267,-0.0038782648594588,0.0025166220456026,0.0004283277680663,0.3661901415242454,0.3661901415242454,0.3661901415242454,False,0.6242600640499552,3.979213902031752e-05,0.0001042034698854,3.776181306603344e-05,2.7594932929518925,0.6181303841026483,0.019484245164931,0.3623853707324207,0.7550833701578376,-0.6545299628609874,-0.037942480523504,4408.085040962139,True,wing_L,high
-0.0123039925449772,0.0051986483995229,-0.003971257189469,0.0026795905383315,0.000412302290235,0.5803318597772611,0.5803318597772611,0.5803318597772611,False,0.0374220486574235,2.7158871276464387e-05,4.7778034032345466e-05,6.729184294322041e-05,2.477711325269061,0.2899877319059358,0.3064139998852333,0.4035982682088307,-0.345103905410411,0.0318712539486214,-0.9380231967506052,4342.377068457677,True,wing_L,high
-0.012346978745755,0.0046485565139188,-0.0037359556140387,0.0020990557215539,0.000340966128627,0.4412940460374516,0.4412940460374516,0.4412940460374516,False,0.3314636286766376,2.655018756798748e-05,5.661571769919962e-05,6.290710242181751e-05,2.369365649893445,0.1000107218487288,0.4779353836647988,0.4220538944864723,-0.2442173583754678,-0.2218991625868979,-0.9439908068998032,5520.434360493096,True,wing_L,high
-0.0124146455060355,0.0049030529551336,-0.0038521132987936,0.0023429511870621,0.0003443937794892,0.3941293398076012,0.3941293398076012,0.3941293398076012,False,0.1243359590280319,0.0001542738090387,6.35943280588658e-05,0.0001675427465714,2.6345548681066107,0.0791973260805903,0.5412319114707705,0.3795707624486391,0.1494405743884302,0.1660365611559937,0.9747304114912736,8486.442503601978,True,wing_L,high
-0.0122540207079189,0.0044321864191118,-0.003586899715437,0.0019029035792488,0.0003945927809322,0.4174480153694241,0.4174480153694241,0.4174480153694241,False,0.1598843939445149,5.196965769192577e-05,0.0001387200972865,0.000128743584435,2.6692517027706266,0.0719182948011176,0.553444873849474,0.3746368313494082,-0.0732490917729142,-0.2570147824723734,-0.9636275069471198,6939.503352446449,True,wing_L,high
-0.0138105380096765,0.0004750226194095,-0.0030348417282587,0.0024214068295928,0.0003840119228383,0.383557798302157,0.383557798302157,0.383557798302157,False,0.3198282934699251,3.142280483508059e-05,9.36681314721123e-05,6.325361230260604e-05,2.980896580165902,0.3247050911713931,0.3398253703502391,0.3354695384783678,-0.0788786888211756,0.2805671874445173,0.9565877930327802,5387.26402316785,True,wing_R,high
-0.013357172168359,0.0017385281908361,-0.003133244178708,0.0010794709560208,0.0002154497775267,0.2508994491571066,0.2508994491571066,0.2508994491571066,False,0.5701237104489496,0.000118138317666,0.0001094517677445,4.419904821443412e-05,2.6728701734225404,0.0735286407758246,0.5523417026686809,0.3741296565554944,0.4060631793225556,-0.1592282137984357,0.8998661402280995,7540.880313652119,True,wing_R,high
-0.0135432071536825,0.0002523984453601,-0.0029886828720695,0.0025728057743418,0.0003789413317359,0.3894736502707281,0.3894736502707281,0.3894736502707281,False,0.1775027306491216,8.165727870408868e-05,3.317273648400855e-05,9.426544967652387e-05,2.841654312177895,0.1337517724224592,0.5143405392586256,0.3519076883189151,-0.5675041540231227,0.4450766032099755,-0.6927090676767339,9969.262449351552,True,wing_R,high
-0.0130450040291565,0.0015872233133043,-0.0029166038467614,0.0012059746199277,0.000318351147243,0.4708074637320781,0.4708074637320781,0.4708074637320781,False,0.2047200853105664,9.315243137438232e-05,9.138546727680912e-05,3.8787037800958015e-05,2.401638192955316,0.0189685236499273,0.5646490241833463,0.4163824521667264,-0.2189286940024146,0.0666495510688219,-0.9734618966784064,8037.236371554412,True,wing_R,high
-0.0122750071740417,0.00291191193709,-0.0024104913603511,0.0010639789730801,0.0010453078984496,0.1728548279522282,0.1728548279522282,0.1728548279522282,False,0.3606095756899654,5.000333175451133e-05,4.292805562819879e-05,5.865119090510266e-05,1.366267119412126,0.1474455849427427,0.1206331195859313,0.7319212954713259,-0.034801796324248,0.9767694174747464,0.2114481971042787,4211.119633937783,True,body,high
-0.0125122452436617,0.0029338604123075,-0.0020236539536211,0.0012297877067999,0.0012263866424882,0.2371665849791306,0.2371665849791306,0.2371665849791306,False,0.2613859966905182,0.0001152740525938,4.255302018391869e-05,4.1384617927807605e-05,2.785432326449518,0.6308534381641168,0.0101358651823189,0.3590106966535644,0.8063533090718115,0.583988082938103,0.0935535137513243,2698.968414404096,False,body,high
-0.012064571494312,0.0026048632652241,-0.0023276229061411,0.0012817921554303,0.0012805427220289,0.2421146727559113,0.2421146727559113,0.2421146727559113,False,0.2383522889195354,3.387911773844879e-05,8.354757943736536e-05,4.586275577355841e-05,2.466049443269556,0.4510582343329147,0.1434348920197456,0.4055068736473396,-0.7944389390405959,0.5973493133941634,-0.1097295307725938,4444.028430814711,True,body,high
-0.012158439903018,0.0048132839107339,-0.0037464111856322,0.0023170628254635,0.0004310451619624,0.4637865158193173,0.4637865158193173,0.4637865158193173,False,0.1221778344008615,3.8797766442986505e-05,0.0001131519319141,7.318873529460024e-05,2.9164547933553457,0.3531817437271592,0.3039362056824004,0.3428820505904404,-0.1751245743148868,-0.1645736262732227,-0.9706940326417544,14544.30717736153,True,wing_L,high
-0.0121722768324446,0.0048893739291459,-0.0037750197442163,0.0023867760179561,0.000413111925601,0.4922964875731676,0.4922964875731676,0.4922964875731676,False,0.0926063066277085,8.800817258169899e-05,8.664761602648147e-05,3.7701144826632576e-05,2.3343633989472083,0.0154594342241852,0.5561582494445197,0.428382316331295,0.2258647934277325,0.1596646134444172,0.9609850708015668,8865.10779196552,True,wing_L,high
-0.0136823431825466,0.0002809679285009,-0.0030176696079945,0.0025733858987104,0.0003686824830712,0.2926697231261611,0.2926697231261611,0.2926697231261611,False,0.1200069945858865,8.023543365047005e-05,8.676064982939688e-05,3.5383626475402536e-05,2.451999935329124,0.0752093972527613,0.516960249413329,0.4078303533339096,-0.0059672519289667,-0.0374351746650907,-0.9992812414942104,12863.045479778728,True,wing_R,high
-0.0124675798163516,0.0026757337668833,-0.0024031165850568,0.0009315600220765,0.0009284979276037,0.1322445628716853,0.1322445628716853,0.1322445628716853,False,0.9217626305793644,4.41761658767785e-05,5.7803816916307e-05,8.55773991285687e-05,1.9371848468532,0.3245434249589143,0.1592435757372663,0.5162129993038193,-0.2872255393945777,0.6326935852469823,0.7191664040448593,6262.546916071713,True,body,high
-0.0136359762617645,0.0014051908746302,-0.0031485489122982,0.001486922673246,0.0003647239203858,0.3743587462233332,0.3743587462233332,0.3743587462233332,False,0.1648018331281542,6.279507558328046e-05,7.126283038183928e-05,2.797137921873902e-05,2.54770527490106,0.1188242840368118,0.4886656364608269,0.3925100795023612,-0.0091987520086238,-0.1644782025590851,-0.986337824401162,11067.84018687536,True,wing_R,high
-0.012301551673956,0.003945881427882,-0.0033198783733085,0.0014108696976798,0.0004446257586487,0.3610329696696471,0.3610329696696471,0.3610329696696471,False,0.5987624989936404,3.35062954673431e-05,8.700035122308363e-05,8.566869108581484e-05,2.596537456905032,0.0153063765668506,0.5995653452561189,0.3851282781770304,-0.3794588991327776,-0.3067644736418757,-0.8728725574676771,4984.953761445786,True,wing_L,high
-0.013796583204799,0.0031521591246424,-0.002466927365468,0.0010453622310057,0.0010436247201022,0.3063207696022744,0.3063207696022744,0.3063207696022744,False,0.2094057107807211,2.87189889791984e-05,6.664081774812257e-05,3.059226177300017e-05,2.320444420811316,0.5409380795921876,0.0281099911000799,0.4309519293077324,-0.1371127449036413,-0.7968548919991559,-0.58840664194246,3440.056815855732,False,body,high
-0.0130635095999607,0.0020223640909379,-0.0029240078173323,0.0007777674460022,0.0001980432685306,0.5670145113212032,0.5670145113212032,0.5670145113212032,False,0.32980205725609,2.642474457610222e-05,5.973365153360952e-05,6.305040843455716e-05,2.3860366276379503,0.0526048440176283,0.5282901060360315,0.41910504994634,0.9382021655347031,-0.2298378035835894,0.2587494553228371,3334.6199905584203,True,wing_R,high
-0.0135527835082111,0.0002502386624592,-0.002985130132036,0.0025768965269939,0.0003726394578521,0.3971164257486181,0.3971164257486181,0.3971164257486181,False,0.1216547339766568,7.807159199082545e-05,0.0001039795678218,3.6355377066910525e-05,2.8600877287132445,0.2491641038111052,0.4011962715155982,0.3496396246732965,0.5211300948680061,-0.4773539761566722,0.7075002513570423,10512.540176429806,True,wing_R,high
-0.01339560879242,0.0003800556227794,-0.0029958441663318,0.002422730192334,0.0004240029823168,0.3077789608016842,0.3077789608016842,0.3077789608016842,False,0.4337845340690819,6.418779430407344e-05,2.428328260965428e-05,5.8301307926379697e-05,2.6432914913469885,0.0917072543388546,0.5299765428232918,0.3783162028378536,-0.5521217700201604,0.3825387061307586,-0.7408277055980091,4878.746566745883,True,wing_R,high
-0.0137749244783281,0.0010174265231445,-0.0030953760283125,0.0018980191668597,0.000403405580698,0.2733985941604354,0.2733985941604354,0.2733985941604354,False,0.1926664681180753,9.199222021121066e-05,9.851899301164884e-05,3.772200427094622e-05,2.611711517341853,0.0662488785250418,0.5508604410303661,0.382890680444592,-0.0302050016163811,0.3326288323856077,0.9425739852887632,5650.717125295088,True,wing_R,high
-0.01376866426861,0.0011819965099109,-0.00313850523869,0.0017441207815062,0.0004362040513398,0.3839028248624159,0.3839028248624159,0.3839028248624159,False,0.1042931895434729,7.837476371787493e-05,3.467691542473722e-05,9.575521087988806e-05,2.761353185744424,0.1815091523720265,0.4563495593775125,0.3621412882504609,0.0032111145036329,-0.2518681145351666,-0.9677562408086782,5991.4956691224925,True,wing_R,high
-0.0124673955824912,0.004757286895197,-0.003811114072388,0.0021831493620969,0.0003284179641618,0.5603894549040376,0.5603894549040376,0.5603894549040376,False,0.0512884598846478,5.6356498838602e-05,6.593576030106939e-05,2.6569944696348044e-05,2.4815919285722883,0.145281732078731,0.4517511287690551,0.4029671391522138,0.4300684899383939,-0.088992618459668,0.8983993587607916,6529.591275945591,True,wing_L,high
-0.01255923211569,0.003488461606314,-0.0031618041970202,0.0008736167390004,0.0003239843098218,0.7521504712992948,0.7521504712992948,0.7521504712992948,False,0.9257643039467022,2.278129170001657e-05,2.3600852395357814e-05,5.643120114552583e-05,2.4770852280287863,0.5817765364501901,0.0145231836059585,0.4037002799438514,-0.3064743655285642,-0.7298519486215835,0.6110561319282716,4425.224098927375,True,wing_L,high
-0.0121946837879725,0.0041598480566529,-0.0033931199000235,0.0016573239673395,0.000493041053938,0.360085466540484,0.360085466540484,0.360085466540484,False,0.349238491289212,4.660680780605873e-05,6.931260434664761e-05,2.991903832118156e-05,2.3166722005759417,0.3275853901987607,0.2407609646496323,0.4316536451516069,-0.1461152852220714,-0.3745899731916974,-0.9156050870373738,5047.484031431367,True,wing_L,high
-0.0132337471786876,0.0005002441137848,-0.0029182074202489,0.002291436404099,0.0004605821373555,0.2886777052929905,0.2886777052929905,0.2886777052929905,False,0.3003097389786249,4.375094642630557e-05,2.849579496507655e-05,7.800914933765194e-05,2.737567049217516,0.439156216959429,0.195555926333707,0.3652878567068639,0.473860979474962,-0.4598542554379248,0.750992567131434,5857.43078442199,True,wing_R,high
-0.0138671048611002,0.000693962422347,-0.0030626616121302,0.0022332131382588,0.0004304391929783,0.357486678400117,0.357486678400117,0.357486678400117,False,0.1224647307421652,3.226374005693848e-05,5.637009815276733e-05,8.386233798924516e-05,2.599275156607584,0.3278258214075017,0.2874515387219509,0.3847226398705473,0.1554602797105226,-0.3299020263312483,-0.9311266049549128,4751.459462648181,True,wing_R,high
-0.0136628715865819,0.0002343666586742,-0.0030105340274221,0.0026143506780033,0.0003726064482702,0.3737420785035099,0.3737420785035099,0.3737420785035099,False,0.1171507249738865,3.582534247662429e-05,3.281710656978837e-05,8.648481568834962e-05,2.6353577365034395,0.5857614751042324,0.0347833996394949,0.3794551252562727,-0.2802430191071331,0.35095200317996,-0.8934744214053877,15147.138466971215,True,wing_R,high
-0.0135728256947203,0.0008605937437537,-0.0030527694997525,0.0019838659800359,0.0002969081882101,0.3383260184646497,0.3383260184646497,0.3383260184646497,False,0.5623243396875893,2.643331416944406e-05,2.9626247887921745e-05,7.312482804538965e-05,2.766388943007353,0.5948537770299809,0.0436641535279342,0.3614820694420849,-0.7931737504067395,-0.1097734036294777,-0.5990202012631183,5855.899098938091,True,wing_R,high
-0.0127194694388561,0.0027554269971709,-0.0026770494597506,0.0005549004064775,0.000554747393169,0.1881624390857403,0.1881624390857403,0.1881624390857403,False,0.7717232492541022,9.401846293141254e-05,0.0002532538057089,0.0001557490716737,2.6936603493899467,0.3850079715967534,0.2437499747321231,0.3712420536711235,0.936253632651329,-0.3482197181031763,-0.0466064724189119,7199.624701568671,True,body,high
-0.013895893996446,0.0027084652385379,-0.0035254045995712,0.0009317257449215,0.0009105336366763,0.3723797532365228,0.3723797532365228,0.3723797532365228,False,0.2813909150041292,8.278159024617476e-05,7.923345861922354e-05,7.910404957847527e-05,1.0464899166009345,0.0428613610393306,0.0015632586951208,0.9555753802655484,0.0001819514852406,-0.6316122732774934,0.7752844014546495,5307.664282112141,True,body,high
-0.0128480691665509,0.0041842830615964,-0.0036282916804866,0.0015144601918168,0.0002937960685551,0.3052702377085896,0.3052702377085896,0.3052702377085896,False,0.1908337672010043,2.6398624471675857e-05,7.217199365706517e-05,7.33681268108734e-05,2.779240520262448,0.0163031714969579,0.6238863001556904,0.3598105283473517,-0.1490150427637007,-0.3672079005558838,-0.918124651013942,8778.794825923478,True,wing_L,high
-0.0136897274464621,0.0011837494418071,-0.0031053744886947,0.0017119161130535,0.0003611573921644,0.2497235677016902,0.2497235677016902,0.2497235677016902,False,0.5120523485419896,8.51786722067547e-05,8.26776827402444e-05,3.313887163962614e-05,2.570355235176488,0.0293616864611324,0.5815870313213195,0.389051282217548,-0.08456913813831,-0.213530832140969,-0.9732690504684351,6261.544019491442,True,wing_R,high
-0.0138402197530095,0.0007002510853765,-0.0030745752996634,0.0022175653101692,0.0004244890857293,0.3234073356627821,0.3234073356627821,0.3234073356627821,False,0.144751244917056,7.568358276362703e-05,2.9373248003152223e-05,7.636298938006102e-05,2.5997461830528934,0.008897066785227,0.6064499980479653,0.3846529351668075,-0.1615309818839132,0.3353926880592168,0.9281268699310624,4944.727962676952,True,wing_R,high
-0.0128253411333754,0.0035353923654243,-0.003339084994326,0.0008268063794421,9.121120056544624e-05,0.2575451449554962,0.2575451449554962,0.2575451449554962,False,0.966930507907698,2.624867755095522e-05,7.194850985533715e-05,3.162980731988839e-05,2.7410337041044133,0.5603827322694427,0.0747913998462609,0.3648258678842963,-0.1960955560072625,-0.3580367769804812,-0.9128834532642331,7312.955636064302,True,wing_L,high
-0.0129380277439745,0.0037855289514425,-0.0035517840392095,0.0011074528486596,0.0002854339222415,0.2684522046138002,0.2684522046138002,0.2684522046138002,False,0.1026084537183407,3.104419218512576e-05,8.324646556086187e-05,6.981973156769931e-05,2.68154716555156,0.1612889376468027,0.4657920203738209,0.3729190419793764,0.3806157956120689,0.4873394361093225,0.7858955974830495,8193.271507819285,True,wing_L,high
-0.0127614947100637,0.0035693519285626,-0.0033285309950994,0.0008752800128698,0.0001124271590287,0.2781613898955956,0.2781613898955956,0.2781613898955956,False,0.1758120043362287,7.420883021868391e-05,8.100381517663142e-05,2.9363165229678423e-05,2.758688123130469,0.083884752133351,0.5536241088301592,0.3624911390364898,0.2459150668974836,0.2033521126951007,0.9477202636512766,9306.619014559485,True,wing_L,high
-0.0120838040062791,0.0026901185405429,-0.0023166334319118,0.001264971416106,0.0012648452529236,0.2447497038178493,0.2447497038178493,0.2447497038178493,False,0.1728153699678395,8.716561829734424e-05,6.149371176164332e-05,6.570350970899607e-05,1.4174720601548365,0.2462221803456429,0.0482965420263761,0.7054812776279809,-0.99915442780077,-0.0377059736631144,0.016391734387567,5014.323272118258,True,body,high
-0.0122769624891393,0.0040464370241324,-0.0033065188369215,0.001506124725327,0.0004464699474743,0.4569025339509789,0.4569025339509789,0.4569025339509789,False,0.130745101526454,4.761859643389859e-05,2.559923797562528e-05,6.691625487436262e-05,2.613994015684295,0.2883852133789613,0.3290584402790526,0.382556346341986,0.2289810719776441,-0.0828100096804622,0.9699021450500512,5105.068252506366,True,wing_L,high
-0.0121881913084779,0.0026965913583449,-0.0025151764603977,0.0010625980986508,0.0010620648780688,0.2532064695885606,0.2532064695885606,0.2532064695885606,False,0.3044309443647185,7.469676604547574e-05,0.0001268573425529,0.0001846974016589,2.472629157017103,0.3131611954824385,0.2824109924608733,0.4044278120566881,0.8711080053069515,-0.487777028548978,0.0569597534235665,7402.503620914537,True,body,high
-0.0128251486205025,0.003680262614623,-0.0034451854549072,0.0009919270189392,0.0001613360737654,0.2472769393009461,0.2472769393009461,0.2472769393009461,False,0.1756348811501461,2.979520520235733e-05,7.089576729072905e-05,7.272667008993204e-05,2.440885021465738,0.0251751220967348,0.5651374115925804,0.4096874663106849,0.2661850848603093,0.2185987247917267,0.9388078068046414,16504.150650909654,True,wing_L,high
-0.0125667026650769,0.0041350052639685,-0.0034711888302871,0.0014900718521321,0.0001694682091243,0.4870360799297043,0.4870360799297043,0.4870360799297043,False,0.1385108016587046,9.000608385839286e-05,3.312932869931279e-05,6.830259878976565e-05,2.7168097692320545,0.2411335338483723,0.3907876954827985,0.3680787706688291,-0.3161455624066965,0.011885885268576,-0.9486362364478472,6694.661263854183,True,wing_L,high
-0.0135519460987782,0.0025300606062264,-0.0033975454632247,0.0006172536118078,0.0005365841655626,0.400918367911689,0.400918367911689,0.400918367911689,False,0.148880591933317,3.573757595615913e-05,7.76140724653341e-05,6.950980114869812e-05,2.171777754611749,0.1044175503128727,0.4351301783271735,0.4604522713599537,-0.4126879956237312,0.9049973336950388,0.1032881613397084,3772.309900416819,True,body,high
-0.0123542608936241,0.0051651113255851,-0.0039892608394939,0.0026412714046168,0.0004271079919754,0.5253799549452017,0.5253799549452017,0.5253799549452017,False,0.0304898859787143,2.936831821473914e-05,7.725362750062962e-05,5.642662688701834e-05,2.630509072251137,0.2695925264278566,0.3502529207713731,0.3801545528007702,-0.2496397600545856,-0.0704561613703084,-0.9657721882125464,5091.572974418875,True,wing_L,high
-0.0128217570421956,0.0046170956972569,-0.0037542402757017,0.0019639307317546,0.0003798863167572,0.4007187502058706,0.4007187502058706,0.4007187502058706,False,0.1095075073805014,2.205416298243948e-05,5.2664162135320526e-05,5.434776988517704e-05,2.4642862179104776,0.0309784146325331,0.5632245668507128,0.4057970185167541,0.076895302302032,-0.2931324422776566,-0.9529745451837712,8112.656398949243,True,wing_L,high
-0.0129197150220703,0.0015456530621065,-0.0029038176594574,0.0012572343285129,0.0004497996208081,0.3386711459098677,0.3386711459098677,0.3386711459098677,False,0.1304922691362767,4.922096643628069e-05,9.45709694533694e-05,3.6080645734750434e-05,2.6210996928551373,0.4795340819621148,0.1389466638386257,0.3815192541992594,0.322003753246909,-0.0822343187381049,0.943160166523472,6473.941134797288,True,wing_R,high
-0.0128491180105007,0.0041976142426561,-0.0036360126737871,0.0015293370288871,0.0003006002065327,0.3099873493714191,0.3099873493714191,0.3099873493714191,False,0.1516889869742483,7.252186869996635e-05,7.392579174180181e-05,2.82749557278398e-05,2.6145325373229054,0.0189909774215052,0.5985314722994959,0.3824775502789988,0.1822836257641601,0.3840087922767548,0.9051574046719276,8442.219699068855,True,wing_L,high
-0.0138231458220481,0.0029994092657179,-0.0033120195630557,0.0008160358820973,0.000813877306688,0.2538122669540366,0.2538122669540366,0.2538122669540366,False,0.6263336998897953,8.64878674410481e-05,0.0001918211595179,0.0001510139089718,2.2178967431321106,0.2127359184388095,0.3363864637926547,0.4508776177685357,-0.0921846640624635,0.2063708268737636,0.9741216913338548,6832.964913351748,True,body,high
-0.0130936987994592,0.0009163306481384,-0.0028447164026757,0.0018801245554632,0.0004441060826654,0.2662465735662819,0.2662465735662819,0.2662465735662819,False,0.1111845058012933,7.252539606016786e-05,3.164754904035731e-05,3.107647955680957e-05,2.3337712988881933,0.5636349367316497,0.0078740622536411,0.4284910010147092,-0.4405025784289065,0.1958097267771766,-0.8761369923116662,9129.364376942693,True,wing_R,high
-0.0126373069827437,0.0024837417081291,-0.0027934797989774,0.00060770538555,0.0005622768091435,0.1916018091127418,0.1916018091127418,0.1916018091127418,False,0.3672975673321806,6.59242540380218e-05,0.0001763416270428,9.851810044287564e-05,2.674912740630762,0.4413224937585632,0.1848335356287007,0.3738439706127361,0.8661746568660482,-0.4994227951698697,-0.017841958067933,4543.189221510411,True,body,high
-0.0132221526476291,0.0010333376804837,-0.0029781432528547,0.0017560851200784,0.0003367976591226,0.3472368506222903,0.3472368506222903,0.3472368506222903,False,0.2334794091728198,4.981000229822944e-05,0.0001289272706261,5.261004798979386e-05,2.58838114188921,0.5919401090687124,0.0217180250381838,0.3863418658931037,-0.6221984492085768,0.2087883715645247,-0.7545041455829622,5963.311675046827,True,wing_R,high
-0.013491000710433,0.0009684453016124,-0.0031133635894814,0.0018584715765514,0.0003366886361212,0.3428040159601575,0.3428040159601575,0.3428040159601575,False,0.1269225856972733,3.818621035454651e-05,2.9319149696198832e-05,6.829276359437479e-05,2.3292886834036937,0.440845437426523,0.1298389491310328,0.4293156134424442,-0.873252350325489,0.2027640614970888,-0.4430768195428581,6820.556054079407,True,wing_R,high
-0.0122477229514368,0.0044276806921291,-0.0035808270428228,0.0019001718416079,0.0003993805108405,0.4106886390362435,0.4106886390362435,0.4106886390362435,False,0.2173427933028937,4.080386325124386e-05,0.0001146341510895,0.0001079037276109,2.809394551288186,0.0587122023811788,0.5853392180426729,0.3559485795761482,0.0652385143869165,0.254220150217668,0.9649435483301054,7137.146543139873,True,wing_L,high
-0.0124294754832269,0.0044149578500038,-0.0035941159340125,0.0018214792352883,0.0002591519065955,0.3077383041631508,0.3077383041631508,0.3077383041631508,False,0.3440002407997283,9.970526076778828e-05,3.5280317084097525e-05,9.72319745581522e-05,2.826087433684944,0.0248059750367267,0.6213479308613308,0.3538460941019425,0.0043782576036523,0.4007193065848704,0.9161904104445192,6006.666457107758,True,wing_L,high
-0.0141864321260105,0.0029599108554833,-0.0033494138926259,0.0011618428483186,0.0011602070311308,0.4047032605166651,0.4047032605166651,0.4047032605166651,False,0.4886745655467272,4.274503843271218e-05,0.0001191578073988,0.0001282489990229,3.000324803188582,0.0708870376637869,0.5958157143391781,0.333297247997035,-0.3768421523790102,-0.7503235244121318,-0.543143260019042,3459.4827385512203,False,body,high
-0.0122612639875948,0.0046485500153996,-0.0036933215518769,0.0021177453073358,0.0003721544324179,0.4454352559110303,0.4454352559110303,0.4454352559110303,False,0.2070806439147639,0.0001149586995974,0.0001234794396691,4.78752767636122e-05,2.579190095941148,0.0690053347706474,0.5432760548121939,0.3877186104171586,-0.1886280404517706,-0.1953833793028878,-0.9624161248895976,6041.6298233495645,True,wing_L,high
-0.0128447599534113,0.0037133323629026,-0.0034700733842663,0.0010261515134075,0.0001824772394785,0.2642499929682615,0.2642499929682615,0.2642499929682615,False,0.4485177408882829,9.242971707212968e-05,3.407158164902392e-05,4.802224483894827e-05,2.7128096964872657,0.4804458310580676,0.1509326613976069,0.3686215075443255,-0.2743064336031292,-0.2486793194045677,-0.9289319547654786,18277.78820056981,True,wing_L,high
-0.0136578632221404,0.0014291894942885,-0.0031767644138283,0.0014744716496891,0.0004005399399277,0.5414623016135798,0.5414623016135798,0.5414623016135798,False,0.0528550646421024,8.610123725995518e-05,3.815079284604707e-05,9.159530832428882e-05,2.400875617288235,0.0599820139791674,0.523503280802788,0.4165147052180446,0.3743304394505197,-0.2320700937956183,0.8977862739352132,9404.565099191715,True,wing_R,high
-0.0121958455693692,0.00268652505392,-0.0025623322291326,0.0010312484398805,0.0010307941020463,0.3077923448729301,0.3077923448729301,0.3077923448729301,False,0.4192142079110682,6.524587757156398e-05,0.0001254608641281,0.000183213067861,2.8080405181172043,0.3152188018416935,0.328660980679927,0.3561202174783794,-0.887494166261592,0.4315058323277223,-0.1617307067900242,6676.034326342499,True,body,high
-0.0136465871677669,0.001344623813894,-0.0031194971309549,0.0015465272769655,0.0003474529298771,0.2959329816428238,0.2959329816428238,0.2959329816428238,False,0.1492084396705516,7.309902980718656e-05,2.820294291278297e-05,7.26158518719005e-05,2.591893691138681,0.0066099090037245,0.6075717978236584,0.3858182931726169,-0.048984161274741,-0.1849717198076381,-0.9815222946095594,11475.054935412532,True,wing_R,high
-0.0133141830340749,0.0020508495938638,-0.0031639663544554,0.000770017775894,0.0001976343786173,0.2527097793063946,0.2527097793063946,0.2527097793063946,False,0.8686416254134431,3.804734971050389e-05,9.585397792908514e-05,7.665506669948325e-05,2.519333899954202,0.2002933174438067,0.4027763669604008,0.3969303155957925,-0.6521302701547251,0.2482095184888073,-0.7163226547300313,4239.696436900288,True,wing_R,high
-0.0121986991506699,0.0043716277748499,-0.0035433401638701,0.0018647840987987,0.0004494901333414,0.4200978008566363,0.4200978008566363,0.4200978008566363,False,0.2475110276234897,3.832133821615888e-05,0.0001008240008588,9.608924452217288e-05,2.631014613585019,0.0469606075571605,0.5729578851655384,0.3800815072773011,0.0367222879187074,0.2710949686980012,0.9618518552857528,7842.9057428310225,True,wing_L,high
-0.0138058691913727,0.0004507244710412,-0.003033054055111,0.0024431550153027,0.0003822849789717,0.394251948661276,0.394251948661276,0.394251948661276,False,0.1452766640728836,3.125594300413094e-05,8.748165914437378e-05,6.530420687768444e-05,2.7988808122926185,0.25350973545311,0.3892045967871113,0.3572856677597787,-0.0778533969619774,0.2228496673905406,0.971739097868047,5496.420211342032,True,wing_R,high
-0.012464192985051,0.0049040242305277,-0.0038698197459571,0.0023362791584839,0.0003539333567509,0.439579728944485,0.439579728944485,0.439579728944485,False,0.2185053218963829,2.657701523855689e-05,2.9328993592227186e-05,7.052138042234168e-05,2.653472550974499,0.5841120321726495,0.0390233194130506,0.3768646484142998,-0.1194442073001131,-0.2529307919164814,-0.9600828588423757,9361.938253993478,True,wing_L,high
-0.0133484454114412,0.0029109631379226,-0.00324843220425,0.0003428738830026,0.0003330805099539,0.2974181763829635,0.2974181763829635,0.2974181763829635,False,0.6094217974282612,0.0001154582839779,0.0001636124652471,0.0001490856813897,1.4170699547071792,0.0887877573108123,0.2055307788502072,0.7056814638389804,0.9011819427444656,-0.4284476697974518,-0.0656025938240564,18036.515254141777,True,body,high
-0.0126231601481514,0.0025572018423019,-0.0025644718915303,0.0007361830995393,0.0007090465930874,0.174444404996758,0.174444404996758,0.174444404996758,False,0.8039546461843637,5.208546453616367e-05,0.0001371926380788,0.0001248394566466,2.6339908705929256,0.0900425970751466,0.5303053657198442,0.3796520372050092,0.8232691525225362,-0.5653769697662099,0.0507620385997565,6243.510658558945,True,body,high
-0.0139731136750419,0.0030409156106867,-0.0032648185912592,0.0009589439063525,0.0009574651315283,0.1086324045566442,0.1086324045566442,0.1086324045566442,False,0.8887765181260616,0.0001589814276857,5.903317306583012e-05,0.0001644573736191,2.785846754938772,0.0332970532906044,0.6077456572507446,0.3589572894586509,-0.2031021322447465,0.6605075100422289,0.7228273328087784,4937.206613626941,True,body,high
-0.0129822492534621,0.003351240566337,-0.0033445960971571,0.0006249339870858,0.0001422916779571,0.1632952382506777,0.1632952382506777,0.1632952382506777,False,0.9288852358518864,6.887803201116549e-05,0.0001591824465328,5.940665098273758e-05,2.679539140812905,0.5673013355970226,0.0595001599405178,0.3731985044624596,0.2294765790421531,0.4945203979961821,0.8383257574694982,3749.957289210447,True,wing_L,high
-0.0128139842475735,0.0046115174937781,-0.0037500191716642,0.0019583018162118,0.0003717158710339,0.4039986211124717,0.4039986211124717,0.4039986211124717,False,0.1230549913060439,2.3810785481761584e-05,6.063400218438844e-05,5.525587254605639e-05,2.5464931524763195,0.0886982459442,0.5186048410373781,0.3926969130184218,0.0457552015437126,-0.2834903280161122,-0.9578829236670896,8449.182067831844,True,wing_L,high
-0.0133708072063652,0.0015409400177129,-0.003067288559549,0.001274526622439,0.0001847829076312,0.2163556488820509,0.2163556488820509,0.2163556488820509,False,0.1352360679275421,0.0001396666994386,6.057192983121403e-05,0.0001631987994571,2.6942975056579823,0.1441928500499591,0.4846528888114637,0.3711542611385772,0.4442971601549814,-0.1308263944811822,0.8862756275478146,5725.550957730199,True,wing_R,high
-0.0136617430765294,0.0002407735680645,-0.0030137418122685,0.002607738344711,0.0003744921139265,0.372246005001943,0.372246005001943,0.372246005001943,False,0.1168168147147024,3.0036224060483856e-05,3.242472428624045e-05,8.40859323179629e-05,2.7994841211944386,0.6143858622673116,0.0284054675962289,0.3572086701364593,-0.3469036196377904,0.4272434986873255,-0.8349376452835343,15771.36080747337,True,wing_R,high
-0.0128513227163568,0.0041883770712766,-0.0036246361689807,0.0015165646854091,0.0002923073682796,0.3078489749633274,0.3078489749633274,0.3078489749633274,False,0.1962912837442568,2.746633066642053e-05,6.185213474334638e-05,6.449539604422045e-05,2.3481620762350497,0.0409837207459234,0.5331512973941529,0.4258649818599236,0.1355537392077028,0.377660495227876,0.9159681949342158,8736.711329405527,True,wing_L,high
-0.0123558096688273,0.0047770695126524,-0.0038096469888968,0.0022334765838227,0.0003584145975786,0.4693086158941348,0.4693086158941348,0.4693086158941348,False,0.1577391167889794,2.655563197600461e-05,6.870411515732188e-05,6.878908332488876e-05,2.5903764364201853,0.0012351984277152,0.6127205240147082,0.3860442775575765,-0.2566305017352037,-0.2413638996094755,-0.9358868807417086,6946.651238821561,True,wing_L,high
-0.013439436384621,0.0017229221723805,-0.0031482952795889,0.001119734904866,0.0002550288788979,0.2544127174166781,0.2544127174166781,0.2544127174166781,False,0.2124375662939794,0.0001010281483228,0.0001021825350502,3.885501130299095e-05,2.629841856265133,0.0112972997473179,0.6084516986125351,0.3802510016401469,0.3802652718843431,-0.0811345296102229,0.921311842485298,7955.389702530492,True,wing_R,high
-0.012627237706213,0.00269517383405,-0.0025980197665262,0.0006790729707388,0.0006762663312224,0.1056016186141597,0.1056016186141597,0.1056016186141597,False,0.9240143441621288,0.0001543638034191,9.000239296498012e-05,0.0002025828490431,2.2508606979148795,0.2380213618862542,0.3177041430610906,0.4442744950526551,0.0935589205529776,0.9599256700237428,0.2641769036354806,8359.254285371922,True,body,high
-0.0128456411073414,0.0044219979496845,-0.0036846170933523,0.0017554241412732,0.0003373358683543,0.3466626975056647,0.3466626975056647,0.3466626975056647,False,0.1981179344303872,6.66006639519813e-05,7.267155172902687e-05,2.7346780546477647e-05,2.657407938953428,0.0835387112646542,0.5401547437967347,0.376306544938611,0.0784004587561612,0.3298470517585709,0.9407732407509272,9830.995254271624,True,wing_L,high
-0.0139899015068291,0.0028828551974107,-0.0034274696429195,0.0009840343700577,0.0009813713960302,0.22430355091886,0.22430355091886,0.22430355091886,False,0.3527938976577096,6.614750630799838e-05,0.000157761826466,0.000135012733389,2.3850003616379456,0.1441989712378083,0.4365138805987296,0.4192871481634621,-0.2366747888808089,0.308000366274443,0.9214775193584666,5619.043416236328,True,body,high
-0.0124879540803566,0.003743155693832,-0.0033477809582598,0.0011492255551682,0.000316631561121,0.4014213130613217,0.4014213130613217,0.4014213130613217,False,0.3559408960293046,2.341017778999197e-05,6.105229951987144e-05,3.5472350467848144e-05,2.607938310744985,0.4189842029405866,0.1975711442929376,0.3834446527664757,-0.2268865265704684,0.070025602616672,-0.9714004936373872,10137.158096331985,True,wing_L,high
-0.0139429063003177,0.0028562693021559,-0.0033924479507373,0.0009261147567834,0.0009215062540908,0.1772631980117696,0.1772631980117696,0.1772631980117696,False,0.4531016655185398,0.000106400969007,8.659334275196735e-05,0.0001121879997828,1.2955730338790985,0.0515833314356056,0.1765574419132483,0.771859226651146,0.5905242965835861,0.4564025619053964,0.6655657417796168,6404.683125321142,True,body,high
-0.0126063177816233,0.0026411646827739,-0.0029185978623939,0.0005149505922952,0.0005124583809367,0.2666001753480677,0.2666001753480677,0.2666001753480677,False,0.3237181069963092,6.606283983146596e-05,0.0001602101516368,0.0001043794644794,2.425117540293,0.348484079111264,0.239164773620558,0.4123511472681779,0.7914143536764331,-0.6097146749979607,-0.0437188276037316,5727.550783586409,True,body,high
-0.0127726995482116,0.0027773458476393,-0.0029106449288029,0.0003538228197481,0.0003519440127789,0.2582120954203708,0.2582120954203708,0.2582120954203708,False,0.1967400007519831,5.092613977549581e-05,0.0001302963339793,7.233454304609637e-05,2.558535450629659,0.4448459075021021,0.1643054920792877,0.3908486004186101,0.7459721668263608,-0.3779097685948811,-0.5483700694977319,6844.177240911735,True,body,high
-0.0139468306344398,0.0027453331017108,-0.0034871158435133,0.0009599578254234,0.0009425563024977,0.2147666771472758,0.2147666771472758,0.2147666771472758,False,0.2894406960600727,7.739550794282617e-05,8.86512408980382e-05,9.160928572554112e-05,1.1836511983772364,0.0322897925038422,0.1228667254205418,0.8448434820756159,-0.9231017423416132,0.3566083251331995,0.1439224643048193,5547.38396742902,True,body,high
-0.0138345209260291,0.0029405059741236,-0.0033552799225755,0.0008245158098184,0.0008244755784127,0.1293501061373188,0.1293501061373188,0.1293501061373188,False,0.8374697171962712,6.852161892113429e-05,0.000173759841786,0.0001637205537917,2.535839703174433,0.057776802114272,0.5478765052504747,0.3943466926352532,-0.012353685921107,0.32318838722929,0.9462540107203208,6587.052100744244,True,body,high
-0.014019456356152,0.0027581368869962,-0.0033890938461556,0.000995162526161,0.0009737593403563,0.2382746212995253,0.2382746212995253,0.2382746212995253,False,0.2580028922984163,4.319449378716605e-05,0.0001163891391631,6.350378405091144e-05,2.6945364781121306,0.454383935584249,0.1744947201240498,0.3711213442917012,0.7022035725398571,-0.4640576016114056,-0.5399635960867469,5363.578969887257,True,body,high
-0.0137804069395622,0.0027089991734521,-0.0033110564773684,0.000746816427137,0.0007176171245163,0.1488644182970514,0.1488644182970514,0.1488644182970514,False,0.5680492791468681,0.0001793987978327,8.163111708084235e-05,0.000228472607879,2.798842108859412,0.2147907817130353,0.4279186098476334,0.3572906084393312,-0.3958981601213949,0.7763818373243258,0.4904038024785275,4354.779849388737,True,body,high
-0.0128306611883803,0.0031339386992479,-0.0027146201231006,0.0005824290155733,0.0004822807050599,0.1575656787662386,0.1575656787662386,0.1575656787662386,False,0.045700724281662,0.0002133471336825,0.0001297579114328,0.000152755330516,1.644193647436342,0.284005705258773,0.1077934288887046,0.6082008658525223,0.2387671072148622,0.6550519345069814,0.7168662578270146,3909.077927002712,True,body,high
-0.0127672980903311,0.0026589643136729,-0.0030715199560097,0.0003218675723243,0.00031853408613,0.3336745829102202,0.3336745829102202,0.3336745829102202,False,0.129818751786392,4.524456629732269e-05,0.000117918093174,5.298036655270245e-05,2.606237672810164,0.5507019734918299,0.0656031661227952,0.3836948603853748,0.7926175043617265,-0.3770114591469661,-0.4791866561698727,6770.366657436395,True,body,high
-0.0132401742633019,0.0036343629315676,-0.0031937247562608,0.0008789445382027,0.0003909508716908,0.3367759715099429,0.3367759715099429,0.3367759715099429,False,0.1928799642003089,1.3259651076245288e-05,6.920767915636015e-06,1.5592042045458023e-05,2.252935257405626,0.1495885505190876,0.406546053565562,0.4438653959153503,0.9894170844509408,0.0972779375983284,0.1076607442534909,2365.466011048696,False,wing_L,high
-0.0127122053126853,0.0035331083843286,-0.0033332332736594,0.0008627392053031,0.0001662255960899,0.2868372609833992,0.2868372609833992,0.2868372609833992,False,0.1612789368257368,7.243021752698359e-05,2.786193057478921e-05,6.063365523483757e-05,2.5996123036973566,0.1628679671954769,0.4524592881118903,0.3846727446926327,-0.2633834741994424,-0.2335903864925446,-0.9359832674021984,8997.900480727181,True,wing_L,high
-0.0130904993181281,0.000782243720755,-0.0028729237973517,0.0020093400122299,0.0004896836015687,0.3445284761950576,0.3445284761950576,0.3445284761950576,False,0.1058506745250437,7.0678661898574e-05,2.339277023070548e-05,2.7785430997101174e-05,3.0213891386750253,0.606876668987111,0.0621497443273515,0.3309735866855375,-0.8634282926453354,-0.3987673622393266,0.3089921912803792,9645.535206976418,True,wing_R,high
-0.0122025324976648,0.0026646268604282,-0.0024254820150742,0.0011069755352018,0.0011068545300978,0.141657835754163,0.141657835754163,0.141657835754163,False,0.4076442394248563,6.202514858638246e-05,0.0001283546552857,0.0001533374770132,2.4721823406793924,0.1629270431085182,0.4325720495169937,0.4045009073744881,-0.8833486308073242,0.4416520578995102,-0.1569670545176706,7501.765111854029,True,body,high
-0.0123366175698254,0.0024591346744665,-0.0025550970131655,0.0009694384212246,0.0009436576977302,0.1661651126833338,0.1661651126833338,0.1661651126833338,False,0.471044895089397,7.749292473272058e-05,8.976897299617594e-05,0.0002132864084172,2.752333960202602,0.579115361066306,0.0575566364240026,0.3633280025096914,-0.8672843152112186,-0.3278098739652657,-0.374644635781008,3950.0911672137936,True,body,high
-0.0127807406665717,0.0026426069842317,-0.0028325304137263,0.0004197215162971,0.000405631538084,0.1117425197053324,0.1117425197053324,0.1117425197053324,False,0.5935995996601728,8.986782173971092e-05,7.290430330163537e-05,0.0002056102495571,2.820275899303774,0.562921488917611,0.0825032724517059,0.3545752386306831,-0.1867702017265444,0.920802873089733,0.3424017532909535,6227.604305913698,True,body,high
-0.0121257913535177,0.0043438976905028,-0.0035120950094477,0.0018695558864808,0.0005196768285694,0.4055411857660423,0.4055411857660423,0.4055411857660423,False,0.1582583725791621,7.06862790089728e-05,6.6563962200288e-05,2.8482481979086704e-05,2.481745764321884,0.0583184865079901,0.538739353027301,0.4029421604647089,0.0091897260120715,0.2502250465132251,0.9681440879503822,6676.448021096127,True,wing_L,high
-0.0127105384475204,0.0028049351315945,-0.0028018313734587,0.0004707335140936,0.0004670677029434,0.1611526098601423,0.1611526098601423,0.1611526098601423,False,0.9144470634905876,5.853256286847132e-05,3.711232454701104e-05,5.976875317582903e-05,1.610482606663955,0.0206828859842711,0.3583852294600448,0.620931884555684,0.8589669457054387,0.0167121330369007,0.5117582347113009,7313.68919090985,True,body,high
-0.0132620805191254,0.003267151029007,-0.0033322799289093,0.0005727504970116,0.0003453685237668,0.2073423512342436,0.2073423512342436,0.2073423512342436,False,0.0239580318785661,0.0001148002245651,0.000148269115889,0.0001174068015768,1.2915402948969192,0.2081506598806785,0.0175800401592979,0.7742692999600235,0.942567820716707,-0.2352000865778185,-0.237164125919466,4422.877857383439,True,wing_L,high
-0.0137886195181268,0.0031433700210836,-0.0025401737903003,0.0009927750709174,0.0009905152418395,0.2165483391540083,0.2165483391540083,0.2165483391540083,False,0.3173749849219573,6.350868975654141e-05,4.820072829470385e-05,0.0001161540071489,2.4097977615358004,0.4532372036455986,0.1317902140233907,0.4149725823310106,0.0888407456183878,0.5698838737035684,0.8169086193758665,3636.202300332215,False,body,high
-0.0128507072848178,0.0036844336200826,-0.0034721963979071,0.0009993349608837,0.0001895910967384,0.2687388187827171,0.2687388187827171,0.2687388187827171,False,0.1276739329585937,7.052064062750015e-05,2.717275761014412e-05,6.609245761251318e-05,2.595269925830915,0.0627927224651468,0.5518909025224025,0.3853163750124507,-0.2607192812594369,-0.3086514482244336,-0.9147457241706692,20710.945948766665,True,wing_L,high
-0.0132652814609226,0.0022835847489029,-0.0031369947458478,0.0005336854447453,0.0001387851247378,0.1985310925312741,0.1985310925312741,0.1985310925312741,False,0.3883007454506501,3.416604008091388e-05,0.0001023209085883,7.18791045216029e-05,2.9948132223128243,0.297513035085009,0.3685763248291551,0.3339106400858359,-0.7491622905075019,0.2309149470680422,-0.6208334315274238,3817.172324056927,False,body,high
-0.013361053847605,0.0028150384342693,-0.0033927079847458,0.000410802642441,0.0004106063842718,0.2789413147005471,0.2789413147005471,0.2789413147005471,False,0.5474114961598893,6.109289514553286e-05,0.0001528231590686,0.0001253244190922,2.5014882451479155,0.1799383034870803,0.4202996740690088,0.3997620224439107,0.7794455645818246,-0.6151549576184907,0.1185284352850131,13344.23494507707,True,body,high
-0.01303270263919,0.0015827878119016,-0.0029186077414406,0.0012102858493727,0.0003314569995724,0.4420284044691916,0.4420284044691916,0.4420284044691916,False,0.139047103175174,9.664479511787496e-05,0.0001002219152202,4.213912415874707e-05,2.3783578140520643,0.03569199505447,0.5438498240563069,0.4204581808892231,0.269457801704137,-0.0774415526451478,0.9598933789878348,8233.944159691613,True,wing_R,high
-0.0138896237404622,0.0031620108703418,-0.003100008464531,0.0009109882074396,0.0008968701708716,0.1574601530989782,0.1574601530989782,0.1574601530989782,False,0.1154198340716415,6.552292230106907e-05,0.000190348271937,6.576914723092084e-05,2.9050638349488858,0.6544799353225121,0.0012935495938374,0.3442265150836504,-0.1729626831643331,-0.0954686515144214,0.9802905930440282,4336.151943591689,True,body,high
-0.0121735470929971,0.0027617948868915,-0.0024478246993913,0.001110668233864,0.0011072295553713,0.1679970826563574,0.1679970826563574,0.1679970826563574,False,0.1277526581358735,7.423126803472583e-05,9.033242352690048e-05,0.0001710433515691,2.3041954704198164,0.4718741026868342,0.0941349391511816,0.4339909581619842,0.7879627974135788,-0.609614210748717,-0.0865167263908335,6837.540561089354,True,body,high
-0.0139363740271847,0.0029680326971317,-0.0033366925746984,0.0009209753536128,0.000920957137919,0.1403324764176209,0.1403324764176209,0.1403324764176209,False,0.8906334911119009,5.624610584798223e-05,0.0001535580833296,0.0001684488305166,2.9948532076500904,0.0883992316323668,0.5776945864400557,0.3339061819275774,-0.1312719799235251,0.3364172167084286,0.9325186987879182,6199.17848871134,True,body,high
-0.0130312536178523,0.0030676097592208,-0.0031206522143248,0.0002923981296522,5.954057264359777e-05,0.17318778194571,0.17318778194571,0.17318778194571,False,0.0114499883461495,0.0001256664694134,0.0001017830953467,0.000156779577702,1.5403302205340808,0.1984512826517536,0.1523372777043052,0.6492114396439412,-0.0583644568491595,0.6915038844097862,0.7200110888193874,5917.552677609466,True,body,high
-0.0125402745516442,0.0040609416557433,-0.0034931723692955,0.0014380371947714,0.0002247738710795,0.4088080256987546,0.4088080256987546,0.4088080256987546,False,0.535835853201152,8.202661333631489e-05,2.9958725515789048e-05,4.6367760865441566e-05,2.737987411817124,0.4347229639320779,0.2000452619246185,0.3652317741433035,-0.157581083324371,-0.328749876683668,-0.9311775989352358,6390.318585407735,True,wing_L,high
-0.0128609969846295,0.0040086740192494,-0.0035565601144116,0.0013250746568819,0.0002438096105328,0.2811111820300504,0.2811111820300504,0.2811111820300504,False,0.1468709819846708,3.243078568756847e-05,8.541335127497592e-05,7.410571772323315e-05,2.633712056742337,0.1323871898591062,0.4879205816605681,0.3796922284803256,0.1057006580940874,0.3534721535589824,0.929454037344963,6548.758926260003,True,wing_L,high
-0.012142622416462,0.0047471417682128,-0.0037076145829848,0.0022549833407221,0.0004450918469789,0.4628284281765244,0.4628284281765244,0.4628284281765244,False,0.1581736225761605,5.47838460849039e-05,7.278016443100092e-05,2.7572279398024607e-05,2.639613627164071,0.2472695477784801,0.3738871284452395,0.3788433237762804,0.114424992716102,0.2250761380236852,0.967598911292413,10487.227023247697,True,wing_L,high
-0.0135744768623626,0.000591665209642,-0.0030244204042899,0.0022460454763855,0.0003204670875128,0.3368452626627122,0.3368452626627122,0.3368452626627122,False,0.1592044824157897,2.4388440095823155e-05,3.525048576124e-05,6.16683694803379e-05,2.5285901532873942,0.4283862852498618,0.1761364173716325,0.3954772973785056,-0.9125406836347708,0.1261077655304467,-0.3890582632258358,5846.745962397424,True,wing_R,high
-0.0130958163185534,0.0007792063642856,-0.0028774847120939,0.0020118971174652,0.0004866541919447,0.3319721660388923,0.3319721660388923,0.3319721660388923,False,0.1239681967667373,6.34317562356988e-05,2.353311211176621e-05,2.566991431447948e-05,2.695425744561165,0.5953144633250327,0.0336866315788793,0.370998905096088,-0.9112390634158064,-0.3276412821300147,0.2495887808962655,9621.997314902688,True,wing_R,high
-0.0136395787633887,0.0028249453392622,-0.0021618616853055,0.0011114909742102,0.0010789569033806,0.277853976610936,0.277853976610936,0.277853976610936,False,0.1234946546117998,3.5364161280459544e-05,8.682123768211253e-05,4.786400070854978e-05,2.4550628245801374,0.4487063075073966,0.1439721404785448,0.4073215520140586,0.356058178843037,-0.6773448828363661,-0.6437596468981024,2701.869209693836,False,body,high
-0.0128557323464498,0.0041339217584,-0.0035901300742208,0.0014536723062514,0.000266606169202,0.2851640671219021,0.2851640671219021,0.2851640671219021,False,0.2433512162329017,8.464930576289857e-05,3.137800598547333e-05,5.730592550841121e-05,2.697727376369536,0.3230195452645029,0.3062980763901548,0.3706823783453423,-0.1407771310686409,-0.342583881242849,-0.9288800157612758,8765.43044349774,True,wing_L,high
-0.0123287297687843,0.0029416286627684,-0.0028295654432744,0.0008044413328245,0.0007509822502935,0.3157452743435364,0.3157452743435364,0.3157452743435364,False,0.0658834559276176,7.56803348463128e-05,5.3506308406396144e-05,8.158784423253952e-05,1.5248266356343605,0.0724067346281304,0.2717810066989492,0.6558122586729204,-0.2381360453466202,0.945274468805885,0.2230412574624356,4926.289662692337,True,body,high
-0.0138713635719659,0.0027624551442724,-0.0032683661532247,0.0008226094328472,0.0008012917225723,0.1749323182874789,0.1749323182874789,0.1749323182874789,False,0.1672864769871559,6.682085373960934e-05,0.0001526006251465,6.239160751736013e-05,2.445851793513945,0.5621193971162539,0.0290250856967032,0.4088555171870427,-0.0167750343885909,-0.9998395110140954,-0.0062889137659594,5037.658322951053,True,body,high
-0.0138154082758605,0.0031683428089951,-0.0031909111415141,0.0008508486714645,0.0008269039272656,0.1492019457420142,0.1492019457420142,0.1492019457420142,False,0.1299486787441497,4.4483131028793766e-05,0.0001114341190956,6.242202007803241e-05,2.505087131199035,0.439830272948629,0.1609820151567511,0.3991877118946198,-0.0633831799281208,0.1943315314940474,0.9788860139819024,5870.343734773543,True,body,high
-0.0131451905485983,0.0024318507074849,-0.0026490076543336,0.0005828888383437,0.0003917239465134,0.2073584591993862,0.2073584591993862,0.2073584591993862,False,0.1878267836751451,9.562453091598552e-05,9.43846855358828e-05,0.0002342490695969,2.48185463846095,0.5917826650046709,0.0052928508200105,0.4029244841753185,-0.2534101913967999,0.9209645940800631,0.2959856269266832,3444.536969915839,False,body,high
-0.0126238065842253,0.0030987490139641,-0.0029670301204549,0.0005639381174434,0.0004078930538416,0.1754591731724278,0.1754591731724278,0.1754591731724278,False,0.0189713662756219,7.992247289909717e-05,0.0001140734937567,9.620936511708568e-05,1.427301854144717,0.1566019243499804,0.1427754308351772,0.7006226448148424,0.9429225830193476,-0.3290999492326494,0.0508942614367182,10678.525286866112,True,body,high
-0.012402181701597,0.0027343224096828,-0.0026385775121765,0.0008145420057529,0.0008136259063719,0.1071127744171181,0.1071127744171181,0.1071127744171181,False,0.935872180898236,8.676900711362696e-05,9.196169502185216e-05,0.0002199889657264,2.5353403599319564,0.5819713287973535,0.0236043107484004,0.394424360454246,0.6295835523396649,0.0593850649900152,0.7746599025891945,5466.1688524771125,True,body,high
-0.0123844712115069,0.0028598044992549,-0.0026890307901966,0.0008043909593577,0.000785893770875,0.146133361568172,0.146133361568172,0.146133361568172,False,0.2012938455058611,6.887645553616463e-05,0.0001554970652264,6.6188775574864e-05,2.3492965971337725,0.5570562348823291,0.0172844417184727,0.4256593233991981,0.7043333314669554,-0.6096091817184955,0.3637185776794557,5408.0489960164505,True,body,high
-0.0130214570577616,0.0030728005416577,-0.0030577850118248,0.0003034434496272,0.0001110274217052,0.1417589897398607,0.1417589897398607,0.1417589897398607,False,0.0190331968148884,9.00884387068261e-05,8.656493925595157e-05,0.0002171832375383,2.5089053305539752,0.5851961701651889,0.0162236252245413,0.3985802046102698,-0.5393891090343453,0.7685302740833697,0.3441229531322719,6479.28026319968,True,body,high
-0.0132744809404922,0.0032546230968759,-0.0033878457081606,0.0005904347555119,0.0003800710879251,0.2012286218253993,0.2012286218253993,0.2012286218253993,False,0.0378601580131238,9.910191661538946e-05,9.612141478965396e-05,0.0001415859423356,1.4729906196810134,0.3000582191947466,0.0210508315766987,0.6788909492285545,0.0161966877857385,0.6401189121666382,0.7681051006153853,4242.692297944655,True,wing_L,high
-0.0136978548190622,0.0032263555172153,-0.0027701400620274,0.0008485693711038,0.0008222834190889,0.4125183222835266,0.4125183222835266,0.4125183222835266,False,0.3793675499789642,3.7693882694220566e-05,1.3014388958324734e-05,1.4524582744535697e-05,2.8963236625957336,0.6146700284934381,0.040064691622827,0.3452652798837349,-0.6483891514443312,0.6948721572482888,0.3110372861417254,2977.845400268028,False,body,high
-0.0128912475275342,0.0040759116183336,-0.0035894411333197,0.0013946076584374,0.0002865299326858,0.2738104233778048,0.2738104233778048,0.2738104233778048,False,0.1707670131878574,5.223907951457236e-05,2.2612803191797007e-05,4.915196497221419e-05,2.310154962721408,0.0590958832170271,0.5080327223800709,0.4328713944029019,-0.1185399354762833,-0.4181874911653349,-0.9005928635793876,7937.9585384056145,True,wing_L,high
-0.0136721850189027,0.0013407332711428,-0.0031096559738456,0.0015599135603337,0.0003557824904111,0.2842121166474569,0.2842121166474569,0.2842121166474569,False,0.1586222091053703,2.404465815149218e-05,5.934277895817481e-05,5.604579440024537e-05,2.468023399804171,0.0555583108140785,0.5392591450984762,0.4051825440874452,-0.0249318445407566,-0.1971953438537,-0.9800471414632136,11928.057525554264,True,wing_R,high
-0.0134888683971353,0.0012557726025875,-0.0030954923350367,0.0015797166453811,0.0002680924468556,0.3971221761912892,0.3971221761912892,0.3971221761912892,False,0.0803474088521172,6.670236607307571e-05,2.8267109972733223e-05,5.9378217181716174e-05,2.359716509307728,0.1098034346088349,0.4664168460665879,0.4237797193245771,-0.7199724136551239,0.3025158300861188,-0.6245989882499985,5699.56860121177,True,wing_R,high
-0.0136030143883684,0.0015023738176941,-0.0031803336526672,0.0013858054776572,0.0003713925974468,0.4886096120621909,0.4886096120621909,0.4886096120621909,False,0.0720265843316441,8.903038560083992e-05,8.402388769993525e-05,3.3620918689821035e-05,2.64806522457682,0.0562335866245808,0.5661322105925902,0.3776342027828289,0.3750784820666739,-0.0982836657246786,0.9217681125653456,6839.6202049014855,True,wing_R,high
-0.0128549952408386,0.0036829148112393,-0.0034743554386624,0.0009978318161089,0.000192623469772,0.261249707911757,0.261249707911757,0.261249707911757,False,0.2045021371440676,6.923662911809288e-05,2.6511728696813943e-05,5.394592126549045e-05,2.611547134850298,0.2208470869736012,0.3962381317248071,0.3829147813015915,-0.172058963280891,-0.3224742590014151,-0.930809360415006,20491.3956386206,True,wing_L,high
-0.0124937129215593,0.0026569848603281,-0.0028786605175172,0.0006275940114645,0.0006274200748316,0.3315533085027028,0.3315533085027028,0.3315533085027028,False,0.1394008845242753,4.152405398687454e-05,0.0001008117420634,7.495701747135952e-05,2.4277914216988914,0.2564654083236821,0.3316375930040712,0.4118969986722466,0.7957400894486604,-0.5865173061477373,-0.1509806597993243,5028.24999982047,True,body,high
-0.0132738750433962,0.0028573376306449,-0.003226733257226,0.0002524985148041,0.0002484741137415,0.1092064063458312,0.1092064063458312,0.1092064063458312,False,0.1296946000805375,6.488505040839541e-05,0.0001557177341761,5.650244595529335e-05,2.755946783248404,0.5833162436399605,0.0538320474379568,0.3628517089220827,0.4395958399660034,-0.8959240141210717,0.0638408834977217,26955.613245421428,True,body,high
-0.0133133943641792,0.0032031965643267,-0.0033525708064985,0.0005493613635396,0.000389984979888,0.1419835932872262,0.1419835932872262,0.1419835932872262,False,0.1135122784075287,9.772742452106494e-05,7.307728269054323e-05,0.0001229406339712,1.6823372386720867,0.2050844268144536,0.2005044307505572,0.594411142434989,-0.0548364684727775,0.6793565414305913,0.7317565519630824,4636.700859399752,True,body,high
-0.0137749005452972,0.0032268184426268,-0.0031962264776827,0.0008454256380766,0.0008021235197788,0.2196527879308248,0.2196527879308248,0.2196527879308248,False,0.0810171744350706,7.620315942672104e-05,7.078672631538176e-05,4.510046426230373e-05,1.689631374602364,0.0710788522692141,0.3370760772429471,0.5918450704878387,0.386459204678414,-0.9189458253140416,0.0786629090310212,5281.797302400096,True,body,high
-0.0129727141410701,0.0028243186897061,-0.0028868361787275,0.0002470357002564,0.0002455204339935,0.1089877550110551,0.1089877550110551,0.1089877550110551,False,0.995296235167214,7.437774035569951e-05,0.0001508573704916,0.000118431441963,2.028259661696725,0.2149442776502899,0.2920222025865365,0.4930335197631735,-0.0546432941868459,0.1215533664718833,0.9910796585036756,15546.291376594056,True,body,high
-0.0129513390506954,0.0028001270596202,-0.0023981303155631,0.0007225768200236,0.0007183768409857,0.163625434721943,0.163625434721943,0.163625434721943,False,0.0785770191240423,8.904889703132944e-05,7.938768129949698e-05,0.0001004563098128,1.265389140588396,0.1135559608231236,0.0961733090716631,0.7902707301052132,0.1139989172699709,0.6275448401235824,0.7701894055980916,4049.093302535382,False,body,high
-0.0134118103940203,0.0029072862882547,-0.0032337407993208,0.0003909601889801,0.0003864009586923,0.2430768126112296,0.2430768126112296,0.2430768126112296,False,0.4197804987371412,0.0001003663435776,9.770645674042e-05,8.321701707481338e-05,1.2060795628779928,0.0265017807999034,0.1443655228348899,0.8291326963652067,-0.0402518825995432,-0.9988718048166862,0.0251972913117382,16833.129583874226,True,body,high
-0.0132680116583154,0.0028022088470949,-0.0032912065402555,0.0002730317559125,0.0002729785598835,0.1213200333012901,0.1213200333012901,0.1213200333012901,False,0.5318135270422023,0.0001379330735683,8.19538947815545e-05,0.0002090657501738,2.551016650655533,0.3402406972274239,0.2677587253780575,0.3920005773945186,-0.4961581206420268,0.8092379412352453,0.3145807905551666,19810.689900249512,True,body,high
-0.013135579412151,0.0027014588405593,-0.0031664585280555,0.0001178206205681,8.647045543770654e-05,0.1853670513812493,0.1853670513812493,0.1853670513812493,False,0.4300522452428452,6.999113237752283e-05,8.670870378504073e-05,7.096693025139967e-05,1.2388527066163977,0.1815477898581719,0.0112537476779256,0.8071984624639024,0.9826794742853552,0.0409360150565699,-0.1807354240030064,10598.153474130684,True,body,high
-0.0126120439878765,0.0026854953811285,-0.0026635222582452,0.0006429194000849,0.0006405267275009,0.091206982732545,0.091206982732545,0.091206982732545,False,0.9752053566547704,0.000148127712212,0.0001270564512242,5.419813551735961e-05,2.733077638152664,0.1422506340856534,0.4918614796573289,0.3658878862570175,0.3195054092130012,0.5597052932249544,0.7646216569124892,9095.346099559149,True,body,high
-0.0138204729945686,0.001025921724424,-0.0031001267512837,0.0019077102607786,0.0004369209038791,0.3150501097184223,0.3150501097184223,0.3150501097184223,False,0.1372016639133213,7.774267509030079e-05,3.06856474915338e-05,7.626670210329487e-05,2.5335191350206987,0.0189853640267912,0.5863067428386933,0.3947078931345154,-0.0483659611684215,0.3452755603316269,0.9372542457828268,5021.18562150948,True,wing_R,high
-0.0130576258503853,0.0011230688021357,-0.0028625496671278,0.0016727661019192,0.0004247427957096,0.3042747721884353,0.3042747721884353,0.3042747721884353,False,0.1697398043063625,8.095987113478334e-05,8.665389640813203e-05,3.387023375123524e-05,2.558408573279238,0.0657099739235077,0.5434220425791375,0.3908679834973547,0.2519668951532771,-0.1008523783688294,0.96246635345043,6898.072464113986,True,wing_R,high
-0.0126488677252423,0.0026128729256437,-0.0029225645161841,0.0004847887154318,0.0004768497874641,0.2978577321499365,0.2978577321499365,0.2978577321499365,False,0.2461566544178769,0.0001028676457481,0.0001438773286991,6.8745406010694e-05,2.092900995839201,0.2850322793853816,0.237162032725868,0.4778056878887503,0.2027372019379725,-0.9790946199468196,-0.0164727696989512,5990.086883551317,True,body,high
-0.0130140877333409,0.0028283304951628,-0.002928074408461,0.0001968530772383,0.0001948140403016,0.1754793501642558,0.1754793501642558,0.1754793501642558,False,0.0286148110041543,4.4418695664589615e-05,0.0001028549422936,6.457731464375872e-05,2.315577725880809,0.3721515640986792,0.1959907665071241,0.4318576693941967,0.8001755685731363,-0.4283793794806588,-0.4197739471363412,17550.516565880735,True,body,high
-0.0125119589198343,0.0036948850629338,-0.0033288674285928,0.001092765089214,0.0003046005242185,0.3923448698361727,0.3923448698361727,0.3923448698361727,False,0.1509470700079101,5.9507525057879856e-05,2.4930320931170467e-05,4.939415326893783e-05,2.3869538311268745,0.1699511411221569,0.4111048529404082,0.4189440059374347,-0.2323693563006563,0.140994273580073,-0.9623539354468532,11345.916573785396,True,wing_L,high
-0.0134364197079272,0.0002407079306182,-0.0029569059189473,0.0025683394221799,0.0004118882383761,0.2600299751274345,0.2600299751274345,0.2600299751274345,False,0.1693247123949184,3.345594173610869e-05,7.69456927896909e-05,8.248103456108637e-05,2.4653628109372674,0.0671104794071894,0.527269708545826,0.4056198120469846,-0.781709486436404,0.3615789849875706,-0.5081249023918146,5357.369187507729,True,wing_R,high
-0.0131420013425729,0.0029340761602987,-0.0031030452592012,0.0001754157630927,0.0001193724881194,0.1825147309314835,0.1825147309314835,0.1825147309314835,False,0.4613434359530569,8.016743755673834e-05,0.0001635768935892,0.0001386798196747,2.0404405900271594,0.1522041002745003,0.357705668778521,0.4900902309469787,0.8150409333245576,-0.579379028920358,0.0053120478854362,8010.949646396774,True,body,high
-0.0133910144279636,0.002882460876692,-0.0033659597928574,0.0004275259003633,0.0004226037022405,0.1709639075347471,0.1709639075347471,0.1709639075347471,False,0.2829432995829548,4.900102543871738e-05,0.000117599880773,6.105497788308004e-05,2.3999473423296886,0.4808244916430507,0.102499699533046,0.4166758088239032,-0.0286927243689996,0.1122277863222875,0.99326816698487,13728.68741924953,True,body,high
-0.0129707817187723,0.0027747889288874,-0.0029218884047009,0.0002112971676219,0.0002108909756887,0.1384713170630861,0.1384713170630861,0.1384713170630861,False,0.2952342837904268,0.0001306082271674,9.035990882771632e-05,9.768335079862664e-05,1.4454222991354957,0.2520888391402574,0.0560718274012105,0.691839333458532,0.1448044849813437,0.6906205716577714,0.7085724289953576,14165.85671432203,True,body,high
-0.0127870037147691,0.0029872528100261,-0.0028176271910234,0.0004551992693952,0.0004006301932172,0.1704274013220404,0.1704274013220404,0.1704274013220404,False,0.0191729402613145,9.763282559905492e-05,0.0001655980789162,8.667877449688485e-05,1.9104801593864829,0.410422957572825,0.0661484189542505,0.5234286234729244,0.1757793816361192,-0.98428503001919,-0.0168697561258412,6821.251891581877,True,body,high
-0.0129652252378725,0.0027830292869325,-0.0028924019896629,0.000240401813362,0.0002402278419617,0.1112029196872121,0.1112029196872121,0.1112029196872121,False,0.928716644078071,4.979489878722861e-05,0.0001394691755732,8.663067779304875e-05,2.8008727594611247,0.3788543064303416,0.2641141230986044,0.357031570471054,-0.0163455064738096,0.2392478622182384,0.9708209334589551,14861.4767978822,True,body,high
-0.0130896931876043,0.0027992598559888,-0.0029089595000241,0.0002053592200492,0.0002042229474374,0.1339649540799001,0.1339649540799001,0.1339649540799001,False,0.1034959253835363,9.36248169777987e-05,7.509088452064438e-05,0.0001365786239435,1.818844255403779,0.3144987533591888,0.1357015609178561,0.5497996857229551,-0.060842833506692,0.7102338199844581,0.7013316409240077,13434.357457315798,True,body,high
-0.0130791199257986,0.0030526863516349,-0.0030160845575525,0.0002919427305653,0.000164029999297,0.1233565643431299,0.1233565643431299,0.1233565643431299,False,0.0309443570847205,0.0001031710319485,0.0001160962533436,0.0001265113872254,1.226229735577305,0.0823256634066969,0.1021664664231157,0.8155078701701873,0.731127460162422,-0.3909170949618739,-0.5591390362539671,6267.004953661785,True,body,high
-0.0126275286943736,0.0031330501602802,-0.0030296111367285,0.0005690632673268,0.0003700098742087,0.2358449752002365,0.2358449752002365,0.2358449752002365,False,0.0250454349871332,4.634654024635599e-05,4.721838590482284e-05,8.265442597499833e-05,1.7834001316095445,0.4287252576273936,0.0105480819470038,0.5607266604256026,-0.3471721531849003,0.519062829342428,-0.7810539515603215,7999.4917169497885,True,body,high
-0.0129231633658741,0.0029059224492437,-0.0028882423626406,0.0002936789597792,0.0002691268226337,0.0969998643430044,0.0969998643430044,0.0969998643430044,False,0.8235221770261152,0.0001383269491234,6.618454650011119e-05,0.0001340006438827,2.0900188403222355,0.0312759391291768,0.4902594744722519,0.4784645863985713,-0.1578580092228975,0.0855469072498369,-0.983749244261042,9212.0130625807,True,body,high
-0.0133650722263262,0.0028926632714564,-0.0032590543221856,0.0003546252336043,0.0003492135009578,0.1587571301336822,0.1587571301336822,0.1587571301336822,False,0.0650540456687912,6.367328043685855e-05,0.0001319699667239,7.098182126798776e-05,2.072611397095981,0.462136552504554,0.0553803339696108,0.4824831135258351,-0.07207586426371,0.1477451364673538,0.986395683506818,19251.149652836142,True,body,high
-0.0132258283174902,0.0027679429403147,-0.0032134810051764,0.0001915168654187,0.0001890433360979,0.1459538199692225,0.1459538199692225,0.1459538199692225,False,0.8089926969622598,7.804948202518027e-05,0.0001102537832276,0.0001675755848287,2.147042882035364,0.342065353134072,0.1921777640541533,0.4657568828117747,0.6627311522021423,-0.6689316636535437,-0.3366271665545181,15873.675289609077,True,body,high
-0.0125078291593933,0.0043720696051983,-0.0035661657854248,0.0017491868691369,0.0002001411412895,0.4217502544519502,0.4217502544519502,0.4217502544519502,False,0.217975423419817,3.1254869934908685e-05,2.1093617634166995e-05,5.155337644885033e-05,2.444027257104787,0.3937376736920654,0.1971015867568513,0.4091607395510832,0.4208050741487331,0.2393064018499092,0.875017448742783,6385.124216705733,True,wing_L,high
-0.013584842344302,0.00055762854505,-0.0030196703853749,0.0022817088511997,0.000321871231672,0.3161095531168312,0.3161095531168312,0.3161095531168312,False,0.1905165991018865,2.58432328889654e-05,5.9829603049887546e-05,2.866576760108805e-05,2.315097468917433,0.5208765203207891,0.0471762232781177,0.431947256401093,-0.8133296602248943,-0.1383213180089139,-0.5651212938677284,5537.683107746084,True,wing_R,high
-0.0126689095145036,0.0041678317466213,-0.0035776442068379,0.0015189617667751,0.0002027754070764,0.3827264389822038,0.3827264389822038,0.3827264389822038,False,0.1557551868676477,6.980967791360307e-05,2.825557446715022e-05,3.582852002847014e-05,2.470651516739234,0.4867685813876443,0.1084798811232483,0.4047515374891073,-0.2295945617946667,-0.2253982336998412,-0.946827319757572,7204.619669744717,True,wing_L,high
-0.0133319094523824,0.002853712328338,-0.0035547983143112,0.000523592629194,0.0005165276057023,0.3395212362039012,0.3395212362039012,0.3395212362039012,False,0.2221038837982915,6.478834346944886e-05,0.0001208709927492,0.0001587123846808,2.4497058603706967,0.2384274674447608,0.3533602585115802,0.4082122740436589,-0.689923323204563,0.7017205430042172,-0.1777472577122892,5690.106816416767,True,body,high
-0.0130839591566334,0.0010560584151287,-0.002860281499051,0.0017394875624086,0.0004173473962455,0.3707949009709127,0.3707949009709127,0.3707949009709127,False,0.1059250280916605,9.20351304880342e-05,8.368856751918832e-05,3.486340348856252e-05,2.6398779602292057,0.0906888806979096,0.5305057294070304,0.37880538989506,0.5490547643788872,-0.2363838977483286,0.8016617232961496,9514.629131495043,True,wing_R,high
-0.0130564597267158,0.002595528850268,-0.0032417153329226,0.0002236367835802,0.0001678080496892,0.363352096296198,0.363352096296198,0.363352096296198,False,0.4622114075406058,6.605042951786671e-05,7.652636567050403e-05,6.704209118193998e-05,1.158605117772982,0.1239347302784512,0.0129584314554152,0.8631068382661335,0.9724465783796176,-0.1777338617784938,-0.1508586310924154,6396.608829845259,True,body,high
-0.012362443525683,0.0051720318779147,-0.0039730853089953,0.002640024889153,0.00040881584453,0.5481548879002697,0.5481548879002697,0.5481548879002697,False,0.0683930227340519,1.9435427741157628e-05,4.7355839955578544e-05,3.5067210701292244e-05,2.43657307604787,0.2594955398492238,0.3300919796755328,0.4104124804752433,-0.3459511051607533,-0.0148067007853533,-0.9381357015111972,5169.39440031734,True,wing_L,high
-0.013751608261598,0.0028803156577441,-0.0029099499178187,0.0007239385625148,0.0007158008412265,0.1998975120461862,0.1998975120461862,0.1998975120461862,False,0.0750250214824559,5.106250375199222e-05,0.0001158477915737,6.362356724823228e-05,2.26874483351706,0.4508003442800761,0.1084273021142619,0.4407723536056619,0.8450951117139499,-0.5342394764785129,-0.0200607559466511,4310.44183181267,True,body,high
-0.0128791757823871,0.0036952275554468,-0.0034831023807775,0.0010074848797196,0.0002052367607311,0.2661620151563627,0.2661620151563627,0.2661620151563627,False,0.1528748568233497,7.042560795209531e-05,2.7699682748768705e-05,5.260483027198883e-05,2.54246983948673,0.2530440020088783,0.3536376645858851,0.3933183334052366,-0.252133500398043,-0.3690991955847353,-0.8945359030221938,17582.031067919816,True,wing_L,high
-0.0134625197014693,0.0027659874388197,-0.0035119720485969,0.0005650941635525,0.0005638266001687,0.3610659590512859,0.3610659590512859,0.3610659590512859,False,0.2126726889849626,6.80488360507031e-05,0.0001196032455625,0.0001660509990521,2.440173979293218,0.2797198074971098,0.3104733473820992,0.4098068451207909,-0.7298490768368497,0.6242760141990717,-0.2785673762954276,5133.637687759847,True,body,high
-0.0133996693468129,0.0029691798605859,-0.0032098228665843,0.0003990122141536,0.0003814122223854,0.0930427190773765,0.0930427190773765,0.0930427190773765,False,0.8883836882147461,0.0001583179775094,6.430150856219985e-05,0.0001482505935874,2.4621191796194526,0.0635896445899149,0.5302561739725477,0.4061541814375374,-0.2020928232045253,0.4561950117051558,0.8666282952365203,12382.048952452637,True,body,high
-0.0125454277888867,0.0030511203722674,-0.0029249448784286,0.0006154185714963,0.0005020217150632,0.1992043314919351,0.1992043314919351,0.1992043314919351,False,0.0425598139949966,7.428728599177618e-05,6.129394031006967e-05,0.000131111285628,2.139057873662635,0.4334028101706276,0.0991016571873619,0.4674955326420105,0.4472263727693053,0.2474749230227337,0.859502608474519,8831.534778646022,True,body,high
-0.0132596998939846,0.0028484122066741,-0.0032143079425059,0.0002322624127741,0.0002291833533428,0.1371531205586429,0.1371531205586429,0.1371531205586429,False,0.2342520930246804,6.845114544105006e-05,0.0001638381664901,7.352481520859993e-05,2.393505111339113,0.5512351194859646,0.0309675692559357,0.4177973112580997,0.0087612164371837,0.101220537095509,0.9948254339112153,29130.3094835104,True,body,high
-0.0133059007289604,0.0028116393036836,-0.0030199453624276,0.000260947912623,0.0002572933876181,0.1178267907061078,0.1178267907061078,0.1178267907061078,False,0.716453235036557,0.000210975614998,9.324704646528616e-05,0.0001300381288015,2.26254474533458,0.3836343181046689,0.1743854726366972,0.4419802092586338,0.0720075769193031,0.6690431425845322,0.7397270998326504,13714.541098468497,True,body,high
-0.0132704805999715,0.0028533882624697,-0.0031533630709975,0.0002240515835152,0.000222184576204,0.1078291248836517,0.1078291248836517,0.1078291248836517,False,0.5109609096917899,6.009860660906033e-05,0.0001514493983046,9.913103026437627e-05,2.520015135955683,0.3454511449101339,0.2577258417150821,0.3968230133747839,0.0107482994970988,0.3175426702299284,0.9481830659957852,22945.167186500297,True,body,high
-0.0133151828310247,0.0028521785889287,-0.0032909750929253,0.0003177009638566,0.0003150131481814,0.1445530323115633,0.1445530323115633,0.1445530323115633,False,0.545924846147855,0.0001273078253695,6.651909672601796e-05,0.0001576345942208,2.3697645034196007,0.1923865062817024,0.3856306348489934,0.4219828588693042,-0.3316713889887824,0.7091991729137594,0.6221178528741089,26993.06810240297,True,body,high
-0.0132991247015905,0.0030053724001643,-0.0032592108424663,0.0003594086387626,0.0003078952474396,0.1041637725481765,0.1041637725481765,0.1041637725481765,False,0.8219801110208229,6.672495227453415e-05,0.0001293776390043,9.89099619916397e-05,1.9389693749354409,0.2354941491217531,0.2487679475741806,0.5157379033040662,0.0894042207758496,0.3396801946365809,0.936282142668073,7916.209245030101,True,body,high
-0.0131425008063501,0.0031128926799089,-0.0030905269420876,0.0003453972324374,0.000177271763972,0.1416660746924928,0.1416660746924928,0.1416660746924928,False,0.0224693716891264,0.0001220290478902,8.233053804303998e-05,8.748332774051634e-05,1.4821845063914865,0.2830942365527318,0.0422259272407817,0.6746798362064864,-0.0676830410340724,0.6845646226200393,0.7258031988173262,5543.429131754209,True,body,high
-0.0136220035863869,0.0029314353085481,-0.0028171824132505,0.0006494637177598,0.0006479690704501,0.1167248915540608,0.1167248915540608,0.1167248915540608,False,0.0717334111869894,7.49341458950956e-05,0.000142374323148,6.657678646440767e-05,2.1384979766812937,0.473682162357609,0.0586999063166449,0.467617931325746,0.3313977310898974,0.9089735509789136,0.2528687949298063,4088.806707171116,True,body,high
-0.0135228401473669,0.0029125132715671,-0.0031800214609996,0.0004832763519451,0.0004824994468467,0.1207232987679769,0.1207232987679769,0.1207232987679769,False,0.3001845729501236,4.9700534450560185e-05,0.000138213874943,5.367593730144035e-05,2.780933373675832,0.6116458110769104,0.0287626900882208,0.3595914988348686,0.80884675662561,-0.5878549950417875,0.0139078790852955,8300.201728137237,True,body,high
-0.0132569469186577,0.0028844484514708,-0.0029806218061955,0.0002566496605768,0.0002547818039573,0.1205518615940783,0.1205518615940783,0.1205518615940783,False,0.3460718414063449,0.0001168965563756,0.0001624768376933,8.171017257899385e-05,1.988452998752694,0.2805340254327237,0.2165624608170017,0.5029035137502745,0.233126359739721,-0.971765447753469,-0.0363870161871802,8885.011226975006,True,body,high
-0.0131302838136747,0.0028489511023603,-0.002971885947496,0.0001704063567043,0.0001682643875589,0.134034766471625,0.134034766471625,0.134034766471625,False,0.033672399948291,7.8323879579608e-05,8.274638751553401e-05,0.0001794036739077,2.2905361030461413,0.5387698272104982,0.0246511559077689,0.4365790168817329,0.7867737404823014,-0.6032015766150762,-0.1309004937216611,11383.30530526172,True,body,high
-0.013326427303363,0.0028166644651863,-0.0030151242717365,0.000282354668745,0.0002787966864282,0.1086318665035288,0.1086318665035288,0.1086318665035288,False,0.1533310689470766,0.000109489977983,8.555960935094925e-05,0.0002206413534127,2.578802721126561,0.5037649276099537,0.1084582208272614,0.3877768515627848,-0.2981376865458576,0.889486524219723,0.346305707565729,12868.839089560735,True,body,high
-0.0133183902762303,0.0028495337769369,-0.0032754107623257,0.0003111615783966,0.0003091706975225,0.1434650552838776,0.1434650552838776,0.1434650552838776,False,0.5562331299970197,0.0001053551477471,0.0001005150060482,8.590160712572893e-05,1.2264630578213802,0.0459411979614806,0.1387060740270099,0.8153527280115094,0.0448504972229981,0.871842416201294,0.4877286481345335,27740.670142091247,True,body,high
-0.013224798188162,0.002818443757724,-0.0032090364003025,0.0001925503360021,0.0001918103390677,0.1189612084433176,0.1189612084433176,0.1189612084433176,False,0.2069935924775282,7.86627569713328e-05,0.00010735167005,0.0001587219206425,2.017751814882348,0.3236493761195711,0.1807495332882697,0.4956010905921592,0.5583419690301992,-0.7764444424733639,-0.2922127193872768,20815.472649945103,True,body,high
-0.0128575065555736,0.0044709516335173,-0.0036855227035779,0.0018002630576276,0.0003468162276476,0.3660676251484498,0.3660676251484498,0.3660676251484498,False,0.1041515792213641,2.8211900843735536e-05,5.862843012993615e-05,6.538858703628588e-05,2.317766087385262,0.1033843551719252,0.465165721799764,0.4314499230283107,0.0455681856517962,0.2341339734954814,0.9711358416368026,10256.23701169866,True,wing_L,high
-0.0122215509785986,0.0047855225337743,-0.0037481112281242,0.0022689968073652,0.0003921787966649,0.4574383213583517,0.4574383213583517,0.4574383213583517,False,0.1077882643256004,0.000108341496473,0.0001090760151007,4.5381597540896136e-05,2.403529646625199,0.0067340068024016,0.5772112125111599,0.4160547806864384,-0.1651268997092652,-0.2113089083640826,-0.9633699456794296,11855.157672235178,True,wing_L,high
-0.013229701847731,0.0012498145676141,-0.0029541027532354,0.0015443845201136,0.0002529325235772,0.4286209657446216,0.4286209657446216,0.4286209657446216,False,0.1983811588880098,6.958581068701344e-05,2.7483938631749e-05,6.086980764109018e-05,2.531871855026959,0.1252554645820904,0.4797798384430098,0.3949646969748996,-0.4538395443265262,0.1242227583972088,-0.8823822155402271,8291.06878644998,True,wing_R,high
-0.0129700821861491,0.0014066261131105,-0.0028739067662612,0.0013941750827011,0.0004360667544048,0.345727695704355,0.345727695704355,0.345727695704355,False,0.1248391341059394,8.299810785430003e-05,9.25314956833015e-05,3.849319662036213e-05,2.4038402576925555,0.1030285716079903,0.4809704080247498,0.4160010203672599,0.361849740526722,-0.1205038882816748,0.9244152628498415,6130.37035906028,True,wing_R,high
-0.0128664478235949,0.0036945079018686,-0.0034902535947982,0.0010118978687605,0.0002088710446511,0.2836198210523458,0.2836198210523458,0.2836198210523458,False,0.1569328139941288,2.1470138846067743e-05,5.5107469170402845e-05,4.56166044293734e-05,2.566702971298939,0.1722246527359454,0.4381704684829594,0.3896048787810952,-0.246521557241949,-0.3733054378412206,-0.8943546119371103,18927.945974206857,True,wing_L,high
-0.0128464341720303,0.0042180623397945,-0.0036375488088291,0.0015492430430874,0.000300028538318,0.3591222842072545,0.3591222842072545,0.3591222842072545,False,0.0921496550817576,7.650483923601111e-05,3.0964299620281456e-05,5.2560099555403165e-05,2.4707434101270884,0.3129833343841218,0.2822801818915069,0.4047364837243713,-0.2247692119325683,-0.2296640988793872,-0.9469599796470444,7952.570383875199,True,wing_L,high
-0.0132912230122287,0.0028608807565898,-0.0032352784315207,0.0002719589177976,0.0002681250855778,0.1070562115833603,0.1070562115833603,0.1070562115833603,False,0.1440296068483816,5.940155228779902e-05,0.00013708513213,7.481946453135551e-05,2.307770198762808,0.4542116758483709,0.1124696165367641,0.4333187076148649,0.0506392735489662,0.1520472437274866,0.9870751236098028,27286.50612203998,True,body,high
-0.0126757993855454,0.0031146440403671,-0.0029493875480362,0.000539297166053,0.0003740252130805,0.1576031070860796,0.1576031070860796,0.1576031070860796,False,0.0519868753991039,8.639759760508873e-05,7.813296691735283e-05,0.0001948383727721,2.49367687493825,0.5565678548027143,0.042417879856768,0.4010142653405175,-0.2367484293772868,0.8567721266742976,0.4581393937890402,9446.714308934308,True,body,high
-0.0131764909742709,0.0027517403554555,-0.0026602898609389,0.000465725784796,0.0004463941911086,0.1574753194711688,0.1574753194711688,0.1574753194711688,False,0.0133763766762543,6.449152118165312e-05,9.804729713249732e-05,4.521786520771379e-05,2.1683309612717245,0.3422407035402334,0.1965750871020306,0.461184209357736,0.6311436162607967,-0.6477020626281864,0.4267783660407791,7416.925252816151,True,body,high
-0.0133502930967111,0.0028403375733249,-0.0030883420509174,0.0002941040800546,0.0002937230749328,0.1092192523639617,0.1092192523639617,0.1092192523639617,False,0.7279104548505346,7.31081627370831e-05,0.0001197182188009,0.0001726609435922,2.3617190902908898,0.3066282605078289,0.2699513572328942,0.4234203822592768,0.3449230056016974,-0.7949407125857084,-0.4990965674901175,14112.620995561376,True,body,high
-0.0132146758403887,0.0028037262685605,-0.0031521927156711,0.0001583284145989,0.0001582555340629,0.2041990449339983,0.2041990449339983,0.2041990449339983,False,0.5704114217896188,7.203831485864868e-05,5.24863169463878e-05,0.0001338885524577,2.5509229880711954,0.4619531428469871,0.1460318866202802,0.3920149705327326,-0.3693254516062866,0.7022698250893933,0.6086179454836387,21607.01498072513,True,body,high
-0.0128542358778253,0.002900789855931,-0.002892207515114,0.000327660052192,0.0003005715058192,0.1703336791949994,0.1703336791949994,0.1703336791949994,False,0.060272709144389,6.678186521532528e-05,6.54897498236275e-05,0.0001750004484713,2.6721807449665174,0.6183903195753805,0.0073834976023456,0.3742261828222739,-0.355473499759402,0.8541286951768782,0.3796086972716063,8779.78550150786,True,body,high
-0.0131466008107935,0.0027598298219792,-0.0028224465733756,0.000301133945148,0.000287778238677,0.1248151254540566,0.1248151254540566,0.1248151254540566,False,0.1268574616290079,0.0001397439748039,7.868549090705868e-05,0.0001354228704599,1.7759814826478717,0.0309215789094367,0.4060094872247294,0.5630689338658339,0.1850685389326529,0.7975072141031967,0.574222848161488,11505.240321058776,True,body,high
-0.0133801876414727,0.0028385406100546,-0.0030384557809711,0.0003302802155522,0.0003286271147471,0.1014680928116355,0.1014680928116355,0.1014680928116355,False,0.4704807894867273,0.0001564761286585,6.840018066560782e-05,0.0001012563649496,2.287656657276536,0.3528957687176143,0.2099756976717065,0.4371285336106791,-0.3270860781291798,0.8043089348106416,0.4960865195485996,14142.581775623568,True,body,high
-0.0131970541540626,0.0028273592467899,-0.0030504119339579,0.000154780080201,0.0001547317310315,0.1080539974575748,0.1080539974575748,0.1080539974575748,False,0.953700951262987,6.191238958866005e-05,0.0001511643387283,8.307325820851189e-05,2.441584628418286,0.4504440735998121,0.1399858511463054,0.4095700752538824,-0.1541003171284505,0.4254124829422092,0.8917832200808982,18198.1521314138,True,body,high
-0.0133569689702136,0.002901268190645,-0.0031984822278173,0.0003298492785087,0.0003241430686381,0.1261057131080152,0.1261057131080152,0.1261057131080152,False,0.7770051269212198,6.522155278982179e-05,5.040075165716954e-05,6.472288236424861e-05,1.2940591289880887,0.0076457919850537,0.219591992132302,0.7727622158826443,-0.0600383336688549,0.7462929509290381,0.6629043897002761,18613.765822360096,True,body,high
-0.0122844210305991,0.0040178852674207,-0.0032447247434829,0.001471319552337,0.0004576136178211,0.4949942533164159,0.4949942533164159,0.4949942533164159,False,0.2510290249597414,6.494565844001618e-05,2.7183799200301987e-05,5.534763988932808e-05,2.389131039464664,0.1477853759778697,0.4336524005686726,0.4185622234534575,-0.2290646547585421,0.0067037283184578,-0.9733881260663612,4454.006794222626,True,wing_L,high
-0.0135086594918504,0.0017174340661859,-0.0031959284425069,0.0011523688951949,0.0003297965464096,0.2947664320461279,0.2947664320461279,0.2947664320461279,False,0.1448012518904188,5.690146520000754e-05,2.425964944919844e-05,5.717834790020412e-05,2.356932156828562,0.0048424396710417,0.5708772105094798,0.4242803498194784,-0.2687782888432858,-0.0700299342085284,-0.9606529236728656,6559.337746955002,True,wing_R,high
-0.0137882598684905,0.0010234758348703,-0.0030959449190221,0.0018974571849103,0.000412409693457,0.2850762467649707,0.2850762467649707,0.2850762467649707,False,0.1607470152467115,9.2935300487725e-05,8.349301839198388e-05,3.685868368764446e-05,2.5213949927050217,0.1016005979018517,0.5017935537906711,0.3966058483074771,-0.024956697678908,0.3556469857539923,0.9342870997531022,5510.762781923231,True,wing_R,high
-0.0129410815681736,0.0012557503386728,-0.0028144477963649,0.0015550356249501,0.0005033188207664,0.294963393114689,0.294963393114689,0.294963393114689,False,0.1126555003448942,6.22264130563622e-05,4.807649980070799e-05,2.571149176193216e-05,2.420179024715057,0.2273940045819093,0.3594134217332839,0.4131925736848068,-0.3571537642020006,0.1364265178323704,-0.924028675934073,5223.022148071951,True,wing_R,high
-0.0126648744440003,0.0035356123799403,-0.0032980629335683,0.0008770925335763,0.0001982259790204,0.3284841526474255,0.3284841526474255,0.3284841526474255,False,0.462301949649612,1.907698822822319e-05,3.966619712951298e-05,4.402098058996709e-05,2.307543521195911,0.0989251807227259,0.4677135453448377,0.4333612739324363,-0.2505617617164655,-0.0094392570597874,-0.9680545976295448,7558.856009517684,True,wing_L,high
-0.0131250865333748,0.0033450806986183,-0.0023914428652583,0.0009190857069932,0.0008289957331244,0.1304189822794073,0.1304189822794073,0.1304189822794073,False,0.1474858019311867,4.7291527746345314e-05,0.0001239482434193,5.128602379771981e-05,2.620939718507917,0.5862303298303331,0.0322271291724656,0.3815425409972012,0.8777160226384274,-0.4653982480596733,0.1141010705767754,2365.9326984177496,False,body,high
-0.0128684736313735,0.0036980514960673,-0.0034860080057715,0.0010131420443559,0.0002048362867333,0.2797485120727863,0.2797485120727863,0.2797485120727863,False,0.1239455039688372,6.480762387521498e-05,2.6697018992240854e-05,5.596754565314217e-05,2.427522859164556,0.1364049118525637,0.4516525203463837,0.4119425678010525,-0.237826830421906,-0.4044551603081669,-0.8830936654916989,19059.603279850573,True,wing_L,high
-0.0124222332927341,0.0026982045642815,-0.0024305392541142,0.0009390396253674,0.0009382731203874,0.1432202074880448,0.1432202074880448,0.1432202074880448,False,0.0930949573078624,5.914328274210828e-05,8.173939963975472e-05,4.511922102491249e-05,1.8116314462659373,0.2764409452140948,0.171570402755626,0.5519886520302791,0.1981108881566508,-0.9758307188759264,0.0922306027947088,6101.550826953663,True,body,high
-0.0132186184315768,0.0027443377050418,-0.002804825417932,0.0003450270191766,0.0003218069166806,0.0973919705508619,0.0973919705508619,0.0973919705508619,False,0.9695928369109456,0.000124198738845,4.207772301256935e-05,0.0001002258340386,2.9516506586614324,0.1930205171916554,0.468186002263632,0.3387934805447125,-0.3106755076146894,0.7389403334997111,0.5978694778090706,9903.30067016806,True,body,high
-0.0139803029486967,0.0027933448045425,-0.0032353009414673,0.0009247858086935,0.0009051509073194,0.1363176585836847,0.1363176585836847,0.1363176585836847,False,0.3665039860496241,8.006673497933922e-05,6.499975196148138e-05,0.0001126311191298,1.7327930604499384,0.2891242171974537,0.1337728252570335,0.5771029575455128,0.5810242258071012,0.5142474252599594,0.6308410533872704,4716.520363561254,True,body,high
-0.0132670397348895,0.0028347695041474,-0.0031276394768169,0.0002116776528039,0.000211548642712,0.1053068663918723,0.1053068663918723,0.1053068663918723,False,0.0893769534416342,9.8461978810219e-05,7.928077512626616e-05,0.0002016792543329,2.5438607785015,0.511789255985195,0.0951074702621174,0.3931032737526876,-0.2261030686020155,0.8377867846391813,0.4969815950844601,21259.86012348248,True,body,high
-0.0127340397956252,0.0030397279166584,-0.0029178454451012,0.0004639943615588,0.0003563903055899,0.1248807006774976,0.1248807006774976,0.1248807006774976,False,0.2147795443751649,5.32417233249826e-05,0.0001198779951335,9.490965131837277e-05,2.2515799197901187,0.2082812928875134,0.3475861266028793,0.4441325805096072,-0.0560555825156459,0.2327305512904817,0.9709244368975684,7939.316137228211,True,body,high
-0.0135114976210365,0.0027960976355073,-0.0022137438268437,0.0010032950177734,0.0009707656855143,0.1834592831755918,0.1834592831755918,0.1834592831755918,False,0.3770834951481055,8.828263481481402e-05,6.779032667990414e-05,0.0001878559837507,2.771132592969764,0.530051515782704,0.1090852030675762,0.3608632811497198,-0.3335911965954409,0.7068385382846272,0.6237757564619465,3012.2633230407005,False,body,high
-0.0132646273582099,0.0028705554667206,-0.0033684241234383,0.0003390905659874,0.0003282353658232,0.1103723001902927,0.1103723001902927,0.1103723001902927,False,0.3705513858239395,0.0001297331025739,7.07631701242228e-05,0.0001749135185907,2.4718157522289417,0.2583014530883791,0.3371376490784157,0.4045608978332051,-0.4466041995875224,0.6971396831909178,0.5608395055907307,13141.113688785284,True,body,high
-0.0132479343697774,0.0028554662994625,-0.003182544182814,0.0002121590146892,0.0002080312067365,0.1213216138323166,0.1213216138323166,0.1213216138323166,False,0.1433233750672258,9.058138828066304e-05,7.792862079702004e-05,0.00018882581755,2.423061201633552,0.520291295671776,0.0670076139365197,0.4127010903917043,-0.346036336899899,0.8640101395800717,0.3657120892829832,25578.3711971862,True,body,high
-0.0128663713824131,0.0025822506996212,-0.0026181265835285,0.0005661047842778,0.000519530614168,0.1034816557111111,0.1034816557111111,0.1034816557111111,False,0.8975886093670439,7.744423794852647e-05,3.813187815216407e-05,8.684367916093834e-05,2.2774561172778154,0.1082340281207209,0.4526795752573875,0.4390863966218915,-0.2266798676637332,0.6416568467831384,0.7327296422093706,6034.464251687317,True,body,high
-0.0134512266541479,0.0028713822242761,-0.0030998288104131,0.0003987048794451,0.0003986171494609,0.0917220004489549,0.0917220004489549,0.0917220004489549,False,0.990921313722634,0.0001310220392659,4.9982067922617546e-05,0.0001147635539446,2.621380921430149,0.1240896982863273,0.4944319778940161,0.3814783238196566,-0.0442575873763252,0.7782478486675574,0.6263956832577516,12674.362235943809,True,body,high
-0.0131874249565808,0.0028377060643567,-0.0031513545002078,0.0001431354699821,0.0001390009358986,0.10785747355717,0.10785747355717,0.10785747355717,False,0.1002093388526501,6.958395257020982e-05,7.937352479321577e-05,0.0001988377851437,2.857523578344657,0.6008126688002671,0.0492339633331087,0.3499533678666242,0.4564105900647093,-0.1752888198236111,0.8723320485466698,19849.984886032053,True,body,high
-0.0135451348420262,0.0029304555171186,-0.0032604656049054,0.0005264844816058,0.0005237760947782,0.0676997447750096,0.0676997447750096,0.0676997447750096,False,0.8341728767001229,0.0002799988415341,0.0001059050682653,0.0001366301481383,2.6438663051768203,0.512033166316954,0.109732882124319,0.3782339515587269,-0.157462715899736,0.3332676942668299,0.929590306027096,7856.216145077828,True,body,high
-0.0124630825113314,0.0051142176375802,-0.0039774438579335,0.0025637112942008,0.0004206182131283,0.4767729952377157,0.4767729952377157,0.4767729952377157,False,0.0568068365890673,2.530056350290797e-05,6.182901624234038e-05,5.002393673659034e-05,2.443780204153712,0.1909310583153989,0.3998668381974329,0.4092021034871681,-0.2168968412529079,-0.2159039937779611,-0.9520195511255202,5622.584005936455,True,wing_L,high
-0.0129770680272776,0.0015817027890043,-0.0029296528007249,0.0012123619742857,0.000385958309093,0.3730408860020871,0.3730408860020871,0.3730408860020871,False,0.1090541530796987,8.170284796736768e-05,9.085157123054509e-05,3.782110007365844e-05,2.4021398387039827,0.1006996702342284,0.4830048319401637,0.4162954978256079,0.3222109196154897,-0.07641509842947,0.9435787492374734,7868.01843313399,True,wing_R,high
-0.0131788981391915,0.0015282684428519,-0.0030026285048231,0.0012589172057869,0.0002331940973311,0.3286509659273634,0.3286509659273634,0.3286509659273634,False,0.217592966553105,2.445073635577714e-05,3.854047136165256e-05,6.312597640502873e-05,2.5817617713633205,0.3894673230181933,0.2232002704476663,0.3873324065341403,-0.749214801858612,0.4080267701664936,-0.5217195947091314,5949.399386978344,True,wing_R,high
-0.012446596454479,0.0041659283724248,-0.003458169544075,0.0015588226770949,0.0002582453103203,0.464742632001867,0.464742632001867,0.464742632001867,False,0.5197051852874107,2.0860617853069424e-05,5.194661641181524e-05,3.087727951892981e-05,2.490176311061268,0.4055959434557747,0.192826065637301,0.4015779909069242,-0.4148411224594244,-0.130500541951556,-0.9004867859479978,6069.2104982931,True,wing_L,high
-0.0131976801354074,0.0023272068744534,-0.003012869565946,0.0004796785118436,2.076130068653289e-05,0.151010779431075,0.151010779431075,0.151010779431075,False,0.2569841728375674,5.072754919461412e-05,0.0001191138945056,5.596904016779958e-05,2.3481105710170764,0.5301216503743899,0.0440040265238435,0.4258743231017666,0.8718056662674383,-0.4799493606588284,-0.0979974054103979,3734.65518888602,False,body,high
-0.0125214043981139,0.003709891636871,-0.0033376554520942,0.0011024799886684,0.000292488085534,0.3758052599887225,0.3758052599887225,0.3758052599887225,False,0.1419585896667806,6.854560558060323e-05,2.775407477311494e-05,4.748250795796833e-05,2.4697492581162384,0.307285893008366,0.2878147040608547,0.4048994029307793,-0.2374954401384297,0.0732841509592063,-0.9686203328093216,11169.517156541016,True,wing_L,high
-0.013512336080931,0.0015327448152307,-0.0031199105107174,0.0013227785101065,0.0002719264610943,0.2127090947772955,0.2127090947772955,0.2127090947772955,False,0.3718559514769823,2.858106377983804e-05,7.488071080404883e-05,6.24111269878534e-05,2.6199413493094674,0.1665259808874729,0.4517860854251687,0.3816879336873583,-0.3119102020975473,-0.0284664072890111,-0.9496850475202414,6116.633189224729,True,wing_R,high
-0.0130299654359464,0.0025002752807603,-0.0023332894135148,0.0008267160128668,0.0007265830439387,0.1371063099376019,0.1371063099376019,0.1371063099376019,False,0.7664694267934696,5.5085820937494414e-05,0.0001375822999239,5.995160306122685e-05,2.497599156779096,0.5642491578178526,0.0353663380131116,0.4003845041690357,0.8623710436045195,-0.4733667124475891,-0.1795553917291631,3159.58456694642,False,body,high
-0.0133794755194288,0.0027134390739304,-0.0025967530246374,0.0006070989865878,0.0005614679562081,0.1382422745775186,0.1382422745775186,0.1382422745775186,False,0.0370141134513024,6.779129643524217e-05,6.565772139415414e-05,9.408151715020274e-05,1.432908653430354,0.2794408669344456,0.0226779404256602,0.6978811926398941,-0.079333423824634,0.9142172426489288,0.3973827388144211,4082.108267725424,True,body,high
-0.0128129724128862,0.0029152823503981,-0.0028746422407689,0.0003717238294772,0.0003395229589732,0.1334944938871105,0.1334944938871105,0.1334944938871105,False,0.6881347528289338,5.074250006369463e-05,0.000115557865976,7.922507157964049e-05,2.2773388349218564,0.3144121266825565,0.2464788638606607,0.4391090094567827,0.0041269923150984,0.1573332539575966,0.9875369436803596,8333.717147119725,True,body,high
-0.0133492485470783,0.0028379772962246,-0.0033317438316928,0.0003654812649262,0.0003645146193269,0.1095778311370651,0.1095778311370651,0.1095778311370651,False,0.4327349815657611,5.225417687349783e-05,0.0001177305543072,9.9588230668638e-05,2.2530362422939176,0.1541003840960898,0.4020541147850045,0.4438455011189056,-0.1353086079013821,0.4188140889067802,0.8979344851162439,19978.08762445244,True,body,high
-0.0132089340288177,0.0027923921216589,-0.0030875975640971,0.0001476934742137,0.0001454364447661,0.0986191015655214,0.0986191015655214,0.0986191015655214,False,0.1116796621013825,0.0001199477534069,7.572314636496543e-05,0.0001872546344836,2.472885022251464,0.3594404019017088,0.2361736315038801,0.404385966594411,-0.4543270240209893,0.804192180604665,0.3832256409721892,23733.00386097496,True,body,high
-0.0133108917191178,0.0028617726204919,-0.0032734946306951,0.0003071781878086,0.0003033552664787,0.1192551535859319,0.1192551535859319,0.1192551535859319,False,0.3864642608986656,0.0001155512538911,5.115042874968031e-05,0.0001232282208605,2.409133684168498,0.0622987730877333,0.5226142574462507,0.415086969466016,-0.317509402282425,0.6796211051938686,0.6612888422144456,28376.805112254347,True,body,high
-0.0132278767567765,0.0028469282757395,-0.0031361649297606,0.0001798118476995,0.0001772583956239,0.1071824186672444,0.1071824186672444,0.1071824186672444,False,0.7474178509405216,0.000178426752342,7.513644372562115e-05,7.745465242659481e-05,2.374703186560547,0.565902246104287,0.0129924950745583,0.4211052588211547,-0.0074995668059421,0.7067714175990607,0.7074022333600151,21736.821484613272,True,body,high
-0.0132713806478399,0.0027853143652949,-0.0032605858616665,0.0002555484841706,0.0002549819688408,0.0845725524212594,0.0845725524212594,0.0845725524212594,False,0.2933482478777724,9.5177448772092e-05,7.595552971387572e-05,0.0001904479581426,2.5073613318222154,0.5002443202840525,0.1009300348802851,0.3988256448356623,-0.4684047700437407,0.7763971767482941,0.4216685847173684,19913.580882981303,True,body,high
-0.0134235637249586,0.0028492174731669,-0.0030673786481056,0.0003693682681219,0.0003682736815589,0.0965687492842793,0.0965687492842793,0.0965687492842793,False,0.9743293645335208,5.834663991600448e-05,0.0001146819901638,0.0001434435703091,2.458471824866164,0.2005079773410454,0.3927352765024519,0.4067567461565027,0.2593069322477124,-0.799278923458997,-0.5421375447268961,16373.09906789747,True,body,high
-0.0130350940883535,0.0028484478283454,-0.0028990107147114,0.0002259764899656,0.0002229246282504,0.1349160974746722,0.1349160974746722,0.1349160974746722,False,0.9331629196453204,5.824362320508355e-05,5.48050097802744e-05,3.53930424311885e-05,1.6456235238414831,0.0590384532346371,0.3332891444739586,0.6076724022914042,-0.3973284980137422,-0.8243428330819756,0.4032232114009876,17352.382464945968,True,body,high
-0.0132328939280522,0.0028076784139636,-0.0030757697936591,0.0001753203726578,0.000174263827698,0.0981491794258471,0.0981491794258471,0.0981491794258471,False,0.2532225660545061,5.244963956058679e-05,0.0001439067637079,6.807804571020905e-05,2.743713110587419,0.5269294927070872,0.108600914556993,0.3644695927359197,-0.0004943129304879,0.2692171009935493,0.963079388309892,20750.17625704998,True,body,high
-0.0132785844297436,0.0028657337478135,-0.0033073622413482,0.0003037326124819,0.0002964429358828,0.0953833173860644,0.0953833173860644,0.0953833173860644,False,0.9418392487652888,0.0001027918406678,6.0766914053587927e-05,0.0001479594192973,2.4348680791464017,0.305270045286666,0.2840300861805908,0.4106998685327431,-0.3297503226271896,0.7434500077248729,0.5818477556381486,20421.858106858497,True,body,high
-0.0131340155366858,0.0027736996280966,-0.0030844776761815,7.514795449370058e-05,7.068456693717081e-05,0.1250099679384757,0.1250099679384757,0.1250099679384757,False,0.0805109067201422,5.364293031509408e-05,6.256451937534021e-05,0.0001338829982287,2.495818133765533,0.5326925733433924,0.066637206951431,0.4006702197051766,0.130237811184637,-0.8767269965301606,-0.4630203948996615,19954.090813275823,True,body,high
-0.0131690447744713,0.0027503918194472,-0.0031999998898699,0.0001399562259988,0.0001353180597205,0.1356743824558882,0.1356743824558882,0.1356743824558882,False,0.7993707312368064,0.0001080525278599,5.25877258077883e-05,6.521172591127613e-05,2.05471003357168,0.396481255896378,0.1168320663432027,0.4866866777604192,0.0579596978154539,0.6338042565303394,0.7713188950318569,16270.695426192868,True,body,high
-0.0131198519806052,0.0018107712814252,-0.0030248957833704,0.000971902125643,0.0002073444046049,0.4107292620464572,0.4107292620464572,0.4107292620464572,False,0.1379250603413608,2.831170605519452e-05,4.631212161848693e-05,4.234914060823848e-05,1.635794096201764,0.0855711392990146,0.303104976893144,0.6113238838078413,-0.7384337685110647,0.6569510974643703,-0.1520882147403509,5509.3829674045855,True,wing_R,high
-0.0131976824695987,0.0005544897805213,-0.0029102634198241,0.0022357960599744,0.0004715530943055,0.2614653831402386,0.2614653831402386,0.2614653831402386,False,0.1413641043594433,3.5095849338863084e-05,2.194129798231303e-05,5.239774462121499e-05,2.38808773589662,0.3302030537273669,0.2510518620914838,0.4187450841811492,-0.4844676957044708,0.4532182205547921,-0.7482541656255235,6119.132463517663,True,wing_R,high
-0.0133140052535156,0.0013612779358981,-0.0030360910345052,0.001439796646339,0.0002151463621173,0.4081715088632205,0.4081715088632205,0.4081715088632205,False,0.2667920459171941,9.26884398373966e-05,8.202825611292732e-05,3.808583102454633e-05,2.4336725061259363,0.1150109306313759,0.4740874392261777,0.4109016301424463,0.7059106643896133,-0.2277754106683951,0.6706776395526085,7170.574348920967,True,wing_R,high
-0.0129276584021459,0.0027135207288042,-0.0029655731354902,0.0002096056137743,0.0002028108142007,0.0974943351560693,0.0974943351560693,0.0974943351560693,False,0.9781492981291846,4.363360883717149e-05,7.575319385637548e-05,4.681229679039199e-05,1.7361202952308017,0.3820419389953918,0.0419611080589835,0.5759969529456246,0.6053369128818678,0.2208640473753195,0.7647132106088156,9687.377472834738,True,body,high
-0.0124962854003763,0.0037314111317076,-0.0033319530706771,0.0011319937957427,0.000310177606221,0.4148772984689378,0.4148772984689378,0.4148772984689378,False,0.3453956309806795,2.0047957417048e-05,4.812466570157588e-05,3.4499912494796286e-05,2.4004772506476173,0.2831137215844274,0.3003024512911068,0.4165838271244658,-0.1881750405375855,0.0758974835724571,-0.9791985121036728,10771.659718059997,True,wing_L,high
-0.0126173907009398,0.002705273275932,-0.0022020060932059,0.0010157777149321,0.0010086141934645,0.2052024467376049,0.2052024467376049,0.2052024467376049,False,0.2693038679890009,6.223145747803006e-05,0.0001099575120014,5.654362904430115e-05,1.9446490057308088,0.4340408731944482,0.05172751120138,0.5142316156041717,0.0181091698165652,-0.9895943923562918,0.1427410122758563,3762.507656265048,True,body,high
-0.0132937105230956,0.0004768241283853,-0.0029394435941049,0.002318205681136,0.000429704634119,0.2443751852212018,0.2443751852212018,0.2443751852212018,False,0.1854360053602383,2.8691203038861986e-05,6.858529676913026e-05,7.101831746525525e-05,2.4752645390666106,0.0342590585494412,0.5617437184397662,0.4039972230107925,-0.5413201857887329,0.4308066050586735,-0.7220651809189194,5424.539203690732,True,wing_R,high
-0.013014161522638,0.0027230976580939,-0.0029126558900536,0.0002120123842721,0.0001984111406868,0.1089455178414951,0.1089455178414951,0.1089455178414951,False,0.9712613544528024,0.0001073202444418,5.891130036277615e-05,0.0001341004234281,2.276310701043797,0.1997024192897571,0.3609902403100715,0.4393073404001713,-0.1939741913500421,0.8291851030511814,0.5242385697066736,11830.815357025083,True,body,high
-0.0136956544920744,0.0031101575192163,-0.003196408951195,0.0007190848010532,0.0006972921636098,0.187922702794504,0.187922702794504,0.187922702794504,False,0.0473353178453153,4.92219991440876e-05,6.942930579306971e-05,9.57954454756082e-05,1.946191685453208,0.2752337499098737,0.2109422483360899,0.5138240017540363,0.6730137497367119,-0.7389593243168222,-0.0314898344002635,6108.325119347994,True,body,high
-0.013170157712664,0.0027707472455862,-0.0031439282736505,0.000111202229258,0.0001079613944695,0.1284085804419847,0.1284085804419847,0.1284085804419847,False,0.0867826935985264,4.386901792010519e-05,0.0001250834623334,6.894138359812239e-05,2.851293880369285,0.4488369420542495,0.2004450885056852,0.3507179694400652,-0.0224081064643391,0.1562167700709477,0.987468580519544,18279.46537522208,True,body,high
-0.013247514228062,0.0028470795669022,-0.0031834204792585,0.0002091405043882,0.000206371127087,0.0914200853945685,0.0914200853945685,0.0914200853945685,False,0.2313434347901663,0.0001697451404271,5.75625391738869e-05,8.95119113955298e-05,2.9488820830923745,0.4726687835052863,0.1882196576658371,0.3391115588288766,-0.0243889203415013,0.693183603861462,0.7203482990208359,26363.35233163838,True,body,high
-0.0130480979413453,0.0026971084460117,-0.0028066654932773,0.0003155830947676,0.000288979717123,0.1338241523052603,0.1338241523052603,0.1338241523052603,False,0.1227807202666141,4.04684136349129e-05,0.0001116490483904,4.42543433867838e-05,2.7589183356114244,0.6036299097506524,0.0339091985686292,0.3624608916807182,0.8113696030021726,-0.5803483038640529,0.0698227292950777,12286.554889109224,True,body,high
-0.0132712587207468,0.0028501072400362,-0.0032216998180556,0.000245810339197,0.0002428920074893,0.1052276716989474,0.1052276716989474,0.1052276716989474,False,0.2165964939954497,8.006788035136275e-05,6.805253524759587e-05,0.0001613607104266,2.3711197509329263,0.5037956876883768,0.0744626437997118,0.4217416685119113,-0.2705182932283745,0.8905958388452211,0.3655939070339986,28415.83308802207,True,body,high
-0.013176387286752,0.0025652790439314,-0.003252618767947,0.0002783084589615,0.0001888789149454,0.0888875366369569,0.0888875366369569,0.0888875366369569,False,0.5490242920668279,7.962234988299326e-05,7.404884801633412e-05,0.0001905936773736,2.573891187768781,0.5822403398676856,0.0292428476298922,0.3885168125024221,-0.5264704447017841,0.6313808851597017,0.5693742606673201,6771.7205962915,True,body,high
-0.0131780813201799,0.002794239885515,-0.0031965221741236,0.0001433075086411,0.0001432727118538,0.0835519665462793,0.0835519665462793,0.0835519665462793,False,0.2644074859412353,8.962056183097859e-05,6.312880594469464e-05,0.0001511307528194,2.394006199829106,0.4069998318735963,0.1752903058581337,0.4177098622682699,-0.397268250782566,0.7287794005611894,0.5577262072359821,18893.522599420503,True,body,high
-0.0126237314192998,0.0041282758291432,-0.0035480305246143,0.0014865398359854,0.0001956930448449,0.4161517949719135,0.4161517949719135,0.4161517949719135,False,0.2429262056819488,2.802117345549857e-05,6.915763726682353e-05,6.40017893653082e-05,2.468049290535789,0.0745521117446952,0.520269594679608,0.4051782935756967,-0.2551026268299301,-0.2733904815835372,-0.9274590526616208,7774.965510055293,True,wing_L,high
-0.0132372404211377,0.0029788940563255,-0.0031283718922177,0.0002664317867001,0.0002187250829248,0.2532284288813334,0.2532284288813334,0.2532284288813334,False,0.1376212487311055,5.434020322141213e-05,5.9103813517031896e-05,6.782149509160863e-05,1.2480905677747698,0.1285386227891539,0.0702374710139522,0.8012239061968938,0.8554793275126807,-0.09130756473562,0.5097235023230753,8214.274806164081,True,body,high
-0.0132394910630099,0.0012938563993875,-0.0029730289694394,0.0015000888748372,0.0002407838598389,0.3588146607455968,0.3588146607455968,0.3588146607455968,False,0.1386659666093158,2.589148550958821e-05,3.888529705658277e-05,6.707317143576298e-05,2.5905493684757577,0.4202555772418808,0.1937259155762291,0.38601850718189,-0.7720723670729432,0.3382310288824528,-0.5380557880959,8718.263051956466,True,wing_R,high
-0.0126711952877642,0.0040775250885227,-0.0035492308362592,0.0014271473459104,0.0001952191781047,0.3715985757766619,0.3715985757766619,0.3715985757766619,False,0.207920584103321,1.9075096225745565e-05,4.634362317082522e-05,3.1086557716374406e-05,2.4295354855550064,0.3292160692359422,0.2591826160495461,0.4116013147145116,-0.2189084996217882,-0.2861006765103295,-0.9328587629934498,7655.090230052276,True,wing_L,high
-0.013291985182161,0.0007407180695169,-0.002931709431989,0.0020570712772713,0.0003462818232841,0.3094627643980508,0.3094627643980508,0.3094627643980508,False,0.2276198863906229,2.9272799206128333e-05,7.730632294678136e-05,4.258931571408627e-05,2.640892741497612,0.4490836701235254,0.1722564985677199,0.3786598313087546,-0.7734546384144434,0.1944030087016875,-0.6033037315672048,5503.8275783049785,True,wing_R,high
-0.0129988204247675,0.0027296685968779,-0.0027787339445134,0.0003424046583308,0.0003307429787161,0.1639803816365173,0.1639803816365173,0.1639803816365173,False,0.018204017254112,0.0001160916586369,4.89126434211947e-05,0.0001044989358452,2.373448877772985,0.099858361296428,0.4788138362112329,0.421327802492339,-0.2146143369021145,0.7657853105348829,0.6062289539151515,10684.365697387037,True,body,high
-0.0131052544352061,0.0019728670333924,-0.0024236697972994,0.0010591319228412,0.0005598658176408,0.1493449333574353,0.1493449333574353,0.1493449333574353,False,0.1553849621215319,3.949290551322519e-05,9.698595535931905e-05,4.366749436117487e-05,2.4557817182339465,0.5497544546589961,0.0430432306665787,0.4072023146744252,0.8249023787997425,-0.5396920281903044,0.1681326266920307,1894.1661652181328,False,wing_R,high
-0.0134165277316809,0.0031093471001176,-0.003274186297532,0.0005109593139316,0.0004410440098758,0.0977753670239137,0.0977753670239137,0.0977753670239137,False,0.2536456305664941,9.813102000197734e-05,7.633226323539721e-05,0.0001304442876357,1.708901087256557,0.2477170002567229,0.1671116241399154,0.5851713756033616,-0.1411836386991335,0.9336201986658448,0.3292726906483756,5343.245679450738,True,body,high
-0.0130357109891961,0.0028329950940139,-0.0029028990105641,0.0002177828798222,0.0002165816849547,0.0698835342288741,0.0698835342288741,0.0698835342288741,False,0.9561086121271892,6.212430701357849e-05,0.0001301589125127,0.0001456802471153,2.344979833473043,0.1065438514138708,0.4670132488538336,0.4264428997322956,0.0104737568635446,0.234209570278253,0.9721297123363936,18466.36529379743,True,body,high
-0.01300171622839,0.0029083100663774,-0.0027703339531702,0.000370764186354,0.0003621894621465,0.1498668112510667,0.1498668112510667,0.1498668112510667,False,0.0100704828278897,0.0001024616680744,5.287835181862498e-05,0.0001500167222416,2.8370158501948155,0.316998354960357,0.3305185949603383,0.3524830500793046,-0.2602985788396565,0.8727167951284326,0.4130496887237812,7303.315785375939,True,body,high
-0.0133266329879179,0.0024385583277488,-0.0032670195819624,0.0004558986516123,0.0002800822767338,0.1742697395041669,0.1742697395041669,0.1742697395041669,False,0.6719545704978694,7.732379775950423e-05,9.06263196953704e-05,0.0002169942173856,2.8063057386359875,0.582356060971356,0.0613035780222012,0.3563403610064428,0.6832128593684982,-0.729595220235088,-0.0301828329292364,3918.136287425411,True,body,high
-0.0133510400122264,0.0028431654668644,-0.0034118103405652,0.0004206396650608,0.0004181851406679,0.1361777647736772,0.1361777647736772,0.1361777647736772,False,0.9164436797424496,4.43370987543848e-05,9.444032950251749e-05,0.0001040190420448,2.3460949175105004,0.0920861445558999,0.4816736413179278,0.4262402141261722,-0.093151494953739,0.4245989166991481,0.900576792353541,13050.388796797895,True,body,high
-0.0129482755215999,0.0028051379676874,-0.0023751909196242,0.0007458731320016,0.0007419535383381,0.1803246193535129,0.1803246193535129,0.1803246193535129,False,0.0268513577101418,6.671356278338742e-05,7.312301489883835e-05,0.0001861932283515,2.790935164955012,0.6072734999751996,0.0344236585411576,0.3583028414836428,0.5652081451888296,-0.0923164393398975,0.8197666909796995,3949.950390842903,False,body,high
-0.013260816333442,0.0028320029465256,-0.0031784663359835,0.0002150148471744,0.000214463751125,0.0993103989338685,0.0993103989338685,0.0993103989338685,False,0.0965769315278566,8.551099195190923e-05,7.864670461811125e-05,0.0001974191543572,2.5102024975605968,0.566855646655493,0.0347701182093752,0.3983742351351317,-0.2994326879142434,0.8910992174167903,0.3410018330267965,25118.040192803102,True,body,high
-0.0131434630105051,0.0027641852744015,-0.0031011204718098,8.120414825379416e-05,7.377226359534275e-05,0.1153745800042914,0.1153745800042914,0.1153745800042914,False,0.0761111990221344,7.47504263099714e-05,7.331580843866483e-05,0.0001718091950002,2.343412678098417,0.5649218523497332,0.0083500645661303,0.4267280830841363,-0.2193956159110403,0.8456102457550645,0.4866301223651025,18396.88557607422,True,body,high
-0.0137588396248048,0.0030514213112304,-0.0033754181126934,0.0007922608664777,0.0007804815166254,0.0803828000681745,0.0803828000681745,0.0803828000681745,False,0.8525687783044458,0.0001640374259578,6.754387780275778e-05,8.577308557974908e-05,2.4286053939167864,0.4771127071830716,0.1111283456842169,0.4117589471327115,-0.1374828927880764,0.3834871853188899,0.913255732468632,6101.047955289467,True,body,high
-0.0132175395876021,0.0028334645497939,-0.0031644369242232,0.0001718951814489,0.000170068673686,0.0630605835572755,0.0630605835572755,0.0630605835572755,False,0.1020872011874022,6.896130800763862e-05,7.66895795396602e-05,0.0001825846989308,2.64763973024786,0.579978059559687,0.0423270491847022,0.3776948912556108,0.3857763774129542,-0.21376722703446,0.8974854646600888,23258.914100804974,True,body,high
-0.0132026925705716,0.0027022510648319,-0.0032636260949627,0.0002190837274277,0.0002045247133027,0.0881751206838298,0.0881751206838298,0.0881751206838298,False,0.8430055392805719,7.080650877159407e-05,6.167195708863648e-05,0.0001487142042165,2.4113748166422826,0.5238752804777528,0.0614235320094534,0.4147011875127938,-0.36218435602647,0.8376393906490142,0.4088798643646316,9889.293212986871,True,body,high
-0.0130898393413931,0.001716851434134,-0.0029831604912829,0.0010683938379083,0.0002489714079236,0.4120307284618431,0.4120307284618431,0.4120307284618431,False,0.2462864165190159,6.310165963431824e-05,2.7311022292047023e-05,5.608375634958938e-05,2.3104832532282567,0.1112158273712364,0.4559742837872068,0.4328098888415567,-0.2482522596966314,0.0815536220753392,-0.9652563505524886,6550.499517234335,True,wing_R,high
-0.0130849813451524,0.0010492224247505,-0.0028633870940685,0.0017458196262134,0.0004186239295139,0.3316501748776371,0.3316501748776371,0.3316501748776371,False,0.1233396363059286,7.92256760212741e-05,8.084799494820594e-05,3.3761360353186165e-05,2.3946900866089083,0.0200662852303406,0.5623431440348517,0.4175905707348076,0.5090164107825312,-0.0886098262399354,0.8561837374347856,9873.876703067235,True,wing_R,high
-0.0124983061112676,0.0036891414787304,-0.0033324139175023,0.0010956463536812,0.0003195802106248,0.3707626766335474,0.3707626766335474,0.3707626766335474,False,0.1781237553708064,2.119997900350713e-05,5.0336384484899824e-05,3.371692509111232e-05,2.3743601102893845,0.3301679205580031,0.2486659742389739,0.4211661052030229,-0.2110683492701195,0.0084687841534903,-0.9774346175736506,11303.161066712168,True,wing_L,high
-0.0128149488270079,0.0038252429931005,-0.0034993252178562,0.0011449154132983,0.0001904054454869,0.2979967684377913,0.2979967684377913,0.2979967684377913,False,0.1137341477949451,6.362205036226497e-05,2.6160385883995795e-05,5.520557067428765e-05,2.4319996900805347,0.1322887212853681,0.4565270157894646,0.4111842629251673,-0.0964138161863196,-0.2140091633467009,-0.9720619599861088,9934.99369885905,True,wing_L,high
-0.0132705019035739,0.0018219802027314,-0.0031304872827592,0.0009774672910789,0.0001974978065246,0.2629082061975394,0.2629082061975394,0.2629082061975394,False,0.4804514765851884,2.814262503800353e-05,7.301305497474145e-05,5.093590266844231e-05,2.5943939087467967,0.3023726690238703,0.3121808509221263,0.3854464800540034,-0.4056922437712928,0.2360617017338364,-0.8829998167147822,6368.43789667755,True,wing_R,high
-0.012593475997639,0.003121999453766,-0.002970069064375,0.0006002267127803,0.0004291753130932,0.2073605441552085,0.2073605441552085,0.2073605441552085,False,0.0216269477750422,3.733800169121509e-05,8.04997803708531e-05,7.186196925040043e-05,2.155974522594581,0.1073022942504846,0.4288703323181436,0.4638273734313717,0.818339213506369,-0.5747081843326893,-0.0056066477329326,9493.16884673149,True,body,high
-0.0132133624148163,0.0028081529289721,-0.0031217908200972,0.0001529004234512,0.0001527941932618,0.1025397264759405,0.1025397264759405,0.1025397264759405,False,0.3122479556090974,9.956230594015524e-05,6.217545766496785e-05,0.0001528074924431,2.457681827876573,0.3484461766347734,0.2446663293628008,0.4068874940024257,-0.223393492410742,0.882127524569242,0.4146641749004524,24848.531878060337,True,body,high
-0.0126066010003908,0.0027925493201657,-0.002193020887292,0.0010261803472902,0.0010255397215412,0.1455885155321765,0.1455885155321765,0.1455885155321765,False,0.2279527673167919,7.75389799894691e-05,6.508175256334673e-05,5.8294691847069205e-05,1.3301207628455354,0.1606576128266614,0.0875309517509684,0.7518114354223702,-0.3950268051191573,-0.4967987297778335,0.772751477079457,3632.0927519448455,True,body,high
-0.0135082365237964,0.0028319369436797,-0.0030447392887159,0.0004525656903306,0.0004471351608642,0.0812649717792144,0.0812649717792144,0.0812649717792144,False,0.98193782446232,4.630452557238197e-05,0.0001100609561931,8.248496765707053e-05,2.376894155218928,0.2505519622027261,0.3287309445248167,0.4207170932724572,-0.2001664321423781,0.3667797326694304,0.9085185893234832,11898.706821009258,True,body,high
-0.0128824230100744,0.0029837904406193,-0.0029990766646619,0.000297130333626,0.0001979327450317,0.166568753404853,0.166568753404853,0.166568753404853,False,0.0402112955087587,0.0001072975254663,5.255268154680041e-05,0.0001243770674718,2.36671210318936,0.1373206681316126,0.440152232500277,0.4225270993681103,-0.2433381185779568,0.8780104624087814,0.4121700958920453,7652.204300374278,True,body,high
-0.0123215119519886,0.0028384503795906,-0.0023377915047064,0.0010740797629808,0.001069034779478,0.1252490989199572,0.1252490989199572,0.1252490989199572,False,0.1248117860006514,4.358366113200668e-05,0.0001000493525775,0.0001029414941726,2.36192856448809,0.0280950030731109,0.5485221668806578,0.4233828300462313,-0.0458790163623796,0.2966895107035512,0.9538712964001528,4792.564019607324,True,body,high
-0.0130938977501525,0.0028125444944012,-0.0030906047607193,5.08075397302699e-05,4.5548547477370105e-05,0.0921028075413887,0.0921028075413887,0.0921028075413887,False,0.7054702926496255,0.0001680589944937,7.971800794039653e-05,6.523722910364115e-05,2.576120978816381,0.5256546180075731,0.0861648546712846,0.3881805273211423,0.4968560208494981,-0.670684149483573,0.5507421049612055,13754.542815467788,True,body,high
-0.0129861005095713,0.0026951475148457,-0.0028268072650739,0.0003063489100137,0.0002860252870198,0.1193347854470131,0.1193347854470131,0.1193347854470131,False,0.6206071046794811,5.244528801206117e-05,0.0001169644681721,5.12344983855022e-05,2.282924042548275,0.5516135042407472,0.0103517730254351,0.4380347227338177,0.2961373763751644,0.4752598231892947,0.8285111675624623,12267.206564168984,True,body,high
-0.0131145456702717,0.0027288315818777,-0.0030855177101643,7.463743020856629e-05,3.966660743273302e-05,0.1110237816280992,0.1110237816280992,0.1110237816280992,False,0.8296127707173424,8.205368423172133e-05,5.706884854367847e-05,0.0001501380922084,2.630823926534737,0.4534785741264543,0.1664123695760465,0.3801090562974991,-0.0731857154203874,0.9706462758261524,0.2291062161601628,15463.34671043109,True,body,high
-0.0131883512146351,0.0027405238869549,-0.0032517992625701,0.0001910359653117,0.0001866608024824,0.0997386219570982,0.0997386219570982,0.0997386219570982,False,0.2627164371155461,5.990599532325911e-05,6.479668524861068e-05,0.0001653575735424,2.760284219470872,0.6081420169608293,0.0295764495122742,0.3622815335268965,0.6087701557455941,-0.2552463361347105,0.7511645660993945,12718.494571984687,True,body,high
-0.0131737876440767,0.0028042087917975,-0.0031445389058008,0.0001178057255549,0.0001177227860237,0.0611519410153055,0.0611519410153055,0.0611519410153055,False,0.1177123335211444,0.0001681191078222,6.220001069843112e-05,6.985203290043979e-05,2.702879082084302,0.5845086629039794,0.0455154818576654,0.3699758552383552,0.0417027272807921,0.5216549993662503,0.8521366933617759,21907.091568245065,True,body,high
-0.0133474726737181,0.0028470938840609,-0.003219302221221,0.0003112441009851,0.000310853856398,0.0764593840072191,0.0764593840072191,0.0764593840072191,False,0.144089653384659,7.150859431983642e-05,6.200243845717273e-05,0.0001519485141788,2.4506861013835266,0.5293893151488586,0.0625616901490238,0.4080489947021176,-0.3065676968883157,0.8803742144451768,0.3618804909975552,19852.630240279897,True,body,high
-0.013484212510586,0.0011133669102039,-0.0031026509436874,0.0017160970853515,0.0002983562334538,0.2839930113303646,0.2839930113303646,0.2839930113303646,False,0.2946908217086647,2.875735857502288e-05,2.109231010600393e-05,4.828828443790767e-05,2.289378650096862,0.4044651014263921,0.1587351581909102,0.4367997403826976,-0.4672028310809218,0.7052347611587584,0.5332592674143795,5667.392836536997,True,wing_R,high
-0.0124400398762488,0.0044959122101472,-0.0036706570767743,0.0019120542986279,0.0002823066047786,0.3738634599235152,0.3738634599235152,0.3738634599235152,False,0.4340432597636236,2.7280279493912307e-05,6.592362533834062e-05,7.018617647698198e-05,2.5727806964970528,0.0607320608216816,0.550583430871201,0.3886845083071173,-0.1645928518452095,-0.3912284532074089,-0.9054554050434508,5500.892444468782,True,wing_L,high
-0.0135975592937359,0.0003351985946862,-0.0030173370448992,0.0025013813961575,0.0003674053774899,0.2968452675141672,0.2968452675141672,0.2968452675141672,False,0.2481971267867722,3.330993999395921e-05,2.298579787885648e-05,5.344674136060667e-05,2.325207140613106,0.3767638747287489,0.1931669144325461,0.4300692108387048,-0.5666261289095765,0.2685771948742154,-0.7789744029366086,9000.54518262152,True,wing_R,high
-0.0129499809012649,0.0015251450983073,-0.0029059600629817,0.0012739189216815,0.000425769899492,0.3835277598055731,0.3835277598055731,0.3835277598055731,False,0.1231095200320004,8.379462451901355e-05,7.760326650970774e-05,3.290096384908621e-05,2.546874459464836,0.0738872934253789,0.533474586433385,0.3926381201412361,0.3804379854974621,-0.0989691663075177,0.9194955374068042,7042.825681460932,True,wing_R,high
-0.0125564844249689,0.003059122836837,-0.0029457057458535,0.0006037617717509,0.0004812727719755,0.1945607649643186,0.1945607649643186,0.1945607649643186,False,0.0780015376552028,4.353896054154171e-05,3.7886224575831086e-05,7.736680113590842e-05,2.042082630351701,0.4372397475105911,0.073064103500681,0.4896961489887278,0.7911227844338776,-0.3143564241974861,0.5246949385265296,9080.272488328255,True,body,high
-0.013667138106557,0.0013501447512428,-0.003124593872882,0.0015493336522418,0.0003642145021847,0.3248376994276292,0.3248376994276292,0.3248376994276292,False,0.1301563546585577,2.3912642542901567e-05,5.84674002370657e-05,5.743285663499714e-05,2.4450413680616685,0.0176943663968952,0.5733145984973224,0.4089910351057824,0.004861415883211,-0.1820508098017337,-0.983277107069082,12400.717880056958,True,wing_R,high
-0.0128447269618191,0.0029738195739664,-0.0029477551245553,0.0003369702613901,0.000261701000952,0.1711711924974601,0.1711711924974601,0.1711711924974601,False,0.0162977452060543,8.756805080081244e-05,0.0001261584343823,9.97793605530502e-05,1.4406902201042184,0.2090948097003847,0.0967934471605102,0.6941117431391051,0.9193842088505148,-0.3511755568649787,-0.1772241653299145,9010.082029123509,True,body,high
-0.0131950033327463,0.0022864446342107,-0.0030133385109717,0.0005173364970844,6.597400474908915e-06,0.1630550311629653,0.1630550311629653,0.1630550311629653,False,0.1881567934994253,3.5082597717281086e-05,9.861332201738296e-05,5.3992655227230526e-05,2.8108899692113654,0.4524811240238612,0.1917596641416875,0.3557592118344511,0.8420368962823533,-0.5133312372406406,0.1657253938664032,3723.887787231167,False,wing_R,high
-0.0129581005137335,0.0037347865115887,-0.0035847261468824,0.0010733754280683,0.0003261100866221,0.3037937358890958,0.3037937358890958,0.3037937358890958,False,0.129174233664514,8.182737767235101e-05,3.265190097070821e-05,4.248157523292393e-05,2.506052488207586,0.480839097605859,0.1201269616823747,0.3990339407117662,-0.4411951720523435,-0.4894378476406427,-0.7521950634340788,7142.497057404744,True,wing_L,high
-0.0133787909222523,0.0014270612794224,-0.0030855409950183,0.0013865909186627,0.0002250400293171,0.2504527305580346,0.2504527305580346,0.2504527305580346,False,0.4055067419013273,2.7448655450533027e-05,7.040297762633379e-05,4.237253130514146e-05,2.5648971314172924,0.3981429090963295,0.2119779071535498,0.3898791837501207,-0.5831260510350744,0.3052007984712712,-0.7528721546296813,6213.149652233663,True,wing_R,high
-0.0133801981888903,0.0028736199654183,-0.003314874294717,0.0003881359227035,0.0003849257368464,0.1963177101560618,0.1963177101560618,0.1963177101560618,False,0.7145578165005315,3.6437849215636224e-05,8.737818498454433e-05,7.437213692766957e-05,2.3980061080841337,0.1488477708615176,0.4341391128545787,0.4170131162839036,0.8365506831992404,-0.5470659196586163,0.0300305508933226,17135.550548844465,True,body,high
-0.0133058655667231,0.0028583616089492,-0.0032023280327748,0.0002708217780406,0.000268731197339,0.095651536864098,0.095651536864098,0.095651536864098,False,0.9508226326868536,0.0001225795806017,5.0590487553439206e-05,9.799700424393856e-05,2.422976858491434,0.2005438119233228,0.3867407316762358,0.4127154564004414,-0.2646324905337993,0.8114466175418091,0.5210796789684238,23887.682195670845,True,body,high
-0.0125256241108849,0.0026977126111207,-0.0027147835075384,0.0006734500017803,0.0006733205786061,0.1374222816296285,0.1374222816296285,0.1374222816296285,False,0.3357225509046126,4.7311285986001904e-05,0.0001111966423536,4.798017529965879e-05,2.3503195915358206,0.5685105747432493,0.0060153733017362,0.4254740519550144,0.7347358515631939,-0.6494017357650539,0.1960627807949363,6710.889396542804,True,body,high
-0.0132054256372102,0.002778634495358,-0.0030451000050104,0.000156261517735,0.0001494752711877,0.1302289486447072,0.1302289486447072,0.1302289486447072,False,0.1738810776557583,0.0001016278081795,6.809895453977216e-05,0.0001380016246198,2.0264866847438308,0.2635752770339127,0.2429598472635308,0.4934648757025563,-0.0729771827914079,0.9815495519087872,0.1767337204369573,21839.293924915863,True,body,high
-0.0126744234406568,0.0028105494114208,-0.0028037382380198,0.0004975834452541,0.0004921594874711,0.1401008445514354,0.1401008445514354,0.1401008445514354,False,0.6822759323328502,8.450395906975912e-05,4.4575282999404e-05,8.985513834907018e-05,2.015806346092556,0.0595534031512226,0.4443671981811411,0.4960793986676362,0.4106598825426447,0.3756841105558308,0.8307947459787741,6969.322500018011,True,body,high
-0.013225491628392,0.0027873208712915,-0.0030043661713511,0.0001940779070906,0.0001876501539498,0.0943784359363904,0.0943784359363904,0.0943784359363904,False,0.2025289534164882,5.712536976337222e-05,0.0001417284673777,7.695655396355034e-05,2.481007439685316,0.4570141384619366,0.1399237892506715,0.4030620722873919,0.0084309417406183,0.16835393360311,0.9856905560376064,14511.22664354056,True,body,high
-0.0129226739370706,0.0026486333024537,-0.0026590569189,0.0004911259007758,0.000461393452872,0.1106895161301486,0.1106895161301486,0.1106895161301486,False,0.962001772663562,0.0001162018709842,6.0011666147805305e-05,0.0001422508859287,2.370387210686277,0.1831202299682477,0.3950077672248863,0.4218720028068659,-0.3609033780494494,0.819141437829408,0.4458206551330551,6783.889362192369,True,body,high
-0.0131404432547999,0.002770658155915,-0.0030497369881403,9.850941349808864e-05,9.161180528749844e-05,0.1390333471704551,0.1390333471704551,0.1390333471704551,False,0.3013359177572912,5.5916382609297616e-05,6.090412484470438e-05,0.0001010494434638,1.8071527296383667,0.3972839161012782,0.0493594231143772,0.5533566607843445,0.6020298490308094,-0.1586329670669914,0.7825571178102361,24749.965259685305,True,body,high
-0.0134836462989487,0.0028469851527253,-0.0030249952463817,0.0004341337202363,0.0004308855419968,0.0906382942178727,0.0906382942178727,0.0906382942178727,False,0.950191775185208,4.238582814773142e-05,0.0001235697350716,9.80886351379351e-05,2.915354977635225,0.2062082589961362,0.450780338388617,0.3430114026152468,-0.0667894224051619,0.3407187232879949,0.9377899149893774,12854.294115501134,True,body,high
-0.0132273943658886,0.0028046692003074,-0.0031213691241523,0.0001659985966803,0.0001655221231324,0.0812798354965277,0.0812798354965277,0.0812798354965277,False,0.3442213625340761,5.3655925991787365e-05,7.738975096851552e-05,0.0001328440896521,2.4758512167416487,0.4174392615347088,0.1786592466316854,0.4039014918336058,0.2658176975323749,-0.8186180694268292,-0.5091221936691406,22712.10987848852,True,body,high
-0.0133539469465044,0.0028273578957857,-0.0031171845949333,0.0002943261481465,0.0002934203800026,0.0665151535847874,0.0665151535847874,0.0665151535847874,False,0.098489260728324,0.0001546852086641,7.133408967051988e-05,0.0001233628542838,2.168461241722882,0.2024909469417037,0.3363525514989316,0.4611565015593646,-0.1066699352107988,0.6019339863137264,0.7913892853978948,13444.778594597055,True,body,high
-0.014066299362438,0.0030234755692958,-0.0029444336558591,0.0010455648472421,0.0010446493425079,0.2386849036141879,0.2386849036141879,0.2386849036141879,False,0.473474932334525,2.8853479473882144e-05,7.180901282944564e-05,3.114890735453527e-05,2.488747081420332,0.5662256570979832,0.0319657350826563,0.4018086078193604,0.3469612478190633,0.1362094552738624,0.927935815024852,2881.329496388545,False,body,high
-0.0131801826180666,0.0027770920843169,-0.0030539248324302,0.0001296834062531,0.0001236215032318,0.0825729452744648,0.0825729452744648,0.0825729452744648,False,0.0982169191610405,0.0001537988067434,7.028155631628598e-05,6.402730785988152e-05,2.40208142250804,0.5430292483768516,0.0406651299111711,0.4163056217119772,0.6527104731583868,-0.626477421899326,0.4260223915238831,22869.91907836107,True,body,high
-0.0125284422878353,0.0036781895923327,-0.0033251318430826,0.0010696891855506,0.0002929091473956,0.3845227124938517,0.3845227124938517,0.3845227124938517,False,0.3411291693370228,2.575470844687716e-05,1.6305201536052316e-05,3.780512487626955e-05,2.3185929221836914,0.3187508695932516,0.2499530669916222,0.4312960634151261,-0.165105828580819,0.2446076247329301,0.9554617602453565,10464.4219107417,True,wing_L,high
-0.012665014528772,0.0026614637868113,-0.0027745891653371,0.0005348654071736,0.0005300559451701,0.0978964289748817,0.0978964289748817,0.0978964289748817,False,0.5383832397289279,5.455918023456399e-05,4.9359495465171454e-05,0.0001118741540785,2.266517374706795,0.5123164891486416,0.0464779806579868,0.4412055301933715,-0.1814130451946632,0.9362137948802064,0.3009867726482378,7397.983468047962,True,body,high
-0.0126705194042376,0.0026338346449462,-0.0031923078438982,0.0004264908260492,0.0004257834550352,0.3986060342057202,0.3986060342057202,0.3986060342057202,False,0.2347438013985264,7.967255794162958e-05,7.410635378044004e-05,2.788085569910165e-05,2.8576080591456416,0.0698635051389651,0.5801934728291833,0.3499430220318515,0.4055336861536115,0.1417895981393344,0.9030161345480768,5932.065514069049,True,body,high
-0.0128654665456148,0.0044079626025907,-0.0036653758852898,0.001733664086018,0.0003350001516514,0.3629243104411246,0.3629243104411246,0.3629243104411246,False,0.1295532202410281,1.9457831005856657e-05,4.784264283442592e-05,2.843921703179124e-05,2.458786018854088,0.4055675993858901,0.1877276315402853,0.4067047690738244,-0.1503506319148386,-0.131816553778196,-0.979805635640482,9132.204884435778,True,wing_L,high
-0.013415219564785,0.0006834234639838,-0.0029921598719244,0.0021263776741728,0.0003210592059318,0.2836921051255696,0.2836921051255696,0.2836921051255696,False,0.229533442281594,2.9951269447461777e-05,7.325863666951409e-05,3.567743778569898e-05,2.4459276024349745,0.5129934242886911,0.0781637305655743,0.4088428451457345,-0.855807782889888,0.0136565557088914,-0.5171136598768825,5780.800919432695,True,wing_R,high
-0.012865814943039,0.0026572492094782,-0.0026385693759339,0.0005266162751107,0.0005049034348569,0.10768502753368,0.10768502753368,0.10768502753368,False,0.984342827098302,0.0001076943649241,4.746575625976236e-05,0.0001214923418998,2.5595787673744104,0.1135707548306516,0.4957399595937418,0.3906892855756065,-0.2489175937676626,0.6938478269461055,0.6757331015682777,6750.20540185017,True,body,high
-0.0133494921460459,0.0028964553765671,-0.0032022229337272,0.0003224419520498,0.0003169929945716,0.1167889871314344,0.1167889871314344,0.1167889871314344,False,0.6325092102599498,8.624168200779891e-05,5.695374684744907e-05,0.0001078535216479,1.893703709026637,0.2003813997907098,0.2715528868490943,0.5280657133601958,0.0609980759188839,0.9289172245307856,0.3652287292974306,20187.55145480209,True,body,high
-0.0132591787886867,0.0028169420565165,-0.0032250143810509,0.0002292725300275,0.0002290641783616,0.1721124827945562,0.1721124827945562,0.1721124827945562,False,0.1325365503259158,5.452521411898877e-05,0.0001395921958508,7.489992304535729e-05,2.5601402599946748,0.4634376041667556,0.1459587966374409,0.3906035991958034,0.0841263099172259,0.1348689800320312,0.9872857348330474,24349.50786225684,True,body,high
-0.0134652802996356,0.0029773067670961,-0.0031792246964648,0.000453509686422,0.0004416098719415,0.1897683258653312,0.1897683258653312,0.1897683258653312,False,0.0226553273060121,7.942016753139537e-05,5.453811146959564e-05,0.0001438792496815,2.6381413988229108,0.4480081894562818,0.1729370713071552,0.379054739236563,-0.1875794790844634,0.954386684690556,0.2322929080100607,9072.145106413798,True,body,high
-0.0136394866139038,0.0030128577960447,-0.0031471979188884,0.0006229095397376,0.0006166389256441,0.1510716130614365,0.1510716130614365,0.1510716130614365,False,0.0126936919544245,5.196742744403225e-05,5.897825137110562e-05,0.0001352411502585,2.6024214957374125,0.5639030630960756,0.0518394284111873,0.384257508492737,0.6619360843970438,-0.0543424317028465,0.7475878010573279,5575.185601675805,True,body,high
-0.0133694810449514,0.0009446317000048,-0.0029826952065537,0.0018623110841063,0.0002630253750458,0.329143015501409,0.329143015501409,0.329143015501409,False,0.0968138547692233,5.52331651912274e-05,2.389312953734541e-05,4.557977194103409e-05,2.3116756264555858,0.1747753042356251,0.3926380523116053,0.4325866434527695,-0.7084194212173244,0.0133163540599623,-0.7056660671710528,7345.071233720339,True,wing_R,high
-0.0133360319645969,0.0018634024120936,-0.003148429612909,0.0009541424144765,0.000209329933636,0.2443212622105415,0.2443212622105415,0.2443212622105415,False,0.2172633542559195,8.874970523447803e-05,7.944971200518888e-05,3.715857669491584e-05,2.388404323533228,0.1047890041405595,0.4765214171533216,0.4186895787061188,0.3638774901427961,-0.1717222296602789,0.9154805557781562,6867.766751031798,True,wing_R,high
-0.0125804284867175,0.004408893614499,-0.0036263742576341,0.0017780219536094,0.0002103420750292,0.4146206387258057,0.4146206387258057,0.4146206387258057,False,0.1791321088967205,2.9588524858934e-05,6.405692939134866e-05,7.06213913532405e-05,2.386783108990207,0.0929528834833786,0.4880731442971359,0.4189739722194854,-0.2237252659653288,-0.3277535513500627,-0.9178913960519316,6572.614592660921,True,wing_L,high
-0.0135886341071651,0.0007406445743486,-0.003086613232016,0.0021031901324266,0.0003515519901165,0.3319205633822922,0.3319205633822922,0.3319205633822922,False,0.237539335852362,2.238271603439076e-05,3.188697420379148e-05,5.17794896565272e-05,2.313369368443431,0.3841775109158133,0.1835525655514574,0.4322699235327291,-0.68410623428825,-0.0530312340230047,-0.7274519560946603,5757.651889146103,True,wing_R,high
-0.012727348360138,0.0034995312494619,-0.00329688561199,0.000818206131291,0.0001499303916977,0.2853555131460301,0.2853555131460301,0.2853555131460301,False,0.2733475644809652,1.886757758656021e-05,4.6163827003392185e-05,3.2860199278318084e-05,2.446727821396409,0.2881829473127635,0.3031079223724167,0.4087091303148197,-0.2376948973411927,-0.2522986998973757,-0.9380013335854348,7943.276195851949,True,wing_L,high
-0.0123595443503792,0.0025664043520242,-0.0027838736676522,0.0008049891949688,0.0008005183976826,0.3127038786661824,0.3127038786661824,0.3127038786661824,False,0.2461262394464158,4.759203745325279e-05,0.0001224476120142,9.997700685007596e-05,2.5728592127310126,0.1835119917369357,0.4278153614848015,0.3886726467782627,0.7353665094398008,-0.6774880623723457,0.0156850928364534,4627.32563010012,True,body,high
-0.0134660769054601,0.0028426368851802,-0.0030400619157879,0.000413601816084,0.0004105563066722,0.0926621810115004,0.0926621810115004,0.0926621810115004,False,0.5693070683639817,0.0001176404307054,4.852681870997843e-05,0.0001119301811445,2.424235378142628,0.0485398559544415,0.5389589451041554,0.4125011989414031,-0.2639540316107839,0.7823036970756779,0.5642066950490212,14782.119385976355,True,body,high
-0.0131903214481818,0.002742920337848,-0.0029173593724565,0.0002341545565013,0.0002123585218168,0.1083092700325187,0.1083092700325187,0.1083092700325187,False,0.1647011769279422,0.0001024484773903,5.471440302508194e-05,0.000139877308612,2.5564988536551043,0.2675832956259088,0.3412567402026738,0.3911599641714173,-0.1867302573053959,0.9262271343282727,0.3274677184711438,9041.918950600988,True,body,high
-0.0131082319944568,0.002745175858056,-0.0030341912056252,9.465952661302795e-05,7.684544730408803e-05,0.1343796248902852,0.1343796248902852,0.1343796248902852,False,0.1349965142349987,4.038163242697298e-05,9.629422761630048e-05,9.416405374809802e-05,2.3846046291080745,0.0221215115478208,0.5585217582867953,0.4193567301653838,-0.098734694140151,0.4076466691921581,0.9077861274934697,19309.045720437825,True,body,high
-0.013125512821896,0.0027206844570443,-0.0028191207197995,0.000304084540991,0.0002788310257746,0.0903942871300327,0.0903942871300327,0.0903942871300327,False,0.8014521719971212,0.0001117660211821,4.7790885001185605e-05,0.0001270967467953,2.6594348857996537,0.1206224864114259,0.503357778967655,0.3760197346209191,-0.2253852995457666,0.6682465562425679,0.7089767322124285,11957.36787557988,True,body,high
-0.0132931534775879,0.0028414969346332,-0.0033441622187876,0.0003328419153312,0.0003296428619271,0.0943214359344762,0.0943214359344762,0.0943214359344762,False,0.8628978918345015,4.403366088283139e-05,0.0001050306637004,5.788684113700258e-05,2.385235785413056,0.4488577040502678,0.1318965316041212,0.4192457643456109,0.0741637424351192,0.4779056056321841,0.8752747976569145,18143.374498839898,True,body,high
-0.0133222859517516,0.0028114700796876,-0.0032395388865651,0.0002903242397807,0.0002902003871198,0.0831848461799688,0.0831848461799688,0.0831848461799688,False,0.5630570395836484,5.718189242898363e-05,5.224645325706909e-05,0.0001503670011258,2.878032703692833,0.619717810418107,0.0328226215523532,0.3474595680295396,-0.328506482785949,0.8586087810018156,0.3935409152225234,20453.34209141866,True,body,high
-0.0129078901219881,0.0024165729853266,-0.0027632256710114,0.0005250809632754,0.0003755661388256,0.2046389369841685,0.2046389369841685,0.2046389369841685,False,0.2057775170963579,5.038152896288741e-05,0.0001189053448914,7.477538112112243e-05,2.3600979831135005,0.3711352404775102,0.2051535377194124,0.4237112218030773,0.9166168934614898,-0.3635148148015625,-0.1663443718338358,4788.368539468391,True,body,high
-0.0129334815117767,0.0015620381709309,-0.0029194037905746,0.0012371479462862,0.0004326177332693,0.3247022613699837,0.3247022613699837,0.3247022613699837,False,0.1600201933636599,5.8058285828027966e-05,2.465101466127188e-05,5.922495484437222e-05,2.4025361900180906,0.019698943112915,0.5640742361820573,0.4162268207050276,-0.3701857246847226,0.0861933707414011,-0.9249503943887382,6977.831031542821,True,wing_R,high
-0.0126684450865132,0.0039903001303467,-0.0035284168703914,0.0013423466700259,0.0001981615739021,0.3517013799757531,0.3517013799757531,0.3517013799757531,False,0.2443001663849652,2.519555763453968e-05,6.0818223086019085e-05,2.750079729726036e-05,2.413847074479732,0.5478197832520654,0.0379037654464226,0.4142764513015119,-0.1964051392870882,-0.2493763474866141,-0.9482807909980328,7174.320336776225,True,wing_L,high
-0.0134327964192428,0.0028525305025832,-0.0030946295006259,0.0003768074439439,0.0003761245047743,0.0796122743785827,0.0796122743785827,0.0796122743785827,False,0.7799003397705349,0.0001229569907821,5.765604789053167e-05,0.000142992367755,2.480093120959263,0.1401150095451793,0.4566743240693525,0.4032106663854681,-0.2215189640543077,0.7077703805155386,0.6708132653944732,15011.940592339392,True,body,high
-0.0131425011273004,0.0027735951686797,-0.0030410908468026,0.000105527842987,9.938734291120246e-05,0.1202782615848905,0.1202782615848905,0.1202782615848905,False,0.1909413842647008,0.0001007591182939,6.599546161077336e-05,0.0001566839162383,2.374161986508548,0.3569274963700901,0.2218712521219604,0.4212012515079495,-0.1344951274628854,0.9724149437228377,0.1905786921805601,24480.56498607064,True,body,high
-0.0130191701292135,0.0028024606860082,-0.002926700748163,0.00019183076258,0.0001918190206722,0.1146955233443199,0.1146955233443199,0.1146955233443199,False,0.9990020141195556,5.2473154170986135e-05,0.0001220202618209,8.93617094205556e-05,2.325384546606948,0.2676486012487495,0.3023149983377636,0.4300364004134868,-0.0108958881895875,0.1786879217132654,0.9838454686861924,17790.681094346306,True,body,high
-0.0127495717001754,0.0029806740624986,-0.0029517168125039,0.0004071743853328,0.000326645672597,0.1541252998896457,0.1541252998896457,0.1541252998896457,False,0.0354372797107279,0.0001096694624718,6.0385345132469227e-05,0.000124916033249,2.068648162481301,0.1220545544124213,0.3945379632825546,0.483407482305024,-0.3818588800702288,0.8540018491131698,0.3533619071473289,7759.817965551056,True,body,high
-0.0132546807727136,0.0027489591603601,-0.0027188985336978,0.0004373810985348,0.0004128802392826,0.0965404342390807,0.0965404342390807,0.0965404342390807,False,0.5534519742245985,4.466127916768869e-05,0.0001042706698373,0.0001046597080103,2.3434104432469987,0.0037171723520309,0.5695543376040256,0.4267284900439434,-0.0522665490197864,0.4171639093147057,0.907327107838642,8331.555865983337,True,body,high
-0.0126335547787128,0.002711050096066,-0.0027055251339255,0.0005953675515917,0.0005946655360113,0.1354057930663378,0.1354057930663378,0.1354057930663378,False,0.7330421464675677,6.370492527891701e-05,7.383947828660281e-05,0.0001557847238871,2.4454109820410155,0.5260159247701055,0.0650548574648833,0.4089292177650111,0.7021629336193573,0.0851315603798181,0.7069086447896612,9013.161976617308,True,body,high
-0.0131754010648155,0.0025518252965143,-0.0033294904830826,0.0003327500601181,0.0002634814483887,0.2300771635021235,0.2300771635021235,0.2300771635021235,False,0.3295347738706456,6.921068450672583e-05,7.092220830588473e-05,0.0001643350848648,2.374417852330992,0.5684292957634371,0.0104148411190878,0.421155863117475,0.6179756380538967,-0.7790463891289034,-0.1057961925453674,6762.560567252902,True,body,high
-0.0132975781197846,0.0028256883424097,-0.0031172184996503,0.0002386443665169,0.0002384048964471,0.1257243343341462,0.1257243343341462,0.1257243343341462,False,0.7864459319573016,0.0001025713630507,5.362676685910686e-05,0.0001366866451534,2.548851127134503,0.2495875296692445,0.3580788462307748,0.3923336240999806,-0.3023529750294061,0.8483379186757861,0.4346325508147112,17466.733203838543,True,body,high
-0.0133017050279101,0.0027981743337698,-0.003013376091146,0.0002580332728605,0.0002517771678311,0.0940768235368814,0.0940768235368814,0.0940768235368814,False,0.5379926660532088,4.345346776990244e-05,3.854877889991953e-05,0.0001054729696923,2.736091069607467,0.5880132331852111,0.0465018562034381,0.3654849106113507,-0.3514530252049015,0.8397735444137944,0.4138371239715158,13102.28522892318,True,body,high
-0.0135436598182103,0.0006138440389625,-0.0030327593488731,0.002217288952948,0.0003284962666637,0.2902504513635038,0.2902504513635038,0.2902504513635038,False,0.3048112989228604,6.412263422286136e-05,2.745493866821633e-05,5.050241730843216e-05,2.335559186555168,0.2124088799454412,0.359428132040134,0.4281629880144247,-0.6717526153862452,-0.198238755678441,-0.7137575354900307,6185.644337488539,True,wing_R,high
-0.0136911541038761,0.001343380313364,-0.0031105749740066,0.0015649804884362,0.0003691712355303,0.3265897685130139,0.3265897685130139,0.3265897685130139,False,0.1470545619057768,2.1481464794908328e-05,3.064730621163103e-05,4.937380769621184e-05,2.298437660913828,0.3792800749701462,0.185641777379587,0.4350781476502666,-0.1802136360131525,-0.0694423008610622,-0.981173181577055,11815.433964386226,True,wing_R,high
-0.012489304176019,0.0025676397939919,-0.0031372984069419,0.0006122365961044,0.0006099804573112,0.3482500887094132,0.3482500887094132,0.3482500887094132,False,0.2694255263782002,2.5824114646769385e-05,6.434905121971452e-05,2.4059636609641065e-05,2.67456455239764,0.5986869400980742,0.0274204204053243,0.3738926394966014,-0.7421376724628623,0.6682827542716541,-0.0512819213222086,3898.5463491040514,True,body,high
-0.0130640711030991,0.0013059413294207,-0.0028925524390193,0.0014874548960676,0.0003725279921258,0.3033923314508375,0.3033923314508375,0.3033923314508375,False,0.1627964685626488,3.4089782696504626e-05,8.407871547421861e-05,4.242631016525041e-05,2.4663904790111664,0.4953977362051903,0.0991514608866978,0.4054508029081118,-0.6641833699336219,0.2152329381352385,-0.7159156608465064,6642.230505911772,True,wing_R,high
-0.012538828336272,0.0026724433102581,-0.0024846580312187,0.0008244369803211,0.0008203808875448,0.1133533834762408,0.1133533834762408,0.1133533834762408,False,0.619497835267933,9.793496828974212e-05,4.358000359908019e-05,8.950499708050669e-05,2.2472455300992484,0.0860772342754553,0.4689335615605317,0.4449892041640129,-0.1954217598754833,0.7844144527262664,0.5886461603725289,7408.401178889791,True,body,high
-0.0131159406483039,0.0026312194028696,-0.0033194035266306,0.0002592874477018,0.0002325395832001,0.2689785382597936,0.2689785382597936,0.2689785382597936,False,0.1643222240754241,5.557422747994473e-05,0.0001064337494699,0.000126009933988,2.26741674517166,0.1553542954786172,0.403615178426237,0.4410305260951456,-0.7504079793820198,0.638533909681799,-0.1707697592264813,7286.303595997575,True,body,high
-0.012853795190898,0.0033830410232192,-0.0032283501711213,0.0006518308032888,5.082709591514011e-05,0.1805009326337699,0.1805009326337699,0.1805009326337699,False,0.4242161365419469,3.0282109229966424e-05,6.949747235574272e-05,7.406396191423715e-05,2.4457993117911774,0.0616560259601318,0.5294796836710678,0.4088642903688003,0.2314760935034971,0.3645917576161784,0.9019377297877642,4335.1391820883855,True,wing_L,high
-0.0131892616506365,0.0029546638246568,-0.003249129177643,0.0002571597582631,0.0001992752774495,0.0688375926008301,0.0688375926008301,0.0688375926008301,False,0.9921550375402064,6.57344709179255e-05,8.011661201362472e-05,0.0001860877830072,2.8309010540233297,0.569468716758715,0.0772868635612748,0.3532444196800101,0.5339023991877416,-0.1260126297878421,0.836103489572628,7904.782177466254,True,body,high
-0.01323999235421,0.0028354276684684,-0.003243452937798,0.0002275543198888,0.0002247800229401,0.0976807033039206,0.0976807033039206,0.0976807033039206,False,0.9819130791260248,6.879361003818309e-05,6.368658028798872e-05,0.0001445395242418,2.269544440731741,0.5240498375856794,0.0353331019801206,0.4406170604341999,-0.2113017725718065,0.8148653065821819,0.5397648497602814,22136.22054291956,True,body,high
-0.013126362778698,0.0027457009233773,-0.003045951631222,9.581324982535546e-05,7.689239196197131e-05,0.1062909991682832,0.1062909991682832,0.1062909991682832,False,0.7954836861435673,9.68899027126556e-05,3.8200743585449325e-05,0.0001093318992713,2.8620358927508844,0.1138002416641108,0.5367981304482541,0.3494016278876351,-0.1834902928722411,0.8209074369657584,0.5407793379521527,22026.948101679063,True,body,high
-0.0128932343399647,0.002738701664102,-0.0028858306790051,0.0002855964549204,0.0002834821866796,0.1328404903253254,0.1328404903253254,0.1328404903253254,False,0.0147859147583149,6.073609149157837e-05,5.58412434543838e-05,0.0001434283180929,2.5685015092860595,0.5765404468300415,0.0341274868329759,0.3893320663369826,-0.3076588591990611,0.8835509115041528,0.3531059517149392,10821.523971367897,True,body,high
-0.0132857738055355,0.0030432525667626,-0.0027283971517225,0.0005164784307649,0.0004998818515489,0.1376386462386641,0.1376386462386641,0.1376386462386641,False,0.0828861037885111,7.790365377326228e-05,0.0001479487662459,9.2736804288918e-05,1.8991248687326208,0.3731829832581389,0.100258696926193,0.526558319815668,0.8900698466405745,-0.4192786698422726,-0.178832505760331,4542.241115408705,False,body,high
-0.0126564710540748,0.0026541973606529,-0.003243745450057,0.0004457371456778,0.0004456738233951,0.3153995920310432,0.3153995920310432,0.3153995920310432,False,0.1592298878680398,1.686638253349298e-05,4.626682876631576e-05,2.833242274375675e-05,2.7431388250823705,0.3876298959918347,0.2478242083151275,0.3645458956930377,-0.342528420922551,-0.3450146359449454,-0.8738645100037427,5042.526320633647,True,body,high
-0.0132491211143718,0.0028911288364552,-0.0032082241291816,0.0002379331131035,0.0002241160467774,0.1467033952156328,0.1467033952156328,0.1467033952156328,False,0.9090060503271996,3.45096198559743e-05,9.01338992241102e-05,7.127662790817142e-05,2.611848510655392,0.2092139747449714,0.4079154276991735,0.382870597555855,0.8661162728316183,-0.4953879728633856,0.0665834685081155,17817.872585712437,True,body,high
-0.0131209646836764,0.0027573946209303,-0.0028327765214312,0.0002851809230089,0.0002728943885606,0.1127601462881778,0.1127601462881778,0.1127601462881778,False,0.9958718013166376,0.0001188514368544,5.081126299623682e-05,0.0001151774062629,2.339076611089263,0.0309127991102574,0.5415680699390384,0.4275191309507042,-0.2262160329570597,0.7566547670455563,0.6134328569129675,12135.770325061309,True,body,high
-0.0133757499385851,0.0031360430341261,-0.0027363443831464,0.0006055715742025,0.0005725105051185,0.1210759925851304,0.1210759925851304,0.1210759925851304,False,0.3626194098204096,7.86017904459473e-05,5.343766933098868e-05,4.0937008856411465e-05,1.9200667718945192,0.3201469199644177,0.1590378591079759,0.5208152209276063,0.3457147251410019,0.5287976850362812,0.7751479453117008,3894.3215020513903,False,body,high
-0.0130629560755986,0.0028825579718882,-0.0029772952513044,0.0001706308796008,0.0001524786899904,0.1448565615252959,0.1448565615252959,0.1448565615252959,False,0.0248269070386829,0.0001103990331518,6.869284640935489e-05,0.000145889280466,2.123791458526921,0.2432683690048134,0.2858756079214295,0.4708560230737569,-0.3283988176283719,0.849696887871293,0.4125159576575512,11016.617461156136,True,body,high
-0.0126437365273592,0.0028428883786802,-0.0028062878830976,0.0005235265610444,0.0005113794075695,0.114419602981072,0.114419602981072,0.114419602981072,False,0.9083188712970298,3.549438002987802e-05,0.0001002238268198,9.563684298751937e-05,2.82365339908631,0.0457673986102429,0.6000814862693303,0.3541511151204267,0.0076836600469811,0.4218756962792776,0.906621121669442,6304.980802878789,True,body,high
-0.0137632443292986,0.0029686762094699,-0.0033683383413265,0.0007691526971598,0.0007671862270606,0.113759142781902,0.113759142781902,0.113759142781902,False,0.4800409803929151,7.00544388009171e-05,6.216282908345046e-05,0.0001488296945202,2.394191138252354,0.5292979735884277,0.0530244299896122,0.4176775964219601,-0.3437919821255876,0.8930222917536829,0.2903760655721468,5993.454014584618,True,body,high
-0.0133146280604267,0.0028618831188745,-0.0033602958574455,0.0003631700985005,0.0003576621589439,0.0723355431607722,0.0723355431607722,0.0723355431607722,False,0.6789201139881528,0.000100959956998,4.8345099083748e-05,0.0001231252579796,2.546799165026308,0.1800223718937777,0.4273278998777813,0.3926497282284409,-0.2181227825979012,0.6416107429738179,0.7353625678618229,18258.99602340247,True,body,high
-0.0133480341334259,0.0028118587110181,-0.0033249265460683,0.0003569814648436,0.0003569806197701,0.1477099244529728,0.1477099244529728,0.1477099244529728,False,0.7355619772966896,8.810096536897744e-05,3.8593177365520255e-05,8.454377954120288e-05,2.282811921251351,0.0403762412009521,0.5215675217999709,0.438056236999077,-0.2188167228655035,0.811919337996446,0.541208121134388,17078.83048990263,True,body,high
-0.0127154252214503,0.0035376092870589,-0.0033207941693959,0.0008622802881103,0.0001571560979757,0.2497042482320149,0.2497042482320149,0.2497042482320149,False,0.1519755720923122,2.568889389943749e-05,6.663751304097706e-05,6.13622531548965e-05,2.594020330413534,0.0791635168442836,0.5353344929532796,0.3855019902024368,0.2068760112517929,0.2692780751946853,0.9405804772522094,9082.516068120234,True,wing_L,high
-0.0132212416493708,0.0027888817131074,-0.0030505176417797,0.0001690748686402,0.0001645759629916,0.0796102903077196,0.0796102903077196,0.0796102903077196,False,0.136599968111296,7.347413684188076e-05,6.406322191357584e-05,0.0001727673482159,2.6968257770278288,0.5747220895581094,0.0544716060383114,0.3708063044035791,-0.4228294517414032,0.804114729188511,0.4178693061737747,21401.37488168197,True,body,high
-0.0134268881571349,0.0028974906817459,-0.0032250509125268,0.0003988288788472,0.0003962916105786,0.0840142550573785,0.0840142550573785,0.0840142550573785,False,0.9902850114829462,8.464462367599931e-05,3.058456052816804e-05,7.29693400025766e-05,2.7675605669743906,0.1379329621466932,0.5007379988674534,0.3613290389858533,-0.0764445961176984,0.8099093421965233,0.5815523030194247,14732.811919023485,True,body,high
-0.0124043394781435,0.0047362306515526,-0.0038050530796046,0.0021803593585841,0.0003455817044731,0.477764816288721,0.477764816288721,0.477764816288721,False,0.1605454143783974,3.3315309021602065e-05,7.769827719835547e-05,6.878455690945833e-05,2.332209410033536,0.1147222385142641,0.4564997985387375,0.4287779629469983,-0.3008103258576104,-0.2511985699041204,-0.9200067534184536,6367.610597648745,True,wing_L,high
-0.0126666681336566,0.0038904787040036,-0.0034783942384766,0.0012376880804294,0.0001829680086195,0.3237745232857321,0.3237745232857321,0.3237745232857321,False,0.2374804635308591,2.0255724544063183e-05,4.8209876754303895e-05,2.923226430752149e-05,2.380061826444707,0.3936457366091107,0.1861971107954956,0.4201571525953936,-0.1963850919146352,-0.2490644300511248,-0.9483669149422016,6810.998671112205,True,wing_L,high
-0.0127122817475236,0.0037845746575894,-0.0034552923919202,0.0011210268853831,0.000171588816917,0.3068985041349496,0.3068985041349496,0.3068985041349496,False,0.127785206787329,6.28327552093634e-05,2.7107377725638297e-05,4.462474990863967e-05,2.317920820129195,0.2897852440188769,0.2787936343811788,0.4314211215999442,-0.2485826184619041,-0.2575535259963799,-0.9337413255529902,8250.212153711609,True,wing_L,high
-0.0133456031519174,0.0009910268271562,-0.0030092599069796,0.0018111196016062,0.0002834547109219,0.2806755607764838,0.2806755607764838,0.2806755607764838,False,0.2779160888619034,2.8844950519773063e-05,6.783068021927927e-05,4.3410391061214274e-05,2.351561677070019,0.360018343898667,0.2147323378499944,0.4252493182513386,-0.7634426098081246,0.2504224916748291,-0.5953519607700389,7150.9779447000365,True,wing_R,high
-0.0131662665087344,0.0028455562112038,-0.0030039511919361,0.0001634109253582,0.0001621177409618,0.1014151618364067,0.1014151618364067,0.1014151618364067,False,0.957380718502276,4.653902992286881e-05,0.0001224538012532,0.0001064945672162,2.6312065691134205,0.1303286126982239,0.4896176082718203,0.3800537790299558,-0.0155263632128999,0.3863117686305834,0.9222375775595416,12753.888179768028,True,body,high
-0.0126864451289237,0.0026636741343562,-0.0026929885681285,0.0005749581934296,0.0005679713549226,0.0974018909051773,0.0974018909051773,0.0974018909051773,False,0.9473254436665,9.795364968406928e-05,4.6138607422927736e-05,0.0001080710263655,2.342312271692326,0.0936178457973553,0.4794535964328911,0.4269285577697536,-0.1115460498703118,0.7394844122033919,0.663867669695199,8320.302000326184,True,body,high
-0.0131743075941663,0.0028148603638305,-0.0031099840426765,0.0001165875395221,0.0001162949264794,0.0948345704649821,0.0948345704649821,0.0948345704649821,False,0.5559123002531449,3.90991525355241e-05,8.996815212472421e-05,8.553342104303091e-05,2.301025630746916,0.0492922326063268,0.5161189533284432,0.43458881406523,-0.0368411770252641,0.3870705937692232,0.921313781029316,19993.314302718245,True,body,high
-0.0130205705963834,0.002706530880091,-0.002872476073967,0.0002530066390673,0.0002327222004467,0.0775848229830654,0.0775848229830654,0.0775848229830654,False,0.0607246999285398,5.922557614213262e-05,4.185320358094773e-05,9.896511201307878e-05,2.3645767479106268,0.4015509613700468,0.1755403718321365,0.4229086667978166,-0.2431304478871455,0.6615515779267419,0.7093920601845174,12115.780773740262,True,body,high
-0.0121987580384173,0.0027454950429343,-0.0023290475809468,0.0011669865737053,0.0011661444160117,0.1633196524107896,0.1633196524107896,0.1633196524107896,False,0.1314272033127311,7.053113298887575e-05,0.0001601433206956,0.0001219166223371,2.270533789962786,0.2387030454496209,0.3208718860397757,0.4404250685106033,0.8824172192382238,-0.3130461587466618,-0.3512007313287376,6051.662033806803,True,body,high
-0.0127226419601939,0.0035481335728339,-0.0033380966389914,0.0008730445252028,0.000155060630876,0.3297382031320154,0.3297382031320154,0.3297382031320154,False,0.6320998089317343,1.875550621103704e-05,4.412959502140001e-05,2.649396031475133e-05,2.352887441418728,0.3996328245952979,0.1753574692892974,0.4250097061154047,-0.2075855311800787,-0.1878788293642261,-0.960005100362187,9409.08561952828,True,wing_L,high
-0.0138998633651139,0.0027030221227601,-0.0035251424028057,0.000935571366164,0.0009131037566139,0.2856081795261963,0.2856081795261963,0.2856081795261963,False,0.1903208815339212,6.03597814940581e-05,8.427684194473453e-05,0.0001405681399188,2.32883778634406,0.40045559403861,0.1701456707365308,0.4293987352248591,0.7393262344468865,-0.6261411248208044,0.247677231223876,5251.358282468267,True,body,high
-0.0130072490640802,0.0028527230363137,-0.0028283961110069,0.0002984523732316,0.0002963504200046,0.1539973105048167,0.1539973105048167,0.1539973105048167,False,0.3838467439970361,4.3456493028508256e-05,7.61483110632021e-05,5.469290920295648e-05,1.7522884557952574,0.2817580792098975,0.147559624337855,0.5706822964522476,-0.3022401636706497,0.2310631246759366,0.9248030687012946,11434.851503301144,True,body,high
-0.0132888670738538,0.0028580298083452,-0.0032759032017707,0.0002900592658124,0.0002856052196388,0.1605687549732793,0.1605687549732793,0.1605687549732793,False,0.7880561825590915,3.992156450879365e-05,8.64198471653639e-05,8.219160264784643e-05,2.1647409922105614,0.04892677615394,0.4891241945634235,0.4619490292826364,0.8177476508798809,-0.5722974747145889,-0.0613545427473866,25635.048259196523,True,body,high
-0.0133261964242545,0.0028957366745114,-0.0033878310185275,0.0003989546793193,0.0003869074134084,0.1017663760074928,0.1017663760074928,0.1017663760074928,False,0.9453250367727676,0.0001271403894918,4.133988603505456e-05,0.00011312668377,3.075489598206475,0.1102222966109353,0.5646262216272121,0.3251514817618525,-0.2165547936966655,0.7134373012975532,0.6664167153097669,13490.730885853767,True,body,high
-0.0127040063504802,0.0026497893965373,-0.0030879285199476,0.0003825842448606,0.0003808561541965,0.1547013530063352,0.1547013530063352,0.1547013530063352,False,0.0825830382846131,0.0001297447949363,5.37591845043108e-05,0.0001533110109411,2.85181057627106,0.153715091043103,0.4956304831964142,0.3506544257604828,-0.4081860805909953,0.7802997023020795,0.4738317192833841,6820.83487935516,True,body,high
-0.0130593107492448,0.0027895175694553,-0.0029320177174904,0.0001799700129895,0.0001789431340293,0.1434094340430717,0.1434094340430717,0.1434094340430717,False,0.9544119298770376,4.117946325062914e-05,9.275767864508654e-05,8.735452237516418e-05,2.252522770404721,0.0582502316664926,0.4978030907954484,0.443946677538059,-0.1837117204722709,0.433919365314883,0.8820226687369476,14926.799548813382,True,body,high
-0.0124148650749829,0.0028169489336041,-0.0027503288478242,0.0007438967288848,0.0007317040651068,0.1323432619900439,0.1323432619900439,0.1323432619900439,False,0.1494671575544107,4.794609809844718e-05,9.8727276293464e-05,4.3700030884069775e-05,2.2592038105275947,0.5143581399336008,0.0430080457375942,0.4426338143288049,0.2736290032554601,0.416678871568889,0.8668943918180003,5997.7331652030525,True,body,high
-0.0132347372180498,0.0028143782675144,-0.0032673359441051,0.0002341435574613,0.0002332040278876,0.0939082783984782,0.0939082783984782,0.0939082783984782,False,0.4826371457654181,0.000150306569689,5.967989940478325e-05,7.318922388375079e-05,2.518545962512655,0.5130670333628873,0.0898784697629166,0.3970544968741961,-0.0028007548966059,0.7204452258301676,0.6935061876800581,19570.35828450933,True,body,high
-0.0131459989598945,0.0027643765508071,-0.0030115838981561,0.0001299038456784,0.0001197314692333,0.0822376709269228,0.0822376709269228,0.0822376709269228,False,0.1407641159573475,7.002531608008038e-05,5.418056466043669e-05,0.0001610614500224,2.972679429088502,0.5652260918406805,0.0983770568154714,0.3363968513438481,-0.3390132589442863,0.7718140740260108,0.5379340530170458,19260.16283704776,True,body,high
-0.0133878380025654,0.0028378198921489,-0.0033468038970103,0.0004048747009837,0.0004044027058098,0.1613048452634846,0.1613048452634846,0.1613048452634846,False,0.4204747141539187,2.8772748203019623e-05,5.331092416759245e-05,6.295901768008875e-05,2.188147521948612,0.1532440287032556,0.3897483929825228,0.4570075783142216,0.0127999128669562,0.543176490053076,0.839520972271818,15412.135698745047,True,body,high
-0.0135635627085104,0.0029005506442356,-0.0033074109548899,0.0005506145258522,0.0005498667548583,0.0736023219643738,0.0736023219643738,0.0736023219643738,False,0.9356949103541944,5.831053833335004e-05,3.445706823061168e-05,7.85438673254696e-05,2.279470406472109,0.2576054589758971,0.303696149871186,0.4386983911529169,-0.2330162245968622,0.7765086868641995,0.5854380396754735,6466.270565699958,True,body,high
-0.0129077263558581,0.002719620107414,-0.0028994696255775,0.0002696099947497,0.0002641450988805,0.085401524130513,0.085401524130513,0.085401524130513,False,0.1169280426854473,4.683574059351141e-05,3.3071182551410405e-05,7.017607005685124e-05,2.1219703875952995,0.3325967020443193,0.1961431871427114,0.4712601108129692,-0.0514752143063322,0.708217597074557,0.7041151450622672,11196.01623945192,True,body,high
-0.0132324686826389,0.0015525575181129,-0.003026032447494,0.001239122862676,0.0001986609138207,0.313014335313776,0.313014335313776,0.313014335313776,False,0.2733595932646538,6.325463780779204e-05,2.718862158334301e-05,5.2280844580590456e-05,2.326511390579092,0.1734859862852582,0.3966859010954048,0.4298281126193369,-0.6663640873245635,0.2687819542509833,-0.6954963437668984,5762.326095739348,True,wing_R,high
-0.0129256968849666,0.0024149951110205,-0.0028444540521255,0.0004707721390779,0.0003053027350762,0.2038469564265996,0.2038469564265996,0.2038469564265996,False,0.299999089015996,5.120763186826939e-05,0.0001478982628797,8.724537414245758e-05,2.888207430881011,0.4100987229756017,0.2436657576126354,0.3462355194117628,0.9119991248598484,-0.4088705908794221,-0.0329003976994615,4389.059848776945,True,body,high
-0.0128329759806387,0.0038366972529232,-0.0035094050241763,0.0011550921683825,0.0002024458036714,0.2973512223984142,0.2973512223984142,0.2973512223984142,False,0.2265014965520022,1.865484298252301e-05,4.272127913350185e-05,2.668424099999028e-05,2.290090523598925,0.3753875927590237,0.1879484458406735,0.4366639614003028,-0.1182354348432894,-0.2997258813020709,-0.9466703639731814,9228.906877061863,True,wing_L,high
-0.0126290803622947,0.0031109758597321,-0.0029808221875236,0.000563585816356,0.0003947728563289,0.2305408812168106,0.2305408812168106,0.2305408812168106,False,0.130441528094131,3.8726605947734326e-05,8.726659365900672e-05,4.713681530947019e-05,2.253401544581063,0.4598526958247415,0.0963737555128903,0.4437735486623681,0.0290797952338819,0.1376301473242392,0.9900567196159336,10324.355236985357,True,body,high
-0.0128770243035101,0.0036891231117691,-0.003490599997357,0.0010051284133391,0.0002124479640639,0.289519472577895,0.289519472577895,0.289519472577895,False,0.1318628288776594,6.31628907886237e-05,2.749479201490484e-05,4.325876218603957e-05,2.297267451755347,0.3151237752748497,0.2495764518424161,0.4352997728827342,-0.2628468241661316,-0.3392134819015351,-0.9032418063409242,17189.269405179024,True,wing_L,high
-0.0130721914858165,0.0028145657570456,-0.0030532034207796,6.973591275420964e-05,6.57892752878981e-05,0.1402659596012279,0.1402659596012279,0.1402659596012279,False,0.6861764637434669,4.24921505952852e-05,0.0001076636604024,8.514699733990793e-05,2.5337305571530995,0.2091389330286062,0.3961861094559425,0.3946749575154512,0.8594273719053507,-0.4950336207490244,-0.1277744369894581,12997.12872693066,True,body,high
-0.0132410152184329,0.0027462811514324,-0.002733676930295,0.0004183893076237,0.0003939664437415,0.1028914450718223,0.1028914450718223,0.1028914450718223,False,0.9238999993657206,9.251720111198709e-05,3.9839109312773286e-05,9.867926959846995e-05,2.476944673229209,0.0624454205179729,0.5338313914722224,0.4037231880098046,-0.1484689935548738,0.7367449134859186,0.6596695312089448,9237.040788887334,True,body,high
-0.0135265644435423,0.0028360622320971,-0.0023924537573704,0.0008570187268493,0.000836338127316,0.1724211571412049,0.1724211571412049,0.1724211571412049,False,0.162789092339306,4.499250664762813e-05,9.739740213823088e-05,4.232866920285736e-05,2.300979548198415,0.538052292362247,0.0273501899053748,0.4345975177323781,0.0760074138410044,0.4623406178493377,0.8834387506374706,3626.876045054965,False,body,high
-0.0135001792603317,0.0026517734350111,-0.0034081626164112,0.0005422208144762,0.0005133838928987,0.1226720262670452,0.1226720262670452,0.1226720262670452,False,0.2908068930149159,9.449740311948728e-05,7.751376818476375e-05,0.0001803440600053,2.326606798104195,0.4760159934478181,0.0941735199607918,0.42981048659139,-0.1225109210094922,0.8898678345063576,0.4394613877741383,4756.340937680979,True,body,high
-0.0129507678776315,0.0026806288292725,-0.0028235661589649,0.0003241153933476,0.000302886471426,0.1006389865891031,0.1006389865891031,0.1006389865891031,False,0.1031533669294878,4.524309926935856e-05,0.0001046152016472,7.815957273138808e-05,2.312290787694226,0.2528851304524983,0.3146433113326365,0.4324715582148652,-0.0374421472094153,0.2871939213364203,0.9571403957412716,10648.353352649749,True,body,high
-0.0129783900495345,0.0027719584185656,-0.0028478807863519,0.0002772200960116,0.0002754917254923,0.1309913026526086,0.1309913026526086,0.1309913026526086,False,0.1443016361966986,0.0001207029860471,6.154569316608141e-05,0.000163866918691,2.662524544955977,0.2634084596734941,0.361008148280618,0.3755833920458878,-0.2718794668655971,0.8369611570380298,0.4749500785413568,13104.67561647625,True,body,high
-0.0130704623025129,0.0027637399300506,-0.0030668895024437,4.704748587094757e-05,4.137701583559557e-05,0.1309707893775834,0.1309707893775834,0.1309707893775834,False,0.3669765755325813,4.172853760892321e-05,7.97468266295731e-05,9.106487591161576e-05,2.182316494411309,0.1242855620099624,0.4174857610034966,0.4582286769865409,-0.0913180685632837,0.371436328325943,0.9239567437675932,15389.201779781171,True,body,high
-0.0124977593598219,0.002936861420793,-0.0028288140151824,0.0006526997551543,0.0006062586002135,0.1573273212361104,0.1573273212361104,0.1573273212361104,False,0.2677155132491295,6.632013750764362e-05,5.947995056060194e-05,0.0001410022125222,2.370583889079375,0.5296517953773132,0.048511202942753,0.4218370016799336,-0.4577183913346337,0.7581951316196733,0.4643640991961603,6863.949204768836,True,body,high
-0.0130187943410727,0.0027431906317057,-0.0030089062553213,0.0001171519269779,0.0001102841131853,0.08657380735572,0.08657380735572,0.08657380735572,False,0.853138233850452,4.364975737848145e-05,9.930466069268007e-05,5.5002617554150944e-05,2.2750335089293188,0.4461224964619884,0.1143235382557057,0.4395539652823058,-0.0270710498075712,0.3136540337239885,0.9491513606327426,10339.87841061084,True,body,high
-0.0132804323666765,0.0028121179706289,-0.0031381934189494,0.0002208673626477,0.0002203149986324,0.0900797950840736,0.0900797950840736,0.0900797950840736,False,0.2255146252004908,6.313109375034149e-05,5.45944170618434e-05,0.000148757892707,2.7247821428069257,0.5756118038411595,0.0573863781823569,0.3670018179764835,-0.3841501321642835,0.7147080832971545,0.5844835597584173,19215.34004685205,True,body,high
-0.0132109189045841,0.0025834240367341,-0.0034413227268676,0.0004097764797911,0.0003764186159605,0.1996193722138372,0.1996193722138372,0.1996193722138372,False,0.2795984163184565,6.734095435019577e-05,6.201237311536613e-05,0.0001568524840185,2.529373996487848,0.5706733318788291,0.0339719276246899,0.3953547404964809,0.4319224450550916,0.2335736762581279,0.8711408262829232,5273.771524097349,True,body,high
-0.0131480128035229,0.00280201569988,-0.0031684435842238,0.0001044951598789,0.0001036842821425,0.1467308022961992,0.1467308022961992,0.1467308022961992,False,0.9785537494375556,3.7777950100155744e-05,2.6896349487391268e-05,6.359839162326924e-05,2.364573365358876,0.4059920520641967,0.1710986761618534,0.4229092717739499,0.8858265261999926,-0.1242778776905852,0.4470641727953353,16961.94987737415,True,body,high
-0.0127991434180543,0.0026726147077215,-0.0031849077502884,0.000294048776184,0.0002933104390401,0.2873507149829423,0.2873507149829423,0.2873507149829423,False,0.0983782217334438,7.787342169236471e-05,9.950089222997596e-05,6.615185919048667e-05,1.504128431877622,0.2173595638481691,0.1178035918993172,0.6648368442525135,0.2075048148834402,-0.9780756279735208,0.0176016409573708,5776.445029629527,True,body,high
-0.0131014495349348,0.0027055338339094,-0.0027746164635964,0.0003464568141308,0.0003178955956652,0.0978850289744989,0.0978850289744989,0.0978850289744989,False,0.9883496800043908,0.0001177521695378,5.2276058345413474e-05,0.0001373038292258,2.626514576109952,0.1423970460121695,0.4768702487153288,0.3807327052725016,-0.2389719795982812,0.6812083191495473,0.691988163835428,11165.572386432228,True,body,high
-0.0124331875021741,0.0028728447617489,-0.0027625615795147,0.0007271954609934,0.0007032692828169,0.1612900488028107,0.1612900488028107,0.1612900488028107,False,0.2596086574280158,4.495060486197425e-05,9.188577687113648e-05,4.0326791630225225e-05,2.278529314052036,0.5107990987003962,0.0503213161949276,0.4388795851046762,0.2082611351432104,0.4566355879847958,0.8649342399134405,6242.800735587808,True,body,high
-0.0133015491059694,0.0028179111160473,-0.0032418098875161,0.0002739984235176,0.0002739797566961,0.0993889883170385,0.0993889883170385,0.0993889883170385,False,0.3485205358432023,0.0001049655265442,7.102475194953925e-05,0.0001613871039594,2.272265647250241,0.3496040019982888,0.2103066091531231,0.4400893888485881,-0.0939599327709886,0.8950470104219775,0.4359614434423665,24338.47670397624,True,body,high
-0.0131731053250023,0.0027610364795676,-0.0032031729352034,0.000143428884253,0.0001410461261892,0.1892442285025988,0.1892442285025988,0.1892442285025988,False,0.7508736516160873,7.028417036779014e-05,6.017901527794268e-05,7.756323837761149e-05,1.2888751671887295,0.0938468811008597,0.1302827899042995,0.7758703289948408,0.4436743787652415,0.5899983472199877,0.674577642606809,17162.591769916748,True,body,high
-0.0133269328022252,0.0028720576977392,-0.0033029957243892,0.0003388374357308,0.0003335894635259,0.1135911356966141,0.1135911356966141,0.1135911356966141,False,0.2640292911402298,0.0001328049482107,6.002053769911031e-05,0.0001349544828838,2.248471740796033,0.0159278493543024,0.5393256226568836,0.4447465279888139,-0.2427112724858842,0.8492504650323491,0.4688975216938361,23223.84508091702,True,body,high
-0.0132411137128889,0.0027502249571755,-0.0027378871361825,0.0004143579246668,0.0003912740495578,0.0974432537384247,0.0974432537384247,0.0974432537384247,False,0.5894161496422403,4.344895099494438e-05,0.0001004465863193,9.867588177276696e-05,2.311829952603816,0.0176283198010494,0.5498139140562898,0.4325577661426608,-0.2412542300252245,0.5055008744701548,0.8284112881925526,9311.88618986474,True,body,high
-0.0131039043175995,0.002776375119022,-0.0030107162373459,0.000108409632229,0.0001045439655891,0.0760931716055408,0.0760931716055408,0.0760931716055408,False,0.265971880720188,0.0001966326121781,7.27253523082808e-05,0.0001048096320147,2.703769812549331,0.4669773703673182,0.1631686593136923,0.3698539703189895,0.0149954529373756,0.5734173812340003,0.8191261461398629,16829.78339793495,True,body,high
-0.0130337842297361,0.0023183522233632,-0.0025168005832176,0.0007517444338511,0.000527355177259,0.1767986227749298,0.1767986227749298,0.1767986227749298,False,0.2077499112972425,5.986533199424264e-05,6.400929733976436e-05,0.0001653941633569,2.762770335473779,0.6129893822092852,0.0250550881688459,0.3619555296218688,0.6196742304433942,-0.7794942385656426,-0.0916110264507288,3347.39724294126,False,body,high
-0.0133218018045139,0.002868152670946,-0.0032341228350504,0.0002996322029385,0.0002962876878525,0.1165537906633593,0.1165537906633593,0.1165537906633593,False,0.3128409431239798,8.601612864889587e-05,4.850368483563192e-05,0.0001349712796214,2.782701563373429,0.3627079117118806,0.2779290817903207,0.3593630064977986,-0.1471780971434958,0.9019732457436452,0.4059345657663237,25626.618314204483,True,body,high
-0.0134759057654387,0.0010517247679756,-0.0031008279004066,0.0017739886472276,0.0003086963501114,0.3062275350858692,0.3062275350858692,0.3062275350858692,False,0.2854432168675215,6.03803351884204e-05,2.6615974941194665e-05,5.191709886962413e-05,2.26857499384579,0.1401654411554067,0.4190292062718071,0.4408053525727861,-0.7333483732302927,0.2494589496572173,-0.6324321275175712,6188.747211296535,True,wing_R,high
-0.0125245628908862,0.003747831625475,-0.0033669700402485,0.0011394628609248,0.0002837898303992,0.3881521581909529,0.3881521581909529,0.3881521581909529,False,0.2014996885190203,3.7898258149237e-05,8.77128957196246e-05,3.3249796205731344e-05,2.637997994842005,0.5679283207069201,0.0529963342946118,0.379075344998468,0.8176534269237316,-0.5752449727725566,-0.0231537197827633,9397.928563463527,True,wing_L,high
-0.0124797725418287,0.0042400155698798,-0.0034936850158099,0.0016208679954702,0.0002193675882272,0.4477944969194593,0.4477944969194593,0.4477944969194593,False,0.2260115477799729,2.510130293547434e-05,6.068965544674368e-05,5.716929671604262e-05,2.417789052733761,0.0580059106413981,0.5283930769504624,0.4136010124081394,-0.2777779251889956,-0.2963128518971383,-0.91380420117128,6170.899002700398,True,wing_L,high
-0.0128161678605058,0.0027299977883076,-0.0030610754776127,0.0002572601897947,0.0002571521518984,0.3103842139865161,0.3103842139865161,0.3103842139865161,False,0.2178090835739215,8.508554922734648e-05,8.939205359161286e-05,6.62753731710605e-05,1.3487974388448467,0.0481754718818814,0.2104233575639751,0.7414011705541435,0.1479706599818709,-0.9841920730205848,-0.0973172502076229,6469.190408414662,True,body,high
-0.0123396042150519,0.0026177672260816,-0.0023793872986641,0.00104217882762,0.0010370572767971,0.3053250686838822,0.3053250686838822,0.3053250686838822,False,0.331398436626575,2.260790840997217e-05,5.112038857059101e-05,2.6674954068950703e-05,2.261172844633527,0.4781934407224653,0.0795581914124623,0.4422483678650723,-0.2796695782508132,-0.4032596131301037,-0.8713016764698502,5460.979554044316,True,body,high
-0.0133084452112306,0.0029338218334401,-0.003551247397665,0.0005269423011472,0.0004997187116287,0.2362623530903586,0.2362623530903586,0.2362623530903586,False,0.2316015390212968,6.251972612032019e-05,0.0001096469781528,7.25459411550703e-05,1.7537981203224695,0.3383680756444441,0.0914408696313493,0.5701910547242066,-0.3601506237230181,0.1021365659509129,0.9272861748822074,5177.864308479712,True,body,high
-0.0131172744543261,0.0027778992514633,-0.0029341231100671,0.00018521506972,0.0001798520654224,0.1356987966160001,0.1356987966160001,0.1356987966160001,False,0.2249164232702641,3.046846061988764e-05,8.790960873348194e-05,8.150618648053144e-05,2.8852658435950267,0.072840982290843,0.5805705041342675,0.3465885135748895,0.8443519543828415,-0.5324207245298612,0.0599829077402354,11914.411622231935,True,body,high
-0.0128497740361541,0.0026087343459197,-0.0026801498379975,0.0005102260706547,0.0004757223024381,0.1043423725541741,0.1043423725541741,0.1043423725541741,False,0.8828317168314743,0.0001159263149695,5.062045772020722e-05,0.0001156382881808,2.2901079956696924,0.0024845677937629,0.5608548022748648,0.4366606299313721,-0.1338118819326627,0.7181112471266602,0.6829426161866252,7250.351041828212,True,body,high
-0.013679442765884,0.0032242538429358,-0.0031811599519567,0.0007638755743914,0.0007084685780547,0.1531149370238584,0.1531149370238584,0.1531149370238584,False,0.0441926665911472,4.74021084814117e-05,9.167754353758188e-05,4.4754184319449154e-05,2.0484686500640987,0.4829474410821238,0.0288830182374713,0.4881695406804048,0.2941197981067167,0.4967447018585303,0.816540412678481,4895.402178973805,True,body,high
-0.0134134020236382,0.0029712256854218,-0.0032084250086088,0.0004112613406593,0.0003947114812696,0.1009534450067425,0.1009534450067425,0.1009534450067425,False,0.8704323680368397,0.0001059729107765,7.05463362301859e-05,0.0001535867158789,2.177104072106511,0.3100125217857259,0.2306617101849922,0.4593257680292818,0.1240162447176921,0.915771967242502,0.3820754834570251,11931.276230518484,True,body,high
-0.0130815302113293,0.002576289718705,-0.0032275423773674,0.0002326691171611,0.0001534480667078,0.2142872381931228,0.2142872381931228,0.2142872381931228,False,0.5137154223330805,7.089921555967853e-05,5.988817316239916e-05,7.031138908938327e-05,1.1838600480836283,0.0082910151495324,0.1470145451498049,0.8446944397006626,0.4938456779903854,0.4814527636481323,0.7240992215889978,6547.749060155672,True,body,high
-0.0132943915442109,0.0028415263745912,-0.0031701038116881,0.0002462940602206,0.0002458587274561,0.1217373607489326,0.1217373607489326,0.1217373607489326,False,0.8940013404773692,0.0001106249945271,5.564035743668904e-05,0.00014719941041,2.6455511285593114,0.248468494411843,0.3735384329142713,0.3779930726738856,-0.2698434654838807,0.8576887356878506,0.4376694378293118,21263.585990273983,True,body,high
-0.0129419389399319,0.0026891687628611,-0.0030242332866996,0.0001739519971402,0.0001596062623602,0.1376991435858284,0.1376991435858284,0.1376991435858284,False,0.2107401917451793,3.69836113098143e-05,7.97511617399203e-05,9.566425443856491e-05,2.586666121844586,0.166343142399797,0.4470588380278559,0.3865980195723469,-0.111506977634634,0.3372409083768396,0.9347912941699624,7432.953193637251,True,body,high
-0.0123584631899807,0.0025342439964792,-0.0027864151771811,0.0008139198229783,0.0008058084189284,0.1721314491668745,0.1721314491668745,0.1721314491668745,False,0.1357503311731117,5.840804719979416e-05,5.528881742997016e-05,0.0001247967227925,2.257178369760404,0.5319745110864725,0.0249944846308892,0.4430310042826383,-0.3493724385655128,0.8891556556685943,0.2955353095035161,4404.653984438629,True,body,high
-0.0132885669777834,0.0028091044942852,-0.0032690177473938,0.0002761643661402,0.0002761491979703,0.0744791467725794,0.0744791467725794,0.0744791467725794,False,0.4695224675595093,0.0001929659846435,8.534926904541721e-05,7.329553461530122e-05,2.6327113330486944,0.5576978543494671,0.0624655918108097,0.3798365538397232,0.4669028879526865,-0.7730721288330827,0.4293730043248256,24951.296305698088,True,body,high
-0.0131939766361879,0.0027984247649582,-0.0030889437348613,0.0001336342927353,0.0001326693305012,0.0736527644439438,0.0736527644439438,0.0736527644439438,False,0.9893353409384064,0.0001359418155562,4.778664653376554e-05,4.5602120102527365e-05,2.981041566721684,0.6484772081480267,0.0160695693396411,0.335453222512332,0.5064945090372247,-0.7680049551029698,0.3919588004528359,23457.6124497911,True,body,high
-0.0133279773315091,0.0028743000959593,-0.0033276982986999,0.0003547711445719,0.0003486351028578,0.1006476626955891,0.1006476626955891,0.1006476626955891,False,0.9870072152427948,9.208710591044165e-05,4.091725909159807e-05,8.595479106225973e-05,2.250568780872978,0.0665925461285081,0.4890753328100294,0.4443321210614624,-0.2355226247338857,0.6335964770374889,0.7369427369369645,20507.85525482488,True,body,high
-0.0133134507428259,0.0028328201341391,-0.0032824156256726,0.0003074722223318,0.0003067051769711,0.0614185127056731,0.0614185127056731,0.0614185127056731,False,0.7064865409301583,0.0001467704728774,6.088792192720059e-05,0.000103573251536,2.4105022512167538,0.2943181996657955,0.290830497251941,0.4148513030822635,0.0176600881011215,0.6009832825598838,0.7990664649275475,26471.834768807243,True,body,high
-0.0127617673970269,0.0037533992336965,-0.0034886029288455,0.0010892730217873,0.0001941789242218,0.3447549461141671,0.3447549461141671,0.3447549461141671,False,0.1731112654471764,1.921935124590917e-05,4.7965992583371614e-05,4.402740425542264e-05,2.495713407266084,0.0821120989230684,0.5172008682274968,0.4006870328494348,-0.2787525186996002,-0.1580985415600395,-0.9472601989291104,10439.6373309121,True,wing_L,high
-0.0128863467989822,0.0030738524006444,-0.0030745182324437,0.0003477488463383,0.0001364136280374,0.2036840944742279,0.2036840944742279,0.2036840944742279,False,0.29648508346557,3.1170124599206015e-05,1.2462646446129737e-05,2.0455751855979703e-05,2.5010839177649844,0.343738527869062,0.256434823813748,0.3998266483171899,-0.6973744524719909,0.2019903811549336,0.6876545346031506,5896.613656126009,True,body,high
-0.0135425283949637,0.0006106905451454,-0.0030362258133946,0.0022200014389655,0.0003327470028813,0.3092018758937148,0.3092018758937148,0.3092018758937148,False,0.134713930294109,6.192762488089064e-05,3.296764428393179e-05,7.459994735910162e-05,2.262823109731899,0.1698703943745462,0.3882037671897306,0.4419258384357231,0.2071375928614504,0.4126306199181436,0.8870343787754411,6172.426248894952,True,wing_R,high
-0.0132790151095491,0.0028184415551445,-0.0032550294482912,0.0002618008468252,0.0002615414700919,0.3828067265955194,0.3828067265955194,0.3828067265955194,False,0.3730731889288624,1.621552425916336e-05,4.207483386381298e-05,2.113169214624544e-05,2.594725473648289,0.4977593443471674,0.1168434295663443,0.3853972260864882,-0.5136278100864442,0.0016030392943872,-0.8580115983894533,25912.187837859885,True,body,high
-0.0126572537490066,0.0042971177008077,-0.003604147088235,0.0016487255345882,0.0002036880185356,0.3824949920717768,0.3824949920717768,0.3824949920717768,False,0.1617811577420158,2.8125346093859337e-05,7.103782590767346e-05,6.446606358992781e-05,2.525758284737456,0.0925107466870796,0.511568548610987,0.3959207047019334,-0.2485390694649849,-0.294767273178123,-0.9226811939194454,6163.101438042835,True,wing_L,high
-0.0128695039638209,0.0031097848036643,-0.002996098101521,0.0004021913371886,0.0002079782468646,0.1392622551427439,0.1392622551427439,0.1392622551427439,False,0.0402211515895571,6.104601165061125e-05,0.0001496156699465,9.659853802664564e-05,2.450867237697731,0.354355475859414,0.2376256871270522,0.4080188370135337,0.8868569034984398,-0.4523279909252028,-0.0942561475062956,6003.851367421433,True,body,high
-0.0127745223238826,0.0036770691851479,-0.0034385452027962,0.0010002599110578,0.0001621110471185,0.3283164314028551,0.3283164314028551,0.3283164314028551,False,0.4261184807525524,1.976460538595533e-05,4.560781759218117e-05,2.296421586657934e-05,2.307550123140325,0.4964850966577221,0.0701548692646178,0.43336003407766,-0.1672397173485333,-0.2610598676161097,-0.9507253138848476,11252.135431892995,True,wing_L,high
-0.0129182445502035,0.0023138827645496,-0.0025145683180559,0.0007695641531427,0.0005747416204745,0.309894333439092,0.309894333439092,0.309894333439092,False,0.2250089150600703,6.062018356262517e-05,2.686622719725956e-05,4.1974759222223306e-05,2.256371284197605,0.3075778271297999,0.249232700019054,0.443189472851146,-0.3519030112028927,-0.6668556335484737,-0.656862112403357,3413.167356010163,False,body,high
-0.0133741485378701,0.0006991337976089,-0.0029646099869952,0.0021062078654244,0.0003197906667316,0.2773437845584051,0.2773437845584051,0.2773437845584051,False,0.2019690209664502,3.317058530665938e-05,7.829303642399825e-05,4.851955348532796e-05,2.360315191914326,0.3802826445181039,0.1960451258467712,0.4236722296351248,-0.805778353805624,0.1664417491771149,-0.5683470670894333,5286.004128174999,True,wing_R,high
-0.0132926113185335,0.0029547653348876,-0.0031133633244464,0.0002894930905301,0.000266631251286,0.0747826423579923,0.0747826423579923,0.0747826423579923,False,0.8078195278994211,3.968053677290633e-05,0.0001192486954173,8.527311693880934e-05,3.0052188078956323,0.2849136282759265,0.3823318989473515,0.332754472776722,0.8290045987833995,-0.5170084056668138,-0.2131986952723541,9204.789240337772,True,body,high
-0.013042182831593,0.002747531206459,-0.0028099424575535,0.0003038004488891,0.0002939438217802,0.1321764655242658,0.1321764655242658,0.1321764655242658,False,0.8283797528064818,0.0001137848616511,4.149337499720958e-05,0.0001229558768083,2.963265263832137,0.0745878553776422,0.5879465750679178,0.33746556955444,-0.1612513706415081,0.6740437560814747,0.7208765569456482,12408.719981695474,True,body,high
-0.0137497081588345,0.002636445235509,-0.0030176229213551,0.0007062880417046,0.0006292677016011,0.1552369848827293,0.1552369848827293,0.1552369848827293,False,0.3492962011845932,4.750257249788536e-05,9.85780614506656e-05,3.971699565540715e-05,2.4820120410402944,0.5181222698149882,0.0789787984051053,0.4028989317799065,0.2604390602256085,0.4789397145548744,0.8383246660637497,3895.787378430832,False,body,high
-0.0131333907431813,0.0027304990947349,-0.0027507838358997,0.0003702933181576,0.0003481413159442,0.1222905129798974,0.1222905129798974,0.1222905129798974,False,0.4112859549819523,9.626158640039088e-05,5.9489140639688296e-05,0.0001480110022002,2.488033960629421,0.3496322234871132,0.2484440022300708,0.4019237742828159,-0.1017446322777384,0.9363493641389922,0.3360028245107068,10819.159939489138,True,body,high
-0.0127304199307037,0.0026166364746753,-0.003032318560619,0.0003785672379958,0.0003690442233001,0.1634209409097662,0.1634209409097662,0.1634209409097662,False,0.1919673072469904,0.0001338731671698,6.554304637485198e-05,0.0001472826092397,2.2471126593260937,0.0910456579976589,0.4639388258243944,0.4450155161779467,-0.3396533109724832,0.8028254232279616,0.4900071103201197,6345.808458158301,True,body,high
-0.0134025663225304,0.0028698597627767,-0.0032565369342579,0.0003798160287651,0.0003786084644705,0.1600253549550314,0.1600253549550314,0.1600253549550314,False,0.1270566877435057,7.564382341433552e-05,6.684430877734688e-05,0.0001525419873027,2.2820489895542964,0.5041114597243279,0.0576858528761747,0.4382026873994973,-0.330238761680208,0.907962431838193,0.2579662432458895,17038.91983006823,True,body,high
-0.0129645706973019,0.0028659543534836,-0.0023853484313481,0.0007382844278882,0.0007379947443552,0.1479729987980902,0.1479729987980902,0.1479729987980902,False,0.3456101268130842,3.357228165239811e-05,8.103340781260389e-05,9.311130888524514e-05,2.773457873650184,0.1297146524653266,0.5097246159292976,0.3605607316053758,0.029997179097172,0.3521016049727634,0.935480961335834,3942.003845573631,False,body,high
-0.013278360444734,0.002792476702736,-0.003068815530141,0.0002191201510072,0.0002141936126406,0.1197418226288233,0.1197418226288233,0.1197418226288233,False,0.3033932725011858,5.5837941781695016e-05,5.817728420376364e-05,0.0001493931761939,2.675477845835581,0.6105760270588101,0.0156589643628104,0.3737650085783794,0.6445180985934703,0.0586943237768045,0.7623328649230867,15206.504061059157,True,body,high
-0.0125380727682913,0.0029862532191593,-0.0028887818878487,0.0006081882474707,0.0005348335190648,0.1450272588761608,0.1450272588761608,0.1450272588761608,False,0.1417999842084916,7.380955635492422e-05,6.120270242146439e-05,0.0001625903006829,2.65658695204786,0.5460396097128738,0.07753755224332,0.376422838043806,0.4607435410390537,0.3044877543810875,0.8336681574959884,7377.066110046447,True,body,high
-0.0133195410513279,0.0029135103715564,-0.0031254253795287,0.0002899760461066,0.0002816574000113,0.1193267146502819,0.1193267146502819,0.1193267146502819,False,0.1931079982449336,2.688193784876925e-05,5.763625665497569e-05,6.034867274676524e-05,2.2449524690619804,0.0449457455870053,0.5096105250774533,0.4454437293355413,0.0013227246150637,0.5461266645721792,0.8377015677691306,11930.19836860573,True,body,high
-0.0130204611346583,0.0028264601653859,-0.0028785862587773,0.0002420170740894,0.0002414841768606,0.1162826455215107,0.1162826455215107,0.1162826455215107,False,0.1415640483502957,1.96886207252166e-05,5.04692439990403e-05,2.0549664299831563e-05,2.563371233740147,0.5928279745933518,0.0170607583230558,0.3901112670835923,0.7035974267028038,-0.5178172058812277,-0.4866374445421876,17391.797700166593,True,body,high
-0.013287660051022,0.0031944491420072,-0.0031172941088208,0.0004734632879073,0.0003264705253636,0.1100967161102419,0.1100967161102419,0.1100967161102419,False,0.0726694434833492,5.594555955067998e-05,5.524275277334786e-05,0.0001111149643993,2.0113944150321976,0.4965074249618875,0.0063250416461137,0.4971675333919987,-0.3498254172933389,0.8799488097913185,0.3214222605271503,4234.335978375329,True,body,high
-0.0128348543664267,0.0044784018307084,-0.0036783677123997,0.0018077457397758,0.0003267611655086,0.3950860234680461,0.3950860234680461,0.3950860234680461,False,0.0764299627506906,4.036288196072162e-05,9.276997548570012e-05,3.6290253628493824e-05,2.556333070454498,0.5649143836742385,0.0439002846654364,0.391185331660325,0.7362944904909474,-0.6766342045676661,-0.0060478493497957,10098.830180930763,True,wing_L,high
-0.0124695638248971,0.0046803698536776,-0.0034493900554667,0.0020222715290116,9.87884778630828e-05,0.7765672039776375,0.7765672039776375,0.7765672039776375,False,0.172692181291865,2.2153005157916963e-05,1.9379402993766167e-05,4.6388062170303394e-05,2.393678597076762,0.5224416774171949,0.0597912918622928,0.4177670307205122,-0.8933632129134654,0.1672527705037478,-0.4170475759092131,3157.5151974468376,False,wing_L,high
-0.0126007975693869,0.0026732811496402,-0.0025306776538294,0.0007501321036134,0.000744951289111,0.104863006199976,0.104863006199976,0.104863006199976,False,0.2275062088633542,0.0001267790318023,5.594518607502377e-05,0.0001238730279678,2.266129415180353,0.0229218017612973,0.5357971340147454,0.4412810642239572,-0.1871961706034552,0.7962159059669627,0.5753241041331496,7388.412568429626,True,body,high
-0.0131695714298448,0.0027795855144182,-0.0030232175572118,0.0001376561870816,0.0001318155878715,0.1069834735278203,0.1069834735278203,0.1069834735278203,False,0.118636778502757,0.0001003362930007,6.091016574503537e-05,0.0001717692202473,2.820041911662786,0.4158657013390129,0.2295296398208748,0.3546046588401121,-0.0581852430496192,0.9355144638313032,0.3484640088354694,20624.906863438755,True,body,high
-0.0124002842679766,0.0042598820027533,-0.0034734559862743,0.0016642929210913,0.0002777561533638,0.4517444373175885,0.4517444373175885,0.4517444373175885,False,0.0809942785029214,4.0933885729635865e-05,1.3829363919979718e-05,2.6504422756341834e-05,2.9599254142482567,0.3525065533382088,0.3096470958090709,0.3378463508527203,-0.2086395532725659,-0.0239946851249941,-0.9776982110528672,6104.669139134925,True,wing_L,high
-0.0127904567407912,0.0026254876162768,-0.0026481625581338,0.0005590320893526,0.0005357922506429,0.1053771495800732,0.1053771495800732,0.1053771495800732,False,0.6499517855245862,0.0001170639537247,5.138001733939391e-05,0.0001404472062267,2.7334986148215505,0.1664914036399664,0.4676770592310921,0.3658315371289414,-0.1426862797327315,0.7091416527244138,0.6904771842337152,7202.305052031433,True,body,high
-0.0137394444532203,0.0028717466716151,-0.0027101637821887,0.0007913677617065,0.000777193838218,0.2080648556832847,0.2080648556832847,0.2080648556832847,False,0.1857373349865172,4.804771504637469e-05,0.0001174645351944,5.126030350323033e-05,2.4447475822955416,0.56361038318183,0.0273494331845569,0.4090401836336131,0.7715795989561476,-0.6176206575598042,0.1523471228151864,3408.609613840355,True,body,high
-0.0133330547688366,0.0028784283966444,-0.0031996030828011,0.0003006818571537,0.0002972242806207,0.0964345722886231,0.0964345722886231,0.0964345722886231,False,0.2430988780591791,0.0001037892012779,6.628333749483093e-05,0.0001491153286973,2.2496653658843013,0.3039669215453179,0.2515225236118204,0.4445105548428616,0.0042991275535476,0.9104043388636048,0.4136973015147683,22066.46100488473,True,body,high
-0.0135194035521904,0.002850528588588,-0.0030329312138588,0.0004679313618652,0.0004644375305963,0.0777774459983834,0.0777774459983834,0.0777774459983834,False,0.2065457097695718,0.0001264663925322,5.490686647053258e-05,9.515757259262224e-05,2.3032891997241665,0.247566324244303,0.3182719560203913,0.4341617197353056,-0.0474042486177174,0.5882289261859335,0.807303888019334,10913.02214663854,True,body,high
-0.0125051906638632,0.0025312468699555,-0.0025154252686261,0.0008532577581809,0.0008289325372124,0.1673328897136993,0.1673328897136993,0.1673328897136993,False,0.1415365112750676,0.0001134516708111,4.574878483290446e-05,0.0001293448229879,2.827284341219807,0.1228742813946915,0.5234294223323419,0.3536962962729665,-0.2298063078408029,0.7525702518571764,0.6171118836128536,5507.460766791713,True,body,high
-0.0130334486668717,0.0028965985598835,-0.0029127501123512,0.0002338659165664,0.0002175878157169,0.1052965088694006,0.1052965088694006,0.1052965088694006,False,0.0842890025539608,4.7583369267716667e-05,0.0001031413219749,0.0001143947639593,2.404091297438272,0.0983737506406613,0.485668668602913,0.4159575807564256,0.1552554993498693,0.3639338606945567,0.918394182778603,11687.60485223287,True,body,high
-0.0133363628649812,0.0027901162716376,-0.00328257253433,0.0003219038923295,0.000320962079612,0.1595318929915579,0.1595318929915579,0.1595318929915579,False,0.1162455906728772,5.296096811517488e-05,0.0001014108427694,0.0001304546133578,2.4632218405473854,0.2226350593572204,0.3713925740703166,0.4059723665724629,-0.8951585247700682,0.3699185470470156,-0.2486995860111144,16724.14124318109,True,body,high
-0.0133309187041661,0.0031496488608169,-0.002819023766043,0.0005436201465901,0.0004896243864651,0.0965076466273602,0.0965076466273602,0.0965076466273602,False,0.0942058946840871,6.801607124545463e-05,6.081752708067376e-05,0.0001431839568719,2.354320600408557,0.5249742168650323,0.0502747955989181,0.4247509875360495,-0.3472104305859121,0.896361078115806,0.275647845141977,3802.3070696040113,False,body,high
-0.0129501643417531,0.0025800628403555,-0.002836124584306,0.0003572801757884,0.0002899652983399,0.1323800850001301,0.1323800850001301,0.1323800850001301,False,0.1069060642022033,4.4595607556206485e-05,0.0001030820259986,4.907589894594797e-05,2.311483835458578,0.5239141017018597,0.0434633617872549,0.4326225365108853,0.8368494460710675,-0.5403541529378186,-0.0877518889449108,6446.387307115158,True,body,high
-0.0133240464126886,0.0028758771417008,-0.0032347197543179,0.0003042261292827,0.0002998269714007,0.0920413686012724,0.0920413686012724,0.0920413686012724,False,0.2640695761585285,4.887594621639882e-05,0.0001281350588191,5.6180434644159566e-05,2.621638428273994,0.56155298041072,0.0570061659554822,0.3814408536337977,0.1521504092000318,0.1483446727817961,0.977161251297617,25288.71891766944,True,body,high
-0.0124736018063124,0.0036177333444723,-0.0033513743499413,0.0010547962785488,0.0003652972650764,0.3499707321300258,0.3499707321300258,0.3499707321300258,False,0.0224529969841428,8.215860959897518e-05,3.639235534796754e-05,8.090908331943387e-05,2.2575787912986405,0.0152087077135357,0.5418388673902487,0.4429524248962155,-0.0752259730316653,-0.0953353540550558,-0.9925987221675414,7577.737961834162,True,wing_L,high
-0.0129384743073239,0.0038005205540957,-0.0034749108277486,0.0010931676365708,0.0002216707275027,0.3484044090685777,0.3484044090685777,0.3484044090685777,False,0.0185875204427325,1.853662670540173e-05,4.07256441624094e-05,5.026457299590446e-05,2.711635390556629,0.1897743930754626,0.4414444634557151,0.3687811434688222,-0.1670742752623166,-0.1347510063656982,-0.9766925579879288,8142.272882845366,True,wing_L,high
-0.0133026695306387,0.0014114748893271,-0.0029825453843832,0.0013924037632568,0.0001649421378405,0.5022467971025512,0.5022467971025512,0.5022467971025512,False,0.1131124055119669,2.224934073913968e-05,3.0678712680276054e-05,6.342050549153749e-05,2.8504442551851445,0.5162650874113631,0.1329124054720937,0.3508225071165431,-0.2706681849872341,0.392110240173559,-0.8791975279689715,6711.749591217586,True,wing_R,high
-0.0122746174255573,0.0026667877282434,-0.0026291544949004,0.0009316376826835,0.0009316280238429,0.2572051626431942,0.2572051626431942,0.2572051626431942,False,0.0288481611580886,7.220352403066217e-05,2.71514646812402e-05,3.243001248660151e-05,2.659286520205662,0.550852774542837,0.0731065121297917,0.3760407133273712,0.4743996395938369,-0.8638950745592302,-0.1692048524881585,5539.893654187684,True,body,high
-0.0137808713428872,0.0026846628644559,-0.0036409261329186,0.0008959788821974,0.0008794910090633,0.1924609117964585,0.1924609117964585,0.1924609117964585,False,0.036978089417488,3.527570789248526e-05,8.77568227217004e-05,3.6299668520077125e-05,2.4877409402858537,0.586360725077835,0.0116681597605135,0.4019711151616514,0.6145208241207825,0.610122970168775,-0.5001141049744011,3609.619064784112,True,body,high
-0.0129899632128911,0.003049413989953,-0.0024854727377987,0.0006866576866313,0.0006663863727789,0.1259080458447402,0.1259080458447402,0.1259080458447402,False,0.085560006015292,1.8744062251290283e-05,5.14091314678685e-05,1.8849610616038125e-05,2.742688899484937,0.6333411968296055,0.0020531053868088,0.3646056977835856,0.7144128714048102,-0.4557320143915264,-0.5309638219594396,3512.0376883965328,False,body,high
-0.0136861263414799,0.0027750570975896,-0.0034992124643916,0.0007330651219262,0.0007278980954636,0.2744223242833087,0.2744223242833087,0.2744223242833087,False,0.0146390171239656,3.507262883692695e-05,7.443244914692562e-05,3.655845657714957e-05,2.12223752867244,0.5088371134344222,0.0199620966023792,0.4712007899631985,0.5620875860316241,-0.3883002077659276,-0.7302605660160482,4341.976315664999,True,body,high
-0.0132456278279211,0.0015972690026866,-0.0029416113473444,0.0012058522499958,0.0001295238146299,0.4415714166219872,0.4415714166219872,0.4415714166219872,False,0.0134999652450244,1.9719889678325337e-05,4.8566217937908574e-05,3.5256100327972414e-05,2.462803734205928,0.2740612338179805,0.319897478315276,0.4060412878667435,0.0452101005862833,-0.240695825995052,-0.9695470933139544,5592.950534550848,True,wing_R,high
-0.0135115885012082,0.0007935938119656,-0.0030895430261956,0.0020335927773238,0.0003481585616255,0.3950825681581955,0.3950825681581955,0.3950825681581955,False,0.0519383329317189,3.924188934706489e-05,0.00011131590127,3.732351192811658e-05,2.9824605327725418,0.6474727428936066,0.017233633264074,0.3352936238423193,0.3572588748615827,-0.7238108312754676,-0.5903083743781314,5936.4080586522,True,wing_R,high
-0.012107618057722,0.0044825775603096,-0.0035881551844005,0.0020125023054602,0.0005129785386643,0.460191101981766,0.460191101981766,0.460191101981766,False,0.0467078110012614,3.2926106271095794e-05,7.41535078848618e-05,3.661002317564598e-05,2.2521189500611407,0.5062941158159316,0.049679603967896,0.4440262802161723,0.1874371897819071,0.3835411680586068,0.9043027547734775,5651.166393029498,True,wing_L,high
-0.0130485061033948,0.0007579288229745,-0.0029107076466309,0.0020292825155441,0.0005449278952391,0.4449467667353344,0.4449467667353344,0.4449467667353344,False,0.0341581053910854,4.942534724398907e-05,1.882201909530439e-05,1.901385325100992e-05,2.625932265487895,0.6153015747740181,0.0038812910055752,0.3808171342204066,-0.5179946967066354,-0.0234369122538389,-0.8550626908758248,7597.668802351764,True,wing_R,high
-0.0133365684063359,0.0030223563872692,-0.0025847305428062,0.000641793242096,0.0006377747558271,0.3210910674434069,0.3210910674434069,0.3210910674434069,False,0.0485551050947016,4.368023945850646e-05,8.75102799761414e-05,4.626594630500567e-05,2.0034294926260827,0.4713084415040209,0.0295474639917066,0.4991440945042724,-0.9703261053417188,-0.2366190616938273,-0.0497862323891345,4435.4233077011495,False,body,high
-0.0121634947842572,0.0025377520979177,-0.0027727839719873,0.000991434584111,0.0009892748170609,0.4363103837019542,0.4363103837019542,0.4363103837019542,False,0.0249796637164786,3.172336497902795e-05,2.9399535495544545e-05,7.131531600235543e-05,2.425729345729396,0.5551675746906852,0.0325852792043528,0.4122471461049619,0.1673108261924542,0.9501256144150572,0.2631889136555876,3623.951818060356,True,body,high
-0.0137798163958783,0.0003762244312576,-0.0030417420253701,0.0025063789357256,0.0003891213858538,0.2769774208292881,0.2769774208292881,0.2769774208292881,False,0.0326328283667541,2.62736971243251e-05,3.551862496281525e-05,6.554710943757948e-05,2.4947805833117296,0.4581206514279681,0.1410424947463792,0.4008368538256526,0.3161132379462161,-0.1328496320138262,-0.9393739383594532,6668.455099296543,True,wing_R,high
-0.0135774301286006,0.0024739749881009,-0.0034317031602587,0.0006768282726436,0.0005739605053726,0.2581395591347492,0.2581395591347492,0.2581395591347492,False,0.0361111440736638,3.6700947312985696e-05,1.6300490611592865e-05,2.6812040922249605e-05,2.251524091359807,0.2694455351902362,0.286410871659912,0.4441435931498518,-0.4922164538227928,0.3479851461004636,0.7978905317645733,3315.434131302736,True,body,high
-0.0127349205379274,0.0029784836734373,-0.0025532447092357,0.0006785675037752,0.0006560400541742,0.41251322759309,0.41251322759309,0.41251322759309,False,0.022480837780508,4.4912254158763046e-05,1.7836175697133983e-05,2.017323396950792e-05,2.518042820467384,0.5508300719399135,0.0520360938489643,0.3971338342111221,-0.2676865359330733,0.2730698766837487,-0.924000411757524,3784.0547586339694,False,body,high
-0.0126946328593365,0.0043573114374215,-0.0036706505756382,0.0017163442288636,0.0002632393038337,0.4383920439488493,0.4383920439488493,0.4383920439488493,False,0.0715554416747441,1.884461384215717e-05,2.4721289122669727e-05,5.627899706717975e-05,2.98647653587246,0.5607368572478265,0.1044203981371171,0.3348427446150562,0.9014279975824894,0.1284376178324817,0.4134384397947787,6336.880885357402,True,wing_L,high
-0.013728571514865,0.0011151424285809,-0.0030103141457397,0.0017928553264518,0.000312933987666,0.4002869205453517,0.4002869205453517,0.4002869205453517,False,0.0163986402328707,5.501951052374145e-05,7.329532491539459e-05,3.2489045217141954e-05,2.256001197496636,0.2493448854036607,0.30739293853471,0.4432621760616292,-0.5194480797383882,0.446732035891129,-0.7284258236530796,5161.83224051072,True,wing_R,high
-0.0125476632111349,0.0034236674247268,-0.0042780952766199,0.0014301919979028,0.0010672408890468,0.3626954276900757,0.3626954276900757,0.3626954276900757,False,0.0048724087739508,8.494966067414475e-05,2.996621201822293e-05,4.028762132671916e-05,2.834848149058196,0.5257471188583442,0.1215003006084713,0.3527525805331844,-0.0676881788229869,0.330881919276895,0.941241449333414,1137.9067629024494,False,wing_L,high
-0.0137894671305638,0.0015518720841927,-0.003410111879595,0.0014549589498901,0.0006669267473533,0.3777109768668775,0.3777109768668775,0.3777109768668775,False,0.006509978780407,3.388134717726748e-05,3.56875445398155e-05,7.241391769951798e-05,2.1372797640143344,0.5071728519384741,0.0249426825661172,0.4678844654954086,0.951602381780161,0.3051872394444099,0.0362443908850051,2817.453614442416,False,wing_R,high
-0.0121218349593335,0.0047165503058574,-0.0036877206449623,0.0022317647514498,0.0004635804810775,0.4513128724800873,0.4513128724800873,0.4513128724800873,False,0.038087607054757,9.783261083975532e-05,4.218713476659892e-05,4.578016515844371e-05,2.319015296511982,0.5320561848908518,0.0367263058912941,0.431217509217854,0.0858768914896451,0.2240517147393584,0.9707862734044136,8351.286010757765,True,wing_L,high
-0.0133321248290093,0.0020598996485152,-0.0031794480599197,0.0007687824452109,0.0002178045615048,0.4583888678504489,0.4583888678504489,0.4583888678504489,False,0.0909159849069211,2.648878116609211e-05,6.290788233419477e-05,5.991193722206974e-05,2.374887766248838,0.047624319893797,0.5313031501906055,0.4210725299155974,0.1031186352333509,-0.0281681591282917,0.9942701352645236,4087.481381095275,True,wing_R,high
-0.0131185389948326,0.0017541592776622,-0.0030303091576739,0.0010277000786476,0.0002277856078042,0.4222818677441385,0.4222818677441385,0.4222818677441385,False,0.0556913289803088,2.510759954214967e-05,2.86871810974604e-05,6.395797989859252e-05,2.5473554248474586,0.5514683055508497,0.0559677081888181,0.392563986260332,-0.2209319381289229,0.3147428421045557,-0.9231067230058202,5920.032090536191,True,wing_R,high
-0.0121597694499945,0.0044178068744302,-0.0035573131769218,0.0019256065764558,0.0004757286118892,0.4364034542803008,0.4364034542803008,0.4364034542803008,False,0.052222478042518,4.27471174903824e-05,0.0001007604155359,0.0001003878343006,2.357127718814029,0.0036976945100683,0.5720571566088424,0.4242451488810893,0.0997332751887749,0.3168376234065042,0.9432217099994245,7058.657011604446,True,wing_L,high
-0.0131929772707261,0.0035148975598667,-0.0034885775263429,0.0008384696532273,0.0003982162729882,0.3861629674161896,0.3861629674161896,0.3861629674161896,False,0.0146635376258254,4.760424820416707e-05,0.0001104363628957,0.0001105028400194,2.321281066040192,0.0006015874673063,0.5686018086100709,0.4307966039226227,-0.0015077017290583,-0.4047243939474841,-0.9144374728647868,3080.658788136658,False,wing_L,high
-0.0122718111233069,0.0037436480793242,-0.0033081774865551,0.001265010477682,0.00052330706146,0.3769707418862675,0.3769707418862675,0.3769707418862675,False,0.0314070945639782,7.233316338733602e-05,2.590650262608913e-05,6.909125360821817e-05,2.7920852317013622,0.0448191345062262,0.5970256098282266,0.3581552556655472,0.1180577139323789,0.2036168543155352,0.9719066584912908,4629.65882852757,True,wing_L,high
-0.0130756286628242,0.0009460209950419,-0.002797169381841,0.0018579918768758,0.0004500031487331,0.3376400511849771,0.3376400511849771,0.3376400511849771,False,0.0204574529014368,4.157580436117876e-05,6.214540229712955e-05,2.251586013970117e-05,2.7600723184255105,0.3309914680027888,0.306699184765885,0.3623093472313262,-0.3099220240546644,0.2490669663832501,-0.9175587094363524,8530.036320945925,True,wing_R,high
-0.0129527175782874,0.0040862343988556,-0.0036864555506088,0.0014340633192407,0.0004012056064216,0.3908116538554824,0.3908116538554824,0.3908116538554824,False,0.0138677361865747,9.906761507726252e-05,9.529243082311916e-05,3.302384467894076e-05,2.9998813293970503,0.0381071478424013,0.6285463326801127,0.3333465194774858,-0.0271107151965192,0.4184225210767003,0.9078477862380628,5995.231636724465,True,wing_L,high
-0.0128961853455014,0.0043721154069024,-0.0036439268355981,0.0016897948006398,0.0003391521229302,0.3614162232223401,0.3614162232223401,0.3614162232223401,False,0.0188559600755325,8.117038541342475e-05,2.8803002791984385e-05,7.272625394577834e-05,2.81812233257894,0.1040297076900393,0.5411240926118543,0.3548461996981064,-0.0177524693444307,0.3526558045320871,0.9355847013296024,7857.629262425541,True,wing_L,high
-0.0132388825345844,0.0012741885863391,-0.0029835872112712,0.0015185438964533,0.000252958031722,0.4150649024575386,0.4150649024575386,0.4150649024575386,False,0.0271896311378948,1.8155832795677168e-05,4.074009483388614e-05,4.336351090118862e-05,2.3884066012941747,0.0604982394825086,0.5208125811046799,0.4186891794128114,0.2876507321584889,-0.2181162728996953,0.9325676103023476,8668.77661023001,True,wing_R,high
-0.0127691031395949,0.0046320561666351,-0.0037634306380308,0.0019880841203248,0.0003569614086964,0.4052153525692599,0.4052153525692599,0.4052153525692599,False,0.0448590267416561,0.0001014039763849,0.0001141284998342,4.099674543636187e-05,2.7838429275175347,0.1114929528367066,0.5292913780192945,0.3592156691439989,-0.009321073917529,-0.3656864723045863,-0.9306914212317916,7676.609443013341,True,wing_L,high
-0.013393053310044,0.0009412788901224,-0.0029788158791513,0.0018698863408144,0.0002479772753826,0.3270483074664651,0.3270483074664651,0.3270483074664651,False,0.025055205728817,6.795531971916755e-05,2.937983168123948e-05,7.651045741620833e-05,2.6041829730789154,0.1118165801898398,0.5041858242734287,0.3839975955367314,-0.0298559964873154,0.4933138112217564,0.8693388885421006,7360.716897362215,True,wing_R,high
-0.0131214780113142,0.0025458594643718,-0.0034589808070242,0.0004213796412801,0.0003845025331614,0.1950772959551155,0.1950772959551155,0.1950772959551155,False,0.0432084514545875,5.965173303584044e-05,1.99108085275893e-05,2.1484210137369483e-05,2.995947299336657,0.6398392964633373,0.0263764609962771,0.3337842425403856,0.370553368093771,-0.9269786165877378,0.0583167710306863,5036.04346375621,True,body,high
-0.014059191387927,0.0029418690670972,-0.0028682234598323,0.0010376625751848,0.0010290633847189,0.4420161847785158,0.4420161847785158,0.4420161847785158,False,0.0546213591313081,2.4733575301179795e-05,4.269134411900592e-05,6.312639781779211e-05,2.552255266337535,0.3237164546877819,0.284473206750358,0.3918103385618601,-0.4127331943216383,0.9067283319387428,-0.0865739127257305,2725.0064465343658,False,body,high
-0.0124839914059592,0.0034209891463871,-0.0032225059470136,0.0008736044505518,0.000400149519117,0.4394610251794369,0.4394610251794369,0.4394610251794369,False,0.00435047311417,0.0001031809207745,0.0001055227216261,3.605557015641061e-05,2.926669060241094,0.022192384876891,0.6361222453677661,0.3416853697553428,-0.1640737518885255,-0.2089263068694831,-0.964069293276734,3904.6379788511767,True,wing_L,high
-0.0133523890184427,0.0025532859841473,-0.0024009858364687,0.0007988424134007,0.0006845819708333,0.3721432704852188,0.3721432704852188,0.3721432704852188,False,0.0895939592196331,5.2763549554194485e-05,0.0001129155862162,0.0001206282443836,2.2862041201331387,0.0639374153770382,0.4986563219040563,0.4374062627189055,-0.6423739855357447,0.7379336869564964,-0.2069046552441844,2888.4447034395125,False,body,high
-0.0134652762399488,0.0018080012101431,-0.0031626873833215,0.0010502328888343,0.0002767034822798,0.3143505565975855,0.3143505565975855,0.3143505565975855,False,0.0883781866206454,6.345995234891673e-05,2.7656393589619142e-05,5.9657706609120894e-05,2.29458523372825,0.0599156727835258,0.5042757177558457,0.4358086094606284,-0.4135080551447256,0.027217555693652,-0.9100935627684054,6962.59092122996,True,wing_R,high
-0.0120942511971068,0.0042948620497587,-0.0034710747520515,0.0018365699540876,0.0005582549926933,0.3791970627574895,0.3791970627574895,0.3791970627574895,False,0.0407798688011466,1.7493711827972363e-05,3.950002453165497e-05,1.867216131356151e-05,2.257955596850213,0.5272873489332188,0.0298341456634982,0.4428785054032829,-0.0300582102611135,-0.2299720937009197,-0.9727329233220772,5414.739943732039,True,wing_L,high
-0.0121984457405628,0.0038929014524028,-0.0037959893258405,0.0015692288234278,0.0007104236127906,0.4123407059058807,0.4123407059058807,0.4123407059058807,False,0.0079727022964673,3.071155716469781e-05,6.957804674272025e-05,6.525396710431417e-05,2.2655330164339085,0.0621471834987735,0.4964555855864181,0.4413972309148082,0.0190317587734438,0.4261625325807189,0.9044463986231452,2038.025669725736,False,wing_L,high
-0.0129042767171833,0.0044410715234377,-0.0036817612712821,0.001766122868711,0.000375113263722,0.3852350780044992,0.3852350780044992,0.3852350780044992,False,0.0258525246233308,5.938535267298418e-05,5.942614336139576e-05,2.5625886786046883e-05,2.3189887576399064,0.0006864098207334,0.5680911460404148,0.4312224441388518,-0.0037283935571644,-0.3299653536059047,-0.9439856802416092,8354.614669079461,True,wing_L,high
-0.0134521918548008,0.0029223072481463,-0.0038381342468507,0.0008365136626016,0.0008186631340958,0.2374090619784237,0.2374090619784237,0.2374090619784237,False,0.0411323003928607,2.1105187759982203e-05,5.561367325911541e-05,2.3831731220348583e-05,2.6350712389569524,0.5714771238124893,0.049026494755397,0.3794963814321137,0.1329060425313237,0.9718128316729282,0.1947198090963193,2621.2577533763865,False,body,high
-0.0133583014672385,0.0026733102475965,-0.003695638059863,0.0006622893155106,0.0006588498444781,0.3102380653090419,0.3102380653090419,0.3102380653090419,False,0.0288011011351906,2.9791625137291104e-05,6.719468877408613e-05,5.119034705334231e-05,2.255489200888757,0.2381786717481747,0.3184585315663177,0.4433627966855075,-0.0620143391527132,-0.4561915929571785,-0.8877181153128757,3312.535197679151,False,body,high
-0.0134029008430432,0.0028706889305477,-0.0032624570982619,0.0003826140275879,0.0003812711618518,0.1577106840808425,0.1577106840808425,0.1577106840808425,False,0.2213490237548604,5.794428301973108e-05,5.925094195052934e-05,0.0001128046716488,1.9467782802731632,0.4747474454339007,0.011583376040189,0.5136691785259102,-0.7656089344214316,-0.138465009646547,-0.6282279846024542,16601.50866508056,True,body,high
-0.0126875982203113,0.0031701672806363,-0.0030476478512697,0.0005478793226722,0.0003036579491943,0.4052498972606854,0.4052498972606854,0.4052498972606854,False,0.0314777852438144,2.7034728820655058e-05,7.815211920909585e-05,2.7346989186651493e-05,2.8908046286518,0.6500800046959101,0.0039955457274419,0.345924449576648,0.1550554603381637,0.1475378538776953,0.9768266918407196,6324.847290563263,True,body,high
-0.0131512708673398,0.0015114318836519,-0.002847275750972,0.0012959890836086,0.0002372294490202,0.4531586468783533,0.4531586468783533,0.4531586468783533,False,0.0122822616633375,2.5177494788451973e-05,7.125053040633029e-05,4.756726243619838e-05,2.8299293080982144,0.3323942689979998,0.3142400136540902,0.3533657173479099,-0.0990697256990826,0.2097710661691418,0.9727185046292528,5258.402493671492,True,wing_R,high
-0.0135208091162348,0.0009452237276833,-0.0030769604762163,0.0018883843879764,0.0003041775196363,0.2767961978143529,0.2767961978143529,0.2767961978143529,False,0.0645445738782222,7.991462262366382e-05,7.457924731190872e-05,3.5501286117681106e-05,2.2510345782617445,0.0667634424913772,0.4889963802776702,0.4442401772309526,0.5199076628694553,-0.0358346123249125,0.8534705048501348,6985.27973359811,True,wing_R,high
-0.0136122162925671,0.0009501500039129,-0.0031177735508612,0.0019075339990754,0.0003540533463441,0.3807739030759279,0.3807739030759279,0.3807739030759279,False,0.0337823378926443,6.443692883128027e-05,3.347451622452587e-05,7.565053269201717e-05,2.259944017849317,0.1482290138839986,0.4092821491793887,0.4424888369366127,-0.7143021970699313,0.4320456070869539,-0.5505533258985316,5840.190291788279,True,wing_R,high
-0.0138720804806601,0.0031630429693607,-0.0035648475556712,0.0010037039601423,0.0009725320823722,0.1938902498975543,0.1938902498975543,0.1938902498975543,False,0.0308769663829377,3.817423097251292e-05,3.620331608632778e-05,4.689084621686216e-05,1.2952085965012066,0.1858916173966318,0.042031975219001,0.7720764073843671,-0.0457393952611113,0.9540925958845684,0.2959986929014949,3989.807476401456,True,body,high
-0.0127042139190045,0.0026623998161822,-0.0032628333195021,0.0004068312953077,0.0004067726908694,0.2487012835965645,0.2487012835965645,0.2487012835965645,False,0.0295826727034039,7.959372798972495e-05,3.540637754975013e-05,3.470463956680627e-05,2.293460729840095,0.5551612112662838,0.0088164984938819,0.4360222902398343,0.8108581650859698,0.5730768808352019,0.1187094131297508,4843.229722430078,True,body,high
-0.013332968230303,0.0030596284183404,-0.0026158432257668,0.0006307160847379,0.000620391935542,0.2720296693357046,0.2720296693357046,0.2720296693357046,False,0.0562644816843561,2.824221210637811e-05,6.785526625743809e-05,4.563775197443372e-05,2.402618675968159,0.3274250549502331,0.256362414113271,0.4162125309364958,-0.6937590959715969,0.6442632950890987,-0.3219054571727698,4436.526833224696,False,body,high
-0.0134033339550047,0.0027995224179838,-0.0030440557753292,0.0003467088459755,0.000338524001798,0.1440511968964811,0.1440511968964811,0.1440511968964811,False,0.0723914027764919,3.913440544389061e-05,4.2973399457328784e-05,7.323781989335199e-05,1.871443275108843,0.4132348625354206,0.0524181907521068,0.5343469467124725,-0.2152175775789806,0.6388294487680436,0.7386327434440968,12999.628855141656,True,body,high
-0.0126521294900995,0.0039760835058564,-0.0035007525546469,0.0013260751543867,0.0001843413436398,0.377993051212633,0.377993051212633,0.377993051212633,False,0.1233532227341521,2.781942253102118e-05,6.494126106143748e-05,7.771902764710605e-05,2.7936966542149566,0.1644097587490128,0.4776415718808671,0.35794866937012,-0.1967235071923796,-0.2280987215375522,-0.9535569384944268,6915.492409890873,True,wing_L,high
-0.0126320814313528,0.004251703413206,-0.0036447645442501,0.0016263719154909,0.0002543942861675,0.3203129585677198,0.3203129585677198,0.3203129585677198,False,0.0163962791856123,1.851187649880366e-05,5.311356871677365e-05,2.471400519387808e-05,2.86916179028129,0.5346950733876557,0.1167710783688262,0.3485338482435182,-0.1027792808398246,-0.8520713366344264,-0.5132356736588666,6104.593769057601,True,wing_L,high
-0.0138787055127422,0.0007572976638294,-0.0026334316169198,0.0022298664720692,0.0002921195870112,0.3343020200994318,0.3343020200994318,0.3343020200994318,False,0.0246973449212288,4.056826269958709e-05,1.938712985882783e-05,4.388399803571294e-05,2.263563423532266,0.0755568199011287,0.4826618765118434,0.4417813035870278,-0.6442393293697126,0.1542488689094814,-0.7491081183203186,2059.230551170112,False,wing_R,high
-0.0132027542297227,0.0005010111863302,-0.0029471826694491,0.0022863209951171,0.0004995486470937,0.3196708930594329,0.3196708930594329,0.3196708930594329,False,0.0193105287043052,6.234170591538428e-05,7.771554414907005e-05,2.8670333378315125e-05,2.710660637376836,0.1978219209814248,0.4332643219029956,0.3689137571155795,-0.0189538561214533,0.3233645350316584,0.9460846308982546,5628.844742070139,True,wing_R,high
-0.0132290800962494,0.0029738446136058,-0.0023636177179607,0.0007907359897715,0.000790635297798,0.7237200137074067,0.7237200137074067,0.7237200137074067,False,0.0183553615797601,1.66820811752156e-05,1.8814194488939988e-05,4.5716423238915405e-05,2.7404508321681007,0.5884587385453048,0.0466377980311779,0.3649034634235172,-0.3233460528523371,-0.7103500364654366,0.6251800986902627,3278.77467143218,False,body,high
-0.0129317826174632,0.004504126060776,-0.00400934316089,0.0019508686206321,0.0006550161723225,0.4315166793374375,0.4315166793374375,0.4315166793374375,False,0.0245586505908494,3.2996770949302845e-05,6.179429576006019e-05,2.6348848767027865e-05,2.345237027485909,0.4660223804892067,0.1075814862926517,0.4263961332181415,-0.0828932195321791,-0.4475230565999489,-0.8904222750847093,3077.4535494940023,False,wing_L,high
-0.0138291820967063,0.0018303163974536,-0.0027756036747443,0.0012629072628214,0.0005191632310638,0.3439858328140033,0.3439858328140033,0.3439858328140033,False,0.0070673579012536,3.663992179501776e-05,2.024952461917464e-05,5.557428047968341e-05,2.7444733407252007,0.3407036226332717,0.2949277441717855,0.3643686331949428,0.4064245954861938,-0.407963135889531,0.8175482419643894,1915.7633904246925,False,wing_R,high
-0.0137177727691771,0.0013654461437829,-0.0030972687309475,0.0015558513904416,0.0003798141870524,0.3758046714931276,0.3758046714931276,0.3758046714931276,False,0.0327825805966224,1.7953520108284206e-05,2.4351742358342907e-05,4.6625034932674193e-05,2.5969856970366623,0.4777110109728296,0.1372271840503204,0.3850618049768499,-0.7316922978913276,-0.0718347509509681,-0.6778393244437217,10026.415371369289,True,wing_R,high
-0.012857177006118,0.0027623293757105,-0.0028349287712212,0.0003456641940977,0.0003454433205207,0.195150908346968,0.195150908346968,0.195150908346968,False,0.1150205685623329,7.661472392868129e-05,0.000172105937572,0.0001150753536095,2.2463820104895262,0.3313690670238564,0.2234706729088532,0.4451602600672903,0.8883529739347981,-0.4273178499456543,-0.1680132400110869,8216.76408035821,True,body,high
-0.0129023340383344,0.0011847834613647,-0.0029726741758834,0.0016066029384985,0.0005728386049907,0.3139339521588168,0.3139339521588168,0.3139339521588168,False,0.0181924049486861,6.0646204506168336e-05,6.170025357467492e-05,2.3497073954200405e-05,2.6258696591302684,0.017083383089032,0.6020904031943219,0.380826213716646,-0.0475375866741881,-0.2275787880895532,-0.972598618683414,4383.403201064631,True,wing_R,high
-0.0127113678509395,0.0040987157663894,-0.0035767795365716,0.0014447284166179,0.0002134059266882,0.3071059572392612,0.3071059572392612,0.3071059572392612,False,0.0652374345966951,2.021442753965018e-05,4.627799335518826e-05,2.41165616984512e-05,2.289354633685022,0.4788762444094289,0.0843194329722066,0.4368043226183644,-0.1722771773138063,-0.3440599714991836,-0.9230077519656964,7351.948980669381,True,wing_L,high
-0.0127721674701534,0.0038210821910602,-0.0034999801723097,0.0011514225457757,0.0001894598660174,0.2414288568036774,0.2414288568036774,0.2414288568036774,False,0.0215955715181623,6.267487968759366e-05,6.151306764851767e-05,5.538840385012125e-05,1.1315523707306914,0.0185371243609418,0.0977211895567272,0.8837416860823308,0.0329618939798262,-0.9991016315925384,-0.0266353767457927,9763.35961143564,True,wing_L,high
-0.0134983043932511,0.0025430301295016,-0.0030100885127854,0.0005037386782591,0.0003635190664675,0.2427360232192547,0.2427360232192547,0.2427360232192547,False,0.0224071074498232,6.303086935729699e-05,0.0001053554994085,0.0001478764727584,2.346096036216,0.287543870615231,0.2862161185057207,0.4262400108790483,0.7734258971569814,-0.6338400953929526,0.0076886331146271,3760.421850642596,False,body,high
-0.013281939042917,0.0030552379721132,-0.0025889422076205,0.000630781299045,0.000619777587049,0.2474068791283185,0.2474068791283185,0.2474068791283185,False,0.0187560459861473,7.314463611250492e-05,0.0001417435388311,0.0001049892536192,1.9378528127899013,0.259301309357522,0.2246636267821257,0.5160350638603522,-0.0773203749626472,0.094045636137429,0.9925608182570688,4426.41469129178,False,body,high
-0.0134081707773298,0.0028212458465256,-0.0030963155334258,0.0003473278006045,0.0003442600962797,0.183187801750546,0.183187801750546,0.183187801750546,False,0.0327019686326619,5.941769965651415e-05,0.000133421463493,7.784075155914338e-05,2.2454834883263173,0.4165799900463015,0.138081620605151,0.4453383893485474,0.8731797633278128,-0.4474670392724844,-0.193210635523777,14378.050483969217,True,body,high
-0.013039306653873,0.0033558364525381,-0.0034018608984514,0.0006478763750797,0.0002210639765092,0.4077856911511494,0.4077856911511494,0.4077856911511494,False,0.01044473127785,3.7805088822510126e-05,8.460903213989959e-05,8.949373045223982e-05,2.367240317101251,0.0545814582502743,0.5229857229201922,0.4224328188295334,-0.2664252047518474,-0.8385661148002961,-0.4752099340098785,3618.46713219153,True,wing_L,high
-0.0124336889958793,0.0031787155019979,-0.0028094002285983,0.0008060754179548,0.0006442240372363,0.4565531945587169,0.4565531945587169,0.4565531945587169,False,0.0075608183701944,5.848000309706402e-05,8.582316154003052e-05,3.400973831155836e-05,2.523487853796956,0.318598825215881,0.2851242525491441,0.3962769222349748,-0.2169314879841658,-0.2630654782676703,-0.9400730203897876,4244.450763057385,True,body,high
-0.0135380817118491,0.0026104462012338,-0.0030807469873267,0.0005035079177214,0.0004172950383453,0.2799020253522777,0.2799020253522777,0.2799020253522777,False,0.0362410517067966,5.904550370763357e-05,2.594311860637097e-05,3.9251957689625215e-05,2.275960134304497,0.3352252885506231,0.2253997044237873,0.4393750070255895,-0.321906010219889,-0.3105696799321178,-0.8943841425758702,4586.4193045347865,False,body,high
-0.0136313551610409,0.0013826702073433,-0.0031636191109524,0.0015064267508007,0.0003746251493137,0.5620382388089628,0.5620382388089628,0.5620382388089628,False,0.019299257766893,7.264854611375399e-05,2.79152301907214e-05,7.469804831145283e-05,2.6758886744298223,0.0274371585875103,0.5988552168929159,0.3737076245195738,0.3357633077480429,-0.2480742708883738,0.9086925537789416,10663.44700068048,True,wing_R,high
-0.0130524067023949,0.0027519804115892,-0.0021574779504154,0.0009544298041176,0.0009349779188238,0.3584997651598011,0.3584997651598011,0.3584997651598011,False,0.0652691806901786,5.656056378068728e-05,0.0001057162677326,0.000143683784097,2.5403527562802424,0.2642435721118771,0.3421103102267835,0.3936461176613393,-0.8805889691714057,0.3757431670555484,-0.2887561943659518,2822.121072629727,False,body,high
-0.0131702550055789,0.0013023251003424,-0.0029412993952985,0.001488455384976,0.0002841008521674,0.2915981230901758,0.2915981230901758,0.2915981230901758,False,0.0671087037458238,3.072775815565349e-05,7.148275274042498e-05,5.703255854850201e-05,2.326325024374521,0.2021493806260637,0.3679880724287302,0.429862546945206,-0.6501920118822031,0.1858663793733319,-0.7366844892511462,7588.946374629728,True,wing_R,high
-0.0128671190074877,0.0024472890305882,-0.002736122520812,0.000537125464752,0.0004218726767377,0.1521755971693057,0.1521755971693057,0.1521755971693057,False,0.0679422470057898,3.830613806389791e-05,8.738843521641119e-05,8.973850087966461e-05,2.3426663562370376,0.0261879309350704,0.5469480398199486,0.426864029244981,0.8260185435358829,-0.551895064494171,-0.1144779608563741,5367.492594500503,True,body,high
-0.0125865105620336,0.002653065485928,-0.0026283501163298,0.0006905256520354,0.0006851172786431,0.1237161855941444,0.1237161855941444,0.1237161855941444,False,0.1756550244645515,0.0001205913221766,5.341759402253896e-05,0.0001294712597247,2.423756855656353,0.0685861678261762,0.5188311930917363,0.4125826390820873,-0.2299075792251189,0.6594830753856045,0.7156986644494949,8495.989492812727,True,body,high
-0.0136514949962611,0.0029951662260755,-0.0032628551200037,0.0006446624486803,0.0006384865160103,0.1808027804315168,0.1808027804315168,0.1808027804315168,False,0.1574999860692967,5.166362405761171e-05,0.000110401560014,4.394325723454472e-05,2.512366332445791,0.5320390033345079,0.0699298707561987,0.3980311259092933,0.2411184066225036,0.4851582980011056,0.8405256330823561,6312.056673374117,True,body,high
-0.0130578521113812,0.0028218023354321,-0.0026688604111823,0.00044492842618,0.0004435381169865,0.1039905530733331,0.1039905530733331,0.1039905530733331,False,0.0705752647805385,0.0001220455743968,6.470461447579309e-05,0.0001475206698307,2.27990957099266,0.1726883118354658,0.3886978007003021,0.4386138874642321,-0.0408486985492319,0.9110675562523912,0.410228341014038,6387.931450280479,True,body,high
-0.0124919258165634,0.0029501818361509,-0.0028591365108484,0.0006487403197943,0.000593767452554,0.203889967047513,0.203889967047513,0.203889967047513,False,0.0168639879565891,5.1079112128833e-05,0.0001125088953323,9.598986888347314e-05,2.202639995945752,0.1468241813244447,0.399175164078966,0.4540006545965892,-0.1646464587060085,0.1590904248920865,0.9734381235308314,6934.329925296053,True,body,high
-0.0127094901886084,0.0030403120526324,-0.0028624914972226,0.0005068570740229,0.0004129797143899,0.1897314355986056,0.1897314355986056,0.1897314355986056,False,0.0138717797563149,7.163985537846189e-05,6.442826470380594e-05,8.938753540780218e-05,1.3873962897920769,0.1985475933347098,0.0806778108575805,0.7207745958077095,0.6082449428553147,0.4535479793988325,0.6514079519580424,7182.797746532763,True,body,high
-0.0136853296223235,0.0026134177807026,-0.0030132624254721,0.0006500350569024,0.000561519032021,0.1470565262009426,0.1470565262009426,0.1470565262009426,False,0.087427489116932,5.180878073447705e-05,0.0001201981304825,0.0001027468547728,2.320033955219641,0.1451875802031245,0.4237842455108106,0.4310281742860649,0.0262993110714624,0.4168327565788919,0.9086026630381452,4073.771836967832,False,body,high
-0.0125638305705424,0.0026347417011969,-0.0024219609366767,0.0008636637558228,0.000853050202867,0.1399867772909678,0.1399867772909678,0.1399867772909678,False,0.0525070596171777,0.0001423822664256,6.45236342138633e-05,0.0001785810699932,2.7676846192718445,0.2027023556804477,0.4359848007112758,0.3613128436082763,-0.3318677486206184,0.8181730139889979,0.4695281851024931,6545.768441635397,True,body,high
-0.0138004578214549,0.0031078152037197,-0.0032648283822357,0.0008217142914197,0.0008060419510721,0.1295398707454611,0.1295398707454611,0.1295398707454611,False,0.0529580916783989,4.415447442149096e-05,0.000110571360673,0.0001267407708575,2.8703947338992872,0.1275786005960954,0.5240372596930747,0.34838413971083,-0.9065531195660944,0.4121719642406078,-0.090970947554821,6480.608916971534,True,body,high
-0.0125633187004156,0.0023222320860233,-0.0030359707327661,0.0006807052581437,0.0005993860502201,0.1584370894149704,0.1584370894149704,0.1584370894149704,False,0.0315141051464974,7.368500038668955e-05,6.639576172678467e-05,0.0001799069632765,2.7096151711744,0.5904271905617604,0.0405167122336389,0.3690560972046006,-0.4648835671556096,0.842224432366938,0.2730224798672536,2887.059530534639,False,body,high
-0.0132021612097001,0.0030417752663386,-0.0033225987864834,0.0003655922867695,0.0002615612797851,0.2350429061467537,0.2350429061467537,0.2350429061467537,False,0.0311389461682877,5.093391108063027e-05,3.386878022968378e-05,9.22904603348238e-05,2.724941958610521,0.4481129371784977,0.1849067692265842,0.366980293594918,0.193149284142851,0.5933938865324164,0.781394298328992,5442.720783825911,True,body,high
-0.0128815718026377,0.0029390095009867,-0.002950770013052,0.0002920511905014,0.0002370859752193,0.1488145138705968,0.1488145138705968,0.1488145138705968,False,0.114704941643031,4.6715475615122464e-05,0.0001166308645297,0.000132318544986,2.832434931759072,0.1185599528613225,0.5283869235567867,0.3530531235818907,-0.1314547399725794,0.2787175631084289,0.9513338905734624,8446.781408888432,True,body,high
-0.0136310427425568,0.0026146604647027,-0.002300744737155,0.0010026489967684,0.0009008323186289,0.2797656793299999,0.2797656793299999,0.2797656793299999,False,0.0266872640906627,2.1763387730212223e-05,6.376838378057285e-05,4.283673525387029e-05,2.9300761706344427,0.3282449277486538,0.3304670163222499,0.3412880559290963,0.2479849370280255,-0.7135998572697134,-0.655193646727325,2594.042398698856,False,body,high
-0.0130779796003101,0.0029102981351487,-0.0030368253577916,0.0001532638099247,0.0001068072658035,0.1026256132044883,0.1026256132044883,0.1026256132044883,False,0.2670949525731494,7.051976633451114e-05,7.372548788550208e-05,0.0001744336802321,2.473543083008732,0.5773437343786233,0.0183778817641468,0.4042783838572299,0.654789008437888,0.0292886316066647,0.7552440204910836,8685.169252198355,True,body,high
-0.0136071259746347,0.0028935058660806,-0.0036495896920885,0.0007733490251667,0.00076995614733,0.3751941997912115,0.3751941997912115,0.3751941997912115,False,0.0063373631249329,2.651425717285333e-05,1.074297074079409e-05,1.1318792203395835e-05,2.46805635169155,0.5731054379684979,0.0217174276785435,0.4051771343529586,-0.6304718873190547,0.6685278931269587,0.3944307992684889,3430.321398622097,False,body,high
-0.013077777786463,0.0008877992131733,-0.0029560489477324,0.0018958286742533,0.0004943684433298,0.3692304863166084,0.3692304863166084,0.3692304863166084,False,0.0152230807044677,6.086644083581814e-05,2.210109426416845e-05,5.8291689840247705e-05,2.75400123216968,0.0423016519483306,0.5945903042647129,0.3631080437869564,-0.0971084221475918,0.3978262912606313,0.91230707348448,7108.187160983865,True,wing_R,high
-0.0137653383128109,0.0013384167934447,-0.0030770974055543,0.0016009874306675,0.0004011765452332,0.3404124371187843,0.3404124371187843,0.3404124371187843,False,0.0116532193806374,6.075984433975352e-05,5.813796063282208e-05,2.3065926822228184e-05,2.634181787189251,0.0431515869637607,0.5772238917282284,0.3796245213080109,0.1785351211611509,0.0040710081105294,0.9839251177833288,7592.165332038934,True,wing_R,high
-0.0133972991783557,0.0008737561928229,-0.0029376299647557,0.001940207334534,0.0002337149893397,0.3000753348792728,0.3000753348792728,0.3000753348792728,False,0.0144516960288157,2.543007784601965e-05,6.766947458100257e-05,5.901673621562212e-05,2.66100147198701,0.1278676747374895,0.4963339611776967,0.3757983640848138,-0.8068069242836193,0.3993517561556377,-0.435408729567305,6396.351564629358,True,wing_R,high
-0.0132177196988224,0.0004694575651446,-0.0029134585732221,0.0023213144844039,0.0004813396119082,0.3295417464882501,0.3295417464882501,0.3295417464882501,False,0.0160756166971334,7.027827213297797e-05,5.766919082529928e-05,2.768201576275748e-05,2.538770035220057,0.1794164956676831,0.4266919796463004,0.3938915246860164,-0.0393070929744047,0.3812641785657112,0.9236301091803552,5314.5322061909965,True,wing_R,high
-0.0131374839388543,0.0025393286549552,-0.0034991011084889,0.0004606659432555,0.0004259660678114,0.1489802006018245,0.1489802006018245,0.1489802006018245,False,0.0161129555865483,3.861817627227004e-05,8.671374813545698e-05,4.440755612673129e-05,2.245412821260599,0.4878833278275376,0.066764267246499,0.4453524049259633,0.8654461594972875,-0.4708584754346888,0.1711585262927791,4419.1700423825005,True,body,high
-0.0132423286336681,0.0028367637219714,-0.0033044303428534,0.0002693997621084,0.0002652646593596,0.1544111406072091,0.1544111406072091,0.1544111406072091,False,0.0114909340294482,5.670244274917704e-05,6.0376304500718645e-05,8.573996314328796e-05,1.5121035177013138,0.2958207318118596,0.0428488841941986,0.6613303839939418,0.7344951304806384,-0.6618422865771239,-0.1499389575747223,16760.525918470947,True,body,high
-0.0121716661018891,0.0028100930357443,-0.0026275017693239,0.001015662514313,0.0010020201641941,0.2035567440274735,0.2035567440274735,0.2035567440274735,False,0.0289638545484133,6.195798853789891e-05,5.092584837462028e-05,0.0001489955670319,2.9257355898303428,0.5841622017880499,0.074043412049396,0.341794386162554,-0.3925351036360729,0.7065650077328773,0.5887971486521113,4810.236647594732,True,body,high
-0.0130803501050809,0.0024051761293122,-0.0030128166051129,0.0003852322388351,8.417346310485326e-05,0.0863377365513323,0.0863377365513323,0.0863377365513323,False,0.1103651833680546,0.0002090600679029,9.35353043495399e-05,9.6350078472519e-05,2.2350926140321072,0.5391272975321673,0.013463949147316,0.4474087533205167,0.0208377996490766,0.5624807755248771,0.8265477380470638,3897.072481088481,False,body,high
-0.0130378280373185,0.0009342554540728,-0.0027657059693004,0.0018752813699226,0.0004899936886292,0.258114354709124,0.258114354709124,0.258114354709124,False,0.0180950482155594,2.239488646018412e-05,5.194612101263853e-05,4.205930808763385e-05,2.319552774022479,0.1903282234028449,0.3785541873793687,0.4311175892177863,-0.3155723144755622,-0.1984344339521642,-0.9279212734702342,6866.898879686335,True,wing_R,high
-0.012508368024371,0.0026734124003164,-0.0023357179207136,0.0009598557870997,0.0009546494449261,0.1358120567967947,0.1358120567967947,0.1358120567967947,False,0.0570485635523347,3.940990745623566e-05,0.0001110486485492,4.789692327375772e-05,2.817785062616032,0.5686852213018089,0.0764261062912191,0.354888672406972,0.8414238685923079,-0.5148203065896074,-0.1642130484649045,5767.592725521277,True,body,high
-0.0135979596502228,0.0019031805883951,-0.0026849535564965,0.0011094930527952,0.0003843502410455,0.2863327016744202,0.2863327016744202,0.2863327016744202,False,0.0074140525240067,2.0548410086136087e-05,5.274131313612911e-05,5.036361040639342e-05,2.566685836765221,0.0450823574225137,0.5653101628945446,0.3896074796829417,-0.453059962562893,0.3708304592274897,-0.8106919518729905,1991.8320098629065,False,wing_R,high
-0.012635263516572,0.0029758692449783,-0.0026377428587694,0.0006691207379217,0.0006350788672554,0.1776930351943455,0.1776930351943455,0.1776930351943455,False,0.0080218495998011,2.9618676839308924e-05,7.498375747362684e-05,3.540114418285609e-05,2.531637651487216,0.5278824991491348,0.0771162654202941,0.3950012354305711,0.8461646367761776,-0.5214007163196489,0.1102120705313009,4324.950904679889,False,body,high
-0.0129518548391901,0.002822925099744,-0.0027181453267058,0.0004115768658933,0.0004115756482908,0.0608807958734568,0.0608807958734568,0.0608807958734568,False,0.4120954865658768,5.2706468113095073e-05,0.000129878372938,8.307785337589576e-05,2.464182814515114,0.3603411291924261,0.2338448240130086,0.4058140467945652,-0.0143996207868486,0.1615957985165348,0.9867519692521514,6919.082535275185,True,body,high
-0.0136010958365396,0.0028235935246566,-0.0025363651400797,0.0007883073440485,0.000764631724607,0.206755167143729,0.206755167143729,0.206755167143729,False,0.0905095346863071,7.285314941255472e-05,6.703966164578481e-05,0.0001572764596937,2.34602108412692,0.5367828754893338,0.0369634958600296,0.4262536286506365,0.2811609067085824,0.198840541744255,0.938834907477166,3462.604751393511,False,body,high
-0.0133545549054332,0.0009442655443392,-0.0029621459865055,0.0018618173428369,0.0002571946771314,0.2963397329839165,0.2963397329839165,0.2963397329839165,False,0.0341342723396279,2.122646072843541e-05,4.768994766942556e-05,3.079784587674048e-05,2.2467215933713858,0.3542067588284385,0.2007002652771071,0.4450929758944542,-0.7099785382175847,0.1091524554151762,-0.6957127401070495,6997.771625569244,True,wing_R,high
-0.0133772590608475,0.0026802689260352,-0.0032445830480048,0.0003539013326025,0.0003223250023948,0.2599191193714995,0.2599191193714995,0.2599191193714995,False,0.0161331593422214,2.5689114389928693e-05,6.119564036804094e-05,2.2919582516598924e-05,2.670015491064096,0.5802133250762634,0.0452570127001422,0.3745296622235942,0.5925336713305451,-0.8019799007175981,-0.0757105487005391,6373.613478700109,True,body,high
-0.0130844336422777,0.001023376608635,-0.002877650430822,0.001769457143241,0.0004284171837181,0.3280625039606997,0.3280625039606997,0.3280625039606997,False,0.0094449761518293,2.4142680088572816e-05,6.122570351598296e-05,3.211641652857051e-05,2.535994483270407,0.475442262248787,0.1302351133934483,0.3943226243577646,-0.7173858160332336,0.1387549954847987,-0.682718567333821,10517.603706560549,True,wing_R,high
-0.0137558497064765,0.0028172538440742,-0.0029127598309257,0.0007209603945278,0.0007009125681748,0.2207679534549987,0.2207679534549987,0.2207679534549987,False,0.0708224931068923,2.3553925901799404e-05,4.754544751163273e-05,5.514100919374229e-05,2.341053861833274,0.1377479627806946,0.4350939883152523,0.427158048904053,0.2924687950551257,0.2727729671949692,0.9165461866630916,4362.294819462626,True,body,high
-0.0131993383580253,0.001243485147835,-0.0029447873700343,0.0015486691294154,0.0002769753450096,0.3405183831400411,0.3405183831400411,0.3405183831400411,False,0.022286954415792,5.3252793483264206e-05,1.965353990090233e-05,3.821404323989002e-05,2.7095777021227243,0.2824030301452717,0.3485357692046843,0.369061200650044,-0.7011399657785528,0.1995953355597923,-0.6845176772084297,7831.91699762886,True,wing_R,high
-0.0136051619888467,0.0028936090324383,-0.00303692378228,0.0005585603604024,0.000557360458562,0.1892340391217256,0.1892340391217256,0.1892340391217256,False,0.0102415473918521,4.866557538102978e-05,4.105613848752984e-05,9.770887945405296e-05,2.379884788330264,0.5019329291979602,0.0778786629835237,0.4201884078185162,-0.4963946466788946,0.7212810018444562,0.4830590762285632,6410.028510909189,True,body,high
