x,y,z,dist_to_centroid,dist_to_principal_axis,R,G,B,color_oob,opacity,scale_phys_0,scale_phys_1,scale_phys_2,scale_ratio,linearity,planarity,sphericity,orientation_x,orientation_y,orientation_z,local_density,if_keep,part_label,confidence
-0.0121433060529894,0.0016379585893011,-0.0039663855254001,0.0008963903416763,0.0007679135467392,0.407434972997779,0.407434972997779,0.407434972997779,False,0.2753858708288977,6.124053621515766e-05,4.896893174299277e-05,0.0001201343558846,2.4532770393099685,0.4902329498984125,0.1021490012727975,0.4076180488287899,0.2591866535784287,-0.8400057651446105,0.4766682212300646,6057.145569310382,True,wing_R,high
-0.0136499213291986,0.0028864117273186,-0.0036139011478456,0.001595656631514,0.0010086921238426,0.4767177123818769,0.4767177123818769,0.4767177123818769,False,0.3012036080325263,7.673881646047636e-05,7.307867654238828e-05,2.770649903811201e-05,2.769704550362619,0.0476960694327778,0.5912545905323521,0.36104934003487,-0.4003092490999177,-0.7817302957839201,-0.4781738697781854,3368.5503466875207,False,body,high
-0.0110075958454719,0.0027155277799449,-0.0042877827011401,0.0013062091992844,0.0006950232807537,0.301714967677696,0.301714967677696,0.301714967677696,False,0.833739709080047,2.650907405648056e-05,7.325311755188312e-05,2.744472916971076e-05,2.763322377681285,0.6253438749515006,0.0127729050243834,0.361883220024116,-0.4815098397658035,0.5352481533244365,0.6940156255960598,5001.309090134375,True,wing_L,high
-0.0124545503069098,0.0024433912667345,-0.0035925928985356,0.000347772700067,0.0002319195466372,0.5176458953934497,0.5176458953934497,0.5176458953934497,False,0.9008766965451744,4.848324367458742e-05,4.265447349353551e-05,5.146269745976429e-05,1.206501762765017,0.0578954064253303,0.1132620416100241,0.8288425519646455,0.3708157935252307,-0.4216933990685449,0.8274480796124132,9573.64745704575,True,body,high
-0.0117622660767855,0.0028162038312931,-0.0023191632035205,0.0014016951507354,0.001218978101081,0.2083015654257469,0.2083015654257469,0.2083015654257469,False,0.2835199694759516,3.574902934588766e-05,7.744261312079657e-05,3.364962768914677e-05,2.3014404152166783,0.538380383805934,0.0271091272897287,0.4345104889043373,0.4033446143148643,-0.7028455684860195,-0.5859361987134415,2527.5954133339105,False,body,high
-0.0114754840671067,0.0014607905435164,-0.0046134745084183,0.0015435016210446,0.0006554585647796,0.8970632239532041,0.8970632239532041,0.8970632239532041,False,0.8769764324059214,2.4521889751787416e-05,6.731096966264112e-05,2.992331858008501e-05,2.744934030124444,0.5554466273467901,0.0802458923912291,0.3643074802619808,0.0532069779141761,-0.3913000296561167,0.9187237366544756,6679.579813945409,True,wing_R,high
-0.0113235258810835,0.0011794456042863,-0.0044334183322293,0.0017098778528988,0.0008466660448025,0.4926092924232736,0.4926092924232736,0.4926092924232736,False,0.167409048954903,0.0001041206231082,0.0001312734969638,5.035414929026933e-05,2.6070045629631595,0.2068420091152514,0.4095760001944885,0.38358199069026,-0.2472352659935768,0.9258228473242432,-0.2858789579901193,9071.00108758077,True,wing_R,high
-0.0116335355291363,0.0013458177857442,-0.0042604056057159,0.0013723649625206,0.0008162607131059,0.455714525282766,0.455714525282766,0.455714525282766,False,0.2465372876060623,7.444174867308731e-05,5.270345231108181e-05,0.0001251051747948,2.3737567333610445,0.4049666706817981,0.1737601693747724,0.4212731599434295,-0.8772544109655341,-0.3812113698672705,0.2917234819575423,8491.903192563108,True,wing_R,high
-0.0117108856825064,0.001194126364723,-0.0043633592862986,0.0015229660632561,0.0009825847368275,0.4371730720052603,0.4371730720052603,0.4371730720052603,False,0.890166388160692,9.384226114160812e-05,4.509693748554193e-05,3.55139169000213e-05,2.6424080848584697,0.519438929359443,0.1021183896140337,0.3784426810265232,0.0902416734854761,0.9531895492914516,-0.2885933531599438,7400.591865071091,True,wing_R,high
-0.0122693714438594,0.0019197663679454,-0.0038218596522568,0.0006025661574305,0.0005720788163335,0.4053527410694487,0.4053527410694487,0.4053527410694487,False,0.6316316805268118,4.773581423541251e-05,6.272092058585553e-05,6.407990314266308e-05,1.3423863019628943,0.0212076250143824,0.2338503277241418,0.7449420472614757,-0.5772602646002829,-0.672183602655699,-0.4636159954471124,12234.690857646969,True,wing_R,high
-0.0112399795467087,0.0014984352512133,-0.0040921671524255,0.0013822327390228,0.0006408198571013,0.4550430812336696,0.4550430812336696,0.4550430812336696,False,0.0501196830742823,8.809953704688109e-05,3.547685001945535e-05,4.034644877717134e-05,2.483296487669217,0.5420356323132383,0.0552738291362948,0.4026905385504669,-0.6753972192568813,0.6971855619443753,-0.240355753907365,5867.764258753551,True,wing_R,high
-0.0120412000202472,0.0031355073409412,-0.0019122401652856,0.0018456066517771,0.0013581391738282,0.3966970469734731,0.3966970469734731,0.3966970469734731,False,0.1536030372335689,3.0015635526438034e-05,3.2793642338495954e-05,8.889260499220233e-05,2.961543323442376,0.6310869465308997,0.0312512701399807,0.3376617833291195,-0.6805681011236229,0.7279644969655302,-0.0830346366928229,1952.77749432108,False,body,high
-0.0109175431340248,0.0028657689902052,-0.0049351897276375,0.0018104939869032,0.0009763630782644,0.3337717183117122,0.3337717183117122,0.3337717183117122,False,0.6765101028994012,3.5014110497742474e-05,9.725548385574616e-05,0.000100312708645,2.8649223761233884,0.0304769438547533,0.6204734594322181,0.3490495967130284,0.2765347835496137,-0.6711127882242475,-0.6878489216165458,7139.546379397617,True,wing_L,high
-0.0108135668038679,0.0028065364500319,-0.0048631720024582,0.0018195129663951,0.0009151096893054,0.4841690365812141,0.4841690365812141,0.4841690365812141,False,0.3147677536829102,3.764567175468457e-05,6.808408393635996e-05,9.102884185595974e-05,2.418042702203401,0.2520603080494709,0.3343820657395583,0.4135576262109708,-0.3158416684055238,0.6202642690429354,0.7179946218791952,7664.633115373801,True,wing_L,high
-0.0118473614559557,0.0012943828657524,-0.0042409628485067,0.0013488830900601,0.0009502362057629,0.4252445983746031,0.4252445983746031,0.4252445983746031,False,0.7834624235675524,8.956015573617916e-05,4.122217382739351e-05,3.458886150122156e-05,2.5892773525666986,0.5397264164119671,0.0740654398336684,0.3862081437543645,-0.4530875746592818,0.8831271835429689,-0.1216471429045211,6652.708890441958,True,wing_R,high
-0.0127238686583783,0.0027664489273779,-0.003694319930343,0.0006850596705688,0.0004757029139939,0.4732498528627682,0.4732498528627682,0.4732498528627682,False,0.8854973057832983,6.316493887393565e-05,5.600502731555297e-05,2.410138690662462e-05,2.6208009986584564,0.1133526238768695,0.5050846399551104,0.38156273616802,0.2649501498655673,-0.6460563284476404,-0.7158300346862849,16368.352782207125,True,body,high
-0.0118705946659016,0.0026411817809464,-0.0038341859436466,0.0003576057873143,0.0002668126577443,0.4236526841618532,0.4236526841618532,0.4236526841618532,False,0.1045750229519312,8.293575859177359e-05,6.907142339777408e-05,3.3299299804243545e-05,2.490615691000342,0.1671695711163931,0.4313232820309522,0.4015071468526545,-0.1649022996137313,0.653958639732171,0.7383395757385296,7969.254034518576,True,body,high
-0.0117094191998447,0.0030031496652508,-0.0044654858872976,0.001068028016648,0.000865026062221,0.4434576332782483,0.4434576332782483,0.4434576332782483,False,0.1505056214748311,3.448728056261493e-05,0.0001007712265357,5.534542302157523e-05,2.921982391529922,0.4507814886825755,0.2069851005690422,0.3422334107483822,-0.413659431144453,0.5741995419114804,0.7065272543178317,11490.008687270109,True,wing_L,high
-0.0112927825065249,0.0011403958253429,-0.0044205565663211,0.0017477880170087,0.0008764079736195,0.4016701289988807,0.4016701289988807,0.4016701289988807,False,0.3841158278248314,0.0001518849846935,6.515285785953755e-05,6.41449586280155e-05,2.367839779495456,0.5710381905689225,0.0066359372755373,0.4223258721555402,0.3936367894788444,-0.8606327273142547,0.3230501302343274,8221.54239583157,True,wing_R,high
-0.011664429414573,0.0011630701711734,-0.0043810173112195,0.0015700165622693,0.0009909775596267,0.4409944429300455,0.4409944429300455,0.4409944429300455,False,0.6247486792842744,7.923217406009025e-05,5.481138661912329e-05,0.0001529881568705,2.7911747231222885,0.4821025647944994,0.1596253457816714,0.3582720894238291,-0.3687104285465287,-0.8141511368073868,0.4485649856110865,7343.801562533646,True,wing_R,high
-0.0114609614482044,0.0013871760022787,-0.0046120926672327,0.0015975520868116,0.0007096223078861,0.902631972812774,0.902631972812774,0.902631972812774,False,0.972566502338314,6.303814319844075e-05,2.781419648020895e-05,2.5778396720250847e-05,2.445386494844328,0.5587719582308869,0.0322947291380317,0.4089333126310813,0.3880899737003027,-0.8273261784248179,0.4061004393081654,7091.741089529459,True,wing_R,high
-0.0116735366934018,0.0029493443223875,-0.0045352269212358,0.0011123209426482,0.0008535017787014,0.3901096963097862,0.3901096963097862,0.3901096963097862,False,0.5635415711370665,9.14378606260092e-05,3.399216351012921e-05,4.152286599115502e-05,2.689968839399173,0.54588979109006,0.0823586906940791,0.3717515182158609,0.3760678930356634,-0.4707052647436129,-0.7981287449843928,13320.577474165048,True,wing_L,high
-0.0116849007179846,0.002974884081195,-0.0044818976912642,0.0010766409497732,0.0008479696589645,0.458408208337824,0.458408208337824,0.458408208337824,False,0.3565002717321485,6.95251157590248e-05,3.112960449455868e-05,7.92320229368555e-05,2.5452306324902048,0.1225124238663789,0.4845958722405167,0.3928917038931042,0.3724541123727207,-0.5027778386055615,-0.780059215177777,14606.476167945695,True,wing_L,high
-0.0119629634355002,0.0013000989566977,-0.0042864702281969,0.0013476823155962,0.0010009578755272,0.388694591395009,0.388694591395009,0.388694591395009,False,0.3400280265519577,8.902715923160063e-05,3.5153263848251536e-05,5.2035369019505246e-05,2.532543197579325,0.4155112948832019,0.1896287078793066,0.3948599972374914,0.3201763261301152,-0.93451713900164,0.1554504329296392,7031.218370236714,True,wing_R,high
-0.0121497050421635,0.0030160064801449,-0.0022707586161424,0.0014675027959485,0.0010127247674387,0.1725740314826218,0.1725740314826218,0.1725740314826218,False,0.4267398764025512,2.75499377260858e-05,2.599753219588017e-05,7.396549453500592e-05,2.845096756788601,0.6275298651177525,0.0209882397186016,0.3514818951636458,-0.6670642525180619,0.7038744917381952,-0.244102402472439,2383.519404530226,False,body,high
-0.0112342060943389,0.0012133622298247,-0.0043204344510344,0.001678533380396,0.0008165419397154,0.4702889928075878,0.4702889928075878,0.4702889928075878,False,0.1325218997628804,0.0001099281540978,6.184375918596612e-05,4.405705762710948e-05,2.495131541199928,0.4374165590835844,0.1618029676275834,0.4007804732888321,0.2380395483264194,0.9141111314393542,-0.3282346916631726,5192.840675645182,True,wing_R,high
-0.0113550210483071,0.0015007391504575,-0.004150844725242,0.0013329020604118,0.0006207572745371,0.3691552345441699,0.3691552345441699,0.3691552345441699,False,0.1345195220986281,6.344113338044305e-05,3.5237242961104464e-05,8.674319314969743e-05,2.461690695990212,0.2686327182934199,0.3251424047840342,0.4062248769225459,-0.1218376595391207,0.9700714615336212,-0.210040339544701,6986.048560019704,True,wing_R,high
-0.0127089975946389,0.0027787539989482,-0.0036613917854499,0.0006750668539527,0.000445514897684,0.4574922948114916,0.4574922948114916,0.4574922948114916,False,0.5938534353810436,5.210295221581316e-05,2.6895708236092825e-05,6.785584866635947e-05,2.522924775607879,0.232152375368581,0.3714822594535936,0.3963653651778253,0.2731001803668168,-0.5928936217582272,-0.7575575521120652,25406.00179681481,True,body,high
-0.0114421026297817,0.0028929228644221,-0.004435454556604,0.0011276054331414,0.000760151149084,0.4548213781288795,0.4548213781288795,0.4548213781288795,False,0.0897619875674129,3.471692069787808e-05,8.340865838264018e-05,7.279953199952457e-05,2.40253619001809,0.1271945453725663,0.4565786339224059,0.4162268207050277,0.2807270012592286,-0.6039790828329766,-0.7459233326986341,9567.919890296604,True,wing_L,high
-0.0117110550159373,0.0030102049733251,-0.0044914763260101,0.0010913158299889,0.0008845341648609,0.4357932221801627,0.4357932221801627,0.4357932221801627,False,0.1354408973121681,4.0309027658939913e-05,4.117899199176813e-05,9.82002973690088e-05,2.43618621118561,0.5806632658450188,0.0088590804318966,0.4104776537230845,0.5156031583295113,-0.6992395244739029,-0.4951943765170835,12249.75408023126,True,wing_L,high
-0.0113168608461585,0.001470417072453,-0.0041211954949015,0.0013658117294335,0.0006559628036397,0.4479009221442721,0.4479009221442721,0.4479009221442721,False,0.1313881390171295,4.115268859358077e-05,5.18780980669466e-05,9.41225295555902e-05,2.28715383544277,0.4488238011462855,0.1139515642429822,0.4372246346107323,-0.02954357232595,0.92050554986811,-0.3896109726332534,7317.264086454992,True,wing_R,high
-0.012084104766533,0.0015351083085105,-0.0040980973455757,0.0010440506560075,0.0008394060605144,0.3970319934448979,0.3970319934448979,0.3970319934448979,False,0.4629553196382744,0.0001038855545814,4.217188929570718e-05,6.664132617915255e-05,2.463383934567447,0.3585121006700293,0.2355422462924984,0.4059456530374722,-0.0440736227928383,-0.8701669755117016,0.490781978583905,7526.396447591825,True,wing_R,high
-0.0120456692660382,0.0031366941285245,-0.0018958219471461,0.0018611796967036,0.0013665750309619,0.3798297375574964,0.3798297375574964,0.3798297375574964,False,0.1153720834959488,5.832766850200115e-05,2.4153158397329786e-05,2.419675545768617e-05,2.414908540841163,0.5851581920018625,0.000747450763524,0.4140943572346136,-0.6823819358558081,-0.4404578479671985,-0.5833967584601271,1919.2243402192405,False,body,high
-0.0128894646679814,0.0023944163934542,-0.0022635163350318,0.0015765969765369,0.0007597536322474,0.4447134156213036,0.4447134156213036,0.4447134156213036,False,0.2126687966621716,6.187892054534048e-05,2.085679850954104e-05,2.250463266679998e-05,2.9668465424851127,0.6363118091190653,0.0266299758097998,0.3370582150711348,-0.855415841718354,0.5147631886193368,-0.0572939558743584,1992.857867521285,False,body,high
-0.0115844956609923,0.0025010612623768,-0.0026968333837154,0.0010730694729219,0.0010491455534266,0.203667784739167,0.203667784739167,0.203667784739167,False,0.2370521448433834,5.711327670601563e-05,0.0001260233940198,0.0001322514295726,2.315598704892388,0.0470923873782198,0.5210538557997524,0.4318537568220278,-0.9204762767383764,0.2389317494001853,-0.3092491602097298,6605.047058314979,True,body,high
-0.0113296576956234,0.002998959600691,-0.0047473281951129,0.0014608125373021,0.0009922790761309,0.3986471027911701,0.3986471027911701,0.3986471027911701,False,0.1489562114226878,3.5604257855585035e-05,8.921482238142524e-05,8.382531664656951e-05,2.5057346439656407,0.0604104294666828,0.5405050136716321,0.3990845568616851,0.4184185102151848,-0.5237501970346263,-0.7420321296382627,16448.207561441548,True,wing_L,high
-0.0116203783259124,0.0024973375299721,-0.0026224442076394,0.0011222662988471,0.0010825398460348,0.1556273760462814,0.1556273760462814,0.1556273760462814,False,0.7981604302321047,3.755337408299061e-05,0.0001056491436714,7.874997696211644e-05,2.8133062940754834,0.2546084688862612,0.3899378778425357,0.355453653271203,-0.8713301573993877,0.2296241728122519,-0.433654812110562,7556.956901271314,True,body,high
-0.0137457919708495,0.0031816483939511,-0.0036931577393742,0.0017854104533309,0.0011653204962879,0.382149015511486,0.382149015511486,0.382149015511486,False,0.2037515259791153,2.7261372052255387e-05,7.284627139768049e-05,2.891479698214964e-05,2.6721425193877497,0.6030710092998621,0.0226974544910873,0.3742315362090505,-0.2929972535531961,0.5658358597861664,0.770702529637949,2149.001046870502,False,body,high
-0.0108137957893457,0.0028312803166216,-0.0048873912825702,0.0018405382421056,0.0009450224448241,0.5764202472565252,0.5764202472565252,0.5764202472565252,False,0.4514092733595797,8.774644559822708e-05,3.6507101875428186e-05,5.60364949702061e-05,2.4035445458705813,0.3613815968479717,0.2225662015325268,0.4160522016195014,0.3482671662579825,-0.6811726471358073,-0.6439827681705719,7788.680315166887,True,wing_L,high
-0.0113428089816278,0.0030407870421519,-0.0046969580322904,0.0014317400084079,0.0010074057229925,0.6904371240941625,0.6904371240941625,0.6904371240941625,False,0.0257870676804381,4.224083945868895e-05,0.0001151408896762,4.383669002533576e-05,2.725819163440124,0.619277824336962,0.0138599812033187,0.3668621944597193,-0.8239210023025518,0.3258033346541936,-0.4636877926934961,10886.483416330737,True,wing_L,high
-0.0116980694283669,0.0011882265030682,-0.0044026092226846,0.0015504374957576,0.0009827825404299,0.3740880550638006,0.3740880550638006,0.3740880550638006,False,0.3933625952763771,3.0392977050640585e-05,2.9229811141210004e-05,7.790930037613617e-05,2.665405534088272,0.6098928253249976,0.0149297439948114,0.3751774306801909,0.905678615152678,0.2634621228431306,-0.3321655549302466,7082.209511945164,True,wing_R,high
-0.0129174877884752,0.0027389994884426,-0.0040074661286115,0.0009306469567204,0.0008282462185705,0.7184919701690125,0.7184919701690125,0.7184919701690125,False,0.8059799588754314,3.0204811609381177e-05,2.5092351544932948e-05,5.1519905864558765e-05,2.0532115442549066,0.4137254115178911,0.0992327136211861,0.4870418748609227,0.7461215589542128,0.4996143553614351,-0.4401001194961355,4330.633817584266,True,body,high
-0.0114931715728674,0.0014769986586892,-0.0045912073455222,0.0015114993292167,0.0006478751399765,0.8890774059859181,0.8890774059859181,0.8890774059859181,False,0.9721696038895876,2.362952187618853e-05,6.728889098086408e-05,3.263275592884082e-05,2.847661976972589,0.5150350161348167,0.1337997093043585,0.3511652745608246,0.4572425919241882,-0.7076676958880012,-0.5386424085857126,6390.404489089616,True,wing_R,high
-0.0119442042557098,0.0013211192494656,-0.0042289680677721,0.0013043946005923,0.0009695005992983,0.3971357704395333,0.3971357704395333,0.3971357704395333,False,0.622434593968626,4.1933588299624e-05,7.12913119534391e-05,2.7702641552096167e-05,2.5734481608684256,0.4117994584387626,0.199616844712048,0.3885836968491893,-0.0461273510837051,0.913673947723021,-0.4038219715842996,7260.364247393697,True,wing_R,high
-0.0113149703627754,0.0015081089158803,-0.0041307255009547,0.0013431342318414,0.0006175758176857,0.3829202726170315,0.3829202726170315,0.3829202726170315,False,0.1217880882896712,3.688860948369744e-05,5.555806491807873e-05,9.1095798419588e-05,2.4694831194395355,0.3901138594540022,0.2049431011997899,0.4049430393462079,0.2058529820137848,-0.942153062058788,0.2645225083982127,7247.825881472245,True,wing_R,high
-0.0111745474500087,0.0030037552858556,-0.0049760423463464,0.0017227136743353,0.0011033211544918,0.3397320521401841,0.3397320521401841,0.3397320521401841,False,0.9268265152956618,7.325926545613476e-05,2.6621965996687204e-05,3.0276882533245383e-05,2.7518352876437087,0.5867159963353142,0.049890160839063,0.3633938428256227,-0.2800018563522338,0.548815326970371,0.7876551893574419,5636.096541673473,True,wing_L,high
-0.0111755486463406,0.0028355774617553,-0.0045182113391682,0.001339062986665,0.000775345895863,0.425946001053024,0.425946001053024,0.425946001053024,False,0.9288169637860556,2.145466493180193e-05,4.94244516741022e-05,4.945528746821858e-05,2.305106494341552,0.0006235085406428,0.5655570551535966,0.4338194363057605,-0.2425276673827563,0.6203498658468085,0.7458863013206005,9210.922637733136,True,wing_L,high
-0.0120935685285993,0.0020099369484843,-0.0039657590878645,0.0005678124704545,0.0004278615049066,0.4408551754474927,0.4408551754474927,0.4408551754474927,False,0.1593194076245236,9.593962489082258e-05,7.099366862605897e-05,8.152531039145759e-05,1.351382830998072,0.1502435986774828,0.1097736391755067,0.7399827621470104,-0.6278893823206848,0.7190985762884093,0.2977451278340782,5513.35378238218,True,body,high
-0.0125336235943172,0.002400536983981,-0.0023467097189112,0.0013549468822287,0.0008176298656697,0.2867059255807587,0.2867059255807587,0.2867059255807587,False,0.3498269868050309,3.5457806950133494e-05,3.736012099054559e-05,0.0001048637212183,2.957422645056695,0.6437269195058889,0.0181408214233654,0.3381322590707455,0.8739285340413836,-0.4728803593961126,-0.1123969887749737,2657.529136149704,False,body,high
-0.0120253231487992,0.0016265846195315,-0.0040018423851306,0.0009238908883189,0.0007258387725617,0.4001274130178714,0.4001274130178714,0.4001274130178714,False,0.2617773016981842,5.759839737068585e-05,8.412860453804411e-05,8.675560275059457e-05,1.5062155669412427,0.0302804444815231,0.305803963389286,0.6639155921291908,-0.1392815738695216,0.9897801336894544,0.0305929752412996,5761.888621546362,True,wing_R,high
-0.0129132127269957,0.0025513449565054,-0.0025532293855268,0.0013474209385247,0.0004526505449438,0.213414650553201,0.213414650553201,0.213414650553201,False,0.6086310325659753,3.6688419182954906e-05,9.799186423131016e-05,3.499982161332804e-05,2.799781819287746,0.6255972935023283,0.0172320180136682,0.3571706884840034,0.107595293158404,0.5926582390170713,0.7982352188517751,2499.745665563389,False,body,high
-0.0125018025440946,0.0020006732594594,-0.0027417579796697,0.001079426627452,0.0008402073562637,0.4859876634675064,0.4859876634675064,0.4859876634675064,False,0.1856383215683598,4.130028310516293e-05,8.636373982616988e-05,9.630258481211653e-05,2.3317657306827946,0.103204342908729,0.4679361079344278,0.428859549156843,-0.1917339319961941,0.9654475003562634,0.176491425789249,2682.07542081201,False,body,high
-0.0114876588369695,0.0014655651645533,-0.0046102351423577,0.0015333438634726,0.0006575186058177,0.8886036838461164,0.8886036838461164,0.8886036838461164,False,0.9507415107222752,3.658806883066224e-05,6.1742281032057e-05,2.593448533438678e-05,2.380701997204946,0.4074065904422048,0.1725492372195327,0.4200441723382624,0.3135437024209492,-0.9294308436690792,0.1945473040387527,6571.232278057942,True,wing_R,high
-0.0115022265052535,0.0025215207735109,-0.0026492466911108,0.0011565875016494,0.0011384735804622,0.2240995783456387,0.2240995783456387,0.2240995783456387,False,0.2848490004824586,4.359912591302426e-05,0.0001046585601869,9.830533639072225e-05,2.400473816739822,0.0607042919842013,0.5227112849629617,0.4165844230528369,-0.9371428147604126,0.2730159413798904,-0.2173146117852716,7006.212265204644,True,body,high
-0.0113522678710316,0.0015887097951411,-0.0040117103763428,0.0012219398699325,0.0005989015444596,0.3143273362428235,0.3143273362428235,0.3143273362428235,False,0.2547088277659738,9.117915034814824e-05,3.3465865996273056e-05,3.418914943470424e-05,2.724541787094421,0.6250332526223349,0.0079325529539317,0.3670341944237334,-0.874496887677721,-0.1612806339785057,0.4574316894854037,5813.370216899514,True,wing_R,high
-0.010862570082052,0.002742483351565,-0.0045318763623689,0.0015622908381526,0.0007827714860281,0.281929476747795,0.281929476747795,0.281929476747795,False,0.8396632041472573,1.7219622890197872e-05,4.3814162421981854e-05,2.852671050308465e-05,2.5444321691227456,0.3489157631649118,0.2580692403516983,0.3930149964833899,0.4248184160019099,-0.7312110782089649,-0.5337224677021865,4009.203183114429,True,wing_L,high
-0.0126333227929624,0.0031179609467173,-0.0028929254543806,0.0011141058915543,0.0003789346619525,0.1307851610527658,0.1307851610527658,0.1307851610527658,False,0.4168758830824254,3.46029496087768e-05,3.3144465965038974e-05,9.880074347577392e-05,2.980912215631703,0.6497703520089251,0.0147618691158477,0.3354677788752273,0.0368332229132663,0.9509077735935016,-0.3072746650950438,3348.2689316368583,True,body,high
-0.0136899797546593,0.0028213528374622,-0.0036375965955058,0.0016188645340993,0.001054679102732,0.4174430131568667,0.4174430131568667,0.4174430131568667,False,0.3764011668071472,8.272524150592843e-05,3.104620546172112e-05,7.231198892719036e-05,2.664584617528405,0.1258775724213729,0.4988294106401849,0.3752930169384421,0.1279449074823035,0.809126152181763,0.5735372442177399,3086.647093446996,False,body,high
-0.0116477404121162,0.0013864592569081,-0.0042157105330426,0.0013138604069329,0.0007874947284952,0.464111033308091,0.464111033308091,0.464111033308091,False,0.1120833907087146,6.500142567506818e-05,7.727602788691958e-05,0.0001562873209426,2.4043675860882248,0.5055515225366694,0.0785386948718319,0.4159097825914986,0.0518893987176702,0.8820206117085229,-0.4683450980015075,9802.53515502902,True,wing_R,high
-0.0110472384737988,0.0029591047864593,-0.0050329192259462,0.001825511094455,0.0010914544183782,0.3263859472672313,0.3263859472672313,0.3263859472672313,False,0.3500624535736634,8.68922255884426e-05,8.084945991194831e-05,3.087789790935928e-05,2.814058970060428,0.0695432259396291,0.575098193931353,0.3553585801290179,-0.3909039453672016,0.5275438708890919,0.7542490104625322,5305.167734894399,True,wing_L,high
-0.0109471240748546,0.0028666398267173,-0.0042919853021494,0.0013950104007703,0.000856734840279,0.6314077960057106,0.6314077960057106,0.6314077960057106,False,0.2193652053072964,3.6878619796260656e-05,5.179771436693934e-05,0.0001041689423868,2.8246431933293903,0.502752805394152,0.1432201789595617,0.3540270156462862,0.2841946858774546,-0.5774774120399437,-0.765345163375757,4148.393602664492,True,wing_L,high
-0.011566034166833,0.0010603575644274,-0.0044829849036452,0.0017332872809971,0.0010419318868869,0.4235884876995204,0.4235884876995204,0.4235884876995204,False,0.1573658614842207,4.3816753133939255e-05,9.994869324546768e-05,4.134158133567962e-05,2.4176311117351363,0.5616075437191753,0.0247644238047291,0.4136280324760956,0.1842999131634833,-0.9772783594833612,-0.1046926458422135,5983.574486944815,True,wing_R,high
-0.0130608179524113,0.0031397822469432,-0.0034702191566707,0.0011748722785233,0.0006245089063038,0.3430220787993387,0.3430220787993387,0.3430220787993387,False,0.0111396058110022,6.682996708349099e-05,8.001040290475336e-05,7.86218824297908e-05,1.1972234372762147,0.0173542492545062,0.14737977710645,0.8352659736390438,-0.2225736569206449,-0.7815470328025048,-0.5827908739527169,3913.3504392407,True,body,high
-0.0112750141989336,0.0011146128722414,-0.0045028317405491,0.0018137898532621,0.0008822095912965,0.439788552402825,0.439788552402825,0.439788552402825,False,0.64403676271543,3.987297593936318e-05,0.0001176326898047,4.212582436086481e-05,2.950185859808137,0.6418867541771262,0.0191515506891869,0.338961695133687,-0.4568034772087463,0.8449013003044863,-0.2783385994679625,8774.348514572795,True,wing_R,high
-0.012490941513622,0.0022583468861745,-0.0028042968539307,0.0009351050461433,0.0006007369726494,0.1351371027918282,0.1351371027918282,0.1351371027918282,False,0.7079101943246245,0.0001354994776625,6.999026464921258e-05,0.0001774034569033,2.5346876139481727,0.2362072305252447,0.3692668348005634,0.3945259346741919,-0.992709388923304,-0.113693067845721,-0.0400244358779557,3911.7892497841153,False,body,high
-0.0119546067583876,0.0013306690541057,-0.0042524936072828,0.0013057257882551,0.0009674930400999,0.433190528951169,0.433190528951169,0.433190528951169,False,0.3408363905655781,3.931662126033859e-05,9.884862072790042e-05,4.022055525237183e-05,2.514168755076009,0.5931095957010211,0.0091446292864468,0.397745775012532,-0.5254218121294669,-0.7003587321661998,0.4831454911485149,7496.124620320321,True,wing_R,high
-0.0117352574373838,0.0016322887682812,-0.004077324229939,0.0010192038479278,0.0006031996066963,0.4064930437626083,0.4064930437626083,0.4064930437626083,False,0.3561054024793468,7.624663027278724e-05,4.2139365281439486e-05,9.958623621911574e-05,2.3632590465945875,0.2343657801764419,0.3424897484457878,0.4231444713777702,-0.5146470437060465,-0.8520301094023839,0.0958285608594253,7468.676764597136,True,wing_R,high
-0.0112307442162709,0.0013641758887582,-0.0042459026533534,0.0015396424208176,0.0006983893906133,0.2796251297677581,0.2796251297677581,0.2796251297677581,False,0.4485593280834948,2.264204299322661e-05,2.201996965767397e-05,5.416465244871828e-05,2.459796870330467,0.581977508031395,0.0114848578810989,0.406537634087506,-0.8729461115512105,-0.1243075111141724,0.4717125491315885,5071.907543276383,True,wing_R,high
-0.011373211255067,0.001177679110896,-0.0044067623557594,0.0016764671049731,0.0008677723042241,0.4508353797649376,0.4508353797649376,0.4508353797649376,False,0.2117520804488624,0.0001701678530536,5.983262719797113e-05,0.0001104187758023,2.844064535067048,0.3511184761345304,0.2972720622410605,0.351609461624409,0.1766370747352058,-0.9054851143037368,0.3858705114456627,8651.459438649323,True,wing_R,high
-0.0120816291860518,0.0015164569900727,-0.0040963628162672,0.001060067747526,0.0008542417050502,0.4006884426827289,0.4006884426827289,0.4006884426827289,False,0.365130854860353,4.618223322891418e-05,7.97610497153568e-05,0.0001260817574808,2.730092259849172,0.3673862792759846,0.2663257330589954,0.3662879876650199,0.2351912973101071,-0.7145849985964574,0.6588272409748172,7427.030980208528,True,wing_R,high
-0.0119117825834968,0.0013069459926656,-0.0042872856115752,0.0013487111985079,0.0009703364980322,0.4564443859267444,0.4564443859267444,0.4564443859267444,False,0.2543148858940335,8.134210761119995e-05,2.843691177640392e-05,7.754097658238521e-05,2.8604409737169547,0.0467301762942193,0.6036733771479039,0.3495964465578766,-0.0410992097742065,-0.8364351443962239,0.5465227389366383,6941.541553358188,True,wing_R,high
-0.011420381543631,0.0014149636782973,-0.0042397563932838,0.0013985182498067,0.0006879220382284,0.4753097009407894,0.4753097009407894,0.4753097009407894,False,0.0441284196787756,7.898230856116903e-05,5.511340815771804e-05,3.1068893451743675e-05,2.542166771528077,0.3022056564093131,0.3044291201915519,0.3933652233991351,-0.0741624519463565,-0.9033169137170528,0.422514477993362,5500.009104851632,True,wing_R,high
-0.0115899375810914,0.0018152006765315,-0.0038552979327018,0.0008646903793232,0.0004724789594512,0.2939460019300816,0.2939460019300816,0.2939460019300816,False,0.1251564214093953,3.393256769954624e-05,6.78722228738242e-05,8.276730213093761e-05,2.4391700287403952,0.1799633294021042,0.4100611509673897,0.4099755196305061,0.336569216887493,-0.9415288128656484,-0.0156415084803879,6547.005280194767,True,wing_R,high
-0.011406973407072,0.0012355604743556,-0.004406622043467,0.0016172778497169,0.0008246496298208,0.4866035283111966,0.4866035283111966,0.4866035283111966,False,0.588646753871307,9.342253158258238e-05,0.0001706739587731,6.811967489883804e-05,2.5055016634570166,0.4526257417704104,0.1482525914651662,0.3991216667644234,0.1826050840622703,-0.8273481521204783,0.5311783301843563,7204.536518726702,True,wing_R,high
-0.0116257804129504,0.0018643070280985,-0.0037329602947299,0.0007811586323635,0.0004929276245545,0.316719352252353,0.316719352252353,0.316719352252353,False,0.149013479696054,0.0001204987788026,4.988144977882117e-05,5.537900224344834e-05,2.415703219072467,0.540418560306542,0.0456233043957122,0.4139581352977456,-0.7273937621347573,0.6699293178669886,0.1486372223560282,6179.454084025124,True,wing_R,high
-0.0120721931536371,0.0014824166632422,-0.0041482400743439,0.00111411530299,0.0008839404354761,0.3975684996576045,0.3975684996576045,0.3975684996576045,False,0.1863540151250302,0.000104806483503,5.858388485589487e-05,4.451708191404224e-05,2.354298147964728,0.4410280461875748,0.1342169155159833,0.4247550382964418,0.3029268078499447,-0.8739202651346609,0.3801298715870755,6970.4232481961335,True,wing_R,high
-0.0125685117479009,0.0028105855889229,-0.0026952229849273,0.0010974336565746,0.0003962401911504,0.2372560363095681,0.2372560363095681,0.2372560363095681,False,0.2061745861681625,3.1072775172562766e-05,5.344878023087603e-05,2.329534910258469e-05,2.294397048763082,0.4186438860093425,0.1455117597891457,0.4358443542015117,-0.5276894607491704,-0.8471774391737457,-0.0619210753238685,4461.453267367781,True,body,high
-0.0113745032560609,0.0010875640328426,-0.0045579899753132,0.0018184377286871,0.0009375079441951,0.3894168184104125,0.3894168184104125,0.3894168184104125,False,0.4098853680847072,7.113151391846068e-05,8.163391971094447e-05,3.2892900998524497e-05,2.481809668128889,0.1286524747270681,0.4684157401155591,0.4029317851573727,0.6393993842465875,-0.7532364469081936,0.1542831243986364,11074.339794486965,True,wing_R,high
-0.0109692217592383,0.0029485986883261,-0.0047800045990248,0.0016880445102316,0.0009951461034894,0.6507127802823077,0.6507127802823077,0.6507127802823077,False,0.1150413200377033,9.072464162092156e-05,3.3670493166305713e-05,3.419841059790583e-05,2.6944850843975847,0.623052679107861,0.0058188979550443,0.3711284229370946,-0.5051535353381374,-0.2785641681002615,-0.8168365258642577,5046.515025941861,True,wing_L,high
-0.0113752462613616,0.0010800790703662,-0.00456582059581,0.0018278193471392,0.0009442870505967,0.4019249728127483,0.4019249728127483,0.4019249728127483,False,0.4741585189559132,5.194631917174227e-05,8.126426071153632e-05,3.158528566532948e-05,2.57285185173229,0.3607728819913088,0.2505533592274755,0.3886737587812156,0.596011694930423,-0.7824439976456873,0.1804202041191616,10453.750706220007,True,wing_R,high
-0.0116386418863583,0.0018841763259417,-0.0037046430482896,0.0007545633525093,0.0004914358216926,0.2885682114840039,0.2885682114840039,0.2885682114840039,False,0.2963751179315215,3.921603789435099e-05,3.538747355248385e-05,9.435615596516016e-05,2.666371642078904,0.5843828365705039,0.04057567100636,0.375041492423136,-0.0255271749518951,-0.9220024431378846,0.386341634032299,5874.227110583578,True,wing_R,high
-0.0118118465384577,0.0010920922926119,-0.0045631820823259,0.001688742862692,0.0011339386009925,0.4417756834430059,0.4417756834430059,0.4417756834430059,False,0.0906526513879572,7.863852967870632e-05,3.419149709789147e-05,5.3031574136876754e-05,2.299944031510566,0.3256286154694395,0.2395781955227322,0.4347931890078282,-0.4502449101449033,-0.8671868417034982,0.2127592594105351,3647.57337565577,False,wing_R,high
-0.0123832124460504,0.0024964507927476,-0.0035189016509575,0.0002969794058177,0.0001177974326128,0.6139495949769709,0.6139495949769709,0.6139495949769709,False,0.3845715166570039,4.991937800525136e-05,6.173085897533764e-05,5.267234935843975e-05,1.236611140644496,0.1467419985281089,0.044596355840249,0.808661645631642,0.8177599062079663,0.2374942871709408,0.5242758809633574,8516.748030388337,True,body,high
-0.0117915276395903,0.0025753980557371,-0.0027649106101629,0.0009297269417718,0.0008599080112639,0.1292858424183465,0.1292858424183465,0.1292858424183465,False,0.964503776687685,0.0001032189597688,0.0001270571176635,0.0001267553969009,1.2309474727140812,0.0023746860322358,0.1852429644633385,0.8123823495044256,-0.3791994900981281,0.261670492780172,-0.8875450973992822,6198.456849663719,True,body,high
-0.0117083382817813,0.0011991913309141,-0.0043545469079497,0.0015151775530954,0.0009769128255534,0.4107756018710222,0.4107756018710222,0.4107756018710222,False,0.4009279612133491,3.5804780622776114e-05,8.441567939003307e-05,3.955457087898987e-05,2.3576650358341986,0.5314309952274096,0.0444205422891673,0.4241484624834231,0.5939500517327986,0.7839732117533893,-0.180580561799108,7483.467652118071,True,wing_R,high
-0.0120278510407158,0.0014433788311435,-0.0042261439646433,0.0011881220479526,0.0009038260007955,0.432625207472008,0.432625207472008,0.432625207472008,False,0.105422606130483,8.699338202219366e-05,0.0001156481587753,4.9055871595899537e-05,2.3574784223189056,0.2477754687719819,0.3280424939577206,0.4241820372702974,-0.3473904902305799,-0.8644107722169342,0.3634747091238686,6781.485686146037,True,wing_R,high
-0.0113677866141711,0.0030103736314615,-0.0047086267836832,0.0014153845979898,0.000984219994434,0.436330350516784,0.436330350516784,0.436330350516784,False,0.1319218747853695,9.75512953713815e-05,3.708911395375461e-05,9.403567980234224e-05,2.630186730613611,0.0360386354241138,0.5837602220635808,0.3802011425123053,-0.2181813103120121,0.6892363448838912,0.6909053312297041,12198.129885752152,True,wing_L,high
-0.0114557634826115,0.0013068998118214,-0.0045539449369553,0.0016212521039565,0.000772666456257,0.8478045284937437,0.8478045284937437,0.8478045284937437,False,0.0625842742144098,0.0001181174200681,0.0001167932032386,0.0002844853578898,2.435804053670596,0.5848031654625604,0.0046547802646149,0.4105420542728246,0.9143039221477128,-0.3641489877466819,0.1773241457567927,6639.073491479889,True,wing_R,high
-0.0119321808100381,0.0027218905270494,-0.0039447775315436,0.0004398681306801,0.0003705477747749,0.4538467831846473,0.4538467831846473,0.4538467831846473,False,0.2148023639339101,0.0001353379168694,0.0001263787410865,4.8405673495043645e-05,2.795910212536034,0.0661985642323919,0.5761361589943067,0.3576652767733012,0.1336733477797231,-0.575197553621443,-0.8070187175036703,5598.752118906127,True,body,high
-0.0132156771454008,0.0028785446272324,-0.0031760145023907,0.0012642149213136,0.0003930582693725,0.401153690485963,0.401153690485963,0.401153690485963,False,0.4923492718686226,3.504798642125189e-05,3.51718414751679e-05,7.944925739159082e-05,2.266870810684164,0.5573043395256378,0.0015589202213124,0.4411367402530497,0.7303707731438671,-0.2989720681388385,0.6141451263423129,3019.741387414748,False,body,high
-0.0116964939519009,0.0012474204677556,-0.0039659054899256,0.0013321426555329,0.0009754544712972,0.584781105059414,0.584781105059414,0.584781105059414,False,0.3395660043375281,7.617649310405681e-05,3.2022402080786166e-05,4.644206528630132e-05,2.3788500597762354,0.3903360026975562,0.1892928201068267,0.420371177195617,-0.152751139091417,0.3478455460547369,-0.925024629724072,3597.493603963953,False,wing_R,high
-0.0132140550957655,0.0029430564786907,-0.0026841990956844,0.001530348955235,4.421853377308907e-05,0.2311753130965225,0.2311753130965225,0.2311753130965225,False,0.4221620560870894,2.0731823920362988e-05,5.059029456641276e-05,2.183053033313486e-05,2.440224013128073,0.5684838263893348,0.0217177310823825,0.4097984425282826,-0.8479278218666209,0.3821619957553024,0.3673834752746135,2106.8569049166954,False,body,high
-0.0126744702051254,0.0027856370459341,-0.0036856120593206,0.0006495137861248,0.0004483376675907,0.4979973435790433,0.4979973435790433,0.4979973435790433,False,0.1409825507880348,2.7238970579828417e-05,6.058775975425133e-05,6.875202796314217e-05,2.5240318007485896,0.1187494892989583,0.4850589889843124,0.3961915217167292,0.3044822435804808,-0.5925916658243877,-0.7457383461641717,17222.350940337285,True,body,high
-0.0107973162576667,0.0027878746625084,-0.0048361216517096,0.001809666264306,0.0008940658054395,0.485506028163722,0.485506028163722,0.485506028163722,False,0.3221655120091196,3.0303978730409907e-05,6.618637696198526e-05,8.303539736867247e-05,2.7400823537850103,0.2029137083776273,0.4321337570320707,0.3649525345903019,-0.3023635234679187,0.5963956688800528,0.7435647287339413,6753.176148653332,True,wing_L,high
-0.0114762292658886,0.0014273774239915,-0.0045960524777382,0.0015543617416262,0.0006812719230036,0.8873439333613349,0.8873439333613349,0.8873439333613349,False,0.9322225294869207,3.356978441750477e-05,7.208800287534625e-05,2.950748161168155e-05,2.4430415249943844,0.5343221745849548,0.0563519953916286,0.4093258300234166,-0.2085338202970591,0.3591953819513036,-0.909666050469716,7234.301615247122,True,wing_R,high
-0.0117997976017604,0.0017950026297294,-0.0039551205112927,0.0008092295454212,0.0004882064006139,0.3853341974768543,0.3853341974768543,0.3853341974768543,False,0.630867646192946,0.0001096877670654,4.153435137365581e-05,8.218642946530368e-05,2.640892741497612,0.2507238348992293,0.3706163337920161,0.3786598313087546,-0.3956443199614191,-0.8890788945202184,0.2302266088030936,5094.89110342624,True,body,high
-0.0114583262784414,0.001667526082492,-0.0039341325246206,0.0010762044893415,0.0005657303238731,0.3183025567302971,0.3183025567302971,0.3183025567302971,False,0.2050528300432806,0.0001256979326337,4.898051481500337e-05,5.201840010703452e-05,2.56628443184925,0.5861634394686434,0.0241681404648382,0.3896684200665183,-0.3212278907891092,0.940991212852019,-0.1065278344587292,5963.257211268518,True,wing_R,high
-0.0110584830504538,0.0030635608447353,-0.0049912569678075,0.001818523459571,0.0011671990396695,0.6416942366166252,0.6416942366166252,0.6416942366166252,False,0.0672740810799263,4.805000619458957e-05,4.85857210381891e-05,0.0001254891044237,2.611635551419695,0.6128291674300704,0.0042690147966203,0.3829018177733092,-0.3645623785064698,-0.1316392299036266,-0.9218271992776548,4743.718544585452,True,wing_L,high
-0.012874359279717,0.002722098883469,-0.0040288128519756,0.0008977501075356,0.0008156821006888,0.7382593018062683,0.7382593018062683,0.7382593018062683,False,0.7901084170703395,6.20705938025109e-05,7.886428973372778e-05,9.819285238867438e-05,1.5819544549725617,0.196842867731745,0.1710276819818086,0.6321294502864463,0.2961406165857836,0.7344946824054858,-0.6105884839450026,4516.147437673766,True,body,high
-0.0120728145704651,0.003096633107265,-0.0020656767076712,0.0016877289694552,0.0012230406011637,0.4181894693766236,0.4181894693766236,0.4181894693766236,False,0.2945321966952415,1.986159448247709e-05,5.2611954592699946e-05,2.0526806521043936e-05,2.648929049433412,0.6098452019136335,0.0126437431134547,0.3775110549729119,0.1304041887901981,0.8891268012996069,0.4386892735829081,2196.6085878302342,False,body,high
-0.0124130466682321,0.0024397123698109,-0.0019839156383177,0.0016758761950127,0.0011322894227218,0.2670899718246925,0.2670899718246925,0.2670899718246925,False,0.4789510850272813,6.312621721197762e-05,2.343135210988888e-05,2.2492853063270296e-05,2.8065011154614075,0.6288174209582925,0.0148670249552116,0.3563155540864958,0.447633085962242,0.5448428132990987,0.709063416873444,1742.2155347092844,False,body,high
-0.0125915638489894,0.0034270417296654,-0.0023341734555113,0.0016834506110731,0.0008189545950913,0.3233422144216572,0.3233422144216572,0.3233422144216572,False,0.0991552221455892,3.337401170708663e-05,3.4515577249928166e-05,9.196765891768018e-05,2.755666886104429,0.6246987511031145,0.012412684592345,0.3628885643045405,0.9581891799383614,-0.2833433764679668,-0.0398751358716504,1820.731392033325,False,body,high
-0.0125759586421727,0.0033989168235341,-0.002402800295798,0.0016101888661134,0.0007820782793952,0.2309851113202238,0.2309851113202238,0.2309851113202238,False,0.1176694043278622,4.1664237981901485e-05,9.852655668216128e-05,3.692331300075632e-05,2.6684105156041418,0.5771268236206919,0.0481182448752269,0.3747549315040811,0.5249981157246141,0.8434768089356051,-0.1136831178030124,1999.021219682641,False,body,high
-0.0134031044892771,0.0025800261471024,-0.0038273640836713,0.0013125528722295,0.0010194728883488,0.4208719752189169,0.4208719752189169,0.4208719752189169,False,0.2784216441013576,7.905269195766363e-05,7.438823905341716e-05,4.938176596147446e-05,1.6008478113021951,0.059004352524067,0.3163266483744137,0.6246689991015192,-0.452022007613874,0.7626345377296696,0.4626712293784607,3782.156078531348,True,body,high
-0.0112838365725086,0.0029759592001516,-0.0047784878294854,0.0015014033154117,0.0009868087885846,0.350959522428717,0.350959522428717,0.350959522428717,False,0.508278771796406,7.752567068377612e-05,7.326366711359647e-05,3.067110667320066e-05,2.5276450409764752,0.0549753847027545,0.5493994449158528,0.3956251703813925,0.3337744683524272,-0.5335724448695953,-0.7771068461620558,14362.067662172976,True,wing_L,high
-0.0121699150910595,0.0016229839581079,-0.0039523928360888,0.0009066118801359,0.0007927543994035,0.4029417082451213,0.4029417082451213,0.4029417082451213,False,0.6177088351043665,4.432204850713428e-05,0.00010515103084,4.061893810702269e-05,2.588719344730806,0.578491545417706,0.0352170622629819,0.386291392319312,-0.2553955261844164,0.6916380850108539,-0.6755811458052272,5703.705514323254,True,wing_R,high
-0.0131761072310853,0.0028809495508473,-0.0029288292993151,0.0013419199287314,0.0001846076408274,0.2377366522549112,0.2377366522549112,0.2377366522549112,False,0.5246247049344124,2.311851643081226e-05,2.150058703865364e-05,5.422372680537931e-05,2.521964944859236,0.5736457489580231,0.0298380337811475,0.3965162172608292,-0.4554069629989155,0.4825776897738466,0.7481465574235048,2559.5738940815177,False,body,high
-0.0126317341665713,0.0032816576064893,-0.0026065781738348,0.0014085647345979,0.0005873355629864,0.1960089349244539,0.1960089349244539,0.1960089349244539,False,0.2717342977910499,2.2438219837147344e-05,2.296095294136416e-05,6.618751313619759e-05,2.9497666756353635,0.6530923756854835,0.0078977601581911,0.3390098641563253,-0.3117628524333617,0.9364299751758972,-0.1609435473533562,2586.182266550244,False,body,high
-0.0114770061567168,0.0025404942886051,-0.0025181992508706,0.0012829891372514,0.0012532928392075,0.2471011977021243,0.2471011977021243,0.2471011977021243,False,0.1469260181014821,5.00339561140262e-05,2.1980839691032367e-05,3.608188448668053e-05,2.2762531740058503,0.2788520579014226,0.2818294992207334,0.4393184428778439,-0.8779552749361874,0.3277241854770286,-0.348986236784693,7267.751323534373,True,body,high
-0.0116423571220844,0.0011682200956143,-0.0043618590544285,0.0015631206647888,0.0009776962840269,0.4423922334637102,0.4423922334637102,0.4423922334637102,False,0.9639004888525998,3.708398552271722e-05,3.591880489601191e-05,9.890255752940944e-05,2.753503570504113,0.6250452319022185,0.0117810970293546,0.3631736710684269,0.1498396400251512,0.9315823788147494,-0.331213456488389,7180.099945904475,True,wing_R,high
-0.0113502743576889,0.001096475840698,-0.0044911279049457,0.0017885829183758,0.000925670347157,0.4180102976891909,0.4180102976891909,0.4180102976891909,False,0.2474527724740328,0.0001218016867531,4.715601422192552e-05,7.017781013143083e-05,2.5829512685262164,0.4238354820680796,0.189010485184496,0.3871540327474244,-0.6918417807139702,0.6458732960437201,-0.3228043306960799,11162.563871507922,True,wing_R,high
-0.0121414379938922,0.0020875212711574,-0.004037269987234,0.0005574898222784,0.0004269663760558,0.7911258115461743,0.7911258115461743,0.7911258115461743,False,0.984808939641428,4.315418419129501e-05,4.277599015097624e-05,9.910073523552376e-05,2.3167373773406874,0.5645422398861688,0.003816258672753,0.4316415014410781,0.5792825263092071,-0.5705754148865081,-0.582130097692872,4552.962757537856,True,body,high
-0.0128498033277204,0.0027420412189804,-0.0020416885683087,0.0017750294500644,0.0007516432031841,0.2545723342361975,0.2545723342361975,0.2545723342361975,False,0.2012424093350178,5.846550446663056e-05,2.375002910693768e-05,2.2299217892517483e-05,2.621863454962189,0.593777060103995,0.0248148241883084,0.3814081157076966,-0.7575926805442839,-0.0102636985969822,-0.6526469082718742,1709.0313802053054,False,body,high
-0.0110578834631429,0.0027886632073978,-0.0044343868659024,0.0013612729764205,0.0007471650282965,0.4620143496093639,0.4620143496093639,0.4620143496093639,False,0.2589134502468704,0.0001256680274066,0.0001208402191604,5.246604864559876e-05,2.395225686910751,0.0384171562631465,0.544085651107063,0.4174971926297905,-0.2222081167779736,0.6590324552332931,0.7185400307478796,6449.470646246438,True,wing_L,high
-0.0120246521895118,0.0016754506787014,-0.00403985778439,0.0008962835298014,0.0006836517381345,0.3807500942255709,0.3807500942255709,0.3807500942255709,False,0.1527741967333395,9.897917570460916e-05,4.840627362098229e-05,0.0001147839129022,2.371261084895439,0.1376912216879035,0.4405922468133749,0.4217165314987215,0.7571707518137212,0.5765068173095238,-0.307135706477589,5604.2191440575525,True,wing_R,high
-0.0113966004889476,0.0015852509997477,-0.0040005647287374,0.0011940188199067,0.0006073450475752,0.3304241031550485,0.3304241031550485,0.3304241031550485,False,0.2493640707104349,6.30321316992837e-05,5.641441274331486e-05,0.000159817509254,2.8329198423327764,0.6055993364339615,0.0414079720479661,0.3529926915180724,-0.1196469281010749,0.971106134325323,-0.2064884705539366,5734.072254813231,True,wing_R,high
-0.0124051354849448,0.0026850610169566,-0.0032219000728706,0.0005494921865557,0.0001176544578237,0.4507058897163415,0.4507058897163415,0.4507058897163415,False,0.1234104184207095,8.640526069570469e-05,0.0001194931118836,0.0001175810968157,1.382937924398884,0.0160010484099281,0.2609006965222126,0.7230982550678592,-0.4415583530501852,0.800427265015452,0.405391680071867,12235.660749443978,True,body,high
-0.0116161028758959,0.0015506795336118,-0.0045409903248758,0.0013833037046787,0.0006464718954663,0.8713195345931329,0.8713195345931329,0.8713195345931329,False,0.9651323217333806,4.9712385394050895e-05,3.085811555708842e-05,2.937963555035787e-05,1.6920695053838186,0.3792670516112222,0.0297406771976683,0.5909922711911093,0.0671862250447679,-0.1627692143496173,0.984374011249912,4575.948378417052,True,wing_R,high
-0.0113364719165883,0.0010826775057533,-0.0044948857791536,0.0018068557511517,0.0009333981782979,0.4841760701544591,0.4841760701544591,0.4841760701544591,False,0.1530037476753036,4.497663341503565e-05,7.51125145342061e-05,0.0001159884087587,2.578859286519137,0.3524136132391622,0.2598180407997176,0.3877683459611201,0.8445254370697635,-0.5132959750365618,0.152656569309644,10606.737279940437,True,wing_R,high
-0.0129866024467877,0.0029883230182375,-0.0026726095384257,0.0013994691034272,0.0001481681439154,0.462266208909857,0.462266208909857,0.462266208909857,False,0.268299776112999,4.95025214117602e-05,2.770166405532566e-05,2.097676423290152e-05,2.359874042637937,0.4403989278666391,0.1358496422129018,0.4237514299204589,0.0075589862825428,0.9777293358950327,0.2097336583780445,2671.3065003237534,False,body,high
-0.0120691630684475,0.0014301696104293,-0.0041696268022519,0.0011704055298878,0.0009296359764251,0.397828639931827,0.397828639931827,0.397828639931827,False,0.1316995525966534,5.2733970134128025e-05,0.0001284580709349,6.716361626394776e-05,2.4359643434441933,0.477155341232397,0.1123296187214474,0.4105150400461555,-0.3172752845157196,0.5916605494737736,-0.7411303448327169,6926.003345778377,True,wing_R,high
-0.0114377907985245,0.0025139136943312,-0.0025040426321539,0.001313726136607,0.0012903365172744,0.5717127280718938,0.5717127280718938,0.5717127280718938,False,0.011818626860143,4.087806103135696e-05,0.00011026887274,9.036912990808054e-05,2.69750741492926,0.1804656412771517,0.4488217540176543,0.3707126047051939,-0.1087930657134252,0.7808936115842738,0.6151172540577473,6025.980778894055,True,body,high
-0.0113709192067381,0.0012810197825253,-0.0043592307621032,0.0015768080159925,0.0007773573039315,0.6061245792274743,0.6061245792274743,0.6061245792274743,False,0.1832501467675918,8.918402805501658e-05,0.0001560685983167,5.827918314244017e-05,2.677947594688431,0.4285587939090812,0.1980209039224044,0.3734203021685143,-0.4377693078282892,0.5912331984201442,-0.6773487567047178,5998.012719496575,True,wing_R,high
-0.0130680385574553,0.0030651565069681,-0.0037762111473883,0.0011376466374837,0.000824481229417,0.5207954040169122,0.5207954040169122,0.5207954040169122,False,0.121497811522034,0.0001055706847715,6.868282401825586e-05,9.742011526669736e-05,1.5370754811059253,0.0772048558983249,0.272209006795978,0.6505861373056971,-0.621376395868863,0.7808731503901385,0.0642533863450183,3000.2938481410947,False,body,high
-0.0117375728221917,0.0024778072877354,-0.0025455290407499,0.0011484502631688,0.0010687957541211,0.5777640349122701,0.5777640349122701,0.5777640349122701,False,0.0188717882782926,9.951835378792378e-05,3.858121748939918e-05,6.03376811288346e-05,2.579450838099344,0.3937029820909641,0.2186175997826392,0.3876794181263967,0.3534570332631948,-0.792092135528828,-0.4976526644861476,5274.619469976061,True,body,high
-0.0115239078762903,0.0030111905145463,-0.0046655388256984,0.0013061032531368,0.0009653193695196,0.3582862589579411,0.3582862589579411,0.3582862589579411,False,0.9127340055253428,3.7999991286077576e-05,3.608415564234638e-05,9.76751998047226e-05,2.706872256423159,0.6109555817438904,0.0196143509054646,0.369430067350645,0.1975852964851162,-0.611992315496217,-0.765784210066039,6016.960713068312,True,wing_L,high
-0.01139576665133,0.0014029352403587,-0.0041207199369038,0.001373084522739,0.0007275488698892,0.4188462556818649,0.4188462556818649,0.4188462556818649,False,0.1222229223356475,5.599621526712347e-05,0.0001332586948619,0.0001051973703327,2.3797803874103263,0.2105778130141933,0.3692153455099011,0.4202068414759055,-0.3477382839799157,-0.8746768486924199,0.3376662497440356,5944.299400057348,True,wing_R,high
-0.0127994493310764,0.0027947529704552,-0.0039494933979146,0.0008260955780481,0.0007250045288092,0.5163806666452101,0.5163806666452101,0.5163806666452101,False,0.1245905596291661,0.0001531344924402,9.388052803464268e-05,5.456261443410973e-05,2.806582749533649,0.3869406784935377,0.2567541314435065,0.3563051900629558,0.20169958013316,-0.7820373986973459,-0.5896904157376102,5209.474643249834,True,body,high
-0.0111029443696671,0.0027908135255975,-0.0043368430439497,0.0012706765229529,0.0007238499851584,0.499632865216861,0.499632865216861,0.499632865216861,False,0.3563189917558819,9.610436595622416e-05,4.296065575016134e-05,0.0001227186547225,2.856535883349617,0.2168723966744059,0.4330532332366789,0.3500743700889151,0.2020992171272682,-0.6337051827738951,-0.746708542713989,5782.836356234372,True,wing_L,high
-0.0126931898639382,0.0027847975260796,-0.0036439107345687,0.0006633865432472,0.0004254616058761,0.4891745751895699,0.4891745751895699,0.4891745751895699,False,0.1200619066487085,8.064954535947797e-05,3.2045100555893055e-05,7.659996612033253e-05,2.516751202537469,0.0502120529148096,0.5524503004430559,0.3973376466421344,0.2449507012964599,-0.6266015619259411,-0.7398443326310906,26271.283872955,True,body,high
-0.0108571004804588,0.0028372828764948,-0.0049026256811342,0.0018221055582532,0.0009474697523691,0.47522398865915,0.47522398865915,0.47522398865915,False,0.2154484946814181,0.0001108385746252,8.040310754295281e-05,4.669868277543612e-05,2.3734839622394523,0.2745927325858209,0.3040856929231214,0.4213215744910576,0.2980938174890701,-0.6651739543949496,-0.6846047665400659,8215.07507600975,True,wing_L,high
-0.0109548342750116,0.0027924771487859,-0.0044130371944344,0.0014314873584671,0.0007866805093486,0.4701772942418899,0.4701772942418899,0.4701772942418899,False,0.2557091530834062,3.3420990949732416e-05,8.434735825206562e-05,6.174722732049773e-05,2.523783881182043,0.2679411827461049,0.3358283763448112,0.3962304409090839,0.2831123369172615,-0.7319191803885987,-0.6197916731164828,5509.767187849688,True,wing_L,high
-0.0114929004850107,0.0024958220631946,-0.0025694665391846,0.0012289146671071,0.0012055105300839,0.2238713597539041,0.2238713597539041,0.2238713597539041,False,0.2022846388857989,6.250547773794602e-05,8.447889952775235e-05,3.145290623406864e-05,2.6858853327915337,0.2601054454146599,0.3675778410640426,0.3723167135212974,0.8004181611173482,-0.4978951054473675,0.3338131682919019,7498.604955130826,True,body,high
-0.0111830861740892,0.0026911218797034,-0.0041374623089551,0.0010789082214541,0.0006007051756913,0.3902834958731446,0.3902834958731446,0.3902834958731446,False,0.2426532227762932,9.401716282699783e-05,3.52759770258048e-05,3.224838992864293e-05,2.915406413623524,0.6247921553353342,0.0322024937375846,0.3430053509270812,-0.2472596594937268,-0.9063246494830708,0.3426927056802281,11733.569619094153,True,wing_L,high
-0.0128864439889818,0.0029320639433015,-0.0026295173221948,0.0013498867671542,0.0002353888977162,0.2927373160487849,0.2927373160487849,0.2927373160487849,False,0.1240794728389006,4.842123300966692e-05,8.35905364774342e-05,3.386380642791523e-05,2.468432975937617,0.4207330751760573,0.1741516108786017,0.4051153139453409,-0.9403513378122512,0.3381590377069141,-0.0372535460304601,2849.706224762979,False,body,high
-0.0119612543421178,0.0018546930906714,-0.0039592155754434,0.0007117165480293,0.0004920861581349,0.4137567944490095,0.4137567944490095,0.4137567944490095,False,0.6817732292423995,6.4968393299722e-05,0.0001269996349789,4.693652613877833e-05,2.7057740618350614,0.4884363777069868,0.141983614078359,0.3695800082146541,-0.8264983827285091,-0.2051623434413413,0.5242221248486333,4487.577351128615,True,body,high
-0.0115199595762632,0.0024794069689891,-0.0032695355711075,0.000692462895482,0.000667056940162,0.7397478089358998,0.7397478089358998,0.7397478089358998,False,0.2314279205215203,2.280624672897441e-05,4.8740633556349294e-05,3.804259670120034e-05,2.137161547692382,0.2194890807642231,0.3126005728795277,0.4679103463562491,-0.1898996142544133,0.960824967243756,-0.2018750079307987,3812.312313710772,True,body,high
-0.011487531303163,0.0010917425892252,-0.0044803984190535,0.0017332103753205,0.0009815869145829,0.3878638794202104,0.3878638794202104,0.3878638794202104,False,0.4353024435971295,8.679499430770687e-05,5.46428071521453e-05,3.401243045786198e-05,2.551860985507556,0.3704382656167378,0.2376908583131443,0.3918708760701178,0.441990690700525,-0.8949795029422152,0.0604641931011959,8161.230368957659,True,wing_R,high
-0.0125258038347,0.0026128658233011,-0.0022946573454449,0.0014077847431973,0.0007705497745887,0.3356380900558026,0.3356380900558026,0.3356380900558026,False,0.1214135533717545,7.304091255793267e-05,3.0310973368062647e-05,2.809507987815799e-05,2.5997759349571026,0.5850137641144422,0.0303377026970619,0.3846485331884959,0.4573143759697659,0.6753947895249751,0.5785373279347652,2643.860408758051,False,body,high
-0.011345783836187,0.0030518426661826,-0.0048056651507502,0.0015170588225282,0.0010657838667365,0.4545548568809914,0.4545548568809914,0.4545548568809914,False,0.2566553282972971,2.076447242406722e-05,4.793347966959168e-05,4.6724654094631006e-05,2.308437156054782,0.0252188153936074,0.5415876721137055,0.433193512492687,-0.4747093473699255,0.4917987668103715,0.7299212344379478,13442.999702563257,True,wing_L,high
-0.0110363508702526,0.0029541594130546,-0.0050321233720616,0.0018299445338132,0.001086999386703,0.3175561761742596,0.3175561761742596,0.3175561761742596,False,0.3046406145565913,9.150904510264264e-05,3.3159104175562733e-05,8.756746622295676e-05,2.759695938048956,0.0430731068744597,0.5945681324328758,0.3623587606926645,0.3908477428390993,-0.5482384815506036,-0.7393731191115009,5394.447383907108,True,wing_L,high
-0.0119192101154203,0.002338052096462,-0.0027599914814638,0.0009020698982171,0.0008237629506982,0.1889755382280892,0.1889755382280892,0.1889755382280892,False,0.7773681991259134,6.416416995178839e-05,0.0001487700227943,0.0001319028394298,2.318584077470481,0.1133775679244819,0.45532472339334,0.431297708682178,-0.7916387270051719,0.5411646972858992,-0.2836351464771106,4729.524913252368,True,body,high
-0.0111046934928399,0.0028555570198915,-0.0046482854850524,0.0014809007907691,0.0008445195435149,0.3648112459027197,0.3648112459027197,0.3648112459027197,False,0.1636746449943131,2.026884528206904e-05,5.029219173552317e-05,4.081744635670794e-05,2.4812558897972585,0.1883939643879723,0.4085843222482725,0.4030217133637551,-0.3046461832679221,0.6696635770691308,0.6773045080074866,12965.950799850343,True,wing_L,high
-0.0133004383707183,0.0031042904685735,-0.0038452201730535,0.0013661790323374,0.0010121253178508,0.2489674181187759,0.2489674181187759,0.2489674181187759,False,0.6617170472574914,2.441019661242236e-05,5.74859554666516e-05,2.4800655383667285e-05,2.354997642149141,0.5685788784000557,0.0067922463508749,0.4246288752490693,-0.8566500596074607,-0.2769733629682344,0.4352429569569168,2824.2231829389298,False,body,high
-0.0112465132340118,0.0029707020523916,-0.0048030177059138,0.001539097619755,0.0009940992440883,0.3831304664293997,0.3831304664293997,0.3831304664293997,False,0.2364086645229498,0.0001167470442423,5.055103702104756e-05,4.154330425360874e-05,2.8102493612372355,0.5670037100374514,0.0771559813431946,0.3558403086193539,0.1629300849039832,-0.0052247586702385,0.9866237830754024,10585.41726867135,True,wing_L,high
-0.0116984473995237,0.0029562349369672,-0.0044399787266313,0.0010294633365919,0.0008112144146175,0.453209938472996,0.453209938472996,0.453209938472996,False,0.673362241014016,6.067634492849112e-05,2.608492595571251e-05,6.12908423021632e-05,2.3496651823441623,0.0100259247644633,0.5643815237885503,0.4255925514469861,0.2377892313015717,-0.5706570628684742,-0.7860068689746507,10529.332008412144,True,wing_L,high
-0.0114203696621823,0.0028401932828163,-0.0043954102584744,0.001093759375163,0.0006996891239287,0.4198935340356176,0.4198935340356176,0.4198935340356176,False,0.2394504997674088,2.360873134459733e-05,5.811922335109605e-05,3.831037596158864e-05,2.461768169698629,0.3408312473455282,0.2529566599364071,0.4062120927180646,-0.3311664985620348,0.5449418603187747,0.7703032643722049,11056.038421327938,True,wing_L,high
-0.0115483637519946,0.0011362428229138,-0.0044458823588662,0.0016595237913201,0.0009663523173012,0.4548554141919694,0.4548554141919694,0.4548554141919694,False,0.3725657684015633,5.1179461591896574e-05,4.394447257046896e-05,0.0001038706946965,2.363680540935735,0.5072771801378902,0.0696538041125789,0.4230690157495308,-0.877337480203371,-0.3678824912669696,0.3081256536700698,7059.329826997109,True,wing_R,high
-0.0115011718747248,0.0025660066000813,-0.0025326623786063,0.0012602976989375,0.001226259635301,0.2244308172948151,0.2244308172948151,0.2244308172948151,False,0.105925637737321,5.602457899110721e-05,6.161046731334548e-05,5.813363610863802e-05,1.0997042445089131,0.0564324757841,0.0342321233631344,0.9093354008527654,-0.4004059551454368,-0.4520987298462411,-0.7970456759530697,7621.264076461154,True,body,high
-0.0108629849599537,0.0027660914958569,-0.0047621591017386,0.0017090117174147,0.0008405375062079,0.3524320224781648,0.3524320224781648,0.3524320224781648,False,0.6834757857860478,3.138566756667943e-05,8.047076632418802e-05,9.3864100451311e-05,2.990667643181238,0.142688568501973,0.5229379339012568,0.3343734975967702,0.2873501888382646,-0.6942746054483652,-0.6598580462524731,5876.546417920128,True,wing_L,high
-0.0109619057373861,0.0028888316136389,-0.0049845507246346,0.0018231829633593,0.0010118992183863,0.3137140397620514,0.3137140397620514,0.3137140397620514,False,0.6187945290060249,8.00142944965721e-05,3.252506854423487e-05,8.312358121314269e-05,2.555677356992888,0.0374055914241454,0.5713087099864834,0.3912856985893712,0.3102456995679624,-0.618005298535766,-0.7223690586405991,6044.616879477105,True,wing_L,high
-0.0134081111095817,0.002917244801013,-0.0036039168525159,0.0013736757622103,0.0008458770845835,0.1416040976992611,0.1416040976992611,0.1416040976992611,False,0.8630039546996039,0.0001652502165663,0.0001588420016754,5.633462856487964e-05,2.933368352221726,0.0387788592598436,0.6203161196429585,0.3409050210971978,-0.0038096855850837,0.5858995957319704,0.8103746972955513,4715.864529072414,True,body,high
-0.0133992848089804,0.0026201053025065,-0.0037540121299097,0.0013038967313819,0.0009591482627599,0.3171361080185604,0.3171361080185604,0.3171361080185604,False,0.3587389368863529,6.357868272814226e-05,9.253123094894752e-05,0.0001304985379095,2.052551772228013,0.2909404777157954,0.2218610927339888,0.4871984295502157,-0.6680476600260521,0.5102599428067404,0.5416152829274461,4938.07758264915,True,body,high
-0.0113230642030188,0.0030190548270056,-0.0048329765943914,0.0015376663539856,0.001049681811815,0.3824480553445369,0.3824480553445369,0.3824480553445369,False,0.3593567077213394,1.7079542097408538e-05,4.3695196782202594e-05,3.236374044167317e-05,2.558335377669898,0.2593295642312981,0.349791269288665,0.3908791664800368,-0.377983463054504,0.4362080630722843,0.8166094705353656,15009.970438762286,True,wing_L,high
-0.0127491255327581,0.0025773061085864,-0.0038599883165159,0.0006872514601346,0.0005948839727173,0.3978914660401315,0.3978914660401315,0.3978914660401315,False,0.3754935559728728,7.659536401910388e-05,9.19281114785007e-05,0.0001027027210941,1.340847744630182,0.1049106537865331,0.1492925143175315,0.7457968318959354,-0.5583993241968257,0.7852445499602558,-0.2675466155537083,6056.525576575134,True,body,high
-0.0120620434333485,0.0028342734511829,-0.0041421837638525,0.000629413561056,0.0005852649273066,0.3086992502131194,0.3086992502131194,0.3086992502131194,False,0.8567318697179439,7.907463364403389e-05,3.6577567514406365e-05,8.971223126526614e-05,2.4526571164124644,0.1185746633564203,0.4737042600575814,0.4077210765859982,-0.2408879385501499,0.4965308674158319,0.8339245162269427,6113.976925977957,True,body,high
-0.0124949613831622,0.0027513069027122,-0.0037664961428128,0.0004960691488667,0.0004086034542431,0.3790442977081117,0.3790442977081117,0.3790442977081117,False,0.2434152945115799,6.378669150333058e-05,2.44265907970331e-05,2.761585827881034e-05,2.611362839511694,0.5670592465613552,0.0499989481600674,0.3829418052785773,-0.6121162923430901,-0.4929590901893537,-0.618308159454356,7012.423461530059,True,body,high
-0.0124086472472773,0.0020320683421136,-0.0037501000151586,0.0005422574175389,0.0005421874056298,0.3718957324238088,0.3718957324238088,0.3718957324238088,False,0.1035896698142203,9.14041197023261e-05,3.6919122913502574e-05,7.700992807661384e-05,2.4757933691023988,0.1574785870985851,0.4386104837908199,0.4039109291105949,-0.1338585233492285,-0.9214645413810914,0.3646710774164842,6468.802171985379,True,wing_R,high
-0.0123908292485932,0.0029137491875346,-0.0026210482701838,0.0011395467786025,0.000583467130075,0.4592257169935952,0.4592257169935952,0.4592257169935952,False,0.1417514365327789,4.8698677755016606e-05,1.9902569255609373e-05,2.1229355693482737e-05,2.446853827240988,0.5640671025961104,0.0272448144187382,0.4086880829851514,0.6398257623014133,-0.7510607138085434,0.1628827740088472,4142.222503904298,True,body,high
-0.0126890334854595,0.0022205873779709,-0.0035885419540213,0.0006315790602567,0.000523778728381,0.2946917771763643,0.2946917771763643,0.2946917771763643,False,0.1360048655356291,4.847089990732759e-05,0.000116432713771,7.49205691987999e-05,2.402115784804196,0.3565333421145035,0.2271669914306118,0.4162996664548846,-0.0301133344317023,0.9320235298897128,0.3611444680752068,4737.51171719864,True,wing_R,high
-0.0117691550160407,0.002791454531793,-0.0042006031494414,0.0007372848650993,0.0005518127110506,0.3515272189079577,0.3515272189079577,0.3515272189079577,False,0.8729211507109083,0.0001857800435273,0.0001736741078643,6.210114600685691e-05,2.9915719028255747,0.065162734560696,0.6005648386072802,0.3342724268320237,-0.1880488860061378,0.601711945638991,0.7762604916825218,5161.901844746052,True,body,high
-0.0121276880633088,0.0027288824061945,-0.0034302720816653,0.0003294542808194,0.0002404433250489,0.4783093344485993,0.4783093344485993,0.4783093344485993,False,0.3662052962899915,4.853686224458726e-05,0.0001120319553132,0.000138450612338,2.8524837810968866,0.1908164693434308,0.4586118616336299,0.3505716690229392,0.2275480057894168,-0.7355522063540221,-0.6381103797847122,5208.099491131316,True,body,high
-0.011390841893244,0.0028184224191279,-0.0042468928214786,0.0010087025833084,0.0006446843828927,0.4467906075052168,0.4467906075052168,0.4467906075052168,False,0.1636467268217273,2.4902067993813884e-05,6.21960364823713e-05,6.926337610706596e-05,2.7814306877754977,0.1020357369494971,0.5384370584377686,0.3595272046127344,-0.2359993373415387,0.662321968032093,0.7110794072650746,9482.932911605112,True,body,high
-0.0116656854133104,0.0018744738474711,-0.00374567617208,0.0007507999665274,0.0004737950186541,0.372059947916049,0.372059947916049,0.372059947916049,False,0.2236733449171799,0.0001216808831141,5.418257985181791e-05,8.561225496223579e-05,2.2457565410678644,0.2964198420394373,0.2582959155624545,0.4452842423981082,0.6712644863272254,-0.7384310245180847,-0.0642153519418634,6734.912260687345,True,wing_R,high
-0.0127203402392916,0.0027663290385257,-0.0036470565385897,0.0006791529146425,0.0004368419385295,0.4265089643462652,0.4265089643462652,0.4265089643462652,False,0.2155231598093828,3.508547516930405e-05,9.621932076760593e-05,7.872362063113084e-05,2.7424260410697614,0.1818314658313962,0.4535278893438042,0.3646406448247995,0.2647895318265191,-0.656623994485297,-0.7062091996719284,24673.193556740025,True,body,high
-0.011263963808124,0.0027071160572034,-0.0041119141256974,0.0010014201080648,0.0005778907497813,0.3694829088914566,0.3694829088914566,0.3694829088914566,False,0.2247280521732641,7.832283384997658e-05,2.9085216223510468e-05,7.703093546506247e-05,2.692874388420941,0.0164945306676297,0.6121550623843565,0.3713504069480137,0.1939762439230794,-0.753388309052871,-0.6283146286502889,16823.273688663947,True,body,high
-0.0115821288643731,0.0027485633090537,-0.0026828083957309,0.0011214083117715,0.0010763126508184,0.1851709310206811,0.1851709310206811,0.1851709310206811,False,0.2005373630378576,2.444560692525309e-05,2.503849528917967e-05,5.989834028397273e-05,2.4502701228536825,0.581983487848338,0.0098982436093512,0.4081182685423107,-0.7309091488512474,-0.6820876513737413,0.0229837327037649,5199.246495356487,True,body,high
-0.0122610146732016,0.0031139679145185,-0.0033404451582917,0.0007237629534634,0.0005197691311192,0.276016659735078,0.276016659735078,0.276016659735078,False,0.1678395899192936,3.084422838732199e-05,5.870681579539423e-05,7.331105407338882e-05,2.3768159524950905,0.1992092251650735,0.3800598390002698,0.4207309358346566,-0.6243296225227017,0.7561801387851383,-0.195969691910635,3649.411399722402,True,body,high
-0.011393910402199,0.002635472857416,-0.0038115111178948,0.0007567766347812,0.0005067913699335,0.33140934566601,0.33140934566601,0.33140934566601,False,0.3084194169008005,5.414316804857184e-05,2.263567391439988e-05,2.292865530600476e-05,2.3919397431382947,0.5765180329781321,0.0054112347349538,0.4180707322869141,-0.0881931737758113,0.7574512897828307,0.6469076500596322,7874.690784573841,True,body,high
-0.0112182445715932,0.0029020193019752,-0.0046280885727408,0.0014053833780101,0.0008641646175139,0.3943487141512512,0.3943487141512512,0.3943487141512512,False,0.4910775089060902,1.6019379899984626e-05,4.035452983445846e-05,4.4916623200913294e-05,2.8038927524876542,0.1015680396553513,0.5417849384095959,0.3566470219350528,-0.3192465555823842,0.6804980471614357,0.6595483640782198,9286.97522009455,True,wing_L,high
-0.0122802488959182,0.0019060449523309,-0.003826566646074,0.0006194690693532,0.0005899069952497,0.4061598543708886,0.4061598543708886,0.4061598543708886,False,0.3375957763110026,3.772038545288389e-05,7.849234940343368e-05,0.0001044074898811,2.7679327405484493,0.2482115076917596,0.3905080372774378,0.3612804550308024,-0.2213194231914281,0.9644716138779242,0.1442644063583447,13171.142859467636,True,wing_R,high
-0.0113924467643067,0.0030108351699798,-0.0047405551774139,0.0014274431300722,0.0009990026253706,0.4653405267122104,0.4653405267122104,0.4653405267122104,False,0.1536232946019481,1.978097308851373e-05,4.56472846277384e-05,4.7557555599979976e-05,2.404207082592684,0.0401675600888617,0.5438948914194311,0.4159375484917071,0.4500356072735036,-0.5274567292224179,-0.7205951366641035,11723.10015833442,True,wing_L,high
-0.0133706397821006,0.0030542374811672,-0.0035155994568741,0.0013947907892463,0.000779276678548,0.1335419098179062,0.1335419098179062,0.1335419098179062,False,0.5448070681026199,0.0001573297153428,0.0001712600300351,6.36471139552633e-05,2.690774481236319,0.0813401392574358,0.5470196482411679,0.3716402125013963,-0.0817519400276824,-0.7533289133871401,-0.6525428480618427,3488.5813156475965,True,body,high
-0.0123809304393139,0.0021724693720064,-0.0035173318067594,0.0004176674476731,0.0003840558001136,0.1975238907275398,0.1975238907275398,0.1975238907275398,False,0.4374964348242005,6.89943965572838e-05,7.006940564215508e-05,0.0001693183105942,2.4540878541293543,0.5861675834335346,0.0063490421154013,0.407483374451064,0.4365123137270847,0.8591753624683747,-0.266973213060719,6928.478745369276,True,wing_R,high
-0.0132845590583032,0.0026702243667245,-0.0036240657682103,0.0011917563503637,0.0007807749047125,0.1510041210237718,0.1510041210237718,0.1510041210237718,False,0.6159445214808686,0.0002146391587652,0.0001493950995842,8.077662940463819e-05,2.65719379908821,0.303970904267145,0.3196922247288883,0.3763368710039667,0.068223825939603,-0.6391394622326289,-0.766058912480724,7465.394219836658,True,body,high
-0.013339686936557,0.0031024973088362,-0.0037247760650543,0.001386462993485,0.0009389733947352,0.1770249077382809,0.1770249077382809,0.1770249077382809,False,0.5783586883827249,8.000361214884667e-05,6.909250554008756e-05,6.980501777037347e-05,1.1579202624578215,0.1274766739219064,0.0089060007560694,0.8636173253220242,-0.3678457997367394,0.5705434032780217,0.7342817528660038,3392.6271878337866,False,body,high
-0.0122087970752488,0.0017722977915709,-0.0039418901236936,0.0007688749234488,0.0006814019586897,0.3987743019104858,0.3987743019104858,0.3987743019104858,False,0.3733055991741509,9.328791752021192e-05,3.740393517974812e-05,8.066939145813415e-05,2.4940669229563173,0.1352643128660667,0.4637841365577923,0.4009515505761409,0.0990990394067943,-0.7997071648858047,0.5921552421611752,6863.801441521047,True,wing_R,high
-0.0110482829925338,0.0028214342938218,-0.0045994971086861,0.0014790696048462,0.0008106956133794,0.3678834451209311,0.3678834451209311,0.3678834451209311,False,0.1442019528755661,6.595450157388805e-05,6.09933470784706e-05,2.651901136065545e-05,2.4870648711942747,0.0752208625192858,0.5226987528545561,0.4020803846261579,0.2702991317734228,-0.7234452452020954,-0.6352679407596562,8910.991822005071,True,wing_L,high
-0.0113076240846986,0.0029825034263381,-0.0047922976596297,0.0015013372472947,0.0009984114285413,0.3292866084265849,0.3292866084265849,0.3292866084265849,False,0.3597876278870879,5.8887203131247846e-05,3.0220975848289547e-05,8.414986851658364e-05,2.7844854825012666,0.3002103964114598,0.3406568279700754,0.3591327756184648,0.3446938424249112,-0.5127867123693572,-0.7862798119065353,17051.052477885307,True,wing_L,high
-0.0134171365358216,0.0028864481821721,-0.0036289997574911,0.0013722465195199,0.0008680972307866,0.153196283929245,0.153196283929245,0.153196283929245,False,0.9038099155319992,0.0001561898744632,0.0001392718646463,5.54908685110839e-05,2.8146950778407285,0.1083169435603912,0.5364047856696388,0.35527827076997,0.002034326524445,0.5012274226270276,0.8653131989761043,4937.3265566975015,True,body,high
-0.0116396083602063,0.0026571895076453,-0.0040202582125771,0.0006383473824566,0.0003810311492597,0.505369603526555,0.505369603526555,0.505369603526555,False,0.3165132667421755,6.324679613184718e-05,2.701439421636116e-05,5.592886228993011e-05,2.3412257785718555,0.1157044196620137,0.4571688977461012,0.4271266825918851,0.040369958251389,-0.7855502877757707,-0.6174795639097576,6845.273392878101,True,body,high
-0.0116105471513662,0.0025507888491033,-0.0026276562761707,0.0011245454231625,0.0010828020667253,0.1792565166627778,0.1792565166627778,0.1792565166627778,False,0.396010874651312,9.905150784689289e-05,5.408124155142421e-05,3.981874998180816e-05,2.4875594510662986,0.45400890176231,0.143990655767321,0.4020004424703689,-0.5726617991784814,-0.818378061860164,-0.0481228805005145,7624.37006369603,True,body,high
-0.0111154032044637,0.0028447829009329,-0.0046400908700923,0.0014652113035555,0.0008300840175652,0.3662667888719521,0.3662667888719521,0.3662667888719521,False,0.154751890945739,2.912218648125857e-05,7.80142827837791e-05,6.792706963481277e-05,2.67886076596566,0.1292995691176653,0.4974074203963918,0.3732930104859429,0.3017047701764515,-0.6846661455370353,-0.6634805956531309,13405.18506332689,True,wing_L,high
-0.0122335638197694,0.0018750057948654,-0.0039061427373827,0.000665764135798,0.0006030219362671,0.4331465094806642,0.4331465094806642,0.4331465094806642,False,0.1962686416106515,5.112477645704217e-05,0.0001051419057708,4.9825680596742834e-05,2.110195074338836,0.5137545198345883,0.0123556430785163,0.4738898370868954,-0.8818903070180811,-0.1595884883682924,0.4436225882074512,9846.588258425638,True,wing_R,high
-0.0124008578984217,0.0028327486754886,-0.002843868941568,0.0009154097677004,0.0004079265339514,0.1370316886961581,0.1370316886961581,0.1370316886961581,False,0.302869799590523,6.251006786637125e-05,0.0001482815596506,8.015482370087432e-05,2.372122838957665,0.4594417276852333,0.1189949436469266,0.4215633286678401,0.63134450328886,0.3879533132144021,-0.6714881569565546,3873.291002590454,False,body,high
-0.0118098801535162,0.0025528254150791,-0.0028899473587347,0.0008047164015089,0.0007541890626019,0.2234146031013977,0.2234146031013977,0.2234146031013977,False,0.1423058079186023,7.560415705379022e-05,0.0001111495681711,5.543918953937625e-05,2.004891649655157,0.3197980136335115,0.1814219150484195,0.4987800713180689,0.1522622941478031,0.5082945201158625,0.8476159947765456,6627.6304233672445,True,body,high
-0.0112611401178849,0.0027251984577998,-0.0041297240240878,0.0010168500042793,0.0005944765668273,0.4286796471625214,0.4286796471625214,0.4286796471625214,False,0.1676473050060874,2.609293742644855e-05,5.7339163066728754e-05,6.071055306162264e-05,2.326704428459047,0.0555321904491933,0.5146753581467879,0.4297924514040187,-0.2002183124428129,0.5529097953666596,0.8088284030312922,15278.193739465947,True,body,high
-0.0108384312429428,0.0028159587476849,-0.0048575902774864,0.0017998651548343,0.0009174645367037,0.3906130870346551,0.3906130870346551,0.3906130870346551,False,0.1790560106776482,3.548426029925544e-05,9.00962573138358e-05,9.528793247107728e-05,2.685357723888546,0.0544840781262341,0.5731260569763827,0.3723898648973831,0.2751442727602882,-0.6327268249085634,-0.7238455596384772,8238.808962316978,True,wing_L,high
-0.0116776278315336,0.0013562419874885,-0.004202431735646,0.0013230636519416,0.0008274714821211,0.4509615027780225,0.4509615027780225,0.4509615027780225,False,0.1817753002571634,9.219633227402406e-05,4.131769583735969e-05,9.393659145460856e-05,2.2735196034254788,0.0185258923454275,0.5416274494188947,0.4398466582356777,-0.1732055604937357,-0.8320879812790531,0.5269055183094988,9225.90997085352,True,wing_R,high
-0.0116736517202745,0.0027770337653342,-0.0027800456855882,0.0010054511411431,0.0009504520887577,0.1423376322371682,0.1423376322371682,0.1423376322371682,False,0.2603529820533314,1.910646582442519e-05,2.2290628006080927e-05,5.452958223483771e-05,2.8539858043829627,0.5912195345622884,0.0583932986675524,0.3503871667701592,-0.7987749853319737,-0.5286028797046466,-0.2872934360124858,4837.077291023732,True,body,high
-0.011743355165418,0.0016786091524932,-0.0043509141711599,0.0011295983920229,0.0005761018417937,0.4970950486026704,0.4970950486026704,0.4970950486026704,False,0.2158975337749583,3.57703096661632e-05,4.874026169624472e-05,2.1684102413644003e-05,2.247741721860552,0.2661034548996033,0.2890055728528124,0.4448909722475842,0.3377729108459346,0.9187681286274052,-0.2043883228493275,4564.0018976647,True,wing_R,high
-0.0111578207300695,0.0028729801109212,-0.0046436994020828,0.0014469108436008,0.0008507814499722,0.3684212880593463,0.3684212880593463,0.3684212880593463,False,0.343953420682628,1.9203503197122783e-05,4.416369725299121e-05,4.571219437238501e-05,2.380409131768934,0.0338749242002973,0.5460292247739263,0.4200958510257763,-0.3519139377162179,0.5679739001976362,0.7440176268982825,11814.299870145334,True,wing_L,high
-0.0110818774125423,0.002828934844479,-0.0046552540299257,0.0014945892786567,0.0008256878535949,0.3280860269703392,0.3280860269703392,0.3280860269703392,False,0.1147886651781124,3.324640346483389e-05,7.848995404357903e-05,3.378219846180529e-05,2.360855487018352,0.5695984425847822,0.006826287561258,0.4235752698539597,-0.9821052229399704,0.1827703513929975,-0.0454348954627598,10717.97016163312,True,wing_L,high
-0.0117253372144757,0.0014857113000519,-0.0041894017711581,0.0011939291912348,0.000726473950249,0.4503570505453351,0.4503570505453351,0.4503570505453351,False,0.1681295311156434,5.7145748542685006e-05,3.008656642738104e-05,7.582120585577128e-05,2.520101655294513,0.2463091572113892,0.3568814530169373,0.3968093897716734,-0.1756969762349801,-0.8828698588600843,0.4355127838057798,7654.921921296207,True,wing_R,high
-0.0120181008069327,0.002955325093296,-0.0030294954628456,0.0007796791328501,0.0006189397093795,0.1483232377479046,0.1483232377479046,0.1483232377479046,False,0.1944998570630563,5.516178479947429e-05,0.0001199427774976,7.115132487573006e-05,2.1743817378942603,0.4067894177526786,0.133309736608123,0.4599008456391983,-0.2834473737225889,0.3001579235332957,-0.9108033856271878,3587.9014606703563,False,body,high
-0.0116950999183987,0.0015570648102086,-0.0040714915561152,0.0010940067425643,0.000661644700566,0.4138265311770149,0.4138265311770149,0.4138265311770149,False,0.3118746361899333,8.94854520915419e-05,3.643760596756156e-05,6.904442130369309e-05,2.455854321801657,0.2284285357014012,0.3643811879362847,0.4071902763623141,-0.2678369380730472,-0.8882379896902366,0.373224661932598,8789.957309192825,True,wing_R,high
-0.0113189397504717,0.0030256718608523,-0.0048361938189226,0.0015446645412441,0.0010570156104351,0.3526164906259523,0.3526164906259523,0.3526164906259523,False,0.1055121522120215,7.079692067929016e-05,7.193986482856352e-05,2.794994026788353e-05,2.5738825964944025,0.0158874937004267,0.5955943969802173,0.3885181093193559,0.3111873092064658,-0.7083636268801363,-0.6335482860067247,14312.158937638304,True,wing_L,high
-0.0122871842831952,0.0023965559475515,-0.0027816924316717,0.0008714911142921,0.0005989525747669,0.1440695579590446,0.1440695579590446,0.1440695579590446,False,0.1631284006691789,3.902680653049491e-05,3.450208407404854e-05,5.113647932897587e-05,1.482127259884548,0.2368108434015549,0.0884832611830297,0.6747058954154154,-0.7880675357330202,0.20120074662739,-0.581779871326145,4553.748233769031,False,body,high
-0.0113020034887624,0.0026615036254453,-0.0040063209971556,0.0009110741897556,0.000531305261034,0.2759223995549215,0.2759223995549215,0.2759223995549215,False,0.3376102251862294,3.312070449898732e-05,3.071252371107535e-05,8.586114711185107e-05,2.7956395872765216,0.6142527136768733,0.0280473866110225,0.3576998997121041,0.2813954037923252,-0.7313637983954586,-0.6212275115616832,7547.250672640801,True,body,high
-0.0113476163149218,0.003027396378819,-0.0047638271135838,0.001474551440214,0.0010247531282163,0.3349848431312111,0.3349848431312111,0.3349848431312111,False,0.2591771094802154,2.869952231204031e-05,7.041479552413819e-05,7.259141007512888e-05,2.5293595233351533,0.0299844643978948,0.5746585328611805,0.3953570027409246,0.3765754657429725,-0.513169789758495,-0.7712636938685015,16460.465321914882,True,wing_L,high
-0.012153435993566,0.0018387441187149,-0.0039317111783001,0.0006992275212917,0.0005953360551229,0.4206055716701479,0.4206055716701479,0.4206055716701479,False,0.5743178686538962,3.657798611384195e-05,7.789912192754244e-05,4.402144239085361e-05,2.129672248359885,0.4348916739806133,0.0955525055075095,0.4695558205118771,-0.1583638382594105,0.986375253027804,0.0445505886165663,6489.884573564666,True,wing_R,high
-0.0132317898634617,0.0027275250205164,-0.0035739383361494,0.0011527145624488,0.000702910623074,0.1392193117784699,0.1392193117784699,0.1392193117784699,False,0.622827022659988,0.0001611854530694,0.0002274422558502,9.273945754812604e-05,2.4524863727207524,0.2913126346427707,0.3009379029654709,0.4077494623917582,-0.0858738685664471,0.5558279956643175,0.8268499972384471,6779.194970039776,True,body,high
-0.0133138261867818,0.0026482444707026,-0.0036957676523143,0.0012188302751726,0.0008548057364738,0.1442781880545462,0.1442781880545462,0.1442781880545462,False,0.6970588014799266,0.0001321490558851,0.0001621662278222,6.68294572132506e-05,2.4265680821681923,0.1851012528334144,0.4027940931292351,0.4121046540373504,-0.1832092695135518,0.6544148746846966,0.7336044815537344,6682.063115534603,True,body,high
-0.0124701121594553,0.002481356915973,-0.0031364959674515,0.0006126106696782,0.0002289240588699,0.3259250879597198,0.3259250879597198,0.3259250879597198,False,0.1815139237654552,0.0001098680996763,6.538833759909747e-05,9.173561578686176e-05,1.680239989429284,0.1650386594731889,0.2398082634121167,0.5951530771146943,0.7648081259023773,-0.6346491205174445,0.1108558721048529,5831.9861433136975,True,body,high
-0.0121249090615872,0.002823968605622,-0.0040848560122745,0.0005757133778815,0.0005545163002928,0.2010051616409042,0.2010051616409042,0.2010051616409042,False,0.767238474263547,9.394846220578772e-05,0.0001221709344321,4.509999114208667e-05,2.7088904307586947,0.2310080737083834,0.3998370912915445,0.369154835000072,0.4224892415020786,-0.6203950503493695,-0.6607668441417154,6684.592260780221,True,body,high
-0.0116386275274744,0.0027466430990418,-0.0040043014519427,0.0006617808082471,0.0004627568341945,0.6034961897586797,0.6034961897586797,0.6034961897586797,False,0.1878227466108017,3.56239571256598e-05,2.218084657096254e-05,5.608225877172034e-05,2.5284093008938138,0.3647909712291529,0.2397034436401122,0.3955055851307348,0.2056566214575109,-0.5614462161324474,-0.8015506848860146,6589.368012500958,True,body,high
-0.011596423877361,0.0013552510073757,-0.0042198283168026,0.0013600234856484,0.0007986012269175,0.4535152331735136,0.4535152331735136,0.4535152331735136,False,0.1896602199274974,3.2617759043701844e-05,5.3028691448765975e-05,2.197773745075308e-05,2.4128366974803823,0.3849035653611081,0.20064650479314,0.4144499298457518,0.2026184728783869,0.922286226007114,-0.3291411122390912,7834.200071129668,True,wing_R,high
-0.0112307009334178,0.0027014078113172,-0.0041311924719455,0.0010375073592011,0.0005872959190943,0.4270797125955199,0.4270797125955199,0.4270797125955199,False,0.2278559815627718,1.5956956691887265e-05,4.077352193239375e-05,4.057975493337647e-05,2.5552191887017885,0.0047522752471216,0.6038918659593857,0.3913558587934926,-0.3041516493251162,0.6348613699469297,0.7102413780975585,17485.140260355747,True,wing_L,high
-0.0116581149926741,0.0018141501033217,-0.0039362312062198,0.0008517731007456,0.0004436544613544,0.3698188389912331,0.3698188389912331,0.3698188389912331,False,0.1286808125083204,4.432610649762544e-05,3.1397103560973366e-05,7.599146688433712e-05,2.4203336698482785,0.4166962645280683,0.1701375623703997,0.413166173101532,0.0749653298110386,-0.8560163707496999,0.511484283565814,6419.185147755065,True,wing_R,high
-0.0122732788112745,0.0018818012263944,-0.0038891210376211,0.0006614872376742,0.000615937385434,0.3763907290349318,0.3763907290349318,0.3763907290349318,False,0.1709560926488116,8.793635684834819e-05,3.589675155085714e-05,7.440916993270555e-05,2.449702356040861,0.1538292851837281,0.4379578568198533,0.4082128579964185,0.0044954824537044,-0.8006690176336275,0.5990900723923819,11501.507075794316,True,wing_R,high
-0.0122912096600175,0.0026590796433501,-0.0025654926632233,0.0010982835379857,0.0006848774737189,0.174522422698493,0.174522422698493,0.174522422698493,False,0.2319589030258423,4.8418924160400106e-05,1.8930407393021827e-05,2.0806793926273835e-05,2.5577328134125845,0.5702755836262287,0.0387531645072491,0.3909712518665222,0.8275840127798817,-0.5176356753096267,0.2171589497071105,3635.507117024149,False,body,high
-0.0127222707500349,0.002788559057385,-0.0036330419574645,0.0006907220745877,0.0004337483042382,0.3023577057523771,0.3023577057523771,0.3023577057523771,False,0.4994818622471275,3.137288933056455e-05,3.976088154085533e-05,5.224570587090592e-05,1.6653138102905412,0.2389636453740212,0.1605489306818191,0.6004874239441597,0.6661124144641931,0.6581815839538184,0.3508436316091908,29313.4472366578,True,body,high
-0.0114249539424247,0.002836942983912,-0.0043287138462754,0.0010441294930242,0.000674789020665,0.452493760351601,0.452493760351601,0.452493760351601,False,0.5174219160798249,5.322344736736352e-05,2.9198607002406845e-05,7.375206989588458e-05,2.525876316284718,0.2783463915996013,0.3257514046571495,0.3959022037432491,0.3006682941320692,-0.6273553456637924,-0.7183479986543952,9971.492617354435,True,wing_L,high
-0.0116758092583536,0.0029594367965514,-0.0045193362467861,0.0011030058240688,0.0008537414983322,0.3726039616511316,0.3726039616511316,0.3726039616511316,False,0.7190685448854137,8.195428556910913e-05,3.459031293806299e-05,3.369297814983103e-05,2.4323847302741366,0.5779316151942511,0.0109492112828592,0.4111191735228897,-0.1310813760788768,0.3227641553992101,0.937358508167874,14927.983685838972,True,wing_L,high
-0.0114309533784838,0.0027230008213687,-0.0041480840632642,0.0008899649561589,0.0005266315884748,0.3901603825946741,0.3901603825946741,0.3901603825946741,False,0.2566086848718638,0.0001498740092063,0.0001678863083915,5.8080326751743473e-05,2.890588221191348,0.1072886726605719,0.5467609797012395,0.3459503476381885,-0.1410494263746142,0.7345838359073753,0.6636954477341236,9562.910818450311,True,body,high
-0.0119195005286353,0.0023736878597404,-0.0028445003627574,0.0008156810116243,0.0007473565925131,0.2301985112938091,0.2301985112938091,0.2301985112938091,False,0.3784365522498236,0.0001952288766156,7.999804263323962e-05,9.322130556163736e-05,2.44042066767448,0.5225024741336921,0.0677321058115277,0.40976542005478,0.7080228850300087,-0.5357417282780021,0.4600917243936069,5292.541281387665,True,body,high
-0.01233384577049,0.0029808855856887,-0.0033989271577689,0.000605390749295,0.0003764289267993,0.2562395758851053,0.2562395758851053,0.2562395758851053,False,0.0932209624851709,4.196159133591507e-05,8.736485314877512e-05,0.0001150030547651,2.740674295321053,0.2403258041517617,0.3948004851314177,0.3648737107168205,-0.1227752979971528,0.8244394545674578,-0.5524724535705138,5022.460052172436,True,body,high
-0.0123252658419724,0.0021182987033767,-0.0036088795808735,0.0004121107915663,0.0004091192458804,0.2401217912730593,0.2401217912730593,0.2401217912730593,False,0.1574728437227406,9.604178784152196e-05,0.0001427309846513,5.6832372977787104e-05,2.51143806201966,0.3271132538169661,0.2747085011675803,0.3981782450154535,0.6803449757988865,-0.7157390138126755,0.1576336829858107,12457.591446297389,True,wing_R,high
-0.0112992827610947,0.0030124897034815,-0.004820727064583,0.0015381659759141,0.0010382028039068,0.4193301840166998,0.4193301840166998,0.4193301840166998,False,0.2458267596248537,3.067610887324872e-05,8.077408730294461e-05,3.405416974852554e-05,2.6331268948319626,0.5784022960135125,0.0418210961964491,0.3797766077900384,0.4789340031601077,-0.5709276764445936,-0.6668311697023551,15876.10449127038,True,wing_L,high
-0.0123387104184299,0.0025560856927802,-0.0032386440906464,0.0004632208598319,0.0001550828047586,0.2220823331451544,0.2220823331451544,0.2220823331451544,False,0.0568823038592166,9.680363821906188e-05,0.000130957454822,0.0001195878481103,1.3528154233802905,0.0868190873679478,0.1739817708146915,0.7391991418173607,-0.5414065735145743,0.6818067930624516,-0.491953675755252,16557.003731562185,True,body,high
-0.0111504058409392,0.0029882632136852,-0.0048957802224699,0.0016696803610521,0.0010539670638933,0.3176335213096003,0.3176335213096003,0.3176335213096003,False,0.1200356000437249,9.153383308991723e-05,3.951098806911876e-05,4.028466299757079e-05,2.3166677818786017,0.559893193175931,0.008452338357687,0.431654468466382,-0.7159783380129185,0.6823122746977117,-0.1477327969446636,6130.306247166735,True,wing_L,high
-0.0131523363459036,0.0026934602558155,-0.003521505014977,0.0010719913550205,0.0006135578549354,0.1624959267194113,0.1624959267194113,0.1624959267194113,False,0.4093792421441209,0.0001332935208099,0.0002449118071266,0.0001070082287336,2.2887193819102403,0.4557488984551953,0.1073255405066632,0.4369255610381414,0.1146400242273697,0.5388153175186088,0.8345871544976408,6135.625969712509,True,body,high
-0.0120478545053252,0.0025247249691348,-0.0024869146063536,0.0011480207393236,0.0009164666586076,0.1995827509736693,0.1995827509736693,0.1995827509736693,False,0.3017380433073554,5.1349940267170174e-05,8.433014586795784e-05,4.099393050989692e-05,2.057137357141163,0.3910844130689314,0.1228031761440143,0.4861124107870542,0.6188486450264232,-0.7474195021534711,0.2416411437433974,3827.091022806473,True,body,high
-0.0113431139791253,0.0029459883495734,-0.004659622296749,0.0013681523153832,0.0009058409147456,0.3750198789888974,0.3750198789888974,0.3750198789888974,False,0.8630060828632762,3.251433797513376e-05,7.625513833844439e-05,7.666274300048815e-05,2.357813437847577,0.0053168546557376,0.5705613789873407,0.4241217663569215,0.2297101438876092,-0.5164975895162996,-0.8249021092341722,8368.06480217006,True,wing_L,high
-0.0124968488625273,0.0026043657800514,-0.0035490736418336,0.0004182000869126,0.0001952883235365,0.324513354283994,0.324513354283994,0.324513354283994,False,0.958143288087038,5.412783464041466e-05,9.542383997595705e-05,9.057750103261528e-05,1.7629347379196405,0.0507875070272047,0.3819765207665553,0.56723597220624,-0.6365768571484938,0.6907405749205728,-0.3429976138420545,17174.691760882837,True,body,high
-0.0124038084415517,0.0027615172577711,-0.0038247477797581,0.0004573279921172,0.0004187045777487,0.4185485273532829,0.4185485273532829,0.4185485273532829,False,0.8623576836102126,5.3116405363114526e-05,2.474218633786951e-05,5.9413053297195774e-05,2.4012855002332705,0.1059808844124569,0.4775755065694334,0.4164436090181097,-0.1039283063310808,0.6140028854741437,0.7824316991102666,8640.372275846688,True,body,high
-0.0124828144085476,0.0027890292809732,-0.0033010876977625,0.000592387075348,0.0001359359481933,0.2096092698944395,0.2096092698944395,0.2096092698944395,False,0.6397378308299104,0.0001356024423827,5.579312225937522e-05,0.0001386102707891,2.484361246979715,0.0216998956085496,0.5757821528593536,0.4025179515320966,-0.8510368965031451,0.5248450099520713,-0.0165504174782753,8550.099423539208,True,body,high
-0.0116470178330874,0.001357616076676,-0.0042338855507277,0.0013460035707,0.0008123977409198,0.4787379799275954,0.4787379799275954,0.4787379799275954,False,0.4606775240493983,3.4104122864460546e-05,7.887324033247204e-05,3.565862711152093e-05,2.3127186307044654,0.5478995542568027,0.0197088929085166,0.4323915528346806,-0.6060084439702167,-0.7621173719105021,0.2278834730054509,9316.744743921025,True,wing_R,high
-0.0113558853213965,0.0011269088179921,-0.0046005830218829,0.0018187909495838,0.0008923595789294,0.4849510799703076,0.4849510799703076,0.4849510799703076,False,0.1122035797360725,0.0001063076558268,3.889264036386975e-05,7.267557152975988e-05,2.733361757707952,0.3163655903756955,0.3177845556194159,0.3658498540048886,-0.3120850084576059,-0.8494497471801479,0.4254856924875375,9025.2449424129,True,wing_R,high
-0.0116050063423373,0.0029288512325553,-0.0044836278851647,0.0010917599558135,0.0008062322805473,0.4241487102847048,0.4241487102847048,0.4241487102847048,False,0.6239667705758675,6.868957095728131e-05,2.851539538823388e-05,6.453698858924873e-05,2.4088591451067254,0.0604543355004373,0.524411387332977,0.4151342771665857,0.3293590194651946,-0.5429071946511428,-0.7725117567344536,9910.493320189518,True,wing_L,high
-0.0121778285913489,0.0026938007068189,-0.0030783253797762,0.000601342794729,0.0003761234647059,0.3724823952753679,0.3724823952753679,0.3724823952753679,False,0.951539772497982,6.229404229100769e-05,7.067266315936835e-05,3.797398014842107e-05,1.8610812688884515,0.118555329512158,0.3441226218933389,0.537322048594503,0.7582072183631876,-0.5111050986325238,0.4048374885973331,9130.813248492605,True,body,high
-0.0114825754243795,0.0026363996283365,-0.0039186658397144,0.0007098462408881,0.0004280717573607,0.4189123857725813,0.4189123857725813,0.4189123857725813,False,0.2300879863821715,2.578016684305316e-05,6.406212220492618e-05,4.786678523630026e-05,2.4849382315843567,0.2528067508725233,0.3447687593394886,0.402424489787988,0.0595248955283318,-0.7781412668791224,-0.6252623094286871,8417.097732740349,True,body,high
-0.0119316199999547,0.0026128944657865,-0.0029430447128164,0.0007259773069272,0.0006342203270255,0.1311461946932082,0.1311461946932082,0.1311461946932082,False,0.774366423992238,8.8043094860244e-05,9.872807660288348e-05,4.32548019093656e-05,2.2824766787686226,0.1082263739991406,0.4536530487779228,0.4381205772229364,-0.0532726157383622,0.7913169678351478,0.6090808524560434,10967.52267213335,True,body,high
-0.0123361078763233,0.0019115140421231,-0.0037942235336935,0.0006230682146712,0.0006098584943449,0.374102683382876,0.374102683382876,0.374102683382876,False,0.1559664837879337,4.492754766583434e-05,0.0001035836728386,3.6863042691693946e-05,2.809959929377814,0.5662680571692308,0.0778549819015,0.3558769609292691,-0.8724820308753787,-0.2565818729103884,0.4158615734753234,12192.347865745796,True,wing_R,high
-0.0116765812260709,0.0025719117100036,-0.0027949757056626,0.0009480769090153,0.0009138535215729,0.3257029729080132,0.3257029729080132,0.3257029729080132,False,0.1276789118159414,0.0001772866730336,8.721010291687866e-05,8.74467927675299e-05,2.032868522155129,0.5067492030213633,0.0013350684887991,0.4919157284898375,-0.8054513592028333,0.1990342965420415,-0.558241396492882,5814.369100466284,True,body,high
-0.0123647501368931,0.0027013150487114,-0.0031287599343835,0.0006099751970914,0.0002119447024652,0.1037157760729554,0.1037157760729554,0.1037157760729554,False,0.9074413842563356,5.892540378141197e-05,6.401100659522603e-05,0.0001416477981529,2.403849427632904,0.5480974118207489,0.0359031547269193,0.4159994334523318,0.510363968919494,0.8145194591807409,-0.2758381225368519,9297.711402359964,True,body,high
-0.0119282689942435,0.0019609356524454,-0.0037074639100943,0.0005447761745986,0.0004219999030475,0.2807921501609299,0.2807921501609299,0.2807921501609299,False,0.5078581200925246,9.222807876246484e-05,3.393984961990217e-05,5.456630904163642e-05,2.717397978934553,0.4083547031032384,0.2236462007937743,0.3679990961029872,-0.1071942417202771,-0.987128006863976,-0.1186915860824556,6236.895985449002,True,wing_R,high
-0.0120401921308901,0.002653139790956,-0.0030681336634101,0.0005971820265898,0.0004726822966486,0.2761947889445996,0.2761947889445996,0.2761947889445996,False,0.0182194789487201,7.73572837490309e-05,0.0001438286266436,5.586936883682793e-05,2.574373572461176,0.4621565570482029,0.1493994305142506,0.3884440124375465,0.566624315794041,-0.8216581004857225,0.0617644773079921,13745.624336825538,True,body,high
-0.0127423295786063,0.0027239584346328,-0.0035519682631193,0.0006865337742952,0.0003658398418982,0.1898880763118304,0.1898880763118304,0.1898880763118304,False,0.6334165748317264,4.191723517578431e-05,5.893934194936784e-05,5.065860968032352e-05,1.40608849086061,0.140495838520863,0.1483113692047756,0.7111927922743613,0.493712172157327,0.7916681077496176,0.3598748369028236,17032.07871836696,True,body,high
-0.0129372822024057,0.0028145548117813,-0.0033600303219356,0.0009369321045355,0.0003509290544217,0.1072152399072847,0.1072152399072847,0.1072152399072847,False,0.5577187357899464,0.0001126420221181,0.0002681137696897,0.0001384504142829,2.380228662873741,0.4836131898664035,0.0962591074478126,0.4201277026857838,-0.3928912838167191,0.7076958267337945,-0.5871993323603334,7172.124050604098,True,body,high
-0.0125100299687608,0.0025693971926723,-0.0033851631578904,0.0004806591914303,0.0001004292780682,0.1020795901773028,0.1020795901773028,0.1020795901773028,False,0.4017187046789815,0.0001751527214925,0.0001638254327525,6.885241876273018e-05,2.5438862517832725,0.064670926283438,0.5422297363153724,0.3930993374011895,0.5162584806634279,-0.8236467405031157,0.234698163609522,25575.5075721738,True,body,high
-0.0125202946364104,0.0025942311815287,-0.0032928001929828,0.0005468705794274,6.182147934759397e-05,0.376169690089456,0.376169690089456,0.376169690089456,False,0.0329877195327637,0.0001013411850478,0.0001480256123903,5.804898463221784e-05,2.550012085969239,0.3153807411344862,0.2924642547766182,0.3921550040888955,-0.254685575138784,0.6108997102960643,0.7496244404876429,18201.13340376984,True,body,high
-0.0132091476137031,0.0026735580746548,-0.0036823981833449,0.0011192205476197,0.0007704933056299,0.153121091006366,0.153121091006366,0.153121091006366,False,0.5380401629999622,0.000150471218158,0.0002312602557508,8.930471410820522e-05,2.5895638103791465,0.3493425073431907,0.2644920712866416,0.3861654213701677,-0.034420983569234,0.723372033556193,0.6895999542915476,6038.851648448171,True,body,high
-0.0126094136396176,0.002236097242349,-0.0029437895887127,0.0008815705485793,0.0005286672433699,0.1512465475805853,0.1512465475805853,0.1512465475805853,False,0.1509307842680652,9.718177550566578e-05,0.0002311728254098,0.0001038487059676,2.378767255557946,0.5507745956580807,0.0288395941440034,0.4203858101979159,-0.599191991754294,0.7190167294414165,-0.3521134757445268,3314.257715895013,False,body,high
-0.0122130030486281,0.0029211378572191,-0.0040988692213726,0.0006581579222775,0.0006545229471029,0.4102640478715429,0.4102640478715429,0.4102640478715429,False,0.2113422814104683,1.3866103624833634e-05,2.9543974282263453e-05,3.1568512124574295e-05,2.276667835370591,0.0641315572403824,0.4966300152367804,0.4392384275228372,-0.4432817256661421,0.5670262310231557,0.694249641715516,5449.172583990985,True,body,high
-0.0125469495810612,0.0029876422217541,-0.0031277786057037,0.0008450802604014,0.0002826945981563,0.2828493794335533,0.2828493794335533,0.2828493794335533,False,0.0090681824082923,2.859886816137591e-05,7.233937205899272e-05,3.2493259310065745e-05,2.5294487757627544,0.5508219329915179,0.0538350145687463,0.3953430524397357,-0.9880360963492508,0.0806076322669197,0.1314803480800669,3981.193028560136,True,body,high
-0.0124864850638603,0.0028964863196958,-0.0033517396980277,0.0006348752885688,0.0002508125572704,0.3226805099746578,0.3226805099746578,0.3226805099746578,False,0.005813421597597,4.157881785342231e-05,7.817284175991468e-05,7.230640321391942e-05,1.8801121772027567,0.0750444580742291,0.3930723850984977,0.5318831568272732,-0.7859115688863478,0.4939172832222163,-0.3720063483665078,7319.277724063272,True,body,high
-0.0125134987052654,0.0025528000352187,-0.0033785702526778,0.0004837957485269,0.0001101093128075,0.217968177254785,0.217968177254785,0.217968177254785,False,0.1571784294810352,0.0001101766329214,5.895783759095726e-05,0.00015920893927,2.700386340058428,0.3079745809082533,0.3217080370321251,0.3703173820596216,-0.9681915972869792,0.2474847430000799,-0.0368284255035701,22404.238205657188,True,body,high
-0.0113207113053264,0.0029920502524296,-0.0047662835049134,0.0014776279703831,0.0009948420767078,0.335440254650929,0.335440254650929,0.335440254650929,False,0.1922201355083458,8.851320291004204e-05,3.549647879679905e-05,8.198078531187675e-05,2.4935769944038464,0.0738016181021528,0.5251680538814164,0.4010303280164307,0.4005997631165866,-0.5432302243071438,-0.7378487332713561,17187.554096176013,True,wing_L,high
-0.012277873793276,0.0018246283702697,-0.0039240324580445,0.0007270978411104,0.0006714978880827,0.37889317203932,0.37889317203932,0.37889317203932,False,0.3684410344719597,4.4844203421283175e-05,0.0001048467715988,5.72297377896693e-05,2.338022834610162,0.4541583215492178,0.1181298592175289,0.4277118192332532,-0.4095778956202642,0.8170429050812568,-0.4058162622119231,8664.019254812209,True,wing_R,high
-0.0119836224077056,0.0026803174842669,-0.0038182913805623,0.0003088447227876,0.0002775785130612,0.3844000447906174,0.3844000447906174,0.3844000447906174,False,0.7545953223096197,7.53939128372758e-05,0.0001385129477329,4.977215717432872e-05,2.782940414814684,0.4556905035142654,0.1849773330385376,0.3593321634471969,-0.272779662707221,0.6993421435444696,0.6606904130346991,6578.416734004212,True,body,high
-0.0125406870995469,0.0026435740154032,-0.003409233366594,0.0005153751015024,0.0001196352473291,0.1177256703487298,0.1177256703487298,0.1177256703487298,False,0.215263051721253,0.0002466604230445,9.610835291247224e-05,9.401554892928728e-05,2.623613070962276,0.6103616797287926,0.0084845552332763,0.3811537650379311,0.0411938875469045,-0.5630077100569332,-0.8254243648240716,25944.794000205493,True,body,high
-0.0122524271357263,0.0027813735944385,-0.0038627990578863,0.0004138044040658,0.0004094365899743,0.2352528141184043,0.2352528141184043,0.2352528141184043,False,0.7723883709851974,8.469912951508808e-05,0.0001048817738257,4.256024434365986e-05,2.464313244513136,0.1924323318962036,0.4017751000418713,0.405792568061925,-0.1716384904323016,0.6396623845880108,0.7492477976913248,11983.730377577556,True,body,high
-0.0126018334715804,0.0027468654237046,-0.0035454048731157,0.0005715549147531,0.0002881968319795,0.2143588328857925,0.2143588328857925,0.2143588328857925,False,0.1393129974564024,6.482146975613492e-05,0.0001060892483093,5.812011018683164e-05,1.82534492739722,0.38899114859265,0.0631671887217602,0.5478416626855896,0.53728343247291,-0.8432885941786781,-0.0138152132910347,18980.041838662284,True,body,high
-0.0122626195691122,0.002575338099,-0.003242221303117,0.0004318287960706,0.0001916113673331,0.1983316093387345,0.1983316093387345,0.1983316093387345,False,0.77168248437058,9.600506623643722e-05,0.0001213268848317,4.467567769061724e-05,2.7157256722986416,0.208707399274505,0.4230668958244616,0.3682257049010333,0.3388720970222056,-0.9264077707297927,-0.1641168613861121,22647.356089549343,True,body,high
-0.012664314136011,0.0026738821302564,-0.0033173919123515,0.0006695037089165,0.0001334716812524,0.194147203888484,0.194147203888484,0.194147203888484,False,0.5863523147706043,7.048581180208686e-05,0.0001277464451357,8.908278801370717e-05,1.8123710555309,0.3026593583948447,0.1455772502464973,0.5517633913586579,-0.5466677678681311,0.7241728624135345,-0.4203903149667736,12284.639582260592,True,body,high
-0.0124927055276553,0.0025834503626683,-0.003413771865769,0.0004551848851374,9.758010683310004e-05,0.2981911401257344,0.2981911401257344,0.2981911401257344,False,0.1281037061022243,5.457864355704387e-05,8.389977574670153e-05,4.518277661196784e-05,1.856897296667653,0.3494780758196532,0.1119891782958123,0.5385327458845345,0.6905779948212647,-0.6489236972665725,0.3193744952160753,21640.024275156266,True,body,high
-0.0127219165951114,0.0024887354835885,-0.0031421218096749,0.0007840746038652,0.0002451405163361,0.0973803015239214,0.0973803015239214,0.0973803015239214,False,0.9420687851119184,0.0001205862045695,0.0001007651722329,4.9266003227759984e-05,2.447655516362468,0.1643723045048694,0.4270734715387589,0.4085542239563716,-0.0676149010007819,0.6823200071421681,0.7279200732334328,5167.734187930089,True,body,high
-0.0128320641665705,0.0026913067237541,-0.0037339437806208,0.0007624373741439,0.0005580914258982,0.2965341214860195,0.2965341214860195,0.2965341214860195,False,0.8904685433030712,8.489677479902478e-05,8.75466744916788e-05,4.445310609331448e-05,1.9694163622200829,0.0302684220507529,0.4619669329593373,0.5077646449899098,-0.2982273260989425,0.7197280160424213,0.6269386292864041,6801.385614993242,True,body,high
-0.0123918109933435,0.0021472515213995,-0.0035495148498645,0.000435558625366,0.0004113127831986,0.150797508627453,0.150797508627453,0.150797508627453,False,0.4330337587612798,6.382186193543088e-05,5.485144176190944e-05,0.000137925312736,2.514524838467863,0.5372723057909815,0.0650382442176178,0.3976894499914007,-0.8186721830615299,0.567297870864506,-0.0891570658661855,7813.186974193001,True,wing_R,high
-0.0115804131049595,0.002716985991008,-0.0026128310135377,0.0011749188125254,0.001122541995158,0.1545289742394846,0.1545289742394846,0.1545289742394846,False,0.209122604993717,4.89251463430211e-05,0.0001165864374634,5.079459638584617e-05,2.382955313941267,0.564318136045905,0.0160348843613224,0.4196469795927726,0.6872852694880879,0.3641407359959851,-0.6285224600067914,5504.446628213039,True,body,high
-0.012604425793628,0.0027096650569226,-0.0033869226563771,0.0006020538556004,0.0001532777746201,0.1929695065038031,0.1929695065038031,0.1929695065038031,False,0.0872090976496632,9.20134534708091e-05,0.00020450954074,9.632793634769102e-05,2.222604771648141,0.5289807213926754,0.0210967315327656,0.4499225470745589,-0.5254133449231142,0.6562664308175512,-0.5415304135122022,17723.68070965658,True,body,high
-0.0121234345115806,0.0026005875263643,-0.0032024836319912,0.0004493436140416,0.0003133117839882,0.2107606026764651,0.2107606026764651,0.2107606026764651,False,0.1472085182812822,0.0001042191228081,0.000132266502344,5.300720266093387e-05,2.495255280497163,0.2120520240485842,0.3871873773000598,0.4007605986513559,0.4986753210695306,-0.858345043538099,-0.1206926277358286,13836.217729277394,True,body,high
-0.0111139066298328,0.0028588151966322,-0.0046500748416248,0.001476753005427,0.0008465385473656,0.4015513958090528,0.4015513958090528,0.4015513958090528,False,0.1484026951082417,2.209260176611348e-05,4.864242174712504e-05,5.569387043577215e-05,2.520928545464376,0.1266108574152528,0.4767099103236075,0.3966792322611396,-0.2646385864739353,0.7252991962851619,0.6355371699729101,13055.712987169718,True,wing_L,high
-0.0112365534950167,0.0029054359131844,-0.004607513790424,0.0013802850319907,0.0008578047720159,0.3809247092756824,0.3809247092756824,0.3809247092756824,False,0.5371289348042937,1.5906088950215788e-05,3.509096305756668e-05,3.826867499401592e-05,2.405913553846733,0.0830368947173147,0.5013205738205161,0.4156425314621692,-0.3127750271592213,0.6320903063199926,0.7089665909207895,9111.638976566594,True,wing_L,high
-0.0123126963316602,0.0019318895866974,-0.0037841639354965,0.0005938920224832,0.0005792518301883,0.3697967535922613,0.3697967535922613,0.3697967535922613,False,0.1302265248195483,7.348009306705442e-05,3.239285872632769e-05,5.862378958207362e-05,2.268404085229211,0.2021813373511061,0.3569800984303168,0.440838564218577,-0.4010795236926711,-0.8873613776924221,0.2274313106286516,12380.09983642896,True,wing_R,high
-0.0116409108975835,0.0029379212888016,-0.0045179007032466,0.0011067753336814,0.0008325395920123,0.3811429486635421,0.3811429486635421,0.3811429486635421,False,0.6289298232621312,6.782505256389454e-05,2.8907435314545285e-05,7.290388614105919e-05,2.521976970553881,0.0696647853221128,0.5338208881492121,0.3965143265286749,0.3329326120910473,-0.4789604494328081,-0.8122516627778331,12562.165736825838,True,wing_L,high
-0.012657598148736,0.0026828438212532,-0.0037411010677876,0.0005979970789512,0.0004540816574827,0.1642083143875343,0.1642083143875343,0.1642083143875343,False,0.776684332306013,0.0001084254785394,0.0001575293968934,9.586138270670916e-05,1.6433040338610752,0.3117127299562058,0.079757150604837,0.6085301194389571,0.0104355434986421,0.5495526874712547,0.8353938850177258,8608.460116209177,True,body,high
-0.0111095819906303,0.0028260268912125,-0.0045171545021154,0.0013827276379003,0.0007813524433415,0.4143527471238893,0.4143527471238893,0.4143527471238893,False,0.2447117326795934,2.702171188052556e-05,6.657526266013461e-05,5.84674002370657e-05,2.463769244320717,0.1217849107777372,0.4723329221706529,0.4058821670516098,0.2289835319203164,-0.7158725697512843,-0.6596158018020717,8449.382863072777,True,wing_L,high
-0.0125606146617001,0.0026953667751221,-0.0034704528879444,0.0005295597361194,0.0001900686064108,0.3464032718332361,0.3464032718332361,0.3464032718332361,False,0.1999632282445104,0.0001136370535634,0.0001345168970637,5.308860263443357e-05,2.5338187556002776,0.1552209719080477,0.4501178086224114,0.3946612194695408,-0.255638347808291,0.6687210441796698,0.698184216522473,15883.51096168052,True,body,high
-0.0121172244618416,0.0025826473399148,-0.003221850202265,0.0004255836184529,0.0003022377841361,0.1958600959814027,0.1958600959814027,0.1958600959814027,False,0.845015849103839,5.370578899784566e-05,4.798749705199076e-05,0.0001229973351574,2.563112116978598,0.5633581091077776,0.0464911856711016,0.3901507052211208,-0.8952128726464345,0.443611798989735,-0.042455676242521,13583.664209450872,True,body,high
-0.0130581077606072,0.0030660770883976,-0.0035323714688493,0.0011249383706345,0.000633211704964,0.1837179858391465,0.1837179858391465,0.1837179858391465,False,0.1113780190982086,3.054395688463966e-05,5.975410599019255e-05,6.90820295464368e-05,2.261724956178735,0.1350267734964856,0.4228328162524218,0.4421404102510925,-0.3616582397467089,0.654077949162055,-0.6643683872997509,4353.606116404427,True,body,high
-0.012056385303666,0.0030338450045087,-0.0027645289651796,0.0010364940131682,0.0007706499460718,0.0747181768691018,0.0747181768691018,0.0747181768691018,False,0.4718465211415526,5.924568711611773e-05,5.973308187183296e-05,0.0001414459212334,2.387446717534304,0.5776966818770927,0.0034458028302621,0.4188575152926451,0.2824431699288232,0.931622894914126,0.228702071333824,2852.842746127944,False,body,high
-0.0126679142785001,0.0025821840870797,-0.0032662093054775,0.0006766650191716,0.000148729959129,0.1130051622256091,0.1130051622256091,0.1130051622256091,False,0.6317332052318755,0.0001262222771388,0.0002752975468976,0.0001206398639891,2.281978259876336,0.5415059866632627,0.0202777438906859,0.4382162694460514,0.0772669737802444,0.5618636732784269,0.8236133968148625,10116.541187036128,True,body,high
-0.0125418126074196,0.0025407468508161,-0.0034835987365716,0.0004622268738937,0.0001901107412804,0.1727641996306007,0.1727641996306007,0.1727641996306007,False,0.4955801024306083,9.452764313188328e-05,0.0001432131817385,5.359133683631575e-05,2.6723196358388472,0.339951518537872,0.2858417486338906,0.3742067328282373,0.6372231652680217,-0.7700038673514974,-0.0322596018193208,12875.580351257297,True,body,high
-0.0129147712587725,0.0030597023400869,-0.0033462305729218,0.0010384352726595,0.0004346716520826,0.1528574449798134,0.1528574449798134,0.1528574449798134,False,0.0285510545991009,0.0001056485391439,0.0001949036038247,7.771502534357267e-05,2.507926915845474,0.457944660484989,0.1433196372575633,0.3987357022574477,0.023329605876784,0.6922413542368973,0.7212888720713087,5101.586789767671,True,body,high
-0.0121485003423348,0.0021322586198394,-0.0038557635607631,0.0004061439182905,0.0003381329700411,0.3899125755067065,0.3899125755067065,0.3899125755067065,False,0.1655155479495612,5.1537449407171136e-05,3.4321489032041464e-05,6.004366713281472e-05,1.749448197797008,0.1416671920925165,0.2867239993361582,0.5716088085713253,-0.5779211208691666,0.736547742196137,0.3514322146859892,5729.986331244226,True,body,high
-0.0126566147510674,0.0026861495816442,-0.0034890308836425,0.0006053382444376,0.0002586662523778,0.1411702923749591,0.1411702923749591,0.1411702923749591,False,0.3042619064837036,0.0001136772127578,0.0001863315161343,7.27184170089221e-05,2.562370356762877,0.3899195631734287,0.2198167899807144,0.3902636468458569,-0.0571632733810715,0.4162455400138315,0.9074535859177342,25835.96270501026,True,body,high
-0.0124071448008657,0.0023425660029298,-0.0027677713613908,0.0009224992400438,0.0005909052168604,0.155181296385284,0.155181296385284,0.155181296385284,False,0.1356329623904323,8.930582129402685e-05,0.0001733992993277,7.118152684395394e-05,2.4360154525462083,0.484970114410617,0.1045234584011789,0.410506427188204,0.0573831334495186,0.8101170968896949,0.5834530532292447,4086.949650875322,False,body,high
-0.0121819070651268,0.0025240850934115,-0.0032004958000235,0.0004408238707125,0.0002816461828058,0.1742430722466342,0.1742430722466342,0.1742430722466342,False,0.1158818697973784,8.806173693888846e-05,0.0001328440263071,8.021959589001825e-05,1.6560046810671272,0.3371042764447847,0.0590326962142531,0.6038630273409622,-0.0125391528928318,0.5498211128927919,0.8351883101804418,14911.90095303363,True,body,high
-0.012590785291323,0.0026650639862176,-0.0034386727151382,0.0005540793577749,0.000176072025242,0.1360319523794002,0.1360319523794002,0.1360319523794002,False,0.2702658800691868,9.343398094907097e-05,0.000220855770291,9.804958803639288e-05,2.363762819989736,0.5560469717083537,0.0208987389427927,0.4230542893488536,-0.6170657753323565,0.6383228447607187,-0.4601888468553543,17807.58611606073,True,body,high
-0.0125353414757343,0.0028420021932747,-0.0034043219912451,0.0006098581942243,0.0002254753921357,0.1662484100312637,0.1662484100312637,0.1662484100312637,False,0.0105097492174129,8.041614392404942e-05,0.0001931061718757,7.425746586443616e-05,2.600495042858653,0.5835651282248642,0.0318927044112145,0.3845421673639214,0.0064853869463153,0.5523519580969523,0.8335857809143695,9486.27221093477,True,body,high
-0.0125152734640297,0.0026256536615116,-0.0033412177076847,0.0005228206012492,5.444355429684753e-05,0.1181013659365672,0.1181013659365672,0.1181013659365672,False,0.4279393363146351,8.76958328741464e-05,0.0002508824869953,0.0001006449303913,2.860825637580603,0.5988363651972852,0.0516141946467957,0.349549440155919,-0.4736079738220395,0.7556335503609574,-0.4524526767531354,20137.834983281187,True,body,high
-0.0112092975137724,0.0026948609188296,-0.0040981287184636,0.0010390343792279,0.0005949151355902,0.4284774989256446,0.4284774989256446,0.4284774989256446,False,0.2392543211064482,5.961431225984073e-05,2.373800511171405e-05,3.16113520107779e-05,2.511344655091624,0.4697355247009545,0.132071420445921,0.3981930548531244,-0.3982673839298173,0.7020164073126279,0.5903863605822631,15475.310821946125,True,wing_L,high
-0.0123638143785204,0.0027060008490259,-0.0035165075126721,0.0003660080488094,0.0001579301635282,0.2747233818155424,0.2747233818155424,0.2747233818155424,False,0.7424717299596172,3.348617043479956e-05,7.293392780457876e-05,2.980535105653428e-05,2.4470078431969795,0.5408697784037717,0.0504678616531907,0.4086623599430375,-0.1136125867408137,0.6956769348719571,0.7093135994898306,6934.025573843415,True,body,high
-0.0125421997837391,0.0030340032843623,-0.003306965656,0.0007821267587852,0.0003561673526028,0.1880140709391651,0.1880140709391651,0.1880140709391651,False,0.0259295461224354,9.091146114354388e-05,6.053121856355098e-05,0.0001382204656513,2.283457510544595,0.34227206719983,0.2197955450144632,0.4379323877857067,-0.9630194135934088,0.1897863179571366,-0.1912452942126408,5354.566273940522,True,body,high
-0.0120845210730292,0.0026663380745943,-0.003497788136786,0.0002400001409794,0.0002006335068838,0.4755206114567215,0.4755206114567215,0.4755206114567215,False,0.7253038499814946,0.0001308309391872,7.031185847011147e-05,9.064594097366173e-05,1.8607236678693315,0.3071521038005383,0.1554225829905018,0.5374253132089598,0.681729568634091,-0.6214931732342044,0.3859935632536589,5200.271727967486,True,body,high
-0.0128191207402239,0.0028566681572212,-0.0034391861699915,0.0008309011382774,0.000357916164132,0.2440096790142375,0.2440096790142375,0.2440096790142375,False,0.0093537735959783,4.304521998709823e-05,7.408035055957793e-05,7.42834604129416e-05,1.725707533500962,0.0027342540618676,0.4177932799570116,0.5794724659811208,-0.2515372536575126,0.8199022250502142,-0.5142852820955933,8562.205424784517,True,body,high
-0.0118852155388524,0.0029477571227689,-0.0043837452345977,0.0009192684891484,0.0007902052545895,0.3650969016645246,0.3650969016645246,0.3650969016645246,False,0.8307776605272771,2.6835985085099328e-05,2.650543383911674e-05,6.558199963205948e-05,2.474285085470796,0.5908025794324717,0.005040273975132,0.4041571465923962,0.0727640369543849,-0.606117855376475,-0.7920394815411185,5196.728663640212,True,wing_L,high
-0.0110974184685423,0.0028407869228556,-0.0046515542683259,0.0014843177745348,0.0008329324376973,0.3147204849285921,0.3147204849285921,0.3147204849285921,False,0.1117514687268133,3.051944012213652e-05,7.771673000321242e-05,7.10259034450635e-05,2.546466438840158,0.0860924868798822,0.5212064805255271,0.3927010325945906,0.2736947651610103,-0.646960323940475,-0.711711679523594,12310.762836807751,True,wing_L,high
-0.0112491273649154,0.0028732958553503,-0.0044987487794279,0.0012868407864475,0.0007908764895477,0.4492659881193157,0.4492659881193157,0.4492659881193157,False,0.0941761551878995,7.143068886305473e-05,2.902672057934276e-05,7.945190934091787e-05,2.737198958585106,0.1009569253200085,0.533706095114241,0.3653369795657503,0.2097359717543175,-0.6609089558560006,-0.7205624013377357,8913.96342249541,True,wing_L,high
-0.0130534703446877,0.0029560453057865,-0.0033809216200332,0.0010910978316224,0.0004699629845693,0.1113119763280425,0.1113119763280425,0.1113119763280425,False,0.2503432524463211,0.0001377309083803,0.0001330308351526,5.544886576411772e-05,2.4839265236961423,0.0341250434123822,0.563286558557238,0.4025883980303797,-0.1123999669515062,0.5670152377812148,0.8160024310951609,4953.741696899237,True,body,high
-0.0113070976152561,0.0026757356494881,-0.0040282733130105,0.0009189424917267,0.0005372592394198,0.3304022951897145,0.3304022951897145,0.3304022951897145,False,0.1987761851083174,7.503604957000684e-05,3.033966247894869e-05,4.868507195129885e-05,2.4731998789396856,0.3511775709104082,0.244487943828044,0.4043344852615477,-0.1637568719408316,0.846373909986669,0.5067888035326275,8588.579187075446,True,body,high
-0.0126902248946661,0.0027329641611867,-0.0035006032311536,0.0006508975278992,0.000296713655641,0.2541374696198245,0.2541374696198245,0.2541374696198245,False,0.1206585185553235,2.998342091773817e-05,2.2326071982743e-05,3.270753192141607e-05,1.464992675231785,0.0832869630830879,0.2341157673832713,0.6825972695336406,-0.3075111286958447,0.9512062137311972,0.0253701534754458,17440.203710155947,True,body,high
-0.0122747269557454,0.0027484656429396,-0.0034289172407859,0.0003827395596316,0.000182729834794,0.433595363478038,0.433595363478038,0.433595363478038,False,0.8240186667533554,0.000110463117498,0.0001245307096859,5.17473034025505e-05,2.406515924457665,0.1129648439600874,0.4714966633015521,0.4155384927383604,-0.2102298444483455,0.702178857096821,0.6802560291165574,5607.6629119969975,True,body,high
-0.0123065647749856,0.0020914289024223,-0.0036392564413189,0.0004257008208378,0.0004256175555177,0.1815019131983572,0.1815019131983572,0.1815019131983572,False,0.3305408059961018,4.860500020322155e-05,4.335449652094821e-05,0.0001038633646029,2.395676871780777,0.5320294081648912,0.0505520276793048,0.417418564155804,-0.9257027773692844,0.3454849390561622,-0.1539952104974474,13726.495462028684,True,wing_R,high
-0.0126042917451509,0.0026675359498487,-0.0036010621355434,0.0005336349473836,0.0003104012406196,0.1176544119392572,0.1176544119392572,0.1176544119392572,False,0.4897898865766432,8.787716974837249e-05,5.849612310184072e-05,0.0001190399665507,2.035006086531088,0.2617843208908169,0.2468166574459998,0.4913990216631832,-0.4044954083502692,0.1320250506897828,0.904960137582816,15116.090561682937,True,body,high
-0.0128265301979571,0.0024554366885108,-0.0032222973258839,0.0008254932982274,0.0003285599438526,0.1231126581402491,0.1231126581402491,0.1231126581402491,False,0.1883698300004847,0.000123625665312,0.0002483101994264,9.955418804492096e-05,2.4942215320401946,0.5021321492325718,0.096941153938686,0.4009266968287421,-0.079418936187405,0.5090841720123355,0.8570448870283142,4742.591150550026,True,body,high
-0.0121019525787539,0.0023851997501872,-0.0029900674968657,0.0006473171999801,0.0005323967712944,0.1016066751171742,0.1016066751171742,0.1016066751171742,False,0.6726693263565292,0.0002072803870423,9.575361280573112e-05,8.636579892272965e-05,2.4000285949741125,0.538047886864597,0.0452904108148161,0.4166617023205869,0.0167525525213249,-0.5732665429647957,-0.8191976701024073,10076.064403803875,True,body,high
-0.01256966191684,0.0030425524229819,-0.0033977945110141,0.0007714764495956,0.0003966635857452,0.13982697551569,0.13982697551569,0.13982697551569,False,0.0451075274933084,8.483065307701342e-05,0.0002225737415,9.11582834849314e-05,2.6237419308553784,0.5904355883556508,0.0284293662193651,0.381135045424984,-0.3917475916016102,0.6848356850534154,-0.6144378804661688,5179.13586893323,True,body,high
-0.0128721335876899,0.002714844304056,-0.0034375880622522,0.0008241054877122,0.0003605517828777,0.1155880862061514,0.1155880862061514,0.1155880862061514,False,0.8113902050564693,0.000135452319705,0.0001477206506769,5.763609175655858e-05,2.5629886790541425,0.0830508863571681,0.5267796180955301,0.3901694955473017,-0.2157559346167357,0.4147221210329923,0.8839993998886848,9883.973211939216,True,body,high
-0.0124280590915959,0.0024925532979118,-0.0033563554894056,0.0004215131541174,0.0001179022869791,0.1666822826122053,0.1666822826122053,0.1666822826122053,False,0.3690240936523045,6.159854093481104e-05,4.585986914767588e-05,0.0001061552346557,2.314774041633577,0.4197314797092492,0.1482609109025436,0.4320076093882072,-0.807460795382436,0.5616247739423657,-0.1805122633356261,16696.195439320156,True,body,high
-0.0126534818218908,0.0027081980609496,-0.0035346419765603,0.0006017735887865,0.0002961256121652,0.1500787705502198,0.1500787705502198,0.1500787705502198,False,0.6498605286155167,9.24184348363094e-05,0.0001625093029586,6.594135696904101e-05,2.46445190739684,0.431303727517662,0.1629265364211122,0.4057697360612257,-0.0066746880370072,0.5772460584576494,0.8165429789880729,23858.989344362013,True,body,high
-0.0119304975628556,0.0026695115290227,-0.0038221149237758,0.000329572530898,0.0002768112573641,0.3933995380131823,0.3933995380131823,0.3933995380131823,False,0.3788962060613621,3.275763395060155e-05,2.764152198106146e-05,7.249254983675482e-05,2.622596175652808,0.5481241310401123,0.0705743139268933,0.3813015550329944,0.3033597690733118,-0.645984244525726,-0.7004835517928412,7156.873621045184,True,body,high
-0.0125933428744439,0.0026282903113734,-0.0034895093801474,0.0005285226252276,0.000214348710687,0.1816937963906415,0.1816937963906415,0.1816937963906415,False,0.9743045218932788,4.994518757620283e-05,9.074731315446028e-05,4.609172597278385e-05,1.9688417224393933,0.4496235112637272,0.042463644040458,0.5079128446958148,0.5808130902472896,-0.8140357746462625,0.001382676192414,17584.390480756014,True,body,high
-0.0123593411940359,0.0025001498901406,-0.0033793775149893,0.0003562802470455,9.146702357480016e-05,0.1479057085303438,0.1479057085303438,0.1479057085303438,False,0.3006799387049023,5.687813583343861e-05,4.1781499117653016e-05,8.298219959314644e-05,1.98609914305554,0.3145742567405236,0.1819262057381332,0.503499537521343,-0.23939979686697,-0.0640929313761697,0.968803299647386,16428.809724006474,True,body,high
-0.0132086058178828,0.0026891837342954,-0.0033488722070744,0.0011557053938828,0.0005332011242446,0.1930526020818148,0.1930526020818148,0.1930526020818148,False,0.1310764952603798,7.172209281511883e-05,5.947223652870465e-05,3.157742478193065e-05,2.271309117523729,0.1707961355504665,0.3889291381761499,0.4402747262733835,0.3875958848374167,-0.7906157002446061,-0.4740213545652039,4467.595888102103,True,body,high
-0.0126289394090368,0.0030826588746791,-0.0038302173930229,0.0008278517507517,0.0006973122801886,0.4361012323674971,0.4361012323674971,0.4361012323674971,False,0.1045776796922222,1.2181916606319922e-05,3.0294269843621225e-05,1.913035070407976e-05,2.486822954271801,0.3685158677588047,0.2293646334315895,0.4021194988096058,-0.3429799042980093,0.5846085508361842,0.7352534444237205,4106.977488448518,True,body,high
-0.011959375789412,0.002780800617193,-0.0042505241847456,0.0007089670165981,0.0005923261604611,0.2881264698762494,0.2881264698762494,0.2881264698762494,False,0.2960924684957803,3.560992876982555e-05,7.143552566135423e-05,2.934997882717359e-05,2.4339208584101555,0.5015095298852109,0.0876307675305386,0.4108597025842505,-0.1083915097514938,0.6063143615785958,0.7878033863581266,5041.195298622409,True,body,high
-0.0127254817114692,0.0024923476805849,-0.0030546641560928,0.0008441700920212,0.0002597210741001,0.1092513337809682,0.1092513337809682,0.1092513337809682,False,0.7894290493117468,8.367460164807537e-05,0.0001008528509637,0.0001553258063993,1.856307688832941,0.3507012562714814,0.1105949469303168,0.5387037967982017,0.165221668487125,0.9422521984570412,-0.2913118513984686,4286.712053059887,True,body,high
-0.0114127941481575,0.0011789599867676,-0.0045116217652892,0.0017099641634103,0.0008706945686345,0.4932873549460436,0.4932873549460436,0.4932873549460436,False,0.3033554444678729,1.9823104829323648e-05,5.9307135645743525e-05,2.583263726983198e-05,2.991818696232312,0.5644261522907321,0.1013289948178375,0.3342448528914303,-0.4696333984735368,-0.6251567750788843,0.6233967256981434,8921.732050045523,True,wing_R,high
-0.0120288476805323,0.002580760298675,-0.003096960859475,0.0005524841870808,0.0004540069660971,0.3659536587729413,0.3659536587729413,0.3659536587729413,False,0.1004866325951319,0.0001203310599522,4.623776052408254e-05,7.889611034011503e-05,2.602441350713481,0.3443412667401394,0.2714041564080743,0.3842545768517864,0.7204156371008983,-0.5773237080238203,0.3843158154098456,16616.572299635496,True,body,high
-0.0115961767720092,0.0018399992810502,-0.0038474609315565,0.0008402326460616,0.000454601721633,0.3375782087050243,0.3375782087050243,0.3375782087050243,False,0.1518623464637849,7.263586842143962e-05,3.009747166182451e-05,4.888331142534799e-05,2.413354491618996,0.3270086461729517,0.2586303457477291,0.4143610080793192,-0.3369139713715537,-0.9030832151335216,0.2663262706507729,6346.397367242725,True,wing_R,high
-0.0112128254461852,0.0026882882244331,-0.0041262112681915,0.0010475198909954,0.0005847201074511,0.4586667722845599,0.4586667722845599,0.4586667722845599,False,0.188131082789777,4.5379303797872296e-05,2.7548755436393905e-05,6.550686497419854e-05,2.377852063968713,0.307258806909077,0.2721935841152127,0.4205476089757103,0.2314087036224064,-0.6544968162566982,-0.7197804730594202,16147.20413244605,True,wing_L,high
-0.0116642158498321,0.002751823931843,-0.0040796784173469,0.0006922538902418,0.0004782512887351,0.3098868511379558,0.3098868511379558,0.3098868511379558,False,0.1267901224150799,7.027807106551619e-05,2.7825976378079948e-05,7.895542268474705e-05,2.837471778598381,0.1099019082435636,0.5376716790807242,0.3524264126757122,-0.1771457013019812,0.7702592718625182,0.6126337034640297,5911.12872643974,True,body,high
-0.0125088087228401,0.0026429361726503,-0.003471340226686,0.000463834548255,0.0001475854337105,0.3784343052097516,0.3784343052097516,0.3784343052097516,False,0.9027664457135712,0.0001267286240631,0.0001258182246709,4.779124961809317e-05,2.651711873530094,0.0071838497332017,0.615701272145161,0.3771148781216373,-0.1903900568796472,0.5929976755454596,0.7823716399761986,18650.108141055985,True,body,high
-0.0120288096438991,0.0025578395843445,-0.0031805542102321,0.0004671164620729,0.0003914696291342,0.2206041835379947,0.2206041835379947,0.2206041835379947,False,0.1298959078446821,5.958844992084899e-05,6.156183628322529e-05,0.0001447806758572,2.429676825787335,0.5747924512804967,0.0136301778582775,0.4115773708612258,0.4053537254204008,0.8946388075828743,-0.1879089174427212,11425.661260833856,True,body,high
-0.0127152898019582,0.0025922627383314,-0.0032942947996972,0.0007040026882308,0.0001848236807098,0.1079407036484605,0.1079407036484605,0.1079407036484605,False,0.8875767844417084,0.0002721077491604,0.000134071012384,9.672787386659472e-05,2.813126540295226,0.5072870478781449,0.1372365859947009,0.355476366127154,0.0021323890373016,-0.5505845210692816,-0.8347766995286245,10603.880779542063,True,body,high
-0.0127178958098475,0.0023008192073061,-0.0032239608420283,0.000751179564717,0.0004119245879191,0.1384390002478416,0.1384390002478416,0.1384390002478416,False,0.1099438244254236,0.0001158494488015,0.0002000527210327,8.258154462786853e-05,2.4224870330798702,0.4209054083166614,0.1662956844674626,0.412798907215876,-0.2234266781864889,0.5391934513999269,0.8120042742756873,3666.1001212305073,True,body,high
-0.0123022710297954,0.0025237889296922,-0.0033274654191246,0.0003642446942956,0.0001184541032929,0.1373331665823882,0.1373331665823882,0.1373331665823882,False,0.3100232468249273,0.000101049732569,0.0001052757023876,4.036446020637498e-05,2.608128582655256,0.0401419294553695,0.5764413913784788,0.3834166791661516,0.2720658003173941,-0.7876021469827237,-0.5528680297917945,26747.735781076863,True,body,high
-0.0125733884255953,0.0027264436681704,-0.0033502217852277,0.0006003548997037,0.0001168203101667,0.157802724791898,0.157802724791898,0.157802724791898,False,0.602398569504657,9.800228471947096e-05,0.0001449994805936,0.0001048577710398,1.479552043186807,0.2768403679065938,0.0472793853627132,0.6758802467306929,-0.4720043740995554,0.7297370314658599,-0.4946672980279585,13717.36616526214,True,body,high
-0.0122897008946067,0.0021099072711113,-0.0036577987683018,0.0004023445052667,0.0004022453888166,0.3734270399973554,0.3734270399973554,0.3734270399973554,False,0.1245838638105318,6.541640525150386e-05,2.85011219016426e-05,4.7452268648357824e-05,2.295222113615596,0.2746121027910359,0.2897002162355835,0.4356876809733805,-0.070668641787396,-0.9584844406156208,0.2762490183976864,15445.942225469058,True,wing_R,high
-0.0122865305403998,0.0026947717807384,-0.0031892687354684,0.0005273539525475,0.0002254145149398,0.1159375853329321,0.1159375853329321,0.1159375853329321,False,0.9794623535159198,0.0001203842614129,0.0001183415718392,5.3617664272029e-05,2.245235092714139,0.0169680782995021,0.5376442635238406,0.4453876581766571,0.4741800962505704,-0.8455563272731005,0.2453318848585015,10501.021774410616,True,body,high
-0.0125742945754966,0.002815691722225,-0.0033402567252224,0.0006487754029975,0.0001723596528887,0.1470829244319175,0.1470829244319175,0.1470829244319175,False,0.0043187397862956,8.87728991628762e-05,0.0002063789644254,8.944373057172043e-05,2.3247969410887586,0.5666044220120293,0.0032504834526708,0.4301450945352998,-0.4154116513772965,0.6549902326857224,-0.6312059529078371,10821.54079879375,True,body,high
-0.0124933346337027,0.0024380684217273,-0.0036151408839406,0.0003849888540367,0.0002738250187323,0.1634510718842293,0.1634510718842293,0.1634510718842293,False,0.1699014642378188,7.137702919673817e-05,0.0001059768523319,4.303208563270495e-05,2.46274031978034,0.3264847216522661,0.2674635351053958,0.406051743242338,-0.1279640254047058,0.7269952991633392,0.6746132545367242,9671.533405726932,True,body,high
-0.0121379559518908,0.0024715135287664,-0.0029905998039614,0.0006419128311574,0.0004837091422484,0.19185190292645,0.19185190292645,0.19185190292645,False,0.0427826824283133,7.854206961958727e-05,0.0001512961598257,5.658435648102561e-05,2.673816037415007,0.4808720214046885,0.1451306706253958,0.3739973079699157,-0.1766827195285036,0.5525224519896499,0.8145564171175359,10353.413282248506,True,body,high
-0.012699454503626,0.0026462555231853,-0.0033917758178018,0.0006607685926343,0.0002141667999749,0.1143243675796438,0.1143243675796438,0.1143243675796438,False,0.2441084384633728,0.0001019240383989,0.0001972299360126,8.186234556924008e-05,2.409287623524113,0.4832222711239464,0.1017172810340977,0.4150604478419559,-0.0606296356277445,0.7073280936652129,0.7042804946863024,20064.467898089435,True,body,high
-0.0125846578060262,0.0026466088141219,-0.0033634009600789,0.0005735892478447,0.0001146862731552,0.1409552728987119,0.1409552728987119,0.1409552728987119,False,0.1402384540635056,8.896104442243592e-05,0.00022050641027,9.598474260829568e-05,2.478685043567825,0.5647076994689699,0.031852580508918,0.403439720022112,-0.5536781636584984,0.7437714388000071,-0.3744923736381292,19307.720338975905,True,body,high
-0.0126986060505551,0.0026696312831142,-0.0033481508059432,0.000683597584303,0.0001795932614645,0.1350598921697664,0.1350598921697664,0.1350598921697664,False,0.7356504743636406,0.0001940433288398,8.075375336925158e-05,8.036860967554123e-05,2.4144168926552,0.5838364871801144,0.0019848334699939,0.4141786793498917,0.0298596522814669,-0.5195824192817201,-0.8538984194498693,15057.08142809586,True,body,high
-0.0128218636208579,0.0029702904772798,-0.0033442547782103,0.000917014482456,0.0003464985578229,0.1094938275944211,0.1094938275944211,0.1094938275944211,False,0.2021839749288609,9.92547640639931e-05,0.0002027246093965,7.850866973789181e-05,2.5821939165874728,0.510396076927019,0.102336338877925,0.3872675841950558,-0.0875764361041612,0.5667451623328912,0.8192254200228155,5838.50124055278,True,body,high
-0.0121713691112996,0.0025508426777455,-0.0032111924249518,0.0004329814618442,0.0002756555331883,0.253165258082752,0.253165258082752,0.253165258082752,False,0.3043979276659526,4.3695280124255925e-05,5.892079591876277e-05,0.0001083933251011,2.480664382809556,0.4564167501661997,0.1404654371503214,0.4031178126834788,-0.2027437463892001,0.8776013941964117,-0.4344085245533125,17774.123728537244,True,body,high
-0.0123653575636609,0.0025300944775105,-0.0033013115585719,0.0004222077255079,0.0001107987707428,0.1388170834463787,0.1388170834463787,0.1388170834463787,False,0.16070147562497,8.001559173590711e-05,0.0001058861831468,7.975800713080734e-05,1.327593140249972,0.2443245250900919,0.002432655493328,0.75324281941658,0.3051033943956628,0.5724210956952875,0.761082129557153,23481.6056754351,True,body,high
-0.0120224390470363,0.0027024075192315,-0.0029979383600823,0.0006812274858356,0.0005419302736254,0.1337246797355482,0.1337246797355482,0.1337246797355482,False,0.0277190431417675,5.4419134878977496e-05,0.0001233846210812,6.791748282673643e-05,2.2673021420809096,0.4495466109833333,0.1094005705854147,0.4410528184312519,-0.4570317816817859,0.7082837595191142,-0.5380112141342801,9194.447604286335,True,body,high
-0.0126269242163744,0.0026728306739837,-0.0034982831537653,0.0005715659457543,0.0002455669954753,0.1417863968204271,0.1417863968204271,0.1417863968204271,False,0.7942162093881336,9.032785781353826e-05,0.0001748642330239,6.82373612535486e-05,2.562587852337989,0.4834400594593266,0.1263294167021851,0.3902305238384882,-0.1676550692605047,0.6475776831095994,0.7433269281343564,25063.83913197736,True,body,high
-0.011770221726006,0.0012404206569274,-0.0041524881090911,0.0013768357671921,0.000972786267341,0.5100401636114938,0.5100401636114938,0.5100401636114938,False,0.2830018574170664,7.698275918580579e-05,4.888494310913075e-05,3.187289757980038e-05,2.41530469556662,0.3649884256403187,0.2209851362727861,0.4140264380868951,-0.4702893403402612,0.83922226003259,-0.2730090376308338,5230.869506142181,True,wing_R,high
-0.011878581762702,0.0025217938647157,-0.0037129980318717,0.0002508055065329,0.0001560372226514,0.5214465849016112,0.5214465849016112,0.5214465849016112,False,0.3463823673613851,4.352351710141744e-05,1.9394286425415105e-05,4.074635061205149e-05,2.2441411943046456,0.0638084115053169,0.490586827734586,0.445604760760097,-0.1616731671988931,0.6901794917003239,0.7053467631202125,4860.782617497154,True,body,high
-0.0124953267306314,0.0024553693194673,-0.0034033078351026,0.0004482757050182,0.000180409834675,0.1705099588469367,0.1705099588469367,0.1705099588469367,False,0.2301064014706312,0.0001040027744696,5.718947300481792e-05,0.0001419118666922,2.4814333693954382,0.2671312350844926,0.32987587688014,0.4029928880353672,-0.9841662957867592,-0.1588944768752709,-0.0785445571373529,11094.926983884634,True,body,high
-0.0114166674521418,0.0022529199504422,-0.0033516484158046,0.0007783591741199,0.0006762005197969,0.9727645397696576,0.9727645397696576,0.9727645397696576,False,0.874106413188444,0.0001059723549279,0.000105967756656,4.142082540666386e-05,2.5584317523254363,4.339123996947358e-05,0.6090921664738255,0.390864442286205,-0.0962308404130685,-0.9056374441461934,0.4129896428649815,2836.590205229325,False,body,high
-0.0114153695335357,0.0027517406784333,-0.0041858804165347,0.0009323741394118,0.0005639207318198,0.4314070384045521,0.4314070384045521,0.4314070384045521,False,0.2421693536683726,4.287948807396438e-05,2.667210502862685e-05,6.2501901248146e-05,2.343343398695508,0.3139490604657994,0.2593102405155763,0.4267406990186243,0.1744990266418516,-0.6615713268311092,-0.729296557797973,10686.080486785611,True,body,high
-0.0126783500117008,0.002710966635806,-0.0034228821260561,0.0006521841408009,0.0002246211479894,0.1376901984527846,0.1376901984527846,0.1376901984527846,False,0.3943364860113493,0.0001065353010191,0.0001185136379787,5.18757728030029e-05,2.2845662160801004,0.1010713801715847,0.4612087616945512,0.437719858133864,-0.0997264960183628,0.6671467451621108,0.7382207301420769,17953.50862770235,True,body,high
-0.0117766747032669,0.0018824792742351,-0.0037029111100676,0.0006782663770678,0.0004844528640827,0.3259890994662942,0.3259890994662942,0.3259890994662942,False,0.1849085811622647,4.1802303877757454e-05,9.824090351456722e-05,7.175315291974933e-05,2.3501313181649808,0.2696203887303445,0.3048714738006328,0.4255081374690226,-0.2443225895291267,0.9538330293517874,0.17466832673205,7192.677388655354,True,wing_R,high
-0.0120834111421043,0.0020495149586135,-0.0038974317399114,0.0004971174198038,0.0003765837209345,0.4218746792348895,0.4218746792348895,0.4218746792348895,False,0.1628926928167725,9.446600160641585e-05,4.640430076285597e-05,8.649545604967111e-05,2.0357165188022948,0.0843747530455802,0.4243977156337299,0.4912275313206898,0.6401949755507367,-0.736268666804079,-0.2192232733131601,5422.906563826738,True,body,high
-0.0125247019329574,0.0026393063794314,-0.0033808293945031,0.0005138868203655,8.751619650684716e-05,0.1737316863887535,0.1737316863887535,0.1737316863887535,False,0.5714713144492515,5.574456407132479e-05,0.0001545023928352,6.620020173988898e-05,2.771613616666482,0.5715263658699936,0.0676729821247188,0.3608006520052875,0.642224080422465,0.381325616160198,-0.6649353389507617,23076.61464844276,True,body,high
-0.0127367889207699,0.0026542275449476,-0.0034167699694662,0.0006881415550093,0.0002567727445321,0.1158040136470307,0.1158040136470307,0.1158040136470307,False,0.7036834726436166,0.0001009125487953,9.486178207182592e-05,4.29674983641954e-05,2.348578638206044,0.0599604984286969,0.5142500544000355,0.4257894471712676,0.3463647745846386,-0.6478926626409642,-0.6784294662106991,22468.10706574067,True,body,high
-0.0123184438201493,0.0025318472489165,-0.003297195858186,0.0003993140317914,0.000130231920977,0.1957331490744848,0.1957331490744848,0.1957331490744848,False,0.890867130258545,6.689513500814247e-05,0.0001656663172781,6.883200066517302e-05,2.476507705051601,0.5845142102747829,0.0116913666510664,0.4037944230741507,-0.4390240711543733,0.7805720364524155,-0.4449327599262265,27749.03869614271,True,body,high
-0.0126245273275776,0.0025925332957575,-0.0035174811369905,0.0005414391936028,0.0002585997153335,0.13517678420909,0.13517678420909,0.13517678420909,False,0.6100343687823474,0.0001184920524729,0.0001239584686822,4.972485563667231e-05,2.4928874522627344,0.0440987716886506,0.5547599737824601,0.4011412545288893,0.5256445362962702,-0.8504533105100354,0.020663690483569,13471.357273689162,True,body,high
-0.0128232226803772,0.0026814398923233,-0.0035032235163313,0.0007552959158588,0.0003772219697541,0.1343623399339526,0.1343623399339526,0.1343623399339526,False,0.9023882885895012,0.0001021665059702,0.0001137616420888,4.481149877749011e-05,2.5386707696098525,0.1019248307747494,0.5041682428246753,0.3939069264005753,-0.0118688913593458,0.6060245086058859,0.7953574192694091,10876.322147328749,True,body,high
-0.0126494532505857,0.0026947560299667,-0.0035553050077991,0.0005898512498386,0.0003070642271688,0.1214494687038668,0.1214494687038668,0.1214494687038668,False,0.5491046771143256,8.507995048225039e-05,0.000164803252646,6.991614698450162e-05,2.357155818133587,0.4837483537718583,0.0920115547131873,0.4242400915149543,-0.132768096533292,0.6244050719983862,0.7697343298863684,22292.13032749332,True,body,high
-0.0124804672795665,0.002540658017628,-0.0033350633713337,0.0004801420729051,9.329758593733976e-05,0.1264242405523399,0.1264242405523399,0.1264242405523399,False,0.8576783026610338,6.434671927654669e-05,4.645699361890743e-05,0.0001104055083521,2.376509966568373,0.4171783615060787,0.1620365317333645,0.4207851067605568,-0.8193039859006906,0.5391150154773403,-0.1951819120054627,27978.959771371017,True,body,high
-0.0122632691088443,0.0025725797833092,-0.0032405676590744,0.0004328821747764,0.0001928221388359,0.1263434317000688,0.1263434317000688,0.1263434317000688,False,0.6670375166459352,8.134590882007928e-05,0.000117551833465,6.896847694272108e-05,1.704428438555602,0.3079996591948392,0.1052933970701464,0.5867069437350144,-0.0740507006387114,0.5663224236104478,0.8208504164894506,22883.647185688136,True,body,high
-0.0125915909041897,0.0026099299703016,-0.0033516299762565,0.0005748095802976,0.0001204124189259,0.1201738792805003,0.1201738792805003,0.1201738792805003,False,0.1994943837207728,3.560300154769813e-05,4.0955518271655433e-05,8.423361254480236e-05,2.3659132343646005,0.5137865154498518,0.0635437156528267,0.4226697688973214,0.3662584534830172,0.9110266097100532,-0.1894340562106896,17636.80841013367,True,body,high
-0.0123175478811537,0.0025718837823827,-0.0032566858470451,0.0004409965835554,0.0001476943538623,0.18891561256236,0.18891561256236,0.18891561256236,False,0.1885425592315282,0.0001824604150443,7.570328978341954e-05,6.633626766089492e-05,2.750537850230373,0.5850974592760985,0.0513372838719573,0.3635652568519442,0.0082826068187826,-0.6113260754054494,-0.7913354711837814,20330.895810704307,True,body,high
-0.012621734138382,0.0028077471375202,-0.0033562936206379,0.0006728099031672,0.0001872097832211,0.1668764525302301,0.1668764525302301,0.1668764525302301,False,0.365383949929931,9.29360981612307e-05,0.0001378671204115,6.766224708732904e-05,2.037578211577645,0.3259009263135233,0.1833203667303764,0.4907787069561002,-0.007573445006189,0.5673869057406831,0.8234165058612508,11504.460544304306,True,body,high
-0.0134149523229635,0.0027692671690957,-0.0035465517711504,0.0013418316346641,0.0008046202417593,0.1296582760591718,0.1296582760591718,0.1296582760591718,False,0.248519825887947,6.307765300764708e-05,5.390452245275342e-05,6.069694853378895e-05,1.1701736725881169,0.0377424390468287,0.1076835576018032,0.8545740033513679,0.5731134882028341,-0.7133074121304215,-0.4034023617181493,5117.520295804097,True,body,high
-0.0126646388684237,0.0026563536337443,-0.003377638871436,0.0006383193369597,0.0001788504763165,0.131397734524664,0.131397734524664,0.131397734524664,False,0.8862714756375732,5.893113601591374e-05,0.0001316778632034,6.631027158291335e-05,2.234436192913065,0.4964205070637804,0.0560393021839894,0.4475401907522301,-0.516947128954758,0.6926874894613428,-0.5029410579870913,17482.042109443017,True,body,high
-0.0126611395751953,0.0027232321425785,-0.0035811850653426,0.0006091371179438,0.0003404056915967,0.1239806723286898,0.1239806723286898,0.1239806723286898,False,0.9034390224137744,8.163789026830384e-05,0.0001434855735814,5.132942546725569e-05,2.795386316430875,0.4310376421084865,0.2112300494366336,0.3577323084548798,-0.1199640596609497,0.6908536170170241,0.7129725830943006,25669.45958612132,True,body,high
-0.0125763743470114,0.002636963025457,-0.0033533651594676,0.0005686510995881,0.0001030541004884,0.1326534832393995,0.1326534832393995,0.1326534832393995,False,0.4661590650027414,7.780371724381149e-05,0.0001897630123244,7.527493835868691e-05,2.5209321516841663,0.5899953510920117,0.0133259841006363,0.396678664807352,0.0664485800499221,0.4440530937732171,0.8935331197665722,19835.33662892624,True,body,high
-0.0126394201101176,0.0027133167534052,-0.0035985515724173,0.0005840996051247,0.0003390032527824,0.1410758976815237,0.1410758976815237,0.1410758976815237,False,0.9083353888814134,0.0001487338482648,6.69135746428682e-05,6.088037365296718e-05,2.443050844475985,0.550111992505599,0.0405637389221308,0.4093242685722702,-0.000453593867676,-0.4116679140516669,-0.9113338152361916,20680.68373041021,True,body,high
-0.0123244221521335,0.002547704964104,-0.0033223842611581,0.000384708230946,0.0001010132661915,0.1365785134597011,0.1365785134597011,0.1365785134597011,False,0.1099944389900801,6.399153599377655e-05,0.0001264643422171,5.201696147717567e-05,2.4312135623805755,0.4939954229635416,0.0946873585602549,0.4113172184762034,-0.3549556789460102,0.5737064625947931,0.7381513129169021,27300.667702136863,True,body,high
-0.011306778619099,0.0028514749012745,-0.0044914719034731,0.0012370504333789,0.0007585749709322,0.419547532254087,0.419547532254087,0.419547532254087,False,0.1585687594352089,2.2306747395177217e-05,4.7548621618629576e-05,5.692301266875282e-05,2.551829348328019,0.1646854340734709,0.4434388315028268,0.3918757344237022,-0.2138847363986384,0.6847302029656169,0.6967050083660591,8301.756086514224,True,wing_L,high
-0.0126302306901286,0.0026258285205981,-0.0035207315724264,0.0005546750721739,0.0002622519817632,0.2849559246370364,0.2849559246370364,0.2849559246370364,False,0.956873923741596,3.838245539412122e-05,6.776149895863102e-05,5.937380040249975e-05,1.7654289769332887,0.1237826595490757,0.3097827723851551,0.5664345680657691,-0.6668417972823502,0.4248041455608062,-0.6122609372739682,17443.480281146098,True,body,high
-0.0121622460917312,0.0014041896526049,-0.0042685626977609,0.0012416760053994,0.0010144538049204,0.7153954408614884,0.7153954408614884,0.7153954408614884,False,0.3632936946903883,2.0967943882251622e-05,2.2896315758887105e-05,4.888755391646953e-05,2.3315378079512383,0.531653479779162,0.0394450473003894,0.4289014729204485,0.7602975257283404,-0.5990814873821161,-0.2510956866363799,4906.724177088712,True,wing_R,high
-0.0116083027682124,0.0030250166395909,-0.0046220023368391,0.0012414463245316,0.0009589383561418,0.3605730267338478,0.3605730267338478,0.3605730267338478,False,0.3003461610618918,1.293079416133665e-05,3.004255522301881e-05,3.397621786430921e-05,2.62754301401679,0.1157769430664785,0.5036393729879348,0.3805836839455866,0.396502863661108,-0.4462562065938955,-0.8022723210886483,7745.96290002102,True,wing_L,high
-0.0124499849377194,0.0029359482670516,-0.0034734322053898,0.0005990294749159,0.0003381557603557,0.1649881214933669,0.1649881214933669,0.1649881214933669,False,0.5410167084571955,0.0001107540965654,5.958589271688005e-05,0.0001696884913287,2.8477964093790487,0.34730932134442,0.301541981119984,0.351148697535596,-0.9957316721870716,-0.0403112108705709,-0.0830267624425206,5988.817313310225,True,body,high
-0.0125608809250451,0.0027357593822362,-0.0036474602570866,0.0005241906497486,0.0003421576284655,0.2525427810706981,0.2525427810706981,0.2525427810706981,False,0.8983029209569585,5.136850367594103e-05,0.0001016695407327,8.254375044783186e-05,1.979219433257008,0.1881172094127754,0.3066331031615115,0.505249687425713,-0.2786431468321799,0.700613921298451,-0.6568851726186766,9896.76391015552,True,body,high
-0.0123029261720919,0.001886593245954,-0.0038623469277741,0.0006553377697952,0.0006234433980825,0.3920591215964885,0.3920591215964885,0.3920591215964885,False,0.5911191429818005,7.397311313852851e-05,3.156715738007925e-05,6.016421017463585e-05,2.3433568074523534,0.1866746224135911,0.3865871203906649,0.426738257195744,-0.146713187154919,-0.8115504187217579,0.5655626920045067,12781.74920394237,True,wing_R,high
-0.0115563761505856,0.0029203148185585,-0.0044822241499809,0.0011105167041926,0.0007978803593869,0.3534867579118138,0.3534867579118138,0.3534867579118138,False,0.5984072379878571,2.5699283507307392e-05,6.308072101467464e-05,6.898985663196289e-05,2.684505060709033,0.0856522379632045,0.5418396171887171,0.3725081448480783,0.3613396212333468,-0.4806378929968972,-0.7990124491786375,8401.838692543663,True,wing_L,high
-0.0126238023136023,0.0027362922750596,-0.0033929794193113,0.0006265819136253,0.0001773678628567,0.3446451832786227,0.3446451832786227,0.3446451832786227,False,0.0140571291747021,0.0001254739065256,0.0001278738803564,5.376323488841648e-05,2.37846328670314,0.0187682881301262,0.5607921761450526,0.420439535724821,-0.2081521043412476,0.6358739846056033,0.7431937682462787,17592.9838613399,True,body,high
-0.0123230842081157,0.0024853517054891,-0.0032612815472947,0.0004278440940494,0.0001808200637674,0.1711330579829052,0.1711330579829052,0.1711330579829052,False,0.2227295667187468,4.995757328677188e-05,6.064770827972995e-05,0.0001126023360155,2.2539592819928127,0.4613991998234241,0.0949370623312935,0.4436637378452823,0.3995963587909755,0.8953453236435762,-0.1966710488876633,14346.623581988031,True,body,high
-0.0115496557089545,0.0012973952832887,-0.0037990585548835,0.0013093421532706,0.0009605832501305,0.4552360783640444,0.4552360783640444,0.4552360783640444,False,0.1709397214876219,7.280307286487272e-05,3.170165021580118e-05,3.73102731320011e-05,2.2965073543264696,0.4875178798942812,0.0770382718131952,0.4354438482925236,-0.191891410338671,-0.8715335404791189,0.4512282952765344,2719.668553807937,False,wing_R,high
-0.0122255329853644,0.0028319368730465,-0.0039461776825014,0.0004938655018234,0.00049383330272,0.1825362530561001,0.1825362530561001,0.1825362530561001,False,0.6599045427148904,0.0001097633712378,9.817075489115278e-05,4.219192273992297e-05,2.601525697570075,0.1056146163872173,0.5099955615425882,0.3843898220701945,-0.4825398355412608,0.6426273652950225,0.5951347548999224,9752.245615991902,True,body,high
-0.0122519901152194,0.0025026762903941,-0.0032343045957734,0.0004235478573641,0.0002227184464472,0.1527403847988913,0.1527403847988913,0.1527403847988913,False,0.0817967200915424,0.0001072195806976,0.000153734210428,6.424811867015507e-05,2.3928204219841205,0.3025652494710818,0.2795178894003247,0.4179168611285934,-0.1050712718922221,0.6065104685085552,0.7881022011214559,16563.56176844933,True,body,high
-0.0118889463138899,0.0019837414533101,-0.0036984878556075,0.0005372981130986,0.0003997145639319,0.2718506321615508,0.2718506321615508,0.2718506321615508,False,0.1721315316517629,6.389347964647779e-05,2.6577395428528805e-05,4.118401903100889e-05,2.404053467853852,0.3554268877062291,0.2286089861328329,0.4159641261609379,0.0326892081281593,-0.9946355145555724,0.0981407604246377,6706.743035396568,True,wing_R,high
-0.0125408188301712,0.0025860785064068,-0.0034368487759886,0.0004872509047169,0.0001456616176407,0.1389156816797782,0.1389156816797782,0.1389156816797782,False,0.7376329098683736,0.0001129904518868,0.0001253952539207,5.035165223632268e-05,2.490390053781185,0.0989256103885794,0.4995308649407812,0.4015435246706393,0.6252465108859935,-0.7804272304659519,0.0003722527841967,23462.81522493123,True,body,high
-0.01298712317737,0.002679322722959,-0.0034230778885865,0.000925904720293,0.0004311202653063,0.1319783610928345,0.1319783610928345,0.1319783610928345,False,0.4168978418054148,5.182528586999094e-05,3.936205424060962e-05,9.688422019247812e-05,2.461360873094961,0.4650802187700888,0.1286404700850235,0.4062793111448876,-0.7407986310081519,0.6694291205877365,0.0555161310393464,8044.176690493509,True,body,high
-0.0127887440110159,0.0026699369730597,-0.0034347231444451,0.0007348737214032,0.0003039314654074,0.1070385567155108,0.1070385567155108,0.1070385567155108,False,0.4198238706724412,2.92991085692139e-05,4.616426725805307e-05,6.635860332803622e-05,2.2648676553170857,0.3043212945600247,0.2541518031274434,0.4415269023125319,-0.3041091127990927,0.6676994678214736,-0.6794814700810243,14080.202591347112,True,body,high
-0.012688563884853,0.0027268024913045,-0.0035085447469635,0.0006453717051386,0.0003005025948551,0.0889709684981657,0.0889709684981657,0.0889709684981657,False,0.2758100234198029,7.920822462485588e-05,0.0001841526972569,7.284849452338102e-05,2.527886107486897,0.5698774668810926,0.0345350906948687,0.3955874424240386,0.1827773085687922,0.6482166427285551,0.7391939120163731,18713.4799011316,True,body,high
-0.0118367027834635,0.0028353905463569,-0.0042435620918247,0.0007636033857753,0.0006142843847225,0.3683225553126679,0.3683225553126679,0.3683225553126679,False,0.5718860583332988,5.2619380967916006e-05,2.020261359125367e-05,4.798566650916793e-05,2.604582854106389,0.0880609838715781,0.5280003756573004,0.3839386404711213,0.1018070093169583,-0.5856933526114698,-0.8041135675765412,5391.243928086546,True,body,high
-0.0127377096195402,0.0026447450975141,-0.0033894891727744,0.0006955225542806,0.0002394393675238,0.1246361555365422,0.1246361555365422,0.1246361555365422,False,0.3621440719632045,9.461093202218038e-05,0.0001742397374469,7.161007357527166e-05,2.4331735571227493,0.4570071476893856,0.1320069622689235,0.4109858900416908,-0.0505978898522197,0.72507662929378,0.6868069125995115,18695.92687283821,True,body,high
-0.0124652517712735,0.0022776963690778,-0.0034725794051899,0.0004338113550071,0.0003256012018008,0.1493008130019714,0.1493008130019714,0.1493008130019714,False,0.4214197748668565,4.44098431042882e-05,4.9202616016142814e-05,2.699917261241888e-05,1.8223749565388887,0.097408904239607,0.3538566015708814,0.5487344941895115,0.385344882433167,-0.8619369118190586,-0.3295058142527887,7925.608797727244,True,body,high
-0.0126861287682286,0.0027173853553419,-0.0035871391663078,0.0006290565193942,0.0003582199330141,0.1326579894342411,0.1326579894342411,0.1326579894342411,False,0.4252396552574781,5.624835879269692e-05,0.000154696494303,6.382734004487224e-05,2.750240142528896,0.5874028022908041,0.0489925856841231,0.3636046120250727,-0.7728047558932174,0.6185721029484673,-0.1419202688932583,22681.405280670224,True,body,high
-0.0126348185560401,0.0026419682812735,-0.0034849315332555,0.0005718613892994,0.0002384480384422,0.1171280614791041,0.1171280614791041,0.1171280614791041,False,0.8948444409409704,5.725495862673249e-05,0.0001175287979055,4.8546815262103776e-05,2.420937342048981,0.5128431529374645,0.0740936989045409,0.4130631481579946,-0.2641743531901598,0.6333937714671087,0.7273405264270875,20269.214789430207,True,body,high
-0.0119980457251073,0.001275831036821,-0.004335731255902,0.0013897485415886,0.0010446550034058,0.4539747851800962,0.4539747851800962,0.4539747851800962,False,0.175282710447604,6.110466534966862e-05,3.296475189442234e-05,2.681122269618128e-05,2.2790704490463902,0.4605198849255933,0.100704736095481,0.4387753789789256,-0.1060987945072179,0.9756885214647312,-0.1917679714813767,5669.28180641554,True,wing_R,high
-0.0113998002450097,0.0028412545302663,-0.0043879321576064,0.0011020558152609,0.0007012579921982,0.4344080128416107,0.4344080128416107,0.4344080128416107,False,0.4387422202334153,1.322292922958332e-05,3.926266515479431e-05,3.095585523276058e-05,2.969286492659505,0.2115702000687898,0.4516485555237941,0.3367812444074161,0.2236559168123129,-0.6386266951906979,-0.7362974772907014,11288.268342160964,True,wing_L,high
-0.0124001856289886,0.0027080625024717,-0.003325074395729,0.000485343446439,9.306393960714068e-05,0.1801034795230779,0.1801034795230779,0.1801034795230779,False,0.2914255201326164,0.0001003696458616,5.791892424207263e-05,0.0001515139015506,2.615965395307033,0.3375548722959859,0.2801770740845085,0.3822680536195056,-0.9905929839290116,0.0018508537200671,-0.1368287781540295,8995.836913238689,True,body,high
-0.0123393826483718,0.0031124336088293,-0.0033121400042821,0.0007543041639562,0.0004868658221451,0.1307537185738339,0.1307537185738339,0.1307537185738339,False,0.2854351688133668,2.972564156128848e-05,6.714882183174894e-05,4.083485023397736e-05,2.2589528200190783,0.3918754027241912,0.1654416022447066,0.4426829950311022,-0.2364075548491777,0.8464276991860321,-0.4771494714037446,4376.423605885807,True,body,high
-0.0117028675232223,0.0030102066910621,-0.0045432913372517,0.0011354885062976,0.000911298227534,0.3932127074759349,0.3932127074759349,0.3932127074759349,False,0.4148039363227497,4.0111882639573066e-05,2.9205067980218987e-05,7.151937008541434e-05,2.448868468097915,0.4391465893551895,0.1525015481306429,0.4083518625141675,0.3969927753734941,-0.5806851154586239,-0.7107753041475592,12099.523008607406,True,wing_L,high
-0.0120805368021753,0.0025768128731004,-0.0031203808388466,0.0005235943985659,0.0004021397669526,0.2010673404040541,0.2010673404040541,0.2010673404040541,False,0.0992763791433416,9.089975740701432e-05,0.000123838124134,0.0001173255969963,1.3623592368848625,0.0525890325232017,0.2133901799152326,0.7340207875615655,-0.6724951643410613,0.5567705240318601,-0.4876031557600669,15809.599558679249,True,body,high
-0.0117039874796874,0.0026423558277809,-0.0038886126298374,0.0005106709716028,0.0003305136298088,0.3775892927919948,0.3775892927919948,0.3775892927919948,False,0.2736730973042752,2.680281175735065e-05,6.713556725199025e-05,6.952027571234564e-05,2.593768009928277,0.0343023446889452,0.5801581636632833,0.3855394916477715,0.1905486801474312,-0.6278058824621067,-0.754686010497112,8399.747732590648,True,body,high
-0.0123309059672512,0.0025768104006859,-0.0032763714644138,0.0004322687884843,0.0001234385983923,0.2122660752933919,0.2122660752933919,0.2122660752933919,False,0.1628368963470355,9.39276781785015e-05,0.0001284211403349,4.350588009022316e-05,2.9518111130876767,0.2685964481120828,0.3926284874651899,0.3387750644227273,-0.1491866935825608,0.5459162220890632,0.8244506103569258,21076.30588758684,True,body,high
-0.0126554520849061,0.0024646248755724,-0.0037515304183206,0.0005584821483106,0.0004655818486174,0.323548591419738,0.323548591419738,0.323548591419738,False,0.6304443753688034,3.3281076454186896e-05,8.744612560399242e-05,5.9417303001899406e-05,2.6275029211980714,0.320526751854325,0.2988837569096285,0.3805894912360465,-0.0342110671682145,0.9105573320982366,0.4119647410220367,6190.353069514493,True,body,high
-0.0121078583358531,0.0026668075683196,-0.0034913818980238,0.0002426986660633,0.0001889386313756,0.4612618108672788,0.4612618108672788,0.4612618108672788,False,0.7937849069178536,0.0001066609017757,0.000142350428096,5.89641353037371e-05,2.414186646896385,0.2507159746382205,0.3350658449714713,0.4142181803903081,-0.2079014955410509,0.7150507146673313,0.667442464640611,5506.746421086948,True,body,high
-0.0131939923388555,0.0026826561622679,-0.0034425814151496,0.0011210097611772,0.0005883211080577,0.1184272579829092,0.1184272579829092,0.1184272579829092,False,0.3408948589377072,0.0002236204220273,0.0001106129154119,9.440926207940842e-05,2.368628004307624,0.5053541424832949,0.072460525678449,0.422185331838256,0.0321745131133076,-0.5754346216888201,-0.8172146577661012,5468.875013929295,True,body,high
-0.0125991796428684,0.0026562734626878,-0.0034001250855213,0.0005728513112225,0.0001514049679662,0.1583628717133631,0.1583628717133631,0.1583628717133631,False,0.0765508531615739,7.909484649481745e-05,0.0002092007744483,8.695232485356473e-05,2.644935589602952,0.5843594504711408,0.0375595089428704,0.3780810405859888,-0.5528982033606828,0.6704951422668558,-0.4947118766687108,19496.386786058923,True,body,high
-0.0124273936734508,0.0026776741562455,-0.0031587507244626,0.0006068022927167,0.0001438145427757,0.1083044611827997,0.1083044611827997,0.1083044611827997,False,0.7538508887310715,8.640666154918506e-05,0.0001388805300653,6.012297020762048e-05,2.309941268466483,0.3778345927357981,0.1892539676309868,0.432911439633215,-0.0146732493958573,0.8356207366803097,0.549110808655251,9920.856333542584,True,body,high
-0.0121933114723833,0.0025415068055009,-0.003322806054957,0.0003282568284299,0.0001770629497243,0.1420440906343905,0.1420440906343905,0.1420440906343905,False,0.8328506441188502,8.589038452344618e-05,7.771509945843167e-05,3.470367976929964e-05,2.474964761501416,0.0951827740715591,0.500771069168876,0.4040461567595648,0.4028869640772413,-0.7562826945940317,-0.5154789811759684,12546.243330344594,True,body,high
-0.0125362810400417,0.0026200764510364,-0.0034240319879303,0.0004978040826626,0.0001278502937645,0.123993316576902,0.123993316576902,0.123993316576902,False,0.6014267303656482,0.0001184824476219,0.000126825649598,5.730953260042584e-05,2.212993961795992,0.0657848156314971,0.4823386689945371,0.4518765153739657,0.4904140674828451,-0.869452547911366,0.0595508970995848,30215.5574953745,True,body,high
-0.0125091608364332,0.002608750023387,-0.0033747696864455,0.0004950061559888,7.661792553572604e-05,0.1201123394554249,0.1201123394554249,0.1201123394554249,False,0.913984456070498,7.2329507418884e-05,0.0001803490477697,6.690987354729047e-05,2.695402609635709,0.5989471066616243,0.0300508039194771,0.3710020894188985,-0.0843693104820975,0.5517824054258642,0.8297095856450151,26425.911135336857,True,body,high
-0.0126460093897629,0.0026660869071591,-0.003400930189352,0.0006160951220466,0.0001830510826027,0.1496691776161113,0.1496691776161113,0.1496691776161113,False,0.4154571154426291,8.309687056376359e-05,0.0001822011537663,8.456434198530647e-05,2.192635565338004,0.5358737294620654,0.0080541280403984,0.4560721424975363,-0.5034105906606088,0.7274596114234966,-0.4662405934260899,18324.793940633088,True,body,high
-0.0126898093315003,0.0027838278029004,-0.0035989584443753,0.0006606653544806,0.0003884366741399,0.1491762537057532,0.1491762537057532,0.1491762537057532,False,0.9602176929326254,0.0001288890374074,7.046826943271529e-05,4.9601665639298416e-05,2.598482041806853,0.4532640568184133,0.1618958773619858,0.3848400658196008,-0.039165491990807,-0.7522204798831161,-0.6577464662630528,24399.33325124851,True,body,high
-0.0126135401426618,0.0026824497670344,-0.0035172000797271,0.0005588794421222,0.0002535670972335,0.2057655529512048,0.2057655529512048,0.2057655529512048,False,0.9796803227430384,5.953999536999654e-05,5.779549348727525e-05,2.5134815202992584e-05,2.368825666277731,0.0292996644000476,0.5485502321812585,0.4221501034186937,0.3133239945497429,-0.8248989794573757,-0.4704994666623681,24315.47752010253,True,body,high
-0.0124668857566405,0.0026190885554671,-0.003290739237747,0.000516078419143,2.9085563362044057e-05,0.1284683379661153,0.1284683379661153,0.1284683379661153,False,0.6661064398341435,7.252207618699384e-05,5.029022531673301e-05,0.0001141114130106,2.269057501571823,0.3644625522233039,0.1948258310339386,0.4407116167427574,-0.9735377074825506,0.1213297784135467,-0.1936579897131524,20802.243813140725,True,body,high
-0.0125362646428586,0.0026620805803392,-0.0034573314440198,0.0004995215804694,0.0001569212741237,0.1486217563419999,0.1486217563419999,0.1486217563419999,False,0.8142223305568317,0.0002044598127352,7.575355507661353e-05,7.082048810559482e-05,2.887015017891975,0.6294941579806234,0.0241273182491143,0.3463785237702624,0.0062265758712776,-0.5271312961967294,-0.8497610407184331,20424.677184475226,True,body,high
-0.012406993324966,0.0025548686937301,-0.003289258093825,0.0004615407143503,9.057146319691604e-05,0.0855606197110768,0.0855606197110768,0.0855606197110768,False,0.990574290032046,9.337518976531272e-05,8.9007379050074e-05,3.732796150266712e-05,2.501481088342876,0.0467769942552906,0.5534598395708419,0.3997631661738675,0.4518245215333646,-0.8811241133116283,0.1395524943594437,21931.82675356501,True,body,high
-0.0125378018464101,0.0028900223285162,-0.003416898350408,0.0006376487042911,0.0002724911612509,0.0533618398687512,0.0533618398687512,0.0533618398687512,False,0.9776611853791012,0.0001639027878828,6.301734585098317e-05,0.0001537729942907,2.600915441129793,0.061803668643996,0.5537163193623741,0.3844800119936299,-0.8698790832745472,-0.437045908905828,-0.2286946741621049,8322.065802793932,True,body,high
-0.0126495682781601,0.002695625851132,-0.0034886845486303,0.0006025658527228,0.0002555529019054,0.1475553014389308,0.1475553014389308,0.1475553014389308,False,0.9285837091370812,5.633989384998468e-05,0.0001007314477757,5.88352787649204e-05,1.7879239894191823,0.4159194564946667,0.0247726501508424,0.5593078933544908,-0.5492316513360727,0.7068190510682025,-0.4458154575804834,24835.11811518024,True,body,high
-0.012444662312222,0.002631431134273,-0.0032757223988414,0.0005150697167656,4.511008124470723e-05,0.1282694600833306,0.1282694600833306,0.1282694600833306,False,0.9886490092132952,4.861923276209527e-05,0.0001350313402275,8.559641706289511e-05,2.777323551942199,0.366099626067062,0.2738414966369549,0.360058877295983,-0.6278492884782523,0.6896799745454476,-0.3607586501642653,17416.886158647845,True,body,high
-0.0125764307670097,0.0025720455113789,-0.0036194217227379,0.0004779026742243,0.0003010682424325,0.1407258941299473,0.1407258941299473,0.1407258941299473,False,0.6114992045592669,5.6881010796612525e-05,0.0001036203780006,4.298438420516591e-05,2.4106516800637965,0.4510634694245831,0.1341109428432499,0.4148255877321669,-0.1204757713462942,0.5607444999832387,0.8191771446134609,11139.294994666308,True,body,high
-0.012701820797073,0.0026491047824667,-0.0034526925170819,0.0006441159456535,0.0002593664299614,0.1080759903786673,0.1080759903786673,0.1080759903786673,False,0.3271525262133748,5.7283686790559496e-05,0.0001598629350371,6.7067862471125e-05,2.7907235723430306,0.5804664636268067,0.0612035283744355,0.3583300079987577,-0.559303355717784,0.6850573883090857,-0.4667720332303132,23616.255760639742,True,body,high
-0.0124921698539948,0.0025294069415211,-0.0033171802160875,0.0004987929568353,0.0001092006661709,0.1467915350416014,0.1467915350416014,0.1467915350416014,False,0.3426937958126129,4.717904524184483e-05,0.000109334766652,4.585169136095862e-05,2.3845307208272915,0.5684899992335614,0.0121402726829777,0.4193697280834608,0.5444950314821282,-0.8384862824416874,-0.0215850607688452,22294.244800235592,True,body,high
-0.0127444269904432,0.0028233864959783,-0.0036118517856209,0.0007270475620246,0.0004409963571756,0.110441709042181,0.110441709042181,0.110441709042181,False,0.9264875155167024,5.212477036230109e-05,0.0001197399134825,4.58942142748401e-05,2.609041583444618,0.5646834138569317,0.0520340787482501,0.3832825073948182,0.1348966636520522,0.4041918935278409,0.9046722076763072,16844.131338071256,True,body,high
-0.0127202216203023,0.0028094272734146,-0.0036731532217502,0.0007000486101982,0.0004709578862239,0.5484919529558364,0.5484919529558364,0.5484919529558364,False,0.3143890344098204,4.674751901994464e-05,1.974164180968247e-05,2.7413443708452213e-05,2.3679651100252914,0.4135850568506881,0.1641114236564425,0.4223035194928693,-0.1794970476184881,0.6219921116472543,0.7621723052859083,18972.99724188635,True,body,high
-0.0123581284347465,0.0026621075837229,-0.0035111143839276,0.0003368921956471,0.0001196280881981,0.2109116274602978,0.2109116274602978,0.2109116274602978,False,0.5259554105846984,2.75838779206968e-05,6.291796207176983e-05,2.786783000735443e-05,2.280968696738652,0.5570767219770103,0.0045130528279624,0.4384102251950272,-0.9920008576175036,0.1154805410641443,0.0509759072667605,7445.261783716305,True,body,high
-0.0116915451066173,0.0030127990010735,-0.0045480053771289,0.0011445997659376,0.0009151446858968,0.3693972911894665,0.3693972911894665,0.3693972911894665,False,0.541370195772898,3.228950407522124e-05,2.723377565394144e-05,6.502331189596637e-05,2.3875981326355604,0.5034164958118001,0.0777525517212762,0.4188309524669236,0.1654086297844661,-0.6351821389415357,-0.7544425992495924,12051.44628674447,True,wing_L,high
-0.0123628157183131,0.001926520050317,-0.0037849229372419,0.0006177139611283,0.0006098961134842,0.3356000564262068,0.3356000564262068,0.3356000564262068,False,0.1247213784917111,4.145492964544712e-05,9.71836754593862e-05,4.859193031880591e-05,2.34432132174803,0.4999990472771031,0.0734382666597271,0.4265626860631697,-0.1465459760674115,0.9775250303232376,0.1515555739324784,10620.812524275674,True,wing_R,high
-0.0116639038074051,0.0027737038976557,-0.0025898461145953,0.0011737595007234,0.0010885551543261,0.1728522385716103,0.1728522385716103,0.1728522385716103,False,0.0705402885215168,4.44619248753488e-05,4.398229049467959e-05,0.0001044787072393,2.3754721744646097,0.5744403232947808,0.004590738087623,0.4209689386175961,-0.8437493160312923,0.5366725654546334,0.0083456087296616,4505.002657827062,True,body,high
-0.0116103477206606,0.0017000285817205,-0.0040145384176873,0.0009935964534503,0.0005181450838607,0.3992922621048705,0.3992922621048705,0.3992922621048705,False,0.154489984708499,8.111621641801425e-05,3.5053267868737274e-05,6.582926269605676e-05,2.3140842879975487,0.1884574305485305,0.3794061925758752,0.4321363768755943,-0.0922770109059332,-0.8370052856673897,0.5393580490018833,7126.279040289719,True,wing_R,high
-0.0126018524785916,0.0027592440274143,-0.0034041605146568,0.0006149069589585,0.0001859615370052,0.1387568887540918,0.1387568887540918,0.1387568887540918,False,0.06944947037275,0.0001039411989597,0.0001698601962659,7.201358671111539e-05,2.358724291117385,0.3880779532541376,0.187964060742218,0.4239579860036442,-0.0422136492281681,0.6027381444127193,0.796821646975503,15669.17329152745,True,body,high
-0.0124368361780633,0.002546995650153,-0.003400297456025,0.0004081489273986,7.338984208454951e-05,0.1642081798742554,0.1642081798742554,0.1642081798742554,False,0.158046408055081,7.213112106039598e-05,0.0001442406440788,5.368392343608589e-05,2.686849895585147,0.4999251319138184,0.1278918140037285,0.372183054082453,0.0627020807031085,0.53237687050295,0.8441820401009406,18138.7912413083,True,body,high
-0.0125361839952735,0.0021456259158545,-0.0037158430005294,0.000541525324643,0.0005229869904177,0.3329191563361798,0.3329191563361798,0.3329191563361798,False,0.1055768623467989,6.202591756443457e-05,2.7011431641417897e-05,4.8763322388461725e-05,2.296283972943045,0.2138234418248665,0.3506903501177108,0.4354862080574226,-0.163687144133807,-0.9032251797573294,0.3967250855411824,5935.243939718174,True,wing_R,high
-0.0125181640946243,0.002586620341658,-0.0034395720154033,0.000466343888477,0.0001313422721193,0.1103780506329636,0.1103780506329636,0.1103780506329636,False,0.813331216576074,0.0001208256418998,0.0001066958482379,5.010343122846975e-05,2.4115242995803112,0.1169436672522044,0.4683808512798979,0.4146754814678975,0.5411944793465483,-0.8350558647488008,0.0989456329175326,23038.11007210984,True,body,high
-0.0120743884293455,0.0025551975996771,-0.0030623792937869,0.0005771097813721,0.0004509932665877,0.1997775598297687,0.1997775598297687,0.1997775598297687,False,0.0438942194371885,8.169435535684335e-05,0.0002003232463257,8.957476224582036e-05,2.452106335263548,0.5528488885401532,0.0393384543906654,0.4078126570691813,-0.4802690747212275,0.6242239777620284,-0.6161866936678906,15794.388741666731,True,body,high
-0.0126621869667686,0.0027677576851583,-0.0034292107800144,0.0006598041996037,0.0002368607053737,0.1465091244126488,0.1465091244126488,0.1465091244126488,False,0.0383188807799759,9.329966180981946e-05,0.0001545606787598,7.235889835478745e-05,2.1360286332994503,0.396355770701574,0.1354857110039711,0.4681585182944549,0.0007158372495637,0.5521295120760961,0.8337580521180256,13271.79556859041,True,body,high
-0.0124605410238867,0.0025245762400131,-0.0033464906377975,0.0004554841266927,9.973357309002247e-05,0.1190602774731931,0.1190602774731931,0.1190602774731931,False,0.8878177695713504,6.535984566393712e-05,4.5631702601680805e-05,0.0001120368701529,2.4552419428865564,0.4166219961812889,0.1760861673065304,0.4072918365121806,-0.9247494000962738,0.3588313390160472,-0.1268014872212944,24241.58319537964,True,body,high
-0.0123570814130645,0.0025037609060254,-0.0040443313165602,0.0004820674434406,0.0004766237964317,0.8756335099592389,0.8756335099592389,0.8756335099592389,False,0.4682721722987992,7.752226978328807e-05,8.516795016365853e-05,4.5399388804910587e-05,1.8759712940110425,0.0897718022528256,0.3771710005542018,0.5330571971929725,-0.0996001300237147,-0.9950208170414606,0.0036589279035442,3246.6195332718667,False,body,high
-0.0125653193551266,0.0026153382912587,-0.0034173656322515,0.0005242308169411,0.0001435881358651,0.1557515990593025,0.1557515990593025,0.1557515990593025,False,0.8023356097108619,9.268163370429022e-05,0.0001428254143137,5.136713200722128e-05,2.780482552416636,0.351084440051503,0.2892657577474878,0.3596498022010091,-0.1556646043341953,0.6089598885638492,0.7777765650093751,25702.5536757061,True,body,high
-0.012417064496579,0.0025335232319982,-0.0033734984527844,0.0004065217027829,7.340090527903673e-05,0.1314560796593666,0.1314560796593666,0.1314560796593666,False,0.1490365493244785,5.909349947769515e-05,0.0001371598018981,5.7394090977657495e-05,2.3897896031057155,0.5691631319094981,0.0123899894613443,0.4184468786291575,0.0935388571460791,0.6065148110554742,0.7895506735948921,19265.94775878508,True,body,high
-0.0129137298031586,0.0027625432489375,-0.0034481371974668,0.0008752337731512,0.0003976981783461,0.2042673776796558,0.2042673776796558,0.2042673776796558,False,0.0653779212809958,3.725057901159319e-05,4.651653314173201e-05,0.0001109865530777,2.9794584680996823,0.5808813603827908,0.0834871781597832,0.335631461457426,0.4528991873588224,0.8672034034877182,-0.2069796682503763,8464.495915599222,True,body,high
-0.0123296143761905,0.0025056455555774,-0.0033170184169196,0.0003856783544366,0.0001268201864116,0.1651235427368526,0.1651235427368526,0.1651235427368526,False,0.2404294968391205,8.241836632522213e-05,0.0001073476261743,4.916809260602594e-05,2.183278229531049,0.2322292605576818,0.3097439124103863,0.4580268270319318,0.2400874161867075,0.643240509091157,0.7270486091403654,25842.837096674444,True,body,high
-0.0126574666980423,0.002763646727721,-0.0036632967459797,0.0006225873746091,0.0004144262441112,0.0963425652058874,0.0963425652058874,0.0963425652058874,False,0.8971826895727001,5.177647751720882e-05,0.000127017379755,4.8321591006615656e-05,2.628584388655937,0.5923669846041854,0.0272001084989865,0.3804329068968282,-0.0765972424604554,0.4664388090352239,0.8812307869526893,17752.38192167488,True,body,high
-0.0122387759776496,0.0021034010176729,-0.0036174150942992,0.0003878400265342,0.0003872303311221,0.1891397789415692,0.1891397789415692,0.1891397789415692,False,0.57664048082854,3.429986031346726e-05,7.779681700497538e-05,3.803019087981873e-05,2.2681380126329485,0.5111600661324412,0.0479496553967356,0.4408902784708231,-0.7610157653745306,0.6324739508257622,-0.1443319312497004,10520.718881375798,True,wing_R,high
-0.0125585825312605,0.0026452941257251,-0.0035486560546694,0.00048918512151,0.0002382812294573,0.2469210171651002,0.2469210171651002,0.2469210171651002,False,0.1829698904834962,3.960775715419344e-05,6.145812456406985e-05,5.309493166626906e-05,1.5516688896271682,0.1360795331312493,0.219453076509279,0.6444673903594716,-0.7258656817853291,0.2980829386768571,-0.6198915821948934,17004.589208057543,True,body,high
-0.0120563038007265,0.0027379774705085,-0.0037971059019119,0.0003202447080232,0.0003160451859485,0.2358977380338667,0.2358977380338667,0.2358977380338667,False,0.2468423805416871,2.917116378905861e-05,7.339388003141422e-05,3.044571749051781e-05,2.515973670510275,0.5851736210500608,0.0173659397883538,0.3974604391615854,-0.9683015708194368,0.1725986550100771,-0.1805596085433377,6203.148043824449,True,body,high
-0.0116837254673274,0.0013470176570011,-0.0043036133957548,0.00137534295889,0.0008328909056982,0.5217431173230735,0.5217431173230735,0.5217431173230735,False,0.1000161122953047,2.7743277787698943e-05,2.886429561183645e-05,6.611168476588172e-05,2.3829803122684696,0.5634009976594567,0.0169564249966903,0.4196425773438529,-0.9889451744491315,-0.0452764060076494,0.1412001734871716,7652.443011573357,True,wing_R,high
-0.0115658769329166,0.0030116874372619,-0.0046140223192584,0.0012470643781371,0.0009414750224993,0.4036052874709447,0.4036052874709447,0.4036052874709447,False,0.5550232694991161,5.7936878656268894e-05,2.700017681937556e-05,6.579198212825105e-05,2.436724121044947,0.1193930205153247,0.4702199392106342,0.410387040274041,0.3556556628509028,-0.492794030659667,-0.7941429926834866,7388.962762288457,True,wing_L,high
-0.0121280572926496,0.0025252140597411,-0.0030309784238805,0.0006038191308745,0.0004454774039808,0.150317128080348,0.150317128080348,0.150317128080348,False,0.4279008075003455,6.904251179925102e-05,9.2607947341811e-05,9.305666983780654e-05,1.3478169813459195,0.004822034753421,0.253237468992104,0.7419404962544749,-0.6874373870131079,0.6758226550596284,-0.2658826392315716,11292.08371985543,True,body,high
-0.012514043854364,0.0030715014882561,-0.0037827837750796,0.0007410436678625,0.0006294110968069,0.2993264490134166,0.2993264490134166,0.2993264490134166,False,0.1594132012635204,2.7413182274726945e-05,4.6636063581204977e-05,1.5737983208984842e-05,2.9632808068177607,0.4121891907323228,0.2503470097859498,0.3374637994817273,0.1004517638332722,0.8738133917955477,0.4757726342083423,4447.676424459341,True,body,high
-0.0133918471647825,0.0027741057208293,-0.0036403171012483,0.0013177474933022,0.0008576454029729,0.1325592903158824,0.1325592903158824,0.1325592903158824,False,0.4772584543030816,0.0001232715344395,0.0001252330803624,4.987916643952213e-05,2.510729214256643,0.0156631611811592,0.5860461771569967,0.3982906616618439,-0.0298963815854949,0.6658058032683721,0.7455258806387959,5976.950683132902,True,body,high
-0.0127353752998606,0.0027462930555744,-0.0035946364215587,0.0006851802014844,0.0003993593608884,0.1992006996334061,0.1992006996334061,0.1992006996334061,False,0.6405427713634299,8.952061907055438e-05,0.000126607944583,5.013392564743123e-05,2.525394589553368,0.2929304763193482,0.3110918003828219,0.3959777232978299,-0.0279649801070745,0.6880541869771168,0.7251202629018649,20795.14172864672,True,body,high
-0.0123669507921763,0.0027488846978037,-0.0037490484261967,0.0003976756745798,0.0003430681498374,0.1822248211872348,0.1822248211872348,0.1822248211872348,False,0.6698608365702025,6.252723912729454e-05,3.633957044176293e-05,0.0001001054720356,2.7547235924554814,0.3753864014042666,0.2616007711967315,0.3630128273990018,-0.3156979299115676,0.2066367956360886,0.9260864169929284,7870.773166766304,True,body,high
-0.0119981496467931,0.0026199590035678,-0.0029849327452552,0.0006736986835941,0.000558782701967,0.1493208554805206,0.1493208554805206,0.1493208554805206,False,0.4660730018085522,7.432775000366297e-05,0.000202374978053,8.528556023217141e-05,2.72273784748112,0.5785765559920217,0.0541460724736134,0.3672773715343648,-0.488920156723343,0.6932575238138354,-0.5294819033972095,12463.152896743468,True,body,high
-0.0122461518618187,0.0028564588006523,-0.0039309386783755,0.0005080871546184,0.0005066729656592,0.1877319629650899,0.1877319629650899,0.1877319629650899,False,0.4842771365293207,7.71890417133309e-05,7.308453101046111e-05,2.6483502003138867e-05,2.91460856287746,0.0531747850700538,0.6037259690357579,0.3430992458941881,0.2577661531442983,-0.8184096310785328,-0.513577925977247,9413.48752746853,True,body,high
-0.0120014671424427,0.0026652355308529,-0.0030405194337434,0.0006324789536769,0.0005207478125451,0.1550760397445812,0.1550760397445812,0.1550760397445812,False,0.0798885898912692,6.266932119175065e-05,0.0001431233411233,6.505258770600563e-05,2.283786363114047,0.5454788352799311,0.0166518367692467,0.4378693279508221,-0.4652622896495959,0.7759687555331712,-0.4259148885238893,12035.567002820704,True,body,high
-0.0119275159950732,0.0019709747162963,-0.0034136961740893,0.0005734607222888,0.0005513086856818,0.2801217864216044,0.2801217864216044,0.2801217864216044,False,0.1780290122452701,5.901921270838559e-05,2.507584532383388e-05,4.446103443815325e-05,2.353628041096963,0.2466684593399172,0.328455569377073,0.4248759712830098,0.0871270998270901,-0.9902467125734602,0.1087212799463579,3184.737310540968,False,wing_R,high
-0.0125421770976401,0.0025969939909655,-0.0035489628072163,0.0004583630865149,0.0002249113850254,0.1224692811274935,0.1224692811274935,0.1224692811274935,False,0.9031439624493666,0.0001185549552366,0.0001043292566033,5.0550024637446016e-05,2.3452996529069763,0.11999244236502,0.4536228102699643,0.4263847473650156,0.646586507889755,-0.7323833795205053,0.2134021396730949,18157.25577019676,True,body,high
-0.0125790420222399,0.0026935637903286,-0.0035117867668931,0.0005337895023412,0.0002318649914937,0.1546418308804426,0.1546418308804426,0.1546418308804426,False,0.9250433649220472,0.0001752035921479,6.55682414242965e-05,7.193087784656798e-05,2.67208008545172,0.5894440464107327,0.0363156733504554,0.3742402802388119,0.6133175212409533,-0.60529469181056,0.5074051184259104,19124.977748186368,True,body,high
-0.0128293972606247,0.0029196050671839,-0.0034864576113581,0.0008613128156277,0.0004262046003299,0.0702077784875501,0.0702077784875501,0.0702077784875501,False,0.9041021079385064,8.452330270467388e-05,7.625877455348418e-05,0.0001714058608042,2.247687060379676,0.5068820732962669,0.0482161351567009,0.4449017915470321,-0.6532474775322008,0.7385409659514937,0.1668081973682699,7107.8679119607805,True,body,high
-0.0126240048028787,0.0027330981362397,-0.0034369599917086,0.0006099460376461,0.0002104054737664,0.1842602088662044,0.1842602088662044,0.1842602088662044,False,0.7006090823126947,0.0001515470667632,6.816418976660914e-05,5.511388120192476e-05,2.7497077588864607,0.5502110913628996,0.0861138974406501,0.3636750111964503,-0.0044633599230734,-0.6408807169767096,-0.7676275040835991,16034.3552693613,True,body,high
-0.0122286246524217,0.0021684443474303,-0.00367749449428,0.000326276907605,0.0003231793564172,0.1293451627743209,0.1293451627743209,0.1293451627743209,False,0.1071784388086751,5.982817661799727e-05,4.125961634889606e-05,9.518738841864764e-05,2.307035228193402,0.3714695022951521,0.1950737443014409,0.4334567534034069,-0.9286630087909404,0.3688100156868236,-0.039549822154374,9555.739357747072,True,wing_R,high
-0.0106830965297678,0.0024067493646322,-0.0045014652516186,0.0016721037282451,0.0005716765948327,0.9890763597864496,0.9890763597864496,0.9890763597864496,False,0.9929283778115264,7.687110035844655e-05,9.147266082035684e-05,3.79141280704751e-05,2.412627310070976,0.1596275907026066,0.425886510117805,0.4144858991795883,-0.2849091868560294,-0.9571804947092758,0.0513055142566762,2023.6250549090264,False,wing_L,high
-0.0119488618130231,0.0026170409027313,-0.0029826754302329,0.0006851080942527,0.000593630259522,0.128708511425508,0.128708511425508,0.128708511425508,False,0.9924601449809892,7.378422020425924e-05,7.390549020479688e-05,2.784814353032592e-05,2.6538749387123666,0.0016408794556614,0.6215516133732621,0.3768075071710764,-0.1825687776413327,0.5918944881126483,0.7850665935908977,12083.196259109309,True,body,high
-0.0127793797923572,0.0027180177037849,-0.0035281509978637,0.0007217622091542,0.0003695129496247,0.1135272418891588,0.1135272418891588,0.1135272418891588,False,0.8474418335109742,0.0001168616122297,0.0001177399859198,5.006574513017167e-05,2.351707452146551,0.0074602836346595,0.5673167580049214,0.425222958360419,-0.1848211717419023,0.582704049919767,0.7913893635139733,13628.94559785092,True,body,high
-0.0123649505391968,0.0025530281022632,-0.0033099030490279,0.0004192567421211,9.047136445010931e-05,0.111683098464399,0.111683098464399,0.111683098464399,False,0.8987445642926541,5.746666105182878e-05,0.0001373408911342,5.7888110870381966e-05,2.389922933061434,0.5785078253656922,0.003068640483345,0.4184235341509627,-0.5681277979370185,0.6890708127263495,-0.4499024563834731,24385.47056394796,True,body,high
-0.0118767608502064,0.0025703882552675,-0.0030876438584573,0.0006007339827695,0.0005628568521123,0.1665910153525033,0.1665910153525033,0.1665910153525033,False,0.524835101879032,4.74664352677088e-05,5.317332224500715e-05,1.815446498184056e-05,2.928939095599625,0.1073261315327012,0.5512533174212293,0.3414205510460694,0.0948764249549283,-0.841503346346701,-0.5318557906755146,8021.857422420581,True,body,high
-0.0129948273724801,0.0025757218972227,-0.0034159941306787,0.0009170733668704,0.000457517965951,0.130595564586222,0.130595564586222,0.130595564586222,False,0.0957764346262444,5.093672847159313e-05,0.0001209715513574,5.6114947146657625e-05,2.374937593899824,0.5361310447210369,0.042805259723946,0.421063695555017,-0.6612592742120884,0.6406037038698562,-0.39033711949637,6693.241305048423,True,body,high
-0.0121152835584786,0.0024487030650592,-0.0031351416752328,0.000497194979341,0.00039035233892,0.1882600284695484,0.1882600284695484,0.1882600284695484,False,0.9972860820539938,5.303213046314714e-05,3.867792251440224e-05,2.248489620329838e-05,2.3585668345388084,0.2706700225577372,0.3053436882449338,0.4239862891973289,0.3988890158330961,-0.8929366449829266,-0.2086904432271359,11093.1777060294,True,body,high
-0.0125478505570218,0.0029011725774418,-0.003561939691643,0.0006192577592788,0.0003700755709917,0.2200441543156486,0.2200441543156486,0.2200441543156486,False,0.1461040667865171,3.03610234028739e-05,8.42194753990883e-05,3.120403083499203e-05,2.773934010113648,0.6294915079068538,0.0100096495273022,0.3604988425658439,0.7627157624614425,0.5022238363917662,-0.4074750100960758,6521.471070117532,True,body,high
-0.0121328679806012,0.0020812184330456,-0.0038778139512814,0.0004596999063303,0.0003743537680129,0.3773576693328893,0.3773576693328893,0.3773576693328893,False,0.1940579793999339,2.9306905370682163e-05,5.679303770554135e-05,2.451129822870769e-05,2.317014675258009,0.483970103472337,0.08444005349456,0.4315898430331029,0.194378527348297,0.956696836695151,-0.2166752195415957,5823.638789704322,True,body,high
-0.0123643761448975,0.0026570891475044,-0.0032133152326511,0.0005247328942991,0.0001458249938631,0.1789388299264458,0.1789388299264458,0.1789388299264458,False,0.0639092280280399,0.000114153427241,5.261551711486733e-05,0.0001418644387547,2.696247163075732,0.1953344457348457,0.4337796749234197,0.3708858793417345,-0.9932947996063144,0.0310656715381861,-0.1113569267128599,13268.435972206433,True,body,high
-0.0119636761273355,0.0025764681672152,-0.0029098715024325,0.0007444996407569,0.0006375081682083,0.174074762506469,0.174074762506469,0.174074762506469,False,0.1975190262376328,4.288607236313525e-05,8.24292138775384e-05,6.797787638258975e-05,1.9220508975402075,0.175318152571713,0.3044042620221071,0.5202775854061799,-0.2693810095144817,0.7047455672170855,-0.6563288483685806,9372.145067041694,True,body,high
-0.0116140251686558,0.0016739521343506,-0.0040248535207554,0.0010160481850785,0.0005405288307321,0.4030158586900892,0.4030158586900892,0.4030158586900892,False,0.1548806862809059,3.067347603469514e-05,3.337404353503961e-05,7.858649998958186e-05,2.56203437460729,0.5753209070328368,0.0343642674085559,0.3903148255586073,-0.9947312736263496,-0.0968382072093369,0.0336460234527401,7228.379715742776,True,wing_R,high
-0.0124867348375111,0.0027819469532968,-0.0038389934860894,0.0005318199454997,0.0004744260519776,0.4252037399661514,0.4252037399661514,0.4252037399661514,False,0.9008977932067044,3.0486975544720325e-05,2.290721433041803e-05,6.599307000339307e-05,2.880885866412932,0.5380276210342567,0.114856926854783,0.3471154521109602,0.2349502171111404,-0.6799152663432504,-0.6946320076650767,6163.788755934429,True,body,high
-0.0120785734726792,0.002590528965135,-0.0030981261878373,0.0005483433219499,0.0004200939128353,0.1891283453128666,0.1891283453128666,0.1891283453128666,False,0.2192674588560602,7.056396532851356e-05,0.0001223174186062,0.0001039285115994,1.7334260913033832,0.1503375988171434,0.2727701961923983,0.5768922049904582,-0.7838722327436463,0.4238023913122404,-0.4538015599923803,17663.37696953815,True,body,high
-0.0121286007624814,0.0026764474292588,-0.0031710878479471,0.0005057213286171,0.0003440651823912,0.1853876991695533,0.1853876991695533,0.1853876991695533,False,0.2464331595559868,6.087294242030593e-05,5.379985600311353e-05,0.0001318075861345,2.4499616899892835,0.538168141868875,0.0536622103827254,0.4081696477483997,-0.9060212261949708,0.4220355258623435,-0.0318049146242615,11754.314723875932,True,body,high
-0.0128360609300632,0.0026833971985529,-0.0033553882379082,0.0008060315025693,0.0002779635392675,0.109852103712647,0.109852103712647,0.109852103712647,False,0.8825078874739626,0.0001222156829577,0.0001845960602292,7.716453240749601e-05,2.392239730740524,0.3379290825277126,0.2440526113845244,0.4180183060877629,-0.1521669428779392,0.5720499609193987,0.8059801881605381,9098.794126653374,True,body,high
-0.0123101233444148,0.0020664890495226,-0.0036040224453043,0.0004503418629231,0.0004496650410547,0.1488168678529768,0.1488168678529768,0.1488168678529768,False,0.1089429179050217,9.038007577614056e-05,0.0001244643989155,5.2999620462103576e-05,2.348401702320268,0.2738479712783006,0.3003305012496405,0.4258215274720588,-0.0257420103772409,0.8521704556327392,0.52263071422222,11290.13405587002,True,wing_R,high
-0.0126889129017015,0.0026071291261236,-0.0036802036243579,0.000597183700821,0.0004204213772174,0.1041728858228188,0.1041728858228188,0.1041728858228188,False,0.3762842405692597,0.0001636561603224,0.0001233294467801,5.531571500841539e-05,2.9585834748330253,0.246411216435811,0.4155891940625145,0.3379995895016744,0.4305132621929018,-0.902185053432654,0.0268413941281928,7851.015945893721,True,body,high
-0.0125073935758332,0.0026047827657082,-0.0034558390542381,0.0004554246723955,0.0001324697100462,0.1096048346777948,0.1096048346777948,0.1096048346777948,False,0.6297167787423816,8.443991489300576e-05,5.866053264942648e-05,0.0001128502943334,1.9237857079793443,0.2517528164922334,0.2284387683333167,0.5198084151744499,-0.968989529147712,0.1690711749131147,-0.1802060770773126,21209.299594678603,True,body,high
-0.0125245809498958,0.0026659699305835,-0.0033262487900317,0.0005515084247419,4.896153372955324e-05,0.1302415928929194,0.1302415928929194,0.1302415928929194,False,0.680176646664265,0.0001963485320014,7.549860175515347e-05,8.374780871199617e-05,2.6006909722405003,0.5734737211511444,0.0420130819046996,0.384513196944156,0.5276071106418352,-0.6763374852489201,0.5140022790293265,15718.14059623626,True,body,high
-0.0112758784403738,0.0024538982267672,-0.0028582395602232,0.0011377380363339,0.0011324980571822,0.9603016827139758,0.9603016827139758,0.9603016827139758,False,0.236148612736956,9.013166433381505e-05,9.627315417291432e-05,4.109464509761345e-05,2.342717742037522,0.0637923405736624,0.50935299313168,0.4268546662946575,0.3771944754485264,-0.9242117927362972,0.0596396668189115,2554.308871259577,False,body,high
-0.0123996096132437,0.0025908080604134,-0.0032686894406992,0.0004802859580018,8.778812173086324e-05,0.0786549097446636,0.0786549097446636,0.0786549097446636,False,0.1640265526271442,8.050914692564171e-05,0.0001853738746363,0.0001005058519707,2.3025194243775458,0.4578208381955521,0.1078722936787485,0.4343068681256994,-0.5815929720635289,0.6876760285864727,-0.4345702412198149,20624.73315732452,True,body,high
-0.0127276703756501,0.0026699552789879,-0.0034363360676266,0.0006784029590716,0.0002638337745895,0.119390171289581,0.119390171289581,0.119390171289581,False,0.1638297086585241,7.058718593758123e-05,4.374543918463429e-05,9.831377436753906e-05,2.247406271373589,0.2820214014600228,0.2730212213458612,0.444957377194116,-0.9556724246726932,-0.0433957679145295,-0.2912164556602595,22596.891594363613,True,body,high
-0.0123909765523155,0.0025785539221876,-0.0032715824592063,0.0004699126845993,9.496817973401646e-05,0.095474752787365,0.095474752787365,0.095474752787365,False,0.9659854202183188,4.2153513561141646e-05,3.438324344270787e-05,8.434615166205751e-05,2.453117949811857,0.5002319284223599,0.0921235879209551,0.4076444836566849,-0.61290790531132,0.7900869891196156,0.010317423650815,21986.793567616427,True,body,high
-0.0121680643282592,0.0025536898174159,-0.0028929939049733,0.0007460143535674,0.0005233197959196,0.0993213953944147,0.0993213953944147,0.0993213953944147,False,0.9407744743050892,2.2875210439531608e-05,2.19880519954359e-05,5.594433242574324e-05,2.5443059911517265,0.591107634184488,0.0158578788168267,0.3930344869986851,-0.6804751506534119,0.7009103768858809,-0.2137246193514189,6520.271477733118,True,body,high
-0.0113139667741021,0.0028187496994328,-0.0043401957701758,0.0011214500336613,0.0006845132919309,0.4530105897937354,0.4530105897937354,0.4530105897937354,False,0.2730320453400376,4.095372163267313e-05,1.7987316088781152e-05,2.727726174661624e-05,2.276811139056834,0.3339491343112936,0.226840084062678,0.4392107816260283,-0.3487218753755332,0.6052940183145471,0.7155502812711345,7853.577741937531,True,wing_L,high
-0.0124643017951244,0.0025320376538715,-0.0033824852443475,0.0004378954316275,9.690497086616076e-05,0.1525698555896249,0.1525698555896249,0.1525698555896249,False,0.0930720728499549,0.0001123613517039,6.003593724648849e-05,0.0001393910551598,2.3217936048461265,0.1939127544801455,0.3753857404796277,0.4307015050402267,-0.983153041309354,0.0103677091842251,-0.1824900215640263,19961.09147037019,True,body,high
-0.012514358486214,0.0025721158134079,-0.0037102006443858,0.0004246451161812,0.0003272846078074,0.4850677261025433,0.4850677261025433,0.4850677261025433,False,0.1187354851596567,3.8569849844310216e-05,2.713735630627637e-05,6.214054263627552e-05,2.289852479915428,0.3793126321720522,0.1839780126309992,0.4367093551969485,0.2764751626387236,-0.6400984237157061,-0.7168231946585987,7416.33906057395,True,body,high
-0.0116956750882062,0.001670369956009,-0.0044051160624697,0.0011862536940789,0.0005670538744855,0.7041667599534459,0.7041667599534459,0.7041667599534459,False,0.3166497313774783,2.767174821231795e-05,6.880430476134438e-05,3.722185043472632e-05,2.4864458954102675,0.4590185808310312,0.1388009406611111,0.4021804785078576,0.1120503430182007,0.9935430982305185,-0.017799791796703,4192.676295659303,True,wing_R,high
-0.0126113531611828,0.0026594666035079,-0.0035856166696732,0.0005383758970994,0.0003015021806887,0.3053135677985402,0.3053135677985402,0.3053135677985402,False,0.3880111439128455,2.7523492842586512e-05,5.104424564260631e-05,1.8910631156261603e-05,2.6992354311614166,0.4607914663820043,0.1687332544128305,0.3704752792051651,0.15787428382659,0.4994545297311799,0.851833835461616,16481.236139816236,True,body,high
-0.0113532562852233,0.0028291120376604,-0.0044498937252035,0.001171082845991,0.0007171591941754,0.3996889669854488,0.3996889669854488,0.3996889669854488,False,0.1736823749528752,2.46196265845852e-05,5.865812714788412e-05,6.21049364756815e-05,2.522578328404321,0.0554997641636274,0.5480804344213026,0.3964198014150699,0.2294282440612758,-0.6351455364281869,-0.7375315778882353,9161.37840700598,True,wing_L,high
-0.0116826867687196,0.0028519172271319,-0.0043385130656366,0.0009102407624489,0.0006699982474228,0.3707640217663359,0.3707640217663359,0.3707640217663359,False,0.8615653398964161,0.0001320596068879,0.0001339777070074,5.376369634394335e-05,2.491973508486637,0.0143165617800158,0.5843950631251402,0.4012883750948439,-0.1858397148432584,0.5518378962966136,0.812981264604483,5845.1697919111175,True,wing_L,high
-0.012654828769616,0.0027639482075034,-0.0035790783118706,0.0006218640689739,0.0003477177603143,0.2551919528410756,0.2551919528410756,0.2551919528410756,False,0.2165463738900757,4.449416222544883e-05,6.975637114334589e-05,5.74017544271036e-05,1.567764570774368,0.1771109436133678,0.185038183467576,0.6378508729190561,-0.598971177436558,0.569445844297357,-0.562996411189924,22813.12188551317,True,body,high
-0.0126597498785131,0.0026866758705386,-0.003469195935943,0.0006133202535455,0.0002453888596593,0.1662150171097884,0.1662150171097884,0.1662150171097884,False,0.8810684622844615,0.0001669885054998,0.0001004648845117,5.811212915234365e-05,2.873556827733213,0.3983724555709271,0.2536267704931547,0.3480007739359182,-0.0175765463778427,-0.6580483277678408,-0.7527705250203247,24129.11102931689,True,body,high
-0.0127888859254496,0.0027682091133376,-0.0037110744245931,0.0007461818946847,0.0005263360022853,0.2147236665263625,0.2147236665263625,0.2147236665263625,False,0.5028619125396416,6.008874932395456e-05,6.633013141483305e-05,8.829703297151632e-05,1.46944368063784,0.248784141634403,0.0706862040640922,0.6805296543015047,-0.2336675630225906,0.6736426941155209,-0.70114548465769,10189.628504508046,True,body,high
-0.0121240973676568,0.0024647589560403,-0.0031330144992738,0.0004990997563647,0.0003823172621097,0.1835651787543691,0.1835651787543691,0.1835651787543691,False,0.1573609612609514,9.154160253808366e-05,9.869696346697203e-05,3.936911212636961e-05,2.506964423027066,0.0724982884735137,0.5286129236303511,0.3988887878961351,-0.0416775252169809,0.6143504522308264,0.7879317900272631,11599.591249430596,True,body,high
-0.0129187749030838,0.0030074173860522,-0.0034468779077388,0.000989137147058,0.0004788341553158,0.0928138783617272,0.0928138783617272,0.0928138783617272,False,0.4553785604273623,9.744004586992402e-05,0.0001479319063615,6.217937126718018e-05,2.3791155064251512,0.3413182573893101,0.2383574677701649,0.4203242748405249,-0.1015157249709713,0.6208966293282365,0.7772914082070203,6453.538320035104,True,body,high
-0.012460896213536,0.002560486957711,-0.0033439206110571,0.0004631138768649,6.699258434326944e-05,0.176257442225783,0.176257442225783,0.176257442225783,False,0.1396095716344093,9.327986641831948e-05,0.000132262781291,4.625456406301533e-05,2.8594536338258245,0.2947383571718847,0.3555444842176279,0.3497171586104872,-0.1451627190595761,0.6385933630420454,0.7557289869218204,31055.249157547703,True,body,high
-0.0122778694927422,0.0021164801584448,-0.0036694252585411,0.000392210022686,0.0003915718845634,0.1991402022862418,0.1991402022862418,0.1991402022862418,False,0.449550256839372,7.68451530007098e-05,7.38723711968776e-05,3.360697400059444e-05,2.2865835227935296,0.038685352136715,0.5239809620251681,0.4373336858381168,0.5364789950091473,-0.7357326839710124,-0.4133856621253153,14792.743699572718,True,wing_R,high
-0.0125658445822905,0.002744736617642,-0.0035319645044257,0.0005421184536766,0.0002596442712971,0.2176332223762803,0.2176332223762803,0.2176332223762803,False,0.0623276498640781,5.3420956365527584e-05,9.135313961412696e-05,5.3553223319267525e-05,1.7100618526754214,0.4137779659738591,0.0014478643459724,0.5847741696801684,0.7746364025986261,0.4044657476272142,-0.4861541964905967,14462.613536074536,True,body,high
-0.0127653583145049,0.0026611325916031,-0.0034365924086328,0.0007103820398556,0.0002900216233611,0.129004003470829,0.129004003470829,0.129004003470829,False,0.8641203593188851,9.349851567148332e-05,0.000156093605207,6.925109102195127e-05,2.254023769207629,0.4010099545880248,0.1553390007064722,0.4436510447055029,-0.0212614024565398,0.7016835347599827,0.7121714469229423,17818.35590543292,True,body,high
-0.0114559338719374,0.0017083026429775,-0.0038771375514299,0.0010326866308783,0.0005595475931764,0.3169697823492582,0.3169697823492582,0.3169697823492582,False,0.2038228810454513,3.5972179301791534e-05,8.598619240843642e-05,3.153697671521963e-05,2.726519830511838,0.5816516780866067,0.0515804045084888,0.3667679174049045,-0.851777507901754,-0.2026329999554735,0.4831303595943049,5650.701590264079,True,wing_R,high
-0.011255341505029,0.0027240612612278,-0.0041499316847168,0.0010314107193512,0.00059556090263,0.3984261815448133,0.3984261815448133,0.3984261815448133,False,0.1702515384066158,8.843195073042935e-05,9.819940768757508e-05,4.171282137261417e-05,2.3541780310273186,0.0994655384095721,0.475757751069678,0.4247767105207498,-0.2048743451896234,0.7598959480883075,0.6169154324233551,13880.026960607878,True,body,high
-0.0122675062943266,0.0025646834990693,-0.0031912288778131,0.0004776812649384,0.0002297410193697,0.1027511813502979,0.1027511813502979,0.1027511813502979,False,0.2961363480708834,6.743085996517197e-05,6.983717909196197e-05,3.127559264356359e-05,2.2329610149316936,0.0344561329377485,0.5177080144373949,0.4478358526248565,-0.1804872466589431,0.7159513920826399,0.674416753920307,15160.164493303511,True,body,high
-0.0117183642741177,0.0015206669279936,-0.0040489060157202,0.0011074509577285,0.0007065022564186,0.4324506260502162,0.4324506260502162,0.4324506260502162,False,0.3988009420197611,2.0414747912221235e-05,2.022478246637872e-05,4.251310649978228e-05,2.10203034670238,0.5198010779963637,0.0044683971951917,0.4757305248084446,0.1045049616581662,-0.5435336652274148,-0.8328564508685022,7620.810857292783,True,wing_R,high
-0.0125889833780151,0.0026291176566859,-0.0035688223002395,0.0005090276518552,0.0002713614981256,0.1035800858029121,0.1035800858029121,0.1035800858029121,False,0.7495428782504202,8.010492287769426e-05,8.135591693369992e-05,0.0001210452359134,1.5110836084097707,0.3278883194387237,0.0103349301322402,0.661776750429036,0.0484201180380398,0.9968062523106672,-0.0635042323278112,16383.171300119457,True,body,high
-0.0125638257763764,0.0026162082737222,-0.0034221120057893,0.0005212499032174,0.0001457839322901,0.153968894574659,0.153968894574659,0.153968894574659,False,0.1934425846869101,0.0001722710524692,8.150206687574074e-05,6.661749764483488e-05,2.5859730335067086,0.5268963316382271,0.0864020334093194,0.3867016349524534,-0.0686612245718536,-0.6485721667084859,-0.7580499856944483,25843.12706278483,True,body,high
-0.0127932306908222,0.002738345965912,-0.0035235775764664,0.0007424196187529,0.000377301378926,0.1249642334236655,0.1249642334236655,0.1249642334236655,False,0.7315022855205398,7.94074440670535e-05,4.769254013854736e-05,0.0001079149448404,2.262721686179685,0.2641663841423529,0.2938879686718584,0.4419456471857886,-0.9710431054803876,-0.1458459559829448,-0.1892200951865991,12660.441468034654,True,body,high
-0.012362795094842,0.0025632273108069,-0.0033086760494571,0.0004210613679826,8.678158993215745e-05,0.1404991383701202,0.1404991383701202,0.1404991383701202,False,0.2160447864461783,7.759512603006501e-05,0.0001714029184529,6.718104072650292e-05,2.5513584874445834,0.5472940208344419,0.0607579228962916,0.3919480562692664,0.0955708567712255,0.64189577087521,0.7608127434977241,23617.37100613927,True,body,high
-0.0121019193001146,0.0024673446086608,-0.0038290425031477,0.0001973161759206,0.0001487991112332,0.9667379749655104,0.9667379749655104,0.9667379749655104,False,0.8031818431663953,8.348840026116675e-05,8.199869116703861e-05,3.402258468587305e-05,2.453911160248593,0.0178433062493479,0.5746439784579374,0.4075127152927146,-0.5508504075821381,-0.8206585039528707,0.1519323808686895,3801.4257325691024,False,body,high
-0.011883042867921,0.0020553560490872,-0.0036744417175475,0.000473649755682,0.0003451889278363,0.2187158525011316,0.2187158525011316,0.2187158525011316,False,0.1575534593916967,4.5223299046883465e-05,4.661738756298745e-05,1.907727932218337e-05,2.443607748028304,0.0299049043496989,0.560864112974428,0.409230982675873,0.3865081358218496,-0.8311312244617416,-0.3997903809101026,5613.162964655506,True,wing_R,high
-0.0123119171903892,0.0025318781169771,-0.0032973016289447,0.0003958609293523,0.0001330804481212,0.1036277035036262,0.1036277035036262,0.1036277035036262,False,0.9508610240294952,0.0001049126855038,8.354120550605806e-05,4.6395583427569e-05,2.261264494445693,0.2037073009346564,0.3540622556756898,0.4422304433896538,0.3898471760186643,-0.9108626524134468,-0.1354562947544819,26714.218522852163,True,body,high
-0.0122598807134254,0.0025488482994155,-0.0032432633486691,0.0004241471010763,0.0001970625860639,0.1463552412216406,0.1463552412216406,0.1463552412216406,False,0.9495642969500924,6.461655666984736e-05,0.0001098664756233,5.395343302701333e-05,2.0363203870333204,0.4118628425710798,0.097055299010323,0.4910818584185971,-0.2234780842612416,0.6499480895653688,0.7263780191644381,22492.922205512616,True,body,high
-0.0126465455831826,0.0027281904658308,-0.0035459255027463,0.0006021118226773,0.0003059783098375,0.0932222270480063,0.0932222270480063,0.0932222270480063,False,0.8814948859421224,7.021235284585229e-05,0.0001512525192242,6.131668331202756e-05,2.466743324236132,0.5357938287179443,0.0588133644282389,0.4053928068538167,0.1085762769513193,0.6095293654253338,0.7852930311467055,25148.16833070877,True,body,high
-0.0128352642911405,0.0029745655759702,-0.0029823755074065,0.0010970961285711,0.0001528029354103,0.2216390110063735,0.2216390110063735,0.2216390110063735,False,0.054475836373884,2.7339270560258368e-05,6.513788513990413e-05,2.5800285941830103e-05,2.5246962489782265,0.5802861805915457,0.0236265671678288,0.3960872522406256,0.6114409327857133,-0.7647632274736925,0.2031678902242129,3007.145624940239,False,body,high
-0.0113999064386935,0.0026324089672752,-0.0038664808657967,0.0007654523688454,0.0004837408125451,0.3671499862467433,0.3671499862467433,0.3671499862467433,False,0.1318071611825249,3.092617053982836e-05,7.508436808884597e-05,5.223798350656417e-05,2.4278585669748005,0.3042761784350118,0.2838382143872866,0.4118856071777015,0.1135621372188582,-0.8367362978166437,-0.5357014176818855,9419.575208168597,True,body,high
-0.0128330018191864,0.0024576121039951,-0.0034062971461702,0.0007575127752364,0.0003932938346321,0.2114315885397054,0.2114315885397054,0.2114315885397054,False,0.0498810100388385,3.229366148838874e-05,6.866481359262791e-05,5.394525246072168e-05,2.1262628772310785,0.2143683258099833,0.3153229411032367,0.4703087330867799,-0.7847034969476223,0.3637266655101659,-0.5019395727326442,5208.216724565545,True,body,high
-0.0114084567138277,0.0027231431927744,-0.0041452085479883,0.0009056523109848,0.0005340373385967,0.3759812453928624,0.3759812453928624,0.3759812453928624,False,0.2327549475546459,5.483538481633802e-05,2.2932154208091022e-05,2.919209177439425e-05,2.391200770706084,0.467641343775223,0.1141587241025087,0.4181999321222683,-0.2716045888167072,0.6913801717640318,0.6694956351054465,9619.8235324369,True,body,high
-0.0121292273560751,0.0027636297804962,-0.0038317831357319,0.0003566118062174,0.0003563590565515,0.2202114047637429,0.2202114047637429,0.2202114047637429,False,0.417964723921485,2.846426142877717e-05,7.747570724390622e-05,3.335584290194509e-05,2.7218590384916443,0.5694670744090734,0.0631369708929332,0.3673959546979933,-0.990058365520346,0.117735587071007,0.076959498440582,7316.390860878128,True,body,high
-0.0124304982772882,0.0023092925617988,-0.0026558630562512,0.0010396522197683,0.0006829838642284,0.1613809461509959,0.1613809461509959,0.1613809461509959,False,0.1476135057869758,3.630126098583866e-05,8.975424922119341e-05,6.36744949198846e-05,2.4724829601981893,0.2905684636393869,0.3049798106670851,0.4044517256935279,-0.4070829571013956,0.5565115712096745,-0.7242778038483042,3715.038949413704,False,body,high
-0.0118695416998298,0.0026320590397076,-0.0038645820141058,0.0003722218412459,0.0002654749091504,0.4214560402827781,0.4214560402827781,0.4214560402827781,False,0.4473312836560169,3.3151578758964095e-05,2.7884551850662463e-05,6.60873523246754e-05,2.370034586842583,0.4983672731191243,0.0796979561599875,0.4219347707208881,0.3350056690807893,-0.6640804595457319,-0.6684073196287288,7772.679786909313,True,body,high
-0.0121427592840676,0.0026502069405574,-0.0031139941098725,0.0005496898478484,0.0003687820798762,0.1544548910511561,0.1544548910511561,0.1544548910511561,False,0.8326400947562951,6.691689304054187e-05,0.0001229020663101,0.0001049351497023,1.836637368020824,0.1461888896352384,0.3093378150851338,0.5444732952796276,-0.8024226516910944,0.4749918386139036,-0.3612487249849008,14565.251683569964,True,body,high
-0.0113607752684774,0.002813582594709,-0.0043518865884907,0.0010947296795877,0.000671837847506,0.4231887478630879,0.4231887478630879,0.4231887478630879,False,0.2616850712833464,2.8398130165725984e-05,7.208229697759465e-05,6.189993250406465e-05,2.5382761666678872,0.1412602663965465,0.4647715700396178,0.3939681635638356,0.3211527531449041,-0.6682976803584576,-0.6709985987876226,9684.614309104403,True,wing_L,high
-0.0125164863237797,0.0025747292848831,-0.0033595922213182,0.000500612726899,9.039750638045792e-05,0.1957913260675888,0.1957913260675888,0.1957913260675888,False,0.0386584049945475,0.0001137734682831,0.0001190652853978,4.7830781467109225e-05,2.4893025316712576,0.0444446682934791,0.5538363814073686,0.4017189502991523,-1.1252661121230467e-05,0.7023371761639138,0.7118444288266061,26530.710776825883,True,body,high
-0.0126745803024044,0.0030618249454318,-0.0037760638626964,0.0008313304246218,0.0006600990840648,0.3488057966926761,0.3488057966926761,0.3488057966926761,False,0.113890114298146,0.0001009334826673,0.0001032818311061,4.4211189512873806e-05,2.3361016123781067,0.0227372850931431,0.5491991432277041,0.4280635716791527,-0.1572704637384299,0.7467133907766871,0.6462856282405496,4330.234458639236,True,body,high
-0.0121146918302413,0.0026389402561936,-0.0031076226939825,0.0005511691242986,0.0003913968191803,0.202402586466592,0.202402586466592,0.202402586466592,False,0.2922923039425267,5.020464077758052e-05,5.174725405249983e-05,0.0001203480451338,2.3971498106519604,0.5700199866565596,0.0128179337953011,0.4171620795481392,0.4529795653056175,0.848523922228826,-0.2735263548928019,16280.306647316504,True,body,high
-0.0124279543011728,0.0023876999614769,-0.003622256253831,0.0003283564750163,0.0002578590004361,0.4253577324491987,0.4253577324491987,0.4253577324491987,False,0.3470727358367769,7.190728378797874e-05,3.0128918066643825e-05,6.27677136210774e-05,2.3866533683328104,0.1271021471739873,0.4539011047986496,0.4189967480273631,-0.08125931207949,-0.8634889113801751,0.4977788907977598,7353.995403050099,True,body,high
-0.0125927128069722,0.0025761959546851,-0.0033162531529639,0.0005866810538313,0.000122445039858,0.108086818697615,0.108086818697615,0.108086818697615,False,0.720076748682348,5.607054695285152e-05,3.493709306469048e-05,8.063001172181206e-05,2.307862636783069,0.3045945826436821,0.2621040656805957,0.4333013516757221,-0.3370845532143793,0.2434847000955318,0.9094444484429224,16577.404044285573,True,body,high
-0.0122704250389488,0.0024944184716709,-0.0033173086634094,0.0003540716483255,0.0001545408281326,0.188980716989325,0.188980716989325,0.188980716989325,False,0.4967222273518126,8.387153588976775e-05,0.0001069723638189,5.185994398891799e-05,2.0627165320855365,0.2159513644879043,0.2992510472613548,0.4847975882507408,-0.0499300064687813,0.6869562701807788,0.7249814323921271,17891.895770062634,True,body,high
-0.012210648797124,0.0026320129777521,-0.0032222576805387,0.0004522594254004,0.0002425886733581,0.1533603565011264,0.1533603565011264,0.1533603565011264,False,0.3174676575214326,6.972132135086673e-05,0.0001529750263552,7.80133155869432e-05,2.19409247259417,0.4900258071812854,0.0542048884294346,0.4557693043892799,-0.4256971105962335,0.7878566907495851,-0.445043598843002,13025.627377916657,True,body,high
-0.0125670324901342,0.0026215884651238,-0.0034046294756146,0.0005328011546458,0.0001348911189618,0.1132152383388584,0.1132152383388584,0.1132152383388584,False,0.1398581101507763,8.454426330597392e-05,0.0002113996714645,9.934866058692972e-05,2.5004614529484064,0.5300434485130724,0.0700303703331029,0.3999261811538246,-0.6175917498836341,0.6206203125321492,-0.483126130682421,24990.602826682145,True,body,high
-0.0125074419925041,0.0026068304400614,-0.0034134433995539,0.0004740634710909,0.0001018924140577,0.1002699830368886,0.1002699830368886,0.1002699830368886,False,0.5877876986017113,0.0001580126057162,0.0001258894586616,6.313759638750027e-05,2.502670591805463,0.2032948378326403,0.3971320008914342,0.3995731612759254,0.5555268858480504,-0.811410369862009,0.1816675281396336,25425.52913997932,True,body,high
-0.0121653807218278,0.0025695923112327,-0.0032694320498407,0.0003802431708381,0.0002343232770404,0.1344825275486081,0.1344825275486081,0.1344825275486081,False,0.6287459374652107,4.744290199288462e-05,4.331089835358616e-05,0.0001069274858451,2.4688355566362024,0.5563077012623987,0.0386430449256124,0.4050492538119888,-0.7966730705012858,0.6025552684629005,-0.047319839239533,15505.947223170027,True,body,high
-0.0113812274053251,0.0026306396717557,-0.0038275224973706,0.0007716582632083,0.0005059956963583,0.3632573232841659,0.3632573232841659,0.3632573232841659,False,0.1863867154659585,2.619248932193257e-05,2.008014175482348e-05,4.604537519156797e-05,2.2930801860752474,0.4311591725996174,0.1327461779099242,0.4360946494904583,0.1971737074158977,-0.7287209372272605,-0.6558111959630556,8235.336488036603,True,body,high
-0.0125797294719064,0.0028637131753283,-0.0035361524330861,0.000621055009994,0.0003354498467865,0.0914291314125714,0.0914291314125714,0.0914291314125714,False,0.7332226914394134,0.000130461456154,8.302589526529878e-05,5.114506313760389e-05,2.5508123003596763,0.3635982786575145,0.2443697400559771,0.3920319812865083,-0.1281712309526743,-0.7227197013192006,-0.6791526845129607,8026.1386763613245,True,body,high
-0.0124622358433745,0.0023524517377209,-0.0034643814608599,0.0004071042967423,0.0002584426012608,0.1008485246492369,0.1008485246492369,0.1008485246492369,False,0.5974565324199098,7.140310493696361e-05,7.449273923463916e-05,0.0001309871197372,1.834473722856836,0.4312972192680745,0.0235873138051523,0.5451154669267732,0.2713497706629036,0.9435890077374384,-0.1897606029666485,9819.983571092293,True,body,high
-0.0108635708119369,0.0020955745039479,-0.0035601017345111,0.0013030791769936,0.0008828496756757,0.9890674819100452,0.9890674819100452,0.9890674819100452,False,0.9876521176709074,6.319735565295983e-05,8.353132687351691e-05,3.217273058355538e-05,2.596339364375019,0.2434292855343573,0.3714130522119194,0.3851576622537232,-0.4381802563674007,-0.849056903888732,0.2951278314369542,2919.9335104516017,False,body,high
-0.0127569875036453,0.0026870045928201,-0.0037557958665934,0.0006939467808325,0.0005270643233055,0.2292461572795273,0.2292461572795273,0.2292461572795273,False,0.1684663079680606,6.806077804104456e-05,4.892216028019784e-05,2.430747195958204e-05,2.7999940986958505,0.2811989270722859,0.3616574630659045,0.3571436098618096,-0.2067242323003728,0.8627295899359969,0.4614788688864186,8594.000588726034,True,body,high
-0.0126958242232632,0.0027083229031242,-0.0034383202996936,0.0006618354356366,0.0002468822551795,0.1498472059406738,0.1498472059406738,0.1498472059406738,False,0.5928472094912579,0.0001312224910693,9.513801812081744e-05,4.758386843974368e-05,2.757709605629794,0.2749869527277148,0.3623932855836268,0.3626197616886584,-0.0714346026372613,-0.7006192358526697,-0.7099505503197232,18660.62992724653,True,body,high
-0.0122087834728744,0.0025666000078079,-0.0032747988624739,0.0003831775978815,0.0002018208890787,0.0877275950050847,0.0877275950050847,0.0877275950050847,False,0.2493994174253423,4.953198877155608e-05,5.406365703199408e-05,9.074558230333024e-05,1.8320601404044816,0.4042282207052407,0.0499381693897807,0.5458336099049785,-0.0748919574270916,0.9970231080184706,0.0183334882094894,19000.689710196355,True,body,high
-0.01235872507827,0.0024844760665951,-0.0033141762595688,0.0004038268099261,0.0001380526850355,0.1247644475762486,0.1247644475762486,0.1247644475762486,False,0.495638560765661,8.441938270426832e-05,6.065759941187931e-05,2.9720709317450567e-05,2.8404228782891576,0.2814730756280168,0.366466670371241,0.3520602540007422,0.3894785801557955,-0.9197466268893736,-0.048709115424584,17306.647152721267,True,body,high
-0.0114823668672519,0.0028841869771118,-0.0044417734371852,0.0011055306381925,0.0007509621000615,0.4132609364677563,0.4132609364677563,0.4132609364677563,False,0.3774324544040232,1.3499875953301388e-05,3.066519869245079e-05,2.846260559320237e-05,2.271517071603286,0.0718271262918853,0.4879384539446839,0.4402344197634307,0.3539147924114496,-0.657577783910335,-0.6650832863784305,9044.691982922644,True,wing_L,high
-0.0124879484671682,0.0026122097353696,-0.0035606518790265,0.0004104702037415,0.000199209947899,0.1987133916524401,0.1987133916524401,0.1987133916524401,False,0.7005733991551683,5.655004638904399e-05,0.0001080291387407,8.204695479344111e-05,1.9103280304594028,0.2405108866939754,0.2360188066071712,0.5234703066988533,-0.3910892429647663,0.5882725242837122,-0.7078026852238665,15239.03787682894,True,body,high
-0.0110601603621243,0.0027224113150077,-0.0043119673939189,0.0012762476044618,0.0006772650214513,0.4454358233889255,0.4454358233889255,0.4454358233889255,False,0.3431037352632985,2.65135491752558e-05,7.042010079376283e-05,6.191841239568237e-05,2.6560043066389443,0.1207281486713444,0.5027664377265761,0.3765054136020794,0.1999217672051311,-0.6901864948411288,-0.695466670183765,5479.576388967563,True,wing_L,high
-0.0120722812830764,0.0027265171699025,-0.0037311976626257,0.0002786196338982,0.0002786036286715,0.3141065326955856,0.3141065326955856,0.3141065326955856,False,0.2206429002631864,2.6904892412940886e-05,7.437646358812571e-05,5.359067242757455e-05,2.7644215203161955,0.2794673228301975,0.3587933430448027,0.3617393341249997,-0.1610065137007867,0.9573915488504556,0.2397463758550773,5314.593590986206,True,body,high
-0.0120709827832454,0.0026024843533924,-0.0027553681467607,0.000887499736444,0.0006839435509805,0.0943904748748478,0.0943904748748478,0.0943904748748478,False,0.752213156840376,4.3754451395622576e-05,4.095801807439959e-05,0.0001079371254554,2.635311241363322,0.594630195949669,0.0259079840177675,0.3794618200325634,-0.3809387401823346,0.8561025850668194,0.3492478204229842,5123.998131831748,True,body,high
-0.012626174500944,0.002732707523167,-0.0035796821392196,0.0005820562722003,0.0003224488643816,0.0960325120981304,0.0960325120981304,0.0960325120981304,False,0.9780771991095744,0.0001121561745306,0.0001161775488166,4.7682489421453535e-05,2.4364824535438108,0.0346140396916012,0.5549582149554529,0.4104277453529458,0.0319468959925203,0.474247650295216,0.8798116628153492,24002.111093239622,True,body,high
-0.0124969750148098,0.0025882832950441,-0.0035883554772538,0.0004073421693502,0.0002244105446979,0.2123584186593247,0.2123584186593247,0.2123584186593247,False,0.8319919289095629,4.915585574842667e-05,9.225728462838878e-05,6.939594248712615e-05,1.8768320319871887,0.2477998592018812,0.2193874101132101,0.5328127306849086,-0.3719480972775275,0.5044802104117991,-0.7792010845953014,15117.967262709024,True,body,high
-0.0121096588009483,0.0023677260862986,-0.0029195431693501,0.0007195068088662,0.000589895646469,0.1362862161047527,0.1362862161047527,0.1362862161047527,False,0.1472730304858648,0.0001137529630954,0.0001859742386926,8.060602412205195e-05,2.307200246113145,0.388340213703323,0.1782340350275086,0.4334257512691683,-0.0056016635910317,0.5854970253001909,0.8106552008897745,8820.874838069903,True,body,high
-0.0123310408656061,0.0025242435054523,-0.0033246061399986,0.0003825795213108,0.0001091510282274,0.1475373775445236,0.1475373775445236,0.1475373775445236,False,0.1969261027482764,9.996775876398074e-05,0.0001178191177054,4.984492888982805e-05,2.363713226792377,0.1515149602975791,0.4254218742282288,0.4230631654741921,0.0261789684107081,0.7683456201563557,0.6394995462074202,29640.195581381555,True,body,high
-0.0123709914666588,0.0026167138068257,-0.0032606117066559,0.0004773187926897,0.0001047275722085,0.13573282847555,0.13573282847555,0.13573282847555,False,0.2137421259679638,9.207121166176638e-05,0.0001750011994934,6.770904588087958e-05,2.584605900389018,0.473882396644819,0.1392114217011474,0.3869061816540334,0.0939942531715047,0.7417701578675151,0.6640347229384413,16742.130221145562,True,body,high
-0.0125358722455801,0.0026288198073517,-0.0034257726459326,0.0004994590371969,0.0001285274707336,0.0968355227445653,0.0968355227445653,0.0968355227445653,False,0.3080976426918292,0.000231201928435,9.865979118896492e-05,7.752921960857163e-05,2.98212634671564,0.5732743586665552,0.0913944434781464,0.3353311978552983,0.0935687094291296,-0.5153296056349173,-0.851868707120955,28523.84809517492,True,body,high
-0.0124575415675225,0.00233029603011,-0.0034676022818744,0.0004086956935831,0.0002755355437257,0.1363854532762268,0.1363854532762268,0.1363854532762268,False,0.7808922480116908,3.390840292612298e-05,4.2228997621788737e-05,9.936505304316564e-05,2.930396139849304,0.575011572696048,0.0837376365315395,0.3412507907724125,0.5475488302176474,0.8132389696590637,-0.1970600333785381,9323.769061994148,True,body,high
-0.0115445649168059,0.0026249838592334,-0.0038610392989031,0.0006296979870333,0.0003951807329097,0.3925612344452083,0.3925612344452083,0.3925612344452083,False,0.2047257332236583,2.9398890638232804e-05,2.1375097707643257e-05,4.932029932453079e-05,2.307371877270762,0.4039190548137961,0.162687433784464,0.4333935114017399,0.1490822866636348,-0.6534611726315254,-0.7421340631356125,8296.847281219652,True,body,high
-0.0126444458890946,0.0027504886055877,-0.0035426934378801,0.0006106676208146,0.0003093155059796,0.1368591417877089,0.1368591417877089,0.1368591417877089,False,0.6008972349742159,0.0001615566486748,6.660161668893579e-05,5.757994380971102e-05,2.8057798946229124,0.5877506915670333,0.0558421640534547,0.3564071443795119,-0.0677711365929019,-0.6964296726863093,-0.7144177937642275,21400.048435904588,True,body,high
-0.0114816957210669,0.0028330249333048,-0.0047420050928828,0.0013265023877785,0.0008519639116377,0.9778198514438444,0.9778198514438444,0.9778198514438444,False,0.9448424275318068,8.220602657310269e-05,7.441158268370714e-05,3.388790710166765e-05,2.4258218817253923,0.0948159668374708,0.4929526127382319,0.4122314204242972,-0.446061197156764,-0.8764806348951261,0.1811383588445885,4515.661492568655,False,wing_L,high
-0.0105725498516994,0.0021883275385639,-0.0039925132762632,0.001603866244265,0.000776319952971,0.9948859546718064,0.9948859546718064,0.9948859546718064,False,0.9934651913412642,8.373654806218653e-05,6.550617778344159e-05,3.128388557361468e-05,2.676667125160797,0.2177110318090285,0.408690028449846,0.3735989397411254,-0.4718945464040377,-0.8742152734457619,0.1142943250921897,1683.4967987471937,False,wing_L,high
-0.0126463931686233,0.002770353922378,-0.0036346592221975,0.0006153306611535,0.0003887688597312,0.0728505945055018,0.0728505945055018,0.0728505945055018,False,0.9616538298165188,5.8255511143899685e-05,0.0001480193305376,6.417793956626116e-05,2.5408639909118005,0.566421903591051,0.0400111823290081,0.3935669140799407,-0.6073553832039182,0.7091019691798944,-0.3581812890121661,19214.501324713216,True,body,high
-0.0121359463924051,0.0023621459777247,-0.0030479618316481,0.0005941875549433,0.0004814213711311,0.1955624180953001,0.1955624180953001,0.1955624180953001,False,0.5651438816106272,6.224760237553407e-05,7.537867131556848e-05,3.897406585162083e-05,1.9340725600080977,0.174201384965542,0.3087549318358228,0.5170436831986351,-0.0463387955250255,0.7390986780019179,0.6720013840797556,8718.478910913358,True,body,high
-0.0124194689208561,0.0025823660128361,-0.0032820864621252,0.0004806610723788,7.350824830523995e-05,0.1008452963305444,0.1008452963305444,0.1008452963305444,False,0.9858476129833276,7.634864411957873e-05,0.0001592235918746,7.353687661899729e-05,2.1652210318865017,0.5204941477537895,0.0176592392338078,0.4618466130124025,0.0559400404452269,0.5051015512537526,0.8612451072697245,23064.18379698439,True,body,high
-0.0125405349703195,0.0025764975264343,-0.0033957028602403,0.0005027522150136,0.0001235584847653,0.1006392892439805,0.1006392892439805,0.1006392892439805,False,0.3772693995381816,0.0001389272254088,0.0001011837254073,5.405674855119325e-05,2.570025558922284,0.2716782105911585,0.3392206006956286,0.3891011887132129,0.6241489008560499,-0.7792121075075328,-0.0571545367740322,22684.8372349352,True,body,high
-0.012409946059278,0.002499830451116,-0.0033327636128421,0.0004247728363867,0.0001143182591149,0.1007581989824869,0.1007581989824869,0.1007581989824869,False,0.3466607592814834,5.455361312789759e-05,5.632823566592473e-05,9.3609282227248e-05,1.715913518098,0.3982622841912083,0.0189577624761509,0.5827799533326408,0.2302175833477225,0.965380952353662,-0.1226355623392774,16581.529776012936,True,body,high
-0.012443989269417,0.0024389952438608,-0.0033976030461191,0.0004091102418253,0.0001696408243759,0.1286515786802333,0.1286515786802333,0.1286515786802333,False,0.4304486466576374,6.62855499768356e-05,5.146907808014996e-05,2.5945370161086543e-05,2.5548122676720246,0.2235249145833966,0.3850568929123017,0.3914181925043016,0.553782400451378,-0.8313536009910919,-0.0466502204652261,11443.612681919069,True,body,high
-0.0118791423320629,0.0029456333437167,-0.004381479161526,0.0009178177901333,0.000786378265058,0.4055837424046396,0.4055837424046396,0.4055837424046396,False,0.2673005682837014,4.225602925855241e-05,1.8637487391789693e-05,2.5669693988783145e-05,2.2672599782504648,0.3925199684116623,0.1664190109762896,0.4410610206120481,-0.4394779004160463,0.5292123880426096,0.7258053619174648,5281.827567696249,True,wing_L,high
-0.0118496579879611,0.0025504564402288,-0.0031868858607857,0.0005219508047737,0.0005074752210585,0.1882310744862753,0.1882310744862753,0.1882310744862753,False,0.2288412355926657,5.378185007007717e-05,9.64209950663215e-05,5.729013349102706e-05,1.792816627555318,0.4058334136499935,0.0363850572018757,0.5577815291481306,-0.4387459606035144,0.6832902128789072,-0.5836235662119863,7507.233163807204,True,body,high
-0.0116729976466006,0.0025316273436047,-0.0034240667036982,0.0004879055660736,0.0004618715604949,0.3068273970529157,0.3068273970529157,0.3068273970529157,False,0.1340119377622954,4.6344993289495714e-05,1.6075101129545945e-05,2.020303746340179e-05,2.8830296566106126,0.5640729228893665,0.089069736359018,0.3468573407516154,0.8104820426820463,-0.5832850623060724,-0.0538274519231521,4462.398253509839,True,body,high
-0.0114284354140261,0.0028111230624196,-0.0042500509064991,0.0009816680096846,0.0006289873388852,0.4574746189259423,0.4574746189259423,0.4574746189259423,False,0.4649888151277709,4.7611785026239694e-05,2.654975712753309e-05,5.976436434276171e-05,2.251032431508906,0.2033415639932906,0.3524178351151075,0.4442406008916019,0.228514296792243,-0.633813757588781,-0.7389596314094138,9563.047532299386,True,wing_L,high
-0.011250546212813,0.0027165289467102,-0.0041075361524249,0.0010129724652004,0.0005927416778751,0.3964332075840822,0.3964332075840822,0.3964332075840822,False,0.2129071625284846,2.6386719055633024e-05,6.837018075847371e-05,6.155537852831918e-05,2.59108306016841,0.0996750652777806,0.5143859367130224,0.385938998009197,0.2055025383039996,-0.7322412528043544,-0.6493007426779387,17373.760405477213,True,body,high
-0.0120949230161336,0.0025337958329023,-0.0030932130408426,0.0005427822068639,0.0004164216094676,0.1897374214395146,0.1897374214395146,0.1897374214395146,False,0.0830691002862119,0.0001053848421454,0.0001077656660296,4.508377902156062e-05,2.390342344152642,0.0220926012149024,0.5595572815116272,0.4183501172734704,-0.0261209887100806,0.7895427961820258,0.613139353610479,14353.155444357548,True,body,high
-0.011765356911717,0.0025538770562678,-0.0032823198230316,0.000498160740419,0.000498144520745,0.3460625833262203,0.3460625833262203,0.3460625833262203,False,0.1189017110983758,0.0001155254703745,0.0001216738626587,5.056651455143224e-05,2.406214146616327,0.0505317423955548,0.5338776496752953,0.4155906079291499,-0.1902468325482132,0.7642947605864385,0.6161652876018664,5687.7006775139325,True,body,high
-0.0122591344976698,0.0028232318714847,-0.0039117242059465,0.0004754854520628,0.0004730558561114,0.2073494804380228,0.2073494804380228,0.2073494804380228,False,0.1924808141854227,4.5777676642121896e-05,4.699045073162004e-05,9.958656862459562e-05,2.175439557650289,0.5281446948056159,0.0121780889355657,0.4596772162588183,0.4559620370544954,0.8573760508587184,-0.2387570484384147,11199.70968185187,True,body,high
-0.0121249396264205,0.002446337903335,-0.0031737199889956,0.000458977929459,0.0003559012408598,0.1536486184577091,0.1536486184577091,0.1536486184577091,False,0.2794550060794856,0.0001508537738145,0.0001020251789785,7.753180746865387e-05,1.945701754412112,0.3236816262616056,0.1623649902188594,0.5139533835195349,0.0314938986956039,-0.5907904302665072,-0.8062101474494514,10267.829309028,True,body,high
-0.0128570255979969,0.0027918398515425,-0.0033728620490296,0.0008541003352328,0.0003082627459437,0.1234120846989766,0.1234120846989766,0.1234120846989766,False,0.9606540994662922,8.769976372562442e-05,0.0001215159225376,4.7465710992911295e-05,2.560078001481386,0.2782858254771539,0.331101076241719,0.390613098281127,-0.0613368342490074,0.7293153875697922,0.6814226722220458,8161.749432883226,True,body,high
-0.0126092936657702,0.0026925320478719,-0.0035082975189859,0.0005609062711005,0.0002462136506065,0.1373157471127766,0.1373157471127766,0.1373157471127766,False,0.8690029120697352,9.321797176756849e-05,8.129542153891757e-05,3.8452323426016e-05,2.42424809379657,0.1278996957623025,0.4596012689455139,0.4124990352921835,-0.1126418424062722,0.8159379007823636,0.5670601003475648,23281.46516343903,True,body,high
-0.0126308364613601,0.002742922963877,-0.0035796721240271,0.00059086292225,0.0003282831796931,0.1405481012036228,0.1405481012036228,0.1405481012036228,False,0.8062364303414504,0.0001551847764168,6.44387109594015e-05,5.549600200948212e-05,2.7963235331866163,0.5847613893111906,0.0576261999172894,0.3576124107715199,0.0503421727135587,-0.5525216894174924,-0.8319768316303757,24466.361195298985,True,body,high
-0.0126922597011009,0.0026690271562002,-0.0034731263219758,0.0006358683770972,0.000267883186348,0.1135408949869624,0.1135408949869624,0.1135408949869624,False,0.3678102375248274,7.813020997005278e-05,0.0001546824058225,5.96762000322719e-05,2.5920284089628502,0.4948991803265692,0.1193025789820293,0.3857982406914014,-0.0385085527145382,0.5644625331550296,0.8245599675172441,24902.61751918682,True,body,high
-0.0110585042371312,0.0020629284208795,-0.0033996189704968,0.0011507969219105,0.0008885055123676,0.9822465489376296,0.9822465489376296,0.9822465489376296,False,0.9516944201217008,3.792295158319712e-05,7.415039634512356e-05,3.100185482498621e-05,2.39180516016614,0.4885671088433624,0.0933386347120457,0.4180942564445917,-0.3892549245869761,-0.8895142208050977,0.2392593878414955,3148.649056685952,False,body,high
-0.0125403488325991,0.0026154078881576,-0.0035414049886973,0.0004635575128877,0.0002182619261909,0.0821550125170674,0.0821550125170674,0.0821550125170674,False,0.8955980500768079,0.0001126512072278,7.387511880511458e-05,4.614754053219992e-05,2.44110966540521,0.3442136962127221,0.2461365391037212,0.4096497646835566,0.3791016696620968,-0.8879166589470833,0.2605492867456354,19256.16554671741,True,body,high
-0.0124773970252978,0.0025543780769594,-0.0033391144739915,0.000477533712085,7.958076538045921e-05,0.1214317802076975,0.1214317802076975,0.1214317802076975,False,0.2191205409596207,6.749963928646444e-05,4.912726807150131e-05,0.0001112531258603,2.2645901192475475,0.3932787167598809,0.1651402697486935,0.4415810134914254,-0.9923776724017552,-0.0685057714085763,-0.1024378572705952,31006.57690307322,True,body,high
-0.01274663686122,0.0027714600206586,-0.003596293169772,0.0007058034247334,0.0004134286452924,0.0939066642391319,0.0939066642391319,0.0939066642391319,False,0.4906802700354373,8.736876916451806e-05,0.0001037005026484,5.075764896392206e-05,2.0430517324040784,0.1574894341576981,0.3530466995390779,0.4894638663032239,-0.0027603803349943,0.6960001454735811,0.7180363345967667,20288.955086526224,True,body,high
-0.0124506655246107,0.0025789575192114,-0.0033237186284976,0.0004724034497577,4.934803022957742e-05,0.1159498260413078,0.1159498260413078,0.1159498260413078,False,0.9582740400267435,6.813910189983118e-05,0.0001318175797834,5.567756688170824e-05,2.367516886351722,0.4830803143876197,0.0945362146581467,0.4223834709542335,-0.0962935142578147,0.5915148473806566,0.8005234190453884,29524.586783201525,True,body,high
-0.0126497011301152,0.0027762982314954,-0.0036113639612997,0.000621469684465,0.0003746406884384,0.0903172110212498,0.0903172110212498,0.0903172110212498,False,0.8337837257630494,6.246662418425607e-05,0.0001441202617897,5.974031698003476e-05,2.412445548922676,0.5665659817118504,0.0189168904522201,0.4145171278359295,0.1989574561352142,0.6719061161992432,0.7134129951593631,21043.061808239483,True,body,high
-0.012520784933635,0.0025876058294819,-0.0033736772495079,0.0004995443763736,9.260698503314664e-05,0.0956637103158342,0.0956637103158342,0.0956637103158342,False,0.1416259035685246,0.0002089180613122,8.608333858718399e-05,8.67638768041407e-05,2.426927960056482,0.5846990142491095,0.0032574408008677,0.4120435449500227,0.6285561635869489,-0.6094295071349101,0.483231647401283,26850.847112465115,True,body,high
-0.01251429965795,0.0026400290620462,-0.0033933456206424,0.0004996776705822,9.030489854286096e-05,0.0884679560918935,0.0884679560918935,0.0884679560918935,False,0.1377987743657905,5.784898275937371e-05,0.0001555025521849,6.051961653480901e-05,2.688077555861785,0.610812712174362,0.0171742118564051,0.3720130759692329,-0.6406392742783653,0.6924689886314229,-0.3317650072504077,23101.166979313344,True,body,high
-0.0126810537344908,0.0026685091274747,-0.0034973602491262,0.0006197487461841,0.0002789086472963,0.0820969364089225,0.0820969364089225,0.0820969364089225,False,0.8492106086857486,5.709960700840886e-05,5.841350627583265e-05,2.4704650027495988e-05,2.3644741459935315,0.0224930731125686,0.5545799087618817,0.4229270181255497,0.4735263210298025,-0.8745152228444553,-0.1048615673413908,21426.414387585675,True,body,high
-0.0124892444266684,0.0023745760428057,-0.0036512803653524,0.0003913344387488,0.0003208947719865,0.4792497167810632,0.4792497167810632,0.4792497167810632,False,0.7999003993435126,6.158902498859451e-05,6.70429862964022e-05,2.7505020136896912e-05,2.4374818110555263,0.0813502143788063,0.5083903139548347,0.4102594716663589,-0.2320799485518715,-0.8199572954917043,-0.5232675520707271,7112.612004543355,True,body,high
-0.0125012285096546,0.0030781659109831,-0.0028372241758096,0.0010750653039651,0.0004504794786523,0.202702080281959,0.202702080281959,0.202702080281959,False,0.0403721803380946,2.605029596539454e-05,4.915337124132878e-05,5.7235577990464406e-05,2.197118146622852,0.1412094894976363,0.4036488507163022,0.4551416597860614,-0.8307955352096952,0.3808421369728862,-0.4058793483063175,3657.7778676747344,True,body,high
-0.012273253311321,0.0021405994863019,-0.0037305759975391,0.0003797483858815,0.0003756166111175,0.2457972259769198,0.2457972259769198,0.2457972259769198,False,0.2440863547144481,2.5519482041778487e-05,6.957844487263629e-05,2.9747534724024586e-05,2.726483427787756,0.5724604828625072,0.0607667028198973,0.3667728143175955,-0.9833896241193728,0.1686063659435918,-0.0672067000949596,9937.660248369615,True,wing_R,high
-0.0123742056876405,0.0025415330156441,-0.0033967954884765,0.0003610727512474,4.9268346034402856e-05,0.1917994763760169,0.1917994763760169,0.1917994763760169,False,0.1798553360942432,5.2175399770591774e-05,0.0001082855101473,7.986776566433029e-05,2.075413137675573,0.2624334912802131,0.255734731785011,0.4818317769347759,-0.386595324281682,0.4713828269889294,-0.7926804435984695,15278.424346590496,True,body,high
-0.0113951575473175,0.0027564174703733,-0.0041989706382809,0.0009566346412046,0.0005765180274465,0.4376295217993493,0.4376295217993493,0.4376295217993493,False,0.5701989111499183,3.610883786582304e-05,2.48337425790988e-05,5.660529801766407e-05,2.279370410535931,0.3620943775518145,0.1991879856052655,0.43871763684292,0.1334860209714213,-0.6691826475646658,-0.7310103052649543,10213.420639643267,True,body,high
-0.0122654997829368,0.0025078253355826,-0.0033318429603532,0.0003402057392984,0.0001391274110037,0.2008630147334759,0.2008630147334759,0.2008630147334759,False,0.251856361760467,0.0001031536181115,0.0001015061497491,4.056187953163335e-05,2.543117313662447,0.0159710186868331,0.59081078621549,0.3932181950976768,-0.0405680189910954,0.6328608603708007,0.7732020222722313,17529.167274918673,True,body,high
-0.0122379618719987,0.0025057544842024,-0.0032465942665808,0.0004076765408647,0.0002192482996235,0.1623249939703084,0.1623249939703084,0.1623249939703084,False,0.7822887922586869,7.833657883930538e-05,0.0001114328438406,5.441654003428115e-05,2.0477752494091046,0.2970063749669183,0.2146587844354356,0.488334840597646,-0.1152514687098001,0.7296912326092373,0.6739939198638558,16983.654226913186,True,body,high
-0.0124782494522779,0.0026182999876137,-0.0032679886301158,0.0005388717109407,4.177355402346456e-05,0.1095442700739911,0.1095442700739911,0.1095442700739911,False,0.9882490276708829,8.034814793788419e-05,0.0002029529678223,7.294255316107111e-05,2.782367205795118,0.6041045923101631,0.0364892164735234,0.3594061912163134,0.0191739079531519,0.5203409026928868,0.8537433491621214,18993.335154924163,True,body,high
-0.0124392351571656,0.0025825390186378,-0.0033066760038389,0.0004765525965822,5.282553420326178e-05,0.1020930078768685,0.1020930078768685,0.1020930078768685,False,0.5998759224787288,0.0001543282556228,0.000111956923946,5.344261288651909e-05,2.887737842283282,0.2745532987840784,0.3791548788220583,0.3462918223938632,0.5071724856833344,-0.8287538146180238,0.2365231162526455,25999.94462077525,True,body,high
-0.0120462755344496,0.0026201344318382,-0.0030577815386974,0.000597096205398,0.0004727402475635,0.1202931589305236,0.1202931589305236,0.1202931589305236,False,0.9668882621013388,7.668936012932703e-05,0.0001588088302449,7.153123894657199e-05,2.2201325264833827,0.5170963729721774,0.0324800653389323,0.4504235616888903,-0.0359632552041003,0.7143795968285958,0.6988336253430696,16312.68510340316,True,body,high
-0.0124719510833648,0.0027192075055038,-0.0032890495014977,0.0005578752645619,7.19791797671413e-05,0.1389610462830715,0.1389610462830715,0.1389610462830715,False,0.2487127425536321,0.0001280381915544,6.969652445682285e-05,5.646409290669249e-05,2.267603798507234,0.4556583187355748,0.1033475355241944,0.4409941457402307,-0.0151992822810451,-0.6763050626484626,-0.7364648287964615,11149.536010656704,True,body,high
-0.010348554444927,0.0024754955263824,-0.0047140865807505,0.0020672921484515,0.000772592518881,0.9955050856660488,0.9955050856660488,0.9955050856660488,False,0.976666520114685,6.135470459021013e-05,7.286600400931885e-05,2.8868149668350825e-05,2.524096793401499,0.1579790133357187,0.4458396664335345,0.3961813202307467,-0.6493789646904928,-0.7572224156201275,0.0701510762563377,1659.0117213769604,False,wing_L,high
-0.013321220284297,0.0026412777115614,-0.0036464749317018,0.0012235555343743,0.0008261067240955,0.0897127083460828,0.0897127083460828,0.0897127083460828,False,0.21189304942595,0.0001331612560052,0.0001640713765774,7.009019079944162e-05,2.340860749644142,0.1883943513917954,0.3844123607750773,0.4271932878331272,-0.0885486624225041,0.5887824263549644,0.8034266542745183,6935.036602801132,True,body,high
-0.0119833746649311,0.0025639266653644,-0.0025481233991163,0.0010952665520404,0.0009024330025627,0.134914819598523,0.134914819598523,0.134914819598523,False,0.6642614446092584,5.854121576328051e-05,5.3037795208317686e-05,2.341801541724182e-05,2.499836759018391,0.094009331429273,0.5059645483081107,0.4000261202626163,0.2237397840221652,-0.8400191129181007,-0.4942756305726619,4691.273182901407,True,body,high
-0.0121578658012452,0.0024830567745558,-0.0033123801598771,0.0003233973144657,0.0002184354680712,0.1257716493799828,0.1257716493799828,0.1257716493799828,False,0.2879053800099965,7.879467523174121e-05,8.893364536678922e-05,4.0151379862576496e-05,2.214958630840997,0.1140060108098777,0.4345182884361491,0.4514757007539731,-0.1129095560173709,0.6800885189948858,0.7243832124582286,10221.5708663336,True,body,high
-0.012760837314881,0.0026532666460034,-0.0034067379629091,0.0007129710928153,0.0002663241178503,0.0861874515905334,0.0861874515905334,0.0861874515905334,False,0.750168699051918,4.307211687097116e-05,9.940623562015024e-05,4.005523074106827e-05,2.4817291969368163,0.566706086371103,0.0303490632260835,0.4029448504028136,0.0283080831462469,0.5803620652542407,0.8138664052794031,18158.90748012104,True,body,high
-0.012718277761776,0.0028016050060245,-0.003619537160385,0.0006934581565369,0.0004255554623187,0.0861890321215599,0.0861890321215599,0.0861890321215599,False,0.7854505632434853,4.831882610210471e-05,0.0001319381918169,5.171622219376596e-05,2.73057527387241,0.6080268989473689,0.0257499064135638,0.3662231946390672,-0.6632472600520087,0.6699580345686332,-0.333555548522937,26839.11678472453,True,body,high
-0.0115313480327623,0.0026451802555826,-0.0039223450303207,0.0006709729263852,0.0004098806090444,0.4001013342559337,0.4001013342559337,0.4001013342559337,False,0.339288400330939,3.264059936863717e-05,7.457185075019753e-05,7.805499031973818e-05,2.391346722472798,0.0446241752804349,0.5372014167165553,0.4181744080030097,0.1221955598080863,-0.7746243095062357,-0.6205041694341591,7938.795606843239,True,body,high
-0.0124637928284708,0.0030626237725722,-0.0039061597034112,0.0007435671348238,0.0006906386732857,0.4408018031005676,0.4408018031005676,0.4408018031005676,False,0.1029931686127822,4.639797278801332e-05,1.987260253905997e-05,2.338034737061173e-05,2.334770833202005,0.4960911874871411,0.0756012519680164,0.4283075605448424,-0.2772322777762827,0.6917656593770992,0.6667852252903786,3842.9588212893327,True,body,high
-0.0118856120303938,0.0027944999765386,-0.004075976378233,0.0005945825233601,0.0004960506526068,0.4120638691709206,0.4120638691709206,0.4120638691709206,False,0.2278187349500888,3.722426434454459e-05,2.44731552632073e-05,6.126343467746779e-05,2.503291219239337,0.392390182814295,0.2081357199195206,0.3994740972661844,0.1636221347107075,-0.6614942207335677,-0.7318833192311472,5068.983400463295,True,body,high
-0.0127929828941619,0.0025563419333861,-0.0034641867960483,0.000708730672214,0.0003508108735462,0.3033649075561113,0.3033649075561113,0.3033649075561113,False,0.3548296560743248,2.393543546697969e-05,4.860537103135888e-05,1.7537376386941286e-05,2.771530356590368,0.5075557503400769,0.1316327587729048,0.3608114908870182,0.123390414426401,0.6193161001732772,0.7753853066017207,8020.359047005271,True,body,high
-0.0122531830724882,0.0021582849383329,-0.0037317641342807,0.0003563591023025,0.0003504033714998,0.3586069386147275,0.3586069386147275,0.3586069386147275,False,0.3165037507304609,2.921657317272972e-05,8.181629721571333e-05,4.226961203217578e-05,2.8003385863226207,0.4833595081829536,0.1595408164834321,0.3570996753336142,-0.0683998442057638,0.950747921720111,0.302324082166004,9100.742716390052,True,wing_R,high
-0.0120681871174211,0.002533196849575,-0.0032033290597523,0.000435366278365,0.000349078929661,0.1919896445239958,0.1919896445239958,0.1919896445239958,False,0.2085602292265634,4.978459493225768e-05,5.037951100535353e-05,0.0001145597258572,2.301107923307616,0.560233663022922,0.005193064741068,0.4345732722360099,0.3241665224382661,0.9444751531453944,-0.0536912546069168,11081.372944131428,True,body,high
-0.012564085850941,0.0027706931041833,-0.0026718240857246,0.0011040994671443,0.0004186516701171,0.1392858622231826,0.1392858622231826,0.1392858622231826,False,0.091601979795353,0.0001660207553192,0.000101745779572,6.558024842711801e-05,2.531566428933789,0.3871502428934483,0.2178374087949307,0.3950123483116208,-0.0429311010681864,-0.7153824910676994,-0.6974129422622202,4329.673821180625,True,body,high
-0.0123636500034387,0.0027530198747175,-0.0037019158766957,0.0003872605612097,0.0003118048432312,0.2306474325478223,0.2306474325478223,0.2306474325478223,False,0.9356741060532212,6.805156175523336e-05,0.0001004255139974,4.7004434650774654e-05,2.136511474791773,0.3223678023003105,0.2095794810170135,0.468052716682676,0.1287224253137455,0.5173055541298941,0.8460647143615614,6544.439763716054,True,body,high
-0.0123367079326279,0.0026283436849816,-0.0032409169033938,0.0004792650919873,0.0001421311723898,0.1272017945607518,0.1272017945607518,0.1272017945607518,False,0.1400095583249795,0.0001050225005664,0.0001719238463242,7.310879023217011e-05,2.351616621999295,0.3891336029769236,0.1856270146148074,0.425239382408269,-0.0164488397792874,0.6130807149807104,0.789849018856551,14627.412751000264,True,body,high
-0.0122889934903514,0.0025147931314176,-0.0033309020070606,0.0003532093092647,0.000126092380404,0.1422864835628842,0.1422864835628842,0.1422864835628842,False,0.4283860088337451,9.844277799757426e-05,0.0001196029604065,4.938303751913639e-05,2.4219441819509253,0.1769202228526604,0.4101883457707173,0.4128914313766222,0.0333281200478187,0.8071106114503452,0.5894588173047614,23048.69423199627,True,body,high
-0.0119237717685511,0.0026281335927406,-0.0029377845787534,0.000736069480312,0.0006441923628549,0.1500572147972836,0.1500572147972836,0.1500572147972836,False,0.878042373835939,8.82193444654593e-05,9.833562271679184e-05,3.4276512683715985e-05,2.868892282717807,0.1028750108235708,0.5485583991988288,0.3485665899776004,0.3769365066968769,-0.7259750031080556,-0.5752209703943465,10789.514611165709,True,body,high
-0.0129809833358225,0.0026869903616489,-0.003311759959863,0.0009532749632256,0.0003484562978802,0.1115765975758668,0.1115765975758668,0.1115765975758668,False,0.8567312259073709,0.0001030104344538,0.0001409314317392,6.120474531614747e-05,2.3026226318115346,0.2690740938159497,0.2966385044254419,0.4342874017586083,0.0233487734378653,0.6169596028236295,0.7866483860421101,7588.831227888539,True,body,high
-0.0120646362066545,0.0025773785015258,-0.003034190807163,0.0006091514363078,0.0004775000793035,0.1378150267755606,0.1378150267755606,0.1378150267755606,False,0.2012734729999386,9.055020861136286e-05,0.0001444721344205,6.068664585675378e-05,2.380624804368548,0.3732340913037483,0.2067081162356516,0.4200577924606,0.112328890908117,0.7677798103150321,0.6307902845954156,14049.26222864716,True,body,high
-0.0125396411984481,0.0025575795735536,-0.003332796686443,0.0005309917677451,0.0001085503907536,0.0913690376052436,0.0913690376052436,0.0913690376052436,False,0.5263771770524318,0.000158349158732,5.805385650131162e-05,6.586015754467515e-05,2.727625144567603,0.5840826811331492,0.0492980266258984,0.3666192922409524,0.5486964509068293,-0.6254722740683842,0.5547221278567974,21447.209186350043,True,body,high
-0.0125719405054161,0.0026305326022589,-0.0033297829988351,0.0005751702709689,8.584877782600214e-05,0.1226317395400286,0.1226317395400286,0.1226317395400286,False,0.3525857131094252,0.0001730433005541,8.903276300036105e-05,7.492900075227602e-05,2.309430244856025,0.4854885296613823,0.08150423739561,0.4330072329430076,-0.0718418694223483,-0.6579341529075187,-0.7496408448288876,17728.724590551526,True,body,high
-0.012117046081953,0.002664454527221,-0.0031169299264222,0.0005508801808216,0.0003866466732661,0.1199852244069085,0.1199852244069085,0.1199852244069085,False,0.9940044403793566,8.63362350048189e-05,9.10693920277251e-05,3.162033707395903e-05,2.8800892227909047,0.0519730824761104,0.6008154519599979,0.3472114655638917,-0.2741234692611892,0.7387786329381307,0.6156804813491139,14692.464752530204,True,body,high
-0.0124640234855233,0.0025669431353149,-0.003296677057378,0.0004973379457859,7.1533020784787e-05,0.0861815330062639,0.0861815330062639,0.0861815330062639,False,0.0760625607207615,7.07802458936848e-05,5.381791928920208e-05,0.0001353987216917,2.5158668986094823,0.4772458335697668,0.1252768592830628,0.3974773071471703,-0.968162557325996,-0.1917375256222377,-0.1609285054309808,25130.734934451903,True,body,high
-0.012697116620878,0.0026429730403907,-0.0034564516855413,0.0006370509040714,0.0002593326351642,0.0939823615868067,0.0939823615868067,0.0939823615868067,False,0.4339295545243631,4.691012389322909e-05,0.0001365616271771,5.752417971614369e-05,2.911133372573279,0.5787676164583749,0.0777235599949882,0.3435088235466367,-0.558769276657002,0.7770785615208526,-0.2896995075744749,21973.81761888656,True,body,high
-0.012677811051124,0.002608740050907,-0.0033502649498607,0.0006490970371293,0.0001810808834427,0.110299057709957,0.110299057709957,0.110299057709957,False,0.987021907370502,5.0541299695401365e-05,0.0001130429412917,4.847709451374369e-05,2.3318835921511365,0.552901763543497,0.0182603633457311,0.4288378731107718,-0.0848541348246437,0.7127357394217415,0.6962812230371465,15252.55575520456,True,body,high
-0.0122512142692541,0.002727425264142,-0.0031957085942125,0.0005263390151649,0.0002581604876451,0.1143362720048223,0.1143362720048223,0.1143362720048223,False,0.9890197549286492,0.0001128699371357,5.2450189782088496e-05,4.089923501910944e-05,2.7597077814044866,0.5353041641281625,0.1023386302509313,0.362357205620906,-0.077287073936783,-0.7624082449330185,-0.6424642995999432,8697.044954659004,True,body,high
-0.0118664873951905,0.0026282730467803,-0.003107993331136,0.0005992810484995,0.0005615731936238,0.1316309805501957,0.1316309805501957,0.1316309805501957,False,0.2561233863789112,4.131730180298526e-05,4.879802696092229e-05,1.789007630881151e-05,2.727658961235816,0.153299746400149,0.480085506590961,0.3666147470088898,0.1994019917224551,-0.8457956244794496,-0.4948420023689739,7451.250781386235,True,body,high
-0.0114648505272753,0.0028897573685266,-0.0044224644412563,0.001103741387051,0.0007500400772332,0.4107095642581851,0.4107095642581851,0.4107095642581851,False,0.2899391508491596,2.167978081389132e-05,5.156817727752584e-05,3.1699987441681626e-05,2.378630011078504,0.3852800483701225,0.1943098856076354,0.4204100660222419,-0.4369297424584579,0.5159335350963618,0.7368208652841994,9536.88345625192,True,wing_L,high
-0.0117601651063273,0.001679200727015,-0.0043062338675616,0.0010957919159028,0.0005769112459847,0.4369985788578077,0.4369985788578077,0.4369985788578077,False,0.1852631331845889,9.082783420203914e-05,3.627101607918304e-05,3.054433556382068e-05,2.973639220675122,0.6006618852267124,0.0630498411161475,0.33628827365714,-0.4799899752901773,0.8762109400580184,0.0431742069247237,4687.934242424258,True,wing_R,high
-0.0125407901350606,0.0022001513186358,-0.0034512925424822,0.0005389658075024,0.0004280852840671,0.1799263927914675,0.1799263927914675,0.1799263927914675,False,0.0854192752406754,3.516603910447056e-05,6.764069825187923e-05,5.0119679863510384e-05,1.9234665027509528,0.2590307143655494,0.2210746066422277,0.5198946789922227,-0.749452994563444,0.3455423470303222,-0.5647306396404068,5664.6040321788905,True,wing_R,high
-0.0112006832991273,0.0028860567204668,-0.0045401081507038,0.001351150634017,0.0008238426510274,0.4192694176429777,0.4192694176429777,0.4192694176429777,False,0.3661870077006955,4.4389095214300106e-05,1.9512500691526944e-05,3.51384825354529e-05,2.2749055037100145,0.2083983157166737,0.3520229860168898,0.4395786982664364,-0.2571119327568862,0.6477820014729548,0.7171275567161753,10227.295591711185,True,wing_L,high
-0.0125220259405409,0.0026462138672732,-0.0034737739692475,0.0004756433283843,0.0001580445450566,0.1587210469466298,0.1587210469466298,0.1587210469466298,False,0.2165806561060254,0.0001172134804653,4.973272819854773e-05,0.000137521694854,2.7652151779217182,0.1476728047185473,0.4906916856891827,0.36163550959227,-0.9842092435680296,-0.1199671184075794,-0.1301539679619064,19516.14159520235,True,body,high
-0.0122307957490146,0.0025428472201536,-0.0033966728335583,0.0002745845693053,9.652420894349952e-05,0.1795456193273534,0.1795456193273534,0.1795456193273534,False,0.1133325630262024,5.584534419064174e-05,9.093756156709929e-05,8.221182821325521e-05,1.628382148683007,0.0959530165915619,0.289940521477021,0.6141064619314169,-0.3307625630792659,0.4651322050769619,-0.8211261527107011,10050.414812826672,True,body,high
-0.0116288632608198,0.0016891996252247,-0.0040304825504532,0.0009991506638263,0.000527876231574,0.4149696586490305,0.4149696586490305,0.4149696586490305,False,0.1784157878667642,6.871610661074048e-05,3.058391884528279e-05,5.431119016997236e-05,2.246805157911905,0.2096294035162434,0.3452941747572897,0.4450764217264668,-0.5592539626077235,-0.7149729358339114,0.4195815848349358,7253.975422072947,True,wing_R,high
-0.0112334357896911,0.002846291077615,-0.0045184507724352,0.0013025575828606,0.0007741961998887,0.3948073455825817,0.3948073455825817,0.3948073455825817,False,0.2527345598622366,2.6461638786110565e-05,2.611930306803478e-05,5.927422703858938e-05,2.269364802123305,0.5535726046856215,0.0057754564703629,0.4406519388440155,0.2877352717798349,-0.64693718861438,-0.7061732700701057,9581.106594898882,True,wing_L,high
-0.0128088021027786,0.0027066540558008,-0.0039190202401846,0.0007920504207181,0.0006880564165909,0.1950096021475326,0.1950096021475326,0.1950096021475326,False,0.4405772771282286,5.084921930743648e-05,0.0001120149153105,0.000100747828189,2.2028836791627016,0.1005855969295055,0.445463970072556,0.4539504329979384,-0.8816421611891316,0.3793102538659056,-0.2807682868949752,5854.944542039921,True,body,high
-0.0119402349657972,0.0025798502409273,-0.0025817910272889,0.0010694984707609,0.0009021185184044,0.1702424119352974,0.1702424119352974,0.1702424119352974,False,0.0478459746790425,9.836873268535927e-05,0.0001076041760598,4.373542779395627e-05,2.460343512969909,0.0858279270623319,0.5077247639629597,0.4064473089747083,0.1551174379444133,0.591289087214623,0.7914011598339107,5202.445409602421,True,body,high
-0.0114888693217699,0.0017333694653366,-0.003898687661112,0.0009989870923349,0.0005250662276658,0.2908686743931139,0.2908686743931139,0.2908686743931139,False,0.3022664547151055,3.332201357855416e-05,7.679160015284432e-05,4.503560710925722e-05,2.304530606225637,0.4135347222922906,0.1525374325758101,0.4339278451318992,-0.0384546021044933,0.9726513189278728,0.2290647405535266,6241.423424032605,True,wing_R,high
-0.0114943521248456,0.002529274966166,-0.003493776322997,0.0006337824223594,0.0005425102930395,0.1941388976935148,0.1941388976935148,0.1941388976935148,False,0.300444305320502,4.1882271299102666e-05,3.1573841350371246e-05,7.10886542957007e-05,2.2515047664564527,0.4108445051598673,0.1450080895588827,0.4441474052812499,-0.4148119121434053,0.894952903947853,0.1642874835744853,3390.404213744071,True,body,high
-0.0127005998523708,0.0026770678942208,-0.0037089638815632,0.0006309716365624,0.0004545319820611,0.1698053446639831,0.1698053446639831,0.1698053446639831,False,0.2272867831804213,0.0001486129048299,7.500378297062223e-05,6.209978386363271e-05,2.3931307902187298,0.4953077388775481,0.0868296001733606,0.4178626609490913,-0.0821154125820832,-0.7117930038697694,-0.6975727766036492,10182.1805994366,True,body,high
-0.0123536340065373,0.0024978903347725,-0.0033802320873082,0.0003515035275881,9.282027930488544e-05,0.117275992457523,0.117275992457523,0.117275992457523,False,0.1441338232883328,9.706918852087158e-05,0.0001031796415695,4.043138065061356e-05,2.551969284976074,0.0592214990837296,0.548924254908221,0.3918542460080492,0.1582577071008618,0.5252398013281693,0.8361086348339688,15905.120782367258,True,body,high
-0.0123380943474585,0.0025365595850151,-0.0033158256888319,0.0003956301509967,0.0001057017839251,0.1350285169474738,0.1350285169474738,0.1350285169474738,False,0.225576573198717,9.190619672132896e-05,0.0001285683747121,4.798786316893496e-05,2.6791852402250145,0.2851570463802017,0.341595152390491,0.3732478012293072,0.0248665649080937,0.7406594348467967,0.6714203270099104,30893.31119612584,True,body,high
-0.0117570231880275,0.0025489178642317,-0.0027056036970656,0.0009944714210699,0.0009280092487099,0.1596179142333846,0.1596179142333846,0.1596179142333846,False,0.639258521636126,8.627022625810694e-05,8.301568171692284e-05,3.259801225686414e-05,2.646487325003722,0.0377250029627488,0.5844156396346634,0.3778593574025877,0.2218051119759448,-0.7052662039634482,-0.6733513747281779,6636.581284069838,True,body,high
-0.0126680977335511,0.0029216663337886,-0.0036943299687668,0.0007213822479202,0.0005148593523331,0.1655269144318141,0.1655269144318141,0.1655269144318141,False,0.7833727785140119,9.958751836065188e-05,0.000176281011284,7.109238314180117e-05,2.479604755019131,0.4350638356607757,0.1616460843473084,0.4032900799919158,-0.0111750086140364,0.5008883495074434,0.8654397613411261,6668.666664132804,True,body,high
-0.0126993106651231,0.0027102711751578,-0.0035999035118253,0.0006376613457529,0.0003745878230041,0.1633731886957732,0.1633731886957732,0.1633731886957732,False,0.6034237904331166,9.317428786009316e-05,0.0001631463577089,7.633320959081004e-05,2.137291993662231,0.4288914005282448,0.1032268112250735,0.4678817882466816,0.167336138993319,0.7311128762691406,0.6614170989173723,19691.82150924941,True,body,high
-0.0117420162720879,0.0017893717903442,-0.004012590420336,0.0008614573255108,0.0004668762018755,0.4074540150338167,0.4074540150338167,0.4074540150338167,False,0.1864330892035627,3.803628446189102e-05,8.790382416142166e-05,4.066409206840152e-05,2.311051812894435,0.537402468478183,0.0298941215763825,0.4327034099454344,-0.2558306746223684,0.9666918982817898,0.0075788995648318,5682.680216786888,True,wing_R,high
-0.0125373105928923,0.0025603646334906,-0.0033098651881881,0.0005428625908025,0.0001008446696044,0.1173058880337482,0.1173058880337482,0.1173058880337482,False,0.9416659081704064,7.04399151440949e-05,8.98848785802529e-05,3.849899723310066e-05,2.334732981122212,0.2163318651957319,0.355353630282496,0.428314504521772,-0.2040152042038842,0.833449435248981,0.513556068347753,20763.694391096426,True,body,high
-0.0123870518526759,0.0021649182660204,-0.0036285188029981,0.0004113657793119,0.0003999183969157,0.1534767441156542,0.1534767441156542,0.1534767441156542,False,0.1747663457215393,4.127488628958626e-05,4.497007125559743e-05,0.0001068767148519,2.5893884746800184,0.5792341548121316,0.034574275333301,0.3861915698545674,0.5438558512297706,0.7165187009845443,-0.4368315055288055,8565.028836273437,True,wing_R,high
-0.0125036527104751,0.0025522696602633,-0.0032038076517088,0.0005875421058201,0.0001283117292549,0.1258560564624634,0.1258560564624634,0.1258560564624634,False,0.2730438998226027,0.0001254956269208,5.614685138160175e-05,4.609366009915456e-05,2.722622301003529,0.5525991402312341,0.0801079012003259,0.3672929585684399,-0.0166275828568574,-0.688807958470325,-0.7247531440678832,9522.63675413904,True,body,high
-0.0125009178480204,0.0025475261463165,-0.0034961410355229,0.0004212615328782,0.0001666802683377,0.1469800554019145,0.1469800554019145,0.1469800554019145,False,0.1610341451401996,0.0001477617221449,8.223135295534286e-05,6.116448368276921e-05,2.415809195926341,0.4434867720701529,0.1425732521708962,0.4139399757589508,0.0333224539773209,-0.5137649857845427,-0.8572835898597024,14262.70060978072,True,body,high
-0.0125711396510971,0.0025081584241491,-0.0036537334014642,0.0004633685082917,0.0003306014770187,0.2192347711026281,0.2192347711026281,0.2192347711026281,False,0.8346647002375296,7.916117789916787e-05,6.998185491684979e-05,3.25923547524172e-05,2.42882659140475,0.1159573824685922,0.4723211700065622,0.4117214475248454,-0.3138982393773954,0.6697105936963795,0.6730197738600362,9532.723930397038,True,body,high
-0.0124011601995547,0.002844438749301,-0.0037213323909813,0.000483534356243,0.0003981315182435,0.0847352798603522,0.0847352798603522,0.0847352798603522,False,0.416489656264052,6.992728296928141e-05,4.303803664040956e-05,0.0001088011691262,2.528023525685015,0.3572929084232517,0.2471411524785227,0.3955659390982254,-0.9542934974042864,-0.2769351023159814,0.112387143024157,6388.353606101251,True,body,high
-0.0125408831156571,0.0025699213160618,-0.0033271737015962,0.0005373609250218,9.836595513293902e-05,0.0942271084976804,0.0942271084976804,0.0942271084976804,False,0.6713133027413783,6.678371219720582e-05,0.0001033572089799,4.5180062045339526e-05,2.2876730199305446,0.3538553057272854,0.20901928723777,0.4371254070349445,-0.2439319044327711,0.6997005253378847,0.6715030907164088,21679.307272796894,True,body,high
-0.0101571604322537,0.0017905995969266,-0.0033081935957514,0.0020924416289438,0.0015546244957931,0.9978580928247108,0.9978580928247108,0.9978580928247108,False,0.9909848978494904,5.043537099113019e-05,5.878104570136643e-05,2.5047833550950668e-05,2.3467516893945284,0.1419790105918825,0.4319000646766201,0.4261209247314973,-0.5868638740843689,-0.782710501683483,0.2072560345299416,1308.4306623691575,False,wing_R,high
-0.0127097806007908,0.0027202876660287,-0.0035647374092009,0.0006538230165278,0.0003554417828099,0.1060522380983185,0.1060522380983185,0.1060522380983185,False,0.8517322268427696,9.647139915225608e-05,0.0001320060924451,4.454294439539688e-05,2.9635690733274367,0.2691897974909987,0.3933792281476648,0.3374309743613365,-0.082948246109871,0.5825235918545535,0.8085702526065164,20061.960158330763,True,body,high
-0.0115603106810071,0.0026298646111961,-0.0038523438691202,0.0006136777096596,0.0003920930231242,0.3791840401906806,0.3791840401906806,0.3791840401906806,False,0.2809604860912165,2.170156299810836e-05,5.3677677767993104e-05,2.545475410698669e-05,2.4734475471961166,0.5257851090911978,0.0699208919786072,0.4042939989301949,-0.4209999651286793,0.5163222903745058,0.7457682762253136,7869.984053835151,True,body,high
-0.012058652212608,0.0024103931449293,-0.0035032572374712,0.0001503548841883,0.0001482876236844,0.4151790453817257,0.4151790453817257,0.4151790453817257,False,0.7441204443597842,4.547808288494814e-05,2.0831135555172865e-05,2.376285235019892e-05,2.18317828927261,0.4774878173665561,0.0644643883173968,0.458047794316047,-0.3687758888900884,0.6996978785654944,0.6119045861114886,4287.827722327627,False,body,high
-0.0128678341758728,0.0026045467549518,-0.0028883497901923,0.0010703453073314,0.000231245108197,0.1283037945977579,0.1283037945977579,0.1283037945977579,False,0.1114025151312112,0.000111514489589,5.023672987558012e-05,0.0001309885563142,2.6074260135689324,0.1486699851740364,0.4678100243080952,0.3835199905178682,-0.9949555674906368,-0.0980556726952082,0.0211779076321325,2936.939273047262,False,body,high
-0.0114448332944095,0.0012798712960806,-0.0045862056304117,0.0016634175382421,0.000793078414329,0.85941753065363,0.85941753065363,0.85941753065363,False,0.1205394620115791,9.5022542731109e-05,8.339012652766537e-05,0.000195080543737,2.339372199805111,0.5129061006760889,0.0596287870671662,0.4274651122567449,0.905386068561987,-0.3796042499672991,0.1902016831172461,6455.253222625852,True,wing_R,high
-0.0117250253038808,0.0026298837282239,-0.0038937985768623,0.0004926108647426,0.0003112204338904,0.4061408375560907,0.4061408375560907,0.4061408375560907,False,0.6180064205274745,3.035569623708664e-05,2.931042718688498e-05,6.588283554800381e-05,2.247761014465297,0.5392472715451242,0.0158655747207488,0.444887153734127,0.2116298965005033,-0.6227236296048804,-0.7532782142335657,8224.053998605097,True,body,high
-0.0122513853049748,0.0019697968737407,-0.0037341286076767,0.0005287654607713,0.0005124433652188,0.3842748717775644,0.3842748717775644,0.3842748717775644,False,0.2256061875603601,0.0001124659847798,0.0001368062977866,4.720321290900452e-05,2.8982412288416994,0.1779180739525545,0.4770450843765207,0.3450368416709248,-0.1582007549031004,0.6607229682157332,0.7337695008790435,8067.90435043484,True,wing_R,high
-0.0121512605983051,0.0026002475127002,-0.0032073512492809,0.000446305062403,0.0002907989983406,0.192415580821485,0.192415580821485,0.192415580821485,False,0.9088995229188632,5.126724573344033e-05,4.912075615660543e-05,0.000128006813969,2.6059617966979056,0.5994959631926698,0.0167685571594201,0.38373547964791,-0.8482276443962794,0.5280756006545424,0.0405712123960205,15331.381620639637,True,body,high
-0.0126678316645158,0.0026722060284897,-0.0034417201589148,0.0006234719800111,0.000228293976395,0.1188453588819051,0.1188453588819051,0.1188453588819051,False,0.9366943066030072,0.0001746986319228,0.000110361505528,6.424438120024832e-05,2.7192826619082084,0.3682749297271894,0.2639810273279452,0.3677440429448653,0.0296952456840506,-0.5491638819688248,-0.8351869390290387,23672.230577902275,True,body,high
-0.0125398886022111,0.0025998789732084,-0.0035322582745599,0.0004603484086525,0.0002109121080962,0.1511124042132487,0.1511124042132487,0.1511124042132487,False,0.324246395415474,8.336539729128787e-05,0.0001252340955349,5.332409368009423e-05,2.348546161633246,0.3343234768839939,0.2398811879693587,0.4257953351466472,-0.0859604687647389,0.6189920045019374,0.7806789968818297,18347.57431525976,True,body,high
-0.0125660990434908,0.0021494283493869,-0.0036495733405066,0.0005571959404773,0.0005183820884808,0.2178394312327625,0.2178394312327625,0.2178394312327625,False,0.1957100599364362,7.082285203386727e-05,8.033987275982364e-05,2.940318060714521e-05,2.73235313666374,0.1184594946323545,0.515555601519887,0.3659849038477584,0.3823611320883574,-0.6199083474699779,-0.6852106284969253,6310.875736476284,True,wing_R,high
-0.0123102827846797,0.0025612006117712,-0.0032590526699412,0.0004331954559338,0.0001527592976748,0.1542510025487342,0.1542510025487342,0.1542510025487342,False,0.37889778409922,6.729883832755369e-05,0.0001802978007642,7.208133458152522e-05,2.679062599664736,0.6002095739604572,0.0265255384907627,0.37326488754878,-0.3121049064663161,0.8258785609186653,-0.4695903853089057,21307.7491811968,True,body,high
-0.0124346426504526,0.0026729763157208,-0.0032043290922364,0.0005743445280006,0.000105692551514,0.1244814652658609,0.1244814652658609,0.1244814652658609,False,0.8496796955460059,7.686508917397577e-05,0.0001873646720423,7.30575625362825e-05,2.564617070946909,0.5897567650500641,0.0203214757413459,0.38992175920859,0.0631254409832083,0.7112502236261578,0.7000987773824605,12188.365879473298,True,body,high
-0.0126508991631529,0.0025814681358198,-0.0033255445843373,0.0006317754293113,0.0001616667364222,0.0904258641222436,0.0904258641222436,0.0904258641222436,False,0.977799040230202,0.0001012599379397,0.000127520470621,4.563409614250655e-05,2.794412104117212,0.205931899039173,0.4362110767493204,0.3578570242115065,-0.0029628993016803,0.5939937860611069,0.8044641715754159,13360.215995378552,True,body,high
-0.0126887697320035,0.0027631951850763,-0.0036136305627898,0.0006495801887002,0.0003924486943444,0.106751707148356,0.106751707148356,0.106751707148356,False,0.5296530258706974,0.0001340775973399,7.330902657021384e-05,5.817523139925693e-05,2.304719622338649,0.4532343357530791,0.1128734066779597,0.4338922575689611,0.0343301192406814,-0.6003596515197565,-0.7989929484920357,25461.441811643064,True,body,high
-0.011298226150478,0.0014083925071085,-0.0046204489810499,0.0016615901571784,0.0006133423059874,0.9835244250867364,0.9835244250867364,0.9835244250867364,False,0.93867237974753,5.569402977744153e-05,8.697314131884757e-05,3.612182259878556e-05,2.4077727828100146,0.3596410462712318,0.2250373722492482,0.41532158147952,0.2868499026546048,-0.8540937338294055,0.4338675226153584,4799.65535337466,True,wing_R,high
-0.0122031610991104,0.0025693210492217,-0.0032395157891552,0.0004156057393365,0.0002321211245985,0.094361352749976,0.094361352749976,0.094361352749976,False,0.2675784923220206,6.499621870765604e-05,4.343967028897096e-05,0.0001092516431334,2.515020082028046,0.4050778840161678,0.1973109767544283,0.3976111392294038,-0.9850408895639348,-0.1511929681818145,-0.0826748586903217,22358.229860703497,True,body,high
-0.0111809021975205,0.0020776060135206,-0.0033492298361329,0.0010469811679514,0.0008519178061117,0.993624657284318,0.993624657284318,0.993624657284318,False,0.9412870524618326,5.231875107912814e-05,4.292199702692818e-05,2.3280735444334746e-05,2.247298037651111,0.1796058556135654,0.3754153372829469,0.4449788071034876,-0.3212344680751535,-0.9408543393359736,0.1077103925958006,3003.509317649451,False,body,high
-0.0125627467332549,0.0027694388018836,-0.0033708308825437,0.0006028949066579,0.0001544138763791,0.1151545835367267,0.1151545835367267,0.1151545835367267,False,0.7151373030700865,6.618801810877465e-05,0.0001125444698591,4.9352482103892416e-05,2.280421674075172,0.4118945320758541,0.1495900778239569,0.4385153901001889,-0.0180985730634204,0.6188160151331686,0.7853274355756165,13286.340752700498,True,body,high
-0.0120323536050977,0.0025683553579769,-0.003116356422666,0.0005307422243355,0.0004371121180959,0.2189682834830598,0.2189682834830598,0.2189682834830598,False,0.1111624073897605,4.770686948320375e-05,5.470396807608736e-05,1.978959609239205e-05,2.764279160660477,0.1279084285650246,0.5103336078286271,0.3617579636063483,0.2328503176325311,-0.7741558513857895,-0.5886114570271066,15465.44781567688,True,body,high
-0.0127019094153713,0.0027721327409186,-0.0036087965305917,0.0006654906885486,0.0003986225730173,0.132763111561665,0.132763111561665,0.132763111561665,False,0.8791411311524338,7.265325751409274e-05,0.0001119461406506,5.948993491070809e-05,1.8817660637663944,0.350998104161298,0.1175862117879018,0.5314156840508001,0.2787183292022335,0.7445536208689971,0.6065937673744934,28460.96083445045,True,body,high
-0.0125601101817834,0.0026306832798802,-0.0034810161364576,0.0005015684753861,0.0001860693470957,0.1365830869111821,0.1365830869111821,0.1365830869111821,False,0.1057922668167531,0.0001301085258079,6.78031932295777e-05,6.737474324840197e-05,1.931117204087819,0.4788720200424055,0.0032930200270505,0.5178349599305441,0.0242855465772475,-0.4486722994673727,-0.8933663189969183,18209.72383695982,True,body,high
-0.0125178425747878,0.0025129359535807,-0.0035714362679797,0.0004146891721555,0.0002371576390938,0.1918052268186879,0.1918052268186879,0.1918052268186879,False,0.8844079314326634,4.156391112955936e-05,4.3295659677713474e-05,1.5317275491634506e-05,2.8265901270339686,0.0399982021534027,0.6062186333064551,0.3537831645401422,0.4891332432851197,-0.6973855982770926,-0.5238339408907007,12529.364958469663,True,body,high
-0.0124186561908482,0.0025801639264356,-0.0034295565359362,0.0003855027369843,5.608826764867239e-05,0.1658612135580844,0.1658612135580844,0.1658612135580844,False,0.5445199005321026,3.2276788793443845e-05,7.564000011366617e-05,5.294167775840708e-05,2.343479724632036,0.3000835843621065,0.2732005411674983,0.4267158744703951,-0.795017753196029,0.1625817197682513,-0.5843919545136945,12982.882627021703,True,body,high
-0.0115546444419299,0.002746007604282,-0.0041647223265289,0.0008179479359317,0.0005181007217171,0.4225175686370093,0.4225175686370093,0.4225175686370093,False,0.2730423617977398,4.356666451815179e-05,1.9451522841168503e-05,2.522245971701257e-05,2.2397559756064127,0.4210605747313114,0.1324622148532769,0.4464772104154116,-0.2363109407224364,0.6742047552446466,0.6997178626420674,7143.786879015104,True,body,high
-0.0122054923882041,0.0025397562425792,-0.0032163110815363,0.0004322672762638,0.0002521989903829,0.1295276972937249,0.1295276972937249,0.1295276972937249,False,0.2358823985752465,9.909511206042204e-05,5.863156130951639e-05,0.0001340605282673,2.2864908467926104,0.260818129384156,0.3018304587775869,0.437351411838257,-0.954588196872802,-0.2952135798635225,-0.040128750981017,20669.846021846333,True,body,high
-0.0124848638378856,0.0025709442356304,-0.0032926533635695,0.0005158017735617,7.225429406030172e-05,0.0907485278498931,0.0907485278498931,0.0907485278498931,False,0.9212245481627318,4.658689948266097e-05,8.95309498619404e-05,8.518346507160033e-05,1.9218052898167783,0.0485584571262119,0.4310974657194691,0.520344077154319,-0.2824501082202464,0.3692024102786001,-0.8853877775363984,22229.62386394388,True,body,high
-0.0119788135558829,0.0028961191103426,-0.0042251329780055,0.0007427072146558,0.0006694633568095,0.3984048443759552,0.3984048443759552,0.3984048443759552,False,0.3378867315963946,2.972669047728751e-05,2.6301650036923307e-05,5.921281260579696e-05,2.251296497469613,0.4979686123814146,0.0578428939555033,0.444188493663082,0.1201500375406496,-0.61177046536948,-0.7818573183008457,5266.128125269671,True,body,high
-0.0125939809058973,0.0024889631914069,-0.003692150835014,0.0004881769295456,0.0003768282873087,0.2997751348691919,0.2997751348691919,0.2997751348691919,False,0.9868596294401178,6.963506886587587e-05,2.909789517166812e-05,7.20100155692444e-05,2.4747499825815145,0.032980783084053,0.5629379937465429,0.4040812231694041,-0.1591782197673684,0.6214072566385476,0.7671475188962327,7941.604447180063,True,body,high
-0.0128953771722509,0.0024145107782068,-0.0037431095253288,0.0007951254675657,0.0006440731870358,0.3779373795293476,0.3779373795293476,0.3779373795293476,False,0.1871187379725353,0.0001272658243691,9.770557153311572e-05,4.600196640951746e-05,2.76653009213165,0.2322717271708263,0.4062646463014441,0.3614636265277295,-0.1356198509091166,0.5455482279360975,0.8270334860422357,3701.2398557234537,True,body,high
-0.0126321805078158,0.0027193595044964,-0.0033642528974394,0.000638020044656,0.0001537934388587,0.1391548799178992,0.1391548799178992,0.1391548799178992,False,0.211468499633937,0.0001554763796512,9.517204821215762e-05,6.884834779051461e-05,2.258244164759087,0.387868122311257,0.169309965158004,0.4428219125307389,0.0306394312102103,-0.5875442418039724,-0.8086117666582091,15705.274905101816,True,body,high
-0.0125843245893303,0.0027065915336957,-0.0035437855819278,0.0005378428310745,0.0002635679909993,0.1273623697873829,0.1273623697873829,0.1273623697873829,False,0.5246287370690378,0.0001061515901675,9.276369416200973e-05,4.675625789067081e-05,2.27031834788354,0.1261205412412703,0.4334125960686445,0.4404668626900851,-0.0975700629572534,0.5779434451929298,0.8102230908663641,18674.96919076447,True,body,high
-0.0125083011951575,0.0026728695165633,-0.0033065815074653,0.0005532651049056,2.994055202010099e-05,0.1357177629883185,0.1357177629883185,0.1357177629883185,False,0.1486900445454295,9.8984933899858e-05,0.0001865221074933,6.653127785158612e-05,2.8035251015239555,0.4693125912521243,0.1739936165444763,0.3566937922033994,-0.0479349656628751,0.5687193235722313,0.8211337102216927,14539.75015484882,True,body,high
-0.012700776529159,0.0027489590377609,-0.0035844435433546,0.0006555460336647,0.0003722157530168,0.1433513915632465,0.1433513915632465,0.1433513915632465,False,0.813092611597287,9.303954348307902e-05,0.000131559496574,5.0252830039918565e-05,2.6179519933415545,0.2927949262050877,0.3252270992012682,0.3819779745936439,-0.0990336445979717,0.7047008714880754,0.7025589078231018,24708.21975670116,True,body,high
-0.0126947569518775,0.0026605642475502,-0.0034368067404151,0.0006455850666023,0.0002423670405236,0.1602941797428199,0.1602941797428199,0.1602941797428199,False,0.502625360938958,9.01862630850795e-05,0.000142324026013,6.410050098002419e-05,2.220326266364559,0.3663314226594856,0.1832843184372742,0.4503842589032401,0.0084948277369557,0.7327994827031759,0.6803916196218743,24994.167861020986,True,body,high
-0.012575579181022,0.0025584568044592,-0.0033007851300394,0.0005783238825057,0.0001213299496447,0.0912903137087947,0.0912903137087947,0.0912903137087947,False,0.9881225824675508,0.0001567960253969,7.214680679391515e-05,6.939329529249719e-05,2.2595270153418974,0.5398683951889396,0.0175611052285686,0.4425704995824917,-0.0678855100214565,-0.6615974666320581,-0.7467799874629537,15692.724232754152,True,body,high
-0.0112266324017711,0.0020865769279234,-0.0033842140866859,0.0009938788270847,0.0007958982797422,0.9899807261885004,0.9899807261885004,0.9899807261885004,False,0.9610881150821844,7.336840668859994e-05,6.97860475415255e-05,3.032155510233601e-05,2.4196782269570183,0.0488269993688042,0.5378949089993188,0.4132780916318769,-0.20978989966688,-0.94994687940189,0.2314932489563606,3004.005492696427,False,body,high
-0.0128957896198858,0.0029400258930028,-0.0034470937766362,0.0009346774308126,0.0004360428759507,0.0602253799222438,0.0602253799222438,0.0602253799222438,False,0.5945426432331439,7.041311672460145e-05,4.849799559294514e-05,0.0001150913225289,2.373115035411516,0.3881978660302894,0.190415060406885,0.4213870735628255,-0.986729833084844,-0.1391772541913829,0.0836297101280559,7526.255110574029,True,body,high
-0.0127290377483672,0.0027929388948721,-0.0036261423853276,0.0006987708490521,0.0004334382597691,0.1232365784983927,0.1232365784983927,0.1232365784983927,False,0.9671399722552296,0.0001042777800583,4.419820519253199e-05,4.341842328297728e-05,2.401694307937094,0.5761493467946017,0.0074779297096517,0.4163727234957465,0.0528393541628426,-0.6401904671118384,-0.7663968739959603,27783.17635229036,True,body,high
-0.0127026199629072,0.0026071980866364,-0.0033768323683727,0.0006598719904315,0.0002155215610006,0.1233384386788045,0.1233384386788045,0.1233384386788045,False,0.2475233058927383,0.0001218759350649,8.208827912361702e-05,4.731615914925644e-05,2.575778280745069,0.3264603132695322,0.2853075133810054,0.3882321733494624,-0.0106687792793325,-0.6976520988581847,-0.7163572615025684,15255.424345887144,True,body,high
-0.012470261331805,0.0024862094576998,-0.0034322793562557,0.0004122728163409,0.0001479203816575,0.1872741133921928,0.1872741133921928,0.1872741133921928,False,0.0853370404081198,8.588571569748117e-05,8.287061098134883e-05,3.494712340536824e-05,2.4575904202830103,0.0351060090918095,0.557991363136374,0.4069026277718165,0.052743354295324,0.5177384761073968,0.8539115931615336,12853.087535683171,True,body,high
-0.0120296512946364,0.0026285357088459,-0.0030438932498974,0.0006145472478061,0.0004947729811442,0.1253561378616048,0.1253561378616048,0.1253561378616048,False,0.8877352261724059,7.253812364861063e-05,0.0001056911668096,3.856775326600965e-05,2.740402482889495,0.3136784668177879,0.3214116317192728,0.3649099014629393,-0.0109458821136641,0.5586671307610284,0.8293197360921744,15174.0969181458,True,body,high
-0.0125467272060555,0.0021138396746792,-0.0036669625625203,0.0005639991258684,0.0005384188253988,0.2398361355112544,0.2398361355112544,0.2398361355112544,False,0.1231063285387172,5.020655596916864e-05,6.20297034415393e-05,2.6076170888880502e-05,2.378788807063319,0.1906046106364757,0.3890133878042821,0.4203820015592421,0.3601005110117076,-0.5400252835734088,-0.7607235470725005,6117.6146197794,True,wing_R,high
-0.0119865216122575,0.0025618027395645,-0.0030998448290128,0.0005540200047205,0.0004798823873396,0.2280514944075511,0.2280514944075511,0.2280514944075511,False,0.9509220350075912,2.739352960026008e-05,3.568829330215246e-05,1.4438225673446975e-05,2.471792179269369,0.2324225378800083,0.3630127060750124,0.4045647560449792,0.2397398258640458,-0.7697265867347123,-0.5916466830536673,12199.461308239996,True,body,high
-0.0121219576361571,0.0024397912621052,-0.0029435767219321,0.0006890408180297,0.0005387367147403,0.1427993490668324,0.1427993490668324,0.1427993490668324,False,0.8841185210302275,2.9757153525685576e-05,7.24718125185204e-05,4.8974395996100605e-05,2.435441698278187,0.3242283545263196,0.2651685090048493,0.410603136468831,-0.8443472614413379,0.2214583810211987,-0.487887166844941,10764.267314027722,True,body,high
-0.0115556848442094,0.0028113615763459,-0.0042538926232935,0.0009007481075094,0.0006061695838936,0.4349117902921563,0.4349117902921563,0.4349117902921563,False,0.305881746471553,4.931827683938213e-05,1.6549119180005305e-05,2.565072858919009e-05,2.9801149114309733,0.4798940629509746,0.184548406644996,0.3355575304040293,-0.2297423170871791,0.6545077363308909,0.7203041654901262,6593.891282309075,True,wing_L,high
-0.0121286922831445,0.0026126051628631,-0.003077336542896,0.0005731746189233,0.0004024392295036,0.1509911068640427,0.1509911068640427,0.1509911068640427,False,0.8504426799629992,6.034314791367003e-05,9.570404009798102e-05,8.29875811511292e-05,1.5859968100255573,0.1328727495080962,0.2366089583498876,0.6305182921420162,-0.3424859724222409,0.3475246979969502,-0.8728859850954879,14120.04756956468,True,body,high
-0.0116598400760552,0.0015464797875034,-0.0043500391441951,0.0012526973720628,0.0006448339669083,0.8798739065618122,0.8798739065618122,0.8798739065618122,False,0.3823639509988624,9.320170456295868e-05,9.619959398264882e-05,0.0002172630977775,2.3311064834740627,0.5572207385114872,0.0137984289571331,0.4289808325313795,0.3387104153604131,0.3305391463425904,-0.8809194783074603,5280.209908375897,True,wing_R,high
-0.0114256454711062,0.0027544837022112,-0.0041835816778249,0.0009242129347499,0.000563043467473,0.4147484011194766,0.4147484011194766,0.4147484011194766,False,0.206875329640111,3.929784062609948e-05,2.6909844960149523e-05,6.072595590853733e-05,2.2566445848523355,0.352865837381167,0.2039983641362219,0.4431357984826111,0.164047132345752,-0.6062629423662638,-0.7781605124153599,10852.86500898716,True,body,high
-0.0126392558364563,0.0026865553582925,-0.0035307262445845,0.0005811695505853,0.0002803407767866,0.1791825343594084,0.1791825343594084,0.1791825343594084,False,0.5594469623745626,5.500959445624376e-05,0.0001140922069927,0.0001035860931015,2.0740419579629865,0.0920844128459972,0.4257652641286447,0.4821503230253581,-0.7788719139476383,0.5176304397410113,-0.3541430071553997,24433.32817451797,True,body,high
-0.0119334512040007,0.0025539060936305,-0.0027977320502646,0.0008568561093298,0.0007435194278907,0.132479221286645,0.132479221286645,0.132479221286645,False,0.8647188956669868,0.0001130168552138,0.0001141613746767,3.974260881590397e-05,2.8725183896592514,0.0100254527079261,0.6418479683292065,0.3481265789628673,0.0450929648417699,0.6890432620991116,0.72331598038312,6933.653241214144,True,body,high
-0.0119440309512664,0.0025866037201891,-0.0030955082475411,0.0005736617073591,0.0005124418019559,0.2140034488030619,0.2140034488030619,0.2140034488030619,False,0.5647271085906248,4.777575585246469e-05,4.450180081020906e-05,0.0001081315422005,2.4298239673871205,0.5581700317945807,0.0302775210232734,0.4115524471821458,-0.8478713641687041,0.530071341697893,0.0117695596050332,10450.754849366202,True,body,high
-0.0121153079765901,0.0025013053894829,-0.0031432735025137,0.0004897232006199,0.0003703879310988,0.1495137475223963,0.1495137475223963,0.1495137475223963,False,0.4916482662264342,0.0001026645296674,9.4334382097549e-05,4.5601989634001855e-05,2.251316894096667,0.0811394899181192,0.4746760407065703,0.4441844693753104,0.1068385724971718,0.4410255761721224,0.8911127653607113,12633.79039810618,True,body,high
-0.0124027725823584,0.0025812530400938,-0.0033164830008896,0.0004447983553675,5.542421311900685e-05,0.1242572316300123,0.1242572316300123,0.1242572316300123,False,0.2958808881755795,9.505635021207374e-05,0.000163706892454,7.157047476892748e-05,2.287352333244117,0.4193503475198627,0.1434629604842805,0.4371866919958567,-0.0058940098398588,0.5948612371711979,0.8038067984031733,22063.070327126243,True,body,high
-0.0122804321577181,0.002645482388596,-0.0031850076999029,0.0005098456295665,0.0002225483168963,0.1316598336485098,0.1316598336485098,0.1316598336485098,False,0.8506200366955953,6.935935397224332e-05,9.7087889945341e-05,5.026917506566725e-05,1.9313603180977976,0.2856024164157695,0.1966278072097719,0.5177697763744585,-0.0649702172969899,0.6790748459077802,0.7311882278317304,11737.055429740252,True,body,high
-0.0121233995438171,0.0026296470507916,-0.0031502881392802,0.0005078936471294,0.0003537798128961,0.159123746075197,0.159123746075197,0.159123746075197,False,0.1181784690329175,6.825773315040263e-05,7.006666593662395e-05,2.591675779729035e-05,2.703527442925348,0.0258173093016516,0.6042955631913491,0.3698871275069993,0.4353771566640844,-0.7027767510808898,-0.5626291581452971,15755.071978125628,True,body,high
-0.0127916745456004,0.0025001966917669,-0.0037999803938402,0.0007028346883952,0.0005873262125153,0.1696547234199871,0.1696547234199871,0.1696547234199871,False,0.2622426891506719,8.364300748016227e-05,0.0001690686936848,9.249391098645684e-05,2.021312943881974,0.4529211235353927,0.0523509309345701,0.494727945530037,-0.2477119553454396,0.8441313380440526,-0.4754798327068102,5665.994283947563,True,body,high
-0.0123778802953945,0.0026985132760917,-0.0034601362879349,0.0003924210256584,0.0001222509329537,0.323819114437672,0.323819114437672,0.323819114437672,False,0.7732531535110642,6.778489630636672e-05,2.5807348563428607e-05,4.693885382878712e-05,2.626573440497648,0.3075322618089132,0.3117435655555281,0.3807241726355587,-0.1825250400792462,-0.9812948731041168,0.0611962561244098,7906.229565052855,True,body,high
-0.012931195793975,0.0027014365000609,-0.0032784235737387,0.0009238199859231,0.0002877506254303,0.1316043469209827,0.1316043469209827,0.1316043469209827,False,0.9113001150583694,8.500371440861793e-05,0.0001431382196395,5.310703487571389e-05,2.6952779415111845,0.4061424361525667,0.2228383139962207,0.3710192498512125,0.0930369861633901,0.7078972356240293,0.7001611407393948,6989.647902227745,True,body,high
-0.0122276332887996,0.0025746534063299,-0.0032454032592229,0.0004176153346306,0.0002115063502608,0.163802689595152,0.163802689595152,0.163802689595152,False,0.7684664048761302,3.70863197551175e-05,3.810265158255736e-05,9.049918694486412e-05,2.440230994674963,0.5789724430809408,0.011230286831848,0.4097972700872112,0.6699375977082394,0.705247950519882,-0.2319675483002299,23873.279493708105,True,body,high
-0.0122016017715424,0.0027728350399452,-0.0038550671024312,0.0003880218618123,0.0003871421324748,0.1539828166990203,0.1539828166990203,0.1539828166990203,False,0.5009146940702218,0.0001525103496899,6.627594201959255e-05,8.18860042022984e-05,2.30114193842567,0.4630790345129403,0.1023541170447808,0.4345668484422789,0.6070791769535572,-0.7085052647811341,0.3598265730693142,9732.667546373785,True,body,high
-0.0124558085076855,0.0025682039863031,-0.0033265251058132,0.0004719358967633,5.996658130404814e-05,0.0842522090476701,0.0842522090476701,0.0842522090476701,False,0.3067785780735866,6.693406199477457e-05,4.791469533759112e-05,0.0001096705083663,2.288869992675093,0.3896803890872398,0.1734228001719891,0.436896810740771,-0.9335030073264518,-0.2517065813077426,-0.2553741025218492,33106.53227874576,True,body,high
-0.0103332869974512,0.0026265906866984,-0.0035923739027918,0.0017840831591739,0.0013417144103199,0.9951472803442988,0.9951472803442988,0.9951472803442988,False,0.6769380763669294,5.63064837562878e-05,5.323197536675558e-05,2.3461023862155773e-05,2.400001128983718,0.0546030969157949,0.5287304324215638,0.4166664706626412,-0.6574774344043497,-0.6545738401623881,0.3731708871604783,1161.6023098588855,False,wing_L,high
-0.0109497536055184,0.0020750231938469,-0.0035059603138248,0.001231699466373,0.0008712867515924,0.9966952591573432,0.9966952591573432,0.9966952591573432,False,0.9215816975441308,5.864168287301981e-05,5.390642455858028e-05,2.555087207844303e-05,2.2950951612526413,0.0807490181462401,0.4835392009730884,0.4357117808806714,-0.4606644975233077,-0.8283124772977988,0.3188834593928978,3159.4889657257527,False,body,high
-0.012098179539079,0.0025488145220571,-0.0029527122463988,0.0006839666723091,0.0005207924795917,0.1123657869828995,0.1123657869828995,0.1123657869828995,False,0.915656989726194,0.000131687972604,6.977114122564331e-05,4.854038028735631e-05,2.7129571673006163,0.4701783325694453,0.1612201973988708,0.3686014700316838,-0.1345826870451702,-0.7022388894027695,-0.6991051727444637,9131.958385789265,True,body,high
-0.0119255024218854,0.0026295028925719,-0.0029403878125373,0.0007334763919015,0.000641201683646,0.1348608125170634,0.1348608125170634,0.1348608125170634,False,0.543077225404255,5.56908961416214e-05,6.725969919716389e-05,2.8954615530866065e-05,2.3229353235743715,0.1720020040772098,0.3975081799337382,0.4304898159890519,0.4854192130638355,-0.7322671637530994,-0.4776536281422738,10881.909633303843,True,body,high
-0.0122151175361384,0.0025403088370097,-0.0032489827631756,0.0004034564706233,0.0002209230954628,0.1402679773004107,0.1402679773004107,0.1402679773004107,False,0.772266396026222,0.0001063623152468,5.674447511075301e-05,3.913179302767521e-05,2.7180537107416987,0.4664983083617652,0.1655913754998824,0.3679103161383523,-0.1089951023311296,-0.7276734666943273,-0.6772085303190487,22171.69365575764,True,body,high
-0.0120964294486295,0.0020234289532449,-0.0027184200724186,0.0010164134376372,0.000928315603324,0.5242552747083189,0.5242552747083189,0.5242552747083189,False,0.1289137339615243,6.989108083903463e-05,4.171807272206618e-05,2.4510152841486352e-05,2.851515504249964,0.4030987613691852,0.2462105274950776,0.3506907111357372,-0.4915526991552019,0.7868843500100133,-0.3730803715857402,2578.49115852579,False,body,high
-0.0113817473365266,0.0026368317483702,-0.0038479473428502,0.0007779128158619,0.0005035369018498,0.4140734387074302,0.4140734387074302,0.4140734387074302,False,0.125573324520005,4.527106728410428e-05,2.016857874249863e-05,2.560973786275884e-05,2.244633489652418,0.4343023171501191,0.1201906525886286,0.4455070302612522,-0.1818605350617906,0.7654671930717089,0.6172412187451178,8775.65622643218,True,body,high
-0.0123720626038983,0.0019014223723466,-0.0037246387332579,0.0006319596656478,0.0006289044784644,0.3414215557367421,0.3414215557367421,0.3414215557367421,False,0.1806124002245901,1.1179949137149124e-05,2.703545073543638e-05,2.240661475818399e-05,2.418208741719768,0.1712135677910189,0.4152572017717335,0.4135292304372475,0.5026826148805625,-0.6625419975232678,-0.5552911760641601,8149.021886102143,True,wing_R,high
-0.012460204886749,0.0023425661731322,-0.0034433139421276,0.0004173845644897,0.0002643345685837,0.1158480331175355,0.1158480331175355,0.1158480331175355,False,0.2616192973732827,0.0001315804508831,5.94796669387722e-05,0.0001377589545522,2.3160680219357315,0.0448501056737086,0.5233836463021007,0.4317662480241908,-0.9899585884720974,-0.1346157259879039,-0.0431346661872127,9601.005342902128,True,body,high
-0.0122703079999367,0.0027454491332552,-0.0031335643011306,0.0005920386509318,0.0002884078969792,0.0715222758768249,0.0715222758768249,0.0715222758768249,False,0.9749262382795524,8.081800757759033e-05,0.0001422081591266,0.0001383120430955,1.759609812084071,0.0273972749170144,0.4042949143782895,0.568307810704696,-0.2526859265650143,0.3480507056568345,-0.9027793356118424,7792.3748950546815,True,body,high
-0.011596719687108,0.00254818312741,-0.0034287187614648,0.0005576449896071,0.0005172207074701,0.3021018951243177,0.3021018951243177,0.3021018951243177,False,0.1527565304908939,4.606887426192079e-05,2.205073495321268e-05,1.9530689737571112e-05,2.3587940252462394,0.5213528590291779,0.0547016886350218,0.4239454523358002,0.4201885702193498,0.5877083617437819,0.6914046911856027,4155.973813709154,True,body,high
-0.0114195194929934,0.0026201329282331,-0.0038575813340713,0.0007419505238379,0.0004653142003363,0.4202593260832994,0.4202593260832994,0.4202593260832994,False,0.182629865178752,2.6012635627254696e-05,2.4510970969754222e-05,5.517209661315967e-05,2.2509143632555526,0.5285182687610579,0.0272178283894016,0.4442639028495404,0.1764952585556482,-0.6361953046773743,-0.751069209869395,9389.08637053394,True,body,high
-0.0120806265868139,0.002468014242317,-0.0030280305779792,0.0006045779829393,0.000487945571555,0.1711269040003977,0.1711269040003977,0.1711269040003977,False,0.6415155411738267,4.566078174209562e-05,0.000122954645586,0.0001089485574365,2.692784505541077,0.1139126389469795,0.5147245587410456,0.3713628023119748,-0.8753242279164377,0.4408984643400305,-0.1985347328935052,10280.511982051072,True,body,high
-0.0122384294618526,0.0025756748158121,-0.0032212643480911,0.0004433045207176,0.0002229565847402,0.130782907955345,0.130782907955345,0.130782907955345,False,0.184377925362332,0.0001582710285137,9.731667175838624e-05,6.899347538885767e-05,2.2939999416141137,0.3851264336106559,0.1789537645360031,0.4359198018533409,0.0621705215000343,-0.6200607656929856,-0.7820866148353658,22799.578831692565,True,body,high
-0.0124754758779259,0.0030016288913556,-0.0037095470590468,0.0006506934654284,0.0005234579978223,0.1499560271832661,0.1499560271832661,0.1499560271832661,False,0.1494938014508811,8.81037380603287e-05,0.0001510942204029,6.0004169278517626e-05,2.5180620316827924,0.4168953794169326,0.1859738162510901,0.3971308043319772,-0.1552924121455783,0.5930416446212763,0.790054349063974,4838.401952722743,True,body,high
-0.0124926001866435,0.0025085187750947,-0.0035598546660092,0.0003913787634199,0.000213286163283,0.1342008231143694,0.1342008231143694,0.1342008231143694,False,0.269010100160826,9.301501303198232e-05,0.0001234888607621,4.52026884181547e-05,2.7318919534120503,0.2467740615800324,0.3871792509764798,0.3660466874434877,-0.1346901347599903,0.7096398223134007,0.6915705966749459,12715.79158508996,True,body,high
-0.0122614628471203,0.0024237406882807,-0.0032539155033885,0.0004097166338016,0.0002449965797968,0.1719834509318161,0.1719834509318161,0.1719834509318161,False,0.1429684496679028,8.40493733569627e-05,0.0001484952460687,7.081103318151171e-05,2.0970636833969096,0.4339928342349554,0.0891499258455782,0.4768572399194664,0.0473921895377211,0.5448352226190373,0.83720281925259,11028.849035396926,True,body,high
-0.0120655779042737,0.002440153367703,-0.002892989792509,0.0007407969161635,0.0006091267190068,0.1267288458723033,0.1267288458723033,0.1267288458723033,False,0.7420306761392628,8.264441575500757e-05,0.0001155469562387,9.064066787798873e-05,1.398121762773584,0.2155512284488499,0.0692034856068077,0.7152452859443423,-0.5033951980188496,0.6573755192609944,-0.5607590403086706,8126.742010256792,True,body,high
-0.0122177895476216,0.0025335046001748,-0.0034323081934499,0.0002358684332133,7.835654657930396e-05,0.340141006136218,0.340141006136218,0.340141006136218,False,0.1956540728723444,6.65882161082314e-05,2.891201201105369e-05,4.559790180928055e-05,2.3031332472735992,0.3152256589188925,0.2505832228799444,0.4341911182011631,-0.0280149043917479,-0.9989645823990188,-0.0358458957800695,8158.157545754009,True,body,high
-0.0120016636182795,0.0025251532090254,-0.0028134352636574,0.000827505396266,0.0006914495305176,0.1264266281630396,0.1264266281630396,0.1264266281630396,False,0.156700412205915,9.88606408059942e-05,0.0001752822242994,6.475690152894603e-05,2.7067728714775736,0.4359916346276158,0.1945647336079946,0.3694436317643895,-0.020982113880305,0.7354565054050312,0.6772469856370961,6632.147811028778,True,body,high
-0.0122692854416149,0.0024746281834722,-0.0032020441369135,0.0004584678126841,0.0002515163320217,0.1691916614575344,0.1691916614575344,0.1691916614575344,False,0.2085858301948513,3.78405823561106e-05,4.4454377925075056e-05,0.0001125345958614,2.9739128960114143,0.6049714526915937,0.0587712206929593,0.336257326615447,0.5951545468258237,0.7670390165184809,-0.2396710506734386,11988.448119081731,True,body,high
-0.0116534955607657,0.0026073242658139,-0.0038851178667984,0.0005400228233448,0.0003208484127755,0.3869523417789806,0.3869523417789806,0.3869523417789806,False,0.255972220166502,2.590674969092905e-05,2.0035495559014645e-05,4.718106999025829e-05,2.3548741208464863,0.4509079659219652,0.1244408855739531,0.4246511485040816,0.2054408909309778,-0.6901036846813122,-0.6939387182761617,8110.224353121725,True,body,high
-0.0126303650465057,0.0026442511083874,-0.0034393887484035,0.0005819158144756,0.0002015412020692,0.1013640467904424,0.1013640467904424,0.1013640467904424,False,0.4487283380559942,0.0001342329169963,8.676106353740032e-05,7.090381351250863e-05,1.8931692153999533,0.3536528485053665,0.1181323506910305,0.5282148008036031,-0.0789300955796007,-0.6347560641444016,-0.7686707871668494,17835.555353250384,True,body,high
-0.0128258911800873,0.00274875377539,-0.0035173332924259,0.0007771705936888,0.0003941479083179,0.0877900764231121,0.0877900764231121,0.0877900764231121,False,0.6341113240094131,4.297823567946978e-05,3.74917177680617e-05,8.665902021452637e-05,2.311417704321596,0.5040535241100559,0.0633115617719434,0.4326349141180007,-0.5947256833491278,0.7820336840320912,0.1863455891726669,10559.341744669297,True,body,high
-0.0110387319443804,0.0018411077229962,-0.0033703870240179,0.0012688826352273,0.0009842317436681,0.9912041244596717,0.9912041244596717,0.9912041244596717,False,0.1104812755187013,6.323943790481592e-05,5.973131595485013e-05,2.533900524578686e-05,2.4957348282380107,0.0554736421795208,0.5438427640806746,0.4006835937398045,-0.4083573990056988,-0.8399468864763775,0.3573981849085695,2906.501531822674,False,wing_R,high
-0.0107331860094651,0.0016309296749581,-0.0036532452675156,0.0016118898259719,0.001001072004008,0.9975934379485668,0.9975934379485668,0.9975934379485668,False,0.7624019113443,7.108784075527034e-05,4.9027482335524606e-05,2.7616938097846424e-05,2.5740667015078613,0.310325340949538,0.3011843377179921,0.3884903213324699,-0.3654141235093389,-0.8297957017561882,0.421795698990467,2244.829410707782,False,wing_R,high
-0.0122564798242217,0.0027878150918017,-0.0038605516515167,0.0004188545919065,0.0004135621990463,0.1630466913396764,0.1630466913396764,0.1630466913396764,False,0.5012293273724966,4.642736313310609e-05,0.000114363239748,5.735808646759755e-05,2.4632723469603817,0.4984569640213742,0.0955789933773374,0.4059640426012884,-0.4519336079963023,0.8110477029192764,-0.3714264901064672,12121.485437029252,True,body,high
-0.0120622269719267,0.0023033508675463,-0.002810472029551,0.0008393051367975,0.0007235415902492,0.1835743929139706,0.1835743929139706,0.1835743929139706,False,0.1275098562459225,0.0001197412267078,0.000123698725088,5.0572398220019056e-05,2.445973088915439,0.0319930409740719,0.5591717169164547,0.4088352421094733,-0.0767646562705878,0.7630128910268545,0.6418087843544211,5350.791258116246,True,body,high
-0.0116962380424457,0.0025747988479694,-0.0026207592048666,0.0010976174035941,0.0010310986776692,0.1503958856051166,0.1503958856051166,0.1503958856051166,False,0.1039547828481984,0.000103075734563,0.000107999883712,3.899827010056151e-05,2.769350625900964,0.0455940226946005,0.5933104949756147,0.3610954823297848,0.0792914321314412,0.5417957789648371,0.8367617359119801,6690.304266180398,True,body,high
-0.0123478923769793,0.0019892258795175,-0.0035765032795092,0.0005383347367569,0.000536628439471,0.1404702852718062,0.1404702852718062,0.1404702852718062,False,0.0936811402809213,8.565749891281241e-05,0.0001309578919404,5.543760343413019e-05,2.3622574539331924,0.3459157165438153,0.2307603996284563,0.4233238838277283,-0.1223365232106994,0.7113367187417645,0.6921227114164205,6817.699517223076,True,wing_R,high
-0.0124890172227006,0.0026023475644995,-0.0033560001896685,0.0004874515647012,5.401480544026851e-05,0.0993160148632606,0.0993160148632606,0.0993160148632606,False,0.1883943445327653,9.319961581067528e-05,0.0002513577484211,0.0001047963889127,2.6969826670934984,0.5830787410730713,0.0461365252312959,0.3707847336956327,-0.4519939068657574,0.77276150013289,-0.4455795911715375,22225.9611987585,True,body,high
-0.0112226021646015,0.0026793162016001,-0.004112700451298,0.0010309322746878,0.0005733787472126,0.3587529695930826,0.3587529695930826,0.3587529695930826,False,0.1027973643634043,2.253059529830116e-05,1.941966079697283e-05,4.415679047658295e-05,2.273818834336498,0.4897592181150598,0.0704520067638999,0.4397887751210402,0.1897203643520051,-0.683416154558592,-0.7049457731191027,16631.692906034736,True,wing_L,high
-0.0122690184246201,0.001968048868264,-0.0036793561728818,0.0005276748335636,0.0005209093374101,0.0769530477406109,0.0769530477406109,0.0769530477406109,False,0.1715696475874821,7.700765139616181e-05,4.82461198696158e-05,0.0001054929380744,2.1865579731507343,0.2700207918962083,0.2726394017601053,0.4573398063436863,-0.9220689465153667,-0.3590163960664136,-0.1445547827902125,7760.059085376484,True,wing_R,high
-0.0122060260745059,0.0025284558260563,-0.0044007839842359,0.0007771496606135,0.000670067158802,0.990963379318844,0.990963379318844,0.990963379318844,False,0.9338549132895034,0.0001124881889471,9.733681326748996e-05,4.177934749215523e-05,2.6924352748276608,0.1346930359665435,0.4938959929511493,0.3714109710823071,-0.5477366877434149,-0.7774360028079811,0.3091565662214237,2357.9519150080864,False,body,high
-0.010806191169305,0.0014675360918875,-0.004148279009799,0.0017231478529011,0.0006965808958535,0.9971519653673702,0.9971519653673702,0.9971519653673702,False,0.2409771425639529,5.433797488428735e-05,4.550376593179875e-05,2.3894587902745348e-05,2.274070392234897,0.1625789141259136,0.3976809602321418,0.4397401256419446,-0.433006384669055,-0.8719318768180032,0.2285613113028294,1957.1220593815565,False,wing_R,high
-0.0091203702447394,0.0042619373395654,-0.0037411413724427,0.0034877484029313,0.0031092371055863,0.9962203936546712,0.9962203936546712,0.9962203936546712,False,0.075059012724335,5.473345193839786e-05,5.4477032072270994e-05,2.3625691259134828e-05,2.316692084818271,0.00468488386984,0.563665175875608,0.431649940254552,-0.6338182398088109,-0.7723937702514199,0.0410158818320095,477.3682493611431,False,wing_L,high
-0.0123826424789157,0.0026064957519968,-0.0031747828205775,0.0005497604821642,0.000165606602397,0.1048075194724489,0.1048075194724489,0.1048075194724489,False,0.2149142555139461,5.142403800936006e-05,8.918283732772769e-05,8.413301737469262e-05,1.7342636008377033,0.0566232259967024,0.3667631614492608,0.5766136125540368,-0.4551022550971604,0.5190304113416794,-0.7235256522805299,11070.04985948371,True,body,high
-0.0114626522574076,0.0011044517102737,-0.0045036782175069,0.0017437921880994,0.0009590900371788,0.5000321269026751,0.5000321269026751,0.5000321269026751,False,0.0559194142447386,6.0009090781756015e-05,3.410360248081382e-05,2.288055586165304e-05,2.6227112288967174,0.4316927312756085,0.1870224406494894,0.3812848280749021,0.0713714549561826,0.9414321828301772,-0.3295626807589804,9186.309373455391,True,wing_R,high
-0.012286444590702,0.0024059459695967,-0.0032891760720819,0.0003906079816424,0.000226792531971,0.1734872757610769,0.1734872757610769,0.1734872757610769,False,0.1042075619739501,3.1173394646923486e-05,7.694980224275856e-05,5.364983707415472e-05,2.4684447463713344,0.3027943476072612,0.2920922701831426,0.4051133822095961,-0.8615159240711847,0.1148928668830135,-0.4945603519401598,10640.976586833847,True,body,high
-0.012149974852901,0.0028695935033339,-0.0040243039336101,0.0005622399630518,0.000555926925505,0.2221373154478857,0.2221373154478857,0.2221373154478857,False,0.1122542005605812,2.707301688047053e-05,6.975371019971706e-05,3.0115646263612705e-05,2.576503036498854,0.5682574277785892,0.0436196063898334,0.3881229658315773,-0.9814750255771664,0.1720565499628864,-0.0842811828534124,6895.527251743145,True,body,high
-0.0113613145035962,0.0011264395854097,-0.004593605257431,0.0018131828069298,0.0008951859452229,0.507059871641944,0.507059871641944,0.507059871641944,False,0.2463370063412441,2.530913056968432e-05,2.879572451046072e-05,6.496535739494118e-05,2.566874322927463,0.5567526191627935,0.0536685101196395,0.3895788707175668,-0.958517294889842,0.2230797095798131,0.1774261496252605,9466.731962756823,True,wing_R,high
-0.0116179752322531,0.0025305202101653,-0.0032411327832043,0.0006312916481077,0.000625952964675,0.4251093620868759,0.4251093620868759,0.4251093620868759,False,0.1214461490940942,6.936405051389349e-05,2.7780953153386884e-05,6.352595358535762e-05,2.49682039816683,0.0841660324805644,0.515324583370619,0.4005093841488165,0.1500749031582759,-0.8352982952526709,0.5289180289893849,4680.845863773354,True,body,high
-0.0129287468145872,0.0026455630508605,-0.0033743512293193,0.0008763297576619,0.0003632499967133,0.1014782821925086,0.1014782821925086,0.1014782821925086,False,0.1853094530145265,9.007263172818317e-05,9.227725902282714e-05,3.678346671181141e-05,2.5086612892089453,0.0238913391878989,0.5774896825141861,0.398618978297915,-0.0748466195374202,0.7166865622596693,0.6933674026230521,9100.432192943572,True,body,high
-0.012437542704222,0.0025752435759796,-0.0033482939080119,0.0004461483487942,4.428019488005094e-05,0.0682766722280116,0.0682766722280116,0.0682766722280116,False,0.4281834794357668,9.280271602865928e-05,4.242295204492352e-05,0.0001108853055982,2.6138045622294444,0.1630747146525984,0.4543412106042425,0.3825840747431591,-0.8726128168935349,-0.4316132225816671,-0.2285976769037651,23324.97381761932,True,body,high
-0.0107457939333019,0.001737337526526,-0.0035022182019916,0.0015533751188716,0.0010716581579643,0.9972072166966592,0.9972072166966592,0.9972072166966592,False,0.6153957827846076,6.044307583992465e-05,4.628717416553542e-05,2.130976229390161e-05,2.8364031004335577,0.2342022055905829,0.4132385972180357,0.3525591971913813,-0.652721198500285,-0.7349247474667997,0.1839582903519501,2530.9838278235625,False,wing_R,high
-0.0107594084872369,0.0011523926449248,-0.0049762144710645,0.0023161255434012,0.0006179722129233,0.9971915795279924,0.9971915795279924,0.9971915795279924,False,0.9733935583052604,6.438858437454387e-05,6.07459970382877e-05,2.6979636634850327e-05,2.386562326468526,0.0565719431734589,0.5244153250368238,0.4190127317897172,-0.6845448110247407,-0.728969702269596,0.0012549390736152,1412.1731265005185,False,wing_R,high
-0.0124816111518448,0.0026260331749119,-0.0032585253551619,0.0005497429057117,4.223516178484996e-05,0.1011722981114369,0.1011722981114369,0.1011722981114369,False,0.1069433338154388,7.375537573634991e-05,8.778754285143238e-05,5.825240004702872e-05,1.507020187675686,0.1598423496011257,0.1765965327854968,0.6635611176133773,0.6363686387458782,0.7477119645793159,0.1896358975659875,16586.438220583284,True,body,high
-0.0123306003281691,0.0018880514463605,-0.0038684629787196,0.0006648867497027,0.0006384047744321,0.4431193786208717,0.4431193786208717,0.4431193786208717,False,0.1240536017956375,7.41024668494342e-05,3.566403458946661e-05,2.517072456017537e-05,2.943994189451251,0.5187200088503002,0.1416054076932711,0.3396745834564286,0.047266883502352,0.9820688640196634,-0.1825009261540962,11525.83911530941,True,wing_R,high
-0.0126063928977515,0.0022679346672128,-0.0037214584392714,0.0005430254372686,0.0004932137065265,0.3866388249542932,0.3866388249542932,0.3866388249542932,False,0.1044026855831812,5.0852468482069314e-05,2.134855270312197e-05,2.721287609467965e-05,2.3820101151228266,0.4648661725384093,0.1153203289162934,0.4198134985452972,-0.2648895013635433,0.7022562965771326,0.6608098410171747,5458.267179657994,True,wing_R,high
-0.0121869123253399,0.0023136367645029,-0.0029436752211004,0.0007097101237451,0.000562051220552,0.1529415494074164,0.1529415494074164,0.1529415494074164,False,0.0720165136811899,0.0001048717219905,5.527252702508325e-05,0.0001277523539547,2.311317409041319,0.1791014510174399,0.3882448614845816,0.4326536874979784,-0.9974910484166613,0.0707899580094095,-0.0006246388204431,6560.044154403807,True,body,high
-0.0118380646926575,0.0026316814330953,-0.0028435279237412,0.0008496667388116,0.0007715668530274,0.1066098292674854,0.1066098292674854,0.1066098292674854,False,0.2963912395947654,8.540968581025632e-05,0.0001107297530618,7.619262257085439e-05,1.4532870680348329,0.2286654359056964,0.0832392648275026,0.6880952992668009,0.7366630005739485,0.6754033249081657,-0.0340289918801863,7041.786189861398,True,body,high
-0.0123105807631991,0.0021083447800254,-0.0036613135321335,0.0004136933726357,0.0004136819300411,0.4943337143008715,0.4943337143008715,0.4943337143008715,False,0.2313698912398133,3.07642929832213e-05,2.678326460645265e-05,6.512192217188295e-05,2.4314407944203227,0.5275892977786811,0.0611319236901686,0.4112787785311502,0.1571769005126796,0.931181967789912,-0.3289309423087686,14559.140219849063,True,wing_R,high
-0.0121462956561051,0.0024444734960177,-0.0033244725936526,0.0003105294831235,0.0002288400066383,0.1725077164361471,0.1725077164361471,0.1725077164361471,False,0.1093574289181953,0.0001229189454994,0.000117921860492,4.405991481348598e-05,2.789813507805748,0.0406534972058656,0.600899604031169,0.3584468987629652,0.0493310924812042,0.6610507867140505,0.7487177710588588,8158.341890171574,True,body,high
-0.0124671810266481,0.0027321838132407,-0.0026809116929404,0.0010494214764668,0.0004769115428188,0.1292528530367078,0.1292528530367078,0.1292528530367078,False,0.0668932816654607,0.0001089791607082,0.000182681974394,7.699670958090619e-05,2.372594561357714,0.4034487470932794,0.1750717400194655,0.4214795128872551,0.1145973583947756,0.761036247402859,0.6385070677666095,4517.197104419249,True,body,high
-0.0119410402216157,0.0024950749897842,-0.0026210982163262,0.0010251472626173,0.0008821678269252,0.1370625931219746,0.1370625931219746,0.1370625931219746,False,0.0892085485122138,7.597878549829298e-05,8.245712537364122e-05,3.302642728730604e-05,2.4967013433310195,0.0785661620629228,0.5209053555572696,0.4005284823798075,-0.0952258921464318,0.8233057332388422,0.5595531244492953,5482.691697512519,True,body,high
-0.0114410252793204,0.0025506383627136,-0.0024906485437898,0.0013253616956102,0.00129763413921,0.3783167658252735,0.3783167658252735,0.3783167658252735,False,0.0409775376149957,2.3617581413975647e-05,1.985763610503697e-05,3.330679522582517e-05,1.6772789595724722,0.2909080188038257,0.1128882344712444,0.5962037467249298,0.079189213274527,-0.6194536213461397,-0.7810289876196117,5946.638164339639,True,body,high
-0.0124742397378451,0.0025606748933153,-0.0033327424741912,0.0004802245982912,7.254751315963808e-05,0.0627342543427773,0.0627342543427773,0.0627342543427773,False,0.5597342449706477,9.411063681032884e-05,4.7426390413667306e-05,0.0001055985264762,2.2265773455486104,0.1087883519707451,0.4420918355065922,0.4491198125226627,-0.7490865710875064,-0.5792239260401537,-0.3215104236552726,32956.04163324922,True,body,high
-0.0118574382909907,0.0016582187343592,-0.005016686265122,0.0016243968582882,0.0009541010602062,0.9906979173630268,0.9906979173630268,0.9906979173630268,False,0.0137992768669983,6.610752366179705e-05,6.546146341488153e-05,2.909969897206891e-05,2.27175970876021,0.0097728701837439,0.5500397296507078,0.4401874001655483,-0.4302516853709421,-0.8874574147972907,0.1652356624847468,1637.9393720781568,False,wing_R,high
-0.0109218343944094,0.0017540288540481,-0.0052833623368017,0.0021563975911613,0.0004468533922192,0.9886619243743024,0.9886619243743024,0.9886619243743024,False,0.0109614223933579,5.931154746581113e-05,6.597356275935045e-05,2.956846879200403e-05,2.2312133652721022,0.1009800746677896,0.4508332948805559,0.4481866304516544,-0.3698434426434827,-0.8637007557658787,0.3423986454749301,1210.4739832792666,False,wing_R,high
-0.0102190612394451,0.0008002270564777,-0.0040822713633488,0.0025618127431316,0.0013600392660798,0.9971650131554188,0.9971650131554188,0.9971650131554188,False,0.2821163175419025,5.057051730070332e-05,5.079992523056872e-05,2.0876399948758907e-05,2.433366162521175,0.0045159107779031,0.5845307294680043,0.4109533597540925,-0.6240734032694895,-0.7606222391916416,0.1788468523031092,933.9268321679826,False,wing_R,high
-0.0107962746504631,0.0017392600003198,-0.0036463020127272,0.0015027897983113,0.0009325462811638,0.9852477083304464,0.9852477083304464,0.9852477083304464,False,0.0229851374610963,3.575840613147285e-05,5.517530629542186e-05,2.437811545061904e-05,2.263313027915814,0.3519128658749306,0.2062569552386533,0.441830178886416,-0.3630326173295045,-0.906394398738037,0.2160011867819291,2658.7730596245087,False,wing_R,high
-0.0107705192524304,0.0019135420798154,-0.0054125567034228,0.0022963643361293,0.000487207856225,0.997302620239686,0.997302620239686,0.997302620239686,False,0.3120388410800961,2.693742138713293e-05,6.298376000860866e-05,2.503028240839016e-05,2.516302412452865,0.5723116342458578,0.0302798527506472,0.3974085130034949,-0.4522526871173734,-0.8697097614743036,0.1976674930063739,1051.1161587703907,False,wing_L,high
-0.0110070689948321,0.0018001278807717,-0.003698794723678,0.0012915594066677,0.0007626296419469,0.998611804354446,0.998611804354446,0.998611804354446,False,0.984562530910077,4.882656274267963e-05,5.198081036718419e-05,2.0949954672893607e-05,2.481189634001466,0.0606810013584524,0.5362865232933093,0.4030324753482382,-0.3437603751593585,-0.9030231502301512,0.2576392722756193,2656.5921093050265,False,wing_R,high
-0.0126680301364846,0.001293029715208,-0.0048108296343295,0.0017561568598188,0.0015946494921174,0.9894717279413192,0.9894717279413192,0.9894717279413192,False,0.0211333973712514,5.459920727897259e-05,5.75890050873527e-05,2.400101468569642e-05,2.399440433727716,0.0519161219028718,0.531320041852849,0.4167638362442792,-0.1747120246715855,-0.9497004338102316,0.2598938138082799,1149.5412468577397,False,wing_R,high
-0.012479181784008,0.0025550421671581,-0.003528862942107,0.0003928891074992,0.0001713102799877,0.100175151175297,0.100175151175297,0.100175151175297,False,0.23221625373637,5.381776531512017e-05,9.940495581254243e-05,8.714866191409164e-05,1.847065838399174,0.1232966082854428,0.3353041739873288,0.5413992177272283,-0.383389520998455,0.522950116241121,-0.7612723895636652,14692.14905964494,True,body,high
-0.0124610055183225,0.0024984269684873,-0.003309528258485,0.0004775251114983,0.0001310542205111,0.4859205486975535,0.4859205486975535,0.4859205486975535,False,0.040360626589771,6.104566234353005e-05,6.108374858246568e-05,2.2430260912537297e-05,2.723274099247021,0.0006235085406425,0.6321714421121406,0.3672050493472168,-0.3717096975250976,-0.8238310805571466,-0.4279418786165294,16598.611243900184,True,body,high
-0.0115146617519945,0.0027361211408107,-0.0040819711889097,0.0007926700152181,0.0005029938355651,0.3619292989032864,0.3619292989032864,0.3619292989032864,False,0.0894341940758061,1.8506580966022206e-05,5.055262795052896e-05,2.3192427428915623e-05,2.731602776511923,0.5412221210020607,0.0926924405884301,0.3660854384095092,-0.5455707757843686,0.5905416526190826,0.5946537523063024,7065.909190019583,True,body,high
-0.0124204983547879,0.0025126754948149,-0.0034246797960958,0.0003758877979981,9.650153086655309e-05,0.2277590793534837,0.2277590793534837,0.2277590793534837,False,0.0596304431663599,3.0034218993129563e-05,7.356332046937386e-05,2.69516828484636e-05,2.7294518447321146,0.5917229020999193,0.0419031675704374,0.3663739303296432,0.463572349869322,-0.7429702345729859,-0.4828000693612186,15878.396781769648,True,body,high
-0.0116848495981473,0.0015171679215717,-0.0041234367618415,0.0011524677082267,0.0006884069688952,0.4578400578762671,0.4578400578762671,0.4578400578762671,False,0.1116397186554054,7.093377512274518e-05,3.133389852740455e-05,2.4934600871729128e-05,2.844792883898533,0.558265459956364,0.0902151005582595,0.3515194394853764,0.1235775952375506,0.951167464881134,-0.2828586779770083,8514.976131899646,True,wing_R,high
-0.0121626001443529,0.0020048159548305,-0.0030202962486043,0.000769566117542,0.0007223349818365,0.4315786983660689,0.4315786983660689,0.4315786983660689,False,0.0250629877113904,2.987852036259514e-05,2.663971860410778e-05,6.765340736343997e-05,2.539569143684873,0.5583589721935935,0.0478734462122245,0.3937675815941819,0.5751096583114428,0.6338653441531004,0.5171688374202057,2715.0112931965414,False,body,high
-0.0120773427233553,0.002800403720669,-0.0040957528372895,0.0005710502953736,0.0005337520848291,0.3609718165702484,0.3609718165702484,0.3609718165702484,False,0.1195590667925421,3.216432472978057e-05,8.070032418255898e-05,7.22680734184996e-05,2.509001039522509,0.1044884373076876,0.4969465624202075,0.3985650002721048,0.3353418959776355,-0.7356609535116041,-0.5885140391532919,6345.452967142653,True,body,high
-0.0117110715881664,0.0015238485038602,-0.0041413851139275,0.0011453690041839,0.0006892282415734,0.4544945655072854,0.4544945655072854,0.4544945655072854,False,0.1093138031976851,5.992736605684496e-05,2.96980995079784e-05,2.654889626755953e-05,2.2572451017510304,0.5044317569404295,0.0525503363093189,0.4430179067502515,-0.4307315867584744,0.902466594971878,0.0049340782716824,8348.898573076778,True,wing_R,high
-0.0112573904157211,0.0014503110201896,-0.0041564615255634,0.0014281529799859,0.0006557796536683,0.4041773135963485,0.4041773135963485,0.4041773135963485,False,0.0521988229095593,0.0001129161784836,4.865731490471272e-05,4.591527157632328e-05,2.4592292413203927,0.5690846470530055,0.0242838835427486,0.4066314694042458,0.4192574977213371,-0.8860800032867086,0.1977002235200298,6362.763395428791,True,wing_R,high
-0.0123416860817314,0.0017248990932611,-0.0040602469385448,0.0008892543393801,0.0008164914875254,0.4749250118791986,0.4749250118791986,0.4749250118791986,False,0.0303713346728185,5.865572174498453e-05,4.072913982250183e-05,0.0001019846134485,2.503971699205964,0.4248571449988655,0.1757773189141608,0.3993655360869736,-0.3947795676895643,-0.7714786871567954,0.4989686645448473,4233.134769046438,True,wing_R,high
-0.012114830968773,0.0015538194495051,-0.0040970930698381,0.0010265799520902,0.000838472490288,0.2010241616415422,0.2010241616415422,0.2010241616415422,False,0.0213184143529065,2.0187013579246307e-05,2.1622337946742e-05,4.841176742728359e-05,2.3981639105377304,0.5533660699494268,0.0296482537980379,0.4169856762525353,-0.4583636993000142,-0.7371506674938938,-0.4964993580834855,7161.08410592469,True,wing_R,high
-0.0120713782774397,0.0022655730642654,-0.0031931183482808,0.0004851490085885,0.0004506277764106,0.4019989971515173,0.4019989971515173,0.4019989971515173,False,0.0098098263853466,4.735642706584584e-05,1.903863910210857e-05,1.7624074678234817e-05,2.6870305494296134,0.5979713782959881,0.029870590150454,0.3721580315535579,-0.6027163252746466,0.7910918718029556,0.1044350593178485,4666.615797037908,True,body,high
-0.0120248619948154,0.0031195557325046,-0.001926136439903,0.0018276119535465,0.0013570563784369,0.461107406437315,0.461107406437315,0.461107406437315,False,0.0271437088827013,4.575877706598607e-05,1.997210237784281e-05,1.6313896220659898e-05,2.8048956820037394,0.5635350492640525,0.0799454529107635,0.3565194978251839,0.2183966019995553,0.5704181547844771,0.7917866208312188,1966.86943763306,False,body,high
-0.012592511761251,0.0024399120601731,-0.0025547830813743,0.0011806269311391,0.0006197952696401,0.2165442364990032,0.2165442364990032,0.2165442364990032,False,0.063072214801584,5.100677612049894e-05,8.844865069255784e-05,0.000114784077102,2.2503691829275936,0.2294344919120137,0.3261939767026068,0.4443715313853795,-0.9425139077418824,0.1900492362092014,-0.2748614587922908,3195.3961480763573,False,body,high
-0.0128066790814741,0.0028658097385043,-0.0039354807820377,0.0008573820354679,0.000739715489065,0.1866898213371735,0.1866898213371735,0.1866898213371735,False,0.151806634546041,3.12666757228469e-05,8.011890420107042e-05,5.632082296047086e-05,2.5624375584810464,0.2970345323355235,0.3127120557558652,0.3902534119086113,-0.8777444681413458,0.2050292812038615,-0.4330446195212377,4523.04016316791,True,body,high
-0.0123766733283643,0.002502968936696,-0.0034448341290022,0.0003275536815209,8.424969182571343e-05,0.4143719993369252,0.4143719993369252,0.4143719993369252,False,0.0357250989225574,2.3187473521057112e-05,5.176388768442784e-05,2.426517953670637e-05,2.2324074090012345,0.5312334404897089,0.0208196498342504,0.4479469096760406,-0.2286931305061557,0.5114372012065325,0.8283305145177996,12750.05163958299,True,body,high
-0.0108470058149069,0.0029195004191591,-0.0048095632600114,0.0017846401033944,0.0010003699646139,0.6206641783882932,0.6206641783882932,0.6206641783882932,False,0.0266657706411307,6.734544999395482e-05,2.484859645027421e-05,5.454659001874553e-05,2.710231546828941,0.1900478796467788,0.4409799559010611,0.3689721644521599,0.3492316578791834,-0.6826021189800868,-0.6419436083480015,6313.462471722388,True,wing_L,high
-0.0118535519098965,0.0010984153290085,-0.0042988307173126,0.0015455948077973,0.0011300545324341,0.4493853476365983,0.4493853476365983,0.4493853476365983,False,0.0303252815768623,3.158543627606714e-05,4.869291920341483e-05,2.058722816128149e-05,2.365200347611237,0.3513340996435461,0.225868736044364,0.4227971643120898,0.0152617807949392,0.898725395666215,-0.4382462107441118,4702.317351995091,True,wing_R,high
-0.0126908161422164,0.0021602906834715,-0.0036890103202446,0.0006602476510046,0.000601969277163,0.3788214932758511,0.3788214932758511,0.3788214932758511,False,0.0814875399626212,5.218550169116338e-05,1.9594176696846674e-05,2.6234637968080985e-05,2.663316887387347,0.4972811007291069,0.1272472440819467,0.3754716551889464,-0.4224356418623241,0.6229267975823298,0.6584150160333446,4507.498026578637,True,wing_R,high
-0.0124660003828072,0.0028745367087958,-0.0026484444751524,0.0011218120098273,0.0005051057242966,0.2785032722079612,0.2785032722079612,0.2785032722079612,False,0.0719774544003142,2.755874081100902e-05,3.244786266294385e-05,7.427361399584233e-05,2.6951018736738472,0.5631306877734507,0.065825824123874,0.3710434881026753,0.8636419412207422,-0.4974173501393958,-0.0818448357855868,4728.893259351545,True,body,high
-0.0121341936122915,0.0027046354088006,-0.0040048268993062,0.0004418372394797,0.0004197782965303,0.2263023005435019,0.2263023005435019,0.2263023005435019,False,0.1681496728794171,2.837712186801204e-05,7.51945072633361e-05,3.292843001095006e-05,2.6498285348698003,0.5620899556448646,0.0605271356722778,0.3773829086828575,-0.9893194958880568,0.1445895036063956,-0.0184610536713576,5611.159495100047,True,body,high
-0.0119426487808895,0.0018195270648823,-0.0044713725799401,0.0010744486033288,0.0006446515634178,0.5039560794055257,0.5039560794055257,0.5039560794055257,False,0.0062885908993548,3.130510519466802e-05,6.773681769738238e-05,7.16557759612164e-05,2.288948576138982,0.0546914496600406,0.5084267390033287,0.4368818113366307,-0.1030622378217205,0.9790344993043516,0.1756975364285348,2537.1032299108915,False,wing_R,high
-0.0121066447855429,0.0030664607936095,-0.0029426328303954,0.0009122134421742,0.0006616701998705,0.1856405505054779,0.1856405505054779,0.1856405505054779,False,0.0746577655649989,3.7197932792052885e-05,8.771373221897197e-05,7.605287471282573e-05,2.358027063205821,0.1329422111128007,0.4429744458230765,0.4240833430641227,-0.8780029693902311,0.4608434729832047,-0.1293602688259243,2957.5844128524373,False,body,high
-0.0117248573838031,0.0027149875485951,-0.0039476152373949,0.0005554439300205,0.0003981193106674,0.3258130888409146,0.3258130888409146,0.3258130888409146,False,0.0904207072744727,1.2685310424677144e-05,3.2551537938092936e-05,2.3412767712740912e-05,2.566081305725824,0.2807477251223058,0.3295530093989852,0.389699265478709,0.5383364127738208,-0.6997261706878477,-0.4696564624662749,6943.004039341112,True,body,high
-0.0131557650232126,0.0026564052391323,-0.0035853542613174,0.0010635029749698,0.0006659788061331,0.146746775748063,0.146746775748063,0.146746775748063,False,0.0222191748607035,3.2554735582406374e-05,2.679082625710569e-05,7.320667563484288e-05,2.732527729167233,0.5553037301572006,0.07873475028495,0.3659615195578494,0.1394708657606976,0.8853890341182464,-0.4434344775354303,5991.375719965381,True,body,high
-0.0127062081407271,0.00253217390184,-0.0038187429826827,0.0006280394438077,0.0005376171203065,0.4135272223174064,0.4135272223174064,0.4135272223174064,False,0.0247864411722788,6.907386069154715e-05,2.923443887705498e-05,6.176094945655208e-05,2.362756507215216,0.1058708918508442,0.4708946373324331,0.4232344708167226,0.218981069401558,0.8421172009374058,0.4928345677091846,6344.11362817605,True,body,high
-0.0118120086626741,0.0018832634614981,-0.0037392054462117,0.0006658038823255,0.0004693397245792,0.3617145736748368,0.3617145736748368,0.3617145736748368,False,0.0248494807222278,6.934751480681745e-05,6.0421636443782655e-05,2.3753313553975784e-05,2.919488038973417,0.1287123033593888,0.5287618884678772,0.342525808172734,-0.2891187987867236,0.7224366158618076,0.6280888919971925,7227.485399920123,True,wing_R,high
-0.0122797787211398,0.0028372713648331,-0.0042044709393352,0.0007016806026929,0.0006920278367398,0.6014030538476823,0.6014030538476823,0.6014030538476823,False,0.0126544299940077,2.768077500807408e-05,4.059051492353839e-05,7.807888890927347e-05,2.820690131923654,0.480134572986765,0.1653422595506608,0.3545231674625741,0.3368040403049258,-0.6311222551843402,-0.6987472629250939,4078.1865373756345,True,body,high
-0.0120633885398537,0.0020716313791708,-0.0042315246407149,0.0007208131321956,0.0004770309703654,0.4810766593202896,0.4810766593202896,0.4810766593202896,False,0.0470400276818839,3.486114267526072e-05,8.110964121607785e-05,2.9341694861444607e-05,2.7643134317594256,0.5701973014232687,0.0680492199332035,0.3617534786435276,0.8673940608872692,0.4838524831107291,-0.1162510977370701,2874.7569266584087,False,body,high
-0.0122781387019874,0.0028084431368186,-0.0038759651834159,0.0004506919482522,0.0004437374504456,0.1356878674120933,0.1356878674120933,0.1356878674120933,False,0.1504318529979102,0.0001142134277246,5.857170647358502e-05,0.0001315801999135,2.246480559225229,0.1319862122133587,0.4228730560347127,0.4451407317519285,-0.9947575034981544,-0.0942375801335215,-0.0397087864923808,11980.192422090297,True,body,high
-0.0120195930097085,0.0016988466720322,-0.003759200363547,0.0007857514192058,0.0006764785181142,0.348372344465731,0.348372344465731,0.348372344465731,False,0.0221783381031878,1.768035223904941e-05,1.6954452048812032e-05,4.1214036937185815e-05,2.430868117620682,0.5710113943461549,0.0176129358874434,0.4113756697664016,-0.897149178488213,-0.2264949671484997,0.3792405323726942,3938.4185281068526,True,body,high
-0.0123029360805986,0.0023624361315454,-0.0040399680669065,0.0004637969490084,0.0004372224667372,0.44264799364929,0.44264799364929,0.44264799364929,False,0.0410270651203713,6.133750435427427e-05,6.920797837709024e-05,2.8918547466060163e-05,2.393203823888983,0.1137220622156088,0.4684280287971202,0.4178499089872708,0.6301944176790218,-0.7746577507526466,0.0525391770495925,3214.0877169295604,False,body,high
-0.0118283987237083,0.0025162096803617,-0.0037971778870674,0.0003298858987343,0.0001638856068068,0.6855307186196665,0.6855307186196665,0.6855307186196665,False,0.0334388609011461,7.395202281443648e-05,2.6015116503800203e-05,2.6593419042328995e-05,2.842655838332833,0.6403963268312711,0.0078199691708216,0.3517837039979072,-0.5272303886568772,-0.375750685402457,-0.762128296086887,5951.9147193689605,True,body,high
-0.0121325199072477,0.0023203938307099,-0.0039661968039961,0.0003665110725725,0.0002745889394121,0.4475282446981289,0.4475282446981289,0.4475282446981289,False,0.0515915901380279,4.651280691465808e-05,5.99493733048345e-05,2.828142809229291e-05,2.119743497718616,0.2241318907848009,0.3041129175723165,0.4717551916428826,0.6212216388230519,-0.7768176912981861,0.1031404379676463,3779.8584833915215,False,body,high
-0.0124013177624447,0.0030727235978315,-0.0032911006299443,0.0007520626326696,0.0004260020392633,0.1370368338290742,0.1370368338290742,0.1370368338290742,False,0.1003640340160875,7.771732293706915e-05,0.0001066967640196,7.565623243835872e-05,1.4102838666545272,0.2716056231777305,0.0193172728118561,0.7090771040104134,0.7624967125345796,0.6400302531347002,-0.0946574796109114,5103.728241143709,True,body,high
-0.0128244786820973,0.0028659393466725,-0.0034450361494475,0.0008384985279149,0.0003687444698384,0.3993361302479365,0.3993361302479365,0.3993361302479365,False,0.0234667327751567,2.3819779442850703e-05,2.9877352115958128e-05,6.772984137942002e-05,2.8434285691821777,0.5588746185217484,0.0894372783065167,0.3516881031717348,0.7729034386048574,-0.2752429316346448,0.57171811513888,8526.269739485571,True,body,high
-0.0130031023505004,0.0028402638836531,-0.0035393779213806,0.0009716814679785,0.0005345087726666,0.2608429229423447,0.2608429229423447,0.2608429229423447,False,0.0511915509705852,1.5939131464422828e-05,3.914231839698021e-05,1.828023064599693e-05,2.455737220334018,0.5329803804516792,0.0598099263776547,0.4072096931706661,-0.8371863698334252,0.4121827576328751,0.3594778942790347,5164.000171686324,True,body,high
-0.0121110116788695,0.0023644937357314,-0.0031185396940497,0.0005238738873223,0.0004380727977334,0.4358013308087535,0.4358013308087535,0.4358013308087535,False,0.0156573419302076,1.536032631620696e-05,4.13018980045241e-05,1.4024416031496105e-05,2.944999486022668,0.6280963573508309,0.0323450095335697,0.3395586331155994,-0.8730286434158103,0.3086637784701396,-0.3775548432163012,8038.614323336375,True,body,high
-0.0116556403619261,0.0028277072910763,-0.0028380261788886,0.0009825203366696,0.0009369180376847,0.2925981116193315,0.2925981116193315,0.2925981116193315,False,0.0928361164392236,4.526403049282358e-05,1.930234033459072e-05,2.013367956361677e-05,2.345002197050078,0.5551947242787211,0.0183664428460001,0.4264388328752788,0.8677014130798106,-0.4677671122099081,-0.1681909226864007,3863.5368898862175,True,body,high
-0.0114257563551188,0.0017958229039148,-0.0031166829519101,0.0010893326196483,0.0010193501677223,0.3777436383723991,0.3777436383723991,0.3777436383723991,False,0.0063470934097647,2.501684679043684e-05,2.7901070858674257e-05,7.187259263728514e-05,2.8729676941044304,0.6117981857217699,0.0401296789555519,0.3480721353226781,0.9325753883986462,-0.3456485854629538,-0.10406824837852,1942.8666703001584,False,wing_R,high
-0.0115480377792767,0.0019139056245271,-0.0028710020464285,0.0010967054877925,0.00109168387748,0.2736457454961686,0.2736457454961686,0.2736457454961686,False,0.0062846498824725,3.68799562877934e-05,8.446657392741781e-05,2.9799069882361525e-05,2.834537261091317,0.5633780965298253,0.0838306335416952,0.3527912699284795,0.5234174342705898,0.8519812474982256,-0.0127335546082085,1786.8295491181443,False,body,high
-0.0113730468012175,0.0021495440109869,-0.0037566753759148,0.0008127776919061,0.0004059171144639,0.4456991877783005,0.4456991877783005,0.4456991877783005,False,0.0101724949190649,3.468789656362832e-05,7.45070200075712e-05,2.907226554395244e-05,2.562821252954262,0.5344345195915307,0.0753704955466644,0.3901949848618048,-0.2537185223399673,0.6812587816540381,-0.6866683215649887,2400.03880610562,False,wing_R,high
-0.0117506349205165,0.002685096650437,-0.003793837446244,0.0004495100952525,0.0003493702160821,0.2562346325221074,0.2562346325221074,0.2562346325221074,False,0.0346485480015621,1.7796976988558827e-05,1.639001253956545e-05,4.019333077989603e-05,2.452306286091571,0.5572156712759782,0.0350049229982481,0.4077794057257736,-0.4248708007807846,0.647223733480611,0.6329188269148849,6708.2759767846255,True,body,high
-0.0115602615924393,0.001514445579811,-0.0035819063189023,0.0011025903491957,0.0008725117361026,0.2382740832464099,0.2382740832464099,0.2382740832464099,False,0.0136718479816594,1.7350193403319145e-05,1.7895212499157865e-05,4.8677225963830114e-05,2.8055725277689416,0.632369919509074,0.0111965931715932,0.3564334873193329,-0.4849061104283276,0.8744679226964518,0.0131116835007349,2544.0151080785963,False,wing_R,high
-0.0116584508168088,0.0014344927328711,-0.0041932536117301,0.0012605725285335,0.0007487529817346,0.4870529182599157,0.4870529182599157,0.4870529182599157,False,0.1539182269611308,2.503013918437513e-05,2.418981063142045e-05,6.724539664004897e-05,2.779905872958884,0.6277791427366186,0.0124964472654208,0.3597244099979605,0.1415053242425341,0.9188932575338048,-0.3682545647645502,9325.689379904454,True,wing_R,high
-0.0123059945008622,0.002043902778921,-0.00468882685793,0.0011559354671839,0.0009456940549045,0.4705446668205983,0.4705446668205983,0.4705446668205983,False,0.0061785122240464,8.100103417908035e-05,4.1822002214571165e-05,4.96594099031863e-05,1.9368043108863608,0.3869286928683247,0.0967568842551797,0.5163144228764956,-0.6625630253743818,0.713259083012413,-0.228630089679897,1578.619555378313,False,body,high
-0.0126074872591871,0.0020514737626779,-0.00431464152051,0.0009423143771619,0.0009173771906216,0.289871645156093,0.289871645156093,0.289871645156093,False,0.006907687077748,4.805807190547076e-05,2.11905393578603e-05,1.6488578156393764e-05,2.914628020053707,0.5590638883819214,0.0978391561508168,0.3430969554672617,-0.7458515217040266,-0.0123808247627971,-0.6659971642206743,1848.898925055341,False,wing_R,high
-0.0117102565534289,0.0015650801633624,-0.0040122815481105,0.0010589618814799,0.0006690539470463,0.3870587670037934,0.3870587670037934,0.3870587670037934,False,0.016685830120556,4.259207771452836e-05,4.570439161471558e-05,0.0001173335974333,2.754822110809825,0.6104748118654437,0.0265253428537901,0.362999845280766,-0.9011791816955,-0.0632232567704418,0.4288110333025125,7351.253947915103,True,wing_R,high
-0.0117589534615909,0.0021418911751275,-0.0024546161088617,0.0012712768463714,0.0012130204941047,0.4690056163264378,0.4690056163264378,0.4690056163264378,False,0.0354717519354331,3.753432603325223e-05,1.7741512538779754e-05,1.6064296822227036e-05,2.3365060076155104,0.5273256665628608,0.0446848496777815,0.4279894837593576,0.0852384646057782,0.9562498615681464,-0.2798581898078922,2360.078773166724,False,body,high
-0.0116107277475251,0.0028716783722657,-0.0043323992393389,0.0009498059669807,0.0006863956953655,0.3828143181886947,0.3828143181886947,0.3828143181886947,False,0.0854173567891726,3.917858166665611e-05,2.869358363713905e-05,6.585224406840673e-05,2.2950163667661228,0.405053203259744,0.1592200566259418,0.4357267401143142,0.3004537536450846,-0.6386224800464744,-0.7084411548603518,6232.080840489705,True,wing_L,high
-0.0120422351024787,0.0027755826516581,-0.0031630460708899,0.0005643043395854,0.0004444177582397,0.2209242746991861,0.2209242746991861,0.2209242746991861,False,0.0435742602284399,5.6710284262520136e-05,6.735938839700167e-05,2.720125198302348e-05,2.47633412017363,0.1580938364778198,0.4380834354607973,0.4038227280613829,0.7310061455825083,-0.6072471538200858,0.3112569827297209,6071.542392921533,True,body,high
-0.0123423856250555,0.0024805374682244,-0.0037630230753216,0.0002671230571899,0.0002529915907807,0.4282728201577094,0.4282728201577094,0.4282728201577094,False,0.0534288022436834,6.361531582531504e-05,5.125551293487685e-05,2.9401778587663937e-05,2.163655359679704,0.1942897355784208,0.3435294482734683,0.4621808161481108,0.4640855651933001,-0.8853490279572276,0.0279586636734936,4446.939303621745,True,body,high
-0.0118297338101293,0.0018649658879441,-0.0037266796589331,0.0006725198701976,0.0004924684771783,0.3590732288958727,0.3590732288958727,0.3590732288958727,False,0.0201597300350086,6.986362506182326e-05,2.5471631203398865e-05,6.986515750296192e-05,2.7428615366274345,2.1934268717583047e-05,0.635395316421385,0.3645827493098974,0.3727687246243517,-0.681575738533851,-0.6296808640763748,6977.67517591341,True,wing_R,high
-0.012007788426394,0.0030100835295976,-0.0027263852000659,0.0010598256328764,0.0008172274024497,0.1615205373061259,0.1615205373061259,0.1615205373061259,False,0.0274678628013223,6.227354982365583e-05,0.0001101755296644,0.0001075689833827,1.7692187128633092,0.0236581234470829,0.411120633566177,0.56522124298674,-0.8210287343025278,0.4897975953520491,-0.2932748421480086,2830.2790479110267,False,body,high
-0.012737636250605,0.002579770040724,-0.0040896600486146,0.0007847426787786,0.0007606137966025,0.2642034345596183,0.2642034345596183,0.2642034345596183,False,0.1086651270314475,1.967294856191229e-05,4.184917242823663e-05,1.813920094210593e-05,2.3071122350871325,0.5299083011582212,0.0366494133769656,0.4334422854648131,0.2768142864505539,0.4860735352856356,0.8289187952458279,3557.944699635349,False,body,high
-0.0117673108593071,0.0026027969263126,-0.0038237733051238,0.0004148956241606,0.0002674252979093,0.386123151485649,0.386123151485649,0.386123151485649,False,0.0898980113660615,2.219637853139988e-05,6.224101332699106e-05,6.514322770720424e-05,2.9348583875991325,0.0445512831089305,0.6147167741760915,0.3407319427149779,0.2992108146327924,-0.6410058757452348,-0.7068128151546668,7918.903352781261,True,body,high
-0.0118911948893862,0.0018158353517989,-0.0037592904987286,0.0007004436394402,0.0005355866193189,0.3465104116598428,0.3465104116598428,0.3465104116598428,False,0.0462620481957516,6.285469048380066e-05,2.789287663350411e-05,6.626892656224906e-05,2.3758369361820773,0.0515209202195431,0.5275747724305678,0.4209043073498891,0.3410188713201041,-0.6991576239076611,-0.6283985569169894,5662.522804058719,True,body,high
-0.0119261591357363,0.0020782567116931,-0.0036616361658546,0.0004327731619076,0.0003314404925154,0.1769688493293187,0.1769688493293187,0.1769688493293187,False,0.0599320700727712,0.0001242685226342,0.0001114478290085,4.5522864078531486e-05,2.729804575122597,0.1031692769327877,0.5305041335694679,0.3663265894977443,0.1491580023621691,0.749643850347369,0.6448146927355939,5018.882035277033,True,wing_R,high
-0.0117552970762777,0.0024174043611671,-0.0026524033919415,0.0010429961683205,0.0009840180634756,0.3261817392957721,0.3261817392957721,0.3261817392957721,False,0.0372553483688797,5.681741586378717e-05,6.752545766453977e-05,9.41696216267591e-05,1.657407683808065,0.2829379953104554,0.1137101500013866,0.603351854688158,-0.6771649141463894,0.4238226861100024,0.6015164252018522,5472.280101812708,True,body,high
-0.011979804437718,0.0025020178134848,-0.0032116348037941,0.000441194257368,0.0004017906794245,0.3452917381675913,0.3452917381675913,0.3452917381675913,False,0.026643001762122,6.283053813503914e-05,2.837460516411526e-05,6.814573043838612e-05,2.401645064107131,0.0779974368042426,0.505621302307078,0.4163812608886792,-0.2359256353028967,0.5801270281227648,0.7796099831636157,7506.535380155364,True,body,high
-0.0123876870270073,0.0027623359452678,-0.0038317512977495,0.0004507372449575,0.000418072414005,0.1691830189793681,0.1691830189793681,0.1691830189793681,False,0.1109226349937361,0.00013070722577,0.0001355363756726,5.23715666818094e-05,2.5879763440367127,0.0356299176414601,0.5779677868722508,0.386402295486289,-0.1123131587198847,-0.6981851538909551,-0.707052505309631,8845.279676340591,True,body,high
-0.0122571327882806,0.0024387995123567,-0.0033279204752695,0.0003390749733465,0.0001851903857492,0.1697709092645967,0.1697709092645967,0.1697709092645967,False,0.0772159680797808,0.0001686155021191,0.0001184468599624,6.726989884222885e-05,2.5065520391904226,0.2975327981484,0.3035127878339343,0.3989544140176657,0.0556366583697523,-0.6058651438609229,-0.7936195497212948,11706.800190952908,True,body,high
-0.0126491033745804,0.0030084833808007,-0.0030446104163588,0.0009626544224895,0.0002580010165516,0.1681041888546444,0.1681041888546444,0.1681041888546444,False,0.0413470618547427,5.727216102427867e-05,5.5256979175373705e-05,5.181273358154835e-05,1.1053684502891108,0.0351860627024479,0.060138216058676,0.904675721238876,0.9490400465421636,0.2578169122195671,0.1812551511897419,3565.475566803778,True,body,high
-0.0122562200315708,0.0027031166297939,-0.002562008120501,0.0011049419908604,0.0007050740219285,0.157696661071522,0.157696661071522,0.157696661071522,False,0.0346408134420536,0.0001189746506323,0.0001115719325713,5.095426780555305e-05,2.3349300413149123,0.0622209691029312,0.5095006746698082,0.4282783562272605,0.0176768016756492,0.4274104451318906,0.90388486107174,3657.161515360723,False,body,high
-0.0124577943078678,0.0026350819690891,-0.0033693138911691,0.0004664221545854,3.6523796682117584e-05,0.1988291739572131,0.1988291739572131,0.1988291739572131,False,0.0291660635883884,7.147695841772365e-05,4.122378567257168e-05,3.12244518333665e-05,2.2891341311344737,0.4232576961144209,0.1398959057654264,0.4368463981201527,-0.5995345812318383,-0.8003270691501649,0.0059049379904317,15008.916245956196,True,body,high
-0.0122809622947051,0.0027852833295048,-0.0038928814591001,0.0004443366602931,0.0004399099834854,0.1595953496308569,0.1595953496308569,0.1595953496308569,False,0.0475900982118848,0.0001322637273115,0.0001904545875824,6.602863836630819e-05,2.884423975636884,0.3055366689222752,0.3477736597789002,0.3466896712988245,-0.1048301906704557,0.5617903583022642,0.8206108849159932,11655.382249227936,True,body,high
-0.0117535965328416,0.0025995449782758,-0.0032496372848392,0.0005386740150733,0.0005377591726042,0.1447493880703695,0.1447493880703695,0.1447493880703695,False,0.0502609132662931,9.543034693127482e-05,0.0001250033854898,5.125619727437294e-05,2.4387955435072843,0.2365779010120685,0.3533836262417174,0.4100384727462141,-0.1765227244850157,0.6695139055454011,0.7215198251065116,5718.8810085067935,True,body,high
-0.0118312345037724,0.0020219529619998,-0.0035768504106153,0.0005296271623946,0.0004287684033096,0.2304751714800907,0.2304751714800907,0.2304751714800907,False,0.0379729002473736,7.955760469820457e-05,8.58135040967342e-05,3.4615029696518905e-05,2.4790822035713616,0.072901106467784,0.5237238063489827,0.4033750871832333,0.3252043668234181,-0.6846495586539173,-0.6523013886494309,5156.135518563749,True,wing_R,high
-0.011898546570788,0.0024033497878553,-0.003434071516714,0.000296863188635,0.0002930996642544,0.1900656338399168,0.1900656338399168,0.1900656338399168,False,0.0106349111987299,3.534305517265953e-05,1.55506254726478e-05,1.580827636226939e-05,2.272773865901722,0.5527190197609667,0.0072900004926824,0.4399909797463508,0.8240509966862024,-0.5664638651675222,-0.0076579579489153,3677.607280122752,False,body,high
-0.0124947248443499,0.002543891370377,-0.0036250349842489,0.0003920670738199,0.0002516680389377,0.1759514245163916,0.1759514245163916,0.1759514245163916,False,0.076718347525406,0.0001049093838221,0.0002096476533591,8.884412714783862e-05,2.359724385724475,0.4995919003086937,0.0766297948817879,0.4237783048095183,0.1319388972571021,0.5311837511534392,0.8369205158801767,11642.256564181422,True,body,high
-0.0128153315645502,0.0025132315726295,-0.0028655283643926,0.0010425179873494,0.0003208221828889,0.1709373747904933,0.1709373747904933,0.1709373747904933,False,0.0625526001954387,6.808434365702416e-05,0.0001679234577566,9.328582683580174e-05,2.466403415777992,0.4444741188514091,0.1500772049089967,0.4054486762395941,-0.5352006249082157,0.6915583187530825,-0.4850849233497838,3036.219489615654,False,body,high
-0.0123515805368405,0.0024026647288859,-0.0033444516032076,0.0003813146534447,0.000193996076008,0.1772791378353137,0.1772791378353137,0.1772791378353137,False,0.0483163991551415,0.0001136455069515,0.0001774564197503,7.333832594378609e-05,2.419695533906256,0.3595863868356412,0.2271384775171719,0.4132751356471867,0.0018624845436003,0.7208388872867781,0.6931001585099259,9471.75228226854,True,body,high
-0.0122075611504764,0.0025753464163982,-0.0035528695353828,0.0001646103833963,5.88604891092389e-05,0.1223806705050488,0.1223806705050488,0.1223806705050488,False,0.0557448293656768,8.173854216382554e-05,7.461047742217332e-05,3.5456352926355404e-05,2.305328535441886,0.0872056749845831,0.4790166726651761,0.4337776523502407,-0.1838487504402397,0.865716019570006,0.4655485049073055,5463.463083661983,True,body,high
-0.0121550010244633,0.0024072775429535,-0.002949174103914,0.0006869793039042,0.0005287758197691,0.0931346589034728,0.0931346589034728,0.0931346589034728,False,0.1007056026598186,4.946240978088776e-05,5.528586476740608e-05,0.0001098553174569,2.2209859556703364,0.496739292669515,0.0530102240048573,0.4502504833256276,0.4205740109915238,0.8705085585226271,0.2556019382112727,9946.228633389772,True,body,high
-0.0129393247015323,0.0025499067761975,-0.0034669873011817,0.0008494776461749,0.0004584609287069,0.1179157039834299,0.1179157039834299,0.1179157039834299,False,0.0810631083270415,6.341965874208906e-05,6.026499123348767e-05,0.0001224118840339,2.0312271109393176,0.4819158348671088,0.0257709252128304,0.4923132399200607,-0.9649002260465132,0.2612743895587461,0.0265188072147389,6480.745776555215,True,body,high
-0.0106856716542395,0.0021539416053313,-0.0038153532302202,0.0014701864971595,0.0008140540886941,0.9799264975322864,0.9799264975322864,0.9799264975322864,False,0.1479457503155568,7.539204342825693e-05,7.71323067917149e-05,2.947314202479279e-05,2.6170371223682647,0.0225620551989622,0.5953264373054702,0.3821115074955676,0.0931607517775275,-0.9232447142443893,0.3727469274830342,2076.417042513277,False,wing_L,high
-0.0118199680397422,0.0025835260667653,-0.0032022730478822,0.0005308461129723,0.0005208549354086,0.0781915114990138,0.0781915114990138,0.0781915114990138,False,0.0617206253231642,8.699014651155256e-05,4.1957629771429774e-05,0.0001130095263249,2.693420170314583,0.2302405882012895,0.3984842535365656,0.3712751582621448,-0.8499735808448865,-0.4552652182122336,-0.2651009108846833,6952.298217745527,True,body,high
-0.0129908768996574,0.0026141203632824,-0.003369071193222,0.0009306914223209,0.0004127532445121,0.0866408622252283,0.0866408622252283,0.0866408622252283,False,0.1101230623643633,5.898095124299116e-05,4.546520343898636e-05,0.0001061019464803,2.3336956277515792,0.4441105634769159,0.1273845414937955,0.4285048950292885,-0.59985660961163,0.779151830345585,0.1819188642619706,7640.707491008025,True,body,high
-0.0112292096210497,0.0012523334390112,-0.0046872855898799,0.0018356657644953,0.0007243713989818,0.9899388253021376,0.9899388253021376,0.9899388253021376,False,0.7151637120889175,6.461261290856994e-05,7.458870744544035e-05,2.6020500819729094e-05,2.866536196293585,0.133748054880394,0.5173988584943631,0.3488530866252428,-0.4501521813657619,-0.8908113422330386,0.0617913113683348,4195.728807541709,True,wing_R,high
-0.0100223601234768,0.0011902848724669,-0.0036775757985634,0.0024484823445688,0.0015110521852136,0.9904159102739108,0.9904159102739108,0.9904159102739108,False,0.0070738926072475,5.387353272693368e-05,6.588924459806995e-05,2.522452844688034e-05,2.612110063299076,0.1823622648041141,0.4348054747753555,0.3828322604205303,-0.5512866635443252,-0.769646290627855,0.3220676977297618,1053.2175663162277,False,wing_R,high
-0.0124923127650417,0.002352298001229,-0.0034721230101664,0.0004305019602827,0.0002754253675923,0.1081182948048667,0.1081182948048667,0.1081182948048667,False,0.0633932059563941,3.3047883340065045e-05,2.8338421797445352e-05,8.080344189333504e-05,2.851374098067073,0.5910089648942175,0.0582829324131568,0.3507081026926256,-0.4483784002884715,0.8471982693213427,0.2849770212028906,9354.110524711286,True,body,high
-0.0099038549061852,0.0035459974581858,-0.0030272645324722,0.0025283404507196,0.002391989694723,0.9951130467148306,0.9951130467148306,0.9951130467148306,False,0.056046625456196,5.705040141852959e-05,4.88032394308937e-05,2.2171075897282784e-05,2.573190479471567,0.1445592280259971,0.4668181620359461,0.3886226099380567,-0.6016756676709689,-0.790711349013727,0.1129688163768463,632.5655369463904,False,wing_L,high
-0.0102548636974849,0.0015171385349099,-0.002764204961393,0.0022583515348174,0.0019821967923902,0.9835728834954434,0.9835728834954434,0.9835728834954434,False,0.014196696884087,2.9086658626107685e-05,5.631668730969928e-05,2.489848223414009e-05,2.261852219750144,0.4835161651793719,0.0743683016889077,0.4421155331317203,-0.2529635874798009,-0.924279044734357,0.2858630281696001,965.9784058893867,False,body,high
-0.0126211911522393,0.0024810631235088,-0.0034681737876161,0.000536953107669,0.0002648366762522,0.3200525744881793,0.3200525744881793,0.3200525744881793,False,0.0225692904860522,2.7083604675039008e-05,6.246525402453531e-05,3.665351696949839e-05,2.3063862722123174,0.4132175152109124,0.153203768141253,0.4335787166478346,0.0176690685485332,0.9823830044806514,0.1860414914049973,7184.259894006835,True,body,high
-0.0125624073614933,0.0029332572789148,-0.0027586667762752,0.0010875856987758,0.0003768226681492,0.1439454694593024,0.1439454694593024,0.1439454694593024,False,0.0328342454087966,6.0320190745308354e-05,8.903055541298613e-05,7.744955580490782e-05,1.4759660789022098,0.1300789325008421,0.1923987217662684,0.6775223457328894,-0.2827761203529959,0.3335154448683339,-0.8993359293347427,4510.278019766155,True,body,high
-0.0125285476857462,0.0021781462303621,-0.0027435447475538,0.0010241821502254,0.0006926222494879,0.0776382583830899,0.0776382583830899,0.0776382583830899,False,0.0885813379578186,7.118390282339554e-05,3.165633306248527e-05,7.891612703652858e-05,2.492901716719967,0.0979802798679408,0.500880760945273,0.4011389591867861,-0.8331843260675853,-0.3713545856322331,-0.4097555985282152,3460.425786977548,False,body,high
-0.0093048754385336,0.0039737401924272,-0.0032672677482185,0.0032040357134733,0.0029503988378166,0.9990406326874304,0.9990406326874304,0.9990406326874304,False,0.4716169561038003,3.879365961225412e-05,4.535360449420512e-05,1.664894329911906e-05,2.7241130971119887,0.1446399895908862,0.4882680563121397,0.367091954096974,-0.3583880744278928,-0.9054316741558832,0.2274894976545993,517.4789656741264,False,wing_L,high
