x,y,z,dist_to_centroid,dist_to_principal_axis,R,G,B,color_oob,opacity,scale_phys_0,scale_phys_1,scale_phys_2,scale_ratio,linearity,planarity,sphericity,orientation_x,orientation_y,orientation_z,local_density,if_keep,part_label,confidence
-0.0121734339597344,0.0009736459621651,-0.0035811275681163,0.0015078136514188,9.556765749160332e-05,0.8129215025435796,0.8129215025435796,0.8129215025435796,False,0.9649878402627148,4.556964496213554e-05,6.61406305989845e-05,0.0001196468253918,2.6255816891097634,0.4472011239546973,0.1719308938576821,0.3808679821876205,0.8044079970660338,0.3151929423965869,-0.5035684494878462,5220.465770567814,True,wing_R,high
-0.0119765156633655,0.0008637697048366,-0.0037125708425342,0.0015524736643699,0.0002505961874443,0.470104665478389,0.470104665478389,0.470104665478389,False,0.1592728548155661,1.5440605433653736e-05,3.504133560383802e-05,1.6049795230017048e-05,2.269427565804078,0.541975357004967,0.0173848908971548,0.4406397520978781,-0.1205234681722113,-0.1390390159510303,-0.9829253510125332,10753.656319205678,True,wing_R,high
-0.01116204268933,0.0037776812260556,-0.0041360126988428,0.0015317066704216,0.0001729601972939,0.5479726182038834,0.5479726182038834,0.5479726182038834,False,0.1713512866479547,6.361616518708478e-05,3.184971359019094e-05,8.932013077654585e-05,2.804424929084908,0.2877734880814858,0.3556471684570713,0.3565793434614429,-0.8127089702330723,-0.5277765692531446,0.2468927351099657,5906.515853277081,True,wing_L,high
-0.0111934297434903,0.0027710948400068,-0.0027558420418173,0.0011711901201945,0.0011188806725288,0.217873631233911,0.217873631233911,0.217873631233911,False,0.5293887692159251,8.107770105556861e-05,3.15416087600813e-05,2.9350874531112707e-05,2.7623606570776653,0.6109706078313262,0.0270201818804299,0.3620092102882438,-0.3194518684465918,-0.8928731636541136,-0.3173767750990541,1993.919563120788,False,body,high
-0.0124584971564326,0.0023578652565383,-0.0042507465955297,0.0009302323051599,0.0009140763003654,0.3199332107673568,0.3199332107673568,0.3199332107673568,False,0.6035811001219775,0.0001033683478901,3.611999687683913e-05,4.973211162763741e-05,2.86180389889349,0.5188845266204345,0.1316855210384397,0.3494299523411257,-0.2756350173184508,0.6969583196132612,0.6620229889888393,4233.194145341791,True,body,high
-0.0124849199720154,0.0004169029431092,-0.0031258070891201,0.0022197861563571,0.0003563117570376,0.4367742275228402,0.4367742275228402,0.4367742275228402,False,0.8296014971827117,8.620048636498845e-05,7.01078396297781e-05,3.4153400108946554e-05,2.5239210763793927,0.1866885839491807,0.4171025134196336,0.3962089026311856,-0.7882943845015133,-0.4785884363798344,0.3867105790211658,4700.527743195677,True,wing_R,high
-0.0119829734833531,0.0008802040305914,-0.0037042692773361,0.0015378862791718,0.0002357822337236,0.3900074662178576,0.3900074662178576,0.3900074998461773,False,0.1339899838286057,3.714486503661749e-05,3.8880773082857313e-05,8.706077435613822e-05,2.343817221312112,0.5534065327307071,0.0199390375180764,0.4266544297512165,0.0348970218777219,0.145196458921448,-0.9887872299846606,10735.900205115537,True,wing_R,high
-0.0113527801904661,0.0037603779282237,-0.003540871599281,0.0014271660034121,0.0004372242061833,0.2943446152178036,0.2943446152178036,0.2943446152178036,False,0.5360906604489604,7.866718319626425e-05,2.802745408151713e-05,6.598910516105792e-05,2.8067901910556268,0.1611609507305759,0.4825601926642203,0.3562788566052037,-0.975838312595911,-0.2074817120608043,0.068490341145904,4641.215870513866,True,wing_L,high
-0.0122376756930867,0.0027977000556231,-0.0031090746314385,0.0009493638390924,0.000940611810695,0.315151969898834,0.315151969898834,0.315151969898834,False,0.4460642818296499,6.581777501760501e-05,2.479043993296377e-05,2.435311259113541e-05,2.7026432359025367,0.623347341560349,0.0066445172555801,0.3700081411840709,-0.9886087760603188,0.1321608328379581,0.0720152911546976,2070.995645741045,True,body,high
-0.0113077853803873,0.0021964288456516,-0.0034099376921985,0.0005356213121666,0.0005200556125158,0.1666450224339629,0.1666450224339629,0.1666450224339629,False,0.6462274772900626,0.0002243113868464,8.658145178251269e-05,0.0001460269457981,2.590755666812844,0.3489989614388881,0.2650132695059917,0.3859877690551201,0.4365019638730885,0.8992365629413226,-0.0289765319597372,5207.059735330484,True,body,high
-0.0113320239535185,0.0042057307930257,-0.0036269582846888,0.0018558495042391,0.0004555442081232,0.3322592678184449,0.3322592678184449,0.3322592678184449,False,0.731480744551631,2.1673413710401688e-05,2.367797638531858e-05,5.483606465682796e-05,2.530107411298598,0.5682043098187517,0.0365555531284335,0.3952401370528147,0.5708531056700424,0.6014236900591711,0.5589421050363602,3464.323480792765,True,wing_L,high
-0.0121902364157905,0.0004919514740486,-0.0035455229368852,0.0019739825192068,0.0001138322976042,0.4248830098668854,0.4248830098668854,0.4248830098668854,False,0.1387619591678051,0.000101220400654,9.977693407871129e-05,3.992818961617064e-05,2.535061109134168,0.0142606289448558,0.591271562607898,0.3944678084472461,-0.7722750117825221,-0.5402146511748467,0.3343044074378077,7446.999130021425,True,wing_R,high
-0.0126349564383617,0.0026963168763069,-0.0038449301339871,0.0010144291578412,0.0010138583600457,0.2986718233277169,0.2986718233277169,0.2986717896993972,False,0.2478406620860376,0.0001081185495745,4.421603853250377e-05,4.728670221600837e-05,2.445233746914884,0.5626402462660143,0.0284008960126386,0.408958857721347,0.3675238395329487,-0.8431754381394343,-0.3924046481545962,4037.768713132865,True,body,high
-0.0123661838899218,0.0010810868531308,-0.0031404332733635,0.0015988667519847,0.0004749324295426,0.2711685993952847,0.2711685993952847,0.2711685993952847,False,0.732589498482933,5.469645614511474e-05,6.0175284966780966e-05,2.3315530126991045e-05,2.5809100045775715,0.0910478251111024,0.5214919386829188,0.3874602362059789,0.830040548823478,0.5423916342426601,-0.1297844459571175,4128.892795622275,True,wing_R,high
-0.0111641903857566,0.0037471490435737,-0.0041770706885268,0.0015142920960869,0.0002159738172394,0.6200705124391539,0.6200705124391539,0.6200705124391539,False,0.1731190809285972,3.158543627606714e-05,7.339870976654663e-05,3.172508949012865e-05,2.3238149736168805,0.5677704745623718,0.0019026657894354,0.4303268596481926,0.8081933773762279,0.5887787935266675,0.0127670301357833,5234.355150599501,True,wing_L,high
-0.0122711131307517,0.0005614207294682,-0.003347001837676,0.0019621046630668,0.0001112734072739,0.3866138222985863,0.3866138222985863,0.3866138475198261,False,0.2243186847839639,3.2398790578969684e-05,8.239871859771571e-05,5.251530670895709e-05,2.5432652616113818,0.3626684054961391,0.2441362738685245,0.3931953206353364,0.7520584644437022,0.4797431385638457,-0.4519453363621439,8635.304380547843,True,wing_R,high
-0.0111118005806256,0.0047250913103517,-0.003894194979984,0.0024099093111856,0.0002707936186856,0.4101199505215712,0.4101199505215712,0.4101199505215712,False,0.1060046694763407,0.0001175626522077,4.311197977446337e-05,0.0001041342773635,2.726913791079424,0.1142231362766628,0.5190619337276371,0.3667149299957,0.7378525471918087,0.3484035718755288,-0.5780904511466461,5180.164789748601,True,wing_L,high
-0.0119679319226091,0.0010700447472865,-0.0037109922518897,0.0013489888586469,0.0001950040205832,0.3847102240045733,0.3847102240045733,0.384710257632893,False,0.1539739675125626,7.494122104335186e-05,3.272650235928992e-05,6.830637692343901e-05,2.2899245455748694,0.0885339740604804,0.474770414316667,0.4366956116228524,0.7896063462314793,0.4503445712562173,-0.416787218051402,14591.6706503144,True,wing_R,high
-0.0124344138610974,0.0008624433417945,-0.0030971178765356,0.0018244967321465,0.0004819818294507,0.3272697667659373,0.3272697667659373,0.327269800394257,False,0.4359742824026537,4.338853769368811e-05,3.942866644348766e-05,0.0001110058185441,2.815358178630714,0.6091327620234482,0.0356726458318452,0.3551945921447064,-0.7333923057925931,-0.4174020466988537,0.5365736270222682,4726.324693331941,False,wing_R,high
-0.0105529375562934,0.0022780180955596,-0.0032272647780875,0.0012422479559754,0.0012348139784847,0.2549515103551253,0.2549515103551253,0.2549514935409654,False,0.3277538288074172,0.0001082210893928,9.102571668234012e-05,4.517191932395712e-05,2.395760264618044,0.1588911441105994,0.4237048214504915,0.4174040344389091,-0.9341853768238494,0.3484715333758884,-0.076585064830815,3688.956228153168,True,body,high
-0.0124173116165719,0.0001744506132005,-0.003252118095496,0.0023861268072487,0.0001504082303681,0.4291839038166229,0.4291839038166229,0.4291838701883033,False,0.7412802187244907,3.5254654575609006e-05,8.792302369869885e-05,6.132305754324265e-05,2.493940864181053,0.3025369810598295,0.2964912018604682,0.4009718170797023,0.6541590012350288,0.3893151923716629,-0.6484671788855659,4062.882999151599,True,wing_R,high
-0.0124488293296225,0.0008441181090439,-0.0030940753293978,0.0018469153167656,0.0004868361680217,0.387573692242324,0.387573692242324,0.3875736333927645,False,0.1291560378685028,3.745444396042265e-05,9.219255156475553e-05,3.869194178821417e-05,2.461458289493592,0.5803137983328601,0.0134229697170526,0.4062632319500872,0.909416695430585,0.4036124569871167,-0.1002908701574454,4685.095324632609,False,wing_R,high
-0.0122134287641784,0.0005536401504193,-0.0034798780112796,0.0019294256706618,3.071341877502657e-05,0.4025558232764107,0.4025558232764107,0.4025558232764107,False,0.2506048519054964,0.0001145443768857,0.0001243993098132,4.271398690452481e-05,2.912378797401052,0.0792201575899049,0.5774179140467999,0.3433619283632952,-0.7495195553222382,-0.5171144968673712,0.4132953342576707,7018.95126155925,True,wing_R,high
-0.0122744396980632,0.0012978735702675,-0.003142881869953,0.0013841946771943,0.0004884919833448,0.3091726024414043,0.3091726024414043,0.3091726024414043,False,0.2719578083322581,1.925132526291657e-05,1.5958904681470622e-05,4.143141328958781e-05,2.596131383483512,0.5353447122752472,0.0794667697776405,0.3851885179471123,-0.8662746642227745,-0.4684003803937262,-0.1736930907455215,6086.306397600061,True,wing_R,high
-0.0127242267980502,0.0028940262457734,-0.0041644642699748,0.0012376892675934,0.0012131354910219,0.3740724683376135,0.3740724683376135,0.3740724935588533,False,0.2336612923704736,9.23918623700942e-06,9.80141052747451e-06,1.9433759656601216e-05,2.103405988154604,0.4956503167339939,0.0289302893727058,0.4754193938933002,-0.5624489671186881,0.7030279183336839,0.4352044409591065,3037.897835623488,True,body,high
-0.0128647317275253,0.0025260281024242,-0.0041466312231461,0.001262495530854,0.0012540756676184,0.7602891299796778,0.7602891299796778,0.7602891299796778,False,0.7925831677291517,5.845084220132386e-05,2.2241809402284104e-05,2.1889382165733185e-05,2.6702828685967184,0.619478375937236,0.0060294637900518,0.3744921602727122,0.8517207144088637,0.0592713706751547,-0.5206330082362649,2667.4910401731145,False,body,high
-0.0111555613956735,0.0034307723342675,-0.0033921168579282,0.0012205841782466,0.0005689664934144,0.4853752266106571,0.4853752266106571,0.4853752266106571,False,0.5249119019199453,5.444638821990508e-05,2.0336050455757583e-05,2.095073388529861e-05,2.6773334546133616,0.6152043400807398,0.0112897007430202,0.3735059591762401,-0.1476103496825004,-0.9834297327424169,-0.1052480186264318,2947.7570236413526,True,wing_L,high
-0.0113360407247536,0.0032941596442624,-0.003551767346376,0.0009894871862803,0.0003538263689893,0.2235250048750166,0.2235250048750166,0.2235250048750166,False,0.4237326446428037,7.074717798232824e-05,2.994858457470372e-05,7.594002981228263e-05,2.5356800960946217,0.0683809559041613,0.5372475295107892,0.3943715145850495,-0.9880146707384452,-0.1017911401311382,-0.1160412607498097,3642.3497438503296,True,wing_L,high
-0.0114413010149459,0.0020187633182536,-0.0025405093572262,0.0012872184476233,0.0011984981915662,0.306126902339127,0.306126902339127,0.3061268687108073,False,0.4662053439463012,5.709813675776345e-05,2.1575229869486428e-05,2.1232453540849705e-05,2.6891916493734818,0.6221377597483001,0.0060032839616279,0.3718589562900719,-0.6624598606035519,-0.6046023305088248,-0.4422702285169335,1789.9130909590965,False,body,high
-0.0113000424199647,0.0044117141446841,-0.0036157780397015,0.002064489270705,0.0005070063943419,0.2854085954486977,0.2854085954486977,0.2854085954486977,False,0.6256099781620961,0.0001156419826622,4.337513311971355e-05,4.822279788801873e-05,2.666089400650915,0.582999212069515,0.0419195923202199,0.375081195610265,0.2606134515376029,0.4069619437898614,0.8754785006980098,3297.145897697048,True,wing_L,high
-0.0114550597464325,0.0022952492162906,-0.0026366587774087,0.0011403492988174,0.0011231924798611,0.2128688292959338,0.2128688292959338,0.2128687620392944,False,0.323554521087485,2.4947897149601943e-05,2.250222904107019e-05,5.207875917089637e-05,2.314382236348419,0.5209583034085844,0.0469609519786425,0.432080744612773,-0.4897194768053417,0.6838243039465304,0.5408873777132777,2271.157082793841,False,body,high
-0.0120671280279388,0.0009861698060948,-0.0035442803922612,0.001468771665769,3.426845103812715e-05,0.3682488252216964,0.3682488252216964,0.3682488252216964,False,0.2133078725684712,0.0001262136104404,0.000117742624661,4.7309120296771565e-05,2.66784944739473,0.067116262262309,0.5580499925364603,0.3748337452012306,0.8161639493584438,0.4249532899533292,-0.3915240849877168,5456.425984162085,True,wing_R,high
-0.0107913204970775,0.0022708454284781,-0.0034176443174401,0.0009506121971122,0.000946284702413,0.2184129454113137,0.2184129454113137,0.2184130126679531,False,0.6662977315761373,0.0001260877095475,8.09238995714882e-05,0.0002196485177615,2.714260174368786,0.4259569295868111,0.2056185511120667,0.3684245193011221,0.7534745818944638,-0.6530220082520157,0.0764088422727846,4468.050568814937,True,body,high
-0.0110277828657696,0.0046534886757683,-0.0040145613152997,0.0023723300679517,0.0001136002016228,0.3213606488683889,0.3213606488683889,0.3213606824967085,False,0.5776630757410226,2.771064775600677e-05,4.851978484513957e-05,1.830828503675548e-05,2.650154547393809,0.428879418067274,0.1937840975441415,0.3773364843885844,0.904585982529982,0.3359435858517816,-0.2624235266421697,5286.440861824132,True,wing_L,high
-0.0120610594745061,0.0007483065557643,-0.003594185543303,0.0016901947848383,0.0001463804573885,0.4116895859725111,0.4116895859725111,0.4116895859725111,False,0.1760078700057767,7.822810389442229e-05,7.71189937436728e-05,3.2749387598597675e-05,2.388689060487104,0.0141778989331808,0.56718243107307,0.4186396699937492,-0.7806044749182695,-0.4169207078313189,0.4656541389475722,15065.256135250156,True,wing_R,high
-0.0105646997847539,0.0022678658405973,-0.0032330225510581,0.001230136617341,0.0012239072266881,0.233963016729959,0.233963016729959,0.2339629999157992,False,0.3306354213431458,4.711964632603621e-05,9.23372962171913e-05,0.000122417312614,2.5980100055728057,0.2457170130153596,0.369372999011164,0.3849099879734763,-0.9271022572056145,0.3655931686204774,-0.0826016933379268,3773.5378768718174,True,body,high
-0.0121801477436279,0.0027251270873325,-0.0033022295995803,0.0007576753449561,0.00075016223334,0.3138941866707557,0.3138941866707557,0.3138941866707557,False,0.3535590628917387,2.9106387884875788e-05,7.359728354457212e-05,2.9863906322087853e-05,2.5285612160351443,0.5942254267577469,0.0102927499593554,0.3954818232828977,0.5993655487910962,0.7578482994780105,0.257734153539332,3177.9785113443345,True,body,high
-0.0112189903586307,0.0042522094948226,-0.0039044731175789,0.0019269204783257,0.0001805327780492,0.6005148878886534,0.6005148878886534,0.6005149467382129,False,0.3488904426639069,3.1526572134290854e-05,7.658667191559557e-05,7.28057112686682e-05,2.429273680289957,0.0493683894646092,0.5389859371336849,0.4116456734017059,0.6483755778812186,0.4647049370195977,-0.6030409865977665,6669.807589195607,True,wing_L,high
-0.0122283908919575,0.001009866773644,-0.0033211241117259,0.0015449962800298,0.0002373275827015,0.2991953321948543,0.2991953321948543,0.2991953321948543,False,0.3949841458418764,0.0001396321392121,4.658987630264136e-05,7.885421212408375e-05,2.9970489362341217,0.4352717607205106,0.2310666871072619,0.3336615521722274,-0.768445224719047,-0.4448718677745378,0.4599793015661546,7220.412087773083,True,wing_R,high
-0.0108758450400199,0.002199591847754,-0.0034024114500534,0.0008908129441991,0.0008908070081872,0.2418404842511285,0.2418404842511285,0.2418404842511285,False,0.7584871578212995,8.455313281736675e-05,0.0002041529370486,0.000143501516153,2.414492878574406,0.2970881622986234,0.2887461928681512,0.4141656448332255,-0.6159640528536161,0.7833446500463462,0.0834232871320408,5000.617074893757,True,body,high
-0.0107091859579402,0.0023827289210558,-0.0033346785169617,0.0010509596065102,0.0010303887012369,0.1353928125349284,0.1353928125349284,0.1353928125349284,False,0.5491069718949436,6.495203826501211e-05,7.419432357041528e-05,0.000193843758122,2.984413781306887,0.6172467749841556,0.0476790452008404,0.335074179815004,0.7967514449557211,-0.0310646530955563,0.60350817914012,4653.689210698499,True,body,high
-0.0113357115795791,0.0033235211722015,-0.0040279040067915,0.0010340986000376,0.0001288569060389,0.3409286822688636,0.3409286822688636,0.3409286822688636,False,0.9011193537778528,8.477582005357202e-05,3.00054467060428e-05,7.698988091378688e-05,2.8253477071714124,0.091841507812782,0.5542197548552572,0.3539387373319607,0.8734450345540178,0.4790153620209272,-0.0873959642139759,6546.875684259044,True,body,high
-0.0113895355927159,0.0031446300706247,-0.0037907630428206,0.0008110997147752,0.0001025470530847,0.3259769092003981,0.3259769092003981,0.3259769092003981,False,0.7235518453105675,3.169932235645389e-05,5.555144227537914e-05,2.38823768410078e-05,2.326043284770268,0.4293699486808231,0.1407154377143981,0.4299146136047787,0.9311252481123022,0.3642564080127928,-0.0179733566542552,3385.507021343902,True,body,high
-0.0107718624247395,0.0022010915803499,-0.0032310076123539,0.0010578296850292,0.0010578290867087,0.1835561999930057,0.1835561999930057,0.1835561999930057,False,0.8428538783648131,0.0001036513627315,6.666910511822505e-05,0.0001668178738968,2.5021765869061383,0.3786555342646184,0.2216924167021563,0.3996520490332251,0.7789111412325841,-0.626828511646552,0.0195819062075841,4324.092628925116,True,body,high
-0.011074154989249,0.0028634308375566,-0.0024329883711117,0.0015256834888697,0.0014675376694609,0.4451072242628466,0.4451072242628466,0.4451072242628466,False,0.5643353986103764,2.1940168069380506e-05,6.517516800244918e-05,2.5126355066132003e-05,2.970586542288481,0.6144796271919423,0.0488865175864489,0.3366338552216087,0.057862473147854,-0.9774309222776004,-0.2031765891454363,1401.563511744324,False,body,high
-0.0119918228487656,0.0029432681856669,-0.0041679806982352,0.0007647086665284,0.0005775721002441,0.4248196541125454,0.4248196541125454,0.4248196541125454,False,0.2073858896459055,2.825080531870588e-05,3.0890975349295474e-05,2.900223231132037e-05,1.0934546821163162,0.0611422273534065,0.0243251300458414,0.914532642600752,-0.4183030951096587,0.7807531990266894,0.4641626469582296,3701.543370086282,True,body,high
-0.0109888365635491,0.002271818648194,-0.0031005060458728,0.0009521927610187,0.0009520877796422,0.1770835555278609,0.1770835555278609,0.1770835555278609,False,0.6180773083971338,6.368615513561638e-05,4.618875202478346e-05,5.044566520999087e-05,1.3788238985423191,0.2079021711615432,0.0668420503034376,0.7252557785350191,0.5922497357562546,0.5311476568845956,0.6059062774742069,4829.164773806894,True,body,high
-0.012686037974194,0.0027509698045019,-0.0040322856963596,0.0011120513252571,0.0011075171702665,0.271741155166724,0.271741155166724,0.2717411383525642,False,0.140338593714684,0.000145012548858,7.029891812062541e-05,5.1172433644999565e-05,2.833802079143658,0.5152218295987321,0.1318953747537368,0.352882795647531,-0.2659906890818885,0.6457767761820091,0.715696380223984,4251.808702860351,True,body,high
-0.0111597005943915,0.0047097329532197,-0.0037915004719072,0.0023803138733023,0.0003756630556424,0.3163444805583486,0.3163444805583486,0.3163444805583486,False,0.2080307441214131,5.277200386410447e-05,5.268691873040277e-05,0.0001301648708512,2.470534887745734,0.594575682985946,0.0006536720172288,0.4047706449968252,-0.7207710691026606,-0.3464256939924182,0.6003984547668982,5086.304981605073,True,wing_L,high
-0.0124477039125328,0.0008639313065522,-0.0030834562270206,0.001833777465928,0.0005003748059409,0.3984974063259662,0.3984974063259662,0.3984973474764067,False,0.4446681101107669,2.92181056831707e-05,7.335252531641756e-05,2.7069350853303e-05,2.7097999399371293,0.6016755311813213,0.0292935358475895,0.3690309329710891,0.8536962737714471,0.4560645627102559,-0.2514115884136003,4560.818400867833,False,wing_R,high
-0.0106484389897905,0.0023526900176432,-0.0031876547296941,0.001170836607296,0.001157994343285,0.1395420427627589,0.1395420427627589,0.1395420427627589,False,0.5287419758041126,6.0970665859132494e-05,0.000120515327928,0.0001393945779465,2.2862564477916134,0.135437477530718,0.4271662710706516,0.4373962513986302,-0.8970588911242863,0.4231146861392874,0.1275119924874457,4282.082378716281,True,body,high
-0.0111103970971489,0.0048294697068588,-0.0039053155782463,0.0025123178849614,0.000290221352416,0.2691046108303989,0.2691046108303989,0.2691046444587186,False,0.5783707525383973,2.0534560036746965e-05,5.018549287939488e-05,1.9965532284766915e-05,2.5136065577217224,0.5908267736635495,0.0113384908532736,0.3978347354831768,0.3158293371413018,0.8832749283686812,0.3465216165207984,3809.876064255013,True,wing_L,high
-0.0108786197229733,0.002564703572485,-0.002846554825558,0.0012182822869578,0.0011913482378972,0.2051809246129884,0.2051809246129884,0.2051809246129884,False,0.3361011101297457,2.635153762379119e-05,7.890912814053924e-05,2.88952527032107e-05,2.994479080010003,0.6338160947394135,0.0322360053819006,0.3339478998786859,-0.7089479422367622,-0.653038842387587,-0.2663326595281557,2197.333903477018,False,body,high
-0.0111516427509817,0.0038438586703416,-0.0041061698281062,0.0015885354775698,0.0001346380612083,0.5278726205156333,0.5278726205156333,0.5278726205156333,False,0.2272828052833563,8.233132321197983e-05,3.338655427085208e-05,7.757574032660911e-05,2.4660024075577835,0.0577615262313522,0.5367238656177359,0.4055146081509119,0.7979052126278353,0.5307056726916284,-0.2858299505549674,6775.17972053582,True,wing_L,high
-0.0116176815142154,0.0021793342123141,-0.0028115589085512,0.0009646643775588,0.0009079726114636,0.3099155192805114,0.3099155192805114,0.3099155192805114,False,0.2498860867609693,3.4626321458816146e-05,8.307460504158606e-05,3.676203941280272e-05,2.399175007382558,0.5574816227606484,0.0257084334366375,0.416809943802714,-0.047650916186553,0.675051696268579,0.736229989576285,2898.794681307057,False,body,high
-0.0125249783864156,0.0002363317647191,-0.0031327656789896,0.0023935489288211,0.0003195612420365,0.4769692438062528,0.4769692438062528,0.4769692438062528,False,0.9718994442157932,4.729820312330677e-05,1.960342867967913e-05,5.861277674013486e-05,2.9899247574426977,0.1930393720637446,0.4725040508900468,0.3344565770462085,0.7829408340762238,0.4198765577943847,-0.4590286772640309,3610.844427208292,True,wing_R,high
-0.0119929559341933,0.0022717164309355,-0.0028890997696988,0.000927311630054,0.0008653243352394,0.3719329253454118,0.3719329253454118,0.3719329253454118,False,0.2235360102242706,3.4384915794602446e-05,7.985992076244015e-05,3.837454966624149e-05,2.322527739764776,0.519476737519005,0.0499578992008649,0.43056536328013,0.2640585631491253,0.7244482622938029,0.6367478233077117,1898.2117676588928,False,body,high
-0.0113452178177571,0.004012023286647,-0.0035427746359274,0.0016721244215421,0.0004890821906063,0.3101315812346696,0.3101315812346696,0.3101315812346696,False,0.6581665891516804,6.626519792772812e-05,4.181346778763485e-05,2.638687004208255e-05,2.5112943604924136,0.3689980699485944,0.2328009004421485,0.3982010296092571,-0.9181280301062408,-0.2440713431718108,0.3122020175712228,3605.570669487908,True,wing_L,high
-0.0122570007913127,0.0008155189341545,-0.0033421533571079,0.001724678409737,0.0001790965503235,0.4321335866590388,0.4321335866590388,0.4321335866590388,False,0.4048606335728216,2.039046502774856e-05,1.8608058977687428e-05,4.487141133431727e-05,2.411396663570432,0.5455800381265454,0.0397225314974204,0.4146974303760342,-0.6765650971738284,-0.7343107900093795,-0.0552026535772383,5265.244663378644,True,wing_R,high
-0.0125072799922445,0.0006399545125812,-0.0030753746539056,0.0020497145633779,0.0004735374988194,0.3206574470748632,0.3206574470748632,0.3206574470748632,False,0.539599284674705,2.9680063672339093e-05,7.482495894501866e-05,3.010763430492801e-05,2.521051159831346,0.5976257825005813,0.005714278211674,0.3966599392877447,-0.015282283749531,0.4384431776356023,0.8986289733745485,4463.5278153379295,False,wing_R,high
-0.0119114175055249,0.0017309728666469,-0.0039187021095223,0.0007163724436043,0.0002755011385247,0.2727849277681465,0.2727849277681465,0.2727849277681465,False,0.7967818960044198,3.739598135411974e-05,3.189482089447118e-05,7.866995909150886e-05,2.466543372411473,0.5246472505391702,0.0699270791948628,0.405425670265967,0.8873260677680959,0.41031574260274,0.2104600694468443,3342.1891308996373,False,body,high
-0.0112665112340725,0.0038098137880127,-0.0038105416954308,0.0014821273274534,0.0001741263324835,0.3983848691540455,0.3983848691540455,0.3983848691540455,False,0.1332443385970597,4.221840722712072e-05,0.0001018492686384,4.49496617706457e-05,2.412437496530356,0.5586648547257523,0.0268166338358241,0.4145185114384235,-0.1579086858061291,0.8480997337771294,-0.5057585278709036,11891.275545496796,True,wing_L,high
-0.0119841963958174,0.0007748943328493,-0.0036742279074265,0.0016425140406166,0.0002437283899123,0.3693380969396911,0.3693380969396911,0.3693380969396911,False,0.1249403667699792,3.028823225412056e-05,7.452649173970429e-05,3.4852898598457855e-05,2.460575814211321,0.5323421539794576,0.0612489094519587,0.4064089365685837,0.7928914278195329,0.4490204890375747,-0.4119511914229156,10689.259421695786,True,wing_R,high
-0.0124745843428705,0.0001894396554874,-0.0033794357159285,0.0023674604885055,0.0001331692216736,0.8113595679778542,0.8113595679778542,0.8113595679778542,False,0.9833313263224308,0.0001031404367097,4.180581221392563e-05,4.267245716987122e-05,2.4671315122865667,0.586268407123647,0.0084025721006472,0.4053290207757057,-0.6151170884029424,0.0157469652163251,0.7882785044901087,3863.087633104965,True,wing_R,high
-0.0111692414275432,0.0046840022966699,-0.003705414652286,0.0023532730881868,0.0004490696855732,0.2851273449967751,0.2851273449967751,0.2851273449967751,False,0.4970838902541533,0.0001315073135222,4.713263485003803e-05,4.929326132444673e-05,2.790154081999039,0.6251671484709933,0.0164297058204592,0.3584031457085475,-0.7243425546966519,-0.342406581440954,0.598402537128184,4307.227641538509,True,wing_L,high
-0.0122854808269193,0.0005247348143061,-0.0035578354126647,0.0019687659669509,0.0001229595085459,0.8252280887975537,0.8252280887975537,0.8252280887975537,False,0.9862603677686326,0.0001211746530275,4.609084685126266e-05,5.017659159438398e-05,2.6290394146711806,0.5859151205245952,0.0337178167301427,0.380367062745262,-0.9245853738390184,-0.3064559815244294,0.2263329800777208,6071.746674270481,True,wing_R,high
-0.0119722666871043,0.0010200964731249,-0.0037237447527234,0.0013983551785192,0.0002176603563928,0.36955524340716,0.36955524340716,0.36955524340716,False,0.1521470013274804,9.898389551202366e-05,4.878518432187727e-05,3.967383924954005e-05,2.49494118503218,0.5071401860926833,0.0920487623285189,0.4008110515787978,-0.8244345028891558,-0.402586722989197,0.3977834598355366,11206.791329092946,True,wing_R,high
-0.0110743720946573,0.0040850650232816,-0.0041449714250616,0.0018440667825177,0.0001363969715077,0.4765120752068298,0.4765120752068298,0.4765121340563893,False,0.5877993603118044,4.433929753282623e-05,1.6683083489484307e-05,4.689455800720761e-05,2.810904712954666,0.0544894883962578,0.5897531657957243,0.3557573458080178,0.8733254508521793,0.4273943006102715,-0.2337450934237867,5384.09368199939,True,wing_L,high
-0.0110416056719698,0.004504361068281,-0.004062511995119,0.0022324125787703,3.8057174885309554e-05,0.4038100587167591,0.4038100587167591,0.4038100587167591,False,0.1157685289669199,8.248276510021392e-05,8.06148648747566e-05,3.415900281837208e-05,2.41467133975736,0.0226459457704635,0.5632190191483291,0.4141350350812073,0.8816994208978888,0.3752874935676441,-0.2859465480820549,7374.765115706905,True,wing_L,high
-0.0110410886980624,0.0043642620858902,-0.00413185932106,0.0021114470597988,6.24029568868402e-05,0.4619795989444801,0.4619795989444801,0.4619795989444801,False,0.793883549298116,1.5611697337145364e-05,4.020295309966943e-05,1.580343772389582e-05,2.575181431682856,0.6069085351835568,0.0047693110074551,0.388322153808988,-0.8295329609642337,-0.3399617664320481,0.4430587591260466,5899.815637266558,True,wing_L,high
-0.0112018204457861,0.0036804103109438,-0.0041039941519903,0.0014220246137589,0.0001546530552247,0.4617128675195939,0.4617128675195939,0.4617128675195939,False,0.8983963655308624,6.375409402849017e-05,6.591671003755268e-05,2.435504033728397e-05,2.706491515706666,0.0328083123054908,0.5977096500835767,0.3694820376109324,-0.7994392672908148,-0.5575356415413202,0.2237205093965093,4970.504120848595,True,wing_L,high
-0.011906503729632,0.0017301108661877,-0.0037078135644899,0.0006973143009141,7.266107441214119e-05,0.1344210549801721,0.1344210549801721,0.1344210549801721,False,0.8823301748635601,5.064141359346903e-05,0.0001483788124956,0.0001414057287289,2.9299895474248485,0.0469951447206115,0.6117067093938872,0.3412981458855013,-0.8991998797678573,-0.4374245799753249,-0.0099655937546259,3720.688701270087,False,body,high
-0.0122885477594964,0.0003030540445206,-0.0034554043727283,0.0021918986441531,4.651264442392463e-05,0.3608483417873409,0.3608483417873409,0.3608483417873409,False,0.9287872127270916,9.982109562936344e-05,4.951281410540615e-05,3.5282066715958664e-05,2.829230397215158,0.5039844654756381,0.1425625244816624,0.3534530100426995,-0.6997973427394457,-0.4570118917991765,0.5490207736041945,4832.522749282512,True,wing_R,high
-0.0121879073460878,0.002620825751585,-0.0034100583613015,0.0006608317001513,0.0006604532982824,0.2514746615658032,0.2514746615658032,0.2514746279374835,False,0.2804101242710773,5.011838933813678e-05,2.056377948001804e-05,2.2265132997912973e-05,2.4372168251870794,0.5557492311316022,0.0339466918303441,0.4103040770380536,-0.0321599460802176,-0.7944456684431143,-0.6064831553803378,3850.1575370097166,True,body,high
-0.0121358599974562,0.0011605488600682,-0.003364734105839,0.0013657369744167,0.0002002075573038,0.2574948706175247,0.2574948706175247,0.2574948706175247,False,0.2375451869326012,5.860847279067874e-05,2.821507580827693e-05,2.1157321824101613e-05,2.770127205982857,0.5185836711861167,0.120422076333267,0.3609942524806163,0.7728017891433672,0.6049487393181238,-0.1918708354446383,10578.317884173255,True,wing_R,high
-0.0122534954084945,0.0006597174842297,-0.0033581246897544,0.0018631170179603,0.0001203581970457,0.3692236009181471,0.3692236009181471,0.3692235672898274,False,0.1178610813402277,0.0001205483180336,5.118624642837671e-05,0.0001113087357603,2.3550919718704786,0.0766462977169013,0.4987418349148053,0.4246118673682932,-0.7504395780846959,-0.4473788854991469,0.4865106087780668,6859.087117783646,True,wing_R,high
-0.0111546831134593,0.0040196668509801,-0.0039605260009632,0.0017268269267115,6.60973248028613e-05,0.543331977340082,0.543331977340082,0.543331977340082,False,0.4064872953947415,9.012822614925884e-05,9.283113002255057e-05,3.637767747842441e-05,2.551870720103247,0.0291163521615553,0.579014266634235,0.3918693812042096,0.7880414498165481,0.4556789048362968,-0.4139413111278294,6046.992813581281,True,wing_L,high
-0.012324909948357,0.0028822856053575,-0.0043733256518112,0.0010277902446652,0.0009547496403222,0.333340737766266,0.333340737766266,0.3333407041379463,False,0.1388449222364433,3.0230142306145617e-05,3.802326424317612e-05,2.5743314383784208e-05,1.477015106769899,0.2049566782901629,0.1180021760800466,0.6770411456297905,0.746164337489458,-0.5889559587805853,-0.3104346309221313,4970.565223461896,True,body,high
-0.0112800863652084,0.0034358871116627,-0.0041328745826746,0.0011841847525706,0.0002149754808386,0.5192153437868612,0.5192153437868612,0.5192153437868612,False,0.1792254346905651,4.18224409471355e-05,1.693296087738078e-05,1.887657649397497e-05,2.469883515942114,0.5486495750490655,0.0464730315251318,0.4048773934258026,-0.7383921881384152,-0.480205208288895,0.4734764349240428,13444.954203821848,True,body,high
-0.0119837236541912,0.0010914214275361,-0.0036917612660726,0.0013324671045127,0.0001659197303434,0.381515415932687,0.381515415932687,0.381515415932687,False,0.1783440853354055,8.65762499968487e-05,8.400978575288596e-05,3.3661021846726666e-05,2.5720030244794163,0.029643975617518,0.5815539932486329,0.388802031133849,0.8107311998119463,0.4514521346881843,-0.372700807266316,13350.773307185107,True,wing_R,high
-0.011024763304152,0.0045017056740158,-0.004159011932121,0.0022501559446675,5.840331256089061e-05,0.4794975238690308,0.4794975238690308,0.4794975827185903,False,0.09481307316642,1.6406276567101315e-05,3.700509717359519e-05,1.5889941923214783e-05,2.32883778634406,0.556648196594713,0.0139530681804278,0.4293987352248591,0.1823143549507395,0.3337434420319404,0.9248658231762964,7435.791340055153,True,wing_L,high
-0.0112638637528572,0.0038915414937046,-0.0038111769566596,0.0015615263961582,0.0001892615369743,0.4174665277594263,0.4174665277594263,0.4174664689098668,False,0.1395074922025393,6.559901377097051e-05,3.566250408798651e-05,2.321243074254701e-05,2.8260294881884724,0.4563560938202974,0.1897905567438426,0.3538533494358599,-0.8861819226485796,-0.2636662318540949,0.3810009424538597,10050.495746802177,True,wing_L,high
-0.0119012311797392,0.0015212361252213,-0.00381356731131,0.0008962158186451,0.0002022041849229,0.3152836079563518,0.3152836079563518,0.3152836415846716,False,0.475055932118752,1.814613912359636e-05,1.7051402796894502e-05,4.360112176830226e-05,2.557040161894665,0.5838148564152658,0.0251079853522879,0.3910771582324463,-0.6346948189788393,-0.7214855081212328,-0.2768052534408698,4664.868290363653,True,body,high
-0.0120546701885182,0.0008862292301219,-0.0036074718348018,0.0015540679188456,0.0001189581655552,0.3707590784033381,0.3707590784033381,0.3707590784033381,False,0.1572746586421758,8.819839795435466e-05,9.920669009665944e-05,3.788192521659741e-05,2.6188397112719466,0.1109632035055211,0.5071883024091692,0.3818484940853096,-0.7993267639589194,-0.3985146228187243,0.4497363892533177,7593.387727578261,True,wing_R,high
-0.0119242703925281,0.0014208509773724,-0.0037458364586824,0.0009970799076564,0.000153711096529,0.2961816798812638,0.2961816798812638,0.2961816798812638,False,0.5989939919162602,5.552437712102302e-05,2.7949806992500388e-05,7.028242765598459e-05,2.5145943825244688,0.2099820826793098,0.392339465897414,0.3976784514232762,0.8372084921607212,0.3881721286707661,-0.3852328376153539,5746.238848381858,True,wing_R,high
-0.0110259318637616,0.0044966699366545,-0.0041346498982786,0.0022407975976121,3.5900828076056115e-05,0.4359771648854547,0.4359771648854547,0.4359772237350142,False,0.1656358118854433,1.5799022440326546e-05,1.5023104183293538e-05,4.01731352353201e-05,2.674090171057636,0.6067266757303997,0.0193143565342349,0.3739589677353653,0.9082947983131668,0.3952418032648279,-0.1370564712416411,7788.264330845938,True,wing_L,high
-0.0110244168170844,0.0044994586965881,-0.0041542076093969,0.002247278862423,5.426290120678682e-05,0.4864516565140611,0.4864516565140611,0.4864516565140611,False,0.0925275013757983,1.6081694558134775e-05,3.754689236483508e-05,1.5494461241112854e-05,2.4232460735845733,0.5716903971206883,0.0156399978809405,0.4126696049983713,0.2204077529404073,0.336310220095111,0.9155959033893382,7581.5005063819235,True,wing_L,high
-0.0111287776381295,0.0038646895157909,-0.004141936749521,0.0016234579156637,0.0001693041383872,0.505233347354944,0.505233347354944,0.505233347354944,False,0.2379586406758058,5.9221622540340914e-05,5.436866141868352e-05,2.286018449674e-05,2.590601250343639,0.0819457642916087,0.5320434593037433,0.386010776404648,-0.8158704369647994,-0.5169987736610926,0.2589743194214315,6956.897503990495,True,wing_L,high
-0.0122772604387379,0.0005334174312959,-0.0033355327048231,0.0019923932330319,0.0001167494158583,0.4031365255083006,0.4031365255083006,0.4031365255083006,False,0.1426286735191192,8.804670540512123e-05,7.480177098018045e-05,3.212174634744619e-05,2.741031090052216,0.1504307783465387,0.484743005843939,0.3648262158095223,-0.7247294781231681,-0.4870637209640847,0.4873767693068069,8533.913891474109,True,wing_R,high
-0.0119621748724212,0.001077486329542,-0.0037360144669286,0.0013399446671373,0.0002170648910342,0.3326639005753957,0.3326639005753957,0.332663866947076,False,0.1348720728777612,4.023367559210157e-05,3.967811493905357e-05,9.856179882604396e-05,2.484034309024937,0.5917923975483469,0.0056366732310612,0.4025709292205919,-0.9130583096625184,-0.4042554607431621,-0.053870637786817,15743.387302176729,True,wing_R,high
-0.0112816955822466,0.0034347322040125,-0.0041011835049413,0.0011728089521698,0.0001856357772212,0.437261909618863,0.437261909618863,0.437261909618863,False,0.1555803755319826,5.8555565640003793e-05,2.349232382054566e-05,6.049249609147343e-05,2.5749898798248543,0.0320193507727092,0.5796296083804746,0.3883510408468161,-0.8666118635779885,-0.4654987203662477,0.1797075937273429,13450.314616012573,True,body,high
-0.0125162073632238,0.0027128570817544,-0.0040635515338484,0.0009559027875022,0.0009486480607799,0.1315629168310959,0.1315629168310959,0.1315629168310959,False,0.6781118777036031,0.0001343099397986,5.552511845638548e-05,0.000138293247961,2.49064300636662,0.0288033452185194,0.5696939113357982,0.4015027434456824,0.2640838332922892,-0.6451133134978115,-0.7169996804333494,4919.408799823895,True,body,high
-0.0119566493185816,0.0011701349241656,-0.0037345525247381,0.0012483916238341,0.0001937054533362,0.3438212390031663,0.3438212390031663,0.3438212390031663,False,0.2528255040990482,5.2583412950194704e-05,5.3073871570688354e-05,2.04489836564914e-05,2.5954283333705144,0.0092410560220845,0.6054660860929262,0.3852928578849892,0.7936293930286192,0.5281868664356502,-0.3019453934835137,12130.812252036563,True,wing_R,high
-0.0119618100739807,0.0010433449291092,-0.0037373086379552,0.0013732111678179,0.000227522041796,0.323979117982868,0.323979117982868,0.323979117982868,False,0.1493928239022539,4.3558480250407285e-05,3.811762558243338e-05,9.95671959859636e-05,2.6121038355508026,0.5625217741740172,0.0546450526611287,0.3828331731648541,-0.7655844238529116,-0.4193634127827941,0.4878676234112827,12523.839921616747,True,wing_R,high
-0.0122094687566362,0.0009248049733223,-0.0033746228048292,0.0016013896649497,0.0001598675762606,0.3643373640283992,0.3643373640283992,0.3643373640283992,False,0.1829095034450024,0.0001158136579547,5.3540099337894165e-05,0.0001249200241414,2.3332049377248687,0.0728975698594241,0.4985074174045278,0.4285950127360479,-0.7951067705364702,-0.4206435081371551,0.4368801466181912,6796.674164962983,True,wing_R,high
-0.0112858271612956,0.0034284217749392,-0.0041367043340871,0.0011769099365014,0.0002187221315165,0.480265529536414,0.480265529536414,0.480265529536414,False,0.1653828645886397,2.6552871648241137e-05,1.1573868399086726e-05,1.250765397700196e-05,2.294208879231457,0.5289528702320049,0.0351670278938394,0.4358801018741556,-0.4563396450431276,-0.3060193773774711,0.8355275393614605,13058.961046934408,True,body,high
-0.0111230902303905,0.0044407051847657,-0.0039191454007649,0.0021338278247703,0.0001785859830559,0.4496188500780678,0.4496188500780678,0.4496188500780678,False,0.5473494178944713,5.930775780561937e-05,3.5009001885598174e-05,2.1290322463940124e-05,2.785667427352037,0.4097061972846814,0.2313134053494467,0.3589803973658718,-0.48695207652446,-0.290034748728289,0.8238674163350768,5126.516268830139,True,wing_L,high
-0.0121265748514404,0.0005539140419648,-0.0036458887488674,0.0018901344311316,0.0002109504830007,0.365107065824158,0.365107065824158,0.365107065824158,False,0.2462527381104217,1.95210811286766e-05,1.604235810278901e-05,4.031317957466826e-05,2.5129210628741485,0.5157642901245346,0.0862924498288279,0.3979432600466375,-0.7853260850533512,-0.5385434533730744,0.3053422489007694,7729.513379439559,True,wing_R,high
-0.0113141325012056,0.0035219615974625,-0.0035397832661933,0.0012103741755318,0.000395610787476,0.2148461408667585,0.2148461408667585,0.2148461408667585,False,0.4272369160096643,8.31990038661351e-05,3.256433040016064e-05,7.546023493280476e-05,2.5549121644375856,0.0930151633279384,0.5155819485731157,0.3914028880989458,0.9756975073567608,-0.1753303276754663,0.1314292598130912,4818.855269687451,True,wing_L,high
-0.011359247972916,0.003212467722556,-0.0041444749470887,0.0009674488977974,0.0002578970787537,0.4446827802220447,0.4446827802220447,0.4446827802220447,False,0.2489939793029016,5.534167566134407e-05,2.6316829756558283e-05,1.9861613423978668e-05,2.786363548619408,0.5244663367694072,0.116642950460724,0.3588907127698686,-0.8496302352112209,-0.4427083990673685,-0.2865968192603212,5249.372606247332,True,body,high
-0.0112834025123776,0.0034526325230017,-0.0041085960938053,0.0011904805314971,0.0001875041781055,0.4012419900464503,0.4012419900464503,0.40124202367477,False,0.1322470281699534,5.389578391017684e-05,2.1054547500217386e-05,5.591579602617681e-05,2.655758620583012,0.0361259654616077,0.5873337901616376,0.3765402443767547,-0.8497364766960942,-0.4910841176947738,0.1917923604319375,13452.917151487614,True,body,high
-0.0123861746948918,0.0028598294677641,-0.0042824409019168,0.0010067126173558,0.0009518887860837,0.1750401306804798,0.1750401306804798,0.1750401306804798,False,0.8872894567563914,3.5926958473629825e-05,3.2544088334899026e-05,8.550675147594163e-05,2.627412714592699,0.5798348334664741,0.0395626085699514,0.3806025579635744,0.644001750999714,0.6978033229174605,-0.3135797621573379,5487.013638767321,True,body,high
-0.0122532230964457,0.0028943144083066,-0.0041714795732029,0.0008776086357195,0.0007906280602728,0.2983390206616738,0.2983390206616738,0.2983390542899936,False,0.227787238068126,9.221752470038855e-05,3.659295419100227e-05,7.798073550052941e-05,2.5200896385420464,0.1543826864374637,0.4488060316517339,0.3968112819108024,-0.0319054132812203,0.9870480240096888,0.1572203641451168,5389.542798218746,True,body,high
-0.0111075863658299,0.0039310842857724,-0.0041394293584532,0.0016905578142111,0.0001591330804891,0.4478346743544368,0.4478346743544368,0.4478346743544368,False,0.2448420825324843,5.754865218273322e-05,2.301365437052486e-05,5.6461992859893605e-05,2.500630767117093,0.0188824460977672,0.5812184511838927,0.3998991027183401,-0.8316075227456707,-0.4931296735022306,0.2554448144402088,7086.908251163045,True,wing_L,high
-0.0113422085402531,0.0038704003225884,-0.0035345769205403,0.00153653848393,0.000464538277987,0.3310793173363433,0.3310793173363433,0.3310793677788228,False,0.2074580682723567,3.706938222239239e-05,1.7044671870986826e-05,4.360744257945836e-05,2.5584207727510595,0.1499299195350149,0.4592039607669715,0.3908661196980135,0.9518852034984616,0.2834920200622113,-0.1163908670031239,4286.4513721987005,True,wing_L,high
-0.0108589131066942,0.0025114794436803,-0.0035404187153898,0.0008511255741075,0.0007894726225413,0.2322382370260217,0.2322382370260217,0.2322382370260217,False,0.1489144921382843,7.940365771533097e-05,4.904501906516236e-05,0.0001452842757048,2.962263619712297,0.4534600710908654,0.2089602505356336,0.3375796783735009,-0.3031303591946618,-0.7385059948145098,-0.6022631326567709,4020.298567498098,True,body,high
-0.0123225729175642,0.0028712681649615,-0.0043809238530395,0.0010256679079621,0.0009558445020843,0.3727779713914882,0.3727779713914882,0.3727779125419288,False,0.2477706456861652,3.6006467070292206e-05,3.4081168489252086e-05,4.117388703311014e-05,1.2081125400995223,0.1255023592662633,0.0467601851506486,0.827737455583088,0.4561725358090669,-0.4506914038087313,-0.7673225372074255,4918.138855851456,True,body,high
-0.0119702418885234,0.0011880248908812,-0.003679121903191,0.0012362066929742,0.0001346280433283,0.3767738985168255,0.3767738985168255,0.3767738985168255,False,0.1827410753057172,9.636510310217086e-05,0.0001005318785742,3.997924740837686e-05,2.5146015768469967,0.0414473053839523,0.5608753809583199,0.3976773136577278,0.8237292354048222,0.4662504317666628,-0.322615377216876,10140.64826630984,True,wing_R,high
-0.0120581111494666,0.0013121278351319,-0.0034670084634636,0.0011756356644101,0.0001195652797217,0.2792223801967113,0.2792223801967113,0.2792223801967113,False,0.4354962950663447,9.999798506150704e-05,4.257887859468445e-05,9.077838754769236e-05,2.3485349629191696,0.0921978328677709,0.4820048016303652,0.4257973655018638,-0.855090228637954,-0.3938617465304062,0.3371848536158023,6498.161544322724,True,wing_R,high
-0.0112796615759015,0.0037024658666835,-0.0038481442829124,0.0013776008540538,0.0001191463391996,0.4338282984416124,0.4338282984416124,0.4338282984416124,False,0.1761720010106487,3.7335473587986136e-05,1.256529236534361e-05,1.541485763481201e-05,2.9713175390141555,0.5871256970000717,0.0763232656672483,0.33655103733268,-0.4514709083851086,-0.2933352636206698,0.8426911901749756,14429.974762901173,True,wing_L,high
-0.0120579228191638,0.0007317357443167,-0.0036119583946156,0.0017039908195607,0.0001663012311289,0.3600367643264591,0.3600367643264591,0.3600367391052194,False,0.1981668948733549,7.250133042241118e-05,7.047626713618823e-05,2.869610126628932e-05,2.526521974174309,0.0279313948368177,0.5762675750427896,0.3958010301203927,0.7806487255618604,0.4264403535580395,-0.4568765611584131,15396.418138229545,True,wing_R,high
-0.0108710763044055,0.0022862567504748,-0.0036496986064657,0.0008152055574749,0.0008065372231999,0.3560168854304061,0.3560168854304061,0.3560169358728856,False,0.180118353058366,5.895064102855046e-05,0.0001359198426372,0.0001419022580407,2.407136810811,0.0421587047734871,0.5424099846716776,0.4154313105548352,-0.6571642141078327,0.7499181946413898,0.0758808081258594,3859.6427639981566,False,body,high
-0.0122639676429137,0.0006266980516062,-0.0033669283385227,0.0018951738088721,0.0001084272364235,0.4193333702999926,0.4193333702999926,0.4193333702999926,False,0.2778592040974386,6.57287037574801e-05,2.623226124220629e-05,6.651681301327317e-05,2.5356873507439466,0.0118482714383175,0.5937813422809726,0.3943703862807098,0.7507254229209568,0.4609718915884496,-0.4731979020933177,7793.790879604308,True,wing_R,high
-0.0106114696729501,0.0024409285676932,-0.0032731321196859,0.0011665121999027,0.0011323509590958,0.2231827190228144,0.2231827190228144,0.2231827190228144,False,0.1592905103785684,0.0001597022497558,7.155027416286627e-05,7.046081020809757e-05,2.2665400707742127,0.5519770430770876,0.0068218447544359,0.4412011121684764,-0.8749425715075507,0.4643499500623569,-0.1373121277995539,3921.97772909294,True,body,high
-0.0110271328768777,0.0044959586224378,-0.0041521426278497,0.0022428338952241,5.2570131474618654e-05,0.4475241924856035,0.4475241924856035,0.4475241924856035,False,0.0901554195388228,4.763367581494605e-05,2.0515925212340944e-05,2.0304792031949457e-05,2.345932710859327,0.5692978788358876,0.0044324351790889,0.4262696859850234,-0.880154197551813,-0.321062979258208,0.349638601818746,7625.577452363694,True,wing_L,high
-0.012029738564589,0.0015854801690132,-0.0032817332210763,0.0009943804027207,0.0003473081097059,0.206434083947106,0.206434083947106,0.206434083947106,False,0.3257955313696141,1.653435337940552e-05,1.7431726647347046e-05,3.872032791985239e-05,2.3418108365871007,0.5498042608670785,0.0231757662228225,0.427019972910099,0.6104935439350402,-0.283093972532293,-0.7396995576107374,5293.850117558782,True,wing_R,high
-0.0120497043533344,0.0007389206543921,-0.0036071042889379,0.0016955832379012,0.0001656332989069,0.3673807101482966,0.3673807101482966,0.3673806849270568,False,0.1796539789736907,7.399350381694832e-05,7.551926889258809e-05,3.105260144171862e-05,2.4319788161493388,0.0202036526308257,0.5686085552060234,0.4111877921631509,-0.7772539891566543,-0.4238859125176136,0.4649698587104089,15756.730660361074,True,wing_R,high
-0.0112436053150975,0.0020020702821475,-0.0036194391213178,0.000591511980038,0.0005307621254952,0.2985877189001139,0.2985877189001139,0.2985877189001139,False,0.3129379992505348,4.178090143278886e-05,9.84855976586594e-05,7.841169595246956e-05,2.3571917857514144,0.2038257591304249,0.3719406226953013,0.4242336181742737,0.3475638239705488,-0.9235955367476392,-0.161773523071019,5442.203138047825,True,body,high
-0.0112868734291441,0.0036328421917359,-0.0038111520644113,0.0013068822612409,0.0001453393485533,0.4913339914678373,0.4913339914678373,0.4913339914678373,False,0.1705232927258858,4.495034765328595e-05,5.19430496431914e-05,1.7383715728002475e-05,2.9880291679827224,0.1346224766920677,0.5307087688274933,0.334668754480439,-0.988919391573136,-0.1338049256876879,-0.0643014683528331,14596.339591340808,True,wing_L,high
-0.012261595654106,0.001345135970639,-0.0031402373011725,0.0013428867309167,0.0004978735585,0.2659807585131078,0.2659807585131078,0.2659807585131078,False,0.139123255918637,8.179819716262185e-05,2.795540510579947e-05,3.172893215901464e-05,2.9260243896681164,0.6121071947840758,0.046132154303023,0.3417606509129012,-0.4016708876514883,-0.0383327328154277,-0.9149814750081916,5997.839571409399,True,wing_R,high
-0.0111776120231835,0.0042661887819363,-0.0038862522167743,0.0019492352601113,0.0001830172848074,0.4900414649310703,0.4900414649310703,0.4900414649310703,False,0.459435148029679,4.1121185908989065e-05,1.6261223769822566e-05,4.0141578476109226e-05,2.528787900041164,0.0238224509149114,0.5807311773337361,0.3954463717513524,0.4154409372797399,0.4348050309662465,-0.7989702201450142,6774.8596834636255,True,wing_L,high
-0.0119610754060316,0.0010917395468997,-0.0037423121453647,0.0013257297759443,0.0002192647874496,0.3357960927159757,0.3357960927159757,0.3357960927159757,False,0.1413744504816384,3.689958718926772e-05,3.6662326818543984e-05,8.930292560625883e-05,2.4358226374516136,0.5868042738940056,0.0026568040085251,0.4105389220974692,-0.6714698342881592,-0.4343067082354763,0.6004214726529163,16035.774332021449,True,wing_R,high
-0.0119656177878837,0.0008961485270475,-0.0037092075932525,0.0015186996824556,0.0002443814702232,0.3687265827598638,0.3687265827598638,0.3687265827598638,False,0.1330648850304721,3.802522243136635e-05,1.571304317320748e-05,3.587659349883101e-05,2.419978231600844,0.0565053613141517,0.5302677811291634,0.4132268575566848,-0.7243400609972892,-0.4913577421424506,0.483631104532283,10219.928446781065,True,wing_R,high
-0.0122105576139386,0.0013884456325245,-0.0032092826371248,0.001256154182831,0.0004281765947701,0.1990863969747004,0.1990863969747004,0.1990863969747004,False,0.2388173473279982,0.0001057060855152,3.977278986826118e-05,5.778739169775576e-05,2.657748824394107,0.4533201053082074,0.1704216151954326,0.3762582794963599,-0.8496117365738406,-0.5109912396152296,0.1305674159676671,6043.629208635264,True,wing_R,high
-0.0123006431888829,0.0025723692628326,-0.0041012163561184,0.0007414258049551,0.0007396015725552,0.2038655528874011,0.2038655528874011,0.2038655865157208,False,0.7059778502383578,0.0001496014735002,0.0001698659470547,0.0001315136471396,1.2916222061299918,0.1192968567614091,0.1064829453711057,0.7742201978674852,0.9647941592283112,0.2545207831152025,0.0662676488292758,6482.455607111463,True,body,high
-0.0113249761850164,0.0033205025873534,-0.004109006731589,0.0010594246073576,0.0002076877574502,0.3847569001123354,0.3847569001123354,0.3847569001123354,False,0.0824038466252776,7.07702564058911e-05,3.093578691382865e-05,7.20991409889687e-05,2.330606335950017,0.0184313511208257,0.5524957571707712,0.4290728917084031,0.862627700854032,0.4974297210045231,0.0918538098319772,7972.206593023924,True,body,high
-0.0123067449461685,0.000310876146056,-0.0034532204219327,0.0021899560136175,4.300661636533564e-05,0.4653865701872078,0.4653865701872078,0.4653865701872078,False,0.0793686590958549,5.9804217646535335e-05,2.503942657072355e-05,6.262845449466313e-05,2.501193640268472,0.045095106863422,0.5550957844373161,0.3998091086992619,0.7115638974130214,0.432224010161422,-0.5539487565997151,4939.009622006362,True,wing_R,high
-0.0112832326474894,0.0034401846840698,-0.0041183376420258,0.0011823761334823,0.0001995630829086,0.4788129626734763,0.4788129626734763,0.4788129626734763,False,0.1765194070421875,4.138631506283553e-05,4.3089454757178895e-05,1.82890017429603e-05,2.3560309831434427,0.0395256729039862,0.5360316915132725,0.4244426355827412,-0.8590554159127206,-0.4678317331082571,0.2077432595487682,14282.969740092787,True,body,high
-0.0123443648010347,0.0005137065480774,-0.0032801987163542,0.0020439500248642,0.0001872810528426,0.3784478910509158,0.3784478910509158,0.3784478322013563,False,0.4042709884905969,9.718209988537878e-05,4.684136885306344e-05,3.2401262504821594e-05,2.999330654813751,0.5180041498556792,0.1485881285264796,0.3334077216178411,-0.7148129854373236,-0.4883303981952889,0.5005754868634811,7789.0227076130495,True,wing_R,high
-0.0125819642770998,0.0025869031520674,-0.0041660642834322,0.0010181994505674,0.0010181900845947,0.1608714098506993,0.1608714098506993,0.1608714098506993,False,0.7476684051721778,0.0001100566528227,4.196435264750945e-05,9.501819304385905e-05,2.6226224373617524,0.1366428961190056,0.4820593670226314,0.381297736858363,0.0664294346221494,-0.6830253149577925,-0.7273675476281508,4476.495929995795,True,body,high
-0.0111703132922495,0.0025276230380702,-0.0035386931816005,0.000564813239969,0.0005092563951414,0.1438367491016692,0.1438367491016692,0.1438367491016692,False,0.1661968298981163,0.0001459185008725,0.0001671611449241,0.000225950088063,1.5484677180202269,0.2601855287725975,0.0940147633209716,0.6457997079064308,-0.5481372822107122,0.8363880547712153,-0.0007359936662643,5469.734384633532,True,body,high
-0.0123911004984359,0.0025324481825362,-0.0041217901835543,0.0008202543887186,0.0008202117880353,0.1331173522815253,0.1331173522815253,0.1331173522815253,False,0.7241438528146359,0.0001832753681264,7.330203560999404e-05,0.000158144290512,2.500276651273134,0.1371219595479843,0.4629222997579598,0.3999557406940559,0.0426540136854675,0.7123787013931389,0.7004978379109711,7236.038634535127,True,body,high
-0.0118893897401294,0.00219402740082,-0.0041140499976187,0.0004629304500345,0.0004236400411097,0.2652054576021168,0.2652054576021168,0.2652054576021168,False,0.1422403596939813,6.610998246437232e-05,0.0001591521636756,0.0001131878177088,2.407384751030983,0.2888075468487077,0.2958039284994926,0.4153885246517996,0.1045530989681275,-0.9944774325743732,-0.0091260942600886,6618.214458766999,True,body,high
-0.0122729948045792,0.000605073423454,-0.0033508954777344,0.001921349871591,0.0001201308015184,0.4374404255540612,0.4374404255540612,0.4374404255540612,False,0.3304086998514267,9.137283111442104e-05,5.036687658505525e-05,3.1067263866166804e-05,2.941129013100148,0.4487762284394618,0.2112182853863927,0.3400054861741454,-0.7299150921124573,-0.4776720320366846,0.488930862307144,8242.556654383729,True,wing_R,high
-0.0112020159878532,0.0040046988391062,-0.0038950840272101,0.0016921502867928,0.0001222688900263,0.2982569675615732,0.2982569675615732,0.2982569675615732,False,0.2225100387889634,5.112277748428719e-05,2.1256056555400087e-05,5.502738169083093e-05,2.588786003058092,0.0709574776514281,0.5427610765980478,0.386281445750524,-0.8682271808285917,-0.344762593673555,0.3568197254551927,7753.566663223647,True,wing_L,high
-0.0112439452010742,0.0045301903274684,-0.0036743886596761,0.0021883060834665,0.0004645371250143,0.3614604528698431,0.3614604528698431,0.3614604528698431,False,0.2579072149324358,1.8926436052114072e-05,1.7942907723198566e-05,4.447515632882999e-05,2.4787039545060807,0.5744492517984596,0.0221141061684803,0.40343664203306,0.7001928361842744,0.348810032601434,-0.6229458670806064,3960.83009167274,True,wing_L,high
-0.0119812617169291,0.0008358015704529,-0.003701782847755,0.001581128509751,0.0002477417379357,0.3302583491671815,0.3302583491671815,0.3302583155388618,False,0.249308714303168,4.328327446192334e-05,4.63057620531203e-05,1.816400719800354e-05,2.5493142316200967,0.0652723863550645,0.5424652602651023,0.3922623533798331,0.7682416339983746,0.4248327287714531,-0.4788757086719983,11103.118818733832,True,wing_R,high
-0.0120316112605345,0.0007213570229061,-0.0036672152989126,0.0017047157804393,0.0002267216900005,0.4403925254319565,0.4403925254319565,0.4403925254319565,False,0.1349867563592641,4.365812533863522e-05,1.5163011516488869e-05,3.832627225403462e-05,2.8792516111433155,0.1221273942306032,0.5305601318856321,0.3473124738837646,-0.7839802268496427,-0.4140452955447813,0.4625381034531287,11586.464249847586,True,wing_R,high
-0.0121731788310605,0.0015229331795697,-0.0031960840677853,0.0011417025309473,0.0004595533109083,0.1561567530552088,0.1561567530552088,0.1561567866835285,False,0.3588470887893596,0.0001019727970302,3.854576445339789e-05,3.5765704677148096e-05,2.8511334517439377,0.6219995373670303,0.0272627588652505,0.3507377037677192,-0.0855806808295491,0.2158929134517543,0.9726593427249152,4797.293440321642,True,wing_R,high
-0.0110886096873558,0.0023288085167625,-0.003961631261665,0.0006240211468581,0.0006068547787303,0.6810496945753844,0.6810496945753844,0.6810497618320239,False,0.7529944683754506,2.0933637833033543e-05,5.182825142147973e-05,2.0907082775673484e-05,2.478980543463705,0.5960960044205197,0.0005123664532709,0.4033916291262094,0.9711326445540068,0.0373872677378633,0.2355919754419452,3567.188907375646,True,body,high
-0.0112701123953045,0.002247753583304,-0.0035858704882374,0.0004578087832638,0.0004559217971553,0.1583957602100427,0.1583957602100427,0.1583957602100427,False,0.9367820877351296,0.0001080235240451,5.020564624405477e-05,5.240808951161638e-05,2.151621025253834,0.5148455859512169,0.0203885522808973,0.4647658617678857,0.5892772611804962,0.228681287149133,0.7748917204122323,15705.929807306184,True,body,high
-0.0111000965116782,0.0042136117187882,-0.0039996582432861,0.0019315128218149,5.793978266844786e-05,0.4408126776584549,0.4408126776584549,0.4408127407115544,False,0.1450298901550389,4.842973052307762e-05,3.053169604253717e-05,1.934300989811172e-05,2.503732913242493,0.3695670879690674,0.2310292876623347,0.3994036243685979,-0.7641930670523248,-0.288860958339015,0.5766873529189164,6789.447469720369,True,wing_L,high
-0.0121328886378907,0.0005870542210329,-0.0036161186833366,0.0018615198228277,0.0001735139350178,0.3476401886889322,0.3476401886889322,0.3476401886889322,False,0.1790181287302568,6.574707267029267e-05,6.419446700422585e-05,2.4552942481242323e-05,2.677767551507172,0.0236148257710697,0.6029397646611157,0.3734454095678147,-0.7904642077086264,-0.543617119539203,0.2822175821515622,8075.903958012366,True,wing_R,high
-0.0116003687680779,0.0020956883156887,-0.0037949456262421,0.000302359974851,0.0001744822051965,0.1452133243691347,0.1452133243691347,0.1452133243691347,False,0.1893805585964871,6.698648965251494e-05,0.0001548485987726,0.0001100210777427,2.311639251078179,0.2894925842739006,0.2779139651980436,0.4325934505280557,-0.2361210597565979,-0.9699288253650292,-0.059033201382232,6258.3386510125165,True,body,high
-0.0119621084024322,0.0015994348983519,-0.0033012213710587,0.0009513678058069,0.0003191250912333,0.2351201840254549,0.2351201840254549,0.2351201840254549,False,0.1406411438486527,1.3817565061367616e-05,1.5153470540204443e-05,3.386451692630244e-05,2.450831009363863,0.5525265996505386,0.0394485319765253,0.408024868372936,0.744480989674522,-0.1160001428428914,-0.6574891808035117,5728.0822735931215,True,body,high
-0.0122971604023641,0.001316824421359,-0.0032089972973314,0.0013515678230433,0.0004529915562208,0.2176427728190789,0.2176427728190789,0.2176427391907592,False,0.1388495974499032,6.112022647539577e-05,2.5061596516626567e-05,6.055402505095014e-05,2.438800195145065,0.0092637324351792,0.5806985769041811,0.4100376906606396,0.9346693695310804,0.3536298514099535,-0.0365936859601006,6223.558713346084,True,wing_R,high
-0.011216696565819,0.0024987309195725,-0.0036636850855352,0.0004789274454638,0.0004237440532446,0.1197453199740735,0.1197453199740735,0.1197453199740735,False,0.4249106695868825,6.251918951150945e-05,0.0001370957220391,0.0001414084932837,2.261841434424011,0.030498671928363,0.5273836867637461,0.4421176413078907,-0.0844415160722216,-0.2558334618290876,-0.963025892783766,6861.331166409949,True,body,high
-0.012307693343034,0.0025024645352584,-0.0042168315483605,0.0007946652764293,0.0007946631251209,0.1544731848570802,0.1544731848570802,0.1544731848570802,False,0.2952390585821431,6.94894531859487e-05,0.0001944993746703,9.582715182815568e-05,2.7989769058889977,0.5073138307483921,0.135412767711203,0.3572734015404049,-0.042532931587901,0.1685814284641415,-0.9847696439815397,6079.558110753304,True,body,high
-0.0111639641993498,0.0022087172953495,-0.0037400161987506,0.0005397439328199,0.0005392013740948,0.1796204759670353,0.1796204759670353,0.1796204759670353,False,0.362915168269045,0.0001026565993832,0.0001465171338883,0.0002515921775503,2.4508134797171475,0.4176403443262708,0.1743318688690754,0.4080277868046538,-0.7165205045751657,0.6943982600494751,0.0664034860802534,6760.01093071114,True,body,high
-0.0123284327969051,0.0025103850027027,-0.0040811655401636,0.0007432786023155,0.0007430681075652,0.1351298390747701,0.1351298390747701,0.1351298390747701,False,0.7379376512401332,0.0001946652725993,7.770665081974727e-05,0.0001563910922322,2.5051301342387657,0.1966153482640769,0.4042037922937168,0.3991808594422062,-0.0474053925366669,0.6132734613853766,0.7884468214907354,6924.9619813527215,True,body,high
-0.0124830267175604,0.0025878086408776,-0.0040436409934235,0.0008836297421904,0.0008836117817794,0.1685687304631645,0.1685687304631645,0.1685687304631645,False,0.3470361322225953,6.234539215275668e-05,0.0001582924633052,0.000121501553447,2.5389601033771068,0.23242363590759,0.3737143263747294,0.3938620377176805,0.2139285902973859,-0.873281183431838,-0.4377379728984699,5804.291144923205,True,body,high
-0.0119277661922812,0.0029055909024706,-0.0040944399848313,0.0006721549435307,0.0004781881127825,0.1351273169507916,0.1351273169507916,0.1351273169507916,False,0.2116870822987364,0.0001281207623203,5.524449135932354e-05,9.317708692678232e-05,2.319159054013911,0.2727401457869005,0.2960690748358771,0.4311907793772223,0.5513464179458404,0.8111057592182386,0.1952551530211058,3637.247076226388,True,body,high
-0.0119496112707839,0.0011701642732023,-0.0037334415742447,0.001246802604419,0.0001953034059509,0.3205360320265382,0.3205360320265382,0.3205360488406981,False,0.2166016521096711,4.884430709358896e-05,4.604028164747463e-05,1.9548000882023648e-05,2.498685537635013,0.0574074157862783,0.542382159597228,0.4002104246164936,0.7945563290726614,0.535218141237273,-0.2867434065869607,12060.066100578972,True,wing_R,high
-0.0124650759936717,0.0007199512397108,-0.0031446549145438,0.0019418616175588,0.0004204793017612,0.2149667320212505,0.2149667320212505,0.2149667320212505,False,0.1246544259418348,0.0001151618647062,4.153241051704078e-05,4.1370333177821567e-05,2.7836823119413188,0.6393562172426579,0.0014073872425795,0.3592363955147625,-0.0455113140013933,0.575045968789308,0.816854242859173,4828.598929484904,False,wing_R,high
-0.0120650190567608,0.0027759376923047,-0.0040555466027939,0.0006303385435891,0.0005518763099855,0.1314243345255573,0.1314243345255573,0.1314243345255573,False,0.235785014135979,8.428399541501996e-05,0.0001404958351878,0.0002310317717651,2.741110819765769,0.3918765626287041,0.2433078331318981,0.3648156042393978,-0.3607354427489642,0.9323445439904308,0.0245681020020774,4292.902878667555,True,body,high
-0.011264156142431,0.0037174034862124,-0.0038143763717006,0.0013944382033655,0.000155594972176,0.4422312084583029,0.4422312084583029,0.4422312084583029,False,0.2052701051779298,6.44254383610611e-05,2.4844402352389475e-05,5.995457619875825e-05,2.5931571002296545,0.069395913726604,0.5449737671880469,0.385630319085349,0.9588896593816708,0.2711484875422507,-0.083720480376387,14818.203495923372,True,wing_L,high
-0.0115747959240106,0.0032023948014596,-0.0027512012932539,0.0012955321004587,0.0011237810545281,0.4898512064069821,0.4898512064069821,0.4898512064069821,False,0.1646899923086102,1.8912308446882783e-05,4.616461946480479e-05,1.7989580564771445e-05,2.5661865377343944,0.5903289431140823,0.0199877718653094,0.3896832850206083,0.9106653745282606,-0.0161319333355696,-0.412829669915038,1375.711040586194,False,wing_L,high
-0.011290715861301,0.0036537609000676,-0.0038243920501651,0.0013263962047932,0.0001348266485788,0.4866856938559911,0.4866856938559911,0.4866856938559911,False,0.161333737797813,1.5314339626890335e-05,3.7805954122226405e-05,3.625714784579821e-05,2.4686636866694016,0.0409672579991214,0.5539552883971638,0.4050774536037147,-0.991716186369479,-0.1272688583714909,-0.0173678836244756,15663.21455750644,True,wing_L,high
-0.0111069508904522,0.0045646455670489,-0.0039059108669893,0.0022564833139471,0.0002161802061269,0.4329774094749857,0.4329774094749857,0.4329774094749857,False,0.3294651128331978,5.351850539087166e-05,2.195513367012269e-05,2.101400655639021e-05,2.546801593844419,0.589765567820445,0.0175850784108967,0.3926493537686583,-0.6572042391394344,-0.3239921746618705,0.680523077356697,5558.343620771298,True,wing_L,high
-0.0112282636391398,0.0034949890337312,-0.0036794590777235,0.0011973886503901,0.0002782847379895,0.7209343277731529,0.7209343277731529,0.7209343277731529,False,0.2218086123586277,3.4554374816808e-05,1.4503003956097812e-05,3.60432967040235e-05,2.4852297367587104,0.0413092592345831,0.5563134533826329,0.4023772873827839,0.9767203404528098,-0.0899728402256843,0.19473639764428,5713.06809801599,True,wing_L,high
-0.0118802139190426,0.0016773657549424,-0.0034358894703503,0.0008029507674357,0.000197679609168,0.4720344854546985,0.4720344854546985,0.4720344854546985,False,0.3213659956459919,3.29624570267879e-05,1.876760148115642e-05,4.563222481806237e-05,2.4314361568194705,0.2776495742162337,0.3110708627998519,0.4112795629839143,0.8755794518123211,0.465660434978184,0.1285339755082818,5574.661001335172,True,body,high
-0.0125774102235923,0.0027032458705222,-0.0037635129996364,0.0009579224978989,0.0009568972030757,0.185416115099711,0.185416115099711,0.185416115099711,False,0.1740877412426437,9.4631370875177e-05,3.924971173884796e-05,7.737890245013666e-05,2.4110080477741263,0.1823123586341903,0.4029233684206351,0.4147642729451745,0.4201005165238373,-0.7965246758271736,-0.4348148994857703,3705.163055022525,True,body,high
-0.0116248346683945,0.0029752654344969,-0.0041373249447921,0.0007057400310527,0.0003155170937639,0.2232400216796058,0.2232400216796058,0.2232400553079256,False,0.2525393697288253,3.921566390285302e-05,3.99125424239555e-05,2.7467142690381568e-05,1.4531013609192067,0.0174601385624638,0.2943566232307965,0.6881832382067397,-0.4623288744571846,0.4542329671055981,-0.7615276905258259,4081.613805701121,True,body,high
-0.0115632530673863,0.0024094608010514,-0.0036267668529881,0.000168738149843,0.0001652297875631,0.1469027102665738,0.1469027102665738,0.1469027102665738,False,0.0375182954472933,0.0001066969675278,6.065569047129426e-05,0.0001457887930432,2.403546838070376,0.2681401272308575,0.3158080679277507,0.4160518048413917,-0.1813981037918232,-0.588910878547257,-0.7875777454127488,8999.264989405618,True,body,high
-0.0120707415717318,0.0025658794429853,-0.0039551610687131,0.0004809079100146,0.000472669215774,0.0833267240608393,0.0833267240608393,0.0833267240608393,False,0.904783120576042,0.0002657639512309,0.0001058356037834,0.0001700771600767,2.511101573859629,0.360044282570908,0.2417241164417318,0.3982316009873601,-0.1027558140781025,0.3962763199020719,0.912363042301702,5593.500835302223,True,body,high
-0.0122215191084989,0.0023190754976207,-0.004257946211982,0.0007486113822441,0.000735282343992,0.3235917197397704,0.3235917197397704,0.3235916524831309,False,0.2336643662165344,4.574346235072682e-05,2.039085394871352e-05,3.601470923978634e-05,2.2433323521309823,0.2126807331799164,0.3415538415365398,0.4457654252835438,-0.2441375475174531,0.5383369031014291,0.8065917410011871,5044.211986706709,True,body,high
-0.0112621702663817,0.0038472126120699,-0.0038153344254412,0.0015194543431014,0.0001760735722143,0.4008591484406738,0.4008591484406738,0.4008592072902333,False,0.117996418596966,3.46362295461459e-05,2.070753909441097e-05,5.1437673432836015e-05,2.4840070661375298,0.326636932920933,0.2707877227363734,0.4025753443426935,-0.949563368497313,-0.2561560814810819,0.1808686571197267,11573.287082113247,True,wing_L,high
-0.0110934562605253,0.0042483787865298,-0.0040009725628851,0.0019665585091783,6.0638232595690014e-05,0.4095470668740147,0.4095470668740147,0.4095470668740147,False,0.2217929539139952,1.687931986154377e-05,1.6713420022884082e-05,4.1284295070761736e-05,2.4701284963960166,0.5911442878554077,0.0040184733292728,0.4048372388153194,0.585060285197722,0.2242822970052852,-0.779359938625532,6729.332087454476,True,wing_L,high
-0.0112185710580869,0.0040441597649214,-0.0038664513343742,0.0017233638992164,0.0001605020340429,0.4434090865952022,0.4434090865952022,0.4434090865952022,False,0.2102868667453492,1.5215188071796817e-05,3.702168757250197e-05,2.7503446332047653e-05,2.433206043711423,0.2570990644825179,0.3319205326927884,0.4109804028246937,-0.7046129308204372,-0.3332517786791399,0.6264693685471169,7308.269280474685,True,wing_L,high
-0.0111054859699546,0.0042097393938352,-0.0039884949119767,0.0019248500890406,6.63149847837766e-05,0.4634002147001503,0.4634002147001503,0.4634002777532497,False,0.1391797471447254,4.464071181688012e-05,3.283206986562611e-05,1.837731255467384e-05,2.429120780531471,0.2645262915988892,0.3238021241741592,0.4116715842269516,-0.8049170958818704,-0.4221483656971922,0.4170122613260735,6903.724358400663,True,wing_L,high
-0.0119086457899346,0.0014321306111058,-0.0037820276139073,0.0009827449575452,0.0001889700674757,0.2947255736376762,0.2947255736376762,0.2947255736376762,False,0.122507333954866,3.941671078659346e-05,2.508902550495124e-05,6.283922711701686e-05,2.504649975528772,0.3727371803412996,0.2280054344869923,0.399257385171708,0.8226453607767533,0.4117895570730921,-0.3920254724862047,5457.070414195123,True,body,high
-0.0119672008268415,0.0015645841083515,-0.0035456051761686,0.0008963283279453,8.143137693137632e-05,0.1600012770781166,0.1600012770781166,0.160001243449797,False,0.2694182524111941,4.899836184300582e-05,0.0001383560402903,0.0001187563779621,2.823687059858508,0.1416610527959071,0.504192053868785,0.3541468933353078,-0.8952381902598319,-0.425723568976159,0.1315599692858822,5308.869539640163,True,body,high
-0.0116924325398371,0.0031602815624114,-0.0041444551436894,0.0008682724323052,0.0003643839995734,0.3689070659517653,0.3689070659517653,0.3689070659517653,False,0.135148332084321,3.898142592248141e-05,1.5756680400026213e-05,2.559203705455027e-05,2.4739618328754425,0.3434812491096997,0.2523087963504126,0.4042099545398877,0.9713710369705676,0.194222744613044,-0.1368058259347914,3479.202279048823,True,body,high
-0.0114170813435043,0.0031106827580596,-0.0040628531601831,0.0008292495499663,0.0001908694122222,0.2521133137996391,0.2521133137996391,0.2521133810562785,False,0.4963937202911668,7.472462466663982e-05,3.55192685594534e-05,2.985496480264003e-05,2.502921211283158,0.5246644768319502,0.075802371468346,0.3995331516997037,-0.835991120575966,-0.5113461982193246,-0.1991077896135258,4289.753318673636,True,body,high
-0.011547310283821,0.0025767979495068,-0.0038069159472655,0.0002353722976009,6.883600884115462e-05,0.1756734528256411,0.1756734528256411,0.1756734528256411,False,0.1827597875520638,8.378303796686009e-05,0.000122475057248,0.0001155612272643,1.4618120829722605,0.0564509226541078,0.2594666212981019,0.6840824560477902,-0.5556539640680604,0.8046350534991802,-0.2093110195279313,8580.518627395393,True,body,high
-0.011349634821921,0.0024869416476721,-0.0037365265713131,0.0003397675407603,0.0002846716171099,0.17939116445491,0.17939116445491,0.17939116445491,False,0.2298042882038352,8.96677530443602e-05,0.0001112155200338,0.0001950430596129,2.1751750544753343,0.4297899127784043,0.1104769738142216,0.4597331134073741,-0.6060450278999632,0.7910522280344966,0.0833414463480867,5953.257983368288,True,body,high
-0.0116434055333309,0.0030048622335526,-0.003260923332603,0.0007908013207047,0.0005979057200958,0.1054707708221551,0.1054707708221551,0.1054708044504749,False,0.2318457895440304,5.406546163135209e-05,3.8572498316650526e-05,0.0001009172164319,2.616299717055815,0.4642592855522474,0.1535215086431042,0.3822192058046484,0.8618344501117873,-0.4505913600668976,-0.2328278480628482,2199.374937230546,False,body,high
-0.0123316564763467,0.0025207791334438,-0.0040609660638579,0.0007392621048187,0.0007391659930618,0.1239071944501162,0.1239071944501162,0.1239071608217964,False,0.7876250930452355,0.0001964599788863,7.110628329139735e-05,0.0001526433445605,2.762906030136242,0.2230308410608061,0.4150314060469289,0.361937752892265,-0.0177228410575251,0.6150235420315597,0.7883095481166036,6630.615851768562,True,body,high
-0.0118541747755178,0.0024558606567816,-0.0039032438222795,0.0002455647203707,0.0002425710193762,0.1508615033198675,0.1508615033198675,0.1508615033198675,False,0.1338162304116583,8.1017412539155e-05,0.0001194182652489,0.0001833063950919,2.2625555340143686,0.3485319200727287,0.2094899781894823,0.4419781017377889,-0.4387610157298933,0.8941783632986533,-0.0890720252616636,17323.35725944905,True,body,high
-0.0112448069383051,0.0021936777737139,-0.0037280834657881,0.0004705723514699,0.0004662928343626,0.109930827609096,0.109930827609096,0.109930827609096,False,0.6767964075557161,0.0002502561691443,9.289303358774568e-05,8.70845234953884e-05,2.873715777495088,0.628808217174586,0.0232102573623554,0.3479815254630585,-0.7643752952366553,0.5708651620452001,-0.2997388443211572,7683.851952757159,True,body,high
-0.012419146854973,0.0004324477697767,-0.0032446825439271,0.0021515792815885,0.0002318626244189,0.4338707037527709,0.4338707037527709,0.4338707037527709,False,0.1012847517839101,8.599578727404558e-05,6.982392656665971e-05,3.145794593702872e-05,2.733674584036369,0.1880541038115095,0.446137907981107,0.3658079882073834,-0.7282804277138389,-0.4606838185022597,0.5073243912716249,6519.920244459797,True,wing_R,high
-0.0112796168426446,0.0034420893717103,-0.0041180344567659,0.0011851783074133,0.0001999022665098,0.3474159550530836,0.3474159550530836,0.3474159550530836,False,0.138221710272714,5.644691789402406e-05,2.250722972955172e-05,5.2964099673689e-05,2.507946049882361,0.061700768620775,0.5395665712221588,0.3987326601570661,-0.8486480975519384,-0.4931248235821002,0.1913748021255628,14178.918048073669,True,body,high
-0.0118737998398519,0.0023874751085358,-0.0039427035205195,0.0002763317683412,0.0002751150249219,0.1213016386104069,0.1213016386104069,0.1213016386104069,False,0.7017411729094508,0.0001790565209935,7.370355439624973e-05,0.0001250686117488,2.429415005291549,0.3015132257970038,0.2868650472350292,0.4116217269679669,0.439039153771769,0.8889955223229224,-0.1301214153979397,14173.426668374625,True,body,high
-0.0109123744534377,0.0025111934569093,-0.0035324175046794,0.0008022093125681,0.0007434838275045,0.1022101689427498,0.1022101689427498,0.1022101689427498,False,0.6804196487348126,0.0001109387214362,4.553749694319756e-05,8.116202555187502e-05,2.4362059595555183,0.2684066978497905,0.3211189758406029,0.4104743263096065,0.3244010271569733,0.4639740430305119,0.8243130843153111,4359.772751933789,True,body,high
-0.0112318487917823,0.0038832459381366,-0.0038984899421905,0.0015680057989169,9.88888107170968e-05,0.2644054735044561,0.2644054735044561,0.264405490318616,False,0.0977408583440371,0.0001021961300704,4.353979098923008e-05,5.070360795341851e-05,2.3471892663818887,0.5038598044908893,0.0700987107755573,0.4260414847335534,-0.9454120058101776,-0.1596767783456676,0.2840765138604837,8834.395918086357,True,wing_L,high
-0.0119153536610318,0.0014073077634536,-0.0037653516390694,0.0010080846665439,0.0001771887674987,0.2858683618358184,0.2858683618358184,0.2858683618358184,False,0.1766630352070274,4.348331514445564e-05,2.493357837469158e-05,6.244494344286981e-05,2.504451727885698,0.3036535426725457,0.2970574676992863,0.399288989628168,0.8120488617161352,0.4389093345701729,-0.3846235070984316,5871.411522539275,True,body,high
-0.0119906261941407,0.0015334168294708,-0.0035122094989674,0.0009406310967558,0.0001117059756418,0.1578011106325517,0.1578011106325517,0.1578011106325517,False,0.1957199677568646,5.541429292274484e-05,0.0001422512250816,0.0001292824215104,2.56704935818626,0.0911683084890642,0.5192793843801735,0.3895523071307622,-0.8940918468035772,-0.4109975961792153,0.1779908576704865,5377.891354473558,True,body,high
-0.0123042269707571,0.0013063807508377,-0.0031732958393052,0.0013777142488107,0.000481476221442,0.2290989829383019,0.2290989829383019,0.2290989829383019,False,0.1726194694043366,4.375132194530245e-05,1.8163868618155e-05,3.475816542981336e-05,2.408700638892119,0.2055516522845244,0.3792867523501213,0.4151615953653542,0.9340202619227342,0.3455210474279322,0.0906716940510755,6193.937124204959,True,wing_R,high
-0.0117467799211514,0.0024385381632716,-0.003832479985555,0.0001206894397109,0.0001133519198265,0.141304032202459,0.141304032202459,0.141304032202459,False,0.1463138757096876,8.7435868605328e-05,0.0001271717972563,0.000129157092986,1.4771637206357655,0.0153711707492398,0.3076557990915818,0.6769730301591782,-0.4522139108736871,0.8911831385611738,0.0359887809821447,15008.094922634178,True,body,high
-0.0117040464324964,0.0024336883329204,-0.0041159815722266,0.0003681797195041,0.0003561982837153,0.1941533242426718,0.1941533242426718,0.1941533242426718,False,0.3374945493860434,0.0001953366142191,7.822153900615137e-05,0.000106157968104,2.4972228455365766,0.4565383016985996,0.1430168594327527,0.4004448388686476,-0.0346470072921197,0.6005040507087349,0.7988707467219593,13945.820759938664,True,body,high
-0.0115369364489303,0.002513970816972,-0.003813490107339,0.0001971089345529,0.0001003700900966,0.1609116965777159,0.1609116965777159,0.1609116965777159,False,0.0229098719983605,5.664191033979965e-05,0.0001353949770813,9.188034402721654e-05,2.3903674199732814,0.3213903055499445,0.2602639658209489,0.4183457286291065,0.2112195891927991,-0.9746694432062152,-0.0735238846995415,12930.871635945728,True,body,high
-0.011696956811595,0.0024943717984005,-0.00413391214169,0.0003975245592135,0.00036590533914,0.1365993293896036,0.1365993293896036,0.1365993293896036,False,0.7059470298407655,0.0001896127744902,7.674591562114822e-05,9.770897263654622e-05,2.47065622913752,0.4846920367089019,0.110557197803546,0.404750765487552,0.1788174584081283,0.6741231936010988,0.7166465212484554,16078.02780939535,True,body,high
-0.0113256744257227,0.0022883829589106,-0.0037701137690779,0.0003618280442948,0.0003616967953338,0.1019178043311619,0.1019178043311619,0.1019178043311619,False,0.5658469303445417,0.0002264762623084,8.496173266395033e-05,8.20494587060004e-05,2.7602407850118675,0.6248536963744276,0.0128590693270253,0.3622872342985471,-0.5612280156108784,0.6960844101751071,-0.4477606597331303,9175.725806127268,True,body,high
-0.0123171658309231,0.0025258443826035,-0.0041667260501775,0.0007781641509881,0.000778047688024,0.1170903641327054,0.1170903641327054,0.1170903641327054,False,0.8155533146127226,0.0001000070451953,0.0001243406579311,0.0001389949449762,1.3898515320063756,0.1054303596982415,0.1750683288513116,0.7195013114504469,-0.3994154435883406,0.8985042201575101,0.1820919267355747,6813.251352092211,True,body,high
-0.0113595301167342,0.0027267049550592,-0.0037977730646966,0.0004657246735052,0.0002033946759713,0.1360744585755178,0.1360744585755178,0.1360744249471981,False,0.0674375573589661,7.4949226056846e-05,0.0001144325717439,0.000171888844565,2.2934038629656834,0.3342641168281156,0.2297027813932626,0.4360331017786217,-0.5628583031389056,0.8263246004630036,0.0194469858139849,4357.240603628709,True,body,high
-0.0115727101825123,0.002523479246817,-0.0037905378808633,0.000174895751966,5.838158476433047e-05,0.1412184481287886,0.1412184481287886,0.1412184145004688,False,0.9116562486706024,0.0001586332431784,6.292102231165817e-05,8.922052304982688e-05,2.5211485343123496,0.4375673013918741,0.1657880795425725,0.3966446190655533,0.1028527778781447,0.6623443056431103,0.7421060078350634,11814.811788512356,True,body,high
-0.0116908303311547,0.0024140906875987,-0.0038622424752519,0.0001149030628948,0.0001081187843219,0.1467981261922653,0.1467981261922653,0.1467981261922653,False,0.1988397951013501,0.0001914100885217,8.570570919519361e-05,7.994709575441084e-05,2.394209404550811,0.5522403763714799,0.0300852138215738,0.4176744098069461,-0.8422405382918144,0.4641091384332699,-0.2742874099929528,18392.03484721964,True,body,high
-0.0110573702332796,0.0040869358049158,-0.0042455246836758,0.0018752901741974,0.0002287811219727,0.3890238462733223,0.3890238462733223,0.3890238462733223,False,0.1366692967108318,5.660238300970369e-05,2.3159009078764416e-05,5.399559031729291e-05,2.444076204521422,0.0460544689781679,0.5447929857165554,0.4091525453052767,-0.864169510956847,-0.4646285221269688,0.1932133348366843,4331.741719947183,True,wing_L,high
-0.0121455727163729,0.0005113931130067,-0.003631418999701,0.0019367672002468,0.0002019534685962,0.4440318956869131,0.4440318956869131,0.4440318956869131,False,0.1468215476958274,4.693316909687594e-05,1.9944503486927505e-05,4.273741608633352e-05,2.353188141667101,0.0893984593685088,0.4856461440385282,0.4249553965929629,0.783192184508597,0.5614013385272968,-0.2672798893003571,7751.907505115648,True,wing_R,high
-0.0116837849476869,0.0022587737579372,-0.0043971296525661,0.0006574333490828,0.0006570401310167,0.3162026699341174,0.3162026699341174,0.3162026699341174,False,0.1427504543357136,3.791387496720874e-05,2.5960814658372142e-05,6.461359882632303e-05,2.4888894927450087,0.4132214323935327,0.1849929508022856,0.4017856168041816,0.961203035221578,0.060905443588725,0.2690339235525632,3762.2071445114407,True,body,high
-0.0116376406384333,0.0021304816364771,-0.0029447620827207,0.0008476232343156,0.0007687818989348,0.2200613047587025,0.2200613047587025,0.2200613047587025,False,0.1636606609538979,3.656839441303552e-05,3.722777899311797e-05,8.707704929154375e-05,2.381210624344596,0.572473122412828,0.0075724267811917,0.4199544508059801,-0.103849385133834,0.7403904395739644,0.6641063937313025,3067.803517584649,False,body,high
-0.0115642520305397,0.0024274699520336,-0.0038276047392881,0.0001392293658674,0.0001123455760292,0.1482797563305153,0.1482797563305153,0.1482797563305153,False,0.4196515444185476,9.8708306152177e-05,0.0001250678364655,0.0001554561415907,1.5749043586165128,0.1954783182848291,0.1695624890957168,0.634959192619454,-0.366801490997064,0.929764388629498,0.0315412085809413,17344.969418208184,True,body,high
-0.0109251296527984,0.0023730100646651,-0.0033372030629178,0.0008559564059919,0.0008449913652079,0.0917086163777089,0.0917086163777089,0.0917086163777089,False,0.8048449775021432,0.0002046756809135,7.39926570333436e-05,0.0001426389979466,2.766162064180091,0.3030974793387208,0.335390802693154,0.3615117179681252,0.2545311431793476,0.6302952984596697,0.7334451130735348,5702.976947102316,True,body,high
-0.0116511062671478,0.0024198037701409,-0.0037377694727606,4.31925905167135e-05,2.3486093552785275e-05,0.1371729948955935,0.1371729948955935,0.1371729948955935,False,0.3207320958635636,0.0002059621311082,8.297586879525262e-05,0.0001258204444983,2.4821931255277674,0.3891088433524309,0.2080216177242516,0.4028695389233175,-0.0007419736532258,0.5896531788223128,0.8076562252467566,9135.691973605632,True,body,high
-0.0115625783474648,0.0022851827718903,-0.0039113116559349,0.0002186387572912,0.0002151632272955,0.1223557182918215,0.1223557182918215,0.1223557182918215,False,0.4116052872286312,6.366222970577763e-05,0.0001058537227533,0.0001266084275549,1.9887526425029467,0.1639283040036346,0.3332439543112812,0.502827741685084,-0.4307965997613898,0.8891348308706619,0.1544459198769101,12677.12543998898,True,body,high
-0.0113237750311547,0.0022999504217207,-0.0037486599666927,0.0003602967438641,0.0003598524524903,0.1124871179604252,0.1124871179604252,0.1124871179604252,False,0.3258814228861361,0.0002553876526104,0.000103610792895,0.0001149691700409,2.464874994917553,0.5498248687208593,0.0444750442313392,0.4057000870478013,0.0569075821243955,0.5820046088085241,0.8111918160474698,9606.24677305861,True,body,high
-0.0115107976811802,0.0023743720479786,-0.0039015654677734,0.0002212901819035,0.0002133440396362,0.127772366261328,0.127772366261328,0.127772366261328,False,0.2091903969061582,0.0002236034684162,9.06890016577385e-05,0.0001017404914471,2.465607342995787,0.5449959154582481,0.0494245007362583,0.4055795838054934,0.0275473916783239,0.6170634980757518,0.7864310399229153,20895.31715266177,True,body,high
-0.0118296598167571,0.0024617653556869,-0.0040010695218976,0.0003033776918065,0.0002961056019496,0.124656937838125,0.124656937838125,0.124656937838125,False,0.2833619157237646,0.00017001934624,7.04188919629916e-05,0.0001073777285483,2.414399623461612,0.3684381752843242,0.2173801829184227,0.414181641797253,0.0895214208608013,0.6537312874789343,0.7514128818287575,14472.186062661203,True,body,high
-0.0118267462148853,0.0026432508788877,-0.0035362031012022,0.0003692089044358,0.000329712608763,0.1343935806429663,0.1343935806429663,0.1343935470146466,False,0.026282390144273,7.925015978324851e-05,7.560141723720924e-05,0.0001939804206321,2.565830479387268,0.5914527892814977,0.0188098496443582,0.3897373610741441,0.3068288590007771,0.1947603909567162,0.9316246247275068,7210.942204674379,True,body,high
-0.0114145126390982,0.0024584085657538,-0.0038563675841931,0.0002885570173675,0.0002410242613119,0.1165793145580217,0.1165793145580217,0.1165793145580217,False,0.0946609866522964,0.0002364309251774,9.83763317293054e-05,9.51855728806104e-05,2.4838945443334555,0.583910896362267,0.0134955224080811,0.4025935812296518,-0.4774155076273528,0.7844511266519076,-0.3958672289688423,7850.730750852781,True,body,high
-0.0117016148253908,0.002427902820904,-0.0039289014916642,0.0001837805282366,0.0001739631222068,0.130401764579714,0.130401764579714,0.130401764579714,False,0.1716953041563364,0.0001791585801276,6.986795596047224e-05,8.580114742810195e-05,2.564245334857051,0.5210882595353556,0.0889334546873409,0.3899782857773033,0.0792338333003177,0.7122445020125483,0.6974451727651676,24589.38643609359,True,body,high
-0.011661927156675,0.002406963404179,-0.0039521050796303,0.0002013693979715,0.0001938869806709,0.1146375144928144,0.1146375144928144,0.1146375144928144,False,0.2761315246115831,7.236690358903292e-05,7.356795087475484e-05,0.0001570810685226,2.1706202798823098,0.5316561596717797,0.0076460346050472,0.4606978057231731,-0.4804022908333758,0.8727310287416741,0.086914845875397,19291.391518302764,True,body,high
-0.0111905445697609,0.0042234957653484,-0.0038515576763141,0.0019026371980358,0.0002086771034423,0.4420436633192616,0.4420436633192616,0.4420436633192616,False,0.1796683156245175,2.364825577395608e-05,1.6872335046889823e-05,4.098677677502455e-05,2.429229662706341,0.4230271898724607,0.1653196777160381,0.4116531324115012,0.5823539228161088,0.3461972951735739,-0.7355347316036075,6411.17639485094,True,wing_L,high
-0.0112805080525931,0.0036639554766807,-0.0037777327042377,0.0013374013054868,0.000183052206193,0.4664088795135733,0.4664088795135733,0.4664088795135733,False,0.131679909908209,6.860766996583104e-05,2.795327235901001e-05,6.542763568559297e-05,2.454369888601509,0.0463510024727822,0.546212447460269,0.4074365500669487,0.9839198015876892,0.1785139961261398,0.0058802407025011,15015.003405691426,True,wing_L,high
-0.0116125846875094,0.003019609500693,-0.0041815572759487,0.0007679056675102,0.0003498149347461,0.3266881145340156,0.3266881145340156,0.3266881145340156,False,0.1474483193076448,2.0197238893198084e-05,4.0841821652468805e-05,1.703562020365932e-05,2.397436733397932,0.505476541544586,0.0774113044330296,0.4171121540223843,0.9034517148994874,0.2573759584746756,0.3428303003592553,4143.692721776132,True,body,high
-0.0113373461945559,0.0037721339525825,-0.003466570998301,0.0014547585847777,0.0005098323308061,0.3682754084084298,0.3682754084084298,0.3682754420367495,False,0.1648004876579034,5.04387380277726e-05,3.5909112083863856e-05,2.0444713236613856e-05,2.467079750350486,0.2880648190664174,0.3065976559273744,0.4053375250062081,-0.9346820862691404,-0.3220878370234659,0.1504287966086013,3995.33954797888,True,wing_L,high
-0.0112885394700029,0.0036066626744267,-0.0038075584364914,0.0012812653851789,0.0001454680593518,0.5100364087994209,0.5100364087994209,0.5100364087994209,False,0.1593097321618923,4.6646205124202834e-05,4.4541160293721634e-05,1.8756525777488507e-05,2.486932051147094,0.0451278903584158,0.552770251032801,0.4021018586087832,-0.9904449906984494,-0.1265421359877626,-0.0548252516638394,11804.825169862308,True,wing_L,high
-0.0115141453634073,0.0021018620382562,-0.003229662632487,0.0006157501325873,0.0005351844494369,0.1668417481042859,0.1668417481042859,0.1668417481042859,False,0.2617327041528617,9.024760787317132e-05,3.748142177423176e-05,6.606580101220947e-05,2.407795745230134,0.2679495604464724,0.3167328188703739,0.4153176206831536,0.2614493438195112,-0.7700906303838546,-0.5818974665792463,4375.621195362355,True,body,high
-0.0115733153921997,0.0025145413356331,-0.0038182229832717,0.0001760039033448,7.212451738057248e-05,0.1290325875425854,0.1290325875425854,0.1290325875425854,False,0.5063424247341836,0.0001036662901023,0.0001242135453709,0.0001393658000508,1.3443695140752523,0.1087229052920449,0.1474339849600617,0.7438431097478932,-0.447522671800761,0.8940976664359326,0.0176867492244352,12691.100458931069,True,body,high
-0.0116666103535765,0.0026158897872472,-0.0037847581086089,0.0002323923574985,5.966986123599964e-05,0.0648106349434774,0.0648106349434774,0.0648106349434774,False,0.9627501241736812,0.0002270266107072,8.164427470659019e-05,0.0001622163433848,2.780680109207044,0.2854743200389562,0.3549014295163688,0.3596242504446749,0.078114807377781,0.5665312169848447,0.820329480788057,6034.4675427596285,True,body,high
-0.0117048376578049,0.0022720486271946,-0.0040221641107814,0.000294658860492,0.0002850734708731,0.1590058788146018,0.1590058788146018,0.1590059124429215,False,0.9397842255742436,6.678619614993072e-05,0.0001140309652025,0.0001964971731357,2.94218243384634,0.4196813960077902,0.2404348535842884,0.3398837504079213,-0.610810289436436,0.7903897180638693,-0.0468495880184152,8594.453325653423,True,body,high
-0.0116104181501151,0.0023944622713316,-0.0038746725990671,0.0001381135420679,0.0001305119864741,0.1527940555971537,0.1527940555971537,0.152794021968834,False,0.0698330763812346,0.0001972721674397,8.057973822087138e-05,0.0001140600047231,2.4481609371705093,0.4218140034480679,0.1697161182784221,0.4084698782735099,-0.0130847947338099,0.6084494722013267,0.793484737045837,22403.190216605068,True,body,high
-0.0119654297701765,0.0020988112649847,-0.0041717429052658,0.0005861599491269,0.0005097439322169,0.211760338993223,0.211760338993223,0.2117603053649033,False,0.3291730921291804,9.257589352140982e-05,3.915041963336744e-05,3.268059284565886e-05,2.832748290663496,0.5770991978131628,0.0698867333774349,0.3530140688094023,-0.6903204869406298,0.0029036321402824,-0.7234978882004055,5147.890735026434,True,body,high
-0.0115282076368011,0.0024496591158269,-0.0037626397121359,0.0001591501088561,0.000120995082494,0.1406734675795142,0.1406734675795142,0.1406734675795142,False,0.8745355547261503,0.0001728710157252,7.175500053029112e-05,9.878566882886828e-05,2.409184230334973,0.4285585214246155,0.1563632178892103,0.4150782606861741,0.0166394420456961,0.4775143237585769,0.8784663906910706,13896.111291493671,True,body,high
-0.0116145542592008,0.002402044038266,-0.0039854673138386,0.0002411936162618,0.0002312839999897,0.1148386118447001,0.1148386118447001,0.1148386454730199,False,0.2275567039812779,0.000231778459205,9.199529083407728e-05,9.32576738847854e-05,2.51946004087381,0.5976430501581115,0.0054465072165807,0.3969104426253078,0.0985005909177631,0.599906352850791,0.7939836279156602,20391.41825998221,True,body,high
-0.0117438440297471,0.002479425490842,-0.0041503724602755,0.0004150037412433,0.0003939750636984,0.1100352099134862,0.1100352099134862,0.1100351762851665,False,0.4700058008687525,0.0001587769528192,6.513359897829024e-05,0.0001192664946169,2.437711953735863,0.2488425272099015,0.340936733433477,0.4102207393566214,0.0080490391105227,0.6269554162141329,0.7790135551125927,21908.698110925685,True,body,high
-0.0114794032917155,0.0023449754184129,-0.0038046378983365,0.0002053262399971,0.0002038198634728,0.1099686258404538,0.1099686258404538,0.1099686258404538,False,0.413597167179396,0.0001770254776192,8.205618834964994e-05,7.324256950924817e-05,2.416975248211192,0.5364724363227398,0.0497872902755769,0.4137402734016833,-0.8051032604269829,0.5162395751774304,-0.2920709521168911,13655.965859014306,True,body,high
-0.0115535980584466,0.0023950909834995,-0.0039375700998192,0.0002210554937321,0.000209080856785,0.0917492057596029,0.0917492057596029,0.0917492057596029,False,0.7417116952194988,0.0001897646410804,7.759601404089152e-05,7.263829294557872e-05,2.6124600866187806,0.591093400756381,0.0261256315564661,0.3827809676871528,-0.5651092680812831,0.7036730815741712,-0.4306921283196918,20973.84576266008,True,body,high
-0.0115909351793337,0.0022461293789532,-0.0040197267267733,0.0003129807471503,0.0003057312166941,0.1335396567204854,0.1335396567204854,0.1335396230921657,False,0.9812137940418612,5.657944605678146e-05,9.10636600724664e-05,0.0001635657400351,2.8909038782561343,0.443259572249627,0.2108278543433232,0.3459125734070498,-0.5455031658347038,0.8368148349598806,0.0465534967041548,8744.52644607229,True,body,high
-0.0115094558890805,0.0023614016190433,-0.0039900406198599,0.000290062758813,0.0002836502084922,0.0784783946944883,0.0784783946944883,0.0784783946944883,False,0.6698545621906933,7.254386562873591e-05,7.721289607746198e-05,0.0001882977572789,2.5956399710294824,0.5899425612218999,0.0247959960660046,0.3852614427120954,-0.5315382624930525,0.8429472170956258,0.0831087522262655,17784.296018296016,True,body,high
-0.0115297016671158,0.0023064196947579,-0.0036246080980643,0.0002081211317369,0.0002009938694424,0.1436671951136745,0.1436671951136745,0.1436671614853548,False,0.9406543910130726,0.0001700971927365,6.211619079302066e-05,9.114733029350396e-05,2.73837127751976,0.4641455933098355,0.1706738308459219,0.3651805758442425,-0.0310820782250988,0.6596810929267954,0.7509026302045544,17942.831443891686,True,body,high
-0.0115580564773224,0.0023893978046138,-0.0039841479828786,0.0002591948099184,0.0002488885602349,0.1122015126410998,0.1122015126410998,0.1122015126410998,False,0.4320008126865672,0.0001736931561905,7.352327261276904e-05,8.124124657839649e-05,2.3624241688112453,0.5322714587021922,0.0444345311864937,0.423294010111314,0.1333507976345348,0.645766034974905,0.7518003676794943,17195.1898630658,True,body,high
-0.0114756824210901,0.0023437582894674,-0.0039662674306462,0.0002946178691106,0.000290362390274,0.1204086049520994,0.1204086049520994,0.1204086049520994,False,0.7872976877370408,0.0001653220166313,7.389999283137258e-05,9.193565136287507e-05,2.23710463691914,0.4438995287126285,0.1090941115950667,0.4470063596923048,0.0531735300397949,0.6517946129676675,0.7565291522535238,16830.298528875213,True,body,high
-0.0116899392746079,0.0023966648504474,-0.0038306599852175,8.086811037497772e-05,7.889502430714565e-05,0.1194047996086563,0.1194047996086563,0.1194047996086563,False,0.1839847344081417,0.0002205528895452,8.975116780648797e-05,9.500256299875814e-05,2.4573818361982305,0.5692526940152836,0.0238101400670741,0.4069371659176423,0.0950978810529169,0.5913754233674611,0.800769318628156,15541.210624603937,True,body,high
-0.0116599460898255,0.0023925458367705,-0.0038038327413263,5.384824541167681e-05,5.066777498813581e-05,0.1562701141209625,0.1562701141209625,0.1562701141209625,False,0.9139338532849386,5.585455863153319e-05,7.235786325984718e-05,0.0001424113276615,2.5496813715960043,0.4919093554705348,0.1158847747528672,0.3922058697765979,-0.493243918436091,0.8689710434810706,0.0399970313552201,13944.408608246142,True,body,high
-0.01221164271321,0.0010452145673003,-0.0033748313305873,0.0014930722446064,0.0001964329132086,0.4765469729956124,0.4765469729956124,0.4765469729956124,False,0.1881555370351623,8.49585727156447e-05,6.889754387571552e-05,3.381917182567601e-05,2.5121423183740683,0.1890454173904881,0.4128879632600041,0.3980666193495077,-0.727919513458761,-0.4507607200363573,0.5166700641591937,8671.153700302715,True,wing_R,high
-0.0115496996642077,0.0025764709241176,-0.0034276580863844,0.0003962306734521,0.0003602144972967,0.1605730257698829,0.1605730257698829,0.1605730257698829,False,0.05834235634893,0.0001627703453297,6.968442836967669e-05,8.677049661513523e-05,2.3358209163494394,0.4669145879161653,0.104970399926627,0.4281150121572075,0.4169716568997437,0.896700222738627,0.1485373619086422,4576.945561749418,True,body,high
-0.0112870363231305,0.0035229900262869,-0.0038793857913882,0.0012077363620788,7.424366482632461e-05,0.4748858517008924,0.4748858517008924,0.4748858517008924,False,0.2028437589590375,1.3929616837341435e-05,3.1695362365147715e-05,2.045977092453824e-05,2.275393697849696,0.3544869218142826,0.206028693155986,0.4394843850297313,-0.9257220667622632,-0.2051076557404529,0.3177569899562555,7052.998850418709,True,wing_L,high
-0.0115122388129961,0.002798386908048,-0.0037950106708025,0.000445010465513,4.427198340669044e-05,0.1270090034038352,0.1270090034038352,0.1270090034038352,False,0.0527245107115211,0.0001097669827057,0.0001038512314633,0.0001309854957996,1.26128014038901,0.1619913179269726,0.0451634068817639,0.7928452751912635,0.3181394083094312,0.1155314282130083,0.9409781113158732,4837.779398559705,True,body,high
-0.0115724959741129,0.0023999599608822,-0.0038896388856744,0.0001712429843096,0.0001590237409497,0.1302980212133984,0.1302980212133984,0.1302980212133984,False,0.2364831735317126,0.0001650745129449,6.832422817388898e-05,0.0001141731335415,2.416046508785487,0.3083539578300448,0.2777467250981634,0.4138993170717918,0.0381221729897985,0.5156047928912458,0.85597803562598,23856.25728901892,True,body,high
-0.0117598703558376,0.0024316253259473,-0.0038817995246636,0.0001622486173157,0.0001575293002647,0.1535641441185892,0.1535641441185892,0.1535641104902695,False,0.0283554415221896,0.000153245450328,5.356400066596658e-05,9.04576829180326e-05,2.860978426232784,0.4097202708178807,0.2407489564818308,0.3495307727002884,0.0276632165257586,0.6848236327248385,0.7281835884672246,19155.997476240937,True,body,high
-0.0115051407972056,0.0023917493577439,-0.0039513690153496,0.0002609694198373,0.0002468872828828,0.0835656532724026,0.0835656532724026,0.0835656532724026,False,0.365720267526754,0.0002102643602416,8.973464980364366e-05,9.355814290499952e-05,2.34317914765075,0.5550451688651348,0.0181842186519951,0.42677061248287,0.00836985195992,0.521330336734299,0.8533139079955696,18472.102303670155,True,body,high
-0.0115813184159203,0.0024550564239742,-0.0040992992360698,0.0003657830803695,0.0003354883066923,0.1250571820993533,0.1250571820993533,0.1250571820993533,False,0.6066743350808341,5.943549517295624e-05,5.8595618719567405e-05,0.0001679468404506,2.866201332465654,0.6461053091950687,0.0050008470009622,0.3488938438039691,0.5172628174722556,0.2661655377881851,0.8133849544678032,10116.764616916376,True,body,high
-0.0117501510608081,0.0024643379011065,-0.0041790359134797,0.0004406895375847,0.0004243681334568,0.154231195468423,0.154231195468423,0.154231195468423,False,0.576409284138535,0.0001345756003983,5.949453054407039e-05,0.0001113090542176,2.2619827262724,0.1728882955886584,0.3850216794145835,0.4420900249967581,0.0248652541190307,0.6635184815480852,0.7477465772450712,19892.199166601804,True,body,high
-0.0114406174353714,0.0025152122060371,-0.0032866417712524,0.0005364294141856,0.0005236788998175,0.1994315244199184,0.1994315244199184,0.1994315244199184,False,0.1003174375128723,0.0001537898598913,6.558650294521078e-05,7.439136057364204e-05,2.3448400659485014,0.5162791576363749,0.0572525238962442,0.4264683184673809,0.0311106941838156,0.8563038251260422,0.5155345611905275,4192.416865868752,True,body,high
-0.0110761510936368,0.0021624833996563,-0.0035790765850815,0.0006609754584746,0.0006574740826922,0.098536443155666,0.098536443155666,0.098536443155666,False,0.3151529973407716,7.338863067977035e-05,9.624065777361574e-05,0.0001775225185709,2.418937605547553,0.4578678888269698,0.1287274835767598,0.4134046275962703,-0.7277661091018388,0.6842142850725349,0.046981938502471,6730.273812345122,True,body,high
-0.0114457698310723,0.0023391721962864,-0.0037999866851845,0.0002374846316939,0.0002358044001228,0.1376676674785767,0.1376676674785767,0.1376676674785767,False,0.5475014193473314,0.0001678631742552,6.821849175952931e-05,9.002866168671916e-05,2.460669679519952,0.4636783077280542,0.129928258678255,0.4063934335936908,0.0222654852016602,0.5770248194110206,0.8164230557452514,13568.733770749588,True,body,high
-0.0116298375981679,0.0024124599492518,-0.0040237333312742,0.0002763408459552,0.0002645447561807,0.1020199671664511,0.1020199671664511,0.1020199671664511,False,0.8900871549596334,6.316909548650724e-05,6.629851028313039e-05,0.0001540392464581,2.4385222753592823,0.5695998792025732,0.020315697905426,0.4100844228920008,-0.4145463537896297,0.8977510902652523,0.1489775167173676,19326.96058509184,True,body,high
-0.0117451726776123,0.0024260993929506,-0.0039379448509573,0.0002030722087936,0.0001976649895463,0.1396580604657699,0.1396580604657699,0.1396580604657699,False,0.3630295725700867,0.0001265092155322,5.460774740411923e-05,7.917288033131443e-05,2.316689875449584,0.3741730197422399,0.19417662834955,0.43165035190821,0.004127173814181,0.7193773915302489,0.6946071803483193,22918.57989774516,True,body,high
-0.0123907615179009,0.0004908414668065,-0.0032608415712493,0.0020849239430761,0.0002206506812403,0.488749206369976,0.488749206369976,0.488749206369976,False,0.1511638108264123,8.949159678086996e-05,5.612474131653021e-05,3.340990107631762e-05,2.6785950840275152,0.3728490345975407,0.2538209290849104,0.3733300363175488,-0.7054394134367163,-0.4972487993024915,0.5050731289252003,7206.829499318164,True,wing_R,high
-0.0112469936891019,0.0039461613991827,-0.0038423042966209,0.0016200544708369,0.0001679312057652,0.3254695923692027,0.3254695923692027,0.3254695251125633,False,0.1021196381812512,3.6434930345912e-05,2.274670856513968e-05,5.6112646032334e-05,2.4668468350770136,0.350682369800972,0.2439418339474619,0.405375796251566,-0.9029664375203814,-0.2579797645126596,0.3436539739530795,9664.10726668854,True,wing_L,high
-0.0116996792229716,0.002341856500313,-0.0039768152897632,0.0002303832351269,0.0002299507739355,0.1052476469208572,0.1052476469208572,0.1052476469208572,False,0.4245259201554432,0.0001733478779851,7.262485517346935e-05,8.480598191664532e-05,2.3868946460699973,0.5107757712274738,0.0702698347667028,0.4189543940058233,0.3970878158310681,0.916856297781178,0.0411800405233355,11963.94891920072,True,body,high
-0.0112804890939469,0.003448275888528,-0.0041115945516247,0.001188443064844,0.0001922010531454,0.3512487091640918,0.3512487091640918,0.3512486923499319,False,0.1584200840369063,4.2554318818852096e-05,4.062529151089145e-05,1.7784370873048344e-05,2.3927930384842475,0.0453309408187745,0.536747415346343,0.4179216438348825,0.8407899312674982,0.5078379495974437,-0.1875444172132554,13856.030560197098,True,body,high
-0.0117412294035608,0.002315569641946,-0.0040920467157825,0.0003535812062301,0.0003520492621747,0.2709115277052361,0.2709115277052361,0.2709115277052361,False,0.2674363544725045,4.5433822360235705e-05,0.0001086090182104,0.0001133475259465,2.4947829625210307,0.0418051271650821,0.5573584012768955,0.4008364715580224,-0.7324941150588904,0.6653032468981518,0.1443050971756359,9125.233671464428,True,body,high
-0.0112811633924261,0.0036930193073505,-0.0038581764032125,0.0013688842802258,0.0001077402260189,0.4372664116101646,0.4372664116101646,0.4372664116101646,False,0.1771417462397744,8.484743894417891e-06,2.519716758583964e-05,1.8823149984077013e-05,2.969702786482082,0.2529656390960669,0.4103003265918318,0.3367340343121012,-0.9421672297404364,-0.1197949703836059,0.3130017192828544,13486.2561631123,True,wing_L,high
-0.0122716719655281,0.0003588322797888,-0.0034472852247055,0.0021353201634946,3.038788757111005e-05,0.5255004157899549,0.5255004157899549,0.5255004157899549,False,0.0692587452134762,4.515658569650503e-05,2.0586619531445224e-05,5.100833274752623e-05,2.477742043544987,0.1147213942471977,0.4816853412298872,0.403593264522915,0.6915538229843612,0.4710951637758016,-0.547560641922669,5535.941872491543,True,wing_R,high
-0.0110932617715934,0.0039585701652269,-0.0041673830677316,0.0017270021854578,0.0001810898793511,0.419907094655542,0.419907094655542,0.419907094655542,False,0.1371604347896109,4.721933156449213e-05,4.850507255703769e-05,1.913724822616637e-05,2.5345897165464297,0.0265073511854588,0.5789514757514012,0.39454117306314,-0.8405626992995505,-0.4717751841458391,0.2662377211636488,6462.831043257282,True,wing_L,high
-0.0118878727900922,0.0014066679456349,-0.0037883430986036,0.001003041530129,0.0002063618156877,0.2960064427072376,0.2960064427072376,0.2960064427072376,False,0.1258182151830754,4.206648854835452e-05,1.9275630203769985e-05,4.673967326255411e-05,2.424806492366337,0.0999832559365269,0.4876127014529994,0.4124040426104737,0.8168958877214927,0.4278962887578902,-0.3867633316266401,5483.969093137046,True,body,high
-0.0115063832632988,0.0024482957647245,-0.0038136705374217,0.0001888195475972,0.000148781861458,0.1478180058725314,0.1478180058725314,0.1478180058725314,False,0.2556015580605096,0.0001029492991949,0.0001289442394812,0.0001593902556925,1.5482403176998667,0.1910155428196288,0.1630898963891604,0.6458945607912108,-0.5787181692375518,0.8110542061762434,0.0853015547229944,13646.725073425298,True,body,high
-0.0119980383878434,0.0024307181738916,-0.0038981901573845,0.0003585427249644,0.0003574984766059,0.1258763007109308,0.1258763007109308,0.1258763007109308,False,0.1989477392316073,3.253521311741361e-05,6.36154978304539e-05,6.0271313614278894e-05,1.955281423879944,0.052568703071189,0.4359959670642946,0.5114353298645162,0.2036256317625222,-0.8979555703279816,-0.3901440705768357,8988.235213708667,True,body,high
-0.0120439439864564,0.002428466059174,-0.0039097960134944,0.0004046843658102,0.0004026271943366,0.1423932534779741,0.1423932534779741,0.1423932534779741,False,0.4858381024482844,0.0001303126752291,5.195875516757598e-05,0.0001254691799956,2.508002256959962,0.0371682587667106,0.5641080171118704,0.3987237241214189,0.0360713168868815,0.6544804267524449,0.7552180023648691,7277.195743750189,True,body,high
-0.0115685370018723,0.0022789421266182,-0.0037296716791273,0.0001516439808527,0.0001319674244431,0.1206737642530391,0.1206737642530391,0.1206737642530391,False,0.204291201833705,6.630951272642049e-05,0.000116297491468,0.0001271690078359,1.917809415379072,0.0854887252237899,0.3930830285798374,0.5214282461963725,-0.3641868288656344,0.911974803443794,0.1888647970492284,13372.98188056132,True,body,high
-0.0117260303412521,0.0024731583442979,-0.0041651368430706,0.000425308925514,0.0004043464692999,0.1276486140447829,0.1276486140447829,0.1276486140447829,False,0.7165676106992501,0.0001499489952648,5.489089799617963e-05,0.0001036217614912,2.7317642949704486,0.3089532790251643,0.3249829277547776,0.366063793220058,0.0661348589232826,0.5775072603270124,0.8137023686242936,20344.168878658704,True,body,high
-0.0116548578692055,0.0024918280437496,-0.0041330740026132,0.000395792041231,0.0003598363289733,0.1050724097468309,0.1050724097468309,0.1050724097468309,False,0.5695706056410369,0.000187934648571,8.155384911966116e-05,7.811016914242046e-05,2.406020248507765,0.5660520838506379,0.0183238163022353,0.4156240998471268,-0.7656307236195341,0.5530946393478036,-0.3284751360065947,12249.528915200855,True,body,high
-0.01139705427308,0.0023044230877351,-0.0039465269322172,0.0003477269903938,0.000346248724853,0.1161837782615535,0.1161837782615535,0.1161837446332337,False,0.8257452685985387,0.0001164759159118,5.007324187858618e-05,4.665737226793567e-05,2.4964096829744857,0.5700978911683767,0.0293268319369693,0.400575276894654,-0.7968376554308843,0.4767422249741164,0.371169236082599,9022.298657973406,True,body,high
-0.0115325759799158,0.0023655077026559,-0.003903520539246,0.0002078968862777,0.0002030826665226,0.1037247884626386,0.1037247884626386,0.1037247884626386,False,0.9201502725721932,7.459902249213535e-05,6.893448044293278e-05,0.0001401966925591,2.0337673056841785,0.467897415192908,0.0404042488150151,0.4916983359920768,0.4086155888763374,0.1218431954335373,0.9045371945109768,22549.434942698368,True,body,high
-0.0115803927329911,0.0023448631443728,-0.0039819145768001,0.0002513115476723,0.0002502077345288,0.1140651604912934,0.1140651604912934,0.1140651604912934,False,0.9703841343984152,8.270717699573256e-05,9.737186200221233e-05,0.0001062397509932,1.28452880212209,0.0834705362927758,0.1380338796860933,0.7784955840211307,-0.4369570327463739,0.8974235415176732,-0.0608238330209576,13898.986436423174,True,body,high
-0.0114173376911116,0.0022800994829559,-0.0036723443755531,0.0002885570281108,0.000285849717518,0.1173830650274903,0.1173830650274903,0.1173830650274903,False,0.254256067718589,0.0001482223904051,6.247454787117104e-05,4.983138301965778e-05,2.974478760637308,0.5785080263487751,0.0852986166054542,0.3361933570457707,-0.7068640826575375,0.5910894920187156,-0.3885310554817645,15157.108819569625,True,body,high
-0.0114867591695801,0.0023778333653715,-0.0039257011872577,0.0002551515903578,0.0002445900472483,0.0803559310407235,0.0803559310407235,0.0803559310407235,False,0.9041955632463528,4.350156529839453e-05,7.395710087120165e-05,0.0001099770183712,2.528116347466696,0.3275222226744065,0.276926361742188,0.3955514155834054,-0.668428895326479,0.7420651749529741,0.0504191235012576,18289.332362024576,True,body,high
-0.0124330623312856,0.0004323565693852,-0.0032391887619296,0.0021578224150336,0.0002442224127183,0.4686204501630611,0.4686204501630611,0.4686204501630611,False,0.1163822843178532,7.107516428648203e-05,6.15029783655916e-05,2.8795092897301388e-05,2.468308212790765,0.1346769440068814,0.4601872650825656,0.4051357909105529,-0.7007401976263556,-0.4576042060634279,0.5473221775368106,6329.449413897655,True,wing_R,high
-0.0115922288998989,0.0021474854535303,-0.0037905118150624,0.0002548333579328,0.0001624800353829,0.1162512702992181,0.1162512702992181,0.1162512702992181,False,0.3900077451357783,0.0001445315984502,6.376935681631347e-05,8.510039985744075e-05,2.2664741447309105,0.4111986529595636,0.1475874014391615,0.4412139456012748,0.4618699765177141,0.8818712205498613,0.0947590373390527,7013.132309392766,True,body,high
-0.0112799202739636,0.0038166307309748,-0.0037641290894472,0.001483967482804,0.000222024073076,0.407837932745824,0.407837932745824,0.407837932745824,False,0.1335958293887653,4.375862434425356e-05,3.617774122993238e-05,1.8488305371726624e-05,2.366827216688651,0.1732431772690475,0.4042502734784614,0.4225065492524911,-0.890829437179627,-0.2177406171362141,0.3987630091964015,9581.69286082376,True,wing_L,high
-0.0116441351886196,0.0021339169474197,-0.0040022769743071,0.0003562484900361,0.0003007300931946,0.1963054694476861,0.1963054694476861,0.1963054694476861,False,0.157674762451954,0.0001046489788482,3.7077584821099545e-05,9.009058660818598e-05,2.822432457592277,0.1391164290397301,0.5065792554362532,0.3543043155240166,0.3137066104091491,-0.8679079813204789,-0.3851284182526835,6207.412083122034,True,body,high
-0.01152226581258,0.0022904810842733,-0.003959942782462,0.0002742011534427,0.0002738037181487,0.1292836229492455,0.1292836229492455,0.1292836229492455,False,0.260049480071481,9.383935260066968e-05,9.93822538164548e-05,0.0001107424786077,1.180128331436512,0.1025823598503512,0.0500521686481305,0.8473654715015182,-0.3670581640913362,0.9301800009083117,-0.0057853335349553,12914.400138083414,True,body,high
-0.0114874692440873,0.0024708519625054,-0.0039774366066349,0.000304335036625,0.000253446790927,0.1396616923242989,0.1396616923242989,0.1396616923242989,False,0.0669690695817551,4.223942954209027e-05,8.497088907523475e-05,9.327986641831948e-05,2.208359995140772,0.089075785184153,0.4580994932123138,0.4528247216035331,-0.1436701150122781,-0.9732890034199286,-0.1790737665717694,10009.141580890324,True,body,high
-0.0115618311858916,0.0024098150157767,-0.0037900344488234,0.0001204515278811,0.0001042229610471,0.1716909518069495,0.1716909518069495,0.1716909518069495,False,0.767788124568435,0.0001381952249417,5.225268189089155e-05,9.456384471929548e-05,2.6447489380608205,0.3157227772584461,0.3061694993168802,0.3781077234246736,0.045724043392658,0.6024627613195296,0.796836202163954,16049.099198167767,True,body,high
-0.0117149287301112,0.002427049274886,-0.0039494229161378,0.000205670294998,0.000197365269555,0.1099619338048308,0.1099619338048308,0.1099619338048308,False,0.3576528277991337,6.9659711029535e-05,7.815934911537669e-05,0.000147104123043,2.1117532770230385,0.4686800920428476,0.0577797407034707,0.4735401672536816,-0.4620170527195297,0.8830705343239069,0.0820163057278782,24543.37702689623,True,body,high
-0.0115835040327555,0.0023545545963044,-0.0038242142477109,0.0001195724637038,0.0001193517971588,0.1267688299444425,0.1267688299444425,0.1267688299444425,False,0.2521023326583063,7.100057485547091e-05,9.533338013271364e-05,0.0001694071448781,2.385996806687872,0.4372528962619579,0.1436350591631993,0.4191120445748428,-0.5253614997220919,0.8443991330882894,0.1048112524946632,21297.890526326595,True,body,high
-0.0118589031177569,0.002562688357972,-0.0037489588550785,0.0002560909682672,0.0002293664517427,0.1373528391494204,0.1373528391494204,0.1373528391494204,False,0.0842394770822486,0.000118189873369,5.188631153547822e-05,8.828768653222788e-05,2.277862308409096,0.2530012596209742,0.3079906421685506,0.4390080982104751,0.0187143352201834,0.7134697753505586,0.7004360451308101,6200.594609650729,True,body,high
-0.0115933758985019,0.0024797237291587,-0.0040831811132716,0.0003532795259101,0.0003133552472985,0.0842610532957547,0.0842610532957547,0.0842610869240745,False,0.9932157736727388,0.0001786816652956,7.420380564385947e-05,6.870745682743919e-05,2.60061532686901,0.5847150544456303,0.0307605640865645,0.3845243814678051,-0.7983251909060202,0.5027978318644345,-0.3314682938642694,10772.086471862023,True,body,high
-0.0122243620432953,0.0023739982624094,-0.0042021191372293,0.0007112415780076,0.00070443095499,0.1600168806184637,0.1600168806184637,0.1600168806184637,False,0.2594888838268736,0.0001503464244692,6.505593789730366e-05,8.599955990758339e-05,2.311033079048923,0.4279906541762212,0.1393024282700337,0.4327069175537451,0.4203538874340271,0.9049197114701968,-0.066505075834836,5397.847281517349,True,body,high
-0.0122465735823042,0.0022750908888684,-0.0042881707093058,0.0007923378066418,0.0007705157323496,0.2273212218166562,0.2273212218166562,0.2273212218166562,False,0.1495056848602379,5.28984262610928e-05,0.0001213643216053,0.0001015378095306,2.2942898339988624,0.1633635965864374,0.4007716817114065,0.435864721702156,-0.6235079693739065,0.707917232788431,0.3317996438340431,4567.384757396492,True,body,high
-0.0111538004424555,0.0025950677559042,-0.0036462131601157,0.0005702868559794,0.0004654571599099,0.2165615214553359,0.2165615214553359,0.2165615214553359,False,0.114608714406552,0.0001056704554767,3.888081016246968e-05,5.35565941993725e-05,2.717804876883186,0.4931734328412483,0.1388825662830107,0.3679440008757409,0.5100844923945516,0.2261618015704134,0.8298582108583473,6734.842585151672,True,body,high
-0.0112189896319133,0.0040383468724358,-0.0038585064721456,0.0017171502524785,0.0001669016589534,0.4099346416657909,0.4099346416657909,0.4099346416657909,False,0.1701428792391266,4.918042631399768e-05,2.6359203627957045e-05,2.0402486113046743e-05,2.410511446570639,0.464030599091112,0.1211196803557375,0.4148497205531504,-0.8392033009928709,-0.320559005113661,0.4392945980127786,7388.660804585065,True,wing_L,high
-0.0112340114590717,0.0021583674411589,-0.0036022691903511,0.000517232348709,0.0005046880967201,0.139404065766975,0.139404065766975,0.1394040993952947,False,0.9593286242154332,0.0001028215970602,4.135057153323318e-05,9.098735523948894e-05,2.486582246575129,0.1150949037860845,0.4827466711799796,0.4021584250339358,0.3146090655798994,-0.8378363600242413,-0.4461517339160225,10117.865043225702,True,body,high
-0.0115360705689344,0.0024360666625346,-0.0038175056905825,0.0001603508795141,0.0001278133050013,0.1331282478571124,0.1331282478571124,0.1331282478571124,False,0.598649747016361,0.0001043040871183,0.0001209028118876,0.0001386958896347,1.3297263172184013,0.1282884286907282,0.1196771210233978,0.7520344502858739,-0.5161458331616409,0.8516352699342353,0.0911638410441204,15987.893409402886,True,body,high
-0.0115656348207671,0.002796461196098,-0.0037741473245831,0.0004251012638635,4.682545612559673e-05,0.1054361000245307,0.1054361000245307,0.1054361000245307,False,0.258791278483911,4.6573794850928446e-05,8.807500712889379e-05,8.261439236843269e-05,1.8910850492385425,0.0619995948733758,0.4092034584199403,0.5287969467066839,-0.0531159483343572,-0.9684434351762512,-0.2435077183511106,4791.606169725902,True,body,high
-0.0118198381939646,0.0024451610140083,-0.0039247589702649,0.0002338041877964,0.0002301377011384,0.1447145155028267,0.1447145155028267,0.144714481874507,False,0.0221933063337653,5.018601934892808e-05,7.978843819987548e-05,7.741351970476597e-05,1.5898538922788596,0.0297651959192405,0.3412461876698368,0.6289886164109226,0.038730049176231,-0.3977923056025212,-0.9166576595950297,18069.79226664613,True,body,high
-0.0117407962607198,0.00246543693484,-0.0041379117847208,0.0003995253456426,0.0003822758134835,0.0958280519142733,0.0958280519142733,0.0958280519142733,False,0.9302513260163524,0.0001483707469263,6.306159352381285e-05,0.00011241885568,2.3527909561992164,0.242311183242316,0.3326616814887537,0.4250271352689302,0.1813628915020776,0.557299524654929,0.8102621436334021,21162.507080510768,True,body,high
-0.0115822054123305,0.0024182224446273,-0.0038524784207548,0.0001395216398259,0.0001193591505747,0.0923294960445763,0.0923294960445763,0.0923294960445763,False,0.933683578615348,0.0001943058204643,7.44557356441434e-05,0.0001203166588555,2.60968236742718,0.3807871603224816,0.2360244438476171,0.3831883958299013,0.1353785270117746,0.4176453538196637,0.8984681479367925,19871.912538825727,True,body,high
-0.011572182580984,0.0021673571681989,-0.0040658773599615,0.0003955507676731,0.0003739427170626,0.136865463911815,0.136865463911815,0.136865463911815,False,0.1135018905441456,6.367297681972146e-05,5.9128394110991286e-05,8.948596413287097e-05,1.5134177999979972,0.2884585036690418,0.0507854248738077,0.6607560714571504,0.3353755186378278,0.0540244331557517,0.9405342216637348,6460.0667621298335,True,body,high
-0.0117662242561703,0.0024379085670693,-0.0039578721649862,0.0002314782241744,0.0002248931287053,0.1353375612056394,0.1353375612056394,0.1353375612056394,False,0.1263444837000838,0.0001663545328048,5.782846349822503e-05,6.973681557625922e-05,2.876689483716608,0.5807940162467703,0.0715841755391481,0.3476218082140815,0.0589574523134069,0.7581906420826796,0.6493619707643544,17671.86644289901,True,body,high
-0.0114510981746766,0.0024100252709031,-0.0039855737311957,0.0003233932302794,0.0002992608945342,0.1277708529869409,0.1277708529869409,0.1277708529869409,False,0.1733546830037838,0.0001149210467749,4.124993781809239e-05,8.317298285707127e-05,2.785968969982461,0.2762597871217018,0.3647986701782388,0.3589415427000593,0.3011720352331457,0.8936646023589031,0.3326544508709126,11831.256027413718,True,body,high
-0.0117350524278608,0.0024395503117982,-0.0039124541731083,0.0001798191937936,0.0001701442169951,0.1344223664846409,0.1344223664846409,0.1344223664846409,False,0.8418923038702188,0.0001000063298918,4.303635385823164e-05,7.355209645382228e-05,2.3237640024347987,0.2645255901961686,0.3051381110436226,0.4303362987602087,0.0266296806632132,0.6731675632683528,0.739010346254451,24854.24858574984,True,body,high
-0.0120358576591685,0.0025548986127737,-0.0037728315875315,0.0004002246548001,0.0003957300046552,0.0839025754076105,0.0839025754076105,0.0839025754076105,False,0.610991761084344,8.065569866620816e-05,3.892176763143233e-05,0.0001162579033623,2.9869636051272628,0.30623470462175,0.3589771518992156,0.3347881434790344,0.14560629848867,0.2526072988994905,0.9565502382954756,5242.376513082635,True,body,high
-0.0120753738693901,0.0007384481790261,-0.0035707571024857,0.0017054007502265,0.0001238874024679,0.4274765267681373,0.4274765267681373,0.4274765267681373,False,0.1661885207658983,6.91706313983156e-05,8.361876146585169e-05,2.9277461669099777e-05,2.856079615471077,0.1727857458572431,0.4770839585504676,0.3501302955922892,-0.7859385379879418,-0.4137293984217952,0.4594873223353564,12061.077328245436,True,wing_R,high
-0.011271499595534,0.0037099379909569,-0.0038222114218567,0.0013855354949659,0.0001462443161527,0.4368586261982408,0.4368586261982408,0.4368586261982408,False,0.1733448433995593,5.587197967575431e-05,2.369105443981864e-05,5.014253244484614e-05,2.3583576584859696,0.1025459857366475,0.4734301193287796,0.4240238949345729,0.9390646589170506,0.3181523967275669,-0.1301407654407649,15753.20764570646,True,wing_L,high
-0.0121465722517147,0.000508782329461,-0.0036260666333815,0.0019398782617413,0.0001975173589461,0.4436661919135705,0.4436661919135705,0.4436661919135705,False,0.174178567944648,4.775407301890665e-05,2.026702835505595e-05,4.353696753171372e-05,2.356244447005651,0.0883088126435478,0.4872870041356431,0.424404183220809,0.7870357568616437,0.5508873280679774,-0.2776650305590243,7784.054793068838,True,wing_R,high
-0.0112467334204329,0.0035952365025977,-0.0036596862719618,0.0012858116348422,0.0002968628515477,0.6264387914140683,0.6264387914140683,0.6264387914140683,False,0.2465814673867485,3.1094355711057524e-05,4.1708246872130405e-05,1.7761404240883837e-05,2.3482516532180977,0.2544794364916143,0.3196718267984265,0.4258487367099591,-0.9798488348009852,-0.1956067665559823,-0.0404259052671078,6533.295389322312,True,wing_L,high
-0.0117188636404986,0.0023096751000534,-0.0040537329318757,0.000314302443111,0.000311991703013,0.1372246143663535,0.1372246143663535,0.1372246143663535,False,0.3924544618602457,9.614195073254851e-05,0.0001139033117085,0.0001437955735163,1.4956589961064444,0.2078802641613007,0.1235181344019831,0.6686016014367162,-0.4655670273386352,0.884908950376242,-0.0135459440085997,9665.91844984789,True,body,high
-0.0115045084127242,0.0022902193938768,-0.003608208523188,0.0002418537604007,0.0002330409618108,0.1316115433814014,0.1316115433814014,0.1316115433814014,False,0.9631537330351828,0.0001429539171077,6.077891126969825e-05,0.0001108456041575,2.35203155373064,0.2246060380839138,0.3502295977672017,0.4251643641488844,-0.0268041869656903,0.5550635401489064,0.8313759690768502,16919.31787312502,True,body,high
-0.0118366287700085,0.002360851606883,-0.0039119837012786,0.0002296186010904,0.0002251117774746,0.1148103304278213,0.1148103304278213,0.1148102967995015,False,0.2054700938068166,0.000174467286759,7.384306973345433e-05,0.0001099365412703,2.3626765164122974,0.3698730385930474,0.2068781615591889,0.4232487998477637,0.0490416047072694,0.5385198397805626,0.8411844644133968,12127.126562619746,True,body,high
-0.0118904445522294,0.002432800119042,-0.0039022168703141,0.0002677843274171,0.0002677189049492,0.1412322021115513,0.1412322021115513,0.1412321348549119,False,0.0729819153720838,0.0001592812284112,6.759484918107235e-05,9.314394781944652e-05,2.356410737519409,0.4152233207359671,0.160402445995728,0.4243742332683048,0.0135484447701775,0.6629714846453572,0.7485220438914544,16927.641907805748,True,body,high
-0.0117173061090652,0.0024257699779172,-0.0039276343937878,0.000185143674455,0.0001775216362333,0.155809843309046,0.155809843309046,0.155809843309046,False,0.431702527231084,9.718576081720292e-05,4.0168652971177866e-05,3.448231458549483e-05,2.818423356594648,0.5866817048772068,0.0585099950637675,0.3548083000590257,-0.7022514622652153,0.7024905102470527,0.1155420562358244,26241.743590157188,True,body,high
-0.0117179080626293,0.0024522029820364,-0.0040512700907286,0.0003095274825965,0.0002940513753232,0.1167048827038313,0.1167048827038313,0.1167048827038313,False,0.1946057745671624,7.830162349154139e-05,7.091443051321741e-05,0.0001397790292729,1.9710942929577664,0.4398185199967427,0.0528490791268744,0.5073324008763828,0.4276485431353284,0.1932846167792469,0.883038946180026,16057.17704086705,True,body,high
-0.0118240701776233,0.002429055541147,-0.00391421848981,0.000225262493394,0.0002240683139766,0.1505737457880805,0.1505737457880805,0.1505738130447199,False,0.0248432246141249,0.000168202741169,5.661793145366983e-05,6.423721321884715e-05,2.970838687505009,0.6180965139308932,0.0452982021114554,0.3366052839576514,0.0776821458910096,0.76263948776226,0.6421421150457938,18691.150633177866,True,body,high
-0.0114494698827593,0.0022960357351245,-0.003703413945366,0.0002463975406538,0.0002447221390805,0.077153405269463,0.077153405269463,0.077153405269463,False,0.1731196269988611,5.126597455055647e-05,5.679173783094344e-05,0.0001220241020118,2.380216178110297,0.5345858982396791,0.0452841954112595,0.4201299063490614,-0.7712914895687257,0.6361750173136139,0.0197682944352587,18213.365603503084,True,body,high
-0.0117994296534623,0.0022464713296661,-0.0041250013029134,0.000417436167065,0.000402766581893,0.0999089830247659,0.0999089830247659,0.0999089830247659,False,0.3108665089046958,8.469727170162113e-05,9.28570731316672e-05,0.0001699491527786,2.0065481374338976,0.4536184993365352,0.0480131927499232,0.4983683079135415,-0.5740730623921162,0.7760374051157749,0.2611629087311444,8443.815824728908,True,body,high
-0.0115609624357424,0.0022319827576156,-0.0039484007224353,0.0002736610812217,0.0002607988444548,0.0965670678682937,0.0965670678682937,0.0965670678682937,False,0.8210701388652443,0.000158716168724,6.538584327954672e-05,7.500485591601828e-05,2.427378171838912,0.5274277566110874,0.0606051211656667,0.4119671222232458,0.3574850465918927,0.736076715603889,0.5748004090194996,9096.28571383838,True,body,high
-0.0114934255465485,0.0023395235129719,-0.0039925399693142,0.0003039793254947,0.0003006419549647,0.0749010476717029,0.0749010476717029,0.0749010476717029,False,0.450697842901789,5.7356171966862826e-05,5.841239213724461e-05,0.0001401646745904,2.443759229109986,0.5832588181870723,0.0075355661008598,0.4092056157120677,-0.5221438191611025,0.8480887933201406,0.0900623714802446,15946.50595907256,True,body,high
-0.0119974143017934,0.0021916671230592,-0.0041113214776295,0.0005210833319985,0.0004723243193086,0.1659767268362997,0.1659767268362997,0.1659767268362997,False,0.0875527728086952,0.0001490293890625,6.957267221181847e-05,9.402572591439562e-05,2.142067917254383,0.3690793037143491,0.1640820904949623,0.4668386057906885,0.4110835670759485,0.9115975287303127,0.0004964805139784,5319.056766337671,True,body,high
-0.0109565469065439,0.0025515405071807,-0.0036710009008311,0.0007404510393821,0.0006533518450638,0.226453611168052,0.226453611168052,0.2264536784246915,False,0.0477929546797465,8.012662171420486e-05,6.23656108782754e-05,0.0001652283911159,2.649350961035374,0.5150553656484407,0.1074936983648838,0.3774509359866754,0.5805509643410871,-0.7965311296645787,0.1688156902598318,4547.122711861637,True,body,high
-0.0118108560540401,0.0022868367945584,-0.0042490114089442,0.0005248579228879,0.0005219187726756,0.2436273250190969,0.2436273250190969,0.2436273250190969,False,0.2912667087934271,5.338988822484793e-05,0.0001220448178529,0.0001409912536277,2.6407857052246304,0.1343802206681802,0.4869446001904141,0.3786751791414056,-0.6828773255272977,0.7303934952188826,-0.0142793705263362,5938.124396906098,True,body,high
-0.0111260143511954,0.0042878448566325,-0.003947202411072,0.0019888025851816,0.0001179709194597,0.4978176653650449,0.4978176653650449,0.4978176653650449,False,0.3383085571981833,4.628328975428619e-05,1.9614967065774545e-05,5.172283155407144e-05,2.6369063675014144,0.1051671309622465,0.5156005943068368,0.3792322747309167,0.7272609998183907,0.4616809044598299,-0.5078800848628626,6735.425458911461,True,wing_L,high
-0.0123187769565103,0.0028099908139936,-0.0043118800375514,0.0009535717343145,0.0009037008935526,0.1495225917704809,0.1495225917704809,0.1495225917704809,False,0.1223119382189649,6.659475728705329e-05,4.29714323362401e-05,0.0001137560006677,2.647247124035085,0.4145824668929703,0.2076666269219874,0.3777509061850422,0.9457251479825576,-0.3199766980317051,0.056734973253685,5796.688425474572,True,body,high
-0.0112257347606482,0.0038875957600283,-0.0038657563738378,0.0015711844321055,0.0001318067365295,0.3368710555839324,0.3368710555839324,0.3368710051414527,False,0.2217607135876457,5.463295897721924e-05,2.359099615729518e-05,4.9574284279461865e-05,2.3158394250479657,0.0925938260065088,0.4755973062524611,0.43180886774103,0.91781146212212,0.3537366110996464,-0.1802568444331408,10057.700154371085,True,wing_L,high
-0.0118274886095698,0.0027290926602917,-0.003550448507084,0.0004267837364665,0.0003463714673632,0.1474446642670739,0.1474446642670739,0.1474446306387542,False,0.5460122747596422,3.630448074958348e-05,2.593849239843173e-05,4.7634629791776366e-05,1.836445582884239,0.2378552975371065,0.2176145463177574,0.544530156145136,0.776788044003256,0.5190594471197827,-0.356619720499724,5764.060441024391,True,body,high
-0.0121877999549505,0.0025374879615387,-0.003592862607616,0.0005592049615655,0.0005585047503669,0.1592035460778768,0.1592035460778768,0.1592035460778768,False,0.3038591923194023,4.057011980978214e-05,8.087120617905856e-05,0.000103855242671,2.559894896981941,0.2213083894547101,0.3880505724390076,0.3906410381062822,-0.4584326198590878,0.8586103259617259,0.2294075874966462,4301.971747664004,True,body,high
-0.0117659443381543,0.0024482857447319,-0.0040286456276819,0.0002980619785329,0.0002882807538927,0.1251371838719513,0.1251371838719513,0.1251371502436316,False,0.3227306208310842,4.9976062290030295e-05,8.886226086771364e-05,9.449077955027504e-05,1.890720781519536,0.0595668562514788,0.4115343186156426,0.5288988251328784,-0.0907241719498088,-0.4201534948609099,-0.9029065097673094,17523.54199093426,True,body,high
-0.0116263817789354,0.0024438358025869,-0.0038612513580163,0.0001322377468976,0.0001010935238423,0.1093025497118916,0.1093025497118916,0.1093025497118916,False,0.9488226097890038,0.0001371762844167,5.591227665667253e-05,0.0001113048081952,2.4534197607267845,0.1886002112646223,0.4038054520435729,0.4075943366918047,0.0369106632583852,0.5044584268820188,0.8626466823013608,16082.269432137313,True,body,high
-0.0116200681479406,0.0024470924223186,-0.0038471456945206,0.0001250342836078,8.889224328209345e-05,0.1130857693079621,0.1130857693079621,0.1130857693079621,False,0.7560196460400131,0.0001713596063474,7.568509850607517e-05,0.0001151602173143,2.2641128799443795,0.3279617071434792,0.2303642010486219,0.4416740918078988,0.0877487190327808,0.5687192717331646,0.8178377297895988,15376.706675882817,True,body,high
-0.0117269565573112,0.0024514218552605,-0.0039195469099173,0.0001874697212024,0.00017274540636,0.1669432720015005,0.1669432720015005,0.1669432720015005,False,0.0378941042074865,6.770781901681202e-05,3.4719602600946814e-05,8.190271771966368e-05,2.3589762435077573,0.173314135331112,0.4027731598452831,0.4239127048236047,0.9183291592553746,-0.394439566062909,-0.032999757353974,22987.880681280592,True,body,high
-0.0116073103786811,0.0023296078671049,-0.0037933557463169,9.62554480855597e-05,9.211654684025045e-05,0.1269165927812629,0.1269165927812629,0.1269165927812629,False,0.2648391517884099,9.490987760088462e-05,4.069485647800191e-05,7.55364838225229e-05,2.3322327639167195,0.2041241045513807,0.3671022260826964,0.4287736693659228,0.1137815066980208,0.6011002980946265,0.7910323636641421,14463.907032328165,True,body,high
-0.0116129228422603,0.0023791056848002,-0.0038754768245464,0.0001376058065126,0.000134278951488,0.1083164664929374,0.1083164664929374,0.1083164664929374,False,0.4488267409916488,0.0001409327757724,5.995720640486581e-05,8.117936548310249e-05,2.350556075292092,0.4239851940889444,0.1505835598703778,0.4254312460406778,0.0340448988252103,0.3980094604215899,0.916749373754297,22315.110408401164,True,body,high
-0.0116094350940349,0.0024149532858467,-0.0040115453441365,0.0002687681424142,0.0002545857406883,0.0913565951269497,0.0913565951269497,0.0913565951269497,False,0.9274131281845616,0.000147192953058,6.186753221234659e-05,6.456062706841406e-05,2.379163153830709,0.5613877857117736,0.0182963572651835,0.4203158570230428,0.1198868690602492,0.5681638476911435,0.8141357262789329,20189.53204804644,True,body,high
-0.0118038642933928,0.0023900196989846,-0.0039349567836288,0.0002244505808754,0.0002243999237612,0.1669605569578331,0.1669605569578331,0.1669604897011937,False,0.1098659472995779,7.114107947958305e-05,4.222372222625913e-05,9.65057221128583e-05,2.2855806410369226,0.2628304527229241,0.299643965354786,0.4375255819222899,0.8773794833494296,-0.4467449338764813,0.174997732137265,15691.88020586738,True,body,high
-0.0113600520042873,0.0031734673850284,-0.0041480590386294,0.0009355882851901,0.0002696631253483,0.4208880075203403,0.4208880075203403,0.4208880075203403,False,0.1443217593365135,1.5573287734166163e-05,3.176393092987e-05,1.3711801143330147e-05,2.3165396433218386,0.5097178693484238,0.0586037853736018,0.4316783452779743,0.5458201698365616,0.5201293302117582,0.65692147327748,4643.730234709354,True,body,high
-0.0115524953447638,0.0029903627956143,-0.0041421613860047,0.0007294774299853,0.0002955281607534,0.2739569924092754,0.2739569924092754,0.2739570260375951,False,0.1144469856522146,3.895147391415032e-05,2.3464894913910647e-05,5.507142852045467e-05,2.346971027251726,0.2927099412414383,0.2812089574630814,0.4260811012954802,0.875870728482085,0.4273559856902711,0.224092232089732,4112.009305293524,True,body,high
-0.0114539749402956,0.0030127459004599,-0.0036947181349048,0.0006667059953791,0.0001627409821013,0.120756019123058,0.120756019123058,0.120756019123058,False,0.2599347341883297,4.587885423095928e-05,0.000114863906019,0.0001011695896839,2.5036350175796427,0.1192221021358196,0.4813586562501462,0.3994192416140342,-0.8539656426413966,-0.5156452469488875,-0.0696610399512295,3255.8635910222047,True,body,high
-0.0117026040744158,0.002391958949719,-0.003905761787521,0.0001564003934681,0.0001549316497775,0.1153079286746195,0.1153079286746195,0.1153079286746195,False,0.8131236433409667,7.577660448863923e-05,3.09250792997829e-05,7.722593074175055e-05,2.497194267252621,0.018767352354198,0.580783226023436,0.4004494216223659,0.235565412663873,-0.8008064401722246,-0.5506523238261951,19113.096796760165,True,body,high
-0.0112233209764131,0.0022404335917291,-0.0036017870306828,0.0004965660361513,0.0004954926539006,0.1251067838709304,0.1251067838709304,0.1251067838709304,False,0.8474848893049297,0.000128539931792,5.229281208580246e-05,9.091007395531836e-05,2.458080310943976,0.2927483880851617,0.3004300790512639,0.4068215328635744,-0.0696083276293202,0.6600801301096901,0.7479631692530213,15397.98860289625,True,body,high
-0.0115665080956008,0.0022958139422209,-0.003578672711804,0.0002229381545896,0.0002074399236186,0.1423851826812429,0.1423851826812429,0.1423851490529232,False,0.3717169190832324,6.180849991580414e-05,0.0001146267719809,0.0001528192240441,2.472462917759701,0.249919159726647,0.345625835987141,0.404455004286212,-0.4625640242585311,0.8815901681580776,0.0939856311824615,13045.549114406893,True,body,high
-0.0115397475436407,0.0023775563482696,-0.0038818857873067,0.0001866082984559,0.0001796551305244,0.1129472206307431,0.1129472206307431,0.1129472206307431,False,0.2479242725071234,0.0002064731634819,8.441696748090577e-05,9.827524683749791e-05,2.4458727865183723,0.5240289576611858,0.0671190343717642,0.4088520079670498,0.099736914294574,0.5129410568038822,0.8526101220205595,22455.62238193501,True,body,high
-0.0117736664457809,0.0024781465139782,-0.0041690807017386,0.0004385376500997,0.00042075005771,0.1207914633720358,0.1207914633720358,0.1207914633720358,False,0.5793415872185111,0.0001400387458518,5.9713716603542526e-05,0.0001157028207208,2.3451688124122723,0.1737799419938817,0.3998115219948506,0.4264085360112675,0.0057268723127431,0.60884187351516,0.7932709347934432,19445.668832954103,True,body,high
-0.0116601773675575,0.0022791045080419,-0.0041265813387818,0.0003895640648083,0.0003876181106793,0.1500628643549954,0.1500628643549954,0.1500628643549954,False,0.9057729652241732,9.145277337355665e-05,3.188949831611924e-05,3.616556415046552e-05,2.8678021982970447,0.604543822823828,0.0467570930504191,0.3486990841257528,0.7030326958175788,0.5686040355040498,0.4271234943432368,7301.481734740299,True,body,high
-0.0119047849467548,0.0024367081352149,-0.0038554997202024,0.0002582208069107,0.0002582149172329,0.1309018849504908,0.1309018849504908,0.1309018849504908,False,0.7490268463907681,0.0001295517894253,5.083292806997421e-05,8.516754405219352e-05,2.5485801102590293,0.3425984740931794,0.2650261809158549,0.3923753449909657,0.10725343293503,0.7901491771980281,0.6034575203748231,12317.589556786948,True,body,high
-0.011648806880553,0.0023955423080974,-0.0040240262449987,0.0002731456083749,0.0002668042426766,0.085796387860587,0.085796387860587,0.085796387860587,False,0.6767854945692473,0.00015960495719,5.746737351446827e-05,6.9738677775e-05,2.777314281640181,0.5630544376391524,0.0768854832366959,0.3600600791241516,0.0737574312520881,0.45055726137286,0.8896954510164037,17093.463223758055,True,body,high
-0.011602474973542,0.0024413062458573,-0.0040275770756873,0.000289788723085,0.0002657518348792,0.0920321880699907,0.0920321880699907,0.0920321880699907,False,0.9062954157813246,0.0001521646552133,6.409310455561022e-05,8.325027636885825e-05,2.3741189675294163,0.4528934708776533,0.1258976454577543,0.4212088836645923,0.0860036064738908,0.5664259960015021,0.8196126955624775,16918.022579668366,True,body,high
-0.0120035060122939,0.00145218306001,-0.0031641925525258,0.0011516786430015,0.000429369861626,0.4808481632949174,0.4808481632949174,0.4808481632949174,False,0.2190968195773385,6.44686457860648e-05,5.074564562942756e-05,2.7661932934660065e-05,2.3305907775261203,0.2128631676579055,0.3580610762535538,0.4290757560885407,-0.81102656768939,-0.5048706546386729,0.2955360021836348,4144.009872612436,True,wing_R,high
-0.0113118820511973,0.0026799414663237,-0.0034838421496754,0.0005379086297093,0.0004172752578596,0.067369346533826,0.067369346533826,0.067369346533826,False,0.4259827272251049,0.000189656811424,6.821588948022436e-05,0.0002035263000734,2.983561478479933,0.0681459282874135,0.5966841725122922,0.3351698992002943,0.4299847016017363,0.8309827640829759,0.3529600574930299,3763.840138080442,True,body,high
-0.0115150439150025,0.0019608768918191,-0.0032994083783666,0.00064094189193,0.0004777677949893,0.263775295607188,0.263775295607188,0.263775295607188,False,0.2677924083959605,2.037376787174729e-05,3.765292459873991e-05,1.6058506865341505e-05,2.3447338482013453,0.4589060985602931,0.1146062637203538,0.4264876377193531,0.8594970331687567,0.3912911198316098,-0.3288709617996543,3512.5599779675395,True,body,high
-0.0116078391824619,0.0024247535474967,-0.002709098677274,0.0010458813702246,0.0010404086810366,0.2495822446880949,0.2495822446880949,0.2495822446880949,False,0.1143790072783513,2.138313086015557e-05,2.4361010350408464e-05,5.10718057258388e-05,2.388415712359684,0.5230047184706555,0.0583076992859544,0.41868758224339,-0.508386176039582,0.8377756085746918,0.1991871624607259,2332.1874089187263,False,body,high
-0.0115869246706481,0.002319805539591,-0.003711821237509,0.0001162722352844,0.0001075952100938,0.1249417024494576,0.1249417024494576,0.1249417024494576,False,0.7856942816234322,0.0001027329905426,3.733832216722957e-05,0.0001038637112848,2.781691979080221,0.0108865813504632,0.6296199853289092,0.3594934333206276,0.2721909494009047,-0.8009848882664026,-0.5332309966919521,12724.7253667692,True,body,high
-0.0115735688482217,0.0023482066006046,-0.0036795258123246,0.0001292928723076,0.0001279722487364,0.1326584938590368,0.1326584938590368,0.1326584602307171,False,0.871648526562315,0.0001382335161809,6.015571896871294e-05,0.0001116840315085,2.297928086485321,0.1920625721303277,0.3727627999597539,0.4351746279099183,0.004943957144267,0.5350235540202026,0.8448226760281399,12413.532160215582,True,body,high
-0.0118044214764212,0.0024107344640545,-0.0039146811760552,0.0002100540803677,0.0002097385637786,0.0959639103259152,0.0959639103259152,0.0959639103259152,False,0.2890445739044786,0.000189394729969,7.724920713907459e-05,0.0001020766630255,2.451736878387607,0.4610374689824239,0.1310884198863467,0.4078741111312293,0.1577731542695327,0.5568194917494484,0.815511916160474,18495.42191771665,True,body,high
-0.0110621936850256,0.0022911563860996,-0.0034494694642785,0.0006888351802524,0.0006878104699089,0.1161855269341786,0.1161855269341786,0.1161854933058588,False,0.629138565843791,0.0001592229085626,6.683570339174874e-05,8.851894316441027e-05,2.3823031775303085,0.4440564868240172,0.1361816585842081,0.4197618545917746,0.1406881518604099,0.6789932837224835,0.7205379688717737,7037.45804206581,True,body,high
-0.0117799195489413,0.00213928630365,-0.0040890117311793,0.0004307711241937,0.0003754966642513,0.1220738457159843,0.1220738457159843,0.1220738457159843,False,0.2825549864825361,0.0001779763949823,6.649867296965437e-05,7.7740673303875e-05,2.6763901749366146,0.5631967188030536,0.0631656818048162,0.3736375993921302,0.172962197385227,0.6849698513817288,0.7077431603157789,6113.602254620992,True,body,high
-0.0117301501306958,0.002449129515809,-0.004014831184746,0.000275995701427,0.0002627159657094,0.1103450276230051,0.1103450276230051,0.1103449939946855,False,0.4573629639685986,0.0001200710731581,5.030682238656368e-05,7.65687795141723e-05,2.3867751422553782,0.3623045293070009,0.2187200999946717,0.4189753706983273,0.1530268005385954,0.6051571845009568,0.7812602513655715,20159.267131298067,True,body,high
-0.0117644687287265,0.0024464367374237,-0.0040259915045607,0.0002947591855779,0.0002853218131323,0.0922175137399309,0.0922175137399309,0.0922175137399309,False,0.9725505884370912,0.0001022786160446,4.534949568639754e-05,7.813281789068734e-05,2.2553418620560444,0.2360786554193421,0.320529583524812,0.4433917610558458,0.0340590856400792,0.7299602041097264,0.682640519674483,17843.39745709,True,body,high
-0.0117206834025209,0.0024040414900257,-0.0039902578998196,0.0002433521645635,0.0002399057943312,0.1352006266877667,0.1352006266877667,0.1352006266877667,False,0.1445029283790859,0.0001034302745082,4.668781741806365e-05,5.1438948873137816e-05,2.21535895717912,0.5026702856808668,0.0459355974608301,0.451394116858303,0.162850701876987,0.57899390093672,0.7989028173540587,18082.644125338888,True,body,high
-0.0115936405070978,0.0023746223629711,-0.0038267799520667,0.0001099710100536,0.000107375530265,0.1130683498383505,0.1130683498383505,0.1130683498383505,False,0.8329589659728058,0.0001323076301051,4.531542855300028e-05,7.10748253744965e-05,2.9197038256065744,0.4628062998484237,0.1946932070434275,0.3425004931081487,0.0494294944041505,0.5315977106131362,0.8455534277346538,20806.139741911586,True,body,high
-0.0115639658372782,0.0022034965728271,-0.0036902896759585,0.0002216592720305,0.0001623770542655,0.1360301700784554,0.1360301700784554,0.1360301700784554,False,0.2527859173904764,0.0001269828614805,5.4334606641166736e-05,0.0001093605243161,2.337053110905284,0.138777288202259,0.4333334202220614,0.4278892915756795,0.4561900220854812,0.8871986788524876,0.0690591629839864,11056.900497056446,True,body,high
-0.0121442696601352,0.0005067765128857,-0.0036165681373897,0.0019418999687214,0.0001906785431218,0.4825615587617468,0.4825615587617468,0.4825615587617468,False,0.1210933773357171,2.857354183051945e-05,6.981493759178552e-05,5.945879608442149e-05,2.4433420961911017,0.1483370445436384,0.4423874792310353,0.4092754762253262,0.7755527370827552,0.5553096274658301,-0.3002485131473725,7780.732878089034,True,wing_R,high
-0.0116524034708171,0.002370815155601,-0.0038661409171875,0.0001168984344122,0.0001165095125239,0.1520084644203304,0.1520084644203304,0.1520084644203304,False,0.6953339680399866,4.34642850751695e-05,9.198116681749492e-05,0.0001224192389423,2.816547856029512,0.2486379787017761,0.3963174592613124,0.3550445620369114,-0.8064243080421063,0.5899305609080481,0.0407647973811373,17001.969775880007,True,body,high
-0.0112296157653827,0.0022756590251065,-0.0035664665063178,0.0004937735705021,0.0004937293509654,0.1498392360289017,0.1498392360289017,0.1498392360289017,False,0.2736582283401061,8.649471365640283e-05,3.825032198253122e-05,9.189226165375844e-05,2.402391846419627,0.0587377859704124,0.5250103850490918,0.4162518289804958,0.2987358360675483,-0.8657577154754468,-0.4015226996618721,15404.990306837197,True,body,high
-0.0111286740753483,0.0022413062068956,-0.0035662890232116,0.0005936879369425,0.0005935976269342,0.1165151517240087,0.1165151517240087,0.1165151517240087,False,0.4005663183237697,0.0001318927135343,5.681270193735599e-05,0.0001069400293824,2.321535660806356,0.1891892545325892,0.3800613855145843,0.4307493599528265,0.0454156103620321,0.7237395225239354,0.6885771749573684,10168.081666904998,True,body,high
-0.0110602471925276,0.0023781718532811,-0.0034407659437671,0.0006879728703924,0.0006775927497304,0.1140492542960689,0.1140492542960689,0.1140492542960689,False,0.4268671975287604,0.0001487850626383,6.339595434691317e-05,0.0001331156100375,2.346917309962713,0.1053160332292868,0.4685931131411545,0.4260908536295587,0.2892894135953537,0.456525486764998,0.8413656251093444,5871.592916164793,True,body,high
-0.0116225861427324,0.0020733905162155,-0.0032261576605051,0.0006139814614205,0.000495260161721,0.1534215936713244,0.1534215936713244,0.1534216609279638,False,0.0927199642725498,4.851612948910015e-05,9.040964486489852e-05,0.0001213602707016,2.501441726281166,0.2550309558296363,0.3451995874232436,0.39976945674712,-0.4243021355823519,0.9052160781659726,0.0234850925071953,3661.795771756536,True,body,high
-0.0111462982456544,0.0025458541412375,-0.0036519197826996,0.0005601255784656,0.0004816120122069,0.1066880151108189,0.1066880151108189,0.1066880151108189,False,0.1420087071150941,0.0001937725062203,8.185727117545031e-05,0.0001020975462842,2.367199681076793,0.473106126995529,0.1044538025727617,0.4224400704317093,0.0531325359857268,0.5178778613620023,0.8538029364735426,6996.233864782917,True,body,high
-0.0117693132378157,0.0024587232773996,-0.0041700302183158,0.0004347986298532,0.0004215160357654,0.1016476007822653,0.1016476007822653,0.1016475671539456,False,0.5990673502464564,0.0001500742462398,6.131136221363515e-05,0.0001221032601274,2.4477395513882656,0.1863809868329494,0.4050788155660281,0.4085401976010224,0.0741701216885904,0.5656047726577138,0.8213343011195353,19651.690319907822,True,body,high
-0.0115473825556796,0.0024658682408032,-0.0039073154084978,0.0002154177824905,0.0001672449069911,0.0757628406209967,0.0757628406209967,0.0757628406209967,False,0.8312059613334667,8.81366809483248e-05,7.688664364840283e-05,0.0001562295758215,2.0319468819061104,0.4358514994051459,0.0720096514424938,0.4921388491523602,0.2550360603421512,0.0527704999423201,0.9654904879184428,12627.945252162834,True,body,high
-0.0116317766041429,0.0024600420373074,-0.0040107417596286,0.0002722183742662,0.000243196045443,0.1023920308957595,0.1023920308957595,0.1023920308957595,False,0.9664369915826946,0.0001626538094135,6.974393210381128e-05,7.979962453504984e-05,2.33215714266618,0.5093897596202713,0.0618226678335772,0.4287875725461514,0.130289545735781,0.7570767588601257,0.640202636253406,15657.24720121232,True,body,high
-0.0115148924968572,0.002344028370509,-0.0037918458602714,0.0001689109984881,0.0001684966723091,0.1152901056651715,0.1152901056651715,0.1152901056651715,False,0.1129800648758709,0.0001736803190454,7.652979586516373e-05,7.231343714551095e-05,2.401771038707729,0.5593640299272202,0.0242765486776207,0.4163594213951589,-0.5489391397419003,0.62433881112455,-0.5557579237248944,14125.2971940301,True,body,high
-0.0113822193967213,0.0023131881164408,-0.0036746132502406,0.0003102213306874,0.000310213363346,0.1158522030291799,0.1158522030291799,0.1158522030291799,False,0.1087686709619711,0.0001174980348205,4.4058570232110273e-05,7.685079617205883e-05,2.6668599140095544,0.3459397317631388,0.2790874416752567,0.3749728265616044,-0.0456247596054981,0.6487869301216391,0.7596011457431326,12898.49234832303,True,body,high
-0.0117035655088951,0.0024204468087207,-0.0038885669137041,0.0001438354566566,0.0001364901687862,0.1147753233469996,0.1147753233469996,0.1147753233469996,False,0.8178574108017922,0.0001306868467365,4.756032230003331e-05,6.044036667921648e-05,2.747812470910829,0.53751759883649,0.0985565472028407,0.3639258539606692,0.1717999374302697,0.5959475161175478,0.7844305829914338,21810.30617273008,True,body,high
-0.0116796650311176,0.0024122714950545,-0.0039989692172634,0.0002482631986298,0.0002404889002523,0.1003317918885217,0.1003317918885217,0.1003318255168415,False,0.9130436174548012,0.0001293535196551,4.917048407188515e-05,5.53238923551743e-05,2.630714789507895,0.5723047003076825,0.0475704743070992,0.3801248253852183,-0.004973809213309,0.5021292753334845,0.8647782675778684,18219.31785885649,True,body,high
-0.0108048438102328,0.0025849298240286,-0.0031466691192695,0.0010775385874214,0.0010219485752614,0.1258102883193335,0.1258102883193335,0.1258102883193335,False,0.1678031797470705,0.0001521214894688,6.479427529098222e-05,9.231730882706348e-05,2.347761261093685,0.3931343352643617,0.1809279782375834,0.4259376864980548,0.4518481358371372,0.8768477738513875,0.1642292411002683,2919.119610733591,False,body,high
-0.0118601808435749,0.0024704709609428,-0.0043620807977066,0.0006433657088865,0.0006317400772013,0.1977494022395375,0.1977494022395375,0.1977494022395375,False,0.4042913798504434,4.972746387754948e-05,6.087416154471044e-05,0.0001435126701638,2.88598410160776,0.5758272668524933,0.0776704778360835,0.3465022553114231,0.8548542977737811,-0.1201058259796541,0.5047759108192869,6200.266545715351,True,body,high
-0.0112807227640867,0.0036519383620842,-0.0037728384821228,0.0013257732324037,0.0001862460433526,0.3906199976543562,0.3906199976543562,0.3906199976543562,False,0.250058718903166,5.991805113691391e-05,2.503204890529437e-05,5.552760729749455e-05,2.3936534865206744,0.0732741428686842,0.5089544438372543,0.4177714132940615,0.923816529168192,0.3641049438695046,-0.1182819102205399,14211.304234235997,True,wing_L,high
-0.012159710319664,0.0012013924241285,-0.0034665711612142,0.001311824698329,0.0001493098922067,0.5482774967539445,0.5482774967539445,0.5482774967539445,False,0.1578271476592492,4.269419416882488e-05,1.8763539034150336e-05,4.4186067459852686e-05,2.354889841379732,0.0337634321584132,0.5415882541802992,0.4246483136612876,0.709736991231715,0.398498533248807,-0.5809236802506004,9316.519579778384,True,wing_R,high
-0.0121057505609173,0.0021336765093914,-0.0042247314907948,0.0006882053151842,0.0006249726612264,0.3203629975074532,0.3203629975074532,0.320363014321613,False,0.256432258764332,3.1510280528635845e-05,2.221800170350999e-05,5.016372102327319e-05,2.257796254257572,0.3718512126718666,0.1852390260446339,0.4429097612834994,0.9076532712503806,0.3011136403376834,0.2923971867017036,4855.923849995092,True,body,high
-0.0114846131029852,0.0021708708475558,-0.0039763881240125,0.0003636490646403,0.000345121925206,0.3995653997246622,0.3995653997246622,0.3995653997246622,False,0.6915081750952844,3.879869146484834e-05,2.204217772167516e-05,4.991328470309166e-05,2.2644443454427585,0.222678056640798,0.3357125030510218,0.4416094403081802,0.8816882967083304,0.3503200014805085,-0.3160722132840212,6728.544371348251,True,body,high
-0.0118913735516866,0.0025583066343692,-0.004308753324368,0.0006220098679059,0.0005930335631407,0.1659070825861733,0.1659070825861733,0.1659070825861733,False,0.3235928368731753,8.338098142163824e-05,2.8340097435735485e-05,7.357763357330244e-05,2.942155778070787,0.1175729486651464,0.5425402215981514,0.3398868297367021,0.2549053887267738,-0.8214384727118991,-0.510158875593472,5730.350632370156,True,body,high
-0.0115619223519134,0.0024404737788007,-0.0036857059706219,0.0001410008807474,0.0001205629506725,0.1374329418069776,0.1374329418069776,0.1374329418069776,False,0.9247194003365892,0.0001459090383859,5.556717896508393e-05,0.0001158476810927,2.625813314684608,0.2060280680740975,0.4131375464775553,0.3808343854483472,-0.0755284392152032,0.557953571879009,0.8264280165248338,9493.58372849008,True,body,high
-0.0115746926027466,0.0023018224345738,-0.0038293331701504,0.0001510429460313,0.0001458393934973,0.1123552949471489,0.1123552949471489,0.1123552949471489,False,0.2347401609266884,6.616283729657338e-05,0.0001234930416024,0.0001415883053256,2.139997483648163,0.127801965576518,0.4049077653268805,0.4672902690966014,-0.4801142857769771,0.8754045582189627,0.0561883621609184,16714.046332315946,True,body,high
-0.0115171731587313,0.0023532028401664,-0.0039854396305525,0.0002827773093822,0.0002783245947181,0.1123230453885438,0.1123230453885438,0.1123230453885438,False,0.4172607408926431,0.000187442416088,6.290854226760476e-05,0.0001040008403845,2.9796019639224736,0.4451584515659793,0.2192262507841434,0.3356152976498773,0.0562619901781962,0.5452440156462166,0.8363872021158483,18470.16729015786,True,body,high
-0.0114741044867586,0.0022848127648346,-0.0036252069385517,0.0002572178041327,0.0002504783577699,0.1012751335131204,0.1012751335131204,0.1012750998848006,False,0.9821273306218042,0.0001507962386413,5.158431059344467e-05,9.558122326271014e-05,2.9232965780971054,0.3661564497635762,0.2917639926942529,0.3420795575421708,-0.0832645238121972,0.4920665750320707,0.8665665033974803,15610.409227148277,True,body,high
-0.0114599080254377,0.0023319980980786,-0.0039238846446041,0.000279415638175,0.0002769989313632,0.1065946965236144,0.1065946965236144,0.1065946965236144,False,0.6922029918491674,7.491906876754971e-05,7.061324249675473e-05,8.67256572742985e-05,1.2281783728920856,0.1361372041194978,0.0496488168106514,0.8142139790698507,0.2985048563409934,0.0543130119048366,0.9528614524046336,13780.157419024648,True,body,high
-0.0117788546306196,0.0024571784178451,-0.0039014454898501,0.0001960286638478,0.0001864063003647,0.1272736246516594,0.1272736246516594,0.1272736246516594,False,0.643677194118334,0.0001394985734768,4.930125362424406e-05,8.222092350018687e-05,2.829513718658558,0.4105966717012802,0.2359857097850731,0.3534176185136466,0.1411326869272828,0.7561509198217873,0.638997144855398,18536.325739420667,True,body,high
-0.0112796050483883,0.0022698714559682,-0.0035709761339282,0.0004489676851985,0.0004482356083166,0.1531727441054456,0.1531727441054456,0.1531727441054456,False,0.6094860507493547,0.0001020442026658,4.374727485482758e-05,8.741977671525441e-05,2.332584212491204,0.143314618259241,0.4279763153563996,0.4287090663843593,0.4118433648897268,0.8716165210789888,0.2658377004460954,14268.79730840267,True,body,high
-0.0110279800797283,0.0022500399304379,-0.0033079561536318,0.0007954173206796,0.0007953009765514,0.0901654127860638,0.0901654127860638,0.0901654127860638,False,0.579383377792841,0.0001165424718936,4.872901426893432e-05,5.336952548291732e-05,2.391644354849843,0.5420594345072838,0.0398181979374514,0.4181223675552646,0.173149823798716,0.6593161103209519,0.7316566169930565,8735.98689593982,True,body,high
-0.0115249954627904,0.0024460395732686,-0.003757557555931,0.0001604510962113,0.0001254066980862,0.1640729940290078,0.1640729940290078,0.1640729940290078,False,0.1499805960834809,0.0001486012127043,5.821346983512863e-05,9.479675841819023e-05,2.552694644816868,0.3620727806118306,0.2461843205536161,0.3917428988345532,0.4059929418859284,0.9030224346108258,0.1404286784397906,13342.316875399312,True,body,high
-0.0113093781294954,0.003443005101532,-0.0038422623012679,0.0011217317250016,9.553255643582724e-05,0.4089260695080283,0.4089260695080283,0.4089260695080283,False,0.3642762729341738,5.427774078376793e-05,2.333911159176348e-05,5.003533990002943e-05,2.3256129767562745,0.0781609702702883,0.4918448690526488,0.4299941606770628,0.9260434533393348,0.3663692079018779,-0.0906483647326835,6140.714591512502,True,wing_L,high
-0.0117382813453811,0.0028237932488491,-0.0034754033325495,0.0005220492009951,0.0003849286317401,0.1175257163597143,0.1175257163597143,0.1175256827313945,False,0.0703535458628394,7.21326344474185e-05,4.493067555083847e-05,0.0001016462730844,2.262291226168541,0.290356328288961,0.2676139328194558,0.4420297388915831,0.867238285567239,-0.4966592090502053,0.0350340707315174,3925.898487471673,True,body,high
-0.0115702861060326,0.0023202122595679,-0.0038648514901295,0.0001664132059805,0.0001657242623703,0.0924789739257021,0.0924789739257021,0.0924789739257021,False,0.7597950581824274,4.3516170936358304e-05,8.268091555433188e-05,0.000114143357655,2.6230101408034363,0.275639710860499,0.3431189113636236,0.3812413777758773,-0.8127754015871425,0.5653493011231796,0.1406282841194927,19211.867425468063,True,body,high
-0.0112408290679974,0.0021919344031359,-0.0036047474249005,0.0004966849105372,0.0004896953963446,0.1455100606622852,0.1455100606622852,0.1455100606622852,False,0.5192494181589726,0.0001003174920417,3.5443269395201255e-05,8.778645448875509e-05,2.830367902103236,0.1249137842062694,0.5217752560217152,0.3533109597720154,0.3537032487953425,-0.8396943968413897,-0.4120768516973437,13003.34291190187,True,body,high
-0.0118943563288936,0.0024753267034982,-0.0038302236154314,0.0002505946953737,0.0002483021334324,0.0974076413478483,0.0974076413478483,0.097407674976168,False,0.6856795553867041,6.834430011259899e-05,0.0001582588783894,6.84435080955228e-05,2.3156119548923684,0.5675218427425057,0.0006268715154144,0.4318512857420797,-0.1206351544272612,0.178903120078572,-0.9764429492512416,10101.898665775509,True,body,high
-0.011258456383527,0.0022757985455714,-0.0035305709318452,0.000483344765763,0.0004829189641233,0.1480236430475785,0.1480236430475785,0.1480236430475785,False,0.241139926862085,0.0001295179410892,5.068726668901211e-05,8.706957572918763e-05,2.555236246687117,0.3277411994282579,0.2809055543517467,0.3913532462199953,0.089309649446591,0.6858796721812549,0.7222138615425915,12446.296828169252,True,body,high
-0.0114965688274593,0.0023876967162794,-0.0038903607332945,0.0002246210291027,0.0002121923223115,0.1155400985939204,0.1155400985939204,0.1155400985939204,False,0.854593426474407,0.0001862616932843,7.646938855176222e-05,9.585955431337368e-05,2.435768047998344,0.485350140315585,0.1041017367538362,0.4105481229305788,0.026341189525301,0.5123785779971357,0.8583555991219638,17150.65160041071,True,body,high
-0.0117804977564969,0.0024510363413723,-0.0041423820669655,0.0004097723223591,0.0003993369850588,0.0930997190792907,0.0930997190792907,0.0930997190792907,False,0.7200370037089265,0.0001420943514746,6.090075614129357e-05,0.000124936882601,2.3332116130872897,0.1207470155960129,0.4506591978863523,0.4285937865176347,0.0562073033171433,0.606835177739472,0.7928378182905492,17055.948990735375,True,body,high
-0.0111108285367324,0.002079884546817,-0.0037604664866607,0.000640690485695,0.000627831967096,0.15042715994245,0.15042715994245,0.15042715994245,False,0.2443765867071668,6.507734597002764e-05,5.966646893202371e-05,0.0001063599315508,1.7825745926416037,0.3881403925226733,0.0508732655155598,0.5609863419617669,0.5631168919523811,0.154296676927043,0.8118447520845116,5978.829061824673,True,body,high
-0.0115578453697623,0.002376725303974,-0.0039330970617516,0.0002149999225487,0.0002084936605343,0.121357461621131,0.121357461621131,0.121357461621131,False,0.8641577692833565,0.0001359971200618,5.59526027012946e-05,8.776887511487396e-05,2.430577193841261,0.3546269577254863,0.233948133601027,0.4114249086734865,0.059775492535531,0.7780414269733061,0.6253626375196044,21760.0049975292,True,body,high
-0.0114263993103122,0.002290216897198,-0.0037024373894122,0.0002697478497232,0.0002683151805516,0.1290499397555575,0.1290499397555575,0.1290499061272378,False,0.4224766321247162,0.0001611995957851,5.953959789897257e-05,6.83297669186135e-05,2.707435076378173,0.5761170083224463,0.0545297212243491,0.3693532704532046,-0.0031245414444167,0.7157869865930233,0.6983116976428514,17863.182236314522,True,body,high
-0.0115536841159822,0.0022855949296505,-0.0037910092735214,0.0001611234588793,0.000151579615824,0.1223875643105901,0.1223875643105901,0.1223875306822703,False,0.7561554441587751,9.377122904470232e-05,4.0818302749797374e-05,5.277457061906432e-05,2.29728388315136,0.4371986892279529,0.127504651384778,0.4352966593872689,0.1180186083289234,0.4692795681540052,0.8751275878415071,12991.194851062468,True,body,high
-0.0115080594341843,0.0022611928506055,-0.0036130601498645,0.0002496560777258,0.0002319264141737,0.1048811318643014,0.1048811318643014,0.1048810982359818,False,0.9926001072321288,0.0001052449848575,4.359671437645681e-05,7.632825955385602e-05,2.4140577188623573,0.2747563253756317,0.3110033720058967,0.4142403026184715,0.0337370471988393,0.5833779989906684,0.8114997978680875,16986.023929310955,True,body,high
-0.0120915215415468,0.0007271693887657,-0.0035615780202489,0.0017211423093231,0.00011046547421,0.4676843890696804,0.4676843890696804,0.4676843890696804,False,0.2620875699279504,7.946342740500815e-05,7.516661683069136e-05,2.974625812572469e-05,2.671375575010151,0.0540728070086489,0.5715882159659285,0.3743389770254226,-0.7786020369475214,-0.4248046564047472,0.4618656427555694,10431.252786434812,True,wing_R,high
-0.0112434249009688,0.0026770552980164,-0.0031138618083068,0.0008229960090697,0.0007668986754086,0.1165017676527628,0.1165017676527628,0.1165017676527628,False,0.3454912661967588,0.0001048367731083,4.5836564114051146e-05,6.106225663745596e-05,2.2871865536748466,0.4175492546458951,0.1452323652472047,0.4372183801069001,0.392655902001812,0.9111848273772444,0.1247539697991404,2724.039571382993,False,body,high
-0.0113073952391605,0.0034672045868549,-0.0038384687227254,0.0011449061173912,0.0001001348025483,0.3919500481414983,0.3919500481414983,0.3919500481414983,False,0.3661343021992543,5.580323278422047e-05,2.6872248955264213e-05,6.289498502566035e-05,2.3405180984429426,0.1127554484438868,0.459988722743996,0.4272558288121172,0.9260065969035616,0.367485021090542,-0.0864091532487635,6653.711237205438,True,wing_L,high
-0.0115008352023314,0.0026405339427557,-0.0039231803138309,0.0003520571182492,0.00015375668404,0.100823639692649,0.100823639692649,0.100823639692649,False,0.4133074951478159,4.1653272809684256e-05,8.158239783812428e-05,0.0001079128865458,2.590742077794215,0.2439976313354307,0.3700125750177195,0.3859897936468498,-0.8533161581422735,0.5186260435858048,0.0536522242581394,5406.496786364926,True,body,high
-0.0122012810988137,0.0021638747766063,-0.0038157413824321,0.0005759571994311,0.0004570393382667,0.1942031950408067,0.1942031950408067,0.1942031950408067,False,0.2396027828839144,3.2207604571508014e-05,2.969917577544042e-05,7.506639712542089e-05,2.5275582626604964,0.5709451125289047,0.0334161341442364,0.3956387533268588,0.7312128038340302,0.6153528580354545,-0.2943954748578413,3711.2172779994894,True,body,high
-0.0112511862040751,0.0017641029317613,-0.0033250962771848,0.0008645879869051,0.0006798470277953,0.2434398303225351,0.2434398303225351,0.2434398639508548,False,0.1882875009781741,8.57663782757344e-05,3.7435231883892015e-05,5.289070829999169e-05,2.2910604251563025,0.3833165237553714,0.1802043729351742,0.4364791033094543,0.3246537612293128,-0.8655613271142755,-0.38131814056485,2542.099987547212,False,body,high
-0.0118288680723421,0.0024487835225244,-0.0041688739422387,0.0004490845305252,0.0004418845633519,0.1754772315801138,0.1754772315801138,0.1754772315801138,False,0.2919250770235105,6.613804450809614e-05,0.0001523865533706,5.804234183324063e-05,2.62543771594248,0.5659850357843368,0.0531260960746722,0.380888868140991,0.3290501171710783,-0.9065899147576172,-0.2642361573469385,11586.76147797757,True,body,high
-0.0112148157897177,0.0026322720202499,-0.0037066314507185,0.0005227861669152,0.0003821819017717,0.0962024023693222,0.0962024023693222,0.0962024023693222,False,0.4280222189068361,0.0001255913491324,5.301599937052437e-05,0.00011226591614,2.3689329753976427,0.1061015196069718,0.4717674997424916,0.4221309806505364,0.0485398365662339,0.4501928070276085,0.8916110815634392,6057.787658953687,True,body,high
-0.0116743011305284,0.0024091354353145,-0.0038735578304549,0.0001235797517141,0.0001166909704591,0.1204652686708164,0.1204652686708164,0.1204652686708164,False,0.2687648529325289,0.0001693086223999,6.259441927151808e-05,9.312187643067285e-05,2.7048517163412864,0.4499873951446234,0.1803065710796513,0.3697060337757252,-0.0068913575381465,0.5097808056283057,0.8602767225749148,19098.38060280567,True,body,high
-0.0115592301061564,0.0022687130262529,-0.0036339995853134,0.0002019718689513,0.0001773638213273,0.1173123446711331,0.1173123446711331,0.1173123110428134,False,0.9561787552179112,0.0001205006749413,5.303061322342853e-05,9.8667177476193e-05,2.2722851503464288,0.1811898354577124,0.3787245529950124,0.440085611547275,-0.017324793314911,0.5602282558110675,0.8281570822781656,18267.01395294642,True,body,high
-0.011784433161658,0.0025691617894558,-0.0039170542895509,0.0002702586092857,0.0002121599397557,0.1366382037271923,0.1366382037271923,0.136638237355512,False,0.416968211916591,6.621914447918243e-05,3.015875786962979e-05,3.406053575453737e-05,2.195685404731667,0.4856391452588894,0.0589222031724405,0.4554386515686701,0.5988903504708571,0.3754188136562512,0.7073832500602676,7781.120707793731,True,body,high
-0.0117702862784127,0.0025143165458749,-0.0042149524434549,0.0004898813870833,0.0004609189860088,0.1026948202864584,0.1026948202864584,0.1026947866581387,False,0.4946498188817071,0.0001226826136582,5.398199755766061e-05,0.0001021779063342,2.2726579083555496,0.1671362119907312,0.392850358657035,0.4400134293522337,0.1769366061010938,0.7040659528863296,0.6877387377541642,11958.34065796119,True,body,high
-0.0117118388985247,0.0024349316503286,-0.003978121157008,0.0002343288370591,0.0002234221455922,0.0699872103385503,0.0699872103385503,0.0699872103385503,False,0.477497628390674,6.789099658855406e-05,5.1240704111506415e-05,0.0001419863896579,2.7709687468189053,0.5218485606113954,0.1172668205534018,0.3608846188352027,0.3798220947445574,0.1476628496982371,0.9131981489046352,21495.48878362267,True,body,high
-0.0115461460050595,0.0023422304538882,-0.0038605897511158,0.0001729643169408,0.0001725534265545,0.1131449887789772,0.1131449887789772,0.1131449887789772,False,0.8593991930945741,0.0001339365071643,5.232034774506466e-05,5.859813342467494e-05,2.559931516834105,0.5624931942357758,0.046871355782847,0.3906354499813771,0.0527568550392336,0.4998891813038869,0.8644810701581032,21062.6245658226,True,body,high
-0.012311883850947,0.0027120716952969,-0.0042491878413398,0.0008722045352548,0.0008480275019396,0.1455305739373104,0.1455305739373104,0.1455305403089907,False,0.1742604434333325,5.031661050885807e-05,7.909778834774854e-05,0.0001154297691132,2.2940688561072533,0.3147539932255753,0.2493393000782384,0.4359067066961862,-0.8921003193423571,0.401932626204402,0.20641507750573,5197.774297131123,True,body,high
-0.0120837698568064,0.0012085286430542,-0.0035148612459336,0.0012691416675503,6.668505763132849e-05,0.5510478607850289,0.5510478607850289,0.5510478607850289,False,0.1374678153664002,3.726209086426181e-05,1.681388243002331e-05,4.015451987521037e-05,2.388176558408033,0.0720324640896583,0.5092380259504066,0.418729509959935,0.771058235894731,0.3432787431740896,-0.5363104523908916,8702.338579971856,True,wing_R,high
-0.0114427705188274,0.0023642160018816,-0.0037223694460688,0.0002338064610686,0.0002302438889026,0.1211484952424323,0.1211484952424323,0.1211484952424323,False,0.1130078796105232,9.029822935864804e-05,3.802420706193882e-05,7.72355056255463e-05,2.374756407452716,0.1446620141489041,0.4342421644600292,0.4210958213910666,0.2794959648326898,-0.7973856718609666,-0.5348439921632092,12964.014609254707,True,body,high
-0.0125037458216462,0.0025237802698238,-0.0040652210354956,0.0008978076864142,0.0008959663986717,0.1811576937177714,0.1811576937177714,0.1811577273460912,False,0.098156098394788,2.221776862861907e-05,2.674474867718055e-05,5.044181665798056e-05,2.270336751684669,0.469790137446424,0.0897465703754595,0.4404632921781164,-0.2491432282879229,0.5199615372773091,0.8170481329459663,5884.656559425784,True,body,high
-0.0115940693467645,0.002362697594214,-0.0038280930844799,0.0001124009335399,0.0001116975519007,0.1498761935522667,0.1498761935522667,0.1498761935522667,False,0.2489164792734897,0.0001191978145981,5.7507998489248e-05,9.578978146838934e-05,2.072717147693505,0.1963797172684181,0.3211617856265676,0.4824584971050142,-0.0025164969330138,0.5191599830965311,0.8546733757374191,21233.88101461286,True,body,high
-0.0118175835096806,0.0023667053364276,-0.0041422839939313,0.000416248336592,0.0004162454810121,0.1120742967076242,0.1120742967076242,0.1120742967076242,False,0.6206857137913341,0.0001843602233272,8.232896772762396e-05,9.677105504622688e-05,2.2393117321371,0.4750979723295501,0.0783362433499058,0.446565784320544,0.0503147011938852,0.5189758025888651,0.8533068306131232,8663.656535018485,True,body,high
-0.011591609726773,0.0023560262678559,-0.0038675528156316,0.0001446836847739,0.0001440904696111,0.1186073040066544,0.1186073040066544,0.1186073040066544,False,0.240165216743599,0.0001591451819795,5.422672617131513e-05,0.0001015933105763,2.934810806700704,0.3616312519637271,0.2976312811723718,0.3407374668639011,-0.0601505601189193,0.6077369028428917,0.7918571632815542,22860.311885415365,True,body,high
-0.0110919859694841,0.002236176479792,-0.0036062424180652,0.0006181032196629,0.0006181014726083,0.1111357975610644,0.1111357975610644,0.1111357975610644,False,0.347539326762666,6.515484619730681e-05,6.758743628834287e-05,0.0001182778235009,1.8153342445591665,0.4285705106181952,0.0205667471638619,0.5508627422179428,-0.4756257814858109,0.8749836866990699,0.0904636059225754,8078.1707906052925,True,body,high
-0.0118847190762193,0.0024437289398201,-0.0039264495104675,0.0002797533468859,0.0002789136307245,0.120322079285477,0.120322079285477,0.120322079285477,False,0.5973497890250454,0.0001344394350485,4.672509969778133e-05,9.109432154426408e-05,2.877242336947226,0.322413683816981,0.3300313024259897,0.3475550137570292,0.0742697991055667,0.6866383984773075,0.7231954830316194,17440.869993801145,True,body,high
-0.011648376858795,0.0024043231808894,-0.0039497146018526,0.0001999916167198,0.0001921722571253,0.1089156558935897,0.1089156558935897,0.1089156558935897,False,0.8525567606974973,0.0001633244480738,5.852575310240174e-05,5.99390831960979e-05,2.7906423995610234,0.6330060569437047,0.0086535121371266,0.3583404309191687,0.0028986562438597,0.6391918283040896,0.7690418742963581,18269.79727938146,True,body,high
-0.0116232591327908,0.0023718574225692,-0.0036094947402291,0.0001519764854529,0.0001505007847443,0.1418894676203485,0.1418894676203485,0.1418894676203485,False,0.2249926387053382,8.940740007178234e-05,3.942396646031939e-05,7.697196771965643e-05,2.267843854873704,0.1390872829557944,0.4199652515249404,0.4409474655192652,0.1198407121789414,0.513659521663449,0.8495834858970136,9120.172168593208,True,body,high
-0.0116322490582615,0.0023918237732588,-0.0039357827842405,0.0001883025856522,0.0001826020213135,0.1080593107320895,0.1080593107320895,0.1080593107320895,False,0.7981005242595492,0.0001404593953769,4.872585430195982e-05,6.806863233994031e-05,2.8826461308713407,0.5153856945114472,0.1377108166105305,0.3469034888780222,-0.0042557153584536,0.5489013851196725,0.8358762816951397,17633.567772558465,True,body,high
-0.0115417247947544,0.0023412796093102,-0.0038438037898147,0.0001667033043546,0.0001664229981612,0.1160149640965925,0.1160149640965925,0.1160149640965925,False,0.6568389937076003,0.0001183180994292,4.9705985533641775e-05,7.046047422557355e-05,2.38035918932172,0.4044827075025947,0.1754126274174479,0.4201046650799573,0.0630293468728945,0.6019366384378544,0.7960525012453087,19452.094481816548,True,body,high
-0.0110426813795343,0.0022774340123611,-0.003279188754663,0.0007959984046554,0.0007959900955111,0.079296437199835,0.079296437199835,0.079296437199835,False,0.2950109481188281,4.423354159154401e-05,5.154000526751983e-05,0.0001230174536496,2.7810898522573764,0.5810350178901833,0.0593937157631676,0.359571266346649,-0.5361946761765795,0.8247869359964718,0.1795042602543056,8618.478477450613,True,body,high
-0.0117442487532104,0.0024609593905144,-0.0043929282127984,0.0006489769584102,0.0006312604363719,0.7202646029719019,0.7202646029719019,0.7202646029719019,False,0.2113324859557633,4.465923478336705e-05,1.6604497622601785e-05,2.068367722126975e-05,2.6895866287804813,0.5368555390256439,0.0913401140537952,0.3718043469205609,-0.1754809039411962,-0.8476287720237496,-0.500731382269467,5276.633632390079,True,body,high
-0.0110092615645402,0.0020289503143227,-0.0037805188382675,0.0007547387546871,0.0007409095322165,0.4168236299502266,0.4168236299502266,0.4168236551714663,False,0.1624945885961012,4.35038056176601e-05,2.254701723359761e-05,5.151199602484681e-05,2.284647919995737,0.1554626305554915,0.4068331651127241,0.4377042043317843,0.886142524648445,0.4628535708720749,0.0227595681120977,4241.165111946488,True,body,high
-0.0122355261088832,0.0026325624358399,-0.0037749654048901,0.0006140552227587,0.0006092478400668,0.3300499040274384,0.3300499040274384,0.3300499040274384,False,0.0937998919826142,2.4257659851592964e-05,3.7761524967362346e-05,1.622027250322718e-05,2.328045041157559,0.3576091041725911,0.2128459418763562,0.4295449539510526,0.9252496794218866,0.3763514746361068,0.0476717764397742,3986.753621790372,True,body,high
-0.0122651551430767,0.0005050172874933,-0.0033657995375539,0.0020092004278611,7.843523534006915e-05,0.4745559704951244,0.4745559704951244,0.4745559704951244,False,0.1510502873460073,4.773494927926878e-05,1.7523684004605205e-05,4.234562705996782e-05,2.724024769376353,0.1129009729909052,0.5199951697894178,0.3671038572196769,0.7589074755449673,0.4937140665075819,-0.4246243800048602,7944.814475482643,True,wing_R,high
-0.0116021147455826,0.0022571417823746,-0.0036914160120263,0.0001593389528851,0.0001144635468122,0.1155598384175922,0.1155598384175922,0.1155598384175922,False,0.8951733272013098,9.963273627503202e-05,3.3924381450742265e-05,8.711052211106814e-05,2.936906496576728,0.1256837323969185,0.5338219409482817,0.3404943266547997,0.3091540983876074,-0.7978464332404545,-0.5175565789511624,13132.129768087309,True,body,high
-0.0113940337323335,0.0021633669063366,-0.0031095374209051,0.0007353242868701,0.0006981639856471,0.143183586247877,0.143183586247877,0.143183586247877,False,0.1716878108515566,0.000131139171948,5.247240354186356e-05,0.0001060979496809,2.4992026874367297,0.1909515051461801,0.4089208841454482,0.4001276107083716,0.1645069499921475,0.6451970512808423,0.7460953212712083,3852.711478325297,True,body,high
-0.0114261382713237,0.0023403218725856,-0.0036970529556117,0.0002576430159263,0.000256951729149,0.1264733715274411,0.1264733715274411,0.1264733715274411,False,0.1342191349332639,0.0001490029560639,5.7529226996174296e-05,0.0001065949060754,2.590039252114762,0.2846121386358514,0.3292933266255334,0.3860945347386152,0.0140406327412445,0.5748539196116516,0.8181355827363495,15259.358122035594,True,body,high
-0.0118293960565831,0.0024481222082442,-0.004015742763573,0.0003123956690926,0.0003074293478605,0.1011916680235918,0.1011916680235918,0.1011916343952721,False,0.6036019576118519,0.0001475749848834,6.026809486481618e-05,9.747183176887725e-05,2.448641942548268,0.3395097966918561,0.2521005638824164,0.4083896394257274,0.0021938820295085,0.5904537719129187,0.8070684791982943,13952.519148477955,True,body,high
-0.0114660498831543,0.0023003959124343,-0.0036826578519969,0.0002350393321015,0.0002327790604438,0.1091523992643715,0.1091523992643715,0.1091524328926913,False,0.063696094558674,7.214777006413876e-05,8.423698653255351e-05,0.0001360465435822,1.8856652598037216,0.3808222957048222,0.0888608865031962,0.5303168177919816,-0.4946655083640299,0.8618984678575692,0.1115215940512456,16964.13247399685,True,body,high
-0.0117276576870042,0.0024469463513963,-0.004009198745655,0.0002696292308204,0.0002567458180158,0.1017363122896691,0.1017363122896691,0.1017363122896691,False,0.2331735052357524,0.0001301970257598,5.6787892542784334e-05,8.58210335354454e-05,2.292689866273742,0.3408372193254166,0.2229938880954584,0.4361688925791249,0.1067630373651495,0.667982719495688,0.7364786081806538,20693.73333441021,True,body,high
-0.0115853503315083,0.0022533077151207,-0.0036292046875935,0.0002012503472359,0.000162020346529,0.1041289672372732,0.1041289672372732,0.1041289672372732,False,0.67122583687233,8.289440289954815e-05,3.672128838404234e-05,6.435917774260603e-05,2.257393641329068,0.2236004423531851,0.3334108020785845,0.4429887555682303,0.017961540779523,0.5558348881866099,0.8310986464478236,15049.3802347028,True,body,high
-0.0118464268138053,0.0024362004092684,-0.0039989993692768,0.0003054489935174,0.0003032306461282,0.1002963140112241,0.1002963140112241,0.1002963476395439,False,0.8594920033249132,0.0001412788870858,5.978300485590103e-05,6.328203098040537e-05,2.363194814753004,0.5520772262173532,0.0247668013011659,0.4231559724814807,0.0187646231921007,0.5355435667594906,0.8442991040022378,13979.491636740036,True,body,high
-0.0121575574331452,0.0011722213508807,-0.0034373782782571,0.001343979686823,0.0001566420065016,0.4899668100613066,0.4899668100613066,0.4899668100613066,False,0.1789805858802609,6.744964024710074e-05,6.244279960267644e-05,2.9088877846705697e-05,2.318743287470588,0.0742307983568453,0.4945011068076739,0.4312680948354807,-0.7315887697140909,-0.4557949114896858,0.5069801482191707,10676.94008938738,True,wing_R,high
-0.0114810061104891,0.0021714650085296,-0.0034819774322256,0.0003951028174474,0.0003464413537014,0.1073338469909136,0.1073338469909136,0.1073338469909136,False,0.4698133664004669,0.0001566020524979,6.903494014638186e-05,8.836712067527964e-05,2.268446270336409,0.435721823145119,0.1234478106801949,0.4408303661746859,0.3941016922164453,0.8970914308484914,0.1997769278228607,5523.402854810195,True,body,high
-0.011381073771937,0.0023326215903802,-0.0039927992628414,0.0003825394787635,0.0003759950716731,0.1451256889679618,0.1451256889679618,0.1451256889679618,False,0.2590782196750628,5.240723985427194e-05,6.445518261395474e-05,0.0001420158441208,2.7098516257621488,0.546140904115417,0.0848352015528226,0.3690238943317603,0.81387971445318,-0.0202395382189593,0.5806807827837026,8515.44550414646,True,body,high
-0.0111042617353134,0.0039316594739179,-0.0041482667436724,0.001694243531676,0.0001677475053642,0.423179004057451,0.423179004057451,0.423179004057451,False,0.1600385890429923,4.845781986948086e-05,2.330510404578066e-05,5.391387940403243e-05,2.313393636781185,0.1011995351635461,0.4665350759719014,0.4322653888645524,0.8196610655463361,0.5127683423021198,-0.2553906121222573,7056.382122357927,True,wing_L,high
-0.0120135828960103,0.0012331701016077,-0.003558043900363,0.0012173858038701,8.559894164703101e-06,0.5445769397712694,0.5445769397712694,0.5445769397712694,False,0.2017914855811394,3.6432428643677166e-05,1.8045459134934903e-05,4.215616689237757e-05,2.3361094099714985,0.1357746368001816,0.4361632203346002,0.4280621428652181,0.7744366207473751,0.3711640468159893,-0.5123330662728734,7014.899674649954,True,wing_R,high
-0.0119464252248868,0.0011978495980476,-0.0037271192910774,0.0012192193561547,0.0001836897444876,0.3122998848473062,0.3122998848473062,0.3122998848473062,False,0.1811511759876541,5.188126455140052e-05,2.4563622276114787e-05,5.7007761878878e-05,2.320820652510656,0.0899263040420624,0.4791916289105751,0.4308820670473625,0.7903958319256557,0.5335419356583708,-0.3010106838111722,9977.70539856524,True,wing_R,high
-0.0112939321016123,0.0022515627328677,-0.0035968905452336,0.0004316825280556,0.000429536086553,0.1358732603386729,0.1358732603386729,0.1358732603386729,False,0.6305867885094055,0.0001014288813324,3.656633688494722e-05,9.157085300351712e-05,2.7738321629429903,0.0971915316372692,0.5422963893121309,0.3605120790505999,0.2343879465650045,-0.8721665073856792,-0.429404091619662,13431.040674058677,True,body,high
-0.011766442542407,0.0024119819279064,-0.0038365703775413,0.0001281069907158,0.0001276027122629,0.1131542029385787,0.1131542029385787,0.1131542029385787,False,0.9847200708340248,0.000123423340172,5.3733504993996735e-05,9.794234701474712e-05,2.296953087013886,0.2064519816249696,0.3581886696562315,0.4353593487187989,-0.023757253283325,0.61676811853059,0.7867862993727508,13732.715338657788,True,body,high
-0.0117266197500244,0.0024820112125367,-0.0040846228320713,0.000350083767451,0.0003260209332036,0.0890165012430575,0.0890165012430575,0.0890165012430575,False,0.6818552495929207,0.0001798555846057,7.964414586344383e-05,0.0001150496214229,2.258239857504275,0.3603222180995578,0.1968550247531284,0.4428227571473138,0.1110981646521115,0.6089709911474782,0.7853734969756684,14537.066497974998,True,body,high
-0.0114538404712064,0.0022952656047328,-0.0037279483426731,0.0002389960068073,0.0002374840987891,0.1120662931675324,0.1120662931675324,0.1120662931675324,False,0.1545876741039403,0.000135083182485,5.861171469726089e-05,0.0001040859245324,2.3047130284923507,0.2294679277048872,0.3366385733486694,0.4338934989464433,-0.0329278718586208,0.6040288875605855,0.796281896219664,16032.8019532803,True,body,high
-0.0115858336536585,0.0024018023821325,-0.0039214201828503,0.000191326742871,0.0001794298590697,0.1147473445849981,0.1147473445849981,0.1147473445849981,False,0.3214436576300593,0.0001297467128318,5.846912878721346e-05,9.9099175835665e-05,2.2190635558135283,0.2362105083611742,0.3131489512269982,0.4506405404118275,0.2067465686176048,0.7195124676504006,0.6629914518758724,21299.31188761941,True,body,high
-0.011694223471224,0.0025161235150712,-0.0041841294885211,0.0004516175833002,0.0004121953313056,0.1040305371454722,0.1040305371454722,0.1040305371454722,False,0.6260271150043762,0.0001537917665539,5.370927192332749e-05,7.070664027097354e-05,2.863411866268775,0.5402443066015042,0.110521965697608,0.3492337277008877,0.0368721954179622,0.708300351285972,0.704947553774909,12747.666517336193,True,body,high
-0.0118374226438625,0.0026370579135273,-0.0035347591982932,0.0003703711735279,0.0003354384558412,0.1027056822337258,0.1027056822337258,0.1027056822337258,False,0.1843937733711714,4.708510259783932e-05,5.99169083016837e-05,9.13669057918382e-05,1.9404631348521453,0.3442165105361806,0.1404425989108043,0.515340890553015,-0.2690522968120321,0.953711604887548,0.1343318141133623,7351.651507493142,True,body,high
-0.0121599728973629,0.0028142209920688,-0.0042544100186008,0.000819876889682,0.0007439131802018,0.7245351641772579,0.7245351641772579,0.7245351641772579,False,0.0889626417621951,4.451805838509765e-05,1.7553607090078383e-05,2.0217165198227144e-05,2.5361202490546835,0.5458659714370021,0.0598309585990476,0.3943030699639503,-0.2507396237396159,-0.776323616919528,-0.5783176314966523,5192.847659981182,True,body,high
-0.0121201525530894,0.0021314532412376,-0.0041823267629886,0.0006701703114675,0.0005987878152023,0.1289670459474641,0.1289670459474641,0.1289670459474641,False,0.1196916678624321,5.049471183899922e-05,9.321352689426824e-05,0.0001156508609285,2.290355895035636,0.1940092261670749,0.3693774063787631,0.4366133674541619,-0.8579550288825355,0.5108463231228941,0.0543065609939241,4821.213175622851,True,body,high
-0.0113215708691349,0.0033505472589386,-0.0038508940711417,0.0010316251002007,8.547085237511044e-05,0.5264393668170609,0.5264393668170609,0.5264393668170609,False,0.371692210931457,1.0793074010738173e-05,2.5051512492332505e-05,1.2427669623669924e-05,2.3210729832305814,0.5039153972250717,0.0652493781935143,0.4308352245814139,-0.88105459897473,-0.1995363224194489,0.428868336043593,4792.468076613216,True,wing_L,high
-0.0120749110144189,0.0023430981959687,-0.0038437509458943,0.0004137934818956,0.0003891743935381,0.0962526094506542,0.0962526094506542,0.0962526430789739,False,0.7656027885402408,7.823332635808426e-05,3.0469971620747782e-05,7.435142918639728e-05,2.56755494661548,0.0496194825453159,0.5609049187656713,0.3894755986890127,0.2205939134805389,-0.7333014778550668,-0.643123058139665,5422.147790323461,True,body,high
-0.0115322903778197,0.0023037679119043,-0.0036639252981771,0.0001857911880601,0.0001786186345413,0.1148714667130601,0.1148714667130601,0.1148714667130601,False,0.8266864149142464,0.000125102907933,5.204876943932632e-05,0.000101972894279,2.4035709063002013,0.1848878977806566,0.3990644635252586,0.4160476386940848,-0.0607773176008057,0.5683273615268656,0.8205547683154139,16711.134299836107,True,body,high
-0.0119811012415364,0.0025240370326058,-0.0040264095492061,0.0004345187489408,0.0004259833423121,0.1197140792650598,0.1197140792650598,0.1197140792650598,False,0.2275080106278102,6.878777128976101e-05,0.0001202541975612,0.0001557775185111,2.264610636314111,0.2280388164442029,0.330384170728725,0.441577012827072,-0.3220833362229296,0.9439430196213476,0.0723456994965069,6902.552947051493,True,body,high
-0.0115848837287528,0.0023973547355895,-0.0039052681551689,0.0001773298009096,0.0001668836190157,0.1064285389959108,0.1064285389959108,0.1064285389959108,False,0.3049773496803014,0.0002031403148639,6.95733357116884e-05,0.0001088050602288,2.9198012828623088,0.46438470226014,0.1931262366282453,0.3424890611116146,0.0042208386368955,0.530600793200656,0.8476113394569683,24036.034144953832,True,body,high
-0.0113961796236268,0.0023243872499173,-0.0038075461731802,0.0002895510389565,0.0002880415112682,0.0947923669237419,0.0947923669237419,0.0947923669237419,False,0.7378478715073034,0.0001340687109223,5.849277602258965e-05,9.742415680771774e-05,2.2920558749099933,0.2733266685608048,0.2903837928871435,0.4362895385520516,0.0088322422391925,0.5611054625257983,0.8276971979055736,11290.011032584023,True,body,high
-0.0110234945633604,0.0022754194911515,-0.0033094911414742,0.0007942844445086,0.0007941950378475,0.1055078628587989,0.1055078628587989,0.1055078628587989,False,0.6795206042017267,0.0001219180757052,5.34242170214527e-05,7.914902430109575e-05,2.282075105681856,0.3508015620876586,0.2110007653159293,0.4381976725964119,0.215794162127723,0.6914749944274154,0.6894165733960853,8965.636853597658,True,body,high
-0.0110864864417673,0.0022761785167802,-0.0033758447296411,0.0007059982971328,0.0007059805303034,0.0909300535197057,0.0909300535197057,0.0909300535197057,False,0.9616553419881332,0.0001364466127357,5.893692501464935e-05,6.715221593718347e-05,2.3151294829492253,0.5078498865543978,0.0602088300897754,0.4319412833558267,0.0259511359075497,0.7574994929665126,0.6523197503529877,7566.154787332068,True,body,high
-0.011449227503547,0.0023316962568104,-0.0038014773306076,0.000236081143644,0.0002352002080983,0.0968674360199732,0.0968674360199732,0.0968674360199732,False,0.0958082163623269,0.0002045923500692,8.290736881260803e-05,7.324187101700475e-05,2.793379623271893,0.5947679921338106,0.0472427135830525,0.3579892942831369,-0.6445031492271172,0.650824180281719,-0.4013023510982167,13612.511217698697,True,body,high
-0.0110709351026151,0.0022510092218621,-0.0032441607220329,0.000799719292639,0.0007989591154472,0.1264289821454195,0.1264289821454195,0.1264289821454195,False,0.8402361422851478,0.0001116363251343,4.880570624022344e-05,5.073877403043536e-05,2.2873621495164573,0.5454994244087389,0.0173157597931167,0.4371848157981444,0.0233115702033283,0.774598157433767,0.6320239435297277,7317.880494018145,True,body,high
-0.0122177227138418,0.0010916633377386,-0.0033943535239317,0.0014488279506767,0.000200714997659,0.4738008087441017,0.4738008087441017,0.4738008087441017,False,0.253478374453475,7.043830292083526e-05,6.230592506984136e-05,2.932798667842717e-05,2.401743552776764,0.1154539151821101,0.4681818985400272,0.4163641862778626,-0.7413859185033467,-0.4642316372096022,0.4845987070336046,8763.961393530642,True,wing_R,high
-0.0119486731081872,0.0025888398908054,-0.0036326522266277,0.0003620899026497,0.0003494203137884,0.1281694158321834,0.1281694158321834,0.1281694158321834,False,0.0884763735196228,0.0001690940097059,7.373786350242606e-05,7.322636620450584e-05,2.3091956964483145,0.5639238573227081,0.0030249285519313,0.4330512141253605,-0.7867925926571687,0.4117866564924118,-0.4597707751419295,5710.588838164082,True,body,high
-0.0120586077159499,0.0007480957623989,-0.0036112127602608,0.0016883318916745,0.0001604090447067,0.4903502464679881,0.4903502464679881,0.4903502464679881,False,0.2031575204013215,2.563845138283872e-05,5.8528934615805774e-05,5.157225931651625e-05,2.2828576399502247,0.1188587379038139,0.4430937980318899,0.4380474640642961,0.7955796626737253,0.4054199089689536,-0.4502085047525945,16123.217733632604,True,wing_R,high
-0.0112755584215928,0.0046178091190193,-0.0038017230516973,0.0022676757884029,0.0004000472918967,0.8448324575974787,0.8448324575974787,0.8448324575974787,False,0.8088108375945432,2.7170840044691163e-05,1.1474910417363231e-05,1.1869789241142007e-05,2.367847683026586,0.5631423532868939,0.0145331842198942,0.4223244624932118,-0.1008919235956664,-0.9175473664741504,0.3846136373420951,4769.479105340479,True,wing_L,high
-0.011223111293664,0.0022618474298991,-0.0040516364623738,0.0005550206359723,0.0005520130897936,0.4140794918049786,0.4140794918049786,0.4140795758757779,False,0.1754097002324193,3.717239976567344e-05,2.286949549235954e-05,5.257554038986358e-05,2.298937482351918,0.2929716082796521,0.2720448361967091,0.4349835555236388,0.9074091827684356,0.4201762954249107,0.0077753321805661,4178.373868364527,True,body,high
-0.0119301683536727,0.0024493668264365,-0.0039050064124545,0.0003052594231039,0.0003050718599874,0.1140151215515599,0.1140151215515599,0.1140151215515599,False,0.7411937436571512,4.736252441045016e-05,9.221840415943044e-05,0.00012540990409,2.6478720391517783,0.2646641042545141,0.3576741412445618,0.377661754500924,-0.8102783806135108,0.5796354958143584,0.0864386366296333,13228.183261769267,True,body,high
-0.0122602881767312,0.0008867993469204,-0.0033563863481384,0.0016577390060828,0.000191343656444,0.3661501490450263,0.3661501490450263,0.3661501490450263,False,0.1584971025552701,2.347369106415319e-05,5.366564922559946e-05,2.349317518895489e-05,2.2862041201331387,0.5622306721717952,0.0003630651092991,0.4374062627189055,-0.0928076645685482,0.5157024581889474,0.8517263128583081,5741.724650580019,True,wing_R,high
-0.0111290667522897,0.0020631052641975,-0.0031649992476352,0.0008634554669483,0.0008290037724507,0.3251102569589058,0.3251102569589058,0.3251102401447459,False,0.3281741890291146,3.734003141909663e-05,2.2448450773283703e-05,5.065020412194666e-05,2.256289515632248,0.262786161153549,0.2940083046844115,0.4432055341620395,0.7805949193544652,0.6198347524392228,0.0804764036634546,4021.478309133439,True,body,high
-0.0119607795591104,0.0015848483886422,-0.0034802763449904,0.0008933412901358,0.0001431700541162,0.1561911211979559,0.1561911211979559,0.1561911211979559,False,0.1594433627143589,4.5119091937970345e-05,0.0001071942250612,0.0001136578088382,2.5190624180666776,0.0568688050832953,0.5461581017420318,0.3969730931746729,-0.8903690794263532,-0.4546339642784144,0.0234704266250478,6117.376960731676,True,body,high
-0.0119714153562213,0.0012148307322846,-0.0035843380807535,0.0012199332321763,5.725042077147545e-05,0.4296484622393029,0.4296484622393029,0.4296484622393029,False,0.2597736683495225,6.722718612728096e-05,4.148411637747144e-05,2.8291490166137765e-05,2.376233479837889,0.3829264800860513,0.196239452687431,0.4208340672265175,-0.8233450922259925,-0.3968697886602474,0.4057058416588828,6951.31364023982,True,wing_R,high
-0.0114858286383661,0.0023447624407185,-0.0030444246881912,0.0007334119678364,0.0007271628550013,0.1658546560357403,0.1658546560357403,0.1658546560357403,False,0.2886677806595719,9.204136247836949e-05,4.102427934867707e-05,9.639382642076202e-05,2.349677506860836,0.0451529325477122,0.5292567483212178,0.4255903191310699,0.3751953235645028,-0.7143717536192895,-0.5906788186537839,3377.13568084235,True,body,high
-0.0124803933853755,0.0023504399585275,-0.0040635213802143,0.0008654591892733,0.0008383224824864,0.1800183326175637,0.1800183326175637,0.1800183662458835,False,0.2326394353577381,2.2141958621673307e-05,2.3123080721135216e-05,6.33637378387725e-05,2.861704283773248,0.6350739159364093,0.0154839681642258,0.3494421158993648,-0.1423192669195339,0.5800770745409081,0.8020323022519407,4672.227903871914,True,body,high
-0.0111756730823426,0.002277747898494,-0.0035337510139324,0.0005544303176428,0.0005544015218944,0.1532577564976809,0.1532577564976809,0.1532577564976809,False,0.7428102761360931,0.0001467142851862,5.547118568231088e-05,9.909506480820168e-05,2.6448737913499745,0.3245711235112402,0.297339001928209,0.3780898745605507,-0.0466055483044059,0.628544998441543,0.7763756228793935,11044.84982189692,True,body,high
-0.0116153081879941,0.0024247584502185,-0.0039884697713079,0.0002464651132294,0.0002293817591794,0.0994914874355248,0.0994914874355248,0.0994914874355248,False,0.758628242230686,0.0002116774658897,8.4972833926801e-05,9.974872469883162e-05,2.491119291985296,0.5287702246454498,0.0698037965917866,0.4014259787627637,0.0604726394355088,0.5144393159697083,0.8553918692998675,20733.17050484836,True,body,high
-0.0115588874828044,0.0022718034780979,-0.003677844548345,0.0001780876130819,0.0001555184138068,0.109955578052405,0.109955578052405,0.1099555444240852,False,0.5683984353491622,0.0001400587132028,6.153102127846174e-05,0.0001068952159455,2.2762292952850127,0.2367828212820789,0.3238941271820311,0.4393230515358898,-0.0473161107237167,0.6106906485307968,0.7904543740552112,17096.850618411354,True,body,high
-0.0115723196490916,0.0023633507188667,-0.0038941897011717,0.0001759044831737,0.0001733858688346,0.122053937750714,0.122053937750714,0.122053937750714,False,0.1339521837073765,0.0001494239534098,5.379877855554385e-05,0.0001012654908095,2.777459961392196,0.3222941268872166,0.3176646793960782,0.3600411937167051,0.1574931593846128,0.74664910711789,0.6463056673023303,23432.36027710028,True,body,high
-0.0118849760980594,0.0022980049467193,-0.0040160620736287,0.0003493062890788,0.0003339932886277,0.0794151115401033,0.0794151115401033,0.0794151115401033,False,0.2345950022534126,0.0001339839679375,5.4595979042988745e-05,0.0001088654679838,2.4540995561600374,0.1874739219949617,0.4050446465814844,0.4074814314235537,0.3638726393229644,0.8831588040837602,0.2960189675028987,6755.433003238437,True,body,high
-0.011391629299466,0.0023015421296674,-0.0037393043616473,0.0002946506467467,0.0002946473012637,0.1005948326053195,0.1005948326053195,0.1005948326053195,False,0.8541136476734419,9.13006206672817e-05,4.040470706154294e-05,7.025006128914024e-05,2.259653077751956,0.2305631574494333,0.3268910332642746,0.442545809286292,-0.0023278313625743,0.5866964636602525,0.8098035815737674,14509.383916472736,True,body,high
-0.0118778480937545,0.0016654486773068,-0.0034098380947616,0.0008233747382707,0.0002219762910548,0.5337871294531858,0.5337871294531858,0.5337871294531858,False,0.160841842518137,4.052723452651438e-05,1.8428120345699047e-05,4.156002674449537e-05,2.255250452290165,0.0248506148547601,0.5317396525434711,0.4434097326017687,0.9033678297509088,0.4084699925767453,-0.1306859951773205,5624.253061008882,True,body,high
-0.0115871175099528,0.00275114659518,-0.0041027423821619,0.0005135999917017,0.0002888458726992,0.1520757883163965,0.1520757883163965,0.1520757883163965,False,0.1558038340953156,2.266148515709084e-05,3.483661562929292e-05,5.4840091577159054e-05,2.4199690001341083,0.364760075568466,0.2220114905364788,0.4132284338950551,-0.0540878319495454,0.4227764744216881,0.9046184605183368,3917.110047395361,False,body,high
-0.0111638041384198,0.0022500716324527,-0.0035542779983738,0.0005635255821489,0.0005633529566402,0.0933209934230044,0.0933209934230044,0.0933209934230044,False,0.1471336326390908,0.0001770380555025,7.90388213186407e-05,0.0001196351302927,2.239887343320357,0.324240599270562,0.2293083758677934,0.4464510248616445,-0.0376255017662245,0.5010712798166833,0.8645877018323305,11925.548575744637,True,body,high
-0.0115175359599912,0.0022735479737846,-0.0036283268006049,0.0002287700854438,0.0002139343385061,0.1153231959317694,0.1153231959317694,0.1153231959317694,False,0.1837227893177441,0.0001427564411506,6.318042213772266e-05,0.0001193764194286,2.259504389499922,0.1637755994301927,0.3936494692498809,0.4425749313199263,-0.0470662754821105,0.6328172854330218,0.7728693608685904,19930.10106990603,True,body,high
-0.0116216947433982,0.0022690636019152,-0.0035950753148617,0.0002025668365065,0.0001630883855579,0.0972437705458852,0.0972437705458852,0.0972438041742049,False,0.2579246236148088,9.076600845042736e-05,3.216650267813349e-05,5.487995834616876e-05,2.8217555809114843,0.3953688249258871,0.2502418697902797,0.3543893052838331,0.4488993894860703,0.2966006772330992,0.8429219278105774,10609.558144476714,True,body,high
-0.0119890743083493,0.0025928078628992,-0.0034900697934765,0.0004593538488167,0.000454733353639,0.17038287742674,0.17038287742674,0.17038287742674,False,0.0696317843093641,0.0001517415073341,6.694255236156035e-05,9.871461343729891e-05,2.266742183873563,0.3494554313346638,0.2093827960057159,0.4411617726596202,0.382640446199985,0.9177416449514731,0.1064732926777427,5880.718030154304,True,body,high
-0.0119709146173103,0.0024648498309341,-0.0045101791502146,0.0008180188364753,0.0008108678638913,0.184377100905528,0.184377100905528,0.1843770672772083,False,0.0845519918950418,7.650695512557763e-05,5.1429580029598535e-05,0.0001156697226132,2.249089386821028,0.3385740589921227,0.2168015495276221,0.4446243914802552,0.8570936238906229,-0.5147803714618693,0.0197911354808199,3788.528026664441,True,body,high
-0.0118895601277298,0.0024520267928932,-0.0039476223672185,0.0002986389238229,0.0002969811400609,0.1489440165298129,0.1489440165298129,0.1489440165298129,False,0.0931430170081923,4.6363737043465664e-05,8.53927452615758e-05,0.0001260276005746,2.7182364626152284,0.3224282230859961,0.3096861960407729,0.367885580873231,-0.8355643036744824,0.5245206225460665,0.1634332002650132,15468.185379632712,True,body,high
-0.0121606529123375,0.0016285883967781,-0.0037840559376216,0.0009009470141034,0.0002983571477348,0.5548399666645836,0.5548399666645836,0.5548399666645836,False,0.2309049858517057,3.546572058985798e-05,2.0480346867779315e-05,4.635856407115886e-05,2.2635634235322657,0.2349693891420089,0.3232493072709632,0.4417813035870279,0.7876127296435016,0.3337217798433221,-0.5179729353563925,3136.3389919417805,False,body,high
-0.0112329457335878,0.0023776349410195,-0.0036347955414591,0.0004561475531988,0.0004451572879052,0.1585466841089162,0.1585466841089162,0.1585466841089162,False,0.1250318493179405,0.0001131396308324,3.973358928128467e-05,0.0001097564103377,2.8474555880533536,0.02990305403838,0.6189062182833547,0.3511907276782652,0.2779031020602586,-0.7421970371722271,-0.6098470495772308,7610.409898404375,True,body,high
-0.0121540504325988,0.002483989675173,-0.0034965089539788,0.0005529681452085,0.0005465581481554,0.1694606543869214,0.1694606543869214,0.1694606543869214,False,0.0982171092125701,2.576409268884732e-05,3.0833493653589e-05,6.45919121105186e-05,2.507051689752652,0.5226415715820271,0.0784835252448911,0.3988749031730818,-0.1736095816633547,0.571218317110402,0.8022277403282905,4024.620557821536,True,body,high
-0.0111078626229619,0.0020051008347753,-0.0037278196185235,0.0006824361918347,0.0006516434031701,0.1462502536074956,0.1462502536074956,0.1462502872358153,False,0.1257001272246494,9.634727597212318e-05,4.28973211582074e-05,6.656523181921897e-05,2.2459974975311336,0.3091114289678647,0.2456520998876975,0.4452364711444377,0.4172914462945993,0.5019382172515587,0.7575789562228407,5284.353843423303,True,body,high
-0.012536574834906,0.0026898574454446,-0.0037525081495882,0.0009148911940908,0.0009139461892524,0.1123567409648966,0.1123567409648966,0.1123567409648966,False,0.0994801237634195,6.739427916307394e-05,8.309996126793798e-05,0.0001375575693058,2.04108673635372,0.395889577816262,0.1141753389807377,0.4899350832030003,-0.4760037714114671,0.8511308865133498,0.2213518096268006,3699.560460589842,True,body,high
-0.0110126391251476,0.0022825577164204,-0.0032772159149457,0.0008204952866136,0.0008203245233931,0.0970616395663178,0.0970616395663178,0.0970616395663178,False,0.1033204783093591,0.0001595758114166,7.066518229921549e-05,9.483220389489434e-05,2.258195708616116,0.4057231916729494,0.1514453937669602,0.4428314145600904,0.0613982777084705,0.7585897453763568,0.6486692914762249,8321.255864249375,True,body,high
-0.0119096912449846,0.0025549918906098,-0.003484330531749,0.0003950342784482,0.0003917340643483,0.1494214714131029,0.1494214714131029,0.1494215386697423,False,0.0497577882186695,4.587067305879927e-05,8.787054930798529e-05,0.0001358178674024,2.960886735372921,0.3530265863501901,0.30923675251608,0.3377366611337299,-0.8766857732364612,0.4797603833920367,0.0353840293397186,6445.170635679972,True,body,high
-0.012431728413878,0.0003606923111897,-0.0032380952296681,0.0022227079645663,0.0002226629890976,0.4552643597809234,0.4552643597809234,0.4552643597809234,False,0.1346896284600232,1.3526307363284888e-05,1.4765613819970824e-05,3.196369902826826e-05,2.363076497509504,0.5380505301682288,0.0387723102883027,0.4231771595434686,0.3674086977992484,-0.200021215175277,-0.9082964066103456,5858.119812171205,True,wing_R,high
-0.0123656466385733,0.0027984904687223,-0.004063998383033,0.0008638957000186,0.0008294474958469,0.1332498478611959,0.1332498478611959,0.1332498478611959,False,0.13189469668828,4.0655755158586416e-05,9.533269825768124e-05,0.0001071220250371,2.6348551298397007,0.1100551149527193,0.5104173775668833,0.3795275074803972,-0.9175035652896746,-0.3805810885852797,-0.1155216113633265,4291.067004660614,True,body,high
-0.0111692312241318,0.0019799590380298,-0.0034844553811247,0.0007006474230162,0.0006414644370491,0.1897171771910472,0.1897171771910472,0.1897172108193669,False,0.1135598380550037,7.793419488567513e-05,3.3524546223444527e-05,7.42458527127919e-05,2.324690522766088,0.0473263652533244,0.5225088492808982,0.4301647854657773,0.0794240920324069,-0.7200665557337982,-0.6893445937399469,4138.933395190774,True,body,high
-0.0114995803217274,0.0022383239547362,-0.0036869128560017,0.0002373602590943,0.0002152112713887,0.0924150801182467,0.0924150801182467,0.0924150801182467,False,0.2826659691767471,0.0002423521955627,8.372425092635761e-05,0.0001229974524568,2.8946475230447977,0.492484678460299,0.162050116522916,0.345465205016785,-0.0756901106532243,0.4461085224464288,0.8917725008935669,13047.068620468555,True,body,high
-0.0115066853950365,0.0021428156988451,-0.0033433227942167,0.0005041181299583,0.0004400454874356,0.1165213729631557,0.1165213729631557,0.1165214065914754,False,0.2109593937392316,7.40834591600164e-05,8.36444433198698e-05,0.0001169494104302,1.578617032145414,0.2847809748493296,0.0817531625399309,0.6334658626107394,-0.4450124084434672,0.8948254940185827,0.0353736001241588,4659.403365663232,True,body,high
-0.0119067590368617,0.0012890393352064,-0.0029383703510126,0.0013855444688058,0.0006368290144807,0.7542182094218286,0.7542182094218286,0.7542182094218286,False,0.0381618709721438,2.5554551792164843e-05,2.95254970465038e-05,7.206195191086242e-05,2.819926269767603,0.5902761961953849,0.055104603040046,0.3546192007645691,0.7924977944964633,0.3337328717233269,-0.5104602002600621,2324.86743843429,False,wing_R,high
-0.0117586388721138,0.002466140874863,-0.0038440113968552,0.0001486394552807,0.000133202050023,0.2515153013901768,0.2515153013901768,0.2515153013901768,False,0.0584693040893315,6.330714174737126e-05,2.348508843463255e-05,2.5300322219082466e-05,2.695631397070435,0.6003559547824157,0.0286734440119512,0.3709706012056331,-0.8591662988549498,0.4222770539684712,-0.2889902430941152,14135.0413051822,True,body,high
-0.0123723040728411,0.0023356384190641,-0.0038482582713602,0.0007070154100638,0.0006679644857776,0.3402186034839566,0.3402186034839566,0.3402186034839566,False,0.0344872970159943,6.986742291230456e-05,2.785454475819039e-05,3.789037988241066e-05,2.5082952716992666,0.457681730583229,0.1436411235149884,0.3986771459017826,-0.2286724402746092,0.6914935886098652,0.6852339249995624,3993.626081367201,True,body,high
-0.0121806785471195,0.0009896782813832,-0.0034184654091418,0.00152245765914,0.0001287651168725,0.4843171840419412,0.4843171840419412,0.4843171840419412,False,0.0584264129111021,6.79142443459981e-05,5.194141495608647e-05,2.431361580999935e-05,2.793259746996056,0.2351911523676231,0.4068041897857781,0.3580046578465987,-0.8114798651557336,-0.4801925385786134,0.3330398689950795,7630.833182708983,True,wing_R,high
-0.01137295806552,0.0026285391520641,-0.0030976617672483,0.0007600593897275,0.0007295111659979,0.34936607812742,0.34936607812742,0.34936607812742,False,0.0315674656631504,4.466941504079023e-05,1.928189971479558e-05,4.791547215913168e-05,2.484997477834858,0.0677454895479479,0.5298396150971942,0.4024148953548578,-0.95927134750134,-0.2707100370979272,0.0807128098718026,3051.34298585958,False,body,high
-0.012118699131584,0.0023777067549876,-0.0043046928727223,0.0007095068435755,0.0007078403102154,0.3460495859806511,0.3460495859806511,0.3460496196089708,False,0.0416515125178357,4.9395566467214286e-05,1.7024738570090555e-05,1.815799726861602e-05,2.9013994114419783,0.6323962135211431,0.0229425185209213,0.3446612679579355,-0.1333593754683964,-0.9815219991683692,-0.1372218718834851,4422.79590327192,True,body,high
-0.0116592236848363,0.0020123614802265,-0.0038045845284022,0.0003774713812666,0.0001618299453092,0.1528610768383424,0.1528610768383424,0.1528610768383424,False,0.0395379100555733,0.000158022928494,6.11513022979556e-05,0.0001008362611448,2.584130223819481,0.361888416409993,0.25113418176157,0.3869774018284369,0.3945094069370524,0.9130833958554057,0.1031554169752413,5344.577279201364,True,body,high
-0.0113318298962963,0.0045896426051043,-0.0039384590146117,0.0022378616382249,0.0003475130239079,0.411198528433897,0.411198528433897,0.411198528433897,False,0.0082580592194308,1.4213595512267566e-05,1.5068633076510418e-05,3.6447093845853965e-05,2.564241666677299,0.5865614652229797,0.0234596911309052,0.389978843646115,0.6190904356661688,0.5338668562280678,0.5759454941987416,3803.9174233566,True,wing_L,high
-0.0117622368724323,0.0027244301776175,-0.0041310304989804,0.000515727631479,0.0003751394592979,0.3157423150514016,0.3157423150514016,0.3157422982372417,False,0.0092320879184075,7.853465451773579e-05,3.334607847394172e-05,3.92668590838497e-05,2.3551391381480338,0.5000059613812663,0.0753906749353671,0.4246033636833665,0.3627450975668903,-0.8235726151433171,-0.4360552049651336,4216.703235734167,False,body,high
-0.0119541730626394,0.001090250036537,-0.0037385689887577,0.001325739324765,0.0002191792588715,0.3077150333659092,0.3077150333659092,0.3077149997375895,False,0.1401336052158745,3.875124780808238e-05,4.33697972661342e-05,1.4405368104835149e-05,3.010669144343293,0.1064922999226991,0.5613556262172797,0.3321520738600211,0.82622666206299,0.5138391012765868,-0.2309088151100315,16096.620205386404,True,wing_R,high
-0.011352221300872,0.0035084435620653,-0.0036461429758381,0.0011724622689969,0.000286936052695,0.4536065172473754,0.4536065172473754,0.4536065172473754,False,0.0098256473447779,8.549509125127881e-05,3.3602615468568635e-05,8.251990177769431e-05,2.5442987118443083,0.0347995356229297,0.5721648528960893,0.393035611480981,0.7816550650058063,0.3699438388127448,-0.50215228315249,5463.893854763598,True,wing_L,high
-0.0120764649448839,0.0010544532806483,-0.0033456080098036,0.0014492449771472,0.0001851052648266,0.3762025617719758,0.3762025617719758,0.3762025869932156,False,0.0141611249034647,2.908399578487369e-05,2.8416281284183944e-05,8.05257330071191e-05,2.833788566554571,0.6388235822416862,0.0082919394304763,0.3528844783278374,-0.7284143750937271,-0.4280355005169818,0.5349748671236729,8039.183734452996,True,wing_R,high
-0.0111431708289658,0.0025760795384975,-0.0036974929590856,0.0005661891206387,0.0004653208945019,0.304228936788666,0.304228936788666,0.3042288863461864,False,0.1106120627177166,8.5905703331212e-05,7.511480682121391e-05,3.573686024115131e-05,2.4038402576925555,0.1256132723620626,0.4583857072706774,0.4160010203672599,-0.8710967818101448,0.4910328819988471,-0.0087809746563216,6648.025951746227,True,body,high
-0.0121727973605633,0.0011759702291252,-0.0033865029164227,0.001358969171495,0.0002042179011322,0.4627522558288337,0.4627522558288337,0.4627521927757343,False,0.054699983923992,2.9924374471428445e-05,6.987675184241387e-05,4.632201601181192e-05,2.3351115295369542,0.3370897359929182,0.2346651941888118,0.4282450698182699,0.7088317444988108,0.4802116133017367,-0.5166762665740665,9876.996113785812,True,wing_R,high
-0.0118724302707807,0.0016713236208343,-0.0034547077395736,0.000799139181516,0.0001791313237596,0.3159023354107576,0.3159023354107576,0.3159023354107576,False,0.072230746736008,1.588854783205896e-05,1.3218831495052534e-05,2.985695790308666e-05,2.258668469619372,0.4678443837569809,0.0894168905510104,0.4427387256920086,-0.9301347461540436,-0.3574874507263841,-0.0839766430033039,5466.936032146459,True,body,high
-0.0121048324778802,0.0027730561689529,-0.0041597637580194,0.0007084687638652,0.0006386356733472,0.3944777291998314,0.3944777291998314,0.3944777291998314,False,0.0317760243935937,9.230132788123922e-06,9.365843679406776e-06,1.8294060550332124e-05,1.9819932139947567,0.4880391013444665,0.0074183033837389,0.5045425952717945,-0.5891356123803937,0.6800821101856789,0.4363571400018247,4648.774595292449,True,body,high
-0.0119208978330309,0.0023434415247068,-0.0043813112194731,0.0006772991910028,0.0006771800492426,0.7585518909832867,0.7585518909832867,0.7585518909832867,False,0.1315539477516447,4.267099215246891e-05,1.7631522030219577e-05,1.7979375520837247e-05,2.4201536361598786,0.5786511019805999,0.0081519897492597,0.4131969082701404,-0.2299549778922213,-0.8453432166198585,-0.4821986667934484,4694.871221024137,True,body,high
-0.0114603405942967,0.0030612346110731,-0.0047498187382409,0.0012234601052425,0.0008752976785244,0.5368949158407339,0.5368949158407339,0.5368949158407339,False,0.0074366676495611,4.003896099752496e-05,1.519369894604024e-05,1.4883536727179336e-05,2.690150985713526,0.6205271423756612,0.0077465101774263,0.3717263474469124,-0.93705776143806,0.2022239484789204,-0.2846545738088288,1562.7215103652195,False,body,high
-0.0118158689556691,0.0024993829019592,-0.0038826958571495,0.0002239139024722,0.0002062745578685,0.2568029847535826,0.2568029847535826,0.2568029847535826,False,0.0198166208612051,5.217972892565129e-05,2.365326301097611e-05,5.577210887275562e-05,2.357903383007876,0.0644117645847024,0.5114826477112148,0.4241055877040827,-0.976435055061073,-0.2136490043895518,-0.0304743526794678,12399.016900231574,True,body,high
-0.0122539195121837,0.0026521250890893,-0.0037041905528931,0.0006402261377475,0.0006353420662391,0.3498462232762871,0.3498462232762871,0.3498461896479674,False,0.1697451971587782,4.379281577425565e-05,1.6098082497074765e-05,1.6218246209498427e-05,2.7203746646355795,0.6296596616874177,0.0027439138200906,0.3675964244924916,0.748197935585986,-0.5636296478767615,-0.3500306689694292,3960.154703377229,True,body,high
-0.0116281753862691,0.0042462891230127,-0.0044960859270789,0.0020041227407835,0.0006714356080676,0.3576659846008285,0.3576659846008285,0.3576659846008285,False,0.0055284545244045,8.191537227714291e-05,2.8824848676175228e-05,2.9354821552184745e-05,2.841831823556073,0.6416445322024654,0.0064697609407971,0.3518857068567374,0.2482994428730071,0.4807323440135548,0.840977883233672,1620.4508725897017,False,wing_L,high
-0.0112927799639013,0.0021565471443648,-0.0036287486104126,0.0004614135750964,0.0004434271512641,0.2480220251666748,0.2480220251666748,0.2480220251666748,False,0.0579985222466437,2.0206390220093146e-05,1.6960322421112006e-05,4.396446757499236e-05,2.5921952710206684,0.5403927004091177,0.0738338930966049,0.3857734064942774,-0.4336396926065934,0.7602810567639487,0.4836624150396147,8978.939283509955,True,body,high
-0.0123067146893303,0.0022695138536931,-0.0037962209224407,0.0006451766368264,0.000579471246765,0.2055171405534824,0.2055171405534824,0.2055171741818021,False,0.0239255555828161,9.13405950309267e-05,6.758350456217826e-05,0.0001694716192821,2.507588506692865,0.4610271889899199,0.1401832977661982,0.3987895132438818,0.7222074138503456,-0.6858945522154338,0.0892474908374796,3892.639143143717,True,body,high
-0.0113070363304274,0.003710862714436,-0.0037664707318479,0.0013748232388277,0.0002022523220737,0.3917301357447329,0.3917301357447329,0.3917301357447329,False,0.0105763999948199,2.147937529177008e-05,3.3340418323222365e-05,1.2705372085522096e-05,2.6241197895506043,0.3557556751827194,0.2631641607249028,0.3810801640923777,0.8794259864153748,0.3880911675574853,-0.2756722330616787,12019.753679557443,True,wing_L,high
-0.0119701948124648,0.002317427447536,-0.0036271514231478,0.0003290273901323,0.0002824601120904,0.236675712396275,0.236675712396275,0.2366756955821152,False,0.0184738994576201,4.073485004593391e-05,7.657177346152147e-05,9.204820937673356e-05,2.2596918676007665,0.1681340247681556,0.3893277626826473,0.442538212549197,-0.9276913099988536,0.3663941903673078,-0.0717225948895952,4191.396324022296,True,body,high
-0.0118101491310222,0.0025083197607854,-0.0043831651132071,0.0006570809496003,0.0006333227896764,0.326834111884051,0.326834111884051,0.326834111884051,False,0.026371815264005,2.017581211938382e-05,5.845440986648596e-05,2.129673950547096e-05,2.8972518935347416,0.635669241138278,0.0191760961858552,0.3451546626758667,0.597777593417809,0.7584094317318346,0.2597635129647895,5876.694655626551,True,body,high
-0.0120747866609151,0.0012482754033299,-0.0034635114496066,0.0012403342829459,0.000112426214823,0.3327616581008024,0.3327616581008024,0.3327616749149622,False,0.0434777524767338,8.977547961963138e-05,4.003040866620301e-05,5.553390933018674e-05,2.242682066231996,0.3814133929946386,0.1726919280149805,0.4458946789903808,-0.8020477589117098,-0.4337275831453235,0.4106090306406086,8976.66943803116,True,wing_R,high
-0.0124982479940429,0.0023241189215532,-0.0039672214384142,0.0008544097789303,0.0008138906868772,0.2453636560508557,0.2453636560508557,0.2453636560508557,False,0.0245887850314327,5.402206482826451e-05,0.0001506333893412,0.0001117744952798,2.7883678608016376,0.2579699907923805,0.3833972713763541,0.3586327378312653,-0.5959254362813233,0.8020027731310297,0.0407973808356963,4013.826729298951,True,body,high
-0.0114349943340498,0.0022284305686112,-0.0032379683104708,0.000588363638048,0.0005659218592673,0.159671013350212,0.159671013350212,0.159671013350212,False,0.1128941016083722,5.490958942800326e-05,6.102208873581227e-05,0.0001624932632221,2.959287529097339,0.6244638852972707,0.0376169398447773,0.3379191748579518,0.7522166014286054,-0.1362487635149459,0.6446754679494536,4366.1915819309725,True,body,high
-0.0117709339812605,0.0025904060585491,-0.003693233349353,0.0002340124833221,0.0001739661568625,0.3670418627917851,0.3670418627917851,0.3670418291634653,False,0.0195074747616095,6.036525028125655e-05,2.642038523188871e-05,4.882926356642749e-05,2.284798262835217,0.1911031042044895,0.3712214929968864,0.437675402798624,0.8808435639951612,0.4685159805889664,-0.0678777703011938,5470.944197926798,True,body,high
-0.0116794793324763,0.0032851035473133,-0.0037043998354759,0.0009004916604666,0.000320922365351,0.3165245097679339,0.3165245097679339,0.3165245097679339,False,0.0563206666448647,1.9614013068169016e-05,4.56484600242311e-05,2.030000964804568e-05,2.327339125633224,0.5552969445788526,0.0150278142901757,0.4296752411309716,-0.3676553396136408,0.9110744000063454,-0.1864751696785817,2447.311872051364,False,body,high
-0.0116096310210501,0.0026239830745141,-0.0034962608942196,0.0003553577326566,0.0002912555373315,0.1918324993859754,0.1918324993859754,0.1918324993859754,False,0.0155517857163264,6.527332382580203e-05,4.947769555601236e-05,0.0001153235884576,2.330819719100582,0.4339985019647955,0.1369678873251147,0.4290336107100898,0.757407168429075,-0.6505807994901733,0.0554887785680751,4493.305424620839,True,body,high
-0.0113173072771716,0.0019555220337749,-0.0036530877292238,0.0005674738394141,0.0004680246793428,0.4902654894408056,0.4902654894408056,0.4902654894408056,False,0.1177662246519406,2.032835250740499e-05,4.5531374015157165e-05,1.9755220814365944e-05,2.304776769796816,0.5535308795944137,0.0125876212926992,0.4338814991128871,0.9702090304704136,0.0118590146605777,0.2419789266959824,4239.3001486179255,True,body,high
-0.0127030248509727,0.0027066033850856,-0.0039398761620896,0.0010943889953193,0.0010936891658146,0.2863294901698876,0.2863294901698876,0.2863294901698876,False,0.0243152814037306,0.0001009953471717,6.056401642073501e-05,4.444848541085311e-05,2.2721887200031823,0.4003286476382759,0.1595670638417989,0.4401042885199251,-0.2328497689182195,0.6988903651322426,0.6762641811008864,4207.32934619061,True,body,high
-0.0112678549872736,0.0038241512135377,-0.0038317598240508,0.0014965199006482,0.0001562253395656,0.3839461885806862,0.3839461885806862,0.3839461549523665,False,0.0284419486705857,4.400179914308042e-05,4.1216709748108734e-05,0.000103598985659,2.51351906283097,0.5752680505203398,0.0268833654813742,0.3978485839982859,-0.7616206322549282,-0.3110469249844818,0.5684925883257421,11845.501957432996,True,wing_L,high
-0.0121061652767903,0.001074159287562,-0.0033266395634102,0.0014452743107247,0.0002085037487097,0.4308808771036973,0.4308808771036973,0.4308808771036973,False,0.0123345028428039,1.986367815594769e-05,5.446414916591937e-05,1.95882166217676e-05,2.780454709970664,0.6352889293205506,0.0050576670782266,0.3596534036012228,0.8395911109012903,0.4704125878071541,-0.2716592787447418,8763.417234030385,True,wing_R,high
-0.0117857410981632,0.0022092954861591,-0.0041664415533295,0.0004640713905243,0.0004441533227958,0.1441530234485731,0.1441530234485731,0.1441530234485731,False,0.0757416484886811,5.406788504524529e-05,9.920300034125488e-05,0.0001225543910252,2.26667625195147,0.1905389965115497,0.3682863985403192,0.441174604948131,-0.8513728553384929,0.4876119678876968,0.1933877709822167,7212.362132045685,True,body,high
-0.0113289193575585,0.0034239647526877,-0.0034655112871071,0.0011307526248834,0.0004543950723092,0.3008185039307778,0.3008185039307778,0.3008185039307778,False,0.0473520283401572,1.3524901369942838e-05,3.727883203232878e-05,1.5731125631416585e-05,2.7563108234693425,0.5780145253001943,0.0591816894789105,0.3628037852208952,-0.727977540577839,-0.0492584676309514,0.683829148092483,3794.7904216101833,True,wing_L,high
-0.0120653741787212,0.0025387574389011,-0.0040283207280137,0.00050305381363,0.0004972948661368,0.2329443476692025,0.2329443476692025,0.2329443476692025,False,0.0208413085897136,2.147484873219111e-05,5.597347057073958e-05,2.1151410732030897e-05,2.646323277433948,0.6163388027717331,0.0057784160399961,0.3778827811882707,-0.6523227403280321,0.7536566737429906,-0.0804777023378391,5396.189301989655,True,body,high
-0.0125571049886216,0.0027737624227903,-0.0042778001214351,0.0010987259649435,0.001080949719966,0.296979259554065,0.296979259554065,0.296979259554065,False,0.0162890783666499,2.2162408557769486e-05,6.519213876782395e-05,3.0358099136358305e-05,2.9415638015106222,0.5343288361120351,0.1257159334467771,0.3399552304411878,-0.0453651524440477,0.6546382424714132,0.7545798661756538,4025.837541957029,True,body,high
-0.0120532554068979,0.0007393966897455,-0.0036431215529288,0.0016932113202832,0.0001907753038694,0.4936890305126296,0.4936890305126296,0.4936889711376275,False,0.135923149603377,4.353447639772136e-05,1.8276203977274866e-05,4.168840332828397e-05,2.382030560167381,0.0424048529393595,0.5377852517880408,0.4198098952725996,0.8017551889857201,0.401480321041837,-0.4427213217709488,14607.831912316027,True,wing_R,high
-0.0120739140095023,0.0011122298353654,-0.0033857062512472,0.0013844673001678,0.0001550141952613,0.3965579013935792,0.3965579013935792,0.3965579013935792,False,0.0117925147245381,3.169974559089338e-05,7.399547968304564e-05,2.793906708620057e-05,2.648459215003384,0.5715988905447065,0.0508230843397651,0.3775780251155283,0.9275403349809171,-0.3594175163929229,-0.1024108192205841,9713.52911961051,True,wing_R,high
-0.0113834212716126,0.0038237369402267,-0.0044517194989803,0.0016251032630425,0.0004835041675494,0.3639965073797848,0.3639965073797848,0.3639965073797848,False,0.0135767974333032,4.316459767191322e-05,2.615255323154164e-05,1.7179993223029188e-05,2.512492124505181,0.3941203059432464,0.2078684962318276,0.3980111978249259,-0.8959371229435387,-0.3019389219760557,0.3257753200099599,2758.322407289156,False,wing_L,high
-0.0119715835119849,0.0009173413979212,-0.003751722350157,0.0014984745820944,0.0002700109735626,0.367708065026546,0.367708065026546,0.367708065026546,False,0.0415703237159087,2.117696334580089e-05,6.1150835752324e-05,2.1133465662845573e-05,2.893554551245817,0.6536929857905324,0.0007113178817619,0.3455956963277056,-0.8582288859538817,-0.4341095327953953,0.2738468419582798,9031.368378826262,True,wing_R,high
-0.0118946748987472,0.0026506623905215,-0.0034493367006048,0.0004589845779986,0.0004370241343495,0.2941151860065594,0.2941151860065594,0.2941151860065594,False,0.1154822374934198,2.97327295514331e-05,2.472548601729337e-05,4.171584479610758e-05,1.6871597495366075,0.2872557250906399,0.1200321738325898,0.5927121010767702,0.8586576513433328,0.4966902388147253,0.1265142065371425,6458.391936444735,True,body,high
-0.0120399784185585,0.0008338100000484,-0.0036998294838433,0.0015955931758138,0.0002187815525963,0.7559547254093459,0.7559547254093459,0.7559547254093459,False,0.0326586160594802,6.848536076152129e-05,2.6731234029586487e-05,2.7956364894942e-05,2.56199772467372,0.5917906457076099,0.0178889451954797,0.3903204090969104,-0.6392690572996315,0.1305064528186745,0.7578279080054574,10348.734880756796,True,wing_R,high
-0.0113840770316426,0.003819153057282,-0.0044585030131146,0.0016238707742556,0.0004904247158819,0.3433826584574649,0.3433826584574649,0.3433826920857847,False,0.0112796685280288,9.234081867269032e-05,4.119949673831442e-05,3.774244332600134e-05,2.4466041553031976,0.5538322344276647,0.0374379766392031,0.4087297889331321,0.3259372394165606,0.6026306196248709,0.7284238136223002,2719.9258096005706,False,wing_L,high
-0.0122532370794868,0.0008864423853557,-0.0035830171305824,0.0016164490489202,0.0001474379865954,0.8477225090219629,0.8477225090219629,0.8477225090219629,False,0.914353755645642,6.375458043548199e-05,2.850487309721568e-05,5.082226401597295e-05,2.236620391820284,0.2028452909763277,0.3500515691000728,0.4471031399235994,-0.9021994574018192,-0.2688681318904014,0.3372626079446533,4715.841709240845,True,wing_R,high
-0.0113723651816041,0.0041747819254539,-0.0039065171600782,0.0018206298541852,0.0002610620679257,0.5464262367360253,0.5464262367360253,0.5464262367360253,False,0.0157420667095984,2.748561616943161e-05,1.2447656212631794e-05,3.464326600916934e-05,2.7831155855681167,0.2066101342131901,0.4340803188942865,0.3593095468925234,0.8792887688147796,0.4281489002242444,-0.208661880258372,4276.758759368366,True,wing_L,high
-0.0110886272831343,0.0046002163411182,-0.0039387860347514,0.0022978846255034,0.0001891484427344,0.4949443042273491,0.4949443042273491,0.4949443042273491,False,0.0532231807350827,1.0866579011223886e-05,2.9188973889115503e-05,1.0222663690616137e-05,2.855319784794391,0.6277163064208979,0.0220602246263909,0.350223468952711,0.3662744228500795,0.2860884280094513,0.8854357450006873,5679.62021726895,True,wing_L,high
-0.0112397017507809,0.003515174098206,-0.0041364903613336,0.0012693563948842,0.0002117441165136,0.5106492639084966,0.5106492639084966,0.5106492639084966,False,0.0450809886260942,4.328220124340212e-05,4.403088938113981e-05,1.655464396647462e-05,2.659730373562142,0.0170037023612422,0.6070183376394841,0.3759779599992736,-0.838361996636708,-0.4632183236484828,0.2873637890055072,8005.085441854648,True,wing_L,high
-0.0116206622082311,0.0032713734379081,-0.0043028712501625,0.0010440922404118,0.0004579588612776,0.1531311122456405,0.1531311122456405,0.1531311122456405,False,0.0392551721068692,3.680918893623452e-05,9.800242491296408e-05,8.979697195072085e-05,2.662444561947185,0.0837270401169203,0.5406782848643263,0.3755946750187533,-0.934035319957756,-0.3552369010733807,-0.037212433233981,3029.3231713011105,True,body,high
-0.0124678655532003,0.0007355995275807,-0.0030887461977598,0.001947925636121,0.0004695397668638,0.3901892609142279,0.3901892609142279,0.3901892356929881,False,0.1044880309145636,6.721654423809314e-05,3.877383454665856e-05,2.952741183274837e-05,2.276411648227981,0.4231504313980405,0.1375617092297646,0.4392878593721949,-0.7537658891372558,-0.4759090336899508,0.4531529278570525,4625.317388281325,False,wing_R,high
-0.0118781033023537,0.0021908481328608,-0.0036633598427392,0.0002962008925038,0.0001479930763562,0.3397731459468738,0.3397731459468738,0.3397731459468738,False,0.0123891803253369,1.3311979516185756e-05,1.205588338285882e-05,2.8728412190212684e-05,2.38293713350438,0.5366266876134234,0.0437231311292194,0.4196501812573571,-0.6829714306947083,-0.6289915219788904,-0.3713754032424626,3668.7703321891113,True,body,high
-0.0119556222451817,0.0015585266405924,-0.0033313550955242,0.0009701287461867,0.0002814684372454,0.2986062312901161,0.2986062312901161,0.2986062312901161,False,0.0746945204692535,3.743651714264517e-05,2.1862949080794733e-05,4.905301789609269e-05,2.243659705505273,0.2368152103924441,0.3174844021796862,0.4457003874278696,0.8670108365870632,0.402037358117456,-0.2943776009117155,5971.827048955055,True,body,high
-0.0115811922065135,0.0038047952098568,-0.0035034191779996,0.0014435019430822,0.0005619732888202,0.4754984693099602,0.4754984693099602,0.4754985281595197,False,0.0074722375105689,1.4055171449630656e-05,1.0976472855706564e-05,3.06912081769515e-05,2.7960901995029697,0.5420456774267421,0.1003120690516228,0.357642253521635,0.8992276942653054,0.419394305431261,-0.1244908447964457,2867.4965038817018,False,wing_L,high
-0.0115457503768768,0.0028387319418859,-0.00374741740679,0.0004705729002119,7.837037319608327e-05,0.1073052629191573,0.1073052629191573,0.1073052629191573,False,0.1118141994418232,0.000100593496926,3.94865409166591e-05,9.285547914804517e-05,2.547538847182784,0.0769236383511352,0.5305406399244019,0.3925357217244628,0.2214997615384589,-0.6622580152413615,-0.7157878015773801,4294.121551431228,True,body,high
-0.0110158534295239,0.0044955990920349,-0.0042255715356972,0.0022600061071959,0.0001254408443293,0.516303836443515,0.516303836443515,0.516303836443515,False,0.0164110508381822,4.134915189839352e-05,2.5781346992447985e-05,1.4016660835798146e-05,2.9500001735640904,0.3764963534004278,0.2845206156962778,0.3389830309032944,-0.6344085916946471,-0.3161181292596567,0.7054041870710646,5318.637141516315,True,wing_L,high
-0.0109650263918071,0.002224965298329,-0.0030456548914124,0.0010135253966847,0.0010117357455557,0.2743649543698778,0.2743649543698778,0.2743649543698778,False,0.0132125659942208,5.72456223462421e-05,2.8233971543903696e-05,6.409151535267336e-05,2.270014165488952,0.1068143414734491,0.4526597731805428,0.440525885346008,0.9936259862527111,0.1044294535269423,0.042448659335614,4037.1589344147433,True,body,high
-0.0112008849964195,0.0023296856948444,-0.0041427836198703,0.0006158222209715,0.0005991356114551,0.1874521753450749,0.1874521753450749,0.1874522089733946,False,0.073967392094399,2.475186258441701e-05,2.830884418427612e-05,6.170772695452915e-05,2.493053876009249,0.5412431217060356,0.0576424019390658,0.4011144763548985,-0.0488276617562972,0.456024258981433,0.8886268815807045,3517.292651971466,True,body,high
-0.0116104003315117,0.0014064887200545,-0.003293932390599,0.0010831623672525,0.0004621488810722,0.3216418152495121,0.3216418152495121,0.3216418152495121,False,0.0128994241505963,8.879313531269078e-05,3.824313642265692e-05,6.109563355497957e-05,2.3218057831701744,0.3119329175636457,0.2573678365095014,0.4306992459268527,-0.8449605152358713,-0.4377010576447628,0.307342661908474,2374.0232604293087,False,body,high
-0.0116583904060599,0.0019598647613686,-0.0039485887966115,0.0004693755190404,0.000291332021484,0.2104860947026451,0.2104860947026451,0.2104860947026451,False,0.0138371536257897,0.0001333500370089,6.702515019779743e-05,5.939503792553018e-05,2.245137669179444,0.4973743412362218,0.0572186738257535,0.4454069849380246,-0.8556706064431858,0.4860187819229384,-0.1778020159820865,4566.30800276295,True,body,high
-0.0120731247165003,0.0011767851797897,-0.0034136049491494,0.0013176385488754,0.0001403909005287,0.2285330351316862,0.2285330351316862,0.2285330351316862,False,0.0192809906226032,8.46683596840625e-05,3.106847864003271e-05,4.223246121691968e-05,2.7252174354931133,0.5012013770609367,0.1318554253152541,0.3669431976238091,-0.7924702505944738,-0.5840442141726767,0.1757363303763696,10311.14561887274,True,wing_R,high
-0.0111397433210308,0.0026544757645818,-0.0037525811032875,0.0005976555435627,0.0004383425571635,0.2063598662454986,0.2063598662454986,0.2063598662454986,False,0.0281360126877031,0.0001058588208499,0.0001139139033006,9.206480205054336e-05,1.237323067702489,0.0707120221262358,0.1210916174382959,0.8081963604354683,0.9533337311225666,0.3008761275266223,0.0250669700703889,5132.525654911439,True,body,high
-0.0122212286311332,0.0022205767153393,-0.0037585224815632,0.000572024178328,0.0004798016931328,0.16549923832469,0.16549923832469,0.16549923832469,False,0.0526309468189996,7.545080817374236e-05,2.909553652446873e-05,6.649734120338394e-05,2.5932090343235226,0.1186662831992608,0.4957111207184048,0.3856225960823343,0.1247563399486711,-0.6811373095989894,-0.7214484188872148,3962.368893482472,True,body,high
-0.011648033603008,0.002003082179313,-0.0038559292906044,0.0003974525149052,0.000208104443505,0.1239106581670466,0.1239106581670466,0.1239106581670466,False,0.0349850074725179,0.0001311357327315,5.584342692581792e-05,0.0001223142107463,2.348275167742377,0.0672701620024662,0.5068853655367547,0.425844472460779,0.0434764085805036,0.7417847347552123,0.6692273225004195,5420.654736177523,True,body,high
-0.0112276156513439,0.0041331444173291,-0.0044265808228815,0.0019252596489399,0.0003933765350191,0.4051834645150917,0.4051834645150917,0.4051834981434114,False,0.032699608135461,1.2808306954858256e-05,1.327089759359583e-05,3.092973945858175e-05,2.414818724097641,0.5709340645637513,0.014956176380245,0.4141097590560035,0.3863439460328809,0.520005852715572,0.7617954243137021,2780.2250070583414,False,wing_L,high
-0.0123195064046649,0.0012374189681796,-0.0031449417085401,0.0014508198214779,0.0004920377709942,0.1768806086183909,0.1768806086183909,0.1768806086183909,False,0.0319684466700633,7.708105313536978e-05,2.7045946459342864e-05,3.0103442516635256e-05,2.850003909134508,0.6094573012155455,0.0396659870736692,0.3508767117107852,-0.9394965071015458,-0.3425266945564997,-0.0046665469239579,5294.021531431032,True,wing_R,high
-0.0112871423264151,0.002358977839337,-0.0035916658531881,0.0004193814090054,0.0004151075701252,0.1762669254119422,0.1762669254119422,0.1762669254119422,False,0.0433014253556268,8.729447812257896e-05,0.0001386740666849,0.0002110908346084,2.418146475565068,0.3430597451459808,0.2434003762301149,0.4135398786239042,-0.7684340946029913,0.6393308269886104,0.0276610902485893,8831.080019693767,True,body,high
-0.0116711180882584,0.0019526167626903,-0.0037405980387865,0.0004334449989788,0.000138036039135,0.1408874445778501,0.1408874445778501,0.1408874109495304,False,0.0157931046107809,0.0001272637610933,5.7140407945852864e-05,0.0001177566615123,2.227211279519828,0.0747039023468367,0.4763041186723484,0.4489919789808148,-6.612862430602218e-05,0.6647623592923304,0.747054885062068,4214.1129397234845,True,body,high
-0.0126722390896443,0.0022038014810124,-0.0034571977542974,0.0010570487935789,0.0009298239496759,0.5234622937082386,0.5234622937082386,0.5234622937082386,False,0.0043698381109786,1.3289565823953297e-05,3.391082833083476e-05,1.354766029011796e-05,2.551688202613317,0.6004916141255324,0.0076109749855322,0.3918974108889353,-0.0028656690499688,-0.9998006381206548,-0.0197603632159919,1753.979902775095,False,body,high
-0.0112358764617535,0.0022530345616647,-0.0036018281856696,0.0004815678528468,0.0004809550513251,0.0874462268540431,0.0874462268540431,0.0874462268540431,False,0.1357345278888084,0.0002153136657309,7.588884467634738e-05,0.0001228931587835,2.8372241882088267,0.4292366052736647,0.218306227557141,0.3524571671691943,-0.0042413387257235,0.5367118262614583,0.8437549564873109,15935.52297152571,True,body,high
-0.0111133485291683,0.002113306868036,-0.003249955224754,0.0008003003732808,0.0007806432068757,0.1960574269614805,0.1960574269614805,0.1960574269614805,False,0.0070861982598467,3.7234738266141725e-05,0.0001044966437375,7.937624991370722e-05,2.8064288512148994,0.2403942645940217,0.4032810063585622,0.356324729047416,-0.912091307119145,-0.4099716183771217,0.0035664552335775,5035.702672960982,True,body,high
-0.0119970668744429,0.0023332719574451,-0.0037467435288772,0.0003277136827911,0.0002949626660072,0.2776008394342939,0.2776008394342939,0.2776008562484537,False,0.0273378917292816,5.5071481040686656e-05,2.93221975948962e-05,2.178278170812431e-05,2.52821158374583,0.4675611216405632,0.1369023629708048,0.3955365153886319,-0.8690869716739965,-0.4320940979110815,-0.2407956108755535,5423.479529037155,True,body,high
-0.0121459050981627,0.0019837492221976,-0.0041662538986848,0.0007457891795437,0.0005943438947709,0.1165236596888962,0.1165236596888962,0.1165236933172159,False,0.0220409938508494,4.6619877266561256e-05,2.8165286187270905e-05,6.528857673331252e-05,2.3180512457501394,0.2859412840780436,0.2826618683184461,0.4313968476035102,0.9659091938800012,-0.2028661479501166,-0.1608252318324689,3427.59788813434,True,body,high
-0.011426652478107,0.0024443482009119,-0.0036168778224401,0.0002876332633436,0.0002679310592103,0.1191374544669352,0.1191374544669352,0.1191374544669352,False,0.0133530181960698,0.0001524561809737,5.327600766199458e-05,0.0001139508457892,2.8616292335757803,0.2525665731527072,0.3979821463435501,0.3494512805037426,0.0237534853370518,0.6586647436016839,0.7520615184082153,6564.235066607166,True,body,high
-0.011796738375845,0.0025680875276557,-0.0034803605295474,0.0003496149785236,0.0003364833412028,0.1598624257460203,0.1598624257460203,0.1598624257460203,False,0.080070322863446,8.93655444913682e-05,3.595242461981469e-05,6.35785008283321e-05,2.4856611323542164,0.288556890799528,0.3091356558699847,0.4023074533304872,0.4169418507398304,0.3795022568272294,0.8259161762338141,6118.312700472648,True,body,high
-0.0120967000521998,0.0011337822036546,-0.0034251968566244,0.0013615019788526,0.0001252840267761,0.2429553639345849,0.2429553639345849,0.2429553639345849,False,0.0529820477325962,3.117883557733868e-05,1.387213496476394e-05,4.046212335290071e-05,2.916791355885518,0.2294315524322704,0.4277259614289132,0.3428424861388163,0.9282415147051488,0.3307650826565697,-0.1701826973375488,10904.298544531495,True,wing_R,high
-0.0114955445382146,0.0025434969523605,-0.0033399573266376,0.0004759097597526,0.0004561659325543,0.1506710661453309,0.1506710661453309,0.1506710661453309,False,0.0460750359620522,6.33996424588874e-05,8.600702364845377e-05,0.000119787084431,1.889396844922144,0.2820008596336961,0.1887297056853079,0.5292694346809959,-0.4839399324536475,0.8491838474495981,0.2113975756896398,4305.8994532017705,True,body,high
-0.0119105597112525,0.002621053823457,-0.003332910746688,0.0005359222888627,0.0005283757051859,0.1242506741076682,0.1242506741076682,0.1242506741076682,False,0.0251388044247697,0.0001460908811162,5.503709101442677e-05,0.0001054639675523,2.654407753454907,0.2780934254999646,0.3451747032574102,0.3767318712426252,0.1322022386418338,0.5932796327255534,0.7940666505345254,4491.713349515734,True,body,high
-0.0115091500556269,0.0024574402655533,-0.003909100812928,0.0002383316447568,0.0001936172899998,0.2049791210663886,0.2049791210663886,0.2049791210663886,False,0.0256546528583473,6.554754701320353e-05,3.106990087467101e-05,2.797498065467332e-05,2.3430774742020635,0.5259944530279301,0.0472164155795833,0.4267891313924866,-0.7560398429900065,-0.0701552405474907,-0.6507549446876071,12728.490237120786,True,body,high
-0.0119517246515773,0.0026388343398834,-0.004380809158486,0.0007324411050509,0.0006855672112802,0.1608036824147967,0.1608036824147967,0.1608036487864769,False,0.0242046987017463,2.938170900020554e-05,2.476109394474692e-05,4.080250129810028e-05,1.6478472796536745,0.2799042199510078,0.1132434264679197,0.6068523535810726,0.7655193459567236,0.5680273094337608,-0.3022004412694211,4026.707663966855,True,body,high
-0.0121513481828177,0.0027821367897772,-0.0037619969311953,0.0006207202937246,0.000572391485339,0.158516553134453,0.158516553134453,0.158516553134453,False,0.020889715826785,3.43930819749099e-05,6.462949882738468e-05,7.138267926683148e-05,2.075495278931556,0.0946053091423358,0.4235819832350334,0.4818127076226307,-0.4112160607477624,0.9101505198278944,0.0502730806705354,3420.813862504433,True,body,high
-0.0119636930276128,0.0017757281081597,-0.0040381783416669,0.0007336385660968,0.0003996130232829,0.1464605987473025,0.1464605987473025,0.1464605987473025,False,0.0171620242847747,2.891463153082752e-05,8.6374118172652e-05,6.641203694388266e-05,2.987211442779884,0.2311118382576991,0.4341277943712502,0.3347603673710506,-0.844978270397283,-0.5141587867924575,-0.1471477642389592,2902.2330415465144,False,body,high
-0.0121777292607616,0.0014244828581027,-0.0032628459165499,0.00119074229644,0.0003780090090452,0.0733472511593481,0.0733472511593481,0.0733472511593481,False,0.0619943365625586,0.0001422030734574,5.817290127651345e-05,0.0001317079425206,2.4444899658955026,0.0738038263285422,0.5171128826980522,0.4090832909734055,0.6882948792987619,0.6963355659455162,0.2033886396297508,5347.689034035724,True,wing_R,high
-0.0122390003852592,0.0029780153902429,-0.0041836876988147,0.0009254270605095,0.0007995114797394,0.2656660142547508,0.2656660142547508,0.2656660142547508,False,0.0083708929919352,1.760267476384214e-05,1.888100553161063e-05,3.718881690795044e-05,2.112679885692169,0.4922934607372751,0.0343740638733575,0.4733324753893673,-0.3956935196734488,0.8929021017928511,0.2148312712394242,4508.254018088039,True,body,high
-0.0115060433989833,0.0025332790904582,-0.0032690052647688,0.0005322359484051,0.0005203276898436,0.1328847451940681,0.1328847451940681,0.1328847451940681,False,0.0366387713932446,8.163827954902794e-05,3.670654786039712e-05,5.667811392145319e-05,2.224079471039223,0.305740955902738,0.2446348229210555,0.4496242211762065,0.4239827711048011,0.8709483107867468,0.2483699855940851,4087.1006168207145,True,body,high
-0.0118493945303929,0.0025004005487081,-0.0040569271076974,0.0003699516748095,0.0003545491342059,0.0917379066441793,0.0917379066441793,0.0917378730158595,False,0.0860131447633364,9.614662693983312e-05,4.469779570196969e-05,9.19236404438088e-05,2.151037325887556,0.0439223572415806,0.4911856634491423,0.4648919793092771,0.1613853058544236,0.5210868187226054,0.838106980288214,9350.524720938853,True,body,high
-0.0118960519568369,0.0023446071269797,-0.0034401410147713,0.000385405574249,0.000354586693449,0.2098054238833274,0.2098054238833274,0.2098054238833274,False,0.0403348614167641,7.305414863311956e-05,3.263726878893346e-05,6.690655549771232e-05,2.2383658726336355,0.0841511844355433,0.4690943272897532,0.4467544882747035,0.2870231595299161,-0.7954896928854751,-0.5336795428030168,3652.822086636265,True,body,high
-0.0110764314603353,0.0021455291526347,-0.0037379260503108,0.0006439362397299,0.0006411968478355,0.1674176667076966,0.1674176667076966,0.1674176667076966,False,0.0138857585850212,3.396348616752616e-05,7.452521241866567e-05,9.042154419506356e-05,2.6623163402324463,0.1758024806798834,0.4485847550185272,0.3756127643015894,-0.8961079599436164,-0.429146491819472,-0.1132422742827527,6269.982301226545,True,body,high
