x,y,z,dist_to_centroid,dist_to_principal_axis,R,G,B,color_oob,opacity,scale_phys_0,scale_phys_1,scale_phys_2,scale_ratio,linearity,planarity,sphericity,orientation_x,orientation_y,orientation_z,local_density,if_keep,part_label,confidence
-0.0082892986253998,0.0019512073643566,-0.005979129146082,0.0014666481713244,0.0006942782358486,0.2786363730973866,0.2786364067257063,0.2786363730973866,False,0.8138240869655464,0.0001240571000515,0.0001170474320395,4.6871621162880246e-05,2.646742249866893,0.0565035617392261,0.5656734749366001,0.3778229633241736,-0.201746843591942,0.866348916337282,0.4568782838589571,3929.998009964912,True,wing_L,high
-0.009062216723931,0.0017457607191129,-0.0041249368968277,0.0009151597119419,0.0008859444370983,0.1773172723498686,0.1773172723498686,0.1773172723498686,False,0.9160922416257122,8.956365766467482e-05,8.48505570122029e-05,3.927165269418176e-05,2.2806185001209283,0.0526229139738543,0.508899541471028,0.4384775445551176,-0.7663445763387076,0.6321840311878284,-0.1142774738404461,4979.224545657266,True,body,high
-0.0107909787051432,0.0020666928858929,-0.0050788140158584,0.0014550809726902,0.000945040781053,0.1835676672500279,0.1835676672500279,0.1835676672500279,False,0.6765821936123088,0.0001255881152965,4.823089260384605e-05,0.0001396866803494,2.89620765464052,0.100929916994211,0.553790973478637,0.3452791095271519,-0.014205270868692,-0.7446788436612026,-0.6672717812727893,3961.8007476499006,True,body,high
-0.0103025610154011,0.002425385297772,-0.0050022099607953,0.0011228344884044,0.0006407254969409,0.4043963012143218,0.4043963012143218,0.4043963012143218,False,0.0888942992085025,3.8263748371081565e-05,3.965110637609269e-05,5.827106912075603e-05,1.5228792682735526,0.3195404344834811,0.023808693163602,0.6566508723529169,0.897329656789678,0.1983997406980016,0.3942550315933638,3549.977199448051,False,body,high
-0.0092857720657424,0.0024213529959759,-0.003416719518795,0.001685613354919,0.0013243821281736,0.5168003438716926,0.5168003438716926,0.5168003438716926,False,0.629499981966738,1.7015600124129345e-05,1.7329605317984488e-05,4.175588603049144e-05,2.453976687620825,0.5849781440314816,0.0075200222940029,0.4075018336745154,0.7919025327022466,0.5314378863684873,0.3007725912246027,1398.0214706448346,False,body,high
-0.0088976747960766,0.0009163608126825,-0.0059955050369865,0.0014271438606012,0.0007043747092117,0.41071602930265,0.41071602930265,0.41071602930265,False,0.7808857618062706,2.22777068888434e-05,6.425688113226714e-05,6.529511478472603e-05,2.930962109813268,0.0159006329322167,0.642914471960521,0.3411848951072623,0.6979916727230642,-0.7158475464865917,0.019233174423006,5955.81710434002,True,wing_R,high
-0.0084208705460102,0.0019647462010918,-0.0062428478874241,0.0015757404089333,0.0008371284275774,0.2275141811151713,0.2275141811151713,0.2275141811151713,False,0.8319096631058955,3.1739221910160226e-05,8.234639990777996e-05,7.870688030826575e-05,2.594468136013744,0.0441976771733812,0.5703668703271154,0.3854354524995033,-0.2811236547483779,0.9022083865839792,0.3270925219543364,4803.3535629259295,True,wing_L,high
-0.0097750737162956,0.0019439399574398,-0.0049879531045695,0.0004340586512369,0.0002480376896145,0.5117863414356189,0.5117863414356189,0.5117863414356189,False,0.1944842813525135,6.618416779018184e-05,4.830915018211805e-05,4.083582382428047e-05,1.6207379107858126,0.2700799633037839,0.1129171312016741,0.617002905494542,0.3040507930249872,-0.9505973342569668,0.0625925184381088,16837.33799442653,True,body,high
-0.0103061163415125,0.0024256543259258,-0.0049975153932738,0.0011259113266126,0.0006384182068354,0.3470356523854455,0.3470356187571258,0.3470356187571258,False,0.1117348324975427,6.626677783199535e-05,4.592381107229918e-05,5.764043423891052e-05,1.4429720940988466,0.1301759927871399,0.1768099121450604,0.6930140950677995,-0.5078383028299656,0.8274806401228243,0.2395329797766919,3548.538994222822,False,body,high
-0.0091022010851462,0.0017535940068578,-0.0048093298199179,0.0003197723203372,0.0002978104357703,0.6176968743063477,0.6176968743063477,0.6176968743063477,False,0.6640625268250747,2.5764903529871275e-05,5.868638403007457e-05,2.5799498591602305e-05,2.2777645552615726,0.5603835707720375,0.0005894904295568,0.4390269387984055,-0.5168985204866758,-0.0209584571920605,-0.8557900809140134,5816.049630390399,True,body,high
-0.00838983035547,0.0019598562484578,-0.0054717995037935,0.0010950503713319,0.0005725381463183,0.3800637149989819,0.3800637149989819,0.3800637149989819,False,0.208707530381428,4.363489883605458e-05,5.9712406826836406e-05,0.0001262589366318,2.893531095517288,0.52706391785212,0.1273375843300342,0.3455984978178457,-0.1349491845778845,0.9111495160642336,0.3893523814716908,8004.882552289023,True,wing_L,high
-0.008875637361542,0.0020639292276458,-0.0059458487010885,0.0011031304802995,0.0007640803615072,0.2667533859726816,0.2667534196010014,0.2667534196010014,False,0.7565152799292524,8.199657979298671e-05,3.177914137798691e-05,7.57154919385593e-05,2.580201233812595,0.076601827421156,0.5358315026248245,0.3875666699540195,0.2388389623634439,-0.7760059541731579,-0.5837556930300215,4774.815247070776,True,wing_L,high
-0.0082779789563982,0.0019565597600583,-0.0056041314052186,0.0012544656262534,0.0006193722216154,0.4278481365151295,0.4278481365151295,0.4278481365151295,False,0.1437398244444733,4.323327424955717e-05,4.623842196528342e-05,0.0001237381327751,2.8621041298174195,0.6263203514692468,0.0242863509277786,0.3493932976029745,-0.1879910692127306,0.8976782335602497,0.3985387645993861,5787.551616086646,True,wing_L,high
-0.0097801415727372,0.0027184778272929,-0.0038837009980989,0.0014872280529905,0.0007838742055787,0.2988861870517296,0.2988861870517296,0.2988861870517296,False,0.2691734032720846,7.71321596736553e-05,2.7902800467035983e-05,2.740047960024538e-05,2.8149930511787304,0.6382468663513091,0.0065124698817706,0.3552406637669201,0.1291720634620465,0.9898565359653464,0.0591491016638667,1595.2081206341998,False,body,high
-0.0089786023581342,0.0009729389463677,-0.0058738431462101,0.001280398051284,0.0006678242196543,0.427940639615581,0.4279406059872613,0.4279406059872613,False,0.2016303200803693,4.671627754629239e-05,5.826123377378864e-05,0.0001179865421784,2.525598107888092,0.506204413672446,0.0978497717988119,0.395945814528742,-0.6265626985157426,0.7753639753501391,0.0789296557568794,7998.652207062649,True,wing_R,high
-0.0084245336487897,0.0005478677096682,-0.0059916489614134,0.001867752256271,0.0007046411090176,0.6933478064927907,0.6933477392361513,0.6933477392361513,False,0.2327573744415953,0.00014086914986,9.765740971210436e-05,5.781302369404228e-05,2.436633492923131,0.3067509116856582,0.2828467841088207,0.410402304205521,-0.7351767614337864,0.6778060474927108,-0.0097000737130392,9901.616547181136,True,wing_R,high
-0.0107406266839183,0.0023324781242045,-0.0051973579848131,0.0014888100134682,0.0009987505853216,0.5050884481797242,0.5050884481797242,0.5050884481797242,False,0.0230367541773897,7.114779649328107e-05,7.124930732041235e-05,5.880958613640888e-05,1.2115253991951165,0.0014247272141857,0.1731695481808199,0.8254057246049943,0.0013536217238478,-0.9997322242710052,-0.0231008108597368,4269.449785331031,True,body,high
-0.007957220494455,0.0018503799661424,-0.00612018803218,0.0018042373992999,0.0007195282510252,0.4690834007317047,0.4690834595812642,0.4690834595812642,False,0.1426774279437409,9.347934670315404e-05,3.291649903371849e-05,3.134537544511793e-05,2.982237263893214,0.6478741005941596,0.0168071733918905,0.3353187260139498,-0.4873006593574647,-0.7486978956113453,-0.4494324515396322,3501.4177420334686,True,wing_L,high
-0.0087040547563414,0.0018055808312521,-0.0040305605870056,0.001160555115302,0.0011599193930415,0.2446124666450991,0.2446124666450991,0.2446124666450991,False,0.4719599248252711,5.416387762269182e-05,3.552329977208004e-05,9.31054928068174e-05,2.6209697129542784,0.4182526079844151,0.2002092174012624,0.3815381746143224,0.91363046360472,-0.3463011767369353,0.2129668306662754,3495.0701265807697,True,body,high
-0.0084160121798665,0.0005612998736692,-0.0059321846584562,0.0018316077580603,0.0006865025036235,0.6838293610404096,0.6838292937837701,0.6838292937837701,False,0.1884725522342399,0.0001003646206899,5.54736721059536e-05,0.0001409386224664,2.5406398588003487,0.2878841943141774,0.3185141716186531,0.3936016340671694,-0.738896537274842,0.6738154205497908,-0.0021647707861168,9107.180819675776,True,wing_R,high
-0.0086356050367253,0.0007240592537944,-0.0061257472139606,0.0017349384122787,0.0007154755917266,0.401140785618273,0.4011408444678325,0.4011408444678325,False,0.8816225174122438,0.0001283638974631,6.218862257896123e-05,4.604050118516869e-05,2.788064729071263,0.5155287132285581,0.1257995566738728,0.3586717300975691,0.6743161730476592,-0.7376153008844166,0.0349480567063509,4015.987278018029,True,wing_R,high
-0.0085638388487613,0.0018161157340063,-0.0044061236838869,0.0009864739838797,0.0009489844076913,0.4803991033240854,0.4803991033240854,0.4803991033240854,False,0.1248116167188555,7.706965989326051e-05,8.092953354585573e-05,3.162739424915099e-05,2.5588429103048287,0.0476942530554456,0.5615041092305485,0.3908016377140058,0.2524494408640745,-0.8839566556065973,-0.3935605554628352,4731.147305539716,True,body,high
-0.0097912089618121,0.0020145325331738,-0.0047304636591622,0.0005397461505111,5.124084599723744e-05,0.0997809936399369,0.0997809936399369,0.0997809936399369,False,0.9779983172309614,9.725242315202476e-05,0.0002479072443135,0.0001796302580303,2.549111233207922,0.2754134372808414,0.3322929715361827,0.3922935911829758,0.4790113822014363,0.7603270295058873,0.4386922656307304,12002.90342180332,True,body,high
-0.0089854688382498,0.0010009510007142,-0.0058352672904689,0.0012332776113344,0.0006380347991159,0.4337360601641787,0.4337360601641787,0.4337360601641787,False,0.1706573503215772,0.0001177275228778,5.029497363001136e-05,9.78506661423698e-05,2.3407413182864816,0.1688378065691783,0.4039471089668789,0.4272150844639427,0.5944308164404599,-0.7864476687783191,-0.1677857822912175,7685.870605245334,True,wing_R,high
-0.0105305103454539,0.0021490879260424,-0.0054784465336976,0.0013120453893577,0.0010946794953422,0.4727701259661276,0.4727701259661276,0.4727701259661276,False,0.2079219780165373,2.636606722146891e-05,2.5130620728167903e-05,5.946276551978393e-05,2.366147902313233,0.5565953417908789,0.0207768085204506,0.4226278496886705,-0.8620153215260715,-0.1505575839592339,0.4840061976531519,2881.398150594661,False,body,high
-0.0089851217062992,0.0019433945190672,-0.0047203533045568,0.0004788130319778,0.0004716878425711,0.3894625024827431,0.3894625024827431,0.3894625024827431,False,0.3515049918006882,0.0001090121116974,4.035168203912643e-05,4.641120499243548e-05,2.701550621650264,0.5742564356403788,0.055585777203613,0.3701577871560081,-0.7541508236051214,0.6395324709285201,0.1491802731053223,5703.43476669174,True,body,high
-0.0086123337847993,0.0020236127253368,-0.0061007786136975,0.0013580450031791,0.0008073203718162,0.3114342414554053,0.3114342246412454,0.3114342414554053,False,0.2086117286862681,8.721484373774278e-05,3.171256622566086e-05,8.6094093765449e-05,2.7501667041745472,0.0128504498117763,0.6235352287428818,0.3636143214453418,-0.1255992590111724,0.827984199427892,0.5465043381653957,22015.09757087836,True,wing_L,high
-0.0089334000603531,0.0018297965704501,-0.0042852684305337,0.0008221120611662,0.0008185047956936,0.1735842934634499,0.1735842934634499,0.1735842934634499,False,0.5673209390747301,9.137300539443176e-05,8.500525467389791e-05,0.0001890086855494,2.223494138974939,0.516567161298471,0.0336902545087892,0.4497425841927397,-0.2734318622165624,0.8121264639102501,0.5154470131268742,5954.98422298982,True,body,high
-0.0104021086583225,0.0022144183371061,-0.0042705215920432,0.0013259555540168,0.000117459888229,0.270409675475994,0.270409675475994,0.2704097091043138,False,0.4264787610557016,5.823979069530065e-05,2.4457103009253488e-05,2.282265192425932e-05,2.551841516427577,0.5800619693637237,0.0280641648172347,0.3918738658190416,0.6739935330777955,0.308684183821266,0.6711533297450809,2935.460782526543,False,body,high
-0.0092492444727321,0.0023896205226702,-0.0042777465841145,0.0009205193607352,0.0007544300711921,0.1543669866234255,0.1543669866234255,0.1543669866234255,False,0.4136421772352446,2.4628010052311687e-05,2.3007400174136383e-05,6.101138175867691e-05,2.651815559207009,0.5963374481547594,0.0265624188710465,0.3771001329741941,-0.3358556742869903,-0.9248352257787826,-0.1785518725971248,2409.6597677750674,False,body,high
-0.009936015991959,0.0015841706309713,-0.004601704460451,0.0007294843406439,0.0004756735915055,0.1501780749783333,0.1501780749783333,0.1501780749783333,False,0.1763322008378294,0.0001417611129529,0.0001759232065908,0.000113836905869,1.5453969452855998,0.194187533867302,0.1587295253707093,0.6470829407619887,-0.0899889453212282,-0.7274772399558977,-0.6802050095861709,3726.700668330612,True,body,high
-0.0089645390691087,0.0020794997065689,-0.0040750143426357,0.0010295164846624,0.0009814667815154,0.1968271119430794,0.1968271455713992,0.1968271119430794,False,0.5076897013266902,3.768708919348804e-05,9.713919848401004e-05,3.576512483167117e-05,2.716031299798237,0.6120300580852367,0.019785672435142,0.3681842694796212,0.4899385044295762,-0.7550837259711999,-0.4356705505892728,3520.929801193537,False,body,high
-0.0084330020194452,0.000546837796575,-0.0060134345139811,0.0018760478215779,0.0007115139866325,0.5781861543954718,0.5781860955459124,0.5781861543954718,False,0.1627426153285096,0.0001072030681807,0.000159393371854,5.576056817812134e-05,2.8585320605931828,0.3274308276825178,0.3227392670364873,0.3498299052809948,-0.7295211646688757,0.6833043354674727,0.0299007597148071,9296.045189228964,True,wing_R,high
-0.0089327398325161,0.0020422441165277,-0.0056822898744375,0.0008476690308187,0.0005825928893776,0.2597569972421615,0.2597569299855221,0.2597569972421615,False,0.8256321325746527,0.0001321530258003,4.933789374010724e-05,0.0001435136966501,2.9087925278313294,0.0791608823062037,0.5770538561352632,0.343785261558533,-0.2722293207484956,0.7852368229936141,0.5561423637340608,4775.46390765468,True,body,high
-0.0102786795227526,0.0022715861643854,-0.0041781078583061,0.0013063121302296,0.0001074446140916,0.3650386406006213,0.3650386069723015,0.3650386069723015,False,0.6484963261209844,3.954895067373458e-05,1.6935948618965826e-05,4.941775898139722e-05,2.917920932167711,0.199701656066145,0.4575885778891992,0.3427097660446557,-0.3840818231346024,0.9023698012037916,0.1954735148633436,2868.7261636330527,False,body,high
-0.0079556871115994,0.0018513088625097,-0.0061012304890349,0.0017936146364198,0.0007151913911041,0.485864997866042,0.485864997866042,0.4858650567156015,False,0.0890609503211346,3.183832528151215e-05,9.475314792729688e-05,3.185059445573298e-05,2.9760719852409463,0.663857136649733,0.0001294856634234,0.3360133776868434,0.2306929339764041,-0.8678641831998022,-0.4399915109775398,3510.1109989598667,True,wing_L,high
-0.0096297967878783,0.0018093557071429,-0.0033272619740628,0.0016816513543108,0.0012581014343356,0.2103406858482047,0.2103406858482047,0.2103406858482047,False,0.3798141087374641,5.2754643800019606e-05,2.121462179990992e-05,2.062344453960559e-05,2.5579938258475083,0.5978624767076518,0.0112061653291669,0.3909313579631813,-0.3463157551147964,-0.8101852178804538,-0.4729326701416059,1558.2329489245842,False,body,high
-0.0099137554881784,0.0018592009852475,-0.0051515565187704,0.0005784745702558,0.000470477105323,0.5429143892729617,0.5429143892729617,0.5429143892729617,False,0.4957363437578276,4.461687746972146e-05,6.936927661712213e-05,5.0195209524885726e-05,1.5547765901860455,0.2764057523342221,0.0804150241605285,0.6431792235052494,0.5484368010719116,-0.7666631575160937,-0.333833308909494,6449.302340214154,True,body,high
-0.0094025961352967,0.0021967008631322,-0.0049556372749824,0.000386348214645,0.0003345018279609,0.4197667300490585,0.4197667300490585,0.4197667300490585,False,0.1614471290203571,3.3228525953195304e-05,3.3102610455959e-05,7.609488099005962e-05,2.298757709495425,0.5633277098161703,0.0016547170532108,0.4350175731306188,0.6107425995494927,-0.6420578327382689,-0.4634168927811811,7599.673645116914,True,body,high
-0.0096818229468659,0.001671170414872,-0.0037401169640301,0.0012956633542394,0.0009566410052423,0.2792862403758469,0.2792862403758469,0.2792862403758469,False,0.5609444239150206,3.15706196204642e-05,8.477541581192462e-05,3.14163026424527e-05,2.6984529903709293,0.627596994740739,0.0018203034043955,0.3705827018548654,-0.9429458033441926,0.3291569246755439,0.0500892293184209,2261.5873329946467,False,body,high
-0.0086229829701365,0.0020314238743482,-0.006182016465884,0.0014210238711144,0.0008667324472509,0.4035617724252356,0.4035617724252356,0.4035617724252356,False,0.1179540197804883,3.351051367317408e-05,6.758118430651783e-05,2.7447058695237296e-05,2.4622377594960563,0.5041443263085554,0.0897210523928625,0.4061346212985821,0.0433207938331798,-0.8249226419793224,-0.5635831292467137,16704.25983737749,True,wing_L,high
-0.0092930542592618,0.0021164199759168,-0.005341621546722,0.0004708313886889,0.0004519981861165,0.3030201332082503,0.3030201332082503,0.3030201332082503,False,0.4484086106375446,9.84738110043026e-05,3.666355057614886e-05,0.0001056226484622,2.88086251337928,0.0676828082044118,0.5851989258749455,0.3471182659206427,0.3420957405831755,-0.768235203129322,-0.5410962732709388,7188.846888896443,True,body,high
-0.0100934961765773,0.0024649468600758,-0.0053318351613616,0.0010388425370353,0.0008483380290607,0.4924983384095919,0.4924983384095919,0.4924983384095919,False,0.2355643532548988,2.5103074444608908e-05,4.4678915867491135e-05,2.62542103583936e-05,1.7798184826355523,0.4123803174576031,0.0257646339763197,0.5618550485660772,0.5722828068197152,0.78958553293233,-0.2214657427290212,3005.8737657309484,False,body,high
-0.0105294685482127,0.00241855765405,-0.0052995333239785,0.001352234808244,0.0009877963764256,0.2621315265254401,0.2621315265254401,0.2621315433396,False,0.5785567103808006,5.642549683321297e-05,2.4266406044863752e-05,2.144993901614494e-05,2.63056677180959,0.5699389920022795,0.0499147936090656,0.3801462143886548,0.6879103714208497,0.4437690360871137,0.5743242668579682,3884.4754174888426,True,body,high
-0.0083380053064075,0.0005239193660841,-0.0059324448010972,0.0018983757998593,0.0006855263253573,0.5203308455942323,0.5203308455942323,0.5203308455942323,False,0.821585278052439,4.396367095432204e-05,6.250035149945288e-05,2.5599628591977867e-05,2.441455401389634,0.2965852207294084,0.2938230253393843,0.4095917539312073,-0.749114134355515,0.6603582864530618,-0.0524875911198385,6871.925088456324,True,wing_R,high
-0.0084228431596673,0.0007018319427051,-0.005499873948175,0.0015425677662793,0.0006461125293143,0.7319559927450401,0.7319559423025606,0.7319559423025606,False,0.1545820499877499,5.175544680548413e-05,0.0001344280247149,8.442976895215889e-05,2.597369610587619,0.3719332770738079,0.2430618333934452,0.3850048895327468,0.7183180195221207,-0.6956892677124469,0.005972069954175,4631.564350832641,True,wing_R,high
-0.0089474522028692,0.0012103518632331,-0.0049643047760867,0.0007319765479683,0.0005124433633653,0.8953831194720059,0.8953831194720059,0.8953831194720059,False,0.9974361982168748,3.506172652766911e-05,3.127013482834643e-05,7.457490885502834e-05,2.384860483154235,0.529845532954949,0.0508427265622735,0.4193117404827775,0.1607184652770606,0.6132221453274538,-0.7733874678316048,4402.183205619236,True,wing_R,high
-0.0089091838865909,0.0017886592166606,-0.0041129282725307,0.0009844881640737,0.0009746697767532,0.1700445429021041,0.1700445429021041,0.1700445429021041,False,0.4975658293337975,8.811314905740398e-05,9.583286374172682e-05,0.0001068421167195,1.212555876875056,0.1030422582013903,0.0722534794456411,0.8247042623529686,-0.4770235634907449,0.2244755453905501,-0.8497406953866612,4728.180245227994,True,body,high
-0.0105645363936895,0.0019044760096256,-0.0052160741412101,0.0012284829840123,0.0009314041264819,0.2287948820431342,0.2287948820431342,0.2287948484148144,False,0.7520126626849873,8.848779831323534e-05,7.885699461893815e-05,8.680310655415923e-05,1.1221299865767935,0.0190386899797474,0.0897989563159078,0.8911623537043447,-0.6862559165994351,-0.6826243469943871,0.2511509861074743,4085.8810908397377,True,body,high
-0.0098504719810941,0.0025894738897353,-0.0040977966457421,0.0012776183779041,0.0005590018858562,0.1597897549471197,0.1597898222037592,0.1597897885754395,False,0.2128507534443787,8.308157723245804e-05,2.9174530177838323e-05,2.9035192519040988e-05,2.8614095524930296,0.6488447722145493,0.0016771186036523,0.3494781091817984,0.2789028873833384,-0.9518938266884872,0.1269303829726543,2020.983764965316,False,body,high
-0.0094171496798535,0.0022886911865175,-0.0039152673189893,0.0011737897541701,0.0008453895924026,0.1858960248503401,0.1858960584786598,0.1858960584786598,False,0.514865185859438,2.0411886166768456e-05,5.515726083653819e-05,2.0339444683564083e-05,2.7118371073871903,0.6299329252904655,0.0013133625946193,0.3687537121149151,0.9928574109465432,0.1181929316792663,-0.0162662973533391,2360.490751276198,False,body,high
-0.0082165108346798,0.0006115561161438,-0.0057154056634,0.0018126125996883,0.0006090065008958,0.9090366208154584,0.9090366208154584,0.9090366208154584,False,0.9980276070020974,9.739275797891195e-05,3.592798636686078e-05,3.477046550239119e-05,2.801019674936885,0.631102074605587,0.0118850814833708,0.3570128439110421,-0.1989191618715871,0.9783854608992328,-0.0565071406222359,4260.54216498704,True,wing_R,high
-0.0096542598986422,0.0018809634249777,-0.0050595183936691,0.0003094280233131,0.0002334240773331,0.5013012885531011,0.5013012885531011,0.5013012885531011,False,0.0406422691602834,4.6526781805474974e-05,5.141736875920512e-05,9.510059907413846e-05,2.0439969278715004,0.4593370676969006,0.0514254063732821,0.4892375259298173,0.9557806230676223,-0.2283676411424459,0.1852879409122533,7528.86045855996,True,body,high
-0.008278176200675,0.0020060113395077,-0.0054864064609728,0.001207655530286,0.0006667318516312,0.49314758198781,0.49314758198781,0.49314758198781,False,0.1142484638353164,3.360085298746844e-05,8.3164178809998e-05,2.905613379596883e-05,2.862190110837663,0.5959696413977102,0.0546475568752112,0.3493828017270785,-0.2770037295943441,0.945143156864464,0.1731281225656278,5184.225550827649,True,wing_L,high
-0.0100891897357173,0.0018014698441299,-0.0037871590180726,0.0014038420608965,0.0007293903365564,0.2815190094773739,0.2815189758490542,0.2815189758490542,False,0.4242099126497983,4.233803556038649e-05,0.000117033870372,3.989195534570096e-05,2.933771216723965,0.6382411738944269,0.0209006179741757,0.3408582081313973,-0.2261591582450399,-0.45568000054664,-0.8609342438558878,2127.281382754052,False,body,high
-0.0098666953936191,0.0024268158663567,-0.0043602550228305,0.0010122204769044,0.0003379148966235,0.1707581358464212,0.1707581358464212,0.1707581358464212,False,0.343715412650466,4.240499263765294e-05,0.0001008984028441,3.9860999600925946e-05,2.531256211692261,0.5797258287311947,0.0252134123535889,0.3950607589152163,0.5201868018513023,0.8465837265886794,0.1127017526702143,2594.5707610616946,False,body,high
-0.0085694963462206,0.0007802144992789,-0.0054699176681433,0.0013884758132491,0.0006133697879755,0.2769939995909068,0.2769940332192265,0.2769939995909068,False,0.5408967708193496,0.0001198550752496,4.060298149994434e-05,0.0001160177254821,2.9518786754555544,0.0320165813538956,0.6292161080805124,0.3387673105655919,0.6177238475146253,-0.7645942472435068,-0.183882803148809,4917.017823122692,True,wing_R,high
-0.0086861180538615,0.0008606574205707,-0.0053224344595507,0.0012150791180097,0.0006164778055262,0.4680650847683052,0.4680650847683052,0.4680650847683052,False,0.6910262793380171,6.306682594019805e-05,4.787390706055084e-05,2.2497229463648784e-05,2.803315227864034,0.2409019108406313,0.4023775926342801,0.3567204965250886,0.639698133094781,-0.7340693578564466,-0.2278782051256249,5646.359266180172,True,wing_R,high
-0.008969217843438,0.0009801734634039,-0.0054925139095178,0.0010506346260032,0.0005650011310226,0.4433153602646211,0.4433153602646211,0.4433153602646211,False,0.2878935390736616,4.1858512522897045e-05,0.0001049918068519,0.0001211414337499,2.894069245381113,0.1333121657725339,0.5211536001741575,0.3455342340533087,0.6420289068630944,-0.7573883743790081,-0.1190030802446039,7382.78868933636,True,body,high
-0.0090847602930545,0.0010812688677516,-0.0057100816408735,0.0010655929379329,0.0005978531506953,0.3666152707420614,0.3666152707420614,0.3666152371137418,False,0.8101995100295696,9.015126449041312e-05,3.541400952273846e-05,8.865622915865573e-05,2.5456384551014826,0.0165836313024359,0.590587607804205,0.392828760893359,0.6268155975190693,-0.7716039335948599,-0.1083031687798238,5148.045232783564,True,wing_R,high
-0.0097456765554885,0.0021286549444047,-0.0041289614302043,0.0009918599072215,0.0004587966995495,0.400058601068658,0.4000586346969776,0.4000586346969776,False,0.3117052099258613,3.907928315775495e-05,3.777553631060315e-05,8.700582741545612e-05,2.303232089150634,0.5508429226108053,0.0149845922495094,0.4341724851396853,0.6962934274284234,-0.2638618873543077,0.6674970916204815,3018.556813859854,True,body,high
-0.0102460839125165,0.0019590609240622,-0.0043576939545526,0.0010958588768084,0.0002778008944308,0.5331559763346461,0.5331559763346461,0.5331559763346461,False,0.038720583267192,4.734075823354421e-05,5.627663555602811e-05,5.996835747302338e-05,1.2667384239429362,0.0615611644633753,0.1490098728567591,0.7894289626798655,-0.1417737894422068,0.8410313221767334,-0.5220790244252811,3429.183902911339,False,body,high
-0.0082978824229477,0.0020100071126242,-0.0063139973593805,0.0017113597760725,0.0009114139925235,0.4043320711236693,0.4043320711236693,0.4043320711236693,False,0.1081526142332139,0.0001055521109363,0.0001006520333459,3.584547173213797e-05,2.944642819185048,0.0464233026411394,0.6139769355525178,0.3395997618063427,-0.2735276869365882,0.8866019997888712,0.3729872631196596,3852.172719373801,True,wing_L,high
-0.0109360425986663,0.0024283559018325,-0.0051430775701495,0.0016978619153531,0.0010734558872988,0.5509246550286792,0.5509246550286792,0.5509246550286792,False,0.0495450836471202,6.122885662374343e-05,2.400582188882092e-05,2.757793339721467e-05,2.5505836420562886,0.5495925464249082,0.0583403268551082,0.3920671267199835,0.359515353284095,0.8023890801291546,0.4763617058942728,2631.0398268589447,False,body,high
-0.0094305136637053,0.0021769662977708,-0.0049750303752996,0.0003698642057641,0.0003137576337475,0.3507039976413751,0.3507039976413751,0.3507039976413751,False,0.6338693082178326,5.884947623027786e-05,2.2887081150890068e-05,2.2134358088255125e-05,2.658738780480127,0.6110911665325113,0.0127906501612612,0.3761181833062275,0.8592447950974753,0.4226310134772209,-0.288238457782987,8064.013805569596,True,body,high
-0.0086408848509657,0.0020316205471405,-0.0061734256531097,0.0014045779324374,0.0008632605811748,0.3978245624980617,0.3978245624980617,0.3978245624980617,False,0.1064574293725486,3.9802082832695926e-05,2.897624479833453e-05,7.370242977784022e-05,2.543546628998538,0.4599624062236407,0.1468857684474379,0.3931518253289214,-0.0391113263977103,0.8270096240535327,0.5608256287566094,15750.23727763442,True,wing_L,high
-0.0097670271785981,0.0020712603181479,-0.0050696055369052,0.0004877562463419,0.0003363028481952,0.4886241857352467,0.4886241857352467,0.4886241857352467,False,0.0109790282378584,4.406504140643046e-05,2.237827654386944e-05,4.886601892524225e-05,2.1836363863610027,0.0982477726732061,0.4438005251816922,0.4579517021451016,-0.2625982366233585,0.8937839851848003,0.3635826645337746,8402.878722074052,True,body,high
-0.0100746061844528,0.0024326320980867,-0.0053283495147294,0.0010042177029968,0.0008231137484675,0.4120933107648296,0.4120933107648296,0.4120933107648296,False,0.1533620076824277,4.273346278431033e-05,5.812875754445409e-05,4.047084511021818e-05,1.4363119274170433,0.2648481648411318,0.038924239389803,0.6962275957690651,0.6422730376174388,-0.2776518945453945,-0.7144191840964382,3136.0826951096883,False,body,high
-0.0084424735838006,0.0005626299096117,-0.0060331141261851,0.0018716497664957,0.0007050824395474,0.6969225977632779,0.6969225977632779,0.6969225977632779,False,0.2568793213046732,0.0001448301837098,8.948118519440588e-05,5.684511130514472e-05,2.547803678885417,0.3821648022373521,0.2253402782021782,0.3924949195604695,-0.728845585164336,0.6846532411761785,-0.0058354377222573,8674.811534552475,True,wing_R,high
-0.0084122015488273,0.0005522656705741,-0.0059483165636772,0.001848097381235,0.000692974202711,0.6661629586772446,0.6661629586772446,0.6661629586772446,False,0.2369991113223701,0.0001035227897311,5.318468250548112e-05,0.0001474258774809,2.771961221461108,0.2977977034962304,0.3414468890118504,0.3607554074919191,-0.7460399739050211,0.6658902810833222,-0.0038066907636057,9671.27750076679,True,wing_R,high
-0.0084175935204073,0.0005444788225829,-0.0059701426554869,0.0018620952365192,0.0007030490212394,0.6803383715426481,0.6803383715426481,0.6803384387992875,False,0.2388458232624458,5.1151209249237775e-05,0.000134102149929,0.0001024020303923,2.6216809318355483,0.2363878547323076,0.382177475679636,0.3814346695880563,0.7333553613418364,-0.6798451698217127,-0.0006775406047405,9974.776902015494,True,wing_R,high
-0.009356381337617,0.0023470277433169,-0.0036830785801194,0.0014089610870217,0.0010673903528821,0.370279168652709,0.370279168652709,0.370279168652709,False,0.4806101434937959,1.5336540534990378e-05,1.6226306479618702e-05,4.143370505330483e-05,2.70163306769044,0.6083790609904807,0.0214744480003328,0.3701464910091864,0.5913535532386351,0.6831603841422811,0.4284773793452949,1869.80010108842,False,body,high
-0.008393716470462,0.002021614246043,-0.0052331156043978,0.0010193715470364,0.0006619670940894,0.6107160975232544,0.6107160975232544,0.6107160975232544,False,0.1249411748296269,3.608811330059916e-05,2.7138262128384184e-05,1.7110077385391834e-05,2.1091730030052527,0.247999974331337,0.2778805491842062,0.4741194764844567,0.099231208993312,-0.7438761436696192,0.6609095626792987,4758.07833967071,True,wing_L,high
-0.0101061465002899,0.00192734260862,-0.0040896073173556,0.0011721761601038,0.000424893413365,0.2416505346872278,0.2416505346872278,0.2416505346872278,False,0.5979266896484258,2.4203494536640404e-05,6.348083522784917e-05,2.64535645669116e-05,2.6227962714949635,0.5832826636265434,0.035444871230744,0.3812724651427125,0.1699659779918537,0.565488428917631,0.8070529121969279,2850.978265822152,False,body,high
-0.0085331273609598,0.0008037513303964,-0.0053676348744913,0.001360287075679,0.0006270025337705,0.4326767638896685,0.432676705040109,0.4326767933144483,False,0.1883567808842884,8.661366026950917e-05,3.386471070117702e-05,3.5278432962201895e-05,2.5576376846620685,0.5926920435826327,0.0163221627700053,0.3909857936473619,0.8027312676408939,-0.4103595962215878,0.4326979474650864,4849.41292996758,True,wing_R,high
-0.0083926349572501,0.0006350107095363,-0.0057624656436889,0.0017112428809594,0.0006233464585132,0.3902602839254625,0.3902602502971428,0.3902602839254625,False,0.2104258332790159,7.913830652720846e-05,7.261730617579401e-05,2.891879567700924e-05,2.736569925355649,0.0824000491995929,0.5521789941734581,0.365420956626949,-0.7290445411575842,0.6838063592373058,0.030048628503612,6702.938891850667,True,wing_R,high
-0.0086016327273833,0.002033541713737,-0.0061125330759771,0.0013751367070993,0.0008216036651561,0.320469296626067,0.3204693638827065,0.3204693638827065,False,0.0975684793404123,9.261386482485992e-05,9.363624648605257e-05,3.803167791395844e-05,2.4620593048219432,0.0109186527606587,0.5829172885420142,0.406164058697327,-0.0664189440991024,0.8090666609617516,0.5839517634059874,25068.779644535785,True,wing_L,high
-0.0093324287515825,0.0018909980915442,-0.0049752261057814,8.307461145169721e-05,8.17671449220455e-05,0.7428305674465011,0.7428305674465011,0.7428305674465011,False,0.9827343243153364,1.8216031878531342e-05,2.499745781548049e-05,4.545865670186023e-05,2.495530146465977,0.4501056645948457,0.1491778778555866,0.4007164575495676,0.9162468855177436,-0.3870393999244436,0.1034028417654042,6790.08852300921,True,body,high
-0.0083398437734296,0.0017183284165506,-0.0043090040960147,0.0012295725073663,0.0011560068534351,0.901621576318667,0.901621576318667,0.901621576318667,False,0.9855763396914544,2.786246200400919e-05,6.984796943716189e-05,8.370421206221737e-05,3.0041929550293505,0.1655381764391513,0.5015937238850641,0.3328680996757847,-0.0812264558692867,0.9884679092381112,-0.1278024071500689,2766.01432729107,False,body,high
-0.0086720113583018,0.0018307704553852,-0.0047055775846479,0.0007444969008773,0.0006575509030277,0.3794790866607654,0.3794790866607654,0.3794790866607654,False,0.2799494191740904,2.969314351646936e-05,2.2434496762868283e-05,5.83022531418615e-05,2.598776953105476,0.4907033276360731,0.1245002785044907,0.3847963938594361,0.2749678573493578,-0.8712966663274884,-0.4064908322106534,8287.83874529694,True,body,high
-0.0088325511502461,0.0018518033804449,-0.0042652505054943,0.0008955246738696,0.0008952669571062,0.1389185064586341,0.1389185400869538,0.1389185400869538,False,0.8429869057252517,6.531410998072165e-05,0.0001597890104046,6.469443360054489e-05,2.4699035374712897,0.5912477972339597,0.0038780913568921,0.4048741114091481,0.1811412756597429,-0.8022637078017727,-0.5688240337718802,5375.851085140978,True,body,high
-0.0090100375970683,0.0021033704662243,-0.0059023235088543,0.0010218788028348,0.0007827549560614,0.3411813990915093,0.3411813486490297,0.3411813654631896,False,0.1189526250911538,2.870086347324511e-05,7.405852338075813e-05,2.862416234406925e-05,2.5872730349470854,0.6124569845163539,0.0010356826692521,0.3865073328143938,-0.8131218069512502,-0.5389808126060567,0.2198467891574697,4861.948419730568,True,wing_L,high
-0.0085927958254505,0.0008233264521758,-0.0053296047908262,0.0012994240850052,0.000633682171986,0.4109408598411735,0.4109408262128538,0.4109408598411735,False,0.8231489795053006,5.4370994718570896e-05,5.639198219652094e-05,2.174075560049915e-05,2.593837271931166,0.0358382060575045,0.5786325971723838,0.3855291967701115,-0.6766623881579985,0.7333718722622529,0.0655264025173987,5049.959203245823,True,wing_R,high
-0.0107733316819607,0.0022909190379724,-0.0050669919931175,0.0014928880739162,0.0009083483993033,0.2484632791637934,0.2484632791637934,0.2484632455354736,False,0.4270258029128716,0.0001297290197749,0.000115657313264,4.798195987382001e-05,2.703704061195221,0.1084699979645249,0.521667037241195,0.36986296479428,-0.1837493168744686,0.5470720629652255,0.8166690556591076,4144.734189693408,True,body,high
-0.0092714236347646,0.0011999728091876,-0.0056141208183168,0.0008819667235253,0.0006009618264774,0.3047641314969038,0.3047640978685841,0.3047641314969038,False,0.1834262772155895,5.894069097928563e-05,7.099664770145147e-05,2.6038497976169564e-05,2.726603038563423,0.1698102250244607,0.4634330502684201,0.3667567247071192,-0.6890223162321301,0.7206585440787775,0.0768082715621629,4542.038508916154,True,wing_R,high
-0.0087690237460389,0.0009407686550883,-0.0050537300224767,0.0010569612408218,0.0006830355187605,0.4452246753729854,0.4452246753729854,0.4452246753729854,False,0.4773438274185935,6.745221329575961e-05,2.8726001307079373e-05,6.614908340624528e-05,2.34812400705198,0.0193193051175423,0.5548088086461429,0.4258718862363147,0.6970123976546337,-0.7156515760756637,-0.0449058924436065,4604.558250457497,True,wing_R,high
-0.0105297280349398,0.0020996675202785,-0.0053281165028262,0.001250548312305,0.0009717481835334,0.2946882966452739,0.2946882966452739,0.2946882630169543,False,0.2088874896388247,8.426076894569779e-05,4.7020171534158765e-05,5.0647209374958856e-05,1.7920132189327471,0.398923009976343,0.0430453921342392,0.5580315978894177,0.5137836521652189,-0.7299969432855642,-0.4507003678293397,3655.872299588408,False,body,high
-0.0088076965647135,0.0009066459601908,-0.0057326608558927,0.0012980031459119,0.0005696910259568,0.41043097044352,0.41043097044352,0.41043097044352,False,0.3288248724629404,2.0504854121385613e-05,5.606076224028406e-05,5.38358859561323e-05,2.7340239490811733,0.0396868718019858,0.5945518844693074,0.3657612437287066,0.60047352818784,-0.7908197278230715,-0.1184723597785165,5116.057348553948,True,wing_R,high
-0.0080335630126938,0.0019206501501409,-0.0059057364147862,0.0016176885820579,0.0007117575157431,0.434650573911703,0.4346505150621435,0.4346505150621435,False,0.9306325021239455,3.039173072112617e-05,8.452394756875727e-05,5.056752726528325e-05,2.781149528611816,0.4017372742304973,0.2386991749024119,0.3595635508670907,-0.2015937704807904,0.8937646960732066,0.4006801963617708,3726.1208315479175,True,wing_L,high
-0.0106505371832631,0.0022150075514856,-0.0050698087032923,0.0013530433807959,0.0008367161153314,0.1911216303355551,0.1911216303355551,0.1911216303355551,False,0.4951940373790032,0.0001318166369539,5.453951580077246e-05,0.0001593618330314,2.921951738875544,0.1728468828045031,0.4849161162569288,0.342237000938568,-0.2053726921922183,0.4444105469521138,0.8719640606466779,4943.415832156647,True,body,high
-0.0079860527284294,0.0018973431379604,-0.0062985198272478,0.0019017517722871,0.0008239307099308,0.3371760644437323,0.337176098072052,0.3371760308154126,False,0.8682620954231206,8.282454838053616e-05,2.844350259129453e-05,5.92112879424847e-05,2.91189694780718,0.2850997789877547,0.3714814744274611,0.343418746584784,0.3050242881759193,-0.8427411645818428,-0.4435622990539364,3227.3170717065086,True,wing_L,high
-0.0084072347011189,0.0006235811006458,-0.0057519655122128,0.0017062243351899,0.00064071261095,0.4239449815168015,0.4239449815168015,0.4239449815168015,False,0.2074307663833445,8.615158696195141e-05,9.568245706232768e-05,3.5881178546286294e-05,2.666647555595155,0.0996093786990423,0.5253879337872659,0.3750026875136918,0.6711433420149207,-0.729350264766436,-0.1327207811692383,6659.717349935777,True,wing_R,high
-0.009277845679567,0.0020860494537189,-0.0050351853256848,0.0002885511589191,0.0002881686799309,0.3646365467818089,0.3646365467818089,0.3646365467818089,False,0.0174180423233856,8.453684588366238e-05,3.249195784068252e-05,4.5150341750210765e-05,2.6017775320948964,0.4659093170764189,0.1497380671967394,0.3843526157268416,-0.7631350010623638,0.564074637039198,0.3153486546707363,6593.270642014777,True,body,high
-0.0103003111740751,0.0019161542509038,-0.0050352318415963,0.0009461253095406,0.0006260631723585,0.1431725897873307,0.1431725897873307,0.1431725897873307,False,0.5844305458652594,0.000173461819117,0.0001139439453265,0.0002791308809145,2.4497210458579155,0.3785645696069709,0.2132256868016764,0.4082097435913526,-0.167939234691396,0.8732366516371649,0.4574430715277924,3763.196104792096,True,body,high
-0.0106140474632648,0.0022798411257373,-0.0049805167622066,0.0013369336312522,0.000744946706592,0.1335055576042961,0.1335055576042961,0.1335055912326158,False,0.8340526788880471,0.0001645082756769,0.0001758567808508,6.475511060089144e-05,2.715720492467933,0.0645326561703552,0.5672409365931468,0.368226407236498,0.1045983463836918,-0.7108326345864272,-0.6955401868624966,4077.802171892646,True,body,high
-0.0099116299162105,0.0020679960083453,-0.0049016015347591,0.0006124939752902,0.0002648366108821,0.3672728304986562,0.3672728304986562,0.3672728304986562,False,0.0506510987870102,7.604098077654956e-05,9.002943441223686e-05,8.15091402876072e-05,1.1839594057419265,0.0946389831309611,0.0607374637723415,0.8446235530966972,-0.7001931634984158,0.3131923040095109,0.641591859751427,8156.93241670966,True,body,high
-0.00830996860568,0.0019836658286175,-0.0057538784266668,0.0013118902211693,0.0006497035219414,0.3140378972950507,0.3140378972950507,0.3140378972950507,False,0.6019200199248266,0.000120560792255,0.0001094174316706,4.179018643616169e-05,2.884906781625928,0.0924293908163748,0.5609389584249127,0.3466316507587125,-0.0799660558466442,0.8732054858967446,0.4807469285519788,5465.162678339979,True,wing_L,high
-0.0089536117565365,0.0011753533889453,-0.005383518480961,0.0008548010418733,0.0003849918022415,0.3141490557058631,0.3141490557058631,0.3141490557058631,False,0.5006433906906312,2.097652417425967e-05,5.84976293499887e-05,3.474494190596179e-05,2.7887188966116345,0.4060452997490829,0.2353671060638422,0.3585875941870748,0.6544884575211347,-0.7552429238919014,-0.0353975265070516,5252.991822819274,True,wing_R,high
-0.0085962324827815,0.0020255194851831,-0.0061494592142607,0.0014072092285586,0.0008384152494979,0.2857930680279802,0.2857930680279802,0.2857930512138203,False,0.1480123334611158,3.107114538338688e-05,7.24973202592292e-05,7.342629434360102e-05,2.3631666434434244,0.0126517903794061,0.5641871926967611,0.4231610169238327,-0.0836565675125302,0.8301881004099054,0.5511708416179277,29883.953460827623,True,wing_L,high
-0.0093518602139843,0.0021979692364705,-0.0049775543242216,0.0003842905801279,0.0003562803836808,0.358894292606678,0.358894292606678,0.358894292606678,False,0.0573941899226052,8.979209077063825e-05,5.0219581209665975e-05,7.548989012743286e-05,1.7879896368660992,0.1592812966092796,0.2814313454657879,0.5592873579249324,-0.3643148340064803,0.9072663366014756,0.2101011570471919,6747.592929772825,True,body,high
-0.0085978348198099,0.0020147462715748,-0.0061524091324716,0.0014071999540694,0.000832271206602,0.2867831362028206,0.2867831698311402,0.2867831698311402,False,0.1755957907021749,6.926482932577371e-05,2.8345206041276787e-05,6.988274966952815e-05,2.465416888053792,0.0088422442831249,0.5855468406438452,0.4056109150730299,0.0806365590741922,-0.8397279121259169,-0.5369867586238253,28397.860850197125,True,wing_L,high
-0.0093762599551064,0.001981884308662,-0.0043597998265278,0.0006497525672962,0.0004940843735987,0.1224841448448068,0.1224841448448068,0.1224841448448068,False,0.1925778873701018,0.0001858130007503,0.0001227734972286,0.0003285980860725,2.6764578145124363,0.4345280492312394,0.1918437939647395,0.373628156804021,0.0179736777986845,0.8774655531780299,0.479302774759716,4773.476650341213,True,body,high
-0.0098731316989472,0.0020226468044373,-0.0047537676433928,0.000600356887607,0.000119743972485,0.0954463704855269,0.0954463704855269,0.0954463704855269,False,0.9828254079588412,0.0003093615668854,0.0002464455131109,0.0001217664956183,2.5406132065673592,0.2033738528282322,0.4030203840374782,0.3936057631342896,0.3286671245414045,-0.7114686787317648,-0.6211201497531387,9739.825501195364,True,body,high
-0.0087073369728088,0.0020132635216536,-0.0041615822920365,0.0010717858305933,0.0010707544678167,0.1747149784571716,0.1747149784571716,0.1747149784571716,False,0.5170409254846733,6.521663916545902e-05,6.805616974212827e-05,2.807812467538654e-05,2.4238146432117933,0.0417233380519138,0.545703859485394,0.4125728024626922,0.9277810993070562,-0.342886318134926,0.1471434830512881,4295.645983691651,True,body,high
-0.0085742135827414,0.0020030026919971,-0.0060536050076948,0.001338568114834,0.0007597966186946,0.268264894872997,0.268264894872997,0.268264894872997,False,0.1179286463474511,0.0001318304029332,4.850026195924535e-05,0.0001316209259861,2.718137956532739,0.0015889881420174,0.6305120987080403,0.3678989131499424,-0.1946397991365639,0.8228754648274341,0.5338457810801845,12146.53152440867,True,wing_L,high
-0.0093588544803702,0.0018445890055993,-0.0048818775792753,0.0001097943872733,8.59255675976181e-05,0.2826072387174574,0.2826072050891377,0.2826072387174574,False,0.9738987456613812,5.350860469731303e-05,0.0001383682458894,5.9011952376146094e-05,2.5859064476102254,0.5735152093832881,0.0397731982757925,0.3867115923409192,-0.64329256721117,0.7602743838980647,0.0903190686360334,7110.770931830486,True,body,high
-0.009351813608673,0.0019735507244189,-0.0048651778413167,0.0002011895459874,0.0001606004221993,0.3167179062346054,0.3167179062346054,0.3167179230487652,False,0.943766526635622,0.0001057960455608,6.682435872479108e-05,9.665249142382592e-05,1.5831958222981406,0.0864262372808377,0.2819399585391987,0.6316338041799635,-0.5179277632048045,0.8468785190468135,0.1206134572870857,8419.10050102971,True,body,high
-0.0105098411169317,0.002311603403538,-0.0051889956111593,0.0012682036408884,0.0008627213754444,0.2279573182981938,0.2279573182981938,0.2279573182981938,False,0.5006842009992769,0.0001084196364502,4.930934126991006e-05,5.319827743475128e-05,2.1987646490101347,0.5093298670194325,0.0358692972248209,0.4548008357557466,-0.4653264023316363,0.6267400137699419,0.6250346345865557,4839.862503620723,True,body,high
-0.008593474597382,0.0020236812695164,-0.0061508821405706,0.0014096092565201,0.0008376811993263,0.3144068504047856,0.3144068504047856,0.3144069008472652,False,0.1521450791131114,6.798494308414907e-05,2.943289108813527e-05,6.690196154685734e-05,2.309828921683965,0.0159297263211834,0.5511377778509624,0.4329324958278541,0.0974193684550888,-0.8623458245938027,-0.4968592813417552,29250.370394827693,True,wing_L,high
-0.0101456005520804,0.0021232346892696,-0.004924309003644,0.0008457681719201,0.0004197096091093,0.1217578740239578,0.1217578740239578,0.1217578740239578,False,0.7060060336005066,0.0001730065034569,0.0001459626208576,0.0003091007227202,2.117670407013036,0.4402908478039051,0.087492136418604,0.4722170157774907,0.0247895973362406,0.8922475378861312,0.4508656196695906,5223.96247001729,True,body,high
-0.0101638069431637,0.0022447914360556,-0.0045187775269786,0.0010245638616119,0.000115050014326,0.2108837832115751,0.2108838168398948,0.2108838168398948,False,0.1071840741365804,7.098039971788523e-05,0.0001208493236383,0.0001398249599319,1.9699094466600424,0.1357099355000321,0.3566525171520489,0.5076375473479189,-0.6495594612253637,0.3362425883047328,-0.6819189307701825,3208.807455217903,False,body,high
-0.0087987256749141,0.0019842476765978,-0.0054247562387505,0.0007324608512109,0.0004275482571021,0.3333813944047995,0.3333814280331192,0.3333813944047995,False,0.6142971357972118,9.803084160026312e-05,0.0001000589421941,3.718044786917151e-05,2.6911709763743423,0.0202690589104569,0.6081454830198214,0.3715854580697216,-0.1922238424923967,0.8069408984782157,0.5584768399321749,5967.488269278268,True,body,high
-0.0086998454551091,0.0010878383639415,-0.0051026945772068,0.000988715925167,0.0005382554770531,0.8536035304583909,0.8536035304583909,0.8536035304583909,False,0.9950610094429718,2.056011252226579e-05,4.948897420151333e-05,5.347350772260431e-05,2.600837308876331,0.0745141602036075,0.5409942775648274,0.384491562231565,0.518993842537094,-0.6900000137228776,-0.5045248977711712,4065.613842079891,True,wing_R,high
-0.0093654341762097,0.0019398069311771,-0.0046247752496646,0.0003837685558247,0.0002899020964931,0.1236771767432769,0.1236772103715966,0.1236771767432769,False,0.9691187241862336,6.089111570956281e-05,0.0001519896740208,6.639550844753705e-05,2.49608949104849,0.5631577679518829,0.0362155703894652,0.4006266616586519,0.5863807678243986,0.5873420456957473,0.5578413004462855,11851.89363269795,True,body,high
-0.0098340433438895,0.0023231089564174,-0.0051095747920166,0.0007057324447594,0.0005208047919504,0.156930271665255,0.156930271665255,0.156930271665255,False,0.0817103798547281,0.0001427553520095,9.04257696963048e-05,0.0002451550701697,2.711119529234592,0.4176936585045707,0.2134550277791646,0.3688513137162647,-0.0396977655028664,0.9390005992013284,0.3416166888687169,3914.783595015,True,body,high
-0.0089243714249484,0.0020692146268269,-0.0059263369648912,0.0010665899566141,0.0007616114036513,0.2954887851677303,0.2954887851677303,0.2954887851677303,False,0.0833530730018338,8.484505464442574e-05,3.5197007335514705e-05,8.16543195286297e-05,2.410575815030014,0.0376066127739322,0.547554744207678,0.4148386430183898,0.2446830437406352,-0.7967372057908293,-0.552575816530583,5067.571935746114,True,wing_L,high
-0.0085843217592706,0.0007332982781628,-0.0058704366372023,0.0015971353391765,0.0006151714112397,0.4108900474500866,0.4108900474500866,0.4108900474500866,False,0.3458643710151665,5.714106186966848e-05,6.474492178038686e-05,2.356441835365964e-05,2.7475713938142565,0.117443340753588,0.518598873744878,0.363957785501534,-0.630118903364588,0.7738687661405995,0.0638537423698499,4723.2489952386095,True,wing_R,high
-0.0106461571800319,0.0018862430386919,-0.005009370814462,0.0012874307097304,0.0008476264940372,0.1399691224231183,0.1399691224231183,0.1399691224231183,False,0.4829407543763994,5.6044190940143295e-05,0.0001259184558974,5.401650101357648e-05,2.3311109297110675,0.5549167868944833,0.0161031987893612,0.4289800143161554,0.641707371625009,0.3868086976592956,0.6622617916030202,4144.467308070819,True,body,high
-0.0087174226761721,0.0007903436676101,-0.0060161398795416,0.0015875677684829,0.0006809635940072,0.3786441459247628,0.3786441459247628,0.3786441711460026,False,0.1720804389762092,7.104283935888031e-05,6.711335409086468e-05,2.836183565593708e-05,2.504874515906331,0.0553114895670965,0.5454669152392724,0.3992215951936311,-0.6588045728556474,0.751448802171537,-0.0360726003976783,4855.943519013345,True,wing_R,high
-0.0093801627509495,0.0012150225746342,-0.0047488761744577,0.0006448795331766,0.0006398203850353,0.2498638650515343,0.2498638146090547,0.2498638146090547,False,0.2352382621837966,9.00145820721198e-05,3.257277866407576e-05,8.508611723656337e-05,2.763491042641569,0.054751849334897,0.583387017565819,0.3618611330992839,0.7369859726559391,-0.6236444098752121,-0.2606133652362776,2881.19442763879,False,wing_R,high
-0.0084068807995351,0.0006558080487747,-0.0056512496463331,0.001640824554532,0.0006332123363181,0.3823860026875858,0.3823860026875858,0.3823860026875858,False,0.3321096376475879,5.972687291079456e-05,5.4765301913013736e-05,2.109397973321971e-05,2.8314653596037216,0.0830709989654273,0.5637549822855122,0.3531740187490604,0.7263362843586031,-0.6729781754759265,-0.1397711606778442,5657.870554269873,True,wing_R,high
-0.0087572717012582,0.0008146971668242,-0.0060457412403909,0.0015758164442524,0.000700251552176,0.3870971873590659,0.3870971873590659,0.3870971873590659,False,0.2705101083508024,7.081049293826327e-05,2.511770614325115e-05,5.387805416345368e-05,2.8191464831389177,0.2391233004065129,0.406159409810598,0.354717289782889,0.6622833889680918,-0.7465703241702941,0.0633519041955461,4703.249670266068,True,wing_R,high
-0.0085706924064416,0.0019985411706866,-0.0057520190288547,0.0011150898669539,0.0006005643072487,0.2945747674379217,0.2945747506237619,0.2945747506237619,False,0.2203561683872298,2.842658110387801e-05,6.576538399779727e-05,6.725424719109244e-05,2.3658929276555694,0.0221378315196183,0.5551887717637649,0.4226733967166166,-0.2267724306351344,0.8247416320787004,0.5180497128847719,8535.386730174068,True,wing_L,high
-0.0081902215048175,0.0019961772367578,-0.0063494231722676,0.0018053440948765,0.0009202284970856,0.2911742717485088,0.2911743053768286,0.2911743221909884,False,0.2220746179249354,7.202904080841857e-05,2.5720860257040744e-05,5.976276848336814e-05,2.800413364428648,0.1702962053552263,0.472613654773932,0.3570901398708416,0.3104588473416333,-0.8695808855962386,-0.3839848792764699,3575.44308837294,True,wing_L,high
-0.0091174604371045,0.0018289957796914,-0.0043910690049927,0.0006441890031605,0.0006253325261161,0.1505756962306239,0.1505756962306239,0.1505756962306239,False,0.2831400210436038,0.0001398601014063,0.0001064848177937,0.0002634219147231,2.473797863216233,0.4690642896838996,0.1266989637050088,0.4042367466110915,-0.0993031552167443,0.832187874755565,0.545529306704796,6696.224104844208,True,body,high
-0.0100639821044657,0.0019456927996166,-0.0051674660668816,0.0007376238547859,0.0005668229581999,0.1890639470806155,0.1890639470806155,0.1890639470806155,False,0.4387662988062609,0.0001108174358608,0.0001617597666753,0.0001295082452943,1.4596959893434818,0.1993791289631146,0.1155467136092393,0.6850741574276461,-0.7701878715142516,0.3284243523807525,-0.5467614537763525,5303.087278352883,True,body,high
-0.0085255089280767,0.0018794360536449,-0.0049083755946999,0.0008417131614653,0.0006357752417071,0.2658581832877527,0.2658582169160724,0.2658581832877527,False,0.4135430587194648,0.0001491996104264,0.0001411628613744,5.60954709275906e-05,2.659744324439732,0.0538657509158036,0.5701582611626328,0.3759759879215636,0.0067774328811932,-0.788795568602754,-0.6146182696244873,4456.076029869715,True,body,high
-0.0081541641941441,0.0019443013729242,-0.0062562444501438,0.0017560213172585,0.0008289010054772,0.2131678523148248,0.2131678859431445,0.2131678859431445,False,0.6802126137716159,0.0001135450823458,0.0001171976641692,4.442945665405465e-05,2.6378369891357574,0.0311659950671426,0.5897355223053796,0.3790984826274777,-0.296125686896641,0.8668449709283437,0.4011101768046176,4240.065707025982,True,wing_L,high
-0.0099233724327638,0.0018559543973494,-0.0048566617979468,0.0005789190807255,0.000282035260195,0.1523755847866409,0.1523755847866409,0.1523755847866409,False,0.5913848978199239,0.0001360148897062,0.0001322187042387,0.0003095761281982,2.3413943585413564,0.5606415439787183,0.012262526473138,0.4270959295481436,-0.0756404492404231,0.906800266373786,0.4147189401789334,9375.615245378856,True,body,high
-0.0087918888231364,0.0018837982561974,-0.0041432417335226,0.0010203487886699,0.0010178831187257,0.2083264840106545,0.2083264840106545,0.2083264840106545,False,0.1086605086151461,8.940884959773196e-05,0.0001232735917724,0.0001306421112595,1.4611765149353997,0.0564023301227476,0.2592176584422812,0.6843800114349712,-0.9333392789510616,0.0323047512288223,-0.3575390795635579,5023.387160125056,True,body,high
-0.0081796051355924,0.0019649407599062,-0.0062952940698417,0.0017689808376927,0.0008651718255923,0.2134645549796556,0.2134645549796556,0.2134645549796556,False,0.365103787839659,0.0001085799685705,0.0001145871515593,3.8683529614270525e-05,2.962168982560504,0.0524245773372449,0.6099849590911602,0.3375904635715949,-0.2969921445724123,0.8759745510019329,0.3800845327808556,4032.781693341926,True,wing_L,high
-0.0085920634756073,0.0020182302259277,-0.0061306276600346,0.0013929044634615,0.0008204714387205,0.2615597946478337,0.2615598282761535,0.2615598282761535,False,0.217059722847394,8.483906717903948e-05,3.114647156491735e-05,7.74774805424114e-05,2.723874099260739,0.0867711878667007,0.5461046486958626,0.3671241634374366,0.1575244429689727,-0.8599170986873417,-0.4855189319197144,32110.270466862254,True,wing_L,high
-0.0094647185078603,0.001959139064665,-0.0047911890543518,0.0002651609602894,0.0001118006107876,0.2389229080469591,0.2389229416752788,0.2389229080469591,False,0.4025943293842998,9.114089808024804e-05,0.0001476732530406,6.966190334238304e-05,2.1198567072577545,0.3828205433035749,0.1454494588261447,0.4717299978702803,-0.8039791107565738,0.562640092573131,0.1924934172806123,12652.394691616397,True,body,high
-0.0085451068939606,0.0018726040350751,-0.0046096890914613,0.0009008985056621,0.0008193864609188,0.2508466695093164,0.2508466358809967,0.2508466358809967,False,0.3630340382494479,9.63229757395661e-05,3.869090861569679e-05,9.151506691876512e-05,2.48955062534996,0.0499144548212503,0.5484066277799808,0.4016789173987689,-0.0758805223249364,0.809404464971601,0.5823285656875603,7689.4312131772285,True,body,high
-0.0085206716439882,0.0019474560661328,-0.005427253423826,0.0009578523631321,0.0005009643513908,0.4075017588407297,0.4075018176902892,0.4075017588407297,False,0.2028909890709773,8.229050435451015e-05,3.374510461008908e-05,8.883455335877717e-05,2.632516757177795,0.0736655812050688,0.5464697902893729,0.3798646285055582,0.1224231002610615,-0.9155280576342072,-0.3831722330845564,8952.834039462416,True,body,high
-0.0106669480506784,0.001881157223299,-0.0051214771683105,0.0013145960477366,0.0009385022482442,0.2414221311397347,0.2414221311397347,0.2414220638830953,False,0.2001402072817873,4.574791225240402e-05,8.673227416926307e-05,3.637406964184685e-05,2.384453403846822,0.472538767251458,0.1080779064119035,0.4193833263366384,0.2952620631896884,0.3321054852421042,0.895838300539263,4097.615595836528,True,body,high
-0.0087076655436377,0.000820860860511,-0.0057617370125813,0.0014187011620936,0.0005923946074741,0.3909562892585695,0.3909562892585695,0.3909562892585695,False,0.1790680494079027,7.036290555240322e-05,7.420967947620857e-05,3.037179639821665e-05,2.4433747185453263,0.0518365521985392,0.5388934359567961,0.4092700118446647,-0.6311578048119446,0.7747317634808105,0.0378222167367361,5012.435115370716,True,wing_R,high
-0.0084359286857464,0.0019161196271907,-0.0055716845397164,0.0010989280282905,0.0005145182547537,0.3625189714894599,0.3625189126399004,0.3625189126399004,False,0.580843941194884,2.708213246557768e-05,7.133422572962803e-05,7.295333629115606e-05,2.693781089206408,0.022193783640904,0.6065808023836042,0.3712254139754918,-0.0420421794774599,0.971072589359418,0.2350542093636706,9994.782183778265,True,wing_L,high
-0.0099315386920733,0.0020292610842678,-0.0050942253972749,0.0006191814943658,0.0004296428009321,0.2928752089737694,0.2928751753454497,0.2928751753454497,False,0.7362757647372502,0.000141455903693,5.574966787222196e-05,7.375460201572536e-05,2.537340742858205,0.478603578286891,0.12728301663944,0.3941134050736689,-0.3939765374522472,0.8595671238152066,0.3254640496171447,14206.223997994854,True,body,high
-0.009406041666996,0.0021984147288767,-0.0049530101455191,0.0003886540795461,0.0003344480055317,0.4010013962330612,0.4010013962330612,0.4010013962330612,False,0.0868585682076688,5.7582305096209214e-05,2.2953443405666884e-05,5.069374454826471e-05,2.5086565043218285,0.1196298157295894,0.4817504456664072,0.3986197386040033,0.3325843999210588,-0.8879458120393597,-0.3177103268874192,7544.072536994953,True,body,high
-0.0100482699939123,0.0017693913380442,-0.0050685130021062,0.0006935343040439,0.0005291343345076,0.1288375769165677,0.1288375769165677,0.1288375769165677,False,0.2173590770454872,0.0001433561827298,0.000114406601417,0.0003026763070678,2.6456192502787776,0.5263713102665798,0.0956453499559269,0.3779833397774932,-0.1878415671643373,0.8608433913729887,0.4729314973383536,5981.047439569459,True,body,high
-0.0094793740373401,0.0018762435405689,-0.004707434253652,0.000310196922941,0.0001591580548292,0.2007310572069207,0.2007310572069207,0.2007310572069207,False,0.1013663165459441,8.506015497599024e-05,0.0001071720949017,0.0001582295257271,1.860207352924062,0.3226795415757869,0.1397459786609227,0.5375744797632903,-0.6201370643699322,0.4669265926681642,-0.6304042976169669,24796.75313194184,True,body,high
-0.0106154387361718,0.0020535765593203,-0.0050652599467427,0.0012795560580907,0.0008243052949456,0.1359061152070328,0.1359061152070328,0.1359061152070328,False,0.621229376490315,0.0001556149291045,0.0001445281525895,5.548076167032746e-05,2.8048448582817285,0.0712449414643447,0.5722291005856642,0.356525957949991,0.0763743050825597,-0.6289517493012645,-0.7736838259741738,5239.28955720614,True,body,high
-0.0092864386789148,0.0024354971108666,-0.0046298500995125,0.0007208868501199,0.0006140288454441,0.3691642048984534,0.3691642048984534,0.3691642048984534,False,0.0224399966180052,7.871491221619876e-05,0.000103735122203,4.0677706232247024e-05,2.55017137915202,0.2411932376949619,0.3666762536752538,0.3921305086297842,-0.3912254713512944,0.7679372896812104,0.5071636320587608,2680.0248277364367,False,body,high
-0.0091722160365934,0.0021004378609907,-0.0055494374433972,0.0006585915457275,0.0005625291908614,0.2556877856010889,0.2556877856010889,0.2556877856010889,False,0.7553195971787832,5.089302788379902e-05,0.0001212257996295,5.4698229702452734e-05,2.381972632996904,0.5487905225653297,0.0313893728091022,0.419820104625568,-0.4185437431332968,0.7542074431784683,0.505956784457098,4998.6168706295775,True,body,high
-0.0086916453559756,0.0019587067927114,-0.005373661100663,0.0007862742584204,0.0004340494577471,0.2867273804487358,0.2867273131920964,0.2867273804487358,False,0.3806575421164279,9.8755761886609e-05,3.8619870450922174e-05,0.000101631830432,2.631594286708881,0.028298895466582,0.5917033195212693,0.3799977850121486,-0.2589188944785201,0.7436748022170695,0.6163674185333157,5737.74333542717,True,body,high
-0.0092154488027781,0.0018377238895305,-0.0045176951267327,0.0004921843623043,0.0004652029531519,0.1411184038776414,0.1411184038776414,0.1411184038776414,False,0.3535364627571123,0.0001483861001853,0.0001088036075342,0.0003001164354455,2.758331660566167,0.5055715627001253,0.1318904530914265,0.3625379842084482,-0.0271543926056011,0.8461645542518106,0.532229448724942,6350.383905065904,True,body,high
-0.0094075287493843,0.0019640005206256,-0.0044776459610532,0.0005333117294611,0.0003809429859473,0.1603501036385031,0.1603501036385031,0.1603501036385031,False,0.0071573786487932,0.0001466804989656,0.0001096686257634,0.0002667992875294,2.4327767916485272,0.4502215492254525,0.1387255323839671,0.4110529183905804,-0.0795333695402487,0.8276282522408158,0.5556131020974819,6125.993312800764,True,body,high
-0.0096036701301759,0.002137923388867,-0.0049217864681895,0.0004101064891331,0.0002307585112784,0.1364879860230328,0.1364879860230328,0.1364879523947131,False,0.3076520525105559,0.0001315860978246,9.49364016484778e-05,0.0002351610727413,2.4770379818281327,0.4404426876835137,0.1558493323274317,0.4037079799890545,-0.3538729396156911,0.6798456476190737,0.6423268934282229,6685.898130109412,True,body,high
-0.0097766652613491,0.0016768182080127,-0.0049373251122851,0.0004405773451436,0.0003366050370837,0.1957450534996633,0.1957450534996633,0.1957450534996633,False,0.0509858151681962,9.882227594445467e-05,0.0001122158208435,0.000155371881734,1.572235411997379,0.2777597877351581,0.0862031453159471,0.6360370669488947,-0.776998293740017,0.2955839907566484,-0.5557911081813707,6225.324941795909,True,body,high
-0.0097510233058526,0.0020778602605477,-0.0048190845708725,0.0005001162293189,0.0001317612324159,0.1003052591442679,0.1003053264009073,0.1003053264009073,False,0.8164796781096803,0.0001693384153659,0.0001129205398208,0.0002963092520694,2.624050970172761,0.4285078370542924,0.190402004497237,0.3810901584484704,-0.1762512682915102,0.8254836876139815,0.536201614981582,10352.535422119296,True,body,high
-0.0100358822716244,0.0018263649139268,-0.0049180856248144,0.0006785840202346,0.0004057644530359,0.1038158539524223,0.1038158539524223,0.1038158539524223,False,0.6720029324072294,0.0001802202700714,0.0001369393752611,0.000323829139885,2.3647627957088533,0.4434711152449337,0.1336534903118602,0.422875394443206,-0.2205658424352414,0.8362746770583394,0.5019914079561547,6738.322097745517,True,body,high
-0.0087412857740971,0.001859409126905,-0.004682080239002,0.0006922423055143,0.0006357525413155,0.3563802898673883,0.3563803571240277,0.356380323495708,False,0.1575738717402229,9.866581308850763e-05,4.24301541232e-05,8.92374570335963e-05,2.325370131864759,0.0955584894076095,0.4744024444252849,0.4300390661671055,-0.4077770455043919,0.8348758591144905,0.3697298757573568,8870.471011302952,True,body,high
-0.0097355856554285,0.0018919568755105,-0.0048678395697688,0.0004008849831635,0.0001452439120763,0.1188883358744988,0.1188883358744988,0.1188883358744988,False,0.1518314103837861,0.0001618534333275,8.519979533055914e-05,0.0002070938630013,2.430684982256765,0.2184537437185451,0.3701395921930662,0.4114066640883886,-0.0680819001762963,0.9457530160221836,0.3176729254332639,26750.05170218929,True,body,high
-0.0087449966100817,0.0008214629114422,-0.0059557047670099,0.0015173000384242,0.000655422196164,0.4145216369525696,0.4145216369525696,0.4145216369525696,False,0.1500277754357615,5.505672482575171e-05,6.041691157837816e-05,2.3763396244950577e-05,2.5424358940787344,0.088719972812128,0.5179564423812802,0.3933235848065917,-0.6422099352513363,0.7663353576754254,0.0172197166339133,5310.014679852305,True,wing_R,high
-0.0089789281838504,0.000991871635283,-0.0057106523238031,0.0011597229999275,0.000596124546098,0.3894532631019018,0.3894532631019018,0.3894532631019018,False,0.1526262840275078,7.211564506139693e-05,7.133470193855026e-05,2.944760312537712e-05,2.448947873765987,0.0108290388608712,0.5808323391895311,0.4083386219495974,-0.6325091636802027,0.7728430393666073,0.0514372857288943,5966.974796331013,True,wing_R,high
-0.0084506022180073,0.0005504351336297,-0.0060897994227667,0.0019080498391491,0.0007280347601371,0.3825547411888275,0.3825546571180281,0.3825547411888275,False,0.0874708879659844,7.055023847538836e-05,3.008754199791016e-05,5.466078855748914e-05,2.344832239213449,0.225221774742013,0.348308483296643,0.4264697419613439,0.6941146378392681,-0.7196095332060624,-0.0191569636481042,6891.25600462699,True,wing_R,high
-0.0092727205087838,0.0019890256905233,-0.0049216902313867,0.0002067653683723,0.0002034125815741,0.2708285161980237,0.2708285498263434,0.2708285498263434,False,0.1530526030474137,7.268673110745317e-05,0.0001214669123858,5.190685089640532e-05,2.3400940393839167,0.4015923375367695,0.1710744086837059,0.4273332537795245,0.0888321909088087,-0.8969970857173698,-0.4330185562685344,8501.021543815235,True,body,high
-0.0081385246836321,0.0019503900301895,-0.0058176936188374,0.0014840961390438,0.0006882797603998,0.2647627912155702,0.2647627912155702,0.2647627912155702,False,0.2182408872212521,6.154962582636055e-05,2.70515441248506e-05,6.465224632659766e-05,2.3899650987836067,0.0479893689163389,0.5335944791034675,0.4184161519801935,0.1488599134669458,-0.8629830963530991,-0.4828052418640778,4407.44719001932,True,wing_L,high
-0.0097847575768047,0.0018663752929672,-0.0049269938721821,0.0004312768197002,0.000225308985837,0.1603542735501476,0.1603542735501476,0.1603542735501476,False,0.4893496828093645,0.0001218843039085,0.0001263166863844,0.0002907524711477,2.3854791948094376,0.5655524925177149,0.0152445221131821,0.4192029853691029,-0.6799635577097787,0.310008575760561,-0.6644879556030865,13544.727550534886,True,body,high
-0.0096237328256912,0.0023116646832185,-0.0047900118859453,0.0005964302785699,0.0003363168115861,0.1670569357221316,0.1670569693504513,0.1670569357221316,False,0.0793287391739877,7.908934024366004e-05,0.0001480936711158,8.639924552420115e-05,1.872485857886416,0.4165905614114297,0.0493600113054406,0.5340494272831297,-0.7983945027586814,0.3304251128449484,-0.5033740783613334,5035.47019278276,True,body,high
-0.009394988635268,0.002033707528487,-0.0049997020041309,0.0002227650882983,0.0001982457527943,0.1673962790963589,0.1673963127246786,0.1673963127246786,False,0.3288873339565167,0.0001574464907969,8.161375848827743e-05,0.0002071133176747,2.537725519705188,0.2398050856187358,0.3661412658542274,0.3940536485270368,-0.3673702869549668,0.6510921135016098,0.6641672470083362,7719.824816639737,True,body,high
-0.0085850815071699,0.002011046525276,-0.0061233339948359,0.0013897694382417,0.000809769926234,0.232268821982801,0.2322688724252806,0.2322688724252806,False,0.1171208171815996,9.437383968290512e-05,9.7352688084698e-05,3.946026486780676e-05,2.467106807590695,0.0305985223458979,0.5640683980633684,0.4053330795907336,-0.1330923737293446,0.8132184493777501,0.566535236015145,28212.741598054185,True,wing_L,high
-0.009992189971873,0.0017881317428673,-0.0051043533339757,0.0006425224730596,0.0005075501762575,0.2013520041304276,0.2013519705021078,0.2013520041304276,False,0.5536413832699808,0.000113822576411,8.995571193905923e-05,0.0002198615504598,2.444108836677114,0.4822988550160453,0.1085540624180453,0.4091470825659093,-0.0216072426096992,0.906581807271866,0.421476634928299,6818.778428780478,True,body,high
-0.0093806929557128,0.0020846184984554,-0.0046979177106662,0.0003967397704483,0.0002838723614289,0.1870769841820332,0.1870769841820332,0.1870769841820332,False,0.0465880933569855,0.0001118244468821,0.0001013481438336,0.0002631401980739,2.596398790547138,0.5750385243278462,0.0398126288768315,0.3851488467953223,-0.1176101135334239,0.8284250867316816,0.5476127617835992,7421.185433399532,True,body,high
-0.0097532803479637,0.0020444800377,-0.004863332845042,0.0004716442704329,0.0001504203995767,0.2212700915249583,0.2212700915249583,0.2212700578966386,False,0.6090006166088606,0.0001663418414453,0.000100092298316,9.419787021138194e-05,1.7658768831192675,0.3982734743923509,0.035435630948228,0.5662908946594211,-0.0487225413702759,-0.7011649856962251,-0.7113323954355191,13605.835935168734,True,body,high
-0.0096454795977339,0.0019751071795717,-0.0047991346152343,0.000377279298405,2.787974160726836e-05,0.1891957028372524,0.1891957028372524,0.1891957028372524,False,0.1429822387882151,0.0001086638764159,9.925755647649135e-05,0.0002585465967451,2.6048051747718923,0.5797126019685259,0.0363815268034764,0.3839058712279976,-0.1477318149487122,0.8156056787870947,0.559430681659669,22053.2736104999,True,body,high
-0.0090953784137857,0.002048887625769,-0.0042325326252802,0.000833896339214,0.0007744321577047,0.1754366421982198,0.1754366421982198,0.1754366421982198,False,0.0183938238790269,6.309028693561202e-05,7.447711167541598e-05,0.0001049787409623,1.6639445794483076,0.2905505343969904,0.1084679110781846,0.6009815545248249,-0.7716839765196788,0.1828663119528611,-0.609150024489481,4088.196820405301,False,body,high
-0.0097281066464806,0.0019969856622663,-0.0048101176873095,0.0004468854837341,7.936959396008591e-05,0.1742681253448207,0.174268091716501,0.174268091716501,False,0.1031891264188469,0.0001088345333639,8.618256706037374e-05,0.0002104850520708,2.4423158795379174,0.4829346203297884,0.1076179333434905,0.409447446326721,-0.2231385482241037,0.8820247681860879,0.4150198749490406,25968.40096172312,True,body,high
-0.0093754774181587,0.002096273056476,-0.004754627454543,0.0003661508866214,0.0002708921213352,0.1952495402086873,0.1952495402086873,0.1952495065803675,False,0.0102178997963986,8.890523730424151e-05,8.121545060380476e-05,0.0001983026221647,2.441685919249276,0.5516688769230762,0.0387780384166898,0.409553084660234,-0.1811631361971987,0.8232164945498118,0.5380469507248553,6768.9661873367,True,body,high
-0.0094499323287626,0.0019478442395168,-0.0049024930392031,0.0001817824744425,7.917518128519553e-05,0.15911049651723,0.15911049651723,0.15911049651723,False,0.3939135304414556,0.0001715226966105,9.641161619138406e-05,0.0002444102710249,2.535070779643293,0.2982181317861626,0.3073155645389914,0.394466303674846,-0.2179807328376621,0.6445966080398626,0.7327889280106923,9349.11200832473,True,body,high
-0.0101392955857667,0.0021389434838475,-0.0048797474683904,0.0008503128102525,0.0003809726128295,0.0965466891065474,0.0965466891065474,0.0965466891065474,False,0.4847041576031387,0.000199569760005,0.0001166983437401,0.000312954794787,2.681741529117299,0.3623048333838246,0.2648031525490508,0.3728920140671246,-0.3094270129023293,0.8014953003403648,0.5117227835641581,5059.773734765837,True,body,high
-0.0094057958530698,0.0021237217333083,-0.0049264463283111,0.0003188971327228,0.0002603096528126,0.3829217858914186,0.3829218195197383,0.3829217858914186,False,0.2189055455289938,8.994215838478306e-05,5.486896854925799e-05,3.405865181246838e-05,2.6408020751971324,0.3899527259005489,0.2313744423139218,0.3786728317855292,-0.2793759842825561,0.8054588148277171,0.5226711748532553,8418.330911158446,True,body,high
-0.0089918536427103,0.0010090327032785,-0.0059076696225203,0.0012771764885873,0.0006694747532678,0.4167152710970302,0.4167152710970302,0.4167152710970302,False,0.1652888807553455,2.2351807300070736e-05,5.110639860337081e-05,5.267365541356781e-05,2.356572544959312,0.0297540923995432,0.5459008127978412,0.4243450948026155,0.6515903367727396,-0.7368212619961031,-0.1803453933286288,7615.046611692218,True,wing_R,high
-0.0084387748651768,0.0005452783535288,-0.0060916021879873,0.0019181668378517,0.0007261131209891,0.4186332875331204,0.4186332539048006,0.4186332875331204,False,0.0963011168687671,7.689786316396514e-05,2.6599734795905027e-05,4.072692586960604e-05,2.890925934186509,0.4703763642590923,0.1837137014272863,0.3459099343136214,0.691103786671478,-0.72275161956511,-0.0023774911893002,6816.815185905838,True,wing_R,high
-0.0093290721417193,0.0018310731822468,-0.0049897030493579,3.628609103909447e-05,3.121426717568049e-05,0.6992084323533125,0.6992084323533125,0.6992084323533125,False,0.520733818467485,2.1745317471093487e-05,2.920517938892445e-05,1.909424321257391e-05,1.5295279872465593,0.2554294160802171,0.090774113153537,0.6537964707662459,0.9261585801955352,0.2805321692386634,0.2520555223605302,5652.079008471623,True,body,high
-0.009012486213636,0.0021119326838904,-0.0058461280297791,0.0009735856422276,0.0007500062626344,0.3104920095653572,0.3104920095653572,0.3104919927511974,False,0.2407863417026561,2.4702341236745307e-05,6.344010485172892e-05,3.590315384419272e-05,2.568181867610196,0.4340621925498873,0.1765572839708533,0.3893805234792593,-0.1933939572750498,0.7569604564589494,0.6241871871858276,5229.029313404058,True,wing_L,high
-0.0087387360442353,0.0019278068238078,-0.004986564572291,0.0006325530429505,0.0004745127922106,0.3407620203163642,0.3407620203163642,0.3407620203163642,False,0.2779694397875229,6.005048170977286e-05,2.402031799860481e-05,5.6318943081563125e-05,2.499986957427492,0.062140028222329,0.5378578849551826,0.4000020868224884,0.2685262304571491,-0.8358854528843356,-0.4787370606218233,7849.613959148093,True,body,high
-0.0095955850375611,0.0018767585420796,-0.0049119647276836,0.0002543141292515,8.528972795787818e-05,0.172328242093837,0.172328242093837,0.172328242093837,False,0.1374352522718352,0.0001855200461154,0.0001247292592856,0.0001248839320517,1.487381927687842,0.3268440005991541,0.0008337253535099,0.6723222740473359,-0.1493550818861727,0.6696142300963235,-0.7275368323097344,12387.995399620688,True,body,high
-0.0096961885409988,0.0019689207222853,-0.004802738452437,0.0004128778951617,5.233160202569523e-05,0.1737376722296625,0.1737376722296625,0.1737376722296625,False,0.0882940691080697,0.0001237824519177,0.0001041144172204,0.0002553797371421,2.452875826038574,0.5153004177113708,0.0770148599784041,0.407684722310225,-0.2071876615432926,0.8238010352527801,0.5276600489147057,32159.732794721287,True,body,high
-0.0097033382348981,0.0019383788188197,-0.0048239176989682,0.0003992603866248,7.79398507354127e-05,0.1588547195174903,0.1588547195174903,0.1588547195174903,False,0.128705742139903,9.745788930876382e-05,9.248429669783136e-05,0.0002422669254183,2.619546604867866,0.5977251573220183,0.0205293917126451,0.3817454509653366,-0.1409172983921313,0.8737216547549012,0.4655671648926935,43999.55573918901,True,body,high
-0.0097461005622986,0.001979264157955,-0.0048970353834087,0.0004287503715577,0.0001585485870385,0.1589511319101085,0.1589511319101085,0.1589511319101085,False,0.3502989294540726,0.0001170987908637,9.36354428031514e-05,0.0002440555359874,2.606443977635356,0.5201961291721717,0.0961393805949593,0.3836644902328689,-0.2104789996300738,0.8395187646070933,0.5009060137264307,28201.94856104255,True,body,high
-0.009705234622483,0.0019466533408758,-0.0049758013109481,0.0003691674649197,0.0001971402368411,0.1463265562649251,0.1463265562649251,0.1463265562649251,False,0.3743245622871898,0.0001055721446424,0.0001093459240855,0.0002477994589678,2.3472049356130245,0.5587321919870726,0.0152291674036327,0.4260386406092947,-0.335666480905745,0.4407751235159278,-0.8324934258514425,18116.81934113342,True,body,high
-0.0096176136452979,0.0019122444429336,-0.0049085122228254,0.000285919633433,9.032199775318876e-05,0.1817091981610702,0.1817091981610702,0.1817091981610702,False,0.7308650307606206,0.0001152786699102,0.0001059922156905,0.0002614706761914,2.466885652762164,0.5591143466280015,0.035516235912254,0.4053694174597445,-0.2231980063477884,0.8292120711363018,0.5124353530390124,14876.673860308314,True,body,high
-0.0095362095572709,0.0014595311894055,-0.0050921894062015,0.0004090308088048,0.0004042887057971,0.0948136872784402,0.0948136872784402,0.0948136872784402,False,0.515412735977362,9.357590016554108e-05,3.936062780041014e-05,9.753887636794637e-05,2.4780823329990183,0.040629709403825,0.5558324473681081,0.4035378432280668,-0.5969941601931382,0.7988937880223899,-0.0732576832456928,3517.8532080487,True,body,high
-0.0096142897437368,0.0020855208060074,-0.0047446748928239,0.0004436326883958,0.000127163258903,0.1545905476928797,0.1545905476928797,0.1545906149495192,False,0.0074988109564167,7.041016213462949e-05,9.343834722489593e-05,0.0001136485416544,1.6140928838819024,0.1778306534810205,0.2026263140294275,0.6195430324895519,-0.6253139139366113,0.3168218018317764,-0.7131664987373865,8394.781560029343,True,body,high
-0.0097169813906303,0.0019705328049752,-0.0049189819128892,0.0003949096226752,0.000159415148317,0.1798003874775016,0.1798003874775016,0.1798003874775016,False,0.4405716322368889,0.0001041548366012,9.30742875378725e-05,0.0002411775846524,2.5912375053565744,0.5681404772697719,0.0459435277923605,0.3859159949378674,-0.1838810053370364,0.7816987664168688,0.5959318874322689,35893.51642250179,True,body,high
-0.0097040678481822,0.0019670577086163,-0.0048023599963371,0.0004187825831392,5.68940547810796e-05,0.168384850810972,0.168384850810972,0.168384850810972,False,0.1469460707873947,0.0001156781065715,9.416890317230354e-05,0.0002357984047904,2.503994385056965,0.5094194692521661,0.0912186128586888,0.399361917889145,-0.1866647421907502,0.8154538122593141,0.5478972112491649,35612.415404691106,True,body,high
-0.0086299483849605,0.0020440823241284,-0.0042266584355181,0.0010797613274969,0.0010792019778396,0.4515921472682267,0.4515921472682267,0.4515921472682267,False,0.0580829618222612,6.698157081942526e-05,9.606537582865712e-05,3.968250462175642e-05,2.420849609779624,0.3027501298814044,0.2841717524361705,0.413078117682425,-0.3982875078415843,0.8844998928108289,0.2429547297645637,3955.65495385003,True,body,high
-0.0095481375326028,0.0018866512939288,-0.0047491146530672,0.0003115319953228,9.023392461478384e-05,0.1188458296783812,0.1188457960500614,0.1188457960500614,False,0.9925935548047502,0.0001131876018204,3.780858619726965e-05,0.000112796119449,2.993700987120642,0.0034587036484329,0.6625066000668839,0.3340346962846832,0.4264269064879496,-0.8181942011115311,-0.3856401725580215,23840.69544423997,True,body,high
-0.0092395965392399,0.0019571729397914,-0.0048078473224973,0.0002597044039651,0.0002518466690023,0.3466424364430374,0.3466424364430374,0.3466424364430374,False,0.4538708688423074,9.804795167100554e-05,5.150025632824599e-05,7.004795861610468e-05,1.9038342459128668,0.2855744824619415,0.1891697069827066,0.5252558105553519,-0.5355842233770791,0.836557016144029,0.115420528545704,8803.453804135654,True,body,high
-0.0086842988696015,0.0008149247995337,-0.0057045200368671,0.0014036606853422,0.0005825911303102,0.4362046436541555,0.4362046436541555,0.4362046436541555,False,0.2506912113591392,2.056258323476501e-05,5.154162732156034e-05,4.750986667717094e-05,2.506573553191473,0.078223386685792,0.5228256235350497,0.3989509897791583,0.6258366444302295,-0.7620565266535781,-0.1661274952348192,4867.339965941919,True,wing_R,high
-0.0089550793116739,0.0009187663889679,-0.0059576649014491,0.0013811818120527,0.0007231091362649,0.4574436556505662,0.4574435968010067,0.4574435968010067,False,0.169657130970442,0.0001032837025704,4.123188516566423e-05,3.958902622585631e-05,2.608897273230762,0.6007900168226361,0.0159062746485735,0.3833037085287904,0.6788603679831523,-0.7328341088005363,-0.0458559675538801,6631.672062657558,True,wing_R,high
-0.0084531828511442,0.0019595466616419,-0.0054414551493131,0.0010254407111663,0.0005431653884778,0.3580642111628739,0.3580642111628739,0.3580642111628739,False,0.1236481609942093,6.891068629264578e-05,2.7871843398214845e-05,7.317910377444224e-05,2.625556649730935,0.0583283650883848,0.5608000204665491,0.380871614445066,-0.0604531261240976,0.8315539477919314,0.5521444117742005,9251.8666583251,True,wing_L,high
-0.0093149895849695,0.0020868619019731,-0.0052258324402944,0.000365409248684,0.0003599885113835,0.1820538884381319,0.1820538884381319,0.1820538884381319,False,0.2484276674506014,0.0001571878402725,6.644631026515155e-05,0.0001429290387778,2.365636852449996,0.0907118608540192,0.4865689889246185,0.4227191502213622,-0.344638313744141,0.7446907132656373,0.5715419269620657,6805.62396020292,True,body,high
-0.0083838297700886,0.0006233423569242,-0.0057384278007728,0.0017136043880512,0.0006356931918189,0.3548786676930687,0.3548786340647489,0.3548786676930687,False,0.4051463405241762,7.49178541547369e-05,2.890456835574745e-05,7.259701780535181e-05,2.591903578447317,0.0309784146325332,0.5832047639720307,0.3858168213954361,0.7251451552711161,-0.6877703487481708,-0.0337112914265933,6728.719083349838,True,wing_R,high
-0.0098216282457167,0.0018616278272766,-0.0046716798116121,0.0005604493756005,0.0001685345301077,0.3061397147289378,0.3061397147289378,0.3061397147289378,False,0.1813467432692266,0.0001230006195844,5.182004714371355e-05,6.665956870835114e-05,2.373610723343239,0.4580550168483282,0.1206459090593974,0.4212990740922743,-0.5394251740071935,0.8285418344123862,0.1501296448935625,6677.481080528421,True,body,high
-0.0091059542710966,0.0021197727525677,-0.0057083772467983,0.0008237475205861,0.0006749341011948,0.2977922409972948,0.2977922409972948,0.2977922578114547,False,0.2472205538407192,6.061503852079752e-05,2.404502504665817e-05,6.895085190651466e-05,2.8675724717574207,0.1208950020953917,0.5303779788496582,0.3487270190549499,0.1960146982111986,-0.7631758177733952,-0.6157441914066932,4759.099225207609,True,body,high
-0.0096683472855517,0.001929467028227,-0.0048227317145049,0.0003673173835944,5.68484498786385e-05,0.1838804442516817,0.1838804442516817,0.1838804442516817,False,0.1980103481706781,0.0001422104646898,0.0001049818445896,0.0002407769043689,2.293509942696449,0.4093683318065412,0.1546187338765866,0.4360129343168721,-0.1275233199922712,0.8734906334156349,0.4698424376248932,33719.74730116243,True,body,high
-0.0092689301176411,0.0017988023729538,-0.0040945774456555,0.0008975575022739,0.0007933971077317,0.1363599293815644,0.1363599293815644,0.1363599293815644,False,0.8372900307739003,0.0001134174860438,7.163322853923892e-05,4.685352105276641e-05,2.420682234663951,0.3684110710096184,0.2184822495261833,0.4131066794641982,0.2900411815583749,-0.619420064688209,-0.7295168925130362,5732.193285033024,True,body,high
-0.0085286789627188,0.0018616135157969,-0.0046047305525924,0.000917220258971,0.0008310776797071,0.3264127658522027,0.3264127490380428,0.3264127658522027,False,0.1767805748382529,9.985503906376038e-05,0.0001073967772667,4.231111286708752e-05,2.538264063252804,0.0702231332721311,0.5358068245729589,0.3939700421549099,-0.0773265644639015,0.8155245235209604,0.5735332195820226,7447.642011370132,True,body,high
-0.0097189832164737,0.0019828494816666,-0.0047892970036713,0.0004426340787061,5.524930278812639e-05,0.1783432387560029,0.1783432051276832,0.1783432051276832,False,0.0612916159092446,0.000122788660793,9.225420526068174e-05,0.0002433478418182,2.6377967392446418,0.4954191503175403,0.1254765824270685,0.3791042672553911,-0.1709415618510812,0.8553059540091108,0.4891121624622289,27806.34527496172,True,body,high
-0.0097751423548039,0.0021150863529564,-0.0050006336284375,0.000512290309263,0.000301685281438,0.1310499504421886,0.1310499504421886,0.1310499504421886,False,0.8258068050848772,0.0002125539842621,0.000148723352205,0.0001114646764435,1.906917877877832,0.300303154883943,0.1752904133546229,0.5244064317614341,0.0331513172465731,-0.6958402026456796,-0.717431113450508,8557.893344287288,True,body,high
-0.0094569865617778,0.0019985725525503,-0.0048536885389549,0.0002473249019728,0.0001221342351199,0.2224032986426584,0.2224032986426584,0.2224032986426584,False,0.1413176486634588,5.029487770005367e-05,8.332597291094792e-05,0.0001164616985281,2.315577725880808,0.284520370524978,0.2836219600808252,0.4318576693941967,-0.760557228713513,0.4054327503692438,-0.5071262039962557,9956.802664472803,True,body,high
-0.0092862078407741,0.0019487780182854,-0.0047485362237337,0.0002842066661872,0.0002539432396558,0.3174621177640214,0.3174621177640214,0.3174621177640214,False,0.6536094548727225,0.0001039281647012,0.000141992347769,5.6529933954550254e-05,2.5118081313019367,0.2680720733604945,0.3338083459525549,0.3981195806869506,0.3540712832576135,-0.7410990146839396,-0.5704434913352949,8982.662762538706,True,body,high
-0.0085958971419597,0.0020101512499925,-0.0061233007279878,0.0013836058982303,0.0008099278863526,0.2421876966521688,0.2421877470946484,0.2421877134663286,False,0.1126673460544421,9.993558781076108e-05,9.260785902403223e-05,4.040782834953974e-05,2.473173934176529,0.0733245177944486,0.5223367552842032,0.4043387269213482,-0.1276031247582415,0.8087914890187168,0.5740851590511808,29839.44895674773,True,wing_L,high
-0.0096618122951199,0.002029807085897,-0.0048761650256494,0.0003866212895344,0.0001231687048772,0.1738353624984297,0.1738353624984297,0.1738353624984297,False,0.8121542666900748,0.0001442599035681,8.977530838665637e-05,0.0002468656321545,2.749816587555221,0.4156339126302245,0.2207054692304872,0.3636606181392883,-0.1570180199336025,0.8462813605990372,0.5090709185553355,11714.40845896345,True,body,high
-0.0085873165377758,0.0020095057304277,-0.0060988529567844,0.0013683444111423,0.0007933690176088,0.2465073552043064,0.2465073552043064,0.2465073552043064,False,0.1337676003452012,0.0001012727824315,0.000109295776716,4.1763373146677226e-05,2.6170246433925737,0.0734062607500727,0.544480409700362,0.3821133295495652,-0.1482407612091312,0.8190146312578657,0.5542920804969882,22353.566530879405,True,wing_L,high
-0.0096345797481891,0.0018646309504599,-0.0048414843644452,0.0003141681307889,8.333567793241023e-05,0.1836671398197399,0.1836671398197399,0.1836671398197399,False,0.8507362254148334,0.0001262718813602,8.910887331397955e-05,0.00021810262529,2.447597160403094,0.4210437348367516,0.1703923003990016,0.4085639647642467,-0.2117631509737857,0.8280994811801292,0.5190449086147118,16954.240227180817,True,body,high
-0.0086333971441523,0.001874158536653,-0.0045263309532401,0.0008633857401782,0.0008225937007754,0.232644450313999,0.232644450313999,0.232644450313999,False,0.2205641114909333,8.153915081600727e-05,3.322339270066973e-05,7.626132000718001e-05,2.454269241875577,0.0647275665249036,0.5278191749093042,0.4074532585657921,-0.1529227089124529,0.8427186812128121,0.5161781373070888,7024.648941694606,True,body,high
-0.0095463762395059,0.0020128358915178,-0.0046872018738501,0.0004049693364929,0.000143001964729,0.1927684091519173,0.1927683418952779,0.1927684091519173,False,0.0048414427381256,0.000108878913789,0.0001005421856296,0.00024442297464,2.4310489483525366,0.5545471371935752,0.0341077927379361,0.4113450700684887,-0.1553292648064257,0.8130908023022865,0.5610313419998203,11373.890223827551,True,body,high
-0.0097876657874143,0.0019660703509593,-0.00496039456057,0.0004538304560857,0.0002334669641945,0.1384119630787921,0.1384119630787921,0.1384119630787921,False,0.630012831662872,0.0001229990360104,9.02924598311309e-05,0.0002065213131387,2.287248719605252,0.4044244918787552,0.1583690113251347,0.4372064967961099,0.2191058222382711,-0.7448789759952996,-0.6301967548166878,22622.36691528255,True,body,high
-0.0096489644075383,0.0019432629482009,-0.0047911255168735,0.0003716992591529,1.9102988719456745e-05,0.1593500982951876,0.1593500646668678,0.1593500646668678,False,0.1156495784650077,0.0001099177234448,0.0001055964116587,0.0002695928005505,2.553048880314207,0.5922824228970547,0.0160290325902649,0.3916885445126803,-0.1564134186833904,0.8755592164327882,0.4570895984108327,36192.92521519324,True,body,high
-0.00969224828044,0.001920360998888,-0.0048908670200572,0.0003610893853394,0.0001229792782344,0.1413785525589437,0.1413785525589437,0.1413785861872635,False,0.170732663691135,0.0001033530198773,9.964808273165794e-05,0.0002444617888571,2.4532513035446204,0.5772221893631756,0.0151554857021004,0.4076223249347238,-0.1730064640361905,0.8359895477860411,0.5207592912221393,27503.669159899426,True,body,high
-0.0100251307399141,0.0019878832376016,-0.0048913039563002,0.0006932632812359,0.0003259052394894,0.1461807102423283,0.1461807102423283,0.1461807102423283,False,0.8767400903591925,0.0001091325142142,6.583076942555028e-05,0.0001630891889571,2.477400619502438,0.3308415173806504,0.2655095967153651,0.4036488859039844,-0.0131413292864788,0.7913944775620689,0.6111645329605149,12290.214763191743,True,body,high
-0.0087979088253597,0.0019673698852877,-0.0053443022778665,0.0006841287318893,0.0003968965878554,0.3441282487479893,0.344128282376309,0.3441283160046287,False,0.2997214863693674,0.000100803810696,0.0001040171572564,4.032633012936068e-05,2.5793856500886845,0.0308924666383373,0.581418317534003,0.3876892158276596,-0.2345698916299488,0.7753676897330866,0.5863291837003254,5747.213941158492,True,body,high
-0.0096338034911924,0.0023549575539396,-0.004792983074929,0.0006363432165542,0.000374070346147,0.1647769020172474,0.1647768683889277,0.1647769020172474,False,0.0826570196775582,7.397861595132592e-05,7.549039407850051e-05,0.0001063024347367,1.4369346245498322,0.2898526335219165,0.0142214816708443,0.6959258848072392,-0.9995293426161458,-0.0223106604983701,-0.0210553479539551,4685.798857590664,True,body,high
-0.0093362859204929,0.0011888353202991,-0.0047875586805122,0.000656668386896,0.0006405746200379,0.1937523065300902,0.1937523401584099,0.1937523065300902,False,0.2627588564274319,8.507345964477006e-05,3.377936346584594e-05,8.459604213397509e-05,2.518503930092916,0.0056118266823573,0.5973270498263219,0.3970611234913208,0.7429071989107037,-0.6141021850596697,-0.2663970722654265,3150.0796105999816,False,wing_R,high
-0.0089845979099777,0.0019821590634408,-0.0050487371234701,0.0004168046984176,0.0003337932493707,0.2161256311752116,0.2161256311752116,0.2161256311752116,False,0.487010894080538,1.885646086488808e-05,4.185843268419656e-05,1.7486756273484153e-05,2.393721970475915,0.5495182295249377,0.0327223095460296,0.4177594609290326,-0.8810214607055815,0.4527430412913837,-0.1372039516137642,7351.220279475546,True,body,high
-0.0095635544901112,0.0018762690682863,-0.0048185376117104,0.000270943767839,4.430798079931497e-05,0.1752406563509305,0.1752406563509305,0.1752406563509305,False,0.5531566862825841,0.0001209569582538,0.000105938554708,0.0002497620288159,2.3576121979783875,0.5157111798488647,0.0601308518230602,0.4241579683280749,-0.1592175523795868,0.8451755822693283,0.5102234864742659,17140.655562820422,True,body,high
-0.0094922600973792,0.0016222077187578,-0.004476876690749,0.0005608038202276,0.0004692105857894,0.2790224934643351,0.2790224934643351,0.2790224934643351,False,0.1343365794405941,0.0001407290323679,9.755948254543784e-05,5.08771592910902e-05,2.76605522652586,0.3067565313006096,0.3317177875017698,0.3615256811976205,-0.1641467111087419,-0.7262035942667392,-0.6675958334997696,3626.3376185569177,False,body,high
-0.0097029645275627,0.0019701243669406,-0.0048065602847819,0.0004171760676449,5.944498245442808e-05,0.1740976633921938,0.1740976297638741,0.1740975961355543,False,0.0912508992563018,0.0001272590278223,8.490989195980292e-05,0.0002417241195271,2.8468310811369912,0.4735360787690728,0.1751961531410089,0.3512677680899183,-0.1545756609114118,0.8492440905551862,0.5048671505563567,35759.599202150675,True,body,high
-0.0091945766136678,0.0019881978547941,-0.0048344076997753,0.0002853521188684,0.000284067692331,0.258419010471567,0.258419010471567,0.258419010471567,False,0.1773942773783106,9.608979435081346e-05,0.000111790859035,4.1050853012830233e-05,2.723228650086393,0.1404503446859813,0.492338477520235,0.3672111777937837,0.2374925483889624,-0.7807804913366984,-0.5779092608772942,8339.435369860446,True,body,high
-0.0096652274932799,0.0020626041354056,-0.0049834647715339,0.000392999357489,0.0002251846351576,0.1209796810774714,0.1209796810774714,0.1209796810774714,False,0.6560443063049997,0.0001208876506376,0.000108627197606,0.0002698731893235,2.484397970959607,0.5520575758538613,0.0454304225710662,0.4025120015750724,-0.3007388723509017,0.7998207547275737,0.5194640420319028,9985.55038104843,True,body,high
-0.0087252492774487,0.0018566366531493,-0.0046622001647368,0.000715273631065,0.0006599411103139,0.3260580879641861,0.3260580375217066,0.3260580711500263,False,0.2067180949820453,8.805476669076451e-05,3.4615623907985144e-05,7.18332596956675e-05,2.5437867861296013,0.1842206572650924,0.4226646345948001,0.3931147081401074,-0.180467958479412,0.8505869872420295,0.493895832232669,9115.699061858077,True,body,high
-0.0097099870742235,0.001934112132903,-0.0048702019848265,0.0003872755253081,0.0001166127757718,0.1539164343959062,0.1539164343959062,0.1539164680242258,False,0.181091061690112,9.577932220632872e-05,0.0001000441049177,0.0002428096766217,2.535094956077504,0.587973155313742,0.0175643029172987,0.3944625417689592,-0.3521301473742049,0.4184975731724276,-0.8371762900124495,40707.97290514518,True,body,high
-0.0096307860723201,0.0019086244609839,-0.0047386193825381,0.0003789635969547,6.329231694736788e-05,0.1531400237503646,0.1531400237503646,0.1531400237503646,False,0.2011457918859378,0.0001094992193465,7.5998569385035e-05,0.0002089025211866,2.748769126538466,0.4758358169901195,0.1603649863638881,0.3637991966459923,-0.0258195978428606,0.8922276796608204,0.4508471093556011,44615.02454006233,True,body,high
-0.0096956250820183,0.0019564191020061,-0.0049343376929564,0.0003675855282539,0.000158582864859,0.130357307941053,0.130357307941053,0.1303573415693727,False,0.3086081678507161,0.0001161843075414,0.0001026836236052,0.0002627384830417,2.5587184578904463,0.5577948605153366,0.0513844937366912,0.3908206457479722,-0.1436499862711732,0.8419896894356083,0.5200173500263426,25602.28584969093,True,body,high
-0.0098149894871821,0.0020285758103918,-0.0049587557491705,0.0005030378793145,0.0002543086889099,0.0726214175066554,0.0726214511349751,0.0726214847632948,False,0.7723675385195286,0.0002421872284381,0.0001790427752119,9.668139260609212e-05,2.5050035162905084,0.2607257766371642,0.3400731869184507,0.399201036444385,0.0988167787957548,-0.5574751239518017,-0.8242916537266132,14893.328353622432,True,body,high
-0.0096922946753348,0.0019311558504231,-0.0048215688158191,0.000388581371031,7.14958934499383e-05,0.1390029471694343,0.1390029471694343,0.1390029471694343,False,0.1066525159662769,0.0001330057176421,9.159740479851425e-05,0.0002275715684761,2.484476159305652,0.4155433451867465,0.1819573205956634,0.40249933421759,-0.1320157217393163,0.8400000641123399,0.5262810480198887,43690.37853290695,True,body,high
-0.01010798886672,0.00228741414672,-0.0043128475977501,0.0011122633899263,0.0001113197298295,0.2802557112048628,0.280255677576543,0.2802557112048628,False,0.0138676840190763,6.206958749343937e-05,8.95697223037534e-05,4.221736041222198e-05,2.1216324618396287,0.3070248975100555,0.2216399311130329,0.4713351713769114,0.3361100095246177,-0.7674759172909813,-0.5459036342393491,3245.362916995396,False,body,high
-0.0095476966038551,0.0019418329573826,-0.0046251624319156,0.0004270435426403,0.0001799224053841,0.0966443121186752,0.0966443121186752,0.0966443121186752,False,0.9867668336906398,0.0001779520401761,8.755393851132187e-05,0.0002325559463596,2.6561448898109483,0.2347990108970776,0.3887155030001009,0.3764854861028214,-0.1750617280380199,0.8587960819046266,0.4814796787836473,14065.991879309262,True,body,high
-0.0095417315513225,0.0020655782771657,-0.0047569117281053,0.0003861187969058,0.0001474682523503,0.1862837593766349,0.1862837593766349,0.1862837593766349,False,0.0150373737781407,8.573113265397211e-05,7.605911252052623e-05,0.0001917678414022,2.521300013202959,0.5529431210827357,0.0504360901323391,0.3966207887849252,-0.1633440514470048,0.8739723957140149,0.4577018378669498,8911.404547543965,True,body,high
-0.0097239318258508,0.0019068019006802,-0.0048351148874932,0.0004043987674906,0.0001115242732408,0.1698311712135229,0.1698311712135229,0.1698311712135229,False,0.7168863761766491,9.253670227952195e-05,8.781844123526877e-05,0.0001601847907854,1.824045024396056,0.4223128061921423,0.0294551125679215,0.5482320812399362,0.1455349427126616,-0.7623749802193283,-0.6305584588166283,35723.2626725732,True,body,high
-0.0097222577855123,0.0019209215977499,-0.0048660797423227,0.0003958331719194,0.00012464811317,0.136105531142933,0.136105531142933,0.136105531142933,False,0.452229331732462,7.622816303850392e-05,6.24439906159193e-05,0.0001553739561863,2.48821311152253,0.5093890577961908,0.0887161063599038,0.4018948358439053,-0.0442954418966348,0.8010796147191543,0.5969165475245205,40495.54738515868,True,body,high
-0.0096434431667842,0.0023880285693712,-0.0051310861299323,0.0006558172738023,0.0005561977361152,0.2497052066391267,0.2497052066391267,0.2497052066391267,False,0.344732715039816,2.4366284691959013e-05,5.719312731038018e-05,4.2348332870187294e-05,2.347223962677173,0.2595555644235361,0.3144092485211008,0.426035187055363,-0.5088835475328986,0.8607372438824639,-0.0129973860430505,4232.259047895511,True,body,high
-0.0089711934506714,0.0009411814707322,-0.0059464893257023,0.0013541237043279,0.000714724073736,0.4730849563970539,0.4730849563970539,0.4730849563970539,False,0.277921387786442,9.298822766864038e-05,3.762126650593602e-05,3.608718407227952e-05,2.576765964404232,0.5954190390637639,0.016497598374744,0.3880833625614919,0.6527154352950267,-0.750075518960651,-0.1065329826088341,6960.1066239248685,True,wing_R,high
-0.0094027546464732,0.0020930868990006,-0.0052007952845247,0.0003539457463625,0.0003534549228359,0.2177946046825847,0.2177946046825847,0.2177946046825847,False,0.432787443473509,0.0001111715654489,4.9112418418076086e-05,0.000114501891173,2.331424410794947,0.0290853337882972,0.5419923321356735,0.4289223340760293,-0.3099538472426979,0.7160240020741656,0.6254904004324493,5794.741823499655,True,body,high
-0.0092011876004594,0.0019112308435434,-0.0048165780592314,0.0002532466244368,0.0002529293211973,0.3170755266005968,0.3170755266005968,0.3170754929722771,False,0.8233605277672142,7.039404837159565e-05,8.680252708284028e-05,3.28835856907089e-05,2.6396916656009908,0.1890322697124375,0.432135606433307,0.3788321238542553,-0.1629488552197743,0.556553802664262,0.8146751102878464,7447.488478050121,True,body,high
-0.0105339540194176,0.0023981067479977,-0.0052420866701399,0.0013349729808305,0.0009370596329824,0.2170260294355362,0.2170260294355362,0.2170260294355362,False,0.1305282659540695,9.327088203112252e-05,4.068759972252155e-05,6.845832662863869e-05,2.2923662901524,0.2660268120355548,0.2977427285061015,0.4362304594583436,-0.3166550397612496,0.7978095469600306,0.5130589757262145,4428.103483772757,True,body,high
-0.009702669944844,0.0019850162534338,-0.0048318246842651,0.0004125721263088,8.187708241502812e-05,0.1810693184935647,0.1810693184935647,0.1810693184935647,False,0.0873203027119636,0.0001374761930181,9.031967456522616e-05,0.0002471318107893,2.736190226315813,0.4437130833986114,0.1908152507857899,0.3654716658155986,-0.1435332492629807,0.8387109951369258,0.5253209238098541,27195.709778762463,True,body,high
-0.0105150622319622,0.0019557931907522,-0.0050053914367909,0.0011629420683872,0.0007361859261037,0.1845567770177564,0.1845567433894366,0.1845567770177564,False,0.2647292439454197,0.0001424627425491,0.0001361751158238,5.4186610459442144e-05,2.6291133795089303,0.0441352357311681,0.5755084023888503,0.3803563618799815,-0.074192995822523,-0.6180607460872195,-0.7826214369137796,4751.432402508807,True,body,high
-0.0096530220384094,0.0019497536480664,-0.0048754834950825,0.0003409658585335,8.568505060007643e-05,0.1560859654422122,0.1560859654422122,0.1560859654422122,False,0.6251665080806131,0.0001415392307434,0.0001065437341512,0.0002601165657793,2.4414065064597192,0.455862296507907,0.1345377465188895,0.4095999569732034,-0.1474617575275519,0.8054680773023422,0.5740001798900012,22702.22004102312,True,body,high
-0.0089900244626084,0.0019388451087365,-0.0048711353198202,0.0004082692076054,0.0003739844007609,0.2792930164822691,0.2792929828539494,0.2792930164822691,False,0.5584549582642446,4.019877419977675e-05,9.101747021153444e-05,3.491840632466275e-05,2.6065757229948123,0.5583400186101586,0.0580148828883273,0.383645098501514,0.3555767818927381,0.305717717242416,0.8832337343777639,5840.986740119459,True,body,high
-0.0087933908682365,0.0019490135501021,-0.0050670684332796,0.0005888489589677,0.0004185344100481,0.3034321473813781,0.3034321473813781,0.3034321473813781,False,0.1976315530047656,7.444437546723129e-05,8.024339196624804e-05,3.491530948877942e-05,2.298229434054867,0.0722678385960545,0.4926145942967936,0.4351175671071518,-0.3538284325172841,0.7911517346525903,0.4988831256903359,11101.24167862557,True,body,high
-0.0085790475314974,0.0019865544214889,-0.0057812838697774,0.001127662950064,0.0006011472878532,0.2667341842021253,0.2667341842021253,0.2667341337596458,False,0.2518844627357564,8.081900954655708e-05,8.883743385936315e-05,3.622635236945415e-05,2.4522875765507752,0.0902595219657052,0.5019579611866852,0.4077825168476095,-0.243533445235352,0.8236730716300238,0.5121075396080021,8234.203473940608,True,wing_L,high
-0.0088542855191351,0.0018688518172359,-0.0044255651850458,0.0007584513308918,0.0007571393615428,0.2126948027414173,0.2126947691130976,0.2126948027414173,False,0.4422302541790918,7.883308340772019e-05,3.266657086574572e-05,7.112079659085736e-05,2.4132647326746146,0.0978305868993519,0.4877929932821299,0.4143764198185181,-0.0246154191628183,0.8815659090083232,0.4714187408385113,4556.815585099183,True,body,high
-0.0098200138953921,0.0019528059607617,-0.004974524224771,0.0004797860215108,0.0002644210872249,0.1227235784811657,0.1227235784811657,0.1227235784811657,False,0.7794304370741442,0.0001012767423402,6.555492372768637e-05,0.0001911561574112,2.915969488506275,0.470188438019402,0.1868724455249396,0.3429391164556583,0.240566655879355,-0.7265687228225033,-0.6436035853653241,18077.16051570998,True,body,high
-0.0097927596801216,0.0019648202921356,-0.0048116217861986,0.0004899885039874,0.0001212236775036,0.1604206558532617,0.1604206558532617,0.1604206558532617,False,0.0672710142719031,8.585516981925096e-05,9.916918397734472e-05,0.0002460089817264,2.8653950862172373,0.5968879539218417,0.0541200327917273,0.3489920132864309,-0.60974753163872,0.2972839012016372,-0.7347313997283791,19893.7661467948,True,body,high
-0.0097497880585754,0.001945583665984,-0.004923309593815,0.0004154817853487,0.0001813513363083,0.1127646188546996,0.1127646188546996,0.1127646188546996,False,0.4449743236669815,9.045078180777876e-05,9.884701816124762e-05,0.0002321192233706,2.56624894480112,0.5741541061275721,0.036172085325573,0.3896738085468548,-0.5900084936207661,0.3037359931684281,-0.7480871766775198,25911.18591857896,True,body,high
-0.0096981895174665,0.0019175179226324,-0.0047957167705298,0.0004014484062945,6.910093404366984e-05,0.143104391554952,0.143104391554952,0.143104391554952,False,0.1727776955794268,0.0001032392890669,7.622794494829209e-05,0.0001867282969109,2.449604236840692,0.4471149216545413,0.1446558693326092,0.4082292090128493,-0.1186723492731802,0.8169096056335451,0.5644249903588875,40674.10300651737,True,body,high
-0.0097079516882458,0.0019667283791758,-0.0049390589414663,0.0003822157975244,0.0001705428466977,0.1226082669728687,0.1226082669728687,0.1226082669728687,False,0.4199328612811133,0.0001034707243223,9.63358371028616e-05,0.0002519263916394,2.6150848865351124,0.5892819182263076,0.0283213170839763,0.382396764689716,-0.0868875112191545,0.8488517885544857,0.5214414650389745,29224.136841513904,True,body,high
-0.0095279201794876,0.0019263257779839,-0.0046700186342119,0.0003757256826532,0.0001557240330869,0.1197772668778012,0.1197772332494815,0.1197772668778012,False,0.2291108970241908,7.649761646765506e-05,8.338344652539134e-05,0.0002077933030925,2.7163369616931208,0.5987192788004986,0.0331378824786788,0.3681428387208226,-0.5744367565668604,0.3052771126427332,-0.7594921310991061,25030.29337752981,True,body,high
-0.009667823314774,0.0017970155041431,-0.004766270397057,0.0003785509644475,0.0001589029411536,0.1062510487244638,0.1062510150961441,0.1062510150961441,False,0.996165356771215,0.0001502731743605,6.928920831182748e-05,0.0001760858541984,2.541317161627612,0.1465914451528168,0.459911822090088,0.3934967327570951,-0.3396993330075801,0.7453155171252986,0.5736803492245957,12131.977862565782,True,body,high
-0.0087412460043162,0.0019240117072046,-0.0051393115025744,0.0006475105212386,0.0004085742778424,0.3715925563074332,0.3715925899357529,0.3715925899357529,False,0.2894043017037706,0.0001015421671541,9.639322888855668e-05,4.3656543213255366e-05,2.3259323730276544,0.0507073899438848,0.5193574960363103,0.4299351140198049,-0.2107256383475572,0.7660500913145472,0.6072577401235726,9818.603550340871,True,body,high
-0.009903118810512,0.0020199329099809,-0.0050494396989052,0.0005833154532057,0.0003759465590521,0.2270471510109925,0.2270471510109925,0.2270471510109925,False,0.063407080237666,5.797888609175851e-05,7.354480176206798e-05,2.991236233980464e-05,2.4586758119134333,0.2116521534814695,0.3816248474331965,0.4067229990853339,-0.8759043462210206,0.4664816751563118,-0.1232332058111285,20298.071811350947,True,body,high
-0.008629153335955,0.0019746167596433,-0.005659641345737,0.0010066907274048,0.0005328161752994,0.3025239473508799,0.3025239473508799,0.3025239473508799,False,0.4314360989193884,3.033402084295203e-05,6.924970413311434e-05,7.230398976761039e-05,2.38359398979611,0.0422422835076282,0.5382231798720898,0.4195345366202819,-0.2656807909910923,0.8422586317510464,0.4690566218903667,9168.168651543978,True,wing_L,high
-0.0089468800704451,0.0020782719609175,-0.0059234053649191,0.0010572022985533,0.0007695005799603,0.3005088879911771,0.3005088879911771,0.3005088879911771,False,0.0993043965196026,7.107462202808086e-05,3.160544376381452e-05,7.544469220431088e-05,2.387079035121427,0.0579241567371696,0.523153811236718,0.4189220320261124,-0.2381963005196285,0.7879326329751505,0.5678245224641232,5107.691079837425,True,wing_L,high
-0.0097301993585985,0.0019198408594302,-0.0048920655770685,0.0003957675380861,0.0001486040278118,0.1772804493397825,0.1772804493397825,0.1772804493397825,False,0.8199262343748248,8.018372383320213e-05,7.912781659081796e-05,9.55795825163532e-05,1.207913811278401,0.161078948848902,0.0110474142550634,0.8278736368960345,-0.0906809475346049,0.7905662301253081,-0.6056252979687067,30400.86805090876,True,body,high
-0.0088217213697651,0.000910128787139,-0.0054834148362228,0.0011635027869761,0.0005656760151446,0.4227116712983947,0.4227116712983947,0.4227116712983947,False,0.4255256287033022,7.256780697312329e-05,2.935244207878181e-05,6.897294968337474e-05,2.4722919741516445,0.0495379072304055,0.5459791229362497,0.4044829698333447,0.5930740120573627,-0.7856070356023825,-0.1763088251739559,6424.282441234218,True,body,high
-0.0090588524773766,0.0020081660811428,-0.0051593867941318,0.0003982715055245,0.0003133311547071,0.3999813820395162,0.3999813820395162,0.3999814156678359,False,0.1444971663580911,3.021210029357636e-05,7.242531337950624e-05,4.744498331208482e-05,2.397228682406604,0.3449115910141156,0.2379400545802091,0.4171483544056752,-0.3029670480558144,0.8494806639219239,0.4319647779797711,7039.739732037142,True,body,high
-0.0097927162843525,0.001993899842495,-0.0049409479857203,0.0004700693498595,0.0002222484835857,0.1985874199667939,0.1985874199667939,0.1985874199667939,False,0.5251321766314484,0.0001145596712309,8.087683648487792e-05,0.000210913754446,2.6078388276910567,0.4568411551355629,0.1596995645662808,0.3834592802981562,-0.140092433254404,0.7959461779162879,0.5889344547615748,21791.542867656884,True,body,high
-0.009819545054935,0.0019356621146997,-0.0048609312424913,0.0004910158975277,0.0001812780292284,0.1383561736963877,0.1383561736963877,0.1383561736963877,False,0.2077617427937235,0.0002394259344467,0.000136025850973,9.106044686142788e-05,2.629307703827709,0.4318666802435675,0.1878050688848382,0.3803282508715941,0.0240637675552513,-0.7735852798607007,-0.6332351457980583,17641.408126239443,True,body,high
-0.0097243667165043,0.0019469027163814,-0.0048278170219902,0.0004185530681579,9.226712233146084e-05,0.1607819248919421,0.1607819248919421,0.1607819248919421,False,0.1169558640311803,0.0001016119630226,8.837302001392733e-05,0.0002212680307482,2.5037961893050817,0.5407743148479828,0.0598321545318009,0.3993935306202163,-0.0887251557149409,0.8635533613891624,0.4963904096342296,39151.517752576496,True,body,high
-0.0094198399035598,0.0019819858854205,-0.0046445638965521,0.0003862259411571,0.0002470613942034,0.1546511459250032,0.1546511122966835,0.1546511459250032,False,0.0241460743814452,0.0001468707265026,9.4678582094655e-05,0.0002238819262317,2.364652292827185,0.3439813165150778,0.2331235275952597,0.4228951558896623,-0.1374346211558383,0.902935255257982,0.4072095894253398,11904.297954076545,True,body,high
-0.0097400632589011,0.0019854037740063,-0.0049187797029975,0.0004216980176992,0.0001738900948168,0.136959085153897,0.1369591187822167,0.136959085153897,False,0.2264299515174024,9.446897461658144e-05,0.0001051443123056,0.0002611196914168,2.7640788150460587,0.5973328869412163,0.0408829285570343,0.3617841845017493,-0.6836931118789338,0.2214160145815357,-0.6953694537841946,30370.44726261995,True,body,high
-0.0097711497002775,0.0019839619548324,-0.0049321009267386,0.0004474664276335,0.0002018850810501,0.1589461212904712,0.1589461549187909,0.1589461212904712,False,0.8272423572904622,0.0001009888460058,7.500378297062223e-05,0.0002142715331568,2.85680967906332,0.5286875278389723,0.121271653086277,0.3500408190747506,-0.0989974414391253,0.7995100175785048,0.5924383836148075,25731.60288332504,True,body,high
-0.0097842522097464,0.0019425446473499,-0.0047191234981111,0.0005173378756468,7.968626597059571e-05,0.1239696422398238,0.1239696422398238,0.1239696422398238,False,0.0943627458095733,0.0001319021475737,8.485670713964712e-05,0.0002290908297397,2.699737445182266,0.4242364579867523,0.2053571523902421,0.3704063896230055,-0.1243855546925767,0.8240528786966299,0.5526889603525815,11849.630460949737,True,body,high
-0.0097404623519935,0.0019324275814587,-0.0048749875617002,0.0004131407683048,0.0001401699333984,0.1499282838195026,0.1499282838195026,0.1499282838195026,False,0.1216192501116519,8.85706222086244e-05,0.0001037427400559,0.0002394767442333,2.703794308560659,0.5667940935642101,0.0633552869438282,0.3698506194919617,-0.3685256008529123,0.4129177625443456,-0.8328792246726838,39061.982875154135,True,body,high
-0.0096534370659499,0.0020175793208204,-0.0047853725022478,0.0004096289464185,5.556058774773629e-05,0.1219828811111597,0.1219828811111597,0.1219828811111597,False,0.7069089204599905,9.924728646485658e-05,4.032579171836049e-05,9.528625132331112e-05,2.4611367126530315,0.0399107651466929,0.5537729197705784,0.4063163150827286,0.4098260376251232,-0.7002700593947897,-0.5845207120365444,14082.081333597318,True,body,high
-0.0097711053058699,0.0019424319155676,-0.0048184878321417,0.0004617742534979,0.0001181177003293,0.1529403387879068,0.1529403387879068,0.1529403387879068,False,0.230315417519957,0.0001102522060458,7.432661586085703e-05,0.0001822240916041,2.451666734636281,0.3949636127949992,0.1971506065349148,0.407885780670086,-0.0502346232677289,0.8830119482967851,0.466654456520309,23981.509350912213,True,body,high
-0.0098452737974321,0.0019279774160551,-0.0049104420380468,0.0005034727549175,0.0002352482514172,0.1325242496067412,0.1325242496067412,0.1325242496067412,False,0.8913126790742516,0.0001004213479482,3.8969903194586496e-05,0.0001167174875708,2.995067423904885,0.1396203770467728,0.526497323002788,0.3338822999504391,0.1866373383229365,-0.7116964638187913,-0.6772404649247986,16245.340732313723,True,body,high
-0.0098679637135504,0.0019994436494561,-0.0050256018661261,0.0005412528903311,0.0003347237967615,0.1271233060625408,0.1271233060625408,0.1271233060625408,False,0.1465020212936645,0.0001132299238213,6.331849315122619e-05,5.6079477661770587e-05,2.0190973336861138,0.4407971760971519,0.0639319999974073,0.4952708239054407,-0.0118088294235778,-0.4895558348210007,-0.8718919865100019,16931.544289664147,True,body,high
-0.0096260344938688,0.001919169367669,-0.0047588880294052,0.0003653919788316,4.262626121447778e-05,0.1174237889226632,0.1174237889226632,0.1174237889226632,False,0.4355862676069265,0.0001482561783125,8.548490004964569e-05,6.241374591791047e-05,2.3753770284444373,0.4233973853729342,0.1556168140466544,0.4209858005804113,0.0989107121325284,-0.7883742006020549,-0.607192548414839,46246.772581540594,True,body,high
-0.0104266361335755,0.0021377923812739,-0.004383833911374,0.0012667800021329,0.0002214568263266,0.1989148925441624,0.1989148925441624,0.1989148925441624,False,0.3865844534471656,9.11586312268494e-05,3.599421033278123e-05,3.959166916669962e-05,2.532591502468049,0.5656838125599402,0.0394637214875031,0.3948524659525567,-0.3900452586127655,0.7313045655185847,0.5595161558752123,3009.052684039021,False,body,high
-0.00973541118743,0.0019600312433704,-0.0048698301155345,0.0004187681359856,0.0001296619739248,0.1724249235130128,0.1724249235130128,0.1724249235130128,False,0.1444855986827473,0.0001113768001753,8.868218955358931e-05,0.0002128181745381,2.3997848452931407,0.4766574780696317,0.1066384986670464,0.4167040232633218,-0.2007217741264684,0.7931644477956119,0.5749790675708161,35610.36632686098,True,body,high
-0.0085086731740561,0.0019463064078144,-0.0055531404645159,0.0010315549080127,0.0005122774808556,0.1579476292215427,0.1579476292215427,0.1579476292215427,False,0.1424728371588047,0.0001065797094636,6.0210875814516296e-05,0.0001596467446197,2.6514602629519457,0.3324028641015989,0.2904464714239232,0.3771506644744778,-0.2281019320066878,0.7815814054179332,0.5806031478727486,10307.904950001226,True,wing_L,high
-0.0097781897614042,0.0020088563136904,-0.0049872914737299,0.0004605359892251,0.0002550490877565,0.1174688172427593,0.1174688172427593,0.117468850871079,False,0.5333641784921404,8.916327765523776e-05,9.138023830803048e-05,0.0002144618630736,2.4052711913853275,0.5739091463704411,0.0103373188175257,0.4157535348120331,-0.4743440920991149,0.422158604815355,-0.7725152391189573,17911.02001597572,True,body,high
-0.0096932666276665,0.0019013759897478,-0.0048274845062368,0.0003789704803668,9.002140445111478e-05,0.1239275395835427,0.1239275395835427,0.1239276068401822,False,0.135012495608207,6.369775673964933e-05,7.282793319910909e-05,0.0001547617163408,2.429625849673607,0.5294189356319842,0.0589950581793104,0.4115860061887054,-0.6124742913780845,0.270132077196251,-0.7429023511004336,33373.5870692818,True,body,high
-0.0096701445581856,0.0019252453779385,-0.0047910405342427,0.0003827610427352,4.460105966327484e-05,0.1314983168289266,0.1314983168289266,0.1314983168289266,False,0.4141553444987213,9.584730497755538e-05,5.832015952946959e-05,0.0001637476456441,2.8077365865467905,0.4146645308974122,0.2291767023609075,0.3561587667416803,-0.0716373360661444,0.8439077475461881,0.5316839340368162,43437.37343376386,True,body,high
-0.0084558295684666,0.0019519744393553,-0.0056313486932127,0.0011194340141139,0.0005487818675031,0.3304363270492644,0.3304363606775841,0.3304363606775841,False,0.2969734754981431,0.0001329460508631,0.0001150118291365,4.550233389382821e-05,2.9217413588798693,0.1348984916071502,0.52283986467796,0.3422616437148899,-0.1279688823259902,0.8838366600857481,0.4499519123692069,8373.165469502172,True,wing_L,high
-0.0092722388371011,0.0020552149104815,-0.0040783962236608,0.00094454406143,0.0007830812221643,0.1512151051016533,0.1512151051016533,0.1512151051016533,False,0.3744334267485376,9.62654880730708e-05,4.169452638047669e-05,8.325901012849891e-05,2.3088279548882644,0.1351104970734606,0.4317693140086973,0.433120188917842,0.2504883158792145,-0.7512109371205131,-0.6106862791634635,3942.436840772244,True,body,high
-0.0085116453599433,0.0019162004296458,-0.0054771842294663,0.0009857942564296,0.0004772827914105,0.3452719815297597,0.34527194790144,0.34527194790144,False,0.3635127883849583,2.7193470755572973e-05,6.732066346479142e-05,7.827504397175384e-05,2.878449929224732,0.1399472929189972,0.5126435026174965,0.3474092044635062,-0.0410700097534748,0.8226688201615971,0.5670355073827167,9794.237401882556,True,body,high
-0.0091461085466941,0.0010628047247955,-0.0048045296792515,0.0008023164203171,0.0007254273206412,0.2433255444779893,0.2433254772213499,0.2433254772213499,False,0.2001861261615408,4.618544846594088e-05,1.89232054394496e-05,3.682966024588075e-05,2.4406778552251582,0.2025700416649518,0.3877077174997259,0.4097222408353222,0.7116482261688446,-0.6156139654424582,-0.33849113392074,3853.793019555912,True,wing_R,high
-0.0098800755482574,0.0018871170908118,-0.0049154510996858,0.0005291595157186,0.0002739555073893,0.2718890020743437,0.2718890020743437,0.2718890357026634,False,0.082325262163013,3.737476753919465e-05,7.168195353431861e-05,3.739045390668422e-05,1.917923729134804,0.4783839995546008,0.0002188328681926,0.5213971675772064,-0.7763945839261772,-0.5591641876422886,-0.2907694298038181,12508.27755687653,True,body,high
-0.0086210764086258,0.0007756783509129,-0.005839313390959,0.0015333953285615,0.0005947075114904,0.335887797143834,0.335887797143834,0.335887797143834,False,0.2830434401092914,7.701411440665543e-05,2.974946390984692e-05,6.896656953860937e-05,2.588756376922952,0.1044944154723749,0.5092197181114813,0.3862858664161439,0.6458494884649957,-0.7608730967621393,-0.0628535509982975,4831.055326642537,True,wing_R,high
-0.009923628603296,0.002140242814372,-0.0043897407634958,0.0008832616419599,0.0001429937936001,0.1428324057051105,0.1428324057051105,0.1428324057051105,False,0.0246721060544172,0.0001677706695837,9.902921711599024e-05,0.0002401123763573,2.4246619669439458,0.3012827071684983,0.2862886682919728,0.4124286245395288,-0.0114983481423559,0.8188640937853422,0.5738722714150837,3590.661834968386,False,body,high
-0.0097119354846384,0.0019639818894558,-0.0049921283225606,0.0003817540493539,0.0002162092210786,0.1306994760941362,0.1306994760941362,0.1306994760941362,False,0.3582499303016535,0.0001237441512213,0.0001410987278996,9.203451608930388e-05,1.5331066418901014,0.1229959825761905,0.2247336712676263,0.6522703461561832,0.0434189849044252,-0.717324329364183,-0.6953852157272933,16921.384223190922,True,body,high
-0.0094514615302322,0.0016890044898744,-0.0049493291444009,0.0001588509453776,0.0001535013897485,0.2963231205939781,0.2963231205939781,0.2963231205939781,False,0.2797922783242081,3.194300779920161e-05,8.834007303698798e-05,3.501594710909325e-05,2.7655527492059147,0.6036232945558911,0.0347853381172211,0.3615913673268877,-0.6280203836185652,0.7735249952641658,0.0851438750654591,5619.904420145971,True,body,high
-0.0094521898629961,0.0020047151719488,-0.0047033424872281,0.0003540491200972,0.0001927580368901,0.1372885754304483,0.1372885754304483,0.1372885754304483,False,0.0207704940001921,0.0001023537498044,7.940403634237864e-05,0.0002139101471465,2.693945509573752,0.521510544638538,0.1072866984956691,0.3712027568657929,-0.0124734688889179,0.8773210311960314,0.4797418272310735,11354.921698739588,True,body,high
-0.0097326005752066,0.0019689880706182,-0.0048448457104134,0.0004271539033233,0.0001078627663094,0.1660895162206182,0.1660894825922985,0.1660894825922985,False,0.0706410078124575,0.0001372750902156,8.519979533055914e-05,0.0001946086584158,2.284144670310406,0.2946095444410525,0.2675898149085879,0.4378006406503596,-0.0158013614359556,0.9140941481114704,0.4051940342171091,33332.54042401186,True,body,high
-0.0086122429216901,0.0020129097728088,-0.00580689063072,0.001127798282224,0.0006326865132711,0.2524621908025052,0.2524622412449847,0.2524621908025052,False,0.1113337588361656,9.760475699422976e-05,9.226599539647277e-05,4.132376444128541e-05,2.3619522159679045,0.0546977602543758,0.5219236492561421,0.423378590489482,-0.2691431414396277,0.8189237268463953,0.5068785841047334,7906.760928611734,True,wing_L,high
-0.0095456015467423,0.001772508930757,-0.0047095456298115,0.0003360732704553,0.000193230929663,0.1574169407081465,0.1574169407081465,0.1574169407081465,False,0.1075018302335764,9.826512532023343e-05,8.061594120650798e-05,0.000180618505873,2.24048126425008,0.455952064018894,0.0977152591779755,0.4463326768031304,-0.1533901774062917,0.8039934019053506,0.5745137623833981,9397.809867186716,True,body,high
-0.0097482802995372,0.0019052413705981,-0.0049403592363161,0.0004007089577255,0.0001986664599769,0.1377183789847044,0.1377183789847044,0.1377183789847044,False,0.4801424061444282,0.0001026667815882,9.987503919550774e-05,0.0002831470413551,2.835013068689288,0.6374082487428789,0.0098596912026924,0.3527320600544287,-0.1836167862123062,0.8436153406183875,0.5045770832037323,18317.28818286929,True,body,high
-0.009682969409399,0.0020574664933876,-0.0050029161265516,0.0004040559522752,0.00024335315244,0.1411729153838967,0.1411729153838967,0.1411729153838967,False,0.0962509576934587,0.0001102888024729,5.269902944693593e-05,7.585888806827121e-05,2.092805192627507,0.3121796014889372,0.2099928379130767,0.477827560597986,-0.2851556870920048,0.8368650926263989,-0.4672719238970982,10481.288100645255,True,body,high
-0.0097755349722235,0.001921259536484,-0.0048610944993463,0.0004464605034387,0.0001565295676289,0.1087788222606761,0.1087787886323564,0.1087788558889958,False,0.3202810122548991,0.0001014813709991,7.216979117621766e-05,0.0001659076672603,2.2988519788743607,0.3883262137616214,0.1766740519407172,0.4349997342976613,-0.1853772084696797,0.835393431017887,0.5174486505849173,25080.598774010872,True,body,high
-0.0096678651181596,0.0019097017117494,-0.0047780769032762,0.0003835857643431,5.4133621718576535e-05,0.0946074447936382,0.0946074447936382,0.0946074784219579,False,0.1554110755568761,0.0001614289731097,9.351046483079712e-05,6.542364242149182e-05,2.467440930142463,0.4207330751760573,0.1739887324328231,0.4052781923911195,-0.0069398356468093,-0.6342144173967003,-0.773126064395296,41595.79678158777,True,body,high
-0.0097044630839322,0.0019495821998439,-0.004846192665822,0.0003953648548669,9.272987250783088e-05,0.1558969742854233,0.1558969742854233,0.1558969742854233,False,0.1868092706468015,8.36127010605275e-05,7.229109643367562e-05,0.0002034800130111,2.8147313161564624,0.5890864177606262,0.0556398855067465,0.3552736967326273,-0.2434294166065592,0.8193674914989103,0.51901737254679,41674.79361382269,True,body,high
-0.0099298512630239,0.0019294906668569,-0.0048580578037402,0.0005947314485772,0.0002546673252145,0.1241336475550658,0.1241336475550658,0.1241336475550658,False,0.7465468215884712,0.000186383322763,9.23328052813056e-05,7.251287816562817e-05,2.570347881341693,0.504608009383392,0.1063395953128208,0.3890523953037871,0.1048192191045369,-0.8026302490476226,-0.587194699073541,13472.761394059513,True,body,high
-0.009740738262098,0.0019526639840055,-0.0048423035030692,0.0004295457045147,0.0001124080591137,0.1546659760139968,0.1546659423856771,0.1546659760139968,False,0.1076009654111171,0.0001180540739386,8.488552156646927e-05,0.0002026135698638,2.3869037513678446,0.4173436951041359,0.1637035090711738,0.4189527958246903,-0.1693230205640939,0.878084954310989,0.4475450007761452,35893.91999205662,True,body,high
-0.0097373763900211,0.001902396360943,-0.0048382351123656,0.0004144158309304,0.0001244069630054,0.1127073161979081,0.1127073161979081,0.1127073161979081,False,0.4874712588229114,7.655271643005434e-05,7.249109803135153e-05,0.0002145541244869,2.959730647122132,0.6432009097325968,0.0189305072014605,0.3378685830659426,-0.1087903505740621,0.8465934090466705,0.5210031279951297,33677.961998557075,True,body,high
-0.0099463897160929,0.0019988856690106,-0.004850498116881,0.0006290187562723,0.0002430278168909,0.1446787349706518,0.1446787349706518,0.1446787685989715,False,0.9461333708991188,6.252252848560678e-05,7.289088583288559e-05,3.082923020728392e-05,2.3643433631912063,0.1422449079717591,0.434804679846874,0.4229504121813669,-0.7969722598086719,0.5522879748203128,-0.2445673935019472,12104.97431708365,True,body,high
-0.0096831617692493,0.0019437569521043,-0.0048470987210331,0.0003746077798965,8.066122449992621e-05,0.1433562004129656,0.1433562004129656,0.1433562340412852,False,0.0944484366149327,0.0002217711403618,0.000134779882116,9.647103114377544e-05,2.2988366324329585,0.3922568919647617,0.1727404697913641,0.4350026382438741,-0.0011686057893387,-0.7200222872365836,-0.6939499551430979,39641.19279071456,True,body,high
-0.0096321036289063,0.0018508925776535,-0.004634424432949,0.0004465394028068,0.0001760128547127,0.0854206922727495,0.0854206922727495,0.0854206922727495,False,0.9298200766481356,0.0001099275775032,0.000101288478101,0.0002618709522841,2.5853972455070022,0.5802223326244531,0.0329899109726047,0.3867877564029421,-0.1323938724550625,0.8934080584013616,0.4292946583872922,10610.783363851357,True,body,high
-0.0096632971058721,0.0019434627835914,-0.0047896040764866,0.000383761298655,2.76683081339004e-05,0.1518136219359113,0.1518136219359113,0.1518136219359113,False,0.1386073872726996,0.0001314774681043,7.319306291200048e-05,0.0002174723651152,2.971215528673268,0.3954290788411741,0.2680083290648997,0.3365625920939261,0.0442780948603629,0.8543960518448612,0.5177323989354443,34181.01075247562,True,body,high
-0.0099775354160992,0.001967186095381,-0.0048117029271383,0.0006591645212592,0.0002429859307225,0.143081995094023,0.1430819614657033,0.1430820287223427,False,0.1297795690766368,0.0001179069606093,9.67162975748014e-05,0.0002193189497817,2.26765245652808,0.4623950154482587,0.096620301417773,0.4409846831339682,-0.1047665475604094,0.8749080482900577,0.4728211898271423,10852.471936036723,True,body,high
-0.0096598716134068,0.0019029231281423,-0.0047990714897798,0.0003642789614702,5.796771736322068e-05,0.1271804069494141,0.1271804069494141,0.1271804069494141,False,0.2424486443484199,0.0001327815828491,6.649226805239856e-05,7.018296368233166e-05,1.996947716454985,0.4714405252868175,0.0277952374925822,0.5007642372206003,-0.3574308441699282,0.8059059709816355,-0.4719732593824779,35214.64950994417,True,body,high
-0.0086905452125456,0.0019233890792403,-0.0050789181257921,0.0006854388174527,0.0004615011573811,0.1073991868161166,0.1073991868161166,0.1073991868161166,False,0.1406369080148945,0.0001523835741933,6.819370907904279e-05,0.000179576732018,2.6333328168138377,0.1514291830527005,0.4688239070181796,0.3797469099291199,-0.2838673758235753,0.771451550866129,0.5694574765592962,8603.84486707148,True,body,high
-0.0097122350847579,0.001939139637999,-0.004833547195687,0.0004033818540537,9.029984950019305e-05,0.0942856554023013,0.0942856217739815,0.094285689030621,False,0.1144415973123562,0.0001226743654878,8.669481266474937e-05,0.0002005866768232,2.3137102516030708,0.3884221652669188,0.1793715983181529,0.4322062364149283,-0.1364506291487356,0.8728987107360036,0.4684325635567375,44254.00241345592,True,body,high
-0.0098440533234107,0.0019405433576514,-0.0049398146644572,0.000501674966399,0.0002537990218288,0.0776557451093409,0.0776557451093409,0.0776557787376606,False,0.5246878790099232,0.0002135869485819,0.0001240426079145,8.409467354703107e-05,2.539839202331098,0.4192406945366791,0.1870335927952957,0.3937257126680251,0.0745115063167231,-0.7067684751646374,-0.703510026893623,16947.74613691432,True,body,high
-0.0096258350438372,0.0018469469842494,-0.004864269759933,0.0002939158422204,9.791155858200832e-05,0.1174996207836167,0.1174996207836167,0.1174996207836167,False,0.9560102458538244,0.0001092954640187,6.641849747440214e-05,0.0001568904087006,2.3621493208435784,0.3033642723989478,0.2732924651002392,0.4233432625008129,-0.3030420199289376,0.7807575150958156,0.5464277049883147,13832.018528703737,True,body,high
-0.0098705490143242,0.0019517450633339,-0.0049387495384224,0.0005301366468091,0.0002682940223893,0.1141028914660117,0.1141028914660117,0.1141028914660117,False,0.4908744936519805,0.0001284785312604,8.622860580935913e-05,0.0002073110293941,2.404202496935965,0.3802619588744897,0.2037996992951321,0.4159383418303781,-0.1821751832723325,0.7993906763911169,0.5725266361477381,15325.41194125013,True,body,high
-0.0097651156172317,0.0018679010273054,-0.0048440546230684,0.0004321779738573,0.0001645849882165,0.1282819025616245,0.1282819025616245,0.1282819361899442,False,0.557623335898881,9.914644127311362e-05,7.29166106125511e-05,0.0001700536429609,2.332166039156624,0.4169696129599982,0.154244450185511,0.4287859368544907,-0.173438985847699,0.8550217581330148,0.488729691452494,18353.196299252093,True,body,high
-0.0096915882445692,0.0019365192536524,-0.0048412545763909,0.0003816773587541,8.289569903508081e-05,0.0934576589143194,0.0934576252859997,0.0934576589143194,False,0.2360226913273605,8.678688281939028e-05,6.2671950956295e-05,0.000147962453088,2.3609038944903418,0.4134533389510664,0.1629800760923382,0.4235665849565952,-0.0833526406256323,0.8787466894338873,0.4699538201884493,46660.54162678038,True,body,high
-0.009717433388687,0.0019665794870757,-0.0049165368641672,0.0003941990354089,0.0001572080709872,0.1044738592842532,0.1044738592842532,0.1044738592842532,False,0.1271620638893002,0.0001907619744894,0.0001027621418876,7.267390813697202e-05,2.624903206387119,0.4613069918012438,0.1577265795827515,0.3809664286160046,0.2134961122344126,-0.8264170607564301,-0.5210127174565835,35856.70822439017,True,body,high
-0.0094695605568868,0.0021382892670916,-0.0052773869285947,0.0004485332470587,0.0004464701788701,0.2437545073242527,0.2437545073242527,0.2437545073242527,False,0.9213871717321048,2.2109379174302733e-05,5.156207941155592e-05,3.299403333182487e-05,2.3321360136373905,0.3601104977075389,0.211098044953608,0.428791457338853,-0.2469223135357459,0.749186661683547,0.6146126560961929,5500.261990103535,True,body,high
-0.0095563905696034,0.0019705472312962,-0.0047725181163224,0.000329930490448,6.668541951722718e-05,0.1764901501981993,0.1764901501981993,0.1764901501981993,False,0.2187834752156819,7.904093191104897e-05,0.0001232626001352,5.262003333473821e-05,2.3425032696402868,0.3587598198938688,0.2143464323106118,0.4268937477955193,-0.7691559582767453,0.5647508150101872,0.2990913385451188,15630.10228226379,True,body,high
-0.0090038768176161,0.002062491113271,-0.0056849091743005,0.0008221824507419,0.0006050172032629,0.1853333558048965,0.1853333894332162,0.1853333894332162,False,0.1031091735660628,0.0001268073874079,4.9364297132784025e-05,0.0001204549460976,2.568807716777217,0.0500951990271609,0.5606191438686231,0.3892856571042161,-0.237390709470443,0.7669075648960613,0.5962368975183551,5286.90666271861,True,body,high
-0.0096888657091473,0.0019179458690856,-0.0048017212248948,0.0003908753260936,6.532515679777077e-05,0.1783418263665749,0.1783418263665749,0.1783418263665749,False,0.4365130106945983,0.0001206517723698,8.961714314306369e-05,0.0002106506224948,2.350561679461168,0.4272422699687774,0.1473274982964674,0.4254302317347551,-0.0620875758563055,0.8841104147603088,0.463134869597013,42825.507293669325,True,body,high
-0.0094620830782268,0.0018635747051735,-0.0046772912490124,0.0003298273956602,0.0001959720306044,0.1979017048995192,0.1979017385278389,0.1979017385278389,False,0.7751356304598669,0.0001155974913108,0.0001023781557493,5.002789653643189e-05,2.3106606376443755,0.1143565955594617,0.4528667414774043,0.4327766629631339,0.1813220122278038,-0.6783044084352015,-0.7120572009178976,20047.58930102638,True,body,high
-0.0086828400035697,0.0020063628289766,-0.0056377019602447,0.0009591263484473,0.0005437070753418,0.3246546436692696,0.3246546436692696,0.3246546772975893,False,0.1407754923910479,8.907955974545855e-05,7.899684731515446e-05,3.7032952101670034e-05,2.405413414002213,0.1131877218423066,0.4710833252139397,0.4157289529437536,-0.2193107953820715,0.844540602044097,0.4885222067909274,7479.618396117447,True,body,high
-0.0098454335036571,0.0020177805622762,-0.0046009379827003,0.000652338956929,5.0069363166953735e-05,0.1343240709061188,0.1343240372777991,0.1343240709061188,False,0.010713111188583,0.0001409950857823,8.07298829359735e-05,0.0002207699574926,2.734674564903394,0.3613484036340521,0.2729773721515114,0.3656742242144364,-0.035030411710021,0.8329016098172849,0.552311305894784,5708.880838246889,True,body,high
-0.0093991817043201,0.0018470692933434,-0.004601046922111,0.0003895322891628,0.000294875068389,0.1389097967238284,0.1389097630955086,0.1389097630955086,False,0.4775019168111846,0.0001423280979943,0.0001444460275901,6.031904023994697e-05,2.394700363525901,0.0146624288054002,0.567748792560256,0.4175887786343437,0.3141331251546918,-0.7518874197633771,-0.5796427241690496,9817.08462549569,True,body,high
-0.0085704387826212,0.0019993826994185,-0.0058428315205962,0.0011795256848152,0.0006417912796084,0.2385773434335848,0.2385773434335848,0.2385773434335848,False,0.2313244841142772,3.0172768037986144e-05,6.122587868437638e-05,2.6523766400915983e-05,2.308340292209103,0.5071893015447139,0.0595990080580307,0.4332116903972554,0.4482897845246932,0.2278995054944691,0.8643483582943746,6818.647104776311,True,wing_L,high
-0.0097222182216093,0.0019664245204548,-0.0048595351567989,0.0004124242836882,0.0001134575338256,0.1388583790229867,0.1388583453946669,0.1388583453946669,False,0.0838187524373591,0.0001180937668712,7.775275894640629e-05,0.0002158071469181,2.7755561325733376,0.4527810197313158,0.1869308245854997,0.3602881556831844,-0.1413849216430299,0.9088212195418602,0.3924975093455245,33745.45524902029,True,body,high
-0.0097276120237225,0.0019591075495294,-0.0048141134929029,0.0004307080423503,8.18249399471941e-05,0.1710882314327273,0.1710882314327273,0.1710882314327273,False,0.2601522815527579,9.133336525516616e-05,9.003166676765527e-05,0.000216734454075,2.40731358039182,0.5785932345416396,0.0060059601186431,0.4154008053397172,-0.1770936883800392,0.8157494352905257,0.5506275368696539,37033.19302567713,True,body,high
-0.009853140006151,0.0019277531604323,-0.0048269981269305,0.0005300009197516,0.0001840079589673,0.1424166251601749,0.1424166251601749,0.1424166251601749,False,0.1797684335345852,0.0001043507499816,8.431953063488509e-05,0.0002387580762958,2.831586875521758,0.5629435803784674,0.0838975571318425,0.3531588624896902,-0.1550968117128306,0.8561745060124342,0.4928592032729825,14788.441907707984,True,body,high
-0.0096294343958767,0.0019331977498426,-0.0047960935209168,0.0003505210254519,1.600763253776025e-05,0.0867564763884028,0.0867564763884028,0.0867565100167225,False,0.1372753576421673,0.000112327388343,8.252005917206624e-05,0.0001974313925191,2.39252606578288,0.4310560903721757,0.1509756315381221,0.4179682780897021,-0.1585357486952243,0.8654191948545423,0.4753062523920345,31966.4117631354,True,body,high
-0.009614848559456,0.0019269288580588,-0.0047626420159525,0.0003573500756302,3.673854487459779e-05,0.1194683235045948,0.1194683235045948,0.1194683235045948,False,0.3077458325483745,0.0001123818203898,5.573308222760749e-05,0.0001578335338036,2.8319541553274727,0.2879724752936742,0.3589144638473427,0.3531130608589831,-0.240275974051414,0.7815534964079804,0.5757096390943139,41059.523691825154,True,body,high
-0.0097518336561005,0.0019688511985217,-0.0048182843524671,0.0004531619828411,9.896724131831694e-05,0.1759081112406008,0.1759081112406008,0.1759081112406008,False,0.8556722341828891,7.553655585976181e-05,6.656237521067774e-05,0.0001547952234138,2.325566401797976,0.5120226955722931,0.0579745321022787,0.4300027723254281,-0.0502063052610871,0.8550912623492244,0.5160409479547532,29293.612683652984,True,body,high
-0.009558987880003,0.0019211007985104,-0.0047129242176025,0.0003549349638395,0.0001042264571582,0.1417204180571495,0.1417204180571495,0.1417204180571495,False,0.2824415779648478,0.0001679578122203,0.000104347366471,7.240797884382427e-05,2.3196036528323187,0.3787287111471307,0.1901631558841338,0.4311081329687355,0.023633809769201,-0.7285067710691696,-0.6846307965189453,32587.12571824212,True,body,high
-0.0101107485486962,0.001990469260066,-0.0048654632497006,0.0007798782431425,0.0003621451890661,0.1392362268232858,0.1392362268232858,0.1392362268232858,False,0.8970204209056192,0.0001031644399243,6.49408275331953e-05,0.0001544268969923,2.3779631836906456,0.3319529050078251,0.2475191377645191,0.4205279572276558,0.039300716709796,0.8514907838149665,0.5228947300788854,7574.145814619078,True,body,high
-0.0095608535630692,0.0017110330505403,-0.0048976113805755,0.000242043355143,0.000182487523832,0.1322575770314144,0.1322575770314144,0.1322575770314144,False,0.6719270705068559,7.183695908980427e-05,7.477345573917823e-05,0.0001395592511797,1.942722143977735,0.4642171328158511,0.0210412181532204,0.5147416490309284,-0.6996701466377591,0.4026580348513833,-0.590193352108882,8633.3004411482,True,body,high
-0.0099367348182202,0.0019779299030885,-0.0049864993920347,0.0005986915427363,0.0003441902866556,0.0740341768461325,0.0740341768461325,0.0740342104744522,False,0.8131501249713251,0.000169235575121,0.0001197519043353,6.994902658946196e-05,2.419412869235926,0.2923952056199369,0.2942813750019518,0.4133234193781112,0.094124350651237,-0.7511473039267046,-0.6533898793355508,14802.424114238967,True,body,high
-0.0099141745215441,0.0018819043111607,-0.0050197804844456,0.000558334271411,0.0003697464078916,0.376030208226365,0.376030208226365,0.376030208226365,False,0.2417345380468872,5.763790566509482e-05,4.2878670220434535e-05,4.880081928631083e-05,1.3442092622925264,0.1533207405232921,0.1027474714346311,0.7439317880420767,-0.4254629389953112,0.8509202401682807,0.3080844566241983,10436.79836382557,True,body,high
-0.0096668865407116,0.0018766806740067,-0.0047781471399566,0.0003758629918034,8.345583612376513e-05,0.133850113368079,0.133850113368079,0.1338501469963987,False,0.3708325077509223,7.677241519542973e-05,0.0001299318922027,5.3919741178827165e-05,2.409727668607101,0.4091334014005624,0.1758819457577196,0.4149846528417179,-0.8480952377166695,0.5173407758500237,0.1144246013984808,30212.9840309077,True,body,high
-0.0091200102939581,0.0018094148541351,-0.0043735913508574,0.0006593049116512,0.0006398783668804,0.1599196275178527,0.1599195938895329,0.1599195938895329,False,0.5354981246454608,0.000136162129772,0.0001009848492005,0.0002328699806245,2.3059892891673246,0.4152868935411053,0.151059747920923,0.4336533585379716,0.0319936163434383,0.8702862249722438,0.4915061496429417,6712.707431647552,True,body,high
-0.0098085641954522,0.0018953079249279,-0.0047701941177143,0.0005040927269245,0.0001440199810388,0.1178760225661681,0.1178760225661681,0.1178760225661681,False,0.5998174428573495,0.0002172673453829,0.0001501189069334,9.492866093018868e-05,2.288743391657988,0.3090590458086073,0.2540199766607529,0.4369209775306397,0.1033194789063928,-0.7669413971754337,-0.6333450706977242,12638.61008078915,True,body,high
-0.0096625437547249,0.0018859615077015,-0.0047504130028011,0.0003901988978517,7.904371594066466e-05,0.175378431576796,0.175378431576796,0.175378431576796,False,0.166902963211929,0.0001088408130033,8.849699714226026e-05,0.0001909642000506,2.1578607886965826,0.4300459825741367,0.10653209269455,0.4634219247313133,-0.052639671021487,0.8920181039821841,0.4489240104993039,31188.67083255829,True,body,high
-0.0095122453421863,0.0018412123967672,-0.0048365791648929,0.0002152806831482,6.263864641019903e-05,0.1750977023638291,0.1750977023638291,0.1750977023638291,False,0.8429073812827301,0.0001005045100818,0.0001004009032925,0.0002363862847282,2.354423884408128,0.5748293510454826,0.0004382944187124,0.424732354535805,-0.15875016704638,0.863587849546516,0.4785545011577788,12690.555474117196,True,body,high
-0.0097302224233559,0.0019349504747066,-0.0048219223291535,0.0004223215474271,9.569084237947104e-05,0.1556989034823117,0.1556989034823117,0.1556989034823117,False,0.1502354093463909,0.0001160530260084,9.09805872515187e-05,0.0002071770272366,2.277156407706197,0.4398364164389779,0.1210193962685425,0.4391441872924795,-0.1231901285199379,0.8603660418052209,0.4945649263177262,36333.7204946268,True,body,high
-0.009712603721471,0.0019371525920162,-0.004793075577343,0.0004201948480115,6.556342693119745e-05,0.1572393831800601,0.1572393831800601,0.1572393831800601,False,0.0577315481338052,0.0001063058816412,8.064108532922768e-05,0.0002204119045883,2.733245760377039,0.5176944646441128,0.1164401548999216,0.3658653804559654,-0.0657423303723543,0.8498600675553776,0.5228917780688289,34654.2581903663,True,body,high
-0.0097039325957413,0.0019326489407912,-0.0048854794565999,0.0003769602856178,0.0001245054723041,0.127559566254182,0.127559566254182,0.127559566254182,False,0.5429994482160763,0.0001066066480853,8.593938154289098e-05,0.0002572606182201,2.99351256201168,0.5856083654664356,0.080335912606683,0.3340557219268814,-0.1509211606740938,0.8570786800869257,0.4925839414772244,37928.2239804261,True,body,high
-0.0096147510536764,0.0018874287895903,-0.0048049496588156,0.0003210351908051,5.053441903708237e-05,0.1251939148473077,0.1251938475906682,0.1251939148473077,False,0.3259986784454766,0.0001059047147695,4.692479991802803e-05,6.545565778311834e-05,2.256902852108044,0.3819382080814647,0.1749767034017844,0.4430850885167508,-0.4830470199626788,0.7878227833565721,-0.3821005607552535,23715.6035620626,True,body,high
-0.0099528410674726,0.0019589842486648,-0.0049225519093478,0.0006128386692997,0.0003076724182757,0.1245214157096803,0.1245213820813606,0.1245213820813606,False,0.3902673420159625,8.263495839336847e-05,2.966614082264777e-05,7.377704320952718e-05,2.7854974088939524,0.1071933157111887,0.5338043758296289,0.3590023084591823,0.3653903874711938,-0.8152362016423251,-0.4493103607479413,14880.259760609288,True,body,high
-0.010069088169878,0.0019097919043351,-0.0048672200750075,0.000724615066034,0.0003610447365421,0.0826024709391731,0.0826024709391731,0.0826024709391731,False,0.4307844887452423,0.0001158487306666,6.027211832850427e-05,0.0001498029179032,2.485443054892529,0.2266590511845003,0.3709981962702234,0.4023427525452762,0.073665698202643,-0.7509009930165524,-0.6562934279688257,8535.504508067916,True,body,high
-0.0096945227169452,0.0018650985450025,-0.0048932206841774,0.0003503395811777,0.000144905308117,0.1129337693028578,0.1129337693028578,0.1129337693028578,False,0.9212590760481658,0.0001663543741568,0.0001032466735804,7.026413179068145e-05,2.367557527821416,0.3793570256044915,0.1982667540718646,0.4223762203236438,0.2321390399350585,-0.6939988570010912,-0.6815255333582215,15047.681467278402,True,body,high
-0.0098788483258885,0.0019826998985065,-0.004995473870469,0.0005447716601142,0.0003160207663388,0.0804565133449861,0.0804565133449861,0.0804565469733058,False,0.7058216378368155,0.0001039487328127,6.89225166113169e-05,0.0001689789088194,2.451722849476795,0.3848419691016222,0.2072815858860864,0.4078764450122912,-0.2500817075545247,0.7710343097610847,0.5856323357857394,16717.717797076006,True,body,high
-0.00992671914403,0.0020333226056911,-0.0050609385027212,0.0006112797217904,0.000400006477301,0.124112629855245,0.124112629855245,0.124112629855245,False,0.7222246268694875,7.252152288957304e-05,6.558456398080839e-05,0.0001528803741085,2.331042013990488,0.5256322251141364,0.0453750780583577,0.4289926968275058,-0.14602883749874,0.813676875693172,0.5626771015253462,18924.36408582509,True,body,high
-0.0096969684631094,0.0019266946883587,-0.0048411255120631,0.0003833919879163,8.902921020807639e-05,0.0696574174071216,0.0696574174071216,0.0696574174071216,False,0.1665013087134876,0.0001711745500609,0.0001124778371836,7.232833478889938e-05,2.3666319784702727,0.3429056063319826,0.2345529892176418,0.4225414044503755,0.2115428551228073,-0.8158966447904896,-0.5381099195016872,41818.43397963346,True,body,high
-0.008490967714532,0.0019547096703923,-0.0056398598774302,0.0010966118329089,0.0005420423053197,0.3136407132109164,0.3136407132109164,0.3136407132109164,False,0.3250263822596245,0.0001064183221119,0.0001261134449481,4.371507836471358e-05,2.8848957766009065,0.1561698900883511,0.4971971368556039,0.3466329730560449,-0.1401680379979507,0.8714170486256809,0.470090681133239,8605.347307325383,True,wing_L,high
-0.0096850960724583,0.0016828742484282,-0.0049320752066105,0.0003539606797024,0.0002760920389832,0.1534925157975998,0.1534925157975998,0.1534925157975998,False,0.8115175105042972,5.278277500639644e-05,6.173863045426868e-05,2.736686946164121e-05,2.255962471001832,0.1450608052361326,0.4116694095373789,0.4432697852264883,-0.8228123761712849,0.5644594330140454,-0.0660707355856293,8070.344915198031,True,body,high
-0.0086414053198089,0.0019751851825718,-0.0056625327732207,0.0009998619782012,0.0005322601924609,0.2979337321524887,0.2979337321524887,0.2979337321524887,False,0.5672368672591199,2.520565156553801e-05,5.817850482456677e-05,5.245874396778008e-05,2.308153180380797,0.098313988543264,0.4684392024927741,0.4332468089639618,-0.2422349532089498,0.8439572929095166,0.4786003710703727,8989.912836991532,True,wing_L,high
-0.0082176759510507,0.0019508763698241,-0.0058879090862547,0.0014618387549844,0.000678679460302,0.2404380488058035,0.2404380488058035,0.2404380488058035,False,0.1408084004214763,0.0001199367151744,5.04727095659872e-05,0.0001199280225665,2.3762686054665134,7.24766214896048e-05,0.5790996768549571,0.4208278465235533,-0.1520995734109422,0.8417531488284886,0.5179935870312814,4478.083847608748,True,wing_L,high
-0.009288789427232,0.0012101313917998,-0.0056288197266894,0.0008839293572837,0.0006129085837312,0.3491197338713599,0.3491197338713599,0.3491197338713599,False,0.2214336443914581,5.5503359087638544e-05,2.3622379402685743e-05,5.089589155140399e-05,2.349609162628558,0.0830124088338414,0.4913848926810715,0.425602698485087,0.6954546899008903,-0.7013623733484715,-0.1563124932494382,4351.6963711501285,True,wing_R,high
-0.0089586631828413,0.0020157198128935,-0.00541049794305,0.0006178006317735,0.0004165766358481,0.3460404390776891,0.3460404558918489,0.3460404558918489,False,0.2014027677846768,2.794746144977385e-05,6.613224194044941e-05,6.271775045342658e-05,2.366305864999576,0.0516312676968899,0.5257690951255302,0.4225996371775798,-0.1957709745858782,0.8163737452168212,0.5433301331882451,5585.004417221348,True,body,high
-0.0099153972825138,0.0019416895999411,-0.0048481041163389,0.0005857549784696,0.0002343252534255,0.154160340598787,0.154160340598787,0.154160340598787,False,0.0678149145491501,0.0001234839734804,7.86716846973815e-05,0.0002263970098321,2.877744524005141,0.4545688851103338,0.1979367519751167,0.3474943629145495,-0.1653339558501278,0.8564016754421101,0.4891225340780107,13575.851684682668,True,body,high
-0.0084149102606025,0.0018619481212324,-0.0048635473860632,0.0009553052169581,0.0007305765366764,0.1897201028548623,0.1897201364831819,0.1897201028548623,False,0.1261209452840102,0.0001161849723553,0.0001078900421121,4.8978973361112784e-05,2.372139805763044,0.0713941749525279,0.5070455116247432,0.4215603134227288,-0.0181612321878496,-0.7397768453527099,-0.6726071578012027,3655.470073816075,True,body,high
-0.0092670187765787,0.0021100696438101,-0.0054019801531257,0.0005181816775572,0.0004832862913225,0.2073416114112099,0.2073416114112099,0.2073416114112099,False,0.853730699234535,9.551074213948397e-05,8.997064036829548e-05,3.7476775203265707e-05,2.5485315004147213,0.0580050122854004,0.5496121586864825,0.392382829028117,-0.352415000575894,0.722832400209952,0.5944047346512412,6532.254323619315,True,body,high
-0.0092017229371775,0.0018596361484307,-0.0043436499422897,0.0006646057377546,0.0006137044678277,0.1003396945436544,0.1003396945436544,0.1003396945436544,False,0.1911913560648501,0.0001673057989593,0.0001370270982686,8.107762373388435e-05,2.063526177191412,0.1809781901107846,0.3344144368143254,0.4846073730748899,0.1636307284890013,-0.7296255746361353,-0.6639815551135804,7135.799298044129,True,body,high
-0.0095425409540182,0.0019220940306897,-0.0047056813726753,0.0003521017983433,0.0001187798790683,0.1333077558277423,0.1333077558277423,0.1333077894560619,False,0.5006083526440586,8.635509215669098e-05,6.186446421164244e-05,0.0001774942479449,2.869082440247208,0.513476672306101,0.1379798400714808,0.3485434876224181,-0.13780993311835,0.8481295369271811,0.5115512788817963,30175.197875010355,True,body,high
-0.0096752147615994,0.0017902321707851,-0.0047486238427536,0.0003953208570187,0.0001713358150311,0.1618752488224622,0.1618752488224622,0.1618752488224622,False,0.9241835777822204,8.974055485445396e-05,6.885307539369519e-05,0.0001756909937627,2.551679685449274,0.4892136874379978,0.1188875935721496,0.3918987189898524,-0.0921829850516393,0.8673854915736865,0.4890242389436781,10960.883654278974,True,body,high
-0.0096845499777248,0.0019161594755262,-0.0048057027158003,0.0003848915616289,6.538762880102063e-05,0.1431268216442008,0.1431268216442008,0.1431268216442008,False,0.1061248411696643,0.0001142052588358,9.94025384431275e-05,0.0002265875216945,2.2794943191937347,0.4959772807355018,0.0653289302167134,0.4386937890477848,-0.1246124477553068,0.8804996416099208,0.4573752496465369,43115.6274936742,True,body,high
-0.0095745336390822,0.0019174030999967,-0.0047380440813528,0.0003441603033696,7.65770874763627e-05,0.1418458516896803,0.1418458516896803,0.1418458516896803,False,0.1642290843539482,0.0001182057108379,8.42505641826281e-05,0.0001961015141445,2.327598824376847,0.3972218350605338,0.1731508642521479,0.4296273006873182,-0.1991665148708992,0.8420861257091345,0.5012221625610339,37641.31558482419,True,body,high
-0.0095922841666083,0.0017266614864249,-0.0048738216179772,0.0002720292982786,0.0001828522674964,0.1513240608575245,0.1513240608575245,0.1513240608575245,False,0.965821209523931,8.274725556423713e-05,3.91879610545732e-05,7.40232885371452e-05,2.11154786667781,0.1054290800051907,0.4209846869849255,0.4735862330098837,-0.4535835550637883,0.7967476752404247,-0.3993182948158952,9819.344934579332,True,body,high
-0.0095777187279773,0.0019185596934666,-0.0047530861611787,0.0003358363382787,6.22544779777565e-05,0.1175621358299638,0.1175621694582835,0.1175621358299638,False,0.6239928385761176,8.215046133725482e-05,5.784401775443375e-05,0.0001494761181671,2.584124062780264,0.450410792408946,0.1626108831354943,0.3869783244555596,0.0282827026307763,0.8910702951894566,0.4529832422539203,34472.53302801084,True,body,high
-0.0095770236293713,0.001914295522628,-0.0046869706759258,0.0003833399108365,0.0001188523783779,0.1297092565918572,0.1297092565918572,0.1297092565918572,False,0.3137667049417579,7.821161811826642e-05,7.920542973673583e-05,0.0001837174072835,2.3489784728114,0.5688735710574869,0.0054094581083192,0.4257169708341938,-0.6357251604019809,0.2940396913347639,-0.7137185582228006,30004.28040065672,True,body,high
-0.0097751609931344,0.0019880566673556,-0.0050039840568514,0.0004496411850271,0.0002638220591842,0.1406055383736932,0.1406055720020129,0.1406055720020129,False,0.9008725874468284,7.956701338799897e-05,7.535962374630369e-05,0.0002026498032328,2.6891031716802543,0.6073669348862493,0.0207618738068133,0.3718711913069374,-0.2126487753794288,0.8222627376037879,0.527886814267939,16863.500188517766,True,body,high
-0.00990792102491,0.0020157269235868,-0.0050496521689978,0.0005863431471622,0.0003784437246742,0.0671755128989983,0.0671755128989983,0.067175546527318,False,0.528689865667209,8.465245420833224e-05,6.561209013387856e-05,0.0001533001187744,2.336461442725124,0.4477991609849845,0.1242031919262394,0.4279976470887761,-0.2195304977839385,0.7956752620121685,0.5645416175665025,19976.141673907627,True,body,high
-0.0084328542496428,0.0019202997252099,-0.0055742377765118,0.0011032691652129,0.0005197924861523,0.346311785989456,0.346311785989456,0.346311785989456,False,0.3941907575502893,9.2900209630633e-05,8.667059121441764e-05,3.968231540128021e-05,2.3410985143179395,0.0670570975133859,0.5057930008980677,0.4271499015885464,-0.101540504356052,0.9091984647947152,0.4037916264486567,9968.291031775763,True,wing_L,high
-0.0097836388555326,0.0019258830992134,-0.0049314235579938,0.0004408216266003,0.0002110946757782,0.140802768468812,0.140802768468812,0.140802768468812,False,0.921991466318278,7.000962422234506e-05,7.360317955921202e-05,2.741995421222976e-05,2.684292577205828,0.0488233709248391,0.5786389971896925,0.3725376318854684,-0.8043473569945393,0.5627440275881531,-0.1906423056662998,19152.24723363484,True,body,high
-0.0092845437058041,0.0020169866091713,-0.004890689685279,0.0002375027725197,0.0002258146403434,0.3453710505596352,0.3453711010021147,0.3453710505596352,False,0.6350837787861634,2.383041304962613e-05,5.578397115348304e-05,5.795229627006784e-05,2.4318628531273845,0.0374156893883898,0.5513769110191552,0.411207399592455,-0.2758753359844759,0.8640240988478322,0.4211355549055957,8095.341819774284,True,body,high
-0.0099875048293188,0.0017827878057179,-0.0045653189639509,0.0007560348052439,0.0003165082706365,0.1596722575980413,0.1596722912263611,0.1596722912263611,False,0.0389070347306426,7.429323728378956e-05,0.0001290588376842,6.482146975613492e-05,1.9909890684332736,0.4243459912016524,0.0733910803600169,0.5022629284383306,-0.8559103146282827,0.4868539604524776,0.1743294424492071,4025.8789993879377,True,body,high
-0.0084908041870915,0.0019083852731793,-0.0052801352702059,0.0009229545108176,0.0005058252954326,0.3293134606398761,0.3293134606398761,0.3293134942681958,False,0.2663054043771082,0.0001072185581768,4.232971877775102e-05,0.0001024041788949,2.5329381170669283,0.0449024810982046,0.560299085705973,0.3947984331958225,-0.012734297340052,0.7523615788249249,0.6586272787998698,6294.379806350071,True,wing_L,high
-0.0084037116093046,0.0019987881156061,-0.0053262895507384,0.0010321892225818,0.0006163839222572,0.4073600827297774,0.4073600827297774,0.4073600827297774,False,0.122320909425688,2.602722657639616e-05,6.096793305094892e-05,4.464624661101081e-05,2.342467526149719,0.2677093616786812,0.3053903765944524,0.4269002617268663,-0.1039873797983175,0.7650357689895464,0.6355366999703902,6294.938091481238,True,wing_L,high
-0.0092085496541267,0.0020358610171149,-0.0051877228391207,0.0003356586650343,0.0003050974382369,0.2508034571184848,0.2508034234901651,0.2508034234901651,False,0.5439967986746379,5.2762845089508566e-05,2.2641071323007232e-05,4.743303959130817e-05,2.330404084540488,0.1010143689021838,0.469875500956081,0.4291101301417351,0.3520088110231505,-0.7382213401340485,-0.5754294482669072,6544.249549714959,True,body,high
-0.0096887702745338,0.0019486570567329,-0.0048315067086812,0.0003871533235838,7.16728671875053e-05,0.1428834871227551,0.1428834871227551,0.1428834871227551,False,0.105681936049318,0.0001295150384503,8.554092590672667e-05,0.0002328185742887,2.721721466314381,0.4437083087292164,0.1888771661709209,0.3674145250998626,-0.0703924999352145,0.8877848960743028,0.4548437910483228,42761.24511618288,True,body,high
-0.0092741676867769,0.0016885527151713,-0.0042770294583382,0.0007264281602443,0.0006699091054865,0.1808013007854494,0.1808013007854494,0.1808013007854494,False,0.4580546796063973,9.622583608272432e-05,9.87453554528141e-05,4.13215575730986e-05,2.38968134921177,0.0255153202754306,0.5560188452191249,0.4184658345054445,0.0813595936141052,-0.7334130494917717,-0.6748969664786826,5260.292536234573,True,body,high
-0.0096163961099335,0.0018988950584184,-0.0047324965058137,0.000370659857101,7.657507517866686e-05,0.1227306067999858,0.1227306067999858,0.1227306404283056,False,0.7038377224482943,0.000181133149225,0.0001597331704474,6.302287511177167e-05,2.87408578081831,0.1181450158029204,0.5339182570910153,0.3479367271060642,0.0083591514445991,-0.805810950955255,-0.5921138707273412,46404.05874820035,True,body,high
-0.0096673720612191,0.0019126581194579,-0.0047768888229197,0.0003845897529322,5.1269514983584985e-05,0.1599597461032707,0.1599597461032707,0.1599597461032707,False,0.4638426936320581,8.480226164305404e-05,7.96191607276794e-05,0.000188268219552,2.364609446160354,0.5495667731663129,0.0275304080938749,0.4229028187398121,-0.1256154987593734,0.8477974396420708,0.5152283453069942,41329.55684892807,True,body,high
-0.0098822100990108,0.0017550770607674,-0.0050037894518252,0.0005248294732808,0.000386121383476,0.1490488696306791,0.1490488696306791,0.1490488696306791,False,0.282587418153112,0.0001073678982736,0.0001082456039914,0.0002736215985796,2.5484488658071984,0.6043967122721103,0.0032077355090073,0.3923955522188823,-0.7279109142886369,0.200097965870539,-0.6558250566377843,7691.957639408664,True,body,high
-0.0096871129225587,0.0019239294631567,-0.0047769061879513,0.0004034139971931,5.1866979523605335e-05,0.1464429102511333,0.1464429102511333,0.1464429102511333,False,0.1091461756253471,0.000112394414235,8.378751258330591e-05,0.0002384183659135,2.845511921319453,0.5285832372669951,0.1199861493141357,0.351430613418869,-0.138001246929786,0.8559618844993186,0.4982819564565823,37712.332210153865,True,body,high
-0.0090259903291811,0.0011128058966077,-0.0050466846815371,0.0007792772681853,0.0005551585054112,0.2257271553914446,0.2257272058339242,0.2257272058339242,False,0.4546216272381059,6.316493887393565e-05,2.8406635365274443e-05,7.331678731684846e-05,2.580974000408166,0.1384655385817742,0.4740838323759124,0.3874506290423134,-0.7137888025308123,0.6906310108802057,0.1163372347626246,4870.0147895945975,True,body,high
-0.0097393720253567,0.0019696436374222,-0.0048078523440385,0.0004468219735673,8.300988768766924e-05,0.1642296347422325,0.1642296347422325,0.1642296011139128,False,0.1292962434234941,0.0001047751534693,9.104681368660192e-05,0.0002066697713662,2.269928655358355,0.4930310670171073,0.0664264526545277,0.4405424803283649,-0.0740617895513416,0.8289047923076418,0.5544652348144815,31836.80739086425,True,body,high
-0.0098362342190602,0.0019691118410678,-0.0048455204185017,0.0005196903490079,0.0001734246879583,0.1455085473878981,0.1455085473878981,0.1455086146445375,False,0.4038455872526524,0.0001139474226728,9.726039973300638e-05,0.0002199336909444,2.261287137912708,0.4819010121482083,0.0758729727500321,0.4422260151017596,-0.0779341557791982,0.8685679930998873,0.4894036255744513,14851.543816717298,True,body,high
-0.009608725285274,0.0019262854447835,-0.0047490702982138,0.0003616126942429,4.9750630641352056e-05,0.130807893796892,0.130807893796892,0.130807893796892,False,0.1551977825437402,0.000132641793224,6.949210404878016e-05,0.0001710395998582,2.46128106494282,0.2244965883106441,0.3692109267539826,0.4062924849353733,-0.038351903922526,0.8794531051412856,0.4744379488646204,45757.79357998759,True,body,high
-0.0096377152723619,0.0018918926633906,-0.0047770107747856,0.0003562198570621,5.9487583669801775e-05,0.100331522861964,0.1003314892336443,0.1003314892336443,False,0.2746045398696025,0.0001030725398404,3.702073430569508e-05,7.071001190670025e-05,2.784184100437856,0.3139781748256648,0.3268501741894974,0.3591716509848377,-0.5082471308894717,0.7576712304927691,-0.409413190342218,32580.40645147465,True,body,high
-0.0097395928688651,0.0019271628248686,-0.004856150095253,0.000416402736403,0.0001274612623678,0.0768633610119354,0.0768633610119354,0.0768633610119354,False,0.2160616661067806,0.0001141170176421,6.408717580691374e-05,0.0001632869146293,2.5478875074996115,0.3011257644177783,0.3063922295844932,0.3924820059977285,0.1302056707941682,-0.7615940430430879,-0.6348393473110528,39522.96640515708,True,body,high
-0.009846912009577,0.0018926165660982,-0.0048682204040206,0.0005064864825145,0.0002197910173244,0.1272361290751791,0.1272361290751791,0.1272360954468593,False,0.4145650737260226,0.0001052540184947,8.714882813713131e-05,0.000210259948766,2.4126537701141304,0.4994100440316998,0.086108602536185,0.4144813534321151,-0.2504299287873379,0.834344364609098,0.4910746705060336,13993.975356661382,True,body,high
-0.0103983078283039,0.0017994505568118,-0.0053935089407788,0.0011141562925662,0.0009746726002586,0.179218483033182,0.179218483033182,0.1792185166615017,False,0.1449380177343905,8.043409157636594e-05,8.231295222108767e-05,3.423632924164536e-05,2.404257525393859,0.0228258201658862,0.5612453579679192,0.4159288218661945,0.0890355485238223,-0.7742550224366372,-0.626579469285983,2638.0950953193246,False,body,high
-0.0099108689649592,0.0020291986286501,-0.0050732572619728,0.0005967854810542,0.0004008817434016,0.1421795455061958,0.1421795455061958,0.1421795455061958,False,0.5630706992025266,7.536731407219928e-05,6.53720638790192e-05,0.0001516356874369,2.3195793193492458,0.5029711320197195,0.0659162124835292,0.4311126554967512,-0.1101796118831844,0.857690653157599,0.5022222581799437,18214.092062927964,True,body,high
-0.0096131769884677,0.0019063315546463,-0.0047100984588082,0.0003859904588136,8.947554798751129e-05,0.096336041311863,0.0963360076835433,0.0963360076835433,False,0.970056218416544,7.737218746277606e-05,6.916825665391492e-05,3.2901842411334045e-05,2.351606529977265,0.1060320391330292,0.4687267535253379,0.4252412073416329,-0.6872876601849882,0.6404349367204001,-0.3427517527094235,42428.03914750551,True,body,high
-0.0095704260025823,0.0018770487378624,-0.004692906686144,0.0003667711078954,0.0001320644239545,0.1333505983070571,0.1333505983070571,0.1333505983070571,False,0.1269937119803758,7.394969548828008e-05,0.0001351770643695,6.658554901584398e-05,2.0301261515080773,0.4529419925402868,0.054477780729886,0.492580226729827,-0.8399280146003497,0.4912295102282854,0.2306826793896624,23316.75896594373,True,body,high
-0.0097250728269252,0.0019364692326613,-0.0047935690124769,0.0004302666885406,7.44812122311832e-05,0.1661061622388763,0.1661061622388763,0.1661061622388763,False,0.0936222095078426,0.0001007414390306,7.635454209839835e-05,0.0001764032730297,2.310318000497943,0.4289140031224975,0.138245149953196,0.4328408469243064,-0.2462574243646968,0.8568158736912324,0.453016378882702,30698.79149631254,True,body,high
-0.0088277121266719,0.000924424631276,-0.0053884910665569,0.0011119791831023,0.0005706627042662,0.4904219809283616,0.4904219210279171,0.4904219210279171,False,0.2521937107023933,3.4645843099674945e-05,4.748517972118415e-05,1.965279019215278e-05,2.4162054984001533,0.2703861856877695,0.3157417323795753,0.4138720819326551,-0.650315075013274,0.7502690804134392,0.1191075572163764,6041.532543650492,True,body,high
-0.0086496375796485,0.0020019650065238,-0.0059728370225953,0.0012299014780305,0.0007135104862959,0.1918681454048715,0.1918681454048715,0.1918681454048715,False,0.1776489716411407,2.0675453326572967e-05,4.363048802987557e-05,1.8573645798117056e-05,2.349053519384908,0.5261237208161494,0.0481729089763267,0.4257033702075238,-0.8353376070235364,0.5137239394452026,-0.1957007826583572,6871.793261476233,True,wing_L,high
-0.009658511583178,0.0016114788908854,-0.0042042930023892,0.0008617342163885,0.0006398393615019,0.1525702255011417,0.1525702255011417,0.1525702255011417,False,0.4069453489250507,9.880634994686209e-05,7.841700545688117e-05,4.022826581077875e-05,2.4561424151768416,0.2063566208138068,0.3865008642323116,0.4071425149538815,-0.0970714013165607,0.5335485775280149,0.8401803725773835,3013.348966710066,False,body,high
-0.0097068973326637,0.0019296527417319,-0.0045836660527086,0.0005440389917085,0.0001470651958074,0.1413973844179832,0.1413973844179832,0.1413973844179832,False,0.0087519385048788,0.0001389271591631,7.911664897832952e-05,0.0001793308887427,2.2666643627925622,0.2253026785449854,0.3335204024479208,0.4411769190070937,-0.1176239922556197,0.8932800042827603,0.4338380232234625,6822.102326080119,True,body,high
-0.0096674992956422,0.0018630995999132,-0.0047612986771187,0.0003840034579228,9.866444120499328e-05,0.1758753236288803,0.1758753236288803,0.1758753236288803,False,0.0852894116986116,9.757920901374802e-05,8.57159267208971e-05,0.0002350610708946,2.742326658381927,0.5848772038586926,0.0504689366371896,0.3646538595041177,-0.0654910003671565,0.8426541353127086,0.5344576102099216,23224.43308191827,True,body,high
-0.009593441818475,0.0019036663589293,-0.0047358353192403,0.0003540226333999,7.682095884164145e-05,0.1494569156620808,0.1494569156620808,0.1494569156620808,False,0.2033486196197562,0.0001183403303932,7.973823316007792e-05,0.000196977206868,2.4702981124828334,0.3992181518111921,0.1959724063862856,0.4048094418025222,-0.0564686780654459,0.9017651999755378,0.4285216593249625,45258.01029861072,True,body,high
-0.0096734099213497,0.0019106534313135,-0.0048266749364163,0.0003643952177791,7.132856074233228e-05,0.160583685947232,0.160583685947232,0.160583685947232,False,0.1618926514742871,0.0001212364362098,0.0001034201152112,0.0002236731037119,2.16276208216539,0.457974900880365,0.0796533901618077,0.4623717089578272,-0.0536701927464169,0.8957600143987737,0.4412861962659506,33113.98659353677,True,body,high
-0.0095369793199419,0.0019209579682631,-0.0047133054913498,0.0003427921894774,0.0001156681785228,0.1069191761805284,0.1069191761805284,0.1069191761805284,False,0.6013079483753593,0.0001142153338828,7.667722040253797e-05,4.956038657770202e-05,2.304569067550467,0.3286608917047113,0.2374185050551771,0.4339206032401115,0.0892264767721482,-0.7397397184433133,-0.6669511112519697,27460.9650424932,True,body,high
-0.0099326304929015,0.0020827107670092,-0.0050615838446834,0.0006360772639745,0.0004115936482041,0.1499055174470567,0.1499055174470567,0.1499055174470567,False,0.9488058086741312,7.877957264321837e-05,7.831080896268022e-05,0.0001760578963134,2.248194069830011,0.5525359879176136,0.0026625541390285,0.4448014579433578,-0.1422670534750685,0.8200919188390366,0.5542646751782302,13128.734471127893,True,body,high
-0.0097693926702938,0.0019093335195969,-0.0048661188438568,0.0004365898219593,0.0001598626203706,0.12707999278675,0.12707999278675,0.12707999278675,False,0.5286652371023819,0.0001197469365506,8.848408529535318e-05,0.0001982952467733,2.241027254917891,0.3961179680342162,0.1576580970245557,0.4462239349412281,-0.1163302788548951,0.8733186572511161,0.473055799159729,26237.22423538859,True,body,high
-0.0098709009718355,0.0020210460794124,-0.0050211261981214,0.0005514539065379,0.0003348208481978,0.1263077856811726,0.1263077856811726,0.1263077856811726,False,0.0620140961132662,9.970050656381798e-05,4.064218710079823e-05,6.871925225646598e-05,2.453128477474575,0.310743198556579,0.2816140672033166,0.4076427342401043,-0.4208644738681911,0.7900316281768123,-0.4457837156244559,16272.869454639113,True,body,high
-0.0097264326878917,0.0019528329337274,-0.0048847277104148,0.000404220096124,0.0001362604411937,0.1264568263941421,0.1264568263941421,0.1264568263941421,False,0.3278305287604284,0.0001666975657745,0.0001265728133193,7.112724036007443e-05,2.343652937055893,0.24070388951874,0.3326117733130594,0.4266843371682005,-0.007856989186211,-0.7753000716593523,-0.631544192124297,33941.12788164806,True,body,high
-0.0094758143365214,0.0019182699674225,-0.0046929041910649,0.00033277724782,0.0001674860982618,0.1227152050295571,0.1227152050295571,0.1227152050295571,False,0.6080111812368826,8.753356738359935e-05,5.82461783517161e-05,0.0001448448252575,2.486769593412733,0.3956734924567754,0.2021983800926858,0.4021281274505388,-0.1247147967671257,0.8702120274468763,0.4766311432902087,23679.35968178933,True,body,high
-0.0096320722213416,0.0019191177833104,-0.0047823551185707,0.0003557658473641,3.1364900887082964e-05,0.1333055363586412,0.1333055363586412,0.1333055363586412,False,0.1239424621363965,8.650816021076969e-05,9.059996299073978e-05,0.0002190372892484,2.531984135540496,0.5863719675239044,0.0186808501603056,0.3949471823157899,-0.7307021659054593,0.1946121502001611,-0.6543702741839214,38703.60946789708,True,body,high
-0.0098184324016245,0.0019584767329563,-0.004796128998219,0.0005164568915845,0.0001294257675363,0.1436375013073677,0.1436375013073677,0.1436375013073677,False,0.2827882813208991,8.195741193663014e-05,6.946248640495072e-05,0.0002015462976091,2.901512860254038,0.5933568966096711,0.0619953116474908,0.344647791742838,-0.0576048880275694,0.867601554556199,0.4939121575816878,18121.150347011942,True,body,high
-0.0094014261398165,0.001795074907001,-0.0047788828738359,0.0002131230177178,0.0001622752546452,0.137470437383458,0.137470437383458,0.137470437383458,False,0.9213265004150536,8.549052544272864e-05,6.692238152092185e-05,0.0001526765385937,2.2813972713451025,0.4400546002014878,0.1216175326794267,0.4383278671190853,-0.1543818412160159,0.8411569045933424,0.5182868983079735,8103.26046051726,True,body,high
-0.009626123133976,0.00173893430373,-0.0048470072621618,0.0003092148349723,0.0001873472166482,0.1328877044862029,0.1328876708578832,0.1328877044862029,False,0.7172697541614819,7.085406328313178e-05,3.101533970364993e-05,5.611564285096039e-05,2.284484515086372,0.2080109417758708,0.3542535457283519,0.4377355124957773,-0.5241676186246415,0.7981012873759374,-0.2971239517007066,10273.742031326105,True,body,high
-0.0097519322650067,0.0019454232950593,-0.0049111381950792,0.0004194762277031,0.0001731428029042,0.0757365769033006,0.0757365432749809,0.0757365432749809,False,0.3434066262044337,7.548787435680426e-05,5.752522205290972e-05,0.0001353189451599,2.352341118048233,0.4421485161032277,0.1327430706961763,0.4251084132005959,0.1539483276473306,-0.7947338792589898,-0.5871098479607951,26887.262257349463,True,body,high
-0.0094487523758388,0.0019288590721059,-0.0047162307515863,0.0003072281382176,0.0001659072243292,0.112797305581461,0.112797305581461,0.112797305581461,False,0.3873206863498726,6.599577630240733e-05,6.558587746655967e-05,0.0001544044394982,2.354233037088473,0.5725785054051383,0.0026547088748209,0.4247667857200407,-0.0409322635428757,0.8931266066956863,0.4479390742204853,18722.63252330236,True,body,high
-0.0094545578098166,0.0019037915340265,-0.0047704706643166,0.0002526786656648,0.0001180579433294,0.1188469394129317,0.1188469730412514,0.1188469730412514,False,0.6981349149787347,4.419028157256199e-05,4.067669761937584e-05,0.0001177810896228,2.8955420797657143,0.6248100462130176,0.0298314777392392,0.3453584760477431,-0.089382683231569,0.86165840218658,0.4995553361536587,15418.96502070297,True,body,high
-0.0099787106326576,0.0020015417470744,-0.0050105201099097,0.0006460451958362,0.000387848428036,0.1519448396394327,0.1519448060111131,0.1519448396394327,False,0.1048829759386138,7.634230976089611e-05,7.759335003889914e-05,2.907573143465264e-05,2.6686637346781548,0.0161230347365573,0.6091575927904617,0.374719372472981,-0.7850530877419917,0.543946002167069,-0.2963349391368282,12126.712174488996,True,body,high
-0.0084981501224261,0.0018498227203162,-0.0045733832216075,0.0009576126282127,0.0008710500833636,0.315222353971994,0.315222353971994,0.315222353971994,False,0.1091501398485397,2.884041194327181e-05,6.194014660915184e-05,6.712058696445922e-05,2.327310272005938,0.0771810943496435,0.4931383374732189,0.4296805681771375,-0.1531365432640932,0.8061161252003541,0.5715995029818445,6542.845391907779,True,body,high
-0.009687737675786,0.0015385910716154,-0.0041731971016043,0.0009194114291263,0.0007063703455989,0.1969026747774753,0.1969026747774753,0.1969026747774753,False,0.4732960251114391,8.069208968726771e-05,3.378793361284842e-05,3.554369997801382e-05,2.388192501259776,0.5595144441571922,0.0217588411945965,0.4187267146482113,-0.8360068078863693,-0.5338176428453365,0.1270092175973537,2668.54941100162,False,body,high
-0.0086299730209188,0.0008482351038322,-0.005307339688841,0.0012527144830319,0.0006259757544559,0.3210686877966376,0.3210686877966376,0.3210686541683179,False,0.3011231467644599,7.265665268315935e-05,2.890137092945206e-05,6.470899583028158e-05,2.513951772755468,0.1093864988184339,0.4928333962339164,0.3977801049476497,0.6994990180347477,-0.7032569557278623,-0.1270069997630193,5245.166498038438,True,wing_R,high
-0.0096129064968188,0.0019161828249674,-0.004746127010308,0.0003634495675997,5.618606170188297e-05,0.1417854552274752,0.1417854552274752,0.1417854552274752,False,0.1860646952444933,0.0001247929143569,7.547894801958461e-05,0.0001958874965756,2.595260025680708,0.3629357843738883,0.2517463707455352,0.3853178448805764,-0.0540254790385672,0.890273653703093,0.4522102045916242,53206.53705097338,True,body,high
-0.0096163230453012,0.0019639313634757,-0.0048161630518484,0.0003420558948215,2.735759633257653e-05,0.1420778534673826,0.1420778870957024,0.1420778870957024,False,0.7450217390277786,0.000109779859341,0.0001011978148509,4.383393092109317e-05,2.5044493394555483,0.0781750363102768,0.5225355932697195,0.3992893704200037,0.0901468901201835,-0.7651637210330526,-0.6374935436665319,18869.34820512611,True,body,high
-0.0084963614096469,0.0019209940596862,-0.0055787630139849,0.0010530125978809,0.0004971708073887,0.32326915689708,0.32326915689708,0.32326915689708,False,0.3798939234643046,9.225103801827042e-05,8.607242058222352e-05,3.5214197570745976e-05,2.6197114908819485,0.0669761291447281,0.5513024471486707,0.3817214237066011,-0.1509301444943851,0.8826142584958592,0.445210244921103,9948.08703604784,True,wing_L,high
-0.0095846241490431,0.0019325695893489,-0.0047436219882143,0.0003513950462971,6.312474789548056e-05,0.1426532003893582,0.1426532003893582,0.1426532003893582,False,0.1964495893199214,0.0001035413520759,9.0811984093576e-05,0.0002137215297857,2.353450724802136,0.5155314853875662,0.0595605318527462,0.4249079827596875,-0.1233971346620023,0.8239050874162124,0.5531306844561159,33732.876368901845,True,body,high
-0.0095567691319358,0.0019996538921573,-0.0049098984923447,0.0002807734781207,0.0001097267080126,0.119556396073924,0.119556396073924,0.119556396073924,False,0.6380033610598719,0.0002006688545806,0.0001775915211846,8.874928204391463e-05,2.261075807704718,0.1150020686778755,0.4427305838088501,0.4422673475132743,0.2353697121308343,-0.673013584952256,-0.701180299980797,10010.627056962205,True,body,high
-0.0096043466166262,0.0019112668312926,-0.004722809710571,0.0003723757475788,7.963174250071449e-05,0.1395786976312464,0.1395786976312464,0.1395786976312464,False,0.1412892693680852,0.0001138510742657,9.088181460397284e-05,0.0002188793207744,2.408395141847565,0.4798454515353471,0.1049402912091491,0.4152142572555036,-0.1501035146054279,0.8675620900600834,0.4741360087503139,51442.16486811305,True,body,high
-0.0097784478714029,0.0019437937084608,-0.0047740852861494,0.0004864416046292,9.570879961503114e-05,0.1368672798410795,0.1368672798410795,0.1368672798410795,False,0.1481652827919087,9.799705097256272e-05,9.129809564154554e-05,0.0002144566477043,2.348971752339696,0.543044936953228,0.0312368742248123,0.4257181888219596,-0.1518770206412679,0.8744774662752741,0.460676167798931,18324.852208671044,True,body,high
-0.0098127119969783,0.0019867572471051,-0.0049412556857793,0.0004858841137367,0.0002333585789402,0.1519292697274055,0.1519292697274055,0.1519292697274055,False,0.7093740723077939,8.14586293819155e-05,8.633738772561272e-05,0.0002013708866871,2.472063281877793,0.5712518867746887,0.0242277243943285,0.4045203888309827,-0.700706107266686,0.3211801804626024,-0.6370669061544301,19576.23164912644,True,body,high
-0.0097213429483702,0.0019433773248427,-0.0048641865620026,0.0004022393376607,0.0001179273833712,0.1004550733085908,0.1004550733085908,0.1004550733085908,False,0.0681214841950883,0.000113126575884,9.814501196189674e-05,0.000232475009786,2.3686889953845616,0.5133817781609705,0.0644437607981245,0.422174461040905,-0.1726389072099033,0.832664749659717,0.5261798384502121,41734.96906089635,True,body,high
-0.0095672290852753,0.0019153247742653,-0.0046766018612383,0.0003864655299218,0.0001317784666557,0.1079599390473365,0.1079599390473365,0.1079599390473365,False,0.5395326345320585,8.843287842337707e-05,3.76875564321017e-05,6.721609552074774e-05,2.346474189237996,0.2399196235709174,0.3339090575258288,0.4261713189032538,-0.3811301122720503,0.8156974362878772,-0.4351752864684287,26968.98454079492,True,body,high
-0.0097491045612296,0.0019964523089993,-0.0049593241115903,0.0004298457280311,0.0002142467191532,0.1457635173079647,0.1457634836796449,0.1457635173079647,False,0.3310241962741386,8.658343349735574e-05,5.758444681189024e-05,0.0001428356984581,2.4804562059050914,0.3938249721044687,0.2030233827992168,0.4031516450963144,-0.1628047408575736,0.8744067721426659,0.4570639049250577,21146.671134469125,True,body,high
-0.0092621465142076,0.001824312673034,-0.0046808887702396,0.0003220939031746,0.0003061603033228,0.1310425858401714,0.1310425858401714,0.1310425858401714,False,0.9810009294899178,0.0001459063945655,0.0001061342299485,5.516068007661095e-05,2.645115947862525,0.2725868508743009,0.3493578881424959,0.3780552609832032,0.1679813365366602,-0.8198374894835263,-0.5474018281050095,7935.982914365451,True,body,high
-0.0095874331530101,0.0018980910571925,-0.0047975348417476,0.0003072190214533,3.771575758365412e-05,0.1102146506274766,0.1102146506274766,0.1102146506274766,False,0.9666033491556656,8.869174692225042e-05,7.262250035603716e-05,0.0001738290396105,2.3935975594106607,0.4897760056606343,0.0924428196935263,0.4177811746458393,-0.2539703703301822,0.8456840332734851,0.4693799813164607,21222.93342406993,True,body,high
-0.0094846942035626,0.0018829504238856,-0.0046898664606298,0.0003294430368698,0.0001695612804387,0.0860021931772326,0.0860021931772326,0.0860021931772326,False,0.9973943795468398,7.271467222227013e-05,7.008778448501629e-05,0.000166298460173,2.3727167493587364,0.5627459680227577,0.0157962240571584,0.4214578079200838,-0.0940221375964419,0.8356522136482807,0.541151749019186,26699.13887415221,True,body,high
-0.0097073342277166,0.0019212100975012,-0.0048696318311865,0.0003812296580377,0.00011721122994,0.1231562740709173,0.1231562740709173,0.1231562740709173,False,0.7664097397960945,7.758424872214875e-05,5.567846955953964e-05,0.0001352641099372,2.429379094061204,0.4264239881655976,0.1619482002488932,0.4116278115855091,-0.1253601143211461,0.8380353676190414,0.5310193634482714,36923.75540685787,True,body,high
-0.0096513440896185,0.0019010679710432,-0.0047795328603033,0.0003675367566858,5.4912720290831895e-05,0.1228267165377265,0.1228267165377265,0.1228267501660463,False,0.6425595016363896,6.573208876857841e-05,6.587115006156358e-05,0.0001604447769287,2.440889677088887,0.5894465913911892,0.0008667237142094,0.4096866848946013,-0.5556013091021932,0.4185331342894647,-0.718426893167124,41114.76806461285,True,body,high
-0.0099938336679333,0.0019555335045536,-0.0049833336595605,0.000648548185673,0.0003800687309025,0.1429707526124112,0.1429707526124112,0.1429707526124112,False,0.2386506560108635,7.005497327590825e-05,6.134978974497306e-05,2.6633494955434383e-05,2.630333472686581,0.1242621775994436,0.4955578906983542,0.380179931702202,-0.7598367309635434,0.6413270019093519,-0.1065261418647927,11816.026767337788,True,body,high
-0.0084882669453329,0.0019629850152319,-0.0054499314964068,0.0009989233605557,0.0005293771024332,0.3442490753007193,0.3442490753007193,0.3442490416723996,False,0.2298918622606731,6.337026443876804e-05,2.7313939579741868e-05,5.594513272156212e-05,2.320070462694013,0.1171705970136909,0.4518080111451222,0.4310213918411868,0.0621760389646975,-0.7141496814080175,-0.697226199108645,9919.454136409327,True,wing_L,high
-0.0096060350440189,0.0019100315108309,-0.0047427666839589,0.0003592934405729,6.420554007807638e-05,0.1284337007968105,0.1284337007968105,0.1284337007968105,False,0.1330248723299018,7.894337596246151e-05,0.0001364601464724,8.677057936596872e-05,1.7285826050477655,0.364132447392012,0.0573588963946117,0.5785086562133761,0.5306876592116616,0.773400639325297,0.3467305285833207,50916.84835335341,True,body,high
-0.0095263553683823,0.0019377379405356,-0.0046845322800879,0.0003665340769759,0.0001439878830856,0.0957393740351892,0.0957393740351892,0.0957393740351892,False,0.9792871187543092,0.0001260338505724,6.20026749781563e-05,0.0001460658747564,2.3557995652271004,0.1371437662450019,0.4383719037803469,0.4244843299746511,-0.1922570860970606,0.8230857228964239,0.5343847917086888,24338.987566723736,True,body,high
-0.0095077030307586,0.0020311274809672,-0.0050144611399177,0.0002635510713854,0.0001960659492644,0.2011419280171783,0.2011419280171783,0.201141961645498,False,0.2447677674502264,8.314443258080634e-05,6.269149834608346e-05,7.756079740376679e-05,1.3262473345558607,0.0671558516153553,0.1788369779688155,0.7540071704158291,0.375523830394216,-0.8268230692242204,-0.4187427193453003,8198.765027049643,True,body,high
-0.010549993848279,0.0023353595924879,-0.0052316726255052,0.0013211603656079,0.0009235463156965,0.1975194854176574,0.1975194854176574,0.1975194854176574,False,0.2207552562866235,6.099962952316765e-05,5.251966406715158e-05,5.877510385650133e-05,1.1614626751072437,0.0364678553633091,0.102548816087054,0.8609833285496368,-0.8090119167958452,-0.5527788352658454,0.1998381289054912,4885.022750163124,True,body,high
-0.0099669900724977,0.0019609404072678,-0.0049579154154566,0.0006243115379832,0.0003429306515496,0.1514454927200094,0.1514455263483291,0.1514455263483291,False,0.1178909545731969,6.671712576716592e-05,0.00011649152371,4.638355000121215e-05,2.511483569217513,0.4272791389248058,0.1745498309093214,0.3981710301658727,0.1751258338055654,-0.9058815961616836,-0.3856286764096592,14115.664613334942,True,body,high
-0.00962549115356,0.0020059735130692,-0.0045886685431682,0.0005155190710658,0.0001617303371283,0.1649984790158387,0.1649985126441583,0.1649985126441583,False,0.0043716454558884,0.000124341250835,9.008113622524116e-05,0.0002260499864162,2.509404253638643,0.4499391360012376,0.1515599056338447,0.3985009583649176,-0.1293949558367553,0.8934071419801825,0.4302099767123099,7499.208067350842,True,body,high
-0.0093747854246599,0.0018878485755824,-0.0046472112122292,0.0003482866715129,0.0002647246201024,0.1723161358987402,0.1723161358987402,0.1723161695270599,False,0.2011486460382923,0.0001197455661635,0.0001326318635756,5.266737659878188e-05,2.518292577700517,0.0971583830966414,0.5057471693181174,0.3970944475852412,0.1697506478688908,-0.7328700832691508,-0.6588521523051738,13375.257530352746,True,body,high
-0.0092543656257199,0.0012271811342143,-0.0055861960049691,0.0008451705894207,0.0005606457645138,0.2659159062985406,0.2659159062985406,0.26591597355518,False,0.4375540747682652,7.016415839732212e-05,6.735045977910986e-05,2.82949169438316e-05,2.479744278331171,0.0401016513627796,0.556630959843008,0.4032673887942123,-0.6862684077664554,0.7235680629013697,0.0740603190031882,4513.428298077552,True,wing_R,high
-0.0099329381586633,0.0020808460702174,-0.0050658001930653,0.0006360751082281,0.0004148777522788,0.133876746997292,0.133876746997292,0.133876746997292,False,0.7879134668789968,8.205133669056679e-05,7.816456698900874e-05,0.0001791036573998,2.2913663351454163,0.5418779388329613,0.0217012302148647,0.4364208309521739,-0.2231079327269453,0.7740849275030555,0.5924655056346304,13238.420311157524,True,body,high
-0.0096732672202504,0.0018997434680106,-0.0047537915609297,0.0003992809936579,6.818026372069489e-05,0.1076062027522719,0.1076062027522719,0.1076062027522719,False,0.988870684596128,0.0001606644995524,0.0001395606486745,6.260510553311743e-05,2.566316248240642,0.1313535406806835,0.478982870240785,0.3896635890785314,0.0302622368667933,-0.7446249964319765,-0.6667966794372155,31216.037384979503,True,body,high
-0.0097132799197433,0.0018988501044977,-0.0048151977652063,0.0004012017103195,9.892045839235011e-05,0.1227056882150782,0.1227056882150782,0.1227056882150782,False,0.7934593306185241,9.158325452864728e-05,7.854177000594053e-05,0.0001791675504463,2.2811753597201943,0.4888401705527319,0.0727893220073409,0.4383705074399271,-0.1809307147766808,0.8158738124010416,0.5491939536161968,31637.273704433144,True,body,high
-0.0097493883806365,0.0019338052306944,-0.0048644389409709,0.0004246749111566,0.0001380348055442,0.1317740354222563,0.1317740354222563,0.1317740354222563,False,0.1256595064776422,0.0001047137198425,9.9860419657735e-05,0.0002365793363282,2.369100161396548,0.5573843368245341,0.0205144720588709,0.4221011911165948,-0.1479738904566642,0.849091994877331,0.5070961565407035,37423.17133277514,True,body,high
-0.009630455440925,0.0019261482686471,-0.0048842177979946,0.0003095999348591,7.840087296591774e-05,0.1220613696093707,0.1220613696093707,0.1220613696093707,False,0.8102356938859485,0.0001072344594774,0.0001116995298168,4.425733998861201e-05,2.523864512543612,0.039973940326782,0.5638082773675522,0.3962177823056658,0.1992355585576098,-0.686729981755712,-0.6990759074406989,18405.499201330207,True,body,high
-0.0100099089701428,0.0019635422820149,-0.0048971201602156,0.0006720611466926,0.0003251795955185,0.1143185498803334,0.1143185835086531,0.1143185835086531,False,0.6769181323212583,0.0001739413893388,0.0001251970172211,7.07684341514027e-05,2.457895125483269,0.2802344646259641,0.3129133513113082,0.4068521840627277,0.1068192011966572,-0.7913873521348302,-0.6019100573480483,13172.655010563714,True,body,high
-0.009629195350873,0.0019228728834742,-0.0047395276608652,0.0003810625879181,5.304851682202837e-05,0.1227495059156647,0.1227495059156647,0.1227495059156647,False,0.8592038146593861,6.300448618608413e-05,4.839602633775696e-05,0.000116885241577,2.4151826177069555,0.4609714166132932,0.1249812179127746,0.4140473654739321,-0.2820567920966159,0.8301344067909971,0.4809582442311657,45543.74061065953,True,body,high
-0.0095854378088672,0.0019047470748901,-0.0047183880924868,0.0003618672056206,9.302886723676812e-05,0.0806723399009063,0.0806723399009063,0.0806723399009063,False,0.9980321710973488,5.31361647805904e-05,6.12947002227164e-05,0.0001298069244151,2.442911055984761,0.5278009975285193,0.0628513115065756,0.4093476909649051,-0.5578882943551939,0.4149161912818928,-0.718752534071067,38747.019590413904,True,body,high
-0.0092166798047596,0.0020266259511109,-0.0047079721736919,0.000379570567367,0.0003573658926589,0.1910786533429614,0.1910786197146417,0.1910786533429614,False,0.0328071813713725,8.884158533333302e-05,4.051571852774671e-05,9.93438760157129e-05,2.451983566518225,0.1057165383875174,0.4864503857081513,0.4078330759043312,0.3882680046111955,-0.7881085615713492,-0.4776325489046783,6441.165524815706,True,body,high
-0.0090574960110846,0.0019765464219989,-0.0050781461023228,0.000356078990647,0.0002846724971405,0.3006571048103136,0.3006570711819939,0.3006570375536742,False,0.3468055440550309,2.830376912473175e-05,6.004572860391748e-05,6.571754699222072e-05,2.3218655685965484,0.086305996615708,0.4830058474785001,0.4306881559057917,-0.3215023807248904,0.7778922831933689,0.539925749466012,7051.853026724224,True,body,high
-0.0084684762987911,0.0018510663803802,-0.0045906720751649,0.0009773361159161,0.000878160615954,0.3303703482859867,0.3303703651001466,0.3303703987284664,False,0.1309603300698252,6.998779501982603e-05,2.9487199265320167e-05,7.339709981952308e-05,2.4891173678147607,0.0464501296111184,0.5518010364727383,0.4017488339161433,0.0086669060742723,-0.7236414258687573,-0.690121707748518,5757.287831814153,True,body,high
-0.0096091196956124,0.0019143074833762,-0.0047189683104397,0.0003790222942976,7.955283782915246e-05,0.1232362422151956,0.1232362422151956,0.1232362422151956,False,0.1855810194833434,7.077754589307886e-05,0.0001340270357301,7.751125484725525e-05,1.8936377920283587,0.4216744821297614,0.0502414226912677,0.5280840951789709,0.5162265697842219,0.8058018477679472,0.290161180695451,49411.03322685119,True,body,high
-0.0089592371416097,0.0018523465737331,-0.0043327650182116,0.000768919616949,0.000764914866607,0.1162808632205659,0.1162808632205659,0.1162808632205659,False,0.9136075612349946,9.037473195839332e-05,7.669418730166701e-05,0.0001852644762081,2.415626043202395,0.5121853157814504,0.0738433235379451,0.4139713606806044,-0.1669335633371778,0.8421302904529826,0.5127862706168406,5731.518446187703,True,body,high
-0.0103173359710799,0.0023706764903422,-0.0050827517820405,0.0011107561626503,0.000693339370574,0.3416437884875677,0.3416437884875677,0.341643754859248,False,0.0813912289139545,2.651064152625155e-05,1.598316792604098e-05,3.847231431204784e-05,2.407051874201099,0.3109163823308237,0.2736376479673807,0.4154459697017955,-0.3346485711070704,0.9278772387662844,0.1644814993713634,3773.850931907807,False,body,high
-0.0089851864631344,0.0010974470129378,-0.0049771715853926,0.0008090849590611,0.0005984190973973,0.5341191271413257,0.5341191271413257,0.5341191271413257,False,0.3171447608559425,3.498583884462949e-05,3.956026733806872e-05,1.7082066973715253e-05,2.3158946396206863,0.1156318903092261,0.4525695369526863,0.4317985727380875,-0.7292114473335618,0.656983497780208,0.1913722778308698,5487.577141835401,True,wing_R,high
-0.0091963547474554,0.0017918491220405,-0.00424062025825,0.0007649022500413,0.0007108563270283,0.1646558064379597,0.1646558736945991,0.1646558736945991,False,0.3650306462110568,0.0001231715894353,7.55838991785637e-05,0.0001708970143176,2.2610240563787607,0.279264240354411,0.2784582893202213,0.4422774703253677,-0.1467734595116302,0.9091127705521784,0.3898352498196261,7836.094836870156,True,body,high
-0.0092402083177151,0.0019274515252656,-0.0044551958028306,0.0005572983567527,0.0004992597032472,0.1023307600972418,0.1023307600972418,0.1023307600972418,False,0.9637177384519374,0.0001268976354868,0.0001152906538085,5.464223392929265e-05,2.322336155784817,0.0914672809602939,0.4779318357399079,0.4306008832997981,0.0663329216443704,-0.7884134100520915,-0.6115588592737042,6329.797856700018,True,body,high
-0.00953868599524,0.0018424793528309,-0.0048562990283314,0.0002226246463201,5.715015393885992e-05,0.1511697741266797,0.15116974049836,0.15116974049836,False,0.3166559608607024,0.0001233753256006,0.0001007597909358,0.00024029116881,2.3847922527245538,0.4865590516220521,0.0941172111184319,0.419323737259516,-0.1524599653047607,0.8053155763475051,0.572907306177323,13650.72745169986,True,body,high
-0.009075500694815,0.0019562115882282,-0.004877556403659,0.0003372980866173,0.0003229581100448,0.1177876809702812,0.1177876809702812,0.1177876809702812,False,0.0994822169110249,0.0001850789647372,0.0001505053033953,8.078410210616166e-05,2.2910320213010724,0.1868049207592342,0.3767105645319307,0.436484514708835,0.1515274455455171,-0.7660250249966377,-0.6246960015282241,6406.483581342891,True,body,high
-0.0094794357064962,0.0017795033790584,-0.0047826135487671,0.0002389770099152,0.0001474067250415,0.1428252765013313,0.1428252765013313,0.1428252765013313,False,0.8996442105525762,0.0001065738651898,7.374602129481262e-05,0.000177696388743,2.4095725521611824,0.4002474335936073,0.1847411988909863,0.4150113675154063,-0.1911568075995647,0.87734409203577,0.44014363459929,9440.751086503184,True,body,high
-0.0091072987913877,0.0018859361695674,-0.004016935070342,0.0010055304393765,0.00093272859451,0.3000091039035975,0.3000091375319171,0.3000091039035975,False,0.0139973071528953,0.0001056046194014,0.0001371953202655,5.426138604943312e-05,2.528415329098529,0.2302607756805428,0.3742345821463946,0.3955046421730625,0.2108070809917214,-0.8138383800605853,-0.5415048159934621,4401.160746431414,True,body,high
-0.009543105545785,0.0019163331927356,-0.0047546979739122,0.0003126733236121,7.87563339105467e-05,0.1156970083337028,0.1156969747053832,0.1156970083337028,False,0.1301891948262231,0.0001246615944753,7.626590203794647e-05,0.0002090168079571,2.740632476269147,0.4035810053089118,0.2315397164008043,0.3648792782902839,-0.1647542679930663,0.8504101611025334,0.4996584724305514,24082.524311837704,True,body,high
-0.0094448288369779,0.0019073361517058,-0.0047157041554448,0.0002991929083378,0.0001676475474621,0.1270535609274554,0.1270535609274554,0.1270535609274554,False,0.847198783791706,7.474935700419401e-05,3.197638245490978e-05,7.133340937887173e-05,2.337642699564243,0.0456986890887987,0.5265199394525055,0.4277813714586957,-0.429289871871091,0.8597040160318447,-0.2768017534764188,21666.29063082997,True,body,high
-0.0096126448548092,0.0019062871304095,-0.004690698479578,0.0003998039143636,0.0001049109683778,0.0870857312667161,0.0870857648950358,0.0870857648950358,False,0.1002387083842008,9.64177767221042e-05,0.0001075858600668,0.0002536192498575,2.6304200167212373,0.5757977356717345,0.0440348410106468,0.3801674233176186,-0.3194249776750437,0.4519632228582118,-0.8328847031978172,28313.21181245251,True,body,high
-0.0096870858415472,0.0017492656382954,-0.0049633456931755,0.0003333408634194,0.0002405005199015,0.155664501711245,0.155664501711245,0.155664501711245,False,0.8634776925510537,5.743767679440183e-05,6.517174951849474e-05,0.000153112003865,2.6657067696722088,0.5743524487085769,0.0505125171695094,0.3751350341219135,-0.6867043706007576,0.3353911993360493,-0.6449417421796668,8279.927870671885,True,body,high
-0.0087933789793032,0.0019492418961066,-0.0052123080738633,0.0006253722708092,0.0003828868550223,0.3428391239259383,0.3428390734834587,0.3428390734834587,False,0.3728593742049891,8.655288710016737e-05,9.684061909794556e-05,4.117369070118538e-05,2.352002393974304,0.1062336454847844,0.4685967192453098,0.4251696352699057,-0.3127286820917802,0.7435557794854,0.5910377096184283,7539.216870135311,True,body,high
-0.0098600581234808,0.0019684115810072,-0.0050136837286463,0.0005231416585678,0.0003194042301028,0.1585642717201262,0.1585642717201262,0.1585642717201262,False,0.1813663709820746,7.398157917392229e-05,6.94754053010558e-05,2.708869345386859e-05,2.7310870234443456,0.0609094037080904,0.5729360243519656,0.3661545719399439,-0.8652634322794823,0.4786601116824235,-0.1490090273912943,15877.661536289725,True,body,high
-0.0088115409968891,0.0009109616880781,-0.0055219158002798,0.0011844840620158,0.0005571521956174,0.4461128413320143,0.4461127530576751,0.4461128413320143,False,0.3528769203566145,1.917910629524684e-05,4.5137770354067766e-05,4.768690056133359e-05,2.486398470670755,0.0534555648880388,0.5443562855470886,0.4021881495648725,0.6212485775810959,-0.7729222175305216,-0.1290017461167333,6165.306594577337,True,wing_R,high
-0.009645470553761,0.0019201593223163,-0.0047466744475985,0.0003874673179709,4.824903248508106e-05,0.1575225336320464,0.1575225336320464,0.1575225336320464,False,0.1135242506685207,7.266836376930251e-05,0.0001406941421811,8.165097111730959e-05,1.936112702740559,0.4196562141713145,0.0638449277898406,0.5164988580388449,0.5253820708738842,0.8182813950845107,0.2332150039401749,33729.15192095395,True,body,high
-0.0100487542156069,0.0020164120818423,-0.0049069741055942,0.0007214781503454,0.0003488213021473,0.1426432127784033,0.1426432127784033,0.1426432127784033,False,0.1872113576085526,6.239589175614881e-05,6.041420359039638e-05,0.0001384190591405,2.2911674890065874,0.5492247083344477,0.0143165845661496,0.4364587070994026,-0.2453829953622279,0.7591410279990465,0.6029030479236374,9929.451013858948,True,body,high
-0.0094612367143739,0.0020248335186356,-0.004941913181698,0.0002379168211082,0.0001563040692523,0.3107127626701154,0.3107127626701154,0.3107127962984352,False,0.5138804135632441,6.052215609226351e-05,2.6488957998374244e-05,5.558689585513264e-05,2.284806978665527,0.0815446863724957,0.4807815804248581,0.4376737332026462,0.3434761278208375,-0.8174849805937767,-0.4623228916253191,10100.112369012932,True,body,high
-0.0092308734367742,0.0018199489539493,-0.0042095985823166,0.0007885055914589,0.0007134143050371,0.1318342301145431,0.1318341628579037,0.1318342301145431,False,0.7424855654960916,0.0001118040797135,8.91782446713891e-05,0.0002013150101482,2.257445309560468,0.4446311796065725,0.1123902039171312,0.4429786164762961,-0.1263669818797107,0.8217664385986456,0.5556359476163428,7419.611192715782,True,body,high
-0.0097644101587783,0.0019784739295732,-0.0049004531175103,0.0004442973632864,0.0001717514897633,0.1372373258712051,0.1372373258712051,0.1372373258712051,False,0.3498887141645617,0.0001078635506847,8.972643472714805e-05,0.0002443883617539,2.723705254724007,0.5586387587746973,0.0742143194849288,0.3671469217403739,-0.1770298790468712,0.8732745294919155,0.4539295298450232,24335.86895428697,True,body,high
-0.0096158568095698,0.0019084116902394,-0.0047216980108152,0.0003800535917329,7.8594603290451e-05,0.0807512655672735,0.0807512319389538,0.0807512655672735,False,0.9904720978910644,8.058603990706285e-05,3.67505068069125e-05,7.192676204647756e-05,2.192787172445339,0.1074538204206552,0.4365055694526327,0.456040610126712,-0.3696367306399651,0.8845629080739607,-0.2844593978435863,53014.41728780671,True,body,high
-0.0093947232964024,0.0019392683854467,-0.004676636104328,0.0003366804166404,0.0002316504100319,0.0778287964425857,0.0778287964425857,0.0778287964425857,False,0.9710825717967656,5.18863610181445e-05,0.0001193875199517,5.628715577727916e-05,2.300942243954152,0.5285340058990354,0.0368614304151296,0.4346045636858349,0.4128206987191294,0.6835218767233036,0.6019775035245941,16458.683743290978,True,body,high
-0.0096936079269862,0.0019512160979451,-0.004887956291758,0.0003733352500925,0.0001191783435478,0.1136956525142832,0.1136956525142832,0.1136956525142832,False,0.4612219865000665,9.356037353154004e-05,8.32109064304232e-05,3.860098088262005e-05,2.4237822820110067,0.1106180609425201,0.4768036281168196,0.4125783109406601,0.1737697987146745,-0.7074887211744831,-0.6850282961057561,30517.377685141702,True,body,high
-0.0096463974575316,0.0019244347177397,-0.0047892647399058,0.0003645617143934,3.143289959315321e-05,0.1042610256487875,0.1042610256487875,0.1042610256487875,False,0.3088334327411205,8.365417577202691e-05,6.762908795302771e-05,0.0001555610670642,2.3002094479278754,0.462242209116184,0.103014771764039,0.434743019119777,-0.0787948378736948,0.8563955313110735,0.510272542348579,44667.399325285136,True,body,high
-0.009441912077396,0.0018700439527737,-0.0047087785065788,0.0002954111073493,0.0001785321169694,0.089571435774967,0.089571435774967,0.089571435774967,False,0.7975215056017844,9.15979289245682e-05,9.487539836936056e-05,0.000220603901833,2.4083939934355434,0.5699287384266026,0.0148568063282601,0.4152144552451373,-0.384186001944107,0.43503305221397,-0.814338602420148,19330.374387164626,True,body,high
-0.009382448597583,0.0019114437238175,-0.0046729084422189,0.0003298532177841,0.000239569551264,0.0866723383324801,0.0866723719607998,0.0866723383324801,False,0.2653616590177642,0.0001427113848792,7.825832440427237e-05,5.960055550884129e-05,2.394464005592952,0.4516322263253247,0.1307377747838106,0.4176299988908647,0.2909012673134365,-0.8313719672316736,-0.473494566786963,15551.856802867089,True,body,high
-0.008311131997091,0.0019982053809644,-0.005674348534488,0.0012681282715746,0.0006491863157687,0.363498152495793,0.363498152495793,0.363498152495793,False,0.3669185193266183,9.947323521809626e-05,8.24878782688424e-05,3.4932595342102e-05,2.847576432381696,0.1707530363520726,0.4780711396635976,0.3511758239843297,0.0162041692401169,0.8533944495982461,0.521013760177353,5857.702855621833,True,wing_L,high
-0.008998009038117,0.0020196597253108,-0.0054325454275464,0.0006101826073003,0.0004251113694942,0.3004512322370286,0.3004512322370286,0.3004512322370286,False,0.6457255007571154,2.4266382902626592e-05,5.875941130581836e-05,5.804378104184096e-05,2.42143262725234,0.0121789896813779,0.5748423510136448,0.4129786593049773,-0.2606996317355259,0.8230934162809918,0.5045323875509351,5362.464380619516,True,body,high
-0.0096660179297344,0.0017504723788041,-0.0048219895177983,0.0003527192143103,0.0001951568942875,0.1514504697113269,0.1514504697113269,0.1514504697113269,False,0.5881815931314851,6.545153796971577e-05,0.000146781810985,7.875500894551688e-05,2.242602932461561,0.4634552577256114,0.0906343291891955,0.4459104130851929,0.4784804981569187,0.8345676014347392,0.2730445595850116,9935.925327032845,True,body,high
-0.009689020431973,0.0018590077715018,-0.0048175359623673,0.0003721240762855,0.0001133697488334,0.1553607707275941,0.1553607707275941,0.1553607707275941,False,0.255144831857845,9.104038856674358e-05,0.0001243181296787,9.109631967541904e-05,1.3655272306711543,0.2672322217941569,0.0004499030738314,0.7323178751320115,-0.9877490659149376,0.1098173321139515,-0.11086900536914,18771.99778505797,True,body,high
-0.0088858163390594,0.0018713906788976,-0.0046998930681634,0.0005582526071859,0.0005311140186953,0.3258641366302394,0.3258641366302394,0.3258641366302394,False,0.6321938787731805,0.0001100868324432,4.207222577490251e-05,0.0001050916318197,2.616615365972632,0.0453750963006773,0.5724518059623206,0.382173097737002,-0.2279761276734266,0.8227327353839196,0.5207088738812916,6404.539766777799,True,body,high
-0.0096992801635414,0.002015912654135,-0.0049644506427676,0.0003947071875331,0.0002001440744391,0.8643045325876515,0.864304465331012,0.864304465331012,False,0.9521965195831256,6.887724376915474e-05,2.885895584116178e-05,3.06799707785867e-05,2.3866852338058098,0.5545702891159229,0.0264385570294905,0.4189911538545866,0.8950429699894682,0.2035383155147603,-0.396825195759853,16407.55505952129,True,body,high
-0.0091254802820668,0.0012751335835615,-0.0047800120367506,0.0006234454301123,0.0005647422402409,0.8246604091324728,0.8246604763891123,0.824660274619194,False,0.2865436266005264,1.5919018384971965e-05,3.719601720686924e-05,3.889876084592024e-05,2.443540167190324,0.0437737244586181,0.546983974789748,0.4092423007516337,-0.495630116092578,0.7638331607435023,-0.4134122525647364,3537.640416767111,False,wing_R,high
-0.0086209409975685,0.0019988396822757,-0.0054614433461798,0.0008981345687603,0.0005068627306261,0.3862686191896489,0.3862686528179687,0.3862686528179687,False,0.3246556345178621,2.487026537881852e-05,5.8011518126386045e-05,5.2858184175132936e-05,2.33256530409978,0.0888329441754284,0.4824545142111072,0.4287125416134643,-0.1873300667083652,0.8755847604479761,0.4452625892417867,7161.203979693135,True,body,high
-0.0094926256048845,0.0020375281593519,-0.0049842422687368,0.0002595247694181,0.0001829594767583,0.1344317487858409,0.1344317487858409,0.1344317487858409,False,0.3666359503105378,0.000163671924624,8.654455063185347e-05,0.0002017873763197,2.33160117935261,0.1888891782572895,0.3822210060849318,0.4288898156577785,-0.2018061608412161,0.798139950343065,0.5676679426503658,9238.50039846066,True,body,high
-0.0097961269648882,0.0015128321003767,-0.0050645489815298,0.0005347871657558,0.0005082839370248,0.16163971607119,0.16163971607119,0.16163971607119,False,0.251378268000513,9.169336982734848e-05,7.70057419741326e-05,3.911545072522625e-05,2.344172651146617,0.1601820053169771,0.4132282554371252,0.4265897392458976,0.1503211384614028,-0.76801021110343,-0.6225462801852828,4245.233145235143,True,body,high
-0.0096988400800036,0.0019256807990371,-0.0047870319664351,0.0004083637128831,6.06640467816136e-05,0.1594277797137254,0.1594277797137254,0.1594277797137254,False,0.0688403478842865,0.0001157257191191,8.526734321679661e-05,0.0002540265230689,2.9791771795098825,0.5444345034484521,0.11990234537082,0.3356631511807278,-0.0304997649013734,0.8258845961334258,0.5630136749764513,39008.6332520519,True,body,high
-0.0096836295690276,0.0019563661349492,-0.0048837751272653,0.0003675987621354,0.0001103076435566,0.1358320992753438,0.1358320992753438,0.1358320992753438,False,0.1044919127257681,0.0001125759758493,9.700533458176332e-05,0.0002101675295878,2.166556411500586,0.4643512436479269,0.0740868073108355,0.4615619490412376,-0.0360902914306463,0.8806441059972971,0.4724017881387329,28135.81425170935,True,body,high
-0.0095021767112478,0.0019282909873795,-0.0048814810316456,0.0002102881163809,3.906832853513571e-05,0.1558619672046017,0.1558619672046017,0.1558619672046017,False,0.2410587870478127,0.0001227162555566,7.772399375467973e-05,0.0001753396539059,2.2559269722989184,0.300122631572965,0.256600608018012,0.4432767604090229,0.1514511365337233,0.9328023410311388,0.3270204057998069,10534.494706810796,True,body,high
-0.0081868239440609,0.0019563703995886,-0.0058268421661733,0.001450426063243,0.000678782674288,0.2645464602348543,0.2645464266065346,0.2645464602348543,False,0.1097935712643123,0.000107930280371,8.81044102410702e-05,3.744123013561262e-05,2.882658501872988,0.1836914539810871,0.4694065458859602,0.3469020001329526,-0.1384064445885012,0.8760920792620354,0.461850976777893,4743.142668645446,True,wing_L,high
-0.0097423607705935,0.0019233132684238,-0.004846776707168,0.0004209322254366,0.0001241873733362,0.1185084367466972,0.1185084367466972,0.1185084703750169,False,0.1163853246287608,0.0001264098401454,9.922471510514094e-05,0.0002230869470698,2.248300202559751,0.4333606613663543,0.1218588778831316,0.444780460750514,-0.0273141400701606,0.8665457488397463,0.4983496793617818,37399.4358096004,True,body,high
-0.0094707852108715,0.001874128792111,-0.0046774676199602,0.00033417421702,0.0001889153662611,0.1214351766679885,0.1214351094113491,0.1214351766679885,False,0.219739314756964,8.764976305129533e-05,8.83314801937342e-05,0.0002072639804192,2.3646838645521737,0.5738213653184124,0.0032891250137144,0.4228895096678731,-0.3980372948298756,0.3843933728259989,-0.8329514072573304,23294.56674386815,True,body,high
-0.0096466746966564,0.0018955996033199,-0.0047622772245118,0.0003727426807692,6.277451911252934e-05,0.0972255776249202,0.0972255776249202,0.0972255776249202,False,0.9793195389424116,8.48537938658188e-05,3.32914250771405e-05,7.922907609139013e-05,2.5488183118986845,0.0662871690018145,0.5413741557259286,0.3923386752722569,-0.3828876071026031,0.8881369274229945,-0.2541847329697146,36905.11057936912,True,body,high
-0.0096259146254624,0.0018956532095011,-0.0048136259824564,0.0003271746174804,4.800566978486829e-05,0.1096255160944185,0.1096255160944185,0.1096255160944185,False,0.9384468217499662,0.0001012489779511,6.313109375034149e-05,0.0001491818966424,2.363049454399885,0.3213051970117082,0.2555128005388518,0.4231820024494399,-0.2969236638289902,0.8193448623546904,0.4904185298205424,25510.4921626781,True,body,high
-0.0097294284954852,0.0019735542186935,-0.0049380448820875,0.0004045822514246,0.0001823798683229,0.1228346191928592,0.1228346191928592,0.1228346528211789,False,0.9342304759223572,8.163360830284814e-05,5.988423243898783e-05,0.0001511396170446,2.523863309071517,0.4598794816403428,0.1439025471225849,0.3962179712370722,-0.1542625789457895,0.8445909293710873,0.5127077323008471,31359.062728185767,True,body,high
-0.0096277505806855,0.0019186633698456,-0.0047224884229563,0.000390216998706,6.876967231953496e-05,0.1100919072605228,0.1100919072605228,0.1100919072605228,False,0.3613182922396268,7.865578054617165e-05,7.165290589522347e-05,0.0001640377388346,2.2893382590032187,0.5205019216618418,0.0426906314406422,0.4368074468975159,-0.0579104283499659,0.8600099754792055,0.5069804970258518,42879.04127735286,True,body,high
-0.0095701449710685,0.0017519563552874,-0.0047771225944458,0.0003029287657345,0.0001739164802421,0.1431753809378669,0.1431753809378669,0.1431753809378669,False,0.2877030852964598,6.047438409954526e-05,0.0001210971362976,8.470882311588265e-05,2.0024534040451463,0.3004886349445915,0.2001239645896074,0.499387400465801,0.5078619597506437,0.7253119934456738,0.464756648152663,10014.872455846858,True,body,high
-0.0086929916410888,0.0018513152998887,-0.0045898351588771,0.0007781568387999,0.0007327999110547,0.1669144525315062,0.1669144189031864,0.1669144525315062,False,0.3389686752525426,8.199001142137863e-05,3.582308761079473e-05,9.665032533562932e-05,2.697989809971189,0.1516840617281015,0.4776696162197485,0.3706463220521498,-0.1250721334173229,0.837755500761498,0.531528628002567,8317.453508444876,True,body,high
-0.0098836552730807,0.0015744484395158,-0.0045986841157031,0.0006939504343197,0.0004682135116962,0.1130971020517054,0.1130971020517054,0.1130971020517054,False,0.230520950684875,0.0001047801496571,0.0001255502736282,8.551009491060967e-05,1.4682508978561788,0.1654327256396001,0.1534847690064994,0.6810825053539005,-0.0560509065852028,-0.7682887278191977,-0.6376446710958512,3961.5552250742016,True,body,high
-0.008971957409108,0.0010425767902985,-0.005521505716063,0.0010157108961163,0.0005138275952286,0.5314034217403955,0.5314034217403955,0.5314034217403955,False,0.2695413164621418,3.5290647897550533e-05,4.576946986288184e-05,1.9517544265919547e-05,2.345042452026198,0.2289478553438398,0.3446206320257747,0.4264315126303855,-0.6765469804013194,0.7249833034601578,0.1291642094926199,7121.918932892737,True,wing_R,high
-0.0088204926233959,0.0019587501313649,-0.0050992286437648,0.000570619025824,0.0003987237649571,0.1768593218920124,0.1768593218920124,0.1768593218920124,False,0.1333298167541237,9.445366011013022e-05,4.047937572637698e-05,9.125840096936982e-05,2.333377390713632,0.0338288546683614,0.5376078087793101,0.4285633365523285,0.3886712710748093,-0.7619118210203624,-0.5180975005059641,11343.170065716004,True,body,high
-0.0095839045694141,0.0015381059142953,-0.004520640165145,0.0005861115363895,0.0004916140593571,0.2621352088264487,0.2621352088264487,0.2621352088264487,False,0.1232360144477713,1.5670169386258767e-05,4.249806746340755e-05,1.623372051191515e-05,2.7120362528227853,0.6180127360875174,0.0132606294660721,0.3687266344464104,-0.1098227028899394,0.9591551256076132,0.260692191963227,3567.362988872964,False,body,high
-0.0095895682866145,0.0019028591177314,-0.0047502377947551,0.0003411250337917,6.71937977931462e-05,0.169849935815923,0.1698499694442427,0.1698499694442427,False,0.6890045859935395,5.6325066346382334e-05,0.0001228967920388,5.3476924584597205e-05,2.2981275193637534,0.5416880667755877,0.023175070028564,0.4351368631958484,0.1230850118419587,-0.8122996975431988,-0.5701046230571132,38064.75475842002,True,body,high
-0.009564992696314,0.0019015998732678,-0.0047190546655089,0.0003482335847204,0.0001019660889734,0.1303067982048436,0.1303068318331632,0.1303067982048436,False,0.1395944511717607,0.0001210581079049,7.500027812262254e-05,0.0002101963936877,2.802608189587336,0.4240714325253015,0.2191180779758995,0.3568104894987989,-0.0388725294153033,0.8720193704374071,0.4879253467886297,33909.292462033765,True,body,high
-0.0095101703137938,0.0018827642475752,-0.0046862220411534,0.0003429900588221,0.000160142297496,0.1630877515180464,0.1630877515180464,0.1630877515180464,False,0.9391611745302576,0.0001080009651829,0.0001043370175903,4.874993098107024e-05,2.2154075505236515,0.0339251374879437,0.5146906466536099,0.4513842158584464,0.1455620030176569,-0.6990672975431182,-0.7000832927468339,22873.57729918009,True,body,high
-0.0092738409359586,0.0017259318194073,-0.0039265542346729,0.0010679242047499,0.0009495651951745,0.3380120812859658,0.3380120812859658,0.3380120981001256,False,0.1706383194374827,5.93270479993788e-05,4.468266562867538e-05,3.014509918794505e-05,1.968049520404416,0.2468415817833505,0.245041122573342,0.5081172956433074,-0.288424850837057,0.9501946341656068,0.1180731240482371,3385.473502445442,True,body,high
-0.0095437431995693,0.001835098255082,-0.0048413683598855,0.0002348443032078,6.932029735223946e-05,0.0998867547054354,0.0998867547054354,0.0998867547054354,False,0.9531244697917518,0.0001072667294915,7.215348114461555e-05,0.0001974846844355,2.7370084062849043,0.4568351981415362,0.1778023872952742,0.3653624145631896,-0.2637682126076686,0.8089776198779346,0.525339452691674,14002.96796966574,True,body,high
-0.0095030135446542,0.0019259692450441,-0.0047801759726803,0.00027501016893,8.233942263790262e-05,0.1064758876700672,0.1064758876700672,0.1064758876700672,False,0.1005824001315041,0.0001215848366637,7.988978120290469e-05,0.0002161926637672,2.706136636151053,0.4376088691212259,0.1928606398307303,0.3695304910480438,-0.2333332337049752,0.8079291943031615,0.5411155320644785,15200.755269108828,True,body,high
-0.0100285648929613,0.0021078057436929,-0.0051835066362239,0.0007553745131855,0.0005677632714032,0.1067227195367631,0.1067227195367631,0.1067226859084434,False,0.5628935859949593,6.0921319750634304e-05,5.331753394100723e-05,0.000107416034244,2.014647458431027,0.4328470588272248,0.070788182259182,0.4963647589135931,0.0247495160764953,0.8883560837366579,0.4584876551686505,6098.845320705275,True,body,high
-0.0101013448203032,0.0018794808973679,-0.0047366556146128,0.0007844077696166,0.0003271392403386,0.1159401410852303,0.1159401410852303,0.1159401410852303,False,0.9576172132269772,0.0001014984541381,7.455791307013253e-05,0.0001949462667051,2.614695860944644,0.4793516395385652,0.1381947011518133,0.3824536593096214,0.0297352846114847,0.8143035018309706,0.5796771685644455,5237.44305546582,True,body,high
-0.0089339558327018,0.001966427568325,-0.0050518919619446,0.0004579965697052,0.0003504192005972,0.1171458844885521,0.1171458844885521,0.1171458844885521,False,0.3106278169666376,7.124903552639293e-05,4.821093422589034e-05,0.0001160432315258,2.406989895323187,0.3860130005898136,0.1985303321665835,0.4154566672436029,-0.2808402404723557,0.7594327398337487,0.586848083408334,7768.713937400968,True,body,high
-0.0087456019916055,0.0018800139675106,-0.0047005083598011,0.0006820993996678,0.0006250487122852,0.3596320811270288,0.3596321063482686,0.3596320811270288,False,0.4904310886257307,8.74029375981174e-05,7.839554530435645e-05,3.440695908871722e-05,2.540269175568576,0.1030559445859514,0.5032849858880111,0.3936590695260375,-0.2822364513474439,0.8540170768300701,0.4370325136799595,8557.289488431765,True,body,high
-0.0092953610261076,0.0020986881270996,-0.0053280329135104,0.0004489043319035,0.0004298742253207,0.092507255342581,0.092507255342581,0.092507255342581,False,0.3306257125153871,8.366359020472631e-05,3.6898566687910496e-05,8.723688778061918e-05,2.3642351346184296,0.0409608557434888,0.5360693704986261,0.422969773757885,0.2462873205825304,-0.7182923596487159,-0.6506908957335715,7322.803974137145,True,body,high
-0.0093744866258946,0.0019584948101081,-0.0047301131678608,0.0002953333424734,0.0002106448334004,0.1402221082723217,0.1402221082723217,0.140222074644002,False,0.389530380149411,6.980927846056474e-05,4.63769594842205e-05,0.0001266672431532,2.7312537208547027,0.4488766256945384,0.1849911499850254,0.3661322243204361,-0.1715917226906774,0.8748305100004495,0.4530208157208663,11636.992910509842,True,body,high
-0.009479103078079,0.0020492061446141,-0.0046613459153105,0.000418994348416,0.0002193014322207,0.224572073051771,0.224572073051771,0.2245720394234512,False,0.0082537840888979,6.69395518833411e-05,6.922091595300735e-05,6.444842135085929e-05,1.074051380966594,0.0329577272744414,0.0359881185937063,0.9310541541318522,0.0930096736904567,-0.0327206958530049,0.995127407251398,8899.765222915792,True,body,high
-0.0081324556444229,0.0021437331308401,-0.005116239968356,0.0012785200133734,0.0009476620526913,0.94464020077212,0.94464020077212,0.94464020077212,False,0.9604627146564048,2.160747555512383e-05,4.329194374090828e-05,5.429368621799306e-05,2.512726953201078,0.2026339201378222,0.3993920784586213,0.3979740014035565,-0.1463965494755679,0.9380498681292904,-0.3140549238656647,2273.925224099479,False,wing_L,high
-0.0096132050867834,0.0019203614210755,-0.0047614692436838,0.0003549001658928,4.205941293344194e-05,0.1327707451902399,0.1327707451902399,0.1327707451902399,False,0.2926547800310701,0.000109375700193,7.398687093806417e-05,0.0001928781318973,2.606923761633291,0.4329284553043663,0.1834776649216124,0.3835938797740212,-0.1273220097593592,0.8659009229885397,0.4837403202116118,44159.4894668074,True,body,high
-0.0091776248336604,0.0018878361237866,-0.0044327172971006,0.0005887363107876,0.0005542217920681,0.1032452486235264,0.1032452486235264,0.1032452486235264,False,0.9178947205765988,0.0001166844886821,0.0001070918922164,4.677075196547317e-05,2.4948174613108867,0.0822096970559436,0.5169593742257059,0.4008309287183504,0.1013572015421445,-0.733172944112799,-0.6724463931916913,6284.759139153447,True,body,high
-0.0086614001610687,0.0020043991716325,-0.0055968786383513,0.0009472432478021,0.0005313054697069,0.3559359925073356,0.3559359925073356,0.3559359925073356,False,0.1806883084062805,6.92269895267378e-05,7.989861959634199e-05,3.070962416319564e-05,2.601745276065526,0.1335646363293712,0.4820779828004138,0.3843573808702149,-0.2152094114762054,0.8413330807348101,0.4958261353270305,7517.796643064644,True,body,high
-0.0093118418084461,0.0018537090382118,-0.0045648875804246,0.0004270936437097,0.0003706390875099,0.1395096923191946,0.1395096250625552,0.1395096250625552,False,0.5883769787273507,9.553228644150302e-05,8.38664969149755e-05,0.0002277875063604,2.716072743463117,0.5806078745587004,0.0512134739649203,0.3681786514763792,0.069015773791287,0.8693416651371804,0.4893688713276565,8195.713032736705,True,body,high
-0.0088132734868727,0.0019493750550002,-0.0051095625619429,0.0005772816799191,0.0003930362499182,0.1931680481033907,0.1931680481033907,0.1931680144750709,False,0.1453003494817313,5.100006371058475e-05,5.426987333433314e-05,2.316026802365453e-05,2.343231662038846,0.0602509168135424,0.5129880351004564,0.426761048086001,0.3814150303448035,-0.7756245607696353,-0.5029205855380978,11642.172425529989,True,body,high
-0.0095776997847283,0.0019071602917161,-0.0046971003291694,0.000374004138333,0.0001126103407422,0.1178641517693093,0.1178641517693093,0.1178641517693093,False,0.2332072912975567,0.0001220603570417,8.279027483610546e-05,0.0001965876116949,2.374525414780041,0.3791045326339719,0.199758681979112,0.421136785386916,-0.0424733772044047,0.9006938055166359,0.432373312003427,33949.00353282216,True,body,high
-0.0095485573170052,0.0018603739548634,-0.0048013412710178,0.0002681936009169,6.712179487449538e-05,0.1018290255671188,0.1018290255671188,0.1018290255671188,False,0.7627273981806508,0.0001281800359853,9.320637109355344e-05,0.0002124999696375,2.2798867410493475,0.3967997444707818,0.164581975947603,0.4386182795816151,-0.1701552370756901,0.8538384310845029,0.4919422007704466,16911.08705594342,True,body,high
-0.0097463802349673,0.0019067652119771,-0.0048180669539979,0.0004310579560747,0.0001172977564106,0.1153801286770441,0.1153801286770441,0.1153801286770441,False,0.2864033814940891,9.153112703248155e-05,8.95572518017692e-05,0.00023433073555,2.616546743403548,0.6093934207238649,0.0084234585193388,0.3821831207567962,-0.2299422064109814,0.8381144668285146,0.4946622304195097,27358.53898519356,True,body,high
-0.0095942558776638,0.0020824416550635,-0.0050907508579688,0.0003704699888942,0.0002998370989276,0.1052147920524972,0.1052147920524972,0.1052147920524972,False,0.1622287845872831,7.407342732739335e-05,2.874252539338565e-05,6.971726549139877e-05,2.577137057846679,0.0588086982493871,0.5531638210408567,0.3880274807097562,-0.4082374691507468,0.8799969538820644,-0.242791124095756,6683.598345869806,True,body,high
-0.0088259417666865,0.0019719889110589,-0.005118354534106,0.0005730655556626,0.0004006675963786,0.1552289477143178,0.1552289140859981,0.1552289140859981,False,0.1358099920568117,9.74546828250478e-05,4.203079891720189e-05,0.0001003372977312,2.387232703545198,0.0287292459674257,0.5523756884133182,0.4188950656192561,0.3550525859277722,-0.7564214284458415,-0.5493307599379035,10658.468155404384,True,body,high
-0.0095103728882048,0.0019189818731022,-0.0046868956042155,0.0003515633914466,0.0001524323597417,0.1131521179827564,0.1131521179827564,0.1131521179827564,False,0.7783875857636506,9.414959676182684e-05,4.915130872706278e-05,0.0001281752686356,2.607769191811284,0.2654620679636449,0.3510684121340098,0.3834695199023453,-0.203257121269917,0.8329110615546461,0.514728769540793,26617.45592683988,True,body,high
-0.0094791788552592,0.0019058134243995,-0.0047077139714508,0.0003171439401754,0.0001541725151612,0.1134696702058095,0.1134696702058095,0.1134696702058095,False,0.6879665841289011,7.89596394718367e-05,5.952063593638484e-05,0.0001387508590039,2.331138718884483,0.430925040474178,0.1401000590194596,0.4289749005063623,-0.1828034521860063,0.7915620982154558,0.5831057730271788,25763.24148399736,True,body,high
-0.0099353120150615,0.001965367077298,-0.0049255365622711,0.0005971960997104,0.0002975956887163,0.112305188750776,0.112305188750776,0.112305188750776,False,0.7509079467881375,0.0001219738399852,7.387483699443838e-05,0.0001653901412356,2.238788577606148,0.2625083993882131,0.2908214639125626,0.4466701366992243,-0.1725708869130418,0.8183574139664281,0.5481883180041566,14465.341185944651,True,body,high
-0.0095857151750697,0.0022230976726778,-0.0051113203776678,0.0004830540084536,0.0004114230083682,0.2756997464500995,0.2756997464500995,0.2756997800784192,False,0.6504710043029294,8.513684763182941e-05,7.889182170861643e-05,3.4028133483852986e-05,2.5019546744234007,0.0733527972543606,0.5269597063162887,0.3996874964293506,-0.3732305192317207,0.80412298212017,0.4626934288923768,5742.297752844282,True,body,high
-0.0087521319434157,0.0008757237020546,-0.0055966543404124,0.0012736528137557,0.0005598037149372,0.426044195746587,0.426044195746587,0.4260442293749067,False,0.3578196444488414,1.9848283075922912e-05,4.9277280611572975e-05,5.6677897712019385e-05,2.8555566995501427,0.1305732463481439,0.5192323414177942,0.3501944122340619,0.6311572126725986,-0.7613368584127616,-0.1483467590260827,5271.991278937094,True,wing_R,high
-0.0084192083903221,0.0018721095005051,-0.005211529527457,0.0009698213307811,0.0005468678458404,0.3067349191737041,0.3067349191737041,0.3067349023595442,False,0.275844205029586,2.489489699079579e-05,5.7291717960675365e-05,5.000447625304652e-05,2.301343844959769,0.1271953777443147,0.4382759001830905,0.4345287220725947,-0.1129333091581314,0.7774651625455298,0.6187034739765465,4676.698390142186,True,wing_L,high
-0.0089114350640864,0.0019959320631943,-0.0054253784443833,0.0006535505370107,0.0004124094969006,0.3213670382491344,0.3213670382491344,0.3213670382491344,False,0.2801358092581357,5.525476593890149e-05,2.429593035749552e-05,6.971912716808898e-05,2.8695804664496,0.2074661834809651,0.44405081989575,0.3484829966232848,0.1971401169372362,-0.8099003977916399,-0.5524464860517407,5684.507437361835,True,body,high
-0.0088582519938068,0.000969427672958,-0.0053078322586181,0.0010337357763023,0.000558200388263,0.410892821786463,0.410892821786463,0.410892821786463,False,0.3797187243094981,8.770637129849483e-05,3.651765261302662e-05,3.753740457444936e-05,2.401752714718802,0.5720105162406423,0.0116268857817885,0.4163625979775692,-0.2679392528306249,-0.0885028495869435,-0.9593621852082546,5287.1563668590925,True,body,high
-0.0097109881893209,0.0019719180544078,-0.0049259542324323,0.0003889139896477,0.0001620947830198,0.0886666658330797,0.0886666658330797,0.0886666322047599,False,0.7616840449388698,5.8564501191960327e-05,0.0001560581055471,9.067196516712676e-05,2.664721842941156,0.4189858652377379,0.2057404443209882,0.3752736904412738,0.4716294810460546,0.7580136276017384,0.4505340974646452,33078.946436473685,True,body,high
-0.0098835107000627,0.0017124260049307,-0.0052178697643933,0.0005801217883365,0.0005360089265104,0.3403951857907713,0.3403951857907713,0.3403951857907713,False,0.1240626049633592,4.4541160293721634e-05,1.8950294673077355e-05,1.864038479414969e-05,2.389497898546652,0.5745442070185917,0.0069578312932128,0.4184979616881955,0.6942025605286385,0.3234093538652051,0.6430312549075453,4396.007919364753,True,body,high
-0.0085070089853179,0.0018846062721059,-0.005231796731207,0.0008910683992041,0.0004930288876521,0.3230696737045405,0.3230696400762207,0.3230696400762207,False,0.1736107189707715,9.605158874831236e-05,4.0312487559016383e-05,9.306953886218746e-05,2.3826758050516097,0.031046335880387,0.5492574562344031,0.4196962078852098,-0.1181121890857477,0.7978718403161618,0.5911429921938295,5244.258859890975,True,body,high
-0.0102995325377939,0.001646029384641,-0.0047579411367559,0.0009806712404159,0.0006199235194084,0.2670126603176715,0.2670126603176715,0.2670126266893518,False,0.1397365889720984,3.693859852567051e-05,1.82857229876622e-05,1.5963669126550293e-05,2.3139165709865126,0.504969768277632,0.0628625327920383,0.4321676989303297,-0.3594886850874519,-0.8613461161330309,-0.3589578715067252,2606.9589091802554,False,body,high
-0.0097666669824252,0.0020667242498598,-0.0048885408607871,0.0004881297607649,0.0001856920750994,0.1543508450299631,0.1543508450299631,0.1543508450299631,False,0.0987165312200272,9.498693552472603e-05,7.952119445123232e-05,8.602597297690479e-05,1.1944857742671149,0.0943388951156195,0.0684807704316264,0.837180334452754,0.3765112867840136,-0.8204961154088013,-0.4301457607873327,11543.176224138842,True,body,high
-0.0098847032494756,0.0019129894542887,-0.0050211332691812,0.0005341166359479,0.0003452811846599,0.2647844646676255,0.2647844646676255,0.2647844646676255,False,0.2377440962804491,7.641551456517138e-05,6.371008955706907e-05,7.526330963738924e-05,1.1994256340939728,0.0150781544080223,0.1511894560425546,0.8337323895494231,-0.6781482324221239,-0.7002789482038787,0.2229896176175423,11952.698946290324,True,body,high
-0.0090693211186745,0.0017846530156969,-0.0050737000299521,0.0003055685736541,0.0001325723469437,0.8959288398443139,0.8959288398443139,0.8959288398443139,False,0.9614388197101588,6.914240360263913e-05,2.775404830477928e-05,3.019113207029328e-05,2.491254711505735,0.563348531477131,0.0352473104568349,0.401404158066034,0.7897219741246788,0.1743806500000413,-0.5881586456817445,4479.63335993175,True,body,high
-0.0089825576486268,0.0011025216104558,-0.0054669990133286,0.00093775568726,0.0004630602803547,0.1952041419770742,0.1952041419770742,0.195204175605394,False,0.3704599962834841,9.452525422455576e-05,3.9658745588723606e-05,8.325758090513383e-05,2.383465559017396,0.119202782492965,0.4612400746665658,0.4195571428404691,0.6723880430115786,-0.7399494016937924,-0.0192146441043689,6901.724709207906,True,wing_R,high
-0.0083528346094129,0.0005995948204297,-0.0057083381444322,0.0017351611990327,0.000655247260693,0.3731847731750606,0.3731847479538208,0.3731847479538208,False,0.0671547508786373,7.519995750219202e-05,3.176353713052461e-05,6.953280748527064e-05,2.367493179149913,0.0753610800479001,0.5022512194058765,0.4223877005462234,0.7242266898921571,-0.6892212881405206,-0.0216729698419596,6258.776050028714,True,wing_R,high
-0.0089597021993248,0.0016702231195125,-0.0047346022780468,0.000495469787072,0.000447607407525,0.4035182321582868,0.4035182321582868,0.4035182321582868,False,0.0715636469183053,1.0331502670361917e-05,1.1134419270971496e-05,2.747413756807749e-05,2.6592586233261906,0.5947308903370746,0.0292244514907902,0.3760446581721351,0.3801311194230901,0.7494297492849658,0.5420842950435125,4349.709304577146,True,body,high
-0.0089930250086592,0.0019973525559049,-0.0050721938267389,0.0004197987606068,0.0003368078969045,0.2158261709881643,0.2158261373598446,0.2158261709881643,False,0.2519288984175116,1.966257614033476e-05,4.75374225005929e-05,1.6579923630451654e-05,2.867167760247273,0.5863768983249035,0.0648468584901644,0.3487762431849321,-0.8847822989380425,0.4592500962266277,-0.0790546178394742,7355.151127213123,True,body,high
-0.0094060992385859,0.001922458914036,-0.0046839037381828,0.0003253570327806,0.0002170473006298,0.1219530191632543,0.1219530864198937,0.1219530864198937,False,0.478401581564595,5.156502990181944e-05,0.0001237642738383,5.387728343721925e-05,2.400159062721048,0.5646782244479042,0.0186827221110688,0.416639053441027,-0.9772920933770008,-0.0776908094148843,-0.1971403113400693,17631.69339337659,True,body,high
-0.0096160495981152,0.0021519888239442,-0.0051898087453532,0.0004694597743646,0.0004221841519992,0.4048727220267806,0.4048727220267806,0.4048727220267806,False,0.3079501695230637,2.9727370875023297e-05,6.919781483524093e-05,3.659881748446653e-05,2.3277475538000028,0.4710986528749813,0.0993014971036882,0.4295998500213304,-0.1830233339299869,0.8159109019059791,0.5484449465426081,5813.218884372015,True,body,high
-0.0093986235539608,0.0019465965960921,-0.0045546310768848,0.0004541015997025,0.0003246949463642,0.0968034413275587,0.0968034413275587,0.0968034413275587,False,0.8217977855931818,0.0001591715167169,8.859782492904239e-05,0.0002015788797574,2.275212511355695,0.2103760229819737,0.3501045936597897,0.4395193833582366,-0.1065407743250699,0.885233875640665,0.4527803538410452,8740.336644511975,True,body,high
-0.0092300720377199,0.0018189874465581,-0.0041640095731011,0.0008336216753785,0.0007518415516016,0.1350155027877448,0.135015469159425,0.1350155027877448,False,0.6069967215982015,0.0001179310824946,0.0001041279217056,5.143124765700039e-05,2.2929850600003725,0.1170442982212032,0.4468429605994724,0.4361127411793243,0.1771520140187141,-0.7438857654941656,-0.6443998229548737,6915.786526706773,True,body,high
-0.009958298761569,0.0019568621797386,-0.0047810030640694,0.000647927697345,0.0002140859646659,0.1231921891163712,0.1231921891163712,0.1231921891163712,False,0.3731977175097611,0.0001253079863512,9.236186814452557e-05,0.0002126942025727,2.302835649014351,0.4108537758175801,0.1548989949335521,0.4342472292488677,-0.0903879100448651,0.8122578974413611,0.5762526648631316,9558.444118951456,True,body,high
-0.0096179439478067,0.0019359624576843,-0.004882292022253,0.0003032570905924,7.027056047343102e-05,0.1167395198731361,0.1167395198731361,0.1167395198731361,False,0.186282248959554,0.0001125595508426,8.996351902696113e-05,0.0002264453786173,2.517080046073884,0.5029284698589529,0.0997857936147932,0.3972857365262538,-0.1785946928497711,0.8601151115186534,0.4778136986558154,16702.08273880853,True,body,high
-0.009751969088536,0.0018985481277398,-0.0049183359286594,0.0004059712314551,0.0001869257301831,0.1331934531690366,0.1331934531690366,0.1331934531690366,False,0.1543341787031571,4.543785214239895e-05,9.958281725571948e-05,4.375720549706731e-05,2.2758038618895284,0.5437179485922884,0.0168768738588294,0.4394051775488821,0.7863313123037736,0.4402082571098935,0.4334740565049948,20884.71100506309,True,body,high
-0.0092415363101292,0.0021142949046803,-0.0054260418090836,0.0005449818255045,0.0004996726797309,0.2408128196148488,0.2408128196148488,0.2408128196148488,False,0.2766114735879006,8.925728834553849e-05,8.257957575388642e-05,3.566937485343489e-05,2.502350790062786,0.074814199662899,0.5255615734017123,0.3996242269353886,-0.3918575357617652,0.7816630093056793,0.4852325334825627,6056.583318203668,True,body,high
-0.0095906056897578,0.0016582960607384,-0.0049991786959496,0.0002776667797761,0.0002570672448889,0.177701307760995,0.1777013750176344,0.177701307760995,False,0.0765726313763987,0.0001027124670787,7.941297246480537e-05,4.303282433375254e-05,2.386840015012325,0.2268419333761781,0.3541940834031717,0.4189639832206501,0.1361120743053624,-0.74933893672112,-0.648046804746349,7035.316374149954,True,body,high
-0.0097192393415774,0.0018866819734536,-0.0048322482707135,0.0003971161486326,0.0001179266376295,0.1053191407285677,0.1053191407285677,0.1053191407285677,False,0.2468110443239519,0.0001314937693838,0.000105725896375,0.0002448888019462,2.3162612977761285,0.4630470305757376,0.1052227492802256,0.4317302201440366,-0.1144306083103151,0.8499806437423124,0.5142358808417937,27946.250672634225,True,body,high
-0.0095574692616426,0.0019557361097524,-0.0048023777101704,0.000304832192272,4.288070311357656e-05,0.1240762440133151,0.1240762440133151,0.1240762440133151,False,0.217493111715761,8.226625811998036e-05,3.065797612388657e-05,6.784750128280246e-05,2.683355802338309,0.1752693895004804,0.4520629235947163,0.3726676869048032,-0.395038804506177,0.877930496915956,-0.2705224307136709,15369.980608868917,True,body,high
-0.008949555932842,0.001928682531715,-0.0047839004200303,0.0004730541796282,0.0004488412478677,0.2889477743286084,0.2889477743286084,0.2889478247710879,False,0.5463768962847257,6.801373613905061e-05,7.700221701169306e-05,2.645570904106236e-05,2.910608704237585,0.1167301568898661,0.5396990984256663,0.3435707446844674,-0.2516606308314334,0.801044505362638,0.5431340785826752,6511.66936524211,True,body,high
-0.0097562658375447,0.0018536747573418,-0.0049980634685079,0.000397457239903,0.0002578266871376,0.1318997717096645,0.1318998389663039,0.1318997717096645,False,0.1562315463435095,6.998045339303348e-05,5.2232503811437424e-05,0.0001387706427222,2.656787107568543,0.495711398173036,0.1278941225134946,0.3763944793134693,-0.1657038026705867,0.8971387943794921,0.4094926536579365,9707.114768857506,True,body,high
-0.0085160683971966,0.001687750092633,-0.0049866946617263,0.0008542490036814,0.0005242121898279,0.93690239166272,0.93690239166272,0.93690239166272,False,0.1563144899897011,1.9035589027382425e-05,4.3882658822809314e-05,2.237110691919992e-05,2.3052955576885346,0.4902062108512925,0.076009931514992,0.4337838576337155,-0.1801669122357481,0.8885516307680733,-0.4219192851658167,3403.585861194876,True,body,high
-0.0096000808474213,0.0021309466207482,-0.0046939591336414,0.0004936922193238,0.0001799811240366,0.0890244375265099,0.0890244375265099,0.0890244375265099,False,0.5322549315459213,8.342448927915368e-05,6.739871409031389e-05,0.0001510901858058,2.2417369210241054,0.4478497141675441,0.106067611892659,0.4460826739397968,-0.4815842008335133,0.6951781788817748,0.5336702700302552,6586.565429677369,True,body,high
-0.0094389344558865,0.0019236632747483,-0.0047966138557472,0.000233409934205,0.0001118370892099,0.1143286383762474,0.1143286383762474,0.1143286383762474,False,0.2091504257226284,5.6347094117951504e-05,7.061223237344321e-05,0.0001654975891156,2.9371095653882984,0.5733337702938338,0.0861954444878436,0.3404707852183225,-0.6569209431761831,0.2329042897207398,-0.7170846994924602,12291.464750801531,True,body,high
-0.0096337837926521,0.0017742458253805,-0.0049613890624519,0.0002769145936338,0.00018963328577,0.1061303230566929,0.1061303230566929,0.1061303230566929,False,0.2014849199507736,8.037880417074847e-05,6.120112652072793e-05,0.0001428040311127,2.333356250629559,0.4371391091382577,0.1342936715482784,0.4285672193134638,-0.1458603060049083,0.8438327306442376,0.5164020660547788,8649.469623199422,True,body,high
-0.009963634798075,0.0019815601079309,-0.0043294955532568,0.0009077516442698,0.0002432729093973,0.167002222445958,0.167002222445958,0.167002222445958,False,0.1157307782377771,8.936665243135537e-05,4.525600211623421e-05,0.0001064862395289,2.35297495469074,0.1607680689383702,0.4142380321650588,0.4249938988965709,0.3082568183003712,-0.7517083170348375,-0.583020016870763,3687.050676816295,False,body,high
-0.0089064295139249,0.0010659905883132,-0.0054446940614628,0.0009875226388363,0.0004607515157105,0.8813258765220751,0.8813258765220751,0.8813258765220751,False,0.0221648058887905,6.955051495086673e-05,3.304328219043361e-05,2.9437382533562785e-05,2.362659617293396,0.5249024077855252,0.0518457650445605,0.4232518271699142,-0.1524345054131043,0.9562813905829628,0.2495788925053109,7208.870567339164,True,wing_R,high
-0.0098497908159837,0.0016989583338313,-0.0045260055088416,0.0006818731775553,0.0003674589321512,0.0950863120663562,0.0950863120663562,0.0950863120663562,False,0.2880122303877411,0.0001274466728935,0.0001291131274233,5.539574666404171e-05,2.3307408095133177,0.0129069333461019,0.5580449305770213,0.4290481360768768,0.2675709221057718,-0.7631119735404188,-0.5882736756669587,4028.017526912101,True,body,high
-0.0095383870152291,0.0019079498554767,-0.0046605613294038,0.0003834984643834,0.0001611921089617,0.1020234645117013,0.102023498140021,0.1020234645117013,False,0.6522131461730646,0.0002209453038365,0.0001938043861287,9.340529335472727e-05,2.365447352083324,0.1228399845411076,0.4544070004238003,0.422753015035092,0.1508583405726407,-0.8489389269944714,-0.5065021809559609,22969.25775584476,True,body,high
-0.0096761040505133,0.0019573696385122,-0.0048492753678581,0.0003727567509739,7.7870888700613e-05,0.1844648708199798,0.1844648708199798,0.1844648708199798,False,0.1336171905006729,5.601031521023195e-05,5.935925000567484e-05,2.4000556907036685e-05,2.473244693262572,0.0564180779764354,0.5392547631605028,0.4043271588630617,0.8693211955792393,-0.4148979487095582,0.2685895587570051,30554.367173039904,True,body,high
-0.0084709888949208,0.002109986216314,-0.004122684973687,0.0012756224963694,0.0012736851441202,0.900810393990542,0.900810393990542,0.900810393990542,False,0.5625192748666822,1.5094248806662196e-05,1.921588737677616e-05,3.410705017043044e-05,2.2596056688410027,0.4366007238750998,0.1208441817606166,0.4425550943642835,0.3352684529084123,-0.9271515046175004,0.1672876324475446,2842.1641534859514,True,body,high
-0.0081961338589125,0.0006688028419803,-0.0053651181051491,0.0016765526198186,0.0007347535618111,0.9610727128283632,0.9610727128283632,0.9610727128283632,False,0.9999302559109432,3.5026033491956915e-05,3.3394260415701094e-05,8.888921407310742e-05,2.6618111306131538,0.6059585647461169,0.0183573799506626,0.3756840553032205,0.434244472100349,0.6947932383589901,-0.5733184929695856,2981.022967766135,False,wing_R,high
-0.0082468882875929,0.0003080392238849,-0.0058131238155815,0.0020471443266228,0.0008687997203687,0.9309508180115336,0.9309508180115336,0.9309508180115336,False,0.9745830703556396,8.166670205616333e-05,3.297286380274565e-05,3.174766805149609e-05,2.572368525577891,0.5962508222743004,0.0150023904529286,0.3887467872727709,-0.0528829407563413,0.9261520731218168,0.3734243324009866,3017.867917920715,False,wing_R,high
-0.0092987624541525,0.0021601190424071,-0.005447408190755,0.0005791793008246,0.0005538043854505,0.2289155572684255,0.2289155740825854,0.2289155740825854,False,0.2328813820144847,1.8424535511709333e-05,4.302884370583722e-05,2.121638204300733e-05,2.3354099580144707,0.5069265121774781,0.0648831409550347,0.4281903468674872,0.1969155271374081,0.6770603092140044,0.7090935148901263,5250.686229719897,True,body,high
-0.0090043865512335,0.0020015342814639,-0.0052002693491027,0.0004557478630937,0.0003327733209769,0.3471129638924665,0.3471129638924665,0.3471129638924665,False,0.1982941588494937,5.467919304755092e-05,2.4118608727071583e-05,5.089205718558481e-05,2.2670956549072026,0.0692610049799506,0.4896460054783564,0.4410929895416929,0.2990007569669906,-0.8461404696362398,-0.4411857352373611,6399.39048975527,True,body,high
-0.0095853083547758,0.0017219869441959,-0.0046989968124832,0.0003766858244092,0.0002390126057766,0.184857246054395,0.184857246054395,0.184857246054395,False,0.4789817475504042,0.0001292959228345,0.0001332750263357,5.713626660213441e-05,2.332581987966611,0.0298563325079614,0.5414341922586585,0.4287094752333799,0.0644124353951053,-0.7826356799650793,-0.6191384583532744,7657.253201940935,True,body,high
-0.0096332318480032,0.0016095584223152,-0.0050664803245379,0.0003495278801266,0.0003400320990596,0.1088842134146577,0.1088842134146577,0.1088842134146577,False,0.1702782149662032,7.27660064592526e-05,3.9078276910176464e-05,7.584000845831018e-05,1.9407203811118008,0.0405327222602748,0.4441946966236763,0.5152725811160489,-0.4050309465729561,0.8930629336164998,-0.1959299081776606,5409.409019646091,True,body,high
-0.0100331765539819,0.0021381257760354,-0.0053001815511178,0.0008092674473352,0.0006735461604221,0.1550439583275747,0.1550439583275747,0.1550439583275747,False,0.0615538530865117,7.760060225872587e-05,6.53499356263312e-05,0.0001671354807106,2.557546218046234,0.5357024018553389,0.0732978215056598,0.3909997766390013,-0.3406957824019049,0.8213473474662845,0.4575094738512553,4557.495369224699,True,body,high
-0.008743170498264,0.0019039905960294,-0.0048935544656138,0.0006313083003412,0.000509648215707,0.2884195574967111,0.2884195238683913,0.2884195574967111,False,0.1148305590039924,0.0001020025108783,4.1988331670746245e-05,0.0001023552628038,2.437707304173736,0.0034463486859317,0.5863321295227344,0.4102215217913338,-0.1910702564160825,0.8244447092799345,0.5327129418865442,6263.33986545954,True,body,high
-0.0084956960839378,0.0009556267516591,-0.0050169791477069,0.0012190961041266,0.0007203279683165,0.919789343300438,0.919789343300438,0.919789343300438,False,0.9329394471432207,3.114008594774783e-05,2.844510306075625e-05,7.287184143980133e-05,2.5618413575142776,0.5726732667587063,0.0369825001501831,0.3903442330911104,0.3097583426187246,0.693764768720747,-0.6501847544044302,3151.8436571245,False,wing_R,high
-0.0089835510434913,0.0010633085586603,-0.0057955894079168,0.0011658470249709,0.0005800951722,0.9005741214162359,0.9005741214162359,0.9005741214162359,False,0.0412906331178903,7.84913762796764e-05,3.122942514833552e-05,3.388028090561595e-05,2.513378837646004,0.5683566461505849,0.033772573280344,0.3978707805690711,0.8840385651898024,0.2036109480536279,-0.4207355429362466,6531.72042038703,True,wing_R,high
-0.0091281805394944,0.0020281977387999,-0.0052399152241825,0.0004048789145093,0.0003322707326647,0.2424578833869056,0.2424579002010655,0.2424579002010655,False,0.1118736681520062,2.255495305649709e-05,5.155971914089855e-05,1.861789287472804e-05,2.769363831225273,0.562547014756605,0.0763592247469414,0.3610937604964537,-0.924261187251254,0.3762331715635993,0.0647291152117593,6245.12863073396,True,body,high
-0.0095626314394847,0.0018848318798476,-0.0047398192835668,0.0003270184385587,9.343312938223184e-05,0.0982719900494403,0.0982719900494403,0.0982719900494403,False,0.7312350299262637,0.0002110335691397,0.0001859894034929,9.289480539864904e-05,2.2717477929375804,0.1186738477147663,0.4411364432388314,0.4401897090464022,0.1422618389984061,-0.7733857556508683,-0.6177669804393295,27856.255833572846,True,body,high
-0.0098930825322651,0.0018184314147761,-0.0049886986746446,0.0005321536633878,0.0003556373791633,0.1847909646362401,0.1847909646362401,0.1847909646362401,False,0.0986028270618809,5.545362518269066e-05,5.657545327869607e-05,2.238021871261343e-05,2.527922269446379,0.0198288839239019,0.5845893325353398,0.3955817835407582,0.7881060837970546,-0.5608347068951061,0.2536793886462799,9251.431752056857,True,body,high
-0.0092977570039434,0.0018734212448546,-0.0046957461766563,0.000304180230581,0.0002716543793334,0.1419438109850053,0.1419437773566856,0.1419437773566856,False,0.1442319666267024,5.430476794650417e-05,0.0001220516851156,4.275694342507379e-05,2.854546544691785,0.5550674462621457,0.0946142161862859,0.3503183375515684,-0.80066121877089,0.4950747475019798,0.3374057011109383,10556.181650793327,True,body,high
-0.0098049834730526,0.0020156878793505,-0.0047698834934061,0.000533985550364,9.103482282498628e-05,0.1862246071622592,0.1862246071622592,0.1862246071622592,False,0.1423579342436156,8.592889153600223e-05,7.981941372998483e-05,0.000181886311326,2.278722717024506,0.5275681225843053,0.0335895415189549,0.4388423358967398,-0.0167333951566641,0.9166464210558302,0.3993486349695823,14045.788700571376,True,body,high
-0.0092399492027117,0.0019023582362572,-0.0046722816063815,0.0003488364962988,0.0003283145058164,0.1864036107080933,0.1864036107080933,0.186403644336413,False,0.073314606523183,7.092051740882877e-05,7.08271073036024e-05,3.14935468197736e-05,2.251906329086455,0.0013171097538375,0.5546146858614461,0.4440682043847163,-0.2864863364828816,0.7310018898533104,0.619323676311108,8305.632768130616,True,body,high
-0.0087597446046803,0.0011610142092824,-0.0051166666432937,0.0008969176891048,0.0004683415043004,0.9466010008379656,0.9466010008379656,0.9466010008379656,False,0.9674732845812616,2.126676252616457e-05,2.033828088450068e-05,4.611392934909494e-05,2.2673464690045297,0.5388212883536899,0.020134515856045,0.441044195790265,0.3540716241880343,0.721130977000393,-0.595485851179779,4009.2508590123966,True,wing_R,high
-0.0083292083913166,0.0007377461186241,-0.0052127535673587,0.001507798782348,0.0007675013786355,0.958384801233676,0.958384801233676,0.958384801233676,False,0.9904409663368784,7.665813712764481e-05,3.06168662328246e-05,3.48396058083193e-05,2.503787831997613,0.5455197958918926,0.0550853403659332,0.3993948637421741,0.8497481656557752,0.1335742066838021,-0.5099862608673272,3368.4691233855465,False,wing_R,high
-0.0090414983289109,0.0011537974823925,-0.0054468700382358,0.0008654606165631,0.0004468776791741,0.3188401558633945,0.3188401558633945,0.3188401894917142,False,0.0310986766285767,8.30856974384713e-05,8.023130175935763e-05,2.790096442473856e-05,2.977879050116378,0.0343548380421007,0.6298356871033314,0.3358094748545678,-0.2977219137896501,0.8528881378852975,0.428886332615039,5617.807793968758,True,body,high
-0.010071229185586,0.0019151893546116,-0.00432829938987,0.0009741696543442,0.0002902153552676,0.1618141797938628,0.1618141797938628,0.1618141797938628,False,0.0425189900413545,7.679218602849352e-05,6.281603919953995e-05,3.3861804194478e-05,2.267811413339174,0.1819995959454489,0.3770466306860774,0.4409537733684736,-0.7712228663089868,0.6078110162727105,-0.1891588194604885,3429.118324273325,False,body,high
-0.0096108752121087,0.0023730499057139,-0.0050848226687275,0.0006201741256631,0.0005165419780771,0.1529136042737346,0.1529135706454149,0.1529136042737346,False,0.1258434571618752,9.141248838249993e-05,3.839666051450956e-05,0.0001025735151062,2.6714176111084256,0.108810024811526,0.5168568885749288,0.3743330866135451,0.1750643665303013,-0.8388097719383438,-0.515510071746507,4442.438961354603,True,body,high
-0.0096871266783599,0.0007814685707261,-0.0043622315913909,0.0012502029839123,0.001234600413502,0.5553017843792069,0.5553017843792069,0.5553017843792069,False,0.0082436886664728,1.2561206759662136e-05,1.371518839912056e-05,3.085458432807968e-05,2.456339181292928,0.5554894451571385,0.0374006542168265,0.4071099006260349,0.7417207002201355,0.5729244208636737,0.3487234016279608,1321.4330966487644,False,wing_R,high
-0.0090184951478113,0.0009884052391556,-0.0059335526484266,0.0013016023186671,0.0007113838641723,0.4425737297087431,0.4425737297087431,0.4425737885583026,False,0.1499527258818031,2.228172268367678e-05,4.812218742147626e-05,5.038916910578703e-05,2.2614575103163497,0.0449894635006079,0.5128178375704113,0.4421926989289807,0.721836199142377,-0.6477969444835965,-0.2435397715474886,7004.246415182842,True,wing_R,high
-0.008673307065156,0.0020170838043558,-0.005692625992787,0.0010058076432069,0.0005774608264211,0.2634311938257213,0.2634311770115614,0.2634311938257213,False,0.1513154121132089,2.195264218389708e-05,6.158925993252784e-05,5.645628543501975e-05,2.8055511230308943,0.0833420389063183,0.5602217543922762,0.3564362067014054,-0.2554996168931225,0.8366869233736054,0.4844325938900877,8126.376698534697,True,body,high
-0.0093003989873228,0.0012104148863764,-0.0056547651910367,0.000901893294026,0.0006328825301693,0.3160248433794732,0.316024877007793,0.3160248433794732,False,0.0530850687236116,5.199375046892128e-05,2.2992550527785803e-05,5.541376445338556e-05,2.4100747059974794,0.0617177702724243,0.523357332374188,0.4149248973533876,0.3051985782471015,-0.7907434119915346,-0.5306398818671033,4127.226158613455,True,wing_R,high
-0.008627626078105,0.0011324491434645,-0.0043838927847057,0.0011688563050167,0.0010708338394545,0.3458486567703639,0.3458485895137244,0.3458485895137244,False,0.0070572229064605,5.783271016721622e-05,2.024726530539277e-05,2.2030787251893365e-05,2.856322041269085,0.6190600926673844,0.0308393284932308,0.3501005788393848,-0.9793438431264352,0.1419521973033533,-0.1439972590402123,1495.4448069170471,False,body,high
-0.0091234462874435,0.001606481574935,-0.0049164160399154,0.000323195919639,0.0002407662376803,0.7204483144824958,0.7204482472258564,0.7204482472258564,False,0.0176895480540344,0.0001114374135719,7.214336664810277e-05,4.047184861880356e-05,2.753454990938405,0.3526109020690411,0.284209019342062,0.3631800785888968,-0.7996698896028392,0.590286936588463,0.1099518083325178,4337.890485407664,True,body,high
-0.009165887997372,0.0020247399196264,-0.0049469654957037,0.0002900410689868,0.0002868862539979,0.4862278999799985,0.486227959880443,0.486227959880443,False,0.024563134471654,7.404581148376156e-05,2.711658246122308e-05,3.262062098740407e-05,2.730646886997933,0.5594535283800913,0.0743328814404045,0.3662135901795041,0.8512604634591725,-0.5171243647845867,-0.0890955369107396,6941.868719707863,True,body,high
-0.0099374556962112,0.0020162960860818,-0.0033316648752722,0.0017647585754258,0.0010477047867545,0.2715690790547509,0.2715691126830706,0.2715690790547509,False,0.0120677450298812,4.181809370942009e-05,3.127633832068858e-05,6.305750412131037e-05,2.01614087540418,0.3368260559604419,0.1671768576258777,0.4959970864136802,0.9410866871311389,-0.0845791477099309,0.3274174935418079,1492.35843508631,False,body,high
-0.0087327033767148,0.000708179352086,-0.005344274894142,0.0013209009911197,0.0007572273648637,0.7055791493814062,0.7055790989389266,0.7055791493814062,False,0.0656200243481697,7.758424872214875e-05,4.2187899196475845e-05,0.0001034550851408,2.452245480605881,0.2500682917949602,0.342142191246514,0.4077895169585257,-0.7786214037373508,0.6179540735260804,0.1090021681188083,4275.76617877424,True,wing_R,high
-0.0090070781278737,0.0010914425766765,-0.0049887069617002,0.0008044783439881,0.0005990710430007,0.4281152798869323,0.428115313515252,0.4281152798869323,False,0.3980942336041655,7.840937783089948e-05,4.088117989888361e-05,3.4706956428778064e-05,2.259183342446143,0.4786187439587972,0.0787434314734788,0.4426378245677239,0.7643959848791272,-0.6274316038994855,-0.1484195429476462,5406.907341684234,True,wing_R,high
-0.0096788147336613,0.0016480812224242,-0.0037922438236838,0.001247654880205,0.0009279206364527,0.46540507837367,0.46540507837367,0.46540507837367,False,0.0234822107008706,6.394285490675413e-05,5.622352774438921e-05,2.234703294886601e-05,2.861357704759587,0.1207222788788797,0.5297932794043092,0.349484441716811,0.2806415382032893,-0.8886671153353223,-0.3626445713870376,2342.987730504552,False,body,high
-0.0101306647755916,0.0017646992623206,-0.0038443171260644,0.0013788550220818,0.0007054382204915,0.1673581782101237,0.1673581782101237,0.1673581782101237,False,0.0325138131976148,8.67772824455737e-05,6.55941968205487e-05,0.0001504926730175,2.294298586036712,0.4233786887722705,0.1407582522143641,0.4358630590133653,-0.3016735622521689,0.7260379273313491,0.6179498279913067,2120.248965727501,False,body,high
-0.0100226884518725,0.0022310044694967,-0.0052777756757238,0.0008344191745174,0.0006765673779236,0.3165707991500193,0.3165707991500193,0.3165708327783391,False,0.0427350604471818,4.444543348035038e-05,1.8693292554197765e-05,1.7918420507181515e-05,2.480432550544124,0.579410277043148,0.0174342330885089,0.4031554898683431,0.6413960089290929,0.1830122462435908,0.7450621970377415,4402.308560346814,True,body,high
-0.0096388495978045,0.0024028723239003,-0.0047827532961463,0.0006825949849904,0.0004145081707793,0.1606469744449325,0.1606469408166128,0.1606469744449325,False,0.0363402949317668,1.7413433019956667e-05,1.74686714443016e-05,4.725397376903682e-05,2.7136506463074457,0.630323757961961,0.0011689688705318,0.3685072731675071,-0.949069471975666,0.1948134252871969,0.2476183892438125,4107.966570244135,True,body,high
-0.008915899845573,0.0020759871726134,-0.0054749271170487,0.0007103214075251,0.0005037623551233,0.1435834269692686,0.1435834269692686,0.1435834269692686,False,0.0133365876751663,0.0001024560984673,0.000142886380818,8.057405175634552e-05,1.7733547923111197,0.2829540654553807,0.1531429838571526,0.5639029506874668,-0.0266217472525785,-0.7921795769118148,-0.6097071432229064,5258.941805049128,True,body,high
-0.0088690222530227,0.0019300728699053,-0.0042543799894505,0.0008902953515794,0.0008863053818511,0.1926657082635128,0.1926657418918325,0.1926657082635128,False,0.0499105887351917,3.4725927414883215e-05,7.029201310567911e-05,2.613215943424338e-05,2.689866227188596,0.5059762001313688,0.1222581001872816,0.3717656996813495,0.4987744985698545,-0.7330720555861981,-0.4624168691721957,5372.440365306648,True,body,high
-0.0091776248048898,0.0017858102829892,-0.0051473153691766,0.0002449688823274,6.847290092955179e-05,0.6028924521277861,0.6028923932782266,0.6028923932782266,False,0.0077268650630213,8.216401610321014e-05,0.0001210359435326,4.384124710805505e-05,2.7607778408838928,0.3211601966728399,0.316623044995081,0.362216758332079,-0.7640725463715278,0.6264325650593273,0.1541926889139719,4116.15501056366,True,body,high
-0.0087703616821306,0.0018894602555304,-0.0048234141556738,0.000617538443857,0.0005287045712046,0.2939747709575964,0.2939747709575964,0.2939747709575964,False,0.144033707283678,9.86780932569193e-05,3.5185730804384553e-05,0.0001007355306207,2.862965421430898,0.0204241477771725,0.6302876657451143,0.3492881864777131,-0.2970372767210239,0.8185636974226049,0.4916526512691576,7005.056560443916,True,body,high
-0.0095143635892313,0.0017739151799878,-0.0050752623541425,0.0001813189828082,0.0001742710698527,0.3656914587641364,0.3656914587641364,0.3656914587641364,False,0.0691321816464193,3.056549079346692e-05,1.2493205316108643e-05,3.573907559598869e-05,2.860681041550402,0.1447598942123295,0.505672997300095,0.3495671084875756,-0.357527055673633,0.9019469557340366,0.2422108451400281,5342.6648221335945,True,body,high
-0.0100912925500527,0.0016002738813614,-0.0051323575473242,0.0007746538057909,0.0006745189565618,0.2449702383385293,0.2449702047102097,0.2449702047102097,False,0.0512792843016146,4.320705962579155e-05,1.7407389214278308e-05,1.640036335253445e-05,2.634518437002464,0.5971170136306306,0.0233069750745717,0.3795760112947977,-0.3499726293375927,-0.8598633821193187,-0.3716908968549792,3815.929942548932,True,body,high
-0.010341864522001,0.0020237060589402,-0.0044489150987384,0.0011384385117803,0.0002731891763921,0.3266103658588383,0.326610399487158,0.3266104163013179,False,0.1285084095498425,2.582840023864324e-05,5.867894079840549e-05,2.1640491751473325e-05,2.711534537768095,0.5598352682033232,0.0713698718856852,0.3687948599109916,-0.9233264813362604,0.3776853801285871,0.0694403521039819,3173.457893374202,False,body,high
-0.0094187329298131,0.0019546727958004,-0.0041417261593167,0.0008591335854817,0.0006482647261245,0.2647300372321695,0.2647300372321695,0.2647300372321695,False,0.0086649976009951,5.056559830399562e-05,2.061939331939283e-05,2.016700159521221e-05,2.507343397840572,0.5922248720279947,0.0089466305028347,0.3988284974691705,0.6827753349872593,0.4462872274978728,0.5784855681045966,4147.37371786904,True,body,high
-0.0090550696208784,0.0010901233767807,-0.0048804483531011,0.0007929951179811,0.0006584265822288,0.5296583158189614,0.5296583767702908,0.5296583158189614,False,0.0397104564220385,3.415939373937289e-05,5.577397049879782e-05,2.3863616781307687e-05,2.337196872122311,0.3875387849586721,0.18459824297944,0.4278629720618878,-0.803274674674675,0.5687774473841887,0.1767541014330977,4605.468713062977,True,wing_R,high
-0.0088142092178154,0.0020950101855422,-0.005049568978561,0.0006179186188659,0.0005199924564343,0.7499475977739929,0.7499475977739929,0.7499475977739929,False,0.0071459482227593,3.764078943871131e-05,9.467221668513342e-05,6.364881353925609e-05,2.5151496049062323,0.3276927934312222,0.274716543154829,0.3975906634139488,0.7469094296451031,-0.6613215676454283,-0.0691381810161371,5808.715650149872,True,body,high
-0.0086912047750374,0.0018180065903224,-0.0047156578871294,0.0007227397231993,0.0006349139393215,0.9269914532768048,0.9269914532768048,0.9269914532768048,False,0.3827976943080372,2.9677912561598523e-05,2.9965040342852484e-05,6.910489429927154e-05,2.32849578473013,0.566383240337749,0.0041549557982174,0.4294618038640335,-0.7109047312845242,0.6525200401036599,0.262358648228711,7859.014736768636,True,body,high
-0.0097020404748043,0.001848552128136,-0.0042697788909698,0.0007952026645862,0.0004389631389911,0.1675919286604511,0.1675919286604511,0.1675919286604511,False,0.017449669510706,7.24834246857826e-05,6.902012844445767e-05,9.543052895039016e-05,1.382647802911373,0.2404587349247186,0.0362912820395801,0.7232499830357012,0.3611681576536034,-0.8103314001374067,-0.4614331845982168,3675.740969094117,True,body,high
-0.0101946391255673,0.0017225313002038,-0.0052428826103744,0.0008767676026099,0.0007567373234179,0.2769512916248708,0.2769512916248708,0.2769512243682315,False,0.2474126830039523,6.386685722406666e-05,6.159031719131889e-05,7.277926212513792e-05,1.1816672724555493,0.1224580277517394,0.0312800647639632,0.8462619074842973,-0.7301443561232546,-0.6003885691188318,0.3262250531347946,3465.340122517557,True,body,high
-0.009873009021426,0.0014148427858396,-0.0050818814258268,0.0006560551601615,0.0006318263727064,0.1729333164504391,0.1729333500787588,0.1729333500787588,False,0.0238495503836181,6.57876529261639e-05,2.341584920093288e-05,2.2598940986961127e-05,2.911094505008942,0.6440692415761752,0.0124173485089762,0.3435134099148486,0.2905508338353016,-0.9538977820713792,-0.0752278825763084,3204.673538024798,True,body,high
-0.0099368408779781,0.002135271952168,-0.0053296647825124,0.0007430701788748,0.0006501937769072,0.2082386132112435,0.2082386804678829,0.2082386804678829,False,0.0214702806447201,1.6235795189906123e-05,4.09358376559476e-05,1.5253499976722585e-05,2.683701295992213,0.6033843175175087,0.0239959719754463,0.3726197105070449,0.982671025100539,0.1270933466271407,-0.1349256746174312,4225.975703948309,True,body,high
-0.009025752015469,0.0009871994382479,-0.0053798225424937,0.0009746272541085,0.0005859241203837,0.8930217388617352,0.8930217388617352,0.8930217388617352,False,0.0209772712222473,5.9579585416283605e-05,2.188504052531328e-05,2.251590308533718e-05,2.722388626485339,0.6220869459225308,0.0105885691485775,0.3673244849288916,0.8509450457461362,0.1822030007687359,-0.4926404323956512,6005.244968769442,True,wing_R,high
-0.0091973266832359,0.0020176641152394,-0.004984573988503,0.000261334926657,0.0002578051899921,0.3106196962953088,0.3106196962953088,0.3106195954103496,False,0.0768322319579681,3.581328401118576e-05,8.88703120697331e-05,3.0225789333322577e-05,2.9402147646069103,0.5970163356342841,0.0628724547909642,0.3401112095747516,-0.2877247625581646,-0.54271979836977,-0.7890942158375795,6792.954149870614,True,body,high
-0.0098200738162628,0.0019818177421777,-0.004768499420505,0.0005355855318114,0.0001044024934999,0.1990652783899205,0.1990652783899205,0.1990653456465599,False,0.0224335331789161,3.7955659875447766e-05,8.704001992424015e-05,3.338626771298796e-05,2.607060503812463,0.5639286398545811,0.05249760014344,0.3835737600019789,0.5299622448816955,0.8423245825760125,0.098129081255764,15917.864720777923,True,body,high
-0.0089455388507102,0.0009737043636316,-0.0054472888388728,0.0010440885781507,0.0005606473924343,0.2502203756829753,0.2502203924971351,0.2502203756829753,False,0.1475161864718906,9.839040558305871e-05,4.760729003092049e-05,0.000114611086121,2.40742722483429,0.1415280239193755,0.4430907800534702,0.4153811960271542,0.6495683505262464,-0.7583844449984676,-0.0539814003058248,7699.766161195636,True,body,high
-0.0086428939015202,0.0018538086229805,-0.0050227385217915,0.0007200374783702,0.0004791843606079,0.4902248979571416,0.4902248391075821,0.4902248979571416,False,0.0429501215013476,5.28073958219593e-05,3.8171791862935626e-05,2.3210969739991724e-05,2.275105108209845,0.2771506477685014,0.2833092200453223,0.4395401321861762,0.6714798460831759,-0.7161399144175978,-0.1904164889973287,5912.073240406209,True,body,high
-0.0090804724464575,0.0017876814813784,-0.0048317700983709,0.0003217734159116,0.0002934099155495,0.426749230283537,0.426749230283537,0.426749230283537,False,0.0276375488788471,6.074530185949916e-05,2.534299281066631e-05,6.149042773081964e-05,2.426328578878012,0.0121177539141921,0.5757369131307708,0.4121453329550371,0.6176784763969005,-0.7436752162646745,-0.2557742608428257,5760.69551932615,True,body,high
-0.0092359058152212,0.0016649326148965,-0.0049237353331554,0.0002046159796164,0.0001698743052606,0.7170612701209683,0.7170612196784887,0.7170612196784887,False,0.016051943732389,0.0001081610391935,6.751373837398892e-05,4.476229442826125e-05,2.416342606541178,0.3758035344577574,0.210347867544201,0.4138485979980416,-0.7861586248188704,0.6060691268512362,0.1209745018616847,4717.847471009903,True,body,high
-0.0088289093248727,0.0020626626844477,-0.004804698403966,0.0006150452887139,0.0005817127765844,0.6947273578665509,0.6947273578665509,0.6947273578665509,False,0.0173210550668357,8.093231208858523e-05,3.999247972966957e-05,0.0001051695842466,2.6297340139330614,0.2304589519077569,0.3892744528009619,0.3802665952912812,-0.7661820598105068,0.6365611465930963,0.0880622386304805,4766.666829915564,True,body,high
-0.0088046281768859,0.0018640245753837,-0.0048749385973604,0.0005697592058125,0.0004631837286551,0.7008231801951479,0.7008231801951479,0.7008231801951479,False,0.0175478079771423,3.865948384021715e-05,0.0001050712383795,8.053878927043584e-05,2.7178644912532754,0.2334839627611659,0.3985801069456814,0.3679359302931527,0.7640993262603747,-0.6327553720768754,-0.1255900422656852,6016.2203154177205,True,body,high
-0.0102583718528863,0.0009463433839776,-0.0040276311479087,0.0015744706638211,0.0013133774866488,0.4171893295200292,0.4171893295200292,0.4171893295200292,False,0.0052230805795495,1.0991274082191884e-05,1.1855455572661227e-05,2.98297208942079e-05,2.713945687382881,0.6025623030565053,0.0289704852933151,0.3684672116501795,0.4997718882751106,0.7240481885072585,0.475375935875269,1131.523955215073,False,body,high
-0.0091499980955369,0.0020396032299656,-0.0052384876793486,0.0003981770608976,0.0003382657018543,0.2385535345832277,0.2385535345832277,0.2385535345832277,False,0.0739797554384462,1.7948384299697643e-05,5.23011909693911e-05,1.8028326620023942e-05,2.9139776648459748,0.6552979715017409,0.0015284990426525,0.3431735294556066,0.2172938224120538,0.6290049988438559,0.7464155050446096,6477.943858829051,True,body,high
-0.008584198458082,0.0017602142934152,-0.004258483131586,0.0010664743215723,0.001048723210831,0.8605622386566723,0.8605622386566723,0.8605622386566723,False,0.4251126561578956,2.116482907201127e-05,4.798598684912111e-05,4.404235445159275e-05,2.267251329356522,0.0821830008399753,0.4767542960304982,0.4410627031295265,-0.4394052617202075,0.7305367641752788,-0.5227227297151988,3655.353822204612,True,body,high
-0.0091207178844659,0.0018349576201526,-0.0042204054392169,0.0008038951629215,0.0007627868448125,0.1459376111191206,0.1459376447474403,0.1459376447474403,False,0.0198968778572047,6.438336509825908e-05,0.0001248947704944,4.783228678539424e-05,2.611097626480331,0.4844991119855566,0.132520186772734,0.3829807012417093,0.1577620305187667,-0.8353505469934446,-0.5265933966205318,6504.171604602022,True,body,high
-0.0099147458621795,0.0017098023029633,-0.0049599376721917,0.0005641592009842,0.0004107542596527,0.2502013588681773,0.2502013588681773,0.2502013252398576,False,0.0246429150180221,0.0001032288039653,9.822258886086154e-05,4.086819917883848e-05,2.525895587265185,0.0484963005686273,0.5556045161707095,0.3958991832606632,-0.1426590593350938,0.4472618979022845,0.882952539763306,6415.238379413066,True,body,high
-0.0085834831350258,0.0020084190399008,-0.0054383933442164,0.000919670679721,0.0005281887335886,0.4296715270630863,0.4296714976383065,0.4296714976383065,False,0.1291708946997899,2.6658042351807128e-05,6.0361047905957054e-05,3.956853054773306e-05,2.264271588639937,0.3444691250327344,0.2138877412473117,0.4416431337199538,-0.2027038562118062,0.884151727208283,0.4209357076222846,7387.507658707769,True,body,high
-0.0097116104923737,0.0020277922189214,-0.0041387924291294,0.0009426748324257,0.0004814362231362,0.1795734972043957,0.1795734972043957,0.1795734972043957,False,0.0256012432427288,0.0001083397400047,4.519673981687142e-05,8.97391855327042e-05,2.39706979848007,0.171687272567375,0.41113672336546,0.417176004067165,-0.3037104475683306,0.463495899758915,0.8324250806796478,3312.4310288264346,True,body,high
-0.0087801927398628,0.0018971671571324,-0.0050873648229167,0.0005951708185974,0.0003838364709249,0.3581402279795859,0.3581402279795859,0.3581402279795859,False,0.1420368002540707,5.65641779000692e-05,2.434589070644869e-05,4.752105930346064e-05,2.323356273224648,0.1598735972541642,0.4097145836355132,0.4304118191103225,0.2942787289587032,-0.8790136578893966,-0.3751466632216711,10139.865854379075,True,body,high
-0.0093158449165928,0.0020268472342726,-0.0042344391406215,0.0007836726551721,0.0006319234989637,0.1080492222361755,0.1080492222361755,0.1080492222361755,False,0.0848985977294389,0.0001451410816039,9.482831509603024e-05,0.0002293265795243,2.4183344319906244,0.367098737944256,0.219393524345182,0.413507737710562,-0.1479398788738957,0.8709287678236671,0.4686116447720073,4621.228721357398,True,body,high
-0.0093272362873271,0.0018242956054473,-0.0046805546459041,0.0003087449939371,0.0002706654162365,0.1593302912148764,0.1593302912148764,0.1593303248431961,False,0.2571415823191205,0.0001394169796358,0.0001401573228534,5.06563873855808e-05,2.7668242858823016,0.0052822300155581,0.6332925775345665,0.3614251924498754,0.1005971323144107,-0.7339361697217811,-0.6717275606555368,9611.140687132183,True,body,high
-0.0091732683236291,0.0010939375248529,-0.0057677537781226,0.0010782980603025,0.000671756743872,0.3463651373186812,0.3463651373186812,0.3463651541328411,False,0.035119218827479,7.485379339058844e-05,7.635199353313146e-05,3.325950072152958e-05,2.2956446091118616,0.019622279304245,0.5447702246439685,0.4356074960517864,-0.2297732092487018,0.8358294606176276,0.4985914009238407,4731.970619177781,True,wing_R,high
-0.0093793108912245,0.0012816533540657,-0.0050149139425202,0.0005332890526921,0.0004930773716807,0.1136732224250344,0.1136732224250344,0.1136732224250344,False,0.0955115824679101,0.0001820494371179,0.0001442601099337,7.403048948650247e-05,2.4591143241209417,0.2075772811078056,0.3857722471385196,0.4066504717536747,0.3329285440211156,-0.8016516252317609,-0.4965010134322554,2816.81955896218,False,body,high
-0.0104288535546401,0.0019425280104125,-0.0049679768027473,0.0010757942892434,0.0006569039274912,0.1696401287292315,0.1696401287292315,0.1696400951009117,False,0.0387807066872716,4.767494140705856e-05,5.09083673730958e-05,2.09766041935017e-05,2.4269117586185183,0.0635146270227093,0.5244390773306643,0.4120462956466264,0.8369504071670808,-0.5455868234342801,-0.0430003957859603,3991.600155531125,True,body,high
-0.0096453145673638,0.0019339983095071,-0.0047922079812424,0.0003651530726574,2.3544752683803627e-05,0.1387882639763843,0.1387882639763843,0.1387882639763843,False,0.0777818670701017,0.0001244124198291,0.0001046278231656,0.0002274027824135,2.173444649167968,0.4528984275889284,0.0870024388155519,0.4600991335955196,0.0771320238014146,0.8974294013351732,0.4343628903618385,40544.50636371776,True,body,high
-0.0092470045967451,0.0013834848775806,-0.0039511644489904,0.0011277318731787,0.001079738541894,0.8561546084201646,0.8561546084201646,0.8561546084201646,False,0.0859122847235693,1.989782467894707e-05,3.175732786325059e-05,4.621831838054886e-05,2.3227824712643206,0.3128843935478238,0.256597461782483,0.4305181446696931,0.6847311861485883,-0.5547984728863373,-0.4725905809456378,2140.804539203453,False,body,high
-0.0098369060232953,0.0022585973282111,-0.0046077455487961,0.000753874156905,0.0001823508131189,0.1215004828648719,0.1215004828648719,0.1215005164931916,False,0.0406846058986967,4.4285163202037686e-05,9.179538812155068e-05,4.301973478843191e-05,2.133797164789464,0.5175665781444535,0.0137853157931001,0.4686481060624463,0.6332134156222888,0.401265776630219,0.6618357400301842,3564.471714248871,False,body,high
-0.0095766461550219,0.0021991912643541,-0.0052725969402258,0.0005257130360503,0.0005044056585622,0.2594685335156604,0.2594684830731809,0.2594684830731809,False,0.0549487419704518,5.433310395389988e-05,2.6445745016468228e-05,6.61252416940821e-05,2.500411376306652,0.1783303537057251,0.4217354556743713,0.3999341906199036,0.6646717735438955,-0.6676556189398455,-0.3353317878639954,5036.095881355465,True,body,high
-0.0082755716472004,0.0006759015999184,-0.0063883287728751,0.0021061936871238,0.0006254071635804,0.4199962349240221,0.4199962349240221,0.4199962349240221,False,0.0161216285776896,4.935549443227698e-05,4.797710964772261e-05,2.0833559362686217e-05,2.369038030086916,0.0279276866822946,0.549960052011663,0.4221122613060423,0.8346513086226393,-0.5410870447898722,0.1028688630008052,2288.190966336196,False,wing_R,high
-0.0091996484712387,0.001509425887103,-0.0056688954499397,0.0007637611905713,0.0004570092506281,0.3139953742847732,0.3139953910989331,0.3139954247272528,False,0.0070152457464973,5.0010056058548615e-05,1.911200591657296e-05,5.021627669278176e-05,2.627472851985503,0.0041066492343664,0.61529950400359,0.3805938467620435,0.3527321220759252,-0.8568519859186976,-0.3760116012611825,2765.0215602348576,False,wing_R,high
-0.0099384628119302,0.0014498722319976,-0.0047018535171686,0.0007399398134152,0.0005884048356921,0.2786930031877839,0.2786930368161036,0.2786930031877839,False,0.0458795686226202,0.0001313548970963,0.0001260949846773,5.234570134456416e-05,2.5093731428244754,0.0400435197721291,0.5614505813106496,0.3985058989172211,-0.0404843476105431,-0.8278297015208046,-0.5595167583536027,3074.8614687172035,True,body,high
-0.0090980675012948,0.0020970615733235,-0.0056559415550639,0.0007722654369935,0.0006220116704425,0.2375202203892361,0.2375202540175558,0.2375202203892361,False,0.1161522790610659,9.195143451801944e-05,8.836341272112645e-05,3.878411568509684e-05,2.370852935377166,0.0390208354627664,0.5391900332594998,0.4217891312777337,-0.2996644179354953,0.8187501814877669,0.4897441954093275,4953.961154830209,True,body,high
-0.0090900734947825,0.0016666537900994,-0.0055993287185022,0.0006853209373993,0.0003395820857737,0.2434182913837587,0.2434182913837587,0.2434182913837587,False,0.0071062020211829,8.189201755167384e-05,8.387385551960411e-05,2.9777223984720155e-05,2.816711711025952,0.0236287929731219,0.6213472987988816,0.3550239082279963,-0.3376846564634504,0.8486737408255947,0.407089614731514,2476.659712569284,False,body,high
-0.0096376856001125,0.001474333457336,-0.0046246142564955,0.0005686994163204,0.0004964562550956,0.2947155019559221,0.2947155019559221,0.2947154683276023,False,0.0568643616272864,7.584702446963577e-05,3.305311556252432e-05,7.9698699924764e-05,2.4112310917862927,0.0483279584079067,0.5369461352256578,0.4147259063664355,0.0191356157040017,0.8349400199015286,0.5500081739196826,3495.2387690630617,False,body,high
-0.0096439233750596,0.001903396441517,-0.004458774366652,0.000606133308755,0.0002826890820691,0.1443043845156029,0.1443044181439225,0.1443043845156029,False,0.0235139573691302,0.0001085431110535,9.874808644695032e-05,4.246877486822514e-05,2.5558333479201143,0.0902408684577072,0.5184973144078618,0.3912618171344309,0.089921896613273,-0.6840643788426841,-0.7238577057046807,4982.767180681675,True,body,high
-0.0086535684611123,0.0018629907038055,-0.0045849341473167,0.0008152777891906,0.0007642445907327,0.2897881964807243,0.2897881964807243,0.2897881964807243,False,0.0525066088880624,4.127760241207923e-05,9.2916291295116e-05,4.314990427968458e-05,2.2510098907277016,0.5356045352409293,0.0201504154062568,0.4442450493528138,-0.474767547982394,0.7473469973518675,0.4648314113008421,8668.10853739707,True,body,high
-0.0095596837325379,0.0020371728348163,-0.004937577890341,0.0003030046224637,0.000156426943576,0.0889115472572322,0.0889115472572322,0.0889115472572322,False,0.2204778031496732,0.0001448089146645,8.654677911405355e-05,0.0002507563089885,2.897349982927687,0.4225113806762675,0.2323456418124242,0.3451429775113082,-0.0494957329825867,0.8744695527340989,0.4825486232055185,9331.148461000772,True,body,high
-0.0095927174796788,0.001962574390229,-0.0046836549499417,0.000409883185506,0.0001049916326122,0.1051046929337558,0.1051046929337558,0.1051046929337558,False,0.0429698930377586,0.0001434274290003,9.617037824831746e-05,0.0002695972999033,2.803329931876132,0.4679938224463144,0.1752875520971562,0.3567186254565294,-0.1724993482391633,0.8337887945798582,0.5244427717970102,16300.645897904027,True,body,high
-0.0099103427386992,0.001819046353277,-0.0050555207941188,0.0005536388020515,0.0004100809140967,0.1162211056964352,0.1162211056964352,0.1162211056964352,False,0.0223729303591527,0.0001284615624365,7.105564559018003e-05,0.0001816264800971,2.556116105744068,0.2927156746752878,0.316065789612342,0.3912185357123701,-0.06473652046084,0.9216712095518866,0.3825328278746617,8694.962174252669,True,body,high
-0.0102726208520416,0.0023501481790135,-0.0047050684486403,0.001094686254399,0.0003544797788147,0.170165739366351,0.1701656721097115,0.170165739366351,False,0.0935937678834936,6.62737298582827e-05,6.409750563093992e-05,0.0001498870164911,2.3384219871852108,0.5578420905975532,0.0145190976395994,0.4276388117628474,-0.0487921195630302,0.9083720439891292,0.4153065840647826,2801.953252729522,False,body,high
-0.0093286099572435,0.0020294362694588,-0.0051328902747666,0.0002621084222482,0.0002611027982836,0.1167392508465784,0.1167392844748981,0.1167392844748981,False,0.066089189887855,0.0001303055295635,9.651405164238884e-05,0.0002182254832141,2.261074729540012,0.4028858241284463,0.1548466174687238,0.4422675584028298,-0.237534738201968,0.8298681039091556,0.5048724376132505,5972.397388628071,True,body,high
-0.0087994963134417,0.0009449679994273,-0.0051210963629842,0.0010431665978301,0.000645247368129,0.1068721637895692,0.1068721301612494,0.1068721637895692,False,0.1106506284798393,8.396341025029258e-05,3.456538307893778e-05,9.052836332858004e-05,2.619047013650573,0.0725181902876055,0.5456635396363089,0.3818182700760856,-0.711962673038366,0.7017629752997485,0.0252562605804844,4877.110587406472,True,wing_R,high
-0.0084067837879695,0.000646854337065,-0.0055236149545135,0.0016000337499592,0.0006837184153153,0.3848162625037093,0.3848161700258302,0.3848161700258302,False,0.0749306847514705,6.945930673744466e-05,2.952377947626241e-05,6.516839336323559e-05,2.352656332272467,0.0617759314878951,0.5131726122995928,0.4250514562125121,0.7464175349517939,-0.664138650008743,-0.0421985435892339,4799.841337389658,True,wing_R,high
-0.010551028230445,0.0020592513020188,-0.0050414133987055,0.0012163098500782,0.0007642785713927,0.169538941115214,0.169538941115214,0.169538941115214,False,0.0508456831274163,9.177446775175212e-05,6.422355338358276e-05,3.280931458389966e-05,2.797207711153714,0.3002023879091729,0.3422982401233631,0.3574993719674639,0.2035479160114858,-0.7332401110598848,-0.6487890145650346,5036.8067995839065,True,body,high
-0.0091624598625009,0.0016611906029347,-0.0047079456763327,0.0003751634866384,0.0003717285376845,0.2080152875400272,0.2080153211683469,0.2080152875400272,False,0.1103970939555866,7.975610557440253e-05,2.7589797413848765e-05,7.37446850428765e-05,2.890782573646908,0.0753725434339083,0.5787003677852721,0.3459270887808195,0.6479620955523862,-0.7536352154106387,-0.1103588909889944,4884.633152779624,True,body,high
-0.008958041567875,0.0009945547867633,-0.0050564127054126,0.0009156727384472,0.000647504849476,0.1795644511863928,0.1795644511863928,0.1795644848147126,False,0.0471767723975265,5.73868663766983e-05,0.0001217775280481,4.215033782363848e-05,2.8891234171761786,0.5287565177542208,0.1251177355729709,0.3461257466728082,0.2212829054300644,-0.9025178314314096,-0.3694528924135996,5111.995750042047,True,wing_R,high
-0.008912206677732,0.0009769419383255,-0.0056307960489059,0.0011471707726354,0.0005517109008953,0.195919887133853,0.195919887133853,0.195919887133853,False,0.1512639206967838,7.17013707553161e-05,3.114370925354826e-05,2.97374085507458e-05,2.411150609608781,0.5656469475342742,0.0196133028976744,0.4147397495680513,0.7427596893589694,0.0131588029997351,0.6694287787113589,5917.673349370518,True,wing_R,high
-0.0092980474445431,0.0017462077013749,-0.0042274485087782,0.0007654283126577,0.0006817981579174,0.1467477845976544,0.146747717341015,0.146747717341015,False,0.0364185591510448,9.221655730512964e-05,3.168608401817969e-05,6.33557013753245e-05,2.910317262689229,0.3129682648454252,0.3434265850150442,0.3436051501395305,0.1868230895378074,-0.7688782052757748,-0.6114927952702727,5895.883316163402,True,body,high
-0.0088187090220234,0.0008809840821458,-0.0049975898889266,0.0010791111824508,0.0007647637620857,0.2387255602527213,0.2387255602527213,0.2387256106952009,False,0.1566772725011709,3.8198484926007216e-05,1.6751030876822982e-05,2.8698153844801263e-05,2.280366217870167,0.2487096307512895,0.3127643148967972,0.4385260543519133,0.636274330095952,-0.7667769992864737,-0.0849000013320324,3961.24603155931,True,wing_R,high
-0.0087207960869393,0.0020035693055695,-0.0051137027688229,0.0006795228244419,0.0004876539810083,0.3840933461077518,0.3840932872581923,0.3840933461077518,False,0.0103737210856121,6.146691684816771e-05,2.2161774495244925e-05,6.261185254823578e-05,2.825218375977516,0.0182862453907752,0.6277588148768214,0.3539549397324034,0.8105623636841063,-0.5841837627106092,-0.0414485942356149,8610.758345682918,True,wing_L,high
-0.0090849948784405,0.0016382862190502,-0.0047916011635608,0.000381161301363,0.0003445126608065,0.1467434801727311,0.1467434801727311,0.1467434801727311,False,0.0510561741045249,4.392100995591108e-05,5.423246679975244e-05,0.0001061896609938,2.4177417846377134,0.489286750780095,0.0971041506991359,0.413609098520769,-0.7342285838338696,0.3051608146405177,-0.6064530186990962,4801.453771377855,True,body,high
-0.0096846718324371,0.0019654198526859,-0.0042723896859982,0.0007992596942432,0.0003982463570917,0.2411371647584839,0.2411371815726438,0.2411371815726438,False,0.1629210113912835,6.729704127868516e-05,6.727047622687984e-05,2.7737907323115392e-05,2.426175864485752,0.000394743235372,0.5874339815335315,0.4121712752310963,-0.3492922821788831,0.8373241730270048,0.4205747625273178,3915.468047192714,True,body,high
-0.0089255489819331,0.0019467632635387,-0.004678775307564,0.0005499071722126,0.0005403193033168,0.2331196184715485,0.2331196184715485,0.2331196520998682,False,0.0654780909901588,4.814068581235861e-05,2.8245956162783137e-05,6.454462090181275e-05,2.285092440483807,0.2541487557020174,0.3082321868438881,0.4376190574540944,-0.7579419705636705,0.6426161685712097,0.1121090056548466,5709.808177407869,True,body,high
-0.0096277557536563,0.0022294385501863,-0.0052399195691183,0.0005546871969496,0.0005110687443574,0.1598031390183656,0.1598031390183656,0.1598031390183656,False,0.0348516754361078,7.576764400947897e-05,6.340714026593217e-05,3.1437761987567645e-05,2.410083899720406,0.163136968360801,0.4219397170956638,0.4149233145435352,-0.231121047956573,0.5872700173395534,0.7756912967962551,5268.57405023741,True,body,high
-0.0096496940567617,0.0023440274496113,-0.0048624359873082,0.0006164283363844,0.0003817033223928,0.1686841428564207,0.1686841428564207,0.1686841428564207,False,0.0541324657034229,6.016053815472947e-05,3.144729751420963e-05,2.63080721221159e-05,2.286771066898341,0.4772769912175822,0.0854251898291856,0.4372978189532321,-0.2277436967132952,0.6009809130615467,0.7661297218768323,4741.688983906806,True,body,high
-0.0091333671167891,0.0011334048392579,-0.0053201916562999,0.0007910195646784,0.0005028201937042,0.3298455279143806,0.3298455279143806,0.3298455783568601,False,0.0082461294807228,4.741223574592384e-05,4.91720315529525e-05,2.177299950225408e-05,2.2583949238533667,0.0357885519766163,0.5214190960578742,0.4427923519655095,-0.6788540890476583,0.6988130103231625,0.2254273771890935,4065.572040254936,True,body,high
-0.0086636675015457,0.0019934383726985,-0.005871760160993,0.0011405011777388,0.0006477614221972,0.1152121888483956,0.1152122224767154,0.1152121888483956,False,0.0485580790539914,5.82956369552872e-05,5.543036079693554e-05,0.0001298038296137,2.341746071062088,0.550894321617923,0.022073895407224,0.4270317829748529,-0.2382155050004384,0.8036793366151774,0.5453007400280825,6222.982250859768,True,wing_L,high
-0.0094057373571449,0.0022811480523253,-0.0045826313482603,0.0006197230216802,0.0004424708073024,0.1205114067254631,0.1205114067254631,0.1205114067254631,False,0.1376277144737563,8.711201747512018e-05,6.202189532318863e-05,0.0001389525998148,2.2403797738005222,0.3730810536024705,0.1805660504759483,0.4463528959215811,0.1450413352245083,0.8858079087426272,0.4408030851585606,3635.374615058424,False,body,high
-0.0095814376320953,0.0004252555065209,-0.0056924473169805,0.0015729711664102,0.0013815428389847,0.8269922640780352,0.8269923649629944,0.8269922640780352,False,0.0076131685101512,1.2998958221737004e-05,3.045222209219411e-05,3.1224600723510274e-05,2.402084858715535,0.0247362212300318,0.5589587525875338,0.4163050261824343,-0.4749623162354977,0.7915824878480748,-0.3844580121267641,1205.4600096494928,False,wing_R,high
-0.0078894985988303,0.0002590769333519,-0.0057863342336288,0.0022849866818907,0.0008459845823287,0.9543725055237182,0.9543725055237182,0.9543725055237182,False,0.1766901729634843,1.6869664200015928e-05,4.285054555501328e-05,3.3238319356368765e-05,2.540094755115091,0.2243198090979715,0.3819940900247837,0.3936861008772447,-0.0960163115888153,0.7754308544435979,-0.6240896232799833,1748.1000018861876,False,wing_R,high
-0.0091482928502764,0.0015191105978422,-0.0060006812579034,0.001076622603533,0.0006858680001566,0.4216425177226686,0.4216425177226686,0.4216425177226686,False,0.0071326243734983,7.392431123292007e-05,2.7216198181728534e-05,3.013299845382264e-05,2.716188011981365,0.592380396228788,0.039456576915595,0.3681630268556169,-0.2280976744854316,0.0166697435662066,-0.9734955421283524,2051.032846374312,False,wing_R,high
-0.0084616991190684,0.0020338606345235,-0.0041595211175156,0.0012418581055038,0.0012354124727178,0.902823183438664,0.902823183438664,0.902823183438664,False,0.054633400957116,1.1545470177964898e-05,1.7078939440177798e-05,2.434633185340828e-05,2.108734549405745,0.2985005074681552,0.2272814358865424,0.4742180566453023,0.5785818542630331,-0.815456106067207,0.016564329001153,3204.645468070379,True,body,high
-0.0083297800833818,0.0008083513580107,-0.005098854153558,0.0014446132105684,0.0007926966316358,0.9722449149734472,0.9722449149734472,0.9722450158584064,False,0.9927714053205138,3.590626981172802e-05,2.8297642472785463e-05,6.708570993591569e-05,2.370717277965246,0.4647702193801355,0.1134165136839242,0.4218132669359403,0.6371465713949505,0.607505833702692,-0.4743215244713828,2851.347537724873,False,wing_R,high
-0.0087058991404633,-0.0001240436438064,-0.0057771025269919,0.0021928466332452,0.0014367207961046,0.911485166030426,0.911485166030426,0.911485166030426,False,0.0095364918842491,5.104190907595513e-05,2.3883219568224017e-05,2.132470462135316e-05,2.3935576122749724,0.5320860837574952,0.0501257690628998,0.417788147179605,-0.1804528449521908,0.9761690244476272,0.1205437947703174,1327.115161347476,False,wing_R,high
-0.0084804904251557,0.0028163878813696,-0.0047968407059319,0.001347753197285,0.0013371619804865,0.9073106473061712,0.9073106473061712,0.9073106473061712,False,0.0053084598565515,3.1282781711477216e-05,2.448634558861624e-05,5.922845678963854e-05,2.4188361050157683,0.4718285194803548,0.1147495054108846,0.4134219751087604,0.2091008572483433,0.7103966342528754,-0.6720219144791294,1109.6791835598651,False,body,high
-0.0096503784453724,0.0018911805718928,-0.005102977696079,0.0003211326880222,0.0002658928039204,0.9103707571434456,0.9103707571434456,0.9103707571434456,False,0.3007249221298759,5.234400406654919e-05,2.0555191590791537e-05,2.410407628688308e-05,2.546510152208877,0.5395064493683439,0.0677992591392045,0.3926942914924515,0.8371983185721851,0.2104846847359365,-0.5047723970974635,6250.183685761746,True,body,high
-0.0095939664631885,0.0018622550915768,-0.0046685000994572,0.0003978103930212,0.0001522131779959,0.0932923757229284,0.0932924093512481,0.0932924093512481,False,0.4209181586121625,0.0001859839936854,0.0001552171168545,8.229073978986842e-05,2.2600841134782668,0.1654275522386288,0.3921110393401592,0.4424614084212119,0.1922784744752254,-0.7769899666622908,-0.5994293786257165,17010.259605688523,True,body,high
-0.0080574206407461,0.0024074595675759,-0.0035095038797975,0.002057985898296,0.0020566368006523,0.936642915547812,0.936642915547812,0.936642915547812,False,0.0078643933269346,2.860653318407425e-05,1.6142989165463852e-05,3.6355862466802125e-05,2.252114654489237,0.2131521233969919,0.3428207494731096,0.4440271271298985,0.4951691533071023,0.6981696833943396,-0.5170750456192745,991.8124704531424,False,body,high
-0.0078131697934486,0.0017427757201388,-0.0041941095976973,0.0017406317803116,0.0015768977920252,0.9754037575574,0.9754037575574,0.9754037575574,False,0.7963758958730716,7.326066277905873e-05,3.850399086559212e-05,6.026223258426136e-05,1.9026771285811264,0.1774271444144362,0.296997609539628,0.5255752460459358,0.7967893426651211,0.3250055857086559,-0.50940957261663,1301.1367730055551,False,body,high
