x,y,z,dist_to_centroid,dist_to_principal_axis,R,G,B,color_oob,opacity,scale_phys_0,scale_phys_1,scale_phys_2,scale_ratio,linearity,planarity,sphericity,orientation_x,orientation_y,orientation_z,local_density,if_keep,part_label,confidence
-0.0133475447590024,0.0021728694751553,-0.0031528912990958,0.0006891200110261,0.0002168392150666,0.2325579582756963,0.2325579582756963,0.2325579582756963,False,0.907445068815956,9.882623428291964e-05,9.700866505279557e-05,3.773477738287671e-05,2.618969585541136,0.0183915662001321,0.5997788755183125,0.3818295582815553,0.6585257890107897,-0.2558226846414746,0.7077418591764554,3727.773125505864,False,wing_R,high
-0.0127488556844068,0.0049274503514963,-0.0038004780594345,0.0022614431667967,0.0003443596527281,0.3803497574864635,0.3803497574864635,0.3803497574864635,False,0.1129437522235693,4.170247973873269e-05,9.905797876546632e-05,9.726072437515648e-05,2.37534984456722,0.0181434591408844,0.5608659224509894,0.4209906184081261,-0.0394941096126908,-0.2547894256872117,-0.9661897142196668,12146.18329242601,True,wing_L,high
-0.0132002168279526,0.0014012150373768,-0.0028795060144017,0.0014306039590658,0.0002671241198512,0.5264924154914087,0.5264924154914087,0.5264924154914087,False,0.224342497950679,0.0001180249742674,4.11835477200114e-05,8.144410358169527e-05,2.865828244565416,0.3099417806509116,0.3411189547939497,0.3489392645551386,0.6047619417141312,-0.0522996727548237,0.7946871951176088,12404.866220621529,True,wing_R,high
-0.0137048044214273,0.0015361514410861,-0.0031651481749718,0.0014135291858228,0.0004393040280765,0.3263677375321065,0.3263677375321065,0.3263677375321065,False,0.6802391793034017,7.479235515117842e-05,3.018404994429217e-05,2.7181984546494888e-05,2.7515413756212617,0.5964286739830441,0.0401386664683734,0.3634326595485824,0.0943999750949116,0.0511619079963319,-0.9942188410366476,4741.777473396623,True,wing_R,high
-0.0136463329376852,0.0032586652552847,-0.003451725304293,0.0007906460443918,0.0007014984270942,0.5532633659479231,0.5532633659479231,0.5532633659479231,False,0.3548299426199512,4.8751930159016536e-05,2.6466913590898283e-05,4.759648561688331e-05,1.8419952893858336,0.0237004881317407,0.4334099584788884,0.5428895533893707,0.4249278493364731,-0.4694667921440483,-0.7739749698357546,3728.02891834765,False,body,high
-0.01430539144005,0.0032968978864137,-0.0033806973187179,0.0013247174242367,0.0013047093481352,0.5452247262974474,0.5452247262974474,0.5452247262974474,False,0.0978051523226941,5.91520259199081e-05,2.584927187117013e-05,2.594415776119005e-05,2.2883439895218385,0.5613986612002357,0.0016041021172866,0.4369972366824776,0.3352477416534407,0.7330914474335513,0.5917650559268,2919.407897959205,False,body,high
-0.0128583673960803,0.004811073950321,-0.0037903508486434,0.0021341401750066,0.0004012074139426,0.3697938111142864,0.3697938111142864,0.3697938111142864,False,0.2749352213336346,6.390347353355837e-05,9.713317712532427e-05,4.073003320599505e-05,2.3848047614905274,0.3421045679262803,0.2385738942489672,0.4193215378247525,-0.0134761683726887,-0.2502233047327299,-0.9680943604084375,9012.609359581207,True,wing_L,high
-0.0122896199754064,0.0048287835850115,-0.0036288060020791,0.0022428094158471,0.0003288329954338,0.4222893416381948,0.4222893416381948,0.4222893416381948,False,0.908610354288544,9.632545601169565e-05,3.7430519645967016e-05,5.80214773182466e-05,2.57344693375301,0.3976516725630475,0.2137644452965732,0.3885838821403792,0.111496855019483,0.2096492172075578,0.971398814619939,4250.092545797318,False,wing_L,high
-0.0133302786379695,0.0009198512386518,-0.0028568734039698,0.0019208315728375,0.0002878780365384,0.3604106944275116,0.3604106944275116,0.3604106944275116,False,0.1863767729374389,4.526049092547104e-05,0.0001237285156697,7.344821536849504e-05,2.733698047454225,0.4063760082233456,0.2278191433109444,0.36580484846571,0.5317428274615836,-0.0547670026969658,0.8451332089432715,7913.501826347685,True,wing_R,high
-0.0139325396436041,0.0029277685925748,-0.0036200548363742,0.0009922968250346,0.0009922082942845,0.6190559796617221,0.6190559796617221,0.6190559796617221,False,0.2568495346478968,3.919330569393537e-05,2.9657513067335383e-05,7.848935521503723e-05,2.6465251835793664,0.5006545080341468,0.1214915398460693,0.3778539521197838,0.767872789850204,-0.6399097410783807,-0.0297808979156792,3715.121399194977,False,body,high
-0.0138312609583742,0.0031027510931682,-0.0037121831271912,0.0010032816915085,0.0009784777665469,0.4645007266840091,0.4645007266840091,0.4645007266840091,False,0.0880676901160461,5.647965722610365e-05,5.144758345453543e-05,5.4631760643216185e-05,1.097809720762008,0.032717914265836,0.056377417021736,0.9109046687124278,-0.3944948484801954,-0.0218195077542409,-0.9186390605694656,3013.632443893221,False,body,high
-0.0127789394027146,0.0050091559438984,-0.0038353659000664,0.0023445368345471,0.0003875551261712,0.3308490810454259,0.3308490810454259,0.3308490810454259,False,0.1799603731804443,3.7288716760971775e-05,9.160823734646471e-05,3.935492255652066e-05,2.456728074974853,0.5703997402801309,0.0225548035351279,0.4070454561847411,0.6611108019942833,0.7410030216593259,-0.1176734013200263,12132.613330977812,True,wing_L,high
-0.0123162184088219,0.0029756854512326,-0.0021899715778381,0.0012011999843556,0.0011886022880709,0.1513471298848479,0.1513471298848479,0.1513471298848479,False,0.5208462262757603,4.614996113051149e-05,0.000117975628172,4.151577832307176e-05,2.8417058028863345,0.6088178393657544,0.0392808487587182,0.3519013118755274,0.9066247539216722,0.0676070572427154,-0.4164863039614244,2960.631655988808,False,body,high
-0.013759322121254,0.0002511536532595,-0.0029320529940859,0.0026490872542847,0.000362305558239,0.4234390854821139,0.4234390854821139,0.4234390854821139,False,0.698081388862507,2.927966752408982e-05,8.072295413189673e-05,4.623806919546545e-05,2.7569627990304872,0.4272004822827089,0.2100815295196774,0.3627179881976136,-0.4262506360686593,0.4692393182436725,-0.7733853227630303,4721.802490917292,True,wing_R,high
-0.0125035897643933,0.0026927301299726,-0.0024477145385262,0.0008824689476279,0.0008777103457234,0.1455191739369276,0.1455191739369276,0.1455191739369276,False,0.7402840473766422,5.873778487282123e-05,0.0001356281149451,6.722917365472434e-05,2.309043748224453,0.5043124083681514,0.0626078802712677,0.4330797113605809,0.6073895885378899,-0.6672294605383936,-0.4311412004499418,7080.262984265472,True,body,high
-0.0128780762880083,0.0045564313204152,-0.00371387181047,0.0018682167959757,0.0003539532835349,0.3456238850813999,0.3456238850813999,0.3456238850813999,False,0.1281361845590017,0.000126555432382,5.295541257992241e-05,0.0001159462720359,2.389848859945484,0.0838301457820487,0.4977333510732245,0.4184365031447267,0.0810473276507157,0.2911525597303458,0.9532373878752054,6019.043766628172,True,wing_L,high
-0.0135457193764083,0.000321070578717,-0.0028571998165426,0.002541520653548,0.0003247415026218,0.3221552356207355,0.3221552356207355,0.3221552356207355,False,0.4408882546400501,4.9333047593071096e-05,2.7572410873211603e-05,7.394920182245081e-05,2.6819998498679447,0.3328792417324821,0.2942646598418458,0.372856098425672,0.6408736879791698,-0.4621402061131223,0.6129497091521442,3856.467427388817,False,wing_R,high
-0.0131723249262008,0.0035344284644191,-0.0021359353498492,0.0011868868167893,0.0010812318852713,0.1926244126869048,0.1926244126869048,0.1926244126869048,False,0.2422990244668821,3.588908399643026e-05,3.53414036288131e-05,8.875275226610444e-05,2.511296755450488,0.5956284951161266,0.0061708550285299,0.3982006498553435,0.85060881892619,-0.4421584754761603,0.2845356211963436,1702.976961941959,False,body,high
-0.0128610870032536,0.0037373413773123,-0.003476912209186,0.0010350622597639,0.0002097680865158,0.2839470246031566,0.2839470246031566,0.2839470246031566,False,0.4342387315701716,0.0001234196324991,4.137925070305802e-05,6.864746255990032e-05,2.9826454177435213,0.4437881464249161,0.220939013548214,0.3352728400268698,-0.1766845662591315,-0.3191653744842584,-0.9310832550186614,7993.726886081317,True,wing_L,high
-0.012781845991153,0.0049724402573564,-0.0038267582609061,0.0023069912694347,0.0003828886807778,0.3510426684492082,0.3510426684492082,0.3510426684492082,False,0.1446023274975136,9.796962510211918e-05,6.577498066783269e-05,3.454982751651301e-05,2.835603884137911,0.3286186346097397,0.3187227992224321,0.3526585661678281,0.0353035437460024,0.228115663131734,0.9729937841697364,13395.443149588267,True,wing_L,high
-0.0142813660279555,0.0032741002710423,-0.0033298512459547,0.0012838664715686,0.0012676005685298,0.292268755856059,0.292268755856059,0.292268755856059,False,0.0946707742920234,5.61560620163393e-05,9.311810216963244e-05,3.3816365976703007e-05,2.753640123063015,0.3969372151288017,0.2399071235251365,0.3631556613460617,-0.4377311891402561,0.5462271829686687,0.714161935866068,3228.169340889516,False,body,high
-0.0124566913887287,0.0029451653767193,-0.0018893952242997,0.0013620127064036,0.0013609687684788,0.2303768422732489,0.2303768422732489,0.2303768422732489,False,0.2331994253423614,1.407080927184954e-05,1.564624699566169e-05,3.307209719904331e-05,2.3504047677775213,0.5269049041100939,0.0476364626751799,0.4254586332147261,0.1107248596064982,0.991873584977522,0.0626641595248801,2267.3914476370155,False,body,high
-0.0123163896935896,0.0042710981515435,-0.0034220911819679,0.0016932116429883,0.0004138645913313,0.4581369160720766,0.4581369160720766,0.4581369160720766,False,0.5961350399945261,2.547641710613145e-05,7.400846525862596e-05,4.236857134990018e-05,2.904979336392409,0.4275172279030341,0.2282462443281092,0.3442365277688566,0.2647522787446572,0.1650965836067559,0.9500786014751036,5392.029761378746,True,wing_L,high
-0.0126436793900472,0.0024741797118744,-0.0025619471400492,0.000773972889848,0.0007085970992042,0.1820091291445935,0.1820091291445935,0.1820091291445935,False,0.4555715894060556,4.708402491769965e-05,0.0001209408675047,0.0001153008246077,2.568617863832693,0.0466347150752715,0.5640508547479185,0.38931443017681,0.8214992591189672,-0.5477675313590483,0.1583972817184753,4391.108104350768,True,body,high
-0.0126704935923397,0.0032467799966048,-0.0016194199841096,0.0015829874151559,0.0015650710151599,0.4196173866812115,0.4196173866812115,0.4196173866812115,False,0.5505530904256967,2.6589691168913887e-05,7.119809246578528e-05,2.582810465775127e-05,2.756613131673137,0.6265392758704632,0.010696726341771,0.3627639977877657,-0.2727483943442481,-0.9358988968670976,-0.2229384852948994,1601.281423830737,False,body,high
-0.0126414900287203,0.0050809587160593,-0.0038164436684035,0.002428671879321,0.0003006153036573,0.3727358014785678,0.3727358014785678,0.3727358014785678,False,0.0978532133874194,0.0001069148927981,4.81061734665317e-05,0.0001223353258424,2.543027578936015,0.1260505331399628,0.4807173964401036,0.3932320704199334,-0.139247016278592,-0.140687953577193,-0.9802128177981408,8248.777818518209,True,wing_L,high
-0.0128256173799347,0.0039700772460323,-0.0035364852860133,0.0012746606609508,0.0002230514869722,0.2895752787744593,0.2895752787744593,0.2895752787744593,False,0.2220039669251072,0.0001078966273986,4.66656492464075e-05,0.0001145799940199,2.455339117108532,0.0583292631360095,0.5343950196190239,0.4072757172449665,0.1810521699320632,0.1601327522201702,0.97034922240876,7275.918111891261,True,wing_L,high
-0.0124759225633722,0.0051102590984354,-0.0037997271723402,0.0024879597371648,0.0002591714814246,0.3939738004218471,0.3939738004218471,0.3939738004218471,False,0.1151214440005383,4.855000991892173e-05,0.0001281079334872,8.683051168605252e-05,2.638679862294304,0.3222081621143622,0.2988144506362006,0.3789773872494371,0.1626159141718346,0.1194336701156477,0.9794343586482784,8202.004951794837,True,wing_L,high
-0.0126438060018265,0.0050505850544188,-0.0038006283642247,0.0023950888639989,0.0002896626143649,0.3651219379485512,0.3651219379485512,0.3651219379485512,False,0.1284459944863102,0.0001138106908429,0.0001311584957689,4.8474829230033886e-05,2.705703101016785,0.1322659643530417,0.498144334683757,0.3695897009632012,-0.1514545835311589,-0.1201353332161815,-0.9811365913268344,8736.365470171038,True,wing_L,high
-0.0121487777245266,0.0026466682734085,-0.0022911339953327,0.0012528392644333,0.0012502742697842,0.1649996896353483,0.1649996896353483,0.1649996896353483,False,0.4671777206785414,8.771590715461015e-05,9.332146384208832e-05,3.805497027741752e-05,2.452280560509777,0.0600671748673326,0.5321491416082499,0.4077836835244175,0.8744165077019164,-0.4493244931766715,0.1830389873494489,6039.0145406033735,True,body,high
-0.0139668739598331,0.0006419318318842,-0.0029978483066403,0.0023376562305309,0.0004720572780876,0.3632548768239068,0.3632548768239068,0.3632548768239068,False,0.5607727476555693,8.956895352395944e-05,0.0001018412556436,3.511720970296007e-05,2.900038371642807,0.1205042302561371,0.5346727460976197,0.3448230236462431,-0.0087558184811828,0.3238178288951264,0.9460789339861506,4254.489978802826,True,wing_R,high
-0.0134178496861447,0.0004960884032025,-0.0028392204215996,0.0023515800150942,0.0003400965545006,0.2745754508371234,0.2745754508371234,0.2745754508371234,False,0.4635906115125457,3.742355947074572e-05,9.457823001938944e-05,3.896403163082807e-05,2.527237690827404,0.5880232520439421,0.0162878091476921,0.3956889388083657,-0.9061955488344118,-0.1823540807614179,-0.381518828503074,4162.42187028547,False,wing_R,high
-0.0132893423534931,0.0006516422645448,-0.0027893827443863,0.0021900034460318,0.000375995787573,0.3435080920899958,0.3435080920899958,0.3435080920899958,False,0.1485662461946787,0.000110087094911,4.599621968140131e-05,3.763070371795743e-05,2.925459373179901,0.5821833638305716,0.0759899783912261,0.3418266577782022,-0.5133027732300979,0.5351952887824436,-0.67088468894391,8221.937927059664,True,wing_R,high
-0.0131351816894608,0.0012084168845772,-0.0027225806135556,0.0016456732760472,0.0003709394540566,0.3766260179808861,0.3766260179808861,0.3766260179808861,False,0.0788280660014401,2.9807880953101464e-05,7.322901994857074e-05,3.239446516250472e-05,2.456699960114117,0.5576280389215151,0.0353218466015226,0.4070501144769621,-0.5785649532926826,0.0097341493773897,-0.8155782250387353,7896.541418605873,True,wing_R,high
-0.0131259763590674,0.0018426960279353,-0.0029693327235126,0.0009785573366952,0.0002335908377971,0.5709696346841082,0.5709696346841082,0.5709696346841082,False,0.3419390630785999,3.068459400151804e-05,2.937422845744258e-05,8.641284205625602e-05,2.9417910390889435,0.6449070153074943,0.0151640139693865,0.3399289707231192,-0.7554541957860184,-0.4004488327391633,0.5185843137110315,4723.297937701462,True,wing_R,high
-0.0138672555006574,0.0003567927627261,-0.0029369743426294,0.0025763761268041,0.0003772140173679,0.4092723487231965,0.4092723487231965,0.4092723487231965,False,0.6421820812753277,4.314451384124276e-05,4.335139567660691e-05,0.0001097843612853,2.5445729134725665,0.6051223036774679,0.0018844381198009,0.392993258202731,0.4481724248304433,-0.3144176843857528,0.8368291327189211,5407.4255216656165,True,wing_R,high
-0.0133037767561801,0.0019106328864948,-0.0030785245646585,0.0009251432013931,0.0001802498330903,0.2257765890214232,0.2257765890214232,0.2257765890214232,False,0.9434446525480492,9.692469809058646e-05,0.0001109679259165,3.954476432846393e-05,2.806134460553789,0.1265521339612248,0.5170857550789709,0.3563621109598042,-0.5613502124819205,0.3083531053661068,-0.7679871752559291,4727.324853642917,True,wing_R,high
-0.0131742197231123,0.001106883561236,-0.0027943552406155,0.0017327766744432,0.0003569377841352,0.4419986349991654,0.4419986349991654,0.4419986349991654,False,0.2127347336407085,3.345712228161441e-05,7.238560892401706e-05,8.306018713954509e-05,2.482586112469957,0.1285161830612568,0.4686780512184608,0.4028057657202823,0.4925547170376785,-0.0787324993642507,0.866712780722536,11727.069494036185,True,wing_R,high
-0.0131962665958633,0.0014309392499517,-0.0029108746502211,0.0013968877153518,0.0002716933364399,0.5489602062901449,0.5489602062901449,0.5489602062901449,False,0.2345139289132315,0.0001012026404538,9.889086243813928e-05,4.388717883016125e-05,2.305972795505619,0.0228430602732846,0.5435004794471242,0.4336564602795911,-0.5775939707663333,0.0531618312846631,-0.8145913236886582,12472.135920719282,True,wing_R,high
-0.0122646317715014,0.0041544786910611,-0.0033662904437588,0.0016094727050753,0.0004914171592986,0.4497193104796714,0.4497193104796714,0.4497193104796714,False,0.3543885131135947,3.07097413113384e-05,2.9660765860680782e-05,7.328099684291117e-05,2.4706373795983025,0.5809317198950044,0.0143144266023871,0.4047538535026085,-0.0586154050648188,-0.2483610358608796,-0.9668924604914438,5119.368881619945,True,wing_L,high
-0.013673306697522,0.0032478942375513,-0.0033546631713719,0.0007630430432927,0.0006882572530436,0.3359514891813711,0.3359514891813711,0.3359514891813711,False,0.3120018124943803,5.996892937857363e-05,3.653022694443406e-05,6.355588867299765e-05,1.7398164202393869,0.0564378749053347,0.3687888396106675,0.5747732854839978,0.8378694709188186,-0.5365850925574991,0.1002556140436997,4103.821449375226,False,body,high
-0.013509310511217,0.0005077072972794,-0.0028529360966209,0.0023525840286773,0.0002860619826393,0.3857517603227348,0.3857517603227348,0.3857517603227348,False,0.1583881251085155,0.0001154398971389,4.295983634849569e-05,9.62704916259326e-05,2.6871586800855813,0.1660552892724418,0.4618044246287291,0.372140286098829,-0.5162802310754534,0.3202654109923102,-0.794282562771337,4135.996034927174,False,wing_R,high
-0.0129424946327166,0.0042121270606979,-0.0036264989915637,0.0015101450116297,0.0003260713987057,0.3057487350697906,0.3057487350697906,0.3057487350697906,False,0.1596142583503045,0.0001021767857293,3.776177705357935e-05,0.0001026444114369,2.7182092434723564,0.0045557834189098,0.6275549518376015,0.3678892647434887,0.1097277732195454,0.2730282605550619,0.9557276728872912,5840.512410975,True,wing_L,high
-0.0137108890731318,0.0012852303276349,-0.0030482780378221,0.0016441972489785,0.000351682730434,0.2429735232272301,0.2429735232272301,0.2429735232272301,False,0.3735968603159407,9.86717883052228e-05,4.1871328608137005e-05,0.0001025603589277,2.4494173539981148,0.0379149474822515,0.5538246968998182,0.4082603556179302,-0.1105221405628053,-0.1741838967972877,-0.9784910968128055,10025.930651996432,True,wing_R,high
-0.0128529288728691,0.0045512185982504,-0.0036879548669163,0.0018579735043925,0.0003183206815044,0.3195209275676713,0.3195209275676713,0.3195209275676713,False,0.3519400566381097,0.0001140582643188,0.0001118884516541,4.177528361296765e-05,2.7302810287430166,0.0190237215838397,0.6147136155354874,0.3662626628806728,0.0769915582196886,0.2286596447378072,0.9704571432223495,5747.856449554592,True,wing_L,high
-0.0123206472266127,0.0050597046143541,-0.0037489864673855,0.0024719449121641,0.0002983304650698,0.4734922352824121,0.4734922352824121,0.4734922352824121,False,0.1252469424183049,4.103460933262551e-05,4.354435873465857e-05,0.0001004571241382,2.448107238550649,0.566537872667832,0.0249832893740607,0.4084788379581072,0.80741169739084,-0.5674275566171864,-0.1615930657791117,10371.156561768084,True,wing_L,high
-0.0125514148385133,0.0051685137202,-0.0038350134833951,0.0025343696271192,0.000283222172902,0.2829626059860282,0.2829626059860282,0.2829626059860282,False,0.1918343532865905,5.813130765193231e-05,3.5903735927478094e-05,9.083537046969995e-05,2.529969879824712,0.3600366536587944,0.2447017236734746,0.3952616226677309,0.116660352487833,0.192826588854909,0.9742732002821356,7277.445974206633,True,wing_L,high
-0.0123490644447117,0.0039555318608588,-0.0033051128254874,0.0013892489951817,0.0004587838109068,0.4405843918100809,0.4405843918100809,0.4405843918100809,False,0.4849253799620988,9.344650112295052e-05,3.943389348273598e-05,4.037843614664227e-05,2.3697000947639384,0.5678978275118606,0.0101078440878543,0.421994328400285,0.4535787856891883,0.1262368288929646,0.8822304393999166,5697.605678929701,True,wing_L,high
-0.0131101780669698,0.0016278610325779,-0.0029234207674321,0.0011972134662063,0.0002972468296166,0.3922169561150631,0.3922169561150631,0.3922169561150631,False,0.3063572548509464,3.481970933508502e-05,5.048700754523791e-05,9.711770857662412e-05,2.789159083495462,0.4801462237403947,0.1613227745977106,0.3585310016618946,-0.6351325644728825,0.1118844013932141,-0.7642568326622814,8045.273640180623,True,wing_R,high
-0.0139410525535106,0.0008122276128122,-0.0030400780665367,0.0021690737450216,0.0004893797918972,0.3025453181480578,0.3025453181480578,0.3025453181480578,False,0.3131380706336291,8.220351788254418e-05,3.206680592196101e-05,7.821079765004408e-05,2.56350813618911,0.0485711601564919,0.5613384063929664,0.3900904334505416,-0.0302534519286577,-0.3665690552148617,-0.9298988420281448,4680.330584538388,True,wing_R,high
-0.013970572108751,0.0027250213716046,-0.0034826571798499,0.0009560470681705,0.0009315357700948,0.403822391903014,0.403822391903014,0.403822391903014,False,0.1486244164440778,7.639015809430164e-05,8.335188280232672e-05,0.00010392355602,1.3604312206258535,0.1979500510330931,0.0669889000592234,0.7350610489076834,0.8085908406027233,0.4522889094243079,-0.3763184753704654,5814.26016029122,True,body,high
-0.0122857123468787,0.0046012679601549,-0.0035177412287339,0.0020154478929873,0.0003670522049759,0.4388329112202912,0.4388329112202912,0.4388329112202912,False,0.702794996515842,9.056359468898644e-05,3.272531638463858e-05,4.095016764425478e-05,2.7673863752619794,0.5478297014944484,0.0908185158491332,0.3613517826564183,-0.1030285764521433,-0.1611657147818019,-0.9815348821173476,4509.723504057123,True,wing_L,high
-0.0132279421314382,0.002619795139051,-0.0019317834106823,0.0011686528891345,0.0010853328129874,0.2274122368639604,0.2274122368639604,0.2274122368639604,False,0.3404064902709651,0.0001658882071103,8.248158518323404e-05,7.019635129701612e-05,2.363202702779867,0.5027881329240899,0.0740573070275119,0.4231545600483981,0.266628442817735,-0.6257718839471346,-0.7330203426521282,2146.449853566418,False,body,high
-0.0123114582792051,0.0050459815857081,-0.0037378353513586,0.002459436069434,0.000301467319976,0.4937841298244514,0.4937841298244514,0.4937841298244514,False,0.1209951603375055,8.479053576167562e-05,5.597218945433005e-05,3.23586482051044e-05,2.620336153235857,0.3398769219756616,0.2784926529488767,0.3816304250754616,0.316064568893129,0.0691242469135637,0.9462161628185356,9993.720467142595,True,wing_L,high
-0.0126068672765597,0.0046898269211986,-0.0036890808323538,0.0020348408279354,0.0002309213141983,0.3435112027095692,0.3435112027095692,0.3435112027095692,False,0.2352895217436872,4.094313868540815e-05,5.273683680091889e-05,0.0001021940833926,2.4960002255282268,0.48395410917956,0.1154049013796755,0.4006409894407645,0.2322147148681806,0.170297580699869,0.9576403605772164,8743.338851827415,True,wing_L,high
-0.0132133255759642,0.0028188137345396,-0.0028576070753242,0.0002436838503909,0.0002352576677872,0.1001009334736897,0.1001009334736897,0.1001009334736897,False,0.7956963570663266,0.0001802294654282,0.0001397651663787,0.0001435887869195,1.2895163372812484,0.2033001563956441,0.0212152909166792,0.7754845526876767,0.567787168590777,0.8088485242253156,-0.1529110723335544,9150.614630992572,True,body,high
-0.0137982499028803,0.0003645990702342,-0.0029229283486499,0.002550232077638,0.0003411925470579,0.4350638113149604,0.4350638113149604,0.4350638113149604,False,0.1060086913424265,0.0001074971973029,0.000111854044537,4.664758418850933e-05,2.3978528895512223,0.0389511818913434,0.544009055428654,0.4170397626800025,0.4099874959205118,-0.314232084545347,0.8562525621749194,6424.462151836968,True,wing_R,high
-0.0124610945929627,0.0050627203659177,-0.0037802294883056,0.002442378421009,0.0002551880248289,0.4850041275937704,0.4850041275937704,0.4850041275937704,False,0.1379747483996933,0.0001378071784148,5.714073490682523e-05,9.89105751248276e-05,2.41171519126462,0.2822538255075816,0.3031035153500531,0.4146426591423652,0.2031624604787177,0.0932457030789116,0.9746949540802768,8509.449152091389,True,wing_L,high
-0.013423883323889,0.0032466261660893,-0.0034533899499945,0.000652932522729,0.0005105870328969,0.3423815770079186,0.3423815770079186,0.3423815770079186,False,0.1533001817428806,7.492299853215408e-05,4.9246039192031886e-05,3.095650471926366e-05,2.420266732682224,0.3427113148588497,0.2441110851285411,0.413177600012609,0.6543693590328209,-0.0102686671631263,-0.7561053474441695,3542.9375776260576,False,body,high
-0.0139061477706959,0.0007938669543766,-0.003024275752829,0.0021733274225584,0.0004545360262942,0.2725877481155073,0.2725877481155073,0.2725877481155073,False,0.3492197839356781,0.000112438155312,3.963080532702516e-05,9.81660270471596e-05,2.837140310025733,0.1269331413816956,0.5205992712852937,0.3524675873330107,0.0117516148083283,0.3494430414149618,0.9368839097540622,5063.296338943299,True,wing_R,high
-0.0131982438234831,0.0011341129942352,-0.0028301960776663,0.0017014395706097,0.0003325929024954,0.4542633624021762,0.4542633624021762,0.4542633624021762,False,0.1111139127318385,0.0001195536386465,4.988316235188995e-05,0.0001142068381088,2.3966732061446523,0.0447230264025437,0.5380319368372611,0.417245036760195,0.5649294679157176,-0.1163724351712018,0.8168917630952027,9430.231307018295,True,wing_R,high
-0.0135257120472142,0.0012534604781359,-0.0030387280595248,0.0016166901680431,0.0002712807611995,0.3985966519045202,0.3985966519045202,0.3985966519045202,False,0.0860071845972733,5.276692105112372e-05,7.158774534803376e-05,0.0001226051845939,2.323523566500361,0.4161115976855166,0.1535075727771365,0.4303808295373468,-0.4244045397211133,0.0621085173599565,-0.903340090295708,11639.889621460885,True,wing_R,high
-0.0127589463527305,0.0031710982468227,-0.0019797193473541,0.0012063656147407,0.0011873992374765,0.1752706864404345,0.1752706864404345,0.1752706864404345,False,0.479722431439321,2.954527037584839e-05,8.029023958612544e-05,2.733189296474614e-05,2.937602590851913,0.6320191529114085,0.0275672039654087,0.3404136431231827,0.8033313782279581,0.5063437610585665,0.3134879461660923,2580.044596061013,False,body,high
-0.012781343398105,0.0049687290725313,-0.0038258664370672,0.0023033028402365,0.0003819481533657,0.3572819660038621,0.3572819660038621,0.3572819660038621,False,0.1122117974343166,7.248549848286299e-05,0.0001187336159074,4.001365292197277e-05,2.9673275803873143,0.3895115723639302,0.2734848535751723,0.3370035740608975,-0.0349474693660279,-0.1908492287126034,-0.9809970674190192,13483.136990417564,True,wing_L,high
-0.0131702007810577,0.0035788542744443,-0.0020114389935357,0.0013131486032378,0.001210682905816,0.232965533510622,0.232965533510622,0.232965533510622,False,0.1018523932161021,2.9357593182021003e-05,3.0622443657902414e-05,8.332366843344763e-05,2.838232273225865,0.6324880525110197,0.0151799662648275,0.3523319812241527,0.1340263688520778,-0.9850334903897467,0.1083787583566065,1576.4264144113322,False,body,high
-0.0137596346534853,0.0031481848787199,-0.0023944160637992,0.0010006038980411,0.0010001435916572,0.4103937775219171,0.4103937775219171,0.4103937775219171,False,0.2413716267978356,3.477348316602494e-05,8.168820071382106e-05,3.2538998753285146e-05,2.510470630433083,0.5743144926420014,0.0273538209094343,0.3983316864485641,0.5325980214822089,0.733463911293011,0.4223387720112784,3482.765826127189,False,body,high
-0.0131539737397324,0.0011293640427055,-0.0027779572783659,0.0017127639428494,0.0003692260709374,0.4424478715186759,0.4424478715186759,0.4424478715186759,False,0.1841129860542903,6.376856622364327e-05,3.762883761757527e-05,0.0001070291512336,2.8443384917021706,0.404194413497539,0.2442299906592396,0.3515755958432213,-0.5685120092963873,0.1162009564619693,-0.8144270581231371,10735.695101918052,True,wing_R,high
-0.0125007015989178,0.0051616265231247,-0.0038320375127238,0.0025387599602463,0.0002775607232004,0.3173362301491745,0.3173362301491745,0.3173362301491745,False,0.6872615541199343,7.344016055739191e-05,9.5802343226959e-05,3.649084647700351e-05,2.625380128886117,0.2334199970097841,0.3856827801471851,0.3808972228430307,0.1994559176414878,0.1360651400157028,0.9704141459141552,7384.4540859987455,True,wing_L,high
-0.012746810477832,0.0045561572637699,-0.0036749018420452,0.001875932007077,0.0002574926739934,0.3160433557694754,0.3160433557694754,0.3160433557694754,False,0.1742637026168056,3.788149169484843e-05,8.830882268430541e-05,8.870790375455707e-05,2.3417215052970213,0.0044988220142803,0.5684649152456885,0.4270362627400311,-0.0617925684458195,-0.1461601486972816,-0.987329169739078,5445.436813335811,True,wing_L,high
-0.0134141975661039,0.0014828214841578,-0.0030111377463437,0.0013683559634086,0.0001978681461976,0.2469212525633382,0.2469212525633382,0.2469212525633382,False,0.7074377634962734,3.525562961139148e-05,8.004948002383258e-05,9.51881146435586e-05,2.699940851795263,0.1590391266432176,0.4705823892003338,0.3703784841564485,0.5185234271932007,-0.0453240665407884,0.8538613379489808,4963.872135147742,True,wing_R,high
-0.0142073170571731,0.0031833693125615,-0.0032270618594123,0.0011678573772578,0.0011621324742843,0.2062831600482325,0.2062831600482325,0.2062831600482325,False,0.3177342622860531,0.0001052346974928,0.0001403069062935,5.443595247160835e-05,2.577467646345635,0.2499678007820637,0.3620544872890156,0.3879777119289206,-0.1757254044923775,0.7004620762393133,0.6917177617833017,3867.972591693788,False,body,high
-0.0121541686523296,0.0026515562583888,-0.002485910762448,0.0011353952483142,0.0011347061391178,0.3608138895737946,0.3608138895737946,0.3608138895737946,False,0.3391727512257542,5.3823000681046415e-05,9.252267161298348e-05,0.000156870659793,2.914565479592292,0.4101977276372595,0.2466979547545163,0.3431043176082242,-0.8659289796087537,0.4597296439644732,-0.1970168945396339,7355.127736360266,True,body,high
-0.0131375332853943,0.0014863706130447,-0.0028771434645753,0.0013440752237091,0.0003015909592063,0.5015516280111758,0.5015516280111758,0.5015516280111758,False,0.741728137931681,8.917535312021666e-05,9.282316260467804e-05,3.0671867189043256e-05,3.026329047154872,0.0392984830736368,0.6302681818796916,0.3304333350466716,0.5836822763359397,-0.0477466052264358,0.8105771166154684,9843.784198081305,True,wing_R,high
-0.0128541482017101,0.0040227497921113,-0.0035525271469697,0.0013224279475955,0.0002352005328806,0.2856603034217519,0.2856603034217519,0.2856603034217519,False,0.229442591895769,3.870423127672717e-05,0.0001000490186273,0.0001020303359448,2.6361545644809468,0.0194189041835755,0.6012406681063754,0.3793404277100489,-0.1324417843100938,-0.2029476985455593,-0.9701914272058988,7592.55185460623,True,wing_L,high
-0.0128667778949587,0.0047788822061342,-0.0037745005903134,0.0020977603385566,0.0003941355949779,0.3761848564616467,0.3761848564616467,0.3761848564616467,False,0.2600414516074577,6.237994635761191e-05,8.415307864054483e-05,2.8930436404819643e-05,2.9088077850953336,0.2587324508463396,0.3974840908158569,0.3437834583378034,-0.0004494381365931,-0.2411707891536126,-0.9704825853483332,8147.303194422424,True,wing_L,high
-0.0137690595570408,0.0031614719653173,-0.0024252327117862,0.0009906633446018,0.0009895657747973,0.3489941489113906,0.3489941489113906,0.3489941489113906,False,0.2491598438532397,4.614560414496371e-05,0.0001083477476648,4.36162183822618e-05,2.4841160394798623,0.5740972457709755,0.0233450700842107,0.4025576841448137,0.4336053770192404,0.5507088458281021,0.7132363872845259,3494.2178947818093,False,body,high
-0.0130501485520581,0.0036833944832603,-0.0035262113341026,0.000979020565338,0.0003169845559587,0.3280513898010345,0.3280513898010345,0.3280513898010345,False,0.1688855796905426,0.0001008489557176,3.58748143844849e-05,8.762393775434165e-05,2.811135261545105,0.1311368855449629,0.5131349452418763,0.3557281692131608,-0.2689167414184958,-0.4573039802492002,-0.8476773300219238,4857.171973115005,True,wing_L,high
-0.0128442529613297,0.0039850757080631,-0.0035398489048788,0.001285499100963,0.0002262138604828,0.2947202099206819,0.2947202099206819,0.2947202099206819,False,0.1889993977535188,0.0001152532769585,4.308530453312189e-05,0.0001101788394686,2.6750020269661583,0.044028574490604,0.5821399330771657,0.3738314924322302,0.1567829527377175,0.1597949003035602,0.974620282760326,7311.4156696602495,True,wing_L,high
-0.0127541287911266,0.00491449509821,-0.0037949547058963,0.0022467390497995,0.0003428911667702,0.3776782228834767,0.3776782228834767,0.3776782228834767,False,0.1313770923173893,3.8680209522775935e-05,9.500872410082334e-05,0.0001001089566789,2.588118262905648,0.050946815822368,0.5626720769722322,0.3863811072053997,0.0453047383217662,0.2603175337817284,0.9644595700657412,11202.930064032864,True,wing_L,high
-0.013662294680001,0.0030721802477961,-0.0019985639408785,0.0012397476761237,0.0012361583302116,0.1955466464133546,0.1955466464133546,0.1955466464133546,False,0.210435063136364,4.286088576498316e-05,1.9008867323381387e-05,1.7029496399175463e-05,2.5168616123644387,0.5564984954438015,0.0461812883443264,0.3973202162118721,-0.3834649573091839,-0.792851161944814,-0.4736471909751225,1979.9976399165555,False,body,high
-0.0124565308143289,0.0050796921840304,-0.0037982155210367,0.0024644104201004,0.0002689029062556,0.4144445356225469,0.4144445356225469,0.4144445356225469,False,0.1358643845407069,0.0001360972180863,5.217833559516956e-05,9.495025503555756e-05,2.6083089185196497,0.3023350780374889,0.3142747518412695,0.3833901701212415,-0.199472341575622,-0.090424019755757,-0.9757224408598734,8599.585738494927,True,wing_L,high
-0.0127440330274647,0.0049310063157536,-0.0038044216851228,0.0022667982389307,0.0003451567127402,0.3804498101446907,0.3804498101446907,0.3804498101446907,False,0.1079037647163183,9.942619327040204e-05,4.274059529551088e-05,0.0001040546610455,2.434562745936096,0.0444811191413399,0.5447675039761976,0.4107513768824624,-0.0450629363004697,-0.2533678164975428,-0.9663198649180544,12182.157384839673,True,wing_L,high
-0.0132720097681747,0.0006979888220517,-0.0027804838412692,0.0021440605225123,0.0003755500698018,0.3409574681105382,0.3409574681105382,0.3409574681105382,False,0.1403508331126419,3.684153390282439e-05,8.824652345624681e-05,3.763755884248312e-05,2.3952999266808908,0.5734952792656579,0.0090204679853865,0.4174842527489556,0.5573306758951979,0.6382747964163664,-0.5310252366562701,10628.27559643803,True,wing_R,high
-0.0138790729120988,0.0010773925469718,-0.0030948887821894,0.0019006857922234,0.0004938050591938,0.3594530019174753,0.3594530019174753,0.3594530019174753,False,0.3458389250982295,3.975693816753624e-05,6.851809025735885e-05,9.684412862916352e-05,2.4359051046904354,0.2924910242134659,0.2969839524289087,0.4105250233576254,-0.0455879305063477,-0.2223719675790863,-0.9738955019031325,6158.89781535054,True,wing_R,high
-0.013929732224659,0.0005893582769803,-0.0029836712249783,0.002374033259107,0.0004377203989527,0.3447996717793858,0.3447996717793858,0.3447996717793858,False,0.2207029277236786,9.070915554761152e-05,8.770812782567144e-05,3.596844017009513e-05,2.5219096274024384,0.0330840663637849,0.5703910188913526,0.3965249147448625,0.017393563830305,0.2948420129709484,0.9553876968668376,4751.050477060507,True,wing_R,high
-0.0127810362255617,0.0050146668424081,-0.0038389996241613,0.0023505752585732,0.0003916376431702,0.3340990059333223,0.3340990059333223,0.3340990059333223,False,0.1554609654568324,3.83179761246582e-05,0.0001143588226893,4.174537447355297e-05,2.9844692819190173,0.6349614879566166,0.0299705634274074,0.3350679486159759,-0.0502653057339381,-0.2119682865840567,-0.9759830144639264,11629.41740030817,True,wing_L,high
-0.0123173573531422,0.0050103228560139,-0.0037340307485191,0.0024241721534532,0.0003057947299338,0.3825511681798579,0.3825511681798579,0.3825511681798579,False,0.1332931795454638,4.874453825874001e-05,0.0001233585013851,4.2300542220077904e-05,2.916239246848507,0.6048546495669199,0.0522379565761905,0.3429073938568895,0.3146447459856252,0.057913282499224,0.9474411514884744,9654.537184246745,True,wing_L,high
-0.012325573455602,0.0042350157981099,-0.0033897405965896,0.0016515120231246,0.0004126634173923,0.3914673388332531,0.3914673388332531,0.3914673388332531,False,0.7539211365061215,8.828381352302243e-05,4.351276804854038e-05,3.682319808867956e-05,2.397505325594282,0.507126320079125,0.0757734594022303,0.4171002205186447,-0.1578204437861899,-0.1844993018225004,-0.9700787159556384,5669.744345693572,True,wing_L,high
-0.0128408507851393,0.0049178779630403,-0.0038289710512968,0.0022489864966491,0.0004204976496936,0.3616082409279033,0.3616082409279033,0.3616082409279033,False,0.2161052224663015,4.4350335356534094e-05,3.717927777232304e-05,8.85910657092795e-05,2.3828076019063595,0.4993813992251297,0.0809456069502944,0.4196729938245758,0.0092843192841159,0.2539864697755722,0.96716320990119,10273.477763067707,True,wing_L,high
-0.0124785594564769,0.0038947654748429,-0.0033333378652679,0.0012761829633932,0.0003481109366235,0.4532192661281765,0.4532192661281765,0.4532192661281765,False,0.3623502794005054,3.211191443972007e-05,9.192670877754053e-05,4.213406090090751e-05,2.8626978609482707,0.5416559402461532,0.1090232272477054,0.3493208325061414,-0.4903984351205346,-0.2051474254509116,-0.8470088008174373,10070.18127985781,True,wing_L,high
-0.0137433902648724,0.0004180910293595,-0.0029055323761934,0.0024854533653892,0.0003059535925772,0.3879979303096676,0.3879979303096676,0.3879979303096676,False,0.2612712834558426,4.561086234410816e-05,4.343486498821933e-05,0.0001059568933996,2.4394433694775906,0.5695337898208713,0.0205366284917493,0.4099295816873793,-0.437122358280544,0.8173502651241251,0.3753166503004871,6330.012395738773,True,wing_R,high
-0.0137743906354287,0.0003237862288773,-0.0029123596943219,0.0025838814695194,0.0003321546235627,0.4476398528877175,0.4476398528877175,0.4476398528877175,False,0.1003816230051022,0.000104475469033,9.78602783341732e-05,4.280863809412722e-05,2.440523073949561,0.0633181239589005,0.5269336500668724,0.4097482259742271,-0.418506783839076,0.3740889559767024,-0.8275926080487515,6037.795057308761,True,wing_R,high
-0.0122646390151702,0.0028754868348374,-0.0026290699030037,0.0009582556312185,0.0009422473757729,0.5305716988142354,0.5305716988142354,0.5305716988142354,False,0.4518595541361802,2.192709460672217e-05,3.945119653984793e-05,3.109672811263046e-05,1.799198537126456,0.211767174635096,0.2324297945347853,0.5558030308301186,0.5955421676309609,-0.7277829382910295,0.3400904604746981,4693.090822864586,True,body,high
-0.0125729724496812,0.0043228224702202,-0.0035588068989804,0.0016709577391858,0.0002258174395699,0.4087127146336071,0.4087127146336071,0.4087127146336071,False,0.5195352258456326,4.148447244002644e-05,0.0001046123083911,4.010763670668927e-05,2.608289018777762,0.6034455880191449,0.013161316813588,0.383393095167267,0.3927065989943423,0.146891808899222,0.9078569951179598,7335.672045963352,True,wing_L,high
-0.0128703566581914,0.0046484258638986,-0.0037267805099515,0.0019594137303783,0.0003589297869272,0.3601218523824138,0.3601218523824138,0.3601218523824138,False,0.4393205340322318,8.214670087364286e-05,3.4785092005576883e-05,8.184837222900784e-05,2.361549046944386,0.0036316570411502,0.5729174723136254,0.4234508706452243,0.0204536300903239,0.207007289448261,0.9781255702267536,6450.191494342017,True,wing_L,high
-0.0132692441443813,0.0006998936594558,-0.0027772991952731,0.0021424156465198,0.0003766575434201,0.3111353025073136,0.3111353025073136,0.3111353025073136,False,0.1367541062833367,3.157615999494322e-05,3.036203682827553e-05,7.912404357245464e-05,2.60601895781801,0.6009283832160495,0.0153445540931676,0.3837270626907828,0.7484808870071415,0.5699699887966169,-0.3389846215629655,10639.181925508285,True,wing_R,high
-0.0138004396421656,0.0013281569128281,-0.0031224746630059,0.0016403636887302,0.0004665969022075,0.4083640898431389,0.4083640898431389,0.4083640898431389,False,0.0887234380280185,9.06640965998458e-05,8.407053713342479e-05,3.609988559722057e-05,2.511478778947329,0.0727251438408114,0.5291030665416215,0.398171789617567,0.0410436360089699,0.2320707594690972,0.9718325897718184,11891.88594173236,True,wing_R,high
-0.0132156865056549,0.0014113429575332,-0.0029246086084329,0.0014160825276935,0.0002658765311455,0.5797015978091937,0.5797015978091937,0.5797015978091937,False,0.2135410546499846,4.24403928890548e-05,9.824868007793968e-05,9.573101432693923e-05,2.3149804558778624,0.0256254409626997,0.5424054694231978,0.4319690896141024,0.5872041538083846,-0.0381901425090023,0.8085374417831996,11380.682023142012,True,wing_R,high
-0.0140107609391454,0.0031250696045146,-0.0033620322875919,0.0009948698420272,0.0009859440044514,0.2155155798272919,0.2155155798272919,0.2155155798272919,False,0.4756178254869296,5.457000389933669e-05,0.0001489013179853,0.0001199493548928,2.7286294180954185,0.1944372520281179,0.4390783901590138,0.3664843578128683,0.0811734732998226,-0.5290560210161415,-0.8446955628266382,7476.853309123203,True,body,high
-0.01286190888177,0.0035167926163938,-0.0033490763375084,0.0007918927313619,0.0001420679948359,0.2286648245166428,0.2286648245166428,0.2286648245166428,False,0.9766784813089914,9.906652858345944e-05,4.068259447967847e-05,0.0001090689417665,2.6809731080693986,0.0917072543388546,0.5352938532104441,0.3729988924507013,0.2035924551514696,0.310354630255891,0.9285634688507436,5002.935169865692,True,wing_L,high
-0.0121902073578063,0.0027650969126454,-0.0024730415628695,0.001101249827413,0.0010997525653078,0.2660853930298958,0.2660853930298958,0.2660853930298958,False,0.0719642850617331,0.0002143468476174,0.0001103401946768,8.457071332575451e-05,2.5345280793814604,0.4852259508206515,0.1202232812730622,0.3945507679062862,0.7885327720634889,-0.6148896928338403,-0.0112575764965217,7121.796366265809,True,body,high
-0.0131583982356348,0.0011259781675534,-0.0027861487511802,0.0017148052305537,0.0003663621900593,0.4444345569836206,0.4444345569836206,0.4444345569836206,False,0.2788373224714237,5.511388120192476e-05,3.112470644173118e-05,7.938699991248693e-05,2.5506103988838573,0.3057568460493517,0.3021801401569312,0.392063013793717,-0.5279590879733,0.107014026802392,-0.8425005634976978,11086.884310920006,True,wing_R,high
-0.0125068379127734,0.0037980006895922,-0.0033036846355819,0.0011746988628013,0.0003438888239278,0.4038623339397535,0.4038623339397535,0.4038623339397535,False,0.138057855311247,4.804006340311414e-05,8.823432132571331e-05,3.8400578830684445e-05,2.2977341491323724,0.455539945439414,0.1092486962850424,0.4352113582755435,0.363302447290091,0.257306260917254,0.8954355475888885,13426.449726498911,True,wing_L,high
-0.0124791791145249,0.0047035859269258,-0.0036834155148119,0.0020808739057282,0.000261693391105,0.4516188229328393,0.4516188229328393,0.4516188229328393,False,0.1764246758823511,8.89474710799099e-05,3.136986760469749e-05,3.202625021872754e-05,2.835442986268468,0.6399419811502528,0.007379440989844,0.3526785778599031,-0.6988670016312213,0.6996092638298437,0.1487675770941058,12401.111860533108,True,wing_L,high
-0.013562295301263,0.0007982403919994,-0.0029216086931394,0.0020730090300943,0.0002473697354175,0.3140496672069504,0.3140496672069504,0.3140496672069504,False,0.3753150004763235,8.967639035747319e-05,3.36407397155222e-05,3.894107413705989e-05,2.665708040780552,0.5657600179731729,0.0591051267831944,0.3751348552436326,0.5205717907856767,-0.8143032813394655,-0.2567395112521116,5112.302991155462,True,wing_R,high
-0.0141123244676557,0.0029839797714718,-0.0032493617836686,0.0010316565596846,0.0010305752160503,0.1692794313719862,0.1692794313719862,0.1692794313719862,False,0.85816776387793,0.0001273021192178,0.0001432748603145,5.056651455143224e-05,2.833394027361716,0.1114832083002368,0.5355831755690271,0.352933616130736,-0.0030807699501291,-0.7229500981474167,-0.6908933813875735,4625.422671513784,True,body,high
-0.0125440372952277,0.0048056119354779,-0.0037168622670536,0.0021656216210376,0.0002399717451151,0.4385790258135354,0.4385790258135354,0.4385790258135354,False,0.1504915694933527,2.357610709760013e-05,5.826228946595664e-05,6.49669063082257e-05,2.755624838285488,0.1032004942710372,0.5339054041421204,0.3628941015868424,0.3384278774087375,0.196564109134415,0.9202331893562689,10402.302442245867,True,wing_L,high
-0.0138270255140981,0.0012551202876954,-0.00310190515717,0.0017173752800812,0.000467820956733,0.3196426452708737,0.3196426452708737,0.3196426452708737,False,0.1304112834866956,8.116388322447599e-05,6.553635849704956e-05,3.050698546468273e-05,2.660501586380524,0.1925428417983056,0.4315881848024156,0.3758689733992787,-0.0441217114253791,-0.165654909800297,-0.9851962877721124,10092.190634970975,True,wing_R,high
-0.0133046489529468,0.002803896841484,-0.0033080732651141,0.0003022304590468,0.0003019257799643,0.3222944568643487,0.3222944568643487,0.3222944568643487,False,0.7479719899412479,0.0001263945910073,0.0002297435871742,0.0001006075041826,2.28356313021405,0.4498449660253828,0.1122429014966923,0.4379121324779248,-0.5677942890851394,0.8092214929089536,0.1508980473581588,12594.125883533552,True,body,high
-0.013788853169177,0.0004888921209634,-0.0029326713409213,0.002427795857962,0.0003327242691207,0.2295485263162298,0.2295485263162298,0.2295485263162298,False,0.2698775882327062,9.931356329632656e-05,9.671689710967795e-05,4.208289990024466e-05,2.359950562621498,0.0261461385581423,0.5501161714077187,0.4237376900341389,-0.1346386847169796,-0.2439795464216026,-0.9603886741864418,6236.3809702188255,True,wing_R,high
-0.0123607976331687,0.0027646328617151,-0.00257916256071,0.00090070452309,0.0008999726929116,0.175180999711759,0.175180999711759,0.175180999711759,False,0.3581574231147915,7.775112764571616e-05,8.615865305951303e-05,0.0001930827849216,2.483343853242536,0.5537735117376302,0.0435436303511359,0.4026828579112338,-0.2262044429963567,-0.5188797608532875,-0.824375729716458,6162.59256103213,True,body,high
-0.0130093138957623,0.0037749804434279,-0.0035758184500977,0.0010859790519405,0.0003358768320202,0.3864990488434047,0.3864990488434047,0.3864990488434047,False,0.2005315530872303,0.000104313935324,3.635478766146907e-05,0.0001046773760972,2.879328496482578,0.003472008821365,0.649224791414658,0.3473031997639769,0.3427988527258571,0.4289122224791833,0.8357770348470959,5927.273344181504,True,wing_L,high
-0.0125085860117623,0.0038070308308334,-0.0032764471198111,0.0011764729542,0.0003402179277127,0.4072837296298682,0.4072837296298682,0.4072837296298682,False,0.1202257138834163,8.00895691537869e-05,3.363239934912664e-05,8.366079767773e-05,2.487506074403892,0.0426870006391744,0.5553039308042227,0.4020090685566028,-0.364332265889481,-0.3035029069365433,-0.8804248891943618,13154.019783448,True,wing_L,high
-0.0138970777551545,0.0027037712522572,-0.0035623816942963,0.0009316573067015,0.0009093946651714,0.3093727582003381,0.3093727582003381,0.3093727582003381,False,0.265610765313598,0.0001135031296494,4.394363440416559e-05,5.400007049921852e-05,2.5829254040657186,0.524241572316341,0.0886005181188201,0.3871579095648387,0.1136883965396071,-0.1305215523697536,0.9849056162187536,4276.241273523999,True,body,high
-0.0130299059121031,0.0033396031825867,-0.0033200714071758,0.0005831611702509,0.0001461963931483,0.1956685827006352,0.1956685827006352,0.1956685827006352,False,0.9565054282093544,4.535209067959807e-05,5.135777624406165e-05,0.0001230963757042,2.7142381720361257,0.5827840100875883,0.0487884840646712,0.3684275058477404,0.1817765529056184,-0.731262705204045,-0.6574284301666704,3181.3110185232904,False,body,high
-0.0125474579035422,0.0037001165630264,-0.0032678394311196,0.0010653106222182,0.000328266415254,0.5160702457277062,0.5160702457277062,0.5160702457277062,False,0.9822186272431558,2.6967777810283183e-05,3.163671575271827e-05,1.3538012445480186e-05,2.3368803862549656,0.1475797291643309,0.4244993528966133,0.4279209179390557,0.4990889635887113,0.3982748151713349,0.7696020907093386,7009.117266511498,True,wing_L,high
-0.013664680774513,0.000975690839721,-0.0030157141475383,0.0019224469486975,0.0003184218893985,0.3834959306009644,0.3834959306009644,0.3834959306009644,False,0.1325783030478662,8.27301330127039e-05,3.515168821961488e-05,7.569672020672675e-05,2.353518058530683,0.0850163362471217,0.490087837534189,0.4248958262186892,-0.5903262423252896,-0.0849622039753266,-0.8026807282586015,6708.678937004521,True,wing_R,high
-0.0124221237972371,0.0024852911617909,-0.0026011276135674,0.000898903794033,0.0008662468929899,0.1837091415910619,0.1837091415910619,0.1837091415910619,False,0.6493641400235026,7.721768256294726e-05,8.786233730290634e-05,0.0002125935158565,2.753171408417632,0.5867120549331235,0.05007045815612,0.3632174869107564,-0.8333097225141897,0.552001767961176,0.0298153405323546,3998.8796618082847,True,body,high
-0.0134107109250182,0.0013655812427863,-0.0030208922001009,0.0014816234184664,0.0002350440951171,0.5327781432467368,0.5327781432467368,0.5327781432467368,False,0.2979182639984996,8.061686378801849e-05,8.591709180877084e-05,2.960331468975124e-05,2.9022794477307507,0.0616900305767947,0.5937532104998408,0.3445567589233645,0.5415884994812208,-0.072780110759643,0.8374872851019852,6453.994588638353,True,wing_R,high
-0.0133672614789852,0.0025973736025716,-0.0033346501212174,0.0004242117575417,0.0003626566926511,0.3073250457421936,0.3073250457421936,0.3073250457421936,False,0.796817371561011,0.0002840327722795,0.0001208432731177,0.0001081249425763,2.626894086708627,0.5745446127646608,0.0447776868820096,0.3806777003533295,0.6848401650325202,-0.7202457258822509,0.1106347264948039,6064.659826535506,True,body,high
-0.0131718309267523,0.0011414003761678,-0.0028110200752627,0.0016959679520336,0.0003521504123596,0.4581066968232742,0.4581066968232742,0.4581066968232742,False,0.1616853986413616,8.690067842171128e-05,0.0001000341351225,3.317906428481342e-05,3.0149775853773355,0.131289751090576,0.5370328245564179,0.331677424353006,0.5945623823110825,-0.1240549052708806,0.7944217733791057,10351.458060267452,True,wing_R,high
-0.0131442614230467,0.001625200790383,-0.002966663172461,0.0011955704668181,0.0002806025117509,0.4523994623395848,0.4523994623395848,0.4523994623395848,False,0.2150382020935776,6.451391249014434e-05,2.802136051763704e-05,2.9204093172174488e-05,2.302311925559017,0.5473210034093664,0.0183329860007813,0.4343460105898523,-0.916696743416876,-0.2494694560603563,-0.3121411076770317,8089.330545948654,True,wing_R,high
-0.0123187073998239,0.0044369865889809,-0.0034676051813527,0.0018458866036339,0.0003726317170845,0.415330919280631,0.415330919280631,0.415330919280631,False,0.3282145474982813,9.01093184784402e-05,3.584724939131463e-05,5.8176341014319735e-05,2.5137024460312603,0.3543804126291426,0.2478000277889974,0.3978195595818599,0.104892826823352,0.1544016865022999,0.9824243554016012,4765.762874996449,True,wing_L,high
-0.0139314357983985,0.0027475099447816,-0.003423727082647,0.0008946232780317,0.0008729871396008,0.2532974341933852,0.2532974341933852,0.2532974341933852,False,0.3464271302701883,5.97927549621802e-05,9.269356686509224e-05,0.0001222152750195,2.043981333472005,0.2415549787024936,0.2692037627673456,0.4892412585301608,0.0765918901104022,0.9968649475312013,-0.0198483942154441,6747.4498783726885,True,body,high
-0.0125541647420099,0.0049277878962273,-0.0037475146246298,0.0022847332772099,0.0002409106189153,0.45800864925361,0.45800864925361,0.45800864925361,False,0.156711786177959,2.4314844766417383e-05,6.573898470080859e-05,3.773607292588496e-05,2.703656360233253,0.4259711631137983,0.2041593465513697,0.3698694903348319,0.2180841083024893,0.2034767688710519,0.954482334166382,10128.156153360833,True,wing_L,high
-0.0137877869921389,0.0002901320108305,-0.0029164701418073,0.0026195266831029,0.0003435202283206,0.3780890180300149,0.3780890180300149,0.3780890180300149,False,0.123458619213942,7.914411809770532e-05,9.189322564700276e-05,3.274642066926628e-05,2.8062067172198737,0.1387382743345157,0.5049087906291423,0.3563529350363419,0.4217154890682808,-0.4826663426477009,0.7675866387288102,5446.946866842361,True,wing_R,high
-0.0140153940315555,0.0030984302130589,-0.0032998193330939,0.000975114366119,0.0009705134382823,0.2092629318297118,0.2092629318297118,0.2092629318297118,False,0.3952434770161141,5.988406110906961e-05,0.0001283128595763,0.000146875979103,2.4526723201942304,0.1263863542562721,0.4658950965651696,0.4077185491785582,-0.1057751818447587,0.5053036280393756,0.8564343841742652,7513.704700729643,True,body,high
-0.0131343766219001,0.0014276040402081,-0.0028584366296826,0.0014049371466997,0.0003176698339412,0.5411578980635346,0.5411578980635346,0.5411578980635346,False,0.3040997454072112,9.40316891531584e-05,8.517599156944078e-05,3.3629576924281615e-05,2.7961008657609527,0.0941777996702099,0.5481813111024795,0.3576408892273105,-0.6114156185460471,0.0444596913039711,-0.7900596668904891,11039.898262920144,True,wing_R,high
-0.0126280725726983,0.0049813133665105,-0.0038139133431839,0.0023379058940233,0.0003052617197765,0.48673978500825,0.48673978500825,0.48673978500825,False,0.0815524657558275,9.866242572478932e-05,3.702592461085317e-05,5.410770645679168e-05,2.664684994682592,0.4515875110579517,0.1731336090761312,0.375278879865917,0.4104031521980356,0.1338684231584714,0.9020246659304724,9169.972001674229,True,wing_L,high
-0.0125075457850012,0.0042077712891229,-0.0034719701288426,0.0015674352661566,0.0002628774634987,0.4070256070548286,0.4070256070548286,0.4070256070548286,False,0.1505512140225553,8.801824489408934e-05,3.7478883960232055e-05,9.277625723471884e-05,2.475427425564793,0.0512848058592402,0.5447445546978197,0.40397063944294,-0.3728873248879852,-0.1884910264046404,-0.9085296780528458,6988.4661831239055,True,wing_L,high
-0.0121593614438566,0.0027384616081283,-0.0023922177320898,0.0011739104936033,0.001173664839889,0.2236598208087473,0.2236598208087473,0.2236598208087473,False,0.1332635316824068,0.0001529515401334,8.847910672044482e-05,6.211826417917657e-05,2.4622635895335727,0.4215219628173229,0.1723476763834783,0.4061303607991987,0.7633656270987781,-0.6433614788736488,-0.0579562495819105,7933.144920946645,True,body,high
-0.0135451793512384,0.0017261040720254,-0.0031436537309562,0.0011748632344904,0.0003266660693287,0.2406049461565407,0.2406049461565407,0.2406049461565407,False,0.5224872124833865,3.809284171513874e-05,5.048739273200653e-05,1.9298732675113543e-05,2.616098869389074,0.2454979420834749,0.3722535077179901,0.3822485501985349,0.2174675011441019,-0.0460439330387577,0.9749809445196672,6160.70723729256,True,wing_R,high
-0.0137873062642831,0.0030432578501854,-0.0028882002526884,0.0007402353310748,0.0007400118140216,0.3675359216579335,0.3675359216579335,0.3675359216579335,False,0.0228541612443281,8.458958821436349e-05,9.568806909586424e-05,7.913936314464743e-05,1.209108404384931,0.1159860470209911,0.0569582511300944,0.8270557018489144,0.0656214854673483,0.7511121739101998,0.6569051094708824,4443.008405879453,True,body,high
-0.0137345280635141,0.0032385971218517,-0.0027654933005328,0.0008173482903294,0.0007941546863458,0.3372200839142371,0.3372200839142371,0.3372200839142371,False,0.3783358143193323,2.978100112816488e-05,6.098299409085882e-05,2.6624047950280185e-05,2.290522996530925,0.5116507221046896,0.0517677628812572,0.436581515014053,0.1663544399716476,0.9658119776662456,-0.1988301388073114,3706.169537068195,True,body,high
-0.012577526239245,0.0040185146606164,-0.0034245605146347,0.0013605483417537,0.0002397995178889,0.385918565195593,0.385918565195593,0.385918565195593,False,0.386669694791397,5.440159613750092e-05,9.605190935561378e-05,3.279317322503473e-05,2.929021497751444,0.4336229596843365,0.2249660944527936,0.3414109458628698,0.3046449331848296,0.2124149600108298,0.928477974670594,5613.680915272907,True,wing_L,high
-0.0122080919478003,0.0026190415744987,-0.0024276137688189,0.0011283380314294,0.0011243671431527,0.219187859596628,0.219187859596628,0.219187859596628,False,0.280549562895866,6.757564179599008e-05,9.130419065041266e-05,0.0001619933398094,2.3972149653932986,0.4363707127846245,0.1464785458608407,0.4171507413545348,-0.741766184936439,0.6386781277342538,-0.2046293626015299,8418.42912104534,True,body,high
-0.0127969293408447,0.0032086214095174,-0.0030259212771624,0.0005050324561568,0.0002486519060181,0.3271386163190553,0.3271386163190553,0.3271386163190553,False,0.0207260635823639,0.0001249769827058,0.0001094731158101,0.000181492203456,1.6578700817363663,0.3113920029293521,0.0854244237518916,0.6031835733187563,0.9286074025848468,-0.2936120336224768,0.2268926300625434,5706.068501514092,True,body,high
-0.0126035514226564,0.0026300753788441,-0.0029480728074056,0.0005537975148637,0.000548056150077,0.3311324500814904,0.3311324500814904,0.3311324500814904,False,0.3388688229882921,0.0001706282272698,0.0001114674934556,6.718969057577505e-05,2.5395001198496905,0.3467230174091509,0.2594986983593884,0.3937782842314607,0.6868936222735951,-0.7212028341279808,-0.0896862515975998,5158.175339414448,False,body,high
-0.0121320928455787,0.0027813103225646,-0.002285767158213,0.001258247019736,0.0012572129714543,0.2219735455308818,0.2219735455308818,0.2219735455308818,False,0.1607214300861278,6.326423010246556e-05,5.130617874447789e-05,0.0001207718422595,2.353943427769168,0.4761673837306902,0.0990135708312892,0.4248190454380206,0.5271761008378746,0.7411594359304532,0.415653761244413,5121.705143752118,True,body,high
-0.0140275549930754,0.0028975966715075,-0.0033533255105784,0.0009623773623944,0.0009582316722251,0.1653145515928243,0.1653145515928243,0.1653145515928243,False,0.5826090181569353,7.036196611253273e-05,0.00016200809417,0.0001710102414849,2.430435801232324,0.0526409835854263,0.5359101727574149,0.4114488436571588,0.0122916078670581,-0.697197422466096,-0.7167737931053806,5404.422862923066,True,body,high
-0.0135170045768873,0.0018460349510171,-0.0032125880050652,0.001059967500932,0.0003668685738504,0.5439987176279584,0.5439987176279584,0.5439987176279584,False,0.0805019939883334,8.918819572572603e-05,8.776728477376479e-05,3.823128502286768e-05,2.3328589575887646,0.0159316032844846,0.5554098201877699,0.4286585765277454,0.5555891062098456,-0.0584176313066899,0.8294022699591921,6397.985924649099,True,wing_R,high
-0.0126160197123138,0.0025799936842146,-0.0027054085737414,0.0006611771942171,0.0006371659293245,0.1060164575661435,0.1060164575661435,0.1060164575661435,False,0.6944272554168046,4.785058246930439e-05,0.0001119459271305,0.0001115573562733,2.339489330194456,0.003471058457761,0.569085231030902,0.4274437105113368,-0.1660447933608204,0.9779365374272568,0.1267645666680962,5874.173219664304,True,body,high
-0.0137082171759846,0.0009296819449099,-0.003018192635873,0.0019791767142427,0.0003405482900579,0.3635230374523808,0.3635230374523808,0.3635230374523808,False,0.1504106315978958,2.56146229984768e-05,5.88355032041255e-05,5.174355293282868e-05,2.296949801198488,0.1205386184374392,0.4441014100567723,0.4353599715057884,-0.642297321584592,-0.1889052392601184,-0.7428115247257119,8014.79277779521,True,wing_R,high
-0.0138368157102531,0.0012762470184319,-0.0031299108227738,0.0017029955953135,0.0004954926740583,0.4012501533210607,0.4012501533210607,0.4012501533210607,False,0.1723903216981792,3.416024075022219e-05,2.474785002303623e-05,6.608041984914393e-05,2.6701479032576074,0.4830504886590133,0.1424384219814835,0.3745110893595032,0.0087081063523579,0.1414006564815675,0.9899141494242506,10533.003582598323,True,wing_R,high
-0.0136947401899954,0.0009324814057311,-0.0029796553644148,0.0019740087947079,0.0002997161150989,0.3480445187910055,0.3480445187910055,0.3480445187910055,False,0.2776840258671339,4.225425616220176e-05,8.303626844922552e-05,3.144756742968762e-05,2.640467140578776,0.4911349347539729,0.1301442000506338,0.3787208651953932,0.640594100582357,0.0616458492062706,0.765401193868104,7596.450013146388,True,wing_R,high
-0.0136338599008916,0.0013394504492572,-0.0030374998484028,0.0015666561812027,0.0002976921896938,0.3431650832289197,0.3431650832289197,0.3431650832289197,False,0.1471301920985473,4.122901477491847e-05,4.3093687575617016e-05,9.944942693526216e-05,2.4121223240037715,0.5666773665405896,0.0187499602377032,0.414572673221707,0.4504925117146685,-0.1905000053815786,0.8722191495482243,10071.57707931194,True,wing_R,high
-0.0133261749733415,0.0018384921813583,-0.0030701789018215,0.0010004333935011,0.0001857064711906,0.2093340893542253,0.2093340893542253,0.2093340893542253,False,0.5678172947404331,9.85799416959043e-05,9.809223667161688e-05,3.33962668526292e-05,2.9518251884534625,0.0049473048563151,0.656279246122496,0.3387734490211888,-0.4128378333322545,0.1940616216811175,-0.88989044851601,5274.575411632888,True,wing_R,high
-0.0138797399217568,0.003211595013471,-0.003474569138491,0.0009531138070982,0.0009145806847845,0.1764820121448287,0.1764820121448287,0.1764820121448287,False,0.7383336071972272,7.151575524889268e-05,3.907313427162307e-05,3.128507898190455e-05,2.2859381397201446,0.4536429890778778,0.1088998537820672,0.4374571571400549,-0.4219668099831867,-0.617150408983086,-0.6641305473810273,5692.120272187936,True,body,high
-0.012547304412094,0.004918340747085,-0.0037447547718179,0.002276872889988,0.000240609218733,0.4535655705645845,0.4535655705645845,0.4535655705645845,False,0.1376826199046213,8.065931395284061e-05,3.196769254532628e-05,4.528294165101446e-05,2.5231509543103736,0.4385900470528399,0.1650801185027839,0.3963298344443761,0.3415205749358562,0.124209658360355,0.9316306444431108,10027.103630522275,True,wing_L,high
-0.0125135075604867,0.0048233991188961,-0.0037241094525517,0.0021922128370024,0.0002498688794984,0.4461147497391581,0.4461147497391581,0.4461147497391581,False,0.1253889015154999,7.00501631477828e-05,3.089206538592943e-05,7.527644591706594e-05,2.43675665503908,0.069427862933926,0.5201905760135764,0.4103815610524975,-0.3459567771983736,-0.1616967243936098,-0.9242121388679616,9787.031416168444,True,wing_L,high
-0.0134791546599958,0.0029538642234343,-0.0034349187472392,0.0005325972009328,0.0005207894696104,0.3311666668967987,0.3311666668967987,0.3311666668967987,False,0.4163036456325371,2.569389214864439e-05,6.751283697435034e-05,2.4181830004595027e-05,2.791882870796857,0.6194221232562619,0.0223966613138154,0.3581812154299226,0.933330215264562,0.2436788231644708,-0.2636576196801159,5026.780017393941,True,body,high
-0.0131927387547041,0.0010702930075589,-0.002807041688837,0.0017676486154356,0.0003509388468098,0.4349506225943453,0.4349506225943453,0.4349506225943453,False,0.2025262194178118,8.379390530706876e-05,3.200695310374747e-05,8.411223894701271e-05,2.6279364572557395,0.0037846292516893,0.6156886661398345,0.3805267046084761,-0.4758495981327685,0.0469706817022292,-0.8782715497027732,11397.453056096345,True,wing_R,high
-0.0129360302630819,0.0042810337908501,-0.0036225594275407,0.0015734384068583,0.0003183081195838,0.2490122446689538,0.2490122446689538,0.2490122446689538,False,0.6165477051861912,9.597668758612884e-05,9.584863038985872e-05,3.931999597783503e-05,2.440912955337829,0.001334253134702,0.5889829690287579,0.40968277783654,0.073244088423119,0.2751618433240295,0.9586038094487151,5831.464450500091,True,wing_L,high
-0.0134837420978349,0.0012638808625298,-0.0030963502412913,0.0015958869560171,0.0003234444918321,0.527201054563878,0.527201054563878,0.527201054563878,False,0.0310048625457284,7.961984410735026e-05,8.192146590954184e-05,3.334868628239205e-05,2.4565125359314672,0.0280954665134171,0.5648233623657454,0.4070811711208374,0.5529721295196693,-0.0857202937452002,0.8287785320667511,10072.46567299934,True,wing_R,high
-0.0131499032720648,0.0016818858535668,-0.0029733276789786,0.0011387258581182,0.0002614562797171,0.6832284229671322,0.6832284229671322,0.6832284229671322,False,0.9416551811096522,3.151773394522971e-05,2.893581699687058e-05,8.095616517081825e-05,2.797783977538069,0.6106814857308643,0.0318927773185804,0.3574257369505552,0.5607528984235032,0.7469473400428648,-0.3572476145652049,7792.425041402281,True,wing_R,high
-0.0130775162213263,0.0028863253098546,-0.0029949845584563,0.000113783707307,9.694231779534704e-05,0.145993165103287,0.145993165103287,0.145993165103287,False,0.817812851215784,0.0001163991293517,0.0001267662768708,0.0002713953119792,2.331592285016931,0.5329091134759514,0.0381994347783424,0.4288914517457062,0.0143521527966195,-0.3757126306052092,-0.9266250778571752,11187.158653368737,True,body,high
-0.0134115851013632,0.0027188018326752,-0.0033814614470267,0.000439214818765,0.0004261820001289,0.2643231009353183,0.2643231009353183,0.2643231009353183,False,0.7868953597826552,0.000232901074197,0.0001357952669939,7.868293957714268e-05,2.959994573774939,0.4169401430966236,0.2452213997454362,0.3378384571579401,0.7213566510566501,-0.6757993741009325,0.1514588655085005,5682.693977453049,True,body,high
-0.0139575960825415,0.0028143828603795,-0.0033876166828197,0.0009032273453817,0.0008914977443356,0.2256417730876924,0.2256417730876924,0.2256417730876924,False,0.3249658941252951,8.423995896706605e-05,9.349918442737265e-05,0.0001092680543674,1.2971047909721662,0.1443136333980565,0.0847386321089494,0.7709477344929939,0.6111250021897561,0.1866371651415492,0.7692157046540955,6824.674754692781,True,body,high
-0.0123812211004867,0.0026968048236403,-0.0022609089123123,0.001100579078649,0.0010965601435049,0.1873645735722217,0.1873645735722217,0.1873645735722217,False,0.1362963404333984,5.2613309326226965e-05,6.266513770284791e-05,0.0001258187046303,2.39138549240824,0.5019410040266492,0.0798913675526598,0.4181676284206909,0.0182437281290315,-0.797802067842112,-0.6026433662878935,5269.729729816511,True,body,high
-0.0132525994287885,0.001019836966009,-0.0028503848249775,0.0018152658282987,0.0003214972470139,0.3772224498593219,0.3772224498593219,0.3772224498593219,False,0.1031778745640758,3.775749181675058e-05,8.689073399733596e-05,3.201260058061175e-05,2.714266645677041,0.5654600890135396,0.0661162700767951,0.3684236409096653,0.4801083397608077,0.0162772433708948,0.8770581699296606,8135.668058198184,True,wing_R,high
-0.0135966134289871,0.0026870288168705,-0.0031339253416371,0.0005071145245617,0.0004528958160532,0.1669640206747636,0.1669640206747636,0.1669640206747636,False,0.2524015003718121,0.0003509265422055,0.0002056509412651,0.000126560380878,2.7727993529311665,0.4139772387330564,0.2253763989750289,0.3606463622919146,0.445749630050741,-0.8418858458405862,-0.3041964659277094,5665.081922532394,True,body,high
-0.0138558136079451,0.0028311478166577,-0.0032730770771248,0.0007719350170241,0.0007614839573138,0.1387916940649951,0.1387916940649951,0.1387916940649951,False,0.4675141670799885,0.0001742553579355,0.0001063116605261,8.89794565778635e-05,1.958377412465948,0.3899087994446714,0.099464396122969,0.5106268044323595,0.3534078742228632,-0.91290737454744,-0.2042131238049531,6013.946854800586,True,body,high
-0.0129294531879262,0.0023917315234036,-0.002737616354425,0.0005720781529312,0.00038315031738,0.1770531555268401,0.1770531555268401,0.1770531555268401,False,0.2375649215658606,8.129821264363006e-05,9.762235129515156e-05,0.0002373599114518,2.9196202934050177,0.5887159263836561,0.0687737813503086,0.3425102922660352,-0.8281749762221255,0.559530265480067,0.0324359487496172,4243.804077578341,True,body,high
-0.0139162144960271,0.003070115011155,-0.0032651062908993,0.0008668748373915,0.000862713943012,0.1494264484044205,0.1494264484044205,0.1494264484044205,False,0.2443955402170624,7.261446684765128e-05,0.0001302367648023,0.000131159246266,1.806241262381232,0.0070332934198617,0.4393308104088456,0.5536358961712926,-0.4365879926461027,-0.493719152259842,-0.7520853165493059,7105.387291592236,True,body,high
-0.0138972855105405,0.0027867153820957,-0.0031375066599572,0.0007909047423226,0.0007639447067529,0.1498565209852344,0.1498565209852344,0.1498565209852344,False,0.2892922550136216,0.0002117173392387,8.831134925613133e-05,0.0001027959580077,2.397396722189649,0.5144660405364275,0.0684148440730019,0.4171191153905705,0.0561755536546555,0.1193446591804873,0.9912624069824734,5408.201875003364,True,body,high
-0.0134802648323025,0.0012489152227733,-0.0030463547900087,0.0016098342726953,0.0002775429135579,0.4505541335165551,0.4505541335165551,0.4505541335165551,False,0.0765906549532625,7.341327089128949e-05,5.5533591563517774e-05,2.8484981085779305e-05,2.577262406115479,0.2435483273078511,0.3684430641674051,0.3880086085247437,0.5727646280391299,-0.0747906138488628,0.8163008299317767,11814.282162379695,True,wing_R,high
-0.0138707871916361,0.0010358310680037,-0.0030795158831363,0.0019354062827993,0.0004761313595809,0.3118704007620873,0.3118704007620873,0.3118704007620873,False,0.2527549804636133,8.067308429434e-05,7.786458455384379e-05,2.888326804203033e-05,2.79307328301445,0.0348133428275687,0.6071580991387728,0.3580285580336584,0.0557568652530695,0.269052100387131,0.9615103427703856,6095.901822039077,True,wing_R,high
-0.0131154271306759,0.001438570060449,-0.0028270356399436,0.0013991811872159,0.0003305841716146,0.3874028099357007,0.3874028099357007,0.3874028099357007,False,0.1043429337074607,3.6956040201567495e-05,3.6909547356651725e-05,9.77990284435102e-05,2.6496946033635163,0.6221226244296106,0.0004753916849248,0.3774019838854645,-0.5099417292534577,0.752064872814996,0.4175618036216401,9260.494424201364,True,wing_R,high
-0.0134892969131427,0.0016303695842467,-0.0030756333879775,0.0012442017885743,0.000247975536342,0.2108543248035062,0.2108543248035062,0.2108543248035062,False,0.420784793697652,8.841542256029002e-05,8.892533400930718e-05,3.318067806715218e-05,2.680033657821491,0.0057341527552069,0.6211362049802007,0.3731296422645924,-0.365933926535225,0.0904866560144223,-0.926231356894076,5068.315296424263,True,wing_R,high
-0.012996055092828,0.0043650244589724,-0.0037177011463422,0.0016806357315761,0.0004302867023464,0.3760790533607486,0.3760790533607486,0.3760790533607486,False,0.1052009081739644,8.321852496518026e-05,8.240987793221864e-05,3.417708759682162e-05,2.434921487368612,0.0097171517195235,0.579591988149012,0.4106908601314644,0.1696605964022281,0.4016094400808735,0.899958409964798,6562.087133327171,True,wing_L,high
-0.0131309461475779,0.0031126493463336,-0.0032683420094015,0.0003539915610816,0.0001626850060111,0.3558475668406494,0.3558475668406494,0.3558475668406494,False,0.0118401311983345,7.805878680307926e-05,0.0001452305959946,6.518884373147419e-05,2.227844331660633,0.4625183056747832,0.0886172984656546,0.4488643958595621,-0.272620217915112,0.8683525805393891,0.414297010192568,5107.473833766319,True,body,high
-0.0121830353423399,0.002589916429384,-0.0024336704109863,0.0011503721546169,0.0011445965719562,0.2166266595106207,0.2166266595106207,0.2166266595106207,False,0.2446147555149984,5.85798623578613e-05,8.876350235208245e-05,0.0001680705345852,2.8690838083326526,0.471867555064893,0.1795891235111354,0.3485433214239715,-0.8346393151162688,0.5284980780407287,-0.1551354091415019,7333.229588126962,True,body,high
-0.0126597674790146,0.0043631650651854,-0.0036094323646827,0.0016973799936175,0.00022147224242,0.4201981141343412,0.4201981141343412,0.4201981141343412,False,0.1351661680474059,7.346180548688639e-05,4.419432749887775e-05,2.922989476849011e-05,2.5132422155032312,0.3984040113638802,0.2037035794479476,0.3978924091881721,-0.3308665885875117,-0.2935571292955073,-0.8968564614230323,7055.979894672308,True,wing_L,high
-0.0132260452335036,0.0016779971397642,-0.0030073676529288,0.0011452386444265,0.0002206875074657,0.3751164679301941,0.3751164679301941,0.3751164679301941,False,0.2334742889313684,3.704690509279599e-05,3.738966943197118e-05,8.813962287653662e-05,2.379135926624973,0.5757904536947529,0.0038888791214289,0.4203206671838181,0.4478883573242416,0.0367759140763793,0.8933328335605041,6481.994737240398,True,wing_R,high
-0.0123093610885069,0.0027589749765394,-0.0024922893506595,0.000992822465848,0.0009924644222463,0.1454288146418578,0.1454288146418578,0.1454288146418578,False,0.3897464384772853,7.506088498289754e-05,8.067223800444527e-05,0.0001760238994627,2.3450815894710386,0.5416972453703885,0.0318783587835112,0.4264243958461002,-0.0436352721032089,-0.6437017300381219,-0.7640314429226117,6720.669652963984,True,body,high
-0.0127434333871062,0.0035415641814765,-0.0032892276967594,0.000840363381074,0.0001855650147568,0.2774510757124505,0.2774510757124505,0.2774510757124505,False,0.1975760962562356,7.488963781246543e-05,3.072796328625446e-05,8.554329170677858e-05,2.7838907157587194,0.1245410795136486,0.5162494176350655,0.3592095028512858,0.2604418778937368,0.2543087631821988,0.9313952336188562,7379.065742381736,True,wing_L,high
-0.0127808784272657,0.0029857387533947,-0.002982575967154,0.0003820538741214,0.0003102101625105,0.2227448951143065,0.2227448951143065,0.2227448951143065,False,0.0575444738495881,0.0001181224329014,7.150054765524784e-05,5.521252066553178e-05,2.1394138770990976,0.394691203872381,0.1378910558276761,0.4674177402999429,0.5678523559753137,-0.8104608613248295,-0.1438641514551182,11227.146941221064,True,body,high
-0.0131381259752091,0.0027386180689692,-0.0031318261543064,9.796298903616032e-05,6.912917729520949e-05,0.128432826460498,0.128432826460498,0.128432826460498,False,0.7513128948775845,9.003767723045203e-05,8.395452253470416e-05,0.0002107992345918,2.510874080722813,0.5728747430948502,0.0288575748746248,0.3982676820305249,0.4972426015682525,0.6692010851754,0.5521953483919466,16672.99833944957,True,body,high
-0.0125794213342263,0.0049513315327183,-0.0037607739431073,0.0023044697332008,0.0002499255099807,0.4404939442406719,0.4404939442406719,0.4404939442406719,False,0.154747649691426,3.051498728925776e-05,7.390746372064584e-05,2.842717752354133e-05,2.5998875076303665,0.5871190032362932,0.0282489705452197,0.384632026218487,0.3014937886363332,0.1182510315533302,0.9461068591603612,9972.596985527704,True,wing_L,high
-0.0127374096366749,0.0031077085808239,-0.0029918631965006,0.0004808523011971,0.0003283307630896,0.2583509131241475,0.2583509131241475,0.2583509131241475,False,0.0222110337377628,0.000145932695753,0.0001138122103897,7.254130589470338e-05,2.0117186195254195,0.220104790071355,0.2828077990481372,0.4970874108805077,0.6649774053878215,-0.7384917208064509,-0.1115124595012053,6914.47415064944,True,body,high
-0.0133858860535586,0.0028605169383415,-0.0029653058229345,0.0003021952658575,0.000298875676128,0.1290782884290758,0.1290782884290758,0.1290782884290758,False,0.0335181059638025,0.0002226731026906,9.03489654020614e-05,9.67552289365176e-05,2.464589402874791,0.5654830881350419,0.0287698130445371,0.4057470988204209,0.069403308326235,0.1132652877408521,0.9911378084738548,7357.546905600257,True,body,high
-0.0127793801309396,0.0029760162898349,-0.0029702249815053,0.0003824047012246,0.0003184203279295,0.2128137797365631,0.2128137797365631,0.2128137797365631,False,0.0559552593744419,0.0001583693203211,9.826029922304928e-05,6.358559530657324e-05,2.490647756895683,0.3795496563111796,0.2189483660481164,0.4015019776407039,0.5667583476169207,-0.821925777234479,0.0567714023433929,11719.009657930945,True,body,high
-0.0127540622131126,0.0027153281312076,-0.0027786859568793,0.0004749093752647,0.0004701761816813,0.1979259845463522,0.1979259845463522,0.1979259845463522,False,0.697075251891911,0.000164601885585,8.535048998523721e-05,7.253687845987949e-05,2.269216556873088,0.4814731940531944,0.0778460798296077,0.4406807261171978,0.6203905142647635,-0.7813005530506757,-0.0684474660817353,7773.084141433823,True,body,high
-0.0131371705019073,0.0013652629301581,-0.0028374093916522,0.0014698796169077,0.0003290494500053,0.5193499327294339,0.5193499327294339,0.5193499327294339,False,0.191001555864662,3.6927679648036906e-05,9.19199585785182e-05,7.0478821215891e-05,2.489188583052624,0.2332587796404646,0.3650038804053054,0.4017373399542299,0.7239895835833807,-0.0647377196080857,0.686766416274637,9888.183948299558,True,wing_R,high
-0.013825722030089,0.0012668820355964,-0.0031084697879814,0.0017062560282138,0.0004720184085558,0.3574979607013808,0.3574979607013808,0.3574979607013808,False,0.1323904487495329,2.746352805846533e-05,6.329621492494695e-05,5.853920594464024e-05,2.3047372060210085,0.0751547147953049,0.4909563379583231,0.4338889472463719,-0.0443899557200162,-0.1832338032798857,-0.9820666500634074,10927.818354633284,True,wing_R,high
-0.0131325705420717,0.0013093660874663,-0.0028008394610953,0.0015311555889721,0.0003455214437729,0.4854023457487358,0.4854023457487358,0.4854023457487358,False,0.1886007099333643,6.757087302286708e-05,7.897771396746695e-05,3.117984656518918e-05,2.5329731434805014,0.1444311359695552,0.460775890179201,0.3947929738512437,-0.7153729420727759,0.0777463673497143,-0.694404101452508,8515.430730332313,True,wing_R,high
-0.0137057486611059,0.0006049900668808,-0.0029301031711084,0.0022939544762158,0.000294790332578,0.3523719959274765,0.3523719959274765,0.3523719959274765,False,0.1060422723943563,2.9847221446617795e-05,7.168961040189214e-05,6.353607176381509e-05,2.401885566805945,0.1137338952237052,0.4699265364721262,0.4163395683041684,0.6787421119946121,0.1318086562387494,0.7224511219076544,5789.234075707245,True,wing_R,high
-0.0123544104055586,0.005003313130368,-0.0037385862760847,0.0024071932719826,0.00028624244146,0.4821654266134886,0.4821654266134886,0.4821654266134886,False,0.1615100963388791,8.647038318191612e-05,8.909068926901742e-05,3.234692367724653e-05,2.7542244869389414,0.0294116715068737,0.607509717892505,0.3630786106006213,0.2467346917670651,0.1223136992275728,0.9613331112886304,9708.766029875242,True,wing_L,high
-0.013512416502874,0.0028585918686262,-0.00362947855583,0.000684690486885,0.0006828594012436,0.3590501598685493,0.3590501598685493,0.3590501598685493,False,0.1340074000900813,9.023487088185578e-05,0.0001347302120634,5.884347135062192e-05,2.289637388328509,0.3302551113080738,0.2329945084362891,0.436750380255637,-0.321496400208917,0.8912805065210787,0.3197798044721359,3096.6153579223874,False,body,high
-0.0124323503093548,0.0027225983570351,-0.0025031621534342,0.0008926828510019,0.0008919806465852,0.1200411483025918,0.1200411483025918,0.1200411483025918,False,0.9444175418662736,6.226369208224596e-05,0.0001135866714116,0.000151405424719,2.431680802338135,0.2497846650976561,0.3389771497595943,0.4112381851427496,-0.0407368008979909,-0.5986104507547155,-0.800003775803486,7102.569173728222,True,body,high
-0.0136938436584092,0.0029391992457276,-0.0031279045145578,0.0005998226567242,0.0005996898999982,0.1023956291259688,0.1023956291259688,0.1023956291259688,False,0.5721231512759646,0.0001142316192161,0.0001111082886481,0.0002554373429995,2.298994486437069,0.5527998456498595,0.0122273843415537,0.4349727700085866,0.4343866890748256,-0.8669237568640211,0.2444410033921927,5577.993276514284,True,body,high
-0.0124579986835445,0.0026828881622624,-0.002413606525633,0.0009395213411511,0.0009345561115738,0.1524612361169508,0.1524612361169508,0.1524612361169508,False,0.0786095816937594,7.676494753882376e-05,0.0001172367896394,0.0001581693283064,2.0604368709624103,0.2587893563517404,0.2558766768119402,0.4853339668363193,-0.1726804647313973,-0.6920971389611362,-0.700844495834817,7448.624561619886,True,body,high
-0.012896033434109,0.0030394677718832,-0.0027702718381471,0.0004363296028445,0.0003846670930806,0.1979770995923165,0.1979770995923165,0.1979770995923165,False,0.0127672268153826,0.0002364750102556,8.441962423040511e-05,9.397704775286034e-05,2.8011852979857723,0.6025920554935364,0.0404162093581094,0.356991735148354,0.2854150544613766,0.1976141913130795,0.9378096171817,5047.068255208107,True,body,high
-0.0139212654600226,0.0027773559915387,-0.0031130533334639,0.0008137592274906,0.0007823003456126,0.1528573440948542,0.1528573440948542,0.1528573440948542,False,0.125968997085245,0.0002326184974729,9.002256597350476e-05,9.902496733423914e-05,2.584002077228486,0.5743031254608473,0.0387002816135903,0.3869965929255623,0.1167136810166039,0.0896478023610506,0.989111312338196,4960.846549706547,True,body,high
-0.0121885402323885,0.0026039135403286,-0.0023796944570859,0.0011745375899536,0.0011690463973369,0.1745531926110307,0.1745531926110307,0.1745531926110307,False,0.306655598042272,5.526936439620205e-05,9.495722776627484e-05,0.0001447596211625,2.6191656579366613,0.344035118331322,0.2741639073890347,0.3818009742796432,-0.8254561060727255,0.5367809494685027,-0.1746093618193079,7653.629050852468,True,body,high
-0.0128194285029365,0.0030328556514571,-0.0022637264622668,0.0008911716331018,0.0008828846213039,0.1120665958224099,0.1120665958224099,0.1120665958224099,False,0.2257641773519461,4.939627308151464e-05,5.127707401875635e-05,0.0001302873875472,2.637595499001276,0.6064310215740276,0.0144357867069808,0.3791331917189915,-0.7128308847695546,0.6896395827436459,-0.1275514626800651,4170.90179326504,False,body,high
-0.0129821503257175,0.0031050597657812,-0.003059488168608,0.0003171098315015,9.362657816544868e-05,0.1661134932125738,0.1661134932125738,0.1661134932125738,False,0.0459197039447969,0.0001083673818518,0.0001039617200779,0.000237423528274,2.283759138421336,0.5435693225536662,0.0185561296552489,0.4378745477910849,0.4873203454480739,-0.8308865023752856,0.2686010072262093,10504.13278638985,True,body,high
-0.0139065335183249,0.0031113507646417,-0.003372749931197,0.0009003173136575,0.0008882400812825,0.1666236348226252,0.1666236348226252,0.1666236348226252,False,0.3348166279696267,0.0001134357130317,4.9679446760695424e-05,5.3671279271549335e-05,2.283352984547564,0.5268573023687169,0.0351902624329445,0.4379524351983386,0.4937032253989611,0.1694042962911335,0.8529708726731344,8392.863248611306,True,body,high
-0.0132398353174737,0.0014117901953094,-0.0029243497315372,0.0014176892196984,0.0002452313723427,0.5474582310184682,0.5474582310184682,0.5474582310184682,False,0.3228178763174248,3.758597868519757e-05,6.155496760320602e-05,9.612311067231815e-05,2.5574193897516944,0.3596236412589089,0.2493571915261697,0.3910191672149214,0.5699852508226315,-0.0707613808356333,0.8186022482420241,10189.505385762834,True,wing_R,high
-0.0130972197177426,0.0015673752949309,-0.0028746140476451,0.0012641978145498,0.0003181449252754,0.4410099119571136,0.4410099119571136,0.4410099119571136,False,0.2671991833695191,6.873531039993751e-05,7.293385824939817e-05,2.9451928290087007e-05,2.476369544670744,0.0575665123200212,0.5386165363077395,0.4038169513722391,-0.579135267855132,0.0736726913715139,-0.8118957298030591,7646.473551699555,True,wing_R,high
-0.0134195951709225,0.0029237156077641,-0.0032413844999286,0.0003673187938117,0.0003623612324437,0.2824099077373796,0.2824099077373796,0.2824099077373796,False,0.3174015996927898,7.053362179079679e-05,7.800528087682054e-05,8.025119800422912e-05,1.1377722562192358,0.0279860884729748,0.0931033962337858,0.8789105152932393,-0.6344664044090982,0.4705997585916139,-0.6131788066214504,10779.055686168327,True,body,high
-0.0124650648349611,0.0038627011424891,-0.0033049661179806,0.0012505763828027,0.0003683879884888,0.4475719362925164,0.4475719362925164,0.4475719362925164,False,0.316100557561556,4.870397250814803e-05,9.11453310434684e-05,3.308525199862476e-05,2.7548628327587465,0.4656448997379748,0.1713606207878547,0.3629944794741704,0.4982163568632539,0.233497739771943,0.8350205190744122,12451.455714516169,True,wing_L,high
-0.0124647476673692,0.0025882024083813,-0.0030056376917924,0.0006869721469262,0.0006828570622958,0.4159571542574127,0.4159571542574127,0.4159571542574127,False,0.3716964982696958,4.131269187997974e-05,6.548925017839434e-05,0.000116496578641,2.819873829075691,0.4378440041557306,0.2075302002895143,0.354625795554755,-0.6364615634049651,0.7652611887549338,0.0963949754577107,4233.510436658827,False,body,high
-0.0138310520113116,0.0012959920211945,-0.0031250403884972,0.0016825508962569,0.0004885084905619,0.4194194672055387,0.4194194672055387,0.4194194672055387,False,0.1175938779436096,5.854037833046143e-05,3.3582464609640906e-05,2.3793828844666177e-05,2.460317703074692,0.4263367342782221,0.16721169292275,0.4064515727990278,0.0339517197313169,0.1659205728315536,0.9855544856772432,11315.12702497469,True,wing_R,high
-0.012534280700042,0.0046825192137012,-0.0036736990977159,0.0020427553565985,0.000234755936785,0.4426160467455624,0.4426160467455624,0.4426160467455624,False,0.1764493596522653,7.128247397119153e-05,3.717459775315591e-05,2.900284080875336e-05,2.4577755827862813,0.4784889513209118,0.1146390759067245,0.4068719727723636,-0.266049068115972,-0.2124236440684653,-0.9402627764594836,12728.965803706951,True,wing_L,high
-0.0124920731941383,0.0047150721364418,-0.0036822206892393,0.0020871097117415,0.0002509950393898,0.4516537207216218,0.4516537207216218,0.4516537207216218,False,0.148611565188853,4.004774431039258e-05,0.0001047626140875,4.007830997292794e-05,2.6159429423923,0.6174369041664749,0.0002917611669161,0.3822713346666088,-0.7169417524230968,0.6897443831475878,0.1012285016625852,13619.697178491955,True,wing_L,high
-0.012946532955641,0.0040240149958819,-0.0035849214120551,0.0013210204300567,0.0002997365459312,0.2844917865683529,0.2844917865683529,0.2844917865683529,False,0.1365091404500136,7.983905555130572e-05,3.239403265262017e-05,7.840406884294362e-05,2.464622308913058,0.0179734930286087,0.5762848254230255,0.4057416815483658,0.1367724629572101,0.2918194615258997,0.9466439115376766,6287.894627324767,True,wing_L,high
-0.0122659907854651,0.0050361890322864,-0.0037154963396452,0.0024598468698684,0.0003255221094094,0.5242311358800748,0.5242311358800748,0.5242311358800748,False,0.1046292188496758,2.2760097054985663e-05,3.03660619088191e-05,1.3465763117278355e-05,2.25505689089803,0.2504758396617924,0.3060763679404865,0.443447792397721,0.2788880545929222,0.2982558600302619,0.9128334431663774,7445.993522786024,True,wing_L,high
-0.0132801846669116,0.0028356923716704,-0.0031189876158129,0.0001771205589032,0.0001766004491591,0.209853915920354,0.209853915920354,0.209853915920354,False,0.932949500020106,0.000118693085341,0.0001049419049118,5.845875825282568e-05,2.03037301661051,0.1158549412519197,0.3916247229186607,0.4925203358294196,0.0063746832811438,-0.7981194831010101,-0.6024654795983264,24598.60398371135,True,body,high
-0.0132921764640004,0.0028770619789918,-0.0031891103292363,0.0002229793668165,0.0002199994813428,0.0900132446393609,0.0900132446393609,0.0900132446393609,False,0.8172263776043798,0.0002965004808265,0.000114820425776,0.0001105222850264,2.682721233599988,0.6127479272345345,0.0144962353435938,0.3727558374218717,0.4785000342436217,-0.8345653797969145,-0.2730171131509622,23079.53758612136,True,body,high
-0.0137071079073579,0.0029689930150607,-0.0029836228520245,0.0006246089516995,0.0006244284697762,0.1709966615181479,0.1709966615181479,0.1709966615181479,False,0.1042655975891866,4.859012305825386e-05,8.425683152846635e-05,0.000113178426943,2.329247588184548,0.2555398249979247,0.3151369870882409,0.4293231879138344,0.1210134129355134,-0.489977930456381,-0.8632944929486001,5304.689727554907,True,body,high
-0.0132101453294541,0.0028466846972716,-0.003139122446919,0.0001222842892254,0.0001210176512184,0.1352069488118728,0.1352069488118728,0.1352069488118728,False,0.6864311342987739,7.197431388916402e-05,7.297629923295786e-05,0.0001738818473786,2.415887529632555,0.580310996615848,0.0057624493809963,0.4139265540031556,-0.7053161188590038,0.6756604790899303,-0.214504287774481,25888.970686950102,True,body,high
-0.0134893184924988,0.0026612706696104,-0.0024956820916101,0.0007121273749702,0.0006208203567517,0.1730557907908351,0.1730557907908351,0.1730557907908351,False,0.2508990746325941,0.0002021962426959,8.623378670741767e-05,8.172225183015794e-05,2.474188341214553,0.5735143959273301,0.0223126543654093,0.4041729497072606,0.5556547549551714,-0.8313398708042599,-0.0110368703383336,2587.4774123704733,False,body,high
-0.0132085783972368,0.0029054118410625,-0.0030909443650872,0.0001349819498673,0.0001185085780151,0.1965303756499289,0.1965303756499289,0.1965303756499289,False,0.6705020065102321,7.785270426754931e-05,7.128988420517897e-05,0.0001746837213581,2.450329710950185,0.5543219272966458,0.0375697289440886,0.4081083437592656,0.3933192586436914,0.6905782080572693,0.6069610360940708,15392.423567651143,True,body,high
-0.013258570662694,0.0026897665567735,-0.0032557362723897,0.0002639466448924,0.0002345074327496,0.2336716441538028,0.2336716441538028,0.2336716441538028,False,0.9624803958935624,0.0001607446544406,8.717060609673161e-05,6.794462736533592e-05,2.3658184712136183,0.4577075897169372,0.1196057112959592,0.4226866989871035,0.800327346108784,-0.5995381007240027,0.0054958939878984,10097.453658376691,True,body,high
-0.0136768444462507,0.0030566966485682,-0.0023378515130872,0.0009634776406679,0.0009622976897847,0.2450131312603237,0.2450131312603237,0.2450131312603237,False,0.3324679068319054,6.47818561614474e-05,8.867660785010536e-05,0.000163850510567,2.5292654498612555,0.4587956574366107,0.1458326349180507,0.3953717076453386,0.1331911838779172,-0.5580731023295807,-0.8190326739474051,3410.6113914810026,False,body,high
-0.0132188100285219,0.0028208288642605,-0.0031755746553317,0.0001469939023314,0.0001469779062298,0.1631478789536938,0.1631478789536938,0.1631478789536938,False,0.4724746168551332,0.0001956073843241,8.92641835249124e-05,7.887700139131981e-05,2.4799039120881603,0.5436563714946285,0.0531021984138453,0.4032414300915261,0.590317525667407,-0.8061988915415064,-0.0396051280411642,22146.741349155884,True,body,high
-0.0136377351930783,0.0006401354827128,-0.0029285220053585,0.0022432242582836,0.000281728008623,0.3368756458495732,0.3368756458495732,0.3368756458495732,False,0.3094798129790908,7.899398455098179e-05,3.149625004858805e-05,3.08310825287662e-05,2.562154101377347,0.6012829302431157,0.008420483200117,0.3902965865567672,0.6322440492931886,0.0539545798829161,0.7728883266313513,5498.959723756253,True,wing_R,high
-0.0136309245017002,0.0007727563751806,-0.0029074853811068,0.0021147888549849,0.0002356252832594,0.3176424496284842,0.3176424496284842,0.3176424496284842,False,0.2636390619683681,3.887206035446123e-05,0.0001015541273708,4.1619005397481286e-05,2.6125223732634737,0.5901790850362221,0.0270490733772754,0.3827718415865025,0.6441400875375788,0.0463183013058109,0.763503872021108,5817.8372137566985,True,wing_R,high
-0.0137345383810374,0.0009047616132237,-0.0030020176517822,0.0020115049271374,0.0003386992837584,0.3562402111016224,0.3562402111016224,0.3562402111016224,False,0.1763434724415785,2.781480657765076e-05,7.044461767271157e-05,4.423375251400958e-05,2.5326301470424006,0.372077612522204,0.2330759464497613,0.3948464410280346,-0.6927454008297271,0.0095783926468444,-0.7211186199395797,8072.746676597982,True,wing_R,high
-0.0132419530499829,0.0009410797865843,-0.0027999454573336,0.0018991362731575,0.0003391290797858,0.3968272810486429,0.3968272810486429,0.3968272810486429,False,0.1767346235299811,6.063938015630001e-05,9.08144090675446e-05,3.402576458805657e-05,2.668989519178108,0.3322713787500555,0.2930549880960978,0.3746736331538466,-0.5804136313159717,0.0517124941675717,-0.8126781863256674,9609.430452681034,True,wing_R,high
-0.0126105090187417,0.0044577270523033,-0.003604318610906,0.0017955805856232,0.0002060714787228,0.3887096400680808,0.3887096400680808,0.3887096400680808,False,0.4765058407869851,3.678111646391756e-05,9.394219067864184e-05,3.399926367382701e-05,2.7630654469425915,0.6084707393109591,0.0296123900240598,0.361916870664981,0.3083398579249611,0.1511470301906455,0.9391917308406004,6080.622427405726,True,wing_L,high
-0.0139449761873084,0.0032061612037902,-0.0034407965623998,0.0009916092466716,0.0009618804269951,0.2491748375947678,0.2491748375947678,0.2491748375947678,False,0.1917957299482743,5.544807256740382e-05,7.8135053320516e-05,2.607378365341423e-05,2.9966902525205468,0.2903559899044086,0.3759425208746451,0.3337014892209463,-0.110640896740969,0.7874548682721937,0.60636080216549,6434.72877981051,True,body,high
-0.0131079145855945,0.002696190096696,-0.0028662326888351,0.000242739377662,0.0001882126944305,0.127148628187285,0.127148628187285,0.127148628187285,False,0.8971020347303695,7.925915417580607e-05,6.255067835391936e-05,0.0001461429972573,2.3363934829037936,0.4576602665657842,0.1143296369682956,0.4280100964659202,0.4603584304998808,0.8147871961630125,0.3524087689551762,12064.943039127673,True,body,high
-0.0125829439506566,0.0024923753279316,-0.0030673941364169,0.0006173546253097,0.0005896538991944,0.2646864717439808,0.2646864717439808,0.2646864717439808,False,0.2725339392394701,5.005404862493103e-05,0.0001122748028967,8.575599116936686e-05,2.243071359483716,0.2361955758835703,0.3179871317810808,0.4458172923353488,-0.338364640041467,0.9409412822031,-0.0117844734966706,5223.88537462955,False,body,high
-0.012860982813262,0.0027449947348456,-0.0026788445533964,0.0004750910280284,0.0004677163508174,0.1292535928597414,0.1292535928597414,0.1292535928597414,False,0.369424819199226,6.74222433671276e-05,7.565269710208069e-05,0.0001794552657663,2.6616626324522867,0.5784314448562109,0.0458635398621703,0.3757050152816187,-0.8129458823701483,0.5813067799758659,-0.0346615044611667,6775.177432767263,True,body,high
-0.0123453632445827,0.0045631571638899,-0.0035180687844798,0.0019577910022058,0.0003214820660102,0.4405771238894829,0.4405771238894829,0.4405771238894829,False,0.2444861609806363,7.877311172343385e-05,7.738879151443101e-05,3.224768258379251e-05,2.4427526386973533,0.0175735118077228,0.5730522502288008,0.4093742379634763,0.1382850154104425,0.15995634174441,0.9773900057032908,5118.925463101094,True,wing_L,high
-0.0130518585921627,0.0030402320518874,-0.002989839725678,0.000248450762881,0.0001307985187849,0.1268795007446191,0.1268795007446191,0.1268795007446191,False,0.0987906936216357,8.179008464560156e-05,8.899379863798427e-05,0.0002215262558798,2.7084732439111368,0.5982697478250316,0.0325185561583732,0.3692116960165951,0.0651000822538345,-0.6211655505601915,-0.7809707664745194,9688.08435818666,True,body,high
-0.0139508610179255,0.0031008006926179,-0.0033819080240913,0.0009394539144658,0.0009306872744164,0.1417434534561532,0.1417434534561532,0.1417434534561532,False,0.1182484288785339,5.30478617393413e-05,0.0001009545171597,6.77349443562515e-05,1.903083627683796,0.3290548430928369,0.1454821738552413,0.5254629830519217,0.4962270100642348,0.0764780750185818,0.8648178181120935,8464.711065514311,True,body,high
-0.0133371302062345,0.0027406770402076,-0.0032562148998612,0.0002988666197908,0.0002845336397981,0.087186515340897,0.087186515340897,0.087186515340897,False,0.7796326083262233,0.0002544448843586,0.0001068343731638,0.0001139846477921,2.3816762042342505,0.5520261762012862,0.0281014674212367,0.419872356377477,0.199485222325921,-0.1158658780409116,0.9730265897596976,10038.48921122248,True,body,high
-0.0132045545232276,0.0028404199508111,-0.0029855695420115,0.0001351464255828,0.0001341468667985,0.11826527036685,0.11826527036685,0.11826527036685,False,0.3769542501104514,0.0001977564518747,9.086612838876289e-05,6.65496171891369e-05,2.97156407846405,0.5405149742153401,0.1229619108206094,0.3365231149640504,0.3738081495138903,-0.911854319773819,-0.169673707058068,12019.471647682316,True,body,high
-0.0131832901795091,0.0031998565493542,-0.0032627482529,0.0004332897292866,0.0002011569628908,0.1522220042505101,0.1522220042505101,0.1522220042505101,False,0.1018239344699171,6.757461068139295e-05,8.674584038226455e-05,0.0002022805266895,2.9934397645776736,0.5711606954860101,0.0947754586890901,0.3340638458248997,-0.7453005452618979,0.652664736308969,-0.1362198194502614,4796.194228391022,True,body,high
-0.0130738324455689,0.0030826598474716,-0.0030112846922589,0.0002779999160189,0.000120681409773,0.1515957104241689,0.1515957104241689,0.1515957104241689,False,0.0212151782449473,0.0002202357213575,8.073481044736672e-05,9.216020206760872e-05,2.7278904866095446,0.5815383558148213,0.0518780130208332,0.3665836311643454,0.2116313937649988,0.0892205056372777,0.9732686445924952,8799.69062446661,True,body,high
-0.0129573841760433,0.0029749124572203,-0.0030274383481055,0.000226104000059,0.0001382403488412,0.1938052711336387,0.1938052711336387,0.1938052711336387,False,0.0129070583570324,7.397332477760558e-05,8.252383672705595e-05,0.0001455040496687,1.9669799905057783,0.4328416500094988,0.0587647695642633,0.5083935804262378,-0.0432939720400569,-0.7573016544146863,-0.6516286029678058,8878.00562290709,True,body,high
-0.0131643966082946,0.0025925417802733,-0.0030959372410233,0.000229996835851,6.155561116588125e-05,0.1547200839804156,0.1547200839804156,0.1547200839804156,False,0.5725402087688855,5.844783215321397e-05,5.838938992502151e-05,0.0001609526610605,2.7565395231438914,0.6368632132698037,0.0003631019692831,0.3627736847609131,0.5168837584444568,0.7267225681238024,0.4524439072811985,8144.0979445484,True,body,high
-0.0125998315952131,0.0030170948258044,-0.0028083481077056,0.0006106154039905,0.0005510659001541,0.1380030090827582,0.1380030090827582,0.1380030090827582,False,0.039661562629778,0.0002082528647054,8.421754779033302e-05,7.70673814469289e-05,2.7022179915231668,0.5955995711778511,0.0343340599588702,0.3700663688632786,0.5542747577021063,-0.8323314599736081,-0.0019579868420716,8127.439979605879,True,body,high
-0.0132017019538305,0.002817128871803,-0.0030576706040864,9.475915600463528e-05,9.163981552384336e-05,0.1298562459773242,0.1298562459773242,0.1298562459773242,False,0.1130812206183396,0.000107234408344,9.812797853552572e-05,0.0002564191221486,2.6131091863447926,0.5818002672909514,0.0355138483129219,0.3826858843961267,0.5829210381296067,-0.7750384283802139,0.243964132281426,23547.38130107048,True,body,high
-0.0130947431731883,0.0029567922355721,-0.0028776786628238,0.0002456973028374,0.0002243847561277,0.157825592049303,0.157825592049303,0.157825592049303,False,0.00858693462112,0.0002109220014715,9.159059143272126e-05,7.761947600739208e-05,2.717385021402148,0.565760846219419,0.066238302916978,0.3680008508636029,0.5097562318492187,-0.8601672095972221,0.0161541209793004,8349.383524570376,True,body,high
-0.0128819659301917,0.0029245512297985,-0.0029625669016682,0.0002772887543348,0.0002412557095926,0.1660740808218698,0.1660740808218698,0.1660740808218698,False,0.0635134114566842,9.486413424936196e-05,5.535027913338386e-05,0.0001373638797813,2.481719729909292,0.3093953490510494,0.2876582634305862,0.4029463875183643,0.396649999896169,0.7277590397772383,0.5594958066016948,12613.509429427835,True,body,high
-0.0127532070648056,0.0028966453016943,-0.0028827480207246,0.000414023397269,0.0003944545798582,0.1805346282101227,0.1805346282101227,0.1805346282101227,False,0.030628515774092,6.761496477671996e-05,4.691186866790897e-05,0.0001146064955436,2.443017061524328,0.4100250212175463,0.1806450499214381,0.4093299288610155,0.5518307331846114,0.715331054498177,0.428700739891431,8760.03700539537,True,body,high
-0.0132826775989276,0.0029049273285147,-0.0033313474017949,0.0003200653292404,0.0003064642198641,0.1779073148475589,0.1779073148475589,0.1779073148475589,False,0.5095025443298228,7.542692272993973e-05,0.0001196948728645,0.0001744309354305,2.312581888764861,0.3137979076408799,0.2537849724040316,0.4324171199550884,0.1505422331293576,-0.6624159872287898,-0.7338542742998324,11844.77306891752,True,body,high
-0.012966273160284,0.0031100907107124,-0.0030662665030183,0.0003279988556062,9.847553707313322e-05,0.1384507701597413,0.1384507701597413,0.1384507701597413,False,0.0619867255047859,0.0002444676173498,8.906418459971499e-05,9.788473301972192e-05,2.744847644971978,0.5996004130083568,0.0360806413365707,0.3643189456550725,0.3668057680153326,0.0879276531418531,0.9261329582536452,10002.264022648333,True,body,high
-0.0125679959927778,0.0030622613380313,-0.0029754876523093,0.0006036756289763,0.0004949720802024,0.1891722638984122,0.1891722638984122,0.1891722638984122,False,0.0244518566050817,0.0001428421689947,6.0834349439742645e-05,6.284054555030094e-05,2.3480512294492235,0.5600700689960907,0.0140448449129352,0.4258850860909741,0.2501290529936022,0.210828313538707,0.9449798299746658,6603.111492363938,True,body,high
-0.0132491068684698,0.0028567775938954,-0.0030994256021784,0.0001476290401115,0.0001472744816002,0.0986602626288505,0.0986602626288505,0.0986602626288505,False,0.1421299445914942,0.000195822683233,6.72744539002509e-05,7.181558744188023e-05,2.9108030148169712,0.6332621621958648,0.0231900281757741,0.3435478096283609,0.1938151152161592,0.0979814712801276,0.9761328456719036,25777.881889779004,True,body,high
-0.0131353181440395,0.0013034431719602,-0.0028028326531319,0.0015366667719741,0.00034439571035,0.4844722452750244,0.4844722452750244,0.4844722452750244,False,0.2291586524375208,7.614983611293172e-05,7.288018143743916e-05,3.0052584681432545e-05,2.533886416763998,0.0429371203195183,0.56241219866176,0.3946506810187216,0.6810334793089842,-0.100367450076718,0.725341143893959,8473.753513772823,True,wing_R,high
-0.0135010763448005,0.0011697219733416,-0.0030011992519629,0.0016931216445259,0.0002489006716252,0.3661570596647274,0.3661570596647274,0.3661570596647274,False,0.2429313798177622,3.633412983902037e-05,9.110457329023564e-05,3.5319300595528285e-05,2.5794557580160644,0.6011821522584908,0.0111391690542153,0.3876786786872939,0.5665314417212912,-0.7586059045157179,-0.321806163979319,8538.109521629673,True,wing_R,high
-0.0132430719744806,0.0008783725656976,-0.0027836944345642,0.0019634846010228,0.0003520307556381,0.3710625235462714,0.3710625235462714,0.3710625235462714,False,0.1087587563830188,2.5139441921321824e-05,5.974783786379452e-05,7.127268548522128e-05,2.8350941802241008,0.1617007629636249,0.4855772685827716,0.3527219684536035,-0.5612794795016054,0.0126650762341561,-0.8275294204645471,9178.137230094202,True,wing_R,high
-0.013273303734418,0.0029379934718283,-0.0029448545316944,0.0002444398890912,0.0002388048702097,0.2407970143045835,0.2407970143045835,0.2407970143045835,False,0.6173678308117422,5.183072284401481e-05,9.84716040983393e-05,7.946077507123065e-05,1.8998693958926791,0.1930589960545718,0.2805890335616236,0.5263519703838045,0.8219428992248143,-0.5184185049380746,-0.2359070243796866,7651.758250070991,True,body,high
-0.0132447974128048,0.0013863785626552,-0.0029326279134895,0.0014424480100497,0.0002528510093201,0.5484075542804359,0.5484075542804359,0.5484075542804359,False,0.342535867070982,3.596922912883241e-05,6.564300826351773e-05,9.232223923491614e-05,2.5667005235014053,0.2889794614222091,0.3214152882403521,0.3896052503374387,0.556199806730759,-0.0781663382683483,0.827364368675848,9096.508158665418,True,wing_R,high
-0.0134239674161161,0.0010674518794191,-0.0029589677231817,0.0017797251184325,0.000253145956921,0.3660095658544647,0.3660095658544647,0.3660095658544647,False,0.3861147932261844,3.944969162483643e-05,8.538826635130293e-05,3.264511331341744e-05,2.615652319277065,0.5379963394205336,0.0796898520391984,0.382313808540268,-0.5313055011407645,-0.0634187430600436,-0.8448032477957492,6049.893544130245,True,wing_R,high
-0.0126987955971516,0.0026953875794576,-0.002675750077656,0.0005868605785939,0.0005795620636259,0.1509696519960656,0.1509696519960656,0.1509696519960656,False,0.7710397140931693,6.761477132903075e-05,0.0001115432605703,4.53210470021194e-05,2.4611801348092106,0.3938246830576222,0.1998661704249411,0.4063091465174366,0.1478972094942181,-0.51773694267004,-0.8426594054649263,8109.309325392916,True,body,high
-0.0129949341402254,0.0025174911080772,-0.0021293773936342,0.0010006130116502,0.0009001154610112,0.1775612794377086,0.1775612794377086,0.1775612794377086,False,0.3598476823163423,8.476563375179047e-05,0.0001133841766263,4.854292639839952e-05,2.335750747612312,0.2524033222807699,0.3194688044766609,0.4281278732425691,0.2675573683609406,-0.6841607637748304,-0.6784814691255827,2960.2303498339043,False,body,high
-0.012869931432268,0.0028965341033081,-0.0029624171635388,0.0002778248128924,0.0002538572413645,0.329838903135397,0.329838903135397,0.329838903135397,False,0.1597868387576297,2.094565953500034e-05,5.266210297276632e-05,2.3228463536604064e-05,2.5142251016143744,0.5589150029079463,0.0433481359979918,0.3977368610940618,0.5237844308282953,-0.8436575386496149,-0.1178635970160095,11363.848096686,True,body,high
-0.0128689310221007,0.0037336126407739,-0.0034893396571589,0.001034762149212,0.0002226407121253,0.2668634178347837,0.2668634178347837,0.2668634178347837,False,0.397888823830048,7.347693971122996e-05,9.377252574825289e-05,3.12584171652272e-05,2.999912799569655,0.2164342473989623,0.4502227300493647,0.333343022551673,0.1847715595389873,0.3027746160952263,0.9349796803321015,7853.855896302548,True,wing_L,high
-0.012643794515856,0.0044448098555841,-0.0036135696333114,0.0017775204319454,0.0002089090086259,0.3938981955520516,0.3938981955520516,0.3938981955520516,False,0.2766219811729368,3.105005473626841e-05,7.410147748136711e-05,3.252106742675284e-05,2.3865168068387312,0.56112794869805,0.0198513274024031,0.4190207238995468,-0.2540011601135723,-0.2738639527695892,-0.9276216610420304,6253.645099811274,True,wing_L,high
-0.0123573111656745,0.0045259250775626,-0.0035266291523614,0.0019218906012875,0.0003230388048455,0.4880160690665955,0.4880160690665955,0.4880160690665955,False,0.1683074220803238,9.354253000823104e-05,3.619040560028587e-05,9.043654993060664e-05,2.584732844428032,0.0332039349090845,0.5799088855683883,0.3868871795225271,0.3531155649545923,0.134510324171549,0.92585980065994,5120.899490547322,True,wing_L,high
-0.0132846025203202,0.0027231826532269,-0.0030055307792671,0.0002108597017844,0.0001546017772448,0.0965806537094579,0.0965806537094579,0.0965806537094579,False,0.9610033215387276,9.291438615921495e-05,0.0001379363621882,0.0002173201883912,2.33892938838158,0.3652850974897335,0.2071688615876932,0.4275460409225732,-0.1012449028131474,-0.432768491715545,-0.895801820846893,10283.408241062063,True,body,high
-0.0136749132772204,0.0027230983906718,-0.0030724861870464,0.0005732226564046,0.0005274967874033,0.1507783404852165,0.1507783404852165,0.1507783404852165,False,0.1555555072711038,6.757763962529561e-05,0.0001279212057255,0.000182046485672,2.6938864198490333,0.2973157089340354,0.3314733919605596,0.3712108991054049,0.0953369455507775,-0.6956933017850021,-0.711984337373042,6402.549904532062,True,body,high
-0.0131739073796706,0.002981073831228,-0.0036603966637483,0.0006091751404169,0.0005538028817236,0.2579480794823013,0.2579480794823013,0.2579480794823013,False,0.1328844822669109,0.0001171342527619,6.493853607484941e-05,4.3445801961769e-05,2.696100600584099,0.4456059218919977,0.183488037071049,0.3709060410369532,0.5431896022590497,-0.7954953429531748,-0.2685744130356915,2945.419030041164,False,body,high
-0.0132372767946665,0.0028094074370023,-0.0030669343453952,0.0001287242159621,0.0001229162325599,0.1713309942727379,0.1713309942727379,0.1713309942727379,False,0.9413233033582368,0.0002483858708099,0.0001182684615941,8.745079585564771e-05,2.840292857024486,0.5238518954057921,0.1240717341851338,0.352076370409074,0.3642434690029107,-0.9089066080468028,-0.2030159430625628,23998.29032246673,True,body,high
-0.01299815157978,0.0028112916187255,-0.0026597408003205,0.000432621593831,0.0004288695658834,0.1357317859976389,0.1357317859976389,0.1357317859976389,False,0.0811365417419488,7.08187320956704e-05,6.452529566763805e-05,0.000144952748715,2.2464484232929083,0.5114357421750245,0.0434171582382546,0.4451470995867208,0.4257202932713125,0.6660109081665107,0.6125289398062818,5471.796448581402,True,body,high
-0.0139008691794436,0.002808174399182,-0.0032782667756335,0.0008167246978443,0.0008012406311143,0.1305159327251408,0.1305159327251408,0.1305159327251408,False,0.3955596275025127,5.7567974126054526e-05,9.71228027367612e-05,0.0001295411645426,2.2502296894971634,0.2502552908208358,0.3053456308684251,0.444399078310739,-0.4475102831535877,-0.5758113457397354,-0.6842337616554669,6714.345245142094,True,body,high
-0.0131691626846228,0.0026046004086329,-0.0031288743398424,0.0002247262885672,9.211552118073764e-05,0.1255190334422962,0.1255190334422962,0.1255190334422962,False,0.8035480772328363,7.014917131687373e-05,6.376406611359448e-05,0.0001513745280984,2.373978595229838,0.5365853674455032,0.0421808429957562,0.4212337895587405,0.5356278417699655,0.7435714487956356,0.4002553130900428,9960.717079823058,True,body,high
-0.0133561021308338,0.0028918936625038,-0.0031664899046327,0.0002733955710871,0.0002716568411785,0.096520929813647,0.096520929813647,0.096520929813647,False,0.93793670827399,0.0002048102137329,8.974954154693328e-05,9.842761716576234e-05,2.2820196092680405,0.5194203679015916,0.042371302976841,0.4382083291215673,0.14944139565284,0.0956592437259395,0.9841323987935324,16846.039029124695,True,body,high
-0.0139770861136651,0.0027446077582035,-0.0031883239014092,0.0008777767244675,0.0008401452031319,0.1332592637907156,0.1332592637907156,0.1332592637907156,False,0.1794456888968009,0.0001512496343388,6.232541773422926e-05,6.98120746798331e-05,2.426772893586774,0.5384314482148926,0.0494986779857513,0.412069873799356,0.2259673330218893,0.2107158024506104,0.9510718243143206,5211.2739878850825,True,body,high
-0.0129930496239476,0.0030755615200397,-0.0030142166071331,0.0002922061189835,0.0001260281844887,0.1311228902676469,0.1311228902676469,0.1311228902676469,False,0.0525271088975428,9.85249123565673e-05,0.0001019170400709,0.0002305664653197,2.340184424476538,0.5579711042124308,0.0147121469276224,0.4273167488599467,-0.1743535765697765,-0.4088161815035185,-0.8958069881833973,11991.2843904569,True,body,high
-0.0127953890941263,0.0029687067566729,-0.0029226405363183,0.0003822828489462,0.0003306464105338,0.1575950362893484,0.1575950362893484,0.1575950362893484,False,0.0894910792272768,8.074381933163669e-05,7.65702399616694e-05,0.0002179122854265,2.845913576026508,0.6294664196027505,0.0191525657298223,0.3513810146674271,0.564501556119594,-0.7858327356297337,0.2525963276677753,11222.197626693398,True,body,high
-0.0132307651089645,0.0029873164224371,-0.003186696721811,0.0002372867815319,0.0001791924386841,0.1389354887600893,0.1389354887600893,0.1389354887600893,False,0.9441342060569834,8.012173132257318e-05,7.040129910855435e-05,0.0001789999224685,2.542565616474038,0.5523923685683927,0.0543041141022204,0.3933035173293869,0.3828660104856021,0.6978769988620411,0.605294401489184,10890.321014168308,True,body,high
-0.0133521325471104,0.002848658055952,-0.0032494604688446,0.0002993611903861,0.0002992919064259,0.1533768343777859,0.1533768343777859,0.1533768343777859,False,0.4342003662608041,6.289312563185862e-05,9.504207346834064e-05,0.0001453361734008,2.310843545152735,0.346053558144817,0.221204033959323,0.43274240789586,0.0711706978222873,-0.7019816269554037,-0.708630035482926,13680.6912861503,True,body,high
-0.0126142902091369,0.0042407964483959,-0.0035248461536706,0.001573964972896,0.0002004212138436,0.39666456201663,0.39666456201663,0.39666456201663,False,0.2676217154685465,8.519280787143974e-05,3.32560752749233e-05,3.135144436829678e-05,2.7173487406401104,0.6096375256804729,0.0223567100816855,0.3680057642378415,0.742641975647292,-0.6681849957462052,0.0448520620075646,7520.571911694999,True,wing_L,high
-0.013672720524784,0.0013485072616356,-0.0030410917155526,0.001571553227912,0.0003223779691541,0.3315240182362324,0.3315240182362324,0.3315240182362324,False,0.1359145812812448,3.826717869331822e-05,3.6622664239613226e-05,8.449259674869965e-05,2.307112235087132,0.5470942997866005,0.0194634147485862,0.4334422854648132,-0.4884448453611653,0.7186604424997087,0.4949230257587841,11500.88443240735,True,wing_R,high
-0.0134349142266427,0.0017917278940937,-0.0031326704716121,0.0010753420154062,0.0002668276730016,0.2243103438394421,0.2243103438394421,0.2243103438394421,False,0.2392528890754178,8.865893477333953e-05,9.118888985223902e-05,3.2947245780491806e-05,2.76772421160109,0.0277441153521989,0.610948209624243,0.361307675023558,-0.3515822968620504,0.14036488642651,-0.9255741932398928,7088.137945175484,True,wing_R,high
-0.0125983248708516,0.0027003368590035,-0.0024641345377529,0.0008066994891302,0.0007999832878109,0.1259572777048005,0.1259572777048005,0.1259572777048005,False,0.4491299150086166,0.0001409625493961,0.0001013140793343,4.732482379000426e-05,2.978617522626229,0.2812695303231564,0.3830042502465939,0.3357262194302496,0.2693165373465587,-0.823084062960165,-0.5000012280111388,6475.475679544412,True,body,high
-0.0123327678164981,0.0050304932957744,-0.0037459303840431,0.0024407309725748,0.0002971011910209,0.5130801794768547,0.5130801794768547,0.5130801794768547,False,0.1629001215884639,6.807785093763656e-05,7.684610571484939e-05,2.998951214751025e-05,2.5624326710239336,0.1141014849828427,0.4956443587585245,0.3902541562586328,0.2348153491423869,0.131460664371775,0.963109467054535,10699.83875939897,True,wing_L,high
-0.0124822594454241,0.0037819950973215,-0.0032804700272912,0.0011700319191884,0.0003715686697077,0.4112912753396665,0.4112912753396665,0.4112912753396665,False,0.0977666597400157,7.761051965637198e-05,3.3089448754600667e-05,7.179791953578029e-05,2.345476355074704,0.0748944878391169,0.4987528875281996,0.4263526246326835,0.36468312540626,0.3356610672321258,0.8685262609665367,12450.740885725763,True,wing_L,high
-0.013078331013335,0.0027795551935079,-0.0034130484385624,0.0003384647223732,0.0003363655127463,0.1433610428910043,0.1433610428910043,0.1433610428910043,False,0.1117873990090774,6.0545363347731294e-05,4.787057428012528e-05,0.0001384358250069,2.8918772563046584,0.5626467112490762,0.0915571461864794,0.3457961425644444,0.4516862585867524,0.7423434506189334,0.4948795056648404,4836.589945217638,True,body,high
-0.012519260341145,0.0027250765299847,-0.0026689444022563,0.0007233784168579,0.0007230369966615,0.1314487486856691,0.1314487486856691,0.1314487486856691,False,0.8720296229401235,5.047444243869829e-05,6.213242429461726e-05,3.1810706579883174e-05,1.9531922102575767,0.1876312084756193,0.3003864096838729,0.5119823818405078,-0.4943462861836935,-0.8356390377734471,-0.2394350598501766,6639.37147152878,True,body,high
-0.0130655512566259,0.0028029477257509,-0.0028150834566822,0.0002666486400017,0.0002616696713751,0.0968448714174455,0.0968448714174455,0.0968448714174455,False,0.9133946231631622,8.803520255680291e-05,0.0001672562643906,0.0002026794711078,2.302254839217217,0.1747745172396522,0.3908687021964693,0.4343567805638784,-0.1111930852797014,-0.4875861592482284,-0.8659652620605185,9192.489517366092,True,body,high
-0.0131461283207457,0.0025438732906596,-0.0031972653587689,0.0002986170207919,0.0001718923739755,0.0960556820104129,0.0960556820104129,0.0960556820104129,False,0.4948051829952015,3.560133785683062e-05,5.684793038462329e-05,8.610435759296094e-05,2.418570839647269,0.3397787060515665,0.246753975312506,0.4134673186359274,0.309729176853504,-0.7899681732679257,-0.5291673858330532,8682.65538287194,True,body,high
-0.0131227263254887,0.0028361681180105,-0.0030529209244656,3.538163251866528e-05,3.326493227141265e-05,0.1084290204790179,0.1084290204790179,0.1084290204790179,False,0.1972490005266308,9.21301483093355e-05,8.350034422690242e-05,0.0001999755633259,2.394907053108219,0.5392929677154725,0.0431542931491382,0.4175527391353892,0.2503584805516683,0.6978482036533022,0.6710652098520078,13924.306162284573,True,body,high
-0.013321095269044,0.0029832358041157,-0.0032191615253679,0.0003052346049268,0.0002731681920714,0.0793855858753951,0.0793855858753951,0.0793855858753951,False,0.981309760186457,0.0001708087833809,6.895085190651466e-05,9.869343385161816e-05,2.4772541405657496,0.4221993044028338,0.1741279421138992,0.4036727534832669,0.2055758901690194,0.2379455526871932,0.94927365250364,11550.028272885476,True,body,high
-0.0132400984926657,0.0028325114227327,-0.0032022442317756,0.0001814489898475,0.0001812287354912,0.1224854563492756,0.1224854563492756,0.1224854563492756,False,0.3666515631377635,0.0001912681228297,8.795002752200209e-05,7.523747446581134e-05,2.5421922278466904,0.5401741480975127,0.066464567477891,0.3933612844245962,0.6316922224890416,-0.7735003698263289,-0.0515956773905326,27290.173088432184,True,body,high
-0.0132742699646196,0.0029098365239182,-0.0031609153827433,0.0002077137005047,0.0001968023821615,0.1763754439996571,0.1763754439996571,0.1763754439996571,False,0.7651851373203392,6.337225881174001e-05,8.159780429408272e-05,0.0001549637543351,2.445293212531805,0.4734394204363273,0.117611667067154,0.4089489124965185,-0.2406649560885878,-0.5325878658836868,-0.8114373321608626,18986.76835526458,True,body,high
-0.0128964388972624,0.002927512248835,-0.0029491399757734,0.0002728667931952,0.000237995128348,0.1368783435582652,0.1368783435582652,0.1368783435582652,False,0.0941801416634758,6.331317947478092e-05,0.0001075202149043,0.0001623210327575,2.5637795180103056,0.3376076218971957,0.2723432366009334,0.3900491415018708,0.056534873761433,-0.5796455837090014,-0.8129051638016759,12686.257466267229,True,body,high
-0.0132899967205151,0.0024591315294736,-0.0032839837938967,0.0004493166263619,0.000290476111345,0.1484331014684081,0.1484331014684081,0.1484331014684081,False,0.1232323822118087,0.0002078224357035,9.088224796326812e-05,9.781787047950007e-05,2.286721998641023,0.5293199689997306,0.0333728285531463,0.4373072024471232,0.3596982806989344,-0.0237757235626696,0.932765705754292,5041.507951131266,True,body,high
-0.0133713610012405,0.003029948962271,-0.0027189546050323,0.0004937086724897,0.0004882808238239,0.1501074555069353,0.1501074555069353,0.1501074555069353,False,0.0309729746812284,5.841991298512293e-05,6.849398258449731e-05,0.0001658564903766,2.8390403528822032,0.5870286268028494,0.0607396766716691,0.3522316965254815,-0.8119163659356405,0.5712332895406935,-0.1203509187600196,4002.736622789806,False,body,high
-0.0129683500267342,0.0031176004426396,-0.0030165384338722,0.0003392757354935,0.0001378372682764,0.1357276833426339,0.1357276833426339,0.1357276833426339,False,0.0754053057319225,7.45006252931829e-05,7.317114825728604e-05,0.0002073015396655,2.833104913656004,0.6406171154668139,0.0064132521062875,0.3529696324268986,0.5094437104869118,-0.8258003430912777,0.241910932360767,11015.206995627306,True,body,high
-0.0131301966141778,0.0027382378873376,-0.0030743511890856,7.974234815151688e-05,1.1881846984154508e-05,0.1205350810625413,0.1205350810625413,0.1205350810625413,False,0.7773193819351707,7.467119655978682e-05,6.717540290576666e-05,0.0001624557658615,2.4183817116732325,0.5403598255576414,0.0461405208628089,0.4134996535795497,0.3902856082960501,0.6938370797430431,0.6052001740999653,17965.190742820138,True,body,high
-0.0135176882110886,0.0027623437152489,-0.0031771499062556,0.0004237298886191,0.0004035324922532,0.1336391629185172,0.1336391629185172,0.1336391629185172,False,0.4249281040881189,6.251507566363673e-05,0.0001065355550193,0.0001551081335583,2.4811316616314434,0.3131530076770432,0.2838051000025549,0.4030418923204019,0.1119121824586916,-0.690863411111687,-0.7142712444194127,5945.053099524194,True,body,high
-0.0131520002638945,0.0010095028225285,-0.0027634982307002,0.0018332314202248,0.0004008776909845,0.3821275606435089,0.3821275606435089,0.3821275606435089,False,0.160333987294766,4.9600199242103033e-05,2.102282623477152e-05,2.3221420144948373e-05,2.359349722449062,0.5318280873912918,0.0443263120667181,0.42384560054199,-0.8445335167996109,-0.4474435384143449,-0.2942064223182971,9191.98487674808,True,wing_R,high
-0.0122847448891495,0.0041937572663965,-0.0033621402302462,0.0016313250807977,0.0004625309134467,0.443365815354811,0.443365815354811,0.443365815354811,False,0.1734190954792369,9.165717448988068e-05,3.566202794536621e-05,4.8046248768850775e-05,2.5701615912112,0.4758048233948639,0.1351145820543686,0.3890805945507674,0.1760660026322074,0.1873217119114265,0.966390883112878,5430.47941076478,True,wing_L,high
-0.0134173046814052,0.0012358142059881,-0.0030174904176907,0.0016101735457602,0.000262673641334,0.3726223479349348,0.3726223479349348,0.3726223479349348,False,0.1709872333900203,4.660765232030584e-05,7.385384512213994e-05,3.013023982170135e-05,2.4511535772425748,0.3689204368001988,0.2231083902450041,0.4079711729547971,0.5286240633475707,0.0756356540383565,0.8454796552774606,8425.873457325131,True,wing_R,high
-0.0131846838992016,0.0030309294442605,-0.0030550830413125,0.0002298275106864,0.0001390797259914,0.1505556873803944,0.1505556873803944,0.1505556873803944,False,0.0190571249968974,6.927691864491428e-05,7.967574923577543e-05,7.801926775763066e-05,1.150105270186184,0.0207902842964543,0.1097240904110751,0.8694856252924705,-0.5823771285090813,0.4275480499558804,-0.6914040390165799,7852.358740708628,True,body,high
-0.0124859357225113,0.0038198102907885,-0.0032963675113624,0.0012023445585694,0.0003586359512305,0.4554109582371737,0.4554109582371737,0.4554109582371737,False,0.2783143031448272,4.623066165097228e-05,8.181934029025538e-05,3.077145256051704e-05,2.6589365623655365,0.434966580187908,0.188943213616896,0.3760902061951959,0.4685760968598836,0.2960340095471863,0.832346266071383,14180.775770712133,True,wing_L,high
-0.0128087615656899,0.0023763956487672,-0.0031159079799624,0.0005330210836531,0.0004120145686476,0.5461434099566163,0.5461434099566163,0.5461434099566163,False,0.2491724890637383,6.380171871031273e-05,7.20225153406295e-05,2.9585308202743893e-05,2.434401387576208,0.1141420372703816,0.4750793601937227,0.4107786025358956,0.6526699049993425,-0.1327806865958812,0.7459164057555481,3536.2103885403094,False,body,high
-0.0126472590592886,0.0030241009192077,-0.0029151359071029,0.0005324575945213,0.0004536887569478,0.1583313956061113,0.1583313956061113,0.1583313956061113,False,0.1132048802778281,5.530026048694568e-05,8.633211827047531e-05,0.0001240798176648,2.2437474357664886,0.3042211062584073,0.2500959331465249,0.4456829605950677,-0.2493864233768725,-0.3723292385516708,-0.8939671973595144,9486.947980237132,True,body,high
-0.0125158773979309,0.0052132894208642,-0.003895360856539,0.0026022523657891,0.0003305649264168,0.5034983753801998,0.5034983753801998,0.5034983753801998,False,0.0345140927069452,6.310220124253161e-05,6.535305182838594e-05,2.6780991419395427e-05,2.440277538831356,0.0344413997951458,0.55576914630573,0.4097894538991241,0.3003905994872191,0.1566206354937753,0.9408695256395728,5456.538940776766,True,wing_L,high
-0.0137597987870696,0.0030170498192927,-0.0031386749738341,0.0006839934098216,0.0006823276575355,0.1242719944623665,0.1242719944623665,0.1242719944623665,False,0.1745756916106639,0.0002186938299242,8.805921750842607e-05,9.16324404883758e-05,2.4834859553831703,0.5810012540356874,0.0163389290918179,0.4026598168724947,0.3084136437114676,-0.1440033908554634,0.9402893425934084,5097.03361622859,True,body,high
-0.0132061521987078,0.0027044275784435,-0.0032034818502975,0.0001934739637077,0.0001627688801707,0.1612096434903761,0.1612096434903761,0.1612096434903761,False,0.7622518422702204,0.0001157480701181,7.426185667540015e-05,4.7151472321227095e-05,2.454813485559132,0.358418187019284,0.2342188887167446,0.4073629242639714,0.5778237230258243,-0.8036550943176255,-0.1423314248010732,11560.990804525663,True,body,high
-0.0139401304131905,0.0031018711005333,-0.0033580717448345,0.000922665176081,0.0009138715565251,0.1503833086135438,0.1503833086135438,0.1503833086135438,False,0.7587433911042347,4.2544377154910375e-05,7.699538785613193e-05,9.656303092749732e-05,2.2697013656093032,0.2026411441668335,0.3567722592209072,0.4405865966122592,-0.1106654507300435,-0.580362846906431,-0.8068036464626194,8857.835437853577,True,body,high
-0.0136421427110434,0.0027549261551042,-0.0031400226239193,0.0005399721731506,0.0005114123879484,0.109907590440174,0.109907590440174,0.109907590440174,False,0.4756803492574862,0.0001044688434776,0.0001145312690721,0.0002587637921466,2.4769470354288523,0.557390668447097,0.03888652856335,0.403722802989553,-0.2178121363661256,-0.4079480987208829,-0.8866432326486463,6507.483437099985,True,body,high
-0.0130970098704771,0.0029252376381752,-0.0029754919156282,0.0001508786497689,0.0001224094509359,0.1099811355753871,0.1099811355753871,0.1099811355753871,False,0.8382078007568623,0.0001850452553419,7.692184761765184e-05,8.230368977194966e-05,2.405626763695622,0.5552239930720562,0.0290839240614565,0.4156920828664872,0.1638308665053102,0.107188506425242,0.9806477814538944,10769.977059917102,True,body,high
-0.0136370116031037,0.002826373578185,-0.0029838168239715,0.0005363008135573,0.0005193168971534,0.0977242183496296,0.0977242183496296,0.0977242183496296,False,0.972457349576742,4.587784791184211e-05,3.716219146310915e-05,0.0001092966626965,2.9410715136385948,0.5802447505719027,0.079743115971732,0.3400121334563653,0.4052404693398582,0.7384988740934195,0.5388873490554061,5595.121943808569,True,body,high
-0.0129771663978837,0.0026706802431719,-0.002799978545702,0.0003398342253661,0.0003004215821278,0.1074546399153239,0.1074546399153239,0.1074546399153239,False,0.9587093102542504,7.727389072774393e-05,4.795323172320332e-05,0.0001163270527209,2.425843859543186,0.3357186576961692,0.2520536566405368,0.4122276856632938,0.057109237565817,0.8110915658598348,0.582124562937944,7398.311364822023,True,body,high
-0.0133293747873687,0.0028307796448969,-0.0031069655246022,0.0002227011729326,0.000220340207276,0.0909427650245573,0.0909427650245573,0.0909427650245573,False,0.9905335548340614,7.249095976568666e-05,0.0001193072209874,0.0001769624328408,2.44116553861082,0.3258048102513389,0.2645548010968271,0.409640388651834,-0.1409691858844992,-0.5759307152425961,-0.805252444809212,14250.18561126638,True,body,high
-0.0132987603977839,0.0027888953056059,-0.0031157683624679,0.0001951324471627,0.0001846219578405,0.1026391990456525,0.1026391990456525,0.1026391990456525,False,0.9897103538413876,6.576343974505081e-05,0.0001098609749771,0.0001629835378598,2.4783304901883865,0.3259382117987762,0.2705643515361136,0.4034974366651102,-0.0044329790395003,-0.6801095242510898,-0.7330971175224956,17286.364858802248,True,body,high
-0.0132445866233214,0.002850912401611,-0.0031315682366621,0.0001500457695743,0.0001495755465224,0.1126804471704572,0.1126804471704572,0.1126804471704572,False,0.1998736674820669,0.0001830262941013,8.232794703866488e-05,8.031045680625237e-05,2.278984597770789,0.5501851390103532,0.0110229529714181,0.4387919080182286,0.3801516098003354,-0.917890878358652,0.1138467785762767,32752.113261249404,True,body,high
-0.0132292365629622,0.002847361851677,-0.0032188548072845,0.0001879981959215,0.0001857709374315,0.1238506988729977,0.1238506988729977,0.1238506988729977,False,0.8921634612514203,5.349197157411379e-05,6.798442440217472e-05,6.41520551348883e-05,1.2709276252415085,0.0563712835842414,0.1568018506373279,0.7868268657784306,-0.6206834378662083,0.4227827554546445,-0.6603081187209219,24008.06827674721,True,body,high
-0.0133798895888098,0.0029811443142225,-0.0032529109958612,0.0003626644035388,0.000339873536081,0.0872378657850993,0.0872378657850993,0.0872378657850993,False,0.9654555691749832,5.170187193913514e-05,0.0001249339039091,0.0001202251288485,2.416429023232051,0.0376901298467583,0.5484760722697564,0.4138337978834852,-0.1370500622723758,-0.4027414597678558,-0.9049953574550504,10028.835417861816,True,body,high
-0.0132397820240892,0.0028533220046527,-0.0031174498041841,0.0001417630942611,0.0001412003893326,0.096610549285683,0.096610549285683,0.096610549285683,False,0.3803353839956777,7.80550647588132e-05,9.85972416348881e-05,0.0001921478848073,2.4616965651251883,0.4868679312617981,0.1069081603300811,0.4062239084081208,-0.0879110622984011,-0.5698010032129187,-0.8170669873780961,30226.31707428892,True,body,high
-0.0133625397374985,0.003039669570008,-0.0027528329086453,0.0004693623642445,0.0004604859815745,0.1437279278590768,0.1437279278590768,0.1437279278590768,False,0.0238620756616662,0.0001822583299601,7.67684616396802e-05,8.073665834167804e-05,2.3741302882378235,0.5570207498372567,0.0217723749738332,0.4212068751889101,0.2920149885760841,-0.0096260596043877,0.9563652991526838,4186.516326922889,False,body,high
-0.013133912421116,0.0027715564013068,-0.0030718914514757,5.042510878979781e-05,1.3793335361839673e-05,0.1335976992003107,0.1335976992003107,0.1335976992003107,False,0.8204766787803419,7.993291572260735e-05,5.221293105017829e-05,0.0001565623311398,2.9985355732928847,0.4894498878455774,0.1770539852761159,0.3334961268783067,0.3303297540440756,0.7009789919749624,0.6320685931154515,19270.230264870304,True,body,high
-0.0131955722732444,0.0028628286162826,-0.0030354902360844,0.0001074550764894,0.0001061626078771,0.1424110092307827,0.1424110092307827,0.1424110092307827,False,0.9588687621705524,5.90733838270736e-05,0.0001046489788482,0.0001329693183564,2.250917583216681,0.2129840166010613,0.3427527160735545,0.4442632673253841,-0.0332412990439832,-0.7243670750838291,-0.6886126317258253,17090.209896529253,True,body,high
-0.0133340625948214,0.002873621079897,-0.0031595560765307,0.0002463545448588,0.0002457422937747,0.1795031467595554,0.1795031467595554,0.1795031467595554,False,0.3876121362964404,9.066418306390736e-05,8.704798904085591e-05,8.300610270887134e-05,1.0922592448641435,0.0398855854742822,0.0445808498504368,0.9155335646752808,0.3606791450501103,-0.5554127408996072,-0.7492844864084052,19803.03665909976,True,body,high
-0.01308239361087,0.0023186796626244,-0.0024932713849961,0.0007673782078922,0.0005050603333037,0.2370338540012221,0.2370338540012221,0.2370338540012221,False,0.3550395035664144,3.240336379008204e-05,5.124446700431169e-05,2.199096694085864e-05,2.330250740775787,0.3676709763152453,0.2031906556535616,0.4291383680311931,0.8298207498443411,0.5358024518447613,0.1559270846418855,3729.77860301955,False,body,high
-0.0127147913974008,0.0037067609019874,-0.0033847290920395,0.0010221498578502,0.0002020891186788,0.4264822046108533,0.4264822046108533,0.4264822046108533,False,0.5324472198669205,5.543480142576059e-05,9.1034745254435e-05,3.2728000493968e-05,2.7815553617830497,0.3910588614179712,0.2494300485856126,0.3595110899964162,0.3777550383113375,0.2478507274834701,0.8921161067463779,6674.712779789058,True,wing_L,high
-0.0124565644722195,0.0046445846055209,-0.0036483145234729,0.0020244488171611,0.0002658539016481,0.4331983055001027,0.4331983055001027,0.4331983055001027,False,0.1832644029544062,3.16910401912893e-05,8.89047285858485e-05,3.4490142079456066e-05,2.805358487737021,0.6120550320768194,0.0314842858494741,0.3564606820737064,-0.6438082228266486,0.7491808421976159,0.1556889138791307,8001.082337875135,True,wing_L,high
-0.0132857576618224,0.0029561621876362,-0.0031777543328176,0.0002471388217069,0.0002208144616864,0.1205083465483692,0.1205083465483692,0.1205083465483692,False,0.8798132296991508,5.198418142442724e-05,9.98355665940836e-05,0.000120784051639,2.323477033386597,0.1734375090146502,0.3961730420556807,0.4303894489296691,-0.2165740841311989,-0.4549038622624523,-0.8638044583014357,14122.978568161294,True,body,high
-0.0125891864066473,0.0025380572278093,-0.0029959731216999,0.0005948084121097,0.0005743876359863,0.3048808049521492,0.3048808049521492,0.3048808049521492,False,0.2437498111045865,0.0001146973575756,7.868466546773901e-05,4.867829368660456e-05,2.3562320880440955,0.3139801375470424,0.261613453137779,0.4244064093151785,0.6656659873459583,-0.7383844217138147,-0.1080612745671962,5524.6746703412055,False,body,high
-0.0131162980705057,0.002832760524135,-0.0029349494633654,0.000144184258242,0.0001436682001384,0.1126368984964284,0.1126368984964284,0.1126368984964284,False,0.4855758329920914,0.0002181539030389,9.448100274899352e-05,0.0001080574742253,2.308971080869227,0.5046732021746669,0.0622334566893568,0.4330933411359762,0.3142754508440495,-0.0302333031296251,0.9488502981917863,10659.256006195095,True,body,high
-0.0133200812607102,0.0025223538163089,-0.0033326802372593,0.0004417110789918,0.0003411854479991,0.1992937491940529,0.1992937491940529,0.1992937491940529,False,0.3274866722526491,0.0001193074485481,5.94700813162653e-05,4.974629469271244e-05,2.398318292551336,0.5015392413471266,0.0815019241621444,0.4169588344907289,0.5810926570715236,-0.7929779174915107,-0.1830774324388007,5608.90927003485,True,body,high
-0.0131051965629978,0.002752223624427,-0.0030431185015714,7.192094586842731e-05,2.968537122904306e-05,0.1312895522201462,0.1312895522201462,0.1312895522201462,False,0.551890614182091,8.341629502295798e-05,7.455542447282842e-05,0.0001805844033493,2.4221497580657725,0.5380758610610258,0.0490677510670045,0.4128563878719696,0.4590236828783574,0.7220316349517009,0.5176558477268107,19012.15386710741,True,body,high
-0.0127822221905677,0.0030096664123345,-0.0029817808900515,0.0003923988175306,0.0003062655168891,0.1584002327765646,0.1584002327765646,0.1584002327765646,False,0.047249563240674,0.0001620842820374,6.517566525141637e-05,7.080873717617125e-05,2.486883431296273,0.5631363122563204,0.0347539678366407,0.4021097199070388,0.2061856511201722,0.1845478263252383,0.9609524322622738,10582.067256845909,True,body,high
-0.0133804432585665,0.0028920678998331,-0.0030758457897677,0.000282022599983,0.0002819150260537,0.0972765917859254,0.0972765917859254,0.0972765917859254,False,0.8811760724385214,8.185703698025393e-05,0.0001228452918879,0.0002261861649674,2.763185344980976,0.4568841471551508,0.1812146862016521,0.361901166643197,-0.1142890448492386,-0.3536003285225804,-0.9283882926320064,9464.73004905445,True,body,high
-0.0132421697018926,0.0028347430243708,-0.0031280286581767,0.0001435255283072,0.0001434799605258,0.114749833080657,0.114749833080657,0.114749833080657,False,0.867989486994826,0.0001974892987231,9.72378629413869e-05,8.685510915397313e-05,2.273778717761871,0.507629711736023,0.0525737538921883,0.4397965343717885,0.3501243953260521,-0.922679820180936,-0.1614771105402939,29564.1630980508,True,body,high
-0.013103379867785,0.0027176323205942,-0.0031746935393083,0.0001374884219133,0.0001165984099911,0.1531050839261824,0.1531050839261824,0.1531050839261824,False,0.8963750791562827,0.0001229751675687,6.599942683502492e-05,5.071855176632602e-05,2.4246584984396606,0.4633109420394607,0.1242598434367086,0.4124292145238307,0.3582142178130479,-0.9031973977200028,-0.2364678305994318,12414.395244964406,True,body,high
-0.0126567139481401,0.0025302148054499,-0.0029224274284619,0.0005567722257376,0.0005225308187484,0.1222567837752249,0.1222567837752249,0.1222567837752249,False,0.2513486567192354,2.3974500815073573e-05,3.756085988986028e-05,7.074677316488683e-05,2.950917464792675,0.4690802391464752,0.1920421026570567,0.338877658196468,0.0951012918645474,-0.7636630544333068,-0.638572222680635,5282.361057858552,False,body,high
-0.0130901962695656,0.0027823579221412,-0.0030099658146163,7.771366702429068e-05,6.688979754980216e-05,0.1246194422616447,0.1246194422616447,0.1246194422616447,False,0.1557536977022678,7.29243298166777e-05,6.326314410930162e-05,0.0001483590031093,2.34510954518869,0.5084603678354622,0.0651203196630662,0.4264193125014716,0.3514603460132025,0.7093499803582473,0.6109813667748258,15249.210773519948,True,body,high
-0.0126396547432906,0.002771343167875,-0.002185059500148,0.0010096698688123,0.0010047512227599,0.1362601541569749,0.1362601541569749,0.1362601541569749,False,0.6022447835411823,5.4723743992388345e-05,0.0001406238513173,4.960511893942704e-05,2.834865722004821,0.6108501973190155,0.0363994088130171,0.3527503938679673,-0.7371573744129929,-0.5517719433458808,0.3900599029442182,4055.854021467909,True,body,high
-0.0132904355907396,0.0028607751899404,-0.0031912861274753,0.0002186786400256,0.0002176028715402,0.1036723619122055,0.1036723619122055,0.1036723619122055,False,0.8708171302785842,6.666497250645306e-05,9.00108908302195e-05,0.0001533877166254,2.3008742201245123,0.4131805804891287,0.1522020070275914,0.4346174124832799,-0.0947258782573186,-0.452837878182797,-0.8865465944163804,23227.0667682407,True,body,high
-0.0131267777469319,0.0027015477490941,-0.002963736136358,0.0001619378040044,9.079671532251844e-05,0.1512386449254526,0.1512386449254526,0.1512386449254526,False,0.2759916529363496,0.0001811846336661,7.902826920194148e-05,7.555291009094623e-05,2.398115882604775,0.5638246599456298,0.0191813126790857,0.4169940273752844,0.5494271298361626,-0.8321887780577951,-0.0747774476340996,11154.555669725009,True,body,high
-0.0131545126564757,0.0027691499794361,-0.0030192620469734,8.718639371800812e-05,5.720847566855169e-05,0.1477186005594588,0.1477186005594588,0.1477186005594588,False,0.0994341911749297,0.0001780441307439,6.193093226118463e-05,7.426978912107571e-05,2.8748821347157776,0.5828574139976812,0.0693022387670523,0.3478403472352664,0.3289499277163329,0.2259042185052634,0.916929238882121,19530.685778416275,True,body,high
-0.0133454886752204,0.0028111283422009,-0.0025221135353247,0.0006039330269356,0.000580480670756,0.184969867297115,0.184969867297115,0.184969867297115,False,0.2915660007983663,4.22747318955265e-05,6.861368973220187e-05,0.0001018532510886,2.409317493493729,0.3263475736038798,0.2585971243446212,0.4150553020514989,0.1563182627489677,-0.5499703098807581,-0.82042504775318,3164.895011637321,False,body,high
-0.0132051424477536,0.0027718964615994,-0.0029787998093526,0.000144547344494,0.0001182998314735,0.1202983040634397,0.1202983040634397,0.1202983040634397,False,0.1198003969894467,8.598053439979162e-05,8.677885484786428e-05,0.0002038550758746,2.3709445085184804,0.5743110419226658,0.0039161175881804,0.4217728404891537,-0.1879557908920548,-0.4724594110753331,-0.8610776536158,12393.211754725,True,body,high
-0.0131187950319032,0.0028052330115034,-0.0029223095094525,0.0001561651922109,0.0001505768199257,0.1090706151908287,0.1090706151908287,0.1090706151908287,False,0.7658917019502649,4.536640906146307e-05,6.202994006653072e-05,0.0001072926650489,2.365024414950509,0.4218622490343912,0.1553091350416052,0.4228286159240035,-0.0324325948809804,-0.6152490501430264,-0.7876653687241746,10607.705148397576,True,body,high
-0.0132823402007375,0.0008248405901591,-0.0028079620198074,0.0020159016775273,0.0003377454570497,0.3546026128165419,0.3546026128165419,0.3546026128165419,False,0.1293668915745367,7.108004479826662e-05,7.714385643503182e-05,3.102202517251806e-05,2.486744692070342,0.0786039474429432,0.5192638983440527,0.4021321542130039,-0.607028679978678,0.115628275150459,-0.7862227951853558,10179.978324866612,True,wing_R,high
-0.0134517782912989,0.0010363392073046,-0.0029455223322024,0.001816259407338,0.0002388509521099,0.3585695439232063,0.3585695439232063,0.3585695439232063,False,0.2571806826419469,7.41387292338841e-05,3.195391549607694e-05,2.998247731677764e-05,2.472735273025536,0.5689983383007212,0.0265912054289471,0.4044104562703316,0.5058222311302706,0.1552819631104159,0.8485466294947912,5772.431731337092,True,wing_R,high
-0.0132529666056233,0.0029270672327128,-0.0034589587178175,0.0004224461986615,0.0003968188770513,0.2780974960881402,0.2780974960881402,0.2780974960881402,False,0.2206904210374824,5.296233183563888e-05,6.358377613412271e-05,0.0001475081492481,2.7851520908464105,0.5689473669202832,0.0720058135948608,0.3590468194848558,-0.83623509771433,0.5447769577574517,0.0626811586303279,6236.901211850692,True,body,high
-0.0132392706753369,0.0028236569833103,-0.0030838431359137,0.0001305479873671,0.0001286954121312,0.1030640592369109,0.1030640592369109,0.1030640592369109,False,0.7252228752687225,5.709192945016969e-05,9.515013143827457e-05,0.0001669570560635,2.924354767327722,0.4300921824947509,0.2279520427912936,0.3419557747139554,-0.1089574361401175,-0.4465675297124437,-0.8880910530549768,29037.19455574436,True,body,high
-0.0124577723006336,0.0029372046270939,-0.0028653923146042,0.0006959489021624,0.0006561510675788,0.2153513727421317,0.2153513727421317,0.2153513727421317,False,0.0542258560151146,5.1121119858845946e-05,9.553925635737829e-05,5.399373655763834e-05,1.8688803496711013,0.4348528697390418,0.0300673964642027,0.5350797337967554,0.5086490735116087,0.0150049683791958,0.8608431744166423,5303.187639489151,True,body,high
-0.012901295973966,0.0030655764562096,-0.002990307759335,0.0003370754935489,0.0001996612464978,0.1371972072857871,0.1371972072857871,0.1371972072857871,False,0.1075237923169478,0.0002355652124834,9.498883786239206e-05,0.0001000464901835,2.47992519736552,0.5752917456325263,0.0214702853100511,0.4032379690574226,0.3469395569458221,0.0134660627282475,0.937790813017933,10517.253791083867,True,body,high
-0.0133192419587324,0.0028685058701788,-0.0032742152793625,0.0002924899667057,0.0002900169307704,0.1173819889212595,0.1173819889212595,0.1173819889212595,False,0.966153103426324,0.0001205362474353,7.17800506116322e-05,5.355358082679632e-05,2.25075981053816,0.404494065985208,0.1512115249365978,0.4442944090781941,0.376617866717383,-0.8950256282643347,-0.2389311767419246,14771.899579675031,True,body,high
-0.0131211119042411,0.0027474377980565,-0.0030443554671018,7.642208187207785e-05,2.040691251666984e-05,0.0952625917182935,0.0952625917182935,0.0952625917182935,False,0.488046844378847,6.96301547602011e-05,7.039559244743693e-05,0.0001670783481535,2.3995113716024883,0.5786671748589235,0.0045813098806339,0.4167515152604426,-0.6972947171680886,0.652884035762435,-0.2958420410557477,20743.51478203544,True,body,high
-0.0126564365549846,0.0026620096258869,-0.002605533560759,0.0006719134521497,0.0006597468411219,0.1149061038823648,0.1149061038823648,0.1149061038823648,False,0.8883753189783138,4.664851841652648e-05,7.947509872543705e-05,0.000106609342322,2.2853746687104155,0.2545203169400304,0.3079146685828129,0.4375650144771566,-0.0644729631872056,-0.5914106864690721,-0.8037889256191842,7503.253218270062,True,body,high
-0.0131347672033267,0.0029532493550902,-0.003043095157349,0.0001447723551239,8.28485200965795e-05,0.1280575007841774,0.1280575007841774,0.1280575007841774,False,0.5196498072063346,9.486648648522226e-05,9.582961933304852e-05,0.0002157632110131,2.274388132280806,0.5558574657697298,0.0044638418352398,0.4396786923950303,-0.1629882454068936,-0.385235446953077,-0.908310785067559,10358.134478645705,True,body,high
-0.0132248135557605,0.0028145380887705,-0.0032061439581867,0.0001727294023093,0.0001726885678686,0.0813543222246928,0.0813543222246928,0.0813543222246928,False,0.2642035944716973,0.0002110835875041,7.535962374630369e-05,8.688543076965307e-05,2.801017003677635,0.5883837687383123,0.0546030468765034,0.3570131843851843,0.295946406811833,0.0547924517012771,0.9536317483870428,22293.2960358866,True,body,high
-0.0132295099691873,0.002751463458958,-0.003287836171626,0.0002502436212148,0.0002453379866414,0.1023423618675429,0.1023423618675429,0.1023423618675429,False,0.8523338236894009,6.721071114624652e-05,6.986442459213667e-05,0.0001579768202852,2.3504708935671625,0.5577552170881314,0.0167981191234213,0.4254466637884473,0.046703891473511,-0.5318135045697865,-0.8455726715536827,11646.723456198535,True,body,high
-0.0130534124576576,0.002945705624375,-0.0029164713957723,0.0002149870914983,0.0001865413748371,0.146736451853911,0.146736451853911,0.146736451853911,False,0.0141256341361958,0.0001577178249833,9.48357763041508e-05,6.988028383384284e-05,2.256971728368117,0.3986996947606983,0.1582287384000302,0.4430715668392714,0.4490735147271242,-0.8860377061255413,-0.1151961878467158,10033.821085301774,True,body,high
-0.0132034703296958,0.0027566686524283,-0.0028647126105725,0.0002402968385285,0.0002087890443958,0.0911267119333893,0.0911267119333893,0.0911267119333893,False,0.9293701515226436,0.0001202086195732,5.175786539617139e-05,0.0001075453912416,2.322518880041456,0.1053437630059636,0.4640892312342595,0.4305670057597768,0.1458483467572238,0.2954707442817242,0.9441532179798936,12165.474827144655,True,body,high
-0.0132395614779925,0.002861807655163,-0.0031667560539326,0.0001646056288805,0.0001618172816124,0.1394094799264489,0.1394094799264489,0.1394094799264489,False,0.8651811083132515,6.043051097012519e-05,7.343532809474098e-05,0.0001760314537511,2.912956566562148,0.5828283722603257,0.0738778033555389,0.3432938243841353,-0.1548609840674781,-0.4667665623176912,-0.8707164015428773,31398.254155310227,True,body,high
-0.013243048952847,0.0028854837365719,-0.0031546259347917,0.0001696500580942,0.0001622530265931,0.0923093190527483,0.0923093190527483,0.0923093190527483,False,0.6046648180717078,0.0001768231725477,7.064826903965362e-05,7.647536879072234e-05,2.5028663115367302,0.5675036948560673,0.0329543897844934,0.3995419153594391,0.3865884199274308,0.1589557548074611,0.9084505829111468,25473.202612222987,True,body,high
-0.0133235516509643,0.0027909249316691,-0.0030000523604685,0.0002293667348633,0.0002112663866074,0.0874150534016688,0.0874150534016688,0.0874150534016688,False,0.9839395738210156,9.260662258397332e-05,6.287741295059508e-05,0.0001488416175426,2.367171462025772,0.377817682225658,0.1997372114345491,0.4224451063397929,0.1403143216270607,0.6307404231828782,0.7632027317229817,10527.174482573824,True,body,high
-0.0129369214282572,0.0028954072383449,-0.0029332291949829,0.0002388174641944,0.0002211452202192,0.1264456617919973,0.1264456617919973,0.1264456617919973,False,0.5907749683312313,0.0001382366142148,6.061388239171476e-05,6.529779246140888e-05,2.280609800268365,0.5276375015962295,0.0338832811863722,0.4384792172173983,0.3794289325081056,0.5012297675137051,0.7776904302702435,12754.549256178034,True,body,high
-0.0132147915201617,0.0028447637405172,-0.0030849121155336,0.0001099683939703,0.0001098861155193,0.1397559525044554,0.1397559525044554,0.1397559525044554,False,0.9033259836839764,7.822027085259475e-05,6.668608330345732e-05,0.0001892039098814,2.837232305583952,0.5865821647046671,0.0609616765127399,0.352456158782593,0.6744331855419328,-0.7182571408421745,0.1710162503067642,25765.804785080098,True,body,high
-0.0133167792075718,0.0017075650022315,-0.0030557368264666,0.0011270184744378,0.0002052808683552,0.3360545936096121,0.3360545936096121,0.3360545936096121,False,0.5153651383706669,5.198770143808405e-05,7.948942496163526e-05,3.1187519247139946e-05,2.548757544059066,0.3459796512155501,0.2616723193177342,0.3923480294667156,-0.5614887934346176,0.1337462770372285,-0.8166041074021235,5289.347792756881,True,wing_R,high
-0.0129207993879613,0.0029631421309289,-0.0029342832570285,0.0002793103235737,0.0002298459251365,0.127680863603388,0.127680863603388,0.127680863603388,False,0.0744299965368449,0.0001144465959887,9.278864502839248e-05,7.274671718649765e-05,1.5732200766572837,0.1892406739860752,0.1751203490916617,0.635638976922263,0.2638489800144927,-0.4689368337037299,-0.8429009204771531,10727.425399801356,True,body,high
-0.0124982075044165,0.0046610446424056,-0.0036714869519265,0.0020330394768546,0.0002547405893799,0.4274689856174415,0.4274689856174415,0.4274689856174415,False,0.1708200082578882,6.60240417297062e-05,3.075326345318617e-05,2.848959957728183e-05,2.317478753978525,0.5342111351030885,0.0342854484003188,0.4315034164965927,-0.1884519634141038,-0.2675622775672462,-0.9449318944285868,10922.175021223007,True,wing_L,high
-0.0125255396270358,0.0047283252613332,-0.0036940594448222,0.002093043735932,0.0002437081736436,0.4472770999994298,0.4472770999994298,0.4472770999994298,False,0.140715302626719,3.761233383610706e-05,8.766037953883735e-05,3.907663715482333e-05,2.330628562450044,0.5542269225801073,0.0167042776499446,0.4290687997699481,-0.6730073168119284,0.701953507055876,0.2330717173952356,14554.466142313308,True,wing_L,high
-0.0128115298257179,0.0037878497730786,-0.003474973372109,0.001092047624697,0.0002021238763636,0.2583026060428792,0.2583026060428792,0.2583026060428792,False,0.2234812876234076,7.983243160636766e-05,3.380169550098661e-05,7.960913849969103e-05,2.361787786770563,0.0027970224905289,0.5737949111279569,0.4234080663815141,0.1758314218652823,0.2625674426611264,0.948757950764698,7802.666332952589,True,wing_L,high
-0.0129387330359101,0.0028963161028994,-0.0029419205298503,0.0002326398545879,0.0002135680586313,0.1641779816431529,0.1641779816431529,0.1641779816431529,False,0.0135383243988251,6.791994417537758e-05,7.963837352483022e-05,0.0001731647204555,2.549541560405153,0.5401004701457931,0.0676721523796903,0.3922273774745165,-0.207633283014988,-0.4415715445756902,-0.8728705464188017,12967.422637050828,True,body,high
-0.0124977621770293,0.0024920483477894,-0.0030701278181024,0.0006915121823617,0.0006722208207928,0.268274159475078,0.268274159475078,0.268274159475078,False,0.1201847030276424,2.8989816220644543e-05,3.101927389802304e-05,7.041123651663823e-05,2.4288265914047504,0.5594556290643588,0.0288229234107958,0.4117214475248454,0.1167420680236184,-0.7828430371343718,-0.6111694272162195,4382.706055361447,False,body,high
-0.013872833861278,0.0032495562544967,-0.0034664331448878,0.0009607222651255,0.0009111890885829,0.2077140786803548,0.2077140786803548,0.2077140786803548,False,0.2204941121764461,4.962967741599765e-05,4.382005442435304e-05,0.0001221325499957,2.787138254394247,0.5936408646366282,0.0475681789322066,0.3587909564311651,0.4562367618358734,0.8585782201123843,0.2338620471520908,5367.598005823169,True,body,high
-0.0127615073629596,0.0029510066843632,-0.0029074181536755,0.0004103428053547,0.0003686373201461,0.1557309176426788,0.1557309176426788,0.1557309176426788,False,0.1342375323032149,0.0002361781866689,0.0001031606029699,9.994006729331088e-05,2.363198195332721,0.5632085908317257,0.0136360420158348,0.4231553671524394,0.4676602172858407,-0.8684819573033772,-0.1644171858616223,10531.470442434376,True,body,high
-0.0126824171727226,0.00265371144989,-0.0024877760094658,0.0007458798412538,0.0007276447310566,0.1325439221737734,0.1325439221737734,0.1325439221737734,False,0.9753536922725692,0.0001229763403569,9.55427642851746e-05,6.465637749009596e-05,1.9019986137607643,0.2230801143711951,0.2511571470205309,0.5257627386082739,0.3734090838655607,-0.9150959323383748,-0.1522008235997543,5558.616834297551,True,body,high
-0.0131875977725365,0.0028250849897684,-0.0031141432927187,8.701490333170263e-05,8.698275745693939e-05,0.1053012168341605,0.1053012168341605,0.1053012168341605,False,0.5191767911264059,0.0002034074498829,8.720320007715081e-05,6.847321367119228e-05,2.9706134556452524,0.5712880716643072,0.0920811229713549,0.3366308053643378,0.4318519335710891,-0.8941146874717254,-0.1185868167978658,23078.667908003536,True,body,high
-0.0132621499860047,0.0028667745732964,-0.0031741561079591,0.0001880332225564,0.0001854786520289,0.1189500774694925,0.1189500774694925,0.1189500774694925,False,0.4529074352555919,0.0001529241927118,7.469320431102998e-05,6.232369405171052e-05,2.4537087385257026,0.5115671171025563,0.0808865493416344,0.4075463335558092,0.2868281666059534,-0.9567796858619828,-0.0479816169309934,30618.765352985087,True,body,high
-0.013271026154839,0.0027978522455809,-0.0031173891244742,0.0001675257292106,0.000160595275243,0.0974904342709825,0.0974904342709825,0.0974904342709825,False,0.6993021260398815,0.0001616219115257,7.199648804185108e-05,6.588396651153769e-05,2.4531296472176654,0.5545375787095496,0.0378198814295026,0.4076425398609478,0.6551902481840505,-0.7483319744457968,-0.1035615503291529,21948.890466089106,True,body,high
-0.0131672104568057,0.0026261831206931,-0.0032349161105748,0.000252418662644,0.0001921334723729,0.0743109042890535,0.0743109042890535,0.0743109042890535,False,0.7705613703768721,0.0001417283322149,7.876199417180487e-05,5.614642301675495e-05,2.524262893340015,0.4442748818045589,0.1595698672354923,0.3961552509599487,0.5497474831953495,-0.8294434911563482,0.0990010085743976,12146.884319127535,True,body,high
-0.013894965190578,0.0029527366463751,-0.0027747499350385,0.0008534331304002,0.0008455837883501,0.1608315266635193,0.1608315266635193,0.1608315266635193,False,0.1707409003184548,0.0001957581713692,6.795233865137462e-05,7.751576412848754e-05,2.8808158078798893,0.6040228431524419,0.0488532632391217,0.3471238936084362,0.3380194717155368,0.1365694713634927,0.9311775428094502,3199.6601409212653,True,body,high
-0.0131647941908617,0.0027853033110218,-0.0031507627191448,9.642196876066892e-05,9.233986238117404e-05,0.1028479972827526,0.1028479972827526,0.1028479972827526,False,0.7388922272943643,8.299209243185273e-05,7.134164134351628e-05,0.0002089970748265,2.9295243407730016,0.6029030908650862,0.05574456531512,0.3413523438197937,0.5350260765959771,-0.80888836477008,0.2438169614729501,15762.462489200134,True,body,high
-0.013154608695541,0.0026565242599415,-0.0032792881241296,0.000260336593209,0.0002292725575054,0.0896036853335722,0.0896036853335722,0.0896036853335722,False,0.683675193877847,4.488403696043895e-05,4.816089068689224e-05,0.0001149957615783,2.562063694931632,0.5811942107614506,0.0284954304530763,0.390310358785473,0.1598851122395183,-0.4498048932650024,-0.8786992141108448,10545.662394002831,True,body,high
-0.0131952354219524,0.0027862549290915,-0.0030561673925179,9.334398854909458e-05,7.736108662769827e-05,0.0863412002682628,0.0863412002682628,0.0863412002682628,False,0.8656115510691553,7.565399577784275e-05,5.198398312089073e-05,0.0001233947410082,2.3737069304852394,0.3868944886981646,0.1918235126030417,0.4212819986987936,0.0490917163002856,0.599739906444057,0.7986877036797085,21301.216549117675,True,body,high
-0.0138573685426437,0.0010530579030822,-0.0030680708791342,0.0019143212130532,0.0004589327157912,0.2806500200676615,0.2806500200676615,0.2806500200676615,False,0.2602056771384158,7.632702209477438e-05,5.481342527329015e-05,2.922359551657452e-05,2.6118285839086632,0.2818608171922526,0.3352656641699061,0.3828735186378412,0.0750486314558613,0.1962174738622781,0.9776842055938658,6345.177602351361,True,wing_R,high
-0.0130003143851363,0.0043782939450494,-0.0037338890968275,0.0016987874607695,0.0004455412659552,0.404895194151429,0.404895194151429,0.404895194151429,False,0.1052629573682241,7.968061240599004e-05,7.612768958039188e-05,3.4890544687120785e-05,2.2837308250851898,0.0445895521923858,0.517530471316647,0.4378799764909671,0.1957225966229536,0.3989855951246899,0.8958254071269499,6419.603259724498,True,wing_L,high
-0.0127328169883295,0.0031946431989818,-0.0027360970359982,0.0006344305679667,0.0005032770695399,0.0825911381954297,0.0825911381954297,0.0825911381954297,False,0.3923366809593631,9.581138871314596e-05,8.584804674003111e-05,3.635818554172226e-05,2.635208201003296,0.1039891197375768,0.5165342227371192,0.3794766575253039,0.1040404056135862,-0.6397299764983596,-0.7615255420333378,4378.694970214986,True,body,high
-0.0131060187941488,0.002575000649176,-0.001839181595085,0.0012617371734035,0.0011731521008831,0.2108010575450803,0.2108010575450803,0.2108010575450803,False,0.1297282159227004,6.489328086476491e-05,4.106796475429906e-05,9.500043388726472e-05,2.313249133616244,0.3169159528074096,0.2507916557385297,0.4322923914540607,0.2574275581559435,0.6131962801378035,0.7468074546541623,2059.51921758441,False,body,high
-0.0126445435845065,0.0030145593859622,-0.0028400808669701,0.0005587393110061,0.0004966753839511,0.159531758478279,0.159531758478279,0.159531758478279,False,0.0483980068873437,0.0002314781484645,8.881650999503233e-05,8.696418382263428e-05,2.661764168760586,0.6163071521689822,0.0080021642849858,0.3756906835460318,0.4023643969485944,-0.9079883924168768,-0.1168758799086036,9731.335277335276,True,body,high
-0.0125928447600112,0.0029874785106593,-0.0029000532535764,0.0005726300802507,0.0005132009623163,0.184417454889184,0.184417454889184,0.184417454889184,False,0.072469538499131,0.0001082684720847,6.336675932927828e-05,5.660632370431561e-05,1.9126568376058848,0.4147256527306299,0.0624414060232435,0.5228329412461266,0.4088597732319097,-0.8947838868929409,-0.1794309939489604,9552.190059051014,True,body,high
-0.0130027214765684,0.0028190466736598,-0.0029137238316746,0.0001956622454559,0.0001956516232842,0.1369556214369665,0.1369556214369665,0.1369556214369665,False,0.261869069199214,0.0001590574815482,6.771957199661634e-05,5.84173502170897e-05,2.722778095158499,0.5742446608771764,0.0584833966247744,0.3672719424980492,0.6078988583016545,-0.792838532209592,0.043197684188909,10464.3213359246,True,body,high
-0.0132589052462288,0.0028158560447136,-0.0032535207635288,0.0002308338816915,0.0002308281239425,0.0875022516346856,0.0875022516346856,0.0875022516346856,False,0.8788254504955595,0.0001570224311331,5.565192632524491e-05,6.59656985665565e-05,2.8215093618763656,0.5798963365264219,0.065683432404425,0.354420231069153,0.2303152940277492,0.0949249811569652,0.9684751485140242,18309.110934204,True,body,high
-0.0132704061734291,0.0028622173657107,-0.0031337489027371,0.0001770642525174,0.0001762607082569,0.146909133275639,0.146909133275639,0.146909133275639,False,0.3923768540944878,0.0001702664695798,8.637469478402337e-05,7.200706264338958e-05,2.3645801304672167,0.492708722996647,0.0843832151808042,0.4229080618225487,0.4388149527529068,-0.8947165763581701,-0.0832086848254385,26250.38793527289,True,body,high
-0.0131366788721243,0.0029844063735679,-0.0028847539964537,0.0002583117286919,0.0002299570511036,0.1471474908057672,0.1471474908057672,0.1471474908057672,False,0.0180037408028265,0.0002010280953169,8.257737067075481e-05,8.732945033678773e-05,2.4344211214778646,0.5655858441125764,0.0236388832045569,0.4107752726828667,0.2547111787941395,-0.0195739666282031,0.9668190498887256,7771.056200299127,True,body,high
-0.0132580443119291,0.0028054194639725,-0.0032182256656552,0.0002048557233065,0.0002040544355281,0.0965671687532528,0.0965671687532528,0.0965671687532528,False,0.9348584289698748,0.0001076494407061,7.368134635969044e-05,5.339263779016486e-05,2.016185098949925,0.3155436212547504,0.1884701716649459,0.4959862070803036,0.3473157725212198,-0.932973169738036,-0.0945135900648679,21479.34009241786,True,body,high
-0.0132458454775634,0.0028607049814308,-0.0032100838110387,0.0001955809607419,0.0001922596717391,0.080967764689588,0.080967764689588,0.080967764689588,False,0.863295324452983,0.0001536890604499,5.780789638540641e-05,6.429243344347442e-05,2.658617075863075,0.5816720249623393,0.0421925740132891,0.3761354010243716,0.2799739613135815,0.1313479966381024,0.9509796447692972,24129.23381072944,True,body,high
-0.0132144440203494,0.0028555833033116,-0.0031432081908907,0.0001303816432706,0.0001278088373075,0.086236414424036,0.086236414424036,0.086236414424036,False,0.9929329231708056,6.020691385683068e-05,7.267730427106564e-05,0.0001734385783096,2.880708662830635,0.5809622923609172,0.0719009031080122,0.3471368045310706,-0.2826803354023206,-0.4461105680236236,-0.8491626399427096,27319.715809690104,True,body,high
-0.0135772576373093,0.0028373976209135,-0.003006092553454,0.0004741112960679,0.0004623816716283,0.0776257150198369,0.0776257150198369,0.0776257150198369,False,0.9935014251375448,6.651395848259709e-05,4.329132444911502e-05,0.0001047634633209,2.4199643844139467,0.365103478119884,0.2216672998136208,0.4132292220664952,0.057786827366359,0.6722780865910798,0.7380398748525498,5678.386124099195,True,body,high
-0.0134946763892357,0.001818072777948,-0.0031729139316634,0.0010731610349225,0.000323345134525,0.2974185967369599,0.2974185967369599,0.2974185967369599,False,0.2755720154941155,6.317222818686929e-05,5.569711047265717e-05,2.637419019157776e-05,2.395229113311032,0.1183291761072607,0.4641742284970463,0.4174965953956929,0.2604955682227011,-0.102622535212339,0.960005559464592,7360.916976834651,True,wing_R,high
-0.0125732602264397,0.0047504258890945,-0.0037029077445977,0.0021031997309435,0.0002345515335652,0.4314655684950132,0.4314655684950132,0.4314655684950132,False,0.1884947976707273,2.1894831308025995e-05,5.0814122063065024e-05,3.8106394530967104e-05,2.3208272924413023,0.2500825954707326,0.3190365702436236,0.4308808342856438,0.3483394517020972,0.2059348309742378,0.914467315861805,11349.861724331078,True,wing_L,high
-0.0132323980986472,0.0023260022599363,-0.0028176152915678,0.0005675469835021,0.0001590829159104,0.3423768017865193,0.3423768017865193,0.3423768017865193,False,0.2824235549923575,3.22754959944666e-05,3.4383702511599084e-05,5.0939303120294417e-05,1.578265540180315,0.3250064212617686,0.0413866383714339,0.6336069403667974,0.4104013668713928,0.3003020717538412,-0.8610397109137551,3208.305688544236,False,body,high
-0.013346025026794,0.002890687608863,-0.0032331296964643,0.0002931522884716,0.0002897106183711,0.1153059109754367,0.1153059109754367,0.1153059109754367,False,0.4049715965388138,0.0001025418746585,0.000105728870845,7.589079877904145e-05,1.3931711425633315,0.0301431024563393,0.2520699943782145,0.7177869031654461,0.3458203125441664,-0.5949126869630529,-0.7255943814020722,15775.892014247172,True,body,high
-0.0125492664419606,0.0048843078179979,-0.0037407270269409,0.0022437893740857,0.0002439230396028,0.4542655650571174,0.4542655650571174,0.4542655650571174,False,0.1446849207385009,6.842321125990596e-05,2.8768138680688484e-05,2.89465259720978e-05,2.3784372016336666,0.5769487365604011,0.0026071166220437,0.420444146817555,-0.8765634322898417,0.4788742108330898,0.0481252467135261,10007.239262711148,True,wing_L,high
-0.0132021722843102,0.0027445724311681,-0.0033173736572784,0.0002664370299867,0.0002628353976595,0.2871593362154537,0.2871593362154537,0.2871593362154537,False,0.8713063021263098,4.149515573789148e-05,8.544211026686332e-05,8.863154423858439e-05,2.13594918882664,0.0359853142481138,0.4958387547741745,0.4681759309777116,0.0009177136982182,-0.6873269489776423,-0.7263475910407176,9822.688736708958,True,body,high
-0.013576663114183,0.0012251271020796,-0.0030383024711552,0.0016577273769827,0.0002850059520727,0.3473358523955264,0.3473358523955264,0.3473358523955264,False,0.2088994082396719,9.28681432172004e-05,3.441568846272088e-05,3.51162719848132e-05,2.6984246826209883,0.6218695586205152,0.0075438519369747,0.3705865894425101,0.6380640523258787,-0.7323757925397663,-0.2376972099777937,9855.611627123144,True,wing_R,high
-0.0128432379975746,0.0030025743372112,-0.0030396619890064,0.0003276011632031,0.0002282705833974,0.2566271590839614,0.2566271590839614,0.2566271590839614,False,0.0295881076492876,5.687222363004546e-05,9.281218639348832e-05,9.27849285166242e-05,1.631942281652864,0.0002936885545238,0.3869395419080266,0.6127667695374495,0.2598476085897653,0.0655540767758905,0.9634219653548702,9158.614432084703,True,body,high
-0.0126579212917686,0.0026633935096016,-0.0027232492317063,0.0005935984664294,0.0005844466890972,0.1025632326714201,0.1025632326714201,0.1025632326714201,False,0.7552283761219782,5.110761708939004e-05,9.727936992818994e-05,0.000122479203765,2.396496075150269,0.2057478581030428,0.3769762655167732,0.417275876380184,-0.2200492703223879,-0.4768157798498877,-0.851014118987886,7761.381251237312,True,body,high
-0.0132083040249158,0.0028514312522477,-0.0032309433876562,0.0001859784476867,0.0001816128376437,0.2409123258128805,0.2409123258128805,0.2409123258128805,False,0.741280744559739,5.052539621803008e-05,4.580523249592849e-05,4.22121669836959e-05,1.1969391724794678,0.0934216072593052,0.0711140491947373,0.8354643435459574,-0.4487278854265928,-0.5955075018471031,-0.66634383022911,19070.554844518745,True,body,high
-0.0128195430921814,0.0027339162935624,-0.0027350210266422,0.0004560658956842,0.000450145182723,0.1361848939774564,0.1361848939774564,0.1361848939774564,False,0.2838445968788253,0.0002453414780839,9.80381808004028e-05,0.0001101299380374,2.502509492535798,0.5511156984233397,0.0492854177431775,0.3995988838334827,0.3279819881204575,0.0265184228354433,0.9443117010388428,7592.145465115489,True,body,high
-0.0133251142351178,0.0029107772468551,-0.0031992271100231,0.0002655790474272,0.0002581321781004,0.1819042087870879,0.1819042087870879,0.1819042087870879,False,0.6170094216146244,0.0001440164604037,8.733244860699484e-05,7.415711460566484e-05,1.942045091284314,0.3935939797286737,0.0914849175184135,0.5149211027529127,0.4287686002822694,-0.8928667179726724,-0.1376463270439589,18323.489914997863,True,body,high
-0.0131632900222559,0.0027155994076769,-0.0031501278473067,0.0001343438448072,9.611544937712705e-05,0.1809490299939501,0.1809490299939501,0.1809490299939501,False,0.7246903513852109,0.0001218903484308,6.011580341823877e-05,5.980889459660807e-05,2.0379970111960883,0.5068042368231185,0.002517909133756,0.4906778540431254,0.4863324966121391,-0.8716661670806979,-0.0606530782883125,15160.320153522593,True,body,high
-0.0132909124141026,0.0028103465867263,-0.0031839010680386,0.0002104902451269,0.0002086385598142,0.2123419744109849,0.2123419744109849,0.2123419744109849,False,0.2901563478572325,5.496250443188415e-05,6.295433454721654e-05,9.655225703572968e-05,1.7566931862682558,0.3479765623301799,0.0827720693507452,0.5692513683190749,-0.0581141299867393,-0.6874914431623295,-0.7238634287449962,18126.53199062306,True,body,high
-0.0132927494545474,0.0029526149195615,-0.0031359306643391,0.0002366465067385,0.0002154267515195,0.0808907894657641,0.0808907894657641,0.0808907894657641,False,0.941469870811345,8.725577522146599e-05,0.0001102716069493,0.0002210077881442,2.532872896759881,0.5010510359148903,0.1041403650120069,0.3948085990731027,-0.1021222705495377,-0.3499888778478006,-0.9311706756769376,12904.684002525648,True,body,high
-0.0132420770852903,0.0028558924901069,-0.003178466312798,0.000171635001219,0.0001696276616788,0.0808105186666084,0.0808105186666084,0.0808105186666084,False,0.902754181104214,7.174453136623378e-05,7.88448877220575e-05,0.0001654482743394,2.3060750581099296,0.5234469018378027,0.0429158683230241,0.4336372298391731,-0.136220477977663,-0.642205922295088,-0.7543311837307618,30631.353360359208,True,body,high
-0.013222248184506,0.0028050894483055,-0.0030899120838955,0.0001141823591169,0.0001088954220732,0.0659203694940176,0.0659203694940176,0.0659203694940176,False,0.2100979898361576,0.0001592310325736,6.643547519679998e-05,6.870758787663803e-05,2.39677720527952,0.5685037849335144,0.0142692830858066,0.417226931980679,0.3038581811713792,-0.0732439927952179,0.949897638303536,29142.938855053417,True,body,high
-0.0130901786902531,0.0027723866806569,-0.0030097896014948,8.255805882346448e-05,6.638356053068474e-05,0.1313777593027543,0.1313777593027543,0.1313777593027543,False,0.207499682786197,0.0001664445105713,6.602649742725533e-05,7.12109945951815e-05,2.520874452786565,0.572163753849622,0.0311485019850135,0.3966877441653644,0.3940427192303101,0.1274151167187581,0.9102174044991274,15626.926265085322,True,body,high
-0.0131637403775313,0.0026946554379559,-0.0032642476933134,0.0002285148325348,0.0002091336645399,0.082124444374448,0.082124444374448,0.082124444374448,False,0.7186157018584759,0.0001273326561774,5.262776198790715e-05,5.065870630404559e-05,2.513539438081432,0.586690770711758,0.0154638703296837,0.3978453589585582,0.6049739770303326,-0.7927482901517374,-0.074542843906036,11511.526006280135,True,body,high
-0.0132420699827317,0.0028422303875124,-0.0033494401221216,0.0003035789870043,0.0003000980366829,0.2031249900306739,0.2031249900306739,0.2031249900306739,False,0.9135187926821478,7.5597379793747e-05,7.489213756552947e-05,2.789947439226928e-05,2.709634551921682,0.0093289242317875,0.6216176182490807,0.3690534575191317,0.8890620788603404,-0.3680888886812764,0.2721749252997281,11186.739893059072,True,body,high
-0.0132985094982177,0.00082451542489,-0.0028161523597335,0.0020165967074402,0.0003262419897796,0.3399635831214105,0.3399635831214105,0.3399635831214105,False,0.1354668073240022,6.144581747915526e-05,9.050272559080538e-05,3.802652794618517e-05,2.3799891938302675,0.3210611384570517,0.2587688865731726,0.4201699749697756,-0.5357421759858613,0.1466090792453665,-0.8315564314902266,9880.985924590635,True,wing_R,high
-0.0131184193059668,0.0027391297406884,-0.0028894572427541,0.0002033485918243,0.0001707017435863,0.1025780627604137,0.1025780627604137,0.1025780627604137,False,0.3347319266918223,0.0001423387535633,0.0001175680899828,7.328889440956133e-05,1.9421599235477125,0.174026138071304,0.3110832044315955,0.5148906574971005,0.2692163366810538,-0.4790620384366719,-0.8354771854413103,13160.800464161472,True,body,high
-0.013199818282212,0.0030080725456253,-0.0025602092611838,0.0005598569325378,0.0005562984597959,0.2622860822828426,0.2622860822828426,0.2622860822828426,False,0.041628497283468,2.1809762640044667e-05,4.986822688894422e-05,2.457716606070432e-05,2.286509381692294,0.5071578118179881,0.0554943216012594,0.4373478665807524,0.4427761741664731,-0.8432134077700572,0.3048612939474416,3625.17185291726,False,body,high
-0.0126826550337434,0.0041492446350728,-0.0035624210776508,0.001482129215331,0.0002260628171764,0.3639425675549645,0.3639425675549645,0.3639425675549645,False,0.204189988644782,6.246692204904182e-05,7.775476104403179e-05,3.0610530809779046e-05,2.540131091721929,0.1966161144310199,0.4097034163763014,0.3936804691926786,0.2790315823225286,0.1938525461264783,0.940511864054286,7160.514882117523,True,wing_L,high
-0.0124380247939324,0.003862554060361,-0.0033114578444955,0.0012657751667162,0.0003946599701255,0.4787528520519886,0.4787528520519886,0.4787528520519886,False,0.2716610306649428,6.459684027032079e-05,2.9233490967883613e-05,7.377493246158432e-05,2.5236442867064577,0.1244066498609497,0.4793409918857111,0.3962523582533392,0.5095902933326555,0.2091314116576028,0.8346147528046918,11305.281197852422,True,wing_L,high
-0.0133118665566975,0.0029183113313677,-0.0034302380628614,0.0004194308285232,0.0004027989057479,0.2770132854322624,0.2770132854322624,0.2770132854322624,False,0.3811849998274255,0.0001574430373233,0.0001392458343591,6.733157868749142e-05,2.338323865152343,0.1155795980158245,0.4567636454061685,0.427656756578007,0.7605284831040495,-0.6491809392935567,-0.012670218837447,7445.678141795575,True,body,high
-0.0130373679505777,0.0030107098145221,-0.002964581850342,0.0002371910040005,0.0001523595093469,0.1057606469380841,0.1057606469380841,0.1057606469380841,False,0.5781952462004486,0.0001527452061725,6.587718102153936e-05,7.651315720799286e-05,2.318636040643761,0.4990798132050251,0.06963214396685,0.4312880428281248,0.1793829253053754,0.0949965789975946,0.9791820137684516,9705.344358205486,True,body,high
-0.0132572674808197,0.0027162388154095,-0.0027220062306621,0.0003979250782263,0.000345389454975,0.1122362843236834,0.1122362843236834,0.1122362843236834,False,0.0861305124884401,4.6813100383621805e-05,5.442961931133072e-05,0.000112450380126,2.40211349396916,0.5159676716937038,0.0677322648369224,0.4163000634693737,-0.8784318506096895,0.4775411555844926,0.0176614992982897,5447.438347586777,True,body,high
-0.013282201580619,0.002862067946424,-0.0032831490231863,0.0002725794600211,0.0002692578545991,0.0885441914926837,0.0885441914926837,0.0885441914926837,False,0.93702609808164,0.0001187229158521,4.586192475657441e-05,4.97427841260823e-05,2.5887032976120588,0.5810178366237557,0.0326883764743436,0.3862937869019006,0.2677190154224413,0.3113371676299524,0.9118090243211006,15950.919229105704,True,body,high
-0.0132103085066616,0.0029361718255939,-0.0031165207476781,0.0001624633879299,0.0001292973189535,0.1006132945528421,0.1006132945528421,0.1006132945528421,False,0.894814823483466,0.0002102409002752,9.000865898994513e-05,9.66681163489368e-05,2.335785274822713,0.5402030897776008,0.0316753654986872,0.428121544723712,0.2795250068175066,-0.0114674995909322,0.9600699281910696,12691.661997220715,True,body,high
-0.0132035733889161,0.0027684618333454,-0.0030861327899953,0.0001056308286086,8.291515157555646e-05,0.16970247563398,0.16970247563398,0.16970247563398,False,0.4655084406400697,0.0001026555224782,5.2030257916654425e-05,5.344138969618197e-05,1.972996609832658,0.4794104748968549,0.0137462821820048,0.5068432429211402,0.1886292564057404,0.0425811250535423,0.9811247889116816,22204.4530984688,True,body,high
-0.0131919301271356,0.0027929109619835,-0.0031167737045558,9.412049601051088e-05,8.794743613921273e-05,0.1029708079063458,0.1029708079063458,0.1029708079063458,False,0.8570024224352029,8.368808865073386e-05,7.357131862536842e-05,0.0002142340390828,2.911923329439333,0.6093613834243246,0.0472229813183618,0.3434156352573135,0.5696566005937009,-0.77064279160695,0.2856589665042502,22981.628744666017,True,body,high
-0.0134851070201801,0.0029627479198364,-0.0032618649342814,0.0004438623099774,0.0004355523294887,0.1001212449787965,0.1001212449787965,0.1001212449787965,False,0.7667507964630095,0.0001572308691846,0.0001079004347007,7.822221038988729e-05,2.0100540294242024,0.3137452253471119,0.1887557097713043,0.4974990648815837,0.2537089845750387,-0.3584626527901422,-0.8984076344847904,7192.560310697697,True,body,high
-0.012547189039025,0.0040875666185042,-0.0034577754183446,0.0014420021886151,0.0002587419289101,0.3861447913093845,0.3861447913093845,0.3861447913093845,False,0.2251635717047971,7.079131697306429e-05,8.4887140644745e-05,3.409914702090036e-05,2.4894212336958224,0.166053698647621,0.4322465060487979,0.401699795303581,0.346244988445287,0.1858908760951388,0.9195428158389932,6521.249102266843,True,wing_L,high
-0.0139840713441364,0.0027198415296046,-0.0034370444756049,0.0009505674278186,0.0009218254657253,0.2827317475711961,0.2827317475711961,0.2827317475711961,False,0.2221025862381427,3.182851941590267e-05,9.234169930756074e-05,6.43698583476496e-05,2.901225096302265,0.3029166797845669,0.3524013438756645,0.3446819763397685,0.354250134181679,-0.674790205050313,-0.6474295495267565,6229.2581730080365,True,body,high
-0.0127087292818429,0.004062115310548,-0.0035196698325351,0.0013822601943752,0.0002019175914541,0.3450965425858152,0.3450965425858152,0.3450965425858152,False,0.2652942474621102,6.460065985278562e-05,2.722466095406708e-05,6.532002764575787e-05,2.399296276121292,0.0110129744107504,0.5721981488038437,0.4167888767854058,0.3164405977796965,0.1897340771399822,0.9294440962471424,7677.781280478928,True,wing_L,high
-0.0132021410397807,0.0028531479215645,-0.0030513482159564,0.0001039315684396,0.0001035535888387,0.1385280480384425,0.1385280480384425,0.1385280480384425,False,0.1887069051248144,0.0002542698671549,0.0001005209494559,8.622194511208125e-05,2.949015669090519,0.6046682582539211,0.0562355441635135,0.3390961975825654,0.4031639603553669,-0.9040444177092408,-0.1419947600418265,20659.015241942885,True,body,high
-0.0131674156537271,0.0027838956503919,-0.003059648376703,6.855264856125134e-05,4.9774661369423984e-05,0.1444293473516577,0.1444293473516577,0.1444293473516577,False,0.1021584259266483,0.0001269350358731,7.284432621834537e-05,5.689403131681708e-05,2.231078250832359,0.4261290768361633,0.1256571504613663,0.4482137727024703,0.3795050971442133,-0.9088631243677872,-0.1730424872855938,20515.80291548758,True,body,high
-0.0129576737943187,0.0027096707068914,-0.0027796164125668,0.0003507197179765,0.0003292024415488,0.1211438209059922,0.1211438209059922,0.1211438209059922,False,0.8013572322125674,3.863088442394421e-05,0.0001074456946931,4.689299275858638e-05,2.78134182779813,0.5635656422297264,0.0768956667667095,0.359538691003564,-0.0576747871080631,-0.6083459602176206,-0.7915736299416126,8051.015761667551,True,body,high
-0.013229617318616,0.0029141717432874,-0.0029053863831832,0.0002325602042927,0.000230284703671,0.0932817155455792,0.0932817155455792,0.0932817155455792,False,0.6958413957729549,0.0001025623151299,4.450090957441976e-05,4.580973209411936e-05,2.3047240182466617,0.5533473280506602,0.0127612419633936,0.4338914299859461,0.2309251404227011,0.2267100676650841,0.9461903216267058,8509.997116482813,True,body,high
-0.0132464040816005,0.0028059990926408,-0.0031087559994686,0.0001409866257019,0.0001363988719955,0.072141305986108,0.072141305986108,0.072141305986108,False,0.1905230153608874,8.521710394692138e-05,7.6397006426447e-05,0.0002035042711648,2.6637728450883835,0.5812515213604215,0.0433410928920073,0.3754073857475712,0.576933308818417,-0.7786667739966244,0.246629301279315,26312.737005493866,True,body,high
-0.0130575556907812,0.0025370907351867,-0.002606684314411,0.0005494956261177,0.0004299131831572,0.1235044280649095,0.1235044280649095,0.1235044280649095,False,0.9437565044798591,0.0001262996417399,5.088671867634249e-05,5.509916617264624e-05,2.481976535827199,0.5637424982874669,0.0333528063759522,0.4029046953365808,0.9373364008620728,0.3165892994153184,0.1455049384545183,4468.98640681661,True,body,high
-0.0132168226757794,0.0027996252434013,-0.0031082705847994,0.0001129514190581,0.0001074785248864,0.1132115392236899,0.1132115392236899,0.1132115392236899,False,0.3646187987183252,6.891988747610742e-05,6.703857477653587e-05,0.0001636786366192,2.4415590153105664,0.5789316865068916,0.0114939416556125,0.4095743718374958,0.5472710754845596,-0.7929889855216679,0.2676991572255862,27391.107083852246,True,body,high
-0.0131937420588747,0.0009540030569232,-0.0027555361868569,0.0018906677394772,0.0003743987487017,0.3218335807426774,0.3218335807426774,0.3218335807426774,False,0.1160394910409894,6.232993519735004e-05,7.019440993459916e-05,2.9677233295860743e-05,2.365261250427599,0.1120384763484233,0.4651752458908358,0.4227862777607408,-0.5847777447819018,0.1143894423007586,-0.8030878187956247,8427.3079193986,True,wing_R,high
-0.0131615114625798,0.0027515530912001,-0.0028420772388048,0.0002497458235599,0.0002200701443802,0.1065914345766022,0.1065914345766022,0.1065914345766022,False,0.2181853478407644,0.0001430900406926,0.0001098200692884,8.48020190221844e-05,1.687342381025143,0.2325107410906865,0.1748413107243984,0.5926479481849151,0.244196382656717,-0.4374556239222846,-0.8654482675447097,13261.586325281402,True,body,high
-0.0130257042813118,0.0027769563556434,-0.0030834155745412,9.189904172824038e-05,9.063479031358783e-05,0.2442046728260953,0.2442046728260953,0.2442046728260953,False,0.3159060332442272,2.18431920870218e-05,6.14788177423537e-05,2.646996790582347e-05,2.814552813408693,0.5694457232936035,0.0752580480352051,0.3552962286711913,0.5320492523560005,-0.8386703991203528,0.1164283243318787,9559.20191632049,True,body,high
-0.0126712384596201,0.0042135379646642,-0.0035574023514033,0.0015418908965867,0.0002082576682085,0.3626142489262877,0.3626142489262877,0.3626142489262877,False,0.2315396613557824,6.38177840925845e-05,7.28120993791013e-05,3.0252003127031235e-05,2.4068521701969914,0.1235277565571522,0.460991802897904,0.4154804405449437,0.3100872994766689,0.1777995685207936,0.9339342482943253,7289.54668839732,True,wing_L,high
-0.0129182828339631,0.0028612040506284,-0.0023875193588108,0.0007177279370572,0.0007164865310583,0.1942122746871293,0.1942122746871293,0.1942122746871293,False,0.2238042785298953,3.5605310471999105e-05,2.925290135280596e-05,5.12622100784472e-05,1.7523803693930036,0.3054277133679595,0.1239199228724624,0.5706523637595781,-0.8388297315878372,0.1899438592807141,-0.5101823318440434,5259.831263429013,True,body,high
-0.0127402660500526,0.0026833122504223,-0.0027229851858585,0.0005285546812677,0.0005180836814805,0.1062274752723447,0.1062274752723447,0.1062274752723447,False,0.936749873541085,5.967096438930479e-05,0.000119086407479,0.0001456893474134,2.441545044637787,0.1826004468186106,0.4078228377338339,0.4095767154475555,-0.2140018829933947,-0.5708175398058604,-0.7926982593176715,8226.222892981355,True,body,high
-0.0132274619607445,0.002729969908814,-0.0029168747266557,0.0002171624594444,0.0001658799875138,0.0767926406555783,0.0767926406555783,0.0767926406555783,False,0.7298917186237844,0.0001094032933495,4.851159537949331e-05,4.665581493611049e-05,2.344901562632947,0.556580118438719,0.016962747523995,0.4264571340372859,0.642410716614016,-0.7663419812239554,-0.0053328222555428,11074.136432658705,True,body,high
-0.0125641820499689,0.0049497666041236,-0.0037623384861226,0.0023070356991762,0.0002509728060727,0.4614039073322276,0.4614039073322276,0.4614039073322276,False,0.1557486032769328,6.682499601457616e-05,2.8753985478885576e-05,3.394334549672279e-05,2.324025518606686,0.4920561538182671,0.0776559719764934,0.4302878742052394,0.1243773029269558,0.2083957077341164,0.9701038684154462,10146.818651948772,True,wing_L,high
-0.0135260264601409,0.0029233586507288,-0.0031777967993435,0.0004421592428912,0.000441605978305,0.1457124022620004,0.1457124022620004,0.1457124022620004,False,0.3128058101324683,7.184929177961074e-05,6.856691957350418e-05,2.733197116203102e-05,2.628763631926489,0.0456841274952972,0.5739089055735793,0.3804069669311234,0.8410108176137614,-0.4705328845816102,0.2670198666465504,6824.0747875300185,True,body,high
-0.0137280213411787,0.0006732765835123,-0.0029645811731387,0.002232291327243,0.0003236968658797,0.2859879273265592,0.2859879273265592,0.2859879273265592,False,0.2879484570707318,4.995528646289495e-05,8.076114693462898e-05,3.359200993266894e-05,2.404177275980353,0.3814440686023122,0.2026132261775708,0.415942705220117,-0.6804667320500803,0.0091062495427452,-0.7327223913545635,5899.909248923897,True,wing_R,high
-0.0133233494504696,0.0028782551994152,-0.0031774071437794,0.0002445106614492,0.0002429308198067,0.1005256255233494,0.1005256255233494,0.1005256255233494,False,0.7699354744640624,0.0001009406059863,8.255981086042983e-05,6.958899614554332e-05,1.4505253930549258,0.1820951533456677,0.1284994734095952,0.689405373244737,0.1417815138171506,-0.3465383428944856,-0.9272589601851582,22913.88566801761,True,body,high
-0.0123571433264164,0.0050802699249318,-0.0037543076243721,0.0024807672870713,0.0002729265520527,0.5306062687269006,0.5306062687269006,0.5306062687269006,False,0.186705562930919,6.224071653941946e-05,6.772002407504103e-05,2.6728047608098296e-05,2.5336689408815114,0.0809111870596783,0.5244042573282214,0.3946845556121002,0.2434107697609696,0.1171736585139538,0.9628195733961932,10438.19951921668,True,wing_L,high
-0.013188755617032,0.001466063019099,-0.0029123811796958,0.0013614492011675,0.0002685997973478,0.5563440310956224,0.5563440310956224,0.5563440310956224,False,0.3777141580382527,5.880431436467287e-05,6.239386860672903e-05,2.5142510888164297e-05,2.481608495040987,0.0575305606498174,0.5395049902848663,0.4029644490653162,0.5330943294095624,-0.0604484725655092,0.8438936059218993,11221.406868000811,True,wing_R,high
-0.0124897736954609,0.0025214295446569,-0.00246388930914,0.000920222451696,0.0008861311261271,0.2015431474996782,0.2015431474996782,0.2015431474996782,False,0.3085943056283068,6.587900298262558e-05,5.7955944047557714e-05,0.0001572661856787,2.7135471307248578,0.5810987422482651,0.0503799268792269,0.368521330872508,0.7821663745420779,-0.5981595354063778,0.1744159761550776,5065.840560113718,True,body,high
-0.0128059813127362,0.0037727002471985,-0.0034628408120858,0.001075717414579,0.0001956601291437,0.2735932516890961,0.2735932516890961,0.2735932516890961,False,0.4259676425687373,3.0392919080692645e-05,2.7611644754722333e-05,6.676543569402173e-05,2.418017336059021,0.544780637394776,0.0416573979793462,0.4135619646258778,-0.5885109302465485,0.3760876566804022,-0.7156905472849184,7835.772010515864,True,wing_L,high
-0.0131979286812445,0.0022110514348617,-0.0024898200730315,0.000847655025351,0.0004652456526099,0.201568503252742,0.201568503252742,0.201568503252742,False,0.233780424462427,3.522931310806466e-05,8.664869027001832e-05,8.170806863397102e-05,2.459562297006092,0.0570189996023151,0.5364045940113727,0.4065764063863121,0.4561003889694233,0.1471572760705577,0.8776771452427337,2989.490943281646,False,body,high
-0.0133511880590038,0.0028302435053957,-0.0030296147888609,0.000247273819582,0.0002415561757205,0.1090802665185864,0.1090802665185864,0.1090802665185864,False,0.2593079169669008,0.0002374633823695,9.648602862639911e-05,9.159032939031209e-05,2.5926687233274923,0.5936803912097323,0.0206166491323224,0.3857029596579452,0.3897937354485741,-0.8994304156664163,-0.1977012169390588,10065.330776285082,True,body,high
-0.0131452877047049,0.0026962215732245,-0.0031603338092534,0.0001491057819227,0.0001048289570235,0.1515491688296856,0.1515491688296856,0.1515491688296856,False,0.9245518139375456,0.00010025307884,6.549106141050143e-05,5.233112651472952e-05,1.9157447109766053,0.3467426420389937,0.1312671396034561,0.5219902183575502,0.456084062586808,-0.888782422426389,0.0453115155362549,14670.121392356175,True,body,high
-0.0131970360409812,0.0028009301672924,-0.0031166388480655,9.710088015829107e-05,9.322989471160196e-05,0.0976621404714389,0.0976621404714389,0.0976621404714389,False,0.8345046044779156,7.164415973644335e-05,6.767709009700482e-05,0.0001566505979112,2.314676911887176,0.5426499439406205,0.0253243185301225,0.4320257375292569,0.1074868233292011,0.7251927760118607,0.6801044187702416,24634.24245582004,True,body,high
-0.0131474330985646,0.002776359830495,-0.0030117883436695,8.562030159988513e-05,6.236922022376449e-05,0.0952053899464611,0.0952053899464611,0.0952053899464611,False,0.1322287525064823,0.0001664526061948,7.194720617367531e-05,7.300727585741817e-05,2.3135381489728943,0.5613930143456539,0.0063685976926198,0.4322383879617262,0.3841845587453906,0.195620012522494,0.9022943175717713,18791.68172470786,True,body,high
-0.013348473426041,0.0028830661495378,-0.0031714283256391,0.0002658132769868,0.0002646201213852,0.0958819244824541,0.0958819244824541,0.0958819244824541,False,0.6256432180606201,7.788263120628498e-05,8.096010276316397e-05,3.438035800716288e-05,2.354835942845521,0.0380121992419111,0.5373297675570046,0.4246580332010843,0.1340066285768407,-0.709050437472931,-0.6923075188215959,18783.90949817242,True,body,high
-0.01290322935659,0.0026894033616469,-0.0028022868172966,0.0003662458062931,0.0003450284653395,0.1043651725549397,0.1043651725549397,0.1043651725549397,False,0.8513838645754821,0.000105895726275,7.483309427238167e-05,5.161610011714653e-05,2.0516026207859017,0.2933322532961552,0.219243920145789,0.4874238265580558,0.1928747971744546,-0.6136605223400808,-0.765650100199962,7614.848077945469,True,body,high
-0.012842814685549,0.0023678866189452,-0.0030257751887469,0.0005230843228659,0.0003680858073336,0.3209690807136467,0.3209690807136467,0.3209690807136467,False,0.1972282945748223,5.478692868249796e-05,7.12976351823109e-05,3.062422514383946e-05,2.3281449521557454,0.2315743917395634,0.3388990879834022,0.4295265202770343,-0.7195874580195456,0.2160895871912925,-0.6599236172228313,3644.7898260303614,False,body,high
-0.0134705011315804,0.0028895209879001,-0.0031524666873063,0.0003764149810724,0.0003764115460661,0.0884091401607149,0.0884091401607149,0.0884091401607149,False,0.8972914386744086,0.0001411092241442,0.000115393997875,7.93924511723258e-05,1.7773632387028462,0.1822363238482792,0.255132482806111,0.5626311933456096,0.2692913276914025,-0.4375081623381205,-0.8579445137756421,8529.13893610584,True,body,high
-0.012537260835531,0.0027335376814713,-0.0026116311057566,0.0007423413816745,0.0007417573612328,0.1188258208281517,0.1188258208281517,0.1188258208281517,False,0.9618925334843194,9.398484532055596e-05,8.697654209142814e-05,3.7078433469380114e-05,2.534757715645402,0.0745684392544825,0.530916537148724,0.3945150235967934,0.0700145124268865,-0.7344250030015534,-0.6750687987277997,7050.617897965561,True,body,high
-0.0132459265927396,0.0028540965868851,-0.0033305582448378,0.0002899768891028,0.0002851660930571,0.2426726842790746,0.2426726842790746,0.2426726842790746,False,0.9249997100835252,3.7800762620993344e-05,3.436010120052195e-05,8.651830838105606e-05,2.5179875890395165,0.563089439353045,0.0397680154045262,0.3971425452424287,-0.8234370001398629,0.2430133141041757,-0.5127338841628948,12686.478081388585,True,body,high
-0.01313873529318,0.0027402603839115,-0.0031152255817827,8.87019598968352e-05,5.294719910345687e-05,0.1370643417945997,0.1370643417945997,0.1370643417945997,False,0.800422905416334,4.820242913318597e-05,9.582701474641344e-05,0.0001124159074169,2.33216270296873,0.147567128635755,0.4236463211261127,0.4287865502381323,-0.0980784784794333,-0.6832304010481582,-0.7235860910373639,17089.8485816118,True,body,high
-0.012517453769549,0.0028851385286554,-0.002699538953617,0.0007057875884745,0.0006924815860435,0.1357799753797881,0.1357799753797881,0.1357799753797881,False,0.2553405771775477,0.0002141176143141,9.33102062383302e-05,8.366039875291095e-05,2.5593664087899723,0.5642105086159976,0.0450677891042634,0.3907217022797388,0.6091027929809343,-0.7670333414612976,-0.2016274799464152,6192.001412254659,True,body,high
-0.0132736255224587,0.002856014963857,-0.0031699664310129,0.0001929085203026,0.0001921496534047,0.1347987682671923,0.1347987682671923,0.1347987682671923,False,0.789833412221313,0.0001026016916328,6.793464935297583e-05,5.670071235435443e-05,1.809530910151962,0.3378798314936156,0.1094907580941459,0.5526294104122385,0.3556319568004112,-0.9092506800275998,-0.216307910561907,27971.19602613328,True,body,high
-0.0132613266992335,0.002809695496751,-0.0032546837696658,0.0002333530183868,0.0002332208497839,0.1035393282794195,0.1035393282794195,0.1035393282794195,False,0.3828321968008278,6.127354309932148e-05,9.451984560086688e-05,0.0001722490389517,2.811148666114558,0.4512605343050282,0.1930129927218597,0.355726472973112,0.0332823132573055,-0.4973811822823298,-0.8668934462410446,17515.118454391246,True,body,high
-0.0130603115141053,0.0026462653760421,-0.0023756152415442,0.0007239024970801,0.0006662369368122,0.1785150122130986,0.1785150122130986,0.1785150122130986,False,0.1571752710955672,4.401392823293688e-05,3.613557014753639e-05,0.0001040083289653,2.878281110293711,0.5768230422430776,0.0757473768088835,0.3474295809480389,0.9772658476669976,-0.2120124353385564,0.0014799478097621,3688.6687559763104,True,body,high
-0.0132753602933704,0.0022437689123352,-0.0030907223642308,0.0005951293222206,0.000128051577862,0.091243234061196,0.091243234061196,0.091243234061196,False,0.1714247264139364,4.558907509750465e-05,5.688442839470122e-05,0.0001056886469658,2.318288904520566,0.4617735203568759,0.1068738565727025,0.4313526230704214,-0.7923287097628924,0.3763896728224936,-0.4801520903610085,4044.325664884454,False,body,high
-0.0131585902306793,0.0025804831849634,-0.0032455220096209,0.0002925490328767,0.0002105519443752,0.0692390811098876,0.0692390811098876,0.0692390811098876,False,0.9587143781533336,0.0001302928547382,5.797153259250603e-05,5.799083060446804e-05,2.2475316575491138,0.554919333673771,0.0001481125883746,0.4449325537378543,0.4326679287561861,0.1245541149793582,0.8929080220647257,9786.380448169932,True,body,high
-0.0132734444266885,0.0008032719050087,-0.0028016745173125,0.0020373044221332,0.0003500720992239,0.3391640193777462,0.3391640193777462,0.3391640193777462,False,0.1368546885903635,6.161810610849447e-05,6.332724961364362e-05,2.625017955530469e-05,2.412450150301784,0.0269890689328298,0.5584945938591638,0.4145163372080064,0.6927561011828027,-0.0648267575401946,0.7182523761052427,10332.81595054266,True,wing_R,high
-0.0125348929096377,0.004731274690139,-0.0036717825366499,0.0020867054266735,0.0002196502823137,0.4327659041581486,0.4327659041581486,0.4327659041581486,False,0.1834387048279537,7.727691224593675e-05,3.239743110013674e-05,3.7074048995667696e-05,2.3852790058286626,0.5202441723127069,0.0605176599272942,0.4192381677599988,0.1257590896642587,0.2061285405414689,0.9704100556677372,13983.691264489971,True,wing_L,high
-0.0131933041339384,0.0026976154146955,-0.0028919184719313,0.0002354889878425,0.0001655054295469,0.1032225495077198,0.1032225495077198,0.1032225495077198,False,0.5984231303077715,0.000150250389533,9.068277475196518e-05,8.62694035250395e-05,1.7416416874773886,0.3964556429183992,0.029373442828618,0.5741709142529828,0.2661874940287448,-0.4220697248393347,-0.866603349518535,13704.634410361685,True,body,high
-0.0124908884954595,0.0037710852491083,-0.0032489580697742,0.0011512929358907,0.0003677220446007,0.3630999343408275,0.3630999343408275,0.3630999343408275,False,0.0856809036931764,6.270638714448264e-05,2.8298533049048924e-05,6.812623657727074e-05,2.40741230152071,0.0795559787988692,0.5050602502665377,0.415383770934593,0.2683328852829177,0.3137692585957791,0.9107943319081426,10252.959170188238,True,wing_L,high
-0.0130066083610678,0.0027715690775153,-0.0029885010236899,0.0001427992184291,0.0001387239021228,0.1678388950404259,0.1678388950404259,0.1678388950404259,False,0.2262504701937881,9.414771123160884e-05,9.30777937249343e-05,4.068271087368141e-05,2.314194634765973,0.0113642434072824,0.5565199850940395,0.432115771498678,-0.1158063541397148,-0.7545514649716865,-0.6459419285430763,10786.451973470172,True,body,high
-0.0121825623699629,0.0027943767158377,-0.0026050479961424,0.001040449634358,0.0010343678480126,0.2357323875858363,0.2357323875858363,0.2357323875858363,False,0.1242487138785331,3.5310038954853204e-05,3.112503295460833e-05,8.03633979519681e-05,2.581953826978024,0.56062038372298,0.0520760210107863,0.3873035952662338,-0.7632048966284654,0.3217601151005677,-0.5603469586718597,5269.9936507584025,True,body,high
-0.0126270871818868,0.0028073077701748,-0.0027038328636749,0.0006101950604734,0.0006090823997362,0.1145115091788485,0.1145115091788485,0.1145115091788485,False,0.717421100816397,4.8778206044418126e-05,0.0001101826222238,0.0001139936706004,2.3369795620742044,0.0334321051026975,0.5386651368978093,0.4279027579994932,-0.0903955659235269,-0.4168993235646009,-0.9044465687218588,6990.027261841359,True,body,high
-0.0130787396505631,0.0026675722266665,-0.0031627047349042,0.000172851796888,0.0001273462765333,0.1228509625562399,0.1228509625562399,0.1228509625562399,False,0.9717081864131262,3.7980680479241e-05,8.79301512315915e-05,7.254974644091319e-05,2.315128379009725,0.1749161644242965,0.3931423462541735,0.4319414893215299,-0.0418372102530781,0.9178415032064404,0.3947361433033224,10312.66310967184,True,body,high
-0.0132572750560977,0.002898668333029,-0.0029227398374837,0.0002302081232894,0.0002297588479485,0.1261474122244597,0.1261474122244597,0.1261474122244597,False,0.0424086597955766,0.000103293355925,6.615185919048667e-05,5.035227648820018e-05,2.0514138213634525,0.3595729502823622,0.1529583636895016,0.4874686860281362,0.4943323716128412,-0.8674483630285781,-0.0562924848862123,8568.374269908007,True,body,high
-0.0127573770589777,0.0030437164210575,-0.0026639379025015,0.0005893674541059,0.0005455702889767,0.1611122558764863,0.1611122558764863,0.1611122558764863,False,0.0064537351605043,5.399152242812568e-05,6.596708259651021e-05,0.0001295714353988,2.399847782980667,0.4908825205692197,0.0924243845220787,0.4166930949087016,-0.063211803161413,-0.555024211651076,-0.8294289556207841,4452.61713976913,True,body,high
-0.0127214486903812,0.0034943630271198,-0.0032582258611799,0.0008026674754485,0.0002124306602896,0.3661100052383685,0.3661100052383685,0.3661100052383685,False,0.1026554438910007,2.9216963258670086e-05,2.676779031637736e-05,6.442470107464923e-05,2.4067993776547265,0.546494391571701,0.0380160544238282,0.4154895540044707,-0.7088384560841245,0.1900990107336795,-0.679271970049075,6223.214443777594,True,wing_L,high
-0.0133139082071945,0.0027464516626337,-0.0031474191631549,0.0002268814618049,0.000203079729966,0.0877959277507421,0.0877959277507421,0.0877959277507421,False,0.923480051360669,9.244223491401328e-05,9.05249963427696e-05,5.947348431897381e-05,1.5543436873181729,0.0207398552515205,0.3359017883187146,0.6433583564297649,0.2344901962904482,-0.7485915614912978,-0.620181442730825,11356.191037773278,True,body,high
-0.0131620912156842,0.0027301603220337,-0.003019158136044,0.000116016379572,4.989128378878485e-05,0.0756351538910451,0.0756351538910451,0.0756351538910451,False,0.8738402645051868,6.403487989627339e-05,7.555276598534389e-05,0.0001690815930946,2.640460845222042,0.5531579481684327,0.068120283694192,0.3787217681373752,-0.032434357118773,-0.5713171711090848,-0.8200882284694768,15903.952175227172,True,body,high
-0.0127665499198419,0.0026671628808808,-0.0028234415271638,0.0004516390749476,0.0004387394600677,0.0786851079757662,0.0786851079757662,0.0786851079757662,False,0.8776056999485398,0.0001309785006062,4.6375101923786816e-05,5.584177600051996e-05,2.8243280375212647,0.5736569303966201,0.0722765494559408,0.3540665201474391,0.4133038112198938,0.2513155590679066,0.8752259419152839,6493.487936175968,True,body,high
-0.0131744111754135,0.0026547704897487,-0.0028899543209881,0.0002554732485494,0.0001536010065011,0.0882690445807891,0.0882690445807891,0.0882690445807891,False,0.9842222453053052,0.0001414145620081,9.969850986575084e-05,9.485092662357103e-05,1.490913869184953,0.2949912056438595,0.0342792366878117,0.6707295576683286,0.348824145913059,-0.4228062941187674,-0.836394974208704,11522.842801542392,True,body,high
-0.0129961802067095,0.0040681953766412,-0.0036132262998907,0.0013673676372675,0.0003488833050523,0.2941829638849416,0.2941829638849416,0.2941829638849416,False,0.1190008083850297,6.727265750250813e-05,2.6022734273077005e-05,6.124842119880597e-05,2.585149461872963,0.0895495514426133,0.5236256189881549,0.3868248295692317,0.1766322321453344,0.3096706056467362,0.934293942271778,5646.884948820525,True,wing_L,high
-0.012573716628161,0.0030950518877526,-0.0029252123229912,0.0006231962938102,0.0005045345772135,0.2181903259348114,0.2181903259348114,0.2181903259348114,False,0.1385601118857564,2.860792456502548e-05,2.4980037262548503e-05,6.526554310301856e-05,2.612707996271422,0.5616687886919254,0.0555865642112336,0.382744647096841,-0.6814585352692059,0.4117633397842244,-0.6050332360445086,6933.190175929082,True,body,high
-0.013704063711688,0.003215296154205,-0.0031331475178285,0.0007191439024091,0.0006747659303806,0.1552224574486131,0.1552224574486131,0.1552224574486131,False,0.0379374243128875,0.0002363790709013,0.0001021282217509,8.675154875239984e-05,2.7247821428069257,0.567947274851683,0.0650509071718334,0.3670018179764835,0.2953737476440638,-0.948191391502044,-0.116993308715152,4238.063666151742,True,body,high
-0.0135364791280082,0.002507174412543,-0.0033805635836974,0.000607488757995,0.0005049300960305,0.1613712611949184,0.1613712611949184,0.1613712611949184,False,0.2905582364189648,0.0001461620228859,6.217694006106646e-05,5.846544870960714e-05,2.499972652428303,0.5746026304686846,0.0253929938719782,0.400004375659337,0.6391153670863505,-0.7678432099835514,0.0441401454034241,3498.1490940913577,True,body,high
-0.0125256743760691,0.0028730112096186,-0.0026772435639993,0.0007101339048552,0.0007001557415874,0.162549933800871,0.162549933800871,0.162549933800871,False,0.0960691451560379,4.837899849056557e-05,4.244885286348848e-05,0.0001089359341427,2.5662868792499687,0.5558949498963772,0.0544370016536913,0.3896680484499314,0.7925897717776976,-0.4979585974022944,0.3519072163888037,6194.256289342882,True,body,high
-0.013134174484246,0.0027197844556995,-0.0028365217622716,0.0002606774365591,0.0002180751495164,0.1114923250066652,0.1114923250066652,0.1114923250066652,False,0.4935425185057336,0.0001146457399817,8.657146132761812e-05,6.306021031387472e-05,1.8180361183558789,0.2448785158401436,0.205077406430345,0.5500440777295112,0.3049296338007266,-0.6030654916117342,-0.737109171871611,12894.830740860103,True,body,high
-0.0126879863712578,0.002895689340176,-0.0028605615402715,0.0004807212937221,0.0004609983050705,0.1205594952226532,0.1205594952226532,0.1205594952226532,False,0.0723211342451239,3.473761976332641e-05,7.179908356635732e-05,7.931790736640948e-05,2.2833431854806547,0.0947935220393411,0.4672521632703355,0.4379543146903233,-0.1861093579452668,-0.4807739335136084,-0.856866227446883,8565.487022342597,True,body,high
-0.0126053548221869,0.0027269235549414,-0.002581642104725,0.0007126075486441,0.0007102589278028,0.0652639783215329,0.0652639783215329,0.0652639783215329,False,0.7150304863307131,3.1764476198562146e-05,7.527874320693887e-05,9.436452494524036e-05,2.970756525477095,0.2022558980652628,0.4611295085057442,0.3366145934289929,0.1369470355008677,0.7983496001307036,0.5864157445351125,7377.250050615604,True,body,high
-0.0140371349818881,0.0027492236077894,-0.0034157773433435,0.000989792971321,0.0009648472407893,0.2935251098805495,0.2935251098805495,0.2935251098805495,False,0.2481403424756483,6.572864107373337e-05,5.439729015130761e-05,2.5804616797610144e-05,2.54716594279442,0.172395940906711,0.4350108702479129,0.392593188845376,0.8061251213654971,0.0070651980655973,0.5917029420915165,5825.329745362265,True,body,high
-0.0128719175420222,0.002859481034401,-0.0028908608988782,0.0003053174066509,0.000298647522334,0.1450232907344346,0.1450232907344346,0.1450232907344346,False,0.0842888553365815,5.749840160739575e-05,8.998334006248052e-05,5.98530584662109e-05,1.5649711565357045,0.3348428895320895,0.0261676979003022,0.6389894125676081,0.6442639875924298,-0.6310862862333723,-0.4320347365891678,9062.923312084462,True,body,high
-0.0131713596169978,0.0028572170202997,-0.0030784614892618,7.515088659958707e-05,7.076530579796622e-05,0.1670410295269072,0.1670410295269072,0.1670410295269072,False,0.6240858468150245,7.679775207010157e-05,7.730138352592387e-05,3.3418919285797744e-05,2.3131024335300734,0.0065151674245701,0.5611650245529727,0.4323198080224572,0.847586661171521,-0.4963651397090956,0.1876659262777433,18662.20502373848,True,body,high
-0.0131408783807787,0.0027238101697985,-0.002848480926262,0.0002489031849601,0.0002069398243808,0.111850029443456,0.111850029443456,0.111850029443456,False,0.1580670150674416,0.0001440444127827,9.900022778228936e-05,0.0001095834195371,1.454990720824395,0.2392386666016109,0.073471726882272,0.687289606516117,0.512074704342383,0.8545510086353062,-0.086729872668198,14001.846223579349,True,body,high
-0.0128073512328493,0.0030545303391106,-0.0023287806242815,0.000842346185915,0.0008275460763133,0.1304113486508323,0.1304113486508323,0.1304113486508323,False,0.1430976784693607,6.553935858212623e-05,5.9874467415932846e-05,0.0001376999788274,2.2998113347868263,0.5240423481528986,0.0411393757241638,0.4348182761229376,0.5305646854753943,0.8355260413062514,0.1428192873021714,4161.2461284626925,False,body,high
-0.0121758022693716,0.002715172271648,-0.0024072412147847,0.0011536206369415,0.0011536203780076,0.2987640826228505,0.2987640826228505,0.2987640826228505,False,0.158972554428942,0.0001609359308204,0.0001206364125043,6.997251195490284e-05,2.2999878998799668,0.2504072155341181,0.3148078884009118,0.43478489606497,0.7456026516837284,-0.6558253719073076,0.118193770414664,8735.085543464016,True,body,high
-0.0126395811280888,0.0030198944283364,-0.0028419494168098,0.0005640011024675,0.0004991578912312,0.1299900530614636,0.1299900530614636,0.1299900530614636,False,0.262276363393376,0.0001378484514685,5.814328356574982e-05,7.849841298477976e-05,2.370840499791241,0.430545558194372,0.147663098150054,0.4217913436555738,0.1450445840654376,0.2051726310407785,0.9679185193522692,9754.662125738869,True,body,high
-0.0129295217966272,0.0027529272672068,-0.0029436525713166,0.0002326767528315,0.0002289124634049,0.0905734588174654,0.0905734588174654,0.0905734588174654,False,0.936958717859486,4.43227670825475e-05,4.906017585060272e-05,0.0001011857036012,2.28292839688448,0.5151471590893856,0.0468189536609296,0.4380338872496848,-0.0734965514617651,-0.6003689509107502,-0.7963387342742743,7995.034831211586,True,body,high
-0.0132704100753191,0.0028138526531859,-0.0031842472162297,0.0001931987944739,0.000192208642603,0.0830326780332659,0.0830326780332659,0.0830326780332659,False,0.9380211203187504,9.567953711002424e-05,0.0001068093632756,6.902401209442183e-05,1.5474232811845363,0.1042027199143714,0.2495616882089764,0.646235591876652,0.2932487377393197,-0.5745025485754314,-0.7641675205703464,21822.20585535639,True,body,high
-0.0137135495319708,0.0029965760074644,-0.0026019683633422,0.0007903986337204,0.0007878652211219,0.1432700446578599,0.1432700446578599,0.1432700446578599,False,0.1992339670846241,3.811744382386412e-05,8.991582915267228e-05,8.654958543252453e-05,2.3589155025232524,0.0374377209426834,0.5386386586773861,0.4239236203799303,0.1300888568495445,-0.5082789572817801,-0.8513103963350414,3739.6900716850537,False,body,high
-0.013022039241343,0.0028828857189319,-0.0029878329236054,0.000142449176959,0.0001250366438506,0.149403984686852,0.149403984686852,0.149403984686852,False,0.3722911302054651,0.0001779189501364,8.099894849357357e-05,6.824790441541498e-05,2.6069511094953355,0.5447424322623758,0.0716677120024377,0.3835898557351864,0.3512189828510129,-0.9266341877128952,-0.134142865060961,10722.978665471532,True,body,high
-0.0133086988284822,0.0029944216906365,-0.0032940233260347,0.0003445487796622,0.000302952615772,0.1615937797864616,0.1615937797864616,0.1615937797864616,False,0.1126626982118186,0.0001097199905709,4.315447227751636e-05,4.490373146651862e-05,2.54249408648421,0.5907424778943167,0.0159429396584881,0.3933145824471951,0.2292060860157695,0.3549645979335095,0.9063469006662036,9679.42519280544,True,body,high
-0.013129585600686,0.0016717210463506,-0.0029340918814945,0.0011525347187648,0.0002694312738612,0.299095187058748,0.299095187058748,0.299095187058748,False,0.2512976948494295,6.097799271525064e-05,7.14477894346306e-05,2.9195794695732388e-05,2.447194542201459,0.1465377277901514,0.4448310895412179,0.4086311826686305,-0.6076282358064332,0.1137972689000618,-0.7860267862112897,8101.393781702579,True,wing_R,high
-0.012437157016006,0.0039219545891523,-0.0033329952123648,0.0013197911502529,0.0003812146569954,0.4670054627194478,0.4670054627194478,0.4670054627194478,False,0.3173907263621853,7.812685705714271e-05,7.612543898196836e-05,3.1650808805334424e-05,2.468400019021796,0.0256175424247578,0.5692617347208117,0.4051207228544305,0.5193581401878697,0.1749611377806062,0.8364542560637209,8329.349153864712,True,wing_L,high
-0.0126615449491195,0.0031759240314093,-0.0023685940254804,0.0009130306208166,0.0008568428853283,0.1247144758931546,0.1247144758931546,0.1247144758931546,False,0.2463115777741091,3.896079893226587e-05,7.932070622347956e-05,6.17240303014306e-05,2.035910669115903,0.221842148914708,0.2869771646388422,0.4911806864464497,-0.2893233745353154,-0.7216237809359586,-0.6289285362703696,2856.655610405666,False,body,high
-0.0123400762951792,0.0028257427950205,-0.0026814849391517,0.0008652712578896,0.0008570506916561,0.1886659222884885,0.1886659222884885,0.1886659222884885,False,0.1312404750241638,3.162805782525115e-05,3.420868559711398e-05,5.8970489927836005e-05,1.8644992447419664,0.4199016213198127,0.0437613419020399,0.5363370367781474,0.2347917259994526,-0.7051316229328264,-0.6690756607008782,5287.758669642207,True,body,high
-0.0122933536762204,0.0027657216048272,-0.0023335832242153,0.0011053971219953,0.0011053774244847,0.1150432737984755,0.1150432737984755,0.1150432737984755,False,0.3307717427089215,7.903377120129335e-05,6.761212759941299e-05,0.0001628402137748,2.408446820955306,0.5146544617622631,0.0701401904180363,0.4152053478197006,0.4414867018717219,0.7799425852692781,0.4435978536398752,6208.589039920124,True,body,high
-0.0129586681147881,0.0027976766670803,-0.0024451240676637,0.0006506202185082,0.0006426786829121,0.123633997980765,0.123633997980765,0.123633997980765,False,0.1475048684874716,4.874760645863645e-05,0.0001040954543196,0.0001113143088947,2.2834825539418984,0.0648510927906719,0.4972213223132955,0.4379275848960325,-0.237668507135252,-0.5201168165228812,-0.8203610046108997,5326.962439623518,True,body,high
-0.0130445050305142,0.0024607519685724,-0.0026861005769598,0.0005321645978942,0.0003548576441303,0.1690261092395856,0.1690261092395856,0.1690261092395856,False,0.3099589524485201,0.000154033517337,6.563242936942139e-05,7.092599606158517e-05,2.34691171448248,0.5395418004615657,0.0343663300279054,0.4260918695105288,-0.0204670153108866,-0.0691772976283662,0.9973944068306684,4823.830092099519,True,body,high
-0.0132395266369001,0.0028516245403027,-0.0031556368033849,0.0001561556945445,0.0001550725062758,0.1025620556802301,0.1025620556802301,0.1025620556802301,False,0.6412438546615865,0.0001807340372565,6.781612689577968e-05,6.31584936533371e-05,2.8615951205003216,0.6247739057612087,0.0257706479263304,0.3494554463124608,0.39964525474893,-0.9055272865464804,-0.1424921179449274,33298.94611400493,True,body,high
-0.0131871487449189,0.0026617869309241,-0.0029317898041147,0.0002256519944941,0.0001176979030537,0.0793658796800431,0.0793658796800431,0.0793658796800431,False,0.8051811746327622,0.0001608908138893,8.013907827865333e-05,9.468941781851514e-05,2.007644926111196,0.4114678425107191,0.0904361112242684,0.4980960462650125,0.5723548936852857,0.8105198497571899,0.1243681986043366,10593.65416782088,True,body,high
-0.0125959393568793,0.0029375739848182,-0.0028147127014744,0.0005896050025482,0.0005583291586811,0.1376495418142512,0.1376495418142512,0.1376495418142512,False,0.2437602052143668,0.0001101424896098,3.94980657319624e-05,6.071790656501855e-05,2.7885540106519384,0.4487331203417399,0.1926580823460612,0.3586087973121988,0.2636516655306619,0.3892428806140841,0.882597178306252,8272.787673288825,True,body,high
-0.01327405643287,0.002893262837351,-0.0032750992991614,0.0002687226480584,0.0002587490957314,0.1494829776098586,0.1494829776098586,0.1494829776098586,False,0.4847671865965121,6.819650562370497e-05,7.791190092299447e-05,3.722699793142464e-05,2.092887024264351,0.1246971923954451,0.3974939300080684,0.4778088775964864,0.8353790199303194,-0.5273908969420422,0.1549217056545887,13867.745805693878,True,body,high
-0.0132714368960209,0.0022437736613203,-0.0030473038917204,0.0005946875672399,8.528691696714917e-05,0.2925190682538453,0.2925190682538453,0.2925190682538453,False,0.1788506612439394,5.797501571272862e-05,6.112529781052397e-05,2.635435242199348e-05,2.319362541403716,0.0515381063264606,0.5173089444693224,0.431152949204217,-0.6161292327805036,0.2571372942328776,-0.7444898793320847,3956.5626830652486,False,body,high
-0.0132814047229002,0.0028167381747761,-0.0031300287046895,0.0001799945264626,0.0001775127005596,0.2325702998690311,0.2325702998690311,0.2325702998690311,False,0.1024134288595726,2.3726711274629374e-05,6.390834916766173e-05,2.2770713627375343e-05,2.806602823849579,0.6287384733975364,0.0149588850237079,0.3563026415787556,0.7902943758737737,0.5141205812207287,0.3333389077613692,23201.764356500466,True,body,high
-0.0136895095590989,0.0027441811398006,-0.0022930226122764,0.0009786874984619,0.0009113610991078,0.3032946916245498,0.3032946916245498,0.3032946916245498,False,0.1165941430489168,6.277328084390034e-05,3.005496358696904e-05,7.002204387060947e-05,2.329799657483831,0.1035211574244217,0.4672573870792744,0.4292214554963038,0.063929991310962,0.3699374278649279,0.9268544954175176,2636.8480517196963,False,body,high
-0.0136066651335106,0.00324802049863,-0.0028519546320098,0.000697144304907,0.0006509660384537,0.1754865129963547,0.1754865129963547,0.1754865129963547,False,0.170605913451604,3.43700969997312e-05,2.8841072055469644e-05,4.696245058590577e-05,1.6283184791322431,0.2681366374427178,0.1177328881964459,0.6141304743608363,-0.7562883523021416,0.2941530484579671,-0.5843816494851602,3778.237221810124,True,body,high
-0.0132232344992655,0.0027569994312812,-0.0030749267202925,0.0001280539782559,9.733084782516004e-05,0.1124555073398946,0.1124555073398946,0.1124555073398946,False,0.9866758114566232,0.0001094810506268,5.958492669060733e-05,5.660923891522074e-05,1.9339784940540232,0.455751234122521,0.0271799344119382,0.5170688314655407,0.5545794352165652,-0.8178856916185813,-0.1533122483054463,18083.364699688813,True,body,high
-0.0133382809418739,0.0027966622162723,-0.0032391178741483,0.0002807945899281,0.0002776808818454,0.1434536216551751,0.1434536216551751,0.1434536216551751,False,0.1206888899658891,0.0001169298940202,6.202189532318863e-05,5.7089751607437375e-05,2.0481766118782057,0.4695805051150844,0.0421803488070846,0.4882391460778308,0.4874371346339876,-0.8705676326220965,0.0672089042505995,12908.747327261988,True,body,high
-0.0132340461804914,0.0028394260007817,-0.0030803162102358,0.0001272796413999,0.0001271223185733,0.1255899219402519,0.1255899219402519,0.1255899219402519,False,0.1846754663637494,8.991437140740182e-05,0.0001036136090454,0.0002397222673489,2.6661173691884685,0.5677764515109056,0.0571462876165217,0.3750772608725725,-0.1848774401338302,-0.3692949124577836,-0.9107368444080652,27563.47132151258,True,body,high
-0.0134176450625456,0.002876480362504,-0.0032127666702779,0.0003422620575203,0.0003421104179691,0.0906887366974428,0.0906887366974428,0.0906887366974428,False,0.5558662092583241,3.227124859096893e-05,3.9547027162768826e-05,9.24004566193094e-05,2.863243929308876,0.5720039855895639,0.0787418032118191,0.349254211198617,-0.1392450189051401,-0.6617449157178551,-0.7366847977470938,11536.449986418966,True,body,high
-0.0131006154282449,0.0025905779482,-0.003203113125638,0.000257209127657,0.0001758667698012,0.0871768303848196,0.0871768303848196,0.0871768303848196,False,0.1271834471450676,0.0001024363629989,6.792350681165888e-05,6.513409591010972e-05,1.5726995449558436,0.3369199684260378,0.0272306710223402,0.6358493605516219,0.263266572883524,-0.3872160794411602,-0.8836030893021947,10056.3536413901,True,body,high
-0.0133562296329224,0.0028903908580455,-0.0033488896759191,0.0003744053340976,0.0003688641429819,0.1512376360758612,0.1512376360758612,0.1512376360758612,False,0.44085262835766,0.000121787167726,4.650916969519181e-05,6.0867253495902206e-05,2.618562501205608,0.5002161998477195,0.1178948822671463,0.3818889178851342,0.0107625951661229,0.0620008868500752,0.9980180642528944,9545.321364558502,True,body,high
-0.013464622843798,0.0009905618634014,-0.0029221206957507,0.0018653293761074,0.0002258195916608,0.3149295185639302,0.3149295185639302,0.3149295185639302,False,0.2131712156016243,7.379864666815526e-05,5.001558878807436e-05,3.151439772229091e-05,2.341743837800069,0.322269566636152,0.2506982431395571,0.4270321902242909,0.5822431444704907,0.1015675698942672,0.806645491813404,5475.659272521155,True,wing_R,high
-0.0135869224444263,0.001734000976793,-0.0031999190625635,0.001188226233136,0.0003960296739436,0.4619574546959489,0.4619574546959489,0.4619574546959489,False,0.03760013649344,3.624898847151411e-05,3.353580208014027e-05,8.323019219835314e-05,2.481830969763554,0.5644730894634248,0.0325985837556136,0.4029283267809616,-0.4065979682141558,0.787228329590794,0.4636266270759355,5461.878338511532,True,wing_R,high
-0.0130560806777437,0.0037623644169838,-0.0036032459512892,0.0010845305175851,0.0003827592392671,0.416177428158615,0.416177428158615,0.416177428158615,False,0.1135601500575633,7.536106113076484e-05,7.773355625845933e-05,3.356767151768145e-05,2.3157267914014805,0.0305208617988104,0.5376492678930437,0.4318298703081458,0.2878750688777138,0.4560967122488623,0.8420829732243907,4894.636188914467,True,wing_L,high
-0.0134749326012179,0.0012413257117241,-0.0030751682219881,0.0016156985055292,0.0003074982964462,0.5316215749556858,0.5316215749556858,0.5316215749556858,False,0.0439952590843232,5.90680884081518e-05,5.482074414368942e-05,2.404250275544925e-05,2.456819450494353,0.0719059034907961,0.5210637794060144,0.4070303171031894,0.5425357734389012,-0.0719178689946964,0.836948477899515,11218.948029591891,True,wing_R,high
-0.0124961468798271,0.004450938702986,-0.0035390950580411,0.0018068098913779,0.0002290026682916,0.4189096114362049,0.4189096114362049,0.4189096114362049,False,0.17788629167937,6.277896830177688e-05,3.751357037090413e-05,2.7816318615946143e-05,2.256911461525604,0.4024500340531662,0.1544665676623347,0.443083398284499,-0.2086155629381206,-0.2776091493340263,-0.9377700715559488,5564.069263792667,True,wing_L,high
-0.0127314899194448,0.0035704818862754,-0.0032954813064485,0.0008721381186639,0.0001899374086674,0.2926390540985825,0.2926390540985825,0.2926390540985825,False,0.1477835594695912,7.257009080883306e-05,2.9789721627086858e-05,7.388759000386273e-05,2.4803048154931084,0.0178311296248909,0.5789926181042,0.403176252270909,0.2816093102442407,0.2448476796380627,0.9277638762959136,7710.851501222352,True,wing_L,high
-0.012987922211955,0.0024525465172275,-0.0026873741887242,0.0005464441881801,0.0003821769045559,0.1882308390880373,0.1882308390880373,0.1882308390880373,False,0.1720182539364566,8.85647941409766e-05,9.871357788522424e-05,3.897700227891814e-05,2.532610824681517,0.1028104133359219,0.502340133185274,0.394849453478804,-0.1964167578818766,-0.7919923526188212,-0.5780731533434822,4920.654347098981,True,body,high
-0.0132836499933179,0.003146255670614,-0.0031902223918071,0.0003908460909996,0.0002566136959006,0.155029027353622,0.155029027353622,0.155029027353622,False,0.0303110107291402,5.218779106812134e-05,6.267511877374184e-05,0.0001173616872027,2.248834158348652,0.4659661064222402,0.0893590400375089,0.4446748535402507,-0.2968716397646036,-0.614991659595163,-0.7305152210131299,5985.610750432445,True,body,high
-0.0138733357243903,0.0032449404738123,-0.0031683445108848,0.0008814567148898,0.000847291004912,0.164295277222313,0.164295277222313,0.164295277222313,False,0.18249620852131,2.727099318364116e-05,3.105873215900263e-05,7.010770590981357e-05,2.570779341907816,0.55698547319525,0.0540274271737547,0.3889870996309952,0.1943287763775816,-0.7134208553758826,-0.6732510748497442,4549.355696334929,True,body,high
-0.0137269564133438,0.0030192907466158,-0.0030341426598471,0.0006521591459582,0.0006510657735791,0.189364214347336,0.189364214347336,0.189364214347336,False,0.0177665216011618,4.719691102085785e-05,3.835482904789038e-05,3.480191511230516e-05,1.3561584432510183,0.1873445058525094,0.0752785268937425,0.737376967253748,-0.4159733811641166,-0.4862043631894172,-0.7684864757290566,5381.98886341349,True,body,high
-0.0123078993532645,0.0040501178276367,-0.0031919677429738,0.001476601664836,0.0004993811088127,0.2985830613778335,0.2985830613778335,0.2985830613778335,False,0.1485088183150615,7.408225809438392e-05,6.688384403865859e-05,2.8787294989443555e-05,2.573435889740604,0.0971678542324431,0.5142465960024927,0.3885855497650642,0.5154870257788824,0.216758888206022,0.8290287755182755,4313.116375055184,True,wing_L,high
-0.0130291358120856,0.0027773715396898,-0.0028574228733031,0.0002375230093046,0.0002301294189252,0.1225273908639581,0.1225273908639581,0.1225273908639581,False,0.4081502138035746,0.0001373620457878,7.165748438841127e-05,5.489346311005465e-05,2.5023388579528394,0.4783312670003315,0.1220426005029294,0.399626132496739,0.428433139426646,-0.8729964817181086,-0.2330712078932784,9901.486320472412,True,body,high
-0.012900631053803,0.0030893321196907,-0.0029919409945357,0.0003550769032678,0.0001981272943442,0.1310164902640739,0.1310164902640739,0.1310164902640739,False,0.1377296579246889,4.002456816850233e-05,5.710663206182486e-05,0.0001010292081558,2.524179842004512,0.434751265458598,0.1690804491604855,0.3961682853809164,-0.0576917194264332,-0.619434173254789,-0.7829259035909963,10235.765715302969,True,body,high
-0.0129647486343305,0.0026791097892961,-0.0026323408734715,0.0004876750576981,0.0004532876686599,0.0987598360835217,0.0987598360835217,0.0987598360835217,False,0.1936166223641425,9.633937427882088e-05,8.041997855602769e-05,5.814516888802645e-05,1.6568766781698967,0.1652428806182613,0.2312118989223921,0.6035452204593466,0.1892063586786232,-0.6304677775352049,-0.7528023215462318,5677.922446711628,True,body,high
-0.0130182085268069,0.0028543855398891,-0.0029585976049905,0.0001550467504924,0.0001507004222796,0.0985821440421564,0.0985821440421564,0.0985821440421564,False,0.9447218533869548,7.695582005215996e-05,9.544677555472396e-05,0.0001805493602429,2.346143022328702,0.4713535654389198,0.1024149599737237,0.4262314745873565,-0.1699931546019371,-0.3673344156568007,-0.9144220876939484,11451.381204211631,True,body,high
-0.0137366228818357,0.0008987071809214,-0.0029942009222189,0.0020182118030579,0.0003330546367122,0.3286339331834286,0.3286339331834286,0.3286339331834286,False,0.1874131862929048,5.347682258555549e-05,2.0696344864506475e-05,2.122700729999375e-05,2.5838776332562188,0.6030615456624505,0.0099232229932563,0.387015231344293,-0.9917583710776084,-0.1147302608123375,-0.0570289457330348,7912.438763331076,True,wing_R,high
-0.0139696004750325,0.0030996883724056,-0.0032206732387568,0.0009174907400694,0.0009128989020706,0.1464716960928079,0.1464716960928079,0.1464716960928079,False,0.1241676401532001,8.660226205076025e-05,9.46200003723482e-05,4.1919433879930224e-05,2.2571869802289823,0.0847361899179515,0.4722344958253474,0.4430293142567011,0.1259931146298158,-0.8002480388822796,-0.586283899941781,6606.694786898818,True,body,high
-0.0131603148084339,0.0026589138114765,-0.0031952170084375,0.0002019278429839,0.0001469584112801,0.1302172796177667,0.1302172796177667,0.1302172796177667,False,0.2033879023647342,4.767598714497197e-05,7.26854140494822e-05,0.0001201816249146,2.520799926998371,0.3952036003746885,0.2080969276482774,0.3966994719770341,-0.0831533750850435,-0.584923105810814,-0.8068150200018576,13249.953803925167,True,body,high
-0.0129790885831446,0.0027687194280761,-0.0030044237784887,0.0001563845347997,0.0001540471461551,0.0744349255321563,0.0744349255321563,0.0744349255321563,False,0.1295687075195256,2.9439460058868545e-05,6.838439646516898e-05,7.066423882354197e-05,2.400323874223182,0.0322630286029976,0.551126525307251,0.4166104460897513,0.333760654093864,0.7212747682845575,0.6069320673806036,9594.828641047796,True,body,high
-0.0127408816104379,0.0037412497633455,-0.0034109038314427,0.0010508754242446,0.0001900950397498,0.2753529712172156,0.2753529712172156,0.2753529712172156,False,0.1579028541136859,7.283647655809289e-05,3.1051268837233045e-05,7.06286655070107e-05,2.345684388612034,0.030311887057322,0.543373300577102,0.426314812365576,0.2389389528258261,0.2845695883312351,0.9284009512163852,7091.142053975945,True,wing_L,high
-0.0127683382436428,0.0025562065989292,-0.0020787941429035,0.0010868768821798,0.0010270963926135,0.1615718204936888,0.1615718204936888,0.1615718204936888,False,0.0221302934647724,9.766844663930512e-05,8.231970347630525e-05,4.147284264377188e-05,2.354997642149141,0.1571515027743158,0.4182196219766149,0.4246288752490693,-0.0447664385618396,-0.7606483783142756,-0.6476187231283168,3042.114145765196,False,body,high
-0.0127614992193731,0.0032647825798944,-0.0031405737459701,0.0005718648378738,0.0002302968295499,0.5891978737918039,0.5891978737918039,0.5891978737918039,False,0.0245466537089759,4.9133546562112855e-05,2.1076626088481585e-05,2.4198763137680467e-05,2.3311865170376787,0.5074899975500595,0.0635438975538228,0.4289661048961177,0.3610325855074551,0.8229332364041881,0.4386756895738931,4049.3702254816303,True,wing_L,high
-0.0134965907173,0.0018719273643132,-0.0031888436281983,0.0010256465420572,0.0003348460835172,0.4571261706841526,0.4571261706841526,0.4571261706841526,False,0.1127842168177096,1.898775961834444e-05,5.538322748719517e-05,3.8394353655544986e-05,2.916785792552818,0.3067512422525048,0.3504056176879079,0.3428431400595872,-0.3198471630401081,0.374806242226865,-0.8701827814217948,6488.25665170457,True,wing_R,high
-0.0128688613643572,0.0047825792700234,-0.0037687135405246,0.0020990706917096,0.0003910951276132,0.4910223483710889,0.4910223483710889,0.4910223483710889,False,0.0528258659214691,6.206396430188601e-05,2.1487304189995244e-05,2.726194402460343e-05,2.88840162326104,0.5607443976346997,0.093043360983512,0.3462122413817881,-0.1546899159302273,-0.1948310382732647,-0.9685617669693868,8185.978133980089,True,wing_L,high
-0.0130146760183596,0.0041216423155133,-0.0036255857469313,0.0014198774406049,0.0003696998416944,0.3556043836466424,0.3556043836466424,0.3556043836466424,False,0.0560373047122907,6.736664778596058e-05,7.40196883251346e-05,3.1490813790974554e-05,2.3505168464826736,0.0898820393562083,0.4846796143939422,0.4254383462498495,0.2381179781608849,0.2198212003380766,0.946033016526643,5307.294093223076,True,wing_L,high
-0.0126848906184502,0.0027553996003111,-0.0022645291702835,0.0009192747806594,0.000912623132174,0.191177251576361,0.191177251576361,0.191177251576361,False,0.1709001587631984,8.749951477481388e-05,9.195941481094928e-05,4.507466495159469e-05,2.0401574789231103,0.0484985691275231,0.4613431904763254,0.4901582403961514,-0.0330098534066283,-0.7824126214011704,-0.6218849085242557,4597.061045659918,True,body,high
-0.012988517677068,0.0029173666127332,-0.0024420222962197,0.0006552185299292,0.000655200817714,0.2167422736737951,0.2167422736737951,0.2167422736737951,False,0.0923535823336088,3.99188614761843e-05,4.052781427740131e-05,9.232514477713334e-05,2.312820089626423,0.5610316737089044,0.0065957416334085,0.4323725846576871,0.1416637033416683,-0.7881634185547216,-0.5989405820343605,4964.347264032358,True,body,high
-0.012677687845487,0.005106162282551,-0.0038460784740856,0.0024546704468075,0.0003403606282073,0.5054729580654239,0.5054729580654239,0.5054729580654239,False,0.0793011786673501,2.239341284613468e-05,2.4550952243505944e-05,1.0840091973812389e-05,2.264828776620752,0.0878800698226263,0.4705854484881863,0.4415344816891873,0.1187324652687211,0.2564622356946065,0.9592339252516752,7601.738832139198,True,wing_L,high
-0.0129049311743166,0.0023399478188266,-0.0027439118943946,0.000615604272493,0.0004010799089489,0.2174351515731687,0.2174351515731687,0.2174351515731687,False,0.3034591850452945,4.861696083641441e-05,3.691577822718343e-05,2.792532176680244e-05,1.7409633178948776,0.2406810793583527,0.1849242796280899,0.5743946410135574,-0.4689528511224918,-0.5971359754972178,-0.6507778808403621,3754.796171691506,True,body,high
-0.0131827093500534,0.0028628109214531,-0.0032370079794331,0.0001817074590329,0.0001721374865497,0.2860625485680031,0.2860625485680031,0.2860625485680031,False,0.092252187016378,6.867764963060387e-05,5.931403632960653e-05,2.9775236206909167e-05,2.3065358458740834,0.1363414932130229,0.4301079067437158,0.4335506000432612,0.7147342186291086,-0.1855205453745408,0.6743419933272513,13539.11734430384,True,body,high
-0.0131030039631829,0.0012730680877969,-0.0027235759771008,0.001582191366505,0.0003880114787121,0.3819266902827812,0.3819266902827812,0.3819266902827812,False,0.0686778387565899,5.160059658701744e-05,2.0019700020576213e-05,1.876595492087525e-05,2.749692024977472,0.6120258030967589,0.0242971047357308,0.3636770921675102,0.0684628854879954,0.1661147633179856,-0.9837269533353588,6820.564293963886,True,wing_R,high
-0.0136123968108319,0.0031159041167455,-0.002405143105247,0.000892368202516,0.0008916004478868,0.5733059621961925,0.5733059621961925,0.5733059621961925,False,0.1070777313501871,4.03750861002787e-05,1.4096059563304352e-05,1.6368222163536055e-05,2.864281746182839,0.5945959812226117,0.0562763530606073,0.349127665716781,0.1896489704881099,0.9566558985522664,0.2210039813169791,3436.9610900081507,False,body,high
-0.0125612220395585,0.0041523498551553,-0.003459905389185,0.0014948204257273,0.0002282093935076,0.4147389263403974,0.4147389263403974,0.4147389263403974,False,0.0219678335522405,5.431818297037676e-05,8.624201099433494e-05,3.636224261058755e-05,2.3717462071281585,0.3701656264260256,0.2082041009105028,0.4216302726634716,0.0568937404138525,-0.3199320294813739,-0.9457307221475096,7412.210429553859,True,wing_L,high
-0.0130103670007413,0.0043902054517602,-0.0037406720376011,0.0017117593304153,0.0004573114530473,0.4540625845193278,0.4540625845193278,0.4540625845193278,False,0.0638839152483049,6.464330665262453e-05,2.856506838288852e-05,3.602838166307044e-05,2.263019495915093,0.4426587449080054,0.1154537672444221,0.4418874878475724,0.1139024926271006,0.2843735616123131,0.951923263519314,6178.604378058289,True,wing_L,high
-0.0124830046797824,0.0042705117521485,-0.0034325799954831,0.0016236320272704,0.0002560651671883,0.3798255676458519,0.3798255676458519,0.3798255676458519,False,0.0076695899904391,3.523142980099009e-05,7.295194482996378e-05,2.633209357362443e-05,2.770457450562768,0.5170597592277023,0.121989019595135,0.3609512211771627,-0.1032870498321086,0.2053480070186161,0.973223500204584,6311.906200199237,True,wing_L,high
-0.013325711699659,0.0027285818858295,-0.0029942080616427,0.0002477518157725,0.0001969703885307,0.1709917854117895,0.1709917854117895,0.1709917854117895,False,0.0755670843654373,3.808252591338748e-05,9.062536899242874e-05,3.5663184302757674e-05,2.541146304353453,0.579780735385816,0.0266960745928871,0.3935231900212967,0.8334609152618166,0.071299669095559,-0.5479591772365879,9335.303367125993,True,body,high
-0.0136151079827733,0.0012454906208955,-0.0030585486044926,0.0016492284569189,0.0003142115793303,0.4389866304732409,0.4389866304732409,0.4389866304732409,False,0.0741814790655533,2.286445792560385e-05,6.273485910654839e-05,3.614849554557432e-05,2.743771984915385,0.4237893244618594,0.211748903387333,0.3644617721508075,-0.5260761823659299,0.4001766732777601,-0.7504015461815319,9524.252832094084,True,wing_R,high
-0.0139339568030214,0.0011129397306288,-0.0025554052684981,0.0019622771273756,0.0004152324344783,0.3575141863656426,0.3575141863656426,0.3575141863656426,False,0.0130489108394145,4.783808042201214e-05,2.0966404201388728e-05,4.975222526664327e-05,2.37294982910555,0.0384735523762488,0.5401100368195936,0.4214164108041575,0.7232998708498147,-0.4591445486971228,0.5157747378753215,1993.8667333597584,False,wing_R,high
-0.0132470219800747,0.0021107793150457,-0.0030515868214357,0.0007181414150946,0.0001176178179913,0.2235722022217343,0.2235722022217343,0.2235722022217343,False,0.019990293878439,3.191660709817387e-05,2.349691709483239e-05,6.82864463682715e-05,2.906187483773756,0.5326069989636546,0.1232995777512532,0.3440934232850922,0.8481555521773441,-0.437277156193028,0.2990331887641939,3984.349893082796,False,wing_R,high
-0.0133812885263884,0.0033004083679108,-0.003358265844556,0.0006230897619088,0.0004307656702278,0.3021218535320675,0.3021218535320675,0.3021218535320675,False,0.0251456941083161,8.261328935465776e-05,3.155213866511145e-05,5.3946744421203975e-05,2.618310290516276,0.3469967744582677,0.2710775219220818,0.3819257036196505,-0.2291268722373107,-0.3389878340878371,-0.9124626703373592,3587.6980380826576,False,body,high
-0.01352234709684,0.0025728276506394,-0.0021705691977679,0.0010259657867655,0.0008941493836374,0.3113877503034016,0.3113877503034016,0.3113877503034016,False,0.0257230387840085,5.1072828559338674e-05,7.019086206614974e-05,3.12129298900583e-05,2.2487751810991123,0.2723721143187231,0.2829413699259581,0.4446865157553187,-0.3906528174354719,0.5767634734109691,0.7174498393397564,2144.775222316946,False,body,high
-0.0131064733275648,0.0022775453691932,-0.0035855826310189,0.0007394031433678,0.0006126659172564,0.2594300963462281,0.2594300963462281,0.2594300963462281,False,0.0050574087661687,1.0825194942595812e-05,1.123707246638503e-05,2.5033433544071783e-05,2.3125157262127725,0.5511174107777915,0.0164530975371037,0.4324294916851047,0.1615141961564771,0.9847942916647956,0.0639794306348557,2144.0604996652373,False,body,high
-0.0130593800971255,0.0043235982819947,-0.0037198611789779,0.0016402108278014,0.000473408572075,0.4746371513606824,0.4746371513606824,0.4746371513606824,False,0.0304129978604815,2.0182836362999603e-05,4.530976758961792e-05,2.975809003531261e-05,2.244965314819801,0.3432301329629586,0.2113286865436722,0.4454411804933691,0.1281415127273573,0.2318734149403468,0.9642688795973072,5497.228261866268,True,wing_L,high
-0.0132522483337878,0.0029955650188949,-0.0031147407883192,0.000233275335915,0.0001831365351769,0.432783458141039,0.432783458141039,0.432783458141039,False,0.0306680327599663,1.8450998862819044e-05,5.006607935619409e-05,2.021357932631045e-05,2.713461733341884,0.5962619884313018,0.0352050826858552,0.3685329288828428,0.9050890162098372,-0.3266646986400334,0.2722205859201784,10708.207178851602,True,body,high
-0.0125458485730813,0.0037906401306738,-0.0033351911309444,0.0011555315626189,0.0003110212189524,0.4236138518596641,0.4236138518596641,0.4236138518596641,False,0.0045587485510753,9.032467056552318e-05,9.26317962237644e-05,3.590544799183742e-05,2.579881366326996,0.024906411753779,0.5874788657042652,0.3876147225419557,-0.2004067097898428,-0.1596542007946147,-0.9666166183341992,9622.934311922028,True,wing_L,high
-0.0130643159133506,0.00234260207645,-0.0023885923204091,0.0008368590108748,0.0006121352676829,0.1837694707966277,0.1837694707966277,0.1837694707966277,False,0.1020982820712683,7.135967334510281e-05,7.70978152879758e-05,3.1634543506421925e-05,2.437140124128065,0.0744267774831216,0.5152562324924456,0.4103169900244327,0.7934154835124717,-0.5889586304692928,0.1536867011761455,3302.459902273896,False,body,high
-0.0131354085336565,0.0016916494720989,-0.0029190086485479,0.0011349007634752,0.0002548719409906,0.4153729714944325,0.4153729714944325,0.4153729714944325,False,0.0474498227547162,6.258761444677012e-05,7.855323104220196e-05,2.613343046518646e-05,3.005852260645472,0.2032458294026692,0.464069822436699,0.3326843481606317,0.0213016401329855,0.3054370586076532,0.9519739719954268,7535.784623162741,True,wing_R,high
-0.0137325962740341,0.0013618453816039,-0.0030835599544359,0.0015813252660822,0.0003930739481933,0.3161347239141366,0.3161347239141366,0.3161347239141366,False,0.0211585509803632,2.933604295686037e-05,6.75975567011025e-05,3.383443068790741e-05,2.3042493086237625,0.4994725794970104,0.0665466024302868,0.4339808180727027,-0.9084054402141404,-0.187901543337277,-0.3734870361884381,13440.483228893352,True,wing_R,high
-0.0137380287299092,0.0008541534360274,-0.0030113930276324,0.0020603667923939,0.0003524425744698,0.3331911926285008,0.3331911926285008,0.3331911926285008,False,0.0429738150494941,9.573936829460528e-05,4.222879625871663e-05,3.972460967795922e-05,2.410077004424924,0.5589192094022191,0.0261562889474225,0.4149245016503584,-0.5238116386519301,0.4299231310227706,-0.735382532172445,7339.799847007185,True,wing_R,high
-0.0136009445411723,0.0012798440484892,-0.0030725084670693,0.0016120848354298,0.0003187590957416,0.4313679370758054,0.4313679370758054,0.4313679370758054,False,0.1052468133892436,4.00460256845375e-05,3.534504386868269e-05,8.272468925720475e-05,2.340489081426847,0.5159120445889162,0.0568268295482946,0.4272611258627892,-0.5329903088250798,0.6640649045618937,0.5243463866832201,10119.778329719416,True,wing_R,high
-0.0133392631900903,0.0009333640019405,-0.0028636588504724,0.0019077889178106,0.0002799633764112,0.2805687236047545,0.2805687236047545,0.2805687236047545,False,0.0835847139992441,6.742700165080337e-05,7.920633617613123e-05,2.862585487807096e-05,2.766950943945706,0.1487170735827767,0.4898742783209951,0.3614086480962281,-0.5664987865210558,0.0926716360143645,-0.8188352048786083,7588.479825973727,True,wing_R,high
-0.0126951831477326,0.004275403265554,-0.003647071812593,0.001621089370039,0.000272444548331,0.474619956780459,0.474619956780459,0.474619956780459,False,0.0156804127820724,2.148312425102357e-05,1.98052289666164e-05,5.208655734416293e-05,2.6299396705768867,0.5875495454792028,0.0322135954065931,0.3802368591142041,-0.0511993677505029,-0.2633900771159261,-0.9633297940055704,6150.075753982672,True,wing_L,high
-0.0138160033137658,0.0014843643326857,-0.0028468971650581,0.0015243939017554,0.000363911618536,0.4269484612636787,0.4269484612636787,0.4269484612636787,False,0.0043296330865871,8.592225399004432e-05,3.2173313552667085e-05,7.659251523785659e-05,2.670606303867063,0.108583496346229,0.5169696978658903,0.3744468057878807,-0.5729718473853423,0.2842160082325237,-0.7687161522748159,3481.017861221615,False,wing_R,high
-0.0137346580663587,0.0013632011159405,-0.0030782450209445,0.0015808838958176,0.0003904323004864,0.3199643001489318,0.3199643001489318,0.3199643001489318,False,0.0151603450572493,6.735135901076452e-05,3.000893799085418e-05,7.474835899926923e-05,2.490869854243102,0.0989586940440663,0.4995751280676999,0.4014661778882337,-0.0593543159528754,-0.2904359932755707,-0.955051830524291,13430.152413745194,True,wing_R,high
-0.0128778396720375,0.0048583976138733,-0.0037799181783096,0.0021729163937552,0.0004069770958128,0.3863596342369531,0.3863596342369531,0.3863596342369531,False,0.0198925869154474,8.01721778217027e-05,7.249628318416188e-05,3.118558602921312e-05,2.57080876231094,0.0957426235147494,0.5152747284328592,0.3889826480523913,0.0439228985668555,0.2388549344555262,0.97006138943251,9421.25131110947,True,wing_L,high
-0.0127360145264248,0.0039720305729825,-0.0035533420694198,0.0013053197708174,0.0002478289069451,0.3293310986935657,0.3293310986935657,0.3293310986935657,False,0.0285956252150246,4.654209245598125e-05,2.95413540928183e-05,6.634930115922458e-05,2.245980361995476,0.29852927396643,0.256230857991476,0.4452398680420939,0.1352393402104887,0.2057100674341844,0.9692232400307242,6697.253714234004,True,wing_L,high
-0.0121928119440794,0.0040975741386569,-0.0032053496180889,0.0015813697201122,0.0005955530238829,0.4514326481478263,0.4514326481478263,0.4514326481478263,False,0.019837726179304,6.0909642951132855e-05,2.767771295792344e-05,3.25154542855019e-05,2.200674710505513,0.4661690216836652,0.0794248840279645,0.4544060942883702,0.4347897641071908,0.248687977629975,0.8655126520218676,3639.925087929143,True,wing_L,high
-0.0133526840124062,0.0007675873249498,-0.0033470200528979,0.0020794093498854,0.0007063055955618,0.3672595641265292,0.3672595641265292,0.3672595641265292,False,0.0056307162621091,5.832321862380179e-05,2.4197655431567167e-05,6.093793835891986e-05,2.518340610777645,0.0429079126326454,0.5600052136853996,0.3970868736819549,0.0306553688377918,-0.4021093067490888,-0.9150783320498777,2179.155202133219,False,wing_R,high
-0.0128838527801477,0.0048420603706785,-0.0037824886734182,0.0021577623136117,0.0004125217168945,0.4487920726166756,0.4487920726166756,0.4487920726166756,False,0.0411704101788954,5.44048647642074e-05,2.3783075474255662e-05,2.8263147480824164e-05,2.2875453943329886,0.4805033041931518,0.0823469008880968,0.4371497949187513,-0.0688152490073135,-0.1680440915860268,-0.9833746207763796,9065.74795744924,True,wing_L,high
-0.012566752247497,0.0025989073336071,-0.0032098444391924,0.0005986085683311,0.0005964871271285,0.2507085916285735,0.2507085916285735,0.2507085916285735,False,0.0479112406613019,0.0001255450653041,6.969898380826961e-05,5.411229915226316e-05,2.3200837382816704,0.4448289652851965,0.1241521091907478,0.4310189255240557,0.2557988744511202,-0.6791069975222971,-0.6880266141260747,3492.605105410526,False,body,high
-0.0132875644626536,0.0008771207438453,-0.0034232578278703,0.0019765573203328,0.000767806892963,0.3391503494657828,0.3391503494657828,0.3391503494657828,False,0.0052592978685534,8.220900574257983e-05,2.989699042568932e-05,7.013666223274238e-05,2.749741849331458,0.1468494041594354,0.4894800933738952,0.3636705024666694,-0.0539364810461777,0.4237388063964268,0.9041771286457576,2019.8353362857624,False,wing_R,high
-0.0122950894333869,0.0026446774720427,-0.0024595742336876,0.0010363398233075,0.0010328521182054,0.2028078413474575,0.2028078413474575,0.2028078413474575,False,0.0109629888686564,1.9597484479979144e-05,5.827896082542363e-05,2.109387914952601e-05,2.9737980343835257,0.6380532725572552,0.0256764130374486,0.3362703144052962,0.515763532600136,-0.8513478183257612,0.0958898882666745,7255.932174635413,True,body,high
-0.0136159866763278,0.0017197307667411,-0.0028199067767818,0.0012341808059272,0.0002252268280026,0.2642907336775942,0.2642907336775942,0.2642907336775942,False,0.0065149335430035,2.267142870912905e-05,2.4029436938116696e-05,6.545984028317912e-05,2.8873275311855657,0.6329132971579918,0.0207456697589378,0.3463410330830704,0.140959904262415,-0.9899850716724404,0.00773713487308,2793.1043162421643,False,wing_R,high
-0.0126193526322632,0.0032153712524919,-0.0038167021487486,0.0009726329494162,0.000732646657883,0.4441805790989857,0.4441805790989857,0.4441805790989857,False,0.0053500850258657,2.555664776001029e-05,5.69144904023893e-05,2.7876947352431903e-05,2.226993576655469,0.5101959596696729,0.0407681695121389,0.4490358708181882,0.8436479735965394,-0.3538229093539152,-0.4038161035208772,1570.2988107106703,False,wing_L,high
-0.0127069719519019,0.0040504864255423,-0.0035388425582627,0.0013785841215064,0.0002228684237347,0.3479923108246505,0.3479923108246505,0.3479923108246505,False,0.2073800503181442,6.757299959633245e-05,7.052750084097939e-05,3.121373360858436e-05,2.259502234669646,0.0418914779258739,0.5155331686816534,0.4425753533924726,0.2854266300813146,0.1969960810639188,0.9379361294277356,7706.42331383416,True,wing_L,high
-0.0132034135496035,0.0019949108659642,-0.0023961712767381,0.0010706331605835,0.0005242533850357,0.2724819029792096,0.2724819029792096,0.2724819029792096,False,0.0259781862936163,2.779741078878924e-05,5.616714891160802e-05,6.303976640150806e-05,2.2678287154331707,0.1090203514735046,0.4500292393554953,0.440950409171,0.3477425535384568,0.1425780289596973,0.9266858270830096,1990.83188797226,False,body,high
-0.0136156290217031,0.003251166864319,-0.0028048151615682,0.0007219869106856,0.000680454957107,0.1974108323166636,0.1974108323166636,0.1974108323166636,False,0.0391676949148017,8.95669034767679e-05,9.974097208467696e-05,4.279422911860197e-05,2.330710802343233,0.1020049072639034,0.4689414327991249,0.4290536599369716,-0.1401882970738736,0.6993640869103388,0.700883096745524,3692.624031756992,True,body,high
-0.0128771270591995,0.002980319561985,-0.0022212962298207,0.000902689992551,0.0009013431484201,0.3677641822850677,0.3677641822850677,0.3677641822850677,False,0.0335572397257222,4.226969265513939e-05,8.353260147013817e-05,0.0001100520872355,2.603569610345952,0.2409721290308376,0.3749398112429144,0.3840880597262479,-0.8108703620025106,0.5449059602688059,-0.2134636982942258,4039.811177537541,False,body,high
-0.0134405444444172,0.0012166826167119,-0.0030602865635702,0.0016324764674068,0.0003024580908786,0.5188071716492606,0.5188071716492606,0.5188071716492606,False,0.033490451460564,5.4002902989920456e-05,5.569259571882861e-05,2.402341071833511e-05,2.3182634793952466,0.0303396296599063,0.5383030164896742,0.4313573538504195,0.492221832352373,0.0163322076898292,0.8703165669729886,9430.375063816376,True,wing_R,high
-0.0130063320570744,0.0043938495571154,-0.0036510127790823,0.0016827393928388,0.0003903161837311,0.4249924111979928,0.4249924111979928,0.4249924111979928,False,0.0096102827588002,4.871474957315365e-05,6.0901743500576e-05,2.044857412551158e-05,2.9782880276525083,0.2001091139091459,0.4641275244833464,0.3357633616075076,0.0555114312225122,-0.2792248738547038,-0.9586198155809492,6040.547123405099,True,wing_L,high
-0.012629911062308,0.003299904393933,-0.0019558287085942,0.0013128949820253,0.0012619809933816,0.3311697270738926,0.3311697270738926,0.3311697270738926,False,0.0083046810176011,3.1288599801610834e-05,6.781011243414343e-05,3.068866184331012e-05,2.209614507806423,0.5385850475915662,0.0088473228662372,0.4525676295421965,0.4547555136633616,0.6176565589457474,0.6416368115874201,2238.2685219829777,False,body,high
-0.0126548796813816,0.0035804124717694,-0.0032553958470579,0.0009075353996515,0.0002536000116321,0.3722203718152415,0.3722203718152415,0.3722203718152415,False,0.0336284564395653,8.312366048600498e-05,3.643677198649064e-05,7.009821244421076e-05,2.2813124202337147,0.1566996444290039,0.4049561852895961,0.4383441702813999,-0.2881106167033196,-0.3124003264713813,-0.9052062243286926,6214.539909564379,True,wing_L,high
-0.0127194405510633,0.002444384083619,-0.0030300148987894,0.0005399681899273,0.0004685197853887,0.2335486485744513,0.2335486485744513,0.2335486485744513,False,0.0193447511231129,3.5619812581108695e-05,1.3888403550889318e-05,1.590017405113955e-05,2.5647161281418733,0.553614325877381,0.0564789748870602,0.3899066992355587,0.921220343852143,-0.3584818773484595,-0.1511417271492661,4765.942078371621,False,body,high
-0.0137409439452237,0.0014106301135911,-0.0030857605945999,0.0015400284191566,0.000401229684029,0.4275255568582793,0.4275255568582793,0.4275255568582793,False,0.0145401563586533,2.938305401889013e-05,5.586915571250591e-05,6.819026233293983e-05,2.320734335140958,0.1806871861010882,0.3884147206282481,0.4308980932706636,-0.0323938642833112,-0.1998924758775992,-0.9792822042926737,10141.320184869684,True,wing_R,high
-0.0137316016241099,0.0013923799297668,-0.0030698224856218,0.0015529223532354,0.0003827438425093,0.3667199388871692,0.3667199388871692,0.3667199388871692,False,0.0263218469501998,6.335709106678513e-05,6.292732327423764e-05,2.782223492405956e-05,2.2772106999929203,0.006783262698953,0.5540830198970715,0.4391337174039754,0.0368882493111904,0.2036311231647695,0.9783525043364534,11477.092448784955,True,wing_R,high
-0.0130095075926288,0.0038284677060826,-0.0035806040912926,0.0011356265387151,0.0003368790830256,0.4476648008974049,0.4476648008974049,0.4476648008974049,False,0.0211403527687222,3.1655155680940816e-05,7.933099476303411e-05,3.511687480074744e-05,2.506100287821309,0.5573372689244172,0.0436364012596458,0.3990263298159369,-0.8484406107061178,0.4505914136931025,0.2776975117113597,5705.698368955791,True,wing_L,high
-0.0127092970193593,0.0034637850336025,-0.0032648935897968,0.0007846571498443,0.0002334222346355,0.4613957104292974,0.4613957104292974,0.4613957104292974,False,0.2497622715090794,6.028281055143941e-05,2.434558887366092e-05,2.668950927156541e-05,2.4761286680832093,0.5572616965363416,0.0388820689756065,0.4038562344880518,-0.9840371331130724,-0.0595184109881428,0.1677154715822378,5652.68860757862,True,wing_L,high
-0.0124863050100143,0.0042026297002566,-0.0034092991778556,0.0015566297254351,0.0002675572216442,0.3806161021856731,0.3806161021856731,0.3806161021856731,False,0.0174464486721758,4.0887223381895545e-05,2.734860620197185e-05,6.741099200521612e-05,2.464878520952039,0.3934635559326619,0.2008369373777515,0.4056995066895866,-0.0473428515339554,0.3156638702819049,0.9476892821000368,6537.367710802401,True,wing_L,high
-0.013869127521954,0.0012807869964721,-0.0031452683279659,0.0017135184609607,0.0005289971378323,0.4112305089659445,0.4112305089659445,0.4112305089659445,False,0.0220461798569278,3.74708784619569e-05,3.5091029988330924e-05,8.42649476305333e-05,2.401324431302089,0.5553206936500916,0.0282424488538297,0.4164368574960786,-0.4422321609945096,0.8059867310112843,0.3934667777791029,8303.533747649675,True,wing_R,high
-0.0126035982123534,0.0043457642315201,-0.0036300486998358,0.0017039675593148,0.0002618565683928,0.4333600745320837,0.4333600745320837,0.4333600745320837,False,0.0391539423179474,2.98475060932602e-05,7.450446205595215e-05,3.318042491963407e-05,2.4961704278795964,0.5546518422652876,0.0447344861556196,0.4006136715790927,-0.646668949795481,0.7415787425278291,0.1785503794486409,7010.858785060236,True,wing_L,high
-0.0128945799326114,0.0046126724561406,-0.0037117559997145,0.0019181313664514,0.0003626120526801,0.4187092539073528,0.4187092539073528,0.4187092539073528,False,0.0248508788805165,6.299325115075072e-05,2.2415741014006284e-05,5.668584395053576e-05,2.8102239007575047,0.1001283008098843,0.5440281666764086,0.3558435325137071,-0.0454269289855555,0.2558020158587795,0.965661287825874,5995.434699088589,True,wing_L,high
-0.013159199388327,0.0028240164613984,-0.0030774290929659,5.085179036039451e-05,5.072548507895025e-05,0.2068948591838182,0.2068948591838182,0.2068948591838182,False,0.032231852117433,4.788322181419237e-05,0.0001074983249993,0.0001032361877287,2.2450102755510177,0.039648406341062,0.5149193339983184,0.4454322596606195,0.1488390682660947,-0.4361348951653069,-0.8874870618644688,19556.66756921006,True,body,high
-0.0127653621246051,0.0037354387606779,-0.0034208440604175,0.0010406236043702,0.0001850811060702,0.2591340662477916,0.2591340662477916,0.2591340662477916,False,0.2103464212418161,7.240266190955676e-05,3.352643259493751e-05,7.638942958445743e-05,2.2784836820363714,0.0521900437873126,0.5089215815080416,0.4388883747046458,0.2191350925408793,0.2526973945773449,0.9424032247349972,7477.784119008208,True,wing_L,high
-0.0136996248196488,0.0013469412719778,-0.0030822654517127,0.0015824321402226,0.0003714747823202,0.3284834128243917,0.3284834128243917,0.3284834128243917,False,0.0262643600739718,7.353624544963111e-05,3.13186921103168e-05,3.381530175005907e-05,2.347998607049344,0.5401546333607559,0.0339507357831089,0.4258946308561352,0.423210390344918,-0.8782913048369083,-0.2224799976446945,12945.427197347932,True,wing_R,high
-0.0128701191373684,0.0033144961786847,-0.0028208349953834,0.0006104285628819,0.0003725012843384,0.1166053765057996,0.1166053765057996,0.1166053765057996,False,0.205888357071932,8.523425350799355e-05,9.900447650231128e-05,4.222883653125424e-05,2.344475591437062,0.1390868724405231,0.4343785099023814,0.4265346176570955,-0.0729688381965191,-0.8408525772251663,-0.5363231227777199,4029.637780927068,True,body,high
-0.0134673706030221,0.0012937300337594,-0.0028477575904561,0.0015797952806081,7.67895724026097e-05,0.2707519613281963,0.2707519613281963,0.2707519613281963,False,0.0072611964684808,7.592482270334551e-05,6.615741110841131e-05,3.34295020550485e-05,2.271192151720351,0.1286458268476643,0.4310567728453938,0.4402974003069418,-0.0517143931267843,-0.2861252854280115,-0.956795663965022,4638.160270740271,True,wing_R,high
-0.0137140564238028,0.0031641481319861,-0.0029617477690898,0.0007079967077249,0.000688529363033,0.172936847424009,0.172936847424009,0.172936847424009,False,0.0536844122913075,5.923337115875704e-05,6.723532895116502e-05,0.0001621981669699,2.7382903217714087,0.585474175157388,0.0493344526753625,0.3651913721672495,-0.2697498203688548,-0.5693093219408379,-0.7766092520452185,4816.793015103107,True,body,high
-0.0137378967617992,0.0026624922782769,-0.0030340994008368,0.0006484807595403,0.0005725545163997,0.2095813247607577,0.2095813247607577,0.2095813247607577,False,0.2145361984628897,3.554753055826878e-05,3.3688769104001846e-05,8.814256490294755e-05,2.616378313818453,0.59670415085595,0.0210881253150913,0.3822077238289587,-0.7755396680917082,0.2943329401729665,-0.558485759483033,5089.967677708615,True,body,high
-0.0128516812646177,0.0034174235408621,-0.0028678697468665,0.0006879054574969,0.0003452829471351,0.4637089394892786,0.4637089394892786,0.4637089394892786,False,0.0946855289811774,1.3003173807833097e-05,1.817128412507018e-05,1.0466973617738156e-05,1.7360590356581862,0.2844108474484119,0.1395718746478598,0.5760172779037283,0.457621173193375,0.2368759741468974,0.8570137891055647,3271.6850032976763,True,wing_L,high
-0.0128823807709839,0.0031099484089387,-0.0030224143368783,0.0003760968513387,0.000190151538387,0.1835397221163461,0.1835397221163461,0.1835397221163461,False,0.0179891453459799,6.645195026891877e-05,6.162980117565028e-05,0.0001562949225349,2.536028342675716,0.5748297565196172,0.0308528838625014,0.3943173596178814,0.523895977265808,0.7645629572527837,0.3754683600539223,9572.280838406818,True,body,high
-0.0125415749368671,0.0026690960538229,-0.0022678056208141,0.0009998191579592,0.0009873346214046,0.3069758156419706,0.3069758156419706,0.3069758156419706,False,0.0317848939194571,0.0001922133149464,0.0001025750802657,6.447497875254352e-05,2.981207883513576,0.4663476861925024,0.1982178056907991,0.3354345081166985,0.598707750300408,-0.7786056087937971,0.1879423733091205,5203.711716732199,True,body,high
-0.0127961045592725,0.004107982037498,-0.0035791818685038,0.0014215948023824,0.0002382386910131,0.4379538333146648,0.4379538333146648,0.4379538333146648,False,0.0125512719588232,6.373530939801335e-05,2.6355206973794824e-05,4.003804458892224e-05,2.418319441064752,0.3718074805459367,0.2146822184494473,0.4135103010046159,-0.0006032678167938,0.2004785872707888,0.9796978983920756,7061.340799687743,True,wing_L,high
-0.0138762029786228,0.0010979832491024,-0.0030481350264177,0.0018808650889836,0.0004587339072181,0.3743537103824561,0.3743537103824561,0.3743537103824561,False,0.0236994982062126,5.183378757162821e-05,7.641464006401193e-05,2.6553606019356e-05,2.87775001287246,0.3216772659243377,0.3308290339533787,0.3474937001222836,0.3775635749064016,-0.4405907312655028,0.8144480059689676,6101.601261191836,True,wing_R,high
-0.0137463279288054,0.0030440741672857,-0.002532130006169,0.0008696407175067,0.0008687551506161,0.1999299633747095,0.1999299633747095,0.1999299633747095,False,0.0481033757658395,4.6649853060436e-05,8.510583762156428e-05,0.0001047223583297,2.244859339515984,0.1873193176802975,0.3672184734422362,0.4454622088774662,-0.1691481163951891,0.5175785574722531,0.8387498742562651,3930.152965948983,False,body,high
-0.0131835398037672,0.0009760168035833,-0.0027577958623407,0.0018681801955745,0.0003786997725783,0.282531625440582,0.282531625440582,0.282531625440582,False,0.0429651184499634,2.5740515751815862e-05,3.495939032583421e-05,1.5143603396207749e-05,2.308525217623483,0.2637023840546155,0.3031206281585876,0.4331769877867968,0.2451744205265273,-0.0367837150015187,0.96878091529002,8922.145208815917,True,wing_R,high
-0.013143252726665,0.0031356847157877,-0.0027244013570722,0.0004784285765604,0.0004198281082896,0.3315157961120626,0.3315157961120626,0.3315157961120626,False,0.009971935780563,2.0828374347655235e-05,4.639014145476615e-05,1.6291725386478163e-05,2.847466450255117,0.5510172270553549,0.097793384950133,0.3511893879945119,0.2730702746138824,0.961552262578528,-0.0291525548179347,3933.795251401852,False,body,high
-0.0126853921929281,0.0029543992937513,-0.0029530051694053,0.0004632138312567,0.0004126471611497,0.2254211376820532,0.2254211376820532,0.2254211376820532,False,0.0127065288108274,5.40502533223211e-05,6.50583575872085e-05,0.000123611164632,2.286967350456857,0.473685424930223,0.0890542880786949,0.4372602869910821,-0.7477691606885029,0.631250590928899,-0.2058251048223422,9271.12702511338,True,body,high
-0.0124146854807575,0.0026925055233466,-0.0024011703344879,0.0009773479460426,0.000974126219496,0.1381458621849004,0.1381458621849004,0.1381458621849004,False,0.1317472724613924,5.9790474093096014e-05,0.0001270269496393,0.0001358176083506,2.2715593146021384,0.064723998736904,0.4950497683085982,0.4402262329544976,-0.0572846441470367,-0.6659777259281399,-0.7437688741218814,7576.222572484897,True,body,high
-0.0134791970779321,0.0015061046801976,-0.0030703179216163,0.001360289785037,0.0002553652628257,0.4577825072106177,0.4577825072106177,0.4577825072106177,False,0.009683436328259,2.8415034717156065e-05,1.8430282126771148e-05,4.984164902557707e-05,2.704334566489296,0.4298937681099913,0.2003294992358915,0.3697767326541171,-0.0395762677080932,0.1910930972364096,0.9807737492525446,4745.5011248032615,True,wing_R,high
-0.0132823902190118,0.0007155556153838,-0.0028065979627484,0.0021240439509925,0.0003692862911683,0.2361648814056695,0.2361648814056695,0.2361648814056695,False,0.0398014919210258,7.142864524388792e-05,6.351008280376392e-05,2.823599106713998e-05,2.5297020768296665,0.1108597595976606,0.4938367739746864,0.3953034664276529,-0.4079885386799785,-0.013561520704179,-0.9128863223107055,10804.342144959122,True,wing_R,high
-0.0132444859358038,0.0030428599973652,-0.0032009081556093,0.0002921394909746,0.0002053041198215,0.1668368047412881,0.1668368047412881,0.1668368047412881,False,0.0625489513030397,4.9983164266773936e-05,3.213636193903139e-05,2.535853821864354e-05,1.9710585774233007,0.3570562726379074,0.1356021336346922,0.5073415937274004,-0.3623924268781843,-0.6335572485361763,-0.6835765807637131,8971.575030689408,True,body,high
-0.0131086333161475,0.0039866842546403,-0.0038280219443088,0.001391191709858,0.0005927745296019,0.3065615651855818,0.3065615651855818,0.3065615651855818,False,0.025608565692387,7.034666842855515e-05,6.588032236521311e-05,2.923095406808096e-05,2.406581333770796,0.0634905129569584,0.5209822883702538,0.4155271986727877,0.1175996460883496,0.4688175354539218,0.8754315745338442,3070.247554030893,False,wing_L,high
-0.0135161557958479,0.0018617342376928,-0.0031951429873225,0.0010431986595382,0.0003502565808331,0.6374116448798915,0.6374116448798915,0.6374116448798915,False,0.0471357746790687,2.059459204449672e-05,2.863093308057243e-05,5.6482512047771445e-05,2.742589507271386,0.4931009255332494,0.1422801632703373,0.3646189111964131,-0.5184143507629635,-0.0737713362915908,-0.8519415184534489,6478.14964115987,True,wing_R,high
-0.0127934608055084,0.0026004683112326,-0.0021646878234675,0.0009897485811209,0.000942233919611,0.2806506590057361,0.2806506590057361,0.2806506590057361,False,0.0769915476337439,0.0001503076447692,0.0001143240374988,6.350154329911498e-05,2.36699199673437,0.2393997146697035,0.3381231492099996,0.4224771361202969,0.6357173648206689,-0.7342819898462403,0.2381037409469054,3642.713067617651,False,body,high
-0.0126729197905948,0.0028426465040759,-0.0027963024628085,0.0005199312147957,0.0005141773823751,0.1190057659669378,0.1190057659669378,0.1190057659669378,False,0.1656816333667103,0.0001412798302272,7.534510769994273e-05,7.235130800240255e-05,1.9526921368525645,0.4666959354443707,0.0211905669246897,0.5121134976309395,0.4654467660831445,-0.872845476984708,-0.1466290600463624,6581.642286637099,True,body,high
-0.0131491257273882,0.0031896895920432,-0.0029895711519626,0.0003869549355716,0.0002019277862006,0.1312378991210665,0.1312378991210665,0.1312378991210665,False,0.016284960532309,6.513968665433027e-05,7.547196605611468e-05,0.0001694868931294,2.6018991161077456,0.5547032300693799,0.0609621145978151,0.3843346553328048,-0.8370352190368746,0.5469090797763774,0.0162018687208313,5057.126227071084,True,body,high
-0.0129075837396543,0.0031442019525956,-0.0028281458807757,0.0004596884147714,0.0003358097713375,0.1128025179710166,0.1128025179710166,0.1128025179710166,False,0.0325328607150993,0.000142220094211,6.675104726388807e-05,9.874719180262156e-05,2.130604687726435,0.3056734187219914,0.2249762575128344,0.4693503237651741,0.0236016245699914,-0.0073124078738417,0.999694699400144,5248.286502270973,True,body,high
-0.013676972396816,0.0009979278989513,-0.0031415973451175,0.0019048619324164,0.000438834192124,0.3711560102750745,0.3711560102750745,0.3711560102750745,False,0.0057728248677391,5.178319334668505e-05,5.50930185564506e-05,2.1386230751319187e-05,2.576097639508179,0.0600770351033526,0.5517389206804829,0.3881840442161645,0.0369534088049982,0.2467557601320134,0.9683728829430132,5291.11081281628,True,wing_R,high
-0.0132523215448543,0.0006664673158604,-0.0028011855601903,0.002171070418962,0.0004088043729339,0.2413873090146716,0.2413873090146716,0.2413873090146716,False,0.0382968519392249,5.941911630175437e-05,6.046971277775161e-05,2.16591565309566e-05,2.791877545707959,0.0173739286617511,0.6244441727312232,0.3581818986070257,-0.4491105905735772,0.0425151035678305,-0.89246408521759,8672.328772767016,True,wing_R,high
-0.0123750642349721,0.0026344279391217,-0.0023468855717199,0.0010515865148551,0.0010428289700234,0.2616461858011774,0.2616461858011774,0.2616461858011774,False,0.032940970493522,4.732680966030417e-05,7.152018856433422e-05,0.0001226545955358,2.591651463858627,0.4168976037802916,0.1972480427523127,0.3858543534673956,-0.7170080675748307,0.6044349709730004,-0.3472143385539757,6522.062234985258,True,body,high
-0.0137675412265698,0.0028254846377502,-0.0032809223885966,0.0006890786200067,0.0006803550244812,0.1614891284555137,0.1614891284555137,0.1614891284555137,False,0.0162038902708565,6.328293624359485e-05,6.558775392040821e-05,0.0001328820387254,2.0998083624618005,0.5064212247982854,0.0173448398212462,0.4762339353804683,-0.064793053853891,-0.6242120177740913,-0.7785635600506132,5118.595065762369,True,body,high
-0.0129778234560077,0.0027694373451109,-0.0024612889859615,0.000632055002065,0.000618597928671,0.1295726919855013,0.1295726919855013,0.1295726919855013,False,0.0773238611724207,5.2515557122050256e-05,7.350728761616407e-05,0.000104551119808,1.9908599572703003,0.2969249133712515,0.2007795854569254,0.5022955011718231,-0.0185463763618995,-0.5012738157717863,-0.8650899337903754,5268.822769322951,True,body,high
-0.0135817769371533,0.0028350065071517,-0.0033712995232994,0.0005566724873202,0.000555347470282,0.1876588549980331,0.1876588549980331,0.1876588549980331,False,0.0433443110439766,4.2490327069143885e-05,7.739085804570171e-05,0.0001172635142509,2.7597696308646986,0.340026106670371,0.2976248085305918,0.3623490847990371,-0.7717786902223795,0.592346204524496,-0.2312652747475332,4637.932821211127,True,body,high
-0.0129961940200459,0.0027627403019595,-0.0028307116298265,0.0002767323362294,0.000267752142742,0.1325463434127928,0.1325463434127928,0.1325463434127928,False,0.0401423585221919,3.899176210514471e-05,4.387939466257263e-05,0.0001075706247677,2.758803884719668,0.5920875726313292,0.0454364987465776,0.3624759286220933,-0.8297247678302959,0.5578903637872158,-0.0177525108739356,9263.811300824544,True,body,high
-0.0127509985740417,0.003561758588529,-0.0032916829098509,0.0008552943785722,0.0001735873734398,0.2644898133302972,0.2644898133302972,0.2644898133302972,False,0.0426781659953156,4.7595260060923054e-05,6.331674200404217e-05,0.000112304305548,2.3595691126439973,0.4362037884916807,0.1399900196738035,0.4238061918345157,0.0585453022311475,-0.4114497573734715,-0.9095501881391562,7534.970988522097,True,wing_L,high
-0.0137408667343908,0.0005896473607251,-0.0030107215028872,0.0023143230071895,0.0003821081234694,0.3837758611413381,0.3837758611413381,0.3837758611413381,False,0.0145184791842275,5.661550172778807e-05,2.621098038313e-05,2.2044427089727985e-05,2.5682455478359483,0.5370352715559331,0.0735938597424278,0.389370868701639,0.6824026023843403,0.180120006573848,0.7084373447884555,5446.628821943865,True,wing_R,high
-0.0132616824341735,0.0007056342644716,-0.0027746782954485,0.0021365652910846,0.0003812882187471,0.3469253010543062,0.3469253010543062,0.3469253010543062,False,0.0299032393267945,2.874946121517701e-05,6.475924833723383e-05,3.756978033498208e-05,2.252537807666706,0.4198545952952167,0.1362016908206415,0.4439437138841417,0.58652061281147,-0.0328470414381996,0.8092679671258556,10591.710270215248,True,wing_R,high
-0.0133232544492363,0.0026411606066646,-0.0032858577173,0.0003454696527292,0.0002965823133579,0.1659499586938079,0.1659499586938079,0.1659499586938079,False,0.0430456777327788,6.381790581546382e-05,9.96227124666364e-05,3.875361306872852e-05,2.5706690183947005,0.3594040531988485,0.2515921532966623,0.3890037935044891,0.3601432157766195,-0.7053451600262358,-0.6105612740402386,7457.812038372715,True,body,high
-0.0129469198851144,0.0037407778506033,-0.003464433254431,0.0010162112909604,0.0002119129475279,0.2892271415946269,0.2892271415946269,0.2892271415946269,False,0.025640014120369,5.644912504818363e-05,6.74836123940358e-05,2.8087016175195143e-05,2.402662211361329,0.1635135843265467,0.4202814263614484,0.4162049893120048,0.2332670509984497,0.3430534785205166,0.9098905394570602,6855.390976785988,True,wing_L,high
-0.0132590811444341,0.0013193878646489,-0.002769531278883,0.0015344762825838,0.0002210820483445,0.273607224255937,0.273607224255937,0.273607224255937,False,0.0144564644490792,6.020972739415188e-05,6.48987271541607e-05,2.2739008870727683e-05,2.854070180591993,0.0722510281113919,0.5773721637778211,0.350376808110787,-0.3891903129258127,-0.0439851248019855,-0.9201066292125396,6138.330457022356,True,wing_R,high
-0.0129981826859899,0.0029824606564625,-0.0024317491530071,0.0006766075654713,0.0006737156030767,0.1485678837738192,0.1485678837738192,0.1485678837738192,False,0.0919650250982248,3.0617829799113017e-05,6.300676948634803e-05,6.61941412078369e-05,2.1619475201914704,0.0481518705935187,0.4893022115890885,0.4625459178173927,-0.0308756988072314,-0.5513018302081654,-0.8337343601125553,4522.378417936967,True,body,high
-0.0133110297300096,0.0030297225342243,-0.0033021476888762,0.000370319513991,0.0003124937767112,0.1412669065374955,0.1412669065374955,0.1412669065374955,False,0.0445604304964472,4.5135273712644286e-05,0.0001066008023343,4.1435167106732334e-05,2.5727132235228507,0.5765953658484599,0.0347099320538509,0.3886947020976891,-0.6733300676328634,-0.6084393862462694,0.4200334906716207,8117.731738616078,True,body,high
-0.0133248777256365,0.0027437754843404,-0.0029561453235663,0.0002577602776118,0.00021452908981,0.10716533548083,0.10716533548083,0.10716533548083,False,0.0408411859562897,7.746536381152006e-05,7.319299310968954e-05,2.85032692647808e-05,2.7177711823828496,0.0551520123525859,0.57689942505973,0.367948562587684,0.1052415603193711,-0.6682850437780757,-0.7364233254345487,8979.002164196878,True,body,high
-0.0131062122205537,0.002241448392112,-0.0031340082629616,0.0005763702978589,0.0002155853711095,0.2182358586797033,0.2182358586797033,0.2182358586797033,False,0.0069304156734528,2.441527204430752e-05,6.86428145374059e-05,6.52140892025272e-05,2.8114703949575754,0.049950243998376,0.5943639903632879,0.355685765638336,0.3640151992477776,0.3526141208862384,0.8620650883014727,3570.1983316461497,False,body,high
-0.0138654698676025,0.0031603046422542,-0.0032364867820508,0.000846391404316,0.0008275949362674,0.1660889445391831,0.1660889445391831,0.1660889445391831,False,0.0239911094373467,0.0001716798022356,8.255855110730205e-05,7.335420424169776e-05,2.3404221204549933,0.5191131977541279,0.053613452169351,0.427273350076521,0.6122208446191415,-0.7656026178073321,-0.1975810441828513,6276.730103617534,True,body,high
-0.0127354564106986,0.0027761235479442,-0.0023670177114417,0.000804028993107,0.000799711251941,0.160541448777672,0.160541448777672,0.160541448777672,False,0.0394533342192676,9.974187573260243e-05,5.344011556935114e-05,4.913298427651312e-05,2.0300390298148803,0.4642158554084293,0.0431827781581429,0.4926013664334278,0.5965896709441341,-0.7996242291276769,0.0684240945481817,4663.897028484575,True,body,high
-0.0131468783558415,0.0029423511349728,-0.0030630984200628,0.0001335756586026,7.683377256420616e-05,0.1330796885634464,0.1330796885634464,0.1330796885634464,False,0.0725779806915387,3.11992995949487e-05,6.976874586472777e-05,7.062327717301824e-05,2.2636173917331286,0.0120998535114276,0.5461293756630512,0.4417707708255212,0.0773789974508317,-0.4495108844969876,-0.8899171059555152,11120.000632600651,True,body,high
-0.0140790687420431,0.0008580709801074,-0.0026541665064868,0.0022248873704591,0.000462074465466,0.1293003698524627,0.1293003698524627,0.1293003698524627,False,0.027766921464083,4.070487059690192e-05,4.404390855531575e-05,9.288541518593906e-05,2.281923853923482,0.5258253573271092,0.0359479252122597,0.4382267174606309,-0.2144303877024322,-0.3738478990810117,-0.9023620987067767,2229.7034345460133,False,wing_R,high
-0.0137000058329421,0.0026617671453143,-0.0030705613817357,0.0006104707637316,0.0005376706377687,0.1398292958697502,0.1398292958697502,0.1398292958697502,False,0.0698470932514198,6.065088946205448e-05,5.537467170314463e-05,0.0001316783655155,2.3779529786016824,0.5394012583268515,0.0400689797314157,0.4205297619417328,0.3934141036997194,0.8297106438561286,0.395986856451063,5562.308404407961,True,body,high
-0.0127329210211151,0.0050300203359275,-0.0038343903501877,0.0023706278357572,0.0003608742591087,0.5175744289087489,0.5175744289087489,0.5175744289087489,False,0.013740847055922,1.2903138961472076e-05,2.056552494629409e-05,8.97630204028462e-06,2.2910910143172942,0.3725840213090586,0.1909427029673303,0.436473275723611,0.2095177440927617,0.2136692503935528,0.9541738658895124,11300.801830876706,True,wing_L,high
