x,y,z,dist_to_centroid,dist_to_principal_axis,R,G,B,color_oob,opacity,scale_phys_0,scale_phys_1,scale_phys_2,scale_ratio,linearity,planarity,sphericity,orientation_x,orientation_y,orientation_z,local_density,if_keep,part_label,confidence
-0.0116687062341361,0.004793407513128,-0.0037922573257772,0.00237912752665,0.0006798441188278,0.2752691021878505,0.2752690685595308,0.2752734570552534,False,0.6324270764551588,3.436970366743673e-05,9.30297837584726e-05,3.681020696567683e-05,2.706738023075039,0.604318042260048,0.0262335695047536,0.3694483882351982,-0.4905196081176679,-0.7861230302500115,-0.3760333700120626,4981.0646374900925,True,wing_L,high
-0.011384222273763,0.0042660892134837,-0.0041067975435898,0.0019045331489161,0.0001977502629575,0.3979537204670008,0.3979537204670008,0.3979520222368553,False,0.7509956549320729,2.6105009037654487e-05,2.9834472061601847e-05,7.323963588658953e-05,2.8055778789789705,0.5926458167023103,0.0509213758206332,0.3564328074770565,-0.7008191624435351,-0.2129479714070533,0.6808125021072708,5092.350787270939,True,wing_L,high
-0.0107813132746659,0.0023361540167501,-0.0033329892330249,0.0010393198219415,0.0010333307797416,0.1178741730085839,0.1178741730085839,0.1178741393802642,False,0.943322468144151,0.0001147201116885,5.861613068607853e-05,0.0001365085665966,2.3288566645192383,0.1596123631745708,0.4109923823920968,0.4293952544333323,-0.4312915558170874,-0.4183084646489901,-0.7993782723366204,6277.564394912027,True,body,high
-0.0124867699455142,0.0016996375645455,-0.0034816266658135,0.0011043024946482,0.0005910179574873,0.1516276573278965,0.1516276573278965,0.1516276573278965,False,0.3586466893307256,7.359412515958588e-05,2.7246245140905133e-05,2.928257168786672e-05,2.7010740297971583,0.6021072113518756,0.027669688885436,0.3702230997626883,-0.2628942904377597,-0.68981840306868,-0.6745644245311219,5239.181476991381,True,wing_R,high
-0.0128818503407955,0.0009336330625057,-0.0032908782433349,0.0019572988581356,0.0007807563909735,0.4224681265999508,0.4224681265999508,0.4224681265999508,False,0.1644863814894353,5.078069557722028e-05,5.27573103370985e-05,0.0001241997456328,2.445806309289148,0.5752220741815945,0.0159148052180495,0.4088631206003558,-0.6424345783115939,-0.4653624792892359,0.6088641683162017,7192.89104621697,True,wing_R,high
-0.010499115461553,0.002236035997938,-0.0033889673870545,0.0012880571096553,0.0012842662312411,0.3303563925333057,0.3303563925333057,0.3303563925333057,False,0.5251722856599554,6.298249863535988e-05,0.0001663304993622,0.0001042285653904,2.64090029716316,0.3733646818222614,0.2479765702219015,0.378658747955837,0.8207306918826878,-0.5562315565723176,0.1304131391957932,4369.858721229042,True,body,high
-0.0114411760761824,0.0031734818582241,-0.0041594288422648,0.0008813619323554,0.000256897119632,0.4338075539718892,0.4338075539718892,0.433807343794891,False,0.1279307791482271,2.689124555053765e-05,6.137957740302154e-05,2.6982415594904563e-05,2.2825115068645205,0.5604007597227885,0.001485348192743,0.4381138920844684,-0.8546670197121324,-0.4786278552685469,0.2011458713904233,5884.46382659467,True,body,high
-0.0113855490268922,0.002049046251786,-0.0027106741340937,0.0011919638740588,0.0011205426407954,0.2655020761961483,0.265502109824468,0.265502109824468,False,0.3574573369977641,8.638606305134345e-05,3.921787050424805e-05,3.603415449501045e-05,2.397338421338708,0.5460162308711886,0.0368545098223236,0.4171292593064878,0.1160381822813622,-0.6558488040366992,-0.7459205631275143,1995.20365687024,False,body,high
-0.0118445389643262,0.00152530730976,-0.0033376950660757,0.0010110421727391,0.000355781627096,0.3810206676859844,0.3810206424647447,0.3810206424647447,False,0.6870172089574383,2.548312374122165e-05,6.20866377561991e-05,2.515447864124157e-05,2.4682140561007726,0.5895554234827725,0.0052933306079578,0.4051512459092697,-0.9847857353049954,0.0258059356207222,-0.1718461789698517,3007.262005586289,False,wing_R,high
-0.0118250485374347,0.0042066322460504,-0.0037440635613488,0.0017967366077563,0.0006585976019438,0.4824464027844284,0.4824464027844284,0.4824350185473205,False,0.2257321314210163,0.0001344532184844,5.268093977649344e-05,4.973524198983175e-05,2.703379195620604,0.6081838696737533,0.0219087190315342,0.3699074112947125,-0.5033027836352884,-0.2324139335110908,0.8322680286391352,5670.23819428326,True,wing_L,high
-0.0120101843969281,0.0026999261293907,-0.0031144922385469,0.0008008299038382,0.0007944374020138,0.3839086341546464,0.3839086341546464,0.3839085753050869,False,0.4403718453105344,2.7446325789484408e-05,7.756649312890529e-05,3.016609297785766e-05,2.8261157330801474,0.6110937627704066,0.0350636863761954,0.3538425508533979,-0.8853579239213047,0.4586790134583559,0.0758611175941052,2427.13925792205,False,body,high
-0.0122296275335598,0.0029295162883352,-0.0043614691850005,0.0009245915940263,0.0008206442258364,0.2129433832807383,0.2129433832807383,0.2129433160240988,False,0.3868307047433058,3.115719640694869e-05,6.664030932097157e-05,4.8585026018845806e-05,2.138841648348997,0.2709363669841761,0.2615208391058986,0.4675427939099253,-0.3692625413179038,0.7193859241673645,0.5883273473920025,2947.537748770032,False,body,high
-0.0122978749548204,0.0007700095821187,-0.0035633196391021,0.0017632395073106,0.0001249137259421,0.3734473010599827,0.3734473010599827,0.3734473010599827,False,0.1267530797405068,4.080405781968971e-05,0.0001082802435508,4.075198552011744e-05,2.657054427382016,0.6231624857720897,0.0004809030517909,0.3763566111761194,-0.4841919653900617,-0.1688059848390077,0.8585235466393697,9317.085443946336,True,wing_R,high
-0.0114261228742657,0.0021502741989426,-0.0029075481315782,0.0009710465403398,0.0009252590382926,0.2434287161628698,0.2434287161628698,0.2434287161628698,False,0.5034319808480703,2.8816465592484587e-05,2.6569818001280883e-05,7.284773031626908e-05,2.741747433601436,0.6044287794914455,0.0308403238021261,0.3647308967064283,0.718607197867938,0.5473551117708588,0.4289592950277459,2487.922429661201,False,body,high
-0.0114457198675404,0.0045335150192848,-0.0040411717334083,0.0021487117026173,0.0003224894581862,0.3256570534374446,0.3256570534374446,0.3256595251189436,False,0.5868703834812146,2.1602880795454592e-05,2.4968914482664424e-05,6.039018271426287e-05,2.7954689601846723,0.5865401732462833,0.0557380941060615,0.3577217326476552,0.5965741421529288,0.3405077740077981,-0.7267418721628411,5704.828158135168,True,wing_L,high
-0.01105535226589,0.0027441794950385,-0.0028608825142453,0.0011886546577014,0.0011311476917301,0.1876980319904991,0.1876980319904991,0.1876978302205809,False,0.3381453533618925,3.986480122335312e-05,3.1364213869838695e-05,7.889001603878145e-05,2.5152875301187065,0.4946787537252366,0.1077523846532827,0.3975688616214807,-0.6433358133342066,0.7632597449632446,-0.059612020602037,2242.2409490621944,False,body,high
-0.01177393768581,0.003704372860088,-0.0038119650819297,0.0012915699518236,0.0004383008180548,0.3615859201306935,0.3615859201306935,0.3615845497766652,False,0.1421972116472805,6.382758352731619e-05,0.0001477873711845,0.0001582822738698,2.479841239832397,0.0663049779908909,0.5304434009224357,0.4032516210866734,0.5791116944523657,0.4023284807289933,-0.7090567247708818,5086.952208117468,True,wing_L,high
-0.0126226013152883,0.002465565455136,-0.0042504261539428,0.0010221214917636,0.0010129394405901,0.6014072826088863,0.6014072237593268,0.6014072237593268,False,0.3468428789320573,2.4955083419375263e-05,2.518851830970504e-05,6.291772205924975e-05,2.521238699222303,0.5996594046112323,0.0037101611865406,0.396630434202227,0.1809470722150599,0.7376710874848251,0.6504610086283061,2944.7516778976747,False,body,high
-0.0105439395031627,0.0023339715683221,-0.0032994442882006,0.001268379594412,0.0012571481898233,0.1360811169828211,0.1360811506111408,0.1360811169828211,False,0.6463959801026015,5.012106602036999e-05,0.0001285509649363,4.873668268780175e-05,2.637663415866955,0.6101074305805948,0.0107691399535887,0.3791234294658164,-0.9219424528268132,0.3756422324841579,0.0944194198774669,5113.331530813292,True,body,high
-0.0110090323649158,0.0028066046688779,-0.0026197014551988,0.0014251285124538,0.0013662506140092,0.4021222617574266,0.4021222365361868,0.4021219927308688,False,0.1574389211380169,9.69543741377682e-05,3.672279428135173e-05,3.568859961854549e-05,2.716676338496232,0.6212363329872034,0.0106668179956139,0.3680968490171826,0.8691701466751577,0.0273985467702369,0.4937535577224371,1954.418698355787,False,body,high
-0.0126715826946226,0.0004590016451251,-0.0033804535642156,0.0022202217925953,0.0004218614287781,0.3706737213208257,0.3706737465420655,0.3706737465420655,False,0.1676873983773414,4.798978532871945e-05,0.0001136068757632,5.45562665377896e-05,2.367313689467775,0.5197802406655483,0.0578000333602305,0.4224197259742211,0.6483051791957946,0.4482141904665434,-0.6154709043426262,6593.584956598188,True,wing_R,high
-0.0109435884258748,0.0022259604942815,-0.0033518969195529,0.0009045529309763,0.0009038876336685,0.1483366218191505,0.1483366218191505,0.1483366218191505,False,0.7977948337432623,9.457326932390263e-05,0.0001813380507113,0.0001431952227612,1.9174345140829163,0.2103410056545906,0.2681287972746182,0.5215301970707911,0.4324229900276884,-0.8458513325875578,-0.312323359445569,6850.357704542119,True,body,high
-0.0118462603445294,0.0045194156716387,-0.0036900692058433,0.002112201527504,0.0007936643134893,0.5029153225813062,0.5029153225813062,0.5029222368791048,False,0.142322308500069,4.917944137956208e-05,5.587613595675603e-05,0.0001244946707138,2.5314372677200514,0.5511764830064515,0.0537910140152488,0.3950325029782996,0.5415761566521373,0.2280950036337973,-0.8091155268953858,8106.042676199709,True,wing_L,high
-0.0119684398173574,0.002678274304282,-0.0032550476175397,0.0006582648079946,0.0006490034471548,0.4702773405948071,0.4702773405948071,0.4702773405948071,False,0.4140058161990446,6.168954526963395e-05,2.5437621340402043e-05,2.397466086266752e-05,2.573114407040256,0.5876510155939916,0.0237148850966591,0.3886340993093493,-0.29887080350622,-0.8585733137649951,-0.4165670506678864,2839.246359915152,False,body,high
-0.0122801457823732,0.0007576162788754,-0.0035812221307127,0.0017666899305099,0.0001055779616983,0.390014923297754,0.390014923297754,0.390014923297754,False,0.0958699895099196,3.981821834768884e-05,4.827668090552212e-05,0.000106687911792,2.679374322088154,0.5474962430645464,0.0792822955829927,0.3732214613524608,0.519173914478285,0.2525387278352661,-0.8165063609480575,9264.42937140537,True,wing_R,high
-0.0120943863176597,0.0012378487138206,-0.0037496162290825,0.0012397970560317,0.0001272701069058,0.3756848958253886,0.3756848958253886,0.3756848621970688,False,0.4157731496431043,6.010130045081852e-05,5.311432851790322e-05,0.0001273165672043,2.397028650403022,0.5279381012970524,0.0548787332735872,0.4171831654293603,-0.4875453122393767,-0.2574454628261724,0.8342789714379878,6626.757486706752,True,wing_R,high
-0.0112948714849134,0.0022041453645527,-0.0025104428668126,0.0013688601115356,0.0013438404245704,0.2131207726672261,0.2131207726672261,0.2131207726672261,False,0.2404883906363481,6.127447806652396e-05,2.341689878587236e-05,2.433059481807015e-05,2.616677751688086,0.6029244869021142,0.0149115269689578,0.3821639861289279,-0.4117805210409878,-0.717644622107724,-0.5616253189191838,1587.3039633679502,False,body,high
-0.0127729293684012,0.0012619372949486,-0.0034313652970085,0.0016122702479189,0.0007373089128819,0.6475223270778243,0.6475223270778243,0.6475223270778243,False,0.8760060510673804,2.320379887926585e-05,5.658527386026936e-05,2.244628861781048e-05,2.520918928903489,0.5899321979678867,0.0133870565569048,0.3966807454752085,-0.3846393743132516,0.1618340214764771,0.908769663457502,4905.979754348311,True,wing_R,high
-0.0114948592322316,0.0030248710936374,-0.0032131146837116,0.0008719903500364,0.0006667009149104,0.1537903281969811,0.1537903281969811,0.1537902945686614,False,0.3397286862021307,2.7703698344162543e-05,3.140824418841369e-05,7.837274565587805e-05,2.828963291552444,0.5992453253287543,0.0472682922264482,0.3534863824447974,0.4753641400253422,0.8636119459304198,0.1679385042932098,2378.4890978024,False,body,high
-0.0114558255756141,0.0036983046396954,-0.004094863878459,0.0013411935768773,0.0001603253527531,0.3330845235983701,0.3330845235983701,0.3330830439523027,False,0.1429935455249959,3.849158141543989e-05,9.387014296106992e-05,3.598243818168283e-05,2.6087766061627065,0.589948622626438,0.026729939409996,0.383321437963566,-0.636323213806859,-0.4202212742127214,0.646921052578711,5564.8214809581805,True,wing_L,high
-0.0119137102095112,0.0036287323728044,-0.0036989197221307,0.0012356105802948,0.0005811420923435,0.4794168180034888,0.4794168180034888,0.4794151197733432,False,0.3173141667117792,7.471792624908273e-05,3.111731629376465e-05,2.986214058698268e-05,2.5020954553289227,0.583536135759032,0.0167988563092298,0.3996650079317381,-0.7471198943499042,-0.3687698065836414,0.5530105724295435,6401.073689070518,True,wing_L,high
-0.0107168624138164,0.0021815811613085,-0.0034059209404218,0.001090513679142,0.0010904744318178,0.1399104746335382,0.1399104746335382,0.1399104746335382,False,0.7784512237060376,0.0001708645843564,5.851358680448542e-05,0.0001280028465341,2.920083927300274,0.2508520884169083,0.4066920011036496,0.342455910479442,0.8431998620616143,-0.5367662904733144,0.0299322907708822,4787.539678504542,True,body,high
-0.0114197031747475,0.003730622388184,-0.004116884187185,0.0013841276370667,0.0001587548151625,0.3428160044561353,0.342816038084455,0.3428151301198228,False,0.2362498435814413,6.494336681121017e-05,2.4169933151488974e-05,3.349182338932013e-05,2.6869485490161304,0.484291852520049,0.143538758391289,0.372169389088662,0.5854720737566729,0.3324515195112372,-0.7393905855674189,6007.00634841902,True,wing_L,high
-0.011666797780166,0.0036150321645337,-0.0038875645327463,0.0012043966056179,0.0002926714996712,0.2725488065212793,0.272548840149599,0.2725471923619331,False,0.5128675211432888,0.0001298261757364,0.0001609026290058,5.801251396864148e-05,2.773584835382089,0.1931382567294438,0.4463175164478564,0.3605442268226997,-0.5740532303374176,-0.3585998409787611,0.7361175468559237,3903.568463811358,True,wing_L,high
-0.0124562817889809,0.0005742272324619,-0.0034943648592194,0.0020101641118524,0.000228289566753,0.3676981951147102,0.3676981951147102,0.3676981951147102,False,0.7371877263790249,0.0001040280696628,4.137861931061714e-05,3.888103264088652e-05,2.6755480139546,0.6022360172140839,0.0240087764564479,0.3737552063294681,-0.2742557366851569,-0.6496608060372904,-0.7090307666062599,4447.215635552473,True,wing_R,high
-0.0113727095391201,0.0039112943547988,-0.0041550340539537,0.0015744679508582,0.0001719958790369,0.3537554818146431,0.3537554818146431,0.3537547419916094,False,0.1242343424151911,6.787325852965765e-05,4.17893893592136e-05,2.758208916825504e-05,2.4607729354952124,0.3843025918528213,0.2093210271428267,0.4063763810043519,0.5573941853540201,0.2589868080125828,-0.7888203568677608,7486.332704752485,True,wing_L,high
-0.0124404279293454,0.0005792323963953,-0.003485320397616,0.0020011113165009,0.0002167971320043,0.3146792397944636,0.3146792734227834,0.3146792734227834,False,0.1167377314324088,5.064344204154343e-05,2.0264187316974768e-05,4.83286422292542e-05,2.4991597861474943,0.0457077899719054,0.5541577306151074,0.4001344794129872,-0.5365540087973005,-0.4785380749066985,0.6950619443676497,4457.029955679681,True,wing_R,high
-0.0120594688591562,0.0015663832209253,-0.0038118733842588,0.0009185701541805,0.0001730803577706,0.3716288580785638,0.371628824450244,0.371628824450244,False,0.1920371213977867,3.703129222223228e-05,2.768859005054526e-05,6.334410166194408e-05,2.2877330173298827,0.4153947841921962,0.1474912726925597,0.437113943115244,0.76832464274902,0.52257976136152,-0.369577645914803,7137.556495751674,True,wing_R,high
-0.0125188035501152,0.0004478249178741,-0.0034228402378839,0.0021606063625503,0.0002675978551224,0.3630201847806273,0.3630201847806273,0.3630201847806273,False,0.0879255638408728,3.3408212424272e-05,9.020639127843214e-05,5.489927432156604e-05,2.700126248386001,0.3914037182563564,0.2382432285863145,0.3703530531573289,-0.633259303556168,-0.3693676223902869,0.6801104424939404,4332.612963745718,True,wing_R,high
-0.011524020088989,0.0040747791904008,-0.0040232122854547,0.0016852767149479,0.0002718458706194,0.3435433850115349,0.3435433850115349,0.3435409805866753,False,0.5409235576609278,3.742355947074572e-05,3.866711638482746e-05,0.0001082542241275,2.892675781205916,0.6428119392434077,0.011487375426723,0.3457006853298692,0.3431148710535171,0.801487947698302,0.4897849068277752,5109.90919513721,True,wing_L,high
-0.0109527891245482,0.0028494083645712,-0.0024395127913824,0.0016141292976647,0.0015536986487467,0.4326213612329408,0.4326213612329408,0.4326212435338218,False,0.3080858388226179,2.4790652711929632e-05,2.6474082953408327e-05,6.383963706926402e-05,2.5751495053836737,0.5853033605957884,0.0263696712381404,0.3883269681660712,0.5972393635450732,-0.7922003704840244,0.1253942408456241,1536.7071568339522,False,body,high
-0.0126720584051587,0.0004572088059092,-0.0033491001210597,0.0022281215431584,0.0004324616466489,0.3640718768513423,0.3640718768513423,0.3640718768513423,False,0.1027372390350693,9.727853497624364e-05,4.0486170625423145e-05,9.53037912432175e-05,2.4027595960176567,0.0202998917850518,0.5635119878314507,0.4161881203834974,-0.6297757533581605,-0.3633995964039611,0.6865298491803541,6696.421381533289,True,wing_R,high
-0.0115697012017536,0.004761605498227,-0.00391909866642,0.0023541104622109,0.0005337749513276,0.3198013709399207,0.3198013709399207,0.3198034895240627,False,0.6618718413010413,9.45771927615455e-05,3.7198890621638944e-05,3.850439479064963e-05,2.5424734765216104,0.5928786458302949,0.0138035834104551,0.3933177707592499,0.5453619652409899,0.2579626453156158,-0.797518401348994,3964.1743490315775,True,wing_L,high
-0.0115969955521204,0.0042350004594189,-0.0039106104727236,0.0018271637767445,0.0004048401272037,0.3853060337590944,0.3853060337590944,0.3853152731399356,False,0.1925847643375921,5.407654834898836e-05,2.294768702880866e-05,4.956568048081443e-05,2.356514113213255,0.0834163423128006,0.4922280408916618,0.4243556167955375,0.4985647426792673,0.2171523625900264,-0.8392127553717984,7655.983655879508,True,wing_L,high
-0.0126796140589071,0.0004537686190377,-0.0033770810464839,0.0022289611161372,0.0004286131823106,0.3852778700413345,0.3852779036696542,0.3852778448200947,False,0.2821444812794825,0.0001127839108282,4.778372995733544e-05,4.802490117214072e-05,2.36029943516308,0.5741865943515675,0.0021383476865992,0.4236750579618332,0.5346801167560464,0.0966190614402723,-0.8395129121771395,6667.570627739429,True,wing_R,high
-0.0118171756177503,0.0046954933504637,-0.003747875231131,0.0022841107600729,0.0007960899130438,0.6800003060445698,0.6800003564870494,0.6800097219740896,False,0.0935103689919113,3.1275980393449855e-05,2.63363127681542e-05,6.531516889192159e-05,2.480042269656689,0.521152881879508,0.0756281842196478,0.403218933900844,0.6596835174413371,0.3633162884362581,-0.6578897562457762,10685.327586266614,True,wing_L,high
-0.0128011424058885,0.001114860980632,-0.0033070365667462,0.0017685665893609,0.0007574921121657,0.3158841761181123,0.315884209746432,0.315884209746432,False,0.1082296316499605,3.725757807837688e-05,9.598304916683422e-05,3.830233896797888e-05,2.576202053845785,0.6009468411302171,0.0108848478837761,0.3881683109860067,-0.2240265724907659,0.3295579957342816,0.9171715337196436,6028.783389695223,True,wing_R,high
-0.0130060154383928,0.00077999455536,-0.0032908349436612,0.0021486889336903,0.0008469917212244,0.610703940885678,0.610703940885678,0.6107039997352376,False,0.9731380804817664,5.537667849679009e-05,2.3045786018759348e-05,6.143978204789367e-05,2.66598769935126,0.0986836760973086,0.5262208198074025,0.3750955040952887,0.555935282880991,0.0892023646860398,-0.8264253743578126,4770.863043418696,True,wing_R,high
-0.0118477719115333,0.0045508673463152,-0.0036733194176756,0.0021445572317625,0.0008121551522179,0.5104750986371613,0.5104750986371613,0.5104861854738169,False,0.0814745675945891,4.575532971718519e-05,5.036178528115896e-05,0.0001371737334211,2.9979837161935405,0.6328613064242795,0.0335811780366856,0.3335575155390347,-0.5801310970227274,-0.2378687141574758,0.7790162932136121,8672.03034258586,True,wing_L,high
-0.012710691819839,0.0024597039215791,-0.0042136752813202,0.0010869033593205,0.0010734136047467,0.7255646447428024,0.7255646447428024,0.7255646447428024,False,0.6724052286031779,2.229532651907073e-05,5.57415870699141e-05,2.418854185863415e-05,2.500146702145604,0.566059326077394,0.0339641448886062,0.3999765290339998,-0.5398246904897512,-0.8108497470725279,-0.2260796125484591,2552.260544162308,False,body,high
-0.0126707381288234,0.0004764221832662,-0.0033874909249506,0.002203199529698,0.0004241161778854,0.3520020844106297,0.3520021180389495,0.3520021180389495,False,0.1626641598890146,5.939849328088903e-05,0.0001422287070817,4.867286247071816e-05,2.922135659625292,0.5823733865009453,0.0754111531366733,0.3422154603623813,0.6296534659456928,0.4043687137153905,-0.6633418848457682,6444.723100555471,True,wing_R,high
-0.0118496751568274,0.0045429716815857,-0.0036767308694777,0.002136620899005,0.0008097604627221,0.5049232837383371,0.5049233436387816,0.5049204826043935,False,0.1534000728981776,4.024649315426874e-05,4.381516526005191e-05,0.0001111867275524,2.7626438687790635,0.6059316950454929,0.0320962059441685,0.3619720990103385,0.6712610587597838,0.3972879199403364,-0.6257562621837475,8578.468278277109,True,wing_L,high
-0.011769679816114,0.0042459821896924,-0.0037771995698604,0.0018325756571103,0.0006090017902671,0.4793715479798446,0.4793715479798446,0.4792757934412309,False,0.3608134516315457,0.0001519603972139,5.397787921519539e-05,6.0582559688284187e-05,2.815234674339563,0.6013266561616336,0.0434631693137172,0.3552101745246491,0.5643481559743837,0.2954914972109087,-0.7708410562005426,5666.3107575629565,True,wing_L,high
-0.0114840764870149,0.0045704225554868,-0.0039856009149738,0.0021753811515695,0.0003796001995643,0.4020983604291903,0.4020982679513111,0.4020985958274283,False,0.1013952700828749,4.3479997757337886e-05,4.398854071108146e-05,0.0001092406515901,2.5124346187822604,0.5973244385603462,0.004655253757106,0.3980203076825478,-0.050256380940898,-0.487081636920197,-0.8719092700217523,5572.352537889348,True,wing_L,high
-0.0114597633907777,0.0038504560691366,-0.0041011720499729,0.0014880854759442,0.0001847047981475,0.371064574873774,0.371064574873774,0.3710635323958628,False,0.2071741838843115,0.0001203943648861,5.193304418298251e-05,5.226673641616437e-05,2.3182612685279613,0.565870574876276,0.0027716598986787,0.4313577652250452,0.5856404855600212,0.3557693633658565,-0.7283223062376131,6740.161600918126,True,wing_L,high
-0.012874117073774,0.0008951027620415,-0.0032952131274072,0.0019809430286677,0.0007609203520998,0.3748687280988659,0.3748687280988659,0.3748687280988659,False,0.3584220647735983,6.0198818493101314e-05,0.0001544117286218,5.279959043501547e-05,2.924487242224824,0.6101408938921499,0.0479188214789306,0.3419402846289194,-0.380325444432519,0.1659272050485436,0.9098465359289912,6748.098152873834,True,wing_R,high
-0.0104359515240676,0.0022134623554165,-0.003196798381633,0.001420792510165,0.0014191281907775,0.1871910850708205,0.1871910850708205,0.1871911186991403,False,0.7192604332604949,8.97562179581972e-05,3.285305500746021e-05,4.06349009849043e-05,2.732050883481476,0.5472748082608663,0.0866997981250545,0.3660253936140791,-0.8376042234521937,0.5445125759093126,-0.0438773236610067,3295.187603773741,True,body,high
-0.0122114737055756,0.0014022075269058,-0.0036618881967446,0.0011392906785248,0.0002126093708993,0.327335964113293,0.3273359304849733,0.3273359304849733,False,0.7498581327422348,3.2207881012781824e-05,8.749826309316754e-05,4.398963144388285e-05,2.7166724522623364,0.4972513751839508,0.1346512492317236,0.3680973755843255,-0.6118239191631216,0.1116408139051187,0.7830758715542707,6733.568920815303,True,wing_R,high
-0.0117744808786951,0.0044537723955327,-0.0037561952092347,0.0020407262019984,0.0006839607713509,0.3688952708186259,0.3688952371903062,0.3688628447113423,False,0.7190842576959966,0.0001107377789619,4.268185889513066e-05,4.5026030433319424e-05,2.594492878907987,0.59339955293142,0.021168670350466,0.3854317767181139,0.5410232443891787,0.2586467006853944,-0.8002472950626993,6035.021994626016,True,wing_L,high
-0.0115217400906058,0.004411265408692,-0.0039997502946394,0.002015313844315,0.0003655431818012,0.3879193997760571,0.3879194586256166,0.3879251502187281,False,0.1303922771865895,5.670747200889002e-05,4.216617869121317e-05,0.0001231404649894,2.920361028947036,0.5394895413643686,0.1180870424593925,0.3424234161762389,-0.5465179199255464,-0.2347525198980864,0.8038715180933783,5681.20955022922,True,wing_L,high
-0.012387312154379,0.0007516062310586,-0.0035280831322112,0.0018169686514169,0.0002086021175658,0.3685620814269061,0.3685621402764656,0.3685621402764656,False,0.3789913137190122,3.2271063933931605e-05,3.5130775926975514e-05,8.5075163441674e-05,2.63626769838912,0.5870619049581898,0.0336139465074842,0.3793241485343259,-0.697196645612147,-0.1815057802433226,0.6935218014492647,6481.397628863555,True,wing_R,high
-0.0106131310823237,0.0024916601778077,-0.0035148311063957,0.0011328653435334,0.0010840911603586,0.3078752218668636,0.3078752218668636,0.307875188238544,False,0.104336227159118,8.096350005555049e-05,2.737900822540621e-05,5.4343468159430416e-05,2.9571377965554224,0.3287905275569312,0.3330446425305652,0.3381648299125036,-0.6676583383733812,0.6151339059612992,-0.4193359285075524,4242.730897499922,True,body,high
-0.0111175550055183,0.0026812068392914,-0.0031320704432843,0.0009290055924793,0.0008705719614642,0.1789726263877578,0.1789726263877578,0.1789725591311183,False,0.3950125911089948,4.545315123559267e-05,0.0001057826273806,5.9764421338528194e-05,2.327289186889141,0.4350261208441983,0.1352894180954693,0.4296844610603323,-0.3136379193636707,-0.9469366660075104,0.0703008257974796,2611.359500920377,True,body,high
-0.0110139415041208,0.0028076309587374,-0.0026291236803935,0.0014152168044535,0.0013556364152053,0.3799673026063637,0.3799673026063637,0.3799671260576852,False,0.1489851531338761,4.352638119661912e-05,0.0001077295986214,4.662089986190669e-05,2.47504147277585,0.5672414966873399,0.0287248695333992,0.4040336337792607,-0.7408421843187916,-0.3889434162157528,-0.5476092374277319,1972.8673013222924,False,body,high
-0.0122996634227947,0.0007750640630219,-0.0035652141397335,0.0017588752253242,0.0001279719934235,0.3772140511864735,0.3772140511864735,0.3772140175581537,False,0.1049433143595043,4.762727103671069e-05,0.0001166114568831,4.9258439429219576e-05,2.4484177729447487,0.5775849067850736,0.0139880628894256,0.4084270303255007,-0.3943783152260611,-0.0703478761637748,0.9162515597796816,9314.48285920827,True,wing_R,high
-0.0129341956812454,0.0004987045909086,-0.0032320605083014,0.0023446371152752,0.0007188346162744,0.5227476351665407,0.5227476351665407,0.5227476351665407,False,0.9861002813770444,2.6048556978566345e-05,2.718032554045027e-05,6.861414777952632e-05,2.634086327161401,0.6038670387951598,0.0164946821976215,0.3796382790072186,-0.3698961020498017,-0.460111638777769,0.8071394882853885,7039.469063301205,True,wing_R,high
-0.0114822327461716,0.0031508141937374,-0.0029279352930373,0.0011622255313113,0.0009648197568192,0.2104748292155412,0.2104748628438609,0.2104745601889834,False,0.2686641234498634,1.8827548530817632e-05,1.7897328833653454e-05,4.277872346063144e-05,2.3902295062150256,0.5598852184510761,0.0217449148060774,0.4183698667428464,0.9815416574504248,0.1895664528692739,-0.0253087857479244,1697.787395141578,False,body,high
-0.0114122961430691,0.0041293414301673,-0.0040769333131068,0.0017620204113452,0.0001851441048944,0.4085370655126644,0.4085370655126644,0.4085361995834317,False,0.1626995105959648,7.874629705840627e-05,3.833314441699445e-05,2.735150141983891e-05,2.87904842405796,0.5132070224386209,0.1394559923117456,0.3473369852496334,0.5188836698207361,0.2458344891842486,-0.818733864647655,6082.140013696503,True,wing_L,high
-0.0124730330108257,0.0010302366603198,-0.0034811818746193,0.0016136373419117,0.0003804911190413,0.3184458974430753,0.3184458974430753,0.3184458974430753,False,0.6394402001803409,0.0001615923203791,5.574796655333742e-05,6.07469818885235e-05,2.8986226829369057,0.6240725936356073,0.0309359709883358,0.3449914353760568,0.5401574300063179,0.8256531320264013,0.1628706737996859,4384.719702634872,True,wing_R,high
-0.0115335948633745,0.0044765983166784,-0.0039627793747575,0.0020757882425285,0.0004035035234836,0.334770059053202,0.3347700926815217,0.3347520006455159,False,0.4646170423136461,9.905882899056672e-05,3.480111856879841e-05,3.911414512799028e-05,2.8464265823736987,0.605142262163072,0.0435400519382537,0.3513176858986742,-0.5530525403593873,-0.2141651202394761,0.8051497928179818,5406.907981344582,True,wing_L,high
-0.0113749569791323,0.0038797103183254,-0.0041516674531702,0.001543216484109,0.0001697324012921,0.3575731872525796,0.3575731872525796,0.3575720607038692,False,0.2441545679476799,2.800848287021929e-05,6.271840839226329e-05,2.5056745164254664e-05,2.5030548852664163,0.5534248462581471,0.0470633388446883,0.3995118148971646,-0.1206741198150712,0.1184005413922583,0.98560593981818,7474.953361551736,True,wing_L,high
-0.0122472694674457,0.0024779388277438,-0.0037554682239714,0.0005455299509681,0.0005380943857033,0.4850672195759776,0.4850672784255371,0.4850671596755331,False,0.0314896498459336,4.311580361930168e-05,0.0001029288797589,6.326513511100962e-05,2.387265715089936,0.3853509796356895,0.1957597473022513,0.4188892730620591,-0.1604688373206744,-0.7242800687642962,-0.670572989494609,4241.097014859869,True,body,high
-0.0118231059108722,0.004679654845028,-0.0037333027046446,0.0022689631062869,0.0008026201757896,0.6955731437356611,0.6955731437356611,0.6955135375389693,False,0.7223287780108818,3.161680907689826e-05,3.189354339465248e-05,7.858357715279758e-05,2.4854999428205087,0.5941449276018728,0.0035215286422522,0.402333543755875,-0.6372932158473106,-0.1627145904928899,0.7532471832511056,11056.586848815286,True,wing_L,high
-0.0120635229758189,0.0012121416573803,-0.0037451487307424,0.0012552957093841,0.0001139278527128,0.3963219566953905,0.3963219566953905,0.3963219566953905,False,0.2581262368362935,4.552968058467192e-05,0.0001019352172807,4.171950502301457e-05,2.443346756500753,0.5533469020892756,0.0373784023156737,0.4092746955950506,0.5130186505101428,0.8131317372977065,0.2750066217893048,6730.187584041677,True,wing_R,high
-0.0126794873290219,0.0008013092046035,-0.0033795312710561,0.001929717398223,0.0005307559650133,0.2941288727326827,0.2941288727326827,0.2941288727326827,False,0.1896822063229368,5.59402244207568e-05,5.431802756503103e-05,0.0001319186273145,2.428634345321711,0.5759490106930475,0.0122969506941393,0.4117540386128132,0.2650701062226716,0.7687431591692343,0.5820410587042868,5397.446674566593,True,wing_R,high
-0.01227216969066,0.0007698810219507,-0.0035964624221598,0.001750778820928,0.000104099548346,0.3949778159422885,0.3949778159422885,0.3949778159422885,False,0.0810980140653649,4.4570182054982765e-05,4.152076728178035e-05,0.0001008480901277,2.4288590199547824,0.5580463447696131,0.0302377047432248,0.411715950487162,0.3266230574041878,0.0818122506839622,-0.9416072079216286,9316.117110145557,True,wing_R,high
-0.0128053081447604,0.0004373274435164,-0.0032716108434841,0.0023223547046201,0.0005728141827211,0.3824410774681964,0.3824410774681964,0.3824410774681964,False,0.4051050565147759,2.8382751433064024e-05,7.403769113636459e-05,2.9075232320927184e-05,2.6085452395610806,0.6072914771562008,0.0093530859381842,0.3833554369056149,-0.4494811252406328,-0.8913919626080641,0.0581986859830931,8087.666696224702,True,wing_R,high
-0.0128626682058003,0.0004751540508047,-0.0032383250136218,0.0023260783603874,0.0006471613313652,0.3459167204894637,0.3459167204894637,0.3459166868611439,False,0.3289346050684997,5.848747687211444e-05,2.2502937225544507e-05,5.183235404744552e-05,2.599104120759916,0.113787141805085,0.5014649013844645,0.3847479568104505,0.5518290905814238,0.3919375498716488,-0.7361179333426727,7991.037186845746,True,wing_R,high
-0.0113597407569909,0.0039740717455301,-0.0041354809814261,0.0016328185508823,0.0001506467873799,0.405435416293464,0.405435416293464,0.4054337769128779,False,0.0930573626412812,9.10552364899345e-05,3.504263893092473e-05,5.9198640397696655e-05,2.5984126557768827,0.3498601213974043,0.2652895363073621,0.3848503422952335,0.5926525505271776,0.287364735552313,-0.7524522995609624,7468.698833645414,True,wing_L,high
-0.0118970074462489,0.0042738480121443,-0.0037202053938036,0.0018705629909494,0.0007504368528486,0.5792333486784252,0.5792334075279847,0.5792431177053019,False,0.654510027711463,2.8690518995430323e-05,4.11493135534403e-05,8.315164853051892e-05,2.898227408983536,0.5051293115573363,0.1498322015039456,0.3450384869387179,-0.5789737526488508,-0.3100231388796765,0.7541054615257075,4926.201649899417,True,wing_L,high
-0.011680146919895,0.0039548060062207,-0.0038398538817235,0.0015409940908921,0.0004197304222153,0.3470222683141996,0.3470222683141996,0.3470206037123737,False,0.3397939754601593,2.016719392364391e-05,5.064972108626204e-05,5.311508832990193e-05,2.6337371738975586,0.0464155726961668,0.5738958198335056,0.3796886074703275,0.5197601941412089,0.2750336481665429,-0.8088299159665738,6696.266219747803,True,wing_L,high
-0.0118488782420042,0.0039665922574753,-0.0037343368702862,0.0015597775176319,0.0006115040629648,0.5308700198419524,0.5308700786915118,0.530869601589726,False,0.0940675819109941,0.0001159585465086,4.761900514934422e-05,0.0001151709257829,2.4351316484864145,0.006792261108474,0.5825523229424284,0.4106554159490975,0.6073394005104962,0.5106405364108403,-0.6085927169804124,10138.487314336357,True,wing_L,high
-0.0123444394132857,0.0023275472605464,-0.0042448045750324,0.0007827859474472,0.0007581745598025,0.2435535276714859,0.2435535276714859,0.2435535276714859,False,0.8010845555523006,0.0001027669930821,5.7684537204546206e-05,0.0001347034890554,2.335174998072392,0.2370873701733364,0.334679199430455,0.4282334303962085,0.4876083478170231,-0.5799042665183285,-0.6526477923145014,3431.1368749518106,True,body,high
-0.0118005967206922,0.0047040941656173,-0.0037476705110753,0.0022919682895446,0.0007845562044076,0.6130476582210194,0.6130476582210194,0.6130572506992176,False,0.1004233997530616,8.07678479379639e-05,3.343728188941856e-05,3.5397768227638886e-05,2.4155027972989456,0.5617344137381601,0.02427310357119,0.4139924826906498,0.6251735778774452,0.2849501205799285,-0.7266095418485765,10629.42062591218,True,wing_L,high
-0.0108304883081856,0.0022224558078202,-0.0032740800641158,0.0010395422379578,0.0010393857595518,0.1851545540289807,0.1851545540289807,0.1851545540289807,False,0.8869424739273162,8.932515667450498e-05,9.633721520792248e-05,0.0002424024704782,2.71370887555799,0.6025732946621041,0.0289273393937944,0.3684993659441015,0.0003921098228895,0.9873608088811796,-0.158488104712591,5948.494987411781,True,body,high
-0.0127229375728403,0.0013693803667859,-0.0034390524349514,0.001501206020055,0.000720759252011,0.4074279110506392,0.407427936271879,0.4074279110506392,False,0.09621423474628,2.638367434662072e-05,2.484757748003329e-05,6.485405633107534e-05,2.6100756254081494,0.5931838987536272,0.0236854401017842,0.3831306611445886,0.5683230399129215,0.6337910183764721,0.524707411163069,4966.89967712927,True,wing_R,high
-0.0115972711334287,0.0042474955143381,-0.00390730664868,0.0018393983212719,0.0004098066459916,0.3515879012108804,0.3515879012108804,0.3515906755472567,False,0.1287009564007937,2.626295006291565e-05,5.832928166669054e-05,2.4141229604149307e-05,2.4161686303114034,0.5497467256156293,0.0363748772167371,0.4138783971676334,-0.0348365129221102,0.2646876621836806,0.96370475709896,7440.632937098728,True,wing_L,high
-0.011915578310767,0.003885273532429,-0.0036562178972033,0.0014921843687385,0.0006782313547154,0.4523090147701759,0.4523090147701759,0.4523064800355774,False,0.2342031282937384,2.2145590908938218e-05,5.4298605397764696e-05,5.151150477051334e-05,2.4518923708578555,0.051329138323801,0.5408226168325131,0.4078482448436858,0.5846143766936862,0.4559112340124397,-0.671096846412131,9065.15655821352,True,wing_L,high
-0.0123886658019033,0.0025890714441765,-0.0038345808788591,0.0007044073062458,0.0007043200581427,0.2157976878013671,0.2157976878013671,0.2157976541730474,False,0.2841749046608046,4.80869087236901e-05,7.483102467540003e-05,0.0001236998457919,2.5724224965835614,0.3950596769438235,0.2162016919300291,0.3887386311261472,-0.4643037374230623,0.8581227013683315,0.2191973284766335,3504.3606545509624,True,body,high
-0.0114331937236404,0.0046252997496015,-0.0040192139106916,0.0022385024595691,0.0003406363038044,0.3997319691992823,0.3997319355709626,0.3997349453055769,False,0.0641912219369711,8.84457827980332e-05,3.2763163917525804e-05,3.381362485483033e-05,2.699549500795356,0.6176909312675307,0.0118768911764087,0.3704321775560605,0.6040259075712107,0.4163960842564671,-0.6795344023658084,4966.947772798018,True,wing_L,high
-0.0121423009646021,0.0010624693801735,-0.0037037356531775,0.0014235939644039,0.0001076988029411,0.4433756180100074,0.4433755591604479,0.4433756180100074,False,0.2941675083905787,4.545198086808156e-05,1.855514471527937e-05,3.055753400937262e-05,2.4495621869579813,0.32769631981361,0.2640674633945794,0.4082362167918105,0.5968299235043713,0.1619149810993201,-0.7858610445271945,16472.217654180342,True,wing_R,high
-0.0112192785900492,0.0024665473517088,-0.0033994116877613,0.000632551982387,0.0006195798894257,0.142492860560965,0.1424928941892847,0.142492860560965,False,0.4441679337930159,0.0001626849136986,7.721944995566857e-05,0.000215946628068,2.7965315499141976,0.2466429545387382,0.395771235270534,0.3575858101907277,0.9649100554845846,0.2438154039924424,-0.097481452598625,3690.505455922064,True,body,high
-0.0109937107146555,0.0027746508750827,-0.0038303668045961,0.0007997767796144,0.0005911071889294,0.2642937938546881,0.2642937938546881,0.2642937770405282,False,0.4565606839370025,5.057283228825759e-05,2.204339697680396e-05,2.345285870914558e-05,2.2942395104291267,0.5362557790817847,0.0278699386324243,0.435874282285791,-0.7937956967533332,0.339017775183806,-0.5049310249185655,3252.07902880967,True,body,high
-0.012921727302835,0.0009487930028751,-0.0032507212544969,0.0019809133154242,0.0008349837549836,0.2873284866636117,0.2873284530352921,0.2873284530352921,False,0.1908415354346592,2.861319059972188e-05,2.888395668101216e-05,6.715362486152346e-05,2.3469464066749754,0.5698823892146796,0.0040320396977619,0.4260855710875583,-0.7965712589140301,-0.1310910075683116,0.5901604673365048,6399.694658777616,True,wing_R,high
-0.011474633677546,0.0032457617300698,-0.003965009548313,0.0008789583041133,5.102284687475162e-05,0.1731030385800323,0.1731030385800323,0.1731026350401958,False,0.7171482715140896,0.0001722266997506,6.49940492610072e-05,5.8399525376591794e-05,2.9491112922578755,0.6226250090426061,0.0382897883659421,0.3390852025914518,0.5653166061911236,-0.0158748520533786,-0.8247212400786306,4010.888415272569,True,body,high
-0.011464620612734,0.0045849900231004,-0.0039912280285161,0.0021923730277274,0.000364514584897,0.3765946343515136,0.3765946343515136,0.3766031591305609,False,0.1375715262233782,7.391423046079223e-05,2.658784010624341e-05,4.482748473343306e-05,2.780001315091238,0.3935202402301708,0.2467676997173754,0.3597120600524538,0.5195118077438616,0.2738771798172579,-0.8093817220508817,5505.33778451169,True,wing_L,high
-0.0109321787792137,0.0022551945344824,-0.003665833299302,0.0008022713899383,0.0008013856169953,0.2837348299057655,0.2837348130916056,0.2837348299057655,False,0.752512506433541,0.0003149061959063,0.0001431180862372,0.0001196253187012,2.632437675611642,0.5455215295929777,0.0746024303151512,0.379876040091871,0.7533652038639734,-0.5993752527724843,0.2705368292320188,6063.055752059451,True,body,high
-0.0122430803004177,0.0007912231342763,-0.0036014608171871,0.0017208882329344,8.335978525087966e-05,0.382095521261902,0.382095521261902,0.3820954624123425,False,0.1011311810259539,2.5807151669735706e-05,3.498643942151126e-05,6.317572253593891e-05,2.447992841070705,0.4462043643171876,0.1452977090456498,0.4084979266371625,-0.5368933630133612,-0.1289157391580605,0.8337423156764527,9414.665967542349,True,wing_R,high
-0.0116536971083399,0.0038425478749527,-0.0038466331061452,0.0014297537885073,0.0003605126555236,0.3703336801589644,0.3703337053802041,0.3703316204243819,False,0.1447889111738857,2.271380248883825e-05,5.55814359084228e-05,5.159041108853213e-05,2.447033513465479,0.0718049966623095,0.519536930410931,0.4086580729267594,0.5309631621293733,0.3854760128867389,-0.754643203077136,5575.112187118761,True,wing_L,high
-0.0117694243952529,0.0046921972644268,-0.0037572947992686,0.0022788245904877,0.0007503079846446,0.5462393725704582,0.5462393137208987,0.5462604743410784,False,0.1152993467985059,3.9297465854473575e-05,4.410704308572936e-05,0.0001000649063495,2.5463450167530937,0.5592156661632482,0.048064575351264,0.3927197584854877,0.5570247623700141,0.238187533489478,-0.7956067577621674,10352.156387675665,True,wing_L,high
-0.0118777231815498,0.0038872804495411,-0.0036695664328789,0.0014881363163511,0.0006411267196429,0.372452709876141,0.372452709876141,0.3724514572212316,False,0.1968767327287819,6.078325867167089e-05,3.596579899939622e-05,0.0001071600351219,2.9794982484274937,0.4327805267843353,0.2315924928917878,0.3356269803238768,0.5248737859232279,0.3245587059125117,-0.7868730235984794,10388.566209917384,True,wing_L,high
-0.0124240513551758,0.0013467350644407,-0.0035809461305052,0.001304483460326,0.000405731262861,0.3869916869130452,0.3869916869130452,0.3869916869130452,False,0.4418881053949903,2.3780467266834484e-05,5.482858687498632e-05,2.4647841145225026e-05,2.305614362399565,0.5504563850710921,0.0158197379839137,0.4337238769449941,-0.7318216059649509,-0.6595797171920671,-0.1714401753140506,5320.00721839383,True,wing_R,high
-0.0114585998810133,0.0037687988235054,-0.0041010536177591,0.0014096366431491,0.0001733684609053,0.3849737102966072,0.3849737102966072,0.3849723651638187,False,0.2120823697521689,9.080713433989584e-05,3.740272237955204e-05,4.051722546897724e-05,2.427821521075691,0.5538101079446119,0.0342979999541385,0.4118918921012495,0.5407117723498546,0.2951225875991483,-0.7877394477433907,6479.183248328203,True,wing_L,high
-0.0114210825148024,0.0034788550174247,-0.0040577137230512,0.0011320707692559,0.0001120207553913,0.2762476526631889,0.2762476358490291,0.2762466101852778,False,0.6550581421661283,0.000109652415798,4.116886123061005e-05,4.2648372158569806e-05,2.663479448310627,0.6110585266347065,0.0134927344481327,0.3754487389171607,0.6399410682441405,0.3023754893197083,-0.7064308123469806,4020.518880895224,True,body,high
-0.0127653197142407,0.0009399291265099,-0.0033243819508433,0.0018759824571106,0.000667462683405,0.1945605968227201,0.1945605295660806,0.1945605968227201,False,0.3282555393718783,0.0001526419616324,5.811761599581572e-05,8.84827351456611e-05,2.626431917707375,0.420324960454135,0.1989303519497347,0.3807446875961303,0.5108918738713518,0.7943046320036233,0.3287394785994031,6810.582303541556,True,wing_R,high
-0.0123098373031257,0.000924237300811,-0.0035772730385159,0.0016227815821242,0.0001782288896923,0.2603471910672905,0.2603472246956102,0.2603472246956102,False,0.3719372619158729,2.820208224040216e-05,2.588891766427912e-05,6.536308700862629e-05,2.524751627558871,0.5685319722325816,0.0353894634110191,0.3960785643563992,0.3415853196685946,0.7567708543103144,0.5573305513367636,6002.102469524545,True,wing_R,high
-0.0121930951006074,0.0025172681698847,-0.0041531473651544,0.0006101962122931,0.0006100181592753,0.1469888660216793,0.1469888660216793,0.1469888323933596,False,0.6038747459921789,0.0002122661323118,8.65666729232564e-05,0.0001589730131924,2.4520537193343133,0.2510674620533552,0.3411111300732963,0.4078214078733484,-0.0388930201427955,-0.6457307907385126,-0.762573982559323,5603.851668608676,True,body,high
-0.0124226546797706,0.0027655393791552,-0.0041557564964722,0.0008732793161335,0.000852219678037,0.1073486098232677,0.1073486098232677,0.1073484753099889,False,0.6500010371822594,0.0001618899425114,5.5334920498012655e-05,0.0001440334234853,2.9256379344990493,0.1103003605354564,0.5478938444931204,0.3418057949714231,-0.2692291526745368,0.5415098878732459,0.7964186742446813,3722.3916125549727,True,body,high
-0.0115848379168052,0.0038077063843445,-0.0039327817113418,0.0014048830389365,0.0002627604659442,0.3425535354207727,0.3425535354207727,0.3425517699339878,False,0.2995564010454258,2.6031918262238605e-05,3.097256908436143e-05,7.665309291775e-05,2.944581038768145,0.5959384298087556,0.0644546832236009,0.3396068869676436,-0.5380434770949174,-0.3460638309138517,0.7686020047390196,4795.741654392252,True,wing_L,high
-0.0114106752730509,0.0024710609075327,-0.0039437108795113,0.0003348524894864,0.0002981839516574,0.1164008490653031,0.1164008490653031,0.1164008490653031,False,0.9812606690544948,0.0001262064488262,0.0001015599385109,5.21020578170378e-05,2.422292978704806,0.1952872499351669,0.39188077276426,0.4128319773005729,0.0401445843470021,-0.3134332124744874,-0.9487613154347776,11724.9883966472,True,body,high
-0.0120343663428419,0.0021354500120318,-0.0042635800654407,0.0006333566076662,0.0005616908469195,0.3837382562728187,0.3837382562728187,0.3837382562728187,False,0.231087480417428,3.116254535327651e-05,6.34592261115522e-05,2.4465501130761806e-05,2.5938249035807184,0.5089359378808491,0.1055330269981903,0.3855310351209605,-0.9906816252537776,-0.0629252535050885,-0.1207904377666324,3295.890272823534,False,body,high
-0.0117974661098794,0.0046994277159443,-0.0037458704532193,0.0022872219702732,0.0007812666641021,0.6126508104200822,0.6126507515705227,0.6126599236947246,False,0.0613806336242394,4.160356847118142e-05,4.2182468021454346e-05,9.579791216407712e-05,2.302636905544193,0.5596723658318706,0.0060429244979934,0.4342847096701359,0.5518121075978657,0.2529651811645997,-0.794677302448461,10902.775079893594,True,wing_L,high
-0.0117088895412898,0.0024541678387301,-0.0041929953274281,0.0003963165374432,0.0003861179226566,0.4199271791694907,0.4199271791694907,0.4199271791694907,False,0.3785397544891443,3.447432448119233e-05,4.966030973051069e-05,5.668811450901444e-05,1.6443575142405171,0.1239731615590461,0.2678865822376842,0.6081402562032697,0.6822665002919692,0.7278289186900282,0.0691193728114825,22774.935975478904,True,body,high
-0.0128979121131192,0.0009848213428612,-0.0032708523987051,0.0019341031263335,0.0008173307741515,0.3935593397884601,0.3935593734167798,0.3935593397884601,False,0.1139625339094352,5.4872840893225134e-05,2.056756477999619e-05,1.963343886648092e-05,2.7948665165788404,0.6251776936423287,0.0170234654942132,0.3577988408634581,-0.2990063024266444,-0.8172503542833457,-0.4926429635475293,7092.777533112983,True,wing_R,high
-0.0126699449934173,0.000731399076023,-0.003399198981613,0.0019798236751378,0.0004952884046377,0.3165832584424731,0.3165832248141534,0.3165832248141534,False,0.1995990332741082,0.0001394690425651,5.346285055573887e-05,5.273819475010509e-05,2.644554733547971,0.6166686916864793,0.0051958183142699,0.3781354899992507,0.4891868004215291,-0.0943144064181416,-0.8670646267928017,4950.029191943895,True,wing_R,high
-0.0110817621564644,0.0020920758344842,-0.0034668620346165,0.0007779636791921,0.0007558236258246,0.1794345449873402,0.1794345449873402,0.1794345449873402,False,0.6750765722219142,8.53170425503474e-05,0.0001268574635335,0.0002278622474922,2.6707705832369464,0.4432712530061211,0.1823049734670601,0.3744237735268187,-0.3127073439184531,0.9340257975298386,0.1726555142710927,6334.1361795487965,True,body,high
-0.0117003046407432,0.0019814719102773,-0.0040271092244879,0.0004897284818917,0.0003071557663677,0.2413148399856893,0.2413148399856893,0.2413148399856893,False,0.1234222704211255,9.377324117857716e-05,4.398690466258847e-05,0.0001123977371018,2.555254523226335,0.1657016983033951,0.4429478546431455,0.3913504470534593,0.9820790544402164,0.1737881536777319,0.0729274191994752,4417.5208205679855,True,body,high
-0.0107074134300134,0.0024513306095674,-0.0034263450569468,0.0010674502004798,0.0010369280243059,0.1596047991886964,0.1596047991886964,0.1596047991886964,False,0.1574596693511931,0.0002546851073322,0.0001079394930292,0.0001135922502702,2.359517357221023,0.5539894285138025,0.0221950835688831,0.4238154879173144,-0.1986536733699737,-0.4897632039386743,-0.8489220942609166,5797.121787939487,True,body,high
-0.0105723648287443,0.0022803537132905,-0.0031317415768101,0.0013230839633606,0.0013201866955599,0.2418822169958928,0.2418822169958928,0.2418821497392534,False,0.1880189304614415,5.975598655633831e-05,6.783359125873448e-05,6.124585116669419e-05,1.1351764930661892,0.0971161922846305,0.0219635225366906,0.8809202851786788,0.1350174106714879,0.8334181725732239,0.5358959306061903,3776.246173628286,True,body,high
-0.0128509016077875,0.0005201975828527,-0.0032894597553871,0.0022707279299498,0.0006308022021967,0.2367100469107023,0.2367100469107023,0.2367100469107023,False,0.1710952555049301,0.0001320505393856,5.035549390907112e-05,5.005490786699684e-05,2.638113723763427,0.6186649888493546,0.0022762954507625,0.3790587156998828,0.4047656004847516,0.0390325769608382,-0.913587032854569,7916.832122451656,True,wing_R,high
-0.0106946096084449,0.0024710409833066,-0.0033947916294091,0.0010915781021915,0.0010572718429128,0.1310024336264337,0.1310024336264337,0.1310024336264337,False,0.2753440296477905,4.4286261289842806e-05,9.61286568758997e-05,8.494471894500263e-05,2.1706202798823098,0.116343432794815,0.4229587614820119,0.4606978057231731,-0.0064731184278847,0.7116968806008322,0.7024568662066468,5515.637357663461,True,body,high
-0.0119079208460662,0.0036546606334535,-0.0036881182362753,0.0012610629531163,0.0005885688168828,0.4260723594643469,0.4260723594643469,0.4260699802607272,False,0.1287441538574433,2.402606848447788e-05,2.915111261507092e-05,6.246299034823258e-05,2.5998007284707025,0.5333058431472331,0.0820492919410486,0.3846448649117182,-0.5987003369454289,-0.4797745498029492,0.641384664536663,6521.48238971435,True,wing_L,high
-0.0116823257032959,0.0024531823902904,-0.0041952628377317,0.0003992450836017,0.0003875820118104,0.3939724636961385,0.3939724636961385,0.3939724636961385,False,0.4232139643223429,3.414701674633638e-05,5.317976280906037e-05,2.024085563359052e-05,2.627347567303746,0.3578945271166447,0.2614934775597876,0.3806119953235676,-0.979132902306088,0.0346497615202563,-0.200245233771608,17688.927551121666,True,body,high
-0.0118719777689831,0.0039606555742946,-0.0036937831109253,0.0015583506766814,0.0006469517576172,0.461258742283105,0.461258742283105,0.4612568044511815,False,0.1229676188292,1.825322885884874e-05,2.6598415719449803e-05,4.617791723525283e-05,2.5298492443361247,0.4240013991115168,0.1807181302284945,0.3952804706599886,0.5825964592454049,0.4084067311714165,-0.7026985894454292,12621.69949233699,True,wing_L,high
-0.0124536433168994,0.0012113381425893,-0.003568365386184,0.0014346154000742,0.0003969989367666,0.3766991511691827,0.3766991511691827,0.3766991511691827,False,0.4241141114212727,0.0001146607744883,4.011184438591905e-05,6.123574731323533e-05,2.8585266083811653,0.4659398771160969,0.1842295503546804,0.3498305725292226,0.796958370013499,0.2503513955207805,-0.5497104103309529,5474.303917751299,True,wing_R,high
-0.0128302409042096,0.0004710636098336,-0.0032657204391708,0.0023070942434984,0.0006068504072678,0.3027832048817099,0.3027832048817099,0.3027832216958698,False,0.1197253970582161,0.0001163330990057,4.815859425141879e-05,4.6972842292305134e-05,2.4766033590614542,0.5860284419224213,0.0101927307812428,0.4037788272963358,0.3592253698549782,0.0449727811235921,-0.9321666066806744,8735.361894439959,True,wing_R,high
-0.0113115716765731,0.0025933498070038,-0.003978627155007,0.0004699190191463,0.0003615293078948,0.1995213120335531,0.1995213120335531,0.1995213120335531,False,0.078160805072465,8.448510328800005e-05,7.451114133657156e-05,0.0001282366465324,1.7210398905735589,0.341178161059822,0.0777777821015318,0.581044056838646,0.9831737746189052,0.1676909511907153,-0.0724504919953457,6877.144875970293,True,body,high
-0.0122853006134854,0.0018269523040338,-0.0035129842828051,0.0008724650693771,0.0004401976570814,0.1297816583642,0.1297816583642,0.1297816583642,False,0.3387264478112697,3.32910440891959e-05,2.4577658276486023e-05,5.776342366684397e-05,2.3502411424650447,0.4236656697981554,0.1508460762811629,0.4254882539206817,0.5586025093919532,0.5196403201989193,0.6464806061472976,4214.73806815859,True,wing_R,high
-0.0114083789134943,0.0029341080839618,-0.0038604636140444,0.0006024740481475,0.0001482527756779,0.1435024163470791,0.1435024163470791,0.1435022818338003,False,0.4725187821071688,0.0001081551597802,4.389086214334082e-05,3.97627396119135e-05,2.720012776681371,0.5941861467126055,0.0381685214077118,0.3676453318796827,0.6933819412807731,0.1139493605951424,-0.711503356791565,3750.549694897096,True,body,high
-0.0109544727004738,0.0022445523976384,-0.0036829517684853,0.0007802777620619,0.0007799139392014,0.2292735643600937,0.2292735643600937,0.2292735139176141,False,0.244650661794132,0.0003343299426026,0.0001491779842427,0.0001251831679143,2.670726010315964,0.5538001081163106,0.071769869433841,0.3744300224498482,0.7734838885639764,-0.6030266688745618,0.1951448455839908,6616.552576242907,True,body,high
-0.012197014844844,0.0027567752988733,-0.0040564226083157,0.0006507600607378,0.0006089373108748,0.1315822867432508,0.1315823203715705,0.131582152229972,False,0.1317113584892691,0.0002641761461326,0.0001014357010351,0.0001870140633971,2.6043704872820284,0.2920857309227027,0.3239443212978554,0.3839699477794418,0.036782890181642,-0.5942161181308829,-0.8034638908770887,5193.212611429503,True,body,high
-0.0126318250793068,0.0008250301733499,-0.0034250230660703,0.0018765271587945,0.00048076604204,0.3002677393105127,0.3002677393105127,0.3002677393105127,False,0.2649861202120924,0.0001136645835734,4.669748033688904e-05,4.398472335925127e-05,2.5841832093631187,0.5891641981276472,0.0238663345463679,0.3869694673259848,0.5991492420746052,-0.1995565130664402,-0.7753691919429024,5149.601328439579,True,wing_R,high
-0.011005781567085,0.0024204660540099,-0.0036431982335921,0.000718419273819,0.0006973393690787,0.0952874430465617,0.0952874430465617,0.0952874430465617,False,0.8108860452554781,0.0002693297832677,9.190532023971502e-05,0.0001375771172777,2.9305135172285137,0.4891871385016434,0.1695757390210189,0.3412371224773377,-0.2875571253396272,-0.3503057182333333,-0.8914015949275831,5243.328368700132,True,body,high
-0.0123999227023833,0.0025853643659459,-0.0040898989878622,0.0007706545089564,0.0007704873724076,0.2160410559511326,0.2160410895794522,0.2160410559511326,False,0.1821155805167527,6.814163626490717e-05,0.000102069167513,0.0001835499861315,2.6936539272108715,0.443916234131915,0.1848408270858768,0.3712429387822081,-0.2381096474656641,0.9168396844457962,0.3204821193282234,4422.545439104588,True,body,high
-0.0110455965113538,0.002592580395935,-0.0037896697781991,0.0006851392571105,0.0005915280011133,0.1603848080644473,0.1603848080644473,0.1603848080644473,False,0.0604000425873648,0.0002946287136409,0.0001231041826429,0.0001203665823749,2.4477617277789863,0.5821718083019276,0.009291695416073,0.4085364962819993,0.6011704619754689,-0.7047366946259381,0.3767496076917779,4641.820480446413,True,body,high
-0.0118484518217206,0.0017473253065776,-0.0038945638392237,0.0006887791995465,0.0001900442490068,0.1489716253802975,0.1489716253802975,0.1489716253802975,False,0.942804111130394,5.002613128573522e-05,4.370815838119808e-05,0.0001124664138043,2.5731217687901555,0.5551904822648208,0.0561765303153162,0.3886329874198629,0.8751742107125153,0.4837457973449683,-0.0077527062891925,5170.949904814651,True,body,high
-0.0116849130431932,0.0038961302693861,-0.0038369317269843,0.0014821920221702,0.0004075302859205,0.3818455955897925,0.3818455955897925,0.3818431575366132,False,0.0884220501027679,2.567939010859748e-05,5.320812070847722e-05,6.714709282512683e-05,2.614824282865111,0.2075886167246479,0.4099765074204125,0.3824348758549395,-0.5198388327005026,-0.3524632755650307,0.778162725523748,6456.032311277873,True,wing_L,high
-0.0125363873283308,0.0012360431625957,-0.00348992236338,0.0014737516621464,0.0004967761420275,0.2954596294145388,0.2954596294145388,0.295459612600379,False,0.4775050508735254,1.594171579976096e-05,4.012894740629523e-05,1.8634092849187945e-05,2.517228879898671,0.53564461433482,0.0670931390790633,0.3972622465861166,-0.0935948012732765,-0.7767734336409491,-0.6227865171664089,5296.14447833791,True,wing_R,high
-0.0116940195473703,0.0040687120759444,-0.0038447747937695,0.0016548075186882,0.000464128797282,0.4229991766177839,0.4229991766177839,0.4230039434321033,False,0.116428926348351,1.7367261166064708e-05,2.6543048222626386e-05,4.37716465020669e-05,2.5203540203331456,0.393601786915349,0.2096285561505755,0.3967696569340754,0.5012743642060731,0.2232542349243594,-0.8359913626217296,6822.832388443851,True,wing_L,high
-0.0112720968860241,0.0020983880358671,-0.0035731300563392,0.0005832056677419,0.0005420656138109,0.1760198581470083,0.1760198581470083,0.1760198581470083,False,0.1059620866193489,8.658681903181046e-05,0.0001082567018984,0.0001293161466329,1.4934853604613958,0.1628523991999983,0.1675729089589908,0.6695746918410108,0.3662567600625346,-0.7723292467359403,-0.5190024280721528,6095.251175516984,True,body,high
-0.0117334939170718,0.0039186932888513,-0.0038032794727477,0.0015043317087148,0.0004695833778092,0.3855899576624341,0.3855899576624341,0.3855911850961037,False,0.1582787796871607,7.73465873086834e-05,3.246436037705106e-05,3.403361827275812e-05,2.38250766102755,0.5599855215727496,0.0202886507383226,0.4197258276889278,0.6030412148212361,0.4386804042725996,-0.6662588056710067,6861.146516455342,True,wing_L,high
-0.0118749270769379,0.0037577239250191,-0.0037211040230564,0.001355782847095,0.0005770752936018,0.4487180440743666,0.4487180440743666,0.4487168502690168,False,0.1353566767809728,6.918270427637317e-05,7.472654879120644e-05,2.9600999762753752e-05,2.524460301683226,0.0741884190359617,0.5296873086460171,0.3961242723180211,0.5889989142418034,0.4917300812816749,-0.6413125651230407,6314.68803101215,True,wing_L,high
-0.0126496304118231,0.0007571092102018,-0.0034201088119591,0.001943923670503,0.0004784027327721,0.3176654345850083,0.317665468213328,0.317665468213328,False,0.3128644047539139,0.0001129518279308,4.751027445937759e-05,4.590914163541744e-05,2.4603341275221395,0.5793757805455136,0.0141753600033826,0.4064488594511037,0.571960260598285,-0.1356344682666058,-0.8089899574867274,4967.481571427633,True,wing_R,high
-0.0113753144173359,0.0024675555844889,-0.0038281545585761,0.0003373296743695,0.0003054137785196,0.0757068830969937,0.0757068830969937,0.075706849468674,False,0.9786223952037544,0.0002267257538449,8.689819220892432e-05,0.0001727487309117,2.609096323889736,0.238071864434821,0.378653669673033,0.383274465892146,-0.1767429864007541,-0.3153776015750507,-0.9323619925666808,10364.24328353493,True,body,high
-0.0121830323547413,0.001611165953936,-0.0035579455265022,0.0009643187387,0.0002693511570956,0.1339876195673868,0.1339876195673868,0.1339876195673868,False,0.3419216008129913,6.972205276047139e-05,6.825538974733799e-05,0.0001762360463447,2.5820092302910806,0.6043825641430614,0.0083221511350998,0.3872952847218388,0.998337553980199,0.0317576971441562,-0.0480996568068162,4270.284983569178,True,wing_R,high
-0.0129119247068532,0.0005422377025132,-0.0032507684552402,0.002292902051941,0.0007052493454401,0.2421504364739264,0.2421504364739264,0.2421504701022461,False,0.1407856582958628,0.0001088416952958,4.747847795549773e-05,4.4677424572670776e-05,2.436167624630755,0.563784101061133,0.0257351135078695,0.4104807854309976,0.3658816053357195,0.1504491554529108,-0.9184202210864384,7642.656737000874,True,wing_R,high
-0.0117067768386883,0.0022886701262905,-0.0041666098963835,0.0003889001611913,0.0003822620044951,0.1055705796750643,0.1055705796750643,0.1055705796750643,False,0.5414035898650752,8.275806747926508e-05,0.000195909074651,0.0001400427524498,2.367250476216361,0.2851645453418844,0.2924044487096759,0.4224310059484396,-0.1625787392386157,0.9730044800686952,0.1637999856954538,8338.027043564754,True,body,high
-0.0117173788312323,0.0023489911390315,-0.0038429275142494,7.980193297876977e-05,5.3161581803890704e-05,0.1666272330528345,0.1666272330528345,0.1666272330528345,False,0.0273016204864167,0.0001035895013227,0.0001744960737335,6.948739883680643e-05,2.5111901820267764,0.4063505320987359,0.1954319186462323,0.3982175492550318,0.0754800197427904,0.7519596421937786,0.6548736237866299,9659.004738342002,True,body,high
-0.012840595595392,0.0004639738742372,-0.0032575801971623,0.0023200001962695,0.0006169543172333,0.26902470994276,0.26902470994276,0.2690247435710797,False,0.0973356060359026,0.0001080732938096,4.3741225778474686e-05,4.234360791126151e-05,2.5522929939309726,0.5952633232821879,0.0129321298347259,0.3918045468830861,0.4039098033660821,0.105492356419553,-0.9086958971415152,8489.329823027898,True,wing_R,high
-0.0119894002641292,0.0025918604193732,-0.0040694530333986,0.0004294322692116,0.0004094738673452,0.1169437782870749,0.1169437782870749,0.1169436774021158,False,0.6321227763732118,0.0002741520932792,0.0001018960479698,0.0001810064009402,2.690507617729127,0.3397591870442122,0.2885637385589379,0.3716770743968498,0.0130298105156834,-0.6206308751578642,-0.7839946051081661,6705.708234058309,True,body,high
-0.0121901893809707,0.002707828967192,-0.0040546489843134,0.0006203516842907,0.0005923099481065,0.1213805979050938,0.1213805979050938,0.1213804970201347,False,0.2188114920301308,0.0002513205955857,8.906656290177881e-05,0.0001889538966623,2.821716561161815,0.2481559411316519,0.3974498529569437,0.3543942059114043,0.1526620880196356,-0.5667964669968755,-0.8095900517430691,5484.7116601999005,True,body,high
-0.0116271528542132,0.0023036792978913,-0.004155507125408,0.0003821533661016,0.0003803206279347,0.2162408754268692,0.2162408417985495,0.2162408417985495,False,0.4676616807541458,0.0002602885326754,0.0001089035254709,0.0001101073593122,2.3900836226356987,0.5769795995985859,0.00462499760909,0.4183954027923239,-0.2121565144015779,-0.6338459737011886,-0.7437935836102412,8828.141111971323,True,body,high
-0.0116408885113531,0.0030544393483561,-0.004320607248788,0.0008283793335369,0.0004472001043136,0.3701976031632443,0.3701976031632443,0.3701978637827221,False,0.3336596222784378,2.4118447718525176e-05,5.613244940609103e-05,6.971347580316832e-05,2.890462794984189,0.1948120681204088,0.4592225723754673,0.3459653595041239,0.2502148812453797,0.0399373157322344,0.9673662822403232,3698.4321410558928,True,body,high
-0.0120123058949003,0.0014541282386564,-0.0038203688748653,0.0010080147688565,0.0001582238314098,0.1929250834934618,0.1929250834934618,0.192925049865142,False,0.5848810200840001,5.298253921588919e-05,2.1368086458472346e-05,2.319724965904904e-05,2.47951726135411,0.56217180221343,0.0345238870701035,0.4033043107164665,-0.4428208934667539,-0.810130387679618,-0.3841853865874884,6819.292382395568,True,wing_R,high
-0.0118075493160832,0.0031517526568261,-0.0043934789252653,0.000952512775093,0.000580475910145,0.4173568826230009,0.4173568489946812,0.4173570927999991,False,0.2959946350824517,5.0920166390808345e-05,2.19224946017676e-05,2.947266419643045e-05,2.3227359529924425,0.4211985881933293,0.1482746449945957,0.4305267668120749,0.2950172386162092,-0.0556430097375297,0.9538703708505764,2720.7306218581625,True,body,high
-0.011863719230744,0.0040129499189278,-0.0036909414653093,0.0016096091002991,0.0006569065968992,0.4848715069587859,0.4848715069587859,0.4848706137065435,False,0.1090325187880436,7.91209498316439e-05,3.092516777727105e-05,7.063203342452226e-05,2.5584646913312823,0.1072903753706777,0.5018502145353507,0.3908594100939715,0.5871025330058204,0.4418692749408556,-0.6782788214306802,9455.195136509725,True,wing_L,high
-0.012079424953673,0.001466029437143,-0.0037457363857337,0.0010203783647808,0.0001307539863517,0.3715562545363027,0.3715562545363027,0.3715563133858621,False,0.3283369000249204,0.0001019680805706,4.0988027611273024e-05,7.766175505094413e-05,2.48775280278734,0.2383719040673675,0.3596588975140535,0.4019691984185789,0.5364284661938272,0.2414662356208202,-0.8086646756920005,6780.064337326205,True,wing_R,high
-0.0121130796828137,0.0010528532197676,-0.0037149100179433,0.001423426484508,0.0001069959228553,0.4432423447754435,0.443242403625003,0.443242403625003,False,0.2680792175153464,2.1944520646219434e-05,1.1029284843519112e-05,2.516678810155926e-05,2.2818150459091138,0.1280364996254799,0.4337158861374148,0.4382476142371053,0.4494517318282103,0.4285602644420174,-0.7837915797570235,18781.941168028054,True,wing_R,high
-0.0119965526420898,0.0015981337289767,-0.0038630523804856,0.0008686275882063,0.0001871584800605,0.3595902390902254,0.3595902643114652,0.3595902643114652,False,0.2201327915609991,2.908252577905521e-05,6.968901400177212e-05,3.4986939910121515e-05,2.396250398992548,0.4979561640916338,0.0847251782169878,0.4173186576913784,-0.6124849759181201,0.0665639107689403,0.7876746790761553,8359.546942789826,True,body,high
-0.0118325124476007,0.0034493516295068,-0.0038015143553975,0.0010423221198833,0.0004188433585667,0.4217284044512164,0.4217284044512164,0.4217275385219838,False,0.1202461418714528,6.457700671586087e-05,6.630590827667373e-05,2.852404451893659e-05,2.3245619404588456,0.0260746229973759,0.5437367971265334,0.4301885798760905,0.625355329185468,0.4892637392685754,-0.607907645696504,5503.729497631784,True,wing_L,high
-0.0118717775451325,0.0039733979906117,-0.0036839448501084,0.001571659849488,0.0006550793163448,0.4662010985331445,0.4662010985331445,0.4662000539534634,False,0.0994928968453867,2.6128969668066783e-05,3.4122276212327766e-05,6.649778512251058e-05,2.544983057781267,0.4868659738145651,0.120204101979257,0.3929299242061778,-0.587609872043604,-0.406914304666959,0.6993821465653132,12124.131498489893,True,wing_L,high
-0.0111493369214315,0.0023207409321236,-0.0037975242558299,0.0005656589303664,0.0005625187237055,0.2046486219402459,0.2046486219402459,0.2046486219402459,False,0.5977016159026914,0.0001717597194202,6.492299345144611e-05,9.401169361911976e-05,2.64559149677392,0.4526557569118069,0.1693569380868665,0.3779873050013266,-0.1482927437231836,-0.5677451189870486,-0.809737452527319,10082.305067878457,True,body,high
-0.010833305337971,0.0024491606535151,-0.0034785579823616,0.0009312745134587,0.0009037924206576,0.1014986945825746,0.1014986945825746,0.1014986945825746,False,0.4359555437441969,0.0002619816103012,9.609616342852494e-05,0.000111200566102,2.726244221977468,0.5755405657131614,0.0576544386307066,0.366804995656132,-0.2038097408411362,-0.4797267302469703,-0.853418920475062,4984.940838392133,True,body,high
-0.0130010740624484,0.000589611180102,-0.0032113979729177,0.0023129401277171,0.0008123771353086,0.1861921558337358,0.1861921558337358,0.1861921558337358,False,0.0671151670901294,9.877916859723154e-05,4.160214015053032e-05,4.16997356587326e-05,2.3743770930970327,0.5778488900958283,0.0009880171051066,0.421163092799065,0.67359434764246,0.6274715322279997,0.3905766647760404,5864.292822537368,True,wing_R,high
-0.0121513289275875,0.0027499410250617,-0.0041266144241607,0.0006459861704068,0.0005979312437229,0.1304619592720009,0.1304619592720009,0.1304618920153615,False,0.0942060167513388,0.0002715986934086,0.0001050011692363,0.0001492994587393,2.586625419353575,0.4502938991876392,0.1631019978302171,0.3866041029821436,0.1381102420059309,-0.4573944654323623,-0.8784735989458684,5379.345016796808,True,body,high
-0.011249777676723,0.0023242500462207,-0.0037306886440377,0.0004711434201283,0.0004703589462721,0.1173361198931705,0.1173361198931705,0.1173361198931705,False,0.4862365884191575,9.860829073863913e-05,9.975719143206076e-05,0.000234436351378,2.377450715573373,0.5744807029896342,0.0049006934575984,0.4206186035527674,0.4392094368966031,-0.7209974271734915,-0.5359643463423426,16245.820551902756,True,body,high
-0.0113680728152394,0.0024401298332489,-0.0038890004981472,0.0003518357773763,0.0003281092075337,0.1647670489195714,0.1647670489195714,0.1647670489195714,False,0.1067913447161601,0.0001565186642093,5.5751688255833824e-05,8.49192047545372e-05,2.807424655754909,0.4574499777168234,0.1863516830151535,0.3561983392680231,-0.2193004561426484,-0.5718230336511905,-0.790522439986099,13094.94239064332,True,body,high
-0.0111206072708423,0.0021232548515928,-0.0035943074634798,0.0006860606251068,0.000669885387862,0.1574611283202499,0.1574610946919301,0.1574611283202499,False,0.0789991105583863,0.0002656383953065,0.000114687294696,0.0001085710118713,2.4466788208759493,0.5682578395201954,0.0230248447996106,0.4087173156801939,0.6409715589576301,-0.691910427338023,0.332288159807628,8147.687361064558,True,body,high
-0.0122029831988476,0.0029037525414322,-0.0041154202534249,0.0007651491707518,0.0006663904933089,0.1503608448959753,0.1503608448959753,0.1503607103826965,False,0.2883805518318263,7.719242799510994e-05,3.337990039503431e-05,2.803427082144814e-05,2.753502257531608,0.5675754570493767,0.0692506987074536,0.3631738442431695,0.4808437853398257,-0.1298373299751982,-0.8671398513763386,3866.417074116961,True,body,high
-0.0121416697725907,0.00257965206276,-0.0041960539472084,0.0006115280063251,0.0006043062961855,0.0991955245937277,0.0991955245937277,0.0991954573370883,False,0.7826236040347301,0.0002108715186391,8.17215504054543e-05,0.0001784916805783,2.580366104080235,0.1535524487598157,0.4589056445244131,0.3875419067157711,0.2369701853927087,-0.3012136806443479,-0.923642490267544,6543.73826178947,True,body,high
-0.0114830510522077,0.0023062722591678,-0.0039256300090189,0.0002794231856797,0.0002781466125402,0.172968289902941,0.172968289902941,0.172968289902941,False,0.2231170516342331,0.0002455846994893,9.91659684759491e-05,8.704417041476982e-05,2.821380206383952,0.5962046142037758,0.04935893028509,0.3544364555111342,0.5304032278821491,-0.6937528619700984,0.4872159504372726,19589.72631076478,True,body,high
-0.0121127248459968,0.00254540366284,-0.0041501320332062,0.0005523843730802,0.0005488142524182,0.116188284456395,0.116188284456395,0.1161882508280753,False,0.7401212621649437,0.0002234690579303,8.153736231436226e-05,0.0001683584917552,2.7406952050862987,0.2466138564575561,0.3885152165804972,0.3648709269619465,0.1266773915189507,-0.5075952854417698,-0.8522322832862198,7446.418938409107,True,body,high
-0.011256839561385,0.0022949365905334,-0.0037485349173606,0.0004686305742372,0.0004686304533181,0.1657631197494806,0.1657631197494806,0.1657631533778003,False,0.2963909909916336,0.0002357709716506,0.0001052550724695,0.0001016857827679,2.3186227733398725,0.5535706888229758,0.0151388004918623,0.4312905106851619,0.5777790379279153,-0.7210646308450326,0.3824097036888703,18753.00975338943,True,body,high
-0.011617679619918,0.0042384935180804,-0.0039055942321127,0.0018292156943345,0.0004261333817263,0.4304990485510522,0.4304990485510522,0.4305054253211778,False,0.0910073211008837,2.3933974608518363e-05,2.052281342829565e-05,5.957299471647677e-05,2.9027693948794084,0.5982412043841959,0.057260193086772,0.3444986025290319,0.3890163101058393,0.5661830468616278,0.7267070027996986,7641.512510863904,True,wing_L,high
-0.0115832194188685,0.0041735890383547,-0.003926702575676,0.0017679928644641,0.0003695285196426,0.3928874207393478,0.3928874207393478,0.3928935831289353,False,0.1979667733028031,7.853637715573646e-05,3.2807812727043135e-05,3.367951747778992e-05,2.3938315488798114,0.5711602865127845,0.0110993756309666,0.4177403378562488,0.6325211616546864,0.4914049165168324,-0.5986970753912957,7371.660807297662,True,wing_L,high
-0.0121522123953406,0.001324812845289,-0.0037279742161145,0.0011792831691691,0.0001585872191769,0.3317310005440681,0.3317310005440681,0.3317310341723878,False,0.3778630661866979,3.217088969781327e-05,1.3968914039311178e-05,4.173223874846681e-05,2.9875077354634985,0.2291118170842155,0.4361610161441629,0.3347271667716215,0.7698551303350093,0.2254015318327539,-0.5970906361217816,7179.544016389,True,wing_R,high
-0.0127145694777986,0.0012941613629916,-0.0033219373437675,0.0015803592279887,0.0007295887899069,0.1749399182877341,0.1749399182877341,0.1749399519160538,False,0.4354898550123161,0.0001022695939473,4.31724197245162e-05,4.105641256773833e-05,2.490952997381888,0.5778567406189189,0.0206904816486033,0.4014527777324778,0.4957366414817201,-0.1400922655861841,-0.8570993754608356,4899.557957539674,True,wing_R,high
-0.0119932268948555,0.0016749971486652,-0.003763599279562,0.0007937750093976,0.0001027749149527,0.1558305583539894,0.1558305919823092,0.1558306256106288,False,0.5223621978424502,5.401881920005456e-05,4.791931075631519e-05,0.0001198219320479,2.500493645604842,0.5491741930980838,0.0509047746058668,0.3999210322960493,0.8705798371143353,0.4760960327331081,-0.1241906390424528,5480.439757100349,True,body,high
-0.0114308244876472,0.0029107135193713,-0.0037479738077204,0.0005701372037083,0.0001806155889807,0.1443311526580947,0.1443311526580947,0.1443311526580947,False,0.1167605467136431,0.0001177244353912,5.8902031030062207e-05,0.000140429861952,2.384125971486665,0.1616851732618569,0.4188739029112733,0.4194409238268697,0.9787659812262226,0.1905334940189632,0.0755919417080639,3770.8334704654417,True,body,high
-0.0112616803777528,0.0023371955557373,-0.0039121292442782,0.0004661676399509,0.0004622529135731,0.1446746659439665,0.144674598687327,0.1446746323156467,False,0.8808318936790032,0.0002088475423311,8.779013823226943e-05,0.0001085966413888,2.3789408074352814,0.4800195387665038,0.0996253196198245,0.4203551416136716,-0.1192287807693276,-0.5413231699598211,-0.8323182825703823,8909.555000120314,True,body,high
-0.0119721456975369,0.0025343692809161,-0.0040464171095441,0.0003820312742849,0.0003743750603926,0.11721182962351,0.11721182962351,0.1172117959951902,False,0.3263344451437341,0.0002715459886249,0.0001029262785351,0.0001180716385267,2.638257134035462,0.5651873219538261,0.0557745672042614,0.3790381108419125,-0.1239822407250963,-0.6664551351737196,-0.7351638979066936,6856.5426681320105,True,body,high
-0.0119917292455507,0.0025116761961627,-0.0043076295290765,0.0005911466605597,0.000585196294791,0.1332393221971256,0.1332393221971256,0.1332392885688059,False,0.1855206148137427,0.0002196025432172,8.066423715691348e-05,0.0001246963141851,2.7224275708455754,0.432172722782097,0.2005080468703334,0.3673192303475695,0.0672410757839968,-0.5885367078353154,-0.8056693994795755,9629.004862721911,True,body,high
-0.0121690897944433,0.0013718718808392,-0.0037019403281187,0.0011445614138798,0.0001717230005617,0.3670527667744521,0.3670527667744521,0.3670527415532123,False,0.3034618307862739,2.0535695898546032e-05,5.215112335077847e-05,2.230738560546905e-05,2.5395352370050857,0.572254935805979,0.0339722252003334,0.3937728389936876,-0.1265813594934364,-0.7761560249108704,-0.6177046093589962,7271.806743887087,True,wing_R,high
-0.0112678514108889,0.0026425571044279,-0.0031731892802391,0.0007976015682572,0.0007565464498192,0.3531476835641443,0.3531476835641443,0.3531476667499844,False,0.1360182577301767,3.977305538116476e-05,8.635945706257602e-05,4.037589470671109e-05,2.171305579492218,0.5324670154253665,0.0069805826258207,0.4605524019488128,-0.8799243083362411,0.4290614362553311,-0.2040575789268794,3143.82100426785,True,body,high
-0.0113755685122547,0.0040537445240112,-0.0041081616035919,0.0017007454815116,0.0001506582039477,0.4000207523948206,0.4000207523948206,0.4000198276160285,False,0.1049263403824232,6.80881097179934e-05,3.0599089497522704e-05,2.954326990742335e-05,2.304691049140937,0.5505956968954244,0.015506666207541,0.4338976368970346,-0.3300955391069685,-0.6269145257199953,-0.7057018580838181,6677.516215171486,True,wing_L,high
-0.0114133001554029,0.0033086105267857,-0.0041847130139251,0.0010171728574769,0.0002619630679858,0.3088099210132959,0.3088099210132959,0.3088096688008981,False,0.161835158568534,9.0978504894965e-05,3.7534075465429536e-05,4.0996823631522805e-05,2.4238909248946343,0.5493790134400012,0.0380611680758111,0.4125598184841876,0.6946373105063134,0.6212686937955522,0.3626351016685011,5020.576544520615,True,body,high
-0.0122253618145472,0.0023313900410455,-0.004465809086463,0.0008488508429761,0.0008388285154388,0.1944534906244331,0.1944534906244331,0.1944534906244331,False,0.2552885833272099,4.660836350206717e-05,6.997204483954946e-05,0.0001193941238294,2.5616459119855985,0.4139406312866298,0.1956853535846071,0.3903740151287631,0.1676961615277166,0.9627449357958286,0.2121324727814105,3422.5113631659065,False,body,high
-0.0114097424077516,0.0033215810999747,-0.0041591654667811,0.001020309517118,0.0002352347204495,0.2368034831970258,0.2368034831970258,0.2368032477987878,False,0.2043332364105856,0.0001077971192632,4.530644048313328e-05,4.03327916221019e-05,2.67269174604378,0.5797063892545044,0.0461389775072114,0.3741546332382843,0.6082141348123105,0.2396404617600127,-0.7567351024645019,5046.942143056172,True,body,high
-0.0106100879913076,0.0024095933202288,-0.0033991736288607,0.0011675484665065,0.0011434363619415,0.1789529201924057,0.1789529201924057,0.1789528865640861,False,0.173458418593649,0.0002231722770538,9.783834898559588e-05,9.238442018156272e-05,2.4156917001293503,0.5616016905093361,0.0244382002820037,0.4139601092086602,0.762581408374745,-0.609295143658908,0.2173223953366544,5659.684888542622,True,body,high
-0.0116999638480061,0.0024024411319874,-0.004063840708471,0.0002655537912701,0.0002643452574391,0.151544898033082,0.151544898033082,0.151544898033082,False,0.3697486184504122,6.536919613363898e-05,9.7059607751143e-05,0.0001373980096258,2.1018769963912893,0.2935879637891299,0.2306468026996327,0.4757652335112374,0.1113420556247106,0.6212613817290967,0.7756527845765251,21425.25632615773,True,body,high
-0.0120382250906028,0.0027581746918411,-0.0045557460464391,0.0008948896253114,0.0008280994551926,0.1197833199753496,0.1197833536036693,0.1197834544886284,False,0.295068942463923,5.89136038777685e-05,7.327799179773054e-05,0.0001362042740216,2.311932474954531,0.4619993217973551,0.1054620937789509,0.4325385844236939,-0.0018983635313414,0.6576641755481978,0.7533088532709624,3385.2244481317207,True,body,high
-0.0117645313390319,0.0025421246630139,-0.0044190004454821,0.0006359038347075,0.0006074126796569,0.2499819845245273,0.2499820013386872,0.2499822703652449,False,0.3475684131081962,9.35032862347996e-05,4.264747736949894e-05,3.814209819688463e-05,2.4514457949362827,0.543893278120672,0.0481841799795216,0.4079225418998063,0.542470500896188,-0.2923457404716924,-0.7875656948378957,8319.963933090776,True,body,high
-0.0117650848958248,0.0022848168752655,-0.0039074192239948,0.0001789622120732,0.0001280485970677,0.1807628972443368,0.1807628972443368,0.1807628972443368,False,0.0062856207592409,5.22049645969736e-05,0.0001152814733711,9.71354466705374e-05,2.208247324007958,0.157406269802182,0.3897459041739625,0.4528478260238554,-0.3146019601648282,0.8925764717082304,0.3230059578604308,9122.63160180848,True,body,high
-0.0115053379501521,0.0027063640027033,-0.0040404342493421,0.0004293129177953,0.0002270219145002,0.0828358851063034,0.0828358851063034,0.0828357842213443,False,0.3214829993904122,0.0002312018181893,0.0001025675970624,9.517563342363669e-05,2.429212287563945,0.5563720135693317,0.0319719096359897,0.4116560767946784,0.3515609830447803,-0.7645543927179556,0.5402420344403662,5497.568643372862,True,body,high
-0.0119605956386895,0.0025352146292914,-0.0043217432723619,0.0005936279304236,0.00058211944205,0.1347455010087664,0.1347455010087664,0.1347455010087664,False,0.2155493625471276,0.0002180360758061,8.86434631533815e-05,8.293030130583112e-05,2.629148482193936,0.5934458881373026,0.0262028282541225,0.3803512836085749,0.6041312931148326,-0.6763468537223907,0.4214027932266504,9663.384413281114,True,body,high
-0.0118397317936091,0.0025291550272028,-0.0043953716091062,0.0006219014234413,0.0006028902325146,0.1083326753430392,0.1083326753430392,0.1083326417147195,False,0.2385250295646006,8.400401745672701e-05,8.754692496508195e-05,0.0002098627943918,2.4982471165734896,0.5828373236962924,0.0168820181710703,0.4002806581326373,0.4928607311391788,-0.6277551405401773,-0.6025045918715776,9742.493633828695,True,body,high
-0.0116417218599041,0.0024140842736326,-0.0038998214987186,0.0001204767203467,0.0001165879539846,0.1000563759500695,0.1000564095783892,0.1000563759500695,False,0.8999288918404434,0.0002343415743481,9.31506546497003e-05,9.907361462716753e-05,2.515726542442536,0.5772256164841714,0.0252749005119671,0.3974994830038615,0.1264696977590933,-0.3908043661798384,-0.911744132376786,19239.20464853396,True,body,high
-0.0112914539878726,0.002194054908389,-0.003814426900971,0.0004708443650138,0.0004607038256912,0.1670501091732298,0.16705007554491,0.16705007554491,False,0.9746172604995528,7.7304701012593e-05,4.520251598391169e-05,0.0001125125434842,2.489077013417712,0.3129237094933516,0.2853209431994488,0.4017553473071996,0.9987219993326568,-0.0352045821450999,0.0362630038051094,18507.134304379342,True,body,high
-0.0119628812264448,0.0025141590739312,-0.0041737046699975,0.000464720557919,0.0004584501854336,0.0936100288309406,0.0936099952026209,0.0936099279459815,False,0.7051992289003715,0.0002359703843242,8.874090328627828e-05,0.000194868848381,2.6590937841031046,0.1741809085955101,0.4497511219412414,0.3760679694632484,0.0301165779549762,-0.6755813596705367,-0.7366700877584146,9146.456181080826,True,body,high
-0.0120378071780476,0.0025739630819673,-0.0043057762748847,0.0006260133478722,0.0006122514008482,0.1527166095768539,0.1527166095768539,0.1527165759485342,False,0.17924684729888,0.0001912536219835,7.88730898938484e-05,9.919420224754082e-05,2.4248273047367195,0.4813473270792811,0.1062521699873452,0.4124005029333736,-0.0568368093547145,-0.5711670137744338,-0.8188637368197297,8200.54170067993,True,body,high
-0.0117746580658939,0.002411674444768,-0.0041572847339139,0.0003649316190792,0.0003639709593405,0.4149242351961777,0.4149242351961777,0.4149242351961777,False,0.0448097017754581,2.353154115948056e-05,4.9189103969720914e-05,2.1147255799399667e-05,2.326027756807921,0.5216106970770245,0.0484718193189405,0.429917483604035,-0.9956726365333628,0.0168350767406407,-0.0913924561976471,14422.596501443446,True,body,high
-0.0117498414972997,0.0045653578725219,-0.0037847476194524,0.0021512271802053,0.0006840847303353,0.4467257889189693,0.4467257594941896,0.4467388409105581,False,0.0652649916517682,1.6345618962505118e-05,3.202108893318732e-05,3.922191002846472e-05,2.399536543610558,0.1835918008595581,0.3996610557544485,0.4167471433859933,0.5195117587205105,0.1981450578437562,-0.8311715037242413,7758.566460332683,True,wing_L,high
-0.011880410973357,0.0039626925583092,-0.0036776164953129,0.0015624542031493,0.0006620273277295,0.4403415953417506,0.4403415953417506,0.4403418937930881,False,0.1114924687100211,3.7879251911512633e-05,3.69598467524441e-05,9.739401188010416e-05,2.6351302951131323,0.6110720651065954,0.0094400583908624,0.3794878765025422,0.4135701683106419,0.5980216418245635,0.6865346544734364,12187.10106681356,True,wing_L,high
-0.0114690748938369,0.0042498495751665,-0.0040235442716716,0.0018642415871465,0.0002668052103014,0.4133310010718791,0.4133310347001988,0.4133296643461704,False,0.1131827664713775,8.276817039904492e-05,3.520415772237544e-05,3.5049691105296325e-05,2.361452206537076,0.5746655078558839,0.001866256271395,0.4234682358727211,-0.1534830722972795,-0.6870069204404763,-0.7102565999588326,6218.336628153785,True,wing_L,high
-0.0109930403369201,0.0025518329434986,-0.0036510915230555,0.0007420026827045,0.0006775008942504,0.1172463995361753,0.1172463995361753,0.1172463995361753,False,0.1712233092319187,0.0001507394441918,6.17920563985921e-05,0.0001337076797306,2.4394631442508863,0.1129881070778031,0.4770856342055145,0.4099262587166823,-0.2549295478818264,-0.3700740757718781,-0.8933398592128069,4895.963110215476,True,body,high
-0.0114190333480873,0.0028186770937733,-0.0040384391036329,0.0005511667205308,0.0002436153849684,0.1696072738608716,0.1696072738608716,0.1696072402325518,False,0.1519809186931656,6.53387185291965e-05,4.892360663161826e-05,0.000110053976421,2.249506608328361,0.4063029737408028,0.1491551003552259,0.4445419259039712,-0.0086142024714889,0.2187888337130555,-0.9757342065123376,4844.6035147099465,True,body,high
-0.0116906138888694,0.0022230667166174,-0.0038105328943493,0.0001926114834445,7.638201503106746e-05,0.0883856003369156,0.0883856003369156,0.0883856003369156,False,0.9872129545308184,0.0001519928629245,5.934481636577866e-05,0.0001492867871848,2.561181788612352,0.0178039658417086,0.5917512775829293,0.390444756575362,0.9637692370907864,0.1448269031046571,0.2239955932034316,6864.4180923791055,True,body,high
-0.0110184335729457,0.00224028321745,-0.0038300701681953,0.0007111312498977,0.0007107894189195,0.1557766857858087,0.1557767194141284,0.1557767530424481,False,0.3368273713991949,0.0002685536668057,0.0001059127949663,0.0001129833940832,2.53561117796122,0.5792893263119464,0.0263284400507737,0.3943822336372798,-0.2001688683319037,-0.4986835554480544,-0.8433546915008013,5653.974073249176,True,body,high
-0.0120454671551579,0.0021884954811687,-0.0043357788151413,0.0006738491189042,0.0006313707946422,0.3365179077844626,0.3365179077844626,0.3365179414127824,False,0.1976552967665042,0.0001076707966256,4.534309533799679e-05,4.885786420898478e-05,2.3745797639756576,0.5462291936144514,0.0326436599443851,0.4211271464411634,0.6830844322789748,0.6086616521819868,0.4036417366194991,3556.7306820597896,False,body,high
-0.0114974908128087,0.002564959210073,-0.003911850181767,0.000281740881626,0.0001826140877697,0.1450752801167115,0.1450752801167115,0.1450752801167115,False,0.1023885342732785,6.092102925583706e-05,7.896483546562578e-05,0.0001498795121505,2.460226197446059,0.4731445657076358,0.1203887439375944,0.4064666903547697,-0.1944961890491559,0.953263987010601,0.2312120315078951,9537.552096281068,True,body,high
-0.0116639365429201,0.0023410297203813,-0.0039398765643715,0.0001649894063204,0.0001600610805104,0.1587694380986973,0.1587694380986973,0.1587694380986973,False,0.9925523674829833,5.239169855368622e-05,0.0001112928671253,9.96673760580396e-05,2.12424621071136,0.1044585458856149,0.4247862304696064,0.4707552236447787,-0.3143041405793672,0.8816211362778653,0.3520753886354333,15289.914371269377,True,body,high
-0.0116460530873665,0.0024644931573738,-0.0039439048852286,0.0001652813107266,0.0001428522182028,0.0887611614114741,0.0887611614114741,0.0887611277831544,False,0.9724079825974956,0.0002586419133254,9.854098094276396e-05,0.0001119509449608,2.624714213831951,0.5671585338914525,0.05184760600366,0.3809938601048874,0.0919410970097014,-0.5856130587665147,-0.8053596588374536,15079.483913184204,True,body,high
-0.0116000256581666,0.0023888533635528,-0.004015654984829,0.0002433615015069,0.0002411518486777,0.1036233990787028,0.1036233990787028,0.1036233990787028,False,0.2429305466891439,8.226461057691123e-05,9.524554934014596e-05,0.0001941621699741,2.360215025786809,0.5094536214091643,0.0668561685572661,0.4236902100335696,0.3574513382984907,-0.7892518983549258,-0.4993095049082922,31651.63776130184,True,body,high
-0.0112996368846425,0.0022526598868043,-0.0038107153615486,0.0004386791847991,0.0004364734765483,0.1288319273588559,0.1288319273588559,0.1288319273588559,False,0.4018872047939983,7.939426834211997e-05,4.97212517471317e-05,0.000113666751574,2.2860798467442534,0.3015172225589504,0.2610527369181161,0.4374300405229334,0.9371454928832872,-0.3168364580439089,0.146195020512777,22550.547906888845,True,body,high
-0.0116340964443435,0.0023116691284171,-0.0040367539575648,0.0002694797469459,0.0002652993667144,0.1956890287190208,0.1956889614623814,0.1956889614623814,False,0.7166208602630962,0.0001150207687159,4.985852599100104e-05,6.896084764277734e-05,2.306942823313766,0.4004487327581313,0.1660771516746834,0.4334741155671852,-0.0703415123439291,-0.7019596834461144,-0.7087345585318952,12301.44332139482,True,body,high
-0.0113003702090633,0.0022643059203208,-0.0038198866552083,0.000434178759238,0.0004330122082211,0.1379599648335251,0.1379599648335251,0.1379599648335251,False,0.7997204467247265,5.509548802924449e-05,6.860989460057131e-05,0.0001414471352787,2.5673088729815827,0.5149432014627129,0.0955438690553603,0.3895129294819267,0.2255512729567675,-0.8479817868357329,-0.4796389396853215,21328.60576222609,True,body,high
-0.012018857486185,0.0025111667195578,-0.004205817900285,0.0005217852897814,0.0005180302639341,0.121065601434339,0.121065601434339,0.1210655678060192,False,0.3683965421127081,0.0002114663128937,8.317686962482588e-05,9.309674717434792e-05,2.542369216918212,0.5597561337293848,0.0469099660072333,0.3933339002633818,0.0159999183663502,-0.671235257117551,-0.7410716781895024,9546.50246747121,True,body,high
-0.0119538161265303,0.0025064172286949,-0.0043408180765086,0.0006026651550803,0.0005954200635811,0.114306746340114,0.114306746340114,0.1143067127117943,False,0.1981618942402866,0.0002274632966897,8.642009441488359e-05,8.06074078280375e-05,2.8218659155373604,0.6200701578120815,0.0255543934842996,0.3543754487036187,0.4766554720138085,-0.7922142638657607,0.3810460879302191,9365.806865326118,True,body,high
-0.0111632204148739,0.0022203449807667,-0.0036123472983933,0.0006068866611946,0.0006034547252613,0.2780822960876298,0.2780822960876298,0.2780822960876298,False,0.0832951083650459,3.867795940056114e-05,5.715730337844548e-05,7.773763365267928e-05,2.009869053524873,0.2647408894150778,0.2377142589707248,0.4975448516141972,-0.5231826770789731,0.7249109009983672,0.4480893571802559,14260.666574610916,True,body,high
-0.0113955439648325,0.0043982415702675,-0.0041150326022734,0.0020327388005447,0.000240758948373,0.4975752830767617,0.4975752830767617,0.4975752830767617,False,0.1129693850319505,1.582606090039698e-05,1.8275541666515173e-05,3.691841874383195e-05,2.332761068985011,0.5049749613241896,0.0663484745409751,0.4286765641348352,0.677277004877574,0.3103905461716663,-0.6670483996767532,4933.25787016384,True,wing_L,high
-0.0121073668660696,0.0014883260886748,-0.0037301632213921,0.0010113579861612,0.0001497101367573,0.4005048572783339,0.4005048909066536,0.4005048909066536,False,0.7718713961863513,4.477134533709648e-05,1.8725605714101825e-05,3.0032385905822427e-05,2.390915734350863,0.3292051940878734,0.2525450175014525,0.4182497884106742,0.5063965378475679,0.2442579280016837,-0.8269828360155494,6433.99681487793,True,wing_R,high
-0.0114674120415086,0.0022038269805223,-0.0039840867614196,0.0003691652291496,0.0003515860099394,0.2226613287398189,0.2226613287398189,0.2226613791822984,False,0.9696212711646032,6.099456861426268e-05,7.627193910193039e-05,0.0001586927091102,2.60175147911704,0.5193733881691143,0.0962701473389845,0.3843564644919012,-0.276086987946444,0.9594141721214646,0.057449294331127,7413.132184608336,True,body,high
-0.0112049908406649,0.0022460604246564,-0.0036879588666379,0.0005411358946579,0.0005395723656207,0.1306844778635441,0.1306844778635441,0.1306844442352244,False,0.2497679229557602,0.0001014309610513,6.784491315539116e-05,0.0001622784679543,2.391903245312761,0.3749573660019132,0.2069655224093854,0.4180771115887013,0.9994947324712032,-0.0308434477571561,-0.0076786387315486,13574.87679247477,True,body,high
-0.0126228982304486,0.0014479970882805,-0.003408838859397,0.0013873971871866,0.0006624217086464,0.2589381140288219,0.2589381140288219,0.2589380804005022,False,0.1806612206952508,2.0691036138468143e-05,1.7073793287938757e-05,4.865378838691767e-05,2.849617982741281,0.5747291870897421,0.0743465816425923,0.3509242312676655,0.4844907788876709,0.6577736856193059,0.576716970167874,5086.753204864255,True,wing_R,high
-0.0116792135846991,0.0024696250395683,-0.0041152993284977,0.0003225943903097,0.0003061201923568,0.2897773513476167,0.2897773681617765,0.2897773513476167,False,0.2155211241549361,0.0001106330128341,4.376751405153954e-05,4.916687347211581e-05,2.5277426701432097,0.5555858761090288,0.0488042337658247,0.3956098901251466,0.5772115601322256,0.7411219870669656,0.342877551227307,21140.59216471556,True,body,high
-0.011422643417787,0.0033009861277568,-0.0041590551853513,0.0009982536055141,0.0002370541848106,0.2547575253928589,0.254757508578699,0.2547572059238216,False,0.1367200111146655,0.0001169714957818,5.133216682752292e-05,5.019190661169159e-05,2.3304852052504126,0.5611566178203511,0.0097481887207617,0.4290951934588871,0.3446849319738423,0.0144478174484252,-0.9386072438678306,5224.246194001081,True,body,high
-0.0117297764621254,0.0022659277985356,-0.0041272485918295,0.0003613635421047,0.0003458931521014,0.1667301693394771,0.1667301693394771,0.1667301693394771,False,0.3235894187532458,5.9625115239864566e-05,8.040494784510027e-05,0.0001657153019493,2.7792869042298123,0.5148007039828096,0.1253947726057734,0.3598045234114169,-0.2498007313863843,0.9518245916356466,0.1778469604926161,8744.19948645498,True,body,high
-0.0115984638479934,0.0024157252860385,-0.0040710334351275,0.0002932583369366,0.0002857134935251,0.2002496678102243,0.2002496678102243,0.2002496678102243,False,0.3927594386368002,0.0001579791555082,6.286284324743605e-05,6.594670254487554e-05,2.513076840740336,0.5825607350999953,0.0195206721261337,0.397918592773871,-0.2820225260017539,-0.5893640316678863,-0.7570424908839428,19148.53204659899,True,body,high
-0.011702389058956,0.0023891342054005,-0.0039762022112876,0.0001794196206165,0.0001794191891914,0.1403079613725499,0.1403079613725499,0.1403079613725499,False,0.6722811165288798,5.110176862143354e-05,0.0001192231101683,9.787623852413969e-05,2.3330525221460805,0.179049779980377,0.3923272076752028,0.4286230123444202,-0.3115494934627265,0.878369957423012,0.3624956979328367,26688.695074205185,True,body,high
-0.011903279383096,0.0025866234310187,-0.0044525129741091,0.0007039727762652,0.0006755600630624,0.1235244369151389,0.1235244369151389,0.1235244369151389,False,0.1201378824713691,0.0002073964565026,8.381108816909837e-05,0.0001251298146516,2.474570621063746,0.3966636809433506,0.1992258073226464,0.404110511734003,0.0560859919178541,-0.6025018058574463,-0.7961444187137825,6857.226820098639,True,body,high
-0.011399026371184,0.0023449470112786,-0.0038680341358728,0.0003234287341238,0.0003224519163372,0.1245725643839643,0.1245725643839643,0.1245725643839643,False,0.2955557831958252,5.8497964077066455e-05,8.54809054300535e-05,0.0001751954050681,2.994897477753365,0.5120824921360247,0.1540162616850395,0.3339012461789357,0.371120207570571,-0.8093911803810705,-0.4551436132190736,25775.11981524304,True,body,high
-0.0114368340441095,0.0022970300847356,-0.0038890162719464,0.0003083161863951,0.0003070453296173,0.1171142066113821,0.1171142066113821,0.1171142066113821,False,0.9729101509146746,5.463681466495487e-05,0.0001223622791327,9.264292780373544e-05,2.239557336624706,0.2428800079535738,0.3106031810470143,0.4465168109994119,-0.499146966605845,0.8299248185316491,0.249152767019339,18281.95765685985,True,body,high
-0.0115057579539685,0.0023718433047403,-0.0039625703810607,0.0002631614038968,0.0002608630932935,0.1286950937259423,0.1286950937259423,0.1286950937259423,False,0.1965420587797546,0.0002132279372747,8.910063055338671e-05,9.242998151604968e-05,2.393113673274666,0.566520303589623,0.0156140466639403,0.4178656497464367,0.0039280662137924,-0.6243292440355097,-0.7811514355986742,20023.847419546248,True,body,high
-0.0112020608193654,0.0022965539878235,-0.0037569616161527,0.0005203770780107,0.0005201001025629,0.0968006838053422,0.0968006838053422,0.0968006838053422,False,0.163122965173569,7.164388643618438e-05,5.077275396607757e-05,0.0001326574165324,2.612767797096081,0.4599330492866993,0.1573310638459586,0.3827358868673419,0.9336023845004014,-0.3210377956381469,0.1591267464223535,18067.69540361794,True,body,high
-0.0116811025436248,0.0024437503325454,-0.0041333843043215,0.0003369968801469,0.0003276168346007,0.1052952309932515,0.1052952309932515,0.1052952309932515,False,0.1463416030113911,0.000189398884295,8.233006694527028e-05,7.585078589758066e-05,2.496993037762796,0.565308595920793,0.0342097107477914,0.4004816933314156,0.735806424441543,-0.484867622395451,0.4727497165553187,25493.51882040055,True,body,high
-0.0116584214943154,0.0021587973302784,-0.0036429162514781,0.0003034245366701,0.0001695057842723,0.1654501073495888,0.1654501073495888,0.1654501073495888,False,0.3160895406551447,5.8559418929575735e-05,6.304144976735495e-05,0.0001659638455373,2.8341101836574576,0.6201494996501605,0.0270060676363991,0.3528444327134404,-0.2291856717988316,0.9718266163376904,0.0550177754889618,5036.415236746452,True,body,high
-0.011339087517725,0.0023000076220018,-0.0038583634069923,0.0003900871408418,0.0003900755033845,0.1059816522552402,0.1059816522552402,0.1059816522552402,False,0.1026853167077792,0.0001269825587301,6.033699062282406e-05,0.0001442525433883,2.3907812089947686,0.1197204863949499,0.4620061909615023,0.4182733226435477,0.987087696687592,0.0644648873985879,0.1466361392722548,21293.82400750655,True,body,high
-0.0113102830109633,0.0018312670699247,-0.0033066103711095,0.0008601734088359,0.0006885927588314,0.2303336971390567,0.2303336971390567,0.2303336971390567,False,0.2050140273648523,9.681757941350656e-05,3.937695987846127e-05,9.19400353008688e-05,2.458736776844588,0.0503787033530946,0.5429083823497732,0.4067129142971321,-0.3598297814110661,0.8636100150897065,0.3531292543055889,3091.3546517944483,False,body,high
-0.0115294790141342,0.0023649219772192,-0.0039317458625973,0.0002274800015603,0.0002267915990446,0.1232155607985719,0.1232155607985719,0.1232155607985719,False,0.5887647294776763,5.2863174950501465e-05,0.0001421086486817,9.410238009000353e-05,2.688235218842604,0.3378138419940438,0.2901949003248142,0.371991257681142,-0.3024477481854737,0.8805235214582484,0.364970804005337,25677.10744924167,True,body,high
-0.0114407738765773,0.0023410524703531,-0.0039102077717871,0.0002980092487476,0.0002975903959976,0.1221810191709107,0.1221810191709107,0.1221810191709107,False,0.3501932623610195,0.0002213669146004,9.19331964489068e-05,9.260194192471882e-05,2.4079105606155933,0.5816812006805558,0.0030209820515364,0.4152978172679077,0.0640287280371411,-0.5673374004562519,-0.820992445781012,18359.193646004103,True,body,high
-0.0116467408159048,0.002421925697424,-0.0040424071033629,0.000251226266313,0.0002450606628073,0.127871603432802,0.127871603432802,0.127871603432802,False,0.4283581681919458,6.890943765527712e-05,9.275281343881526e-05,0.0001462248320081,2.12198556516452,0.3656835698489588,0.1630596900409976,0.4712567401100435,0.2254136258221607,-0.8324738935849945,-0.5061382358537501,25737.28985149992,True,body,high
-0.0116198047858186,0.002486755640763,-0.004173847516282,0.0003919182079862,0.0003653884134362,0.1829699238671233,0.1829698902388036,0.1829698902388036,False,0.1056152548020776,0.0001490979803965,6.439048798059757e-05,8.422533881358213e-05,2.315528039506279,0.4351007398654062,0.1330323239807039,0.4318669361538898,-0.1137455944933653,-0.630740645435325,-0.767611996994042,13352.710190476928,True,body,high
-0.0123627282311054,0.0025141197292218,-0.0042155789902285,0.0007832634440387,0.0007828509445149,0.1263631378954208,0.1263631378954208,0.1263631378954208,False,0.9212006334691848,0.00011605606966,5.2461595673025125e-05,0.0001300800522979,2.479529084641945,0.1078104012889727,0.4888872110947898,0.4033023876162374,-0.0035437137668327,-0.6205691367929083,-0.7841437295246602,4172.4468735017335,True,body,high
-0.0116132468921076,0.0024263689787618,-0.004042430590121,0.0002614951147844,0.0002523576172476,0.1060254026991873,0.1060254026991873,0.1060254026991873,False,0.719535414054052,5.779130466516997e-05,4.317867838716439e-05,0.0001010739721623,2.340830612184681,0.4282276294401304,0.1445735827472363,0.4271987878126332,0.8797394157971836,-0.4139311688551474,0.2339220975945662,24130.659903987427,True,body,high
-0.0109299651743613,0.0021136368768386,-0.0039750763471752,0.0008518930671627,0.0008500485428419,0.4088821425154028,0.4088821425154028,0.4088821425154028,False,0.3185870281690383,5.1832601203958864e-05,0.0001300167381419,6.334102084508074e-05,2.5083969378726665,0.5128241044171649,0.0885149082001583,0.3986609873826767,0.8286479643257172,-0.5596782079379288,0.0101417344785565,3092.119542882009,True,body,high
-0.0118669123296636,0.0014321128588148,-0.0032840483522856,0.0011205492117541,0.0003956118345,0.6154457861776568,0.6154457861776568,0.6154458450272163,False,0.2023031448133976,1.8523637998125483e-05,4.249397419968545e-05,2.0088531169842128e-05,2.294040414954431,0.5272616518416668,0.0368262371592494,0.4359121109990837,-0.5653511981631825,-0.8226726031878215,-0.0598983363677718,2704.749644862908,False,wing_R,high
-0.0110874943525718,0.0022179820831286,-0.0036004716251513,0.0006796436887529,0.0006779458428228,0.1248532599686115,0.1248532599686115,0.1248532599686115,False,0.4482026923841887,5.0701818860023416e-05,9.525281627608668e-05,0.0001256813310578,2.478832789112473,0.2421084700938631,0.3544758560485862,0.4034156738575506,-0.2715880755530901,0.8996201613379051,0.3419407588044025,11421.594807318768,True,body,high
-0.0116028537636104,0.0023996325211624,-0.0040073038285,0.0002337381087151,0.0002300873558817,0.1617823337750943,0.1617823337750943,0.1617823337750943,False,0.0695335994707515,0.0001910878068648,8.279264351875237e-05,9.69515078303472e-05,2.3080288144394414,0.4926337299014805,0.0740961160415939,0.4332701540569255,-0.0781060079847959,-0.5594875974386042,-0.8251503377137146,32623.015176455858,True,body,high
-0.0114753954460578,0.0024785341081953,-0.0039138379474006,0.0002665797516881,0.0002279407505829,0.1316725451533614,0.1316725451533614,0.1316725451533614,False,0.4255806408048545,7.91736353863401e-05,7.5892680555118e-05,0.0001116114683954,1.4706486525325204,0.290631719799532,0.0293962159837994,0.6799720642166686,0.9904118402154196,0.1313157365899888,-0.0429017958241239,13130.275680641444,True,body,high
-0.0111507150317158,0.0022557825084114,-0.0036716673713648,0.000592430915371,0.0005921114283246,0.1434154535123005,0.1434154871406202,0.1434154535123005,False,0.385867616203975,4.026246325344435e-05,3.399654014805588e-05,8.837672837122703e-05,2.5995800745118154,0.5444223383748535,0.0709001478202318,0.3846775138049146,0.9869459821150488,0.1593550583077435,-0.0233150976557474,14185.26215913358,True,body,high
-0.0116901805027242,0.002436051862192,-0.0041119370942932,0.0003144663044042,0.0003073869937118,0.110579316126448,0.110579316126448,0.110579316126448,False,0.1417880309384439,7.063122510967318e-05,0.0001683960667933,8.662406864897687e-05,2.384158940070352,0.4855932784031135,0.0949715978754402,0.4194351237214462,-0.3613679490581705,0.906971446678386,0.2163700540823686,28475.976494048224,True,body,high
-0.0117218967356015,0.0024552837427522,-0.0041716748271089,0.0003755136925652,0.0003659747533054,0.1146669392725636,0.1146669392725636,0.1146669392725636,False,0.1571480479534964,7.024490281124694e-05,9.373081665525988e-05,0.0001664999179068,2.370277575217758,0.4370518746579876,0.1410566091519181,0.4218915161900942,0.2202246517625944,-0.7148504540470499,-0.6636941547917766,26413.895167290484,True,body,high
-0.0116492529657274,0.0024408335915659,-0.0041216152294206,0.0003291488405987,0.0003184751535727,0.1019323990219175,0.1019323653935979,0.1019323653935979,False,0.1589057842617035,0.0001834734190837,7.72435347123181e-05,8.967639035747319e-05,2.3752592338899223,0.511229524116797,0.0677637976511529,0.4210066782320499,-0.1099215303851248,-0.5855911332916706,-0.8031190956315063,20298.01731374721,True,body,high
-0.0116396227006538,0.0023971270757634,-0.0040048857832372,0.0002177006923703,0.0002158137208832,0.1292558459571622,0.1292558459571622,0.1292558459571622,False,0.1652363553394524,9.533933538195744e-05,5.09468335001369e-05,0.0001267170222421,2.4872403942796266,0.2476201405700109,0.3503278493790557,0.4020520100509334,0.99970953187611,-0.0226979574919428,0.0081027527262608,25224.37029944873,True,body,high
-0.0112271164367867,0.0021857857462233,-0.0037959171013324,0.000531788266975,0.0005240633643575,0.157571496465549,0.157571496465549,0.157571496465549,False,0.8590052206158079,5.882192617309346e-05,6.411474608597905e-05,0.0001318133685308,2.2408883405647053,0.5135945101730949,0.0401538931284281,0.4462515966984769,-0.1606469654804312,0.9835354059452452,0.0827687002075738,13052.856422155495,True,body,high
-0.0115177407461286,0.0023270308876801,-0.0039406249511168,0.000252385933376,0.0002519878724604,0.1870777240050669,0.1870777240050669,0.1870777240050669,False,0.9277162068001468,0.0001710673318387,6.869585996320895e-05,8.043286425889286e-05,2.490213120999792,0.5298175087297724,0.0686104364259772,0.4015720548442503,-0.0585565322114216,-0.6678261243850365,-0.7420103773696392,24984.22199477719,True,body,high
-0.0112656847778758,0.0023017498800984,-0.0037736256549117,0.000456351272891,0.0004562958811423,0.0957948607627162,0.0957948607627162,0.0957948607627162,False,0.9806125379521422,3.717264791904229e-05,7.01752000357411e-05,9.924695519185118e-05,2.669891997147998,0.2929233959864298,0.3325296181923426,0.3745469858212275,-0.4867377884977231,0.8355533268570305,0.2548273204083389,17217.799690882035,True,body,high
-0.0117093774980499,0.0024460848006418,-0.0041182378597379,0.0003211300040104,0.0003130414816611,0.1669342596118173,0.1669342596118173,0.1669342596118173,False,0.1288304252893282,7.847595762109581e-05,9.44855080616932e-05,0.0001034220384966,1.317881828164952,0.086408376443656,0.154798248741834,0.7587933748145099,0.3018471827115684,-0.8351094796610372,-0.4598700199723402,26702.326503815504,True,body,high
-0.0113341909513138,0.0039591427062438,-0.0041603667697707,0.0016295843539548,0.0001598561062491,0.3536601959707354,0.3536601959707354,0.353659422519382,False,0.1479920552948506,6.868505108990029e-05,3.0793411157752e-05,2.9963925864892933e-05,2.292258077249308,0.5516722974050466,0.0120766495721663,0.4362510530227871,-0.3735856309416886,-0.6284856501004333,-0.6822313126584967,6834.275378067831,True,wing_L,high
-0.0115216038028963,0.0023703066185906,-0.0039053925651883,0.0002185904086891,0.0002175350809781,0.1585618504811069,0.1585618504811069,0.1585618504811069,False,0.4085635606505411,0.0001014872263687,5.120152780669245e-05,0.0001290273945499,2.519991103333158,0.2134443485991283,0.389728853608882,0.3968267977919896,0.9977239692993616,0.015758336992334,0.0655633731649241,25033.644136309624,True,body,high
-0.0114648856823354,0.0031211721654662,-0.004108312214202,0.000808592396236,0.0002128476406761,0.2268375288800594,0.2268375288800594,0.226837226225182,False,0.2326655482187764,0.0001061920408738,4.205878664940163e-05,4.625840194793656e-05,2.5248479410271933,0.5643891805140876,0.0395473640394959,0.3960634554464164,0.6848370944029383,0.5020299127045316,0.5281705414727537,5690.031065735525,True,body,high
-0.0116605208402377,0.0024203414510738,-0.0039877078628202,0.0001947963034048,0.0001900135830246,0.1405896658067885,0.1405896658067885,0.1405896658067885,False,0.2626900917927324,0.0001369723546119,5.6648879082083e-05,0.0001111697630985,2.417918180047838,0.1883780970723274,0.3980429786068276,0.413578924320845,-0.2730887748273646,0.6177706968621772,0.7374156813912415,25492.483129379027,True,body,high
-0.0114533007877773,0.0022440305530029,-0.0034195761972266,0.0004870745056924,0.0004650240594874,0.1470766023078115,0.1470766023078115,0.1470766023078115,False,0.121784327054607,0.000181245552779,7.748900797207014e-05,0.0001013370776554,2.3389840381537206,0.4408851632404912,0.1315787853423511,0.4275360514171576,-0.0491972450749109,-0.6297331685301724,-0.7752520670917232,4671.15205438725,True,body,high
-0.011086368790193,0.0022227885955622,-0.0037221824868192,0.0006542279762188,0.0006536679819436,0.1602350275284441,0.1602350275284441,0.1602350275284441,False,0.0473664636644275,0.0001535364110878,5.4968060843584056e-05,7.260622649955551e-05,2.7931931512879484,0.5271074399544318,0.1148793666010341,0.358013193444534,-0.2359046844104831,-0.5288379672188284,-0.815278715716931,9726.288068609629,True,body,high
-0.0117349377241669,0.0024648871637803,-0.0041225975310338,0.0003289901518952,0.0003182690126897,0.106958756712831,0.106958756712831,0.106958756712831,False,0.2456075623034652,6.406096142183137e-05,0.0001490278256902,9.949239980805014e-05,2.3263438821805864,0.3323904489164358,0.2377504886896351,0.429859062393929,-0.3237905368900677,0.896730517690557,0.30171852257173,20993.46139598554,True,body,high
-0.0112790071585408,0.0022712017026615,-0.0038159383201547,0.0004518524116722,0.0004514082836792,0.1450648553376003,0.1450648217092806,0.1450647880809609,False,0.4103410555339588,9.387878218763244e-05,4.459569261565871e-05,9.702078523195006e-05,2.1755640408617296,0.0323848445135334,0.5079642414164284,0.4596509140700382,0.9750245229906868,0.0935285629755472,0.2014437575962895,21143.55928285675,True,body,high
-0.0112968696878542,0.002200764896724,-0.0038071472234003,0.000462741764642,0.0004532594486229,0.1489602590082344,0.1489602590082344,0.1489602590082344,False,0.2522540794546388,8.574380632545296e-05,4.8817483482349896e-05,0.0001206740965592,2.4719442288099933,0.2894597202691852,0.3060004085050772,0.4045398712257376,0.9906988031702024,-0.1268452704908833,0.0492560529399467,19402.95426592305,True,body,high
-0.0116683906858059,0.002400491014888,-0.0040107525659175,0.0002160640020016,0.0002146257505655,0.1611515337539115,0.1611515337539115,0.1611515337539115,False,0.2228603955086407,5.315415730758934e-05,6.509255308192159e-05,0.0001281436741463,2.410793071270596,0.4920345969823379,0.0931641444953139,0.4148012585223481,-0.2877565430441091,0.9435815036261616,0.1638600559925924,23856.875168295235,True,body,high
-0.0115725217084927,0.0024786156153251,-0.0040020475981495,0.000252168934303,0.000219598276056,0.1259853237234414,0.1259853237234414,0.1259853237234414,False,0.5787366371202951,4.898285044363782e-05,6.216282908345046e-05,0.0001111726786798,2.269624525175654,0.4408443709228155,0.1185541159601165,0.4406015131170679,-0.114075211828629,0.9144583088853018,0.3882690399154784,13996.1492611002,True,body,high
-0.0120121183649389,0.002518766112155,-0.004200288167471,0.0005149341719155,0.0005100418508602,0.1022985777952761,0.1022985777952761,0.1022985777952761,False,0.383964644035502,0.0002137304980861,7.780764991176187e-05,0.0001991098955512,2.746908540851417,0.0684067209213695,0.5675476673925401,0.3640456116860904,0.0700970838221679,-0.6678895743535569,-0.7409520330692483,9644.40398761637,True,body,high
-0.0117602205039204,0.0024667253846385,-0.0041588351595081,0.0003677734889866,0.0003582682441621,0.1677696543301361,0.1677696543301361,0.1677696207018164,False,0.1845951742756222,7.224099285286591e-05,0.0001001691216958,9.004729480554857e-05,1.3865966917129309,0.1010473758672578,0.1777623847671404,0.7211902393656017,0.4331434937003404,-0.8635307161165311,-0.2582661731399104,22394.159628937905,True,body,high
-0.0118666013417211,0.0042118546590028,-0.0037175549458076,0.0018061364751127,0.0007069123469477,0.5272619113137093,0.5272619113137093,0.5272549376409087,False,0.1972601563726223,3.879417756694719e-05,4.5918949933735e-05,9.714068072185796e-05,2.504001549052614,0.5272943364972466,0.0733448881955862,0.3993607753071672,0.5136416919801589,0.286356009041794,-0.8088092781029503,5434.90154630927,True,wing_L,high
-0.0116848176699355,0.002392490659953,-0.0040870364419661,0.0002900810535338,0.0002891740073345,0.2447936560317146,0.2447936560317146,0.2447936560317146,False,0.5523968616198287,7.193094644523144e-05,2.714051387432798e-05,4.337000406993606e-05,2.650316304927093,0.3970605669291703,0.225625978770699,0.3773134543001306,-0.8894479409319314,0.4558903154785422,0.0323478071099533,21423.16245008168,True,body,high
-0.0117323537067849,0.0022643109098314,-0.0040047089659964,0.0002562745697618,0.0002248268369349,0.1686081764821882,0.1686081764821882,0.1686082101105079,False,0.4537055972106826,5.841668168739665e-05,6.336585286699853e-05,0.0001617394819506,2.7687208050627072,0.6082227289045962,0.0305996477787214,0.3611776233166823,-0.2809485580056687,0.9593640358490884,-0.0262403215278484,9896.760769312206,True,body,high
-0.0117180212269563,0.0022660625186436,-0.003449667098306,0.0003794460495656,0.0003280286399499,0.1929759631411881,0.1929759631411881,0.1929759631411881,False,0.041188748020597,0.0001058069427789,5.312055929716304e-05,0.0001459180138178,2.74692163916327,0.2748877262609444,0.3610683979535757,0.3640438757854798,0.9965291500502298,0.0634014984708991,0.0539435176069508,3890.440575396599,True,body,high
-0.012003611791396,0.0023370246478335,-0.0038188095593766,0.0003071013393969,0.0002675789702066,0.1702691464494695,0.1702691464494695,0.1702691464494695,False,0.0465101812853766,0.0001836710709893,7.158050894602655e-05,0.0001034858724076,2.565936924643522,0.4365695596468804,0.1737092471328587,0.3897211932202609,-0.0604129316908896,-0.6596811276652355,-0.7491135344437685,4265.385163074977,True,body,high
-0.0113523015042501,0.0023786057221929,-0.0036266287297115,0.0003959939533352,0.0003941765261201,0.1072923160160676,0.1072923160160676,0.1072922823877479,False,0.2415057451334833,5.546002460038135e-05,3.3422425253840415e-05,7.823489316516829e-05,2.3407904295089623,0.2911088344775391,0.2816850442936696,0.4272061212287912,0.8395166379952645,0.5433052779462624,-0.0055847546824084,5593.3737577537295,True,body,high
-0.0114645646052736,0.0025076983544162,-0.0038787528588561,0.0002719029618281,0.0002166215299507,0.1976704093165309,0.1976703756882111,0.1976703756882111,False,0.9386621950565676,0.000134173211521,5.964507747305097e-05,7.087454046677771e-05,2.249526988739115,0.4717683234730409,0.0836937781128079,0.4445378984141511,-0.2730806104851089,-0.7195776684006727,-0.6384629662839738,12057.54254861299,True,body,high
-0.0116842220487837,0.0024137389760263,-0.0039433042027673,0.0001464503899901,0.0001444037446723,0.1325028283670837,0.1325028283670837,0.1325028283670837,False,0.927135941918053,5.123073622469486e-05,0.0001454589585275,9.943112404342098e-05,2.83929080951681,0.3164317615777198,0.3313676126011513,0.3522006258211289,-0.2102995824420772,0.9170301748929024,0.3388653773411806,25733.144709045788,True,body,high
-0.0112769269104952,0.0022205161769886,-0.0037862347235494,0.000472141538966,0.0004666549664227,0.1284936937191791,0.1284936937191791,0.1284936264625397,False,0.3053255956472279,8.634125768655642e-05,5.003400383014786e-05,0.0001186625833305,2.3716387705730577,0.2723800943552679,0.3059705328954534,0.4216493727492786,0.9862728261829998,-0.1569029645820185,0.0514526193538502,22480.235099475867,True,body,high
-0.0118187814904106,0.0024680213072818,-0.0042378349417578,0.000456274981058,0.0004493725657204,0.1268404246371122,0.1268403573804728,0.1268404246371122,False,0.2154064647582357,8.81533251501298e-05,3.904944216104266e-05,6.831693074872153e-05,2.2574797557050688,0.2250215107328717,0.3320066320565308,0.4429718572105974,-0.0985670109319712,-0.6011513818506824,-0.7930331395691814,10934.200276151072,True,body,high
-0.0117169929693737,0.0024397762560654,-0.0041567272772032,0.0003590833314616,0.000352461926106,0.1536302573951457,0.1536302573951457,0.1536302573951457,False,0.2803743211613068,7.872850076756714e-05,5.455226045879534e-05,0.0001192339690145,2.1856833797864508,0.3397141651977852,0.2027630255755172,0.4575228092266976,0.9942926570076256,-0.097228512719125,0.0439172919832655,23668.49867411605,True,body,high
-0.0116185062406554,0.0024087389455666,-0.003906951903373,0.0001400685645577,0.0001362665817936,0.1404227011994118,0.1404226675710921,0.1404226675710921,False,0.4144478380645658,0.0001252171969706,5.42466916954277e-05,9.973773804339442e-05,2.308291861810455,0.2034821058425774,0.3632971145218381,0.4332207796355844,-0.0051344488331951,-0.6170673989376014,-0.7868935522696588,20901.80876482035,True,body,high
-0.0129392023189841,0.0007109146838495,-0.0032073498788858,0.0021840642241157,0.0007961652329106,0.1279977768883665,0.1279977768883665,0.1279977768883665,False,0.1787266721296146,9.461652632455529e-05,4.779147750507305e-05,0.0001249623831096,2.6147419923649142,0.2428399333460878,0.3747131549050609,0.3824469117488513,-0.1795167494803465,-0.6316309465095724,-0.7541989684873825,5204.436541756213,True,wing_R,high
-0.0117567612275352,0.0024553377858827,-0.0040469407227598,0.0002564419244796,0.000249711346402,0.1102654630185634,0.1102654630185634,0.1102654630185634,False,0.2179495156756654,0.0001725481044685,7.202773566756423e-05,9.113472705908224e-05,2.395578631888471,0.4718300305889199,0.1107342874056495,0.4174356820054305,0.1093923768573612,-0.647378019380968,-0.7542778055251742,14080.071796038246,True,body,high
-0.0116967649001718,0.0023801476045828,-0.0039327265907878,0.0001388089767857,0.000138252655882,0.1432398800550771,0.1432398800550771,0.1432398800550771,False,0.4113751480375821,6.514478086129802e-05,9.759205197123372e-05,0.0001078337748862,1.6552941534312402,0.0949769487883955,0.3009008183582403,0.6041222328533642,0.2592613726153405,-0.8062699111941021,-0.5317070349098874,21051.087738811977,True,body,high
-0.0113512076094705,0.0039750198595726,-0.0041382092679488,0.0016361239604246,0.0001481540000539,0.3767003197532927,0.3767003197532927,0.3766987980718257,False,0.1701014773366284,7.305693548088445e-05,3.020077910115721e-05,3.1271089131690465e-05,2.419041417315128,0.5719627585546257,0.014650354870323,0.4133868865750512,0.6150180069312298,0.3400648067026346,-0.7114132261861863,7331.10336121528,True,wing_L,high
-0.0119378723719752,0.0012723145476121,-0.0037309012276751,0.0011673205488548,0.0001218669077127,0.3994194023746267,0.3994194023746267,0.3994194612241862,False,0.1189003123539301,2.2180021607460244e-05,2.3374796017801347e-05,5.177825515200864e-05,2.3344546758508584,0.5485596038495599,0.0230748295174012,0.4283655666330388,-0.5868416826880452,-0.2233043123432883,0.7783007282206247,4942.350563172524,True,wing_R,high
-0.011696403133429,0.0020954212127564,-0.003733151977852,0.0003260090299077,9.963583453709004e-05,0.1943999543394494,0.1943999543394494,0.1943999543394494,False,0.0711525402899972,6.357249842654298e-05,5.467867158861692e-05,0.0001425044586146,2.60621654612938,0.5538911621112087,0.0624108671713737,0.3836979707174176,0.9716272230516796,0.2299999188648296,0.0551414249639356,4598.925447952117,True,body,high
-0.0112856657332994,0.00211035644872,-0.0036703452398982,0.0005354260462295,0.0004988336269799,0.1658305781588255,0.1658305781588255,0.1658305781588255,False,0.1478701491041513,9.49488967709792e-05,6.239708187468697e-05,0.000156183022717,2.503050111072656,0.3920664671537498,0.2084209559400449,0.3995125769062052,0.999208146815902,-0.0278851797178816,0.0283812629886723,7087.590822900175,True,body,high
-0.0116829008522253,0.0024288211776003,-0.0039680679030564,0.0001717222464896,0.0001664017602875,0.1347704868503134,0.1347704868503134,0.1347705204786331,False,0.2469738267622369,0.0001132769608253,4.900364244568694e-05,0.0001237957920769,2.5262569453730395,0.0849692148271101,0.5191882316940967,0.3958425534787931,-0.1633814029466869,0.5775533174018022,0.799836660030875,25128.354826542847,True,body,high
-0.0117338271988716,0.0022700266118432,-0.0040413298842071,0.0002837252924268,0.0002602043543631,0.1547509547779124,0.1547509547779124,0.1547509547779124,False,0.5318992393469523,6.372728658295404e-05,8.774050441063273e-05,0.0001554856470418,2.439859836796984,0.4357002972303643,0.1544400932468252,0.4098596095228105,-0.2088185538384013,0.9633881650445442,0.1681608010950971,9872.496996707008,True,body,high
-0.0117457295127138,0.0024826293951733,-0.0042192381899942,0.0004277847968215,0.0004133736933128,0.1610421744582036,0.1610421744582036,0.1610421744582036,False,0.0655769862721495,0.0001842263852982,7.638170780723302e-05,0.0001094363725797,2.4119175989514687,0.4059679757460228,0.1794241618482593,0.4146078624057179,0.0537424339905902,-0.5970709378194103,-0.8003861855380916,17951.320913604704,True,body,high
-0.0113431524647171,0.0023210180312558,-0.0038145606714463,0.0003761740932439,0.0003760364957556,0.1124402400827448,0.1124402400827448,0.1124402400827448,False,0.734749781409933,6.091365115239347e-05,0.0001670279251824,7.934219263123602e-05,2.742044221985063,0.524976481959077,0.1103320984123714,0.3646914196285516,-0.3786421269709836,0.8980250839218223,0.2240113575917389,25196.2825510817,True,body,high
-0.0113932524270516,0.0023802995049746,-0.0038385568711881,0.0003182795851421,0.0003132216531505,0.1270078600409649,0.1270078600409649,0.1270078600409649,False,0.2153610162730687,0.00018655715341,7.967339374440808e-05,9.327875444228688e-05,2.341523871927748,0.4999990472771031,0.0729286465256886,0.4270723061972082,0.0639216983288359,-0.5835087614419998,-0.8095872663296902,27271.789772367418,True,body,high
-0.0114224931481639,0.0022910575629753,-0.0038748334660193,0.000319524710003,0.0003179483945458,0.1653016383180544,0.1653016383180544,0.1653016383180544,False,0.3270306625020747,0.0002356057657486,8.436183867855494e-05,9.204750710730729e-05,2.792800268927432,0.6093155580687538,0.0326208843163481,0.358063557614898,0.1121857534325369,-0.5395818664868506,-0.8344254107380362,16777.600811489338,True,body,high
-0.0113935402193115,0.0023714400734097,-0.0038342900666719,0.0003185675890252,0.0003150184452489,0.13024034864509,0.13024034864509,0.13024034864509,False,0.481242608591368,0.0001668184307124,7.100944560621111e-05,7.528154312376235e-05,2.3492428266172984,0.5487216682099011,0.0256092657106627,0.425669066079436,0.0168086416598826,-0.4895231773562096,-0.8718282677205593,28654.21593245495,True,body,high
-0.0115366038599753,0.0023661677689003,-0.0038954591331536,0.0002019958312849,0.0002016283394609,0.1526348255033111,0.1526348255033111,0.1526348255033111,False,0.3049548107919779,0.0001654248451086,7.006446088559058e-05,9.034939622052765e-05,2.3610378645290355,0.4538341797378545,0.12262326932577,0.4235425509363754,-0.0111012281688268,-0.5870605718157491,-0.809466891078634,25260.25561309277,True,body,high
-0.011064275583892,0.0022050675063795,-0.0036679998729412,0.0006886714717278,0.00068718559716,0.1489558200700323,0.1489557864417126,0.1489558200700323,False,0.1910599731886608,9.119123792402862e-05,3.425687244622461e-05,9.521662334835573e-05,2.779489677518689,0.0422760783019997,0.5979456472585278,0.3597782744394725,0.960808914207458,0.196844222102551,0.1951885821566598,10398.16685596299,True,body,high
-0.0117931487196155,0.0024940292631008,-0.004264316524865,0.0004801433704878,0.0004663547989234,0.0589616612957363,0.0589616612957363,0.0589615940390969,False,0.8086517382485379,0.000123839541357,4.706916442813348e-05,0.0001098871185991,2.6310121044551527,0.1126653297081135,0.507252800540441,0.3800818697514455,0.0869145955532874,-0.6869897160756482,-0.7214506102888191,11710.079714942773,True,body,high
-0.0116444070333205,0.0023487818360364,-0.0040473348108923,0.000264776901792,0.0002644465647839,0.0927625615458447,0.0927625615458447,0.0927625615458447,False,0.9091830647513216,6.0865396003081625e-05,5.547002186272799e-05,0.0001443967887625,2.603150024347246,0.5784851136600392,0.0373649177837861,0.3841499685561748,0.8947124627474103,0.4423937079908104,-0.0614606877166632,15791.431335754192,True,body,high
-0.0114813945694362,0.002540438179393,-0.00387430266293,0.0002693026279827,0.0001903567789684,0.1423435508214378,0.1423435508214378,0.142343517193118,False,0.1752379270679696,0.0001480599202441,5.214440953274343e-05,9.367532272389348e-05,2.839420784910337,0.3673147833024334,0.2805007129726008,0.3521845037249658,-0.0570355571073455,-0.624435597562329,-0.7789910973319478,10415.994056621856,True,body,high
-0.0115924552684173,0.0023649675326121,-0.0039012224619615,0.0001616708788094,0.0001616401819289,0.1382668905075487,0.1382668905075487,0.1382668905075487,False,0.1841719792611694,0.0001715485436907,7.383849242978843e-05,8.00740656434251e-05,2.32329423374721,0.5332279486569648,0.0363487388437339,0.4304233124993012,0.0132884025164344,-0.6020237715368655,-0.7983675825477194,21290.295010479404,True,body,high
-0.0118599716392094,0.0025469792721987,-0.0044057636707405,0.0006398822286523,0.0006180927568401,0.1259670299175174,0.1259670299175174,0.1259669962891976,False,0.5856779648601859,9.648740887998232e-05,4.107462342279783e-05,8.47390419559405e-05,2.349075921811824,0.1217606220377962,0.452540067559027,0.4256993104031767,-0.08293493790535,-0.6514319825016868,-0.7541605719265351,9125.987709562578,True,body,high
-0.0120802783661484,0.0023286218605363,-0.0038104225698625,0.0003830829853202,0.0003379751976705,0.1543963105182155,0.1543962768898958,0.154396243261576,False,0.1620632216882734,7.051640377018394e-05,3.521490281819973e-05,8.020880964031118e-05,2.2776950444644632,0.120839667283331,0.4401199956749197,0.4390403370417493,-0.141488654616488,-0.716466278203028,-0.6831229997685031,4129.871740865266,True,body,high
-0.01182360399176,0.0024618707178996,-0.0041336631481376,0.0003577995439986,0.0003530411013726,0.0733329591234699,0.0733329591234699,0.0733330263801094,False,0.5807217775885014,0.0001384011073933,5.5952175818441975e-05,0.0001564900074096,2.7968529395083865,0.1155914062233075,0.526863874183472,0.3575447195932203,0.1566431257430904,-0.6303225076773,-0.7603660088883738,11793.060812823916,True,body,high
-0.0114497480963826,0.002803621925646,-0.0036389734175832,0.0004930485420115,0.0002596951079742,0.1235612935535447,0.1235612935535447,0.1235612599252251,False,0.1542757962428513,8.876612658651882e-05,0.0001216031005283,5.616907729073499e-05,2.164947447843571,0.2700340188623961,0.2680610046468048,0.461904976490799,-0.8368802077863982,-0.4971969713061789,0.2289687523208303,4231.4835259521,True,body,high
-0.0122071729712896,0.0012803122324019,-0.0036788495392228,0.0012453842070521,0.0001805116565396,0.3879172559706754,0.3879172811919151,0.3879172559706754,False,0.475671617402034,3.967417977429516e-05,1.7087313393808735e-05,3.1463106469498304e-05,2.3218500685233727,0.206962648037321,0.3623463208936616,0.4306910310690173,0.3551287423510965,0.3247612485838786,-0.8765920988546319,6289.933231191548,True,wing_R,high
-0.0116531478294855,0.0025435418091823,-0.00425670560671,0.0004789007893558,0.0004360735315015,0.2381964354561918,0.2381964354561918,0.2381963850137122,False,0.0795454012230458,7.39414446493432e-05,3.1336408744025944e-05,3.905152768193488e-05,2.359601741646276,0.4718587408302447,0.1043409278043834,0.4238003313653717,-0.8855628421802217,0.4608092096501319,0.0585945803919462,9408.275599841549,True,body,high
-0.0116694360040668,0.0022885943632599,-0.0038027342790978,0.0001315918984816,7.277362019709392e-05,0.1344080744487627,0.1344080744487627,0.1344080744487627,False,0.5546034289613261,9.301758554239564e-05,6.381930564526322e-05,0.0001436916633963,2.2515391219548686,0.3526584399969625,0.2032009318216522,0.4441406281813853,0.9954302872043186,0.076959937931903,0.0565306224080839,8592.529869040445,True,body,high
-0.0114370782464763,0.003173529729301,-0.0041631787940266,0.000884187729011,0.0002611941982826,0.235424116779024,0.235424116779024,0.2354236627967079,False,0.193980934243276,1.9277045721598405e-05,1.724685550987654e-05,4.4580469558031946e-05,2.584846236608326,0.5675898905348046,0.0455399019312503,0.3868702075339451,0.548269375898369,0.3827547500665843,0.7435721167132878,5841.393754411337,True,body,high
-0.0114662335596042,0.0027281692299751,-0.0039840961269334,0.0004367539717576,0.0002000993365999,0.0979028856122666,0.0979028856122666,0.0979028856122666,False,0.4298853027505228,9.216116887167457e-05,4.926637909896942e-05,3.490269189013395e-05,2.640517503972983,0.4654323539714644,0.1558540042914983,0.3787136417370372,0.073382190459759,-0.3868963738012367,-0.9191986999897148,5987.5824524735735,True,body,high
-0.0109398174873387,0.0022100176187686,-0.003448965311872,0.0008677249438095,0.0008669742088604,0.1274486264274477,0.1274486264274477,0.1274486264274477,False,0.5659320246066095,5.473621849634493e-05,9.409775843781416e-05,0.0001246774073907,2.277786277820706,0.2452701703774759,0.3157070776913114,0.4390227519312127,-0.2454391284507242,0.926331812239047,0.2857778995291145,7448.805358870833,True,body,high
-0.0113089663261719,0.0025062162389772,-0.0039260483114921,0.0004279880279747,0.0003724771713628,0.1667257640295946,0.1667257640295946,0.1667257640295946,False,0.1239290011792721,0.0001709500725727,7.705540233730488e-05,9.123099038690136e-05,2.2185345528981824,0.4663296188537174,0.0829223868481319,0.4507479942981506,0.0326210205459065,-0.5549855382448754,-0.8312201401299112,8437.180503756339,True,body,high
-0.0117462369773084,0.0024620572059881,-0.0041880423487718,0.0003942032178417,0.0003846602366457,0.1048573230139444,0.1048573230139444,0.1048573230139444,False,0.1395289307074885,6.43925758713039e-05,0.0001578910436013,8.068524107427773e-05,2.452006950567245,0.4889815202058759,0.1031892932705455,0.4078291865235786,-0.2654051250807756,0.9003610522799602,0.3448334309752767,23570.966842042177,True,body,high
-0.0113374186805978,0.0023011762297482,-0.0038379337300156,0.0003887297672998,0.0003887076498921,0.1213962014454408,0.1213961678171211,0.1213961678171211,False,0.281320568982969,0.0002076839436207,9.032251708323338e-05,8.338288988268978e-05,2.4907261419334144,0.5650962924309564,0.033414365499604,0.4014893420694395,0.4811339634153122,-0.7349736894486566,0.4778323817684425,25077.3602749788,True,body,high
-0.011411320063083,0.0023599660432068,-0.0038718394401238,0.0003096078661356,0.0003074291195742,0.1368802940008086,0.1368802940008086,0.1368802940008086,False,0.3191264483224775,0.0001658080174138,7.006105321594251e-05,9.19145237135686e-05,2.366621822009462,0.4456569401938344,0.1317998420009163,0.4225432178052492,0.1097148400698563,-0.4503224114274509,-0.8860995314492676,24473.752375121323,True,body,high
-0.0114869963829428,0.0025105820150323,-0.0032590971272379,0.0005906039237183,0.0005852518022145,0.2231715376065097,0.2231715376065097,0.2231715207923498,False,0.1857683830841431,9.314918887734895e-05,3.983428442597803e-05,8.622761900692527e-05,2.3384175270034846,0.0743062817169287,0.498054090863143,0.4276396274199281,0.157161327537878,-0.6802850359643993,-0.7158998442306357,3863.449898089717,True,body,high
-0.0117025222031427,0.0025163313676396,-0.0043623678385239,0.0005728299876263,0.0005461726751913,0.1984745969541557,0.1984745969541557,0.1984745969541557,False,0.2582035864386223,8.644622443438521e-05,4.52768961296262e-05,8.117286257480134e-05,1.909278944097507,0.0610016445956697,0.4152404188851655,0.5237579365191647,-0.7029057969203776,-0.3001753050398235,-0.6448396908534544,8367.53484141464,True,body,high
-0.0111810315803205,0.0021973119444597,-0.0035919565441744,0.0006055952097702,0.0005982726543414,0.1444613951403445,0.1444613951403445,0.1444613951403445,False,0.6874383188441016,6.160970348591648e-05,9.646730513697268e-05,9.134756403113167e-05,1.565781032512588,0.0530722932352215,0.3082688015695141,0.6386589051952644,0.2857756833033706,-0.8791564932991058,-0.3813346550243116,11709.741898777367,True,body,high
-0.0113073463475173,0.002443108747056,-0.0038977585813795,0.000412890441861,0.0003857361314803,0.2298809926990758,0.2298809926990758,0.2298810599557152,False,0.1267133816402174,7.141359238439134e-05,2.843683041786309e-05,4.419163017351015e-05,2.511306335305626,0.3811874084747907,0.2206134606818987,0.3981991308433106,-0.8717164582913591,0.4884695929297125,-0.0388313420711958,9499.688228133957,True,body,high
-0.0117045132701836,0.0022862812009405,-0.0040583906297098,0.0002897085252007,0.0002761787287814,0.1537413317351588,0.1537413317351588,0.1537413653634785,False,0.4310149626285682,6.910061070045653e-05,6.623354458608355e-05,0.0001684783115129,2.5437006665710027,0.5898545630003393,0.0170174195635387,0.3931280174361218,0.9641662943526782,0.1984918245190757,0.1760237269043952,11184.341444940568,True,body,high
-0.011281928378999,0.0021980178445326,-0.0038344023219857,0.0004785407387488,0.0004703375795606,0.157368549556079,0.1573685831843987,0.157368549556079,False,0.3569162949783958,0.0001111322914343,5.412566663015467e-05,0.0001399485609633,2.5856228602165583,0.2059061510217222,0.4073398426665277,0.38675400631175,0.9812820492999073,-0.1827635173878314,0.0606880254564456,17084.343296741463,True,body,high
-0.0116814885988211,0.0024161081598215,-0.0039645535755953,0.0001678710859539,0.0001651332530173,0.137455304639587,0.137455304639587,0.137455304639587,False,0.3929726160041321,0.0001042037680143,4.2132855452999855e-05,0.000116703073755,2.769882850337736,0.1071034835542834,0.5318704174978609,0.3610260989478556,-0.2706301435534947,0.6289847675245184,0.7287917999143119,29289.11830516352,True,body,high
-0.0115477120936001,0.0022867084735376,-0.0036898221575333,0.0002315683848376,0.0002117356235452,0.1019047229147935,0.1019047229147935,0.1019047229147935,False,0.993703257145578,0.0001110858801309,7.561692013944145e-05,3.973741664887306e-05,2.795498285974938,0.3192931446348433,0.3229888753481355,0.3577179800170212,0.1048161004056593,-0.3633303428952728,-0.9257454547700216,5618.340921717101,True,body,high
-0.0117118485909795,0.0025168545973412,-0.0042744797292964,0.0004867031004168,0.0004599570792984,0.1483082058889928,0.1483081722606731,0.1483081722606731,False,0.1521389281610416,3.852970363421703e-05,7.063951077542079e-05,6.563674835691483e-05,1.8333779944439552,0.0708210230165791,0.3837377188083495,0.5454412581750714,-0.0204919889887151,0.7493264933966165,0.6618835884664435,11296.10944304854,True,body,high
-0.0116976362332948,0.002580719514251,-0.004397191201027,0.0006212267793975,0.0005729650177112,0.1950777331232718,0.1950777331232718,0.1950775986099929,False,0.1490946748665969,2.625375967887173e-05,3.0158642823318045e-05,5.882489938712533e-05,2.2406276322574064,0.4873150122222106,0.0663814674590154,0.446303520318774,-0.2363752405724615,0.7217486953941642,0.650542516935775,6883.549130580164,True,body,high
-0.0115936750045353,0.0023832281620741,-0.0039722954347264,0.0002097851197944,0.0002084838783999,0.1011446892609523,0.1011446892609523,0.1011446892609523,False,0.9437603009485942,6.171090488637097e-05,0.000150982804269,7.955183863180222e-05,2.446614655011682,0.4731066294804437,0.1181653356606197,0.4087280348589366,-0.4043890435453809,0.8886538029749056,0.2162496703319795,30438.91471942595,True,body,high
-0.0116289897882516,0.0023747952597836,-0.0039353274035275,0.000162391905694,0.0001623891033077,0.1405841843906752,0.1405841843906752,0.1405841843906752,False,0.0693901572437634,0.0002062033788126,6.921761532121604e-05,0.0001044113732122,2.9790592735055643,0.4936485822224727,0.1706749816308692,0.335676436146658,0.0883048749860272,-0.6186320169030344,-0.7807026813814503,21764.39577291445,True,body,high
-0.011418917593517,0.0024260149634116,-0.003899304867713,0.0003055144436999,0.0002882322957303,0.1425557455188289,0.1425557118905092,0.1425557118905092,False,0.0788882308711467,0.0001724476730662,6.50616460280035e-05,9.503287403636972e-05,2.650527362802737,0.4489176203619578,0.1737989702932037,0.3772834093448384,0.0764926991674466,-0.5496821818895874,-0.8318643915249533,14308.159302671593,True,body,high
-0.0113826297779181,0.0023820035155167,-0.0038412920621935,0.0003289306661129,0.0003231595060682,0.1361914851281203,0.1361914851281203,0.1361914851281203,False,0.2753750711927127,0.0001687145866531,7.16270121648913e-05,9.22853556035875e-05,2.35546034315596,0.4530090288321615,0.1224455090013426,0.4245454621664958,0.1235243659145841,-0.5679594310168183,-0.8137344872527231,26374.02638641384,True,body,high
-0.0112471509943579,0.0022775821414675,-0.0037138486670418,0.0004874109655999,0.000487044978718,0.1120565409548156,0.1120565073264959,0.1120565073264959,False,0.124570408098736,8.693731686889142e-05,3.8880031498035815e-05,0.0001102678211391,2.836104213153298,0.2115803507243283,0.435823297081632,0.3525963521940397,0.970358595461333,0.1157320125106586,0.2121563043949955,17124.458691118634,True,body,high
-0.01195238823384,0.001620491933417,-0.0038889763229556,0.0008360042418547,0.0002003284196143,0.3323986067611771,0.3323986067611771,0.332398623575337,False,0.2605921404445203,2.312354381542463e-05,4.857626962692603e-05,2.053589174313737e-05,2.365432688997259,0.5239744839812246,0.0532698803790589,0.4227556356397164,-0.9208383299123925,-0.205304988744548,0.331521691237175,8602.472097039406,True,body,high
-0.0116951603087267,0.0022501539034199,-0.0035428612459485,0.0003043362861444,0.0002397189348597,0.1436998482121161,0.1436998482121161,0.1436998482121161,False,0.0252164209714782,7.19296430818124e-05,0.0001199585638521,9.864995934610666e-05,1.667720827083203,0.1776330411253282,0.2227462167454438,0.599620742129228,0.397602839343443,-0.8407944806149256,-0.3673916486714281,4515.079815889238,True,body,high
-0.0116855715255267,0.0024386476863165,-0.0041084138876101,0.0003114318885253,0.0003035560069298,0.1723565571390356,0.1723565571390356,0.1723565571390356,False,0.1287454241646254,0.0001305942151765,5.3021156741051087e-05,8.436135595762301e-05,2.4630585827151963,0.3540191972241212,0.2399815273150279,0.4059992754608509,0.8911900415759689,-0.4335042182488009,0.1336203672960031,27266.55279025977,True,body,high
-0.0118000947570742,0.0033783236744407,-0.0038116756405398,0.0009682830682009,0.0003654093253621,0.3340155572579537,0.3340155572579537,0.3340146829216411,False,0.1458953688734556,7.612950462758684e-05,3.188882925483683e-05,3.3621463772152614e-05,2.387340846514134,0.558364868698104,0.0227590410024542,0.4188760902994417,0.6022881736112562,0.4376952208123665,-0.6675865858493795,4522.5425262116505,True,wing_L,high
-0.0122385815884498,0.0008034449468608,-0.0036173517183461,0.0017061968959308,8.845433847636806e-05,0.3880093723454501,0.3880093471242103,0.3880093723454501,False,0.1546088634115916,2.580542891399863e-05,2.3313173291359607e-05,5.393697025808515e-05,2.3135833798342427,0.5215632470544562,0.0462068153015219,0.4322299376440218,0.5871681697331433,0.5315659817958946,0.6104679741391822,9062.451023322485,True,wing_R,high
-0.011121776141321,0.002247237084229,-0.0037127658081871,0.0006148618233782,0.0006146921362347,0.1046908628313634,0.1046908628313634,0.1046908628313634,False,0.933945603828296,5.663953360052055e-05,5.098780854563492e-05,0.0001176995139184,2.308385421449676,0.5187785257993248,0.0480182531493155,0.4332032210513596,0.9603881591259124,0.227863481361466,0.1604145182724236,12112.806299385698,True,body,high
-0.0125784151349826,0.0015256204934404,-0.0034029215299666,0.0013061360241115,0.0006483920327812,0.1352369789013768,0.1352369452730571,0.1352369452730571,False,0.3994456220190741,0.0001045685701147,4.346901072009696e-05,3.6749245100050814e-05,2.845461718467045,0.584301375906809,0.0642618103381507,0.3514368137550403,0.5422763081860784,0.101116225204916,-0.8340934687314048,5137.215567308321,True,wing_R,high
-0.0111248091837562,0.0022797450599998,-0.003628323434575,0.0006215513495833,0.0006215341000931,0.1060846221702024,0.1060846221702024,0.1060846221702024,False,0.1169361669096136,0.0001060863648726,4.671529741006527e-05,0.000124357141712,2.6620218345277373,0.1469218139616321,0.4774238668177265,0.3756543192206413,-0.0127522295522428,0.5726256995912444,0.8197177494778827,12596.678172991633,True,body,high
-0.0115220901938703,0.0023718341330239,-0.003961175026626,0.0002499749965282,0.0002481511809199,0.1580586026765967,0.1580586026765967,0.1580586026765967,False,0.081720988926248,0.0001625858815844,6.997004295192593e-05,9.29428786624632e-05,2.323649875364058,0.4283459439608167,0.1412966211251453,0.4303574349140379,-0.2363190185791341,-0.4712852688825646,-0.849731438039151,21862.2147643662,True,body,high
-0.0114249612657363,0.0026183827418679,-0.0039008706628603,0.000362776230987,0.0002263563354704,0.1398280852502405,0.1398280852502405,0.1398280516219208,False,0.0718321575153869,0.0001829121756438,8.055253903568737e-05,0.0001088927766472,2.270718934915448,0.4046717980150277,0.1549390438978063,0.4403891580871659,-0.0377514982374643,-0.643249759780024,-0.7647251603836299,7913.195868496336,True,body,high
-0.0111485335510087,0.0022927447219053,-0.0036293246675822,0.0005963054593458,0.0005962072417024,0.1190866420758484,0.1190866420758484,0.1190866084475286,False,0.2375207037376383,0.0001875086580063,7.205913429700621e-05,9.898611389925596e-05,2.602149745978477,0.4720984356045788,0.1436039268188513,0.3842976375765697,-0.1148499667549698,-0.5404191123437101,-0.8335206465049435,12005.440064026438,True,body,high
-0.0115339057808341,0.00242984378673,-0.0039081709721519,0.0002055217740609,0.0001912090507644,0.1371174745397468,0.1371174745397468,0.1371174745397468,False,0.1627212404680385,0.0001416730614627,4.876629875629359e-05,9.765978464174978e-05,2.905142794837792,0.3106679305619085,0.3451149102069099,0.3442171592311816,-0.0070474233078307,-0.5346392032872269,-0.8450510375907005,15438.988273026403,True,body,high
-0.0117060746393273,0.0024371864320939,-0.0040293214885049,0.0002317644429382,0.0002257910126592,0.1220079342093461,0.1220079342093461,0.1220079342093461,False,0.098963847132371,0.0001610599908274,6.849574627290851e-05,0.000107438009853,2.351386758905844,0.3329317274821954,0.2417873202403816,0.4252809522774229,0.1416348701180022,-0.5353625209993715,-0.8326623173146809,20567.45096224871,True,body,high
-0.0117222227795768,0.0024222013853732,-0.0040139618072482,0.0002159595380435,0.0002136306990324,0.1311109185858289,0.1311109185858289,0.1311109185858289,False,0.0642012337232798,0.0001835123549045,7.522133198719173e-05,7.370411671188964e-05,2.489852169612936,0.5901020831739882,0.0082676464813043,0.4016302703447075,0.6170044718454577,-0.6954200865217325,0.3683699023872794,21718.442457093748,True,body,high
-0.0116421404242948,0.0024786730793059,-0.0041558917688269,0.0003687067417711,0.000346624176265,0.1101384152266864,0.1101384152266864,0.1101384152266864,False,0.2875544909395365,9.253361358540028e-05,3.7911705579948496e-05,0.0001086272494035,2.8652693869042065,0.1481546840826599,0.502837992357982,0.3490073235593581,0.8672441819083414,0.243642258500577,0.434195783971781,16815.110433564558,True,body,high
-0.0115785235930351,0.0024025251789622,-0.0040082267770648,0.0002461879021551,0.0002409438267177,0.129643345085219,0.129643345085219,0.129643345085219,False,0.3712468694474964,8.346260712554142e-05,4.8420771231005945e-05,0.0001191510461451,2.460742427597016,0.2995226661803837,0.2940959146247075,0.4063814191949087,0.9403465072282488,-0.3232420049862741,0.1061275296805078,33244.48952681109,True,body,high
-0.0114947911668869,0.0023212773008318,-0.0038261897861384,0.0002335904280072,0.0002318306750026,0.1365622373529598,0.1365622373529598,0.1365622373529598,False,0.8327145359799358,4.237119780949567e-05,5.996744243548748e-05,0.000123481794875,2.9142861485813865,0.5143620766430805,0.1425007195903026,0.3431372037666167,-0.025945484888328,0.8644734369003745,0.5020084747367957,12589.276386626658,True,body,high
-0.0115755706130323,0.0023996153671214,-0.0039793694037902,0.0002240389215755,0.0002195245979406,0.1136036790598672,0.1136036790598672,0.1136036790598672,False,0.9878426636720584,9.987046738368192e-05,4.351554843699222e-05,5.065455165041094e-05,2.295052480569976,0.4927974908157133,0.0714826254491443,0.4357198837351423,-0.1746020037258342,-0.5981753678772357,-0.7821127601310804,30114.350403748485,True,body,high
-0.0113161837424844,0.0023288386988196,-0.0038241029532339,0.000401072850706,0.0004002218567645,0.1229108545936493,0.1229108545936493,0.1229108545936493,False,0.5739379558231453,6.055131091731102e-05,9.485033865559149e-05,0.0001252057335186,2.067762557439384,0.2424441278367212,0.2739413505625244,0.4836145216007544,0.4016762844186967,-0.8461341609844966,-0.3503043593086623,24480.947322618587,True,body,high
-0.0122457619247337,0.0007902208168482,-0.003614407300991,0.0017212363454956,9.090511482927993e-05,0.3963797721840577,0.3963797721840577,0.3963798058123774,False,0.1534790608304957,2.5433279313121774e-05,2.299787950463052e-05,5.265441949159354e-05,2.289533671180067,0.5169773105715793,0.046252524137695,0.4367701652907257,0.4847097468649901,0.5361236924632191,0.6911062491930462,9320.303559923252,True,wing_R,high
-0.0109161432937287,0.0023213153167555,-0.0032483854751841,0.0009680930860615,0.000966800374105,0.0975238608207776,0.0975238608207776,0.0975238608207776,False,0.1903579182377073,7.045476276777848e-05,5.757736297941441e-05,0.0001699381319583,2.951474731815503,0.585409337175353,0.0757769880130442,0.3388136748116027,0.9204793484056356,0.3505625202286445,0.1726953634863361,5017.670235246382,True,body,high
-0.0112497431049821,0.0021834503478401,-0.0036940227436291,0.0005230713657637,0.0005109313142791,0.1618406452814772,0.1618406452814772,0.1618406452814772,False,0.3937950120980479,0.0001085966931717,5.835131417334884e-05,0.0001607783835494,2.755351543100784,0.3245566302243733,0.3125132737942506,0.362930095981376,0.998213329921164,0.012593319838998,0.0584085290273108,10520.95945862488,True,body,high
-0.0114303287389024,0.0025534246450732,-0.0038928443405919,0.0003236890248972,0.0002383562211529,0.1475277598450856,0.1475277598450856,0.1475277262167659,False,0.0513134773245939,0.0001055734535092,4.627887604627978e-05,0.0001191917330929,2.575510541219709,0.11425523591553,0.4974722317086481,0.3882725323758219,-0.1758216875467302,0.6607109162639837,0.7297587404874483,10612.836521715237,True,body,high
-0.0115235317102693,0.0022872952152385,-0.0041802963966452,0.0004422301036312,0.000441681370637,0.2360154203387036,0.2360154203387036,0.2360154203387036,False,0.2876657095137848,0.000207565238883,9.64945405047146e-05,7.838164046747428e-05,2.648135936491121,0.5351122325492788,0.087263648454384,0.3776241189963372,0.7549961799642448,-0.5899907733023221,0.2861671813075803,5793.0495580603465,True,body,high
-0.0116436314079635,0.0024441515031106,-0.0040550038733546,0.0002657425771676,0.000253720924688,0.1249882776722606,0.1249882776722606,0.1249882776722606,False,0.1876944681822101,0.0001599044087677,6.471313061997217e-05,8.00889581211969e-05,2.470973158550235,0.4991447781934375,0.0961563700445635,0.404698851761999,-0.1822241995183988,-0.5152678110583064,-0.8374326384832756,20754.430668248584,True,body,high
-0.0115994985549579,0.0023948063753242,-0.0039841695051444,0.0002153928306532,0.0002126298905929,0.1171698614805077,0.1171698614805077,0.1171698614805077,False,0.7544980895979088,6.50138868975962e-05,0.000159867966203,8.67796824394613e-05,2.458981824219974,0.457179042803209,0.1361485734685318,0.4066723837282591,-0.3391976950974853,0.9071448650274022,0.2490644846118553,33243.40423186502,True,body,high
-0.0115698336446834,0.0023862432527379,-0.0039555876698428,0.0002104428940217,0.0002082381621491,0.1425434711821335,0.1425434711821335,0.1425434711821335,False,0.1024770483555911,0.0002010131420773,8.491847589028425e-05,0.0001101086193982,2.3671308271832783,0.4522317383812545,0.1253159034658457,0.4224523581528997,-0.0263394134761745,-0.6159553197463961,-0.7873406374459831,25002.83836773283,True,body,high
-0.011516752475353,0.0023688204144355,-0.0038768334004756,0.0002108527771661,0.000210119874215,0.1344086797585176,0.1344086797585176,0.1344086797585176,False,0.5227046113781096,0.0001652466707194,6.646830264827878e-05,0.0001126598558811,2.4860973446828543,0.3182322198043167,0.2795309160042017,0.4022368641914815,0.0361930854654879,-0.5055419303779447,-0.8620425843276125,21708.35718936931,True,body,high
-0.0115988055064275,0.0023782675404458,-0.0039249259822636,0.0001702987561396,0.0001699449196235,0.1551542928445542,0.1551542928445542,0.1551542928445542,False,0.1405525449482909,0.0001639186541034,7.121439028096987e-05,0.0001087564055172,2.301763077051518,0.3365220931560316,0.2290283277495957,0.4344495790943727,0.0341248790203365,-0.5114084942200043,-0.858659912113914,23960.41681882938,True,body,high
-0.0115875448268599,0.0023885730525099,-0.0040217926580653,0.0002545005261688,0.0002518547624487,0.1282649202601693,0.1282648530035299,0.1282648866318496,False,0.2523653539152864,0.0001908874528861,8.358918127990831e-05,7.958568230802081e-05,2.3985150010698506,0.5621022753666509,0.020973086032401,0.416924638600948,0.6363331257150797,-0.7002391326154823,0.3236438015343312,30788.36643565953,True,body,high
-0.0108596202291823,0.0022467829192608,-0.0033719735499844,0.000963607144958,0.0009635520520189,0.1396994232990173,0.1396994232990173,0.1396994232990173,False,0.674580472757437,0.0001141083659478,4.9153793129908784e-05,7.892019119648585e-05,2.3214559585729075,0.3083750648701022,0.2608607863175549,0.4307641488123429,0.0096236023169939,-0.7397402444668346,-0.6728237191082014,7149.608522358526,True,body,high
-0.0115661391187116,0.0023795294619255,-0.0040014384374553,0.0002494652156031,0.0002475300804708,0.1181515730178993,0.1181515730178993,0.1181515730178993,False,0.501719385942297,0.0001393631418845,5.86566167670984e-05,7.075385780455022e-05,2.375915106694021,0.4923058073476604,0.0868037335687846,0.4208904590835549,0.1481496929515119,-0.5711218525830253,-0.8073855943602819,27390.06544787019,True,body,high
-0.0116893345753258,0.0023788618608779,-0.0040766514397412,0.0002808422009981,0.0002807463997446,0.1536282060676431,0.1536282060676431,0.1536282060676431,False,0.199280053217434,0.0001158522661432,4.327254347411317e-05,6.318361565636207e-05,2.677269622770497,0.4546190785924601,0.1718660570491349,0.3735148643584049,-0.053707874049162,-0.616705609023662,-0.785359571192631,18982.614220259624,True,body,high
-0.0115790471617985,0.0023615899226998,-0.0039567018521787,0.0002102321529364,0.0002101832711513,0.1178578296452032,0.1178578296452032,0.1178578296452032,False,0.9232599319218774,0.0001369566802668,5.568489492455257e-05,7.65702399616694e-05,2.459494274926349,0.4409163553577747,0.1524959935976033,0.4065876510446219,0.2065936959984746,-0.6206841695892598,-0.7563532285876625,22346.498498618057,True,body,high
-0.0117555292356082,0.0024669064192407,-0.0041688564609245,0.0003769874897895,0.0003670883523989,0.1308072212304977,0.1308072212304977,0.1308072212304977,False,0.1788070193464608,6.911207816099668e-05,9.700482576986894e-05,9.595490579871933e-05,1.4035871637935131,0.0108233787630362,0.2767164151338581,0.7124602061031056,0.4146793010543619,-0.8475409556162512,-0.3312331593155457,23708.612925104808,True,body,high
-0.0116539344859924,0.0023955805539864,-0.0040587361664002,0.0002661430315971,0.0002644010538744,0.0960318059034164,0.0960318059034164,0.0960317722750967,False,0.7949231705806837,5.956913154176043e-05,6.116162553068945e-05,0.0001783258753895,2.993595353401877,0.6570232704756616,0.0089302463002063,0.334046483224132,-0.222002764173705,0.973280905874124,-0.0586434221381991,21940.91550038156,True,body,high
-0.0117848564905016,0.0023468006797843,-0.0039425193668399,0.0001770003032733,0.0001640241087521,0.1643735303222859,0.1643734966939662,0.1643734966939662,False,0.1156688189909648,0.0001438090132906,6.391127472667979e-05,8.224633290811359e-05,2.2501352680827384,0.4280863832790511,0.1274958902915217,0.444417726429427,-0.0828508293064627,-0.7081150515489723,-0.7012195190188497,12419.472769812532,True,body,high
-0.0113268057083087,0.0023259598239949,-0.0038100503487051,0.000390705867225,0.0003902595752095,0.1164895942010266,0.1164895942010266,0.1164895942010266,False,0.94981449952912,0.0001289101810658,5.086939664493095e-05,0.0001151333681486,2.534140162219906,0.1068714108010692,0.4985174248645947,0.3946111643343359,-0.2916704131482938,0.6410734493329845,0.7098966140602537,24161.08581110744,True,body,high
-0.0117547741122152,0.002372434233245,-0.0039800991571691,0.0001922621989672,0.0001900550809995,0.1501526855969497,0.1501526855969497,0.1501526855969497,False,0.1280859185019822,6.30613529633833e-05,9.307016017046328e-05,0.0001402057845889,2.223323446142265,0.3361888709276341,0.2140340164641573,0.4497771126082085,-0.2395547043990189,0.9475067239282076,0.2117653222582337,17732.94979707007,True,body,high
-0.0116390531985501,0.002329647491223,-0.0038237219005231,0.0001117247336789,9.452811487714468e-05,0.1667886153591388,0.1667886153591388,0.1667886153591388,False,0.8757833346032797,0.0001944935318527,7.568683082032976e-05,9.000977490316485e-05,2.5697143049159408,0.537209417476624,0.0736422643282482,0.3891483181951277,-0.0649162398106828,-0.6846810580288798,-0.7259460934430986,10681.928037774524,True,body,high
-0.0113933733247523,0.0023039621508556,-0.0038739696704141,0.0003411300274026,0.000340929157261,0.1220831271322252,0.1220831271322252,0.1220831271322252,False,0.6290961202301921,0.0001923317689814,8.110368531677373e-05,8.342313677364009e-05,2.371430696770722,0.5662539932147418,0.012059637724698,0.4216863690605602,0.0906321915019742,-0.5995455933101308,-0.795192358744696,18699.143047574184,True,body,high
-0.0116614315245438,0.0024030649789333,-0.003943007954629,0.0001518520756839,0.0001504932148553,0.136602927619813,0.1366028939914932,0.1366028939914932,False,0.2535188675293647,0.0001457164432696,6.0008003438163313e-05,9.855047297616469e-05,2.4282834775501403,0.3236832387283402,0.264503227454395,0.4118135338172648,0.0296987170388765,-0.5617398402417775,-0.8267807073773475,26133.12338720524,True,body,high
-0.0113978673873215,0.002370206580818,-0.0038497040766281,0.000316597254827,0.0003130712912965,0.1406693649245091,0.1406693649245091,0.1406693312961894,False,0.1962933336694135,0.0001702757254206,7.382243889994865e-05,0.0001009107202954,2.306557842818934,0.4073687247777927,0.1590848098199518,0.4335464654022554,0.061335678915909,-0.5462561188871666,-0.8353694913451495,30962.502217905887,True,body,high
-0.0114629439882662,0.0023329066735701,-0.0038554480931987,0.0002636978113112,0.0002636477665743,0.1352234603168521,0.1352234603168521,0.1352234603168521,False,0.1209782988878877,0.0001568135964316,6.402309477576618e-05,8.084059343201938e-05,2.449328589642532,0.4844796926314932,0.1072451562806956,0.4082751510878111,-0.1615127510937845,-0.6763232087914957,-0.7186797259447997,16965.98560948397,True,body,high
-0.0113320279692024,0.0018124362072412,-0.0035079989457369,0.0007666844462747,0.0005700212299846,0.1905478639446061,0.1905478975729258,0.1905478975729258,False,0.1639603939472824,4.280896469936248e-05,5.770698657450502e-05,8.646411610068418e-05,2.019766577115373,0.3325903371601298,0.1723029453952246,0.4951067174446456,-0.0225862249021944,0.9948937429981868,-0.0983681990672085,2979.209885121424,False,body,high
-0.0117066270196215,0.0024703976962523,-0.004197968092407,0.000403185351065,0.0003889795624446,0.1482299527890199,0.1482299527890199,0.1482299527890199,False,0.288914400683246,0.0001418282526344,4.893825918214197e-05,6.247526283972291e-05,2.898105797073177,0.5595005813069278,0.0954464530594817,0.3450529656335904,0.0261896483073593,-0.695704563652537,-0.7178504457298679,21366.900508635827,True,body,high
-0.0117084060018586,0.0024367625049135,-0.0041265370135257,0.0003286247910188,0.0003223170762394,0.076393707898819,0.076393707898819,0.076393707898819,False,0.98569303223275,0.0001347219247943,4.590454471680643e-05,5.9816709341422085e-05,2.934827599870889,0.555998703012054,0.1032657798338914,0.3407355171540545,-0.1977072448103153,-0.527927611264742,-0.8259565863977459,27009.597411001632,True,body,high
-0.0116238188828203,0.0024180939827984,-0.0039812553804088,0.0002007409002198,0.0001944849853992,0.125192704227798,0.125192704227798,0.1251926705994783,False,0.9307633520467192,0.0001154467230487,4.248967872315244e-05,8.919763749602647e-05,2.7170533296086745,0.2273696893209759,0.4045845350946244,0.3680457755843996,-0.0733305412611612,-0.5118093950872358,-0.8559636527439599,23258.474422143063,True,body,high
-0.0120756929775882,0.0025380318251941,-0.0040458588458553,0.0004606113362616,0.000457687572575,0.1121469675065248,0.1121469675065248,0.112146933878205,False,0.402100579834363,0.0001244740138654,4.909996128914026e-05,5.8706031980072856e-05,2.5351142973908787,0.5283671655070379,0.0771733022228814,0.3944595322700805,0.0646065062319916,-0.6235772300052937,-0.7790875673320812,6340.767556290354,True,body,high
-0.0111593312455638,0.0022073663146686,-0.0036834720490906,0.0005969285117734,0.0005932225127542,0.1615707107591382,0.1615707107591382,0.1615707107591382,False,0.2256390331509983,6.58254332471421e-05,0.0001008827676206,0.0001095283582424,1.6639215701198626,0.0789347230296028,0.3200754118483507,0.6009898651220464,0.5059954339151924,-0.8215312072780543,-0.262783363866967,12367.656009275695,True,body,high
-0.0122984410481346,0.0014383715095235,-0.0035404764495107,0.0011701717182609,0.0003252957998864,0.4275289196902507,0.4275289196902507,0.4275289533185704,False,0.4193292211719662,2.7479063869004885e-05,2.3200391283978388e-05,5.8538201061195424e-05,2.523155766843486,0.5305789489451774,0.0730919725488933,0.3963290785059292,0.3461012681094301,0.7988872510211928,0.4919279137931146,5379.91742498504,True,wing_R,high
-0.0119533319696207,0.0014376001232275,-0.0038276462837713,0.0010079539914138,0.0001638030101061,0.4129438718553391,0.4129438718553391,0.4129438718553391,False,0.0944046448820609,1.8899290805061248e-05,2.3476198458763387e-05,5.358878146316494e-05,2.835491660290968,0.561919532077808,0.0854079441393558,0.3526725237828362,-0.5337714294707081,-0.3563990932016305,0.7668557540019193,6294.136272681832,True,body,high
-0.0117875069427635,0.0033924094584234,-0.0037878154250388,0.0009811661777074,0.0003659874345466,0.1747330704931773,0.1747330704931773,0.1747325324400619,False,0.194702726466644,0.0001051821723401,4.325253316421601e-05,4.517536579937061e-05,2.431815309886676,0.5705035863559694,0.0182809747353082,0.4112154389087222,0.4853305894963326,0.8296637229054729,0.2758846240618949,4791.35741194988,True,wing_L,high
-0.0123628807604864,0.0024799589808802,-0.0039527100440574,0.0006767426902042,0.0006703573658391,0.246847253445809,0.246847253445809,0.246847253445809,False,0.0999785622582766,0.00023838301196,9.469786151291868e-05,0.0001044261610644,2.517300899424852,0.5619395853511789,0.0408095336641609,0.3972508809846602,-0.2979184235971138,-0.7384086186178547,-0.6049771275282083,3787.9784792328232,True,body,high
-0.0115009909647699,0.0023914989906963,-0.0038753642624008,0.0002211780380678,0.0002169112959443,0.1307240247675269,0.1307240247675269,0.1307240247675269,False,0.8343139174048076,0.0001557252338089,6.449496549243842e-05,9.862742977529387e-05,2.414533175107962,0.3666573659070373,0.2191839013369769,0.4141587327559857,0.0365751040628812,-0.6150244289851736,-0.7876593257965342,17772.384585972817,True,body,high
-0.0118318016294482,0.0025087832561604,-0.0043404837385687,0.0005638950840597,0.0005491685828738,0.1025541866534172,0.1025541866534172,0.1025541530250975,False,0.8215295290337213,0.0001059491634814,4.685986646836226e-05,0.0001070262932851,2.283964965146101,0.0100641605964551,0.5521007520619,0.4378350873416448,-0.0955032959260229,0.6384582243395145,0.7637082009776383,10339.998883611328,True,body,high
-0.0111999833808377,0.0022096867008505,-0.0035953589117543,0.0005835607822852,0.0005770841405736,0.1250951484723096,0.1250951484723096,0.1250951484723096,False,0.9379262012761956,6.34116151861571e-05,0.0001092250777897,0.0001690694192505,2.6662216181405967,0.3539631337590949,0.2709742708451808,0.3750625953957243,-0.3777773138540621,0.8987202107544683,0.2226797788723844,11158.590189766934,True,body,high
-0.0114816429206221,0.002301117185288,-0.0039260683851532,0.0002827815135626,0.0002810589510041,0.1820532831283771,0.1820532831283771,0.1820532831283771,False,0.7348082315252403,0.0001517091676536,6.66166717417997e-05,7.415025491460135e-05,2.277345350449848,0.511234185373065,0.0496580614693084,0.4391077531576265,-0.1242665912836604,-0.6254981130498145,-0.7702661389817556,18587.15961360585,True,body,high
-0.0120259139663798,0.0021543682368043,-0.0042158352573674,0.000585970360599,0.0005154862464099,0.1740978987904318,0.1740978987904318,0.1740978987904318,False,0.2459190647491786,3.790447518553401e-05,3.256256026963731e-05,7.721039249555136e-05,2.371140102504334,0.5090754759766575,0.0691864753336733,0.4217380486896692,0.8883042634033456,0.4558790480910002,-0.0555862314884096,3399.47821324996,False,body,high
-0.011732697830823,0.0024330208796137,-0.0039877867702213,0.0001917282719421,0.0001883751973334,0.1281836069831024,0.1281836069831024,0.1281836069831024,False,0.1081186526264839,0.0001619165770255,6.955462744191451e-05,8.333487356039396e-05,2.3279051729632654,0.4853221634790614,0.0851070740971978,0.4295707624237407,-0.250114605624625,-0.3832582542033305,-0.8891320456705254,20213.620561374435,True,body,high
-0.0115153877967832,0.0023281217269663,-0.0039283053084661,0.0002471024591889,0.0002466984721095,0.1367371382437889,0.1367371382437889,0.1367371382437889,False,0.5710936637867029,0.0001894209218089,6.492763727187501e-05,0.0001017310802349,2.9174159074323818,0.4629364102792809,0.19429449826125,0.342769091459469,0.1143778979720623,-0.6440884150232753,-0.7563516444672399,25370.8883580738,True,body,high
-0.0119135039370239,0.0027711063314005,-0.0044468335430498,0.0007679863531119,0.0006726629565644,0.1797535432281409,0.1797535432281409,0.1797536104847804,False,0.2343940239592223,0.0001352648839269,5.906459594483595e-05,0.0001046688411405,2.2901178237680795,0.2261935389153913,0.3371477050933404,0.4366587559912682,0.1464879153464391,-0.5996784907032013,-0.7867191356801899,4191.680130361763,True,body,high
-0.0115469418143839,0.002445889719693,-0.0040619680381106,0.0003098007513203,0.0002905615269471,0.1287879415166709,0.1287879078883511,0.1287879078883511,False,0.4272000659294648,0.0001590915393824,5.983165717155711e-05,0.0001218829671797,2.6589860101357314,0.2338815272461128,0.3900352605112798,0.3760832122426074,0.0365031191286364,-0.5429274363549212,-0.8389858885267099,15975.423157735511,True,body,high
-0.0116000913715967,0.0024611999992252,-0.0041069536797992,0.0003296622065955,0.0003093972160508,0.1621333461762621,0.1621333461762621,0.1621333461762621,False,0.1050712345159192,9.195239913201504e-05,4.753801186209206e-05,6.495179049312194e-05,1.9342920650272304,0.2936368044092969,0.1893781869250535,0.5169850086656496,-0.0531852979506961,-0.6787661454146603,-0.7324259989383363,18164.078191042696,True,body,high
-0.0113947757265971,0.0023746592657744,-0.0038466457985245,0.0003185552463184,0.0003143166854766,0.1163212172042219,0.1163212172042219,0.1163212172042219,False,0.9709100173585816,0.0001283239344197,5.6007858146569614e-05,8.668299042878176e-05,2.291177321651836,0.324498653966883,0.2390445120072611,0.4364568340258558,0.100123227985214,-0.5109451170316641,-0.8537625118259288,30542.93050847608,True,body,high
-0.0117054442541523,0.0020872521163416,-0.0040512580031607,0.0004134772204403,0.0003054733796564,0.1025294362101082,0.1025294025817885,0.1025294362101082,False,0.5105545644252163,0.0001035509307576,3.861313100655628e-05,4.589977316441535e-05,2.681754316687885,0.5567420511957412,0.070367712820578,0.3728902359836807,-0.2338270834076716,-0.9006891039148037,-0.3661748669067961,5198.749095543201,True,body,high
-0.011542366871143,0.0024591882833889,-0.0040790101136,0.0003282337708746,0.0003040572974698,0.135611060329868,0.135611060329868,0.1356110267015483,False,0.5973911126870569,0.0001239423923477,5.098318930735872e-05,6.846942630951469e-05,2.431044311499071,0.4475705607052038,0.1410835846471022,0.4113458546476939,-0.02998156748098,-0.6179039264077844,-0.7856817697651048,14337.036952014363,True,body,high
-0.0117220512695631,0.0025254344020996,-0.0039781325180227,0.0002114609479121,0.0001702068355562,0.1449747650690883,0.1449747314407686,0.1449747314407686,False,0.1823864296270896,0.0001116917537645,3.80365746568187e-05,9.124264975529516e-05,2.9364303902818194,0.1830851725394701,0.476365293812628,0.3405495336479018,0.906268788227185,-0.4226286210169991,0.00786970028016,10531.583353891154,True,body,high
-0.0115343292557656,0.0021798979563064,-0.0043529712187399,0.0006262672906422,0.0006174640388651,0.5692853308664858,0.5692853308664858,0.5692853308664858,False,0.5944076090813196,4.55691234619195e-05,1.6411565850205734e-05,3.454874020727902e-05,2.776646901206459,0.2418388245683466,0.3980145541361988,0.3601466212954545,0.3649611967424403,0.2243264312868337,-0.903593369330718,3185.4517591963577,True,body,high
-0.0113793252339719,0.002129282048246,-0.0032741296454698,0.0006811845340562,0.0006321323352319,0.1646074152858922,0.1646074152858922,0.1646074152858922,False,0.4193477184448733,5.241653685440197e-05,2.5071756330826243e-05,2.2503108909985632e-05,2.329302011738583,0.5216823194468503,0.0490045236673222,0.4293131568858275,-0.5053556874980366,-0.6954128187716041,-0.510897876881006,4543.69101933712,True,body,high
-0.0121236025589792,0.0010566608517904,-0.0037099984755572,0.0014231261314578,0.0001052495637539,0.4026847542541917,0.4026847206258719,0.4026847542541917,False,0.2248528170576836,1.964147306571105e-05,2.239392539654484e-05,4.559629287239716e-05,2.3214293917698323,0.5088652171961648,0.0603657042588224,0.4307690785450127,-0.4467026248178429,-0.4311913778690651,0.783920123885225,18907.863531790623,True,wing_R,high
-0.0116959271117582,0.0019355745710283,-0.003888366455237,0.0004874807196497,0.0002048034983643,0.1262673644408772,0.1262673644408772,0.1262673644408772,False,0.178469684443305,6.360621623225927e-05,6.438723346245342e-05,0.000149975167007,2.3578696531706766,0.5706807016962745,0.0052076436771522,0.4241116546265732,-0.3483927891855249,0.9368660687539292,0.030073803568692,4240.462691381266,True,body,high
-0.0111999951930967,0.0027020264799916,-0.0040073328167713,0.000619166456951,0.00043806307136,0.2428275090630348,0.2428275090630348,0.2428274586205552,False,0.089982783774539,0.0001498090611466,7.707708368566535e-05,7.259480235399457e-05,2.0636334322681376,0.4854978524280391,0.0299199614320023,0.4845821861399585,0.6786397796278153,-0.6391074301867097,0.3619250505102542,4509.399517522548,True,body,high
-0.0116081390010121,0.0024799940438839,-0.0041329261849429,0.0003547003410384,0.000328816246134,0.1291235857757297,0.1291235857757297,0.12912355214741,False,0.4799290623081039,0.0001497218649752,5.054202269966424e-05,9.373197871520582e-05,2.96232435858174,0.3739593162913948,0.2884679269971267,0.3375727567114784,-0.0834276702821164,-0.6409417735230025,-0.7630422444298133,16129.034753278493,True,body,high
-0.0118501917530677,0.0025188079767638,-0.0043485220834668,0.000577637069362,0.0005619420355738,0.0933380429810991,0.0933380429810991,0.0933380429810991,False,0.9904884144299108,9.693269401286936e-05,4.909509169194289e-05,0.0001143307429112,2.3287611647335145,0.1521729716377948,0.4184141649291136,0.4294128634330916,-0.119016185226142,0.6193964411244113,0.7760046368267591,10342.77676192541,True,body,high
-0.0111080910611732,0.0022337381379467,-0.0035981154194656,0.0006571193428215,0.0006559732389508,0.130301115018812,0.130301115018812,0.130301115018812,False,0.3730202289508075,4.720766975208337e-05,9.505938712937891e-05,0.0001406113126516,2.978569232290177,0.3239563351146262,0.3403120024619642,0.3357316624234095,-0.2712616583337937,0.911930518399556,0.3078958303217471,12718.126781300944,True,body,high
-0.0119447778318378,0.0016280551358476,-0.0039214678744917,0.000830781622966,0.0002307069734291,0.1810608777853167,0.1810608777853167,0.181060844156997,False,0.3215588427874601,2.745245138925329e-05,2.825212551085702e-05,6.486952058644441e-05,2.362977340953917,0.5644776582985757,0.012327424565102,0.4231949171363222,-0.198625089040533,0.5361239902027493,0.8204383835076969,8204.827673285998,True,body,high
-0.0117258176701304,0.0024011449572701,-0.0039867457324055,0.0001894849497914,0.0001893563623699,0.1105532205503505,0.1105532205503505,0.110553153293711,False,0.4121966610096542,0.0001448810901789,6.321381142174362e-05,9.0896896722817e-05,2.291921447550769,0.3726103481788965,0.1910745237137957,0.4363151281073077,-0.2644929906033948,-0.5147061358746003,-0.8155495396447172,24023.81756069768,True,body,high
-0.0119351863890089,0.0026864383320774,-0.0043147763299974,0.0006263135008729,0.0005667671469969,0.1255273396372654,0.1255273396372654,0.1255273396372654,False,0.3508784602355856,0.0001703927658823,7.332308041724746e-05,0.0001202306324441,2.32386262160248,0.2943912153691552,0.2752907483131797,0.430318036317665,0.1125410498471775,-0.59297123073986,-0.7973202817024985,5684.352297919178,True,body,high
-0.0113393077852385,0.0022709343424218,-0.0038724407653525,0.0004017378143174,0.0004006923401635,0.1449893933881636,0.1449893597598439,0.1449893597598439,False,0.8560118770411924,0.0001309744410671,5.361086390933283e-05,8.686645780902533e-05,2.443057834110516,0.3367678678277109,0.2539090346844695,0.4093230974878195,0.0289849343462911,-0.5594880061408607,-0.8283314822976765,15108.847493917568,True,body,high
-0.0115664958618705,0.0023818187394377,-0.0038905099446955,0.0001711579027628,0.0001701588411762,0.1423503773703395,0.1423503773703395,0.1423503773703395,False,0.4664446835814214,0.0001451664141842,5.176640540605534e-05,9.116523857533866e-05,2.8042591144893985,0.371994968067425,0.2714046040929811,0.3566004278395938,0.0418486684449515,-0.6081153810503108,-0.7927448342811321,22692.396178102885,True,body,high
-0.0112404717636086,0.0022470269479272,-0.0037747252749383,0.0004964326154651,0.0004949584236669,0.0941383633619569,0.0941383297336371,0.0941383297336371,False,0.4677205579664537,9.129705082373663e-05,4.55663422282262e-05,0.0001041214671375,2.285052125010985,0.1231678410457207,0.4392053805300486,0.4376267784242307,0.9739394782031108,0.0983134499859763,0.2043926572783551,17611.713535696545,True,body,high
-0.0115930882973673,0.0023944027201698,-0.0039726185995766,0.0002089961246716,0.0002061797505348,0.1460547049283625,0.1460546713000428,0.1460546713000428,False,0.1887047515707604,0.0001067080593074,4.705614851866168e-05,7.68891367326106e-05,2.267675163961788,0.279443959232134,0.2795757734473342,0.4409802673205317,0.0646341428432845,-0.6388894497324831,-0.7665785664884189,31793.99720133248,True,body,high
-0.0112689012253714,0.0022311140106787,-0.0037995298195126,0.0004751133100886,0.0004715902366745,0.143049140225663,0.1430491065973433,0.143049140225663,False,0.6905004688148928,5.059077703535922e-05,7.149979758858714e-05,0.0001137299669649,2.248037559997225,0.3713196310816363,0.1838479436090488,0.4448324253093148,-0.4289105017910553,0.8732886937110056,0.2310901098919436,24485.350336826155,True,body,high
-0.0116815747234477,0.0040874350526175,-0.0038520588416916,0.0016738831792953,0.0004560921121269,0.4329862621301502,0.43298629155493,0.4329883470859724,False,0.1048039666466881,2.180387720112553e-05,1.807065419243504e-05,5.00544782441202e-05,2.769931719742312,0.5643970736287359,0.0745831969416049,0.3610197294296592,0.527686741545623,0.4216462744713305,0.7374016015858729,6953.178625453419,True,wing_L,high
-0.0117538690158869,0.0024919933792371,-0.0042615495870158,0.0004716315603984,0.0004554604671245,0.1722852314729236,0.1722852651012433,0.1722852651012433,False,0.2404976882660232,4.8097778594256136e-05,8.742894789583148e-05,3.563979236636563e-05,2.453127307732041,0.449864378425748,0.1424926929548981,0.4076429286193537,-0.8711747807436983,0.4899533694908795,0.0316258932000819,13191.14332837387,True,body,high
-0.0111870559989963,0.0023011556520429,-0.0037691514872212,0.0005331433123598,0.0005324596322826,0.1663405516272783,0.1663405516272783,0.1663405516272783,False,0.176478706555288,6.179105460526143e-05,0.0001013092001097,0.0001068590831815,1.729361699102972,0.0519364653576069,0.3698155021349629,0.5782480325074302,0.4495497167164709,-0.8521949320751658,-0.2677103844559345,15704.542154292389,True,body,high
-0.0119062048381885,0.0025057940645396,-0.0041680492079516,0.0004293998290955,0.0004213965429059,0.1492657722928301,0.1492657050361907,0.1492657050361907,False,0.1042146173306617,0.0001039943441054,4.552321139174664e-05,7.554440833067568e-05,2.284424602881278,0.2735719525856292,0.2886810546973736,0.4377469927169972,0.8176393614617439,-0.5419479786803276,0.1943148553063772,8751.807142352553,True,body,high
-0.011366320533339,0.0021134170041075,-0.0032515947425122,0.0007114501953517,0.0006588599312125,0.1666198348224976,0.1666198348224976,0.1666198348224976,False,0.3192726460849719,4.742073708433152e-05,2.339758948923504e-05,2.032042492287216e-05,2.333648890922351,0.5065958285796884,0.0648906945687188,0.4285134768515927,-0.4626563052600925,-0.7113853149315261,-0.529036933401491,4333.893249184233,True,body,high
-0.0121720996763235,0.0014433602952188,-0.0034569100727165,0.0011297234527663,0.0002719329068677,0.5174130192794348,0.5174130192794348,0.5174130192794348,False,0.8627095918168849,1.838123879152755e-05,2.0916894842996625e-05,4.283984014074885e-05,2.3306285624500447,0.5117419959020651,0.0591892043279868,0.429068799769948,-0.4264586008698703,-0.5800101326410965,0.6940614582137307,4226.847792115254,True,wing_R,high
-0.0115925667508631,0.0023208181106815,-0.0040776746615311,0.0003158680610242,0.0003150982986648,0.1724230403271089,0.1724230403271089,0.1724230739554286,False,0.6455088725289221,6.08922771265019e-05,6.889301032343305e-05,0.0001739958076163,2.857436374976235,0.6040536190658219,0.0459823331753485,0.3499640477588296,-0.2704404499552384,0.9625392482745568,0.0194976552195076,11492.111652264271,True,body,high
-0.0121000071407029,0.0025216601898686,-0.0037060633125782,0.0004175771656924,0.0004173023313059,0.1315042690415159,0.1315043026698356,0.1315042354131961,False,0.2502401979124364,0.0001130431569042,5.296723141737078e-05,0.0001187925117737,2.242754786212698,0.0483982936603814,0.5057214852171468,0.4458802211224718,0.9723952026700956,0.2315166118825598,0.0291140558253817,4600.898157883619,True,body,high
-0.0118293433238175,0.0017147247431056,-0.0034757357135978,0.0007804080082662,0.0002377708715466,0.2681077161066568,0.2681077161066568,0.2681077161066568,False,0.4418374024509912,2.166392854205135e-05,1.932370559982394e-05,4.520307639760652e-05,2.339255075280094,0.5207421647257963,0.0517713202004836,0.4274865150737201,0.4348101340642452,0.7316648743219107,0.5249825320889598,3359.197443038837,False,wing_R,high
-0.0115293899079185,0.0023335464873995,-0.0038633070033965,0.0002057870759036,0.0002046850441549,0.1187689217111967,0.1187689553395164,0.1187689553395164,False,0.9983488459239908,0.0001089187418034,4.79057856382768e-05,0.0001074494348475,2.2736030805522263,0.0134899369163291,0.5466795541642714,0.4398305089193994,-0.2003112361209499,0.5742553357947405,0.7937923015468007,17184.707855676315,True,body,high
-0.0112990340283124,0.002697139305286,-0.0039922045212632,0.0005327745767264,0.0003468448728765,0.1249147325370475,0.1249147325370475,0.1249146316520884,False,0.1512686498368302,0.0001812895482465,7.659324568448573e-05,9.923384713335944e-05,2.3669129911713203,0.4526223486508786,0.1248864132976848,0.4224912380514365,0.0688420378273738,-0.5641624400264409,-0.8227888642241015,5633.941925192911,True,body,high
-0.0113025357397377,0.0022880687295444,-0.0038177114484718,0.0004243681962854,0.0004242505526256,0.1030256893241179,0.1030256893241179,0.1030256893241179,False,0.9879789466162332,0.0001251305306522,5.511908495617889e-05,8.073157673409236e-05,2.270185195413984,0.3548211110969229,0.2046861916464363,0.4404926972566407,0.1188017103982692,-0.5456232144548463,-0.8295670325262492,23294.48044609089,True,body,high
-0.0115787163915349,0.0024231680335987,-0.0040224676650996,0.0002581823317013,0.0002479186025335,0.1289655999297164,0.1289655999297164,0.1289655663013967,False,0.3672675100340247,0.0001777302848719,6.488276091816362e-05,8.579811990654381e-05,2.739252805473885,0.5172566117904501,0.1176803323274177,0.3650630558821321,-0.1844089576954742,-0.5956125271772084,-0.7818177881010693,23371.94946423974,True,body,high
-0.0115463352084212,0.0023732059628931,-0.0038788262772698,0.0001843966064605,0.0001838568565466,0.1472377828441975,0.1472377828441975,0.1472377828441975,False,0.1683451045107113,0.0001656903337589,6.521446236160646e-05,9.783844229156094e-05,2.540699221596877,0.4095102588550912,0.1968973034806498,0.3935924376642589,0.1192614780422171,-0.455081461710566,-0.8824270865417498,23773.77623300976,True,body,high
-0.0113672580119347,0.0023442895720869,-0.0038529254982175,0.0003513073259404,0.0003499371482846,0.0940119545081544,0.0940119545081544,0.0940119545081544,False,0.981011196091766,9.995303033139248e-05,4.278166094331016e-05,6.76957452775428e-05,2.3363522623359554,0.3227244331352559,0.2492579189608403,0.4280176479039038,0.0484155393166867,-0.4935996325306178,-0.8683405658601426,24994.97783214458,True,body,high
-0.0119323861262483,0.0025337213938698,-0.0042184700617028,0.0004910783211893,0.0004788695578213,0.1058710823400227,0.1058710823400227,0.1058710823400227,False,0.1041625912155915,0.0001017066830537,4.4965825662627394e-05,7.24030071531754e-05,2.261866240751003,0.2881194727893947,0.269767734692878,0.4421127925177272,-0.1069484593556988,-0.6575624652898115,-0.745770495047523,9389.003439266751,True,body,high
-0.0114714586279367,0.0026082647549586,-0.0040300358823212,0.0003828731813266,0.000262800422516,0.1056177265793024,0.1056177265793024,0.105617659322663,False,0.8820065837429081,7.677959068703241e-05,3.93731672287956e-05,6.270411472976463e-05,1.9500486267937216,0.1833231439672814,0.3038691310047513,0.5128077250279672,-0.0077195979589665,-0.5269739938366986,-0.8498463494227355,6940.092477048432,True,body,high
-0.0118721178710804,0.003971910905986,-0.0036872100189457,0.0015699854917734,0.000653415863161,0.459358069652907,0.459358069652907,0.4593670400071906,False,0.1014915449784097,1.963694054920648e-05,2.2367480305672823e-05,4.692296516386244e-05,2.3895252443364243,0.5233148581390362,0.058191969474454,0.4184931723865097,-0.5952782770888796,-0.3905053138097446,0.7022459488757818,12278.186036050272,True,wing_L,high
-0.0115432131796421,0.0023199139996271,-0.0039376153088577,0.0002348393562894,0.0002331430804302,0.1236932847084196,0.1236932510800999,0.1236932510800999,False,0.316148673582271,0.0001136276255262,5.030797383152767e-05,8.149903560142402e-05,2.258640467349541,0.282753333760405,0.2745024515423903,0.4427442146972047,0.9115438930581194,-0.4087405354818574,0.0449322343362949,18842.82961190662,True,body,high
-0.0119543299186909,0.0015198472427222,-0.0038769386485365,0.0009315602550452,0.0002000946866584,0.4286399489310998,0.4286398900815403,0.4286399489310998,False,0.1326304067660252,2.0695890905316744e-05,2.3340513882300347e-05,4.899826838613648e-05,2.367536078069917,0.5236461480972604,0.0539738048729058,0.4223800470298338,-0.5767096089765791,-0.2836337705628999,0.766131784427688,7724.511668979751,True,body,high
-0.011528855159042,0.0027011961936859,-0.0036231755778262,0.0003804258961433,0.0002363477558329,0.1430448694290594,0.1430448358007398,0.1430449030573792,False,0.1134405398934334,5.950253119718483e-05,5.587070088226043e-05,0.0001603807541573,2.8705699342370057,0.628992072584963,0.0226450507357063,0.3483628766793305,0.9732817582415184,0.1556097034889494,0.1688438309633501,4456.5278862975,True,body,high
-0.0112900953092882,0.0022127491045507,-0.0037291901986441,0.000468516254599,0.0004597452066772,0.1588474558004323,0.1588474558004323,0.1588474558004323,False,0.3364471977973378,0.0001122975583416,6.140574862947787e-05,0.0001376523175789,2.24168454340633,0.1841942052508037,0.3697126979567012,0.446093096792495,0.9983388935913392,0.0522721112660714,0.0242297322851098,12956.087866345008,True,body,high
-0.0115561733567993,0.0024375680513305,-0.003950670046719,0.0002154733406281,0.0001991053515549,0.1449917809988632,0.1449917473705435,0.1449917473705435,False,0.0233859091419387,0.0001490906577442,5.8810090905301815e-05,8.825089980379226e-05,2.535120341581571,0.4080722351151409,0.1974691730784694,0.3944585918063896,-0.011942644043059,-0.6469782963035311,-0.7624148853252017,15790.914893684308,True,body,high
-0.0112255420070898,0.0022903424323645,-0.0037212902968702,0.0005033645881888,0.0005033645848347,0.1121828152953391,0.1121828152953391,0.1121828152953391,False,0.8308115281183723,0.0001150508832084,4.740997500824874e-05,0.0001083694488153,2.426723135550817,0.0580737340451211,0.5298479429891153,0.4120783229657636,-0.0313997674460784,0.5153610315363674,0.8563977240617257,19372.886606481014,True,body,high
-0.0117027767868397,0.0023927503510314,-0.0039825451340625,0.0001852275123996,0.0001851709283304,0.1496227032782675,0.1496227032782675,0.1496227032782675,False,0.2720256488060851,5.493635490634912e-05,0.0001037856380197,0.0001447005463076,2.633967006991319,0.2827557278254439,0.3375887953421935,0.3796554768323625,-0.2448013412510523,0.9208553783859498,0.3034759882088775,26912.78010810906,True,body,high
-0.011443807294615,0.0023392077068814,-0.0038822396545027,0.000286391690602,0.0002862330154785,0.1559204132242635,0.1559204132242635,0.1559204132242635,False,0.6782726375580188,0.0001621518456598,5.966726557064743e-05,9.463777866517612e-05,2.7176014202934256,0.4163632348427304,0.21566521769906,0.3679715474582096,0.0979778588105894,-0.608657195302033,-0.7873606275335051,19970.50103150854,True,body,high
-0.0115071894074492,0.0023593369639526,-0.0039455242018361,0.0002541806929629,0.0002533819242548,0.1558238326900468,0.1558238326900468,0.1558238326900468,False,0.4766114325072896,0.0001596146990008,7.305888633757518e-05,7.771887940996629e-05,2.1847403786496704,0.5130844471314064,0.0291952627268087,0.4577202901417848,-0.3106384582326678,-0.5931335476819664,-0.742762642356921,25430.79180107568,True,body,high
-0.0118438047259308,0.0017873540931922,-0.003420008317554,0.0007453115706536,0.0002932303899543,0.1454512447311066,0.1454512447311066,0.1454512111027869,False,0.1860156305343713,2.7200551581385367e-05,3.079062143002037e-05,6.235478709803691e-05,2.29240892088046,0.5062027654491064,0.0575748874419303,0.4362223471089633,-0.2243991062684058,0.6776647622649735,0.7002967307436883,3296.361948531985,False,wing_R,high
-0.0109510523274814,0.0026240383122065,-0.0036964486476392,0.0007912025221764,0.0006891251591434,0.135084339958198,0.1350843063298782,0.1350843063298782,False,0.0360715222825024,0.0001640979004977,7.108662046208137e-05,0.0001029972713485,2.3084217456256324,0.3723425404216015,0.1944610551973705,0.433196404381028,0.0543313462565486,-0.584743006040018,-0.8093971347251201,4410.928454644035,True,body,high
-0.0116705682296091,0.0024000274241158,-0.0039780995547555,0.0001837072604304,0.0001826634854061,0.1059986345566955,0.1059986345566955,0.1059986345566955,False,0.4535294300028641,0.0001494028646337,6.498716949489182e-05,0.0001003522263419,2.2989594068327817,0.3283112302567855,0.2367093625262446,0.4349794072169698,0.1223122500510149,-0.5067349962715664,-0.8533811323442261,28703.878376660527,True,body,high
-0.0116608360846538,0.0024352662075115,-0.0040431355761705,0.0002496784841516,0.0002412370653771,0.1201528615806795,0.1201528615806795,0.1201528615806795,False,0.1580321160973294,0.0001585872593718,6.895986115699474e-05,0.0001045009788532,2.2997038670187067,0.3410506035151349,0.2241108008110745,0.4348385956737905,0.0940109123158852,-0.5768040477298204,-0.8114548902360688,23769.06792998073,True,body,high
-0.0117858357295241,0.0024709200883546,-0.0041266886714095,0.0003419998158989,0.0003334525662148,0.1472842235537216,0.1472842235537216,0.1472842235537216,False,0.0989933808967377,0.0001313413060271,5.744200432755361e-05,8.501717240648949e-05,2.2865028399458374,0.3527004186411341,0.2099504635140404,0.4373491178448254,0.0942083360634074,-0.6602388106145913,-0.7451238168079142,15697.078074582523,True,body,high
-0.0118548856320032,0.0023889963654844,-0.0039131773801893,0.0001886633847054,0.0001822275117096,0.1289961680723358,0.1289961344440161,0.1289961344440161,False,0.1259996734982102,6.094932995310073e-05,2.728904846409833e-05,5.995263220753327e-05,2.2334721576417773,0.0163528909396444,0.5359137461981763,0.4477333628621791,0.1701263001634823,-0.7033080759778212,-0.6902280726376315,7903.732462596323,True,body,high
-0.0117807753177798,0.0024368478059296,-0.0039671232371432,0.0001851865951104,0.0001836556929221,0.1267978175560354,0.1267978175560354,0.1267978175560354,False,0.0896581357836987,7.042533930023364e-05,0.0001083988039518,0.0001232103591775,1.74951743792546,0.1202135544815431,0.3082002593380102,0.5715861861804467,0.3039330995670817,-0.8617039858938504,-0.4063138093668457,13479.711810851692,True,body,high
-0.0121211966833045,0.0010379798447576,-0.0037134934902736,0.0014400578698916,0.0001086366176379,0.4684094492710197,0.4684094492710197,0.4684094492710197,False,0.1763984880703,3.485359661004659e-05,1.5470895614967818e-05,4.123880638152184e-05,2.665573306669074,0.1548349802465746,0.4700112029373312,0.3751538168160941,0.2578918692574576,0.2963912070059931,-0.9195890583192172,19532.270222804367,True,wing_R,high
-0.0115826686420051,0.0029279492635027,-0.004145734829414,0.0006320471857702,0.0002750253280363,0.1566789336037176,0.1566789336037176,0.1566786309488401,False,0.2302473998222361,5.990685229152568e-05,2.6329055167733664e-05,3.4688260456053484e-05,2.2753134098386374,0.4209633935154956,0.1395367135572619,0.4394998929272424,-0.8476216059533859,0.5105365645927606,-0.1445338345676359,4734.405414921578,True,body,high
-0.0113513074467106,0.002333755629954,-0.0038280300050512,0.0003660936262641,0.0003654364280036,0.1335316868087134,0.1335316868087134,0.1335316868087134,False,0.1994641161516044,0.000148241828114,6.566486001561122e-05,9.575479994398608e-05,2.2575518790226687,0.3540635516829501,0.2029787429849729,0.442957705332077,0.068362998234426,-0.609580341738096,-0.7897710474807659,26079.54329934007,True,body,high
-0.0116936966993751,0.0024289644256062,-0.0040278211974974,0.0002300021682559,0.0002250341202291,0.1105979462155692,0.1105979798438889,0.1105979125872494,False,0.3379432330700887,0.0001184150660668,5.174157911057773e-05,0.0001323645487981,2.558185333217408,0.1053868491075294,0.5037110582976746,0.3909020925947959,-0.2079981093865726,0.6118765826461873,0.7631145615835376,22361.99466674513,True,body,high
-0.0118382356591821,0.0024983874189309,-0.0039792597754293,0.0002383657632406,0.0002282431023167,0.1045615283137459,0.1045614946854261,0.1045614946854261,False,0.7268152770035083,5.562661587387389e-05,9.977484069728496e-05,0.0001536864955084,2.7628230316385496,0.3507897986274299,0.287261575438708,0.361948625933862,-0.3557214159681154,0.9214222928227612,0.1563433161695292,8183.122784646041,True,body,high
-0.0117434216677131,0.0023447277982104,-0.0039410758822493,0.0001627233262262,0.0001521861248468,0.1967757614988772,0.1967757614988772,0.1967757614988772,False,0.2919697041244259,0.0001986428499171,7.69947270022531e-05,9.883118242896494e-05,2.579953948162632,0.5024679596060112,0.1099282226157021,0.3876038177782867,0.0619903606889694,-0.6265212201377195,-0.776935232756756,15278.953559810128,True,body,high
-0.0121315996818231,0.0026100561887372,-0.0034583329438212,0.0005780851098105,0.0005774024933531,0.1306775504296831,0.1306775168013634,0.1306775168013634,False,0.2854822190359397,2.6256864516953417e-05,3.072755302642191e-05,6.234895968677821e-05,2.3745774994010045,0.5071681519501274,0.0717042999903742,0.4211275480594983,-0.3178566339005595,0.733984921418288,0.6001943813599018,3201.118547466227,True,body,high
-0.011627442977464,0.0024153937967944,-0.0040266753309373,0.0002415452275165,0.0002358440122469,0.105358990287428,0.105358990287428,0.105358990287428,False,0.1539784088347926,0.0001729379629201,7.387385066553748e-05,0.0001038211275906,2.340990233514149,0.3996625967043675,0.173167744198481,0.4271696590971514,-0.1798343640192252,-0.377008568276197,-0.9085835905210556,26377.12707742281,True,body,high
-0.0116365797739239,0.0023931112692634,-0.003908672746574,0.0001324559043992,0.000131827374642,0.134824258533535,0.134824258533535,0.1348242249052153,False,0.2246848342514874,0.0001587646124463,6.973861126704587e-05,8.974175302812489e-05,2.27656687682582,0.4347496482666829,0.1259924453746496,0.4392579063586674,0.1093792282458025,-0.5932826582088495,-0.7975286025572966,22565.75270598391,True,body,high
-0.0116063924658518,0.0024397769677161,-0.0040941198448204,0.0003131797345138,0.0002999771376483,0.1265123467499889,0.1265123131216692,0.1265123131216692,False,0.5017057857654665,0.0001308332474545,4.9001446019697264e-05,9.69956213609968e-05,2.6699874816338305,0.258631706786199,0.3668347019970827,0.3745335912167182,0.0601612467311833,-0.5119704202210245,-0.8568937584149261,19130.827193143068,True,body,high
-0.0116679637520663,0.0023926543446436,-0.0039275137986838,0.0001364550759537,0.000136298229809,0.1329489416564009,0.1329489416564009,0.1329489416564009,False,0.733241858555602,0.0001553516572758,6.464416973964419e-05,7.527271297054582e-05,2.40318125983373,0.5154688769306097,0.0684160273361672,0.416115095733223,0.1948194647974563,-0.548766808793772,-0.8129577883889991,24228.807487174992,True,body,high
-0.0114858069702289,0.0023458335591772,-0.0039271146791391,0.0002649960168958,0.0002647863606848,0.1131364808140897,0.1131364471857701,0.1131364471857701,False,0.1830321290150083,9.798345388307624e-05,4.352949455734775e-05,0.0001076427165219,2.4728685140180344,0.0897344748535366,0.5058768589754697,0.4043886661709936,0.9455624977661728,0.0956972400933611,0.3110524088585552,22779.567364826176,True,body,high
-0.0116137595914348,0.0042441212864951,-0.0039088556443669,0.0018352154138795,0.0004232671854765,0.4093798752754799,0.4093798416471602,0.4093845832402398,False,0.1080250480809165,2.067498010841692e-05,1.8413486662959668e-05,4.793576537050944e-05,2.603296499349925,0.568694064888419,0.0471775808308787,0.3841283542807022,0.4628968641363584,0.5309690976720334,0.7097875108016993,7589.578306561293,True,wing_L,high
-0.0112529828204839,0.002594251876243,-0.0032542258432038,0.0007314080250562,0.0006971691377438,0.177929946706726,0.177929946706726,0.1779299130784062,False,0.0686549984691797,4.588861229568625e-05,8.772427279428797e-05,4.29442297311326e-05,2.0427487777407243,0.4768994847834838,0.0335640578230632,0.4895364573934529,-0.8002937869196831,0.5911965342035058,-0.1000825287625946,3437.578780551428,True,body,high
-0.0117283767887446,0.0023729653057982,-0.0039692233940126,0.0001768466015717,0.0001753559062066,0.1242708174711765,0.1242708174711765,0.1242708174711765,False,0.1714193420148223,7.014308372989804e-05,0.0001068141508662,0.0001073052002579,1.5298044304855725,0.0045761937956914,0.3417454796991409,0.6536783265051677,0.4179971389578027,-0.8837937680368142,-0.2102069632585502,20989.052309051018,True,body,high
-0.0114478615905338,0.0024084103650918,-0.0039040997446516,0.0002799777491819,0.0002690714400957,0.1167670614669813,0.1167669942103419,0.1167669605820222,False,0.3869298860126521,0.0001201514851786,4.6788240027585095e-05,7.98127152992815e-05,2.567984713846614,0.335732594727174,0.2748569875986146,0.3894104176742113,0.8304076799301185,-0.5565517407597307,0.025946964569899,14228.16782196195,True,body,high
-0.0121299376302371,0.0009814191596769,-0.0037019435487759,0.0014973664627178,0.0001032559303986,0.530025421472882,0.5300254803224416,0.5300254803224416,False,0.060343982186673,3.69297222893482e-05,1.6795260117647403e-05,3.760867528254296e-05,2.239243394809118,0.0180530951461061,0.5353674922191883,0.4465794126347055,0.2640756300932863,0.1891964591861715,-0.9457635864328088,12490.688079238353,True,wing_R,high
-0.0120636372242237,0.0017875493651941,-0.0039264322899756,0.0007325280096366,0.0002797102266591,0.144105876544335,0.144105876544335,0.1441059101726547,False,0.4051005963707054,5.178092171864272e-05,5.625549371299034e-05,0.0001368660654813,2.643175535286967,0.5889741294516438,0.0326930709859423,0.3783327995624138,-0.5182888393854399,0.7864024121042587,0.3360772607676658,4306.090093953743,True,wing_R,high
-0.0109244150237608,0.0021321581058986,-0.0035032143766086,0.0008830302033441,0.0008774491682428,0.1526370113440924,0.1526370113440924,0.1526370113440924,False,0.4041104674270077,0.0001090122156595,6.0558356367231696e-05,0.0001420566164682,2.345780582399477,0.2326143028763601,0.3410883667155634,0.4262973304080764,0.981454982420237,-0.1743913501813117,0.0795850140694298,6139.707643615985,True,body,high
-0.0108014453775831,0.0022754406735629,-0.0033409586159564,0.001024287791814,0.0010231088232241,0.1299462353608771,0.1299462353608771,0.1299462017325574,False,0.4469891761009684,0.0001273715816857,5.459504184893891e-05,0.000107595402464,2.333024710158488,0.1552636699642505,0.416108208076395,0.4286281219593544,-8.521612169795634e-05,-0.6907695213542924,-0.7230750037901841,6635.800799862626,True,body,high
-0.0113164382475138,0.0023263942699977,-0.0038235546774746,0.0004013204948218,0.000400623649639,0.1123418436192635,0.1123418772475833,0.1123418436192635,False,0.4337873522376026,0.0001080319719548,4.758795277121022e-05,0.0001227081806597,2.5785555695096005,0.1196025287476254,0.4925834517196546,0.3878140195327199,-0.2017790801237745,0.6293772406853062,0.7504461950944609,24960.61825040564,True,body,high
-0.0114521359202697,0.002455372880096,-0.0039660495177472,0.0003077576223673,0.0002793074617313,0.1256166228261044,0.1256166228261044,0.1256165891977846,False,0.1496889303240397,0.0001602176384388,7.04953577606284e-05,7.877746902976232e-05,2.2727402701160533,0.5083096355845694,0.0516928806955082,0.4399974837199223,-0.2760654735083169,-0.4285228472510329,-0.8603232088700716,11461.692839815076,True,body,high
-0.0115626802670844,0.0026109852710558,-0.0037238572812872,0.0002550212549206,0.0001352049026309,0.1083510700339224,0.1083510364056027,0.1083509691489633,False,0.2590370094854057,2.8869140794628968e-05,3.0590015376297224e-05,6.888545506587236e-05,2.3861276494480337,0.5559292546293664,0.0249816827082386,0.4190890626623949,-0.3674882576280318,0.7339865583014251,0.571153318066473,4788.455983737491,True,body,high
-0.0111570837756704,0.0024487631035779,-0.0037215822964776,0.0005564937375267,0.0005300133279715,0.0786675203645561,0.0786675203645561,0.0786675203645561,False,0.6581115387602366,0.0001662575478073,6.126945278554892e-05,0.0001256978127588,2.7135471307248578,0.2439572553749262,0.3875214137525657,0.368521330872508,-0.1532960368278313,-0.3618805406785659,-0.9195340120795256,6268.527865349965,True,body,high
-0.0120396812373203,0.0023984099535092,-0.0031181440121622,0.000757590033278,0.0007322732471558,0.1349978479198953,0.1349978479198953,0.1349978142915756,False,0.1151786287552857,0.0001557240457242,6.795324591903284e-05,0.0001153461917976,2.291635132628807,0.2592910666995998,0.3043392923563515,0.4363696409440487,-0.0333901229604815,-0.6509261055338909,-0.7584064245661204,2499.6419870155414,False,body,high
-0.0116913352474206,0.002399211636741,-0.0040978282445026,0.0002999782305221,0.0002985715489694,0.1617559019157996,0.1617559019157996,0.1617558682874799,False,0.1530842530679206,0.0001519020778147,6.639348224833836e-05,0.0001044907143877,2.2879064732068635,0.312117938800145,0.2508012575434269,0.4370808036564281,0.133518577632658,-0.6304804265675763,-0.7646353517475624,22725.86922698615,True,body,high
-0.011585691702062,0.0023833502038944,-0.0038839701928669,0.000151679990211,0.0001510390998499,0.1452885509203335,0.1452885509203335,0.1452885509203335,False,0.1315335745216921,0.0001617760425713,5.7061556046904594e-05,0.0001068641277843,2.835114458470404,0.3394316853980492,0.307848869003441,0.3527194455985097,0.0659868573469959,-0.4748965697983194,-0.8775642327780099,20359.009231533422,True,body,high
-0.0113778871623481,0.0023412265715075,-0.003837157858385,0.000339531655562,0.0003387415727153,0.1127977427496173,0.1127977427496173,0.1127977427496173,False,0.9514902648889618,0.0001518091752674,6.517628681796027e-05,9.848893198817e-05,2.329208714995908,0.3512320199708176,0.2194376269518468,0.4293303530773355,0.099549844209971,-0.5114735986679944,-0.8535130850686368,26513.85738385405,True,body,high
-0.0117315943160211,0.0024946250689835,-0.0041635672178203,0.0003743750616147,0.0003552968646259,0.1473951297521362,0.1473950961238165,0.1473950288671771,False,0.2468260915798595,4.159035837605846e-05,5.435642619654946e-05,0.0001011696861668,2.432527396182804,0.462720225237046,0.1261847130714676,0.4110950616914863,-0.3456849914872604,0.874387161949806,0.3405128157321208,19918.048526462644,True,body,high
-0.011573969741683,0.0024745717885821,-0.0032468675977926,0.0005707999644992,0.0005704468359503,0.2040815812132396,0.2040815812132396,0.2040815475849199,False,0.2350970059938878,0.0001210324230032,4.9971868307959625e-05,6.835003603520925e-05,2.422011165510089,0.4352749921121708,0.1518449955079547,0.4128800123798745,0.0771863672443644,-0.6713123193116473,-0.7371445140893569,3607.17823477442,True,body,high
-0.0112374078511603,0.0023218660874677,-0.0036564086193212,0.0004994964320552,0.0004991570108569,0.1290418689588263,0.1290418353305066,0.1290418689588263,False,0.1152140111312564,2.8775355105051773e-05,5.8526701956722256e-05,7.410310287873847e-05,2.575228093909048,0.2101990377853039,0.4014858446663869,0.3883151175483091,-0.1182593596063701,0.8492191147983312,0.5146276507598768,10811.79434040684,True,body,high
-0.0112020855325298,0.0023095095909304,-0.0037246786980127,0.0005211632675831,0.0005205596583461,0.13327516998594,0.13327516998594,0.1332751027293006,False,0.2396859336026138,7.72489124572974e-05,4.3339821150503245e-05,9.836286962672507e-05,2.2695725781873217,0.2146537331571611,0.3447346690420375,0.4406115978008013,-0.584468529120179,-0.4094464973863059,-0.7005355838543681,16668.179063872813,True,body,high
-0.0113173130388772,0.0021814643639313,-0.0033275070767275,0.0006544579663812,0.0006291114402368,0.2054249317008284,0.2054249317008284,0.2054247971875495,False,0.0831047371858973,0.0001229875996925,4.465301702292687e-05,4.639881351817488e-05,2.754295406947185,0.6227358397582139,0.0141948985069371,0.363069261734849,0.6135175738581827,0.6639421504434129,0.4275242770086229,5033.934962749156,True,body,high
-0.0121141726514773,0.0010463393568236,-0.0037089487001081,0.0014303315899291,0.0001019212138953,0.254657212115154,0.254657212115154,0.254657212115154,False,0.2611113835817805,1.945562291554576e-05,1.6897858111486227e-05,4.405726770803192e-05,2.607269360256033,0.5584015094971748,0.0580554568433492,0.3835430336594759,0.5496335289749147,0.5059905876630291,0.664737925067469,19267.597210011845,True,wing_R,high
-0.0115804936294899,0.0023748468604161,-0.0040229391814822,0.0002606201416103,0.0002593658295564,0.0843871258663601,0.0843871258663601,0.0843870922380403,False,0.2380510861858789,0.0001907676142414,7.798371028625344e-05,0.0001088393079328,2.4462495249482714,0.4294665351579287,0.1617444227589068,0.4087890420831644,-0.2419847021732888,-0.2333846613785579,-0.941793503772096,25651.060435183543,True,body,high
-0.0115955965826695,0.0024664697394714,-0.0039958478647737,0.0002324164915477,0.0002071564203831,0.1291255025899533,0.1291255025899533,0.1291254353333139,False,0.2975220996541156,8.903938609092517e-05,4.160380652939084e-05,0.0001164695289817,2.7994921305942126,0.2355134697518731,0.4072788820924085,0.3572076481557184,-0.5842194821661629,-0.4365125885602188,-0.6842107545822104,16232.234218163,True,body,high
-0.0120695378405103,0.0025145949233473,-0.004365223867278,0.0006799359806081,0.000675981055925,0.2745353658800251,0.2745353658800251,0.2745353658800251,False,0.1032225574503192,9.187859156544374e-05,3.7276485683104886e-05,0.0001090929201471,2.92658811977602,0.1577951030965925,0.5005100771771069,0.3416948197263005,0.3629050222662364,-0.6855140784829525,-0.6311658997566418,6328.451275717888,True,body,high
-0.0109900996144232,0.0026400908953117,-0.0036320835627196,0.0007699099925829,0.0006666734960714,0.1052952309932515,0.1052952309932515,0.1052951973649318,False,0.1041993943121496,0.0001268623633467,4.236137972466031e-05,0.0001219900681676,2.9947646694067136,0.0384061517578445,0.627677794598412,0.3339160536437435,-0.1797389195541541,0.6071402889306963,0.7739990893758572,4201.1394242538445,True,body,high
-0.0128171228625487,0.001175054517207,-0.0032385886733616,0.0017556156443021,0.0008168877404121,0.145438533226255,0.1454384995979352,0.1454384659696155,False,0.1478984507462098,3.126807721085892e-05,3.61723938488571e-05,7.403733809798389e-05,2.3678251015790592,0.5114303839370191,0.0662411259506333,0.4223284901123475,-0.2170930921159941,0.5347574265954587,0.8166425681144224,4945.423276185221,True,wing_R,high
-0.0125027004087671,0.0013110676158781,-0.0034909965832349,0.0013947528662543,0.0004876205943515,0.1566544521869662,0.156654485815286,0.156654485815286,False,0.1115294837969171,4.258760986211478e-05,3.587183798661164e-05,8.126488071100768e-05,2.265422829500344,0.4759407816820175,0.0826405184717567,0.4414186998462258,0.8902070429163984,0.4536066184029781,-0.0421005520516853,5307.087778915325,True,wing_R,high
-0.0115792916805857,0.0022013083406149,-0.0034843443185022,0.0004007964628627,0.0003408602968557,0.137466099330215,0.1374660320735756,0.1374659648169361,False,0.1530009978160768,8.991788718623016e-05,3.756372566536988e-05,8.177019678265283e-05,2.3937425160445613,0.0906125650695343,0.49163155964426,0.4177558752862057,-0.0729659603718668,-0.6035074590632987,-0.7940117854805254,4448.197687296353,True,body,high
-0.0117055852862698,0.0024977048816663,-0.0039893151769029,0.0002079839270605,0.0001795949844547,0.1476682589648479,0.1476682589648479,0.1476682589648479,False,0.0450690638163028,7.341019041247992e-05,5.084626128421531e-05,0.0001138314235527,2.238737336388567,0.3550973174075529,0.1982223223081288,0.4466803602843182,-0.5691430412661833,-0.3325203785388761,-0.7520015933724092,13375.302808631732,True,body,high
-0.0114361404812583,0.0030324255154544,-0.0041208913047523,0.0007476553278806,0.0002497133910812,0.401390080759388,0.401390080759388,0.4013899294319492,False,0.0539423192195532,2.134773833599868e-05,4.6994528944904144e-05,2.0060637469578244e-05,2.342623907947635,0.545739923023241,0.0273883129657373,0.4268717640110215,-0.9864489433298528,0.0221183986678216,-0.1625707804120666,4903.981802868336,True,body,high
-0.0114271777963475,0.0025008749263608,-0.0040298034911012,0.0003731700469906,0.0003224957380853,0.1992959014065146,0.1992959014065146,0.1992959350348342,False,0.1274281438961949,7.12075311624822e-05,2.8781091120954008e-05,3.5757076183138184e-05,2.474108117139441,0.4978469889435254,0.0979669558584511,0.4041860551980235,-0.8146494448262034,0.5654301181078674,-0.1289769885711474,7783.555650710913,True,body,high
-0.0117021784346014,0.0040669296990771,-0.0038340203911948,0.0016527161554919,0.0004746759312752,0.3761093104414107,0.3761093104414107,0.3760701166347848,False,0.108960115333967,8.312873410644385e-05,3.496595889776249e-05,3.3556724984764275e-05,2.477260046806913,0.5793757805455135,0.0169524284009153,0.4036717910535711,0.4583468111350553,0.6133972660530617,0.6431656044293377,6722.75953020449,True,wing_L,high
-0.0112111994350747,0.0023544836605944,-0.003798726040775,0.0004995841567058,0.0004938717386336,0.0792320053392642,0.0792320053392642,0.0792320053392642,False,0.598696275388856,0.0001783692471889,7.473046845747135e-05,0.0001072830983443,2.386834324349059,0.3985336596131759,0.1825013582770074,0.4189649821098167,-0.1989835058139283,-0.2098818621569786,-0.957264419244504,11487.52111112908,True,body,high
-0.0117608883009028,0.0024637891468293,-0.0039498356848502,0.0001678103123455,0.0001593807490308,0.0633369747169995,0.0633369410886797,0.0633368738320403,False,0.4087368956587669,0.0001929761063777,7.199683134867718e-05,0.0001521990514793,2.680341658970176,0.2113062371489024,0.4156069973436682,0.3730867655074293,-0.1589267628857505,-0.6757650320279447,-0.7197804564774782,12866.17395652598,True,body,high
-0.0116159669317723,0.0023021484971715,-0.0038063718110903,0.000144981376831,0.0001196230501895,0.1065428416546164,0.1065428416546164,0.1065428416546164,False,0.5473888838193732,0.0001148495020497,3.962109323280027e-05,0.0001098707191671,2.8986959389257283,0.0433504960292002,0.6116667872355616,0.3449827167352382,0.8988629230911394,0.1946801444665888,0.3926131516423264,9656.002331258676,True,body,high
-0.0116749455838597,0.0018681862263422,-0.003708564815622,0.0005547271750898,0.0001797414939839,0.1222880244842385,0.1222879908559189,0.1222880244842385,False,0.0541096909482325,6.952113761380687e-05,3.2803495271517385e-05,9.647687344416074e-05,2.941054684740552,0.2794010094652934,0.3805849115077414,0.3400140790269652,-0.1574157009223792,-0.7038629317559977,-0.6926740000916504,3371.904109223695,True,body,high
-0.0114452620767402,0.0036731398827729,-0.0041014493480793,0.0013206783165648,0.0001575013690024,0.3183365885898471,0.3183365885898471,0.3183365885898471,False,0.0838564032536302,2.8237579860266964e-05,6.913060146915154e-05,2.9902721885372604e-05,2.448177280462518,0.5674459465144935,0.0240869020335181,0.4084671514519882,-0.5387288183980645,-0.7436207633216733,-0.3959790658410077,5183.2422010884,True,wing_L,high
-0.0119530898255958,0.0036333600546289,-0.0036937229148416,0.0012477479172048,0.0006185975098753,0.4730252934525725,0.4730252934525725,0.4730233261958693,False,0.0734238725317268,1.7807621940790966e-05,2.0874926713546708e-05,5.100740849449948e-05,2.8643582317782443,0.5907471614481686,0.0601344954250422,0.3491183431267891,-0.6972922089671552,-0.246509441727447,0.6730651309144815,5939.62545175062,True,wing_L,high
-0.0108345694199464,0.002363974046714,-0.0035239939560246,0.0009161926050385,0.0009040089264591,0.1199985748498347,0.1199985748498347,0.1199985075931953,False,0.1126288097741838,7.067077602086012e-05,4.856881172303227e-05,0.0001132557350512,2.3318613536822714,0.3760070870679898,0.1951509500850821,0.428841962846928,-0.5721184747108908,-0.3263448067610688,-0.7524490135514597,5127.028167294778,True,body,high
-0.0113410750164705,0.0019499064774412,-0.0038907874812459,0.0005986984362853,0.0004972598104971,0.1866523593890128,0.1866523593890128,0.1866523593890128,False,0.0176534828797279,5.49106891221835e-05,1.877458306942753e-05,2.22648569617127e-05,2.924735474504352,0.5945259963470779,0.0635627406627305,0.3419112629901915,-0.2992106284432905,-0.6569527134211324,-0.6920159912568368,4284.626931867621,True,body,high
-0.0113429802493754,0.0018664023482171,-0.0038572987817568,0.0006607421726165,0.0005116738249078,0.3112820396803827,0.3112820396803827,0.3112820396803827,False,0.04999204133764,6.208379572052127e-05,0.0001365406609008,8.755819700994756e-05,2.199296278782209,0.3587390273908988,0.1865700745943423,0.4546908980147588,0.842853864928475,-0.5359005424827237,0.0490710805042498,3557.122182679166,True,body,high
-0.0122156844384913,0.0024276135916548,-0.0035408585955231,0.0005702947583838,0.0005480687695376,0.2713931525001705,0.2713931525001705,0.2713931525001705,False,0.0671750812618773,7.792876943421012e-05,2.980486784228884e-05,3.401200878231813e-05,2.6146322757264624,0.5635500338417108,0.053987005961657,0.3824629601966322,0.9889493343469244,0.0493651479213368,0.1397937633282677,3310.0261581945047,True,body,high
-0.0115776903881382,0.0025481205471113,-0.0042578391990029,0.0004954104930995,0.0004425519753099,0.3845713222299973,0.3845713222299973,0.3845712886016776,False,0.0605956268774713,2.037633278515347e-05,4.4783174046567714e-05,2.050106081147089e-05,2.197803428063241,0.5422151009181955,0.0027851537764545,0.45499974530535,0.1070540785089735,-0.6842829344080456,-0.72131566595528,6929.175017364786,True,body,high
-0.0115097749983755,0.0028298274648003,-0.0035662464645867,0.0005151602479321,0.0003004574751016,0.3778532498805047,0.3778532498805047,0.3778531910309452,False,0.007819210093062,2.508062861791936e-05,5.675183532984932e-05,2.3919804345293884e-05,2.372587773319935,0.5580648894939281,0.0204543917545327,0.4214807187515391,0.4506514646680684,0.8327274206095328,0.3216804320401214,4024.541174394205,True,body,high
-0.0108705821556742,0.0023990914678767,-0.0037947820564585,0.0008367240709973,0.0008103229172174,0.2784799173399203,0.2784799173399203,0.2784799173399203,False,0.048332111480117,2.2189838547184127e-05,2.103989479901246e-05,5.91366275118745e-05,2.810690266124818,0.6247699694621838,0.0194455415628962,0.3557844889749199,0.6623857113535633,0.6261908825077763,0.4112543593188602,4081.055037269751,True,body,high
-0.0112026028725569,0.0034508815206928,-0.0033752623232852,0.0012278925827669,0.0006054739733543,0.3983084908328966,0.3983084908328966,0.3983101554347223,False,0.0096384213300557,1.5147171006587396e-05,1.7504409094938694e-05,3.54726211014372e-05,2.341864436996876,0.5065374773157236,0.0664523233738652,0.4270101993104112,0.6238885316140362,0.3522577009667499,-0.6976228294932022,1516.6882186743833,False,body,high
-0.010623251364795,0.0020830184438142,-0.0040045974326163,0.001152041127323,0.0011520409090905,0.2323642255258277,0.2323642255258277,0.2323641246408686,False,0.0088878265453332,2.7091251119936103e-05,2.85829445765448e-05,6.619420433551935e-05,2.443379378917199,0.5681956620905043,0.0225351066846839,0.4092692312248117,0.7003239622185458,0.645228741800674,0.3053296885283774,2077.1467488768267,False,body,high
-0.0111540484768322,0.0026609174013115,-0.0041559735884329,0.0007030424989742,0.0005560247381791,0.6069404442991195,0.6069404442991195,0.6069402677504411,False,0.0150568576612138,1.872726659377213e-05,1.6832669865861867e-05,4.773581423541251e-05,2.835902718690214,0.6076893859730285,0.0396892094176277,0.3526214046093437,0.8483525128713215,0.2328709924526735,-0.4754672594185862,3360.8622647527523,True,body,high
-0.0115139012698793,0.0027156470929475,-0.0035086359169916,0.0004605342755833,0.0003487435003842,0.1492872271608072,0.1492872271608072,0.1492871935324875,False,0.0560325250858722,3.998039124018271e-05,8.562229803493367e-05,4.07958478377544e-05,2.1416073074562134,0.5235371068747794,0.0095238812352242,0.4669390118899963,-0.1806166766003938,-0.4481744323771712,-0.8755097339819982,3889.965307435252,True,body,high
-0.0118268706348796,0.0021645900495371,-0.0031836047320795,0.0006746356667588,0.0005756435684459,0.4391628218508389,0.4391628218508389,0.4391625864526009,False,0.050610472594311,7.58030585349379e-05,2.828792891578064e-05,2.825662540470494e-05,2.682664948458995,0.626823383350124,0.0004129584172552,0.3727636582326208,0.8966388188743204,0.0615133104979154,0.4384688599196646,2504.2195773059434,False,body,high
-0.0125506930722684,0.0017206725905523,-0.0036916967373355,0.0010975131050469,0.0006250340765052,0.4054420915149271,0.4054421503644866,0.4054421503644866,False,0.0090403775890087,3.629911463531796e-05,8.711617139884246e-05,4.033536881571853e-05,2.3999530642568625,0.5369933254865872,0.0463318591208681,0.4166748153925446,0.6684494039117974,0.4233242542367831,-0.6115324768030183,3319.8292775189,True,wing_R,high
-0.0119475625819517,0.002615148721548,-0.0038284946605052,0.0003144940986035,0.0002858996224132,0.1071168434438034,0.1071168434438034,0.1071168098154837,False,0.1008608915545858,7.227758503274477e-05,0.0001244139029495,0.0001208198806215,1.7213345312134374,0.0288876262441608,0.3901677741636494,0.5809445995921898,0.334752820194537,-0.7800421127941805,-0.5286538107678741,4001.1107603536702,True,body,high
-0.0117046884358176,0.0026616846945169,-0.0033792805001268,0.0004867636155845,0.0004517958479885,0.4333805163469295,0.4333804869221497,0.4333804869221497,False,0.0294314314310481,4.556868888296507e-05,1.8051294095509312e-05,1.8521465266870727e-05,2.5244001145769026,0.5935484272009722,0.0103178560298051,0.3961337167692227,0.9559320720438204,-0.2854829443535911,-0.0685081171921391,3176.9891414898893,False,body,high
-0.0117047478573046,0.0019313909180629,-0.0041127918458001,0.0005763446470656,0.0003956205564423,0.242175119660596,0.242175119660596,0.242175119660596,False,0.0527563491462947,4.9165419928884215e-05,1.848994520389009e-05,2.0039986286531903e-05,2.6590354588254987,0.5923967228283836,0.0315270587515348,0.3760762184200815,-0.4240313292045063,-0.8033982600218119,-0.4180295057133952,3755.828399280145,True,body,high
-0.0122411467344789,0.0011861574877665,-0.0035361214235778,0.0013649710712166,0.0002014651787406,0.6483995217975468,0.6483995217975468,0.6483995217975468,False,0.0352703098362933,1.8338358612520423e-05,4.451296398913911e-05,1.5194466926992944e-05,2.9295508821084013,0.5880220733673257,0.0706286754190211,0.3413492512136532,-0.2890030041430025,0.1014781657351954,0.9519345804598864,4591.4967297140165,True,wing_R,high
-0.0122717162338478,0.0022820293069045,-0.004500154886036,0.0009101631582363,0.0008911549244547,0.1813656848751985,0.1813656848751985,0.181365617618559,False,0.0413282314866893,2.363457022585064e-05,2.4506039238950192e-05,6.475504884563506e-05,2.73984456780214,0.6215578603396873,0.0134579315224822,0.3649842081378304,0.5429503214214767,0.8393285803453903,0.0270644172984904,2967.546559893264,False,body,high
-0.011935061466318,0.0035757229736088,-0.0036871115655532,0.0011885259508708,0.0005885872253929,0.4787134543736745,0.478713393422345,0.478711754041759,False,0.0428769239524454,5.761163704915119e-05,2.184542114891726e-05,2.4721854954549247e-05,2.637240850447355,0.5708878236968363,0.04992799984451,0.3791841764586537,0.6537066059854366,-0.558398424785508,0.5107434507539621,5870.370188791996,True,wing_L,high
-0.0117091440577315,0.0027520854178332,-0.0037369927865546,0.0003430802298958,0.0001394775863707,0.1133655905562968,0.113365556927977,0.113365556927977,False,0.0633729517581403,0.0001252288406134,4.774036689449767e-05,9.187552483777044e-05,2.623122710602038,0.2663389328870223,0.3524360500909993,0.3812250170219783,0.8388699458583351,-0.5384692860003477,-0.079674600531853,3512.349806004462,True,body,high
-0.0121426836463318,0.0028793497033924,-0.0040663730482889,0.0006909039090012,0.0005882466291618,0.3103207405330572,0.3103207405330572,0.3103194626569081,False,0.0290530366595454,8.82725322471297e-05,0.0001152411870427,4.1566012019683664e-05,2.772486015454697,0.2340192381535457,0.4052936404594788,0.3606871213869754,-0.7016630885484697,-0.4072942570310531,0.5846197895710893,3983.212309370532,True,body,high
-0.0126727454624633,0.0015550320966311,-0.0034572619431414,0.0013370782183573,0.0007244168863928,0.3915932852976595,0.3915932852976595,0.3915932852976595,False,0.0246798179720371,7.7569526088265e-05,3.8054861401429975e-05,3.317175578291482e-05,2.338420872138982,0.5094096442186843,0.062951340104344,0.4276390156769717,-0.3193274642866678,-0.6204899910995512,-0.7162556397666444,4421.176096209093,True,wing_R,high
-0.0118940622887822,0.0038867389673183,-0.00365538629227,0.001490858240603,0.0006612578039383,0.3722111072131605,0.3722111072131605,0.3722095266821339,False,0.0587648180587004,2.941745697048898e-05,3.301068281364612e-05,7.444047080674736e-05,2.530486264717735,0.5565492472590059,0.0482697893258279,0.3951809634151662,0.4483078489479863,0.7178624278415942,0.5326289583424858,9809.039844765726,True,wing_L,high
-0.0105149328539269,0.0021188220016551,-0.0035849381649068,0.0012468169526273,0.0012467880039122,0.4855778519493198,0.4855777920488753,0.4855776438740916,False,0.0216187314009054,1.813005213721624e-05,2.023307794507227e-05,4.75313026400028e-05,2.621685932299858,0.5743209880378091,0.0442450699023363,0.3814339420598546,0.6499968936927951,-0.7579849263726873,0.0544324313393136,2810.5965211832745,False,body,high
-0.0118650773716681,0.0035535490438099,-0.0037348791825062,0.001151614017768,0.0005020574846178,0.3633720631110277,0.3633720631110277,0.3633742069164095,False,0.0345616420579512,7.094669701400685e-05,2.538653430235612e-05,2.833828666964234e-05,2.794658623702816,0.6005693307463267,0.0416052119622068,0.3578254572914664,0.6158886967769039,0.2620582578340522,-0.7429714548240922,6503.118926807603,True,wing_L,high
-0.0124177806945483,0.0016083971174204,-0.0037249379225012,0.0010772132153711,0.0004698194883492,0.4115248324271555,0.4115248324271555,0.4115248324271555,False,0.0111375259706802,8.425434060442473e-05,3.938097823257704e-05,3.747909841673986e-05,2.248035416102564,0.53259407230458,0.0225730781606437,0.4448328495347762,-0.4302386641485153,-0.8036535884333023,-0.4111393944515382,3517.224660815872,True,wing_R,high
-0.0121290173841925,0.0009711014662688,-0.0037085005411232,0.0015065803462586,0.0001102826006153,0.5816534695561552,0.5816534695561552,0.5816534695561552,False,0.05123369622596,4.0665022806257857e-05,1.5994070199397327e-05,4.7359678885278e-05,2.961077342718088,0.1413577168721304,0.5209273624219953,0.3377149207058743,0.3258748828630886,0.1056998677053812,-0.9394855500144924,11515.348466191592,True,wing_R,high
-0.0125565496541187,0.0026450843897243,-0.004056354744358,0.0009170617884756,0.0009166725763265,0.7154250674111559,0.7154250001545165,0.7154249497120369,False,0.0137029853608686,1.5957169741666232e-05,3.951064894504328e-05,1.8938767982962e-05,2.4760436584111702,0.5206667445704428,0.0754631554000283,0.4038701000295289,-0.4938780636550544,-0.8562170286225105,-0.1515811932172773,3420.003068981905,True,body,high
-0.012734268339967,0.0012161101632556,-0.0034196221887926,0.0016232722776653,0.0006912250469954,0.3647877060789203,0.3647877313001601,0.3647877060789203,False,0.018302094990249,4.251067394991198e-05,0.000108030581095,4.615365828933789e-05,2.541257784393071,0.5727722852036945,0.033721787872473,0.3935059269238324,-0.3577027808782296,-0.6342222137739049,-0.6854275338120789,5231.657245440519,True,wing_R,high
-0.0114295958347924,0.0041500125067194,-0.0043541908486995,0.0018431789567416,0.0003782596883609,0.5359606118270582,0.5359606748801578,0.535954415809151,False,0.0086092128456041,3.5520894539748656e-05,3.236296883917038e-05,7.980556077832106e-05,2.4659530210259555,0.5549070241055458,0.0395702463560172,0.4055227295384369,-0.1529310815431916,-0.7052338563390013,-0.6922841123204049,3370.449279594855,False,wing_L,high
-0.0113998545526291,0.0042363251931604,-0.0040992287647708,0.0018717525986062,0.0002035756764822,0.4824858908388518,0.4824859507392963,0.4823820896738617,False,0.021399357698,0.000110446842765,3.907130842509814e-05,4.2375642958190615e-05,2.826801743197989,0.6163254476334994,0.02991787225752,0.3537566801089807,0.6320031937110802,0.2319297496896617,-0.7394461132144017,5423.954478937433,True,wing_L,high
-0.0123583519312978,0.0013055628004144,-0.0035139020756906,0.0013172357489955,0.000348327095618,0.4270181391421248,0.4270181643633645,0.4270181643633645,False,0.0051861100354896,4.115904697920865e-05,0.0001108674884129,4.7903501366869975e-05,2.69363594519092,0.5679211096726374,0.0608334732228912,0.3712454171044714,-0.627435673006987,-0.7736655618925041,-0.0881253344948242,5599.61566010113,True,wing_R,high
-0.0109233647639383,0.002121274220797,-0.0032358966463184,0.0010084989669564,0.0009980932680073,0.2223198499672898,0.2223198499672898,0.2223198499672898,False,0.2312738059277077,7.885804748043287e-05,3.300130267737372e-05,4.049331422047855e-05,2.3895434750368003,0.4865037175752266,0.0950063028756047,0.4184899795491686,-0.8547825919413813,0.5189364379729863,0.0071898440791828,4450.322033757447,True,body,high
-0.0118368051479473,0.0016909540422977,-0.0031934274676368,0.0009522509353361,0.0005083071489231,0.3289441208044645,0.3289440703619849,0.3289440703619849,False,0.0736137620252263,2.2497658568339624e-05,5.938303071266934e-05,2.895375953205109e-05,2.639520487533648,0.5124236808972127,0.108719627244186,0.3788566918586012,-0.6072005457837268,0.0857391498222601,0.7899090424774872,2634.766773942289,False,wing_R,high
-0.0115953306931577,0.0035235503574713,-0.0043853626236869,0.0012595608175057,0.0004769167848494,0.4194625366760116,0.4194625030476918,0.4194186685329455,False,0.0393767140827182,9.211354385828694e-05,4.023171877871269e-05,3.279924094368957e-05,2.8084047437692057,0.5632377488308602,0.080688219383435,0.3560740317857047,0.4021071283449519,0.7617076125638089,0.5080466221682008,2717.1472045196283,False,body,high
-0.0122437951556262,0.0013790713518167,-0.003648731714429,0.0011759173928661,0.0002372101641376,0.4024765529197665,0.4024765529197665,0.4024765529197665,False,0.0621105237997187,2.777139047225992e-05,2.667261376350912e-05,6.220374787951673e-05,2.3321204450018267,0.5535415241208503,0.0176641560389422,0.4287943198402073,0.2604142187538878,0.8408914148365181,0.4744323588511235,6599.905389108536,True,wing_R,high
-0.0124845926647188,0.0017102666515634,-0.0033617939349242,0.0011363760612639,0.0006416074552234,0.1889297028283199,0.1889297028283199,0.1889297028283199,False,0.0361931580158691,3.888381372851165e-05,8.728840104749127e-05,5.71142571288028e-05,2.244851846502053,0.3456833159570826,0.2088529882724333,0.445463695770484,-0.4173636559462297,-0.9086879336158392,0.0096859690363732,4426.011245391371,True,wing_R,high
-0.0111504761407548,0.0019351219371053,-0.0030691124716473,0.0010353897576054,0.0009529161520646,0.4277509170428383,0.4277509170428383,0.4277508918215985,False,0.0725864224204679,3.01494692929222e-05,9.223880996382708e-05,4.04094468900936e-05,3.0593841990273702,0.5619040737197194,0.1112327620141133,0.3268631642661673,-0.8728486245195861,-0.4447682919465818,-0.2007895543926197,2826.297018795075,False,body,high
-0.011956652142563,0.0012890040626043,-0.0037879721142146,0.0011529650808668,0.0001549369292537,0.4909669457143611,0.4909669457143611,0.4909669457143611,False,0.0848247389002907,1.934131285484018e-05,1.838907624468892e-05,5.255749310874721e-05,2.85808228806092,0.6319970434126132,0.0181179990487936,0.3498849575385931,-0.0122468994058279,0.8701920772857723,0.4925604146538941,5380.616014605256,True,body,high
-0.0108757977376468,0.0018861946557903,-0.0036700071831201,0.0009934365310752,0.0009474135418036,0.2582002750659916,0.2582002918801515,0.2582000564819134,False,0.0264781063414943,1.3336656619506362e-05,1.4460742355215035e-05,3.4736195272375764e-05,2.604565466698016,0.5836981499607398,0.0323606464926402,0.38394120354662,0.2719622751125626,-0.9622342603851876,-0.0119058412793651,2718.5550312390496,False,body,high
-0.0125128159580515,0.0016967287592669,-0.0034466250793385,0.0011350597661302,0.0006254398546195,0.3465945833440853,0.3465945833440853,0.3465945497157656,False,0.0209977138745314,0.0001116249872199,3.988879782421007e-05,4.363252693203066e-05,2.79840439694102,0.609115055520219,0.0335384504944528,0.3573464939853281,0.5567755320387727,0.7857945340934727,0.2693101504061143,5229.414807020444,True,wing_R,high
-0.0117869534479407,0.0033750811481523,-0.0037301231471899,0.0009662251917404,0.0003846776273831,0.3616044829631753,0.3616044829631753,0.3615813046438129,False,0.0237568047907342,7.555946718662821e-05,2.542391858096434e-05,2.757293678022885e-05,2.971983525907052,0.6350829643607062,0.0284414154742057,0.3364756201650879,-0.5931591606447367,-0.1582328311440435,0.7893824049795966,4432.203884526129,True,wing_L,high
-0.0119138396832781,0.0043272507031073,-0.0035991532767681,0.0019341041005483,0.000836345306425,0.3940301867069264,0.3940301867069264,0.3940376101585032,False,0.0255456627746804,2.01649245650201e-05,4.7633085267434914e-05,2.115847195544395e-05,2.3621752272787355,0.5558030340329589,0.0208583463541276,0.4233386196129134,0.6629957051139382,0.7485601264443394,-0.0097176179234655,4362.419041223183,True,wing_L,high
-0.0117814764129391,0.0046707244228379,-0.003771188929121,0.0022575161855753,0.000748338481411,0.7253087668581035,0.7253088341147429,0.7252507075641185,False,0.0697583430426361,2.676625869494991e-05,2.701053005266366e-05,6.009384969403083e-05,2.245134457486543,0.5505275466592942,0.0040648312424227,0.4454076220982831,-0.325201774516044,-0.4368792471448697,0.8386777267018294,10653.495013823824,True,wing_L,high
-0.0129023539331633,0.0010393554248095,-0.0032593215656254,0.0019001812447441,0.0008417304143119,0.4124698975031394,0.4124698386535799,0.4124698050252602,False,0.039010395938714,2.1981405687500505e-05,5.597005432547404e-05,2.482590464312942e-05,2.546245454962001,0.5564430847473694,0.0508218008702964,0.3927351143823342,-0.4685385544163933,-0.8821211507687354,0.0483104377111081,6239.692749554865,True,wing_R,high
-0.0122000959936199,0.0018167468951094,-0.0034973960757909,0.0008313732289756,0.0003744495368147,0.3663077986078424,0.3663077986078424,0.3663077986078424,False,0.0154918834370332,4.0388603506164e-05,1.7641092207778924e-05,3.7673002872732126e-05,2.289461617821738,0.0672368043875897,0.4959792844012541,0.4367839112111562,0.6227363713489146,0.3304296469960666,-0.7092359693256128,4026.972802377119,True,wing_R,high
-0.0118441097748517,0.0045997722141922,-0.0036833219027498,0.0021924965820941,0.0008189563177173,0.5637305966091565,0.563730655458716,0.5637400125386762,False,0.0373504286731859,2.392765285848248e-05,3.226475545322433e-05,5.414223862747117e-05,2.262747581122545,0.404074226128257,0.1539851843235699,0.4419405895481731,-0.6389712980597202,-0.2828900397792911,0.715324335983019,9519.678172272836,True,wing_L,high
-0.0113754774564048,0.0020791450232021,-0.0040179674822278,0.0005202240787337,0.0004791950830744,0.2815959006303985,0.2815959006303985,0.2815959006303985,False,0.1431179541805489,8.203122883995308e-05,3.9643544248942666e-05,0.0001129125172442,2.848194312172623,0.2734974753725527,0.3754028838037168,0.3510996408237304,0.3845880145973788,-0.6046811615420791,-0.6974616490561816,4637.794608778129,True,body,high
-0.0120860525811696,0.0025791373104088,-0.0036522371474183,0.0004382667618403,0.0004367572051671,0.1796217874715041,0.1796217874715041,0.1796217874715041,False,0.0428837441549899,6.663789434497615e-05,7.115451414118754e-05,0.0001662276627717,2.4944915262664424,0.5719454093577823,0.0271712885863791,0.4008833020558385,-0.2119380716571801,0.97686606250632,-0.0285473239662662,4144.671569866367,True,body,high
-0.0113622314895187,0.0047080120139133,-0.0041221485982178,0.0023416567122738,0.0002874468229081,0.4596910782924083,0.4596911077171881,0.4596883964339112,False,0.0127381763109252,1.613098541036725e-05,4.350198016362825e-05,3.4923102051375066e-05,2.6967962004150032,0.1972066117446748,0.4319830171022834,0.3708103711530417,0.7132602284268013,0.403361874423457,-0.5732007020286546,3343.586603793225,True,wing_L,high
-0.0118309298939159,0.0025046701341182,-0.0048108045213413,0.0010236523549144,0.0010065401044907,0.2338190202649465,0.2338190538932663,0.2338190202649465,False,0.0216169563792399,4.183644292122399e-05,5.868839890176014e-05,0.0001017319048939,2.431657612133446,0.4231072448420003,0.1656506481235981,0.4112421070344016,-0.4300287983209025,0.8660536573921067,0.2550025394627194,2318.6104062662607,False,body,high
-0.0112992655304996,0.0017439455099479,-0.0030083255560158,0.0011139039928853,0.0009150077572591,0.3119355220032122,0.3119354883748925,0.3119354379324129,False,0.0136285253965851,3.714405029116629e-05,1.5975137022056376e-05,1.988807338233432e-05,2.325116225286998,0.4645690702431511,0.1053449026049948,0.4300860271518539,-0.8263751675847539,0.2579700109658636,-0.5005552475417094,2258.188548910632,False,body,high
-0.0121387090624587,0.0010718323410509,-0.003324315727131,0.0014880418202201,0.0002891600614727,0.328426480079117,0.328426480079117,0.328426480079117,False,0.0130969653887994,1.843087973700792e-05,2.025359974544689e-05,5.026462093195961e-05,2.7271959694377355,0.5970605294554385,0.0362624839229621,0.3666769866215993,-0.8063744370111883,-0.1489112359536897,0.572351038386088,2768.1765340773763,False,wing_R,high
-0.0117514516449579,0.0018052728502743,-0.0040259677641915,0.0006518501095856,0.0003277829105618,0.2055914591400489,0.2055914591400489,0.205591089228532,False,0.0518484319063059,0.0001298197995807,5.7439648794390754e-05,4.836395990290848e-05,2.6842260195678938,0.5575432331593354,0.0699098975718167,0.3725468692688479,0.5840984305873325,-0.0172155329527822,-0.8115002457242806,4109.476178523016,True,body,high
-0.0112119520278689,0.0025081884770184,-0.0039301282653939,0.0005208325983335,0.0004626688651854,0.2883406318303438,0.2883405982020242,0.2883405982020242,False,0.0774320115948105,0.0002258208353686,0.0001049940597558,9.570682388826002e-05,2.3595061061923337,0.5350559234958397,0.0411265676722988,0.4238175088318613,0.8215249912925732,-0.5537452860854798,0.1358780586402652,5751.277907163333,True,body,high
-0.0117804551424458,0.0045299733976086,-0.0037596356763117,0.0021170035113641,0.0007103100708013,0.4128615581357607,0.412861532914521,0.4128714532688364,False,0.0296500069072314,7.060812468750613e-05,3.12948666472712e-05,3.297097713432336e-05,2.2562206601913384,0.533042730135595,0.0237382099364655,0.4432190599279395,0.5846155720761905,0.2915659625126225,-0.7571089237290209,8338.468069739545,True,wing_L,high
-0.0119481934037307,0.0041010053472333,-0.0040372336620549,0.0017201690803395,0.0006879952385721,0.3457955240252168,0.3457955240252168,0.345795271812819,False,0.0048491612359925,7.528369697679863e-05,3.0702771774532444e-05,2.792971633680407e-05,2.695469444406579,0.5921723692183368,0.0368347404429805,0.3709928903386826,0.333316624791487,0.7093579533321791,0.621056617130832,2909.627511065475,False,wing_L,high
-0.0122476235579375,0.0019980711526549,-0.0040437208306499,0.000725022062141,0.0005154786488193,0.2200113667039281,0.2200112994472887,0.2200113667039281,False,0.0572280388721586,0.0001058918382301,4.229981608937802e-05,7.632425608231076e-05,2.503364033696851,0.2792243731152231,0.3213131489792975,0.3994624779054793,0.4910176390833066,0.8224208074163513,0.2872728557272556,3350.661091650379,True,body,high
-0.0130254702035838,0.0006819121331849,-0.0032022840908376,0.0022573948068084,0.0008647092143363,0.2817802174507473,0.2817802174507473,0.2817802174507473,False,0.0430309877371885,2.028404426129829e-05,1.7299107187443374e-05,4.689473689609102e-05,2.710818332296926,0.567455846777784,0.063651856720487,0.3688922965017289,0.3390031292941825,0.7379314857322397,0.5835529116487734,4780.346148538349,True,wing_R,high
-0.0110483967609481,0.0022351577611332,-0.0034873583909761,0.000750380012898,0.0007495121462493,0.1181021057596009,0.1181020721312812,0.1181020721312812,False,0.0546853892610249,0.0001850865546102,6.93493004732891e-05,0.0001104015073705,2.668902978791471,0.4035141688006876,0.221800049083389,0.3746857821159233,-0.0498914056688911,-0.6424341336752399,-0.7647151309666403,8632.936152495091,True,body,high
-0.0124265611502625,0.0014981844037321,-0.0033862977542854,0.0012358837191125,0.0005190972456587,0.095640506775232,0.095640506775232,0.0956404395185926,False,0.1784235465108386,0.0001138257243949,5.4470122715406384e-05,0.0001399477601735,2.5692572955046287,0.1866556188272569,0.4241268428009819,0.3892175383717611,0.01219165500058,0.6287157839579031,0.7775395980595113,4504.066957320941,True,wing_R,high
-0.0112625637294617,0.0020308529073489,-0.0039630855202783,0.0006098820960225,0.0005666147347935,0.1937656569730164,0.1937656569730164,0.1937656569730164,False,0.0620695651893701,6.197831805578117e-05,9.985680081924483e-05,0.0001641890847151,2.6491374704194266,0.3918182746892719,0.2307003710336794,0.3774813542770486,-0.1963210118637006,0.9329309974279412,0.3018241447249029,4620.179391265167,True,body,high
-0.0111659464523797,0.0022865677422177,-0.0033075352336799,0.000741959210182,0.0007407587999365,0.1720747854481575,0.1720747854481575,0.1720747854481575,False,0.0119219738911832,0.0002317090626706,9.203785144599982e-05,8.248016930513806e-05,2.809269969045148,0.6027870020051458,0.0412486332243534,0.3559643647705007,0.7148700075537138,-0.6604255489021967,0.2297802573272678,4350.451908235489,True,body,high
-0.012146705868315,0.0010338593191577,-0.0037082286157315,0.0014518359053864,0.0001133116721215,0.2502261261256462,0.2502261261256462,0.2502261261256462,False,0.0417979946142927,9.354993465727847e-05,3.5673797333241975e-05,4.1751028088143445e-05,2.622371086077391,0.553703289680544,0.064962426506929,0.3813342838125268,0.5650493341269158,0.7562277708751065,0.3299072726691491,17435.728706888935,True,wing_R,high
-0.0112683480527429,0.0022441622909915,-0.0037910970345588,0.0004708038172715,0.00046852535245,0.1623381426433163,0.1623380753866769,0.1623380753866769,False,0.0419242026477052,4.385362469531693e-05,8.064346942975885e-05,7.06213913532405e-05,1.8389236919421768,0.1242763753517284,0.3319272700840149,0.5437963545642566,0.0259235010365096,0.7314378870331899,0.6814151374209652,23069.39877704247,True,body,high
-0.0125245380685451,0.0010694544013034,-0.0035244145838465,0.0015977310170761,0.0004299941022672,0.3061382182687105,0.3061382182687105,0.3061382518970302,False,0.0413170108661611,0.0001018618478838,3.5576663248251675e-05,3.861059020991301e-05,2.8631647429401794,0.6209514061246998,0.02978472337475,0.3492638705005502,0.5379501670191777,0.8262141126382672,0.1672718083880233,4533.7956549533765,True,wing_R,high
-0.0119256266869537,0.0016267464678983,-0.0039457473743288,0.0008307084099057,0.0002536786698859,0.1435986942264184,0.1435986942264184,0.1435986942264184,False,0.0446143207437925,1.9428663618574685e-05,2.1382233607101768e-05,4.887920914673142e-05,2.515829709460854,0.5625495178755033,0.0399672994434632,0.3974831826810334,-0.7532483336486466,-0.0501687870338902,0.6558201282844901,7471.434249511897,True,body,high
-0.0122488786433815,0.0020268048435376,-0.0039788343882009,0.0006901539314009,0.0004846891291063,0.1665208330492615,0.1665208330492615,0.1665206985359827,False,0.06512997111064,7.374074675696358e-05,3.180564069530614e-05,3.2884840123879344e-05,2.3184801546175486,0.5540479101430591,0.0146350488167695,0.4313170410401713,0.585458331639469,0.5502232398705442,0.5953930871451995,3368.2183249008044,True,body,high
-0.0121316443731228,0.0021873307598462,-0.0039005702214868,0.0004921672471839,0.0003764368448007,0.1523440750510695,0.1523440750510695,0.1523438732811513,False,0.0188948588927282,0.0002278039082006,7.95846956294619e-05,0.0001376040822932,2.8624084869437354,0.3959538122932459,0.2546900407552318,0.3493561469515222,-0.070919408993083,-0.6105725024223894,-0.7887785853544284,3644.186325602168,True,body,high
-0.0123781067848824,0.0010789774736072,-0.0035781526850244,0.0015108569319899,0.0002866162095618,0.3423973150615444,0.3423973150615444,0.3423973318757043,False,0.0120886549374167,8.541302544951984e-05,3.288669050015431e-05,3.2194246071681576e-05,2.6530525131523457,0.6149686733718295,0.0081070120725553,0.3769243145556151,0.5773597668439086,-0.1756848397796473,-0.7973647450831689,4832.639195279999,True,wing_R,high
-0.0112904473011022,0.0020960384470384,-0.0032958163967685,0.0007266220542461,0.0006789331072262,0.1099737373450502,0.1099737373450502,0.1099736700884108,False,0.1164016552204765,0.0001867271394077,7.116489720826986e-05,9.264063070151256e-05,2.6238657924458857,0.5038716332539238,0.1150113130922644,0.3811170536538117,-0.2309665204191227,-0.4893322468329073,-0.8409568470825016,4638.277798114317,True,body,high
-0.0116377452490541,0.0029402179615082,-0.0040790225424154,0.0005997449950759,0.0002217481402443,0.1598542204360102,0.1598541868076905,0.1598541531793708,False,0.0333536543487603,3.3920111148441214e-05,3.291913603539641e-05,7.760452466002296e-05,2.357428960972076,0.5629106511889409,0.0128984117540822,0.4241909370569768,0.9363459565672344,0.345096375104113,0.0645348085159615,4266.265688618138,True,body,high
-0.0121685297155446,0.0019430285014491,-0.003468330396086,0.0007378119943312,0.0004043717857101,0.3452900735657654,0.3452900735657654,0.3452900399374458,False,0.0071384822036241,1.1270557761920352e-05,2.7391126251177565e-05,1.2195237632157144e-05,2.4303257061264096,0.5547741439937008,0.033758373487729,0.4114674825185701,-0.1004863454425231,-0.7740006053354487,-0.6251604252669591,3269.480382201772,True,wing_R,high
-0.0127421142525106,0.00103153878326,-0.0033577314540106,0.0017828125537189,0.0006624207721914,0.3484767099559613,0.3484767435842811,0.3484767099559613,False,0.0181959313216409,8.365138355926596e-05,3.378464705888233e-05,3.704422005827822e-05,2.476017683815736,0.5571595055324715,0.0389661576498196,0.4038743368177088,0.494144466269165,0.8375853604233281,0.2329635389070265,5855.306585170105,True,wing_R,high
-0.0117670059885678,0.002420212180086,-0.0040637980358876,0.0002718648542206,0.0002707745382746,0.0693483058923166,0.0693483058923166,0.0693483058923166,False,0.6880350217842075,0.0001491313990061,6.575967683850285e-05,0.0001099385857406,2.2678243898972963,0.2628072527089448,0.296241497073093,0.4409512502179621,-0.2309289925988404,-0.3636681344462276,-0.90245071243015,13375.1919701865,True,body,high
-0.0117969339453754,0.003286668365722,-0.0044234242042995,0.0010765183552953,0.0006045089909203,0.1580371478086196,0.1580371478086196,0.1580372486935788,False,0.0214140215437915,5.798220376515058e-05,5.501972040691813e-05,0.0001073369797361,1.9508819554576733,0.4598114842837804,0.0275998389885179,0.5125886767277017,0.978194537937644,0.1693972188527206,-0.1201666683982,2502.120621455748,True,body,high
-0.0120714667468305,0.0019052967136092,-0.003590257021219,0.0006599592695388,0.0002492387238235,0.2660719248878507,0.2660719248878507,0.2660719585161704,False,0.007332309800478,7.856064789801572e-05,3.578143230662762e-05,3.648694904224896e-05,2.1955702394692658,0.5355569229824217,0.0089805361144324,0.4554625409031457,0.5592294023701287,0.7595089895469952,0.3322778510855804,3530.344863627919,True,wing_R,high
-0.0114431021899298,0.001740056737699,-0.0037133481820391,0.0007293897036788,0.0004364075603781,0.1523856732825549,0.1523856732825549,0.1523856060259155,False,0.0090402665224477,0.0001759277365321,6.760735625150839e-05,0.0001151476979059,2.6021981376943515,0.345482979683976,0.2702265293213456,0.3842904909946783,0.0125532771939196,-0.6616337482357975,-0.7497220807920375,2851.599629111195,True,body,high
-0.0121909720066697,0.0025694052424256,-0.0036773580094511,0.0005222643862508,0.0005222593379025,0.1427403986223749,0.1427403986223749,0.142740264109096,False,0.0285046762943198,0.0001845273276427,8.239329664973675e-05,0.0001356466772299,2.2395915098184185,0.2648965388337701,0.2885934634206687,0.4465099977455611,0.0642081016327583,-0.6034985950987282,-0.7947746632842407,4378.730361584326,True,body,high
-0.0119187556752766,0.0016266032621935,-0.0039568144759187,0.0008310987665893,0.0002645637140789,0.4084760553336244,0.4084760553336244,0.4084761478115036,False,0.0353810341585421,1.8593459726740427e-05,4.228061848893327e-05,5.1924229087749645e-05,2.792607177515981,0.1857246755174564,0.4561870090004147,0.3580883154821289,0.1993032022221628,0.1704904262019314,0.9649928746666866,7029.380646792379,True,body,high
-0.0120856139995551,0.0016859441860286,-0.0033703807794944,0.0009260648613838,0.0003599565403297,0.1990373668845584,0.1990373668845584,0.1990373668845584,False,0.0250691520600157,3.299604718926203e-05,1.3236984644395012e-05,1.4677333762255743e-05,2.492716285142301,0.5551790286252161,0.0436521717161765,0.4011687996586073,-0.4714668757712904,-0.7542714282817247,-0.4569393805837989,3656.65020212604,True,wing_R,high
-0.0115338081824715,0.0021388278328958,-0.0039840466135302,0.0003747874613533,0.0003216496789261,0.1358268196291488,0.1358268196291488,0.1358267860008291,False,0.0121260345548851,0.0001918551884297,7.312726889058938e-05,8.301560254703708e-05,2.623579293202287,0.5673007166161754,0.0515406111107939,0.3811586722730306,-0.2393689651874008,-0.5875156454873862,-0.7729992657258173,5507.402496849252,True,body,high
-0.0121611000515079,0.0010272380104175,-0.0037015755118538,0.0014629643661228,0.000114759607217,0.1979231597674963,0.1979231597674963,0.1979231597674963,False,0.0267749907046249,8.395292124453754e-05,3.1201590734815165e-05,3.1592274760044074e-05,2.690661574214603,0.6236905840593409,0.0046536084681428,0.3716558074725163,0.6099868704099163,0.7147303473490504,0.3421645050349639,14700.366819955423,True,wing_R,high
-0.0110228618062581,0.0022175868857073,-0.0034864955477397,0.0007775071885608,0.0007761374404341,0.1139008188928543,0.1139007852645345,0.1139007180078951,False,0.0496393536862046,0.000174954558795,6.604299704548607e-05,0.000125748530018,2.6491008376644016,0.2812503378928092,0.3412630878770996,0.3774865742300912,0.1577633673878723,-0.317516209600541,-0.9350369920764332,9091.412836147989,True,body,high
-0.0110210848401037,0.0022005143815477,-0.0035110802776286,0.0007740970771359,0.0007718676939565,0.1044448044160209,0.1044448044160209,0.1044447707877012,False,0.0835448191791112,0.0001615715943914,7.18278479622788e-05,0.0001225290897722,2.2494283063624723,0.2416421324938734,0.3138004672229009,0.4445574002832257,0.0871289520497226,-0.528285754917136,-0.8445843396999193,9322.799981344591,True,body,high
-0.0123055112558671,0.0011206752707657,-0.0038584826763521,0.0014268320786525,0.0003339042270623,0.2311979617698494,0.2311979281415297,0.2311979281415297,False,0.009769920616734,7.495887609354451e-05,2.7301569295531603e-05,2.78889134078046e-05,2.745588551417552,0.6279438158464278,0.0078355512099731,0.3642206329435991,0.6908887035983537,0.652745474080508,0.3107992041617852,4032.8769045043823,False,wing_R,high
-0.012491236520264,0.0017367119089025,-0.0034670830027605,0.0010882383311772,0.0006109406685043,0.1444115243422096,0.1444115243422096,0.1444115579705293,False,0.0798078005724013,3.893921732621718e-05,3.2709528291661205e-05,8.061340416179368e-05,2.464523592116272,0.5169634909838949,0.0772785754345863,0.4057579335815187,0.9639502773917648,0.2652753329499446,0.0207089460049356,4960.373994757103,True,wing_R,high
-0.0114166547608572,0.0023531757401246,-0.0033948463099774,0.0005012286481735,0.0005000621430711,0.3567459978442708,0.3567459978442708,0.3567459642159512,False,0.009553906517691,3.0598914408629085e-05,7.417104809640197e-05,3.0102552554511827e-05,2.463945473131816,0.5874547388239828,0.0066921240410695,0.4058531371349476,0.3309616283453767,0.8699459184667906,0.3655933526555824,4543.421771603162,True,body,high
-0.0105043609632585,0.002335189198088,-0.003369326056218,0.00127958818568,0.0012654945991764,0.1734591961141163,0.1734591624857966,0.1734591288574769,False,0.0250958657559011,3.64286764123944e-05,6.712058696445922e-05,7.949003142013278e-05,2.182073005350458,0.1556100083832738,0.3861101826699158,0.4582798089468103,0.2330209431191607,0.9361902909552596,0.2631520077616032,4880.253122809333,True,body,high
-0.0116210282429186,0.0029689380703886,-0.0041356809673927,0.0006544388935304,0.0002689836207402,0.2367831044352796,0.2367831044352796,0.2367825327538444,False,0.0195531749101051,7.28460629831244e-05,3.4249947127649614e-05,3.245996429413041e-05,2.244181858089623,0.529831184760335,0.0245721286809127,0.4455966865587522,0.5994692121568816,0.1586556232064931,-0.784515810485019,4567.77343917226,True,body,high
-0.0115578678572085,0.0023988505332536,-0.0033197202814085,0.0005019165245274,0.0005004548101885,0.2183349781520583,0.2183349781520583,0.2183349277095788,False,0.0434278368967939,0.000188484068391,9.455261758862984e-05,8.222225651470379e-05,2.292372848674346,0.4983522034739652,0.0654185851312614,0.4362292113947733,0.7724485208213043,-0.5959558785840632,0.2194535792874574,4179.981685915777,True,body,high
-0.0116879684792435,0.0024802605472286,-0.0038412422603209,8.05758851872466e-05,3.319078813711979e-05,0.0754395715835923,0.0754395715835923,0.0754395715835923,False,0.1252156134275737,0.0001731463905808,7.426872669081928e-05,0.0001528668154877,2.3313499274287834,0.117123868566188,0.4539400938897237,0.4289360375440882,-0.0841125756815688,-0.634089298535558,-0.7686714747503623,8117.332235891946,True,body,high
-0.0121291483954315,0.0020992869779396,-0.0038527733562874,0.0005295559385291,0.0003391193358655,0.105638071712729,0.1056380380844093,0.1056380044560896,False,0.0410447600246093,0.0001210218620296,4.4142096114354674e-05,0.0001016837947974,2.741642846231914,0.1597898669533348,0.4754653226953133,0.3647448103513518,0.9216033004899852,0.2710560595870637,0.2778056318491401,3452.9603236931243,True,body,high
-0.0115782336151971,0.0024717743847657,-0.0040859781253536,0.000320061563468,0.0002937974379049,0.1288081185084988,0.1288080848801792,0.1288080512518594,False,0.3053032319536793,9.500514517672268e-05,3.893680360448461e-05,0.0001018390703907,2.61549641889596,0.0671051413552623,0.5505582617465798,0.3823365968981578,-0.1093391652897871,-0.5874135548414963,-0.8018667361365036,16868.0149715124,True,body,high
-0.0127264471151218,0.0009164532725276,-0.0033732452343752,0.00186128479625,0.0006091427527137,0.1423843083449303,0.1423843083449303,0.1423843083449303,False,0.0255760793268703,7.727013241877114e-05,3.3212970202340674e-05,9.557507060909614e-05,2.8776429818481133,0.191524192173423,0.4609691830270792,0.3475066247994977,-0.2082479944228546,-0.7219153153399094,-0.6599023035999627,6225.507529441728,True,wing_R,high
-0.0124224100129835,0.0020116686927385,-0.0041479902923308,0.0008921740938217,0.0007177798968223,0.1814773645249665,0.1814773645249665,0.1814773645249665,False,0.0212813769995081,7.744113603426064e-05,3.330107822620286e-05,2.6623260851122507e-05,2.9087772706473527,0.5699820543506727,0.0862308808606065,0.3437870647887208,0.5893336822086468,0.0010210401769474,-0.8078890817998197,2573.941645239604,True,body,high
-0.011083520292029,0.0021912020693304,-0.0034537436140942,0.0007468560560386,0.0007411845605748,0.1241041555186772,0.1241041555186772,0.1241041555186772,False,0.0791238902079358,0.0001509866200104,6.526809507787052e-05,8.175616120279735e-05,2.313329657167158,0.458520488788064,0.1092021672104876,0.4322773440014483,-0.0462123848296133,-0.5692002432412022,-0.8208992012315013,7827.131923940986,True,body,high
-0.0119664086865889,0.0025767750640385,-0.0031009969119227,0.0007617427215467,0.0007617138975443,0.1038598397946073,0.1038598397946073,0.1038598397946073,False,0.0317686752855587,4.275731041243785e-05,4.540302583399841e-05,0.0001256089570335,2.937718856072564,0.6385367181906829,0.0210631111350884,0.3404001706742285,-0.3745861010871656,0.9270284214568584,-0.0174229355598212,2700.9163863787367,False,body,high
-0.0120842616708488,0.0010544212265686,-0.0037407517942063,0.0014126742803085,0.0001288859451144,0.5243332966135938,0.5243332966135938,0.5243332966135938,False,0.0529889745287998,1.1388511455414387e-05,1.3738202014271831e-05,2.907753386110672e-05,2.553233930083332,0.5275320775174932,0.0808077662322087,0.391660156250298,-0.5479468719920337,-0.465845390029544,0.6947965875436983,13012.50733760732,True,wing_R,high
-0.0106051474831975,0.0024105338566264,-0.0029214551544345,0.0014085194745565,0.00139757487081,0.2332947379464557,0.2332946706898163,0.2332945193623776,False,0.1175137451953724,1.4255148419873932e-05,1.0799735686873764e-05,2.7990992647635755e-05,2.591822009279044,0.4907237267600802,0.1234473095148352,0.3858289637250845,0.2842602536321916,0.8670159883282351,0.4092424515958429,2324.5198471550925,False,body,high
-0.0115299676262315,0.0030515051093807,-0.0033587354293447,0.0007940906630434,0.0005233060084848,0.1481401315470655,0.1481401315470655,0.1481401315470655,False,0.0098662489292414,3.76184680920414e-05,4.348700603504456e-05,9.849780842962816e-05,2.61833650930795,0.5584977297630548,0.0595803910418569,0.3819218791950883,-0.5109013212098961,0.8169810256922742,0.2674356813231576,2515.4579014953742,False,body,high
-0.0114798123732456,0.0023506670927807,-0.0040310619051078,0.0003313316195785,0.0003299275057848,0.0849018745562121,0.0849018745562121,0.0849018409278924,False,0.0311935147592008,0.0001469851356152,5.91437339712675e-05,0.0001322482134295,2.485219071332629,0.1002613095807704,0.49735967621676,0.4023790142024695,-0.270638229762281,-0.4570649588792106,-0.8472582675641969,10076.910783117632,True,body,high
