x,y,z,dist_to_centroid,dist_to_principal_axis,R,G,B,color_oob,opacity,scale_phys_0,scale_phys_1,scale_phys_2,scale_ratio,linearity,planarity,sphericity,orientation_x,orientation_y,orientation_z,local_density,if_keep,part_label,confidence
-0.0127297887378532,0.0012757547457583,-0.0034162026549396,0.0015253206458588,0.0006111958347809,0.5841538276047212,0.5841538276047212,0.5841538276047212,False,0.0765362588693838,2.14673953016952e-05,5.425512494016913e-05,2.3000314139549565e-05,2.5273268683828083,0.5760711238815945,0.0282538993237012,0.3956749767947041,0.6923259985686037,0.1254248831069816,-0.7106006687328588,6178.308360373223,True,wing_R,high
-0.012079558018034,0.0013036218048948,-0.0037212508198047,0.0011248865196578,0.0001305168480156,0.3525270056671951,0.3525270056671951,0.3525270056671951,False,0.1589507042162119,9.834978454027648e-05,4.313472224859653e-05,4.493650342422269e-05,2.2800606892392,0.543095049630534,0.0183201334303715,0.4385848169390944,0.6305872226948854,0.7708343579413758,-0.0904109904329009,11309.49441397986,True,wing_R,high
-0.0114521115139404,0.0022450623403383,-0.0030123395981656,0.0008144495753215,0.0008007259993901,0.2221309092529804,0.2221309092529804,0.2221309092529804,False,0.682066435945529,0.0001055654998762,5.0561017315837714e-05,4.378283529572328e-05,2.411116118069344,0.5210460105329174,0.0642083069568883,0.4147456825101942,0.9963386522447852,0.0765235381721572,0.0381239839033034,2682.085080214702,False,body,high
-0.0123708462374115,0.0006201976106179,-0.0035098259966801,0.0018829856123859,5.911706008495433e-05,0.3770634887920369,0.3770634887920369,0.3770634887920369,False,0.1851735601137323,5.112141237707705e-05,4.2881573671073297e-05,0.0001204334090004,2.8085118779515827,0.5755213374647596,0.068418213636815,0.3560604488984253,-0.6399556559985368,-0.3431764236434333,0.6875221455420804,5813.756552194031,True,wing_R,high
-0.0114342553635463,0.0020756978665498,-0.0028205907526661,0.0010351422961467,0.0009805616967828,0.1961624145756256,0.1961624145756256,0.1961624145756256,False,0.388086295270493,2.553815556009979e-05,2.6023056898850067e-05,7.534683223233629e-05,2.950363116671448,0.6546230793272572,0.006435590248241,0.3389413304245017,0.8601985214424871,0.1799817478369969,0.4771426140617695,2150.5815308109245,False,body,high
-0.0118794393388572,0.0015079112334515,-0.0033140434618515,0.0009870636018936,0.0003401853205609,0.4221141044641686,0.4221141044641686,0.4221141044641686,False,0.7463049209604574,2.708711763844096e-05,7.170376408670983e-05,2.6012139480336343e-05,2.7565500385277297,0.6222357642803091,0.0149919348279214,0.3627723008917694,-0.7763400197520481,0.2934374587370199,0.5578446302881738,3871.4020998090887,True,body,high
-0.0110530296728511,0.0020876980177702,-0.003102635935285,0.0009896225145964,0.0009773659304403,0.2399992664901838,0.2399992664901838,0.2399992664901838,False,0.3980676262043894,5.718734597924234e-05,8.451725734315589e-05,0.0001150217011047,2.011313851607526,0.2652059869449617,0.2376065655561022,0.497187447498936,0.3105105648007262,0.9487415396940532,-0.0589294493957931,2878.423999422954,False,body,high
-0.0119782486773539,0.0026437305904571,-0.0032203515229435,0.0006607030369846,0.0006545914895678,0.3597127554660211,0.3597127554660211,0.3597127554660211,False,0.1794852566853188,3.726169997142277e-05,9.632738515639492e-05,3.857536770024625e-05,2.5851580907546245,0.599538930309214,0.0136375312865665,0.3868235384042194,0.9965679657005234,0.0211169853996987,0.0800397567909184,2902.337550100537,False,body,high
-0.0105561515468329,0.002219158048602,-0.0032969004394719,0.0012725599478613,0.0012629856150816,0.1734615164681766,0.1734615164681766,0.1734615164681766,False,0.7848753405627444,7.887414297023966e-05,4.145659012777268e-05,0.0001245437147754,3.0041958200523795,0.3666951149447435,0.3004371028270778,0.3328677822281786,0.8390398553988209,-0.5375994645760644,0.0836596482173736,4449.915006018369,True,body,high
-0.01273092213925,0.000442423635207,-0.0032432815576116,0.0022362411376203,0.0003761485573635,0.3959253442926914,0.3959253442926914,0.3959253442926914,False,0.2678472018114838,5.169994901174761e-05,0.0001326211125652,5.248541596677717e-05,2.565207801948442,0.6042453953857035,0.0059226388607091,0.3898319657535873,0.6141419806273882,0.356701206505146,-0.7039842874019575,11091.847975035726,True,wing_R,high
-0.0116455345744291,0.0044855922587664,-0.0037219929018623,0.0021164253972224,0.0007022182963774,0.3456848027825606,0.3456848027825606,0.3456848027825606,False,0.7564508044534649,5.082662631309018e-05,5.479079523655157e-05,0.0001364597560574,2.6848084548602045,0.598483854730748,0.0290500953394184,0.3724660499298334,-0.5232402141219916,-0.5661540417447762,-0.6369374218411306,3730.536706201921,True,wing_L,high
-0.0115244310940668,0.0029882983564373,-0.0032104004989636,0.0008562959693587,0.000652634332166,0.1638134170291406,0.1638134170291406,0.1638134170291406,False,0.2795984523357224,7.717513007107119e-05,3.022201342096596e-05,2.979759215140777e-05,2.5899787365008646,0.6083969875640732,0.0054994564851051,0.3861035559508217,-0.8983340628930057,0.4085869476251784,-0.1614082329885477,2130.4348730763686,False,body,high
-0.0126578635663898,0.0008162879531487,-0.0032952658052605,0.0018722416071763,0.00042493220987,0.396323654925536,0.396323654925536,0.396323654925536,False,0.5554351831548485,6.728844178055369e-05,6.498029045701512e-05,0.0001867861812247,2.8745051755091846,0.6397568527857089,0.012357184607575,0.347885962606716,-0.2302187420450559,-0.7439457899894524,-0.6273308476140487,5747.389628466379,True,wing_R,high
-0.0120051191571575,0.0026828754947314,-0.0030106894003097,0.0008643697202645,0.0008601939922146,0.3086129263164152,0.3086129263164152,0.3086129263164152,False,0.3647773789737317,2.582111023057641e-05,7.42967090909695e-05,2.8445211570420085e-05,2.877363073373587,0.6171403563031099,0.0353192136226478,0.3475404300742423,-0.2423004558432435,-0.9633754283463736,-0.1148837375636664,2264.0506492661925,False,body,high
-0.0112927937047374,0.0044135598200018,-0.0040565323640596,0.0021080607066425,0.000246866938189,0.40420177819894,0.40420177819894,0.40420177819894,False,0.1354565321640455,2.258347192644273e-05,5.420294265592825e-05,2.7300449735853515e-05,2.40011557268405,0.4963290109698938,0.0870243860993566,0.4166466029307496,-0.8093171693213523,-0.4192335887278428,0.4113987330122055,5911.527118740173,True,wing_L,high
-0.01225747322965,0.0013642775155488,-0.0035481829463985,0.001158552163695,0.0001820755647994,0.3608311745301272,0.3608311745301272,0.3608311745301272,False,0.6064647482084327,3.6138844144534735e-05,3.645940048778977e-05,9.861303988280914e-05,2.72872700323268,0.6302780998221148,0.003250648632635,0.3664712515452501,-0.694587980048238,-0.2831942642540166,0.6613233298970594,6017.97598465377,True,wing_R,high
-0.0128014710413226,0.0010736536985899,-0.0033091653012759,0.0017452009231654,0.0006337543370692,0.539269625876231,0.539269625876231,0.539269625876231,False,0.601683493261867,3.0147859180544217e-05,3.217306809070098e-05,8.23995044168791e-05,2.7331792922150586,0.6095477962108896,0.0245779258563344,0.3658742779327759,-0.7491894698849244,-0.3342057033319202,0.571858099596362,6267.568845992906,True,wing_R,high
-0.012726803328196,0.0011012841530682,-0.0033480232474764,0.0016691226808553,0.0005654240228891,0.5058042406263275,0.5058042406263275,0.5058042406263275,False,0.3829949025208861,0.000100851312083,4.224696307107472e-05,3.89859987875996e-05,2.586859775801369,0.5810965450179644,0.032334376381625,0.3865690786004106,-0.5716380482205574,-0.2764202239373351,0.7725424270711773,6327.200681575728,True,wing_R,high
-0.0122065343047435,0.0028722495015502,-0.00431008218484,0.0008794077384331,0.0007822220374316,0.3147699353727305,0.3147699353727305,0.3147699353727305,False,0.3272226848456107,5.084878286695933e-05,3.656961503525578e-05,6.920032258347344e-05,1.8922901571908608,0.2651944244100513,0.2063453940475376,0.528460181542411,-0.4210007286562531,0.7822002439348377,0.4592615429787088,4912.577131959292,True,body,high
-0.01257430971267,0.000428346601271,-0.0033392218695328,0.0021620208704339,0.0001994135188019,0.4344854084194309,0.4344854084194309,0.4344854084194309,False,0.7888471509992785,3.289622629277448e-05,8.523140855532839e-05,3.410701764342819e-05,2.5909175051501,0.5998304120330541,0.0142059291425146,0.3859636588244313,0.5917046689987867,0.3416128271331424,-0.7301960428700898,5304.558335959317,True,wing_R,high
-0.0114381214972222,0.0047825871504404,-0.0039423380679552,0.0024349613008888,0.0005384850948119,0.3592208404052543,0.3592208404052543,0.3592208404052543,False,0.1191911072255002,7.446652941791363e-05,3.099204057542252e-05,3.2072096921453055e-05,2.402763033195288,0.5693085581918121,0.0145039167861463,0.4161875250220415,-0.1295953078996101,0.0753405583509067,0.9887005898844092,3815.1518302139625,False,wing_L,high
-0.0122198060229979,0.0009766398681287,-0.0035900609524169,0.0014893387204018,5.873374582630947e-05,0.3888029754694451,0.3888029754694451,0.3888029754694451,False,0.2631543507011123,4.167047670478918e-05,4.7137489611844936e-05,0.0001080964347664,2.5940772296005625,0.5639311350677799,0.0505753304340275,0.3854935344981924,-0.7059277140365257,-0.3325667773351588,0.6253522216863651,6055.398610754968,True,wing_R,high
-0.0124242614491964,0.0011327925731271,-0.0034565457922599,0.0014543078618373,0.0002756301010849,0.396413988999366,0.396413988999366,0.396413988999366,False,0.259859959484189,8.984562698082745e-05,5.24707521955906e-05,3.478330067466529e-05,2.583010388265633,0.415989915605046,0.196864912798702,0.387145171596252,-0.7270962132613681,-0.2523628095102191,0.6384701316718645,7997.1927460013085,True,wing_R,high
-0.0124321701064581,0.0005190316360418,-0.0034457392694502,0.002007465175197,7.17206921913488e-05,0.3820441708176997,0.3820441708176997,0.3820441708176997,False,0.1916897772357219,4.4455522604771226e-05,4.301879118200889e-05,0.0001094322501743,2.5438243885414464,0.5937621447613736,0.0131289580582788,0.3931088971803476,0.3649500125540543,-0.0217819351382382,-0.9307722791523334,5200.61464702853,True,wing_R,high
-0.0111501458963004,0.0027574860929835,-0.0029910433063436,0.0010427189916908,0.0009531345597228,0.1340930443496882,0.1340930443496882,0.1340930443496882,False,0.462737845104573,3.98977384426985e-05,4.551092679771089e-05,0.0001118440711188,2.803268442884102,0.5930859245158839,0.0501876254937738,0.3567264499903422,0.0463766678525698,-0.9896409907328506,-0.1358672666251685,2227.618908698024,False,body,high
-0.0120552398862158,0.0012722003664941,-0.0037417086720528,0.0011469411934412,0.0001598176747897,0.3925042512574541,0.3925042512574541,0.3925042512574541,False,0.1215533242461402,0.0001198239318088,4.266960857110506e-05,4.239419638476013e-05,2.8264230018976453,0.6438974424643873,0.0022984739541369,0.3538040835814757,-0.3651052078764193,-0.5732203662731085,-0.7335643113396668,11670.439784181424,True,wing_R,high
-0.0110163829263817,0.0023908478524098,-0.0035772676373903,0.0007374473772173,0.0007056163923419,0.1052199708137331,0.1052199708137331,0.1052199708137331,False,0.8549289237268671,6.431493963541384e-05,0.0001628107101073,0.0001490962030207,2.5314602024076502,0.0842359024018376,0.5207351735609965,0.3950289240371658,0.2783904979583771,0.2898542119737319,0.9156873191475208,6288.340383803129,True,body,high
-0.0127409815954247,0.0004600849023518,-0.0032383237798026,0.0022267578828552,0.0003928487033013,0.3837238297236617,0.3837238297236617,0.3837238297236617,False,0.2433058480933851,0.000133136494776,4.693066266216007e-05,5.1241876931571405e-05,2.836876515775189,0.6151177254759034,0.0323819120870148,0.3525003624370818,0.2626685949516711,0.8158618252390444,0.5151453109014291,12052.02548589706,True,wing_R,high
-0.0113579806681893,0.0036183917947007,-0.004061940356331,0.0013337615941789,9.974982179891804e-05,0.381040071226459,0.381040071226459,0.381040071226459,False,0.3935332602152325,3.838743391019004e-05,9.76275184779642e-05,3.684033933815288e-05,2.65001680852756,0.6067969921938088,0.0158469107497222,0.377356097056469,-0.3023347800858043,-0.4237994963753814,-0.8538077462886136,6201.771494936875,True,wing_L,high
-0.0114933082778128,0.0034952691857451,-0.0039944780846199,0.001170434470928,0.0001455127335041,0.3640983423389567,0.3640983423389567,0.3640983423389567,False,0.430065247776563,5.4454592849315054e-05,5.112467894436269e-05,0.0001516951342324,2.967160623102429,0.6410261072325132,0.0219513560655768,0.3370225367019099,-0.6445304930569128,-0.4781241617819449,0.5966386925435898,5020.776673361199,True,wing_L,high
-0.0114145051418938,0.0037846814335204,-0.0040432631033827,0.0014737746878553,0.0001634139307192,0.3497257330067542,0.3497257330067542,0.3497257330067542,False,0.1225651153058554,0.0001373228172932,5.366273207046128e-05,5.5583768247224245e-05,2.558997874222426,0.5952328291625788,0.0139891986971127,0.3907779721403084,0.4053588204167363,0.5657531234207169,0.7180582358347095,6697.184732543695,True,wing_L,high
-0.012432083906404,0.0005922120283602,-0.003459045049379,0.001937950800435,9.489037103239937e-05,0.3764564135504119,0.3764564135504119,0.3764564135504119,False,0.3285668028305152,4.047080651423104e-05,9.209957735217944e-05,3.506115809531964e-05,2.6268264471410583,0.560575545754409,0.0587369516173287,0.3806875026282621,0.6824434106641918,0.3777374949604579,-0.625767829264195,5579.146436189468,True,wing_R,high
-0.0117704359455719,0.0042179936163994,-0.0036307993856385,0.0018522656654287,0.0007529461005455,0.4421034166398522,0.4421034166398522,0.4421034166398522,False,0.3310322082863021,2.6719280536986138e-05,7.23652472610127e-05,3.806582314696616e-05,2.7083531370106013,0.4739764653927412,0.1567954652190216,0.3692280693882371,0.5297017421749108,0.2359614108682667,-0.8147013421603782,5897.503986646644,True,wing_L,high
-0.0127207504981781,0.0024487797797622,-0.0042553121374282,0.0011081965318968,0.0010957001107981,0.6443377756434506,0.6443377756434506,0.6443377756434506,False,0.5343291199635141,8.155136033167535e-05,3.515302917568076e-05,3.17619922725463e-05,2.567576984210932,0.5689461336670435,0.0415816105254757,0.3894722558074807,0.1037944790340868,0.7223608803096463,0.6836822834623663,2881.60675865732,False,body,high
-0.0108576982120511,0.0023430425616606,-0.0032245280314892,0.0010268405503504,0.0010135554682517,0.1111650541992149,0.1111650541992149,0.1111650541992149,False,0.6121564784136223,0.0002090991490979,0.000179655270851,7.892651363911237e-05,2.649289059618357,0.1408129988756573,0.4817272458856844,0.3774597552386582,0.3679016293626846,0.928087189912524,0.0574678956684222,4696.019699966521,True,body,high
-0.0123282255560638,0.0010148191922342,-0.0035070692172649,0.0015059254812929,0.0001346923700069,0.374818151106017,0.374818151106017,0.374818151106017,False,0.2893148044565747,8.619834900454944e-05,3.433464962669687e-05,3.7954031030189895e-05,2.510535273892121,0.5596895825906512,0.0419889875536014,0.3983214298557473,0.6603389467475327,0.2161451308389415,-0.7191896535844879,5284.747582861095,True,wing_R,high
-0.0126214724528874,0.0004062787849852,-0.003306219038182,0.0022072548118359,0.0002452741905647,0.3965237770561501,0.3965237770561501,0.3965237770561501,False,0.1647143466969079,3.529700941411957e-05,4.6601563270719634e-05,9.390313744745832e-05,2.66037092110968,0.5037273030755268,0.1203852625576574,0.3758874343668157,0.6020882343084379,0.3426586319680147,-0.7211621315939684,6005.128515148909,True,wing_R,high
-0.0124160891583575,0.0005708564772848,-0.0034546802772849,0.0019525776607911,7.310091792556633e-05,0.4287278701729904,0.4287278701729904,0.4287278701729904,False,0.638993113296261,2.863085116693301e-05,3.202374582244501e-05,7.323195314600666e-05,2.557798673851002,0.5627080195635713,0.046330795639813,0.3909611847966156,-0.6004415863294716,-0.2472850046674261,0.7604735550121241,5608.526017750848,True,wing_R,high
-0.0110144498274605,0.002857036498913,-0.0024569389519215,0.0015699197553927,0.0014962597152774,0.4598459913507078,0.4598459913507078,0.4598459913507078,False,0.45983594169969,2.735705796657908e-05,2.701547628125708e-05,6.486215914107898e-05,2.400925990191754,0.5782277628613028,0.0052662706552682,0.4165059664834289,-0.1129893653539959,0.9913047057917516,0.067441705138808,1392.1835678053471,False,body,high
-0.0127219067857483,0.0013268142761769,-0.0034252148384242,0.0014816722241471,0.0006197220046695,0.5093381997604877,0.5093381997604877,0.5093381997604877,False,0.0437327790661983,3.742744987068377e-05,3.653479099956132e-05,8.699827699779842e-05,2.381244688079454,0.5697909066448419,0.010260650002816,0.4199484433523421,-0.4965092954455263,-0.724510058304829,-0.4780833556518366,5812.75234209977,True,wing_R,high
-0.0113269053762562,0.0040020541532668,-0.004127326013382,0.0017174844624014,0.0001708285252565,0.3727166669646509,0.3727166669646509,0.3727166669646509,False,0.3947424538843603,3.0473400708351945e-05,8.256666110450021e-05,3.4183541780675025e-05,2.7094665900504795,0.5859885658036875,0.0449350987758528,0.3690763354204597,-0.838246735378771,-0.2815696244947893,0.4669699746115324,7198.270453992399,True,wing_L,high
-0.011537087955932,0.0047441497778149,-0.003854301841287,0.0023821261691329,0.0006436747591092,0.4358296122256324,0.4358296122256324,0.4358296122256324,False,0.1073069068759558,0.0001491009664356,5.84277691267631e-05,5.698629102203815e-05,2.6164357034222547,0.6081328610839606,0.0096677985340011,0.3821993403820382,0.6339650666341873,0.3502468989624404,-0.6895037375204758,3982.387215473037,False,wing_L,high
-0.0122546357192643,0.0028978871798903,-0.0043083590474795,0.0009198595899101,0.0008232838169919,0.3546804791908381,0.3546804791908381,0.3546804791908381,False,0.0622810573127089,3.220560812164472e-05,7.951163952290255e-05,4.694534511259717e-05,2.4688755828667133,0.4095789573163684,0.1853783556646045,0.405042687019027,0.3494314422190637,-0.5607231843138339,-0.7506578300142215,4700.053042655295,True,body,high
-0.0110737277499813,0.0027831354314927,-0.0027216914702965,0.0013011761972249,0.0012284778006088,0.2328422689047127,0.2328422689047127,0.2328422689047127,False,0.3058865174820845,2.2490193314361145e-05,5.549621371033303e-05,2.181273715856385e-05,2.544211361779729,0.5947436444628362,0.0122072500176919,0.3930491055194718,0.771237532556895,-0.1317871630173784,0.6227558205584138,1880.7399261191208,False,body,high
-0.0126730657398784,0.0013992874009485,-0.0034394320641037,0.0013946366606523,0.0005971309584394,0.497460097149221,0.497460097149221,0.497460097149221,False,0.0793825273767849,4.0855651171061314e-05,3.857628741964565e-05,9.627301645316108e-05,2.49565271551073,0.5756271832311551,0.0236760396151565,0.4006967771536883,-0.4479280012543229,0.2476737674362974,0.8590798627695903,5203.692506246992,True,wing_R,high
-0.0115684410912926,0.0047893868853184,-0.003769163035527,0.0024233837994053,0.0007245899849043,0.2782098146759827,0.2782098146759827,0.2782098146759827,False,0.7369005672691814,0.0001382417557861,5.0076298199998765e-05,4.7656667430597456e-05,2.900785204660608,0.6377628603221857,0.0175028937938623,0.3447342458839519,0.7106549064831817,0.7026732301039271,0.0349275763071803,3521.024196431705,False,wing_L,high
-0.0127750826228282,0.0010481444662025,-0.0032720642486886,0.0017584283179642,0.0006150226728684,0.4740549043278557,0.4740549043278557,0.4740549043278557,False,0.1420230145717881,5.35858684864014e-05,0.000125624051485,5.444789404026781e-05,2.3443503862756385,0.5665806555620881,0.0068619467663743,0.4265573976715374,-0.3518261483482934,0.112820100783046,0.9292416188471696,6357.694487412998,True,wing_R,high
-0.0128121489731103,0.0010728987475226,-0.0032801837781636,0.0017601563286787,0.00065260809954,0.5165539975138626,0.5165539975138626,0.5165539975138626,False,0.1825098144356167,7.368921679686326e-05,3.1504331082405e-05,2.7967484854314567e-05,2.634817438204321,0.5724702683534826,0.0479967949427436,0.3795329367037737,0.8227190954485317,0.3987389886126268,-0.4051425785381348,6104.981714543728,True,wing_R,high
-0.0115223627227629,0.0031685675402434,-0.0028880880597769,0.0012051426809799,0.0009996772504424,0.2304250652837179,0.2304250652837179,0.2304250652837179,False,0.2133897012960526,2.690283981085205e-05,1.328646107686721e-05,1.1700697118227512e-05,2.2992510223123737,0.5061316511460724,0.0589441103537342,0.4349242385001933,0.9167280629397518,0.3059604942963292,0.2569004370348096,1583.2131983020577,False,body,high
-0.0117910539830105,0.0037406181517549,-0.0036726941303522,0.0013740637505389,0.0005795140918321,0.4454423220617101,0.4454423220617101,0.4454423220617101,False,0.3947962070277022,3.3263243742463905e-05,8.263290944099714e-05,3.041080805514961e-05,2.7172217617875662,0.5974576719192605,0.0345193665164487,0.3680229615642907,-0.6774084169925745,-0.4680722539142331,0.5674735251121975,5482.981298182564,True,wing_L,high
-0.0117473599508405,0.0039976457767162,-0.0036622191614544,0.0016298986573708,0.0006411694308814,0.3886272086493835,0.3886272086493835,0.3886272086493835,False,0.4055348047747237,4.44516223355827e-05,3.63907588860734e-05,9.860532851701374e-05,2.7096255075557005,0.5491965494753882,0.0817487611546109,0.3690546893700008,-0.632855861970331,-0.3382508565394453,0.6964767160645942,7222.924338030713,True,wing_L,high
-0.0105168209264091,0.0021813591686941,-0.0032607378300223,0.0013272081754905,0.0013210924862109,0.2620194265216757,0.2620194265216757,0.2620194265216757,False,0.3500728957488915,4.926835246986734e-05,3.879636045199411e-05,0.0001130522669083,2.9139915598073904,0.5641984560132182,0.0926296509061793,0.3431718930806025,0.7591080411969078,-0.649188579456361,0.0480538249635329,3961.656808454047,True,body,high
-0.0112815507123959,0.004259154516603,-0.0040716947141926,0.0019636674584192,0.0001833248766013,0.3955344907397432,0.3955344907397432,0.3955344907397432,False,0.1128157836185746,3.0537636548427666e-05,7.83716245327774e-05,5.420490698578414e-05,2.566394567192287,0.308360553849257,0.3019877484797842,0.3896516976709587,-0.8165389117641673,-0.3218719674112705,0.4792313034118149,8191.614191073708,True,wing_L,high
-0.0122907595502815,0.0025274729023216,-0.004319217456318,0.0008027479882479,0.0008009226504196,0.5017572044976146,0.5017572044976146,0.5017572044976146,False,0.2961131654704073,8.801858065768786e-05,5.207975250387054e-05,6.57174843191139e-05,1.6900729443970834,0.2533680521991705,0.1549415102281837,0.5916904375726457,0.841009746030501,-0.4200018282897979,0.3410294288106817,5424.190314017224,True,body,high
-0.0121322769293148,0.0012925507761655,-0.0036792574229273,0.0011552573411885,9.958385949226558e-05,0.3985108156184519,0.3985108156184519,0.3985108156184519,False,0.2205405033841994,3.5149911531618e-05,9.130201381482256e-05,3.95343946611258e-05,2.5975033744450453,0.5669931800046722,0.0480217570928976,0.38498506290243,0.6526931336483421,0.3267819614375813,-0.6835241202527637,8671.197561659334,True,wing_R,high
-0.0114185069093474,0.0047578182130856,-0.0039760062028062,0.0024155428900344,0.0005010247625376,0.3261408640731605,0.3261408640731605,0.3261408640731605,False,0.1408733268327248,2.6054643940392228e-05,6.047075081807709e-05,2.7672487137579307e-05,2.320920253465063,0.5423822796440803,0.0267541443640127,0.4308635759919069,0.1237050555007072,0.1395089901199337,0.9824633840094416,3917.029978637052,False,wing_L,high
-0.0121510686418601,0.0012388851009711,-0.0036678577637243,0.0012128335149387,9.760794320247516e-05,0.353034742852387,0.353034742852387,0.353034742852387,False,0.1865800251849386,2.855417375218128e-05,6.952219843027447e-05,3.931110984464078e-05,2.4347473344405075,0.4345531250127704,0.1547266389058151,0.4107202360814145,0.666632264057056,0.2990495696854281,-0.682767002270265,7543.592467382979,True,wing_R,high
-0.0104722628754833,0.0022236552601411,-0.0031635399008976,0.0014018641900269,0.0013920348913379,0.2145930541325958,0.2145930541325958,0.2145930541325958,False,0.4051673206123634,7.106797969840755e-05,5.658268365128135e-05,2.843506770663525e-05,2.499307560355273,0.2038231016077523,0.3960660773543393,0.4001108210379083,0.679832363637123,-0.7301173194551273,0.068968523133544,3448.9138425395304,True,body,high
-0.0117437602803233,0.0044448373667384,-0.0036792677255609,0.0020754983603681,0.0007868832781341,0.5072591299450955,0.5072591299450955,0.5072591299450955,False,0.163137498127293,4.260812523028555e-05,4.024319243359772e-05,0.0001089005136162,2.7060605044182853,0.6087426604760999,0.0217164521833315,0.3695408873405686,0.7658654793965367,0.4599127059244587,-0.4493666324928399,3951.843598353715,True,wing_L,high
-0.0113886401578121,0.00203161319668,-0.0026395252899301,0.0012265063228891,0.0011639025960894,0.2900829318888518,0.2900829318888518,0.2900829318888518,False,0.4015221326543675,3.496339133949019e-05,3.482621844925795e-05,0.0001004520466875,2.8843799631556624,0.6519394826443752,0.0013655559518756,0.3466949614037492,-0.2030269847665339,0.5828592869873366,0.786800543358495,1667.013835824723,False,body,high
-0.0122734610556026,0.0007229223877166,-0.0035909250635096,0.0017451348056559,9.832131172683012e-05,0.3773002405698988,0.3773002405698988,0.3773002405698988,False,0.1977223807265609,3.909177023673845e-05,9.015006084921082e-05,3.5301183730497084e-05,2.5537404506730232,0.5663700072024892,0.0420475202183355,0.3915824725791753,0.6762339053003561,0.3396795591685059,-0.6537013862654102,5551.499544864009,True,wing_R,high
-0.0115278896160139,0.0043124621114733,-0.003836823327655,0.001952717909701,0.0004911219830625,0.371573573120955,0.371573573120955,0.371573573120955,False,0.7117093320594781,5.4866613879110806e-05,6.139831182200837e-05,0.0001632575635694,2.975535613135802,0.6239175050785093,0.040008547231065,0.3360739476904256,0.5420380823260869,0.1741416467145852,-0.822112768534701,3720.193984043579,True,wing_L,high
-0.0124113992257654,0.0022835544708888,-0.0042432011325819,0.0008366051110823,0.000805996854259,0.2150736028212995,0.2150736028212995,0.2150736028212995,False,0.7620655476064343,4.350334924697095e-05,3.921622489143748e-05,0.0001175522818905,2.997542017773864,0.6299233962342418,0.0364699373468988,0.3336066664188593,0.3217296758847259,0.8433894923656986,0.430330314784165,3577.225735728446,True,body,high
-0.0114282564269601,0.0047131257415974,-0.0039812609396404,0.0023706096644654,0.0004922362702011,0.3170754425297976,0.3170754425297976,0.3170754425297976,False,0.3010712059432674,6.185939054435314e-05,5.548330143617571e-05,2.657475955658728e-05,2.3277497737141184,0.1030739076487632,0.4673266520280542,0.4295994403231825,-0.561923768507128,-0.0227169046626915,0.8268770287227077,4182.918004632564,False,wing_L,high
-0.0124428025461526,0.0004617887074261,-0.0034186836922174,0.0020684530101631,6.791172336252605e-05,0.4104577890284914,0.4104577890284914,0.4104577890284914,False,0.1957415110700148,5.956038351334594e-05,4.381725457975365e-05,2.494304401927741e-05,2.3878554464849704,0.2643221551799555,0.3168920253216135,0.4187858194984309,-0.5779049913531671,-0.2915121799698761,0.7622640421129062,4663.897950721682,True,wing_R,high
-0.0127764390588167,0.0003874196013555,-0.0032260661475519,0.0023081773539541,0.0004016380330331,0.5221722125808458,0.5221722125808458,0.5221722125808458,False,0.9766727621932222,9.306816312290833e-05,3.928360181660859e-05,3.4541426470866366e-05,2.694392578181616,0.5779050483167955,0.0509537868441604,0.3711411648390441,0.600605593605558,0.3279143918813557,-0.7292085247216982,10423.219930005776,True,wing_R,high
-0.0126866394663091,0.0024773558039565,-0.0042661254354674,0.0010851122928914,0.0010776890041326,0.5634319182805425,0.5634319182805425,0.5634319182805425,False,0.3624420735021075,9.792992492415334e-05,3.6477798666622e-05,3.2994599716805475e-05,2.9680591904339333,0.6275112158528251,0.0355682795888412,0.3369205045583336,0.108197685638063,0.7155300080168803,0.6901522067268424,3122.560198147281,False,body,high
-0.012260015618177,0.0026021018910425,-0.0043513499385097,0.0008222607370059,0.000810478872418,0.3762446055786974,0.3762446055786974,0.3762446055786974,False,0.6004187348180485,0.000134719933356,6.13576887954854e-05,5.6979824171903526e-05,2.364344490598246,0.5445537474153701,0.0324960420816876,0.4229502105029423,-0.723513166466653,0.5379304801666709,-0.4326193436001815,5032.941100605679,True,body,high
-0.0114096744111038,0.0046099797902775,-0.0039883536786669,0.0022719828569853,0.0004373975388199,0.3080730572717373,0.3080730572717373,0.3080730572717373,False,0.6541460124279318,2.455130345020693e-05,6.397304745860301e-05,3.138129784195998e-05,2.6056884347647054,0.5094606386812066,0.1067636241054913,0.3837757372133021,-0.5299443992701778,0.0241538238284184,0.8476883427750062,4232.420960582494,False,wing_L,high
-0.0107632154209824,0.0024943497032468,-0.0028467001684868,0.0013400184850072,0.0013111019446956,0.2440772719368613,0.2440772719368613,0.2440772719368613,False,0.2639042913701207,4.269525280721697e-05,9.932241933745472e-05,7.490463758250013e-05,2.3263106038024395,0.2458436062858427,0.3242911820930335,0.4298652116211238,0.0483435866312084,0.7372409966945189,-0.673898071242605,2320.910505995621,False,body,high
-0.0104880328738023,0.0023775622794232,-0.0032648859514602,0.0013385983927185,0.0012996508847146,0.2288442316023135,0.2288442316023135,0.2288442316023135,False,0.2959140446632536,3.60503783542874e-05,3.5797474103049296e-05,9.25924047097631e-05,2.586562516763604,0.6106551237405525,0.0027313714556916,0.3866135048037558,0.608235719089556,0.5197625711178503,0.5999134768352621,3619.251196975366,True,body,high
-0.0113119667731692,0.004395161387169,-0.0040466326594815,0.0020849833868804,0.0002599713865155,0.3700038283779762,0.3700038283779762,0.3700038283779762,False,0.2663132072451064,2.82660047320532e-05,7.213146500920386e-05,3.098837580929076e-05,2.551880454736072,0.5703903171059025,0.0377417965500935,0.3918678863440039,0.7861366186298483,0.3687736620446218,-0.4959790348708579,6304.504596893721,True,wing_L,high
-0.0121385555725343,0.0010268324581689,-0.0036795264016829,0.0014083931695578,0.0001399291168808,0.3440303903376235,0.3440303903376235,0.3440303903376235,False,0.2367028778467753,0.0001019288500282,3.74465865296559e-05,6.939878833398152e-05,2.721979744336218,0.3191447925220121,0.3134755449067442,0.3673796625712436,0.6582374515335472,0.38525024484208,-0.6467655728683604,8069.315005207707,True,wing_R,high
-0.0122527789137636,0.0007378131147045,-0.0036023078930688,0.0017235455677379,0.0001091109252557,0.3938079791773406,0.3938079791773406,0.3938079791773406,False,0.2230668853046174,3.428007592956184e-05,8.428471883345993e-05,3.5041001425213726e-05,2.458708638996216,0.5842543949817045,0.0090280362346039,0.4067175687836916,-0.5027442835403202,-0.1958514887885842,0.8419562813512499,5598.069940592851,True,wing_R,high
-0.0113205688614651,0.0035954024628581,-0.0040912250432472,0.0013301515554961,0.0001170807220096,0.3637137184322354,0.3637137184322354,0.3637137184322354,False,0.138575736028167,1.5044610284907117e-05,1.79782953257619e-05,3.450678963135892e-05,2.2936313389238423,0.4789925253022186,0.0850176174658891,0.4359898572318922,-0.7894490520145796,-0.6097844709988078,0.0702359822454679,5622.410704136827,True,wing_L,high
-0.0128253449239976,0.0007368017634704,-0.0032013644429887,0.0020483577811845,0.000576385019082,0.4913111331429546,0.4913111331429546,0.4913111331429546,False,0.5720517189804784,3.943660128628152e-05,4.1619124470581183e-05,9.513007951716178e-05,2.412228143763846,0.5625029992424956,0.0229425140331763,0.4145544867243281,-0.2147596049907996,-0.8281523978970791,-0.5177276484035926,6056.141857425683,True,wing_R,high
-0.0124047049334261,0.0013786215101449,-0.0036248805064278,0.001209616798012,0.0003239601580512,0.8027371659183948,0.8027371659183948,0.8027371659183948,False,0.9945714066442092,7.443209422619652e-05,6.742648722556809e-05,2.8442010709337086e-05,2.616977223827624,0.0941207831575802,0.5237589634084264,0.3821202534339933,0.5386709215780952,0.1264478536341291,-0.8329733360423535,5114.006147940174,True,wing_R,high
-0.0117868183133807,0.0039457087848336,-0.0036551208624717,0.0015795350938612,0.0006572876305466,0.4417445982649709,0.4417445982649709,0.4417445982649709,False,0.1529840206494765,0.0001002374480221,4.432695195907463e-05,3.371338823042765e-05,2.9732237927852725,0.5577805218136123,0.1058842173067435,0.3363352608796442,-0.7596709118458342,-0.4274906805690709,0.49005287849569,6547.894151786657,True,wing_L,high
-0.0113339840810284,0.0040215710306004,-0.0041336551829395,0.0017357252273946,0.0001837868530633,0.4142359559695249,0.4142359559695249,0.4142359559695249,False,0.1336119741486494,0.0001139286245332,4.141845535583093e-05,4.949331645745605e-05,2.7506729440890205,0.5655761081973351,0.070876490738892,0.3635474010637728,0.5768657291364679,0.4882262486000589,0.6548748435584962,7045.647544226617,True,wing_L,high
-0.0115103300440255,0.0036846846866284,-0.0039592525838323,0.0013450506454521,0.0002160705213739,0.3283608880415162,0.3283608880415162,0.3283608880415162,False,0.3585257330964057,9.71175233394721e-05,3.767282323428411e-05,3.703930977488831e-05,2.6220122332116262,0.6120903629039262,0.0065231632522317,0.3813864738438421,0.7158295283048715,0.6965827493335202,0.0485855918743348,5417.549118211781,True,wing_L,high
-0.0121071578821727,0.0010435007916561,-0.003702836733985,0.0013822743651,0.0001664419928325,0.3729006138734828,0.3729006138734828,0.3729006138734828,False,0.22644252190407,7.62906352104633e-05,6.786594454863339e-05,2.8822649598635905e-05,2.646898750560182,0.1104288965295502,0.5117704793293251,0.3778006241411247,0.637314436238319,0.3513991532225095,-0.6858199067369921,7846.845251020453,True,wing_R,high
-0.0113129922120777,0.0032444082828778,-0.0032272323731591,0.0011078718081561,0.0006939345826712,0.133818435490909,0.133818435490909,0.133818435490909,False,0.1486874038727682,2.7431410175961862e-05,7.309338329922923e-05,2.670692487122561e-05,2.7368700684061533,0.6247073409686985,0.009911776853595,0.3653808821777064,-0.6237285396824694,-0.7703227402358019,0.1325352204554679,1812.3393967070256,False,body,high
-0.0121899105211984,0.0028604509339191,-0.0043206232550409,0.0008704006657937,0.000774205733957,0.3185752992173322,0.3185752992173322,0.3185752992173322,False,0.3658186481562887,5.059463695257796e-05,5.1857965726785285e-05,4.340670667319962e-05,1.194699384065543,0.0243613253335697,0.1386080263396388,0.8370306483267914,-0.5355348895319925,0.8290616684549623,0.160807748546613,4835.0118442524845,True,body,high
-0.0113971466981065,0.0033679826229868,-0.0040762361872489,0.0010946123508106,0.0001398514240057,0.2633875442667334,0.2633875442667334,0.2633875442667334,False,0.8139513538773473,3.805896261207432e-05,0.0001144048011716,6.903559851801475e-05,3.0059884274243385,0.3965672960313712,0.2707634259112799,0.3326692780573488,0.7787447738105436,0.5446511652044526,-0.3113064173835763,4824.3573363422265,True,body,high
-0.0113270670165416,0.0041445609561786,-0.0040696531039976,0.0018429866021917,0.0001901289440155,0.3401303627730287,0.3401303627730287,0.3401303627730287,False,0.2813481903007033,9.714253355097352e-05,3.784772837389091e-05,3.724432715028142e-05,2.6082504634598966,0.6103897336172408,0.0062115038753119,0.3833987625074472,0.8284102450994268,0.5523957350206242,0.0927114758017148,7265.600944267191,True,wing_L,high
-0.0113512367277866,0.0038946443542334,-0.004121116029894,0.0016086008787202,0.0001678798952062,0.3962970969600424,0.3962970969600424,0.3962970969600424,False,0.1987386149321527,3.3865098254252555e-05,7.70192558250706e-05,3.2901560013767336e-05,2.340899817298713,0.5603034865570709,0.0125103551074766,0.4271861583354525,-0.7985257164776415,-0.2720372835438968,0.536984540267154,8469.472431204933,True,wing_L,high
-0.0116275799128993,0.003884117924892,-0.0037976434261111,0.0015164752385115,0.0004389549658574,0.4014352015573633,0.4014352015573633,0.4014352015573633,False,0.6126282441163714,3.416535583899233e-05,3.144267931943168e-05,7.582445981874311e-05,2.411513950462973,0.5494151106296841,0.0359076283044963,0.4146772610658195,-0.4722476125130517,-0.3929888029524717,0.7890133035822052,6045.541142329749,True,wing_L,high
-0.0125097410778626,0.0027362998504092,-0.0041478906696244,0.0009423018346471,0.0009297878252005,0.1788730193047669,0.1788730193047669,0.1788730193047669,False,0.4255717160571162,4.969342524058005e-05,0.0001325147245709,0.0001473200464914,2.9645782269633005,0.1004976734196013,0.5621862149983718,0.3373161115820268,0.1983298969183865,-0.5787054588715517,-0.7910532496997968,3802.404923722136,True,body,high
-0.0113546205901555,0.0041943954164851,-0.0040284478523808,0.001879175394041,0.00023394239258,0.3775800534111536,0.3775800534111536,0.3775800534111536,False,0.1384248498703561,4.6688440771838025e-05,5.087022136984655e-05,0.000123410157841,2.643270064300584,0.5877955084105954,0.0338852220203291,0.3783192695690754,0.6096471463617448,0.128716445558856,-0.7821524362780412,7551.632905453134,True,wing_L,high
-0.0123738284209443,0.0027472630102653,-0.0041010739248832,0.0008177899232092,0.0007931841040486,0.1695319800530333,0.1695319800530333,0.1695319800530333,False,0.4792020869011859,0.000156420700549,0.0001581839606597,5.562481221417032e-05,2.8437661964726613,0.0111468956992479,0.6372067554411391,0.3516463488596129,-0.0148144798661644,-0.6004606007078521,-0.7995171031215407,4831.371144949216,True,body,high
-0.011000087148604,0.002128378563915,-0.0035256542979753,0.0008051581352423,0.0008044365505145,0.2071029175978846,0.2071029175978846,0.2071029175978846,False,0.8052895913144275,9.97363588518027e-05,0.0002660090257633,0.0001515983823729,2.6671218884039747,0.4301006067824353,0.1949633978482614,0.3749359953693033,-0.6567234334168826,0.7540429724306447,0.0115554199014865,5368.08512207087,True,body,high
-0.0128194572938289,0.0009042914595153,-0.0032080890293346,0.0019120263296102,0.0006277993620771,0.4324807570246793,0.4324807570246793,0.4324807570246793,False,0.2733041759924708,2.6107324438259725e-05,6.0950724988519465e-05,2.657361911610424e-05,2.334621655032466,0.5640147164597373,0.0076503549044304,0.4283349286358323,-0.7458893238438413,-0.647256068431585,-0.1571900074885963,6633.506091104265,True,wing_R,high
-0.0113498247079431,0.0038869764750274,-0.0041177852997837,0.0016009434602391,0.0001635187127528,0.3898531794870128,0.3898531794870128,0.3898531794870128,False,0.2059637566316717,3.079053333747186e-05,7.025361214987457e-05,3.050070186653775e-05,2.303344115072632,0.5617231286017678,0.0041255027615633,0.4341513686366688,-0.8747356908044641,-0.3112191124618227,0.3714567744318472,8388.07354392311,True,wing_L,high
-0.0115105782903388,0.0040697520021027,-0.0038380513367949,0.0017138108159875,0.0003908995411645,0.3591459753584926,0.3591459753584926,0.3591459753584926,False,0.2310660239218566,8.08889468268715e-05,3.2320189142210306e-05,2.9536903120918263e-05,2.738572371508553,0.6004375083361394,0.0344087311119178,0.3651537605519427,-0.5086510632589522,-0.2237116759938702,0.8314007348262035,4984.604744325543,True,wing_L,high
-0.010822117101675,0.002150889298573,-0.0037189488750889,0.0009340552937975,0.0009311385392023,0.3370793493962367,0.3370793493962367,0.3370793493962367,False,0.5259611469297962,8.050814879825542e-05,0.0002078370035406,0.0001056587662001,2.581564806085652,0.4916267825257592,0.1210112586953444,0.3873619587788963,-0.7432346671313255,0.6622195760587157,0.0952232254169258,3284.76058867866,True,body,high
-0.0106887736211012,0.0023507656434469,-0.0033962857998571,0.0011043369811995,0.0010751062356241,0.2357632583833331,0.2357632583833331,0.2357632583833331,False,0.4067124329977487,7.90855690599482e-05,0.0002025023014693,9.636753850742636e-05,2.5605468086831555,0.5241163295024764,0.0853420890630944,0.3905415814344291,-0.7035876462143495,0.706916288458127,0.0723449045001604,5351.595857115952,True,body,high
-0.0127520147996755,0.0012102832677654,-0.0033503178178196,0.0016031357172221,0.0006253635948968,0.4783752270393077,0.4783752270393077,0.4783752270393077,False,0.1170551813402313,2.2037532557216133e-05,5.1681315113291006e-05,2.367090956269834e-05,2.34514980200758,0.5419832194515725,0.0316047879567629,0.4264119925916647,-0.740395578483307,-0.5745579088582867,-0.3488518263256797,6447.614989331798,True,wing_R,high
-0.0113924148491874,0.0038881381783097,-0.0040660451785625,0.0015819559563092,0.0001769467880243,0.3512958056258504,0.3512958056258504,0.3512958056258504,False,0.1929710269771985,5.241883636686812e-05,5.020382684327843e-05,0.0001186676758854,2.363717735221869,0.5582719896068289,0.0186656518471598,0.4230623585460113,-0.6864025668046907,-0.2304370673556888,0.6897465290035477,8172.681854156532,True,wing_L,high
-0.0126997999567322,0.0007170115458211,-0.00326446099453,0.0019833502796,0.0004380563734807,0.3999458284984993,0.3999458284984993,0.3999458284984993,False,0.2467464744437991,7.623339739078102e-05,7.3556936600496e-05,0.0001774820608005,2.4128528049568634,0.570472660465363,0.0150801764314248,0.4144471631032121,-0.1950497888049008,-0.7323297056058702,-0.6524176439784435,5695.278585054975,True,wing_R,high
-0.0116862721503853,0.0035280364785493,-0.0036968187511973,0.0011596994561638,0.0004118892191614,0.2703584259167509,0.2703584259167509,0.2703584259167509,False,0.2076126983436194,0.0001168949399087,4.547608784984666e-05,0.0001337990106321,2.942183836788585,0.126339280414406,0.5337771312468358,0.3398835883387583,-0.5556928588524249,-0.4472106161648099,0.700862405476217,5442.749866938161,True,wing_L,high
-0.0128106445876854,0.000461299893416,-0.0032030506819689,0.0022667908477237,0.0004662099741786,0.4387221059068357,0.4387221059068357,0.4387221059068357,False,0.1968116931829097,3.751417856322012e-05,3.727374846232803e-05,9.435768572328386e-05,2.531478308886739,0.6024258302261111,0.0025480711936617,0.3950260985802272,-0.3794842098386098,0.0077554481287714,0.9251657081342172,14915.230310527371,True,wing_R,high
-0.0116008102834814,0.0038871670993568,-0.0038329819511263,0.0015226274750921,0.0004025736400793,0.3620837958111295,0.3620837958111295,0.3620837958111295,False,0.4251061884708725,0.0001116651807955,4.432475379284816e-05,4.19532684814988e-05,2.661656286561623,0.6030566244818265,0.0212374644849278,0.3757059110332456,0.6577287136858057,0.7532120687844616,0.0080323490117643,6033.355963038584,True,wing_L,high
-0.0117818092558511,0.0039910094675143,-0.0036519503278916,0.0016247442437841,0.0006709384595643,0.4491731529392071,0.4491731529392071,0.4491731529392071,False,0.1580771369396345,4.423404780715107e-05,7.909009450198155e-05,2.922953238533763e-05,2.705828251349495,0.4407131754528019,0.1897142178966231,0.3695726066505749,-0.7665850571379992,-0.409885745297646,0.4943086343313493,7034.905265604951,True,wing_L,high
-0.0116049250789337,0.0039493265173413,-0.0038311333813363,0.0015841210310732,0.0004287911911764,0.3831865500596016,0.3831865500596016,0.3831865500596016,False,0.2323962391213239,5.377425963113456e-05,3.1296806639585706e-05,9.045121311174462e-05,2.8901099768222864,0.4054887957699237,0.2485036100486558,0.3460075941814204,-0.5510355992804813,-0.2986082731635604,0.7792258129219523,5949.807825232211,True,wing_L,high
-0.0122478402602493,0.0007332051753502,-0.003598129176048,0.001726827248794,0.0001073641239622,0.3356070006742276,0.3356070006742276,0.3356070006742276,False,0.5597787175397312,7.140051736217324e-05,2.8318348870521128e-05,2.9710280600759827e-05,2.521351710462888,0.5838926425412735,0.0194947009022111,0.3966126565565153,-0.5279821209864364,-0.6527522400109544,-0.5432765346297821,5558.6657439192,True,wing_R,high
-0.0111583381215424,0.0023620167495825,-0.0035578792065568,0.000607689450955,0.0005915142477477,0.1247851289928723,0.1247851289928723,0.1247851289928723,False,0.4638740597445757,0.0002055085065122,0.0002092803938484,7.588131823242269e-05,2.757996285823517,0.0180231280474631,0.6193948028104795,0.3625820691420574,-0.1303506061723205,-0.3512315756502452,-0.927170480406249,8099.735584059062,True,body,high
-0.0113820889271731,0.0039280976859295,-0.0040796083611455,0.0016250298043798,0.0001820060449721,0.381676495584114,0.381676495584114,0.381676495584114,False,0.1525208426737926,5.309351389756388e-05,5.295490756016162e-05,0.0001317759759958,2.488456350266993,0.5970926149754221,0.0010518331308476,0.4018555518937302,0.6438502304007023,0.583287162482509,0.4952100230165638,8425.285246812546,True,wing_L,high
-0.0122125526266343,0.0023367541376902,-0.0043914913243747,0.0007901091987176,0.0007851799976495,0.3072479191909311,0.3072479191909311,0.3072479191909311,False,0.5155795412502864,2.445402442038049e-05,4.263706665860972e-05,7.048997959682191e-05,2.8825512882891418,0.3951329408452255,0.2579521563522913,0.3469149028024831,-0.7991055826225875,0.0119078404956884,0.601072766939365,3677.878514438218,True,body,high
-0.0118409410204971,0.0044851672288934,-0.0036696047284147,0.0021191497274363,0.0008841036249017,0.823467108207445,0.823467108207445,0.823467108207445,False,0.9937097074194504,2.47827102023754e-05,6.181115250577288e-05,2.347543725708883e-05,2.633013895709563,0.5990576263715386,0.0211494672448386,0.3797929063836228,-0.8936606089496626,0.3756717073321355,-0.2454414071053958,3446.334452787476,True,wing_L,high
-0.0113203978246552,0.0042176832604561,-0.004049442088239,0.0019117768968063,0.0002074481042398,0.3726824585564224,0.3726824585564224,0.3726824585564224,False,0.1341948808142133,0.0001044358216004,4.272991735028007e-05,4.092081022394471e-05,2.5521445208168108,0.5908499909756427,0.0173226685883418,0.3918273404360154,-0.556041082950959,-0.1029232571866383,0.8247576111808959,8307.790564768615,True,wing_L,high
-0.0116980161740445,0.0024760820913833,-0.0041910557166694,0.0004369048914902,0.0004007537128198,0.3246327180048165,0.3246327180048165,0.3246327180048165,False,0.297929571767805,8.071325480523773e-05,3.0775121022168235e-05,5.550161235489943e-05,2.62267871333788,0.3123606216993028,0.3063498231163714,0.3812895551843257,-0.4918056058624709,-0.5788543319752602,-0.6504267125477883,24690.809272658684,True,body,high
-0.0122254614738361,0.0026983196248334,-0.0040359246830659,0.0006524810566935,0.000624149688222,0.1475054642691157,0.1475054642691157,0.1475054642691157,False,0.2369196194817182,0.0001821981998608,0.0002344220429553,9.547804781168955e-05,2.4552454551408407,0.2227770154895557,0.3699317306334925,0.4072912538769517,0.0340264995265537,0.5116067699888502,0.8585456949001289,4741.707067904363,True,body,high
-0.0126434954338424,0.0011559928614003,-0.0033250246926491,0.0015844403353279,0.0005206874352252,0.2185897294880467,0.2185897294880467,0.2185897294880467,False,0.4940257117201523,0.0001123161944695,3.863125283852389e-05,4.082511560751077e-05,2.9073919745491024,0.6365162138876024,0.0195329157949934,0.3439508703174042,-0.522228205426792,-0.7745729992861778,-0.3568113930825735,6331.555304090924,True,wing_R,high
-0.0118643378483474,0.001607346242131,-0.0032594756090824,0.0009277229090921,0.0003993766289484,0.2469056322088313,0.2469056322088313,0.2469056322088313,False,0.2027343322776767,2.0047364729924475e-05,4.7921093066681176e-05,2.0837374450610124e-05,2.3903936358852147,0.5651732229560089,0.016485636493858,0.418341140550133,-0.4907621120801386,-0.5919313465243924,-0.6393511009988653,3591.677024442705,True,body,high
-0.0114002635999477,0.0022241274733076,-0.0036272528914053,0.0003862465443111,0.0003822278700169,0.1310342123885628,0.1310342123885628,0.1310342123885628,False,0.3937729077959781,7.561043016564885e-05,0.0001591176376234,0.0001751522203772,2.3165087143872607,0.0915465571566338,0.4767693339992042,0.431684108844162,0.1282411071524433,0.9604661005623152,0.2471013721267778,8080.953330054488,True,body,high
-0.012760576899108,0.0004770466103974,-0.003251461440261,0.0022181577523386,0.0004090031776987,0.4030673520546503,0.4030673520546503,0.4030673520546503,False,0.101107733120008,6.718578198744953e-05,6.227467821889506e-05,0.0001514105507028,2.431334131838607,0.5562675013361676,0.0324356773405587,0.4112968213232736,-0.1458816255755184,-0.7139174152935761,-0.6848652973103421,11717.582323685485,True,wing_R,high
-0.0117645741738854,0.0040267389956137,-0.0036691929077893,0.0016587850034268,0.0006611497401801,0.4563536945520174,0.4563536945520174,0.4563536945520174,False,0.1699963760626968,2.840427857401187e-05,7.662100781889187e-05,6.390463146297638e-05,2.697516418846676,0.1659646188154171,0.4633240138641383,0.3707113673204444,-0.7407780510244761,-0.4553136982849821,0.4939001065746302,7542.285308218597,True,wing_L,high
-0.0117784475616906,0.0042417929932073,-0.0036313930342874,0.0018761474431949,0.0007671554374575,0.4782269597776916,0.4782269597776916,0.4782269597776916,False,0.0919107456668739,5.111907227809397e-05,3.109613499526838e-05,8.142297976881813e-05,2.618427652864497,0.3721788072208258,0.2459126077143839,0.3819085850647903,-0.5614088606206368,-0.2480384637767123,0.7894916159807694,5541.022648683052,True,wing_L,high
-0.0113597024059408,0.0039080354487994,-0.0041154939302118,0.0016181225141339,0.000173695515417,0.4164408219727697,0.4164408219727697,0.4164408219727697,False,0.1314765137729011,9.760080104052903e-05,4.139871020526676e-05,4.0820716317903416e-05,2.390962477983823,0.5758363685142726,0.0059220199137846,0.4182416115719428,-0.6382370269739053,-0.2034817290189826,0.7424612335704511,8688.855322851496,True,wing_L,high
-0.0115367777332753,0.002379486166746,-0.003986170385959,0.000290537759138,0.0002717795691623,0.2537377634117117,0.2537377634117117,0.2537377634117117,False,0.6643253938311965,6.332821591815968e-05,0.0001046118594448,6.818818136303496e-05,1.6518996773889576,0.3481792434920022,0.0464571174880845,0.6053636390199132,-0.516901796793424,0.2487040382669987,-0.8191207687645435,17246.197622060008,True,body,high
-0.01177865797877,0.0022659188504382,-0.0044081928186601,0.0006507470247215,0.000650594817216,0.5004625320208558,0.5004625320208558,0.5004625320208558,False,0.4300284829965595,3.4043454161050394e-05,8.397422090215486e-05,4.232887104216191e-05,2.4666774559624733,0.4959301725289872,0.0986661953168404,0.4054036321541722,0.8489130893469738,0.1907468147156682,-0.4929119793748203,5077.624754160038,True,body,high
-0.0123010624863673,0.0026731534431818,-0.004050399744908,0.0007062099490099,0.0006911795003201,0.1260264175301311,0.1260264175301311,0.1260264175301311,False,0.6405206345198923,0.0001644055465726,0.0002057863113737,6.94081870759316e-05,2.9648708609641283,0.2010860903470619,0.4616310913129797,0.3372828183399583,0.1751466555968856,-0.5776790937038239,-0.7972518508794788,5130.111656058152,True,body,high
-0.01203800206722,0.0014823674689975,-0.0037562147869207,0.0009413486976085,0.0001361890419109,0.1987186040419956,0.1987186040419956,0.1987186040419956,False,0.8440120158367116,6.553004626652412e-05,2.8400919807174246e-05,2.786628859362856e-05,2.3515885887117065,0.566596982220005,0.0081585660930442,0.4252444516869507,0.5533942049560199,0.0649463000054193,-0.8303835451384505,8378.242280960714,True,wing_R,high
-0.0111520846238105,0.0021769443016704,-0.0035612805999709,0.0006424357764775,0.0006416728462669,0.1353323488160839,0.1353323488160839,0.1353323488160839,False,0.8190684133813062,5.162338592375888e-05,8.789963268038431e-05,0.0001229093334546,2.380884772575916,0.2848416779284706,0.2951463956152629,0.4200119264562664,0.3898667265419798,0.8748490002341367,0.2874772379246268,7046.813460125389,True,body,high
-0.0127688815234094,0.0004662455724717,-0.0032386383039839,0.0022342522887794,0.0004176369257575,0.3546380738796796,0.3546380738796796,0.3546380738796796,False,0.0828869737267182,6.809557752386398e-05,6.354413110665677e-05,0.0001482478366487,2.33299022375432,0.5406639377464508,0.0307016042870819,0.4286344579664671,-0.1537523488697481,-0.7263262259569843,-0.6699331524145675,13514.762123441187,True,wing_R,high
-0.0110063817291966,0.0027761841054075,-0.0036792556063283,0.0008326005545418,0.0005835465960949,0.1816835061248092,0.1816835061248092,0.1816835061248092,False,0.148799704345779,4.821760142867184e-05,0.0001050618196499,4.595570589235204e-05,2.2861539739176244,0.5410549561267156,0.0215291867574274,0.4374158571158569,-0.6657635509835557,0.7227146119177695,0.1855868634960837,5159.485256852298,True,body,high
-0.0116991148513354,0.0033225133709122,-0.0044152529267272,0.0011509217040681,0.0005689295505901,0.3362449467133495,0.3362449467133495,0.3362449467133495,False,0.2000287637590207,4.153763915404091e-05,1.976364411050943e-05,1.803417323955597e-05,2.3032738236612182,0.5241991477364268,0.0416362341764242,0.4341646180871489,0.6313344464894819,0.4407034286254738,-0.6381201334181288,2703.880094149876,True,body,high
-0.0106926818998539,0.0023622613986017,-0.0033666463810798,0.0011108654140374,0.0010806649254871,0.1458675969574774,0.1458675969574774,0.1458675969574774,False,0.3827247007841262,9.383742853851568e-05,0.0001902067309859,8.067723893713774e-05,2.357625688382192,0.5066555844154106,0.0691888743009335,0.4241555412836558,0.4380489494290335,0.3792800204580964,0.8150213395889865,5357.15064445813,True,body,high
-0.0119021354447005,0.0017533256168334,-0.0038921916170055,0.0006538098068205,0.0002257736203053,0.1560628291582494,0.1560628291582494,0.1560628291582494,False,0.980234801380985,9.27741337790112e-05,3.357955030330868e-05,7.527199511743796e-05,2.762816444562986,0.1886532155963158,0.4493972955160222,0.3619494888876619,-0.8178038913587653,-0.5706579791480073,-0.0744732577048524,3522.8589211755475,True,body,high
-0.0120847392353702,0.0014240288241932,-0.003728772274113,0.0010128058379423,0.0001243681103796,0.3482352922487393,0.3482352922487393,0.3482352922487393,False,0.3137968910692535,5.443164376604814e-05,5.906020249396831e-05,0.000133776044481,2.457688859370744,0.5585143609001467,0.0345993092102204,0.4068863298896328,-0.6249576262733556,-0.1043811742417285,0.7736488452952609,9256.900441970574,True,wing_R,high
-0.0121037689394256,0.0010679854936524,-0.0037033558584754,0.0013578063667915,0.0001615588892078,0.3943889168074685,0.3943889168074685,0.3943889168074685,False,0.131837680437734,2.0579945417237045e-05,4.3127523965852845e-05,1.8267700337584576e-05,2.3608622414897424,0.5228118026545724,0.053614139348302,0.4235740579971255,-0.5272745856672704,0.0319560858033143,0.8490938227837601,7551.721120335031,True,wing_R,high
-0.0127527702502095,0.0007736375781975,-0.0032350572775772,0.001971222837894,0.000514747612504,0.4290523246086646,0.4290523246086646,0.4290523246086646,False,0.2383810081279783,6.242588966599302e-05,5.8461044072782805e-05,0.0001590890359971,2.721282839202163,0.6076040735633791,0.024922180012973,0.3674737464236478,-0.2392558247930729,-0.7236882021673665,-0.6473268388892519,6529.173240048347,True,wing_R,high
-0.0122607580710889,0.0028764345779552,-0.0043047818050528,0.0009091948438419,0.0008223742754846,0.2595732857315675,0.2595732857315675,0.2595732857315675,False,0.158267757995389,5.881440966070892e-05,3.2657724535207705e-05,5.633274822516784e-05,1.8009340974537942,0.0421947861052655,0.4025378104878995,0.5552674034068349,-0.3475386292723279,0.7455926688438451,0.5686022100993134,4959.453299681278,True,body,high
-0.011193342023173,0.0023857850507764,-0.0032932932014985,0.0007154836599097,0.0007071473185911,0.2135405549822078,0.2135405549822078,0.2135405549822078,False,0.2105621524042196,3.4706228255492106e-05,2.2956026583926285e-05,4.957598630665911e-05,2.159606590688129,0.299938723542242,0.2370139768653986,0.4630472995923593,-0.7301919623185744,-0.4368560207273875,0.5253346698244674,3905.7364025628153,True,body,high
-0.0117479765027168,0.0042006829024142,-0.0036413680828462,0.0018338711458119,0.0007239721136242,0.3953152677235319,0.3953152677235319,0.3953152677235319,False,0.2585409002770201,3.241714912768536e-05,3.000473132897389e-05,8.236438561875162e-05,2.7450465966751363,0.6064178845728553,0.0292895743783977,0.3642925410487468,-0.521423875244866,-0.1920764910387111,0.8313986792838212,6192.0170339887845,True,wing_L,high
-0.0114357528469155,0.0030736991728636,-0.0040689629518389,0.0008183139382148,0.0001854734372117,0.1521046750430303,0.1521046750430303,0.1521046750430303,False,0.5717591661875823,2.4493959523771165e-05,5.975171262796545e-05,6.073551226983498e-05,2.4796118492353885,0.0161980957285535,0.5805129781000542,0.4032889261713922,-0.919253455650458,-0.3936620200324081,0.0018161108709854,4552.949302472111,True,body,high
-0.0117343164963538,0.0041942194188739,-0.003656832659076,0.0018263222506228,0.0007029200181529,0.3892962945125599,0.3892962945125599,0.3892962945125599,False,0.1541463086071436,0.0001078265250297,4.099502518055465e-05,3.86661207500797e-05,2.788656398366669,0.6198057465985087,0.0215986226935614,0.3585956307079299,-0.5195303753087498,-0.191028528928525,0.8328242853489284,6115.773297850338,True,wing_L,high
-0.0123590974172238,0.0025866398715032,-0.0043642338979345,0.0008941824125379,0.0008891410926035,0.2631703053213852,0.2631703053213852,0.2631703053213852,False,0.5164558702494417,4.3291159306133e-05,4.0281282315968586e-05,3.939551532987022e-05,1.098885468146397,0.0695263660850497,0.0204606899028661,0.910012944012084,-0.4271542067128069,0.8323847904996887,0.3530932514681384,4948.388367154567,True,body,high
-0.0114739852050359,0.0031689067714426,-0.003927115315561,0.0008522139738474,3.003193135308899e-05,0.3156823893856725,0.3156823893856725,0.3156823893856725,False,0.126509873375279,3.122025342360509e-05,8.632816639018134e-05,7.511387557118001e-05,2.76513342857461,0.129903034987626,0.508450763904644,0.3616462011077299,0.7537771712564729,0.5000188391434588,-0.4263814449459754,5216.527357635138,True,body,high
-0.0122887787770679,0.0017519018862383,-0.003516020506835,0.0008724012018286,0.0003556838798331,0.1167583517321756,0.1167583517321756,0.1167583517321756,False,0.5328060365367704,0.0001029195058457,4.314142801549598e-05,0.0001142543898955,2.648368288933112,0.0992074270422618,0.5232015845069411,0.3775909884507971,-0.1839406285831012,-0.6615205709064012,-0.7270188301716282,3318.8181087875405,True,wing_R,high
-0.0111237944816086,0.0023757154218535,-0.0036566828792867,0.000614852193952,0.0005883584849475,0.1085495107485508,0.1085495107485508,0.1085495107485508,False,0.664718487208621,0.0001484893691168,0.0003319558659339,0.0001285311059583,2.5826889410068743,0.5526834005507881,0.0601232428965079,0.3871933565527039,0.2768581162030042,0.3441214064669332,0.8971789348305852,8646.424989367059,True,body,high
-0.0110620443992759,0.0027629028343493,-0.0037923160148636,0.0007733516993784,0.0005097982380931,0.243155839162556,0.243155839162556,0.243155839162556,False,0.1174224170128964,5.071463403025088e-05,2.1336035240947994e-05,2.6718235816255257e-05,2.376947425214205,0.4731651656932388,0.106127169765177,0.4207076645415841,-0.5856843512792907,-0.3671462043507676,-0.7226185060579201,6309.837881273377,True,body,high
-0.0110374738856464,0.0022654763426145,-0.00370297922428,0.0007020686133291,0.0006933833465323,0.1791539166593324,0.1791539166593324,0.1791539166593324,False,0.671019212459953,0.0001190215201093,0.0003257521830702,0.0001337134179648,2.736918355361909,0.5895241078521165,0.0451014563190267,0.3653744358288567,-0.6641676289458955,0.747546986970541,0.0074069515762628,6239.8596211940485,True,body,high
-0.0128003650417994,0.0004560295800324,-0.0031752084157153,0.0022734538087205,0.0004698892569303,0.3622059002400086,0.3622059002400086,0.3622059002400086,False,0.0784565104153039,9.624093312074015e-05,3.83417729190844e-05,3.540546587535916e-05,2.718250720370273,0.6016063885105698,0.0305099602478028,0.3678836512416273,0.4945493441522808,0.2292518801956511,-0.8383701578809373,14912.959950142103,True,wing_R,high
-0.0125280451536323,0.0007579432771703,-0.0033759055103408,0.0018428114565515,0.0002618640711211,0.3223895745666579,0.3223895745666579,0.3223895745666579,False,0.3014186830266554,7.711649320648912e-05,3.235503783196098e-05,3.0010855508594e-05,2.569619955832509,0.5804394561183391,0.0303979372751058,0.389162606606555,0.7395538633031649,0.2797257787708007,-0.6122201989190106,4880.301844128069,True,wing_R,high
-0.0108283141409273,0.0024099080298849,-0.0034794818145428,0.0009460515394943,0.0009047476329482,0.1334697770721211,0.1334697770721211,0.1334697770721211,False,0.3019135484743846,0.0001204446078103,0.0002653217918198,0.0001057773816376,2.508303644051965,0.5460432896060602,0.0552808952184773,0.3986758151754624,-0.2852325130323708,-0.4766183268797427,-0.8315511914437939,5405.924706904765,True,body,high
-0.0114056818811674,0.0026954475881924,-0.0039380399135698,0.0004880395983266,0.0002265694194982,0.1438361101635946,0.1438361101635946,0.1438361101635946,False,0.0930907101184025,0.0001249632769134,0.0003032768707216,0.0001312616042471,2.426927960056483,0.5671888728776473,0.02076758217233,0.4120435449500226,-0.4792749246653458,0.8461536617927381,-0.233065499853082,6408.0451255193775,True,body,high
-0.0122097931632096,0.0025001920937445,-0.0037700977960022,0.0004982883970747,0.0004972700773808,0.1854660531544854,0.1854660531544854,0.1854660531544854,False,0.1210613198912476,9.046941601387888e-05,0.0002180688280921,9.236301323246284e-05,2.410414897104312,0.5764501784114711,0.0086834841785985,0.4148663374099304,-0.3894907229139306,0.8816751937649181,-0.2663565832931058,4351.978468471888,True,body,high
-0.0122340379467084,0.0014176782582712,-0.0035363001796734,0.001103931055549,0.0001831086801607,0.4249107868589686,0.4249107868589686,0.4249107868589686,False,0.3041592602123028,2.030033876387656e-05,4.6008591391494895e-05,1.961494835949316e-05,2.3455881987692235,0.5587706958655277,0.0148970090944819,0.4263322950399902,-0.4359542926483218,-0.5439511107411243,-0.7169805045083155,6142.691158040358,True,wing_R,high
-0.0120972945351813,0.0011232875827528,-0.0037104704554765,0.0013026351206432,0.0001559345086832,0.3185960142622757,0.3185960142622757,0.3185960142622757,False,0.2422584288845324,2.0453352497311524e-05,4.8764205978701695e-05,2.208276466523455e-05,2.3841668980726496,0.5471521739761447,0.0334141023158398,0.4194337237080155,-0.8216970079474775,-0.3096403854922926,-0.4784734671874167,7590.301723584761,True,wing_R,high
-0.0113009972933785,0.0043482896744796,-0.0040581695332267,0.0020433914304629,0.0002321197379772,0.391602726448419,0.391602726448419,0.391602726448419,False,0.1078662925945053,8.202927308636538e-05,3.569680306873503e-05,3.707818594495847e-05,2.2979445226065787,0.5479883637891035,0.01684012090134,0.4351715153095563,0.5501918717389775,0.5259544783124336,0.6485836808118566,7281.7926086505,True,wing_L,high
-0.0120344131821091,0.0026806518107348,-0.0032200954091363,0.0006996438826759,0.0006915171867617,0.3273400499541382,0.3273400499541382,0.3273400499541382,False,0.3134748330659374,6.286386241724169e-05,5.11723360414213e-05,2.7128894800401704e-05,2.31722902387866,0.185981674148831,0.3824684057978785,0.4315499200532905,-0.4554296759854239,0.7987792272537394,0.3931101071452254,2768.3995232070765,False,body,high
-0.0118119488014226,0.0023438315261787,-0.0042692626008767,0.0005089094630564,0.0005082219996585,0.2579457927565609,0.2579457927565609,0.2579457927565609,False,0.8507779249315492,0.0001137744990647,0.0001794455965107,0.0001089936080229,1.6463864236245351,0.365966614522812,0.0266425654056213,0.6073908200715665,-0.3373544813310886,-0.5565921490311092,-0.7592082280657688,7123.586429613595,True,body,high
-0.0110069486013838,0.0023095921247233,-0.0035279409255903,0.0007629074013435,0.0007511211321002,0.1851333009309219,0.1851333009309219,0.1851333009309219,False,0.1645460243120639,3.497773206569544e-05,7.828094145693516e-05,5.833940668444156e-05,2.2380222168180404,0.2547431648284924,0.2984337462471388,0.4468230889243686,-0.5060362295605552,-0.2254876726103898,-0.832515852024985,6610.208819631113,True,body,high
-0.0119583010153307,0.0014408661058418,-0.0038605146416821,0.0009628476628354,0.0002544672079137,0.3601075771606955,0.3601075771606955,0.3601075771606955,False,0.1473838933905246,2.058367480252736e-05,5.055441177948825e-05,2.0391145644305388e-05,2.4792335193587576,0.5928411769024103,0.0038083552245006,0.403350467873089,-0.7541404728443941,-0.1263893305859105,0.6444360979430614,7075.621389003111,True,body,high
-0.011917790311388,0.002101955949376,-0.0042688395174885,0.00059935515361,0.0005520320560477,0.2916151894624303,0.2916151894624303,0.2916151894624303,False,0.3363264495846923,7.031849719024241e-05,2.9015068780621304e-05,3.064005863662859e-05,2.423516474212428,0.5642674422672348,0.0231089957968097,0.4126235619359555,-0.261764645910381,-0.734366090125373,-0.6262473279985998,3800.965135413998,True,body,high
-0.011507517786666,0.0027191053118021,-0.0040094351904683,0.000477582658364,0.0002009015479475,0.129421162776873,0.129421162776873,0.129421162776873,False,0.1134922951020708,0.0001139190636637,0.0002719164335961,0.0001187230856867,2.3869265147644225,0.5633839260222436,0.0176672735792258,0.4189488003985305,-0.4972909806184651,0.8329021408889398,-0.2428491389693321,6496.289317568827,True,body,high
-0.0128348265955587,0.0004874300648915,-0.0031991721859928,0.0022575489038779,0.0004969526308816,0.4423470201878556,0.4423470201878556,0.4423470201878556,False,0.3085971925030831,9.290233597202087e-05,3.918470977743236e-05,3.58436599779209e-05,2.591876388439327,0.5782160979328496,0.0359630332709575,0.3858208687961929,0.4723765882791172,0.3405712624219745,-0.8129400802384419,11645.796718761529,True,wing_R,high
-0.0119851823179537,0.0014872207119551,-0.0038439673544018,0.0009237186633065,0.0002230524875376,0.3173903044872735,0.3173903044872735,0.3173903044872735,False,0.2067876967371159,6.29754113887668e-05,2.9739507250204603e-05,2.7291963404609788e-05,2.3074709010539656,0.5277600162607374,0.0388650711701645,0.4333749125690979,0.7486690311251921,0.2424686968198562,-0.6170118417798371,7374.939140167294,True,body,high
-0.0119003050667555,0.0024342663389077,-0.0041103228068629,0.0003881740130872,0.0003838071900798,0.0920841774522675,0.0920841774522675,0.0920841774522675,False,0.90937558741424,0.0001774029493486,0.0002517624704566,0.0001062681238553,2.369125014376653,0.2953558605184461,0.282547376359447,0.4220967631221068,0.0448892049553115,0.4646505300093503,0.8843556096053837,7509.925578225717,True,body,high
-0.0111421268424978,0.0022427535468923,-0.003603097864063,0.0006225053133305,0.0006212209658427,0.1304788070601773,0.1304788070601773,0.1304788070601773,False,0.177670079922952,0.0001361390176637,0.000318164721597,0.0001250045180139,2.545225777852667,0.5721115245575973,0.0349960221671294,0.3928924532752732,0.2360069740568562,0.3672512997076806,0.8996817165306549,9142.12622539029,True,body,high
-0.0118177573973847,0.0025773634981308,-0.0041911714108214,0.0004790750335716,0.0004198324565426,0.1433478605896767,0.1433478605896767,0.1433478605896767,False,0.8303830015747578,4.667250333970756e-05,0.0001191578073988,0.0001121712569699,2.553062271623628,0.0586327541717756,0.5496807557983329,0.3916864900298914,-0.0708438644633562,0.6195988134922523,0.7817150741714594,10644.744036716116,True,body,high
-0.0117673172689472,0.0040640524196871,-0.0036667845880776,0.0016962275819656,0.0006776589865255,0.4640933574225417,0.4640933574225417,0.4640933574225417,False,0.1209207443509637,7.03792135428527e-05,2.9947213668677267e-05,7.906415214760785e-05,2.6401171415257085,0.1098467303935785,0.5113821975690248,0.3787710720373967,-0.7223472047054158,-0.4531454849839766,0.5223731284177131,7550.503344279158,True,wing_L,high
-0.0119402809296861,0.0028639510370992,-0.0042140710549011,0.0006975362809462,0.0005212564438246,0.1928517064998473,0.1928517064998473,0.1928517064998473,False,0.0443416400499038,8.590447444905818e-05,0.0002242032763433,0.0001298230185716,2.609913834887095,0.4209584235831083,0.1958871647145375,0.3831544117023541,-0.3765587810278337,0.9060717716562776,-0.1929700210874399,3830.98195665019,False,body,high
-0.0124727277323719,0.0016501028426629,-0.0034671689794927,0.001079135216174,0.0004970690050362,0.1473217863868414,0.1473217863868414,0.1473217863868414,False,0.327848444252087,7.564663690994858e-05,2.9988053571378875e-05,2.856427838242308e-05,2.648295045202243,0.6035771741303277,0.0188213944084611,0.3776014314612112,0.7767619296517964,-0.2246326592241631,-0.5883715433750165,3694.692920685363,True,wing_R,high
-0.0115591677422249,0.0032205054372084,-0.0042880458712701,0.0010100865145277,0.0003953056361315,0.2809437298120378,0.2809437298120378,0.2809437298120378,False,0.1296426298887188,6.451717341140867e-05,2.9173500744996107e-05,2.6229384441074307e-05,2.459728841763324,0.547818058318139,0.0456330640083681,0.4065488776734928,0.4553617542064576,0.3992497635613249,-0.7957671136094049,3578.870273447744,True,body,high
-0.0113456306765547,0.0028108152275098,-0.0039694694801192,0.0006167143082475,0.0002491563720554,0.1753960528163258,0.1753960528163258,0.1753960528163258,False,0.2248657616842705,1.982161140749193e-05,4.747874963030504e-05,4.2993362632332365e-05,2.3953022110180004,0.0944714642423884,0.4880446811524754,0.4174838546051361,-0.5599006479048518,-0.2201085838540911,0.7987887554225299,5680.396814616707,True,body,high
-0.0111075634500226,0.0022703576009984,-0.0036231204545376,0.0006455249988904,0.0006405621462977,0.147153140363479,0.147153140363479,0.147153140363479,False,0.6157886705692718,0.000121076985453,0.0002748580053519,0.0001116339297043,2.4621367901311246,0.5594925994679554,0.034356124125203,0.4061512764068415,0.2899017834287032,0.3749095701563786,0.8805678680090574,9102.196330277697,True,body,high
-0.0115363565165868,0.0027434924425912,-0.0040468463760677,0.0005031862599294,0.0002194812256679,0.1351003470383815,0.1351003470383815,0.1351003470383815,False,0.1286150527915532,0.0001151675758472,0.0002991749853448,0.0001171056590228,2.597736239074478,0.6085713553627873,0.0064780923223709,0.3849505523148417,-0.5411058956799362,0.8225378823994631,-0.1750309734824701,5395.890024391204,True,body,high
-0.011152803881223,0.0025978514827361,-0.0033062039725608,0.000771993674959,0.0007015753310111,0.0870722126821914,0.0870722126821914,0.0870722126821914,False,0.207850818718849,0.0001238103144154,0.0002381271647885,9.773390214509904e-05,2.4364847771556573,0.4800663984499539,0.109506247611313,0.410427353938733,-0.1928819163251314,-0.6016651058138113,-0.7751100997927973,3344.08178263864,True,body,high
-0.0113605764107459,0.0022876054725282,-0.0038399249581274,0.0003840869601765,0.0003808521553665,0.1208898934638368,0.1208898934638368,0.1208898934638368,False,0.2002159604886282,0.000105076549312,0.0002495470343586,0.000106195838665,2.3749070177173364,0.5744455992514147,0.0044852841306389,0.4210691166179462,-0.5512561847378263,0.8143606600156932,-0.1814754369249439,26375.695365855787,True,body,high
-0.0114361270830565,0.0022829124299114,-0.0039322654730682,0.0003467841896249,0.0003449246895681,0.148935205910048,0.148935205910048,0.148935205910048,False,0.1333109323769469,0.0001112889931868,0.0002848856805454,0.0001167594591627,2.559872925322089,0.590153289069458,0.0192023199109457,0.3906443910195962,-0.5480889630287353,0.8195673056481454,-0.1670566374578536,14768.93962822176,True,body,high
-0.0125043747699364,0.0011618997842588,-0.0033856700756195,0.0014868875731127,0.0003809360969617,0.3253686233392634,0.3253686233392634,0.3253686233392634,False,0.3023397343922747,6.30466203863788e-05,6.30631571889732e-05,0.0001538271174253,2.439894739521558,0.5900387510051236,0.0001075025188742,0.4098537464760021,-0.7498117395740769,-0.2792400014539599,0.5998394591762772,8670.16816683008,True,wing_R,high
-0.0113323345957541,0.004185026429868,-0.0040588145719163,0.0018791292440059,0.0002075876291949,0.3695987500457892,0.3695987500457892,0.3695987500457892,False,0.2161274978327308,0.0001036872019215,4.1899849487333714e-05,3.91666644888212e-05,2.6473329622208324,0.5959014351736943,0.0263599069881522,0.3777386578381533,0.8116726736435455,0.5772899879294507,-0.0890153958411301,8002.271342136875,True,wing_L,high
-0.0116563797327454,0.0019792170031064,-0.0039543898747975,0.0004400709096599,0.0003077277435987,0.1410188640512898,0.1410188640512898,0.1410188640512898,False,0.7733588757029553,3.7142739651199525e-05,3.081582624548266e-05,8.857003093790485e-05,2.874173492294028,0.5806398704180226,0.071434020500146,0.3479261090818313,0.2012868304406535,0.9049588397590048,0.3748774602896146,3133.4636470681594,False,body,high
-0.0117379372011084,0.0035177335591609,-0.0036581608816348,0.0011517291310836,0.0004688087227983,0.251441958024882,0.251441958024882,0.251441958024882,False,0.2307013074791328,3.613732773010124e-05,8.662662963246607e-05,9.426261791510236e-05,2.6084556838048822,0.081007598256115,0.5356238031479036,0.3833685985959814,0.5229830023552714,0.4841213560488895,-0.7015092956368079,5233.617808939705,True,wing_L,high
-0.0121813863493509,0.0009422659510823,-0.0036510845794228,0.0015036356063657,0.0001233475968754,0.2752336579388726,0.2752336579388726,0.2752336579388726,False,0.281247944362233,6.474257549127868e-05,2.983063123893642e-05,2.6928200425542235e-05,2.4042666969259607,0.5392424380312946,0.0448303267420241,0.4159272352266812,0.5210455558741975,0.2618532941547926,-0.8123696086413084,7170.823313322891,True,wing_R,high
-0.0108102117056557,0.0023357209534392,-0.0033678475776108,0.0010022895258246,0.0009830702474165,0.1074783478807218,0.1074783478807218,0.1074783478807218,False,0.876825669551765,0.0001284243858824,0.0001690233117101,6.437918998184292e-05,2.625433960226388,0.2401971977529324,0.3789133892397903,0.3808894130072772,-0.2462471779255097,-0.4329335756397915,-0.8671394619364681,5901.936686511346,True,body,high
-0.011758834011261,0.0024881256237677,-0.0035128678107089,0.0002822469787431,0.0002758777578941,0.1782549644167554,0.1782549644167554,0.1782549644167554,False,0.0961753482046072,0.0001061959905795,0.0002387826688864,0.000103318823439,2.311124545733934,0.5552608944577165,0.0120493131008145,0.4326897924414689,0.1850452468496076,0.3335111632725214,0.9244071400584144,3565.6933591387087,True,body,high
-0.0128605972149675,0.0008101654560372,-0.0031353440268784,0.0020295521995399,0.0006620995985088,0.1603664133735641,0.1603664133735641,0.1603664133735641,False,0.1712302620254342,8.61273530070661e-05,3.014193700705622e-05,4.893807249785455e-05,2.857392774289977,0.4317940725074929,0.2182365396653517,0.3499693878271552,-0.1183614299687381,-0.6256297316797887,-0.7710888474968569,5612.060301832939,True,wing_R,high
-0.011187350559319,0.0023421949458515,-0.0037138170135038,0.0005446031712623,0.0005273522086304,0.1300050512920558,0.1300050512920558,0.1300050512920558,False,0.4355930230455023,0.0001294422467234,0.0003434951975308,0.0001236033844805,2.7790112623074124,0.623161407629771,0.0169983810104159,0.359840211359813,0.2137087529740726,0.3566886577665106,0.9094513567657108,12638.183818369718,True,body,high
-0.0124770001093575,0.0014738719343578,-0.0033802152246256,0.0012312746562606,0.0004709346798,0.190683957754486,0.190683957754486,0.190683957754486,False,0.3582160422044184,7.633583032857084e-05,2.899081152408397e-05,3.192181242888663e-05,2.6331042946195287,0.5818239967851769,0.0383961357620242,0.3797798674527988,-0.5458047535888182,-0.7023007731177247,-0.4570238451526305,4136.349896176312,True,wing_R,high
-0.0116769188272259,0.0023767442860968,-0.0038440874986736,9.206970928030725e-05,8.580210346710773e-05,0.1705678331851634,0.1705678331851634,0.1705678331851634,False,0.171033369837563,8.945737964321303e-05,0.0002085216518298,8.59539713374024e-05,2.425968789869176,0.570992370057525,0.0168011728042005,0.4122064571382744,0.2252705362067636,0.3708553541320113,0.9009547668050476,8347.953016960235,True,body,high
-0.0115614765501452,0.0023630095938652,-0.0037102623122724,0.0001768866290278,0.0001731459072216,0.1187444402944454,0.1187444402944454,0.1187444402944454,False,0.9860296887861304,4.599021051233841e-05,0.0001032833578245,0.0001000092388248,2.245768320560595,0.0317003539446453,0.5230177392599211,0.4452819067954334,0.3353853603766854,0.7712511619903596,0.5410067515045639,12231.244214799,True,body,high
-0.0114099027431514,0.0022790695010723,-0.003870513714064,0.0003471307154182,0.0003457521343605,0.1623416399885665,0.1623416399885665,0.1623416399885665,False,0.2237092820467273,9.98471829649612e-05,0.0002325118158033,0.0001058396411683,2.328676772833639,0.5447988705322223,0.0257727039919848,0.4294284254757928,-0.5575739667609751,0.8074617361135835,-0.1926572508442635,18733.19366853504,True,body,high
-0.0112878655508559,0.002302207251458,-0.0037768322517387,0.000446075342461,0.0004394533673215,0.1335377735345815,0.1335377735345815,0.1335377735345815,False,0.2885358728855318,8.696285686462126e-05,0.0001632352229309,7.23361296862029e-05,2.256620911832705,0.4672543382293229,0.089605214584156,0.443140447186521,0.0117414799164962,-0.5996236619884632,-0.800195977016203,21512.308957332305,True,body,high
-0.0114323864991855,0.0023364503956417,-0.0038438785486787,0.0003076317780877,0.0002987810234101,0.1461227013908229,0.1461227013908229,0.1461227013908229,False,0.1320663081773153,8.876434887084323e-05,0.0002093772151263,9.503423350226108e-05,2.3587985242930896,0.5461099554462143,0.0299454008289932,0.4239446437247924,-0.5601162242626532,0.815887642225389,-0.1435171438596971,23846.737557814016,True,body,high
-0.0124702658906002,0.0012590909471706,-0.003427432549136,0.0013795793674257,0.0003701688321484,0.312120780416513,0.312120780416513,0.312120780416513,False,0.5023687497913939,6.34613443270964e-05,6.091376733607353e-05,0.0001557822725362,2.5574230481720925,0.5926279460821043,0.0163534460599795,0.3910186078579161,-0.2347412940258553,-0.7788774421888445,-0.5815895932085017,6235.103974625922,True,wing_R,high
-0.0117244738425846,0.0035361256038009,-0.0037117949745257,0.0011661946425105,0.0004353625816476,0.2956938170330225,0.2956938170330225,0.2956938170330225,False,0.1320407169694972,2.8308223250480688e-05,7.397388915143802e-05,7.048554292056617e-05,2.613159027922457,0.0471564530523812,0.5701649616358664,0.3826785853117524,0.5371877590384936,0.4999127079159813,-0.6793501276980171,5685.452060976808,True,wing_L,high
-0.0115724310648747,0.0032959864842869,-0.0037299323033555,0.0009385389515035,0.0002360254726635,0.1306007769757776,0.1306007769757776,0.1306007769757776,False,0.4783997056628586,0.0001003869248003,3.779322900197245e-05,3.586721992706948e-05,2.798848781826954,0.6235243874925167,0.0191858559143286,0.3572897565931547,0.6224913332298025,-0.1030960586192142,-0.7758065111553047,3621.518982430644,False,wing_L,high
-0.0124522303740984,0.0025699675816014,-0.0041285004611192,0.000832623859638,0.0008325269643428,0.1702072367128772,0.1702072367128772,0.1702072367128772,False,0.7168079060136472,4.2112287791483576e-05,0.000113020034806,0.0001245169340861,2.9567838893657203,0.0923320138299753,0.5694626801966765,0.3382053059733482,-0.0467627239362586,-0.7231870849943327,-0.6890672592334224,4844.989941492536,True,body,high
-0.0128267414025096,0.0004501922882474,-0.0031379288053761,0.0023008291979796,0.0005080366761412,0.3261931056678352,0.3261931056678352,0.3261931056678352,False,0.044070830327439,7.242199808764888e-05,3.146115616877133e-05,3.0305481574235817e-05,2.389732626760777,0.5655856369677152,0.0159575077331732,0.4184568552991115,0.5289084562532969,0.187359472024929,-0.8277392543224549,11311.177656775582,True,wing_R,high
-0.0115251226979193,0.0026150432272673,-0.0038023988213345,0.0003192926044737,0.0001149342825597,0.1835635309667032,0.1835635309667032,0.1835635309667032,False,0.0121953967187957,5.148321642616943e-05,0.0001272724999023,0.0001307441903507,2.539549768383848,0.0265533056501179,0.5796761085360064,0.3937705858138756,0.0391454822235233,0.9893125793564465,-0.1404572943943564,7239.535231235089,True,body,high
-0.0119672014622143,0.001714993672402,-0.0035619413416498,0.0007281351579656,9.522969357020416e-05,0.1532635741969913,0.1532635741969913,0.1532635741969913,False,0.1968329126483601,5.608391680673291e-05,2.6504776630925747e-05,2.468286646112147e-05,2.272180052307617,0.5274086023224428,0.0324854302898037,0.4401059673877534,0.7576568982740999,-0.3377460065383683,-0.5584654506458344,5706.430704036801,True,body,high
-0.0119694700848464,0.0023133978977336,-0.0042638146100876,0.0005543164883475,0.0005517906799216,0.1456379827904748,0.1456379827904748,0.1456379827904748,False,0.1389737384294892,0.0001021321177077,0.0002394211394731,9.667235717734636e-05,2.476624616009818,0.573420634733749,0.022804003616516,0.4037753616497349,0.1933437829819137,0.3621550419564143,0.9118453307265384,5007.7591474131,True,body,high
-0.0112182204151115,0.0023195164589018,-0.0037111399585426,0.0005160119846537,0.0005053072136859,0.0860843135339726,0.0860843135339726,0.0860843135339726,False,0.9751089346685576,6.253540905621564e-05,0.0001487100204403,6.389932953703081e-05,2.3780130758671345,0.5703091873176857,0.0091716783897691,0.4205191342925452,-0.0189978805236836,0.7011762148116653,0.7127348709849921,17876.782462900188,True,body,high
-0.0116581303411667,0.0024172019243908,-0.0040365043158433,0.0002813376186101,0.000260044716414,0.1380245312073747,0.1380245312073747,0.1380245312073747,False,0.0527488077644942,7.775223989247415e-05,0.0001811605309065,7.20846342786879e-05,2.5131643202374616,0.5708102669859384,0.0312849911922005,0.397904741821861,0.080488374337078,0.3258893989719673,0.9419754355790092,18238.05196378897,True,body,high
-0.011413321149219,0.0023645558584418,-0.0037950187045753,0.0003163768913743,0.0003008376212512,0.1200727925514421,0.1200727925514421,0.1200727925514421,False,0.8310896211423774,0.0001389223895595,0.0001974123766248,8.184329870138224e-05,2.412077467028252,0.2962832830713027,0.2891363339727433,0.4145803829559539,0.0564175991614289,-0.6117903154202131,-0.7890054907685347,16410.212776184493,True,body,high
-0.0113825017064195,0.0022636460484061,-0.0038551091639445,0.0003726530281129,0.0003719573605048,0.135625957675501,0.135625957675501,0.135625957675501,False,0.1323736760157891,9.974197085391296e-05,0.0002432682532528,0.0001077204552428,2.4389758009607374,0.5571947683165208,0.032797063662259,0.4100081680212201,-0.5435891426019583,0.8277700851823809,-0.1389515387551453,21827.76982054904,True,body,high
-0.0117050855527914,0.0024485709662431,-0.0041169007418317,0.0003581225005372,0.0003319402828395,0.1022846220425951,0.1022846220425951,0.1022846220425951,False,0.3439156547536297,8.694776414223214e-05,0.0001707233658201,6.519182790822323e-05,2.618784766404572,0.490709641737959,0.1274338525924522,0.3818565056695887,0.0970575105878738,-0.5397637827925778,-0.8362026658794695,23572.147024268088,True,body,high
-0.0126834366561897,0.0006311987886655,-0.0032473816128552,0.0020520551644474,0.0004029006048006,0.3316092323983861,0.3316092323983861,0.3316092323983861,False,0.2709788104841507,6.334561192101897e-05,6.507858723373384e-05,0.0001767448604613,2.7901673865221928,0.6317936087992975,0.0098049544874553,0.3584014367132472,-0.6076964797140465,-0.3619125598572444,0.7069117961674795,5591.201175992223,True,wing_R,high
-0.0119573790010398,0.0022920337216434,-0.003959145930746,0.0003085754062431,0.0002856228894736,0.1632607692229715,0.1632607692229715,0.1632607692229715,False,0.1163799550940548,4.748368532662128e-05,0.0001123809094005,9.211574004249164e-05,2.366726774206388,0.1803257285077883,0.3971497913120606,0.4225244801801511,0.3079893151040631,0.5973789607259548,0.740459964524557,6727.802545289344,True,body,high
-0.0119687462833146,0.0016637363408303,-0.0034980719736547,0.0007944992995092,0.0001493940352181,0.2316978131140685,0.2316978131140685,0.2316978131140685,False,0.1714969885439972,6.96223858682769e-05,2.962856478943249e-05,4.3088715084014e-05,2.349839972441353,0.3811083239012186,0.1933307818558192,0.4255608942429622,-0.5790743919260084,-0.6425321107019104,-0.5018220155916553,6709.944275781782,True,body,high
-0.0113561052021029,0.00182145174612,-0.0034293869628088,0.0007454116133982,0.000594858403729,0.1955085455271194,0.1955085455271194,0.1955085455271194,False,0.3010442779960756,3.349032222924992e-05,5.361858468813677e-05,6.109213773480277e-05,1.82417288542676,0.1223324853863887,0.3294738603887525,0.5481936542248588,-0.8514534096497823,0.5097401057481399,0.1232563012086436,2598.7408711295507,False,body,high
-0.0116267894798687,0.0022273065052096,-0.0035185064293625,0.0003054785865896,0.0002707142410065,0.142080745502878,0.142080745502878,0.142080745502878,False,0.0760426409991002,0.0001135773558702,0.0001351657203348,5.989234261585236e-05,2.256811379074712,0.159717748044187,0.3971792043231845,0.4431030476326285,-0.0428992028536942,-0.5524203841840857,-0.8324610366452139,7262.1163106341155,True,body,high
-0.0113725045045499,0.0029883679513427,-0.0039045814171505,0.0007253606355769,0.0001411300262294,0.1954468039321257,0.1954468039321257,0.1954468039321257,False,0.110285851645461,1.6706201143111545e-05,3.598885575748608e-05,2.7731929605192576e-05,2.154221384574035,0.2294300826881936,0.3063650741323599,0.4642048431794464,-0.9781431615858254,-0.0094097033755251,0.2077195535458106,5817.795613903384,True,body,high
-0.0114564740899807,0.0022728875886526,-0.0038906670988121,0.0003141863844673,0.0003138958690344,0.1710760916093108,0.1710760916093108,0.1710760916093108,False,0.2971407786007659,8.608654037002022e-05,0.0002415570458811,9.808325647021592e-05,2.8059792488213726,0.5939540653328955,0.0496641116653693,0.3563818230017351,-0.5287458053152347,0.8120937511696429,-0.2468432957824887,16052.254346680427,True,body,high
-0.0117183616279499,0.0024737671259719,-0.0040251359761617,0.0002769891446182,0.0002393687011462,0.1443285296491571,0.1443285296491571,0.1443285296491571,False,0.1097976027101201,5.281857716022875e-05,0.0001219722696306,0.0001186107083103,2.309268370872586,0.0275600456601184,0.5394023686641476,0.4330375856757339,0.0780232611676517,0.9942356828827212,-0.0735375931037564,18394.044617365405,True,body,high
-0.0120513115293342,0.0028300113761314,-0.0040063255684549,0.0006094662991211,0.0004888555606336,0.1421258747079333,0.1421258747079333,0.1421258747079333,False,0.0867913479081436,0.0001017460221531,0.0001898833064044,7.75872823757772e-05,2.447350913578177,0.46416552313202,0.1272294033364778,0.4086050735315022,0.039962025290248,-0.6136661186567296,-0.7885536959189818,3514.737652034603,True,body,high
-0.0113849693213692,0.0032711572148426,-0.0041826277846754,0.0010486497082457,0.0002610639399426,0.297273826820594,0.297273826820594,0.297273826820594,False,0.1381816717357194,5.063755010761195e-05,2.360281063142319e-05,2.1915805408092425e-05,2.310549357629996,0.5338871927795898,0.0333153009919642,0.4327975062284458,0.366259694476642,0.2454259831967721,-0.8975633253279538,4466.009897787681,True,body,high
-0.0112075130643711,0.0023070583969517,-0.0037191931289346,0.0005271662046698,0.0005180582442759,0.1047450044261019,0.1047450044261019,0.1047450044261019,False,0.1374497239576849,8.707854408099183e-05,0.0002028913311797,9.315585166480296e-05,2.3299807469340803,0.5408583938844241,0.0299535103272925,0.4291880957882833,-0.5843706136990645,0.7994769481897118,-0.1390956331386562,16466.469985761796,True,body,high
-0.0107087485277581,0.002192953885655,-0.0031284176239531,0.0012168402220954,0.0012155298022583,0.2348384627770564,0.2348384627770564,0.2348384627770564,False,0.6532331931065921,3.548608772940485e-05,2.872769986277371e-05,5.4317354147004e-05,1.890765860353136,0.3466896853376616,0.1244240993097767,0.5288862153525616,0.7929027384838052,-0.4177195932816506,0.4436390297229213,4090.530651421487,True,body,high
-0.0116948039554649,0.00247976958675,-0.0041441158146679,0.0003928931976053,0.000353668568534,0.1333194248546828,0.1333194248546828,0.1333194248546828,False,0.3350523635128234,0.0001062359009743,0.0001591064846535,6.482400436709223e-05,2.4544377689564185,0.3322968500896817,0.2602778679789774,0.4074252819313408,-0.0413466175113553,-0.6253782075305994,-0.779225612237036,28261.89912526392,True,body,high
-0.0115473682899049,0.0024532366108811,-0.0038980867327557,0.000237561891015,0.0001804544021467,0.1500273528493781,0.1500273528493781,0.1500273528493781,False,0.0675440182359974,5.837413437584034e-05,0.0001568191298459,6.464416973964419e-05,2.6864489130803046,0.5877788009464501,0.0399825924934156,0.3722386065601343,-0.4706900028087029,0.8545272016817449,-0.2196228194926697,12832.103011816604,True,body,high
-0.0117390256974101,0.0024245922819923,-0.0040369367256337,0.000274372340824,0.0002596465955812,0.176419564355121,0.176419564355121,0.176419564355121,False,0.0396956395307692,8.148061720468853e-05,0.0001156753486234,5.013320848100175e-05,2.3073597746553647,0.2956094952442336,0.2709947201086307,0.4333957846471357,0.0087587910498525,-0.6389787576760793,-0.7691745125900102,18254.36372724458,True,body,high
-0.0114383350201833,0.0023673041240119,-0.0038959980266895,0.0003171406876632,0.0002980381294108,0.1610424771130811,0.1610424771130811,0.1610424771130811,False,0.1125841392570756,9.857063483256686e-05,0.0002214015396664,9.148086128988257e-05,2.420195181207024,0.554787943294925,0.0320222413690779,0.4131898153359971,0.2555768193692627,0.3436476481383704,0.9036519149152832,19015.25018856193,True,body,high
-0.0116459698610365,0.002422678877527,-0.0040640647540595,0.0003116122807671,0.000287299433198,0.1215553979109638,0.1215553979109638,0.1215553979109638,False,0.0629268446281525,6.715778776522235e-05,0.0001483693319593,6.085100235557671e-05,2.4382397366669046,0.5473607188336657,0.042507338453019,0.4101319427133153,0.0074641106753022,-0.5316771317428117,-0.8469142309782993,17470.214165112666,True,body,high
-0.0111553941774196,0.0023118307496482,-0.0041189781073255,0.0006746396311313,0.0006498305843412,0.360681629392362,0.360681629392362,0.360681629392362,False,0.1811331047036139,5.231041926941131e-05,0.0001500987220896,6.477722276772318e-05,2.869384802989533,0.5684358809595375,0.083057359348236,0.3485067596922265,-0.7100182319501955,0.7021827565182576,0.0530423109106233,3434.571154413554,True,body,high
-0.0114143643392804,0.0023208741181511,-0.0038415677065808,0.0003265224939729,0.0003201790485696,0.1329186761686589,0.1329186761686589,0.1329186761686589,False,0.9359989258627042,5.180220979363835e-05,2.9505765089441986e-05,6.757383735577018e-05,2.2901909898262582,0.2333984302104323,0.3299567639885181,0.4366448058010496,0.7050034435636595,-0.6955526154503735,-0.1384799758215107,22065.163457877203,True,body,high
-0.0113414357366753,0.0022714790772394,-0.003795203056072,0.0004006226183625,0.0003992009521672,0.1069460788362991,0.1069460788362991,0.1069460788362991,False,0.81080795590456,4.2017212741424406e-05,0.0001030718026108,0.0001018719026834,2.4530851973723298,0.0116413984906881,0.5807086751752532,0.4076499263340586,-0.0146009154341271,0.554822823667529,0.831840397916617,26941.276083310266,True,body,high
-0.0114776594448827,0.0027208337345372,-0.00366357206309,0.0004427070840676,0.0002092768976206,0.0982895776606503,0.0982895776606503,0.0982895776606503,False,0.3689472230676091,0.0001490012508701,0.0001259634358357,5.311493636663265e-05,2.8052608373972525,0.154614910276787,0.4889119993535454,0.3564730903696675,0.7046088950875568,0.6963272095958382,-0.1365822907260161,4774.0391742053225,True,body,high
-0.0113795521259622,0.0030592178032878,-0.0037798849737713,0.0007714438841256,0.0001537397107591,0.135687901040413,0.135687901040413,0.135687901040413,False,0.1829317391857822,2.4288100022771887e-05,5.530152622394564e-05,6.183450020679419e-05,2.545876381800955,0.1056525719622574,0.5015553792374001,0.3927920488003424,-0.97803562926214,-0.1158726936413283,0.1732623062356969,4635.0284260384415,True,body,high
-0.0119105692680005,0.0026354447755983,-0.0046096898492063,0.0009007669936226,0.0008415237630235,0.321242613466195,0.321242613466195,0.321242613466195,False,0.1879197637183298,8.28534629043831e-05,3.3796570395959875e-05,3.325328443112623e-05,2.4915873521001544,0.5920922407918815,0.0065571908015555,0.4013505684065629,0.7221837231261172,-0.089898965382216,-0.6858344159306289,3200.685126866431,True,body,high
-0.0122709111959603,0.0028453932006601,-0.0042153425978298,0.000848015609445,0.0007762355661439,0.1553611406391109,0.1553611406391109,0.1553611406391109,False,0.130604873504052,3.8008798533164776e-05,6.588993580737879e-05,8.685038788754658e-05,2.2850074519394457,0.2413397635864018,0.3210249021606485,0.4376353342529496,0.0075293396396902,-0.7340395818135292,-0.679064946360515,5158.106906827295,True,body,high
-0.0121505189738092,0.001428382561937,-0.0037191179028901,0.0010342120240452,0.0001487753471928,0.3802405663323543,0.3802405663323543,0.3802405663323543,False,0.6116729920801083,1.7056249408055095e-05,4.070754920911724e-05,1.88885156644628e-05,2.3866647488100416,0.5359947716962448,0.045010478203815,0.4189947500999402,-0.5803598168203639,-0.7860535769232126,-0.2128432691593898,7768.349352822513,True,wing_R,high
-0.0117927898922628,0.0025530577172579,-0.0042881841015088,0.0005547692020265,0.0005043097787103,0.1824951928777301,0.1824951928777301,0.1824951928777301,False,0.263686761466567,0.0001061285113144,0.0001459150219458,6.197973664313805e-05,2.3542375274359206,0.2726690514851231,0.3025649729724116,0.4247659755424652,-0.0869191700571532,-0.5407169443526023,-0.836702004280234,11214.939851327032,True,body,high
-0.0110261597873816,0.0022291058998492,-0.0034443643196865,0.000786254258266,0.0007852812030985,0.1104888895747388,0.1104888895747388,0.1104888895747388,False,0.3252998938649197,5.987595205362532e-05,0.0001250153669221,0.0001436755626801,2.399553706494734,0.1298773111444014,0.4533785262667982,0.4167441625888004,-0.1538646126571778,0.9218586748447324,0.3556715684242563,5884.867851926949,True,body,high
-0.0116912809718796,0.0024679421281704,-0.0041379513660262,0.000384173728355,0.0003491718772229,0.1291241238288451,0.1291241238288451,0.1291241238288451,False,0.1300667111027391,0.000109949123229,0.0001785394344975,7.146353102841753e-05,2.498329314662547,0.3841745744383558,0.2155579371520661,0.400267488409578,-0.040439846413504,-0.5974680720444969,-0.8008723504463642,31400.047716434936,True,body,high
-0.0113648496218279,0.0023240405131704,-0.0038225701264297,0.0003707164897339,0.0003620384878853,0.0746387467779389,0.0746387467779389,0.0746387467779389,False,0.1740942888406959,8.073165372576034e-05,0.0002080652671407,7.307080162868753e-05,2.847447441429224,0.611988801229699,0.0368194663258671,0.3511917324444339,0.0159947098596797,-0.4764245938356278,-0.879069835476717,23005.5875846054,True,body,high
-0.0109531175173284,0.0022245637651598,-0.0034649931090319,0.00084528876703,0.0008430654042826,0.1118234294425627,0.1118234294425627,0.1118234294425627,False,0.314391372695185,6.743947766442208e-05,0.0001786715265384,7.24867427895908e-05,2.649361067526517,0.5943016540243521,0.0282488498472795,0.3774494961283683,-0.5467083868751332,0.8341038818860863,-0.0733529409291233,5774.52768149765,True,body,high
-0.0118310750765436,0.0025970761741191,-0.0044058280737765,0.0006843484717203,0.0006250524842171,0.135072839072856,0.135072839072856,0.135072839072856,False,0.7808910854001252,0.0001071310154524,0.0001234506509085,5.118595353916324e-05,2.4118071926528515,0.1321956209706036,0.453177536947523,0.4146268420818733,-0.0144085316473585,-0.6511356358223006,-0.7588246029077177,6200.192228073325,True,body,high
-0.0116652679476846,0.0024545805866342,-0.0039558065809609,0.0002149496134362,0.0001731223419881,0.1084580417189305,0.1084580417189305,0.1084580417189305,False,0.915009427772599,4.437516992753401e-05,9.53401082278316e-05,0.0001065073139013,2.4001556292684234,0.104849190768525,0.4785111597830749,0.4166396494484,0.0888843755853854,0.5543210190054891,0.8275432167962663,13717.65559634965,True,body,high
-0.0112635024133689,0.0022232241649047,-0.0036775116921573,0.0004962933430434,0.0004962667245717,0.129913750404034,0.129913750404034,0.129913750404034,False,0.149773996103168,0.0001204301931244,0.000148703709543,6.380847298051559e-05,2.3304696476351467,0.190133228723698,0.3807687132883963,0.4290980579879055,0.5045940735856814,0.8398645125548463,-0.2000310512226002,12584.912626799882,True,body,high
-0.0117802716837973,0.0023875142797543,-0.0040757487522004,0.0003125011219657,0.0003089465173661,0.2237832031137756,0.2237832031137756,0.2237832031137756,False,0.767624047580529,3.751160275743543e-05,6.906549520436389e-05,8.419080677127589e-05,2.2443937497335504,0.1796551446288365,0.374790237283888,0.4455546180872754,-0.1718475564462247,-0.698724956823048,-0.6944435557020391,10909.03921453429,True,body,high
-0.0118003481339959,0.0025810073230655,-0.0042528681933716,0.000533146800188,0.0004712296733989,0.1519981741544981,0.1519981741544981,0.1519981741544981,False,0.1489656113027642,0.0001230853411767,0.0001381656405272,6.002019425982133e-05,2.3019858937668403,0.1091465236434774,0.4564459490524971,0.4344075273040254,-0.0159760524718209,-0.5772573682563835,-0.8164059630729867,11400.651524793731,True,body,high
-0.0115033746782571,0.002321760802556,-0.003701057278314,0.0002400051049892,0.0002395606910271,0.1338296337213736,0.1338296337213736,0.1338296337213736,False,0.4867050673308419,0.0001293337833802,0.0001828409313361,7.542260689027967e-05,2.424219194679527,0.2926431601769966,0.2948528871298161,0.4125039526931872,0.0793539694149597,-0.5735012708693464,-0.8153522182770674,13702.96414661616,True,body,high
-0.0118247334350105,0.0025354124852804,-0.0039163738368117,0.0002412824080432,0.000191928531818,0.0613880790763325,0.0613880790763325,0.0613880790763325,False,0.7889183868609885,8.907811555806532e-05,0.0001462653480969,6.353001278075386e-05,2.3023031429527614,0.3909827808359927,0.1746695516724558,0.4343476674915515,-0.1356319912555074,-0.4676302394120921,-0.8734563080861313,6446.104491453735,True,body,high
-0.0115766373025938,0.0023916366134299,-0.0039766973476536,0.0002588868375855,0.0002388210655859,0.1011157016493594,0.1011157016493594,0.1011157016493594,False,0.1716100788748544,6.918771876847809e-05,0.0001368819905372,6.041408835955765e-05,2.2657296378048324,0.4945447644577447,0.0640963093427212,0.441358926199534,0.0434710537733819,-0.5535950642817954,-0.8316506311466774,19145.20578636821,True,body,high
-0.0114413661695466,0.0024639794505322,-0.003843438085314,0.0003109833102199,0.0002464876967963,0.1651741533580211,0.1651741533580211,0.1651741533580211,False,0.0126047020870163,7.63680144994915e-05,0.0001534175610412,5.844521242269652e-05,2.624980809920145,0.5022211669826978,0.1168236670896621,0.38095516592764,0.1720573075364568,-0.5662888309357672,-0.8060479159955112,9029.260721390889,True,body,high
-0.0117033256986678,0.0024380928874961,-0.0040527379903508,0.0002935493673546,0.0002700384356563,0.1419504357639888,0.1419504357639888,0.1419504357639888,False,0.0629919684802369,7.02555551496435e-05,0.0001644632551783,6.380153617239242e-05,2.577731901845925,0.5728191377857952,0.0392429237172278,0.387937938496977,0.2872810957245713,0.4111863548872067,0.8650984646812533,19574.461639168858,True,body,high
-0.0113266119050118,0.0021698385561611,-0.0037405968700363,0.0004503606078932,0.0004456159113117,0.1426041030425767,0.1426041030425767,0.1426041030425767,False,0.4006566222961508,3.942186104958164e-05,0.0001163859757821,0.0001083341608237,2.9523206840928475,0.0691820032804242,0.5921014049251896,0.3387165917943862,-0.0451601870481896,0.9788779390068632,0.1993954313203999,12360.01965389339,True,body,high
-0.011393544215685,0.0023193829555719,-0.0038328695703654,0.0003450771910362,0.0003383316325225,0.1419247437277278,0.1419247437277278,0.1419247437277278,False,0.0936103140593392,9.09510916449614e-05,0.0001644234999331,5.888091363527173e-05,2.7924753503594,0.4468485850140231,0.1950461948731844,0.3581052201127924,-0.0576066237270914,-0.5869546525471641,-0.807567775951965,22703.71109172339,True,body,high
-0.011716397393713,0.0025243366907644,-0.0041932767948105,0.0004521394031605,0.0003984686558513,0.135732593077312,0.135732593077312,0.135732593077312,False,0.176464604318075,0.0001150007516035,0.0001530552130144,6.121782145695791e-05,2.50017412204148,0.2486322462426124,0.3513956113437764,0.3999721424136111,-0.0235712227183088,-0.6510263600728438,-0.75868905089626,19238.59075493944,True,body,high
-0.0116547843034401,0.0024581070076805,-0.0040126055737415,0.0002698129937152,0.0002288404451823,0.1177810898196174,0.1177810898196174,0.1177810898196174,False,0.4703510853791683,7.411511779108565e-05,0.0001055465746529,4.370657444267242e-05,2.414890116621431,0.297797033823616,0.2881054496404941,0.4140975165358898,-0.0244873334126323,-0.6639090326176316,-0.7474123138610034,16406.358140216587,True,body,high
-0.0115090700553397,0.0023270556456383,-0.0037732281783038,0.0002238764280535,0.0002219820345025,0.1302662088229496,0.1302662088229496,0.1302662088229496,False,0.9883692815487972,4.1313992062594e-05,9.393242584844212e-05,9.863744750858772e-05,2.3875070547320654,0.0477001562691084,0.5334529138263332,0.4188469299045583,0.0326853523655307,0.4633360189532105,0.8855796978710224,14415.870992082371,True,body,high
-0.012244343331257,0.0023773533347212,-0.0039384442024968,0.0005433358052691,0.0005272355656476,0.2228045349393181,0.2228045349393181,0.2228045349393181,False,0.1373832552236733,8.296312952853393e-05,0.000210558332803,0.0001318431015949,2.5379748088046026,0.3738404942713647,0.2321445625815027,0.3940149431471325,-0.3426720374998826,0.9259264853000044,-0.1588584858786583,4156.342365052961,True,body,high
-0.0114105564053768,0.0023079792379289,-0.0039154547245196,0.0003561195732791,0.0003501771084615,0.1150071233547837,0.1150071233547837,0.1150071233547837,False,0.8304702427973734,9.003097988316944e-05,0.000183058500944,7.573701295666146e-05,2.417028263958632,0.5081846545291792,0.0780841471594736,0.4137311983113472,0.0981538374115983,-0.6025193253896992,-0.7920456342492639,16240.245190699896,True,body,high
-0.0120211924552032,0.0016195560778928,-0.0037214004736779,0.0008080631334207,8.794194630305855e-05,0.1701637552954879,0.1701637552954879,0.1701637552954879,False,0.4207193793813264,7.129709122659798e-05,3.036753887073657e-05,4.413308823634417e-05,2.347806041513059,0.3809973523873587,0.1930730851537495,0.4259295624588918,-0.3479879797580783,-0.8517650606439746,-0.3916639470388574,5319.835214264249,True,wing_R,high
-0.0114919935060702,0.0023415726100322,-0.0039192574759886,0.0002822832518706,0.0002732186963443,0.1330306584733043,0.1330306584733043,0.1330306584733043,False,0.0845440568831684,8.859436076449326e-05,0.0002048428351447,8.283228953144157e-05,2.4729828947559507,0.5675008076221032,0.028129230045955,0.4043699623319417,0.0479134728135039,0.348781787019357,0.9359783994123654,16916.67159808868,True,body,high
-0.0112857306914517,0.002279348809347,-0.0037928889333217,0.0004528702074698,0.0004490897979635,0.1117838152819404,0.1117838152819404,0.1117838152819404,False,0.215903123808892,8.29985827746414e-05,0.0001521790223283,6.049941930439821e-05,2.515379884271116,0.4545990537674122,0.1478466816648042,0.3975542645677836,0.011586710732606,-0.5476012917146317,-0.8366591740050819,19297.084406676146,True,body,high
-0.0118693660739407,0.0027305319263236,-0.0045630112880374,0.0008837138560005,0.0007796959922222,0.1458649066919004,0.1458649066919004,0.1458649066919004,False,0.2878763341847586,6.932648708337962e-05,0.0001134042368082,5.018913041800308e-05,2.2595377896319944,0.3886781567023578,0.1687534540507123,0.4425683892469298,0.3437813224670102,0.4729874310689697,0.8112319596598807,3417.4754706376034,True,body,high
-0.0120864447127643,0.001469280580332,-0.0037282353786104,0.0009712637098857,0.000123000872085,0.3885717135147765,0.3885717135147765,0.3885717135147765,False,0.5057718848690932,1.919341489575867e-05,4.510536780045691e-05,2.151746891380212e-05,2.3500439106552227,0.522951037468668,0.0515249987168911,0.4255239638144408,-0.6320950747312848,-0.7552446476691732,-0.173382059820264,8178.995502085741,True,wing_R,high
-0.0120159041884589,0.0024347543173094,-0.0038105678358505,0.0002974187239929,0.0002963514561146,0.1468119810599872,0.1468119810599872,0.1468119810599872,False,0.2079601071601659,4.147616510997727e-05,7.868534082653831e-05,0.0001171052681412,2.823435287007001,0.3280802642316876,0.3177412622605821,0.3541784735077303,0.2790182099826827,0.4985323231504894,0.8207401301704674,5395.639984687049,True,body,high
-0.0115776545258234,0.0026572012926484,-0.0036497072415013,0.0003442116656167,0.0001744971817965,0.1151782242454852,0.1151782242454852,0.1151782242454852,False,0.0781784835397633,0.0001483657238547,0.0001303608410208,6.56799538667037e-05,2.258919428533935,0.1213547331965271,0.4359557280052645,0.4426895387982083,0.3853804110181854,0.9091367563302756,-0.1579629611419091,5465.715870160495,True,body,high
-0.0121828461056553,0.0009040832627789,-0.0036437401445088,0.0015409743127254,0.0001250282390824,0.3553963420467358,0.3553963420467358,0.3553963420467358,False,0.3096880227774318,8.933469814013085e-05,3.596439274087944e-05,3.527567425096469e-05,2.532473157127189,0.5974196645914053,0.0077094175527903,0.3948709178558043,0.6446525850160869,0.50763296207678,-0.5716046014906038,6902.582573394532,True,wing_R,high
-0.0119400175958062,0.0016515898610662,-0.0034864168895074,0.0008012570627371,0.0001634933121832,0.2582596290502856,0.2582596290502856,0.2582596290502856,False,0.1682563329162744,7.523890952043762e-05,3.531357493100172e-05,3.204858465247096e-05,2.347651552675873,0.5306474381927443,0.0433949707583662,0.4259575910488895,0.8027357209761596,-0.2526187663618126,-0.5401843399717554,6563.602920416014,True,body,high
-0.0119154607437151,0.0022740143778923,-0.0040183025858713,0.0003272322129685,0.0003078101549221,0.2301944590812836,0.2301944590812836,0.2301944590812836,False,0.146188725214692,8.876561866412143e-05,9.862023456659396e-05,4.761133096703944e-05,2.0713605892443367,0.09992488808996,0.4173006470522263,0.4827744648578135,-0.1289928930175723,-0.5965762072390766,-0.7921222522484741,7385.378060764704,True,body,high
-0.0118140811048243,0.0025658777119507,-0.004370063537953,0.0006384944623462,0.0005878356083086,0.1460943190889848,0.1460943190889848,0.1460943190889848,False,0.4762676045724432,0.0001130241306838,0.0001438531127993,6.298153760603066e-05,2.2840520931569985,0.2143087592303173,0.3478728551925796,0.437818385577103,-0.0403509404559477,-0.5284827354356495,-0.8479845517170543,7769.3812033901795,True,body,high
-0.0116625669863792,0.0024096916882426,-0.0039451993350597,0.0001929194877512,0.0001733729954055,0.1679026879629221,0.1679026879629221,0.1679026879629221,False,0.1969530632127911,0.0001024554633559,0.0001508906078452,6.368524410437564e-05,2.3693181987021075,0.3209950916161823,0.2569425612715592,0.4220623471122585,0.0718138781465974,0.4409092077763407,0.8946741515231036,13520.588012192737,True,body,high
-0.0126333918626164,0.0014279214640426,-0.0033703801552985,0.0013663576628057,0.0005912793519804,0.1802724618296375,0.1802724618296375,0.1802724618296375,False,0.4575799307149268,7.433682376914077e-05,2.8595131866633e-05,3.1576370789256406e-05,2.599632137240909,0.5752257200641304,0.0401044700521762,0.3846698098836934,-0.6036956599474639,-0.5792177997003838,-0.5477757667794755,4922.96824322213,True,wing_R,high
-0.0112911439311938,0.0022670236437658,-0.0037146578000477,0.000452737704565,0.0004515422364097,0.1202737890183687,0.1202737890183687,0.1202737890183687,False,0.8834669656712191,0.0001102627210169,0.0001651943586215,6.744738891003977e-05,2.449232821182345,0.3325273215314622,0.2591815632460743,0.4082911152224634,0.1605047758047973,-0.6348439800386061,-0.7557852459214809,21108.80030928024,True,body,high
-0.0115634518975705,0.0024246546835438,-0.0037486907412262,0.0001745028692091,0.0001435363685382,0.2423725178973133,0.2423725178973133,0.2423725178973133,False,0.7738323895510739,6.957114618613076e-05,0.0001781775555608,7.56322098349167e-05,2.561084089144176,0.5755233615319256,0.03401698732317,0.3904596511449044,-0.4685552495912866,0.8648803754924543,-0.180105286342403,10918.186731479862,True,body,high
-0.01104509321786,0.0027621235879331,-0.0037541127934338,0.0007873660721411,0.0005322831937849,0.1864648478782912,0.1864648478782912,0.1864648478782912,False,0.1716566875913092,4.820886528144704e-05,2.106856743446093e-05,2.4603008988597008e-05,2.2881890489902936,0.4896579945418179,0.073315178308009,0.437026827150173,-0.7147718431614237,-0.5112596628481523,-0.4771946870701883,5961.6473030861725,True,body,high
-0.0111717252972987,0.0026379492549235,-0.0035691760159706,0.000648537272412,0.000514469883668,0.0990132254725617,0.0990132254725617,0.0990132254725617,False,0.1168077630290111,4.731254935050255e-05,0.0001236604502983,5.13857996414831e-05,2.613692392313807,0.5844605165394886,0.0329389896377719,0.3826004938227395,-0.6022927778744622,0.7941577350607161,-0.0809746970571531,3918.6642659896393,False,body,high
-0.0113422058971431,0.0022804547147949,-0.0037699860247458,0.0003968066798579,0.000394991033138,0.1150142525585629,0.1150142525585629,0.1150142525585629,False,0.9852551229154493,4.790286179039475e-05,0.0001211579555912,0.0001085462165412,2.529242535057819,0.1040933629859733,0.500531347321953,0.3953752896920737,0.0772188487404574,0.561641501351936,0.8237694297303961,24985.96665980219,True,body,high
-0.0115794065218553,0.0026358625630617,-0.0038018435302835,0.0003055528471117,5.773212516910498e-05,0.1026998309060957,0.1026998309060957,0.1026998309060957,False,0.2232084171551896,0.0001400875673805,0.0001272793578601,4.904291432644912e-05,2.8564282792825795,0.0914300230906142,0.5584824192231274,0.3500875576862584,0.4012315343200845,0.9157449315090052,0.0206028222027506,6709.730600485179,True,body,high
-0.0113952871840542,0.0031210656830378,-0.0038181080187059,0.0008219981877326,0.0001084280965623,0.1510427599631224,0.1510427599631224,0.1510427599631224,False,0.2237132983176595,2.521134921126576e-05,4.554053700055807e-05,5.722739096095322e-05,2.269905925359242,0.2042178363219319,0.3552352719201038,0.4405468917579642,-0.9505312641033076,0.0052911616228447,0.3105838366220124,4913.346299179844,True,body,high
-0.0124553645710277,0.0009569506088089,-0.0034368045733885,0.0016243241702415,0.0002473957456525,0.3070630811316267,0.3070630811316267,0.3070630811316267,False,0.2283277234041596,6.273049176903056e-05,2.6145047062422577e-05,2.787208262519229e-05,2.399326022219751,0.5556852522722855,0.0275310381612906,0.4167837095664239,-0.5391137159387397,-0.7853856202441265,-0.3041805858375452,6921.06263520229,True,wing_R,high
-0.0114540690829284,0.0022837304606703,-0.0037178668568215,0.0002923631910341,0.0002923508281019,0.1496920785018362,0.1496920785018362,0.1496920785018362,False,0.0390073124542079,5.059212797288787e-05,0.0001153263380189,0.0001307317845453,2.584034113280463,0.1178400997123094,0.4951681052256324,0.3869917950620581,-0.04514944112822,0.9882328185406885,0.1461417952706759,13886.032626734332,True,body,high
-0.0113192772149004,0.0022601469802098,-0.0037860687357826,0.0004244040013259,0.0004234310923009,0.1194017394315624,0.1194017394315624,0.1194017394315624,False,0.436477172410064,0.0001064304506692,0.0001693394650782,7.498740457658506e-05,2.258238780691855,0.3714964753190429,0.1856805563792477,0.4428229683017092,0.2400710318383116,-0.588762398850375,-0.7718320655246456,23744.87737449912,True,body,high
-0.0117460687139232,0.002460061977391,-0.004221919372816,0.000462854298619,0.000438341970299,0.1249108316519608,0.1249108316519608,0.1249108316519608,False,0.1147818820045349,3.7064468603708696e-05,6.473411720743731e-05,8.366007961442529e-05,2.257150385964368,0.2262245325872798,0.3307389705012618,0.4430364969114584,0.1855744464996644,0.6273074794728087,0.7563381856047035,16757.968656194244,True,body,high
-0.0116929367810498,0.0024320261381685,-0.0040169048516295,0.0002586612966411,0.0002354408886473,0.1251224546679168,0.1251224546679168,0.1251224546679168,False,0.7780621598772696,7.708700769322772e-05,0.0001124564930314,4.90218251556e-05,2.2940086925461087,0.3145170579729127,0.2495648030726507,0.4359181389544365,-0.0018779568602816,-0.6796708667682936,-0.7335148165814154,20534.87243025836,True,body,high
-0.0113037486612048,0.0021656530331971,-0.0038463217672963,0.0004783415318968,0.0004761936334732,0.1448574022332887,0.1448574022332887,0.1448574022332887,False,0.925647146326046,4.591746103928538e-05,0.0001188066171373,4.995042730972113e-05,2.587395174914213,0.579565275796289,0.0339456367634223,0.3864890874402886,-0.605270964884008,0.7930924013364654,-0.0682019208728052,11713.884286463606,True,body,high
-0.0116735836334493,0.0024513844367542,-0.0041157226828954,0.0003610256187659,0.0003298067354395,0.1016812963586181,0.1016812963586181,0.1016812963586181,False,0.8538794539646926,5.72235161753375e-05,0.000153681658878,6.417334936647314e-05,2.685638163288796,0.5824267525808531,0.0452222681735237,0.3723509792456231,-0.6534419625074834,0.7243847734897289,-0.2197277897094561,27139.310978908463,True,body,high
-0.0116338234579864,0.0024757222237353,-0.0038719274563765,0.0001751135429239,9.964275065073232e-05,0.1304912159101515,0.1304912159101515,0.1304912159101515,False,0.9885406814237044,4.224853440419753e-05,9.493413821526154e-05,0.0001081185495745,2.5591076968536246,0.1219440272847215,0.4872947705863171,0.3907612021289613,0.1968255299580286,0.3839725695892086,0.9021223733839004,8700.32281541494,True,body,high
-0.0115639159114806,0.0023746037125697,-0.0038349615773565,0.0001776882876377,0.0001650513028901,0.1365157966434357,0.1365157966434357,0.1365157966434357,False,0.1481224979750651,0.0001433596006483,0.0001354974101204,5.86981944024108e-05,2.442317044125159,0.0548424416112863,0.5357103073017029,0.4094472510870108,0.422535049967384,0.8954940581494423,-0.1398374891368676,12010.91732569101,True,body,high
-0.0120262079101792,0.0012455701765725,-0.003757950358231,0.0011644743381314,0.0001898191450186,0.3931596335803474,0.3931596335803474,0.3931596335803474,False,0.1337394376623522,7.447185586964046e-05,2.6396409103904744e-05,3.1641935787647374e-05,2.821287379525576,0.5751155195724527,0.0704363631399851,0.3544481172875621,-0.2312716718675888,-0.6194357971050028,-0.7502084424054822,10427.718361681493,True,wing_R,high
-0.0125331209517769,0.0011842659949833,-0.0034237368584402,0.001474792132766,0.0004000578833125,0.3366025502651811,0.3366025502651811,0.3366025502651811,False,0.1709831779110157,7.775935864850591e-05,3.244213839967374e-05,3.616928928062473e-05,2.396862922244605,0.5348561265259395,0.0479318624244157,0.4172120110496448,-0.4361743942478725,-0.8281433223635377,-0.3520376903503138,9046.678009826355,True,wing_R,high
-0.0123715314450425,0.0025693037100033,-0.0042741739613409,0.0008419917593057,0.0008398129603313,0.1572977283147627,0.1572977283147627,0.1572977283147627,False,0.5356407335369312,3.890395473752442e-05,8.284319156255708e-05,9.225306152171188e-05,2.37130292136419,0.1020006252794133,0.4762902834903913,0.4217090912301954,-0.0220972785898834,-0.7372633794312726,-0.6752439704495706,5712.716719636491,True,body,high
-0.0118022832575461,0.0023973722868658,-0.0038767940011027,0.0001340337633203,0.0001328151515191,0.1976695349802183,0.1976695349802183,0.1976695349802183,False,0.1679228892017314,6.824302311946659e-05,0.000187691055886,9.746662635045642e-05,2.750333254690333,0.4807071339104227,0.1557005638496102,0.3635923022399671,-0.5049829279127132,0.8415065876158455,-0.1919867326557705,7414.115492549839,True,body,high
-0.0117223997324379,0.0024613001916954,-0.0041749854666081,0.0004168654512553,0.0003889678900598,0.1312229008904744,0.1312229008904744,0.1312229008904744,False,0.2217808762581579,0.0001050577618406,0.0001377396434609,5.870743165763119e-05,2.346204553184988,0.2372728780119647,0.3365068256193772,0.426220296368658,-0.1493616307491294,-0.4626911150270539,-0.8738466886902889,24974.971249673075,True,body,high
-0.0113659229225161,0.0022975693812111,-0.0037482051603476,0.0003704960958831,0.0003679945068511,0.1237124864789759,0.1237124864789759,0.1237124864789759,False,0.737223061491754,0.0001071641741307,0.0001264130348619,5.58597790471657e-05,2.2630421569560446,0.1522695879602689,0.4058473490458572,0.4418830629938738,0.1790696898121316,-0.6633214839768411,-0.726593872177125,18624.071249720648,True,body,high
-0.0116890704429985,0.0025266527700704,-0.0042076688704064,0.0004679736357195,0.0004093648194636,0.1098709692000062,0.1098709692000062,0.1098709692000062,False,0.4187792107532839,9.375093126455862e-05,0.0001553863293876,6.596393711588488e-05,2.3556254550820523,0.3966590778349779,0.1788252174961882,0.4245157046688339,0.2346573667458389,0.4289448328345269,0.8723200391005979,16693.85996631234,True,body,high
-0.0111452206388666,0.0027320228158334,-0.0038657916737337,0.0006927261494195,0.0004366467437967,0.1581735106450572,0.1581735106450572,0.1581735106450572,False,0.1254558257975984,5.93674589351034e-05,0.0001055320810319,4.438033320199842e-05,2.3779019538137915,0.437446335232071,0.1420148791396348,0.4205387856282942,0.2367876228206534,0.4782763096510189,0.8456851620464596,6335.286437194373,True,body,high
-0.0120577612461395,0.0023688366409656,-0.0038520391684803,0.0003398552637427,0.0003267114453021,0.1229872917643578,0.1229872917643578,0.1229872917643578,False,0.268262567657045,7.809065476499296e-05,0.0001131348294572,4.9853438529436775e-05,2.269348570419406,0.3097558449541152,0.2495890644023232,0.4406550906435615,0.010830240960681,-0.6193249883060731,-0.7850600389399631,5317.275176973375,True,body,high
-0.0117784789954208,0.002430625593526,-0.0042671113699146,0.0005051091264432,0.0004911562862571,0.1191694349989826,0.1191694349989826,0.1191694349989826,False,0.6848889267710424,6.54474184156164e-05,0.0001695860853989,7.075298062020712e-05,2.59118066845682,0.5827901773087031,0.0312853627826211,0.3859244599086758,-0.8056907505801651,0.5910384126060335,-0.0391919539409494,10698.529843059465,True,body,high
-0.0115277236164884,0.0025014683731137,-0.0038942346517968,0.0002705188180378,0.0001762253357481,0.2161195444493435,0.2161195444493435,0.2161195444493435,False,0.1069931203565019,6.471609301980472e-05,3.3086703447995175e-05,7.864115456662482e-05,2.3768204859160704,0.1770709194639657,0.4021989471811875,0.4207301333548467,0.9095923141100244,-0.4082900092000523,0.0770784697525353,11197.118765580202,True,body,high
-0.0115486268104178,0.0023650526188704,-0.0037505552670684,0.0001807948949184,0.0001741702211771,0.1264987609088247,0.1264987609088247,0.1264987609088247,False,0.8687622976813454,5.391362232323493e-05,0.0001314721392782,0.0001228106776404,2.4385699497246183,0.0658805864526395,0.5240430078601143,0.4100764056872461,0.1843134137989913,0.3725609137348472,0.9095201652799224,14921.192231390049,True,body,high
-0.0115227910775403,0.0025777545921713,-0.0039533719967803,0.0003453892263993,0.0001915118114867,0.1404652746521689,0.1404652746521689,0.1404652746521689,False,0.0158790141613819,3.610935441058667e-05,6.418761066158358e-05,9.090261818124238e-05,2.51742573815142,0.2938860074018352,0.3088828112190813,0.3972311813790835,-0.1180884757682103,-0.6582333893313365,-0.7434943961188423,8285.67172895314,True,body,high
-0.0116336629444726,0.0023215912186123,-0.0041812512205844,0.0004268919315616,0.0004241381972984,0.1733538049601347,0.1733538049601347,0.1733538049601347,False,0.586751002943693,0.0001016030966276,0.0002472047655247,0.0001116488886753,2.4330436151053942,0.548354626423504,0.0406375339341794,0.4110078396423166,-0.5418112202801046,0.8390386412097045,-0.0495455359801186,7355.05507721226,True,body,high
-0.0116837349074072,0.0024162238113275,-0.0040079014394602,0.0002481402639919,0.0002297114261228,0.1583100416230934,0.1583100416230934,0.1583100416230934,False,0.0559851405261575,0.0001009993925528,0.0001665997452593,7.234634020289793e-05,2.30280819723781,0.3937602221683112,0.171987371921597,0.4342524059100917,0.0823629746808149,0.4400695411216913,0.8941784717709723,18609.548693280743,True,body,high
-0.0123194637379728,0.0025149037607083,-0.0041734992985089,0.000730977936443,0.000730904131816,0.0995859157572799,0.0995859157572799,0.0995859157572799,False,0.8744801111329065,0.0001517983174174,0.0001545104233444,6.299913878035709e-05,2.4525799294357937,0.0175528994634814,0.5747131922556797,0.4077339082808388,0.0826779640316857,-0.6614528397055975,-0.7454156525784637,5393.965975745235,True,body,high
-0.0117293903444769,0.0024633469210648,-0.0041755157124917,0.0004177862136907,0.0003900393296362,0.2439505604281815,0.2439505604281815,0.2439505604281815,False,0.9383625790700704,7.134987425813985e-05,2.550909214115373e-05,3.7780436104339626e-05,2.797036988354099,0.470490501950261,0.1719883053863396,0.3575211926633993,-0.669260660852279,-0.7002350584938251,-0.2485176667597716,23644.29945900713,True,body,high
-0.0114818525989852,0.0022928594744356,-0.0039327601068406,0.0003067873410295,0.0003052437868637,0.1788820653227698,0.1788820653227698,0.1788820653227698,False,0.2795980921631912,8.469072929168918e-05,0.0002348422691204,8.564140762115213e-05,2.772939506892114,0.635323709220191,0.004048156803388,0.3606281339764209,-0.5280462514898698,0.824342094946584,-0.204027612804184,13608.733750894367,True,body,high
-0.0115613752644575,0.0024049894889519,-0.0039570106724392,0.0002545227929401,0.0002274757493507,0.0914742942459464,0.0914742942459464,0.0914742942459464,False,0.1739804705950039,7.697549129736159e-05,0.0001772150847594,7.187636260366643e-05,2.465554437369464,0.5656380414689364,0.0287736718384711,0.4055882866925925,0.1805981951604588,0.3520914861366556,0.9183767621705516,19659.0838437474,True,body,high
-0.0113127401294669,0.002267559744367,-0.0037189081790661,0.0004312792399032,0.0004304209971453,0.1189917093292976,0.1189917093292976,0.1189917093292976,False,0.6438511899210492,8.855981102496877e-05,0.0001138534086918,3.8511739621561145e-05,2.9563299349914782,0.2221593359168999,0.4395834255510001,0.3382572385320999,-0.0201158856783478,-0.5817061264762605,-0.8131502527598213,19869.42133479807,True,body,high
-0.0113550938452927,0.0022645357090368,-0.0038408242848341,0.0003951082726503,0.0003939640456291,0.0947409492229002,0.0947409492229002,0.0947409492229002,False,0.97989778733565,6.888381272821887e-05,0.0001261950151585,5.6018595240047706e-05,2.252734375394981,0.4541479103461379,0.1019471131407453,0.4439049765131168,-0.1833416738393361,0.4371172711019225,0.8805193478500054,25884.17997218481,True,body,high
-0.0114519405689188,0.0023518528703801,-0.0038913213990203,0.0003034058246846,0.0002900886031358,0.1253704635258027,0.1253704635258027,0.1253704635258027,False,0.1451625601422475,5.383383231923306e-05,0.0001145679747306,4.834251724584918e-05,2.3699215774812337,0.5301144805450666,0.0479306288366514,0.4219548906182818,0.2069233899187639,0.4146455542412503,0.8861443308245522,22527.990401625648,True,body,high
-0.0113487497206033,0.0022568441401715,-0.0038292461783759,0.0004012946332861,0.0004006320184645,0.1330508018368126,0.1330508018368126,0.1330508018368126,False,0.7831507146284731,5.422951883356802e-05,0.0001093727274327,4.7926303277086734e-05,2.282102310299212,0.50417695428765,0.0576305968081256,0.4381924489042244,0.1164514276828965,-0.6119591737373741,-0.7822691574319451,26360.90235198961,True,body,high
-0.0113589146066465,0.0022771953148106,-0.003815580283609,0.0003843041177042,0.0003825461356158,0.1144058826266289,0.1144058826266289,0.1144058826266289,False,0.422607284090306,6.278489577986852e-05,0.0001474039460937,5.7326423369496646e-05,2.5713089606810056,0.5740623135019451,0.0370307074879742,0.3889069790100806,0.1381033989668531,0.342699146968649,0.9292387991580864,28556.26249777648,True,body,high
-0.0115896414966212,0.0026953888911877,-0.0036501851751819,0.000371741138326,0.0001736508569023,0.111196832961344,0.111196832961344,0.111196832961344,False,0.1061005756286762,0.000138569100014,0.0001213892665774,5.1629195614524575e-05,2.683929090212225,0.1239802628067825,0.5034316521924593,0.3725880850007582,0.3661705762611118,0.9302470985875628,0.0236525823120129,5031.491470963554,True,body,high
-0.0115547713465191,0.0034868438238221,-0.0038746733764606,0.0011340214520794,0.0002058472846233,0.3045077996298889,0.3045077996298889,0.3045077996298889,False,0.1280817515020912,9.548551461052466e-05,4.069078166988196e-05,3.885816110789365e-05,2.457283409407856,0.5738538789275487,0.0191926552363819,0.4069534658360693,0.6551763188419388,0.7240862770696083,-0.2155065070669584,4499.149570481906,True,wing_L,high
-0.0121258949645697,0.0012040968602893,-0.0036770078924443,0.0012363544926646,0.0001035199040597,0.3734641404410791,0.3734641404410791,0.3734641404410791,False,0.1376916074686437,5.629993297559772e-05,2.6125506222337464e-05,2.380769743012444e-05,2.3647785822563456,0.5359584844681585,0.0411689440770318,0.4228725714548096,0.6159512377763943,0.1441852336027104,-0.7744770436188919,8270.325136657435,True,wing_R,high
-0.0112888358981972,0.002308435553607,-0.0037382503674039,0.0004451001962427,0.0004385563658116,0.1695857853645747,0.1695857853645747,0.1695857853645747,False,0.4623026052777875,7.688363738966633e-05,0.000180803770896,6.841048801844212e-05,2.6429247346886,0.5747675117137601,0.0468637867962128,0.3783687014900271,-0.2437123549925062,-0.5317455220532906,-0.8110801364848481,21893.20350222461,True,body,high
-0.0116863119400851,0.0024873465294037,-0.0041955384667761,0.0004450128531552,0.0004028978355476,0.1171058667880932,0.1171058667880932,0.1171058667880932,False,0.1243424746794897,7.747253018558689e-05,0.0001687715544326,5.82751815658946e-05,2.896113746841928,0.5409621577166803,0.1137475369248191,0.3452903053585004,0.1549583563246736,0.3730775931559172,0.9147682861195744,23000.016598834536,True,body,high
-0.0120285841446184,0.0024781340535264,-0.0039368672546937,0.0003605554725481,0.0003592045364622,0.1267424317134675,0.1267424317134675,0.1267424317134675,False,0.5847337989156485,0.0001018297471722,0.000258627854079,0.0001111355239937,2.539806503119489,0.5702878779645266,0.0359813402724685,0.3937307817630048,-0.5067362278014522,0.8419116203423501,-0.185481047457879,5260.021370191455,True,body,high
-0.0117524575111276,0.0022122083043879,-0.0040104637651639,0.0002909860320058,0.0002658216395656,0.1419144534618955,0.1419144534618955,0.1419144534618955,False,0.1799904051370728,4.038317289338286e-05,9.771810495198626e-05,9.166565375811084e-05,2.419772839790858,0.0619378691067463,0.5248001983862213,0.4132619325070324,0.2853950789030216,0.3850235602534729,0.8776710699274978,5486.450954407689,True,body,high
-0.011353652496546,0.002207944228166,-0.0039092096943439,0.0004325640972389,0.0004324058982368,0.15385264147341,0.15385264147341,0.15385264147341,False,0.2941971000123728,6.713095757668592e-05,0.000163360198523,7.626197456614912e-05,2.43345550875565,0.5331667367226002,0.0558949919993886,0.4109382712780112,-0.5516936881951247,0.8336907003628725,-0.0243698693907834,11460.325670162369,True,body,high
-0.0115601639606834,0.0023635967942716,-0.0039292634415386,0.0002332223380366,0.0002219926982508,0.1373266763166835,0.1373266763166835,0.1373266763166835,False,0.0991764140521657,8.445932441434417e-05,0.0001296699572895,5.867116279071936e-05,2.2101139831176493,0.3486592717405276,0.198875376861907,0.4524653513975653,0.2379710991110245,0.5161433288223511,0.8227793264904468,18388.582999050555,True,body,high
-0.0116993467640515,0.0024625902861196,-0.004123905864272,0.0003685833029352,0.000336481150531,0.1397080321488639,0.1397080321488639,0.1397080321488639,False,0.2858224442650908,8.168936928126389e-05,0.0001183346311947,4.310272993963441e-05,2.745409197061912,0.3096748732260435,0.3260806997245453,0.3642444270494111,0.160787655447269,-0.6851858023850201,-0.7103997086610931,28158.19808438096,True,body,high
-0.0113619027097234,0.0022039721406717,-0.0037401879201877,0.0004039075180957,0.0004014443754547,0.1397456622386231,0.1397456622386231,0.1397456622386231,False,0.0878853821169917,7.915755427096025e-05,0.0001779610349428,7.584861582023233e-05,2.346266085655004,0.5551972694676428,0.0185936120892411,0.4262091184431161,0.3654785498452747,0.3795070421910919,0.8499410770932088,12619.929710995368,True,body,high
-0.010739895499448,0.0025736416294927,-0.003547835893556,0.0010328098134842,0.0009204890001323,0.255679798875157,0.255679798875157,0.255679798875157,False,0.1243042026662042,8.627902999307839e-05,3.196616824330199e-05,3.742741417710312e-05,2.699073261968356,0.566204972632334,0.0632974887900251,0.3704975385776408,0.0516988528787036,0.9472710050720492,0.3162354685369996,3800.278663757784,True,body,high
-0.0118250833412785,0.0023910021791449,-0.0042104265039095,0.0004532829099498,0.0004496637994162,0.4136964148009641,0.4136964148009641,0.4136964148009641,False,0.1225617051964416,2.384810079093733e-05,5.9981055059790014e-05,2.2393284710365148e-05,2.678528667660206,0.6024061136109529,0.0242545930397856,0.3733392933492614,-0.6878671526178449,0.4071462968423558,0.6008915653568243,9097.404870617733,True,body,high
-0.0118435364497475,0.002309919483588,-0.0040685032522509,0.0003275824577106,0.0003242247655632,0.1912305524631066,0.1912305524631066,0.1912305524631066,False,0.7389168585880448,5.857287951030606e-05,3.111592156311146e-05,8.229717528382839e-05,2.644857396137459,0.2882759425423951,0.3336318391548726,0.3780922183027322,0.7787395544865872,-0.6125220125015194,0.1355783554964466,7703.903923420963,True,body,high
-0.0115112995812588,0.0025425774711304,-0.0038933701931282,0.0003036767308928,0.0001741671843503,0.130071534480129,0.130071534480129,0.130071534480129,False,0.1346088157180819,5.044133560962418e-05,0.000117726175601,0.0001191240617692,2.361635756260117,0.0117347087348857,0.5648299679519212,0.4234353233131931,0.2629945304069949,0.2429357357972074,0.9337109323814696,10369.587378576156,True,body,high
-0.0117349987182753,0.0024707451108783,-0.0040273822252036,0.0002778730663901,0.0002447220912771,0.093575257148357,0.093575257148357,0.093575257148357,False,0.059472854780162,0.0001411465728834,0.0001382890935918,5.3280885449456606e-05,2.6491033640450365,0.0202447656591531,0.6022690201098346,0.3774862142310123,0.1461152229794431,0.9876743349750016,-0.0561226304208561,18712.37190636318,True,body,high
-0.0124358981497599,0.0023915264541347,-0.0040816525638988,0.0007741078452557,0.0007581535048206,0.1640386931429002,0.1640386931429002,0.1640386931429002,False,0.2138915366388671,3.7151667087269e-05,7.905231500595253e-05,8.919789269287942e-05,2.4009122520223443,0.113742347275619,0.4697493029678762,0.4165083497565047,0.0485036514311596,-0.7108204641987624,-0.7016991260320199,4279.684789223964,True,body,high
-0.0114716940940232,0.00230500357348,-0.0037450110054381,0.0002661890100276,0.000265715387699,0.1335873080495193,0.1335873080495193,0.1335873080495193,False,0.9761497169310634,0.0001210031661723,0.0001374174038715,5.961937235940659e-05,2.304911951155276,0.1194480265002904,0.4466959212115617,0.4338560522881478,0.1946738550807577,-0.6418197085869148,-0.7417341517129996,16233.247518790047,True,body,high
-0.0116849682230555,0.0023377865480359,-0.0038965004069861,0.0001397422937139,0.0001397177455802,0.1512017546587271,0.1512017546587271,0.1512017546587271,False,0.0944363655690461,0.0001079042421372,0.0002820537804592,0.0001180430973979,2.613926708279043,0.5814872709532374,0.0359465320555776,0.3825661969911849,-0.5761740496758054,0.8029092641635528,-0.1528403677060648,8476.599551830881,True,body,high
-0.0116997712496481,0.0024673148701039,-0.0041691176411197,0.000413449699767,0.0003804662977687,0.1176277110534048,0.1176277110534048,0.1176277110534048,False,0.1378234628349447,9.562644602300477e-05,0.0001804301612962,6.283844805580563e-05,2.8713338231391257,0.4700085321875967,0.181721269502011,0.3482701983103922,0.2114247368842342,0.4463442056868098,0.8695265554790396,28880.567663974853,True,body,high
-0.0117090747123174,0.00240324461664,-0.0039707348988197,0.0002061534998873,0.0001946738432628,0.1291439981657957,0.1291439981657957,0.1291439981657957,False,0.8407889431215395,8.592643312586339e-05,0.0001151011464358,4.893270562913292e-05,2.352233438882061,0.2534702234805586,0.321401902954619,0.4251278735648223,-0.0202428506171473,-0.5878116793878474,-0.8087444939992672,14737.896609847208,True,body,high
-0.0113581272072088,0.0023234692898641,-0.0038325726306563,0.0003789601473881,0.0003697793148357,0.0853085081981858,0.0853085081981858,0.0853085081981858,False,0.1260186968726478,5.6342150551389366e-05,0.0001431680495801,6.232060343001608e-05,2.541046945831404,0.5647031330470595,0.04175828961949,0.3935385773334504,-0.6530450361571707,0.7465546876834769,-0.127233168035328,21540.365810953936,True,body,high
-0.0116311902466842,0.0024796009250125,-0.0041438684682441,0.0004030787223407,0.0003548920704647,0.1450324712657164,0.1450324712657164,0.1450324712657164,False,0.1085014863297252,7.627412129082823e-05,0.0002023602141055,8.301378166050305e-05,2.6530651639227165,0.58977221867724,0.0333052640780499,0.3769225172447101,-0.532474148863646,0.8289630920460319,-0.1711475177074362,16036.128724349444,True,body,high
-0.0114061098642373,0.0022363680532943,-0.0038864779584285,0.0003689963116847,0.0003689579045083,0.1549292521290325,0.1549292521290325,0.1549292521290325,False,0.5773664198648938,6.356613286206593e-05,0.0001766241305989,9.09749476461088e-05,2.778588576125142,0.4849234510732851,0.1551815977301105,0.3598949511966042,-0.5900757373554231,0.7955110948308299,-0.1377415049486098,14935.8205125143,True,body,high
-0.012000886643192,0.0014481108792169,-0.0038138733229986,0.0009636287694771,0.0001999097883775,0.3434602894335232,0.3434602894335232,0.3434602894335232,False,0.123160258883142,7.156037375309931e-05,2.4306776527179188e-05,3.105716234317244e-05,2.9440503422196858,0.566000557091454,0.0943313381688547,0.3396681047396912,-0.2433919574143021,-0.6531809346958595,-0.7170181459460273,8609.259043144855,True,wing_R,high
-0.0128121722734179,0.0009370899670634,-0.0032148180544684,0.0018807862311725,0.0006304341990008,0.450500071789076,0.450500071789076,0.450500071789076,False,0.1186094833679142,5.0054335037314094e-05,2.115167296389965e-05,2.373089774163092e-05,2.366448040433666,0.5258972529763865,0.0515284994957684,0.4225742475278451,-0.4396986200313273,-0.7266443725756151,-0.5278760075498194,6529.771822077246,True,wing_R,high
-0.0122836922210137,0.0026058191350305,-0.0039267665775958,0.0006232829098892,0.0006195545300898,0.1239032599367097,0.1239032599367097,0.1239032599367097,False,0.2665549353210107,0.0001285786132515,0.0001902512687392,7.102292314207693e-05,2.678730476337963,0.32416422711065,0.3025246059640834,0.3733111669252665,0.1166651181982498,0.5014320334106086,0.85729526189376,4571.37561314152,True,body,high
-0.0119590794521689,0.0016951362205304,-0.0035533084637574,0.0007459626340773,9.999809012682758e-05,0.2087158326962955,0.2087158326962955,0.2087158326962955,False,0.2914164244847321,6.924072304921083e-05,3.35377210690299e-05,3.017052367193581e-05,2.294979159198936,0.5156358918263471,0.0486303037982569,0.435733804375396,0.7527034567319003,-0.2749385795723615,-0.5982025440321874,6068.662209205616,True,body,high
-0.0115145085608253,0.0023228692903717,-0.0036912001016854,0.0002324270215657,0.0002321871523026,0.1212314899354849,0.1212314899354849,0.1212314899354849,False,0.4792497533830171,0.0001215723144563,0.0001312315642881,5.636896923106066e-05,2.3280816746923776,0.0736046231267535,0.4968571820278549,0.4295381948453916,0.16755726759123,-0.5965970763319216,-0.784854439109294,12720.99846534561,True,body,high
-0.0121477577234934,0.0018846395673535,-0.0038628004939385,0.0006493235748082,0.0003048308877401,0.1622439160914796,0.1622439160914796,0.1622439160914796,False,0.1300560016444455,6.993475240780916e-05,0.0001514021037518,6.404367435265177e-05,2.364044619272386,0.5380859930292164,0.0389101466173425,0.423003860353441,0.5732562532237682,0.5542825216291141,0.6034468943961164,3201.8926629145126,True,body,high
-0.0114727745653188,0.0023563066102126,-0.0038555362425905,0.0002706800529148,0.0002583248758956,0.1451720287925267,0.1451720287925267,0.1451720287925267,False,0.1193377624718299,7.501601545805014e-05,0.0001738791112604,8.19897768464099e-05,2.317893188524472,0.5284667821680207,0.0401069532608403,0.431426264571139,-0.6048066529949487,0.7921327141713028,-0.0820650695037344,20899.62472155616,True,body,high
-0.0114614458490031,0.0023365928857037,-0.003845761062535,0.000280273243664,0.0002727577964026,0.1193871783691264,0.1193871783691264,0.1193871783691264,False,0.2603292002891604,9.080877976300672e-05,0.0002055202661397,7.090178496715087e-05,2.898661383983342,0.5581517021720418,0.0968614685537505,0.3449868292742077,0.1089278861558003,0.4003412276026316,0.909869010956658,21822.764525039165,True,body,high
-0.0114298169698298,0.0023333336118598,-0.0037895007567332,0.0003018227010019,0.0002952524532977,0.1410454304238634,0.1410454304238634,0.1410454304238634,False,0.2082941831806748,9.034551892828536e-05,0.0001225455671313,4.298422023306577e-05,2.8509431244046786,0.2627597958607109,0.3864790853222254,0.3507611188170636,-0.0810844348860304,-0.6141432810506284,-0.7850180537793903,18299.50030739034,True,body,high
-0.0114835225132604,0.0022691481521277,-0.0037972011448908,0.0002669937669921,0.000266665762877,0.1949673986062923,0.1949673986062923,0.1949673986062923,False,0.383729844286636,5.684923154538141e-05,0.0001299440362156,5.711932291465766e-05,2.285765923008725,0.5604313627763734,0.0020785207012346,0.4374901165223919,-0.6306329795842232,0.7165334867839975,-0.2981305207084505,12919.000945393724,True,body,high
-0.011736104805128,0.0024668513857539,-0.0040314019222859,0.0002803056146348,0.0002492398062066,0.1622845054733735,0.1622845054733735,0.1622845054733735,False,0.0563739872200874,6.057187206534781e-05,3.396134848790839e-05,7.57540607878405e-05,2.230596373839867,0.2004141898744209,0.3512752095490404,0.4483106005765386,0.8445694338480328,-0.5352232801991295,-0.0154438253842049,19042.56879790767,True,body,high
-0.0117885373853766,0.0024431593668008,-0.0040289030691984,0.0002772079125157,0.0002625074683781,0.1102022081491826,0.1102022081491826,0.1102022081491826,False,0.9728130488925392,3.922187262355432e-05,0.00010425287155,0.0001134440973478,2.892368205787472,0.0810198680465125,0.5732426846951978,0.3457374472582896,0.0843128064528364,0.6073941200199287,0.7899137507559056,13563.496538377654,True,body,high
-0.0112434513005282,0.0022843140102102,-0.0037243357908902,0.000494686709581,0.000490304311719,0.1124196595510802,0.1124196595510802,0.1124196595510802,False,0.1497352752334139,0.0001419437423005,0.0001087214062607,5.6638669356418426e-05,2.5061277730120333,0.234052840240749,0.3669252061426831,0.3990219536165678,0.2280960742131638,0.9662246411461112,0.1199254925802333,19034.47152454204,True,body,high
-0.0120870847175013,0.0019005883376257,-0.0041153670384003,0.000686172277239,0.0004704125454264,0.6887316638599005,0.6887316638599005,0.6887316638599005,False,0.1410753630171299,3.713856008130703e-05,4.175210315783011e-05,1.813973721562488e-05,2.3016928338888194,0.1104984594209084,0.455038702933439,0.4344628376456525,0.4995846046913776,-0.1452782729330027,-0.8539961628537709,3105.551056332682,True,body,high
-0.0115760355003502,0.0023589047221806,-0.0037523583062859,0.0001537347413647,0.0001498529889615,0.1401007436664763,0.1401007436664763,0.1401007436664763,False,0.8880178623652185,9.34730173489429e-05,0.0001522317859466,5.604921526845929e-05,2.716037775329189,0.3859822587795538,0.2458343495594822,0.3681833916609639,0.0882352411255314,-0.5517220522889722,-0.8293475262165817,12913.97980711648,True,body,high
-0.0114814884552305,0.0022874850458934,-0.0038442855292968,0.0002717414876751,0.0002714786365009,0.1508032254418043,0.1508032254418043,0.1508032254418043,False,0.0399318753559028,8.66452196850454e-05,0.000202212055322,7.888979033295797e-05,2.5632221161777307,0.5715130853744301,0.0383529524969982,0.3901339621285716,0.4084969278136549,0.3822902626697168,0.8288452298437414,14839.19320457199,True,body,high
-0.0111693022117589,0.0022552489165257,-0.0036585236018534,0.0005814805131636,0.0005791755064228,0.1226111926366838,0.1226111926366838,0.1226111926366838,False,0.8041192022897392,6.778127629901193e-05,0.0001965154449301,6.760219841632613e-05,2.9069386726144373,0.6550842285037881,0.0009112661997098,0.3440045052965021,-0.3539438319553863,-0.5331418939208344,-0.7684292321139548,11253.689813146944,True,body,high
-0.011642441100845,0.0022594750265734,-0.0042486754411802,0.0005009539394806,0.0005009503501997,0.1326552655403443,0.1326552655403443,0.1326552655403443,False,0.5614031440738928,8.813020905190339e-05,0.0001722117538147,6.653178544688984e-05,2.588413232232143,0.4882450988409241,0.125417825012374,0.3863370761467018,0.319774671962772,0.4836499280108239,0.8147557341352232,5931.416070507989,True,body,high
-0.01145724266742,0.002768477803041,-0.0039543852772665,0.0005158103134269,0.0001706428540612,0.1228853979556263,0.1228853979556263,0.1228853979556263,False,0.2138698296998203,3.0157147261201537e-05,7.559226120219684e-05,6.667673522840501e-05,2.506611800760396,0.1179423109191596,0.4831127867642376,0.3989449023166027,0.0031344528517012,-0.6878667778796969,-0.7258301943944769,6609.838972399283,True,body,high
-0.011538255725945,0.0023500839378212,-0.0039629541446282,0.000273201652601,0.0002637890767465,0.1194814721776027,0.1194814721776027,0.1194814721776027,False,0.2123689448503004,6.504836919200858e-05,0.0001091235119357,4.0522133076305024e-05,2.6929360241297005,0.4039014320735731,0.2247566604174363,0.3713419075089905,0.1936288758963587,-0.6127728585190865,-0.7661705308098581,16707.581543762088,True,body,high
-0.0115276994136416,0.0023794247373162,-0.0038942858577242,0.0002373258480948,0.000219137801811,0.1501965705541756,0.1501965705541756,0.1501965705541756,False,0.3639568717984548,6.53065735204717e-05,0.0001659768246323,6.699172828751398e-05,2.541502572942348,0.5963790219754214,0.0101529522014608,0.3934680258231178,-0.6448737859429621,0.7606118760544662,-0.0748824025288725,18180.65258410789,True,body,high
-0.0113683731856253,0.0019444661705248,-0.003492129023878,0.0006228600450444,0.0005293746670216,0.27211584190497,0.27211584190497,0.27211584190497,False,0.2157779483251655,8.263196378780713e-05,3.5074435068163425e-05,3.654611649945213e-05,2.355902914108829,0.5577242168260711,0.0178100745017736,0.4244657086721553,-0.0271284700213938,0.9264993843542068,0.3753171151247622,3381.7356707358267,False,body,high
-0.0120517782660595,0.0012940472465895,-0.0037473919995093,0.0011249049088685,0.0001609607484194,0.421602701792128,0.421602701792128,0.421602701792128,False,0.128235541107864,5.58209039940807e-05,5.013894609970396e-05,0.0001167600715921,2.3287300726251114,0.5219178677015072,0.0486635355468614,0.4294185967516314,-0.2251641726919133,-0.7706273544758666,-0.5961833408184882,11652.42873061063,True,wing_R,high
-0.0116984371222742,0.0022719794951967,-0.0043044300805837,0.0005463737851207,0.0005463732351699,0.1319409327729936,0.1319409327729936,0.1319409327729936,False,0.3640759983930396,4.177464617759023e-05,0.0001027481286121,0.0001059920135266,2.5372330641900027,0.0306049937773375,0.5752648752095526,0.3941301310131098,0.3114414690221715,0.1716432732891634,0.9346351149555068,6590.407716161832,True,body,high
-0.0118103423306671,0.002635573914288,-0.0041128071463387,0.0004420867892138,0.0003459275311231,0.078159699108565,0.078159699108565,0.078159699108565,False,0.962483297269454,0.000151181783282,0.0001538441356792,5.984809268397666e-05,2.5705770857503887,0.0173055175974293,0.5936767767895583,0.3890177056130124,0.0848336998293032,0.9955611146021984,0.0407591764551226,6723.864311133037,True,body,high
-0.0122361962193248,0.0014274653065457,-0.0036616516034621,0.0010769893270605,0.000187675616241,0.2890445398185834,0.2890445398185834,0.2890445398185834,False,0.2211795028315216,6.34272798941319e-05,2.671996854611717e-05,3.02453105378851e-05,2.373778239471352,0.5231498089092212,0.0555808478252917,0.421269343265487,-0.4722747663758757,-0.8192538559571385,-0.3252378584113046,6862.682741484061,True,wing_R,high
-0.0125129815507571,0.0009711984828443,-0.0033858033209421,0.0016497865387698,0.0003206368134185,0.2715225038319479,0.2715225038319479,0.2715225038319479,False,0.1501381717716241,6.815151468998501e-05,2.841395079027808e-05,3.1415793310925384e-05,2.3985230069907515,0.5390301528317757,0.0440466002010727,0.4169232469671515,-0.5280736846545383,-0.7791699051446641,-0.3376869000897645,6419.789002496745,True,wing_R,high
-0.0117289830520816,0.0025003683612281,-0.0042234147368471,0.0004733550118199,0.0004326754832345,0.1632370948858933,0.1632370948858933,0.1632370948858933,False,0.9249881475615728,0.0001066024289459,0.0001151037260363,5.138423149525616e-05,2.2400593078251907,0.0738577054210121,0.4797255427962543,0.4464167517827335,0.1823745498994827,-0.6813697520210488,-0.7088545581286305,18426.18768848948,True,body,high
-0.0117246471572492,0.002414103696956,-0.0039534745616949,0.0001903913421671,0.0001769207826531,0.1407376640418469,0.1407376640418469,0.1407376640418469,False,0.2554299847869184,7.550356999295733e-05,0.0001659680398899,7.059984270319163e-05,2.350827332402544,0.5450716291943491,0.0295462143977616,0.4253821564078892,0.2575623241601004,0.3614436336774843,0.8961139151063686,13074.143285144652,True,body,high
-0.0117457491955434,0.0024821566424431,-0.0041604486835183,0.0004081748718344,0.0003756135128857,0.1178972420359072,0.1178972420359072,0.1178972420359072,False,0.4068221110003808,9.22697791175874e-05,0.0001314945217993,4.513613460788048e-05,2.9132871687329764,0.2982994435434445,0.3584456893316946,0.3432548671248608,-0.1956076499790762,-0.5391065542117969,-0.8192080141670652,18845.75750646064,True,body,high
-0.0128260411002588,0.0004377155459982,-0.0031279914799714,0.002313653437377,0.000508665134314,0.3014222835970709,0.3014222835970709,0.3014222835970709,False,0.0555227902303066,4.866455434733554e-05,2.0787376788092456e-05,2.279013587096293e-05,2.3410627922620737,0.53168921041993,0.0411543701515502,0.4271564194285198,-0.5421171608610773,-0.7958829504891971,-0.2695910106448934,10492.129405976912,True,wing_R,high
-0.011208042436281,0.0023081899263232,-0.0036910102852384,0.0005298622883883,0.0005214503860333,0.1103676258538525,0.1103676258538525,0.1103676258538525,False,0.9603552519855552,5.795522552777256e-05,0.0001345757287397,5.971081235483968e-05,2.3220637572230327,0.5563032582916818,0.0130453451265529,0.4306513965817652,-0.7542679173933564,0.6434812707450164,-0.1304291493166615,16830.76601799529,True,body,high
-0.0118871931516095,0.0026143767815386,-0.0037296750384319,0.000292833473224,0.0002377374087902,0.106259354919433,0.106259354919433,0.106259354919433,False,0.3485225523331451,4.65066859038823e-05,8.408745595305328e-05,3.669062354376919e-05,2.291796863379637,0.4469248073119566,0.1167363460917821,0.4363388465962612,-0.1177121629005089,-0.6665491630816468,-0.7361087283142622,4454.566651797972,True,body,high
-0.0117748987101953,0.0024580216655749,-0.0040224472601294,0.0002728036385934,0.0002512460068912,0.1759430174364633,0.1759430174364633,0.1759430174364633,False,0.1866951547776802,6.725488858063297e-05,3.231300819637618e-05,8.679375270423456e-05,2.686031339971877,0.2251183237828626,0.402585201072335,0.3722964751448023,0.9035582738657426,-0.424668250075018,0.0569150516733634,15038.232346531222,True,body,high
-0.011777308694347,0.0025654007465478,-0.0042144610038939,0.000489277126825,0.0004285614580248,0.1077951266524215,0.1077951266524215,0.1077951266524215,False,0.2073542058923718,0.0001425334768255,0.0001339088560827,5.375113591256642e-05,2.651729575675738,0.0605094391494936,0.5623782002338811,0.3771123606166253,0.2197639741975802,0.9289891901237444,0.297796709649578,13420.167744664232,True,body,high
-0.0113520868308684,0.0035268796723086,-0.0040768816143815,0.0012539752980884,0.0001154274163871,0.3430904451733159,0.3430904451733159,0.3430904451733159,False,0.114789852269357,8.870316636788959e-05,4.225127430430499e-05,3.772027753414984e-05,2.3516042873115843,0.5236779470862284,0.0510804400303276,0.425241612883444,0.7385178242848592,0.657299109745416,-0.1501642552055635,5627.696062701573,True,wing_L,high
-0.0116530620169548,0.0024416043300842,-0.0041087305084882,0.000355989584254,0.0003259506145211,0.2398943461326781,0.2398943461326781,0.2398943461326781,False,0.0278678664454892,5.945522381915333e-05,5.4093311656664857e-05,2.3840528467419733e-05,2.493871891321719,0.0901840379711285,0.5088330552966361,0.4009829067322353,0.6866767677951343,-0.7142074362991985,-0.1355830170240866,21513.33609983168,True,body,high
-0.0124375015535051,0.0025646972856562,-0.0037148145259021,0.0007368577859383,0.0007349899102324,0.2702363887445113,0.2702363887445113,0.2702363887445113,False,0.129192404821188,4.968119977808355e-05,2.091946828108609e-05,2.3094166736477204e-05,2.37487870678825,0.5351527974438128,0.0437730663732976,0.4210741361828895,-0.6137220269167519,-0.626735136820866,-0.480154498001762,2956.3436926123545,False,body,high
-0.0113666630843715,0.0023125735366068,-0.0037935962347181,0.0003674336943962,0.0003618349555201,0.1322897929616998,0.1322897929616998,0.1322897929616998,False,0.917910836592244,8.826024234871062e-05,0.00012814801258,5.2557593354305446e-05,2.4382397366669046,0.3112632761777819,0.2786047811089027,0.4101319427133153,0.0480683469607334,-0.6153193443692506,-0.7868109928473666,23687.30137129361,True,body,high
-0.0115779209269162,0.0023794620049443,-0.0040297379936127,0.0003020587773234,0.000286243136612,0.1769563395943854,0.1769563395943854,0.1769563395943854,False,0.1314016491685016,6.457017109463573e-05,0.0001507349878112,6.023034487229428e-05,2.5026419511773565,0.5716311651845825,0.0287911007613892,0.3995777340540282,0.4416489365424313,0.4107430872767228,0.7976442396866701,12950.64813090806,True,body,high
-0.011352869783881,0.0022586264869185,-0.0038205017721896,0.0003956335751895,0.0003950192122276,0.1541580202447268,0.1541580202447268,0.1541580202447268,False,0.5722744689556564,8.552632465809198e-05,0.0001926790245539,9.382731667433582e-05,2.252862207329243,0.5130382412329141,0.0430819703154455,0.4438797884516403,-0.6395619444767036,0.7681930591422526,-0.0289817712165046,26942.15148813498,True,body,high
-0.0116018871661097,0.0021919444099159,-0.0034541918747304,0.0003829667359459,0.0003397193145939,0.1364556019511488,0.1364556019511488,0.1364556019511488,False,0.1176453708966263,7.708377306152138e-05,0.0001607900370681,5.649118512688511e-05,2.846285428549604,0.520593598539633,0.1280712929116874,0.3513351085486795,-0.3549838268474463,-0.5156281266738154,-0.7798167205565645,7116.34078228368,True,body,high
-0.0116216270935917,0.0024162893441786,-0.0040035894112514,0.000262570609094,0.0002370429026031,0.1108309232145432,0.1108309232145432,0.1108309232145432,False,0.1876907059293402,8.026191341043938e-05,0.0001850084643986,7.45963902412205e-05,2.4801262339958803,0.566171668570278,0.0306230484515083,0.4032052829782135,0.098502357809505,0.4223500266070377,0.9010647815395976,15583.016748216169,True,body,high
-0.0114399468058716,0.0023334248113229,-0.0038784995893392,0.0003112719500318,0.0003024789415598,0.1362796249540889,0.1362796249540889,0.1362796249540889,False,0.081588403159388,9.38364888945924e-05,0.0002098345764423,8.066054472568817e-05,2.6014525088564864,0.5528073090453562,0.0627920545426543,0.3844006364119894,0.1993084694076065,0.3768205322989443,0.9045896420257848,24043.079357849805,True,body,high
-0.0113138275174189,0.0022017226286111,-0.0038002141675768,0.0004491329413004,0.0004485950674552,0.1197358031595947,0.1197358031595947,0.1197358031595947,False,0.9499561523712136,6.328088433228884e-05,0.0001104760757961,4.867954713018037e-05,2.2694557018106614,0.4271982972217873,0.1321674135950572,0.4406342891831554,-0.3305533984289825,-0.4362459943906943,-0.8369133068395582,17930.847690944065,True,body,high
-0.0121452134116334,0.002424548879919,-0.003533246998745,0.0004812684605642,0.000466262581801,0.1147687994529753,0.1147687994529753,0.1147687994529753,False,0.3825853469223261,2.825015871648688e-05,6.423825467075623e-05,5.209371083546652e-05,2.273907743862217,0.1890546979760705,0.3711737225923442,0.4397715794315853,0.2682401697013269,-0.598894634519339,-0.7545677094221238,3210.999293342258,True,body,high
-0.0113380409597167,0.0023038724840571,-0.0037507045739919,0.0003965847615266,0.0003923035401246,0.1185112951538728,0.1185112951538728,0.1185112951538728,False,0.9230474798349096,6.426919962046075e-05,0.0001318369407053,5.71143115972289e-05,2.308299566578636,0.5125099287299604,0.0542707376624,0.4332193336076396,-0.2662076206420493,-0.5384656507068663,-0.799492492598229,22863.734907133625,True,body,high
-0.0108931414822384,0.0022374910045725,-0.0033992645195863,0.000922844144804,0.0009191866158752,0.0952165881769256,0.0952165881769256,0.0952165881769256,False,0.7805787125864245,5.609900182816406e-05,0.0001285274287065,6.309810920670992e-05,2.291082274515336,0.509068921383363,0.0544561378764387,0.4364749407401983,-0.6333707696107789,0.7735976352232266,-0.0197019537021316,5617.421265893585,True,body,high
-0.0115004524294565,0.0023587557083697,-0.0038818438896502,0.0002551667485253,0.0002427983608341,0.1137724595965085,0.1137724595965085,0.1137724595965085,False,0.1194982072661095,7.164641450336034e-05,0.0001585698676569,5.7557653644771845e-05,2.754974492803562,0.5481713167702715,0.0888489160441659,0.3629797671855624,0.115184953722315,0.4329915504442492,0.8940082458679413,18740.96417805985,True,body,high
-0.012131711436078,0.0018983809979894,-0.0039502276399414,0.0006476548960151,0.0003550387697136,0.1540163441337745,0.1540163441337745,0.1540163441337745,False,0.1045177724081473,5.955447648065149e-05,2.8695335007946767e-05,6.669021722390347e-05,2.32407871193818,0.106998313100326,0.4627236610895911,0.4302780258100828,0.905487635501366,0.40617996471715,-0.1229226513565336,3226.440070957526,True,body,high
-0.0114516672554668,0.0023978680396754,-0.0037520306414064,0.0002785336536073,0.0002558148759768,0.1199848881237113,0.1199848881237113,0.1199848881237113,False,0.6938837540677789,5.030360807551772e-05,0.0001162398880295,0.0001224248429786,2.4337189251878946,0.0505204237844468,0.5385857833249894,0.4108937928905637,0.2802258853214726,0.3396607816692956,0.8978329502705945,10560.97753710714,True,body,high
-0.0116017515405991,0.0036882480805137,-0.0037676002482301,0.0013230376523491,0.000364455260578,0.3018347685666748,0.3018347685666748,0.3018347685666748,False,0.0918791705628986,8.910012071694775e-05,4.26407263844518e-05,3.857978255335195e-05,2.309502926661944,0.5214290840310714,0.0455773100914263,0.4329936058775023,0.650244483800993,0.730994667194064,-0.2069514624742221,5237.441636190341,True,wing_L,high
-0.0120051020318444,0.0012901551253452,-0.0037667916985069,0.0011159684750739,0.000193204451011,0.385954799710084,0.385954799710084,0.385954799710084,False,0.105575534030585,6.676549936653334e-05,2.8918299257241488e-05,3.2469345388441606e-05,2.308763000639274,0.5136807827918818,0.0531868429786672,0.4331323742294509,-0.2646084869498513,-0.5824619413444112,-0.7685833952925405,10940.2957123571,True,wing_R,high
-0.0113377512195715,0.002298802063227,-0.0037994433521947,0.000398628826968,0.0003939170305772,0.1298542955347809,0.1298542955347809,0.1298542955347809,False,0.1862049944917326,8.925328768317739e-05,0.0001712547220129,6.02926421718322e-05,2.8403917268189933,0.4788272893494956,0.1691085954941353,0.352064115156369,0.1491945071407144,-0.5241646291849218,-0.838446444652533,24844.17470228016,True,body,high
-0.0115432390974597,0.0024111084302213,-0.0039046911055739,0.0002336252157023,0.0002019559596535,0.1409927012185529,0.1409927012185529,0.1409927012185529,False,0.109470917976335,8.576032579308373e-05,0.0001812269724394,7.555341446271893e-05,2.39866025550477,0.5267794598193191,0.0563211490705539,0.4168993911101269,0.2991123887994442,0.3830037961696556,0.8739793309834754,17024.09138900179,True,body,high
-0.0112411774700702,0.0023433839020103,-0.0035173116108852,0.000548704608962,0.0005414056188322,0.1353391081083462,0.1353391081083462,0.1353391081083462,False,0.0809030906030429,9.048218611212172e-05,0.0002155629889856,8.082147598462956e-05,2.667149867772813,0.5802517559349549,0.0448161819102311,0.3749320621548139,0.2617003209670134,0.3438362452550539,0.90182569183555,6733.68531360771,True,body,high
-0.0112305266545714,0.0025885466970343,-0.0037925464446972,0.000543828522625,0.0004031085470517,0.1157850136463927,0.1157850136463927,0.1157850136463927,False,0.0926520753576806,7.963062709631642e-05,0.0001089482457326,4.741906382810908e-05,2.297562139302625,0.2690967480859476,0.2956593110021743,0.435243940911878,-0.0277686980982117,-0.6943355125767756,-0.7191154951610186,4729.028895231354,True,body,high
-0.0117822982462854,0.002625864562258,-0.0043738857359628,0.0006593966303776,0.0005787273565297,0.1382044763461608,0.1382044763461608,0.1382044763461608,False,0.3549149011670766,7.071796960447357e-05,0.0001034529145895,3.947837012806793e-05,2.620496090743253,0.3164236127607434,0.3019692543255917,0.3816071329136649,0.0326323711660211,-0.625004770967803,-0.7799385646443997,6742.034484370694,True,body,high
-0.0107563973244741,0.0022940531727726,-0.003362479711036,0.0010560949911861,0.001041895047054,0.1346914939273067,0.1346914939273067,0.1346914939273067,False,0.6385726662548583,7.18101085563849e-05,0.0001651102528157,6.831725651000935e-05,2.4168162079459394,0.5650778353752414,0.0211546647576903,0.4137674998670683,0.4200433953530898,0.3367416496594352,0.8427150214662665,5741.619236952379,True,body,high
-0.0116586845960758,0.0024546289589426,-0.0041359351904781,0.0003836568084278,0.0003497072340833,0.0949996518864549,0.0949996518864549,0.0949996518864549,False,0.9358877184974956,5.3702920875863325e-05,0.0001183134167892,5.178961370386437e-05,2.2845008550513697,0.5460961036099582,0.0161715148114348,0.437732381578607,0.2187055990326622,0.4581770422430671,0.8615344792364139,25087.449176898703,True,body,high
-0.0116932434841737,0.0024375471460584,-0.0041419125693807,0.0003813692447254,0.0003578760097836,0.107447241684987,0.107447241684987,0.107447241684987,False,0.2238305173595793,6.440688588529708e-05,0.0001744510649785,7.624401259741474e-05,2.708577857486871,0.5629489988681473,0.0678535652021945,0.3691974359296582,-0.610468689353703,0.7784802225391033,-0.1459332807629576,24859.75860723252,True,body,high
-0.0117717843477141,0.0025348245715363,-0.0042509505958726,0.0005117242984801,0.000464392583167,0.1283962724769696,0.1283962724769696,0.1283962724769696,False,0.6609263689376699,4.626162248787887e-05,0.0001200865900893,0.0001042128613569,2.595814492256138,0.1321856896808009,0.4825787694193347,0.3852355408998643,0.1629145196415085,0.4422942655230859,0.8819493420686761,13864.603650306888,True,body,high
-0.0120092469344411,0.002020789966512,-0.0039940007035905,0.000502757505988,0.0003274957479906,0.0960967758171026,0.0960967758171026,0.0960967758171026,False,0.1592579781223954,0.0001428695528257,0.000171234879633,6.245083938293069e-05,2.7419147816914498,0.1656515709192058,0.4696397931022851,0.364708635978509,0.5373305585752102,0.8222930062848679,0.187376846585288,3865.189702180663,True,body,high
-0.0114205695627437,0.0023321018346735,-0.0038781347580964,0.0003293459079951,0.0003198988843008,0.2221517083687231,0.2221517083687231,0.2221517083687231,False,0.0805674043681329,3.497873280095251e-05,4.027601977402092e-05,7.690813082178204e-05,2.198711178573277,0.476309990326616,0.0688781136203105,0.4548118960530735,-0.886084087310868,0.1924492006051632,0.4216850666088376,22826.44025011674,True,body,high
-0.0128078109377253,0.0004193720133782,-0.0031398828083191,0.0023172183494432,0.0004819175114099,0.3262905605383644,0.3262905605383644,0.3262905605383644,False,0.0379040494500521,3.209832012527797e-05,7.355399038632906e-05,3.1907111839765454e-05,2.3052537865448417,0.5636087184843769,0.0025995637287416,0.4337917177868815,-0.1097196317690124,-0.4978050890421325,-0.8603206935371404,11233.034826252217,True,wing_R,high
-0.0111801559265603,0.0021246841615328,-0.0035741266594645,0.0006317043987788,0.0006256751212645,0.1674894967986043,0.1674894967986043,0.1674894967986043,False,0.021632285766607,3.453315920129272e-05,9.746578979128222e-05,0.0001004932964247,2.910052215003255,0.0301264536163937,0.6262371006716239,0.3436364457119823,-0.234397725615755,-0.7335836806923567,-0.6378970838999153,5893.885108701379,True,body,high
-0.0113479079686747,0.0022450003267828,-0.0038743477354417,0.0004148343742416,0.000414384478546,0.1581049761294815,0.1581049761294815,0.1581049761294815,False,0.3821768165045897,8.980288110268324e-05,0.0001645806166312,7.229185480143511e-05,2.276613556026614,0.4543532346589279,0.106397865433217,0.439248899907855,0.016840220317312,0.4697807947466451,0.8826224628157131,17374.059414339074,True,body,high
-0.011461024209731,0.0023126820049161,-0.0037814482554505,0.0002741230219253,0.0002722307476091,0.1323054637586861,0.1323054637586861,0.1323054637586861,False,0.9817170561474864,0.0001057968022758,0.0001634159038107,5.756665651477253e-05,2.8387249443393574,0.3525917624371034,0.2951374048448204,0.3522708327180762,0.1147423019922402,-0.5894711442020757,-0.799598633244591,16808.66544199075,True,body,high
-0.0111734358782932,0.0027008662208188,-0.0038742942032685,0.000654202073817,0.0004206620960218,0.2047910042459122,0.2047910042459122,0.2047910042459122,False,0.0454529693619896,5.177608249554129e-05,2.304143475109477e-05,3.568015986202394e-05,2.247085871815393,0.3108756371226706,0.24410354166941,0.4450208212079194,-0.7122868700308957,-0.6774550033174522,-0.1835814077234951,6116.721305897596,True,body,high
-0.0113021225567011,0.0022078807525924,-0.0038059323730369,0.0004581645341732,0.0004580175654057,0.1558081282647406,0.1558081282647406,0.1558081282647406,False,0.5365275560051396,7.962667822667079e-05,0.0002016169469902,8.253131364779173e-05,2.532027600301869,0.5906528946112451,0.0144067027324884,0.3949404026562664,-0.5420696423679954,0.8281338918304628,-0.1426701090795307,17461.07170009934,True,body,high
-0.0114712841384838,0.0022080986819517,-0.0035088261153411,0.0003999339001986,0.0003840268668526,0.1126355197353202,0.1126355197353202,0.1126355197353202,False,0.2669451864958477,7.386060695313231e-05,0.0001753490183038,7.198159010271943e-05,2.436025906812812,0.5787794669875863,0.0107158675228928,0.4105046654895208,0.3599839506387545,0.3492906515295009,0.8651055404033727,5693.5840571986255,True,body,high
-0.0113011310702013,0.0022846456128172,-0.0037528602403133,0.0004362975277029,0.000433165653478,0.1421515331158746,0.1421515331158746,0.1421515331158746,False,0.1919672702644901,7.639088661109347e-05,0.0001959664409184,7.15263274548075e-05,2.739780552024824,0.6101838342673858,0.0248234296315589,0.3649927361010553,-0.2705302722643692,-0.502128794995426,-0.8213890947809128,25856.024050692224,True,body,high
-0.0117005566073116,0.0025123397943106,-0.0041811919524272,0.0004374956802721,0.0003861878580314,0.0991932378679872,0.0991932378679872,0.0991932378679872,False,0.0809006086790693,0.0001048552210666,0.0001822039339565,7.775646657526419e-05,2.3432640651207604,0.4245172494920643,0.1487276037513686,0.4267551467565671,0.1210039083067346,0.4551333516263179,0.8821630724598994,22800.724769145625,True,body,high
-0.0112881458483932,0.0021939228630703,-0.0037478536810762,0.0004751329893165,0.0004742267264095,0.143070258810443,0.143070258810443,0.143070258810443,False,0.9037837334811384,7.95136869108904e-05,0.0001582199439032,6.694925604344453e-05,2.363281584496613,0.4974483939930682,0.0794111700300639,0.4231404359768678,-0.3217775091881472,-0.606988444058205,-0.7266527804670335,14150.930978252232,True,body,high
-0.0118413007736472,0.0024233024174637,-0.0039005067461478,0.0001816432612239,0.0001785042341298,0.0824480160667298,0.0824480160667298,0.0824480160667298,False,0.9753266087891136,7.985778830096215e-05,0.0001072698496113,4.634035272871435e-05,2.3148259194178675,0.2555430198675373,0.3124590525079612,0.4319979276245015,-0.0055438825620088,-0.5682583480154205,-0.8228315230209176,7188.665156003229,True,body,high
-0.0118646979217323,0.0024981156037708,-0.0040826741816191,0.0003655995118929,0.0003436613404542,0.0984261422670062,0.0984261422670062,0.0984261422670062,False,0.2024602267348481,0.0001030058173522,0.0001364019219023,5.858349376757586e-05,2.328333684629076,0.2448360263868351,0.3256722703398392,0.4294917032733256,0.1589581964973743,-0.6705114815990434,-0.7246700247769031,7999.640010238302,True,body,high
-0.0118136267545812,0.0024570627365764,-0.0041403639835039,0.0003914899868618,0.000375247418111,0.1771143590687183,0.1771143590687183,0.1771143590687183,False,0.0994965496169739,6.019812957623844e-05,2.981362376235672e-05,8.798601755147241e-05,2.9512017141158573,0.3158216356249772,0.3453333456774149,0.3388450186976078,0.8385997371719267,-0.5443372014133243,0.021154006067055,10326.610999779916,True,body,high
-0.0114607998060785,0.0041380413782583,-0.0038555306865169,0.0017890526573531,0.00036683283663,0.3481623860516007,0.3481623860516007,0.3481623860516007,False,0.2343184312527257,3.617798274321697e-05,4.337827703067878e-05,0.0001052345971332,2.908802236990073,0.587794525637332,0.0684213603093299,0.3437841140533381,-0.3551821360104878,-0.6937597888067402,-0.6265325256471963,4735.486288549377,True,wing_L,high
-0.0114394507836529,0.0022837250021978,-0.0037188948638641,0.0003059598398611,0.0003059525924698,0.1006565742003132,0.1006565742003132,0.1006565742003132,False,0.3355603473328328,4.10153600916472e-05,9.65360984519413e-05,0.0001000755950054,2.439954075299209,0.0353682289207875,0.5547879915903009,0.4098437794889115,0.2280613916942465,0.4905247044974049,0.8410550017069138,13463.435449694882,True,body,high
-0.0114416312057938,0.0023713583169657,-0.0038475632454964,0.0002976695077443,0.000279076529288,0.1214961448116289,0.1214961448116289,0.1214961448116289,False,0.0893161193539824,0.0001452576757947,0.0001202189376046,5.872725467406805e-05,2.473428676360913,0.1723746304844954,0.4233282860551186,0.4042970834603859,0.3652870640133566,0.914789945157681,0.1724085760712299,20016.76002875191,True,body,high
-0.0113465249669508,0.0035996413488307,-0.0040702053013716,0.0013213822518465,0.0001022427395443,0.326426570277445,0.326426570277445,0.326426570277445,False,0.1154247269204925,9.245484262296658e-05,3.887150428915475e-05,4.279369856904719e-05,2.378473493982113,0.5371394579777602,0.0424228106242877,0.420437731397952,0.2101169837703349,-0.1208808762779969,-0.9701745548516106,6049.269379903864,True,wing_L,high
-0.0119941281055045,0.0013092770283923,-0.0037802214241791,0.0010948065407421,0.0002039372910519,0.4174934051939571,0.4174934051939571,0.4174934051939571,False,0.0824415863644108,7.852102454073991e-05,2.749206515812893e-05,3.4350927288539114e-05,2.856134091386096,0.5625257376676682,0.0873506448817606,0.3501236174505711,-0.2403757374262708,-0.647575040209194,-0.7230947878078202,10389.499214522397,True,body,high
-0.0114212007081824,0.0026103441230343,-0.0031777522327713,0.0007070715805107,0.0006691310493914,0.2167457710190453,0.2167457710190453,0.2167457710190453,False,0.3511666727793124,4.093002119011797e-05,9.521771302236906e-05,0.0001085620041444,2.652380843884325,0.122918614364598,0.5000616215597676,0.3770197640756342,-0.3729069711212742,-0.4296049652710535,-0.8224232272398524,2688.041922786624,False,body,high
-0.0119496430061601,0.0016234544824065,-0.0038896276895467,0.0007892867277931,0.0002442878876986,0.2178254754800815,0.2178254754800815,0.2178254754800815,False,0.4789761378828541,6.100503992463174e-05,2.878630667306989e-05,2.604758816483212e-05,2.342060982329145,0.5281323197454875,0.0448933155624732,0.4269743646920391,0.6739184748028907,-0.0092490228942402,-0.7387478222606461,4588.69483741725,True,body,high
-0.0116602861116526,0.0024304529895258,-0.0040811384086505,0.0003258922594506,0.0003005172273787,0.1438491579516434,0.1438491579516434,0.1438491579516434,False,0.4690573586882278,9.573452929553886e-05,0.0001217199381638,5.40759294955461e-05,2.250907923347115,0.213485228963548,0.3422495971358718,0.4442651739005802,0.1195017257872218,-0.6060279868732843,-0.7864155496047813,19107.31645251523,True,body,high
-0.0116256786169935,0.0022474900804614,-0.0041431398261599,0.0004081966155493,0.000407470404546,0.1847306018023546,0.1847306018023546,0.1847306018023546,False,0.4206387593040168,9.633629646902478e-05,0.000217077630964,8.857214263717088e-05,2.450856719739181,0.5562126966228143,0.0357667153330102,0.4080205880441755,0.4333592748965772,0.3718102061553028,0.8209487861370306,5884.111383668396,True,body,high
-0.0115395436089294,0.0023800718265702,-0.0039343040461996,0.0002518489931839,0.0002335526308705,0.1042291123733795,0.1042291123733795,0.1042291123733795,False,0.1717093929493521,8.726825815306157e-05,0.0001809428875006,7.900716919465153e-05,2.290208462663525,0.5177027438962825,0.0456557816254534,0.436641474478264,0.0152864026971008,0.468696482318487,0.8832269999014173,21118.62951143075,True,body,high
-0.0115400471037108,0.0026025394145023,-0.0039054487732084,0.0003284369303075,0.0001388982116113,0.081826833744985,0.081826833744985,0.081826833744985,False,0.9823670461626478,0.0001123865898077,0.0001286008710928,5.178250197107927e-05,2.4834812185141453,0.1260822041661806,0.4712572109479409,0.4026605848858784,-0.2956724448093558,-0.4405528376312183,-0.8476384858154689,8608.787435428538,True,body,high
-0.011266658783849,0.0023515692542045,-0.0037719313490777,0.0004622490182781,0.0004439702684988,0.1061717867748994,0.1061717867748994,0.1061717867748994,False,0.3367712544766065,5.2596101785862856e-05,0.0001122695564131,4.405411659937588e-05,2.548446435418127,0.5315194655949395,0.0760846079684397,0.3923959264366208,-0.2301063252253381,-0.600566897503704,-0.7657483142090924,13324.008683911488,True,body,high
-0.0116788469843128,0.0024856739865497,-0.0041425676906202,0.0003947756227671,0.0003505958981254,0.1296932831399934,0.1296932831399934,0.1296932831399934,False,0.3821928536271526,5.711409372383618e-05,3.182420943384946e-05,8.059672315941337e-05,2.532560104185576,0.2913596051433825,0.3137830335851931,0.3948573612714243,0.8798633623787462,-0.4744822375066617,-0.0265907847616212,25160.76641297753,True,body,high
-0.0112830944179598,0.0023009215349751,-0.0036908457626274,0.0004574539300432,0.0004530389007196,0.113106887892742,0.113106887892742,0.113106887892742,False,0.8326247448147958,4.548541322190454e-05,0.0001247186136173,0.0001036857186747,2.7419474680575893,0.1686427898172154,0.4666529218441004,0.3647042883386842,0.3422281325330352,0.284764226469374,0.8954268482831249,20168.38199899017,True,body,high
-0.0114526003676274,0.0025917515750984,-0.0035326937382093,0.0004243516130033,0.0003378148121173,0.1069734522885457,0.1069734522885457,0.1069734522885457,False,0.1323974322145298,0.0001634718619418,0.0001385616337519,5.793102214349618e-05,2.821836313141104,0.1523823604502209,0.4932384732802593,0.3543791662695197,0.2475379573657949,0.9540069882010116,0.1691024131312286,4140.336110596666,True,body,high
-0.0117405538044425,0.0030375976675326,-0.0043108281754568,0.0008595187182481,0.0004924345432884,0.3232385046836613,0.3232385046836613,0.3232385046836613,False,0.1458699395352874,8.685419801239692e-05,3.933807439525649e-05,3.718757561798283e-05,2.335570323395773,0.547079182175608,0.0247598714453239,0.428160946379068,0.8319220139750519,0.4946581421892949,0.2514340570199839,3066.890267387519,False,body,high
-0.0123306704365715,0.001539289161964,-0.0037424910918956,0.0010273880254649,0.0003291809873114,0.7473928879536902,0.7473928879536902,0.7473928879536902,False,0.0402728625809342,4.821438266394521e-05,4.803227555674564e-05,2.120345676331449e-05,2.2738925639409944,0.003777028702594,0.5564484560639988,0.4397745152334071,0.5626451056907791,-0.0342488609306503,-0.8259888017201957,4714.908011300383,True,wing_R,high
-0.0114420232178095,0.0028291679612086,-0.0039799404116091,0.0005801903614087,0.0001775221942797,0.1646138382949575,0.1646138382949575,0.1646138382949575,False,0.1017593233239412,6.63905063803686e-05,0.0001850351084279,0.00010007149119,2.787071804632156,0.45917565568906,0.1820248335347968,0.3587995107761432,-0.5325516575745763,0.8453122145618857,-0.0428484763679106,5845.30573216928,True,body,high
-0.011236737116709,0.0022114011559536,-0.0039388619431321,0.0005445742338805,0.0005435561794123,0.1769985767639453,0.1769985767639453,0.1769985767639453,False,0.3008094597312162,0.0001119331700427,0.0001682376341007,6.957798038795572e-05,2.417972369457051,0.3346722293076189,0.2517581151282245,0.4135696555641565,-0.0637744945644398,0.4936113864295867,0.8673411168796918,6648.726865382723,True,body,high
-0.0124758807886863,0.0008688094775449,-0.0034146526065131,0.0017149146884307,0.0002417256444903,0.2456673197778672,0.2456673197778672,0.2456673197778672,False,0.221155970745636,5.553099653711247e-05,2.683877484417593e-05,2.3527748864026173e-05,2.3602341583141904,0.5166883989514028,0.059624825532114,0.4236867755164831,0.6456070458943456,-0.1043240483937054,-0.7565104329870969,5494.630992528063,True,wing_R,high
-0.0113183077041806,0.0022330966112429,-0.003782563860401,0.0004330629793761,0.000433051310137,0.1451840677309841,0.1451840677309841,0.1451840677309841,False,0.5072950428578855,0.0001080955069713,0.0001361911553071,6.080900166158356e-05,2.2396545180113456,0.206295689851755,0.3472068740669295,0.4464974360813154,0.2527995004053579,-0.5971813575714614,-0.7612271926067198,19984.59582233738,True,body,high
-0.0117844630170163,0.0024478001558131,-0.0042432774980159,0.0004846431594969,0.0004673446800225,0.2279288351113967,0.2279288351113967,0.2279288351113967,False,0.981097515501782,5.35634898422852e-05,2.378944977593494e-05,3.709919604042176e-05,2.251564888922704,0.3073790346809302,0.2484854198947202,0.4441355454243494,-0.761681007463018,-0.5743212993653679,-0.2999951465697358,12317.0315741024,True,body,high
-0.0114812739369237,0.0022439849248713,-0.0036260624260449,0.0003121842618763,0.0003057837214363,0.1071896823843025,0.1071896823843025,0.1071896823843025,False,0.3972351326419449,9.00494417259497e-05,0.0002015039198642,8.858633456227018e-05,2.274661445920525,0.5531132010403015,0.0072609364853322,0.4396258624743662,0.4564006379206782,0.4094012288434339,0.789993095873049,8102.933610398981,True,body,high
-0.0114984251728574,0.002398963690844,-0.0038915600861176,0.000262590686043,0.0002344576777642,0.1602125974391953,0.1602125974391953,0.1602125974391953,False,0.116290911039632,7.15785975657441e-05,0.0001974993751954,8.572974275239041e-05,2.7591959316343657,0.5659239799238308,0.071651594708281,0.3624244253678882,-0.6937955974240155,0.7200707164137153,-0.0120761069261595,16742.235499290204,True,body,high
-0.0112431044807949,0.0023064915465262,-0.0036810642784009,0.0004973293432658,0.0004908907943137,0.0955283227006683,0.0955283227006683,0.0955283227006683,False,0.8221153296299115,9.15575799924208e-05,0.0001820525622304,7.887519606069107e-05,2.308109156272516,0.4970816182388429,0.0696633091913002,0.4332550725698568,0.1346971982029718,0.5019933511199268,0.8543180556605691,18568.57318433534,True,body,high
-0.0115680471578212,0.0023923048657056,-0.0039675810783828,0.0002569247807656,0.0002358724783721,0.1340913293053828,0.1340913293053828,0.1340913293053828,False,0.1584012036394186,6.965745235512577e-05,0.0001566869794895,7.096286960725505e-05,2.249392910477922,0.5471042339419329,0.0083313703307181,0.4445643957273489,-0.737419072303225,0.6075341123727908,-0.2951532044665225,20606.643109438064,True,body,high
-0.0113995275698026,0.0023158352509596,-0.0037893267046726,0.0003342658016614,0.0003295667812546,0.1187820367558849,0.1187820367558849,0.1187820367558849,False,0.315906316629039,0.000103879511305,0.0001126559880783,4.586376176163329e-05,2.4563180984551,0.0779051067143066,0.514981498392357,0.4071133948933363,0.0612874105350357,-0.7326463077415295,-0.6778445552356487,19720.04224300257,True,body,high
-0.0113159929938088,0.0021638280295426,-0.0038159000251337,0.000464191345234,0.0004608443199706,0.1217650704843764,0.1217650704843764,0.1217650704843764,False,0.4535940897743971,5.294803976955004e-05,0.0001221105382657,4.994723577023135e-05,2.4447907152961554,0.5663925446441783,0.0245744883442208,0.4090329670116007,0.2566231511894313,0.3120467522086087,0.9147520881144056,13275.940725697836,True,body,high
-0.0112693247026754,0.0022874605545294,-0.0036672344028892,0.000477488923683,0.0004747058076713,0.1262863644415152,0.1262863644415152,0.1262863644415152,False,0.1544676565613173,5.898517004024213e-05,9.742819851640429e-05,4.220991267096151e-05,2.3081828971285794,0.3945780488765721,0.1721807200043437,0.4332412311190841,0.1928158944439998,-0.7387333147944956,-0.6458290179780537,17128.611410960202,True,body,high
-0.0113093572144921,0.0023067983861589,-0.0037687397612304,0.0004240467887862,0.0004177540912331,0.1003136662241963,0.1003136662241963,0.1003136662241963,False,0.6559774442658082,7.013786621867762e-05,0.0001460517365645,6.458125625053527e-05,2.2615189769291075,0.519773828997236,0.038045490583319,0.442180680419445,0.0565076531753243,0.4783418788786651,0.8763537710556427,24943.77580318908,True,body,high
-0.0115563304831343,0.0025913163526181,-0.0044398893885039,0.000727653856548,0.0006290377658414,0.1648649745865767,0.1648649745865767,0.1648649745865767,False,0.0465729731836321,5.5325000346748905e-05,3.6801817838969685e-05,8.244415124940672e-05,2.240219535082478,0.3289396578371951,0.2246755194524792,0.4463848227103256,0.8523603764980492,-0.5160721428238322,0.0845655484066741,3534.739033480673,False,body,high
-0.0113369743469248,0.0023417189797252,-0.0037650279559215,0.0003926223884068,0.0003806806284048,0.0940034129149472,0.0940034129149472,0.0940034129149472,False,0.2893326486673961,5.329389506615415e-05,0.0001259756294273,0.0001137151087308,2.363790998406335,0.0973245440587819,0.4796262097624321,0.4230492461787859,0.2701544402653489,0.2429167059882193,0.9316694973845332,17511.733916164656,True,body,high
-0.0117888335169632,0.002706295874829,-0.0040145649047633,0.0004203163934923,0.0002566862074491,0.0747280299667778,0.0747280299667778,0.0747280299667778,False,0.1564619028279775,0.000166775958969,0.0001371126545193,6.608439017796569e-05,2.5236815913706443,0.17786319223138,0.4258903068552908,0.3962465009133291,0.2734302773504491,0.9589116612367844,0.0756591658172802,4467.60263603248,True,body,high
-0.0112958361927223,0.0042488843975943,-0.004050219710332,0.0019473496869566,0.0001947677372578,0.3674125141316655,0.3674125141316655,0.3674125141316655,False,0.1045632357812418,3.380479028030183e-05,4.1332632510573096e-05,9.5340517384066e-05,2.820325657799488,0.5664735870472535,0.0789574300288974,0.3545689829238491,-0.5168098497049196,-0.5909194470342206,-0.6194528120565355,8449.414423675653,True,wing_L,high
-0.011572700594271,0.003671736740331,-0.0039001846719656,0.0013163933748387,0.0002793189359835,0.3113952662328575,0.3113952662328575,0.3113952662328575,False,0.1003343520805855,8.668737190861819e-05,3.680652113058064e-05,4.1234441161228464e-05,2.355217750709782,0.5243316269329759,0.0510791818134195,0.4245891912536045,0.1956554637018708,-0.1266256204467457,-0.97246331127199,5329.091636019592,True,wing_L,high
-0.0126772359947208,0.0013089378415005,-0.0033423997082573,0.0014865695973044,0.0005971096618726,0.1998337527520097,0.1998337527520097,0.1998337527520097,False,0.1199211883713552,6.170919819892568e-05,2.738825295839405e-05,4.123888503837783e-05,2.253126487938794,0.3317222352259347,0.2244500412294274,0.4438277235446378,-0.7100816291813571,-0.6269982985475446,-0.3204016440620034,6182.689481042238,True,wing_R,high
-0.0113460711532195,0.0023230587239903,-0.0041097364467893,0.0005151121307179,0.0004984850446202,0.1097441568063672,0.1097441568063672,0.1097441568063672,False,0.1646305698975802,0.0001305942151765,0.0002101104144081,9.161618785395431e-05,2.2933765236241226,0.3784495854507289,0.1855121148200388,0.4360382997292323,-0.0360076860876222,0.4974778017517488,0.8667290714559325,4672.227495426438,True,body,high
-0.0116960194984399,0.0021137725297485,-0.0036401530500676,0.0002893340131627,0.000144609344444,0.1585136274706379,0.1585136274706379,0.1585136274706379,False,0.0156036446543266,6.462339720160964e-05,3.457784576176609e-05,9.088528153619554e-05,2.6284252108235884,0.2889564062595435,0.3305876477686626,0.3804559459717939,0.9000926103622271,-0.4028700589687761,0.1659186799543881,5044.587843580761,True,body,high
-0.0113013170040115,0.0023466739677774,-0.0036870547064107,0.0004354511220208,0.0004238565386606,0.1130656259444538,0.1130656259444538,0.1130656259444538,False,0.1441560742442507,0.0001563873636225,0.0001280463119098,6.226482029886314e-05,2.511648839134072,0.1812234125328726,0.4206317574976779,0.3981448299694494,0.2772807087890419,0.9575833045128668,0.0784195348855416,13027.853032438792,True,body,high
-0.0117739656280582,0.0022652250754379,-0.003255240121151,0.0005255864027364,0.0004884503735016,0.2723088012034852,0.2723088012034852,0.2723088012034852,False,0.1235166312203161,4.075925375899798e-05,3.2494095996482936e-05,8.255209517421365e-05,2.54052598303239,0.5062602145592819,0.1001205086929978,0.3936192767477202,0.3552848085542006,0.7271955703997612,0.5873323651916103,3349.418671982692,True,body,high
-0.0119438258187925,0.0011376857735389,-0.0038595544305786,0.0012556063258568,0.000343435172185,0.8019051004037276,0.8019051004037276,0.8019051004037276,False,0.0255677620479406,4.738818702469042e-05,4.588633668698163e-05,2.0649166707534264e-05,2.294920066067358,0.0316925046515555,0.5325624710288701,0.4357450243195743,0.5161227535848371,-0.0861095590002541,-0.8521751270019489,5106.553982022076,True,wing_R,high
-0.0114496786290947,0.0031586802823191,-0.0039137445111567,0.0008479065460855,1.7021104614892177e-05,0.2931723151784368,0.2931723151784368,0.2931723151784368,False,0.0914063761463737,3.234831188639871e-05,7.471037343471687e-05,5.525033973189724e-05,2.309560192726158,0.2604729813032473,0.3065441489930537,0.432982869703699,0.7916177135141157,0.5372689191336159,-0.2910043026892894,5441.219596209812,True,body,high
-0.0116477620882763,0.0047114285767754,-0.0038735231281713,0.0023439036174853,0.0007192889121946,0.8229446250040588,0.8229446250040588,0.8229446250040588,False,0.0509599341897132,1.44323060603376e-05,4.021725665893631e-05,1.7794787668168638e-05,2.7866133444508967,0.5575335279808395,0.0836079307036446,0.3588585413155158,0.4979571693599975,0.6276382617379419,-0.5984219831235761,3763.2115088866058,False,wing_L,high
-0.012321267956017,0.0026326285723746,-0.0043819169774064,0.0008925255968208,0.00087938244906,0.1939047100750311,0.1939047100750311,0.1939047100750311,False,0.5666195541930715,6.175193843979477e-05,2.739723953125449e-05,4.556582076580674e-05,2.253947459536892,0.2621151348919796,0.2942188001477194,0.4436660649603009,-0.7152501771443076,-0.6959645028117021,-0.063644284276723,4991.444323333776,True,body,high
-0.0111975137969621,0.0023111693215014,-0.003589835749174,0.0005632683753884,0.0005569244066034,0.0929364535870824,0.0929364535870824,0.0929364535870824,False,0.3142940977003486,0.0001252328414995,0.000201370502603,8.052872808042886e-05,2.500604534593977,0.3780973882433383,0.2219993139077798,0.3999032978488819,0.0613114607014372,0.529684922816165,0.845975642278127,9974.940945454937,True,body,high
-0.0117766161472681,0.0028735947981573,-0.004183602643306,0.000653721870455,0.0003965789599056,0.1588957124392209,0.1588957124392209,0.1588957124392209,False,0.0769762156707107,3.508363491115703e-05,3.2259094257318514e-05,8.035596416647502e-05,2.490955372940917,0.5633972502840787,0.0351503548384642,0.401452394877457,0.207050902112976,0.8769771998345978,0.4336368468021032,3848.904170768952,False,body,high
-0.0116589306317657,0.0022212982109312,-0.0043782509130861,0.0006322519581961,0.0006318510394519,0.126157231693816,0.126157231693816,0.126157231693816,False,0.1080878032874901,9.644329654494932e-05,0.0001220479604506,4.469340532220795e-05,2.730782306041464,0.2097918212736874,0.4240127490182603,0.3661954297080523,-0.2643848789850594,-0.433265343475656,-0.86161579483374,4809.912244018236,True,body,high
-0.0118214266320742,0.0021726439243679,-0.0043183721654683,0.0005924642315249,0.0005782569280413,0.2116802363356658,0.2116802363356658,0.2116802363356658,False,0.0690324885074093,9.298831634916712e-05,4.14058568625439e-05,3.142577172020592e-05,2.9589827475701465,0.5547197918169989,0.1073262269300929,0.3379539812529081,0.9694159712695236,0.2252125905733217,-0.0975292965975855,5029.680242332601,True,body,high
-0.0121525556536991,0.0024347778394179,-0.0036797108520215,0.0004378054042024,0.0004286566363746,0.2099070150371814,0.2099070150371814,0.2099070150371814,False,0.0620851264892372,2.1946446099852767e-05,2.305585422120448e-05,5.266320787924838e-05,2.399623503488416,0.5622018644578334,0.0210660946423066,0.41673204089986,0.8706144336785439,0.2936239926998928,0.3947346688366272,4164.141820757865,True,body,high
-0.0119037225577705,0.001359020887171,-0.0038435857146393,0.001030107559921,0.0002829077346776,0.4278148108502936,0.4278148108502936,0.4278148108502936,False,0.0496692129668768,1.8318467129404368e-05,5.162377978043957e-05,1.74491741484739e-05,2.958522812665869,0.6451544771166621,0.0168390029677727,0.3380065199155652,-0.7640698463647216,0.3793164381404151,0.5218393523227809,6534.558301986572,True,body,high
-0.0110075376777691,0.0028116407035104,-0.0034707306100137,0.0008955544036326,0.00067023321877,0.2112615973835545,0.2112615973835545,0.2112615973835545,False,0.0186421079211103,5.536849334778579e-05,6.072786706049849e-05,0.0001107439043823,2.0001249390470366,0.4516369329834812,0.0483942998271792,0.4999687671893396,0.3380004145255012,0.9408316887828913,-0.0243198100840097,3497.5933090495896,True,body,high
-0.0120055058594581,0.0023258961677061,-0.0040790197019183,0.0004189798074503,0.0004109601129268,0.3596048674093007,0.3596048674093007,0.3596048674093007,False,0.0141028753729729,2.680304180871655e-05,7.126364592487843e-05,2.756999183012581e-05,2.6587894923815307,0.6131268408693498,0.0107621496410347,0.3761110094896155,0.9963087810358092,0.059702773410137,-0.0616797509566772,5973.354464525495,True,body,high
-0.0118427981980477,0.0025560326835183,-0.0042278797584353,0.0005086165172671,0.0004638584884201,0.167432395911731,0.167432395911731,0.167432395911731,False,0.1501532309983698,6.36735840554434e-05,3.299409626300925e-05,9.725478823280578e-05,2.9476421314149244,0.3452910112453963,0.3154547796556242,0.3392542090989793,0.8337381373566572,-0.5433478463373933,0.0982539373133098,10149.728999347875,True,body,high
-0.0118006306486989,0.0035341888384002,-0.0045425661734555,0.0013991031509329,0.0007419046302302,0.3929042517133643,0.3929042517133643,0.3929042517133643,False,0.0681239512475782,4.291319720378949e-05,3.438724410621319e-05,9.684597580194284e-05,2.816334321610973,0.5568923040070334,0.0880362144836302,0.3550714815093364,-0.5979126396820519,-0.3223435323410577,0.733890402217068,1815.3099350240043,False,body,high
-0.0119925642261001,0.0023994363375184,-0.00438789140134,0.0006743925974193,0.0006732204709654,0.1900517453438752,0.1900517453438752,0.1900517453438752,False,0.0262765455213525,6.120824757996609e-05,2.442090747530693e-05,2.0981706050238563e-05,2.917219764370407,0.6010193325106716,0.0561885295045442,0.3427921379847841,-0.9107066610452624,0.4097064364541092,0.0524786952568774,4206.168701250868,True,body,high
-0.0122256392668069,0.0014209157936863,-0.0035487152218382,0.0010947506195705,0.0001729736414967,0.4211390008916007,0.4211390008916007,0.4211390008916007,False,0.0313071737580313,5.1319489263477776e-05,5.428136433482931e-05,0.0001240206659011,2.4166387405850283,0.5623200057795968,0.0238821090810147,0.4137978851393885,-0.6157123326420513,-0.381165838509484,0.689645508203922,6303.006878012064,True,wing_R,high
-0.01168009683329,0.0021187804951225,-0.0033946887287044,0.0004532796560896,0.0003569562929079,0.3479533860445823,0.3479533860445823,0.3479533860445823,False,0.0540428712859849,2.1834257290916523e-05,4.90817027897328e-05,2.076126465973054e-05,2.364099855869273,0.5551446659368154,0.0218613570882556,0.4229939769749288,-0.8608306419471221,0.2212373442436033,0.4582844568572484,5810.823394257108,True,body,high
-0.0120699225585253,0.0015520579814899,-0.0035545964755128,0.000912839516615,9.372986655305111e-05,0.5634568326619102,0.5634568326619102,0.5634568326619102,False,0.1181361625938696,3.017944457515137e-05,2.399389721519749e-05,7.205666038543086e-05,3.003124491997527,0.581170645243318,0.0858428260048051,0.3329865287518768,0.2897102262829582,0.5588418826632513,0.777022351653072,5608.263773753056,True,wing_R,high
-0.0128772353288277,0.0006259111319405,-0.0037873137251895,0.0020895914224302,0.0006251918334949,0.5085837836123661,0.5085837836123661,0.5085837836123661,False,0.0171088764341278,7.788775632679886e-05,2.770092435096695e-05,3.2163987314355994e-05,2.81173853045377,0.5870469399657193,0.0573012136164646,0.355651846417816,-0.4015640421502184,-0.7369465642745705,-0.5437426610593324,1792.9353335826324,False,wing_R,high
-0.011649341105021,0.0021009520621213,-0.0033921304814517,0.0004697042737846,0.0003720696915878,0.3526767189465589,0.3526767189465589,0.3526767189465589,False,0.042658279289321,4.985752747629026e-05,2.4053648694888267e-05,5.258702369058699e-05,2.186238951006317,0.0519043677078325,0.4906890896360208,0.4574065426561465,-0.3372731902041506,0.8423464785365582,0.420356045830882,5772.717320574184,True,body,high
-0.0119934416064646,0.0016028689270197,-0.0034932312460037,0.0008580106207642,0.0001439473445371,0.4635208857219016,0.4635208857219016,0.4635208857219016,False,0.2089963910580368,3.058803168260284e-05,7.001509927962338e-05,2.470787798442424e-05,2.8337155996868955,0.5631223550731301,0.0839840799867281,0.3528935649401417,-0.3446447730591395,-0.7030871069859874,-0.6220036176688115,6455.368779675486,True,body,high
-0.0126949009200693,0.0008796278155663,-0.0032955379481761,0.0018390954465701,0.0004781459109912,0.410883910281739,0.410883910281739,0.410883910281739,False,0.0137031464757032,3.236929652278937e-05,3.520150553150209e-05,9.192013390209272e-05,2.8397322084950787,0.6170424907235621,0.0308116284048215,0.3521458808716163,-0.6646394957844108,-0.7041544914002793,-0.2498415355465494,5710.53142775079,True,wing_R,high
-0.0111980377710104,0.0023867185534549,-0.0034530281675147,0.0006170919572339,0.000602514654084,0.1500581563902355,0.1500581563902355,0.1500581563902355,False,0.0351703868188283,3.062624039219555e-05,3.323828765785239e-05,8.50580458903244e-05,2.77729309249462,0.6092281769474164,0.0307089968775542,0.3600628261750294,0.0470317509644288,-0.9773718734176432,-0.2062334489196798,5405.948822788209,True,body,high
-0.0113617821054447,0.0025440433376795,-0.0037011424705348,0.0004108192473671,0.0003118525159444,0.1102730630188186,0.1102730630188186,0.1102730630188186,False,0.1331302059877827,5.624964623019331e-05,0.0001252438893862,0.0001315482679435,2.338650582889314,0.0479244512747929,0.5244785373048272,0.4275970114203798,0.3390416049812308,0.2456725992176861,0.9081276144272772,5027.483607231048,True,body,high
-0.0117628767388876,0.0033507470968036,-0.004063408930316,0.0010236121361168,0.0003774906166509,0.4370471549656337,0.4370471549656337,0.4370471549656337,False,0.0080671334348956,2.665532221993103e-05,7.139398074879992e-05,2.8267568255933423e-05,2.6784137201469047,0.604062303860139,0.0225823804625083,0.3733553156773526,0.8151731179450579,0.4476420646210267,-0.3675722646794197,2818.0120048790923,False,wing_L,high
-0.0118445068072626,0.0039616318006494,-0.0035560281891267,0.0016085936556244,0.0007607595012179,0.4045349675906597,0.4045349675906597,0.4045349675906597,False,0.0120104961366152,4.222468866162539e-05,3.752276585998399e-05,0.0001123068224669,2.99303156078596,0.6240238327990721,0.0418667601696824,0.3341094070312454,-0.765192253608872,-0.3174329160364042,0.5601045963332211,4861.2521988216295,True,wing_L,high
-0.0129583463435285,0.0007018119497614,-0.0030877509715169,0.0021823149741882,0.0007250867799356,0.4216598867498005,0.4216598867498005,0.4216598867498005,False,0.0380897821113418,2.8407448097257512e-05,6.67959417797501e-05,3.286784662249124e-05,2.351353122289033,0.5079364741817972,0.0667764898044441,0.4252870360137586,-0.1385155786789742,-0.718861991848592,-0.6812127943151859,3982.415666111964,True,wing_R,high
-0.0111953829083451,0.0044034096697102,-0.0041014322564232,0.0021271715187743,0.0001480485768608,0.4607583907176302,0.4607583907176302,0.4607583907176302,False,0.0138978168403179,1.988447002729513e-05,4.801551306634001e-05,3.046456723222614e-05,2.414724304969144,0.3655265707535986,0.2203474779143389,0.4141259513320625,0.6155163225941276,0.3127312369618306,-0.7234216129260482,4762.188193644266,True,wing_L,high
-0.0122896281174243,0.0023875061836431,-0.0041512665351745,0.0006797469046943,0.0006719311136474,0.1252235413969751,0.1252235413969751,0.1252235413969751,False,0.1120319359002269,0.0001693830742611,0.0001355706978999,6.198801238320739e-05,2.7325133965264943,0.199620750235386,0.4344158106571694,0.3659634391074445,0.3442904269976219,0.9354592714952844,0.0798752355320915,4472.639397235224,True,body,high
-0.0125257247473341,0.001187046400289,-0.0034846763718337,0.0014554470451885,0.0003799059442412,0.4270309515319355,0.4270309515319355,0.4270309515319355,False,0.0187772162310645,2.969274707287908e-05,4.076644553829241e-05,7.327009540593919e-05,2.4676091850343824,0.443614133263597,0.1511353083964418,0.4052505583399611,0.6564263231057262,0.2741374092907872,-0.7028180156777657,8203.249804445048,True,wing_R,high
-0.0120909266477859,0.0008924970042769,-0.0036956016674934,0.0015242878331731,0.0002123056274185,0.4648392503679434,0.4648392503679434,0.4648392503679434,False,0.0259911478547952,2.4766242336122628e-05,2.188001114384459e-05,5.563234553382291e-05,2.5426104752909926,0.5548229703695406,0.051880451283926,0.3932965783465332,0.4627927819797041,0.6651877776373172,0.5859590953551392,6134.6870065088,True,wing_R,high
-0.0111840635099201,0.0026828401945377,-0.0039710151264721,0.000659284521938,0.000434372329537,0.4849489340631559,0.4849489340631559,0.4849489340631559,False,0.012681673879509,1.907449591802317e-05,2.4333657868028417e-05,5.490231105516962e-05,2.878309932337104,0.5567826308153716,0.0957912672331859,0.3474261019514424,-0.9778481680969404,-0.0082029606797135,-0.209154659488009,5059.940070444964,True,body,high
-0.0118574740511107,0.0040731601093488,-0.0040607314319207,0.0017316716490779,0.0006703071762127,0.4410205511167629,0.4410205511167629,0.4410205511167629,False,0.0078297750730689,2.166027197186819e-05,6.028488023302082e-05,2.201868870228342e-05,2.7832005208114325,0.6347560347275474,0.0059453834697826,0.3592985818026699,-0.8495530225917238,-0.2890820806299971,0.4412382717579,2629.230816171196,False,wing_L,high
-0.0113808914156201,0.0033378777988182,-0.0042202080334626,0.0011223150127012,0.0002861504504474,0.4489174516031868,0.4489174516031868,0.4489174516031868,False,0.013004285877025,0.0001226960693107,4.627155022024135e-05,4.421148465539051e-05,2.775208076975746,0.6228766701314759,0.0167899882728411,0.360333341595683,0.7326327270552379,0.1848617311643623,-0.6550384932189259,4243.858559183498,True,body,high
-0.0113320535158692,0.0022721033161579,-0.0036479756131334,0.0004258991414226,0.0004256626414199,0.2497386163747619,0.2497386163747619,0.2497386163747619,False,0.0236821329928301,1.7781318245472653e-05,4.424379358679857e-05,1.6959190235230836e-05,2.608838804985335,0.5981059307089294,0.0185817703138169,0.3833122989772537,0.8679052370057665,-0.0967919315584774,0.4872081911905248,11831.45023785672,True,body,high
-0.0114177746617262,0.0032160460056659,-0.0041586765005402,0.0009812079042986,0.0002457892804872,0.3207011807046504,0.3207011807046504,0.3207011807046504,False,0.102077978858244,9.442893692717037e-05,4.203344452422766e-05,3.5884532160923764e-05,2.63146629594347,0.5548669095295805,0.0651168229082821,0.3800162675621373,0.7302549254902367,0.6825125716198002,0.0300721362423089,4587.524076770153,True,body,high
-0.0117111476686725,0.0021216106719865,-0.0035504222674482,0.0003316331892168,0.0002031255942001,0.2595237848449495,0.2595237848449495,0.2595237848449495,False,0.0180853457956454,2.408518801687254e-05,1.0702496298426704e-05,8.51969894289115e-06,2.8269998949868125,0.5556399106816513,0.0906282049368443,0.3537318843815042,0.9325842515167831,0.3116131385532087,0.1821643919757641,6237.981731785237,True,body,high
-0.0115206941183715,0.0042861526150217,-0.0044544487651165,0.0020447671951906,0.0005673213352702,0.4686622333503049,0.4686622333503049,0.4686622333503049,False,0.028946653165853,2.7126074884777867e-05,5.375749266206656e-05,1.930920779450793e-05,2.784034085404409,0.4953991798817821,0.145409815509975,0.3591910046082428,-0.7288335957946621,-0.5007525876345347,0.4669565671648066,2448.174701746683,False,wing_L,high
-0.0115425152328993,0.0042293702036696,-0.0040565270886336,0.001889518274162,0.0004208616069109,0.4218022858696266,0.4218022858696266,0.4218022858696266,False,0.0091900025824816,3.078413262015122e-05,2.728152831458642e-05,6.864013061141943e-05,2.5159928659392627,0.5515140728035013,0.0510285204058466,0.397457406790652,-0.6439884786736911,-0.2910048707339188,0.7075273878406966,4259.032324907011,True,wing_L,high
-0.0107802707065674,0.002086587766732,-0.0030498641917459,0.0012230517109296,0.0012205595762739,0.3008119800367534,0.3008119800367534,0.3008119800367534,False,0.0210785972622209,3.267361226347466e-05,3.174545791212924e-05,7.917809035756604e-05,2.4941549300290244,0.5873402336944281,0.0117223634360705,0.4009374028695013,0.7757298132684033,-0.6300216333178748,0.0362766916634602,3094.1467159266194,True,body,high
-0.0111000645696417,0.0023293804139651,-0.0032367344691409,0.0008239485813555,0.000820354501621,0.2081394769247286,0.2081394769247286,0.2081394769247286,False,0.0385260245775001,6.038085343921845e-05,5.132002762916887e-05,2.635138683951481e-05,2.291372890806464,0.1500612411709374,0.4135191764851153,0.4364195823439473,0.6902214340693413,-0.7151190357170084,0.1104497021564022,3947.555679435107,True,body,high
-0.0117001897730758,0.0042865301326099,-0.0045998427195173,0.0020882764835967,0.0007958208819713,0.5554239728788852,0.5554239728788852,0.5554239728788852,False,0.0044571540120871,3.2394866783996766e-05,3.0556076947344096e-05,8.331190864428282e-05,2.726525030940669,0.6111616296979433,0.0220711524507709,0.3667672178512857,0.6853301235157335,0.6006872801950756,-0.4117006354303478,1728.4582426096445,False,wing_L,high
-0.0110615547124539,0.0027738362699625,-0.0038412447975997,0.0007824207968512,0.0005026718388836,0.2900333469314345,0.2900333469314345,0.2900333469314345,False,0.0410605001762249,2.865212928111675e-05,3.100501851337954e-05,6.970948688021057e-05,2.4329600846158668,0.555225265584599,0.0337527836965149,0.4110219507188862,-0.9745778497779068,-0.1802145509751644,-0.1331192335430599,5852.491315774908,True,body,high
-0.0113469423751117,0.0036914666118405,-0.0040814665737598,0.0014094979172331,0.0001133159269255,0.4148115214755785,0.4148115214755785,0.4148115214755785,False,0.0607281948964099,4.666849757852407e-05,4.269317627204824e-05,0.000104839172659,2.455642372238375,0.554856296603171,0.0379182819326779,0.407225421464151,0.5427195974057992,0.6862245011392653,0.4843050408862721,6300.381603267992,True,wing_L,high
-0.0119208023941961,0.0021921890492416,-0.0040048304047124,0.0003537787749707,0.0002975361134986,0.231061111322776,0.231061111322776,0.231061111322776,False,0.1379636328468725,3.152458783531939e-05,3.295887358043694e-05,9.11094389292937e-05,2.890107220599944,0.6382496262981603,0.0157424495417059,0.3460079241601336,-0.8909459643479998,0.0479177694334888,0.4515741090723993,5643.464190210228,True,body,high
-0.0116551331048058,0.0039057145804414,-0.003802639620247,0.0015365637510292,0.0004672579019103,0.3609995263056922,0.3609995263056922,0.3609995263056922,False,0.0165100415560855,4.4436278946098106e-05,4.0573950368054326e-05,1.8881635763680224e-05,2.35341256987774,0.086918361970156,0.488166766409204,0.42491487162064,-0.6694516840858454,-0.0513810364265679,0.741076535703538,6207.989316064313,True,wing_L,high
-0.0120819650507527,0.0013939258879892,-0.0037713227175558,0.0010393344395536,0.0001675417655454,0.4660180511818649,0.4660180511818649,0.4660180511818649,False,0.1831994452495466,7.134980621362973e-05,2.8517108686914965e-05,3.156179918275202e-05,2.5020000097824955,0.5576470230591479,0.0426727227081863,0.3996802542326657,-0.1288557533118723,-0.7837581980642372,-0.6075518758143456,9725.871630208138,True,wing_R,high
-0.0118208222082407,0.0036326147238869,-0.0036265116312063,0.0012725879330743,0.0005888064336322,0.3543762269682317,0.3543762269682317,0.3543762269682317,False,0.0371432729487011,1.7005752978687943e-05,4.253877838312497e-05,2.173673365412076e-05,2.501434569609219,0.4890136839767907,0.1112157155248629,0.3997706004983463,-0.6380360832883638,-0.0253559795209913,0.7695888712322803,4976.160776018905,True,wing_L,high
-0.0114976794216108,0.0023418938389015,-0.004077556092502,0.0003872398822839,0.0003755867641669,0.2564172511123107,0.2564172511123107,0.2564172511123107,False,0.0365659476836629,3.4806927116756154e-05,7.854184490924507e-05,5.0782729604251726e-05,2.2565003984920806,0.3534309047243408,0.2034049812040394,0.4431641140716198,0.0283726685533216,0.79208526461398,-0.6097507074703271,7360.579810723507,True,body,high
-0.0116331262175461,0.0026619109605135,-0.0034693736810385,0.0004274644872818,0.0003429091397069,0.2312880856666812,0.2312880856666812,0.2312880856666812,False,0.0250847209910545,2.716736804081469e-05,2.8284314165603924e-05,6.84600893989255e-05,2.5199382323703565,0.5868495876365617,0.0163152887265548,0.3968351236368835,-0.7336658230527635,0.6426591155109327,0.2207345041787013,3525.2491950002086,True,body,high
-0.0118325388915556,0.0033889267178379,-0.0037399062290553,0.0010233269359359,0.0004595601182867,0.4511772704843833,0.4511772704843833,0.4511772704843833,False,0.0121626632115469,2.061565746256073e-05,5.449859697813647e-05,2.144674807758909e-05,2.643553671626005,0.6064715558421988,0.0152497616656401,0.378278682492161,0.8318869824182504,0.3487127550179897,-0.4316983471949143,3573.950133550729,True,wing_L,high
-0.0122115880336202,0.0013376648126965,-0.0031272061368077,0.0013085887396059,0.0004719769926657,0.4082809101943279,0.4082809101943279,0.4082809101943279,False,0.0383749387197028,2.563808462447304e-05,6.570601614679057e-05,2.4689905750019512e-05,2.661250181027469,0.6098061314934045,0.0144306249268749,0.3757632435797205,0.4645691387087834,0.7434433094827843,0.4811107574609656,3162.0908489655017,True,wing_R,high
-0.0119068015945784,0.0012302802738075,-0.0037645971994239,0.0011548695019382,0.0002640885714934,0.4708490094193139,0.4708490094193139,0.4708490094193139,False,0.0211356859924348,2.498096636980513e-05,3.010533736234539e-05,7.442229908199769e-05,2.979160132570094,0.5954796111690174,0.0688553169648022,0.3356650718661804,-0.286345749845716,-0.8117997706167854,-0.50890789340688,7097.254453085794,True,wing_R,high
-0.0122957513775923,0.0005989190113076,-0.0036398521558586,0.00186535218479,0.0001683646899137,0.8065082793193684,0.8065082793193684,0.8065082793193684,False,0.0313442804014282,4.586262455934933e-05,3.668541026928085e-05,1.670593029663286e-05,2.7452900703526284,0.2001022483611364,0.4356375188862817,0.3642602327525818,0.5649492881684705,0.0306240591863953,-0.8245571349499601,4432.158789186457,True,wing_R,high
-0.0117059113543182,0.0049337315903145,-0.0033856021828365,0.002590912487976,0.001104387318822,0.3719851753471664,0.3719851753471664,0.3719851753471664,False,0.0087046339817451,6.664501242012927e-05,2.5573446081443005e-05,2.6243020772726827e-05,2.606023928409446,0.6062267854750903,0.0100468837347171,0.3837263307901924,0.1545042021647324,-0.2177188534242247,-0.963704805621037,1811.5744236905048,False,wing_L,high
-0.0114024671796781,0.0038809195005055,-0.0039558801901263,0.0015558116638337,0.0001846921017383,0.1411458445865274,0.1411458445865274,0.1411458445865274,False,0.012946679483848,3.611913571927172e-05,5.607022611552622e-05,1.9717463808100705e-05,2.8436834808587497,0.3558232555571934,0.2925201670736491,0.3516565773691575,-0.6968635332297219,-0.533264925681032,0.4795933017599303,5636.115473288125,True,wing_L,high
-0.0118866504360628,0.0024234573818335,-0.003639321195302,0.0002104754793169,0.0002093658482882,0.3362877387501847,0.3362877387501847,0.3362877387501847,False,0.009730846416391,4.181175313628901e-05,4.333279526742048e-05,3.184780006968343e-05,1.3606213042221982,0.0351014081077539,0.2299402336063216,0.7349583582859244,-0.4693059317614589,0.8630577701987163,0.186770521531447,4069.183713924077,True,body,high
-0.0118823777676852,0.0029366810762553,-0.0043455897435797,0.0008227778264564,0.0005928311902039,0.3036479066806589,0.3036479066806589,0.3036479066806589,False,0.0776286840989198,2.805917268477212e-05,8.033742101889095e-05,5.195271020814455e-05,2.863142898810076,0.3533186708106036,0.2974147940068176,0.3492665351825788,0.8140067793050554,0.5241764598893486,-0.2502638650370463,3423.0850517832505,False,body,high
-0.0117989851754342,0.003741626340277,-0.0037083909026621,0.0013734406001566,0.0005692798103072,0.375914190523354,0.375914190523354,0.375914190523354,False,0.0222431853524865,7.65576810234759e-05,2.706689850665112e-05,2.662861866330762e-05,2.875015110301874,0.6464509093692213,0.0057248317541006,0.347824258876678,0.8541018057106873,0.5023468825893056,0.1347505659897208,5443.442926629594,True,wing_L,high
-0.0115212344368463,0.0040449286604612,-0.0039126075289103,0.0016926059936099,0.0003606786903367,0.4287444405275291,0.4287444405275291,0.4287444405275291,False,0.0509975256671396,2.5594404591493764e-05,2.177061173289496e-05,6.352237928476454e-05,2.917804059165848,0.597080511157232,0.0601959955161175,0.3427234933266505,-0.6222706126926013,-0.3210889147596614,0.7139195986927643,5164.246802154538,True,wing_L,high
-0.0116662142710535,0.0021278823532872,-0.003499263380663,0.000367889773001,0.0002698512677715,0.1778302387387759,0.1778302387387759,0.1778302387387759,False,0.034962935056896,4.118606144099331e-05,0.0001101972816269,0.0001138924495602,2.765315390095925,0.0324443626200417,0.6059332330851226,0.3616224042948357,-0.1255899782615126,-0.6904714425259314,-0.712373739280465,7452.966607316741,True,body,high
-0.0110389363104996,0.0024273128199344,-0.0036237411400144,0.0007066860168544,0.000661531091582,0.1896811276323145,0.1896811276323145,0.1896811276323145,False,0.0337577235347479,0.0001214357554562,0.0001251909878087,4.60627238142129e-05,2.7178372758351497,0.0299960278152567,0.6020643575171523,0.3679396146675909,0.0037079937908802,-0.6577773188195717,-0.7532033255559769,6066.297566774543,True,body,high
-0.0110645019372203,0.0026764382323172,-0.0038009982542485,0.0007314754559056,0.0005327373493161,0.1917739524813544,0.1917739524813544,0.1917739524813544,False,0.03696177460935,6.984523838976037e-05,0.000211691395472,0.0001254478230863,3.030863668769042,0.4074023518686857,0.2626586903667967,0.3299389577645176,-0.5863524917331404,0.8097868129349693,-0.0208823618147551,6329.732465756395,True,body,high
-0.0119238361746118,0.0012444838503793,-0.0037404388162922,0.0011439519751217,0.000232003373959,0.4315657640735991,0.4315657640735991,0.4315657640735991,False,0.0233137758973354,1.7820652415078252e-05,4.356359004437261e-05,1.9390606103917106e-05,2.4445564073463983,0.5548896203419783,0.0360382073020094,0.4090721723560123,-0.7514407019631395,-0.6412619306112574,-0.1553061743198497,7652.144828999089,True,wing_R,high
-0.0106927565558236,0.0026122317637838,-0.0027943618418713,0.0014417772827562,0.0013848098874373,0.3146032397919115,0.3146032397919115,0.3146032397919115,False,0.0109700588549238,6.351438327272754e-05,0.00011503579755,7.414968919521005e-05,1.8111771164667605,0.3554207405486949,0.0924521422807892,0.5521271171705159,-0.7173355060463997,0.6964023521436914,-0.0212963774828049,2028.1677225313392,False,body,high
-0.011528453117572,0.0036540565081626,-0.0038313754980053,0.0012998099394624,0.0002619988721519,0.2414333966268387,0.2414333966268387,0.2414333966268387,False,0.0074598137316216,6.30222740816642e-05,0.0001340076726805,6.113759900335153e-05,2.191902771209275,0.5297114499413148,0.0140639341062635,0.4562246159524216,0.5070997974386754,0.4083747090800473,0.7589992703695052,5069.026703130252,True,wing_L,high
-0.0123939022915269,0.0013854587129581,-0.0036352141444493,0.0011967876738176,0.0003172050823726,0.4334041780733877,0.4334041780733877,0.4334041780733877,False,0.033657415098718,5.2412188052282885e-05,5.935500445309657e-05,0.0001338658262655,2.5540972670718505,0.5566082389441541,0.0518639939295563,0.3915277671262895,-0.6517158096213427,-0.3941733871453874,0.647992163807504,5223.24131399572,True,wing_R,high
-0.0114581145000277,0.0020842582143659,-0.0032483789713355,0.0006522922540837,0.0005964084357752,0.3154889088482018,0.3154889088482018,0.3154889088482018,False,0.0104916898697023,8.852755424397027e-05,3.5961511797591595e-05,8.713960323790389e-05,2.461730606383993,0.0156781808547581,0.5781035280752501,0.4062182910699917,-0.7317702826069094,-0.3882815552912477,0.560133633442961,3433.2687258692404,False,body,high
-0.0125277280862856,0.0011173537151301,-0.0034666379116354,0.0015172326560244,0.0003610975216841,0.4258452422000829,0.4258452422000829,0.4258452422000829,False,0.0376959325566242,2.808393596952089e-05,3.202869372092132e-05,7.223789267231264e-05,2.57221397850755,0.5566219813995587,0.054607874142934,0.3887701444575073,0.6761657359308151,0.7023200414763101,0.2225903342327632,9912.078234979426,True,wing_R,high
-0.011540497511279,0.0044995971612187,-0.0043044059834057,0.0022028948991883,0.0005454372234693,0.4136139161256273,0.4136139161256273,0.4136139161256273,False,0.0327539865633052,7.826369816145368e-05,3.445279658868251e-05,2.867077085622218e-05,2.729738190644733,0.5597857321077737,0.073878769701533,0.3663354981906933,0.68643542406403,0.7270960546099836,0.0117360964818076,2688.3199866958507,False,wing_L,high
-0.0122313923770097,0.0013783001866407,-0.0031530564087717,0.0012716598651993,0.000462087085866,0.3601098722935159,0.3601098722935159,0.3601098722935159,False,0.0814091456094254,5.1129701089221526e-05,1.877997319916501e-05,2.218234850637269e-05,2.722565178713611,0.5661553258904367,0.0665440093473364,0.3673006647622268,-0.4871163560929624,-0.7021763493825675,-0.5192937800460212,3417.198238276035,True,wing_R,high
-0.0117159264558402,0.0037928609339657,-0.003923002067434,0.0014300486546051,0.0004486918603922,0.8562245889534879,0.8562245889534879,0.8562245889534879,False,0.9779663796342032,1.7401978135985092e-05,4.129780179749077e-05,1.943186933384259e-05,2.3731670890961603,0.5294696451610347,0.0491525240934454,0.4213778307455199,0.4072243619607516,0.5970943034972435,-0.6911198968028633,4678.846313742686,True,wing_L,high
-0.0116034849780129,0.002149361033864,-0.0035098742620381,0.0003626334182212,0.0002967771454403,0.1631856771850516,0.1631856771850516,0.1631856771850516,False,0.0161869706120969,0.0001315623195648,0.0002031042843353,7.349011462947243e-05,2.7636952991481527,0.3522425191795837,0.2859230918021233,0.3618343890182929,0.0156942387910645,0.5644960282583367,0.8252865714097934,7936.438562025382,True,body,high
-0.0127419467878274,0.0004130128715903,-0.0033828759886856,0.0022383732774916,0.0003328250531244,0.2599437689298494,0.2599437689298494,0.2599437689298494,False,0.0066134939892431,7.658396952982053e-05,2.551084377164321e-05,2.652470233371579e-05,3.002016327462601,0.6536520306199652,0.0132385219556658,0.3331094474243688,-0.4873070017947981,-0.8027028588631511,-0.3438022780242871,5829.754613041524,True,wing_R,high
-0.0108149806934669,0.0025528376385029,-0.0036066192406252,0.0009452325028532,0.0008395343381944,0.1377145117279374,0.1377145117279374,0.1377145117279374,False,0.0335552603416824,0.0001270219223317,0.0001533126923512,6.833289487870657e-05,2.243614771821868,0.1714846280259309,0.3828060583435581,0.445709313630511,0.0902954656375671,-0.642046083114448,-0.7613301229050968,4149.502773913477,True,body,high
-0.0119116372166754,0.0017109106506225,-0.003506055540023,0.0007336681129479,0.0001562632953259,0.2204415906121807,0.2204415906121807,0.2204415906121807,False,0.0771227884141762,4.9200879885739305e-05,2.144701397100388e-05,1.805847420128196e-05,2.724531393812141,0.5640928775905851,0.0688715278586732,0.3670355945507417,0.7172715986589497,-0.1079415170477531,-0.6883822213383084,5578.708632845075,True,body,high
-0.0125453627748658,0.001074516127431,-0.0034455041825371,0.0015661884098177,0.0003668825830914,0.3779166981127239,0.3779166981127239,0.3779166981127239,False,0.0174171283258019,5.2615316402980886e-05,4.323228472976298e-05,0.0001276888941352,2.9535541536464702,0.5879413259914132,0.0734835377560838,0.3385751362525031,-0.2301021378399863,-0.7062162780008232,-0.6695607327555372,8955.893547658436,True,wing_R,high
-0.0115266213438697,0.0024417702010249,-0.0039863324441957,0.0003055810900941,0.0002577147029284,0.1680992454916465,0.1680992454916465,0.1680992454916465,False,0.0363050604581557,6.946851492415821e-05,0.0001571229443719,6.904824047101187e-05,2.2755531973026,0.5578716068372709,0.0026748127386888,0.4394535804240402,0.4215052256554115,0.3841617021198339,0.8214335830543895,12361.29357696911,True,body,high
-0.0121286061707684,0.0027106820295389,-0.0033288093089337,0.0006842373385416,0.0006733498190835,0.1922745772769269,0.1922745772769269,0.1922745772769269,False,0.1423210716286761,6.142648275342146e-05,2.141899059268676e-05,4.36401840683674e-05,2.867851427807002,0.2895542425317093,0.3617526591076538,0.3486930983606369,-0.720045408288227,-0.6778481179174596,-0.1485144405059593,2667.1775499491578,False,body,high
-0.0110356180384041,0.0028341939204004,-0.003486085747701,0.0008796566888518,0.0006351723313166,0.3907493994286131,0.3907493994286131,0.3907493994286131,False,0.0041514408411557,3.913664479659998e-05,3.5281158242431816e-05,8.926103380899258e-05,2.529991594823563,0.5615483808943161,0.0431933889811138,0.39525823012457,0.5232026267374366,0.6945854619725239,0.4937712500657183,3494.5844980702705,True,body,high
-0.0124144248874708,0.0008919022454435,-0.003496970955709,0.0016530537050006,0.0001748083456013,0.1712186420565756,0.1712186420565756,0.1712186420565756,False,0.0291123270958278,1.988653713534301e-05,3.797789154928096e-05,4.5083736026338986e-05,2.267048089846406,0.1576143661409655,0.4012833897210415,0.441102244137993,-0.8686692809615659,-0.4744099053466827,0.1426496478182411,5354.769577774654,True,wing_R,high
-0.012155405401959,0.0024174026899848,-0.0029889738612337,0.000889538525113,0.0008632846448982,0.147351513821468,0.147351513821468,0.147351513821468,False,0.0430771654036239,8.30654945377063e-05,3.652141400904761e-05,8.429106910623031e-05,2.307990295374339,0.0145397914811051,0.5521828234258144,0.4332773850930805,-0.0250727977705076,-0.708159849801471,-0.7056068182359899,2002.1153409225,False,body,high
-0.0115573562427196,0.0024872318886698,-0.0037733902002831,0.0002067628077017,0.0001264688220863,0.0859595188395164,0.0859595188395164,0.0859595188395164,False,0.1290033168569279,0.0001058829013173,0.0002882648527063,0.0001090088889214,2.7224872866133007,0.6218446754848016,0.0108441510463325,0.3673111734688658,-0.5677821169181141,0.8083146991885198,-0.1557267311149818,8190.421486640641,True,body,high
-0.0109005643216232,0.0025784715326575,-0.0037026915785938,0.0008559298181657,0.0007304128794515,0.1448105916122478,0.1448105916122478,0.1448105916122478,False,0.046239226295519,0.0001010509853678,0.0002320902262174,7.800617358152362e-05,2.9752802318254736,0.564604735775803,0.099292469837514,0.3361027943866831,0.3664685889580166,0.3724624572032541,0.8526268182981546,4289.495776698238,True,body,high
-0.0129294264868133,0.000857098293073,-0.0031639172241074,0.0020248445635009,0.0007213915242714,0.3891963091109722,0.3891963091109722,0.3891963091109722,False,0.0199731686378481,7.306731742441848e-05,2.420575670295836e-05,3.234590569506445e-05,3.01859257370328,0.5573136275527926,0.1114061563916909,0.3312802160555164,-0.353584919672697,-0.7697246661393318,-0.5315088361605542,4974.457268231759,True,wing_R,high
-0.0119610293627249,0.0023767565556617,-0.0039679837820029,0.0003067701351217,0.000304491952268,0.1206984810680285,0.1206984810680285,0.1206984810680285,False,0.0609648067917696,9.711372605571574e-05,0.0002181438129552,9.118949860578632e-05,2.392203228337577,0.5548178756935959,0.0271574397168201,0.4180246845895838,-0.3030036783558213,-0.4983741361597006,-0.8122881208720918,6980.291509894286,True,body,high
-0.0111757170375863,0.0024925143199821,-0.0040562429655432,0.0006350713288697,0.0005401663386045,0.3672264822670112,0.3672264822670112,0.3672264822670112,False,0.0108283985909979,4.487924308409835e-05,5.134876497376003e-05,1.8502963223228822e-05,2.775164407682345,0.1259917720118039,0.5136692162771236,0.3603390117110724,-0.4485911880726078,0.8005005508777217,0.3974478758630752,3549.92338351961,True,body,high
-0.0124965364439398,0.0011293309965841,-0.0034614408904236,0.0014921034684885,0.0003378466952683,0.4284724630847675,0.4284724630847675,0.4284724630847675,False,0.0546909850916442,7.075082144354006e-05,2.7817273629851025e-05,3.1447267523743974e-05,2.5434132181673106,0.5555208140044107,0.05130673849193,0.3931724475036592,-0.4426796003111281,-0.714817140654487,-0.5413605331892254,10266.517828062824,True,wing_R,high
-0.0115562380378828,0.0023711933336665,-0.0037812633567361,0.000172742139691,0.0001631935214462,0.1065248505035698,0.1065248505035698,0.1065248505035698,False,0.0749094017317964,0.0001272189841139,0.0002111407658658,7.755828254136404e-05,2.7223496826822022,0.3974683970089426,0.2352018634056756,0.3673297395853817,0.0839433784964165,0.5004199585851461,0.8617037624707508,13063.721726217049,True,body,high
-0.011945295848124,0.0026140886463024,-0.0037437956386959,0.0003264183594181,0.000287547747956,0.1218942704887151,0.1218942704887151,0.1218942704887151,False,0.0178087344083214,0.0001049349495546,0.0002682184965098,0.0001020209465688,2.6290532045678625,0.6087706443809913,0.0108642879731563,0.3803650676458524,0.3204912445740283,0.38701106401823,0.8645853332545422,4605.185757569835,True,body,high
-0.0117073439654229,0.0019351093109849,-0.0041311015227258,0.0005679317648311,0.000451669593902,0.1783329821184903,0.1783329821184903,0.1783329821184903,False,0.0222005198473004,5.960686502940412e-05,2.0373845591652115e-05,2.1123471422845945e-05,2.9256560702426824,0.6456201578052173,0.0125761660309435,0.3418036761638391,-0.5334523915243048,-0.7875477256710017,-0.3085403146550415,3095.532667950138,False,body,high
-0.0117990422135321,0.0036869993812564,-0.0036665798482476,0.0013214952100875,0.0005700167108493,0.3847127040931521,0.3847127040931521,0.3847127040931521,False,0.0203685726371251,7.560754591164992e-05,2.901952414172157e-05,2.7200162477156936e-05,2.7796725837629155,0.6161821708162317,0.0240632286450696,0.3597546005386987,0.8798377158617441,0.4745523978863873,-0.0261842587725686,5528.637801416429,True,wing_L,high
-0.012080623183741,0.0009177670526662,-0.0037181728735034,0.0014964063069355,0.000227661624294,0.1564839229776999,0.1564839229776999,0.1564839229776999,False,0.0257100043434521,2.7890668861118685e-05,2.486139637871736e-05,6.416117162751995e-05,2.5807549443379303,0.5653029994053935,0.0472134845041079,0.3874835160904984,0.1213715627990158,0.828086658294107,0.5473037822809408,6048.72703100056,True,wing_R,high
-0.0114013928752544,0.0021541324185143,-0.0039708817633448,0.0004419275064656,0.0004367418006789,0.2853514609335047,0.2853514609335047,0.2853514609335047,False,0.0218503961261314,2.709840870111436e-05,7.004321576800522e-05,6.573302908037636e-05,2.584772284622191,0.0615361051083793,0.5515826187539175,0.3868812761377032,0.646828189191822,0.4130155932246435,-0.6411173164251021,6866.66547441222,True,body,high
-0.0122438005394026,0.0013597782382544,-0.0031286331883952,0.0013028871986378,0.000483570233294,0.2913596646750885,0.2913596646750885,0.2913596646750885,False,0.0488392570672652,5.845507882794622e-05,2.044108700502692e-05,2.028141359730206e-05,2.882199435828389,0.6503111891236654,0.0027315574784328,0.3469572533979018,0.6341899739621021,0.1000915405274761,-0.7666712205637984,3244.6407481507795,True,wing_R,high
-0.0116238335402775,0.0022458070637174,-0.0036146566867427,0.0002240739142495,0.0001962132276524,0.0939890536224296,0.0939890536224296,0.0939890536224296,False,0.1627241152226352,9.013725166345834e-05,0.0001222340415848,4.114766537862288e-05,2.9706191216461693,0.2625847063978526,0.4007851303095036,0.3366301632926438,-0.3213998187474656,-0.429154765874551,-0.8441139398423982,6546.141656220659,True,body,high
-0.0123319858908458,0.0012583266679959,-0.00399227459324,0.0012857780295598,0.0004688664170776,0.1876269417226251,0.1876269417226251,0.1876269417226251,False,0.0080557782826959,5.980564350719241e-05,2.0045242671333883e-05,3.561787636081151e-05,2.9835330251560745,0.4044395432927999,0.260387361062419,0.3351730956447811,-0.1325648779987615,-0.7669690749493523,-0.6278415335038833,2685.187126914504,False,wing_R,high
-0.0124925053920222,0.001674885804453,-0.0034669689031042,0.0010767318517692,0.0005233856670018,0.2346841424178919,0.2346841424178919,0.2346841424178919,False,0.0055185589424732,5.4644370517762034e-05,1.959047712646076e-05,2.386486851064846e-05,2.7893333156217084,0.563269403883219,0.0782219896338328,0.3585086064829481,-0.5414372157360138,-0.7350050312210865,-0.4081829804091813,3478.196652920404,True,wing_R,high
-0.0108839785126398,0.0022859183181623,-0.0031362968974306,0.0010580648973985,0.001054311822595,0.1446010199237942,0.1446010199237942,0.1446010199237942,False,0.0511138803137468,7.95240004816068e-05,2.898865507648611e-05,3.102249853466792e-05,2.74328009601632,0.6098976617525278,0.0255752156061642,0.3645271226413079,-0.4636753190045103,-0.8540210616111505,-0.2359093573189278,4051.108978534955,True,body,high
-0.0118302519654887,0.0023314534557509,-0.0040524319850781,0.0003047118709669,0.0003036889015822,0.1958798358050744,0.1958798358050744,0.1958798358050744,False,0.1039929428255215,3.334375705995169e-05,8.596798970863812e-05,9.4033975908939e-05,2.8201373870337108,0.0857773599630823,0.5596299862897097,0.3545926537472078,0.0036572617030323,-0.7144997099465467,-0.6996261779858843,8243.347650924325,True,body,high
-0.0124966455137724,0.0010581808495563,-0.003479143376932,0.0015484811701765,0.0003098958893546,0.3379569980982753,0.3379569980982753,0.3379569980982753,False,0.0174817298498188,6.229588397330535e-05,2.2887102977721947e-05,2.2216115985892964e-05,2.8040852871340194,0.6326064979264219,0.0107709683053299,0.3566225337682483,0.6456763784190944,0.1294366826256675,-0.7525610669855736,8728.674603244977,True,wing_R,high
-0.0114083202669407,0.0030841563232383,-0.0039143382123409,0.0007950380654013,7.749592221680576e-05,0.1829051893516751,0.1829051893516751,0.1829051893516751,False,0.0322670699351099,2.6159961763135703e-05,4.484078221059026e-05,5.344811758950733e-05,2.0431267474108377,0.1610409452587871,0.349513159489117,0.4894458952520958,-0.8254765923166532,0.5511360631307005,0.1218090122038544,5803.545337145801,True,body,high
-0.011973680850678,0.0026715908051925,-0.0036991067676939,0.0003937679180802,0.0003436477208727,0.1002932202058106,0.1002932202058106,0.1002932202058106,False,0.0709277950440603,0.0001024137988799,9.81296630283751e-05,4.501297851408405e-05,2.275206001929797,0.0418316271680004,0.5186477319969217,0.4395206408350778,0.7487793563970845,0.6594413953647829,-0.0668320395687296,3863.968195684258,True,body,high
-0.0114841631763424,0.0025509132632624,-0.0039190583277044,0.0003387749848389,0.0002056653281922,0.204865995398873,0.204865995398873,0.204865995398873,False,0.0085529026110674,5.445381387568756e-05,1.8680550370199868e-05,3.184275864554028e-05,2.915000511042488,0.4152336378452019,0.2417132490552154,0.3430531130995827,-0.3955385674321986,-0.7056429512219649,-0.5878922240210704,9370.201490298909,True,body,high
-0.0121334353678485,0.0014914220507501,-0.0034153725464123,0.0010307834340273,0.0002214572181402,0.4101239438845372,0.4101239438845372,0.4101239438845372,False,0.0279946203927361,5.7501911138423286e-05,2.5592329933847456e-05,2.5719437595605285e-05,2.246841584453529,0.5527202994402853,0.0022104945599433,0.4450692059997713,-0.2601438139922646,-0.5958168904544412,-0.7598206558726596,4705.500297561764,True,wing_R,high
-0.0121101911262629,0.0015055927129248,-0.003286750949983,0.0010614832651934,0.0003379271889559,0.2332621689188133,0.2332621689188133,0.2332621689188133,False,0.0116370183287893,5.626101987460867e-05,2.0427328774602784e-05,2.2603165579580663e-05,2.754203473953862,0.5982446526928005,0.0386739666260451,0.3630813806811544,-0.6327331946573933,-0.6185216592101626,-0.4659180845025837,4032.14932235724,True,wing_R,high
-0.0112898636620387,0.0022736360038027,-0.0037187325216796,0.0004520393331717,0.0004502564243517,0.0929550836762035,0.0929550836762035,0.0929550836762035,False,0.30325789494787,0.0001211105913072,0.0001304127557009,5.351503483617039e-05,2.436936761793208,0.071328639163182,0.5183201298659516,0.4103512309708664,0.0749855416939251,-0.7010597403840642,-0.7091490738550656,22378.840977513188,True,body,high
-0.0117198417161674,0.0020042457650074,-0.0031460633926492,0.0007222194619598,0.0005741768004845,0.2385579230789503,0.2385579230789503,0.2385579230789503,False,0.005745643777728,6.246680290295707e-05,2.2015770082287308e-05,2.7086678493098024e-05,2.83736624562656,0.5663828268083848,0.0811776523714273,0.3524395208201878,-0.5671895614975477,-0.7275857606598608,-0.3858950144964717,2825.43106874322,False,body,high
-0.0121653208891291,0.0027294663199766,-0.0039524994521307,0.0005942790082107,0.0005499117532995,0.1250913821005017,0.1250913821005017,0.1250913821005017,False,0.0301391521415836,2.085409356430384e-05,4.675126405023987e-05,3.972157904637178e-05,2.241826714073274,0.1503635280602006,0.4035716651809148,0.4460648067588845,0.3722559306967106,-0.7118382462110993,-0.5955768911670702,4146.994990629334,True,body,high
-0.0113730299129832,0.0028970531319511,-0.0038635147254117,0.0006417826034317,0.0001676899964715,0.1652629993787038,0.1652629993787038,0.1652629993787038,False,0.017004826882777,5.137168804810858e-05,2.069516064403517e-05,4.979090994525194e-05,2.4823043866013714,0.0307713871768486,0.5663771311927529,0.4028514816303984,0.8544472986803859,0.5056676164388043,-0.1192479578981955,5154.98132179343,True,body,high
-0.0116627881844402,0.0024423558782149,-0.0029780820382014,0.0007958213196819,0.000794980119637,0.2021899882293643,0.2021899882293643,0.2021899882293643,False,0.0396518924828427,2.981655245238261e-05,6.76652154288106e-05,7.619407584365874e-05,2.555428766130544,0.1119360044782006,0.4967402328507662,0.3913237626710331,-0.2367843681989569,-0.6954217465087134,-0.6784701595939144,2335.6728172658973,False,body,high
-0.0123114977243787,0.0015267900071956,-0.0037345796433744,0.0010267537302682,0.0003060758266805,0.2504164119727441,0.2504164119727441,0.2504164119727441,False,0.0392984003589077,4.471050039483769e-05,1.823183002019733e-05,1.9815053026204845e-05,2.45233201194324,0.5568143310582874,0.0354105409697072,0.4077751279720054,-0.4688830696066233,-0.8356765206629078,-0.2859954892109447,5101.660781190573,True,wing_R,high
-0.0115118541492398,0.0014268799462408,-0.0031243120433362,0.0011632584308177,0.0007176604693494,0.7984574241817569,0.7984574241817569,0.7984574241817569,False,0.0112292231332678,4.048813981498673e-05,4.06122758485078e-05,1.7509835325057163e-05,2.3193979323375054,0.0030566135713279,0.565797016046168,0.431146370382504,0.4708309628059358,-0.1196661088285967,-0.8740699210366745,1740.4137458462503,False,body,high
-0.0124659766165881,0.0024415063873174,-0.0039299988557744,0.0007583469240604,0.0007447544531952,0.3201268090039466,0.3201268090039466,0.3201268090039466,False,0.004578117087725,2.299728733510509e-05,6.086446727792844e-05,4.286902072675067e-05,2.6465933303802984,0.2956642414859932,0.3264915357084175,0.3778442228055892,0.8198470320679087,0.518056478829878,-0.2438612899822962,3733.828798498213,True,body,high
-0.0118889171983453,0.004731227351486,-0.003559126007127,0.0023745865690119,0.0010627383151696,0.8739764408770445,0.8739764408770445,0.8739764408770445,False,0.1952292931727036,1.5855912604574545e-05,3.298371424144536e-05,1.3764745607059654e-05,2.3962458285119843,0.519280561051825,0.0633999852838664,0.4173194536643086,-0.898552765682149,0.3745532695848081,-0.2287198625574327,2403.995635252845,False,wing_L,high
-0.0107731125262643,0.0023490010522612,-0.0036225359668884,0.000966625168671,0.0009311483977042,0.1992063155627982,0.1992063155627982,0.1992063155627982,False,0.0077995467968911,5.248731805298376e-05,2.2091843289845728e-05,3.892302968735799e-05,2.375868657239162,0.2584298239802076,0.3206714883111742,0.4208986877086182,-0.6997207413715203,-0.7100866912350987,-0.0785351833593048,4203.82766059088,True,body,high
