x,y,z,dist_to_centroid,dist_to_principal_axis,R,G,B,color_oob,opacity,scale_phys_0,scale_phys_1,scale_phys_2,scale_ratio,linearity,planarity,sphericity,orientation_x,orientation_y,orientation_z,local_density,if_keep,part_label,confidence
-0.0113969608607628,0.0028325798909378,-0.0043826116908624,0.0011809289369824,0.0007480744956247,0.4270190891421567,0.4270190891421567,0.4270191227704764,False,0.2705386440217642,2.7466173503265443e-05,7.355651570553281e-05,4.6618899152871286e-05,2.678076569231157,0.3662165927013223,0.2603810888253534,0.3734023184733243,0.2298437226401395,-0.6538296778467347,-0.7208873806148626,14710.26429439063,False,body,high
-0.013706840989289,0.0032074247190861,-0.0037214050678179,0.0017090598844501,0.0012340707408584,0.4047002844103705,0.4047002844103705,0.4047003096316103,False,0.202476935150284,4.049551547403168e-05,1.6538847980812396e-05,1.6303802109436464e-05,2.4838080836735204,0.5915881601403947,0.005804244460764,0.4026075953988413,0.4273820292006628,-0.489332695001387,-0.7601961028044035,2191.23139542533,False,body,high
-0.0114193436674589,0.0011791103663177,-0.0047010187546559,0.0018595241318585,0.0007676888967761,0.6882391434893789,0.6882391434893789,0.6882390930468993,False,0.3172212857156603,5.680625478625029e-05,2.286866672545848e-05,3.377524026005724e-05,2.484021279780639,0.4054309620103244,0.1919959971949892,0.4025730407946863,-0.832728360898781,0.3856603514078547,0.3972776992316577,6775.570765747048,True,wing_R,high
-0.010901784205497,0.0026865706100505,-0.0044693548543167,0.0015720833654604,0.0008058240338215,0.4954976140910625,0.4954976140910625,0.4954976140910625,False,0.3838432831893136,7.153076142562805e-05,3.220858748459473e-05,2.8324588055080425e-05,2.525394589553368,0.5497239671063388,0.0542983095958314,0.3959777232978299,-0.1717812465449841,0.8162234182562107,0.5516072287648144,22737.99658554908,True,wing_L,high
-0.0116795718310728,0.0028287103669082,-0.0023950468760281,0.0013403935771917,0.0012042117098194,0.1918486746077575,0.1918486746077575,0.1918486409794378,False,0.2045428850374713,8.389409501167646e-05,3.027679591051354e-05,3.168130990155849e-05,2.7709040038329964,0.6223654370769592,0.0167415119127212,0.3608930510103195,-0.8635980328953856,-0.3351084976220042,0.3766971361727406,3133.4687590036574,False,body,high
-0.0115970007817837,0.0014848972099727,-0.0044711896584726,0.0014390949756797,0.0005821891101519,0.5243558864373613,0.5243558864373613,0.5243558864373613,False,0.0930677259774019,7.904786711150213e-05,6.327026373730672e-05,6.33584807887283e-05,1.2493683832219005,0.1984795655604841,0.0011159953411158,0.8004044390984,-0.3069896466058724,0.4300674917012507,0.8489990043919936,7275.5342554879535,True,wing_R,high
-0.0116609332830564,0.0014839628147194,-0.0041213864949758,0.0012258214970371,0.0006450680509861,0.4728642411241553,0.4728642411241553,0.4728642411241553,False,0.2330167483961925,4.415392700803759e-05,9.140542725809904e-05,4.672255981674695e-05,2.07015396935045,0.4888426079469251,0.0281015349499585,0.4830558571031163,-0.0821197673021396,-0.4414769356350575,0.8935068321621953,5145.472746171103,True,wing_R,high
-0.011646138478255,0.0012373980496168,-0.0044719323906616,0.0015997454985433,0.0008235504083932,0.438027475131297,0.4380273826534178,0.438027475131297,False,0.4429883253786886,8.390097595120526e-05,3.258405678365476e-05,4.316319808568604e-05,2.5749088429434845,0.4855459355944955,0.1260908014727248,0.3883632629327797,-0.6502540199669473,0.7543016101137283,0.09054717277012,7274.264730391045,True,wing_R,high
-0.0121384462683681,0.0030306184295448,-0.0023082513016802,0.0013979909752564,0.0009554507601423,0.250027550897739,0.2500275845260586,0.2500275172694192,False,0.4559662518948771,6.451877316889449e-05,2.25135197264164e-05,2.1783488024676848e-05,2.961820122461844,0.6510547454539864,0.0113150276405365,0.337630226905477,0.2092830734592344,-0.9774234191987304,-0.0290526206273964,2243.550344972821,False,body,high
-0.0136864782937828,0.0028048098888402,-0.0037247781964912,0.0015545041589185,0.0011690972482218,0.6673698286292767,0.6673697781867972,0.6673698286292767,False,0.5487740224534355,3.467727920196505e-05,9.031640147348616e-05,3.3788610295998724e-05,2.672983608449309,0.6160467131527032,0.0098395074589769,0.3741137793883198,0.197778237160598,0.8389880867348969,0.5069346695803745,3263.262670073617,True,body,high
-0.0120629320211037,0.0026647611933937,-0.003560784741593,0.0002401599607407,0.0002398859570687,0.4789759234090371,0.4789759234090371,0.4789759234090371,False,0.2400377613687128,0.0001045265447442,4.45330053103212e-05,0.0001074786432701,2.4134603654342413,0.0274668383971242,0.5581903307355972,0.4143428308672785,0.2500448879052633,-0.7436971398041534,-0.6199936437412613,7108.535995899053,True,body,high
-0.0134284009604271,0.0029975082669831,-0.0035673523420284,0.0013624749743119,0.000895970440318,0.1637855727804179,0.1637855727804179,0.1637855727804179,False,0.7036343907529311,0.0001516961469101,0.0001572178993005,6.096287477178055e-05,2.578912163986379,0.0351216522734937,0.5771179524851886,0.3877603952413176,0.0875128303342985,0.7614092394752813,0.642337508299612,4099.842592984846,True,body,high
-0.0118818241947849,0.0012862447547386,-0.0044484797472765,0.0014852520041062,0.0008980086708465,0.3635219697532299,0.3635219361249102,0.3635219361249102,False,0.2983035653804268,2.412730478492053e-05,6.316451720388381e-05,3.6755764385123336e-05,2.6179682217701075,0.418094746667939,0.1999296465678726,0.3819756067641883,0.5636455730438772,-0.7446368710260661,-0.3575186684587941,6218.915765162057,True,wing_R,high
-0.0113582866009492,0.002324319693978,-0.0032019011652121,0.0009133771203172,0.0008492197657186,0.8748168125866809,0.8748168125866809,0.8748168125866809,False,0.7152486966310007,9.575233436560834e-05,3.691694003124071e-05,3.332379321359228e-05,2.8733924061967944,0.6144538900714228,0.0375254226589277,0.3480206872696494,0.3468023655192778,0.8890859415432166,-0.2987545946432377,2222.9439440836536,False,body,high
-0.0114325072867398,0.0012619098629925,-0.0045932523198989,0.0017331786200328,0.0007027324090316,0.6416277870568716,0.6416277870568716,0.6416277870568716,False,0.2224020129555003,7.186464208376749e-05,5.618675718473927e-05,0.0001419441484054,2.5262918793968767,0.4937118374299413,0.1104510828741296,0.3958370796959291,-0.6085397991464576,0.5221853392016036,-0.5974962630658833,8237.278924666469,True,wing_R,high
-0.0115881452162127,0.0029436366717378,-0.0045923316814254,0.0012681962759696,0.0009061258541858,0.3645358719996671,0.3645359056279867,0.3645358467784272,False,0.1187660242887375,3.824846163193977e-05,9.79882196584462e-05,9.317828655253286e-05,2.561886556415647,0.0490868506712248,0.5605758030104017,0.3903373463183736,0.1963637214036502,-0.675317957937907,-0.7109057213182949,8753.906361558746,False,wing_L,high
-0.0124212019879268,0.0023446512994764,-0.0037435384580961,0.0003119378735666,0.0003116239137205,0.5740287272647113,0.5740287861142709,0.5740287272647113,False,0.2993818910095935,6.90983701545406e-05,6.91032467298414e-05,4.295627213310567e-05,1.6086881681845175,7.056940927628574e-05,0.3783049170415575,0.6216245135491661,0.3223473240613047,-0.7884760068572729,0.5238299240029402,4956.724989444305,True,body,high
-0.0133043635001138,0.0030950494945407,-0.0038444978115144,0.0013212816752386,0.0010551351596752,0.2346004079018057,0.2346004079018057,0.2346004079018057,False,0.5240659503303687,3.339738159190196e-05,3.61076670583817e-05,7.853046042668527e-05,2.351395728751591,0.5402081324597451,0.0345125375778233,0.4252793299624315,-0.7606328867312326,-0.5566101500703526,-0.3340999138903979,3611.5816183926927,True,body,high
-0.0115542021416003,0.0013806243422465,-0.0037029358869601,0.0012487701946956,0.0008938602496028,0.380753490685862,0.380753490685862,0.380753490685862,False,0.1806113064251028,3.667659487335011e-05,3.638395735507244e-05,8.356789958914347e-05,2.296833705404861,0.5611162293934828,0.0035017933885667,0.4353819772179504,-0.8123479755842626,0.5521312168097181,-0.1877282237394535,3082.682316712883,True,body,high
-0.0115684375354653,0.0015185236958566,-0.0044795032119854,0.0014337913203461,0.0005391071690555,0.5146748417538561,0.5146749016543006,0.5146749016543006,False,0.075464502760826,8.791841207352086e-05,5.018357849128455e-05,5.493514991757824e-05,1.751935886532878,0.3751576191840307,0.0540452371036937,0.5707971437122755,-0.7302817316579172,0.2303582693627354,0.6431358022555728,7075.014793373394,True,wing_R,high
-0.0121332923765253,0.0025913262474056,-0.0026805390737745,0.0009125355649809,0.0006738428913642,0.1091271107679471,0.1091271107679471,0.1091271107679471,False,0.9812209870397832,7.62591381845246e-05,3.6824216505572136e-05,3.212484049859329e-05,2.373837099295914,0.51711732675934,0.061623775443249,0.421258897797411,0.5837394646770542,0.0606074779249601,-0.8096758431607811,4352.507550558189,True,body,high
-0.0134259438067003,0.0026275184227063,-0.0037419208308341,0.0012693795374554,0.0010026079499333,0.2025326608072432,0.2025326271789235,0.2025326608072432,False,0.3374520105328962,5.619302684698506e-05,0.0001388293488124,0.0001318925877517,2.470579653779044,0.04996609953197,0.5452705897727517,0.4047633106952782,-0.3062086752872601,0.6170736539267674,0.7248836822610158,8384.786115088886,True,body,high
-0.0123995179294995,0.0024198244665356,-0.0020083161588969,0.0015892662201021,0.0010688757078254,0.2812244422108449,0.2812244422108449,0.2812244758391646,False,0.5359817725344861,6.349621426113454e-05,2.185336012305049e-05,2.219743696244077e-05,2.9055584085744326,0.6504132219418376,0.005418855964786,0.3441679220933764,0.5577459301017171,-0.565692721933015,-0.6073806235030774,1749.8709360939067,False,body,high
-0.0128587544830835,0.0023966422733275,-0.0022735497592851,0.0014756370053786,0.0007065477802499,0.3966570208659343,0.3966569620163748,0.3966569620163748,False,0.2033622926184577,8.838153261091661e-05,3.245160718687112e-05,3.316283589787967e-05,2.7234870711325803,0.6247764106572701,0.0080472547827338,0.367176334559996,-0.0440059415343117,0.5580894946858166,0.8286130538623011,1909.5533991411005,False,body,high
-0.0108008366844521,0.002728194063354,-0.0047321655973046,0.0018154912863517,0.0009012512463731,0.4134898192188052,0.4134898192188052,0.4134898192188052,False,0.6939401413365132,6.897906728361045e-05,6.963752604876547e-05,2.83988343212076e-05,2.452126212686193,0.0094555163360329,0.5827351324052709,0.4078093512586961,-0.3127651105130474,0.7484026483941483,0.5848687558096998,4448.863028860839,True,wing_L,high
-0.0119757925907757,0.0015032553887607,-0.0041991232414507,0.0011526762430482,0.0007455354660549,0.4470633878241115,0.4470633878241115,0.447063446673671,False,0.9265362318104086,2.454069922272845e-05,4.1751028088143445e-05,5.9882176512320704e-05,2.440116965243624,0.3027803844178374,0.2874031952040685,0.409816420378094,-0.3672284379372623,0.9281182267676572,-0.0611541618519823,6912.99899179236,True,wing_R,high
-0.0120088311609445,0.0031103247714872,-0.0019083136575813,0.0018050552344207,0.0013228743675639,0.4466395995355441,0.4466395995355441,0.4466395995355441,False,0.3902712850212294,5.690255051967646e-05,2.004598823388973e-05,2.068091583677329e-05,2.838600414993613,0.6365555559829962,0.0111581571842549,0.3522862868327489,-0.9232737270151292,0.0779256946442665,-0.3761558335554579,1720.3832079330386,False,body,high
-0.0115676499133962,0.0029096044309797,-0.0045470253131685,0.0012293670679957,0.0008555732121017,0.3883940046592514,0.3883940046592514,0.3883940046592514,False,0.1536015184065393,0.00010968081096,9.6058596551833e-05,3.680996123185431e-05,2.9796502710017845,0.1241987024803032,0.5401914409764349,0.3356098565432617,0.1994296228778631,-0.6806526889402558,-0.7049395311352549,8337.041313295711,False,body,high
-0.0117078129335505,0.0013832012865837,-0.0043088215606435,0.0013782719663676,0.0007266120126008,0.4303076277481639,0.4303076277481639,0.4303076277481639,False,0.474145522715609,5.546906966486753e-05,6.595116800508323e-05,6.808551241227375e-05,1.2274500514184232,0.0313479965351009,0.1539549012533552,0.8146971022115439,0.4317942310881487,-0.8325506847326144,0.3470059067944659,7206.224785532074,True,wing_R,high
-0.0117165263786572,0.0016098849976255,-0.0044249496971548,0.0012803079762419,0.0005367421739445,0.5596913057655489,0.5596913688186483,0.5596913688186483,False,0.1392274140724125,4.00996815741344e-05,6.286787930619042e-05,6.588308687155579e-05,1.6429827940093302,0.045766033568581,0.3455848657553706,0.6086491006760483,-0.364137030369988,0.5503626451663154,0.7513355987299303,8213.28310753266,True,wing_R,high
-0.0111912715773399,0.0011793236946755,-0.0044218671712897,0.001818966158391,0.000745382608315,0.3792246632008943,0.3792246884221341,0.3792246884221341,False,0.1977311740052513,0.000133469632762,5.803038671063778e-05,5.418526689025357e-05,2.4632089204685426,0.5652165551837678,0.0288089488283792,0.4059744959878529,-0.3932189556097298,0.8780824175570072,-0.2726721858320622,3999.442801631309,True,wing_R,high
-0.012586740453479,0.002553328126758,-0.0038637327929355,0.0005057187452687,0.000491918300092,0.3927763127710149,0.3927763716205744,0.3927763716205744,False,0.0983975947398786,5.915992409466006e-05,6.0886644461160726e-05,7.197548077955122e-05,1.2166256444884105,0.1540640812439132,0.0239903971157805,0.8219455216403062,-0.8702541820323286,-0.2878805263443162,0.3997279840178347,4137.532175734415,True,body,high
-0.0127649177672397,0.0027221687397833,-0.0020822053849194,0.0016320756987599,0.0006981282964158,0.2540600908561641,0.2540600404136844,0.2540600740420042,False,0.2088029115044309,5.918057716273546e-05,0.0001061502741331,4.246387448400873e-05,2.499778350962996,0.4424830491863784,0.1574814838232112,0.4000354669904103,-0.1117625085222106,0.7398236089450432,0.6634532156349494,1705.8891847583277,False,body,high
-0.0132467312250783,0.0025441111462965,-0.0039608305553213,0.0011369345516695,0.0010279918646859,0.3886937506870162,0.3886937506870162,0.3886937506870162,False,0.2368741915140902,4.858993770199783e-05,5.928383762997689e-05,2.780133449784264e-05,2.132409781788614,0.180384744906792,0.3506622383980659,0.468953016695142,0.8659942037236715,-0.2248753701127362,-0.446637556676176,3382.482527269832,False,body,high
-0.0123993709445775,0.0026600785855576,-0.0026847327917976,0.0009462177943824,0.0004848104618565,0.2145171886433226,0.2145171886433226,0.2145171886433226,False,0.339346806676851,3.765780848874195e-05,4.0244650858187234e-05,0.000104796838651,2.782871411181437,0.6159745715976517,0.0246843550124494,0.3593410733898988,-0.6313913528907531,-0.6455290701264083,-0.4296942856456431,3468.996372566498,False,body,high
-0.0115021333270391,0.0013229990704061,-0.0042882102324232,0.0014962418658721,0.0007144994867023,0.4380648151767987,0.4380648151767987,0.4380648151767987,False,0.2115473469255956,3.000132636793232e-05,5.4884459564933565e-05,7.19048150896874e-05,2.396721205184605,0.2367067560569375,0.3460565633325715,0.4172366806104909,0.6993741701422079,-0.2496836297077335,-0.6697267018671642,5767.230022741208,True,wing_R,high
-0.0117654078073046,0.0013078032445099,-0.0043837366354456,0.0014596683958784,0.0008172978562458,0.497567147125161,0.497567147125161,0.497567147125161,False,0.5049527013334948,9.834350056558242e-05,9.636445979785134e-05,4.020567536902287e-05,2.446010411787606,0.0201237576082755,0.5710472385653774,0.4088290038263471,-0.4485720926882626,0.893455598164028,0.0228072745112529,8935.122724708335,True,wing_R,high
-0.0108330159211275,0.0027987149333957,-0.0050106453392572,0.0019925179238944,0.0010153744782456,0.4801305244433849,0.4801305244433849,0.4801305244433849,False,0.3033707114056096,4.134004373450557e-05,0.000120717663635,7.45303298345888e-05,2.920114560360425,0.382606260009335,0.2749414219978491,0.3424523179928158,0.3060452492847838,-0.7223402537230165,-0.6201297148513224,4076.2200704233614,True,wing_L,high
-0.0116484768604216,0.0026349585143969,-0.0027297274153745,0.0010194009629439,0.0009807774853084,0.1481637049991846,0.1481637049991846,0.1481637049991846,False,0.8543341343124764,5.462123727366026e-05,3.877934460204496e-05,0.0001140603310518,2.941265052887512,0.5211197725805522,0.1388904672248418,0.3399897601946059,-0.8396760539607893,-0.460469529770767,-0.2879443289205853,6199.119555992172,True,body,high
-0.013109794198693,0.0030219701971434,-0.0037419617336682,0.0011018206616616,0.0008434634965936,0.5254416460977158,0.5254416460977158,0.5254416460977158,False,0.5681345344403657,3.468154560153378e-05,2.0244851787140128e-05,1.7397033284427602e-05,1.993532174970192,0.4162644300880061,0.0821133675941645,0.5016222023178293,-0.5940972451127601,-0.6581744214781103,0.4624444769498106,3933.617231591744,True,body,high
-0.0124720679780949,0.0022003026703658,-0.0039952141822399,0.0005675742977421,0.0005414697327162,0.8524283551976884,0.8524283551976884,0.8524283551976884,False,0.8937285570821539,0.0001140341733255,4.486353816600821e-05,4.511780108886135e-05,2.5418007136129,0.6043484179075572,0.0022297081255392,0.3934218739669036,0.1070760162131917,-0.548443435004605,0.8293036388152781,3198.359243755041,False,body,high
-0.0114222143213109,0.0013406179014625,-0.0043063527638303,0.001529580501171,0.0006737288261979,0.4457192722922493,0.4457192722922493,0.4457192722922493,False,0.246832097357873,2.60383738152318e-05,4.697261830887284e-05,6.211388052996819e-05,2.385474644873295,0.2437661613138164,0.337030053750077,0.4192037849361065,-0.7464074903696876,0.5270496792858906,0.4063182175151207,5232.823484620857,True,wing_R,high
-0.0117225463926155,0.00126637424061,-0.0044528158920528,0.0015428071840536,0.0008337577277149,0.4842217868042244,0.4842217868042244,0.4842217868042244,False,0.3602411926080734,9.36084787757819e-05,4.159845054914234e-05,3.892150780146864e-05,2.405057873226837,0.555612364465594,0.0285972251945865,0.4157904103398194,-0.6279461696483571,0.7469617239881567,0.2184760648688939,7177.812869659465,True,wing_R,high
-0.0134008245275267,0.0026219366823438,-0.003722485370509,0.0012415908906225,0.0009717304551217,0.2107005761257768,0.2107005761257768,0.2107005761257768,False,0.1602275963462011,0.0001866990053808,0.0001888920980063,8.214607414644324e-05,2.299465920545821,0.0116102931181775,0.5535061145376353,0.4348835923441871,0.2169349508596254,-0.7808904635852116,-0.5857894766699085,9727.69466858573,True,body,high
-0.0117148504467356,0.0015927281573515,-0.0044749576604672,0.0013254729284083,0.0005571927508353,0.52518659841216,0.52518659841216,0.52518659841216,False,0.7759185189873938,4.694655393354772e-05,2.194556706745417e-05,5.408691519703093e-05,2.4645941037105024,0.1320164264771227,0.4622372486028925,0.4057463249199847,0.488174638350738,-0.8452098207612948,-0.2174991525495791,9719.160557163974,True,wing_R,high
-0.011535701764829,0.0012000385707591,-0.0045148827374196,0.0016910602340063,0.000807021142324,0.483543307080113,0.4835432471796685,0.483543307080113,False,0.360681028952032,0.0001194830840434,6.895999268761707e-05,5.023797553747806e-05,2.378341936853723,0.4228472319767065,0.1566917802635238,0.4204609877597696,-0.0565396376770123,0.9966109603928897,0.0597483304880896,12072.190420266916,True,wing_R,high
-0.0114301204353847,0.0026216627315868,-0.0026099911399289,0.0012377864498634,0.0012201199332808,0.2214387207341608,0.2214387543624805,0.2214387543624805,False,0.1732232172602093,5.708561393511919e-05,3.842739523442236e-05,9.891425400377158e-05,2.574055654835707,0.422877779243601,0.1886302322007644,0.3884919885556346,0.9031817194978786,0.3254296696591019,0.2799255466555763,5439.517917910525,True,body,high
-0.0113090608995993,0.0010950895438694,-0.0046177847600059,0.0019182187953039,0.0008052848360149,0.3197531815577715,0.3197531815577715,0.319753114301132,False,0.8486431730761991,3.315350737942332e-05,9.001552636761808e-05,8.59674977972626e-05,2.715113225802652,0.0449703371596537,0.586720897483286,0.3683087653570602,0.5261972745570559,-0.8500533290101933,-0.0229295897785903,4706.911875315902,True,wing_R,high
-0.0114975180493685,0.0011951605068104,-0.0046308699729924,0.0017755062156231,0.0007903929923783,0.5343460426356714,0.534346101485231,0.534346101485231,False,0.5120330497016091,4.197968323174192e-05,8.946531412316936e-05,3.430535618422291e-05,2.607910952526842,0.5307714096443306,0.0857799150736066,0.3834486752820627,-0.0679290902641099,-0.4737993859812855,0.8780089865938999,11280.580887846185,True,wing_R,high
-0.0119561236171776,0.0019330074627698,-0.0042463816696475,0.0008740750206204,0.0004104304576477,0.5384429661139577,0.5384429661139577,0.5384429661139577,False,0.2443571499361568,0.0001011111379753,4.438414256002954e-05,4.8311776311654106e-05,2.2780915016800454,0.5221913502404866,0.0388447190910039,0.4389639306685094,0.4457396666826039,-0.8866547312169402,0.1231240722048179,4501.935837009993,True,wing_R,high
-0.0130297236577679,0.0029947616968525,-0.0027431945115424,0.0013109880837448,8.368650796638639e-05,0.4659714423307421,0.4659714423307421,0.4659714423307421,False,0.4309354159386521,6.0473345996850896e-05,2.608136885534667e-05,2.5230976274787805e-05,2.396789776909236,0.5687129854414731,0.0140622710144589,0.4172247435440679,-0.7995905791706409,0.5122553839309831,-0.3134474873647577,2462.282330483105,False,body,high
-0.0117914207132695,0.0013903576909338,-0.0043251699334282,0.0013552333076031,0.0007567537017535,0.4511750636259021,0.4511750636259021,0.4511750636259021,False,0.2833491342932204,5.608755395845551e-05,0.0001179639276783,0.0001266921302528,2.2588278737680807,0.0688930129843756,0.4883995051339515,0.4427074818816728,0.1809266276655827,-0.935908326882648,0.302226999246067,8079.965616078008,True,wing_R,high
-0.0125924757291126,0.0033148097526752,-0.0025723498896562,0.0013888725920584,0.0006141364407995,0.1933861613850514,0.1933861277567317,0.1933861613850514,False,0.3054028579574462,6.581576644916236e-05,2.358944383759758e-05,2.505311323940419e-05,2.7900516392956742,0.6193448076190711,0.0222388871356103,0.3584163052453186,0.6867444599038663,0.6916385607333717,0.2236473744491919,1957.7300102612487,False,body,high
-0.0120064209332663,0.0021608551817921,-0.0031248456451547,0.0005701609764946,0.0005637649677119,0.2503940827684545,0.2503940827684545,0.2503940827684545,False,0.2093883439037921,3.934895545610065e-05,6.406725434013814e-05,5.840943977275701e-05,1.6281818309412115,0.0883105515548293,0.2975074320410663,0.6141820164041043,-0.2833182925319049,-0.957221679568327,0.0587996707575577,3364.034749496594,True,body,high
-0.0115388227845279,0.0024255536824645,-0.0026206766800169,0.0011548931599019,0.0011367564632776,0.2316477069176956,0.2316477069176956,0.2316477069176956,False,0.1731004300337956,3.275882109645055e-05,8.16164826868289e-05,7.777990287953577e-05,2.4914352823176573,0.0470074142010565,0.5516175201501379,0.4013750656488055,-0.7532786852137912,0.5992701502078301,-0.271010164887716,6066.967306212758,True,body,high
-0.0120227719050979,0.0026587975663077,-0.0035138046350772,0.0002651214080357,0.0002647529767333,0.7303553183550049,0.7303552510983654,0.7303552510983654,False,0.994935472138568,7.181497104639416e-05,2.967726159828941e-05,2.693564886809461e-05,2.666168221826626,0.5867538318839229,0.0381760612062861,0.375070106909791,-0.7746924297732922,-0.4495677414791441,0.4446802053985471,6656.558862552349,True,body,high
-0.012418970218759,0.002373778241357,-0.0023151163472264,0.0012918204775483,0.0008538464909311,0.283761749375696,0.283761749375696,0.283761749375696,False,0.366492458292556,1.923873476864629e-05,1.7325655863015845e-05,4.6344374521209336e-05,2.674898710191872,0.5848744326058007,0.0412796358866584,0.3738459315075408,-0.9651044100676736,0.2533969600693375,0.066056478074043,2430.5643863072823,False,body,high
-0.0117503908025969,0.0028371575406004,-0.0040432004636594,0.0007362513153145,0.0005797711265994,0.3957737394203438,0.3957737394203438,0.3957737394203438,False,0.1905131980000808,7.231081658122137e-05,2.680299068602016e-05,4.1023536003182014e-05,2.6978637357411417,0.4326777383698423,0.1966586188552991,0.3706636427748586,-0.1657812330860383,0.6740348437311647,0.7198566608657427,7655.690920235101,True,body,high
-0.0112172401920238,0.0013341157891255,-0.0042787984235848,0.001633110892718,0.0006626596306666,0.2800904280134717,0.2800904280134717,0.2800904280134717,False,0.5429093033335491,3.5706915308675824e-05,5.788170728166168e-05,0.0001068742177044,2.9930957849648814,0.4584128097039917,0.2074849523979541,0.3341022378980541,0.2605067844844314,-0.8800126527924338,0.3971321520134141,3871.983081794716,True,wing_R,high
-0.0123839832887016,0.0021951111308411,-0.0026823681692236,0.000958533010192,0.000713704024346,0.5132434954115425,0.5132434954115425,0.5132434954115425,False,0.0545198542147331,7.38502531512144e-05,4.013652557115992e-05,9.92097176907722e-05,2.471806323018136,0.2556147233338671,0.3398228355526335,0.4045624411134993,0.3141051823098013,-0.7021841780135227,-0.6389642514206877,3391.349157991179,False,body,high
-0.0124809882158126,0.0023363742539752,-0.0026198946963616,0.0010152703925971,0.0006312279970914,0.1547957813280903,0.1547957813280903,0.1547957813280903,False,0.7121387073717615,3.675881412511677e-05,0.00010951786108,4.122689160075499e-05,2.9793632816141065,0.6235601097923137,0.0407977057949691,0.3356421844127171,-0.2590551995647892,0.6512613106453424,0.7132665061777106,3133.026959723752,False,body,high
-0.0123531124677136,0.0026883616436723,-0.003131684027264,0.0005360455187696,0.0002037337394174,0.1045790486683165,0.1045790486683165,0.1045790486683165,False,0.9205773362182298,0.0001751878031222,9.14147550319028e-05,0.0002206674470345,2.4139149851417865,0.2061003764873357,0.3796348270491455,0.4142647964635187,-0.1393366920119042,-0.9645895799260558,0.2239469324577907,6893.341466931533,True,body,high
-0.0109235087275914,0.0027187011579356,-0.0044886885180382,0.0015706792085645,0.00082434270633,0.4134097417824878,0.4134097417824878,0.4134097417824878,False,0.1227895156017763,9.253202515428168e-05,3.445056240231464e-05,8.748599756054332e-05,2.685936562477271,0.0545327694419845,0.5731576183467395,0.3723096122112759,0.2054902324304938,-0.7249867561781189,-0.6573948339787823,22518.05129827648,True,wing_L,high
-0.0114965386181,0.0013712546408433,-0.0045561206931531,0.0016092554188015,0.0006346483612992,0.5753177932372029,0.5753177932372029,0.5753177932372029,False,0.1292956395053536,5.8065428829189485e-05,8.621002292650494e-05,3.984496074689305e-05,2.1636367889564867,0.3264654519499322,0.2113497649551676,0.4621847830949001,-0.4724814493325979,0.4508219635074225,0.7573115853173513,6090.834664412062,True,wing_R,high
-0.0114497203100063,0.0017135782698264,-0.0039204021602828,0.0010936311731555,0.0005096416851857,0.2248947199652606,0.2248947199652606,0.2248947199652606,False,0.4079273828025417,3.847954293249719e-05,2.637932177784705e-05,6.424916029886983e-05,2.43558802762038,0.4010887807171223,0.1883327517178926,0.410578467564985,0.2898033994077728,-0.9569479440455932,0.0162672086914405,3766.00803587831,True,wing_R,high
-0.0114780617529862,0.0013069654394694,-0.0042947054981836,0.0015223896355768,0.0007216447785217,0.4349640024620512,0.4349640024620512,0.4349640024620512,False,0.293618664484661,7.416312619684246e-05,5.2237186424274064e-05,3.7700461695164815e-05,1.967167585280636,0.2956447617158553,0.1960101397361018,0.5083450985480428,0.1284174201138507,-0.991593789697432,-0.0158342175300103,5637.276176361048,True,wing_R,high
-0.0109123363047135,0.0026833599594651,-0.0044817643029041,0.0015701341597052,0.0007979825510262,0.5555470567325761,0.5555470567325761,0.5555470567325761,False,0.4922812711197433,2.9933051313789538e-05,6.293656582741777e-05,2.6390670152210742e-05,2.384803624327273,0.5243933169809297,0.0562849452461797,0.4193217377728906,0.1594824079608035,-0.9002983277708085,-0.405004052528009,22817.856236862863,True,wing_L,high
-0.0116240070207942,0.0029319726287396,-0.0045822714038081,0.0012392636182937,0.0008912825118761,0.3998865838062443,0.3998865838062443,0.3998865838062443,False,0.1295202746852159,7.814593332540519e-05,7.913143885771144e-05,3.4152748690748945e-05,2.316985949630052,0.0124540327653881,0.5559507734184094,0.4315951938162025,-0.1735589460772544,0.6735210597638371,0.7185030788320608,8516.575868690667,False,body,high
-0.0122485125913972,0.0026736356228428,-0.0033899251826746,0.0002989293761706,0.0001632731121089,0.5061469673247835,0.5061469673247835,0.5061469673247835,False,0.2545353416270946,3.8290943940774735e-05,0.0001062663503295,6.132346692018396e-05,2.775234543548605,0.4229267615757378,0.2167433332187254,0.3603299052055367,-0.3010934294030163,0.7561448140970608,0.581023034727929,11100.88703544867,True,body,high
-0.0122777972227402,0.0025188245297549,-0.0034925096424271,0.0001478146629017,1.4381557487990338e-05,0.5751242622572525,0.5751242622572525,0.5751242622572525,False,0.3992445664928895,8.982472264718286e-05,7.526689855722352e-05,3.468035492559864e-05,2.59007506814414,0.1620692350717311,0.4518415691751405,0.3860891957531283,-0.2701518953958879,0.9422618703031514,0.1978901745585572,10020.7166040956,True,body,high
-0.0116286695243646,0.002914893004954,-0.0045508007078044,0.0012052593081702,0.0008612635750773,0.3778371839507617,0.3778371251012021,0.3778371839507617,False,0.2432281188381758,8.978969309514885e-05,9.328409204813822e-05,3.7306750695213774e-05,2.500461452948407,0.0374597519927205,0.5626140668534549,0.3999261811538246,0.1795367275828298,-0.6865151597950776,-0.704601659677571,8144.420134842312,False,body,high
-0.0111783129395688,0.0011613223252982,-0.0044500533422764,0.0018517046687722,0.0007504433095674,0.4484324177373414,0.4484323000382224,0.4484323000382224,False,0.1194916348856047,6.01606529019591e-05,0.000137947149412,4.91789723700971e-05,2.805002682323481,0.5638862190456354,0.0796078830093167,0.3565058979450477,-0.2213678452371337,0.9258886744575052,-0.3061477414687101,3905.59295304305,True,wing_R,high
-0.0109174063591055,0.0027169269097604,-0.0045049085155884,0.0015846578787935,0.0008259643493388,0.4150769161747562,0.4150769161747562,0.4150769161747562,False,0.3501795090861443,8.984408469166098e-05,3.4239365854937954e-05,9.263656673710713e-05,2.7055573146296226,0.0301444898467677,0.600245894199894,0.3696096159533382,-0.2320135626713159,0.7451601414247768,0.6252248158609588,20213.636007250072,True,wing_L,high
-0.0114483669606843,0.0025538220090677,-0.0026032410915669,0.0012248800430972,0.0012082826246347,0.1968855243344215,0.1968855243344215,0.1968855243344215,False,0.3259400348473422,6.613438630831596e-05,6.62463051916917e-05,2.7606194461810464e-05,2.3996898697259685,0.0016894358568662,0.5815900484565819,0.4167205156865518,0.9806657574382752,-0.0192126058787161,0.1947448278218532,6401.4404203378745,True,body,high
-0.0108964003470735,0.00268995882397,-0.0044592139367445,0.0015712739972198,0.0008115177322182,0.4879264832228792,0.4879264832228792,0.4879264832228792,False,0.2110732359421575,7.648587180557831e-05,3.182924792123563e-05,3.051481268159945e-05,2.5065161829323497,0.5838545450309656,0.0171853338218772,0.3989601211471571,-0.1385995540342382,0.7991984517904139,0.5848692146773633,20817.232896379104,True,wing_L,high
-0.0120840692303238,0.002759875884589,-0.003495764232084,0.0003302741969541,0.0003140987639456,0.4930062594996572,0.4930062594996572,0.4930062594996572,False,0.8586747856134809,8.70468268325743e-05,6.265067693557501e-05,3.084902346179974e-05,2.821704451694043,0.2802646665561146,0.3653396066342833,0.3543957268096021,-0.3788157633170879,0.8011242398272256,0.4633557702497528,7806.271125242417,True,body,high
-0.0133046349322391,0.0030817524355426,-0.0036386546126663,0.0012898680181972,0.0008967150636013,0.2091096875767781,0.2091096875767781,0.2091096875767781,False,0.1726151449174377,9.19908165320363e-05,0.0001329602517917,7.181223157490894e-05,1.851498677535052,0.308132954831542,0.1517640398931173,0.5401030052753406,0.2865362576693618,-0.9444901351721434,-0.1607338097705128,4083.35794652352,True,body,high
-0.0118143483951058,0.0013966425854304,-0.0043238573412847,0.0013431808617242,0.0007621127252158,0.4737328900471307,0.4737328900471307,0.4737328900471307,False,0.8443000612282924,0.0001086512342977,3.958581717773504e-05,7.497624929076881e-05,2.74470105820702,0.3099365159044231,0.325725081190143,0.3643384029054338,0.2923620306942108,-0.9278613485208936,0.231511902349205,7632.922862668537,True,wing_R,high
-0.0117249106163271,0.0014786086783455,-0.0038239233662632,0.0011037972554421,0.0007553463080613,0.6603217027288777,0.6603217027288777,0.6603217027288777,False,0.3656054052107466,4.517269475799978e-05,0.0001255802107147,6.038499960574135e-05,2.78000264069948,0.5191519486863834,0.1211361627851982,0.3597118885284183,-0.4767301260504171,0.2836692264101344,-0.8320217286248176,3880.9882679245193,True,body,high
-0.0117744788076328,0.0027938095459945,-0.0022943018111832,0.0013911728939443,0.0011988394676867,0.1943652162851856,0.1943651826568658,0.1943651490285461,False,0.1478419570680126,2.6743728465443184e-05,7.076283269993781e-05,2.8560927933638817e-05,2.64595988518855,0.5963851806957988,0.0256801402496317,0.3779346790545694,0.4255353056179133,0.8955529683759874,0.1300176315182936,2902.424832767982,False,body,high
-0.0107314279147041,0.0027021281974816,-0.004850443995427,0.0019402728581783,0.0009179014212211,0.7374409398318843,0.7374410575310033,0.7374409398318843,False,0.8353781354168301,8.29480190218632e-05,3.1885849061474385e-05,3.1733955561867496e-05,2.61385690983749,0.6155923982576365,0.0018311889952049,0.3825764127471585,-0.2884937169665973,0.6532276183681398,0.7000464655091723,3711.705306864582,True,wing_L,high
-0.0113624190923879,0.0029541622295317,-0.004868714146862,0.0016034977531604,0.0010454785318611,0.39683583945601,0.39683583945601,0.39683583945601,False,0.1331022669193736,6.699620061713999e-05,2.778574897794362e-05,6.549818191188809e-05,2.4111713047692795,0.0223597560974025,0.5629040540590939,0.4147361898435036,-0.2448587573569009,0.635898221842222,0.7319000207702788,8149.406514067259,True,wing_L,high
-0.0111943127439645,0.0011456094180905,-0.0044640599810696,0.0018607769735324,0.0007631520573338,0.417096918897457,0.417096918897457,0.4170969441186967,False,0.5149539038537758,4.16460834483765e-05,3.862314852932809e-05,0.0001117773201219,2.8940499254490364,0.6274191991456268,0.0270442601034938,0.3455365407508792,0.0199087223825885,-0.9795228138779596,0.2003464495959367,4010.440802485878,True,wing_R,high
-0.0117418994330298,0.0028192664434281,-0.0022838719891941,0.0014168975532637,0.0012318093893753,0.2251257465216912,0.2251257465216912,0.2251257969641708,False,0.130303630263605,5.076975197320038e-05,2.021836063022284e-05,1.988562682275257e-05,2.553087837045753,0.6017636516937207,0.0065537804408795,0.3916825678653998,-0.4742532931624829,-0.8674943998593039,-0.1501242156924926,2799.1997581545147,False,body,high
-0.0110647280331127,0.0026958779197386,-0.0042113444827396,0.0013018651474879,0.0007445208605918,0.4236407040729553,0.4236406704446356,0.4236407040729553,False,0.9588786342912512,3.1426191302326004e-05,7.389604625135042e-05,8.364213003469687e-05,2.661542063116828,0.1165212289465073,0.5077567361257639,0.3757220349277287,0.1703900638353824,-0.787585188890853,-0.5921796994037647,5790.570938070065,True,wing_L,high
-0.0116055183709418,0.002489845634526,-0.0027295032255467,0.0010275530208739,0.0010081984522939,0.1806040034336913,0.1806040034336913,0.1806040034336913,False,0.2303121420363361,0.0001434576612413,5.532489482278576e-05,0.0001276022207482,2.593003777068387,0.1105234837647197,0.5038233950004991,0.3856531212347811,-0.8906638139442373,0.3200838020157476,-0.3228998764593271,6574.246589033721,True,body,high
-0.0114967538434566,0.0024194575682576,-0.0025982471062563,0.0011972419690591,0.0011822623571936,0.1950560764853764,0.1950560764853764,0.1950561101136961,False,0.5296338802191237,8.415652966038314e-05,2.815145642106403e-05,5.587741487465031e-05,2.9894200996796,0.3360299539424245,0.3294570078575653,0.3345130382000101,-0.749087942315972,0.6015268755905744,-0.2775476042394612,5677.360989667258,True,body,high
-0.0121581039892836,0.001899144507369,-0.0039377783822384,0.0006606757328554,0.0004876359810307,0.3867324966388547,0.3867324966388547,0.3867324966388547,False,0.7273898924537173,5.351651489815069e-05,0.0001320476429536,4.758064660338394e-05,2.7752385135563045,0.5947181358099182,0.0449524744402404,0.3603293897498413,-0.4292440447269557,0.7469909812193996,0.5076948138826334,11974.808473009594,True,wing_R,high
-0.0120336285968144,0.0019086966451142,-0.0039279277203188,0.0006630411438602,0.0004137891826218,0.4044744366151757,0.404474411393936,0.404474411393936,False,0.2388322351400836,3.099003081129821e-05,8.803940050246983e-05,7.462648881155939e-05,2.8408942552704017,0.1523512383587182,0.4956469234367062,0.3520018382045755,-0.0095947132754261,0.9151665053045892,-0.4029617960126595,8134.210094857392,True,wing_R,high
-0.0125789001743729,0.0024284856930744,-0.0038821763408998,0.0005012632492098,0.000498140269831,0.7294143307127862,0.7294143307127862,0.7294143307127862,False,0.3915132690100862,5.815897796454079e-05,9.137823394932796e-05,7.324627162935137e-05,1.571180188294243,0.1984275853922861,0.1651081774372762,0.6364642371704375,0.4280532308397284,-0.3673241662706324,0.8257380870719572,3936.09933365862,True,body,high
-0.0116260832623737,0.0015469144455922,-0.0035951335941615,0.0010632798975905,0.0008052010947447,0.4007749010927119,0.4007749010927119,0.4007749010927119,False,0.4515575831027028,3.403972073347574e-05,3.0614822404717225e-05,7.757507449154644e-05,2.533905748856914,0.5612028611434315,0.0441494687721084,0.39464767008446,-0.58031233395325,0.7761732665087138,-0.2465616665642181,3279.335717097468,False,body,high
-0.0108784736434736,0.0028095758420698,-0.0049655168315251,0.0019314530002431,0.0010029635074619,0.42568722272575,0.42568722272575,0.4256871975045102,False,0.1902629676225897,4.434542931791994e-05,0.0001268261334004,0.0001080853017501,2.859959534752416,0.1477679019919485,0.5025768011940114,0.34965529681404,0.3324739748162717,-0.7305563702370372,-0.5964465156038335,4884.481941928725,True,wing_L,high
-0.0120738030217235,0.0019861076126333,-0.0041346872803588,0.000732708728744,0.0004187844055369,0.6433278331316598,0.6433278331316598,0.6433278331316598,False,0.4334590242077358,4.074677806052226e-05,2.868737260569438e-05,3.795714399532e-05,1.420373298753547,0.068462690744744,0.2274970397869737,0.7040402694682822,0.4706919505851545,-0.4191454876622975,-0.7763801567703009,6930.252161968269,True,wing_R,high
-0.0115073813066121,0.0024780705757696,-0.0026909652776074,0.0011155552594241,0.0011047259113578,0.2366020831902626,0.2366020831902626,0.2366020495619429,False,0.2718730344453168,4.564802468866785e-05,0.0001069936364357,0.0001307291663851,2.8638515527620063,0.1815626199240009,0.4692572701518089,0.3491801099241901,0.9244194913184036,-0.3429654915963867,0.1668031044215685,6699.268619363759,True,body,high
-0.0118209815263085,0.0026767997977029,-0.0029335333857716,0.000772714436284,0.0007234129244907,0.1021388769049574,0.1021388769049574,0.1021388769049574,False,0.971372734075646,3.519814861440249e-05,8.45544230056283e-05,9.383859192021904e-05,2.666009310552824,0.0989376409493023,0.5259698955541469,0.3750924634965509,-0.841257763999161,-0.0374963899220634,-0.5393323606589399,4405.912193837654,True,body,high
-0.0133549404443991,0.0026452890450172,-0.0036738035074537,0.0011951909441977,0.000902953573402,0.3227728701547505,0.3227728701547505,0.3227728701547505,False,0.2221552756540278,3.681779041569769e-05,4.953850795973567e-05,0.0001053460049645,2.86127993492091,0.5297542799425422,0.1207517793229796,0.3494939407344781,0.2942186539795028,-0.7275286379695559,-0.6197882417282959,10037.21202040334,True,body,high
-0.0117386870042352,0.0015484031493098,-0.0043707263150387,0.0012800140059127,0.000594655384851,0.4865662754891491,0.4865662754891491,0.4865662166395896,False,0.3388018444047097,4.578300310530462e-05,0.0001072349196787,4.582895865630395e-05,2.3422430248212445,0.5726302701248035,0.0004285502440529,0.4269411796311436,0.6128812641655056,0.7818748419961752,0.1142291008821652,6936.044033731753,True,wing_R,high
-0.0118364533207577,0.0016816200059254,-0.0040449393722072,0.0009644495395881,0.0005296400845219,0.4110653771019921,0.4110654359515516,0.4110654611727914,False,0.4535465217754976,5.577535346122629e-05,0.0001444060154603,0.0001434556774827,2.5890649991264163,0.0065810137797013,0.6071791659232367,0.386239820297062,-0.3044601840378953,0.8258876104118053,-0.4745668038368139,5688.696925203628,True,wing_R,high
-0.0116109013918055,0.0014985313547129,-0.0044269342036684,0.0013971318887729,0.0005762633809974,0.5185505140078984,0.5185505140078984,0.5185505140078984,False,0.1012720349295646,4.477190040520534e-05,5.73881251432564e-05,0.0001013307960831,2.263267700636105,0.4336556371654498,0.1245053352555573,0.4418390275789928,-0.8285403059616052,-0.1076813912909715,0.5494776422810032,7478.090412748478,True,wing_R,high
-0.0114446098974303,0.0014283580363174,-0.0044961144604926,0.0015586369356528,0.0005635228894357,0.5813291075983602,0.5813291075983602,0.5813291075983602,False,0.1408678732633125,3.1803335529924225e-05,5.5226791950375385e-05,3.575209784137244e-05,1.7365094267678838,0.3526312758941735,0.0715008453686105,0.5758678787372159,0.318783696417321,-0.8946198873667178,-0.3131009613949953,5420.096680100187,True,wing_R,high
-0.0116876622514235,0.0024292552755961,-0.0031147105346594,0.0006780581331196,0.0006776364058562,0.4928514662422468,0.4928514662422468,0.4928514662422468,False,0.1069738045832903,4.7076077788383605e-05,6.151482757667572e-05,0.0001271634898149,2.701233743104454,0.5162540154711652,0.1135447745992093,0.3702012099296254,-0.3769888100295786,0.7383755692059424,0.559178822839602,3819.6829701879874,False,body,high
-0.0118878749132458,0.0015619579274448,-0.0040208579115297,0.0010370040016371,0.0006618583989319,0.6071463168724046,0.6071463168724046,0.6071463168724046,False,0.2174232066506085,4.434745933703859e-05,5.737274819145984e-05,2.53962445637378e-05,2.259103626422778,0.2270291953063548,0.3303173609543381,0.4426534437393071,-0.1680643668501556,0.3588751471791885,-0.9181301636110056,5406.484119802677,True,wing_R,high
-0.0114671365355087,0.0011968519522332,-0.0046803173749019,0.0018156718982934,0.00077468155939,0.6015158852674005,0.6015158852674005,0.6015158852674005,False,0.1950183537612825,5.136453573456715e-05,5.030581489383887e-05,8.420437697791424e-05,1.6738497757289494,0.3900015940021807,0.0125732281233548,0.5974251778744644,-0.2775782181512299,0.6875911493673676,-0.6709461559019849,8476.72013481649,True,wing_R,high
-0.0109104874819062,0.0021149807487967,-0.0035524437881113,0.0013132563276301,0.0009188854387261,0.97345052386349,0.97345052386349,0.97345052386349,False,0.9950357013659832,2.5050628541518223e-05,2.5373609194380423e-05,6.10601602672319e-05,2.437470188264237,0.584449023989915,0.0052895480694558,0.4102614279406291,-0.2648823210266204,0.346176791278807,0.8999994362150789,1498.2962565231007,False,wing_R,high
-0.0123090057406057,0.0025254225446908,-0.0034662335509493,0.0001878297750671,1.1652224553211472e-05,0.5017375945896,0.5017375945896,0.5017375945896,False,0.1397178031619688,0.0001065295607748,8.547275372435813e-05,8.777833405472046e-05,1.2463569515780886,0.1760189996444404,0.0216426343410409,0.8023383660145186,0.9861059119481504,-0.0546255841790417,0.1568794950718722,11578.697242922535,True,body,high
-0.0120404871019486,0.0017238780953311,-0.0040856098218707,0.0008988464146705,0.0005839973885809,0.410008884588638,0.410008884588638,0.410008884588638,False,0.3843730714807538,0.0001234156895406,4.7481874002324e-05,0.000112717190138,2.5992169040043303,0.0866867044414079,0.5285820334390634,0.3847312621195287,0.1926378614785372,-0.8897481229106985,0.4138102609915117,5620.767664928527,True,wing_R,high
-0.0113271962640662,0.0025277520204968,-0.0026699269775908,0.0012495800716627,0.0012477538577749,0.5319327104749836,0.5319327104749836,0.5319327104749836,False,0.0506340652636951,6.622501782889031e-05,0.0001117773734215,4.223270287369256e-05,2.64670186409332,0.4075275183004853,0.2146437532104562,0.3778287284890585,0.4127290505452913,-0.8085759800828392,-0.4193561914042272,4345.569740772113,True,body,high
-0.0117630665828364,0.0014082853617539,-0.0042959634897547,0.0013337837212371,0.0007284162649274,0.4513632687207177,0.4513632687207177,0.4513632687207177,False,0.3366201544267011,5.301058972686308e-05,0.0001290352699974,0.0001230829935325,2.4341413793415274,0.0461290658362236,0.5430484533962396,0.4108224807675367,-0.2046162328481962,0.9203306827297444,-0.3333521136594389,7464.20733712829,True,wing_R,high
-0.0111795035243133,0.0028807872737625,-0.0048887771730117,0.0016992488333192,0.0009972894438254,0.7058522617799581,0.7058522617799581,0.7058521945233187,False,0.25646055888896,4.467708371227235e-05,4.091402041543365e-05,0.000122406222223,2.991791590758925,0.6350097004801983,0.0307424183877035,0.3342478811320982,0.5798434971971543,-0.812025584364835,0.0663021047563485,5533.506271217359,True,wing_L,high
-0.0109297429256287,0.0027059395437436,-0.0044755322797536,0.0015560119174073,0.0008098696697216,0.4251532302299419,0.4251532302299419,0.4251532302299419,False,0.2840876266788539,8.19134974045194e-05,2.907362412387092e-05,6.22205383042338e-05,2.817450519946162,0.2404116503905873,0.4046575378984375,0.354930811710975,-0.2100036366498832,0.7420455519956093,0.6366057424790914,24803.216235867745,True,wing_L,high
-0.0128471164841278,0.0028940692254029,-0.0026339381323614,0.0012400979622837,0.000195657617755,0.2996524419447177,0.2996524419447177,0.2996524419447177,False,0.2034351688880439,6.157986287422646e-05,3.407414870791886e-05,2.261291101830221e-05,2.7232169632819745,0.4466673500473122,0.1861198962561122,0.3672127536965755,-0.8740512609324342,0.4803305590433236,-0.0729174006088382,2622.088920747918,False,body,high
-0.0128667705230322,0.0024937366783705,-0.0026056890936034,0.0011949142569144,0.0004297700131543,0.2185200852379204,0.2185200852379204,0.2185200516096007,False,0.4961321189500192,9.052447835606751e-05,3.407918590448148e-05,3.515581182271817e-05,2.656298146610462,0.6116430333413592,0.0118932021237605,0.3764637645348803,-0.1891228817485576,-0.5063180481672116,-0.84135282117508,2395.3319372081387,False,body,high
-0.0115325734956709,0.001489403009774,-0.0043969157469486,0.0014194176268329,0.000551693320066,0.4935463071947837,0.4935463071947837,0.4935463071947837,False,0.0628448330649076,4.977324891414536e-05,5.953187613133463e-05,0.0001063299116986,2.1362863389132203,0.4401210799452822,0.0917768769041147,0.468102043150603,0.871470404219357,0.014908129870212,-0.4902214624366455,5937.332221464975,True,wing_R,high
-0.0125183489104244,0.003451226129727,-0.0023703192667386,0.0016046429119117,0.0008208578309184,0.2826655838521601,0.2826655670380003,0.2826655838521601,False,0.1539013372628238,5.10055113960177e-05,1.977610661888586e-05,2.015588812815309e-05,2.579148281255132,0.604829212050077,0.0074458916080367,0.3877248963418863,-0.5714550159626534,-0.8126265636088525,0.1143557294078063,1540.7048703750547,False,body,high
-0.0117122092757845,0.0026016330964,-0.0027256534362035,0.0009857843584188,0.0009354490151152,0.1330879611300959,0.1330879611300959,0.1330879611300959,False,0.9653759656240144,5.2038495475509016e-05,6.81690004126992e-05,0.000130476884866,2.50731470373675,0.4775396386672934,0.1236272996074829,0.3988330617252237,-0.7999563211120062,-0.3514634275197543,0.4863572179263007,6898.454123385779,True,body,high
-0.0113567647887494,0.0027014199006516,-0.0041139328646858,0.0010095120460318,0.0006044287033868,0.3568024934213892,0.3568024934213892,0.3568024934213892,False,0.8731684823065966,0.0001322183259585,4.976347157594813e-05,0.0001386763149514,2.786709016869961,0.0465687957974094,0.5945849831058495,0.358846221096741,0.160769811979841,-0.7055963148135127,-0.6901354273456454,4848.031851296342,True,body,high
-0.0122589941654059,0.0026833670416981,-0.0034261467639556,0.0002875681472077,0.000163225032771,0.5131081929180609,0.5131082528185054,0.5131082528185054,False,0.6486288540031496,9.12406484144969e-05,3.452634266303536e-05,8.581399512694821e-05,2.642638674619339,0.0594762683282999,0.5621140725668489,0.3784096591048512,-0.3332228291762538,0.7892569110293755,0.5157868498790384,11190.430819816334,True,body,high
-0.0120509274557819,0.0030678106634587,-0.0020928094642972,0.0016150470617557,0.0011649207355062,0.3886493781191544,0.3886493781191544,0.3886493781191544,False,0.3632573109649509,4.6547507862793005e-05,1.8577135628095728e-05,1.756395572155067e-05,2.6501722391431457,0.6008994577571132,0.0217665768386909,0.3773339654041959,-0.7972651673261985,0.5212257725499294,-0.3044535219012221,2035.9765163057075,False,body,high
-0.0115417067445812,0.00122516769059,-0.0045145054768143,0.0016699821353619,0.0007868689314928,0.4910529259716732,0.4910529259716732,0.4910529259716732,False,0.3198094667183769,6.851841697785224e-05,7.370193776268215e-05,8.442606518229913e-05,1.2321660205545737,0.1270238924017201,0.0613971618082314,0.8115789457900484,-0.3573779947959852,-0.0160037977258704,0.933822706563698,11175.753215642388,True,wing_R,high
-0.0113484066285344,0.0029462579502657,-0.0048349750815198,0.001581374559915,0.0010234930099076,0.4917311077698896,0.4917311671448916,0.4917311671448916,False,0.1645278183016343,5.884156338630616e-05,7.774497350124382e-05,2.9153003121752704e-05,2.666791245366893,0.2431463960127946,0.3818711220485332,0.3749824819386721,-0.2708825295744057,0.6334497474713245,0.724820027730944,8208.555810553418,True,wing_L,high
-0.0113752266529816,0.0028333579334554,-0.0044148168805765,0.0012174763319322,0.0007624172347621,0.405160790620525,0.405160790620525,0.405160790620525,False,0.2553382651846021,3.4352335980098024e-05,7.111598110241762e-05,2.6761256008997045e-05,2.657423144807129,0.516953356368303,0.1067422519302474,0.3763043917014496,-0.2104347926907292,0.652100670692716,0.7283418931431308,14602.751918756754,False,wing_L,high
-0.0120184069010161,0.002990155926402,-0.002762201172214,0.0009916452931732,0.0007689667062043,0.1044426522035592,0.1044426185752395,0.1044426185752395,False,0.5713289324051511,4.419871100374374e-05,1.719425332090366e-05,1.870242236722961e-05,2.570551345199143,0.5768559321640518,0.0341224667433899,0.3890216010925582,-0.8721062267373227,-0.1018536176804956,0.478598547690426,2415.5622797237816,False,body,high
-0.0126746826048565,0.0027461606311196,-0.0033368627613597,0.0006250754752729,0.0001987318430439,0.396000116861574,0.3960000580120145,0.396000116861574,False,0.0229373042045028,7.810056030907227e-05,3.069855567997203e-05,3.362005298898713e-05,2.5441118834142955,0.5695286582331756,0.0374068674725722,0.3930644742942522,0.3733202344279019,0.9207199028717769,0.1136083756704678,9636.368133487462,True,body,high
-0.0117200081926518,0.0015923426191351,-0.0044999399340442,0.001340910222543,0.0005652378687071,0.5219174612448574,0.5219174612448574,0.5219174612448574,False,0.1886116192832575,3.009144459637004e-05,3.820690093212496e-05,7.131565606109238e-05,2.3699645204037583,0.4642564754729997,0.1137962795827446,0.4219472449442557,0.0995079886923687,-0.9745043754703738,0.2010954558797782,9335.702939745208,True,wing_R,high
-0.0109219128924012,0.0026940583571065,-0.004454855704518,0.0015486906635388,0.0008029093807074,0.4498988688927808,0.4498988688927808,0.4498988688927808,False,0.1238657773663675,8.995313832231259e-05,3.616801303541912e-05,9.549858291360996e-05,2.6404155190966327,0.0580683442843743,0.56320338633243,0.3787282693831957,-0.1844394420728943,0.7369690818565355,0.650275837314731,22552.146844026625,True,wing_L,high
-0.0115093538480623,0.001188133551476,-0.0045662730454576,0.0017386296521755,0.0008036803977074,0.5348507742897889,0.5348507742897889,0.5348507742897889,False,0.9173966562658212,5.121681374718142e-05,0.0001151810860198,5.044946594325071e-05,2.2830982224746825,0.5553365963369842,0.0066620990515628,0.4380013046114529,-0.4451166198305911,0.7709508034556292,0.4555283233803457,14443.66908197897,True,wing_R,high
-0.011105360670027,0.0028135752430756,-0.0046605299913595,0.0015632828505058,0.0008723506048652,0.3831073049241972,0.3831073049241972,0.3831073049241972,False,0.1750049027090532,6.724212607899412e-05,7.326506452047617e-05,2.821585615086855e-05,2.596591935000381,0.0822075088707354,0.5326722931803122,0.3851201979489523,-0.24397153862611,0.6680183142050491,0.7030145234823052,4439.848023722121,True,wing_L,high
-0.0118712494875606,0.0015615151313132,-0.0042029030861714,0.0011309850738564,0.0006434591023997,0.4255745174122307,0.4255745174122307,0.4255745174122307,False,0.6678831303849574,4.937343100539038e-05,5.131875513754604e-05,2.2004435228951587e-05,2.3322005133776456,0.0379066898045704,0.5333137115871888,0.4287795986082408,0.1641039511295589,-0.9701249617819356,-0.1786825446182858,6469.022404488976,True,wing_R,high
-0.0112032560627183,0.0028306802583905,-0.0046272737176154,0.0014782489510702,0.0008569494365361,0.423876884169382,0.4238769177977017,0.4238769177977017,False,0.791901783719728,3.923313311233356e-05,7.186978242735428e-05,2.4893496274394755e-05,2.8870907338668594,0.4541080856618668,0.1995224745870527,0.3463694397510805,-0.2536347870629983,0.6941688339633567,0.6736460678616488,4266.594378037104,True,wing_L,high
-0.0123595407939404,0.0023326169842488,-0.003817979773088,0.0003219003491097,0.0003117202668852,0.4484024086655372,0.4484023456124377,0.4484024086655372,False,0.1053598671338421,4.56172134808159e-05,2.202501020557943e-05,3.61859880957933e-05,2.071155157479111,0.2067470734263251,0.3104305767420275,0.4828223498316473,0.3876218868482994,0.8804450247161013,0.2730674482409573,4354.296241202125,True,body,high
-0.0112696855510845,0.0014767376029908,-0.0040853350224646,0.0014273115452433,0.0006326631160666,0.3165037106521912,0.3165037106521912,0.3165037106521912,False,0.1947492905930996,3.0347070527374582e-05,3.0925905099516575e-05,8.643385908724586e-05,2.848178014720669,0.6422015003599442,0.0066968498023178,0.351101649837738,0.3805272753705854,-0.820040678144903,0.4274719626907549,3461.479050145292,True,wing_R,high
-0.013209259656969,0.0028971944881202,-0.0028226760133507,0.0013541898055134,0.0001970165933433,0.217807114417518,0.217807114417518,0.217807114417518,False,0.5733073516315735,7.922794271847195e-05,3.0675201981122474e-05,3.300693673481262e-05,2.5828010119453766,0.5833927323835828,0.029430711863562,0.3871765557528552,-0.8169982298398786,-0.4287785659863992,-0.3855681960291229,2371.86548510268,False,body,high
-0.0122818060714556,0.0021790944702757,-0.0037043058313309,0.0003193384473016,0.0002996045601482,0.2461736277594712,0.2461735773169917,0.2461735773169917,False,0.54538916098975,5.312430824821432e-05,0.0001209748393747,5.020028398887469e-05,2.4098437252188014,0.5608648168266613,0.0241705157407212,0.4149646674326175,-0.4421333690716793,0.7707439804087488,0.458772057362918,7618.389374473742,True,wing_R,high
-0.0117262464803549,0.001900089534965,-0.0035271027538991,0.0007182073291722,0.0005528030399049,0.3564375420817002,0.3564375420817002,0.3564376261524995,False,0.129726829694599,2.7669241291503785e-05,2.732139049617752e-05,6.323986007501907e-05,2.3146647709554475,0.5624714972695891,0.0055004991300364,0.4320280036003744,-0.4206853628212326,0.7098796352718165,-0.564884704107237,4790.350002972985,True,wing_R,high
-0.0119403241671809,0.0015297656728671,-0.0041881558733783,0.0011318594295054,0.0007044600201432,0.4438364226714994,0.4438364226714994,0.4438364226714994,False,0.6809235023047341,7.807710184578072e-05,3.495615650776188e-05,7.166431850452608e-05,2.2335722701219742,0.0821339828151059,0.4701527224879686,0.4477132946969254,0.4326382274337229,-0.8605477441880376,0.2688526439071887,7223.573248735157,True,wing_R,high
-0.0113442899460297,0.0029502821925768,-0.0048765156894703,0.0016178412730602,0.0010458824836967,0.3589943116365854,0.3589943116365854,0.3589943116365854,False,0.1442241242973662,7.35674597573373e-05,7.664629472522916e-05,3.005588080566393e-05,2.550126386939405,0.0401693908222079,0.5676931821382742,0.3921374270395177,-0.236400870874748,0.6515004432610958,0.7208757179155477,8402.55349858184,True,wing_L,high
-0.0114091541250102,0.0015795829877175,-0.0040631157665094,0.0012611762640397,0.0005471817930083,0.2272125350873427,0.2272125350873427,0.2272125350873427,False,0.6226637881555301,4.354195022735032e-05,0.0001146359549438,4.000735701847463e-05,2.8653718587549304,0.6201719587134844,0.0308331989785008,0.3489948423080147,-0.587151971824184,0.7228000895115494,0.3644346204534755,3945.55621484712,True,wing_R,high
-0.0134609581537335,0.0028326301834808,-0.0036407599376394,0.0013380760294771,0.0009512046811848,0.1835870371621828,0.1835870371621828,0.1835870371621828,False,0.7855289196715228,0.0001445506210801,0.0001557137988697,5.191704935764396e-05,2.999280598500745,0.0716903567356713,0.5948963572583873,0.3334132860059414,0.0890623685058515,0.6896472080656242,0.7186477738944286,5262.334508069308,True,body,high
-0.0113538009195615,0.0029466895094219,-0.0048690450496397,0.001605863735173,0.0010391136422431,0.3448919983311588,0.3448919983311588,0.3448919983311588,False,0.3701504196154362,6.868033502363695e-05,6.916687142399856e-05,2.488865372670713e-05,2.7790523418218496,0.0070342403862551,0.6331308673553158,0.3598348922584289,-0.254071481699652,0.6725464836627576,0.6950747510158914,8492.6370581231,True,wing_L,high
-0.0132390524644222,0.0028821974502285,-0.0031986619589554,0.0012056829608926,0.0004823301332309,0.5361028890442254,0.5361028890442254,0.5361028890442254,False,0.0970697679324886,3.703012681942496e-05,9.618899824024232e-05,7.484337173966675e-05,2.5975875996672064,0.221913388132628,0.3931140318750296,0.3849725799923423,0.3687534465079236,-0.7159852667387248,-0.5927781992462313,3317.078738296143,True,body,high
-0.0118539021720598,0.0015379562520143,-0.0041653458885717,0.0011346852455266,0.0006572002209228,0.4224492358913518,0.4224492358913518,0.4224492358913518,False,0.358577030709921,7.124020278515302e-05,6.166919284739598e-05,8.395516305932265e-05,1.3613793076078458,0.1514494143163684,0.114001445402401,0.7345491402812305,0.5457140831362427,-0.7942992054419495,0.2669923438997049,6613.182966321893,True,wing_R,high
-0.012261925531695,0.0027312023982512,-0.0029458799640374,0.0006981376463153,0.0003976133705965,0.1333072177746269,0.1333072177746269,0.1333072177746269,False,0.3049831740629701,0.0001917005518746,0.0001653671933558,0.0001746396634954,1.1592417334082386,0.0889975965762024,0.048369553707508,0.8626328497162895,0.7410599372275766,0.3040130821959926,0.5986703728179246,4620.854360506237,False,body,high
-0.0112717383850585,0.0014868481525089,-0.0040774721576889,0.0014163149397018,0.000628351070655,0.3503826286040346,0.3503827126748339,0.3503826622323543,False,0.1961477352068996,2.9960896980378985e-05,3.026452686095221e-05,8.220696735180023e-05,2.74380861846815,0.6318496128018344,0.0036934811045134,0.3644569060936521,0.384160012705505,-0.8088215655089597,0.4452288847387844,3437.650906573701,True,wing_R,high
-0.0120708665309792,0.0025742800362636,-0.0029642529117156,0.0006380010776417,0.000512424395938,0.1752352758197763,0.1752352758197763,0.1752352758197763,False,0.0122373668032773,3.959178243953574e-05,9.987708705408652e-05,3.8908741151554985e-05,2.5669575549887704,0.6035949424706833,0.0068388186733045,0.389566238856012,-0.757681779872676,0.0587391233690225,-0.6499754117155607,8073.801091757065,True,body,high
-0.0122103762189651,0.001764240513728,-0.0041159437690812,0.0008740437175801,0.0006565883648183,0.4655492030466515,0.4655492030466515,0.4655492030466515,False,0.1920816461140626,3.836503567198371e-05,8.675229335011088e-05,4.537359158331918e-05,2.2612332252687635,0.4769753071517943,0.0807881341309406,0.4422365587172649,-0.0782895726025856,-0.5872450345718053,0.8056140590831716,5078.197334939811,True,wing_R,high
-0.0115862045106172,0.0014703035927239,-0.0038446076404105,0.0011790628459725,0.0007459176737852,0.5967520470543293,0.5967519882047697,0.5967519882047697,False,0.2015856499738476,3.2625785564633105e-05,2.930304862894848e-05,7.610917857060947e-05,2.597312639184621,0.5713291592765664,0.0436575062047475,0.3850133345186861,-0.5730573703537641,0.6644335938633708,-0.4797220545576722,4107.407534476403,True,body,high
-0.0119686915989922,0.0025769245360199,-0.0025606701452456,0.0010494866091378,0.000873999284347,0.2190482179990184,0.2190482179990184,0.2190482179990184,False,0.0488521616334873,6.499975196148138e-05,0.0001571860414107,7.109028140449236e-05,2.418256018945066,0.5477315875733164,0.038747266540634,0.4135211458860495,0.9076632375115736,-0.2674402721713788,-0.3234550171057908,4684.453405804019,True,body,high
-0.0120280821086067,0.0028997276264892,-0.0040933991406339,0.0006942186280441,0.0006345546630607,0.2092137335979712,0.2092137335979712,0.2092137335979712,False,0.9400915802855944,0.0001057477279063,9.984604031117204e-05,4.055762464431418e-05,2.607345199176652,0.0558091196097856,0.5606590027102737,0.3835318776799406,-0.3263653961006321,0.6911633031485489,0.6448092094634386,3937.923867125173,True,body,high
-0.0129347041177283,0.0030469928534625,-0.0037672489035703,0.0009778991223974,0.0007833525001893,0.4079123438102697,0.4079123438102697,0.4079123438102697,False,0.0261699298663266,0.0001192074205983,0.000124996411752,8.505731583439353e-05,1.4695550938317616,0.0463132586978193,0.273208680835206,0.6804780604669747,-0.1861901379750515,0.4534976937382953,0.8715922637878784,3482.107481925011,True,body,high
-0.0113810133633522,0.0027486872840541,-0.0044142542998925,0.0011896205994798,0.0006817567637506,0.3607581338197099,0.3607581338197099,0.3607581338197099,False,0.1996933978908789,4.984226695451485e-05,7.25725823479457e-05,2.5672117675454864e-05,2.826902839313969,0.3132080278534319,0.3330479431361196,0.3537440290104485,-0.2346505242200416,0.6808421782049761,0.6938249490039712,12341.901657854436,False,wing_L,high
-0.0115458131784228,0.0027262325485035,-0.0039184849368168,0.0007662515639961,0.0005381955304094,0.3850257164930439,0.3850257164930439,0.3850257164930439,False,0.4716889201751616,5.995640589514016e-05,5.77653517612976e-05,0.0001463372028364,2.5333041066068147,0.590285964655648,0.0149726391606026,0.3947413961837494,0.4120063850116101,0.0901717736327938,0.9067082165446506,5573.815768436065,True,body,high
-0.0122156346491202,0.0025687165776809,-0.0032442128942685,0.0003580025239409,0.0002123661123294,0.2973191746097274,0.2973191746097274,0.2973191241672478,False,0.695692984056323,4.603580330701197e-05,0.0001151977287764,4.928884260908249e-05,2.5023507900627866,0.572137027938112,0.0282387451264993,0.3996242269353885,-0.4017431320321243,-0.6389262133477016,0.656030296375241,18719.540982496543,True,body,high
-0.0126863654671829,0.0025837293777672,-0.0031661317513225,0.0006686639435286,0.0001286888147629,0.0953221811008255,0.0953221811008255,0.0953221811008255,False,0.9918845852470908,0.0001170512831699,7.106825080175247e-05,7.993428787382227e-05,1.6470263704174626,0.3171002853699751,0.0757448943058454,0.6071548203241794,0.9696150685949704,0.1254969030073084,0.2099932048642164,6884.969047038768,True,body,high
-0.0114836014352061,0.0017731910802666,-0.0037963937043376,0.0009971442451684,0.0005341294608776,0.2498841429283214,0.2498841429283214,0.2498841429283214,False,0.2307329387896376,4.029426875473224e-05,9.140673483257688e-05,3.637726117132612e-05,2.512743727519184,0.559176150110423,0.0428525052402388,0.3979713446493382,-0.6260504060451508,0.7391912545476262,0.2483086351519171,3772.794194728997,True,wing_R,high
-0.0113772099924384,0.0028037741385503,-0.0043905321877086,0.0011906723932219,0.0007279403348194,0.3963596540417892,0.3963596540417892,0.3963596876701089,False,0.2018565472200559,5.693229633431277e-05,5.3807552684744455e-05,2.391419332455108e-05,2.380690645160263,0.0548852558347456,0.525068568895522,0.4200461752697323,-0.2147390646362344,0.6576476852728637,0.7220710880338581,19764.52023543274,False,wing_L,high
-0.0122868172553729,0.0021798031300779,-0.0036407230167642,0.0003018333348906,0.000294790593221,0.1844038354197001,0.1844038354197001,0.1844038354197001,False,0.8733229560858272,3.793119836078839e-05,6.073672864187623e-05,4.9953142660581205e-05,1.601234109826153,0.1775463746965794,0.1979353279080631,0.6245182973953575,-0.4543431548234262,0.8310774513554788,-0.3207531254930766,6586.344312831783,True,wing_R,high
-0.0128314785323806,0.002578034607184,-0.0034767922682252,0.0006726093672738,0.0003953877426817,0.1827849344803802,0.1827849344803802,0.1827849344803802,False,0.8001942886078617,0.0001937238186282,0.0002749505510609,0.0001170145072579,2.3497133603678177,0.2954230574160005,0.2789931173962912,0.4255838251877083,0.3088057385256762,-0.9212328716313388,-0.2365777083317219,10791.280345167805,True,body,high
-0.0121086548289611,0.0025601000472161,-0.0032168600349355,0.000386014425068,0.0003080356854205,0.1525633316956005,0.1525633316956005,0.1525633316956005,False,0.7865507434244874,3.878433761022185e-05,6.147225144685575e-05,8.710562081996942e-05,2.245896828131266,0.2942791651309496,0.2604644065797483,0.445256428289302,-0.2571901894462733,-0.9639624897280168,-0.0680406117693895,20256.92679336452,True,body,high
-0.0115022855081923,0.0011703141466073,-0.0045387797236951,0.0017390920444924,0.0008184415123946,0.4883427923629654,0.4883427923629654,0.4883427923629654,False,0.6261085218170807,3.297688905621105e-05,6.20344361128762e-05,8.573996314328796e-05,2.6000015646454444,0.27648165641027,0.3389031904306327,0.3846151531590972,0.1314254190551756,-0.990814244855548,-0.0318510818890339,12202.799467712224,True,wing_R,high
-0.0123436655867464,0.0025807801986743,-0.003307321534647,0.0003439736149217,7.71456820159596e-05,0.3568212748379492,0.3568212748379492,0.3568212748379492,False,0.6427510813295588,3.409030286927657e-05,9.732084822647152e-05,3.344158708393899e-05,2.910174328215776,0.6497122303132176,0.006665743231378,0.3436220264554043,-0.8649567838000742,0.0853542983207753,-0.4945345346044099,22203.915081284533,True,body,high
-0.0117784722456702,0.0028358100064716,-0.0043412152709224,0.0009389542377557,0.0006933041155137,0.2458440702262805,0.2458441374829199,0.2458441374829199,False,0.7800259361858852,0.0001307246782324,4.992518637624249e-05,0.000138435164895,2.772852240386088,0.0556974571340993,0.5836630592918457,0.3606394835740549,0.1649835591400093,-0.683344962390924,-0.7112102977238459,4806.58427407493,True,body,high
-0.0117334608629426,0.0015908823511048,-0.0045133162127489,0.0013465324436431,0.0005774080930738,0.479814590583218,0.479814590583218,0.479814590583218,False,0.1341425621555979,2.8343881499570227e-05,2.3155210572141105e-05,5.0936096973861546e-05,2.199768247201546,0.4435403734582329,0.1018662841421035,0.4545933423996635,-0.2683771494326027,0.8780538814120176,-0.3962260554276068,8506.004294911583,True,wing_R,high
-0.011832685139718,0.0024676976295394,-0.0027479065253583,0.0009028051286589,0.0008409104206336,0.1895679347081594,0.1895679347081594,0.1895679010798396,False,0.252595134581824,6.890043499236768e-05,0.0001484090269024,0.0001060777656146,2.1539635695891883,0.2852337365947217,0.2505058580212059,0.4642604053840723,0.934275342057773,-0.2970056144629616,-0.197274555379831,7549.885166977865,True,body,high
-0.0132117011919915,0.0028263740454932,-0.0035967836601235,0.0010978777839785,0.0007482551049779,0.2705879055704747,0.270587871942155,0.270587871942155,False,0.0555453993939871,7.666998135979659e-05,5.142099750862371e-05,5.326686301407464e-05,1.4910247773186125,0.3052448680781059,0.0240754656870028,0.6706796662348913,0.9421042258304788,0.0370227144876901,0.3332700800916834,4700.5357790796,True,body,high
-0.0114659064566887,0.0027275335378135,-0.0027659358294604,0.0011169164454595,0.0011045050094005,0.2082541158666314,0.2082541158666314,0.2082541158666314,False,0.1978746311408277,3.477139398638547e-05,3.713013153224233e-05,5.313059086744029e-05,1.5279971486976696,0.3011534235544033,0.0443950934357545,0.6544514830098421,-0.8848543330945173,-0.2380577745730155,0.400451376785247,4043.2857719573913,True,body,high
-0.0123081939125777,0.0025632848177872,-0.0034496890818849,0.0002142612167153,3.573101847675909e-05,0.3721009576519394,0.3721009576519394,0.3721009576519394,False,0.5973542476029041,5.826862402068819e-05,2.7609827870867565e-05,3.0340125428990708e-05,2.1104305428202315,0.4793059568693695,0.0468570796721363,0.4738369634584942,-0.8607621806588122,-0.4557278596086807,-0.2267169740535028,11984.826855097112,True,body,high
-0.0117890913302181,0.0018775143768045,-0.0036152171358693,0.0006975921175524,0.0005029859814359,0.3461476966034147,0.3461476966034147,0.3461476966034147,False,0.4869549762831093,9.056670399663415e-05,3.589264372871352e-05,6.317397533724368e-05,2.5232664576385693,0.302459153867502,0.3012291538129073,0.3963116923195906,0.5208479355675323,-0.8109838590888236,-0.2665006722551335,5710.833506530835,True,wing_R,high
-0.0120685207035301,0.0015860071180706,-0.0041552075206184,0.0010472074747262,0.0007209166065942,0.4936203662127574,0.4936203662127574,0.4936203662127574,False,0.3905423371453286,3.754642687013081e-05,8.11060830937686e-05,3.539918608961595e-05,2.29118496929398,0.5370701501301385,0.0264744726734292,0.4364553771964322,-0.4592807863704209,0.7288537874825518,0.5077728978030501,7306.129986853534,True,wing_R,high
-0.011390369741109,0.0027604894109851,-0.0043963862709023,0.0011738797912661,0.0006858249595846,0.3844130085078668,0.3844129160299877,0.3844129160299877,False,0.1940953266026462,5.820281160626667e-05,5.3715828631116864e-05,2.2748270511289604e-05,2.558559850841476,0.0770922031310717,0.5320629238552627,0.3908448730136656,-0.2273945171185226,0.663757367151929,0.7125432556245083,14234.94142041468,False,wing_L,high
-0.0121331625628297,0.0020021466138741,-0.0036305736382088,0.0004580353433275,0.0004004772446884,0.2276365209422884,0.2276365545706082,0.2276365881989279,False,0.788594367950238,4.872171877244245e-05,5.156793138188103e-05,0.000125415764637,2.5741243904548985,0.588824167909623,0.0226942172515229,0.3884816148388541,0.5749160911515248,-0.8006405418894975,-0.1686600451142577,6225.76280313351,True,wing_R,high
-0.0118444958110671,0.0013325701406125,-0.0043907711709847,0.0014236027605913,0.0008348872082315,0.4845473772465739,0.4845473772465739,0.4845473772465739,False,0.1523085384846963,0.0001026258630833,5.212332879064808e-05,8.775991935916697e-05,1.968904624175939,0.1448557242545105,0.3472476576355402,0.5078966181099492,0.3964414852659081,-0.8748789859877302,0.2782461295997514,8255.7103935447,True,wing_R,high
-0.0134449142086597,0.0028531104758118,-0.0036260033638325,0.0013281211439352,0.0009306660462512,0.1715506544571055,0.1715506880854251,0.1715506544571055,False,0.5847401092216489,0.0001134424745285,0.0001273585242218,4.9364909143588e-05,2.5799404158011234,0.1092667316798949,0.5031274174735537,0.3876058508465513,-0.0475575708886459,0.5832647734800985,0.8108886985698968,5124.946004306464,True,body,high
-0.0133580339917697,0.0025603488699472,-0.0037422434842728,0.0011949873608982,0.00096138053693,0.2838033139788617,0.2838032971647018,0.2838033139788617,False,0.2445030503064858,5.198918883943031e-05,5.256626531871679e-05,6.87404235759234e-05,1.3222061184341545,0.2352932585488412,0.0083950090684138,0.756311732382745,0.7980452796536689,-0.5805162743314939,-0.1616310207193511,8163.291846665596,True,body,high
-0.0119590450997302,0.0022071735240941,-0.0028205297808285,0.0008301787830445,0.0007843932923677,0.2149209638781206,0.2149209638781206,0.2149209638781206,False,0.171946089318676,6.642508532907372e-05,2.82218036085448e-05,2.781814908806748e-05,2.387832674229452,0.5751333480607161,0.0060768385690074,0.4187898133702764,0.1166868465481073,-0.9736055135080166,-0.1961542350025866,4006.9942571529823,True,body,high
-0.0117431643317393,0.0028288673392669,-0.0041668741320684,0.0008194380493927,0.0006132999010844,0.4270807802946708,0.4270807802946708,0.4270807802946708,False,0.134656884502501,6.314464166692544e-05,5.538180143139157e-05,2.4141229604149307e-05,2.6156348579722866,0.122937434287476,0.4947462049437169,0.382316360768807,-0.1835742015552139,0.62635393863874,0.7576155067546488,8709.010421062983,True,body,high
-0.0125458230396197,0.002547485179066,-0.0035957959146658,0.0003789323946538,0.0002700656796464,0.5022853611663463,0.5022853611663463,0.5022853611663463,False,0.0817914914961978,3.2653675957873667e-05,8.348800215840067e-05,5.695629972496487e-05,2.556771931776015,0.3177906016136014,0.291091212375428,0.3911181860109706,-0.499876708088613,0.7101277944544688,0.4958243562530209,10602.91834163107,True,body,high
-0.0119800695848334,0.0024670275006824,-0.002684768742085,0.0009187464282586,0.0007909273066981,0.1535735264197892,0.1535735264197892,0.1535735264197892,False,0.9349672966906528,6.854854730198479e-05,4.661592047850092e-05,6.826111820798033e-05,1.4704964870016697,0.0041930734540327,0.3157644994885644,0.6800424270574028,-0.7083643764062384,-0.5651285066900831,-0.4229062321187031,5914.902283690985,True,body,high
-0.0130120596833694,0.0027765757315583,-0.0036228490600608,0.00089423464189,0.0006279203059737,0.4502474096124497,0.4502474684620092,0.4502474684620092,False,0.0796936807667507,3.702440628303144e-05,2.161301941321457e-05,2.7160451266219143e-05,1.7130603353085447,0.2664176419577865,0.1498317572089469,0.5837506008332666,-0.1315911051174701,-0.662047097723307,-0.737819369120999,4479.332271393536,True,body,high
-0.0126936382842172,0.0026956948759626,-0.0032012487381147,0.0006840236944011,9.624668983137562e-05,0.10335743269809,0.10335743269809,0.10335743269809,False,0.69409380324149,0.0001937265898895,0.0003938537386251,0.0001456842067171,2.703475877723394,0.5081255529887551,0.1219802643998938,0.3698941826113511,0.3476640906172132,-0.8796357974122021,-0.3246082931878131,7275.727968979165,True,body,high
-0.0121735306117585,0.0025572247905496,-0.003017570279899,0.0005733285978396,0.0004042642400127,0.2232776349552053,0.2232776349552053,0.2232776349552053,False,0.0417261411033695,5.848440916232019e-05,9.035396302257052e-05,0.0001521149612628,2.600948927099799,0.4060152777051961,0.2095096602969295,0.3844750619978743,-0.0927267211425078,-0.9797238777355318,-0.1776031491303366,11441.321637656609,True,body,high
-0.0120735642048882,0.0027806830599625,-0.0037497273456488,0.0003809319640221,0.0003752059713012,0.1735649235512951,0.1735649235512951,0.1735649235512951,False,0.8815056696416221,7.728774646529392e-05,5.538481203671065e-05,0.0001510687177974,2.7276199420404748,0.4883934437777074,0.1449865647098675,0.3666199915124249,0.4135792468423339,-0.8282356685394017,-0.3781241647136796,6226.37028578635,True,body,high
-0.0133118468196247,0.0025907557365618,-0.0037450295319806,0.0011529908983353,0.0009251301304709,0.160395636383395,0.160395636383395,0.160395636383395,False,0.4165415152054475,0.0001000028011357,0.0001021135158534,7.824727950655376e-05,1.305010429722749,0.0206702775837871,0.2130523216965487,0.7662774007196641,0.3341105826499707,-0.934614889982814,-0.1219226229364736,8221.016680992618,True,body,high
-0.0120341358605051,0.0025821374587945,-0.0029271545333919,0.0006822229234489,0.0005644434397509,0.5601553303386534,0.5601553303386534,0.5601553303386534,False,0.0194632397319368,7.631908827499625e-05,6.041506782869253e-05,2.986897627079734e-05,2.5551290269567364,0.2083885015633004,0.4002418300364148,0.3913696684002847,-0.4123706772893671,0.8854905571938338,0.2141422369185076,6984.811644321873,True,body,high
-0.0113303141530036,0.0029307448667883,-0.0048823552238108,0.001623921444354,0.0010314141681882,0.3000934269152786,0.3000934269152786,0.3000934269152786,False,0.158235125372585,3.225940190548213e-05,8.027263024740625e-05,7.783154699743375e-05,2.4883483730603446,0.030409907367541,0.5677171029713971,0.4018729896610619,0.2447096064191107,-0.6587740236595314,-0.7114309483552393,8240.222763088925,True,wing_L,high
-0.0117617226998543,0.0018496907753188,-0.0038726824591551,0.0007906656446053,0.0004002370139488,0.1851971947383772,0.1851971274817378,0.1851971274817378,False,0.4536881867939532,4.069939745915195e-05,8.856597661644359e-05,3.771750772563696e-05,2.348139682523202,0.5404623873182074,0.0336685694375481,0.4258690432442444,-0.4308374917920436,0.7034867088712619,0.5652304893650211,4747.762153020155,True,body,high
-0.011819413033718,0.0024982220873602,-0.002890039614786,0.0007805586476599,0.0007439186636695,0.1527907263935021,0.1527906927651824,0.1527906927651824,False,0.3819274613911264,2.527601261177525e-05,5.46739265408457e-05,7.04585927530455e-05,2.7875675580341013,0.2240275542760896,0.4172367454472009,0.3587357002767093,-0.8813198667768325,0.2407705472480228,-0.4065769742648427,7084.601305455784,True,body,high
-0.0113401746933774,0.0029398910743125,-0.0048791144818421,0.0016189043583604,0.0010378964551337,0.3082285546220917,0.3082286218787312,0.3082285882504114,False,0.1139025303648405,8.064223891745764e-05,3.4228918423946214e-05,7.979718928093298e-05,2.355968071168767,0.0104789952246939,0.5650670352001106,0.4244539695751955,-0.2402382679310677,0.6618189709787181,0.7101276112602234,8432.29676252326,True,wing_L,high
-0.0115361008955644,0.0011662716064347,-0.0045797277324931,0.0017522295896326,0.0008346016395699,0.4912545088324248,0.4912544494574228,0.4912544494574228,False,0.563499780914856,3.996091243970855e-05,9.873217240558668e-05,3.705831866085551e-05,2.6642377736871508,0.5952594633940477,0.0293986621395236,0.3753418744664287,-0.375701002357916,0.7577370691420939,0.5335572048761095,12002.074434711005,True,wing_R,high
-0.0125420717112816,0.0025265385048351,-0.0035250534406096,0.0003747556260928,0.0002207788555674,0.2988621932456141,0.2988622268739338,0.2988621932456141,False,0.8749841906772158,7.939351118298452e-05,3.128931594902311e-05,3.152627147490322e-05,2.5374000285699214,0.6029112328557668,0.0029845704308754,0.3941041967133578,-0.8452164272975025,-0.4569593599665493,-0.2771233197791333,11366.522023105805,True,body,high
-0.0118412082756214,0.0013153794895091,-0.0044269907818123,0.0014586520206275,0.0008500954485024,0.5186766370209833,0.5186765781714239,0.5186765781714239,False,0.4702078826195582,3.689142396861476e-05,9.238362724312678e-05,4.035953320483012e-05,2.5042033433494413,0.5631311044042946,0.0375403016715105,0.3993285939241948,0.0323703897148486,-0.5549257700443064,0.8312698404311575,7930.466936623048,True,wing_R,high
-0.0120734438114244,0.001582668048185,-0.0042317167298495,0.0010931627899011,0.0007361007494932,0.4430039830417754,0.4430039830417754,0.4430039830417754,False,0.163680372690834,7.850567492693588e-05,3.871405090971093e-05,6.753853158084684e-05,2.027834160522936,0.1396987333246419,0.3671642935107868,0.4931369731645712,0.4804008657153631,-0.862204922022112,0.1606788121090428,6875.316587107051,True,wing_R,high
-0.0120448784251578,0.0020026442690384,-0.00410264579148,0.0007029265905291,0.000377015382103,0.431306872250746,0.431306872250746,0.431306872250746,False,0.14821083185488,4.266956787821468e-05,9.834195308119164e-05,3.69950406592593e-05,2.6582469252288314,0.5661102251753485,0.0577019983960504,0.3761877764286011,-0.6931861429056935,0.6934243408254297,0.1966104138501977,7170.135744227327,True,wing_R,high
-0.0135848762992965,0.0026727675241591,-0.0037039424802396,0.0014282848494206,0.0010885967657078,0.1932680923545379,0.1932680923545379,0.1932680587262181,False,0.1264205594526345,8.49187998291799e-05,8.883938248625131e-05,3.780685549715793e-05,2.3498220446535067,0.0441311335958256,0.5303047253768672,0.425564141027307,0.0618220806387526,0.721575113492995,0.6895704358026574,4576.0847783366025,True,body,high
-0.0124947446247735,0.0022062661304039,-0.0036117737078811,0.0004036164170567,0.0003907659271564,0.1678963322104962,0.1678963322104962,0.1678963322104962,False,0.6670814524488179,7.610475111389287e-05,0.0001448595373597,6.53887117552369e-05,2.2153600135448404,0.4746307181356976,0.0739753802474357,0.4513939016168666,0.7297949060933199,-0.6797121853805211,0.073421659511879,5891.404144604403,True,wing_R,high
-0.0125835389638891,0.0026164176148931,-0.0036071403119294,0.000436605614923,0.0003099147468923,0.2424673833872246,0.2424673833872246,0.2424673833872246,False,0.8100695051982324,6.846387624413522e-05,0.0001415453725726,0.0001003549539242,2.0674460801477816,0.2910050530072963,0.2253063954013027,0.4836885515914009,0.846743885849423,-0.3253471581547872,-0.4209204419569372,10414.79907650424,True,body,high
-0.013329628800102,0.003004024463769,-0.0037910972355036,0.0012922543954259,0.0010026595987182,0.1697196597053535,0.1697196597053535,0.1697196597053535,False,0.8318910588464409,0.0001062023711837,4.558111947694649e-05,4.695246417294558e-05,2.329964081672709,0.5578962724690646,0.0129125619391946,0.4291911655917408,-0.780132400927952,-0.5337019939484491,-0.3264285812820912,4801.09237677581,True,body,high
-0.012144823706473,0.002540746881689,-0.0030009596923955,0.0005880039455102,0.0004375825050732,0.1060107407517922,0.1060107407517922,0.1060107407517922,False,0.984095802588334,7.962637447557843e-05,0.0001891131708754,0.0001106675720558,2.3750066748725844,0.4148076966632382,0.1641408551114011,0.4210514482253606,0.7984000721601012,-0.4871686781282431,-0.353870038044372,10137.339008303545,True,body,high
-0.0115121083379877,0.0011900325129995,-0.0045611133636757,0.0017332662844708,0.0008034090131034,0.5012423991913337,0.5012423395536104,0.5012423395536104,False,0.719255125503979,8.97180492789689e-05,3.7864263222867055e-05,4.669596619905738e-05,2.369465074518767,0.4795253956775057,0.0984384195506644,0.4220361847718298,0.2814249350752485,-0.9593900458172412,-0.019254763168713,14483.485350857803,True,wing_R,high
-0.0123724714585664,0.0026676492531716,-0.0033724163631891,0.000355692178825,9.856441094011004e-05,0.3939104446675072,0.3939104446675072,0.3939104446675072,False,0.935595136196974,0.0001289132545606,0.0001132184240593,5.742141037753648e-05,2.245038108835871,0.1217472210661403,0.4328260416039823,0.4454267373298773,-0.0787850475736508,0.6199894844020032,0.7806445769425134,13992.825672799392,True,body,high
-0.0122632827119252,0.0025398266781035,-0.0032813464400652,0.0003233636307454,0.0001530006008982,0.3728470523672594,0.3728470523672594,0.3728470523672594,False,0.3189407571081461,3.0154846541224228e-05,3.561991449035572e-05,4.284139266858011e-05,1.42071333740705,0.1685631051746976,0.1275651328940008,0.7038717619313015,-0.7239850080162284,0.5529188758143034,-0.4124638468229531,14748.882882236114,True,body,high
-0.0114101858393746,0.0028101615683173,-0.004387358667889,0.0011684639671293,0.0007253115075717,0.4224037872172592,0.4224037872172592,0.4224037872172592,False,0.2505586464247109,6.941944076506871e-05,5.204782633395312e-05,2.618731915767168e-05,2.650880005971593,0.2502413479518672,0.372525432231575,0.3772332198165578,-0.1817487604496355,0.6528884642297655,0.7353258062591841,15689.531173902627,False,body,high
-0.0133885004311866,0.0026602279150742,-0.0036997890716319,0.0012328530235881,0.0009437493275438,0.148762289090082,0.148762289090082,0.148762289090082,False,0.4077315128264315,0.00016699264612,0.0001656332213208,6.842034016793841e-05,2.4406871656900573,0.0081406267330819,0.5821386953949265,0.4097206778719915,0.1072245115796575,-0.780655437315373,-0.6156947233056713,9651.111068033057,True,body,high
-0.0123952687099426,0.0026089511286671,-0.0033938305650151,0.0003254062054399,4.7579438311476015e-05,0.243504363068065,0.243504363068065,0.243504363068065,False,0.0669614425174889,8.379302627863048e-05,6.609157518889334e-05,0.0001493695988666,2.260039928534658,0.4390222179451847,0.1185077232853801,0.442470058769435,0.05989833127209,-0.9972077342013624,-0.0445973627001138,13886.488316369388,True,body,high
-0.0109697066119387,0.0028539640442909,-0.0049708145459867,0.0018840718709044,0.0010290627313814,0.3248544463308464,0.3248544631450062,0.3248544463308464,False,0.1348111607492912,8.785488012653485e-05,3.3310702406706385e-05,8.918853595234132e-05,2.677473890024761,0.014953220294132,0.6115604111830542,0.3734863685228138,-0.3377688721995142,0.7363269364254343,0.5862890342377234,4717.231864371408,True,wing_L,high
-0.012137122423958,0.0025663814295935,-0.0031685605722555,0.0004298543689339,0.0003211997143665,0.1749076351008093,0.1749076351008093,0.1749076351008093,False,0.220753574744693,0.0001002709592774,0.00013468884504,6.778515488571851e-05,1.9869961980196205,0.2555362751267186,0.241191498687509,0.5032722261857723,0.3224474356312948,-0.9266511386255776,-0.1932493687925589,19607.634238062663,True,body,high
-0.0120449606803425,0.0026617836448131,-0.0025410198756047,0.0010693857457696,0.000829971290647,0.172019836773746,0.172019836773746,0.1720198704020656,False,0.3170335928124805,4.144888130796211e-05,3.905383678141614e-05,2.1251597325063232e-05,1.9503889836590804,0.0577830921117259,0.4294986714860551,0.512718236402219,-0.643985596604322,-0.764615442931556,-0.0254121190922,3777.251267848281,True,body,high
-0.0121435762113187,0.0015736028278993,-0.0041888183701507,0.0010710556128376,0.0007775155340358,0.4774144302150078,0.4774143713654484,0.4774143713654484,False,0.3648357336223468,3.485436111496927e-05,8.710196579934616e-05,3.182785163399509e-05,2.7366586598736435,0.5998441505297127,0.0347467413989972,0.36540910807129,-0.5182300128779467,0.6812696261841718,0.5170196806615799,6291.323356820343,True,wing_R,high
-0.0115038189025622,0.0026974664313248,-0.004034747725857,0.0008480006638648,0.0005320043326318,0.1927665259660134,0.1927664923376937,0.1927665259660134,False,0.0802237177030284,0.0001399051247346,4.895585737318572e-05,6.111894413546365e-05,2.8577811163263003,0.5631400618713377,0.086938107416341,0.3499218307123212,-0.508471472219765,-0.1311305429824416,-0.8510355707229836,5368.888814939929,True,body,high
-0.010895707852304,0.0027920559404612,-0.0049287921540229,0.0018903971345512,0.0009724498333936,0.3183649540775253,0.3183648868208859,0.3183649540775253,False,0.6153433934139773,0.0001338516562671,4.706570812874096e-05,0.0001297786406753,2.843931634918524,0.0304293253096416,0.6179447819573042,0.351625892733054,0.332675971201518,-0.7382239845414895,-0.5868151726334394,5140.278497135723,True,wing_L,high
-0.0121238890713108,0.002583643314204,-0.0031970278752602,0.000409224614712,0.0003125493102394,0.1821203043695658,0.1821203043695658,0.1821203043695658,False,0.9400712073866198,7.079286976289297e-05,3.740436323626523e-05,2.864844067059505e-05,2.47108980823362,0.4716365735483826,0.1236836788082817,0.4046797476433356,0.4916643028973697,-0.7414161055256863,-0.4566928636661265,19176.45963665746,True,body,high
-0.0120743183027734,0.0018389153266649,-0.003922517963336,0.000711987037618,0.0004944971654028,0.4003569851494744,0.4003569851494744,0.4003569515211547,False,0.5648091988429633,3.882460103302967e-05,8.79496081445901e-05,3.939998647202127e-05,2.265306166823654,0.5520163500075262,0.0065422171983491,0.4414414327941246,-0.4591398880834234,-0.674435082819754,0.5782109323012259,11582.47846073913,True,wing_R,high
-0.0117994940759176,0.0025389252357559,-0.0032854537835848,0.0004883218212168,0.0004877075394064,0.1280313715797602,0.1280313715797602,0.1280313715797602,False,0.4072932544333504,0.0001192060563854,8.684641228329531e-05,4.234837325672395e-05,2.8148910387373847,0.2714597318573016,0.373286730354412,0.3552535377882863,-0.1843263348856646,0.7152727651747757,0.6740984154163605,5554.261443077031,True,body,high
-0.0133419095018272,0.0028195600347349,-0.0037462013914949,0.0012301019777792,0.0009445875414098,0.1319001416211813,0.1319001416211813,0.1319001416211813,False,0.8679715374482495,9.506650386790636e-05,8.057336018667986e-05,0.00010640578903,1.3206075653731142,0.1065664308823676,0.1362063456635037,0.7572272234541286,0.4916002294912395,0.0897779758659108,0.8661807717870331,5916.477961063906,True,body,high
-0.0118800275249413,0.002412282456342,-0.0028843480164355,0.0007598186516316,0.0007175785880205,0.1698029906816032,0.1698029906816032,0.1698029906816032,False,0.3588286716465705,0.0001061587780281,0.0002173263024313,7.441144075501201e-05,2.9206033403769367,0.5115235623094776,0.1460814310920094,0.3423950065985129,0.3412067038247135,-0.9183077460172968,-0.2007208730294547,7564.804882164377,True,body,high
-0.0118805227651486,0.0017641496295199,-0.0038985413095064,0.0008166221647886,0.0004933537327776,0.3787618366366796,0.3787618366366796,0.3787618366366796,False,0.2547785110902358,3.6201175526903045e-05,3.870142612480688e-05,5.504186758056306e-05,1.5204442060081302,0.2968729473402984,0.0454245233275251,0.6577025293321764,-0.713147217093798,-0.6838860635250004,-0.1540159045931639,5655.123277916594,True,body,high
-0.0116478696575186,0.0016244118604644,-0.0040703871897851,0.0011003493136956,0.000523910452089,0.2009784607550518,0.2009784607550518,0.2009784607550518,False,0.7348243294154821,7.250499507583152e-05,3.025546539214811e-05,4.5642800985727406e-05,2.396426369122981,0.3704874962340109,0.2122244898780558,0.4172880138879332,0.1218332480710898,-0.9888379916875814,-0.0857676271078938,4994.83856810773,True,wing_R,high
-0.0133049442629818,0.0026307083380507,-0.0035630189668241,0.0011401308900216,0.0007939135242874,0.1597414310516917,0.1597413637950522,0.159741397423372,False,0.3256601712424297,4.993428116681941e-05,0.0001209837232369,0.0001322212891824,2.647906129673247,0.0849905942906279,0.5373525134224085,0.3776568922869635,-0.05498000772277,0.645632902762508,0.7616661694083979,5826.541506894596,True,body,high
-0.0122653103622102,0.0024140757885262,-0.0029160199379874,0.0006726204672499,0.0004671550041915,0.1066355549320661,0.1066355549320661,0.1066355549320661,False,0.9541888995399468,7.80101908791153e-05,6.095427084725736e-05,7.702182666299108e-05,1.2798150120538334,0.0126696807812685,0.2059673952167612,0.7813629240019702,-0.8332328188936767,-0.4803272512202716,-0.2738773470984325,6590.8764427753,True,body,high
-0.0117233231836608,0.0015845258595072,-0.0044904875393533,0.0013383924877681,0.0005714573835071,0.4803767510003259,0.4803767510003259,0.4803767510003259,False,0.1374856401880914,3.226589396584919e-05,5.89239989070552e-05,7.558260170607919e-05,2.3424920997408964,0.2204026114872958,0.3527016051243161,0.4268957833883881,0.1503683267760631,-0.8838446745856094,0.4429536742247721,9574.327661541756,True,wing_R,high
-0.012553676999276,0.0027197694609237,-0.0034571136989039,0.0004756052122152,0.0002160223442941,0.1702691464494695,0.1702691464494695,0.1702691464494695,False,0.7075262566057057,8.587564172719242e-05,7.474379686072511e-05,0.0001918502483745,2.566771510577677,0.5523819100846146,0.058023614568049,0.3895944753473363,0.2558064163047732,-0.9562161452717706,-0.1421751064670079,17991.09609142066,True,body,high
-0.011950047346747,0.0029050906260649,-0.0042295506889665,0.0008210779999156,0.0007046678472569,0.4711365105351632,0.4711365105351632,0.4711365105351632,False,0.2396491780270957,3.512786125916332e-05,8.28910036359373e-05,8.172622668386554e-05,2.359694005404746,0.0140519103519066,0.5621643288259035,0.4237837608221897,0.1680965962650124,-0.7268696100435297,-0.6658859544391103,4728.171159067803,True,body,high
-0.0116083438836078,0.0015577848408079,-0.0039806385797753,0.0011356871638334,0.0006102996127637,0.4499093315037517,0.4499092726541921,0.4499093315037517,False,0.3505341219629553,9.111908408903232e-05,4.463024016099355e-05,3.9350419000757146e-05,2.315581038343685,0.5101987623428544,0.0579441860398585,0.431857051617287,-0.0645899398596779,0.6429046395821649,-0.7632180318052302,4919.185971570048,True,body,high
-0.011611907349757,0.0018325421226716,-0.0037225524071348,0.0008536602571456,0.0005061861011357,0.2010373103145501,0.2010373103145501,0.2010373103145501,False,0.281701821334429,4.009994926928282e-05,8.537491244978969e-05,3.5461966463664176e-05,2.407506434739552,0.5303075796081639,0.0543248909139006,0.4153675294779354,-0.4775350846888592,0.8022482556991104,0.3582708181235789,4963.5281256836215,True,wing_R,high
-0.0120410297808945,0.0015627705106807,-0.0042336688594858,0.0011137921384547,0.0007337849168384,0.4735251069649319,0.4735251069649319,0.4735251069649319,False,0.2247026938975328,3.923028962739512e-05,8.666158223133555e-05,3.683057346823014e-05,2.352979442638583,0.547316254592799,0.0276906571213891,0.4249930882858119,-0.5808836324730746,0.7038127923739469,0.4089275716012234,6986.697821680905,True,wing_R,high
-0.0120466252915635,0.0024447453815032,-0.0028882281012499,0.0007060305372127,0.0006020923289963,0.2018674590149936,0.2018674590149936,0.201867526271633,False,0.1172769135498762,0.0001217296893734,0.0001230940278495,0.0001023770329482,1.202359790128284,0.0110837097454447,0.15721848381568,0.8316978064388753,0.3704419920104662,-0.9160554024331664,0.1536724771334385,8302.30829670218,True,body,high
-0.0116461799991306,0.0026302993545966,-0.0027618077696535,0.0009931411372001,0.0009602367277137,0.1707938491219567,0.1707938491219567,0.1707938491219567,False,0.4325463257731591,4.2936489969789815e-05,5.306076385582757e-05,6.447288818997312e-05,1.5015873033714762,0.1770065628286894,0.1570314929308889,0.6659619442404215,0.0121350052320264,0.8051449810219466,-0.5929538777874618,6129.576175319051,True,body,high
-0.0118150516480229,0.0025838252211616,-0.0027665788834734,0.0009017418539028,0.0008329299643177,0.1583010292334102,0.1583009956050905,0.1583010628617299,False,0.0675073733136578,9.53061543807421e-05,0.0002477805540907,0.0001080101323714,2.5998379191844485,0.5640895518704826,0.0512710855673722,0.3846393625621451,-0.5264397647717356,0.0165955248093422,-0.850050447104983,6950.957794462459,True,body,high
-0.0121799803010547,0.0025619388231673,-0.0031600335216536,0.0004349864904931,0.0002967381738091,0.1904108957984137,0.1904109294267334,0.1904109294267334,False,0.3967478990032324,8.947580919369487e-05,9.067992089637632e-05,5.9106406400196935e-05,1.5341809191105582,0.0132787026144126,0.3349076895226045,0.6518136078629828,0.2854215568481196,-0.9049538016246056,-0.3155838269169853,22854.61433215532,True,body,high
-0.0119675222722294,0.0025572618351988,-0.0032030119128991,0.0004453798525633,0.0004202113313329,0.1345104726822898,0.1345104726822898,0.1345104726822898,False,0.6731992000148619,7.831304948494714e-05,6.225086747784442e-05,4.065017232360877e-05,1.9265121156562608,0.2051022417431221,0.2758249780375058,0.519072780219372,-0.3571358331815211,0.713491727739195,0.6028130316320968,10849.564779023724,True,body,high
-0.0133285432075662,0.0025802329455126,-0.0036858550635575,0.0011614422574951,0.0008995704271912,0.184718596492217,0.1847186301205367,0.184718596492217,False,0.1950482046616754,4.5786976526468776e-05,3.467033502293627e-05,4.9602233288561385e-05,1.4306822606630962,0.076917035970887,0.2241157457338937,0.6989672182952191,0.3943459680761241,-0.8785366384316324,-0.2695637816832069,9177.67211201101,True,body,high
-0.0121802655056901,0.0026068352585175,-0.0032453916062152,0.0003689143808654,0.0002430573416389,0.1472815332881445,0.1472815332881445,0.1472815332881445,False,0.4367430834781259,7.9787144643229e-05,0.0001861785795926,6.403225400804157e-05,2.90757497884197,0.5714483115200153,0.0846224666106039,0.3439292218693807,0.3248381106885137,-0.8841845947042424,-0.3357049364129336,15434.117605378053,True,body,high
-0.0119795064658386,0.002391100170271,-0.002958154387153,0.0006577253554687,0.000604529792485,0.1703074827339427,0.1703074827339427,0.1703074827339427,False,0.2569152776518142,9.991800540001916e-05,0.000234009598458,0.0001038630179221,2.342016311487035,0.5561591549812757,0.016858336359311,0.4269825086594132,-0.6529983770783829,0.0881355576343997,-0.7522135621041887,7619.241866809961,True,body,high
-0.0130952016663713,0.0025594891372102,-0.0033892298821961,0.0009424334670397,0.0005436963291299,0.1175053039696483,0.1175053039696483,0.1175053039696483,False,0.3063085303922581,0.0001285282254354,0.0002309888115918,8.71121005516535e-05,2.6516271577548265,0.4435738053729022,0.1792992682130858,0.3771269264140119,0.2031623302434136,-0.8505384807630105,-0.4850869615970068,4511.884761241695,True,body,high
-0.0117516494228192,0.0028184266754433,-0.0041053891014674,0.0007670057614047,0.0005809543271351,0.3785864145068949,0.3785864145068949,0.3785864145068949,False,0.3049276238703088,5.653354611674079e-05,5.952211180052869e-05,2.477876353275094e-05,2.4021421295641434,0.0502093355458089,0.5334955636387182,0.4162951008154729,-0.1600519044391167,0.6263691029681601,0.762918825781796,9156.60753301892,True,body,high
-0.0121596559248634,0.0025383030378007,-0.0031946214348026,0.0003963708866301,0.00028701900713,0.1832965221081792,0.1832965221081792,0.1832965221081792,False,0.4783672353691282,8.085578269154975e-05,5.731882464062527e-05,7.138165813671738e-05,1.4106322521177874,0.1171731228052599,0.1739248947689899,0.7089019824257501,0.8438827221416967,0.259305248841331,0.4697049490840554,24598.00725449383,True,body,high
-0.0124462773855195,0.0025514293453505,-0.0034281490689851,0.0003232856681572,8.261419684708315e-05,0.1619504081170215,0.1619504081170215,0.1619504081170215,False,0.1730563772303947,9.865645107503912e-05,8.464752976841579e-05,9.541474008334485e-05,1.1654971071802076,0.0328585810291168,0.1091384313706905,0.8580029876001926,0.4471092550266366,-0.2738840621158425,0.8515167846780536,18472.33702481378,True,body,high
-0.0111981421294102,0.002704438786032,-0.0041716317229803,0.0011709903048645,0.0006839289259937,0.432308348833049,0.432308348833049,0.432308348833049,False,0.2790066043727005,0.0001022348297403,3.848262559992104e-05,0.0001047118224668,2.7210155449225333,0.0236553301065718,0.6088348253186631,0.3675098445747651,0.1516871253026397,-0.7760884975205014,-0.6121091896335095,5703.020923002278,True,wing_L,high
-0.011945762728614,0.0024182965512734,-0.0028692907716316,0.0007504310799319,0.0006855080097447,0.1581271371921725,0.1581271371921725,0.1581271708204922,False,0.1892763227481791,0.0001757447861843,0.0001215334226764,8.565308780113309e-05,2.0518207889061664,0.3084664113510746,0.2041615893949827,0.4873719992539425,0.3101286258955695,-0.9296599491146506,-0.1988783910138842,8527.45109210118,True,body,high
-0.0122864063286798,0.0028530307622851,-0.0036543676454647,0.0004184426562822,0.0003851735061547,0.149070929808411,0.149070929808411,0.149070929808411,False,0.0840519176557772,0.000156822793971,0.0002507093224104,0.0001030525873521,2.432828993935329,0.3744835953316489,0.2144723064218869,0.4110440982464641,0.3486210991254002,-0.8081590676061567,-0.4747022758430219,5441.115086337267,True,body,high
-0.0114611462282211,0.002889067466673,-0.004602599304309,0.0013209656861676,0.0008663126176745,0.3080959749716219,0.3080959749716219,0.3080959749716219,False,0.6123603236921173,0.0001158597241431,4.510489462879996e-05,0.000119758014422,2.6551001927321023,0.0325513937231926,0.5908149851662615,0.3766336211105459,0.2330460756061348,-0.6760768531973889,-0.6990061625016589,5851.061349958321,False,wing_L,high
-0.0126585138513419,0.0026895096985239,-0.003297420069169,0.0006050331073002,0.0001421214781375,0.0999177263878914,0.0999177600162111,0.0999177600162111,False,0.7041016769960571,0.0001639056796411,0.000390680494463,0.0001490655643924,2.62086348416836,0.5804610622641967,0.037985298623877,0.3815536391119262,0.381557054557402,-0.8781434919120854,-0.2885796627101937,11849.528861420507,True,body,high
-0.0124447839769389,0.0025090464567918,-0.0034666332802374,0.000294997400025,0.0001163084651178,0.2110580451643296,0.2110580451643296,0.2110580451643296,False,0.2703415559986756,4.198825158443562e-05,7.835667775716791e-05,0.0001054108253262,2.5104837984101103,0.256654356754923,0.3450160461238765,0.3983295971212003,0.0727917012496266,-0.9540685368146392,-0.2906107281047248,14222.808838481506,True,body,high
-0.0126416214809889,0.0026489221197803,-0.0034975317491583,0.0005089417658463,0.0002722415253557,0.1794458104744442,0.1794458441027639,0.1794458104744442,False,0.5111733743352161,6.901973350924469e-05,7.425789077027978e-05,0.0001800507986249,2.6086857985446845,0.5875725554265431,0.0290926632985816,0.3833347812748753,-0.1100846137784492,0.1866590378506723,-0.9762375640170332,16416.429301243043,True,body,high
-0.0121517561616781,0.0025751686347964,-0.0032073168750254,0.0003940571560855,0.000284408639221,0.1663832932216339,0.1663832932216339,0.1663832932216339,False,0.9079322887611506,6.951291683499277e-05,7.585302837606679e-05,4.866232671181363e-05,1.5587628767790125,0.0835841584285968,0.2748814459958718,0.6415343955755313,0.46488706052766,-0.8819455720901899,-0.0777947866149064,24293.174517120948,True,body,high
-0.0122034640864383,0.0028824816085717,-0.0038693213692156,0.0005155588343586,0.0005150309879075,0.138796166631517,0.138796166631517,0.138796166631517,False,0.9479853281710988,0.0001174213582998,0.0001164730834039,4.550702073116323e-05,2.580291049890941,0.0080758297261484,0.604370990936867,0.3875531793369845,-0.3430011359429953,0.7173937789300355,0.6063797380307971,5128.115250784832,True,body,high
-0.0129471128405203,0.0024501755223957,-0.0035037660972662,0.0007725333710828,0.0005348015887511,0.1399990516276631,0.1399990516276631,0.1399990516276631,False,0.3676022153610983,0.0001244717584401,0.0001159983645509,6.582022304327209e-05,1.891086852718644,0.0680748307517056,0.4031287268414367,0.5287964424068576,0.0829890419171759,-0.8077438287507838,-0.5836631957188103,5704.522576826177,True,body,high
-0.012347590571944,0.0025213814144048,-0.0031640858857129,0.000455392618796,0.0001945211251873,0.1026573583382977,0.1026573583382977,0.1026573583382977,False,0.8865227922998897,0.0001373262223278,0.0002710770173946,0.000112785846909,2.4034666123782227,0.4934051449744028,0.0905291627252147,0.4160656923003824,0.3128211468624242,-0.9336738279086364,-0.1743448110902983,12694.357784962673,True,body,high
-0.0124197741644513,0.0028324753988653,-0.0026664696080398,0.0010189106704276,0.0004795332576577,0.3268340950698911,0.326834111884051,0.3268340614415714,False,0.2190556633859723,2.6108644059503105e-05,1.5437734265410346e-05,2.6733706954425382e-05,1.73171182343284,0.0233810782764944,0.3991556357030515,0.5774632860204539,0.0019971695172774,-0.8244719058490739,-0.5658993618829367,2977.490751257513,False,body,high
-0.0125306114878782,0.0026946745482474,-0.0035505213161018,0.0004268785642841,0.0002610921619275,0.1733592191196086,0.1733592191196086,0.1733592191196086,False,0.7305348635230607,0.0001066420852796,0.0002242472200234,8.917671383850093e-05,2.514638747841293,0.5244441145423693,0.0778844502033795,0.3976714352542511,0.3476325640987326,-0.8542614088468157,-0.3865087912754306,15248.42905509122,True,body,high
-0.0116412051385491,0.0028002435233365,-0.0042292066238873,0.00090935152671,0.0006232191337051,0.3488240232419607,0.3488240568702805,0.3488240568702805,False,0.6038246707046427,6.060307365170924e-05,6.565252446498514e-05,2.3169878015318425e-05,2.833529137338571,0.0769117540326869,0.5701714586215993,0.3529167873457136,-0.1869361678080523,0.6385979344121671,0.746490152198777,6196.075946923349,True,body,high
-0.0123270975476334,0.002523117759182,-0.0033222279922028,0.0003066206634491,8.694562934431743e-05,0.1638783196861873,0.1638783196861873,0.1638783196861873,False,0.6773461490934812,6.329615456100123e-05,5.0182525608951696e-05,0.0001006132131787,2.004945186752808,0.3708962017887441,0.1303370455801818,0.4987667526310739,-0.0338548568504682,-0.9944592190783524,0.0995224108314718,18424.7670276844,True,body,high
-0.0115412690639098,0.0029556872790114,-0.0046816888338222,0.001366153673778,0.0009587805087598,0.3025984004507253,0.3025984004507253,0.3025984004507253,False,0.3367111352604951,8.109169749505644e-05,3.0856761871537135e-05,7.494415135086765e-05,2.6280041254055555,0.0758098095623606,0.5436732839637276,0.3805169064739118,-0.229301147036386,0.6531139169729445,0.721708525253828,6377.371249511984,False,wing_L,high
-0.0109413802724286,0.0028412756400827,-0.0049620257804676,0.0018933351812976,0.0010192413190156,0.2962047152802675,0.2962047152802675,0.2962046984661076,False,0.1318848012728297,2.815105371413005e-05,8.230047170734595e-05,7.852259710965934e-05,2.9235307687980545,0.0459034379671654,0.6120444069220717,0.3420521551107628,0.3458994578572996,-0.7389911033576554,-0.5781398742625014,4972.484901922375,True,wing_L,high
-0.0116283725562718,0.0018030997933572,-0.0036456138722823,0.000855650604028,0.0005724822578591,0.4261629289364149,0.4261629289364149,0.4261629289364149,False,0.0624857214233378,3.656951040889758e-05,8.522880753884766e-05,4.26829579332806e-05,2.3305974454093588,0.4991956456292607,0.0717298258760276,0.4290745284947116,-0.1223844413672314,-0.6454691024645043,0.7539175593358322,5100.48916429749,True,wing_R,high
-0.0123602221297528,0.0025820085766286,-0.0034715092505293,0.0002474130161684,6.838748123232307e-05,0.3758353068923864,0.3758353068923864,0.3758353068923864,False,0.9299893291052432,3.5530448677296366e-05,7.91549121466297e-05,7.965622355675804e-05,2.2419143726619373,0.0062934368181682,0.5476591975045022,0.4460473656773295,0.8340287979051034,-0.4657790527161425,0.2957124250277981,11918.752125463974,True,body,high
-0.0120321916727851,0.0017672234138185,-0.0039954603189656,0.0008161100750185,0.0005379470023084,0.4176868857314278,0.4176868521031082,0.4176868857314278,False,0.4884633644927114,3.162679101023214e-05,7.382912744650767e-05,3.478993569550873e-05,2.334385661277551,0.5287776396827186,0.0428441293386329,0.4283782309786485,0.0434145330612671,-0.4832770665117906,0.8743903334911878,6966.863385318877,True,wing_R,high
-0.0123752808266796,0.0025774628935919,-0.0032863146062932,0.0003753766150286,6.973480016389292e-05,0.171748960658455,0.171748960658455,0.171748960658455,False,0.0511107119803994,0.0001616957588965,0.0001432321674408,0.0001077099772688,1.5012143071291852,0.1141872339866746,0.2196853548562012,0.666127411157124,0.2854646930751486,-0.956129157105356,0.065779510035518,32217.87444330436,True,body,high
-0.0118779244393224,0.0024021326997864,-0.0026752766869376,0.0009564951508604,0.0008762966979627,0.19711328894384,0.19711328894384,0.1971133225721597,False,0.2371561013315003,4.329578354776662e-05,0.000120656317424,5.116652896357357e-05,2.786791404085117,0.5759316208553826,0.0652327667862203,0.358835612358397,0.8647524790129025,-0.4362933089542494,-0.2486992131125296,5601.722003318502,True,body,high
-0.012110832350659,0.0022503250686728,-0.0030883725808545,0.0005385329729927,0.0004959532028622,0.2463813498903405,0.2463813498903405,0.2463813498903405,False,0.2390867699759637,0.0001185036358288,0.0002118941847262,9.326852488472446e-05,2.271872370535835,0.4407414437448332,0.1190929849100899,0.4401655713450769,0.374596194649626,-0.8987824472441555,-0.22774504051642,4334.705007145986,True,body,high
-0.01269792558231,0.0026046708432743,-0.0031294884458935,0.0007047020837658,0.0001136684934435,0.1195328898784444,0.1195329235067641,0.1195329235067641,False,0.444688951851232,0.0001232421477187,0.000352913053199,0.0001304742095957,2.863574351238796,0.6302936136449576,0.0204924748785007,0.3492139114765416,-0.3731197563872785,0.1190538962087375,-0.9201129371935908,5896.438249862561,True,body,high
-0.0127620241212569,0.0026086409831698,-0.0035592053566007,0.0006037143259735,0.000397434727197,0.1219058722590162,0.1219059395156556,0.1219058722590162,False,0.4788967626786214,9.092784890633189e-05,8.248724893867576e-05,0.0002033768996247,2.465555613037716,0.552909651616855,0.0415022550900722,0.4055880932930726,0.2330401322100582,-0.950865938207337,-0.2038290075936186,10639.233144920212,True,body,high
-0.0127862092778647,0.0026526936061464,-0.0034944763268994,0.000644854396278,0.0003689764740284,0.1182630172694292,0.1182629836411096,0.1182629836411096,False,0.6167620006009792,7.796117911008772e-05,9.602209745418052e-05,5.879825801882566e-05,1.6330772490476972,0.1880912708942964,0.1995678244833815,0.612340904622322,0.369020575005777,-0.8994568051257679,-0.2340967127820308,11318.698682326953,True,body,high
-0.0122587116884645,0.0025924558303749,-0.0032422843961951,0.0003747943842182,0.0001843499659598,0.2021697776092165,0.2021697776092165,0.2021697776092165,False,0.2020439269630547,6.600490301256957e-05,5.6802950227732887e-05,5.379185262209272e-05,1.2270427545278644,0.1394131703077318,0.0456193020246807,0.8149675276675874,-0.5857661017539244,0.5297883257986347,0.6133534086344437,21074.293122396004,True,body,high
-0.0119976007231359,0.0025225634244595,-0.0028775602411607,0.0007301640169397,0.0006289503683679,0.1678748100858797,0.1678748100858797,0.1678748100858797,False,0.0115088054306019,4.015092036912882e-05,6.134604536524062e-05,6.525689202839131e-05,1.6252900662911312,0.0599300172225363,0.3247951953778374,0.6152747873996262,-0.8433299904046168,0.4264999951864803,0.3269438505157752,7846.215914299437,True,body,high
-0.0117563584525248,0.0027948457434976,-0.0040815027303283,0.0007370785103755,0.0005504675257221,0.1594536398915849,0.1594536062632652,0.1594536398915849,False,0.0916007497809347,0.0001051994771584,0.0002029228728682,8.481382737634002e-05,2.3925682774324635,0.4815790074744928,0.1004600885745738,0.4179609039509333,0.40720408258546,-0.782725872396609,-0.4706644705166318,8844.239491770708,True,body,high
-0.0125310610540218,0.0025912153284106,-0.0035016183856729,0.0003862140805463,0.0001940825758163,0.1636510595015645,0.1636510595015645,0.1636510931298843,False,0.7214528431099073,0.0001040701923659,0.0002179386798283,7.481568289663756e-05,2.913007960234969,0.5224794770350285,0.1342327552517182,0.3432877677132533,0.4177191178863997,-0.8864036658287286,-0.1994975682999651,15543.831647348376,True,body,high
-0.0124249353672932,0.0026406355082291,-0.0034189967836191,0.0003486313339365,9.29569937573966e-05,0.095142639501876,0.0951426731301957,0.0951426731301957,False,0.6836426578502612,0.0001040978369027,0.0002758604913611,0.0001196427177145,2.650011754026443,0.5662926679923086,0.0563505152009002,0.3773568168067912,-0.3475293977999647,0.1018861265989053,-0.9321172323648272,14464.062284083166,True,body,high
-0.0125476295242438,0.0027426704765732,-0.0034524929345294,0.0004852939715162,0.0002233018678128,0.1217058846416809,0.1217058846416809,0.1217058846416809,False,0.5545313565361956,0.0001038904092711,0.0002617672060359,0.0001045870207488,2.5196474619024407,0.6004578941240838,0.0026611869695237,0.3968809189063924,-0.4314679831297725,0.055761158836676,-0.900403283367579,14737.320830367877,True,body,high
-0.0125664598043478,0.002612594228255,-0.0035204724350741,0.0004230533860085,0.0002341619548993,0.0844301028589537,0.0844301028589537,0.0844301028589537,False,0.2207401227397334,8.988470713861613e-05,0.0002243756790209,7.899059456968366e-05,2.8405366517782658,0.5994008462466821,0.0485530010046926,0.3520461527486253,0.4878895486324089,-0.814440676867443,-0.3140862496177854,15347.410724605945,True,body,high
-0.0116516446594949,0.0027204568890842,-0.003748219388596,0.0006128948923433,0.0004925573648396,0.3896349989487127,0.3896349989487127,0.3896349989487127,False,0.5978423930340224,5.524596656609049e-05,6.510025109699125e-05,2.2398667044019444e-05,2.9064341627585084,0.1513709143182735,0.5045648667795869,0.3440642189021395,-0.2776271647607244,0.6962941414291385,0.6618894363852474,4815.259232180693,True,body,high
-0.0126430563147296,0.0028393611459457,-0.0036387529104768,0.0006054107172806,0.0004503631230083,0.3300274739381896,0.3300274739381896,0.3300274739381896,False,0.9561348883326783,6.962138991918176e-05,7.371873842446356e-05,9.98789920765086e-05,1.434602098470752,0.2619194798442293,0.041023126286088,0.6970573938696826,0.4751539215643979,-0.8503887423559431,-0.2259817198276256,7389.7788987875665,True,body,high
-0.0122865950615743,0.0024859345034312,-0.0035388076712821,0.0001202379654368,4.7090956816301406e-05,0.2667653576544996,0.2667653576544996,0.2667653576544996,False,0.5839351841748548,5.257373538291727e-05,3.895704636575233e-05,8.647599095542858e-05,2.219777909843052,0.3920424061978682,0.157462075504671,0.4504955182974607,-0.9399671599468612,-0.1384166959761299,-0.3119335770584558,7943.903305291057,True,body,high
-0.0122411764596557,0.0026346249427655,-0.0032736465873513,0.0003619435542211,0.0001887317783817,0.2767722040082375,0.2767721871940776,0.2767721871940776,False,0.0082497881445698,4.470065181157994e-05,2.7968471730989903e-05,7.513694531717166e-05,2.68648734331514,0.4050776003351292,0.2226891179826297,0.372233281682241,0.0673753010499956,0.4535893586302708,0.8886603752535622,14304.939388074625,True,body,high
-0.0123277108955194,0.0026706368038845,-0.0032497897458665,0.0004228630473187,0.0001522125558399,0.1804453113929641,0.1804453113929641,0.1804453113929641,False,0.0075703991713719,7.991043104482273e-05,5.125917914595873e-05,0.0001178424911254,2.298953925692964,0.3218877988603705,0.2431317568497011,0.4349804442899282,0.0673258410902102,-0.9969456745886056,0.0395797049075082,11864.98024207994,True,body,high
-0.0122240127340311,0.0019834841418193,-0.0038791001504988,0.0005595560274412,0.0004492569108617,0.2507988836670038,0.2507988836670038,0.2507988836670038,False,0.5911286943122503,3.881434617870695e-05,9.533410747145724e-05,4.679613856568423e-05,2.456156469376684,0.5091353996291951,0.0837244150984158,0.407140185272389,-0.3070392091594587,-0.7706892694986401,0.5583591800251752,8342.695427292663,True,wing_R,high
-0.0122687835976146,0.0026592885967768,-0.0034223831958276,0.0002741328714747,0.0001373960028519,0.5056296586790932,0.5056296586790932,0.5056295987786487,False,0.6484612713515188,0.0001007824712059,4.0715197811181286e-05,8.146670902286675e-05,2.475303489210647,0.191657953530292,0.4043511805581943,0.4039908659115135,0.3111265503545263,-0.7486602011313119,-0.5854128226358856,11637.47373146527,True,body,high
-0.0122057594890889,0.0025783546333306,-0.0031034528291336,0.0004946162199701,0.0003185577174686,0.1638201763214029,0.1638201763214029,0.1638201763214029,False,0.0208953147315433,0.0001748107934806,0.0001351402641773,9.940969592321868e-05,1.7584883633046835,0.2269340955066102,0.2043956642646033,0.5686702402287864,0.3243230564337092,-0.9423180607214536,0.0827721420748304,15325.91914204189,True,body,high
-0.0121355654693453,0.0025614507417578,-0.0032306633848203,0.0003692858943846,0.0002791638709651,0.217864484330949,0.217864484330949,0.2178644507026292,False,0.9433927401369692,6.592406542748789e-05,4.786742433109832e-05,2.784171722157856e-05,2.3678160690603463,0.2739006003240302,0.3037692985052129,0.4223301011707569,-0.1399736101834199,0.5031007760473836,0.8528170950401618,21985.46502080001,True,body,high
-0.0111599174562147,0.0029007151099464,-0.0049503174551848,0.0017632291844686,0.0010418638398118,0.2625765805226863,0.2625765805226863,0.2625765805226863,False,0.6531114389783303,9.97738415989058e-05,3.5026968800443886e-05,9.11361176752682e-05,2.8484863239904845,0.086573031420014,0.5623633206425488,0.3510636479374371,0.2722080021818753,-0.6998299061936177,-0.6604096500999845,5050.334658576632,True,wing_L,high
-0.0124187489261119,0.002614406479713,-0.0033270268395561,0.0003845695315711,2.710334417027331e-05,0.1348598709241115,0.1348599045524312,0.1348598709241115,False,0.0811134728908176,0.0001038053364506,0.0003002847760823,0.0001180046594076,2.892768198147221,0.6070241690331776,0.0472861899369996,0.3456896410298227,-0.365802507956841,0.158471244657777,-0.9171016245700914,19535.39499994556,True,body,high
-0.0125501948757326,0.0026431967822296,-0.0034784805262549,0.0004290599342024,0.0001987978436131,0.1853284460702184,0.1853284460702184,0.1853284460702184,False,0.9854545270177636,9.33179484761131e-05,0.0001154800877372,7.029073943915504e-05,1.6428919180340786,0.1919130795219306,0.1994041525960394,0.6086827678820299,0.6293985493187959,-0.7732450748417417,0.0771331339204153,21130.627783834265,True,body,high
-0.0109949656708435,0.0027504413273183,-0.0045571211056534,0.001561831447531,0.0008285832073943,0.3776684706707598,0.3776684706707598,0.37766844544952,False,0.1751831791830296,9.451110231381156e-05,3.991634896212371e-05,9.744687617538804e-05,2.4412772888586223,0.0301269160880293,0.5602514466797933,0.4096216372321773,0.2633338301162695,-0.6977152282531582,-0.6662197491668495,8337.310005431325,True,wing_L,high
-0.0124467294465316,0.0027698407956031,-0.0035258163932918,0.0004171150318658,0.0002611776723226,0.0979832572963815,0.0979832572963815,0.0979832572963815,False,0.4521752697317855,0.0001003707945076,0.0002514492157324,0.0001082702790249,2.5052030021857,0.5694149265505757,0.0314158248386188,0.3991692486108055,-0.6613979163959796,0.1022710178821822,-0.7430299018804014,8685.11259763284,True,body,high
-0.0120137686525441,0.0024756140561392,-0.002895421248921,0.0007061181970203,0.000611457220979,0.1485721545704228,0.1485721545704228,0.1485721881987425,False,0.136824627035784,9.213120266124306e-05,0.0002127952413811,8.151947945539129e-05,2.610360650028656,0.5670429373173268,0.0498682354782706,0.3830888272044026,0.3793648044025858,-0.9207903877337216,-0.090705055194129,8966.352632520471,True,body,high
-0.0125138153892451,0.0025818856962745,-0.0032396601539134,0.0004954317866361,5.080157271058327e-05,0.1021576415073575,0.1021576078790378,0.1021576078790378,False,0.5002740433281619,3.830295994828052e-05,8.218893763435713e-05,8.822228915290974e-05,2.3032760202353546,0.0683880635662878,0.4974477323980111,0.434164204035701,-0.4037351344440547,-0.6449825574662366,0.6488416153266945,18429.63790810468,True,body,high
-0.0125280870480276,0.0026938100816858,-0.0034283922165336,0.0004500923794925,0.000170170058743,0.185839260246664,0.185839260246664,0.1858392938749837,False,0.6007493147711714,0.000153508300305,0.0001059826133304,8.355339607402661e-05,1.8372478859991297,0.3095968548944949,0.1461107784517906,0.5442923666537144,0.4096523572822146,-0.9118971025275888,0.0250723069324068,18158.255161993216,True,body,high
-0.0125599798901949,0.0024985895498197,-0.0036222970376806,0.0003860216309645,0.0003020774873138,0.3014409641286717,0.3014409641286717,0.3014409641286717,False,0.3932767392297061,4.284057554165552e-05,2.944375594778505e-05,7.467354659284291e-05,2.5361420168428044,0.4262951540892584,0.1794051602626637,0.3942996856480779,0.3188821402010565,-0.7925557437241506,-0.5197783890762031,8166.839729669554,True,body,high
-0.0126226039775629,0.0025586170443298,-0.0034358887945892,0.0004786837769941,0.0002174955655152,0.1014646627230247,0.1014646627230247,0.1014646627230247,False,0.2927014716126975,0.0001165146893152,0.0002920536136283,0.0001165464175569,2.506581919797306,0.6009417034460396,0.0001086384151731,0.3989496581387871,-0.4090275472330895,0.1270589533422038,-0.9036329387423114,13913.103139955529,True,body,high
-0.0126213246744773,0.0026569194105042,-0.0034343557546588,0.0005083582407615,0.0002136322322681,0.1316302070988423,0.1316302070988423,0.131630240727162,False,0.6639076811206196,9.497588460231824e-05,0.000183670895827,7.484708339417027e-05,2.4539486042470395,0.4829018273437736,0.1095916754666341,0.4075064971895922,0.3436179765324976,-0.857709113177007,-0.3824418431301983,23278.73566983304,True,body,high
-0.0125240449794706,0.0026208261957396,-0.0033588556800384,0.0004432255819305,8.834155215676406e-05,0.1241209696785339,0.1241209696785339,0.1241209696785339,False,0.07073654699503,0.0001144730666584,0.0001862226181251,7.420472561098933e-05,2.509578959990136,0.3852891350637225,0.2162376485350965,0.398473216401181,0.4213513109513367,-0.8921546357093271,-0.1628593833401928,23788.62378253169,True,body,high
-0.0125401660898629,0.0026695737353654,-0.0034403762977991,0.0004434724971204,0.0001734056890267,0.1506508218968634,0.1506508218968634,0.1506508218968634,False,0.5776708918598468,9.927431260134228e-05,0.0002212389122303,9.301102134633162e-05,2.378631145297949,0.551280054667885,0.0283100797769663,0.4204098655551486,0.4059930205283796,-0.8589030889038844,-0.3121780760297055,22224.999702593923,True,body,high
-0.0124898820319103,0.0024845715922896,-0.0033750354221782,0.0003748570360437,0.0001262721654211,0.1243123484460225,0.1243123148177028,0.1243123148177028,False,0.5565118035652099,3.2598229872799895e-05,7.660106189947504e-05,3.459767002049745e-05,2.349853418371999,0.5483395508811536,0.0261019899478868,0.4255584591709595,-0.2308740385693692,0.5460245604614072,0.8053287264760873,15359.60939902315,True,body,high
-0.0122071621463547,0.0026737976231967,-0.0031523484199998,0.0004826378676014,0.0002968036308636,0.182805245985487,0.182805245985487,0.182805245985487,False,0.0041539767595322,9.088736175901149e-05,5.3219488403499054e-05,0.000114255588478,2.14687498706872,0.2045258969852534,0.3296807959878801,0.4657933070268664,0.1197458956333202,-0.9909760368562504,0.0602280238398538,8564.20044066605,True,body,high
-0.011377492975048,0.0027977074483559,-0.0043897206254379,0.0011881682953381,0.0007219891851472,0.3958996270351906,0.3958996270351906,0.3958996270351906,False,0.2962785601680655,5.441228475682472e-05,3.004914563284196e-05,8.084367731474658e-05,2.6903818931340653,0.3269444616555134,0.3013610950567028,0.3716944432877837,-0.2331537823133013,0.666196518101269,0.7083936144988513,19602.45672221442,False,wing_L,high
-0.0121781298680386,0.0020471861461263,-0.0027917000195111,0.0008892313112769,0.0008043156506172,0.4527218360229768,0.4527218360229768,0.4527218360229768,False,0.1869346010543745,3.254756460420246e-05,6.878344175138816e-05,7.691861991619268e-05,2.363268061729606,0.1057634441916439,0.4710936985955651,0.423142857212791,0.6928499307384941,-0.519569665387291,0.5000063362448544,2918.713018451504,False,body,high
-0.0128123105856528,0.0027797047015953,-0.0037545839143665,0.0007326463205563,0.0006013118180017,0.4160026954093845,0.4160026954093845,0.4160026617810648,False,0.2703921512143353,0.0001058069932316,4.409854702576449e-05,0.0001247123693743,2.828038059882903,0.1515918287624921,0.494806140845666,0.3536020303918419,0.1561564328532654,-0.6985084774722796,-0.6983559804124987,5835.755134457263,True,body,high
-0.01258241298687,0.0021590418524609,-0.0036832774511979,0.0005110699602039,0.0005021847957044,0.329902141190618,0.3299021243764581,0.3299020907481383,False,0.1849298908714402,3.5706132103600364e-05,9.002943441223686e-05,3.279279793909744e-05,2.745402651504117,0.603394908157424,0.0323597963657421,0.3642452954768337,-0.2681798492958287,0.7856067519890548,0.5575855088332857,4435.790925802688,True,wing_R,high
-0.0123467322256542,0.0025243796808789,-0.0033319290263368,0.000308977523404,6.967064494116611e-05,0.1742135802102457,0.1742135802102457,0.1742136138385654,False,0.1595546230298427,0.0001554724504443,0.0001208557202323,0.000105854126554,1.468742461967732,0.2226550756299335,0.0964903662058933,0.6808545581641731,0.3077590518589227,-0.9141656397168962,0.2637907298596655,19792.677498446435,True,body,high
-0.0127197572135471,0.0027768192723071,-0.0036433038014694,0.0006325143411358,0.000463721340703,0.3977527324071541,0.3977527324071541,0.3977526735575946,False,0.7979655094904213,4.332510942956449e-05,4.81201681764975e-05,0.0001224653631224,2.8266602147094817,0.6070711999737445,0.0391544076192155,0.3537743924070399,0.5303158000071376,-0.825650231559381,-0.1925275237173379,9572.070205918242,True,body,high
-0.0118571967623137,0.0025116274232594,-0.0028910095234956,0.000763904720813,0.0007163247654895,0.1445968163838301,0.1445968163838301,0.1445968163838301,False,0.2345393317997745,4.515400188986931e-05,7.785515442821316e-05,4.357069490024023e-05,1.786869697774407,0.4200255304675576,0.0203365724627645,0.5596378970696779,-0.1015711418389858,0.428284994838776,0.8979171823400387,7430.288332116772,True,body,high
-0.0127822846592399,0.002738235276324,-0.0034460808069816,0.0006804109326408,0.0003414452455923,0.0823953541180587,0.0823953877463784,0.0823953877463784,False,0.8327778615983865,0.0001227619062686,0.0003380093904876,0.0001301146059268,2.7533735892631936,0.6150562392981603,0.0217529449333186,0.363190815768521,-0.3256606948195966,0.1392173199819186,-0.9351810785439736,9517.683152497906,True,body,high
-0.0126676698588087,0.0026617998062263,-0.0035601998216844,0.0005313661742531,0.0003377324452681,0.1794041786146391,0.1794041449863193,0.1794041449863193,False,0.833931255650006,7.173331121331444e-05,0.0001095819041977,6.752210908824693e-05,1.6229040484279915,0.3453909042875356,0.0384297220959901,0.6161793736164742,0.6105674563817525,-0.7904593026235807,0.0488003289267593,14190.70640295384,True,body,high
-0.0111943341134862,0.0027055378230916,-0.0041645276868512,0.001170861942161,0.0006872825648937,0.4441856779929622,0.4441856779929622,0.4441856779929622,False,0.3767768326887901,9.504791987554756e-05,3.9861189673436845e-05,9.74162132482473e-05,2.443886247408331,0.0243110801963178,0.5665045721031825,0.4091843477004996,0.1336269400666138,-0.7747505623107336,-0.6179849570075595,5675.694940774312,True,wing_L,high
-0.0123490279343428,0.0023633002512644,-0.0028834530932399,0.0007246666419259,0.0004800260920621,0.1467032943306737,0.1467033279589933,0.1467033279589933,False,0.0562583673433387,7.035237112361748e-05,5.8754144031822805e-05,7.320018309741442e-05,1.2458726835977263,0.0389044378482917,0.1584453289735603,0.8026502331781479,0.4802535970666322,-0.2207490261925586,0.8488971374316195,4725.475481496991,True,body,high
-0.0124779632843635,0.0026679795411585,-0.0033210812203227,0.000450365235653,6.551682913500282e-05,0.1598893620301107,0.1598893620301107,0.1598893956584304,False,0.0606662788863083,0.0001169371425923,0.0002406491532117,9.630111536249974e-05,2.498923842220281,0.5140762349184606,0.0857515056854688,0.4001722593960706,0.2703106334865465,-0.91325832293934,-0.3047809000021586,18535.85450042389,True,body,high
-0.0126942795788549,0.0027698138621643,-0.0034882467725733,0.0006112630732151,0.0003314258739731,0.0993129546861667,0.0993129546861667,0.0993129546861667,False,0.6901846028816336,0.0001142941677574,0.0002780978119354,0.0001267827194861,2.433175877578984,0.5441074541227514,0.0449070477820585,0.4109854980951901,-0.461295484521707,0.1055321090882512,-0.8809480404151365,12111.821350738324,True,body,high
-0.0125511079035493,0.0026856460832175,-0.0034571506376212,0.0004553962926025,0.0001983126461773,0.1536415228822496,0.1536415228822496,0.1536415228822496,False,0.2279908266933658,0.0001011815060163,0.0001783973169154,7.740562058825129e-05,2.3047075336348466,0.4328305617718996,0.1332749047977088,0.4338945334303914,0.3935221087642075,-0.8947816177863445,-0.21096494112867,22908.19423511016,True,body,high
-0.0125643265101189,0.0026468120128684,-0.0034784024975865,0.0004429266104751,0.0002083048233456,0.1123258701673997,0.1123258701673997,0.1123258701673997,False,0.1298929033089688,8.381604388150458e-05,0.0002386288929565,9.801761372913744e-05,2.847055073297549,0.5892466644976749,0.0595132034167281,0.3512401320855969,-0.3186516371683603,0.1041888470798276,-0.9421283449053532,22046.00854427836,True,body,high
-0.0125153901975143,0.0026663024452822,-0.0036158236831989,0.0003989332171569,0.0002895934705324,0.1087732735879234,0.1087732735879234,0.1087732735879234,False,0.862161974466919,8.61787042122118e-05,0.0002257252359782,9.46232489480236e-05,2.619269319975252,0.5808034111120238,0.0374107250313154,0.3817858638566607,-0.4505060169316386,0.0433413414680453,-0.8917207280467022,11610.830880459076,True,body,high
-0.012502427813705,0.0025356124828901,-0.0034540048722057,0.0003573074738062,0.0001441939628266,0.1441247756600139,0.1441247756600139,0.1441247756600139,False,0.7382889708786504,0.0001355856964035,9.524545850695511e-05,6.770258895097039e-05,2.0026663456209923,0.2975257639014317,0.2031399350121248,0.4993343010864435,0.3902065749750147,-0.8826322071724666,0.2621053523072889,14114.19888394965,True,body,high
-0.0125805405214512,0.0025982697445297,-0.0032973083502601,0.0005127822205372,9.19475057684331e-05,0.0886491791068287,0.0886491791068287,0.0886491791068287,False,0.1325825529646597,0.0001011682389332,0.0002228008724415,8.814945803509703e-05,2.527535363323945,0.5459253017074843,0.058432360499502,0.3956423377930137,0.2260300454973991,-0.939729224243377,-0.2565529256028545,19459.700957631023,True,body,high
-0.0124915983095162,0.0026248894509778,-0.0033536516023568,0.0004228350029811,6.515384738580653e-05,0.1210702757707791,0.1210702421424594,0.1210702757707791,False,0.124586659114762,8.744387396463194e-05,0.0002381853084007,9.774038019848664e-05,2.723865007365219,0.5896456382857531,0.0432289728656654,0.3671253888485813,-0.5250392782388662,0.0579466083885006,-0.8491030248931402,23657.3751916622,True,body,high
-0.0127783461377708,0.0025970526436802,-0.0033781035507953,0.0006490969416832,0.0002891306910202,0.1223991660808911,0.1223991660808911,0.1223991660808911,False,0.8402946710368233,5.6913730517033904e-05,5.9150841284645024e-05,0.0001408985069275,2.4756505266400457,0.5801883030949175,0.0158774625536772,0.4039342343514052,-0.2217382400617698,0.1633679971957814,-0.9613235929626132,17271.710184646545,True,body,high
-0.0122761924723368,0.0027017749130927,-0.0036111898818818,0.0002667392712971,0.0002317966674902,0.473885001446044,0.473885001446044,0.473885001446044,False,0.1040529843251326,5.3667901173105824e-05,5.267144518539852e-05,2.266909374417628e-05,2.3674480232317707,0.0185670757739013,0.5590371671970114,0.4223957570290872,-0.2671270984798712,0.6756019522320353,0.6871718237806232,6456.194301951009,True,body,high
-0.0122766197598752,0.0026103091773941,-0.0032496757368486,0.0003793617265393,0.0001691704315869,0.1546232680479608,0.1546232680479608,0.1546232680479608,False,0.9801616340624136,4.8038734798822384e-05,3.897971588309348e-05,9.473083073592812e-05,2.430259651456704,0.4928922883328736,0.0956290454264234,0.4114786662407029,-0.8837000688371947,-0.3334733923587729,-0.3284352065870368,18199.773114718653,True,body,high
-0.0125417489344258,0.0025979463987858,-0.0034384998558213,0.000415673832206,0.0001562985223992,0.1707619694748685,0.1707619694748685,0.1707619694748685,False,0.2121229103577493,0.0001102127312805,5.5250866642709495e-05,0.0001361532999641,2.4642744673061223,0.1905247150854373,0.4036763314022241,0.4057989535123386,-0.0103995309847943,-0.9996227009947902,0.0254225374653129,17170.1250148761,True,body,high
-0.01223413502178,0.0026883740135053,-0.0034544891877408,0.000271303496678,0.0001796274166265,0.5305113780157495,0.5305113780157495,0.5305113780157495,False,0.6056501537159757,2.8107863311804813e-05,4.913087576282356e-05,6.920494235759678e-05,2.462120353649646,0.2900669505805844,0.3037790616512377,0.4061539877681778,0.2939920304247717,-0.7603434864809553,-0.5791774068562289,10391.794378788054,True,body,high
-0.0113206717743097,0.0028954912885539,-0.0047791773236929,0.0015373840840824,0.0009550504566801,0.3328040634119609,0.3328040970402806,0.3328040970402806,False,0.2596780453937954,0.0001148504330501,4.281121017781e-05,0.0001191937791722,2.784172152041585,0.0364393691705892,0.6043874384437613,0.3591731923856495,0.2538087334548675,-0.6767222507719524,-0.6911064477576365,6751.571599887907,True,wing_L,high
-0.0128162261220198,0.0025735631190554,-0.0034707192198348,0.0006579911606108,0.0003809503612333,0.1259902670864393,0.1259902670864393,0.1259902334581196,False,0.5403753888803084,0.0001573100611591,8.088385563416879e-05,0.0001116527751417,1.9448882589210907,0.2902375453993153,0.1955940979287487,0.5141683566719359,0.7561472799783721,0.2802176430642835,0.5913707496121253,11387.0423967916,True,body,high
-0.0119940198021125,0.0024125099522394,-0.0030128910565174,0.0005995620448884,0.0005494330162796,0.1666905888071744,0.1666905551788547,0.1666905888071744,False,0.55263235911478,0.00010153408149,0.0002452977284981,0.000103059614512,2.4159151774294165,0.5798590751611695,0.0062191078220507,0.4139218170167797,-0.6089695160898214,-0.0751906460273953,-0.7896217418633509,6860.322034675676,True,body,high
-0.0120984200524836,0.0019530901447727,-0.0037969010903636,0.000552206336936,0.0004073896038303,0.2725632330704363,0.2725632498845962,0.2725632498845962,False,0.3426317021926666,6.410545278239693e-05,3.922235889017194e-05,9.59332661881987e-05,2.4458821168003992,0.3317703511038916,0.2593792005727206,0.4088504483233878,0.1268103932562319,-0.8415558356189345,-0.5250741849471531,6916.775765375806,True,wing_R,high
-0.0123192083082434,0.0025433546969923,-0.003239121303548,0.0003806974667602,0.0001473088017085,0.1338826992098812,0.1338826992098812,0.1338826992098812,False,0.2826425958433747,8.853861480043669e-05,0.0001255222589815,6.75855026239413e-05,1.857236450248584,0.2946381341539827,0.1669274624795778,0.5384344033664394,0.5084148326473973,-0.8599200774749728,-0.0452970009995743,18231.59663038502,True,body,high
-0.0124770818948152,0.0021971604650012,-0.0035911729631057,0.0003947829726134,0.0003819581870812,0.1575359849599317,0.1575359849599317,0.1575359849599317,False,0.6332418109331029,6.929733654716672e-05,9.905972645831192e-05,4.495313415913575e-05,2.203622245951458,0.3004489410100516,0.2457527721750365,0.4537982868149118,0.3860874320207986,-0.8476084973818749,-0.3640004532986531,5945.372109587479,True,wing_R,high
-0.0126474689303705,0.0026841850150183,-0.0033707532246066,0.000562846033276,0.0001885293576325,0.1405227790788787,0.1405227790788787,0.1405228127071984,False,0.1842921062744555,0.0001133515255921,0.0001555066304551,6.231210501059803e-05,2.495608685161041,0.2710823631092338,0.3282137901915509,0.4007038466992152,0.1790618462372377,-0.8443568189071842,-0.5049736800933813,16104.299173028148,True,body,high
-0.0121778515065231,0.0024722427288733,-0.0034621324590134,0.0001208076391429,8.605416112507314e-05,0.3824466513621888,0.3824467102117483,0.3824466513621888,False,0.5452819307636622,3.8319364778868295e-05,3.6749245100050814e-05,8.814021127396277e-05,2.3984223630716404,0.5652453718341823,0.0178138860359335,0.4169407421298841,0.4160190575915284,-0.7109900051478313,-0.5669403463333188,6519.966245309729,True,body,high
-0.0127263377605262,0.0027504573707745,-0.0034697826301994,0.0006322422284184,0.0003285174803198,0.0802379965234888,0.0802379965234888,0.0802379965234888,False,0.5716081821573465,0.0001128472809456,0.0003160348565057,0.0001338372963127,2.80055357875954,0.5765109653013352,0.0664167731342443,0.3570722615644204,-0.4415542716317537,0.108733646891466,-0.8906215914951946,11609.477036317528,True,body,high
-0.0125371901896824,0.002652734428577,-0.003342201718666,0.0004743285245745,9.203242099094904e-05,0.1182283801001245,0.1182283801001245,0.1182283801001245,False,0.168893661691485,9.07941452042084e-05,0.0001765027257349,7.301779001419293e-05,2.417256475451574,0.4855935236912943,0.1007143380703801,0.4136921382383254,0.4493776671538076,-0.8559426975673372,-0.2557768768762176,19283.667704008283,True,body,high
-0.0125825831071942,0.0027786287832104,-0.0034959481296791,0.0005245456930989,0.0002888538107213,0.1315295575379403,0.13152959116626,0.13152959116626,False,0.6331916563835225,0.0001008964783781,0.0002515399966652,9.985808644421528e-05,2.5189747332655728,0.59888494984583,0.0041281384579139,0.396986911696256,0.5100231387404143,-0.7725863356372425,-0.3781358908329046,11256.5615570257,True,body,high
-0.0124161977776232,0.002549210360708,-0.0033029419811682,0.0003781922548846,4.99791289475715e-05,0.1360206196356568,0.1360206196356568,0.1360206196356568,False,0.1700760511146886,0.0001417561784602,0.0001071426121591,9.465515408167024e-05,1.4976065470027191,0.2441767736477683,0.0880911027171015,0.6677321236351301,0.2748251255171766,-0.9389574859402996,0.2069540769860308,22627.492794556,True,body,high
-0.0126493966958563,0.0031798490538637,-0.0028788811270242,0.0011138604143388,0.0004178055494808,0.1366900249678705,0.1366900249678705,0.1366900249678705,False,0.4763836511105975,6.38177840925845e-05,2.667276638586596e-05,2.8665330199524025e-05,2.3926196169288945,0.5508253599351332,0.0312227044857485,0.4179519355791183,0.9722230468312304,-0.216145806623432,0.0897960883853254,2532.09523939832,False,body,high
-0.0122342007629318,0.0025293436389387,-0.0032236598729935,0.0003698708193812,0.0002160699537722,0.1303767114815276,0.1303767451098473,0.1303767451098473,False,0.0797655263090852,0.0001124402463044,0.0002637509653643,0.000108351829216,2.434208700237819,0.5736878303019004,0.0155010507080551,0.4108111189900443,0.206996148866009,-0.9527494525294428,-0.2223085132411446,18019.39235580288,True,body,high
-0.0125219906672477,0.0026096643064008,-0.0033283188929314,0.00045388133681,6.452038311466234e-05,0.1204133129168593,0.1204133129168593,0.1204133129168593,False,0.1063749499205301,8.790189605532118e-05,0.000191836252242,6.916020951529377e-05,2.773795128535337,0.5417868362835234,0.0976962712781962,0.3605168924382803,0.3238769800890306,-0.8753182471434608,-0.3590566361816885,25324.50873938657,True,body,high
-0.012520854965667,0.002633860717554,-0.0033924510039626,0.0004299909542109,0.0001141469853667,0.1085871072099903,0.1085871072099903,0.1085871072099903,False,0.0593335251962721,9.06407543197069e-05,0.0002289051986539,9.62393269402864e-05,2.5254114484373527,0.5795668796244227,0.0244580405054161,0.3959750798701612,-0.5183081278902999,0.0624253123312836,-0.8529125189274656,22343.90777927952,True,body,high
-0.0125944514834508,0.0026667583449561,-0.0034467711090679,0.0004857065151382,0.0002082702637391,0.0866754657662134,0.0866754657662134,0.0866754657662134,False,0.0778230420538921,7.346649956553932e-05,0.0001756666166398,7.298924516686592e-05,2.406746586270427,0.5817845133536304,0.0027168189824704,0.4154986676638992,0.4369938773847215,-0.8457225170187144,-0.3062511638113347,23270.2132600718,True,body,high
-0.012582713619117,0.0026529373554292,-0.0034489666187828,0.0004690874233611,0.0001991784339884,0.1155169623099576,0.1155169623099576,0.1155169623099576,False,0.2999000642201913,7.898411634343638e-05,0.0001984234095771,8.246915774958397e-05,2.5121938278627187,0.5843778819982948,0.0175636605256103,0.3980584574760948,-0.5048313146048311,0.0553260487838141,-0.8614431914643758,23226.116703275293,True,body,high
-0.0124754698014409,0.0022503111154745,-0.0034793802436978,0.0003750561765515,0.0003224295573084,0.1560897990706596,0.1560897654423398,0.1560897990706596,False,0.2736894478221633,6.377063394825524e-05,0.0001372544725369,7.262346997749742e-05,2.152314694697321,0.4708844918847833,0.0644994357240789,0.4646160723911377,-0.4418189890907493,0.096389289812757,-0.8919109180227706,5535.945268386459,True,body,high
-0.0124875838759051,0.0025565809838753,-0.0034167804547699,0.000364659800484,0.00010509918857,0.128407134424237,0.1284072016808764,0.128407134424237,False,0.0658241873175101,4.555891195210397e-05,4.47849678421337e-05,0.0001084010265835,2.4204779372763694,0.5797188145907121,0.0071396381968208,0.413141547212467,0.3025467798798442,-0.9222744618848384,-0.2405727809611239,17144.898089026865,True,body,high
-0.0127234761825004,0.0026322841142701,-0.0033966587614185,0.0006021057986977,0.0002558456398375,0.0872237418908197,0.0872237755191394,0.0872237418908197,False,0.082705572211209,9.39696092970274e-05,0.0001699874070528,6.687587133834772e-05,2.5418346505402645,0.4471966428207678,0.1593867359259768,0.3934166212532554,0.3895424463358343,-0.8742061444263611,-0.28986255285892,22403.03008264464,True,body,high
-0.0116874451148734,0.0027331953314136,-0.0038556144662212,0.0006272190743416,0.0004765898473833,0.3845289673613184,0.3845289421400786,0.3845289421400786,False,0.2567278629121897,5.904477167982633e-05,6.230574681141487e-05,2.443672622956337e-05,2.549676508469364,0.0523382721253427,0.5554551100240165,0.3922066178506408,-0.3367121031639768,0.7225990174913256,0.6037181623104131,6050.210408547186,True,body,high
-0.0124452454217043,0.0026044357167204,-0.0033342893143341,0.000393198084832,1.8101020966198004e-05,0.1614825373048499,0.1614825373048499,0.1614825373048499,False,0.1128294816661695,0.0001090076933998,5.247520594537551e-05,0.0001367178034399,2.6053790733526574,0.2026810652521852,0.4134976281948383,0.3838213065529764,0.0995723630693373,-0.9949117453253092,0.0153611043397065,20605.4693808789,True,body,high
-0.0121133504017377,0.0018370416583738,-0.0039382013549204,0.0007166318061504,0.0005157830352005,0.4157382843385585,0.4157382843385585,0.4157382843385585,False,0.8824417177234093,4.084178270269104e-05,9.18453011418289e-05,4.171811250753963e-05,2.2488073503162065,0.5457784776260041,0.0095413678648116,0.4446801545091842,-0.371401525183838,-0.6853714330726844,0.6263600448775561,12553.5281349503,True,wing_R,high
-0.0114934485256083,0.0027482868129682,-0.0041422264481596,0.0009323792685172,0.0005917905242457,0.2425978948960321,0.2425978948960321,0.2425978276393927,False,0.1177550285956366,6.596664222019332e-05,2.6985143371072203e-05,2.654661765530342e-05,2.484935861763718,0.5909274375221775,0.0066476889077514,0.4024248735700712,-0.8437322981918994,0.4713334747878834,-0.2568278889299122,4983.113661819112,True,body,high
-0.0115392541301148,0.002561826326086,-0.002621041817329,0.0011588728878096,0.0011311384153292,0.167392041928075,0.167392041928075,0.167392041928075,False,0.2245335661212966,8.279611770922256e-05,7.647449360458955e-05,3.443679906800602e-05,2.40429191881964,0.0763516971512404,0.5077254308495313,0.4159228719992283,0.1201675726615922,0.6696335486671378,0.7329056317017062,7073.0330245975,True,body,high
-0.0122702980470206,0.0018785686859103,-0.0030835382930679,0.0007676288758208,0.0007444590305869,0.41915535878959,0.41915535878959,0.41915535878959,False,0.2895544321101018,4.272706491576105e-05,4.604765868735689e-05,0.0001062252634896,2.486135279807247,0.5665093483921831,0.0312599250169729,0.4022307265908439,0.4468975694274258,-0.8838893123824534,-0.1379211582605539,2504.011251794578,False,body,high
-0.0122045150611262,0.0024859383731796,-0.0032110104502337,0.0003729034658301,0.00025332216629,0.1483599598730316,0.1483599598730316,0.1483599598730316,False,0.2548817578033243,3.662088305212127e-05,5.550473534002987e-05,4.933662334484684e-05,1.5156580266246409,0.1111276714931852,0.2290928911709451,0.6597794373358696,-0.1748317004439108,0.8970276161705355,-0.405925279266145,13860.391200053222,True,body,high
-0.0124798075889434,0.0025462452860602,-0.0033814562665081,0.0003730233671858,8.239068042403788e-05,0.1654834330144247,0.1654834330144247,0.1654834330144247,False,0.7930561642123483,7.051223441309166e-05,9.476123581855844e-05,5.440232248201989e-05,1.7418601172749062,0.255895791100666,0.1700052958566073,0.5740989130427266,0.6388720507627488,-0.7644667245504351,0.0862156007305463,18762.468107879755,True,body,high
-0.0124997829470677,0.0025922451008269,-0.0033013018236505,0.0004478799179356,3.6873314644793006e-05,0.1009930927956845,0.1009930927956845,0.1009930927956845,False,0.686169969113849,8.727408413227311e-05,7.992232045922313e-05,7.665192329329774e-05,1.138576572936483,0.0842376490815715,0.0374727182581344,0.878289632660294,-0.5950408549746251,0.6015505688636529,0.5329758850181523,28060.667397561883,True,body,high
-0.0126324680487636,0.002587914576296,-0.0034786330776867,0.0004840102475517,0.0002491628877148,0.1229671820291692,0.1229671820291692,0.1229671820291692,False,0.5827607015228351,0.0001110834435434,0.0001988080160137,8.414320790002591e-05,2.362733974320693,0.4412526930715673,0.1355087998140171,0.4232385071144156,0.2554732326234778,-0.9319327343700208,-0.257361236441169,15372.379939671478,True,body,high
-0.0124001178054434,0.0025752892746471,-0.0033064211325804,0.0003732225335528,3.923142077792523e-05,0.1608615231247036,0.1608615231247036,0.1608615567530233,False,0.1222958273023035,0.0001309075704663,0.0001078782616256,8.570807955264664e-05,1.5273655780136357,0.175920374648122,0.1693575245038827,0.6547221008479953,0.2531919864554057,-0.9656976002566174,0.0576364715555686,26474.23909993875,True,body,high
-0.012457772770639,0.0025429359974392,-0.0033647526641662,0.0003643274100551,6.115345885716138e-05,0.1400157985308804,0.1400158321592001,0.1400157985308804,False,0.1622226928001603,8.688932529591236e-05,0.0002129035360078,7.250444190872876e-05,2.93642058890432,0.5918840667224726,0.0675652629210255,0.3405506703565018,0.4058515614685798,-0.8230132228653857,-0.3974087883304129,19299.837741460884,True,body,high
-0.0124790308638774,0.002627950529369,-0.0034330993314306,0.0003770879143339,0.000118708326107,0.10089039190728,0.10089039190728,0.10089039190728,False,0.1113150307155252,7.421208575864185e-05,0.0001766836848475,7.175082636674063e-05,2.4624620202213814,0.579972051054657,0.013930315037431,0.406097633907912,0.4545886172953395,-0.8415823667190969,-0.2916990042029539,20020.398200061176,True,body,high
-0.0124273441029351,0.0024494591499638,-0.0033475462617963,0.0003417390115492,0.0001264931557053,0.1255394458323622,0.1255394458323622,0.1255394458323622,False,0.2558613749102376,5.849272023955806e-05,0.0001371649034184,5.568739092743371e-05,2.4631231798442847,0.5735591337010608,0.020452238453206,0.4059886278457331,0.4853121382863488,-0.8162648627161823,-0.3133429468280135,12863.865323011623,True,body,high
-0.0127106359264614,0.0026563799101162,-0.0035831142975748,0.0005688203409021,0.0003819529163564,0.2544664890998998,0.2544664554715801,0.2544664554715801,False,0.3871524028613299,3.0524999799257084e-05,7.969269562929911e-05,2.735168401141931e-05,2.913630312343016,0.6169661528172159,0.0398194058160469,0.3432144413667371,-0.9208551806679116,-0.0124176866958077,-0.3897069890240525,13062.223589008972,True,body,high
-0.0121128282251312,0.0027424581500455,-0.0032650333954185,0.00043252889332,0.0003396192512698,0.1401503790663731,0.1401503790663731,0.1401503790663731,False,0.0173085117888177,0.000108599593055,5.241773658745065e-05,0.0001132366190564,2.1602729615682894,0.0409498803486835,0.4961456544331656,0.4629044652181508,0.0406261400697794,-0.988087262115368,0.1484354377781332,6648.250359476728,True,body,high
-0.0125197807022586,0.0025440003395928,-0.0035232813527565,0.0003573912343924,0.0002011163228244,0.2934870762509536,0.2934870762509536,0.2934870762509536,False,0.3561723873006323,8.66087869344422e-05,9.85774033733046e-05,6.808765518234013e-05,1.4478014128891987,0.1214133871384117,0.1878841511169051,0.6907024617446832,0.2230239807505979,-0.9738798964917532,0.042640957064411,12498.432340689737,True,body,high
-0.0123367704862243,0.002599138772488,-0.0033826870763284,0.0002921442420752,5.355704033055498e-05,0.2208661481485617,0.2208661481485617,0.2208661481485617,False,0.0506191911589631,2.9856872481767098e-05,6.806837267920992e-05,7.034593046650574e-05,2.356105131556039,0.032376539370394,0.5431941825780058,0.4244292780516002,-0.8447783019289354,0.4620422224545596,-0.2699381508036919,12747.00105084304,True,body,high
-0.0120322667518272,0.0017273504711192,-0.003356361992683,0.0007759589082205,0.0007486039781994,0.5510897616713917,0.5510897028218322,0.5510897028218322,False,0.3139182418513099,8.699620282196601e-05,3.636033538507942e-05,3.7757203751047885e-05,2.3926127715990537,0.5659902096150521,0.0160566590340396,0.4179531313509083,0.6229720967171692,-0.5152569560201166,-0.5885711817483911,2603.9800043266337,False,wing_R,high
-0.0124106790960024,0.00255295033886,-0.0034655791498494,0.0002773383457525,8.25371160971703e-05,0.3005551437449428,0.3005551773732625,0.3005551437449428,False,0.5058697368441494,9.938154298172466e-05,0.0001145449230771,4.788532245021468e-05,2.392067489913438,0.132379329332989,0.4495722651698121,0.4180484054971989,0.0381589307884741,0.7207403779055925,0.6921540317426346,15140.47863087144,True,body,high
-0.0122270594624707,0.0019271205916422,-0.0038946486550873,0.0006158261133074,0.0004983681437122,0.3388636175977469,0.3388636175977469,0.3388636175977469,False,0.1627654707398245,6.128108167858345e-05,6.188641556604805e-05,2.577480767766837e-05,2.401042767805684,0.0097813693348997,0.573732921452223,0.4164857092128772,-0.130616270457727,0.67125957924392,0.7296231679195703,10050.255118146732,True,wing_R,high
-0.0115414775390051,0.0011931320703994,-0.0045076025123895,0.0016900133333614,0.0008161717739705,0.4865497356102751,0.4865497356102751,0.4865497356102751,False,0.3883092258212927,3.65581079302012e-05,4.508343506093561e-05,0.0001057650753385,2.8930675389565264,0.573739867185534,0.0806062597076249,0.345653873106841,0.3211900957001068,-0.9448511203926432,-0.0639787677040074,11299.996933643735,True,wing_R,high
-0.0125110925725479,0.0026690030500879,-0.0033789199632109,0.000444290903535,0.0001137321434607,0.1655535144327073,0.1655535144327073,0.1655535144327073,False,0.3168163636709928,0.0001026773564854,0.0002497513104225,8.690979514385381e-05,2.873684260895223,0.588881610623956,0.0631330474900584,0.3479853418859855,0.3767685395986112,-0.9008635226874022,-0.2156162819918146,19348.70081472631,True,body,high
-0.012485737564853,0.0025938934741913,-0.0033004943560517,0.0004389504735861,2.5660967324992627e-05,0.1289580671861006,0.1289580671861006,0.1289580671861006,False,0.2267814399858834,7.226876262384113e-05,8.942326086911501e-05,0.0001302351501673,1.802094645583712,0.3133707700710291,0.1317194184767023,0.5549098114522685,0.3694205479924298,-0.9181722554110624,-0.1431368859320861,28361.686226775164,True,body,high
-0.0110369569851447,0.0026998757500168,-0.004223316469151,0.0013321582605535,0.000761824567257,0.3804484986402218,0.3804484986402218,0.3804484986402218,False,0.1431641426162929,5.1535286855102965e-05,3.477431224035292e-05,8.536758497674104e-05,2.4549036192778675,0.3963131688785141,0.1963388635079308,0.4073479676135551,0.1201944788316905,-0.7649428671689953,-0.6327840842069714,5783.489057076101,True,wing_L,high
-0.0125566093486498,0.0025907723786279,-0.0034346021981607,0.0004277114094861,0.0001639646169067,0.1308975468972478,0.1308975468972478,0.1308975805255675,False,0.3986742185618558,0.0001204072250784,0.0002104037704227,8.601752319353605e-05,2.4460570661786827,0.4277325694470034,0.1634462244466994,0.4088212061062972,0.3284995448627938,-0.9343421178620654,-0.1381769004355211,15892.771572112608,True,body,high
-0.0124527630371668,0.0027026807804346,-0.0035240466304685,0.0003737924073058,0.0002137074456812,0.089864136669752,0.089864136669752,0.089864136669752,False,0.7200118909895842,0.0001068099744454,0.0002561296276677,0.0001058586694177,2.419543237001323,0.5829846963895176,0.0037141545723867,0.4133011490380956,0.4551788556149817,-0.7813354734069867,-0.42699776041206,11200.704321458556,True,body,high
-0.0126752502113003,0.0026038523130376,-0.003328234643902,0.0005771069942689,0.0001794411680133,0.0827787505911105,0.0827787505911105,0.0827787505911105,False,0.9930442128494076,7.702035760224334e-05,0.000188215799254,6.789883129445788e-05,2.7720035185553766,0.5907869694919243,0.0484631276648254,0.3607499028432502,0.2711161721037439,-0.9440361048171572,-0.1878612627059199,22023.31584489661,True,body,high
-0.0127984725737034,0.0026352935778693,-0.0034007167343236,0.000670433151557,0.0003128714468757,0.0885899932641333,0.0885899932641333,0.0885899932641333,False,0.2099951534051488,9.661668806986096e-05,0.0001730692117252,7.258379533257316e-05,2.3844056504936377,0.4417453739649824,0.1388629005570258,0.4193917254779917,0.275437699717202,-0.8982200434789459,-0.3425417158057937,14631.510784291471,True,body,high
-0.0123669429184957,0.0025063319423808,-0.0033249432248855,0.0003225610541701,7.943332228448134e-05,0.1765730440062927,0.1765731112629321,0.1765730440062927,False,0.7290059996847266,4.878737105421804e-05,4.416336031200623e-05,0.0001081252003666,2.448301026070939,0.548788155871228,0.0427653380204887,0.4084465061082832,0.3468538634702076,-0.9080264101735848,-0.2349051634661605,18386.10004451455,True,body,high
-0.0126136248608281,0.0026651728240112,-0.0034541141812047,0.0004996307353449,0.0002251500027194,0.0882253950218012,0.0882253950218012,0.0882253950218012,False,0.1244850616250592,9.137710107037818e-05,0.0002194970162102,8.699943855786548e-05,2.522970490944708,0.5836977529441681,0.019944063878843,0.3963581831769888,0.4654788235677006,-0.802289447736849,-0.3737125992793537,22904.494934172857,True,body,high
-0.0117380986473319,0.0027963987457112,-0.0025220890644187,0.0011971657041207,0.0010726005685412,0.2485144782805569,0.2485144782805569,0.2485144782805569,False,0.0102524527557701,3.142783971488988e-05,4.062664754892152e-05,5.020665173066585e-05,1.5975215664244002,0.190811453293806,0.1832189065978497,0.6259696401083442,-0.793757289719389,-0.5316128571606026,-0.2955285690400692,3605.079980325833,False,body,high
-0.0120582047296829,0.0025746897920679,-0.0032260943183074,0.0003939810772226,0.0003404097526205,0.1728347518453593,0.1728347518453593,0.1728347518453593,False,0.5394982242320536,3.2748638033179864e-05,7.782546070772976e-05,3.0282831220318662e-05,2.5699532564019885,0.579204058217323,0.0316838061790784,0.3891121356035985,-0.8970984752644741,0.0291295569501331,-0.4408693622719146,14273.331835941584,True,body,high
-0.0126066645161773,0.0026254711578049,-0.0034855559259036,0.000470635135053,0.0002370494097539,0.1616172859819412,0.1616172859819412,0.1616172859819412,False,0.4841464906069314,0.000109052456437,5.784164573584407e-05,0.0001288934010761,2.2283840550591725,0.1539329746393998,0.3973113462263559,0.4487556791342442,0.0522033563176905,-0.9893930366072214,0.135558949178241,19145.24391732561,True,body,high
-0.0121640951646913,0.0026833036244499,-0.0034474898830935,0.0002649836764199,0.000211293903445,0.4776918007995435,0.4776918007995435,0.4776918007995435,False,0.6260841172670636,4.190400540969993e-05,4.66420236945768e-05,0.0001061033631036,2.532057784602916,0.5604095635592345,0.0446547418129184,0.394935694627847,0.5262171826159601,-0.7907824677664513,-0.3126636617723949,9355.924397596713,True,body,high
-0.0116403268505589,0.0027740790790397,-0.0041099923596832,0.0008187416448624,0.0005645038055817,0.1421790410814001,0.1421790410814001,0.1421790410814001,False,0.1119283061396665,0.0001348592765403,0.0002208937912812,8.117564947171349e-05,2.7211829251606896,0.3894836257818611,0.2430291352112468,0.367487239006892,0.2888295094280923,-0.7367314634266827,-0.6113953428680217,8173.598600195512,True,body,high
-0.0127728474388749,0.0027666418275438,-0.0036137639129038,0.0006716802315821,0.0004686082875236,0.1532392945501584,0.153239328178478,0.1532392945501584,False,0.5401976432827519,6.561565686703725e-05,8.022250307068986e-05,4.771865461399805e-05,1.6811560116189226,0.1820791628850257,0.2230920448501694,0.5948287922648049,0.6483248716622609,-0.7602899179587099,-0.0404240205131949,9853.789113187362,True,body,high
-0.0126463263072062,0.0027221919269707,-0.0035658884258098,0.0005387966606329,0.0003452121975434,0.0966932076955384,0.0966932413238581,0.0966932076955384,False,0.7558544736322179,6.014109166150795e-05,6.200338454652059e-05,0.0001571724756579,2.613395788399147,0.6055073619793849,0.0118487214584946,0.3826439165621204,0.4411272635347808,-0.8785984825527897,-0.1829520260129716,15104.849020035272,True,body,high
-0.011596922749173,0.0029387848880203,-0.0045879970389722,0.0012587998606247,0.0008997871791543,0.3466474806909944,0.3466474806909944,0.3466474806909944,False,0.1942748669262689,7.338828073634371e-05,3.335705172705439e-05,8.710246420221824e-05,2.61121591065476,0.1574488574058651,0.4595877898052607,0.3829633527888741,0.1731005627362411,-0.6730681535826144,-0.7190378681358073,8908.975071946783,False,body,high
-0.0123594163229586,0.0025721837729191,-0.0032534884079129,0.0003925918110198,0.000105128380493,0.1118797568780826,0.1118797568780826,0.1118797905064022,False,0.0707346507135629,0.0001135567777312,0.0002254341657145,9.383980006263872e-05,2.402329987532189,0.4962752102310259,0.0874622424961669,0.4162625472728072,0.331826592179617,-0.926893225859606,-0.1753854628469422,25875.48571358985,True,body,high
-0.012413630487654,0.0025643255190815,-0.0032763503450707,0.0004005218148027,5.910132907536706e-05,0.0989282803369658,0.0989282803369658,0.0989282803369658,False,0.7435388955463689,7.642790440680817e-05,7.87981319526319e-05,0.000183326237623,2.3986819872396685,0.5701753716528084,0.0129290142892522,0.4168956140579394,-0.1855582394889878,0.1981009201381584,-0.96245735759989,25505.758874719435,True,body,high
-0.0126899180861831,0.0026227082025353,-0.0033787409947376,0.0005750996292564,0.0002199558509797,0.1155338437264538,0.1155338773547735,0.1155338773547735,False,0.2376295960240765,7.547714848268296e-05,0.0001864037650175,7.889197218296822e-05,2.469671533236925,0.576768354568759,0.0183194996086223,0.4049121458226187,-0.4806616014924565,0.140867424061337,-0.8655176449322279,24014.00770253872,True,body,high
-0.0124815080241068,0.0026169205988613,-0.0032709097532794,0.0004631697936157,5.235030179968094e-06,0.1067327071477179,0.1067326735193982,0.1067327071477179,False,0.9163029032725384,6.091458062803875e-05,0.0001437524512948,5.825823348996045e-05,2.4675044656065963,0.5762536215601224,0.0184786215062883,0.4052677569335892,0.3619934388872501,-0.9079283733145034,-0.2112506074146596,23000.186126430588,True,body,high
-0.0124102510987832,0.0025132334177823,-0.0028633174936832,0.00075708823073,0.0003888741232037,0.1409092693573441,0.1409093029856638,0.1409093029856638,False,0.6678886964948977,7.437490312418815e-05,0.0001994767129957,7.520218073936564e-05,2.682043332044769,0.6230027073837684,0.0041472390573996,0.3728500535588318,-0.5484193342706014,0.0468163767091732,-0.8348918856175419,4352.663128155035,True,body,high
-0.0124181693110058,0.0026279154753245,-0.003277013102612,0.0004243546500393,5.211150099912584e-05,0.1416189950448941,0.1416189950448941,0.1416189277882547,False,0.7088599837399296,5.067822807499146e-05,7.147832174551445e-05,3.906054139225824e-05,1.8299367903713024,0.29099862955062,0.1625344076221581,0.5464669628272217,0.6219103984549931,-0.7821417621347753,-0.0384931191027764,21473.5013600555,True,body,high
-0.0125995045604946,0.0021707001484375,-0.0036747863509795,0.000516590857384,0.0005034182042087,0.28663656717135,0.28663656717135,0.28663656717135,False,0.0815660031038041,4.523602368488293e-05,7.629732909469634e-05,7.498325690471211e-05,1.686649773335262,0.0172230431337021,0.3898856430859912,0.5928913137803067,-0.0227423697939064,0.7422699498425273,0.669714943970141,4337.795784715173,True,wing_R,high
-0.0123718359156822,0.0025722778864417,-0.0032569365981387,0.0003956582601338,9.450767245656036e-05,0.1286649627514792,0.1286649291231594,0.1286649627514792,False,0.1839606457165544,0.0001146826463813,5.861009372155482e-05,0.0001320371911402,2.2528063471043245,0.1314367914758024,0.424672413700504,0.4438907948236935,0.0021929244127373,-0.9984467413718956,0.0556713187050883,28619.75668378292,True,body,high
-0.012472021321714,0.0026599081034931,-0.0036015344526275,0.0003583070044335,0.000253775884668,0.2729335481271197,0.2729335481271197,0.2729335481271197,False,0.0595109008525973,5.843395449211077e-05,5.000290257431411e-05,2.368549707839704e-05,2.4670773975610145,0.1442834391592467,0.4503786492743738,0.4053379115663794,0.8884483836289224,-0.3496883780628093,0.2972835479385913,10530.630955120754,True,body,high
-0.0128248182900778,0.0025514117816254,-0.004003376865584,0.0007776134896147,0.0007561678177883,0.4341810090729258,0.4341810090729258,0.4341810090729258,False,0.1999860570365348,9.191522496840824e-05,3.9834322414930113e-05,0.0001088869093794,2.7334947045232134,0.1558652413572099,0.4783026981872628,0.3658320604555273,0.1127988106513905,-0.7209511748180619,-0.6837439812123309,4929.482092387209,True,body,high
-0.0122194237065496,0.0020716349918574,-0.0037480117728001,0.0004201415197503,0.000358783886983,0.2462292490002771,0.2462292490002771,0.2462292490002771,False,0.4574271950359079,6.631122016574196e-05,6.341802575722136e-05,2.7373760486340388e-05,2.4224373629202867,0.0436305409746523,0.5435620876948113,0.4128073713305363,0.0816824211756744,0.8522082062652014,0.5167873404458817,9927.325569143166,True,wing_R,high
-0.0121791201501379,0.0025537607932,-0.0031746825799068,0.0004188001137637,0.0002871124467064,0.1443946092973937,0.1443946429257135,0.1443946429257135,False,0.148361721372945,0.0001146082443133,0.0002765466695275,9.590143326679025e-05,2.883655229199713,0.585573586877115,0.0676443186914625,0.3467820944314224,0.3265585493381939,-0.8936319049320077,-0.3078660948232614,24694.313958935865,True,body,high
-0.012516334258789,0.0025671207435026,-0.0032693355394727,0.000473503697839,6.0627016196509344e-05,0.1268999131346851,0.1268999131346851,0.1268999131346851,False,0.9535100726642896,6.761277240198333e-05,9.20496139316599e-05,4.586936070708952e-05,2.0067777817847987,0.2654746770347037,0.2362140455150274,0.4983112774502689,0.6460032039671061,-0.7530999323199261,0.1245807063872895,20965.679689719185,True,body,high
-0.0126189960194495,0.002615046008262,-0.0034069746808913,0.000500061259496,0.0001886366818097,0.089083892395763,0.089083892395763,0.089083892395763,False,0.1893594956404149,0.0001132947330438,0.0002465639960763,0.0001042343804588,2.3654766785281387,0.5405057719427676,0.036746454182655,0.4227477738745774,0.2663897903164073,-0.9247531817410196,-0.2717867408006535,17816.559889615222,True,body,high
-0.0124935632398339,0.002619313056333,-0.0034130222506196,0.0003931972904222,0.0001090594481855,0.103643441557252,0.103643441557252,0.1036434751855717,False,0.0571659660429557,9.594053984674728e-05,0.0002285001724317,0.0001052470424511,2.381685289625283,0.5394005994345952,0.0407286458708026,0.4198707546946023,-0.3984974549835567,0.0921787899114177,-0.91252553337542,21756.571863807025,True,body,high
-0.0124970220340866,0.0026185839536747,-0.0033110845324075,0.0004487163161495,3.498389755448389e-05,0.1295826459681365,0.1295826459681365,0.1295826795964562,False,0.1338622493182706,9.152519144476446e-05,0.0002053029198137,7.391126993574883e-05,2.777694389397296,0.5541943995351263,0.0857947930063253,0.3600108074585484,0.4331920606167672,-0.8544575482593719,-0.2867872675715961,26146.54353507221,True,body,high
-0.0120665594978181,0.0025912877175265,-0.0032861508337592,0.0003441034513564,0.0002992189876011,0.0830281382101046,0.0830281382101046,0.0830281382101046,False,0.9726451128048478,6.077439030149081e-05,0.0001581019162904,6.576093111676166e-05,2.6014562302668125,0.5840598731520794,0.031540040325059,0.3844000865228615,-0.3249308759908071,0.0619022517057892,-0.9437097207624808,13038.43758386772,True,body,high
-0.0126158128550743,0.0026056954593664,-0.0033341866175112,0.0005245072930749,0.0001382835134263,0.1132542471897259,0.1132542471897259,0.1132542471897259,False,0.2007640877334765,9.608759505512792e-05,0.0001885432162141,7.88801608193498e-05,2.390248882047726,0.490368325180329,0.0912651994661505,0.4183664753535205,0.3255299811934997,-0.9187781250411466,-0.2233315658164671,17654.155980894575,True,body,high
-0.0126439663246335,0.0026102449221412,-0.0033117591040909,0.0005599269612691,0.0001443005963646,0.099465425487747,0.099465425487747,0.099465425487747,False,0.0938527386035704,8.229191697676353e-05,0.0002198874470095,8.623748753946988e-05,2.672041861312888,0.6078107745018018,0.0179435916709431,0.374245633827255,-0.3939567673822597,-0.0463049981385173,-0.9179618252308273,18643.19079762519,True,body,high
-0.012652780181787,0.0027386799704673,-0.0035898575958257,0.0005525112250801,0.0003726988400101,0.1077614310760687,0.1077614647043884,0.1077614647043884,False,0.9060909799157272,6.45989964584679e-05,5.79201946791869e-05,0.0001441595760755,2.488934591363323,0.5518924360278082,0.0463292273818974,0.4017783365902943,0.3563974372157529,-0.8891331809704697,-0.2870941539693512,13567.24802608591,True,body,high
-0.0120715637183124,0.0026680182803379,-0.0034632377090713,0.0002659608102452,0.0002526899862822,0.5178754927462926,0.5178754927462926,0.5178754927462926,False,0.6107033979242855,6.336422126757157e-05,6.146169994119688e-05,2.6551782790523367e-05,2.3864394254606127,0.0300251670156381,0.5509405221482561,0.4190343108361057,-0.3775922785022926,0.8171629076404522,0.435509877720413,7817.210865418632,True,body,high
-0.0122040876940047,0.0018688843145955,-0.0039352644726162,0.0006852140309033,0.0005379568744469,0.4060165893218299,0.406016681799709,0.406016681799709,False,0.1279622890316867,3.083981640063604e-05,5.545034642834292e-05,7.025917329240768e-05,2.2781968731486564,0.2107742828460667,0.350282089504266,0.4389436276496672,0.3124433598254498,-0.9498966914261112,0.0086846139068711,10395.490415838727,True,wing_R,high
-0.0122093261101641,0.0016790880478548,-0.0041608591482747,0.0009689345872078,0.0007297259750657,0.3552734305381836,0.3552734305381836,0.3552734305381836,False,0.1126820057315437,2.932725948440396e-05,4.512429873760129e-05,6.63641093075707e-05,2.26288137638168,0.320049659244751,0.2380358814127146,0.4419144593425343,0.2185871345128698,-0.835806926566142,0.5036332456555188,5212.007661769107,True,wing_R,high
-0.0126736627326535,0.0026300399914594,-0.0035472169179037,0.0005261831522832,0.0003278289243021,0.1474733828521091,0.1474733828521091,0.1474733828521091,False,0.9663055066041104,0.0001170222074787,6.112040134201653e-05,0.0001562201895991,2.55594181597334,0.2509149567735872,0.3578398303070468,0.3912452129193659,0.0335162010322526,-0.9993221378278384,0.0152292191383395,12612.583262283712,True,body,high
-0.0117082302298641,0.0024972874608633,-0.0028005737492148,0.0009127892481559,0.0008854152122135,0.1510414484586536,0.1510414484586536,0.1510414484586536,False,0.2114606081367257,6.746044771109404e-05,2.85999045923854e-05,4.033513801554717e-05,2.358764781650883,0.4020920497253985,0.173957241929657,0.4239507083449443,-0.8318137096611833,0.5522174533254329,-0.0560520888323878,6851.714338621377,True,body,high
-0.0133830098951785,0.0028620515423639,-0.0033144966492992,0.0012990790947935,0.0006645940374382,0.1938883667116504,0.1938883667116504,0.1938883667116504,False,0.1661998199455651,2.474728359618362e-05,5.627765528732368e-05,4.244828611394163e-05,2.2740942483078217,0.2457346366471144,0.3145298507442454,0.4397355126086401,-0.7152456129988605,0.6987376766506205,-0.013761261380303,3474.676075898708,True,body,high
-0.0125346909166409,0.0026651434182262,-0.0034780165057575,0.0004261848182255,0.0001967710331731,0.1071968115880817,0.1071968115880817,0.1071968115880817,False,0.9887079393661174,5.932433228480367e-05,5.045591341144334e-05,7.801658922462454e-05,1.5462328189054342,0.2395933624578526,0.1136735015142288,0.6467331360279185,0.4604709924781417,0.1038347829934969,0.8815808544466518,20952.89933527423,True,body,high
-0.0118747413134187,0.0028745797179241,-0.0042897830739893,0.0008771568171407,0.0007050258420897,0.3750937351860678,0.3750937351860678,0.3750937351860678,False,0.3295132295059593,4.311329546775005e-05,4.817866880173507e-05,0.0001063114070596,2.465861305805159,0.5468156227610301,0.0476465646921779,0.4055378125467919,0.5003211404522134,-0.8176997974616178,-0.284685436311424,5116.355617446221,True,body,high
-0.0119960484984289,0.0023536091547749,-0.0028902735704557,0.0007223424737432,0.0006562730253763,0.1573858345124117,0.1573858345124117,0.1573858345124117,False,0.11048312655164,0.0001296002919615,0.0002171824090516,8.692977239661987e-05,2.4983662451192683,0.4032652435918781,0.196473184689576,0.4002615717185458,0.3829842096804667,-0.8773471887962752,-0.2891107148597251,7143.00186792766,True,body,high
-0.0123808457776493,0.0024125726707368,-0.0034694514218222,0.0002352926526805,0.0001346600446942,0.1684754791325994,0.1684754791325994,0.1684754791325994,False,0.5974394950957893,7.440015828993421e-05,8.926588612033361e-05,4.843499603497984e-05,1.84300389032479,0.1665331346216612,0.2908744133223795,0.5425924520559593,0.7511968988344474,-0.6584759332897163,0.0459637298284915,8313.964182221505,True,body,high
-0.012673810951477,0.0027249401742129,-0.0034438004980054,0.0005805365849353,0.0002704176833005,0.1249825944862291,0.1249825944862291,0.1249825944862291,False,0.9962958314732432,0.0001208523778256,4.95759390273368e-05,5.728598129570695e-05,2.4377224152830763,0.5259838298063645,0.0637971913096607,0.4102189788839746,-0.546048324975946,-0.2579695328027984,-0.7970463894507451,13731.902524710647,True,body,high
-0.0125793936168454,0.0026974999995655,-0.0035679968908141,0.0004685393401521,0.0003006507920567,0.0855921967032876,0.0855921967032876,0.0855921967032876,False,0.8591193726102423,9.438653080505494e-05,0.0002508372708956,0.0001025921029183,2.657553665296663,0.5910013589607018,0.03271273078342,0.3762859102558781,-0.5931435443012556,-0.0272980891765826,-0.8046337988060479,14430.300688208212,True,body,high
-0.0123179033409254,0.0019400260035225,-0.0039311496045089,0.000637979589587,0.0005511115409627,0.3189074461311408,0.3189074461311408,0.3189074125028212,False,0.0866128834409109,2.993876113475311e-05,5.9762882471911614e-05,3.544184976753267e-05,1.996170857001109,0.4069588296014631,0.0920820483410584,0.5009591220574785,-0.3111322392210236,-0.7650203949498888,0.5638621507319216,6593.935437698776,True,wing_R,high
-0.0122655849802245,0.0025903642584601,-0.0032689912440819,0.0003516137079807,0.0001613164601342,0.1187708721537401,0.1187709057820598,0.1187709057820598,False,0.1413357028031925,8.54558821635395e-05,0.0002371541226073,0.0001032160559101,2.7751644076823454,0.5647722469448252,0.0748887413441024,0.3603390117110724,-0.3512211942691747,0.1348874427921093,-0.9265252562521654,18663.555806161025,True,body,high
-0.012814794183958,0.0026083701667452,-0.0038933034943156,0.0007247856079103,0.0006734985949896,0.1843015044428124,0.1843015044428124,0.1843015044428124,False,0.3019586744559049,0.000154103603532,7.936837759865912e-05,9.730400423488984e-05,1.9416247149632009,0.3685806041866586,0.1163868087776161,0.5150325870357253,0.7137993342604009,0.1640521995451964,0.6808651747841061,5472.583936406336,True,body,high
-0.0128089949574266,0.0027855855034925,-0.0036218267060707,0.0007128549694076,0.0005016920699049,0.1030786202993467,0.1030786202993467,0.1030786202993467,False,0.9891243065138656,8.373662791961985e-05,0.0001058865365807,4.66948083620773e-05,2.267629749321754,0.209185316437453,0.3498255845709241,0.4409890989916229,0.1497606075524347,-0.8044791758843307,-0.5747912803740101,8119.221064011929,True,body,high
-0.0124466615277876,0.0025379337109755,-0.0033185446173275,0.000384694420311,5.546079859461581e-05,0.1139543888061576,0.1139543888061576,0.1139543888061576,False,0.5253986016444423,5.977188825391451e-05,5.303081551954963e-05,0.0001252999799054,2.3627767870040195,0.5229696900270747,0.0537994717912147,0.4232308381817105,0.3095336428164431,-0.9143529641847694,-0.2610509162046899,19456.90509485948,True,body,high
-0.0121888529671944,0.0025357814492245,-0.0031757208933968,0.000414050965046,0.0002807981745313,0.1297041450872608,0.1297041787155805,0.1297041787155805,False,0.2588857055935001,0.000106875848488,0.0001966125481903,9.179503795060252e-05,2.1418646647998187,0.456413898951109,0.0767031945635452,0.4668829064853457,0.381305843280753,-0.8590352491377097,-0.3415615531919045,23022.21547350044,True,body,high
-0.012746869095498,0.0028368549573338,-0.0035225539059822,0.0006870801526378,0.000412761878163,0.0807347204339745,0.0807347204339745,0.0807347540622943,False,0.9590403543203992,7.415463938622953e-05,0.00019132422136,7.38121608411683e-05,2.5920420047285724,0.6124137400948115,0.001790042800784,0.3857962171044044,0.5870219509518699,-0.6871814923738873,-0.4280033009679449,8301.925674860557,True,body,high
-0.0125748979000143,0.0026123215349219,-0.0032363355949392,0.0005486888890277,5.312636431148864e-05,0.095829968728497,0.095829968728497,0.095829968728497,False,0.9897285091230682,4.272449788749845e-05,3.557876688054285e-05,0.0001045926563211,2.9397493362361007,0.5915153186634494,0.0683196245156357,0.3401650568209148,0.2928000423753533,-0.9140256874547824,-0.2807582195730035,13150.44575648021,True,body,high
-0.0116714068518268,0.0029281759191543,-0.0045551453632393,0.0011951156291439,0.0008758847471169,0.3575153633568325,0.3575154306134719,0.3575153969851522,False,0.4325198018487376,6.49220647272179e-05,7.045341896263963e-05,2.648145629466376e-05,2.660481288441701,0.0785107992893137,0.5456173596477781,0.3758718410629081,-0.1706645214224821,0.701103741235915,0.6923345760198882,6909.143271883724,False,body,high
-0.0130996121162365,0.0029782447329783,-0.0031482257591938,0.0011444536771935,0.0003779846144708,0.2711249666504566,0.2711249330221369,0.2711249666504566,False,0.3564810466397913,3.456119688945545e-05,2.6259093215796143e-05,6.580610107080084e-05,2.506030978678853,0.4748025437296304,0.1261600906081195,0.39903736566225,-0.968284959380379,-0.1420008217233097,-0.2055723815779811,3000.3985586817257,True,body,high
-0.0124537594708882,0.0025741908371693,-0.0033163450455583,0.0004003940282891,2.488705465203452e-05,0.1158197517006566,0.1158197517006566,0.1158197517006566,False,0.1834395976413324,0.0001119894936676,5.5198516274973214e-05,0.0001564589684641,2.834477790756724,0.2842245173477787,0.3629768107906827,0.3527986718615385,0.0997821848037342,-0.9921337064857528,0.0755924867340356,25085.42677139501,True,body,high
-0.0122077749827257,0.001938420515462,-0.0039354910140393,0.0006270253435672,0.0004848657777921,0.3784939366276832,0.3784939366276832,0.3784939114064435,False,0.4461681075788426,4.4744966191034085e-05,0.0001055655502138,4.8037497855443206e-05,2.359272096958513,0.544951001930772,0.0311894520299376,0.4238595460392904,-0.3555918485784095,-0.6577444946357569,0.6640230545703534,10358.269939473315,True,wing_R,high
-0.0124534436164262,0.0025911481661091,-0.0035647166717514,0.0003071058732428,0.0001905990311023,0.7539916554319198,0.7539917058743995,0.7539916554319198,False,0.7752024046353436,3.7994700670515256e-05,3.9221311554178977e-05,9.11546322748804e-05,2.39914068715426,0.5697277189829962,0.0134563746575689,0.4168159063594348,0.3181462068717479,0.454576061791046,0.8319516783441586,10004.120463848723,True,body,high
-0.0118911369790024,0.0028712013799706,-0.0042222147625859,0.0008159491178348,0.0006687768414567,0.3670444269511632,0.3670443933228434,0.3670444269511632,False,0.2416545726267398,0.0001055577985116,4.320046725467393e-05,0.0001148436971583,2.6583901623405786,0.0808568417465199,0.5429756512538491,0.3761675069996311,0.214260530692578,-0.6898123987895741,-0.6915571411412865,5829.666942842182,True,body,high
-0.0114989725657369,0.0026782006627533,-0.0038861898871767,0.0007772927389022,0.0005264010796873,0.4360308987368166,0.4360308987368166,0.4360308987368166,False,0.3378934123177957,3.9581815670417134e-05,4.369861393674138e-05,9.580549534489329e-05,2.4204421581523583,0.5438819685715383,0.0429703771323769,0.4131476542960848,0.5370316456412676,-0.8209521983565498,-0.1939961329340875,5015.518181978355,True,body,high
-0.0130619161470461,0.002626025892823,-0.0032339121395077,0.0009646152771289,0.0004077038508304,0.15268304851378,0.15268304851378,0.15268304851378,False,0.7458364137489347,3.889560775004209e-05,6.916647564911795e-05,3.612829948883268e-05,1.9144680659685471,0.4376523108194813,0.0400093865595811,0.5223383026209375,0.5480581254184356,-0.8168251119409895,-0.1800806143520739,3863.366505250268,True,body,high
-0.0129299248983325,0.0027881397498831,-0.0039573423295142,0.0009035641250512,0.0008266248718041,0.2341260972664089,0.2341260972664089,0.2341260972664089,False,0.2457795109165319,6.290398286899837e-05,3.1154700546209327e-05,4.208526783632901e-05,2.0190848175766547,0.3309602044758547,0.17376590148327,0.4952738940408752,-0.8547606185246552,-0.3763573621486566,-0.3574065206118286,3687.441177092935,False,body,high
-0.0108452153967462,0.002732318864015,-0.0046812361848873,0.001750250846792,0.00088250776842,0.3660621353252566,0.3660621353252566,0.3660621353252566,False,0.0855520785051538,0.0001124968787276,4.701537369245224e-05,0.0001160523066115,2.468390602840953,0.0306364258298199,0.5642413058998882,0.4051222682702918,0.2946486141484356,-0.7421440293263164,-0.6020003603949973,5293.229962673734,True,wing_L,high
-0.0125858841287977,0.0026119089641764,-0.0033470984261886,0.0004954907615538,0.0001236293274307,0.0866631578011983,0.0866631578011983,0.0866631578011983,False,0.0376120960385385,0.0001064563870757,0.0002322039113651,9.722409302847012e-05,2.3883371305625287,0.5415392167603226,0.0397594252096792,0.4187013580299982,0.2885056292830874,-0.9266979324681972,-0.2408224321593366,17212.799896620825,True,body,high
-0.0126211534613776,0.0026887781604444,-0.0034657312840534,0.0005136861252144,0.0002447496823658,0.1088396895193572,0.1088396895193572,0.1088396895193572,False,0.9378813509014844,0.0001094983839369,9.804982180510617e-05,4.539973517608056e-05,2.4118727457831146,0.1045546219060608,0.4808298052995675,0.4146155727943716,-0.2365333079348179,0.7012491172900526,0.6725337684736246,19068.34626170278,True,body,high
-0.0109128067854969,0.0027048447589073,-0.0044771328982274,0.0015703744152989,0.0008167387716563,0.3608480139112238,0.3608479886899839,0.3608480139112238,False,0.1294870137659672,7.227441435557364e-05,3.126795793283779e-05,6.688186672035584e-05,2.311452974025868,0.0746121249587397,0.4927595623577901,0.4326283126834701,0.2035460223583727,-0.7096988027016131,-0.6744602480695073,26019.57290348488,True,wing_L,high
-0.0122196818769412,0.0025402840633152,-0.003097211093478,0.0004936464876352,0.0003171774886298,0.1474038394869419,0.1474038394869419,0.1474038394869419,False,0.1456248509379212,6.291142205804751e-05,6.969738854338833e-05,3.5036523739114084e-05,1.9892780762829945,0.09736328185548,0.399941789807241,0.5026949283372789,0.2936268115837854,-0.8629228009571503,-0.4112754978203861,15042.059471073007,True,body,high
-0.0124859061468583,0.0024999870912447,-0.0033708569450596,0.0003754234537196,0.0001113384440625,0.1245456280998739,0.1245456280998739,0.1245456280998739,False,0.0433925415838908,5.1913336093700514e-05,7.09573204360087e-05,3.5872556404867524e-05,1.97803913485186,0.2683864642194682,0.2260623652396656,0.5055511705408662,0.6213720474012885,-0.7741016392558845,0.12109265382212,17240.3017337838,True,body,high
-0.01245082555032,0.0025175967262961,-0.0034017249537852,0.0003323034887949,8.546943572883182e-05,0.1350752266835557,0.1350752266835557,0.1350752266835557,False,0.4329550375727791,7.575817884778898e-05,5.344072714643883e-05,0.0001231798710372,2.304981193458192,0.3849792323222531,0.1811777485511189,0.4338430191266279,-0.0295309893582178,-0.9985651207053148,-0.0446723670550824,18293.337268260275,True,body,high
-0.0131400030224853,0.0027155598013446,-0.0036650261165013,0.0009995374113516,0.0007401958162582,0.0787011150559497,0.07870108142763,0.07870108142763,False,0.5364592609411555,8.739560275946841e-05,0.000201092234325,9.524459559596252e-05,2.300942243954152,0.5263636315165467,0.0390318047976183,0.4346045636858349,-0.347431169016104,0.1510734836879579,-0.9254557716727942,4668.171811646418,True,body,high
-0.0123923105115552,0.0026054110522408,-0.003270625947632,0.0004062309784862,6.88590586869413e-05,0.1369493329411801,0.1369492993128604,0.1369493665694998,False,0.2213566259253459,8.78287431130774e-05,7.798817267761815e-05,6.497446553490405e-05,1.3517424482067668,0.1120427104688239,0.1481713922053884,0.7397858973257876,0.26427661903116,-0.9643066117429644,0.0164507502036381,28429.85994465057,True,body,high
-0.0126920783790631,0.0026166728374527,-0.0033364553632947,0.0005915452768191,0.0001943900243474,0.0934491173211122,0.0934491173211122,0.0934491173211122,False,0.347675604486392,5.220715525042772e-05,4.8246533971161394e-05,0.0001119800421334,2.3209966170915526,0.5337816073670787,0.0353689925794637,0.4308494000534576,0.4412321570480745,-0.8473823940068543,-0.2953934019471587,23419.65670814777,True,body,high
-0.0124803303846372,0.0026496271724354,-0.0034124724898362,0.0003968503792161,0.0001140965632648,0.1239617059563715,0.1239617732130109,0.1239617732130109,False,0.156068200307217,9.247168497233992e-05,0.0002351565874426,8.028005632362117e-05,2.929203069996461,0.6067654919728926,0.0518447251735722,0.341389782853535,0.4532756051051341,-0.809931004140121,-0.3722270736380557,20558.49802946304,True,body,high
-0.0124497553075986,0.0026075867362051,-0.0034181101481722,0.0003514576743285,8.378511033543039e-05,0.1182455977998178,0.1182455977998178,0.1182456314281374,False,0.0684824603586816,6.635423684150192e-05,0.000160799161136,6.838974442256409e-05,2.423344292545589,0.5746884253662795,0.0126586952735386,0.4126528793601818,-0.5340816265391763,-0.0119990841701359,-0.8453477616770186,17662.086633353476,True,body,high
-0.0113774786891984,0.002803002702571,-0.0043914143374172,0.0011908655939841,0.0007273763844051,0.3915977494571014,0.3915977494571014,0.3915977494571014,False,0.2262038106921064,6.120468694678165e-05,6.369058900703756e-05,2.4236039289186253e-05,2.627928938679981,0.0390309164825155,0.5804412902118162,0.3805277933056682,-0.2249976956976197,0.6593642924600334,0.7173665497912771,19857.659286886825,False,wing_L,high
-0.0124534617322565,0.0024438767602592,-0.0033196207072991,0.0003800268901789,0.000145059614651,0.1216077908330771,0.1216077908330771,0.1216077908330771,False,0.8147726532840875,0.0001037357652469,6.641659725312988e-05,0.0001593584135342,2.39937636261113,0.3490411773920132,0.2341838574200551,0.4167749651879316,0.0802354346400781,-0.9784802231503478,0.1901018882908948,11411.902356534682,True,body,high
-0.0116184675148981,0.0029445937881309,-0.0046073018829838,0.0012668283335421,0.0009143420658435,0.3239040091307883,0.3239040091307883,0.3239039923166285,False,0.1677265342279923,7.665630947701914e-05,3.1798028218565704e-05,7.455577998164335e-05,2.410725248437333,0.0274019126371523,0.5577851589097963,0.4148129284530513,-0.1842807083661082,0.6747227761133876,0.7146955966829016,7986.47296647268,False,body,high
-0.0121506835323666,0.0025332389609415,-0.0032197298765883,0.0003713551209358,0.0002754926002628,0.1267542016253672,0.1267542016253672,0.1267542016253672,False,0.8993569756707158,3.672139344464143e-05,4.5669840107575296e-05,6.687644534101901e-05,1.82118484805968,0.3171012622651541,0.1338056563458718,0.5490930813889741,-0.8588326223475198,-0.1560730818618361,0.4879013423939634,22209.6342282926,True,body,high
-0.0119813470330817,0.0020321421346624,-0.0035766296970311,0.0004668824154562,0.0003764005601941,0.2462880144889762,0.2462879472323367,0.2462880144889762,False,0.4657280499675775,6.612896245349422e-05,6.025321038438709e-05,2.668406286405781e-05,2.4782194072315296,0.0888529299584778,0.5076315471294,0.4035155229121221,-0.3025865925217994,0.8335151202709357,0.4622703735972858,4762.895820983964,True,wing_R,high
-0.0118273401206518,0.0025110694296061,-0.0027746812007492,0.0008819321638062,0.0008208290906239,0.1545307901687491,0.1545307901687491,0.1545307901687491,False,0.3061586858011842,8.021867785485201e-05,3.7957397387439255e-05,7.999064264389177e-05,2.113387201868528,0.0028426697753963,0.5239832714833275,0.4731740587412761,0.334395707720994,-0.8390152891153009,-0.4292235493173034,7892.542622395086,True,body,high
-0.0122300294746645,0.0021019102820004,-0.0037821396004815,0.0004095082832098,0.0003431132015015,0.2951335355982786,0.2951335355982786,0.295133485155799,False,0.1515114070188402,5.466276947980901e-05,4.3015468211138216e-05,4.0985565063810096e-05,1.3337078406679277,0.2130755792198381,0.0371350220020943,0.7497893987780675,-0.3002891766954932,0.4384001333840598,0.8471314735083224,10148.559133302071,True,body,high
-0.0123137168645495,0.0025573903208899,-0.0031913885007414,0.0004255251346062,0.0001833415072615,0.094498018241291,0.094498018241291,0.0944980518696107,False,0.9535375859812892,9.997471858417522e-05,0.0002620222132814,0.0001128026814563,2.620884729581099,0.5694919142781769,0.0489575395595613,0.3815505461622617,-0.4693165634098786,0.12052334278874,-0.87476630430771,17444.75992068565,True,body,high
-0.0127390399306491,0.0027195526747883,-0.0035684031751333,0.0006198083178562,0.0004013472748447,0.2011911935055584,0.2011911935055584,0.2011911935055584,False,0.5856644847016647,6.852959175652428e-05,5.024722314723234e-05,0.0001412514713678,2.81112989973522,0.5148398024254424,0.1294313498631125,0.3557288477114451,0.1744515877063343,-0.9709878373897284,-0.1635520198223122,12364.013200001184,True,body,high
-0.0122229467682985,0.002579561488866,-0.003196221951294,0.0004074791929456,0.0002408589798872,0.1430752358017606,0.1430752358017606,0.1430752358017606,False,0.8485145517613906,6.018871516922454e-05,9.95988684073786e-05,5.409681971374924e-05,1.84112243444996,0.3956887650265153,0.0611643039011073,0.5431469310723773,0.648824367911486,-0.7609355337984685,0.0020132081612789,19813.423677892704,True,body,high
-0.0127535430425791,0.0026266130107653,-0.0033806531711473,0.0006327797018676,0.0002673907895335,0.0893014339959886,0.0893014339959886,0.0893014339959886,False,0.2081931170851875,6.58092390250376e-05,0.0001543242082563,6.862592718961857e-05,2.345023442645807,0.5553132722015761,0.0182517584013864,0.4264349693970374,-0.5101303880065884,0.0410474152043822,-0.859117044957954,21102.01193023689,True,body,high
-0.0121709657570527,0.0025544178639904,-0.0030517402346017,0.0005392454263665,0.0003813955923049,0.1592542575840045,0.1592542575840045,0.1592542575840045,False,0.0460111666873958,4.593016198347389e-05,5.944348788716399e-05,3.42157004643967e-05,1.7373161174653775,0.2273306359367939,0.197068878954641,0.575600485108565,0.5560870472272637,-0.8266765866528306,-0.0858662738570157,14160.265878899512,True,body,high
-0.0123407995421081,0.0025813222661461,-0.0033329775017746,0.0003226343460617,6.257827508900568e-05,0.1030090433058598,0.1030090433058598,0.1030090433058598,False,0.1422259757983672,7.402554758310634e-05,0.0001792118960473,8.050492416357779e-05,2.420946577209655,0.5507835922773305,0.0361548352725313,0.4130615724501382,-0.4955418757441814,0.0999374481909503,-0.8628155978150944,18844.73594042379,True,body,high
-0.0126793013988811,0.0026549344856502,-0.0034104902226381,0.0005656321424165,0.0002345750058344,0.0749274459026779,0.0749274795309976,0.0749274459026779,False,0.4746140372496034,4.1442873375923856e-05,4.435646866807426e-05,0.0001033288742437,2.493284510137396,0.5707253273327336,0.0281973002558468,0.4010773724114195,-0.3595670812176588,0.0917944981209786,-0.9285931747645636,20271.485698909244,True,body,high
-0.0123568470020017,0.0025913837232829,-0.0032126771495519,0.0004318806802108,0.0001345697614391,0.3908667286360929,0.3908667286360929,0.3908667286360929,False,0.1773286703882506,2.0576825029926746e-05,4.189697255176373e-05,3.0449550391208737e-05,2.036124255847497,0.2732279079690471,0.2356429297864955,0.4911291622444573,0.5449138565059878,-0.8098269469192954,-0.2173688225830573,16773.30066407061,True,body,high
-0.0125948562301532,0.0025835646760407,-0.0034663969345643,0.000450636182578,0.0002138141601766,0.1293594884385188,0.1293594884385188,0.1293594884385188,False,0.5561519402415157,0.0001182280898115,7.355525303509343e-05,0.0001692547015829,2.301055255729734,0.3014782531544202,0.2639385279028996,0.4345832189426802,0.1465033734745588,-0.9831133921138204,0.1096577393850156,17002.95018384675,True,body,high
-0.0124952682807282,0.0024218472739206,-0.0036609580435966,0.0003281913535668,0.0002944783551832,0.3566826589040908,0.3566826589040908,0.3566826589040908,False,0.485499353492236,3.9060168883683394e-05,8.095361741899815e-05,3.7616279733917576e-05,2.1520899459391374,0.5174994011507041,0.0178360053052671,0.4646645935440286,-0.4701768403878029,0.7245346522227799,0.5039675351561429,5944.921779032185,True,body,high
-0.0121820092998134,0.0025241884542853,-0.0031297836783361,0.0004571934386828,0.0003204271966689,0.1765072333846137,0.1765072333846137,0.1765072333846137,False,0.1787066553511138,8.855702398065596e-05,8.343674238700204e-05,8.55952742350609e-05,1.0613672280001618,0.0334445492007727,0.0243744849480302,0.9421809658511968,0.669437468703626,0.4101289396159165,0.6193930322381787,18325.8048438976,True,body,high
-0.0121834008727788,0.0025203859870287,-0.0029000427918639,0.0006848188414339,0.0004904577067657,0.1202352845922969,0.1202353182206166,0.1202353182206166,False,0.3593221560785639,0.0001122766767003,0.0002235658338615,8.699877480735674e-05,2.5697584173641554,0.4977914345808696,0.1130669273402806,0.3891416380788497,0.3762630277874092,-0.8761863831300465,-0.3012035124923657,7073.191709415183,True,body,high
-0.0122586680035861,0.0025669259517765,-0.0032217038669869,0.000385368450095,0.0001974868316054,0.129466561008486,0.129466561008486,0.129466561008486,False,0.7749934339418223,7.879091809841707e-05,8.141001308364275e-05,5.064976938962321e-05,1.6073126109893303,0.0321716566061076,0.3456718362135738,0.6221565071803186,0.6556037764235714,-0.7545819742079618,-0.0281021803347405,20733.27571419805,True,body,high
-0.012142568181897,0.0025162669767226,-0.0031409649668627,0.0004464273650286,0.0003395262178835,0.1426788587972994,0.1426788587972994,0.1426788587972994,False,0.89838180520683,7.81441447274051e-05,3.499725156850889e-05,3.859034345977528e-05,2.232865188697289,0.5061646193148279,0.0459803086181362,0.4478550720670358,-0.8371082792292613,-0.4935721093781517,-0.2358734866190483,15223.128074392322,True,body,high
-0.0121752026288582,0.002573203065794,-0.0031108918149147,0.0004854005004967,0.0003348159108579,0.1878387328801797,0.1878387328801797,0.1878387328801797,False,0.0214939760198685,5.793632612977208e-05,0.0001154239348931,6.880351736307022e-05,1.9922549910160148,0.4039059799273785,0.0941502405316212,0.5019437795410002,0.8405105783780762,-0.4297873602181609,-0.3298860297606686,16841.108232565053,True,body,high
-0.0119983727359233,0.002590246463798,-0.0032743002338416,0.0003810411632396,0.0003573076331989,0.1014983919276972,0.1014983919276972,0.1014983582993775,False,0.9782556124859778,8.41324557280825e-05,8.728831780282477e-05,3.657955590439138e-05,2.386259637240314,0.0361544609196277,0.5447796568964495,0.4190658821839228,-0.1912320104052077,0.7746968964095506,0.6027230183838945,12221.297074089063,True,body,high
-0.0122758305207034,0.0026010718559323,-0.0032501135686377,0.0003750896256479,0.0001677628876849,0.1292915928610175,0.1292915928610175,0.1292915928610175,False,0.3421699485799411,8.422983705207235e-05,0.0001884032869962,7.953120560768643e-05,2.3689228090620453,0.5529279855199759,0.0249392222359655,0.4221327922440586,0.3000760527917345,-0.9193997803494716,-0.2542801731049346,19639.49676139009,True,body,high
-0.0121154430049083,0.0026002521881231,-0.0032707061809955,0.000348907123436,0.0002743122595339,0.1235727944388867,0.1235727944388867,0.1235727944388867,False,0.4596013504299404,8.011844575833487e-05,0.0001939619220996,6.820034292975743e-05,2.844002152591285,0.5869372457695331,0.0614455801404756,0.3516171740899912,0.283135441101949,-0.9157762887570978,-0.2849352750051876,14614.014367282429,True,body,high
-0.0126955183219819,0.00261440361479,-0.003354756497406,0.0005866006207036,0.0002091803776645,0.0822968567696183,0.0822968231412986,0.0822968567696183,False,0.5159845978657926,6.232684426615822e-05,0.0001480198246063,6.106248957192368e-05,2.4240712365975643,0.5789290763455676,0.0085417929496748,0.4125291307047576,0.3877130241381427,-0.8631776397855053,-0.3234238288808986,24258.14377318322,True,body,high
-0.0128055659554459,0.0027429343354671,-0.0037744396280829,0.0007162544801623,0.0006020795175593,0.2958445559761376,0.295844505533658,0.295844505533658,False,0.413702014580847,5.886339643839141e-05,9.119654304956851e-05,0.0001149577677194,1.9529584542361689,0.2066952511450939,0.2812610861590117,0.5120436626958943,-0.1636715502664421,0.5676945433074134,0.8068051370265109,5646.973076375588,True,body,high
-0.0123564151396723,0.002503812641887,-0.0032834413505388,0.0003506803904587,0.0001120781116719,0.1289984547980763,0.1289984547980763,0.1289984547980763,False,0.3316426362763888,0.0001119559096314,7.817813509075202e-05,0.0001804183747758,2.3077856048423984,0.3794650363605642,0.1872191487293712,0.4333158149100645,0.184450505882243,-0.9787874159492383,0.0891807448903433,17575.38897018768,True,body,high
-0.0123364452173789,0.0026825600069128,-0.003447975001923,0.0003073636785141,0.0001409120695928,0.1654954046962427,0.1654954046962427,0.1654954046962427,False,0.4115554931082199,2.441338609550297e-05,5.454242860293709e-05,7.001750309855739e-05,2.867996386271664,0.2210172287040487,0.4303072970914738,0.3486754742044775,-0.8445853390616695,0.3143027655896775,-0.4334620820611248,10292.665563854704,True,body,high
-0.012077230878689,0.0019927345266705,-0.0042765521152066,0.0008408286470352,0.0004795883523588,0.815285741561026,0.8152856743043866,0.8152856743043866,False,0.4602599084162211,1.8500475332590223e-05,1.8347770012727665e-05,4.133870330834705e-05,2.253064175083446,0.55246599791497,0.0036940036247273,0.4438399984603027,-0.2940589587760769,0.949395390233414,-0.1103527152682399,4628.994679918102,True,wing_R,high
-0.0124993409767902,0.0026404702154137,-0.0035098574564582,0.0003773137740884,0.0001918779028217,0.1805380246704137,0.1805380246704137,0.1805380246704137,False,0.2592090862770661,4.017524245538425e-05,3.65429450056392e-05,6.420358952390515e-05,1.75693528570282,0.3742523937789233,0.0565746787162518,0.5691729275048248,0.4319446603397254,0.0319694945044004,0.9013333244838628,15255.339017182232,True,body,high
-0.0123278347870874,0.0019899530941681,-0.0031739912574399,0.0006364778005739,0.000602712147727,0.2425122435657222,0.2425122435657222,0.2425121763090828,False,0.2211980874646731,7.041251236656647e-05,6.237387865715839e-05,3.1233326925846675e-05,2.254403206348717,0.1141648471163629,0.4422587787976443,0.4435763740859927,-0.2289942837033634,0.7839976020150127,0.5769829963403544,2735.477411900909,False,wing_R,high
-0.012209292224699,0.0020990440910964,-0.0037728462428021,0.0004054471070908,0.000332447772091,0.2483931641171911,0.2483931641171911,0.2483931641171911,False,0.3013299822460758,7.885353531585672e-05,3.1070582385174265e-05,8.515008309099114e-05,2.740537078945183,0.0739464665983467,0.5611615537664446,0.3648919796352086,0.2971887390419487,-0.8147474712146958,-0.4978608355112049,10030.013589664371,True,body,high
-0.0122123799152924,0.0025485884152925,-0.0031423609781495,0.0004504497133699,0.000287879137972,0.0984537174891712,0.0984537511174908,0.0984537511174908,False,0.9244871435344536,0.0001193823395791,0.000263349196944,0.000100187417116,2.6285655876225245,0.5466766522756803,0.072887719749567,0.3804356279747527,0.3439676128935782,-0.877607466427827,-0.3339033035931571,19884.297793115868,True,body,high
-0.0133206753901517,0.0026860248048074,-0.0037142063814278,0.001172708706996,0.000903170639463,0.1136396613619605,0.1136396613619605,0.1136396613619605,False,0.4392553556851717,7.054499067843854e-05,8.429532968397288e-05,7.911265014903534e-05,1.194915880961864,0.0614824042371937,0.1016386020757894,0.8368789936870169,-0.7698574343782736,-0.1441965818376725,-0.6217128569676145,8344.679292219615,True,body,high
-0.0120798337692368,0.0023323373452843,-0.003359361151617,0.0002726151260366,0.0002698441612176,0.1480944306605751,0.1480944979172145,0.1480944979172145,False,0.0335952487329963,5.18746844173929e-05,8.256209421196886e-05,3.762718691360728e-05,2.1942138380297456,0.3716888493136995,0.1725670556176394,0.455744095068661,0.8028097192398111,-0.5897062927015269,0.0879945625724467,3999.84662732882,True,body,high
-0.012396129107219,0.0025735392887777,-0.0032653000233936,0.0004018216979006,7.290046944441301e-05,0.0938948606989126,0.0938948606989126,0.0938948606989126,False,0.057299086204704,0.0001077201984175,0.0002522812587969,9.896530077422988e-05,2.549189027096165,0.5730154553244723,0.0347029251601947,0.392281619515333,0.3493691497046711,-0.8910519198922767,-0.2897717606857566,30780.29851949718,True,body,high
-0.0119386328809777,0.0025407431467824,-0.0031844401965574,0.0004719185610119,0.0004521984545676,0.1292018388757027,0.1292018388757027,0.1292018388757027,False,0.5734420659323388,8.674890134562976e-05,9.616533404352275e-05,3.777813023988892e-05,2.545529210495028,0.0979192012542823,0.5092351791091114,0.3928456196366062,-0.2698901488183865,0.7548968349822481,0.5977374641969277,8932.092489653875,True,body,high
-0.0123671286622263,0.0025598358748878,-0.00328142467123,0.000369707607937,8.210097770194938e-05,0.1153962702705065,0.1153962702705065,0.1153962702705065,False,0.1598859471491193,9.260626931841718e-05,0.0002084469926137,9.244761281733573e-05,2.254757978722872,0.5557322839864306,0.0007611359563984,0.443506580057171,0.301278534761952,-0.9115079849134418,-0.2799722092114303,30267.9601198414,True,body,high
-0.0126483645633927,0.0026608678433979,-0.0033454658020904,0.0005646386389234,0.0001667621760982,0.1149039852982229,0.1149039852982229,0.1149039852982229,False,0.432150240861391,7.564259705155977e-05,4.7359678885278e-05,0.0001154869710919,2.43850832206282,0.3450118542695313,0.2449013763098645,0.4100867694206042,0.2224035974567513,-0.9732964071234996,0.056839631585555,17166.276797032293,True,body,high
-0.0120911548839551,0.0026210381738266,-0.0032454581920708,0.0003849580040468,0.0003133332383115,0.1332880496323902,0.13328808326071,0.13328808326071,False,0.2613947194489653,8.101579000666649e-05,0.0001575899519204,6.81065534379049e-05,2.313873540291948,0.4859076418300851,0.0819166222937757,0.4321757358761391,0.415878238348,-0.8493230271806642,-0.3251087300723196,13728.520861223524,True,body,high
-0.0127190211832859,0.0026534321408039,-0.0035996789735472,0.0005759282768718,0.0003993059109073,0.130801201761269,0.130801201761269,0.130801201761269,False,0.1420396330668002,0.0001148953490931,6.326314410930162e-05,0.0001345004134114,2.126046931513152,0.1457621119593529,0.3838813850032097,0.4703565030374373,0.1882656486812434,-0.975902227771726,0.110321744714329,11630.443617042549,True,body,high
-0.0123548557726038,0.0026527419344738,-0.0032592303532782,0.0004172329201384,0.0001190981508917,0.1332726478619615,0.1332726478619615,0.1332726478619615,False,0.104981682685062,2.3552128948413963e-05,5.194681457280879e-05,5.3301722693863314e-05,2.263138199124574,0.0254195934498476,0.5327160960158599,0.4418643105342924,-0.900458756460182,0.2557616270534193,-0.3517954207222857,14696.122246294568,True,body,high
-0.0128558933198702,0.0024605845383175,-0.003796949877754,0.000710735938643,0.0006411916954431,0.2258607775198255,0.2258607775198255,0.2258607775198255,False,0.2030399814681431,4.4064915335516086e-05,3.801361982491095e-05,5.889725648847743e-05,1.5493724817514245,0.2518341606601509,0.102743249370011,0.645422589969838,0.4865765168715463,0.0293398654753617,0.8731451571892508,4366.86492110679,True,body,high
-0.0120657625732872,0.0019910097535367,-0.0041137338077676,0.0007150537294754,0.0004026239913687,0.5221594569388245,0.5221594569388245,0.5221594569388245,False,0.1658955352923954,3.811849803563026e-05,9.790293799281754e-05,4.548584700667659e-05,2.5683839353089244,0.5353985494284802,0.0752515616189866,0.3893498889525332,-0.4089346480083209,-0.6593467167925007,0.630899643931791,7276.582737303064,True,wing_R,high
-0.0121806154349355,0.0025379407514439,-0.0030413567728356,0.0005466737838576,0.0003844513669207,0.1182909287747913,0.1182908951464716,0.1182909287747913,False,0.971382471766332,0.0001311030959298,0.0001064076663612,9.55111975712784e-05,1.3726463416188373,0.1883664866448317,0.0831137412333521,0.7285197721218162,0.2784795207397764,-0.946858514236127,0.1609599656656849,13225.248920842088,True,body,high
-0.0123053003284176,0.0030726198517278,-0.0033948683085843,0.0006573185692642,0.0005010405058993,0.1364196532773753,0.1364196532773753,0.1364196532773753,False,0.4862128279399137,3.911854703002928e-05,6.071715380328036e-05,2.110094128991257e-05,2.8774618614908216,0.3557249544869834,0.2967465470877075,0.3475284984253091,-0.2083713377087759,0.8150256463503729,0.5406612446001768,3315.6638416717688,True,body,high
-0.0125611842081085,0.0027059480792806,-0.0032143704163629,0.0005866861903339,4.872789977284703e-05,0.2282429740599988,0.2282429740599988,0.2282429740599988,False,0.0861417730037804,7.895369085528914e-05,5.013550344968874e-05,0.0001166414316551,2.326523593648975,0.3231076665048005,0.2470664754081228,0.4298258580870767,0.379037454958727,-0.7691828127298166,-0.5144787734585936,7834.629396382426,True,body,high
-0.0127823275095586,0.0026385490703473,-0.0034871155929538,0.0006380357775067,0.000360863428523,0.1311052690281171,0.1311052690281171,0.1311052690281171,False,0.8513727024561711,6.808038302454486e-05,9.749688673358518e-05,5.110727591037632e-05,1.90769093043737,0.3017173644674654,0.1740887087046005,0.524193926827934,0.6227992370357293,-0.782313378965487,-0.0103386381751062,11635.653944062133,True,body,high
-0.0128076777201869,0.0025073403625974,-0.0029217921341379,0.0009132670814928,0.0002738408000966,0.1653540984968072,0.1653540984968072,0.1653540984968072,False,0.5813723244781144,6.24399412635763e-05,3.9482097605284544e-05,2.7820828692002448e-05,2.24435950326403,0.3676788157339919,0.1867597675029297,0.4455614167630783,-0.4699954825169403,0.2661747537234241,0.8415790199939296,3044.082007644912,False,body,high
-0.0111218555254905,0.0027015534990641,-0.004234536790825,0.0012662393923215,0.0007171261745443,0.4076103614992439,0.4076103867204837,0.4076103614992439,False,0.2187898526343974,9.719535403952124e-05,3.970961031179879e-05,0.0001165564212455,2.9352194677890235,0.1661089710810982,0.4932010018275859,0.3406900270913158,0.1836021796039616,-0.7589812319824976,-0.624690106487213,5767.070418187263,True,wing_L,high
-0.0124148526584369,0.0026064832891509,-0.0032696647072342,0.0004196325065022,5.3122123725794974e-05,0.1251296847566552,0.1251296511283355,0.1251296511283355,False,0.2018585254315004,9.362338838736472e-05,0.0001585213321791,6.879629996543176e-05,2.3042130501031983,0.4093956497820065,0.1566167031316213,0.4339876470863721,0.2359430541008799,-0.9253462494913536,-0.2967578032231577,26920.037922444302,True,body,high
-0.0123706050254898,0.002562829505997,-0.0033144025185009,0.0003462968583538,5.454076539130307e-05,0.1050744274460137,0.1050744274460137,0.1050744274460137,False,0.0970970415809573,0.0001087845686519,0.000257022500586,0.000118630222423,2.36267426318946,0.5384442134344907,0.0383065830760433,0.423249203489466,-0.3732125735679368,0.0866675162918735,-0.923688863498199,25262.022500890464,True,body,high
-0.0125458058751928,0.0026248614302514,-0.0033079502630291,0.0004884622441179,6.686429238049831e-05,0.1050303743471893,0.1050303743471893,0.1050303743471893,False,0.9803640202979071,9.97612823584084e-05,8.896723794804007e-05,4.243456498820873e-05,2.350943915323016,0.1081987335686903,0.4664402046542992,0.4253610617770104,-0.4020324464546077,0.6987969416053584,0.591652555475526,21623.85972637971,True,body,high
-0.0127548622615496,0.0025676164833142,-0.0033815139710602,0.0006203636109542,0.000281175208366,0.1003770219785362,0.1003770219785362,0.1003770219785362,False,0.891845339033379,7.142224228243426e-05,5.754025574657507e-05,0.0001596322053113,2.774270000022069,0.5525824996081213,0.0869623175899,0.3604551828019786,0.1108735219027682,-0.9699328856434624,-0.2166500853639859,14813.110289327198,True,body,high
-0.0124310148667683,0.0025272651518791,-0.003367221719756,0.0003390292685204,5.63271509593999e-05,0.1143646543066603,0.1143646543066603,0.1143646543066603,False,0.1273294010230756,4.740965851357661e-05,4.208659233325883e-05,0.0001107057844287,2.6304287967099294,0.5717508460990135,0.0480829995269263,0.38016615437406,0.3916479715302733,-0.8722076067797873,-0.2930285942902144,16672.24166868213,True,body,high
-0.0124923097365696,0.0025959619520796,-0.0032648238397839,0.0004676251634597,2.586474112846708e-05,0.1188254172883152,0.1188254172883152,0.1188254172883152,False,0.2520297628889588,9.510844451512756e-05,5.567836336138813e-05,0.0001324034973062,2.378006272326883,0.281677248334896,0.2978024142559438,0.4205203374091601,0.3264099776009487,-0.9440981646823174,0.0462080292376582,25611.61641863648,True,body,high
-0.0126444954914223,0.0026622646498662,-0.0034342309502378,0.0005307588700498,0.0002295236888797,0.0832870762718973,0.0832870426435776,0.0832870426435776,False,0.0583414263719493,8.87819582915093e-05,0.0002122975117086,9.489186720054066e-05,2.391223575082427,0.5530241196101688,0.0287799365138892,0.4181959438759419,-0.3976284732985122,0.0450203350452488,-0.9164413601833497,21085.74608155429,True,body,high
-0.012676573321495,0.0026017404569281,-0.0033164207295666,0.0005829881110563,0.0001738653757781,0.0843474108207786,0.0843474444490983,0.0843474444490983,False,0.0720695904213334,8.908040927839189e-05,0.000205823602845,7.330182589148792e-05,2.807891895485711,0.567200223652338,0.0766607093103182,0.3561390670373438,0.3468987814543818,-0.8866042448499089,-0.3059316074543268,19442.83830073213,True,body,high
-0.0123521979152133,0.0025421762545843,-0.0033125696185916,0.0003319008665064,7.314098982819052e-05,0.1644302276693226,0.1644302276693226,0.1644301604126832,False,0.8770404547084852,3.219925102125367e-05,5.5999846731229663e-05,6.696055805542995e-05,2.0795688077102,0.1636890677513023,0.355442015436518,0.4808689168121797,-0.7648390019291273,0.3146717253539826,-0.5621414469604635,25272.680749410178,True,body,high
-0.0122491953917868,0.0021029972007045,-0.0038024441068628,0.000421688308957,0.0003573033966907,0.264552126606726,0.264552126606726,0.264552126606726,False,0.4644314708461871,6.524450867293514e-05,6.636689411484729e-05,2.6515850236572976e-05,2.502914050378376,0.0169118271524032,0.583553878072742,0.3995342947748548,-0.3937334847534242,0.6729701382520229,0.6261670192568259,9225.017428228084,True,body,high
-0.012291452244248,0.0024300158638307,-0.0033357079973459,0.0002718867078705,0.0001470413149107,0.1747324651834225,0.1747324651834225,0.1747324651834225,False,0.114490076153104,0.0001320783105778,0.0001767893651205,8.03621717131859e-05,2.199907759480267,0.2529057927903844,0.2925296939064523,0.4545645133031633,0.2969388907662514,-0.901697533874524,-0.3142751223929592,8733.391709743748,True,body,high
-0.0124457441585347,0.0025805325940749,-0.0034799698097444,0.0003121488637444,0.0001200714979967,0.2856819096171678,0.2856819432454875,0.2856819432454875,False,0.7688783303423801,7.634813443909306e-05,3.255700206420945e-05,8.634652769953654e-05,2.6521645798112035,0.1157938081220276,0.507155684676347,0.3770505072016253,0.3775598429453392,-0.5824874079765656,-0.7198312194840066,14366.599070749116,True,body,high
-0.0122569197026784,0.0027604797619875,-0.0036553011746264,0.0003235506078804,0.0003040069666997,0.1289198654149063,0.1289198654149063,0.1289198654149063,False,0.4025911182050285,0.0001225275122689,0.0002400704750256,0.0001065080757037,2.254011946413461,0.4896185703140054,0.0667280579320514,0.443653371753943,0.3376725712135826,-0.8654109952606011,-0.3701905508411367,6076.44809518636,True,body,high
-0.0123109613332407,0.0025673390608113,-0.0032087731702298,0.0004113323255297,0.0001708470600444,0.1465229120237313,0.1465229120237313,0.146522945652051,False,0.1456531226471726,6.927467238231886e-05,9.839927314469812e-05,4.730239826792367e-05,2.080217425496243,0.2959839014212121,0.2232971180801765,0.4807189804986113,0.6522149975168038,-0.744429412722406,0.1429700894870298,18676.359649531834,True,body,high
-0.0121045593353515,0.002523723784149,-0.0032143631540611,0.000380951296325,0.0003118861109484,0.2112782097734928,0.2112782097734928,0.2112782097734928,False,0.7119336938112638,8.22837554939893e-05,3.81423528237105e-05,3.766233383450673e-05,2.184775798960176,0.5364534275966932,0.0058337029748093,0.4577128694284973,-0.4730224203885054,0.2637713457112184,0.8406393203934092,16018.494043615214,True,body,high
-0.0125794319750899,0.0026060361016196,-0.0033020149600303,0.0005115478447512,9.115017928545425e-05,0.1076489779749473,0.1076489779749473,0.1076489779749473,False,0.9552180571308148,6.083748239287027e-05,7.03097798078179e-05,0.0001207666018195,1.985069024382868,0.4178044364211745,0.0784347433167254,0.5037608202621,0.2507126080552611,-0.9416043576678406,-0.2247763817287361,19800.901107034988,True,body,high
-0.0126159951130537,0.0027661003350789,-0.003554204221968,0.0005373239839705,0.0003390001387846,0.0815895186927679,0.0815895186927679,0.0815894850644482,False,0.4857650656078063,0.0001313510764232,0.0003196394391493,0.0001358509653306,2.433474074618624,0.5749868486434834,0.0140780152767452,0.4109351360797714,-0.3712508310333049,0.1347581237921722,-0.9187018387535176,13091.110228696782,True,body,high
-0.0126993893127699,0.0026295874712297,-0.0034082487726718,0.0005759833901204,0.0002466425102094,0.1130308206335505,0.1130308206335505,0.1130308206335505,False,0.2030608731452972,7.439377274716712e-05,0.0002088216515062,7.844034162513626e-05,2.8069775707702016,0.6243668170454073,0.0193781097351754,0.3562550732194172,-0.4566357719926914,0.0823276344381419,-0.8858362898100637,21611.428650328107,True,body,high
-0.0122293164360511,0.0025583861677303,-0.0031886593582153,0.0004095362189167,0.000241959207598,0.1100119391162445,0.1100119391162445,0.1100119391162445,False,0.9423250123830716,9.848104248953218e-05,0.0001589361008136,7.03284899809668e-05,2.2599106117124435,0.3803733576868785,0.1771312644794594,0.442495377833662,0.0782883864716901,-0.9627212520948524,-0.2589183641779384,20375.902236682294,True,body,high
-0.012513556715273,0.0026409506743054,-0.003432702917733,0.0004109895605241,0.0001422935632324,0.1053849513502467,0.1053849513502467,0.1053849849785664,False,0.0931639028334752,6.872075959607344e-05,0.0002012945643629,7.471571732815065e-05,2.9291667546470155,0.6288239696654311,0.0297820149841158,0.341394015350453,-0.3646654528794342,0.0606637930250374,-0.9291603799624976,21051.417172382862,True,body,high
-0.0123509903199124,0.0020564104344923,-0.0035285794523377,0.0004378150793247,0.0004377359615864,0.106929432818041,0.106929432818041,0.106929432818041,False,0.3940060244034771,7.190687233237766e-05,0.0001531791142922,6.040792383009432e-05,2.5357453886857555,0.5305699953637903,0.0750686446740064,0.3943613599622031,0.4657654223900211,-0.8547998540804187,-0.2288662945257333,4986.137690375796,True,wing_R,high
-0.013262634832657,0.002470965518947,-0.0033644513502045,0.0011057660338305,0.0006881470550455,0.1991022359132854,0.1991022359132854,0.1991022359132854,False,0.1149125921370819,3.484578632499277e-05,1.819972672037434e-05,1.958883309717836e-05,1.914632393132772,0.4378421277545265,0.0398644003567137,0.5222934718887597,0.2486361419480694,0.9301168262216996,0.2703012365795835,3559.637295003972,True,body,high
-0.0123058113906426,0.0025532665004447,-0.0031308197663623,0.0004786724339275,0.0002342042086691,0.1080705762191934,0.1080705762191934,0.1080705762191934,False,0.9830491298177656,5.545494731590387e-05,3.739533941506439e-05,8.109231617796993e-05,2.1685139765118056,0.3161504082063804,0.2227043048222326,0.4611452869713869,-0.9672060026436452,-0.1298458405468809,-0.2182947689313113,12020.971388959246,True,body,high
-0.0119787253922926,0.0028420397598584,-0.0037612244259683,0.0004708536854467,0.0004567449490538,0.8313114518336968,0.8313114518336968,0.8313114518336968,False,0.6507973110095697,8.199853476709628e-05,3.3490418045967465e-05,3.036281863669832e-05,2.7006232770493823,0.5915729696744992,0.0381421377607854,0.3702848925647153,-0.7956316648414021,0.3230163026333304,0.5124750941604787,5826.068523048652,True,body,high
-0.0125311849777256,0.0025816448377192,-0.0033340157317469,0.0004490972319417,8.129095380994944e-05,0.0921111473646776,0.0921111473646776,0.0921111473646776,False,0.565198372184815,0.000119344262202,6.02677500089978e-05,0.0001508078158309,2.502297096016083,0.2086334415463639,0.3917337564206145,0.3996328020330215,0.0058950921920775,-0.9997758505067358,0.020334616583053,19438.026654110785,True,body,high
-0.0125230137625796,0.0026032203416355,-0.0032901188159107,0.0004749581702387,4.32154379114736e-05,0.0878370215574319,0.0878370215574319,0.0878370215574319,False,0.9926953482127712,4.705148162111372e-05,8.490576226469082e-05,6.724796189728395e-05,1.8045289827088145,0.2079693992070794,0.2378693711412471,0.5541612296516735,-0.819657097055994,0.1988561564708987,-0.5372322330979052,26212.97916139943,True,body,high
-0.0121651428540177,0.0025618135100095,-0.0032328534869309,0.0003650325269253,0.0002562659913136,0.1528518963070607,0.1528518963070607,0.1528518963070607,False,0.9507005837030648,3.55540740084539e-05,1.4396688286162942e-05,1.4769514934729068e-05,2.469600876378348,0.5845900829475341,0.01048618643471,0.4049237306177559,-0.9130841217540068,-0.0989329416471094,0.3955877395190145,21906.7037564732,True,body,high
-0.0114997140895634,0.0012527180581353,-0.0046673138998885,0.0017565545362874,0.000741753971712,0.5607619852262821,0.5607619852262821,0.5607619852262821,False,0.2215900623612084,3.923560262172378e-05,8.715763841194137e-05,3.292921509525848e-05,2.6468179748533185,0.5498317377958217,0.0723561083270616,0.3778121538771166,-0.5973825223689764,0.71702728582633,0.3591740432556422,8351.98653993198,True,wing_R,high
-0.0130519455157261,0.0026019222186699,-0.0033200145628156,0.0009234893601773,0.0004577357977938,0.1049543743446371,0.1049543743446371,0.1049543743446371,False,0.7041557553090458,5.680462956951329e-05,2.330201490892972e-05,4.522674944240826e-05,2.437756125018391,0.2038193051314044,0.3859673885673117,0.4102133063012838,0.975943035648268,-0.0032186856079432,0.2180019064884545,4495.256813994193,True,body,high
-0.0126445806376008,0.0025542131067459,-0.003467775603222,0.0004898607521688,0.0002550121257646,0.1324466354448428,0.1324466690731625,0.1324466690731625,False,0.5308223875208086,0.0001346275244661,0.0002357718710472,9.242019759487364e-05,2.55108598751103,0.4289924244644741,0.1790176524613722,0.3919899230741536,0.2577436722910481,-0.907156915811432,-0.3326176926884896,12177.19893887989,True,body,high
-0.0126636352321168,0.0027306397622558,-0.0033869849415395,0.0005908093793652,0.0002241159187942,0.0898690464044301,0.0898690464044301,0.0898690464044301,False,0.5612925431100438,5.030034599967642e-05,6.006296756289516e-05,8.429179258538451e-05,1.6757696375672395,0.2874399070104772,0.1158193611000685,0.5967407318894542,0.5199368798547892,-0.7902172138346237,-0.3243800177666793,12411.474165412816,True,body,high
-0.0117756755407606,0.002507552979276,-0.0026471776515708,0.0010190423414889,0.0009488383418484,0.1700924296293759,0.1700924296293759,0.1700924296293759,False,0.686094620945954,7.866688310534799e-05,7.699061515000848e-05,3.1679738830633066e-05,2.4831922865879243,0.021308432330981,0.5759841311965627,0.4027074364724562,-0.301956077527746,0.7812246892386397,0.5463611554347992,5973.0392380202975,True,body,high
-0.0126707290416626,0.0026276563413786,-0.0034149818784306,0.0005475058397824,0.000230909391729,0.0993386803507474,0.0993387139790671,0.0993387139790671,False,0.1476081060987171,9.112664452260131e-05,0.0002561896015609,9.055374925232332e-05,2.8291440572729267,0.6442999873244034,0.0022362159384584,0.3534637967371381,0.2759669487700042,-0.9319981677459928,-0.2349928903279552,20981.67253188852,True,body,high
-0.0125276064567083,0.0026698668064053,-0.0037163433333434,0.0004312762632121,0.000372653505039,0.0725524121946036,0.0725524121946036,0.0725524121946036,False,0.2627357642575326,8.40002522548365e-05,0.0002215948216244,9.69460990616932e-05,2.638025668687439,0.562507380131919,0.0584212515073801,0.3790713683607007,-0.3865817382050767,0.1065218164556132,-0.916082781360581,6681.162232350377,True,body,high
-0.0122291602689674,0.0021091523925749,-0.0037296061562357,0.0003797986222531,0.0003307165493133,0.2733496481410926,0.2733496481410926,0.2733496145127729,False,0.1930118543577488,4.9979446327576986e-05,5.115735609945103e-05,2.0132316340680084e-05,2.54105663917473,0.0230252276834667,0.5834376962107546,0.3935370761057787,-0.4393578138155297,0.712886521370995,0.5465871559841123,10285.113490804526,True,wing_R,high
-0.0126373937767304,0.0026349479641067,-0.0033936516114386,0.0005274422360311,0.0001923373757197,0.0929417332332774,0.0929417332332774,0.0929417332332774,False,0.0644830178163377,9.730391143860436e-05,0.0002224873672796,8.227488864658392e-05,2.7041953011366706,0.562654218851414,0.0675500050891927,0.3697957760593933,0.2326244885207978,-0.944744770309398,-0.2309613957211893,21587.499677859338,True,body,high
-0.0127324419827392,0.002631534402557,-0.0033918931790577,0.0006114779714733,0.0002591212770046,0.0852013347432594,0.0852013347432594,0.0852013347432594,False,0.9517332497187544,8.233022397756067e-05,0.0001840034793019,7.902955045524792e-05,2.328287055183269,0.5525615912812388,0.0179381038599662,0.429500304858795,0.3719811547698202,-0.8782087769960334,-0.3006316092882484,21905.34983766871,True,body,high
-0.0120275314198826,0.0025263035389589,-0.0031062115359925,0.0005039612835321,0.0004428975608585,0.1354818603255294,0.1354817930688899,0.1354817930688899,False,0.2167326980081656,4.200375113081177e-05,3.344397909818571e-05,6.228542869348878e-05,1.8623809239513511,0.3256247566743845,0.1374281627690054,0.53694708055661,-0.91053651987232,-0.312994792058588,-0.2701064718273241,7760.594945829792,True,body,high
-0.0124743074378581,0.0025756089818934,-0.0032860417478367,0.0004351900532363,3.5081910420498205e-05,0.1058973796860386,0.1058973796860386,0.1058973796860386,False,0.1808593781684103,0.0001104063506825,5.648612117978651e-05,0.0001554080404391,2.7512606139919766,0.2895711806765924,0.3469590720685166,0.363469747254891,0.1232508783435388,-0.9875774447550196,0.0974680029481021,23825.12328818348,True,body,high
-0.0121919037447262,0.0025779539455072,-0.0032019279235176,0.0003993521511013,0.0002591807806374,0.1659382896668673,0.1659382896668673,0.1659382896668673,False,0.5956939131875318,4.581475643959876e-05,4.88542299739161e-05,9.372044814277512e-05,2.0456389038395137,0.4787238970572265,0.0324312740127635,0.4888448289300098,-0.8730683916353392,-0.139516940132725,0.467211522699605,22239.26600613595,True,body,high
-0.0119206680742562,0.001982860767202,-0.0036974422599191,0.000550535025368,0.0003631655627355,0.2569746405115594,0.2569746405115594,0.2569746405115594,False,0.3340323577740348,6.212608442968522e-05,6.910601466892162e-05,2.307100877722256e-05,2.9953616391992486,0.101003223419501,0.565147271761665,0.3338495048188339,-0.3991178447661549,0.7955949730039477,0.4557779996007565,5330.659350731009,True,wing_R,high
-0.0118152215992486,0.0018927580979753,-0.0036228910954765,0.0006709353638259,0.0004828831462951,0.4153932073358201,0.4153932073358201,0.4153932073358201,False,0.2160298862956717,4.271838653617928e-05,3.723409909498367e-05,9.974335012310952e-05,2.678817335385653,0.5717169467091936,0.0549839907565422,0.3732990625342641,0.3094932507731912,0.0495143777951005,0.949611633309853,5620.709905559593,True,wing_R,high
-0.0121387710768047,0.0018779906439811,-0.003922952625139,0.000671786203366,0.0004931560153907,0.410469920444828,0.410469920444828,0.4104699540731477,False,0.5008598885869039,7.946350318727411e-05,3.6439412992033375e-05,8.53281088634042e-05,2.341643343213548,0.0687300557137429,0.5042194274352779,0.427050516850979,0.1983368310103057,-0.7038479902694332,-0.6821000718798305,12958.692952785585,True,wing_R,high
-0.0124383090071405,0.0026096869665209,-0.0032571533952467,0.0004434772974421,4.516949555604159e-05,0.1033826539378751,0.1033826875661947,0.1033826875661947,False,0.1241399775908026,9.276679053602736e-05,0.0002390177925381,8.952881530320125e-05,2.669730317872056,0.6118833265467852,0.0135470050093012,0.3745696684439135,0.3345898938428641,-0.9040817174716934,-0.2658681084140284,20835.843939335624,True,body,high
-0.0125592081586996,0.0027273471007713,-0.0034990875963384,0.000475126841438,0.0002529001638587,0.1160138543620419,0.1160138543620419,0.1160138543620419,False,0.9869095599706312,8.531256761073561e-05,7.735093947489635e-05,3.339677644310843e-05,2.554515036984661,0.0933230397210243,0.5152132242970588,0.3914637359819168,-0.2880103351522413,0.7186582428852254,0.6329141938514367,15223.457732519131,True,body,high
-0.0126846406840468,0.0026163037190998,-0.0033363377976604,0.0005850476741393,0.0001888529379398,0.0924271526850238,0.0924271863133436,0.0924271863133436,False,0.0748883720324709,9.789280814126812e-05,0.0002298257645773,8.275696254723329e-05,2.777116963979075,0.5740564234766568,0.0658579146766804,0.3600856618466628,0.3522202379714478,-0.8983880278171151,-0.2623735036893215,23812.25615134389,True,body,high
-0.0122782000078688,0.0025421628001072,-0.0033981434458065,0.0002262418742821,5.995351397070157e-05,0.1737572775400553,0.1737572775400553,0.1737572775400553,False,0.0859689022640182,3.494825658165654e-05,2.3675605490842245e-05,6.274078241992858e-05,2.6500180721543445,0.4429738483695447,0.1796702345113522,0.377355917119103,-0.9117077294602918,-0.302378616192414,-0.2781298051484602,11081.842968138026,True,body,high
-0.0124913986041517,0.0026429566249036,-0.0033484962794527,0.0004330092871157,6.918017709569867e-05,0.1118826152852582,0.1118826152852582,0.1118826152852582,False,0.766122231664435,8.011019423765145e-05,4.15078605718889e-05,9.111300143694887e-05,2.1950782377508262,0.1207600125752796,0.4236753597945707,0.4555646276301496,0.2065653907216519,-0.9783175924843532,-0.0150142462891106,24753.810177888507,True,body,high
-0.012624322274754,0.0026402348338627,-0.0033935851342234,0.0005179989151694,0.0001835206406353,0.0802200390007619,0.0802200726290816,0.0802200726290816,False,0.0541605621291339,9.56884797453879e-05,0.0002153995145902,9.036654446352012e-05,2.383620131421702,0.55576278838228,0.0247072761143001,0.4195299355034199,0.3191835482680529,-0.9033784146127642,-0.2864075811265207,20208.439858933627,True,body,high
-0.0124846659175338,0.0026407212866929,-0.00330799452166,0.0004505885727017,3.7184708345685616e-05,0.1216969058803175,0.1216969395086372,0.1216969058803175,False,0.527293148183479,5.316434732689461e-05,2.0466640286707067e-05,2.292419498008233e-05,2.5976098950360926,0.5688051084474517,0.0462256157921842,0.3849692757603641,0.3451330508652604,0.8428554446102984,0.4128896664863554,23568.0422196826,True,body,high
-0.0113822443124817,0.0024926454152947,-0.0030173391405875,0.0009767489349685,0.0009668467575686,0.8514253233055986,0.8514253233055986,0.8514253233055986,False,0.1458911502009126,4.318732671642766e-05,8.538671914598622e-05,3.550287741658817e-05,2.40506475416245,0.4942149417570429,0.089995837487342,0.4157892207556151,0.6695729968726187,-0.7413254120839424,-0.045919878675726,2817.664514044167,False,body,high
-0.0124365372084374,0.002364481576377,-0.0034065510995576,0.0003248126098758,0.0002019001427418,0.166314187024623,0.166314187024623,0.166314187024623,False,0.2361554938504283,3.7971988386131816e-05,3.968133146934847e-05,8.190506100873455e-05,2.156986359941268,0.5155203966563585,0.0208698102676995,0.4636097930759418,-0.8610302908404217,-0.1733200002387008,0.4781077449409446,8011.923687514089,True,body,high
-0.0125068244886859,0.0027873915340155,-0.0027259340064164,0.0009749167986048,0.0003719173343173,0.2391772390289511,0.2391772390289511,0.2391772390289511,False,0.1199833542021781,6.155555463992173e-05,3.013926378562542e-05,6.465230798381388e-05,2.1451190196174954,0.0478985737781772,0.4859268266519052,0.4661745995699175,0.3806409311182399,-0.6470802969993548,-0.6606054577375716,3041.5618821791986,False,body,high
-0.0119670979009008,0.0025615135879908,-0.0031721889526804,0.0004729957268447,0.0004416793295703,0.1407147967844418,0.1407147967844418,0.1407148304127616,False,0.2372588595705454,0.0001124926946754,0.0001782504675957,7.300943426940434e-05,2.441471699917213,0.3689065942278505,0.2215043861517669,0.4095890196203825,0.4416344216422486,-0.8221320921284037,-0.3592462396647879,9757.602501949756,True,body,high
-0.0111943535640606,0.0026663722187167,-0.0040169732715845,0.0010966313356868,0.0006754146296007,0.1682224260267565,0.1682224260267565,0.1682224260267565,False,0.0762362776840732,3.2156595737375767e-05,7.719625614470215e-05,3.35840019280581e-05,2.4006352157164623,0.5649529704509781,0.0184906142081126,0.4165564153409092,-0.0477197296309945,0.399154608393917,-0.9156409918750056,4455.211790383488,True,wing_L,high
-0.0125817581181754,0.0027412994603885,-0.0035940415220851,0.0004944966294869,0.0003399395899255,0.2181542595619188,0.2181542595619188,0.2181542595619188,False,0.978029589691465,9.161374147046812e-05,3.641422698411477e-05,4.1442359580057645e-05,2.515877695562051,0.5476403548760568,0.0548840437606589,0.3974756013632842,-0.8343841040656658,-0.3933892424569636,-0.3860674433329915,12483.838649203131,True,body,high
-0.0124232470804873,0.0025852120009258,-0.0033170387116755,0.0003831782538027,1.465861418294488e-05,0.1530895476424749,0.1530895476424749,0.1530895476424749,False,0.4778588989565352,6.31553616340683e-05,7.078011089120832e-05,0.000113614947675,1.7989754905265931,0.3770176166109991,0.0671104411274187,0.5558719422615822,0.3146055182654275,-0.9363344567739692,-0.1558882706772309,24539.64557552646,True,body,high
-0.0124598118013049,0.002577582594079,-0.0033125494129111,0.000408081502984,2.4756387617146013e-05,0.0870911117978703,0.0870911117978703,0.0870911117978703,False,0.0978092547878762,0.0001036263567888,0.0002482745625214,0.000109508304837,2.395863081700712,0.5589225745687536,0.0236913036457951,0.4173861217854513,-0.4668116428452016,0.1123875657878811,-0.8771863685445858,25139.68681431369,True,body,high
-0.0120206049646711,0.0025753940040554,-0.0032633547509574,0.0003751502974054,0.0003442607484231,0.1595212664425285,0.1595212664425285,0.1595212664425285,False,0.6212089065273732,7.959820659887595e-05,8.372616724431451e-05,2.927372047227844e-05,2.8601136409566155,0.0493031125310333,0.601060430483456,0.3496364569855106,-0.366788712805881,0.7452845678370164,0.5567916604100646,12957.964214990518,True,body,high
-0.0123481535772454,0.0025435681026915,-0.0032098169256822,0.0004181970109422,0.0001518472818052,0.1142075091686399,0.1142075427969596,0.1142075427969596,False,0.9002100494703571,7.772340076992888e-05,0.000205096365206,9.138729748656976e-05,2.6387981376820493,0.5544177616469308,0.0666218375099749,0.3789604008430942,-0.4993996350151146,0.098339888835858,-0.8607724849288121,17990.457699562012,True,body,high
-0.0126287181064158,0.0025415422843672,-0.0035947868167122,0.0004585468750512,0.0003292737640105,0.129709391105136,0.1297093574768164,0.1297093574768164,False,0.8335409065281857,7.816300159034425e-05,7.126894718213459e-05,3.0019586055806625e-05,2.60373349069633,0.088200993666309,0.5277351213112016,0.3840638850224893,-0.3987691060060574,0.6735234741198869,0.6223739470002001,8971.380582927473,True,body,high
-0.0125438148551344,0.002668329766168,-0.0035351463057861,0.000425411496193,0.0002456327601068,0.1021111671695137,0.1021111671695137,0.1021111671695137,False,0.1585428034411244,7.89951145770776e-05,0.0001893876858853,8.309473091282766e-05,2.3974607404434267,0.5612453337482541,0.0216466889945069,0.4171079772572388,-0.4257134779493254,0.0738418184057593,-0.9018400193752882,16647.527679124003,True,body,high
-0.0121846685883512,0.0023904669030434,-0.0029292867687277,0.0006557005024904,0.0005088509022534,0.1330935434311683,0.1330935434311683,0.1330935434311683,False,0.3642016009547276,0.0001274064486358,0.0001934455089679,7.9432741528344e-05,2.43533718270201,0.3413832695543085,0.2479959724237987,0.4106207580218927,0.3905455007989635,-0.8311351445469597,-0.3958390876411659,6744.529334845624,True,body,high
-0.0123853291710158,0.0026270046320374,-0.0032855563818909,0.0003999614073633,7.176971629296508e-05,0.0777010760843144,0.0777011097126342,0.0777011097126342,False,0.3444206545700404,0.0001016824371813,0.0001758961971399,7.563927875785186e-05,2.325461057118973,0.4219179332201355,0.1480598150897391,0.4300222516901254,0.2043124244036678,-0.9421815745379472,-0.2656130904821716,21182.43841029701,True,body,high
-0.012708238855122,0.0030159120646238,-0.0038835606520545,0.0008282217112555,0.0007516865458622,0.6386135798760059,0.6386134537698069,0.6386134537698069,False,0.0411435576557348,2.655213729743618e-05,5.300422019998343e-05,2.51369246891471e-05,2.108619922900436,0.4990561657683913,0.0266999986595316,0.4742438355720769,0.1920213256060528,0.8770770563107622,0.440299497848615,3901.133311276457,True,body,high
-0.0124698662049648,0.0026467314448024,-0.0034742138161415,0.0003647965968205,0.0001528159786406,0.1769438634877717,0.1769438634877717,0.1769438634877717,False,0.1958288849649604,4.577091030808819e-05,3.0392020560638427e-05,7.544346906991643e-05,2.4823446311965656,0.3933085146751339,0.2038465348564173,0.4028449504684487,-0.8783003660211259,-0.376396988659762,-0.2948114210389738,15505.421242863811,True,body,high
-0.0125073028934257,0.0029948976164533,-0.0029225903465573,0.0009130871443488,0.0003473704089053,0.2684957701019889,0.2684957701019889,0.2684957701019889,False,0.0515569070873251,4.451355830529364e-05,1.80868954613002e-05,1.964117336290323e-05,2.461094464803952,0.5587597552144586,0.0349169547611338,0.4063232900244075,0.6908570121299331,0.6942054360446928,0.2019787151085467,3114.015611835149,False,body,high
-0.0126947288276497,0.0028783777958134,-0.0037898647287156,0.0006991085770767,0.0006038212261061,0.4392991090235572,0.4392991090235572,0.4392991090235572,False,0.1616561386184545,2.2902386868303965e-05,3.618360700846136e-05,5.32415202243136e-05,2.3247149098681,0.3203874183904778,0.2494523087282602,0.4301602728812619,0.1220535069347288,-0.8198757272675634,-0.5593806693857215,5207.235645504003,True,body,high
-0.0120584941798201,0.0019583417480544,-0.0041388044380587,0.0007561082395114,0.0004271774439507,0.4353650243781728,0.4353650832277322,0.4353650832277322,False,0.0783726372541925,3.271944956336609e-05,2.882608573102291e-05,6.663357302740921e-05,2.311572013251092,0.5089645042761373,0.0584294621382778,0.4326060335855848,-0.5116912926039374,0.7956846789129192,-0.3241263840179573,6743.356691371841,True,wing_R,high
-0.0122165919351726,0.0025764906038425,-0.002426618567876,0.0011620888373787,0.0008098701497528,0.7141396921467529,0.7141396921467529,0.7141396921467529,False,0.0216197248701222,2.7720744683495907e-05,2.472011034784889e-05,5.40040875300882e-05,2.184621620622642,0.4866917311018099,0.055563096663289,0.457745172234901,0.6982691263010499,-0.7110361534881189,0.0827515298202327,3126.340019983451,False,body,high
-0.0117328700318068,0.0027519782130836,-0.0038894240582797,0.0006174989660683,0.0004758561343535,0.2392740885897255,0.2392741222180452,0.2392741222180452,False,0.1155872670428863,5.698281296100459e-05,2.7657395865085608e-05,2.453721229912709e-05,2.322301827377178,0.5146361783857079,0.0547565731459023,0.4306072484683897,-0.8288141769967007,0.5595236163976363,0.0006186296087046,6251.375600916591,True,body,high
-0.0122595363152008,0.002871112726229,-0.0033920949710303,0.000464136758896,0.0003304208889293,0.1479783793292444,0.1479783457009246,0.1479783793292444,False,0.1773019077866155,3.8486699503519104e-05,1.3785199659459544e-05,1.5582870120747004e-05,2.791885533345115,0.5951102505081748,0.0467088756499654,0.3581808738418598,-0.9711367751772912,-0.03719710805129,0.2356050488654091,5021.553354584023,True,body,high
-0.0122599346915032,0.0020079738033493,-0.0036867822193579,0.0004666509023366,0.0004330960809945,0.2422939621424629,0.2422939621424629,0.2422939621424629,False,0.1570797069848363,6.077804182661716e-05,2.488872493381848e-05,2.149408807629533e-05,2.8276631979398084,0.5904980781575838,0.0558530146003569,0.3536489072420593,0.548572077144863,-0.7368070031423544,-0.3952013617098919,6792.626682408064,True,wing_R,high
-0.0120662737973478,0.002745554708877,-0.0037352180158165,0.0003469912180272,0.0003391391132386,0.4476381252327923,0.4476381252327923,0.4476381252327923,False,0.1443425473552568,4.221828643946155e-05,4.4231558969528206e-05,1.855645423329288e-05,2.3836212680206224,0.0455166531989892,0.5349536113450052,0.4195297354560055,-0.1473033437297373,0.6722091596559634,0.7255594879819727,6167.3316612220215,True,body,high
-0.0115576452896908,0.0025020104559226,-0.0025658463735503,0.0011915301730484,0.0011582544091908,0.1898510851601457,0.1898510851601457,0.189851051531826,False,0.0905692940951345,7.142292342126302e-05,6.764437526202843e-05,2.5583886592231128e-05,2.7917151353755414,0.0529038574485133,0.5888934064168487,0.3582027361346379,-0.134156042224717,0.814302143664513,0.5647248667784859,6219.109118003868,True,body,high
-0.0122072978068874,0.0026944001051527,-0.003538869615203,0.0002446047580477,0.0002060557787874,0.4214870371864739,0.4214870371864739,0.4214870035581542,False,0.1568895563229272,4.67263028475142e-05,5.479591622812287e-05,0.000112324228237,2.403875791406259,0.5121629848862365,0.0718421440081298,0.4159948711056337,0.5796139901516111,-0.8046090620621481,-0.1290421623656326,8665.590193113741,True,body,high
-0.0128303454186504,0.0025492349190571,-0.0039699264317926,0.0007644312227024,0.000736035650556,0.3013796260735146,0.3013797101443138,0.3013797101443138,False,0.284023187863283,0.0001100403855035,4.7268441816734885e-05,0.0001102494723176,2.332411818123887,0.0018964881163012,0.5693627585443651,0.4287407533393336,0.1481803733795005,-0.7709669569434019,-0.6193969068751821,5335.347664432044,True,body,high
-0.0121438014795583,0.0024104083571759,-0.0030429577834985,0.0005417695073363,0.0004384369008304,0.1536405812892976,0.1536405812892976,0.1536405812892976,False,0.2901411866029347,0.0001339329307214,0.0002709871968605,0.0001103448774493,2.455820361801184,0.5057591935224497,0.0870448993361317,0.4071959071414185,0.3837350109025726,-0.8485327292585375,-0.3643345286747605,7024.963042168554,True,body,high
-0.0124086990445109,0.0025429751285575,-0.0034472208384859,0.0002806329978849,6.864130908452749e-05,0.1398925843674507,0.1398925843674507,0.1398925843674507,False,0.0352279060093923,7.118987706494923e-05,9.36944872022379e-05,5.151966019908945e-05,1.818616171771526,0.2401914008954749,0.209939959684095,0.54986863942043,0.7459071968822051,-0.6644249365760334,0.0464968525307394,15454.334519867032,True,body,high
-0.0111395807961457,0.0027866896298486,-0.004498164392253,0.0014244581788461,0.0008030156179711,0.3596832466154727,0.3596832213942328,0.3596832213942328,False,0.4911194135179668,0.0001043971848179,4.01530647168746e-05,9.427336107986366e-05,2.599980488515793,0.0969741066847048,0.5184076223640185,0.3846182709512766,0.2454249647879523,-0.6969167918459784,-0.6738498140549877,4963.7835190844135,True,wing_L,high
-0.0119494453959141,0.0025423805390477,-0.0032532166424686,0.0004098759008478,0.0003981992976627,0.1165720508409637,0.1165720508409637,0.1165720172126439,False,0.1994500876365998,4.9368110554519165e-05,5.783364778551244e-05,7.9843928689251e-05,1.61731789595383,0.2756663063186882,0.1060260607157842,0.6183076329655276,0.3739226283542568,-0.8985430374399265,-0.2297874623926967,10175.15081693219,True,body,high
-0.0116589360326879,0.0027783201641123,-0.0041249104132565,0.0008181429970897,0.0005677123307739,0.3551757066410966,0.355175773897736,0.3551757066410966,False,0.1166988707742672,8.094674660925719e-05,3.704598650645533e-05,8.981221664232775e-05,2.4243440413357007,0.098711181668935,0.4888061083898445,0.4124827099412205,0.1626662533601686,-0.6333412787802433,-0.7565834485440266,8633.014031190525,True,body,high
-0.0126813407882088,0.0027314241139872,-0.0035339935866895,0.0005756111328961,0.0003444154264578,0.0721839130671848,0.0721839466955046,0.0721839130671848,False,0.7250319951852888,0.0001036776106344,0.0002322332549341,0.0001158738680391,2.239955700300388,0.5010453258644703,0.0525172736700225,0.4464374004655073,-0.5244102551331828,0.064320651873526,-0.8490328250743397,15261.71551165126,True,body,high
-0.0123961888145227,0.0025911266095094,-0.003271164295961,0.0004028371464424,6.526653080311043e-05,0.1230492351292698,0.1230492687575894,0.1230492687575894,False,0.092846276929416,8.425112661769986e-05,0.0002300574438111,9.837107800666508e-05,2.730615637403105,0.5724064547660155,0.0613757640485558,0.3662177811854286,-0.4571148499243198,0.0994561128747613,-0.8838294493795219,31321.325540717164,True,body,high
-0.0123601632164215,0.0024655344287337,-0.0032945796581704,0.0003399333618149,0.0001305382694903,0.0945427775348295,0.0945428111631492,0.0945428111631492,False,0.2514657020959229,7.686376970859615e-05,0.0001812099493353,7.951376274108757e-05,2.3575469954481933,0.5612064181202869,0.0146238826411661,0.4241696992385469,-0.4647216920115582,0.1054034167991376,-0.8791608889736746,13728.249971613666,True,body,high
-0.0125613593679442,0.0025587274649661,-0.0032998072447823,0.00048655312586,9.989314613129466e-05,0.0914371685809828,0.0914371685809828,0.0914371685809828,False,0.1257955732107903,7.130810713869649e-05,0.0001954756341495,6.926681103678493e-05,2.822067758334335,0.6352071834991845,0.010442713798027,0.3543501027027886,0.3243861257880965,-0.9019644494614556,-0.2850153913455944,16394.654775906994,True,body,high
-0.0128336278228409,0.0027232252121028,-0.003515352198959,0.00071086300128,0.0004230935500034,0.1469257792938971,0.1469257792938971,0.1469257792938971,False,0.4623365610688716,6.6758686752139e-05,6.075659950063196e-05,2.820025339880073e-05,2.3673080453588424,0.0899072097357386,0.4876720571617311,0.4224207331025302,-0.4030929934318153,0.8006054270887467,0.4433362028553771,9253.082579427548,True,body,high
-0.0125440303375429,0.0030531504385994,-0.0037869258986782,0.0007301366966931,0.0006579907628104,0.2723331481069577,0.2723331481069577,0.2723331481069577,False,0.1312960619486728,2.9307101016035816e-05,3.407427869072869e-05,6.123954336325527e-05,2.089580382916316,0.4435902552602341,0.0778447619443429,0.478564982795423,-0.8195684276695943,-0.4611861471762797,-0.3400219552027297,4114.682121481097,True,body,high
-0.0122547407272443,0.0023853724311672,-0.0029005023244498,0.0006890488016439,0.0004971592167146,0.1166838313756908,0.1166838313756908,0.1166838313756908,False,0.1103954549171211,0.0001289219836856,6.81200646838596e-05,0.0001561188394338,2.291818719761926,0.174206110209601,0.3894592044258078,0.4363346853645911,-0.0363407116803657,-0.9964938013186664,0.0753621696080952,6157.797268243948,True,body,high
-0.0122533082484634,0.0029277423005053,-0.0039253252189887,0.0005889262277451,0.0005888131689774,0.1669641551880425,0.1669641551880425,0.1669641888163622,False,0.3316451465070452,3.917962786162274e-05,2.2602195577763072e-05,4.175070955429319e-05,1.8471970747553912,0.0615817484329692,0.3970574982037646,0.5413607533632661,-0.8283182162838146,0.5395796723924322,-0.1508068622884089,4510.570404348326,True,body,high
-0.0123563498927712,0.0025648712171835,-0.0032737501249635,0.0003721303910456,9.339304368767154e-05,0.1488656625448808,0.1488656625448808,0.1488656625448808,False,0.430114526793927,2.8451424438917144e-05,7.344478321053554e-05,7.540757531032002e-05,2.650397187396148,0.0260291103606915,0.5966689498562986,0.3773019397830098,-0.8411918491245483,0.2722278288543771,-0.4672133154819702,28002.86461780984,True,body,high
-0.0120775129727401,0.0020686330975892,-0.0039931339019831,0.0005735531710636,0.0003202095910565,0.1273082618209642,0.1273082281926445,0.1273081945643248,False,0.0632896771991334,3.729198854331449e-05,1.4071211846690802e-05,1.5457254001703644e-05,2.650232897466087,0.5855073809284773,0.0371672900575671,0.3773253290139555,-0.9651280171110664,-0.0197295657128235,0.2610338193109165,6136.653910831608,True,body,high
-0.0123118343746465,0.0029007246730617,-0.0038404408465631,0.0005320608951581,0.0005269134085127,0.179870603409063,0.179870603409063,0.179870603409063,False,0.2678093085077404,8.446689614244099e-05,3.991554955899562e-05,3.2429888776157506e-05,2.6046002416308363,0.5274415021515184,0.0886224204357485,0.383936077412733,-0.4535621366595048,0.0998195860602655,0.885616981785931,5345.679824231835,True,body,high
-0.0124012252493983,0.002914802432812,-0.0037052361190291,0.0005253336188487,0.0004735463480956,0.1242815785334848,0.1242815785334848,0.1242815785334848,False,0.5238313104318807,5.831487601717799e-05,5.788601306502067e-05,9.900395720452772e-05,1.7103260695000913,0.4109843923035524,0.0043317758629723,0.5846838318334753,0.2821360293051725,-0.1334858146377331,0.9500425244474124,4945.873583803332,True,body,high
-0.0124830116101376,0.0027767497917313,-0.0034936799201399,0.0004514239647846,0.000254384318913,0.0777494336080623,0.0777494672363819,0.0777494672363819,False,0.4634317032751684,0.0001169598391043,0.0002978669710093,0.0001196727868917,2.5467457316138886,0.5982341161013388,0.0091079174646529,0.3926579664340082,-0.2883786741630278,0.1606092001206164,-0.9439504357351556,10285.769619086032,True,body,high
-0.0128863945406096,0.0027271199359829,-0.0035000285597613,0.0007626373014624,0.0004473888734717,0.0913978907035577,0.0913979243318774,0.0913979243318774,False,0.1066768699530283,7.230385185882587e-05,0.0001708838949237,5.882731172780318e-05,2.9048394343500834,0.5768831703473407,0.0788637228630456,0.3442531067896135,0.2722888174883466,-0.9150638361485144,-0.2975180257462781,7272.489875288036,True,body,high
-0.0128959468544276,0.002554936794239,-0.0039668276187599,0.0008202954065195,0.0007800422222655,0.6511626767575927,0.651162626315113,0.6511626767575927,False,0.1899236903202786,2.734761511672391e-05,6.205378466170072e-05,2.812781386477574e-05,2.269074813172755,0.5467188017923412,0.0125729438148736,0.4407082543927851,-0.9031307705970556,-0.0254389038258711,0.4286113313631669,4815.284266668999,True,body,high
-0.0113740620465076,0.0027937832397083,-0.0043732639097281,0.0011782436118276,0.0007151372137615,0.4587821678636563,0.4587821678636563,0.4587821678636563,False,0.2084820041772216,5.4845321785235496e-05,5.5588433218443897e-05,2.3806834663753967e-05,2.3349779172061704,0.0133680945870199,0.5583623305141681,0.428269574898812,-0.2480082292136975,0.7129226182303595,0.6559216863756336,16597.63543295256,False,body,high
-0.0114796190994142,0.0012875597746572,-0.0043272783865454,0.0015517549386972,0.0007326765967546,0.4469095172437232,0.4469094878189434,0.4469095172437232,False,0.159239862640502,7.797835575365377e-05,2.855618894556634e-05,5.361674387172109e-05,2.730698970450704,0.312415049618319,0.3213783451054687,0.3662066052762122,0.374159762023126,-0.907826278164763,0.1893565978684429,6008.277528104983,True,wing_R,high
-0.0118656870588116,0.0017004601185696,-0.0039240190620072,0.0008859013737217,0.0005430861314934,0.4421493150927209,0.4421492856679412,0.4421493150927209,False,0.1743902132340413,2.360488158654769e-05,4.280692345752258e-05,6.493859800509293e-05,2.751066459155683,0.3408092448474886,0.2956953562420447,0.3634953989104666,0.2779650898026052,-0.7491070212721174,-0.6013103021999917,5551.779684306375,True,body,high
-0.0123340422134828,0.0026891535173779,-0.0033217188307359,0.0003827254585616,0.000136466425833,0.1192504456211721,0.1192504456211721,0.1192504119928523,False,0.2040772333424171,2.424579505978329e-05,6.105084393697317e-05,5.264503009253232e-05,2.517997194418208,0.1376854651365463,0.4651735045967167,0.3971410302667368,-0.8858457353246911,0.1806806413639585,-0.4273544653368756,11949.268880941008,True,body,high
-0.0130063549147887,0.0023903071082892,-0.0034556328001923,0.0008398826635503,0.0005800770560088,0.1583586345450792,0.1583586345450792,0.1583586345450792,False,0.1260425025275037,3.4680222630795865e-05,3.984553073770547e-05,8.251990177769431e-05,2.379451327524554,0.5171403518505401,0.0625946952872624,0.4202649528621975,-0.8130138120835182,-0.32984897715702,0.4798001600978201,4713.243171784474,True,body,high
-0.0123751523690336,0.0026921732378542,-0.0033369514413245,0.0003933011464216,0.0001163641319137,0.0992748874282512,0.0992748874282512,0.0992748874282512,False,0.2527415392172895,3.45849033466516e-05,1.5191583576605338e-05,1.5944589464463672e-05,2.276583160159253,0.5389725596556459,0.0217726757918274,0.4392547645525266,-0.9562313996309808,-0.0382649461481818,0.2900987836169822,12759.624047848194,True,body,high
-0.0123676396654909,0.0026721200413926,-0.0033546450832656,0.0003665252893989,0.000102412394338,0.1671773923633447,0.1671774259916645,0.1671773923633447,False,0.1136039338264325,5.407237122568914e-05,3.986328053087599e-05,8.942948657452792e-05,2.2434050931975,0.395363058686166,0.1588859697072252,0.4457509716066087,0.4332552232007733,-0.8457207288802313,-0.3115226481518452,14016.169575517764,True,body,high
-0.0124754362034247,0.0024147246189206,-0.0034318786669808,0.0003350413652411,0.0001823326066861,0.1727501429929606,0.1727501766212802,0.1727501766212802,False,0.1103025095020176,5.703408150245157e-05,0.0001062342799555,4.901743077214518e-05,2.167275564673014,0.4631292128460712,0.0754619952586194,0.4614087918953093,0.6627182203843476,-0.7418795586118021,-0.1020748788123755,9541.861683047176,True,body,high
-0.0133878396967258,0.0025412757857159,-0.0036188059403621,0.0012129158404523,0.0009077116398334,0.1608852310901015,0.1608852310901015,0.1608852310901015,False,0.1487277877596962,8.582160645456615e-05,3.810406877220003e-05,3.41413183236138e-05,2.5137168295931835,0.5560084418558131,0.0461742748975935,0.3978172832465933,-0.4793539710311162,0.2300413679831897,0.846936089367505,6638.671840252008,True,body,high
-0.0123253312524659,0.0025278760481924,-0.0030921359411196,0.0005162658720921,0.0002582553378117,0.0735850706363608,0.0735851042646805,0.0735851042646805,False,0.4657191438719849,0.0001166657953076,0.0002549608113528,0.0001083959094301,2.3521257646449394,0.5424167553884223,0.0324359097916843,0.4251473348198935,0.5106854113619774,-0.7881144667700906,-0.3436218821462682,9674.820357391014,True,body,high
-0.0127862516063279,0.0025957365963485,-0.0033629913528435,0.000660972580904,0.0002859499603861,0.0894652039129926,0.0894651702846729,0.0894652039129926,False,0.4072150387956459,0.0001021900388879,5.061900947801222e-05,0.0001437370291573,2.839585970558295,0.2890486224250039,0.3587873612823714,0.3521640162926247,0.0580898500146557,-0.9947460114028484,-0.0842967503727109,15338.00949928554,True,body,high
-0.0124558544960766,0.0025679365036977,-0.0032305611850169,0.0004614302495831,7.284399716086478e-05,0.1146537233429162,0.1146537233429162,0.1146537233429162,False,0.9318107401475576,5.421343713845957e-05,2.995926836718168e-05,3.087515941719104e-05,1.8095714646305137,0.4304888041255018,0.0168941704926438,0.5526170253818543,0.2250310951199172,0.937401640139781,0.2657803064419547,15492.371014491491,True,body,high
-0.0118059673291151,0.0025265190957683,-0.0032558473246888,0.0005000926610817,0.0005000679670384,0.1712031394011878,0.1712031394011878,0.1712031394011878,False,0.1100913846910774,3.264623411367757e-05,7.935301369450153e-05,3.667250273104912e-05,2.4306942546018058,0.5378562070467375,0.0507386982537568,0.4114050946995056,-0.3076874348418665,0.64846880852842,0.6962877614938835,5859.732529071967,True,body,high
-0.0122236516518073,0.0026632246690534,-0.0033236538942501,0.0003344791113725,0.0001915145027467,0.1027435140934033,0.1027435140934033,0.1027435140934033,False,0.4292492416545118,2.9842610549189243e-05,6.234384628474177e-05,7.094703531502731e-05,2.377373628157835,0.1212621357902363,0.4581056219084666,0.420632242301297,-0.8676995550010758,0.1842836081033539,-0.4616676662225168,10017.275013522243,True,body,high
-0.0108694896387206,0.0023645416568804,-0.0039244363490083,0.0013562057862707,0.000759277471358,0.977369063818087,0.977369063818087,0.977369063818087,False,0.2792707407969591,2.0297473699143752e-05,2.297832404508672e-05,4.747177713565722e-05,2.338802248954746,0.5159582086126047,0.0564725086714588,0.4275692827159365,-0.6619898509453905,0.3006906089742276,0.6865526891069671,2000.7074342634755,False,wing_L,high
-0.0126506314756677,0.0027055412467238,-0.0035016099948631,0.0005402850046984,0.0002940743614598,0.1577490876219552,0.1577490876219552,0.1577490876219552,False,0.2771023368897404,3.9521577740663615e-05,4.861422539330583e-05,0.0001021743496739,2.585280130879481,0.5242032315503737,0.0889914903462386,0.3868052781033876,-0.8391285372287094,-0.2478554872132661,0.4841807053845498,14613.609993558935,True,body,high
-0.0124174175767516,0.0024871995110851,-0.0035066029591431,0.0002524380832984,0.0001258565467624,0.3862788085705221,0.3862788085705221,0.3862788085705221,False,0.155194734776567,9.796873751054507e-05,4.3148175974168255e-05,8.699387980374262e-05,2.27051863256506,0.1120240801880412,0.4475479111370087,0.44042800867495,0.143867257634139,-0.7686935620792086,-0.623227422213441,10308.3202798135,True,body,high
-0.0116760773751911,0.0018665387403712,-0.0036728544845334,0.0007793702362959,0.0004973188014717,0.151488469712603,0.151488469712603,0.1514884360842833,False,0.1377793718088193,5.584997785239452e-05,6.642172797533703e-05,8.298267442245976e-05,1.485813918167954,0.1995711341238769,0.1273970765165071,0.6730317893596159,0.4647648144854234,-0.8371325132071601,-0.2884489947075459,5539.54176749378,True,wing_R,high
-0.0123971236304581,0.0025530866221699,-0.0030720386451738,0.0005631513734322,0.0002240496126251,0.0980319511033264,0.0980319511033264,0.0980319511033264,False,0.1670437210706114,0.0001135003153138,0.0002891351568368,0.0001138279497463,2.5474392387130607,0.6063157763598954,0.0011331532148923,0.3925510704252123,-0.4423005244772564,0.0907539737289995,-0.8922633928944635,7113.25534099569,True,body,high
-0.0122823882347747,0.0025162152019797,-0.0032226515471454,0.0003787374226068,0.000189262222333,0.1540876025432471,0.1540876025432471,0.1540876025432471,False,0.119209192786302,8.747890603031705e-05,8.901994277630204e-05,3.566104167016121e-05,2.4962799348283764,0.0173111406042739,0.582092761959742,0.4005960974359839,-0.331545430395523,0.7957396880442926,0.5068293366163993,15242.387175156744,True,body,high
-0.0121433211056402,0.0016140849589844,-0.0041012534393057,0.0009893337979779,0.0007329683058019,0.2754302154675971,0.2754302154675971,0.2754301818392773,False,0.1110015441701715,2.658614129912168e-05,6.728176830059756e-05,3.805275652689598e-05,2.530708294355614,0.4344269259261128,0.1704267815397542,0.3951462925341329,-0.2970989500698515,-0.7531804518858104,0.5868998387838238,6164.146791352431,True,wing_R,high
-0.0125267776845191,0.0026045442881247,-0.0032684208902979,0.000491642284729,3.602768003113563e-05,0.0712102723265245,0.0712102723265245,0.0712102723265245,False,0.2646793355599326,8.822733741721835e-05,0.0002078058870866,8.320265380483847e-05,2.497587247326648,0.5754338885480704,0.0241796980962504,0.4003864133556791,0.3358379549737036,-0.9030580356015572,-0.267766787213308,22701.72732321359,True,body,high
-0.0127314303340292,0.0026143055378877,-0.003365221116315,0.0006146941362756,0.0002426223551598,0.0696168280252276,0.0696168616535473,0.0696168616535473,False,0.1895516540867575,8.563503728524107e-05,0.0001730533674909,6.159695484167816e-05,2.8094467970988326,0.5051524363448311,0.1389056034683282,0.3559419601868407,0.1428018440242089,-0.9376277642487691,-0.3169571091695846,22406.361603489167,True,body,high
-0.012501120631851,0.00262390678826,-0.0033750900205534,0.0004185564733334,8.650154331321831e-05,0.0749758706830651,0.0749759043113849,0.0749759043113849,False,0.140147136899156,8.49815052650148e-05,0.0002284087754795,9.780607046285886e-05,2.6877468781850515,0.571793727025025,0.0561474276586825,0.3720588453162924,-0.3782470756733085,0.0981652312881387,-0.9204850553435056,23788.019999736087,True,body,high
-0.0120069059971907,0.002630725374661,-0.0033238538214287,0.0003560041967755,0.000335361907719,0.0768019220718192,0.0768018548151798,0.0768019220718192,False,0.0877901936329134,7.613727351856256e-05,4.643555502373417e-05,0.0001043063750024,2.2462609728496714,0.2700611682000206,0.2847545846947238,0.4451842471052555,0.1298262579648496,-0.9880236543189068,-0.0833930527631574,9047.333425195358,True,body,high
-0.0132429512558359,0.0027106447151831,-0.0032469209252032,0.0011446710845689,0.0005291201188696,0.4560410983025821,0.4560410983025821,0.4560411571521416,False,0.0403775750191133,3.002038767593925e-05,1.4978241364808516e-05,1.4360911890292248e-05,2.090423498540685,0.5010643591117485,0.0205636742996176,0.4783719665886338,0.4290393093791793,-0.4345924949522323,-0.7918678136776562,3867.815816550134,True,body,high
-0.0124454882292517,0.0028309978580619,-0.0038062358665315,0.0005126414479395,0.0004869801778479,0.2074349636267341,0.2074349636267341,0.2074349636267341,False,0.0493725149208551,6.548356698215767e-05,2.526003599247996e-05,2.6779101500651128e-05,2.592378213619825,0.5910561575250225,0.0231976597821109,0.3857461826928665,-0.8164244078183742,-0.2794816874994421,0.5053129452832983,4953.624777694345,True,body,high
-0.0116500343986003,0.0021188563200387,-0.0024584365952294,0.0012862114771355,0.0012561233294617,0.3067945926270354,0.3067946766978346,0.3067945926270354,False,0.0152160696873283,4.43671722704114e-05,1.9446551964478992e-05,1.6699463149964483e-05,2.6568023098698093,0.561690525464298,0.0619171489625574,0.3763923255731446,0.2197353220460345,-0.9739302859033918,0.0563576653656152,2294.884227852202,False,body,high
-0.0126740451636959,0.0030315446883288,-0.0038528579935859,0.0008068936067848,0.000726544244946,0.6691315658565791,0.6691315154140995,0.6691315658565791,False,0.0635846799045611,2.5682035140489303e-05,6.028396036576774e-05,3.05703883057439e-05,2.3473202196007583,0.4928934973704331,0.081088786065065,0.4260177165645018,-0.8933405290080794,-0.0386393032958042,0.4477160969547327,3985.018937534857,True,body,high
-0.0121828144908676,0.0025171472636828,-0.0032120446452016,0.0003748612364208,0.0002604037584422,0.1953908800364424,0.1953908800364424,0.1953908800364424,False,0.1455497735358631,0.0001224614506505,0.0001298271662353,4.587097927960079e-05,2.830268031645812,0.0567347790014954,0.5899417940937757,0.3533234269047289,0.0750278966597288,0.7097557812609014,0.7004409651709019,19782.89993464199,True,body,high
-0.0121425017521182,0.0017839848990839,-0.0038535922125592,0.0007251696321135,0.0005757200823687,0.3700978531598946,0.3700978531598946,0.3700978531598946,False,0.030381278224373,1.7352857583692305e-05,4.703443343036346e-05,2.6363024895429087e-05,2.7104719325631423,0.4394952171697635,0.1915653416996449,0.3689394411305914,0.5760863845361084,-0.7526582842339739,-0.3187945807664956,7784.300693652281,True,wing_R,high
-0.0115862436570612,0.0029929275642899,-0.0014143045330095,0.0023103361110096,0.0019525914067937,0.8063414492252705,0.8063414492252705,0.8063414492252705,False,0.0116941447333605,5.870625592623967e-05,2.2603381141193368e-05,2.081435544672473e-05,2.8204695589301783,0.6149749156275109,0.0304741916554245,0.3545508927170645,0.3093102543557097,0.9323296836772804,-0.1873193195712299,1028.4862233910155,False,body,high
-0.0128401528178415,0.0024802807037556,-0.0039574533797708,0.0007612550348995,0.0007353723186739,0.2509983500453835,0.2509984173020229,0.2509984173020229,False,0.1038273987043537,2.5577787645421923e-05,2.7107610391126088e-05,6.530999907641194e-05,2.5533873367699784,0.5849393542417525,0.0234240203236611,0.3916366254345863,-0.7064546769200031,-0.6170287301234193,-0.3466948740032579,4775.957256860518,True,body,high
-0.0124720718969473,0.0026622192235091,-0.0033148748617751,0.0004474289276604,5.716087978269191e-05,0.09612757935796,0.09612757935796,0.09612757935796,False,0.8373384379895296,5.862194464702397e-05,2.690738140303623e-05,2.700298364715225e-05,2.178656620982414,0.5393707286623918,0.0016308268975323,0.4589984444400758,0.3228972683170442,0.8618360251409047,0.3911214899270004,18775.782178669902,True,body,high
-0.0122544017547433,0.0021238750474513,-0.0035725187211336,0.0003401261812506,0.0003346523178627,0.2531249881698952,0.2531249377274157,0.2531249545415755,False,0.0150527920513847,4.092467389377963e-05,9.639621658662409e-05,9.056350832085337e-05,2.3554547273075737,0.060507647211748,0.5149458784252909,0.4245464743629609,-0.4642791300987334,0.6415185936776134,0.6106543894222497,6082.693347459215,True,wing_R,high
-0.0117328075800905,0.0023642592781672,-0.0031295210148763,0.0006414633110197,0.000640901068079,0.3209550072618466,0.3209550072618466,0.3209550072618466,False,0.1877693981618608,5.148871572063615e-05,1.7916865535950115e-05,1.8205385855527227e-05,2.873756886623068,0.6464198883051439,0.0056035641118443,0.3479765475830118,0.5578678207534555,-0.6661086325435959,-0.4950583644568493,3843.9008050958814,False,body,high
-0.0123694999128472,0.0028988292341237,-0.001631725501949,0.0020089185902959,0.0012471116074058,0.3907010923473449,0.3907010587190251,0.3907010587190251,False,0.0167957155544729,5.939888980993492e-05,2.6365162029926825e-05,2.362749382509328e-05,2.513973350269214,0.5561337574777863,0.0460895517339391,0.3977766907882746,0.9457565038218771,-0.2576439601664195,0.1978995332697474,1350.1382156405286,False,body,high
-0.0117031108251276,0.0028310634355641,-0.0041450927738852,0.0008273995465253,0.0006139213411139,0.4619824909799755,0.461982549829535,0.4619824909799755,False,0.0771341247434713,6.28877876776818e-05,5.961522190899666e-05,2.6230935372922605e-05,2.3974664564420736,0.0520381760836934,0.5308548411207951,0.4171069827955115,-0.3003580761437795,0.7185946537505573,0.6272214518783013,8908.866401894355,True,body,high
-0.0120045242461212,0.0020479979792524,-0.003984334788693,0.0005985483737583,0.0002865370394505,0.4804416893874624,0.4804416893874624,0.4804417503387919,False,0.1946031027415379,2.081516931740036e-05,2.7232970529119035e-05,4.969181396102924e-05,2.387288481938486,0.4519626401548459,0.1291520816034575,0.4188852782416965,-0.4992116678389358,0.8566447962435915,-0.1301821944900467,6043.4523371794585,True,body,high
-0.0127176901864282,0.0028704880760095,-0.0031195273791185,0.0008226191557457,0.000149276279749,0.4989059269855222,0.4989059269855222,0.4989059269855222,False,0.0167068339962821,3.998809389308863e-05,1.455220159953237e-05,1.5652664523701967e-05,2.747906811184751,0.6085668757918139,0.0275197644356785,0.3639133597725074,-0.9488422461487548,0.0455664973968651,-0.3124453331998529,4077.1084286368814,True,body,high
-0.0118179956843006,0.0014940067966905,-0.0041120675309048,0.0011555651284679,0.0006873579500028,0.3699308969595978,0.3699308969595978,0.3699308969595978,False,0.1135743109604409,0.0001150795239726,3.864234376203208e-05,4.3608607039349295e-05,2.9780679112350747,0.621056765496147,0.0431550557899308,0.3357881787139221,-0.91072495813312,-0.3358264246708136,0.2404176847202491,6119.657262595978,True,wing_R,high
-0.0130930574995081,0.002877307904229,-0.0034031409769288,0.0010228996708398,0.0005358042407765,0.2693922338489071,0.2693922338489071,0.2693922674772269,False,0.0140690563214789,4.451937453214862e-05,8.32231281679425e-05,3.447942083591754e-05,2.4137043532137343,0.4650600678899083,0.120638984826077,0.4143009472840146,-0.0633882501642298,0.7787209746745569,0.624159894052017,3701.505285501739,False,body,high
-0.0121631570359672,0.0027879438939788,-0.0035056411208395,0.0003415800138159,0.0003030021415155,0.5336557604222256,0.5336557604222256,0.5336557015726662,False,0.0410138409327735,3.202496745470189e-05,9.047562826896732e-05,6.495984356338375e-05,2.82515910115886,0.2820183202235398,0.3640193136959774,0.3539623660804827,0.27618382539604,-0.8071966904266246,-0.5216857268067753,7467.412584324981,True,body,high
-0.0125383395601938,0.0027066922608191,-0.003574657680606,0.0004389757954003,0.0002882535385832,0.1610564328657621,0.1610564328657621,0.1610564328657621,False,0.0949042498245181,4.6260034248379687e-05,3.2252788116493e-05,7.703321283389263e-05,2.388420267905472,0.3994793603100705,0.1818338560289654,0.418686783660964,-0.9053092724888312,-0.321473991293238,-0.2776141099939596,14018.3361217331,True,body,high
-0.0118173014810052,0.0027922299622737,-0.0038190925121058,0.000548039211415,0.0004729130945666,0.219908733072163,0.2199086658155236,0.219908733072163,False,0.0098553873248168,0.0001349634280126,0.0001609402283308,7.047942614306185e-05,2.2835065087528457,0.1614065084137405,0.400670500709322,0.4379229908769375,0.4037113588293434,-0.7756864163043145,-0.4851058877329108,5932.978294372659,True,body,high
-0.0120922455340908,0.0018057079450702,-0.0038993734948106,0.0007282251050903,0.0005324562377966,0.365348727336698,0.365348727336698,0.3653487021154582,False,0.0994141883182676,2.461702054180626e-05,5.764802062594799e-05,6.718667902040379e-05,2.729277448759605,0.1419724643862666,0.4916301946418664,0.3663973409718668,0.5692025374604511,-0.821950857188707,-0.0201310634426841,10814.644503650972,True,wing_R,high
-0.0120464031803718,0.0023608331453599,-0.0024455007516805,0.0011477963460507,0.0009578934074777,0.43477410334063,0.43477410334063,0.43477410334063,False,0.0529006412537366,4.1415966948408105e-05,1.7142530880540682e-05,1.7143381017973904e-05,2.4159773861292195,0.5860683142004285,2.0526803932428552e-05,0.4139111589956391,0.495766484979897,0.8563990731262305,0.144208945350872,3160.4258770550928,False,body,high
-0.0118827447732531,0.002064828844948,-0.0038855543922119,0.0005764271189277,0.0002157286410104,0.2292651068376858,0.2292651068376858,0.2292651404660055,False,0.0151932648055897,4.812113189648607e-05,1.777451955334945e-05,1.92533265518284e-05,2.707309851726376,0.5998987182337178,0.0307309271456879,0.3693703546205943,0.6820032303326953,0.6756276679543478,0.27999794304662,4210.617001058621,True,wing_R,high
-0.0129062841961285,0.0025942593399375,-0.0026647865958306,0.0011788677254023,0.0003100287625449,0.2851896414590441,0.2851896414590441,0.2851896414590441,False,0.0246777635263431,1.5417239340906813e-05,1.2091185955989288e-05,3.4657739848034674e-05,2.866363975724581,0.5551573931679485,0.0959685599667323,0.3488740468653191,-0.956463850894236,0.2799181443980122,0.0825998448505925,2575.902189164024,False,body,high
-0.011776012695506,0.0018056585254296,-0.0039692647577456,0.0008568795877849,0.0004107946933115,0.3047398686642306,0.3047398686642306,0.3047398686642306,False,0.1088363840133267,3.307298033110562e-05,4.398459751812834e-05,7.596052802014055e-05,2.29675485123119,0.420954558050649,0.143648516820862,0.4353969251284889,0.2140509600693617,-0.900440565561598,0.3786673664108039,4898.809619461475,True,body,high
-0.0132793014048926,0.0029275038738642,-0.0037224612094016,0.0012060030447714,0.0009020570461531,0.1427879154381298,0.1427878818098101,0.1427878818098101,False,0.1819262875600068,3.584403599485039e-05,8.313951657812993e-05,3.467162455103107e-05,2.397912346326948,0.568868842758231,0.0141017351564409,0.417029422085328,-0.9823362183145948,-0.1518818913858318,-0.1093043697957369,5324.078663752736,True,body,high
-0.0125225615875921,0.002517824102707,-0.0033716093618694,0.0004079397796432,0.0001242987368982,0.11538177646471,0.11538177646471,0.11538177646471,False,0.1551835131626734,0.0001202785702404,6.424156292411536e-05,0.0001603676009102,2.496321596342084,0.249982106374532,0.3494284818023589,0.4005894118231091,-0.0337792426520315,-0.993045258422924,0.1127833209725805,14262.949691857955,True,body,high
-0.011814992309635,0.001207044457541,-0.0044438378544617,0.0015599769256899,0.0009305373285633,0.2754619437872466,0.2754619774155663,0.2754619774155663,False,0.0192295235606298,2.91136058634949e-05,1.73795384723642e-05,4.8867370409679496e-05,2.811776071463876,0.4042321978976759,0.2401207041172498,0.3556470979850742,-0.0235982131261093,-0.999662614835851,0.010852687999011,6088.68606553323,True,wing_R,high
-0.0116516072209862,0.0012779573969744,-0.0043954058094588,0.0015250746625921,0.0007927640170369,0.4073028893650249,0.4073028305154654,0.4073027968871457,False,0.0362278717431382,4.862864615671752e-05,9.49331875894028e-05,3.8659815658652576e-05,2.4556037314718933,0.487759261102217,0.1050089094361954,0.4072318294615875,-0.2417450166078237,0.8893952965268969,-0.3879888573929875,6508.375522388329,True,wing_R,high
-0.0120277513182496,0.00233393925637,-0.0042872783205096,0.0007316044310022,0.0004039302949937,0.4684710815739743,0.4684710206226448,0.4684710206226448,False,0.008320384462689,6.678352112774591e-05,2.45840345336049e-05,6.105288176274788e-05,2.7165403236176244,0.0858091826879905,0.5460755379966274,0.3681152793153819,-0.256787916654708,0.7650945946094431,0.5904999806600733,2587.075349722292,False,wing_R,high
-0.0133943989011406,0.0028108046557128,-0.0038812795375045,0.001301694379742,0.0010777074635476,0.1588688770400896,0.1588688770400896,0.1588688770400896,False,0.031064915581974,5.456459179857181e-05,4.597394144837857e-05,1.874835291768036e-05,2.9103672220249006,0.1574400186462697,0.4989607295368939,0.3435992518168362,0.9832953194695712,0.0129719314394513,0.1815545199216046,4319.559927646363,True,body,high
-0.0117617303645291,0.0016399928600515,-0.0045130907364797,0.0013060902054132,0.0005592674883222,0.4808296572102252,0.4808296572102252,0.4808296572102252,False,0.0400161428868685,7.487128503833176e-05,2.830590161869815e-05,4.993332875507321e-05,2.645076848174789,0.3330777115751532,0.2888614390056547,0.378060849419192,0.3946873974565419,-0.9068600983793428,0.1477383506622102,6551.935102221508,True,wing_R,high
-0.0124353049476445,0.0021441284663487,-0.0026806865534674,0.0009872508576597,0.0007370134902661,0.220970395939673,0.220970395939673,0.2209703454971934,False,0.0326038191108846,2.231772715649352e-05,5.67046598947191e-05,2.1244302420469708e-05,2.669170244916207,0.6064216380465062,0.0189300974208607,0.374648264532633,0.8836263121889292,-0.4395499419956709,0.1612463608860539,3091.698010123408,False,body,high
-0.0111320971984982,0.0024464679702017,-0.0032941987992035,0.0010852686434929,0.000961287957281,0.761285301694546,0.7612853521370256,0.7612853521370256,False,0.0211455979285098,4.578221719471475e-05,2.093908867983599e-05,2.0359220043716e-05,2.248721566759908,0.5426370769510641,0.0126658050145053,0.4446971180344304,-0.2787334995610237,0.7762959443269443,0.5653956517731654,1837.1944088340183,False,body,high
-0.011677425299207,0.0016979769887411,-0.0039944582884231,0.0009974952247672,0.0004847059271559,0.3954345053381555,0.3954345053381555,0.3954345053381555,False,0.323902815940083,3.2784917926433326e-05,3.391102237070607e-05,7.608174700187082e-05,2.320632529036432,0.5542817599880795,0.0148012432501721,0.4309169967617484,0.99225923409495,-0.0853643682568642,0.0901916680487173,5073.672818007162,True,body,high
-0.012230841010238,0.0024630307015107,-0.0031199089319112,0.0004648519059249,0.0003133933070853,0.2374314752535126,0.2374314752535126,0.2374314752535126,False,0.0157992650029445,4.300160475707694e-05,1.770799262806502e-05,1.6657503562973742e-05,2.5815155671141983,0.5882015862407846,0.024429066566833,0.3873693471923825,-0.4753778310451171,-0.8749701118340134,-0.0918870020623907,9759.862665996288,True,body,high
-0.0115530733511943,0.0026785977451576,-0.0038410531210013,0.0007129597243022,0.0005021395976549,0.4671972113984532,0.4671971504471238,0.4671972113984532,False,0.6728806150493702,2.2691069224241783e-05,4.505936433718114e-05,5.1207876045868144e-05,2.2567414316096093,0.1200696491137345,0.4368135693209289,0.4431167815653365,0.0562827493321009,-0.799113102519251,-0.5985403090099086,4905.963588825884,True,body,high
-0.0127080305875231,0.0027486768643366,-0.0035568587636621,0.0006058416580266,0.0003825750215471,0.201154874920268,0.2011549085485877,0.201154874920268,False,0.0408337616087319,0.0001154452367275,4.5223083405903566e-05,0.0001005475073602,2.552794458780386,0.1290458557631086,0.4792265625036732,0.3917275817332181,-0.9171677045322028,0.2915552180401757,-0.2716596337269767,13472.028793951024,True,body,high
-0.0123456018769455,0.0030475463521333,-0.0032184015553237,0.0007146165005834,0.0004437029930967,0.147399266035461,0.147399266035461,0.147399266035461,False,0.1191514399466746,6.139397897941254e-05,2.7127601224733017e-05,4.438304204523633e-05,2.2631554655646395,0.2770782610438158,0.2810607995661862,0.441860939389998,-0.8137297958158219,0.5545577316046079,-0.17409635756986,3256.9447330587977,True,body,high
-0.0115179613010508,0.0012388973177851,-0.0037762518335116,0.00139780132155,0.0009821668144841,0.4277831329731236,0.4277831329731236,0.4277831666014434,False,0.0569555602357623,2.683240233371675e-05,2.2084344204134823e-05,5.255508727270986e-05,2.379744075120421,0.4894423408625954,0.0903444057650236,0.4202132533723809,-0.4895176945106498,0.8342913596981535,-0.2536342916365695,2630.4943329054604,True,body,high
-0.0121079280540616,0.0027696795676512,-0.003513255677519,0.0003294059766799,0.0003105957013268,0.4798980371568166,0.4798980371568166,0.4798980371568166,False,0.0179425086561544,4.141707288880503e-05,9.619931875379643e-05,9.386866586720852e-05,2.322697188477532,0.0242273325505846,0.5452387153867816,0.4305339520626338,0.344752256363108,-0.7780194336498382,-0.5251967655990759,7991.541331250858,True,body,high
-0.0127356037747851,0.0028011780941251,-0.0030631165679816,0.0008360148836645,6.203437393179844e-05,0.2610159910897494,0.2610159574614297,0.2610159574614297,False,0.0106315803007532,3.641950591829874e-05,7.338338170357594e-05,9.57524256821939e-05,2.6291522432236984,0.2336133400198309,0.3860359204680806,0.3803507395120885,0.918910325014888,-0.3924914739651886,0.0394240719062132,4245.401762323155,True,body,high
-0.0127978832957032,0.0025260973524981,-0.0035324797033763,0.0006253174723239,0.0004161901982441,0.1155801162943793,0.1155801162943793,0.1155801162943793,False,0.0549710690555805,2.816152596689113e-05,6.362350657209922e-05,6.697863246810393e-05,2.3783736913563978,0.050092481323838,0.5294521446387477,0.4204553740374143,-0.8485301509761476,0.0163660114149329,-0.5288938802394698,7932.8623673365455,True,body,high
-0.0107755846952865,0.0023668459830275,-0.0031093681865519,0.0014829884052777,0.001335468529528,0.984822848139188,0.984822848139188,0.984822848139188,False,0.9411023508636976,5.150840997594096e-05,2.0843654970666584e-05,5.159779168392505e-05,2.4754675586666046,0.0017322777790883,0.5943036320840794,0.4039640901368321,0.6906325777422726,0.6698655041826107,-0.2725928261477926,1403.6924173192997,False,body,high
-0.0128649445574311,0.0024242317052845,-0.0036270247909859,0.0006885956811245,0.0005514596263225,0.7343589043301568,0.7343589547726364,0.7343589043301568,False,0.0286087080918106,3.2002496879457355e-05,3.239947033977871e-05,7.702197357060697e-05,2.4067488815239275,0.5793476999121852,0.0051540286741346,0.4154982714136802,0.2010157926085519,0.259675383321192,0.9445429298972848,4920.661703443404,True,body,high
-0.0121957041372291,0.0026189562002989,-0.0035541458953478,0.0001668467723326,0.000142128014565,0.2303578422726109,0.2303578927150905,0.2303578422726109,False,0.0924015582283905,7.14496291822037e-05,2.7389715687964186e-05,2.921231043012671e-05,2.6086298228207125,0.5911481869887331,0.0255088061760926,0.3833430068351743,-0.2007725309427007,-0.4937790346837425,-0.8460925810605207,7285.774220766752,True,body,high
-0.0116851256870284,0.0018673418678201,-0.0035308131878209,0.0007692560919362,0.0005848655543428,0.3255340242297734,0.3255340242297734,0.325533956973134,False,0.0450386906877476,3.9928037302505405e-05,1.598283258935041e-05,1.5101851279209948e-05,2.643916733405564,0.5997090348253227,0.0220642277872542,0.3782267373874231,0.8221389157205715,-0.5638473560875643,0.0785096318349954,4600.755390025498,True,wing_R,high
-0.012762562879061,0.0023310798156425,-0.0031034069296027,0.0007650616389677,0.0003888504788906,0.1595291018410217,0.1595291018410217,0.1595291018410217,False,0.1556395994763309,3.672142846490792e-05,4.706956842774614e-05,7.800461135499756e-05,2.1242259524174303,0.3965796686873626,0.13266061817479,0.4707597131378473,-0.8296279130744468,-0.2500880689734823,0.4991727993439278,3021.8450723810006,False,body,high
-0.0123056406312477,0.0018894564023845,-0.0039410275275239,0.0006822191904631,0.0005832537273583,0.4081175101888408,0.4081175101888408,0.4081174765605211,False,0.0429676282317072,9.048365306314194e-05,3.423430498240202e-05,8.77666988658833e-05,2.643069666805113,0.0300270170940455,0.59162502917654,0.3783479537294145,0.1083193227634642,-0.6125911591456918,-0.7829425241054434,6993.94976148499,True,wing_R,high
-0.0126183556341461,0.0016794517024155,-0.0030723132457702,0.0010270858188468,0.0009640741567529,0.4282262617490663,0.4282262617490663,0.428226295377386,False,0.0062030380621905,3.642825952166297e-05,1.461548397540723e-05,1.417701667026186e-05,2.5695292859516767,0.5987872007248721,0.0120364604541324,0.3891763388209953,-0.8287380061768168,0.5046704135502005,-0.2418699874005536,1698.3819286757634,False,wing_R,high
-0.0119367047736553,0.002594107655705,-0.0033412589564773,0.0003682185754958,0.0003649923666807,0.1160072295830584,0.116007162326419,0.116007162326419,False,0.1008889383576438,3.675839345628068e-05,1.4506918697643094e-05,1.4679867509650793e-05,2.5338525859562946,0.6006390342627301,0.0047050155283145,0.3946559502089553,-0.8574127858613854,-0.1263200648349516,0.4988853133351508,7457.308685960384,True,body,high
-0.0119930976288775,0.0017123502417613,-0.0037492235148307,0.000783850138148,0.00060718565281,0.5356821987646115,0.5356821987646115,0.5356821987646115,False,0.0519400000239238,4.072785804563042e-05,8.671077110628024e-05,3.155912042515994e-05,2.747566153242713,0.5303022043742314,0.105739315929188,0.3639584796965806,-0.4703857717511671,0.7612236972438575,0.4464030784934739,4391.959342505367,True,body,high
-0.0120020668780143,0.0021074942938118,-0.0043497624102304,0.0008613750482513,0.0004266421782547,0.3598874545869319,0.3598874293656921,0.3598874293656921,False,0.01973373837507,2.1984214922669795e-05,2.5803017249169226e-05,6.484947961863089e-05,2.949820125337252,0.6021091086480181,0.0588871699350122,0.3390037214169696,0.3570266438153653,-0.8526774797377871,0.3814093485403209,3489.8068102406783,True,wing_R,high
-0.0124764984675124,0.002800510603908,-0.0037782196846785,0.0004965349526307,0.0004593851385375,0.2434134657198799,0.2434134657198799,0.2434134657198799,False,0.0786621463706601,6.855338507387333e-05,2.4658374088993008e-05,2.3250537798197346e-05,2.948464490106909,0.6403040628493972,0.0205363497262546,0.3391595874243481,0.5672799046747727,-0.6493645748034186,-0.5064772045635979,5240.449448410954,True,body,high
-0.012117105690167,0.0019389016767363,-0.0039108806750507,0.0006154490555179,0.0004293169272608,0.2869978698383501,0.2869978698383501,0.2869978698383501,False,0.0176441328102675,3.3604281899357826e-05,8.07124850673271e-05,2.951975343275536e-05,2.7341856107025566,0.5836544758679343,0.0506059064244561,0.3657396177076095,-0.6478943428868473,0.7031658382486584,0.2929005366592593,10094.009323230102,True,wing_R,high
-0.012395334809298,0.0030397892477675,-0.0031271250644575,0.0007715566531612,0.0004144694289753,0.149309892648294,0.149309892648294,0.149309892648294,False,0.062261106986358,0.0001133460666514,0.0001154092405701,4.534140891008634e-05,2.545338650570469,0.0178770253446043,0.5892479441458495,0.3928750305095461,0.0540110377352029,0.7683628372137945,0.6377314154027025,3155.921486878537,True,body,high
-0.0109556429961226,0.0027110977974744,-0.004465083662277,0.0015300979338727,0.0008024599038596,0.3641550565001533,0.364155090128473,0.3641550565001533,False,0.1012512483110992,5.138158535701306e-05,5.331717800925616e-05,2.229604945512066e-05,2.391328478014789,0.0363033589644798,0.5455190426027985,0.4181775984327217,-0.2112162491274216,0.6894583802177445,0.6928454647697905,17269.90265924458,True,wing_L,high
-0.0121069165704051,0.0018001887416658,-0.0039297879650162,0.0007452797815855,0.0005441980721099,0.3646144950111568,0.3646144950111568,0.3646145202323966,False,0.0435094326942256,2.449961311708556e-05,2.606214900982075e-05,6.284767755529319e-05,2.565251837036742,0.5853124566633133,0.0248622694348646,0.389825273901822,0.3551177669217445,-0.8463771809776982,0.396909358842492,11103.274860493077,True,wing_R,high
-0.0112998311797144,0.0026655958791034,-0.0039973647465891,0.0009945325903556,0.0006150185333205,0.2595853078558651,0.2595853078558651,0.2595852742275453,False,0.0537617772204669,7.552214977902176e-05,7.186162658664541e-05,3.206065967193006e-05,2.35560186695545,0.0484695311651887,0.5270105132225872,0.4245199556122241,-0.216536519907363,0.8089392444447667,0.5465612814164009,4535.712393196393,True,body,high
-0.0121403693284624,0.0028060396128692,-0.003696030206181,0.0003708542108332,0.0003701490501855,0.1797553927857252,0.1797553591574054,0.1797553591574054,False,0.1097048657100264,0.0001619257650192,0.0002392032978508,8.313436301645668e-05,2.877309564559521,0.3230621547690921,0.3293909520091189,0.347546893221789,0.3839048163800717,-0.8551602567981695,-0.3483073745315648,6440.086606236295,True,body,high
-0.0110715321045985,0.0027241776806762,-0.0043592835385979,0.001379249828429,0.0007591712612923,0.2728387498938477,0.2728387835221674,0.2728387835221674,False,0.1093095784201299,0.0001073963163707,4.153625270889295e-05,9.46643169493568e-05,2.585604366466844,0.1185515467538951,0.4946916806442424,0.3867567726018625,0.2499935077269282,-0.6934870262013602,-0.6757062901770122,6082.710201197288,True,wing_L,high
-0.0122209573466952,0.0025394573458284,-0.0034272522372284,0.0001809657009131,8.435838244955279e-05,0.2567885245761059,0.2567885245761059,0.2567885582044256,False,0.2220279959345839,4.0624942822713865e-05,4.035033517890725e-05,9.125074258093492e-05,2.261461823708354,0.5547987701395248,0.0030093743463299,0.4421918555141453,0.6710010223878349,0.4178561171208166,0.6124980761922393,8860.816064129476,True,body,high
-0.0124292493143336,0.0023691994183685,-0.0035600002087774,0.0002659720030032,0.0002199099331815,0.2139998505728526,0.2139998505728526,0.2139998169445329,False,0.0562938721523542,8.50964232051387e-05,9.262252092884788e-05,4.047250477248609e-05,2.288529495506152,0.0812555914936789,0.481782594396588,0.436961814109733,-0.1004376916086598,0.5925327177458033,0.7992604384711506,6493.996476611791,True,body,high
-0.012394548268848,0.0024490654220376,-0.0033201832330008,0.0003392816668046,0.0001290025173353,0.1443648146061277,0.1443648482344475,0.1443648482344475,False,0.0381769522943101,0.0001351907300391,0.0002937218448616,0.0001100832104518,2.668180221633357,0.5397321227408315,0.0854806001884169,0.3747872770707515,0.3717066729413695,-0.8612970206554472,-0.3464124586398529,12791.832205997747,True,body,high
-0.0117722736571178,0.0027947911355274,-0.0040537197071888,0.000709270745823,0.0005387905698915,0.2039183493493511,0.2039183493493511,0.2039183493493511,False,0.0748806091002459,4.933502363438379e-05,3.739409123177944e-05,9.859620731408616e-05,2.636678792458365,0.4996255436355366,0.1211094496217846,0.3792650067426787,0.4268750262399366,-0.8466283850035361,-0.3178019661345065,7835.247854759094,True,body,high
-0.0135046223594578,0.0027414812937812,-0.0034130119051739,0.0013670610991703,0.0008268139530398,0.1581011425010341,0.1581011425010341,0.1581011425010341,False,0.0314413896722483,7.968927566321794e-05,9.216450881830287e-05,5.673603368193e-05,1.6244439880127994,0.1353583208442977,0.2490464309481533,0.615595248207549,0.3588089495655332,-0.910473608231128,-0.2056549207441156,3517.710625895467,True,body,high
-0.0120276059657422,0.0019359814343994,-0.003535147292186,0.000542817086323,0.0004807092897074,0.2205491844211036,0.2205491171644641,0.2205491171644641,False,0.0143855401019682,3.158513505530999e-05,5.761625242405514e-05,2.6099657015882968e-05,2.2075482596952414,0.4518016405710726,0.0952071300829139,0.4529912293460135,-0.4983082560840591,0.6620741977973552,0.5597737386922081,4566.386454366723,True,wing_R,high
-0.0122100203624255,0.0027852435883914,-0.0032432859498084,0.0004737136102744,0.0003060801755998,0.1480073669408372,0.148007400569157,0.1480073669408372,False,0.0410052895888601,6.668290353902399e-05,0.0001004656989066,4.955651104288111e-05,2.027295642740929,0.3362619852874668,0.1704700478125563,0.4932679668999768,0.7029665234161008,-0.7111881075902655,0.0070386489085733,6131.871428506711,True,body,high
-0.012950025454944,0.003055487117195,-0.0034865754552628,0.0009820701567238,0.0005908102318973,0.1869534337354064,0.1869534337354064,0.1869534337354064,False,0.0558767606537723,8.253013303632426e-05,3.3367583082883e-05,3.217039881273858e-05,2.5654059657987403,0.5956921204986206,0.0145060261761301,0.3898018533252493,-0.4289661008232777,0.0730794471019574,0.9003596385643604,3135.7663784506494,False,body,high
-0.0120244676500838,0.0028042626712885,-0.0037229338777391,0.0004067487360419,0.0004002989032353,0.1487828359934269,0.1487828023651071,0.1487828359934269,False,0.0601951213852439,0.0001361838171714,0.0001250599646303,5.046905147452043e-05,2.6983629212882443,0.0816826314031406,0.5477222970033826,0.3705950715934767,0.2543994978278316,-0.765902170390225,-0.5904868846100564,6353.265625868547,True,body,high
-0.0113596699187504,0.0027964786972227,-0.0044002447120011,0.001207018258487,0.000727909181872,0.3340715820385961,0.3340715820385961,0.3340715820385961,False,0.0743325582379865,8.11816880766038e-05,2.9922976136839788e-05,6.939892070179181e-05,2.7130218500109904,0.1451407041905023,0.4862666138169257,0.3685926819925719,-0.2625430006423137,0.7047296753732291,0.6591109599013456,17014.506535985613,False,wing_L,high
-0.0118416515375074,0.002764784266982,-0.0038032820791601,0.0005082826717559,0.0004367055663815,0.3599816643246089,0.3599816054750493,0.3599816643246089,False,0.0850456927003194,0.0001033062120477,4.084898904383078e-05,9.318130790063296e-05,2.528978426783924,0.098008667111567,0.5065747530516131,0.3954165798368197,0.3530584423040366,-0.7697116871722582,-0.5318774811441853,6096.111045665479,True,body,high
-0.0120780631656008,0.0019841335283285,-0.0036940719344999,0.0004946880488183,0.0003878030918444,0.1419257189489995,0.1419257189489995,0.1419257189489995,False,0.0603350873311054,6.376443097555132e-05,6.449970172012765e-05,7.888565250730002e-05,1.2371419504636765,0.182364604081092,0.0093207157601731,0.8083146801587349,0.3805122367098208,-0.9190343142025352,-0.1028900725646789,6540.269495308365,True,wing_R,high
-0.0122166008430482,0.0021478720089307,-0.0038042036071364,0.0003813811530604,0.0003036109123181,0.2481150747273216,0.2481150747273216,0.2481151251698011,False,0.0484505098034329,5.733571814832781e-05,2.2319770498975096e-05,3.00300374262126e-05,2.568830990039105,0.4762420634808353,0.1344758062904348,0.3892821302287298,0.1481844812232664,-0.9812523916542836,-0.1232278515488283,8019.436321863099,True,body,high
-0.011903393965334,0.0027666801610123,-0.0038429211628723,0.0004907890559156,0.0004253233825936,0.1768223307403277,0.176822297112008,0.1768223307403277,False,0.0573467806535702,3.86220066951588e-05,9.976518316535298e-05,8.778511498398314e-05,2.583117546242318,0.1200826561057259,0.492788232617589,0.3871291112766851,-0.2064732947959227,0.7127517696486105,0.6703384916584234,5793.702139874122,True,body,high
-0.0130623009636492,0.0022835010269979,-0.0034514412793474,0.0009096841584412,0.00067538540628,0.2400089682604211,0.2400089682604211,0.2400089682604211,False,0.0191821830252053,3.180922009897636e-05,6.450382313629703e-05,2.55031569544228e-05,2.5292485652491217,0.5068630268354287,0.0977626261195216,0.3953743470450496,-0.4232886348854123,0.8072139472961188,0.4113786271398443,3407.450632952891,True,body,high
-0.0109071697675579,0.0027359711668448,-0.0045559804517647,0.0016261291946595,0.0008500458165448,0.335718629881516,0.335718629881516,0.335718629881516,False,0.1110383695724321,9.167299726333962e-05,3.668411581257731e-05,8.534926904541721e-05,2.498983421917699,0.0689813620880844,0.5308559192522582,0.4001627186596573,0.2483284449812564,-0.7217770321476018,-0.6460424903033783,11053.824109943196,True,wing_L,high
-0.0128755005625721,0.0028829378894715,-0.0029568844969112,0.001029111779059,8.768860536345646e-05,0.1111766895978357,0.1111767232261555,0.1111767232261555,False,0.0684523976005491,0.0001000697733638,0.0002522365122524,0.0001123641377979,2.52060641064382,0.554528657272742,0.0487414146523002,0.3967299280749577,-0.486666095896191,0.0965146423259724,-0.8682401942560877,3129.198836625815,True,body,high
-0.0123432772660634,0.0021600313094535,-0.0034329170022535,0.0003694240363797,0.0003547162923989,0.1625669833589656,0.1625669833589656,0.1625669833589656,False,0.1280541297469237,9.229222065244486e-05,9.30745094445309e-05,3.673144563193322e-05,2.5339190397563525,0.0084049735717624,0.5969494263477573,0.3946456000804802,-0.4771174307699989,0.7744039219567097,0.4155207851762672,4617.871887717092,True,wing_R,high
-0.0110829439066838,0.0028367590879989,-0.003854438284712,0.0011917232573595,0.0009098330137913,0.3485685657112584,0.3485685657112584,0.3485685657112584,False,0.0080847236217033,5.118121872942939e-05,2.1955028980136825e-05,5.8662602578550834e-05,2.671943755192677,0.127532423047608,0.498208201897587,0.3742593750548049,-0.3376019760277955,0.6779715889988097,0.6529773581775686,2631.568728488805,False,wing_L,high
-0.012622013513518,0.0021097964091567,-0.0029177078022946,0.0008700508317426,0.0006194153308772,0.1371603170190616,0.1371603170190616,0.1371603170190616,False,0.0534571331491838,0.0001095132656241,0.0002486335329888,9.607879837574726e-05,2.5878085195916536,0.5595394381938599,0.0540332073750649,0.3864273544310752,0.4294489921921532,-0.8534380686436454,-0.2953252886140103,2525.341379900011,False,body,high
-0.0116626148570625,0.0014326831449116,-0.004185417140818,0.0012947421946331,0.0006800137478189,0.2513420314728538,0.2513420314728538,0.251342014658694,False,0.2765253707723963,2.925267817173173e-05,6.90132832206487e-05,3.401567429067414e-05,2.359212473316018,0.5071140988623958,0.0690156430279399,0.4238702581096643,-0.5098188178269583,-0.726077828111017,0.4614062857342876,5393.507708376189,True,wing_R,high
-0.0109266362019313,0.0026700410725046,-0.0043135440817935,0.0014659161555331,0.0007881472601773,0.3033081597665951,0.3033081597665951,0.3033081597665951,False,0.0587408481453527,6.449207471919503e-05,2.8618976169539305e-05,7.240376669493123e-05,2.529921624938994,0.1092718284819576,0.4954590097612572,0.395269161756785,0.2682650384870118,-0.7001818855991784,-0.6616488465979076,6647.146789322789,True,wing_L,high
-0.012839247885885,0.002635713753334,-0.0034122493558064,0.0007055550420087,0.0003504107252426,0.0915363384958175,0.0915363721241372,0.0915363721241372,False,0.0935561138736601,8.240091891025859e-05,0.0002444531629429,9.033518029575744e-05,2.966631515471235,0.6304601699228782,0.032457184394665,0.3370826456824567,-0.4918565890777402,0.0670845475539199,-0.8680879905057418,11275.831544819415,True,body,high
-0.0122307107181784,0.0029031164779335,-0.0039932745665918,0.0006104203963237,0.0006051306811807,0.3719499496822667,0.3719499496822667,0.3719499496822667,False,0.0205154623681695,8.34751842639604e-05,3.117309735568278e-05,8.233925383802372e-05,2.6777956425540457,0.0136080014192565,0.6129505065906328,0.3734414919901107,0.2981153727868759,-0.70811882914278,-0.6400741740779743,3908.165419683158,True,body,high
-0.0124253959491147,0.0031281821425976,-0.0036036178797784,0.000717062345262,0.000604259454163,0.1361728550389991,0.1361728550389991,0.1361728550389991,False,0.0674166586149742,5.00620210482938e-05,2.161710093129375e-05,2.182332807270196e-05,2.315852676425361,0.5640741700849543,0.0041194329971071,0.4318063969179386,0.935145962941921,-0.202177689886756,0.2909058433677158,3121.683320830951,False,body,high
-0.0121441507605916,0.002801324941814,-0.0029523603289777,0.0007190530372991,0.0005002472891581,0.4013199573057057,0.401320041376505,0.4013199573057057,False,0.0077703276205634,3.619913866045944e-05,4.381336852478797e-05,8.283813536972014e-05,2.28840073093244,0.4710966352726102,0.0919169634896413,0.4369864012377484,0.5006919712632245,-0.8584856229960713,-0.1109503718857822,4014.1086259436624,False,body,high
-0.0128805470078364,0.0024686768898246,-0.0035025279404347,0.0007065867599975,0.0004774442370623,0.1697211057231012,0.1697211057231012,0.1697210720947815,False,0.0207774004055349,3.0241935957581608e-05,3.937061396745856e-05,1.8273607159376025e-05,2.1545069686615137,0.2318652692950682,0.3039914187799535,0.4641433119249781,-0.2389433271163551,0.7758307997252817,0.5839457651393631,6684.318827142608,True,body,high
-0.0118787422397901,0.0026970210570966,-0.0036422361251965,0.0003898277984838,0.0003586442641375,0.1879607700524195,0.1879607700524195,0.1879607700524195,False,0.0063557633778957,5.224451007528281e-05,3.371232724457136e-05,2.0164328419942184e-05,2.5909372723573507,0.3547201955575259,0.2593190902758376,0.3859607141666364,-0.5060049345335149,0.3722396619473192,0.7780723875714128,4721.048499598791,True,body,high
-0.0109130248024308,0.0026814024933543,-0.0043941728076362,0.0015207542155652,0.0007982180430081,0.3869927546121962,0.3869927546121962,0.3869927546121962,False,0.0581405113667779,6.723885567700695e-05,2.994672815450806e-05,7.049448378108853e-05,2.353996183401978,0.0461827355767511,0.5290077396453423,0.4248095247779065,0.2260324258745612,-0.7012098788552947,-0.676176048266281,11683.54551845997,True,wing_L,high
-0.0087531576748896,0.0035961131501643,-0.0028871369809976,0.0036765720316756,0.0033998393517623,0.9905187456755942,0.9905187456755942,0.9905187456755942,False,0.0835314760802213,2.198350209766781e-05,2.3584045260225004e-05,5.423024288059178e-05,2.466860950528213,0.5651126750039802,0.0295138483167296,0.4053734766792901,-0.7070732823885559,0.4298694117450027,0.5614798858180754,370.51861946730287,False,wing_L,high
-0.0120194083047951,0.002482437649597,-0.0026841962197441,0.0009119503138623,0.0007631385792376,0.1422893419700598,0.1422893419700598,0.1422893083417401,False,0.0133567817532057,4.873459118116636e-05,5.139991511125482e-05,6.061579001652648e-05,1.243793957174953,0.1520375285508777,0.0439707859843412,0.803991685464781,0.3553296561133462,-0.8976262287048132,-0.2607834140192688,5659.037398750872,True,body,high
-0.0120219946707387,0.0019391649678923,-0.0037548170953788,0.0005664468112402,0.0004007916746804,0.2683962975322769,0.2683962975322769,0.2683962302756374,False,0.0175770232457769,2.1879426892314448e-05,5.267832733739089e-05,2.6215480182323674e-05,2.407664862368727,0.5023479007900082,0.0823119014815702,0.4153401977284215,-0.4661053015841854,-0.7862338202337674,0.4056873522254933,5974.261216833523,True,wing_R,high
