x,y,z,dist_to_centroid,dist_to_principal_axis,R,G,B,color_oob,opacity,scale_phys_0,scale_phys_1,scale_phys_2,scale_ratio,linearity,planarity,sphericity,orientation_x,orientation_y,orientation_z,local_density,if_keep,part_label,confidence
-0.0122097494563496,0.0018008453358583,-0.0037868461757411,0.0007427687647676,0.0006272846017528,0.3120288405904167,0.3120288405904167,0.3120288405904167,False,0.4682602993888621,9.99265817992677e-05,8.230000078161671e-05,3.662982478887385e-05,2.728011459929778,0.1763953164440191,0.4570373084960017,0.3665673750599791,0.529710737287037,0.8425888761926825,0.0972137877010043,7017.506946061633,True,wing_L,high
-0.0113972228435256,0.0010567984719458,-0.0044503609209743,0.0019022175223526,0.0009750485628771,0.4379791638464889,0.4379791638464889,0.4379791638464889,False,0.4726684435374165,5.8379590282235375e-05,2.279793984464822e-05,2.407565759148297e-05,2.560739728240834,0.5876014635407766,0.0218863774250152,0.3905121590342083,0.4544951414414109,0.6923250372538602,-0.5604642800371785,12403.121067405484,True,wing_L,high
-0.0115616322185349,0.003015361819564,-0.0043356937921809,0.0011455552358756,0.0008217057910585,0.3495950197280285,0.3495950533563482,0.3495950197280285,False,0.3667215336340125,0.0001342207561711,0.0001384471794239,5.980467391824693e-05,2.314989286844321,0.0305273337486889,0.5375052244653706,0.4319674417859405,0.4026837992423214,-0.3939218699910106,-0.8262392620606664,6398.120506936445,True,wing_R,high
-0.012663843232146,0.0032519192781864,-0.0026941085755926,0.0012218851146529,0.0005717124692607,0.1839013610665434,0.1839013610665434,0.1839013610665434,False,0.4030832498414939,0.000100672817166,3.6455715012327614e-05,3.8586994566726033e-05,2.7615098793709643,0.61670890263187,0.0211703577429699,0.36212073962516,0.6870797282461554,0.726540187937498,-0.0077975858401392,1982.054031655234,False,body,high
-0.0117012416385922,0.0031931875760534,-0.0043670197908032,0.0011819363217165,0.0009811668803697,0.3451215620556819,0.3451215956840016,0.3451215620556819,False,0.3031964144768947,6.075242781924521e-05,3.727861872175114e-05,2.5961681208510225e-05,2.340080649296726,0.3863847082347879,0.1862795927581996,0.4273356990070124,0.3427102665215193,0.0321992371758585,-0.9388891746878554,10848.363604708878,True,wing_R,high
-0.0124829664324194,0.0025887792352311,-0.0017966152495996,0.0017962987405231,0.0012551192181351,0.2188607905590961,0.2188607905590961,0.2188607905590961,False,0.1477769085487546,6.243047394981894e-05,2.3032624851919293e-05,2.4311459489427503e-05,2.7105236312055268,0.6105834546607984,0.0204841411028871,0.3689324042363143,0.2222194079651041,0.5595208831536274,0.798470360150346,1684.8025128202617,False,body,high
-0.0116068769340919,0.001757234835227,-0.0039738375434475,0.0010719346191326,0.000480360011376,0.2987466463390791,0.2987466463390791,0.2987466295249192,False,0.4546985721830331,6.860132361021762e-05,6.493153833773048e-05,2.691328405244129e-05,2.5489763150623315,0.0534943799822042,0.5541912646074174,0.3923143554103783,-0.3785471574161889,-0.8265338071268309,0.4165860238756815,8391.567355526404,True,wing_L,high
-0.0117654428770368,0.0009787281462041,-0.0042576560955727,0.0017478318474756,0.0011932362737859,0.5235257734670075,0.5235257734670075,0.5235257734670075,False,0.7558875361657197,7.893818138073698e-05,5.19223474073057e-05,2.9433059504970844e-05,2.681956368396068,0.3422403898960847,0.2848974667134001,0.3728621433905151,0.6251774244037639,0.5125974872232818,-0.5885550136633391,7602.181638966652,True,wing_L,high
-0.0122290583533984,0.0016934762514319,-0.0037459414091582,0.0008360408511883,0.0007372666295251,0.4430803361416845,0.4430803361416845,0.4430803361416845,False,0.1881486903286747,4.237717866338569e-05,9.135706014968567e-05,3.947806893315574e-05,2.314121805308448,0.5361367956242024,0.0317338334385963,0.4321293709372013,0.3200437243005742,-0.9409156190457548,0.1106788704837624,9279.094496810392,True,wing_L,high
-0.011773506704952,0.0024708129567887,-0.0030991511929498,0.000680691844032,0.0006776660933943,0.5018427370779206,0.5018427370779206,0.5018427370779206,False,0.4172607843720056,0.0001145424652361,7.460884089591238e-05,4.246209266630831e-05,2.69752285023466,0.3486359775643564,0.28065353895892,0.3707104834767236,0.1931115200751411,-0.8792143646861967,-0.4355342027254758,3031.0729496915897,True,body,high
-0.0117579151489704,0.0014589791861576,-0.0040973956067262,0.0012759288201826,0.0007597613505665,0.4605971008892051,0.4605971597387646,0.4605971008892051,False,0.164564740007112,3.665190905095152e-05,8.795036302537152e-05,7.079037181332242e-05,2.399612061219176,0.1951099531800552,0.3881560187821259,0.4167340280378188,0.5968700383589111,0.7994728084823752,-0.0677450057696902,5860.125674446033,True,wing_L,high
-0.0113072584420548,0.0032612041081912,-0.0046802932335092,0.0016371603185281,0.0012022535007082,0.3420786362897809,0.3420786362897809,0.3420785690331415,False,0.4571398526593964,9.746922902491692e-05,3.845907148081915e-05,0.000108555430011,2.8226222275064994,0.1021247945402542,0.5435947104452221,0.3542804950145236,-0.2649695813611786,-0.3638112112298814,0.8929907746089701,4538.088437990191,True,wing_R,high
-0.011597706081609,0.0027642926040887,-0.003876196747065,0.0007664660875596,0.0005102090652461,0.3675949057307107,0.3675949057307107,0.3675949057307107,False,0.2033811810224187,2.8686141503640486e-05,6.627663728554007e-05,6.588691967451764e-05,2.310406133816535,0.0058801657263238,0.5612954986023928,0.4328243356712833,-0.3056277149050457,0.465870646022176,0.8303952318365038,22487.185581513742,True,body,high
-0.0115906622928008,0.0025165021701742,-0.0026003095303611,0.0011820735168054,0.0011751282167462,0.1623542842367787,0.1623542842367787,0.1623542506084591,False,0.8335267640531228,0.0001039488319459,0.0001068642296979,4.0253210572996406e-05,2.6548001557340104,0.0272813247261093,0.5960424882395728,0.3766761870343177,0.9017900438199034,-0.4023733895792728,0.1577034312428988,5301.620557733599,True,body,high
-0.0124208859009653,0.0018082562974725,-0.003784654316945,0.0007517301302465,0.0007113380364092,0.3484177090690243,0.3484177090690243,0.3484176754407046,False,0.2055793119496149,3.858997543533598e-05,6.959324365041856e-05,9.584437999456958e-05,2.4836600415870445,0.2738933294329659,0.3234750771702961,0.4026315933967379,0.1311191938273612,-0.7700033826874073,0.6244217706486642,6919.5414568861415,True,wing_L,high
-0.0125180746769055,0.0023571546964913,-0.0020340428466083,0.0015725078809197,0.0011361070023035,0.3198835081108205,0.3198834744825009,0.3198834408541811,False,0.1441737535102748,7.601350129576895e-05,2.83115710547818e-05,2.892872586211244e-05,2.68489167021801,0.6194264785994977,0.0081190156591957,0.3724545057413066,0.320319118849844,0.4812574290533649,0.8159576882903946,2050.857579209825,False,body,high
-0.0114582436557834,0.0014658857339954,-0.0041691765642254,0.0014429354988589,0.0006638002026956,0.4805913270031068,0.4805913270031068,0.4805913270031068,False,0.1006447939211972,2.733489068742609e-05,4.860931125504788e-05,6.278387789029621e-05,2.2968402767082026,0.2257676191970157,0.3388516492210803,0.435380731581904,0.5582742814781616,0.719032399450454,-0.4139109024664187,14740.860672464538,True,wing_L,high
-0.0108888602307056,0.0030989030483885,-0.0047992547745373,0.0019260095208817,0.0011604059898547,0.4311028450315052,0.4311028450315052,0.4311028450315052,False,0.4473330114313469,3.543718567695782e-05,9.480516647778904e-05,6.634373313792173e-05,2.675301795747111,0.3002097290397697,0.3260006665164678,0.3737896044437624,-0.3467742722301903,0.6263540195729755,0.69816061639425,5998.613763135692,True,wing_R,high
-0.0125363328023099,0.0025516277791598,-0.0020473797794553,0.0015554289975298,0.0010403770919783,0.2196627923559395,0.2196627923559395,0.2196627923559395,False,0.2757972372429487,4.6174878665366224e-05,1.9075569208772665e-05,1.775899912324334e-05,2.6000833912386203,0.5868842591441302,0.0285126918268835,0.3846030490289863,0.7507133514366209,-0.5160226348745972,-0.4124925505653105,2187.476607767715,False,body,high
-0.0114295761760544,0.0014035029711745,-0.0042392748682262,0.0015332932494957,0.0006974176996285,0.437593312506098,0.437593312506098,0.437593312506098,False,0.1019187152688017,2.914975041419664e-05,7.838193947027415e-05,5.559474215449392e-05,2.6889403290431,0.2907199983795007,0.3373862897374002,0.3718937118830989,-0.6973758120233104,-0.6532676161411817,0.294802304105729,11047.605080268328,True,wing_L,high
-0.0122405932947383,0.0014634904545953,-0.0038918178040485,0.0010946900867991,0.0009453886054531,0.3148059344889837,0.3148059344889837,0.3148059344889837,False,0.3972558767415673,8.130007343334186e-05,3.138405129622415e-05,4.2985900976745375e-05,2.590490076184752,0.4712686082382247,0.1427040492163099,0.3860273425454654,0.3040986657162675,-0.5918688381863875,0.7464685391183488,5571.331474802744,True,wing_L,high
-0.0114869908979852,0.0025755579866214,-0.0026355282591624,0.0012176282076174,0.0012165318637501,0.3399764123253811,0.3399764123253811,0.3399764291395409,False,0.2063436381070269,4.905367282891116e-05,0.0001301031283895,0.0001077425445071,2.652260695000003,0.1718681492071733,0.4510950075122309,0.3770368432805957,0.7812535358592859,-0.5859540828516883,0.2151760337416791,4950.777357009264,True,body,high
-0.0132667624907646,0.002983404475909,-0.0037424664830957,0.0011270443984676,0.0008178017156527,0.4224910190785956,0.4224910190785956,0.4224910190785956,False,0.0651777478229792,0.0001246737809434,0.0001168622809192,8.552559058290946e-05,1.4577365685957264,0.0626555155793574,0.2513494826190998,0.6859950018015427,0.13351417496243,-0.9719916935651712,-0.1934065994851579,5111.085706066805,True,body,high
-0.0114629727634254,0.0031833300073793,-0.0045577590665241,0.0014292816479386,0.001067743187844,0.3350021280875438,0.3350020944592241,0.3350021280875438,False,0.567981022281567,0.000109214453461,0.0001044234722082,4.470657775537973e-05,2.442916880345533,0.0438676484748218,0.546785636520058,0.4093467150051201,0.434597786908886,0.1502349286452254,-0.8880057600200932,6096.124711559561,True,wing_R,high
-0.011832039241343,0.0015415395155489,-0.0040218678481991,0.00114874655859,0.0007160752125771,0.4427765925474138,0.4427765925474138,0.4427765925474138,False,0.4485289494198161,5.9698741305488094e-05,4.296163905279042e-05,0.0001246163663454,2.9006427383353235,0.5209398006358806,0.1343090217082667,0.3447511776558526,-0.7410887602704801,-0.6309695838229792,0.2294881994591867,6739.865335036784,True,wing_L,high
-0.0114502175239609,0.0009655074810652,-0.0044502039797166,0.0019503511514983,0.0010777805492926,0.4873180985785553,0.4873180985785553,0.4873180985785553,False,0.2371883663582386,5.619233018329956e-05,5.810830529504864e-05,2.512558828232853e-05,2.3127142195479538,0.0329724830559175,0.5346351393871781,0.4323923775569043,-0.586211555793919,-0.473707605806236,0.6572344452742847,10357.101105881917,True,wing_L,high
-0.0131806962589457,0.0029911041017958,-0.0037301909745321,0.0010522189679569,0.0007634117686371,0.4292786432003354,0.4292787020498949,0.4292786432003354,False,0.680601968823078,3.6064820980914286e-05,4.1278547192233656e-05,5.554180111906475e-05,1.5400548126513036,0.2568021497224227,0.0938703122022047,0.6493275380753726,-0.4270702996705979,0.5060917124856297,-0.7493211178744587,4700.531390893208,True,body,high
-0.0112608707271747,0.0029941155616984,-0.0042483722247984,0.0012942043767006,0.000860984829039,0.4414641296714817,0.4414641002467019,0.4414641296714817,False,0.2820967258583228,4.64414452219726e-05,8.020490858801358e-05,0.0001236524311963,2.66254485848367,0.3513681226317502,0.2730513507853083,0.3755805265829414,0.4749999751892421,-0.2883424782650368,-0.8314046179798354,8375.319467815503,True,body,high
-0.0114549157638646,0.0014226891661773,-0.0042243579124636,0.0014993396987307,0.0006886004489896,0.4138770156919846,0.4138770156919846,0.4138770156919846,False,0.1722667439784989,3.4218800515126744e-05,5.357610861321651e-05,9.62928960421976e-05,2.8140348169022005,0.4436130720407629,0.2010252977499708,0.3553616302092662,-0.5598258916205496,-0.7274518984465985,0.396747661010995,13598.057206320573,True,wing_L,high
-0.0116603241473189,0.0012113193230943,-0.004241751984496,0.0015775843632159,0.0009417877183054,0.4431120476471742,0.4431120476471742,0.4431120476471742,False,0.391796347127455,5.496942382280596e-05,3.4416246430332734e-05,9.105627854038214e-05,2.6457353135445287,0.3963137445988656,0.2257194970180797,0.3779667583830545,0.5812927586586218,0.6121812928084744,-0.5360343211646001,10767.810000302958,True,wing_L,high
-0.0124060102477373,0.0017484860426932,-0.0037698709119139,0.000801362829363,0.0007565049125951,0.4198387282815647,0.4198387282815647,0.4198387282815647,False,0.5330932034323176,9.419697187477076e-05,4.402883186392588e-05,3.281792029750027e-05,2.870290713758169,0.5325876088409766,0.1190156259091836,0.3483967652498398,-0.3979647836807991,0.9121321910802178,-0.0981778841954514,7810.884511993956,True,wing_L,high
-0.0114947374969015,0.0014822782737614,-0.0041642764281144,0.0014090146247553,0.0006566092493389,0.4346006232463088,0.4346006232463088,0.4346006232463088,False,0.084104960957346,8.621717604001386e-05,6.648028427043093e-05,3.714227916705502e-05,2.3212677836013893,0.2289206475566183,0.3402802834757656,0.430799068967616,-0.4730298563325673,-0.8126148520101995,0.3404406810450717,12519.28195173435,True,wing_L,high
-0.0108471804386176,0.0028598318730144,-0.0046002653971579,0.0017761855868773,0.000913559641263,0.4373493516571976,0.4373493516571976,0.4373493810819774,False,0.901149537220133,2.541708208933064e-05,2.0890440715264584e-05,5.252136704102156e-05,2.514133988692941,0.5160620615705082,0.0861866632399445,0.3977512751895473,0.6498733693931132,-0.1125169216487811,-0.7516678429308548,4149.271350232018,True,wing_R,high
-0.0121011929136738,0.0013257253033441,-0.0040054354858463,0.0012706394714073,0.0010129758602324,0.3332451997099604,0.3332451324533211,0.3332451324533211,False,0.1768402266518052,8.16829034177371e-05,8.526465978893886e-05,3.642214567236448e-05,2.341011442761702,0.0420075137820043,0.5308266972202728,0.4271657889977228,-0.4070391871864764,0.7159665594120636,-0.5671957209801788,8170.718653792227,True,wing_L,high
-0.0109372513279303,0.0030435600953974,-0.0044892943230527,0.0016899378800506,0.0010429039772691,0.485720247916491,0.485720247916491,0.485720247916491,False,0.2482174360192039,2.064138960337112e-05,4.7630768574822745e-05,4.828275859850656e-05,2.339123456621404,0.0135035785570043,0.55898585240087,0.4275105690421256,0.6068726710346708,0.2176706748504306,-0.7644115635319774,6784.600721748694,True,wing_R,high
-0.0115236382292598,0.0028084949609141,-0.0039568762644575,0.0008772901030876,0.000577896945429,0.363923046315371,0.3639231051649305,0.363923046315371,False,0.2142270454086534,0.0001345050311959,7.84024238773714e-05,5.1759741115741086e-05,2.598641884533152,0.417104154541635,0.1980794511903064,0.3848163942680585,0.5634244654365433,-0.3687938209064557,-0.7392861350037363,9926.004220170318,True,body,high
-0.0109827776174753,0.0030173392201941,-0.0044514495818834,0.0016257331652371,0.0009990442531165,0.4918499292340567,0.4918499292340567,0.4918499292340567,False,0.2604500060332514,3.464267132319906e-05,8.393162698947604e-05,7.605729915158986e-05,2.422781609606121,0.0938183628785549,0.4934329205078279,0.4127487166136171,-0.4474421346443678,-0.0531985931401011,0.892729211929802,8488.352919612651,True,wing_R,high
-0.0116954216242208,0.0019209594001389,-0.0037471555492738,0.0008324611244175,0.0004487724362828,0.295692001103758,0.295692001103758,0.295692001103758,False,0.2690432129229934,3.0244474068352385e-05,7.124400752404435e-05,2.842397869177981e-05,2.506475546459934,0.5754804492413613,0.0255529614326954,0.3989665893259432,-0.5458449355999994,-0.7042378243358027,0.4539850141299905,4843.04646018258,True,wing_L,high
-0.0130301907509301,0.0029632714372807,-0.0027322405445148,0.0012311635355379,0.0001432250140556,0.3886635608629936,0.3886635608629936,0.3886635608629936,False,0.2436445464699869,6.348731334287626e-05,2.73323621518113e-05,4.875713770505535e-05,2.322789116807784,0.2320176246593957,0.3374654623914411,0.4305169129491631,-0.2198610389665364,0.8667723348486245,0.4476235506378311,3083.0270701284257,False,body,high
-0.0114197118648933,0.001005413893345,-0.0044349627103036,0.0019250431574484,0.0010325088921886,0.5039281844516021,0.5039282440893255,0.5039281844516021,False,0.1417030477199827,3.9636663966607855e-05,9.536934458676007e-05,4.066804785141833e-05,2.406089086283965,0.5735731641269538,0.0108146269566967,0.4156122089163495,-0.8764091908556271,0.2889619528755158,-0.3852374851622733,13433.78447401042,True,wing_L,high
-0.0110145720099707,0.002696745637118,-0.0045523469971017,0.0015900632888259,0.000699488697249,0.4134038736406978,0.4134038736406978,0.4134038736406978,False,0.1201184405011694,2.582226762820851e-05,6.066702930272206e-05,2.268087912485313e-05,2.674809427304988,0.5743607701745519,0.0517808196554372,0.3738584101700108,0.6708011922887065,-0.7393651696856989,-0.0580078122297977,3958.687725428101,False,wing_R,high
-0.011864445446767,0.0020395951940463,-0.0036075713880771,0.0006145741857961,0.0004130259038345,0.2793043324118527,0.2793042987835329,0.2793043324118527,False,0.2956593166015887,3.064125670616706e-05,8.512702386682409e-05,4.3324985475609456e-05,2.7781831758124618,0.4910548553490054,0.1489976765696084,0.3599474680813861,-0.4052767721479791,-0.8997632303779532,0.1617926673775578,4763.771103787326,True,wing_L,high
-0.0113621682135303,0.0011627427445693,-0.0043641731901319,0.0017999192977221,0.0008798445787342,0.4524540621201794,0.4524541209697389,0.4524540621201794,False,0.2141169786684042,6.516572099284158e-05,0.0001665349340547,5.6144816677686255e-05,2.966167562907534,0.6086963893628439,0.0541682402335476,0.3371353704036084,0.1857601130692596,0.7669614624730632,-0.6142176287552121,11296.70908931044,True,wing_L,high
-0.0132713979119545,0.0030655259283356,-0.0038502252852762,0.0011878999089747,0.0009296446695518,0.4037878219903487,0.4037878219903487,0.4037878219903487,False,0.4048151582254121,5.8019872666247446e-05,3.86847470525534e-05,3.33918719574845e-05,1.7375447755705349,0.3332500525279865,0.0912252104639308,0.5755247370080826,0.3971259183630426,-0.7963005688853704,-0.456285446795255,3929.438853049486,True,body,high
-0.0115924979416871,0.0009068969474649,-0.0043700182202119,0.0019093767881045,0.0011893047927698,0.4286486502588257,0.4286486502588257,0.4286486250375859,False,0.8864664154825646,2.358987127775793e-05,5.973365153360952e-05,2.27435849945724e-05,2.6263955989288648,0.6050823836797431,0.0141676636444929,0.3807499526757639,-0.7158860120705417,0.4850690456076906,0.5022103530543556,5129.270790016867,True,wing_L,high
-0.0117966500285695,0.0029147620085322,-0.0039906320840011,0.0007383061979931,0.0005847894497205,0.4045117556429776,0.4045117556429776,0.4045117556429776,False,0.2286634356057188,5.9495665323007386e-05,3.1934448779544854e-05,2.008494895893697e-05,2.9622014696001644,0.4632474717919394,0.1991657670567405,0.3375867611513201,0.4171010629317813,-0.7093412457259485,-0.5682092047944467,5207.324490004272,True,body,high
-0.012492344073409,0.0030156848513969,-0.0039552445200551,0.0006727552942489,0.000665040279308,0.3201579824563209,0.3201580160846405,0.3201579824563209,False,0.0985110880980872,5.664018179225138e-05,2.315211922436952e-05,2.3268305509683047e-05,2.4464361660954523,0.5891908399053505,0.0020513049506035,0.4087578551440459,-0.2916907985003435,0.2502749535847165,0.923189539411274,6574.424403776572,True,body,high
-0.0116047205268294,0.0027031318715964,-0.0026520985339229,0.0011475563878523,0.0011352358877923,0.2854332450070475,0.2854332786353672,0.2854332450070475,False,0.2432641504630632,6.486785026926525e-05,3.090606251644341e-05,5.986967114573698e-05,2.098871385986249,0.0770517151837299,0.4465017494655082,0.4764465353507618,0.998115637440106,0.0194060903491218,-0.0582114933229927,6154.144850500874,True,body,high
-0.0122817841306529,0.0016795935233951,-0.0038009396997295,0.0008621879114324,0.0007663642210311,0.3522772313225243,0.3522771976942046,0.3522771976942046,False,0.8058209160280518,4.7103067565380265e-05,4.541948270162929e-05,2.065647394731616e-05,2.2803053263357294,0.0357425736957389,0.5257196618870191,0.4385377644172419,-0.448277204938256,-0.8668329288676389,0.2182847245308192,10769.987517968086,True,wing_L,high
-0.0109475036284205,0.0030245401024065,-0.004622794390136,0.0017522839098986,0.0010389795967185,0.4594616322670042,0.4594616911165637,0.4594616322670042,False,0.8503293828236131,9.11543714797586e-05,3.61825718019698e-05,3.526319546049555e-05,2.584971959840579,0.6030626813108533,0.0100859270548357,0.3868513916343109,-0.4599697630568028,0.0370639650616431,0.8871606841871308,5972.719666997588,True,wing_R,high
-0.0121165262461332,0.0013025977136555,-0.0040020299734962,0.0012893732299173,0.0010403656201672,0.3245486303913732,0.3245486303913732,0.3245486303913732,False,0.1432674133140263,3.725072111154613e-05,7.934643007462088e-05,8.537515670972292e-05,2.291906147375501,0.0706145308242281,0.4930674283410211,0.4363180408347507,-0.4913461028305894,0.663053690356435,-0.5647466785541152,7663.281192410195,True,wing_L,high
-0.0137363889534342,0.0028220420369748,-0.0035602895448949,0.0015120446175992,0.0009576250530948,0.3962388695244588,0.3962388947456986,0.3962388695244588,False,0.6932865846152363,6.345250880991497e-05,2.6906919511186505e-05,6.260761318834966e-05,2.358222716039073,0.0133154013515268,0.5626364401778332,0.42404815847064,0.0786954594968319,0.6941076872195296,0.7155568064083648,3111.9931547803462,False,body,high
-0.0109599152469529,0.0030945728857469,-0.0047817170529106,0.0018634802896068,0.0011361863283245,0.3654056264536529,0.3654056264536529,0.3654056264536529,False,0.8661608447242173,0.0001010060870513,0.00011172536511,4.148423506465021e-05,2.693200560065925,0.0959431016237195,0.5327514654175403,0.3713054329587402,0.380560300275685,-0.5617936832850174,-0.7345486473169314,7403.966520516794,True,wing_R,high
-0.0121072088482139,0.0013938397902719,-0.0034420553202149,0.0011359266525885,0.0010658304653087,0.781416172282063,0.7814161050254236,0.781416172282063,False,0.296763794971761,9.546370773217142e-05,3.959314173884744e-05,3.776051663932277e-05,2.528135635537309,0.5852545152559113,0.019197086966978,0.3955483977771106,-0.7266102412420516,0.4975385487501816,0.4738068697578483,2226.3793705413627,False,wing_L,high
-0.0113020794174841,0.0028929817318826,-0.0041655706389928,0.0011844534070554,0.0007470395322784,0.4387312570133377,0.4387312570133377,0.4387312864381175,False,0.6424999761723579,8.639784479095183e-05,8.683647406883137e-05,3.6210152913996665e-05,2.398125030708324,0.0050512101347167,0.5779563531929409,0.4169924366723423,-0.4862809750180553,0.2036822953661483,0.849731920013522,11754.99063131578,True,body,high
-0.0118187081305676,0.001679896545229,-0.0039535778061048,0.0010127539428847,0.0005944163323839,0.4253994231585633,0.4253994231585633,0.4253994231585633,False,0.4924921988960318,0.0001413050279088,0.0001003371063532,5.347269178785464e-05,2.642564329274508,0.2899254340903056,0.3316542607076858,0.3784203052020085,-0.4622481807913903,-0.871995974080777,0.161088921226653,5996.387581694857,True,body,high
-0.0116892832652753,0.0031219125500786,-0.0043571622372889,0.0011414318722669,0.0009130307050678,0.3487858550990861,0.3487858887274058,0.3487858887274058,False,0.5595072293641901,2.57175980638628e-05,5.8100492108208014e-05,6.187909758260548e-05,2.406099412120262,0.0610643274064108,0.5233252472875138,0.4156104253060753,-0.2894602139802336,-0.0741792053646076,0.9543113904873992,9874.41656326031,True,wing_R,high
-0.0117839310909773,0.0010399585917044,-0.0041844798305174,0.001660973850759,0.0011498824574914,0.4833303399822534,0.4833303399822534,0.4833303399822534,False,0.1858136461968534,8.983680201717583e-05,3.862591117098451e-05,6.69702652607772e-05,2.325817030425435,0.2545341802352536,0.3155093842763187,0.4299564354884277,-0.7928171773696311,-0.4854016925053763,0.3685459539603803,7044.037598165971,True,wing_L,high
-0.0121324479923807,0.0018831593399461,-0.0038842047082994,0.0007106421333828,0.0005186112441702,0.376788980818217,0.376788980818217,0.376788980818217,False,0.5226274630201022,4.794074857630987e-05,6.539912662691223e-05,0.0001132299238213,2.3618722523941567,0.4224218791308832,0.1541851964692763,0.4233929243998404,0.8305055514574747,0.5488540289779168,0.0949725427322226,5482.157184554088,True,wing_L,high
-0.0113670719119586,0.001181310243513,-0.0043805635037391,0.0017908891985259,0.0008603624500018,0.4927400650770014,0.4927400650770014,0.4927400650770014,False,0.2227434148850993,5.071739092408642e-05,3.433127715276432e-05,9.68256126689413e-05,2.820332381987863,0.4761986056572094,0.1692332567762647,0.3545681375665258,0.3559205159823806,0.7668091922310443,-0.5341575132980996,10869.141620349748,True,wing_L,high
-0.0113057456585181,0.002777190590269,-0.0041876105997176,0.0011608221207821,0.0006401119138233,0.4202655557295263,0.4202655557295263,0.4202655557295263,False,0.0956308631411864,0.0001005798273405,7.719367948466678e-05,4.061707876215448e-05,2.476293973022837,0.2325133028581914,0.3636574220661639,0.4038292750756445,0.3376793200517416,-0.3996142230121993,-0.8522213031693997,14100.32493121621,True,body,high
-0.0116916753965748,0.0028296907461215,-0.0024956360377189,0.0012607177947419,0.0012057731504294,0.1760667696530084,0.1760667696530084,0.1760667360246887,False,0.4123536433790102,0.0001012743277433,4.274389703228299e-05,3.749944161944225e-05,2.7006889534819303,0.5779394641789464,0.0517846479922367,0.3702758878288169,0.9150193292628732,-0.2972917438049253,-0.272685251051002,3662.1495034466734,True,body,high
-0.0121843811843919,0.0028644939507934,-0.0034007555601684,0.0004008159251196,0.0003613029212657,0.5354824045101146,0.5354824045101146,0.5354824045101146,False,0.1574252905190877,5.471236805381063e-05,3.810137979057576e-05,3.323740011166716e-05,1.6461085364677852,0.3036057267142532,0.0889009167748832,0.6074933565108636,0.010725017309574,0.6878073431913778,-0.7258140482628646,3733.091872953686,False,body,high
-0.0113387051086837,0.0030409644237844,-0.0045174644133482,0.0014167479841697,0.0009387264854157,0.3706919310559505,0.3706919310559505,0.3706919310559505,False,0.3379001864486522,5.320649695027333e-05,0.0001356658889589,0.00011023438546,2.5497993052568853,0.1874568743405813,0.420355396241533,0.3921877294178856,0.3366765077948004,-0.6028395266647997,-0.7233487638682035,7143.236020729027,True,wing_R,high
-0.011410592547296,0.0010474943612571,-0.0044273472343296,0.0018929131305635,0.0009912162001599,0.4726968120256126,0.4726968708751721,0.4726968120256126,False,0.202049769657277,4.545202421448901e-05,3.998809389308863e-05,0.0001036404898411,2.5917836973739217,0.5614452972564395,0.0527200356711376,0.3858346670724228,-0.3613803443314596,-0.6888916489438586,0.6283570185382568,14051.819870367832,True,wing_L,high
-0.0117807956202577,0.0009305886041395,-0.0042670930714586,0.0017896722583178,0.001242678196835,0.578071767665967,0.578071767665967,0.578071767665967,False,0.6084547174077611,7.50380532754509e-05,2.899097741131275e-05,3.3673511705950786e-05,2.5883243676417007,0.5512475306050183,0.0624021291896967,0.3863503402052849,-0.5099515524678178,-0.6334145166429126,0.5820098489215524,6398.13956112105,True,wing_L,high
-0.0114937426712576,0.0014732528841768,-0.0041870113753855,0.0014257375114019,0.0006588359472406,0.4385018950587329,0.4385018950587329,0.4385018950587329,False,0.2271273080346984,5.776303805567605e-05,3.775983243205868e-05,0.0001050981966437,2.78333323731832,0.4503898268445879,0.1903287236357426,0.3592814495196694,0.4998181045865499,0.7734268185557045,-0.3898625638174433,13352.95819868012,True,wing_L,high
-0.0116072495521969,0.0030306038982384,-0.0041492548028428,0.001009152391143,0.0007756388526221,0.4107301531969297,0.4107301531969297,0.4107301531969297,False,0.133896281508693,6.094892307378479e-05,4.796407137657031e-05,2.2845473441917447e-05,2.6678774343960048,0.21304480936431,0.4121253775763072,0.3748298130593827,0.3594902545854692,-0.417667060740121,-0.834458497009158,6966.236654040079,True,wing_R,high
-0.0118232819716621,0.0016586320127831,-0.0039807099171202,0.0010386010750599,0.0006101925812981,0.4128865607914676,0.4128865607914676,0.4128865607914676,False,0.2827680569312769,0.0001237056854134,0.0001360902094761,4.954937518015212e-05,2.746557529359446,0.0910023146437433,0.5449055484501637,0.3640921369060929,-0.4420890005397873,-0.8739102093229777,0.2020847882518652,6042.516604658671,True,body,high
-0.0136994710950774,0.0030441019519225,-0.0035390247611417,0.0015383887699871,0.0009236815369758,0.2342478654120909,0.2342478654120909,0.234247848597931,False,0.1527998427652909,0.0001340744646507,5.513133411481777e-05,0.0001198201608589,2.431910397297588,0.1063163207763938,0.4824843187902489,0.4111993604333572,0.1348092468212913,-0.6611202110072791,-0.7380694639186525,3242.796687721848,False,body,high
-0.01249116252515,0.0028694321215729,-0.0034220081217753,0.0004548874944577,0.000248098946211,0.394460410615179,0.394460410615179,0.394460410615179,False,0.0558006517058422,6.405637958867302e-05,4.636948546747641e-05,0.000108088239518,2.3310208950646136,0.4073695725430257,0.1636338439783516,0.4289965834786226,-0.863487397055819,0.2219825392354723,0.4528943225525557,5963.084908931787,True,body,high
-0.0135054941022913,0.0029086400729958,-0.0032230220396275,0.0013573697014246,0.0005482062605961,0.3403952698615706,0.3403953034898903,0.3403953034898903,False,0.1164601036487334,0.0001179716903763,7.830647746805769e-05,9.343856999954128e-05,1.5065380820434449,0.2079576913622996,0.1282688455443443,0.663773463093356,-0.3252360487803325,0.7355755752884838,-0.5942643230186154,2886.814617459334,False,body,high
-0.0137662329628769,0.0030973340087003,-0.0036322219459611,0.0016201478761315,0.001045051907016,0.3164959593244973,0.316495992952817,0.3164959593244973,False,0.187203938758327,0.0001214185009681,4.640173406763369e-05,5.2449839640465024e-05,2.616680247147642,0.5680243190103895,0.0498120593204869,0.3821636216691235,-0.142550554644879,0.6374311730968042,0.7572059422210509,2699.0429533319443,False,body,high
-0.0121465556808012,0.0012906272319868,-0.0040365284046161,0.0013094216438992,0.001062405175169,0.3576655138043526,0.3576655138043526,0.3576655138043526,False,0.3221962178936745,3.0438459531064567e-05,1.8761481301885667e-05,5.431025786460557e-05,2.894774511176097,0.4395449270937533,0.215005022776533,0.3454500501297136,0.201477477819323,-0.697455905239514,0.6877223903422769,7122.5723389481,True,wing_L,high
-0.0112553687568029,0.0031153297458608,-0.0041785054359216,0.0013147747238211,0.0009704289398632,0.5907093238425597,0.5907093238425597,0.5907093238425597,False,0.1289146308667285,4.650806084339501e-05,0.0001017567933383,4.066269600155932e-05,2.502460568143937,0.5429488359684983,0.0574444678342084,0.3996066961972932,0.3767901094694079,-0.4755619292335589,-0.7949025505492395,6277.254160241546,True,body,high
-0.0112989366746965,0.0030514720008,-0.0045851218576402,0.0014915898759038,0.0009761868603489,0.3598255280361798,0.3598255868857393,0.3598255280361798,False,0.3886236843237234,0.0001248297539447,5.073398381827165e-05,0.000116407899224,2.4604760862441823,0.0674667253161298,0.5261078655564604,0.4064254091274098,0.3516712483154191,-0.5895385022127524,-0.7271668911034245,6586.388859246712,True,wing_R,high
-0.0110603837703583,0.0030105447604516,-0.0043615785485399,0.0015150518205037,0.0009577641953882,0.4902774989544832,0.4902775588549277,0.4902775588549277,False,0.2286435669137655,5.6382410242839946e-05,0.0001279255366272,4.762077629014647e-05,2.686338749453893,0.5592560193270313,0.0684901090406994,0.3722538716322692,-0.2699545666215094,0.4500032424352169,0.8512470932449545,8719.670970605279,True,wing_R,high
-0.0121672446758724,0.0012715484272707,-0.0040507323769606,0.0013306682394945,0.0010882889043357,0.3769750042757912,0.3769749454262317,0.3769750042757912,False,0.1285195978725619,3.771466618542616e-05,8.562139982599295e-05,2.9692916976626785e-05,2.883563103395705,0.5595182248588193,0.093688601507355,0.3467931736338256,-0.740367927717148,0.6536350420977313,-0.1568966645589156,6373.632532487291,True,wing_L,high
-0.0109343274413644,0.0029136563112895,-0.0045748636563366,0.0017046390397824,0.0009316565787685,0.4971207380117189,0.4971207380117189,0.4971206786367169,False,0.1544669247908139,0.0001239168045429,5.21282998956804e-05,8.320614520038592e-05,2.3771503154899385,0.3285321913580136,0.250796051587407,0.4206717570545794,-0.4002143972359204,-0.2216219353716502,0.8892199694154495,5394.56570113648,True,wing_R,high
-0.0121490023588395,0.0014600652266244,-0.0038704222644635,0.0010971990193875,0.0009151410500999,0.3188963824139552,0.3188963824139552,0.3188963824139552,False,0.3837919222386747,3.385453901905696e-05,7.560639224085715e-05,8.340484032465653e-05,2.463623571353529,0.0935011451786685,0.500592688137517,0.4059061666838144,0.4475093985096841,-0.7070910397781519,0.5475012326113545,5730.140742869337,True,wing_L,high
-0.0109469639885634,0.0030983474097374,-0.0047898774943807,0.0018789512026394,0.0011446076583566,0.3558325181675777,0.3558325181675777,0.3558325181675777,False,0.5923802712125903,9.529833807255756e-05,3.883211804368189e-05,9.60524589706202e-05,2.4735312882643097,0.0078511357870941,0.5878685526015232,0.4042803116113827,0.3279139156697464,-0.6016776763910923,-0.7283244041241168,7173.725328574257,True,wing_R,high
-0.0117309631952096,0.0031675372228448,-0.0043569729998801,0.001146634700217,0.0009513765559373,0.3348803599418617,0.3348802926852223,0.3348803599418617,False,0.1700938542010877,7.18096291737917e-05,2.964269615898161e-05,4.767503233987958e-05,2.4225066704006166,0.3360913725860111,0.2511130664281332,0.4127955609858557,0.1317200789211252,0.2795216654328262,-0.9510612279778164,11847.36277236872,True,wing_R,high
-0.0115485378345854,0.0027946595020267,-0.0039135816243344,0.0008334945413336,0.0005569082191054,0.3381070308466764,0.3381070308466764,0.3381070308466764,False,0.5843095770815804,3.022091820640756e-05,3.293524516667675e-05,7.852469391721001e-05,2.5983556614954506,0.5805746762744345,0.0345665398343476,0.3848587838912178,0.5453755605285902,-0.2884938637087711,-0.7869795350455505,15261.510023806848,True,body,high
-0.0113960656497478,0.0029345533249467,-0.0042122588775076,0.0011501757640895,0.0007557142488897,0.357212523523654,0.357212523523654,0.357212523523654,False,0.0902508438134539,4.545167744438687e-05,6.66556909585088e-05,0.0001189386882758,2.616816253292742,0.4395794007422212,0.1782768401223411,0.3821437591354376,0.3503060566191036,-0.2291500483619812,-0.908171746990444,7813.933979281403,True,body,high
-0.0114274723318705,0.0010251477196059,-0.0044250738059684,0.0019018217499673,0.0010177896045883,0.4816237689625559,0.4816237101129964,0.4816237689625559,False,0.1215549790184433,0.0001151235963868,4.771815402801522e-05,5.008733116198198e-05,2.4125743908552413,0.5649255866394028,0.0205794225364979,0.4144949908240992,0.3263497254246766,0.658509546843471,-0.6781305430602906,14084.825067279788,True,wing_L,high
-0.0109927329758236,0.0030936566206556,-0.0047644427728391,0.0018292441948818,0.0011239223396562,0.3503810480730081,0.3503810817013278,0.3503810817013278,False,0.4447121488194306,0.000103811474414,4.364288935619146e-05,0.0001061710288838,2.4327222704559976,0.0222240897031784,0.5667137795536534,0.4110621307431681,-0.321490464166386,0.5885578736681352,0.7417840054849694,7238.358789184025,True,wing_R,high
-0.011019081198198,0.0026961084853152,-0.0045468091423568,0.0015830705597019,0.0006967124378026,0.4296298069289419,0.4296298069289419,0.4296298069289419,False,0.310875153593817,1.4908297524271616e-05,3.377288896962537e-05,2.521983796596997e-05,2.2653752995364527,0.2532519800526345,0.3053200586710936,0.4414279612762718,-0.1233465229729946,-0.0814296213256667,0.9890171141295944,3984.131457106421,False,wing_R,high
-0.0113526824089159,0.0011437973931432,-0.0043806275050187,0.0018260398696635,0.0008919059294929,0.4339821648184608,0.4339821648184608,0.4339821648184608,False,0.1923130533614567,0.0001508185309163,5.59900209600875e-05,5.808320708838976e-05,2.6936680560250488,0.614880169330114,0.0138788391292783,0.3712409915406076,0.5179984552182403,0.6803951820809948,-0.5184013856004694,11270.49447810348,True,wing_L,high
-0.0118896243255758,0.0024211282440525,-0.0026656872927204,0.0009865411784874,0.0009489433100886,0.1851775221713449,0.1851775221713449,0.1851775221713449,False,0.8057299286708018,0.0001366814962459,0.0001739040695699,6.307981864417653e-05,2.75688918116424,0.2140408411144943,0.4232314849433496,0.362727673942156,0.834309618098499,-0.2255422121616489,0.5030488760364806,5128.79251721345,True,body,high
-0.0118513565022537,0.0020202211104926,-0.0037002655413999,0.0006489094275709,0.0003772131452165,0.3514652587288859,0.3514652587288859,0.3514652587288859,False,0.1150960904441288,3.525757976385669e-05,9.019907923572598e-05,6.564814183242565e-05,2.5582890215337755,0.2721861199839855,0.3369276308147931,0.3908862492012213,-0.44339786727613,-0.8918445427981492,-0.0895077805340956,5540.260449478691,True,wing_L,high
-0.0120438946055439,0.001435667302802,-0.0040147093187183,0.0011810765804503,0.0008891321336494,0.4012170462403029,0.4012170462403029,0.4012170462403029,False,0.520962809981445,9.896709402312224e-05,6.505078860040307e-05,4.372479320178365e-05,2.263409081579947,0.3427028524733191,0.2154857188555715,0.4418114286711094,-0.2111276709107289,-0.8469544864654828,0.4879479525849057,7162.499764384344,True,wing_L,high
-0.010995297064624,0.0030456672942897,-0.0044099433971285,0.0016030725085907,0.0010176443621847,0.4797022951148452,0.4797022951148452,0.4797022951148452,False,0.1587370162105362,3.494042508440561e-05,8.892686052693756e-05,6.372394404141069e-05,2.545099560526721,0.2834117423710516,0.3236763199155786,0.3929119377133697,-0.2182033501376494,0.2504332119792829,0.9432234646818568,8207.609256692924,True,wing_R,high
-0.0115889107409553,0.0027823374864497,-0.0038249381737817,0.0007619213036164,0.0005368216165756,0.3893552785853371,0.3893552785853371,0.3893552785853371,False,0.1727494312755703,6.651066006638161e-05,2.71432317475606e-05,4.392679065109497e-05,2.4503589213306927,0.3395526279959722,0.2523438932463363,0.4081034787576914,-0.2832890145282538,0.491526037042363,0.8234983237123439,16755.109496289784,True,body,high
-0.0121516350488705,0.0020304596128903,-0.0039526862177705,0.0006195905509877,0.0004086530667804,0.3694186872078841,0.3694186872078841,0.3694186872078841,False,0.2095578938376504,4.458654965319312e-05,3.413418849423627e-05,8.881320667750958e-05,2.601884227964176,0.4979738788726351,0.1176892666077299,0.3843368545196349,-0.5984724130442587,-0.7503351571735637,0.2807631078583965,5094.134462204677,True,body,high
-0.0122670731915365,0.0015991407692723,-0.0038461688692398,0.0009515938301786,0.0008330169827066,0.3411797344896835,0.341179801746323,0.3411797344896835,False,0.1870073219926551,9.388487041031358e-05,4.026538155226225e-05,9.004343047781434e-05,2.3316523224412062,0.0409164960840936,0.5302030956425946,0.4288804082733117,0.1306720860110514,-0.599156391999796,0.7898964640149416,7381.301919774045,True,wing_L,high
-0.013231335618897,0.0027755922222036,-0.0029225307117796,0.0012032960057295,0.0001961827322418,0.2745064287109118,0.2745064287109118,0.2745063950825921,False,0.4234990335428847,3.4289754135797995e-05,8.886988830407288e-05,3.237658260763696e-05,2.7448816751620457,0.6141577896612873,0.0215277813967203,0.3643144289419923,-0.6918747835844561,0.1275837648497938,-0.7106558005017025,3287.0454126627283,False,body,high
-0.0114526219381699,0.0014719345577523,-0.004207644336701,0.0014579090878043,0.0006461003280584,0.4050939375209349,0.4050939711492546,0.4050939375209349,False,0.168127897182807,3.678655383272784e-05,3.752119137510266e-05,0.0001010525754808,2.7469976106036964,0.6286963375593132,0.0072698547155193,0.3640338077251673,-0.666673035604672,-0.6502598947558543,0.3642926472902758,14822.373443605578,True,wing_L,high
-0.0113683781446873,0.0012384383541955,-0.0043353567575174,0.0017278872010438,0.0008161159193919,0.463549347890999,0.463549347890999,0.463549347890999,False,0.2143918211085227,0.0001384562900365,5.1443413163251e-05,4.7711601386738806e-05,2.901941792191013,0.6284501545601427,0.026952995602637,0.3445968498372201,-0.0803238051494301,-0.8176050059523933,0.5701492265783613,8284.763400140557,True,wing_L,high
-0.0109549021313093,0.0030963060602314,-0.0047776788949773,0.0018649112792374,0.001137857548834,0.3606943829326133,0.3606943240830538,0.3606943829326133,False,0.72473813077251,9.676907087306864e-05,0.0001027489615157,3.901214505313791e-05,2.633768570678434,0.0581990372887637,0.562116881454845,0.3796840812563912,0.3380608675534287,-0.5842666532745455,-0.7377989751283103,7435.452212515427,True,wing_R,high
-0.0110429265168499,0.0029564176694735,-0.0045011381977903,0.0015889862214563,0.0009273240338583,0.4377096328639864,0.4377096328639864,0.4377096917135459,False,0.5431568418660699,0.0001164552568475,0.0001124846488586,4.325777208287949e-05,2.692123316577556,0.0340955667981605,0.594450423705989,0.3714540094958504,0.5600565171498217,0.0207795941226955,-0.8281937611852119,7435.693930021262,True,wing_R,high
-0.0118601731952491,0.002772153872963,-0.0028730612254144,0.0008487537764736,0.0008150572171441,0.1119301321010131,0.1119301321010131,0.1119301321010131,False,0.5537891464241042,7.684368730971263e-05,4.125674402762175e-05,0.0001004293449998,2.4342528080414763,0.2348482676074472,0.3543480571553169,0.4108036752372359,0.9634438477313604,-0.2591549809675666,0.067931201286974,3791.603808663514,True,body,high
-0.0113911425168469,0.0012422682766501,-0.0043259476475821,0.0017093126166275,0.0008202024850618,0.4708074637320781,0.4708074637320781,0.4708074931568579,False,0.1501122393516508,5.868229853039526e-05,5.164130944515209e-05,0.0001184325714187,2.293368868666889,0.5045087864981795,0.0594514583353133,0.4360397551665071,-0.2644947450583848,-0.7791809868783866,0.5682600808817422,8083.790571265763,True,wing_L,high
-0.0116078042291744,0.0027750989957491,-0.0038826011094417,0.0007640111714359,0.0005141296212384,0.3554378225791023,0.3554378730215818,0.3554378225791023,False,0.3224700353962892,2.877294028247757e-05,6.191557806057415e-05,6.710497005363701e-05,2.332224979263008,0.0773324537499232,0.4938924456952392,0.4287751005548375,-0.4459054001829037,0.2528173250365249,0.858633667083408,22832.27812976827,True,body,high
-0.0114374399850998,0.001433997663049,-0.0042293675438562,0.0015027817097516,0.0006729197642816,0.401343144032148,0.401343144032148,0.401343144032148,False,0.1784223757075373,8.23679989427685e-05,4.264194636287121e-05,3.018828174663365e-05,2.7284758912107843,0.482299595592944,0.1511954251175958,0.3665049792894602,-0.5500182404101687,-0.7414339874720444,0.3843898768664521,13861.43650952058,True,wing_L,high
-0.0118406074099706,0.002028582597655,-0.0037337003213966,0.0006566016910839,0.0003531457201865,0.3754540121893167,0.3754540710388762,0.3754540121893167,False,0.2019674838620588,2.888632572449784e-05,5.017951065901817e-05,7.487971104537332e-05,2.59221999223908,0.3298650601280776,0.2843652123819994,0.3857697274899229,0.4390709961689674,0.8885699162298597,0.1328915508768361,5389.517222248983,True,wing_L,high
-0.0113964025884727,0.0028767163450996,-0.0041341657625234,0.0010879504771202,0.0006941026764796,0.4419205206160113,0.4419205206160113,0.4419205206160113,False,0.6410750828741495,8.888378887160321e-05,8.793979528401547e-05,3.519089876595069e-05,2.525760693489409,0.0106205372157501,0.5934591356615437,0.3959203271227061,-0.392159861940303,0.3512595230274952,0.8501925606387408,10912.985796717108,True,body,high
-0.0110584834235303,0.0027058039732187,-0.0044945461983918,0.001521566404014,0.000686438241759,0.3901371117974325,0.3901371117974325,0.3901370781691128,False,0.2723311919987688,2.426004276106499e-05,5.723776139613786e-05,2.395756467546595e-05,2.3891310394646634,0.5761531868242851,0.0052845897222572,0.4185622234534576,-0.2653889902269821,0.0223183165445934,0.963883072064718,4301.960595127914,False,wing_R,high
-0.0129044937028463,0.0023942419906763,-0.0022785336881389,0.0014558186061776,0.0007869102482626,0.3513613135926519,0.3513613472209717,0.3513613472209717,False,0.2874152810038756,6.542545183908926e-05,2.64367932090214e-05,2.76631464631272e-05,2.474787744557582,0.5771806585124797,0.0187442840612236,0.4040750574262966,0.4422594458617308,0.4746841777441606,0.7609740560265014,2346.3821795365743,False,body,high
-0.0115545469513696,0.0026599183685881,-0.0027085048569461,0.0011264979362163,0.0011234512074725,0.5216976392242012,0.5216976392242012,0.5216976392242012,False,0.6427376684032095,2.236686170677381e-05,5.779659585934312e-05,2.139779812639862e-05,2.7010534223163383,0.6130072822765031,0.016766793371941,0.3702259243515559,0.3186014206156582,0.929879208034938,-0.1838961479911982,5560.569653074904,True,body,high
-0.0114467224723037,0.0008803121978803,-0.0044453106688419,0.0020178519988183,0.0011571125968867,0.3329079581057153,0.3329079749198751,0.3329080421765145,False,0.5852653879451394,1.8394759172097244e-05,1.928269044306733e-05,4.687188936521521e-05,2.548111063955353,0.5886086371978533,0.0189437908946132,0.3924475719075334,-0.6278187989159394,-0.4945149667440464,0.6010811121586512,6355.247783811395,True,wing_L,high
-0.0116590357340546,0.0012166131828299,-0.004252277627869,0.0015781874776836,0.0009351475801441,0.4478024542206115,0.4478024542206115,0.4478024542206115,False,0.4170503520901192,9.857871953241976e-05,4.172953250664773e-05,3.928742330620792e-05,2.509167342538421,0.5766882273924844,0.0247731884936552,0.3985385841138604,0.9901690263732608,0.1284742037008795,-0.0553143579412613,10711.123137178043,True,wing_L,high
-0.0117641938892034,0.0009954250311088,-0.0041424773357921,0.0016916514682293,0.0011908367719397,0.3929955105659864,0.3929955105659864,0.3929955105659864,False,0.7939777107954142,3.199474574861513e-05,3.073587651174015e-05,7.688693694823153e-05,2.501537150530362,0.5838728005232229,0.0163729924333255,0.3997542070434515,0.4363847627344465,-0.8954084378108558,0.0883859058352826,5990.652191236169,True,wing_L,high
-0.0133421990662398,0.0031491725642206,-0.0035856148801513,0.0012589018231433,0.0007890876134679,0.2762164287683351,0.2762163951400154,0.2762163951400154,False,0.1780780364468528,8.590791536338922e-05,6.952272884457833e-05,6.627183377878591e-05,1.2962960350568864,0.1907296487116674,0.0378416243956239,0.7714287268927087,-0.3410912011870418,-0.1860458258008298,-0.9214356967118588,4091.057147432816,True,body,high
-0.0125214080446938,0.0022724235205482,-0.0021092548781711,0.0015104599202839,0.001118390185892,0.3043040456407457,0.3043040456407457,0.3043040624549056,False,0.1653684837504997,2.5533333708920087e-05,2.50040622108542e-05,6.829504314933103e-05,2.731357911902984,0.6261319631486286,0.007749779100492,0.3661182577508792,-0.0958253160924838,-0.4841874971463094,-0.869701084512931,2033.206975257027,False,body,high
-0.0121238279774232,0.0013628383020076,-0.0039637164916189,0.0012195608229421,0.0009894850237749,0.3511803259759547,0.3511803259759547,0.3511803764184343,False,0.1561481830387752,7.958021778050832e-05,4.497997919816467e-05,0.0001098348375751,2.4418605684813888,0.275455588250069,0.3150206195614574,0.4095237921884735,-0.2377827163642205,0.6805759970168134,-0.6930192580895737,7908.360033799983,True,wing_L,high
-0.0113225188847211,0.0030789793366923,-0.0046407356497336,0.0015250924131553,0.0010173907562318,0.4105134018622173,0.4105134018622173,0.4105134018622173,False,0.6204257666585425,3.48636694762371e-05,8.828591839825218e-05,9.578608177353635e-05,2.747446932940426,0.0783011815121172,0.5577245454962801,0.3639742729916027,-0.2692958329871107,0.7144682612442258,0.6457668759006083,6215.562022444997,True,wing_R,high
-0.0129446037679156,0.002502911101797,-0.0026712159551935,0.0011374246661811,0.0004439279442573,0.2733455623002475,0.2733455454860876,0.2733455623002475,False,0.1741898853281732,6.988641526175486e-05,2.9963182902614625e-05,2.699417788148572e-05,2.5889440148383733,0.5712588377814266,0.0424832924969566,0.3862578697216168,0.399102862560371,-0.6443685127895914,-0.6523083050379228,3435.932334896215,False,body,high
-0.0114083589997564,0.001019556047494,-0.0044306909317761,0.0019170819393853,0.0010162993916163,0.4971009792721173,0.4971009792721173,0.4971009792721173,False,0.2450474318147057,9.787880546430872e-05,3.413816017894426e-05,3.381056151097144e-05,2.894918069685039,0.6512200979874785,0.0033469826937383,0.3454329193187833,-0.9063596361925894,0.190968751232425,-0.3768861179899905,13708.20118049885,True,wing_L,high
-0.0110577492929699,0.0030215614778505,-0.0043707531840538,0.0015255439370235,0.0009695564282474,0.4870378674850741,0.4870378674850741,0.4870378674850741,False,0.2057869469061673,0.0001253091216349,4.864033428564356e-05,5.863642615236199e-05,2.576238906975368,0.5320657795114441,0.0797714622550621,0.3881627582334938,0.3451016033516538,-0.1316448205703473,-0.9292871055713186,9142.464568413863,True,wing_R,high
-0.0112815844071762,0.0027671566863805,-0.0042158917102217,0.0011933799927135,0.0006413352720075,0.3988578682849735,0.3988578682849735,0.3988578682849735,False,0.2045207357437232,4.212923931619881e-05,0.0001133156959607,7.185874827561054e-05,2.689716163879024,0.3658535327663021,0.2623600261849028,0.3717864410487951,0.5871910330782331,-0.3532050560190142,-0.7283219611374645,12511.574178733114,True,body,high
-0.0114593612049859,0.0028202680421303,-0.0040362907506418,0.0009704502407844,0.0006145469091785,0.3385443671445484,0.3385443503303885,0.3385443671445484,False,0.131269237981221,6.737628535154292e-05,2.841338174521925e-05,6.138829990558129e-05,2.371287091262181,0.0888737842212386,0.489414309327264,0.4217119064514973,-0.5885451596570159,0.1776464459274674,0.7887054807047031,8359.754099841457,True,body,high
-0.0113605866843465,0.001151855766133,-0.004368710553878,0.0018108557127626,0.0008887796549052,0.4499041149106561,0.4499041149106561,0.4499041149106561,False,0.1574544030164364,6.722237783618286e-05,0.0001681108509849,6.196029300270619e-05,2.713202969804523,0.6001306433085597,0.0313012800937477,0.3685680765976925,-0.3902939489398926,-0.723563023260107,0.5693216883200554,11468.24723007936,True,wing_L,high
-0.0115609224366,0.0032584086107061,-0.0044971192180946,0.0013741044240536,0.0011041333110412,0.3677009106015271,0.3677009106015271,0.3677009106015271,False,0.2611363616091801,4.885758464284312e-05,2.4648569842401244e-05,6.005918716824106e-05,2.436619550434336,0.1865093927098846,0.4030859547370541,0.4104046525530612,0.3217504361721148,0.3706511457322788,-0.8712602280549726,6179.890809080235,True,wing_R,high
-0.011353851641924,0.0027698147256534,-0.0041048735834798,0.001077158684521,0.0006134318696678,0.3763025135452438,0.3763025135452438,0.3763025135452438,False,0.2251881765046317,2.592765991019013e-05,6.584025005638076e-05,5.748940941180444e-05,2.53938266254812,0.1268348865234453,0.4793686153164234,0.3937964981601312,-0.4269566907821855,0.2132514401105184,0.8787672089280045,11445.2616453945,True,body,high
-0.0131803888811336,0.0029751363766104,-0.0026798998896269,0.0013684740427819,7.662462154201292e-05,0.2778202137779438,0.2778202137779438,0.2778202137779438,False,0.5298947676936594,5.050940140576522e-05,4.997935099943928e-05,2.1089011472082925e-05,2.395057799301225,0.0104940940017841,0.5719794478510443,0.4175264581471716,-0.196805905748977,0.7807204000512457,0.5930793306178757,2799.169912064854,False,body,high
-0.0116864181893766,0.0013241842391336,-0.0041814691405007,0.0014494815498706,0.0008521641922753,0.471619963869982,0.471619963869982,0.471619963869982,False,0.135022965108389,4.343991885346931e-05,0.0001036319900122,6.89456573263296e-05,2.3856395856031867,0.3347068089863436,0.2461183894070845,0.4191748016065718,0.7599530062657767,0.5603541054941944,-0.3293549828428435,8346.128257234317,True,wing_L,high
-0.0122671430034955,0.0016191250848236,-0.0038575734580128,0.0009358020030486,0.00081471483927,0.3443312629140987,0.3443312629140987,0.3443312629140987,False,0.1962829149516143,9.325825197999172e-05,8.610797075139966e-05,4.007934197089583e-05,2.326840895933683,0.0766718341463888,0.4935609214547484,0.4297672443988627,-0.1065878204517064,0.5887580887828057,-0.8012508654748354,7504.53206601781,True,wing_L,high
-0.0116916897801175,0.0025554236330097,-0.0025774804182229,0.0011488863705707,0.0011262221154265,0.1747052935010941,0.1747052935010941,0.1747052935010941,False,0.7158091995255497,5.3947927729547566e-05,5.895429542311361e-05,8.491685621434183e-05,1.574052234963465,0.3057409559027379,0.0589561120930959,0.6353029320041662,-0.6223139439958623,-0.4653076772848872,-0.6294554158699874,5366.41966254752,True,body,high
-0.0121361681252679,0.0031438814038278,-0.0019085092527829,0.0017882043307875,0.001368026327707,0.4040744361592655,0.4040744361592655,0.4040744361592655,False,0.448028199289729,3.163792262066805e-05,8.717991741923718e-05,2.989111753226065e-05,2.916582738171175,0.6370962079658176,0.0200367830128496,0.3428670090213329,0.5710074279686154,-0.8190778155615579,0.0553357864277095,1373.0292781548787,False,body,high
-0.0129218367461247,0.0026830444652493,-0.0024409457085876,0.001327523060936,0.0004933391809543,0.2336074140631504,0.2336073636206708,0.2336074140631504,False,0.4062342548493475,3.071703466305814e-05,9.012461619662903e-05,3.2790077244489846e-05,2.9340272322906693,0.6361695768784167,0.0230019573887433,0.34082846573284,-0.8465107575549407,-0.2370653559103493,-0.4766755231505596,2886.711739135424,False,body,high
-0.0126441462167058,0.0034468006738204,-0.0023464008378353,0.0015933080663126,0.0008547942623161,0.251901455385445,0.2519014217571254,0.2519014217571254,False,0.2731638824272732,8.360887366242508e-05,3.054701558143588e-05,2.9866982368064887e-05,2.799374661694093,0.634643857244496,0.0081335052558734,0.3572226374996305,0.906324568815587,0.3953591701790962,0.1492209855098696,1495.5735963828706,False,body,high
-0.0123228159365614,0.0014751812669749,-0.0039524845611846,0.0011045295752097,0.0009708670554552,0.4647705266930692,0.4647705266930692,0.4647705266930692,False,0.1903786803089652,3.933346023340832e-05,5.887473710559261e-05,2.4877381836787648e-05,2.366596995288752,0.3319127665425794,0.2455395829741625,0.422547650483258,0.2822316587296958,0.3001665120116313,-0.9111780044960788,4581.970191891794,True,wing_L,high
-0.0111254895157132,0.0031751985552379,-0.004802858039991,0.0017951149110349,0.0011887242126245,0.3111981538368578,0.3111981202085381,0.3111981538368578,False,0.5380644815842855,3.653071467883897e-05,8.737851830650343e-05,8.627187174778054e-05,2.3919192130429057,0.012664972812208,0.5692607065556,0.4180743206321919,-0.5077129734753001,-0.1023797152592805,0.8554214928725477,5040.871301565505,True,wing_R,high
-0.0131993999905761,0.002959028272719,-0.0031871637121084,0.0011139087073981,0.0003367920751303,0.37318483202462,0.3731847731750606,0.37318483202462,False,0.2701139219142712,0.0001097010005741,4.345806790401327e-05,4.67789598335375e-05,2.524295392432526,0.5735776374990231,0.0302722118498859,0.396150150651091,0.8537706216004426,-0.4300440579529536,0.2934924767542619,4178.35916140909,False,body,high
-0.0108668829231995,0.0030851796386141,-0.0048543406003734,0.0019727869718802,0.0011659008536175,0.5180886983950451,0.5180886983950451,0.5180886374437157,False,0.9145729760528444,7.917069071245991e-05,2.8726795780305644e-05,5.2121042241524926e-05,2.755987521822302,0.3416624034414026,0.2954912512533819,0.3628463453052155,-0.3808116856096883,0.5891040653413395,0.7126982954247996,4890.442657222692,True,wing_R,high
-0.0128904480491443,0.0027393969895583,-0.0020459819014021,0.0016725312556928,0.0007937186193523,0.2292725218821826,0.2292725555105023,0.2292725555105023,False,0.1780924491306179,1.3167220811359151e-05,3.448879351895155e-05,1.3522154300184458e-05,2.619291801440636,0.6079261429439667,0.0102912700796642,0.3817825869763691,-0.4290127575980047,0.7056695370741662,0.5638958753738916,1935.6068806753945,False,body,high
-0.0114468627717824,0.0025368249531485,-0.00256655188164,0.0012950609436124,0.0012939871326008,0.2437028374110131,0.2437028374110131,0.2437028374110131,False,0.1500357259948287,3.563048066425759e-05,8.837394708866397e-05,3.3711941439811284e-05,2.621443420766653,0.59682144072947,0.0217093304944439,0.3814692287760861,0.9861900284860624,0.0905876449147094,-0.1386474172260916,3981.7118620698375,True,body,high
-0.0134354427271138,0.0026272015284802,-0.0037704580166124,0.0012001747928123,0.0009279531145806,0.3898686232928411,0.3898686232928411,0.3898686232928411,False,0.3024797342175094,3.276332014483804e-05,7.918186595314234e-05,7.753025474223905e-05,2.4167839401837203,0.0208584527659485,0.5653685229379775,0.413773024296074,0.3799492085907976,-0.5240390871999345,-0.7622477510480997,4557.120229639768,True,body,high
-0.0117085491665339,0.0027758652200803,-0.0037546627783742,0.0006337928685069,0.0004798913901381,0.3466843373294002,0.3466843205152404,0.3466843205152404,False,0.3407081413713745,4.16024178757053e-05,3.8178272228391074e-05,2.085276110997424e-05,1.9950556022917345,0.0823064096309132,0.4164544274849581,0.5012391628841286,-0.5414296188303519,0.6186355031538555,0.5693365279786603,7832.190255483985,True,body,high
-0.0122128780205516,0.0030843377431577,-0.0022101014468012,0.0014825466128091,0.0010938115503124,0.2197483259871304,0.2197483259871304,0.2197483259871304,False,0.4073734029981026,8.252997562273797e-05,3.3567703530322905e-05,3.243895181506435e-05,2.544162835261891,0.5932665279853225,0.0136768696069694,0.3930566024077079,0.7664135808173,-0.4884324207115443,0.4171858021753197,1841.730694520296,False,body,high
-0.0119884471759455,0.0011126724395963,-0.0040881366400512,0.0015135315834582,0.0011626655205252,0.2967397922893863,0.296739825917706,0.296739825917706,False,0.6610046264949184,2.685070497474531e-05,1.2571573129563475e-05,2.37311466899612e-05,2.135826972330363,0.116181615630511,0.4156156633836604,0.4682027209858285,0.8058420876763639,-0.5275405444939882,0.2689228581663998,6899.030140012281,True,wing_L,high
-0.0116855314943166,0.0018836804374375,-0.0038272134642948,0.000885039914824,0.0004365396061679,0.3307654642284586,0.3307654642284586,0.3307654642284586,False,0.127323639066189,6.359535908793829e-05,3.246442229796349e-05,2.6858874795442403e-05,2.367759616599039,0.4895158583337443,0.088143971241201,0.4223401704250546,0.4539123287718108,0.7298793112754495,-0.5111162184484335,5790.648584694185,True,wing_L,high
-0.0119504293153237,0.0014719761029704,-0.0041189090522657,0.0012119008368093,0.0008154985964291,0.4521393514901421,0.4521393514901421,0.4521393514901421,False,0.214752545180997,4.638439047003315e-05,5.188710326380156e-05,2.1765380319080274e-05,2.383928169558129,0.1060516476665081,0.4744726261897153,0.4194757261437765,-0.7747961370792773,-0.5420731634471005,0.3253423296121838,6577.687997347528,True,wing_L,high
-0.0114495939003371,0.0010333443711583,-0.0044508286638848,0.0018975718094846,0.0010140018292738,0.556037185288858,0.556037185288858,0.556037185288858,False,0.1922059573910189,1.52646760660824e-05,3.430800629368467e-05,2.249901030161311e-05,2.24754237464075,0.3442052531698796,0.2108643146909527,0.4449304321391676,-0.5059443992550494,-0.749851467441394,0.4263133139352275,12402.48987344734,True,wing_L,high
-0.0126482957437502,0.0021849943505156,-0.0036117752863681,0.000511301177447,0.0004886642264268,0.321674081622277,0.321674081622277,0.321674081622277,False,0.6464643545953467,5.683849785971851e-05,5.157516120336521e-05,0.000121312422402,2.352148196371209,0.5314700940407724,0.0433866256409398,0.4251432803182878,0.6487302728927724,0.2789075060039975,-0.7080675364166185,4266.843809619422,True,wing_L,high
-0.0112476857282115,0.0032306048784578,-0.0047156867500526,0.0016826715501314,0.0011938890142714,0.3448387478868927,0.3448387478868927,0.3448387815152124,False,0.40717227110377,8.989405118456013e-05,0.0001034627317638,3.668764943736203e-05,2.82009704493334,0.1311455859319876,0.5142566877959232,0.3545977262720892,-0.2497656328467367,-0.3038398348634844,0.9194011547734752,4765.8856848950245,True,wing_R,high
-0.0113942700015896,0.0011309038903029,-0.0043911989285436,0.0018203059453225,0.0009135560909516,0.5380120276039112,0.5380120276039112,0.5380120276039112,False,0.1258107548775034,6.589709967629736e-05,2.998287762870984e-05,7.351640144270271e-05,2.4519461525036457,0.1036408422730495,0.4885198587362631,0.4078392989906874,-0.4355511946558219,-0.7224017369684592,0.5370576200547197,11436.70876490902,True,wing_L,high
-0.0117040003275564,0.0013227372629458,-0.0041582121493559,0.0014342649404507,0.000862310109387,0.4549074498131858,0.4549074498131858,0.4549074498131858,False,0.3686476592350509,7.701426129956133e-05,4.033821545975478e-05,2.886982909678695e-05,2.66763828221389,0.476224081370439,0.1489125023008323,0.3748634163287286,0.8360578090152357,0.5223676979708374,-0.1677478110178822,7960.956502191559,True,wing_L,high
-0.0117456862321253,0.0031817145252854,-0.004357405371917,0.0011484680209054,0.0009634429741996,0.3297077190601953,0.329707752688515,0.3297077190601953,False,0.2900143660257037,4.245282032219731e-05,1.882830267059875e-05,2.934121916414732e-05,2.254734325494423,0.3088511212809653,0.2476376460682796,0.4435112326507549,0.2051572656281838,-0.2548327432431052,-0.9449713060887936,11233.716891591965,True,wing_R,high
-0.0117819424275079,0.0029533354225371,-0.0041878741531905,0.0008907978495665,0.0006844854490069,0.3525514030131471,0.3525514030131471,0.3525514030131471,False,0.935752527054325,5.241703673983514e-05,0.0001273537874263,0.0001208835580025,2.429625849673608,0.0508051590347897,0.537608834776505,0.4115860061887053,0.2187398961919655,-0.6326188049699368,-0.7429308887186863,6182.784689318952,True,body,high
-0.0110981718892425,0.0030415116977115,-0.0044343792265326,0.0015355122970309,0.0009806512338514,0.3934926464233886,0.3934926464233886,0.3934926464233886,False,0.3054591648185066,0.0001080957646914,8.498353140614172e-05,4.193530794728812e-05,2.577679048578528,0.2138125702820199,0.3982415368608167,0.3879458928571633,-0.2682142473709722,0.673433901600643,0.6888743700284968,8741.678103207418,True,wing_R,high
-0.01162205698518,0.0018187033274636,-0.0039281331709827,0.0010031808768784,0.0004452789160228,0.3717834138359663,0.3717834138359663,0.3717833802076465,False,0.2392097790136761,3.4914543646998734e-05,3.2944543690280265e-05,8.812197278013724e-05,2.6748578947880874,0.6037929866355818,0.022355377377145,0.3738516359872732,0.3815545589484404,0.8170702628989512,-0.432217889532467,8615.347072146385,True,wing_L,high
-0.0122855028353914,0.0027199410938653,-0.0028822852267659,0.000725736732102,0.0005085336774722,0.1288386866511183,0.1288386866511183,0.1288386866511183,False,0.5923929725218191,0.0001625658808514,7.062287306454091e-05,0.0001787983449918,2.531734227641515,0.0907864339639123,0.5142273984194462,0.3949861676166415,0.7325329679761039,0.608586498363665,-0.3049884011525243,7032.442549894529,True,body,high
-0.0114249675343695,0.0014488728765834,-0.0042213035783145,0.0014955405515115,0.0006585787924902,0.351948918037163,0.3519488675946834,0.3519488675946834,False,0.1043653956195297,4.445340285080397e-05,2.002865629975918e-05,1.9300573233445955e-05,2.303216713468939,0.5494460487765123,0.0163785676600921,0.4341753835633956,0.8807481228447824,-0.4735615955785685,-0.0047073664051624,13648.470590069435,True,wing_L,high
-0.0114614689931455,0.0014805730723554,-0.0041689452822056,0.001430434170916,0.0006506600962002,0.3404720769437959,0.3404721105721155,0.3404721105721155,False,0.1206746837746677,2.8716332411543343e-05,5.438266272014151e-05,2.1982977976382468e-05,2.4738533049784164,0.4719579554366362,0.1238143573405255,0.4042276872228382,-0.4692556682288955,-0.8052551524074609,0.3624406949506215,14691.729063378309,True,wing_L,high
-0.0117258740791265,0.0018848629715235,-0.0039039968318436,0.0008841336071629,0.0004008925022329,0.4377137145012916,0.4377137145012916,0.4377137145012916,False,0.1658145747592259,7.617467693658261e-05,0.0001090354536765,4.849905938434624e-05,2.248197285899725,0.3013769891531472,0.2538221891966292,0.4448008216502235,-0.8002202754786907,0.5968149645836076,-0.0588167387898677,5967.155811856711,True,wing_L,high
-0.0116630489427775,0.0010993879921242,-0.0042894414829556,0.0016896361975571,0.0010420227696387,0.4400439006414883,0.4400439006414883,0.4400439594910478,False,0.483035384423449,6.259597135270059e-05,4.5325239683337655e-05,2.6908561829342137e-05,2.326247376195465,0.2759080384271059,0.2942150661777527,0.4298768953951413,-0.5059799287968636,-0.732075888901383,0.4561241108996219,7476.583394757428,True,wing_L,high
-0.0112367850655961,0.0030832452969131,-0.0046599544101886,0.0015935935016627,0.001039538809417,0.3547322163607171,0.3547322163607171,0.3547322163607171,False,0.7821513712739133,9.077942642983715e-05,9.769122297550032e-05,3.804872855713678e-05,2.5675292363265165,0.0707514588838398,0.5397690423624296,0.3894794987537304,0.1875091894785686,-0.541495634423324,-0.8195259494131788,5986.740188656393,True,wing_R,high
-0.0115651856951952,0.0029518808033332,-0.0041544609606845,0.0010026394120292,0.000713071818112,0.3806013813887186,0.3806013813887186,0.3806013477603989,False,0.4402969132051499,2.915728501660685e-05,3.654799861491887e-05,7.538118739215917e-05,2.585329441654975,0.515157562791052,0.0980445367603849,0.386797900448563,0.4483182957246316,-0.4375051792999747,-0.7794869619206333,7825.98825285098,True,body,high
-0.0120780339973181,0.0025247792389572,-0.0028369292123723,0.0007613545745972,0.0006846560062262,0.1061702735005123,0.1061702398721926,0.1061702398721926,False,0.952453810503776,0.0001372698536864,0.0001537480659211,5.8940634769089256e-05,2.608524094174701,0.1071767123441218,0.5094647431696769,0.3833585444862012,0.5552074443130895,0.196363873202027,0.8081991852757746,8814.666058205523,True,body,high
-0.0124116574473085,0.0019538412061126,-0.0037228162713368,0.0005971862867528,0.0005743772343822,0.3115859724339518,0.3115860060622716,0.3115860228764314,False,0.2820284571669466,0.0001016863646203,6.160165449565756e-05,4.441640823115164e-05,2.289387383399996,0.394199461002914,0.1690024648699854,0.4367980741271005,-0.2638420975195209,-0.8260597904940223,0.4980086044492321,6291.848564520452,True,wing_L,high
-0.0113616871720162,0.0030067211468687,-0.0043460976258946,0.0012796319815922,0.0008569342882199,0.3894518675266337,0.3894518675266337,0.3894518675266337,False,0.3351319785345231,7.030173395247084e-05,8.484157539013683e-05,3.329326658033872e-05,2.548310337329287,0.1713763726192702,0.4362067441811612,0.3924168831995686,0.4235302621777094,-0.1679011221458827,-0.8901861211015565,7681.94439314012,True,wing_R,high
-0.011468513927988,0.0016391578310719,-0.0040708117116943,0.0012753443826919,0.0005387745768904,0.3091476334140172,0.3091476334140172,0.3091476334140172,False,0.1683706249107749,1.6862152699546854e-05,2.0595574094584912e-05,4.434534473580663e-05,2.629874460631492,0.5355640097672976,0.0841897028263151,0.3802462874063873,-0.5170990512518594,-0.7541566263760512,0.404791741624653,5175.19517638668,True,wing_L,high
-0.0125757516044244,0.0021118293823371,-0.0027460847591432,0.0009757702084565,0.0007629548808125,0.1777405856384201,0.1777405856384201,0.1777405856384201,False,0.6668118084616792,3.924129056792127e-05,3.71608801830252e-05,9.630593707797436e-05,2.591594617878996,0.592535083936212,0.0216020989776742,0.3858628170861137,-0.4935944842058173,0.3354405357588506,0.8023989856246133,3113.2551606331454,False,body,high
-0.0134744896226128,0.0027482933433875,-0.0036932309582961,0.0012460699218898,0.0008855305408176,0.2125732363656535,0.2125732363656535,0.2125732363656535,False,0.5760776267604276,7.320276608096499e-05,5.40934664190923e-05,0.000155344397856,2.8717774648145014,0.5287711234440604,0.1230124801769834,0.3482163963789561,-0.6999007464233304,0.0655184057253051,0.7112287140345779,5121.564988449691,True,body,high
-0.0132872195228618,0.0027505459493765,-0.0035319497531394,0.0010588595557239,0.0006406751955988,0.18749498419607,0.18749498419607,0.18749498419607,False,0.6276555339616128,8.418036963896249e-05,0.0001906693972397,0.0002164186491274,2.570892121948224,0.1189788957264231,0.4920510687505774,0.3889700355229994,0.4877815354621991,-0.8515777134694932,-0.1920535643621567,5001.63722021993,True,body,high
-0.0122236272644842,0.0025504093450988,-0.0031526897455741,0.0004272702924043,0.0003459128815145,0.205137678593837,0.2051376449655173,0.2051376449655173,False,0.9315418401778344,8.445368633434424e-05,0.0001001564171819,6.025085449093766e-05,1.6623235973699473,0.1567820743738457,0.2416503357885591,0.6015675898375952,0.7277265930673602,-0.4971660308184635,0.4724827441746283,8310.536411361056,True,body,high
-0.0118159371252421,0.0016636699756491,-0.0040584889931334,0.0010702342061687,0.0005913868535781,0.4665721365987016,0.4665721365987016,0.4665721071739219,False,0.2300225282646428,2.265575878647911e-05,5.3014785944483984e-05,1.847362389634426e-05,2.86975561708686,0.5726520746456703,0.0788861977961072,0.3484617275582224,-0.8093887827768329,0.5484990702446754,0.2098536829692618,5975.322259011792,True,wing_L,high
-0.0122638716674386,0.002623142390032,-0.003080763416201,0.0005085607716078,0.0003709028531926,0.1802579343955213,0.1802579343955213,0.1802579343955213,False,0.98537319361181,7.690094331736908e-05,5.039253305801789e-05,6.10168513926894e-05,1.5260384555154545,0.2065526278283254,0.1381558908949283,0.6552914812767463,0.8284907271966966,0.3315115466696885,-0.4513349192935992,21646.20197322472,True,body,high
-0.0115760076684,0.0032142573871832,-0.0044685319865851,0.0013234910509849,0.0010511902757956,0.3672335189929113,0.3672335189929113,0.3672335189929113,False,0.0775567247399351,7.822362777447601e-05,6.209984308662989e-05,3.454396304188749e-05,2.264465940969865,0.206124225462057,0.3522705457254917,0.4416052288124512,-0.245612553378097,0.0816597533851007,0.9659224390706408,7293.038159654128,True,wing_R,high
-0.0111044277657328,0.0030931310098094,-0.004699631814474,0.0017105363833173,0.0010834845176991,0.3354190688095096,0.3354190688095096,0.3354190688095096,False,0.8862369381681469,9.82617985676674e-05,9.999693604639886e-05,4.013334869148677e-05,2.4916170543130027,0.0173519064416768,0.5813023095948547,0.4013457839634684,0.2066325352387533,-0.659537159685792,-0.7227127578605512,5829.246223438423,True,wing_R,high
-0.0122543337557536,0.0016918181826906,-0.0038153031229668,0.0008539224432689,0.0007437925587367,0.4270532134795858,0.4270532134795858,0.427053188258346,False,0.4266216047007875,3.612940205385857e-05,3.678851849911807e-05,8.451814396912024e-05,2.3393175409636715,0.5647263797870524,0.0077985201083014,0.4274751001046461,-0.3600476515915558,0.8595347857217421,0.3627197826390017,10220.567746473322,True,wing_L,high
-0.012355995755696,0.0027542263967492,-0.0025940504694225,0.0010172052187953,0.0006792135337847,0.1595433602485801,0.1595433602485801,0.1595433602485801,False,0.1613189474725328,0.0001156981312464,0.0002142228023549,8.873760278076613e-05,2.414115275169599,0.459916825031635,0.1258527484905957,0.4142304264777692,0.0914683375882917,-0.4559100291548572,0.885313271410099,4515.21077284434,True,body,high
-0.0122854371141326,0.0017045127089057,-0.0037129111461033,0.0008191590440021,0.0007497872224959,0.3930529393289769,0.3930529057006571,0.3930529393289769,False,0.0865563155068489,2.20129568148674e-05,3.83392499781731e-05,5.25503260468862e-05,2.3872452251118794,0.270427933330685,0.310679198236356,0.418892868432959,0.2745585354205183,0.7911714749313367,-0.5465027976897407,9427.160260992094,True,wing_L,high
-0.012106679360575,0.0025281872812373,-0.0028933701511361,0.0007000025188545,0.0006226727144135,0.1220296244755613,0.1220296244755613,0.1220296244755613,False,0.8957068104565271,0.0001408964241879,0.0001278031688941,0.0001616323930228,1.2646978507772728,0.1282909226739712,0.0810063815118401,0.7907026958141886,-0.505599451345672,0.6081816078709841,0.6119512453181382,10984.716245815767,True,body,high
-0.0124498822218291,0.0020607880310841,-0.0036766862799499,0.0005007095249717,0.0004954501347828,0.289441925672636,0.289441925672636,0.289441925672636,False,0.8719713975530988,7.250720778644631e-05,4.591032377460713e-05,0.0001091353763658,2.3771423809079737,0.3356214070916871,0.2437054317079139,0.4206731612003989,0.6457792140391415,0.5978450487133147,-0.4749215771513893,7914.733561157944,True,wing_L,high
-0.013501221384358,0.0028995890655791,-0.003612902594214,0.0013041238263029,0.0008427209370003,0.140162956057946,0.140162956057946,0.140162956057946,False,0.8548949740991764,0.000134270878658,5.752851376669456e-05,0.0001450169052078,2.520783098899511,0.0741018885652454,0.5291959911941967,0.3967021202405579,-0.194708708135285,0.4106742808605074,0.8907497707077974,4488.627520915104,True,body,high
-0.0116196250724097,0.0013122469632331,-0.0042137148345255,0.001500050395364,0.0008381020181662,0.4965792597993984,0.4965792597993984,0.4965792597993984,False,0.1334815385879854,5.9740032116684136e-05,3.5077077685152985e-05,2.524404539717636e-05,2.366499947879442,0.4128379841403417,0.1645970371889115,0.4225649786707467,-0.1667302678408915,-0.8903418541844799,0.4236654345979228,7457.818870132122,True,wing_L,high
-0.013096024890013,0.0030247375582165,-0.0030448118089746,0.0011184284105975,0.0002158851292372,0.1943598693823511,0.1943599030106708,0.1943598357540314,False,0.0848797062415452,6.376923518603392e-05,7.526697033736578e-05,6.771576174123741e-05,1.1803022275206771,0.100325661605375,0.0524337107965706,0.8472406275980543,0.1057747144138544,-0.987916662607482,-0.1132800844507175,3561.433763076554,False,body,high
-0.0114017283899906,0.0012981575346265,-0.0043151045797244,0.0016578994709339,0.0007724358627757,0.4592050019486519,0.4592050019486519,0.4592050019486519,False,0.0863997781019075,5.0754938285399655e-05,2.053777194624684e-05,2.987843487958498e-05,2.471297199045724,0.4113196491033875,0.1840345639042006,0.4046457869924118,0.5375851809578406,0.6991508343661402,-0.471370643994358,7182.999643802421,True,wing_L,high
-0.0123218162928051,0.002653070990472,-0.0030666192602561,0.0005335071494778,0.0003438030083263,0.1268091502997788,0.1268091502997788,0.1268091502997788,False,0.914815416681392,0.0001234680764321,0.0001040836414837,4.401946927548209e-05,2.804851545560957,0.1569995703219602,0.4864753217511585,0.3565251079268813,0.724784112390791,-0.2936151120187552,0.6232801588532295,22981.679743809345,True,body,high
-0.0112425586304003,0.0030031294154205,-0.0042015270165857,0.0012883445778872,0.0008729850062432,0.4430133443252756,0.4430133443252756,0.4430133443252756,False,0.5012965207033107,8.16391359731549e-05,8.606552571362024e-05,3.265243034274815e-05,2.635807650769087,0.0514304618924188,0.5691791832354356,0.3793903548721455,0.4352992583632165,-0.1530353258488862,-0.8871836025934874,8069.813799899448,True,wing_R,high
-0.0123069611995224,0.0017484791619809,-0.0037910095437629,0.00079436227577,0.0007139959066726,0.3720963337579788,0.3720963337579788,0.3720963337579788,False,0.2039297065923923,4.744471183048937e-05,2.9979932601621307e-05,7.130769911160189e-05,2.378514323536057,0.3346481176424604,0.2449213681896309,0.4204305141679086,0.5221103758638692,0.7826531839967067,-0.3389022705664665,10842.576843394916,True,wing_L,high
-0.0110556183477719,0.0030282476694452,-0.0043985969877988,0.0015440988051295,0.0009787199575626,0.4508928085279281,0.4508928085279281,0.4508928085279281,False,0.4715639919691497,2.6159338068479466e-05,2.3402990023002588e-05,5.510410578005506e-05,2.354575450653687,0.5252742477503766,0.0500207381366223,0.4247050141130011,-0.2542612210105829,-0.8353718978186686,0.4873448715489298,9724.83837974186,True,wing_R,high
-0.0118092725855212,0.0027965375383518,-0.0037419025733223,0.0005553430997282,0.0004486203769886,0.3317608288636538,0.3317608288636538,0.3317607952353341,False,0.1603724439239103,5.757055453550801e-05,7.724338738210828e-05,3.095237185588148e-05,2.495556325756364,0.2546863040752281,0.344601442036086,0.4007122538886858,0.4419374762056294,-0.3805347613450516,-0.8123327905071069,7116.338377812238,True,body,high
-0.0116314324010892,0.0012071215417298,-0.0042709131415087,0.0016045630857245,0.000932698304665,0.4803433118399109,0.4803432529903514,0.4803433118399109,False,0.1485441865343725,1.699615466211924e-05,2.8142007750103523e-05,4.260381821486774e-05,2.5066739543046435,0.3394486942890339,0.261616295322907,0.398935010388059,-0.7893233542613745,-0.5394583965377041,0.2931778996147948,9113.440972499742,True,wing_L,high
-0.0134163427115921,0.0025997977347321,-0.003720072324894,0.0011718426872992,0.0008837866456982,0.2041416077639279,0.2041415405072885,0.2041415741356082,False,0.222319498127918,0.0001223464681494,8.146927292257635e-05,4.955239952630311e-05,2.4690321622967897,0.33411013693442,0.260872862772736,0.4050170002928439,-0.0935129983788492,-0.3473344142926787,-0.9330670521362112,4747.660825273366,True,body,high
-0.0118807953719196,0.0029480143584822,-0.0041703927978347,0.0008268754111054,0.0006657348716395,0.3075963590256408,0.3075963590256408,0.3075963590256408,False,0.8920511526147328,4.358640448314608e-05,0.0001073563283742,0.0001039878482322,2.463069153038573,0.0313766332464468,0.5626258336488302,0.405997533104723,0.2763873467759817,-0.6706269170133347,-0.6883818509514349,6207.937474546479,True,body,high
-0.013152057711796,0.0029570579372885,-0.0035562139435493,0.0010002590780416,0.0006008185796785,0.2111606787960947,0.2111606787960947,0.2111606115394553,False,0.1469830441951454,6.689086080116264e-05,0.000122750726127,6.47546783153335e-05,1.895627147265778,0.4550674940044638,0.0174026056971659,0.5275299002983703,0.3132006423184704,-0.3627328458972705,0.8776845903618022,5500.584110980875,True,body,high
-0.012317242036681,0.002636127007537,-0.0031122887497895,0.0004847969017871,0.0003121534813005,0.1543657423755961,0.1543657423755961,0.1543657423755961,False,0.1119146800013129,9.210168536833902e-05,0.0001149097588124,0.0001369659540376,1.4871166959635091,0.1610341444347472,0.1665236708232572,0.6724421847419956,0.4483041462091328,-0.8780034058778455,-0.1677301754563077,32762.49805698033,True,body,high
-0.0121684690617686,0.003043285490584,-0.0026367520210771,0.0010836008594029,0.0008335621872353,0.0831583470640346,0.0831583806923543,0.0831583470640346,False,0.3217408637095293,0.0001395640426486,4.995004621965793e-05,5.386151166204072e-05,2.794072342494752,0.6140731477833137,0.0280263122803698,0.3579005399363164,0.1894283030718631,-0.8000587723607038,-0.5692300754211771,2468.1675692131307,False,body,high
-0.0117048910882617,0.0025762109565434,-0.0026474986247885,0.0010827686450163,0.0010641000874249,0.2215503499414493,0.2215503499414493,0.221550383569769,False,0.8521775659790237,4.990409855210506e-05,5.569530452720846e-05,7.410614176076449e-05,1.484971052696002,0.2484387500970082,0.0781474495568672,0.6734138003461246,-0.8305855744204047,-0.355847800476146,-0.4283689373204076,5848.443838966228,True,body,high
-0.0128432077410689,0.002703541226852,-0.0037363741916982,0.0006374066231103,0.0005086219085279,0.2216969189729198,0.2216969189729198,0.2216969189729198,False,0.578594293121141,0.0001057828795863,0.0001471573023448,9.80163517993705e-05,1.50135461729954,0.28115779576821,0.0527770464886565,0.6660651577431335,0.5302131279429488,0.2257349240618743,0.8172623709774811,8238.602028807118,True,body,high
-0.0127545319166753,0.0027846803054117,-0.0035795266491872,0.0005678039830823,0.0003535063442484,0.2041954803321087,0.2041954803321087,0.2041954803321087,False,0.8818093806574537,9.30417617450984e-05,0.0001480381768956,0.0001288001982055,1.5910938713862783,0.1299528209109246,0.2415487491826573,0.6284984299064179,0.6217596500199349,-0.782403590721437,-0.0354902639225203,19279.953074757133,True,body,high
-0.0134164560418045,0.0031279056761008,-0.0034728154561672,0.0013174520228192,0.000730316470066,0.1418338800078624,0.1418339136361821,0.1418338800078624,False,0.2643766268616877,7.31334759782423e-05,0.0001006296703332,7.279238136520502e-05,1.3824203638617991,0.2732414233689982,0.0033896028070815,0.7233689738239202,0.7380796434623109,-0.2525890747925721,0.625649421962476,3479.339293600631,True,body,high
-0.011728391717921,0.0031829001517133,-0.0043401444605372,0.0011453797387282,0.0009588971288938,0.3313700846027446,0.3313700846027446,0.3313700846027446,False,0.1558718324106062,4.441784845328481e-05,6.576218541894417e-05,2.560592810367794e-05,2.568240649300985,0.3245685469496377,0.2860598416820208,0.3893716113683415,-0.2248972653177351,0.3491511573319319,0.9096783439141424,11365.422600677835,True,wing_R,high
-0.011580051195886,0.0027275401883118,-0.0025279935694941,0.0012667077746453,0.0012447800590694,0.206475144125476,0.2064751777537957,0.2064751777537957,False,0.1058020107392228,5.814982700515377e-05,4.078472225272229e-05,9.257015502789486e-05,2.2697262581386344,0.3718296465245084,0.1875885888621308,0.4405817646133608,-0.3973445328451487,0.633766389748275,0.6636697111090034,5059.081983309145,True,body,high
-0.0120033433355262,0.0025908423667394,-0.0025876563243252,0.0010242350523917,0.0009175253227685,0.1427473933128752,0.1427473596845555,0.1427473596845555,False,0.5489149852535642,5.2030257916654425e-05,4.613037993126786e-05,0.0001295583995304,2.808526609221267,0.5984030514021224,0.045538367305933,0.3560585812919445,0.8331267769709744,0.3414388649294044,-0.4351083485865058,4012.160287084416,True,body,high
-0.0135080241359068,0.002847966407124,-0.0035750941072267,0.00129578351049,0.0008162266572249,0.1305858796301445,0.1305858796301445,0.1305858796301445,False,0.9048618414566536,0.0001515920934698,5.487697518366568e-05,0.0001615413962246,2.9437008086534866,0.0615898029068641,0.5987017603320569,0.339708436761079,-0.0671292986778541,0.524997192395959,0.8484524767100277,4613.184609974204,True,body,high
-0.0118582264765954,0.0030109254877028,-0.0043326203460075,0.0009893985247296,0.0007973255202156,0.278110543876189,0.2781105775045087,0.2781105775045087,False,0.1739749885134318,4.363752056419854e-05,7.131477191174907e-05,8.075429246051478e-05,1.8505701381844293,0.1168918736224605,0.3427341198126831,0.5403740065648563,0.1583764020790984,0.8089662939368943,0.56611876010117,6327.221145550426,True,wing_R,high
-0.0124975812509632,0.002760149281026,-0.002697758478578,0.000944824449432,0.0005083858675892,0.2320701290557748,0.232070095427455,0.2320701290557748,False,0.1408476042681942,7.951270112490804e-05,0.0001244964516371,0.0001243818714808,1.565742955224111,0.0009203487715221,0.3604052144931927,0.6386744367352851,0.2874923596841233,-0.9572759386460408,-0.0311595958349303,3856.029760755802,True,body,high
-0.0131377077430018,0.0028364855441295,-0.0033614622679091,0.0009634244321464,0.0004144398995749,0.0902783030553415,0.0902783030553415,0.0902783030553415,False,0.6700834851423833,9.653144933201048e-05,0.0002790823036507,0.0001881520887557,2.891102387687488,0.3258186338063086,0.3282925439026649,0.3458888222910265,0.2161671177662413,-0.7550146421061048,-0.6190514254906666,6307.105604807303,True,body,high
-0.0121961839787796,0.0023056852049832,-0.0035498475216528,0.0002164828304616,0.0001947409065831,0.3262478189440088,0.3262478189440088,0.3262478189440088,False,0.1037249302612592,6.315746970687205e-05,2.891203958371013e-05,2.774460072181385e-05,2.2763877678446915,0.5422229592493593,0.0184845730412352,0.4392924677094055,-0.8434397446159028,-0.4687451711670319,0.2624640198386265,4541.157960151218,True,body,high
-0.0123105004093781,0.0017349785756763,-0.0037739486279465,0.0008032180888716,0.0007279053636083,0.4266047546149686,0.4266047798362083,0.4266047798362083,False,0.568243234751178,7.842725157312956e-05,3.5967891339440926e-05,3.456561382853454e-05,2.268938487890716,0.5413852886849843,0.0178799777217594,0.4407347335932562,-0.3514746263562878,0.935722528357506,0.0298150457310433,11349.777095660987,True,wing_L,high
-0.011463228614901,0.0015036580026506,-0.0041565255870748,0.0014077348386774,0.0006330911210196,0.3708295297331375,0.3708295297331375,0.3708295297331375,False,0.1087198452863526,2.6696000601211745e-05,6.778114701661055e-05,3.018592107624402e-05,2.5390000558186205,0.5546560894160346,0.0514880704833311,0.3938558401006342,-0.4727146863329046,-0.797777521931282,0.3742884593817535,12242.549103952835,True,wing_L,high
-0.01157001841758,0.0017515063321353,-0.0039972697340292,0.0011073059038368,0.0004735058524727,0.3336091085717384,0.3336090749434187,0.3336091085717384,False,0.2386524971083535,2.1087060693599936e-05,5.227216985197301e-05,2.5549288258853008e-05,2.4788741594430923,0.5112257950797761,0.0853652637319138,0.4034089411883101,-0.3095123559469805,-0.8206631098129442,0.4803271402995016,7140.6896014240965,True,wing_L,high
-0.0116047868397269,0.0027845601482523,-0.0038561805281383,0.0007597733547208,0.0005263882701272,0.3491924382985802,0.3491925055552196,0.3491924719268999,False,0.2214507644937289,6.876999568043875e-05,6.278950642753051e-05,2.925075330564168e-05,2.3510504143896656,0.0869636415377783,0.4876945649049785,0.4253417935572431,-0.2531920422414736,0.341487268707716,0.9051410028587458,23460.16072834541,True,body,high
-0.0134755206949984,0.0026069267217593,-0.0035426421271552,0.0012230987692498,0.0008018748257593,0.1246122794295457,0.1246122794295457,0.1246122794295457,False,0.3954561983745392,8.397630311347011e-05,3.859796235399542e-05,0.0001003099822109,2.5988413919620617,0.162832040615221,0.4523811066384386,0.3847868527463403,-0.3356136580466375,0.6932191678973079,0.6378171037157274,4217.018074542304,True,body,high
-0.0121302442387477,0.0017243280804514,-0.0039345696997142,0.0008740555227816,0.0006618058326699,0.3664059680801657,0.3664059428589259,0.3664059428589259,False,0.3777591236831746,6.035966636702119e-05,2.3809195993397352e-05,5.500791572226289e-05,2.535140891937713,0.0886643509958554,0.516880254757532,0.3944553942466127,0.6768111788832051,0.713829788726015,-0.1799268208636467,4940.441110506176,True,wing_L,high
-0.0125691171847575,0.0027056628712919,-0.0032168991921611,0.0005146551230204,7.357939897846718e-05,0.1028391194063483,0.1028391194063483,0.1028391530346681,False,0.9719107133052934,0.0001922506219279,0.0001325681291426,9.920683201306948e-05,1.9378768379847653,0.3104410908367356,0.1735302429452819,0.5160286662179825,0.4100178797775624,-0.5121032120961359,0.7547421006035986,10940.432689754689,True,body,high
-0.0123034901161879,0.0022086532457378,-0.0037892640756262,0.0003730632580248,0.0003164516848545,0.3097309166194451,0.3097309166194451,0.3097309502477647,False,0.5118234100954512,2.2692367654785684e-05,3.204158628082914e-05,5.813241642920814e-05,2.561760734426862,0.4488172305748137,0.1608262515188689,0.3903565179063173,0.4927593933734093,0.8616816190502532,-0.121214552068652,5955.32078750731,True,wing_L,high
-0.0118036731383184,0.0015269838635948,-0.0040410728589202,0.0011791633257731,0.0007182479224226,0.4427305175458665,0.4427305175458665,0.4427305175458665,False,0.3279882916310263,3.006663154852497e-05,2.594829005048821e-05,7.637340412550506e-05,2.943292370206417,0.6063206571345672,0.05392376502256,0.3397555778428728,0.3321897261153987,-0.9417589289554612,-0.0523460179578142,6493.89238029705,True,wing_L,high
-0.0124611745463687,0.0019946035342627,-0.0036780634594571,0.0005652950865482,0.0005585565068338,0.2897662035596318,0.2897662035596318,0.2897662035596318,False,0.6377845082029377,7.310495562408245e-05,3.811369979015272e-05,9.076271918400828e-05,2.381367321559748,0.1945486397793709,0.3855245429898373,0.4199268172307917,0.8296461985437523,0.4256650875672348,-0.3612428801627502,6887.536017353469,True,wing_L,high
-0.0122394983430877,0.0028933946883479,-0.0038355698100865,0.000461310429367,0.0004590436304116,0.1987489704146968,0.1987489704146968,0.1987489704146968,False,0.8963859523073359,3.908468752316608e-05,0.0001124628207747,9.821205128561887e-05,2.877413839065763,0.1267153837235391,0.525750317795197,0.3475342984812638,0.1404582448463657,-0.5841433037467408,-0.7994048299469557,6310.15416482479,True,body,high
-0.0118798797442626,0.0026494103947661,-0.0027799737252542,0.0008921913105607,0.0008510757174871,0.1018759034447991,0.1018759034447991,0.1018759034447991,False,0.9644514747637754,7.870612970454218e-05,0.0001068913421732,5.2310818367760445e-05,2.043388834443636,0.2636809670053079,0.2469359145475975,0.4893831184470945,0.747966277927948,-0.3123528427850797,0.5856467780895673,4641.357675728144,True,body,high
-0.0127974064393013,0.0028593190982166,-0.0029860147060372,0.0008731657987854,0.000114459058661,0.1289647255934038,0.1289646919650842,0.1289647255934038,False,0.3057124721503986,0.000112537815548,8.102197125671169e-05,0.0001888852527517,2.331284339569216,0.4042000955152992,0.1668517993450317,0.4289481051396691,0.6686363636890348,0.517375558159439,-0.5340860838590666,3325.589682057326,False,body,high
-0.0124974509302687,0.0029932370128761,-0.0035796878379568,0.0005383320401194,0.0004257713223959,0.232759761822296,0.2327597786364559,0.2327597281939763,False,0.0138271952949519,8.035427824893877e-05,0.0001220345176833,9.85181474199779e-05,1.5187059151389972,0.1927026116038922,0.1488420613761451,0.6584553270199626,0.2090095587864842,-0.9548930138709064,-0.2109368066422172,6496.3709463466885,True,body,high
-0.0128522279343465,0.0028229061326319,-0.0037036213539542,0.0006838154512131,0.0005146663767798,0.2663477107378198,0.2663476771095001,0.2663476771095001,False,0.982282656449232,6.306231521060751e-05,5.15523931556069e-05,0.0001027255937859,1.9926445213874144,0.3861090222362397,0.1120453202634791,0.5018456575002811,-0.5745840058696279,0.4355670602234439,0.6929174238299382,8881.278545855821,True,body,high
-0.0127590842326299,0.0029216596304396,-0.0030763332869564,0.0008191888704821,0.0001613479700081,0.1167743251840394,0.1167743251840394,0.1167742915557197,False,0.2557944017821367,8.228281383652626e-05,0.0002003450264271,0.0001864089203748,2.4348344093475114,0.0695605291569329,0.5197339229992691,0.410705547843798,0.3812580049346497,-0.9244663388453536,-0.0020789456747237,3573.2274452190773,False,body,high
-0.0124631647009854,0.0022042728079522,-0.0034540596042662,0.000390295427082,0.0003708061540443,0.1694910207596225,0.1694910207596225,0.1694910207596225,False,0.2718415316677146,5.104580341313011e-05,0.0001084560383118,4.767421395073412e-05,2.274941301054353,0.5293410656733921,0.03108715305184,0.4395717812747677,0.7398636021636998,-0.5319278102862448,0.4118915571329851,7847.248572781032,True,wing_L,high
-0.0124929840066207,0.0025416461322622,-0.0032973219915866,0.0003673491667297,0.000107739421403,0.2720771525231399,0.2720771861514596,0.2720771525231399,False,0.0926423949007756,6.748715214320412e-05,4.850585895012488e-05,7.16164933756888e-05,1.476450369620852,0.0576590815585288,0.2650408069200816,0.6773001115213896,-0.7075889558600764,0.4440902784939237,0.5496377844472085,27679.50952433553,True,body,high
-0.0124408736060629,0.0024124475100094,-0.0027787413220255,0.0008251845700199,0.0005758087428921,0.1701898172432657,0.1701898172432657,0.1701898172432657,False,0.0811389058372418,7.596726538814138e-05,0.0001088361421626,0.000143701324692,1.8916216604324747,0.2426225548308784,0.2287305064512737,0.5286469387178478,0.2902810092853098,-0.9522230054790451,-0.094911977562141,4509.605373703279,True,body,high
-0.0125917602071028,0.0026270832958481,-0.0033479591385941,0.0004219551902584,5.1740727140465145e-05,0.0939329279568281,0.0939328943285083,0.0939328943285083,False,0.9319196867049452,5.899259585633833e-05,5.061056222430491e-05,9.720175004714355e-05,1.9205823009107763,0.3930912166938713,0.0862333613126108,0.5206754219935178,-0.3610362594035585,0.7698247077641073,0.5263294963345616,21456.20607053308,True,body,high
-0.0127271915277216,0.0027128856117887,-0.0034094513499246,0.0005384565457583,0.0001842105195107,0.2027259563889555,0.2027259563889555,0.2027259563889555,False,0.2349909095412054,9.749786303137976e-05,0.0001496347195562,0.0001036477053592,1.534748710421189,0.307328501923456,0.0410990333402388,0.6515724647363051,0.3459494091335167,-0.9130231990149448,-0.2161195141135737,34717.086926469616,True,body,high
-0.012037851156068,0.0029538242071153,-0.0041087560006455,0.0007253174055136,0.0006416049927162,0.2669708266879481,0.2669707594313086,0.2669707594313086,False,0.5950368057342673,0.0001045341210242,4.142884508433012e-05,6.726322720130962e-05,2.5232207369389275,0.356542853737392,0.247138272784594,0.396318873478014,0.3135004197403335,-0.6946270997915265,-0.6474648091269881,5015.570732083703,True,body,high
-0.0125813655174077,0.0026840501912068,-0.0032956812704878,0.0004628614983489,2.0696868330436244e-05,0.1600064222110328,0.1600064222110328,0.1600064222110328,False,0.0596857489765693,7.972941250860453e-05,0.0001051233071204,8.529906285256942e-05,1.3185009623528696,0.1885808657555352,0.0529820693101348,0.7584370649343299,0.6150620466195496,0.774517068009372,0.1477226799456902,15911.4433782016,True,body,high
-0.0123622896018987,0.0026504287549983,-0.0031796384316777,0.0004338547033219,0.0002324806767829,0.2277152112104177,0.2277152112104177,0.2277152112104177,False,0.0409916316080607,6.817777746604976e-05,0.0001509455878493,0.0001113982581153,2.213999831902878,0.2619972554182471,0.2863315269102842,0.4516712176714688,0.4715322954959811,-0.8754978527284167,-0.1056447072608097,14627.121636769229,True,body,high
-0.0127019525225656,0.0026931796187907,-0.0034148694782468,0.0005074403921913,0.0001701007497782,0.1713873217082577,0.1713873217082577,0.1713873217082577,False,0.1870247942090406,9.875477299280624e-05,0.0002109569040394,0.0001048490713865,2.1361691961437863,0.502983455962243,0.0288888312118251,0.4681277128259318,0.401310610301643,-0.9034292298089942,-0.1508821420382494,46805.67948136164,True,body,high
-0.0129632791040636,0.0025759029001427,-0.0034863878951039,0.0007153251498648,0.0004159272470135,0.1144313728929716,0.1144313728929716,0.1144313728929716,False,0.4355928545255941,0.0001194565371209,0.0003279841308837,0.0001712292457961,2.745635682973212,0.4779343581812312,0.1578512610830429,0.3642143807357258,0.3811884976982287,-0.8374315835333505,-0.3916678083828092,4968.343154331109,True,body,high
-0.0118650663782328,0.0027873469558212,-0.0037365306544235,0.0005046866285554,0.0004150094944926,0.3316545801875195,0.3316545465591998,0.3316545801875195,False,0.2979544572106888,3.890106091236635e-05,4.597262614217877e-05,9.938367550116804e-05,2.55478059390341,0.5374227617327509,0.0711541930216628,0.3914230452455862,0.2489577193550227,-0.5851649606822089,-0.7717525657640114,7477.623454129238,True,body,high
-0.0121001290049717,0.0028993122468038,-0.0030508477451781,0.0006718793223158,0.0005791433315527,0.125118452897871,0.125118452897871,0.125118452897871,False,0.2350129191483878,9.17291420586461e-05,0.0001008074157857,5.343970785518098e-05,1.886376625764824,0.0900556140271047,0.3798275544019177,0.5301168315709776,0.4591761340143445,-0.2672782215764964,0.8471833510064666,4719.056400739751,True,body,high
-0.0125639989973109,0.0027180712376303,-0.0032864312702271,0.0004705629851429,5.835368641437256e-05,0.1586578929622082,0.1586578929622082,0.1586578593338884,False,0.0489122408684159,8.590021446035852e-05,9.41416508545182e-05,6.467876435381422e-05,1.4555264281106588,0.0875429347090544,0.2254204160848938,0.6870366492060517,0.5066930194229967,-0.4648775193792291,0.7260517034232625,12464.629740381384,True,body,high
-0.0112319578399655,0.0030088325369329,-0.0043622158095907,0.0013833410457538,0.0008979760981967,0.3526962233719927,0.3526961897436729,0.3526961897436729,False,0.336365605588935,7.744992511404926e-05,7.492521358121834e-05,3.193859093680825e-05,2.4249637458110462,0.0325979854610982,0.555024715403016,0.4123772991358858,0.327291772828695,-0.628946542801601,-0.7051995049179798,7773.18196366543,True,wing_R,high
-0.0134191661711,0.0028700563584226,-0.0035850430985385,0.0012165347881981,0.0007672723792453,0.1555010344491184,0.1555010680774382,0.1555010344491184,False,0.8455824709507909,0.0001775003418309,0.0001006075041826,6.703467497898531e-05,2.647888453051772,0.4331982510858992,0.1891423354869718,0.3776594134271289,0.3718100771534341,0.1576004528011267,0.91483297043998,4828.878598298239,True,body,high
-0.0122395704122005,0.0025422746549558,-0.0028421425901466,0.0007356179429987,0.0005811327203355,0.1185683624124264,0.1185683624124264,0.1185683624124264,False,0.9530734304050212,6.080616012080528e-05,6.977287125967252e-05,8.559707011422252e-05,1.4077039225000303,0.184868463762064,0.1047548838634531,0.7103766523744828,0.3790334828158779,-0.9249658306632684,0.0277818467686281,12302.350763706305,True,body,high
-0.0121892275675023,0.0022060409396025,-0.0036913188599198,0.0003333296187996,0.0002506957686295,0.2513347004991563,0.2513347004991563,0.2513347004991563,False,0.1558160174385784,0.0001065987182745,5.0580887341559626e-05,7.825071221320447e-05,2.10749007930087,0.2659319597853885,0.2595699584339676,0.4744980817806438,0.5226414042726537,-0.8502367451287594,-0.0627968133965521,5053.200339437446,True,wing_L,high
-0.0122814621756343,0.0026672496295134,-0.0030828397876934,0.0005185662784852,0.0003594199985747,0.1658000436445258,0.1658000436445258,0.1658000436445258,False,0.6251135144329291,5.3879492881923816e-05,4.9865753931809206e-05,9.941803906700076e-05,1.993713745969904,0.4580511405418806,0.0403723407520604,0.5015765187060589,0.8354228344807645,0.3223309283443134,-0.445164531674322,28701.96543440109,True,body,high
-0.013174240174694,0.0026029713605306,-0.0033301923389253,0.0009545886969298,0.0004571906053452,0.1398516250740399,0.1398515914457201,0.1398515914457201,False,0.4561375777240727,8.225323558470492e-05,3.398927847922377e-05,9.07544965394494e-05,2.670091881912817,0.0936731652855254,0.5318078877171849,0.3745189469972897,-0.009048685692567,0.4268277214991202,0.9042876851130434,4988.685929366033,True,body,high
-0.0121738462457129,0.0028133043547898,-0.0036953393052877,0.000334335048469,0.0003327451824417,0.3082814855973205,0.3082814855973205,0.3082814855973205,False,0.1895922393521475,3.224885124886084e-05,5.859232182526012e-05,5.551002893649748e-05,1.8168808982716813,0.0526057475236253,0.3970004424301267,0.5503938100462479,0.0017738715037676,0.7242526416531572,0.689532424501061,8417.485531489532,True,body,high
-0.0131232486552298,0.0028024880153279,-0.0034599184697138,0.0009215526886928,0.0004787288385562,0.0924549296771071,0.0924548960487873,0.0924549296771071,False,0.9100632411220336,9.999622081513454e-05,0.0002565419107846,0.0001632220690721,2.5655160634412955,0.3637606090444837,0.2464542657520379,0.3897851252034782,0.2634675464319156,-0.8765587287311065,-0.4027774162765988,7320.521940895401,True,body,high
-0.0125152609955483,0.0026068729785406,-0.0032551813219605,0.0004236317746422,8.679388711344613e-05,0.1331461381231999,0.1331461381231999,0.1331461717515197,False,0.0845952588232031,0.0001360270184972,0.0001120697837657,6.74443014842653e-05,2.0168793434535788,0.1761211485494604,0.3280633713397352,0.4958154801108043,0.3485515882434862,-0.5198404074275469,0.7799216249973489,30357.60626480625,True,body,high
-0.0123210354138288,0.0026140376660471,-0.0031389363033827,0.0004543614632785,0.0002898398884225,0.149003942195542,0.149003942195542,0.149003942195542,False,0.1089815055010835,9.77504476658856e-05,0.0001044006695081,0.0001279405434211,1.308848670018229,0.1839907294715762,0.0519790026242873,0.7640302679041365,0.3227407579026162,-0.9297479726156892,-0.1772205140649938,24266.276171217592,True,body,high
-0.0127857567223941,0.0023775596938792,-0.0031125000267554,0.0007167365484898,0.0003592956242625,0.1204112279610371,0.1204112615893568,0.1204112279610371,False,0.5073642010458473,7.825384655514413e-05,8.400545949363472e-05,0.0001581174471601,2.02057092552935,0.4687148002804241,0.0363755742442812,0.4949096254752946,0.4616297146853225,-0.879976408484742,0.1119800296027912,4415.880208915964,True,body,high
-0.012479013267323,0.002382580700824,-0.0033793948209081,0.0003243140007733,0.0002202451438499,0.2056765724172433,0.2056765724172433,0.2056765724172433,False,0.9705041344311024,3.247972038121646e-05,6.035344983310372e-05,6.592821498388833e-05,2.0298270493121504,0.0845581084236389,0.4227890814076961,0.4926528101686648,0.4049417121664453,-0.9124752223141632,-0.0584052943698293,13902.038128239315,True,body,high
-0.0126036319968757,0.0026581263554313,-0.0033940859728551,0.000418653353188,8.90974461949419e-05,0.161966314312246,0.161966314312246,0.1619662806839262,False,0.950839564043176,7.362009812771176e-05,8.547242767230009e-05,5.613657152723817e-05,1.5225801175055336,0.138668455633786,0.2045516557398503,0.6567798886263636,0.5293285292958859,-0.4953817245908023,0.6887730068860836,15735.64624855012,True,body,high
-0.0125481569500873,0.0025831496539113,-0.0032823105478194,0.0004205865735139,7.64200333018635e-05,0.1221917466048993,0.1221918138615387,0.1221917466048993,False,0.1216624534713383,7.68946364689126e-05,0.0001382219156493,0.0001104822394225,1.7975495040571865,0.2006894210406684,0.2429976664398516,0.55631291251948,0.5067590029676534,-0.8396606641109055,-0.1953593664405758,30911.95181062197,True,body,high
-0.0127083829241671,0.0027023194537814,-0.0033948606982116,0.0005230195740156,0.0001597237958317,0.1593100133380893,0.1593100133380893,0.1593100133380893,False,0.3658596768096592,8.511298028741168e-05,0.0001479225954498,9.368157643508667e-05,1.7379557730242408,0.3666851494173817,0.0579262155427942,0.575388635039824,0.415929592505965,-0.9055228122394386,-0.0838511215893997,40478.47534939772,True,body,high
-0.0118460554371205,0.001819717555608,-0.0042190562834596,0.001029488477041,0.0004660597048599,0.5023835897509501,0.5023835897509501,0.5023835897509501,False,0.1224923797360037,2.1335445167871856e-05,4.896477558266356e-05,2.01441083920332e-05,2.430724389967473,0.5642695199970268,0.0243304857759924,0.4113999942269808,-0.7148576234591744,0.55500302792834,0.4253824363707035,4065.6388528630655,True,wing_L,high
-0.0113512988465991,0.0030411366092039,-0.0043993662031757,0.0013327387648773,0.0009040450932598,0.3958175234926105,0.3958175234926105,0.3958175234926105,False,0.4383078868494742,6.931002643021634e-05,5.217709158153617e-05,2.9572811709055728e-05,2.343707697195136,0.247192732871487,0.3261328993322371,0.4266743677962758,-0.1996459027002969,0.2698713965281452,0.9419718376209196,7769.035008512831,True,wing_R,high
-0.0114041825255311,0.003077068928121,-0.0046199321416626,0.0014608288426928,0.0009992672543489,0.3503447463018775,0.3503447463018775,0.3503447799301972,False,0.7033566769226788,7.89850202500865e-05,8.689993255040641e-05,3.727214888090526e-05,2.3314977847957072,0.0910807645993149,0.4800103998353006,0.4289088355653844,0.2600866644954696,-0.6436345060892077,-0.7197843771039512,6149.205031751425,True,wing_R,high
-0.0111134531917938,0.0028896596236349,-0.0041090407590071,0.0013163324412691,0.0008318358624142,0.3395091972654438,0.3395091972654438,0.3395091972654438,False,0.7946881192499681,1.63841051869432e-05,3.915437752888103e-05,2.23575208105213e-05,2.389778207728054,0.4289905185178859,0.1525606075379947,0.4184488739441193,0.4978239246691989,-0.3977156104599061,-0.7707098242681611,4849.664265442296,True,wing_R,high
-0.0111443255992949,0.0030272077127918,-0.0043077138402648,0.0014271903591969,0.0009385082176832,0.4665248698935745,0.466524811044015,0.466524811044015,False,0.3587673070308239,2.423638599098908e-05,4.906803676849743e-05,5.5081670913150885e-05,2.272685000710497,0.1091766833677822,0.4508151326175499,0.4400081840146678,-0.3952226703730135,0.0457758100115914,0.9174440669822912,7693.704008124825,True,wing_R,high
-0.0117556635943967,0.0019002007136637,-0.004318493409289,0.0010839305582936,0.0003742327292438,0.4518868658621944,0.4518868658621944,0.4518868952869742,False,0.1078621858133631,1.2216329927522778e-05,2.282896475649705e-05,2.781416995453678e-05,2.2768024537281737,0.1792325712465343,0.3815549716680739,0.4392124570853917,-0.841070552263389,-0.4463780365430205,0.3055273712899634,3037.1172862502926,True,wing_L,high
-0.0122913907217051,0.0029158153847159,-0.0038624248338802,0.0004959346843696,0.0004956169359372,0.2021273050414186,0.2021273050414186,0.2021273050414186,False,0.7687702953684659,3.345626079835375e-05,8.772276692026702e-05,8.898183261741484e-05,2.659646669833267,0.0141496939331569,0.6098605133840843,0.3759897926827588,0.1344786091776639,-0.5963138079955418,-0.7914071935909462,7275.225876633099,True,body,high
-0.0121698609916903,0.0025219411474525,-0.0028636008372193,0.0007186574064447,0.0006091884994575,0.1355079895299467,0.1355079895299467,0.1355079895299467,False,0.7421128166524499,9.009007110718924e-05,0.0002151924471197,0.0001621440365253,2.388636666339368,0.2465161361584472,0.334835011091369,0.4186488527501837,0.5790410152395803,-0.792198406947931,-0.1926997319652433,14903.272774807438,True,body,high
-0.0124634576729248,0.0025610793748152,-0.0032959952234977,0.0003523355821208,0.0001017184287035,0.1801721485519326,0.1801721485519326,0.1801721149236129,False,0.1535428824858618,8.211372584907559e-05,0.0001048636212125,4.542450756528257e-05,2.3085252176234827,0.2169474513700843,0.3498755608431188,0.4331769877867968,0.6023045937592715,-0.5091020704738298,0.6148530378681873,26388.04992781428,True,body,high
-0.0124857199441227,0.0025217944905725,-0.0032745255838428,0.0003795269796849,0.0001381128815554,0.1268041396801415,0.1268041060518218,0.1268041396801415,False,0.1209921809114151,9.282387079190868e-05,7.59284431673329e-05,9.564081054825296e-05,1.2596176947481654,0.0294533237453385,0.1766550024798426,0.7938916737748188,-0.5147066185283331,0.613430595848593,0.5989824712960881,23480.41076046572,True,body,high
-0.0124309410385608,0.0025484976256287,-0.0032336304891445,0.0003867739604127,0.0001679610785943,0.2617924017352909,0.2617923681069712,0.2617923344786515,False,0.8421105713929667,4.389965311707236e-05,3.529869254681447e-05,9.983832774012133e-05,2.8283859978018144,0.5602925839128341,0.0861488845510929,0.3535585315360729,0.8350927818328808,0.464187387118617,-0.29521198378557,27585.54636640993,True,body,high
-0.0122249577490963,0.0029258233526497,-0.0039770251003504,0.0005766271871548,0.0005611771483409,0.191088909980474,0.191088909980474,0.191088909980474,False,0.8755265921304686,3.590736560084251e-05,8.872507890226542e-05,9.019529441114516e-05,2.5118883800550624,0.0163003571137306,0.5855927811561795,0.3981068617300898,0.2123259475665804,-0.6492788972839256,-0.7303113072736334,5134.6816670717535,True,body,high
-0.0120456741638771,0.0024222190185033,-0.0028373285481513,0.0007742926482559,0.0007235151456885,0.1923074994019263,0.1923074321452869,0.1923074321452869,False,0.0125646469449741,4.221961512271928e-05,4.688480959504499e-05,9.30672755599721e-05,2.204361060361505,0.4962266885653847,0.0501271198093628,0.4536461916252524,0.3702469506931606,-0.9212317931680564,0.1193699240126419,6918.385865603054,True,body,high
-0.0127956430374732,0.0026443986868315,-0.0033763987117484,0.0005902159137307,0.0002072283689981,0.1337199717707884,0.1337199717707884,0.1337199717707884,False,0.2465608052023167,0.0001052760537838,0.0002598715915183,0.0001147743349857,2.4684777038843344,0.5583421246040418,0.0365499019974442,0.405107973398514,0.3423154186173476,-0.8704414366147177,-0.353768087312771,14494.55711220791,True,body,high
-0.0125509221717938,0.0025599500551598,-0.0033486441915895,0.0003755715913878,7.981748402206968e-05,0.1669146879297441,0.1669147215580639,0.1669147215580639,False,0.1296354068568246,7.247195074766475e-05,6.684386254493299e-05,8.5462565185407e-05,1.278540196984553,0.1520035633093825,0.0658544263271514,0.782142010363466,-0.4240338010742962,0.6168844820100597,0.6630602321069063,25275.51184206521,True,body,high
-0.0123776531843135,0.0029026660233247,-0.0037912799969316,0.0004619301115084,0.0004543352384712,0.1626693143358533,0.1626693143358533,0.1626693143358533,False,0.7621998385381836,9.807596066193436e-05,3.676123306435162e-05,7.189967224045895e-05,2.667918143285605,0.2668981088210239,0.3582777975250096,0.3748240936539665,0.1262887748168351,-0.5377253405884073,-0.8336081834077349,7826.485528685414,True,body,high
-0.0126924970002921,0.0027116706309482,-0.003442939142362,0.000497898712134,0.0001902381183626,0.1541326981199826,0.1541326981199826,0.1541326981199826,False,0.4037484410070681,7.565688180379727e-05,0.000182499048868,9.263842200308852e-05,2.4121936368102688,0.4923895626980517,0.0930500202857023,0.4145604170162459,0.5678546719611182,-0.7960758383963555,-0.209294842395771,31973.19556170885,True,body,high
-0.0127890771755966,0.0028134346461855,-0.0034307220276115,0.0006291955788721,0.0002658274082838,0.0972072501906765,0.0972072501906765,0.0972072501906765,False,0.5802833265283773,7.780327204864407e-05,0.0001772284366949,7.536271415678845e-05,2.351672689577031,0.5610000657931983,0.0137706901746066,0.4252292440321951,0.2788395655875291,-0.0101276188625836,0.960284295403779,10953.226407615271,True,body,high
-0.0122780175022338,0.0026659404384639,-0.0029393976481467,0.00065625375646,0.0004686704954214,0.1884293806876248,0.1884293806876248,0.1884293806876248,False,0.0124323123928845,0.0001144999256347,0.0001214083694416,5.5855570714804943e-05,2.1736125490783618,0.0569025334800906,0.4830338731145381,0.4600635934053712,0.4751709381097232,-0.4569262062115451,0.751951475597362,10413.822601921398,True,body,high
-0.0126754827322664,0.0027404219401187,-0.0033695250655497,0.0005203302874764,0.0001341716343064,0.1650917639747234,0.1650917639747234,0.1650917639747234,False,0.0989476483559458,7.957475362820228e-05,0.0001933785528612,0.0001076251637611,2.4301495643301103,0.443448292642922,0.145054400903984,0.4114973064530939,0.2739265533982435,-0.8375083635542325,-0.4728043827208782,16849.74104462751,True,body,high
-0.0124339990418464,0.0025370079677855,-0.003277515361803,0.000348930757589,0.0001397376179199,0.1327112903209867,0.1327112903209867,0.1327112903209867,False,0.1358647064443562,6.510093402938546e-05,0.0001158928766183,4.816961814042308e-05,2.405933056818472,0.4382663030812343,0.1460945347376002,0.4156391621811654,0.5291511217590409,-0.5364641740582701,0.6574232124690509,22025.53099087509,True,body,high
-0.0125325289406039,0.0026012383820221,-0.0032676702267529,0.0004239981707022,7.438860848282987e-05,0.1762613767391895,0.1762613767391895,0.1762613767391895,False,0.2368004161952564,6.161757723831715e-05,9.902595893366816e-05,0.0001025881404969,1.6649168158654375,0.0347231321869899,0.3646462594422299,0.6006306083707801,0.5895663706062104,-0.8038733750184796,0.0787343100980716,33776.40137777492,True,body,high
-0.0127815888023966,0.0027323716063829,-0.0034109742621254,0.0005931274641584,0.0002212070311526,0.1264681927662053,0.1264681927662053,0.1264681927662053,False,0.5939613740598196,4.84949431036874e-05,0.0001244756164293,6.846270099389574e-05,2.5667751823764022,0.4499910668626323,0.1604150151090001,0.3895939180283675,0.4149293851785498,-0.8653125122123877,-0.2811900807710632,22445.78065203956,True,body,high
-0.0127090964197468,0.0027034240832909,-0.0034613291815119,0.0005048078544914,0.0002124642153727,0.1754363395433424,0.1754363395433424,0.1754363395433424,False,0.6095295036468178,6.339220599393787e-05,0.0001669102511644,0.0001019910814507,2.6329774859142634,0.3889465701527113,0.2312552715456181,0.3797981583016706,0.5647153210891309,-0.7772124935474652,-0.2775560231753782,34605.330210763175,True,body,high
-0.0126482582679749,0.0030536824165265,-0.0037813358985587,0.0006991531545122,0.0006148651534566,0.3171250611155346,0.3171250611155346,0.3171250611155346,False,0.1363864310608504,3.972828462891284e-05,2.981206001656858e-05,7.007481854601403e-05,2.35055271279706,0.4330590438443219,0.1415091015302858,0.4254318546253922,-0.2493116586300632,0.9217627295339124,0.296980078983959,5408.22749616407,True,body,high
-0.0115003467136835,0.0033799461421467,-0.0044548305986701,0.0014478717103383,0.0012100738310078,0.4516260950569773,0.4516260950569773,0.4516260950569773,False,0.0545175437658092,7.776262162950645e-05,5.3640423637303095e-05,3.4254650965096715e-05,2.270133235593075,0.3102029932469556,0.2492942273032959,0.4405027794497484,0.4069229124799087,-0.1462437144309386,-0.9016798319183535,3924.966558529157,True,wing_R,high
-0.0118442871483748,0.0020493766268422,-0.0035575308424003,0.000619850152617,0.0004411722843092,0.3116744485431176,0.3116744149147979,0.3116744485431176,False,0.1064778425448823,2.517420547850841e-05,4.125572105737826e-05,6.249856337563257e-05,2.482642935006966,0.33989328987579,0.2573101637907381,0.4027965463334719,0.4148671142898441,0.8915461215310555,0.1817437499991393,4013.886226356149,True,wing_L,high
-0.0122757772870276,0.0017019084953754,-0.0036678158678841,0.0008151925077421,0.0007540048470164,0.4104701642501459,0.4104701642501459,0.4104701642501459,False,0.1858665480997242,1.3369702849560924e-05,1.6628568848312327e-05,2.685242068701515e-05,2.008453066546428,0.3807422786150041,0.1213620938214807,0.4978956275635151,-0.5959690239571884,-0.4147573407324348,0.6876025529272529,7206.965757048703,True,wing_L,high
-0.0112611562518571,0.0027428825862775,-0.004193333114384,0.0011934326843979,0.0006275679963952,0.3458511957085022,0.3458511957085022,0.3458511957085022,False,0.3506149195898822,3.066724588365044e-05,7.226111281297454e-05,6.492478902262622e-05,2.35629613063816,0.101525198059655,0.4740799277149357,0.4243948742254092,-0.5709028313514795,0.0463557760257093,0.8197079352939796,11313.84954292476,True,wing_R,high
-0.011980660761145,0.0026228708042045,-0.0036573123791569,0.0003081353423856,0.0002254355676229,0.832055310265756,0.8320552430091165,0.8320552430091165,False,0.875304125920175,7.275594486957809e-05,3.163825451742542e-05,8.104190900127937e-05,2.5615164375343102,0.1022429534769531,0.5073632995430002,0.3903937469800466,-0.4614680233990939,0.7891700662325665,0.4052873917883702,4717.62485296277,True,body,high
-0.0118973939437666,0.0028278342653564,-0.0038465762732312,0.0005492058360935,0.0004473669787975,0.34932854892262,0.3493284984801404,0.3493284984801404,False,0.1958721229576508,4.080674295898896e-05,0.0001066462551357,8.687507383651229e-05,2.613446881631651,0.1853903006161975,0.4319732635609052,0.3826364358228972,0.1749487480404563,-0.6296795576702016,-0.7568993263382763,6540.211405086321,True,body,high
-0.0134070561682124,0.0030520939715432,-0.0037977545456064,0.0012900451267716,0.0009576505567052,0.1397803666645673,0.1397803666645673,0.1397803666645673,False,0.721402017320049,4.65740613490827e-05,2.996538326748709e-05,8.348521549218989e-05,2.786055320799873,0.4421280333948501,0.1989415489159199,0.35893041768923,-0.5458137568039254,0.1445013446333206,0.8253524727549725,4119.956139389012,True,body,high
-0.0122276657919938,0.0025283727280049,-0.0029130979083443,0.0006646707774941,0.000535183779835,0.1930706941178205,0.1930706941178205,0.1930706941178205,False,0.0208838258816743,6.242130571879208e-05,9.958894298171896e-05,4.5677419159106096e-05,2.1802664164283296,0.373210480502334,0.1681299756616512,0.4586595438360147,0.6439386820254145,-0.5027027810303504,0.5767433465032117,17961.24513629731,True,body,high
-0.0125552912584902,0.0026240298914548,-0.0032584632148352,0.0004508102624156,5.930177566562287e-05,0.1336780372561058,0.1336780372561058,0.1336780372561058,False,0.1506401910683159,0.0001044436403173,8.610747803904846e-05,8.289511439096871e-05,1.259949287538338,0.1755603521914262,0.030756910026501,0.7936827377820728,-0.1381429665244814,0.7666789166240379,-0.6269927907113508,29210.061289244168,True,body,high
-0.0121843486675366,0.0025219844616338,-0.0028946757016892,0.0006861472374931,0.0005762553387487,0.1227455377739386,0.1227455377739386,0.1227455377739386,False,0.5068001386375279,8.835119442793844e-05,0.0001025166475417,4.475226371943488e-05,2.2907589252795897,0.1381771005343547,0.4252863486463796,0.4365365508192657,0.3665156106716559,-0.3757755358099723,0.8511516044869512,17896.754504787965,True,body,high
-0.0122328908591491,0.002680802574246,-0.00304875652623,0.0005550635733601,0.0004185327965381,0.1332260726391586,0.1332260726391586,0.1332260390108388,False,0.1266231275032611,8.834799267188592e-05,0.0001078762554701,6.0486092824873205e-05,1.7834885745133873,0.1810246630560983,0.258276482860778,0.5606988540831237,0.4315843110321825,-0.4890506181375211,0.7580003135686587,15966.429682007289,True,body,high
-0.0122233963834342,0.0023902383673214,-0.0024795891859642,0.001104553220445,0.0009189607044575,0.1945636233714943,0.1945636233714943,0.1945636569998139,False,0.0512270212338781,5.011590397548722e-05,3.866896022057687e-05,7.957619552084226e-05,2.0578829910843446,0.3702148783632025,0.1438488442427763,0.4859362773940212,0.8386492663410743,0.4201566834824972,-0.3466060723509708,2950.517605269795,False,body,high
-0.0122945769899079,0.0026574996549563,-0.0030609438876861,0.0005375082190547,0.000366206889056,0.1095423196314477,0.1095423196314477,0.1095423196314477,False,0.9847879668154876,0.0001183223873104,5.05380704026299e-05,8.911779674935334e-05,2.341252571927895,0.2468221883019979,0.3260560171551117,0.4271217945428903,-0.0631384384800407,0.5106061683049264,0.8574933693476954,24533.547870791743,True,body,high
-0.0127316011905629,0.0027460750674062,-0.0034541499446982,0.0005436733976445,0.0002302370333517,0.1302469397957538,0.1302469734240735,0.1302469397957538,False,0.9322125563297492,8.176255489038547e-05,0.0001894115284567,7.562016533523332e-05,2.5047753812366915,0.5683337991274431,0.0324288051799074,0.3992373956926495,0.4624062718292713,-0.060097602718453,0.8846291414601087,28954.49436643592,True,body,high
-0.0126825930570504,0.0026351215718496,-0.0033657911150561,0.0004911742974129,0.0001237264880245,0.1528451033864786,0.1528451033864786,0.1528451370147983,False,0.1787061479555738,6.102901435744223e-05,0.0001714848327634,0.0001283134102366,2.8098902557896297,0.2517506757368073,0.3923635390658693,0.3558857851973233,0.4696831519151073,-0.8743061914762655,-0.1224190359109156,41520.74382056197,True,body,high
-0.0129993806146458,0.0027962533342511,-0.0033268744972941,0.0008337597543012,0.0002973763933972,0.0934584659939926,0.0934584323656728,0.0934584323656728,False,0.7863658768775986,0.0001146537216925,0.0001493495859894,6.397670813047288e-05,2.3344368654430623,0.2323130932509317,0.3393180719336509,0.4283688348154174,0.7308060566360184,-0.277364898721476,0.6236916069191072,8580.651638470144,True,body,high
-0.0111418361023086,0.003016056841985,-0.0045361675950188,0.0015547145925044,0.0009617407554516,0.2808768767124477,0.2808768767124477,0.2808768598982878,False,0.8045741777553346,9.378120070908232e-05,3.910444776983539e-05,7.643934857426634e-05,2.398223375025483,0.1849182139244726,0.3981064490765815,0.4169753369989459,0.319539661303341,-0.7699502416841362,-0.5523323548233322,5973.217073241122,True,wing_R,high
-0.012976447770564,0.0027990663730479,-0.0034992348094224,0.0007789289080072,0.0004181510753979,0.1074451903574845,0.1074451903574845,0.1074451903574845,False,0.3461451167407147,0.0001152277797104,0.0002667364483426,0.0001073716869187,2.484234494187312,0.5680088700799326,0.029452640763818,0.4025384891562494,0.4591947228780283,-0.0185262689141242,0.8881424344332909,7685.510528337132,True,body,high
-0.0130027070144443,0.0028270606936945,-0.0033492734242136,0.0008413582497864,0.000321126555805,0.1770283714552113,0.1770283714552113,0.1770283714552113,False,0.0969861296129524,0.0001022739829763,6.320091166500368e-05,6.529411846794403e-05,1.618235881128824,0.3615764579831123,0.0204666596726182,0.6179568823442695,-0.5485699564752048,0.4893493192472751,0.6779441323627047,7810.835149021666,True,body,high
-0.0122845801009143,0.0026756414453078,-0.0030638203688421,0.0005393622607546,0.0003720176033801,0.110920340916661,0.110920340916661,0.110920340916661,False,0.8547117304772347,6.522851957529608e-05,0.0001258394646244,7.495215667736913e-05,1.9292092698682413,0.4043827435132753,0.0772701722078394,0.5183470842788853,0.4738863215694064,-0.8749736488703193,-0.0992616139903849,23169.508976645164,True,body,high
-0.0119782172030342,0.0027876849363802,-0.0037547459354278,0.0004303920304225,0.0003714180159917,0.3105252679735537,0.3105252511593939,0.3105252679735537,False,0.416582967472521,2.725749855538589e-05,6.878455690945833e-05,5.098586355219456e-05,2.523509513159893,0.2587600205187383,0.3449664585037963,0.3962735209774652,0.2155102549382659,-0.673418010593933,-0.7071516902505098,9517.832097353308,True,body,high
-0.0120603783764336,0.0028074665952477,-0.0037349041849844,0.0003884399565597,0.0003623437139981,0.3453441983463441,0.3453441983463441,0.3453441983463441,False,0.2393857675111702,3.204846239705591e-05,8.082124475286277e-05,4.98369910385932e-05,2.5218446910665926,0.3833676876545764,0.2200971872671783,0.3965351250782452,0.1491232023944266,-0.613048165651984,-0.7758441964069647,11119.416891880916,True,body,high
-0.0128013775307768,0.0027394426433309,-0.0034421179264433,0.000605616621506,0.0002586517290216,0.1400405153458697,0.1400405153458697,0.1400405153458697,False,0.0390191203382989,7.445190139064241e-05,6.44411691480324e-05,7.873195458538534e-05,1.221764838011001,0.054362338865869,0.1271495455095465,0.8184881156245845,-0.4573948183855946,0.6515602685545999,0.6051935199215756,15831.652979867273,True,body,high
-0.0125885723935174,0.0026983239176975,-0.0033897051173625,0.000424319477122,9.175169503597948e-05,0.1783081307902222,0.1783081307902222,0.1783081307902222,False,0.8574682108919032,0.0001351282144533,0.0001008507830982,5.615857913867159e-05,2.406190051918335,0.2536659830348758,0.3307392474652045,0.4155947694999196,0.560791645124107,-0.46706766482632,0.6836377163620261,12428.849736587918,True,body,high
-0.0116140860953422,0.0027406861475129,-0.0027115909010176,0.0011018360637033,0.0010915622803449,0.3358430546644554,0.3358430882927751,0.3358430546644554,False,0.1111406661155995,3.710814839964621e-05,2.757948516251073e-05,5.000767145010131e-05,1.813219904412052,0.2579508838624192,0.190544029762381,0.5515050863751997,0.9687705394990468,0.201289116509448,-0.1447975599710559,5216.453123608203,True,body,high
-0.0112220370998564,0.0027163252679924,-0.0042722253500919,0.0012631738225616,0.0006201184729845,0.3973638461109091,0.3973637872613496,0.3973638461109091,False,0.1161436636907284,7.905374743201715e-05,8.152562138642939e-05,3.366908032582814e-05,2.4213795148984114,0.0303202099214383,0.556692072190003,0.4129877178885586,0.4731037079350949,-0.2436576921820223,-0.8466426699491318,11603.972266298626,True,wing_R,high
-0.0112969850485927,0.0029852411661824,-0.0044186821320485,0.0013614617285872,0.0008685615945224,0.3502607091309139,0.3502606755025942,0.3502606755025942,False,0.6152517285068884,6.19892538395208e-05,7.09805351023827e-05,3.07534100965233e-05,2.308054127317969,0.1266724919711131,0.4400621057300112,0.4332654022988755,0.3424254674108473,-0.4076782460550446,-0.8464887754494712,7384.583272827147,True,wing_R,high
-0.0122433774810741,0.0027296043017147,-0.0025683345261827,0.0010319323722218,0.00077226180374,0.2583419511769439,0.2583419511769439,0.2583419848052636,False,0.0320550768836868,6.756739331973592e-05,2.8892442060557587e-05,6.541746582117558e-05,2.338583674516572,0.0318190090357143,0.5405717457202734,0.4276092452440121,0.975536885508366,-0.2030786749143223,0.0841833523190916,4255.041680147461,True,body,high
-0.0112134375095188,0.002701186414232,-0.0042654755885842,0.0012641881449934,0.0006096656091812,0.2969265303487545,0.2969265639770742,0.2969265639770742,False,0.2258420136234516,2.3294016170152705e-05,6.859824878307042e-05,5.575636732005279e-05,2.9448871453505445,0.1872042171751026,0.4732241963283408,0.3395715864965566,-0.5766272861786792,0.1363453169639261,0.8055500775099076,11297.584973297293,True,wing_R,high
-0.0115856299288183,0.0030801618907052,-0.0037368183248641,0.0008937683627405,0.0008040354144943,0.8137653379701465,0.8137653379701465,0.813765405226786,False,0.3183189164736357,6.858366158772292e-05,2.910455591356926e-05,6.828221350251417e-05,2.3564579302083604,0.0043953337898587,0.5712389318676746,0.4243657343424666,0.0139620203893378,-0.3744920663103936,0.927124993869338,3173.042899506747,False,body,high
-0.0133452848352019,0.0025856320571931,-0.0038364478752684,0.0011216126966511,0.0009195037246892,0.142592803927153,0.142592803927153,0.142592803927153,False,0.1866134255897064,3.219096103695131e-05,3.171235452214808e-05,7.657177346152147e-05,2.4145723209559646,0.5795975516601065,0.0062504300627663,0.4141520182771271,-0.5246202724556152,0.242002481794576,0.8162158835344128,3885.990325227513,True,body,high
-0.012269907629782,0.0026581026225282,-0.0031031990372452,0.0004959896543528,0.0003514641918975,0.2090768999650576,0.2090768999650576,0.2090768999650576,False,0.9591230563599024,5.681015549613547e-05,6.410630868824475e-05,0.0001230119984563,2.1653170525950123,0.4788613347259038,0.059312532790839,0.4618261324832571,0.6329537670042189,-0.7720178721301639,0.0579476828422228,27572.89647303328,True,body,high
-0.0113236645806214,0.002845265805794,-0.0041800941376834,0.0011599123796205,0.0006952440457624,0.3490153011244902,0.3490152338678508,0.3490153011244902,False,0.5313652600310658,3.0022449083145293e-05,7.284786926242042e-05,8.522100496564885e-05,2.838576051195378,0.1451888030212251,0.5025218864355956,0.3522893105431793,0.0990777914187632,-0.7335570835025438,-0.6723671589918879,17006.603883855652,True,body,high
-0.0120609906115371,0.0027000082235383,-0.0029957909820481,0.0006414171908011,0.0005767049220154,0.1333450832626241,0.1333450832626241,0.1333450832626241,False,0.1155495189653259,9.237728398064372e-05,0.0002271299092074,8.791329764486249e-05,2.583567165515272,0.5932843705921816,0.0196538903720701,0.3870617390357483,0.4666845026524376,-0.1382679879243288,0.8735488186125631,6269.777689239874,True,body,high
-0.0123758668710352,0.0030443561357971,-0.0031739759659856,0.0006783949240198,0.0004477779323006,0.1576468911583463,0.1576468911583463,0.1576468911583463,False,0.0558073850762431,8.132023471869595e-05,8.413983766843901e-05,5.8569192902574856e-05,1.4365886483769523,0.0335109150180913,0.2703955991188588,0.6960934858630498,0.4081390540075053,-0.598378992815719,0.6894672534288373,5983.462551816414,True,body,high
-0.0121441316183158,0.0029819335311935,-0.0041004404290659,0.0007125631590787,0.0006680450932901,0.3119705963406732,0.3119705627123534,0.3119705963406732,False,0.6554538212148331,2.7986001260348115e-05,7.008049920340183e-05,5.4539047686362353e-05,2.5041269222943683,0.2217657079172899,0.3788935114309988,0.3993407806517112,0.1897508120498503,-0.6330394029020945,-0.7505036600175792,4202.354566831043,True,body,high
-0.0123076522296725,0.002620578811335,-0.0030968791124229,0.0004948634869384,0.00033036249767,0.1138746560601173,0.1138746560601173,0.1138746560601173,False,0.2465157864918623,6.54421133112698e-05,0.0001625228643574,0.0001405686761447,2.483459902715343,0.1350836899135985,0.4622522691221688,0.4026640409642326,0.4218265378835419,-0.8127018531464133,-0.4019677472504112,25918.76065755446,True,body,high
-0.0124076963246078,0.0029663457198948,-0.0039275321641921,0.0005936053340202,0.0005921248117459,0.2253244058203978,0.2253244562628774,0.2253244058203978,False,0.2041652528833825,8.928912979512188e-05,3.675194380359879e-05,3.180339619003062e-05,2.8075344300213843,0.588393974855306,0.0554216131899016,0.3561844119547924,-0.2314552516215516,0.2864570604605224,-0.9297154505595356,8412.091121768413,True,body,high
-0.0124878439581555,0.002591148109183,-0.0032568389928451,0.0004027725204349,0.0001050285920047,0.1294249291486809,0.1294249291486809,0.1294249291486809,False,0.090047113629133,9.903020875797502e-05,0.0002513889130987,9.603203372642712e-05,2.617761004779839,0.6060677158062381,0.011926440965876,0.3820058432278858,0.5195051829374182,-0.0165650841687555,0.8543067147621173,29357.26784173188,True,body,high
-0.012737888559889,0.0026841388784694,-0.0033843436054594,0.0005462809046814,0.0001686437195621,0.1586772292460433,0.1586772292460433,0.1586772292460433,False,0.3168354962426067,8.920716534040718e-05,0.0002169399019589,9.477244252941572e-05,2.431866331937589,0.5631396452490363,0.0256535433949916,0.4112068113559721,0.2555479070895805,-0.9120990450597708,-0.3205785382448253,25841.99606132677,True,body,high
-0.0112463638927295,0.0028216716388599,-0.0042694953426065,0.0012634345621371,0.0007077122529272,0.3730408019312878,0.3730408019312878,0.3730408019312878,False,0.1137599129434345,2.540329348793508e-05,6.122938215749064e-05,4.872873544007582e-05,2.410293066391988,0.2041609155104878,0.38095177723898,0.4148873072505322,0.3498849612723307,-0.7125768446650007,-0.6081239629571681,9324.941729471806,True,wing_R,high
-0.0125203538343494,0.0030031194750592,-0.0039603917770806,0.0006767611804137,0.0006670420397065,0.3008993632255285,0.3008993632255285,0.3008993632255285,False,0.1840402765616255,2.619668614765625e-05,6.398335888697138e-05,5.106664316462571e-05,2.44242185925092,0.2018761744778584,0.388694145627819,0.4094296798943225,0.1653338027240158,-0.5845737866117144,-0.794316197545573,6273.729780874571,True,body,high
-0.0128332135626187,0.0026475442104655,-0.0032885449255677,0.0006588379112653,0.0001766897606424,0.103881462804183,0.103881462804183,0.103881462804183,False,0.0917977212066755,9.681480947996506e-05,0.0002510677427422,9.491729996633672e-05,2.6451209930256243,0.6143877010144236,0.0075577590848706,0.3780545399007056,0.3492558129424802,-0.2667344208728762,0.8982611679503343,14747.634865015532,True,body,high
-0.0113493892330448,0.002772986673936,-0.0041270965114008,0.0010926817180196,0.000617794900289,0.393860254400335,0.393860254400335,0.3938602207720153,False,0.1334202617225267,3.2212826640906e-05,7.324319815796268e-05,6.344682084024032e-05,2.2737277598903285,0.1337513593630175,0.4264422497222521,0.4398063909147304,0.2946251284895402,-0.5436841004642541,-0.7858776193307052,12921.000967949089,True,body,high
-0.0128670469054064,0.0026514730029823,-0.0033038788740618,0.000683155924889,0.0002080004741247,0.0905603774010969,0.0905603774010969,0.0905603774010969,False,0.8945715251556793,5.354765672423091e-05,0.0001344723894259,7.559456813013447e-05,2.5112656211736715,0.437843199984553,0.1639512133309776,0.3982055866844692,0.500666925452119,-0.7631899018986299,-0.4085019013398614,13592.361288519922,True,body,high
-0.012869899979467,0.0028545603069238,-0.00351939651911,0.0007049293534618,0.0003904228718021,0.1986834624478952,0.1986834624478952,0.1986834624478952,False,0.4972035817874979,0.0001036528454867,4.171803293663066e-05,7.012382100201336e-05,2.4846052939316303,0.3234742309996106,0.2740473542427666,0.4024784147576227,-0.2258733875815148,0.5386569319577186,0.8116833880500134,7745.52740779895,True,body,high
-0.0127221438247208,0.0026989425858125,-0.0033736586547103,0.0005413567608202,0.000151154533035,0.1162385587943665,0.1162385587943665,0.1162385587943665,False,0.0402406773257368,6.322116666700453e-05,0.0001554965461998,9.487865571358088e-05,2.459564642628602,0.3898343208754474,0.203589660479532,0.4065760186450206,0.47464386249485,-0.8656090915361428,-0.1594807337766642,27237.06448793501,True,body,high
-0.0127080194107097,0.0026999898295277,-0.0034271916830226,0.0005114793509708,0.0001844404334282,0.1093646275900824,0.1093645939617627,0.1093645939617627,False,0.064934340188194,6.790718499322603e-05,8.868210497970314e-05,5.761570295527377e-05,1.539200260188542,0.2342628198917009,0.1160491402443333,0.6496880398639657,0.610287621625447,-0.445647266160281,0.6549408622575192,43780.65725659144,True,body,high
-0.012702433864621,0.0026818645291055,-0.0033103434540375,0.0005465829502873,8.985733910143736e-05,0.1258465732763042,0.1258466069046239,0.1258466069046239,False,0.0408680458012838,0.0001008685296484,0.00025929379291,9.313342217880566e-05,2.784111083261446,0.610987488299037,0.0298314409411891,0.3591810707597738,0.4219692744994017,-0.0897264293251575,0.9021591318935956,20712.77153847444,True,body,high
-0.0126996751033624,0.0027834657882797,-0.0033662979676254,0.0005607851579563,0.0001641289989213,0.1591477566954724,0.1591477566954724,0.1591477566954724,False,0.9400119051061644,4.046544203014443e-05,0.0001008479939516,3.736361283372597e-05,2.6990964283994083,0.5987481709397038,0.0307574704748898,0.3704943585854064,0.3005272054336784,0.0327072960273973,0.9532122699487244,14197.794154811838,True,body,high
-0.0123886038594393,0.0021941324396711,-0.0034186836595543,0.0003786454688196,0.0003685199717382,0.1612441797747217,0.1612441797747217,0.1612441797747217,False,0.4893161183263919,3.7471271549177154e-05,4.976100381361177e-05,4.533051350320207e-05,1.3279774546296252,0.0890353885746528,0.1579397791785516,0.7530248322467955,-0.9662289233139458,-0.0539471013539101,-0.2519749551187251,7726.5331223090225,True,wing_L,high
-0.0117626279330948,0.0028324150874328,-0.0038034252519413,0.000630964805802,0.0004985383579157,0.3747246307488943,0.3747246307488943,0.3747246307488943,False,0.1513202497400723,8.337827784325456e-05,8.088023028319906e-05,3.5078616515878054e-05,2.3768975553957223,0.0299604120482275,0.5493230965195143,0.4207164914322582,0.2571612489884946,-0.5821333254923795,-0.7713552251523683,7421.592313977147,True,body,high
-0.011535548332961,0.0030997151713274,-0.0044809953240006,0.0012972721194803,0.0009544852970653,0.3168422301325855,0.3168422133184257,0.3168422301325855,False,0.7744765674666232,8.52119028663928e-05,7.190920394524741e-05,3.073567132831288e-05,2.7724106610906487,0.156113154074299,0.483189921031246,0.360696924894455,0.4295963320145279,-0.1493969660275338,-0.890577081482244,7397.432734000007,True,wing_R,high
-0.0122484265731054,0.0026404567953863,-0.0030575908107376,0.0005351036992099,0.0003986808405116,0.3022854721216328,0.3022854721216328,0.3022854721216328,False,0.0167349319060825,7.440547999425825e-05,3.014915301406145e-05,8.414144252378748e-05,2.790839347445158,0.1157094796274355,0.5259753773259256,0.3583151430466388,0.9377917158391684,-0.288882433056902,0.1925970861008883,20970.910809159966,True,body,high
-0.0118398462328813,0.0017805425364575,-0.004210803823761,0.0010536660447149,0.0004948405170656,0.4694570618061994,0.4694570618061994,0.4694570618061994,False,0.1803919629325997,1.5023505348810797e-05,1.6581157000416258e-05,3.483884162704348e-05,2.318955584476907,0.524061184986552,0.0447102021439295,0.4312286128695184,-0.6535343733565051,-0.6279676124672231,0.4225511809636032,4357.358511456176,True,wing_L,high
-0.0118935408886091,0.0012181111380259,-0.0040916543383958,0.0014388777502378,0.0010305378132362,0.4244519200294002,0.4244519200294002,0.4244519200294002,False,0.2752478978797821,1.263349341077326e-05,1.3257956702429031e-05,2.2582524306130065e-05,1.7875122558636656,0.4129107746014853,0.0276525016951386,0.559436723703376,-0.6415472914842251,-0.5669442155230124,0.5167120370905351,6418.659826608983,True,wing_L,high
-0.0120651436456537,0.0029564057679451,-0.0040902087095054,0.000705545466552,0.0006355033026148,0.3414245822855163,0.3414245822855163,0.3414245822855163,False,0.7883327305795368,3.742163226644536e-05,8.838709574104138e-05,8.012226619461995e-05,2.3619251857245933,0.0935071966911993,0.4831093676081397,0.4233834357006609,0.2070141769279576,-0.6088194910771468,-0.7658224061983328,4721.967330658959,True,body,high
-0.0123337563482437,0.0026313856864744,-0.0027628217556935,0.0008264553045327,0.0005718495241138,0.167949498583963,0.167949498583963,0.1679495658406025,False,0.1913617828454916,3.778526446387788e-05,3.305046782835824e-05,7.908564448186018e-05,2.3928751899240126,0.5222234741661028,0.0598692299536821,0.417907295880215,-0.5087800610196036,0.4976791063061725,0.7024659113830207,6321.549056721545,True,body,high
-0.0128228843945256,0.0027040010445683,-0.0035005576147314,0.0006028634618763,0.0003130254310063,0.2842724962955022,0.2842724962955022,0.2842724962955022,False,0.5145416413173208,6.057915099834249e-05,4.608675915644936e-05,8.770160375919591e-05,1.90296747622192,0.3092583441840367,0.1652466000699962,0.5254950557459669,-0.8073178401598045,0.3152903973652101,0.4988284978717597,11827.78535631787,True,body,high
-0.0113575947621541,0.0030047344635047,-0.0044257457489734,0.001331054507502,0.0008750128755144,0.3686202247916905,0.3686201911633708,0.3686201911633708,False,0.675803100071043,6.713729596183417e-05,8.000071290055603e-05,2.955395003271397e-05,2.706938084824578,0.1607912788816217,0.4697876377156507,0.3694210834027275,0.2478920949170583,-0.5935488340280894,-0.7656691784978205,7532.958172651382,True,wing_R,high
-0.0128071246980643,0.0028190023659387,-0.0036408996451848,0.0006336694812448,0.0004406149475607,0.3044240482996428,0.3044240482996428,0.3044240482996428,False,0.9670415184690944,3.233671445824616e-05,8.675154875239984e-05,7.274519091564168e-05,2.68275705203184,0.1614536920457077,0.4657954473265548,0.3727508606277374,0.351522739821217,-0.6966205030947529,-0.625421168538928,12335.987267794371,True,body,high
-0.0124212174640939,0.0024452010693379,-0.0032693946190977,0.0003551180518584,0.0002114837949039,0.1504126997649733,0.1504126997649733,0.1504126325083339,False,0.3384984653321467,6.194002846781055e-05,4.5628134283017815e-05,5.6105903775569214e-05,1.357496409640922,0.0941898936206214,0.1691599076031513,0.7366501987762272,0.2269928836967264,-0.913601882621068,-0.3373511980448335,11834.24841540334,True,body,high
-0.0127849835899394,0.0027699451687118,-0.0035811878668828,0.0005880818133445,0.0003661314360651,0.1049528274419303,0.10495286107025,0.10495286107025,False,0.8698240608694724,0.0001011442178791,4.221760198258711e-05,9.417034008669604e-05,2.395783112477317,0.068949841510527,0.5136501047066547,0.4174000537828183,-0.1265155183027978,0.5873803576180656,0.7993610818103718,21027.95575060989,True,body,high
-0.0123554442893118,0.002572313160373,-0.0031493840633348,0.0004429758628979,0.0002659294349833,0.165742303819578,0.165742303819578,0.165742303819578,False,0.5031127036288844,4.633438697618764e-05,2.512745735884669e-05,6.527214109616037e-05,2.5976420997956584,0.2901353288238731,0.3249001681452188,0.384964503030908,-0.2056780739686837,0.9185355172333796,0.3376226199017779,18033.414579000542,True,body,high
-0.0125346048912125,0.0025014640629732,-0.0032985766518111,0.0003935343434791,0.0001423433775114,0.1011384007651659,0.1011384007651659,0.1011384007651659,False,0.8290375038442986,8.989996672488878e-05,7.482581525361736e-05,5.117536183891559e-05,1.756704075837635,0.1676769416100145,0.2630752187826355,0.5692478396073499,0.2946267429042759,-0.7014262504856463,0.6489963771048842,18589.697461511965,True,body,high
-0.0124171574950118,0.0024824773661704,-0.0032829282251175,0.00033626284551,0.0001762952545401,0.1292449503815751,0.1292449503815751,0.1292449503815751,False,0.7114426038374809,4.834477634647e-05,7.708678714584511e-05,4.23797652400421e-05,1.8189526702005048,0.372852623173883,0.077380460741506,0.5497669160846109,0.67869508168986,-0.5031024102093944,0.535033597946421,15201.583966063805,True,body,high
-0.0126297777768725,0.002667857401776,-0.0033179203846253,0.0004803097520234,4.775998750773352e-05,0.1297135946451003,0.1297135946451003,0.1297135946451003,False,0.0529964645656344,9.619124572443848e-05,0.0002259969604322,0.0001054456638944,2.349454555143545,0.5334199907256718,0.0409493037087537,0.4256307055655745,0.377786507624324,-0.8484875348739823,-0.3706025604613241,20896.179409338853,True,body,high
-0.0127568241493804,0.0027132016382537,-0.0034104819051601,0.0005643454311973,0.0002028989992173,0.1110344081771286,0.1110344081771286,0.1110344081771286,False,0.0515837979422971,7.160549811135693e-05,0.0001773040039397,8.580090194940126e-05,2.47612276453946,0.5160802912348623,0.0800625114076422,0.4038571973574955,0.3252833303624889,-0.90232867969266,-0.2828315908670537,27194.732325411493,True,body,high
-0.0125467035981894,0.0024854639687359,-0.0033755083567536,0.0003541452250996,0.0001456507246931,0.1122113993670955,0.1122113993670955,0.1122113993670955,False,0.8364597708594078,5.2671394954018e-05,0.0001076739284988,0.0001078485846185,2.047574109490001,0.0016194567631557,0.5099977319064769,0.4883828113303673,0.6121137915243104,-0.7882193644448446,-0.0634581731528592,17035.603680464355,True,wing_L,high
-0.0123650008561861,0.0031900978321661,-0.0032387604577068,0.0007656414314292,0.0005710159407165,0.2138217886199704,0.2138217886199704,0.2138217886199704,False,0.0775359690788777,2.8656692886082766e-05,5.790887220058987e-05,6.987775144451675e-05,2.4384443704756023,0.1712831193978848,0.4186193560869437,0.4100975245151714,0.3602683386454528,-0.4081177672368842,-0.8388364633438545,5416.06599508462,True,body,high
-0.0127658609383194,0.0026196931885537,-0.0033415425413452,0.0005713032282064,0.0001723267010405,0.0950936430400537,0.0950936430400537,0.0950936430400537,False,0.2267303139958975,9.163296481490616e-05,0.0002299064365783,9.908863871613257e-05,2.508992664842007,0.5690045037848485,0.0324291655866119,0.3985663306285396,0.4822871357373158,-0.8298091284199323,-0.2807417480412347,15216.351366658952,True,body,high
-0.0127697552480059,0.0028046772376541,-0.0035657903907712,0.0005909520272995,0.0003578426304456,0.3848981642763712,0.3848981642763712,0.3848981642763712,False,0.5710407821342084,2.8727179326968688e-05,6.915071245798326e-05,6.290908221827137e-05,2.407152880236505,0.0902612571563074,0.4943102055827982,0.4154285372608943,0.1982168907123038,-0.6970762705979667,-0.6890535082310929,17014.78058230332,True,body,high
-0.0122582427562404,0.0026137947386992,-0.0030340387831332,0.0005523941898364,0.0004104869379833,0.1123929250369081,0.1123929250369081,0.1123929250369081,False,0.9265917460732428,6.735161593629962e-05,0.0001629528426908,7.115729638311886e-05,2.419434788988406,0.5633258358179839,0.0233544894582713,0.4133196747237448,0.5338595133061095,-0.7917994523459186,-0.2967282381528038,16448.56182240508,True,body,high
-0.0125222242848091,0.0023869397055224,-0.0033524400421375,0.0003695071477374,0.0002327402387354,0.1737453394865571,0.1737453394865571,0.1737453394865571,False,0.3256883928694731,0.000102777480285,0.0001100006194112,4.8111816745026754e-05,2.2863534751608934,0.0656645313899144,0.4969577792614914,0.4373776893485942,0.2911107335585371,-0.5387967217569309,0.7905394572258837,13247.777611577269,True,wing_L,high
-0.0115587638268961,0.0029576602366704,-0.0041891584064374,0.0010298589016404,0.0007275122228164,0.3738040386825817,0.3738040386825817,0.3738040386825817,False,0.2258934772714533,2.805812909099876e-05,6.908479663566013e-05,5.607573407770093e-05,2.4622025371543046,0.1883057226985335,0.4055538461589691,0.4061404311424973,0.1711689999026762,-0.6928157271578907,-0.7005052046023648,7570.138715621466,True,body,high
-0.0125305994173149,0.002501715485684,-0.0033478510246399,0.0003572809314917,0.000127585876013,0.1392627931958593,0.1392627931958593,0.1392627931958593,False,0.4237177773327025,4.667548562962209e-05,0.0001162762541556,9.364441765378764e-05,2.491163243128034,0.19463850694381,0.4039425965793987,0.4014188964767913,0.4323883422445279,-0.8351429090181745,-0.3399656497466916,22727.70423723704,True,body,high
-0.0127819516800108,0.0028264977756497,-0.0036218177831027,0.0006140348493979,0.0004159807403783,0.0917057243422136,0.0917057243422136,0.0917057243422136,False,0.98780563721181,4.0192794144616886e-05,0.0001010010781761,4.139539394362012e-05,2.5129150716105992,0.5901489895838057,0.0119068015977596,0.3979442088184347,0.4818354166671512,-0.868071156433764,-0.1195286518494216,13185.824267324007,True,body,high
-0.0115115377741841,0.0030716106883168,-0.0044516971027798,0.0012781801048647,0.000920374551253,0.3825041389747388,0.3825041389747388,0.3825041389747388,False,0.5441954053997295,7.846106577369426e-05,7.822922296442906e-05,3.401629065388191e-05,2.306573240805148,0.0029548771352903,0.5635015516876968,0.4335435711770129,0.3838408559236047,-0.4901152779958877,-0.7825938995410378,7201.630226151878,True,wing_R,high
-0.0116982566259297,0.0031706431301543,-0.0043431587191572,0.0011545334342707,0.000951527111814,0.4109072735568598,0.4109072735568598,0.4109073324064193,False,0.1333407544744,8.08843184566273e-05,7.152680494615138e-05,3.137208151395769e-05,2.5782260708662643,0.1156900829360849,0.4964463346962107,0.3878635823677043,0.2741062489842157,-0.4863898610598938,-0.8296328509201767,11080.1392022429,True,wing_R,high
-0.0124059514495282,0.0025208070017383,-0.0032226412577562,0.0003845849566855,0.0002005171854483,0.1546012751268683,0.1546012414985486,0.1546012751268683,False,0.1890829342989826,6.963553373166441e-05,3.684353664226341e-05,8.859816290356752e-05,2.404713851545297,0.2140295977981226,0.3701205083122619,0.4158498938896154,0.9755532097889548,-0.118132148853264,0.1853125205639861,20285.70175507169,True,body,high
-0.0120898628568972,0.0022540977674337,-0.0039928085972653,0.0005168799404597,0.0002342869281974,0.4620096710693838,0.4620096710693838,0.4620096710693838,False,0.1176709390477937,1.0720679646140235e-05,2.403154532623805e-05,2.5843528642987224e-05,2.410624092502537,0.0701136188397732,0.5150560460987897,0.414830335061437,-0.7877690295679951,-0.2905807567204672,0.5431231719207527,4560.71423972336,True,body,high
-0.0120104881850956,0.0022378394393102,-0.0030218788922039,0.0006661147091777,0.0006617732453333,0.1589852310262978,0.1589851973979781,0.1589851973979781,False,0.1419167323654587,3.551723618875079e-05,9.69191983882104e-05,3.60708060497479e-05,2.7287933631194865,0.6278259968136953,0.0057116636353077,0.3664623395509969,0.8186777578105494,0.5677742832493755,-0.0860179757198991,3550.6747511572544,False,body,high
-0.013417596931859,0.0028327961002497,-0.0038899868022949,0.0012445637852575,0.0009987560866991,0.2098816256557978,0.2098816592841176,0.2098816256557978,False,0.1812810228265717,5.46495299416557e-05,3.458041798570112e-05,8.881659469709716e-05,2.568407204731374,0.3846923525042349,0.2259612860006499,0.3893463614951152,-0.6581794733613904,0.3912448889753386,0.6432163070821494,3891.4625307361016,False,body,high
-0.0124322707998404,0.0026182425649453,-0.0031760937245068,0.0004503989483567,0.0001910527096658,0.100370834367709,0.100370834367709,0.100370834367709,False,0.9948566620479068,6.053612556325588e-05,6.890812332459461e-05,4.020609714555487e-05,1.7138724774785306,0.1214950771754743,0.2950309402845809,0.5834739825399448,0.702287575112823,-0.2049445108581218,0.6817550214785925,18904.81352945895,True,body,high
-0.0123175113501809,0.0027620568784054,-0.0026261675540824,0.0009850344799565,0.0006801775846594,0.1841245522244808,0.1841245522244808,0.1841245522244808,False,0.037032899073846,4.301821682301534e-05,4.36596242471477e-05,8.620558336144837e-05,2.0039320485112992,0.4935406438340682,0.0074404394602032,0.4990189167057285,0.5438954466887836,-0.8208213460880595,0.1744421419193043,4830.918688093051,True,body,high
-0.0127576962394078,0.0027572183971447,-0.0035432086859721,0.0005589804209251,0.000317695160046,0.1118634135147019,0.1118634135147019,0.1118633798863821,False,0.909007115232181,0.000107708025602,4.484240725312378e-05,9.831236798777484e-05,2.401923362276816,0.0872326603493064,0.4964343226588081,0.4163330169918854,-0.1410811795504956,0.6048339787437077,0.7837550375810651,21362.609883709123,True,body,high
-0.0127201225039001,0.0027453908946829,-0.0035033431002785,0.000524240239231,0.0002625599329813,0.0972504289531884,0.0972504289531884,0.0972504289531884,False,0.8410430007498241,5.3989153924978816e-05,3.158450250107041e-05,7.500986319748098e-05,2.374894560866959,0.2802392695632605,0.2986894052175902,0.4210713252191493,-0.2824095871891602,0.7760763712828516,0.5638708105586683,21679.22625887239,True,body,high
-0.0126707657223884,0.0026799375056238,-0.0034060473914165,0.0004785388643674,0.0001423946626003,0.1596996983069274,0.1596996983069274,0.1596996983069274,False,0.8591747392925462,9.844052484698334e-05,9.437694479977984e-05,5.914266230763547e-05,1.6644588019209683,0.0412795447151459,0.357924569651704,0.6007958856331501,0.5282551867486827,-0.4042062649385324,0.7467019171379938,28063.500004564045,True,body,high
-0.01268758488282,0.0026520818350375,-0.0033917599443609,0.0004896011563494,0.0001422181778693,0.137043895776214,0.137043895776214,0.137043895776214,False,0.2062535762033518,7.195132314362154e-05,0.0001718115708418,0.0001214296176728,2.3878861893744148,0.2932395817242301,0.287979990443913,0.4187804278318569,0.5549895878987507,-0.7948562987003601,-0.2453365479098839,39964.18982912315,True,body,high
-0.0124892767671682,0.0026163072093026,-0.0032293424222535,0.0004311326409825,0.0001163781431893,0.1249378015643709,0.1249378015643709,0.1249378015643709,False,0.0626172926462645,7.610823499266363e-05,0.0002253572121547,0.0001058413571035,2.961009569811835,0.5303396057685088,0.1319377437560496,0.3377226504754416,0.3425598959779284,-0.899620654101806,-0.2708050892819956,29405.169186103925,True,body,high
-0.0125497302508537,0.0026033098967312,-0.003297844903614,0.0004149510405558,5.1126504330394325e-05,0.1476990625057054,0.1476990625057054,0.1476990625057054,False,0.3209095706450217,0.0001066114265895,9.22401294600254e-05,6.189379344142743e-05,1.722489779050215,0.134800720609562,0.2846443105525952,0.5805549688378426,0.4254310463590466,-0.274752026171535,0.862275912285901,29743.88419724028,True,body,high
-0.0126877863050781,0.0027114993908814,-0.0034852439270074,0.0004839451580276,0.0002208546481088,0.1203346562770498,0.1203346562770498,0.1203346562770498,False,0.591785920926129,7.233571577673293e-05,0.0001075261110739,0.0001016172929219,1.486487137361047,0.0549524026578575,0.2723206191758229,0.6727269781663195,0.4277850709373401,-0.9037714856801812,-0.0140369068734276,23447.21611671969,True,body,high
-0.0127220649951564,0.0027484915124029,-0.0034646174341804,0.0005341251974361,0.0002341942849379,0.1468517297338883,0.1468517297338883,0.1468517297338883,False,0.4307284972360455,4.812540003130101e-05,0.0001291294434274,0.0001158994529865,2.68318691051791,0.1024552579934973,0.5248535977257714,0.3726911442807313,0.3638208186198833,-0.878636442507832,-0.3092449091512088,30000.90865057348,True,body,high
-0.0128803475420328,0.0026600064511306,-0.0032854934152171,0.0007042389382413,0.0002028835455619,0.0918528146126397,0.0918528146126397,0.0918528146126397,False,0.1067562361166228,9.144614518551668e-05,0.0002146787710676,9.041947463384354e-05,2.374253687460492,0.5740326594439895,0.004782357130923,0.4211849834250875,0.276491228973983,-0.3148086857244661,0.9079912398767352,11943.15224718072,True,body,high
-0.0123226412067369,0.0022325679319415,-0.0037964602197008,0.00036127454751,0.0003129952613518,0.4076280331812533,0.4076279743316938,0.4076279743316938,False,0.4690898785161026,7.608348839479291e-05,3.204748437052449e-05,3.2758383721921934e-05,2.3740861377802966,0.5694416171884689,0.0093436745133007,0.4212147082982304,0.4319716686130121,-0.6623224508314673,-0.6121514915772798,5792.692808378259,True,wing_L,high
-0.0126663997580777,0.0026281759042496,-0.003327719776367,0.0004935377229403,9.16790792080802e-05,0.1219531873048528,0.1219532209331726,0.1219531873048528,False,0.021037106024082,6.299853797661585e-05,0.0001474246121198,5.270606599618945e-05,2.7971090107644767,0.5726728592279818,0.0698151538771311,0.357511986894887,0.527131244012172,-0.0513183397493563,0.8482329158854598,28088.829174816947,True,body,high
-0.0127721729224905,0.0027627865611535,-0.0035252463057135,0.0005757387442671,0.0003130636553972,0.1255785555681888,0.1255785891965086,0.1255785891965086,False,0.9720847495824064,4.3184937957124674e-05,4.1649697834025205e-05,4.593533095937827e-05,1.1028971000565573,0.0598753278753087,0.0334217712387251,0.906702900885966,-0.342633115957514,0.7523789557887557,0.5626086159449271,17768.351221665616,True,body,high
-0.0114843264584912,0.0028263204748849,-0.0040404965305753,0.0009540661552886,0.000609707593868,0.3980885448078115,0.3980885448078115,0.3980885448078115,False,0.253448328870835,3.001460503906271e-05,7.345115734583058e-05,6.445991592016366e-05,2.4471805392820287,0.1224111607027972,0.4689553184154997,0.4086335208817029,0.2343862064776642,-0.5601523778504567,-0.7945391241477596,8016.757951776244,True,body,high
-0.012027719222591,0.002536699840365,-0.002773715974012,0.0008355631812008,0.000763262999264,0.1765002050657936,0.1765002050657936,0.1765002050657936,False,0.0142573386359409,4.209088720091856e-05,0.0001121570302176,0.0001208664396083,2.871558373939411,0.0720581281201255,0.5796989076847472,0.3482429641951272,0.2798078977757583,-0.9119285388766049,-0.3001564264257748,5985.1004921925805,True,body,high
-0.0126377877069019,0.0027637327689282,-0.003461328686568,0.0004713117859077,0.0001997592688507,0.1513259104151088,0.1513259104151088,0.1513259104151088,False,0.9554050040086124,4.094267013105167e-05,7.287253640315088e-05,3.9275922496066826e-05,1.8553997403994391,0.438160490194199,0.0228720958162337,0.5389674139895672,0.5956661316787554,-0.5093661608510283,0.6210700232266504,12406.49685459522,True,body,high
-0.0127107007590252,0.0027126271557648,-0.0035011545581306,0.0005022704532605,0.0002466354479417,0.1192963482775807,0.1192963482775807,0.1192963482775807,False,0.9039866175894592,8.005177029058916e-05,0.0001915924444025,0.0001018364481492,2.393356745354871,0.4684735691596189,0.113703220012809,0.417823210827572,0.3634076924696411,-0.8153235327777002,-0.4507575689356544,25076.35693575329,True,body,high
-0.0127055137618349,0.0026998123820004,-0.0034120901585369,0.000513847391224,0.000171082534608,0.1111443391542715,0.1111443727825912,0.1111443391542715,False,0.238385531565893,6.58880507081608e-05,0.0001606148634208,7.152980639330353e-05,2.4376933555405613,0.5546501433936478,0.0351259875019262,0.4102238691044259,0.4067245694295139,-0.8377179509677508,-0.3644225010187619,51190.39595662864,True,body,high
-0.01277206741608,0.0026919427854685,-0.0033340871194048,0.0005975987526861,0.0001533400039505,0.0961626200671013,0.0961626200671013,0.0961626200671013,False,0.0272330897416504,7.452059283108302e-05,0.0001838062584945,7.331447998203416e-05,2.5070935310409146,0.5945698833030877,0.0065618704114168,0.3988682462854955,0.5255976373240314,-0.0380602522924156,0.849881486346675,18526.94442053616,True,body,high
-0.0124753734198272,0.0024524399208652,-0.0033889318198515,0.0002944894498437,0.0001512990087475,0.1165157906620832,0.1165157906620832,0.1165157906620832,False,0.8686397755059709,3.856142743981695e-05,8.899473222498199e-05,6.035212602431704e-05,2.3078692396404827,0.3218460855442026,0.244853802463413,0.4333001119923843,0.5551697759940895,-0.8311981784924906,-0.029935061273336,13475.412444341258,True,body,high
-0.0128502703802756,0.0027520778671906,-0.0034104488838323,0.0006617301088348,0.0002652431015334,0.1221410687270913,0.1221410687270913,0.1221410687270913,False,0.3459953363701901,4.4593481122627474e-05,0.0001102966912249,7.98753066361559e-05,2.473381499902782,0.2758141178212203,0.3198810872899581,0.4043047948888215,0.3559089935510079,-0.7857610796673508,-0.5058738123183566,15439.202833606572,True,body,high
-0.0116892353024564,0.0013055320585181,-0.0041635696756301,0.0014564070671644,0.0008731659944957,0.4745640160706159,0.4745640160706159,0.4745640160706159,False,0.158678362907204,2.057399942705557e-05,4.748490800958368e-05,1.6372421779573614e-05,2.9002983583544304,0.5667255073358632,0.0884823794253528,0.3447921132387839,-0.7212861478130388,0.6469087036367094,0.2474983275339435,8568.86583224148,True,wing_L,high
-0.0115532694169019,0.0027758469372021,-0.0038585691686661,0.0008023293335346,0.0005447582330119,0.3879696488927887,0.3879696488927887,0.3879696488927887,False,0.0773843361735808,8.023420936425322e-05,7.87554595865821e-05,3.2774039117056736e-05,2.448102569161107,0.018430415023569,0.5730899679060275,0.4084796170704035,0.4324397812196829,-0.5115128001853636,-0.7425297912307636,17449.925337412773,True,body,high
-0.0118470513565669,0.0014864389290773,-0.0041324684644081,0.0012360051398423,0.0007610328904536,0.4647679646354611,0.4647679646354611,0.4647679646354611,False,0.1909027509415069,1.6457927724555786e-05,1.716793874300623e-05,3.8003977852906126e-05,2.309159360093853,0.5482594266985813,0.0186825447904041,0.4330580285110145,-0.5810541030017928,-0.7080514703526095,0.4012969532855805,6429.061840963132,True,wing_L,high
-0.0120089174046698,0.0011121572873407,-0.0041045894852615,0.0015161636594612,0.0011696589062102,0.3895648502737907,0.3895648754950304,0.3895648754950304,False,0.1940299026701621,1.559938942269166e-05,1.0619694931390943e-05,2.0006206332603365e-05,1.883877687810661,0.220272491278373,0.2489074844332427,0.5308200242883842,0.7894468856772787,-0.5743325925784646,0.2166002950056752,6963.021144078043,True,wing_L,high
-0.0126645686686768,0.0030294259871177,-0.0037784405414269,0.0006891890262213,0.0006004856957172,0.34069916898682,0.3406992362434595,0.34069916898682,False,0.228315457310482,3.7823805346287264e-05,3.454850957032545e-05,5.4797274938874494e-05,1.586096639779251,0.3097502496523936,0.0597711433573175,0.6304786069902888,-0.8063606203325298,0.3008552124142571,0.5091843390562106,5524.124314063468,True,body,high
-0.0122338759251092,0.0026782584850763,-0.0029218160422084,0.0006763162730579,0.0005112628573201,0.2535277713692617,0.2535277041126224,0.253527737740942,False,0.0195319234035299,4.655247993855281e-05,0.000110859453112,3.751077996786052e-05,2.9554025058127302,0.5800765867794845,0.0815600268346729,0.3383633863858425,0.5085818697794069,-0.6381999183345465,0.5779665612900635,9721.49529624044,True,body,high
-0.0127229965499938,0.0027206863439305,-0.0034769171435271,0.0005207268099942,0.0002364640601766,0.1560355565909619,0.1560355565909619,0.1560355565909619,False,0.4487439230148193,0.0001107460166748,9.01116387517656e-05,9.939007333405844e-05,1.2289868235548749,0.1025404225069213,0.083781203702646,0.8136783737904326,-0.472932342350509,0.5377469586214032,0.6979707787954247,36355.72570096121,True,body,high
-0.0125629260298995,0.0028247561202844,-0.0033114007309523,0.0005121353950529,0.0001614977773139,0.2591583458946246,0.2591583795229443,0.2591583290804647,False,0.008631434118101,5.357830570709198e-05,3.66652289387168e-05,8.036615705764081e-05,2.191890229076896,0.333322536889948,0.210450236611969,0.4562272264980829,0.7421507261914344,0.4700060567435151,-0.4778144056408704,8659.354086323985,True,body,high
-0.0124360253727365,0.0025793000848896,-0.0032278920401228,0.0003982155907471,0.0001574950258548,0.2710996108973928,0.2710996108973928,0.2710996108973928,False,0.8701247185173153,0.0001068069695608,4.698888228228724e-05,7.760829923335717e-05,2.273026392056005,0.2733779494685411,0.2866799524128898,0.439942098118569,-0.2109295331675276,0.578330396392414,0.7880626146736831,29686.25646713047,True,body,high
-0.0121933428905842,0.0027725571533449,-0.0036288639609586,0.0002733095771586,0.0002731646380554,0.3488582064289494,0.3488582064289494,0.3488582064289494,False,0.4890933213534814,2.920303484599477e-05,7.138165813671738e-05,5.485897497837909e-05,2.444323287396531,0.2314695902229166,0.3594192233983338,0.4091111863787496,0.1192566177063374,-0.6672400720444716,-0.7352336672047415,6271.004121862101,True,body,high
-0.0127060888682474,0.0027756518460232,-0.0035394712238765,0.0005225484134933,0.0002948167156366,0.1142970277557168,0.1142970277557168,0.1142970277557168,False,0.924602041034538,0.0001129749899456,4.759362603539743e-05,9.47855036347516e-05,2.373742018766257,0.1610045402054582,0.4177196884199649,0.4212757713745768,-0.1350580051301336,0.6338002198542758,0.7616144802739377,19318.74270780295,True,body,high
-0.0127825686001925,0.0027356945138319,-0.0033545762663025,0.0006133570530226,0.000178163448449,0.1305055752026691,0.1305055752026691,0.1305055752026691,False,0.1145259755458605,9.425740410071306e-05,0.0002241007745748,9.888831610968028e-05,2.377540276150839,0.5587328232252836,0.0206644176833045,0.4206027590914118,0.2352805097386838,-0.8767221573352577,-0.41952513699958,19941.479753077987,True,body,high
-0.012537715091414,0.0026231124757489,-0.0033087630586619,0.0004041369321878,3.0136159676476347e-05,0.1587999053563576,0.1587999053563576,0.1587999053563576,False,0.1895332866805594,0.0001141916997703,0.0001039871540407,6.557568300554116e-05,1.74137263291254,0.0893632877885609,0.3363770844329515,0.5742596277784875,0.4370317643468809,-0.4762210481336418,0.763031290489681,21417.009999254173,True,body,high
-0.0126661485109082,0.0026327929321852,-0.0033567849177749,0.0004804453102992,0.0001070401571627,0.1136168949895145,0.1136168949895145,0.1136168949895145,False,0.1379609674944883,9.723568373437344e-05,0.0002310479665192,0.0001062522645181,2.376164363181489,0.5401289778962366,0.0390247138706569,0.4208463082331064,0.4307750632122449,-0.8504426881203289,-0.3019603933252762,36255.46801952942,True,body,high
-0.0124688976003486,0.0028055003427402,-0.0036868889341923,0.0003787102610616,0.0003327106116862,0.2228713207822688,0.2228713207822688,0.2228713207822688,False,0.0118400642509135,3.111586221425761e-05,3.933616114051314e-05,5.460363339660848e-05,1.7548487977167009,0.2796054274484163,0.1505449072692314,0.5698496652823521,0.3988933630104208,-0.9140554177420188,0.0733946744845975,6327.642531632191,True,body,high
-0.0120733956802521,0.002816124397636,-0.0037527558706587,0.0003963582223805,0.000371252746605,0.2701734701583276,0.2701734365300078,0.2701734365300078,False,0.2863260577554907,2.77949189908672e-05,6.868478907772346e-05,6.403188761359342e-05,2.4711275143594325,0.0677428223425834,0.5275836048898774,0.4046735727675391,0.1775505970337569,-0.6388114670212381,-0.748595815574152,10570.030607571223,True,body,high
-0.0121183858787479,0.0028271125396488,-0.0037090661574233,0.000368771553367,0.000360833995626,0.2354363911157194,0.2354363911157194,0.2354363911157194,False,0.3252759149802221,6.709709897206008e-05,2.798397292952776e-05,3.265417421722863e-05,2.397697394184564,0.5133295668889326,0.0696036245865948,0.4170668085244725,0.228340196551459,-0.7368045991076912,-0.6363801830451632,9917.43418092364,True,body,high
-0.0126753578261494,0.0026532228318853,-0.0033710429745142,0.0004875886408357,0.000118754670728,0.0990382449424284,0.0990382449424284,0.0990382449424284,False,0.0491805892439928,8.127712666986882e-05,0.0001992554963752,8.956365766467482e-05,2.451556846793966,0.5505084713146391,0.0415874650664591,0.4079040636189017,0.4232295387473471,-0.8650948973203251,-0.269235168880375,44700.55114043548,True,body,high
-0.0128107423715048,0.0030643349353907,-0.0038494072956078,0.0008286193344752,0.00071982193206,0.3781720127230675,0.3781720127230675,0.3781720127230675,False,0.2561765820998773,2.243490327541516e-05,5.826445647296953e-05,6.393248903512323e-05,2.849688641411811,0.0886565289056679,0.5604279410718755,0.3509155300224565,0.2240452527423106,-0.6213374284382199,-0.7508285588237931,3957.1662326955584,True,body,high
-0.0123436535680203,0.0025341785816801,-0.0031346676883159,0.0004513034268123,0.00029408744278,0.1728788049441838,0.1728788049441838,0.1728788049441838,False,0.0870835574933149,5.178971248480747e-05,0.0001083074054119,0.0001362654031057,2.6311287815253688,0.2051731184624646,0.4147618664681244,0.3800650150694109,0.4429503490906064,-0.8880314929440327,-0.1232682269690856,12592.556398830386,True,body,high
-0.0127336514020153,0.0027014682150078,-0.0034688295255753,0.0005246254723584,0.0002327004900286,0.126892884815865,0.126892884815865,0.126892884815865,False,0.7104557815545336,6.562153927156909e-05,0.0001595393676657,0.0001052816762818,2.4312042880545364,0.3400896730242394,0.2485915394458958,0.4113187875298647,0.4607793985203687,-0.7862082099253561,-0.411775420035211,33440.766264785816,True,body,high
-0.0126546621745521,0.0024545864197345,-0.0029122439747949,0.0007768702506202,0.0003838148362957,0.1377645842959906,0.1377645842959906,0.1377645842959906,False,0.0292900696516925,3.899704279547092e-05,6.17790932691541e-05,6.542526465563786e-05,1.677698101334912,0.0557303268955071,0.3482148768307656,0.5960547962737273,0.6010685892768655,-0.7943267887834439,0.0880993961710346,4075.480484493717,False,body,high
-0.0126924554383844,0.0026472271635714,-0.0033790515474875,0.0004974541193931,0.0001370451437259,0.1439221986620608,0.1439222322903805,0.1439221986620608,False,0.0746700702632747,4.606492030841324e-05,9.504084984722746e-05,4.382682493713814e-05,2.168554303980424,0.5153145159953865,0.023548772710605,0.4611367112940085,0.5565964398213701,-0.0755547965241906,0.8273402419200725,48293.725721497794,True,body,high
-0.0127166537069974,0.0027163918707595,-0.0034620167406548,0.0005164368158634,0.0002201159420873,0.1196511606788762,0.1196511606788762,0.1196511606788762,False,0.7245460901838966,6.33393898850504e-05,0.0001618132287238,9.427102355068116e-05,2.5547014111998414,0.4174084264053025,0.1911563962326823,0.391435177362015,0.3546238227953404,-0.8150007514765433,-0.4582747204447229,38971.187857414,True,body,high
-0.0128606075720238,0.002648209333287,-0.0036575412142441,0.0006244367092841,0.0004556728714566,0.3525944136340605,0.3525944472623802,0.3525944472623802,False,0.9420394366657424,7.818551653067579e-05,9.642729413658712e-05,8.95737371498842e-05,1.2333140256067023,0.0710748657635773,0.1181016300538025,0.8108235041826202,-0.954320715732918,0.0850056723097242,0.2864367420534299,7949.227372400885,True,body,high
-0.0131228279039461,0.0029530034099079,-0.0035611863057292,0.000972239427101,0.0005878158109642,0.2182799622210073,0.2182799622210073,0.2182799622210073,False,0.1156966239047301,5.4722961168550406e-05,3.4043843759694186e-05,8.466028546507311e-05,2.486801609790774,0.3536170960452696,0.2442599537109694,0.4021229502437609,0.9324675457870092,-0.3172138424320754,0.1728573233144332,5490.086934611647,True,body,high
-0.012512583253649,0.0031283928329416,-0.0033156392743193,0.0007169326802181,0.0004626046080476,0.2071554450332768,0.2071554450332768,0.2071554786615966,False,0.0327024663943034,5.687477285338923e-05,4.697884544617277e-05,6.421148859133373e-05,1.3668170850410897,0.1142586147572149,0.1541145926424147,0.7316267926003703,-0.854524861537485,0.2966846318790894,0.4263396418597633,5427.774071623704,True,body,high
-0.0132366253976923,0.002941512993622,-0.0029082176253994,0.001261851349391,0.0001350126629059,0.268476282490715,0.2684763161190348,0.2684763161190348,False,0.212186252690555,4.011268597473468e-05,3.669594254688686e-05,8.389481508356005e-05,2.2862150216298875,0.5218693081952436,0.0407265147964711,0.4374041770082852,-0.7758012531304901,0.4421332785792321,0.4501672795905322,3514.9611928012614,False,body,high
-0.0123152470409112,0.0026576420178951,-0.0031088453873365,0.0004937761083241,0.0003168214600327,0.146894000531768,0.146894000531768,0.146894000531768,False,0.2528653201244709,9.517350043344546e-05,0.0001291407119092,8.304672212865711e-05,1.5550368346770451,0.2630248120335192,0.0939036042585083,0.6430715837079725,0.3369931095194018,-0.4660215293649696,0.8180828676269778,29398.42533610189,True,body,high
-0.01256879073622,0.0027357172079739,-0.0033327688733937,0.0004552084715176,8.283506148133007e-05,0.2935869523605022,0.2935869187321825,0.2935869187321825,False,0.5758219780507778,0.0001268912216411,5.986635965959533e-05,5.095091494528958e-05,2.4904601178871983,0.5282072401436981,0.0702605318082743,0.4015322280480275,-0.2020846636759383,-0.1841257519789082,-0.961904099255838,11725.651608074288,True,body,high
-0.0127675734657023,0.0025144146366243,-0.0038444708684503,0.0005767741745454,0.0005406181494333,0.350475375509804,0.350475375509804,0.3504754091381237,False,0.4881335636788203,3.0517169969288785e-05,6.842614772858041e-05,6.752230227082696e-05,2.2422179971944205,0.0132090653610758,0.5408039693878861,0.445986965251038,0.1389689481985592,-0.7102277185114333,-0.6901189892291262,4209.556760697458,False,body,high
-0.0121992668825574,0.0023608552148218,-0.0035056213500909,0.000176508378685,0.0001701754719262,0.3544216251998446,0.3544216251998446,0.3544216251998446,False,0.2467683657727642,3.70768069105723e-05,3.514293973700515e-05,8.063208790736742e-05,2.294403613095084,0.5401730517859434,0.0239838409714608,0.4358431072425958,0.8082479350121302,0.3716989560428526,-0.4567002973781394,4471.124013562755,True,body,high
-0.0128196444335137,0.0026285297517751,-0.0032887533320794,0.000643181444147,0.0001761220816935,0.0756566423873419,0.0756566423873419,0.0756566423873419,False,0.8105702448138944,9.073130404110364e-05,0.0002096917437907,9.236724137244484e-05,2.3111289538583804,0.5595094031712111,0.0078016296768169,0.4326889671519719,0.3472546100692564,-0.9245742188401512,-0.1567697344571734,14882.381644605512,True,body,high
-0.0126990887377707,0.0027016003647294,-0.0034066731397217,0.0005106885264189,0.0001633155849639,0.148390763413889,0.148390763413889,0.148390763413889,False,0.3142512720680065,9.597133320112806e-05,9.391330226426056e-05,6.210339656981916e-05,1.5453475735941944,0.0214442257726528,0.3314521600713525,0.6471036141559946,0.4293912187140403,-0.3963700346772996,0.8114887410809761,49708.87012969032,True,body,high
-0.0125217820758237,0.0025825698737062,-0.0032212987881638,0.0004492219065465,0.0001225875978612,0.1165733959737522,0.1165734296020719,0.1165734296020719,False,0.3585747961392913,0.0001162427702952,6.609321398499317e-05,5.000161505582434e-05,2.324780312904724,0.4314208632748794,0.1384309655413504,0.4301481711837701,0.5062993601641809,-0.3953420566461151,0.7663978184625535,22154.972589321987,True,body,high
-0.0125252749164988,0.0025595190236304,-0.0032912460977745,0.0003950631183556,9.317203485653784e-05,0.1273734671328883,0.1273734671328883,0.1273734671328883,False,0.3119786036792241,5.959163237238653e-05,0.0001081609360431,0.0001175941611608,1.9733334443005337,0.080218482147201,0.4130247895926852,0.5067567282601139,0.4803154562545795,-0.8763607502900737,0.0359012232935657,24010.25555713021,True,body,high
-0.0127513581504805,0.0026817694411307,-0.0034028581261843,0.000551334614533,0.0001914607815958,0.1652498170773761,0.1652498170773761,0.1652498170773761,False,0.5844683573813922,5.569896959531592e-05,0.0001631922627708,0.0001093799769372,2.9298973384351243,0.329747776762922,0.3289433361024502,0.3413088871346277,0.3479221376468048,-0.9186675713775584,-0.1870830816363054,23674.31017791372,True,body,high
-0.0127341476086949,0.0028946527847469,-0.0034297554952949,0.0006295121581153,0.0002905389001784,0.0960616678513219,0.0960616678513219,0.0960616678513219,False,0.3086867184760176,8.928555345125394e-05,0.0002123557277109,9.505381196756848e-05,2.378388434662471,0.5523840444889053,0.0271631878192963,0.4204527676917984,0.1989034327105288,-0.8794690765555269,-0.4324020904650406,7494.043163516224,True,body,high
-0.0127725781170759,0.0022464387608967,-0.0036701407002341,0.0005876426681053,0.0005434545280792,0.2927956948118072,0.2927956611834875,0.2927956611834875,False,0.2152770072772628,6.537773739811022e-05,2.5557744555881013e-05,3.95026238581401e-05,2.5580401766346927,0.3957786636513067,0.2132970619240513,0.3909242744246419,0.3501680756724675,-0.6138698887243921,-0.7074928116223819,3391.985248833749,True,wing_L,high
-0.0124732742775954,0.0026467182417727,-0.0032320556714442,0.0004290544905552,0.0001195403873849,0.1853924407626329,0.1853924407626329,0.1853924407626329,False,0.0924489163828773,6.175311627578103e-05,0.0001460385746504,0.0001166190193642,2.364877814396611,0.2014505780860956,0.3756945945260691,0.4228548273878352,0.5130259913576426,-0.8579305164421496,-0.0275601369520315,23271.526413202937,True,body,high
-0.0112668735346478,0.0028505501719531,-0.0042042432462966,0.001219776616291,0.0007233036960934,0.3639663848124016,0.3639663848124016,0.3639663848124016,False,0.0770307797030831,2.568710554649119e-05,6.109674060640407e-05,5.559893083521999e-05,2.3784984452929057,0.089985320274316,0.4895813588719246,0.4204333208537593,0.1593173538286778,-0.8085376075598408,-0.566467049289221,12723.109822585024,True,body,high
-0.0127914143619928,0.0027260549606822,-0.0033783655702867,0.0006093874094434,0.0002007325668886,0.1190997907488563,0.1190997907488563,0.1190997907488563,False,0.0456794963609473,7.21666252277535e-05,0.0001705268804786,7.543972784074576e-05,2.362960439683358,0.5576079992256893,0.0191940567012384,0.4231979440730722,0.2654556053116079,-0.8533424430628724,-0.4487092560624712,22528.505512004525,True,body,high
-0.0127094678131584,0.0027548342469103,-0.0034264072813127,0.0005355441171198,0.0002002379776409,0.0720442210270956,0.0720442210270956,0.0720442210270956,False,0.8903935731922696,8.807551109956896e-05,0.00022481680662,9.291225954202332e-05,2.5525461483376923,0.5867201347671607,0.0215141764317828,0.3917656888010565,0.3658826683182534,-0.8660546788762541,-0.3407039275101824,23335.95190857561,True,body,high
-0.011625439498852,0.0029890509782118,-0.0040439886644266,0.0009188549856134,0.0007115320871608,0.4221816721655526,0.4221816721655526,0.4221816721655526,False,0.1124637370125689,7.941691073629202e-05,7.61250033899587e-05,3.315780765848393e-05,2.395119470933176,0.0414509619653207,0.5410333307241021,0.4175157073105771,0.3671868275827248,-0.4788685692421069,-0.7974075037531008,6325.896748160128,True,body,high
-0.0114046297799606,0.003106098452046,-0.0042924449341727,0.0012613602436433,0.0009285336708456,0.4367797677885129,0.4367797677885129,0.4367798308416124,False,0.0213515687225086,7.443784415038061e-05,7.231309232899437e-05,3.2050265711721424e-05,2.3225343845794453,0.0285439731045109,0.5408918954709824,0.4305641314245066,0.2328065123015122,-0.5773660323955587,-0.7825915872700244,5707.824072194654,True,wing_R,high
-0.012338175272805,0.0026399250723292,-0.0031316610817965,0.0004704640959739,0.0002838398258537,0.1098845886694901,0.1098845886694901,0.1098845886694901,False,0.4090926102346239,9.634548425229348e-05,5.097842463691076e-05,0.0001186001889901,2.3264781098047345,0.1876447662293931,0.3825209723668183,0.4298342614037885,0.6932346094630774,0.6227595291707562,-0.3627621053384611,25994.68776719026,True,body,high
-0.0125547533227289,0.0029339682137885,-0.0036209543440131,0.0005187103458572,0.0004039937665964,0.1726541677684987,0.1726541677684987,0.1726541677684987,False,0.2618533776282655,8.855305470532597e-05,0.0001116702925389,7.245425955997092e-05,1.541252277189781,0.2070133184752328,0.1441636336695939,0.6488230478551732,0.4366517633018075,-0.452790392666955,0.7773777060823952,7205.614618328618,True,body,high
-0.012588058259116,0.0025504496647399,-0.0033895151849249,0.0003827236210495,0.0001145273794242,0.1631096099258601,0.1631096099258601,0.1631096099258601,False,0.4905531632084217,0.0001303150986307,5.46803924219719e-05,8.180607643490186e-05,2.383214400238723,0.3722440661561242,0.2081545753174119,0.4196013585264638,-0.267732393648868,0.5347536578803358,0.801472326892606,18675.920957787905,True,body,high
-0.012703177064891,0.0028661205569124,-0.0035308124219335,0.0005719249252514,0.0003335601664981,0.0969353315974744,0.0969353315974744,0.0969353315974744,False,0.963889669186821,8.568977228704737e-05,0.0001877348255449,0.0001363121291522,2.190866197147036,0.2739113334111057,0.2696481950976603,0.4564404714912339,0.3240104879654875,-0.7857544675368993,-0.5268843520490722,9614.14017551266,True,body,high
-0.0127620129861582,0.0026402242836406,-0.003289908176111,0.0005952391192885,0.0001313448270002,0.1063023319120266,0.1063023319120266,0.1063023319120266,False,0.9765410024534356,6.662061075600204e-05,2.48786392893324e-05,5.241613694948787e-05,2.677823733895608,0.213214403850755,0.4133480216957414,0.3734375744535035,-0.1184628316398657,0.7246089377585059,0.6789023824088073,15452.943066682214,True,body,high
-0.0129634424712762,0.0027574059852278,-0.0032883672899688,0.0008020025010704,0.0002434537452628,0.0870237542734844,0.0870237542734844,0.0870237542734844,False,0.9452102967198748,0.0001340576516713,7.956564754141433e-05,6.527637412220318e-05,2.0536932921611744,0.4064818639635651,0.106590509687875,0.4869276263485598,0.3862004405080718,-0.459242578540003,0.799965920403676,9204.869564196157,True,body,high
-0.0123590777249986,0.0024762438720656,-0.0033608295645915,0.0002417918282702,0.0001433125287439,0.2817192829354267,0.2817192829354267,0.2817192829354267,False,0.950823524535452,2.681664390917948e-05,7.436972545567297e-05,5.383075201076805e-05,2.773267441949208,0.2761738505697038,0.3632406592342465,0.3605854901960497,0.2430274734214084,-0.7499697001723217,-0.6152097983499976,8193.798383587067,True,body,high
-0.012761187719919,0.0027495583516287,-0.0033777112233459,0.0005923009951213,0.0001871831372757,0.1047191106199226,0.1047191106199226,0.1047191106199226,False,0.8265832284826078,9.183286413228976e-05,0.0002612309039265,0.0001064401951141,2.844634177480017,0.5925436328006868,0.0559173159157937,0.3515390512835195,0.3915890499811969,-0.8450216906762498,-0.3641378286054281,21778.954094683257,True,body,high
-0.0127079722366621,0.0027496596721344,-0.003460244679809,0.0005233784129645,0.0002239246893329,0.1172030862603845,0.1172031198887042,0.1172030862603845,False,0.3765386623895778,6.510192739838436e-05,0.0001654085176069,9.149708991748576e-05,2.540762220367345,0.4468417271296438,0.1595755944190766,0.3935826784512796,0.272996422113111,-0.8691952448534273,-0.4122773093897249,27814.71133090434,True,body,high
-0.012567677645919,0.002558210313591,-0.0033629834079046,0.0003803835198043,9.014507297573612e-05,0.1341647062989973,0.1341647062989973,0.1341647062989973,False,0.5861953784652673,5.289242330513879e-05,0.0001467617949176,0.0001135670121816,2.774722460172116,0.2261813624903508,0.4134222323362214,0.3603964051734277,0.5612904508822549,-0.8197878151584931,-0.1135824276288332,25842.229696735365,True,body,high
-0.0124503031973062,0.0028982968966457,-0.0037949525014729,0.0004841864345157,0.0004659519669536,0.2295480723339137,0.2295480723339137,0.2295480723339137,False,0.3798867273059041,6.346654938560106e-05,2.726927673303896e-05,3.744405107430128e-05,2.327401273122369,0.410019113426129,0.1603171188564841,0.4296637677173868,0.2381280380787682,-0.6882629398283182,-0.6852657609567526,7619.142331917325,True,body,high
-0.0124738058977874,0.0025369216835566,-0.0032666219853408,0.000379601779325,0.0001347980297451,0.0768301362320587,0.0768301362320587,0.076830102603739,False,0.6579297014008305,0.0001045089519493,0.0001223228429971,4.4648205240993055e-05,2.7397034737878845,0.145630126077124,0.4893668691935317,0.3650030047293442,0.6775649789535648,-0.3492168061659602,0.6472660361759308,25844.810242532563,True,body,high
-0.0116533170274668,0.002938162463963,-0.0040494412637911,0.0008769375397297,0.000656285546671,0.3970690686673819,0.3970690686673819,0.3970690686673819,False,0.2827174333114403,2.7251026624545383e-05,6.191811714638821e-05,6.945407385157785e-05,2.5486773327291674,0.1085027311903092,0.4991368914647944,0.3923603773448963,0.4881909618349616,-0.4046832272506303,-0.7732406290183346,6698.333216481827,True,body,high
-0.0126700286807823,0.0027500086768762,-0.0034273693470148,0.0005000312253265,0.0001804589816402,0.1771272387151685,0.1771272387151685,0.1771272387151685,False,0.6104578555541176,8.670440391474112e-05,0.0001003978393469,6.072143887935248e-05,1.6534166712750538,0.1363917343367422,0.2588000419571081,0.6048082237061496,0.3923062854796527,-0.4056799393115717,0.8255419827079158,18804.77762913617,True,body,high
-0.0124449162105255,0.0025847356985592,-0.0032366450339868,0.0003956953350257,0.000144166836748,0.1451235031271804,0.1451235031271804,0.1451235031271804,False,0.2222195943818812,9.623955639299576e-05,4.050992312225069e-05,5.4702559510449445e-05,2.3757032592376044,0.4316000451303965,0.1474719639213931,0.4209279909482102,-0.2187358718035367,0.739589561325893,0.6365232903548149,27995.038989196102,True,body,high
-0.0127569758299739,0.0027184713580554,-0.0033678309458688,0.0005803495439184,0.0001704298750633,0.1183004455892702,0.1183004455892702,0.1183004455892702,False,0.0550138276448963,6.866985603569195e-05,0.0001599242345712,7.731406446511894e-05,2.3288855373184547,0.5165581709839778,0.0540518980916245,0.4293899309243976,0.5175783258071276,-0.8263785660990735,-0.221835845044777,24601.67679007685,True,body,high
-0.0126424267710214,0.0026421402049847,-0.0033417308301059,0.0004702815336854,7.786966218297357e-05,0.0771883787219649,0.0771883787219649,0.0771883787219649,False,0.0439707075195956,8.272319031496702e-05,0.0001920335730061,8.179780711935298e-05,2.3476616277249454,0.5692253754382981,0.004818861520555,0.4259557630411469,0.457585611469409,-0.1846611092806318,0.8697791000566831,30882.727418896066,True,body,high
-0.0127072385339874,0.0027523120708755,-0.0036092117731792,0.000511818667999,0.0003411486071695,0.0891797331069461,0.0891797331069461,0.0891797331069461,False,0.8379085112539384,7.103010317517743e-05,0.0001605946456897,6.244375241145338e-05,2.571828877796237,0.557705657806262,0.0534659840422868,0.3888283581514511,0.5557185762359709,-0.0998934257389835,0.825347301152912,15281.606862089437,True,body,high
-0.0127185003450102,0.0028237200182743,-0.0036577312922741,0.0005631791650866,0.0004126553118817,0.4241347629391037,0.4241347629391037,0.4241347629391037,False,0.2592622416449034,7.273964110973522e-05,7.729438041047781e-05,3.1036791555194524e-05,2.490411429062206,0.058927172668366,0.5395327491219215,0.4015400782097124,0.2449804945444423,-0.6565935931433564,-0.7133508328556548,9888.848295266533,True,body,high
-0.0122380811284281,0.0025689875906035,-0.0028936596855624,0.0006859114623687,0.0005367843523632,0.1888382001703799,0.1888382001703799,0.1888382001703799,False,0.0239850083043495,0.0001041122824805,0.0001151609311812,5.366677518754072e-05,2.1458515213335074,0.0959409461815385,0.4380435862717763,0.4660154675466851,0.6877410784940015,-0.3229338863513908,0.6501737567742141,15466.550156964158,True,body,high
-0.0124744758892274,0.0026256951180334,-0.0032190965708152,0.0004341488409083,0.0001308163852186,0.1727527660018982,0.1727527660018982,0.1727527660018982,False,0.2650141687610131,6.481998612741317e-05,0.0001601669947539,0.0001229359442477,2.4709507718670856,0.232451452082407,0.3628460296054269,0.404702518312166,0.4306521088428424,-0.9021091120110516,-0.0271645205340486,29195.194082946386,True,body,high
-0.0123823571038037,0.0021379042046236,-0.0037103201027708,0.0004164098664792,0.0003999548030644,0.308926056415426,0.308926056415426,0.3089260227871063,False,0.4881881635005287,4.62758749652582e-05,3.678788698776423e-05,8.337040615836769e-05,2.26624612025412,0.4449364337106135,0.1138052267548139,0.4412583395345725,0.8506557984702084,0.4786539418094839,-0.2174284170002975,7611.870416675369,True,wing_L,high
-0.012015123252774,0.0019762677852794,-0.0038566445558347,0.0006506469813102,0.0003884838909053,0.3274724614630094,0.3274724278346897,0.3274724614630094,False,0.3325144983227972,3.402271447198136e-05,4.977619198423943e-05,7.619611047215329e-05,2.2395658798742493,0.3467357890606413,0.206749103263156,0.4465151076762026,0.2173246720171756,-0.8202975263173065,-0.5290387086502604,6173.593572042023,True,wing_L,high
-0.0124248411400058,0.0022429080152785,-0.0033864718933898,0.0003699665024986,0.0003387023305437,0.1527168449750919,0.1527168786034116,0.1527168449750919,False,0.0975712503837595,0.0001010289672837,4.439248196269541e-05,4.3717538140815867e-05,2.3109482276503184,0.5605964986456501,0.0066806960421942,0.4327228053121557,-0.8682847156936648,-0.406252396315079,0.2846763829000009,8288.03993588604,True,wing_L,high
-0.012655704164311,0.0026667291330077,-0.0034848556269709,0.0004379039508487,0.0001928794870776,0.1848307805667807,0.1848307805667807,0.1848307805667807,False,0.5348799648984807,6.996724040547236e-05,8.598053439979162e-05,4.995171351015009e-05,1.7212729725942344,0.1862432480340348,0.2327913758043679,0.5809653761615973,0.6142696742262791,-0.3804698495548601,0.6913142996536692,15395.79884878177,True,body,high
-0.0124996962079988,0.0025954297198677,-0.0032656255893569,0.0004037295039038,9.116224073896402e-05,0.107546714254699,0.107546714254699,0.107546714254699,False,0.2911862457986396,6.016300526839909e-05,0.0001793443145714,9.69466537933088e-05,2.980973336875836,0.459438376817332,0.2051007226675245,0.3354609005151435,0.3101902498036748,-0.8954907745436275,-0.3191837740769224,28639.110404327384,True,body,high
-0.0124729955875921,0.0025852433338273,-0.003237527967592,0.0004091607372786,0.0001293227345944,0.1063482345684353,0.1063482345684353,0.1063482345684353,False,0.7714449759117488,7.061519544279773e-05,3.4992278900804124e-05,8.122249914078132e-05,2.321154885940133,0.1305956331089759,0.4385843444714637,0.4308200224195602,-0.3635282594923746,0.817395447633166,0.4468913589889839,27903.76995268297,True,body,high
-0.0127555317333609,0.0027068602173701,-0.0034527410896572,0.0005499073129376,0.0002342235016937,0.1219307235872844,0.1219307235872844,0.1219307235872844,False,0.2996069668121329,0.0001096168145768,0.0001079772782991,5.627545483761162e-05,1.947861903438558,0.0149569779422219,0.4716596049712272,0.5133834170865508,0.5688623203607517,-0.2665006760688716,0.7780572280549907,25027.817677885658,True,body,high
-0.0124860282368015,0.002580974120964,-0.0032790997779081,0.0003822598562561,9.427613083618892e-05,0.1149706702562144,0.1149706702562144,0.1149706702562144,False,0.3469265348020068,0.0001019552451257,0.0002425281455765,0.0001019226775753,2.3795307516067163,0.5796147911683793,0.0001342835915178,0.4202509252401029,0.51998925985129,-0.1291207011749398,0.8443571603103746,25356.1476905236,True,body,high
-0.0130091984328632,0.0027763151718983,-0.0035168828761955,0.0007999801390666,0.0004488715941217,0.091804221690654,0.091804221690654,0.0918041880623342,False,0.4783282099061633,8.99044250704791e-05,0.0002174014466304,8.045641668088979e-05,2.7021020273961915,0.5864589382273202,0.0434588110430049,0.3700822507296748,0.5135143854189774,-0.1885352213509737,0.8371125648787678,7199.894227255383,True,body,high
-0.0125185872503293,0.0025897814483984,-0.0032453731795376,0.0004297037643851,0.0001019886310164,0.1315431433791045,0.1315431097507848,0.1315431097507848,False,0.0608995153439295,6.120030940298782e-05,0.0001432561421923,0.0001036890312883,2.340774803099132,0.2761983556063802,0.2965926712467699,0.4272089731468498,0.3749255958381207,-0.9117272428244132,-0.1678816019616914,29780.614438406923,True,body,high
-0.0125150927333925,0.0020083091896385,-0.002923488216834,0.0008644629596272,0.0007548193750194,0.3896498122235464,0.3896498458518661,0.3896498458518661,False,0.2773875497933117,2.837644531276976e-05,6.495643637334942e-05,7.746772790288514e-05,2.7300011347095574,0.1615032719846912,0.4721965139656214,0.3663002140496872,0.5766621954981982,-0.3851367598876998,-0.7205070356814027,2933.452416224519,False,body,high
-0.0122948460183591,0.0025875930121895,-0.0029182306805224,0.0006641491724815,0.0004804292366785,0.1523803263797205,0.1523803263797205,0.1523802927514008,False,0.0949143057574675,4.860045778813851e-05,3.1917124549192194e-05,6.050276580800632e-05,1.8956208199381048,0.1967233705916428,0.2757449682860384,0.5275316611223186,-0.5397177593118083,0.7171568645875368,0.4408976886517033,11107.365486835535,True,body,high
-0.0127977948142214,0.0026885315211823,-0.0033527691642449,0.0006118552695699,0.0001846517734994,0.0873701595948516,0.0873701595948516,0.0873701595948516,False,0.2250515742988162,6.779737388456465e-05,0.0001596475058765,5.910522267855417e-05,2.701072741825001,0.5753308295527366,0.0544458941484021,0.3702232762988612,0.2677975197251432,-0.0307452378668044,0.9629845371435488,18587.966678281016,True,body,high
-0.012394767250062,0.0021964595753638,-0.0034773484728893,0.0003583836282218,0.0003539853298332,0.1571562876020484,0.1571562876020484,0.1571562876020484,False,0.2405964063504034,7.858769913355709e-05,4.537566866904846e-05,9.224619938566064e-05,2.0329441326466533,0.1480657234993544,0.3600368436390164,0.4918974328616292,0.841840844547477,0.3492996026394004,-0.4114532537816994,7837.338779595381,True,wing_L,high
-0.0122017799602526,0.0026172529228031,-0.002930358338049,0.000657407552815,0.0005259734564378,0.1331038673253203,0.1331038673253203,0.1331038673253203,False,0.3235152423629236,3.773488534309522e-05,7.968334806967896e-05,7.944615093495794e-05,2.111662652348817,0.0029767465909388,0.5234627635800191,0.473560489829042,0.3259448336158532,-0.9077292849721096,-0.2641732587586342,11349.002777427955,True,body,high
-0.0131405638332311,0.0026049133415062,-0.003631575445912,0.0008905238111344,0.0006306839918775,0.1388534356599888,0.1388534356599888,0.1388534356599888,False,0.1697363267448518,8.170152337367453e-05,0.0001917291653231,0.0001036945195824,2.3467024531011504,0.4591614718201789,0.1147086629817397,0.4261298651980813,0.1550871801193756,-0.8754234829939024,-0.4578009305205102,4421.5576353402,True,body,high
-0.0126237013246563,0.0026534770469312,-0.003374356430389,0.0004425691906369,8.64956093796299e-05,0.1163716596837919,0.1163716596837919,0.1163716596837919,False,0.2756876173908572,8.982729258987501e-05,0.0002113798141631,8.070340271433688e-05,2.619218112913308,0.5750431849630042,0.0431634870702315,0.3817933279667643,0.5467442506435097,-0.0351049119097464,0.8365634282874647,20714.81873375391,True,body,high
-0.0127192657061317,0.0027660892219709,-0.0035573883036239,0.0005282988178711,0.0003115631542494,0.1204351040680336,0.1204351040680336,0.1204350704397139,False,0.9747270283713868,4.475768429142179e-05,0.0001272168609357,8.760906450036366e-05,2.8423468047955978,0.3113407778187965,0.3368372705767042,0.3518219516044992,0.4662390539755979,-0.8444838705919984,-0.2635680877077049,22304.539754179543,True,body,high
-0.0126386517756039,0.0026181397264479,-0.00324391284524,0.0005178486697108,6.707182619124798e-05,0.1085223054379027,0.1085223054379027,0.1085223054379027,False,0.0505004043098245,4.239290263630105e-05,9.857378402634548e-05,8.116218035630114e-05,2.3252426207290826,0.1766352366608022,0.3933021147857969,0.4300626485534007,0.4203642448679678,-0.8560465255511542,-0.3007960234583899,14390.14680632196,True,body,high
-0.0118893590175881,0.0016568524947214,-0.0042193836935615,0.0011307253952358,0.0006269346800237,0.4583642813451984,0.4583642813451984,0.458364218292099,False,0.0714460528267068,5.451445132703376e-05,3.960114744813816e-05,3.832751500075323e-05,1.4223320068092704,0.2735660639677039,0.0233632076702812,0.7030707283620148,-0.5958896963928623,0.3792444022209395,0.7078765097931311,4704.018847971442,True,wing_L,high
-0.011700952807593,0.0011764168263027,-0.0042557927277253,0.0015977592209434,0.0009865778627677,0.5589695537501614,0.5589695537501614,0.5589695537501614,False,0.2207748407741699,1.5961766222319275e-05,3.5012273982723285e-05,1.5362597040079887e-05,2.2790595816175374,0.5441094105971076,0.0171131181749304,0.4387774712279619,-0.5939495730787072,0.5064220165481026,0.6251085072169268,9656.205435481315,True,wing_L,high
-0.0119767218854017,0.0014159677250428,-0.0041048647214067,0.0012481514181873,0.000877599101161,0.4334313581627961,0.4334313581627961,0.4334313581627961,False,0.1965983884672095,1.7213515022399476e-05,1.7246378527861393e-05,4.035949471499823e-05,2.3446399333593124,0.5726810097686291,0.0008142694970287,0.4265047207343421,-0.6215030125881356,-0.5782128032261606,0.5285867568613674,6527.035309331815,True,wing_L,high
-0.0116524123228479,0.0017888305488613,-0.0039450544346535,0.0010115544716394,0.0004665175209136,0.380723687587516,0.380723687587516,0.3807236287379565,False,0.2005568769858199,2.1336971252404668e-05,2.3689359984156724e-05,5.0030616098589904e-05,2.3447852793517483,0.5265027330969766,0.0470189838781209,0.4264782830249025,-0.8047060460043933,-0.3993983370612236,0.4392370064972942,9006.442728975637,True,wing_L,high
-0.011283027101577,0.0031495142472085,-0.0041757419377841,0.0013088647054876,0.0009916014776107,0.6129831002542496,0.6129831002542496,0.6129831002542496,False,0.1436946988900534,5.966163242584302e-05,2.535285566558448e-05,3.07150427324487e-05,2.3532509794086582,0.485179310662908,0.0898766401259503,0.4249440492111416,-0.3893519009136105,0.1903710679830419,0.9012013946560192,5508.17502312232,True,body,high
-0.011636718266146,0.001813977723064,-0.0039457502787955,0.0010036123077589,0.0004423031980735,0.3980560010014089,0.3980560598509683,0.3980560598509683,False,0.1166947666039238,1.367835285273665e-05,1.5180518911157094e-05,3.075986309566339e-05,2.24879877181332,0.5064828844021323,0.0488352647652786,0.4446818508325891,-0.5353017644588549,-0.7749966116456051,0.3359051546271182,8865.399006046458,True,wing_L,high
-0.0125744198742969,0.0026177935672137,-0.0033440787957254,0.0004079949889795,4.317136635768613e-05,0.1812859185008384,0.1812859185008384,0.1812859185008384,False,0.1724972931073853,8.159173473687441e-05,7.057002214216586e-05,0.0001113435591552,1.5777741847793358,0.2672074131999526,0.0989883265662814,0.6338042602337659,0.7213084435222368,0.6453389271272707,-0.2514991022603287,21441.617727667923,True,body,high
-0.0121772080428615,0.0025363047366061,-0.0029309398180765,0.0006513142761921,0.0005494558943887,0.1927198162299316,0.1927198498582513,0.1927198498582513,False,0.1847609566833568,3.166031837112203e-05,3.059853505279651e-05,7.045435962354556e-05,2.302540285081605,0.5506265539806101,0.015070512655269,0.4343029333641208,-0.4840664604717011,0.579088035534743,0.6560005403556549,15863.43860928635,True,body,high
-0.0125888618792928,0.0028011854015351,-0.0033125834457956,0.000513828564087,0.0001340926629934,0.245272708260191,0.245272708260191,0.245272708260191,False,0.0053064308683258,6.528409387642842e-05,5.439386635735887e-05,8.30224114331809e-05,1.526319362696837,0.2136569782850604,0.1311721417274703,0.6551708799874693,-0.7594398207807667,0.1258706659151036,0.6382849943987132,9763.614579382143,True,body,high
-0.0124673345728157,0.0026138411180286,-0.0032025543028284,0.0004415620587791,0.0001504131247902,0.1420352463863058,0.1420352463863058,0.1420352463863058,False,0.2017668323133431,0.0001067338088918,0.0001025238337044,7.609401015823926e-05,1.4026571693343022,0.0394436892223142,0.2476237269200081,0.7129325838576775,-0.0380198596624176,0.8483810100582039,-0.528019083030028,25437.208860082028,True,body,high
-0.0127314050629211,0.0027259935213155,-0.003394928668385,0.0005517589165571,0.0001779876564319,0.1611082204781206,0.1611082204781206,0.1611082204781206,False,0.9670456140462316,9.028849887641746e-05,7.945994149889912e-05,3.2622674275618725e-05,2.767660864146155,0.1199328542646383,0.5187512009407642,0.3613159447945974,0.7510125763237001,-0.2495417244613005,0.6113174608634362,29038.17753341232,True,body,high
-0.0123970843036981,0.0021379403221743,-0.0037043495300638,0.0004192060459731,0.0004066864882935,0.3392339999110697,0.3392339999110697,0.3392339326544302,False,0.7301876369631777,2.2685032498098024e-05,4.760156974153904e-05,6.703659288385612e-05,2.955102351714799,0.2899166306973435,0.3716856148493409,0.3383977544533155,0.2974270857723945,-0.7591985806889066,-0.578925421560403,7757.094160777998,True,wing_L,high
-0.0128694668980799,0.0027713988304531,-0.0034602163468863,0.0006757307810826,0.0003190750334005,0.1044333707873184,0.1044333707873184,0.1044333707873184,False,0.9431494079531062,0.0001092048716196,4.663286144678679e-05,0.0001077910540366,2.341800786646847,0.0129464698971258,0.5600317246179296,0.4270218054849446,-0.0332936090985648,0.5477959385673193,0.8359492480302506,11098.069809574168,True,body,high
-0.0126918439498325,0.0026265959071064,-0.0033696789606762,0.0004955424648749,0.0001352354347131,0.1148544171549654,0.1148544171549654,0.1148544171549654,False,0.587025531844396,6.802534759874926e-05,0.0001707906214481,9.494536537400713e-05,2.510690903861456,0.4440832607263084,0.1576200001322883,0.3982967391414032,0.4166260516253763,-0.7954289847293327,-0.4401311888056927,34596.598953542176,True,body,high
-0.0118676517070567,0.0025586074398779,-0.0026593327122402,0.0009977308377869,0.0009504853930981,0.1039402787353616,0.1039402787353616,0.1039402787353616,False,0.5577839554885922,4.660485214760509e-05,2.254196470964498e-05,5.07320968891663e-05,2.250562341953258,0.0813537187429477,0.4743128889493759,0.4443333923076764,-0.1167051623354547,0.8380951464924782,0.532894389640205,5151.843387321655,True,body,high
-0.0125439337771035,0.0025820362433115,-0.0033291554049997,0.0003858526277946,5.9020435664523785e-05,0.1201854474224817,0.1201854474224817,0.1201854474224817,False,0.1421456286564053,0.0001290706539146,0.0001100775414872,6.213106146532669e-05,2.077393349969628,0.1471528333618466,0.3714746812517817,0.4813724853863717,0.3478815983178542,-0.6366768492303436,0.688201266495447,24430.48818938956,True,body,high
-0.0126400829663602,0.0026162496103171,-0.0033324486292584,0.0004666207323219,8.240249859684446e-05,0.1124588365435463,0.1124588365435463,0.1124588365435463,False,0.1068770214135314,9.19406490688697e-05,0.0002084809885685,0.0001028166942613,2.2675605478096577,0.5068293998062635,0.0521680430774792,0.4410025571162572,0.3117850406524088,-0.8749223338184073,-0.3705414932381085,28274.37156027992,True,body,high
-0.0124310496954033,0.0025585712683281,-0.0032222794462397,0.0003979892912459,0.0001722028451654,0.1201682633511082,0.1201682633511082,0.1201682633511082,False,0.1341472698519822,9.590934477358188e-05,9.488847366360026e-05,6.215156631610632e-05,1.5431524973285726,0.010644125579125,0.3413317797632508,0.6480240946576241,0.382016514087022,-0.2550836641409176,0.8882543032562487,29887.25757784991,True,body,high
-0.0117070914997913,0.0028219255538579,-0.0026557588890741,0.0011165622545893,0.0010814422218696,0.191145809097429,0.1911457754691093,0.191145809097429,False,0.1740546291426462,2.6831660252162864e-05,3.94188535150004e-05,6.022758780901623e-05,2.2446463335850178,0.3455017052982605,0.2089938136448692,0.4455044810568703,0.401114129122708,-0.7939448677003429,-0.4569015238215084,4435.43550726863,True,body,high
-0.0125548845631041,0.0024461337472974,-0.0033883908651216,0.0003589239605136,0.0001847597078427,0.0858754816685528,0.0858754816685528,0.0858754816685528,False,0.7276052565854946,0.0001042556057262,4.392984886274673e-05,5.398549839580791e-05,2.3732293286960955,0.4821813367277635,0.0964518834552088,0.4213667798170277,-0.1495502935065321,0.576015035070047,0.8036425754558818,13917.803063577714,True,wing_L,high
-0.012525261257779,0.0024005489836171,-0.0027471506465871,0.0008792521988539,0.0005729647681532,0.1697992243097953,0.1697992243097953,0.1697992243097953,False,0.1011935950318735,6.483803925048945e-05,5.325223484215875e-05,9.930087259275672e-05,1.864726858639596,0.3470546878636501,0.1166737421920277,0.5362715699443221,0.8113059582210257,0.5144710270931476,-0.2776728370525015,3888.6678202612975,True,body,high
-0.0125607987074241,0.0025825598337554,-0.0032801515353432,0.0004308331853883,7.777185316044146e-05,0.1205672297361873,0.1205672297361873,0.1205672297361873,False,0.0619283060940738,5.92357437587526e-05,0.0001251567868366,8.384442497447036e-05,2.1128592112629447,0.3300848711954157,0.1966228267575122,0.473292302047072,0.1905603900913973,-0.8216573727608528,-0.5371833015982043,29830.909864665864,True,body,high
-0.012462632314642,0.0025938893007283,-0.0032426833002977,0.0004011320782995,0.0001271192454758,0.1358017329026427,0.1358017329026427,0.1358017329026427,False,0.3549871354086632,7.25913408465985e-05,0.0001714590770405,5.8671274697188215e-05,2.9223683638287548,0.5766258509053884,0.0811859388821778,0.3421882102124337,0.6247189426346148,-0.0047478192140275,0.7808352585060434,28713.84414011978,True,body,high
-0.0128285429092717,0.0028482527607413,-0.0036963158388846,0.0006742152581876,0.0005054425159365,0.2218353835793395,0.2218353835793395,0.2218353499510198,False,0.9553865227216356,8.801732155079762e-05,8.652573462572552e-05,3.161934195800754e-05,2.783654437454458,0.0169465157402144,0.6238134914845112,0.3592399927752744,0.9261219223189372,-0.2751323321864963,0.2580705035177317,9233.770950236369,True,body,high
-0.0113196331720632,0.0028048254891407,-0.0042048216152802,0.0011653496659149,0.0006607166203802,0.4401202831661772,0.4401202831661772,0.4401202831661772,False,0.1434714746188633,8.015918099031501e-05,8.985856611595486e-05,3.4433941976833104e-05,2.6095927726314643,0.1079405731126804,0.5088578751020505,0.3832015517852691,0.4420441083533859,-0.4622434889773638,-0.768718390028555,14769.687095383964,True,body,high
-0.0127015393519142,0.0027112031703375,-0.0034223340461008,0.0005114953962766,0.0001790426089778,0.1998839934616614,0.1998839934616614,0.1998839934616614,False,0.267578585772693,0.0001078691570654,0.0001179176995805,5.772652683523436e-05,2.042695205224509,0.0852165752117481,0.4252341286219195,0.4895492961663322,0.6614386614867668,-0.3507328407974026,0.6629369287321217,45038.48029940263,True,body,high
-0.0121818877686058,0.0028023648471572,-0.0036778049398464,0.0003165302752435,0.0003159215845297,0.3319892324111468,0.3319891987828271,0.3319891987828271,False,0.1688634101521489,2.700313815990613e-05,6.164167482051447e-05,6.86124464763063e-05,2.540906396508427,0.10159631398946,0.5048433402322994,0.3935603457782406,-0.5108399337631624,0.2068753626133084,0.8344130550371684,7817.791508533633,True,body,high
-0.0113896995012284,0.0027987109795559,-0.0041202333479531,0.0010625595773599,0.0006244125454518,0.3877947395948797,0.3877947395948797,0.3877947395948797,False,0.4586928233615389,3.314187412625727e-05,7.871281032933933e-05,6.217284873367401e-05,2.375025927304987,0.2101304924377757,0.3688214724636222,0.421048035098602,0.3626581453604113,-0.451068917329561,-0.8154850712446454,12588.59580009957,True,body,high
-0.0123620961377732,0.0025514793707715,-0.0031947125756653,0.0003984890649564,0.0002317187149712,0.181699950373149,0.181699950373149,0.181699950373149,False,0.3625556559031606,7.575182123517937e-05,6.97770634431116e-05,0.0001329690647378,1.9056271241089164,0.4303049255515332,0.044933442254757,0.5247616321937097,0.7386997056309582,0.6087098790301642,-0.2894737087747669,18173.76912765133,True,body,high
-0.0125306720247305,0.0028127296907177,-0.003636036864762,0.0004112993476816,0.0003196794013849,0.253667698807589,0.2536676651792692,0.2536676651792692,False,0.995907971833967,6.129294659236238e-05,4.721491864806352e-05,7.989503840531492e-05,1.6921566465219728,0.2328316273982172,0.1762065357911179,0.5909618368106648,-0.741921078690158,0.2844739147060546,0.6071471854888604,6715.860684567913,True,body,high
-0.0127263391140236,0.0027096864796721,-0.0034642428345339,0.0005220217184282,0.0002261087953806,0.1305010690078275,0.1305010690078275,0.1305011026361472,False,0.4254002100483511,0.0001144196949627,9.72405986108164e-05,9.71980885130143e-05,1.1771805054314013,0.1501410780503974,0.0003715278022367,0.8494873941473657,-0.0535687196194409,0.8226287737773635,-0.5660497264656927,38359.77713420416,True,body,high
-0.0127942592097398,0.0027684746892049,-0.003589822052046,0.0005959188275542,0.0003775948149965,0.2886109194500398,0.2886109194500398,0.2886108858217201,False,0.4482228142673801,4.99732027186216e-05,3.1861318668913806e-05,7.784030615206453e-05,2.4430974424172573,0.3580035178562029,0.2326800207379119,0.4093164614058852,0.7100420964797736,0.5109980476773046,-0.484480357183437,19162.87238177098,True,body,high
-0.0115087793655813,0.0030897732085424,-0.0044847286640282,0.001310499362712,0.0009494728409024,0.3276380641234378,0.3276380641234378,0.3276381313800772,False,0.8321183648865167,2.813382325592484e-05,6.541827685664406e-05,6.278184216065842e-05,2.325253708376352,0.0403011944469746,0.5296382076932471,0.4300605978597782,0.3883437956051767,-0.4826234600884045,-0.7850246443184196,7259.763289097651,True,wing_R,high
-0.0130482744758556,0.0030023114481183,-0.003143291293217,0.0010273198496499,0.0002551258558296,0.1064537602356958,0.1064537266073761,0.1064537266073761,False,0.2187046548521009,4.647015402056855e-05,7.449515469541317e-05,5.595788564613511e-05,1.6030752698267416,0.2488385872218269,0.1273603855762009,0.6238010272019721,0.5356731638011358,0.8329777090498325,-0.1385727166846863,3834.803761620452,False,body,high
-0.0125757295824369,0.0026141661856845,-0.003306600536823,0.0004305771334126,4.168947690007749e-05,0.1642198152728762,0.1642197480162368,0.1642198152728762,False,0.1209709717617735,0.0001023629745675,4.1935347939933325e-05,9.618399892290956e-05,2.440971151931436,0.0603633850108117,0.5299636046347876,0.4096730103544005,-0.1927937102512309,0.5011845333897686,0.8435903323168447,25497.088786644897,True,body,high
-0.0126479697248402,0.002601509410472,-0.0033222602941317,0.0004754673466099,9.273150323521107e-05,0.1048809300943832,0.1048809300943832,0.1048809300943832,False,0.144263516088499,7.66955038559467e-05,0.0001739824503348,9.43268703794792e-05,2.26848304773662,0.4578368668912021,0.1013399138223452,0.4408232192864526,0.2640812742107201,-0.8607626611568382,-0.4351421856927233,22811.024797859765,True,body,high
-0.0126875282008794,0.0026361579831831,-0.0033790147925372,0.0004902332197498,0.0001357967994777,0.1237477962146749,0.1237477962146749,0.1237477962146749,False,0.5306765707313638,8.598922656642851e-05,8.976126839407022e-05,5.722995610420996e-05,1.5684315436241822,0.0420230450742037,0.3203973270070059,0.6375796279187903,0.6752914846286501,-0.4425977154061533,0.5899904008585966,42351.87787271793,True,body,high
-0.0126918333152502,0.0026634804234296,-0.0033687151254262,0.0005057498952126,0.0001271623973075,0.1127947162008431,0.1127947162008431,0.1127947162008431,False,0.1141651317158717,9.082792082225314e-05,0.0002106307351169,0.0001138243132189,2.3190086617654893,0.4596025449194914,0.1091787121376995,0.431218742942809,0.3743580292531869,-0.8503886914448976,-0.3697230577017139,44759.927667846845,True,body,high
-0.0113162439973462,0.0028450025985673,-0.0041801089850287,0.0011658216933562,0.0006978924707842,0.379691247729837,0.379691247729837,0.379691247729837,False,0.8556577029402255,2.912204761618322e-05,7.006045187967988e-05,7.4247339661301e-05,2.549523324728084,0.0563910814949157,0.5513787355917139,0.3922301829133702,0.3206639815885814,-0.432926773886418,-0.8424660345462338,16941.58882306806,True,body,high
-0.0130462803566055,0.0027149332143984,-0.003350271893277,0.0008462982057182,0.0003486435505933,0.0808710160137727,0.0808710160137727,0.0808710160137727,False,0.6479172964204403,5.36834114687373e-05,0.0001397191221145,6.673093412673815e-05,2.602649837108145,0.5223922601514548,0.0933839438763911,0.384223795972154,0.4257544272056587,-0.845545135765953,-0.3221592635596831,7603.637620705397,True,body,high
-0.0126575482736523,0.0026433387798327,-0.0033352563554555,0.000486274683708,8.389069182613532e-05,0.0865389347881772,0.086538968416497,0.0865389347881772,False,0.0238722127293392,7.64972516994643e-05,0.0001790334696607,6.764824601497071e-05,2.646535279291004,0.5727209451707149,0.0494265441051899,0.3778525107240951,0.4778513138653882,-0.1974861573380899,0.8559540522113073,31479.659717648115,True,body,high
-0.0123468837837716,0.002594744072297,-0.003150114742718,0.0004440751224246,0.0002666394224071,0.1799733042974676,0.1799733042974676,0.1799733042974676,False,0.9232405036351532,5.880908137184839e-05,5.545018778385619e-05,9.164327717973837e-05,1.65271355864406,0.358282645692524,0.0366518275138115,0.6050655267936644,0.6917126270483296,0.6819776146437899,-0.2375714096996206,19246.95959229087,True,body,high
-0.0124714198960877,0.0021416552072289,-0.0035395659975292,0.0004295822513845,0.0004261394309207,0.1817767238270546,0.1817767574553743,0.1817767574553743,False,0.2598999705841305,4.884095333632759e-05,6.144845450414839e-05,0.0001362657279881,2.789989111182485,0.5490542236012346,0.0925214384714505,0.3584243379273149,0.2727757248892836,-0.9340819347245966,-0.2304003974221408,7406.912731247809,True,wing_L,high
-0.0129920915168826,0.0027278464765539,-0.0033302361471374,0.0008052773357009,0.0002956356208514,0.0865249117788568,0.0865249117788568,0.0865248781505371,False,0.977736038329564,5.747948673087805e-05,0.0001299730377353,6.836750749243598e-05,2.261207347656233,0.4739870000450816,0.0837713802129201,0.4422416197419981,0.3587879654427049,-0.8174410455763645,-0.4506232715478688,9606.038921516749,True,body,high
-0.0122590351427011,0.0026719536105558,-0.0030935355079352,0.0005092435140226,0.000367297040438,0.1010785087277564,0.1010785087277564,0.1010785087277564,False,0.996539912585072,4.720807494050188e-05,0.0001330916188503,5.513275372120367e-05,2.8192553714193487,0.5857533765279055,0.059543033957764,0.3547035895143305,0.4773552726273889,-0.8257128662900791,-0.3005498396902804,24366.97735262821,True,body,high
-0.0129134813537223,0.0025896600703068,-0.0028210741867447,0.0010044220652511,0.0002914168500294,0.1505131811842768,0.1505131811842768,0.150513147555957,False,0.1975140190311133,8.677422048077209e-05,3.74247729465939e-05,3.3221935255007485e-05,2.611955619523783,0.5687109288998258,0.0484341739781771,0.382854897121997,0.9782104049369322,0.0118929404569869,0.2072750868783071,3637.3487106188873,False,body,high
-0.0126839736734596,0.0027445339785751,-0.003551405555472,0.0004872990940756,0.0002811719624188,0.2132564293089497,0.2132564293089497,0.2132564293089497,False,0.8925901159995836,5.636966808468934e-05,5.3716494591525015e-05,7.440462849598734e-05,1.3851355912514505,0.2423903025370341,0.0356587156847024,0.7219509817782634,-0.7802092065406543,0.3371363360124403,0.5268896326265207,18040.605188550977,True,body,high
-0.0116177564938556,0.0031080638486608,-0.0043484471595394,0.001165723070565,0.0009045499773764,0.3787880246906563,0.3787880246906563,0.3787880246906563,False,0.8971663695168488,3.3484222462518296e-05,7.601270388658879e-05,7.764131607113618e-05,2.318743287470588,0.020976102247613,0.5477558029169062,0.4312680948354808,0.2342817158739956,-0.6167085562762155,-0.7515202154452283,8248.598003007828,True,wing_R,high
-0.0125639459412732,0.0025602747010229,-0.0033765424360564,0.0003700835473116,8.908488795830496e-05,0.113366969317405,0.113366969317405,0.113366969317405,False,0.3642371970033956,9.538407983470338e-05,6.269992891822017e-05,0.0001348144627656,2.15015335888896,0.2924788789127234,0.2424380162631974,0.4650831048240791,0.7972247966697418,0.6020411196457205,-0.0444872322202241,22877.19431898655,True,body,high
-0.0126472244438641,0.0029184008041054,-0.0034649244725887,0.0005748531306088,0.0003124903352625,0.079820702704166,0.079820702704166,0.079820702704166,False,0.9315553404016752,7.534532326433334e-05,9.557999270030194e-05,8.74772375185111e-05,1.2685590632477544,0.0847745951100626,0.1269294327340897,0.7882959721558477,-0.857362919362445,-0.3615272400072149,-0.366369866712685,7174.267710593569,True,body,high
-0.0124447623751236,0.0029052323786049,-0.0038006953717033,0.0004901705551898,0.0004735887189815,0.179060228160611,0.179060228160611,0.179060228160611,False,0.3149702076385576,8.940654742043665e-05,4.0863522452218266e-05,9.525186245913554e-05,2.3309753232975345,0.0613669369583887,0.5096280924590221,0.4290049705825891,-0.2115274302235387,0.3247039167797646,0.9218587270785616,7846.59444814272,True,body,high
-0.0125600781459713,0.0025791057287388,-0.0032415875747156,0.0004572522338938,0.0001013388521722,0.0948376642703958,0.0948376642703958,0.0948376642703958,False,0.1219698942478564,0.0001118684462285,4.883671488923222e-05,5.69195927525334e-05,2.290662803226432,0.4911917106969464,0.0722534202968053,0.4365548690062482,0.0864562029704184,-0.7272979164715452,-0.6808546582524699,23970.45832180281,True,body,high
-0.0125363382425698,0.0022137091815857,-0.0028278490068469,0.000853361344025,0.0006409720053478,0.1957113579233105,0.1957113915516303,0.1957113579233105,False,0.1974806904798937,4.074872106463236e-05,4.943958427073346e-05,4.074312546360696e-05,1.2134460404834295,0.1757875462404687,0.0001131805840995,0.8240992731754317,0.7284448556524643,-0.4029541419799429,0.5540722441475192,3797.438734361752,False,body,high
-0.0127477014614465,0.0029122375503062,-0.0036166818691825,0.0006349078076246,0.0004390034338888,0.1614165585415723,0.1614165585415723,0.1614165585415723,False,0.5239862255025846,0.0001265559755002,4.802586298418258e-05,0.0001138860413785,2.635162965044726,0.1001132824553292,0.5204035458148999,0.3794831717297709,-0.3385379067369171,0.4472728712598807,0.827852078778044,8022.449001287641,True,body,high
-0.0128881137972281,0.0026987081636829,-0.0033419292437589,0.0006992575196716,0.000236880812144,0.1084296930454122,0.1084296930454122,0.1084296930454122,False,0.157348379320579,7.362199381123023e-05,0.0001709728983936,0.0001153871750826,2.322307364182798,0.3251142364269814,0.2442795417510883,0.4306062218219302,0.1975764751568134,-0.8767755071373448,-0.4384384181942327,12852.21699446635,True,body,high
-0.0125173750575115,0.0026100667699461,-0.003381393831823,0.0003404282405958,2.671165260638149e-05,0.1797200157933867,0.1797200157933867,0.1797200157933867,False,0.1360027223272946,4.806393872740151e-05,3.58259574646647e-05,7.047915728590046e-05,1.9672651416340887,0.3180403884168344,0.1736397217845999,0.5083198897985657,-0.5962474612745494,0.62025326240084,0.5096811311052916,14449.153115904192,True,body,high
-0.0126969704649983,0.0027062170985167,-0.0034277553952087,0.0005039565394198,0.000179564048245,0.0974141988701924,0.0974141988701924,0.0974141652418727,False,0.9504103589962306,7.24048714971635e-05,0.0001940107620445,8.175545948704846e-05,2.6795263638050755,0.5786034824796599,0.0481962335044946,0.3732002840158455,0.3618550466630934,-0.817647886229182,-0.4477866225663752,43238.28282188656,True,body,high
-0.011932666381949,0.0029716075823974,-0.0041982245083867,0.000838078128961,0.0006987510144451,0.1754586351193123,0.1754586687476321,0.1754586687476321,False,0.2678562490190915,3.921644928911829e-05,9.07937122650188e-05,8.863467174197498e-05,2.31519461631148,0.0237796260245619,0.5442912424222647,0.4319291315531734,0.3794291647608762,-0.7471044889714634,-0.545773205175513,6043.534055024699,True,body,high
-0.012588881199445,0.0026220247433995,-0.003283517921312,0.0004567789245006,4.266399440600713e-05,0.1194339553618477,0.1194339553618477,0.1194339553618477,False,0.0257616960242553,7.165529760890097e-05,0.0001753957641601,8.319138711850623e-05,2.447771065266766,0.5256932941519182,0.0657717680061653,0.4085349378419164,0.2883314046091534,-0.8221158042803344,-0.4909079399119671,23629.18466702165,True,body,high
-0.012676844031901,0.0026637315996635,-0.0033577938867842,0.0004976984462551,0.0001090283580636,0.1042560150291502,0.1042560150291502,0.1042560150291502,False,0.0448622447177752,7.068729019153753e-05,0.0001989331901486,9.782412086736695e-05,2.814270990012551,0.5082564111384692,0.1364117805357305,0.3553318083258002,0.3634936434874208,-0.8514933004079132,-0.377930589532892,37023.96794410113,True,body,high
-0.0124952835459632,0.0025871515448719,-0.0034216456516269,0.0002945469264516,4.426830626412858e-05,0.1726938155574407,0.1726938155574407,0.172693781929121,False,0.1604394077187511,8.180911912929229e-05,7.061330983882262e-05,3.3458270960468625e-05,2.445108990418268,0.1368528277730952,0.454167448247837,0.4089797239790677,0.8217431889786067,-0.3458442896960804,0.4529126390948739,10830.900937736194,True,body,high
-0.0112111286916176,0.00268446296624,-0.0042457381854306,0.0012530556304014,0.0005955785110688,0.4160723732878306,0.4160723144382711,0.4160723732878306,False,0.1454778551129562,2.162349273500608e-05,1.5940301964402284e-05,3.6478981475748193e-05,2.28847493336153,0.4072341973313669,0.1557935704532229,0.4369722322154101,0.4963556375278623,-0.274584493484147,-0.8235498995400121,10484.341099578452,True,wing_R,high
-0.0119954132216734,0.0014745828260953,-0.0040953183429655,0.0011885923714877,0.0008319162521396,0.4703108386047815,0.4703108386047815,0.4703108386047815,False,0.2847709698628465,2.0254295109547645e-05,4.551795856240845e-05,1.7750279069617412e-05,2.564351714352485,0.5550262852456899,0.0550116068254037,0.3899621079289064,-0.6675697449279756,0.6102095444770408,0.4266086584750946,6390.148796540761,True,wing_L,high
-0.0123756488738925,0.0017677616538601,-0.0037849813194287,0.0007816882176589,0.0007263026613721,0.3826985442910016,0.3826985442910016,0.3826985442910016,False,0.2681589160548905,4.425961923007699e-05,4.01178123970289e-05,1.93880173515159e-05,2.2828336919461463,0.093579811690596,0.4683681289202303,0.4380520593891737,-0.1960372810087315,-0.8796026606186307,0.4334380508069518,8685.080713680225,True,wing_L,high
-0.0126331541704502,0.0026442946415965,-0.0034982207527572,0.0004068637052506,0.0001869446585581,0.2061849989829893,0.2061849989829893,0.2061849989829893,False,0.7040791747560218,0.0001099856714979,0.0001214243486911,6.213912036840368e-05,1.9540725387042728,0.0942041469977392,0.3940441241421386,0.5117517288601222,0.7306093483192815,-0.3924676443404548,0.5587299242875123,11655.685010960751,True,body,high
-0.0121343026190903,0.0021061145988409,-0.0038925313577278,0.0005283338814021,0.0003256755047407,0.3293035739138804,0.3293035907280403,0.3293035907280403,False,0.2801317345447059,4.620721225490416e-05,3.419149709789147e-05,7.772718112522746e-05,2.2732897861328443,0.4055205452458258,0.1545883304021277,0.4398911243520464,0.8214045576922321,0.3874769409960367,-0.4185166338376323,5669.400985009314,True,body,high
-0.0113985632533193,0.0027956451781818,-0.0040958229748401,0.0010421443486018,0.0006176900007006,0.3932412326981318,0.3932412915476913,0.3932412326981318,False,0.2998337911268257,3.163369878425394e-05,7.15193018792605e-05,6.110862810675638e-05,2.2608580288707847,0.1455645329155967,0.4121255178393977,0.4423099492450055,0.4796022118634185,-0.4894621925471684,-0.7282914804133269,11354.802621765426,True,body,high
-0.012402543432317,0.0025871292875852,-0.0031983653744337,0.0004126553422737,0.0001969611284663,0.1611192841953064,0.1611192841953064,0.1611192841953064,False,0.2163910306424373,8.693914090552343e-05,5.787524920714198e-05,0.000131591996,2.273718002130315,0.3393280476915497,0.2208636739454036,0.4398082783630466,0.6625602596539526,0.7202128756308994,-0.2056874232974818,21760.169041314806,True,body,high
-0.0124950676603989,0.002112820175245,-0.0035967380528129,0.0004652237390489,0.0004644743780293,0.2031347758717105,0.2031347422433908,0.2031347758717105,False,0.1305740689153659,7.582004892481138e-05,8.009781855004275e-05,4.472751669522428e-05,1.7907951182676565,0.0534068180965346,0.388182010352272,0.5584111715511934,0.6719888655415789,-0.1708330049236141,0.7205879883934441,7458.8035938663,True,wing_L,high
-0.012449002550863,0.0019097091348068,-0.0037568530624138,0.0006571839871854,0.0006341813404144,0.3155015194680943,0.315501553096414,0.3155014858397745,False,0.1655717019334348,5.707020918727662e-05,3.0875336086775806e-05,9.216978266468404e-05,2.9852236233360783,0.3808143239862086,0.284202396308109,0.3349832797056823,0.6380355011155681,0.6671211132501116,-0.3845258373271395,5918.032597152373,True,wing_L,high
-0.0115771664145956,0.0027942606930944,-0.0038899439624915,0.000799630280676,0.0005448962958509,0.3443716505260744,0.3443716841543942,0.3443716505260744,False,0.3300281195582195,2.7215185940374303e-05,6.329875026265122e-05,6.379411340607361e-05,2.344063110420778,0.0077650290438119,0.5656252966882916,0.4266096742678963,0.3839159935071528,-0.6633344299789571,-0.6423363168418146,22176.57943086741,True,body,high
-0.0125035857914862,0.0027385468942805,-0.00339856749535,0.0003797743909843,0.0001167818464373,0.1695406561595194,0.1695406561595194,0.1695406225311997,False,0.1146819433306498,4.073721982945986e-05,6.317120401773541e-05,3.235611781588559e-05,1.9523727901225785,0.355129913021401,0.1326728237001983,0.5121972632784006,0.8386381906665175,-0.3307516955860126,0.4327693392819868,8047.506302678773,True,body,high
-0.0118814431322112,0.002593584686268,-0.0030713697999263,0.0006348481673846,0.000630898777816,0.1242938528701801,0.1242938528701801,0.1242938528701801,False,0.9315361687399336,9.678476079507313e-05,4.004766792545507e-05,9.95071552624744e-05,2.4847178479330565,0.0273587809863553,0.5701810359261112,0.4024601830875334,-0.1372835826563517,0.614342687327311,0.7770046849668889,4189.261523075046,True,body,high
-0.0126999824219186,0.0026647164409976,-0.0033221816965285,0.0005337252212291,9.917621854618298e-05,0.0998363794825048,0.0998363794825048,0.0998363458541851,False,0.0363496390010964,7.66576253810773e-05,0.000174055637588,9.783097809553538e-05,2.2705586916215776,0.4379327239772351,0.1216470377395499,0.4404202382832149,0.2336027946087787,-0.9009942120619286,-0.365566907941451,26669.746517636755,True,body,high
-0.0124334725846149,0.0020899460852906,-0.0036395419846487,0.0004616867558464,0.0004587974626185,0.236680874343351,0.236680874343351,0.236680874343351,False,0.2643682111495181,2.301466397910056e-05,4.536216931123321e-05,4.74457977661918e-05,2.061546404035139,0.0439159747134299,0.4710112672624654,0.4850727580241046,0.2781058030300056,-0.7069885532574726,-0.6502494505064511,8252.201597931433,True,wing_L,high
-0.0126856664678593,0.0026612846533741,-0.0033826058479677,0.0004941661217638,0.0001334549852332,0.118979233222684,0.118979233222684,0.118979233222684,False,0.134110152071286,6.216300693298548e-05,0.0001805132910285,0.0001131656912872,2.903870001384027,0.3730894238175604,0.2825425433423382,0.3443680328401014,0.4830683546111294,-0.8731017839674096,-0.0658653141359161,47408.21423579686,True,body,high
-0.0130294111884531,0.0027680222291621,-0.0035229451525778,0.0008159599758953,0.0004655054599202,0.1339449788579903,0.1339449788579903,0.1339449788579903,False,0.2274449548616723,4.185005046802757e-05,3.5783445669416525e-05,6.917399575911713e-05,1.9331284191628004,0.3950031365289211,0.0877006558900635,0.5172962075810154,-0.5556071983073732,0.6209206144712426,0.5529540954850464,6805.79786020536,True,body,high
-0.0110898292784618,0.0030570477563207,-0.0037272304329102,0.0012966379453413,0.0010603163422112,0.9369213580350384,0.9369213580350384,0.9369213580350384,False,0.3040941323313688,5.798718063119999e-05,2.5635566358726435e-05,6.366471898881283e-05,2.483452797489732,0.0891787232833069,0.5081560837197505,0.4026651929969426,-0.16926414779902,-0.5271430303056899,0.8327483856904234,2190.0098958644057,False,wing_R,high
-0.0126925391537574,0.0027661963663916,-0.0035566412904921,0.0005051413706318,0.0002977693594853,0.1638094825157341,0.1638094825157341,0.1638094825157341,False,0.9140814240267662,4.608623173836487e-05,0.0001187798806808,6.095188754242616e-05,2.577339830150756,0.4868500692789869,0.1251529780872942,0.3879969526337189,0.4721502989595398,-0.8432431434367733,-0.2569340309092718,18975.579467274187,True,body,high
-0.0128367445485614,0.002556891875179,-0.0030397130262661,0.0007919557250728,0.0002201854274915,0.1059778522551126,0.1059778522551126,0.1059778522551126,False,0.981110589908374,5.483454810115159e-05,0.0001303918629969,5.837886651021585e-05,2.377914426438614,0.5522813681128843,0.0271820520667505,0.4205365798203651,0.3163349638568552,-0.8510020454885817,-0.4191988898076089,4722.792520254671,False,body,high
-0.0129244492706983,0.0027021668529714,-0.0033363222655365,0.0007349455931292,0.0002571869140936,0.0878961401434879,0.0878961401434879,0.0878961401434879,False,0.076400028285508,6.396072473621405e-05,0.0001370797721174,5.73127026565988e-05,2.391786912210541,0.533405084147613,0.0484974695895933,0.4180974462627936,0.6430068557767104,-0.0950171581909862,0.7599433683331003,11406.619915869744,True,body,high
-0.0126904858316845,0.0026714562128066,-0.0033845044534204,0.0005007686702906,0.0001377950220839,0.0955898625257437,0.0955898625257437,0.0955898625257437,False,0.1569586975401964,6.000525655263544e-05,0.0001446007397737,6.841962241377068e-05,2.4098012087816154,0.5268376737158893,0.0581903375757161,0.4149719887083946,0.3695782083500442,-0.8035312718526446,-0.4666363070611229,41478.82556584153,True,body,high
-0.013081565581284,0.0024165064685345,-0.0034979840454399,0.0008341848491505,0.0005725237305812,0.1577601513391409,0.1577600840825014,0.1577601513391409,False,0.1322039825510735,6.568853573537602e-05,6.091295405496683e-05,2.847569203566046e-05,2.306828422400181,0.0727003826002067,0.4938040048567798,0.4334956125430135,0.8790388951510806,-0.4273100845448151,0.2114159702053524,4392.735734425947,True,body,high
-0.0124345198347694,0.0025465491968672,-0.0032128441661738,0.000406717894769,0.0001831771551203,0.155688781358078,0.155688781358078,0.155688781358078,False,0.0856136694434617,9.259196319582442e-05,5.842626467743728e-05,0.0001403886862514,2.402835215061365,0.3404599354253648,0.2433650419464349,0.4161750226282002,0.6156996473216156,0.7513963449393702,-0.2373130360932437,25251.748126550214,True,body,high
-0.0122639438515568,0.0021560267080771,-0.0026220739715844,0.0010190068796811,0.000900700345867,0.3044798208678874,0.3044798208678874,0.3044798208678874,False,0.2908232303600506,2.62377655670505e-05,2.517833519203224e-05,5.712313616812371e-05,2.268741588053864,0.5406805836110256,0.0185464322529521,0.4407729841360224,0.7819619420862752,0.5790118683543432,-0.2308262927689858,3037.193256190241,False,body,high
-0.0126248566005246,0.0026057471725411,-0.003231379241652,0.0005136531334014,8.075792965260646e-05,0.1254996299018216,0.1254996299018216,0.125499596273502,False,0.3954042023367622,7.77640306863578e-05,6.105713230396915e-05,2.8972238159800207e-05,2.684087789746861,0.2148409519790947,0.4125929926854681,0.3725660553354371,0.6557315036011082,-0.2632723554765426,0.7076043117639002,14329.218279755658,True,body,high
-0.0122791987486775,0.0026370392122554,-0.0025932348743655,0.0009918948994188,0.0007367373587291,0.1747117837667988,0.1747117837667988,0.1747117837667988,False,0.0461672655746474,7.420019665218142e-05,7.14600553133039e-05,4.576423226243941e-05,1.6213578374192583,0.0369290306833299,0.3463039750597353,0.6167669942569347,0.7148455570920884,-0.3066780648257202,0.6284460152315815,4731.490561829576,True,body,high
-0.012205075432243,0.0026317995910583,-0.0030288313584711,0.0005634456181611,0.0004486825170375,0.0969650926604208,0.0969650926604208,0.0969650926604208,False,0.8694086888551591,0.0001009224617658,4.280871974520243e-05,0.0001104132475043,2.579223302204153,0.0859569476760449,0.5263294335979535,0.3877136187260016,-0.0843172559720055,0.5508088715048876,0.8303614799693346,13117.774442537851,True,body,high
-0.0124340866532126,0.0026319814634793,-0.0032074646727827,0.000427140583829,0.0001641010848564,0.1266367715329282,0.1266367715329282,0.1266367042762888,False,0.3437947040889554,5.299547598525867e-05,0.0001510844943252,9.434724786647898e-05,2.8508941851424936,0.375533218760477,0.2736996411571147,0.3507671400824081,0.3133066948964126,-0.8696031271807716,-0.3816140932021631,21141.22162883732,True,body,high
-0.0126072033277932,0.0025669494606198,-0.0033050906679571,0.0004470520679252,9.710217861682864e-05,0.1118866506836238,0.1118866506836238,0.1118866506836238,False,0.9884242578099552,6.86862301570649e-05,3.5196738804683785e-05,8.102320756331277e-05,2.3020089450029007,0.1522647371940634,0.413332085454799,0.4344031773511375,-0.3165711881601885,0.8443659697637654,0.4322369627088161,18226.904859897048,True,body,high
-0.0126167999937717,0.0027697372810755,-0.0036035572845284,0.0004438263244209,0.0003009979657781,0.2490039048456649,0.2490038375890255,0.2490039048456649,False,0.9955515295241713,2.873764664802108e-05,6.645727385768137e-05,5.915242080360135e-05,2.312551012671656,0.1099180365075372,0.4576590701074149,0.4324228933850478,0.1214595170981754,-0.7128136396339915,-0.690756325239241,8976.443230500176,True,body,high
-0.0128586126148405,0.0027576254536982,-0.0033873866539248,0.000677324740702,0.0002530964372321,0.1258049414164991,0.1258049414164991,0.1258049414164991,False,0.1481278379976788,7.406191358851287e-05,0.0001779491551586,8.889285931634905e-05,2.4027080389432127,0.5004592225397014,0.0833437265527602,0.4161970509075383,0.2743798702744078,-0.9268438368264456,-0.2562736602248308,14658.26532830661,True,body,high
-0.0125241892762816,0.0024072666249229,-0.0033189143050532,0.0003861309956044,0.0002222018491828,0.1180229783233154,0.1180229783233154,0.1180229783233154,False,0.1326045995463397,4.07404445104256e-05,4.25709204874173e-05,5.37395521573547e-05,1.3190713258811546,0.2078288936467975,0.0340619879308239,0.7581091184223785,0.3073128043337806,-0.9513815026464904,-0.0207864550756849,12460.297012578909,True,wing_L,high
-0.0125543302331934,0.0026135958061857,-0.0032690726689167,0.0004402027095948,5.910283331403151e-05,0.1192744226131277,0.1192744226131277,0.1192744226131277,False,0.0590269874253417,6.505693057971085e-05,0.0001584913262413,8.037650454761139e-05,2.4361943428479487,0.4928649633152936,0.0966587530763204,0.4104762836083859,0.1935244358356989,-0.912485810140948,-0.3604413114862008,32752.44869212332,True,body,high
-0.012578450202059,0.0025745226996995,-0.0033435230166545,0.0004024870997352,7.911780789754831e-05,0.1229173784876737,0.1229173784876737,0.1229173784876737,False,0.2430996896449411,5.820159047549232e-05,0.0001640997784598,0.0001143230017385,2.819506771537231,0.3033323822161825,0.341995655263654,0.3546719625201635,0.5791278403707284,-0.7996431482132731,-0.1586876807540569,26151.719396011453,True,body,high
-0.0117821794648707,0.0025377947245017,-0.0027190359754615,0.0009806855923246,0.00096036150488,0.1700199269720739,0.1700199269720739,0.1700199269720739,False,0.2909546863962771,2.433567690724113e-05,5.5201411628306346e-05,5.6356498838602e-05,2.315797462853109,0.0204960782536132,0.5476872296389604,0.4318166921074263,0.3930894831852879,-0.8159229890763409,-0.4239697325350629,5087.122198203778,True,body,high
-0.012510718452069,0.0025138053459336,-0.003349684528595,0.0003409052532214,0.0001108486200908,0.1405100003173876,0.1405100339457073,0.1405100003173876,False,0.6375963807023558,5.54881167280795e-05,0.0001339647388686,5.174503334893025e-05,2.588939076824256,0.5858005830736018,0.0279408104756589,0.3862586064507391,0.5591546601326547,0.0367233795657199,0.8282496359463175,22360.10359496254,True,body,high
-0.0126960667525545,0.0026992401148588,-0.0034019628521148,0.0005087959007069,0.0001574029126886,0.177975344938339,0.177975344938339,0.177975344938339,False,0.7987037012567417,4.655785215295147e-05,9.81857357024788e-05,9.363651438188588e-05,2.1088974504218934,0.0463328128881971,0.4794857612677221,0.4741814258440808,0.4748058890453043,-0.8726742147236457,0.1140135197437851,45640.10617245035,True,body,high
-0.0124678821275041,0.0026229519728528,-0.0032192304319809,0.0004300493159809,0.0001351191022004,0.1615725939450422,0.1615725939450422,0.1615725939450422,False,0.366720107868497,7.322022106115341e-05,3.694215666369215e-05,8.040257079609405e-05,2.176444963082409,0.089329851817245,0.4512052791130859,0.4594648690696691,-0.2333403113918933,0.5823339944095922,0.7787422025513342,29859.08471826648,True,body,high
-0.0125604373329177,0.0025745041758743,-0.0032903618442293,0.0004223340748687,8.076295856442782e-05,0.1193713058022218,0.1193713058022218,0.1193713058022218,False,0.5270879011469043,5.86420184243808e-05,0.0001355461349698,6.662944261816172e-05,2.311416602152009,0.5084371632359849,0.0589277163495623,0.4326351204144528,0.3550789877979137,-0.9058163796642148,-0.2311181489118149,27778.677868881343,True,body,high
-0.0127109161010254,0.0027363490885959,-0.00356234042292,0.0005069843630774,0.0003012129779629,0.1076330381514032,0.1076330717797229,0.1076330381514032,False,0.9782119493874032,4.350218759772879e-05,0.0001117301066683,5.419095144912503e-05,2.5683790365100085,0.5149834447935384,0.0956659236272416,0.3893506315792199,0.1706513021350049,-0.9041407590220232,-0.3916728493969262,20312.62963498568,True,body,high
-0.0120498397153794,0.0020287862039284,-0.0038221133459777,0.0005797954394904,0.000354892390353,0.406585639340939,0.406585639340939,0.406585639340939,False,0.1659664450490899,3.80966926952492e-05,3.93373616032014e-05,1.6446301465317053e-05,2.391866748044136,0.0315391998189127,0.5503773091932574,0.4180834909878298,-0.332962240230325,-0.8949034494950721,0.2971261729680241,6372.059223500378,True,body,high
-0.012766678969594,0.0027066954825241,-0.0036057845789739,0.0005468003521958,0.0003605785759442,0.1948185596632411,0.1948185596632411,0.1948185596632411,False,0.1957210749043118,0.0001027614558786,0.0001291481016114,5.33870369733365e-05,2.419091017843537,0.2043130747073363,0.3823085147145304,0.4133784105781332,0.6703342477083676,-0.3933884753490571,0.6292038650642582,15738.17807302041,True,body,high
-0.0117060044729879,0.0011327493202412,-0.0042753879397625,0.0016409651952095,0.0010272235395675,0.4737394160429251,0.4737394160429251,0.4737393571933656,False,0.0953901100680133,2.457770515469364e-05,2.6486356156755902e-05,5.693810618169562e-05,2.316656735172123,0.5348219683978407,0.0335215048419691,0.4316565267601901,-0.927340907115582,-0.3039298887156181,0.218324219305515,8416.166385372613,True,wing_L,high
-0.0115865356377244,0.0027724679702866,-0.003846855267311,0.000767990930264,0.0005264464942299,0.3531581251574152,0.353158158785735,0.3531581755998948,False,0.1573209263440823,6.773810968696996e-05,7.459653252267913e-05,2.987615542286373e-05,2.4968584969132817,0.0919402364127855,0.507556490679983,0.4005032729072315,-0.2455192782908578,-0.1070623666265849,0.9634614333951572,21403.604057428456,True,body,high
-0.0112328686129644,0.0030031549306543,-0.0042773175397091,0.0013341754615795,0.0008818978805572,0.3961471650966005,0.3961471650966005,0.3961471650966005,False,0.0952487621388022,3.508028923453977e-05,8.461306670913484e-05,6.451741952536309e-05,2.411983155082584,0.2375005181274468,0.3479028882384815,0.4145965936340716,0.2203988782912626,-0.4985914037417537,-0.838350133633186,8099.749395574062,True,wing_R,high
-0.0124868337105381,0.0023242506017042,-0.0033965136134138,0.0003474556526592,0.0002738711174562,0.1626833709734935,0.1626833709734935,0.1626833709734935,False,0.5526056461946381,8.727075495367155e-05,4.792337817694561e-05,0.0001075078596325,2.243328073318168,0.1882383739019205,0.3659953505836503,0.4457662755144291,0.7465611203477851,0.5775620030542632,-0.3302553954336054,10520.139657145462,True,body,high
-0.012001705841894,0.0023135294420484,-0.0027620168603382,0.0008765667693135,0.0008386854974366,0.170688827879492,0.170688827879492,0.170688827879492,False,0.2274228149485399,4.224168543123774e-05,0.0001049042314054,0.0001140180792449,2.699183947822309,0.0799333570597152,0.5495842974125574,0.3704823455277274,0.6122085080765125,-0.7906862901827854,-0.0039916357192223,5745.654610509264,True,body,high
-0.0131515636050831,0.0026236358589266,-0.003269930660784,0.0009527334414283,0.0003976784425545,0.143945637600901,0.143945637600901,0.143945637600901,False,0.4854175343558546,6.679078215153381e-05,0.0001149892913185,4.976195293848923e-05,2.310787349136519,0.4191565024391342,0.1480905658063823,0.4327529317544835,0.2428745145906895,-0.4540051723481279,0.8572579971300843,5105.01906971594,True,body,high
-0.0128144316907754,0.0022429901696733,-0.003270335973921,0.0006909562567989,0.0004780553010014,0.2136709319777364,0.2136709656060561,0.2136709656060561,False,0.1204099261854028,9.915211464030472e-05,4.1890620018808e-05,9.386190734027724e-05,2.366928792072964,0.0533544576353095,0.5241571247371382,0.4224884176275522,-0.1485414447088622,0.4966752854952829,0.8551310425788454,3485.338774742286,True,wing_L,high
-0.0116446011914188,0.0028006040070042,-0.0038389342202241,0.0007256805332992,0.0005225957357348,0.3571510005127385,0.3571510005127385,0.3571510005127385,False,0.4854114831188148,3.056435398318993e-05,7.372394107943504e-05,7.019434299202518e-05,2.4120889687373217,0.0478758736406514,0.537545720271998,0.4145784060873506,0.3000573322541833,-0.5645214933734283,-0.7689480352273079,14006.94479888254,True,body,high
-0.0123891054265352,0.0021275738138291,-0.0035637968326939,0.0004066341325833,0.0004059172555135,0.1263974724098481,0.1263974724098481,0.1263974724098481,False,0.1488932206771717,9.884494429002904e-05,3.860933828465028e-05,4.195718962068568e-05,2.5601304938532534,0.5755251831841227,0.03386972758275,0.3906050892331271,0.3300312004143668,-0.9375520524153692,-0.1098888336673966,7680.015142496003,True,wing_L,high
-0.0127491064912061,0.0026310794196937,-0.0035091350693169,0.0005112523555044,0.0002716167599002,0.1913534303433391,0.1913534639716588,0.1913534303433391,False,0.1973398089695532,5.756495464483383e-05,6.72560430972203e-05,4.725027859162974e-05,1.4233999269823252,0.1440924563221442,0.1533643012315483,0.7025432424463074,0.7108448390691009,-0.3934260673449843,0.5830227648233678,11549.585724621948,True,body,high
-0.0123047514328481,0.0025033474385219,-0.0029175694081749,0.0006611708263542,0.0004950827621167,0.1104684771846729,0.1104684771846729,0.1104684771846729,False,0.6793870747223377,0.0001189778843737,4.829178446329128e-05,0.0001084912625374,2.463729300875861,0.0881392528661923,0.5059719996790861,0.4058887474547215,-0.0596729800085877,0.5088740905996711,0.8587702226866348,9702.47649143212,True,body,high
-0.0125533884069264,0.0025420993941258,-0.0032712058502476,0.0004271582342441,0.000117735209773,0.1006892272987548,0.1006892272987548,0.1006892272987548,False,0.8010245411025898,8.045879532181411e-05,0.0001851818074946,0.0001177549770018,2.301573205936666,0.3641115258837389,0.201403054569055,0.4344854195472059,0.199635234701367,-0.899927441737865,-0.3876549660108485,20157.464512306924,True,body,high
-0.0127038957153527,0.00267556045528,-0.0033408729489901,0.0005316092855515,0.0001138200815565,0.1172537641381925,0.1172537641381925,0.1172537641381925,False,0.025667439361973,6.272911582156729e-05,0.0001640401636505,9.595550061380264e-05,2.6150562063905314,0.4150487388064529,0.2025503026381422,0.3824009585554049,0.2051984908562723,-0.9291598864387584,-0.3074987557428846,31757.49362627288,True,body,high
-0.0125822259014204,0.0025831439669,-0.003337027414737,0.0004106955989923,7.283412446587847e-05,0.127740688384158,0.127740688384158,0.127740688384158,False,0.338244140915891,6.064718773850825e-05,0.0001786976840004,0.0001099644856556,2.9465122895874263,0.3846339628255026,0.2759817408544501,0.3393842963200473,0.497522944972415,-0.8648782024842984,-0.0667578766401706,25397.119694838068,True,body,high
-0.0125082719866725,0.0025562030212768,-0.0033695596385762,0.0003291036862702,6.618461015006547e-05,0.1858075151128546,0.1858075487411743,0.1858075487411743,False,0.2782732772402381,4.12062160304078e-05,3.062039945747417e-05,6.171143455758937e-05,2.0153700033631057,0.3322758363046318,0.1715373601152457,0.4961868035801224,-0.5164990511528283,0.594108288541812,0.616655553485207,17675.704739739955,True,body,high
-0.0125510366306299,0.0026154934694512,-0.0032488029224623,0.0004528900480196,7.286399438174208e-05,0.1140845640317679,0.1140845640317679,0.1140845640317679,False,0.1079482275011173,5.7651209405464256e-05,0.0001498082753688,6.152075303826958e-05,2.598527887164597,0.5893367513457426,0.0258299724983653,0.384833276155892,0.4314389192885075,-0.8788874274620537,-0.2035125273104779,31648.925229642147,True,body,high
-0.0126795018112822,0.0026763189817803,-0.0033533156588998,0.0005058762892156,0.000107012930218,0.1228278935289165,0.1228278935289165,0.1228278935289165,False,0.1679995563487791,4.244261903463448e-05,0.0001246906061715,7.68313033368947e-05,2.93786314340744,0.3838244459955661,0.2757921014110078,0.340383452593426,0.298656939602679,-0.8516203597218616,-0.4307514310299721,31661.024488636875,True,body,high
-0.0126141651273299,0.0026432369176931,-0.0033043310304992,0.0004684383986812,3.641514684325283e-05,0.1069116434369126,0.1069116434369126,0.1069116434369126,False,0.1178293063959207,7.046369972393914e-05,0.0001636798853928,7.674452501218331e-05,2.322896555732133,0.5311303839932858,0.0383726153837918,0.4304970006229223,0.1890833576772042,-0.9690602334396852,-0.1586497646242735,24342.55249846833,True,body,high
-0.0128802007156027,0.0027562863565266,-0.0034024070150357,0.0006921719548505,0.0002777941305171,0.1119277781186332,0.1119277781186332,0.1119277781186332,False,0.1065962388293974,5.6535756658186126e-05,0.0001401933500493,6.707259574458531e-05,2.4797289067340222,0.5215707754971383,0.0751593358935175,0.4032698886093442,0.6025118447585447,-0.7944825025764212,-0.0760067761818798,13002.982116301546,True,body,high
-0.0127207509987086,0.002649797241098,-0.0034346492919239,0.0005046947555066,0.0001962255513506,0.1897801294055506,0.1897801294055506,0.1897800957772308,False,0.5557607213101993,8.456974549628585e-05,8.35946022018409e-05,3.071126427786156e-05,2.753704462673279,0.0115306400500847,0.6253221836442902,0.3631471763056251,0.904693749860754,-0.3729220121530569,0.2060543418969913,17255.59492843377,True,body,high
-0.0124771189430152,0.0025504463549008,-0.003321020668344,0.0003400127971908,8.902838700747514e-05,0.176131571425096,0.176131571425096,0.176131571425096,False,0.2172996243576377,0.0001096372015268,0.0001276781176247,4.9623051581514026e-05,2.5729598151575965,0.1412999849423625,0.4700425653342149,0.3886574497234225,0.7505192098186606,-0.2178966076947354,0.6238926061817848,22160.415703087023,True,body,high
-0.0127326155114047,0.0027255445375502,-0.0034556872935228,0.0005356975102309,0.0002263867273128,0.2130006523092101,0.2130006523092101,0.2130006523092101,False,0.7736833893574285,5.4808459453434494e-05,4.7744282528579405e-05,6.899268582570985e-05,1.4450460279597102,0.2055902912390992,0.1023902293454801,0.6920194794154206,-0.7758821506145612,0.3175662838926283,0.545122503380983,35869.27438522752,True,body,high
-0.0125436755354467,0.0025997003076084,-0.00324605660124,0.0004467803505466,8.71045014462309e-05,0.1677476950373633,0.1677476950373633,0.1677476950373633,False,0.0590213728827766,9.491223097098972e-05,5.099213642224887e-05,0.0001239771482187,2.4312993515736325,0.2344376981190978,0.3542595968673213,0.4113027050135808,0.667201502338773,0.7075944518360933,-0.2327063536039856,33327.90326459467,True,body,high
-0.0122898354307286,0.0026021377148805,-0.002779720372198,0.000803001448084,0.0005895447374844,0.136120663886804,0.1361206975151237,0.1361206975151237,False,0.2658597183567699,6.239363059346305e-05,0.0001289076608547,0.0001473304435138,2.3613058274133363,0.1250439638931937,0.4514615491197319,0.4234944869870743,0.3905824262502662,-0.9121920188468206,-0.123899511930505,7212.329713505317,True,body,high
-0.0126879669531791,0.0026818253910951,-0.0033860892927633,0.0005013991580445,0.000137822830572,0.1488809634303504,0.1488809634303504,0.1488809970586701,False,0.2455176546545217,0.0001071580423229,9.425695464745752e-05,9.98636576770244e-05,1.1368714671903348,0.0680712757325299,0.0523218127918913,0.8796069114755787,-0.4435175243705833,0.5793103873226026,0.6838798730159599,37308.88700369338,True,body,high
-0.0125482543579175,0.0030744531404724,-0.003690582757437,0.0006438639915004,0.0005563063033636,0.220789744606173,0.220789744606173,0.220789744606173,False,0.1054397183960291,4.693961482940469e-05,3.516459704526168e-05,5.327428021935444e-05,1.5149976025825949,0.1189066349440489,0.221026313929722,0.660067051126229,-0.5324589360005135,0.4394310276588928,0.7234554951093057,5471.585867887497,True,body,high
-0.0117399140207249,0.0029823743323208,-0.0042329367881771,0.000958522500136,0.0007324267955361,0.3620311674907781,0.3620311674907781,0.3620311674907781,False,0.3350361893308829,2.997304294028917e-05,6.846335390820477e-05,7.048070322858448e-05,2.3514697312846304,0.0286227183891313,0.546111335510984,0.4252659460998847,0.1186299015492315,-0.745485549120925,-0.6558797469889527,6077.204169042691,True,body,high
-0.0124869406533565,0.002649386327769,-0.0032402521253599,0.000430508240702,0.0001044004357258,0.1810167910581726,0.1810168246864922,0.1810167910581726,False,0.9244633222924526,8.066577571981088e-05,7.745332284077808e-05,4.191111938721706e-05,1.92468673944352,0.0398242358716181,0.4406106943918241,0.5195650697365577,0.5969827726770289,-0.3003291878082249,0.7439179713364228,21652.818083544425,True,body,high
-0.0121429820306922,0.0025580701929622,-0.0029443791310981,0.000644340712089,0.0005568554144753,0.1291957185215148,0.1291957185215148,0.1291957185215148,False,0.2910319632851378,0.0001101526789672,4.718327481513252e-05,0.0001042198682441,2.3345704468137303,0.0538598859220596,0.5177957900226006,0.4283443240553398,-0.1303844349702016,0.5216745918726209,0.8431224817972983,11804.460615801794,True,body,high
-0.0122979710399696,0.0026277688287233,-0.0031333922696403,0.0004603130697117,0.0003087803871929,0.0991829812304747,0.0991829812304747,0.0991829812304747,False,0.98748142028474,7.288456031828702e-05,0.0001656566010727,7.890017346921766e-05,2.2728627345677013,0.5237124692993647,0.0363137545499167,0.4399737761507186,0.185058623495494,-0.8580338127912902,-0.4790942307905556,26077.97790273684,True,body,high
-0.012745013263874,0.0026700319150452,-0.0033245634441766,0.0005720729426794,0.0001309048543286,0.1301676778461895,0.1301676778461895,0.1301676778461895,False,0.1227356350289096,7.38440556513827e-05,0.0002149346357267,0.0001029279472371,2.9106558927571324,0.5211197725805522,0.135315052817944,0.3435651746015037,0.2063234033732163,-0.9059379559298164,-0.3697391962264739,21390.321030087933,True,body,high
-0.0128767076030763,0.0026365014114237,-0.0037243969804952,0.000649476808713,0.0005168089593689,0.2860064060882417,0.286006372459922,0.2860064060882417,False,0.8707448041219773,2.4907221943493173e-05,5.658198215675188e-05,6.561509368575379e-05,2.634380254635152,0.1376681952518977,0.4827358833770263,0.3795959213710759,0.2049208836877277,-0.6395446019057796,-0.7409386841040349,6440.817502354047,True,body,high
-0.0123388729075011,0.002640632737585,-0.0031452178926528,0.0004579776332006,0.00027319921596,0.0961200129860245,0.0961200129860245,0.0961200129860245,False,0.960462678441476,6.203556017538069e-05,0.0001489243953198,6.48059551518065e-05,2.400629492162915,0.5648398973679662,0.018602694142054,0.4165574084899797,0.2898437527907843,-0.9470012865792654,-0.1384888522061272,23581.3035945318,True,body,high
-0.0127117965361506,0.0026447941880888,-0.0033615029762875,0.0005208589183914,0.0001387336628759,0.1331489629020559,0.1331488956454165,0.1331489629020559,False,0.0796542756876874,0.0001047449815598,4.0093639787582366e-05,9.487349830354271e-05,2.612508670074225,0.0942430187044782,0.5229831319855447,0.3827738493099771,-0.157768019989885,0.5781786044341692,0.8005115572201489,32266.22347824747,True,body,high
-0.0128364558034434,0.0027226331003452,-0.0033569542104901,0.0006550308538065,0.0002124057700127,0.107097776186526,0.107097776186526,0.1070977425582062,False,0.0664713448687264,6.574588135648878e-05,0.0001512957269646,7.30703138300882e-05,2.3012198459132187,0.517036499998567,0.0484113637612038,0.434552136240229,0.1661914451531515,-0.8807277174267851,-0.4435077128011553,15773.650201101003,True,body,high
-0.0118680810566556,0.0016599236191806,-0.0038499414460535,0.0009752788797914,0.0006496932746741,0.4197790632353134,0.4197790632353134,0.4197791220848729,False,0.2872288354513721,4.91853981888968e-05,3.758651636078125e-05,1.664873689069351e-05,2.954302089811449,0.2358196183259506,0.4256909619736346,0.3384894197004148,-0.5797776260051205,-0.8022595605092722,0.1422585742770405,4759.552366324459,True,body,high
-0.0124028081191795,0.0030326942807089,-0.0032161710130712,0.0006502776389135,0.0004169644959074,0.1596538629071581,0.1596538629071581,0.1596538629071581,False,0.0676334786238374,0.0001029734543334,0.0001331513509609,4.495737855379669e-05,2.96172408721828,0.2266435632059959,0.4357152620756584,0.3376411747183456,0.6811128509652684,-0.2499784223414741,0.688183167923796,5951.954733453547,True,body,high
-0.0126025728647151,0.0026369857960091,-0.0033020352176726,0.0004592731520592,3.296793360382604e-05,0.1324006655317947,0.1324006655317947,0.1324006991601143,False,0.062995655553232,0.0001091352722862,8.849522481642932e-05,0.0001067910807288,1.2332334599144217,0.021479687623431,0.1676438380475367,0.8108764743290322,-0.4778283718579236,0.6233971395051774,0.6189152231964958,24058.35230115745,True,body,high
-0.0119446630737607,0.0026691902039755,-0.0030348727591878,0.0006449124860454,0.0006238799763165,0.305202493458527,0.3052025270868467,0.305202493458527,False,0.5794104386527513,4.853727884160539e-05,3.281416479947102e-05,6.238655011408518e-05,1.901207923326176,0.2219912985596073,0.2520273041766501,0.5259813972637426,0.6241028419762574,0.6523405145925533,-0.4300552239634829,4885.538191342057,True,body,high
-0.0115119905359296,0.0028952276583811,-0.0041479841862264,0.0010136971783705,0.0006735374489768,0.3437272982920472,0.3437272982920472,0.3437272982920472,False,0.5337037800196376,3.282543258302967e-05,7.824220534647083e-05,8.235747361446963e-05,2.508953184581866,0.0499683645865963,0.5514590330447162,0.3985726023686874,0.2423213835210181,-0.7220043777235261,-0.6480663744066062,7605.013298430587,True,body,high
-0.0124556705712814,0.0025178925468921,-0.0032758102526487,0.0003610211690436,0.0001465210125134,0.1702308774216357,0.1702309110499554,0.1702308774216357,False,0.1451464811869142,7.386631272957977e-05,7.805402261822291e-05,4.812797027357996e-05,1.6218016711390584,0.0536514294609264,0.3297503651015008,0.6165982054375728,0.5114748931172103,-0.2930239358383131,0.8077935421483403,24278.340662571296,True,body,high
-0.0127210641126958,0.0025913244371898,-0.0032694442524262,0.000562664721526,0.0001285901728548,0.1049474132824564,0.1049473796541367,0.1049474132824564,False,0.9191989832231594,0.0001030429564988,4.538142442417027e-05,0.000108549787962,2.391943164837992,0.050730927867571,0.5311989379000669,0.418070134232362,-0.1354368223689653,0.5314159415908849,0.8362140659960645,11794.18611651596,True,body,high
-0.0129367847247019,0.0023918801578606,-0.0037123830732779,0.0007038212045453,0.0006030535394812,0.2840451015976006,0.2840450847834407,0.2840451015976006,False,0.1367553024880817,2.983211060837432e-05,7.558815216119286e-05,5.92799366726672e-05,2.5337849256959424,0.2157509480288411,0.3895825631706799,0.3946664888004789,0.2841604958192165,-0.5585983072834151,-0.7792436998243107,4442.167803256729,False,wing_L,high
-0.01236056640532,0.0025341435766287,-0.0031923089314015,0.0003990499503577,0.0002399434305401,0.1619449267009083,0.1619449267009083,0.1619449267009083,False,0.5561641485063364,5.550611162654653e-05,9.593129919288526e-05,3.5283412645664336e-05,2.718878135635029,0.4213972697800892,0.2108039727495113,0.3677987574703995,0.6482881149008752,-0.3725917295936005,0.6640014481284802,17115.822072374474,True,body,high
-0.012701593926027,0.0025516494368657,-0.0029790798907555,0.0007463416079736,0.00025938866466,0.1160473817967961,0.1160473817967961,0.1160474154251159,False,0.3520213425808843,9.502073033722372e-05,0.0002358180821636,0.0001121694918988,2.481754048055892,0.5243388850009695,0.07272029949664,0.4029408155023905,0.3610815737888981,-0.8560669909034435,-0.3698234770206677,4448.802701722728,False,body,high
-0.0124939182738823,0.0024561214501089,-0.0033420650996259,0.0003384917846552,0.0001641603434173,0.1217608669444123,0.1217608669444123,0.1217608669444123,False,0.7619736490827385,6.171219964626421e-05,6.50931738558423e-05,0.0001331085645579,2.1569246489492846,0.510976817517068,0.0254001252346708,0.4636230572482612,0.4633847241435496,-0.879272112150319,0.1102503978456462,16805.247724393586,True,body,high
-0.0124543341246574,0.0025404840728044,-0.003286269773029,0.0003527070434489,0.0001244856546961,0.1355939771434536,0.1355939771434536,0.1355939771434536,False,0.1438108961515967,7.810204997324804e-05,0.0001790897372063,8.266396439911497e-05,2.293022235238037,0.5384215439219867,0.0254727853032199,0.4361056707747933,0.3182135984869824,-0.8862677001074217,-0.3365555964239294,28039.47027702428,True,body,high
-0.0123701218867395,0.0020602760178812,-0.0034293097366156,0.0004884095227023,0.0004878674011861,0.2043165759113964,0.2043165759113964,0.2043165759113964,False,0.2774677835665632,2.352362066923061e-05,5.87457958095638e-05,6.60623988159027e-05,2.808343143464888,0.1107529114516143,0.5331652463678691,0.3560818421805166,0.5153480803229387,-0.6092322959122062,-0.6027042108074274,5157.142131612007,True,wing_L,high
-0.0127601135413866,0.0027198802673245,-0.0035635442331193,0.000544973512956,0.0003259179770216,0.2320125237441058,0.2320125237441058,0.2320125237441058,False,0.1363378281128412,7.931843687233451e-05,2.7295164992661188e-05,4.534867396950558e-05,2.9059519110311567,0.4282707053027825,0.2276079772714391,0.3441213174257784,0.1843999031503433,-0.690972349783298,-0.6989662992971064,19114.340678201683,True,body,high
-0.0117685842712623,0.000947502491002,-0.0042493437744367,0.0017712451318095,0.0012242053957824,0.5350766178814438,0.5350765569301142,0.5350766178814438,False,0.1245268513450216,5.215748984327508e-05,4.214519283276008e-05,2.299985351317596e-05,2.267731392871505,0.1919627850304981,0.3670678818538394,0.4409693331156625,0.6695760525038364,0.5474052696537015,-0.5020113351994537,7031.662109889118,True,wing_L,high
-0.0115942432528041,0.0028034878964617,-0.0038930837605646,0.0007897899126417,0.0005446815252617,0.3723272173940507,0.3723272173940507,0.3723272173940507,False,0.455957092237065,7.32139367888649e-05,6.503329644353447e-05,2.5397843117293213e-05,2.882683244035555,0.1117361079615461,0.5413648693764739,0.3468990226619799,0.3531552204188544,-0.645553732408749,-0.6771571227300524,21614.052474913093,True,body,high
-0.011982264190156,0.0011150153657679,-0.004197663707105,0.0015529196524203,0.0011530580771491,0.3821929761324313,0.3821929761324313,0.3821930349819907,False,0.1161749704905096,1.687849891544292e-05,1.212999243723891e-05,2.7423458496751343e-05,2.260797658254238,0.3845233300007586,0.1731549096466636,0.4423217603525777,0.7552837752043291,-0.5503173766882119,0.3559455068238685,6991.96507456897,True,wing_L,high
-0.0127367756799167,0.0027415483094775,-0.0034012707998267,0.0005605389888137,0.0001900788284624,0.1488714802441912,0.1488714802441912,0.1488714802441912,False,0.4669242992432199,8.754625703759934e-05,4.388889488079645e-05,0.0001198790812218,2.7314217308828392,0.2697119785595268,0.3641783179503483,0.3661097034901249,0.7153906060309632,0.6871195428455701,-0.1268188260564891,24751.36265905166,True,body,high
-0.0126261203107006,0.0026651140833029,-0.003473420102663,0.0004132315882831,0.0001657872227341,0.1666630135850095,0.1666630135850095,0.1666630135850095,False,0.1101808082204236,5.74131967663904e-05,0.0001313190122036,0.000112747615467,2.287261807384851,0.1414219953757992,0.4213740095365751,0.4372039950876256,0.298421443205954,-0.8964632258651877,-0.3275642332524371,12963.262753559064,True,body,high
-0.0125201888954899,0.0027847121463031,-0.0032310317510728,0.0005134255690647,0.0001474355040135,0.0913684995521282,0.0913684659238085,0.0913684995521282,False,0.5946762335791071,7.371100542666046e-05,7.955965326977445e-05,8.639248925558317e-05,1.1720432892689312,0.0790906251768541,0.067698568399984,0.8532108064231618,-0.910049463679316,-0.2986061166637481,-0.2874793222963779,9025.203431799477,True,body,high
-0.0118645008439694,0.0029234317784181,-0.0040406000966615,0.0007336112174182,0.0005942683069709,0.3770695082612656,0.3770695082612656,0.3770695082612656,False,0.8036145910866426,3.1022912732474144e-05,7.131762843374352e-05,7.409561221340455e-05,2.3884157123596843,0.037491879703485,0.5438205380531251,0.4186875822433899,0.188909374797171,-0.6584518668181115,-0.7285289199458633,5316.666802011142,True,body,high
-0.0127438453714437,0.0026919812422259,-0.0034863626474956,0.0005273229487564,0.0002514105638956,0.0949765828591315,0.0949765492308118,0.0949765828591315,False,0.852307054930028,0.0001113862539068,4.907281008315034e-05,0.0001199979816097,2.4453048726262696,0.071765604616225,0.5192874329029802,0.4089469624807949,-0.0697981930804678,0.5467466279689266,0.8343838067983523,23361.90671354965,True,body,high
-0.0126010501640435,0.0025596044122797,-0.0033697226069749,0.0004047971168028,0.0001095229585068,0.1143484790848782,0.1143484790848782,0.1143484790848782,False,0.971472094144724,5.2526927134253984e-05,2.5495861486365225e-05,7.295055339531125e-05,2.861270384384698,0.2799653369369773,0.3705395557647151,0.3494951072983076,-0.1256141352711276,0.8569726572260854,0.499818920997344,20861.7134187205,True,body,high
-0.012388393254371,0.0023290407148515,-0.0034213403892721,0.000273812844015,0.0002411178106959,0.1435599544021087,0.1435599544021087,0.1435599544021087,False,0.1648723842163146,5.736694870345873e-05,9.8210178057266e-05,3.5835559480227234e-05,2.740578896541432,0.4158757285827517,0.2192378595493088,0.3648864118679394,0.7326443872970347,-0.3679900759228705,0.5725517494379287,8557.629460150436,True,body,high
-0.012626658704463,0.0026257142922813,-0.0033194991354703,0.0004649579112714,6.199296834257993e-05,0.1067552717502456,0.1067552717502456,0.1067552717502456,False,0.0870002705313481,8.377177258015872e-05,0.0002293590592002,0.0001125354007744,2.7379038563473395,0.509348350281691,0.1254087294157282,0.3652429203025808,0.3312825538729191,-0.878551280869804,-0.3440923079370753,27987.406479926754,True,body,high
-0.0121484529204459,0.0024934743691234,-0.0028769949586935,0.000708480123035,0.0006169542798399,0.1221651802323258,0.1221651802323258,0.1221651802323258,False,0.9603348956241188,7.945031816069945e-05,0.0001888001581312,8.741544158296564e-05,2.3763297932854024,0.5369948709355162,0.0421881183845617,0.420817010679922,0.4837550590342769,-0.8395134012034055,-0.2473828855410841,12963.821664329633,True,body,high
-0.0132648338305581,0.0029040567335054,-0.0032179062993352,0.0011398624999904,0.0003890462460422,0.2685472718736299,0.2685472718736299,0.2685472718736299,False,0.4539664604480926,2.243304193621267e-05,4.90075682182067e-05,5.23526907162772e-05,2.3337312373925783,0.0638959039602993,0.5076057394263334,0.4284983566133673,-0.3200104907407426,-0.697624408050604,-0.6410253279769162,4130.491775046036,False,body,high
-0.0126510378769495,0.0026329204117205,-0.0033592182017418,0.0004665240326649,9.800526255797404e-05,0.0953434341988844,0.0953434341988844,0.0953434341988844,False,0.13217746623557,7.55658807207715e-05,0.0002170289863952,9.758130285888512e-05,2.872049982414832,0.550376636413119,0.1014400081011259,0.348183355485755,0.3403270385676564,-0.8743251864680144,-0.346024529661469,31453.61935821333,True,body,high
-0.0125477974253145,0.0025108986784701,-0.0033422921048794,0.0003739607360202,0.0001249343024168,0.1627438346923381,0.1627438346923381,0.1627438346923381,False,0.5541499161574082,4.299360864303051e-05,8.492050052865586e-05,9.514427874402402e-05,2.2129865751440567,0.1074555228157669,0.4406664535071559,0.4518780236770771,0.5001527701144134,-0.8541934368550282,-0.142129444453546,21908.23992081416,True,body,high
-0.0133219583261663,0.0026543573260292,-0.0035820525385588,0.0010748576612917,0.0007120250248515,0.1292637486122949,0.1292637822406146,0.1292637822406146,False,0.1843942036485538,5.568447008414041e-05,0.0001594713717368,7.200486519576037e-05,2.863839262470855,0.5484777962869681,0.1023405952671643,0.3491816084458675,0.2559017077610198,-0.9440432011535204,-0.2080787118395528,5026.291832091654,True,body,high
-0.0125909854301306,0.0025215779635179,-0.003305700640417,0.000430661064216,0.0001335594124548,0.1204458315020221,0.1204458315020221,0.1204458315020221,False,0.6811673161695551,4.758232556130866e-05,6.44510643056296e-05,9.347145736268184e-05,1.96441548957598,0.3104733132002981,0.1804694098099697,0.5090572769897321,0.5682196368032159,-0.8081955015894762,0.1547464880433687,15985.572298964034,True,body,high
-0.0126770524496232,0.002785846804951,-0.0033300702155115,0.0005593018105882,0.0001332744336323,0.144513888947417,0.144513888947417,0.1445138553190972,False,0.0664663148932329,8.611256953596738e-05,7.854431675836932e-05,3.2807124398959754e-05,2.624813089034339,0.087887898577187,0.5311325931379404,0.3809795082848726,0.9036989373262432,-0.3018783218006981,0.3036407573139894,10749.799374296488,True,body,high
-0.0120569980962838,0.0014359317647826,-0.003938474493301,0.0011524034532813,0.0008990276455178,0.4366659233156634,0.4366658644661039,0.4366658644661039,False,0.5448054384423675,4.144785357363155e-05,3.545699539462574e-05,1.727154498966612e-05,2.399776835160407,0.1445396483164834,0.4387549375181375,0.416705414165379,-0.6652686552293652,-0.7463088330561285,0.020993857952068,6444.619282997894,True,wing_L,high
-0.0113534119870669,0.0028593285977894,-0.0041411604987711,0.0011202242283818,0.0006950246513506,0.4445272996858501,0.4445272408362906,0.4445272996858501,False,0.4921293055077269,6.719962325762466e-05,7.6055848487569e-05,2.9477274157878355e-05,2.5801520208489714,0.1164437108527143,0.4959822268751871,0.3875740622720985,0.3361391648659831,-0.3903259112872843,-0.8571208461010325,14369.97574627421,True,body,high
-0.0128485058793609,0.0026881993439474,-0.0037333549472563,0.0006371256841324,0.000507830751445,0.1744322651733415,0.1744322651733415,0.1744322651733415,False,0.3755074913230958,0.0001136172772595,0.0001312105404074,5.171868827420382e-05,2.537004413409655,0.1340842213836851,0.4717501261190726,0.3941656524972422,0.7435962041465771,-0.2176638602307609,0.6322081375055575,8009.805274314364,True,body,high
-0.0126301411856301,0.0025440256002502,-0.0033920477298991,0.0004180271854449,0.0001463454945449,0.1672667428088231,0.1672667428088231,0.1672667428088231,False,0.2067224348097411,8.642355598243603e-05,5.492074449022295e-05,0.0001281890210878,2.3340728949992005,0.325811561325223,0.2457528049194985,0.4284356337552785,0.7433726318731464,0.6349477771634369,-0.2103293856245532,13270.61595832793,True,body,high
-0.0124774650173268,0.0025484745831964,-0.0032987385501659,0.0003570908126676,0.0001044047592031,0.1227570386592805,0.1227570050309608,0.1227570050309608,False,0.2723273296003062,8.050853269193956e-05,9.682307334949036e-05,3.3997447965737706e-05,2.847951218193427,0.1684984796822364,0.4803719105085263,0.3511296098092373,0.5379487209450862,-0.1493352533947029,0.8296445960331964,29458.75411000716,True,body,high
-0.0126035992209458,0.0029755204736376,-0.0031101306541078,0.0007438740108821,0.0002804390465969,0.1196509589089579,0.1196509589089579,0.1196509589089579,False,0.3235635616775067,4.2977456928974094e-05,9.410143779297986e-05,0.0001173749510441,2.7310818143142126,0.1982834756834173,0.4355612539915504,0.3661552703250322,0.0930294262942978,-0.976740669026356,-0.1931921098629556,4157.212430927044,False,body,high
-0.0118646992363172,0.0031000611532447,-0.00429621434171,0.0010084753626366,0.0008584088197305,0.3303264128862813,0.3303264128862813,0.3303264128862813,False,0.3407008043695503,2.5765444104730853e-05,6.798747171544359e-05,7.26633742000535e-05,2.8201871430856342,0.0643501975525721,0.5810634047143058,0.354586397733122,0.2653463290177,-0.5382238263001969,-0.7999415219124495,7000.927522631976,True,wing_R,high
-0.0124239681656603,0.0025389352285761,-0.0032252786624204,0.0003903909796076,0.0001819257597178,0.1801437998784142,0.1801437662500945,0.1801437662500945,False,0.1917470619017542,3.9402391329741527e-05,3.603886278670964e-05,8.446641282036715e-05,2.3437591058371727,0.5335140914112486,0.0398208995827137,0.4266650090060376,0.872791201946274,0.2543451754497904,-0.4165861849972868,25748.88366807988,True,body,high
-0.0127202474187846,0.002661863430537,-0.0033542773827762,0.0005357762081486,0.0001361993037798,0.0851957860705067,0.085195752442187,0.0851957860705067,False,0.9621401459543304,0.0001035569549185,4.524236577321442e-05,0.0001238882091845,2.7383229649303606,0.1641096792007252,0.4707033020264796,0.3651870187727952,-0.0367348724512352,0.5206645856259224,0.8529706550761157,29705.80191430692,True,body,high
-0.0122761146328017,0.0026384409037342,-0.0031088733158099,0.0004852818937562,0.0003418764096336,0.0984727511181289,0.0984727511181289,0.0984727511181289,False,0.7049010411860549,7.509102774527689e-05,0.000172064991257,9.324122190818468e-05,2.291418780958967,0.4581046311222206,0.1054845266913954,0.4364108421863839,0.1897108992727941,-0.8678014028504628,-0.4592717059735736,27103.792961753326,True,body,high
-0.0127168230336794,0.00266653058487,-0.003340376065603,0.0005400914048458,0.0001232398497869,0.1238761555110207,0.1238761555110207,0.1238761555110207,False,0.111832503670966,9.366219128920736e-05,0.0002153358434972,0.0001109949680762,2.299069032373476,0.4845495005683246,0.0804918331546404,0.4349586662770349,0.3657873443857883,-0.8636853944428625,-0.3467667200197702,30802.0341734794,True,body,high
-0.0127862765477654,0.0024451650015116,-0.0037291370298152,0.0005551151858597,0.0004890678247909,0.1769893626043439,0.1769893626043439,0.1769893626043439,False,0.2910073179728616,0.0001286904932728,0.0001018292616112,7.10237359395799e-05,1.811936412107943,0.2087273968607078,0.2393768559609267,0.5518957471783655,0.4110656012436098,-0.0315462013271912,0.9110597722740555,4366.450842211011,False,wing_L,high
-0.0121686450746751,0.0026519821700933,-0.0031143607253928,0.0004912865014387,0.0004112901344505,0.1114800842982895,0.1114800842982895,0.1114800842982895,False,0.7604609135320232,7.376142510466714e-05,0.0001670511035207,9.674046638654904e-05,2.264748861396396,0.4208929821614693,0.1375569559109484,0.4415500619275822,0.2549641140722438,-0.8866476788270902,-0.3858097901374316,9737.68469003877,True,body,high
-0.012357435288751,0.0020782422068718,-0.0029058617543641,0.0008052735179321,0.0007287256560223,0.2314640962920608,0.2314640458495812,0.2314640962920608,False,0.1409320720973713,2.5619313605452577e-05,6.971301041706206e-05,5.955532842036472e-05,2.7211115602341893,0.145707120319843,0.4867960028104942,0.3674968768696628,0.2046673339810254,-0.7927889389936024,-0.5741053741348342,3205.5509737352995,False,body,high
-0.0124486514390174,0.0027698717534639,-0.0032947176714394,0.0004279364966872,0.0001609701274324,0.1424890941891571,0.1424890941891571,0.1424890941891571,False,0.0983799347116758,3.370435484339116e-05,3.076350083728574e-05,5.380821978233302e-05,1.7490928638757786,0.3736207036818307,0.0546543635526666,0.5717249327655026,-0.6119546918082168,0.4291661094944838,0.6643251505364516,7766.467524090073,True,body,high
-0.0125529316500334,0.0024018926197623,-0.0033799963226255,0.0003723814894396,0.0002247818010725,0.1033251831394849,0.1033251831394849,0.1033251831394849,False,0.7655604710861055,4.089857194713449e-05,8.533860691328683e-05,4.913490544554526e-05,2.086591361272847,0.4242359088955882,0.0965135686686304,0.4792505224357813,0.1543203919522088,-0.9047242042443564,-0.3970633839604616,12309.033288919529,True,wing_L,high
-0.012422560517591,0.0023549135784654,-0.0033862534083709,0.0002975038981769,0.0002335025664959,0.1538573158098501,0.1538573158098501,0.1538573158098501,False,0.4082114440572016,5.291447111673906e-05,7.741920461447552e-05,3.0408690982363305e-05,2.545956504980033,0.3165200885201896,0.2907002241426763,0.3927796873371341,0.7491709716686406,-0.4107990251327502,0.5196027484136772,10709.790569135675,True,body,high
-0.0127593597034941,0.0027293032180998,-0.0036153497090229,0.00054913090859,0.0003681949499348,0.1054728221496577,0.1054728221496577,0.1054728221496577,False,0.6622783723387553,7.061539747478147e-05,0.0001616272292592,7.74287296195734e-05,2.2888383417643112,0.5209425418324869,0.0421546058545938,0.4369028523129193,0.1532944575813817,-0.930349498285089,-0.3330925101462253,16872.64337205223,True,body,high
-0.0121539313089891,0.0026358708641292,-0.0030156451277306,0.000583935257661,0.000492487593351,0.1128369869987228,0.1128369869987228,0.1128369869987228,False,0.9285593564152296,6.282262920995043e-05,0.0001420004728687,6.075451362413276e-05,2.3372826872959447,0.557588591497103,0.0145641457668166,0.4278472627360803,0.3636213842462895,-0.0593503489937997,0.92965425024206,9732.201834386546,True,body,high
-0.0122190195102553,0.0025272165152922,-0.0029150036760904,0.0006631733683714,0.0005389541977361,0.1217846421664496,0.1217846421664496,0.1217846421664496,False,0.7419938899110783,4.855788170958864e-05,0.0001104298858858,3.6788799174310605e-05,3.0017257525206595,0.560283148714043,0.1065751579916035,0.3331416932943535,0.5571748850946283,-0.0329001003854443,0.8297431715985467,18094.51257224286,True,body,high
-0.0114959225707661,0.0009993310039534,-0.0044234885282175,0.0018928398233638,0.0010644263007318,0.5206990231508437,0.5206989643012843,0.5206989643012843,False,0.1171686530988581,5.087478185487421e-05,4.252616356228648e-05,2.2592347028090017e-05,2.2518590827070537,0.164101308903949,0.3918211696918881,0.4440775214041628,0.6682115813801466,0.5116472852462293,-0.5401021551610474,9742.09075741938,True,wing_L,high
-0.0116128098121286,0.0017880666877823,-0.0039695436475045,0.0010451799626069,0.0004544558616976,0.4074325601658396,0.4074325601658396,0.4074325601658396,False,0.2674653387599895,4.32623514999693e-05,3.298560163871162e-05,1.8558524876027066e-05,2.331130937882534,0.2375448745837353,0.3334787930493051,0.4289763323669595,-0.3290764735533023,-0.854612306248645,0.4016795744895363,8700.096565681,True,wing_L,high
-0.0113275876779157,0.0028488658219636,-0.0041666693893512,0.0011508656021303,0.0006964876832373,0.3745614661416451,0.3745614913628849,0.3745614661416451,False,0.3330341847709691,7.739646748017992e-05,3.327088969568428e-05,7.118519267401885e-05,2.3262518131644487,0.080252691219424,0.4898712333097613,0.4298760754708147,0.2745997524828634,-0.6365607579203121,-0.7206839650028768,16922.346572636507,True,body,high
-0.0120781337239975,0.0027936164274812,-0.0037088415579365,0.0003587185034378,0.0003395171198646,0.2831864697103599,0.2831864697103599,0.2831864360820402,False,0.1529274155045369,2.386755426059937e-05,6.038338717381956e-05,2.6493682383504725e-05,2.529936101308069,0.561242195519108,0.0434909044659217,0.3952669000149702,-0.7811448553299558,-0.2233119345668739,-0.5830475922868923,10711.976277190712,True,body,high
-0.0123848397794848,0.0025063431312585,-0.0032162321880123,0.0003828529940413,0.0002215128610575,0.136835433822311,0.136835433822311,0.136835433822311,False,0.1608465890910418,9.091250154860382e-05,5.09957351611548e-05,0.0001141038499152,2.237517501309174,0.2032477290103772,0.3498283924434667,0.446923878546156,0.7343641560981757,0.6281488521395511,-0.2571736879892237,16059.838885249708,True,body,high
-0.0123104453034992,0.00262911992665,-0.0030562583637035,0.0005364366380663,0.0003593232885879,0.1111956223418343,0.1111956223418343,0.1111956223418343,False,0.3446494301648513,9.571832499487045e-05,9.332088535504028e-05,4.606760017317641e-05,2.0777797114468304,0.0250468198222088,0.4936702056204617,0.4812829745573293,0.5190955804714253,0.0109668779511531,0.8546458365446113,20259.84191513912,True,body,high
-0.0126910692513783,0.0026184679287138,-0.003521616264114,0.0004507711909119,0.0002427924937603,0.1624345886642542,0.1624345886642542,0.1624346222925739,False,0.2481355608021755,2.933626677395987e-05,3.285722231000743e-05,8.322987470097212e-05,2.837098371864089,0.6052232154853446,0.0423039869842124,0.3524727975304428,-0.8027170127546959,-0.4988614055189497,-0.3267762162670891,11145.033602549374,True,body,high
-0.0124252803074541,0.0025885948807712,-0.0032132891989536,0.0004081469748041,0.0001719797051512,0.2383546398862832,0.2383546398862832,0.2383546398862832,False,0.2923548809418282,4.893284562692695e-05,4.190096834896095e-05,8.161134570263789e-05,1.9477198002432723,0.4004161406035323,0.0861629864992989,0.5134208728971688,-0.7161288457476438,0.1072157230172826,0.6896841777408185,25682.672244791007,True,body,high
-0.0119291293762544,0.0022801048830088,-0.0027097894753099,0.0009554354712017,0.0009287555403241,0.1973942199267252,0.1973942199267252,0.1973942199267252,False,0.2024696395289919,4.3589605277723e-05,9.88211921413336e-05,0.0001075266237995,2.4667950791136364,0.0809607086193309,0.5136549899172017,0.4053843014634673,0.6258467980679332,-0.7764103775248388,-0.0741802603113042,4767.683466057942,True,body,high
-0.0115903218396581,0.0030216275823557,-0.004267173931279,0.0010864192215992,0.0008015561481873,0.3671320119098565,0.3671319866886168,0.3671320119098565,False,0.0583414263719493,6.484873747947972e-05,6.916739912736218e-05,2.6488200154048007e-05,2.611253264665165,0.0624378204525262,0.554604305054121,0.3829578744933528,0.3626368236851556,-0.6313844730736291,-0.68545472590761,6769.600380208138,True,wing_R,high
-0.0124123536011899,0.002597796364886,-0.0031632632329685,0.0004503044348816,0.0002165864593604,0.1357511895381135,0.1357511895381135,0.1357512567947529,False,0.0573262270168656,0.0001158633152031,9.727083520163676e-05,0.0001022140158801,1.191141362804223,0.117805185351948,0.0426638981447678,0.8395309165032842,-0.4416036873360834,0.5380257198582481,0.7179933900128807,17276.231588919327,True,body,high
-0.0119230208438582,0.0028011958169934,-0.003758762785477,0.0004775968302587,0.0004038812681413,0.3405811167704664,0.3405811167704664,0.3405810663279868,False,0.2574666862584527,3.676680774776357e-05,8.612299983252341e-05,7.459973392724552e-05,2.342411678037565,0.1338000990175246,0.4392894610388939,0.4269104399435815,0.1827165097817076,-0.6339624250310226,-0.7514694409634873,8587.318721296764,True,body,high
-0.0122744081390585,0.0026222369145734,-0.0029960460575043,0.0005915592533779,0.0004288980816527,0.1406766958982067,0.1406766622698869,0.1406766622698869,False,0.4092096778881536,4.665105427260271e-05,4.066909503486417e-05,8.007024750546661e-05,1.968822946191088,0.417373422388663,0.0747088890580753,0.5079176885532617,0.8175226530883051,0.3866913092449546,-0.426762865115841,13222.20549737803,True,body,high
-0.0123064545807881,0.0026429968040966,-0.003112848808122,0.0004848418621755,0.0003189690390883,0.1264044334720288,0.1264044334720288,0.1264044334720288,False,0.2372968947967002,0.0001167833462875,4.096153368016082e-05,0.0001014024774472,2.8510491623547924,0.1317042997074955,0.5175476271957709,0.3507480730967336,-0.0438467812587973,0.6789310413601906,0.7328916023879728,33210.03744451518,True,body,high
-0.0131570903757562,0.0025331054643742,-0.0035128119033918,0.0009030122744939,0.0005824808205325,0.1151229729161962,0.1151229729161962,0.1151229729161962,False,0.1219332846321627,6.896216297910602e-05,0.0001558470605856,9.802457800415326e-05,2.259892292427678,0.3710206811998348,0.1864803539819104,0.4424989648182547,0.1919552186998054,-0.8408574335160615,-0.5060750641107423,4857.507660998898,True,body,high
-0.0125690306424422,0.002626275755758,-0.00323743034255,0.0004753674640594,6.838564032031732e-05,0.1078994080718525,0.1078994080718525,0.1078994080718525,False,0.9853709942205716,5.487697518366568e-05,2.7380522685393857e-05,7.54697348431518e-05,2.7563292238906434,0.2728611635152012,0.3643374732323824,0.3628013632524163,-0.2143905578964271,0.8248410294985211,0.5231385712606925,21861.912701068224,True,body,high
-0.0124510993567694,0.0029236027120492,-0.0038825657598035,0.0005484767884763,0.000541609034766,0.1725163252859937,0.1725163252859937,0.1725163589143134,False,0.1208695088811438,3.490901676530192e-05,2.4644433008980742e-05,6.702732351861822e-05,2.719775435458086,0.4791822956259738,0.1531402899217656,0.3676774144522605,-0.4608973124968326,0.5063552428984848,0.7288196178221422,8891.48048676478,True,body,high
-0.0124522453010793,0.0024309714642388,-0.0033341060139768,0.0003221324980315,0.0001862332931994,0.1611093638409909,0.1611093638409909,0.1611093638409909,False,0.416103430565612,3.908207842586917e-05,7.147157352715858e-05,9.207744609527229e-05,2.356001773803424,0.22378848938526,0.3517636128588546,0.4244478977558853,0.2178300929666938,-0.9583686481137468,-0.1846065678971125,13316.056383452162,True,body,high
-0.0123163289320337,0.0026575831553035,-0.0031030893335347,0.0004993470871377,0.0003203598159767,0.1022661937233922,0.1022661937233922,0.1022661937233922,False,0.884840225023345,6.262110848625315e-05,0.0001429930495973,7.265512830191205e-05,2.2834640435782823,0.491897483783391,0.0701713813637217,0.4379311348528873,0.3561102675308512,-0.8669760142755166,-0.3486231031214729,29053.131884542687,True,body,high
-0.0125083432737593,0.0024941685061748,-0.0033677293140603,0.0003277893270913,0.0001248803012245,0.1003153476401819,0.1003153476401819,0.1003153476401819,False,0.1834811707626802,5.93310652218002e-05,0.0001371586246511,5.9528867184250986e-05,2.3117505835836942,0.5659852427387495,0.0014421401713081,0.4325726170899423,0.2627642300797342,-0.8911676951114935,-0.3698311757819679,19685.261118785125,True,wing_L,high
-0.013254360598807,0.0028021556679261,-0.0038233395585027,0.0010679584170448,0.0008420194865371,0.1923922091392842,0.1923922091392842,0.1923922091392842,False,0.0840414741493167,0.0001110614637021,0.0001370437608827,5.18676599323412e-05,2.642181294886219,0.1895912445281694,0.4319335910554299,0.3784751644164006,0.8520792651397413,-0.3069382591698784,0.4239691391795906,4025.7219761533374,False,body,high
-0.0122249011669717,0.0025235194628489,-0.0028680299091044,0.0007097069350962,0.0005732745171337,0.1308644566306498,0.1308644566306498,0.1308644566306498,False,0.2009013858905723,7.011038035756461e-05,3.297846155430842e-05,7.539384093607178e-05,2.286153973917624,0.0700781458128276,0.4925059970713154,0.4374158571158569,0.9790393777023044,-0.1570795096341444,0.1296453800232819,16059.046088849222,True,body,high
-0.0127901078291639,0.0025755034430016,-0.0030342139437246,0.0007636893824492,0.0002003331316408,0.1115389674861075,0.1115389674861075,0.1115389674861075,False,0.1172685466731094,0.0001086552754706,4.810296214017578e-05,0.0001205758550167,2.506620167493894,0.0988637363961456,0.5021926929073037,0.3989435706965507,-0.1732171371137804,0.65170047975907,0.7384323314237425,4885.686443022072,False,body,high
-0.0123698815960076,0.0025897987234738,-0.0031928592203844,0.0004079544528006,0.0002199931433764,0.092167642941796,0.092167642941796,0.092167642941796,False,0.2234493687888024,8.191365364226568e-05,0.0001861687256214,0.0001184788883748,2.2727435212994136,0.3635940302034977,0.1964091154975789,0.4399968542989234,0.2280327534677946,-0.8459632996268139,-0.4820240232917954,18318.73265435228,True,body,high
-0.0125027975286187,0.0025109921265385,-0.0033223085233996,0.0003541776688236,0.0001215338607248,0.0687573554299941,0.0687573890583138,0.0687573890583138,False,0.3077854392575598,0.000105421934211,0.0002373093244778,0.0001173468021448,2.2510431652935736,0.5055112039823463,0.0502503134252581,0.4442384825923955,0.3057989884993424,-0.8956619634977553,-0.3229189151724083,22177.269253091483,True,body,high
-0.0130297355642683,0.0024089254624517,-0.0034609349618591,0.0007885178576451,0.0005231211857238,0.2410308824540299,0.2410308488257102,0.2410308824540299,False,0.1705925880982657,2.633734255515484e-05,6.989341374447495e-05,6.29231225624126e-05,2.6537762341855995,0.0997274393771236,0.5234510384771391,0.3768215221457372,0.2795705903054311,-0.7242131782477892,-0.6303614498749973,4028.731077810911,True,body,high
-0.0117478984447937,0.0009476494533823,-0.0042733489947513,0.0017861486359664,0.0012145805298941,0.5217097979635476,0.5217097979635476,0.5217097979635476,False,0.2816128215043083,1.6509867452884843e-05,4.325554443362429e-05,1.4690188998391392e-05,2.944519259647433,0.6183178903638754,0.0420680973576867,0.3396140122784378,-0.5616544434965614,0.5054245601469255,0.6550498455086109,7026.211054688036,True,wing_L,high
-0.0124967918010164,0.002695420410987,-0.0032403273845674,0.0004524477412934,0.000105997942947,0.3962377345686685,0.3962377681969882,0.3962377345686685,False,0.1137971275645326,4.7720019875187735e-05,2.036516222667952e-05,5.37513409572687e-05,2.639377008588294,0.112207825417337,0.508914887728193,0.37887728685447,0.1913773513115944,0.7299709881072896,0.6561379930522435,12839.196856114386,True,body,high
-0.0120844834889297,0.001955421029144,-0.0037473485035912,0.0006068098533017,0.0004456305558256,0.3413879274170288,0.3413879274170288,0.3413879610453485,False,0.11645014378624,1.556951582251421e-05,1.521054547333048e-05,4.116434638434892e-05,2.706303101129721,0.621771819789324,0.008720419020675,0.369507761190001,0.8083470325331452,-0.495496007116633,0.3178974393201866,5861.414302299034,True,wing_L,high
-0.0120407908593229,0.0025903134754545,-0.0030157306890665,0.0006063738981192,0.0005659091395768,0.1077020434634549,0.1077020434634549,0.1077020434634549,False,0.2849965009723815,0.0001131544678296,5.011609515285373e-05,0.0001200281400736,2.3950018393797965,0.0572671728455514,0.525196613378948,0.4175362137755006,-0.0958177225653759,0.6008905936737857,0.7935675513002973,6634.250281265131,True,body,high
-0.012713926900896,0.0024905951314669,-0.0031913081381778,0.0005985762570577,0.000217694602551,0.094741554532655,0.094741554532655,0.094741554532655,False,0.3848628041613334,8.092266478019526e-05,0.0002014242815083,0.0001484320987176,2.489096003640708,0.2630873616324347,0.3351603561987227,0.4017522821688425,0.3051641523951441,-0.8287370970860055,-0.4691158321847751,6118.163859833196,True,body,high
-0.011744464055663,0.0012028957069108,-0.0042617400580212,0.0015634788014876,0.0009770238117763,0.5411394823549516,0.5411394823549516,0.5411394823549516,False,0.0597050203162589,6.310665464187108e-05,4.38381114498438e-05,2.1637334370708865e-05,2.916563267945821,0.3053329843164061,0.351797717770398,0.3428692979131959,0.7147118680439642,0.5513527964811645,-0.4303452561484862,8445.558215081855,True,wing_L,high
-0.0118664436316119,0.0031797170327958,-0.0043382707334658,0.0010853530303494,0.0009484457687574,0.4756817520594779,0.4756817520594779,0.4756818130108073,False,0.047606375277672,1.7559952857612304e-05,1.7009191531645296e-05,3.9187064123590514e-05,2.303875763329708,0.5518941454192468,0.0140546718230787,0.4340511827576745,0.5994065154271605,-0.2298368830347743,-0.766737788595507,7217.677281181305,True,wing_R,high
-0.0119848255247239,0.0020292148100757,-0.0041654271848345,0.0008081305371949,0.0003737301650427,0.4609349099713455,0.4609349099713455,0.4609349099713455,False,0.1050843278161477,1.6580492866727222e-05,4.7528356321457206e-05,1.5992987263549567e-05,2.9718248091012684,0.6511452499096466,0.0123611597086183,0.336493590381735,-0.6328011892958529,0.5398405067820999,0.5550989840226691,3372.9375324593684,False,body,high
-0.0130405580792179,0.0024360408429443,-0.0037208562429958,0.0008006421778631,0.0006646419727175,0.4212033150530525,0.421203373902612,0.4212033150530525,False,0.158881997906802,5.349549165036951e-05,2.4913802498307573e-05,5.613255647034377e-05,2.253070621160978,0.0469792396034463,0.5091820317708557,0.4438387286256979,0.1684878868278642,0.6788779219953146,0.7146583792411618,4355.830462988407,False,body,high
-0.0125372422598986,0.0025523401281135,-0.0033200369270127,0.0003826140094769,8.80508460926228e-05,0.2769137960483905,0.2769137960483905,0.2769137624200708,False,0.1563188291322828,2.626069599256592e-05,6.604494956315984e-05,2.948059152740785e-05,2.5149733115168145,0.553628373972561,0.0487530924944185,0.3976185335330204,-0.4820630486196047,0.6547664915052611,0.5821477980353988,22378.41073132912,True,body,high
-0.0124534167955627,0.0023463194178416,-0.0034235063068992,0.0002994218645043,0.0002388337058988,0.1217690722544223,0.1217690722544223,0.1217690722544223,False,0.4445549999657426,6.629598124390937e-05,3.625106271461617e-05,8.550903478302426e-05,2.3588007738197323,0.2246903334585315,0.3513654271216015,0.423944239419867,0.9555435431899004,-0.2791477773575894,0.0949371132087358,10561.323132117948,True,body,high
-0.0111944158513341,0.0030468030260287,-0.0041526392721892,0.0013213372486533,0.0009313304657263,0.5128968357760075,0.5128968357760075,0.5128968357760075,False,0.1073581903662297,5.745624914421431e-05,2.5562278478200146e-05,4.3256905761203874e-05,2.247696706426768,0.2471331420777276,0.3079669756824969,0.4448998822397754,-0.4725505426251153,0.4435642614692374,0.761542336716718,6468.899639622662,True,wing_R,high
-0.0120243673700116,0.001969605281855,-0.0037429385584479,0.0006127490652115,0.00041866514975,0.326365333107247,0.326365333107247,0.326365333107247,False,0.134417961497927,8.19150597953923e-05,5.043277371643908e-05,4.026154172933952e-05,2.0345733490801448,0.384328427002187,0.124168034699667,0.4915035382981459,-0.2551560043111331,-0.8412845001432441,0.4765876658944386,6122.108029099421,True,wing_L,high
-0.0122826988915861,0.0028469088241077,-0.0038310237284451,0.0004213631808888,0.0004204741494188,0.1738618279860441,0.1738618279860441,0.1738618279860441,False,0.0452811817628634,3.0072051380298144e-05,3.320730097640372e-05,7.516296101152879e-05,2.4994291231083814,0.5581959447910753,0.0417126940438746,0.4000913611650501,-0.8224647419207207,-0.4767410397613335,-0.310273636173887,6483.0123402403815,True,body,high
-0.0127784457670978,0.0026969451614624,-0.0034054666154418,0.0005796505361379,0.0002112562213816,0.1205839766394045,0.1205839766394045,0.1205840102677242,False,0.0885457729023495,9.613736643639038e-05,0.0001000598010105,0.0001291976851313,1.3438862527698328,0.225529459689206,0.0303599446863963,0.7441105956243975,-0.8627947789061317,-0.2960350157262331,-0.4098151277787197,22089.916046267528,True,body,high
-0.0128499451927764,0.0022708234112149,-0.003166515081354,0.0007606276167495,0.0004707186156749,0.1701302614890534,0.1701302614890534,0.1701302614890534,False,0.1597041931204153,0.0001247401437854,5.028111364797891e-05,0.0001206288195853,2.480854832665669,0.0329591106385194,0.5639540231600013,0.4030868662014794,-0.06039641783881,0.6425296198975265,0.7638769274343741,3557.2832146617075,True,body,high
-0.0128062102173069,0.0026098413585704,-0.0032818043951129,0.0006314857940225,0.0001737559171135,0.0684065784270642,0.0684065784270642,0.0684065784270642,False,0.5283954592502645,8.792553923256935e-05,0.00020018908347,0.00015052583002,2.2768024537281737,0.2480817264818433,0.3127058164327649,0.4392124570853917,0.3618616703365087,-0.721827771447755,-0.589932877459834,13284.357558936215,True,body,high
-0.012450135446776,0.0024933393208709,-0.0033165184143363,0.000324973157357,0.0001410182951643,0.1147850419313968,0.1147850419313968,0.1147850755597165,False,0.1105881175216245,5.735349177318958e-05,8.744854409603351e-05,3.397035356386844e-05,2.574260639696302,0.3441458360907004,0.2673931104403801,0.3884610534689195,0.7935007488733407,-0.3605602667206742,0.4902579480230421,17065.49177811606,True,body,high
-0.0121474781093457,0.002363804334884,-0.0027969731535439,0.0008013392132509,0.00071885003636,0.2286768130126206,0.2286767457559812,0.2286767457559812,False,0.0400226553115791,2.633211868587774e-05,7.042191407882818e-05,6.0011723379417285e-05,2.6743732594748018,0.1478260117689792,0.478254604892443,0.3739193833385777,0.1672239455515961,-0.7484050537307526,-0.6418146364679028,5779.450479241568,True,body,high
-0.0126888438030087,0.0026064733820637,-0.0032905427523156,0.0005270761579249,0.0001038544124828,0.0863997808012034,0.0863997471728837,0.0863997808012034,False,0.171360274822256,7.367410911036315e-05,0.0002014911410234,0.0001185313274629,2.734897557045198,0.4117293352905076,0.2226262560463734,0.3656444086631188,0.2908355818051409,-0.8127714794129957,-0.5047942022338171,15789.796307124205,True,body,high
-0.011905252224502,0.0012907923130251,-0.0041306416050353,0.0013859609146523,0.0009639469173408,0.4654530008310316,0.4654530008310316,0.4654530008310316,False,0.0563390686712313,5.33870369733365e-05,2.1512544519586088e-05,2.0267936798202604e-05,2.6340637187141294,0.5970455425287928,0.0233129199885187,0.3796415374826885,0.8776507290548272,-0.2879302786848173,0.3831779644055927,5858.453748740121,True,wing_L,high
-0.0122611285731712,0.0030085801889313,-0.0031365690564417,0.0006638807432313,0.0004981143972912,0.2148442913091742,0.2148442913091742,0.2148442913091742,False,0.0157299102940834,7.146980137342473e-05,2.9322085739802554e-05,3.1167597979096336e-05,2.4374051016572054,0.5639053505095417,0.0258222662415291,0.4102723832489291,0.6775095346763975,0.7321970521640834,0.0697732557990367,5091.229886709588,True,body,high
-0.0121613774457518,0.0029150210266444,-0.0031788452339583,0.000574573895134,0.0004833666146321,0.2488517871414416,0.2488517871414416,0.2488517871414416,False,0.0106969060571454,4.818762925289287e-05,1.796874785253178e-05,2.0537693601013785e-05,2.681746644138216,0.5737973849423017,0.0533113122249685,0.3728913028327297,0.2195297536947075,0.5677235739320199,0.7934082371923015,4754.092189606748,True,body,high
-0.0125248335293573,0.0021018234774689,-0.0030110229969144,0.0007485120986204,0.0006293332706616,0.3691387818887501,0.3691387818887501,0.3691387818887501,False,0.0613726397460571,5.86373768009798e-05,4.0481151555813466e-05,2.0523185301186047e-05,2.8571284593718067,0.3096357005667237,0.3403625356974347,0.3500017637358415,-0.3487526050065103,-0.7988677402410006,0.4900836195012135,3163.7957401291155,False,body,high
-0.0119717841519067,0.001114746142234,-0.0042134297521647,0.0015614074755091,0.0011487759799716,0.5715344559420135,0.5715344559420135,0.5715344559420135,False,0.05518718928872,6.041103482241428e-05,3.9044824618265904e-05,2.670155130343709e-05,2.2624541224553507,0.3536805861206814,0.2043215010488298,0.4419979128304888,0.6429789890539513,0.4584489610821249,-0.6135165602637629,6743.952742658525,True,wing_L,high
-0.0119484034259942,0.0030005017258212,-0.0043819489117076,0.0009908994739862,0.0008207239177231,0.3813490314138253,0.3813490902633848,0.3813490314138253,False,0.0482637385013639,7.019621740822915e-05,2.9607832141740727e-05,7.213201533070783e-05,2.436247780161421,0.0268368756037596,0.5626958442849613,0.410467280111279,-0.3027485788375308,-0.4454282732389383,0.8425775640326727,4729.564317182034,True,wing_R,high
-0.0132057851285833,0.0026035743887265,-0.0032592979307423,0.0010051114593239,0.0004384436041751,0.1506975988895847,0.1506975988895847,0.1506975988895847,False,0.0941577298726454,8.638112014258491e-05,8.628857524406024e-05,3.0742296513649224e-05,2.8098460407547203,0.001071355619977,0.643037259052946,0.355891385327077,0.9084739242053606,-0.3802961822681493,0.1733491932233406,4309.849258184506,True,body,high
-0.0129990022973626,0.0018176478159494,-0.0033454382553271,0.0010423876997739,0.0009431174953809,0.3630168471698958,0.363016821948656,0.3630167883203363,False,0.0059132603897601,5.894198382859768e-05,1.968790722993245e-05,2.202356092989161e-05,2.99381661749124,0.6263518887668293,0.0396263163919152,0.3340217948412554,0.3039430273929709,0.5065751364772145,0.8068458757422554,1766.508509070928,False,wing_L,high
-0.0116172007774243,0.0029035816419046,-0.0040608927091754,0.0008925029418463,0.0006362130505745,0.4368066494265838,0.4368066200018041,0.4368066200018041,False,0.0357466485014511,2.743138401534299e-05,6.775542472518599e-05,5.016692639578544e-05,2.469996580824681,0.2595880462817403,0.3355530936844855,0.4048588600337741,-0.4114661744075685,0.6170211889363801,0.6708058137210327,7160.621588631174,True,body,high
-0.0133503145276103,0.002450654321358,-0.0035260890444371,0.0010965916347557,0.00075773747919,0.2510088757094537,0.2510088757094537,0.2510088757094537,False,0.0360550372951951,3.704051079126624e-05,1.4329432790723094e-05,1.2870889979687118e-05,2.877851558806244,0.6131415986276889,0.0393769626789241,0.3474814386933869,0.7361445701502883,-0.5467100435566221,-0.398997869809556,3724.220376759162,False,body,high
-0.0123493149886689,0.0022530246070187,-0.0038079021607156,0.0003590299302629,0.000320573334822,0.365464391942352,0.365464391942352,0.365464391942352,False,0.021435315582307,6.040199034451484e-05,2.394797055709557e-05,3.145749593072112e-05,2.522217496489207,0.4791976928028862,0.1243257934182874,0.3964765137788263,0.2850875948710807,-0.6689263672176771,0.686485672459072,5335.846982191976,True,body,high
-0.0119663440867996,0.0027645873303765,-0.0034539363852844,0.000404088144438,0.0004012193811203,0.3460339319978245,0.3460339319978245,0.3460339656261442,False,0.0517251517205833,4.030153222745352e-05,9.775608776512032e-05,9.089845708485488e-05,2.4256171505689945,0.0701504206750002,0.5175833650275692,0.4122662142974305,0.7807614533524317,-0.5804287871225496,0.2313308799932349,4261.029980019496,True,body,high
-0.0118112469390255,0.0031397028680979,-0.0043603955929154,0.0010983789887643,0.0009239187442128,0.3737458028399181,0.3737457776186783,0.3737458028399181,False,0.0552415775329648,7.579995006718308e-05,7.445388949743898e-05,2.9984536120796523e-05,2.5279680753376783,0.0177580667078417,0.5866673175540134,0.3955746157381449,0.4378173134727008,0.2060132694842551,-0.8751425785664615,8903.152199059283,True,wing_R,high
-0.0119963850872196,0.0011190284790876,-0.0042153606840895,0.0015540590275561,0.0011550447185126,0.5320126407874022,0.5320126407874022,0.5320125798360728,False,0.0516847392850956,4.344940679497017e-05,4.527313967653618e-05,1.6909368177822814e-05,2.6773998413443607,0.0402828894703586,0.5862204125176307,0.3734966980120107,-0.5684130616355197,-0.4525347924957188,0.687109054621602,6432.653443833191,True,wing_L,high
-0.0119536456331631,0.003210596311537,-0.004242838605497,0.0010117051321141,0.0009308505053798,0.4318891508101224,0.4318891508101224,0.4318891508101224,False,0.0276350309634849,6.722398056166952e-05,3.271392697481754e-05,2.8739839240102536e-05,2.3390520733278004,0.513359269988384,0.0591171141832233,0.4275236158283927,-0.4167487779836972,0.9046222495653312,-0.0893254814734008,4475.363456275943,True,wing_R,high
-0.0112598294418547,0.0028919334168821,-0.0039910825627777,0.0011443773502099,0.0007749005555881,0.4784955680831718,0.4784955680831718,0.4784955680831718,False,0.1600462811237209,2.194171648335124e-05,1.464942153372125e-05,3.844850983184053e-05,2.6245752942078,0.4293220574915351,0.1896639162746169,0.381014026233848,0.6923795267895647,-0.0718379367720249,-0.717948397674232,5158.744881212481,True,wing_R,high
-0.0121422565112947,0.0023598578215167,-0.0036379859882854,0.0001997206429144,0.0001055522777603,0.3264931879787972,0.3264931879787972,0.3264931879787972,False,0.0215903380777009,2.3336596583305016e-05,6.445069551473656e-05,3.330552469665199e-05,2.761786419226381,0.4832402593849941,0.1546752604255076,0.3620844801894982,-0.4861173884353378,-0.841135756416737,0.2370243108587181,4023.261607189522,True,body,high
-0.0119403133915623,0.0011995584990866,-0.004145631998413,0.0014647255260976,0.001060654680747,0.4516718716071871,0.4516719304567466,0.4516718716071871,False,0.039484563004575,6.015497317680187e-05,0.0001281321871721,5.666611554515639e-05,2.26117823569612,0.5305241055787023,0.027228580957243,0.4422473134640546,0.1904162126053372,0.7370006669062874,-0.6485149828313352,7267.401157090772,True,wing_L,high
-0.0117548061131167,0.0012125982213806,-0.0041051864294854,0.0014895519501534,0.000989415528499,0.4672825642774257,0.4672825642774257,0.4672825642774257,False,0.2394824578708555,1.8422778494860835e-05,4.473319023438868e-05,1.9694010327420703e-05,2.42814569186007,0.5597450075831856,0.0284180901451246,0.4118369022716897,-0.423583099761182,-0.8451276236041351,0.3260930195786715,6346.014812931611,True,wing_L,high
-0.0126973511826763,0.003017990309901,-0.0037250771127657,0.0006873405507375,0.0005654420263487,0.4071663079445092,0.4071663079445092,0.4071663079445092,False,0.0626024323406859,3.143320514715372e-05,2.806540829731476e-05,1.3955665140709994e-05,2.252361663182939,0.1071413759453645,0.4488801918401376,0.4439784322144978,-0.570865886378217,-0.7901869592603581,0.2229724404146885,5848.408124028235,True,body,high
-0.011213087095444,0.0026844262733559,-0.0042525122915601,0.0012550504605316,0.0005946067202566,0.4517306707242058,0.4517307295737653,0.4517306707242058,False,0.1470811342426788,6.486710791987986e-05,3.122075958492345e-05,2.224609452637897e-05,2.915887453546588,0.5186966000783394,0.138354635289575,0.3429487646320855,-0.4059116355197019,0.1764975377042339,0.8967075127008044,10557.675715272746,True,wing_R,high
-0.0132429055125484,0.0031076735403355,-0.0036303324134995,0.0011535623334348,0.0007590255123941,0.4379403315442999,0.4379403903938594,0.4379403903938594,False,0.0752649168713304,4.8590910830230365e-05,1.968786967826533e-05,4.944646854220609e-05,2.511519496535125,0.0173027060819408,0.5845319595937215,0.3981653343243376,0.1075891757158196,0.7811755147906998,0.6149710435136564,4640.919848599331,True,body,high
-0.0116049293397637,0.002800807323604,-0.0038956914573107,0.0007809129988226,0.0005372062715424,0.3936077393476075,0.3936077729759272,0.3936077393476075,False,0.1404608407898438,7.96974838283914e-05,8.580499335277282e-05,2.8795477355835403e-05,2.979807984859971,0.0711789522466532,0.5932289542087714,0.3355920935445753,0.3864464268933379,-0.6560391044780699,-0.6482837746982293,20599.15370516391,True,body,high
-0.0122130173220544,0.0023627682749793,-0.0039784366504136,0.0004304823324796,0.0002788351360298,0.7401694576226254,0.7401694576226254,0.7401694576226254,False,0.0439758693804735,7.827720881976231e-05,3.336188746558909e-05,3.336860139624473e-05,2.3463063623273968,0.5737124266518264,8.577120667524836e-05,0.4262018021414984,-0.2217917486887617,0.4255637355760304,-0.8773277193706782,3961.289217575481,True,body,high
-0.0127167810107732,0.002498895784507,-0.004012717079065,0.0006339033151081,0.0006314404323992,0.2018915032635886,0.2018915032635886,0.2018915032635886,False,0.037577987339559,7.3081255238389e-05,2.8478597933288e-05,3.256672178190873e-05,2.566181643126677,0.5543765405277045,0.0559394311890974,0.3896840282831981,0.3464522440189136,0.9186944086703082,0.189661345803967,2866.060246634333,False,body,high
-0.0121944546851653,0.0013264463706467,-0.0040961404526385,0.0012955639461502,0.0010520227577637,0.5891686087465733,0.5891686675961328,0.5891686675961328,False,0.0947560611196284,5.281046793580102e-05,1.9696151554403825e-05,2.531726593396639e-05,2.6812582036612747,0.5206013708353561,0.1064393973254671,0.3729592318391768,-0.5018203061701748,-0.6405219981515682,0.5812985035239594,5760.528446408847,True,wing_L,high
-0.0125693709168068,0.0027066178182834,-0.0037359641105553,0.0004013330253091,0.0003536318337612,0.2568987413939663,0.2568987413939663,0.2568987413939663,False,0.0431793740415512,0.000117615078349,4.168212217031171e-05,0.0001114765827913,2.8217152156628296,0.0521913996393609,0.5934142254608684,0.3543943748997706,0.1169706816154205,-0.6190751077103909,-0.7765718708888394,5275.637304048041,True,body,high
-0.0130076490525278,0.0024191471572985,-0.0026163533613091,0.0012228462851917,0.0005374033653716,0.3318945182486742,0.3318945182486742,0.3318945014345144,False,0.0268066690014726,9.271062953379913e-05,3.373554795721962e-05,5.838270817197913e-05,2.748158401083818,0.3702695314921275,0.265850424473431,0.3638800440344415,-0.1040530434179065,0.6077752819297042,0.7872624535888522,3011.442140375165,False,body,high
-0.0115630000164492,0.0017059062048803,-0.0039391522061891,0.0011232766177685,0.0005395722200485,0.4229516429878691,0.4229516429878691,0.4229516429878691,False,0.0329558068125918,2.615739223672195e-05,1.528676124202168e-05,4.306612007981129e-05,2.8172167667162293,0.3926225026018975,0.2524172359746948,0.3549602614234076,0.1376467691496083,-0.7041113011762254,0.6966208742914592,6442.547661829543,True,body,high
-0.0120925173988035,0.00229647828613,-0.0040714015305486,0.0005637261966291,0.0002728352346831,0.3703346301589962,0.3703346301589962,0.3703346301589962,False,0.0235659704000601,2.6851678051830223e-05,5.137624449309687e-05,6.250321260397744e-05,2.327720914995746,0.1780223391296929,0.3923728944407251,0.4296047664295819,0.3365846448953581,-0.713183959052259,0.6148816287475269,3721.739652923044,True,body,high
-0.0117054265528978,0.0028170130794306,-0.0037816713299828,0.0006624810628907,0.0005129044754881,0.3656521220371517,0.3656521220371517,0.3656521220371517,False,0.0924385949277968,7.856626719438857e-05,3.0779259571806355e-05,6.921213661990822e-05,2.5525717085915502,0.1190603920552362,0.489177842101258,0.3917617658435056,0.3432309235233201,-0.671680079655167,-0.656535150415998,8592.30041671938,True,body,high
-0.0132439540213124,0.0028517785038081,-0.0034666521905931,0.0010500482070224,0.0005638302705675,0.1960942163432469,0.1960942163432469,0.1960942163432469,False,0.018445876045106,9.425281977806218e-05,0.0001205683234007,5.2344203743459216e-05,2.3033748682396724,0.2182621677103437,0.3475922601604272,0.434145572129229,0.8046032888984854,-0.2906276187303966,0.5178311836157028,5547.119704894298,True,body,high
-0.0120141060895042,0.0028205301887117,-0.0037933210722054,0.0004482764532749,0.0003987859393421,0.2920833965577991,0.2920833629294794,0.2920833629294794,False,0.0466079218330115,2.468171305669683e-05,7.3164589095479e-05,2.7543054884980818e-05,2.964323786092612,0.6235466470120208,0.0391082880893374,0.3373450648986419,-0.4601091442297094,0.6593764813493137,0.5945773551352272,9047.376742513923,True,body,high
-0.0120237039902824,0.0028279688881911,-0.0037206064733214,0.0004181571527774,0.0003900997592869,0.3936219557197664,0.3936219557197664,0.3936219809410061,False,0.0939647837721947,7.95766508607882e-05,7.498854880230356e-05,3.0122539976912743e-05,2.6417643041317,0.0576563854956786,0.5638087094652883,0.378534905039033,0.308512950554991,-0.6579505571756977,-0.6869649362609731,9967.408689657852,True,body,high
-0.0121540245321127,0.0027997113857332,-0.0031317225506729,0.0005400295678296,0.0004514526022773,0.1354359240408009,0.1354359576691207,0.1354359240408009,False,0.0461096814594292,5.097127846613649e-05,3.1777353318186724e-05,7.5400959487913e-05,2.3727891600323976,0.3239969515997028,0.2545581021555384,0.4214449462447587,0.9382235961776711,-0.3317110739993971,0.0985101363393836,5984.214984600036,True,body,high
-0.0130767899663089,0.0022337878370993,-0.0026639560130571,0.0012583742664548,0.0006824350105587,0.4032534091405442,0.403253442768864,0.403253442768864,False,0.0056278149149397,4.7407578744006666e-05,1.8182829229421294e-05,1.6506041852296403e-05,2.872134892679379,0.6164573321154903,0.0353696059058251,0.3481730619786846,-0.8553722688303443,0.4345582658571039,0.2819528245847087,2238.3503881086253,False,body,high
-0.0120530535789111,0.002065865859051,-0.0039259508700364,0.0006017474505602,0.0003225762128654,0.3689520438293819,0.3689520438293819,0.3689521026789414,False,0.1406345019935759,1.5390884665144184e-05,1.643841409634698e-05,3.708614291418592e-05,2.409617362553245,0.5567505055895398,0.0282458446440948,0.4150036497663653,-0.6223472777732901,-0.5231858524725366,0.5822030827990865,5712.100265177418,True,body,high
-0.0118879745376335,0.0018339021092055,-0.0036737127694784,0.0007776845629489,0.0005527848861825,0.4315117906204592,0.4315117906204592,0.4315117906204592,False,0.0612292862436441,2.335592236614469e-05,2.1950276580538056e-05,5.130554266641664e-05,2.337352902054368,0.5447680474212602,0.0273975424984002,0.4278344100803396,0.3473299687731283,-0.937577794048618,0.0176003664446362,4543.357061933272,True,wing_L,high
-0.0128814384164091,0.0031445852945029,-0.0023504142017186,0.0015149858619181,0.0005493836493948,0.3084651971079145,0.3084651298512751,0.3084651634795948,False,0.0160812441652916,1.8628673526380435e-05,2.1384517598023944e-05,4.794102289625847e-05,2.5735070630964807,0.5539411488090529,0.0574840482149701,0.3885748029759769,-0.8282987434257436,0.5360578541904382,-0.1629821112885628,1976.3712854408568,False,body,high
-0.0120541914906729,0.0025072538725866,-0.0032914148328726,0.0003500189372784,0.0003487368703931,0.2756309933504456,0.2756309933504456,0.2756309933504456,False,0.0205523273565582,5.544363087548821e-05,2.394575531880733e-05,1.910630183301736e-05,2.9018504658853845,0.5681062920900112,0.0872860130076638,0.3446076949023249,0.3746908129777813,-0.7835017434706082,-0.4957134380350876,3550.13517150442,False,body,high
-0.011884438706026,0.0027588384337067,-0.0035255796703236,0.0004496443685554,0.0004229320414838,0.303368001361525,0.3033679845473651,0.3033679845473651,False,0.0483343596272343,4.066335524937313e-05,3.878700081077389e-05,1.6352151805985085e-05,2.4867280913139425,0.046143620640556,0.5517215406157283,0.4021348387437156,-0.1438934124509501,0.8003955552289088,0.5819464245298082,4561.756630803939,True,body,high
-0.0125775049862183,0.0025507735545428,-0.0034849590243872,0.0003360837377103,0.0001536703854325,0.1808553078669091,0.1808553078669091,0.1808553414952288,False,0.1496425517264222,4.920111449437611e-05,4.957527712155884e-05,6.919082001784957e-05,1.4062856243989832,0.2834992111848131,0.0054076917586206,0.7110930970565662,-0.6098155922156383,-0.4293570453323213,-0.6661662488554858,8603.083693743356,True,body,high
-0.0119592926327709,0.002678165663034,-0.0033534099436182,0.0004074791842502,0.000407004751777,0.4366924182280576,0.4366924182280576,0.4366924182280576,False,0.0248677552645641,2.6522830501140875e-05,5.618386373041261e-05,2.447422890005916e-05,2.295633662651443,0.5279279718389334,0.0364624549659228,0.4356095731951439,0.5809969650620477,-0.8128595512109326,0.0412538070225121,3795.9909079738873,True,body,high
-0.0129045923488601,0.0027918703229233,-0.0039332670208109,0.0007907595866488,0.000715920154292,0.2572661812293141,0.2572661812293141,0.2572661812293141,False,0.0446759754992335,2.3895590580592714e-05,6.470066534005776e-05,2.501150318618109e-05,2.7076403540578617,0.6134274191042074,0.0172473126779035,0.3693252682178891,-0.8609306360377904,-0.2604415474201226,-0.4369995884540142,3763.525633514083,False,body,high
-0.0119533230844515,0.0021884329774593,-0.0027323985920224,0.0009538233900181,0.0009331996444735,0.3027974801034283,0.3027974801034283,0.3027974969175881,False,0.0337062558858025,6.945924049591936e-05,2.365425556221556e-05,2.3518528731272744e-05,2.953383746473858,0.6594512782844896,0.001954050029539,0.3385946716859713,0.9088646534726964,0.3960080313290594,0.1309300606844659,3941.899716608899,True,body,high
-0.0111971220324311,0.0027075997305429,-0.0042705676001724,0.0012814000409063,0.0006223021411271,0.3323066669350809,0.3323066333067612,0.3323066669350809,False,0.0920313858250171,2.8127250550169703e-05,6.557693377436265e-05,6.49853721985066e-05,2.331437751350603,0.0090208788640759,0.5620592413661555,0.4289198797697685,-0.5535989427638461,-0.1091513680734315,0.825599291071916,10441.179378166422,True,wing_R,high
-0.011747702661408,0.0028015931836254,-0.0042440400389319,0.0008876965829776,0.0005714358824517,0.5472810265877388,0.5472810265877388,0.5472810265877388,False,0.0464459071285517,6.013484028985207e-05,2.6336589048519177e-05,4.213619060983138e-05,2.283319232383028,0.2993048554426444,0.2627362355193356,0.4379589090380199,-0.353074176289837,0.6688472835445933,0.654203284409572,4279.080667424265,True,body,high
-0.012882672014313,0.0020881425822319,-0.0031161365006253,0.0008853048875344,0.0006586263020846,0.268376809921003,0.2683768435493227,0.2683768435493227,False,0.0182339718547473,9.8723130462286e-06,2.481409321579171e-05,9.836253816058923e-06,2.522717863916806,0.6021489497772237,0.0014531754135076,0.3963978748092686,-0.9052987738074096,-0.2623548418334025,-0.3340719490010659,2659.1565343561515,False,body,high
-0.0128002253007134,0.0027421677874376,-0.0035531401693508,0.0005908950971891,0.0003456998907028,0.2599864768958853,0.2599864768958853,0.2599864937100452,False,0.0275750130404461,2.883557158211695e-05,7.362178317731768e-05,2.827185491148648e-05,2.604066249201291,0.6083282645753549,0.00765692769588,0.3840148077287649,0.9643520216429504,0.0641347390923068,-0.2567331563992387,18397.37104884074,True,body,high
-0.0121165927426225,0.0016531717726371,-0.0030577537525122,0.0010131034988635,0.0010111115281533,0.2696488347424798,0.2696488347424798,0.2696488347424798,False,0.004305422148688,6.02863175537036e-05,2.6187419054557e-05,2.6309376799766056e-05,2.302109934091152,0.5635929035418457,0.002022975530068,0.4343841209280863,0.2744654957299234,0.8738328779014404,0.4013537008079205,1759.41074649684,False,wing_L,high
-0.0120123380151026,0.001099155772257,-0.0039691998717257,0.0014862989750685,0.0011955283156067,0.3538200650026526,0.3538200986309723,0.3538201154451322,False,0.0457302427396661,1.5933872875917228e-05,9.078873070970604e-06,1.765984394307195e-05,1.9451581495878283,0.0977342196634658,0.3881687645170769,0.5140970158194572,0.8948460645529639,-0.4462446366926953,0.0107816963914058,4703.792045492064,True,wing_L,high
-0.0123533459230648,0.0032147924165703,-0.0032451497250856,0.0007833558135606,0.0005980600863232,0.2864224724738949,0.2864224724738949,0.2864224724738949,False,0.0459220959953344,3.746726939931951e-05,4.095024575057554e-05,8.40455259700464e-05,2.243171902235632,0.5127611460820639,0.0414415438663249,0.445797310051611,0.643066579194475,-0.7426100212622528,0.1870714597259355,5023.815366240125,True,body,high
-0.0124923425741005,0.0027706986969625,-0.0031121604268049,0.0005819059292734,0.0002153792601465,0.1272235184552866,0.1272235184552866,0.1272235184552866,False,0.0443269221677388,0.0001272948351406,5.3296588860236254e-05,0.0001410266882205,2.646073439904467,0.0973705988081924,0.5247109409860684,0.3779184602057392,0.6712784398480869,0.7192310073818895,-0.179142441134285,5992.466808888855,True,body,high
-0.0122409815965857,0.0025293152964092,-0.0029444411265418,0.0006329256946082,0.0005026230821681,0.1189570721599929,0.1189570721599929,0.1189570721599929,False,0.3020213697397899,9.657449677364036e-05,9.911250240741096e-05,4.68331946982638e-05,2.1162874547844,0.0256073206923775,0.5018670789978685,0.4725256003097539,0.5516154608175723,0.0049615988718251,0.8340837883112537,14047.106537184864,True,body,high
-0.0121317438380171,0.0022843700434744,-0.0038800821821571,0.0003990147596807,0.0001892286486814,0.3521682923808129,0.3521682923808129,0.3521683596374524,False,0.0243281979754953,6.858797855103611e-05,4.959665168626709e-05,3.1677442790192955e-05,2.1651993503803384,0.2768900216331297,0.2612587405931566,0.4618512377737137,-0.375153833041151,-0.7882923590016349,0.4877035557530514,4986.022317821366,True,body,high
-0.011969118373473,0.0016291331530211,-0.003837752263642,0.0009642435414897,0.0007050038659117,0.3495553551249266,0.3495554055674061,0.3495554055674061,False,0.012491705298384,1.353488837914142e-05,1.4457432932703554e-05,3.2727563530936074e-05,2.418015030059091,0.5582490300862906,0.0281886108842196,0.4135623590294897,-0.5077852015508371,-0.766745333810545,0.3927540988528726,4409.781811280842,True,body,high
-0.0121277714536703,0.0017387952426797,-0.0035262902157066,0.0007852947581653,0.0007188380094005,0.1745767996914695,0.1745767660631497,0.1745767996914695,False,0.0367737728517379,2.9648718169407425e-05,2.948742423565517e-05,8.377688575942775e-05,2.8411055875856266,0.6460990653848584,0.0019252796554817,0.3519756549596597,-0.4755660396420564,0.6286494394816792,0.6153347253150441,3650.586348445805,False,wing_L,high
-0.0130117777899904,0.0027194747768026,-0.0025943776653361,0.0012565120239736,0.0003235724272987,0.188484262105397,0.188484262105397,0.188484262105397,False,0.0793947249310015,5.762861685709994e-05,4.708124102483603e-05,0.0001173278907721,2.4920305458865486,0.5088242320061809,0.0898965775558678,0.4012791904379513,-0.6879985735296231,0.0363375579682065,0.7248017278553568,3367.915669461687,False,body,high
-0.012457848932447,0.0025813098800349,-0.0027877848601941,0.0008173627538237,0.0004910588400385,0.1813691485921289,0.1813691485921289,0.1813691485921289,False,0.0366010726400634,6.380269225470789e-05,0.0001498022750202,0.0001708508157067,2.6777994731741788,0.1231983622638167,0.5033606799580298,0.3734409577781534,0.5483083244382496,-0.7993652261383165,-0.2457096184372055,4964.955866118271,True,body,high
-0.0115993477862379,0.0032074890696992,-0.0044182464544119,0.0012742836608206,0.0010238186368432,0.3677321092751411,0.3677321092751411,0.3677321429034608,False,0.1701250047522683,7.302322176111125e-05,7.669148112217638e-05,2.640590124886541e-05,2.9043311341426605,0.0478313798011185,0.6078552641065867,0.3443133560922947,0.4503759008904824,-0.6114724990289341,-0.6505866051713611,7892.411413966581,True,wing_R,high
-0.0125318403605873,0.0029017567200897,-0.0036210100353316,0.0004793405397723,0.0003752140421657,0.1203225837102727,0.1203225837102727,0.1203225837102727,False,0.0792372817297759,9.33472769135653e-05,8.789736936372681e-05,0.000116256129421,1.3226349123139376,0.1970550079513611,0.0468784534370811,0.7560665386115577,-0.4936282111429627,0.6637781036020947,0.5618984057124612,7071.7746045061085,True,body,high
-0.0123834502078974,0.003216119128127,-0.0032642442521334,0.0007809854376349,0.0005861474903915,0.2963706374097331,0.2963706037814134,0.2963706037814134,False,0.0618386156000068,5.09803207279279e-05,3.0218209161965933e-05,7.721164427635937e-05,2.5551363372499782,0.3397327410169267,0.2688987102987898,0.3913685486842835,0.7320389447169641,0.4820066601542008,-0.4814442470158577,5147.78500006607,True,body,high
-0.0129602693077342,0.0027164605762,-0.0026235467066845,0.00120248413393,0.0003228075123506,0.1435994676777718,0.1435994676777718,0.1435994676777718,False,0.0746846505314322,0.0001128203792643,4.966750893610517e-05,0.000117277773596,2.3612574117001985,0.0380071534018571,0.5384896761920157,0.4235031704061271,-0.1928990617531901,0.4316931992668538,0.8811531840046245,3427.136985221733,False,body,high
-0.0131441753977309,0.0028377487637024,-0.0034561163161367,0.0009532140589081,0.0004920520482409,0.3381884113803827,0.3381884450087024,0.3381884113803827,False,0.0702892030633675,3.144891704182865e-05,9.184004586189822e-05,7.138172621160387e-05,2.920292795448133,0.2227603379146603,0.4348082450854065,0.3424314169999331,0.2765763218865791,-0.6755922616010316,-0.6834329771356475,7143.214685609176,True,body,high
-0.0127946262925396,0.0027187911503043,-0.0035835953971995,0.0005765023817019,0.0003619550327571,0.0851690851846543,0.0851690851846543,0.0851690851846543,False,0.0522808982492087,9.814126809821809e-05,4.113648307892976e-05,4.514969587401088e-05,2.385747656402993,0.539951981985541,0.0408922043993232,0.4191558136151357,0.1234315144620623,-0.7489292090251665,-0.6510527636885822,17364.555768944076,True,body,high
-0.0124511125166889,0.0029707073100493,-0.0039180325372223,0.0006039741229203,0.0005986228208642,0.1598894292867501,0.1598894629150698,0.1598894292867501,False,0.0540060373164051,7.323712144640423e-05,7.407250898805883e-05,5.560768036353741e-05,1.332055365442451,0.0112779701007464,0.2380024832925377,0.7507195466067158,0.6380262080114767,-0.2385308710187485,0.7321376793073369,8689.70351881184,True,body,high
-0.0125686574453511,0.0030062669862817,-0.0034808737260809,0.0005925422662901,0.000390634225715,0.1152502224779914,0.1152502224779914,0.1152502224779914,False,0.056015957002115,0.000127691146967,4.319058058389817e-05,0.0001283388043589,2.9714535582500616,0.0050464658378704,0.6584179025606999,0.3365356316014296,-0.0770887488346506,0.5915857260202343,0.80254822507574,6672.047667615678,True,body,high
-0.0122709883345657,0.0026840146480763,-0.0031099668105295,0.0004979187345482,0.0003490095856431,0.1101087214203795,0.1101087214203795,0.1101087214203795,False,0.0521456152524242,7.825168235324646e-05,0.0002212880783319,0.0001302357090772,2.8279018632857738,0.411465316799286,0.2349156227294683,0.3536190604712456,0.1830170872949638,-0.8171257565737604,-0.5466353846046076,21523.64773081968,True,body,high
-0.0128293754371998,0.0028344060769195,-0.003752165929457,0.0006803291355071,0.000544576638627,0.1419904198361279,0.1419904198361279,0.1419904198361279,False,0.0399140555251903,6.972743883111066e-05,3.561675543927163e-05,8.055753254815074e-05,2.2617875085647654,0.1344392432894681,0.4234325743709992,0.4421281823395326,-0.3932334649521385,0.6807370230068747,0.6180328045900745,7494.647276588997,True,body,high
-0.0114037045110677,0.0026160917618522,-0.0035038406741867,0.0008623617196607,0.000680322628523,0.1833269221092001,0.1833269221092001,0.1833269221092001,False,0.046719150060512,4.208001039603183e-05,0.0001008919560276,5.1509245060920766e-05,2.397621936831968,0.4894613298327979,0.0934587358213715,0.4170799343458305,0.0369161284681414,-0.6122631244569071,-0.789791786415375,2302.527834395184,False,body,high
-0.012042386355079,0.0022395603426316,-0.0030802241856123,0.0006055737131808,0.0006022553259345,0.1500158519640362,0.1500158519640362,0.1500159192206756,False,0.0658488508811728,5.60258078762323e-05,7.624503057160274e-05,3.347014295148984e-05,2.278001342333941,0.2651874167245863,0.295831279175108,0.4389813041003056,0.7715790291625345,-0.2975590495121731,0.5622494231299956,3195.225676144209,False,body,high
-0.012634403866584,0.0029325301418313,-0.0035323005369886,0.0005672221179554,0.0003622799318337,0.1033158344666047,0.1033158344666047,0.1033158344666047,False,0.0306225701869419,8.466698701250902e-05,0.0002330548262719,0.0001300368266608,2.7526056435372026,0.4420333243428377,0.1946745337741128,0.3632921418830494,0.3324459330838072,-0.8978549745282572,-0.2886800067391216,7660.060916527448,True,body,high
-0.0123889243909821,0.0030391173561539,-0.0031675372804905,0.0006805751343329,0.0004376536923957,0.1236393448835994,0.1236393448835994,0.1236393448835994,False,0.0755236758809722,0.000110963163792,9.057240467124818e-05,6.050507384938133e-05,1.8339480762927816,0.1837615152988527,0.2709667766703282,0.545271708030819,0.4369110369952644,0.1631342039627162,0.8845880268515811,5893.266076003487,True,body,high
-0.0120857095703265,0.0026907943207239,-0.0035391182990818,0.0002503566262,0.0002471929658032,0.1117954843088809,0.1117954843088809,0.1117954843088809,False,0.0392905610083003,6.308848193384494e-05,0.0001710864205786,0.0001004392583969,2.7118487453544606,0.4129326099801301,0.2183152604208086,0.3687521295990613,0.313389414474013,-0.8158073954915908,-0.4860507878368907,4989.658926487091,True,body,high
-0.0124299481206849,0.003006214027051,-0.0038996790384298,0.0006153580398095,0.0006090123847254,0.1328087788198357,0.1328088124481554,0.132808745191516,False,0.0478587495078615,6.264840653973745e-05,7.036760293990342e-05,0.000117479491205,1.87521914273278,0.4010222361526886,0.0657067571623603,0.533271006684951,0.4379728694883413,-0.8970680055249357,0.058726136052546,8139.787444550091,True,body,high
-0.0125365624131581,0.0030355484917988,-0.003484930250663,0.0006009646751699,0.0004200542915233,0.130385219446415,0.130385219446415,0.130385219446415,False,0.0705462757206341,6.673850766626048e-05,0.0001439665442216,0.0001147433080256,2.157173560751002,0.2029863004210532,0.3334441388376876,0.4635695607412592,0.4612440269291514,-0.8744571865791705,-0.1502616932628608,6300.98489666886,True,body,high
-0.0125139527280324,0.0031204477402155,-0.0033379943792857,0.0007026933911203,0.0004587533379775,0.1784927838937681,0.1784927838937681,0.1784927838937681,False,0.0734032267816908,2.857915585167036e-05,5.039291752400063e-05,6.680454204586889e-05,2.3375267762488647,0.2456662978184899,0.326531116063226,0.4278025861182841,0.0205660948187682,-0.6867679206560128,-0.7265857546784973,5346.547390843127,True,body,high
-0.0133324818751002,0.0028112214702161,-0.0030127386843802,0.0012511883421505,0.0002962463855517,0.1756545537099623,0.1756545537099623,0.1756545537099623,False,0.0644392797923668,7.47701042666483e-05,3.2787325507162866e-05,4.755605892769339e-05,2.28045755822059,0.3639696053104732,0.1975219048493184,0.4385084898402084,0.1085424691743214,-0.606812591710487,-0.7873988893357311,3423.4178232994395,False,body,high
-0.0122981670726591,0.0030441936311444,-0.003546153404304,0.0005349072097594,0.0004855000214193,0.8378256272736876,0.8378256272736876,0.8378256272736876,False,0.0409067817528444,4.372095704254611e-05,1.8777859940657376e-05,4.738330644317535e-05,2.52336030798601,0.0772919763423712,0.5264110712029322,0.3962969524546965,-0.3456600270923934,0.8950688843369152,0.2817283052203941,3652.7058271070064,False,body,high
-0.0124940987438438,0.0011054536539198,-0.0038513918011149,0.0014524177984215,0.0013762797862277,0.7973404931707981,0.7973404931707981,0.7973404931707981,False,0.005973312785585,4.490784271411313e-05,1.980262263025524e-05,5.1755249374499296e-05,2.6135553022873634,0.1323036164088121,0.4850758210475877,0.3826205625436002,-0.0201707757744849,-0.3582397877506829,0.9334116960253932,2201.598274755848,False,wing_L,high
-0.0130618953630191,0.0023084265544753,-0.0037689289524395,0.0008524704364631,0.0007581017413618,0.2315181370018401,0.231518153816,0.2315181033735204,False,0.0170052015073408,4.687054836888693e-05,2.705711714521012e-05,6.121583650576201e-05,2.262467068358721,0.2343394937603248,0.3236651225342947,0.4419953837053804,-0.7183120896189996,0.3798785044972674,0.5828550966819332,3361.221430280157,False,body,high
-0.0120438255265071,0.0018412034358257,-0.0036789371113171,0.0007108947770045,0.000561139398987,0.2669096904027093,0.2669097240310289,0.2669096904027093,False,0.0250053253927798,3.3675823961889405e-05,2.587494712387064e-05,6.467457008142073e-05,2.499505400795813,0.4793034740007716,0.1206173744672444,0.4000791515319838,-0.7886718362593916,0.4485627167750482,0.4204619171942059,4895.478258238055,True,wing_L,high
-0.0119992464239634,0.0023397801226262,-0.0027379661088011,0.0008942517886036,0.0008503832742007,0.0936720058241722,0.0936720058241722,0.0936720058241722,False,0.0253580204660349,6.430843840037691e-05,0.000149772134048,6.301434102141315e-05,2.376794418863513,0.5706248107559017,0.008640441609442,0.4207347476346563,0.5242605081881087,-0.1581417553566672,0.8367449460660388,5911.2434523735365,True,body,high
-0.0124516372535566,0.0026219833757915,-0.0037423248112438,0.0002784474323042,0.000268499401938,0.3665709570237592,0.366570982244999,0.3665709570237592,False,0.0358772728964105,2.213923479719905e-05,5.514374376288776e-05,5.163106667106526e-05,2.490770086139756,0.0637003738252998,0.5348173675091403,0.4014822586655598,0.6414304835252974,-0.3633163043038409,-0.6756983038542439,3858.873557280462,True,body,high
-0.0120915956167492,0.0029623158490761,-0.0030582142636377,0.0007065893503433,0.0006133693707049,0.0845497524204937,0.0845497524204937,0.0845497187921741,False,0.1115520477190827,3.447300941516205e-05,5.699705261775158e-05,7.494736767393584e-05,2.174088335930782,0.239505610580994,0.3005314783113141,0.4599629111076919,0.5695444245146668,0.8218958840209789,0.0103103992954103,4038.495763195041,True,body,high
-0.0112823030358674,0.0030187331139633,-0.0034570303316895,0.0011048251972523,0.0010068658923682,0.9423177617560774,0.9423177617560774,0.9423177617560774,False,0.155797797591426,7.056356155942037e-05,2.566230193390992e-05,5.846271668059681e-05,2.7496972696037982,0.1714885786856668,0.4648350228051659,0.3636763985091672,0.0732666735597725,-0.557690148261526,0.8268093450593813,1977.9298641978944,False,body,high
