x,y,z,dist_to_centroid,dist_to_principal_axis,R,G,B,color_oob,opacity,scale_phys_0,scale_phys_1,scale_phys_2,scale_ratio,linearity,planarity,sphericity,orientation_x,orientation_y,orientation_z,local_density,if_keep,part_label,confidence
-0.0135946348895857,0.004196683326876,-0.0028337551811411,0.0012626224142321,0.0001505396796137,0.2867602521312556,0.2867602521312556,0.2867602521312556,False,0.2198087331480143,8.813508394270344e-05,0.0001062867223232,4.561347229325669e-05,2.3301607393524653,0.1707799241882124,0.4000651325017853,0.4291549433100022,0.4664208635839979,-0.4836197190817236,0.7406507580019563,4611.691874555071,True,wing_L,high
-0.012905725385503,0.002811747066807,-0.0021000141523678,0.0011373164190788,0.0011370919651646,0.1360751647702318,0.1360751647702318,0.1360751647702318,False,0.6096923336962122,8.857805566296797e-05,0.000145900550501,0.000236429685051,2.669167699398312,0.3829008803632785,0.2424504978114905,0.374648621825231,0.2992613068972298,0.9449528412409156,-0.1323132571773623,6246.49000403262,True,body,high
-0.0141385112649347,0.0048624688360069,-0.0029540067259996,0.0019321787651778,0.0007857415598748,0.4026905299181024,0.4026905299181024,0.4026905299181024,False,0.8648528104643798,4.816865344940244e-05,0.0001215934754196,0.0001197472220499,2.524327891943452,0.015183819389738,0.5886711302023646,0.3961450504078974,-0.6085429507150222,0.5749221260079274,-0.5469369489818547,4012.892183880896,True,wing_L,high
-0.0138080876972915,0.0028341150057777,-0.0029498491462984,0.0002787357739378,0.0002709070198564,0.2176239745883592,0.2176239745883592,0.2176239745883592,False,0.1492910396077076,2.517163675429852e-05,6.758956338308317e-05,2.824086544486906e-05,2.685147733650694,0.5821712105934774,0.0454098020011583,0.3724189874053641,-0.5976223041923547,-0.588690168542503,0.5443266179356107,8716.715351933039,True,body,high
-0.012506658623097,0.0028078992280296,-0.0020340823437821,0.0015149488615184,0.0015135836887113,0.2504414986992503,0.25044153232757,0.2504415659558897,False,0.1096823033459773,8.064270035737026e-05,5.0720873530515455e-05,7.14846615613403e-05,1.5899312205033849,0.1135631465147603,0.2574788286950905,0.6289580247901492,-0.9173557355102412,0.1630777652598491,0.3631309639845084,4440.709719085357,True,body,high
-0.0134995043443152,0.0028424106590215,-0.0017703942417053,0.0010110251974779,0.0009880889586446,0.2719230171197337,0.2719230507480535,0.2719230171197337,False,0.3190094846491298,4.656402430490264e-05,0.0001208172305258,5.335527618468363e-05,2.5946475273432434,0.5583802413575392,0.0562109547638324,0.3854088038786283,0.1267323106223488,-0.687625258779079,-0.714919873086016,3253.772130303956,False,body,high
-0.0149610181724075,0.0014241232959121,-0.0021203015208235,0.001988565843269,0.0006939361383654,0.3088972873879112,0.3088972873879112,0.3088972873879112,False,0.7891391894708424,8.791296228288599e-05,3.628931919528816e-05,0.000100267468995,2.763002206117097,0.1232155038519055,0.5148593417685327,0.3619251543795617,-0.1254503687557043,-0.4168180035126945,-0.9002915954993411,4100.606489708582,True,wing_R,high
-0.0144819350881813,0.0032290565532789,-0.002598195447502,0.0006898100471286,0.0006870446785164,0.2186053498425536,0.2186053498425536,0.2186053498425536,False,0.3307752391789549,2.9153169937051908e-05,8.646873390597348e-05,3.259872728610829e-05,2.966014813918296,0.6229998311117136,0.0398474361010431,0.3371527327872431,0.2305599536204748,0.597142761936291,0.7682855131093016,2779.210372867913,False,body,high
-0.0135859757572062,0.0036971820760825,-0.0029889027501294,0.0008262708626943,0.0001348714779541,0.2123803443237779,0.2123803443237779,0.2123803443237779,False,0.8574268435327346,3.35365696625195e-05,3.0728109808950704e-05,8.793040280213197e-05,2.861562372330464,0.618600977662002,0.031939576802447,0.349459445535551,0.5781366240594025,-0.2748046625225211,0.7682710728493432,4664.416085377574,True,wing_L,high
-0.0134582299335781,0.0042461511193692,-0.0026952324320518,0.0013387314591016,0.0002851193213829,0.2033032873817941,0.2033032873817941,0.2033032873817941,False,0.4642746215969837,3.084175759702167e-05,4.024733756815759e-05,7.916970917883787e-05,2.5669648991237497,0.4916321155450734,0.1188027601552696,0.3895651242996569,0.3247588437685023,-0.3361781883566571,0.8840338902255849,4268.163795126834,True,wing_L,high
-0.0124623785153794,0.0028144822079131,-0.0020923876676508,0.00152935609213,0.0015264813894898,0.2611708158737096,0.2611708158737096,0.2611707822453898,False,0.1025051643248686,6.817485165604191e-05,5.345826199939005e-05,2.917216531867957e-05,2.336982905152676,0.2158653711620893,0.356232482957785,0.4279021458801256,-0.8650549305100268,0.5006032408689266,-0.0328079629331106,4450.639646737834,True,body,high
-0.0140944141109375,0.0044856258763881,-0.003167165052329,0.0016042108360146,0.0006570573444057,0.4130733661074752,0.4130733661074752,0.4130733661074752,False,0.2480567943980132,0.000106750300031,0.0001087205249433,3.6577009389277407e-05,2.972373268309145,0.0181219223632814,0.6454465767004794,0.3364315009362391,-0.6356552781443847,0.6077637021880594,-0.4759891276802956,6514.063604229962,True,wing_L,high
-0.0143948027364056,0.004852121038379,-0.0032203118613389,0.002026647642171,0.0010353746249711,0.4690571727440982,0.4690571727440982,0.4690571727440982,False,0.1375113701604573,3.784307248185348e-05,9.554463219538224e-05,3.647386784124195e-05,2.6195366121096546,0.6039225688318419,0.0143305239567158,0.3817469072114421,-0.0342399883051822,-0.5653083308060571,0.8241687414129042,13378.122026530513,True,wing_L,high
-0.0144094656668742,0.0028422725758308,-0.0033065632664715,0.0008255834090119,0.0008131591162344,0.4144975842968946,0.4144975842968946,0.4144975842968946,False,0.5752043541113091,4.519148156043813e-05,6.505376645734509e-05,2.94154371033684e-05,2.2115519218273216,0.3053210594644108,0.2425077795828144,0.4521711609527747,0.3860706236973993,0.257371938696702,-0.8858381108811035,4183.406249023573,True,body,high
-0.014720997362783,0.0014935972461966,-0.0021088346888821,0.0018122925105118,0.0005141409126589,0.3769320609115173,0.3769320609115173,0.3769320609115173,False,0.9550192830538666,7.80426344172322e-05,3.075728173353904e-05,4.033602275670931e-05,2.537370990497226,0.483154008601702,0.1227372844945279,0.39410870690377,-0.0720303644903963,-0.5842494442774762,-0.8083713338886044,6755.1515885241815,True,wing_R,high
-0.0153057780094085,0.001407146094504,-0.0021707240756415,0.0021983527163409,0.0009973107473013,0.3600584629997542,0.3600584293714344,0.3600584629997542,False,0.1617534515868345,0.000139630008611,5.541270752978651e-05,0.0001419270930006,2.5612733852486467,0.0161849604683466,0.5933842460992214,0.390430793432432,-0.0860182213187993,-0.4608877646936213,-0.8832798729490373,11391.602320077973,True,wing_R,high
-0.0143350052279738,0.0031973774848076,-0.0034110600192093,0.0008817588529398,0.0008504052382122,0.4787689158799617,0.4787689158799617,0.4787689158799617,False,0.3489632379961818,7.233833724337633e-05,2.9321582397161465e-05,4.350521624824062e-05,2.467067986425562,0.3985870023267063,0.1960735398625419,0.4053394578107516,-0.025770713104699,-0.7187026927652933,-0.6948397727231738,6569.317934630883,True,body,high
-0.0147159939400916,0.0030006824420536,-0.0031762737091199,0.0009814376627813,0.0009764423119049,0.6757169324494029,0.6757169324494029,0.6757168651927635,False,0.5317097251546915,3.0218526165258303e-05,2.857226111613249e-05,7.163350179884118e-05,2.507099508424813,0.578150929293992,0.0229817753953841,0.3988672953106238,0.0515271779219643,0.7349544002898155,0.6761560318669322,3775.546841841945,False,body,high
-0.0150565713810665,0.0012537158174097,-0.0019978696770137,0.0022111753041568,0.0007669164024318,0.6329479141990221,0.6329479141990221,0.6329479141990221,False,0.5653483083396565,2.864997070324704e-05,7.440370605052364e-05,2.6920189228715216e-05,2.7638626689577177,0.614938929469557,0.0232485929310727,0.3618124775993703,0.0556360529215572,0.3470591616226863,0.9361915231132292,3652.476403606329,True,wing_R,high
-0.0139198765854634,0.004151919939922,-0.0032461299592274,0.0013024403136651,0.0004831850353567,0.4607484955845545,0.460748436734995,0.4607484955845545,False,0.1245816666091523,6.552435952997855e-05,6.566373281325734e-05,2.8218843178809183e-05,2.326946303120152,0.0021225306163321,0.5681296927980536,0.4297477765856142,-0.7127059201494363,0.5972083239745823,-0.3679571838671112,6410.866176524056,True,wing_L,high
-0.0152749008459667,0.0015806358118069,-0.0024146269044502,0.0020074001225239,0.0010039934035576,0.4879432921283109,0.4879432921283109,0.4879432921283109,False,0.2603606035343009,0.0001006650407309,8.989302243467295e-05,3.886846460607686e-05,2.589889818164021,0.1070085326351288,0.5068746553728837,0.3861168119919875,0.1171478492683412,0.557544154826775,0.8218399459933177,5794.865599350086,True,wing_R,high
-0.0141900175107471,0.0016875776935764,-0.0022194075882174,0.0014108470833285,0.0002149407007237,0.4943440854848481,0.4943440854848481,0.4943440854848481,False,0.1470633092538389,2.8538220620395125e-05,4.824584380389331e-05,7.562355491064339e-05,2.6499043481568103,0.3620262382415044,0.2606016499328108,0.3773721118256847,0.1838171899942783,0.6789438531142808,0.7108069252482991,9575.443624079577,True,wing_R,high
-0.0134191288719196,0.0025256162218616,-0.0015391616809685,0.0013238444380884,0.0012092185120193,0.356185464197129,0.3561855314537685,0.3561855314537685,False,0.5325421807927122,3.1055474139227934e-05,7.268312658446273e-05,2.9840732239642407e-05,2.435701845409331,0.5727278723605903,0.0167128459749721,0.4105592816644376,0.1638613382922093,-0.8186281709805588,-0.5504519774604424,2072.1089791043605,False,body,high
-0.0138109140375812,0.0048462987326205,-0.00270730561194,0.001879605462887,0.000586954224375,0.3652156348543525,0.3652156600755922,0.3652156012260328,False,0.1981261349062604,2.465729237404963e-05,2.6603565561791395e-05,6.500328540737762e-05,2.6362702125311133,0.590735062157766,0.0299411510594335,0.3793237867828004,-0.8520808994571678,0.5155878409161216,0.0901516449085467,9063.044094416322,True,wing_L,high
-0.0143300967422512,0.0052051928744,-0.0029592977841377,0.0023018328092044,0.0010659051893401,0.3891173330021255,0.3891173330021255,0.3891173077808856,False,0.1834075477516698,9.929443315451568e-05,9.705854327954684e-05,4.070149346750475e-05,2.439577143128429,0.0225177767165405,0.5675751199902902,0.4099071032931692,0.5860763875074488,-0.6197072114231879,0.521993716548691,4912.415447866712,True,wing_L,high
-0.0140102812997677,0.0044753851372031,-0.0030839352709558,0.0015619622045474,0.000557757824536,0.3970639487557055,0.3970639487557055,0.3970639487557055,False,0.4432726716704733,5.030370402212731e-05,0.000129025917957,0.0001338688264126,2.661212111810554,0.0361765213408196,0.5880548597046955,0.3757686189544848,0.6464596748376819,-0.5953094178616455,0.4771756341369362,5639.252876755394,True,wing_L,high
-0.0125922683449793,0.0029728728108133,-0.0023100532104976,0.0013228792745111,0.0012984166875198,0.4167231989734027,0.4167231989734027,0.4167231989734027,False,0.1562671431167718,2.636181811954242e-05,4.929330833418644e-05,5.773952064163919e-05,2.1902708068088823,0.1462813028856653,0.3971541495290289,0.4565645475853057,-0.9037831316657772,0.3905842616336379,-0.1749856722149163,5078.560630797544,True,wing_L,high
-0.0143860572888845,0.0048391841867769,-0.0032236211366155,0.0020131318804647,0.0010245270056956,0.4714792671838414,0.4714792671838414,0.4714792671838414,False,0.1150898742217333,3.793333268740403e-05,9.942922756332226e-05,3.9397206038250455e-05,2.621157186021208,0.6037663471421414,0.0147227670044418,0.3815108858534167,-0.3608527594604793,0.599846578901545,-0.7141213956813436,14549.442061418711,True,wing_L,high
-0.0139464566335713,0.0049829445705104,-0.0027426635165018,0.0020181886315524,0.0007169999750924,0.4101456173365925,0.4101456173365925,0.4101456425578322,False,0.2404001298272284,2.5734551262246945e-05,2.5377916832363302e-05,6.471368605961132e-05,2.5499999265930646,0.6023321675952527,0.0055109583706161,0.3921568740341311,-0.7506310272320136,0.5725573932942482,0.3297439799916105,7920.871623810194,True,wing_L,high
-0.0141619100777098,0.004494382627896,-0.0032666176631644,0.0016547596065899,0.0007517368790767,0.4761606466552056,0.4761606466552056,0.4761606466552056,False,0.1308150262915621,9.16345378124987e-05,3.66280781843607e-05,8.875537618272161e-05,2.5017566401183564,0.0314200485811189,0.56886081648628,0.399719134932601,-0.6424545051113894,0.6260495996590093,-0.4419435570622952,7643.025504257747,True,wing_L,high
-0.013981483920132,0.0042719718784098,-0.0032044286871899,0.0014014831232731,0.0005272858611286,0.335521668812955,0.335521668812955,0.3355216519987951,False,0.2455905993970676,0.000100432793027,0.0001104195129296,3.7059308237935785e-05,2.9795351877788945,0.0904434337527734,0.5739337469223593,0.3356228193248671,-0.6705906348991713,0.6118342614757537,-0.419484251039232,7184.7044689014,True,wing_L,high
-0.0142432175078865,0.0046104223503399,-0.0032324513768709,0.0017680405955235,0.0008399825606465,0.3690713655148048,0.3690713655148048,0.3690713655148048,False,0.3672472600306831,2.104408884529644e-05,5.908459590797984e-05,5.549579030943879e-05,2.8076575965029646,0.0607401225884723,0.5830910905745804,0.3561687868369472,0.6124446334337066,-0.6098629512731032,0.5029699311516677,7212.077528475755,True,wing_L,high
-0.015387872316785,0.0014193698466349,-0.002205526214723,0.0022368922063855,0.0010744841738766,0.5114311570210365,0.5114311570210365,0.5114311570210365,False,0.3816394014109559,8.115567882462202e-05,0.0001190042114335,4.188914189457548e-05,2.840932185554029,0.3180436402459135,0.329959221249711,0.3519971385043755,0.080736690234558,0.4521156831176675,0.8882978081302542,8670.933033669624,True,wing_R,high
-0.0137431020890487,0.0030521231719135,-0.001965708059629,0.0007563969627432,0.0007553278440962,0.4025153515936357,0.4025153515936357,0.4025153515936357,False,0.1117526757067735,2.479571266092377e-05,2.638468082312148e-05,5.9191753139169285e-05,2.3871769264551594,0.5542507287951605,0.026844417979339,0.4189048532255005,0.978712530472334,0.0722824306532834,0.1920860039547228,2746.083645178192,False,body,high
-0.0129684406612331,0.0025344864481399,-0.0027751776859981,0.0009873664447195,0.0009734233215311,0.3857388806762846,0.3857388806762846,0.3857388806762846,False,0.2330590203389519,3.9146051477358496e-05,8.976126839407022e-05,3.7711069606077865e-05,2.3802366077573005,0.563887050865866,0.0159866487735085,0.4201263003606255,0.8038367511336681,-0.5687064523012952,0.1744117216179693,3746.973025528771,False,body,high
-0.0147264674857466,0.002994381727037,-0.0031832521543073,0.0009937716041874,0.0009880839855836,0.6959935313603975,0.695993480917918,0.6959935313603975,False,0.3831610084058939,6.278244089781746e-05,2.768280776291085e-05,2.6958160815028644e-05,2.3288844268195583,0.5590676729506833,0.0115421913757959,0.4293901356735208,-0.0359434958974199,-0.7277830373799851,-0.6848648885763053,3700.982117823856,False,body,high
-0.0143172869838632,0.0031785061607222,-0.0033483663298898,0.0008175203024709,0.0007908141495944,0.3110838848064718,0.3110838848064718,0.3110838848064718,False,0.4860479059544708,7.105259627812106e-05,8.406316127309445e-05,4.384300317462123e-05,1.9173677710507493,0.1547713028862453,0.3236803457236699,0.5215483513900848,-0.1646771655327775,0.6227170177994521,0.7649215298937839,8187.746532299373,True,body,high
-0.0140156175012516,0.0032123139830137,-0.0018592397733207,0.0008993094602741,0.0008991109300989,0.3344320439976034,0.3344320776259231,0.3344320776259231,False,0.2910960050350673,1.8347717519411683e-05,5.1350772782944815e-05,2.072674329114774e-05,2.798755361729123,0.5963693987866969,0.0463289185888591,0.3573016826244439,0.8731406972589717,0.3706122458226049,0.3166573637805409,1910.7655739649992,False,body,high
-0.0143418823259907,0.0050775251494911,-0.0030261729212833,0.0021891981387419,0.0010334209134864,0.3946403893822848,0.3946403641610451,0.3946404230106046,False,0.7257160943981539,3.5348819328291974e-05,9.276776370349283e-05,9.861388628895213e-05,2.7897363522414724,0.0592829550224735,0.5822602326710413,0.3584568123064851,-0.5996735374825093,0.5774604114053061,-0.5540136475781331,4657.260727664704,True,wing_L,high
-0.0141837907326959,0.0016925375876127,-0.0022270857415271,0.0014022148880563,0.000209117339675,0.4986532330853053,0.4986532330853053,0.4986532330853053,False,0.1427710391983448,5.254150638933856e-05,8.566117501274482e-05,3.104389612604988e-05,2.7593564501352628,0.3866357030297408,0.2509609547159518,0.3624033422543073,0.2087665741342114,0.6739936534842532,0.7086247755951052,9378.62261725409,True,wing_R,high
-0.0126120449931635,0.0029398519196639,-0.0022939333913198,0.0013093343939534,0.0012917837851755,0.2123906009612904,0.2123906009612904,0.2123906009612904,False,0.1403063383350709,8.934875662038153e-05,4.27150460336944e-05,3.899908832541375e-05,2.2910473156409,0.5219290379699522,0.041589361159985,0.4364816008700627,-0.379349998399536,-0.3895491940381285,-0.8392526461909529,5525.789618688687,True,wing_L,high
-0.0143768284563837,0.0048254048101755,-0.0032316463441059,0.0019999691142853,0.0010138857352503,0.4777604656248581,0.4777604656248581,0.4777604656248581,False,0.1298104296681853,3.5048186968012606e-05,8.745296427155799e-05,3.5182543154647415e-05,2.495220775653063,0.5976975343523067,0.0015363251292158,0.4007661405184775,0.3209655514009257,0.2753484177360059,-0.9061811980306024,14082.853124204365,True,wing_L,high
-0.0141532453909374,0.0051831683152131,-0.0028281549066371,0.00223933691489,0.0009257215715747,0.3860685559085944,0.3860685559085944,0.3860685559085944,False,0.7431224991822823,3.0744847297525885e-05,3.111390376558374e-05,8.825822225519795e-05,2.870667120285236,0.6474673637135118,0.0041815533853687,0.3483510829011194,0.6190204186780183,-0.6683511071516742,0.4124566872155453,3950.180479651057,False,wing_L,high
-0.0134009973379579,0.0040381589922133,-0.00271942985475,0.0011626949828581,0.0002683926302221,0.3160525699290769,0.3160525026724374,0.3160525363007572,False,0.6153453967728906,3.459090672523431e-05,8.641407821071882e-05,3.939217169805847e-05,2.4981732597277984,0.5441463646467243,0.0555611431868355,0.4002924921664402,0.4913696252837727,-0.3873662086481675,0.7800662226670432,4331.511855608211,False,wing_L,high
-0.0129896021577912,0.0033749040680449,-0.001338710683972,0.0016705397834293,0.0016366451030714,0.4478994635159045,0.447899522365464,0.447899522365464,False,0.2286534695703012,2.7528795539872576e-05,2.5764878958556227e-05,7.272840404953694e-05,2.8227729758219824,0.6214849493861835,0.0242534757137652,0.3542615749000513,0.4525544869717648,-0.85496736259313,0.2534270017623828,1912.1384165383013,False,body,high
-0.0144231575781191,0.0030103699420095,-0.0032353344105616,0.0007766820431573,0.0007766800440583,0.3534490437512553,0.3534490437512553,0.3534490437512553,False,0.4541056357766522,0.0001400635218196,5.474049910682947e-05,0.0001265028213185,2.558681855391106,0.0968182173697985,0.5123555461080584,0.390826236522143,0.2330284351798426,-0.5702919077619779,-0.7876959364747529,5951.160377705204,True,body,high
-0.0143728330133024,0.004854662844451,-0.0032052437943992,0.0020195074611885,0.0010125947635303,0.3738090997446985,0.3738090997446985,0.3738090997446985,False,0.2382935593733364,4.1330188674879735e-05,9.90482489311785e-05,5.322623912149272e-05,2.39651093079523,0.4626231185724868,0.1201035916836721,0.417273289743841,0.5948146712243331,-0.6222359469438011,0.5089380445862144,12944.678193203905,True,wing_L,high
-0.0125275182155446,0.0027098125926296,-0.0021491415507901,0.0014622147653404,0.0014621756903174,0.1811856388514532,0.1811856052231335,0.1811856388514532,False,0.6714536178946107,0.0001049540153389,4.462036670370092e-05,4.404143041591626e-05,2.38307462650031,0.574857936024654,0.0055160947002836,0.4196259692750624,-0.9207305760150996,0.314172662289045,-0.2314103382762244,5177.880245035633,True,body,high
-0.0139964649346473,0.0046665031742296,-0.0029319401243468,0.0017198195990312,0.0005977340624436,0.4085011252459707,0.4085011252459707,0.4085011252459707,False,0.3753310433697019,2.427543320030474e-05,7.026252359073743e-05,5.6268639356451846e-05,2.89438804288178,0.1991656934470023,0.4553381307864766,0.3454961757665209,-0.6042401526676551,0.580377735309081,-0.5459446146466423,5309.724535919648,True,wing_L,high
-0.0140200321816745,0.0043265631841446,-0.0031881878903966,0.0014509055185818,0.0005640152065189,0.4319657098834898,0.4319657098834898,0.4319657098834898,False,0.1442034828627319,8.502657805521377e-05,3.731368914589693e-05,8.482418125869016e-05,2.278696639261772,0.0023803944737395,0.5587722474488072,0.4388473580774533,-0.6459336575604062,0.6119747918070009,-0.4563513604925636,7311.991861289779,True,wing_L,high
-0.0139706994779053,0.0050579318234116,-0.0027208971137542,0.0020940709498912,0.0007717074241087,0.471884042861151,0.4718839840115915,0.4718839840115915,False,0.1179543670547973,9.68682831947026e-05,4.196319207412384e-05,5.637703345357475e-05,2.3084107382392247,0.4180031730276622,0.1487983569449608,0.433198470027377,-0.6624663075261283,0.6088976197903769,-0.4363279500631501,6241.540797928303,True,wing_L,high
-0.0130810720626517,0.0033133882744357,-0.0015078524914539,0.0014695768985308,0.0014413093218579,0.4519641731656754,0.4519641437408956,0.4519641731656754,False,0.1838465171534853,3.56661774018875e-05,8.132163068502417e-05,3.17122033062185e-05,2.5643639421634785,0.5614183200527529,0.0486214314981406,0.3899602484491064,-0.739250412945703,0.6335746991961042,-0.2282365603889382,2404.0940223625025,False,body,high
-0.0132019483224283,0.0032893510946891,-0.0017530618297936,0.0012010188639693,0.0011674645530673,0.2716128294986979,0.2716128294986979,0.2716128294986979,False,0.3964897896355471,3.227758912352281e-05,3.324665711573027e-05,8.45071827014606e-05,2.6181380021308547,0.6065818779785728,0.0114672855162016,0.3819508365052256,0.4766805799547315,-0.8633715013938743,0.1654245304509226,2493.509467955094,False,body,high
-0.0135137778500376,0.004441754727571,-0.0026554393885805,0.0015141575671986,0.0003615901995543,0.2136254328611642,0.2136255001178036,0.2136254328611642,False,0.195310873249965,0.0001016770068983,3.684965094137484e-05,5.202370849937386e-05,2.75923934965182,0.4883434309649711,0.1492378465975618,0.362418722437467,-0.3707269597325774,0.3949887031900154,-0.8405625768969909,4730.703987085636,True,wing_L,high
-0.0138377141979018,0.0040765512961545,-0.0032259083227899,0.0012239201676156,0.000403160998915,0.4098680659998384,0.4098680659998384,0.4098680659998384,False,0.6360140552886115,8.444659899632563e-05,3.444632441747208e-05,8.234380840421998e-05,2.4515416499268667,0.0249008322075485,0.5671925756161237,0.4079065921763277,-0.7467457446823452,0.5518538744686395,-0.3712520626646545,5168.625648292736,True,wing_L,high
-0.0142829273231107,0.0020363660322735,-0.0027773270962592,0.0010273601375219,0.0003171895153736,0.2400191576412942,0.2400191576412942,0.2400191576412942,False,0.8929430793428307,6.904698934120995e-05,8.736560301054262e-05,3.4478993370772105e-05,2.5338791672671794,0.2096776424369453,0.3956705474380625,0.3946518101249921,-0.0728535238257203,-0.5262935758023396,-0.8471761541352321,3946.731723331469,True,wing_R,high
-0.0125044881053406,0.0027629279761222,-0.0021292126199973,0.0014825238519526,0.0014819437275826,0.219497206509671,0.219497206509671,0.219497206509671,False,0.2085781555648539,5.726314960011198e-05,4.0168461432571215e-05,0.0001067088225457,2.656532481953262,0.4633700547526762,0.1601993889513464,0.3764305562959774,0.9206435585675214,-0.3698419737087124,0.1250294067464733,5228.431027492047,True,body,high
-0.0139574631068594,0.0018235866759846,-0.0023141486013698,0.0012143513322875,0.0002588431770508,0.4499539142486116,0.4499539142486116,0.4499539142486116,False,0.1318141731230268,7.594719993430226e-05,3.24462535787936e-05,3.7609105682138014e-05,2.340707833952832,0.5047993116971846,0.0679794924343559,0.4272211958684594,-0.1885679531293472,-0.7147900682970916,-0.673436920072287,5420.534553492724,True,wing_R,high
-0.0136660256824949,0.004388303496623,-0.0028105000567419,0.0014370153994145,0.0002702026474409,0.371702613390775,0.3717026722403346,0.3717026470190948,False,0.1040866405118921,3.667250273104912e-05,3.8914493048069386e-05,9.444965172286247e-05,2.575489663619162,0.5879869079638994,0.0237374122204155,0.388275679815685,0.5809677297793051,-0.8111907375693912,-0.0666789639744611,8119.666292108388,True,wing_L,high
-0.0134619504860509,0.0043919970914091,-0.0026967238848388,0.0014776917390058,0.0003086077373741,0.4346853834261463,0.4346854422757058,0.4346854422757058,False,0.1208921976504959,2.703274365440163e-05,1.8396197722313828e-05,4.427794184138817e-05,2.406907259301788,0.3894760566957256,0.1950530122431055,0.4154709310611688,0.628232663184944,-0.2104581954077944,0.7490200724234615,4690.619459837697,True,wing_L,high
-0.0137685940490134,0.0047855621119244,-0.0027131168877826,0.0018203706758694,0.0005335946445761,0.3359634104207094,0.3359634272348692,0.3359633767923897,False,0.1705445224920292,3.637282085870774e-05,9.310371697740895e-05,3.629264173378051e-05,2.565360704805068,0.6093300886415376,0.000861180708249,0.3898087306502134,-0.1802604099109093,0.3798039806620163,-0.9073340734768192,9358.909782846957,True,wing_L,high
-0.0135683370910585,0.0036707910390651,-0.0019060495634399,0.0011051641128881,0.0009421967815754,0.1798596405768365,0.1798596069485168,0.1798596069485168,False,0.3163246772191219,9.6299829612478e-05,4.012569459268602e-05,3.888941358837138e-05,2.476247922680771,0.583325383293443,0.0128378316897296,0.4038367850168274,0.788873926192916,-0.547465797019119,0.2792116216549636,1695.042287700209,False,wing_L,high
-0.0142411467001501,0.0033026150182789,-0.0032325265984185,0.0007325971085181,0.0006585100126846,0.3109886998475232,0.3109886998475232,0.3109886998475232,False,0.3197426831649562,0.0001171325213018,8.88960808185217e-05,4.869468384847421e-05,2.40544782396323,0.2410640543679008,0.3432129396961841,0.415723005935915,0.6454181839008072,-0.59241116040924,-0.4821663456865914,5648.337906316225,True,body,high
-0.0136309846487711,0.0046032708956348,-0.0026633899239871,0.0016517899023163,0.0004329879165271,0.2135330558669117,0.2135329886102723,0.2135329886102723,False,0.4401711670531517,7.268915732934592e-05,3.1451196518294104e-05,3.0318056360719345e-05,2.397553341299391,0.5673192856564222,0.015588847074408,0.4170918672691697,0.6230188953754692,-0.476914187503244,-0.6200002530348285,5164.019706954812,True,wing_L,high
-0.0138829758047173,0.0022406423965707,-0.0027609537210997,0.0007289737647267,0.0002533801991136,0.1912339489233976,0.1912339489233976,0.1912339489233976,False,0.909817255796749,7.898170597627471e-05,2.9894709553346253e-05,8.421618242749159e-05,2.817093180892433,0.0621552331195214,0.5828689333572127,0.354975833523266,-0.2724660093915661,-0.2482010653411566,-0.9296012612350254,4653.826412493201,True,wing_R,high
-0.0138960582963054,0.0041430227886735,-0.0032096302963349,0.0012786272531012,0.0004415586766339,0.4586627200720344,0.4586627494968142,0.4586627200720344,False,0.1296114266952524,4.777461680326068e-05,0.0001074535850342,0.0001118314856144,2.3408138693193044,0.039147298779251,0.5336508578333486,0.4272018433874003,-0.712536091401978,0.583724423995104,-0.3893046561257338,6327.100083417053,True,wing_L,high
-0.0141847841616508,0.00327789651782,-0.002139508061472,0.0007285710721462,0.0007226006922808,0.2028669263051938,0.2028669263051938,0.2028669263051938,False,0.2633139458474409,4.472180122558495e-05,2.754294981676506e-05,6.533223841735372e-05,2.3720131232126334,0.3154711623395743,0.2629460098868554,0.4215828277735702,-0.3190251917650683,0.7780157701775998,0.5412156579167102,2245.663039596925,False,body,high
-0.0145478054723016,0.0019707841617401,-0.0027636313474815,0.0012156627380386,0.0004940843310114,0.488741576944941,0.488741576944941,0.488741576944941,False,0.0961771098176825,4.123007640300346e-05,0.0001213716714472,0.000101072574493,2.94376537799433,0.167247403880223,0.4930516106148356,0.3397009855049413,0.1271538447358763,0.5841897609069768,0.8015947997712649,6991.941430556342,True,wing_R,high
-0.0138059197298125,0.0047178646409483,-0.0027688568939262,0.0017523511808236,0.0005052128525091,0.5307763208343811,0.5307763208343811,0.5307763208343811,False,0.12344784776477,0.0001081071049832,0.000108606843102,3.792942587572917e-05,2.8633927509961,0.0046013501959339,0.6461625907087407,0.3492360590953253,0.5554410614060676,-0.6198612003046571,0.5543079646378632,7747.245798910149,True,wing_L,high
-0.0127427144278895,0.0027290815026562,-0.0019980008563762,0.0013402519037983,0.0013379358682982,0.4930844905310454,0.4930844905310454,0.4930844905310454,False,0.0722606938356707,0.000125481924085,5.3265288260938346e-05,9.285521348676836e-05,2.3557917019108343,0.2600112393569606,0.3155030137967125,0.4244857468463269,0.6273711228837666,-0.6397008734390466,0.4440588549875819,4481.975095610997,True,body,high
-0.0140364843594467,0.0044578433133864,-0.0031258327675971,0.001558583474703,0.000586539294618,0.3819027301049854,0.3819027301049854,0.3819027553262252,False,0.1812330801946218,0.0001208870742017,0.000138243403766,5.218575053161991e-05,2.6490642054159417,0.1255490612318001,0.4969591445128826,0.3774917942553172,0.6378702464375346,-0.6062028501430312,0.4750154241581894,6037.457426384233,True,wing_L,high
-0.0139665082040929,0.0020678912221007,-0.0026320209834879,0.000909636560128,0.0001664711408083,0.3061302651710983,0.3061302651710983,0.3061302987994181,False,0.9700684116051984,3.97898621610009e-05,3.636994188317119e-05,9.413159597836938e-05,2.5881700960848995,0.5772953624397884,0.03633126839383,0.3863733691663815,-0.711327638729591,-0.2700729450859853,-0.6489018375008399,6100.191333693683,True,wing_R,high
-0.0129922796449357,0.0033681215614211,-0.0013448098697669,0.0016625039071892,0.0016296396450965,0.4535902747689539,0.4535901864946147,0.4535901864946147,False,0.115679964649186,7.414629496949888e-05,3.152182205119604e-05,2.873320716137509e-05,2.5805088361027373,0.5748698965448916,0.0376096322947503,0.387520471160358,-0.9730469973304164,-0.0608160630995752,-0.2224431330819836,1937.312042955496,False,body,high
-0.0136841929119725,0.003867590859969,-0.0030734583860826,0.0009859586814896,0.0001895138244861,0.3640071171146544,0.3640071171146544,0.3640071171146544,False,0.8760878103109571,3.872623662380087e-05,4.084018579378413e-05,0.0001020266384708,2.634561149382381,0.5997105618112605,0.02071958070624,0.3795698574824994,-0.7501778687256038,0.4401609781152232,-0.4934485572164139,7111.00857373897,True,wing_L,high
-0.0153241545412881,0.0014027577181562,-0.0021665082976624,0.0022146641527432,0.0010140221302808,0.3629176688479812,0.3629176688479812,0.3629176688479812,False,0.2453763120080588,0.0001153340921352,0.0001147035926287,4.355237420965074e-05,2.648170030410185,0.0054667227598016,0.6169140199732825,0.3776192572669158,0.0950868040268129,0.4285873455966986,0.8984828250413819,12025.858748355811,True,wing_R,high
-0.0134665928400885,0.0037832987209804,-0.0028707166317183,0.0009175202903497,0.0001577325168513,0.3272020561441945,0.3272020561441945,0.3272020561441945,False,0.1299713909348167,8.521645379449469e-05,3.73826812018946e-05,3.745344383222113e-05,2.2795704067951075,0.5604904667525513,0.0008303869402637,0.4386791463071849,0.2481780752263058,-0.19694182996761,0.9484838209405444,8233.995022738989,True,wing_L,high
-0.0147388098841535,0.0029897640571083,-0.0031647248761277,0.0009959066114465,0.0009889559350205,0.6544927883738455,0.6544927883738455,0.6544927883738455,False,0.2604141186657273,3.0186295316553304e-05,6.991241315912024e-05,3.000433072526527e-05,2.3300774078006747,0.5682269578100606,0.0026027508287245,0.4291702913612149,0.1068513422082539,0.7959734620202333,0.5958263492225051,3654.3989894605984,False,body,high
-0.01376700879086,0.0047845459875264,-0.0027079489505199,0.0018194264495602,0.000535535835411,0.3438496381191642,0.3438496381191642,0.3438496381191642,False,0.1423693453677625,3.788048016339439e-05,3.717700859854534e-05,9.480263494052356e-05,2.550033972992464,0.6004279819104236,0.007420379879635,0.3921516382099413,0.1997078262693216,-0.3868429193070837,0.9002607066337812,9244.312985325729,True,wing_L,high
-0.0143897911367091,0.0052393127389843,-0.0030018526153258,0.0023528459582635,0.0011269259305409,0.4135585470972194,0.4135585470972194,0.4135584882476599,False,0.1320998714135719,8.687233981215452e-05,5.828212892297403e-05,3.045018925490205e-05,2.8529326725997044,0.3291060301932879,0.3203774610912223,0.3505165087154898,-0.5480569805698843,0.6326651080605299,-0.5471456909191363,4306.081593020728,True,wing_L,high
-0.0150509708822062,0.0017153563254239,-0.0025590553903008,0.0017388344245361,0.0008375154314762,0.3656874906224102,0.3656874906224102,0.3656874906224102,False,0.9268435559517736,0.000121156280197,4.040439879926779e-05,0.000121031037905,2.998591336525468,0.001033725133822,0.6654763498406754,0.3334899250255026,-0.0554566608895367,-0.5924383728978353,-0.8037047549200814,4298.233074359079,True,wing_R,high
-0.0152586720575797,0.0015537012120583,-0.0023777173275835,0.0020204716318444,0.000979956351963,0.4654578580214601,0.4654578580214601,0.4654578580214601,False,0.4106470316122073,0.0001202250715207,4.572832720044463e-05,0.0001118996028971,2.629115886828032,0.0692490220075028,0.5503949788484362,0.380355999144061,0.1010664542904417,0.524229851751389,0.8455581791632522,5998.843425650111,True,wing_R,high
-0.0139439905527791,0.005011822891885,-0.002723676459705,0.0020466996516861,0.0007337822200971,0.4670536226768172,0.4670536226768172,0.4670536226768172,False,0.137059705752442,8.891626025091041e-05,3.784729524349149e-05,5.296521091638046e-05,2.3493425270911827,0.4043248021574529,0.1700241961394702,0.4256510017030768,0.6626167144441784,-0.6203309761969575,0.4196767443041502,7491.463692846982,True,wing_L,high
-0.0137614282769528,0.0024005124280941,-0.002891962836003,0.0006024925239964,0.0003711049258089,0.2743048773767099,0.2743048773767099,0.2743048437483902,False,0.109401302208016,8.967425233120377e-05,3.941047122351632e-05,3.668929391345956e-05,2.444153123871008,0.5605151958450983,0.0303451351900469,0.4091396689648547,-0.6475985207543526,-0.0273157726067187,0.7614919595660038,3299.518577782825,False,wing_R,high
-0.0143422583488723,0.0052263587468404,-0.0029586716816609,0.0023248761415289,0.0010836648002372,0.4072142283001007,0.4072142283001007,0.4072142283001007,False,0.2661873077080536,3.254688173628472e-05,9.363316573905798e-05,8.503176782406836e-05,2.8768705554569776,0.0918627267069071,0.5605373445777897,0.3475999287153031,-0.5909238893193787,0.6195421723279925,-0.5166976424745626,4751.930285512141,True,wing_L,high
-0.0144042647648325,0.0048945206086802,-0.0032118796481816,0.002066573100714,0.0010531175138325,0.4214868270094757,0.4214868270094757,0.4214868270094757,False,0.2294617295060668,4.5275255341664455e-05,4.198668993190936e-05,0.0001061057410495,2.5271280308503017,0.5733006066041023,0.0309932844087996,0.395706108987098,-0.7389303825859065,-0.1551084515919669,0.655685334544085,9292.28804282851,True,wing_L,high
-0.0142833776212483,0.0031750024753596,-0.0033050206524192,0.0007635657561361,0.0007357932043552,0.3790902844353198,0.3790902844353198,0.3790902844353198,False,0.5797088099644768,5.7727517785248046e-05,3.2713084627999964e-05,7.27897434444715e-05,2.225095684867605,0.2069278575039057,0.3436532672536568,0.4494188752424374,-0.7179804222475757,0.4984215294185616,0.4858807387428059,8221.430189246013,True,body,high
-0.0153160028048883,0.0015562942072298,-0.0024023471740061,0.0020551565416813,0.001036851864617,0.5174368018576672,0.5174368018576672,0.5174368018576672,False,0.1678659150549131,3.8869168901729534e-05,8.769407659320029e-05,0.0001048037848539,2.6963217330153344,0.1632546790615982,0.4658696988806119,0.3708756220577898,0.1132460445462414,0.5288285273601581,0.8411395377966235,5936.310009900071,True,wing_R,high
-0.0141497686263675,0.0017752832276298,-0.0023241812842296,0.0012870919017203,0.0001344126343277,0.3601290320286726,0.3601290320286726,0.3601290320286726,False,0.5567905151190901,9.436299507623692e-05,3.662060365802219e-05,9.350301872013454e-05,2.5767733366013363,0.0091134915271353,0.6028042562251908,0.3880822522476738,0.1301799065848231,0.5956037487416336,0.7926596788070399,6985.429809077776,True,wing_R,high
-0.014961195769957,0.0027906845978381,-0.0030801327811785,0.0011814281059452,0.0011185509893062,0.5448123800446625,0.5448123800446625,0.5448123800446625,False,0.0105176762881386,3.100117482197173e-05,3.1299015392612884e-05,2.8290303032873034e-05,1.106351365563096,0.0095159725283706,0.0866120468996768,0.9038719805719524,-0.6563709059079761,0.317049160765242,0.6845853223197227,2064.954108723577,False,body,high
-0.0132710935641619,0.0032010975451408,-0.0019719847065603,0.0009681670228861,0.0009417814260869,0.1991303828168855,0.1991303828168855,0.1991303828168855,False,0.4175394337652313,2.654066886748039e-05,2.7240503272240044e-05,6.699013109928703e-05,2.5240558719063912,0.5933654282320107,0.0104468284100298,0.3961877433579595,-0.893571535889355,0.2075098283432805,-0.3980823801542594,2952.091001793676,False,body,high
-0.012707367876748,0.0026571391742975,-0.0023902972766738,0.0012293907130298,0.0012279825103034,0.2328807733307845,0.2328808405874239,0.2328807733307845,False,0.300457597225901,8.897080154174123e-05,0.0002254278235758,0.0001034002926604,2.5337281408004944,0.5413153042943256,0.0640093617986733,0.394675333907001,-0.7264379837647592,0.6868639153080341,-0.022490388869673,4912.31281008919,True,body,high
-0.0147728379317868,0.0030987645511583,-0.002953520387024,0.0009603233860722,0.0009580722450399,0.7572718794358779,0.7572718794358779,0.7572719298783575,False,0.2599005209079258,1.750796517274964e-05,4.006149597275118e-05,1.8217161104044376e-05,2.288186866804207,0.5452700738775399,0.0177026821908276,0.4370272439316324,0.8526622423830668,-0.4602298193024062,0.2472966110547305,2853.651412193346,False,body,high
-0.0135056128621827,0.0035032896098911,-0.0025298376196302,0.0006637744893752,0.0003550196804171,0.1321170442833323,0.1321170442833323,0.1321170442833323,False,0.4233700250697095,1.839442586553878e-05,4.5732601173420414e-05,2.015815646981719e-05,2.4862206359535586,0.5592169272555391,0.0385661554126399,0.402216917331821,0.8887317015896653,0.1045319045891392,-0.446350807675426,2939.011029949133,True,wing_L,high
-0.0143475070118611,0.005218299946396,-0.0029710267654487,0.002319520986795,0.001084503164771,0.3804017384616605,0.3804017384616605,0.3804016459837812,False,0.1270473269371995,9.41788273095139e-05,9.588940719739328e-05,3.88700214872259e-05,2.46692447105814,0.0178390912810426,0.5767978699506608,0.4053630387682965,0.5800847241300522,-0.6116323801179022,0.5379661182846658,4869.537115810834,True,wing_L,high
-0.0143870397644772,0.0048451129185827,-0.0032233164613636,0.0020188279827198,0.0010267826599203,0.4312136503449607,0.4312136503449607,0.4312137091945202,False,0.1362759513684536,9.534365430686546e-05,3.945612553840349e-05,3.565345846519073e-05,2.6741768796413283,0.5861693594057853,0.0398837982544051,0.3739468423398097,-0.4127384334140835,0.6174620537621379,-0.6696175010755998,14362.70605959027,True,wing_L,high
-0.0143685303256588,0.0052320669227722,-0.0029729619232722,0.0023376441886803,0.0011081450050803,0.3618747958041111,0.3618747958041111,0.3618748546536705,False,0.2171400402558312,3.2130661986706126e-05,8.562981069686434e-05,7.751428564672018e-05,2.665049687812009,0.0947745298523863,0.5299979445321364,0.3752275256154772,-0.5875392275729476,0.6183315920939486,-0.5219805535473009,4606.754348260902,True,wing_L,high
-0.0145596770896238,0.0016090404163246,-0.002244243475754,0.0015998087193494,0.0003560414532123,0.3144859105844317,0.3144858769561119,0.3144858769561119,False,0.7716983204879881,7.79078886870492e-05,2.9063117577437986e-05,8.63344236175234e-05,2.970583709317742,0.0976034190927737,0.5657624046464027,0.3366341762608236,-0.1741834111414544,-0.4557936025474671,-0.8728758967687953,8087.939229919029,True,wing_R,high
-0.0137833126541745,0.0042864882291336,-0.0029857027327064,0.0013498071121121,0.0002827215897302,0.3887761568844737,0.3887760980349143,0.3887760980349143,False,0.8320594042008683,4.989991060921821e-05,0.0001272294185328,0.0001415024528378,2.8357255776659627,0.1008677518917511,0.5464888160794404,0.3526434320288082,0.6856117486020337,-0.5593051862991746,0.4659551896456431,4637.107453791696,True,wing_L,high
-0.0140629332183582,0.0043235849162156,-0.0032302800566896,0.0014680824621591,0.0006188611586772,0.4054005185046815,0.4054005437259212,0.4054005185046815,False,0.2434194219049937,3.376387183929141e-05,7.802886658942986e-05,4.492681928551754e-05,2.311016549311349,0.4242282215643059,0.1430617659098269,0.4327100125258671,0.6995331233543036,-0.5707828665157633,0.4299538680163502,7328.486442409629,True,wing_L,high
-0.0139051704637469,0.0045566130027241,-0.0029372677532287,0.001606551602137,0.0004785801672593,0.4308269036505574,0.4308269036505574,0.4308268448009979,False,0.2739603269740963,2.4351045659371904e-05,6.918105485183073e-05,3.632262755246581e-05,2.840989081929024,0.4749627968197335,0.1730471141085398,0.3519900890717266,-0.6589371313429762,0.5582707915719098,-0.5041186172074605,6299.443817737863,True,wing_L,high
-0.0152886663104363,0.0015784625803567,-0.0024189799000061,0.0020180345386886,0.0010169784766646,0.4770844292083509,0.4770844292083509,0.4770844292083509,False,0.2776591357486604,9.51176059068997e-05,3.614784054756476e-05,8.608851075711035e-05,2.6313496039062194,0.0949255930455919,0.5250412868720339,0.3800331200823741,-0.1246825949121323,-0.5511438633901109,-0.8250422367208842,5783.108588287872,True,wing_R,high
-0.0147261552962473,0.0019045328405994,-0.0027439448158363,0.0013754865440134,0.0006282575075793,0.3062938837606636,0.3062938501323439,0.3062938837606636,False,0.1035073185380635,3.0891564553510534e-05,3.276947609386846e-05,8.36558511444201e-05,2.708048373513455,0.60828231802583,0.0224480596953819,0.369269622278788,0.3799962113140567,-0.7903960259939209,-0.4804966196342906,21741.1661837502,True,wing_R,high
-0.015363156578018,0.0014121259337771,-0.002182778247864,0.0022303270842228,0.0010514868693646,0.4552144427438489,0.4552145015934083,0.4552145015934083,False,0.3464724627390838,9.525077239431514e-05,3.7965217175746286e-05,0.0001074307866044,2.8297161084886016,0.1133754540493574,0.5332322049309222,0.3533923410197204,-0.1095680978447136,-0.4271373525571025,-0.8975235450868131,10320.728227791566,True,wing_R,high
-0.0143926755561202,0.0048472007926729,-0.0032187547147621,0.0020211106505466,0.001031951354842,0.4149374679399849,0.4149375267895444,0.4149375267895444,False,0.1041833722050494,4.197071636170226e-05,4.4536530458457794e-05,0.000104020083653,2.478396669635784,0.5718468117465031,0.0246665259885106,0.4034866622649862,0.5462170183806357,-0.6314358588581301,0.5503959710785173,13925.200763589031,True,wing_L,high
-0.0127058257652623,0.0028115944332184,-0.0021742205007407,0.0012757399027637,0.0012749767599887,0.1477245191437284,0.1477244518870889,0.1477244518870889,False,0.7936269791006751,0.000120058306117,0.0001094746818468,6.230812363236879e-05,1.9268483645147525,0.088154036255324,0.3928637654481147,0.5189821982965612,0.2015475365372322,-0.7405198337526716,-0.6410998099630727,6649.880347453955,True,body,high
-0.0146366750761206,0.0014244582264328,-0.002052272021636,0.0018506405523064,0.0004599948845271,0.5417747465355763,0.5417747465355763,0.5417747465355763,False,0.0921185445960725,2.740983614323585e-05,2.6148188917531576e-05,6.263992315713583e-05,2.3955740626892,0.562422257854999,0.0201412639434337,0.4174364782015672,0.0294708548859784,-0.609636001802909,-0.7921334572015336,8236.683965859696,True,wing_R,high
-0.0138032153418973,0.0047913642573012,-0.00273524551401,0.001825066751701,0.0005464850478708,0.4777967043428892,0.4777967043428892,0.4777967043428892,False,0.1138782768214021,4.042783343625273e-05,0.0001184169294166,6.920626234970706e-05,2.9290941252988,0.4155712135873443,0.2430263059109446,0.341402480501711,0.5581460712190369,-0.5832880640683483,0.5901254082804365,9356.547057537386,True,wing_L,high
-0.0136869760197532,0.0040124883319953,-0.0029464877943175,0.0010847692187116,0.0001188218510101,0.3361206732578489,0.3361206732578489,0.3361206732578489,False,0.1680771682053723,1.655074485424961e-05,4.300299910356733e-05,3.9635265373952064e-05,2.5982515882072685,0.0783139269311077,0.5368118736115656,0.3848741994573266,0.6223252188452042,-0.4910745518807342,0.609554842884875,11534.341037885271,True,wing_L,high
-0.0134293204934994,0.0038313780590365,-0.0028301416349631,0.0009702574730718,0.0001932142290933,0.3877819776475485,0.3877819776475485,0.3877819776475485,False,0.1453075297542858,3.0342064109018507e-05,8.052496505754718e-05,2.79612709985425e-05,2.879874990723583,0.6231968050239507,0.0295659005722582,0.3472372944037911,0.6967430680641035,0.1298428185015624,-0.7054714307384753,9997.95273737905,True,wing_L,high
-0.0128622467216172,0.0026242669472585,-0.0027966000502189,0.0010525193572874,0.0010513949465878,0.5062800645361114,0.5062800645361114,0.5062800645361114,False,0.3885107005130475,0.0001199148704761,6.290752237343455e-05,4.580912047229323e-05,2.617707330764217,0.4753984879137329,0.1425878361311102,0.3820136759551568,-0.8696565042593543,0.3051329960661311,-0.3880611025484344,3379.239592136906,False,body,high
-0.0145972821499958,0.0017421754232744,-0.0024467137890083,0.0014569609738845,0.0003924999582046,0.265608980624517,0.265608980624517,0.265608980624517,False,0.5130150545653864,4.089864995504418e-05,3.448323537492677e-05,0.0001025833466609,2.9748759229099804,0.6013129685636401,0.0625385580500095,0.3361484733863503,-0.3800316117570013,-0.0630818737279357,-0.92281994520727,6075.799744813829,True,wing_R,high
-0.015326291833958,0.0014037982464359,-0.0021469287793316,0.0022202268424102,0.0010193695925048,0.3247551755310526,0.3247551755310526,0.3247551755310526,False,0.239125548604501,9.80900850901386e-05,3.941144843924084e-05,9.59478140567845e-05,2.4888728776705693,0.0218398325517354,0.5763718684267661,0.4017882990214985,-0.0988373597429077,-0.4142101551615025,-0.9047989410250958,11652.356884151784,True,wing_R,high
-0.0153013539569614,0.0014071311131859,-0.0021493456615042,0.0022007840064488,0.0009964749786015,0.3190286257812279,0.3190286762237074,0.3190286762237074,False,0.1975137922919508,0.0001185012060554,4.872673721327896e-05,0.0001124014352464,2.4319544634560497,0.0514743352584513,0.5373337550957981,0.4111919096457506,0.090948283464189,0.4338403640543743,0.8963877220556321,11111.311658257271,True,wing_R,high
-0.0143637279630419,0.0047978865095692,-0.0032256484364569,0.0019694139370161,0.0009940499646057,0.4126046041448311,0.4126046041448311,0.4126046041448311,False,0.0894564082252022,4.243764072503248e-05,4.816704567396746e-05,0.0001043568704338,2.4590639029631625,0.5384391514068911,0.0549020387935734,0.4066588097995354,0.548925213784921,-0.6433049190203538,0.5337039355629624,12612.718177253264,True,wing_L,high
-0.0142787956753425,0.0032129364417366,-0.0028560316617369,0.0005126892559011,0.0004899434149976,0.122180514746115,0.122180514746115,0.122180514746115,False,0.477056030037965,0.0001282033863354,9.233042781544078e-05,0.0002443153062011,2.6460974131897146,0.4752543820160391,0.1468305816684388,0.3779150363155221,0.0529455442725461,-0.6756903284242535,-0.735281816323244,5053.929525546238,True,body,high
-0.0136140183307849,0.0039419587559316,-0.0029426223321497,0.0010305571789272,3.906008292874713e-05,0.3358967927193573,0.335896826347677,0.3358967927193573,False,0.190955951572387,3.921278428778079e-05,0.0001176756077348,6.397262039386237e-05,3.0009500695283338,0.4563646483302968,0.2104075481970609,0.3332278034726423,0.5853256848183666,-0.5152028130100903,0.626067012514156,9071.134384950496,True,wing_L,high
-0.0137403811392777,0.0045014627807717,-0.0028101374987905,0.0015417596795178,0.0003611547540446,0.4314374047772533,0.4314374047772533,0.4314374047772533,False,0.2108849125827604,4.285765673587398e-05,9.32577183535202e-05,9.96546401427914e-05,2.325247055781646,0.0641909075192614,0.5057472642059603,0.4300618282747783,-0.6507883740630802,0.5206402749151233,-0.5526374908750197,9754.555888860075,True,wing_L,high
-0.0141923286906648,0.0031147467924124,-0.0022347870405094,0.0006013537072615,0.000599751385134,0.1643949179336236,0.1643949179336236,0.1643949179336236,False,0.5051578781917114,6.428397266236891e-05,0.0001612479517235,0.0001567773349682,2.5083694277955693,0.0277251072493357,0.5736095331274487,0.3986653596232155,0.2825701747739658,-0.6980689578076187,-0.6579162761883881,2654.093133939479,False,body,high
-0.0150650484955733,0.001605182417468,-0.0023741925871578,0.0018534044325027,0.000806657195418,0.3148888451112369,0.3148888451112369,0.3148888451112369,False,0.6744621383968263,7.455229606835279e-05,3.059704685610083e-05,8.58395325702267e-05,2.805484234277038,0.1314922875732069,0.5120630075226873,0.3564447049041057,-0.0761902305447954,-0.4420137486376736,-0.8937666892342779,4340.0083006968525,True,wing_R,high
-0.014706962778991,0.0017622287134131,-0.0024852711559103,0.0014934667787358,0.0005065532686128,0.5078287716124547,0.5078287716124547,0.5078287716124547,False,0.1127403749046467,7.499055123932336e-05,2.966840425591536e-05,7.563675406667623e-05,2.549404188180953,0.008543502895209,0.5992079848304315,0.3922485122743595,-0.0581294038078419,-0.4973297052773273,-0.8656120012232453,7797.246726724359,True,wing_R,high
-0.0132793461593305,0.003228210127408,-0.0029012680305969,0.0006593050677321,0.0004959929631756,0.3339582714153219,0.3339582714153219,0.3339582714153219,False,0.1577248157402852,0.0001011124397495,4.384007643608703e-05,4.809172418601571e-05,2.306392870845812,0.5243738129042537,0.0420487109247958,0.4335774761709504,-0.58223610809317,0.771625522876152,0.256115534239186,4500.350506465055,True,wing_L,high
-0.0139914674272658,0.0046120822210611,-0.0029656716881739,0.0016704926589688,0.0005726651908929,0.4349994677287289,0.4349994088791694,0.4349994677287289,False,0.2349789730876982,2.764231282266188e-05,6.305341498399646e-05,6.525228688806967e-05,2.360594328943929,0.0336980052184997,0.5426798638042667,0.4236221309772336,0.6218910591968836,-0.5761383276844668,0.5303924376006167,5708.091570998973,True,wing_L,high
-0.0139827200801572,0.0042088828666659,-0.0032467091957846,0.0013592218029731,0.0005406288456159,0.3793213698413099,0.3793213446200701,0.3793213698413099,False,0.2449107692169031,3.060542255257426e-05,7.188404023747785e-05,3.9935387099213526e-05,2.348735427978321,0.4444470988653112,0.1297918775268692,0.4257610236078196,0.6645692423868461,-0.6451817411888455,0.3769459416281104,6901.223250700552,True,wing_L,high
-0.0140062667436251,0.0021109647388551,-0.0027050447470758,0.0008697447325913,0.0001875727742749,0.2003687120620095,0.2003687120620095,0.2003687120620095,False,0.4675636307343521,3.415551730389972e-05,8.599865774102889e-05,3.417549053741536e-05,2.517855518798129,0.6026043727295216,0.0002322505262325,0.3971633767442459,0.6883926628280337,-0.7099552044794692,0.148590542757755,6828.836751684403,True,wing_R,high
-0.0142449264046001,0.0033431950162324,-0.0032727440742361,0.0007824498985152,0.0006913342358038,0.3289278446977232,0.3289278446977232,0.3289278446977232,False,0.0987785101839958,0.0001371124583783,8.17692610023692e-05,5.9745615685961007e-05,2.294937574984752,0.4036336160149819,0.1606246841234676,0.4357416998615505,0.6477767231802871,-0.645699366743514,-0.4042989546026978,5478.663760078129,True,body,high
-0.0145171984590653,0.0032203967508068,-0.0030306240875285,0.0007797184108595,0.0007686175486516,0.1264659396687845,0.1264660069254239,0.1264659396687845,False,0.8142609883021737,0.0001573855406116,0.0001454518145986,5.587091401247682e-05,2.816949452025476,0.07582479284052,0.5691812617477267,0.3549939454117532,0.2617336905803079,-0.6233499546916654,-0.7368380481497341,4077.97258183411,True,body,high
-0.0140800458628439,0.0018360745854013,-0.0023718981570093,0.0012018611839739,0.0001288464577194,0.3424212920535,0.3424212920535,0.3424212752393402,False,0.5070738505335167,7.668504518700942e-05,3.3685203072114524e-05,7.900995708683667e-05,2.345538986886593,0.0294255557849756,0.5442332042736778,0.4263412399413465,-0.1272827466436522,-0.5760935330783947,-0.807412746711433,7468.010349303768,True,wing_R,high
-0.0148752614603817,0.0018139533077831,-0.0026242777555141,0.0015430957368579,0.0007063227429948,0.3517572366147969,0.3517572702431166,0.3517572702431166,False,0.1732915361357049,3.220318183380097e-05,3.446436410516984e-05,9.325540600742744e-05,2.8958444693047403,0.6304303891784581,0.0242471977569726,0.3453224130645693,0.4511763413550127,-0.7248230555477119,-0.5206452219582772,8143.631108473177,True,wing_R,high
-0.0146164314539406,0.0015050899304155,-0.0021368805589697,0.0017456486301557,0.0004208247242947,0.3813676615029465,0.3813676867241863,0.3813676867241863,False,0.0910334182269156,8.727458352001702e-05,3.4467585298024044e-05,9.275405183074572e-05,2.6910516367406543,0.0590752447206018,0.569322818569191,0.3716019367102072,-0.0985166019873334,-0.529347045267202,-0.8426661170355385,7024.115930426098,True,wing_R,high
-0.0153237148070528,0.0013851675655107,-0.0021516730580324,0.0022304957613132,0.0010107138697401,0.4211831380612245,0.4211831380612245,0.4211832053178639,False,0.1342825788334158,0.0001127613794437,4.533219952586886e-05,0.0001104674367618,2.487445582237736,0.0203433364613896,0.5776378185271799,0.4020188450114305,0.0927761399379707,0.4045489626303621,0.909798178000433,11487.57048749885,True,wing_R,high
-0.012753573032834,0.003067914013646,-0.0024059180267693,0.0011453949934191,0.001099701903327,0.2226115588266431,0.2226115588266431,0.2226115588266431,False,0.1000378326655643,4.413826543689489e-05,5.455756727605045e-05,2.115596999526377e-05,2.5788260849426594,0.1909781238308511,0.4212485378122759,0.387773338356873,0.4432400908981374,-0.763552135198879,-0.4696023409799441,6368.149276230141,True,wing_L,high
-0.0136616563910249,0.0044452331288719,-0.0027792705592527,0.001492101289087,0.0003077107043294,0.4008194838375719,0.4008194838375719,0.4008194838375719,False,0.1651709064303563,4.4063864758589736e-05,0.0001122331589929,0.0001044685445903,2.5470566326367114,0.0691828909772178,0.5382070715440315,0.3926100374787507,0.4115256889566538,-0.5415880612512569,0.7330272704605583,8424.614671269235,True,wing_L,high
-0.0134387207047432,0.0026534589891273,-0.0023222972874718,0.0006481692089218,0.0005910328778986,0.1853954336830873,0.1853954336830873,0.1853954336830873,False,0.4797263514386266,0.0002166461103647,0.0002313310621644,8.592225399004432e-05,2.692330000924636,0.0634802419626202,0.5650942642618891,0.3714254937754906,0.2948939305952898,-0.8169184603077063,-0.495662989244251,4846.599127071094,True,body,high
-0.0143862238749249,0.0030740476626008,-0.0031551769100242,0.0007029567324307,0.0007010376738884,0.1891596869068394,0.1891596869068394,0.1891596869068394,False,0.742996069062077,0.0001428890380506,6.449804092536827e-05,0.0001836649404082,2.847604946959791,0.2220124443293585,0.4268152481960259,0.3511723074746155,-0.0875175782604287,-0.689033153687495,-0.719426150911193,6951.568405056919,True,body,high
-0.0133805702443347,0.002507050001716,-0.002278538474611,0.0007879173037634,0.0006799847271384,0.1833174052947213,0.1833174052947213,0.1833174052947213,False,0.4366279410445792,8.087035781079348e-05,7.916344275103324e-05,8.137826507256786e-05,1.0279778423545851,0.0062413134676866,0.0209750731136639,0.9727836134186494,0.9052131371046824,0.2222542466916659,0.3622046745151414,3974.347990986385,True,body,high
-0.0143295916640465,0.0031418221180562,-0.0032222207940224,0.0007213836886098,0.0007068456396614,0.3094972502399169,0.3094972502399169,0.3094972502399169,False,0.406850209797859,4.209173017031931e-05,9.159321189804734e-05,4.342268841707243e-05,2.176038179647784,0.5259180509423957,0.0145311887111745,0.4595507603464297,-0.2026586414214903,-0.7348583122821717,-0.647234683810281,7641.074083006556,True,body,high
-0.0139666631889385,0.0042169836294746,-0.0032264811800585,0.0013573641045515,0.000517490915323,0.3609178683383482,0.3609178431171085,0.3609178431171085,False,0.1934299746485516,3.1194271579094066e-05,7.175883276308233e-05,7.632039839021914e-05,2.44661582164874,0.0597686296632513,0.5315035303744801,0.4087278399622685,0.651610169115102,-0.6348390673855673,0.4151909753677354,7228.181543745057,True,wing_L,high
-0.0143378997262222,0.0048010809787153,-0.0032145963563729,0.0019629858985906,0.0009681150659436,0.408730899147492,0.408730899147492,0.4087308066696128,False,0.2903918063609174,2.536971358979277e-05,2.531238922960189e-05,6.325095813109235e-05,2.498814219288424,0.598903884788399,0.0009063002661883,0.4001898149454126,-0.5659213325543191,-0.2803195450657809,0.7753412139271696,11661.88163313743,True,wing_L,high
-0.0134445145645106,0.0038493288676798,-0.0028281216960063,0.000979594044437,0.0001772499522166,0.3511070666814592,0.3511070330531395,0.3511070666814592,False,0.1407211260369656,3.108228892045421e-05,8.34798016637394e-05,3.299774647708532e-05,2.685767508222477,0.6047217911465361,0.0229451618050874,0.3723330470483764,0.7521945491374021,-0.2992050008608437,0.5870943090405858,10060.03889273113,True,wing_L,high
-0.0140502146746186,0.0020590001208045,-0.0026866491006942,0.0009295114569566,0.0001719064077049,0.2738803702828085,0.2738803702828085,0.2738803702828085,False,0.0763217851050371,4.761628044596833e-05,7.652373839134367e-05,2.843322375645036e-05,2.6913493540803124,0.3777580467585382,0.2506811231753406,0.3715608300661212,-0.1429947144514508,-0.36444678541161,-0.9201799021072412,6539.245819877163,True,wing_R,high
-0.014323169582831,0.001669498371408,-0.0022496131934407,0.0014545645321943,0.0002052256204261,0.3298656040212494,0.3298656376495691,0.3298656040212494,False,0.1818763319494295,7.733522857092731e-05,3.014262690913958e-05,7.644022335819384e-05,2.565643293268458,0.0115730596427037,0.5986611445337986,0.3897657958234977,-0.092567599964955,-0.5456727384087381,-0.8328700390782686,9527.82181575294,True,wing_R,high
-0.0146980170062302,0.0019064433694577,-0.0027480754930371,0.0013564262000546,0.0006057102063045,0.3450822673640968,0.3450822673640968,0.3450822673640968,False,0.0961570498589398,3.2099636440038134e-05,2.966452823179348e-05,8.076053077832668e-05,2.722461323075085,0.6025331169733649,0.0301522065887431,0.3673146764378919,-0.5166427823789036,-0.398455140945644,-0.7578349002716702,19190.583633927155,True,wing_R,high
-0.0153687329806426,0.0014793301259106,-0.0023065365043094,0.0021614248069978,0.0010663700521178,0.4448725322195672,0.4448725322195672,0.4448725322195672,False,0.1019511484644986,0.0001059878187123,3.691651755280758e-05,9.94840504239282e-05,2.871013457886066,0.06136335635058,0.5903275832187864,0.3483090604306336,-0.1203924107739185,-0.4874965195434524,-0.864784835008723,6436.162665388961,True,wing_R,high
-0.0128854923045097,0.0027352346473499,-0.0025320820030584,0.001011028724843,0.0010110244784564,0.1396389595801727,0.1396389595801727,0.1396389595801727,False,0.649000828512188,0.000107291130226,0.0001203332403481,0.0002735593700618,2.54969231366486,0.5601202023495437,0.0476756110352382,0.3922041866152181,0.7590885477981504,-0.5805077793298197,0.2946104117970995,4607.865225505805,True,body,high
-0.0142852292007288,0.0031017628847306,-0.003346432735997,0.0007814190544534,0.0007682771815588,0.2587559662350946,0.2587559662350946,0.2587559662350946,False,0.2971042440812065,6.429960758668623e-05,0.000120529522912,6.220457839469531e-05,1.937631055824395,0.4665240014795472,0.017381875754375,0.5160941227660777,0.3457274919653992,-0.6789195323733347,-0.6477196691943878,7127.76939933665,True,body,high
-0.0142434557175316,0.0028481651099685,-0.003206164796952,0.0006428377928642,0.0006326303450783,0.2973029321313059,0.2973029321313059,0.2973029321313059,False,0.1193482491832763,0.0001235125933255,0.0001139588334608,8.900865231995168e-05,1.3876470444872135,0.0773504920225953,0.2020051597097681,0.7206443482676365,0.0957303588505454,-0.9906528744318838,0.0971729426033386,4451.61602919016,True,body,high
-0.0146417676959361,0.0019122763267261,-0.0027290615043171,0.0013170382148538,0.0005485706395785,0.3003927189607274,0.3003927189607274,0.3003927021465675,False,0.2348114784710544,7.080394281683265e-05,3.0379849680721224e-05,8.120677632106403e-05,2.6730473381044115,0.1281030226234089,0.4977921174495129,0.3741048599270781,-0.0922809524595628,-0.6229191314676163,-0.7768242925300335,11614.974914645274,True,wing_R,high
-0.0153816621433458,0.0013830723977142,-0.0021739162597387,0.0022652124836691,0.0010618012598022,0.4242042306405515,0.4242042306405515,0.4242042306405515,False,0.1163080877921769,8.331310043922004e-05,3.0582198034919504e-05,7.457064176659848e-05,2.7242352019332,0.1049349817319487,0.5279895178522392,0.367075500415812,-0.1119524675047425,-0.3613371698294614,-0.9256900640707096,9210.181870031493,True,wing_R,high
-0.0139163307161574,0.0050035664548356,-0.0026819002239952,0.0020375417714901,0.0007316395518458,0.4543236495723423,0.4543236495723423,0.4543235907227828,False,0.1079408350498238,2.4684655521556303e-05,3.074382109465956e-05,6.473473456303085e-05,2.6224686225213927,0.5250799852322722,0.0935999137712316,0.3813201009964962,0.6497482343584937,-0.6062362857112634,0.4585900106140899,7041.211954141399,True,wing_L,high
-0.0126443890635711,0.0026393546846227,-0.0024350573043452,0.001282393412583,0.0012814076923822,0.2537282802255525,0.2537282465972328,0.2537282465972328,False,0.1682163645236146,0.0001004140697482,3.945928644166792e-05,4.004995953695792e-05,2.544751281720645,0.6011519138963166,0.0058823738224244,0.392965712281259,-0.1589914750384133,-0.916068619619002,-0.3681575681884673,4245.022406075362,True,body,high
-0.0137735927217906,0.0048417038583099,-0.0027029939740574,0.0018762395296115,0.0005619507999615,0.3084778917986063,0.3084778917986063,0.3084779086127661,False,0.1510607131682641,2.1261936061406466e-05,5.132448159832983e-05,2.188101275419364e-05,2.4139138340977,0.5736729904953258,0.0120620155042602,0.4142649940004139,-0.6549321016673242,0.5429533585444256,-0.5256097341668529,8557.577221228372,True,wing_L,high
-0.0136486006322696,0.0040598136228878,-0.0029045632808875,0.0011287226882315,9.74278349695483e-05,0.3622140046650595,0.3622140298862993,0.3622140046650595,False,0.1717699122769611,7.63433290475016e-05,3.0892949227653004e-05,7.633888796968015e-05,2.471221782191157,5.8172441218650216e-05,0.5952836915685222,0.4046581359902591,-0.5844802523596977,0.5759863086990441,-0.5715090609892319,8554.95344735607,True,wing_L,high
-0.0140067746108291,0.0021709568669139,-0.0027453913660214,0.0008116486229214,0.0002075970438482,0.2751005066069676,0.2751005066069676,0.2751005402352874,False,0.2337040298901429,3.78797215325295e-05,7.641944994423863e-05,2.5925310994979104e-05,2.947677270256801,0.5043183173894946,0.1564315177127449,0.3392501648977604,-0.1211252024444604,-0.3259129837606129,-0.9376083469919856,6055.828611352378,True,wing_R,high
-0.0143713792325031,0.0016039698673855,-0.0021829570479323,0.0015503030390554,0.0002631044384358,0.406885957050139,0.406885957050139,0.406885957050139,False,0.1620603077846978,5.874747656430688e-05,2.4617302262861128e-05,6.175441192131374e-05,2.508577555002016,0.0486918304855406,0.5526758856506278,0.3986322838638316,-0.0614921080421264,-0.6567672807252671,-0.7515819713226723,12665.532244480297,True,wing_R,high
-0.0134564967629966,0.0038481827775685,-0.0028700309326918,0.0009796189235515,0.0001527681697557,0.387614399323337,0.3876144329516567,0.387614399323337,False,0.127704114014979,3.2120000274888474e-05,3.447044518068787e-05,8.362665660000327e-05,2.603569610345952,0.5878055325640446,0.0281064077097075,0.3840880597262479,-0.8149592327557071,0.3251268860056711,-0.4797227917688351,9651.094802212836,True,wing_L,high
-0.0134538217032179,0.0038302012425247,-0.0028507230299793,0.0009615534300306,0.0001639581599793,0.3475367143491742,0.3475366807208545,0.3475367143491742,False,0.2064185947552718,2.3441700536241647e-05,2.741705174848085e-05,6.486506650287452e-05,2.7670802466992943,0.5773217661425529,0.061286474007747,0.3613917598497,0.0691184239385575,-0.3200923771719178,-0.9448616372510212,10386.817277906106,True,wing_L,high
-0.0131108352796779,0.0032949124407252,-0.0016072090935531,0.0013686727940028,0.0013393919093966,0.2967005480402808,0.2967005480402808,0.2967005480402808,False,0.1697786829346051,8.057274546307128e-05,4.7992760251596144e-05,3.074256037802912e-05,2.620885979316624,0.4043549096438255,0.2140947261313475,0.3815503642248269,0.6668130437530924,-0.7402257870704273,0.0861751056669083,2581.893497160529,False,body,high
-0.0137598383959787,0.0046152203990518,-0.0027843066254208,0.0016524119372819,0.0004278091219317,0.4741279786665928,0.4741279786665928,0.4741279786665928,False,0.1744289890862835,4.136212759625925e-05,9.803626414098984e-05,0.0001030620225302,2.491700222392698,0.0487644067703999,0.549903205403374,0.4013323878262261,0.586913977455234,-0.5453343141412572,0.5984500554664205,7693.031501598892,True,wing_L,high
-0.0127894019111169,0.0028074400674701,-0.0022052314449218,0.001188173148495,0.0011879166466902,0.1464506447646673,0.1464506447646673,0.1464506447646673,False,0.8027999210150447,0.0001190787985557,0.0001406672423868,6.12228425031647e-05,2.297626778428957,0.1534717213815154,0.4112965824229136,0.4352316961955709,0.1073529937809511,-0.7308233434444606,-0.6740716396666808,6934.085703416676,True,body,high
-0.0129235120890086,0.0027587319725422,-0.0021888274181072,0.0010858481609135,0.0010842179765937,0.1948052428486346,0.1948052428486346,0.1948052428486346,False,0.1950555415884744,0.0001022445313243,0.0001074245883173,0.0002397681094339,2.345045806638733,0.5519646521341147,0.0216044452502352,0.42643090261565,0.3469178514377553,-0.6991728875434351,0.6251442055062068,7561.742653575556,True,body,high
-0.0131765968495297,0.0032551190092437,-0.0022312314449593,0.0008772238381978,0.0008034649678285,0.1145805144909003,0.1145805144909003,0.1145805144909003,False,0.276107077856428,8.981238794569975e-05,5.6579985642999816e-05,3.4225850096883287e-05,2.6241097793471124,0.3700202506896056,0.2488981315097841,0.3810816178006102,0.2185825610512446,-0.9376516758749264,-0.2702424813629811,3087.3918816699165,False,wing_L,high
-0.0143086399105204,0.0031570364919424,-0.003323456275732,0.0007877534538436,0.0007659097974669,0.1784790971676448,0.1784790971676448,0.1784790971676448,False,0.6056646741966725,4.152512321208294e-05,9.41369374976006e-05,5.521036186245834e-05,2.2669875539396047,0.4135101127135609,0.1453758642905099,0.4411140229959291,-0.2007250371306281,-0.6538689047821525,-0.7294963432587556,8438.379676558574,True,body,high
-0.0144481628572785,0.0015999255640609,-0.0021925512796351,0.0015779428060077,0.0002973522597139,0.3870663081544891,0.3870664006323684,0.3870663670040487,False,0.1298673199943355,6.16638999652652e-05,2.4559101532902864e-05,5.70413160891002e-05,2.510836965377234,0.0749641829136475,0.5267622478385946,0.3982735692477578,-0.1738238821898687,-0.6099188017753987,-0.7731651267493287,16824.528794488986,True,wing_R,high
-0.0130715278210831,0.0026613941845414,-0.0024676646619354,0.0008736671411741,0.0008633350604661,0.1694998650077072,0.1694998986360268,0.1694998986360268,False,0.6289550423919406,7.999293122727333e-05,8.765494574284181e-05,0.0002244700646305,2.806123756020753,0.609502737538313,0.0341337920857196,0.3563634703759674,0.7480863565586753,-0.5236366169950132,0.4076413821887865,5430.581654796491,True,body,high
-0.0143908122727222,0.0029013955080401,-0.0030608592344085,0.0006455437350956,0.0006320532778782,0.1365507364676179,0.1365507364676179,0.1365507364676179,False,0.7708624256596648,8.263598288860613e-05,8.747139797780055e-05,7.786703508840103e-05,1.123343117899582,0.0552799566599085,0.0545200821120454,0.890199961228046,0.4408225958106853,-0.6341356768361041,-0.6352537936811913,5199.54853498599,True,body,high
-0.0138222248096591,0.0028429453102397,-0.0030927105748158,0.0004043697327517,0.0004030797065639,0.1591415354563254,0.1591415354563254,0.1591415354563254,False,0.2253269599814572,9.265803708762436e-05,0.0001155604007089,0.0002741166688478,2.9583690466983747,0.5784262183154649,0.0835496933389553,0.3380240883455798,0.3895539858621271,-0.691554656371343,0.608276129196308,8746.037289723468,True,body,high
-0.0130337225912247,0.0027546082440105,-0.0021265503795605,0.0010279352595205,0.0010226077257954,0.1850461026979052,0.1850461026979052,0.1850461026979052,False,0.4607806518846045,6.82272751851046e-05,0.0001020875178925,7.265727630288786e-05,1.4962860178074775,0.288284426903749,0.043394150521368,0.6683214225748829,0.4546921623617231,0.1481882095157784,0.8782341897508479,6657.72259474895,True,body,high
-0.0147149830953035,0.0019272878936669,-0.0027494227729032,0.0013509835932933,0.0006242176264853,0.4911814933432472,0.4911815532436917,0.4911814933432472,False,0.0812330940975162,6.956351655976142e-05,2.9321079063160755e-05,7.303116119499138e-05,2.4907392063462064,0.0474817129905881,0.5510310508298555,0.4014872361795563,-0.0558619804155477,-0.6334956085561894,-0.7717271234601492,20971.87378728754,True,wing_R,high
-0.0126097632737141,0.0026604059291146,-0.0023007027626796,0.0013445492270765,0.0013436801009148,0.23389838309947,0.23389838309947,0.23389838309947,False,0.3391051422641765,0.0001882616662164,9.518652603376218e-05,6.722654500193035e-05,2.800406687730855,0.4943924169654064,0.1485165917934995,0.357090991241094,0.8116207355572892,-0.5797646893724039,0.0717264704998409,5058.012784486607,True,body,high
-0.014064880694724,0.0043190610116686,-0.0032307335805579,0.0014643450733311,0.0006200729951301,0.4166974480875822,0.4166974480875822,0.4166974480875822,False,0.2751206896777732,2.3968374082055417e-05,3.76098947608551e-05,6.391767485394512e-05,2.66675055367226,0.4115885027608487,0.2134232934782311,0.3749882037609202,0.687575366367016,-0.5880580477549208,0.4259434798608087,7261.12658816689,True,wing_L,high
-0.0136573745764663,0.0040010134078542,-0.0029624105236248,0.0010823177288712,9.324464383355558e-05,0.381250180968028,0.3812502398175875,0.3812502061892678,False,0.141287895364044,2.8272502010297654e-05,7.127887110821947e-05,4.0545017326833306e-05,2.521137714739844,0.4311776169227533,0.1721760617940041,0.3966463212832425,0.5961184496164392,-0.5499354092381639,0.5849904611982542,13360.436213671956,True,wing_L,high
-0.0142481192778009,0.0046007469568447,-0.003250117238629,0.0017654767976845,0.0008472537175074,0.4200066681102131,0.4200066933314529,0.4200066933314529,False,0.1592153176307787,2.024969842298446e-05,5.235618575209247e-05,2.5169908414506872e-05,2.5855291599140795,0.5192562625992875,0.093975715015217,0.3867680223854954,-0.6049692028318336,0.6505408793370087,-0.4591392250030996,7337.803705331303,True,wing_L,high
-0.014747403353991,0.0017311074222658,-0.0024574780898883,0.0015460575323582,0.0005353234381161,0.3543593959942152,0.3543593959942152,0.3543593959942152,False,0.1487000190925237,5.02198206758608e-05,7.772414200157433e-05,2.9590697710561248e-05,2.6266410735504127,0.3538710189320124,0.2654146116515728,0.3807143694164147,-0.0739874891908767,-0.4306198319535721,-0.8994956429975118,7609.367376598077,True,wing_R,high
-0.0148333500192071,0.0018464897100644,-0.0026647763348278,0.0014893060855455,0.0006854352211667,0.3062833076541137,0.3062833244682736,0.3062833244682736,False,0.1524388244069761,9.835142594308532e-05,3.89000592538102e-05,9.94890789463502e-05,2.557555974329407,0.0114349536181591,0.5975667612857735,0.3909982850960674,-0.0272412879180548,-0.6445198185260215,-0.764102163169134,10704.175939766266,True,wing_R,high
-0.0140558720865564,0.0027866960002497,-0.0027503581918911,0.0002742766760427,0.0001705202102271,0.1299008707575838,0.1299008707575838,0.1299008707575838,False,0.149771627988813,5.555350845516868e-05,0.0001394791515428,7.465837949949521e-05,2.510717242195351,0.4647344877448159,0.1369729513909395,0.3982925608642445,0.0047549235166489,-0.6572203330165982,-0.7536835042455835,3853.356508895515,True,body,high
-0.0143553794800022,0.0030681719999021,-0.0031031155496205,0.0006459763354118,0.0006444806513162,0.1292855397634691,0.1292855397634691,0.1292855397634691,False,0.4701798770429851,0.0001355771625687,0.0001866147177159,7.262914944888857e-05,2.5694190160839923,0.2734915861508955,0.337315373033176,0.3891930408159285,-0.0247594198110569,-0.7568331882586176,-0.6531389563338843,7230.949779817083,True,body,high
-0.0129225249188667,0.0030854070098692,-0.0026340764248908,0.0009414435132485,0.0008784240430208,0.2312410060190825,0.2312409723907628,0.2312410060190825,False,0.138566899241423,7.114250424767719e-05,0.0001476695914491,6.487224267696657e-05,2.2763139573347035,0.5182318610791363,0.0424614269544341,0.4393067119664295,0.3715329427959928,-0.7837908686076316,-0.4976295275650797,6064.188565647889,True,wing_L,high
-0.0140189268202744,0.0019259548039921,-0.0025036410134903,0.0010741291272064,0.000117157384422,0.3762622184111472,0.3762622184111472,0.3762622184111472,False,0.1586640723113521,3.80139098469205e-05,5.939129957071748e-05,2.287619215812739e-05,2.59620566046072,0.3599414371854724,0.2548810650416659,0.3851774977728617,-0.139226562690413,-0.5587405430426743,-0.8175726082751247,17402.02117281225,True,wing_R,high
-0.0138944553187224,0.003060260129581,-0.0031526102823705,0.00045495329646,0.0004234991845079,0.1401829985364951,0.1401829985364951,0.1401829985364951,False,0.2195443693420795,0.0001744862556767,0.0001507692046908,7.338114225466318e-05,2.377807844299271,0.135925038301121,0.4435195318741046,0.4205554298247743,0.3765449437917001,-0.7745401723209417,-0.5082336340365039,7562.137218673222,True,body,high
-0.0137360775590264,0.0024325185431114,-0.0027800041730333,0.0005519625866371,0.0003046516568792,0.1294442654325161,0.1294442654325161,0.1294442654325161,False,0.835447436860918,5.037999146410172e-05,0.0001144373190584,4.502225185702314e-05,2.54179465349498,0.5597590726644525,0.0468181153766839,0.3934228119588636,0.9953927841774785,-0.0936491159603042,-0.0205681376712145,3258.402239001216,False,wing_R,high
-0.0142824914245503,0.0029654205410977,-0.0031848842986556,0.0006405848070936,0.0006403383706563,0.1276374494426381,0.1276374494426381,0.1276374494426381,False,0.5108066794194633,0.0001280620656466,0.0001332606647,0.0001150165456378,1.1586216918706842,0.039010754337263,0.0978947541506518,0.8630944915120852,0.330863045191107,-0.5717709255840695,-0.7507380728214097,5829.424869512231,True,body,high
-0.0142702406284827,0.0030174576030162,-0.0029618165740835,0.0004899375376975,0.0004898318069592,0.1595068062650517,0.1595068062650517,0.1595068062650517,False,0.1412043046094507,0.0001128285028961,0.0001019063005159,0.0002623691566215,2.574611729530352,0.5699627793563905,0.0416291401046402,0.3884080805389692,-0.1623304705144256,-0.6717483038063194,-0.7227745393107716,5283.646717127053,True,body,high
-0.0127837420998671,0.0030140429245162,-0.0024014911530265,0.0011141031220644,0.0010831780695798,0.1617107054541048,0.1617107054541048,0.1617107054541048,False,0.1949623295070056,5.808531204011782e-05,8.703703169360277e-05,5.097944560023384e-05,1.7072965519500185,0.3326367994189408,0.0816418747470482,0.5857213258340108,0.3984101226393856,-0.8887249231439018,-0.2267981154272125,7503.646813729699,True,wing_L,high
-0.0139844653346619,0.0050505437588536,-0.0027553031290358,0.0020879898665834,0.0007644081794975,0.5054787988842042,0.5054787988842042,0.5054787988842042,False,0.1019727829553326,4.1398631243568754e-05,0.0001000993145378,9.641648941449566e-05,2.4179377803322537,0.0367917117152609,0.5496327165168883,0.4135755717678508,-0.6666448896275126,0.6059205900010518,-0.4341023263543964,6376.177876224131,True,wing_L,high
-0.014805502027019,0.0017448775116093,-0.0025336234503414,0.0015592163037985,0.0006045499541626,0.3011772676596396,0.3011772676596396,0.3011772340313198,False,0.2303908049270876,7.779199462073595e-05,3.3038555649077034e-05,8.213573383795567e-05,2.486057039247423,0.0528848896119855,0.5448717248932394,0.4022433854947749,-0.1170681981001365,-0.5240469898227629,-0.8436052331815449,7616.167863538759,True,wing_R,high
-0.0146043128740205,0.0014528724773332,-0.0020728552819481,0.0018060302218666,0.0004337123743223,0.486607105523706,0.486607105523706,0.486607105523706,False,0.0779316603699716,6.681435407187614e-05,2.784944490563532e-05,2.9174836232445003e-05,2.399126959200407,0.5633447836514305,0.0198369249425637,0.4168182914060058,-0.0338040512244058,-0.6070827498483902,-0.7939192786154868,7754.239952087087,True,wing_R,high
-0.0141468633502617,0.0044563626761412,-0.0032659531111907,0.0016167098746538,0.000730981829608,0.4343330595205096,0.4343330595205096,0.4343330595205096,False,0.1727307778169775,2.920893968196172e-05,3.859523851859284e-05,7.813639460911246e-05,2.675084938374754,0.5060529896257618,0.1201271044509708,0.3738199059232673,0.6386608711727193,-0.6333208899818685,0.4370548500422769,7353.495527768698,True,wing_L,high
-0.0133800832689845,0.0022825200245929,-0.00242827578369,0.0008785049021068,0.00065986791705,0.2663183868430298,0.2663183868430298,0.2663183868430298,False,0.2596000420612973,2.339544747399468e-05,5.540583801775175e-05,2.526675795418228e-05,2.368231600585472,0.5439693927905767,0.0337746083650614,0.4222559988443619,0.7728789723575373,-0.6227116708656053,-0.1220174948739857,2591.6483053785823,False,body,high
-0.0143484167551261,0.0031186367337086,-0.0033220894652302,0.0008022234566577,0.0007903805277836,0.231251968851309,0.231251968851309,0.231251968851309,False,0.1770346470767887,7.683738515697181e-05,7.245066656520615e-05,3.6569894040341056e-05,2.101110412630969,0.0570909405988243,0.4669702443877278,0.4759388150134479,0.6243357030534351,-0.6687450132499309,-0.4037140536891459,7786.388965658993,True,body,high
-0.0142617557121453,0.0016298269054995,-0.0022110586572651,0.0014843510148703,0.0002111762965651,0.4506031888279369,0.4506031888279369,0.4506031299783775,False,0.1391504995394017,2.656647346999992e-05,2.896922663767056e-05,6.53486891871145e-05,2.459817983026962,0.5566976629826152,0.0367681922554067,0.4065341447619781,0.6315537598703839,-0.5311749667653206,-0.5647946556718133,10589.436782622295,True,wing_R,high
-0.0136534571030522,0.0039976899649663,-0.0029581567360784,0.0010788727695108,8.748744547918464e-05,0.3745710586198433,0.3745710586198433,0.3745710586198433,False,0.1506030853565577,3.119900205666034e-05,5.959242801182771e-05,8.225300025664692e-05,2.636398436952172,0.2754984277061431,0.3451962343814064,0.3793053379124505,-0.6038627789974944,0.5571352811415897,-0.5700438778275796,13260.853095332415,True,wing_L,high
-0.0134019896865475,0.0027589098054621,-0.0029203956879321,0.0005402271217146,0.0005389614656736,0.2085710964082493,0.2085710964082493,0.2085710964082493,False,0.2316960854484585,6.520289542297525e-05,0.0001291973771004,8.204038238652175e-05,1.981466869873364,0.3649996290347259,0.1303237522419389,0.5046766187233351,0.0378395228079647,0.653623295242171,-0.7558735068980994,6523.151167327317,True,body,high
-0.0133111487002347,0.0028959106576685,-0.0028338167298699,0.0005610270439963,0.0005522775517914,0.1625481851282458,0.1625481851282458,0.1625481851282458,False,0.659338275928395,9.783881551631108e-05,0.0001014318800104,0.0002440327276026,2.4942322361007285,0.5843513244845109,0.0147236992737758,0.4009249762417133,0.7581959937458034,-0.4847916440704645,0.4360228169571746,6961.408343801307,True,body,high
-0.0131776436906724,0.0027855859620691,-0.0025185298856263,0.0007253196314471,0.00072452009444,0.0934113190897544,0.0934113190897544,0.0934113190897544,False,0.977528748242702,9.122785827318184e-05,0.0001116027405754,0.0002437304852216,2.671667293687604,0.5421059434809588,0.0835959534720346,0.3742981030470065,0.722468659315488,-0.5566430112842831,0.41010680839904,7288.493541368549,True,body,high
-0.0133247561232421,0.0026196674592527,-0.0023580997819411,0.0007235836387262,0.0006747966680333,0.1306280159147453,0.1306280159147453,0.1306280159147453,False,0.2957552607807595,8.497575128761563e-05,9.4082145214185e-05,5.560078668072508e-05,1.6921009724993714,0.0967919460790141,0.3122267731036134,0.5909812808173724,0.4739031053684499,-0.4805701530330406,-0.7378808675768329,5259.676779049101,True,body,high
-0.0134103048817141,0.0027553954554769,-0.0027229843542726,0.0004913820368124,0.000484485042638,0.1333536921124707,0.1333536921124707,0.1333536921124707,False,0.6118274358170338,9.98489445818395e-05,0.0001018271737257,0.000278772805649,2.791945441352224,0.6347306062058236,0.0070962055976086,0.3581731881965679,0.7008537876850705,-0.5162360460278121,0.4922441600151908,7347.098722184585,True,body,high
-0.0134522173620714,0.0028776729119119,-0.0027037716438619,0.0004111700828307,0.0004107443748676,0.1197376527171789,0.1197376527171789,0.1197376527171789,False,0.0863964847398855,6.789494620332111e-05,0.0001406443715457,8.518232775723324e-05,2.071499859865423,0.3943424338916802,0.1229155590367065,0.4827420070716132,0.5090506769368437,0.0917069852088974,0.855837155756886,9579.944790447978,True,body,high
-0.0133152741761861,0.00279821141407,-0.0027215604672436,0.0005642521259218,0.0005639906226046,0.1353627488171047,0.1353627488171047,0.1353627488171047,False,0.2780903280502186,6.74183212506385e-05,0.0001039876003061,0.0001270674176253,1.884760926529187,0.1816344248631674,0.2877943043064713,0.5305712708303614,0.3952663944153601,0.8751181669845504,-0.2791642370710867,7466.4625599447345,True,body,high
-0.0140426821203543,0.001916319627182,-0.0025242113649313,0.0010836525006293,0.0001016825427164,0.3972619186738579,0.3972619186738579,0.3972619186738579,False,0.1058451461198792,6.916449680868413e-05,3.022838374496928e-05,7.614366348097257e-05,2.518945906052443,0.0916578787154423,0.5113506664076458,0.3969914548769118,-0.1426992458256772,-0.5396319834089622,-0.8297193789004158,15042.600019036654,True,wing_R,high
-0.0139006566881763,0.0045632077150731,-0.002940882954774,0.0016134532671787,0.0004756749402564,0.3834664553787357,0.3834664553787357,0.3834664890070554,False,0.1469151858119645,2.6671799792355065e-05,2.456048343345764e-05,6.0404352147589456e-05,2.4594121818181853,0.5584457271028037,0.0349530502990698,0.4066012225981265,0.4775635393878044,-0.4862570191339523,0.7317698936075165,6323.197175947232,True,wing_L,high
-0.0143099829796481,0.0016052865051904,-0.0021790531542949,0.0015310624057472,0.0002446418528292,0.4495193396764961,0.4495192766233966,0.4495193396764961,False,0.1596540465857358,6.205218684655401e-05,2.433943694391382e-05,3.258526871473755e-05,2.549450383324107,0.4748731612744583,0.1328854338560938,0.3922414048694478,-0.0301137342449266,-0.7085970680559988,-0.7049704661560433,9724.349819899022,True,wing_R,high
-0.0147592094954874,0.0018972818529538,-0.0027373725685355,0.001402068231495,0.0006536360050159,0.3328784828834865,0.3328784996976464,0.3328784828834865,False,0.087808104792891,7.264605196667719e-05,7.24718125185204e-05,3.169466715055249e-05,2.292059153724568,0.0023984709896788,0.561312614575014,0.436288914435307,-0.0080159657231934,-0.6587469501673909,-0.7523218725643206,17626.7364854971,True,wing_R,high
-0.0143183630530176,0.0017970805194659,-0.002497971460086,0.0012766498429267,0.0001445791018855,0.2804065678470968,0.2804065678470968,0.2804066014754165,False,0.1793555896589967,6.105119327370377e-05,2.5305848195730285e-05,5.6427864590963446e-05,2.4125329766265096,0.0757287193718407,0.5097691744649021,0.414502106163257,-0.133432356720584,-0.3726927627130827,-0.9183114454264854,12239.542924416315,True,wing_R,high
-0.0144221583852919,0.0018030142553818,-0.0025102844020915,0.0013108055239537,0.0002468724152991,0.3478970586090625,0.3478970586090625,0.3478970586090625,False,0.1580585752881243,3.025315717137883e-05,2.7891041244208445e-05,6.761638341001885e-05,2.424304737065324,0.5525765259001392,0.0349340767436015,0.4124893973562593,-0.623125736249684,-0.1131394365809832,-0.7738952026685704,14838.78357996906,True,wing_R,high
-0.0136851662712719,0.003998956909282,-0.0029458280505566,0.0010718729019418,0.0001139467700956,0.3821538159541251,0.3821538159541251,0.3821538159541251,False,0.1503013796403201,3.0359807337042364e-05,5.779240695734162e-05,7.644948210175163e-05,2.518114863280924,0.2440444935856868,0.3588330341307926,0.3971224722835206,-0.600218418231703,0.5660579773600308,-0.565080716962191,11882.308677607278,True,wing_L,high
-0.014458898265795,0.0016012353299748,-0.00220919256826,0.0015755283374749,0.0002938217588679,0.3790669211601989,0.3790669211601989,0.3790669211601989,False,0.120428373435559,6.669314292245357e-05,2.9427698708620504e-05,7.729069481507996e-05,2.6264607226129626,0.1371129075496256,0.4821465805552872,0.3807405118950872,-0.1570272924411651,-0.5988863694703803,-0.7852881928891988,16150.11082333407,True,wing_R,high
-0.0137347583240775,0.0044193362951576,-0.0028278706156215,0.0014618329670807,0.0003203050333044,0.4636367857257937,0.4636367857257937,0.4636367857257937,False,0.1531085814834326,4.1283980097788224e-05,9.45669560877739e-05,9.940026332561468e-05,2.407719970074785,0.04862469249209,0.5360446160533969,0.415330691454513,0.6913775133390307,-0.532932222574121,0.4878323279481854,9203.914498348602,True,wing_L,high
-0.0129970195764384,0.003092773219031,-0.0025539620311218,0.0008794360314226,0.0008229217055139,0.1231230492910405,0.1231230492910405,0.1231230492910405,False,0.1252622502279032,0.0001298423961071,0.0001318188368998,4.9840555785454e-05,2.644810733396564,0.0149936142599017,0.6069074967070206,0.3780988890330776,0.3310554784299649,-0.7027068629592247,-0.6297660954287012,6734.5975360971015,True,wing_L,high
-0.0134952254134834,0.0029499201119427,-0.0027546383298811,0.0003615517851919,0.0003511825108684,0.1487555297978196,0.1487555297978196,0.1487555634261393,False,0.0110375973412374,9.314918887734895e-05,8.60199021748094e-05,0.000221666262438,2.576918327430851,0.5797773289772901,0.0321622543012435,0.3880604167214663,0.0142096821922646,-0.6487730287654445,-0.760849289990144,14183.168428993971,True,body,high
-0.0136105580113528,0.0028761041307708,-0.002888501292441,0.0003153898204249,0.0003151170987076,0.1620800452895164,0.1620800452895164,0.1620800452895164,False,0.1127020790794747,8.714492197951655e-05,8.918972675571555e-05,0.0002109957361599,2.421205176012148,0.5772913311950034,0.0096912137345211,0.4130174550704755,0.6051566508494576,-0.6286235523070582,0.488485268373083,21029.171808785966,True,body,high
-0.0142130122695556,0.0027620138004035,-0.0032749804994622,0.0007010629927149,0.000679189293126,0.1982346252646812,0.1982346252646812,0.1982346252646812,False,0.1700190171775343,7.570646648652685e-05,0.0001067290249023,4.603084251686989e-05,2.3186415687094537,0.2906665590189238,0.2780464264225492,0.4312870145585269,0.3329887145951415,-0.4767644836581428,-0.8135196021451847,3460.8606852936955,True,body,high
-0.0140022276419565,0.0029334295432187,-0.0024715021939223,0.000282395117462,0.0002564577644163,0.1353856160745098,0.1353856160745098,0.1353856160745098,False,0.045088060780655,0.000152558790634,0.0001671815515828,6.74138207423606e-05,2.479929927451965,0.0874663550513057,0.5092964450059271,0.4032371999427672,0.4318609435784275,-0.7761824115236332,-0.4593876244011228,4301.395829850313,True,body,high
-0.0135562654141886,0.0032906202456122,-0.0028846339118211,0.0004730189656507,0.0002214458506937,0.0952567740189831,0.0952567740189831,0.0952567740189831,False,0.7632277409397628,2.8227967681332087e-05,6.387270467715254e-05,6.353116394307194e-05,2.2627454231993216,0.0053472095131548,0.5527117794710814,0.4419410110157636,-0.3896631273859534,0.324624905415465,-0.8618476187469561,6212.935872688342,True,wing_L,high
-0.0137210011326942,0.0030207919489295,-0.0030631430864599,0.00038174036335,0.0003483673226901,0.1341254956782115,0.1341254956782115,0.1341254956782115,False,0.9755771826182376,3.998477623194776e-05,0.0001130883367932,5.572776736013468e-05,2.828284848644902,0.5072191444286162,0.1392096795708039,0.3535711760005798,-0.00846206380015,-0.7625983485374151,-0.6468169387734444,10940.212759122922,True,body,high
-0.0136652343628251,0.0028690309292741,-0.0030404681622363,0.0003934871914182,0.0003928317997861,0.1899696249871352,0.1899696249871352,0.1899696249871352,False,0.3763116032072903,0.0001572382917384,0.0001247788122558,6.959855339609191e-05,2.2592178151112234,0.2064349537490919,0.3509339757488506,0.4426310705020574,0.3908740330692494,-0.8770632732248818,-0.2792445255188287,11542.388841145052,True,body,high
-0.0135757839102106,0.002887109051165,-0.0028868385724685,0.0003392618174168,0.0003377288298207,0.164746333874628,0.164746333874628,0.164746333874628,False,0.150563669729996,6.911570332883391e-05,9.182331855624424e-05,0.0001801669118889,2.606743521537257,0.4903430513764235,0.1260365457193902,0.3836204029041863,0.6457999177682028,-0.6048480610410887,0.4659412937972099,19970.301717369468,True,body,high
-0.0134822909675586,0.0029372024829356,-0.0028496533424385,0.0003980250308149,0.0003861800864233,0.0865791542585544,0.0865791542585544,0.0865791542585544,False,0.9640340911644496,0.0001108564400242,7.549593776229002e-05,0.0002094079677461,2.7737647077846623,0.4706197609507297,0.1688593927087472,0.360520846340523,0.0008886761760705,-0.6315442585579432,-0.7753393190965827,12129.372136210764,True,body,high
-0.0129691863160797,0.0024882176105135,-0.002716454319626,0.0010057087400697,0.0009811211490407,0.189291476291796,0.189291476291796,0.189291476291796,False,0.1179970389233703,6.518548669591285e-05,7.552474267077574e-05,5.1274775693725226e-05,1.472941454135276,0.1368989235744017,0.1841874663886855,0.6789136100369128,0.0773687176535399,-0.9394163490812876,-0.3339326348343794,3669.4658465149214,False,body,high
-0.0138073640355254,0.0030132425932982,-0.0030496865237617,0.000346701289247,0.0003238400304153,0.1164634313682896,0.1164634313682896,0.1164634313682896,False,0.9598150680200128,0.0001354118286438,8.426133144889392e-05,4.847016030573296e-05,2.793715304214436,0.3777402440187871,0.2643134761682847,0.357946279812928,0.052084060964206,-0.7595354914794568,-0.6483772727174637,16382.292966612224,True,body,high
-0.0136281682445737,0.0028602661096936,-0.0031766470288109,0.0005298450181809,0.0005273482297881,0.137202621445261,0.137202621445261,0.137202621445261,False,0.7623878316420115,9.645741581684504e-05,9.93155049275953e-05,0.0002431150663727,2.5204393494674244,0.5914876588712297,0.0117561167779233,0.3967562243508468,0.599017185426908,-0.5969114766283141,0.5337369208070875,6820.151910895195,True,body,high
-0.013644769371065,0.0029687275715678,-0.0028565964019345,0.0002555425897668,0.0002408838810844,0.3236568577950551,0.3236568577950551,0.3236568577950551,False,0.0362661588497292,3.606320449474792e-05,9.235675946361044e-05,5.0913562488416825e-05,2.560969297031296,0.448729440226004,0.1607934067838328,0.3904771529901632,-0.0728749085334312,-0.6992606406956301,-0.7111426046020453,19457.11749220737,True,body,high
-0.0147479477162021,0.0017464160172328,-0.002456196073552,0.0015343740721276,0.0005396035115512,0.3447551478840853,0.3447551478840853,0.3447551478840853,False,0.1204041942717377,7.236807684431785e-05,3.029663898735597e-05,6.989581338559595e-05,2.388650334267112,0.0341623484625738,0.5471911943083395,0.4186464572290866,-0.0593791693023858,-0.470510796443516,-0.88039406215799,7570.957406048276,True,wing_R,high
-0.0143940920521968,0.0018391254482769,-0.0025627551256606,0.001259438523309,0.0002448074651269,0.2972471259347415,0.2972471259347415,0.2972471259347415,False,0.2527131948230545,3.872535026073078e-05,7.514590287294325e-05,2.895654852450809e-05,2.5951263773492084,0.4846645155597155,0.1299977957912061,0.3853376886490784,-0.132516710264706,-0.4041290199556881,-0.9050519635525216,9490.970606608978,True,wing_R,high
-0.0144472701102391,0.001601030155496,-0.0022119801962642,0.0015703904137767,0.0002839836636854,0.3669363287174446,0.3669363287174446,0.3669363287174446,False,0.1507579481477699,3.148060457292258e-05,2.957585777166744e-05,7.399703218627908e-05,2.5019403581648767,0.5745693625431659,0.0257408539907406,0.3996897834660934,-0.6461920902818561,-0.2522925647570675,-0.7202667868404504,17649.230745495457,True,wing_R,high
-0.0140344684249802,0.001815255649556,-0.0023388088499591,0.0012234546186485,0.000184998084183,0.3675115159049015,0.3675114822765818,0.3675114822765818,False,0.1110268619566637,9.259090357096118e-05,3.636851982271512e-05,8.723472472237407e-05,2.545907945176548,0.0578477867913035,0.5493650341221195,0.392787179086577,-0.1374381803044005,-0.6245858361542433,-0.7687673769549017,6816.717708956696,True,wing_R,high
-0.0148793592501127,0.0018512599298742,-0.0026868025286571,0.0015159732848569,0.0007361529094611,0.366069827803391,0.366069827803391,0.366069827803391,False,0.1034209573474901,8.176466023840423e-05,3.3023025845287525e-05,7.749211180385233e-05,2.4759893482042097,0.0522542186574771,0.5438668225233818,0.4038789588191411,-0.0277326493255065,-0.6228293454893505,-0.7818660413131495,9696.57960616325,True,wing_R,high
-0.0137209276188146,0.0028776876245884,-0.0028431686830528,0.0002086557694498,0.000207364185346,0.1213415554259066,0.1213415554259066,0.1213415554259066,False,0.0586651355471196,0.0001474509057417,0.0001509327046119,6.377653341344673e-05,2.3665868389780726,0.0230685515051318,0.5543819846299314,0.4225494638649367,0.3686111065347888,-0.8018896640291102,-0.4702114618578319,17146.646174099205,True,body,high
-0.0126705716065678,0.0028229874403211,-0.0022200248737531,0.0012881583289548,0.0012860748348442,0.1500493457704707,0.1500493457704707,0.1500492785138312,False,0.1244274645559836,6.348955359254634e-05,6.662880719331025e-05,0.0001653465351019,2.604310878654338,0.5970353587862152,0.0189859049591078,0.3839787362546769,0.5463487435417891,-0.6124779516159016,0.5712913523016937,6460.34785871881,True,body,high
-0.0136391553540958,0.0028032605629551,-0.0030687031960303,0.0004495252621611,0.0004487150307041,0.1560803831411398,0.1560803831411398,0.1560803831411398,False,0.734359841647689,7.76043766412801e-05,0.0001057038677365,0.0001750915125241,2.2562066741866653,0.396293594059876,0.1604845985405479,0.443221807399576,0.5999531863937553,-0.6606259265837909,0.451253320498905,12966.286205858203,True,body,high
-0.014302414124084,0.0031881971623205,-0.0029689054944831,0.0005637771536679,0.0005450370663492,0.1153494932777852,0.1153494932777852,0.1153494932777852,False,0.2473206224777651,6.33857375834693e-05,0.0001076589374069,5.926574839885068e-05,1.8165456493078669,0.4112357124249047,0.0382689006955988,0.5504953868794964,0.1143245099977554,-0.6615466161705572,-0.7411383008906358,6237.964138814471,True,body,high
-0.0134437900175366,0.0031139396188136,-0.0021791422309688,0.0006858012139645,0.0006716042618475,0.1754285714014886,0.1754285714014886,0.1754285377731689,False,0.1769446293110719,7.496516715675703e-05,7.476789380315314e-05,5.398313015692363e-05,1.3886776653899229,0.0026315335653342,0.2772589515176724,0.7201095149169934,0.0831280550610347,-0.5216481168684978,-0.849101271126901,3968.877827965493,False,body,high
-0.013537384716175,0.0028946084653797,-0.0026827931353429,0.0003254000978181,0.0003252929291929,0.1041629318401837,0.1041629318401837,0.1041629318401837,False,0.2496758351114005,0.0001099418360024,9.871677871765024e-05,0.0002568797603081,2.602189451935492,0.5720105162406424,0.0436977100546389,0.3842917737047187,0.0282807409960565,-0.6482342206310034,-0.7609156292859476,10924.18960002318,True,body,high
-0.0135047976583921,0.0028345784505215,-0.0027920590060515,0.0003821521035132,0.0003817298767984,0.214413781560204,0.214413781560204,0.2144137479318844,False,0.9652687477862026,7.176471837623342e-05,0.0001062037385059,0.0001069647128328,1.490491640643341,0.0071142557842725,0.3219661813469482,0.6709195628687792,0.1724476196961055,0.9480550711735056,-0.2673076887845654,11257.420094711231,True,body,high
-0.0137555353053068,0.002944519932101,-0.0029247633097335,0.000237885427037,0.0002331323204826,0.0975107794044091,0.0975107794044091,0.0975107457760894,False,0.3660300211516785,0.0001496992351208,0.0001413273322795,6.085506473383689e-05,2.459930587135452,0.0559248204213638,0.5375596440470082,0.4065155355316279,0.3598098385501831,-0.7549275770337143,-0.5482893702384688,18552.413959974856,True,body,high
-0.0139087240568578,0.0031667590709687,-0.0028397823876223,0.0002448338880663,0.0001407172273382,0.1508513811956338,0.1508513811956338,0.1508513811956338,False,0.0157228466860542,3.887324665370138e-05,7.203515467779502e-05,4.899649273948695e-05,1.853077910356018,0.3198252581167816,0.1405320239966955,0.539642717886523,-0.214104923172486,0.8593146429146968,-0.4644754313692927,6645.989925880356,True,body,high
-0.0135644044232133,0.0029296239983922,-0.0028536052800193,0.0003253354998659,0.0003180068975604,0.1399370410061117,0.1399370410061117,0.1399370410061117,False,0.2039466407452994,8.855525045266991e-05,8.009629081996533e-05,0.0002266292310379,2.829459750482013,0.609250536450773,0.0373251040651788,0.3534243594840481,-0.028691494299123,-0.7108924006453312,-0.7027153000039216,23434.219254096603,True,body,high
-0.0137058441737309,0.0029499687586463,-0.0029250381610525,0.0002620976013266,0.0002537974464131,0.101019793681537,0.101019793681537,0.101019793681537,False,0.4572768785144685,8.244084907101787e-05,6.153548116223812e-05,0.0001518539902112,2.4677468566616008,0.4571044925700068,0.1376675573667469,0.4052279500632462,-0.0855105174286434,-0.6659130278742915,-0.74111253579762,29623.823783519343,True,body,high
-0.0137694586140996,0.0029684688590377,-0.0029545561671134,0.0002593797941337,0.0002491015155259,0.1155929623125098,0.1155929623125098,0.1155929623125098,False,0.965178121483152,0.0001036858669985,0.000101350028587,5.02614093173392e-05,2.0629319473287264,0.0225280308593572,0.4927250043680569,0.4847469647725858,0.3867235425101937,-0.8048952840842469,-0.4500983040706847,17195.762647613577,True,body,high
-0.0144364096976636,0.0015926314080093,-0.0022003115327938,0.0015773725728128,0.0002820568479653,0.4176784450231798,0.4176784786514995,0.4176784786514995,False,0.1227507559957427,6.797340334568166e-05,2.856365184586532e-05,6.443514675244589e-05,2.379716841266606,0.0520535447554658,0.52772839288559,0.420218062358944,-0.1972682415559522,-0.6262729378970642,-0.7542330197831456,17449.566037387747,True,wing_R,high
-0.0147696533292854,0.0017653726309346,-0.0025324140202266,0.0015214886564213,0.0005746166170781,0.3274805658880604,0.3274805658880604,0.3274805827022202,False,0.1998117533491945,6.190371069141686e-05,7.593257070686685e-05,2.895317967626413e-05,2.622598676756616,0.1847541823601306,0.4339446262442013,0.381301191395668,-0.0811768035393186,-0.5105162715125255,-0.8560277233174691,7978.261421594861,True,wing_R,high
-0.0144282592185162,0.0017863996242718,-0.0025082323436627,0.0013285209006147,0.0002486776183641,0.3599592762707597,0.3599593098990794,0.3599593098990794,False,0.1570306881483329,2.9397600966042443e-05,3.126476741464628e-05,7.368008154640927e-05,2.5063297386585424,0.5756686643329327,0.0253415361304636,0.3989897995366036,0.579636909263616,-0.5935866994282264,-0.5582793957161835,14901.452390580533,True,wing_R,high
-0.014813018161392,0.0018526692127729,-0.0026807775340813,0.0014709263323751,0.0006731339296591,0.3344904563889455,0.3344904563889455,0.3344904563889455,False,0.1257246544461048,9.435116192746496e-05,4.017654515579821e-05,9.689087293233653e-05,2.411627793196484,0.0262120768242553,0.5591302372670276,0.4146576859087171,-0.0191575672211586,-0.6513344355963662,-0.758548904570121,11278.519788186102,True,wing_R,high
-0.0132942868002698,0.0029469951780841,-0.0028887110442814,0.0005876667792989,0.0005647981597849,0.2408680709441378,0.2408680709441378,0.2408680709441378,False,0.4633415196211179,5.343293006281112e-05,0.0001214749056002,5.7091112749409336e-05,2.273409028054614,0.5300172289303454,0.0301147193202019,0.4398680517494526,0.0679826623043933,-0.7193941771802044,-0.6912672243533781,5972.607814829422,True,body,high
-0.0137601330602638,0.0028996892770954,-0.0026595954771654,0.00012541076254,0.000115264265464,0.1122582436164562,0.1122582436164562,0.1122582099881365,False,0.7527815537427786,0.0001367314944724,0.0001587191960235,5.852407869112704e-05,2.712032373226581,0.138532087497741,0.4927407505877897,0.3687271619144693,0.1576086298465445,-0.704331618540654,-0.6921535168745425,8258.946969427983,True,body,high
-0.0136112398088668,0.0029755833235374,-0.0028164223124753,0.0002650654413328,0.0002484243854861,0.1317126637387794,0.1317126973670991,0.1317126973670991,False,0.0525577899820778,4.306032945072694e-05,0.0001049672783601,7.705907671281559e-05,2.4376794069872028,0.2658752525864165,0.3238985309826344,0.4102262164309492,-0.0809572054850289,-0.79315640035945,-0.6036131670605724,18998.428010817464,True,body,high
-0.0136999907724177,0.0029536865838467,-0.0029409126470378,0.0002782972799501,0.000268373472208,0.1502024218818058,0.1502024218818058,0.1502024218818058,False,0.1862555612152452,6.667342874011759e-05,8.411135657913915e-05,0.0001658640037678,2.487707725582617,0.4928896284400964,0.1051338894690255,0.401976482090878,0.6080253349560115,-0.6054099938354252,0.5135989986514973,30635.03999474443,True,body,high
-0.0135751009124058,0.0029560968543092,-0.0028600325821416,0.0003168338965626,0.0003031287322646,0.1005880733130571,0.1005880733130571,0.1005880733130571,False,0.2892889462156522,9.299412510786057e-05,8.846839107742379e-05,0.0002031614324989,2.2964296063796885,0.5422648680707112,0.0222765412449021,0.4354585906843867,0.0111657360139472,-0.6902978175125114,-0.723439181601833,20480.00543920492,True,body,high
-0.0138367418494862,0.0029870049446617,-0.0029103666877414,0.0002028647233025,0.0001926888113675,0.1228944776019489,0.1228944776019489,0.1228944776019489,False,0.9327380208375904,7.989343835056838e-05,0.0001016579547172,4.167484834105905e-05,2.4393119294702266,0.2140955562915266,0.3759527733547841,0.4099516703536893,0.4582776731539106,-0.7637961374991766,-0.4545294650844727,28006.107604893365,True,body,high
-0.0137688238088225,0.0030942644420421,-0.0029716627379992,0.0003036819655471,0.000233047236162,0.0813791399246413,0.0813791399246413,0.0813791062963215,False,0.9935770816341868,7.484465652231896e-05,0.0001161141356801,0.000117631792342,1.571679232797659,0.0129017558233428,0.3508360991205343,0.6362621450561229,-0.2667734414657279,0.9624222606879502,-0.0507476409385454,8617.337444631043,True,body,high
-0.0136975698157086,0.0031876506137563,-0.0031099448296297,0.0004832611876179,0.0003538090536221,0.1343914956871441,0.1343914956871441,0.1343914956871441,False,0.0757289647163469,5.684814724268151e-05,6.58768668954104e-05,0.0001354323632672,2.382353160764448,0.513581057686804,0.0666658945832277,0.4197530477299683,0.752561290478315,-0.4801199774225449,0.450706458078191,5299.770247768507,True,body,high
-0.0137796997187777,0.0032355044687074,-0.0025893903346786,0.0003029721302915,0.0001731692054348,0.1390173737185913,0.1390173737185913,0.1390173737185913,False,0.0651363297771847,7.020813451036646e-05,5.803630861634095e-05,0.0001472378094289,2.536994735524315,0.5231650431184988,0.0826678007587542,0.394167156122747,0.1204502456236322,-0.6485138649573732,-0.7516126031987871,3789.8877328338585,True,body,high
-0.0138836085326618,0.002922811530073,-0.0030644244620541,0.0003592791590087,0.0003586335206994,0.2225150623632257,0.2225151128057053,0.2225151128057053,False,0.3626931433661877,7.391761406319011e-05,0.0001032081814504,0.0001791787426165,2.424033092618763,0.4239931593265021,0.1634712185134608,0.412535622160037,0.1561936358747583,0.9293958282104382,-0.3344053567412714,12619.03751549651,True,body,high
-0.0134045786331828,0.0027318219215572,-0.003023828279789,0.0005965942195866,0.0005950807742298,0.4053328078829387,0.4053327742546189,0.4053328078829387,False,0.794719334832981,6.242916412008916e-05,6.139392042957952e-05,8.154210581771978e-05,1.3281788367180554,0.2343935259699562,0.0126958174568589,0.7529106565731849,-0.7903399226646353,0.2214606411427732,0.5712424976024546,5419.162269612983,True,body,high
-0.014030120777159,0.001922985483447,-0.0025041739581658,0.0010786824899158,0.0001073367600492,0.2744125888847517,0.2744126056989115,0.2744126056989115,False,0.124691385245767,3.9041063958695126e-05,5.417302127611301e-05,2.2221370968227697e-05,2.43787934387892,0.2793264425901635,0.3104809847089677,0.4101925727008688,-0.140964632490246,-0.3656986391608696,-0.9199964552664196,18080.65712397633,True,wing_R,high
-0.0144046777541577,0.0033142710253641,-0.0025328353727841,0.0006748145888498,0.0006581210769947,0.200582621803706,0.200582621803706,0.2005825881753863,False,0.1497004319852354,0.0001029573502781,6.390670359956531e-05,4.4258859469880033e-05,2.326254031652114,0.3792895463322882,0.190834788158474,0.4298756655092378,0.5610052468799317,-0.7409679392694499,-0.3691065238491076,2711.8816038824266,False,body,high
-0.0140296137486636,0.0019351326222235,-0.0025095646122406,0.001065821601705,0.0001049475790468,0.3079647740822603,0.3079647740822603,0.30796480771058,False,0.1501380196645666,3.3680930756237006e-05,3.165150305790782e-05,8.009461035053554e-05,2.5305152240005446,0.5794856781394929,0.0253378809066846,0.3951764409538224,-0.629165310024871,-0.1110712823287789,-0.7692946008540217,16504.182543508832,True,wing_R,high
-0.0134443416148685,0.0038362289796702,-0.0028535526564078,0.0009713404548937,0.0001708462557016,0.4111805288757705,0.4111805625040902,0.4111805288757705,False,0.151528571855244,3.0029092358195243e-05,3.639468075471785e-05,7.353014442504551e-05,2.4486302665414525,0.5050372736338424,0.0865711395822363,0.4083915867839213,-0.8295869634019433,0.285442440322394,-0.4799042440074261,10394.006817952297,True,wing_L,high
-0.0137412514754267,0.004515838661679,-0.0028015076354012,0.0015554673478503,0.0003713707523778,0.435505065312079,0.435505065312079,0.435505065312079,False,0.1514153134497173,4.313019747349166e-05,9.569057864825372e-05,0.0001027941443972,2.383345090417901,0.0691047704186215,0.5113168797987804,0.419578349782598,0.5943252228380476,-0.504370612409017,0.626408664401011,9624.540396638831,True,wing_L,high
-0.0135368640779485,0.0029467909687996,-0.0027644462435186,0.0003220620066712,0.0003134087908462,0.1283490583160921,0.1283490583160921,0.1283490583160921,False,0.637802670098832,7.708289091279412e-05,6.490813545793767e-05,0.0001879955961237,2.896333330135079,0.5899750180208765,0.0647608545406694,0.3452641274384541,-0.0100827454142912,-0.6067660590967603,-0.7948165120158855,15339.273559660152,True,body,high
-0.0127812531020031,0.0029890077320878,-0.0023880461407792,0.001119505047377,0.0010945671154477,0.1414080782236521,0.1414081118519718,0.1414080782236521,False,0.2036525997063965,9.675490598163774e-05,7.11509177457482e-05,5.085770639466552e-05,1.9024630255796664,0.2646272866075513,0.2097383191601049,0.5256343942323437,0.2177858453840734,-0.6626865625691067,-0.7165304217831134,7868.080980632403,True,body,high
-0.0136071297969961,0.0028930767401781,-0.0027095801985909,0.0002572643690185,0.0002571977154579,0.102726195508751,0.1027261618804312,0.102726195508751,False,0.8677476638260196,4.313245980171062e-05,0.000101865393666,9.489820212755026e-05,2.3616875581496446,0.0683960596213621,0.5081779048096108,0.423426035569027,-0.0549711959262264,-0.6593537119227968,-0.749820545325393,11089.938618396867,True,body,high
-0.0138365161634122,0.0029957226241647,-0.0030619334497015,0.0003543241075215,0.000339282744879,0.1215587271146154,0.1215587271146154,0.1215587271146154,False,0.9259179822424212,6.578627266075499e-05,7.580891436694195e-05,4.353489157682128e-05,1.7413369281779472,0.1322092763085068,0.2935193211741453,0.5742714025173479,0.0885927699233549,-0.6248453437979979,-0.7757058833419208,16998.002566630767,True,body,high
-0.0137168694833464,0.0030013514499664,-0.0027930825624677,0.0001639356415717,0.0001403996877186,0.1277921733416391,0.1277921733416391,0.1277921733416391,False,0.0356349205829736,8.522230534490841e-05,8.637263547537227e-05,0.000232959052585,2.7335455388379133,0.6292368357574929,0.0049379069742046,0.3658252572683024,0.5594056052235606,-0.6162248793301268,0.5543755648827179,12465.899838183776,True,body,high
-0.0131109134103783,0.0028209892089758,-0.002594913594173,0.0007654064828985,0.0007647345477742,0.1074770700045727,0.1074770700045727,0.1074770700045727,False,0.9489408224876918,9.382293222237703e-05,0.0001075566737939,5.39063731494322e-05,1.9952496803263768,0.1276884184601225,0.3711211742138013,0.5011904073260761,0.3277548611295602,-0.8303294029218729,-0.4506992718535816,8917.791386341494,True,body,high
-0.0136372270983869,0.0029322302712888,-0.0028845437802238,0.0002806201467355,0.0002744762621677,0.0994866449574861,0.0994866449574861,0.0994866449574861,False,0.0605277361706759,7.991477504885538e-05,8.250534409641632e-05,0.000202097441794,2.528912102554898,0.5917546339823846,0.0128184158323067,0.3954269501853087,0.6724503947322398,-0.5609236417210106,0.4828821127178914,30918.712016119924,True,body,high
-0.0136521833336177,0.0029273323392478,-0.0029056404691849,0.0002841010160122,0.0002788993050583,0.1158644437375556,0.1158644773658753,0.1158644773658753,False,0.5404900621896811,5.97747384676019e-05,5.954328880341496e-05,0.0001428150628102,2.398508138873205,0.5814535435452399,0.0016206250211465,0.4169258314336135,0.2392600080058032,-0.5826742705745285,-0.7766887040375339,30823.53494265082,True,body,high
-0.0136984614563205,0.0029644789928242,-0.00293333610547,0.0002725661268843,0.000259708677467,0.1401177932245709,0.1401177932245709,0.1401177932245709,False,0.2396961876195922,7.371733236452335e-05,7.459062807020132e-05,0.0001653116111769,2.242506692449828,0.5487877255618759,0.0052827245434258,0.4459295498946982,0.6470256939244998,-0.6637328157708828,0.3752552473588807,28966.756727419528,True,body,high
-0.0137560040234671,0.0029100879140591,-0.0027955950270682,0.0001422402465538,0.000141795478525,0.1104842488666184,0.1104842488666184,0.1104842152382987,False,0.7196381858176131,0.0001028259117167,9.403424494268694e-05,3.675267984805176e-05,2.797779975278849,0.0855004991178476,0.5570732526296135,0.3574262482525389,0.350618118804215,-0.7101497981903073,-0.6105359931211742,13862.42907606379,True,body,high
-0.0137243032450273,0.0029903703839304,-0.0029188371931215,0.0002473623687719,0.0002273129060344,0.1346824142809842,0.1346824142809842,0.1346824142809842,False,0.1063039647714476,4.813049475228976e-05,7.618811760131097e-05,8.102467570190356e-05,1.6834374156947325,0.0596924092406945,0.3462849138976812,0.5940226768616242,0.0431338496233824,0.9872142947469884,-0.1534516447089236,18745.13649747173,True,body,high
-0.0138777588144987,0.0028857232507802,-0.0030749765736875,0.0003755509164692,0.0003754213388006,0.1931954888122767,0.1931954888122767,0.1931954888122767,False,0.2085320924769376,7.675001440467912e-05,0.0001054127353679,0.0001699527995309,2.2143683079306613,0.37975287456948,0.1686510668983667,0.4515960585321532,0.0512078928620834,0.9830546597938044,-0.1760150208542253,11185.274775445829,True,body,high
-0.0144330478534525,0.0017992727756143,-0.002510946131379,0.0013187787020084,0.0002565670864573,0.3502433905462615,0.3502433905462615,0.3502433905462615,False,0.1469393315172782,6.632431199459749e-05,3.190902892391906e-05,7.940017443120203e-05,2.488329388541296,0.1646830442159091,0.4334409000637432,0.4018760557203475,-0.0659070690094384,-0.4375632504494893,-0.8967690115691236,14008.75599546439,True,wing_R,high
-0.014935153420974,0.0016399668409463,-0.0023899118210078,0.0017416669160921,0.0006906528607219,0.3482846922503982,0.3482846922503982,0.3482847595070376,False,0.1560025335979659,7.610838015774001e-05,2.9122991911753485e-05,6.19887809008507e-05,2.613343450025961,0.1855196395932411,0.4318287804967146,0.3826515799100443,-0.0395702945309962,-0.4758190039098959,-0.8786526431468378,4729.464201777514,True,wing_R,high
-0.0147432262578025,0.0019158856474717,-0.0027649752526495,0.0013783885348744,0.0006544416118604,0.3424723734711445,0.3424724070994643,0.3424723734711445,False,0.087493917620059,2.655398587445396e-05,2.9611813717732164e-05,6.723629076714008e-05,2.5320601993625447,0.5595858519279868,0.0454788300840152,0.3949353179879979,0.4505982489614204,-0.6981418300296274,-0.556380448250821,20904.5073961602,True,wing_R,high
-0.0136589320035893,0.0039961374344088,-0.0029601327569711,0.0010768456753554,9.295462913518586e-05,0.3819185522294105,0.3819185270081708,0.3819185270081708,False,0.1678478650811174,3.013989613917838e-05,5.59572986276324e-05,7.55258230686134e-05,2.505842180737928,0.2590971358657484,0.3418354337562072,0.3990674303780444,-0.5958977351805232,0.5630491834388347,-0.5726093836426226,13494.242737560007,True,wing_L,high
-0.0148653780001864,0.0018415736774724,-0.0026716086023093,0.0015140366908127,0.0007164402360609,0.3499620392093798,0.3499620392093798,0.3499620392093798,False,0.1347554006315005,7.759993621027246e-05,3.286117076844913e-05,8.456474522047304e-05,2.573394168343688,0.0823606692368347,0.5290474810180368,0.3885918497451284,-0.0424541037277944,-0.6220101207235804,-0.7818574414777327,10043.751892943734,True,wing_R,high
-0.0138308651588972,0.0033273626989513,-0.0031372292791411,0.0005598940800798,0.0003562150036103,0.1530537671102999,0.1530537671102999,0.1530537671102999,False,0.0999763311077661,0.000105112480311,0.000111804506213,7.057594486264065e-05,1.5841729987556432,0.0598547064758068,0.3089011044201666,0.6312441891040266,0.3733116434174439,-0.7918861810821445,-0.4832749663494944,4221.679192193422,True,wing_L,high
-0.0138559034109301,0.0029258101200303,-0.0031599011161359,0.0004526324681301,0.0004497820556428,0.1236970847085472,0.1236971183368669,0.1236970847085472,False,0.5714014897516252,0.0001926525659334,0.000163526591621,7.671386482899779e-05,2.511313520220962,0.151183941782828,0.4506180666290834,0.3981979915880886,0.4700777887643895,-0.811215041333331,-0.3477887709874263,8929.01000018267,True,body,high
-0.0130397247595721,0.0031476178357154,-0.0026977098132111,0.000833610495515,0.000742109964463,0.1877654903998441,0.1877654903998441,0.1877654231432047,False,0.232616005751475,4.547578426522104e-05,5.10111542550968e-05,0.0001203639422219,2.646770015443694,0.5761923935573423,0.0459886066183137,0.3778189998243439,0.6000426147782648,-0.4913726375521456,0.6312699830620101,6882.080404455313,True,wing_L,high
-0.0151593027342061,0.0013649192989005,-0.0020602820162571,0.0021664316783944,0.0008722708275089,0.2478943552508831,0.2478943048084035,0.2478943552508831,False,0.2641642927454498,6.159795348814803e-05,2.5753578637876423e-05,6.36762559614187e-05,2.472520687581976,0.0326385784134342,0.5629158672895219,0.4044455542970437,-0.0754595154862712,-0.4457174699578929,-0.8919875551244603,5304.743413813989,True,wing_R,high
-0.0138651311939927,0.0029958515478885,-0.0030501516590715,0.0003423838543732,0.0003296633289239,0.1969681154876374,0.1969681154876374,0.1969681154876374,False,0.1826095618353512,6.883607067079032e-05,6.957167697387781e-05,6.5363398684856e-05,1.0643827948621776,0.0105733588017964,0.049915024863325,0.9395116163348786,0.3270042436577093,-0.9387081849955689,-0.1090649717011622,16583.28392895441,True,body,high
-0.013601795852093,0.0029451888623284,-0.0028435614745197,0.0002861736024331,0.0002770640729044,0.1192198102219132,0.1192198102219132,0.1192198102219132,False,0.4819694873901687,7.037310599267527e-05,8.78929267264307e-05,0.0001583589749155,2.250276901690176,0.44497666284261,0.110633582612559,0.4443897545448309,0.6838135266010389,-0.6082175574328081,0.403076250438945,29666.18900117404,True,body,high
-0.0137616585060133,0.0030491973613498,-0.0031888839659557,0.0004952644142157,0.0004541468584756,0.1034578132324344,0.1034578132324344,0.1034578132324344,False,0.842634217552623,4.987360123785523e-05,5.9012965392141015e-05,8.290373182748334e-05,1.6622768312258442,0.2881748011664575,0.110240684620858,0.6015845142126844,-0.0579726185701652,0.989049110406431,0.1357241050822059,8413.868848940065,True,body,high
-0.0139042478607279,0.0029845374065157,-0.002884308771293,0.000183170560133,0.0001791141969127,0.1337707505335555,0.1337707841618752,0.1337707841618752,False,0.8771631086703002,3.832188641122027e-05,9.272530770949554e-05,4.456924694515862e-05,2.419643613429909,0.5193410726142621,0.0673749237210521,0.4132840036646857,-0.0986529904430777,-0.7268789761439552,-0.6796429514947926,14253.632942932529,True,body,high
-0.0136156232277825,0.0029066446142316,-0.002847679570702,0.0002818340672411,0.0002799592285666,0.1190571836677795,0.1190571836677795,0.1190571836677795,False,0.0477275491785033,6.385498123299526e-05,7.186135245681784e-05,0.0001825275073878,2.8584693607828284,0.6062985054405574,0.0438639158469888,0.3498375787124537,0.5352458454532427,-0.653898329677351,0.5347231614304863,37336.15244295616,True,body,high
-0.0136324998770965,0.002911864237874,-0.0028586334020683,0.0002724631877699,0.0002701806466972,0.1193323642079937,0.1193323642079937,0.1193323642079937,False,0.0570921730615445,8.632256820275945e-05,6.982226185436878e-05,0.0001908389442018,2.733210571148755,0.5476679638751097,0.0864619452669785,0.3658700908579118,0.0244315538815797,-0.6821368544317754,-0.7308162635032518,36663.999303514,True,body,high
-0.0137107632510023,0.0029476363814004,-0.0029555183721816,0.0002853786665718,0.0002771417237149,0.0923046783446279,0.0923046783446279,0.0923046783446279,False,0.3664046696809591,7.616399874764405e-05,6.838296171848398e-05,0.000153568481234,2.245712636230193,0.5040388617794116,0.0506681902864001,0.4452929479341882,-0.0554242622909324,-0.6721155452369203,-0.7383690439071667,26435.859179894724,True,body,high
-0.0139001652315952,0.002863760619583,-0.0030757002667353,0.0003836902821255,0.0003819702884091,0.1910918020159693,0.1910917683876496,0.1910917347593299,False,0.232159786524471,7.200932883149531e-05,0.0001012044742432,0.0001672042728638,2.3219807152367107,0.3947255503113165,0.1746076515374091,0.4306667981512743,0.1541933405039149,0.9561951777701478,-0.2488276426632678,9321.1201679255,True,body,high
-0.014444926803346,0.0015937752491859,-0.0021996298034591,0.0015797649781179,0.000288380611085,0.3992174643147481,0.3992174895359879,0.3992174643147481,False,0.1238334127353667,6.577510612377178e-05,2.8431596840883484e-05,6.296520235084831e-05,2.313450999318823,0.0427198668085151,0.5250254624444313,0.4322546707470536,-0.1716039233543129,-0.6049895449825073,-0.7775215392201469,17586.682083935717,True,wing_R,high
-0.0140479541373405,0.00216714098736,-0.0027471256626314,0.0008242046284563,0.0002037881180406,0.2293624608232559,0.2293624608232559,0.229362444009096,False,0.1751174926166587,3.830427499862394e-05,6.88974781699288e-05,2.746224471664486e-05,2.5088072326502155,0.4440395205155369,0.1573646898256318,0.3985957896588313,-0.1359503523060531,-0.3221329779283918,-0.9368819809553636,6263.183623772407,True,wing_R,high
-0.0149110011360224,0.0018522369183517,-0.0026832864857343,0.001536908301297,0.0007645527967586,0.3727653943999155,0.3727653943999155,0.3727653943999155,False,0.105498156918869,2.672116623390244e-05,2.983017606309947e-05,6.657646900230797e-05,2.491525572631601,0.5519411511285561,0.046698328640548,0.4013605202308957,0.6005304229205906,-0.5128358806246224,-0.6134839612335311,7900.730545803268,True,wing_R,high
-0.0137415814052862,0.0045483131779736,-0.0027837394590452,0.0015868452228953,0.0003926166382464,0.471658678473052,0.4716587373226115,0.471658678473052,False,0.1701726902022355,4.235560306730763e-05,9.326727962388354e-05,0.0001029142548642,2.429767195162944,0.0937379885140786,0.4946999482599675,0.4115620632259538,0.6710083329878751,-0.5098502600529562,0.5383312450385598,9226.559561492735,True,wing_L,high
-0.0138313375153293,0.0029710278603891,-0.0029471359923209,0.0002390267030365,0.0002320980323437,0.1541303441376027,0.1541303441376027,0.154130310509283,False,0.2666872633711,0.0001041451027364,0.0001278215135418,5.692507557470946e-05,2.2454342352880823,0.1852302491913793,0.3694215930739083,0.4453481577347123,0.3345472744173124,-0.759002285435064,-0.5585639192467569,17746.056100981936,True,body,high
-0.0135740446378434,0.0029330396670959,-0.0028220187505733,0.0003032998209437,0.0002966744517289,0.0906941172285969,0.0906941172285969,0.0906941172285969,False,0.9828873704700916,4.739939618860764e-05,0.0001050502477926,4.4040254398548585e-05,2.3853233644379657,0.5487931043992826,0.0319765241933497,0.4192303714073676,0.9829302389576792,-0.0733919204740654,-0.1687061686830924,24505.903101053755,True,body,high
-0.0136705399959044,0.0029648476134683,-0.002905019207137,0.000268018284626,0.0002542981161329,0.1443988464656777,0.1443988128373579,0.1443988128373579,False,0.104308001444912,7.179079881839948e-05,7.435774018153059e-05,7.247893166231094e-05,1.0357558545855492,0.0252671546315539,0.009254353914354,0.965478491454092,-0.0280024797010616,0.8103310948634327,-0.5853028086623384,22436.638469164845,True,body,high
-0.0136825950171316,0.002896129575042,-0.0028153975664704,0.0002133955517103,0.000213391181373,0.0840567948818159,0.0840567948818159,0.0840567948818159,False,0.384309167021474,0.0001084426964383,9.825064773974196e-05,3.960110968155895e-05,2.738375194794096,0.0939855705668308,0.540834375983557,0.3651800534496121,0.1605934394799556,-0.5925080906204183,-0.7893946476543556,23112.525978113543,True,body,high
-0.0136302713828956,0.0027838086235059,-0.0030712467871548,0.000463196527924,0.0004612398158995,0.0978350236630851,0.0978350236630851,0.0978350236630851,False,0.8172959353081423,3.965980460562143e-05,7.180688990607886e-05,4.215126238075433e-05,1.8105709450696807,0.4129913935015589,0.0346966395340564,0.5523119669643846,-0.4523281261239866,0.7498029218317892,-0.4829025209394485,12602.756735579142,True,body,high
-0.0136582423023597,0.0029553436787348,-0.0029865341582888,0.0003394016223929,0.0003257689983284,0.1003976361385204,0.1003976361385204,0.1003976361385204,False,0.1620784394268749,6.133317580282552e-05,6.419611998209699e-05,0.0001422274863281,2.31893236354516,0.5486377377578742,0.0201293312086349,0.4312329310334908,0.6470418451997593,-0.5482841010190707,0.5298314780476905,17966.339879156552,True,body,high
-0.0137998961343937,0.0029799768104091,-0.0030134727653376,0.0003092521379321,0.000296742349805,0.0830778744949606,0.0830779081232803,0.0830778744949606,False,0.936031753368978,0.0001171584958908,0.0001128115031169,4.740586074230718e-05,2.471392651802097,0.0371035215233259,0.5582663201443601,0.4046301583323139,0.3171200136491453,-0.6946600253065274,-0.6456642673900281,16286.513346642512,True,body,high
-0.0136824434306637,0.0029412436836735,-0.0029352469613136,0.0002846770143039,0.0002770799289972,0.1362416249528129,0.1362416249528129,0.1362416249528129,False,0.3295971722877887,6.356146518654916e-05,5.913093168082877e-05,0.0001608790763536,2.720726221971008,0.6049115483057406,0.0275395259976643,0.3675489256965951,-0.1622165870852165,-0.6787977625779604,-0.716183898446188,28395.795854176777,True,body,high
-0.0136391097767215,0.0028048956995726,-0.0030184018802203,0.0004097795660307,0.0004082379451189,0.078896058425328,0.078896058425328,0.078896058425328,False,0.282875632216146,5.6348545029595874e-05,5.188601464047154e-05,0.0001360567937518,2.62222478821316,0.5858454144349867,0.0327990265393427,0.3813555590256705,0.2187094324666848,-0.6103055371664992,-0.7613759488281804,14077.08915306095,True,body,high
-0.0135994515271049,0.0028464026653849,-0.0029000085927953,0.0003399149561082,0.0003397752297946,0.1036926397889926,0.1036926397889926,0.1036926397889926,False,0.0349202847723117,7.673647461338374e-05,6.518523803348929e-05,0.0001508518316445,2.314202359236817,0.4913122779031619,0.0765733929377483,0.4321143291590897,-0.0542892541204876,-0.6952390729920281,-0.7167254064648655,17506.37145020174,True,body,high
-0.013461783262063,0.0032512096288007,-0.0028311389152399,0.0004989856013158,0.0003054262896946,0.1236803714336497,0.1236803714336497,0.1236803714336497,False,0.0616740565766266,7.005704440501467e-05,0.0001120628903419,0.000151803818631,2.166860162604631,0.2617913610305781,0.2767113918199012,0.4614972471495207,0.027620771266547,0.9780405079803816,-0.2065765178913577,6012.997472461939,True,wing_L,high
-0.0142410739095191,0.0046445512934812,-0.0032229149313091,0.0017965915020982,0.0008427958388351,0.381592845138827,0.3815928703600668,0.3815928703600668,False,0.2535907955670253,3.8410980786669504e-05,0.0001062833267198,7.143470815131883e-05,2.7670037198500146,0.3278841530841015,0.3107140920768391,0.3614017548390593,-0.6420517748347101,0.5978070944394096,-0.4799960377643854,6767.115011893969,True,wing_L,high
-0.0142965872464926,0.0016131857342835,-0.0021607954507882,0.0015265447398286,0.0002607559183759,0.4627562197670199,0.4627561861387002,0.4627561861387002,False,0.2367120101200547,5.197942234833012e-05,2.2065228846819143e-05,2.9778019133000867e-05,2.3557164400687065,0.4271190831354534,0.1483816082929114,0.4244993085716352,-0.0480496649046342,-0.6905697558402686,-0.7216679582891741,9031.610279655188,True,wing_R,high
-0.0146051115515025,0.0019322292258369,-0.0027423857376658,0.0012795124483653,0.000526196587541,0.3229824586573639,0.3229824418432041,0.3229824586573639,False,0.2575485569601323,3.0298892735044347e-05,3.265252376223435e-05,7.771146791346027e-05,2.564828642189209,0.5798236136962913,0.0302867915171929,0.3898895947865157,0.5229878166602328,-0.6640402930612016,-0.5343540332178247,9510.756446529109,True,wing_R,high
-0.0130405720751998,0.0028010042846155,-0.0021868448870742,0.0009804456914057,0.0009791503406778,0.1471248925749198,0.1471248925749198,0.1471248925749198,False,0.1657909143380033,0.0001585662383222,0.000137780699191,6.983158475442381e-05,2.270695114250783,0.1310842670620032,0.4285219549604762,0.4403937779775205,0.3773721964541161,-0.8593401957465439,-0.3451443948808785,7657.882442505067,True,body,high
-0.0127095636311355,0.0029724003498492,-0.0023909699947069,0.00118737050507,0.0011631675306342,0.1532132326023805,0.1532132326023805,0.1532132326023805,False,0.3042310197148323,4.192035337222584e-05,4.977116038932278e-05,0.0001187936446728,2.833793971582474,0.581028425161955,0.0660877695832929,0.352883805254752,0.6538015067183178,-0.532226811850959,0.537845898524681,7275.242522108353,True,wing_L,high
-0.0135939332107973,0.0028326112971094,-0.0031056683083086,0.000492635432683,0.0004922326002804,0.1563894946559448,0.1563894946559448,0.1563894946559448,False,0.3272559758317893,7.622627294406379e-05,9.585845729411172e-05,0.0001711017583742,2.2446559665826973,0.4397576143873474,0.114739816449496,0.4455025691631565,0.5866006197220555,-0.6734805142135558,0.4498040794794382,9800.007876893123,True,body,high
-0.0140125470128575,0.0028931094136762,-0.002538155752263,0.000245010766042,0.0001970421049438,0.1348273187106289,0.1348273187106289,0.1348273187106289,False,0.0540430419251222,0.0001144771060205,0.0001403919664743,5.001272695500601e-05,2.807124806464457,0.1845893401493371,0.459174272463424,0.3562363873872388,0.4335236133381913,-0.799899844979586,-0.4149909814439736,4941.755892743293,True,body,high
-0.0135688079051441,0.0028664606135389,-0.0028454471435366,0.0003313004633022,0.000331242024139,0.1449699562193693,0.1449699562193693,0.1449699562193693,False,0.0527852254869299,7.388589887049098e-05,6.679887211643444e-05,0.0001582570672707,2.3691577755215065,0.5331273342497848,0.044781739458961,0.4220909262912541,-0.0072926067274288,-0.6725076310869276,-0.7400542574818194,19042.31846024892,True,body,high
-0.013609831871503,0.0029040425238964,-0.0029379028697712,0.0003401100956199,0.0003364738177039,0.107328634601358,0.107328634601358,0.107328634601358,False,0.5441826831026542,5.649517195779712e-05,0.0001298491448735,6.163785384360836e-05,2.2984113575327565,0.5253118231650689,0.0396050500819132,0.4350831267530178,0.705269625581906,0.1991221786419318,0.6804007004732202,17917.208758846707,True,body,high
-0.0136960775992354,0.0028864488905158,-0.0028111278405802,0.0002041851479941,0.0002036428613949,0.092432062419702,0.0924320287913823,0.0924320287913823,False,0.8902602000046465,3.1958852605266846e-05,8.065031449714589e-05,3.505467193170992e-05,2.52356727236993,0.5653498420895747,0.0383857068102645,0.3962644511001607,-0.5196428766040848,0.7553913355817322,-0.3991931999955391,20319.404052184585,True,body,high
-0.0136997699906514,0.0029110477828188,-0.0028496827719902,0.0002156958948902,0.0002151640707751,0.0737921874574753,0.0737921874574753,0.0737921874574753,False,0.1375185526554745,6.576714014645784e-05,6.012738537513133e-05,0.0001433550206561,2.3841884984984967,0.5412289025844801,0.0393411737204029,0.419429923695117,0.0778289410964863,-0.6063023223118851,-0.7914165463818755,20981.03777419771,True,body,high
-0.0136976879690894,0.0029517660793028,-0.0029611128842973,0.0002966272670521,0.0002865950650211,0.1312807079720616,0.1312807079720616,0.1312807079720616,False,0.4495972711835618,6.031443843793665e-05,5.709982482653904e-05,0.0001481432522425,2.5944607131914843,0.5928640857757249,0.0216993589835193,0.3854365552407557,-0.1734575915382233,-0.6484645515059748,-0.7412193935522151,27005.84326838178,True,body,high
-0.0136493043814058,0.002915338744438,-0.0028961687146613,0.0002816882045458,0.000278594096408,0.0892060977096013,0.0892061313379211,0.0892061313379211,False,0.2020490585331442,5.805701236198532e-05,0.0001288019793027,5.592171546538005e-05,2.3032551528656344,0.549253725165711,0.0165781372938896,0.4341681375403992,0.464922636324698,-0.7935902537652205,-0.3925066258826033,30221.24044754116,True,body,high
-0.0136996920382382,0.0029182384281681,-0.0029009047949073,0.0002506225364854,0.0002485421959027,0.0810984779683137,0.081098444339994,0.081098444339994,False,0.9446166994266564,0.0001264838818652,9.535729430160236e-05,5.295935189935448e-05,2.388320047905269,0.2460913367352597,0.3352043104385464,0.4187043528261939,0.3683389869382101,-0.7783546277669278,-0.5084195748937488,21820.56426456455,True,body,high
-0.0138013579914426,0.0030197789247501,-0.0028518225582292,0.0001607322323228,0.0001318990136893,0.1317064424996324,0.1317064424996324,0.1317064424996324,False,0.0131192089654996,7.496330837858372e-05,7.181004007296137e-05,0.0001729585799606,2.408557073424794,0.5665823089225227,0.018231349415217,0.4151863416622602,-0.0515607873434854,-0.6637553842679236,-0.7461704061833742,16320.523045600605,True,body,high
-0.0136914052281449,0.0029678580386977,-0.0029975883116429,0.000330844211244,0.0003151652062841,0.0993331989346341,0.0993331989346341,0.0993331989346341,False,0.6798584506615359,6.474078495942748e-05,5.857969475977048e-05,0.0001451372059706,2.4776026328890906,0.5539339170376407,0.0424501089052454,0.4036159740571137,-0.0355237597478734,-0.6913017081868218,-0.7216924627231166,18035.11544693385,True,body,high
-0.014245521058614,0.0031438751660548,-0.0030214043898667,0.0005314136409411,0.0005158646672013,0.1213736368429131,0.1213736368429131,0.1213736368429131,False,0.5561087601794252,6.709389960933969e-05,0.0001065404319416,0.0001571304367563,2.3419481900932166,0.3219618417604535,0.2510432297308176,0.4269949285087288,0.0130642220419002,0.98201161909084,-0.1883680070315213,6062.365989037551,True,body,high
-0.014440534810403,0.0016060490477959,-0.0022113355413855,0.0015636899989841,0.0002815314869943,0.3452465585200563,0.3452465585200563,0.3452465248917367,False,0.1519644952869897,7.688796350644303e-05,2.752391282096223e-05,6.760284312420394e-05,2.793496840604912,0.1207616895908684,0.5212640376394309,0.3579742727697007,-0.1389446371260919,-0.5439848611608691,-0.8275112438158698,17761.940914458362,True,wing_R,high
-0.0145542988177383,0.0018433436800207,-0.0025896996108501,0.0013298136372594,0.000401735766473,0.401168352433358,0.401168352433358,0.4011682935837986,False,0.2176152918100759,5.613202115112217e-05,2.3788088571644512e-05,4.207419185769634e-05,2.359669251359344,0.2504422432176182,0.3257695502683009,0.4237882065140808,-0.0179584490257499,-0.5057562407032903,-0.8624894892682841,6927.637135444864,True,wing_R,high
-0.0140532256868818,0.0021366133474145,-0.0027542488936334,0.0008554303664257,0.0002172257011,0.2498714986801092,0.2498714650517894,0.2498714650517894,False,0.1246848539144446,3.632411710115836e-05,6.40408038070392e-05,2.531345140200879e-05,2.529911974072297,0.4327972957584004,0.1719320346497478,0.3952706695918517,-0.1277416556296879,-0.3630082094815807,-0.9229881414546794,6468.024986776252,True,wing_R,high
-0.014431935527899,0.0019338364445969,-0.0027058614777954,0.0011842298194014,0.0003634122062684,0.3166758540208038,0.3166758708349637,0.3166758708349637,False,0.6474849118661861,2.7144111879131007e-05,2.983589471400769e-05,7.080421291295488e-05,2.608455683804882,0.5786141320335377,0.0380172693704808,0.3833685985959814,0.4703266589385189,-0.6646371439654672,-0.5805603334306926,5351.277427335358,True,wing_R,high
-0.0134188496747988,0.0038430813315118,-0.0027961281138941,0.0009816743371636,0.0002152794783598,0.412229808114546,0.412229808114546,0.412229808114546,False,0.2349845876687985,3.0399847272400007e-05,3.985050900403648e-05,7.436256242644835e-05,2.446149211215349,0.4641052203727861,0.1270889735810821,0.4088058060461317,-0.8267711163936624,0.2626233652976186,-0.4974720988125168,8342.590850039312,True,wing_L,high
-0.0130318040644399,0.0031139497762048,-0.0026147648473062,0.0008400146376936,0.0007710488639937,0.1248627431547707,0.1248627431547707,0.1248627431547707,False,0.1895177404601815,0.0001137011199053,8.543322897835351e-05,4.786190100787083e-05,2.375608103961673,0.2486157651788954,0.330439383550243,0.4209448512708615,0.2560477080982991,-0.616505544323748,-0.7445538832050282,7610.785487946175,True,wing_L,high
-0.0135754250346121,0.0028581889599789,-0.0027578595221314,0.000302605176264,0.0003018838776434,0.1004956963188046,0.1004956626904848,0.1004956626904848,False,0.0723033810383598,6.13526566901798e-05,7.887188639518899e-05,6.829465236307753e-05,1.2855496509870508,0.1341065177408593,0.0880160978794742,0.7778773843796664,-0.1521760875069722,0.8767215327853789,-0.456291345898129,13107.838769395148,True,body,high
-0.0137123082897537,0.002740116259892,-0.0031114522596483,0.0004830326823263,0.0004731798751853,0.1326396619999973,0.1326396619999973,0.1326396619999973,False,0.4578301765988354,7.316689171296514e-05,7.661508925702463e-05,0.0001693041014323,2.3139441551859776,0.5474705656339797,0.0203668872454191,0.4321625471206012,0.6097702110542665,-0.6480332128865662,0.4563258098187625,7860.419555875194,True,body,high
-0.0135947106531158,0.0027553469033538,-0.0030789916348633,0.0004986058267962,0.0004951485342641,0.1105356665674601,0.1105356665674601,0.1105356665674601,False,0.5854159610911348,4.301050474510612e-05,0.0001045846269693,5.687683401112142e-05,2.4316065944616025,0.4561644893775338,0.1325847752947737,0.4112507353276924,0.5578919601083687,0.2140307643249927,0.8018400044702818,10172.32589393081,True,body,high
-0.013853171692377,0.0029663483993645,-0.002823280548,0.0001141146852152,0.0001119361033408,0.1299186601387122,0.1299186601387122,0.1299185928820728,False,0.0565027426039198,3.863873241413753e-05,6.504756274254038e-05,6.958109913029593e-05,1.8008121587559351,0.0651547107536509,0.3795402869240438,0.5553050023223052,-0.2690623206604365,0.959591238924601,-0.0824021952375663,14381.068647808655,True,body,high
-0.0132619918131196,0.0027607756525101,-0.0024606784693914,0.0006739589794802,0.0006677849405781,0.0837511134556217,0.0837511134556217,0.0837511134556217,False,0.9918480667617684,6.141658338602576e-05,5.549891296697224e-05,0.0001461335202126,2.63308797236452,0.5797228226853218,0.0404949556435969,0.3797822216710812,0.0316772955018211,-0.6860142575984287,-0.7268981959816424,5533.10873104183,True,body,high
-0.0137901253644364,0.0027742437189706,-0.0030031891381575,0.0003573317212543,0.0003410048948263,0.1035259442081736,0.1035258769515342,0.1035258769515342,False,0.2039081098076287,6.628725679912734e-05,0.0001170631722411,0.00015259196628,2.301980405411324,0.2328352855333623,0.3327561514531235,0.4344085630135141,-0.1862104282357231,0.95769495565353,-0.2194220780415031,7649.043986593451,True,body,high
-0.0144547459965072,0.0014142282012138,-0.0021228653905113,0.0017654766604951,0.0002943701961696,0.7587104989532146,0.7587104989532146,0.7587104989532146,False,0.4363123131238288,2.115772537183869e-05,5.401706767219519e-05,2.442654420705297e-05,2.5530659238111144,0.5477995148628492,0.0605145554188769,0.3916859297182738,0.5894209578627887,0.8074704171142784,0.0239678934703462,5314.30250677498,True,wing_R,high
-0.0147481050612617,0.0017265485105975,-0.0024494936170262,0.0015514261030646,0.0005343186183761,0.3268687490533557,0.3268687826816754,0.3268687490533557,False,0.2291880082213692,4.449144660018034e-05,7.8611610886024e-05,3.0129262866720872e-05,2.609144844789882,0.4340346661425523,0.1826979955198049,0.3832673383376426,-0.0788104309890528,-0.4672409040867603,-0.8806105004572147,7508.563991133854,True,wing_R,high
-0.0142628285834534,0.0016845491181639,-0.0022640588931452,0.0014180314666932,0.0001748367255248,0.366233353915077,0.366233353915077,0.3662333202867573,False,0.2089330194193712,8.069524486186433e-05,3.555702404046241e-05,8.618832055946627e-05,2.4239464039900405,0.0637334114639343,0.5237162126886841,0.4125503758473815,-0.0871800558220673,-0.5843636272598642,-0.8067953823631837,10389.7244541107,True,wing_R,high
-0.0135610948896804,0.0030537343415881,-0.0027184049778655,0.0003050790836864,0.0002599828521219,0.1694171393412123,0.1694171393412123,0.1694171393412123,False,0.0134884441534349,0.0001395388227347,0.0001232602491101,5.845273749632841e-05,2.387207660608871,0.1166598177170056,0.4644407222565698,0.4188994600264245,0.3357607991492187,-0.8598305311752528,-0.3846506771260911,8016.735166377825,True,body,high
-0.0143548319492387,0.0031533540757416,-0.0029342496311571,0.0005802289551504,0.0005731025762129,0.1803647379389309,0.1803647379389309,0.1803647379389309,False,0.1016612118772637,5.615108165995357e-05,7.028530985656527e-05,7.778576305924775e-05,1.385294116510739,0.0964244986189765,0.181707135608427,0.7218683657725964,0.1977164074680503,0.7840574631632106,-0.5883554339648768,6200.744782323301,True,body,high
-0.0136237861269381,0.0029254007925253,-0.0028478954636829,0.0002715780581538,0.0002672861357314,0.0766600105626289,0.0766600105626289,0.0766600105626289,False,0.9245861000440552,4.448117964029635e-05,0.0001018318836677,6.501153086146993e-05,2.289325159342102,0.3615798066390726,0.2016102470240005,0.4368099463369268,-0.0587741293679739,-0.646774505369579,-0.7604132698217287,39595.157963324986,True,body,high
-0.0138596448064201,0.002974476227669,-0.0028879476348186,0.0001790330661827,0.0001742379287886,0.1270058759701018,0.1270058759701018,0.1270058423417821,False,0.9523710161221566,4.371065945363758e-05,8.467376984158774e-05,8.205798823161423e-05,1.9371423561202128,0.0308924666383373,0.4528832110548391,0.5162243223068235,-0.3637335208315746,0.9315009088962944,0.001995632442055,23246.762626862303,True,body,high
-0.0137290355544915,0.002958199899865,-0.0029396020446387,0.0002620478323222,0.0002524966201406,0.1534294626981373,0.1534294626981373,0.1534293954414978,False,0.0895668148319012,5.430538941880965e-05,9.373899607566144e-05,0.0001291735993302,2.3786515613404484,0.2743176890503536,0.3052760537858325,0.4204062571638138,-0.077726985303558,0.995023981387518,-0.0623361229092134,26061.37539711744,True,body,high
-0.0136699649507741,0.002921395066034,-0.0027896740262671,0.0002055696615255,0.00020453266154,0.1234706316035976,0.1234706316035976,0.1234706316035976,False,0.0848203710398226,6.35918415281077e-05,6.361871334043631e-05,0.0001405307432075,2.209886360114335,0.5472968270971679,0.0001912166100831,0.4525119562927489,0.6698133317029807,-0.592056935467346,0.4481279793072149,18124.551583339067,True,body,high
-0.0137536663859192,0.0027117204507856,-0.0031379720190569,0.0005090133306609,0.0004923123747579,0.096886469648931,0.0968865032772507,0.0968865032772507,False,0.3657310383805939,6.013380801576347e-05,6.48179461933663e-05,0.0001387497342618,2.307349872562712,0.5328427363253464,0.0337596190905979,0.4333976445840556,0.6933801944242401,-0.5696600202333486,0.4412611101467516,6161.952723926239,True,body,high
-0.0135833525720229,0.0028482725009061,-0.002938102810313,0.0003735286632546,0.0003735088403701,0.1236718970970819,0.1236718970970819,0.1236718970970819,False,0.4699582092152855,5.970699718396204e-05,9.899286376616956e-05,0.0001704711085035,2.855127816565219,0.4192982926245793,0.2304546906926362,0.3502470166827843,0.1442375667652999,0.9842138820278568,-0.1025600251427515,15890.600272078393,True,body,high
-0.0144149204689672,0.0017710995535756,-0.0024797926279461,0.0013410504709501,0.0002268303730355,0.3710231868192867,0.3710232120405266,0.3710231868192867,False,0.1622110443910526,5.810270850836599e-05,2.402524362903778e-05,5.612913051554179e-05,2.418402468899044,0.0339670566741313,0.5525368388270833,0.4134961044987855,-0.0943691666992649,-0.473014732286233,-0.8759860292360091,15818.932337656406,True,wing_R,high
-0.0146401130543553,0.0019466413741359,-0.0027743179113532,0.0012901588956708,0.0005740991404007,0.4069502123620313,0.4069502123620313,0.4069502123620313,False,0.142705514697166,5.571660778815186e-05,2.5971586693143075e-05,5.976909517635646e-05,2.301326287166601,0.0678023881112339,0.4976655746124689,0.4345320372762971,-0.1656699523524824,-0.5691174105138039,-0.8053935931813642,11384.566581791443,True,wing_R,high
-0.0140365239846891,0.0019255787725911,-0.0024932458020079,0.0010793746887824,9.995788765208076e-05,0.3169905982791608,0.3169905646508411,0.3169905982791608,False,0.2855873998051681,3.775745580841755e-05,7.165604930683038e-05,2.6757606680120225e-05,2.677969302840071,0.4730737157062545,0.1535090091444491,0.3734172751492963,-0.118654017104504,-0.5097212753488913,-0.8521182110961272,17241.433502018117,True,wing_R,high
-0.0147195099067858,0.001922450385074,-0.0027751892371488,0.0013586020070762,0.0006394579013149,0.3855510412894458,0.3855510412894458,0.3855510412894458,False,0.087951226125459,2.4066107986009667e-05,2.697022117628633e-05,5.799182609159556e-05,2.4096886013022094,0.5349306446448499,0.0500779745354067,0.4149913808197434,0.6579002722031455,-0.5394542311188728,-0.525505817629998,20375.81246518764,True,wing_R,high
-0.013701271458429,0.0029450456298888,-0.0028392469993213,0.0002014469497994,0.0001964099532886,0.1497935351424113,0.1497935351424113,0.149793568770731,False,0.3760363481224725,7.345634111643075e-05,8.724395969149021e-05,0.0002049145423724,2.7896099813581032,0.5742422246786144,0.0672847247219764,0.3584730505994091,0.5129738668888266,-0.6694873624027029,0.537256441070925,19420.756282674607,True,body,high
-0.0137897735516835,0.0029727996577913,-0.0030483364557698,0.0003451462396899,0.0003332286217014,0.1376335683623874,0.137633501105748,0.137633501105748,False,0.4129322177310309,0.00010740655897,0.0001209632451853,4.539328444675763e-05,2.664782834281912,0.1120727721431142,0.5126621266504403,0.3752651012064454,0.2032804571895468,-0.6544357671662584,-0.72827939856783,15656.825430076524,True,body,high
-0.0134846042561934,0.0026501192447279,-0.0018004174343307,0.0010307438891212,0.0009557945647384,0.2422354993086413,0.2422354656803216,0.2422354656803216,False,0.1545324372601025,6.014418891204084e-05,5.584278785217075e-05,2.5648502603646065e-05,2.344939579571832,0.0715181489297456,0.5020316308975912,0.4264502201726632,0.2672894047656188,-0.6956457910114051,-0.666808298949674,3498.0176269930457,False,body,high
-0.0131190046799961,0.0031599487180031,-0.0025589536645203,0.0007740778626611,0.0006939808450106,0.1117243267843675,0.1117243267843675,0.1117243267843675,False,0.3219595268337401,8.993083672792485e-05,7.981575997082178e-05,5.060573585511457e-05,1.77708781837298,0.1124761775285716,0.3248054302450082,0.5627183922264202,0.518648633727972,-0.7455308912365893,-0.4185538017317309,6048.295990407874,True,wing_L,high
-0.0135479322940596,0.0028460782466183,-0.0028828716331228,0.0003717574685022,0.0003717574564245,0.1482621014626658,0.1482621014626658,0.1482621014626658,False,0.0737522124597863,7.169952452568068e-05,9.860608081883768e-05,0.0001994801372698,2.782168202501392,0.5056847154387969,0.1348833856914942,0.3594318988697089,0.565666393905763,-0.670639741953881,0.4798581741699125,15163.744124444962,True,body,high
-0.01313788416276,0.0031364499437969,-0.00256929311707,0.0007485402427613,0.0006776909115723,0.1144067233346217,0.1144067233346217,0.114406689706302,False,0.305156443238774,8.39074573522152e-05,7.912374173875769e-05,6.792240561321872e-05,1.2353428385623249,0.0570118052007831,0.1334963122350322,0.8094918825641846,0.4764756901885689,-0.6200995430947179,-0.6232555441494676,6025.054353668582,True,wing_L,high
-0.0137354054336742,0.0028956650776644,-0.002991435026719,0.0003142166407628,0.0003135935492404,0.1219918262442035,0.1219918262442035,0.1219918262442035,False,0.3616294290946405,3.830365399700227e-05,9.60226468986014e-05,3.5823224265289735e-05,2.6804579673650646,0.6010977073205407,0.0258317158694014,0.3730705768100579,0.982777306102194,-0.0705534452235985,-0.1707951345255329,12972.861338660334,True,body,high
-0.0129945139937782,0.0027836059184831,-0.0021335749410452,0.0010501662406526,0.0010481199164253,0.1271920423480349,0.1271920087197152,0.1271920087197152,False,0.3595881370224622,3.309121596900556e-05,5.8978307617176005e-05,7.696176493568668e-05,2.325746053205536,0.2336674234737028,0.3363630196085429,0.4299695569177543,-0.310555700797124,0.8851155649318825,0.3465913925903555,7538.304017955184,True,body,high
-0.0136247077584005,0.002939679660521,-0.0028551637225552,0.0002727863144332,0.0002654599004164,0.0654144650522501,0.0654144650522501,0.0654144650522501,False,0.8455863622820757,7.026962675155914e-05,0.0001122521055889,4.880854555247056e-05,2.299845330738629,0.3740017046196998,0.1911864466727023,0.4348118487075978,0.3269085498274446,-0.7601224892694565,-0.561555519389243,32095.845985369604,True,body,high
-0.0136546466775309,0.0029341812603148,-0.0029632136827816,0.0003242937384324,0.0003163147594718,0.1101753391217316,0.1101753391217316,0.1101753727500514,False,0.1802153908498914,6.758311784736958e-05,7.208415306344389e-05,0.0001793223377834,2.653359943950312,0.5980191093065091,0.0251002483667646,0.3768806423267262,0.7472157074474048,-0.5091974367974441,0.4270675086011428,19363.11257155924,True,body,high
-0.0136654010772154,0.0029029560634512,-0.0029225855263818,0.0002916310895711,0.0002899729568141,0.1571893778686464,0.1571893778686464,0.1571893778686464,False,0.1572497753684907,4.9019674663412986e-05,8.658714933494227e-05,0.0001201725134367,2.451515932366383,0.2794762557704315,0.3126128729203509,0.4079108713092175,0.1780776962572409,0.9746470773139952,-0.1354673716398189,22462.962865566747,True,body,high
-0.0144020419288004,0.003024497801518,-0.0030976019429967,0.0006745912682826,0.0006745086567481,0.1593159655506785,0.1593159991789982,0.1593159655506785,False,0.6229266692525774,0.000105943454819,9.917452761466915e-05,4.67232727518709e-05,2.267466480390749,0.0638918866287264,0.4950872609582,0.4410208524130736,0.2835083275660391,-0.6330845692296991,-0.7202964364787277,6464.215483258865,True,body,high
-0.0134808541989338,0.0029201083365126,-0.0027599435113004,0.0003790143462814,0.0003738071973111,0.0835132267219695,0.0835132267219695,0.0835132267219695,False,0.9958802653064348,5.331763563622968e-05,5.609445449741147e-05,0.0001263916980978,2.370542065296381,0.5561856091687758,0.0219699466260237,0.4218444442052005,0.6466811954028358,-0.5733310463223174,0.5030854230002261,15016.75168135207,True,body,high
-0.0139633442390159,0.0030589682758064,-0.0030226117800262,0.0003445860823806,0.0003226367120142,0.1338489027485693,0.1338488691202496,0.1338488691202496,False,0.7639112901044209,7.907485987869908e-05,9.057257742456514e-05,0.000188420446776,2.382811010542414,0.5193060043413948,0.0610216021806331,0.419672393477972,0.2711681417611701,0.9463788680594334,-0.1755986246652849,8412.853871652835,True,body,high
-0.0137384368524996,0.004554455141028,-0.0027830625593878,0.0015931576375838,0.0003927385499629,0.4871536203650674,0.4871536203650674,0.4871536203650674,False,0.3040590550822009,3.840951555198305e-05,8.190303015433295e-05,8.852763867046531e-05,2.304836116733961,0.074830963703796,0.4912987091438174,0.4338703271523865,-0.6407160200968074,0.5083649820282227,-0.5753677316627624,9162.388623427423,True,wing_L,high
-0.0144427713081032,0.0016021071843907,-0.0022057176548398,0.0015697543313315,0.0002855229699909,0.3762130454006465,0.3762130790289661,0.3762130790289661,False,0.1380899463906173,7.08402799970667e-05,2.776397570097196e-05,6.67959417797501e-05,2.5515178647338588,0.057090940598824,0.550985485664291,0.391923573736885,-0.1592676883659532,-0.5746458175418125,-0.8027552477712415,18283.742922600413,True,wing_R,high
-0.0147452105336214,0.0019000292215354,-0.0027431634739293,0.0013910866279995,0.0006440966648703,0.2992244206914063,0.2992243870630866,0.2992244206914063,False,0.1194568089925149,5.021043445590702e-05,6.688894706566051e-05,2.594796835165131e-05,2.577810569180988,0.2493463171633018,0.3627275830854212,0.387926099751277,-0.0205780927005696,-0.6485161297071133,-0.7609227106681158,20316.5708350298,True,wing_R,high
-0.0135352064743245,0.0030077719159715,-0.0026735988938728,0.0003228289078843,0.0003020455404668,0.1428287065899421,0.1428287065899421,0.1428287065899421,False,0.0185036056297558,7.728457711471131e-05,9.517236588367086e-05,0.0002255979406501,2.91905512163609,0.5781328251074351,0.0792905676240067,0.3425766072685581,0.5600283066455414,-0.6603608022292268,0.5002918214751262,8410.27740302871,True,body,high
-0.013748501272404,0.0030608914803356,-0.0029011159641999,0.0002380103589936,0.0001812030394265,0.1286275680599579,0.1286276016882777,0.1286276016882777,False,0.0423380938695598,0.0001547829710877,0.0001332225439715,6.73626004195158e-05,2.297758253449288,0.139294568159963,0.4254986390893867,0.4352067927506501,0.3256687077892657,-0.7851855457030039,-0.5267101210209901,11264.08923320778,True,body,high
-0.0138586607853771,0.0029847001845829,-0.0030098344014099,0.0003012196822833,0.0002915987375164,0.1935696711257271,0.1935696711257271,0.1935696711257271,False,0.3229614832119185,7.154242749239419e-05,5.2438136251174793e-05,0.0001300716168991,2.480477495922848,0.4499766421151647,0.1468751730519969,0.4031481848328383,-0.169684463238494,-0.6932870476474742,-0.7004000660334871,17018.037708874297,True,body,high
-0.0134953006418533,0.0029790029867744,-0.0028045478981126,0.0003708605150566,0.0003497176135494,0.074618906069308,0.074618906069308,0.074618906069308,False,0.9425434141550488,0.0001321483627375,9.82529433949842e-05,0.0002291014261697,2.3317512763845145,0.4231883888858008,0.1479494034989233,0.4288622076152757,-0.0985713539557892,-0.6297551324918989,-0.7705142187392993,12481.903834040097,True,body,high
-0.0137868041884479,0.0029866086061524,-0.0029081335270011,0.0002107404608448,0.000196711561484,0.1508837988958375,0.1508837988958375,0.1508837988958375,False,0.6248485710949718,9.597545193230716e-05,0.0001185738947709,5.799254506514876e-05,2.044640300537973,0.1905853129165634,0.3203311061049699,0.4890835809784666,0.26034501330963,-0.8190176012072752,-0.511302887687415,19172.95063865647,True,body,high
-0.0142609143041275,0.0031307423234049,-0.0031114910343107,0.0005954914042937,0.0005812901794874,0.1362372196429304,0.1362371860146107,0.1362372196429304,False,0.4462271141278799,7.45473904256696e-05,5.650535581652149e-05,0.0001560380893832,2.761474326255703,0.5222487616945688,0.1156258364894002,0.362125401816031,-0.1045982905248489,-0.7066041801043195,-0.6998355022992067,6292.446433252064,True,body,high
-0.0138184837977062,0.0030136972874286,-0.0028938635453385,0.000193653483364,0.0001714206589691,0.1100924116853185,0.1100924116853185,0.1100924116853185,False,0.9748466192993546,0.000103874558062,9.908419739604908e-05,6.916950998107766e-05,1.501739105720134,0.046116785047319,0.2879885890546181,0.6658946258980628,0.4601002901986046,-0.608773197117714,-0.6462994023130739,22521.11303198327,True,body,high
-0.0138595214961859,0.0029937162811595,-0.0030591153688735,0.0003510027971829,0.0003382652505613,0.1278003113950098,0.1278003113950098,0.1278003113950098,False,0.7668185228396989,4.066432475086846e-05,9.21541378007142e-05,3.5238183909568025e-05,2.61517841093088,0.5587357689916632,0.0588811416480788,0.3823830893602579,0.9897446018996006,-0.0995688102776463,-0.1024288779129003,16123.091469809013,True,body,high
-0.0138045975961603,0.0029578287369094,-0.0028858470152494,0.0001835565012557,0.0001792947131048,0.1239214528576746,0.1239214192293549,0.1239214192293549,False,0.4984037411148285,5.771689348557288e-05,7.361946624405271e-05,5.7927486422410674e-05,1.275527177540401,0.213149872203939,0.0028605604955035,0.7839895673005575,-0.2284237770308059,0.7917757001204412,-0.5664925584557717,21693.65651694509,True,body,high
-0.0136465483826799,0.0028972266012202,-0.0028061054635213,0.0002389874363492,0.0002388796062286,0.0941981881427269,0.0941981881427269,0.0941981881427269,False,0.98135393990643,5.584848651700149e-05,8.312009328204533e-05,3.6567557438488914e-05,2.273055656557413,0.3280988469599654,0.2319647189649801,0.4399364340750545,0.3550316802922161,-0.7736258941188889,-0.524838529395123,23085.89076794908,True,body,high
-0.0138703140225482,0.0029943346237057,-0.0029829537370125,0.0002756419347266,0.0002649002013149,0.1267088033937542,0.1267088033937542,0.1267088033937542,False,0.091491199237461,5.795008560757197e-05,8.437599972147824e-05,0.0001397261843595,2.4111471604326344,0.396133229371147,0.1891264277704066,0.4147403428584463,0.0567584083719041,0.9979476465916244,0.0296475587751573,16987.185917958945,True,body,high
-0.0137715887174399,0.0028494574246599,-0.0029983583769603,0.0003227942581234,0.0003212155909694,0.1205754350461973,0.1205754014178776,0.1205754014178776,False,0.3212330936000419,7.43022359758638e-05,0.0001217722439702,0.0001636187847059,2.2020708065780576,0.2557563351354623,0.2901256605693144,0.4541180042952232,0.0040532679560819,0.979053656965416,-0.20356204902074,9924.690740717077,True,body,high
-0.0139119861423981,0.0045704295292723,-0.0029615417690656,0.0016240485824777,0.0004855671417538,0.4041689065164202,0.4041689065164202,0.4041689065164202,False,0.1695734992505178,2.435241585296229e-05,3.0312476558768688e-05,5.755161592330917e-05,2.363281584496613,0.4732992971185761,0.103560266904556,0.4231404359768678,0.6689900381431315,-0.5878170485419818,0.4548883888479073,6083.454105405212,True,wing_L,high
-0.0142984371565196,0.0034003800159063,-0.0033357551279588,0.0008821858347496,0.0007762289246771,0.3593778089945963,0.3593778089945963,0.3593778089945963,False,0.1313933769519901,3.317950727607102e-05,3.638052237110964e-05,7.929718376853786e-05,2.389944585636653,0.5412129328917723,0.0403673238179823,0.4184197432902453,0.7350920694197055,-0.4177608766464366,-0.5339620767618761,4685.465503988476,True,body,high
-0.0131995444352805,0.0032432862036554,-0.0027993095840809,0.0007155476258717,0.0005572216318481,0.4247605271194095,0.4247605523406493,0.4247605271194095,False,0.1350378073557398,3.0091875061016785e-05,2.585284662739684e-05,7.027404983708265e-05,2.7182325741495594,0.5717925019152985,0.0603213909465493,0.3678861071381522,0.0509857585313164,-0.6560813619486086,-0.752965934774373,4227.444183938182,True,wing_L,high
-0.013618686647891,0.0029580739166644,-0.0027609095440739,0.0002406099646527,0.0002322621190719,0.0989176201596166,0.0989176201596166,0.0989176201596166,False,0.8609382114160236,8.816164842968772e-05,9.180624408352524e-05,0.0002138892381056,2.426102981459802,0.5707767024810919,0.0170396401713154,0.4121836573475927,0.512082422733158,-0.6611222825123815,0.548351091813774,13745.269766317548,True,body,high
-0.0128042900090571,0.002806517991415,-0.0022500349480884,0.0011564769644189,0.0011561149735406,0.0935401828108959,0.0935402164392157,0.0935402164392157,False,0.9617033148995152,0.0001163309910909,0.0001218411291661,5.173694092465854e-05,2.3550122405493705,0.0452239577297159,0.5301497992377966,0.4246262430324876,-0.0685885616980814,-0.4767540902806701,-0.8763567461969126,6651.292188041832,True,body,high
-0.0137618214938854,0.0028871196198619,-0.0026402079500086,0.0001398861490495,0.0001235414579398,0.1152793109745435,0.1152792773462237,0.1152793109745435,False,0.8908512047559415,0.0001475555642521,0.000132919364829,6.345722900165344e-05,2.3252758838295,0.0991911047023001,0.4707523987958317,0.4300564965018681,0.280449866317901,-0.7652604480842593,-0.579417223665426,7599.060824506339,True,body,high
-0.0127560893986215,0.0030084008730123,-0.0023520983832743,0.0011547684344556,0.0011267963755731,0.1682693375327566,0.1682693375327566,0.1682693375327566,False,0.0596311116318286,8.454240888938403e-05,5.011685986961261e-05,0.0001132229590372,2.259179033399993,0.2533103744307576,0.3040509567360638,0.4426386688331786,-0.0926384193341764,-0.6754524228190446,-0.731561444973112,7492.12796052416,True,wing_L,high
-0.0139096906538765,0.0029846851175965,-0.0029838308400743,0.0002808983219918,0.0002750494492996,0.1712219040035879,0.1712219040035879,0.1712219040035879,False,0.8984729671769787,7.193245563237933e-05,6.584150587146639e-05,5.595671161528773e-05,1.285501838044517,0.0846759603487135,0.1374177229079492,0.7779063167433372,0.356416598136411,-0.8146275101765599,-0.457546968339215,14881.350054585942,True,body,high
-0.0137013396032142,0.0029210776374376,-0.0028682741608219,0.0002249213408569,0.0002231801734396,0.1129389480640936,0.1129389480640936,0.1129389480640936,False,0.0473834644136933,8.215061802697437e-05,8.77451067039377e-05,0.0002035593964398,2.477880280499619,0.568945928124494,0.0274833231715499,0.4035707487039561,0.7031614592399653,-0.5879255048777102,0.3998844369987561,20162.52673386201,True,body,high
-0.0138205533386867,0.0029943500363023,-0.0029045191840179,0.0001999622094392,0.0001859966694353,0.1465730854767436,0.1465731191050633,0.1465730854767436,False,0.3301551526716727,9.839490964148135e-05,0.000114413420785,4.547075372933399e-05,2.5161980262333388,0.1400055258700751,0.462569474358756,0.3974249997711688,0.2736609504072216,-0.845490725631032,-0.4585358405775133,27033.7230315756,True,body,high
-0.0142084384476233,0.0033228025197562,-0.0026873700800687,0.0005029239726315,0.0004423720217087,0.1541620556430924,0.1541620556430924,0.1541620556430924,False,0.4062347939913204,3.708108562045422e-05,7.406360875058791e-05,6.098462253422645e-05,1.9973419739829257,0.1765912630642326,0.3227433461184468,0.5006653908173205,0.0451013816578311,0.8545600053298406,-0.5173906286967491,3409.86405140276,False,body,high
-0.0136924432221724,0.0029673401305493,-0.0030342690491544,0.0003628034763918,0.0003465916001652,0.1223628138672811,0.1223628474956007,0.1223628474956007,False,0.9941869146174545,3.260721557036201e-05,9.086075583263988e-05,4.024868099040323e-05,2.7865229901821733,0.5570289876903631,0.0841008348435527,0.3588701774660841,-0.0695122741279734,-0.6705151538653256,-0.7386321629759403,13449.978130469864,True,body,high
-0.0130988530151934,0.002802713744228,-0.0026389143291844,0.0007755403090172,0.0007750783204494,0.1134476436563973,0.1134476436563973,0.1134476436563973,False,0.2851253737779765,5.364589755448104e-05,7.866613288306564e-05,4.382594721906371e-05,1.7949670885572304,0.3180559970550005,0.1248307241696287,0.5571132787753708,0.3200029412374023,-0.9221369076335476,-0.2173974268004315,8152.0247984906,True,body,high
-0.0136995425050193,0.0027244859774379,-0.0027508205000468,0.0002904027429497,0.0002272149920685,0.1109549780859657,0.1109549780859657,0.1109549780859657,False,0.0666304743086704,6.294340859182858e-05,7.819394266233993e-05,3.806270126877322e-05,2.054345594396647,0.195034724574086,0.318192259859516,0.4867730155663979,0.290373911971882,-0.8324009989760891,-0.4720080170397054,5721.587790734661,True,body,high
-0.0135335342161976,0.0027930997454004,-0.002988890818328,0.0004592596203198,0.0004585718722859,0.1384848020192912,0.1384848020192912,0.1384848020192912,False,0.9019815056663558,5.147084516104649e-05,7.642528050798903e-05,0.0001369171758146,2.660091851731554,0.4418137822864786,0.1822593491172124,0.3759268685963089,-0.0358374207061784,0.9984644660373658,0.0422420328327879,9692.401165029432,True,body,high
-0.0137261397218246,0.0028852698871874,-0.0028818797233695,0.0002296867727073,0.0002294857226913,0.095207979327079,0.095207979327079,0.095207979327079,False,0.049909356428848,7.148616138496049e-05,6.898742230230055e-05,0.0001743098744395,2.52669064334235,0.5898903512218423,0.0143350403452145,0.3957746084329432,0.0612144564453817,-0.6655843523832108,-0.7438079457660545,16294.05338719273,True,body,high
-0.0136337973971315,0.0029093008535811,-0.002844888301367,0.00026464063281,0.000262971254536,0.1258011750446911,0.1258011750446911,0.1258011750446911,False,0.0982334971100636,7.372949567037443e-05,7.46820215687112e-05,0.0001697996223205,2.3030080536519217,0.5601755731369173,0.0056097056360849,0.4342147212269978,0.5992026390351572,-0.6448223176196428,0.4745106701360208,37027.77759732624,True,body,high
-0.0138763453697157,0.0030979670095637,-0.0028582173990372,0.000199609110885,0.0001344958917035,0.1421161897518559,0.1421161897518559,0.1421161897518559,False,0.010506833860795,5.617507711587002e-05,6.1892730973166e-05,0.0001337498296111,2.380946079258975,0.5372500200327069,0.0427488683456342,0.4200011116216589,0.7157120030973687,-0.5242973952197709,0.4613768199510195,9844.68591402349,True,body,high
-0.0143567776759582,0.0034866957872346,-0.0028723516119813,0.0007415024535847,0.0006290445838956,0.0935103881196299,0.0935103881196299,0.0935103881196299,False,0.2120981072017714,0.0001137119638061,6.521035772917012e-05,4.3796825309824935e-05,2.596351744715379,0.4265303707151496,0.1883138036015998,0.3851558256832506,0.7313411681000849,-0.6681681033845249,-0.1367167929024444,2963.502319333956,False,body,high
-0.013622193546094,0.002906296360323,-0.0029166310633817,0.0003166156033908,0.0003135083684117,0.124919373245168,0.124919373245168,0.124919373245168,False,0.055633743130074,7.287615031940873e-05,7.39539270448623e-05,0.0001717567709945,2.356831010444087,0.5694264242589802,0.0062750173935655,0.4242985583474542,0.6560615810370998,-0.5812884202895643,0.4813387313777728,24561.099435331,True,body,high
-0.0135875386292829,0.0028103520345153,-0.0029811399093231,0.0004114520176587,0.0004107264394242,0.125910298942161,0.1259102653138412,0.1259102653138412,False,0.3520600920339462,6.425148870647295e-05,0.0001011812165341,0.0001479015775161,2.3019167414435944,0.3158881856881657,0.2496912368877903,0.4344205774240439,-0.0431037086564272,0.9933500018431826,-0.1067606862951477,13693.539415954649,True,body,high
-0.0142301151342578,0.0045213184565419,-0.0033194663762437,0.0017116264854609,0.0008379877170452,0.4141263108330995,0.4141262772047798,0.4141263108330995,False,0.10961610664995,2.4347492804656663e-05,2.714651944363263e-05,5.7539926499532665e-05,2.363279330696739,0.5282142141100387,0.0486449463747351,0.4231408395152262,0.6344922828866811,-0.612448656965065,0.471514777646402,6940.046276641145,True,wing_L,high
-0.0147560280130802,0.0019083745456074,-0.0027557548734995,0.0013920503613957,0.0006604667498822,0.3273250853518658,0.3273250517235461,0.3273250853518658,False,0.0863551109804642,5.737838410464925e-05,5.984563848397614e-05,2.50756540110465e-05,2.386603294877674,0.041226970616873,0.5397674903619235,0.4190055390212034,0.010361563639254,-0.6522930708711341,-0.7578960269670605,19259.224583611656,True,wing_R,high
-0.0145811486318751,0.0016302381589546,-0.0023178964525692,0.0015716181733514,0.0003572658191664,0.3639464095904918,0.3639464095904918,0.3639464095904918,False,0.1563281523321472,2.884924219440934e-05,2.559521009213674e-05,6.189160949867635e-05,2.4180934352904746,0.5338747460586507,0.0525763044236585,0.4135489495176908,-0.6383644233317138,-0.171996671617217,-0.7502719560112642,5881.539198909851,True,wing_R,high
-0.0136739756435637,0.0031008933302328,-0.0028319034266558,0.0002552836518563,0.0001616356292549,0.1334606637974788,0.1334606637974788,0.1334606974257985,False,0.0121839995475729,7.952665492579527e-05,8.89422119664333e-05,0.0001914465092919,2.407325059384854,0.5354200382373459,0.0491811372036098,0.4153988245590443,0.5435852804944015,-0.6492406862047748,0.5319789227085748,8254.906343987914,True,body,high
-0.0138424281098412,0.0028684361912266,-0.002672372287312,0.0001059531191996,4.083077595103682e-05,0.1200763907816513,0.1200763907816513,0.1200763907816513,False,0.4200484590949628,0.000146382985031,0.0001443998872146,6.305960892771273e-05,2.3213430517595337,0.0135473246149855,0.5556675748191938,0.4307851005658207,0.3021794160509604,-0.7648705360147665,-0.5689118241446423,6546.123796015034,True,body,high
-0.0135386238176264,0.0028844799061248,-0.0028444128613579,0.000352521068053,0.0003511657282962,0.1473919350617634,0.1473919350617634,0.1473919350617634,False,0.1133661808353779,6.829849519168681e-05,8.883497695594684e-05,0.0001932065653794,2.828855377225432,0.5402072554755188,0.1062928773871198,0.3534998671373612,0.680598410953458,-0.6138580367727127,0.3999551396059047,17915.11373453034,True,body,high
-0.0136352606665384,0.0028890772094847,-0.0028376227949679,0.0002649989141125,0.0002648548134159,0.0904231738566665,0.0904231738566665,0.0904231738566665,False,0.2849473492797479,8.106610362693163e-05,8.65006529809692e-05,4.509452911355538e-05,1.91820725665294,0.0628266858891019,0.4158532135160908,0.5213201005948073,0.2971935066304508,-0.7918138304063073,-0.533579307689108,27515.80401002078,True,body,high
-0.0139380647014799,0.0031403072748799,-0.0028230954733993,0.0002238438959468,0.000151922496978,0.074734688374081,0.074734688374081,0.074734688374081,False,0.9157211364973618,4.396203583080013e-05,0.0001058414580417,0.0001295174470184,2.94612031883487,0.1828015415818253,0.4777690082335063,0.3394294501846684,-0.3780847463514341,0.8909670898260207,-0.251454905347506,6854.994310343496,True,body,high
-0.0138376898014406,0.0029710164615168,-0.0028546934396147,0.0001464298638471,0.0001416970961493,0.1217233713679319,0.1217233713679319,0.1217233713679319,False,0.2831411098701832,6.959934989288349e-05,7.880151367415334e-05,0.0001747333726439,2.5105604134646065,0.5490185275898761,0.0526640311580382,0.3983174412520855,0.681718976089144,-0.5573073036899299,0.4739913574041509,22346.604382682963,True,body,high
-0.0131084059487646,0.0028044674336676,-0.0024996350974731,0.0007909052265059,0.0007909026936095,0.1155528100987721,0.1155528437270918,0.1155528437270918,False,0.2938432653779237,9.827313810209822e-05,8.541441021629222e-05,4.225739942941992e-05,2.325584144529247,0.1308468227853554,0.4391536855375014,0.4299994916771431,0.0927134342216405,-0.593281755700026,-0.7996380290283378,7372.723864742418,True,body,high
-0.0135788204604067,0.0029078160087441,-0.002816770171648,0.0003009081379134,0.0002986335304337,0.108553949686753,0.108553949686753,0.1085539160584332,False,0.0469478044808586,8.620862526099517e-05,6.972424703532266e-05,0.00020437637487,2.931209493973608,0.5781869342002512,0.0806569655428614,0.3411561002568872,-0.0825257012511136,-0.6122146143502509,-0.7863731777019005,23850.17562907288,True,body,high
-0.0139320319843933,0.0029173721481097,-0.0030945922217415,0.0003964844527266,0.0003963619933433,0.1282655591982438,0.1282655591982438,0.1282655591982438,False,0.3343107687935959,5.843311859366552e-05,0.0001039024478987,0.0001651706503095,2.826661562566428,0.3709387975161949,0.2752869787695008,0.3537742237143042,0.0127379830853823,0.9979316223000432,-0.0630096897351524,9660.959022834591,True,body,high
-0.0144445907729666,0.0020457443943307,-0.0027993967324002,0.001098442819727,0.0004412612146576,0.4055433043501843,0.4055433043501843,0.4055433043501843,False,0.137585486608976,5.9306400374304807e-05,2.4034960390734943e-05,4.9227444689032845e-05,2.467505642204694,0.1699471831313301,0.4247852531817601,0.4052675636869098,-0.0350357096237782,-0.5826612247166081,-0.8119596026052655,4568.419261348108,True,wing_R,high
-0.0140518885089702,0.0048698160866693,-0.0029029168757602,0.0019227420467599,0.000716111216101,0.4115090691522899,0.4115090103027304,0.4115090691522899,False,0.1311262915992343,2.867823635175104e-05,3.3911442794236235e-05,6.785293667174046e-05,2.366008001311332,0.5002214427609328,0.0771257177534179,0.4226528394856492,0.6573672680208344,-0.5923837543286989,0.4657786626094631,4701.852649187451,True,wing_L,high
-0.0130428730387285,0.0031049768779063,-0.0026740329053628,0.0008229979076874,0.0007522364512305,0.1255594546825917,0.1255594546825917,0.1255594546825917,False,0.2085473607437782,7.585693478724205e-05,6.338767199218459e-05,0.000148849779686,2.3482449348258387,0.4903792605723843,0.0837707843529051,0.4258499550747105,0.1219256903717989,-0.5977382590041023,-0.792365508935179,7453.097982846714,True,wing_L,high
-0.0137688442134994,0.0029733307763576,-0.0028348279760492,0.0001516347966671,0.0001420604305941,0.1349577293344773,0.134957762962797,0.134957762962797,False,0.1831734029585536,0.0001508747796208,0.0001440892028398,6.491995966815253e-05,2.324012220464045,0.044974891085101,0.5247347725756495,0.4302903363392494,0.3722691909404054,-0.7943151479484069,-0.4800823837804056,17375.04501533914,True,body,high
-0.0130471658168064,0.003130440471664,-0.0027270814073782,0.0008228832429029,0.0007362901710453,0.1756581183118519,0.1756581183118519,0.1756581183118519,False,0.1577397819796821,6.104624452310914e-05,7.223927051391098e-05,0.0001707885854774,2.7976919270244727,0.5770251840194379,0.0655373188993286,0.3574374970812333,0.6089354368346982,-0.5759356331812236,0.5454317374329056,6356.682922568763,True,wing_L,high
-0.013548703224871,0.0030816551225609,-0.0028643685531297,0.0003606770854813,0.0002869550046805,0.1697789464330081,0.1697789128046885,0.1697789464330081,False,0.0123125177099022,5.430896302259029e-05,7.992948544761939e-05,6.684029279286107e-05,1.4717549553353104,0.1637592508128445,0.1567798128574593,0.6794609363296961,0.3038135255114552,0.8207539988068673,-0.4837977006547647,7533.777180996951,True,body,high
-0.0134324914559552,0.0033436360130266,-0.0027248338285358,0.0005649850056529,0.0003162496645281,0.0982993971300066,0.0982993971300066,0.0982993971300066,False,0.0753015811277705,6.196667504489356e-05,8.392002149355049e-05,3.646878970289802e-05,2.301146327509786,0.2615984369158451,0.3038355435115698,0.434566019572585,0.3487152661943833,-0.8108847925798172,-0.4699611859353569,4520.120031495722,True,wing_L,high
-0.0134656347179225,0.0025895416550032,-0.0020388619110104,0.000861599008326,0.0007681183735053,0.1159221835625034,0.1159221835625034,0.1159221835625034,False,0.3142776812624884,5.825962249104353e-05,5.27796541688954e-05,0.0001311355451404,2.4845851532270937,0.5557297418588953,0.0417885807869782,0.4024816773541264,0.0804322815101566,-0.6088695115363953,-0.7891822134415488,3318.181596286451,False,body,high
-0.013551887288464,0.0031411050376253,-0.0024375029749513,0.0004416092704825,0.0003994982566142,0.0907688057266802,0.0907688057266802,0.0907688393549999,False,0.3715232112479348,7.564050506682945e-05,6.826209469809338e-05,0.0001777547788483,2.604004164163903,0.574467108243845,0.0415089282917643,0.3840239634643907,-0.0115392893617511,-0.6565160535077657,-0.7542237839577949,4165.315990525963,True,body,high
-0.0136358269289926,0.0029069163734895,-0.0028336104361718,0.0002578656113781,0.0002566860987806,0.0823287700450263,0.0823287364167065,0.0823287364167065,False,0.6042200877669972,4.261824436610869e-05,6.854116055225346e-05,8.500541680870883e-05,1.9945780984893808,0.193684789447072,0.3049560505594622,0.5013591599934657,-0.3644973763203687,0.9310685380568492,0.0159072340854571,34500.23518421005,True,body,high
-0.0133423780403446,0.0027876529177987,-0.0027964551411286,0.000548711528735,0.0005483764704388,0.1505403192382854,0.1505402856099657,0.1505402856099657,False,0.5510646554113229,6.337225881174001e-05,0.0001167177101919,0.0001483938127904,2.3416210116688867,0.2134597258662376,0.359485684592266,0.4270545895414964,0.0398178857706073,0.9878897850515622,-0.1499610234812276,7289.693353149093,True,body,high
-0.013702987988265,0.0029829431893366,-0.0028611886959585,0.0002144988158708,0.0001971460852371,0.3814117398230108,0.3814117398230108,0.3814117398230108,False,0.1157419290848937,2.630378219603116e-05,7.04750573412661e-05,2.3666914241999824e-05,2.977788173846488,0.6267646570522307,0.0374156198449425,0.3358197231028268,0.1226641903150816,-0.8723683244315692,-0.4732092591473695,17287.265828889304,True,body,high
-0.0145746055313182,0.0018444322303745,-0.002596589757002,0.0013391170598589,0.0004230118199545,0.30968341661785,0.30968341661785,0.30968341661785,False,0.2494274249314487,4.661663178642528e-05,5.590539852858229e-05,2.39753925224176e-05,2.331782408830609,0.1661515164301711,0.404992001844546,0.4288564817252828,-0.0451982524155728,-0.5789244185550672,-0.8141275302919415,6751.6501666989325,True,wing_R,high
-0.0147996223902855,0.0015911465487137,-0.002302786727834,0.0017186532990078,0.0005530793302194,0.3212261860320151,0.3212261860320151,0.3212261860320151,False,0.6826040823575652,2.7333769761332526e-05,2.3975461116663943e-05,5.858997499657729e-05,2.443747576385708,0.5334736059721938,0.0573188270666571,0.409207566961149,-0.530193772591888,-0.1073900319054874,-0.8410481226137537,4313.033972749415,True,wing_R,high
-0.0136061938272495,0.0029853550980713,-0.0027902198812729,0.0002608749115504,0.0002418792666676,0.1363943984092706,0.1363943984092706,0.1363943984092706,False,0.1582616915664138,8.578985613473959e-05,6.453077261450226e-05,0.0001712909014864,2.654406487734959,0.4991569581907485,0.1241109909268285,0.3767320508824229,0.0559624846255348,-0.6244337833738072,-0.7790703758300721,14568.8770352317,True,body,high
-0.0129792562109928,0.0028183313033584,-0.0023186916022663,0.0009689761649222,0.0009689399788373,0.1155392915142473,0.115539325142567,0.115539325142567,False,0.4634145474837641,0.000101640214675,9.555561260093824e-05,4.187428365159816e-05,2.427270530063495,0.0598641206490834,0.5281504876880263,0.4119853916628901,0.0166727078307084,-0.7048266928117273,-0.7091835826594373,6149.00826433484,True,body,high
-0.0137636066229902,0.0028907233710227,-0.0026115086994654,0.000153172906347,0.000137035150034,0.1156756543506849,0.1156756543506849,0.1156756543506849,False,0.6098066575897301,0.0001435490122488,0.0001456530190841,6.031587646335035e-05,2.414837147772689,0.0144453362415648,0.5714480640971105,0.4141065996613247,0.3161856943700913,-0.7572796124402953,-0.5714492061924483,6649.004202051966,True,body,high
-0.0136269628177752,0.0029731862546658,-0.0029216705560989,0.0003106574792321,0.0002915754094786,0.1180902685910618,0.1180902685910618,0.1180902685910618,False,0.2184186776458484,6.723962516904668e-05,8.22043018401196e-05,0.0001928983666799,2.868819779928476,0.5738465635817681,0.0775780372256999,0.3485753991925319,0.6506666443703346,-0.623821707624331,0.4329889086345195,16810.3167973528,True,body,high
-0.0137558211860528,0.0029332868577922,-0.0027576789381285,0.0001141978600846,0.0001141553863635,0.1100373284976281,0.1100372948693084,0.1100372948693084,False,0.657699390647063,5.207230296836038e-05,7.640261668787514e-05,5.8138459637082354e-05,1.467240977114035,0.239051459787126,0.0793972370541159,0.6815513031587581,0.116733934690163,0.7960390151510172,-0.5938813642884841,11353.31304829362,True,body,high
-0.0135133626723957,0.0028900208674184,-0.0028802788249013,0.0003884829086382,0.0003852675493905,0.1669374206738704,0.1669374206738704,0.1669374206738704,False,0.0854530501081244,4.690359274879721e-05,8.150268868953608e-05,5.396938612611812e-05,1.7376640873982117,0.3378207885668549,0.0866939912158758,0.5754852202172692,0.5577860750465283,0.1119388709337079,0.8224015951214317,13663.091316983357,True,body,high
-0.0136867498146297,0.0028853524732731,-0.0027899134798142,0.0002025278472685,0.0002017496221303,0.0994096697336622,0.0994096697336622,0.0994096697336622,False,0.9731151920601484,4.046081139278474e-05,8.789326201197747e-05,3.594481373283337e-05,2.445227917030278,0.5396596910094084,0.0513804762341846,0.408959832756407,0.9921019541836398,-0.1252952623371444,0.0058999780397391,17879.805312998335,True,body,high
-0.0136137310590294,0.0029059752387784,-0.0028824937209683,0.0003021124607436,0.000299545722791,0.0893492870949407,0.0893493207232604,0.0893492870949407,False,0.4115885205760039,3.704697575422716e-05,6.348198549907117e-05,4.085993732424728e-05,1.7135537842607222,0.3563538222218158,0.0600636785387865,0.5835824992393978,-0.4472444325714642,0.5327408075716107,-0.7184425164769812,27392.339649207308,True,body,high
-0.0139436176639313,0.0029820380702495,-0.0029722062079962,0.0002784457333859,0.0002750473220126,0.0997302148771698,0.0997302485054895,0.0997302485054895,False,0.3491944396666726,6.242011513822518e-05,5.106717887784175e-05,0.00014795702053,2.897301628586562,0.5781199505465178,0.076731311699227,0.3451487377542552,0.1332106994963945,-0.5754206626589755,-0.8069361626081624,11677.273292861792,True,body,high
-0.0137643151941055,0.0029785312507821,-0.0030698387934704,0.0003717039002609,0.0003561916331112,0.0931572907626399,0.0931572907626399,0.0931572907626399,False,0.9648924292553108,5.3754673043311005e-05,4.853487188596422e-05,0.0001116625717668,2.300666869568767,0.5185972148700555,0.0467462021943027,0.4346565829356417,-0.1166738068292056,-0.6391171501688144,-0.7602081893534653,13716.476987790427,True,body,high
-0.0132426098768526,0.0027535282210762,-0.0026614476006251,0.0006489215027789,0.0006467903694268,0.1463945190990658,0.1463945190990658,0.146394485470746,False,0.3221482007629876,5.931403632960653e-05,9.890906588074035e-05,0.0001578385763641,2.661066184857247,0.3733530283967348,0.2508577463331523,0.3757892252701129,0.210566633136325,0.9738595088241124,0.0852018197134937,6484.68370005102,True,body,high
-0.013839563850064,0.0029909305231763,-0.0028881527829392,0.0001810892347116,0.0001701588539265,0.118368744706608,0.1183687110782883,0.118368744706608,False,0.9702870816200648,9.230612834205724e-05,8.704574765306404e-05,5.064832030882661e-05,1.822491403055884,0.0569884230167241,0.3943121437111966,0.5486994332720792,0.423005322000699,-0.6610578159800136,-0.6197330566387587,28067.518642638493,True,body,high
-0.0134825223752556,0.0026707466611789,-0.0023969686498535,0.0005682938309391,0.0005122095010665,0.1397500675485056,0.1397500675485056,0.1397500675485056,False,0.0969121746287437,0.0001501426741293,0.0001409601296343,5.1911355794859495e-05,2.8922895931035755,0.06115879145136,0.59309436411632,0.3457468444323199,0.2387373127639074,-0.829852656005537,-0.5043303132023933,5005.54991696486,True,body,high
-0.0136448024898426,0.0029254505741185,-0.0028917686395896,0.0002804186241803,0.0002756536245417,0.1285154512420336,0.1285154512420336,0.1285154512420336,False,0.1293413159147006,7.274581529530319e-05,8.757999374549709e-05,0.0001927132056503,2.6491311543910405,0.5455423334901508,0.0769754122460464,0.3774822542638027,0.678626442327332,-0.6274439417227201,0.3818118015064542,31880.367557872603,True,body,high
-0.0133118626048275,0.002870064512864,-0.0026448627120359,0.0005540106230849,0.0005528271242797,0.1304588318382675,0.1304588318382675,0.1304588318382675,False,0.0145051269005414,8.149196306644825e-05,9.85668277326366e-05,4.209337601637778e-05,2.3416232448137686,0.1732313503332387,0.3997144673960643,0.4270541822706969,0.2479794548748587,-0.7940203331573867,-0.5550116219437209,6406.5294499683705,True,body,high
-0.0130811851682338,0.0025934363814834,-0.0024840481666261,0.0008870276411085,0.0008647886762396,0.1554574857750896,0.1554575194034094,0.1554575194034094,False,0.2672440717183723,6.675766810319146e-05,6.231858272177519e-05,0.0001498419960833,2.40445128144681,0.5544795861764277,0.0296251084305354,0.4158953053930368,-0.0387922528223514,-0.6543360055960612,-0.7552082844497653,4558.438291939182,True,body,high
-0.0139210778328761,0.0031054227231671,-0.0033724772087784,0.0006809238688929,0.000634908019955,0.2040484909466417,0.2040484909466417,0.2040484909466417,False,0.6406288427278048,4.339817996336188e-05,8.980502219573811e-05,5.282900513562787e-05,2.0693269227316526,0.4117366284874101,0.1050144517720919,0.4832489197404979,0.6074473454424175,0.1886633158524779,0.7716306602037715,3586.2466294714177,False,body,high
-0.013623836548238,0.0029283790895242,-0.0028344376754657,0.0002644593112805,0.0002600313409435,0.0740288971999375,0.0740288971999375,0.0740288971999375,False,0.952462630807036,4.142244501939916e-05,9.818938762175254e-05,6.801704423011768e-05,2.370439204536768,0.3072872142544108,0.2708500363925973,0.4218627493529919,-0.0221114070827117,-0.678904701107676,-0.7338933795114383,35285.87666511808,True,body,high
-0.0139973594690229,0.0029273279754151,-0.0027027616119525,0.0001494222183667,0.0001284559208334,0.1107324594944225,0.1107324594944225,0.1107324594944225,False,0.950639289344018,6.90849942891315e-05,7.963768998612077e-05,7.09716002794201e-05,1.152749461812569,0.1088189487692446,0.0236898633124265,0.8674911879183288,-0.1839422988939354,0.8270817880535893,-0.5311317600630672,5171.867457600037,True,body,high
-0.0137883125064986,0.0030108509988848,-0.0031191446494853,0.0004174152831816,0.000393080434408,0.1225877873261633,0.1225877873261633,0.1225877873261633,False,0.6864117614161676,7.959843433149752e-05,9.119367302530228e-05,3.049910208301397e-05,2.990044519248036,0.1271495961193227,0.538407222997374,0.3344431808833031,-0.1684436196982794,-0.6716292850993295,-0.7214851698960316,11778.52915020992,True,body,high
-0.013818329161556,0.0029446499083018,-0.0028731123793871,0.0001691778785796,0.0001679003484572,0.1152088932730637,0.115208859644744,0.115208859644744,False,0.2307465232006164,3.90848738939237e-05,7.896513669314225e-05,0.0001106173460259,2.830183009574076,0.2861414639740752,0.3605244948642214,0.3533340411617033,-0.0060852699595925,0.9960716267178776,0.0883418583522011,19746.92531681365,True,body,high
-0.0137811040118449,0.0030505388513994,-0.003182108265667,0.0004856546718125,0.0004459043445871,0.1242259236643592,0.1242259236643592,0.1242259236643592,False,0.223833727469293,0.0001205267642417,0.0001008872895593,5.280905776299553e-05,2.282312340861388,0.1629470002451082,0.3989008756584234,0.4381521240964684,0.5203885991101446,-0.7288802605387912,-0.4448924271249006,8935.005518247382,True,body,high
-0.0130980556537316,0.0027767067615155,-0.0022348194995711,0.0009121236500848,0.000908726099131,0.1191125695103473,0.1191125695103473,0.1191125695103473,False,0.1978328948863625,4.1816658023755866e-05,5.221626736356489e-05,0.0001211163664479,2.8963664762292467,0.5688752156711597,0.0858646081021456,0.3452601762266946,0.736606637038955,-0.546612249673039,0.398278433733915,6279.122403762824,True,body,high
-0.0138735227857884,0.0030562712449878,-0.0030007062733927,0.0003055043887918,0.0002728486945252,0.1130022701901138,0.1130022365617941,0.1130022365617941,False,0.93509417223426,6.23827424574527e-05,9.970706742473803e-05,0.0001625268167495,2.6053169570154764,0.3865192869777543,0.2296502553471262,0.3838304576751195,0.2682609640381246,0.9626878172071336,-0.0356121015148045,11827.07298252332,True,body,high
-0.0138324875035173,0.0029731301065645,-0.0028639829417395,0.0001563453420068,0.0001505592635304,0.1427794074732423,0.1427794074732423,0.1427794074732423,False,0.3245953912768873,9.599160821761048e-05,8.994318769698979e-05,5.137007134218569e-05,1.868629061816799,0.0630098883947134,0.4018384218270397,0.5351516897782468,0.2083790676269296,-0.8071753309478611,-0.5523098308776897,24915.781213696617,True,body,high
-0.0137086537389798,0.002966288580241,-0.0028283834629585,0.0001875919354548,0.0001774888883804,0.1124651250393327,0.1124651250393327,0.1124651250393327,False,0.968731414232795,8.491296911812061e-05,6.747235079091759e-05,0.0001630728587078,2.4168842021409653,0.4792942872840169,0.1069498533685791,0.413755859347404,0.0547331387907437,-0.6211824221386251,-0.7817523149592234,18344.16460241402,True,body,high
-0.0130342972237223,0.0028207957022486,-0.0025395794791817,0.0008492744317124,0.0008482985506529,0.1233861572644777,0.1233861908927974,0.1233861908927974,False,0.1605144899191725,0.0001227226924491,0.000121401075266,5.253714721896909e-05,2.33592227491342,0.0107691345163351,0.5611344297676842,0.4280964357159805,0.0494367995784153,-0.5573389425121534,-0.8288119847147954,7190.736414346123,True,body,high
-0.0136081266818553,0.0027211762998026,-0.0024356680590779,0.0004421796588603,0.0003815785296266,0.1202979677802426,0.1202979677802426,0.1202979677802426,False,0.3073591715815933,7.632272753947936e-05,8.952318031264896e-05,3.895946134234888e-05,2.297854673245633,0.1474529024445802,0.4173585664254081,0.4351885311300116,0.3518195689695285,-0.7609433452171575,-0.5451497191229364,4459.1355170998695,True,body,high
-0.0137495262613167,0.0029714079117495,-0.0028497999149609,0.0001749388740373,0.0001646041732968,0.1312389752272973,0.1312389752272973,0.1312389752272973,False,0.5875781104141056,6.351498899597633e-05,5.7833041089585e-05,0.0001518873747176,2.6263079349809635,0.5818283836030211,0.0374089546083305,0.3807626617886483,-0.1175119049528852,-0.6883977047575933,-0.7157510407109594,18188.63318423421,True,body,high
-0.0136478979241034,0.0031771955377695,-0.0025162368317757,0.0003515673455541,0.0002796038157023,0.1147600224615301,0.1147599888332104,0.1147600224615301,False,0.0829062413619559,5.77390801257366e-05,7.117711452110573e-05,6.971793037022424e-05,1.2327372442738185,0.0205007488811421,0.1682963734212016,0.8112028776976562,0.2996770949523015,0.850460034421814,-0.4323324746213224,4580.2212260618335,True,body,high
-0.0135897391792899,0.0029217697813176,-0.0028582806584474,0.0003063677010865,0.0003012808761159,0.0913854482252637,0.0913854482252637,0.0913854482252637,False,0.9638034485741224,3.696122143661532e-05,8.954836976335353e-05,3.6937506492639336e-05,2.4243209210994827,0.5872485279822347,0.0002648283161228,0.4124866437016424,0.9916076669423874,-0.1280302740517567,0.0179578335916956,29141.58400780111,True,body,high
-0.0136233198502422,0.003425034722593,-0.002951454794916,0.0005668468322227,0.0001694957764553,0.0776923999778284,0.0776923999778284,0.0776923999778284,False,0.1945968997291755,2.293421006204844e-05,5.304877237405638e-05,4.225739942941992e-05,2.3130847860263373,0.2034236130582731,0.3642532805683084,0.4323231063734185,-0.4219652205317199,0.3504615892043742,-0.8361351727764849,5273.093944887598,True,wing_L,high
-0.0133456379240499,0.0025609373108446,-0.0029217275537175,0.0006841976152256,0.0006514840285036,0.1466150872480656,0.1466150872480656,0.1466150872480656,False,0.082217974323143,7.626961150258663e-05,7.645465873844535e-05,3.547498923341885e-05,2.1551707383302605,0.0024203526496897,0.5335792866295815,0.4640003607207286,0.0038252542821135,-0.7120904460734838,-0.7020773205570336,5081.252657576235,True,body,high
-0.013603801173911,0.0027825540074531,-0.0029992097465383,0.0004249165757826,0.000421810408594,0.1391370232801314,0.1391370232801314,0.1391370232801314,False,0.3195237534306954,6.053456682612365e-05,5.657485978168505e-05,3.727872537688739e-05,1.62383681883219,0.0654123297158838,0.3187622447224719,0.6158254255616443,0.2848558277748916,-0.809137603552089,-0.5139586519367716,13510.605605664225,True,body,high
-0.0135938322181813,0.0029209095374757,-0.0028366580252293,0.0002929451581367,0.0002887528816661,0.1370109063945752,0.1370109063945752,0.1370109063945752,False,0.1081133189536509,6.435132187716049e-05,6.212513646810001e-05,0.0001704286007246,2.743311490545205,0.6224147730864904,0.0130622759301853,0.3645229509833242,-0.120092229387928,-0.6211909872564445,-0.7744027465033947,34092.507314843504,True,body,high
-0.013509219219264,0.0032437513227874,-0.002840207478535,0.0004606386170869,0.0002646414236705,0.1326019982819184,0.1326019646535987,0.1326019646535987,False,0.1179005501068247,6.607361412611731e-05,9.660811935043654e-05,0.0001921391807956,2.907956274783431,0.4971971934595773,0.1589186812282308,0.3438841253121918,0.378228923642832,0.9241524439698868,-0.0537135143559796,5976.651372384774,True,body,high
-0.0139731025280249,0.0049606188309408,-0.0027986595880013,0.0019990316911878,0.000707227886995,0.4647747596578132,0.4647747596578132,0.4647747596578132,False,0.1337124122796823,3.513962191664757e-05,8.52192169765653e-05,0.0001053187822563,2.997151833509897,0.1908450216490467,0.4755048813423801,0.3336500970085731,-0.6581482958811773,0.5873793835532947,-0.470984373844031,6838.53445672767,True,wing_L,high
-0.0144005214348228,0.0017693099047626,-0.0024827694414382,0.0013361823154088,0.000213114996031,0.3858251877588289,0.3858251877588289,0.3858252213871486,False,0.2053971434805754,1.910730402471433e-05,2.376799718605373e-05,5.3484932116464565e-05,2.7991877895115134,0.5556132120669347,0.0871403024536076,0.3572464854794576,0.6632563574194814,-0.5169106184935841,-0.5411972069691616,16388.974839950748,True,wing_R,high
-0.0129553029543621,0.0025018629613909,-0.0022936168827555,0.0010935917406449,0.0010546191289126,0.198873294312677,0.198873294312677,0.198873294312677,False,0.1801290567325301,0.0001147221357104,6.864320731586504e-05,3.9501983428488905e-05,2.9042120357862835,0.4016568215822217,0.2540157024353777,0.3443274759824005,0.2546572347730121,-0.93110539764311,-0.2611368056357219,3390.398265560544,False,body,high
-0.0131473602344392,0.0028839884984609,-0.0026618221187463,0.0007125890456584,0.0007061584544791,0.1233850139016074,0.1233850139016074,0.1233850475299271,False,0.8775275567792739,9.26746513079217e-05,6.672966134731664e-05,0.000150034892863,2.248398835446502,0.3823126771416011,0.1729263737621887,0.4447609490962101,0.0787083554240701,-0.6209968068504348,-0.7798512426533674,6725.641689051136,True,body,high
-0.0133736186078662,0.0028317743130286,-0.00259723221063,0.0005110200696568,0.0005103792183674,0.1194246403172871,0.1194246403172871,0.1194246403172871,False,0.3713916186976839,0.0001073611404818,0.000104627174592,4.667909133904644e-05,2.299983513005374,0.0254651345686171,0.5397491400792449,0.434785725352138,0.1382670734514627,-0.6366378073325327,-0.7586662762203105,6178.096121802949,True,body,high
-0.0138616483588926,0.0030010142141471,-0.0029294546603113,0.0002230182987511,0.0002103729099441,0.1347711257883879,0.1347711257883879,0.1347711257883879,False,0.832122444887511,7.687168684063648e-05,8.967639035747319e-05,3.70288908262221e-05,2.4217952079182625,0.1427879006480286,0.4442952694191941,0.4129168299327772,0.3096360424782262,-0.7912093711932152,-0.5273644395808827,20947.28930950812,True,body,high
-0.0136994570823591,0.0027020606879249,-0.0024618368166967,0.0003939369354856,0.0002959668159595,0.1318590141861719,0.1318589805578521,0.1318590141861719,False,0.1876504152921768,6.135628444551093e-05,7.308536740132878e-05,6.780448648519018e-05,1.1911635142482295,0.072256336718403,0.0882283590950657,0.8395153041865312,0.4233182842278087,0.7600837750072887,-0.4930256435613603,4469.180153181783,True,body,high
-0.0136547250014894,0.0029380999499303,-0.0029081746816226,0.0002827660542946,0.0002753968769402,0.1076787390378936,0.1076787390378936,0.1076787390378936,False,0.804395937489417,4.384973541476651e-05,8.310424089426681e-05,3.376033005395518e-05,2.461594444173118,0.4723526147052308,0.1214066244061845,0.4062407608885846,0.9850968595055916,-0.1600154268148216,0.0630812220354891,29166.14954857901,True,body,high
-0.0136536036772742,0.0028153086491347,-0.0029874388220074,0.0003747703841157,0.0003730703938821,0.1209367040848777,0.1209367377131975,0.1209367377131975,False,0.0747752385812526,7.688246424741144e-05,8.268470047291095e-05,3.505734649295834e-05,2.3585555880425546,0.0701730331284254,0.505838655945253,0.4239883109263216,-0.0503540540786405,-0.6733501471957419,-0.7376069742819127,12797.117311098586,True,body,high
-0.0136668865375361,0.0029093595505746,-0.0030199377949134,0.0003670711127345,0.0003627363365837,0.112347190522098,0.112347190522098,0.112347190522098,False,0.5029988834984627,5.662797542693669e-05,5.130040540190831e-05,0.0001348612057315,2.6288526313778067,0.5801018156425481,0.0395040960528935,0.3803940883045583,0.1104537399064204,-0.5264794641895039,-0.8429824109241059,13746.149357781793,True,body,high
-0.0139104594859893,0.002988394388423,-0.0029544003262633,0.000252653550855,0.0002467223543434,0.1220972846548245,0.1220972846548245,0.1220972846548245,False,0.981829738786372,5.636708774512459e-05,7.343981036825225e-05,2.650745612037947e-05,2.770534072931662,0.2324723135519986,0.406586447800161,0.3609412386478403,0.4756672295900188,-0.7207775439653992,-0.5042027556542736,15479.83169710918,True,body,high
-0.0141235498970676,0.0032611440843844,-0.002882143964181,0.0004350503359986,0.0003614302003489,0.147971620036982,0.147971620036982,0.147971620036982,False,0.0987112918619902,8.133799629952324e-05,9.416454765951109e-05,0.0001844605557061,2.267827634048429,0.4895139109875708,0.0695354695798391,0.44095061943259,0.2913715812281755,0.9538376443035942,-0.0727760260110631,4343.335203206705,True,body,high
-0.0140045274863975,0.0019296752271221,-0.0025130341595505,0.0010666254211469,0.0001307711175709,0.3016473411267525,0.3016474083833919,0.3016473747550722,False,0.166220123672073,4.00750230454016e-05,6.574519165836335e-05,2.793826775451402e-05,2.3532307813801667,0.3904493692307349,0.18460293421844,0.424947696550825,-0.0948078188174548,-0.5225319565342418,-0.8473321850912865,15090.35254437954,True,wing_R,high
-0.0140109615535375,0.001924188043885,-0.0025091894634901,0.0010735984862412,0.0001257751838486,0.3792661773615804,0.3792661773615804,0.3792661773615804,False,0.1776106961261551,2.5891238590318177e-05,2.2969143981435176e-05,5.368735374326847e-05,2.3373685056204665,0.5177404586910839,0.0544279873218631,0.4278315539870529,-0.6848342594763172,-0.3279074626550715,-0.6507524360174441,16320.267427277162,True,wing_R,high
-0.0135749556221056,0.0029070092274424,-0.0027499356716023,0.0002878613308798,0.0002868787196908,0.108126466486557,0.108126466486557,0.108126466486557,False,0.3314604059031211,9.079743560951527e-05,7.13638247530034e-05,0.0001628705770767,2.282256838678393,0.4425178737672972,0.1193193467187725,0.4381627795139302,-0.0523547288661186,-0.6865735762409275,-0.7251728806106161,15375.08012457477,True,body,high
-0.0135331481336823,0.0029163672746578,-0.0027410775792496,0.00032591331435,0.0003232350798178,0.1202750668945178,0.1202751005228375,0.1202751005228375,False,0.9007349409514852,0.0001119743288809,9.796855065018572e-05,4.966305667267316e-05,2.254680569079838,0.1250802605451417,0.4313979325462584,0.4435218069085999,0.0890607719007666,-0.6078201968438594,-0.7890645013033677,15624.155501244157,True,body,high
-0.0135047757700076,0.0028823242568607,-0.002787034434182,0.0003672402925818,0.0003663090358916,0.1250265467000944,0.1250265467000944,0.1250265467000944,False,0.1235953642068395,7.226566125156417e-05,8.884319514074275e-05,0.0002142181035344,2.9643138916110146,0.5852675676103726,0.0773862414784718,0.3373461909111556,0.5490105946091776,-0.6825274542628194,0.4824351160357136,14881.031260766094,True,body,high
-0.0129981762533296,0.002772852785499,-0.0022096389690852,0.0010093840595639,0.0010075162498363,0.1248012033296953,0.124801236958015,0.1248012033296953,False,0.7988034801388595,8.694079915385311e-05,9.034422653451422e-05,4.148846846273948e-05,2.1775743931268945,0.0376717750675623,0.5031016638761024,0.4592265610563352,0.0109340630632117,-0.823080377426286,-0.5678196355892708,8431.246064971805,True,body,high
-0.0136694484600765,0.0034027679839494,-0.0029610228863668,0.0005357629640362,0.0001647384843304,0.114679314494218,0.1146793481225378,0.1146793481225378,False,0.358230827819543,7.282897501850188e-05,6.733222081452609e-05,0.000167839403049,2.4927055875875093,0.5660793967598886,0.0327500819480962,0.4011705212920151,-0.111247475273344,-0.6412101348510459,-0.7592585608405154,5063.487847481194,True,wing_L,high
-0.0137737136120849,0.0030329783784673,-0.0032282005186428,0.0005292331863526,0.0004950901151892,0.1080991939192695,0.1080992275475892,0.1080992275475892,False,0.963984533512335,3.961825941272147e-05,0.0001043771252212,3.540820096895826e-05,2.94782345233493,0.6204315904588364,0.0403350680030487,0.3392333415381148,0.9881824946320016,-0.1470445673299837,0.0432810873432345,7297.018208281252,True,body,high
-0.0135332587981171,0.0034590294920329,-0.0028770745702785,0.0006104591993228,0.0001857382342466,0.1131737073640125,0.1131736737356927,0.1131736737356927,False,0.1160029593332698,2.643512926340276e-05,5.986230619314545e-05,3.9025317804368704e-05,2.264498334646687,0.3480819519640005,0.210319136391835,0.4415989116441645,-0.6076464382239886,0.3659359146417097,-0.7048806370507248,5022.955357610489,True,wing_L,high
-0.0137744895920551,0.0030023310053242,-0.0029843093438374,0.0002884079620171,0.0002670424397148,0.1064235620045932,0.1064235620045932,0.1064236292612326,False,0.2368749241755826,6.138104082362982e-05,4.933667039593981e-05,0.0001014326538772,2.055928238838399,0.3948591653936644,0.118742534748846,0.4863982998574895,0.0177207598708691,-0.7033611398506225,-0.7106117657466923,13802.506102126908,True,body,high
-0.0137160065802923,0.0027574698263974,-0.0024805072805631,0.0003393600931515,0.0002679874982829,0.1297730831426731,0.1297731503993126,0.1297731503993126,False,0.0947684346457986,8.704159708732757e-05,8.103959040683228e-05,3.7675517900947626e-05,2.310295967693606,0.068955612963691,0.4981994122003311,0.4328449748359778,0.2216318463936046,-0.6623581822618114,-0.7156542203152236,4885.542078575171,True,body,high
-0.0137194590427576,0.0028794010441897,-0.0029253067724087,0.0002690438409585,0.0002690027302568,0.1230725731831508,0.1230725731831508,0.1230725731831508,False,0.1305109361057129,5.394746469275682e-05,6.07062108597745e-05,0.0001298669781644,2.4072860310318607,0.5325508322608481,0.0520436084872837,0.415405559251868,0.7537439405770847,-0.5146208152239726,0.4086997535863485,14953.626394349054,True,body,high
-0.0136062392905992,0.0028392718629074,-0.0029477476273003,0.0003666234918373,0.0003665209871059,0.1260122936358515,0.1260122936358515,0.1260122936358515,False,0.605170018831973,7.026165249780322e-05,9.590093024507348e-05,0.0001630395811667,2.3204632309476523,0.4117935684159041,0.1572579956583903,0.4309484359257056,0.1905455868395102,0.9812192776658571,0.0300184688630201,15491.059116325723,True,body,high
-0.0136898432390066,0.0038633785690254,-0.0030580939903473,0.0009755548653594,0.0001787232531611,0.3037502208433867,0.3037502881000262,0.3037502544717064,False,0.1372200948108258,2.0956369052877e-05,2.083795074857551e-05,4.761450947237825e-05,2.2849900187825902,0.5598743054355304,0.0024870214061572,0.4376386731583123,0.5650282283825926,-0.2483275640757349,0.7868141597931754,7248.927607358316,True,wing_L,high
-0.0143932789782631,0.0017471958359065,-0.0024531151092436,0.0013584135025329,0.0001971509426412,0.4450373067826226,0.4450373067826226,0.4450373067826226,False,0.1910763162700679,5.235169217746942e-05,2.29205879982442e-05,3.188663969787444e-05,2.284046647558944,0.390914822967318,0.1712657476139607,0.4378194294187213,-0.0820412045843305,-0.5389599092700064,-0.838326581321396,12840.34332155197,True,wing_R,high
-0.0137299109667295,0.0046907702831444,-0.0027332835686782,0.0017281866695432,0.0004631189607271,0.4454258105567308,0.4454257517071713,0.4454258105567308,False,0.1287760083625645,2.8304281988353995e-05,6.483395831032098e-05,6.575415829836592e-05,2.3231169872255,0.013994552007942,0.5555492955473632,0.4304561524446948,-0.4737168066167831,0.6616017746022547,-0.5812705729451173,7688.6509410009885,True,wing_L,high
-0.0136818108152724,0.0039827945538697,-0.0029878676349251,0.001067064668277,0.0001239727725587,0.3035315863227704,0.3035315695086106,0.3035315863227704,False,0.1201517694561243,5.406205872286429e-05,2.3624271835233247e-05,2.9014017304490347e-05,2.288411642903469,0.4633201548386549,0.099695527632166,0.436984317529179,-0.5195681663748103,0.4306348426375904,-0.7379719187045094,11932.347685647135,True,wing_L,high
-0.014605682263855,0.0018534946767318,-0.0026045817064771,0.0013479677029423,0.0004560822939966,0.3609276457723049,0.3609276457723049,0.3609276457723049,False,0.1829619247095856,2.777194665992764e-05,2.486511907641017e-05,5.826551222353275e-05,2.3432629477656484,0.523355316033575,0.0498893337170978,0.4267553502493271,-0.6935338110432896,-0.2620266460089495,-0.6710833701717482,6554.403140723084,True,wing_R,high
-0.0142101614230508,0.0034823935399808,-0.0032158655157509,0.0008058555634548,0.0006354735187638,0.7441904966957086,0.7441904966957086,0.7441905639523481,False,0.065903502015643,1.1806364028811305e-05,3.311369306814922e-05,1.360880636768075e-05,2.8047325143745536,0.5890278278634364,0.0544319334953051,0.3565402386412584,0.8991348788454664,-0.4309587850889103,0.0763609533612488,3417.470357658914,True,wing_L,high
-0.0136730672806356,0.0030375312342323,-0.0028807237047752,0.000258715175904,0.0002123577507544,0.1475580589611473,0.1475580589611473,0.1475580589611473,False,0.0478324864119206,8.178797864293294e-05,7.842411028570871e-05,4.997715850245464e-05,1.6365071783526048,0.0411291294031128,0.3478133615142486,0.6110575090826386,0.2678540517922781,-0.85647526102809,-0.4412531407087372,12747.326447602562,True,body,high
-0.0137697466687024,0.0029700421303708,-0.0028466156002588,0.0001609747321515,0.0001523269773018,0.1036571282833753,0.1036571282833753,0.1036571282833753,False,0.9749453941316656,8.336682836545976e-05,7.244403381220278e-05,0.000167527408277,2.312508007371664,0.5023690199540078,0.0652000449693288,0.4324309350766632,0.1956393743996725,-0.5964201104796696,-0.7784653409111566,18529.78882958353,True,body,high
-0.0136095951690265,0.0035490785601742,-0.0021716166031794,0.0008288897882016,0.0006571308450562,0.1297904353556452,0.1297904689839649,0.1297904353556452,False,0.1544422642247162,9.81663079028176e-05,0.0001034891786364,4.2548110078809295e-05,2.432286144901133,0.0514340803911403,0.5374300826119146,0.411135836996945,0.3781254600463863,-0.864914052526401,-0.3300678993889994,2200.643497358529,False,wing_L,high
-0.0128308019543405,0.0030567305806844,-0.0024427167550192,0.001060617978507,0.0010181768747303,0.1786313661993068,0.1786313661993068,0.1786313661993068,False,0.0523818620450502,8.145622118243013e-05,5.034017698461006e-05,0.0001130119512723,2.2449653148198,0.2792247168077428,0.275334102698888,0.4454411804933691,-0.0198102407549753,-0.7088889464292516,-0.7050418540708456,6477.063029530539,True,wing_L,high
-0.0133586244545639,0.0027125722784767,-0.0028616490358568,0.0005770325921424,0.0005712857327831,0.1449768163965908,0.1449768163965908,0.1449768163965908,False,0.3991917365194444,7.528247645251224e-05,9.537884947065142e-05,0.0001702417897973,2.26137340081665,0.4397447913100206,0.118046062850168,0.4422091458398113,0.7332753363325208,-0.5780819182007486,0.3579505230835278,6692.244783985324,True,body,high
-0.0130541212693272,0.0028198427993276,-0.0026093476458859,0.0008189408430345,0.0008174949285394,0.1437694252056031,0.1437694252056031,0.1437694252056031,False,0.2090866648791419,8.718324313259569e-05,0.0001028806451151,3.6211223443298745e-05,2.841125908829019,0.1525787670264631,0.4954480955309397,0.3519731374425971,0.1715033720513349,-0.8007809688483791,-0.5738784133466535,7844.583689684835,True,body,high
-0.0133578267788364,0.0026350034443192,-0.0029272332789098,0.000635274893583,0.0006193980312376,0.1522226768169043,0.1522226431885847,0.1522226768169043,False,0.1876435463750036,6.213633518811624e-05,6.97851823557933e-05,7.529913472699646e-05,1.2118373975393006,0.0732273005685187,0.1015794828905886,0.8251932165408926,0.2739990201766931,0.8221666990602283,-0.4989653854713974,6055.675976602265,True,body,high
-0.0128625728957669,0.0028305701524464,-0.0023873633151762,0.0010507805534168,0.001048826870056,0.1021085777888958,0.1021085777888958,0.1021085777888958,False,0.7599412964975568,6.969552744717429e-05,8.069986241292113e-05,3.587224850956751e-05,2.2496460569344467,0.1363612605612682,0.419124369314801,0.4445143701239307,-0.1362877728672879,-0.5911582106322671,-0.7949576170896981,5622.963796909164,True,body,high
-0.0133946584139853,0.0025279695254775,-0.002854045807389,0.0006514749559322,0.0005944746732225,0.1419035578863084,0.1419035578863084,0.1419035242579887,False,0.110704227217365,4.725221627057648e-05,4.381641883991775e-05,0.0001007812697924,2.3000800261792858,0.5311408918749351,0.0340916267252449,0.4347674813998199,-0.0840408326132797,-0.7037098670162818,-0.7054995120604931,4795.625317621788,True,body,high
-0.0140534327785971,0.0028658363060939,-0.0026027262839191,0.0002481461828482,0.0001816495816948,0.1170032331563281,0.1170032331563281,0.1170032331563281,False,0.842658875471617,5.7727793052159646e-05,5.322826958010876e-05,0.0001240295368676,2.3301440728036926,0.5345641489112176,0.0362778382124485,0.4291580128763338,-0.0172018359818715,-0.528101079249397,-0.8490072714261492,4768.648028141722,True,body,high
-0.0133554895760258,0.0025966672546218,-0.0024088426618814,0.0006895498226476,0.0006298166989443,0.1885027576812393,0.1885027913095591,0.1885027576812393,False,0.248396930800245,6.885524232031005e-05,6.582970215526332e-05,3.447780964879656e-05,1.9970886498212748,0.04394059280152,0.455330508614287,0.500728898584193,-0.0627462632258191,-0.8080594341039893,-0.5857498249310344,5141.928777114662,True,body,high
-0.0136520784020126,0.0030611336343587,-0.0029134090043556,0.0003018426242964,0.0002407378724809,0.1536852060695572,0.1536852396978769,0.1536852396978769,False,0.1016810495847141,4.486743178853091e-05,4.712823003591291e-05,0.0001177411087812,2.624199872553255,0.5997300303713795,0.0192014350024699,0.3810685346261505,0.6788872138852029,-0.6089862404927103,0.410180338038943,10326.61822899893,True,body,high
-0.0136545162058355,0.0031289220407814,-0.0025705660429614,0.0002914851567373,0.000231817334127,0.1063804841270404,0.1063804841270404,0.1063804841270404,False,0.132784241256462,7.288289214218014e-05,0.000114012533838,0.0001926419100155,2.6431704938345315,0.4081633958632502,0.2135030829610998,0.37833352117565,0.1891042382385522,0.9770945186973516,-0.0976006588697418,5072.205104517657,True,body,high
-0.0138768109872341,0.0048709246826734,-0.0027642229773503,0.0019046868207229,0.0006135673426661,0.4337622566252354,0.4337622566252354,0.4337622860500151,False,0.1059702405772399,3.4193584044947173e-05,7.918971976865096e-05,9.938869895003758e-05,2.906647598549248,0.2032321520934748,0.4527288937178181,0.344038954188707,-0.6241330390347324,0.5431842116745536,-0.561612732915452,7772.9321286918,True,wing_L,high
-0.0132986960523968,0.0040311064092601,-0.0025955572706532,0.0012052602976128,0.0004288574701354,0.3952505668364034,0.3952505668364034,0.3952505668364034,False,0.1252492149781338,3.520852252207525e-05,3.0547277769698895e-05,7.122383113826029e-05,2.3315933968070355,0.5056637369909494,0.0654450157746767,0.428891247234374,0.1161835388961631,-0.557389661347915,-0.8220815961399576,3146.7759339517697,False,wing_L,high
-0.0131074073285362,0.0027996692306135,-0.0026225323952225,0.000769549219824,0.0007693297150629,0.1346953611840738,0.1346953611840738,0.1346953611840738,False,0.1298867731616304,7.471992145960423e-05,7.867190977919886e-05,7.670640286758884e-05,1.0528906915638447,0.0249835922011607,0.0252501993857766,0.9497662084130624,0.3059242500798563,0.7713168738008859,-0.5581045004325856,8684.218242755886,True,body,high
-0.0135383046129147,0.0025800459358575,-0.0017594403782154,0.0010729388606512,0.0009624460729138,0.1699432880314472,0.1699432544031275,0.1699432207748078,False,0.0173606825424655,8.756671462859086e-05,0.000134268701814,5.991702258422582e-05,2.240910779992446,0.3478248210825206,0.2059280507728369,0.4462471281446425,0.1324526541731236,-0.7165232750570605,-0.6848727551187876,3068.106410839904,False,body,high
-0.0128381238421755,0.0029034659929229,-0.0024543485720777,0.0010487915948824,0.0010376167034573,0.0996254962895825,0.0996254962895825,0.0996254962895825,False,0.1290332297962488,2.256493594193108e-05,5.063470097564043e-05,3.886531396598257e-05,2.24395500638444,0.2324371781186173,0.3219210879095218,0.4456417339718608,-0.6117870427023941,0.2438798893220832,-0.752488680290745,6010.606504974782,True,body,high
-0.0135953248448791,0.0029054744370778,-0.0028210574968384,0.000288055640138,0.0002863516088405,0.0791442690531321,0.0791442690531321,0.0791442690531321,False,0.7461869501712006,8.631351307994352e-05,9.912649250979696e-05,4.328335701829644e-05,2.290175701203003,0.1292588802997049,0.434093398970959,0.436647720729336,-0.1377511810236887,-0.5083537827058989,-0.8500594354133024,27370.830950540843,True,body,high
-0.0142007485984165,0.0018708103269153,-0.0024831398699683,0.0011720476424899,4.4777428911341856e-05,0.2191775020741563,0.2191775525166359,0.2191775020741563,False,0.3377835420040548,6.784892479496256e-05,2.3496536155012467e-05,5.376020988916025e-05,2.8876139166788843,0.2076483149641352,0.4460450010903445,0.3463066839455201,-0.1139531949090021,-0.3874265042620499,-0.914830789362338,6665.3798170036125,True,wing_R,high
-0.0134392154762469,0.0027532305799839,-0.0026730655323667,0.0004676546095299,0.0004564813494885,0.1457155969523731,0.1457155969523731,0.1457155969523731,False,0.2116048160130202,0.000112288187894,0.0001242985097114,4.9746579344108346e-05,2.498634305117476,0.0966248255530324,0.5031565438326794,0.4002186306142882,0.1268830663922746,-0.7105818092109839,-0.6920796051621079,6680.679757108855,True,body,high
-0.0127516471036949,0.0026661203748493,-0.0021054421390558,0.001291968276012,0.0012864764858003,0.2313543334565164,0.2313542998281967,0.2313543334565164,False,0.1132944270481496,5.496098437936754e-05,6.718655087210563e-05,6.1398897364731e-05,1.2224408210804825,0.086143036548964,0.0958214538742803,0.8180355095767556,0.0284370566673262,0.6145906821215226,-0.7883334492824094,5192.814061861512,True,body,high
-0.0132591533180479,0.0028976607933626,-0.0029424701632665,0.0006422611705919,0.0006277698009269,0.1466337509655065,0.1466337845938262,0.1466337509655065,False,0.0790082702169639,8.61397566542571e-05,8.91285060513619e-05,0.0002116920011268,2.457541202217716,0.5789708369852072,0.0141183860570809,0.4069107769577118,0.7890574008141144,-0.523314545228581,0.3217612546169558,5281.152595997648,True,body,high
-0.0132558369463424,0.0028960682990837,-0.0028673154292922,0.0006223000495315,0.0006106312423724,0.1189905995947471,0.1189906332230668,0.1189905995947471,False,0.2123041472530452,8.196319603095644e-05,9.651773343150188e-05,4.154072911257602e-05,2.323448227640332,0.1507965104762299,0.4188087046932989,0.430394784830471,-0.0253664824186801,-0.5074728461600471,-0.8612942888350787,6031.7749070462405,True,body,high
-0.0133770645305481,0.0025451096212037,-0.002869113772665,0.0006562813304581,0.0006097522939312,0.2665302788855435,0.2665303125138632,0.2665302788855435,False,0.3536787223680333,2.3281778972976085e-05,2.523441739459388e-05,5.778992682952085e-05,2.4821954927327283,0.5633422850830923,0.0337885601997392,0.4028691547171686,-0.5715117326670964,0.5720906214603784,0.5882913056139204,5153.000609312433,True,body,high
-0.0136009702356204,0.0035822584652491,-0.0030166230385403,0.0007325438811617,0.0001868966728123,0.1555951601159961,0.1555951601159961,0.1555951601159961,False,0.0926749673382677,8.455805176566265e-05,4.102157989518692e-05,3.750630860094959e-05,2.2545021069741265,0.5148708013180009,0.0415722834293684,0.4435569152526307,-0.7489224431331764,0.366919496672837,-0.5518018277722414,4142.300296022595,True,wing_L,high
-0.0140967609888171,0.001737375785401,-0.0023030594092198,0.0013177690055233,0.0001733680865849,0.3713037142623354,0.3713037142623354,0.3713037983331347,False,0.075190443863231,3.484302821704258e-05,3.047267417452321e-05,7.559608208985438e-05,2.480782672925265,0.5390894970505514,0.0578119119629072,0.4030985909865413,-0.7000015151020604,-0.376397480846617,-0.6068960498035398,6845.207743811336,True,wing_R,high
-0.0134265211250528,0.0038210636119473,-0.0028193223106432,0.0009610205340791,0.000201587380523,0.400673663036215,0.400673663036215,0.4006736294078952,False,0.1093525524809829,2.24260044748612e-05,3.408003092651017e-05,5.554651554137503e-05,2.476879713621784,0.3864596078736043,0.2098066159157763,0.4037337762106193,-0.8141517577769064,0.331505497123403,-0.4767190164926713,9381.814041919672,True,wing_L,high
-0.0138496446274381,0.0030036294870713,-0.0029153833333187,0.0002094465072576,0.0001948586286832,0.1373467524235523,0.1373467524235523,0.1373467524235523,False,0.1875990666399276,0.000101077683309,0.0001151427564088,4.615246988455819e-05,2.494834116069837,0.1221533471882393,0.4770183999196122,0.4008282528921484,0.1736505601400241,-0.8376364162716626,-0.5178906420265017,23404.41805401494,True,body,high
-0.0136068575961781,0.0028500767767414,-0.0028216613178983,0.0002952879971131,0.000294317824625,0.0826663647466285,0.0826663983749482,0.0826663647466285,False,0.1012528972156325,8.074605245841129e-05,9.710173317110944e-05,3.928378913586573e-05,2.471801608426221,0.1684386074126679,0.4269981798314778,0.4045632127558543,-0.1241069306160964,-0.4701829362046539,-0.8737994485435554,16041.243499565557,True,body,high
-0.0137978508985676,0.0034262276839889,-0.0030317186140885,0.0005637924323024,0.0002343830271274,0.1320102407399228,0.1320102407399228,0.1320102407399228,False,0.0889741785177865,7.687549908393902e-05,0.000102936340237,0.0001903109711241,2.475573796488636,0.45911504928474,0.1369381964644256,0.4039467542508344,0.3305572292098863,0.9347986068951196,-0.1299364566394913,4082.786319774272,True,wing_L,high
-0.0136756652933775,0.0044237803344081,-0.0028247413048317,0.0014719625484998,0.0002791855186864,0.4713816651894134,0.4713816651894134,0.4713816651894134,False,0.0224854855581687,2.940046075030717e-05,8.67666901621025e-05,8.234797055569159e-05,2.9512017141158573,0.0509264511318296,0.6102285301705626,0.3388450186976078,-0.6750951038210373,0.5599660897160108,-0.4802963451505996,9095.873567743094,True,wing_L,high
-0.0137783212033337,0.0028718695585943,-0.0032120505113914,0.0005173233608212,0.0005164293666381,0.2979121259570728,0.2979121259570728,0.2979120923287531,False,0.0175217019489652,3.3900869108679566e-05,9.947185968409776e-05,4.423830868475973e-05,2.9341979217467964,0.5552681047157303,0.1039232563753181,0.3408086389089516,0.1720424272294928,-0.6128376314711677,-0.7712531625126695,6223.0661494970245,True,body,high
-0.0140338292754955,0.0019067930914182,-0.0025027571341344,0.0010952354600151,0.0001082614145675,0.3492314639636076,0.3492314639636076,0.3492314639636076,False,0.0637383096485827,6.187172145900458e-05,2.7347041346943675e-05,7.284439568814151e-05,2.6637029857814087,0.150631687248978,0.4739510814238417,0.3754172313271803,-0.0925484715371824,-0.5448797820200941,-0.8333911467983482,17059.864310297406,True,wing_R,high
-0.0139477436928885,0.0032436675259229,-0.0031352669305619,0.0005166139509984,0.0004038853288622,0.246610980871503,0.246610980871503,0.2466110144998228,False,0.0098057975365909,2.298827508138614e-05,6.455834902556595e-05,2.7102052817069016e-05,2.8083163611453195,0.5801929072514502,0.0637218546907661,0.3560852380577837,0.3057305110193814,0.5987497599590844,0.7402888487480861,4227.058491307135,True,body,high
-0.0139180689652617,0.0034665917850882,-0.0032370404455714,0.0007295435792998,0.000466597913373,0.226383580192249,0.226383580192249,0.226383580192249,False,0.0663465580750112,1.995393991669473e-05,2.354965836135145e-05,5.619747498028527e-05,2.816359837450793,0.580948105415538,0.0639836299748011,0.3550682646096609,-0.4217906556708071,0.7165551457460849,0.5555550070817454,3099.8247592926555,True,wing_L,high
-0.0140409166192,0.0031152823570825,-0.0028649848177835,0.0002852052780949,0.0002575954552036,0.2449674976304727,0.2449675312587924,0.2449674976304727,False,0.0156955000703931,2.3396406894073696e-05,3.088072499475636e-05,5.345357188216879e-05,2.284691496612181,0.4222888404384133,0.140015303695342,0.4376958558662446,0.3565337352115286,-0.2916921421663697,0.8875806385081357,5714.777381957805,True,body,high
-0.013423832258422,0.0033199812903594,-0.0029396254549154,0.000601820729877,0.0003477540931025,0.4247819819873866,0.4247819819873866,0.4247819819873866,False,0.0685400958118556,3.682895778255882e-05,5.334937401859793e-05,2.855836769299565e-05,1.8680820483897136,0.3096646687978006,0.1550269378358588,0.5353083933663405,0.5206370161248026,0.3792595405916693,-0.7649178376210468,5597.907058617808,True,wing_L,high
-0.0147413494488998,0.0019222729276147,-0.0028062833077411,0.001374607796667,0.0006734928254991,0.4171620317315019,0.4171620317315019,0.4171620317315019,False,0.0436267238025266,5.0119632065681735e-05,1.910803292442107e-05,2.9911021617222056e-05,2.622961362057641,0.4032074780991271,0.2155440542469202,0.3812484676539526,-0.0915647638151827,-0.6124274819225981,-0.7852060069901496,13970.421401809746,True,wing_R,high
-0.0145971504174808,0.001708763682104,-0.0021434846589469,0.0015673642661143,0.0004693229687751,0.4020983604291903,0.4020982679513111,0.4020983604291903,False,0.0051038045729561,0.0001099234890101,5.221168621173481e-05,0.0001216271666333,2.329500835121219,0.096225851075681,0.4744976340060646,0.4292765149182543,-0.0864647227596106,-0.5657994247761202,-0.8199968674581113,5207.8529918777385,True,wing_R,high
-0.0142565690342152,0.0032463403099889,-0.0034949829219815,0.0009262327372715,0.0008704725501311,0.6348639717854889,0.6348640306350484,0.6348639045288494,False,0.0322038264836636,2.265193480912917e-05,2.1080224338016203e-05,5.594737361076107e-05,2.6540217368496046,0.5951206759637375,0.0280926586839933,0.3767866653522691,0.1205352703597015,0.6614419760225146,0.7402470945263784,4579.728161219887,True,body,high
-0.0136323438625609,0.0022021282989741,-0.0022358328961591,0.0009264190807394,0.0005296568388272,0.6418758631713969,0.6418758631713969,0.6418758631713969,False,0.0093936417552856,2.1958232719793352e-05,5.375441672166678e-05,1.9194714542703235e-05,2.800480132282104,0.5915083064989772,0.0514100672210666,0.357081626279956,-0.0400902387906839,0.341697815853222,0.938954405386568,2070.486656694448,False,body,high
-0.014816421032477,0.0013336351779363,-0.0020133688732089,0.0020198586727561,0.000586334627952,0.548778352744215,0.548778352744215,0.5487782938946555,False,0.024628369353965,8.07615320347051e-05,9.106869722605403e-05,3.544113997502142e-05,2.569575845761124,0.1131801102388027,0.4976506026784126,0.3891692870827846,0.1410683001424489,0.5627448492132897,0.8145047387086412,5368.179653354525,True,wing_R,high
-0.0134351043987988,0.0031380130761926,-0.0021582218550238,0.0007125839467082,0.0006944762790338,0.3600116103433135,0.3600116439716332,0.3600116439716332,False,0.1264034455750541,2.26746721150014e-05,6.080917563778171e-05,2.564869828693804e-05,2.6818105827228607,0.578210064222576,0.0489075232601711,0.3728824125172528,-0.8317074136083651,-0.0078274359888653,-0.5551589946985673,3869.47026703854,False,body,high
-0.0137454003807899,0.0043305484798158,-0.0028941584290261,0.0013801042738297,0.00027229089988,0.4399291608146263,0.4399291608146263,0.4399291313898466,False,0.0090731884643145,7.92135125208196e-05,7.703666574731622e-05,3.436324710574617e-05,2.305181238462579,0.0274807504960879,0.5387138795335484,0.4338053699703635,0.5903409644343567,-0.6262342494955933,0.5092427814602822,6492.009345673717,True,wing_L,high
-0.0134431362448546,0.0043396806314167,-0.0026945739105636,0.0014326101873555,0.0003032262996816,0.4553804111122541,0.4553804111122541,0.4553804111122541,False,0.0117947765558692,3.637372275334094e-05,8.617607428700299e-05,8.66953914169946e-05,2.383462149445003,0.0059901353636406,0.5744521216141538,0.4195577430222055,0.7365892959619508,-0.5567915238410338,0.3839523512795009,4427.4219684767095,True,wing_L,high
-0.0147017233560189,0.0035659393821144,-0.0031594986930548,0.0011317292466242,0.0010446400828871,0.462835162247547,0.462835162247547,0.462835162247547,False,0.0060514702646131,1.7887227297538308e-05,1.7676474565837113e-05,4.256345096479472e-05,2.4079151533448897,0.5797514794481002,0.0049514954009606,0.4152970251509391,-0.7603960443410291,0.5710429785991757,0.3093667279186582,1958.0904076661964,False,body,high
-0.0147001197238943,0.0014220945149854,-0.0020643039314483,0.0018761421285291,0.0004978751440781,0.5372067680635956,0.5372067680635956,0.5372067680635956,False,0.0358682353669861,6.851678339096438e-05,8.520093287814505e-05,3.766926656939524e-05,2.2618155498511188,0.1958212066884578,0.3620560923398277,0.4421227009717144,0.0175763536030233,0.6008129044840288,0.7991964249166076,8416.873716136559,True,wing_R,high
-0.0138836952093531,0.0030797307962063,-0.0028932358969408,0.0002178560332421,0.0001706826357354,0.6966463915593124,0.6966463243026729,0.6966463915593124,False,0.0118424466934468,5.27793521621558e-05,1.931747776328008e-05,2.065158903693659e-05,2.732207217159698,0.6087184061394311,0.0252771437883072,0.3660044500722618,0.8101341381011031,0.4033227631744462,-0.4254567275158689,10747.354263948915,True,body,high
-0.0136823292457848,0.0029105955128262,-0.0020097724720378,0.0007222560601166,0.0007066688145138,0.3583641757747169,0.3583641925888767,0.3583641757747169,False,0.0074655778488001,1.45633916167447e-05,4.012439354107112e-05,1.4759081409176193e-05,2.755154472048728,0.6321668664208251,0.004877077886079,0.3629560556930958,0.860294940382465,0.3440903090237158,0.3761575132684374,3208.9773846257394,False,body,high
-0.0141898625942539,0.0044714046397651,-0.0032917312670559,0.0016477943937934,0.0007823652389807,0.4403233856066258,0.4403233856066258,0.4403233856066258,False,0.0765242112326369,3.4023395857172734e-05,7.683526012897525e-05,8.348378238578573e-05,2.453716928675885,0.0796384886598343,0.5128165381147348,0.4075449732254307,-0.6181996526219549,0.6369903289794799,-0.4605133117345342,7368.1398825667875,True,wing_L,high
-0.0142796181601277,0.0046741722728976,-0.0032102277571108,0.0018293381915258,0.0008831181510505,0.3984179846418832,0.3984179846418832,0.3984179846418832,False,0.1211111408433778,2.6880630413265857e-05,2.718439547013716e-05,6.084682419228286e-05,2.263593645566228,0.55323230372334,0.0049922910670139,0.4417754052096461,0.6875944772045854,-0.5970889769235997,0.4131568570822488,6738.421344081565,True,wing_L,high
-0.0135156706366865,0.0032843403054521,-0.0030014222563733,0.0005478389351481,0.0003180925421187,0.3231949223813128,0.3231949223813128,0.3231949223813128,False,0.0551574854916096,2.3606322358152006e-05,6.355437340059409e-05,3.049116258117564e-05,2.6922606764558887,0.5202350216092192,0.1083299205804029,0.3714350578103778,0.4802390322609359,-0.4309328091008445,0.7639812732872022,5526.543698188487,True,wing_L,high
-0.0127681235438321,0.0029798556909997,-0.0018680577719121,0.0013731906857076,0.0013674495538039,0.4137641506439467,0.4137641842722664,0.4137641842722664,False,0.0554378832339984,2.0351668595132927e-05,2.5683504720372312e-05,5.790174845846427e-05,2.845061484163092,0.5564295482580058,0.0920841989610066,0.3514862527809875,-0.9539714676173016,-0.2867565695856967,0.0878015305762616,3175.571071202101,False,body,high
-0.0138216878154809,0.0048973712918046,-0.00272869362692,0.0019305555233689,0.0005988111692225,0.3822938526844913,0.3822938526844913,0.3822938274632516,False,0.0289056137251675,3.448067037980654e-05,8.09340873186049e-05,4.2713579554144587e-05,2.347230678148404,0.4722424015730426,0.101723630266298,0.4260339681606593,0.603295475801626,-0.5432437402287318,0.5838842415921053,8248.549361106012,True,wing_L,high
-0.0132270301572923,0.002995232509454,-0.0024699715714851,0.0006711604304711,0.0006560979397188,0.1850528956184873,0.1850528956184873,0.1850528956184873,False,0.0247633129632831,9.37638515898758e-05,3.973483976678041e-05,3.944506437083846e-05,2.3770743712918097,0.576224322134493,0.0030904809372532,0.4206851969282538,-0.8916574494460754,0.3675753693390033,-0.2642637710746882,4374.990221796767,True,body,high
-0.0126504493730552,0.0026504558431812,-0.0024622125703105,0.0012683097394814,0.0012678011615947,0.3174278841345532,0.3174278841345532,0.3174278841345532,False,0.0528600897423821,2.4960057910734715e-05,2.5410417068298187e-05,5.65055174798725e-05,2.263837595327487,0.5503020200222132,0.0079701802168946,0.4417277997608922,0.6591669202742806,-0.7491875294050934,0.0649385632733932,4130.806294210302,True,body,high
-0.0144471157658564,0.0026410613473958,-0.003258833902953,0.0008722798844163,0.0007980563973359,0.259403832628532,0.2594038662568517,0.259403832628532,False,0.018381542106335,7.820684460561155e-05,2.9126491627042155e-05,3.976986934330327e-05,2.6850760334279777,0.491478405197674,0.1360926626043345,0.3724289321979914,-0.384029668314268,0.3173673285194914,-0.8670635459081615,2895.974452843069,False,body,high
-0.0136891156398539,0.0027543339978349,-0.0020137972335383,0.0007455626280915,0.0006835072499072,0.4388065970601155,0.4388065970601155,0.4388065970601155,False,0.0115256883744723,6.255026078448521e-05,2.752113058362516e-05,6.258409294201797e-05,2.2740378616296737,0.0005405871674788,0.5597129966126272,0.4397464162198939,-0.8221227315566326,0.4790251804890235,-0.3076509234754859,3193.8792798998893,False,body,high
-0.0154047901970456,0.0015508217167886,-0.0024539498005451,0.0021160637917047,0.0011248415816249,0.3105871104535065,0.3105870936393466,0.3105871104535065,False,0.0239830884072852,4.990895319843996e-05,6.682505974388895e-05,2.8177080419915595e-05,2.371610498604281,0.253140163439898,0.3252054373286469,0.4216543992314551,-0.1149127295534717,-0.5547900494373098,-0.8240164231566733,4399.108438665987,True,wing_R,high
-0.0144581368756933,0.0031660391076835,-0.0021447631060856,0.0008507037813552,0.0008466852950729,0.2879905778362879,0.2879905778362879,0.2879905778362879,False,0.062879876338045,3.741863459035292e-05,3.578115931700503e-05,8.047936198838111e-05,2.2492105768672848,0.5350530413529485,0.0203465240390983,0.4446004346079532,0.7829319919119648,-0.557965818551752,0.2751211394434035,2078.4279852271266,False,body,high
-0.0146035635664817,0.0021208572976327,-0.0028247307920538,0.0011367580953765,0.000590724731824,0.215273792208553,0.215273792208553,0.215273792208553,False,0.0105730373437134,7.701022184673622e-05,2.937336005341478e-05,2.738248116302776e-05,2.812390206286953,0.6185784257072666,0.0258521381012149,0.3555694361915184,0.8297479427118699,-0.558137367896326,-0.0010149498416136,4571.84725636295,True,wing_R,high
-0.0142549609289901,0.0044627841544719,-0.0033939087547792,0.0016931887683711,0.0008814722626432,0.2706161869873537,0.270616153359034,0.2706161869873537,False,0.0423976718388999,5.239659531500426e-05,2.310967705943448e-05,2.3497903085398464e-05,2.267301060947257,0.5515375962096221,0.0074093750487031,0.4410530287416747,-0.4279729885435357,0.4888076174501961,-0.760201443171333,4844.345853556017,True,wing_L,high
-0.0132957494320089,0.0029385425528057,-0.0021282409079081,0.0008058373043054,0.000805836038112,0.2255837137937074,0.2255837137937074,0.2255837137937074,False,0.2011381681913048,5.602986873182049e-05,2.2012410998654227e-05,5.2260854984693366e-05,2.5453762759220693,0.0672679381985884,0.5398628387087482,0.3928692230926633,-0.2970190349475023,-0.4109717960073136,-0.861905955290586,3722.091667847942,False,body,high
-0.0144184330848807,0.0027850080529,-0.0022040601127308,0.0007794099134985,0.0006563927042274,0.2587601025184194,0.2587601025184194,0.2587601361467391,False,0.0083314357564799,3.006018064144201e-05,1.940185269657701e-05,4.814013488908343e-05,2.481213296582579,0.3755692477658873,0.2214021204847509,0.4030286317493617,-0.2189636343675827,0.754724403124057,0.6184221876304048,2081.87096772372,False,body,high
-0.013758482653177,0.0023787057940352,-0.0029424912896437,0.0006401277669847,0.0004185541338419,0.3430189009231258,0.3430188336664863,0.3430189009231258,False,0.0863228936489634,2.3976604382995875e-05,2.666958693384861e-05,5.9753707089830754e-05,2.4921672033012263,0.5536747721148935,0.0450680414991532,0.4012571863859532,0.6864505010195756,-0.4210362700284852,-0.5928863035780756,3120.381557130999,False,wing_R,high
-0.0129159339269607,0.0030734505222635,-0.0016838478138372,0.001393410301103,0.0013865141079368,0.468633592530759,0.4686335631059792,0.4686335631059792,False,0.0364101767022978,5.896880279272068e-05,2.6290841395733567e-05,2.2031858797946348e-05,2.676524179531204,0.5541567718756704,0.0722243355144555,0.373618892609874,-0.9885851086215188,-0.1085735478568131,-0.1044570137308336,2579.1533448637297,False,body,high
-0.0144800535757083,0.0026177242725392,-0.0025980912158627,0.000725972054349,0.0005114154119248,0.3898671940892533,0.3898671604609336,0.3898671604609336,False,0.0083748322599793,2.8868177199176853e-05,2.7851649414810703e-05,6.323708586527541e-05,2.2704969793152627,0.5434929234297802,0.0160748676264403,0.4404322089437795,0.1827630567050462,-0.5593004182512051,-0.8085670703459641,1905.6400371098327,False,body,high
-0.0142424805020544,0.001726937295871,-0.0022080302133208,0.0013930707897525,0.0002349006187444,0.409666808913434,0.409666808913434,0.409666808913434,False,0.0062165419744563,8.496319114127026e-05,8.453894204573644e-05,3.305601570522868e-05,2.570279246564827,0.0049933281675873,0.6059438875701587,0.389062784262254,0.1015435025263632,0.5135962130358953,0.8520022576553807,9134.582837482318,True,wing_R,high
-0.0140940832084643,0.0029599421690984,-0.0041604044118134,0.0014710608705439,0.0014542539999785,0.6391088325475041,0.6391088325475041,0.6391088325475041,False,0.0049365750352011,2.25236990750513e-05,5.1396532926791286e-05,2.1539704266513337e-05,2.386129925037774,0.5617661777471676,0.0191451592647222,0.4190886629881101,0.1431888832445505,0.7762912595807625,0.6138964277577217,1160.9211009261217,False,body,high
-0.0135839523591091,0.0040270181752499,-0.0030580182358508,0.0011478724795815,0.0001242830871167,0.4668115975580704,0.4668115387085109,0.4668115387085109,False,0.0075337737155471,6.999827485768696e-05,4.35332724007221e-05,2.408564740975799e-05,2.906223514229809,0.3780807814302664,0.27783006124798,0.3440891573217535,-0.5176954336875178,0.6562369658787655,-0.5489485245023653,6687.448217436216,True,wing_L,high
-0.0143104585606713,0.0017759420927525,-0.002489353159368,0.0012946727656565,0.000130522838054,0.4143264918132731,0.4143263993353939,0.4143264918132731,False,0.0192379023563635,8.464454295263419e-05,3.655280890593417e-05,8.713769189443052e-05,2.3838849736192,0.0286116017947416,0.5519050711713176,0.4194833270339408,-0.1393940521364718,-0.5630817997447013,-0.8145601175022272,11137.557942494674,True,wing_R,high
-0.0148378644688396,0.0013363655606259,-0.0019918608293846,0.0020354523329223,0.0006153946408971,0.4985073804946774,0.4985074401324006,0.4985073804946774,False,0.0211065291540713,9.775958385776648e-05,4.307384212993072e-05,0.0001006391236185,2.336432476002185,0.0286125281824666,0.5433845184811389,0.4280029533363945,0.1798763232294593,0.5800425503370719,0.7944779091579052,5016.367803403447,True,wing_R,high
-0.013751271867434,0.0041653741087404,-0.0030128088299904,0.0012402916213413,0.0002275629803933,0.4620015330160132,0.4620015330160132,0.4620015330160132,False,0.007543095612934,2.5273578115534872e-05,7.202629317097575e-05,6.699524223565751e-05,2.8498652957534123,0.0698501993345063,0.5792560228121681,0.3508937778533256,-0.575486723707834,0.6279560376827262,-0.5239143494635683,5461.991137107663,True,wing_L,high
-0.0141948309875038,0.0049845825170441,-0.0029258872768888,0.0020575243607187,0.000879120071226,0.4409704827522497,0.4409704827522497,0.4409704827522497,False,0.0277556279387756,3.6553784984267455e-05,3.664823906635055e-05,8.3631202621452e-05,2.287894472691307,0.5617874917782181,0.0011294119792899,0.437083096242492,0.6439607048760494,-0.5412075648257744,0.540748538926271,4134.90793200432,True,wing_L,high
-0.0145661859225933,0.001422177521827,-0.0020567632845209,0.0018222483376088,0.0004101616036111,0.5367521636235507,0.5367521636235507,0.5367521636235507,False,0.0192621323808917,2.647928448084e-05,6.734904672505228e-05,7.588515373076154e-05,2.865830977633512,0.1124871807731343,0.5385738874459829,0.3489389317808826,0.0541990580548957,0.5250535793316485,0.8493416279312973,6674.342013510026,True,wing_R,high
-0.0144287620689066,0.0017544745678271,-0.0024401445310487,0.0013689253793399,0.0002328125795119,0.3847606832983031,0.3847606832983031,0.3847607673691025,False,0.080813873627214,8.631787588417188e-05,2.9747307769211607e-05,6.909296678386306e-05,2.901703796318357,0.1995520501850921,0.455822836366462,0.3446251134484459,0.1864980496673327,0.4867699121728559,0.853389436349848,10931.273829678536,True,wing_R,high
-0.0140711246115566,0.002156394918604,-0.0027477007080209,0.0008403663876898,0.0002062142914739,0.2036020413741274,0.2036020750024471,0.2036020750024471,False,0.0342317265368728,1.937288007325613e-05,2.189128190424898e-05,4.367953129996437e-05,2.254674118396215,0.4988205859189969,0.0576563382445201,0.443523075836483,-0.6787489320959557,0.1261995256643307,-0.7234456212464748,6196.1864507950895,True,wing_R,high
-0.0135162736117393,0.0027634111483674,-0.0016995271408137,0.0010837958464024,0.0010393096062868,0.2341405238155659,0.2341405238155659,0.2341404733730863,False,0.0177551750103629,6.88277996214644e-05,0.0001734981339428,7.562557430438201e-05,2.52075665497113,0.5641130392255199,0.0391806789412371,0.3967062818332429,-0.7463154263403551,0.6621091714683909,-0.0680053634932907,3114.9937791392654,False,body,high
-0.0137014419902857,0.0027094435398239,-0.002857853897242,0.0003341442601173,0.0002852152961712,0.1471659527532898,0.1471659527532898,0.1471659527532898,False,0.0275550352249239,1.440740147670852e-05,3.375543656196812e-05,1.5982482017605525e-05,2.342923296511052,0.5265212467845013,0.0466615366684852,0.4268172165470134,0.8928479305626806,0.1074753798415543,-0.4373461050676595,5834.472938865595,True,body,high
-0.0137492035380713,0.0039996757754509,-0.0031242866301335,0.0011176999162717,0.0002658301881287,0.4239903377130148,0.4239903377130148,0.4239902788634554,False,0.0079818417495272,7.509883390091305e-05,7.65950718315355e-05,3.0054734286668928e-05,2.5485193480985124,0.0195343890258802,0.5880809109144107,0.392384700059709,0.5718489463421568,-0.6149058106878637,0.543028200510495,6093.852431638529,True,wing_L,high
-0.0137939403097916,0.0040837135038314,-0.0031387184718078,0.0011977953510498,0.000312659889992,0.4051142406189618,0.4051142406189618,0.4051142406189618,False,0.0112210779984299,2.513989744741053e-05,6.72426390976601e-05,6.295817709212622e-05,2.6747380031411487,0.0637164463356551,0.5624151602644591,0.3738683933998857,-0.5652387942540571,0.6100456837008242,-0.5552921476738291,5507.417145748091,True,wing_L,high
-0.0143355916409734,0.0018104725684169,-0.0024883872212947,0.0012724501533264,0.000161269032076,0.3577598916836281,0.3577598412411484,0.3577598748694682,False,0.0507621787399508,5.189056721726368e-05,2.36398000107447e-05,5.520951942561992e-05,2.335447821069816,0.060115578669864,0.5117010164266932,0.4281834049034427,-0.1655853299743049,-0.5001904190234581,-0.8499359053566558,13246.023022976318,True,wing_R,high
-0.0137030990124399,0.0043487364730604,-0.002852990575721,0.0013971436543337,0.0002591677259738,0.4405751860575594,0.4405751566327797,0.4405751566327797,False,0.0390246634496107,3.36079675686279e-05,9.190952742769496e-05,9.926995763020562e-05,2.9537625989282184,0.0741455962933849,0.5873031605014729,0.3385512432051421,0.7181317616301404,-0.5306613950761769,0.4502057937363722,7481.888503448778,True,wing_L,high
-0.015200823341396,0.001308375529649,-0.0020501102729178,0.0022363548366965,0.0008953175250276,0.4891953175575231,0.4891953175575231,0.4891953175575231,False,0.0220134493869037,9.570367501673728e-05,3.2858131040155285e-05,7.744490266060526e-05,2.912632946158127,0.1907844432613357,0.465883589242026,0.3433319674966383,-0.1192058618155357,-0.450106820732945,-0.8849823797333459,5311.104713361086,True,wing_R,high
-0.0146793248857663,0.0014334368635095,-0.0020586060759471,0.0018594598164687,0.000489407225387,0.4838947062069575,0.4838947062069575,0.4838947062069575,False,0.0423945550462395,6.967253371628352e-05,3.368925102915652e-05,7.779310745210492e-05,2.309137338339119,0.1043868024017553,0.4625510391043438,0.4330621584939009,0.0084561052895973,-0.6030866652724769,-0.7976308472306314,8646.570037960782,True,wing_R,high
-0.0144307708123316,0.0028078631649547,-0.0030277267915054,0.0006783149581924,0.0006356895565083,0.1482756200471905,0.1482756200471905,0.1482756200471905,False,0.0289490457497261,9.79375834704486e-05,7.50302534376628e-05,4.752255487424789e-05,2.0608652823823714,0.2338972355765526,0.2808696885166153,0.485233075906832,0.2586166370048384,-0.7271019345619879,-0.6359561398559821,3883.692845321874,True,body,high
-0.0136874520124058,0.0038417937147662,-0.0030786429993006,0.000963864695132,0.0001975644311408,0.4819931087979675,0.4819931087979675,0.4819931087979675,False,0.0128786152091728,8.43966823325006e-05,4.832172925599424e-05,3.594981890954389e-05,2.347624686089729,0.4274451563674101,0.1465923778580334,0.4259624657745564,-0.952535070439726,0.1911251500511197,-0.2369559380988863,6313.467546630756,True,wing_L,high
-0.0145397991087607,0.0025470953929956,-0.0019977034256122,0.0010740903988592,0.0007988941826498,0.3029779632953298,0.3029778960386903,0.3029779632953298,False,0.0049913695282777,2.5934336936495915e-05,3.426765520967705e-05,7.721098156634474e-05,2.97717199230531,0.5561815882338961,0.1079291844777365,0.3358892272883674,0.4457437317707597,-0.8549186572250262,-0.2653801332346397,1400.428705584581,False,body,high
-0.0142590568944187,0.0016818440155415,-0.0022599155099209,0.001420701224502,0.0001771167193605,0.3634197732896211,0.3634197732896211,0.3634197732896211,False,0.0061734430971741,7.095501968739164e-05,2.735606657504792e-05,7.97433282912909e-05,2.9150144108812257,0.1102074467195154,0.5467410759817174,0.3430514772987671,-0.1201596341215333,-0.5228929979223156,-0.8438865889748413,10631.67474506152,True,wing_R,high
-0.0127293552156183,0.0027945775024818,-0.0021548087578407,0.0012652225422763,0.0012650939948579,0.1283498990240849,0.1283498990240849,0.1283498990240849,False,0.0800380153061861,9.7055211096111e-05,8.618166297400785e-05,0.0001938015213428,2.248755879789742,0.4992030484404262,0.0561066190128948,0.444690332546679,0.1221654949004057,-0.6031747018622109,-0.7881978627788662,6795.148420831688,True,body,high
-0.0129364176322597,0.0031114285114251,-0.0025934592713432,0.0009355328205932,0.0008669994594289,0.170642252656689,0.170642252656689,0.170642252656689,False,0.0534393538197097,4.971579898985741e-05,0.000112470596879,0.0001215935913803,2.445773654469902,0.0750285800237524,0.5161028404278509,0.4088685795483967,0.2567224547744657,-0.7083201231583476,-0.6575531798596337,6516.755881456496,True,wing_L,high
-0.0141635627135373,0.001935566340387,-0.0018784707451544,0.0013603028600457,0.0005983152497822,0.3472237019492825,0.3472237019492825,0.3472237019492825,False,0.0159039959092368,4.955282483978506e-05,2.409816923911631e-05,5.4321291170663e-05,2.2541667224449693,0.087782639700089,0.4685944507595929,0.4436229095403181,0.0034649071546174,-0.5833450172903434,-0.8122170801090918,2216.01347749,False,wing_R,high
-0.0132758606654327,0.0026548773822733,-0.0024087620645493,0.000722102800774,0.000692374144941,0.1292572247182705,0.1292572247182705,0.1292572247182705,False,0.1317582091928209,0.0001264903957522,0.0001202173325193,4.532078767375024e-05,2.7910017068278896,0.049593197930628,0.5921125030893297,0.3582942989800422,0.1907999262528672,-0.6236855590626534,-0.758031471351029,5615.743516783876,True,body,high
-0.0142960918613332,0.0018211965269551,-0.002475806798713,0.0012504492629197,0.0001237178110851,0.3482337957885121,0.3482337957885121,0.3482337957885121,False,0.0499148172348342,6.461982277936605e-05,3.023005581713844e-05,6.979050674578636e-05,2.308646307765656,0.0740886433917817,0.492757089262773,0.4331542673454452,-0.0408194128085723,-0.5293603314408573,-0.8474145473348856,10209.611431520883,True,wing_R,high
-0.0134405847755939,0.0030454437418847,-0.0021763839071051,0.0006785852124004,0.0006744939739666,0.1666708826118225,0.1666708826118225,0.1666708826118225,False,0.0356266299207725,0.0001672648780445,0.0001549976746936,6.346194954452399e-05,2.6356719143530074,0.0733399832310176,0.5472501233925242,0.3794098933764582,0.2617742544078366,-0.8535069241887044,-0.4505554017999991,3915.487619623143,False,body,high
-0.0133458985988527,0.0031713205314679,-0.0029814382381187,0.0006111100994892,0.0004790648251055,0.1817133680727147,0.1817133680727147,0.1817133680727147,False,0.0279068668782729,0.0001012429432216,5.110308446836942e-05,0.0001236905855433,2.4204133044053324,0.1814822221363666,0.4053651984343576,0.4131525794292758,-0.0376658560650932,-0.7330366779530677,-0.6791454277711171,4588.448977625792,True,wing_L,high
-0.0130365680589843,0.0025605685171091,-0.0027239075410226,0.000912639534371,0.0008969104583274,0.1434686871424066,0.1434686871424066,0.1434686871424066,False,0.0777883490532174,9.204943836112209e-05,9.670997962551424e-05,0.0002065443580508,2.2438415891311787,0.531771380549143,0.0225643600647019,0.445664259386155,0.7404308024737447,-0.567700107618609,0.3598316475213181,4314.527819947683,False,body,high
-0.0126475355618299,0.0029675347434633,-0.0031162303247802,0.0012728032647368,0.0012097853004378,0.3285823305268285,0.3285823473409884,0.3285823473409884,False,0.0047118574324725,5.484343885286694e-05,3.927322572507946e-05,2.3158633617221425e-05,2.368163845905131,0.283902932665455,0.2938289874763322,0.4222680798582127,0.6613391802300488,-0.7498506240872699,0.0188289736464479,1645.8431795630863,False,wing_L,high
-0.0140642692081641,0.0029645418941626,-0.0025056117927657,0.000293035684854,0.000276119199507,0.180359323779457,0.180359323779457,0.180359323779457,False,0.0579348712950496,8.946488752032501e-05,0.0001137367460012,4.553897351713945e-05,2.497569383254454,0.2134038411882527,0.3862068816590335,0.4003892771527138,0.1193949285019335,-0.7671487277393321,-0.6302600102941189,4052.860585997352,True,body,high
-0.0137638923132028,0.0027813857838663,-0.0023414734590108,0.000421599830117,0.0003559382010416,0.1440131632668854,0.1440131632668854,0.1440131632668854,False,0.0394024698779183,6.634430257319462e-05,7.439781686061505e-05,0.000169345117487,2.552519371203409,0.5606733871952336,0.0475568141965229,0.3917697986082434,0.7265064380885686,-0.5195634398637906,0.4497134947639065,3652.074845372645,True,body,high
-0.0136515028606345,0.0031818763909896,-0.0024579874896701,0.0003872824613802,0.0003286254801201,0.120265650964998,0.120265650964998,0.120265650964998,False,0.0837061847074857,6.076992762426185e-05,6.731758183991469e-05,6.747782047768876e-05,1.1103817811813363,0.0023746860322357,0.0970341686987028,0.9005911452690614,0.4012599250920355,0.7853675351374455,-0.4713685471764816,4103.666172410141,True,body,high
-0.0133920629479279,0.0028142777315786,-0.002055400703028,0.0008146825129856,0.0007996855460636,0.1743185678243907,0.1743185678243907,0.1743185678243907,False,0.0094009170514803,4.712085963516249e-05,8.200471279165102e-05,5.194532838378268e-05,1.7403059584774114,0.3665567914888023,0.0588316035064678,0.5746116050047299,0.4538761247056722,0.1661068216198853,0.8754455935313745,3448.846379197267,False,body,high
-0.0127497423670512,0.0030411052263354,-0.0018387851879857,0.0014075850944953,0.0013957436113133,0.2227709402479245,0.2227709402479245,0.2227709738762442,False,0.0645089257069848,0.0001086720634902,8.345703558137812e-05,5.292183925280597e-05,2.053444570796219,0.2320286106568197,0.280984784385905,0.4869866049572752,0.7944794091109411,-0.6005376368757455,0.0903161956374687,2810.0168233419504,False,body,high
-0.0134695979486138,0.0033788843947118,-0.0025582825020237,0.0005827901588271,0.0003598575775773,0.1170766437782623,0.1170766437782623,0.1170766437782623,False,0.0168788414112632,7.969307563459024e-05,0.0001244947300775,5.683437839742309e-05,2.190482830779424,0.3598678788657865,0.1836117659191135,0.4565203552151,0.0571122306123944,-0.7939473747359367,-0.605298074723843,3677.091677543314,True,wing_L,high
-0.0136166447482605,0.0031282331474411,-0.0030096993511419,0.0004151552244117,0.0003119028884851,0.1129926861189955,0.1129926861189955,0.1129926861189955,False,0.1817524114833024,3.78896210532845e-05,7.289234564498359e-05,3.3598385669231976e-05,2.1695192847237124,0.4801975335267312,0.0588708642324757,0.460931602240793,0.9948332585413626,-0.082792742862674,-0.0587549949302126,6122.446930773433,True,body,high
-0.0132848724339414,0.0031965314107756,-0.0023845083307758,0.0006937837576161,0.0006258818809788,0.0982428342962488,0.0982428342962488,0.0982428342962488,False,0.0586096904358287,7.844056604507484e-05,9.0603332764859e-05,9.30122188340399e-05,1.1857667980186637,0.0258985980484891,0.1307652572129901,0.8433361447385207,-0.1276104828662292,0.8969244826224839,-0.423369858557547,3702.5254715025408,False,body,high
-0.0139887015632641,0.004382905469612,-0.0022671304113635,0.00148928463805,0.0008635101066796,0.1084101886199784,0.1084101549916587,0.1084101549916587,False,0.004518097798454,1.822466788939064e-05,4.436167207312008e-05,3.96418051637107e-05,2.434155307650073,0.1063951534926312,0.4827847164781976,0.4108201300291711,-0.3196312334648998,0.2334979830033256,-0.9183216029948794,1651.4048272065831,False,wing_L,high
-0.0140186455716031,0.0018852123855291,-0.002433844667404,0.0011285946601772,0.0001379519911138,0.2910142009466734,0.2910141505041937,0.2910141673183536,False,0.0173913110523511,4.6604052129162494e-05,1.8330979814699657e-05,4.834772716749917e-05,2.6374873387143776,0.0360652949061239,0.5847859655638346,0.3791487395300416,-0.177519741851203,-0.4845956163916622,-0.8565359477728107,11167.78482159354,True,wing_R,high
-0.0140952816895093,0.0046748100917933,-0.0030622337080085,0.0017604344765931,0.0006868955306879,0.4279338719162387,0.4279338719162387,0.4279338719162387,False,0.0158526054175265,2.836259300876725e-05,7.957915527706423e-05,5.34933999829289e-05,2.80577855672312,0.3277963331391831,0.3157963525330945,0.3564073143277224,-0.7068667088242604,0.5477824162401559,-0.4475196983531055,4692.141147420417,True,wing_L,high
-0.0147534617423514,0.0014162528864372,-0.0020586734104242,0.0019074736338694,0.00054017077603,0.3489015701472197,0.3489015701472197,0.3489015701472197,False,0.0345179143555831,1.8233899217744604e-05,2.0511543005974428e-05,5.399296417656583e-05,2.961130997368996,0.6201071136065373,0.0421840849630251,0.3377088014304377,0.4448351221093233,-0.7537777405109325,-0.4836743036881502,7508.906402382622,True,wing_R,high
-0.0151074167323985,0.0016827637187717,-0.0024424695828062,0.0018147103874146,0.0008697663777596,0.7761366942286672,0.7761366942286672,0.7761366942286672,False,0.0290163108479803,1.898676369683667e-05,4.2710972603701125e-05,1.7566233909199008e-05,2.431424562856039,0.5554593459388614,0.0332591299387681,0.4112815241223704,-0.650279165149731,0.4757932761108882,0.5922480610182163,4415.0616556435225,True,wing_R,high
-0.0131676407047455,0.0025296876757538,-0.0019566006213153,0.0011082180323732,0.0010388678685624,0.2207578481449248,0.2207578481449248,0.2207578481449248,False,0.0274047849931044,3.291662460043685e-05,5.537541103971079e-05,5.000876835586467e-05,1.6822931182007004,0.0969138211903762,0.3086594471176153,0.5944267316920084,0.2326347007863709,0.8119304128814112,-0.5353971429025902,2730.29757915427,False,body,high
-0.0134453767446303,0.0030350099227278,-0.0028035094057393,0.0004243335433842,0.0003798670260235,0.0926575739316997,0.0926575739316997,0.0926575739316997,False,0.0394150062968855,8.830798050976017e-05,5.154089001794092e-05,3.412035631557346e-05,2.588131838161784,0.4163507112220237,0.1972702082168221,0.3863790805611542,0.6852254714595999,-0.7006760263342205,-0.1987942639601465,7782.981108895411,True,body,high
-0.0144099773969115,0.0031688021609941,-0.0028898154407929,0.000618839766343,0.0006133830139671,0.1106602258636783,0.1106602258636783,0.1106601586070389,False,0.0499168298485286,5.135532737284017e-05,4.259418995337314e-05,9.642917933980851e-05,2.263904524193729,0.4674295921168403,0.0908556671274107,0.4417147407557489,0.0069877346389004,-0.7112327771720619,-0.7029218365086783,4969.413799333706,True,body,high
-0.0130770338671807,0.0027719359236393,-0.0022687091822118,0.0009137889399838,0.0009110345415869,0.1053004433828071,0.1053004433828071,0.1053004770111268,False,0.0540274061768199,5.544040558413015e-05,5.703652919221392e-05,0.0001535116674712,2.768949214093805,0.6284547609196717,0.0103974090984518,0.3611478299818764,0.7469418183842135,-0.5330618896421224,0.3973951959448608,6490.368615574581,True,body,high
-0.0134703492542906,0.0029081977597039,-0.0027849250778638,0.0003949877086365,0.0003905408437775,0.0771916070406574,0.0771916070406574,0.0771916070406574,False,0.2889008207803879,4.540138047522643e-05,4.642196170411221e-05,0.0001051051127033,2.3150201954922167,0.5583282248588324,0.0097101007042924,0.4319616744368751,0.7394145592330192,-0.5532090035949025,0.3837002839923042,14288.26132021737,True,body,high
-0.0142779209504218,0.0019120791308012,-0.0025265646859231,0.001151831315774,0.0001377477643103,0.3501539224016642,0.3501538719591846,0.3501539224016642,False,0.0133162357614445,2.319116673590589e-05,2.724975321269372e-05,6.129996141481912e-05,2.643246116630735,0.5554686726751159,0.0662086302032594,0.3783226971216246,0.7099920807360446,-0.4523600756056689,-0.5397051114174624,6656.820727303851,True,wing_R,high
