x,y,z,dist_to_centroid,dist_to_principal_axis,R,G,B,color_oob,opacity,scale_phys_0,scale_phys_1,scale_phys_2,scale_ratio,linearity,planarity,sphericity,orientation_x,orientation_y,orientation_z,local_density,if_keep,part_label,confidence
-0.014078986746566,0.0044866781778052,-0.0032679137596189,0.0016705530039883,0.0007755957875725,0.4798831944572032,0.4798831944572032,0.4798831944572032,False,0.47607860373887,2.674648312645336e-05,3.092970996169768e-05,7.247450803439188e-05,2.7096836504352098,0.57323325400125,0.0577199755983058,0.3690467704004441,0.5860309321602664,-0.5919818615506413,0.553285841266887,6134.855105433176,True,wing_L,high
-0.0142019440041054,0.0047009695497007,-0.003278084417105,0.0019003422796285,0.0009416812748695,0.5489638423522138,0.5489638423522138,0.5489638423522138,False,0.4378884145111015,2.4804581884640672e-05,2.6899017256888577e-05,6.833022307054235e-05,2.7547419822808354,0.6063379270821533,0.030651668882826,0.3630104040350207,-0.3079886017306754,0.4883515805709561,-0.8164898988706676,5692.241608326385,True,wing_L,high
-0.0137890441832173,0.0042005873556973,-0.0031804314854373,0.001338052968668,0.0004229581735744,0.4003191616968768,0.4003191616968768,0.4003191616968768,False,0.1771013674472242,3.359566221663189e-05,8.817686777065728e-05,8.088778970948182e-05,2.624650384983464,0.0826642887807481,0.5363325857281969,0.3810031254910549,0.6748347045870098,-0.5890112539367277,0.4445940442930458,8152.748802681679,True,wing_L,high
-0.0143564352055288,0.0019298826778719,-0.0027514907641639,0.0011751811426866,0.0003916070109743,0.4429382985262953,0.4429382985262953,0.4429382985262953,False,0.1395633697574616,4.143741956026877e-05,0.0001149781063045,0.0001163451925182,2.8077325700502582,0.0117502595857645,0.6320904641829881,0.3561592762312474,0.123154179910214,0.4756909405203318,0.8709484353723387,5838.202942962835,True,wing_R,high
-0.0137574100602399,0.0048743647623207,-0.0028995631174108,0.001947613159031,0.0005975720614355,0.4331707386850177,0.4331707386850177,0.4331707386850177,False,0.1581932429390012,0.0001164069000913,0.0001219928603307,5.262640688224035e-05,2.318092143430755,0.0457892390112702,0.5228215244418127,0.4313892365469171,-0.5575549594297009,0.5229214093073391,-0.6447368974266723,5323.375846377703,True,wing_L,high
-0.0133239000798426,0.0039195431728829,-0.002822459989987,0.0010746114865265,0.0002066270065642,0.2495338703501872,0.2495338703501872,0.2495338703501872,False,0.2892548056329767,6.324239315542285e-05,2.418667342352029e-05,3.521550732725896e-05,2.61476194133927,0.4431661173745552,0.1743898887038397,0.382443993921605,-0.5682485851889976,0.1775746321225298,-0.8034679803559386,5281.405576611371,True,wing_L,high
-0.0137844724935139,0.0045645007085144,-0.0030638565320437,0.0016615347529048,0.0004857223544871,0.3989065032423589,0.3989065032423589,0.3989065032423589,False,0.1696663675627396,0.0001055294140199,0.0001097941510339,4.124537474576971e-05,2.6619748689577585,0.0388430255520403,0.5854960275091444,0.3756609469388152,0.6771016060781685,-0.5214321877953219,0.5192705350560043,11449.742250844678,True,wing_L,high
-0.0142289025044313,0.005049667720909,-0.0031323031626795,0.0022048832963717,0.0010453399494464,0.3001641977141154,0.3001641977141154,0.3001641977141154,False,0.5362116219850234,7.652300860758457e-05,2.9246931845464114e-05,4.500456546697592e-05,2.616445684351416,0.4118819125661599,0.2059202050237997,0.3821978824100403,0.5600544803519257,-0.4467058837257649,0.6977054052266747,3533.551151630164,True,wing_L,high
-0.0137483302286015,0.0019408072344895,-0.002526307774329,0.0010178020169362,0.0002660364976681,0.5930080969286041,0.5930080969286041,0.5930080969286041,False,0.9232024618223008,8.188616038760552e-05,2.983347624528021e-05,3.2945988966779885e-05,2.744774350610927,0.5976610844759225,0.0380102413737155,0.364328674150362,-0.3912157585689879,-0.5997175710130045,-0.6980609323444142,3685.3564258381534,True,wing_R,high
-0.0141495174841882,0.0047193169935771,-0.0032411833146141,0.0018958041711441,0.0008894645312141,0.4580893824421618,0.4580893824421618,0.4580893824421618,False,0.4775774099127967,8.944722794782782e-05,4.0499145872859e-05,3.0417682307542656e-05,2.9406325913808247,0.5472286083982271,0.1127085075369422,0.3400628840648307,-0.4605382797030559,0.5809401610602698,-0.6711281712127852,6601.349982781364,True,wing_L,high
-0.0141480781571823,0.0033091162810246,-0.0020571813936575,0.0008927426632853,0.0008869663325358,0.2205104950392734,0.2205104950392734,0.2205104950392734,False,0.2161264476421118,6.936801967025829e-05,4.283934988049101e-05,0.0001247204572155,2.911352706412706,0.443812015935894,0.2127050395904444,0.3434829444736616,0.3838514144418652,-0.7375558433731464,-0.5555802998101225,2673.8206929215403,False,body,high
-0.0140103454429338,0.0052297632863206,-0.0029127107525793,0.0023185131543474,0.0009307828855349,0.2895816345268851,0.2895816345268851,0.2895816345268851,False,0.4792949044048405,5.1074289785587486e-05,0.0001394250903336,4.933587053346167e-05,2.8260389210953063,0.6336793495105294,0.0124684821646183,0.3538521683248521,0.4386023343942572,-0.3192362595395625,0.8400691655209691,3975.5000778915305,True,wing_L,high
-0.0137146391808946,0.0050087713637189,-0.0028078523368677,0.0020775713764093,0.0006522708517211,0.3451307257728038,0.3451307257728038,0.3451307257728038,False,0.1881878247490111,3.563979236636563e-05,8.184048888294636e-05,3.3603865283912985e-05,2.4354486661427446,0.5645212674946261,0.0248767707798588,0.4106019617255151,-0.4787688883370183,0.5340742555444001,-0.6968106207035236,6072.427500897592,True,wing_L,high
-0.0136417830870817,0.0041160236691507,-0.0030491341247396,0.0012235851203858,0.0002296790185134,0.352298618933862,0.352298618933862,0.352298618933862,False,0.7369287861373339,7.250139956510087e-05,7.71747620722515e-05,2.942360158555596e-05,2.6228863196046195,0.0605555803693362,0.558185044214522,0.3812593754161418,-0.7292233925187114,0.4788602011117012,-0.4888007278991739,5919.849271740016,True,wing_L,high
-0.0129609789806018,0.0027450482852568,-0.0027880289917701,0.0008042635255406,0.0008033297787276,0.3763911493889282,0.3763911493889282,0.3763911493889282,False,0.3487007692073323,0.0002787568545975,9.429057966704888e-05,0.0001193843320035,2.95635953858696,0.5717259323509877,0.0900202162659811,0.3382538513830311,-0.7604437092203971,0.5399341282281624,-0.3608275242849665,6552.97716929494,True,body,high
-0.0135530188733175,0.003822409844875,-0.0030969318110234,0.0009716101106543,0.0001555148948275,0.2662543417081356,0.2662543417081356,0.2662543417081356,False,0.2713249887257049,8.234325870182847e-05,3.361729572008829e-05,3.214322773990483e-05,2.5617607344268616,0.5917419804598795,0.0179015016338031,0.3903565179063173,0.4030981416117679,-0.2968420483211629,0.8656770105400948,6841.155167251921,True,wing_L,high
-0.0138012155210707,0.0045932999937428,-0.0030519708776288,0.001688222838256,0.0005106948651216,0.4305406846143972,0.4305406846143972,0.4305406846143972,False,0.16348058610491,0.0001072313915187,4.322478160837072e-05,9.785897176721888e-05,2.4807850387851125,0.0874036941872371,0.5094980992508114,0.4030982065619515,0.6743566376945366,-0.533530354446256,0.5104786832785214,11743.389550471426,True,wing_L,high
-0.0125417579018547,0.002791144190741,-0.0022546011912748,0.0013094846215802,0.0013068474583902,0.2064958255420997,0.2064958255420997,0.2064958255420997,False,0.1411612023396747,9.387358960380396e-05,9.807857960759364e-05,4.157310826377785e-05,2.3591832245328725,0.0428736837402579,0.5332508030731797,0.4238755131865622,0.8781900766282907,-0.4737832203158807,0.0656631514527785,8100.076184911919,True,wing_L,high
-0.0138529153294474,0.0022499555338634,-0.0028350614132273,0.0006952517104497,0.0002325735439874,0.2314262476182234,0.2314262476182234,0.2314262476182234,False,0.8899778532001306,2.646724172353677e-05,7.622532791441828e-05,6.884014091706525e-05,2.8799875979004144,0.0968862607668245,0.5558900217668135,0.347223717466362,-0.2528033150399476,-0.1184210677913175,-0.9602431643120284,3279.6056879041657,False,wing_R,high
-0.0134730535192324,0.0046315006858684,-0.0027404211698085,0.0017208299141852,0.0004237748671494,0.3096302166160635,0.3096302166160635,0.3096302166160635,False,0.1451212489357034,0.0001235022281711,5.206957173900381e-05,6.898130396107679e-05,2.371869482434394,0.4414570086503205,0.1369346324556482,0.4216083588940312,-0.5005734477046879,0.4809643977344398,-0.7197912694420441,3414.291923374255,True,wing_L,high
-0.0141809103526013,0.0027594302307621,-0.0032951484573113,0.000714847416787,0.0006949342558783,0.4164800662218753,0.4164800662218753,0.4164800662218753,False,0.5070984231997622,9.53125169653279e-05,4.3720206529019074e-05,3.9689468562867264e-05,2.401456114595108,0.5412962754417314,0.0422897022813706,0.4164140222768979,-0.3264615467698736,0.1296849262903862,0.9362716904689998,3773.065375348911,True,body,high
-0.0136632703920954,0.0049545566887412,-0.0027978904585525,0.0020245164587936,0.0006014253558538,0.3710353098285434,0.3710353098285434,0.3710353098285434,False,0.1193804159056872,2.025908604433889e-05,2.2790505358201287e-05,4.6658529176656365e-05,2.303091515310209,0.5115468541257927,0.0542541601403262,0.434198985733881,0.4063095152643359,-0.1437614508549866,-0.9023553751453636,5720.409623742932,True,wing_L,high
-0.0137780996993127,0.0040171071711548,-0.0032788038907733,0.0012043795332787,0.0004425842934225,0.5026401281168658,0.5026401281168658,0.5026401281168658,False,0.1277976037059675,6.108409810747872e-05,2.4160991311089465e-05,5.935024979470677e-05,2.52821158374583,0.0283846101766324,0.5760788744347356,0.3955365153886319,0.6968579990793587,-0.5612861281737851,0.4464827112428816,17463.916281054546,True,wing_L,high
-0.01337840592005,0.0025431457396563,-0.001576799858312,0.001295292480114,0.0011888789411854,0.352180718044947,0.352180718044947,0.352180718044947,False,0.6388124369351295,2.1663907881728955e-05,2.039443236966885e-05,6.105264886493098e-05,2.993593925944716,0.6451602299900727,0.0207931274999813,0.3340466425099458,-0.1979675878850302,-0.6231028606446658,-0.7566714341135234,1709.238566182022,False,body,high
-0.0127317063876316,0.0026756478727921,-0.0024006783401283,0.0011022407999465,0.0011012836915281,0.1728748368024576,0.1728748368024576,0.1728748368024576,False,0.7457244477759833,8.014221182972335e-05,0.0002282029123272,0.0001378263018123,2.847474596933633,0.3960361837333229,0.2527754330316265,0.3511883832350506,-0.5163856932252209,0.8516247925788509,0.0898945409762855,5239.094658662216,True,body,high
-0.0150667817480215,0.0015362024500807,-0.0025204678462045,0.0019385121578676,0.0009020164603129,0.3561552827801864,0.3561552827801864,0.3561552827801864,False,0.6929618987945678,4.103457019899116e-05,0.000113243368686,0.000105621187893,2.759706465473585,0.0673079658571962,0.5703346557364763,0.3623573784063274,0.0720357305549396,0.53447764339261,0.8421071797799244,6255.342349857199,True,wing_R,high
-0.0144314531833481,0.0015062380468278,-0.0023074068530032,0.0016461567793903,0.0002978899391549,0.3096554714841681,0.3096554714841681,0.3096554714841681,False,0.4740011954723496,4.531473709971009e-05,0.0001119482758741,0.000118415235461,2.6131727345229767,0.0546125636762222,0.5627108582358216,0.3826765780879562,0.1795044538413195,0.3914608035513943,0.9025168088927906,10412.76675165216,True,wing_R,high
-0.0124548941968028,0.0027417344699041,-0.0021524694289942,0.001435416826589,0.0014349004331017,0.1588593265972911,0.1588593265972911,0.1588593265972911,False,0.5460990763115413,7.611048508246253e-05,5.433465845871029e-05,2.811089252447197e-05,2.7075086647001503,0.2861081045556212,0.3445486637724876,0.3693432316718911,0.7936571754915122,-0.603355142602945,0.0779157216832071,5981.257713364249,True,wing_L,high
-0.0134055557423234,0.0039698247208037,-0.0029318956529305,0.0011050434598161,6.95905537099963e-05,0.2484939145630522,0.2484939145630522,0.2484939145630522,False,0.2548751470158546,3.754187964851015e-05,7.28136270537674e-05,9.871809673763944e-05,2.629545927425535,0.2624085202201343,0.3572976847294581,0.3802937950504075,-0.4790281444446642,0.2636030528831564,-0.8372845796624838,5381.497045519798,True,wing_L,high
-0.0140612918579899,0.0044969114234984,-0.003261163579973,0.0016745846963468,0.0007593150385806,0.428390174586429,0.428390174586429,0.428390174586429,False,0.3087207825653457,9.611252335403715e-05,3.8298686346459e-05,3.260519434984797e-05,2.9477672276008167,0.6015224134176238,0.0592377746200529,0.3392398119623233,0.4973935174175974,-0.5730300352438474,0.6513342210719357,6420.14436303632,True,wing_L,high
-0.0140030066197106,0.0049535607628662,-0.0030216813772132,0.0020553180325208,0.0008120092233068,0.3483126878265595,0.3483126878265595,0.3483126878265595,False,0.7444349353738751,5.366442093042409e-05,0.0001563917633914,0.000138104054109,2.914254187038371,0.1169352457306028,0.5399237872090542,0.3431409670603429,0.5718339234227734,-0.5184553048930577,0.6357751653306101,3390.3729462194983,False,wing_L,high
-0.0137245494065302,0.0044117085936427,-0.0030884526990639,0.0015163867836508,0.0003867746566137,0.4179219897216237,0.4179219897216237,0.4179219897216237,False,0.1696448385263859,4.335925157972392e-05,0.000125789190536,0.0001231984332454,2.9010922917966413,0.0205960248215249,0.634706220188853,0.3446977549896221,0.7053385295612771,-0.5265266488374261,0.4746232682669126,7069.38844935503,True,wing_L,high
-0.012771514985461,0.0029748480277643,-0.0024468261988998,0.0010204679560936,0.0009931236043312,0.1829654849289211,0.1829654849289211,0.1829654849289211,False,0.1481325012460941,0.0001547809783312,6.448666255599773e-05,0.000118880796981,2.400201409040592,0.2319418169937329,0.3514264802527386,0.4166317027535284,0.3997703147497688,-0.8881510945753173,0.2266524402020339,5707.649262618624,True,body,high
-0.0136201278042956,0.0048287329193415,-0.0028151320838976,0.001901558956633,0.0005175246178303,0.2349917742866295,0.2349917742866295,0.2349917742866295,False,0.4131045508653523,2.244442633400913e-05,2.3980011639968853e-05,5.793129838079449e-05,2.5810995353003765,0.5860612085311252,0.0265070065556964,0.3874317849131783,0.469866336562891,-0.3522720226024118,0.8094010426584426,4870.552199671895,True,wing_L,high
-0.0124818408792951,0.0027804065353989,-0.0021297086660703,0.0014165398631,0.0014151388485629,0.206033940570837,0.206033940570837,0.206033940570837,False,0.2136561130601686,5.4495114837266784e-05,0.0001106274210587,4.469817934787396e-05,2.4749871845510985,0.5073995731282189,0.0885579307158361,0.4040424961559449,0.7300544946350696,-0.6812885901701582,-0.0535377601986815,6019.044059984089,True,wing_L,high
-0.0152667512281965,0.0011657884499304,-0.0021822682444541,0.0024027748865402,0.0009928720153395,0.4463150820467704,0.4463150820467704,0.4463150820467704,False,0.1046679773087782,0.0001076141305961,4.157576471142086e-05,6.359256928314392e-05,2.588386078839151,0.4090685960024975,0.2045902749923256,0.3863411290051767,-0.0425667375784419,-0.3996154775927942,-0.91569402254258,3794.148708647902,True,wing_R,high
-0.0146286754151277,0.0033614081673456,-0.0031977325982754,0.001078585840929,0.0010469220115239,0.3850682142820816,0.3850682142820816,0.3850682142820816,False,0.2578533053580066,1.2860644737399776e-05,2.983905324482341e-05,1.3284725269198414e-05,2.320183307610471,0.5547873064135137,0.0142122649910887,0.4310004285953975,-0.5306656582368015,0.4668538290188095,0.7074188727328236,2875.870998402477,False,body,high
-0.0146026792949028,0.0013091761188608,-0.0021716760749454,0.0019277957745629,0.000434107490045,0.440906050891679,0.440906050891679,0.440906050891679,False,0.9803779725786346,7.569628706785858e-05,2.9458529603462025e-05,3.823628039585326e-05,2.569588098482777,0.4948724451758641,0.1159601234406959,0.3891674313834399,0.1407194989979193,0.4393467602295781,0.8872273929932215,4401.956572578743,True,wing_R,high
-0.0139886004233853,0.0020700279551122,-0.0027808973510794,0.0008966910629088,0.0002091484416048,0.1788547591271625,0.1788547591271625,0.1788547591271625,False,0.971631240549457,0.0001282954844005,0.0001133649848958,4.266366781987055e-05,3.007136773664267,0.1163758769412416,0.5510818826266823,0.332542240432076,-0.1687191321366141,-0.3290265668556498,-0.929126133931369,4065.4384336295775,True,wing_R,high
-0.0135644990421864,0.0047131587076996,-0.002811087203836,0.0017908458400768,0.0004437675638042,0.3424112203717459,0.3424112203717459,0.3424112203717459,False,0.3090087313304915,8.530605902665379e-05,8.539771305501871e-05,3.662007979983172e-05,2.331991451733842,0.0010732609233443,0.5701087006329482,0.4288180384437075,0.5063605046288446,-0.5422269198096783,0.6705139870172214,4309.831173822322,True,wing_L,high
-0.01293918474993,0.0033397695686479,-0.0013576899350816,0.001664660445021,0.0016360751065689,0.4519905461754106,0.4519905461754106,0.4519905461754106,False,0.2335554326085766,2.809708946673292e-05,3.0011113094938445e-05,7.652111120238226e-05,2.7234533061861663,0.6078060992140409,0.0250130140314264,0.3671808867545326,-0.985843543155562,0.0557385361409571,-0.158131982873008,1544.1122053593097,False,wing_L,high
-0.0149248680665121,0.0012865995430709,-0.002157876255819,0.0021129485536147,0.0007150559474748,0.3000530393033029,0.3000530393033029,0.3000530393033029,False,0.4376183395362565,6.065164140225778e-05,4.733218095426428e-05,0.000117213983492,2.4764120547361985,0.4825562650863403,0.1136337154593142,0.4038100194543454,0.1180914480683263,0.4305621774645638,0.8948020011321496,6904.133313172827,True,wing_R,high
-0.0147667554109673,0.0016260552367718,-0.0025570131398386,0.0016716849200585,0.0006414126125466,0.3072746537051032,0.3072746537051032,0.3072746537051032,False,0.2078240085928593,4.7679715614640505e-05,0.000115710324275,0.0001291393571763,2.708475826913738,0.1039886924861932,0.5267999636047556,0.3692113439090512,0.090255697622315,0.4583791499920964,0.8841620122461902,6162.494387043376,True,wing_R,high
-0.0137812276071387,0.0040319079308314,-0.0032877989381996,0.0012217045031321,0.0004518454095147,0.4545709228107345,0.4545709228107345,0.4545709228107345,False,0.1043712123465583,5.119854928882581e-05,4.818799689673042e-05,0.0001103698205069,2.29040067267199,0.5361182155262759,0.0272769528686947,0.4366048316050293,0.7229144011203941,-0.5749491691089708,0.3831817083234083,15977.860203221517,True,wing_L,high
-0.0133782533427731,0.0026813085062044,-0.0029848660110479,0.0004973173133266,0.0004888120229791,0.4460672161092432,0.4460672161092432,0.4460672161092432,False,0.392335664926204,0.000159375739743,8.138059335671346e-05,7.111896531035355e-05,2.24097382530144,0.4893790391942268,0.0643863869300667,0.4462345738757065,-0.5392956814198645,0.7563077191979856,-0.3703495671435632,8207.407462291938,True,body,high
-0.013411564308217,0.0038870440645471,-0.0029914148767193,0.0010375183527956,6.137466044764561e-05,0.2629841389434521,0.2629841389434521,0.2629841389434521,False,0.5736863157799966,5.206996899982511e-05,2.1300923808093936e-05,2.157878976661364e-05,2.44449346276895,0.5855808985274005,0.0053363956971173,0.4090827057754822,0.7523796706689441,-0.3685097473619012,0.5460086054847114,5216.54580435531,True,wing_L,high
-0.0138924091302246,0.0046852689499639,-0.0031112193704054,0.0017948664853378,0.0006218941454396,0.4554012732810962,0.4554012732810962,0.4554012732810962,False,0.1168628942762002,8.512945940535339e-05,9.21218896368333e-05,3.592551947251149e-05,2.5642465575848004,0.0759041120307643,0.5341177881480254,0.3899780998212102,-0.6616331051307694,0.5767131073379681,-0.4792114627381121,7181.707352000894,True,wing_L,high
-0.0136827207295725,0.0042537038253818,-0.003069596818641,0.0013593844063045,0.0003048795130549,0.3873343174555245,0.3873343174555245,0.3873343174555245,False,0.1417845060449001,3.719846491655584e-05,0.000103871932939,0.0001019030448563,2.7923714909220365,0.0189549575805523,0.6229265029446726,0.3581185394747751,-0.7183638242689097,0.5236515235825134,-0.4579765254152876,7109.354091500628,True,wing_L,high
-0.0137372808496878,0.0050461357354327,-0.0027993403754359,0.0021145575508086,0.0006868851799343,0.3489290276702657,0.3489290276702657,0.3489290276702657,False,0.1312444710695833,3.9192857164713706e-05,9.5617281215412e-05,3.5384638823557955e-05,2.7022257226419133,0.5901069695088085,0.0398277203947723,0.3700653100964191,-0.3883693796476863,0.4731851024607778,-0.7907370509602132,5697.2454295066,True,wing_L,high
-0.0134629830280242,0.0035204673380828,-0.0029333223252429,0.0006748478677178,0.000115345140697,0.1573662292020188,0.1573662292020188,0.1573662292020188,False,0.6457590840328141,3.105600724634888e-05,8.644828549755474e-05,3.3153918411401575e-05,2.783625235910456,0.6164884217126624,0.0242678169147962,0.3592437613725413,-0.3172269469690674,0.0500890355770503,-0.9470259514034686,4155.385337796791,True,wing_L,high
-0.0152249097633838,0.0012218292021518,-0.0021720882176566,0.002337633169845,0.0009713614594175,0.3489988736903102,0.3489988736903102,0.3489988736903102,False,0.5812936899731603,0.0001248429688534,4.701241452019387e-05,7.048917290764055e-05,2.655531951030269,0.4353773099518031,0.1880503051397686,0.3765723849084282,0.089409503965167,0.4005223273099885,0.911914363263839,4545.580338348201,True,wing_R,high
-0.0138879123778214,0.003106991627777,-0.0021291174027719,0.0006682301623609,0.0006682146551515,0.2129894540787456,0.2129894540787456,0.2129894540787456,False,0.1869503466515202,7.353351044497755e-05,3.646308633583356e-05,9.670186374158864e-05,2.652048234506038,0.2395853854329289,0.3833475661669288,0.3770670484001422,-0.5742916533720019,0.7969164371482262,0.18738540250038,3193.517241561152,False,body,high
-0.0137686146499044,0.0027365084401926,-0.0032308295461194,0.0005128197761708,0.0005043924019951,0.4515244996995833,0.4515244996995833,0.4515244996995833,False,0.215650002528539,8.317377606022923e-05,8.067846998350093e-05,5.916325292702054e-05,1.4058350740589995,0.0300011156752262,0.2586778919463801,0.7113209923783936,0.722100414861667,-0.6887358615815424,0.06491458871578,5505.532086875478,True,body,high
-0.0130281489950916,0.0032868788085337,-0.0016198355772094,0.0013894455617798,0.0013592423405672,0.2901311044568412,0.2901311044568412,0.2901311044568412,False,0.498119177320467,2.59928714960988e-05,2.730097045557425e-05,6.672361597657714e-05,2.5669967239514686,0.5908349681594284,0.0196047372482728,0.3895602945922987,0.3048861048933705,-0.9382425520853164,-0.1635401372733348,2029.035635757172,False,wing_L,high
-0.0147163625785463,0.0029824698421429,-0.0031927089784884,0.0010677950249237,0.0010608444017598,0.7378885663955885,0.7378885663955885,0.7378885663955885,False,0.7863925509827197,2.255159773370204e-05,5.518614693038366e-05,2.28721346607376e-05,2.447105858398281,0.5855457223786544,0.0058082860439579,0.4086459915773877,0.7931313049237061,0.3919483116225394,-0.4661751325052203,3177.932351457267,False,body,high
-0.0146856327096888,0.0030059167266124,-0.0031746287358302,0.0010338221830278,0.0010294357384846,0.6614426355098824,0.6614426355098824,0.6614426355098824,False,0.2845411172105492,2.339459964713692e-05,2.4966200038003405e-05,5.6166024054357705e-05,2.400811507848625,0.5554928364905977,0.0279813360003101,0.4165258275090922,0.6909728107604869,-0.1239762021715825,-0.7121702577929405,3461.130112801014,False,body,high
-0.0137654524172855,0.0050560957731339,-0.0028207431360407,0.0021251614229263,0.0007010611892913,0.3541535570492498,0.3541535570492498,0.3541535570492498,False,0.1503919563668095,4.892640614293879e-05,4.129441485623509e-05,0.000123495043745,2.9905991930145053,0.6038188686831832,0.06179998043046,0.3343811508863567,-0.436772747427384,0.4987562364734931,0.7486466347239742,5551.490964346917,True,wing_L,high
-0.0135907207210384,0.0042564117298742,-0.0029278516215501,0.0013439404675776,0.000239756379473,0.5060285924867375,0.5060285924867375,0.5060285924867375,False,0.1905447840723879,2.2907389099260457e-05,5.0875509629671766e-05,5.756566832610185e-05,2.5129737866093307,0.1162178585078041,0.4858472305398354,0.3979349109523604,0.7928054463201706,-0.472759914051305,0.3846525548482392,6571.420105381174,True,wing_L,high
-0.0140382377376231,0.0016930382579145,-0.002392441336787,0.0013250088202195,0.0001068543797572,0.4314270052193819,0.4314270052193819,0.4314270052193819,False,0.1351530556343436,3.9599599047924e-05,9.79191852888518e-05,0.0001087314123055,2.74577053605979,0.0994397735433927,0.5363637333894878,0.3641964930671194,-0.2092909135791441,-0.5221661354848737,-0.8267646826310373,15706.579668963695,True,wing_R,high
-0.0142371719025507,0.0033279021295088,-0.0033020196236224,0.000835395324677,0.0007567256746113,0.2299250794262199,0.2299250794262199,0.2299250794262199,False,0.5494165673065292,7.871513742169121e-05,5.0140524059963866e-05,4.333800257738911e-05,1.8163074608971368,0.3630129387775566,0.0864194830294511,0.5505675781929923,-0.5052152003813922,-0.2029987757717713,-0.8387783368320567,3953.186615361108,True,body,high
-0.0142562225530549,0.0052114579977723,-0.0031369928759066,0.0023672299656089,0.00111667678404,0.3231332312287986,0.3231332312287986,0.3231332312287986,False,0.3905291432789861,6.131054362409957e-05,2.69383719163993e-05,2.6935957123896712e-05,2.276159831339605,0.5606241549322925,3.938625169260409e-05,0.4393364588160149,0.8066421592973289,0.5656710047017455,-0.1713030685185184,3219.3123886618814,True,wing_L,high
-0.012455561932175,0.0026084846736762,-0.0023724725184574,0.0013817998889188,0.0013811798915226,0.3279138499734069,0.3279138499734069,0.3279138499734069,False,0.1572307398515819,0.0002153520675692,7.390541972306264e-05,7.523646994385883e-05,2.913887349211752,0.6506350238793185,0.0061808100373514,0.3431841660833299,-0.9108425461280988,-0.1989564352290371,-0.3616382073894242,4090.861702230085,True,body,high
-0.0142259272693395,0.0049041260436519,-0.003214139513974,0.0020812114338875,0.0010055962635137,0.4540446438107607,0.4540446438107607,0.4540446438107607,False,0.7785694178078891,4.681430579933168e-05,1.938526255897013e-05,2.007150700001826e-05,2.4149430866320314,0.5712527045460364,0.0146588618442767,0.4140884336096868,-0.2666182804488045,0.2775797256690945,0.922964890138294,3869.383355140918,True,wing_L,high
-0.0141482987516029,0.0052678606268935,-0.0030174839965901,0.0023850459892254,0.0010441836133567,0.302792704882029,0.302792704882029,0.302792704882029,False,0.241672377574291,6.937099668658096e-05,9.612957363458248e-05,4.026138814403932e-05,2.387636841796634,0.2783594677088545,0.3028163700506573,0.4188241622404881,-0.5080355331544634,0.4217816520561023,-0.7509994241284648,3805.91786300448,True,wing_L,high
-0.0136901695649271,0.00444063298703,-0.0030032653639501,0.0015294282665359,0.0003662734830041,0.481648504693475,0.481648504693475,0.481648504693475,False,0.8537363112470331,3.4595987321044233e-05,8.726534530929983e-05,8.289076648321287e-05,2.522412339312473,0.0501296225962537,0.5534244893089523,0.396445888094794,0.7301734303485427,-0.5012521845464533,0.4643199426047198,7219.993593513519,True,wing_L,high
-0.0148703399713921,0.0012157646401203,-0.0020808999677694,0.0021621620496071,0.000667953335888,0.4612002962634432,0.4612002962634432,0.4612002962634432,False,0.2956271820086947,3.200777726800449e-05,3.2866843590719266e-05,7.397085569271524e-05,2.3110275691232625,0.5556784725155471,0.0116135782757935,0.4327079492086593,-0.085052068482244,0.8328413803715452,-0.5469381873554918,8137.399316712662,True,wing_R,high
-0.0129427269816122,0.0033527547544454,-0.0013334678136434,0.0016865854550413,0.0016572090947147,0.4374131571903137,0.4374131571903137,0.4374131571903137,False,0.1496675221788845,6.921919960483406e-05,2.917825869808804e-05,2.766992737357376e-05,2.5016039496707188,0.5784658177981833,0.021790649604809,0.3997435325970076,0.923787701551442,0.3824772961597376,0.0180942085939184,1498.600206188173,False,wing_L,high
-0.0132781918586064,0.0041328944457516,-0.0027331185827069,0.001287799508969,0.0003137935386092,0.257195578572076,0.257195578572076,0.257195578572076,False,0.1916631806045706,3.004232601738664e-05,7.396020429976885e-05,2.466488889753708e-05,2.998602775265457,0.59380417750576,0.072707169629416,0.333488652864824,0.9775062117616014,-0.1713023934906077,-0.1230329059718258,6950.300341297683,True,wing_L,high
-0.0124848697744318,0.002782463840842,-0.0022986596945027,0.0013471331656854,0.0013434750023661,0.2840047812422643,0.2840047812422643,0.2840047812422643,False,0.2484352796719093,7.004662257006526e-05,5.803022068460716e-05,0.0001383968837911,2.384910520043343,0.4938713889268852,0.0868256680084725,0.4193029430646421,-0.8978057004132143,0.4246558716828493,-0.1166718258656175,7369.437834211088,True,wing_L,high
-0.0144149051803652,0.0031524639659339,-0.0030259721932559,0.0007567597978825,0.0007520749897887,0.1671219728924572,0.1671219728924572,0.1671219728924572,False,0.5136541667392728,0.0001539318975882,0.0001421171870364,6.110134382480001e-05,2.519288250511121,0.0767528415934997,0.5263096504428455,0.3969375079636548,-0.1623150220099112,0.7428386786451864,0.649495597474375,5136.621579370059,True,body,high
-0.0141800560521099,0.0052404579753691,-0.0030591498385346,0.0023688306222422,0.0010594192794774,0.2944010939807622,0.2944010939807622,0.2944010939807622,False,0.2327306583678388,3.481990857563004e-05,9.265114482793944e-05,8.655230929923792e-05,2.66086697576181,0.065825797835823,0.558356842969173,0.3758173591950039,-0.5432497931928457,0.4620604243279275,-0.7009848974591578,3707.236742932236,True,wing_L,high
-0.0133790607423827,0.0043388778561829,-0.0028058216241971,0.001453897068505,0.0002566493965505,0.2676610143217447,0.2676610143217447,0.2676610143217447,False,0.2345616545297507,9.826601559706538e-05,3.577791772444795e-05,7.551401155813239e-05,2.7465549100393214,0.2315348180211802,0.4043726978472415,0.3640924841315782,-0.4484327061774358,0.3293937587821678,-0.8309078527163748,5608.387514801761,True,wing_L,high
-0.0135219657768377,0.0035523657276085,-0.0020532619984753,0.0009640621063571,0.0008264361151056,0.1734793394776246,0.1734793394776246,0.1734793394776246,False,0.3136377642716228,4.825007698523015e-05,2.022242948488168e-05,1.84471808730052e-05,2.6155799803447053,0.5808829591904697,0.0367926586401076,0.3823243821694226,-0.901602670101216,-0.192099200384686,-0.3875700226770915,1947.1036110488808,False,wing_L,high
-0.01460438348543,0.0018027583509287,-0.0027110787500691,0.0014212610165579,0.0005695633253327,0.397846824445712,0.397846824445712,0.397846824445712,False,0.1477531894464058,4.372350054531146e-05,0.0001109516297151,0.0001165339141536,2.6652466682728475,0.0479026597454554,0.5768975465904079,0.3751997936641366,0.1300708130653055,0.5067835024199355,0.8522042391724616,9339.149958719308,True,wing_R,high
-0.0138962655558718,0.0041949193906344,-0.0032475678163863,0.0013633755197227,0.0005455267895376,0.4671108727893592,0.4671108727893592,0.4671108727893592,False,0.7907218716009199,3.453948299053821e-05,8.043846404706348e-05,3.022723064563488e-05,2.6611258236016937,0.5706098643264792,0.0536093322515493,0.3757808034219715,0.8387402782768694,-0.4722409819924569,-0.2711147368234328,6579.5433082495565,True,wing_L,high
-0.0146229371444362,0.0033404938676634,-0.003164139548853,0.0010522522041545,0.0010258369204333,0.3407664088120868,0.3407664088120868,0.3407664088120868,False,0.159634503289411,6.352910398313145e-05,2.4269738757438023e-05,2.668648052458907e-05,2.6176261977134585,0.5799329936768038,0.0380414898940295,0.3820255164291666,0.7710268392825971,0.3929093860364298,0.501138531217032,3011.320041438589,False,body,high
-0.0132060150636465,0.0032202037754247,-0.0019702376797685,0.0009953383222904,0.0009632341755669,0.2530800439205983,0.2530800439205983,0.2530800439205983,False,0.3108770434400337,3.274620206405353e-05,7.929778876034591e-05,3.4253180946502186e-05,2.4215873524885323,0.5680436808897372,0.0190040467206853,0.4129522723895774,0.2795048513953839,0.9600549442751596,-0.0130974050584248,2681.2303902822864,False,wing_L,high
-0.0142375728297751,0.0020481958242641,-0.002842468173188,0.0010165246642595,0.0003718266835784,0.4189900503769592,0.4189900503769592,0.4189900503769592,False,0.0673643182068111,4.829514656864296e-05,3.521255204827994e-05,9.700662975135554e-05,2.754887791670133,0.5021459183518527,0.1348628908549438,0.3629911907932034,0.0368539206854275,0.5865477521492789,0.8090757214122424,4960.574524412805,True,wing_R,high
-0.0127116314658589,0.0029730205710053,-0.0019767983314868,0.0012938393351177,0.0012849678205466,0.1309715628289368,0.1309715628289368,0.1309715628289368,False,0.4425541286140488,0.0001609449864226,5.714694752078164e-05,0.0001318864874379,2.816335664544148,0.1805492648794889,0.4643794229224104,0.3550713121981006,-0.4319347026984963,-0.8956160803737623,-0.106321442713598,2862.841199460865,False,body,high
-0.014195641255876,0.0015534422677941,-0.0022638310421353,0.0015327463457011,0.000191405370155,0.4921678902513713,0.4921678902513713,0.4921678902513713,False,0.8524535587546509,6.976734860883793e-05,7.126296630503101e-05,3.062603594066589e-05,2.3268752914381112,0.0209873062228605,0.5492518021300603,0.4297608916470792,-0.1758388674156462,-0.6150464756034855,-0.7686341948896849,15720.886737113988,True,wing_R,high
-0.013582816748455,0.0038145728774413,-0.0031067643354576,0.0009625450131875,0.0001787205278565,0.2601283547767559,0.2601283547767559,0.2601283547767559,False,0.7103113971733933,0.0001042053083608,3.787766246819512e-05,4.190472474580087e-05,2.751101878272921,0.5978638189842083,0.0386454619342514,0.3634907190815403,-0.0071674318399367,0.3897059983728479,0.920911430460629,6788.890401317202,True,wing_L,high
-0.0150298781223898,0.0015832413901393,-0.0025626164848901,0.0018746084689302,0.0008841609396514,0.4405279466754421,0.4405279466754421,0.4405279466754421,False,0.1452365838205271,0.0001228990189257,4.7550798271611306e-05,0.0001269835880843,2.670482782624612,0.0321661186320607,0.5933697558148896,0.3744641255530496,0.0901184777987706,0.541273264904437,0.8360035362717815,6417.791719887816,True,wing_R,high
-0.0132867231354035,0.004102317551377,-0.0027898052398897,0.0012563944543107,0.0002575792054055,0.3802138318181822,0.3802138318181822,0.3802138318181822,False,0.1899051119183265,1.5028879133858751e-05,3.924263783384294e-05,1.6247613522460915e-05,2.6111486747825863,0.5859704031300125,0.0310563829516864,0.3829732139183012,0.7330286831103829,0.0749409792475624,-0.6760568018790094,6697.026432808116,True,wing_L,high
-0.0140626039520015,0.0045951778968827,-0.0032177066471802,0.0017551049534838,0.0007731273988395,0.3644080843847563,0.3644080843847563,0.3644080843847563,False,0.1216036634656993,9.89134050195629e-05,0.0001315858468442,4.569615439435723e-05,2.8795825072874712,0.2482975381341426,0.4044298980586869,0.3472725638071703,-0.5395724296476723,0.5583380155305062,-0.6301747801821043,6888.717136931713,True,wing_L,high
-0.0140648096023377,0.0052889811493908,-0.0029657006387453,0.002387999139433,0.000984313513426,0.3848936580815296,0.3848936580815296,0.3848936580815296,False,0.1605164496639785,9.848874413561936e-05,3.460694283243254e-05,4.782521676232348e-05,2.845924432345951,0.5144093146677962,0.134211011074416,0.3513796742577877,0.5373921253019848,-0.4474066060137227,0.7148685421521197,3871.383994900192,True,wing_L,high
-0.0134864904710332,0.0042607309056763,-0.0029229213306999,0.001363270745308,0.0001653585628937,0.4107202664709339,0.4107202664709339,0.4107202664709339,False,0.4291477186653769,0.0001172872248625,4.523201180243721e-05,0.0001105684608617,2.593013668611672,0.0572847043541848,0.557063645558135,0.3856516500876801,0.5579120252016079,-0.5864589741034789,0.5871967675566133,5315.591340291768,True,wing_L,high
-0.0148572924099927,0.0012183286263985,-0.0020766581234953,0.0021546809968344,0.0006591255237714,0.4703725591820754,0.4703725591820754,0.4703725591820754,False,0.1388134962562186,9.79300183174521e-05,3.696580408646888e-05,3.369480973090301e-05,2.9063828850660083,0.6225283654431707,0.0334013452847782,0.3440702892720511,0.1216783544228879,0.5305699602645897,0.8388622624303526,8052.8205129904,True,wing_R,high
-0.0138071905413607,0.0042515859822133,-0.0031784384729812,0.0013866186724194,0.0004481747989781,0.4222557889822008,0.4222557889822008,0.4222557889822008,False,0.0889135338681349,0.0001098066643365,4.629185354830277e-05,0.0001207932094837,2.609383730069937,0.0909533341664974,0.5258144150624756,0.383232250771027,-0.656940896638541,0.5880474258498379,-0.4718356528232357,7762.471361345232,True,wing_L,high
-0.0132756433719282,0.004135995592396,-0.0027571276759341,0.0012913819622134,0.0002935756091782,0.3454313293227213,0.3454313293227213,0.3454313293227213,False,0.169645174376096,2.400985152448915e-05,2.6181850384741485e-05,5.553528634009699e-05,2.31302081495394,0.5285546881958193,0.0391102486975768,0.4323350631066039,0.9925859270589612,-0.0990099275994024,-0.0704997279516998,7224.037443742527,True,wing_L,high
-0.0135156650694353,0.0036944153578475,-0.0018418107248517,0.001212919079904,0.0010609428022046,0.1671529109465935,0.1671529109465935,0.1671529109465935,False,0.1992057449461864,1.2930658512619047e-05,1.3350591009335027e-05,3.0105825447981408e-05,2.328251528613264,0.5565445952510768,0.0139485461855733,0.4295068585633498,0.6224837360938755,0.7807199820676198,0.054683707801739,1534.8078768764883,False,wing_L,high
-0.0138242424972745,0.0041995017360775,-0.003200168381159,0.0013450748328245,0.0004622765025167,0.4451663512559826,0.4451663512559826,0.4451663512559826,False,0.1639136316604527,8.430288671003985e-05,8.856166910324e-05,3.527506870908063e-05,2.5106023133115016,0.0480883257545147,0.553600880577414,0.3983107936680712,0.6821626585035143,-0.5770550461279328,0.4490674571617356,7731.139953893763,True,wing_L,high
-0.0149386773644019,0.0012216779502363,-0.0021153980033036,0.0021835739389286,0.0007187687334679,0.4523442698598553,0.4523442698598553,0.4523442698598553,False,0.1131141275958203,6.898946186996613e-05,3.113788841027769e-05,7.178648565038932e-05,2.305438464693539,0.0389630966759552,0.5272799346109676,0.4337569687130772,0.1049732730561066,0.4748457126095464,0.8737861072140137,7664.356206199317,True,wing_R,high
-0.0142949798808706,0.0030662255702768,-0.0031671117000286,0.000700677984774,0.0006977311296079,0.4486504805765225,0.4486504805765225,0.4486504805765225,False,0.0915120295471213,5.328281636370052e-05,3.303118359453886e-05,5.207712021290984e-05,1.61310648197632,0.0226282361382847,0.3574498856885918,0.6199218781731234,-0.578753565495211,0.6891208258084017,0.4360697167469063,7692.850656118526,True,body,high
-0.0124394096120652,0.0027501847318862,-0.0021252038902738,0.001459839086646,0.0014591479308311,0.2018822891039872,0.2018822891039872,0.2018822891039872,False,0.1653401199111054,3.838322409341873e-05,0.000103220190242,0.0001090102923767,2.840050437436137,0.0531151876437541,0.5947783895904755,0.3521064227657705,-0.869429688038772,0.489787279719473,-0.064810787541909,5479.418354246313,True,wing_L,high
-0.0124226430468158,0.0028330489256227,-0.0020863877626274,0.0014840604696046,0.0014792566418514,0.2375598345498584,0.2375598345498584,0.2375598345498584,False,0.0918057320209444,4.356375622659741e-05,4.997282145479648e-05,0.0001001699814579,2.299388072437179,0.5011197893078381,0.0639818949241433,0.4348983157680186,-0.7829078316384077,0.6032729970324088,0.152042817031198,4666.581630289631,True,wing_L,high
-0.0132711296805894,0.004308973261629,-0.0026822407161091,0.0014573980672519,0.0003835656117405,0.2915641416731054,0.2915641416731054,0.2915641416731054,False,0.1400298555736343,4.3522105877442726e-05,0.0001060168825815,4.372554379404682e-05,2.435931820028491,0.5875605589475038,0.0019189200026484,0.4105205210498477,-0.9776607866247068,0.2029344927771966,0.0547446612705028,5604.71468239093,True,wing_L,high
-0.0137305281787393,0.0050337148222918,-0.0028045863201632,0.0021022781952661,0.0006746510056607,0.3446904133686372,0.3446904133686372,0.3446904133686372,False,0.1372970444158165,4.2328063690718334e-05,0.0001038131574674,4.182192244550849e-05,2.4822665099313244,0.5922668694091322,0.0048755018877894,0.4028576287030784,0.1819577606021046,-0.2482036720603036,0.9514653490970906,5859.939901846989,True,wing_L,high
-0.0152196421674553,0.0012221461834536,-0.0021844780388921,0.0023309879369668,0.0009647201186455,0.3297310234857566,0.3297310234857566,0.3297310234857566,False,0.3461740403844953,0.0001254939513846,4.303073138038505e-05,8.464833703401599e-05,2.916379697925326,0.3254787493735636,0.3316303709815854,0.342890879644851,0.0978749830892753,0.3950064557561248,0.9134497181543484,4659.223389387394,True,wing_R,high
-0.0130816077718914,0.0031955544185608,-0.0018451967812279,0.0011569747911819,0.0011329106461426,0.2280329483892292,0.2280329483892292,0.2280329483892292,False,0.1708376874403047,2.483350574720333e-05,2.2334143034010187e-05,5.275182647331468e-05,2.36193644828838,0.5292389400058831,0.0473796431381856,0.4233814168559311,0.8458336563511563,-0.0167159208517151,0.5331847745141575,2526.225720346765,False,wing_L,high
-0.0141518685236659,0.0046674415886613,-0.0032572536854981,0.0018517704086197,0.0008822709295514,0.4722755269450938,0.4722755269450938,0.4722755269450938,False,0.1719340217844248,8.800498325640394e-05,3.422790649845276e-05,5.1179705635168656e-05,2.5711471211475385,0.4184453681894836,0.1926231732506164,0.3889314585598999,0.4423985152196928,-0.5862400197729754,0.6786797425501903,6761.8779481213,True,wing_L,high
-0.0140899613680852,0.0047072918778916,-0.0031841530294682,0.0018585988380648,0.0008220820544473,0.319558271816713,0.319558271816713,0.319558271816713,False,0.371669828013063,0.000100225069379,9.812577938004686e-05,3.8967041625778665e-05,2.5720471762164445,0.0209457575040973,0.5902588855339713,0.3887953569619313,-0.5553356938656483,0.5577382051599347,-0.6168714303837821,6442.347864043775,True,wing_L,high
-0.0148742163097312,0.0012158615447624,-0.0020838389318978,0.0021631925430893,0.0006702650718984,0.4867497988913297,0.4867497988913297,0.4867497988913297,False,0.2150777044951896,3.1985349257983855e-05,2.914143958804165e-05,7.445097835910405e-05,2.554814704132029,0.5703837617323587,0.0381984190486388,0.3914178192190025,-0.1229279270731846,-0.5655218164300106,-0.8155205698737411,8131.237005520825,True,wing_R,high
-0.0140671519636226,0.0045748585427468,-0.0032326556626576,0.0017407275845263,0.0007755436885737,0.3895502723971949,0.3895502723971949,0.3895502723971949,False,0.1282593975211817,3.971760169328974e-05,8.981812679747763e-05,9.93449181799128e-05,2.501281898818605,0.0958961118190488,0.5043088868768935,0.3997950013040577,-0.5194609558774754,0.5621000916572585,-0.643586670369859,6706.5699568653245,True,wing_L,high
-0.0140105757173574,0.0017181049010684,-0.0023977735342927,0.0012941056593379,0.0001190261303649,0.4340708889364845,0.4340708889364845,0.4340708889364845,False,0.1717204476138409,8.534682721817362e-05,2.943974081677677e-05,6.709876270096638e-05,2.899034599161185,0.2138106958628865,0.4412468876894648,0.3449424164476488,-0.2053130841169947,-0.5150318591992533,-0.8322191547303678,22614.680486572583,True,wing_R,high
-0.0137622710430495,0.0047743844876557,-0.0029468787882464,0.001852201834691,0.0005517665908448,0.4713349953869613,0.4713349953869613,0.4713349953869613,False,0.2489913934795913,4.59415520236424e-05,0.000130537684281,0.0001223102447813,2.841386033582061,0.0630273131090735,0.5850317720764314,0.351940914814495,0.5870317438619415,-0.5220284741225838,0.6187729825256228,5458.267031710337,True,wing_L,high
-0.0148755163006803,0.0017005448775518,-0.0026841821468688,0.0016749078972957,0.0007912921552795,0.4014090303175464,0.4014090303175464,0.4014090303175464,False,0.7918749868070128,6.955708178630201e-05,2.661074656261527e-05,7.835316567857741e-05,2.944418169336658,0.1122620102978218,0.5481123175017896,0.3396256722003886,0.0662887740143494,0.5889546898402376,0.8054428420160329,5889.109665772641,True,wing_R,high
-0.0134521201514086,0.0045264085400988,-0.0028218436378424,0.0016219348006276,0.0003131484027859,0.1976765632990384,0.1976765632990384,0.1976765632990384,False,0.5231860929579587,4.2554886984097735e-05,8.615651673634025e-05,3.519542974622109e-05,2.447946149758004,0.5060746581210337,0.0854196236878791,0.4085057181910871,0.5104169733616433,-0.466109451401874,0.7226454819745181,4075.719414375105,True,wing_L,high
-0.0137648719473896,0.0045862047199554,-0.0030046477649727,0.0016727214712604,0.0004802231972208,0.4096448159923415,0.4096448159923415,0.4096448159923415,False,0.2069637334896453,5.431652533627797e-05,2.268864568600273e-05,5.794489088263893e-05,2.5539158081342324,0.0626175231516065,0.5458268911806923,0.3915555856677012,0.6993666592169188,-0.5148452517212307,0.4958030281834393,10481.884838604095,True,wing_L,high
-0.0148322596299996,0.0014123704321528,-0.002326393354544,0.0019189601711402,0.0006368110772063,0.2964414754652092,0.2964414754652092,0.2964414754652092,False,0.7666388058181336,4.391502061782182e-05,0.0001179530157637,0.0001124857752383,2.6859378432319336,0.0463510024727822,0.5813395628469571,0.3723094346802607,-0.070720322044951,-0.4006590494932093,-0.9134938216042056,3790.0303895946568,False,wing_R,high
-0.0136556368886069,0.004197978417424,-0.0030890634207445,0.0013115777071171,0.000269598573472,0.4240275390416977,0.4240275390416977,0.4240275390416977,False,0.2809191978723491,3.2946114645993626e-05,1.4155873250759888e-05,1.4387121828933551e-05,2.3273812969627343,0.5633135505195881,0.0070189939134988,0.429667455566913,-0.1104402434657404,0.9797319611591648,0.1671174344778079,7272.566134904875,True,wing_L,high
-0.014339157302463,0.0015189495417664,-0.0023305336690576,0.0015921149419087,0.0002144210881059,0.3516658516559759,0.3516658516559759,0.3516658516559759,False,0.1217615067905896,9.91940130497952e-05,6.46550826194036e-05,3.43394960915928e-05,2.888627508837571,0.3481957163387787,0.3056191154660961,0.3461851681951252,-0.2285277837154867,-0.4140295711776477,-0.8811098491451228,15814.134372452952,True,wing_R,high
-0.013401316466304,0.0025083658555004,-0.001955798026726,0.0009688089805325,0.0008447876868244,0.2025541829318597,0.2025541829318597,0.2025541829318597,False,0.6533915501325909,5.511251464084966e-05,1.988837685256621e-05,2.013842276259738e-05,2.771091630523808,0.6345943767249066,0.004537007822282,0.3608686154528113,-0.0384616728343273,0.630490935802971,0.7752431099939419,2652.2203321194547,False,body,high
-0.0134595504604915,0.0033396007307665,-0.0029477998657436,0.0005315051737407,0.0001840716902755,0.1376459099557222,0.1376459099557222,0.1376459099557222,False,0.5038882397008149,1.7300245567178944e-05,1.8075221652041115e-05,3.972301856754573e-05,2.296095648659809,0.5449685773173132,0.0195094963275358,0.4355219263551509,-0.3538446571898508,0.8759105091174304,-0.3279858817020031,5323.10982507817,True,wing_L,high
-0.0136965886425614,0.0042148595426277,-0.0030979445447983,0.0013280759635537,0.0003141431809155,0.3839636164573776,0.3839636164573776,0.3839636164573776,False,0.15920590260875,0.0001056966602772,0.0001078713174,4.089244879047641e-05,2.6379275536363376,0.0201597345358151,0.6007547979267928,0.3790854675373921,-0.709252898599186,0.5399035760421733,-0.4532818708105652,7553.990810079969,True,wing_L,high
-0.0139598867135058,0.0016839291466312,-0.0023525544327258,0.0013299721595257,0.0001876500963333,0.5851902356041264,0.5851902356041264,0.5851902356041264,False,0.1249380208157403,8.1985945550254e-05,3.405852188927025e-05,8.115730415871442e-05,2.407207976224087,0.010107115140017,0.5744738558949053,0.4154190289650776,-0.4734292921632678,-0.6784425989515044,-0.5617653827441796,13859.256354824252,True,wing_R,high
-0.0137916548379966,0.0041862621837979,-0.0031834215821615,0.001325531291046,0.0004240017276848,0.3826296398639089,0.3826296398639089,0.3826296398639089,False,0.1670917951301097,7.604069070378138e-05,3.096952684618522e-05,7.629863883639492e-05,2.4636682121539506,0.0033807697823633,0.5907204184106223,0.4058988118070143,0.6709495473754389,-0.5853818410150151,0.4551426205999229,8094.199516412821,True,wing_L,high
-0.013315517185476,0.0040499394317571,-0.0027788276086183,0.0011969367943733,0.0002503844707003,0.2638531956098039,0.2638531956098039,0.2638531956098039,False,0.2042499293203763,1.9745238112689747e-05,4.290570854311453e-05,4.897023937200158e-05,2.480103764387105,0.1238411514148001,0.4729499125884736,0.4032089359967262,-0.6336062480896303,0.2239675870633943,-0.7405279483765506,6286.112853191342,True,wing_L,high
-0.0141727139387644,0.0047380190052514,-0.0032483543358596,0.0019203335032456,0.0009172598147902,0.4374507410411333,0.4374507410411333,0.4374507410411333,False,0.1602561178256115,8.234961976824113e-05,4.503517761828695e-05,3.076482109184353e-05,2.67674625905996,0.4531222154391152,0.1732898896996111,0.3735878948612736,0.4430845208480776,-0.5401286298693874,0.7154978480612277,6038.666875137924,True,wing_L,high
-0.0147256395398859,0.001776481939304,-0.0027001864708458,0.0015181697623957,0.0006717664639832,0.4016860183799453,0.4016860183799453,0.4016860183799453,False,0.1623044936690531,7.07845661088935e-05,2.8827267855258e-05,7.187410060010859e-05,2.493267865723148,0.0151589304369457,0.583761019662375,0.4010800499006792,0.1776672028805089,0.5128561268252604,0.8398886582151283,17318.584773413782,True,wing_R,high
-0.0138961028318376,0.0043279869796782,-0.0032295088624048,0.0014816143508571,0.0005617087102022,0.44104552434769,0.44104552434769,0.44104552434769,False,0.122905433502913,8.356200225183501e-05,7.507957063787852e-05,3.408185104512318e-05,2.4518035168102177,0.1015106314517519,0.4906263431696915,0.4078630253785565,0.6201780415402658,-0.6066261618053965,0.4973770165624195,8794.375563331168,True,wing_L,high
-0.0138574540329683,0.0046564682031755,-0.0030835512276108,0.0017587845251819,0.0005807166584043,0.3900788507335291,0.3900788507335291,0.3900788507335291,False,0.1715692070534469,3.693835193474471e-05,9.238494881096772e-05,9.89367547406672e-05,2.678429046196995,0.0662221633090054,0.5604246573637827,0.3733531793272119,-0.6496048436412729,0.560368110083798,-0.5138104011392816,9023.20404487233,True,wing_L,high
-0.0125235693080043,0.0029142466155795,-0.0023042418008773,0.0013006846158341,0.0012829451600491,0.2173984630763615,0.2173984630763615,0.2173984630763615,False,0.121964787736325,6.743568316860726e-05,2.7423798488483366e-05,2.5894819150220565e-05,2.60421525933047,0.5933340154660178,0.0226731496801173,0.3839928348538649,0.926313105726135,-0.2213165196404163,0.3048983901142397,6884.508984926478,True,wing_L,high
-0.0138264668119656,0.0030432161855854,-0.0034044440616606,0.000661819985207,0.0006253302356188,0.3734732621228014,0.3734732621228014,0.3734732621228014,False,0.2870655779604826,6.179352965358324e-05,6.28315567810951e-05,4.1103738394089954e-05,1.528609300173272,0.0165207927463638,0.3292898078520708,0.6541893994015653,0.2047947975850039,0.5562122439337314,0.805411094150261,3932.648746880194,True,body,high
-0.0146894083878478,0.0017573180087281,-0.0026891275249532,0.0015102862022227,0.0006310391106821,0.3570303084732873,0.3570303084732873,0.3570303084732873,False,0.1146946524281214,0.0001061499704351,4.0529437624006326e-05,0.0001040258374865,2.619083230810104,0.0200106786645709,0.5981763311118645,0.3818129902235645,0.1513472276643452,0.4828185027613549,0.8625429323051697,16526.63902925659,True,wing_R,high
-0.0139493735261327,0.0043508980072738,-0.0032426690971978,0.0015137574898725,0.0006196834039606,0.40856573365522,0.40856573365522,0.40856573365522,False,0.1691020594204115,6.952445271901399e-05,2.622440706962994e-05,4.212919913864446e-05,2.651135353963032,0.3940376732067004,0.2287654407477957,0.3771968860455038,0.533619856245809,-0.6653024369354006,0.5221326617134946,8469.64807649124,True,wing_L,high
-0.0147098255402976,0.0017489494613669,-0.002686888861024,0.0015297335225951,0.000647545476165,0.3653796401695944,0.3653796401695944,0.3653796401695944,False,0.1308583657702628,9.192714711929136e-05,3.584765963287475e-05,8.708875916233757e-05,2.5643835067823484,0.0526328523028693,0.557409874397262,0.3899572732998687,-0.1545076907814641,-0.4951487568574597,-0.8549591113450348,16833.383963544857,True,wing_R,high
-0.013894866934314,0.0046659975862452,-0.0031036897640685,0.0017747712105585,0.0006189944355536,0.4104112138056884,0.4104112138056884,0.4104112138056884,False,0.1570592204578735,4.658849894438004e-05,6.648263013178593e-05,2.4669546746957903e-05,2.694927102379137,0.299238028759851,0.329694420241393,0.3710675509987559,-0.6717801137000683,0.5663834184557195,-0.4774110410699945,7696.917034312418,True,wing_L,high
-0.0144534285028582,0.0019036810661291,-0.0028136247040453,0.0012513403367008,0.0005033943064986,0.2604382397429143,0.2604382397429143,0.2604382397429143,False,0.5741365981125689,2.232579519104013e-05,6.594607363110975e-05,5.9159980513987136e-05,2.953806261627602,0.1029036717952728,0.5585500894107918,0.3385462387939355,-0.0460061952719266,-0.6259002624585662,-0.7785449835757079,5469.234137095049,True,wing_R,high
-0.0129984626426308,0.0025929060022358,-0.0024579271443285,0.0008708951222184,0.0008514491799526,0.1430924535014538,0.1430924535014538,0.1430924535014538,False,0.4301954099136572,9.14812102623396e-05,0.0002128603942446,0.0001377547505467,2.326820924583783,0.3528399163423789,0.2173891505210807,0.4297709331365403,-0.1765749901550013,0.9595233621255506,0.2193996134614653,7115.279867277583,True,wing_L,high
-0.0125552378758492,0.0029062260656232,-0.0024474124650704,0.0012274559744542,0.0012061258070479,0.4390186110052883,0.4390186110052883,0.4390186110052883,False,0.3325924756255057,5.06271201680071e-05,2.8997945532131565e-05,2.1351566131608348e-05,2.3711197509329267,0.4272250636437287,0.15103326784436,0.4217416685119113,0.7025510173831411,-0.7080844557252309,0.0709821916695796,5676.034880214382,True,wing_L,high
-0.0138709875211202,0.0044195838971565,-0.0031552533122289,0.0015451976205205,0.0005380729669716,0.3439027204218318,0.3439027204218318,0.3439027204218318,False,0.1656962667452359,4.733439284072512e-05,0.0001203783489781,0.0001124798752794,2.543147630163968,0.0656137400602916,0.5411727523402594,0.3932135075994489,0.6108565914940567,-0.5847868664471016,0.5337401478802609,7789.392643641968,True,wing_L,high
-0.0143285477568862,0.0015020275515728,-0.0023111516780153,0.0016085143981849,0.0002100945294086,0.3556707827639164,0.3556707827639164,0.3556707827639164,False,0.0862430649271387,9.589708907532976e-05,4.122036549075028e-05,9.95404698318312e-05,2.414837147772689,0.0366020048193136,0.5492913955193618,0.4141065996613245,-0.1935399868009865,-0.4449454239477455,-0.8743945580897875,14906.712211085143,True,wing_R,high
-0.0141853976550377,0.0015578266935297,-0.0022811560921654,0.0015202835954863,0.0001740079098223,0.45375731924359,0.45375731924359,0.45375731924359,False,0.1090994722177564,6.731604108037511e-05,2.458532405135161e-05,6.374126638368608e-05,2.738057913728183,0.0531043513450347,0.5816732788189729,0.3652223698359924,0.1755268723723315,0.5625183963571634,0.8079377270773735,15415.660464864564,True,wing_R,high
-0.0151510985819077,0.0012876834890054,-0.002219020149802,0.0022310329836668,0.0009148020551836,0.3019546703406127,0.3019546703406127,0.3019546703406127,False,0.2771342411723472,0.000126887591306,0.0001164339352052,4.526774301939184e-05,2.8030465590411966,0.0823851725234005,0.5608601396978643,0.3567546877787351,-0.096134808344506,-0.3994637512322528,-0.9116944718906774,5195.690737333594,True,wing_R,high
-0.0127480242902159,0.0028448524161166,-0.0023166393915049,0.0010913821590251,0.0010875381185154,0.1277653043141882,0.1277653043141882,0.1277653043141882,False,0.8939399163529392,9.853684608540122e-05,6.356983087431576e-05,0.0001701263132386,2.6762115125802444,0.4208018488757158,0.2055356078988202,0.373662543225464,-0.0311430042599029,-0.6333261264618715,-0.7732581269061901,6704.0565902345015,True,wing_L,high
-0.0145450818040241,0.0016814057054818,-0.0025446018902943,0.0015010806727052,0.0004400421742505,0.316163307985893,0.316163307985893,0.316163307985893,False,0.2033028741262546,0.0001099131112104,4.257733558009213e-05,8.957749589233715e-05,2.5814934098834432,0.1850153734538423,0.4276119545217302,0.3873726720244275,0.1313296449343149,0.3805876161985561,0.9153718319665116,8692.490233773762,True,wing_R,high
-0.01401082721782,0.0031901992083596,-0.0019639294883635,0.0008765129160522,0.0008764874352624,0.2301647148324972,0.2301647148324972,0.2301647148324972,False,0.1761308618414908,2.8129772141417964e-05,3.0660285991127855e-05,7.258967938167594e-05,2.580528523897842,0.5776219670303774,0.0348605183445496,0.387517514625073,-0.7407321465873722,0.6583374337781476,0.1338196932385789,2718.141175452232,False,body,high
-0.0146849280798412,0.0017875748161138,-0.0026955018787449,0.0014837457665883,0.0006347013398957,0.4426096111258772,0.4426096111258772,0.4426096111258772,False,0.1493472175876907,4.138292086237435e-05,0.0001078728090848,0.0001048439719253,2.6066987742031,0.0280778556264245,0.5882951561322078,0.3836269882413676,-0.1130653136794386,-0.5280471867197815,-0.8416545630125787,15726.667729742743,True,wing_R,high
-0.0148018607890978,0.0012258928010329,-0.0020817623680306,0.0021188096778554,0.0006122107702941,0.4677808897366378,0.4677808897366378,0.4677808897366378,False,0.1936190605548952,2.9436147317749587e-05,2.6882501860187387e-05,7.993405918031738e-05,2.973460565391,0.6317446202582213,0.0319469007798242,0.3363084789619544,-0.1137535815774842,-0.5370775218428867,-0.8358276486270348,6850.308368093775,True,wing_R,high
-0.0143093946896744,0.002986023227899,-0.0033098022646932,0.0007932560280821,0.0007931233381568,0.2863785707025092,0.2863785707025092,0.2863785707025092,False,0.6435536558055566,0.0001035227897311,0.0001464511963457,0.0001068359014527,1.4146759059140093,0.2705016816620786,0.0226226333704099,0.7068756849675114,0.7783343387416689,0.0178557827817995,-0.6275960708583334,5093.755320707104,True,body,high
-0.0139274005927578,0.004393542137732,-0.0032056823958751,0.0015398593039976,0.0005970149155168,0.3873947307318895,0.3873947307318895,0.3873947307318895,False,0.1439919726215224,3.794842109821621e-05,9.049927325165552e-05,9.685789091290032e-05,2.5523562801787607,0.0656489378543541,0.5425562301443853,0.3917948320012606,-0.5422691760361713,0.588751211644311,-0.59942985536959,8292.03314121159,True,wing_L,high
-0.0141804715710402,0.0030842979475299,-0.0022679112691389,0.0006742097922821,0.0006700183715737,0.1973791208111739,0.1973791208111739,0.1973791208111739,False,0.3513422659732727,0.0001088345333639,0.0001092144013836,3.961621918776712e-05,2.756810307060391,0.0034781861626989,0.6337837620246946,0.3627380518126065,-0.1947415006927523,0.6608413383226677,0.7248203042629534,4291.9614923871,True,body,high
-0.0146199020915953,0.0018130113861634,-0.0026996857288215,0.0014230621152813,0.0005811285868468,0.4386191107706337,0.4386191107706337,0.4386191107706337,False,0.1430253661538246,0.0001123722821613,4.196207155096606e-05,0.0001084383529266,2.677948871633657,0.0350080033881247,0.5915718725039942,0.373420124107881,0.1318742883096033,0.5147576578905291,0.8471326494274037,10040.267911625226,True,wing_R,high
-0.015238540141949,0.0013711638418866,-0.0023598519357507,0.0021982005089674,0.0010140284117008,0.3482718798605874,0.3482718798605874,0.3482718798605874,False,0.5648170150328383,7.37182463004339e-05,2.829729164740726e-05,6.811837563154101e-05,2.6051343435614034,0.0759631563408464,0.540179480421245,0.3838573632379085,0.0831634146506674,0.4648578046062332,0.881470968302595,4532.234514714101,True,wing_R,high
-0.0144143943106875,0.0014931113011753,-0.0022878821576788,0.0016559529146465,0.0002872853642081,0.3374257210892841,0.3374257210892841,0.3374257210892841,False,0.1889838120290791,3.731070011663501e-05,0.0001023940715594,9.834940936633792e-05,2.7443621062956183,0.039500941133748,0.5961156570892121,0.36438340177704,-0.1886941363073311,-0.4422551223395515,-0.8768152198084032,10632.053849736743,True,wing_R,high
-0.0139793922010627,0.0016909428762013,-0.002360105429941,0.0013244495785568,0.0001684242390792,0.5308976749313766,0.5308976749313766,0.5308976749313766,False,0.1397939338805268,6.970470047393884e-05,2.6839952260713423e-05,6.0916439621877866e-05,2.597050091477549,0.1260784537098287,0.4888692890073452,0.385052257282826,-0.3228344680079792,-0.6175528402357577,-0.7172213018188697,16659.74232404349,True,wing_R,high
-0.0140003953260191,0.0032117850901123,-0.0033483651903136,0.0007027910832029,0.000627053463697,0.4090117208383382,0.4090117208383382,0.4090117208383382,False,0.1018464828120825,3.747202199986669e-05,3.581973973850168e-05,5.186904496677695e-05,1.4480575611504038,0.277564836139393,0.0318548811227068,0.6905802827379002,-0.3645753730509136,-0.7694654394717824,-0.5244117988978549,3953.240166520935,True,body,high
-0.0136849722067769,0.0029275936315103,-0.0031254444640549,0.000372510743757,0.000362049705695,0.2102874858464182,0.2102874858464182,0.2102874858464182,False,0.4212729683266479,8.711392825543158e-05,0.0002337864244175,0.0001629201334445,2.6836859397741546,0.3031240635530636,0.3242540937867051,0.3726218426602313,-0.3916446236422177,0.9150605691890688,0.0963257156086718,8679.115447403174,True,body,high
-0.0143681026264538,0.0015347718460942,-0.0023557745925683,0.0015826631803694,0.0002345220160406,0.3602782576974006,0.3602782576974006,0.3602782576974006,False,0.1373004473546428,3.6820704842073646e-05,0.0001017193416957,6.037538323845259e-05,2.762558243574673,0.4064512979343772,0.2315653837678598,0.361983318297763,0.2298602699472685,0.4213704466645975,0.8772748731027501,14983.814835580642,True,wing_R,high
-0.0125359639934564,0.0028073721910552,-0.0022838267109496,0.0013022491539591,0.0012979317499495,0.2379366903147259,0.2379366903147259,0.2379366903147259,False,0.2079040539960267,0.0001447289075102,6.380762105117694e-05,8.013250586223888e-05,2.268207231768141,0.4463268793997421,0.1127962968276489,0.4408768237726089,0.8427710024509907,-0.5380047905719643,0.0169671078669605,8486.771836131265,True,wing_L,high
-0.0126011927781466,0.0028983852369594,-0.0023382998274934,0.0012164115503311,0.0012021779320892,0.198421766863886,0.198421766863886,0.198421766863886,False,0.076076954819388,9.706094992762152e-05,5.837441272606746e-05,6.701307037543846e-05,1.6627310733402605,0.3095774312387196,0.0890024016436358,0.6014201671176446,0.3236473365247604,-0.8448182401910136,0.4260687064324105,8056.072978443866,True,wing_L,high
-0.0147265624364335,0.0017550633909153,-0.0026957280395182,0.0015352989911395,0.0006671111005195,0.4027170290340365,0.4027170290340365,0.4027170290340365,False,0.1286015195472605,7.536084552134789e-05,3.003330243549065e-05,7.068944742935505e-05,2.509242720916806,0.0619870711332391,0.5394863169674431,0.3985266118993177,0.1901622966773806,0.5212144880053313,0.8319698061923426,16812.777769162276,True,wing_R,high
-0.0137712795410776,0.004034265996287,-0.003262086551332,0.0012126307604858,0.0004279518587661,0.4003345970956253,0.4003345970956253,0.4003345970956253,False,0.1032721147876343,7.869171950110291e-05,7.573730187098875e-05,3.330136405287661e-05,2.3630179044964805,0.037544199680028,0.5392681477435167,0.4231876525764552,0.6906664370328913,-0.5521051079682818,0.4670758209451898,16105.07168136018,True,wing_L,high
-0.01349013011894,0.003662117885399,-0.0030415982290036,0.0008231417969468,0.0001256817869153,0.2208191189434425,0.2208191189434425,0.2208191189434425,False,0.8373170044917456,2.770007899874305e-05,7.610685593824715e-05,2.709747836705452e-05,2.808632408791916,0.6360370080033421,0.0079178232270885,0.3560451687695695,0.7208582634585338,-0.6888333053594184,0.0766292465783444,5142.824154230643,True,wing_L,high
-0.0136148652535551,0.002931119341599,-0.0029483304798674,0.0002296891983386,0.0002178221713115,0.2168114807557652,0.2168114807557652,0.2168114807557652,False,0.7293186492200093,0.0001604842588979,8.04964025365107e-05,5.832160562679297e-05,2.7517119457400576,0.4984155886112236,0.1381742799074975,0.3634101314812789,-0.6051230220151862,0.1871319541018033,-0.7738266989328095,24409.448774660887,True,body,high
-0.013311888804264,0.0043140241866178,-0.0027650956257907,0.0014476097091309,0.0002955485354123,0.2273409448261681,0.2273409448261681,0.2273409448261681,False,0.131683726474765,2.6062447269153093e-05,5.88778252894392e-05,6.972138784233193e-05,2.6751665767340485,0.1555270611855057,0.470664440795339,0.3738084980191553,0.3077906461705172,-0.2190810289800461,0.9258879094528558,6686.985750906562,True,wing_L,high
-0.012855427107534,0.0030607693448287,-0.0025368920309412,0.0009232155426794,0.0008689484183114,0.177089171457253,0.177089171457253,0.177089171457253,False,0.0892561753715667,0.0001544488422233,9.27497175313258e-05,7.563285899416671e-05,2.042086525318929,0.3994793603100703,0.1108254247215913,0.4896952149683383,0.2298886154506136,-0.8595771571455624,-0.4563752133932701,7222.71775144601,True,wing_L,high
-0.014223263348275,0.0031301885688223,-0.0029290745446333,0.000547501953535,0.0005393610720873,0.0969524820405283,0.0969524820405283,0.0969524820405283,False,0.6774039970479132,0.0002057318583386,0.0002227136666901,9.11971518542066e-05,2.442112085322392,0.0762495117781507,0.5142688735121025,0.4094816147097467,-0.3742067350498405,0.8476533677438066,0.3761024961309367,5489.838724905521,True,body,high
-0.0143231453029795,0.0030417596893303,-0.0032076471312571,0.0007427946153175,0.0007416016923297,0.190185384286416,0.190185384286416,0.190185384286416,False,0.648857867400267,9.273786558349196e-05,0.0001216912114625,8.998110890533364e-05,1.35240844376048,0.2379247073888623,0.0226537039530397,0.7394215886580979,0.209235777415639,0.1596198881157286,0.9647496466789688,7266.174321755098,True,body,high
-0.0145983241794175,0.0018915841912305,-0.0027822509514506,0.0013473380231953,0.0006084137601852,0.2718131029567507,0.2718131029567507,0.2718131029567507,False,0.2553501426278798,2.2352127047525954e-05,6.02632670629227e-05,5.717491264352645e-05,2.696086459010752,0.0512477097561207,0.5778443037222156,0.3709079865216637,-0.0611204844724828,-0.592069443565213,-0.8035658407213613,6976.7811302199625,True,wing_R,high
-0.0142087778605793,0.0034048361022738,-0.0030391287781072,0.0007212678312056,0.0006134955928468,0.1533822485372598,0.1533822485372598,0.1533822485372598,False,0.1613739368856243,7.925348532206668e-05,4.52161834374383e-05,8.094504829674203e-05,1.7901786958366055,0.0208976708306372,0.4204988767175564,0.5586034524518063,0.6665034149727426,-0.7408006501559594,-0.0835918330830234,3496.078829572247,False,body,high
-0.0132204827492289,0.0023854601295178,-0.0025473906390889,0.0007845066272236,0.0006633382728815,0.2515209677620485,0.2515209677620485,0.2515209677620485,False,0.1261183964202538,0.0001268841425839,0.000105446116419,8.314181596255384e-05,1.5261170460978488,0.1689574893150585,0.1757847750106596,0.6552577356742818,0.1926148145054716,-0.981182556753329,-0.0134284606721259,3887.441127452712,False,body,high
-0.0130354846444312,0.0027561508443204,-0.0020334226406078,0.0010272128272436,0.0010192796473759,0.1715937323346582,0.1715937323346582,0.1715937323346582,False,0.3039174070497701,8.63238853906683e-05,6.700987501941826e-05,3.662933573121505e-05,2.3566871652849604,0.2237388908509197,0.3519366528824869,0.4243244562665934,0.4404075396102165,0.894351435352706,-0.0785920424536101,3877.306150508653,False,body,high
-0.014489482422205,0.0031722445994631,-0.0026506040138233,0.0007917985958364,0.0007917838045954,0.2739091897528029,0.2739091897528029,0.2739091897528029,False,0.2898534571710435,1.967606323168544e-05,1.8623717558929584e-05,4.266582429831432e-05,2.2909402574061897,0.5388331631867048,0.0246648386633288,0.4365019981499663,0.5636371438812192,-0.806192780442033,-0.179906561304934,2412.7281655759984,False,body,high
-0.0143761365103902,0.0015426793940828,-0.0023470595003105,0.0015811324725698,0.000247128238331,0.3667047641078986,0.3667047641078986,0.3667047641078986,False,0.122043244059142,3.907913408240469e-05,0.0001093065131985,6.840513843893441e-05,2.7970556606527897,0.3741897309024132,0.2682914631376741,0.3575188059599126,0.2161574831325957,0.4306170479630495,0.8762675963935732,14879.956402719848,True,wing_R,high
-0.0125443727400554,0.0028232596554898,-0.0023696214774134,0.001264126413714,0.0012567366881867,0.2510992013762038,0.2510992013762038,0.2510992013762038,False,0.0976546664368352,6.876592958157525e-05,4.161817189532069e-05,2.810649625193639e-05,2.446620488202532,0.3947850025651129,0.1964879370583618,0.4087270603765252,0.772737664664225,-0.628846438929439,-0.0861896621123632,8273.692672087504,True,wing_L,high
-0.0136676640526108,0.0028277113063796,-0.0030534592798079,0.0003226716608517,0.0003222399372576,0.1703164951236259,0.1703164951236259,0.1703164951236259,False,0.5670501791686746,0.0002490377873814,9.772980115339989e-05,0.0001330636345968,2.5482277098928443,0.4656889783834378,0.1418814141220063,0.3924296074945559,0.2861697002982363,-0.8843193086788816,0.3688987163557524,11348.807026049064,True,body,high
-0.0130163089273586,0.0032302246879871,-0.002716711605288,0.0007862039906869,0.0006333508487247,0.1791674688721768,0.1791674688721768,0.1791674688721768,False,0.2042682977298816,4.01834425088485e-05,9.325393858676084e-05,4.231950671208051e-05,2.320705563397812,0.5461906772687394,0.0229058872537021,0.4309034354775584,-0.2001547038734656,-0.2931533738859333,-0.93487924027471,4924.942519188962,True,wing_L,high
-0.0140388270427446,0.0017733925227758,-0.002466434100747,0.0012307727801859,4.757270596973856e-05,0.3114364272961866,0.3114364272961866,0.3114364272961866,False,0.1707177946773097,7.337729336151807e-05,2.530370040204509e-05,5.983057304299893e-05,2.8998641382739256,0.1846173345721085,0.4705389236810019,0.3448437417468895,0.147386229051564,0.4678897378495277,0.8714106338007703,18279.395057738704,True,wing_R,high
-0.0130161073920296,0.0026737926851139,-0.0028453599843244,0.0007760231059859,0.0007753994658517,0.4146988413832991,0.4146988413832991,0.4146988413832991,False,0.1857373890737964,0.0001182171534613,0.0001934652497645,7.658827878477591e-05,2.526042533325971,0.3889489011321135,0.21517494602919,0.3958761528386965,-0.4255960379710988,0.7083643320019528,0.5631056611424984,6577.770878930516,True,body,high
-0.0137285492585844,0.0029669355980208,-0.0029918426317668,0.0002374019825735,0.0002215407285922,0.2657376257615804,0.2657376257615804,0.2657376257615804,False,0.4000248010221688,0.0001030865973606,8.29069734804092e-05,4.548797261185947e-05,2.2662385558542253,0.1957540979806677,0.3629860896236929,0.4412598123956393,-0.6572081346523193,0.169344144612145,-0.7344385804356952,27478.419939313204,True,body,high
-0.0133134887976537,0.0041909107143047,-0.0027835663160415,0.0013302958912999,0.0002599119930056,0.2114318575662631,0.2114318575662631,0.2114318575662631,False,0.1709935702288149,2.8439108544994712e-05,6.483779191347017e-05,6.420463043068691e-05,2.279881305382254,0.0097653153214756,0.5516153593481928,0.4386193253303315,0.3501360328906561,-0.2676697706827603,0.8976400460843043,7709.37160564779,True,wing_L,high
-0.0132921359613016,0.0042877453297138,-0.0027748477917182,0.0014287333481315,0.0002866784964732,0.3877522081775223,0.3877522081775223,0.3877522081775223,False,0.0511705022200071,2.939502179138547e-05,1.2632589825223956e-05,1.4285565132940315e-05,2.326919673485428,0.5140141336065668,0.0562331717066725,0.4297526946867606,-0.2880914645670273,0.9572495030669796,-0.0260133988868412,7240.998997231592,True,wing_L,high
-0.0127679689558603,0.0030351582489146,-0.0023048132908241,0.0010795610895453,0.0010470713004999,0.1494488784936692,0.1494488784936692,0.1494488784936692,False,0.1243580121858959,0.0001084662785373,4.661249746091415e-05,5.392184951681027e-05,2.3269784810020453,0.5028699219337326,0.0673882441111122,0.4297418339551551,-0.85991211472177,-0.4260297370413854,0.2811579949266627,4625.478255539124,True,wing_L,high
-0.0137046857361954,0.0039678859033319,-0.0032391914525488,0.0011430556130034,0.0003592750998624,0.355265410183932,0.355265410183932,0.355265410183932,False,0.139862641847404,7.212417364563824e-05,3.2182489036773084e-05,2.881652055558325e-05,2.502875859232216,0.553790533602608,0.0466690751664977,0.3995403912308942,0.7812456160655584,-0.5368831749784018,0.3184521059805647,12507.29708716935,True,wing_L,high
-0.0139454780592403,0.0016796523859845,-0.0023419855906852,0.001334966750531,0.0002055479010351,0.6445025207817263,0.6445025207817263,0.6445025207817263,False,0.2339483698637751,6.976495337812932e-05,2.975616029010544e-05,7.49598769091945e-05,2.519138093704928,0.06930272227312,0.5337361097389483,0.3969611679879317,0.6367285998450085,0.6958803887437126,0.3321553472417906,11401.707153121291,True,wing_R,high
-0.0141626681287642,0.0028120709335022,-0.0031836459986561,0.0006103064589532,0.0005948903968888,0.2512582297001282,0.2512582297001282,0.2512582297001282,False,0.2375172278693207,7.68200935325127e-05,0.0002009421293769,0.0001201143652488,2.615749605823323,0.4022439912362516,0.2154564194705889,0.3822995892931594,-0.283407806426855,0.8889718647570286,0.3597346785156098,4635.740967978789,True,body,high
-0.0143790839612894,0.0030428428497252,-0.0031547460308306,0.0007584368991311,0.0007582418273084,0.151896011319209,0.151896011319209,0.151896011319209,False,0.888621084212956,0.0001294928076286,5.264482926806302e-05,0.0001541565933963,2.9282380727542434,0.1599917669711749,0.4985059455937671,0.341502287435058,0.1255294805748022,-0.5529145727103768,-0.8237280041318992,7375.779655765626,True,body,high
-0.0129674475002967,0.002627587199182,-0.0027376743400638,0.0008330315106299,0.0008287864503135,0.2366524415990334,0.2366524415990334,0.2366524415990334,False,0.2226075189201832,0.0001176917691299,4.837969056264035e-05,0.0001092733690097,2.432668910472002,0.071529217229956,0.5173996354818692,0.4110711472881748,0.791962416831394,-0.6088528050576676,0.0457579730755976,6625.416230042578,True,body,high
-0.0143809135149152,0.0030421084387657,-0.0031492195692449,0.0007569912441632,0.0007568451063899,0.133003486790976,0.133003486790976,0.133003486790976,False,0.9022138222124796,0.0001428693484493,0.0001503059246446,5.972527805251687e-05,2.516621597181671,0.0494762679042885,0.5531656226684197,0.3973581094272917,0.081031416414213,-0.5869799385118789,-0.805536132857178,7336.253003087287,True,body,high
-0.0127368230918379,0.0028380524082384,-0.0023174030716137,0.0011018531849357,0.0010983122949629,0.1317448124124254,0.1317448124124254,0.1317448124124254,False,0.916031835803464,0.0001564330079215,6.400441400422045e-05,8.465027450286742e-05,2.4440971822857804,0.4588720396828955,0.1319789267812223,0.4091490335358821,0.0767385964511309,-0.6589296359855941,-0.7482799761015946,6861.472022548524,True,wing_L,high
-0.0140231630404404,0.0017566962821766,-0.0024352509134681,0.0012505425155634,8.172306914930269e-05,0.3899508193133005,0.3899508193133005,0.3899508193133005,False,0.0934244519961883,3.499761870621422e-05,9.4875353129256e-05,8.634817464455853e-05,2.7109088171307443,0.0898776995652416,0.5412423168363388,0.3688799835984195,0.1816112589267978,0.4883019787232122,0.8535681157388784,26084.92933612181,True,wing_R,high
-0.0131278402159389,0.0028749620569141,-0.002606263189303,0.0006356546882373,0.0006307539148622,0.2106746823195975,0.2106746823195975,0.2106746823195975,False,0.0345675613232457,6.967731791376345e-05,4.66992617383719e-05,2.7847984182426348e-05,2.502059662822337,0.3297781381859514,0.2705511365876187,0.3996707252264298,0.7560865322938701,-0.6514995319392282,-0.0623018103011219,5495.728572231078,True,body,high
-0.0141247430619397,0.0027919135181309,-0.0032193573050126,0.0006156362005024,0.0006000272232039,0.2709836436368613,0.2709836436368613,0.2709836436368613,False,0.2550136575278736,0.0001496695430882,5.972015201077116e-05,0.0001035314287063,2.50618154925703,0.3082665546366404,0.2927200537371803,0.3990133916261792,0.2055939418666622,-0.8915342974100093,0.4036059063113042,4229.190938539058,True,body,high
-0.014965571659363,0.0012118277743645,-0.0020995732890657,0.002210749843915,0.0007445208788421,0.4780298768064716,0.4780298768064716,0.4780298768064716,False,0.0782376961046345,5.754332880982161e-05,2.303526087748229e-05,6.274544966679398e-05,2.723887087735554,0.0829083365343291,0.5499692506084886,0.3671224128571823,0.1553248819320306,0.4567592811915316,0.8759253050906775,7117.372312755589,True,wing_R,high
-0.0137818031316631,0.0040244853324518,-0.0032836561876252,0.0012132420798362,0.0004490609032631,0.4167256118053421,0.4167256118053421,0.4167256118053421,False,0.1206005389917721,4.251699886910491e-05,7.49994913425207e-05,2.931973688139956e-05,2.5579865073789376,0.433102836992175,0.1759646865794569,0.390932476428368,0.7122350474505466,-0.5513045269734531,0.4344934472712964,16805.670689503568,True,wing_L,high
-0.0132307808630197,0.0037544323620384,-0.0029657900639406,0.0009908457689683,0.0002685604368462,0.8452724169042883,0.8452724169042883,0.8452724169042883,False,0.6993696150771614,2.2693644517272256e-05,5.212109194804796e-05,1.9850043532185565e-05,2.625741946789032,0.5645976768888055,0.0545575865509699,0.3808447365602245,0.9695840527271522,0.047772721254699,0.2400511024784338,3402.6241726914814,False,wing_L,high
-0.0136936638152738,0.0029180191260635,-0.0028907689069859,0.0001427108023877,0.000140019667977,0.1230308068100668,0.1230308068100668,0.1230308068100668,False,0.9456338349876764,9.820376252089818e-05,4.764985057722831e-05,3.766958988869118e-05,2.606977214540369,0.5147858966494464,0.1016280887039668,0.3835860146465867,0.3011423617194184,-0.8720389468023071,-0.3858255476740406,25795.27870588943,True,body,high
-0.014939328186965,0.0015924152630739,-0.0025384644595675,0.0018095758538784,0.0007956949459083,0.3106483812520242,0.3106483812520242,0.3106483812520242,False,0.0806870691201745,3.875073042655959e-05,9.96279380229024e-05,9.03871438913774e-05,2.570995099349607,0.0927530401101017,0.5182925039856559,0.3889544559042424,-0.0360904361771567,-0.4919541386758531,-0.8698727526806678,6945.955037442772,True,wing_R,high
-0.01456661536638,0.0016742661143866,-0.002540840096706,0.0015191414673831,0.0004582629536327,0.2867199822183989,0.2867199822183989,0.2867199822183989,False,0.2071674678572132,2.1887357351256163e-05,5.460925768718285e-05,5.295238253360004e-05,2.4950137566081594,0.0303405543996561,0.5688600522697644,0.4007993933305793,-0.1078194811554817,-0.3974843196555572,-0.9112525309217648,8298.669459384575,True,wing_R,high
-0.0140229577410106,0.0017924092576523,-0.0024849180619947,0.0012047951630638,4.6809172559603954e-05,0.3402053539259895,0.3402053539259895,0.3402053539259895,False,0.1391530413631263,6.425148870647295e-05,2.596368676404634e-05,6.163356287499149e-05,2.4746673802676704,0.0407449832554264,0.5551603056841176,0.404094711060456,0.1648342245606665,0.4677375350213879,0.8683612593532716,14971.502369765069,True,wing_R,high
-0.0132700621683376,0.0024226322897964,-0.0023734280052951,0.0007938710979485,0.0006652496896522,0.2245977314597123,0.2245977314597123,0.2245977314597123,False,0.2909648433615776,7.982504693639257e-05,6.026096824556862e-05,0.0001363592613477,2.262812319776213,0.4145975407358737,0.1434745135567696,0.4419279457073566,0.6044646618262423,-0.763906957016222,-0.2259837021236335,4000.7403848679874,False,body,high
-0.01275523189148,0.0027136967879116,-0.0023827897732685,0.001078400685166,0.0010782133479525,0.1728928279535043,0.1728928279535043,0.1728928279535043,False,0.5193107698754549,0.0001504246594386,0.0002233098099647,8.537873926903285e-05,2.6155201151550163,0.3263857979979002,0.291281069021881,0.3823331329802188,-0.6551369934467184,0.7554101793667882,0.0122874214801672,5710.619449987365,True,wing_L,high
-0.013666998924555,0.0029687937963106,-0.0030130980536057,0.0002691263498636,0.0002465538005585,0.2014425651954156,0.2014425651954156,0.2014425651954156,False,0.2085257178256632,0.0001617690229083,9.873254903965314e-05,9.978316690618884e-05,1.638456866370826,0.3831750658298588,0.006494555308844,0.6103303788612972,0.6148501288180463,-0.1466923835688602,0.7748810642255484,17462.14297804027,True,body,high
-0.0130754405856996,0.0026769277804404,-0.0027450096328383,0.0007143788466494,0.0007114324592726,0.2357298822760176,0.2357298822760176,0.2357298822760176,False,0.3275794625846707,7.046107899527026e-05,0.000167733474038,0.0001541832054414,2.380512425154824,0.0807845224356751,0.4991378550184304,0.4200776225458944,-0.3805841309129816,0.7713955807909434,0.5100044874639962,6536.319023390909,True,body,high
-0.0130876569492796,0.0027617406753155,-0.002057754722935,0.0009734096325934,0.0009645533068612,0.2378054389828848,0.2378054389828848,0.2378054389828848,False,0.2336203104421527,9.944449525460585e-05,4.1521242451971536e-05,9.701948987336308e-05,2.395026964080743,0.0243855165138511,0.5580826498168695,0.4175318336692794,0.1093429472255943,-0.8629414517875984,0.4933317045140457,4058.73630209964,False,body,high
-0.013351856334676,0.0027498114758733,-0.0022153017751208,0.0006926800450564,0.0006689022954398,0.2175935409590186,0.2175935409590186,0.2175935409590186,False,0.0804890765376981,8.570497358034787e-05,8.067423834032211e-05,7.6753454624102e-05,1.1166269192713956,0.0586982882073871,0.0457474467633363,0.8955542650292765,0.031799638264182,-0.999168302341334,0.0255242355929423,4869.035489120166,True,body,high
-0.0134900509253542,0.0031720537135549,-0.0028517828632507,0.0003609893393636,0.0001801093460027,0.1889364621205823,0.1889364621205823,0.1889364621205823,False,0.0105551193998898,7.001329646958146e-05,0.0001868151301102,0.0001439364106412,2.6682807342369883,0.2295248754405315,0.3957019655103115,0.3747731590491569,-0.3450649678891202,0.8983634578002969,0.2717963679388941,6460.527205526349,True,wing_L,high
-0.0138485501075122,0.0032027212654265,-0.002811781671714,0.0002957443462053,0.0001757690268986,0.1086909850895848,0.1086909850895848,0.1086909850895848,False,0.2887576242514126,0.0002027816507297,8.947981983029286e-05,0.000121687439773,2.2662277496124617,0.3999090187149338,0.1588290647936606,0.4412619164914055,0.4500522194440264,-0.8624221111709245,0.2316918253564255,7400.188748314996,True,body,high
-0.0127553265087331,0.0027605194808029,-0.0021982295561349,0.0011475480557074,0.0011474577643369,0.1615738045645519,0.1615738045645519,0.1615738045645519,False,0.775063355549505,0.0001265696145648,5.548377765521554e-05,8.810382208264094e-05,2.2812003780884305,0.3039101652830107,0.2577241349716795,0.4383656997453098,0.0642659512006884,-0.8404196300505362,-0.538112193638084,5387.778154069395,True,body,high
-0.0138639213084841,0.0020028134026899,-0.0026686583711217,0.0009412685300995,0.0001726414072643,0.2548697599099021,0.2548697599099021,0.2548697599099021,False,0.2200890605963147,1.897825522506421e-05,4.709421896242188e-05,4.348294192576971e-05,2.481483065957794,0.0766819604659699,0.520333222221153,0.4029848173128771,-0.1435478303673512,-0.4018048063761187,-0.9044041784345512,4279.212735899268,True,wing_R,high
-0.0142482453088963,0.0015063318197612,-0.0022523987873619,0.001594762044548,0.0002053670483315,0.4430107507411177,0.4430107507411177,0.4430107507411177,False,0.0610067773528101,6.267792810430171e-05,2.4433137572655333e-05,6.386563907205581e-05,2.613894301627961,0.0185970262728299,0.5988320337403505,0.3825709399868194,0.302152593013707,0.5123740858072472,0.8038511098009885,14111.518668453184,True,wing_R,high
-0.0152000121216405,0.0014375463258509,-0.0024440609689034,0.0021108318332413,0.000997812942186,0.3502317383334808,0.3502317383334808,0.3502317383334808,False,0.0952917326269247,8.228124443136857e-05,7.973990615233825e-05,3.337668536095184e-05,2.465231149874197,0.0308859971259922,0.5634725278135327,0.4056414750604749,-0.1321519183711548,-0.4993127516609627,-0.8562842089514333,4754.807915322087,True,wing_R,high
-0.013774746113169,0.0040468847789594,-0.0032767733418115,0.0012303254208071,0.0004409055206816,0.4028757547030835,0.4028757547030835,0.4028757547030835,False,0.1714664685229772,4.1887743716953576e-05,7.414445649544554e-05,2.9010033109140448e-05,2.5558211607860657,0.4350522520921492,0.1736840650872417,0.391263682820609,0.7132647587494834,-0.5800054951290399,0.3935060476614798,14731.89297036213,True,wing_L,high
-0.0142898798759113,0.0031219713448184,-0.0031190114281669,0.0006828746462171,0.0006742756611258,0.11235633742506,0.11235633742506,0.11235633742506,False,0.3807757846942048,0.0001191887777071,7.781722270788854e-05,5.187621805824321e-05,2.297561043739885,0.3471094829156558,0.2176463686319327,0.4352441484524115,-0.4526635364505499,0.1582402813100976,-0.8775281967771646,7262.609210109846,True,body,high
-0.0139719408352372,0.004361422497262,-0.0032623875575954,0.0015332333921949,0.000649020366917,0.52680313486025,0.52680313486025,0.52680313486025,False,0.3276480006021559,2.555133505963638e-05,5.903807123165119e-05,2.373497176988023e-05,2.487387463699061,0.5672057957418851,0.0307659659582912,0.4020282382998236,0.7736058836553472,-0.60163458162403,-0.1989215095657266,7940.26099769744,True,wing_L,high
-0.013637907145288,0.0039035898655657,-0.0031557837875816,0.001055283300764,0.0002506424592007,0.3772156569387398,0.3772156569387398,0.3772156569387398,False,0.2423034891691286,7.707767173938935e-05,3.143530361002688e-05,3.290460375970539e-05,2.451946152503645,0.5730981097747664,0.0190625912345461,0.4078392989906874,-0.0677789129725303,0.2595217972378567,0.9633558302697374,7486.680144223903,True,wing_L,high
-0.0139872053829562,0.0018234354907132,-0.0025284490619604,0.0011580932568629,6.770869631477626e-05,0.3262607154046189,0.3262607154046189,0.3262607154046189,False,0.1371593343603204,1.989283460510557e-05,4.466225880167479e-05,4.853362216761318e-05,2.439753968253316,0.0797666276085566,0.5103559777802456,0.4098773946111979,-0.2254737628832113,-0.321570445532997,-0.919648862779156,9488.615084702486,True,wing_R,high
-0.013931379378316,0.0033530231377818,-0.0029111684360581,0.0004863364465548,0.0003061642194451,0.1284548866382299,0.1284548866382299,0.1284548866382299,False,0.0897151493405196,7.837797777574162e-05,0.0001968744785646,0.00015438007129,2.511859633938345,0.2158451800576227,0.3860434022147473,0.3981114177276298,-0.3647925809994787,0.8265371139135351,0.4286756024912341,5424.178508146763,True,body,high
-0.0130018224061466,0.0032058942124284,-0.0027008601236871,0.0007918286545753,0.000655983466542,0.1614673036760197,0.1614673036760197,0.1614673036760197,False,0.2329127957664598,0.0001097650461067,4.7032459828401e-05,5.134974438306707e-05,2.333814699617834,0.5321849149213889,0.0393320524866271,0.428483032591984,0.6698509308430314,-0.7420699187262174,-0.0251389373361222,5112.721006229594,True,wing_L,high
-0.0132955798391686,0.00389481871201,-0.0027419167931931,0.0010616500739795,0.0002870503267485,0.3450781478949319,0.3450781478949319,0.3450781478949319,False,0.1980676197847889,2.140822840475924e-05,4.858813051555639e-05,1.968723131088256e-05,2.468002216680322,0.5593938647648731,0.0354201134230852,0.4051860218120416,0.9172014949612456,-0.3953822787277705,0.0491352349021766,4300.760585102014,True,wing_L,high
-0.013124784691004,0.0030838572663863,-0.002673892727518,0.0006416815785933,0.0005722853675833,0.1005749246400492,0.1005749246400492,0.1005749246400492,False,0.3534060922455737,0.0001876905188984,8.676975186118497e-05,7.964338632130198e-05,2.356636596807024,0.5376977357703103,0.0379687028503546,0.424333561379335,0.2293163892661004,0.4073080605680159,0.8840328825390376,4948.862079409995,True,wing_L,high
-0.0136389818816292,0.0030607506412051,-0.0031352949274304,0.0004124143105568,0.0003441302343898,0.1771433466803113,0.1771433466803113,0.1771433466803113,False,0.5240265591597946,7.130457098144097e-05,0.0001804464227961,8.966980539984156e-05,2.530643131463992,0.5030668715382,0.1017766610931694,0.3951564673686305,-0.2511598084878577,0.8290471772454738,0.4995993679956514,13645.76135451754,True,body,high
-0.0136963277065038,0.0029397348126456,-0.0029482858226373,0.0001965242449153,0.0001873768238402,0.1968768818562551,0.1968768818562551,0.1968768818562551,False,0.1090560757953639,4.922880616939989e-05,0.0001361877134774,0.0001188774525079,2.766423240263052,0.1271058932371332,0.5114165188631523,0.3614775878997143,-0.0785193945027595,0.9454372626162264,0.3162010233121598,24938.05161868913,True,body,high
-0.0133464600304956,0.0033000965175351,-0.0027696226941923,0.0005409080017905,0.0002931752212945,0.2208392791211107,0.2208392791211107,0.2208392791211107,False,0.2091163747854262,0.0001008542455945,3.81248966359371e-05,7.612166393402237e-05,2.64536443357896,0.2452309420862733,0.3767493086094379,0.3780197493042886,0.3443971617450648,-0.90144353646468,0.2622787554263509,4215.230144764328,True,wing_L,high
-0.0127568279403392,0.0027278108151494,-0.0022152387832645,0.0011434410179646,0.0011426676921853,0.1559123424275323,0.1559123424275323,0.1559123424275323,False,0.7263831296123644,6.925518580819516e-05,0.0001205691857756,4.740495655589345e-05,2.543387749622274,0.4255979638357136,0.1812256515770315,0.3931763845872548,-0.0519281119047084,0.8164404791180073,0.5750899192748651,5565.395884153927,True,wing_L,high
-0.0134112345274185,0.0030152808815335,-0.0023102320559887,0.0005628048369405,0.0005579435341611,0.1515334980326992,0.1515334980326992,0.1515334980326992,False,0.0966333820280968,0.000121770443952,0.0002180443933809,8.429508851344513e-05,2.5866796894839186,0.4415337075908877,0.1718703006187584,0.3865959917903538,-0.457259456731532,0.8655859795284246,0.2041438249700484,4390.430948392759,True,wing_L,high
-0.013582782625082,0.0029161690112397,-0.0030053713531619,0.0002954036368676,0.0002845875577968,0.1363855877895057,0.1363855877895057,0.1363855877895057,False,0.2808285790440864,0.0001075864756798,5.0587544581275774e-05,6.728818509600841e-05,2.126738440664196,0.3745665087472135,0.1552299246648366,0.4702035665879499,0.3275675159243694,-0.849394642940156,0.413797369561122,21789.987807944806,True,body,high
-0.0136272406045066,0.0028171962042317,-0.0030773744994022,0.0003589493891097,0.000358785675734,0.3511768622590243,0.3511768622590243,0.3511768622590243,False,0.8823868979967546,3.950360335886657e-05,4.333895318563422e-05,4.71345227535466e-05,1.1931702109642428,0.0805263179974975,0.0813702908762148,0.8381033911262876,-0.821939281563512,0.5029130746995095,-0.2673840996004504,12921.675221928534,True,body,high
-0.0142195821020279,0.0015639725369091,-0.0022869493704551,0.0015232745182979,0.000181551960476,0.3787452915033806,0.3787452915033806,0.3787452915033806,False,0.059885355270103,3.277716484203563e-05,8.488115020937456e-05,9.282333965097916e-05,2.8319514545668176,0.0855624185842447,0.5613241838017546,0.3531133976140005,0.154189721019792,0.4924378503130726,0.8565806987732555,14585.611562483466,True,wing_R,high
-0.0142618576460929,0.0015119032000096,-0.0022638277470447,0.0015905811363749,0.0002036179004657,0.4156964170805153,0.4156964170805153,0.4156964170805153,False,0.0621169822896434,6.698412601231191e-05,2.920685057050624e-05,6.725694106826784e-05,2.302779647737352,0.0040563107929486,0.5616858995038234,0.4342577897032278,0.2473615319164631,0.4982654909326741,0.8309896347569937,14674.561909741871,True,wing_R,high
-0.0139667080412049,0.0019291784812205,-0.0026020721510189,0.0010392354121679,8.402370040479227e-05,0.2329464662533445,0.2329464662533445,0.2329464662533445,False,0.5473728649343902,0.0001102990579605,9.57004806152602e-05,4.094622346877489e-05,2.693754114948155,0.1323545061513922,0.4964163625590037,0.3712291312896041,-0.1685363294124516,-0.3791687333482281,-0.9098497553548488,5451.612836854804,True,wing_R,high
-0.01430772732488,0.0031567172342457,-0.0032525642922538,0.0007842142364005,0.0007669349949617,0.1626162824756654,0.1626162824756654,0.1626162824756654,False,0.5603727642078313,9.334002182912705e-05,5.325299662693736e-05,4.313200732657368e-05,2.1640546687846856,0.4294730643579131,0.1084314006149652,0.4620955350271217,-0.5485195560762608,-0.3486105712471696,-0.7599980040872634,6195.818180785525,True,body,high
-0.0137046245624316,0.0039602563410012,-0.0032338008132631,0.0011338727936744,0.0003550776127954,0.3459848178368832,0.3459848178368832,0.3459848178368832,False,0.1541581839324688,7.513766188233812e-05,3.042420993439179e-05,3.278282316236689e-05,2.469666822716795,0.5636965226080207,0.0313905592599963,0.4049129181319829,-0.0489826923826384,0.2102034875281547,0.9764298181016128,12008.94047480087,True,wing_L,high
-0.0139611796988833,0.0043594685796289,-0.0032653784742334,0.0015308272578502,0.0006397391889061,0.4534745513137403,0.4534745513137403,0.4534745513137403,False,0.1994235554020363,2.6866995857180976e-05,6.167525081443268e-05,2.7997159708078617e-05,2.295576741898674,0.54605519493847,0.0183244305612644,0.4356203745002656,0.5020332616528561,-0.1810990029305429,-0.8456747337669241,8071.5717082405,True,wing_L,high
-0.0147083877398722,0.0017624266308596,-0.0026921903882059,0.0015181826865786,0.0006505244495794,0.386671099734138,0.386671099734138,0.386671099734138,False,0.1292691231571105,3.3707312127058386e-05,8.452298027447715e-05,7.818134108510751e-05,2.507556222693495,0.0750285800237522,0.5261767724425431,0.3987946475337046,-0.1659575865192786,-0.5071407998646471,-0.8457341713501603,18382.90075657821,True,wing_R,high
-0.0141808402754736,0.001566485454146,-0.0022903894816324,0.0015082488238867,0.0001666807017561,0.3466174337873305,0.3466174337873305,0.3466174337873305,False,0.0788379001048454,2.5466676190755227e-05,5.581872140329057e-05,5.821247054326673e-05,2.285829140294276,0.0411208993130946,0.5214010834667466,0.4374780172201588,-0.1397217399508121,-0.5118303543109143,-0.8476482311614184,14215.184625225516,True,wing_R,high
-0.013748961397137,0.0030053514287522,-0.0031459492129482,0.0003954172563046,0.0003666566351127,0.2793430386078427,0.2793430386078427,0.2793430386078427,False,0.264575547266133,5.688258395118e-05,6.745774568276143e-05,3.781168723310842e-05,1.7840448448355546,0.1567671973699511,0.2827087760649119,0.560524026565137,0.0891602757241993,0.5201815802676872,0.84938893846282,9113.33848664329,True,body,high
-0.013102199959115,0.0032647417737904,-0.0028458375673678,0.0007270903991107,0.0005257619767624,0.3350256510971833,0.3350256510971833,0.3350256510971833,False,0.2212966971276621,2.2234429045096056e-05,4.851844297358874e-05,2.0005881985345085e-05,2.425208896520032,0.541732428280943,0.0459319574819021,0.4123356142371548,0.5328630381797204,-0.8445131048162543,-0.0534284412601406,4145.564010754226,True,wing_L,high
-0.0133450018462129,0.0026398607255001,-0.0028788609947314,0.000508116431473,0.0004873588748415,0.2136798771107801,0.2136798771107801,0.2136798771107801,False,0.2500286746620433,0.0001368466837945,0.0001436615873511,6.354079817174852e-05,2.260934572505835,0.0474372007314812,0.5102678243671965,0.4422949749013222,-0.5704156470045694,0.8156904087856552,0.0963075628777362,6966.486459160622,True,body,high
-0.0143748124250888,0.0028707453241833,-0.0030044681135589,0.0006815029104761,0.0006586907707002,0.1563620539470588,0.1563620539470588,0.1563620539470588,False,0.6413317442149838,7.14379782475951e-05,4.876629875629359e-05,7.21442610702335e-05,1.4793876695619192,0.0097898684131066,0.3142547883223905,0.6759553432645028,0.4434500198756099,-0.6937368978184122,-0.5675219788498124,3781.319766519021,False,body,high
-0.0137888987976731,0.0028216180813548,-0.0031835822485649,0.0004426260176379,0.0004417580462478,0.1421649508154402,0.1421649508154402,0.1421649508154402,False,0.3913371861539114,0.0002696871741337,0.0001230844021136,0.0001159353256295,2.326186368730113,0.5436030559886442,0.0265087744981326,0.4298881695132232,0.1368291750688394,0.4026518328312809,0.9050686594770538,5824.152548507384,True,body,high
-0.0135254349058031,0.0027612771639875,-0.0024558359791277,0.0004090015160028,0.0003740468064334,0.1230821572542691,0.1230821572542691,0.1230821572542691,False,0.1003846803669874,0.0001961196556304,0.0001349229544243,7.666252366693484e-05,2.5582207087589075,0.3120375722126446,0.2970657406578313,0.3908966871295241,0.0868316078104854,-0.8347470729942853,-0.5437440537721032,5335.990242523803,True,body,high
-0.0136912600405825,0.0028069389445981,-0.001793440849867,0.0009734398224961,0.0009246666487075,0.2009176271246903,0.2009176271246903,0.2009176271246903,False,0.3252842348823313,0.000128227596948,4.841680011630792e-05,0.000143712699816,2.9682403519189338,0.1077504137618444,0.555349645047911,0.3368999411902447,0.1197235642836657,-0.60415620964137,-0.7878207553162001,2108.876938827254,False,body,high
-0.0135456738933857,0.0028732138498153,-0.002842782169565,0.0002225385540133,0.0002220396535537,0.1038848928927937,0.1038848928927937,0.1038848928927937,False,0.0453967400498985,7.707524604669446e-05,0.0001920443784218,0.0001058611428366,2.4916479449899733,0.4487672916718087,0.1498919001250388,0.4013408082031525,-0.3234176758670757,0.8482630775937012,0.419345630867905,22277.278568529226,True,body,high
-0.0136524382605461,0.0027764420611413,-0.0030391238403603,0.0003341734286031,0.000328015195963,0.1618478753702156,0.1618478753702156,0.1618478753702156,False,0.4754601601657143,7.250983546800827e-05,0.0001690700642004,0.000149233122975,2.331684565399692,0.1173297077703228,0.4537958145926979,0.4288744776369793,-0.4655397039466864,0.8741133574705486,0.1385590933168836,12604.894974180055,True,body,high
-0.0140210394489644,0.0029390122309457,-0.0025171314908148,0.0003678603851714,0.0003485785554584,0.1437280287440359,0.1437280287440359,0.1437280287440359,False,0.0398069319755502,0.0002041714339507,7.974804347886285e-05,9.172686761394622e-05,2.5602061824237308,0.5507360366775967,0.0586704217298638,0.3905935415925394,-0.3246505071229153,0.7748984536450859,0.5423416218245549,7005.723031151673,True,body,high
-0.0133592549673437,0.0026095242666355,-0.0029075045886195,0.0005229456901629,0.000494491015967,0.2230663986649259,0.2230663986649259,0.2230663986649259,False,0.1769255155812652,0.0001102835436184,0.0001185693716221,5.252842996319185e-05,2.2572418727383208,0.0698816894305713,0.4870997700765248,0.4430185404929039,-0.5930937574991405,0.7920635230390902,0.1444824220673757,6754.349935559088,True,body,high
-0.0139400234897772,0.0032895369457667,-0.0027822583697198,0.0004091683519695,0.0002896133305691,0.1368921984259871,0.1368921984259871,0.1368921984259871,False,0.3840985545865523,7.634522204444613e-05,3.9039314072293546e-05,3.141819023717651e-05,2.429968800497884,0.4886475796800236,0.0998245028442018,0.4115279174757745,-0.7688925661361553,-0.0207505635159234,-0.639041184787279,8354.866484501366,True,body,high
-0.0137408208046292,0.0029328762166149,-0.0029108520968468,0.0001534182244157,0.000149789756181,0.1359953311392324,0.1359953311392324,0.1359953311392324,False,0.6758441300243138,5.603745690865109e-05,0.0001373012758584,0.0001167428691173,2.45016964424748,0.149732088157866,0.4421329068444984,0.4081350049976355,-0.2789244784129694,0.8534655127071047,0.4402246630547322,22852.560415490298,True,body,high
-0.013625903477224,0.0028240863077104,-0.0031318160041381,0.0004067173543101,0.0004066516534362,0.1644239055452165,0.1644239055452165,0.1644239055452165,False,0.4536085339206947,0.0001236507802692,0.0002009065845351,8.467425435017136e-05,2.37269977842675,0.3845359496036712,0.1940032279643128,0.4214608224320159,-0.5645547645137782,0.8112206590304237,0.152312048857067,9411.195165078674,True,body,high
-0.0135565094979056,0.0027727857177536,-0.0029975281957681,0.0003429623639301,0.0003392432703781,0.1113957108441288,0.1113957108441288,0.1113957108441288,False,0.844916608064139,6.893921396057629e-05,0.0001699861912125,9.56077981601834e-05,2.465740199906544,0.4375555009604571,0.1568867683273202,0.4055577307122226,-0.1858190540303139,0.9692430939491412,0.1613663657370246,28405.168525413555,True,body,high
-0.0137838630449182,0.0024420962499685,-0.0029895805501022,0.0005436847910561,0.0003404966858967,0.3158460247893976,0.3158460247893976,0.3158460247893976,False,0.2117489167483098,1.948410608397221e-05,3.859093230617852e-05,4.9534634135784096e-05,2.5423098151026644,0.2209303050388291,0.3857266043356808,0.3933430906254899,-0.1898864295506834,-0.2380978378938346,-0.9524980648078896,3827.2282796193567,False,body,high
-0.0134902228628556,0.0028242950407043,-0.0028274596468777,0.0002832022748491,0.0002825266539479,0.1142174295229553,0.1142174295229553,0.1142174295229553,False,0.6816957372627923,6.716515353472023e-05,0.0001557474378095,0.0001523411454053,2.3188726536455166,0.0218706159928937,0.5468853489248465,0.4312440350822598,0.0529573901231362,0.9568567832283807,0.2856932117170118,12518.35777048652,True,body,high
-0.0147338906853142,0.0017782005065709,-0.0027025178726042,0.0015221364600249,0.0006804883834519,0.4018236422783721,0.4018236422783721,0.4018236422783721,False,0.1557809591055445,6.57398624168061e-05,2.8570381022411992e-05,6.959895164334829e-05,2.4360526234757423,0.0554475194729604,0.5340523171220277,0.4105001634050118,0.1743900108365177,0.5231131437741382,0.8342306413283902,16150.773007498065,True,wing_R,high
-0.0148956968789205,0.0015690695200546,-0.0025181049993112,0.0018012394419465,0.0007452864669408,0.2422447639107223,0.2422447639107223,0.2422447639107223,False,0.1826977099194703,0.0001037523373681,9.347025396249772e-05,3.712471418940058e-05,2.794697269285228,0.0991021857091651,0.5430773050749081,0.3578205092159267,-0.0444034088659294,-0.474808668788641,-0.8789681822024302,6696.014959404239,True,wing_R,high
-0.0136233585805994,0.0027465101456079,-0.0029893439921883,0.0003200072695677,0.0003056990498029,0.2218352658802205,0.2218352658802205,0.2218352658802205,False,0.1158567126065434,0.0001047429837269,4.0977513957250325e-05,6.389999987119041e-05,2.5561087926476898,0.3899352720583578,0.218845072942462,0.3912196549991801,-0.8330664626820734,-0.4405005021901385,0.334603610746528,12890.242294002464,True,body,high
-0.0143294940898402,0.0014263884784075,-0.0023688179646615,0.0016620247631227,0.0001611121764266,0.7198352197716421,0.7198352197716421,0.7198352197716421,False,0.9327018886077624,3.320907448496436e-05,2.2247303844400035e-05,5.574307555074581e-05,2.5056103849985014,0.404247538248362,0.196648113371234,0.3991043483804039,0.2932921794584139,0.7514571136762707,0.5910092247789894,8229.112479483147,True,wing_R,high
-0.0145653595110681,0.0016706462310955,-0.0025570579456556,0.0015192362399362,0.0004595130325871,0.3756553869748401,0.3756553869748401,0.3756553869748401,False,0.1458618153988744,3.255436302515574e-05,8.24000544947525e-05,7.03627713459395e-05,2.5311524120769766,0.1460834367479644,0.4588396033547711,0.3950769598972645,-0.0915596751470921,-0.3891198948934657,-0.9166256232972418,8313.415222967651,True,wing_R,high
-0.0144606571971228,0.001631097556491,-0.0024688807637359,0.0015136720783122,0.0003368848990065,0.280425551033575,0.280425551033575,0.280425551033575,False,0.2158435156387685,2.2063903174995383e-05,4.968172095734385e-05,5.371833883266867e-05,2.4346707110982373,0.0751441307204005,0.5141227071145535,0.4107331621650459,-0.1760714117194084,-0.3075292764443244,-0.935106733001514,7503.127014635571,True,wing_R,high
-0.0141409577318766,0.0016149209625331,-0.002325828981967,0.001442105616988,0.0001385776970187,0.3338174864548421,0.3338174864548421,0.3338174864548421,False,0.0792658833627004,5.846132283742864e-05,2.288972234867511e-05,6.069839567906271e-05,2.651775096021469,0.0368555513964881,0.5860385614940329,0.377105887109479,0.1504794171506969,0.489974145030479,0.8586508500057738,8182.973576753982,True,wing_R,high
-0.0134351888093029,0.0029586278287323,-0.00314897849777,0.0004985142369107,0.0004615687866136,0.3275217437655494,0.3275217437655494,0.3275217437655494,False,0.3391512561813752,2.330923835157403e-05,4.856200333251514e-05,2.021128547307236e-05,2.402717204564482,0.5200107748444737,0.0637937619107119,0.4161954632448144,0.913792667625151,-0.4031478908692664,-0.0495453194779549,5621.034156929385,True,body,high
-0.013916402137864,0.0030273105705971,-0.0028702197490308,0.0002280440409352,0.0002180390038315,0.1612466010137411,0.1612466010137411,0.1612466010137411,False,0.035302116555095,0.0001361057846558,6.109207947282787e-05,5.590891746514633e-05,2.434419960655691,0.5511426672472235,0.0380818641969492,0.4107754685558272,-0.5790611819085177,0.2069599242540006,-0.7885783013496428,9220.981819786475,True,body,high
-0.013510545891759,0.0027696936226567,-0.0030024272374408,0.0003744521771454,0.000372308362844,0.1458443261602358,0.1458443261602358,0.1458443261602358,False,0.6454715685358827,0.0001227942231876,0.0001905924959094,7.754400854401192e-05,2.4578623092619907,0.3557237256286842,0.2374186582096257,0.40685761616169,-0.4250048046948048,0.8677273523027229,0.2577210857730447,20244.22845026271,True,body,high
-0.0135102849788877,0.0029075261692688,-0.0028666011131133,0.0002578574947646,0.000250399566576,0.1446188429332423,0.1446188429332423,0.1446188429332423,False,0.5008519150920461,0.0001670554050095,6.872934550865646e-05,9.70746041568716e-05,2.43062703090163,0.4189077321303025,0.1696757949651504,0.4114164729045469,0.2866542226464273,-0.9227158357121032,0.257730175115541,22203.408337815647,True,body,high
-0.0128092141438891,0.0030396075096239,-0.0025999413530396,0.0009526925258458,0.0008982805602111,0.1658633993988657,0.1658633993988657,0.1658633993988657,False,0.1431195038286422,0.0001039747585448,4.458395594475427e-05,4.097853002911519e-05,2.5372983967693483,0.5712040444361534,0.0346759729582277,0.3941199826056188,0.2846240252889373,0.2175582293382073,0.9336260392017492,6434.646344738522,True,wing_L,high
-0.0136799757367076,0.0029406577193595,-0.002874520671488,0.0001330594335469,0.0001236435204671,0.1020197990248525,0.1020197990248525,0.1020197990248525,False,0.0997928633607484,0.0002163842874366,0.0001143352134046,7.290777973259999e-05,2.967917665717198,0.471610370793941,0.1914530586430916,0.3369365705629673,0.1086128353296685,-0.7104122034497006,-0.6953544083353402,22849.910728136616,True,body,high
-0.0131750902007654,0.0032351278494096,-0.0028711728245423,0.0006533786170853,0.0004638177829402,0.1228265147678083,0.1228265147678083,0.1228265147678083,False,0.1258378838845968,0.0001491377280543,7.28765673212788e-05,6.297222839349176e-05,2.3683095208643423,0.5113472072290096,0.0664106866652655,0.4222421061057249,0.1317595305116195,0.2704608374104809,0.9536720408749432,4248.22282688253,True,wing_L,high
-0.0135294308351045,0.0032559624252627,-0.0030145662593283,0.0004653055156912,0.0002101656429761,0.1153079286746195,0.1153079286746195,0.1153079286746195,False,0.2811374568195502,0.0001869902551198,8.036439428475611e-05,0.0001027815970497,2.3267798729028604,0.4503371473349433,0.1198843370238616,0.4297785156411951,0.2940401454343915,-0.9092520289518602,0.2946203331744907,6101.259055349628,True,wing_L,high
-0.0134878256049997,0.0030126789699546,-0.0028794821928652,0.0002938008835878,0.0002401906623541,0.1418761171774223,0.1418761171774223,0.1418761171774223,False,0.4626960130179927,0.000140199968296,0.0001151458310932,7.421045797081073e-05,1.889221170838304,0.1787028735264454,0.2919784763145209,0.5293186501590336,0.0451856776317077,-0.8381689834960737,-0.5435356562748412,11956.917384269633,True,wing_L,high
-0.0137819318720854,0.0024535013003846,-0.0028837925358102,0.0004964575165962,0.0002400150531879,0.0943397297404003,0.0943397297404003,0.0943397297404003,False,0.4825190504672277,5.487325954137437e-05,0.0001488411917039,8.847539406726875e-05,2.712453988481545,0.4055718510825347,0.2257583007849229,0.3686698481325423,-0.6244447839718368,0.7027691207553947,0.3408581445162436,3950.586269423823,False,body,high
-0.0135970960739797,0.0030287201880398,-0.0031022474471304,0.0003865459588099,0.0003299074326741,0.1343844337400043,0.1343844337400043,0.1343844337400043,False,0.8015376910160658,7.370095374221962e-05,0.0001901176867556,9.262375758117406e-05,2.5795824491036035,0.5128083075183272,0.0995320538655483,0.3876596386161244,-0.4936484889681807,0.8438200390006628,0.2104255476893245,11464.953222956316,True,body,high
-0.0137178603014307,0.0029104883799973,-0.0028631224742744,0.000110647365102,0.0001103353475877,0.1327560496145252,0.1327560496145252,0.1327560496145252,False,0.2699472753166702,0.0001087059583211,0.0001751063743996,7.19065980299516e-05,2.4351920296202687,0.37920045061813,0.2101543157261344,0.4106452336557355,-0.4958089753595673,0.8233311244197277,0.2762233145747164,17866.09631400311,True,body,high
-0.0136666044448223,0.0030880727695005,-0.0031796685593235,0.0004565165656803,0.000378754386619,0.0946609474503021,0.0946609474503021,0.0946609474503021,False,0.590374100781142,5.504108020596324e-05,0.0001405684080315,7.088042114765032e-05,2.5538817099070883,0.4957585268252646,0.1126806596410574,0.3915608135336779,-0.0750120674636847,0.8711315146682899,0.4852865894361338,13298.829702807145,True,body,high
-0.0135570599558079,0.0037164731565107,-0.0030976751640488,0.0008749765106632,0.0001692232587113,0.2841118874405512,0.2841118874405512,0.2841118874405512,False,0.139191858989946,1.6635722452412245e-05,3.932232095172735e-05,4.455755972759188e-05,2.678426491849223,0.1174938396059121,0.509152625009368,0.3733535353847199,-0.4786998105010016,0.234478462595639,-0.8460888499472682,6004.655621109423,True,wing_L,high
-0.0128445776768257,0.0027311735077571,-0.0027470533266818,0.0009202765314595,0.00091901339679,0.4337338238809177,0.4337338238809177,0.4337338238809177,False,0.3726184792590536,0.0001089659623179,4.766562171283642e-05,8.375427828074447e-05,2.2860493244891207,0.2313721046547236,0.3311920144622263,0.4374358808830501,0.7253188964723322,-0.68738574887125,-0.0375942903759108,4800.417073204024,True,body,high
-0.0130471425590496,0.0032434816123285,-0.0020353504054813,0.0010498213780435,0.0009970900009417,0.1041661601588762,0.1041661601588762,0.1041661601588762,False,0.2313912402532179,3.792331324637093e-05,7.704834802744814e-05,3.156303329364679e-05,2.441094533298766,0.5077984899447693,0.0825492059928178,0.4096523040624129,0.4264547940121216,-0.8016687787476781,-0.4188836089479812,2692.724421640882,False,wing_L,high
-0.0143966114553886,0.0013827983826984,-0.0021668983456903,0.0017822697434352,0.0003102576893926,0.501651644676592,0.501651644676592,0.501651644676592,False,0.0702277323714458,5.7447427899036266e-05,2.3293727378178585e-05,5.969595164601012e-05,2.5627479310989494,0.0376662685655357,0.5721275828448981,0.3902061485895661,0.3367106229162738,0.6411193833175288,0.6896317080513964,6362.83397167712,True,wing_R,high
-0.0143053533411389,0.0015168651788355,-0.0023298385381065,0.001581812449466,0.0001871201018246,0.3402091034836375,0.3402091034836375,0.3402091034836375,False,0.0845754687248642,3.476419888388503e-05,9.398941660931163e-05,9.44798764543854e-05,2.7177348964650414,0.0051911567148433,0.6268553680213624,0.3679534752637942,-0.2253891623321644,-0.4166119940571506,-0.8807009548711354,13900.757121714683,True,wing_R,high
-0.0129969506316985,0.0025849049989978,-0.0023153565617218,0.0009337734743071,0.000907547047054,0.2217177012745027,0.2217177012745027,0.2217177012745027,False,0.2076819928227849,6.271559724730857e-05,0.0001462166046384,0.0001316967012202,2.331423299085422,0.0993040664164187,0.4717733949813965,0.4289225386021848,-0.1108769691283457,0.960096937069014,0.2567492339766755,6387.968814127019,True,wing_L,high
-0.0133843329110341,0.0030365760389305,-0.0022546877010757,0.0006261536672662,0.0006197260606699,0.1812791928368957,0.1812791928368957,0.1812791928368957,False,0.2682099431645895,4.561899717824772e-05,5.311792505740106e-05,0.0001231657750263,2.6998790557605568,0.5687282035448838,0.0608848349109074,0.3703869615442087,-0.7517565627269276,0.515714277925041,-0.4109754906819249,4251.766242571579,True,wing_L,high
-0.0147761066872181,0.0017586749224017,-0.0027075932780755,0.0015643796546348,0.0007175085767159,0.3817753208086715,0.3817753208086715,0.3817753208086715,False,0.1187399258852642,5.474305719239393e-05,2.4629654204236144e-05,5.875307942742328e-05,2.38546099511694,0.0682521201290029,0.5125416962247296,0.4192061836462675,0.1426010656686352,0.5900963649161098,0.7946390477336001,11385.497852721086,True,wing_R,high
-0.0140567335953059,0.0031051591875302,-0.0029225544898965,0.0003948615483269,0.0003781852319674,0.0835593984049359,0.0835593984049359,0.0835593984049359,False,0.678911655438884,0.0002321711395358,8.747415085556575e-05,0.0001418845987653,2.654168543106928,0.3888792592870435,0.2343549160267005,0.3767658246862559,0.2754051303624294,-0.8821850788862384,0.381970549598441,8440.571754501336,True,body,high
-0.0136087926514133,0.0029648664509354,-0.0028248908632377,0.000153418087556,0.0001305322565458,0.0843190621472603,0.0843190621472603,0.0843190621472603,False,0.961120798044676,0.000191736662204,0.000129994359219,7.986121549897636e-05,2.4008733276359138,0.3220161563013651,0.2614687412610241,0.4165151024376107,0.0128497628987318,-0.6287859177571886,-0.777472284537331,13776.31624787309,True,body,high
-0.0136102002819069,0.0028978022248935,-0.0029388217429581,0.0002271558516241,0.0002234644186164,0.1266782688794545,0.1266782688794545,0.1266782688794545,False,0.4203876149717912,0.0001640919537592,6.158473741923752e-05,7.926134624128907e-05,2.664490596788416,0.5169699401740172,0.1077238000833783,0.3753062597426044,0.5035229001844045,-0.842062461246281,0.1933791621394139,31037.835824240134,True,body,high
-0.0133069250188486,0.0026579249226631,-0.0022554299881411,0.0007190014782776,0.0006755721577197,0.1350925116398883,0.1350925116398883,0.1350925116398883,False,0.2262310418189276,5.812897928848949e-05,2.8125882547379537e-05,6.495693195352034e-05,2.309507331693395,0.1051150733214519,0.4618921466700204,0.4329927800085277,0.1696910495031215,-0.6461040096537982,-0.7441468648242856,5376.913530857687,True,body,high
-0.0136434387803355,0.0027104446433828,-0.0031828427690471,0.0004897797465649,0.0004807293280935,0.1063970628886591,0.1063970628886591,0.1063970628886591,False,0.2002791141257732,0.0002053015492734,9.418830336669505e-05,8.427555599199152e-05,2.4360746939835147,0.541219714610009,0.0482838410610277,0.4104964443289632,0.1371811441756334,0.4046195896742788,0.9041373354388604,6745.804412686314,True,body,high
-0.0135656349570762,0.0028403850029574,-0.0028775665071891,0.0002326879529014,0.0002322603824519,0.0956313935005897,0.0956313935005897,0.0956313935005897,False,0.0557301354654307,6.151283299523428e-05,0.000148703709543,9.91893778177516e-05,2.417442057246165,0.3329730769826999,0.2533665430290606,0.4136603799882394,-0.2744995042759004,0.9124686190689412,0.303399145296596,23951.3607067334,True,body,high
-0.0136818580433799,0.0028336558252313,-0.0026550079065229,0.0001544558731367,0.0001196762863029,0.0961341368803041,0.0961341368803041,0.0961341368803041,False,0.8773121690310592,0.0001348099629225,5.568048736290467e-05,5.7386483279313096e-05,2.4211347512800487,0.574315710536265,0.0126548207522962,0.4130294687114387,-0.4737298444295817,0.7031108041624374,0.530297304883567,12547.232938364086,True,body,high
-0.0135733764266597,0.0028739495303557,-0.0029329966680752,0.0002506571629555,0.0002492051128333,0.1361915523847597,0.1361915523847597,0.1361915523847597,False,0.4936912073907595,0.0001392227299155,6.479211258480964e-05,8.096025718245255e-05,2.1487604642201035,0.41848391256536,0.1161315009944981,0.4653845864401418,0.3776515078182832,-0.8860767573951458,0.2687886133129163,43425.81100866908,True,body,high
-0.0137142587067552,0.0030922092868591,-0.0032401334297971,0.0005093696039351,0.0004388380799495,0.1296979911047532,0.1296979911047532,0.1296979911047532,False,0.3719532046243242,0.0001188952529891,9.197941243269835e-05,5.076137638327374e-05,2.342238557351474,0.2263828023385905,0.346675203703814,0.4269419939575954,-0.0661123993263225,-0.7131789838428659,-0.6978573548083973,8821.57056064498,True,body,high
-0.013678387553894,0.0028821756007011,-0.0029434004220575,0.0002029439744996,0.0002027507536725,0.173616307623817,0.173616307623817,0.173616307623817,False,0.6914680319577112,4.981717569522261e-05,0.0001214123640568,8.138501728011245e-05,2.43715871810253,0.3296809767907991,0.2600051636430261,0.4103138595661748,-0.353720670352794,0.8109444802685282,0.4661016383656862,16176.854722436903,True,body,high
-0.0136191894744593,0.002886462697522,-0.0028694513708073,0.0001727782302231,0.0001722650516921,0.1443558022164446,0.1443558022164446,0.1443558022164446,False,0.9049133049786798,6.123136754791041e-05,0.0001387575414829,9.747973338164958e-05,2.266118609459012,0.29748154702185,0.2612352845570897,0.4412831684210602,-0.4867328258842789,0.8513136847949033,0.1958473034984866,31812.04643803319,True,body,high
-0.0135828366704873,0.0028728278979182,-0.0028456516751359,0.0001918600599767,0.0001917890339394,0.0892493773570724,0.0892493773570724,0.0892493773570724,False,0.039413950165922,8.639578493036813e-05,0.000173013515753,6.843822120164599e-05,2.528024731140857,0.5006414120057248,0.103792837516543,0.3955657504777322,-0.3999433887935898,0.8817505132540693,0.2501226062084051,31079.3201405188,True,body,high
-0.014298809379776,0.0032024772836744,-0.0033555144609299,0.0008603463937024,0.0008288815285863,0.1921443347946771,0.1921443347946771,0.1921443347946771,False,0.3091728054353277,1.398377574040277e-05,3.076405827118802e-05,3.8595753824060816e-05,2.760038099906568,0.2029159888565377,0.4347701720577439,0.3623138390857183,-0.1872134059849686,-0.7378006177177646,-0.6485378856433848,4581.878339274581,True,body,high
-0.01256408173384,0.0028746595624494,-0.0023459301630407,0.0012496290249244,0.0012373588638128,0.2079257016963109,0.2079257016963109,0.2079257016963109,False,0.1316446519980135,8.955127340975939e-05,3.745933782986591e-05,8.921295059959662e-05,2.3906261722106885,0.0037779787744022,0.5779215727388032,0.4183004484867945,0.8139628249772733,-0.5807931592855551,-0.0119927345556036,8734.069449223556,True,wing_L,high
-0.0143474297333193,0.0014076687064941,-0.0021693492292172,0.0017421958494336,0.0002891612900243,0.4724685850267981,0.4724685850267981,0.4724685850267981,False,0.0695182682201661,5.239569587555429e-05,2.2000070768379613e-05,5.497718296366813e-05,2.4989548234856613,0.0469556086534995,0.5528770931617528,0.4001672981847476,0.3150603763983237,0.576210994077945,0.7541338405929368,7380.539529726334,True,wing_R,high
-0.0145596324218298,0.0015397595144511,-0.0024070686573289,0.001651852618665,0.0004071323417208,0.2506772332204408,0.2506772332204408,0.2506772332204408,False,0.4313126218723905,0.0001011326435043,8.406588705913324e-05,3.442648838375505e-05,2.9376404115633026,0.1687561587814019,0.4908345807578062,0.3404092604607918,-0.0978343701852616,-0.4006065999068979,-0.9110119582757888,5511.816156737643,True,wing_R,high
-0.0142138747779684,0.0019414167710145,-0.0026965311166151,0.0010986593127482,0.000246820904745,0.1043616752096895,0.1043616752096895,0.1043616752096895,False,0.2853223280523649,4.057271216824766e-05,1.8089379488964693e-05,1.7019138052184018e-05,2.38394635755605,0.5541491184037358,0.0263783557860903,0.4194725258101738,0.9251796727721426,-0.2311281174226806,0.3010354903094965,5478.017350241316,True,wing_R,high
-0.0135878235875648,0.0027816880340426,-0.002942902077442,0.0002845126467616,0.000277745018318,0.1546335919421128,0.1546335919421128,0.1546335919421128,False,0.5431024210061638,0.0001805680433132,0.0001874382152982,8.350273322508816e-05,2.2446955693408244,0.03665299508968,0.5178522956684519,0.445494709241868,-0.4752015546125968,0.8307354885197313,0.2899345281398103,15253.705798154097,True,body,high
-0.0136280271239062,0.0031591124670284,-0.0028163760236655,0.0002611186361336,4.8706665421820405e-05,0.1767448174633885,0.1767448174633885,0.1767448174633885,False,0.0194349901936817,0.0001533587555385,5.807235118030376e-05,0.0001201346423075,2.640822222994901,0.2166430805613855,0.4046869766864965,0.3786699427521179,0.3180266532551379,-0.8441043778800015,0.4316791019532365,5322.08667650777,True,body,high
-0.0135122993616542,0.0028240678377828,-0.0029646766671066,0.0003280830116476,0.0003280705910297,0.1778106670567028,0.1778106670567028,0.1778106670567028,False,0.910532579945865,0.0001703177890001,5.956464375630468e-05,8.322217576027386e-05,2.8593772791955656,0.5113712064439856,0.1389022963652232,0.3497264971907911,0.4963695490639229,-0.8279501873463169,0.2609899577287924,21169.25487887012,True,body,high
-0.0136413287879995,0.0028885061150202,-0.002893822592234,0.000175353330976,0.0001747617896813,0.1252125113081091,0.1252125113081091,0.1252125113081091,False,0.092944278473866,6.107769046667308e-05,0.0001712740766722,8.797720744204358e-05,2.8042002794089367,0.4863366999176852,0.15705539038951,0.3566079096928048,-0.3257764673370629,0.7974404678791366,0.5078960459760312,31447.99400549697,True,body,high
-0.0135055033258882,0.0029462320065911,-0.002783822402522,0.0002389974701898,0.0002244624918618,0.1626663214153988,0.1626663214153988,0.1626663214153988,False,0.0127393217245133,0.0001003111780062,0.0001852616493181,7.85251432403983e-05,2.359265347036555,0.458543209695876,0.1175960315912103,0.4238607587129137,-0.4341877712872837,0.877207525947371,0.2049095792926081,18501.733644612,True,body,high
-0.0141207431547435,0.0028398271621032,-0.0030991734969949,0.0005179328333751,0.0005046477656328,0.1036554132390699,0.1036554132390699,0.1036554132390699,False,0.3452374344552214,0.0002331190678025,0.0001025254958817,9.087358116996962e-05,2.5653117748993703,0.5602011587975355,0.04998267546985,0.3898161657326143,0.0480400520559046,0.3358417790171883,0.9406925389653285,4301.960868059091,True,body,high
-0.0135931700517955,0.0028824201743085,-0.0029209098603456,0.0002269622498059,0.0002253353123872,0.1041181389183255,0.1041181389183255,0.1041181389183255,False,0.0936500517733135,0.0001377875320519,8.147704280838373e-05,5.576764122377114e-05,2.470743410127088,0.4086762307517343,0.1865872855238942,0.4047364837243714,0.1105205078315218,0.2783160034846476,0.9541097523623768,38754.50902632969,True,body,high
-0.013519697006267,0.0028883035847447,-0.0029116977684795,0.0002745811248412,0.00026992817185,0.1302673858141395,0.1302673858141395,0.1302673858141395,False,0.1406326146596299,5.371173059495453e-05,0.0001397320476265,6.874599605977895e-05,2.6015182545559985,0.5080155395453616,0.1075935386347681,0.3843909218198702,-0.4787332418127548,0.7763776024845905,0.4099418270239445,33932.62726944658,True,body,high
-0.0135493044559119,0.0029404360398539,-0.0028427607884007,0.0002114670051689,0.0001968762503486,0.1318858832136228,0.1318858832136228,0.1318858832136228,False,0.0410579562064228,6.092352755636186e-05,0.0001497925606796,8.001246313566787e-05,2.458698087386096,0.4658448805959778,0.1274358051741382,0.406719314229884,-0.3993138209132456,0.8931298772766076,0.2070446684740675,16157.58110976329,True,body,high
-0.0135350562167379,0.0029191467305203,-0.0030054387210074,0.0003236440774451,0.0003094664708272,0.1088412700503838,0.1088412700503838,0.1088412700503838,False,0.7609431352038366,0.0001760549580548,0.0001090977580733,7.215595838032493e-05,2.4399226620607046,0.3803198769367006,0.2098310669643563,0.4098490560989429,0.0047917262126452,-0.6924243447776395,-0.72147457759727,16037.640725219182,True,body,high
-0.0136206588830701,0.0028930180340537,-0.0029546182950434,0.0002350941651092,0.0002321998810089,0.103580556599388,0.103580556599388,0.103580556599388,False,0.1557432581952098,6.812103915617137e-05,0.0001656453846988,5.69331650588412e-05,2.9094708598701366,0.5887537749391096,0.0675411157254304,0.3437051093354599,-0.4311772941800831,0.8566424604068424,0.2832840200428776,25564.25114321903,True,body,high
-0.0143882552262729,0.0015687806414496,-0.0023797300027965,0.0015549563428743,0.0002569573301887,0.343462660230063,0.343462660230063,0.343462660230063,False,0.1385338473060373,4.132270040083884e-05,0.0001173060178087,6.844376918728397e-05,2.838779089237137,0.4165365898031478,0.2311992964476102,0.3522641137492419,0.2132316821943837,0.3970763632478883,0.8926716145696492,10852.051919840129,True,wing_R,high
-0.013722821193642,0.0029454470052553,-0.0030141348016154,0.0002578008675972,0.0002477586936681,0.3705025699876447,0.3705025699876447,0.3705025699876447,False,0.0523593689922237,9.076574876716568e-05,4.298979563539318e-05,8.939273560145933e-05,2.1113324086713945,0.015126996519672,0.5112384417727882,0.4736345617075397,0.8241423187391466,-0.5638885296874259,-0.0530958053919136,24535.98980907897,True,body,high
-0.0151225758245865,0.0014339533286161,-0.0024061787140125,0.0020668398707181,0.000920157994118,0.3013045844780743,0.3013045844780743,0.3013045844780743,False,0.1914993040824116,9.825027294397955e-05,9.965107627886308e-05,3.601968979810726e-05,2.7665723063528294,0.014057081841881,0.6244848070855407,0.3614581110725782,-0.0938822383525473,-0.450979310940388,-0.8875831152211315,5134.949282067026,True,wing_R,high
-0.0131010747091856,0.0031170452081912,-0.0025369354907734,0.000703164232644,0.0006362596855342,0.1169464012960126,0.1169464012960126,0.1169464012960126,False,0.1375292280092103,0.000102021287101,4.514302236093174e-05,9.86803047906345e-05,2.2599569493897134,0.0327478941438904,0.5247658008536875,0.4424863050024221,-0.7965520360990588,-0.5041871609982096,0.3336167868543336,5052.069705371538,True,wing_L,high
-0.0134444072074717,0.0030359836362224,-0.0029194884455621,0.0003549612627102,0.0002854309113698,0.1884791506008006,0.1884791506008006,0.1884791506008006,False,0.1610723508847415,6.118472788825727e-05,0.0001233448554551,9.632903873974511e-05,2.015941881451908,0.2190267005116303,0.2849272531213053,0.4960460463670643,-0.0566656387589454,0.9400935353336224,0.336174285465102,9915.719765047554,True,wing_L,high
-0.013668056298169,0.0039577156582138,-0.0032071389582167,0.0011224413497462,0.0003104338342785,0.2995166507897153,0.2995166507897153,0.2995166507897153,False,0.1587371594830104,1.92860192129564e-05,4.186106744171841e-05,1.720665446548448e-05,2.4328417546646977,0.5392850590872391,0.049672998672739,0.4110419422400218,0.7898801553746475,-0.5904668246771184,0.1656450092850478,9132.864151039748,True,wing_L,high
-0.0135550546345882,0.0027435202810613,-0.0030126733329867,0.0003685698470001,0.000360986543999,0.1458860252766803,0.1458860252766803,0.1458860252766803,False,0.3279874245515108,0.0001215501718578,8.471536692357344e-05,5.0390851053831456e-05,2.4121476283066894,0.3030419815231326,0.2823896942727667,0.4145683242041006,0.2015143045380295,-0.8526324184375815,-0.4820891453827141,19018.05766126609,True,body,high
-0.0136779045468724,0.0029325202367045,-0.0029030998955402,0.0001593813611567,0.0001519835654327,0.1334722655677799,0.1334722655677799,0.1334722655677799,False,0.8799716274191753,0.0001603227962009,6.542888363060899e-05,6.326429043596573e-05,2.534175205255808,0.5918928238464014,0.0135014685742534,0.3946057075793451,0.1620896434897631,0.3534366747194264,0.9213085609265964,26683.973376105543,True,body,high
-0.0138061886550822,0.0029062242555262,-0.0026756915583888,0.0001067240636476,8.946626899216733e-05,0.1199147058204696,0.1199147058204696,0.1199147058204696,False,0.8193462433097989,6.171637837486192e-05,0.0001415943142494,0.0001464462382602,2.37289099128105,0.0331310934876308,0.5454420463344681,0.421426860177901,-0.3447649937274846,0.7736964798251919,0.5315363169212378,8379.524130766506,True,body,high
-0.0135703606984409,0.0027912424302395,-0.0029857746079933,0.0003187750176246,0.0003163638874946,0.1060230150884876,0.1060230150884876,0.1060230150884876,False,0.8822323633905096,4.680836831094745e-05,0.0001133348253047,9.542757118278254e-05,2.4212513572763874,0.1580031034047716,0.4289873191324085,0.4130095774628199,-0.428611144377814,0.7765891531853731,0.4617377763081187,25344.91344834577,True,body,high
-0.0136033104298077,0.0030176207278784,-0.0029268124465093,0.0002354169978013,0.0001790077348405,0.0927032075615507,0.0927032075615507,0.0927032075615507,False,0.9972703795495342,5.099242820242872e-05,0.0001188697435725,6.328197062998652e-05,2.331125380039901,0.4676360129323681,0.1033866319401768,0.428977355127455,-0.4078777702355802,0.8086565796749208,0.4239224701476782,11144.78070762475,True,body,high
-0.013525391996495,0.0028880291037377,-0.0029099711636626,0.0002690401231974,0.0002646873278145,0.1240469201185251,0.1240469201185251,0.1240469201185251,False,0.5869458175248369,0.0001550545948036,6.868590263637782e-05,8.652012362644791e-05,2.2574442331269173,0.4420021945429337,0.1150189777520549,0.4429788277050112,0.3879908805180741,-0.8863486172358135,0.2526840029740122,37396.46643479455,True,body,high
-0.0137241914121792,0.0030384911418549,-0.0032379509596885,0.0004925078331709,0.000447838652641,0.0971014554968583,0.0971014554968583,0.0971014554968583,False,0.4652296649607325,0.0001148851592799,9.198844787199706e-05,3.907600363140998e-05,2.940043725136346,0.1993008631527788,0.4605681410221082,0.3401309958251129,-0.1993924703828334,-0.6120504562558898,-0.7652691564094214,8864.45840531992,True,body,high
-0.0137675940099918,0.002855525528865,-0.0026585414677443,0.0001274935433751,8.011323149967564e-05,0.10384544687377,0.10384544687377,0.10384544687377,False,0.9726553366810324,0.0001442257197431,0.0001532891542875,6.271009494529407e-05,2.4444095391868474,0.0591263914694837,0.5317768577738251,0.4090967507566911,-0.3085000269508812,0.7416054421463278,0.5956921197651143,10883.994539496862,True,body,high
-0.0135583431300975,0.0028100535684114,-0.0030487890754504,0.0003656597289812,0.0003656236623852,0.0893339525811515,0.0893339525811515,0.0893339525811515,False,0.3069389129009184,0.0001826081204254,7.851211391172694e-05,8.14891653099571e-05,2.325859174174617,0.5537484033015231,0.0163029518692506,0.4299486448292263,0.4355601342450491,-0.8993095626326779,-0.0391111239145077,16261.9358382983,True,body,high
-0.0136413945598416,0.0030438083193627,-0.0031811071340932,0.0004497049684014,0.0003920963028448,0.1261219892147564,0.1261219892147564,0.1261219892147564,False,0.4520341402320978,0.0001243624786561,8.491045879637714e-05,5.146426800061897e-05,2.4164820269981826,0.3172341069916179,0.2689411722666242,0.4138247207417578,-0.0069033088431793,-0.716874908307769,-0.6971676341926265,14360.68870691316,True,body,high
-0.0135513245899624,0.0029122148990036,-0.002950077143185,0.0002721940350369,0.0002623938570245,0.089251529569534,0.089251529569534,0.089251529569534,False,0.0933787850438141,5.7468414821907285e-05,0.0001549841500006,5.985140315968713e-05,2.6968579258879424,0.6138224253291334,0.0153756905965509,0.3708018840743156,-0.5823637334370848,-0.0307361461561024,-0.8123470756374338,27933.795337681026,True,body,high
-0.0143293954206558,0.001417862555454,-0.0021735796323923,0.001725637614166,0.0002801114684056,0.4657925985194267,0.4657925985194267,0.4657925985194267,False,0.0607535220347391,4.595772196828784e-05,2.2394865102766268e-05,5.1245982013199614e-05,2.2882916140838727,0.1031936522076922,0.4597991089223815,0.4370072388699262,0.3393195579869575,0.5510962655347019,0.7623353223360709,7617.233188333038,True,wing_R,high
-0.0140125585637762,0.0017382315099456,-0.0024271131437631,0.0012677039890883,9.536839795805668e-05,0.3200214851066044,0.3200214851066044,0.3200214851066044,False,0.117826828163207,8.607398021243393e-05,8.489588420108577e-05,3.701000292143709e-05,2.325695039666636,0.013687016778364,0.5563339950292117,0.4299789881924243,-0.1527621648265433,-0.4612550715165291,-0.8740180089665139,28335.51255645967,True,wing_R,high
-0.0136236149871877,0.0045426844920233,-0.0029296573173042,0.0016242296495247,0.0003618050756833,0.3684499898302216,0.3684499898302216,0.3684499898302216,False,0.1720604332168795,7.627273923061044e-05,2.702851599395344e-05,3.092378165903879e-05,2.821935886072083,0.5945631169015603,0.0510702212137422,0.3543666618846974,-0.0302520670400842,0.3843421571041385,0.9226949217982832,5509.054373816704,True,wing_L,high
-0.0138668288890199,0.00325508716205,-0.0027603243870198,0.0003461544666134,0.0002146473831331,0.1232487855784487,0.1232487855784487,0.1232487855784487,False,0.070156481166938,0.0001212503114128,0.0001658580721149,6.883876225830968e-05,2.4093703412702347,0.2689514000329152,0.3160024018501138,0.415046198116971,-0.3456964154247923,0.8914121643271881,0.293050066800824,7585.885020721903,True,body,high
-0.0136920258320421,0.0029530042686735,-0.0028990376559019,0.0001518167293382,0.0001382802103472,0.1298615592518389,0.1298615592518389,0.1298615592518389,False,0.8855796880942739,0.0001259869230674,0.0001096379334366,5.504974194608394e-05,2.288601519528961,0.1297673538873326,0.4332845835221036,0.4369480625905637,0.1069622037257058,-0.7258484443228561,-0.6794873971224409,24846.451209805826,True,body,high
-0.0139347301478134,0.0030129427454845,-0.0029007470965716,0.0002529727842452,0.0002469793422587,0.1497213351399867,0.1497213351399867,0.1497213351399867,False,0.0796106082532221,5.399471492285845e-05,0.000137167061811,9.164607395328448e-05,2.5403794057809863,0.3318652981024559,0.2744927137266586,0.3936419881708854,-0.1462375971334344,0.8943598729417803,0.4227706031126116,8595.121526204133,True,body,high
-0.0134525983293423,0.0031085707075665,-0.0029263757611075,0.0003792405787341,0.0002573284483679,0.1348908089782477,0.1348908089782477,0.1348908089782477,False,0.0265529163232578,0.0002123714234516,8.943980684910994e-05,9.135366234248032e-05,2.374462008957356,0.5698401373513466,0.0090118315461858,0.4211480311024675,0.2794219006395212,-0.9045606249809296,0.3220147157772576,8896.294688204007,True,wing_L,high
-0.0135687010277475,0.0028469335459774,-0.0029148596736163,0.000249521304621,0.0002495192734526,0.1325973912021177,0.1325973912021177,0.1325973912021177,False,0.1888193176209902,9.273706961142284e-05,0.0001446606016342,6.270417452909689e-05,2.307033028034207,0.3589334721149969,0.2076093611048261,0.433457166780177,-0.3730738048522173,0.8942846163949721,0.2471253953206491,28127.09711833869,True,body,high
-0.0135684038896211,0.0028962845316727,-0.0029264242351901,0.0002453124127369,0.0002405860115062,0.0982556803143793,0.0982556803143793,0.0982556803143793,False,0.1857652817003597,0.0001853722835664,8.637296496145709e-05,7.821564599619817e-05,2.3700153748709787,0.5340567462422576,0.0440050627219821,0.4219381910357602,0.1404450397582715,-0.8228808724933406,-0.55058356358676,48618.44449592542,True,body,high
-0.0135131258645639,0.0030752544187099,-0.0029608051859533,0.0003384395842102,0.000240381449184,0.1016122910465663,0.1016122910465663,0.1016122910465663,False,0.9891700946011852,5.108247342520097e-05,0.0001206005229153,7.913453300865791e-05,2.3608982656635327,0.3438292712528626,0.2326031339279048,0.4235675948192325,-0.3976756450709551,0.8151468386505599,0.4211765814422714,11025.396417098242,True,body,high
-0.0136085507702455,0.0028543759903851,-0.0028429639587621,0.0001769510061788,0.000175866754877,0.11958736775638,0.11958736775638,0.11958736775638,False,0.0800164601459391,0.0001426353931668,8.64277595008686e-05,6.004549954807765e-05,2.3754551838243563,0.3940651223935971,0.1849629279735526,0.4209719496328503,0.2318457312720586,-0.7196587122301953,-0.6544760460109302,26863.38238177135,True,body,high
-0.0135766261531218,0.002875957118913,-0.002933999621736,0.0002487241671878,0.0002471234661172,0.1244142086264342,0.1244142086264342,0.1244142086264342,False,0.430549719194582,0.0001533940068771,8.34428696157954e-05,6.200379846514979e-05,2.4739453174535506,0.4560226223010086,0.1397647247575322,0.4042126529414591,0.0944358469160684,-0.7448392629153234,-0.6605273220972789,44241.78196000717,True,body,high
-0.0136048151227432,0.0029465053610911,-0.0029940271726078,0.0002741700933143,0.0002554677710635,0.1177593659250826,0.1177593659250826,0.1177593659250826,False,0.1630956922534545,0.0001351256371117,5.613164643070464e-05,5.1370659229361655e-05,2.630404965380232,0.5845966196312878,0.0352337817094245,0.3801695986592876,0.2388697507134591,0.4211298627640316,0.8749805031441773,20180.67449980108,True,body,high
-0.0139401215384169,0.0031864833033844,-0.0027763917308514,0.0003226915430374,0.0002602391682973,0.1371824780817527,0.1371824780817527,0.1371824780817527,False,0.0282176461351178,5.308748880290799e-05,0.0001302693101739,0.0001042557548652,2.453860845775381,0.1996905892419745,0.3927883397398293,0.4075210710181961,-0.5272461270381423,0.8174645135353477,0.2318691239335175,7891.441160139673,True,body,high
-0.013734576065283,0.0029590336370217,-0.0029915747452178,0.0002358204821573,0.0002231631054805,0.0840742816080669,0.0840742816080669,0.0840742816080669,False,0.8706229978041081,7.769857359432639e-05,8.508790243307397e-05,3.436052719166093e-05,2.476327035335017,0.0868434716034946,0.5093326449873773,0.403823883409128,-0.2061304758788746,-0.7587675947523118,-0.6178850735110379,28208.564418158094,True,body,high
-0.0140007646552472,0.0017332565432026,-0.0024228221232801,0.0012710629879371,0.0001071139373849,0.4391369826906792,0.4391369826906792,0.4391369826906792,False,0.0909307452995048,3.5674273633001604e-05,8.903463100166372e-05,8.165649996330752e-05,2.4957657699664964,0.0828681037406482,0.5164532700702346,0.4006786261891172,0.2206673476574957,0.5298717850517942,0.8188661753203824,25363.909560115782,True,wing_R,high
-0.0137369572460826,0.0034186147585651,-0.003200631321002,0.0006582085101991,0.000359199606746,0.1790764370107128,0.1790764370107128,0.1790764370107128,False,0.0608001350807678,0.0001207973566606,5.190996963061782e-05,0.0001070668730965,2.327055043958186,0.1136654306324242,0.4566068744441854,0.4297276949233903,0.3022288855284054,-0.8916608935931247,0.3370438422356472,3079.5226968646657,False,body,high
-0.0141316239665333,0.003288500895178,-0.0033714146831865,0.0008095542036927,0.0007254156508566,0.2473353180639685,0.2473353180639685,0.2473353180639685,False,0.1253425379766801,7.55142276057615e-05,5.808442573535576e-05,5.353821015797257e-05,1.4104735175670868,0.23081480699772,0.0602034308172719,0.708981762185008,0.2998331691599146,-0.8796692588710151,-0.3691640091732138,3928.668354188368,True,body,high
-0.0135709521351286,0.002877803100128,-0.0028247523410579,0.0001921853101117,0.0001919869705851,0.1375024179155054,0.1375024179155054,0.1375024179155054,False,0.906286992495298,0.0001085872690858,5.004999129223016e-05,8.707181773054145e-05,2.1695761833773948,0.1981397224228294,0.340940763590207,0.4609195139869635,-0.776980896031255,-0.5857513832083141,0.2306425898918383,22262.865665429963,True,body,high
-0.0139899399609241,0.0017163858825269,-0.002399002687582,0.0012912667461777,0.0001321922219671,0.4552613794710888,0.4552613794710888,0.4552613794710888,False,0.0944889214075998,3.554909002775236e-05,7.572466289976809e-05,8.152593238258755e-05,2.293333874902061,0.071158578789324,0.4927950125547597,0.4360464086559161,-0.2340463950228286,-0.5385990897379145,-0.8094030550413731,21478.408838305026,True,wing_R,high
-0.0136067440626029,0.0029575539866324,-0.002838207829856,0.0001601125842036,0.0001403581950796,0.16003608238902,0.16003608238902,0.16003608238902,False,0.1509228405290051,5.9382067975262776e-05,0.0001610468586674,0.0001101806257535,2.712045305235511,0.3158474082312362,0.3154271880782228,0.3687254036905409,-0.1318213141927953,0.9493182054217294,0.2853385462557614,14721.491132832369,True,body,high
-0.0139874717798301,0.0031239023945668,-0.0028804816873681,0.0003345434934701,0.0003034229629824,0.124877136075608,0.124877136075608,0.124877136075608,False,0.0416342808689226,0.0001214336708912,0.0001075142677913,5.29572306909403e-05,2.29305175717965,0.114625564703148,0.449274379173411,0.4361000561234409,0.2318064016328334,-0.8124463122171378,-0.5349736273189645,8386.494781404952,True,body,high
-0.013561147719558,0.0031647454665429,-0.0023811556536685,0.0004782213213233,0.0004391778736619,0.1165459216365464,0.1165459216365464,0.1165459216365464,False,0.0501528030197908,9.867969308486106e-05,4.662681357053149e-05,3.5270931117733534e-05,2.7977626322217177,0.5274933260034153,0.1150782100936642,0.3574284639029205,-0.3855803914218279,0.3000986669665925,-0.8725070497341927,3483.44367135854,False,wing_L,high
-0.0139381039306384,0.0027892115018453,-0.0031400270793771,0.0004527387754581,0.0004399070700338,0.107461903632382,0.107461903632382,0.107461903632382,False,0.2849080874575174,0.0002488909363631,9.631480047994104e-05,9.985413439059038e-05,2.5841400815127824,0.5988036533202354,0.0142204210501486,0.3869759256296159,0.2910176198819681,-0.904571920775251,0.311541947517838,4295.766805522569,True,body,high
-0.013580898470292,0.0028893493454748,-0.0029171331042686,0.0002312374339131,0.0002283966567941,0.1091482629810468,0.1091482629810468,0.1091482629810468,False,0.0732980700247151,0.000178034113055,0.0001024234197687,6.317795179063747e-05,2.8179785512043827,0.4246977839744878,0.2204379110532094,0.3548643049723028,0.1911895204135022,-0.8233355179101353,-0.534383001443445,43680.958515861945,True,body,high
-0.0135627105142792,0.0028961260539323,-0.0029214676399824,0.0002460794425455,0.0002413005475331,0.1050262044355448,0.1050262044355448,0.1050262044355448,False,0.1290076165620827,0.0001620648839584,8.581775978526802e-05,6.712257134036862e-05,2.4144617931366,0.4704728273689859,0.1153561955450975,0.4141709770859166,0.1183183561939763,-0.7480030773993432,-0.6530636743753762,43157.160142041575,True,body,high
-0.0135453075026746,0.002883493614698,-0.0029805979531357,0.0003017933257497,0.0002970505212399,0.1166628473041897,0.1166628473041897,0.1166628473041897,False,0.470284899385926,5.556601313150294e-05,0.0001401191000368,7.387695060071374e-05,2.521669130826396,0.4727560298252811,0.1306812380639117,0.3965627321108071,-0.5455925253511342,0.7507325057333615,0.3724640937275427,22223.291490988984,True,body,high
-0.0136573533017827,0.002944600171103,-0.0029757327666267,0.0002346847367317,0.0002206542777201,0.1056607035718961,0.1056607035718961,0.1056607035718961,False,0.1855610930915278,0.0001749753328121,6.912189951044507e-05,6.786167303051869e-05,2.578411716042553,0.6049620343648235,0.0072023093751129,0.3878356562600635,0.1790791575804383,0.3233153028763409,0.92919205240158,20809.61828771274,True,body,high
-0.0135548528912791,0.0028721132201939,-0.0029265462856145,0.0002596831694654,0.0002580800457002,0.0942571385871844,0.0942571385871844,0.0942571385871844,False,0.1500696603878303,7.586293947815499e-05,0.0001490884539096,5.8797024395219446e-05,2.535646241338875,0.4911548313182589,0.1144683886337566,0.3943767800479844,-0.4003632089866116,0.8974432546815778,0.185215834950684,36437.475274930446,True,body,high
-0.0136960876572187,0.0029239793359151,-0.0029768236952794,0.0002243997482094,0.0002186612883874,0.1419174127540303,0.1419174127540303,0.1419174127540303,False,0.4302704302924138,8.837209294891602e-05,5.078379507949767e-05,6.613432323768038e-05,1.7401632314122468,0.251637920628295,0.1737033450939786,0.5746587342777264,-0.7337242333603649,-0.6001710279156223,0.3185019413291707,23580.02396356344,True,body,high
-0.0134787531536033,0.0028893957718937,-0.0028787281291751,0.0002935079525562,0.0002882268394139,0.1125006029166302,0.1125006029166302,0.1125006029166302,False,0.1903304157536831,0.0001021161939221,0.0001377703191468,5.5418415156720345e-05,2.486002509404277,0.2587939510155997,0.3389538403815896,0.4022522086028106,-0.5128091785109177,0.8019206515973286,0.3065126669106417,19856.3470234899,True,body,high
-0.013568798790883,0.0028901373825243,-0.0029689001321348,0.0002769056890996,0.0002721957735417,0.1016019671524143,0.1016019671524143,0.1016019671524143,False,0.7864805463064903,5.022810690949235e-05,0.0001206938350427,8.14337739738815e-05,2.40291427387892,0.3252863831441993,0.258552286894685,0.4161613299611156,-0.5948841486348722,0.7266178069852702,0.3437141432569789,29510.48683178114,True,body,high
-0.0142662977239141,0.0018087449601345,-0.0025969724470683,0.0012496792516555,0.000220365860665,0.2868547813379698,0.2868547813379698,0.2868547813379698,False,0.3040026663377771,2.137524040229141e-05,4.538016934765736e-05,5.1492987899386096e-05,2.409001579877721,0.1187116693184085,0.4661785987690207,0.4151097319125707,-0.1341308679473969,-0.4379351872427513,-0.8889441388739423,6951.5796966237895,True,wing_R,high
-0.0137245940061168,0.002947109630443,-0.0029254592897856,0.0001696502505275,0.0001608519451718,0.1614869426147323,0.1614869426147323,0.1614869426147323,False,0.1036129405037485,0.0001093077119975,4.623286615326364e-05,9.174331486918305e-05,2.3642858661450497,0.1606876295128177,0.4163516725786453,0.4229606979085369,-0.7262789282824436,-0.6336541599306522,0.2664607361985706,27770.15011606072,True,body,high
-0.0137688340676819,0.0029633363002143,-0.0028134639842192,6.93351750216864e-05,6.034746570145415e-05,0.1578176893941704,0.1578176893941704,0.1578176893941704,False,0.0068130531889692,5.356900699585742e-05,0.0001542049689806,9.55842313708503e-05,2.8786228759575465,0.3801481754918525,0.272463492277459,0.3473883322306884,-0.1744910565615005,0.8686827950014568,0.4636195345846723,11394.786189780416,True,body,high
-0.0141446586694879,0.0030782850360263,-0.0029578371521355,0.00047243554773,0.0004668951426065,0.1906813347455483,0.1906813347455483,0.1906813347455483,False,0.0821265742288526,1.6705038127523847e-05,4.376592796202569e-05,1.8940303265599768e-05,2.619923859372419,0.5672363377732178,0.0510731804890642,0.3816904817377179,-0.2722787483476609,-0.2335616735326386,-0.9334416038804269,6663.835797560682,True,body,high
-0.0135683933844525,0.0028109931386426,-0.0029798299764591,0.0003073268531778,0.0003065909767331,0.2014820112144393,0.2014820112144393,0.2014820112144393,False,0.9583234413855866,8.755427250372875e-05,6.2250333176656e-05,7.536005495876337e-05,1.4064868095607523,0.1392760992268659,0.1497325191246269,0.7109913816485072,0.4706398546442986,-0.8496568504934006,-0.2378683745898732,23593.680688096247,True,body,high
-0.0130380915344904,0.0027059229104828,-0.0024779228437188,0.0007909467096988,0.0007865743475498,0.1024720326683575,0.1024720326683575,0.1024720326683575,False,0.9679528375436918,0.0001255939841715,0.0001283921789865,5.2920072825326046e-05,2.42615272677999,0.0217941220184935,0.5660306719600751,0.4121752060214314,0.0188449674804947,-0.6068197436783483,-0.7946160493488676,8132.614919092307,True,body,high
-0.0135589723577192,0.0029682534250189,-0.002794179420122,0.0001907561911872,0.0001678133465961,0.1332552620206697,0.1332552620206697,0.1332552620206697,False,0.4539588329406336,4.646182309765431e-05,0.0001210573574822,7.783926687879182e-05,2.6055231889585544,0.3570050718295348,0.2591948513806259,0.3838000767898393,-0.3297716787030367,0.9154101270906893,0.2308136459249973,15693.641971066612,True,body,high
-0.0135454618554996,0.0030248029234885,-0.0029958305103114,0.0003229678121599,0.0002615932772554,0.0892758092163671,0.0892758092163671,0.0892758092163671,False,0.4402081329231369,0.0001580427471034,9.04356012184186e-05,6.770898130853233e-05,2.334147465360365,0.4277775926077383,0.1438004611183524,0.4284219462739093,0.1284613352619097,-0.7517501481517538,-0.6468148112841448,11879.64855687019,True,body,high
-0.0135754859365172,0.0029068170482906,-0.0029518581091295,0.0002576077871501,0.0002502250238285,0.1115204046536258,0.1115204046536258,0.1115204046536258,False,0.5324605818301477,4.2983564350920215e-05,0.0001197760038705,7.899353254506968e-05,2.7865535508569472,0.3404894971245931,0.3006442612083588,0.358866241667048,-0.39046796807202,0.7630889012143618,0.5150049463385437,35824.748977836854,True,body,high
-0.0135427973128155,0.0028910984653249,-0.0029152753560194,0.0002578944696296,0.0002534728211871,0.0856255223681235,0.0856255223681235,0.0856255223681235,False,0.2652253600231125,0.0001681904702031,7.264501276400094e-05,8.257311817670776e-05,2.31523767157386,0.5090499593885606,0.059028941418104,0.4319210991933354,0.3615094199008299,-0.8955270984053403,0.2595036711583799,38430.93698464754,True,body,high
-0.0134580233893484,0.0029602898282834,-0.0027577612817203,0.0002859936181154,0.000266975964836,0.1113433851786548,0.1113433851786548,0.1113433851786548,False,0.8483027600373811,0.0001401258484126,9.236151581263172e-05,5.401804646017453e-05,2.5940562014947486,0.3408673927122817,0.2736359478769548,0.3854966594107635,0.0590199964461813,-0.8235789507917695,-0.5641226389999092,12129.05096678576,True,body,high
-0.0137873569941763,0.0029842732233138,-0.0030852057862815,0.0003349034601204,0.0003179000957377,0.1498786484196058,0.1498786484196058,0.1498786484196058,False,0.2998441895420831,7.281105780111473e-05,4.010056115061841e-05,6.316030065818419e-05,1.8157116936003743,0.1325452126968382,0.3167065580966294,0.5507482292065323,-0.755613893149049,-0.6029338114965901,0.255965746603587,9608.582603093071,True,body,high
-0.0137162323741821,0.0029411116793001,-0.0029143598010228,0.0001593759598039,0.000151911830955,0.1096017072440615,0.1096017072440615,0.1096017072440615,False,0.2619077361879151,0.0001853655658663,6.50679751931542e-05,7.152318973384612e-05,2.8487987418705023,0.6141506142223472,0.0348242377731971,0.3510251480044556,0.4506652604219569,-0.8821949731765375,0.1365022063955628,28485.69649223469,True,body,high
-0.0135713722601665,0.0036371381286424,-0.0030733057903446,0.0007913978281363,0.0001606941763924,0.2676323798075087,0.2676323798075087,0.2676323798075087,False,0.1608362754955501,1.801724044695441e-05,4.148696496348437e-05,3.710729907125264e-05,2.302625925741987,0.1055672762779005,0.4601459432161582,0.4342867805059412,-0.4526914593656292,0.1215104457299485,-0.8833491122970158,4861.048230688103,True,wing_L,high
-0.0138663844533346,0.0044211933149212,-0.003151720474168,0.001545466803341,0.0005334171350305,0.3529753720539331,0.3529753720539331,0.3529753720539331,False,0.186121877791663,4.7843555369122505e-05,0.000111885730706,0.0001186462320485,2.4798790794954764,0.0569803290486992,0.5397742029491082,0.4032454680021926,0.6314360342438685,-0.5800040797078416,0.5146686333755299,7709.257111925607,True,wing_L,high
-0.0137528568147703,0.0039952402373099,-0.0032767456521616,0.0011833241568256,0.0004211797496531,0.3523752410603288,0.3523752410603288,0.3523752410603288,False,0.1437432430829314,6.526274226986919e-05,2.4028886954246493e-05,2.7706366923544346e-05,2.716011873298012,0.5754642547967839,0.0563488422550654,0.3681869029481506,-0.1029806154763855,0.3032315671175288,0.9473360594527964,17052.892513305815,True,wing_L,high
-0.0136729574465509,0.0029494632786595,-0.0029142792494295,0.0001724918296672,0.0001587017021355,0.1577905513401617,0.1577905513401617,0.1577905513401617,False,0.146954633466342,5.942427317566511e-05,0.000157310436216,9.680580774324513e-05,2.6472420748167176,0.3846192911809825,0.2376290821306137,0.3777516266884037,-0.0326030776459762,0.9845026173464078,0.1723126105834478,22989.788413959068,True,body,high
-0.0129970255959989,0.0026033294795357,-0.0022848385794304,0.000941958193717,0.0009185312724226,0.16991480484465,0.16991480484465,0.16991480484465,False,0.3256638624965373,6.193146382092123e-05,4.79905633676636e-05,0.0001168996778921,2.435888843323765,0.4702169848741804,0.1192552512088494,0.4105277639169701,0.1162234005166413,-0.4528557145109892,-0.883976143912883,5905.865042731917,True,wing_L,high
-0.0135920491088969,0.0029192149986188,-0.0029405089845595,0.0002373711146092,0.0002279742778212,0.1282933025620073,0.1282933025620073,0.1282933025620073,False,0.6425617878303118,0.0001730448683172,7.039834501445888e-05,7.594647564881613e-05,2.458081483048285,0.5611168572213036,0.0320618039026993,0.4068213388759971,0.4398606357769933,-0.8799859435111672,0.179296849711921,31833.90269350267,True,body,high
-0.0133850798281046,0.002935140522206,-0.0027051588559204,0.000361351256216,0.000350623543187,0.1033502026093517,0.1033502026093517,0.1033502026093517,False,0.1058802388888128,5.311554422231838e-05,0.0001186152895962,7.788783060638704e-05,2.233155874291008,0.3433575817121312,0.2088456426519161,0.4477967756359526,-0.1609679366099943,0.9509393126842672,0.2642039874322389,7411.551221453295,True,body,high
-0.0136376146579903,0.0030784681306178,-0.0031699205786255,0.0004501248761589,0.00037329592518,0.1021973565529389,0.1021973565529389,0.1021973565529389,False,0.4510553834479807,0.0001386524455127,8.123876733013758e-05,6.164067546521986e-05,2.249366095784672,0.414083415335953,0.1413468892845322,0.4445696953795147,0.0227345125951508,-0.7664660842914587,-0.6418822972850862,14589.209098495256,True,body,high
-0.013580366444781,0.0029000131435418,-0.0029371256009535,0.0002441965251077,0.0002389249506634,0.0802881027198617,0.0802881027198617,0.0802881027198617,False,0.1082917315216698,8.62648786334167e-05,0.0001751797003123,7.451803441348608e-05,2.3508363001142456,0.5075634991977575,0.0670559670954071,0.4253805337068354,-0.3503694855931569,0.8918382158953365,0.2861220373089248,44507.0056986404,True,body,high
-0.0135787323537155,0.0028813129201501,-0.0028598627286588,0.0001997885065579,0.000199042253286,0.0934593403303051,0.0934593403303051,0.0934593403303051,False,0.05217807844021,0.0001619669243635,9.303723654668122e-05,6.757531957098834e-05,2.396835492482253,0.425578790779309,0.1572044235311723,0.4172167856895186,0.3154862624077725,-0.8415301067562443,-0.4385151053895393,33729.4762662715,True,body,high
-0.0136084486447152,0.0028692397809976,-0.002913676989549,0.0002152837450981,0.0002150893469588,0.1082819974652312,0.1082819974652312,0.1082819974652312,False,0.1583618594562282,0.0001205245803392,0.0001464983414587,6.153066919614112e-05,2.380899531447936,0.1772973049449718,0.4026933721955065,0.4200093228595216,-0.4580574383834976,0.7936374494616003,0.4004035239026178,30407.17489155709,True,body,high
-0.0130960980642773,0.0026529179289139,-0.0023961381924843,0.0007914631059162,0.0007739900353038,0.0998623069170038,0.0998623069170038,0.0998623069170038,False,0.9290198377924735,5.1378743360312726e-05,0.0001211507919987,7.352123924044149e-05,2.357994455978483,0.3931427271132096,0.1827680654399323,0.424089207446858,-0.1352828917522217,0.8222460631645563,0.5528199985615073,7314.22202722981,True,body,high
-0.0133803790635037,0.0028457035422149,-0.0028640868342772,0.0003873415205991,0.0003855233635278,0.1010895051883027,0.1010895051883027,0.1010895051883027,False,0.240316570258286,4.097626344184822e-05,9.900036940335248e-05,7.106235453736277e-05,2.416041900546877,0.2822011173732413,0.3038987761039176,0.4139001065228411,-0.3175077447977761,0.8921123715687859,0.3214410497857214,8744.61963141226,True,body,high
-0.0135260419427465,0.0028931495538678,-0.0028961249311413,0.0002600855761235,0.0002552402114624,0.0886561401690094,0.0886561401690094,0.0886561401690094,False,0.2882829388754528,0.0001721476324068,6.887888595019015e-05,7.519429213043291e-05,2.499280149963147,0.5631988016384406,0.0366859891823301,0.4001152091792292,0.3625819736222925,-0.9081930848943492,0.2090924029089743,34910.33733624578,True,body,high
-0.0137714488891196,0.0029469738546596,-0.0029635518133842,0.0002086502086595,0.0002027615800765,0.1193103376585815,0.1193103376585815,0.1193103376585815,False,0.562397715850291,0.000110869232996,6.636575486138283e-05,4.669031088309796e-05,2.3745661765601325,0.4014051232434503,0.177465320599631,0.4211295561569186,0.1856306104604552,-0.8201129567278863,-0.5412541128408384,18875.861146862266,True,body,high
-0.0135356472211414,0.0030633391383411,-0.0029475287895196,0.0003101877766376,0.0002204021561527,0.080368777058854,0.080368777058854,0.080368777058854,False,0.9698691748921106,0.0001442986366827,6.099980404475727e-05,6.50255443325393e-05,2.365559020105184,0.5493682696703932,0.0278986716737566,0.4227330586558501,0.5391899410581563,-0.8380740650435861,0.0831027614644746,11247.363084725344,True,body,high
-0.0145955494134661,0.0019003726211892,-0.0027964887212323,0.0013391331811294,0.0006138060792772,0.273465615401624,0.273465615401624,0.273465615401624,False,0.2994017449052157,1.7668586969456913e-05,4.184354542876303e-05,5.215351069439176e-05,2.9517646648567744,0.197684971315601,0.4635346333819428,0.3387803953024561,-0.0310913616366543,-0.6269004678087596,-0.7784787284780086,6565.413020387914,True,wing_R,high
-0.0137193350661598,0.0029414157067507,-0.0030049252450325,0.0002487491249574,0.0002397024535942,0.2478482508245561,0.2478482508245561,0.2478482508245561,False,0.0997118891297788,6.261125543792626e-05,4.951479734728869e-05,2.368588108176384e-05,2.643399889655434,0.2091709868942269,0.4125283239390084,0.3783006891667645,0.8045856786819534,-0.5908026163346628,-0.0599512651410951,27001.170502401543,True,body,high
-0.0129557186099903,0.0025514151623407,-0.0026944302627831,0.0008763678174383,0.0008613511653469,0.1766678086112449,0.1766678086112449,0.1766678086112449,False,0.150269761459949,0.0001020051373959,3.558297451829308e-05,9.106765503348664e-05,2.8666838221599646,0.1072248186871395,0.5439400596053928,0.3488351217074677,0.3391326670674802,-0.933731580329825,0.1146052792085323,5465.870336741973,True,body,high
-0.0143855397903067,0.0018034117115908,-0.0026216941969931,0.0013059454429065,0.0003368144498547,0.2393781346109185,0.2393781346109185,0.2393781346109185,False,0.3120177291180963,9.214034088322836e-05,8.735177326219786e-05,3.81221698283512e-05,2.4169752482111915,0.0519703701454627,0.5342893564528538,0.4137402734016834,-0.1339349054911138,-0.4410249918653269,-0.8874448701982987,6892.878438176527,True,wing_R,high
-0.0141085399629187,0.0032186482263065,-0.0022718476828935,0.0006722168193945,0.0006684167223565,0.2390076009701571,0.2390076009701571,0.2390076009701571,False,0.2250101207492164,2.496655718491423e-05,5.291522806973425e-05,2.20330564699175e-05,2.401629031450142,0.5281782183379784,0.0554377411192637,0.4163840405427578,0.6718773582378385,-0.6725214040411545,-0.3103156080410025,3937.3123335622186,True,body,high
-0.0138532800270013,0.0032899051234901,-0.0028796569261161,0.0003940537255607,0.0002111013850195,0.1297303415483175,0.1297303415483175,0.1297303415483175,False,0.0881288482765331,0.0001273178421053,5.450389857503439e-05,0.0001029051276276,2.3359400966540336,0.1917462161943155,0.38016061419385,0.4280931696118343,-0.674337644398386,-0.7209744200200014,0.1595763987062582,6471.360987767228,True,body,high
-0.013662272909765,0.0029786990713601,-0.0031810161761578,0.0004336432862946,0.0004056221779488,0.25663084138497,0.25663084138497,0.25663084138497,False,0.3246479371728896,2.0539456441047083e-05,4.940927658891495e-05,1.944994611956709e-05,2.540329741027308,0.5842995919180257,0.0220507240076537,0.3936496840743205,0.9040523428683468,-0.4273048847817133,-0.0099948384649233,10244.626956432849,True,body,high
-0.0141112397494781,0.0031309893834837,-0.0029453276687529,0.0004591086853088,0.0004408889258531,0.1144944259924341,0.1144944259924341,0.1144944259924341,False,0.1174666769239016,0.0001976026180159,8.597766453772999e-05,7.170260160148384e-05,2.755863993808505,0.5648961263721678,0.0722412642078238,0.3628626094200084,0.1119251752566096,0.258226144541533,0.9595790813783888,7037.829242298428,True,body,high
-0.0133336959446254,0.0028925468837993,-0.0027536616532295,0.0004108345377071,0.0004046391559265,0.0686517625060942,0.0686517625060942,0.0686517625060942,False,0.8867250199062873,5.706596408653464e-05,0.0001363337754339,0.0001012738448308,2.389055851701737,0.2571624712324685,0.3242621324293945,0.4185753963381369,0.0007386799399511,0.9606584550481782,0.2777315018077596,7540.804192354376,True,body,high
-0.0135655123672718,0.0028797249902349,-0.0028753381809182,0.0002190801155762,0.0002179220830044,0.099064340518526,0.099064340518526,0.099064340518526,False,0.051410023195142,0.0001633036556601,7.776061932947971e-05,6.55001807882719e-05,2.493178701110264,0.5238280550725263,0.0750775510299647,0.401094393897509,0.0796246764077095,-0.7326220290528223,-0.6759621834492613,33585.864387621965,True,body,high
-0.0135762716706835,0.0028863493212221,-0.0028901872636409,0.000217655311407,0.0002157218099043,0.0998768343511199,0.0998768343511199,0.0998768343511199,False,0.078227260027634,0.0001809610072692,6.463393673525061e-05,7.557943020043585e-05,2.79978315432807,0.5823441119114823,0.0604853699167296,0.3571705181717881,0.4541773426115729,-0.8896490263906094,0.0474083463171972,34721.27089408336,True,body,high
-0.0133443137448522,0.0026444188518696,-0.0022868271147627,0.000680315432528,0.0006277347940065,0.1246143643853679,0.1246143643853679,0.1246143643853679,False,0.2396692714656743,9.879622084017789e-05,0.0001191761044797,4.005996777710794e-05,2.9749425946319903,0.1710064591261782,0.4928526009429445,0.3361409399308772,0.2541418362208927,-0.7085567558402005,-0.658300274066085,5488.362904331896,True,body,high
-0.0135319483415197,0.0027807215796925,-0.0029829088681671,0.000343654434081,0.000341389332542,0.0899391278227127,0.0899391278227127,0.0899391278227127,False,0.9261960757775004,4.715947715300186e-05,0.0001210364052489,7.729025255544201e-05,2.5665340787454545,0.3614297087191248,0.2489397742807622,0.3896305170001129,-0.1006513335129186,0.96862798973542,0.2272204360597649,24908.445677776675,True,body,high
-0.013546671968236,0.0031235074376205,-0.003032718880011,0.0003883853312402,0.0002587387263444,0.0731947803577678,0.0731947803577678,0.0731947803577678,False,0.7782415083407573,0.0001379572138631,6.133803082055644e-05,5.9240432747745714e-05,2.328767827382181,0.5553836649571434,0.0152047001680645,0.429411634874792,0.0349027756063535,-0.8428901550922732,-0.536952495760562,8595.221165874878,True,body,high
-0.013733585841703,0.0029109857724108,-0.0029635244631943,0.0002073429201612,0.0002057767851414,0.1068813779491706,0.1068813779491706,0.1068813779491706,False,0.0954101298056082,0.0001258958218722,6.63249445155426e-05,5.225557222918721e-05,2.4092324799377263,0.4731759678027801,0.1117540842668117,0.4150699479304081,0.3832691170316196,-0.7109919012239883,-0.5895721332658979,21314.14092888415,True,body,high
-0.0137376537947168,0.0029522206104856,-0.0029576074609751,0.0002012405227905,0.0001914737598374,0.0831551860019816,0.0831551860019816,0.0831551860019816,False,0.9614738782764743,0.0001225544494638,5.250974784577279e-05,4.643723786128207e-05,2.639141669663843,0.5715394416480764,0.0495494860534163,0.3789110722985074,0.2905656872332476,0.2316572004107686,0.9283892087376476,26809.23912644453,True,body,high
-0.0135750758329461,0.0028864525978725,-0.0030032250665092,0.0003009162606869,0.0002962399622135,0.0980659829628763,0.0980659829628763,0.0980659829628763,False,0.6057195157996457,0.0001267131552045,4.668777289311252e-05,5.571251650503709e-05,2.714054394812492,0.5603257103408283,0.071221836417501,0.3684524532416706,0.5597839682872402,-0.8267259947715151,0.0562675609711212,20714.401530235584,True,body,high
-0.0151705494653277,0.0014532231773865,-0.0024447875146072,0.0020793113539464,0.0009735012283945,0.2579427830219465,0.2579427830219465,0.2579427830219465,False,0.0924943150650545,9.0832425187216e-05,9.20491750059432e-05,3.721489357047301e-05,2.4734499060606403,0.0132184760879024,0.5824879105465218,0.4042936133655757,-0.0976036855492185,-0.532801719590484,-0.8405925577642435,5105.4284226266855,True,wing_R,high
-0.0141764784356155,0.0030491272730881,-0.0023644891398658,0.0005969696364851,0.0005905906443996,0.2021605298212954,0.2021605298212954,0.2021605298212954,False,0.25379530449289,2.397182589202607e-05,4.9575560794381546e-05,2.088649639767397e-05,2.373569977964449,0.5164588053486463,0.0622348884190889,0.4213063062322648,0.4937495173264646,-0.7728185191940162,-0.3987015807977838,4865.652456104999,True,body,high
-0.0146238837418836,0.0017087912981178,-0.0025897632789564,0.0015169024948701,0.000530852321447,0.3717949147213082,0.3717949147213082,0.3717949147213082,False,0.1264051832014645,3.2985381436798966e-05,8.098782574450549e-05,7.104480418625694e-05,2.455264187248546,0.1227718051058201,0.4699400483910393,0.4072881465031405,-0.122868582243554,-0.461146018190384,-0.8787762294262476,8358.682881817756,True,wing_R,high
-0.0131129613779617,0.0027245024530379,-0.0025291290032428,0.0007011753977477,0.0006971651722569,0.1343134107287697,0.1343134107287697,0.1343134107287697,False,0.4763490665886489,6.648637100086207e-05,0.0001496733970098,9.375875477831403e-05,2.251189149846588,0.3735776921521638,0.1822126331218597,0.4442096747259764,-0.0399604669299356,0.9357553479793024,0.3503784950747921,10158.4440960148,True,body,high
-0.0133280726367829,0.003022359687133,-0.0022326930457483,0.00067481564793,0.0006692442589029,0.2420162594782702,0.2420162594782702,0.2420162594782702,False,0.2822481211396332,1.7457896122103438e-05,4.539752710514653e-05,1.629304608501292e-05,2.786313060693128,0.6154438967199976,0.0256588874189683,0.358897215861034,0.9001396905810148,-0.4293699959421888,-0.0734162381583254,4078.706325433703,True,wing_L,high
-0.013660355844182,0.0028147733897373,-0.0030291116398335,0.0003070997530792,0.0003054308779465,0.1447401066541286,0.1447401066541286,0.1447401066541286,False,0.4495129852452075,0.000158144139694,0.0001575464491187,6.892159640258517e-05,2.294551315530375,0.0037794038804156,0.5604055445094378,0.4358150516101465,-0.4802051023747994,0.8507070821360688,0.2137767996222801,12007.03763850925,True,body,high
-0.0137112560097742,0.0029600880019462,-0.002992950813395,0.0002392370967867,0.0002241122243692,0.1287074689475968,0.1287074689475968,0.1287074689475968,False,0.9879855990328458,0.0001089372847133,4.2866118126054e-05,8.131317770016758e-05,2.5413377622168167,0.2535780755496044,0.3529283814560566,0.3934935429943389,0.1314706377630778,-0.8712316210275866,-0.4729386153908495,28562.453509687635,True,body,high
-0.013092910234657,0.0026944790460189,-0.0025531479994181,0.0007212970638501,0.0007153014947427,0.0971261723118476,0.0971261723118476,0.0971261723118476,False,0.5755965458233345,0.0001037284446752,0.0001066425429388,4.418012624372079e-05,2.413812544367332,0.0273258512342202,0.5583917711497071,0.4142823776160727,-0.0089942935822307,-0.7425317467658136,-0.6697504816928963,10357.95891060094,True,body,high
-0.0135348213835451,0.0028348916913546,-0.0029692034315198,0.0003121677718022,0.0003120657843494,0.1230452333592239,0.1230452333592239,0.1230452333592239,False,0.8246630859939796,0.0001817978680812,6.648522969645853e-05,8.238127534204422e-05,2.734409866841742,0.54685235744771,0.0874380201118892,0.3657096224404008,0.4767594466457287,-0.8639267268219497,0.1622684218101926,24032.42800125727,True,body,high
-0.0135492819340534,0.0027988269760954,-0.0030057296878824,0.0003416969011474,0.0003409729486432,0.1423283171926076,0.1423283171926076,0.1423283171926076,False,0.7592111303646503,9.58792570882377e-05,4.48163708979339e-05,3.9656022532263e-05,2.4177729123043816,0.5325749045313379,0.0538213219666671,0.4136037735019949,-0.5007409260687415,0.0598689449178762,-0.8635243102508696,27882.23928669568,True,body,high
-0.0135278546929346,0.0028281844452265,-0.0028702062716524,0.0002638446382251,0.0002632937486003,0.0876484675687991,0.0876484675687991,0.0876484675687991,False,0.0968651727108821,5.786112123230499e-05,0.0001422101934451,9.513293733816402e-05,2.457784958473959,0.3310399554809357,0.2620896238371423,0.4068704206819221,-0.1717663102707416,0.9310821826988852,0.3218420477760099,17853.427933462965,True,body,high
-0.0135642463481319,0.0028874865020769,-0.0028780806642055,0.0002198841861323,0.0002177293759757,0.1086937426118013,0.1086937426118013,0.1086937426118013,False,0.0880083116754237,0.0001637138400776,7.047183132300196e-05,6.588358952153592e-05,2.484895575158633,0.5695426160086126,0.0280259860699029,0.4024313979214845,0.1348284855920602,0.2198903186041443,0.9661622675602268,33132.771944656735,True,body,high
-0.0135376577068758,0.0028823530377618,-0.0027322991280954,0.0002123779437645,0.0002123610206457,0.1083160965814205,0.1083160965814205,0.1083160965814205,False,0.944370941477662,4.771656128936977e-05,0.0001127587448025,6.65097720591939e-05,2.363094526421185,0.4101586340318202,0.1666674349979019,0.4231739309702778,-0.1897058803529399,0.9633479540298924,0.189663909128586,12175.157061430498,True,body,high
-0.0135948920932656,0.0028517085934547,-0.0029532811413825,0.0002581077126847,0.00025806870388,0.0867120197497418,0.0867120197497418,0.0867120197497418,False,0.476975046081977,0.0001284908457814,5.317144600693527e-05,5.5001673379748335e-05,2.416538488810504,0.5719409188628685,0.0142440293056038,0.4138150518315276,0.5299050251775385,-0.8415765727047742,-0.1046400332859188,23612.553703703405,True,body,high
-0.0133095276566654,0.002599411168633,-0.0029233305856713,0.0005706984037246,0.0005468882854974,0.2198644445751005,0.2198644445751005,0.2198644445751005,False,0.1866873715813229,6.319542705214966e-05,0.0001443859102791,9.690584326732504e-05,2.2847525052715656,0.3288414147890118,0.2334744169289885,0.4376841682819996,-0.4110103398051645,0.9107795184402246,0.0393848874955356,6160.93818598469,True,body,high
-0.0131886910175071,0.0026395837294486,-0.0025400654822713,0.0006630179541151,0.0006401251398763,0.1601545885876898,0.1601545885876898,0.1601545885876898,False,0.1783324515262626,8.793820184589301e-05,5.197679512840277e-05,8.757648585854258e-05,1.691874260978417,0.0041132975175489,0.4048262300442118,0.5910604724382392,0.3685114466886772,-0.874697322384719,0.3148077315956862,8736.319395378045,True,body,high
-0.0138285433013942,0.0029917385622887,-0.0029405778998278,0.0002109253181987,0.0001984870630231,0.2032277581757179,0.2032277581757179,0.2032277581757179,False,0.1325157055502708,2.4108490279171103e-05,5.547991510754689e-05,2.725201420939925e-05,2.30126044663525,0.5087949547764866,0.0566605757080643,0.4345444695154489,-0.2167062150483942,0.0389934620869702,-0.9754578034307128,11458.26015836832,True,body,high
-0.0134718586293277,0.0034088691772867,-0.002528497582014,0.0005942479403532,0.0003591632450642,0.0620523392756302,0.0620523392756302,0.0620523392756302,False,0.3541709452006692,0.0001504182757761,7.5389526989313e-05,8.722274567855738e-05,1.9952144784969736,0.4201319937453562,0.07866875636081,0.5011992498938338,-0.5739736114389218,-0.7688661360221891,0.281778562438787,2924.3776732436136,False,wing_L,high
-0.0143090868194101,0.0014970758115826,-0.0022729409357141,0.0016169862363823,0.0002185754023125,0.359229449255101,0.359229449255101,0.359229449255101,False,0.0699632157139114,3.921098931005287e-05,8.520060786299929e-05,9.049642517099782e-05,2.3079352692536235,0.0585196298968916,0.508192654749031,0.4332877153540774,-0.2292235642004567,-0.446564883149409,-0.8648909542555028,12915.89878166277,True,wing_R,high
-0.0130998593209559,0.0025911285556982,-0.002596236302081,0.0007451952719402,0.0007223811053265,0.1291153804657197,0.1291153804657197,0.1291153804657197,False,0.0976123834375955,0.0001359136856717,0.0001729238622797,7.613553089461076e-05,2.2712636301066524,0.2140258499902569,0.3456906061953939,0.4402835438143491,-0.4424858351795546,0.8312097106000584,0.3365957555727921,7193.107415022252,True,body,high
-0.0136051758415731,0.0029738563444168,-0.0030375465348499,0.0003147969049314,0.0002847529089446,0.0731828423042696,0.0731828423042696,0.0731828423042696,False,0.4568599560921915,0.0001257589637643,0.0001297070614694,5.2585619484306895e-05,2.46658806611862,0.0304385718120549,0.5641431040923524,0.4054183240955927,0.1872774248569353,-0.5899262813829572,-0.7854388255444413,13882.532759250382,True,body,high
-0.013591715187621,0.0029666181084822,-0.0029161606781141,0.0002217183074322,0.000194861918069,0.0841741240892958,0.0841741240892958,0.0841741240892958,False,0.3859777879502267,0.0001840123412246,8.518817696431749e-05,7.827907511610049e-05,2.350721964352488,0.5370518281687854,0.0375469482222573,0.4254012236089572,0.071864800427814,0.2705025727372712,0.960033233071641,16127.031217620335,True,body,high
-0.0135719966392135,0.0028981407324435,-0.0029273502830152,0.0002431542204889,0.0002381855740491,0.0858783400757284,0.0858783400757284,0.0858783400757284,False,0.1786474551485546,0.0002036593005075,7.27864808852758e-05,7.994701951095531e-05,2.798037465619399,0.6074472449247411,0.0351593990936474,0.3573933559816115,0.423143675548958,-0.8973833831884552,0.1251099253463172,47741.65003853826,True,body,high
-0.013770684843424,0.0029327232285466,-0.0028407243963246,8.788419784723392e-05,8.725500956786427e-05,0.0855774338709334,0.0855774338709334,0.0855774338709334,False,0.8720750592292029,6.47366484027867e-05,0.0001497295756121,6.280927018139233e-05,2.3838770165579253,0.5676428779144104,0.012872394872649,0.4194847272129406,-0.5126743450005127,0.7943963516961723,0.3257291089081642,12973.56033625308,True,body,high
-0.0136397584467668,0.0028989028049947,-0.0028961032450187,0.0001757848745509,0.0001739881802833,0.0826617576668277,0.0826617576668277,0.0826617576668277,False,0.0550343817386039,5.3892957037946896e-05,0.0001236576199676,7.824571245140899e-05,2.2945042685375703,0.3672390551277052,0.1969369572196755,0.4358239876526192,-0.1252131267646541,0.9267969663771196,0.3540749299230137,28374.74224451996,True,body,high
-0.0130400517580862,0.0028133495546633,-0.0020957477891183,0.0009723772764428,0.0009704079497945,0.1170424437771139,0.1170424437771139,0.1170424437771139,False,0.2065088076383356,6.256278908018517e-05,3.838944746403573e-05,7.957035222280246e-05,2.0727141826499618,0.213742463964404,0.303798348767672,0.482459187267924,0.2532827155638797,-0.9654417550613796,0.0614010063483542,4059.974541329229,False,body,high
-0.013828188214966,0.0029624503718598,-0.002866694506251,0.0001420745855477,0.0001391779156193,0.1295367769400475,0.1295367769400475,0.1295367769400475,False,0.3595083103396504,6.014780257259632e-05,0.0001387497342618,8.872575582347943e-05,2.306813022710452,0.3605338684395999,0.2059676251123034,0.4334985064480967,-0.0944290370118534,0.8698308826105893,0.48422865737779,12061.861740270237,True,body,high
-0.013613113638366,0.0028670277995883,-0.0028999757631019,0.0002032394311182,0.0002032176503942,0.1205606722138432,0.1205606722138432,0.1205606722138432,False,0.175586230548762,0.0001390983107231,0.0001532492501776,6.49473307607198e-05,2.359592740497132,0.0923393715671466,0.4838586803944327,0.4238019480384207,-0.441402417393782,0.8202765111635648,0.3637448984552986,32248.42046777992,True,body,high
-0.0135917280369782,0.0030968123059667,-0.0031610024332842,0.0004612882526796,0.0003672251473928,0.0854856621864357,0.0854856621864357,0.0854856621864357,False,0.7474870695939828,0.0001564498668639,6.48479953488216e-05,6.908038252213835e-05,2.412562886831504,0.5584503591671703,0.0270526735378829,0.4144969672949467,0.6215028680496875,-0.7727104272691541,0.1290456531446701,10756.756405701311,True,body,high
-0.0135905270050433,0.0029497172395877,-0.0030130366039286,0.0002979438501322,0.0002767725620618,0.0820443753452105,0.0820443753452105,0.0820443753452105,False,0.399447752495648,4.213317690240306e-05,0.0001001156398958,4.7330420547074855e-05,2.376171161451989,0.527242490820467,0.0519124049956502,0.4208451041838827,-0.2111399719011482,0.9718769826697372,0.1042834733903198,17514.201997669203,True,body,high
-0.0138931890185926,0.0020116550538388,-0.0026752631316065,0.0009361953132069,0.0001542023750975,0.2446422949646849,0.2446422949646849,0.2446422949646849,False,0.1823420632210666,8.318504036147959e-05,7.700302480133345e-05,3.255175524377811e-05,2.5554701962616733,0.0743164339799832,0.5343661476197269,0.3913174184002898,-0.1915376340206036,-0.3215647914208593,-0.9273130106238394,4348.73406675184,True,wing_R,high
-0.0137380907564592,0.0024396914765333,-0.0027726555882419,0.000492564106489,0.0001787617087538,0.1690513641076903,0.1690513641076903,0.1690513641076903,False,0.2993205837390392,2.228114895438384e-05,5.1039085867286816e-05,1.956644693935643e-05,2.6085004612986507,0.5634492942855625,0.0531886880201233,0.3833620176943142,0.9453360365445784,-0.1299884438536099,-0.2990698621972867,3617.0792054134,False,body,high
-0.0136345186152924,0.0027179634862355,-0.0025927728073236,0.0002908845253296,0.000204527385156,0.1132066294890118,0.1132066294890118,0.1132066294890118,False,0.4629438642884961,7.843682579658994e-05,4.0340331338848384e-05,0.0001120843735725,2.778469334598565,0.3001983836236606,0.3398912198325961,0.3599103965437433,-0.7375448885121455,-0.6699690028842022,0.0846703761888097,6367.198999746657,True,body,high
-0.0134417526001704,0.0030014864758562,-0.0028727550857907,0.0003296089673691,0.0002826594126806,0.1668339463341124,0.1668339463341124,0.1668339463341124,False,0.1087416330700773,6.388074579932233e-05,0.0001693916359007,0.0001038660885637,2.6516853205332023,0.3868287060841936,0.2360526395051391,0.3771186544106672,-0.0044237719961981,0.992615650442619,0.1212212883024339,11142.720169921102,True,wing_L,high
-0.0137353228776747,0.0029360260392138,-0.0029373188010518,0.0001800646799008,0.0001748312241923,0.1255690723820297,0.1255690723820297,0.1255690723820297,False,0.2709841563016956,6.654866519603591e-05,4.836764992098164e-05,0.0001097382512707,2.268835708371498,0.3935691117233694,0.1656761891548638,0.4407546991217667,0.0411733486705856,-0.6169797584139816,-0.7859012234795635,27900.733493135314,True,body,high
-0.0137898125268172,0.0040257629676579,-0.0033071984123032,0.0012250599963623,0.0004706739570029,0.2869107724902925,0.2869107724902925,0.2869107724902925,False,0.1409657613736852,1.953529088101144e-05,4.659396418626613e-05,2.1412945130607747e-05,2.38511750196441,0.5404352150633419,0.0402982292317972,0.4192665557048609,-0.115268283693882,-0.0943783014723537,-0.9888407146681716,13385.130871175466,True,wing_L,high
-0.0136409530895681,0.0028702765108743,-0.0028800465122724,0.0001708081992208,0.0001707187406316,0.1282454158347356,0.1282454158347356,0.1282454158347356,False,0.1319502318845727,0.0001192905533478,0.000176215038623,7.402964227963279e-05,2.380330813398071,0.323039881953517,0.2568504448988091,0.4201096731476738,-0.4809397955198607,0.8091623204790337,0.3375696257104603,31488.00310899819,True,body,high
-0.0135502309134448,0.0028317693450374,-0.002882657151915,0.0002504698053151,0.0002498891593009,0.0902120888938259,0.0902120888938259,0.0902120888938259,False,0.0792565398210344,0.0001135602974117,0.000111474190789,4.7089233933553344e-05,2.411597894584489,0.0183700348646953,0.5669671383657129,0.4146628267695916,0.1227107909868849,-0.5937293425628756,-0.7952531229459137,21750.222352483783,True,body,high
-0.0135998649846861,0.0029098293355721,-0.0029605789678203,0.0002492619721788,0.0002420860236992,0.0865690657626404,0.0865690657626404,0.0865690657626404,False,0.0824114546140474,0.0001850404906347,9.868661028651923e-05,7.873112865864484e-05,2.3502837287785554,0.4666755911207679,0.1078438646558752,0.4254805442233567,0.0481952357259523,-0.7420005596044479,-0.6686646310371192,32046.531438120503,True,body,high
-0.0135359968763844,0.0028660805471229,-0.0029060475392844,0.0002629035021178,0.0002618148480213,0.075874957438921,0.075874957438921,0.075874957438921,False,0.8129212768664927,4.456491169231388e-05,0.00010088603879,7.077180873376151e-05,2.2637998137767665,0.2984974969524749,0.259767331097109,0.4417351719504161,-0.229780213574142,0.8839259661899903,0.4072787003329705,31731.77749305333,True,body,high
-0.0137643409028789,0.0025056318334183,-0.0029350964269923,0.0004624080326855,0.0002771146603436,0.0997852980648603,0.0997852980648603,0.0997852980648603,False,0.1122635620157773,7.009346619349575e-05,3.106003546261388e-05,7.464955124890049e-05,2.403395557572821,0.0610329865241064,0.5228890204675783,0.4160779930083151,-0.8308725019095349,-0.5015773731436388,-0.2409793026816121,4341.680846489115,False,body,high
-0.0136214031987944,0.0028416649924427,-0.0028869245677475,0.0001990401725403,0.000197358874916,0.1020224892904296,0.1020224892904296,0.1020224892904296,False,0.5949197434113362,0.0001142152249586,0.0001206781821028,4.7469875723923806e-05,2.542205562210554,0.0535553074429007,0.5530854713891391,0.3933592211679602,-0.4495728083199807,0.8886824941564815,0.0901538385156229,24533.419403483906,True,body,high
-0.0136259142183218,0.0030279276366829,-0.0031244085814679,0.0003968399116334,0.0003441352006295,0.0657195075403698,0.0657195075403698,0.0657195075403698,False,0.9238806359306946,6.314126946928696e-05,0.0001523105662269,6.231115421058569e-05,2.444354757291705,0.5854439318727886,0.0054501488587743,0.409105919268437,-0.5441755191615589,0.7550964047646871,0.3656534204088502,13003.207985032324,True,body,high
-0.0135297579271765,0.0028350557037448,-0.0029418676033345,0.0002978539809596,0.0002978296806559,0.1083162647230191,0.1083162647230191,0.1083162647230191,False,0.7197779161148189,0.0001138879420727,4.843758281191071e-05,4.802215324387258e-05,2.3715709184141964,0.5746908590116679,0.0036477045811626,0.4216614364071693,0.2454004041509897,0.328535671290081,0.9120542496652856,23657.985911542724,True,body,high
-0.0137961431584884,0.0030400212658281,-0.0028016824514339,0.000128416281457,8.462655310433741e-05,0.210881799140712,0.210881799140712,0.210881799140712,False,0.0046658511923881,5.777196285946281e-05,0.0001521761197715,0.0001113183429565,2.6340825590733807,0.2684900684572796,0.351871109458199,0.3796388220845214,-0.2361041926659144,0.9592196570973452,0.1554106162513635,9329.621400290524,True,body,high
-0.0148519771541017,0.0012168950335467,-0.0020667638278744,0.0021562268123889,0.0006579900924018,0.5134155147757261,0.5134155147757261,0.5134155147757261,False,0.218304146600118,5.143374919949165e-05,2.148085021406241e-05,2.052629755426141e-05,2.505748981935304,0.582358849036136,0.0185588776757971,0.3990822732880668,-0.0353402859881172,-0.8289130386762765,0.5582600097613477,7728.561039514869,True,wing_R,high
-0.0140077559141247,0.0017402172216526,-0.0024202915053357,0.0012666175133938,0.0001035256098147,0.2852116848226161,0.2852116848226161,0.2852116848226161,False,0.1140856357226977,8.42642243817902e-05,8.134265063016457e-05,3.470344809801636e-05,2.4281225353686606,0.0346715794640007,0.5534875906628188,0.4118408298731804,-0.1464367206908547,-0.4565544855253435,-0.8775615582852279,27123.02517712041,True,wing_R,high
-0.0136151245591815,0.0028838389487469,-0.0028927032181203,0.0001920087896273,0.000191276723142,0.1147255534338239,0.1147255534338239,0.1147255534338239,False,0.9019152139667396,5.090467770662304e-05,0.0001474272834503,9.609937103756125e-05,2.8961441284435603,0.3481574862638879,0.3065558305980674,0.3452866831380446,-0.2762377141935226,0.8582605653622788,0.4325292212107282,34298.16961421576,True,body,high
-0.0136491088271527,0.0028937443576418,-0.0028822710488926,0.0001605858806204,0.0001598979744133,0.1539638166983822,0.1539638166983822,0.1539638166983822,False,0.8422985736260462,0.000116045998245,0.0001664113385016,6.536757528972455e-05,2.5457780522547164,0.3026557006880238,0.3045370790932571,0.392807220218719,-0.5193534298397811,0.7784779651021778,0.3524827269016563,29327.23657055846,True,body,high
-0.0132024221541153,0.0025967020208631,-0.0024787380186567,0.0006941979338224,0.00065517167708,0.1188936155206938,0.1188936155206938,0.1188936155206938,False,0.3319538720974211,8.778067802041194e-05,9.46869796725286e-05,4.232124218580969e-05,2.237339330844999,0.0729382400410473,0.4801022906404029,0.4469594693185498,-0.0095655897237091,-0.7295914077851419,-0.6838164060472176,7227.470347475081,True,body,high
-0.012917045882712,0.0026009202961532,-0.0022639627311624,0.0010172037049651,0.0009985215646595,0.1447771986907724,0.1447771986907724,0.1447771986907724,False,0.2458709641457003,8.894755590686901e-05,4.7282553555574885e-05,3.4429377690877765e-05,2.5834784672984696,0.4684221160041625,0.144502856021753,0.3870750279740844,-0.4809903440615894,0.1418853631041388,-0.8651686729513042,5231.578854967084,True,wing_L,high
-0.0135990260564625,0.0028564106667785,-0.0028275874229854,0.0001767795108124,0.0001758298638662,0.0909275313957272,0.0909275313957272,0.0909275313957272,False,0.0468106057395198,0.0001693255771037,6.721782630415737e-05,5.741275874013191e-05,2.9492673896779817,0.6030261496585184,0.057906594690177,0.3390672556513046,0.1760228279125275,0.1497978881900228,0.9729216601286488,23474.894971663027,True,body,high
-0.0136498900764004,0.0027547523452225,-0.0024829640556611,0.0003396399356726,0.0002751468994261,0.1032046256133126,0.1032046256133126,0.1032046256133126,False,0.2296357055117762,9.79291777809698e-05,9.113298881868884e-05,4.144398003480951e-05,2.362928890968421,0.0693990199476753,0.5073973856393922,0.4232035944129325,0.2219519254670671,-0.7354060130712179,-0.6402463109773908,6539.972925815246,True,body,high
-0.0135805585304103,0.0028685897103326,-0.0029607988092786,0.0002676470005815,0.0002664047099779,0.0735324759443292,0.0735324759443292,0.0735324759443292,False,0.3607926535188316,5.7909258785309e-05,0.0001357617942175,5.8101932758693246e-05,2.3443883942785244,0.572030311667888,0.0014192061507046,0.4265504821814074,-0.4190764799395603,0.0671277863957252,-0.9054660480962704,27699.67691491498,True,body,high
-0.0131097737165272,0.0027701517902927,-0.0027825722314308,0.0006536919742155,0.0006533358097786,0.1926289861383858,0.1926289861383858,0.1926289861383858,False,0.4729311145405139,9.948167856760852e-05,4.445450511025244e-05,8.44511895905921e-05,2.2378312011545773,0.1510880113145817,0.4020507600618902,0.446861228623528,0.2780489864958748,-0.9541028352165092,0.11124990310304,6311.89698851085,True,body,high
-0.0141758648083026,0.0015421359312033,-0.0022598772311225,0.0015385069399389,0.0001883075693146,0.4839308272258696,0.4839308272258696,0.4839308272258696,False,0.0959744443101508,5.694190733723578e-05,2.3643159405266954e-05,3.570698341427687e-05,2.4083882513836503,0.372922596308481,0.2118619584967971,0.4152154451947218,0.1886260980115429,0.5998524175004358,0.7775585330814796,14259.715401548645,True,wing_R,high
-0.014280052392871,0.0017652722831491,-0.0025403959321998,0.0013027679585315,0.0002056732865709,0.2457632277456896,0.2457632277456896,0.2457632277456896,False,0.5375728711610905,8.330444045084503e-05,7.838859257760441e-05,3.110814782706591e-05,2.6778977942995783,0.0590106343267653,0.5675621190737966,0.3734272465994381,-0.1411483335678456,-0.3733664742083341,-0.916883102619007,7434.552209087011,True,wing_R,high
-0.0135445552497967,0.0027792808541107,-0.0030186773033124,0.0003616515148593,0.000359786816696,0.1123172276892334,0.1123172276892334,0.1123172276892334,False,0.9613951127152972,5.989999688863362e-05,0.0001380399280386,9.207428492130112e-05,2.3045064308642864,0.3329880257866416,0.2330795769733306,0.4339323972400277,-0.2272478963449011,0.9629526994088276,0.1451912266911098,27526.149169064167,True,body,high
-0.0138650743203107,0.0029694488862419,-0.0029259085094007,0.0002116086728467,0.0002082417421116,0.1447214765650074,0.1447214765650074,0.1447214765650074,False,0.3016764236290385,5.81385705274996e-05,4.672082208295671e-05,0.0001066774833858,2.2832963682969694,0.4550061673539283,0.1070305380493808,0.4379632945966908,0.0323776155926357,-0.5898192135807745,-0.8068859803587444,10250.854993460918,True,body,high
-0.0137261238013521,0.0028798928660764,-0.0027535814094991,5.4790722204343375e-05,3.0600728021753334e-05,0.1264349679863285,0.1264349679863285,0.1264349679863285,False,0.8963284748370083,0.0001494034345615,0.0001589338272308,6.904178751827735e-05,2.3019946751628835,0.0599645326319211,0.5056295971940993,0.4344058701739796,-0.3880412690217372,0.7854567724086916,0.4821634911659329,9254.280658742253,True,body,high
-0.0136433817150556,0.0028715689084378,-0.0028178585367747,0.0001309525451412,0.000129726640332,0.1109705143696733,0.1109705143696733,0.1109705143696733,False,0.7302227703635862,0.0001019486335574,0.0001090662373775,4.309348208939173e-05,2.5309218955974617,0.0652594605927838,0.5396275958827638,0.3951129435244524,0.2916135083048013,-0.7393049975323724,-0.6069511367464631,18026.417370857547,True,body,high
-0.0134606156356252,0.0028757588723936,-0.0028464016279066,0.0003009970167262,0.0002982309651397,0.1086610558850399,0.1086610558850399,0.1086610558850399,False,0.9625137185928454,9.006395625050117e-05,4.112832388026824e-05,3.439242598518709e-05,2.618714838240604,0.5433431353395674,0.0747901621859262,0.3818667024745064,-0.3953928024683774,0.2295172574575092,-0.8893741396540527,15105.479182283334,True,body,high
-0.0135001071579645,0.0029055320150166,-0.0027835652134022,0.0002453413720512,0.0002411502368077,0.0866366923135839,0.0866366923135839,0.0866366923135839,False,0.987033727380966,0.0002145765309728,9.027721971825194e-05,9.571357833894312e-05,2.37686242047006,0.5539419995979814,0.0253352899128539,0.4207227104891646,0.3457949323664918,-0.91061718939527,0.2262790293586932,16416.0486818437,True,body,high
-0.0135264773317132,0.002886841981048,-0.0028992809212887,0.0002624334058951,0.0002586205537119,0.0998026166495126,0.0998026166495126,0.0998026166495126,False,0.4122218763497237,0.0001696880867603,6.582166679339898e-05,8.549288984885807e-05,2.577997413723744,0.4961762402944052,0.1159257755274154,0.3878979841781794,0.3257158279313159,-0.901773227228934,0.2841025274229906,36557.16166401076,True,body,high
-0.0135372717972048,0.0028484114700064,-0.0029343877317554,0.0002836557984598,0.0002833660319344,0.0881667136039014,0.0881667136039014,0.0881667136039014,False,0.6316467137418567,4.419175660695911e-05,0.0001037297801464,7.120569764866076e-05,2.3472653750558403,0.3135462395836869,0.2604260898227354,0.4260276705935776,-0.5734714575077091,0.7133110028256676,0.4028869576839436,27075.397106265515,True,body,high
-0.0135185174151103,0.0029214629776581,-0.0027850786689441,0.0002260396356273,0.000219106109698,0.1097113691946467,0.1097113691946467,0.1097113691946467,False,0.1145231951081435,9.817875997781888e-05,9.161618785395431e-05,4.1610909225849656e-05,2.359447601707967,0.0668430944264036,0.5093288878307501,0.4238280177428462,0.0747388750050815,-0.7551645004709668,-0.6512608369857735,17947.85923724609,True,body,high
-0.0136054424375119,0.0029061863023107,-0.0029785683381596,0.000261490244306,0.0002549310315572,0.0633694596738425,0.0633694596738425,0.0633694596738425,False,0.2334350790045148,5.067798642294503e-05,0.0001209608226593,8.288483788560889e-05,2.3868513963795577,0.3147794793107826,0.2662585352397555,0.4189619854494618,-0.2034097361104014,0.8615398351095229,0.4651597486616323,26395.34536796364,True,body,high
-0.0134243059919741,0.0027452278192818,-0.0029332631251203,0.0004087973924142,0.0004051592283237,0.1366117046112582,0.1366117046112582,0.1366117046112582,False,0.201876291571719,9.743721166603494e-05,0.0001535549348072,6.37094819732052e-05,2.4102367505023867,0.3654569826211141,0.2196460161645606,0.4148970012143252,-0.4134522536945101,0.897222194362405,0.1550792309061439,11137.28920552232,True,body,high
-0.0138614603861671,0.0029616469195441,-0.0027439521477613,0.0001232293162323,0.0001230535839352,0.1226700421961821,0.1226700421961821,0.1226700421961821,False,0.0228616271423084,7.245819823971019e-05,8.687706227190772e-05,2.999491807768692e-05,2.8963927171561497,0.1659685957965452,0.4887743559873346,0.3452570482161202,-0.0169843099636188,-0.7621857957395803,-0.647135492758574,7912.708825389582,True,body,high
-0.0136390204308949,0.0030954672937576,-0.0032061107483512,0.0004886230962667,0.0004041200706545,0.1096018417573403,0.1096018417573403,0.1096018417573403,False,0.7961885517161295,0.0001457163737866,5.914435441698257e-05,6.487614041453272e-05,2.4637410488806544,0.554777965381476,0.0393352225875569,0.4058868120309671,0.5337725420593247,-0.8413293067566814,0.0851579176345251,12056.597671633412,True,body,high
-0.0142247185744149,0.0020037228690822,-0.0027753352372167,0.0010461562751652,0.0003122971235978,0.2588193724319141,0.2588193724319141,0.2588193724319141,False,0.3618915696986678,1.848218814172513e-05,5.1970599380885045e-05,4.284641834184662e-05,2.811928922179779,0.1755642834166413,0.4688079508485086,0.35562776573485,-0.2427167963077343,-0.4033479772974255,-0.8822692140158725,5599.380921539398,True,wing_R,high
-0.0132372497968339,0.002631282610971,-0.0028483804027312,0.0005950571518316,0.0005808100259606,0.1362864515029908,0.1362864515029908,0.1362864515029908,False,0.1834248487962299,9.984432635500675e-05,4.9672245824737256e-05,0.0001021027555948,2.05552927796096,0.0221191801010438,0.4913881142382623,0.4864927056606939,-0.4885217302001425,-0.8661031231428926,0.1058862559749219,5594.963302068273,True,body,high
-0.0139889905016126,0.0016773338452346,-0.0023661677154306,0.0013371565641945,0.0001578689799853,0.5522105683461975,0.5522105683461975,0.5522105683461975,False,0.1016155611744675,5.526841564282573e-05,5.133583852151453e-05,2.3119111721930908e-05,2.390594254120838,0.0711541497177273,0.510539816844675,0.4183060334375977,-0.3009298381185173,-0.6553357598385918,-0.6928032003438918,16144.032065284404,True,wing_R,high
-0.0134884541671246,0.0029979827295926,-0.0027934746129404,0.0002650453779203,0.0002266918764643,0.1408273507705224,0.1408273507705224,0.1408273507705224,False,0.0048534845203379,5.931991951375226e-05,0.0001555397796366,8.982874892337191e-05,2.6220497416657684,0.4224709001568181,0.196148081737588,0.3813810181055938,-0.0861161403125148,0.9513868071901946,0.2957146487445666,13488.98082816102,True,body,high
-0.0135647251341381,0.0029490146502454,-0.0029355783927279,0.0002523189769238,0.000231469614045,0.1304250353769556,0.1304250353769556,0.1304250353769556,False,0.2832684595587177,0.0001342249163294,0.0001679844037157,7.21203906813914e-05,2.3292220428732127,0.2009679865483718,0.3697041170152499,0.4293278964363782,-0.2749966976900831,0.8607074521782374,0.4284384413476413,21307.02847638975,True,body,high
-0.0128550289736163,0.0030736605291483,-0.0025548872062858,0.0009213607755687,0.0008610631345088,0.1336241310596054,0.1336241310596054,0.1336241310596054,False,0.1084904631998053,8.874174958951654e-05,3.922467809082664e-05,8.543991022864335e-05,2.262395866806879,0.0372072826617253,0.5207834232657085,0.4420092940725662,0.1559907706328055,-0.7633690143962792,-0.6268449787124699,7251.7102866136765,True,wing_L,high
-0.0131015240106137,0.0027297241172112,-0.0029366428043685,0.0006957178589452,0.0006954919049688,0.210393314168556,0.210393314168556,0.210393314168556,False,0.2098490820442356,7.056510935349104e-05,0.0001667507514574,9.93377653638074e-05,2.363076497509503,0.4042739568152901,0.1725488836412412,0.4231771595434686,-0.2898597339048878,0.892025390563709,0.3468025911815682,5270.172691317662,True,body,high
-0.0135861303152564,0.0028703496372266,-0.002764713264778,0.000168347170915,0.0001676950561619,0.1026784769230777,0.1026784769230777,0.1026784769230777,False,0.8573414835403594,0.0001098981751884,0.0001216342423941,4.748676473650765e-05,2.5614346032848845,0.0964865400948264,0.5131072403914836,0.39040621951369,0.1406599476835033,-0.6132568998187937,-0.7772584859249307,14315.698683827808,True,body,high
-0.013553433804075,0.0027888673303548,-0.0029884581099859,0.0003311228926866,0.00032912723433,0.1258828918615946,0.1258828918615946,0.1258828918615946,False,0.6197564341559891,0.000103970742721,4.86578253429369e-05,3.578481072557623e-05,2.9054434161581977,0.5320046383292248,0.1238138180073719,0.3441815436634031,-0.4364985629415203,0.1058346580889575,-0.8934584655691511,29021.23337955865,True,body,high
-0.0134873425173264,0.0027953017402536,-0.0029561909690981,0.0003512111297082,0.0003506788122358,0.1098460842434184,0.1098460842434184,0.1098460842434184,False,0.5087513125449483,0.0001635329857416,6.399574700114439e-05,7.527199511743796e-05,2.5553727146692986,0.5397136866541767,0.0689539670859493,0.3913323462598739,0.3048109233878632,-0.946973324152316,0.1016455819371951,17093.528023920066,True,body,high
-0.0135596239435461,0.0028911996160037,-0.0028841577515459,0.0002262868849895,0.0002232914749233,0.1002045423267264,0.1002045423267264,0.1002045423267264,False,0.1194051193204555,0.0001705173670583,7.694672013238274e-05,5.807273885636647e-05,2.936272172043613,0.5487455532545696,0.1106865629092356,0.3405678838361946,0.0954444766710672,0.2960146427283984,0.9504029057001904,33392.27415243989,True,body,high
-0.0131025526727179,0.0026837969875398,-0.0025586560489123,0.0007147036191284,0.0007070540705288,0.082968145287736,0.082968145287736,0.082968145287736,False,0.8970476392182196,9.34988723406957e-05,9.2988538050854e-05,4.150117124925162e-05,2.2529212917667167,0.0054581865755784,0.550673666030861,0.4438681473935606,-0.1229690661086668,-0.6607228729217246,-0.7404889560138117,10521.514082714284,True,body,high
-0.0134762019640698,0.0027668888497762,-0.0029717170593408,0.0003796694319644,0.0003775695563042,0.0673261005146746,0.0673261005146746,0.0673261005146746,False,0.9104123803197126,3.46717237474865e-05,9.820507369133644e-05,6.934407587501185e-05,2.8324254775032847,0.2938849972969439,0.3530607006772615,0.3530543020257945,-0.1623831906366009,0.9496972602199862,0.2677812789000186,14843.672937476873,True,body,high
-0.0131839148780306,0.0026825999087129,-0.0024675641367657,0.0006770356799709,0.0006611010537012,0.1104333019622527,0.1104333019622527,0.1104333019622527,False,0.9618422944203858,8.933733926159418e-05,3.704503261397823e-05,7.723896760648076e-05,2.411587545151315,0.1354234607288608,0.4499119329579336,0.4146646063132055,-0.3971262093106528,-0.9134366718395092,-0.0890180903935353,8569.445642025694,True,body,high
-0.0135793797956367,0.0028563278143007,-0.0029145428406599,0.0002388532873823,0.000238802556805,0.099486073276051,0.099486073276051,0.099486073276051,False,0.7713453109734201,9.047338490542368e-05,0.0001158604975928,5.05195180177266e-05,2.2933808978968715,0.2191179324691814,0.344844599477848,0.4360374680529705,-0.4363684452701521,0.8052102980755982,0.4015208037518309,31851.04167347568,True,body,high
-0.0135410242460889,0.0028487928506206,-0.0027804935396609,0.0002193013521844,0.0002184065049532,0.1117978046629412,0.1117978046629412,0.1117978046629412,False,0.0528286932473546,0.0001600102765271,6.175452970861923e-05,5.978414513710133e-05,2.6764667481691147,0.6140589776548884,0.0123141126575289,0.3736269096875827,0.2394341949244731,0.3011436907033561,0.923029654913877,14276.147885212984,True,body,high
-0.0135281325775183,0.0030889227178508,-0.0030233908659672,0.0003759698663619,0.0002714756438906,0.0824947594311313,0.0824947594311313,0.0824947594311313,False,0.9902649805488714,0.0001246275381284,5.023936496603376e-05,5.070525204084732e-05,2.480675028688992,0.5931456819070436,0.0037382353997352,0.4031160826932211,0.5985499997940782,-0.7996492636577806,0.0479473969896037,9732.47028132197,True,body,high
-0.0130634056396775,0.003241970983041,-0.0027708599166776,0.0007467169678328,0.0005756949603933,0.2323745662341396,0.2323745662341396,0.2323745662341396,False,0.2059712041298935,7.936603119426295e-05,5.651246944153025e-05,3.4093944300930446e-05,2.327862992141305,0.2879514246692569,0.282470029095021,0.429578546235722,-0.1926478083629415,-0.4273532166163223,-0.8833210346078246,4583.770631046128,True,wing_L,high
-0.0134877203452362,0.0029151769080862,-0.0028373518108244,0.0002676540621716,0.0002586852759118,0.1512030661631959,0.1512030661631959,0.1512030661631959,False,0.7593018630802416,0.0001048454717411,4.1324828509130537e-05,0.0001047472791148,2.537106033434688,0.00093654618248,0.6049135890417785,0.3941498647757414,-0.4811414962137617,-0.876576355003519,0.0108052982340743,19187.371572588032,True,body,high
-0.0143769850075961,0.0015352461594214,-0.0023312556843042,0.0015921640547148,0.000251311121704,0.3163217310000625,0.3163217310000625,0.3163217310000625,False,0.1377591219532684,4.362279099285712e-05,0.0001077699825967,9.447658775097104e-05,2.4704971906626163,0.1233496983616479,0.4718734802845143,0.4047768213538378,-0.1957823258856557,-0.4347370141259269,-0.8790182076724448,15626.196850815846,True,wing_R,high
-0.0129885211569811,0.0027358690597913,-0.0028202051707716,0.0007817047137674,0.000781149875601,0.2904589805740463,0.2904589805740463,0.2904589805740463,False,0.1543829457064633,0.0001127022492553,4.938011769471666e-05,8.304648453041913e-05,2.282340636611388,0.2631337433000688,0.2987195646773464,0.4381466920225848,0.3258935218370147,-0.7431433662268787,-0.5844068357382982,6983.5815494978615,True,body,high
-0.0136732747772312,0.0029078418542001,-0.0028464289946774,0.000115366332953,0.000114485436252,0.1248664086416195,0.1248664086416195,0.1248664086416195,False,0.3347106103540562,6.641577384079535e-05,0.000152505622794,9.9791017968126e-05,2.296225941139572,0.345656795206432,0.2188459908287612,0.4354972139648067,-0.159760156400627,0.9222310263371628,0.3520889468414914,19969.22845827659,True,body,high
-0.0135412846434675,0.0028424922842138,-0.002962615408443,0.0003010636966432,0.0003008228055258,0.1259639697404234,0.1259639697404234,0.1259639697404234,False,0.7029550520843421,0.0001464532913618,0.0001861308237652,7.946782289590013e-05,2.3422162201304366,0.2131701327095509,0.3598838016772963,0.4269460656131528,-0.4593758553288735,0.8110960566705543,0.3620732113735327,25310.439607134333,True,body,high
-0.0135113783264057,0.0029103177957309,-0.0028320394175302,0.0002439348237105,0.0002372479399934,0.1277572671457767,0.1277572671457767,0.1277572671457767,False,0.158762806946089,0.0001221523522958,0.0001137196093778,4.455772970151733e-05,2.7414402195565923,0.0690346338777362,0.5661935965734305,0.3647717695488332,0.0530917048734725,-0.7225384581098773,-0.6892890884279461,19713.649449470307,True,body,high
-0.0126614235470201,0.0027688772527196,-0.0023400268997996,0.0011703938133065,0.0011694109314747,0.1661358560451832,0.1661358560451832,0.1661358560451832,False,0.0970638543193566,0.0001008234239409,0.0001633246817114,6.964337050776978e-05,2.3451576298026136,0.3826810321353927,0.1909083985741465,0.4264105692904607,-0.4901326037933093,0.8438267514160686,0.2184638283409756,7441.546140140008,True,wing_L,high
-0.0131844961595448,0.0028172404593647,-0.0027913230540025,0.0005708003958896,0.0005687958736691,0.0704483891150991,0.0704483891150991,0.0704483891150991,False,0.9876904741007112,0.0001750778206766,7.61191231417731e-05,7.528542010359619e-05,2.3255209366669622,0.5652269211053089,0.0047618997937866,0.4300111791009043,0.2365229856610224,0.2755983381032119,0.9317201475168084,5801.595436138714,True,body,high
-0.0135205949621831,0.0029682479949889,-0.0027919256499105,0.0002275857047752,0.0002042147829024,0.1165190862374151,0.1165190862374151,0.1165190862374151,False,0.3553694331299068,0.0002000187641596,6.705276939776292e-05,7.570870469830472e-05,2.9830052651987726,0.6214919884323337,0.0432756163498305,0.3352323952178358,0.2966088243483755,-0.9160092311281802,0.2700931206207141,17066.85578696927,True,body,high
-0.0135959002672439,0.0028790014252986,-0.0028735086324743,0.0001944329169693,0.0001939750993735,0.1196708668742282,0.1196708668742282,0.1196708668742282,False,0.3673462013947391,9.578548800865732e-05,0.0001035353288227,4.07344615699836e-05,2.541713449308812,0.0748521389002221,0.5317124798328856,0.3934353812668922,-0.0156858229642066,-0.6506238207808095,-0.7592381700036666,34389.107191302945,True,body,high
-0.0136083316026677,0.0028640920989978,-0.0027044658652447,0.0001595314371134,0.000154659245956,0.0792206725955209,0.0792206725955209,0.0792206725955209,False,0.992301322642585,0.0001119780130945,4.826172014917656e-05,5.204360738756225e-05,2.320224242907332,0.5352336949966374,0.0337734804706092,0.4309928245327532,0.3312719371813322,-0.9433898503687052,0.0165678561510006,10247.22969796766,True,body,high
-0.0135652653700963,0.003002786522141,-0.0030559831592714,0.0003543829458949,0.0003076419965172,0.0843238709969793,0.0843238709969793,0.0843238709969793,False,0.3495613034528665,0.0001113753131446,9.90897254524244e-05,4.8630269339988016e-05,2.290246684959801,0.1103079968559441,0.4530578158457771,0.4366341872982788,0.0025826669017677,-0.6290744478049863,-0.7773407675855717,11618.817418374869,True,body,high
-0.0137227461789981,0.0029365189131311,-0.0029480670340807,0.0001917060543541,0.0001852995312645,0.0891741171775539,0.0891741171775539,0.0891741171775539,False,0.3427576806637952,0.0001105927161711,4.630536460928221e-05,4.76161442148921e-05,2.3883348528678354,0.5694459285978322,0.0118523140672478,0.4187017573349199,0.660760776813413,-0.7502333742846208,0.023346947004863,29126.54003494073,True,body,high
-0.0137178913832748,0.002898236612829,-0.0030130649373526,0.0002590208169135,0.0002575126102351,0.1941052357454817,0.1941052357454817,0.1941052357454817,False,0.1741113100768154,6.016908742258457e-05,4.014578971615909e-05,2.48741554568865e-05,2.41893991242732,0.332783802516335,0.2538119641405822,0.4134042333430827,0.7949784731079931,-0.588361668869134,-0.1477828606449733,16025.499181866711,True,body,high
-0.01402331143877,0.0017402769589359,-0.0024348377740934,0.0012661244967813,8.228075968855212e-05,0.2582367786070404,0.2582367786070404,0.2582367786070404,False,0.1242546548459857,9.197160582611228e-05,8.081292084984112e-05,3.627530558412868e-05,2.535377837488213,0.1213274996781998,0.4842539701863884,0.3944185301354118,-0.145846184575197,-0.4578949581851439,-0.8769612863253906,26952.83823101601,True,wing_R,high
-0.0140359755263692,0.0030620008155179,-0.0028825485052227,0.0003444002196886,0.0003371813535222,0.1788272847899567,0.1788272847899567,0.1788272847899567,False,0.0228110685928565,2.0352192641197933e-05,5.574121495591655e-05,2.039365439865362e-05,2.7388309426219943,0.6341368874937131,0.0007438258654476,0.3651192866408393,-0.1915628635476001,0.0199865537450013,-0.9812768248454874,8863.495074453302,True,body,high
-0.0130395675294228,0.0025013859635621,-0.0023620346192655,0.0009143598160881,0.000863736589735,0.2265318810821848,0.2265318810821848,0.2265318810821848,False,0.1787396559779586,6.835459904468688e-05,2.682122210760939e-05,3.3310225896694455e-05,2.548526639481284,0.5126849347047173,0.0949314878555994,0.3923835774396832,-0.4734651770278945,0.8659044865287602,0.161369595498374,5766.15045424616,True,body,high
-0.0134891276198695,0.0029825900762724,-0.0028610298830005,0.0002784676893006,0.0002426067708956,0.1347807771161457,0.1347807771161457,0.1347807771161457,False,0.4997522803517181,0.0001130673620221,4.3821517100879625e-05,0.0001213600970945,2.769417973713274,0.0683316450050819,0.5705816539292836,0.3610867010656344,-0.5095987608030403,-0.8603482283662687,-0.0104894678143527,14605.152006060598,True,body,high
-0.0136462143594553,0.0029029843611086,-0.002838593986555,0.0001293046459908,0.0001284030379681,0.1312626159360558,0.1312626159360558,0.1312626159360558,False,0.4272433920224983,0.0001312088511346,0.0001708716727922,7.449011073396381e-05,2.2938839949166,0.2321205206775466,0.3319376434597564,0.4359418358626969,-0.2970323247396488,0.8790097505189811,0.3729794318086702,19964.082155635995,True,body,high
-0.0137541033954111,0.0026441334286008,-0.0032479389076022,0.0005688423209456,0.0005421818087369,0.1986280429770076,0.1986280429770076,0.1986280429770076,False,0.1931003269397218,8.706766592171646e-05,6.139433027958323e-05,6.069839567906271e-05,1.4344310907668614,0.2948664739125593,0.0079930315479714,0.6971404945394692,0.5303482310909947,0.2478578279670909,0.8107387069173945,4516.180404345038,True,body,high
-0.0128976038124765,0.0031240704899269,-0.0025208222125577,0.0008982899766389,0.0008243659962916,0.1457288128820205,0.1457288128820205,0.1457288128820205,False,0.0997559445373647,5.662349321873591e-05,0.0001290917042548,0.0001065851982908,2.279825862318151,0.1743450990434475,0.3870249088468965,0.4386299921096559,-0.2903758728420178,0.9125514001319648,0.2879788092697575,6315.607735893924,True,wing_L,high
-0.0133362615466926,0.0027324964415285,-0.0023520817340026,0.0006076553441791,0.0005852016160706,0.1174723482163292,0.1174723482163292,0.1174723482163292,False,0.0757498105259345,0.000101546960756,0.0001074063541084,4.4797782757312254e-05,2.3975819225327952,0.0545535075742834,0.5283595972494282,0.4170868951762884,-0.0690706606603367,-0.6163719110790089,-0.7844201113362372,6178.477222921205,True,body,high
-0.0136825822396611,0.0028476380693928,-0.0026747931031537,0.0001324854969994,0.0001051732467842,0.0951330890590774,0.0951330890590774,0.0951330890590774,False,0.9810102411852932,0.0001251521916067,4.384321223485008e-05,5.313251633496637e-05,2.854539738930586,0.5754567646572328,0.0742240625662003,0.3503191727765668,-0.6276483626534174,0.6596628647610098,0.4134034805293517,12603.295569384123,True,body,high
-0.0135469682685914,0.0029253795113587,-0.0029149404167207,0.0002512476558495,0.0002386254467181,0.1082776257836685,0.1082776257836685,0.1082776257836685,False,0.3014266904206301,0.0001755873934151,6.333177929349705e-05,9.131368226004768e-05,2.772500557760716,0.4799530849909898,0.1593616854963147,0.3606852295126955,0.2872854520973548,-0.9084177127818946,0.3037175136822545,25133.70049277372,True,body,high
-0.0134561053439106,0.0029408315968143,-0.002840041343783,0.0002983071835566,0.0002803858441621,0.0866260321362348,0.0866260321362348,0.0866260321362348,False,0.2065323470793434,6.932880114315568e-05,4.024188757218569e-05,0.0001046226346892,2.5998441176884635,0.3373441478596775,0.2780174066287871,0.3846384455115354,-0.4502464815564437,-0.8916435472956388,0.0474330097304954,14922.84501413829,True,body,high
-0.0136286178382475,0.0028621954698132,-0.0028684604629323,0.0001737580442763,0.0001733255621839,0.1015090521050463,0.1015090521050463,0.1015090521050463,False,0.8058331894752622,9.958409935323754e-05,0.0001297076181129,5.707962572999545e-05,2.2723978381799075,0.232241707911777,0.3276945043137386,0.4400637877744844,-0.4139098767432344,0.7650734992691656,0.493296213902392,31495.02373279012,True,body,high
-0.0132897754873064,0.0023719433012058,-0.0027673127868903,0.0007202941698569,0.0005960876525379,0.0844242179030039,0.0844242179030039,0.0844242179030039,False,0.0672876663553512,0.0001154370347807,4.9830860270388206e-05,5.020085848882021e-05,2.316577200440417,0.5651234581329747,0.0032051951016834,0.4316713467653418,0.6082778241962046,-0.7933014005101928,0.0259032148525677,3330.358824259312,False,body,high
-0.0129795028842104,0.0027823126082352,-0.0023047323039715,0.0008998309051385,0.0008992788638492,0.0752292264437854,0.0752292264437854,0.0752292264437854,False,0.9857571762308496,0.0001167987725053,4.894073281618223e-05,4.172555305806692e-05,2.7992144847738234,0.5809824729626774,0.0617744485095976,0.3572430785277249,0.3499185092080386,0.1646649706674627,0.9221943853378785,4612.85712071818,True,body,high
-0.0142537460553632,0.0015243642860026,-0.0022528701385134,0.0015802821239106,0.0002128627096633,0.2650728275091674,0.2650728275091674,0.2650728275091674,False,0.1248313979779807,2.2919757379803484e-05,5.3413722495796106e-05,4.680720768693173e-05,2.33046631387396,0.1236857215743452,0.4472156066076145,0.4290986718180402,-0.1600043717158075,-0.3675752546008753,-0.9161261011656264,14826.113367599097,True,wing_R,high
-0.014198593105322,0.0033474402160732,-0.002673248926835,0.0006225726165962,0.0005693051008017,0.2033271971171102,0.2033271971171102,0.2033271971171102,False,0.1701687005780611,7.15899300659812e-05,6.970170913691056e-05,3.061645745628783e-05,2.3382826105271195,0.0263755101776235,0.5459601880404076,0.4276643017819688,-0.2213899483795433,-0.3439081423324096,-0.9125314681664274,3427.6822642813822,False,body,high
-0.0136902937602607,0.002956914834359,-0.0029883261265492,0.0002380407896107,0.0002222115900974,0.1495044324778357,0.1495044324778357,0.1495044324778357,False,0.1457498237456425,0.000125218092597,4.828437023634154e-05,0.0001112869236037,2.5933462937213334,0.1112552403920071,0.5031425735748095,0.3856021860331833,-0.371920652963517,-0.9210334717650924,0.1156389717505803,26022.26696169455,True,body,high
-0.0135580581597015,0.002772712732316,-0.0030354101982868,0.0003697255343103,0.0003672185180886,0.1219881607573547,0.1219881607573547,0.1219881607573547,False,0.667194501971931,6.76481815006067e-05,0.0001579386329878,8.722008389221771e-05,2.334706262376541,0.4477596630906214,0.1239209306890511,0.4283194062203274,-0.1501739088248717,0.97348365879956,0.1725611867091814,21441.540197034377,True,body,high
-0.0133059337939309,0.0028735703363224,-0.0027074280679437,0.0004434023929165,0.000440457941683,0.1201840014047341,0.1201840014047341,0.1201840014047341,False,0.2031437418765842,0.0001029802796778,0.0001614498347728,6.888407549961214e-05,2.343790398606157,0.3621530810316575,0.2111876065167273,0.4266593124516151,-0.3948165591568069,0.8231653015032842,0.4080671158235945,6356.759257551277,True,body,high
-0.013222544562579,0.0028722528016405,-0.0021796351159985,0.0007796849140894,0.0007787761059085,0.1994279598180288,0.1994279598180288,0.1994279598180288,False,0.1643346819266072,6.497025208695408e-05,5.470819399062432e-05,5.3218727098056e-05,1.220815596871488,0.1579501043430669,0.0229253672984808,0.8191245283584522,0.3592456717759369,0.0946722083140794,0.9284286296119866,4267.186307113494,True,body,high
-0.0137217022997071,0.0028147244849452,-0.0025825821240744,0.0002115857209451,0.0001576450505557,0.0874600144651256,0.0874600144651256,0.0874600144651256,False,0.9965863777034392,0.0001110879989462,9.032673795682544e-05,3.987027619661706e-05,2.7862360019378234,0.1868902238435743,0.45420263429748,0.3589071418589457,0.2219182586289554,-0.6847146292430979,-0.6942032576901231,9128.40527254513,True,body,high
-0.0139440384973018,0.002896772709863,-0.0025603256440273,0.0002840237242362,0.0002536509437432,0.1143062419153183,0.1143062419153183,0.1143062419153183,False,0.1111766130702772,0.0001116213146214,4.9414789978395726e-05,5.561070324784159e-05,2.258864495229124,0.501791360937986,0.0555083345009974,0.4427003045610165,0.073915645013027,-0.5030570973021273,-0.8610865428493624,7027.912548544767,True,body,high
-0.0137016437617456,0.0028259558105017,-0.0026313236493474,0.0001697969384355,0.0001248466235803,0.0883084233431734,0.0883084233431734,0.0883084233431734,False,0.5497093382897144,0.0001213944761513,4.958388258602754e-05,5.343772029314575e-05,2.4482648356704075,0.5598010553090754,0.0317464009014083,0.4084525437895163,0.5662847010785074,-0.8149770500033013,0.1230205076088622,12025.157512864394,True,body,high
-0.013768286439356,0.0029872170595884,-0.0029262285484698,0.0001794303542548,0.0001605161787112,0.1039381601512197,0.1039381601512197,0.1039381601512197,False,0.7792033995025673,0.0001366833863286,4.8562095957274136e-05,8.4730880190783e-05,2.814610523585037,0.3800937885236036,0.2646172677236117,0.3552889437527846,0.4402501307464556,-0.8806825011007609,0.1748661048706605,16140.803192338735,True,body,high
-0.0136055862957383,0.0028613515308024,-0.0028609006100521,0.0001856623988049,0.0001854687550282,0.0703024758358629,0.0703024758358629,0.0703024758358629,False,0.0573418832344483,0.0001198150759781,9.402958180001123e-05,4.480696903544944e-05,2.674027691615216,0.2152107651530526,0.410821529450463,0.3739677053964843,0.1940522668743224,-0.6085468381667787,-0.7694247614147549,32119.67094177324,True,body,high
-0.0135982213539262,0.0027695222949716,-0.0030893748776847,0.0003967675573506,0.0003941521884384,0.0897424021523897,0.0897424021523897,0.0897424021523897,False,0.3012988250400426,9.232259141698144e-05,0.0001396454562055,6.201556673640577e-05,2.251780698855044,0.3388786579560602,0.2170283624263122,0.4440929796176275,-0.5010007104354892,0.7766242393521057,0.3819071601762638,12193.20290042956,True,body,high
-0.0134987350887259,0.0028768861456611,-0.0029068161985151,0.0002912486148084,0.0002878809674059,0.0823446762402507,0.0823446762402507,0.0823446762402507,False,0.3182315943138437,8.335132637033505e-05,0.0001153163849176,4.766994036899085e-05,2.419058719709532,0.2771944209847995,0.3094216492029986,0.4133839298122018,-0.4460483853551362,0.7891853437016706,0.4221697895498346,24585.717064516884,True,body,high
-0.0134482206460616,0.0028309472047798,-0.0029217851095912,0.0003519748383898,0.0003515395281597,0.0925724606545052,0.0925724606545052,0.0925724606545052,False,0.6145943081392199,9.99255811814244e-05,4.1551189139461365e-05,3.531785225150171e-05,2.829322136290878,0.5841786592762346,0.062379791183225,0.3534415495405404,0.2769805822229089,0.1629072206967687,0.9469651495785432,12686.807805919814,True,body,high
-0.0136099747628188,0.0041910034571773,-0.0029903237820161,0.0012872119942299,0.0002177177226467,0.4018236422783721,0.4018236422783721,0.4018236422783721,False,0.0880429542733714,5.8599921725076864e-05,6.351650332937133e-05,2.717001086910966e-05,2.337743022458081,0.0774063644341223,0.494830622098074,0.4277630134678036,-0.7389583613975436,0.5420337028728496,-0.4001749680709741,6844.673779976765,True,wing_L,high
-0.0142702106592688,0.0033253221995614,-0.0025981432146032,0.0006770805417873,0.000647951448307,0.2582707768382706,0.2582707768382706,0.2582707768382706,False,0.1879845541695629,1.787416518977164e-05,4.463126167781448e-05,3.933214735944138e-05,2.496970415343055,0.1187309997334715,0.4807836785921779,0.4004853216743504,-0.1208445732203098,-0.5497047180069173,-0.826572024765015,2953.827404232816,False,body,high
-0.0139452472475062,0.0032862133901434,-0.0027894116694019,0.0004093275709276,0.000292832993076,0.1396212038273641,0.1396212038273641,0.1396212038273641,False,0.1289810835695526,5.062200255755265e-05,3.3565046584971945e-05,1.9302726909532407e-05,2.622531147791021,0.336947475619687,0.2817415146551061,0.3813110097252069,0.775106141928044,-0.6317771844879572,-0.0082497215645576,8437.197391794109,True,body,high
-0.0139988537964435,0.0032456922477028,-0.0028293924750669,0.0004113851692397,0.0003327622636732,0.1562921406703747,0.1562921406703747,0.1562921406703747,False,0.1597352951782061,9.958728092578867e-05,4.265988407395184e-05,9.372706240620232e-05,2.334447996932011,0.0588450499412002,0.5127881578602909,0.4283667921985088,0.357248008222738,-0.9111279965719083,0.2054741698699526,7362.866669729507,True,body,high
-0.0140344457351852,0.0017599361969141,-0.0024747167616822,0.0012404980397261,4.641577167456533e-05,0.4846804445076796,0.4846804445076796,0.4846804445076796,False,0.192940526770612,5.322024971983274e-05,2.272199203835364e-05,2.9626699952037944e-05,2.342235206754738,0.4433190353671445,0.1297383599294018,0.4269426047034536,0.2144466559389821,0.4971604850183561,0.8407401999981329,18268.54271946332,True,wing_R,high
-0.0140123548649507,0.0017688814077351,-0.0024507582077669,0.0012327459962012,7.763577341681357e-05,0.260215973363769,0.260215973363769,0.260215973363769,False,0.2546093148524571,7.520375856046038e-05,7.545289491203752e-05,3.16743615237731e-05,2.3821441469437854,0.0033018792965807,0.5769082430493033,0.4197898776541159,-0.17641460524728,-0.4258488254149578,-0.8874292450376797,22588.816496301384,True,wing_R,high
-0.013495265452171,0.0033234087702959,-0.0029734729006629,0.000510930057157,0.0001772827210589,0.1456760164200706,0.1456760164200706,0.1456760164200706,False,0.1572290970400685,2.2397599017809296e-05,6.225472645592665e-05,2.313799260376676e-05,2.7795267879572823,0.62833355921743,0.0118929698692295,0.3597734709133405,-0.1706004326583692,0.1200894154688313,-0.977994900124296,5452.295905762283,True,wing_L,high
-0.0143910321519438,0.0031647951171366,-0.0030574129621437,0.000751411395764,0.000743525746517,0.2221612419973618,0.2221612419973618,0.2221612419973618,False,0.1781742313613218,4.83271212902875e-05,3.8283495179058286e-05,2.7328191882499148e-05,1.7683980520217282,0.2078258717480803,0.226690582928656,0.5654835453232636,-0.5446609784364418,-0.2984790468658341,-0.7837440125134751,5687.422884106733,True,body,high
-0.0136587175614859,0.0026872894473468,-0.0030805753808208,0.000413925016419,0.0003892312552913,0.1398538781714606,0.1398538781714606,0.1398538781714606,False,0.1266839150841025,0.000113343958814,4.945321228530932e-05,0.0001175687066536,2.37737249453802,0.0359342886371827,0.5434332684883894,0.4206324428744279,-0.4439867704786912,-0.8960328631939658,0.0009250493637797,7929.319164751524,True,body,high
-0.0138063637859609,0.0051275507789179,-0.0027990365616199,0.0021968698549876,0.0007685920443075,0.4691082541617428,0.4691082541617428,0.4691082541617428,False,0.038356220545938,9.025449348189278e-05,4.27449161383512e-05,9.998706630675828e-05,2.339156918290192,0.0973383176880714,0.4751572288138064,0.4275044534981221,0.5049308776809914,-0.5718043304569471,0.6465946306883362,4487.369567711862,True,wing_L,high
-0.013694603993165,0.0027989891153367,-0.0023573548473111,0.0004243471210093,0.0003766310523132,0.1653589746031656,0.1653589746031656,0.1653589746031656,False,0.1156451649977576,5.0642089733799615e-05,0.0001457256153162,8.535105976313039e-05,2.877559280872218,0.4143029722132339,0.2381802948919047,0.3475167328948614,-0.1579588438763421,0.968396717089014,0.193020211305628,4940.704207676439,True,body,high
-0.0136783336556835,0.0029072935783187,-0.0028958205666675,0.0001545628590316,0.0001528979864557,0.1269289343745977,0.1269289343745977,0.1269289343745977,False,0.640479611844335,6.868446156390795e-05,5.3688531361942434e-05,0.0001248491005699,2.325433335628156,0.4498601812080343,0.1201124408065736,0.430027377985392,0.0250528257667524,-0.6076900790771573,-0.7937790144065917,25223.71357233109,True,body,high
-0.0136966223184059,0.0028246499752524,-0.0026469048013806,0.0001608067685828,0.0001156436546747,0.1035534185453794,0.1035534185453794,0.1035534185453794,False,0.7517521759093487,0.0001193572378809,0.0001425578784416,6.216786835064527e-05,2.293111895643836,0.1627454112977918,0.4011659696079225,0.4360886190942856,-0.363367009178712,0.8301723203476452,0.4228218716778076,12591.035021326674,True,body,high
-0.0137471318193402,0.00298608218164,-0.0030076811004671,0.0002560516999705,0.0002349986345981,0.1572157424713016,0.1572157424713016,0.1572157424713016,False,0.2548832746780052,0.0001142434942673,3.981187725942328e-05,9.025018991487994e-05,2.869583203096094,0.2100189993868086,0.4414983363290316,0.3484826642841597,0.250269073151392,-0.682975988445522,-0.6862282347956875,18487.65036787197,True,body,high
-0.0137650880097309,0.0029637099167016,-0.002892168851524,0.0001402162955413,0.0001302815941421,0.0828972904181,0.0828972904181,0.0828972904181,False,0.4394509704167576,0.0001199006907078,0.0001270624493042,5.261446338600532e-05,2.4149718751685905,0.0563640842410095,0.5295524184386793,0.4140834973203112,0.0705792313100052,-0.6807877750300899,-0.7290724089397898,16476.03942126567,True,body,high
-0.0137755617445916,0.002675634000803,-0.0023061434521606,0.0005200805738162,0.0003902256864471,0.1857887841387743,0.1857887841387743,0.1857887841387743,False,0.2537977653111881,0.0001038608883368,4.538194377632901e-05,4.47050002691572e-05,2.3232499208490087,0.5630506872892133,0.0065177904600251,0.4304315222507615,-0.8401234540200528,0.344257862031568,-0.4191409147707601,4002.266758766048,True,body,high
-0.0133994132994104,0.0027579917967401,-0.0029282738629549,0.0004210077976831,0.0004193958483864,0.1123476613185739,0.1123476613185739,0.1123476613185739,False,0.5364650192561252,0.0001580223256855,5.581456939300324e-05,8.808105496732704e-05,2.8312020930039554,0.4426037296617148,0.2041894107958134,0.3532068595424716,0.3688593021471967,-0.90646698865901,0.2055733778750278,10250.008769845292,True,body,high
-0.0132875149263555,0.0028351949816672,-0.0027918592987868,0.0004665520045793,0.0004650549779449,0.0872394799444455,0.0872394799444455,0.0872394799444455,False,0.3285996640700515,0.0001800550055646,7.340928029575057e-05,6.044163478187764e-05,2.9789896685369817,0.5922952540779407,0.0720204665968771,0.3356842793251821,0.2496010622144418,0.2127956756931294,0.9446784162601192,6479.027678999329,True,body,high
-0.0139873751268453,0.0029147736177914,-0.002561551962187,0.0003139736683506,0.0002892399750784,0.11980087395824,0.11980087395824,0.11980087395824,False,0.9104730521906896,4.79422116341743e-05,0.0001118463643929,6.130808792106794e-05,2.332941276184952,0.4518544411003932,0.1195021077299762,0.4286434511696305,-0.3545623241202862,0.8508393834577411,0.3877601086647146,7016.066944505305,True,body,high
-0.0129515060385621,0.0031078626073013,-0.0024401641700751,0.0008703149501716,0.0008130506016503,0.0734755431990545,0.0734755431990545,0.0734755431990545,False,0.3295947489361874,0.0001223352091744,0.0001469195479088,6.274479144428449e-05,2.34154173640532,0.1673319791973912,0.4055989728960884,0.4270690479065203,-0.4197548786507264,0.7609319482764726,0.4947609644475659,5081.483268329219,True,wing_L,high
-0.0138119774580999,0.0045601611367754,-0.0030848657019353,0.0016622043238314,0.0005104029465501,0.3906785613731369,0.3906785613731369,0.3906785613731369,False,0.1983846849852727,4.538051557219395e-05,0.0001062703534727,0.0001341444881269,2.955993038765264,0.2077918745931753,0.4539123355027637,0.3382957899040608,0.639395735817714,-0.5327629285261943,0.5543796127260788,10528.85615967019,True,wing_L,high
-0.0138456930459881,0.0030820615873473,-0.0027903946799868,0.000185011625074,0.0001403012782146,0.1041933990978439,0.1041933990978439,0.1041933990978439,False,0.0630605359182179,6.94081208831578e-05,5.3311432582608384e-05,0.0001200254501115,2.25140170310649,0.4217216363807706,0.1341106264179128,0.4441677372013165,0.0099985022257733,-0.5275548292974794,-0.8494621427928079,7790.590423956933,True,body,high
-0.013809979001296,0.0032348690175362,-0.0032567289277642,0.0005878352438678,0.0004561259967789,0.1166274030552118,0.1166274030552118,0.1166274030552118,False,0.0957531876835835,0.0001045127393831,4.630289170204792e-05,5.452121032018065e-05,2.257153614846205,0.4783295257401723,0.0786346111167084,0.4430358631431192,-0.0465630196888339,-0.6962563856165778,-0.7162813209107137,4405.059611483396,True,body,high
-0.014065618993483,0.0029178591003625,-0.0025077280385249,0.0004085236153428,0.0003794816014338,0.1383336763504994,0.1383336763504994,0.1383336763504994,False,0.1521914484801807,4.083146232066055e-05,9.330010669833617e-05,4.87734148719393e-05,2.2850052727875654,0.4772415959862017,0.0851226523990715,0.4376357516147268,-0.4264145676312021,0.857676817168608,0.2873344633061289,6643.276141551106,True,body,high
-0.0131192389069615,0.002725834438758,-0.0025343898471455,0.0006934373887151,0.0006894549420072,0.2110439548983697,0.2110439548983697,0.2110439548983697,False,0.0704160547129705,0.00011737875698,0.0001339732350936,5.184234010861551e-05,2.5842435895628224,0.1238641292937415,0.489175444824281,0.3869604258819775,-0.111013305135247,0.7713307941869272,0.6266776300634265,10014.235237419716,True,body,high
-0.0132972232857986,0.0030000903458995,-0.0025121114155623,0.0005130290965478,0.0004957991875926,0.0787076053216544,0.0787076053216544,0.0787076053216544,False,0.2830197938840212,0.0001725980540469,0.0001715216333647,7.432363881832711e-05,2.3222497820496018,0.0062365748457085,0.5631465260895376,0.4306168990647538,-0.3826073461278996,0.812408541134108,0.4400045238191489,4983.990904929041,True,wing_L,high
-0.0136538737137496,0.0029397986076072,-0.0029665303331474,0.0002272698703791,0.0002147380269325,0.095228391717145,0.095228391717145,0.095228391717145,False,0.1704311977339793,0.0001737288567231,6.837304974562453e-05,9.257651153423644e-05,2.540896703738232,0.4671207001509019,0.1393174527544189,0.3935618470946791,0.3780439738222512,-0.8966556064808937,0.2304158788431499,20775.26765310879,True,body,high
-0.014105921682396,0.0027208035517566,-0.0026664360449109,0.000429975822431,0.0002931869620421,0.1053614115264474,0.1053614115264474,0.1053614115264474,False,0.1275528981686991,3.479955872390771e-05,9.112629690270268e-05,4.199558011434755e-05,2.6186049548984025,0.5391497126324901,0.0789675607922833,0.3818827265752265,-0.3263033126802237,0.8886913685628571,0.3221083661996196,3984.951243125903,True,body,high
-0.0146130309832708,0.0012764097416351,-0.002174663373172,0.0019591428963614,0.0004304929968062,0.5088139174419969,0.5088139174419969,0.5088139174419969,False,0.3393293417182161,5.313672220406605e-05,2.195103019641512e-05,2.972606679304341e-05,2.420693777403848,0.4405739466035646,0.1463213437736913,0.413104709622744,0.1187158236373797,0.5244805432887424,0.8431053984702294,4376.098857129055,True,wing_R,high
-0.0142619979649207,0.0020158799208182,-0.0028195400052947,0.0010549364686046,0.000370412339474,0.364349814913773,0.364349814913773,0.364349814913773,False,0.0709429734465782,0.0001085481316363,4.505721579048279e-05,6.125952030312539e-05,2.4091176015197444,0.4356464788508162,0.1492637806694456,0.4150897404797382,0.0866076601995005,0.5121769396485907,0.8545021332255243,5538.420215236295,True,wing_R,high
-0.0140037678438603,0.0053401027685016,-0.0029285382538916,0.0024282571276589,0.000955500934089,0.5239207738121303,0.5239207738121303,0.5239207738121303,False,0.0458100895503799,2.6982261200725803e-05,6.29141219813153e-05,2.9923832252300924e-05,2.331684565399691,0.5243701841505803,0.0467553382124402,0.4288744776369794,-0.2910267018863699,0.3624048860310295,-0.8854186339636061,3429.8773144106904,True,wing_L,high
-0.0136053740831033,0.0033208947881577,-0.0026456773186939,0.0004272779861554,0.0001965634981327,0.0902153844691578,0.0902153844691578,0.0902153844691578,False,0.1212489477243196,0.0002381401095987,0.0001114004360085,8.499941802665937e-05,2.801667530524496,0.5322063293063591,0.1108633821762194,0.3569302885174214,0.186964428325374,0.3192158255837127,0.9290562734505778,3545.221298887632,False,body,high
-0.0134525062076428,0.0027003223210735,-0.0030005192964201,0.0004437582506395,0.0004344886395385,0.0735154263862345,0.0735154263862345,0.0735154263862345,False,0.1810673561768506,0.0001767569127001,7.886233427593357e-05,0.0001001396076706,2.241335034310436,0.4334614350243752,0.1203759053589388,0.4461626596166859,0.3660351256570208,-0.8968461581335903,0.2483651654847536,9798.06939842348,True,body,high
-0.012860942967875,0.003081752500799,-0.0022581305052492,0.0010242493936011,0.0009874093450036,0.0645021287384272,0.0645021287384272,0.0645021287384272,False,0.101860376015657,0.0001184342656223,8.714193014741475e-05,4.916335690904577e-05,2.408994687678775,0.2642169080924136,0.3206721723548473,0.4151109195527391,0.2322532762585462,-0.6406127837040424,-0.7318973131677213,3856.650983841588,True,wing_L,high
-0.0136910039870936,0.0028837678917275,-0.0026663479263148,0.0001152777576023,0.0001035977646315,0.0892462162950193,0.0892462162950193,0.0892462162950193,False,0.1522989961930015,3.619775779924479e-05,8.163882454516014e-05,5.246554829275386e-05,2.255355842699832,0.3573456185208607,0.1992653689484495,0.4433890125306897,-0.3685872692422873,0.8398406300466437,0.3985111555218626,11555.99918962536,True,body,high
-0.0138251430537835,0.0044983291557671,-0.003080115160299,0.0016013472542293,0.0005062719608073,0.4933119419767365,0.4933119419767365,0.4933119419767365,False,0.0683860504222723,2.188539533860753e-05,2.4952156311335485e-05,5.095125508047776e-05,2.328093885998751,0.5102739614181548,0.0601900967480386,0.4295359418338065,0.5994837873201102,-0.6049774434758934,0.5240433967007972,9005.76828113986,True,wing_L,high
-0.0139353386808724,0.0043132215232738,-0.0024374454219802,0.0014308447432499,0.0008061672097988,0.6110316488612846,0.6110316488612846,0.6110316488612846,False,0.0087337928141374,1.5833684654515044e-05,1.598937292403951e-05,4.0357724222410896e-05,2.548852342521721,0.6038088561207693,0.0038577068584559,0.3923334370207748,-0.3081067625173095,0.4768613773369507,-0.8232092381013522,1646.9036144521476,False,wing_L,high
-0.0147298003009139,0.0029438065509292,-0.0030677444508643,0.001034872154614,0.0010177326259812,0.2882013937725708,0.2882013937725708,0.2882013937725708,False,0.010256963339422,4.429542716161813e-05,1.630148554494694e-05,2.9905887490743387e-05,2.717263223617594,0.3248538414218803,0.3071288125557264,0.3680173460223933,-0.5156388019304049,0.0031964576860492,-0.8568000983905394,2929.60903736864,False,body,high
-0.0134172710383168,0.0040249307642872,-0.0029860955026523,0.0011630245688001,2.013838241409504e-05,0.3506741525076295,0.3506741525076295,0.3506741525076295,False,0.017394114392759,5.815947714919504e-05,2.06628181760412e-05,3.5028037755011605e-05,2.8146923935396044,0.3977243353623165,0.2469970550477899,0.3552786095898935,0.6330131664764549,-0.4199393511426013,0.6503424270562265,5308.0132924663285,True,wing_L,high
-0.015031652750459,0.0012629328372534,-0.0022627250816328,0.0021661382747204,0.0007892507915231,0.5803944420802476,0.5803944420802476,0.5803944420802476,False,0.0319286504309046,6.210469956460201e-05,2.6543124163005123e-05,2.3948724241582062e-05,2.593236238311596,0.5726068341189757,0.041774615119494,0.3856185507615303,-0.911778386981989,0.1339898383868806,0.3882098610823531,4871.2140738671405,True,wing_R,high
-0.0136356141207489,0.0043208343133097,-0.002841343807421,0.0013954743310321,0.000341363113122,0.5417281965340132,0.5417281965340132,0.5417281965340132,False,0.0312270576414498,5.651430188392104e-05,3.143866144201957e-05,2.5243925024474664e-05,2.23872879629966,0.4437043298067488,0.1096136059553339,0.4466820642379173,-0.511305683442432,0.5452548533192306,-0.6642767819300119,5185.054891785081,True,wing_L,high
-0.0127419634545146,0.0031284838024902,-0.0025516048294666,0.0010403262822837,0.0009566026069229,0.2522951421243291,0.2522951421243291,0.2522951421243291,False,0.0159238148674168,5.241358762738228e-05,3.4427998673139954e-05,9.533051629035178e-05,2.768982222737413,0.4501908762589282,0.1886655989511578,0.3611435247899139,0.325634893708746,-0.7816544858077619,-0.5319569351140154,5827.950038280677,True,wing_L,high
-0.0137240537174292,0.0039606048858533,-0.0032580136455216,0.0011440890338783,0.0003859625947878,0.3353715519937547,0.3353715519937547,0.3353715519937547,False,0.0535530857451332,4.017838433417672e-05,0.0001094986450017,4.742245562515381e-05,2.725312299544603,0.5669128542696514,0.0661567208512993,0.3669304248790492,0.4808737351073262,-0.7022680431636452,-0.524957185335179,13429.410003983225,True,wing_L,high
-0.0141505496853724,0.0043061403758028,-0.0035470561877342,0.0016365073057853,0.0009270752945268,0.3933254800460936,0.3933254800460936,0.3933254800460936,False,0.0045959944276967,2.4742068358212585e-05,5.985876677086152e-05,2.667849035471541e-05,2.419311348761702,0.5543093886841958,0.0323498478329068,0.4133407634828973,0.4264026696627108,-0.5044579119543274,-0.7508015572514438,2598.3008983321074,False,wing_L,high
-0.0132460020855429,0.0042865058926008,-0.0027383753403151,0.0014428006354208,0.0003355849206545,0.4048137127327636,0.4048137127327636,0.4048137127327636,False,0.0293626894998034,4.983604048249124e-05,5.3194371073204085e-05,2.01282464214389e-05,2.6427722494765344,0.0631331947903142,0.558476272238835,0.3783905329708507,-0.7148698113850979,0.4934057457574463,-0.4954915971273104,6471.333675401291,True,wing_L,high
-0.0147528575853356,0.0015572800969269,-0.0024818076109562,0.0017281271217964,0.0006006525806046,0.2662954355148254,0.2662954355148254,0.2662954355148254,False,0.0701477408121053,2.0859205410170408e-05,4.70485201762034e-05,4.951824459959048e-05,2.3739276557220474,0.0498750398637417,0.5288821317840006,0.4212428283522577,-0.1125215847646641,-0.4069092680199304,-0.90651185351408,5221.299340595932,True,wing_R,high
-0.0130351835716313,0.0025442825887648,-0.0024584509890658,0.0008603379478178,0.0008266329767735,0.4220200796822501,0.4220200796822501,0.4220200796822501,False,0.0294437404631155,5.479016820924914e-05,3.1143174640935505e-05,3.3947586349107463e-05,1.7592993919518831,0.3804073347711175,0.0511845792745448,0.5684080859543377,-0.2287134165899589,0.9728001631338302,-0.0367425594990496,6904.582610591596,True,body,high
-0.0126765849436681,0.0026433304194212,-0.002661165534999,0.0011086111042444,0.0011085854786328,0.3764570104530867,0.3764570104530867,0.3764570104530867,False,0.0794664114336539,1.7690353816489634e-05,2.0136943993657963e-05,4.632515262230581e-05,2.6186673880499183,0.5653129487162895,0.0528134293936526,0.3818736218900579,0.9752125868017404,-0.2011425072609099,-0.0922068452787153,3794.384356430412,False,body,high
-0.0136710577512836,0.0030057569969513,-0.0021664528262433,0.0005998619620586,0.0005988820471565,0.1951666464005939,0.1951666464005939,0.1951666464005939,False,0.038594641681522,7.070522423190986e-05,0.000159653976706,0.0001060610749271,2.2580223518190463,0.3356815964411371,0.2214529911795711,0.4428654123792917,-0.5089290597632643,0.8528199512454833,0.117001465316171,3139.897709222917,False,body,high
-0.014449195723699,0.001366995631952,-0.002208438402442,0.0018027496319441,0.0003132948380239,0.4061621747249488,0.4061621747249488,0.4061621747249488,False,0.0382752916212346,3.5649208495060054e-05,8.30537711856144e-05,9.05776737956528e-05,2.540804624265479,0.0830657522405868,0.523358137872928,0.3935761098864852,0.2102675723589306,0.508226496276527,0.8351606890274272,6177.380466954803,True,wing_R,high
-0.0140463735597657,0.0031524515522258,-0.0034288457369976,0.0007691847042107,0.0007217329539208,0.1586846947330197,0.1586846947330197,0.1586846947330197,False,0.0160695840312326,5.036846171868589e-05,3.731600224954376e-05,2.249223099704064e-05,2.239371529009861,0.2591395294547953,0.2943066106583863,0.4465538598868184,0.7834154456347739,-0.6214796210823911,-0.0048290910279362,3890.4169035692007,True,body,high
-0.013646449352649,0.0041511334590259,-0.0035889572323625,0.0014788318695125,0.0006130613256094,0.3081502174513195,0.3081502174513195,0.3081502174513195,False,0.0042256242239838,2.7544552150605933e-05,5.1847630534321024e-05,7.409412830353499e-05,2.6899739701124545,0.3002464335376033,0.3280027573056097,0.3717508091567871,-0.4374958367051138,0.2183872627280633,-0.8722983413625387,2901.640547394993,True,wing_L,high
-0.0137290291340454,0.0045075965782823,-0.0030343172478489,0.0015997957700703,0.0004186772242882,0.4528310313806259,0.4528310313806259,0.4528310313806259,False,0.0180930403992379,6.262015297125793e-05,3.272022966513297e-05,2.793618959915305e-05,2.2415423817554703,0.477480841029704,0.0763977703499982,0.4461213886202977,0.5145001167381578,-0.5674862051447638,0.6428444888515551,10304.892713524909,True,wing_L,high
-0.0137644190632534,0.0046028516645992,-0.0029919950735747,0.0016873748171194,0.0004873448426982,0.3921751729278193,0.3921751729278193,0.3921751729278193,False,0.1352681777297748,4.237871442423516e-05,9.682002625405504e-05,0.0001124097967176,2.652506057460436,0.1386869376053601,0.4843110958251758,0.377001966569464,0.6783466742046745,-0.4987638928194577,0.5395186454748693,9435.3640087912,True,wing_L,high
-0.0137799887327852,0.004570681218627,-0.0030008801457082,0.0016570856721697,0.0004903199842013,0.2884356990901735,0.2884356990901735,0.2884356990901735,False,0.0113113165978798,1.529422730352997e-05,1.7114467340187998e-05,4.1015594784091655e-05,2.681769661853076,0.5827326793557549,0.0443792183495051,0.3728881022947399,0.54214676361768,-0.2315381118438743,0.8077542878020821,10695.496049260812,True,wing_L,high
-0.0138997466163495,0.0017350990889206,-0.0024721884088333,0.0012404171254571,0.0001776731324065,0.4874913096463187,0.4874913096463187,0.4874913096463187,False,0.0116892079129254,8.347184078907098e-05,2.918182071464933e-05,4.890681292725384e-05,2.8604055108586124,0.4140920762627145,0.236307142937563,0.3496007807997225,-0.0783198193269721,-0.5125737406689801,-0.8550638375450101,7987.91012452071,True,wing_R,high
-0.0139703947312105,0.0027668484184387,-0.0022292260450613,0.0005984782552169,0.0005019774300262,0.4308421036510678,0.4308421036510678,0.4308421036510678,False,0.0708684772207584,1.0719882200927251e-05,2.245905048790213e-05,1.3001103040323417e-05,2.095083702128692,0.4211196485209101,0.1015724525230918,0.477307898955998,-0.5555695036558037,0.365578841469635,0.7467895535405964,3597.364432875024,False,body,high
-0.0148415212569821,0.0015770731640365,-0.0025126481702662,0.0017616326785384,0.000694442725924,0.4797984069543559,0.4797984069543559,0.4797984069543559,False,0.0484391455209149,4.963999654825237e-05,1.725521305882392e-05,2.48224245404101e-05,2.876811568714164,0.4999511227547819,0.1524418212686719,0.3476070559765462,0.1014923985638015,0.4385053668868992,0.8929794713458715,6114.719401469087,True,wing_R,high
-0.0137712040887388,0.0024033653035206,-0.0024602726301617,0.0006071115968217,0.0002173111491051,0.2246357819034679,0.2246357819034679,0.2246357819034679,False,0.055898373012575,8.072241524983875e-05,7.556328641667889e-05,2.7806372503815216e-05,2.903018552267582,0.0639119731141861,0.591618991640108,0.3444690352457059,-0.2806523265451935,-0.3883058421711604,-0.8777544329369782,2658.7928774025736,False,body,high
-0.0135664322256129,0.003853539337752,-0.0031246725067194,0.0010075364079134,0.0001841274626485,0.3968173606943275,0.3968173606943275,0.3968173606943275,False,0.0071228415765302,6.067935400763436e-05,5.9419569635364656e-05,2.6868533243e-05,2.258379847491044,0.0207613346066802,0.5364433574600886,0.4427953079332311,0.5641746643767365,-0.4758292192517989,0.674754401379954,6802.1494710549305,True,wing_L,high
-0.0126258417162182,0.002626612111836,-0.0026743641432027,0.0011607520253966,0.001160730886788,0.4876409178371834,0.4876409178371834,0.4876409178371834,False,0.0285096284558532,2.4227049887619955e-05,2.388973462522257e-05,5.427629143107349e-05,2.271950370422662,0.5536347593242189,0.0062147809569073,0.4401504597188737,0.0230718957734118,0.9982129687500452,-0.0551231044539575,3442.262198862298,False,body,high
-0.0142408972682301,0.0017878279879843,-0.0026505991104099,0.001252530209713,0.0002265426687925,0.3414569495432404,0.3414569495432404,0.3414569495432404,False,0.0212504564934275,4.314262117527953e-05,3.568084041355548e-05,8.049202691639515e-05,2.255889322769861,0.4640137311973696,0.092702110352798,0.4432841584498323,0.2637943852691453,0.4268081936914969,0.8650128831978604,6002.796871131678,True,wing_R,high
-0.0141262153920006,0.0026661356565332,-0.0027383902713237,0.0004671154510163,0.0003019170894704,0.347584365678208,0.347584365678208,0.347584365678208,False,0.0170603596326522,3.8130205380785576e-05,8.604312120486582e-05,9.504125771918145e-05,2.4925451297745767,0.0946761094103198,0.5041275439099155,0.4011963466797646,0.0618324092590321,0.5588993054035678,0.8269270340148718,3170.039574727478,True,body,high
-0.013536803738804,0.0041815638202264,-0.002973159888024,0.0012846399997601,0.0001511227560474,0.292940363843214,0.292940363843214,0.292940363843214,False,0.0278838570659778,3.9371289814639904e-05,1.5175901364125152e-05,1.6050392185940645e-05,2.594329580166558,0.5923325788536287,0.0222113836232593,0.3854560375231119,0.7533135879097234,-0.277423794967623,0.5962840566846823,6279.04177215542,True,wing_L,high
-0.0139176965356073,0.0033476362823717,-0.0027274813803541,0.0004520014528535,0.0002997731696168,0.1447650588673559,0.1447650588673559,0.1447650588673559,False,0.0344767637219978,2.4168319688231413e-05,5.985665463469229e-05,2.414707812161603e-05,2.4788363351137583,0.5962300292969647,0.0003548739358225,0.4034150967672128,0.8497027745357726,-0.4462065772436843,-0.2809001341592521,5803.436166723148,True,body,high
-0.0143549859723753,0.0016876465890279,-0.0024916003669866,0.0014121220980203,0.0002512046933438,0.3854219926125459,0.3854219926125459,0.3854219926125459,False,0.0286822722493907,9.423776499286684e-05,3.351901561041746e-05,5.564354129456966e-05,2.811471735571448,0.4095409489095853,0.234773455056228,0.3556855960341867,0.0927707383456198,0.5045821660367198,0.8583649735540826,7642.401335239707,True,wing_R,high
-0.0127399348644109,0.0030694502428584,-0.0025901112799418,0.0010257970768162,0.0009598496102015,0.2963501241347079,0.2963501241347079,0.2963501241347079,False,0.0469591135708519,1.909739374871976e-05,1.9816205783270952e-05,5.290382445865654e-05,2.770211744846236,0.6254296171204601,0.0135871469011269,0.360983235978413,0.3011349348329504,-0.9394672184016064,-0.1634597704999718,6138.636049533965,True,wing_L,high
-0.0135902308065309,0.0029315205614985,-0.0027854407550877,0.0001549341435395,0.0001479536494481,0.7292435156628022,0.7292435156628022,0.7292435156628022,False,0.0221026605387869,1.9768564071619672e-05,4.518277661196784e-05,1.6291259283143726e-05,2.7734367139265683,0.5624756698466501,0.0769608476774065,0.3605634824759433,0.0691471420935201,0.6927728375925801,0.717833175768732,14531.641822870071,True,body,high
-0.0140886075077064,0.0030395711352222,-0.0028558216956721,0.0003754471109043,0.0003742900315639,0.6821337875321433,0.6821337875321433,0.6821337875321433,False,0.0483619596067651,2.074879473068901e-05,1.7584604210956956e-05,4.768403554774704e-05,2.7116922835280617,0.564869153955881,0.0663574398304372,0.3687734062136817,0.5283649536089632,0.7180118239763582,0.4530888394431507,7466.554660751896,True,body,high
-0.0135218784236788,0.0029224700594279,-0.0032387635964097,0.0005296044825342,0.0005079625858238,0.2337923193790941,0.2337923193790941,0.2337923193790941,False,0.0384241508972963,6.31091823867148e-05,4.2327296721110135e-05,3.299035206643086e-05,1.912958741987212,0.3293005055628717,0.1479490670226906,0.5227504274144376,-0.4885489269268581,-0.1243460582546039,-0.863630710312665,5439.359742185176,True,body,high
-0.0134144906063967,0.0040392492649691,-0.0029810156539938,0.0011762861692831,2.5383574920546616e-05,0.3831784204133109,0.3831784204133109,0.3831784204133109,False,0.0174005621297452,5.213053704761871e-05,1.926702903217012e-05,2.125790132877132e-05,2.705686328731661,0.5922178720439181,0.0381901359424445,0.3695919920136374,0.4827158270834884,-0.4706477404521265,0.7385635617131482,5374.588020485954,True,wing_L,high
-0.0125577322946617,0.0026888798665088,-0.0024895009163772,0.001238889643141,0.0012384928484631,0.3269710632160836,0.3269710632160836,0.3269710632160836,False,0.0224291886369009,0.000158888741222,7.504893146722763e-05,6.582555879931195e-05,2.413784920633057,0.5276636287126368,0.0580492525586023,0.4142871187287608,-0.2936357271616895,0.934810122996204,0.1997701020624647,4814.278545146174,True,body,high
-0.0136463920403231,0.0043400711124076,-0.0028402421953012,0.0014137815159943,0.000356555250237,0.5244825475035616,0.5244825475035616,0.5244825475035616,False,0.0453653718558142,3.390436097042448e-05,1.4982684460904314e-05,1.3995449582230486e-05,2.422527463031385,0.5580897550620688,0.0291182269895903,0.4127920179483408,0.8019889849442301,-0.477242822886007,0.3592394132496024,5073.801219587076,True,wing_L,high
-0.0135522988002601,0.0038995657811564,-0.0032481391795208,0.001101445663086,0.0002873521950894,0.3610045705536492,0.3610045705536492,0.3610045705536492,False,0.0137404270248152,5.587160669129512e-05,7.314631027952441e-05,3.2481764800514914e-05,2.2519192146346945,0.2361664385013408,0.3197678980853206,0.4440656634133386,-0.4917595363996445,0.4090502440824325,-0.7686679752507641,6310.034872090901,True,wing_L,high
-0.0137928279151152,0.00473590716242,-0.002892821177384,0.0018096764512356,0.0005849820539591,0.5451187466478709,0.5451187466478709,0.5451187466478709,False,0.0671482391935369,2.5511816951664826e-05,5.72320847146261e-05,6.22280153577533e-05,2.4391839858231847,0.0802842676952694,0.5097425585662533,0.4099731737384772,0.6892150601083972,-0.5462438621167811,0.4760254657258594,5301.070361941146,True,wing_L,high
-0.0133616558935845,0.0026815330298498,-0.0025803926990779,0.0004890921069283,0.0004582374453453,0.4660910687728125,0.4660910687728125,0.4660910687728125,False,0.0211443790431234,5.843317431985651e-05,2.3162719849582804e-05,2.241272701502931e-05,2.60714255256279,0.6036032592925257,0.0128350520621748,0.3835616886452994,0.9143814511786124,0.3640691304674811,-0.1770881983113139,4522.214286889215,True,body,high
-0.0136999651706997,0.0026969844883658,-0.0023488535545662,0.0004732860595808,0.0003703423716766,0.2034296962355965,0.2034296962355965,0.2034296962355965,False,0.0307064708011745,0.0001160251941335,0.0001314025082437,5.16465793560084e-05,2.5442635288187154,0.1170245097733413,0.4899344437025616,0.393041046524097,-0.1122829902053313,0.7389708995915616,0.664315090651558,4676.643597255315,True,body,high
-0.0134932741769072,0.0039862618953373,-0.0032939406755797,0.0012089103850982,0.0003036857195716,0.3614582502149018,0.3614582502149018,0.3614582502149018,False,0.0062238195095662,2.655912711452768e-05,6.759736330321813e-05,6.070690559119951e-05,2.545165095664714,0.1019338236775661,0.5051643556494482,0.3929018206729857,-0.5402306343035674,0.4551839935620422,-0.7077841434822316,4524.219436915682,True,wing_L,high
-0.0134176169705576,0.0036726546626705,-0.0031647108898222,0.0009055697658183,0.0002570907699729,0.32851529247148,0.32851529247148,0.32851529247148,False,0.0046415419799456,6.80350145155588e-05,2.619736070022317e-05,5.327011426460093e-05,2.59701789405752,0.2170191386904357,0.3979238302093189,0.3850570311002453,-0.5389086464799779,0.2132589695983826,-0.8149221328660515,4385.159501528884,True,wing_L,high
-0.0144490995837879,0.0017671375693672,-0.0026129235075922,0.0013700047260825,0.0003854350203481,0.2093763601521049,0.2093763601521049,0.2093763601521049,False,0.0158545471865279,3.755989273997277e-05,1.485842028671605e-05,1.4030716942163724e-05,2.6769760158942053,0.60440727587853,0.0220368931903644,0.3735558309311054,-0.8921101817963206,-0.1527908537477335,-0.4251992221845821,7026.467366187697,True,wing_R,high
-0.0139299219015889,0.0047399916627407,-0.0030794613764121,0.0018459717116895,0.0006738349122501,0.4881567657527362,0.4881567657527362,0.4881567657527362,False,0.0379662030866596,2.385522051304487e-05,5.405576906194564e-05,2.083856680885353e-05,2.594025278119384,0.5586924221592743,0.0558063229242817,0.385501254916444,0.8746270729854285,-0.4086932492378068,-0.2607629406729144,5603.996558206011,True,wing_L,high
-0.0141288567006741,0.002964743758067,-0.0022951481367508,0.0006033038440531,0.0005793923725761,0.3836876456516501,0.3836876456516501,0.3836876456516501,False,0.0726941900733229,4.817003158534624e-05,2.368863705329378e-05,2.201373357665878e-05,2.188180910684822,0.5082287415294102,0.0347706534854032,0.4570006049851866,-0.6569376375190874,0.3232608812905115,0.6811279931394112,5029.594268687863,True,body,high
-0.0131985252368072,0.0029818967357154,-0.0025748494929669,0.0005760766392748,0.0005550950171097,0.282803897131141,0.282803897131141,0.282803897131141,False,0.0100213495758257,2.3906052842737264e-05,6.238803754307997e-05,2.3371296444807623e-05,2.669429900494059,0.6168167202529854,0.0085714572695186,0.3746118224774959,0.9176065629495918,-0.2903537417986646,0.2714643627722641,5902.457257597337,True,body,high
-0.0137474983157428,0.0030222341997803,-0.0030502224143435,0.0003064043100557,0.0002702228896219,0.1457478465109782,0.1457478465109782,0.1457478465109782,False,0.036219548180361,0.0001209458848204,4.71186127910518e-05,0.0001031283880212,2.566838827722212,0.1473179250838359,0.4630978169565825,0.3895842579595815,-0.4583263369112056,-0.8847968106369799,-0.0840926440313552,11424.004073467002,True,body,high
-0.0143833872545527,0.001526597978048,-0.0024770277297452,0.0015698342859316,0.0002374616685606,0.5072327847838125,0.5072327847838125,0.5072327847838125,False,0.0208834895017631,5.656908699921861e-05,7.103979059639337e-05,2.7104508348812657e-05,2.620958464996668,0.2036985677419695,0.4147616202559843,0.3815398120020462,0.0854365234945749,-0.6455829681847403,-0.7588960611591951,7115.235430344907,True,wing_R,high
-0.0136576057859297,0.0030227472033089,-0.0017321103420751,0.0010328487138923,0.00102750571592,0.2632027398357487,0.2632027398357487,0.2632027398357487,False,0.0701637914894672,6.996944239680732e-05,2.901631399900542e-05,2.8480091734372043e-05,2.45678430566158,0.5853001966994462,0.0076636635403263,0.4070361397602274,0.7373731466088342,-0.5787555778706719,0.3483142600350601,1951.4857200490208,False,wing_L,high
-0.0147614095754125,0.0017855240951914,-0.0025930081998107,0.0015425274577682,0.000679608846125,0.4777569787884578,0.4777569787884578,0.4777569787884578,False,0.007265057538065,0.0001043177156903,3.4935893615380074e-05,8.328172219188217e-05,2.985975307767862,0.2016531263097592,0.4634479221153395,0.3348989515749012,0.0826736065906754,0.5878226303050089,0.804754391149617,7948.336132568136,True,wing_R,high
-0.0136896264918313,0.0040993288787205,-0.0034135480460571,0.0013401243591743,0.0004855532439943,0.442467573510488,0.442467573510488,0.442467573510488,False,0.004670413005086,7.56941935982679e-05,2.619756057098608e-05,3.998023872738445e-05,2.8893603812142565,0.4718189490257107,0.1820836909835811,0.346097359990708,0.5240773277578149,-0.4504206619510909,0.722816838360707,5421.095168833422,True,wing_L,high
-0.0136917472744647,0.0044465203280485,-0.0030434154186509,0.0015421210853211,0.0003646719659602,0.4721423987326586,0.4721423987326586,0.4721423987326586,False,0.0779766104074595,8.154031725125898e-05,3.6001831678905353e-05,8.917161125199192e-05,2.4768631787210005,0.0855798599306175,0.5106836686360355,0.4037364714333469,0.7085564630032767,-0.5062752491583251,0.4915619094538979,7619.713376199562,True,wing_L,high
-0.0144115938655119,0.0028362179612351,-0.0032636277808758,0.0008443501050332,0.0008284049810806,0.1987843474070352,0.1987843474070352,0.1987843474070352,False,0.0373333304398077,1.0913938001441951e-05,9.465939384888082e-06,2.548215165573827e-05,2.6919833964307127,0.5717026509814266,0.0568240326058886,0.3714733164126848,0.7791662155200499,-0.6128006820986174,0.1318155249264404,3901.337333346313,True,body,high
-0.0127201370831483,0.003030675989209,-0.0025874811963275,0.0010411939087539,0.0009874791822522,0.2037865599643945,0.2037865599643945,0.2037865599643945,False,0.0375542047708467,3.662999945390586e-05,9.591551894612473e-05,8.447342126112713e-05,2.618496324763042,0.1192934971391289,0.4988079336159843,0.3818985692448867,-0.8767273335833727,0.4757602934758175,-0.0707200516090969,5794.861603629948,True,wing_L,high
-0.0143408008072072,0.0016437330262353,-0.0025059224819441,0.0014424712767108,0.0002290305050899,0.373328660348034,0.373328660348034,0.373328660348034,False,0.0139947078910839,8.852375513502593e-05,3.311198780941423e-05,6.379612111831333e-05,2.673465442321083,0.2793333154360132,0.3466203310297487,0.3740463535342381,0.0971554596940073,0.5195583075093698,0.848893386562556,7157.907829176865,True,wing_R,high
-0.0139310104317786,0.0029390415228968,-0.0024789538962722,0.0003363049966525,0.0003206415831043,0.252929927101398,0.252929927101398,0.252929927101398,False,0.0065526049690548,1.8169360653825992e-05,1.638530836384324e-05,3.963038958551285e-05,2.418653876112795,0.5415295977693865,0.0450172786248592,0.4134531236057542,0.8770258746472417,0.0435871684682633,0.4784618834809725,6263.108280952957,True,body,high
-0.0146070424746935,0.0014022886714463,-0.0023356621785503,0.0018069740279556,0.0004189034097864,0.4458865563686633,0.4458865563686633,0.4458865563686633,False,0.0449560917111891,6.0051569823070834e-05,2.2911846155288084e-05,5.541889081883439e-05,2.62098346052358,0.0771450108279542,0.5413188157998432,0.3815361733722026,0.0193808026803229,0.5392338977675963,0.8419330068276405,4534.878121758176,True,wing_R,high
-0.0138616547316626,0.0038843315603577,-0.003372272353286,0.0011397879342363,0.0005607807075228,0.2430127674763356,0.2430127674763356,0.2430127674763356,False,0.026517775111061,3.158085803056191e-05,6.333286646487214e-05,2.3846781714788043e-05,2.6558244723478848,0.5013511973585093,0.1221178946647489,0.3765309079767417,0.5036998284910957,-0.4382140492922032,0.7444829949575553,5096.048028672261,True,wing_L,high
-0.0150142109025204,0.0015807772255476,-0.0025204385611707,0.0018705437542841,0.0008623476357566,0.339450280449306,0.339450280449306,0.339450280449306,False,0.044814355368342,3.202353204159124e-05,7.218837671752127e-05,8.155828246140172e-05,2.546823453311651,0.1148860110966026,0.4924680052567126,0.3926459836466848,-0.0408593076991534,-0.4698169488324167,-0.881817754167007,6595.110672744246,True,wing_R,high
-0.0133389712555513,0.0029796333061185,-0.0031182659118068,0.0005434951323208,0.0004936479746485,0.214546579794752,0.214546579794752,0.214546579794752,False,0.1144516976102688,4.068065462865449e-05,1.524070410021354e-05,1.5144802135096388e-05,2.6861133123939345,0.6253574521025935,0.0023574341660077,0.3722851137313987,0.9939858149274978,-0.0575835471430698,0.0931468454717593,4436.459454679795,True,body,high
-0.0131690006617642,0.0024839156862221,-0.002010696915849,0.0010428074995154,0.0009527418125103,0.3318550722296505,0.3318550722296505,0.3318550722296505,False,0.1517705666157151,1.7860465352302426e-05,3.54461088211308e-05,4.263808321761298e-05,2.3872884819384854,0.1686748993798885,0.4124398223784149,0.4188852782416966,-0.3735923928413478,-0.3823611286210478,-0.8451205188200761,2996.617224382453,False,body,high
-0.0133832393338159,0.0026968617218384,-0.0023576896896387,0.0005867248746453,0.0005484080636945,0.1532173352573855,0.1532173352573855,0.1532173352573855,False,0.0231692268570276,7.104311036632226e-05,0.0001603865664009,0.0001035408089814,2.257594938818217,0.3544296676156815,0.2026210757194049,0.4429492566649134,-0.1539232046902028,0.9642241873820288,0.215822527844904,6071.340217144465,True,body,high
-0.0142656149044717,0.0017644611435076,-0.0025467303723476,0.001296563931593,0.0001935929390068,0.3579953403641009,0.3579953403641009,0.3579953403641009,False,0.0087535850751171,8.954256275298574e-05,8.355706155990934e-05,3.3949237511262715e-05,2.6375426759814515,0.0668453192431865,0.5540138960004524,0.379140784756361,-0.1005951048490666,-0.5176370359716655,-0.8496661249401876,7173.5272785655925,True,wing_R,high
-0.0133493519744248,0.0027435223803299,-0.0024056434145621,0.000560307629659,0.0005410474918992,0.141384504771533,0.141384504771533,0.141384504771533,False,0.1358116849856998,7.044011667459697e-05,4.652935541766787e-05,0.0001182057672028,2.540455721806961,0.404089002241796,0.2022808347067002,0.3936301630515038,-0.0598990096536574,-0.6499181632501396,-0.7576400792725241,6005.285406223337,True,body,high
-0.0142324117123958,0.0030640974456328,-0.0031030915001215,0.0006138579346601,0.0006103458908148,0.2423007046205655,0.2423007046205655,0.2423007046205655,False,0.0198111060636326,2.028884223293014e-05,2.4429619336361296e-05,5.8334343955892747e-05,2.8751933346503247,0.5812137811160986,0.0709835205580102,0.3478026983258912,-0.8331740173951188,0.5269471558668144,0.1677729169489315,6336.92456968438,True,body,high
-0.0150465255373955,0.0016126739594278,-0.0026196573676101,0.0018600515497032,0.0009177280677017,0.4668388070722584,0.4668388070722584,0.4668388070722584,False,0.0171990453850152,3.410262678287787e-05,8.774385150909575e-05,7.715334756361512e-05,2.5729352776176726,0.1206979607497944,0.4906408829828321,0.3886611562673734,-0.1146294020716587,-0.6208923447844442,-0.7754694038895207,5249.728263424646,True,wing_R,high
-0.0140973877071623,0.002940265621121,-0.0023489180832741,0.0005411361355509,0.0005131915226209,0.2795634890577235,0.2795634890577235,0.2795634890577235,False,0.0180222208793487,8.824290471739985e-05,8.975972755300246e-05,6.90636509812971e-05,1.2996667027827704,0.0168987014216028,0.2136732614833031,0.769428037095094,-0.0345728625090328,-0.98832290004563,-0.1484000081648466,5846.288876753926,True,body,high
-0.0129723921331423,0.0025199483025657,-0.0027015067634754,0.0008753044592025,0.0008535056960195,0.2246064075661983,0.2246064075661983,0.2246064075661983,False,0.023234597382084,8.359986402109248e-05,8.21024500191463e-05,3.1748606650374766e-05,2.633182140612324,0.0179116798750817,0.6023196802816225,0.3797686398432957,-0.1499278375689861,0.5472383518727137,0.8234390261346154,5043.365663370091,True,body,high
-0.0144948709527648,0.0019177265548366,-0.0028211225377618,0.0012643952394992,0.0005429377880095,0.357196331487712,0.357196331487712,0.357196331487712,False,0.0481600451077583,6.782725182191148e-05,2.3656331031215326e-05,5.340241516925369e-05,2.8671923694511685,0.2126702212634519,0.4385565291092767,0.3487732496272713,0.0395433972183453,0.6151579309784618,0.7874116075412719,5418.163360030309,True,wing_R,high
-0.0132012516007232,0.0030212535687246,-0.0024451515422082,0.0006313224564828,0.0006098018972103,0.229663232514772,0.229663232514772,0.229663232514772,False,0.0097068812337033,0.0001241149671678,4.1606941089527054e-05,6.097863240320664e-05,2.983035135911154,0.5086923535922686,0.1560786080496046,0.3352290383581267,0.9317728590247496,-0.362856214583855,-0.0116063225321091,4855.016338034083,True,wing_L,high
-0.0141184349233098,0.0032495087551371,-0.0022734961783727,0.0006901168834274,0.0006831051202,0.2275153244780416,0.2275153244780416,0.2275153244780416,False,0.0654658372946363,2.0947057855301507e-05,5.275977574600406e-05,1.9635217718167863e-05,2.686997236459826,0.6029729550757615,0.0248643994138469,0.3721626455103916,0.7645528412464586,-0.6420055129036256,0.0573399890418548,3730.40605302796,True,body,high
-0.0131147156042434,0.0026228213187819,-0.002499785572007,0.0007458132598897,0.0007244698195675,0.1111158223391546,0.1111158223391546,0.1111158223391546,False,0.0588776972989681,0.0001664448280393,0.0001872542773241,6.417604224387545e-05,2.9178221463480525,0.111129366880989,0.5461492642886316,0.3427213688303793,-0.3661949872458325,0.854954452427116,0.3673610153392365,10038.14862163361,True,body,high
-0.014007574347637,0.0028673103142744,-0.0024323047228965,0.0004243890110472,0.0003748138051676,0.3193045965869554,0.3193045965869554,0.3193045965869554,False,0.0158849466237682,1.5933492987312805e-05,4.447150880437912e-05,3.893594955417135e-05,2.791070912058642,0.1244742847506601,0.5172403002569925,0.3582854149923474,-0.068679689953806,-0.6513522284536386,-0.7556608860304523,6747.036184453349,True,body,high
-0.0139379905137401,0.0030537533982146,-0.0030886970785131,0.0004033887858911,0.0003814143695861,0.30533352620629,0.30533352620629,0.30533352620629,False,0.0517733770743402,1.4929439945259262e-05,1.697674761270265e-05,4.3590769261300216e-05,2.9197859679352645,0.610542601096637,0.0469665413604201,0.3424908575429428,-0.6025861115641973,-0.2913991530392807,-0.7429512176165609,4937.862592901243,True,body,high
-0.0135240252200273,0.0031963091917328,-0.0024298867912321,0.0004742743068324,0.0004096628762212,0.1457427350063818,0.1457427350063818,0.1457427350063818,False,0.0360387086472645,0.0001016326542865,4.426375593106932e-05,0.0001153384918655,2.605709557164479,0.1188314270223731,0.4973959467267583,0.3837726262508686,0.0726825868004297,-0.5767199204765925,-0.8137022642843454,3511.245995017505,False,wing_L,high
-0.0136162596786261,0.0027796552667526,-0.0024045939778641,0.00040457326121,0.0003608196570374,0.1359383311373183,0.1359383311373183,0.1359383311373183,False,0.0854776669984002,0.0001048393726241,0.0001123009854434,4.6357900911323655e-05,2.422477792042834,0.0664429861395765,0.5207565319386813,0.4128004819217421,-0.0744857316738158,-0.6126692283047204,-0.7868216395508667,5558.870436109978,True,body,high
-0.0142099680845777,0.0034378429943983,-0.0029868928424389,0.0007259079099019,0.0006063026999046,0.1527644963041257,0.1527644963041257,0.1527644963041257,False,0.0455782992415374,0.0001138307722059,4.002002614831806e-05,4.810704514924886e-05,2.844345273141672,0.5773810173034749,0.0710442250738446,0.3515747576226804,0.0510086855618186,-0.7344693005514487,-0.6767222181550726,3301.6692449079574,False,body,high
-0.013240142951948,0.0023470248032096,-0.0030556888108516,0.0008268140938698,0.000746878211419,0.8254274711051341,0.8254274711051341,0.8254274711051341,False,0.1519378737207306,1.7247135126156527e-05,3.936385613369954e-05,1.7352195637334253e-05,2.2823417249164706,0.5591845580779121,0.0026689588240767,0.4381464830980111,0.2678096308268027,0.5263338659818061,-0.8070010304560075,2888.4260999702574,False,body,high
-0.0134289043872341,0.0028203522676747,-0.002980518796706,0.0004007993834031,0.0004000265678641,0.2185832896648216,0.2185832896648216,0.2185832896648216,False,0.0600374410577419,7.344184148850656e-05,4.349758279344926e-05,0.0001101429097709,2.532161621346474,0.3332131714945721,0.2718673290667422,0.3949194994386856,0.6340085535560551,-0.7514235979771824,-0.1827449874026256,11253.836809799872,True,body,high
-0.0140057490786482,0.0030642923287048,-0.0028374380454404,0.000305188179024,0.0002968174729866,0.2017445138781217,0.2017445138781217,0.2017445138781217,False,0.060168502103033,0.000127959334897,0.0001696608210729,6.389433272216001e-05,2.6553344223928907,0.2457932592345205,0.3776063428770522,0.3766003978884273,-0.5944812997588493,0.8040288546398482,0.0113835470554246,8620.60164096487,True,body,high
-0.0138042773545247,0.0030077799779148,-0.0028442643542892,0.0001306990218655,0.0001084662568278,0.1582994487023837,0.1582994487023837,0.1582994487023837,False,0.0299706776102877,0.0001033052268476,4.318975679680616e-05,6.74306670442101e-05,2.391891839856492,0.3472676155714491,0.2346532792880785,0.4180791051404723,0.0616271783781402,-0.8151956252279879,-0.5758977196467256,11743.300781496882,True,body,high
-0.0137223873916142,0.0026364683726086,-0.0028324177999669,0.0003055628884825,0.0001650053964858,0.1737784297531551,0.1737784297531551,0.1737784297531551,False,0.0695368080155561,0.0001099697817335,3.694599701896643e-05,3.998077252472367e-05,2.976500584816239,0.6364385570793767,0.0275964492964957,0.3359649936241276,0.8102002015050794,-0.5821627056138157,-0.0682804340461504,4447.979770536731,False,body,high
-0.0134048613499672,0.00234408748634,-0.0022396234568245,0.0008531466053942,0.0006340145450798,0.2837564192870214,0.2837564192870214,0.2837564192870214,False,0.0484369476925152,7.046779900783475e-05,7.413187124350665e-05,2.9280561082265506e-05,2.5317776881128977,0.0494264096428408,0.5555942030692624,0.3949793872878967,-0.1213403761103939,-0.4665671579593676,-0.8761230508547908,2868.540434374637,False,body,high
-0.0129938917166342,0.0028363245296256,-0.0029368116053688,0.0007758291474964,0.0007618172288776,0.2290507094853534,0.2290507094853534,0.2290507094853534,False,0.0177033409393675,0.0001017467013834,3.4440411821488304e-05,8.088524410948926e-05,2.9542823677830974,0.2050332540542035,0.4564750665771777,0.3384916793686187,0.151615839295947,-0.634786201370457,-0.7576668897505359,4428.052865380345,True,body,high
-0.0141427752331731,0.0030836390063081,-0.0035426053765298,0.0008942019629797,0.0008717426184455,0.0977093882606361,0.0977093882606361,0.0977093882606361,False,0.0395273636513406,3.978242532842866e-05,0.0001067558994539,6.2292735323698e-05,2.6834939944621814,0.4164937428066741,0.2108577615888416,0.3726484956044842,-0.6458446919530867,0.7098619648653514,0.2810349172496632,3214.6627179976945,True,body,high
-0.0136741506186563,0.0030373110038695,-0.0027575473713244,0.0001256092804513,4.470289942880121e-05,0.1088343762448425,0.1088343762448425,0.1088343762448425,False,0.0367438550059574,3.275772767107812e-05,6.084659208051172e-05,2.465994971522027e-05,2.467425634812096,0.4616341433266574,0.1330851520023164,0.4052807046710261,0.4153462159572643,-0.7742734262071064,-0.4774810806298923,7138.663047945231,True,body,high
-0.0134225093394842,0.0032321975603018,-0.0029459946100453,0.0004776358310184,0.0002499298937313,0.0844387117088003,0.0844387117088003,0.0844387117088003,False,0.0893186986125803,0.0001756012925798,6.215334451211911e-05,9.287939177568124e-05,2.825291124045606,0.4710779720858105,0.1749762021232973,0.3539458257908922,0.3123519319057077,-0.932114860980444,0.1832979993730943,6301.750170580126,True,wing_L,high
-0.0145246361785105,0.0017586737987684,-0.0025805080959386,0.001421112220697,0.0004454261896564,0.2928058001218811,0.2928058001218811,0.2928058001218811,False,0.0347184417432931,6.64052603960678e-05,6.0349190725801215e-05,2.867424357390012e-05,2.3158504678571967,0.0911986435132659,0.4769945477659287,0.4318068087208053,-0.1194413391141916,-0.442787541903584,-0.8886354478893976,8348.835209159553,True,wing_R,high
-0.013966483170513,0.0026849817708486,-0.0026731411277329,0.0003438644343145,0.000149488309436,0.1139517994255397,0.1139517994255397,0.1139517994255397,False,0.0680985733204821,0.0002015117028635,8.186609301580128e-05,6.732336000227886e-05,2.993191410184713,0.5937402550202383,0.0721681808394353,0.3340915641403263,0.1064415322394947,0.3942282476153955,0.9128276337823056,4094.970123276364,True,body,high
-0.014353647318653,0.0017334224104273,-0.0025012904787794,0.0013695129315112,0.00026236676405,0.3156296938086816,0.3156296938086816,0.3156296938086816,False,0.0336336480048418,6.959078803004788e-05,7.199751796724042e-05,3.0744935259365405e-05,2.341768403799413,0.0334279570344026,0.5395443324637623,0.4270277105018349,-0.1105951822494216,-0.4927788190648516,-0.8630977587413073,7837.333738217703,True,wing_R,high
-0.0139969095364943,0.0028877280232381,-0.0024209326696154,0.0004241083784871,0.000384318410276,0.322103330309258,0.322103330309258,0.322103330309258,False,0.0175449885281521,1.3159927075601808e-05,3.140578811911276e-05,3.395778598753386e-05,2.580393173339904,0.0751520687879344,0.537310089951363,0.3875378412607025,-0.1073567828037607,-0.6041078267247102,-0.7896380530825333,6872.904023863099,True,body,high
-0.0149163931165307,0.0023580302715914,-0.0023681140274938,0.001363370152065,0.0009932369629968,0.2757787225589463,0.2757787225589463,0.2757787225589463,False,0.005992979849962,6.053768434052488e-05,6.132674203410028e-05,2.702207266171051e-05,2.2695054817537548,0.0128664538079758,0.5465089219997739,0.4406246241922502,-0.1800109023535082,-0.4790693746707389,-0.8591208350904211,1438.0726406105337,False,wing_R,high
-0.0132162232612816,0.0029598953172813,-0.0025633816056882,0.0005617178128174,0.0005473459061345,0.2494287650369232,0.2494287650369232,0.2494287650369232,False,0.0164283703171083,1.782733274058741e-05,4.126650286490868e-05,1.64214604463014e-05,2.512961803845109,0.5679950685681429,0.0340681229734517,0.3979368084584054,0.7709979305740919,-0.5457146112677544,-0.3282647621956263,5933.548068726161,True,body,high
-0.0141242577009017,0.0015208133560462,-0.0022704269332868,0.00154087240315,0.0001736152446983,0.2898594548901968,0.2898594548901968,0.2898594548901968,False,0.0075171881692772,7.99217869219537e-05,6.073041535667615e-05,2.840747518872408e-05,2.8134069075479635,0.2401269078733008,0.4044321506414327,0.3554409414852664,-0.087457272715652,-0.5521018311612872,-0.829177178579761,9251.249842131776,True,wing_R,high
-0.0131337023801029,0.0024784849489588,-0.0029825825353716,0.0007919188982601,0.0007613900036502,0.2136826010046769,0.2136826010046769,0.2136826010046769,False,0.0042413978466025,1.644187905490007e-05,3.423309701375045e-05,1.4361569295714787e-05,2.3836599127064018,0.5197081044611348,0.0607689616381971,0.4195229339006681,0.5513422811556902,-0.755792736771212,-0.3532690590101559,3797.30046225168,False,body,high
-0.0138302047354458,0.002833949986106,-0.0026818504898025,0.0001516598387542,7.584558094090893e-05,0.0676954067217665,0.0676954067217665,0.0676954067217665,False,0.0376529378881277,0.0001109263964897,5.68326981761642e-05,6.248604794122972e-05,1.9518059154241856,0.4366891026970207,0.0509648735013913,0.512346023801588,-0.6509281604511817,-0.7431128495617023,0.1551638577373218,7695.796038212642,True,body,high
-0.0145044879656054,0.0017110045843419,-0.0025505238787751,0.0014539939557669,0.0004092019813572,0.2693472223429708,0.2693472223429708,0.2693472223429708,False,0.0455061478055751,5.4812222980890855e-05,5.9037282993622125e-05,2.434349936467981e-05,2.425176516704078,0.071565963040469,0.5160929174112336,0.4123411195482974,-0.1805982025267973,-0.4323630327611452,-0.8834288297003186,9137.505049905429,True,wing_R,high
-0.0133444663088354,0.0034773512172505,-0.0027760053234139,0.0006754806965266,0.0002604499041676,0.314710295547719,0.314710295547719,0.314710295547719,False,0.0170747668121092,1.3056992711153537e-05,3.2842247550881874e-05,2.881267339183897e-05,2.5152995239728817,0.1226948354493693,0.4797381986806919,0.3975669658699388,-0.3016182614213802,-0.4559527761858233,-0.8373371425331523,3530.216976422183,True,wing_L,high
-0.0139421406969132,0.0018380148376239,-0.0025393421368985,0.001133218387132,0.000107417537424,0.3013225251866414,0.3013225251866414,0.3013225251866414,False,0.0327624927336972,6.158620573130007e-05,5.374590753692974e-05,2.113513854785708e-05,2.913924864596848,0.1273060761134962,0.529514176134719,0.3431797477517848,-0.1596897239485731,-0.4024568975065987,-0.9014031493813366,7741.699186103406,True,wing_R,high
-0.0139632283371344,0.0030009404801399,-0.0027204245457808,0.0002340812740526,0.000234075735171,0.1313222053185878,0.1313222053185878,0.1313222053185878,False,0.0916560357358618,3.5995583429128146e-05,8.216566163163741e-05,4.590866003188164e-05,2.282659532201047,0.4412670801861495,0.1206474384298819,0.4380854813839684,-0.4380886361972642,0.8216590144444651,0.3646296899828257,5917.790442249447,True,body,high
-0.0142554819826401,0.0020743718390287,-0.0028197534652803,0.001001219977555,0.0003685100053521,0.4993828535363829,0.4993828535363829,0.4993828535363829,False,0.0261885960840868,3.961946848449716e-05,1.7632362786750585e-05,2.8798333494219027e-05,2.246974439198146,0.2731267077576361,0.2818304014309938,0.44504289081137,0.087884704834071,0.5341936461629246,0.8407814383389945,4856.721079210089,True,wing_R,high
