=== Phase A: data prep ===
Dataset generated successfully at: /home/computer0/fly_project/fly_gsplat/ctrl_009/009/f1100
4 cameras loaded
Seed: [-0.00567691 -0.01617362  0.00025599]  triangulation residual=0.055 mm
Sampled 10000 points in 2mm sphere
Surviving points (all 4 cameras): 1974
After outlier removal: 1884 points
Saved -> /home/computer0/fly_project/fly_gsplat/ctrl_009/009/f1100/init_points.ply
[prepare] frame 1100 data ready
Dataset generated successfully at: /home/computer0/fly_project/fly_gsplat/ctrl_009/009/f1101
4 cameras loaded
Seed: [-0.00565337 -0.01616024  0.00023708]  triangulation residual=0.059 mm
Sampled 10000 points in 2mm sphere
Surviving points (all 4 cameras): 1973
After outlier removal: 1884 points
Saved -> /home/computer0/fly_project/fly_gsplat/ctrl_009/009/f1101/init_points.ply
[prepare] frame 1101 data ready
Dataset generated successfully at: /home/computer0/fly_project/fly_gsplat/ctrl_009/009/f1102
4 cameras loaded
Seed: [-0.00564618 -0.01615146  0.00022463]  triangulation residual=0.081 mm
Sampled 10000 points in 2mm sphere
Surviving points (all 4 cameras): 2036
After outlier removal: 1950 points
Saved -> /home/computer0/fly_project/fly_gsplat/ctrl_009/009/f1102/init_points.ply
[prepare] frame 1102 data ready
Dataset generated successfully at: /home/computer0/fly_project/fly_gsplat/ctrl_009/009/f1103
4 cameras loaded
Seed: [-0.00563315 -0.01613864  0.00020983]  triangulation residual=0.097 mm
Sampled 10000 points in 2mm sphere
Surviving points (all 4 cameras): 2146
After outlier removal: 2057 points
Saved -> /home/computer0/fly_project/fly_gsplat/ctrl_009/009/f1103/init_points.ply
[prepare] frame 1103 data ready
Dataset generated successfully at: /home/computer0/fly_project/fly_gsplat/ctrl_009/009/f1104
4 cameras loaded
Seed: [-0.00560996 -0.01611712  0.00019308]  triangulation residual=0.103 mm
Sampled 10000 points in 2mm sphere
Surviving points (all 4 cameras): 2237
After outlier removal: 2141 points
Saved -> /home/computer0/fly_project/fly_gsplat/ctrl_009/009/f1104/init_points.ply
[prepare] frame 1104 data ready
Dataset generated successfully at: /home/computer0/fly_project/fly_gsplat/ctrl_009/009/f1105
4 cameras loaded
Seed: [-0.00559651 -0.01610431  0.00019074]  triangulation residual=0.103 mm
Sampled 10000 points in 2mm sphere
Surviving points (all 4 cameras): 2301
After outlier removal: 2199 points
Saved -> /home/computer0/fly_project/fly_gsplat/ctrl_009/009/f1105/init_points.ply
[prepare] frame 1105 data ready
Dataset generated successfully at: /home/computer0/fly_project/fly_gsplat/ctrl_009/009/f1106
4 cameras loaded
Seed: [-0.00559563 -0.01610335  0.0001885 ]  triangulation residual=0.109 mm
Sampled 10000 points in 2mm sphere
Surviving points (all 4 cameras): 2385
After outlier removal: 2283 points
Saved -> /home/computer0/fly_project/fly_gsplat/ctrl_009/009/f1106/init_points.ply
[prepare] frame 1106 data ready
Dataset generated successfully at: /home/computer0/fly_project/fly_gsplat/ctrl_009/009/f1107
4 cameras loaded
Seed: [-0.00561197 -0.01611563  0.00019184]  triangulation residual=0.115 mm
Sampled 10000 points in 2mm sphere
Surviving points (all 4 cameras): 2410
After outlier removal: 2297 points
Saved -> /home/computer0/fly_project/fly_gsplat/ctrl_009/009/f1107/init_points.ply
[prepare] frame 1107 data ready
Dataset generated successfully at: /home/computer0/fly_project/fly_gsplat/ctrl_009/009/f1108
4 cameras loaded
Seed: [-0.00564532 -0.0161321   0.00020107]  triangulation residual=0.123 mm
Sampled 10000 points in 2mm sphere
Surviving points (all 4 cameras): 2415
After outlier removal: 2310 points
Saved -> /home/computer0/fly_project/fly_gsplat/ctrl_009/009/f1108/init_points.ply
[prepare] frame 1108 data ready
Dataset generated successfully at: /home/computer0/fly_project/fly_gsplat/ctrl_009/009/f1109
4 cameras loaded
Seed: [-0.00567881 -0.01615477  0.00020573]  triangulation residual=0.133 mm
Sampled 10000 points in 2mm sphere
Surviving points (all 4 cameras): 2231
After outlier removal: 2142 points
Saved -> /home/computer0/fly_project/fly_gsplat/ctrl_009/009/f1109/init_points.ply
[prepare] frame 1109 data ready
Dataset generated successfully at: /home/computer0/fly_project/fly_gsplat/ctrl_009/009/f1110
4 cameras loaded
Seed: [-0.00570133 -0.01616898  0.00021383]  triangulation residual=0.128 mm
Sampled 10000 points in 2mm sphere
Surviving points (all 4 cameras): 2266
After outlier removal: 2180 points
Saved -> /home/computer0/fly_project/fly_gsplat/ctrl_009/009/f1110/init_points.ply
[prepare] frame 1110 data ready
Dataset generated successfully at: /home/computer0/fly_project/fly_gsplat/ctrl_009/009/f1111
4 cameras loaded
Seed: [-0.0057258  -0.01618378  0.00022501]  triangulation residual=0.126 mm
Sampled 10000 points in 2mm sphere
Surviving points (all 4 cameras): 2323
After outlier removal: 2223 points
Saved -> /home/computer0/fly_project/fly_gsplat/ctrl_009/009/f1111/init_points.ply
[prepare] frame 1111 data ready
Dataset generated successfully at: /home/computer0/fly_project/fly_gsplat/ctrl_009/009/f1112
4 cameras loaded
Seed: [-0.00575707 -0.01620343  0.00023775]  triangulation residual=0.127 mm
Sampled 10000 points in 2mm sphere
Surviving points (all 4 cameras): 2198
After outlier removal: 2104 points
Saved -> /home/computer0/fly_project/fly_gsplat/ctrl_009/009/f1112/init_points.ply
[prepare] frame 1112 data ready
Dataset generated successfully at: /home/computer0/fly_project/fly_gsplat/ctrl_009/009/f1113
4 cameras loaded
Seed: [-0.00578762 -0.01622416  0.00024294]  triangulation residual=0.133 mm
Sampled 10000 points in 2mm sphere
Surviving points (all 4 cameras): 2280
After outlier removal: 2185 points
Saved -> /home/computer0/fly_project/fly_gsplat/ctrl_009/009/f1113/init_points.ply
[prepare] frame 1113 data ready
Dataset generated successfully at: /home/computer0/fly_project/fly_gsplat/ctrl_009/009/f1114
4 cameras loaded
Seed: [-0.00583106 -0.01624684  0.00024381]  triangulation residual=0.145 mm
Sampled 10000 points in 2mm sphere
Surviving points (all 4 cameras): 2251
After outlier removal: 2144 points
Saved -> /home/computer0/fly_project/fly_gsplat/ctrl_009/009/f1114/init_points.ply
[prepare] frame 1114 data ready
Dataset generated successfully at: /home/computer0/fly_project/fly_gsplat/ctrl_009/009/f1115
4 cameras loaded
Seed: [-0.00587232 -0.01627194  0.00024717]  triangulation residual=0.154 mm
Sampled 10000 points in 2mm sphere
Surviving points (all 4 cameras): 2206
After outlier removal: 2107 points
Saved -> /home/computer0/fly_project/fly_gsplat/ctrl_009/009/f1115/init_points.ply
[prepare] frame 1115 data ready
Dataset generated successfully at: /home/computer0/fly_project/fly_gsplat/ctrl_009/009/f1116
4 cameras loaded
Seed: [-0.00592359 -0.01629767  0.00024899]  triangulation residual=0.156 mm
Sampled 10000 points in 2mm sphere
Surviving points (all 4 cameras): 2113
After outlier removal: 2023 points
Saved -> /home/computer0/fly_project/fly_gsplat/ctrl_009/009/f1116/init_points.ply
[prepare] frame 1116 data ready
Dataset generated successfully at: /home/computer0/fly_project/fly_gsplat/ctrl_009/009/f1117
4 cameras loaded
Seed: [-0.00596944 -0.01632192  0.00025197]  triangulation residual=0.146 mm
Sampled 10000 points in 2mm sphere
Surviving points (all 4 cameras): 2137
After outlier removal: 2043 points
Saved -> /home/computer0/fly_project/fly_gsplat/ctrl_009/009/f1117/init_points.ply
[prepare] frame 1117 data ready
Dataset generated successfully at: /home/computer0/fly_project/fly_gsplat/ctrl_009/009/f1118
4 cameras loaded
Seed: [-0.00602099 -0.01635125  0.00026321]  triangulation residual=0.132 mm
Sampled 10000 points in 2mm sphere
Surviving points (all 4 cameras): 1973
After outlier removal: 1893 points
Saved -> /home/computer0/fly_project/fly_gsplat/ctrl_009/009/f1118/init_points.ply
[prepare] frame 1118 data ready
Dataset generated successfully at: /home/computer0/fly_project/fly_gsplat/ctrl_009/009/f1119
4 cameras loaded
Seed: [-0.00607265 -0.01638584  0.0002739 ]  triangulation residual=0.114 mm
Sampled 10000 points in 2mm sphere
Surviving points (all 4 cameras): 1994
After outlier removal: 1912 points
Saved -> /home/computer0/fly_project/fly_gsplat/ctrl_009/009/f1119/init_points.ply
[prepare] frame 1119 data ready
Dataset generated successfully at: /home/computer0/fly_project/fly_gsplat/ctrl_009/009/f1120
4 cameras loaded
Seed: [-0.00613502 -0.01642523  0.00028754]  triangulation residual=0.097 mm
Sampled 10000 points in 2mm sphere
Surviving points (all 4 cameras): 1941
After outlier removal: 1852 points
Saved -> /home/computer0/fly_project/fly_gsplat/ctrl_009/009/f1120/init_points.ply
[prepare] frame 1120 data ready
Dataset generated successfully at: /home/computer0/fly_project/fly_gsplat/ctrl_009/009/f1121
4 cameras loaded
Seed: [-0.0061982  -0.01645853  0.00029138]  triangulation residual=0.083 mm
Sampled 10000 points in 2mm sphere
Surviving points (all 4 cameras): 1884
After outlier removal: 1805 points
Saved -> /home/computer0/fly_project/fly_gsplat/ctrl_009/009/f1121/init_points.ply
[prepare] frame 1121 data ready
Dataset generated successfully at: /home/computer0/fly_project/fly_gsplat/ctrl_009/009/f1122
4 cameras loaded
Seed: [-0.00626126 -0.01649148  0.00029681]  triangulation residual=0.062 mm
Sampled 10000 points in 2mm sphere
Surviving points (all 4 cameras): 1779
After outlier removal: 1707 points
Saved -> /home/computer0/fly_project/fly_gsplat/ctrl_009/009/f1122/init_points.ply
[prepare] frame 1122 data ready
Dataset generated successfully at: /home/computer0/fly_project/fly_gsplat/ctrl_009/009/f1123
4 cameras loaded
Seed: [-0.00631982 -0.01652251  0.00029363]  triangulation residual=0.048 mm
Sampled 10000 points in 2mm sphere
Surviving points (all 4 cameras): 1798
After outlier removal: 1715 points
Saved -> /home/computer0/fly_project/fly_gsplat/ctrl_009/009/f1123/init_points.ply
[prepare] frame 1123 data ready
Dataset generated successfully at: /home/computer0/fly_project/fly_gsplat/ctrl_009/009/f1124
4 cameras loaded
Seed: [-0.00637284 -0.01654841  0.00028355]  triangulation residual=0.039 mm
Sampled 10000 points in 2mm sphere
Surviving points (all 4 cameras): 1753
After outlier removal: 1674 points
Saved -> /home/computer0/fly_project/fly_gsplat/ctrl_009/009/f1124/init_points.ply
[prepare] frame 1124 data ready
Dataset generated successfully at: /home/computer0/fly_project/fly_gsplat/ctrl_009/009/f1125
4 cameras loaded
Seed: [-0.00642462 -0.01657543  0.00025928]  triangulation residual=0.033 mm
Sampled 10000 points in 2mm sphere
Surviving points (all 4 cameras): 1806
After outlier removal: 1731 points
Saved -> /home/computer0/fly_project/fly_gsplat/ctrl_009/009/f1125/init_points.ply
[prepare] frame 1125 data ready
Dataset generated successfully at: /home/computer0/fly_project/fly_gsplat/ctrl_009/009/f1126
4 cameras loaded
Seed: [-0.00647134 -0.01660087  0.00023232]  triangulation residual=0.032 mm
Sampled 10000 points in 2mm sphere
Surviving points (all 4 cameras): 1795
After outlier removal: 1724 points
Saved -> /home/computer0/fly_project/fly_gsplat/ctrl_009/009/f1126/init_points.ply
[prepare] frame 1126 data ready
Dataset generated successfully at: /home/computer0/fly_project/fly_gsplat/ctrl_009/009/f1127
4 cameras loaded
Seed: [-0.00651538 -0.01662531  0.00019886]  triangulation residual=0.035 mm
Sampled 10000 points in 2mm sphere
Surviving points (all 4 cameras): 1744
After outlier removal: 1673 points
Saved -> /home/computer0/fly_project/fly_gsplat/ctrl_009/009/f1127/init_points.ply
[prepare] frame 1127 data ready
Dataset generated successfully at: /home/computer0/fly_project/fly_gsplat/ctrl_009/009/f1128
4 cameras loaded
Seed: [-0.00656495 -0.01664685  0.00017112]  triangulation residual=0.039 mm
Sampled 10000 points in 2mm sphere
Surviving points (all 4 cameras): 1789
After outlier removal: 1712 points
Saved -> /home/computer0/fly_project/fly_gsplat/ctrl_009/009/f1128/init_points.ply
[prepare] frame 1128 data ready
Dataset generated successfully at: /home/computer0/fly_project/fly_gsplat/ctrl_009/009/f1129
4 cameras loaded
Seed: [-0.00660561 -0.01667393  0.00013605]  triangulation residual=0.039 mm
Sampled 10000 points in 2mm sphere
Surviving points (all 4 cameras): 1815
After outlier removal: 1736 points
Saved -> /home/computer0/fly_project/fly_gsplat/ctrl_009/009/f1129/init_points.ply
[prepare] frame 1129 data ready
Dataset generated successfully at: /home/computer0/fly_project/fly_gsplat/ctrl_009/009/f1130
4 cameras loaded
Seed: [-6.64323854e-03 -1.66997907e-02  9.76445882e-05]  triangulation residual=0.035 mm
Sampled 10000 points in 2mm sphere
Surviving points (all 4 cameras): 1969
After outlier removal: 1884 points
Saved -> /home/computer0/fly_project/fly_gsplat/ctrl_009/009/f1130/init_points.ply
[prepare] frame 1130 data ready
Dataset generated successfully at: /home/computer0/fly_project/fly_gsplat/ctrl_009/009/f1131
4 cameras loaded
Seed: [-6.67862950e-03 -1.67212473e-02  5.98616080e-05]  triangulation residual=0.035 mm
Sampled 10000 points in 2mm sphere
Surviving points (all 4 cameras): 1946
After outlier removal: 1867 points
Saved -> /home/computer0/fly_project/fly_gsplat/ctrl_009/009/f1131/init_points.ply
[prepare] frame 1131 data ready
Dataset generated successfully at: /home/computer0/fly_project/fly_gsplat/ctrl_009/009/f1132
4 cameras loaded
Seed: [-6.70598787e-03 -1.67398572e-02  2.70811637e-05]  triangulation residual=0.038 mm
Sampled 10000 points in 2mm sphere
Surviving points (all 4 cameras): 1972
After outlier removal: 1887 points
Saved -> /home/computer0/fly_project/fly_gsplat/ctrl_009/009/f1132/init_points.ply
[prepare] frame 1132 data ready
Dataset generated successfully at: /home/computer0/fly_project/fly_gsplat/ctrl_009/009/f1133
4 cameras loaded
Seed: [-6.72552410e-03 -1.67546640e-02 -5.46320605e-06]  triangulation residual=0.052 mm
Sampled 10000 points in 2mm sphere
Surviving points (all 4 cameras): 1937
After outlier removal: 1846 points
Saved -> /home/computer0/fly_project/fly_gsplat/ctrl_009/009/f1133/init_points.ply
[prepare] frame 1133 data ready
Dataset generated successfully at: /home/computer0/fly_project/fly_gsplat/ctrl_009/009/f1134
4 cameras loaded
Seed: [-6.74195059e-03 -1.67658424e-02 -3.16873904e-05]  triangulation residual=0.075 mm
Sampled 10000 points in 2mm sphere
Surviving points (all 4 cameras): 1910
After outlier removal: 1836 points
Saved -> /home/computer0/fly_project/fly_gsplat/ctrl_009/009/f1134/init_points.ply
[prepare] frame 1134 data ready
Dataset generated successfully at: /home/computer0/fly_project/fly_gsplat/ctrl_009/009/f1135
4 cameras loaded
Seed: [-6.74909918e-03 -1.67736995e-02 -5.44868422e-05]  triangulation residual=0.104 mm
Sampled 10000 points in 2mm sphere
Surviving points (all 4 cameras): 1953
After outlier removal: 1876 points
Saved -> /home/computer0/fly_project/fly_gsplat/ctrl_009/009/f1135/init_points.ply
[prepare] frame 1135 data ready
Dataset generated successfully at: /home/computer0/fly_project/fly_gsplat/ctrl_009/009/f1136
4 cameras loaded
Seed: [-6.74282299e-03 -1.67713423e-02 -7.33910758e-05]  triangulation residual=0.142 mm
Sampled 10000 points in 2mm sphere
Surviving points (all 4 cameras): 1906
After outlier removal: 1823 points
Saved -> /home/computer0/fly_project/fly_gsplat/ctrl_009/009/f1136/init_points.ply
[prepare] frame 1136 data ready
Dataset generated successfully at: /home/computer0/fly_project/fly_gsplat/ctrl_009/009/f1137
4 cameras loaded
Seed: [-6.73318292e-03 -1.67633786e-02 -8.32606373e-05]  triangulation residual=0.181 mm
Sampled 10000 points in 2mm sphere
Surviving points (all 4 cameras): 1867
After outlier removal: 1778 points
Saved -> /home/computer0/fly_project/fly_gsplat/ctrl_009/009/f1137/init_points.ply
[prepare] frame 1137 data ready
Dataset generated successfully at: /home/computer0/fly_project/fly_gsplat/ctrl_009/009/f1138
4 cameras loaded
Seed: [-6.75566355e-03 -1.67681898e-02 -7.45151864e-05]  triangulation residual=0.195 mm
Sampled 10000 points in 2mm sphere
Surviving points (all 4 cameras): 1856
After outlier removal: 1770 points
Saved -> /home/computer0/fly_project/fly_gsplat/ctrl_009/009/f1138/init_points.ply
[prepare] frame 1138 data ready
Dataset generated successfully at: /home/computer0/fly_project/fly_gsplat/ctrl_009/009/f1139
4 cameras loaded
Seed: [-6.78119810e-03 -1.67837876e-02 -7.30519247e-05]  triangulation residual=0.194 mm
Sampled 10000 points in 2mm sphere
Surviving points (all 4 cameras): 1807
After outlier removal: 1729 points
Saved -> /home/computer0/fly_project/fly_gsplat/ctrl_009/009/f1139/init_points.ply
[prepare] frame 1139 data ready
Dataset generated successfully at: /home/computer0/fly_project/fly_gsplat/ctrl_009/009/f1140
4 cameras loaded
Seed: [-0.00681577 -0.01680622 -0.00011086]  triangulation residual=0.168 mm
Sampled 10000 points in 2mm sphere
Surviving points (all 4 cameras): 1930
After outlier removal: 1850 points
Saved -> /home/computer0/fly_project/fly_gsplat/ctrl_009/009/f1140/init_points.ply
[prepare] frame 1140 data ready
Dataset generated successfully at: /home/computer0/fly_project/fly_gsplat/ctrl_009/009/f1141
4 cameras loaded
Seed: [-0.00684806 -0.01682253 -0.00014376]  triangulation residual=0.138 mm
Sampled 10000 points in 2mm sphere
Surviving points (all 4 cameras): 2030
After outlier removal: 1952 points
Saved -> /home/computer0/fly_project/fly_gsplat/ctrl_009/009/f1141/init_points.ply
[prepare] frame 1141 data ready
Dataset generated successfully at: /home/computer0/fly_project/fly_gsplat/ctrl_009/009/f1142
4 cameras loaded
Seed: [-0.0068678  -0.01683286 -0.0001717 ]  triangulation residual=0.114 mm
Sampled 10000 points in 2mm sphere
Surviving points (all 4 cameras): 2019
After outlier removal: 1940 points
Saved -> /home/computer0/fly_project/fly_gsplat/ctrl_009/009/f1142/init_points.ply
[prepare] frame 1142 data ready
Dataset generated successfully at: /home/computer0/fly_project/fly_gsplat/ctrl_009/009/f1143
4 cameras loaded
Seed: [-0.00688137 -0.01683501 -0.00018022]  triangulation residual=0.095 mm
Sampled 10000 points in 2mm sphere
Surviving points (all 4 cameras): 2082
After outlier removal: 1989 points
Saved -> /home/computer0/fly_project/fly_gsplat/ctrl_009/009/f1143/init_points.ply
[prepare] frame 1143 data ready
Dataset generated successfully at: /home/computer0/fly_project/fly_gsplat/ctrl_009/009/f1144
4 cameras loaded
Seed: [-0.00687931 -0.01683418 -0.000173  ]  triangulation residual=0.083 mm
Sampled 10000 points in 2mm sphere
Surviving points (all 4 cameras): 1989
After outlier removal: 1902 points
Saved -> /home/computer0/fly_project/fly_gsplat/ctrl_009/009/f1144/init_points.ply
[prepare] frame 1144 data ready
Dataset generated successfully at: /home/computer0/fly_project/fly_gsplat/ctrl_009/009/f1145
4 cameras loaded
Seed: [-0.00686996 -0.016824   -0.00015171]  triangulation residual=0.075 mm
Sampled 10000 points in 2mm sphere
Surviving points (all 4 cameras): 1993
After outlier removal: 1899 points
Saved -> /home/computer0/fly_project/fly_gsplat/ctrl_009/009/f1145/init_points.ply
[prepare] frame 1145 data ready
Dataset generated successfully at: /home/computer0/fly_project/fly_gsplat/ctrl_009/009/f1146
4 cameras loaded
Seed: [-0.00686295 -0.01682321 -0.00012461]  triangulation residual=0.073 mm
Sampled 10000 points in 2mm sphere
Surviving points (all 4 cameras): 2024
After outlier removal: 1943 points
Saved -> /home/computer0/fly_project/fly_gsplat/ctrl_009/009/f1146/init_points.ply
[prepare] frame 1146 data ready
Dataset generated successfully at: /home/computer0/fly_project/fly_gsplat/ctrl_009/009/f1147
4 cameras loaded
Seed: [-6.85215962e-03 -1.68187341e-02 -8.98420077e-05]  triangulation residual=0.082 mm
Sampled 10000 points in 2mm sphere
Surviving points (all 4 cameras): 2058
After outlier removal: 1969 points
Saved -> /home/computer0/fly_project/fly_gsplat/ctrl_009/009/f1147/init_points.ply
[prepare] frame 1147 data ready
Dataset generated successfully at: /home/computer0/fly_project/fly_gsplat/ctrl_009/009/f1148
4 cameras loaded
Seed: [-6.83841542e-03 -1.68083554e-02 -4.79471421e-05]  triangulation residual=0.092 mm
Sampled 10000 points in 2mm sphere
Surviving points (all 4 cameras): 2169
After outlier removal: 2084 points
Saved -> /home/computer0/fly_project/fly_gsplat/ctrl_009/009/f1148/init_points.ply
[prepare] frame 1148 data ready
Dataset generated successfully at: /home/computer0/fly_project/fly_gsplat/ctrl_009/009/f1149
4 cameras loaded
Seed: [-6.81150459e-03 -1.67903682e-02 -4.64143594e-06]  triangulation residual=0.103 mm
Sampled 10000 points in 2mm sphere
Surviving points (all 4 cameras): 2136
After outlier removal: 2038 points
Saved -> /home/computer0/fly_project/fly_gsplat/ctrl_009/009/f1149/init_points.ply
[prepare] frame 1149 data ready
Dataset generated successfully at: /home/computer0/fly_project/fly_gsplat/ctrl_009/009/f1150
4 cameras loaded
Seed: [-6.76367899e-03 -1.67567333e-02  5.08623145e-05]  triangulation residual=0.106 mm
Sampled 10000 points in 2mm sphere
Surviving points (all 4 cameras): 1989
After outlier removal: 1905 points
Saved -> /home/computer0/fly_project/fly_gsplat/ctrl_009/009/f1150/init_points.ply
[prepare] frame 1150 data ready
Dataset generated successfully at: /home/computer0/fly_project/fly_gsplat/ctrl_009/009/f1151
4 cameras loaded
Seed: [-6.70635915e-03 -1.67155257e-02  9.60798717e-05]  triangulation residual=0.097 mm
Sampled 10000 points in 2mm sphere
Surviving points (all 4 cameras): 1926
After outlier removal: 1845 points
Saved -> /home/computer0/fly_project/fly_gsplat/ctrl_009/009/f1151/init_points.ply
[prepare] frame 1151 data ready
Dataset generated successfully at: /home/computer0/fly_project/fly_gsplat/ctrl_009/009/f1152
4 cameras loaded
Seed: [-0.00663072 -0.01666904  0.00012616]  triangulation residual=0.077 mm
Sampled 10000 points in 2mm sphere
Surviving points (all 4 cameras): 1843
After outlier removal: 1753 points
Saved -> /home/computer0/fly_project/fly_gsplat/ctrl_009/009/f1152/init_points.ply
[prepare] frame 1152 data ready
Dataset generated successfully at: /home/computer0/fly_project/fly_gsplat/ctrl_009/009/f1153
4 cameras loaded
Seed: [-0.0065371  -0.01663163  0.00015361]  triangulation residual=0.050 mm
Sampled 10000 points in 2mm sphere
Surviving points (all 4 cameras): 1879
After outlier removal: 1796 points
Saved -> /home/computer0/fly_project/fly_gsplat/ctrl_009/009/f1153/init_points.ply
[prepare] frame 1153 data ready
Dataset generated successfully at: /home/computer0/fly_project/fly_gsplat/ctrl_009/009/f1154
4 cameras loaded
Seed: [-0.00644147 -0.01659195  0.00017847]  triangulation residual=0.050 mm
Sampled 10000 points in 2mm sphere
Surviving points (all 4 cameras): 1814
After outlier removal: 1745 points
Saved -> /home/computer0/fly_project/fly_gsplat/ctrl_009/009/f1154/init_points.ply
[prepare] frame 1154 data ready
Dataset generated successfully at: /home/computer0/fly_project/fly_gsplat/ctrl_009/009/f1155
4 cameras loaded
Seed: [-0.0063541  -0.01654983  0.00019658]  triangulation residual=0.069 mm
Sampled 10000 points in 2mm sphere
Surviving points (all 4 cameras): 1873
After outlier removal: 1789 points
Saved -> /home/computer0/fly_project/fly_gsplat/ctrl_009/009/f1155/init_points.ply
[prepare] frame 1155 data ready
Dataset generated successfully at: /home/computer0/fly_project/fly_gsplat/ctrl_009/009/f1156
4 cameras loaded
Seed: [-0.00628342 -0.01650583  0.00019651]  triangulation residual=0.082 mm
Sampled 10000 points in 2mm sphere
Surviving points (all 4 cameras): 1906
After outlier removal: 1817 points
Saved -> /home/computer0/fly_project/fly_gsplat/ctrl_009/009/f1156/init_points.ply
[prepare] frame 1156 data ready
Dataset generated successfully at: /home/computer0/fly_project/fly_gsplat/ctrl_009/009/f1157
4 cameras loaded
Seed: [-0.00621822 -0.01646881  0.00018996]  triangulation residual=0.099 mm
Sampled 10000 points in 2mm sphere
Surviving points (all 4 cameras): 1985
After outlier removal: 1912 points
Saved -> /home/computer0/fly_project/fly_gsplat/ctrl_009/009/f1157/init_points.ply
[prepare] frame 1157 data ready
Dataset generated successfully at: /home/computer0/fly_project/fly_gsplat/ctrl_009/009/f1158
4 cameras loaded
Seed: [-0.00616156 -0.01643654  0.00016893]  triangulation residual=0.112 mm
Sampled 10000 points in 2mm sphere
Surviving points (all 4 cameras): 1913
After outlier removal: 1824 points
Saved -> /home/computer0/fly_project/fly_gsplat/ctrl_009/009/f1158/init_points.ply
[prepare] frame 1158 data ready
Dataset generated successfully at: /home/computer0/fly_project/fly_gsplat/ctrl_009/009/f1159
4 cameras loaded
Seed: [-0.00611652 -0.01640538  0.00013625]  triangulation residual=0.122 mm
Sampled 10000 points in 2mm sphere
Surviving points (all 4 cameras): 2095
After outlier removal: 2013 points
Saved -> /home/computer0/fly_project/fly_gsplat/ctrl_009/009/f1159/init_points.ply
[prepare] frame 1159 data ready
Dataset generated successfully at: /home/computer0/fly_project/fly_gsplat/ctrl_009/009/f1160
4 cameras loaded
Seed: [-0.00607306 -0.01638201  0.00010262]  triangulation residual=0.129 mm
Sampled 10000 points in 2mm sphere
Surviving points (all 4 cameras): 2006
After outlier removal: 1920 points
Saved -> /home/computer0/fly_project/fly_gsplat/ctrl_009/009/f1160/init_points.ply
[prepare] frame 1160 data ready
Dataset generated successfully at: /home/computer0/fly_project/fly_gsplat/ctrl_009/009/f1161
4 cameras loaded
Seed: [-6.03617269e-03 -1.63666337e-02  6.56188676e-05]  triangulation residual=0.136 mm
Sampled 10000 points in 2mm sphere
Surviving points (all 4 cameras): 1951
After outlier removal: 1874 points
Saved -> /home/computer0/fly_project/fly_gsplat/ctrl_009/009/f1161/init_points.ply
[prepare] frame 1161 data ready
Dataset generated successfully at: /home/computer0/fly_project/fly_gsplat/ctrl_009/009/f1162
4 cameras loaded
Seed: [-6.00483972e-03 -1.63499473e-02  3.25695687e-05]  triangulation residual=0.137 mm
Sampled 10000 points in 2mm sphere
Surviving points (all 4 cameras): 2053
After outlier removal: 1961 points
Saved -> /home/computer0/fly_project/fly_gsplat/ctrl_009/009/f1162/init_points.ply
[prepare] frame 1162 data ready
Dataset generated successfully at: /home/computer0/fly_project/fly_gsplat/ctrl_009/009/f1163
4 cameras loaded
Seed: [-5.98039262e-03 -1.63368938e-02  4.94898013e-06]  triangulation residual=0.134 mm
Sampled 10000 points in 2mm sphere
Surviving points (all 4 cameras): 2135
After outlier removal: 2053 points
Saved -> /home/computer0/fly_project/fly_gsplat/ctrl_009/009/f1163/init_points.ply
[prepare] frame 1163 data ready
Dataset generated successfully at: /home/computer0/fly_project/fly_gsplat/ctrl_009/009/f1164
4 cameras loaded
Seed: [-5.96381960e-03 -1.63240517e-02 -2.88798830e-05]  triangulation residual=0.133 mm
Sampled 10000 points in 2mm sphere
Surviving points (all 4 cameras): 2020
After outlier removal: 1937 points
Saved -> /home/computer0/fly_project/fly_gsplat/ctrl_009/009/f1164/init_points.ply
[prepare] frame 1164 data ready
Dataset generated successfully at: /home/computer0/fly_project/fly_gsplat/ctrl_009/009/f1165
4 cameras loaded
Seed: [-5.95854814e-03 -1.63199880e-02 -5.81397434e-05]  triangulation residual=0.131 mm
Sampled 10000 points in 2mm sphere
Surviving points (all 4 cameras): 2025
After outlier removal: 1945 points
Saved -> /home/computer0/fly_project/fly_gsplat/ctrl_009/009/f1165/init_points.ply
[prepare] frame 1165 data ready
Dataset generated successfully at: /home/computer0/fly_project/fly_gsplat/ctrl_009/009/f1166
4 cameras loaded
Seed: [-5.95909225e-03 -1.63191826e-02 -8.97369736e-05]  triangulation residual=0.129 mm
Sampled 10000 points in 2mm sphere
Surviving points (all 4 cameras): 1976
After outlier removal: 1887 points
Saved -> /home/computer0/fly_project/fly_gsplat/ctrl_009/009/f1166/init_points.ply
[prepare] frame 1166 data ready
Dataset generated successfully at: /home/computer0/fly_project/fly_gsplat/ctrl_009/009/f1167
4 cameras loaded
Seed: [-0.00596542 -0.01632239 -0.00012914]  triangulation residual=0.120 mm
Sampled 10000 points in 2mm sphere
Surviving points (all 4 cameras): 2047
After outlier removal: 1965 points
Saved -> /home/computer0/fly_project/fly_gsplat/ctrl_009/009/f1167/init_points.ply
[prepare] frame 1167 data ready
Dataset generated successfully at: /home/computer0/fly_project/fly_gsplat/ctrl_009/009/f1168
4 cameras loaded
Seed: [-0.00597241 -0.01632864 -0.00017772]  triangulation residual=0.104 mm
Sampled 10000 points in 2mm sphere
Surviving points (all 4 cameras): 2133
After outlier removal: 2057 points
Saved -> /home/computer0/fly_project/fly_gsplat/ctrl_009/009/f1168/init_points.ply
[prepare] frame 1168 data ready
Dataset generated successfully at: /home/computer0/fly_project/fly_gsplat/ctrl_009/009/f1169
4 cameras loaded
Seed: [-0.0059833  -0.01633917 -0.00023222]  triangulation residual=0.093 mm
Sampled 10000 points in 2mm sphere
Surviving points (all 4 cameras): 2229
After outlier removal: 2144 points
Saved -> /home/computer0/fly_project/fly_gsplat/ctrl_009/009/f1169/init_points.ply
[prepare] frame 1169 data ready
Dataset generated successfully at: /home/computer0/fly_project/fly_gsplat/ctrl_009/009/f1170
4 cameras loaded
Seed: [-0.00601401 -0.01635819 -0.00027172]  triangulation residual=0.085 mm
Sampled 10000 points in 2mm sphere
Surviving points (all 4 cameras): 2119
After outlier removal: 2014 points
Saved -> /home/computer0/fly_project/fly_gsplat/ctrl_009/009/f1170/init_points.ply
[prepare] frame 1170 data ready
Dataset generated successfully at: /home/computer0/fly_project/fly_gsplat/ctrl_009/009/f1171
4 cameras loaded
Seed: [-0.00604919 -0.01638474 -0.00030144]  triangulation residual=0.073 mm
Sampled 10000 points in 2mm sphere
Surviving points (all 4 cameras): 2007
After outlier removal: 1919 points
Saved -> /home/computer0/fly_project/fly_gsplat/ctrl_009/009/f1171/init_points.ply
[prepare] frame 1171 data ready
Dataset generated successfully at: /home/computer0/fly_project/fly_gsplat/ctrl_009/009/f1172
4 cameras loaded
Seed: [-0.00609766 -0.01641482 -0.00032354]  triangulation residual=0.075 mm
Sampled 10000 points in 2mm sphere
Surviving points (all 4 cameras): 1881
After outlier removal: 1799 points
Saved -> /home/computer0/fly_project/fly_gsplat/ctrl_009/009/f1172/init_points.ply
[prepare] frame 1172 data ready
Dataset generated successfully at: /home/computer0/fly_project/fly_gsplat/ctrl_009/009/f1173
4 cameras loaded
Seed: [-0.00615052 -0.01644376 -0.0003462 ]  triangulation residual=0.094 mm
Sampled 10000 points in 2mm sphere
Surviving points (all 4 cameras): 1818
After outlier removal: 1745 points
Saved -> /home/computer0/fly_project/fly_gsplat/ctrl_009/009/f1173/init_points.ply
[prepare] frame 1173 data ready
Dataset generated successfully at: /home/computer0/fly_project/fly_gsplat/ctrl_009/009/f1174
4 cameras loaded
Seed: [-0.00617346 -0.01645215 -0.00036519]  triangulation residual=0.090 mm
Sampled 10000 points in 2mm sphere
Surviving points (all 4 cameras): 1720
After outlier removal: 1648 points
Saved -> /home/computer0/fly_project/fly_gsplat/ctrl_009/009/f1174/init_points.ply
[prepare] frame 1174 data ready
Dataset generated successfully at: /home/computer0/fly_project/fly_gsplat/ctrl_009/009/f1175
4 cameras loaded
Seed: [-0.00615201 -0.01644007 -0.00038937]  triangulation residual=0.058 mm
Sampled 10000 points in 2mm sphere
Surviving points (all 4 cameras): 1910
After outlier removal: 1825 points
Saved -> /home/computer0/fly_project/fly_gsplat/ctrl_009/009/f1175/init_points.ply
[prepare] frame 1175 data ready
Dataset generated successfully at: /home/computer0/fly_project/fly_gsplat/ctrl_009/009/f1176
4 cameras loaded
Seed: [-0.00612392 -0.01642697 -0.00040605]  triangulation residual=0.055 mm
Sampled 10000 points in 2mm sphere
Surviving points (all 4 cameras): 2036
After outlier removal: 1944 points
Saved -> /home/computer0/fly_project/fly_gsplat/ctrl_009/009/f1176/init_points.ply
[prepare] frame 1176 data ready
Dataset generated successfully at: /home/computer0/fly_project/fly_gsplat/ctrl_009/009/f1177
4 cameras loaded
Seed: [-0.00611667 -0.01642202 -0.00042163]  triangulation residual=0.072 mm
Sampled 10000 points in 2mm sphere
Surviving points (all 4 cameras): 2041
After outlier removal: 1961 points
Saved -> /home/computer0/fly_project/fly_gsplat/ctrl_009/009/f1177/init_points.ply
[prepare] frame 1177 data ready
Dataset generated successfully at: /home/computer0/fly_project/fly_gsplat/ctrl_009/009/f1178
4 cameras loaded
Seed: [-0.00610073 -0.01641601 -0.00043818]  triangulation residual=0.091 mm
Sampled 10000 points in 2mm sphere
Surviving points (all 4 cameras): 1949
After outlier removal: 1877 points
Saved -> /home/computer0/fly_project/fly_gsplat/ctrl_009/009/f1178/init_points.ply
[prepare] frame 1178 data ready
Dataset generated successfully at: /home/computer0/fly_project/fly_gsplat/ctrl_009/009/f1179
4 cameras loaded
Seed: [-0.00607734 -0.01639759 -0.00045715]  triangulation residual=0.099 mm
Sampled 10000 points in 2mm sphere
Surviving points (all 4 cameras): 2096
After outlier removal: 2001 points
Saved -> /home/computer0/fly_project/fly_gsplat/ctrl_009/009/f1179/init_points.ply
[prepare] frame 1179 data ready
Dataset generated successfully at: /home/computer0/fly_project/fly_gsplat/ctrl_009/009/f1180
4 cameras loaded
Seed: [-0.00605563 -0.01638572 -0.00046403]  triangulation residual=0.101 mm
Sampled 10000 points in 2mm sphere
Surviving points (all 4 cameras): 2174
After outlier removal: 2089 points
Saved -> /home/computer0/fly_project/fly_gsplat/ctrl_009/009/f1180/init_points.ply
[prepare] frame 1180 data ready
Dataset generated successfully at: /home/computer0/fly_project/fly_gsplat/ctrl_009/009/f1181
4 cameras loaded
Seed: [-0.00604791 -0.01638334 -0.00046689]  triangulation residual=0.105 mm
Sampled 10000 points in 2mm sphere
Surviving points (all 4 cameras): 2310
After outlier removal: 2208 points
Saved -> /home/computer0/fly_project/fly_gsplat/ctrl_009/009/f1181/init_points.ply
[prepare] frame 1181 data ready
Dataset generated successfully at: /home/computer0/fly_project/fly_gsplat/ctrl_009/009/f1182
4 cameras loaded
Seed: [-0.00606068 -0.01639141 -0.00046563]  triangulation residual=0.113 mm
Sampled 10000 points in 2mm sphere
Surviving points (all 4 cameras): 2375
After outlier removal: 2287 points
Saved -> /home/computer0/fly_project/fly_gsplat/ctrl_009/009/f1182/init_points.ply
[prepare] frame 1182 data ready
Dataset generated successfully at: /home/computer0/fly_project/fly_gsplat/ctrl_009/009/f1183
4 cameras loaded
Seed: [-0.00608558 -0.01640979 -0.00045949]  triangulation residual=0.121 mm
Sampled 10000 points in 2mm sphere
Surviving points (all 4 cameras): 2380
After outlier removal: 2279 points
Saved -> /home/computer0/fly_project/fly_gsplat/ctrl_009/009/f1183/init_points.ply
[prepare] frame 1183 data ready
Dataset generated successfully at: /home/computer0/fly_project/fly_gsplat/ctrl_009/009/f1184
4 cameras loaded
Seed: [-0.00612119 -0.01642975 -0.00044839]  triangulation residual=0.131 mm
Sampled 10000 points in 2mm sphere
Surviving points (all 4 cameras): 2309
After outlier removal: 2208 points
Saved -> /home/computer0/fly_project/fly_gsplat/ctrl_009/009/f1184/init_points.ply
[prepare] frame 1184 data ready
Dataset generated successfully at: /home/computer0/fly_project/fly_gsplat/ctrl_009/009/f1185
4 cameras loaded
Seed: [-0.00614145 -0.01644878 -0.00044414]  triangulation residual=0.132 mm
Sampled 10000 points in 2mm sphere
Surviving points (all 4 cameras): 2204
After outlier removal: 2101 points
Saved -> /home/computer0/fly_project/fly_gsplat/ctrl_009/009/f1185/init_points.ply
[prepare] frame 1185 data ready
Dataset generated successfully at: /home/computer0/fly_project/fly_gsplat/ctrl_009/009/f1186
4 cameras loaded
Seed: [-0.0061654  -0.01645952 -0.00043605]  triangulation residual=0.128 mm
Sampled 10000 points in 2mm sphere
Surviving points (all 4 cameras): 2262
After outlier removal: 2174 points
Saved -> /home/computer0/fly_project/fly_gsplat/ctrl_009/009/f1186/init_points.ply
[prepare] frame 1186 data ready
Dataset generated successfully at: /home/computer0/fly_project/fly_gsplat/ctrl_009/009/f1187
4 cameras loaded
Seed: [-0.00619285 -0.01647219 -0.00042625]  triangulation residual=0.127 mm
Sampled 10000 points in 2mm sphere
Surviving points (all 4 cameras): 2324
After outlier removal: 2233 points
Saved -> /home/computer0/fly_project/fly_gsplat/ctrl_009/009/f1187/init_points.ply
[prepare] frame 1187 data ready
Dataset generated successfully at: /home/computer0/fly_project/fly_gsplat/ctrl_009/009/f1188
4 cameras loaded
Seed: [-0.00622664 -0.01649466 -0.00041745]  triangulation residual=0.134 mm
Sampled 10000 points in 2mm sphere
Surviving points (all 4 cameras): 2307
After outlier removal: 2214 points
Saved -> /home/computer0/fly_project/fly_gsplat/ctrl_009/009/f1188/init_points.ply
[prepare] frame 1188 data ready
Dataset generated successfully at: /home/computer0/fly_project/fly_gsplat/ctrl_009/009/f1189
4 cameras loaded
Seed: [-0.00626601 -0.01651221 -0.00041347]  triangulation residual=0.144 mm
Sampled 10000 points in 2mm sphere
Surviving points (all 4 cameras): 2196
After outlier removal: 2117 points
Saved -> /home/computer0/fly_project/fly_gsplat/ctrl_009/009/f1189/init_points.ply
[prepare] frame 1189 data ready
Dataset generated successfully at: /home/computer0/fly_project/fly_gsplat/ctrl_009/009/f1190
4 cameras loaded
Seed: [-0.00631121 -0.01653765 -0.00041041]  triangulation residual=0.156 mm
Sampled 10000 points in 2mm sphere
Surviving points (all 4 cameras): 2208
After outlier removal: 2118 points
Saved -> /home/computer0/fly_project/fly_gsplat/ctrl_009/009/f1190/init_points.ply
[prepare] frame 1190 data ready
Dataset generated successfully at: /home/computer0/fly_project/fly_gsplat/ctrl_009/009/f1191
4 cameras loaded
Seed: [-0.00635513 -0.01656233 -0.00040598]  triangulation residual=0.154 mm
Sampled 10000 points in 2mm sphere
Surviving points (all 4 cameras): 2162
After outlier removal: 2060 points
Saved -> /home/computer0/fly_project/fly_gsplat/ctrl_009/009/f1191/init_points.ply
[prepare] frame 1191 data ready
Dataset generated successfully at: /home/computer0/fly_project/fly_gsplat/ctrl_009/009/f1192
4 cameras loaded
Seed: [-0.006404   -0.01658781 -0.0004005 ]  triangulation residual=0.150 mm
Sampled 10000 points in 2mm sphere
Surviving points (all 4 cameras): 2012
After outlier removal: 1917 points
Saved -> /home/computer0/fly_project/fly_gsplat/ctrl_009/009/f1192/init_points.ply
[prepare] frame 1192 data ready
Dataset generated successfully at: /home/computer0/fly_project/fly_gsplat/ctrl_009/009/f1193
4 cameras loaded
Seed: [-0.00645228 -0.01661234 -0.00039323]  triangulation residual=0.138 mm
Sampled 10000 points in 2mm sphere
Surviving points (all 4 cameras): 2010
After outlier removal: 1921 points
Saved -> /home/computer0/fly_project/fly_gsplat/ctrl_009/009/f1193/init_points.ply
[prepare] frame 1193 data ready
Dataset generated successfully at: /home/computer0/fly_project/fly_gsplat/ctrl_009/009/f1194
4 cameras loaded
Seed: [-0.00650698 -0.01663957 -0.00038654]  triangulation residual=0.122 mm
Sampled 10000 points in 2mm sphere
Surviving points (all 4 cameras): 1986
After outlier removal: 1893 points
Saved -> /home/computer0/fly_project/fly_gsplat/ctrl_009/009/f1194/init_points.ply
[prepare] frame 1194 data ready
Dataset generated successfully at: /home/computer0/fly_project/fly_gsplat/ctrl_009/009/f1195
4 cameras loaded
Seed: [-0.00656894 -0.01666808 -0.00037181]  triangulation residual=0.105 mm
Sampled 10000 points in 2mm sphere
Surviving points (all 4 cameras): 1850
After outlier removal: 1770 points
Saved -> /home/computer0/fly_project/fly_gsplat/ctrl_009/009/f1195/init_points.ply
[prepare] frame 1195 data ready
Dataset generated successfully at: /home/computer0/fly_project/fly_gsplat/ctrl_009/009/f1196
4 cameras loaded
Seed: [-0.00663302 -0.01669343 -0.00036333]  triangulation residual=0.090 mm
Sampled 10000 points in 2mm sphere
Surviving points (all 4 cameras): 1896
After outlier removal: 1805 points
Saved -> /home/computer0/fly_project/fly_gsplat/ctrl_009/009/f1196/init_points.ply
[prepare] frame 1196 data ready
Dataset generated successfully at: /home/computer0/fly_project/fly_gsplat/ctrl_009/009/f1197
4 cameras loaded
Seed: [-0.00669594 -0.01672966 -0.00035808]  triangulation residual=0.073 mm
Sampled 10000 points in 2mm sphere
Surviving points (all 4 cameras): 1819
After outlier removal: 1743 points
Saved -> /home/computer0/fly_project/fly_gsplat/ctrl_009/009/f1197/init_points.ply
[prepare] frame 1197 data ready
Dataset generated successfully at: /home/computer0/fly_project/fly_gsplat/ctrl_009/009/f1198
4 cameras loaded
Seed: [-0.00675692 -0.01675567 -0.00035854]  triangulation residual=0.055 mm
Sampled 10000 points in 2mm sphere
Surviving points (all 4 cameras): 1818
After outlier removal: 1741 points
Saved -> /home/computer0/fly_project/fly_gsplat/ctrl_009/009/f1198/init_points.ply
[prepare] frame 1198 data ready
Dataset generated successfully at: /home/computer0/fly_project/fly_gsplat/ctrl_009/009/f1199
4 cameras loaded
Seed: [-0.00681906 -0.01677663 -0.00036702]  triangulation residual=0.047 mm
Sampled 10000 points in 2mm sphere
Surviving points (all 4 cameras): 1754
After outlier removal: 1687 points
Saved -> /home/computer0/fly_project/fly_gsplat/ctrl_009/009/f1199/init_points.ply
[prepare] frame 1199 data ready
Dataset generated successfully at: /home/computer0/fly_project/fly_gsplat/ctrl_009/009/f1200
4 cameras loaded
Seed: [-0.00686712 -0.01679901 -0.00038   ]  triangulation residual=0.037 mm
Sampled 10000 points in 2mm sphere
Surviving points (all 4 cameras): 1769
After outlier removal: 1690 points
Saved -> /home/computer0/fly_project/fly_gsplat/ctrl_009/009/f1200/init_points.ply
[prepare] frame 1200 data ready
Dataset generated successfully at: /home/computer0/fly_project/fly_gsplat/ctrl_009/009/f1201
4 cameras loaded
Seed: [-0.00691583 -0.01682486 -0.00041003]  triangulation residual=0.031 mm
Sampled 10000 points in 2mm sphere
Surviving points (all 4 cameras): 1724
After outlier removal: 1652 points
Saved -> /home/computer0/fly_project/fly_gsplat/ctrl_009/009/f1201/init_points.ply
[prepare] frame 1201 data ready
Dataset generated successfully at: /home/computer0/fly_project/fly_gsplat/ctrl_009/009/f1202
4 cameras loaded
Seed: [-0.00696157 -0.01684825 -0.00043929]  triangulation residual=0.030 mm
Sampled 10000 points in 2mm sphere
Surviving points (all 4 cameras): 1758
After outlier removal: 1686 points
Saved -> /home/computer0/fly_project/fly_gsplat/ctrl_009/009/f1202/init_points.ply
[prepare] frame 1202 data ready
Dataset generated successfully at: /home/computer0/fly_project/fly_gsplat/ctrl_009/009/f1203
4 cameras loaded
Seed: [-0.00700324 -0.01687178 -0.00046276]  triangulation residual=0.036 mm
Sampled 10000 points in 2mm sphere
Surviving points (all 4 cameras): 1801
After outlier removal: 1725 points
Saved -> /home/computer0/fly_project/fly_gsplat/ctrl_009/009/f1203/init_points.ply
[prepare] frame 1203 data ready
Dataset generated successfully at: /home/computer0/fly_project/fly_gsplat/ctrl_009/009/f1204
4 cameras loaded
Seed: [-0.00704993 -0.01689649 -0.00049951]  triangulation residual=0.030 mm
Sampled 10000 points in 2mm sphere
Surviving points (all 4 cameras): 1887
After outlier removal: 1804 points
Saved -> /home/computer0/fly_project/fly_gsplat/ctrl_009/009/f1204/init_points.ply
[prepare] frame 1204 data ready
Dataset generated successfully at: /home/computer0/fly_project/fly_gsplat/ctrl_009/009/f1205
4 cameras loaded
Seed: [-0.00709143 -0.01692873 -0.00053824]  triangulation residual=0.022 mm
Sampled 10000 points in 2mm sphere
Surviving points (all 4 cameras): 1982
After outlier removal: 1905 points
Saved -> /home/computer0/fly_project/fly_gsplat/ctrl_009/009/f1205/init_points.ply
[prepare] frame 1205 data ready
Dataset generated successfully at: /home/computer0/fly_project/fly_gsplat/ctrl_009/009/f1206
4 cameras loaded
Seed: [-0.00712523 -0.01695249 -0.00057185]  triangulation residual=0.021 mm
Sampled 10000 points in 2mm sphere
Surviving points (all 4 cameras): 1868
After outlier removal: 1791 points
Saved -> /home/computer0/fly_project/fly_gsplat/ctrl_009/009/f1206/init_points.ply
[prepare] frame 1206 data ready
Dataset generated successfully at: /home/computer0/fly_project/fly_gsplat/ctrl_009/009/f1207
4 cameras loaded
Seed: [-0.00715851 -0.01697617 -0.00061484]  triangulation residual=0.027 mm
Sampled 10000 points in 2mm sphere
Surviving points (all 4 cameras): 1937
After outlier removal: 1863 points
Saved -> /home/computer0/fly_project/fly_gsplat/ctrl_009/009/f1207/init_points.ply
[prepare] frame 1207 data ready
Dataset generated successfully at: /home/computer0/fly_project/fly_gsplat/ctrl_009/009/f1208
4 cameras loaded
Seed: [-0.00718817 -0.01698927 -0.0006475 ]  triangulation residual=0.041 mm
Sampled 10000 points in 2mm sphere
Surviving points (all 4 cameras): 1936
After outlier removal: 1868 points
Saved -> /home/computer0/fly_project/fly_gsplat/ctrl_009/009/f1208/init_points.ply
[prepare] frame 1208 data ready
Dataset generated successfully at: /home/computer0/fly_project/fly_gsplat/ctrl_009/009/f1209
4 cameras loaded
Seed: [-0.00720868 -0.01699994 -0.00068141]  triangulation residual=0.058 mm
Sampled 10000 points in 2mm sphere
Surviving points (all 4 cameras): 1913
After outlier removal: 1826 points
Saved -> /home/computer0/fly_project/fly_gsplat/ctrl_009/009/f1209/init_points.ply
[prepare] frame 1209 data ready
Dataset generated successfully at: /home/computer0/fly_project/fly_gsplat/ctrl_009/009/f1210
4 cameras loaded
Seed: [-0.00722004 -0.01701046 -0.00070396]  triangulation residual=0.089 mm
Sampled 10000 points in 2mm sphere
Surviving points (all 4 cameras): 1936
After outlier removal: 1855 points
Saved -> /home/computer0/fly_project/fly_gsplat/ctrl_009/009/f1210/init_points.ply
[prepare] frame 1210 data ready
Dataset generated successfully at: /home/computer0/fly_project/fly_gsplat/ctrl_009/009/f1211
4 cameras loaded
Seed: [-0.00722619 -0.0170134  -0.00072804]  triangulation residual=0.120 mm
Sampled 10000 points in 2mm sphere
Surviving points (all 4 cameras): 1960
After outlier removal: 1870 points
Saved -> /home/computer0/fly_project/fly_gsplat/ctrl_009/009/f1211/init_points.ply
[prepare] frame 1211 data ready
Dataset generated successfully at: /home/computer0/fly_project/fly_gsplat/ctrl_009/009/f1212
4 cameras loaded
Seed: [-0.00722177 -0.01700615 -0.0007381 ]  triangulation residual=0.159 mm
Sampled 10000 points in 2mm sphere
Surviving points (all 4 cameras): 1855
After outlier removal: 1767 points
Saved -> /home/computer0/fly_project/fly_gsplat/ctrl_009/009/f1212/init_points.ply
[prepare] frame 1212 data ready
Dataset generated successfully at: /home/computer0/fly_project/fly_gsplat/ctrl_009/009/f1213
4 cameras loaded
Seed: [-0.00721936 -0.01701185 -0.00074807]  triangulation residual=0.191 mm
Sampled 10000 points in 2mm sphere
Surviving points (all 4 cameras): 1856
After outlier removal: 1779 points
Saved -> /home/computer0/fly_project/fly_gsplat/ctrl_009/009/f1213/init_points.ply
[prepare] frame 1213 data ready
Dataset generated successfully at: /home/computer0/fly_project/fly_gsplat/ctrl_009/009/f1214
4 cameras loaded
Seed: [-0.00724427 -0.0170195  -0.00073544]  triangulation residual=0.199 mm
Sampled 10000 points in 2mm sphere
Surviving points (all 4 cameras): 1900
After outlier removal: 1817 points
Saved -> /home/computer0/fly_project/fly_gsplat/ctrl_009/009/f1214/init_points.ply
[prepare] frame 1214 data ready
Dataset generated successfully at: /home/computer0/fly_project/fly_gsplat/ctrl_009/009/f1215
4 cameras loaded
Seed: [-0.00726616 -0.0170501  -0.00075082]  triangulation residual=0.186 mm
Sampled 10000 points in 2mm sphere
Surviving points (all 4 cameras): 1922
After outlier removal: 1843 points
Saved -> /home/computer0/fly_project/fly_gsplat/ctrl_009/009/f1215/init_points.ply
[prepare] frame 1215 data ready
Dataset generated successfully at: /home/computer0/fly_project/fly_gsplat/ctrl_009/009/f1216
4 cameras loaded
Seed: [-0.00729893 -0.01707123 -0.0007898 ]  triangulation residual=0.157 mm
Sampled 10000 points in 2mm sphere
Surviving points (all 4 cameras): 1937
After outlier removal: 1867 points
Saved -> /home/computer0/fly_project/fly_gsplat/ctrl_009/009/f1216/init_points.ply
[prepare] frame 1216 data ready
Dataset generated successfully at: /home/computer0/fly_project/fly_gsplat/ctrl_009/009/f1217
4 cameras loaded
Seed: [-0.00732725 -0.01708058 -0.00082339]  triangulation residual=0.131 mm
Sampled 10000 points in 2mm sphere
Surviving points (all 4 cameras): 2011
After outlier removal: 1918 points
Saved -> /home/computer0/fly_project/fly_gsplat/ctrl_009/009/f1217/init_points.ply
[prepare] frame 1217 data ready
Dataset generated successfully at: /home/computer0/fly_project/fly_gsplat/ctrl_009/009/f1218
4 cameras loaded
Seed: [-0.00734647 -0.01708294 -0.0008392 ]  triangulation residual=0.110 mm
Sampled 10000 points in 2mm sphere
Surviving points (all 4 cameras): 2056
After outlier removal: 1969 points
Saved -> /home/computer0/fly_project/fly_gsplat/ctrl_009/009/f1218/init_points.ply
[prepare] frame 1218 data ready
Dataset generated successfully at: /home/computer0/fly_project/fly_gsplat/ctrl_009/009/f1219
4 cameras loaded
Seed: [-0.00735271 -0.01707956 -0.00084133]  triangulation residual=0.093 mm
Sampled 10000 points in 2mm sphere
Surviving points (all 4 cameras): 2064
After outlier removal: 1986 points
Saved -> /home/computer0/fly_project/fly_gsplat/ctrl_009/009/f1219/init_points.ply
[prepare] frame 1219 data ready
Dataset generated successfully at: /home/computer0/fly_project/fly_gsplat/ctrl_009/009/f1220
4 cameras loaded
Seed: [-0.00734687 -0.01707561 -0.0008249 ]  triangulation residual=0.078 mm
Sampled 10000 points in 2mm sphere
Surviving points (all 4 cameras): 1984
After outlier removal: 1890 points
Saved -> /home/computer0/fly_project/fly_gsplat/ctrl_009/009/f1220/init_points.ply
[prepare] frame 1220 data ready
Dataset generated successfully at: /home/computer0/fly_project/fly_gsplat/ctrl_009/009/f1221
4 cameras loaded
Seed: [-0.00733887 -0.0170674  -0.00080116]  triangulation residual=0.074 mm
Sampled 10000 points in 2mm sphere
Surviving points (all 4 cameras): 2076
After outlier removal: 1990 points
Saved -> /home/computer0/fly_project/fly_gsplat/ctrl_009/009/f1221/init_points.ply
[prepare] frame 1221 data ready
Dataset generated successfully at: /home/computer0/fly_project/fly_gsplat/ctrl_009/009/f1222
4 cameras loaded
Seed: [-0.00732533 -0.01706281 -0.00076954]  triangulation residual=0.078 mm
Sampled 10000 points in 2mm sphere
Surviving points (all 4 cameras): 2077
After outlier removal: 1979 points
Saved -> /home/computer0/fly_project/fly_gsplat/ctrl_009/009/f1222/init_points.ply
[prepare] frame 1222 data ready
Dataset generated successfully at: /home/computer0/fly_project/fly_gsplat/ctrl_009/009/f1223
4 cameras loaded
Seed: [-0.00731278 -0.0170544  -0.00073073]  triangulation residual=0.088 mm
Sampled 10000 points in 2mm sphere
Surviving points (all 4 cameras): 2108
After outlier removal: 2025 points
Saved -> /home/computer0/fly_project/fly_gsplat/ctrl_009/009/f1223/init_points.ply
[prepare] frame 1223 data ready
Dataset generated successfully at: /home/computer0/fly_project/fly_gsplat/ctrl_009/009/f1224
4 cameras loaded
Seed: [-0.00729025 -0.01703715 -0.00068554]  triangulation residual=0.103 mm
Sampled 10000 points in 2mm sphere
Surviving points (all 4 cameras): 2091
After outlier removal: 2001 points
Saved -> /home/computer0/fly_project/fly_gsplat/ctrl_009/009/f1224/init_points.ply
[prepare] frame 1224 data ready
Dataset generated successfully at: /home/computer0/fly_project/fly_gsplat/ctrl_009/009/f1225
4 cameras loaded
Seed: [-0.00725212 -0.01700589 -0.00063184]  triangulation residual=0.111 mm
Sampled 10000 points in 2mm sphere
Surviving points (all 4 cameras): 2069
After outlier removal: 1979 points
Saved -> /home/computer0/fly_project/fly_gsplat/ctrl_009/009/f1225/init_points.ply
[prepare] frame 1225 data ready
Dataset generated successfully at: /home/computer0/fly_project/fly_gsplat/ctrl_009/009/f1226
4 cameras loaded
Seed: [-0.00719434 -0.01697044 -0.00057992]  triangulation residual=0.103 mm
Sampled 10000 points in 2mm sphere
Surviving points (all 4 cameras): 1833
After outlier removal: 1742 points
Saved -> /home/computer0/fly_project/fly_gsplat/ctrl_009/009/f1226/init_points.ply
[prepare] frame 1226 data ready
Dataset generated successfully at: /home/computer0/fly_project/fly_gsplat/ctrl_009/009/f1227
4 cameras loaded
Seed: [-0.00712222 -0.01693155 -0.00054685]  triangulation residual=0.085 mm
Sampled 10000 points in 2mm sphere
Surviving points (all 4 cameras): 1913
After outlier removal: 1837 points
Saved -> /home/computer0/fly_project/fly_gsplat/ctrl_009/009/f1227/init_points.ply
[prepare] frame 1227 data ready
Dataset generated successfully at: /home/computer0/fly_project/fly_gsplat/ctrl_009/009/f1228
4 cameras loaded
Seed: [-0.00703856 -0.01688783 -0.00052546]  triangulation residual=0.059 mm
Sampled 10000 points in 2mm sphere
Surviving points (all 4 cameras): 1790
After outlier removal: 1707 points
Saved -> /home/computer0/fly_project/fly_gsplat/ctrl_009/009/f1228/init_points.ply
[prepare] frame 1228 data ready
Dataset generated successfully at: /home/computer0/fly_project/fly_gsplat/ctrl_009/009/f1229
4 cameras loaded
Seed: [-0.00694004 -0.01685834 -0.00049972]  triangulation residual=0.050 mm
Sampled 10000 points in 2mm sphere
Surviving points (all 4 cameras): 1738
After outlier removal: 1674 points
Saved -> /home/computer0/fly_project/fly_gsplat/ctrl_009/009/f1229/init_points.ply
[prepare] frame 1229 data ready
Dataset generated successfully at: /home/computer0/fly_project/fly_gsplat/ctrl_009/009/f1230
4 cameras loaded
Seed: [-0.00684653 -0.01681678 -0.00047502]  triangulation residual=0.064 mm
Sampled 10000 points in 2mm sphere
Surviving points (all 4 cameras): 1806
After outlier removal: 1726 points
Saved -> /home/computer0/fly_project/fly_gsplat/ctrl_009/009/f1230/init_points.ply
[prepare] frame 1230 data ready
Dataset generated successfully at: /home/computer0/fly_project/fly_gsplat/ctrl_009/009/f1231
4 cameras loaded
Seed: [-0.00676982 -0.01677207 -0.00046704]  triangulation residual=0.086 mm
Sampled 10000 points in 2mm sphere
Surviving points (all 4 cameras): 1861
After outlier removal: 1788 points
Saved -> /home/computer0/fly_project/fly_gsplat/ctrl_009/009/f1231/init_points.ply
[prepare] frame 1231 data ready
Dataset generated successfully at: /home/computer0/fly_project/fly_gsplat/ctrl_009/009/f1232
4 cameras loaded
Seed: [-0.00670296 -0.01673633 -0.0004727 ]  triangulation residual=0.100 mm
Sampled 10000 points in 2mm sphere
Surviving points (all 4 cameras): 1895
After outlier removal: 1820 points
Saved -> /home/computer0/fly_project/fly_gsplat/ctrl_009/009/f1232/init_points.ply
[prepare] frame 1232 data ready
Dataset generated successfully at: /home/computer0/fly_project/fly_gsplat/ctrl_009/009/f1233
4 cameras loaded
Seed: [-0.00664526 -0.01670195 -0.00048753]  triangulation residual=0.110 mm
Sampled 10000 points in 2mm sphere
Surviving points (all 4 cameras): 1894
After outlier removal: 1817 points
Saved -> /home/computer0/fly_project/fly_gsplat/ctrl_009/009/f1233/init_points.ply
[prepare] frame 1233 data ready
Dataset generated successfully at: /home/computer0/fly_project/fly_gsplat/ctrl_009/009/f1234
4 cameras loaded
Seed: [-0.00659366 -0.01667408 -0.00051511]  triangulation residual=0.119 mm
Sampled 10000 points in 2mm sphere
Surviving points (all 4 cameras): 1952
After outlier removal: 1878 points
Saved -> /home/computer0/fly_project/fly_gsplat/ctrl_009/009/f1234/init_points.ply
[prepare] frame 1234 data ready
Dataset generated successfully at: /home/computer0/fly_project/fly_gsplat/ctrl_009/009/f1235
4 cameras loaded
Seed: [-0.00654818 -0.01665284 -0.00055107]  triangulation residual=0.127 mm
Sampled 10000 points in 2mm sphere
Surviving points (all 4 cameras): 1957
After outlier removal: 1880 points
Saved -> /home/computer0/fly_project/fly_gsplat/ctrl_009/009/f1235/init_points.ply
[prepare] frame 1235 data ready
Dataset generated successfully at: /home/computer0/fly_project/fly_gsplat/ctrl_009/009/f1236
4 cameras loaded
Seed: [-0.00650962 -0.01663205 -0.00058346]  triangulation residual=0.131 mm
Sampled 10000 points in 2mm sphere
Surviving points (all 4 cameras): 1965
After outlier removal: 1891 points
Saved -> /home/computer0/fly_project/fly_gsplat/ctrl_009/009/f1236/init_points.ply
[prepare] frame 1236 data ready
Dataset generated successfully at: /home/computer0/fly_project/fly_gsplat/ctrl_009/009/f1237
4 cameras loaded
Seed: [-0.00648148 -0.01661251 -0.00061864]  triangulation residual=0.133 mm
Sampled 10000 points in 2mm sphere
Surviving points (all 4 cameras): 1948
After outlier removal: 1863 points
Saved -> /home/computer0/fly_project/fly_gsplat/ctrl_009/009/f1237/init_points.ply
[prepare] frame 1237 data ready
Dataset generated successfully at: /home/computer0/fly_project/fly_gsplat/ctrl_009/009/f1238
4 cameras loaded
Seed: [-0.00645088 -0.01659838 -0.00064858]  triangulation residual=0.133 mm
Sampled 10000 points in 2mm sphere
Surviving points (all 4 cameras): 2077
After outlier removal: 1999 points
Saved -> /home/computer0/fly_project/fly_gsplat/ctrl_009/009/f1238/init_points.ply
[prepare] frame 1238 data ready
Dataset generated successfully at: /home/computer0/fly_project/fly_gsplat/ctrl_009/009/f1239
4 cameras loaded
Seed: [-0.00642897 -0.01659208 -0.00068185]  triangulation residual=0.128 mm
Sampled 10000 points in 2mm sphere
Surviving points (all 4 cameras): 2015
After outlier removal: 1934 points
Saved -> /home/computer0/fly_project/fly_gsplat/ctrl_009/009/f1239/init_points.ply
[prepare] frame 1239 data ready
Dataset generated successfully at: /home/computer0/fly_project/fly_gsplat/ctrl_009/009/f1240
4 cameras loaded
Seed: [-0.00641738 -0.01658755 -0.00071191]  triangulation residual=0.127 mm
Sampled 10000 points in 2mm sphere
Surviving points (all 4 cameras): 2007
After outlier removal: 1913 points
Saved -> /home/computer0/fly_project/fly_gsplat/ctrl_009/009/f1240/init_points.ply
[prepare] frame 1240 data ready
Dataset generated successfully at: /home/computer0/fly_project/fly_gsplat/ctrl_009/009/f1241
4 cameras loaded
Seed: [-0.00641662 -0.01658623 -0.00074526]  triangulation residual=0.126 mm
Sampled 10000 points in 2mm sphere
Surviving points (all 4 cameras): 1971
After outlier removal: 1894 points
Saved -> /home/computer0/fly_project/fly_gsplat/ctrl_009/009/f1241/init_points.ply
[prepare] frame 1241 data ready
Dataset generated successfully at: /home/computer0/fly_project/fly_gsplat/ctrl_009/009/f1242
4 cameras loaded
Seed: [-0.00641836 -0.01658896 -0.00077985]  triangulation residual=0.120 mm
Sampled 10000 points in 2mm sphere
Surviving points (all 4 cameras): 2069
After outlier removal: 1981 points
Saved -> /home/computer0/fly_project/fly_gsplat/ctrl_009/009/f1242/init_points.ply
[prepare] frame 1242 data ready
Dataset generated successfully at: /home/computer0/fly_project/fly_gsplat/ctrl_009/009/f1243
4 cameras loaded
Seed: [-0.00642585 -0.01659592 -0.00082222]  triangulation residual=0.105 mm
Sampled 10000 points in 2mm sphere
Surviving points (all 4 cameras): 2100
After outlier removal: 2011 points
Saved -> /home/computer0/fly_project/fly_gsplat/ctrl_009/009/f1243/init_points.ply
[prepare] frame 1243 data ready
Dataset generated successfully at: /home/computer0/fly_project/fly_gsplat/ctrl_009/009/f1244
4 cameras loaded
Seed: [-0.0064318  -0.01660588 -0.00087565]  triangulation residual=0.092 mm
Sampled 10000 points in 2mm sphere
Surviving points (all 4 cameras): 2208
After outlier removal: 2116 points
Saved -> /home/computer0/fly_project/fly_gsplat/ctrl_009/009/f1244/init_points.ply
[prepare] frame 1244 data ready
Dataset generated successfully at: /home/computer0/fly_project/fly_gsplat/ctrl_009/009/f1245
4 cameras loaded
Seed: [-0.00645323 -0.01662332 -0.00092167]  triangulation residual=0.079 mm
Sampled 10000 points in 2mm sphere
Surviving points (all 4 cameras): 2251
After outlier removal: 2160 points
Saved -> /home/computer0/fly_project/fly_gsplat/ctrl_009/009/f1245/init_points.ply
[prepare] frame 1245 data ready
Dataset generated successfully at: /home/computer0/fly_project/fly_gsplat/ctrl_009/009/f1246
4 cameras loaded
Seed: [-0.00648939 -0.01664427 -0.0009599 ]  triangulation residual=0.071 mm
Sampled 10000 points in 2mm sphere
Surviving points (all 4 cameras): 2069
After outlier removal: 1983 points
Saved -> /home/computer0/fly_project/fly_gsplat/ctrl_009/009/f1246/init_points.ply
[prepare] frame 1246 data ready
Dataset generated successfully at: /home/computer0/fly_project/fly_gsplat/ctrl_009/009/f1247
4 cameras loaded
Seed: [-0.00652966 -0.01666973 -0.00098248]  triangulation residual=0.067 mm
Sampled 10000 points in 2mm sphere
Surviving points (all 4 cameras): 1980
After outlier removal: 1891 points
Saved -> /home/computer0/fly_project/fly_gsplat/ctrl_009/009/f1247/init_points.ply
[prepare] frame 1247 data ready
Dataset generated successfully at: /home/computer0/fly_project/fly_gsplat/ctrl_009/009/f1248
4 cameras loaded
Seed: [-0.00658582 -0.01669916 -0.00100555]  triangulation residual=0.082 mm
Sampled 10000 points in 2mm sphere
Surviving points (all 4 cameras): 1838
After outlier removal: 1769 points
Saved -> /home/computer0/fly_project/fly_gsplat/ctrl_009/009/f1248/init_points.ply
[prepare] frame 1248 data ready
Dataset generated successfully at: /home/computer0/fly_project/fly_gsplat/ctrl_009/009/f1249
4 cameras loaded
Seed: [-0.00663016 -0.01671677 -0.00102662]  triangulation residual=0.098 mm
Sampled 10000 points in 2mm sphere
Surviving points (all 4 cameras): 1817
After outlier removal: 1731 points
Saved -> /home/computer0/fly_project/fly_gsplat/ctrl_009/009/f1249/init_points.ply
[prepare] frame 1249 data ready
Dataset generated successfully at: /home/computer0/fly_project/fly_gsplat/ctrl_009/009/f1250
4 cameras loaded
Seed: [-0.00661845 -0.01671196 -0.00104964]  triangulation residual=0.065 mm
Sampled 10000 points in 2mm sphere
Surviving points (all 4 cameras): 1824
After outlier removal: 1753 points
Saved -> /home/computer0/fly_project/fly_gsplat/ctrl_009/009/f1250/init_points.ply
[prepare] frame 1250 data ready
Dataset generated successfully at: /home/computer0/fly_project/fly_gsplat/ctrl_009/009/f1251
4 cameras loaded
Seed: [-0.00659312 -0.01669951 -0.00107164]  triangulation residual=0.036 mm
Sampled 10000 points in 2mm sphere
Surviving points (all 4 cameras): 1977
After outlier removal: 1889 points
Saved -> /home/computer0/fly_project/fly_gsplat/ctrl_009/009/f1251/init_points.ply
[prepare] frame 1251 data ready
Dataset generated successfully at: /home/computer0/fly_project/fly_gsplat/ctrl_009/009/f1252
4 cameras loaded
Seed: [-0.00657057 -0.01669296 -0.00108958]  triangulation residual=0.053 mm
Sampled 10000 points in 2mm sphere
Surviving points (all 4 cameras): 1923
After outlier removal: 1835 points
Saved -> /home/computer0/fly_project/fly_gsplat/ctrl_009/009/f1252/init_points.ply
[prepare] frame 1252 data ready
Dataset generated successfully at: /home/computer0/fly_project/fly_gsplat/ctrl_009/009/f1253
4 cameras loaded
Seed: [-0.00656081 -0.01669238 -0.00110269]  triangulation residual=0.079 mm
Sampled 10000 points in 2mm sphere
Surviving points (all 4 cameras): 2069
After outlier removal: 1984 points
Saved -> /home/computer0/fly_project/fly_gsplat/ctrl_009/009/f1253/init_points.ply
[prepare] frame 1253 data ready
Dataset generated successfully at: /home/computer0/fly_project/fly_gsplat/ctrl_009/009/f1254
4 cameras loaded
Seed: [-0.00654493 -0.01668253 -0.00112189]  triangulation residual=0.091 mm
Sampled 10000 points in 2mm sphere
Surviving points (all 4 cameras): 2107
After outlier removal: 2021 points
Saved -> /home/computer0/fly_project/fly_gsplat/ctrl_009/009/f1254/init_points.ply
[prepare] frame 1254 data ready
Dataset generated successfully at: /home/computer0/fly_project/fly_gsplat/ctrl_009/009/f1255
4 cameras loaded
Seed: [-0.00651657 -0.01667074 -0.00113587]  triangulation residual=0.098 mm
Sampled 10000 points in 2mm sphere
Surviving points (all 4 cameras): 2171
After outlier removal: 2073 points
Saved -> /home/computer0/fly_project/fly_gsplat/ctrl_009/009/f1255/init_points.ply
[prepare] frame 1255 data ready
Dataset generated successfully at: /home/computer0/fly_project/fly_gsplat/ctrl_009/009/f1256
4 cameras loaded
Seed: [-0.00650083 -0.01666674 -0.00114169]  triangulation residual=0.098 mm
Sampled 10000 points in 2mm sphere
Surviving points (all 4 cameras): 2334
After outlier removal: 2241 points
Saved -> /home/computer0/fly_project/fly_gsplat/ctrl_009/009/f1256/init_points.ply
[prepare] frame 1256 data ready
Dataset generated successfully at: /home/computer0/fly_project/fly_gsplat/ctrl_009/009/f1257
4 cameras loaded
Seed: [-0.00649768 -0.01667119 -0.00114387]  triangulation residual=0.103 mm
Sampled 10000 points in 2mm sphere
Surviving points (all 4 cameras): 2449
After outlier removal: 2351 points
Saved -> /home/computer0/fly_project/fly_gsplat/ctrl_009/009/f1257/init_points.ply
[prepare] frame 1257 data ready
Dataset generated successfully at: /home/computer0/fly_project/fly_gsplat/ctrl_009/009/f1258
4 cameras loaded
Seed: [-0.00651893 -0.01668915 -0.00113727]  triangulation residual=0.112 mm
Sampled 10000 points in 2mm sphere
Surviving points (all 4 cameras): 2451
After outlier removal: 2351 points
Saved -> /home/computer0/fly_project/fly_gsplat/ctrl_009/009/f1258/init_points.ply
[prepare] frame 1258 data ready
Dataset generated successfully at: /home/computer0/fly_project/fly_gsplat/ctrl_009/009/f1259
4 cameras loaded
Seed: [-0.00654699 -0.01670639 -0.00112801]  triangulation residual=0.123 mm
Sampled 10000 points in 2mm sphere
Surviving points (all 4 cameras): 2326
After outlier removal: 2226 points
Saved -> /home/computer0/fly_project/fly_gsplat/ctrl_009/009/f1259/init_points.ply
[prepare] frame 1259 data ready
Dataset generated successfully at: /home/computer0/fly_project/fly_gsplat/ctrl_009/009/f1260
4 cameras loaded
Seed: [-0.00658288 -0.01673061 -0.00112501]  triangulation residual=0.134 mm
Sampled 10000 points in 2mm sphere
Surviving points (all 4 cameras): 2256
After outlier removal: 2156 points
Saved -> /home/computer0/fly_project/fly_gsplat/ctrl_009/009/f1260/init_points.ply
[prepare] frame 1260 data ready
Dataset generated successfully at: /home/computer0/fly_project/fly_gsplat/ctrl_009/009/f1261
4 cameras loaded
Seed: [-0.00660273 -0.01674197 -0.00111481]  triangulation residual=0.132 mm
Sampled 10000 points in 2mm sphere
Surviving points (all 4 cameras): 2276
After outlier removal: 2180 points
Saved -> /home/computer0/fly_project/fly_gsplat/ctrl_009/009/f1261/init_points.ply
[prepare] frame 1261 data ready
Dataset generated successfully at: /home/computer0/fly_project/fly_gsplat/ctrl_009/009/f1262
4 cameras loaded
Seed: [-0.00662425 -0.01675582 -0.00110639]  triangulation residual=0.126 mm
Sampled 10000 points in 2mm sphere
Surviving points (all 4 cameras): 2225
After outlier removal: 2124 points
Saved -> /home/computer0/fly_project/fly_gsplat/ctrl_009/009/f1262/init_points.ply
[prepare] frame 1262 data ready
Dataset generated successfully at: /home/computer0/fly_project/fly_gsplat/ctrl_009/009/f1263
4 cameras loaded
Seed: [-0.00665373 -0.01676761 -0.00109722]  triangulation residual=0.128 mm
Sampled 10000 points in 2mm sphere
Surviving points (all 4 cameras): 2238
After outlier removal: 2149 points
Saved -> /home/computer0/fly_project/fly_gsplat/ctrl_009/009/f1263/init_points.ply
[prepare] frame 1263 data ready
Dataset generated successfully at: /home/computer0/fly_project/fly_gsplat/ctrl_009/009/f1264
4 cameras loaded
Seed: [-0.00668937 -0.01678817 -0.00108969]  triangulation residual=0.135 mm
Sampled 10000 points in 2mm sphere
Surviving points (all 4 cameras): 2290
After outlier removal: 2184 points
Saved -> /home/computer0/fly_project/fly_gsplat/ctrl_009/009/f1264/init_points.ply
[prepare] frame 1264 data ready
Dataset generated successfully at: /home/computer0/fly_project/fly_gsplat/ctrl_009/009/f1265
4 cameras loaded
Seed: [-0.00673244 -0.01680809 -0.00108823]  triangulation residual=0.149 mm
Sampled 10000 points in 2mm sphere
Surviving points (all 4 cameras): 2216
After outlier removal: 2120 points
Saved -> /home/computer0/fly_project/fly_gsplat/ctrl_009/009/f1265/init_points.ply
[prepare] frame 1265 data ready
Dataset generated successfully at: /home/computer0/fly_project/fly_gsplat/ctrl_009/009/f1266
4 cameras loaded
Seed: [-0.00677833 -0.01683189 -0.00108686]  triangulation residual=0.155 mm
Sampled 10000 points in 2mm sphere
Surviving points (all 4 cameras): 2169
After outlier removal: 2071 points
Saved -> /home/computer0/fly_project/fly_gsplat/ctrl_009/009/f1266/init_points.ply
[prepare] frame 1266 data ready
Dataset generated successfully at: /home/computer0/fly_project/fly_gsplat/ctrl_009/009/f1267
4 cameras loaded
Seed: [-0.00682589 -0.01684965 -0.00108161]  triangulation residual=0.156 mm
Sampled 10000 points in 2mm sphere
Surviving points (all 4 cameras): 2044
After outlier removal: 1954 points
Saved -> /home/computer0/fly_project/fly_gsplat/ctrl_009/009/f1267/init_points.ply
[prepare] frame 1267 data ready
Dataset generated successfully at: /home/computer0/fly_project/fly_gsplat/ctrl_009/009/f1268
4 cameras loaded
Seed: [-0.00687313 -0.0168702  -0.00107307]  triangulation residual=0.145 mm
Sampled 10000 points in 2mm sphere
Surviving points (all 4 cameras): 2088
After outlier removal: 1994 points
Saved -> /home/computer0/fly_project/fly_gsplat/ctrl_009/009/f1268/init_points.ply
[prepare] frame 1268 data ready
Dataset generated successfully at: /home/computer0/fly_project/fly_gsplat/ctrl_009/009/f1269
4 cameras loaded
Seed: [-0.00692405 -0.01689345 -0.00106302]  triangulation residual=0.132 mm
Sampled 10000 points in 2mm sphere
Surviving points (all 4 cameras): 1920
After outlier removal: 1842 points
Saved -> /home/computer0/fly_project/fly_gsplat/ctrl_009/009/f1269/init_points.ply
[prepare] frame 1269 data ready
Dataset generated successfully at: /home/computer0/fly_project/fly_gsplat/ctrl_009/009/f1270
4 cameras loaded
Seed: [-0.00698466 -0.0169153  -0.00105516]  triangulation residual=0.119 mm
Sampled 10000 points in 2mm sphere
Surviving points (all 4 cameras): 1905
After outlier removal: 1813 points
Saved -> /home/computer0/fly_project/fly_gsplat/ctrl_009/009/f1270/init_points.ply
[prepare] frame 1270 data ready
Dataset generated successfully at: /home/computer0/fly_project/fly_gsplat/ctrl_009/009/f1271
4 cameras loaded
Seed: [-0.00704789 -0.01694053 -0.00104755]  triangulation residual=0.106 mm
Sampled 10000 points in 2mm sphere
Surviving points (all 4 cameras): 1896
After outlier removal: 1820 points
Saved -> /home/computer0/fly_project/fly_gsplat/ctrl_009/009/f1271/init_points.ply
[prepare] frame 1271 data ready
Dataset generated successfully at: /home/computer0/fly_project/fly_gsplat/ctrl_009/009/f1272
4 cameras loaded
Seed: [-0.00711754 -0.0169631  -0.0010402 ]  triangulation residual=0.091 mm
Sampled 10000 points in 2mm sphere
Surviving points (all 4 cameras): 1818
After outlier removal: 1740 points
Saved -> /home/computer0/fly_project/fly_gsplat/ctrl_009/009/f1272/init_points.ply
[prepare] frame 1272 data ready
Dataset generated successfully at: /home/computer0/fly_project/fly_gsplat/ctrl_009/009/f1273
4 cameras loaded
Seed: [-0.00718832 -0.0169739  -0.00103666]  triangulation residual=0.076 mm
Sampled 10000 points in 2mm sphere
Surviving points (all 4 cameras): 1804
After outlier removal: 1725 points
Saved -> /home/computer0/fly_project/fly_gsplat/ctrl_009/009/f1273/init_points.ply
[prepare] frame 1273 data ready
Dataset generated successfully at: /home/computer0/fly_project/fly_gsplat/ctrl_009/009/f1274
4 cameras loaded
Seed: [-0.00725208 -0.01699192 -0.00103944]  triangulation residual=0.065 mm
Sampled 10000 points in 2mm sphere
Surviving points (all 4 cameras): 1783
After outlier removal: 1699 points
Saved -> /home/computer0/fly_project/fly_gsplat/ctrl_009/009/f1274/init_points.ply
[prepare] frame 1274 data ready
Dataset generated successfully at: /home/computer0/fly_project/fly_gsplat/ctrl_009/009/f1275
4 cameras loaded
Seed: [-0.00730903 -0.01700414 -0.00104504]  triangulation residual=0.057 mm
Sampled 10000 points in 2mm sphere
Surviving points (all 4 cameras): 1823
After outlier removal: 1747 points
Saved -> /home/computer0/fly_project/fly_gsplat/ctrl_009/009/f1275/init_points.ply
[prepare] frame 1275 data ready
Dataset generated successfully at: /home/computer0/fly_project/fly_gsplat/ctrl_009/009/f1276
4 cameras loaded
Seed: [-0.00736338 -0.0170212  -0.001067  ]  triangulation residual=0.054 mm
Sampled 10000 points in 2mm sphere
Surviving points (all 4 cameras): 1751
After outlier removal: 1687 points
Saved -> /home/computer0/fly_project/fly_gsplat/ctrl_009/009/f1276/init_points.ply
[prepare] frame 1276 data ready
Dataset generated successfully at: /home/computer0/fly_project/fly_gsplat/ctrl_009/009/f1277
4 cameras loaded
Seed: [-0.00741017 -0.01704597 -0.00109145]  triangulation residual=0.049 mm
Sampled 10000 points in 2mm sphere
Surviving points (all 4 cameras): 1833
After outlier removal: 1756 points
Saved -> /home/computer0/fly_project/fly_gsplat/ctrl_009/009/f1277/init_points.ply
[prepare] frame 1277 data ready
Dataset generated successfully at: /home/computer0/fly_project/fly_gsplat/ctrl_009/009/f1278
4 cameras loaded
Seed: [-0.00744907 -0.0170723  -0.00110903]  triangulation residual=0.052 mm
Sampled 10000 points in 2mm sphere
Surviving points (all 4 cameras): 1757
After outlier removal: 1687 points
Saved -> /home/computer0/fly_project/fly_gsplat/ctrl_009/009/f1278/init_points.ply
[prepare] frame 1278 data ready
Dataset generated successfully at: /home/computer0/fly_project/fly_gsplat/ctrl_009/009/f1279
4 cameras loaded
Seed: [-0.00749142 -0.0171023  -0.00114018]  triangulation residual=0.050 mm
Sampled 10000 points in 2mm sphere
Surviving points (all 4 cameras): 1810
After outlier removal: 1737 points
Saved -> /home/computer0/fly_project/fly_gsplat/ctrl_009/009/f1279/init_points.ply
[prepare] frame 1279 data ready
Dataset generated successfully at: /home/computer0/fly_project/fly_gsplat/ctrl_009/009/f1280
4 cameras loaded
Seed: [-0.0075347  -0.01713001 -0.00117568]  triangulation residual=0.042 mm
Sampled 10000 points in 2mm sphere
Surviving points (all 4 cameras): 1878
After outlier removal: 1802 points
Saved -> /home/computer0/fly_project/fly_gsplat/ctrl_009/009/f1280/init_points.ply
[prepare] frame 1280 data ready
Dataset generated successfully at: /home/computer0/fly_project/fly_gsplat/ctrl_009/009/f1281
4 cameras loaded
Seed: [-0.00757474 -0.01715643 -0.00121497]  triangulation residual=0.037 mm
Sampled 10000 points in 2mm sphere
Surviving points (all 4 cameras): 1950
After outlier removal: 1861 points
Saved -> /home/computer0/fly_project/fly_gsplat/ctrl_009/009/f1281/init_points.ply
[prepare] frame 1281 data ready
Dataset generated successfully at: /home/computer0/fly_project/fly_gsplat/ctrl_009/009/f1282
4 cameras loaded
Seed: [-0.00761318 -0.01717878 -0.00125305]  triangulation residual=0.031 mm
Sampled 10000 points in 2mm sphere
Surviving points (all 4 cameras): 1940
After outlier removal: 1856 points
Saved -> /home/computer0/fly_project/fly_gsplat/ctrl_009/009/f1282/init_points.ply
[prepare] frame 1282 data ready
Dataset generated successfully at: /home/computer0/fly_project/fly_gsplat/ctrl_009/009/f1283
4 cameras loaded
Seed: [-0.00764629 -0.01720271 -0.00129013]  triangulation residual=0.039 mm
Sampled 10000 points in 2mm sphere
Surviving points (all 4 cameras): 1960
After outlier removal: 1859 points
Saved -> /home/computer0/fly_project/fly_gsplat/ctrl_009/009/f1283/init_points.ply
[prepare] frame 1283 data ready
Dataset generated successfully at: /home/computer0/fly_project/fly_gsplat/ctrl_009/009/f1284
4 cameras loaded
Seed: [-0.00767215 -0.01722063 -0.00132515]  triangulation residual=0.057 mm
Sampled 10000 points in 2mm sphere
Surviving points (all 4 cameras): 1918
After outlier removal: 1831 points
Saved -> /home/computer0/fly_project/fly_gsplat/ctrl_009/009/f1284/init_points.ply
[prepare] frame 1284 data ready
Dataset generated successfully at: /home/computer0/fly_project/fly_gsplat/ctrl_009/009/f1285
4 cameras loaded
Seed: [-0.00769221 -0.01723316 -0.00135437]  triangulation residual=0.078 mm
Sampled 10000 points in 2mm sphere
Surviving points (all 4 cameras): 1881
After outlier removal: 1795 points
Saved -> /home/computer0/fly_project/fly_gsplat/ctrl_009/009/f1285/init_points.ply
[prepare] frame 1285 data ready
Dataset generated successfully at: /home/computer0/fly_project/fly_gsplat/ctrl_009/009/f1286
4 cameras loaded
Seed: [-0.00770685 -0.01723297 -0.00137911]  triangulation residual=0.108 mm
Sampled 10000 points in 2mm sphere
Surviving points (all 4 cameras): 1910
After outlier removal: 1816 points
Saved -> /home/computer0/fly_project/fly_gsplat/ctrl_009/009/f1286/init_points.ply
[prepare] frame 1286 data ready
Dataset generated successfully at: /home/computer0/fly_project/fly_gsplat/ctrl_009/009/f1287
4 cameras loaded
Seed: [-0.00770876 -0.01722911 -0.00139567]  triangulation residual=0.141 mm
Sampled 10000 points in 2mm sphere
Surviving points (all 4 cameras): 1835
After outlier removal: 1755 points
Saved -> /home/computer0/fly_project/fly_gsplat/ctrl_009/009/f1287/init_points.ply
[prepare] frame 1287 data ready
Dataset generated successfully at: /home/computer0/fly_project/fly_gsplat/ctrl_009/009/f1288
4 cameras loaded
Seed: [-0.00770003 -0.0172274  -0.0014063 ]  triangulation residual=0.180 mm
Sampled 10000 points in 2mm sphere
Surviving points (all 4 cameras): 1880
After outlier removal: 1785 points
Saved -> /home/computer0/fly_project/fly_gsplat/ctrl_009/009/f1288/init_points.ply
[prepare] frame 1288 data ready
Dataset generated successfully at: /home/computer0/fly_project/fly_gsplat/ctrl_009/009/f1289
4 cameras loaded
Seed: [-0.00770507 -0.01725128 -0.00140326]  triangulation residual=0.201 mm
Sampled 10000 points in 2mm sphere
Surviving points (all 4 cameras): 1784
After outlier removal: 1706 points
Saved -> /home/computer0/fly_project/fly_gsplat/ctrl_009/009/f1289/init_points.ply
[prepare] frame 1289 data ready
Dataset generated successfully at: /home/computer0/fly_project/fly_gsplat/ctrl_009/009/f1290
4 cameras loaded
Seed: [-0.00773104 -0.01728053 -0.00141603]  triangulation residual=0.190 mm
Sampled 10000 points in 2mm sphere
Surviving points (all 4 cameras): 1853
After outlier removal: 1779 points
Saved -> /home/computer0/fly_project/fly_gsplat/ctrl_009/009/f1290/init_points.ply
[prepare] frame 1290 data ready
Dataset generated successfully at: /home/computer0/fly_project/fly_gsplat/ctrl_009/009/f1291
4 cameras loaded
Seed: [-0.00775186 -0.01731282 -0.001438  ]  triangulation residual=0.177 mm
Sampled 10000 points in 2mm sphere
Surviving points (all 4 cameras): 1859
After outlier removal: 1775 points
Saved -> /home/computer0/fly_project/fly_gsplat/ctrl_009/009/f1291/init_points.ply
[prepare] frame 1291 data ready
Dataset generated successfully at: /home/computer0/fly_project/fly_gsplat/ctrl_009/009/f1292
4 cameras loaded
Seed: [-0.00778125 -0.01733126 -0.00147205]  triangulation residual=0.149 mm
Sampled 10000 points in 2mm sphere
Surviving points (all 4 cameras): 1892
After outlier removal: 1796 points
Saved -> /home/computer0/fly_project/fly_gsplat/ctrl_009/009/f1292/init_points.ply
[prepare] frame 1292 data ready
Dataset generated successfully at: /home/computer0/fly_project/fly_gsplat/ctrl_009/009/f1293
4 cameras loaded
Seed: [-0.00780565 -0.01732834 -0.00149472]  triangulation residual=0.127 mm
Sampled 10000 points in 2mm sphere
Surviving points (all 4 cameras): 1972
After outlier removal: 1893 points
Saved -> /home/computer0/fly_project/fly_gsplat/ctrl_009/009/f1293/init_points.ply
[prepare] frame 1293 data ready
Dataset generated successfully at: /home/computer0/fly_project/fly_gsplat/ctrl_009/009/f1294
4 cameras loaded
Seed: [-0.00781885 -0.01732002 -0.00150376]  triangulation residual=0.105 mm
Sampled 10000 points in 2mm sphere
Surviving points (all 4 cameras): 2120
After outlier removal: 2043 points
Saved -> /home/computer0/fly_project/fly_gsplat/ctrl_009/009/f1294/init_points.ply
[prepare] frame 1294 data ready
Dataset generated successfully at: /home/computer0/fly_project/fly_gsplat/ctrl_009/009/f1295
4 cameras loaded
Seed: [-0.00781833 -0.01730779 -0.00149387]  triangulation residual=0.092 mm
Sampled 10000 points in 2mm sphere
Surviving points (all 4 cameras): 2100
After outlier removal: 2009 points
Saved -> /home/computer0/fly_project/fly_gsplat/ctrl_009/009/f1295/init_points.ply
[prepare] frame 1295 data ready
Dataset generated successfully at: /home/computer0/fly_project/fly_gsplat/ctrl_009/009/f1296
4 cameras loaded
Seed: [-0.00780749 -0.01729613 -0.00147081]  triangulation residual=0.082 mm
Sampled 10000 points in 2mm sphere
Surviving points (all 4 cameras): 2039
After outlier removal: 1957 points
Saved -> /home/computer0/fly_project/fly_gsplat/ctrl_009/009/f1296/init_points.ply
[prepare] frame 1296 data ready
Dataset generated successfully at: /home/computer0/fly_project/fly_gsplat/ctrl_009/009/f1297
4 cameras loaded
Seed: [-0.00779698 -0.01728763 -0.00143993]  triangulation residual=0.080 mm
Sampled 10000 points in 2mm sphere
Surviving points (all 4 cameras): 2132
After outlier removal: 2044 points
Saved -> /home/computer0/fly_project/fly_gsplat/ctrl_009/009/f1297/init_points.ply
[20:39:42]  Be careful with '--eval-mode=all'. If using camera optimization, the cameras    nerfstudio_dataparser.py:216
           may diverge in the current implementation, giving unpredictable results.                                     
            Be careful with '--eval-mode=all'. If using camera optimization, the cameras    nerfstudio_dataparser.py:216
           may diverge in the current implementation, giving unpredictable results.                                     
[20:39:42]  Be careful with '--eval-mode=all'. If using camera optimization, the cameras    nerfstudio_dataparser.py:216
           may diverge in the current implementation, giving unpredictable results.                                     
            Be careful with '--eval-mode=all'. If using camera optimization, the cameras    nerfstudio_dataparser.py:216
           may diverge in the current implementation, giving unpredictable results.                                     
           use color only optimization with sigmoid activation                                         splatfacto.py:266
           use color only optimization with sigmoid activation                                         splatfacto.py:266
[20:39:42]  Be careful with '--eval-mode=all'. If using camera optimization, the cameras    nerfstudio_dataparser.py:216
           may diverge in the current implementation, giving unpredictable results.                                     
            Be careful with '--eval-mode=all'. If using camera optimization, the cameras    nerfstudio_dataparser.py:216
           may diverge in the current implementation, giving unpredictable results.                                     
[20:39:43] use color only optimization with sigmoid activation                                         splatfacto.py:266
Loading latest checkpoint from load_dir
✅ Done loading checkpoint from 
outputs/ctrl_009_009_ratio3_sh0_dense_mid200/ratio3_sh0_dense/f1108/splatfacto/2026-08-20_203758/nerfstudio_models/step-
000001999.ckpt
0 Gaussians have NaN/Inf and 1 have low opacity, only export 731/732
Loading latest checkpoint from load_dir
✅ Done loading checkpoint from 
outputs/ctrl_009_009_ratio3_sh0_dense_mid200/ratio3_sh0_dense/f1106/splatfacto/2026-08-20_203757/nerfstudio_models/step-
000001999.ckpt
0 Gaussians have NaN/Inf and 2 have low opacity, only export 768/770
Loading latest checkpoint from load_dir
[20:39:43]  Be careful with '--eval-mode=all'. If using camera optimization, the cameras    nerfstudio_dataparser.py:216
           may diverge in the current implementation, giving unpredictable results.                                     
            Be careful with '--eval-mode=all'. If using camera optimization, the cameras    nerfstudio_dataparser.py:216
           may diverge in the current implementation, giving unpredictable results.                                     
✅ Done loading checkpoint from 
outputs/ctrl_009_009_ratio3_sh0_dense_mid200/ratio3_sh0_dense/f1103/splatfacto/2026-08-20_203757/nerfstudio_models/step-
000001999.ckpt
0 Gaussians have NaN/Inf and 2 have low opacity, only export 740/742
[20:39:44] use color only optimization with sigmoid activation                                         splatfacto.py:266
[20:39:44]  Be careful with '--eval-mode=all'. If using camera optimization, the cameras    nerfstudio_dataparser.py:216
           may diverge in the current implementation, giving unpredictable results.                                     
            Be careful with '--eval-mode=all'. If using camera optimization, the cameras    nerfstudio_dataparser.py:216
           may diverge in the current implementation, giving unpredictable results.                                     
[20:39:44]  Be careful with '--eval-mode=all'. If using camera optimization, the cameras    nerfstudio_dataparser.py:216
           may diverge in the current implementation, giving unpredictable results.                                     
            Be careful with '--eval-mode=all'. If using camera optimization, the cameras    nerfstudio_dataparser.py:216
           may diverge in the current implementation, giving unpredictable results.                                     
[20:39:44]  Be careful with '--eval-mode=all'. If using camera optimization, the cameras    nerfstudio_dataparser.py:216
           may diverge in the current implementation, giving unpredictable results.                                     
            Be careful with '--eval-mode=all'. If using camera optimization, the cameras    nerfstudio_dataparser.py:216
           may diverge in the current implementation, giving unpredictable results.                                     
           use color only optimization with sigmoid activation                                         splatfacto.py:266
[20:39:44]  Be careful with '--eval-mode=all'. If using camera optimization, the cameras    nerfstudio_dataparser.py:216
           may diverge in the current implementation, giving unpredictable results.                                     
            Be careful with '--eval-mode=all'. If using camera optimization, the cameras    nerfstudio_dataparser.py:216
           may diverge in the current implementation, giving unpredictable results.                                     
           use color only optimization with sigmoid activation                                         splatfacto.py:266
[20:39:44]  Be careful with '--eval-mode=all'. If using camera optimization, the cameras    nerfstudio_dataparser.py:216
           may diverge in the current implementation, giving unpredictable results.                                     
            Be careful with '--eval-mode=all'. If using camera optimization, the cameras    nerfstudio_dataparser.py:216
           may diverge in the current implementation, giving unpredictable results.                                     
[20:39:44]  Be careful with '--eval-mode=all'. If using camera optimization, the cameras    nerfstudio_dataparser.py:216
           may diverge in the current implementation, giving unpredictable results.                                     
            Be careful with '--eval-mode=all'. If using camera optimization, the cameras    nerfstudio_dataparser.py:216
           may diverge in the current implementation, giving unpredictable results.                                     
           use color only optimization with sigmoid activation                                         splatfacto.py:266
           use color only optimization with sigmoid activation                                         splatfacto.py:266
Loading latest checkpoint from load_dir
✅ Done loading checkpoint from 
outputs/ctrl_009_009_ratio3_sh0_dense_mid200/ratio3_sh0_dense/f1100/splatfacto/2026-08-20_203758/nerfstudio_models/step-
000001999.ckpt
[20:39:44]  Be careful with '--eval-mode=all'. If using camera optimization, the cameras    nerfstudio_dataparser.py:216
           may diverge in the current implementation, giving unpredictable results.                                     
0 Gaussians have NaN/Inf and 1 have low opacity, only export 719/720
            Be careful with '--eval-mode=all'. If using camera optimization, the cameras    nerfstudio_dataparser.py:216
           may diverge in the current implementation, giving unpredictable results.                                     
[20:39:45] use color only optimization with sigmoid activation                                         splatfacto.py:266
[20:39:45] use color only optimization with sigmoid activation                                         splatfacto.py:266
[gpu1_w4] ratio3_sh0_dense__f1108 -> ok (110.2s)
[20:39:45] use color only optimization with sigmoid activation                                         splatfacto.py:266
[gpu0_w4] ratio3_sh0_dense__f1106 -> ok (110.5s)
Loading latest checkpoint from load_dir
✅ Done loading checkpoint from 
outputs/ctrl_009_009_ratio3_sh0_dense_mid200/ratio3_sh0_dense/f1104/splatfacto/2026-08-20_203758/nerfstudio_models/step-
000001999.ckpt
0 Gaussians have NaN/Inf and 1 have low opacity, only export 763/764
Loading latest checkpoint from load_dir
✅ Done loading checkpoint from 
outputs/ctrl_009_009_ratio3_sh0_dense_mid200/ratio3_sh0_dense/f1105/splatfacto/2026-08-20_203758/nerfstudio_models/step-
000001999.ckpt
0 Gaussians have NaN/Inf and 1 have low opacity, only export 747/748
[20:39:45]  Be careful with '--eval-mode=all'. If using camera optimization, the cameras    nerfstudio_dataparser.py:216
           may diverge in the current implementation, giving unpredictable results.                                     
            Be careful with '--eval-mode=all'. If using camera optimization, the cameras    nerfstudio_dataparser.py:216
           may diverge in the current implementation, giving unpredictable results.                                     
Loading latest checkpoint from load_dir
✅ Done loading checkpoint from 
outputs/ctrl_009_009_ratio3_sh0_dense_mid200/ratio3_sh0_dense/f1111/splatfacto/2026-08-20_203758/nerfstudio_models/step-
000001999.ckpt
0 Gaussians have NaN/Inf and 1 have low opacity, only export 700/701
Loading latest checkpoint from load_dir
Loading latest checkpoint from load_dir
✅ Done loading checkpoint from 
outputs/ctrl_009_009_ratio3_sh0_dense_mid200/ratio3_sh0_dense/f1109/splatfacto/2026-08-20_203759/nerfstudio_models/step-
000001999.ckpt
0 Gaussians have NaN/Inf and 1 have low opacity, only export 766/767
✅ Done loading checkpoint from 
outputs/ctrl_009_009_ratio3_sh0_dense_mid200/ratio3_sh0_dense/f1102/splatfacto/2026-08-20_203759/nerfstudio_models/step-
000001999.ckpt
           use color only optimization with sigmoid activation                                         splatfacto.py:266
Loading latest checkpoint from load_dir
[gpu0_w0] ratio3_sh0_dense__f1103 -> ok (111.1s)
✅ Done loading checkpoint from 
outputs/ctrl_009_009_ratio3_sh0_dense_mid200/ratio3_sh0_dense/f1107/splatfacto/2026-08-20_203759/nerfstudio_models/step-
000001999.ckpt
Loading latest checkpoint from load_dir
0 Gaussians have NaN/Inf and 1 have low opacity, only export 726/727
✅ Done loading checkpoint from 
outputs/ctrl_009_009_ratio3_sh0_dense_mid200/ratio3_sh0_dense/f1101/splatfacto/2026-08-20_203758/nerfstudio_models/step-
000001999.ckpt
Loading latest checkpoint from load_dir
✅ Done loading checkpoint from 
outputs/ctrl_009_009_ratio3_sh0_dense_mid200/ratio3_sh0_dense/f1110/splatfacto/2026-08-20_203759/nerfstudio_models/step-
000001999.ckpt
0 Gaussians have NaN/Inf and 2 have low opacity, only export 824/826
[gpu0_w2] ratio3_sh0_dense__f1100 -> ok (112.2s)
[gpu1_w0] ratio3_sh0_dense__f1104 -> ok (112.5s)
[gpu0_w5] ratio3_sh0_dense__f1105 -> ok (112.7s)
[gpu1_w2] ratio3_sh0_dense__f1111 -> ok (112.9s)
[gpu0_w3] ratio3_sh0_dense__f1102 -> ok (113.0s)
[gpu1_w1] ratio3_sh0_dense__f1107 -> ok (113.0s)
[gpu1_w5] ratio3_sh0_dense__f1109 -> ok (113.0s)
[gpu0_w1] ratio3_sh0_dense__f1101 -> ok (113.2s)
[gpu1_w3] ratio3_sh0_dense__f1110 -> ok (113.8s)
[20:41:38]  Be careful with '--eval-mode=all'. If using camera optimization, the cameras    nerfstudio_dataparser.py:216
           may diverge in the current implementation, giving unpredictable results.                                     
            Be careful with '--eval-mode=all'. If using camera optimization, the cameras    nerfstudio_dataparser.py:216
           may diverge in the current implementation, giving unpredictable results.                                     
           use color only optimization with sigmoid activation                                         splatfacto.py:266
[20:41:38]  Be careful with '--eval-mode=all'. If using camera optimization, the cameras    nerfstudio_dataparser.py:216
           may diverge in the current implementation, giving unpredictable results.                                     
            Be careful with '--eval-mode=all'. If using camera optimization, the cameras    nerfstudio_dataparser.py:216
           may diverge in the current implementation, giving unpredictable results.                                     
[20:41:39] use color only optimization with sigmoid activation                                         splatfacto.py:266
Loading latest checkpoint from load_dir
✅ Done loading checkpoint from 
outputs/ctrl_009_009_ratio3_sh0_dense_mid200/ratio3_sh0_dense/f1112/splatfacto/2026-08-20_203954/nerfstudio_models/step-
000001999.ckpt
[20:41:39]  Be careful with '--eval-mode=all'. If using camera optimization, the cameras    nerfstudio_dataparser.py:216
           may diverge in the current implementation, giving unpredictable results.                                     
            Be careful with '--eval-mode=all'. If using camera optimization, the cameras    nerfstudio_dataparser.py:216
           may diverge in the current implementation, giving unpredictable results.                                     
           use color only optimization with sigmoid activation                                         splatfacto.py:266
Loading latest checkpoint from load_dir
✅ Done loading checkpoint from 
outputs/ctrl_009_009_ratio3_sh0_dense_mid200/ratio3_sh0_dense/f1113/splatfacto/2026-08-20_203953/nerfstudio_models/step-
000001999.ckpt
0 Gaussians have NaN/Inf and 4 have low opacity, only export 696/700
[20:41:40]  Be careful with '--eval-mode=all'. If using camera optimization, the cameras    nerfstudio_dataparser.py:216
           may diverge in the current implementation, giving unpredictable results.                                     
            Be careful with '--eval-mode=all'. If using camera optimization, the cameras    nerfstudio_dataparser.py:216
           may diverge in the current implementation, giving unpredictable results.                                     
[20:41:40]  Be careful with '--eval-mode=all'. If using camera optimization, the cameras    nerfstudio_dataparser.py:216
           may diverge in the current implementation, giving unpredictable results.                                     
            Be careful with '--eval-mode=all'. If using camera optimization, the cameras    nerfstudio_dataparser.py:216
           may diverge in the current implementation, giving unpredictable results.                                     
[20:41:40]  Be careful with '--eval-mode=all'. If using camera optimization, the cameras    nerfstudio_dataparser.py:216
           may diverge in the current implementation, giving unpredictable results.                                     
            Be careful with '--eval-mode=all'. If using camera optimization, the cameras    nerfstudio_dataparser.py:216
           may diverge in the current implementation, giving unpredictable results.                                     
[20:41:40]  Be careful with '--eval-mode=all'. If using camera optimization, the cameras    nerfstudio_dataparser.py:216
           may diverge in the current implementation, giving unpredictable results.                                     
            Be careful with '--eval-mode=all'. If using camera optimization, the cameras    nerfstudio_dataparser.py:216
           may diverge in the current implementation, giving unpredictable results.                                     
           use color only optimization with sigmoid activation                                         splatfacto.py:266
Loading latest checkpoint from load_dir
✅ Done loading checkpoint from 
outputs/ctrl_009_009_ratio3_sh0_dense_mid200/ratio3_sh0_dense/f1115/splatfacto/2026-08-20_203955/nerfstudio_models/step-
000001999.ckpt
0 Gaussians have NaN/Inf and 4 have low opacity, only export 713/717
           use color only optimization with sigmoid activation                                         splatfacto.py:266
[20:41:40]  Be careful with '--eval-mode=all'. If using camera optimization, the cameras    nerfstudio_dataparser.py:216
           may diverge in the current implementation, giving unpredictable results.                                     
           use color only optimization with sigmoid activation                                         splatfacto.py:266
            Be careful with '--eval-mode=all'. If using camera optimization, the cameras    nerfstudio_dataparser.py:216
           may diverge in the current implementation, giving unpredictable results.                                     
           use color only optimization with sigmoid activation                                         splatfacto.py:266
[20:41:40]  Be careful with '--eval-mode=all'. If using camera optimization, the cameras    nerfstudio_dataparser.py:216
           may diverge in the current implementation, giving unpredictable results.                                     
            Be careful with '--eval-mode=all'. If using camera optimization, the cameras    nerfstudio_dataparser.py:216
           may diverge in the current implementation, giving unpredictable results.                                     
[20:41:40]  Be careful with '--eval-mode=all'. If using camera optimization, the cameras    nerfstudio_dataparser.py:216
           may diverge in the current implementation, giving unpredictable results.                                     
            Be careful with '--eval-mode=all'. If using camera optimization, the cameras    nerfstudio_dataparser.py:216
           may diverge in the current implementation, giving unpredictable results.                                     
           use color only optimization with sigmoid activation                                         splatfacto.py:266
[20:41:40]  Be careful with '--eval-mode=all'. If using camera optimization, the cameras    nerfstudio_dataparser.py:216
           may diverge in the current implementation, giving unpredictable results.                                     
            Be careful with '--eval-mode=all'. If using camera optimization, the cameras    nerfstudio_dataparser.py:216
           may diverge in the current implementation, giving unpredictable results.                                     
           use color only optimization with sigmoid activation                                         splatfacto.py:266
[20:41:41] use color only optimization with sigmoid activation                                         splatfacto.py:266
[20:41:41] use color only optimization with sigmoid activation                                         splatfacto.py:266
[gpu1_w4] ratio3_sh0_dense__f1112 -> ok (109.4s)
Loading latest checkpoint from load_dir
[gpu0_w4] ratio3_sh0_dense__f1113 -> ok (109.5s)
✅ Done loading checkpoint from 
outputs/ctrl_009_009_ratio3_sh0_dense_mid200/ratio3_sh0_dense/f1119/splatfacto/2026-08-20_203955/nerfstudio_models/step-
000001999.ckpt
Loading latest checkpoint from load_dir
Loading latest checkpoint from load_dir
0 Gaussians have NaN/Inf and 4 have low opacity, only export 669/673
Loading latest checkpoint from load_dir
✅ Done loading checkpoint from 
outputs/ctrl_009_009_ratio3_sh0_dense_mid200/ratio3_sh0_dense/f1121/splatfacto/2026-08-20_203956/nerfstudio_models/step-
000001999.ckpt
✅ Done loading checkpoint from 
outputs/ctrl_009_009_ratio3_sh0_dense_mid200/ratio3_sh0_dense/f1120/splatfacto/2026-08-20_203956/nerfstudio_models/step-
000001999.ckpt
[20:41:41]  Be careful with '--eval-mode=all'. If using camera optimization, the cameras    nerfstudio_dataparser.py:216
           may diverge in the current implementation, giving unpredictable results.                                     
0 Gaussians have NaN/Inf and 4 have low opacity, only export 669/673
0 Gaussians have NaN/Inf and 5 have low opacity, only export 656/661
            Be careful with '--eval-mode=all'. If using camera optimization, the cameras    nerfstudio_dataparser.py:216
           may diverge in the current implementation, giving unpredictable results.                                     
✅ Done loading checkpoint from 
outputs/ctrl_009_009_ratio3_sh0_dense_mid200/ratio3_sh0_dense/f1117/splatfacto/2026-08-20_203956/nerfstudio_models/step-
000001999.ckpt
Loading latest checkpoint from load_dir
✅ Done loading checkpoint from 
outputs/ctrl_009_009_ratio3_sh0_dense_mid200/ratio3_sh0_dense/f1116/splatfacto/2026-08-20_203955/nerfstudio_models/step-
000001999.ckpt
Loading latest checkpoint from load_dir
           use color only optimization with sigmoid activation                                         splatfacto.py:266
0 Gaussians have NaN/Inf and 2 have low opacity, only export 766/768
✅ Done loading checkpoint from 
outputs/ctrl_009_009_ratio3_sh0_dense_mid200/ratio3_sh0_dense/f1122/splatfacto/2026-08-20_203956/nerfstudio_models/step-
000001999.ckpt
0 Gaussians have NaN/Inf and 3 have low opacity, only export 667/670
Loading latest checkpoint from load_dir
✅ Done loading checkpoint from 
outputs/ctrl_009_009_ratio3_sh0_dense_mid200/ratio3_sh0_dense/f1118/splatfacto/2026-08-20_203955/nerfstudio_models/step-
000001999.ckpt
0 Gaussians have NaN/Inf and 2 have low opacity, only export 671/673
Loading latest checkpoint from load_dir
✅ Done loading checkpoint from 
outputs/ctrl_009_009_ratio3_sh0_dense_mid200/ratio3_sh0_dense/f1114/splatfacto/2026-08-20_203954/nerfstudio_models/step-
000001999.ckpt
0 Gaussians have NaN/Inf and 1 have low opacity, only export 732/733
[gpu0_w2] ratio3_sh0_dense__f1115 -> ok (109.0s)
Loading latest checkpoint from load_dir
✅ Done loading checkpoint from 
outputs/ctrl_009_009_ratio3_sh0_dense_mid200/ratio3_sh0_dense/f1123/splatfacto/2026-08-20_203955/nerfstudio_models/step-
000001999.ckpt
[gpu1_w5] ratio3_sh0_dense__f1121 -> ok (109.1s)
[gpu1_w1] ratio3_sh0_dense__f1120 -> ok (109.1s)
[gpu0_w3] ratio3_sh0_dense__f1119 -> ok (109.1s)
[gpu0_w1] ratio3_sh0_dense__f1122 -> ok (109.0s)
[gpu0_w5] ratio3_sh0_dense__f1117 -> ok (109.5s)
[gpu1_w0] ratio3_sh0_dense__f1116 -> ok (109.8s)
[gpu1_w2] ratio3_sh0_dense__f1118 -> ok (109.5s)
[gpu0_w0] ratio3_sh0_dense__f1114 -> ok (111.4s)
[gpu1_w3] ratio3_sh0_dense__f1123 -> ok (109.2s)
[20:43:34]  Be careful with '--eval-mode=all'. If using camera optimization, the cameras    nerfstudio_dataparser.py:216
           may diverge in the current implementation, giving unpredictable results.                                     
            Be careful with '--eval-mode=all'. If using camera optimization, the cameras    nerfstudio_dataparser.py:216
           may diverge in the current implementation, giving unpredictable results.                                     
[20:43:34]  Be careful with '--eval-mode=all'. If using camera optimization, the cameras    nerfstudio_dataparser.py:216
           may diverge in the current implementation, giving unpredictable results.                                     
            Be careful with '--eval-mode=all'. If using camera optimization, the cameras    nerfstudio_dataparser.py:216
           may diverge in the current implementation, giving unpredictable results.                                     
           use color only optimization with sigmoid activation                                         splatfacto.py:266
           use color only optimization with sigmoid activation                                         splatfacto.py:266
[20:43:34]  Be careful with '--eval-mode=all'. If using camera optimization, the cameras    nerfstudio_dataparser.py:216
           may diverge in the current implementation, giving unpredictable results.                                     
            Be careful with '--eval-mode=all'. If using camera optimization, the cameras    nerfstudio_dataparser.py:216
           may diverge in the current implementation, giving unpredictable results.                                     
[20:43:34]  Be careful with '--eval-mode=all'. If using camera optimization, the cameras    nerfstudio_dataparser.py:216
           may diverge in the current implementation, giving unpredictable results.                                     
            Be careful with '--eval-mode=all'. If using camera optimization, the cameras    nerfstudio_dataparser.py:216
           may diverge in the current implementation, giving unpredictable results.                                     
           use color only optimization with sigmoid activation                                         splatfacto.py:266
[20:43:34]  Be careful with '--eval-mode=all'. If using camera optimization, the cameras    nerfstudio_dataparser.py:216
           may diverge in the current implementation, giving unpredictable results.                                     
            Be careful with '--eval-mode=all'. If using camera optimization, the cameras    nerfstudio_dataparser.py:216
           may diverge in the current implementation, giving unpredictable results.                                     
[20:43:35] use color only optimization with sigmoid activation                                         splatfacto.py:266
Loading latest checkpoint from load_dir
✅ Done loading checkpoint from 
outputs/ctrl_009_009_ratio3_sh0_dense_mid200/ratio3_sh0_dense/f1124/splatfacto/2026-08-20_204149/nerfstudio_models/step-
000001999.ckpt
[20:43:35] use color only optimization with sigmoid activation                                         splatfacto.py:266
Loading latest checkpoint from load_dir
✅ Done loading checkpoint from 
outputs/ctrl_009_009_ratio3_sh0_dense_mid200/ratio3_sh0_dense/f1133/splatfacto/2026-08-20_204151/nerfstudio_models/step-
000001999.ckpt
0 Gaussians have NaN/Inf and 3 have low opacity, only export 697/700
[20:43:35]  Be careful with '--eval-mode=all'. If using camera optimization, the cameras    nerfstudio_dataparser.py:216
           may diverge in the current implementation, giving unpredictable results.                                     
            Be careful with '--eval-mode=all'. If using camera optimization, the cameras    nerfstudio_dataparser.py:216
           may diverge in the current implementation, giving unpredictable results.                                     
[20:43:35]  Be careful with '--eval-mode=all'. If using camera optimization, the cameras    nerfstudio_dataparser.py:216
           may diverge in the current implementation, giving unpredictable results.                                     
            Be careful with '--eval-mode=all'. If using camera optimization, the cameras    nerfstudio_dataparser.py:216
           may diverge in the current implementation, giving unpredictable results.                                     
Loading latest checkpoint from load_dir
✅ Done loading checkpoint from 
outputs/ctrl_009_009_ratio3_sh0_dense_mid200/ratio3_sh0_dense/f1127/splatfacto/2026-08-20_204151/nerfstudio_models/step-
000001999.ckpt
0 Gaussians have NaN/Inf and 6 have low opacity, only export 646/652
           use color only optimization with sigmoid activation                                         splatfacto.py:266
           use color only optimization with sigmoid activation                                         splatfacto.py:266
Loading latest checkpoint from load_dir
✅ Done loading checkpoint from 
outputs/ctrl_009_009_ratio3_sh0_dense_mid200/ratio3_sh0_dense/f1125/splatfacto/2026-08-20_204150/nerfstudio_models/step-
000001999.ckpt
0 Gaussians have NaN/Inf and 1 have low opacity, only export 619/620
Loading latest checkpoint from load_dir
✅ Done loading checkpoint from 
outputs/ctrl_009_009_ratio3_sh0_dense_mid200/ratio3_sh0_dense/f1132/splatfacto/2026-08-20_204152/nerfstudio_models/step-
000001999.ckpt
[20:43:36]  Be careful with '--eval-mode=all'. If using camera optimization, the cameras    nerfstudio_dataparser.py:216
           may diverge in the current implementation, giving unpredictable results.                                     
            Be careful with '--eval-mode=all'. If using camera optimization, the cameras    nerfstudio_dataparser.py:216
           may diverge in the current implementation, giving unpredictable results.                                     
0 Gaussians have NaN/Inf and 1 have low opacity, only export 658/659
[20:43:36]  Be careful with '--eval-mode=all'. If using camera optimization, the cameras    nerfstudio_dataparser.py:216
           may diverge in the current implementation, giving unpredictable results.                                     
            Be careful with '--eval-mode=all'. If using camera optimization, the cameras    nerfstudio_dataparser.py:216
           may diverge in the current implementation, giving unpredictable results.                                     
[20:43:36]  Be careful with '--eval-mode=all'. If using camera optimization, the cameras    nerfstudio_dataparser.py:216
           may diverge in the current implementation, giving unpredictable results.                                     
            Be careful with '--eval-mode=all'. If using camera optimization, the cameras    nerfstudio_dataparser.py:216
           may diverge in the current implementation, giving unpredictable results.                                     
           use color only optimization with sigmoid activation                                         splatfacto.py:266
[20:43:36]  Be careful with '--eval-mode=all'. If using camera optimization, the cameras    nerfstudio_dataparser.py:216
           may diverge in the current implementation, giving unpredictable results.                                     
            Be careful with '--eval-mode=all'. If using camera optimization, the cameras    nerfstudio_dataparser.py:216
           may diverge in the current implementation, giving unpredictable results.                                     
           use color only optimization with sigmoid activation                                         splatfacto.py:266
           use color only optimization with sigmoid activation                                         splatfacto.py:266
           use color only optimization with sigmoid activation                                         splatfacto.py:266
[20:43:36]  Be careful with '--eval-mode=all'. If using camera optimization, the cameras    nerfstudio_dataparser.py:216
           may diverge in the current implementation, giving unpredictable results.                                     
            Be careful with '--eval-mode=all'. If using camera optimization, the cameras    nerfstudio_dataparser.py:216
           may diverge in the current implementation, giving unpredictable results.                                     
Loading latest checkpoint from load_dir
Loading latest checkpoint from load_dir
✅ Done loading checkpoint from 
outputs/ctrl_009_009_ratio3_sh0_dense_mid200/ratio3_sh0_dense/f1128/splatfacto/2026-08-20_204152/nerfstudio_models/step-
000001999.ckpt
0 Gaussians have NaN/Inf and 7 have low opacity, only export 607/614
✅ Done loading checkpoint from 
outputs/ctrl_009_009_ratio3_sh0_dense_mid200/ratio3_sh0_dense/f1131/splatfacto/2026-08-20_204152/nerfstudio_models/step-
000001999.ckpt
0 Gaussians have NaN/Inf and 10 have low opacity, only export 646/656
           use color only optimization with sigmoid activation                                         splatfacto.py:266
Loading latest checkpoint from load_dir
✅ Done loading checkpoint from 
outputs/ctrl_009_009_ratio3_sh0_dense_mid200/ratio3_sh0_dense/f1135/splatfacto/2026-08-20_204152/nerfstudio_models/step-
000001999.ckpt
[gpu1_w2] ratio3_sh0_dense__f1133 -> ok (106.8s)
0 Gaussians have NaN/Inf and 1 have low opacity, only export 626/627
Loading latest checkpoint from load_dir
✅ Done loading checkpoint from 
outputs/ctrl_009_009_ratio3_sh0_dense_mid200/ratio3_sh0_dense/f1130/splatfacto/2026-08-20_204152/nerfstudio_models/step-
000001999.ckpt
0 Gaussians have NaN/Inf and 4 have low opacity, only export 584/588
Loading latest checkpoint from load_dir
✅ Done loading checkpoint from 
outputs/ctrl_009_009_ratio3_sh0_dense_mid200/ratio3_sh0_dense/f1129/splatfacto/2026-08-20_204151/nerfstudio_models/step-
000001999.ckpt
0 Gaussians have NaN/Inf and 4 have low opacity, only export 627/631
[gpu1_w4] ratio3_sh0_dense__f1124 -> ok (109.7s)
Loading latest checkpoint from load_dir
✅ Done loading checkpoint from 
outputs/ctrl_009_009_ratio3_sh0_dense_mid200/ratio3_sh0_dense/f1126/splatfacto/2026-08-20_204151/nerfstudio_models/step-
000001999.ckpt
0 Gaussians have NaN/Inf and 4 have low opacity, only export 653/657
Loading latest checkpoint from load_dir
✅ Done loading checkpoint from 
outputs/ctrl_009_009_ratio3_sh0_dense_mid200/ratio3_sh0_dense/f1134/splatfacto/2026-08-20_204151/nerfstudio_models/step-
000001999.ckpt
[gpu1_w5] ratio3_sh0_dense__f1127 -> ok (107.8s)
0 Gaussians have NaN/Inf and 3 have low opacity, only export 595/598
[gpu0_w4] ratio3_sh0_dense__f1125 -> ok (110.2s)
[gpu1_w0] ratio3_sh0_dense__f1132 -> ok (107.9s)
[gpu0_w5] ratio3_sh0_dense__f1131 -> ok (108.6s)
[gpu1_w1] ratio3_sh0_dense__f1128 -> ok (108.7s)
[gpu0_w1] ratio3_sh0_dense__f1130 -> ok (109.0s)
[gpu0_w3] ratio3_sh0_dense__f1129 -> ok (109.1s)
[gpu1_w3] ratio3_sh0_dense__f1135 -> ok (108.3s)
[gpu0_w2] ratio3_sh0_dense__f1126 -> ok (110.3s)
[gpu0_w0] ratio3_sh0_dense__f1134 -> ok (109.3s)
[20:45:31]  Be careful with '--eval-mode=all'. If using camera optimization, the cameras    nerfstudio_dataparser.py:216
           may diverge in the current implementation, giving unpredictable results.                                     
            Be careful with '--eval-mode=all'. If using camera optimization, the cameras    nerfstudio_dataparser.py:216
           may diverge in the current implementation, giving unpredictable results.                                     
           use color only optimization with sigmoid activation                                         splatfacto.py:266
Loading latest checkpoint from load_dir
✅ Done loading checkpoint from 
outputs/ctrl_009_009_ratio3_sh0_dense_mid200/ratio3_sh0_dense/f1137/splatfacto/2026-08-20_204348/nerfstudio_models/step-
000001999.ckpt
0 Gaussians have NaN/Inf and 2 have low opacity, only export 648/650
[20:45:32]  Be careful with '--eval-mode=all'. If using camera optimization, the cameras    nerfstudio_dataparser.py:216
           may diverge in the current implementation, giving unpredictable results.                                     
            Be careful with '--eval-mode=all'. If using camera optimization, the cameras    nerfstudio_dataparser.py:216
           may diverge in the current implementation, giving unpredictable results.                                     
[20:45:33] use color only optimization with sigmoid activation                                         splatfacto.py:266
Loading latest checkpoint from load_dir
✅ Done loading checkpoint from 
outputs/ctrl_009_009_ratio3_sh0_dense_mid200/ratio3_sh0_dense/f1138/splatfacto/2026-08-20_204348/nerfstudio_models/step-
000001999.ckpt
0 Gaussians have NaN/Inf and 1 have low opacity, only export 605/606
[20:45:33]  Be careful with '--eval-mode=all'. If using camera optimization, the cameras    nerfstudio_dataparser.py:216
           may diverge in the current implementation, giving unpredictable results.                                     
            Be careful with '--eval-mode=all'. If using camera optimization, the cameras    nerfstudio_dataparser.py:216
           may diverge in the current implementation, giving unpredictable results.                                     
[20:45:33]  Be careful with '--eval-mode=all'. If using camera optimization, the cameras    nerfstudio_dataparser.py:216
           may diverge in the current implementation, giving unpredictable results.                                     
            Be careful with '--eval-mode=all'. If using camera optimization, the cameras    nerfstudio_dataparser.py:216
           may diverge in the current implementation, giving unpredictable results.                                     
[20:45:33]  Be careful with '--eval-mode=all'. If using camera optimization, the cameras    nerfstudio_dataparser.py:216
           may diverge in the current implementation, giving unpredictable results.                                     
           use color only optimization with sigmoid activation                                         splatfacto.py:266
            Be careful with '--eval-mode=all'. If using camera optimization, the cameras    nerfstudio_dataparser.py:216
           may diverge in the current implementation, giving unpredictable results.                                     
[20:45:33]  Be careful with '--eval-mode=all'. If using camera optimization, the cameras    nerfstudio_dataparser.py:216
           may diverge in the current implementation, giving unpredictable results.                                     
[20:45:34]  Be careful with '--eval-mode=all'. If using camera optimization, the cameras    nerfstudio_dataparser.py:216
           may diverge in the current implementation, giving unpredictable results.                                     
[20:45:34] use color only optimization with sigmoid activation                                         splatfacto.py:266
[gpu1_w4] ratio3_sh0_dense__f1137 -> ok (107.8s)
[20:45:34] use color only optimization with sigmoid activation                                         splatfacto.py:266
           use color only optimization with sigmoid activation                                         splatfacto.py:266
[20:45:34]  Be careful with '--eval-mode=all'. If using camera optimization, the cameras    nerfstudio_dataparser.py:216
           may diverge in the current implementation, giving unpredictable results.                                     
            Be careful with '--eval-mode=all'. If using camera optimization, the cameras    nerfstudio_dataparser.py:216
           may diverge in the current implementation, giving unpredictable results.                                     
[20:45:34]  Be careful with '--eval-mode=all'. If using camera optimization, the cameras    nerfstudio_dataparser.py:216
           may diverge in the current implementation, giving unpredictable results.                                     
            Be careful with '--eval-mode=all'. If using camera optimization, the cameras    nerfstudio_dataparser.py:216
           may diverge in the current implementation, giving unpredictable results.                                     
[20:45:34]  Be careful with '--eval-mode=all'. If using camera optimization, the cameras    nerfstudio_dataparser.py:216
           may diverge in the current implementation, giving unpredictable results.                                     
            Be careful with '--eval-mode=all'. If using camera optimization, the cameras    nerfstudio_dataparser.py:216
           may diverge in the current implementation, giving unpredictable results.                                     
           use color only optimization with sigmoid activation                                         splatfacto.py:266
[20:45:34]  Be careful with '--eval-mode=all'. If using camera optimization, the cameras    nerfstudio_dataparser.py:216
           may diverge in the current implementation, giving unpredictable results.                                     
Loading latest checkpoint from load_dir
            Be careful with '--eval-mode=all'. If using camera optimization, the cameras    nerfstudio_dataparser.py:216
           may diverge in the current implementation, giving unpredictable results.                                     
✅ Done loading checkpoint from 
outputs/ctrl_009_009_ratio3_sh0_dense_mid200/ratio3_sh0_dense/f1136/splatfacto/2026-08-20_204348/nerfstudio_models/step-
000001999.ckpt
           use color only optimization with sigmoid activation                                         splatfacto.py:266
           use color only optimization with sigmoid activation                                         splatfacto.py:266
           use color only optimization with sigmoid activation                                         splatfacto.py:266
Loading latest checkpoint from load_dir
✅ Done loading checkpoint from 
outputs/ctrl_009_009_ratio3_sh0_dense_mid200/ratio3_sh0_dense/f1142/splatfacto/2026-08-20_204349/nerfstudio_models/step-
000001999.ckpt
0 Gaussians have NaN/Inf and 3 have low opacity, only export 738/741
Loading latest checkpoint from load_dir
Loading latest checkpoint from load_dir
✅ Done loading checkpoint from 
outputs/ctrl_009_009_ratio3_sh0_dense_mid200/ratio3_sh0_dense/f1144/splatfacto/2026-08-20_204348/nerfstudio_models/step-
000001999.ckpt
✅ Done loading checkpoint from 
outputs/ctrl_009_009_ratio3_sh0_dense_mid200/ratio3_sh0_dense/f1140/splatfacto/2026-08-20_204349/nerfstudio_models/step-
000001999.ckpt
0 Gaussians have NaN/Inf and 4 have low opacity, only export 724/728
Loading latest checkpoint from load_dir
✅ Done loading checkpoint from 
outputs/ctrl_009_009_ratio3_sh0_dense_mid200/ratio3_sh0_dense/f1145/splatfacto/2026-08-20_204350/nerfstudio_models/step-
000001999.ckpt
0 Gaussians have NaN/Inf and 2 have low opacity, only export 724/726
Loading latest checkpoint from load_dir
[gpu1_w5] ratio3_sh0_dense__f1138 -> ok (108.8s)
✅ Done loading checkpoint from 
outputs/ctrl_009_009_ratio3_sh0_dense_mid200/ratio3_sh0_dense/f1139/splatfacto/2026-08-20_204349/nerfstudio_models/step-
000001999.ckpt
0 Gaussians have NaN/Inf and 2 have low opacity, only export 695/697
[20:45:35]  Be careful with '--eval-mode=all'. If using camera optimization, the cameras    nerfstudio_dataparser.py:216
           may diverge in the current implementation, giving unpredictable results.                                     
            Be careful with '--eval-mode=all'. If using camera optimization, the cameras    nerfstudio_dataparser.py:216
           may diverge in the current implementation, giving unpredictable results.                                     
Loading latest checkpoint from load_dir
Loading latest checkpoint from load_dir
✅ Done loading checkpoint from 
outputs/ctrl_009_009_ratio3_sh0_dense_mid200/ratio3_sh0_dense/f1147/splatfacto/2026-08-20_204349/nerfstudio_models/step-
000001999.ckpt
✅ Done loading checkpoint from 
outputs/ctrl_009_009_ratio3_sh0_dense_mid200/ratio3_sh0_dense/f1143/splatfacto/2026-08-20_204348/nerfstudio_models/step-
000001999.ckpt
0 Gaussians have NaN/Inf and 3 have low opacity, only export 719/722
           use color only optimization with sigmoid activation                                         splatfacto.py:266
[gpu1_w2] ratio3_sh0_dense__f1136 -> ok (110.6s)
Loading latest checkpoint from load_dir
✅ Done loading checkpoint from 
outputs/ctrl_009_009_ratio3_sh0_dense_mid200/ratio3_sh0_dense/f1141/splatfacto/2026-08-20_204349/nerfstudio_models/step-
000001999.ckpt
0 Gaussians have NaN/Inf and 2 have low opacity, only export 693/695
[gpu1_w1] ratio3_sh0_dense__f1142 -> ok (109.1s)
[gpu1_w0] ratio3_sh0_dense__f1140 -> ok (109.7s)
[gpu0_w3] ratio3_sh0_dense__f1144 -> ok (108.9s)
[20:45:37]  Be careful with '--eval-mode=all'. If using camera optimization, the cameras    nerfstudio_dataparser.py:216
           may diverge in the current implementation, giving unpredictable results.                                     
            Be careful with '--eval-mode=all'. If using camera optimization, the cameras    nerfstudio_dataparser.py:216
           may diverge in the current implementation, giving unpredictable results.                                     
           use color only optimization with sigmoid activation                                         splatfacto.py:266
[gpu1_w3] ratio3_sh0_dense__f1145 -> ok (109.2s)
[gpu0_w4] ratio3_sh0_dense__f1139 -> ok (110.4s)
[gpu0_w0] ratio3_sh0_dense__f1147 -> ok (108.8s)
[gpu0_w1] ratio3_sh0_dense__f1143 -> ok (109.6s)
Loading latest checkpoint from load_dir
✅ Done loading checkpoint from 
outputs/ctrl_009_009_ratio3_sh0_dense_mid200/ratio3_sh0_dense/f1146/splatfacto/2026-08-20_204350/nerfstudio_models/step-
000001999.ckpt
[gpu0_w5] ratio3_sh0_dense__f1141 -> ok (110.7s)
[gpu0_w2] ratio3_sh0_dense__f1146 -> ok (111.3s)
[20:47:25]  Be careful with '--eval-mode=all'. If using camera optimization, the cameras    nerfstudio_dataparser.py:216
           may diverge in the current implementation, giving unpredictable results.                                     
            Be careful with '--eval-mode=all'. If using camera optimization, the cameras    nerfstudio_dataparser.py:216
           may diverge in the current implementation, giving unpredictable results.                                     
           use color only optimization with sigmoid activation                                         splatfacto.py:266
[20:47:26]  Be careful with '--eval-mode=all'. If using camera optimization, the cameras    nerfstudio_dataparser.py:216
           may diverge in the current implementation, giving unpredictable results.                                     
            Be careful with '--eval-mode=all'. If using camera optimization, the cameras    nerfstudio_dataparser.py:216
           may diverge in the current implementation, giving unpredictable results.                                     
Loading latest checkpoint from load_dir
✅ Done loading checkpoint from 
outputs/ctrl_009_009_ratio3_sh0_dense_mid200/ratio3_sh0_dense/f1149/splatfacto/2026-08-20_204543/nerfstudio_models/step-
000001999.ckpt
[20:47:26]  Be careful with '--eval-mode=all'. If using camera optimization, the cameras    nerfstudio_dataparser.py:216
           may diverge in the current implementation, giving unpredictable results.                                     
0 Gaussians have NaN/Inf and 1 have low opacity, only export 687/688
            Be careful with '--eval-mode=all'. If using camera optimization, the cameras    nerfstudio_dataparser.py:216
           may diverge in the current implementation, giving unpredictable results.                                     
           use color only optimization with sigmoid activation                                         splatfacto.py:266
           use color only optimization with sigmoid activation                                         splatfacto.py:266
Loading latest checkpoint from load_dir
✅ Done loading checkpoint from 
outputs/ctrl_009_009_ratio3_sh0_dense_mid200/ratio3_sh0_dense/f1148/splatfacto/2026-08-20_204542/nerfstudio_models/step-
000001999.ckpt
0 Gaussians have NaN/Inf and 2 have low opacity, only export 689/691
Loading latest checkpoint from load_dir
✅ Done loading checkpoint from 
outputs/ctrl_009_009_ratio3_sh0_dense_mid200/ratio3_sh0_dense/f1153/splatfacto/2026-08-20_204544/nerfstudio_models/step-
000001999.ckpt
0 Gaussians have NaN/Inf and 3 have low opacity, only export 643/646
[20:47:27]  Be careful with '--eval-mode=all'. If using camera optimization, the cameras    nerfstudio_dataparser.py:216
           may diverge in the current implementation, giving unpredictable results.                                     
            Be careful with '--eval-mode=all'. If using camera optimization, the cameras    nerfstudio_dataparser.py:216
           may diverge in the current implementation, giving unpredictable results.                                     
           use color only optimization with sigmoid activation                                         splatfacto.py:266
[20:47:27]  Be careful with '--eval-mode=all'. If using camera optimization, the cameras    nerfstudio_dataparser.py:216
           may diverge in the current implementation, giving unpredictable results.                                     
            Be careful with '--eval-mode=all'. If using camera optimization, the cameras    nerfstudio_dataparser.py:216
           may diverge in the current implementation, giving unpredictable results.                                     
[20:47:28]  Be careful with '--eval-mode=all'. If using camera optimization, the cameras    nerfstudio_dataparser.py:216
           may diverge in the current implementation, giving unpredictable results.                                     
            Be careful with '--eval-mode=all'. If using camera optimization, the cameras    nerfstudio_dataparser.py:216
           may diverge in the current implementation, giving unpredictable results.                                     
[gpu1_w5] ratio3_sh0_dense__f1149 -> ok (105.6s)
[20:47:28] use color only optimization with sigmoid activation                                         splatfacto.py:266
           use color only optimization with sigmoid activation                                         splatfacto.py:266
[20:47:28]  Be careful with '--eval-mode=all'. If using camera optimization, the cameras    nerfstudio_dataparser.py:216
           may diverge in the current implementation, giving unpredictable results.                                     
            Be careful with '--eval-mode=all'. If using camera optimization, the cameras    nerfstudio_dataparser.py:216
           may diverge in the current implementation, giving unpredictable results.                                     
           use color only optimization with sigmoid activation                                         splatfacto.py:266
Loading latest checkpoint from load_dir
✅ Done loading checkpoint from 
outputs/ctrl_009_009_ratio3_sh0_dense_mid200/ratio3_sh0_dense/f1156/splatfacto/2026-08-20_204545/nerfstudio_models/step-
000001999.ckpt
0 Gaussians have NaN/Inf and 5 have low opacity, only export 692/697
[20:47:28]  Be careful with '--eval-mode=all'. If using camera optimization, the cameras    nerfstudio_dataparser.py:216
           may diverge in the current implementation, giving unpredictable results.                                     
            Be careful with '--eval-mode=all'. If using camera optimization, the cameras    nerfstudio_dataparser.py:216
           may diverge in the current implementation, giving unpredictable results.                                     
           use color only optimization with sigmoid activation                                         splatfacto.py:266
Loading latest checkpoint from load_dir
✅ Done loading checkpoint from 
outputs/ctrl_009_009_ratio3_sh0_dense_mid200/ratio3_sh0_dense/f1151/splatfacto/2026-08-20_204545/nerfstudio_models/step-
000001999.ckpt
Loading latest checkpoint from load_dir
✅ Done loading checkpoint from 
outputs/ctrl_009_009_ratio3_sh0_dense_mid200/ratio3_sh0_dense/f1158/splatfacto/2026-08-20_204545/nerfstudio_models/step-
000001999.ckpt
0 Gaussians have NaN/Inf and 2 have low opacity, only export 657/659
[gpu1_w4] ratio3_sh0_dense__f1148 -> ok (108.2s)
[gpu0_w3] ratio3_sh0_dense__f1153 -> ok (105.4s)
[20:47:29]  Be careful with '--eval-mode=all'. If using camera optimization, the cameras    nerfstudio_dataparser.py:216
           may diverge in the current implementation, giving unpredictable results.                                     
            Be careful with '--eval-mode=all'. If using camera optimization, the cameras    nerfstudio_dataparser.py:216
           may diverge in the current implementation, giving unpredictable results.                                     
           use color only optimization with sigmoid activation                                         splatfacto.py:266
Loading latest checkpoint from load_dir
✅ Done loading checkpoint from 
outputs/ctrl_009_009_ratio3_sh0_dense_mid200/ratio3_sh0_dense/f1150/splatfacto/2026-08-20_204544/nerfstudio_models/step-
000001999.ckpt
0 Gaussians have NaN/Inf and 2 have low opacity, only export 686/688
Loading latest checkpoint from load_dir
✅ Done loading checkpoint from 
outputs/ctrl_009_009_ratio3_sh0_dense_mid200/ratio3_sh0_dense/f1152/splatfacto/2026-08-20_204545/nerfstudio_models/step-
000001999.ckpt
0 Gaussians have NaN/Inf and 4 have low opacity, only export 731/735
[20:47:29]  Be careful with '--eval-mode=all'. If using camera optimization, the cameras    nerfstudio_dataparser.py:216
           may diverge in the current implementation, giving unpredictable results.                                     
            Be careful with '--eval-mode=all'. If using camera optimization, the cameras    nerfstudio_dataparser.py:216
           may diverge in the current implementation, giving unpredictable results.                                     
[20:47:30]  Be careful with '--eval-mode=all'. If using camera optimization, the cameras    nerfstudio_dataparser.py:216
           may diverge in the current implementation, giving unpredictable results.                                     
            Be careful with '--eval-mode=all'. If using camera optimization, the cameras    nerfstudio_dataparser.py:216
           may diverge in the current implementation, giving unpredictable results.                                     
[20:47:30] use color only optimization with sigmoid activation                                         splatfacto.py:266
[20:47:30]  Be careful with '--eval-mode=all'. If using camera optimization, the cameras    nerfstudio_dataparser.py:216
           may diverge in the current implementation, giving unpredictable results.                                     
            Be careful with '--eval-mode=all'. If using camera optimization, the cameras    nerfstudio_dataparser.py:216
           may diverge in the current implementation, giving unpredictable results.                                     
           use color only optimization with sigmoid activation                                         splatfacto.py:266
Loading latest checkpoint from load_dir
✅ Done loading checkpoint from 
outputs/ctrl_009_009_ratio3_sh0_dense_mid200/ratio3_sh0_dense/f1154/splatfacto/2026-08-20_204545/nerfstudio_models/step-
000001999.ckpt
           use color only optimization with sigmoid activation                                         splatfacto.py:266
0 Gaussians have NaN/Inf and 5 have low opacity, only export 670/675
[gpu0_w0] ratio3_sh0_dense__f1156 -> ok (106.1s)
[gpu1_w1] ratio3_sh0_dense__f1151 -> ok (107.0s)
[gpu0_w5] ratio3_sh0_dense__f1158 -> ok (105.6s)
Loading latest checkpoint from load_dir
✅ Done loading checkpoint from 
outputs/ctrl_009_009_ratio3_sh0_dense_mid200/ratio3_sh0_dense/f1157/splatfacto/2026-08-20_204545/nerfstudio_models/step-
000001999.ckpt
0 Gaussians have NaN/Inf and 4 have low opacity, only export 713/717
Loading latest checkpoint from load_dir
✅ Done loading checkpoint from 
outputs/ctrl_009_009_ratio3_sh0_dense_mid200/ratio3_sh0_dense/f1155/splatfacto/2026-08-20_204545/nerfstudio_models/step-
000001999.ckpt
0 Gaussians have NaN/Inf and 5 have low opacity, only export 646/651
Loading latest checkpoint from load_dir
✅ Done loading checkpoint from 
outputs/ctrl_009_009_ratio3_sh0_dense_mid200/ratio3_sh0_dense/f1159/splatfacto/2026-08-20_204546/nerfstudio_models/step-
000001999.ckpt
0 Gaussians have NaN/Inf and 4 have low opacity, only export 592/596
[gpu1_w2] ratio3_sh0_dense__f1150 -> ok (108.0s)
[gpu1_w0] ratio3_sh0_dense__f1152 -> ok (107.9s)
[gpu1_w3] ratio3_sh0_dense__f1154 -> ok (108.1s)
[gpu0_w1] ratio3_sh0_dense__f1157 -> ok (108.4s)
[gpu0_w2] ratio3_sh0_dense__f1159 -> ok (106.4s)
[gpu0_w4] ratio3_sh0_dense__f1155 -> ok (108.7s)
[20:49:21]  Be careful with '--eval-mode=all'. If using camera optimization, the cameras    nerfstudio_dataparser.py:216
           may diverge in the current implementation, giving unpredictable results.                                     
            Be careful with '--eval-mode=all'. If using camera optimization, the cameras    nerfstudio_dataparser.py:216
           may diverge in the current implementation, giving unpredictable results.                                     
           use color only optimization with sigmoid activation                                         splatfacto.py:266
[20:49:22]  Be careful with '--eval-mode=all'. If using camera optimization, the cameras    nerfstudio_dataparser.py:216
           may diverge in the current implementation, giving unpredictable results.                                     
            Be careful with '--eval-mode=all'. If using camera optimization, the cameras    nerfstudio_dataparser.py:216
           may diverge in the current implementation, giving unpredictable results.                                     
[20:49:22]  Be careful with '--eval-mode=all'. If using camera optimization, the cameras    nerfstudio_dataparser.py:216
           may diverge in the current implementation, giving unpredictable results.                                     
            Be careful with '--eval-mode=all'. If using camera optimization, the cameras    nerfstudio_dataparser.py:216
           may diverge in the current implementation, giving unpredictable results.                                     
[20:49:22]  Be careful with '--eval-mode=all'. If using camera optimization, the cameras    nerfstudio_dataparser.py:216
           may diverge in the current implementation, giving unpredictable results.                                     
            Be careful with '--eval-mode=all'. If using camera optimization, the cameras    nerfstudio_dataparser.py:216
           may diverge in the current implementation, giving unpredictable results.                                     
Loading latest checkpoint from load_dir
✅ Done loading checkpoint from 
outputs/ctrl_009_009_ratio3_sh0_dense_mid200/ratio3_sh0_dense/f1160/splatfacto/2026-08-20_204737/nerfstudio_models/step-
000001999.ckpt
0 Gaussians have NaN/Inf and 1 have low opacity, only export 645/646
           use color only optimization with sigmoid activation                                         splatfacto.py:266
           use color only optimization with sigmoid activation                                         splatfacto.py:266
           use color only optimization with sigmoid activation                                         splatfacto.py:266
[20:49:22]  Be careful with '--eval-mode=all'. If using camera optimization, the cameras    nerfstudio_dataparser.py:216
           may diverge in the current implementation, giving unpredictable results.                                     
            Be careful with '--eval-mode=all'. If using camera optimization, the cameras    nerfstudio_dataparser.py:216
           may diverge in the current implementation, giving unpredictable results.                                     
[20:49:25]  Be careful with '--eval-mode=all'. If using camera optimization, the cameras    nerfstudio_dataparser.py:216
           may diverge in the current implementation, giving unpredictable results.                                     
            Be careful with '--eval-mode=all'. If using camera optimization, the cameras    nerfstudio_dataparser.py:216
           may diverge in the current implementation, giving unpredictable results.                                     
[20:49:25] use color only optimization with sigmoid activation                                         splatfacto.py:266
           use color only optimization with sigmoid activation                                         splatfacto.py:266
[20:49:25]  Be careful with '--eval-mode=all'. If using camera optimization, the cameras    nerfstudio_dataparser.py:216
           may diverge in the current implementation, giving unpredictable results.                                     
            Be careful with '--eval-mode=all'. If using camera optimization, the cameras    nerfstudio_dataparser.py:216
           may diverge in the current implementation, giving unpredictable results.                                     
[20:49:25]  Be careful with '--eval-mode=all'. If using camera optimization, the cameras    nerfstudio_dataparser.py:216
           may diverge in the current implementation, giving unpredictable results.                                     
            Be careful with '--eval-mode=all'. If using camera optimization, the cameras    nerfstudio_dataparser.py:216
           may diverge in the current implementation, giving unpredictable results.                                     
           use color only optimization with sigmoid activation                                         splatfacto.py:266
[20:49:25]  Be careful with '--eval-mode=all'. If using camera optimization, the cameras    nerfstudio_dataparser.py:216
           may diverge in the current implementation, giving unpredictable results.                                     
            Be careful with '--eval-mode=all'. If using camera optimization, the cameras    nerfstudio_dataparser.py:216
           may diverge in the current implementation, giving unpredictable results.                                     
Loading latest checkpoint from load_dir
✅ Done loading checkpoint from 
outputs/ctrl_009_009_ratio3_sh0_dense_mid200/ratio3_sh0_dense/f1163/splatfacto/2026-08-20_204741/nerfstudio_models/step-
000001999.ckpt
0 Gaussians have NaN/Inf and 2 have low opacity, only export 676/678
Loading latest checkpoint from load_dir
Loading latest checkpoint from load_dir
✅ Done loading checkpoint from 
outputs/ctrl_009_009_ratio3_sh0_dense_mid200/ratio3_sh0_dense/f1162/splatfacto/2026-08-20_204738/nerfstudio_models/step-
000001999.ckpt
✅ Done loading checkpoint from 
outputs/ctrl_009_009_ratio3_sh0_dense_mid200/ratio3_sh0_dense/f1164/splatfacto/2026-08-20_204738/nerfstudio_models/step-
000001999.ckpt
0 Gaussians have NaN/Inf and 2 have low opacity, only export 748/750
[20:49:26] use color only optimization with sigmoid activation                                         splatfacto.py:266
[20:49:26] use color only optimization with sigmoid activation                                         splatfacto.py:266
Loading latest checkpoint from load_dir
✅ Done loading checkpoint from 
outputs/ctrl_009_009_ratio3_sh0_dense_mid200/ratio3_sh0_dense/f1165/splatfacto/2026-08-20_204738/nerfstudio_models/step-
000001999.ckpt
0 Gaussians have NaN/Inf and 4 have low opacity, only export 741/745
Loading latest checkpoint from load_dir
✅ Done loading checkpoint from 
outputs/ctrl_009_009_ratio3_sh0_dense_mid200/ratio3_sh0_dense/f1170/splatfacto/2026-08-20_204743/nerfstudio_models/step-
000001999.ckpt
Loading latest checkpoint from load_dir
✅ Done loading checkpoint from 
outputs/ctrl_009_009_ratio3_sh0_dense_mid200/ratio3_sh0_dense/f1161/splatfacto/2026-08-20_204738/nerfstudio_models/step-
000001999.ckpt
0 Gaussians have NaN/Inf and 2 have low opacity, only export 653/655
Loading latest checkpoint from load_dir
✅ Done loading checkpoint from 
outputs/ctrl_009_009_ratio3_sh0_dense_mid200/ratio3_sh0_dense/f1167/splatfacto/2026-08-20_204742/nerfstudio_models/step-
000001999.ckpt
[20:49:27]  Be careful with '--eval-mode=all'. If using camera optimization, the cameras    nerfstudio_dataparser.py:216
           may diverge in the current implementation, giving unpredictable results.                                     
0 Gaussians have NaN/Inf and 3 have low opacity, only export 739/742
            Be careful with '--eval-mode=all'. If using camera optimization, the cameras    nerfstudio_dataparser.py:216
           may diverge in the current implementation, giving unpredictable results.                                     
Loading latest checkpoint from load_dir
[gpu1_w5] ratio3_sh0_dense__f1160 -> ok (110.1s)
✅ Done loading checkpoint from 
outputs/ctrl_009_009_ratio3_sh0_dense_mid200/ratio3_sh0_dense/f1171/splatfacto/2026-08-20_204743/nerfstudio_models/step-
000001999.ckpt
0 Gaussians have NaN/Inf and 2 have low opacity, only export 762/764
[20:49:27]  Be careful with '--eval-mode=all'. If using camera optimization, the cameras    nerfstudio_dataparser.py:216
           may diverge in the current implementation, giving unpredictable results.                                     
            Be careful with '--eval-mode=all'. If using camera optimization, the cameras    nerfstudio_dataparser.py:216
           may diverge in the current implementation, giving unpredictable results.                                     
           use color only optimization with sigmoid activation                                         splatfacto.py:266
           use color only optimization with sigmoid activation                                         splatfacto.py:266
Loading latest checkpoint from load_dir
✅ Done loading checkpoint from 
outputs/ctrl_009_009_ratio3_sh0_dense_mid200/ratio3_sh0_dense/f1169/splatfacto/2026-08-20_204743/nerfstudio_models/step-
000001999.ckpt
0 Gaussians have NaN/Inf and 1 have low opacity, only export 688/689
[20:49:28]  Be careful with '--eval-mode=all'. If using camera optimization, the cameras    nerfstudio_dataparser.py:216
           may diverge in the current implementation, giving unpredictable results.                                     
            Be careful with '--eval-mode=all'. If using camera optimization, the cameras    nerfstudio_dataparser.py:216
           may diverge in the current implementation, giving unpredictable results.                                     
[gpu1_w1] ratio3_sh0_dense__f1164 -> ok (108.6s)
[gpu0_w0] ratio3_sh0_dense__f1163 -> ok (108.8s)
Loading latest checkpoint from load_dir
✅ Done loading checkpoint from 
outputs/ctrl_009_009_ratio3_sh0_dense_mid200/ratio3_sh0_dense/f1166/splatfacto/2026-08-20_204742/nerfstudio_models/step-
000001999.ckpt
0 Gaussians have NaN/Inf and 3 have low opacity, only export 768/771
           use color only optimization with sigmoid activation                                         splatfacto.py:266
[gpu0_w3] ratio3_sh0_dense__f1162 -> ok (110.2s)
[gpu0_w2] ratio3_sh0_dense__f1170 -> ok (106.8s)
[gpu0_w5] ratio3_sh0_dense__f1165 -> ok (108.9s)
[gpu1_w4] ratio3_sh0_dense__f1161 -> ok (111.0s)
[gpu1_w0] ratio3_sh0_dense__f1167 -> ok (108.7s)
Loading latest checkpoint from load_dir
✅ Done loading checkpoint from 
outputs/ctrl_009_009_ratio3_sh0_dense_mid200/ratio3_sh0_dense/f1168/splatfacto/2026-08-20_204742/nerfstudio_models/step-
000001999.ckpt
0 Gaussians have NaN/Inf and 2 have low opacity, only export 763/765
[gpu0_w4] ratio3_sh0_dense__f1171 -> ok (107.4s)
[gpu0_w1] ratio3_sh0_dense__f1169 -> ok (108.0s)
[gpu1_w2] ratio3_sh0_dense__f1166 -> ok (109.8s)
[gpu1_w3] ratio3_sh0_dense__f1168 -> ok (109.6s)
[20:51:20]  Be careful with '--eval-mode=all'. If using camera optimization, the cameras    nerfstudio_dataparser.py:216
           may diverge in the current implementation, giving unpredictable results.                                     
            Be careful with '--eval-mode=all'. If using camera optimization, the cameras    nerfstudio_dataparser.py:216
           may diverge in the current implementation, giving unpredictable results.                                     
[20:51:20]  Be careful with '--eval-mode=all'. If using camera optimization, the cameras    nerfstudio_dataparser.py:216
           may diverge in the current implementation, giving unpredictable results.                                     
            Be careful with '--eval-mode=all'. If using camera optimization, the cameras    nerfstudio_dataparser.py:216
           may diverge in the current implementation, giving unpredictable results.                                     
[20:51:20]  Be careful with '--eval-mode=all'. If using camera optimization, the cameras    nerfstudio_dataparser.py:216
           may diverge in the current implementation, giving unpredictable results.                                     
            Be careful with '--eval-mode=all'. If using camera optimization, the cameras    nerfstudio_dataparser.py:216
           may diverge in the current implementation, giving unpredictable results.                                     
           use color only optimization with sigmoid activation                                         splatfacto.py:266
[20:51:21] use color only optimization with sigmoid activation                                         splatfacto.py:266
[20:51:21] use color only optimization with sigmoid activation                                         splatfacto.py:266
[20:51:21]  Be careful with '--eval-mode=all'. If using camera optimization, the cameras    nerfstudio_dataparser.py:216
           may diverge in the current implementation, giving unpredictable results.                                     
[20:51:21]  Be careful with '--eval-mode=all'. If using camera optimization, the cameras    nerfstudio_dataparser.py:216
           may diverge in the current implementation, giving unpredictable results.                                     
            Be careful with '--eval-mode=all'. If using camera optimization, the cameras    nerfstudio_dataparser.py:216
           may diverge in the current implementation, giving unpredictable results.                                     
            Be careful with '--eval-mode=all'. If using camera optimization, the cameras    nerfstudio_dataparser.py:216
           may diverge in the current implementation, giving unpredictable results.                                     
Loading latest checkpoint from load_dir
✅ Done loading checkpoint from 
outputs/ctrl_009_009_ratio3_sh0_dense_mid200/ratio3_sh0_dense/f1174/splatfacto/2026-08-20_204936/nerfstudio_models/step-
000001999.ckpt
0 Gaussians have NaN/Inf and 2 have low opacity, only export 668/670
           use color only optimization with sigmoid activation                                         splatfacto.py:266
           use color only optimization with sigmoid activation                                         splatfacto.py:266
Loading latest checkpoint from load_dir
[20:51:22]  Be careful with '--eval-mode=all'. If using camera optimization, the cameras    nerfstudio_dataparser.py:216
           may diverge in the current implementation, giving unpredictable results.                                     
Loading latest checkpoint from load_dir
            Be careful with '--eval-mode=all'. If using camera optimization, the cameras    nerfstudio_dataparser.py:216
           may diverge in the current implementation, giving unpredictable results.                                     
✅ Done loading checkpoint from 
outputs/ctrl_009_009_ratio3_sh0_dense_mid200/ratio3_sh0_dense/f1176/splatfacto/2026-08-20_204936/nerfstudio_models/step-
000001999.ckpt
✅ Done loading checkpoint from 
outputs/ctrl_009_009_ratio3_sh0_dense_mid200/ratio3_sh0_dense/f1178/splatfacto/2026-08-20_204936/nerfstudio_models/step-
000001999.ckpt
0 Gaussians have NaN/Inf and 1 have low opacity, only export 765/766
[20:51:22]  Be careful with '--eval-mode=all'. If using camera optimization, the cameras    nerfstudio_dataparser.py:216
           may diverge in the current implementation, giving unpredictable results.                                     
            Be careful with '--eval-mode=all'. If using camera optimization, the cameras    nerfstudio_dataparser.py:216
           may diverge in the current implementation, giving unpredictable results.                                     
           use color only optimization with sigmoid activation                                         splatfacto.py:266
           use color only optimization with sigmoid activation                                         splatfacto.py:266
[20:51:22]  Be careful with '--eval-mode=all'. If using camera optimization, the cameras    nerfstudio_dataparser.py:216
           may diverge in the current implementation, giving unpredictable results.                                     
            Be careful with '--eval-mode=all'. If using camera optimization, the cameras    nerfstudio_dataparser.py:216
           may diverge in the current implementation, giving unpredictable results.                                     
Loading latest checkpoint from load_dir
✅ Done loading checkpoint from 
outputs/ctrl_009_009_ratio3_sh0_dense_mid200/ratio3_sh0_dense/f1172/splatfacto/2026-08-20_204936/nerfstudio_models/step-
000001999.ckpt
[20:51:22]  Be careful with '--eval-mode=all'. If using camera optimization, the cameras    nerfstudio_dataparser.py:216
           may diverge in the current implementation, giving unpredictable results.                                     
           use color only optimization with sigmoid activation                                         splatfacto.py:266
            Be careful with '--eval-mode=all'. If using camera optimization, the cameras    nerfstudio_dataparser.py:216
           may diverge in the current implementation, giving unpredictable results.                                     
Loading latest checkpoint from load_dir
✅ Done loading checkpoint from 
outputs/ctrl_009_009_ratio3_sh0_dense_mid200/ratio3_sh0_dense/f1175/splatfacto/2026-08-20_204936/nerfstudio_models/step-
000001999.ckpt
           use color only optimization with sigmoid activation                                         splatfacto.py:266
Loading latest checkpoint from load_dir
✅ Done loading checkpoint from 
outputs/ctrl_009_009_ratio3_sh0_dense_mid200/ratio3_sh0_dense/f1180/splatfacto/2026-08-20_204936/nerfstudio_models/step-
000001999.ckpt
0 Gaussians have NaN/Inf and 1 have low opacity, only export 775/776
Loading latest checkpoint from load_dir
✅ Done loading checkpoint from 
outputs/ctrl_009_009_ratio3_sh0_dense_mid200/ratio3_sh0_dense/f1173/splatfacto/2026-08-20_204936/nerfstudio_models/step-
000001999.ckpt
0 Gaussians have NaN/Inf and 1 have low opacity, only export 702/703
[20:51:23]  Be careful with '--eval-mode=all'. If using camera optimization, the cameras    nerfstudio_dataparser.py:216
           may diverge in the current implementation, giving unpredictable results.                                     
            Be careful with '--eval-mode=all'. If using camera optimization, the cameras    nerfstudio_dataparser.py:216
           may diverge in the current implementation, giving unpredictable results.                                     
[20:51:23]  Be careful with '--eval-mode=all'. If using camera optimization, the cameras    nerfstudio_dataparser.py:216
           may diverge in the current implementation, giving unpredictable results.                                     
            Be careful with '--eval-mode=all'. If using camera optimization, the cameras    nerfstudio_dataparser.py:216
           may diverge in the current implementation, giving unpredictable results.                                     
Loading latest checkpoint from load_dir
           use color only optimization with sigmoid activation                                         splatfacto.py:266
✅ Done loading checkpoint from 
outputs/ctrl_009_009_ratio3_sh0_dense_mid200/ratio3_sh0_dense/f1181/splatfacto/2026-08-20_204936/nerfstudio_models/step-
000001999.ckpt
0 Gaussians have NaN/Inf and 1 have low opacity, only export 681/682
           use color only optimization with sigmoid activation                                         splatfacto.py:266
[gpu0_w0] ratio3_sh0_dense__f1174 -> ok (108.9s)
Loading latest checkpoint from load_dir
✅ Done loading checkpoint from 
outputs/ctrl_009_009_ratio3_sh0_dense_mid200/ratio3_sh0_dense/f1177/splatfacto/2026-08-20_204937/nerfstudio_models/step-
000001999.ckpt
0 Gaussians have NaN/Inf and 2 have low opacity, only export 791/793
[gpu1_w4] ratio3_sh0_dense__f1178 -> ok (108.2s)
[gpu0_w2] ratio3_sh0_dense__f1176 -> ok (108.7s)
Loading latest checkpoint from load_dir
✅ Done loading checkpoint from 
outputs/ctrl_009_009_ratio3_sh0_dense_mid200/ratio3_sh0_dense/f1179/splatfacto/2026-08-20_204936/nerfstudio_models/step-
000001999.ckpt
Loading latest checkpoint from load_dir
0 Gaussians have NaN/Inf and 1 have low opacity, only export 699/700
[20:51:24]  Be careful with '--eval-mode=all'. If using camera optimization, the cameras    nerfstudio_dataparser.py:216
           may diverge in the current implementation, giving unpredictable results.                                     
            Be careful with '--eval-mode=all'. If using camera optimization, the cameras    nerfstudio_dataparser.py:216
           may diverge in the current implementation, giving unpredictable results.                                     
✅ Done loading checkpoint from 
outputs/ctrl_009_009_ratio3_sh0_dense_mid200/ratio3_sh0_dense/f1182/splatfacto/2026-08-20_204938/nerfstudio_models/step-
000001999.ckpt
0 Gaussians have NaN/Inf and 4 have low opacity, only export 705/709
[gpu1_w5] ratio3_sh0_dense__f1172 -> ok (110.9s)
[gpu0_w3] ratio3_sh0_dense__f1175 -> ok (109.7s)
           use color only optimization with sigmoid activation                                         splatfacto.py:266
[gpu0_w4] ratio3_sh0_dense__f1180 -> ok (108.9s)
[gpu1_w1] ratio3_sh0_dense__f1173 -> ok (110.0s)
Loading latest checkpoint from load_dir
✅ Done loading checkpoint from 
outputs/ctrl_009_009_ratio3_sh0_dense_mid200/ratio3_sh0_dense/f1183/splatfacto/2026-08-20_204939/nerfstudio_models/step-
000001999.ckpt
0 Gaussians have NaN/Inf and 2 have low opacity, only export 794/796
[gpu0_w1] ratio3_sh0_dense__f1181 -> ok (109.0s)
[gpu0_w5] ratio3_sh0_dense__f1177 -> ok (110.2s)
[gpu1_w2] ratio3_sh0_dense__f1182 -> ok (109.5s)
[gpu1_w0] ratio3_sh0_dense__f1179 -> ok (110.6s)
[gpu1_w3] ratio3_sh0_dense__f1183 -> ok (109.6s)
[20:53:14]  Be careful with '--eval-mode=all'. If using camera optimization, the cameras    nerfstudio_dataparser.py:216
           may diverge in the current implementation, giving unpredictable results.                                     
            Be careful with '--eval-mode=all'. If using camera optimization, the cameras    nerfstudio_dataparser.py:216
           may diverge in the current implementation, giving unpredictable results.                                     
[20:53:15] use color only optimization with sigmoid activation                                         splatfacto.py:266
Loading latest checkpoint from load_dir
✅ Done loading checkpoint from 
outputs/ctrl_009_009_ratio3_sh0_dense_mid200/ratio3_sh0_dense/f1189/splatfacto/2026-08-20_205132/nerfstudio_models/step-
000001999.ckpt
0 Gaussians have NaN/Inf and 2 have low opacity, only export 719/721
[20:53:16]  Be careful with '--eval-mode=all'. If using camera optimization, the cameras    nerfstudio_dataparser.py:216
           may diverge in the current implementation, giving unpredictable results.                                     
            Be careful with '--eval-mode=all'. If using camera optimization, the cameras    nerfstudio_dataparser.py:216
           may diverge in the current implementation, giving unpredictable results.                                     
[20:53:16]  Be careful with '--eval-mode=all'. If using camera optimization, the cameras    nerfstudio_dataparser.py:216
           may diverge in the current implementation, giving unpredictable results.                                     
            Be careful with '--eval-mode=all'. If using camera optimization, the cameras    nerfstudio_dataparser.py:216
           may diverge in the current implementation, giving unpredictable results.                                     
           use color only optimization with sigmoid activation                                         splatfacto.py:266
[20:53:16]  Be careful with '--eval-mode=all'. If using camera optimization, the cameras    nerfstudio_dataparser.py:216
           may diverge in the current implementation, giving unpredictable results.                                     
            Be careful with '--eval-mode=all'. If using camera optimization, the cameras    nerfstudio_dataparser.py:216
           may diverge in the current implementation, giving unpredictable results.                                     
[20:53:16]  Be careful with '--eval-mode=all'. If using camera optimization, the cameras    nerfstudio_dataparser.py:216
           may diverge in the current implementation, giving unpredictable results.                                     
            Be careful with '--eval-mode=all'. If using camera optimization, the cameras    nerfstudio_dataparser.py:216
           may diverge in the current implementation, giving unpredictable results.                                     
           use color only optimization with sigmoid activation                                         splatfacto.py:266
[20:53:16]  Be careful with '--eval-mode=all'. If using camera optimization, the cameras    nerfstudio_dataparser.py:216
           may diverge in the current implementation, giving unpredictable results.                                     
            Be careful with '--eval-mode=all'. If using camera optimization, the cameras    nerfstudio_dataparser.py:216
           may diverge in the current implementation, giving unpredictable results.                                     
[20:53:16]  Be careful with '--eval-mode=all'. If using camera optimization, the cameras    nerfstudio_dataparser.py:216
           may diverge in the current implementation, giving unpredictable results.                                     
            Be careful with '--eval-mode=all'. If using camera optimization, the cameras    nerfstudio_dataparser.py:216
           may diverge in the current implementation, giving unpredictable results.                                     
           use color only optimization with sigmoid activation                                         splatfacto.py:266
           use color only optimization with sigmoid activation                                         splatfacto.py:266
           use color only optimization with sigmoid activation                                         splatfacto.py:266
[20:53:17] use color only optimization with sigmoid activation                                         splatfacto.py:266
Loading latest checkpoint from load_dir
✅ Done loading checkpoint from 
outputs/ctrl_009_009_ratio3_sh0_dense_mid200/ratio3_sh0_dense/f1188/splatfacto/2026-08-20_205132/nerfstudio_models/step-
000001999.ckpt
0 Gaussians have NaN/Inf and 1 have low opacity, only export 718/719
Loading latest checkpoint from load_dir
✅ Done loading checkpoint from 
outputs/ctrl_009_009_ratio3_sh0_dense_mid200/ratio3_sh0_dense/f1192/splatfacto/2026-08-20_205133/nerfstudio_models/step-
000001999.ckpt
0 Gaussians have NaN/Inf and 2 have low opacity, only export 769/771
Loading latest checkpoint from load_dir
✅ Done loading checkpoint from 
outputs/ctrl_009_009_ratio3_sh0_dense_mid200/ratio3_sh0_dense/f1184/splatfacto/2026-08-20_205132/nerfstudio_models/step-
000001999.ckpt
[20:53:17]  Be careful with '--eval-mode=all'. If using camera optimization, the cameras    nerfstudio_dataparser.py:216
           may diverge in the current implementation, giving unpredictable results.                                     
            Be careful with '--eval-mode=all'. If using camera optimization, the cameras    nerfstudio_dataparser.py:216
           may diverge in the current implementation, giving unpredictable results.                                     
Loading latest checkpoint from load_dir
✅ Done loading checkpoint from 
outputs/ctrl_009_009_ratio3_sh0_dense_mid200/ratio3_sh0_dense/f1186/splatfacto/2026-08-20_205133/nerfstudio_models/step-
000001999.ckpt
0 Gaussians have NaN/Inf and 1 have low opacity, only export 759/760
Loading latest checkpoint from load_dir
✅ Done loading checkpoint from 
outputs/ctrl_009_009_ratio3_sh0_dense_mid200/ratio3_sh0_dense/f1191/splatfacto/2026-08-20_205133/nerfstudio_models/step-
000001999.ckpt
0 Gaussians have NaN/Inf and 1 have low opacity, only export 688/689
Loading latest checkpoint from load_dir
           use color only optimization with sigmoid activation                                         splatfacto.py:266
[gpu0_w4] ratio3_sh0_dense__f1189 -> ok (106.3s)
✅ Done loading checkpoint from 
outputs/ctrl_009_009_ratio3_sh0_dense_mid200/ratio3_sh0_dense/f1185/splatfacto/2026-08-20_205132/nerfstudio_models/step-
000001999.ckpt
0 Gaussians have NaN/Inf and 4 have low opacity, only export 785/789
[20:53:18]  Be careful with '--eval-mode=all'. If using camera optimization, the cameras    nerfstudio_dataparser.py:216
           may diverge in the current implementation, giving unpredictable results.                                     
            Be careful with '--eval-mode=all'. If using camera optimization, the cameras    nerfstudio_dataparser.py:216
           may diverge in the current implementation, giving unpredictable results.                                     
           use color only optimization with sigmoid activation                                         splatfacto.py:266
[20:53:18]  Be careful with '--eval-mode=all'. If using camera optimization, the cameras    nerfstudio_dataparser.py:216
           may diverge in the current implementation, giving unpredictable results.                                     
            Be careful with '--eval-mode=all'. If using camera optimization, the cameras    nerfstudio_dataparser.py:216
           may diverge in the current implementation, giving unpredictable results.                                     
Loading latest checkpoint from load_dir
✅ Done loading checkpoint from 
outputs/ctrl_009_009_ratio3_sh0_dense_mid200/ratio3_sh0_dense/f1190/splatfacto/2026-08-20_205133/nerfstudio_models/step-
000001999.ckpt
           use color only optimization with sigmoid activation                                         splatfacto.py:266
Loading latest checkpoint from load_dir
✅ Done loading checkpoint from 
outputs/ctrl_009_009_ratio3_sh0_dense_mid200/ratio3_sh0_dense/f1187/splatfacto/2026-08-20_205133/nerfstudio_models/step-
000001999.ckpt
0 Gaussians have NaN/Inf and 4 have low opacity, only export 784/788
[gpu0_w3] ratio3_sh0_dense__f1188 -> ok (107.8s)
[20:53:19]  Be careful with '--eval-mode=all'. If using camera optimization, the cameras    nerfstudio_dataparser.py:216
           may diverge in the current implementation, giving unpredictable results.                                     
            Be careful with '--eval-mode=all'. If using camera optimization, the cameras    nerfstudio_dataparser.py:216
           may diverge in the current implementation, giving unpredictable results.                                     
           use color only optimization with sigmoid activation                                         splatfacto.py:266
Loading latest checkpoint from load_dir
[gpu0_w5] ratio3_sh0_dense__f1192 -> ok (107.2s)
✅ Done loading checkpoint from 
outputs/ctrl_009_009_ratio3_sh0_dense_mid200/ratio3_sh0_dense/f1193/splatfacto/2026-08-20_205134/nerfstudio_models/step-
000001999.ckpt
[gpu0_w0] ratio3_sh0_dense__f1184 -> ok (109.1s)
[gpu0_w1] ratio3_sh0_dense__f1191 -> ok (107.4s)
[gpu0_w2] ratio3_sh0_dense__f1186 -> ok (108.9s)
[gpu1_w4] ratio3_sh0_dense__f1185 -> ok (109.1s)
[20:53:20]  Be careful with '--eval-mode=all'. If using camera optimization, the cameras    nerfstudio_dataparser.py:216
           may diverge in the current implementation, giving unpredictable results.                                     
            Be careful with '--eval-mode=all'. If using camera optimization, the cameras    nerfstudio_dataparser.py:216
           may diverge in the current implementation, giving unpredictable results.                                     
           use color only optimization with sigmoid activation                                         splatfacto.py:266
[gpu1_w1] ratio3_sh0_dense__f1190 -> ok (108.7s)
Loading latest checkpoint from load_dir
✅ Done loading checkpoint from 
outputs/ctrl_009_009_ratio3_sh0_dense_mid200/ratio3_sh0_dense/f1194/splatfacto/2026-08-20_205135/nerfstudio_models/step-
000001999.ckpt
0 Gaussians have NaN/Inf and 2 have low opacity, only export 689/691
[gpu1_w5] ratio3_sh0_dense__f1187 -> ok (109.3s)
Loading latest checkpoint from load_dir
✅ Done loading checkpoint from 
outputs/ctrl_009_009_ratio3_sh0_dense_mid200/ratio3_sh0_dense/f1195/splatfacto/2026-08-20_205135/nerfstudio_models/step-
000001999.ckpt
0 Gaussians have NaN/Inf and 1 have low opacity, only export 713/714
[gpu1_w2] ratio3_sh0_dense__f1193 -> ok (108.4s)
[gpu1_w0] ratio3_sh0_dense__f1194 -> ok (108.9s)
[gpu1_w3] ratio3_sh0_dense__f1195 -> ok (108.9s)
[20:55:12]  Be careful with '--eval-mode=all'. If using camera optimization, the cameras    nerfstudio_dataparser.py:216
           may diverge in the current implementation, giving unpredictable results.                                     
            Be careful with '--eval-mode=all'. If using camera optimization, the cameras    nerfstudio_dataparser.py:216
           may diverge in the current implementation, giving unpredictable results.                                     
[20:55:13]  Be careful with '--eval-mode=all'. If using camera optimization, the cameras    nerfstudio_dataparser.py:216
           may diverge in the current implementation, giving unpredictable results.                                     
            Be careful with '--eval-mode=all'. If using camera optimization, the cameras    nerfstudio_dataparser.py:216
           may diverge in the current implementation, giving unpredictable results.                                     
[20:55:13] use color only optimization with sigmoid activation                                         splatfacto.py:266
[20:55:13]  Be careful with '--eval-mode=all'. If using camera optimization, the cameras    nerfstudio_dataparser.py:216
           may diverge in the current implementation, giving unpredictable results.                                     
            Be careful with '--eval-mode=all'. If using camera optimization, the cameras    nerfstudio_dataparser.py:216
           may diverge in the current implementation, giving unpredictable results.                                     
           use color only optimization with sigmoid activation                                         splatfacto.py:266
           use color only optimization with sigmoid activation                                         splatfacto.py:266
[20:55:13]  Be careful with '--eval-mode=all'. If using camera optimization, the cameras    nerfstudio_dataparser.py:216
           may diverge in the current implementation, giving unpredictable results.                                     
            Be careful with '--eval-mode=all'. If using camera optimization, the cameras    nerfstudio_dataparser.py:216
           may diverge in the current implementation, giving unpredictable results.                                     
[20:55:14] use color only optimization with sigmoid activation                                         splatfacto.py:266
Loading latest checkpoint from load_dir
✅ Done loading checkpoint from 
outputs/ctrl_009_009_ratio3_sh0_dense_mid200/ratio3_sh0_dense/f1196/splatfacto/2026-08-20_205328/nerfstudio_models/step-
000001999.ckpt
0 Gaussians have NaN/Inf and 4 have low opacity, only export 636/640
[20:55:14]  Be careful with '--eval-mode=all'. If using camera optimization, the cameras    nerfstudio_dataparser.py:216
           may diverge in the current implementation, giving unpredictable results.                                     
[20:55:14]  Be careful with '--eval-mode=all'. If using camera optimization, the cameras    nerfstudio_dataparser.py:216
           may diverge in the current implementation, giving unpredictable results.                                     
            Be careful with '--eval-mode=all'. If using camera optimization, the cameras    nerfstudio_dataparser.py:216
           may diverge in the current implementation, giving unpredictable results.                                     
            Be careful with '--eval-mode=all'. If using camera optimization, the cameras    nerfstudio_dataparser.py:216
           may diverge in the current implementation, giving unpredictable results.                                     
           use color only optimization with sigmoid activation                                         splatfacto.py:266
           use color only optimization with sigmoid activation                                         splatfacto.py:266
Loading latest checkpoint from load_dir
✅ Done loading checkpoint from 
outputs/ctrl_009_009_ratio3_sh0_dense_mid200/ratio3_sh0_dense/f1203/splatfacto/2026-08-20_205330/nerfstudio_models/step-
000001999.ckpt
0 Gaussians have NaN/Inf and 5 have low opacity, only export 665/670
Loading latest checkpoint from load_dir
✅ Done loading checkpoint from 
outputs/ctrl_009_009_ratio3_sh0_dense_mid200/ratio3_sh0_dense/f1199/splatfacto/2026-08-20_205330/nerfstudio_models/step-
000001999.ckpt
0 Gaussians have NaN/Inf and 4 have low opacity, only export 659/663
Loading latest checkpoint from load_dir
[20:55:14]  Be careful with '--eval-mode=all'. If using camera optimization, the cameras    nerfstudio_dataparser.py:216
           may diverge in the current implementation, giving unpredictable results.                                     
            Be careful with '--eval-mode=all'. If using camera optimization, the cameras    nerfstudio_dataparser.py:216
           may diverge in the current implementation, giving unpredictable results.                                     
✅ Done loading checkpoint from 
outputs/ctrl_009_009_ratio3_sh0_dense_mid200/ratio3_sh0_dense/f1200/splatfacto/2026-08-20_205330/nerfstudio_models/step-
000001999.ckpt
0 Gaussians have NaN/Inf and 1 have low opacity, only export 631/632
[20:55:15] use color only optimization with sigmoid activation                                         splatfacto.py:266
[20:55:15]  Be careful with '--eval-mode=all'. If using camera optimization, the cameras    nerfstudio_dataparser.py:216
           may diverge in the current implementation, giving unpredictable results.                                     
            Be careful with '--eval-mode=all'. If using camera optimization, the cameras    nerfstudio_dataparser.py:216
           may diverge in the current implementation, giving unpredictable results.                                     
Loading latest checkpoint from load_dir
Loading latest checkpoint from load_dir
✅ Done loading checkpoint from 
outputs/ctrl_009_009_ratio3_sh0_dense_mid200/ratio3_sh0_dense/f1202/splatfacto/2026-08-20_205330/nerfstudio_models/step-
000001999.ckpt
✅ Done loading checkpoint from 
outputs/ctrl_009_009_ratio3_sh0_dense_mid200/ratio3_sh0_dense/f1197/splatfacto/2026-08-20_205329/nerfstudio_models/step-
000001999.ckpt
0 Gaussians have NaN/Inf and 2 have low opacity, only export 609/611
0 Gaussians have NaN/Inf and 2 have low opacity, only export 683/685
           use color only optimization with sigmoid activation                                         splatfacto.py:266
Loading latest checkpoint from load_dir
✅ Done loading checkpoint from 
outputs/ctrl_009_009_ratio3_sh0_dense_mid200/ratio3_sh0_dense/f1198/splatfacto/2026-08-20_205330/nerfstudio_models/step-
000001999.ckpt
[20:55:15]  Be careful with '--eval-mode=all'. If using camera optimization, the cameras    nerfstudio_dataparser.py:216
           may diverge in the current implementation, giving unpredictable results.                                     
            Be careful with '--eval-mode=all'. If using camera optimization, the cameras    nerfstudio_dataparser.py:216
           may diverge in the current implementation, giving unpredictable results.                                     
0 Gaussians have NaN/Inf and 2 have low opacity, only export 606/608
[20:55:16] use color only optimization with sigmoid activation                                         splatfacto.py:266
[20:55:16]  Be careful with '--eval-mode=all'. If using camera optimization, the cameras    nerfstudio_dataparser.py:216
           may diverge in the current implementation, giving unpredictable results.                                     
            Be careful with '--eval-mode=all'. If using camera optimization, the cameras    nerfstudio_dataparser.py:216
           may diverge in the current implementation, giving unpredictable results.                                     
Loading latest checkpoint from load_dir
✅ Done loading checkpoint from 
outputs/ctrl_009_009_ratio3_sh0_dense_mid200/ratio3_sh0_dense/f1201/splatfacto/2026-08-20_205330/nerfstudio_models/step-
000001999.ckpt
0 Gaussians have NaN/Inf and 3 have low opacity, only export 662/665
           use color only optimization with sigmoid activation                                         splatfacto.py:266
[20:55:16]  Be careful with '--eval-mode=all'. If using camera optimization, the cameras    nerfstudio_dataparser.py:216
           may diverge in the current implementation, giving unpredictable results.                                     
            Be careful with '--eval-mode=all'. If using camera optimization, the cameras    nerfstudio_dataparser.py:216
           may diverge in the current implementation, giving unpredictable results.                                     
[gpu0_w4] ratio3_sh0_dense__f1196 -> ok (109.7s)
           use color only optimization with sigmoid activation                                         splatfacto.py:266
[gpu1_w1] ratio3_sh0_dense__f1203 -> ok (107.3s)
[gpu0_w0] ratio3_sh0_dense__f1199 -> ok (108.3s)
Loading latest checkpoint from load_dir
✅ Done loading checkpoint from 
outputs/ctrl_009_009_ratio3_sh0_dense_mid200/ratio3_sh0_dense/f1206/splatfacto/2026-08-20_205332/nerfstudio_models/step-
000001999.ckpt
0 Gaussians have NaN/Inf and 2 have low opacity, only export 633/635
[gpu0_w1] ratio3_sh0_dense__f1200 -> ok (108.7s)
Loading latest checkpoint from load_dir
✅ Done loading checkpoint from 
outputs/ctrl_009_009_ratio3_sh0_dense_mid200/ratio3_sh0_dense/f1204/splatfacto/2026-08-20_205332/nerfstudio_models/step-
000001999.ckpt
0 Gaussians have NaN/Inf and 5 have low opacity, only export 610/615
[20:55:17]  Be careful with '--eval-mode=all'. If using camera optimization, the cameras    nerfstudio_dataparser.py:216
           may diverge in the current implementation, giving unpredictable results.                                     
            Be careful with '--eval-mode=all'. If using camera optimization, the cameras    nerfstudio_dataparser.py:216
           may diverge in the current implementation, giving unpredictable results.                                     
Loading latest checkpoint from load_dir
[gpu0_w3] ratio3_sh0_dense__f1197 -> ok (109.3s)
✅ Done loading checkpoint from 
outputs/ctrl_009_009_ratio3_sh0_dense_mid200/ratio3_sh0_dense/f1207/splatfacto/2026-08-20_205333/nerfstudio_models/step-
000001999.ckpt
[gpu1_w4] ratio3_sh0_dense__f1202 -> ok (108.8s)
0 Gaussians have NaN/Inf and 3 have low opacity, only export 620/623
           use color only optimization with sigmoid activation                                         splatfacto.py:266
[gpu0_w5] ratio3_sh0_dense__f1198 -> ok (109.5s)
[gpu0_w2] ratio3_sh0_dense__f1201 -> ok (109.6s)
Loading latest checkpoint from load_dir
✅ Done loading checkpoint from 
outputs/ctrl_009_009_ratio3_sh0_dense_mid200/ratio3_sh0_dense/f1205/splatfacto/2026-08-20_205331/nerfstudio_models/step-
000001999.ckpt
0 Gaussians have NaN/Inf and 6 have low opacity, only export 601/607
[gpu1_w0] ratio3_sh0_dense__f1206 -> ok (107.8s)
[gpu1_w5] ratio3_sh0_dense__f1204 -> ok (109.4s)
[gpu1_w3] ratio3_sh0_dense__f1207 -> ok (107.4s)
[gpu1_w2] ratio3_sh0_dense__f1205 -> ok (109.7s)
[20:57:09]  Be careful with '--eval-mode=all'. If using camera optimization, the cameras    nerfstudio_dataparser.py:216
           may diverge in the current implementation, giving unpredictable results.                                     
            Be careful with '--eval-mode=all'. If using camera optimization, the cameras    nerfstudio_dataparser.py:216
           may diverge in the current implementation, giving unpredictable results.                                     
[20:57:09]  Be careful with '--eval-mode=all'. If using camera optimization, the cameras    nerfstudio_dataparser.py:216
           may diverge in the current implementation, giving unpredictable results.                                     
            Be careful with '--eval-mode=all'. If using camera optimization, the cameras    nerfstudio_dataparser.py:216
           may diverge in the current implementation, giving unpredictable results.                                     
[20:57:09]  Be careful with '--eval-mode=all'. If using camera optimization, the cameras    nerfstudio_dataparser.py:216
           may diverge in the current implementation, giving unpredictable results.                                     
            Be careful with '--eval-mode=all'. If using camera optimization, the cameras    nerfstudio_dataparser.py:216
           may diverge in the current implementation, giving unpredictable results.                                     
[20:57:10] use color only optimization with sigmoid activation                                         splatfacto.py:266
[20:57:10] use color only optimization with sigmoid activation                                         splatfacto.py:266
[20:57:10]  Be careful with '--eval-mode=all'. If using camera optimization, the cameras    nerfstudio_dataparser.py:216
           may diverge in the current implementation, giving unpredictable results.                                     
            Be careful with '--eval-mode=all'. If using camera optimization, the cameras    nerfstudio_dataparser.py:216
           may diverge in the current implementation, giving unpredictable results.                                     
[20:57:10] use color only optimization with sigmoid activation                                         splatfacto.py:266
[20:57:10]  Be careful with '--eval-mode=all'. If using camera optimization, the cameras    nerfstudio_dataparser.py:216
           may diverge in the current implementation, giving unpredictable results.                                     
            Be careful with '--eval-mode=all'. If using camera optimization, the cameras    nerfstudio_dataparser.py:216
           may diverge in the current implementation, giving unpredictable results.                                     
[20:57:10]  Be careful with '--eval-mode=all'. If using camera optimization, the cameras    nerfstudio_dataparser.py:216
           may diverge in the current implementation, giving unpredictable results.                                     
            Be careful with '--eval-mode=all'. If using camera optimization, the cameras    nerfstudio_dataparser.py:216
           may diverge in the current implementation, giving unpredictable results.                                     
[20:57:10]  Be careful with '--eval-mode=all'. If using camera optimization, the cameras    nerfstudio_dataparser.py:216
           may diverge in the current implementation, giving unpredictable results.                                     
            Be careful with '--eval-mode=all'. If using camera optimization, the cameras    nerfstudio_dataparser.py:216
           may diverge in the current implementation, giving unpredictable results.                                     
           use color only optimization with sigmoid activation                                         splatfacto.py:266
           use color only optimization with sigmoid activation                                         splatfacto.py:266
           use color only optimization with sigmoid activation                                         splatfacto.py:266
           use color only optimization with sigmoid activation                                         splatfacto.py:266
[20:57:10]  Be careful with '--eval-mode=all'. If using camera optimization, the cameras    nerfstudio_dataparser.py:216
           may diverge in the current implementation, giving unpredictable results.                                     
            Be careful with '--eval-mode=all'. If using camera optimization, the cameras    nerfstudio_dataparser.py:216
           may diverge in the current implementation, giving unpredictable results.                                     
[20:57:11]  Be careful with '--eval-mode=all'. If using camera optimization, the cameras    nerfstudio_dataparser.py:216
           may diverge in the current implementation, giving unpredictable results.                                     
            Be careful with '--eval-mode=all'. If using camera optimization, the cameras    nerfstudio_dataparser.py:216
           may diverge in the current implementation, giving unpredictable results.                                     
[20:57:11] use color only optimization with sigmoid activation                                         splatfacto.py:266
Loading latest checkpoint from load_dir
Loading latest checkpoint from load_dir
✅ Done loading checkpoint from 
outputs/ctrl_009_009_ratio3_sh0_dense_mid200/ratio3_sh0_dense/f1210/splatfacto/2026-08-20_205525/nerfstudio_models/step-
000001999.ckpt
0 Gaussians have NaN/Inf and 3 have low opacity, only export 676/679
✅ Done loading checkpoint from 
outputs/ctrl_009_009_ratio3_sh0_dense_mid200/ratio3_sh0_dense/f1214/splatfacto/2026-08-20_205526/nerfstudio_models/step-
000001999.ckpt
0 Gaussians have NaN/Inf and 1 have low opacity, only export 652/653
Loading latest checkpoint from load_dir
           use color only optimization with sigmoid activation                                         splatfacto.py:266
✅ Done loading checkpoint from 
outputs/ctrl_009_009_ratio3_sh0_dense_mid200/ratio3_sh0_dense/f1209/splatfacto/2026-08-20_205525/nerfstudio_models/step-
000001999.ckpt
0 Gaussians have NaN/Inf and 2 have low opacity, only export 673/675
Loading latest checkpoint from load_dir
✅ Done loading checkpoint from 
outputs/ctrl_009_009_ratio3_sh0_dense_mid200/ratio3_sh0_dense/f1208/splatfacto/2026-08-20_205525/nerfstudio_models/step-
000001999.ckpt
0 Gaussians have NaN/Inf and 3 have low opacity, only export 655/658
Loading latest checkpoint from load_dir
[20:57:11]  Be careful with '--eval-mode=all'. If using camera optimization, the cameras    nerfstudio_dataparser.py:216
           may diverge in the current implementation, giving unpredictable results.                                     
            Be careful with '--eval-mode=all'. If using camera optimization, the cameras    nerfstudio_dataparser.py:216
           may diverge in the current implementation, giving unpredictable results.                                     
✅ Done loading checkpoint from 
outputs/ctrl_009_009_ratio3_sh0_dense_mid200/ratio3_sh0_dense/f1216/splatfacto/2026-08-20_205525/nerfstudio_models/step-
000001999.ckpt
0 Gaussians have NaN/Inf and 4 have low opacity, only export 720/724
Loading latest checkpoint from load_dir
✅ Done loading checkpoint from 
outputs/ctrl_009_009_ratio3_sh0_dense_mid200/ratio3_sh0_dense/f1217/splatfacto/2026-08-20_205525/nerfstudio_models/step-
000001999.ckpt
Loading latest checkpoint from load_dir
✅ Done loading checkpoint from 
outputs/ctrl_009_009_ratio3_sh0_dense_mid200/ratio3_sh0_dense/f1215/splatfacto/2026-08-20_205526/nerfstudio_models/step-
000001999.ckpt
0 Gaussians have NaN/Inf and 2 have low opacity, only export 721/723
           use color only optimization with sigmoid activation                                         splatfacto.py:266
Loading latest checkpoint from load_dir
✅ Done loading checkpoint from 
outputs/ctrl_009_009_ratio3_sh0_dense_mid200/ratio3_sh0_dense/f1211/splatfacto/2026-08-20_205525/nerfstudio_models/step-
000001999.ckpt
0 Gaussians have NaN/Inf and 1 have low opacity, only export 666/667
Loading latest checkpoint from load_dir
✅ Done loading checkpoint from 
outputs/ctrl_009_009_ratio3_sh0_dense_mid200/ratio3_sh0_dense/f1212/splatfacto/2026-08-20_205526/nerfstudio_models/step-
000001999.ckpt
0 Gaussians have NaN/Inf and 3 have low opacity, only export 696/699
[20:57:12]  Be careful with '--eval-mode=all'. If using camera optimization, the cameras    nerfstudio_dataparser.py:216
           may diverge in the current implementation, giving unpredictable results.                                     
            Be careful with '--eval-mode=all'. If using camera optimization, the cameras    nerfstudio_dataparser.py:216
           may diverge in the current implementation, giving unpredictable results.                                     
           use color only optimization with sigmoid activation                                         splatfacto.py:266
Loading latest checkpoint from load_dir
✅ Done loading checkpoint from 
outputs/ctrl_009_009_ratio3_sh0_dense_mid200/ratio3_sh0_dense/f1213/splatfacto/2026-08-20_205526/nerfstudio_models/step-
000001999.ckpt
Loading latest checkpoint from load_dir
✅ Done loading checkpoint from 
outputs/ctrl_009_009_ratio3_sh0_dense_mid200/ratio3_sh0_dense/f1218/splatfacto/2026-08-20_205527/nerfstudio_models/step-
000001999.ckpt
0 Gaussians have NaN/Inf and 2 have low opacity, only export 732/734
[gpu0_w0] ratio3_sh0_dense__f1210 -> ok (110.1s)
[gpu0_w5] ratio3_sh0_dense__f1214 -> ok (109.0s)
[gpu1_w1] ratio3_sh0_dense__f1209 -> ok (110.3s)
[gpu1_w5] ratio3_sh0_dense__f1217 -> ok (107.9s)
[gpu0_w4] ratio3_sh0_dense__f1208 -> ok (110.7s)
[gpu1_w0] ratio3_sh0_dense__f1216 -> ok (108.5s)
[gpu0_w2] ratio3_sh0_dense__f1215 -> ok (109.1s)
[gpu0_w1] ratio3_sh0_dense__f1211 -> ok (110.0s)
[gpu0_w3] ratio3_sh0_dense__f1212 -> ok (110.0s)
[20:57:14]  Be careful with '--eval-mode=all'. If using camera optimization, the cameras    nerfstudio_dataparser.py:216
           may diverge in the current implementation, giving unpredictable results.                                     
            Be careful with '--eval-mode=all'. If using camera optimization, the cameras    nerfstudio_dataparser.py:216
           may diverge in the current implementation, giving unpredictable results.                                     
           use color only optimization with sigmoid activation                                         splatfacto.py:266
[gpu1_w4] ratio3_sh0_dense__f1213 -> ok (110.5s)
Loading latest checkpoint from load_dir
[gpu1_w3] ratio3_sh0_dense__f1218 -> ok (109.3s)
✅ Done loading checkpoint from 
outputs/ctrl_009_009_ratio3_sh0_dense_mid200/ratio3_sh0_dense/f1219/splatfacto/2026-08-20_205528/nerfstudio_models/step-
000001999.ckpt
0 Gaussians have NaN/Inf and 1 have low opacity, only export 727/728
[gpu1_w2] ratio3_sh0_dense__f1219 -> ok (110.0s)
[20:59:03]  Be careful with '--eval-mode=all'. If using camera optimization, the cameras    nerfstudio_dataparser.py:216
           may diverge in the current implementation, giving unpredictable results.                                     
            Be careful with '--eval-mode=all'. If using camera optimization, the cameras    nerfstudio_dataparser.py:216
           may diverge in the current implementation, giving unpredictable results.                                     
           use color only optimization with sigmoid activation                                         splatfacto.py:266
Loading latest checkpoint from load_dir
✅ Done loading checkpoint from 
outputs/ctrl_009_009_ratio3_sh0_dense_mid200/ratio3_sh0_dense/f1227/splatfacto/2026-08-20_205720/nerfstudio_models/step-
000001999.ckpt
[20:59:05]  Be careful with '--eval-mode=all'. If using camera optimization, the cameras    nerfstudio_dataparser.py:216
           may diverge in the current implementation, giving unpredictable results.                                     
            Be careful with '--eval-mode=all'. If using camera optimization, the cameras    nerfstudio_dataparser.py:216
           may diverge in the current implementation, giving unpredictable results.                                     
           use color only optimization with sigmoid activation                                         splatfacto.py:266
[20:59:05]  Be careful with '--eval-mode=all'. If using camera optimization, the cameras    nerfstudio_dataparser.py:216
           may diverge in the current implementation, giving unpredictable results.                                     
            Be careful with '--eval-mode=all'. If using camera optimization, the cameras    nerfstudio_dataparser.py:216
           may diverge in the current implementation, giving unpredictable results.                                     
           use color only optimization with sigmoid activation                                         splatfacto.py:266
[20:59:05]  Be careful with '--eval-mode=all'. If using camera optimization, the cameras    nerfstudio_dataparser.py:216
           may diverge in the current implementation, giving unpredictable results.                                     
            Be careful with '--eval-mode=all'. If using camera optimization, the cameras    nerfstudio_dataparser.py:216
           may diverge in the current implementation, giving unpredictable results.                                     
           use color only optimization with sigmoid activation                                         splatfacto.py:266
[20:59:05]  Be careful with '--eval-mode=all'. If using camera optimization, the cameras    nerfstudio_dataparser.py:216
           may diverge in the current implementation, giving unpredictable results.                                     
            Be careful with '--eval-mode=all'. If using camera optimization, the cameras    nerfstudio_dataparser.py:216
           may diverge in the current implementation, giving unpredictable results.                                     
Loading latest checkpoint from load_dir
✅ Done loading checkpoint from 
outputs/ctrl_009_009_ratio3_sh0_dense_mid200/ratio3_sh0_dense/f1221/splatfacto/2026-08-20_205721/nerfstudio_models/step-
000001999.ckpt
0 Gaussians have NaN/Inf and 1 have low opacity, only export 697/698
[20:59:06]  Be careful with '--eval-mode=all'. If using camera optimization, the cameras    nerfstudio_dataparser.py:216
           may diverge in the current implementation, giving unpredictable results.                                     
            Be careful with '--eval-mode=all'. If using camera optimization, the cameras    nerfstudio_dataparser.py:216
           may diverge in the current implementation, giving unpredictable results.                                     
[20:59:06] use color only optimization with sigmoid activation                                         splatfacto.py:266
           use color only optimization with sigmoid activation                                         splatfacto.py:266
Loading latest checkpoint from load_dir
✅ Done loading checkpoint from 
outputs/ctrl_009_009_ratio3_sh0_dense_mid200/ratio3_sh0_dense/f1222/splatfacto/2026-08-20_205721/nerfstudio_models/step-
000001999.ckpt
Loading latest checkpoint from load_dir
✅ Done loading checkpoint from 
outputs/ctrl_009_009_ratio3_sh0_dense_mid200/ratio3_sh0_dense/f1225/splatfacto/2026-08-20_205722/nerfstudio_models/step-
000001999.ckpt
[20:59:06]  Be careful with '--eval-mode=all'. If using camera optimization, the cameras    nerfstudio_dataparser.py:216
           may diverge in the current implementation, giving unpredictable results.                                     
            Be careful with '--eval-mode=all'. If using camera optimization, the cameras    nerfstudio_dataparser.py:216
           may diverge in the current implementation, giving unpredictable results.                                     
[gpu0_w1] ratio3_sh0_dense__f1227 -> ok (106.2s)
[20:59:06]  Be careful with '--eval-mode=all'. If using camera optimization, the cameras    nerfstudio_dataparser.py:216
           may diverge in the current implementation, giving unpredictable results.                                     
            Be careful with '--eval-mode=all'. If using camera optimization, the cameras    nerfstudio_dataparser.py:216
           may diverge in the current implementation, giving unpredictable results.                                     
           use color only optimization with sigmoid activation                                         splatfacto.py:266
           use color only optimization with sigmoid activation                                         splatfacto.py:266
Loading latest checkpoint from load_dir
✅ Done loading checkpoint from 
outputs/ctrl_009_009_ratio3_sh0_dense_mid200/ratio3_sh0_dense/f1226/splatfacto/2026-08-20_205721/nerfstudio_models/step-
000001999.ckpt
0 Gaussians have NaN/Inf and 2 have low opacity, only export 706/708
Loading latest checkpoint from load_dir
✅ Done loading checkpoint from 
outputs/ctrl_009_009_ratio3_sh0_dense_mid200/ratio3_sh0_dense/f1223/splatfacto/2026-08-20_205721/nerfstudio_models/step-
000001999.ckpt
0 Gaussians have NaN/Inf and 1 have low opacity, only export 696/697
[20:59:07]  Be careful with '--eval-mode=all'. If using camera optimization, the cameras    nerfstudio_dataparser.py:216
           may diverge in the current implementation, giving unpredictable results.                                     
            Be careful with '--eval-mode=all'. If using camera optimization, the cameras    nerfstudio_dataparser.py:216
           may diverge in the current implementation, giving unpredictable results.                                     
           use color only optimization with sigmoid activation                                         splatfacto.py:266
Loading latest checkpoint from load_dir
✅ Done loading checkpoint from 
outputs/ctrl_009_009_ratio3_sh0_dense_mid200/ratio3_sh0_dense/f1224/splatfacto/2026-08-20_205722/nerfstudio_models/step-
000001999.ckpt
0 Gaussians have NaN/Inf and 2 have low opacity, only export 708/710
Loading latest checkpoint from load_dir
✅ Done loading checkpoint from 
outputs/ctrl_009_009_ratio3_sh0_dense_mid200/ratio3_sh0_dense/f1228/splatfacto/2026-08-20_205722/nerfstudio_models/step-
000001999.ckpt
0 Gaussians have NaN/Inf and 2 have low opacity, only export 662/664
[20:59:08]  Be careful with '--eval-mode=all'. If using camera optimization, the cameras    nerfstudio_dataparser.py:216
           may diverge in the current implementation, giving unpredictable results.                                     
            Be careful with '--eval-mode=all'. If using camera optimization, the cameras    nerfstudio_dataparser.py:216
           may diverge in the current implementation, giving unpredictable results.                                     
[20:59:08]  Be careful with '--eval-mode=all'. If using camera optimization, the cameras    nerfstudio_dataparser.py:216
           may diverge in the current implementation, giving unpredictable results.                                     
            Be careful with '--eval-mode=all'. If using camera optimization, the cameras    nerfstudio_dataparser.py:216
           may diverge in the current implementation, giving unpredictable results.                                     
[gpu0_w5] ratio3_sh0_dense__f1221 -> ok (107.9s)
[gpu1_w1] ratio3_sh0_dense__f1222 -> ok (107.9s)
           use color only optimization with sigmoid activation                                         splatfacto.py:266
           use color only optimization with sigmoid activation                                         splatfacto.py:266
Loading latest checkpoint from load_dir
✅ Done loading checkpoint from 
outputs/ctrl_009_009_ratio3_sh0_dense_mid200/ratio3_sh0_dense/f1231/splatfacto/2026-08-20_205723/nerfstudio_models/step-
000001999.ckpt
0 Gaussians have NaN/Inf and 7 have low opacity, only export 621/628
[20:59:08]  Be careful with '--eval-mode=all'. If using camera optimization, the cameras    nerfstudio_dataparser.py:216
           may diverge in the current implementation, giving unpredictable results.                                     
            Be careful with '--eval-mode=all'. If using camera optimization, the cameras    nerfstudio_dataparser.py:216
           may diverge in the current implementation, giving unpredictable results.                                     
[gpu1_w0] ratio3_sh0_dense__f1225 -> ok (108.0s)
           use color only optimization with sigmoid activation                                         splatfacto.py:266
[gpu0_w2] ratio3_sh0_dense__f1226 -> ok (108.4s)
Loading latest checkpoint from load_dir
Loading latest checkpoint from load_dir
[gpu1_w5] ratio3_sh0_dense__f1223 -> ok (108.9s)
✅ Done loading checkpoint from 
outputs/ctrl_009_009_ratio3_sh0_dense_mid200/ratio3_sh0_dense/f1230/splatfacto/2026-08-20_205724/nerfstudio_models/step-
000001999.ckpt
✅ Done loading checkpoint from 
outputs/ctrl_009_009_ratio3_sh0_dense_mid200/ratio3_sh0_dense/f1220/splatfacto/2026-08-20_205722/nerfstudio_models/step-
000001999.ckpt
0 Gaussians have NaN/Inf and 2 have low opacity, only export 642/644
0 Gaussians have NaN/Inf and 4 have low opacity, only export 712/716
Loading latest checkpoint from load_dir
✅ Done loading checkpoint from 
outputs/ctrl_009_009_ratio3_sh0_dense_mid200/ratio3_sh0_dense/f1229/splatfacto/2026-08-20_205723/nerfstudio_models/step-
000001999.ckpt
0 Gaussians have NaN/Inf and 3 have low opacity, only export 653/656
[gpu0_w3] ratio3_sh0_dense__f1228 -> ok (108.9s)
[gpu0_w4] ratio3_sh0_dense__f1224 -> ok (109.3s)
[gpu1_w2] ratio3_sh0_dense__f1231 -> ok (106.8s)
[gpu1_w3] ratio3_sh0_dense__f1230 -> ok (109.4s)
[gpu0_w0] ratio3_sh0_dense__f1220 -> ok (111.1s)
[gpu1_w4] ratio3_sh0_dense__f1229 -> ok (110.0s)
[21:01:01]  Be careful with '--eval-mode=all'. If using camera optimization, the cameras    nerfstudio_dataparser.py:216
           may diverge in the current implementation, giving unpredictable results.                                     
            Be careful with '--eval-mode=all'. If using camera optimization, the cameras    nerfstudio_dataparser.py:216
           may diverge in the current implementation, giving unpredictable results.                                     
           use color only optimization with sigmoid activation                                         splatfacto.py:266
Loading latest checkpoint from load_dir
✅ Done loading checkpoint from 
outputs/ctrl_009_009_ratio3_sh0_dense_mid200/ratio3_sh0_dense/f1232/splatfacto/2026-08-20_205918/nerfstudio_models/step-
000001999.ckpt
0 Gaussians have NaN/Inf and 5 have low opacity, only export 683/688
[21:01:02]  Be careful with '--eval-mode=all'. If using camera optimization, the cameras    nerfstudio_dataparser.py:216
           may diverge in the current implementation, giving unpredictable results.                                     
            Be careful with '--eval-mode=all'. If using camera optimization, the cameras    nerfstudio_dataparser.py:216
           may diverge in the current implementation, giving unpredictable results.                                     
[21:01:03] use color only optimization with sigmoid activation                                         splatfacto.py:266
[21:01:03]  Be careful with '--eval-mode=all'. If using camera optimization, the cameras    nerfstudio_dataparser.py:216
           may diverge in the current implementation, giving unpredictable results.                                     
            Be careful with '--eval-mode=all'. If using camera optimization, the cameras    nerfstudio_dataparser.py:216
           may diverge in the current implementation, giving unpredictable results.                                     
           use color only optimization with sigmoid activation                                         splatfacto.py:266
Loading latest checkpoint from load_dir
✅ Done loading checkpoint from 
outputs/ctrl_009_009_ratio3_sh0_dense_mid200/ratio3_sh0_dense/f1234/splatfacto/2026-08-20_205918/nerfstudio_models/step-
000001999.ckpt
0 Gaussians have NaN/Inf and 2 have low opacity, only export 680/682
[21:01:03]  Be careful with '--eval-mode=all'. If using camera optimization, the cameras    nerfstudio_dataparser.py:216
           may diverge in the current implementation, giving unpredictable results.                                     
            Be careful with '--eval-mode=all'. If using camera optimization, the cameras    nerfstudio_dataparser.py:216
           may diverge in the current implementation, giving unpredictable results.                                     
[21:01:04]  Be careful with '--eval-mode=all'. If using camera optimization, the cameras    nerfstudio_dataparser.py:216
           may diverge in the current implementation, giving unpredictable results.                                     
            Be careful with '--eval-mode=all'. If using camera optimization, the cameras    nerfstudio_dataparser.py:216
           may diverge in the current implementation, giving unpredictable results.                                     
Loading latest checkpoint from load_dir
[21:01:04]  Be careful with '--eval-mode=all'. If using camera optimization, the cameras    nerfstudio_dataparser.py:216
           may diverge in the current implementation, giving unpredictable results.                                     
            Be careful with '--eval-mode=all'. If using camera optimization, the cameras    nerfstudio_dataparser.py:216
           may diverge in the current implementation, giving unpredictable results.                                     
✅ Done loading checkpoint from 
outputs/ctrl_009_009_ratio3_sh0_dense_mid200/ratio3_sh0_dense/f1233/splatfacto/2026-08-20_205919/nerfstudio_models/step-
000001999.ckpt
[21:01:04]  Be careful with '--eval-mode=all'. If using camera optimization, the cameras    nerfstudio_dataparser.py:216
           may diverge in the current implementation, giving unpredictable results.                                     
            Be careful with '--eval-mode=all'. If using camera optimization, the cameras    nerfstudio_dataparser.py:216
           may diverge in the current implementation, giving unpredictable results.                                     
0 Gaussians have NaN/Inf and 5 have low opacity, only export 646/651
[21:01:04]  Be careful with '--eval-mode=all'. If using camera optimization, the cameras    nerfstudio_dataparser.py:216
           may diverge in the current implementation, giving unpredictable results.                                     
            Be careful with '--eval-mode=all'. If using camera optimization, the cameras    nerfstudio_dataparser.py:216
           may diverge in the current implementation, giving unpredictable results.                                     
[21:01:04] use color only optimization with sigmoid activation                                         splatfacto.py:266
           use color only optimization with sigmoid activation                                         splatfacto.py:266
[gpu0_w1] ratio3_sh0_dense__f1232 -> ok (108.7s)
           use color only optimization with sigmoid activation                                         splatfacto.py:266
           use color only optimization with sigmoid activation                                         splatfacto.py:266
           use color only optimization with sigmoid activation                                         splatfacto.py:266
[21:01:04]  Be careful with '--eval-mode=all'. If using camera optimization, the cameras    nerfstudio_dataparser.py:216
           may diverge in the current implementation, giving unpredictable results.                                     
            Be careful with '--eval-mode=all'. If using camera optimization, the cameras    nerfstudio_dataparser.py:216
           may diverge in the current implementation, giving unpredictable results.                                     
[21:01:04]  Be careful with '--eval-mode=all'. If using camera optimization, the cameras    nerfstudio_dataparser.py:216
           may diverge in the current implementation, giving unpredictable results.                                     
            Be careful with '--eval-mode=all'. If using camera optimization, the cameras    nerfstudio_dataparser.py:216
           may diverge in the current implementation, giving unpredictable results.                                     
           use color only optimization with sigmoid activation                                         splatfacto.py:266
           use color only optimization with sigmoid activation                                         splatfacto.py:266
[21:01:04]  Be careful with '--eval-mode=all'. If using camera optimization, the cameras    nerfstudio_dataparser.py:216
           may diverge in the current implementation, giving unpredictable results.                                     
            Be careful with '--eval-mode=all'. If using camera optimization, the cameras    nerfstudio_dataparser.py:216
           may diverge in the current implementation, giving unpredictable results.                                     
Loading latest checkpoint from load_dir
[21:01:05] use color only optimization with sigmoid activation                                         splatfacto.py:266
✅ Done loading checkpoint from 
outputs/ctrl_009_009_ratio3_sh0_dense_mid200/ratio3_sh0_dense/f1240/splatfacto/2026-08-20_205919/nerfstudio_models/step-
000001999.ckpt
0 Gaussians have NaN/Inf and 3 have low opacity, only export 642/645
Loading latest checkpoint from load_dir
✅ Done loading checkpoint from 
outputs/ctrl_009_009_ratio3_sh0_dense_mid200/ratio3_sh0_dense/f1237/splatfacto/2026-08-20_205919/nerfstudio_models/step-
000001999.ckpt
0 Gaussians have NaN/Inf and 2 have low opacity, only export 594/596
Loading latest checkpoint from load_dir
Loading latest checkpoint from load_dir
✅ Done loading checkpoint from 
outputs/ctrl_009_009_ratio3_sh0_dense_mid200/ratio3_sh0_dense/f1241/splatfacto/2026-08-20_205919/nerfstudio_models/step-
000001999.ckpt
✅ Done loading checkpoint from 
outputs/ctrl_009_009_ratio3_sh0_dense_mid200/ratio3_sh0_dense/f1235/splatfacto/2026-08-20_205920/nerfstudio_models/step-
000001999.ckpt
0 Gaussians have NaN/Inf and 4 have low opacity, only export 726/730
Loading latest checkpoint from load_dir
✅ Done loading checkpoint from 
outputs/ctrl_009_009_ratio3_sh0_dense_mid200/ratio3_sh0_dense/f1242/splatfacto/2026-08-20_205920/nerfstudio_models/step-
000001999.ckpt
[21:01:05]  Be careful with '--eval-mode=all'. If using camera optimization, the cameras    nerfstudio_dataparser.py:216
           may diverge in the current implementation, giving unpredictable results.                                     
            Be careful with '--eval-mode=all'. If using camera optimization, the cameras    nerfstudio_dataparser.py:216
           may diverge in the current implementation, giving unpredictable results.                                     
Loading latest checkpoint from load_dir
✅ Done loading checkpoint from 
outputs/ctrl_009_009_ratio3_sh0_dense_mid200/ratio3_sh0_dense/f1236/splatfacto/2026-08-20_205920/nerfstudio_models/step-
000001999.ckpt
0 Gaussians have NaN/Inf and 3 have low opacity, only export 696/699
           use color only optimization with sigmoid activation                                         splatfacto.py:266
Loading latest checkpoint from load_dir
✅ Done loading checkpoint from 
outputs/ctrl_009_009_ratio3_sh0_dense_mid200/ratio3_sh0_dense/f1238/splatfacto/2026-08-20_205920/nerfstudio_models/step-
000001999.ckpt
0 Gaussians have NaN/Inf and 6 have low opacity, only export 588/594
Loading latest checkpoint from load_dir
[gpu1_w1] ratio3_sh0_dense__f1234 -> ok (109.6s)
✅ Done loading checkpoint from 
outputs/ctrl_009_009_ratio3_sh0_dense_mid200/ratio3_sh0_dense/f1239/splatfacto/2026-08-20_205920/nerfstudio_models/step-
000001999.ckpt
0 Gaussians have NaN/Inf and 2 have low opacity, only export 698/700
[gpu0_w5] ratio3_sh0_dense__f1233 -> ok (109.8s)
Loading latest checkpoint from load_dir
✅ Done loading checkpoint from 
outputs/ctrl_009_009_ratio3_sh0_dense_mid200/ratio3_sh0_dense/f1243/splatfacto/2026-08-20_205920/nerfstudio_models/step-
000001999.ckpt
0 Gaussians have NaN/Inf and 1 have low opacity, only export 811/812
[gpu1_w2] ratio3_sh0_dense__f1240 -> ok (108.3s)
[gpu1_w5] ratio3_sh0_dense__f1237 -> ok (109.2s)
[gpu1_w3] ratio3_sh0_dense__f1241 -> ok (107.5s)
[gpu1_w0] ratio3_sh0_dense__f1235 -> ok (110.1s)
[gpu0_w0] ratio3_sh0_dense__f1242 -> ok (107.5s)
[gpu0_w3] ratio3_sh0_dense__f1238 -> ok (109.2s)
[gpu0_w2] ratio3_sh0_dense__f1236 -> ok (110.0s)
[gpu0_w4] ratio3_sh0_dense__f1239 -> ok (109.8s)
[gpu1_w4] ratio3_sh0_dense__f1243 -> ok (108.6s)
[21:02:57]  Be careful with '--eval-mode=all'. If using camera optimization, the cameras    nerfstudio_dataparser.py:216
           may diverge in the current implementation, giving unpredictable results.                                     
            Be careful with '--eval-mode=all'. If using camera optimization, the cameras    nerfstudio_dataparser.py:216
           may diverge in the current implementation, giving unpredictable results.                                     
           use color only optimization with sigmoid activation                                         splatfacto.py:266
[21:02:57]  Be careful with '--eval-mode=all'. If using camera optimization, the cameras    nerfstudio_dataparser.py:216
           may diverge in the current implementation, giving unpredictable results.                                     
            Be careful with '--eval-mode=all'. If using camera optimization, the cameras    nerfstudio_dataparser.py:216
           may diverge in the current implementation, giving unpredictable results.                                     
[21:02:57]  Be careful with '--eval-mode=all'. If using camera optimization, the cameras    nerfstudio_dataparser.py:216
           may diverge in the current implementation, giving unpredictable results.                                     
[21:02:58]  Be careful with '--eval-mode=all'. If using camera optimization, the cameras    nerfstudio_dataparser.py:216
           may diverge in the current implementation, giving unpredictable results.                                     
Loading latest checkpoint from load_dir
✅ Done loading checkpoint from 
outputs/ctrl_009_009_ratio3_sh0_dense_mid200/ratio3_sh0_dense/f1244/splatfacto/2026-08-20_210113/nerfstudio_models/step-
000001999.ckpt
0 Gaussians have NaN/Inf and 1 have low opacity, only export 796/797
[21:02:58] use color only optimization with sigmoid activation                                         splatfacto.py:266
           use color only optimization with sigmoid activation                                         splatfacto.py:266
[21:02:58]  Be careful with '--eval-mode=all'. If using camera optimization, the cameras    nerfstudio_dataparser.py:216
           may diverge in the current implementation, giving unpredictable results.                                     
            Be careful with '--eval-mode=all'. If using camera optimization, the cameras    nerfstudio_dataparser.py:216
           may diverge in the current implementation, giving unpredictable results.                                     
[21:02:58]  Be careful with '--eval-mode=all'. If using camera optimization, the cameras    nerfstudio_dataparser.py:216
           may diverge in the current implementation, giving unpredictable results.                                     
            Be careful with '--eval-mode=all'. If using camera optimization, the cameras    nerfstudio_dataparser.py:216
           may diverge in the current implementation, giving unpredictable results.                                     
           use color only optimization with sigmoid activation                                         splatfacto.py:266
           use color only optimization with sigmoid activation                                         splatfacto.py:266
Loading latest checkpoint from load_dir
✅ Done loading checkpoint from 
outputs/ctrl_009_009_ratio3_sh0_dense_mid200/ratio3_sh0_dense/f1250/splatfacto/2026-08-20_210114/nerfstudio_models/step-
000001999.ckpt
Loading latest checkpoint from load_dir
0 Gaussians have NaN/Inf and 2 have low opacity, only export 680/682
✅ Done loading checkpoint from 
outputs/ctrl_009_009_ratio3_sh0_dense_mid200/ratio3_sh0_dense/f1245/splatfacto/2026-08-20_210115/nerfstudio_models/step-
000001999.ckpt
0 Gaussians have NaN/Inf and 2 have low opacity, only export 744/746
Loading latest checkpoint from load_dir
Loading latest checkpoint from load_dir
✅ Done loading checkpoint from 
outputs/ctrl_009_009_ratio3_sh0_dense_mid200/ratio3_sh0_dense/f1246/splatfacto/2026-08-20_210113/nerfstudio_models/step-
000001999.ckpt
0 Gaussians have NaN/Inf and 1 have low opacity, only export 957/958
✅ Done loading checkpoint from 
outputs/ctrl_009_009_ratio3_sh0_dense_mid200/ratio3_sh0_dense/f1249/splatfacto/2026-08-20_210114/nerfstudio_models/step-
000001999.ckpt
0 Gaussians have NaN/Inf and 2 have low opacity, only export 663/665
[21:02:59]  Be careful with '--eval-mode=all'. If using camera optimization, the cameras    nerfstudio_dataparser.py:216
           may diverge in the current implementation, giving unpredictable results.                                     
            Be careful with '--eval-mode=all'. If using camera optimization, the cameras    nerfstudio_dataparser.py:216
           may diverge in the current implementation, giving unpredictable results.                                     
[gpu0_w1] ratio3_sh0_dense__f1244 -> ok (109.1s)
[21:03:00] use color only optimization with sigmoid activation                                         splatfacto.py:266
[21:03:00]  Be careful with '--eval-mode=all'. If using camera optimization, the cameras    nerfstudio_dataparser.py:216
           may diverge in the current implementation, giving unpredictable results.                                     
            Be careful with '--eval-mode=all'. If using camera optimization, the cameras    nerfstudio_dataparser.py:216
           may diverge in the current implementation, giving unpredictable results.                                     
           use color only optimization with sigmoid activation                                         splatfacto.py:266
Loading latest checkpoint from load_dir
✅ Done loading checkpoint from 
outputs/ctrl_009_009_ratio3_sh0_dense_mid200/ratio3_sh0_dense/f1247/splatfacto/2026-08-20_210115/nerfstudio_models/step-
000001999.ckpt
0 Gaussians have NaN/Inf and 1 have low opacity, only export 849/850
[gpu1_w1] ratio3_sh0_dense__f1245 -> ok (107.8s)
[gpu1_w0] ratio3_sh0_dense__f1250 -> ok (107.1s)
[21:03:01]  Be careful with '--eval-mode=all'. If using camera optimization, the cameras    nerfstudio_dataparser.py:216
           may diverge in the current implementation, giving unpredictable results.                                     
            Be careful with '--eval-mode=all'. If using camera optimization, the cameras    nerfstudio_dataparser.py:216
           may diverge in the current implementation, giving unpredictable results.                                     
[21:03:01]  Be careful with '--eval-mode=all'. If using camera optimization, the cameras    nerfstudio_dataparser.py:216
           may diverge in the current implementation, giving unpredictable results.                                     
            Be careful with '--eval-mode=all'. If using camera optimization, the cameras    nerfstudio_dataparser.py:216
           may diverge in the current implementation, giving unpredictable results.                                     
[gpu1_w3] ratio3_sh0_dense__f1249 -> ok (107.5s)
[gpu0_w5] ratio3_sh0_dense__f1246 -> ok (108.2s)
Loading latest checkpoint from load_dir
           use color only optimization with sigmoid activation                                         splatfacto.py:266
[21:03:01]  Be careful with '--eval-mode=all'. If using camera optimization, the cameras    nerfstudio_dataparser.py:216
           may diverge in the current implementation, giving unpredictable results.                                     
✅ Done loading checkpoint from 
outputs/ctrl_009_009_ratio3_sh0_dense_mid200/ratio3_sh0_dense/f1254/splatfacto/2026-08-20_210115/nerfstudio_models/step-
000001999.ckpt
            Be careful with '--eval-mode=all'. If using camera optimization, the cameras    nerfstudio_dataparser.py:216
           may diverge in the current implementation, giving unpredictable results.                                     
           use color only optimization with sigmoid activation                                         splatfacto.py:266
[21:03:01]  Be careful with '--eval-mode=all'. If using camera optimization, the cameras    nerfstudio_dataparser.py:216
           may diverge in the current implementation, giving unpredictable results.                                     
            Be careful with '--eval-mode=all'. If using camera optimization, the cameras    nerfstudio_dataparser.py:216
           may diverge in the current implementation, giving unpredictable results.                                     
           use color only optimization with sigmoid activation                                         splatfacto.py:266
           use color only optimization with sigmoid activation                                         splatfacto.py:266
[21:03:02]  Be careful with '--eval-mode=all'. If using camera optimization, the cameras    nerfstudio_dataparser.py:216
           may diverge in the current implementation, giving unpredictable results.                                     
            Be careful with '--eval-mode=all'. If using camera optimization, the cameras    nerfstudio_dataparser.py:216
           may diverge in the current implementation, giving unpredictable results.                                     
           use color only optimization with sigmoid activation                                         splatfacto.py:266
Loading latest checkpoint from load_dir
✅ Done loading checkpoint from 
outputs/ctrl_009_009_ratio3_sh0_dense_mid200/ratio3_sh0_dense/f1253/splatfacto/2026-08-20_210116/nerfstudio_models/step-
000001999.ckpt
0 Gaussians have NaN/Inf and 3 have low opacity, only export 829/832
Loading latest checkpoint from load_dir
Loading latest checkpoint from load_dir
✅ Done loading checkpoint from 
outputs/ctrl_009_009_ratio3_sh0_dense_mid200/ratio3_sh0_dense/f1248/splatfacto/2026-08-20_210116/nerfstudio_models/step-
000001999.ckpt
✅ Done loading checkpoint from 
outputs/ctrl_009_009_ratio3_sh0_dense_mid200/ratio3_sh0_dense/f1252/splatfacto/2026-08-20_210115/nerfstudio_models/step-
000001999.ckpt
0 Gaussians have NaN/Inf and 1 have low opacity, only export 697/698
0 Gaussians have NaN/Inf and 1 have low opacity, only export 694/695
[gpu1_w2] ratio3_sh0_dense__f1247 -> ok (108.9s)
Loading latest checkpoint from load_dir
✅ Done loading checkpoint from 
outputs/ctrl_009_009_ratio3_sh0_dense_mid200/ratio3_sh0_dense/f1251/splatfacto/2026-08-20_210116/nerfstudio_models/step-
000001999.ckpt
Loading latest checkpoint from load_dir
✅ Done loading checkpoint from 
outputs/ctrl_009_009_ratio3_sh0_dense_mid200/ratio3_sh0_dense/f1255/splatfacto/2026-08-20_210116/nerfstudio_models/step-
000001999.ckpt
0 Gaussians have NaN/Inf and 2 have low opacity, only export 717/719
[gpu0_w4] ratio3_sh0_dense__f1254 -> ok (108.7s)
[gpu0_w2] ratio3_sh0_dense__f1253 -> ok (110.0s)
[gpu1_w5] ratio3_sh0_dense__f1248 -> ok (110.5s)
[gpu0_w3] ratio3_sh0_dense__f1252 -> ok (110.3s)
[gpu0_w0] ratio3_sh0_dense__f1251 -> ok (110.5s)
[gpu1_w4] ratio3_sh0_dense__f1255 -> ok (109.8s)
[21:04:52]  Be careful with '--eval-mode=all'. If using camera optimization, the cameras    nerfstudio_dataparser.py:216
           may diverge in the current implementation, giving unpredictable results.                                     
            Be careful with '--eval-mode=all'. If using camera optimization, the cameras    nerfstudio_dataparser.py:216
           may diverge in the current implementation, giving unpredictable results.                                     
           use color only optimization with sigmoid activation                                         splatfacto.py:266
Loading latest checkpoint from load_dir
✅ Done loading checkpoint from 
outputs/ctrl_009_009_ratio3_sh0_dense_mid200/ratio3_sh0_dense/f1256/splatfacto/2026-08-20_210309/nerfstudio_models/step-
000001999.ckpt
0 Gaussians have NaN/Inf and 1 have low opacity, only export 694/695
[21:04:56]  Be careful with '--eval-mode=all'. If using camera optimization, the cameras    nerfstudio_dataparser.py:216
           may diverge in the current implementation, giving unpredictable results.                                     
            Be careful with '--eval-mode=all'. If using camera optimization, the cameras    nerfstudio_dataparser.py:216
           may diverge in the current implementation, giving unpredictable results.                                     
           use color only optimization with sigmoid activation                                         splatfacto.py:266
[21:04:57]  Be careful with '--eval-mode=all'. If using camera optimization, the cameras    nerfstudio_dataparser.py:216
           may diverge in the current implementation, giving unpredictable results.                                     
            Be careful with '--eval-mode=all'. If using camera optimization, the cameras    nerfstudio_dataparser.py:216
           may diverge in the current implementation, giving unpredictable results.                                     
[21:04:57]  Be careful with '--eval-mode=all'. If using camera optimization, the cameras    nerfstudio_dataparser.py:216
           may diverge in the current implementation, giving unpredictable results.                                     
            Be careful with '--eval-mode=all'. If using camera optimization, the cameras    nerfstudio_dataparser.py:216
           may diverge in the current implementation, giving unpredictable results.                                     
[gpu0_w1] ratio3_sh0_dense__f1256 -> ok (108.5s)
[21:04:57]  Be careful with '--eval-mode=all'. If using camera optimization, the cameras    nerfstudio_dataparser.py:216
           may diverge in the current implementation, giving unpredictable results.                                     
            Be careful with '--eval-mode=all'. If using camera optimization, the cameras    nerfstudio_dataparser.py:216
           may diverge in the current implementation, giving unpredictable results.                                     
           use color only optimization with sigmoid activation                                         splatfacto.py:266
           use color only optimization with sigmoid activation                                         splatfacto.py:266
[21:04:57]  Be careful with '--eval-mode=all'. If using camera optimization, the cameras    nerfstudio_dataparser.py:216
           may diverge in the current implementation, giving unpredictable results.                                     
            Be careful with '--eval-mode=all'. If using camera optimization, the cameras    nerfstudio_dataparser.py:216
           may diverge in the current implementation, giving unpredictable results.                                     
           use color only optimization with sigmoid activation                                         splatfacto.py:266
           use color only optimization with sigmoid activation                                         splatfacto.py:266
Loading latest checkpoint from load_dir
✅ Done loading checkpoint from 
outputs/ctrl_009_009_ratio3_sh0_dense_mid200/ratio3_sh0_dense/f1260/splatfacto/2026-08-20_210312/nerfstudio_models/step-
000001999.ckpt
[21:04:57]  Be careful with '--eval-mode=all'. If using camera optimization, the cameras    nerfstudio_dataparser.py:216
           may diverge in the current implementation, giving unpredictable results.                                     
            Be careful with '--eval-mode=all'. If using camera optimization, the cameras    nerfstudio_dataparser.py:216
           may diverge in the current implementation, giving unpredictable results.                                     
[21:04:58] use color only optimization with sigmoid activation                                         splatfacto.py:266
[21:04:58]  Be careful with '--eval-mode=all'. If using camera optimization, the cameras    nerfstudio_dataparser.py:216
           may diverge in the current implementation, giving unpredictable results.                                     
            Be careful with '--eval-mode=all'. If using camera optimization, the cameras    nerfstudio_dataparser.py:216
           may diverge in the current implementation, giving unpredictable results.                                     
Loading latest checkpoint from load_dir
✅ Done loading checkpoint from 
outputs/ctrl_009_009_ratio3_sh0_dense_mid200/ratio3_sh0_dense/f1258/splatfacto/2026-08-20_210312/nerfstudio_models/step-
000001999.ckpt
0 Gaussians have NaN/Inf and 2 have low opacity, only export 741/743
           use color only optimization with sigmoid activation                                         splatfacto.py:266
Loading latest checkpoint from load_dir
✅ Done loading checkpoint from 
outputs/ctrl_009_009_ratio3_sh0_dense_mid200/ratio3_sh0_dense/f1257/splatfacto/2026-08-20_210312/nerfstudio_models/step-
000001999.ckpt
[21:04:58]  Be careful with '--eval-mode=all'. If using camera optimization, the cameras    nerfstudio_dataparser.py:216
           may diverge in the current implementation, giving unpredictable results.                                     
Loading latest checkpoint from load_dir
            Be careful with '--eval-mode=all'. If using camera optimization, the cameras    nerfstudio_dataparser.py:216
           may diverge in the current implementation, giving unpredictable results.                                     
Loading latest checkpoint from load_dir
✅ Done loading checkpoint from 
outputs/ctrl_009_009_ratio3_sh0_dense_mid200/ratio3_sh0_dense/f1261/splatfacto/2026-08-20_210313/nerfstudio_models/step-
000001999.ckpt
✅ Done loading checkpoint from 
outputs/ctrl_009_009_ratio3_sh0_dense_mid200/ratio3_sh0_dense/f1259/splatfacto/2026-08-20_210312/nerfstudio_models/step-
000001999.ckpt
0 Gaussians have NaN/Inf and 1 have low opacity, only export 805/806
0 Gaussians have NaN/Inf and 2 have low opacity, only export 746/748
           use color only optimization with sigmoid activation                                         splatfacto.py:266
Loading latest checkpoint from load_dir
✅ Done loading checkpoint from 
outputs/ctrl_009_009_ratio3_sh0_dense_mid200/ratio3_sh0_dense/f1266/splatfacto/2026-08-20_210313/nerfstudio_models/step-
000001999.ckpt
0 Gaussians have NaN/Inf and 7 have low opacity, only export 689/696
Loading latest checkpoint from load_dir
✅ Done loading checkpoint from 
outputs/ctrl_009_009_ratio3_sh0_dense_mid200/ratio3_sh0_dense/f1262/splatfacto/2026-08-20_210313/nerfstudio_models/step-
000001999.ckpt
0 Gaussians have NaN/Inf and 2 have low opacity, only export 687/689
Loading latest checkpoint from load_dir
✅ Done loading checkpoint from 
outputs/ctrl_009_009_ratio3_sh0_dense_mid200/ratio3_sh0_dense/f1265/splatfacto/2026-08-20_210315/nerfstudio_models/step-
000001999.ckpt
0 Gaussians have NaN/Inf and 3 have low opacity, only export 652/655
[21:04:59]  Be careful with '--eval-mode=all'. If using camera optimization, the cameras    nerfstudio_dataparser.py:216
           may diverge in the current implementation, giving unpredictable results.                                     
            Be careful with '--eval-mode=all'. If using camera optimization, the cameras    nerfstudio_dataparser.py:216
           may diverge in the current implementation, giving unpredictable results.                                     
[gpu0_w5] ratio3_sh0_dense__f1260 -> ok (109.5s)
[21:05:00] use color only optimization with sigmoid activation                                         splatfacto.py:266
[21:05:00]  Be careful with '--eval-mode=all'. If using camera optimization, the cameras    nerfstudio_dataparser.py:216
           may diverge in the current implementation, giving unpredictable results.                                     
            Be careful with '--eval-mode=all'. If using camera optimization, the cameras    nerfstudio_dataparser.py:216
           may diverge in the current implementation, giving unpredictable results.                                     
[gpu1_w1] ratio3_sh0_dense__f1257 -> ok (110.7s)
           use color only optimization with sigmoid activation                                         splatfacto.py:266
[gpu1_w0] ratio3_sh0_dense__f1258 -> ok (110.4s)
[gpu1_w3] ratio3_sh0_dense__f1259 -> ok (110.1s)
[gpu1_w2] ratio3_sh0_dense__f1261 -> ok (109.0s)
[gpu0_w0] ratio3_sh0_dense__f1266 -> ok (107.4s)
Loading latest checkpoint from load_dir
✅ Done loading checkpoint from 
outputs/ctrl_009_009_ratio3_sh0_dense_mid200/ratio3_sh0_dense/f1264/splatfacto/2026-08-20_210314/nerfstudio_models/step-
000001999.ckpt
0 Gaussians have NaN/Inf and 4 have low opacity, only export 738/742
[21:05:01]  Be careful with '--eval-mode=all'. If using camera optimization, the cameras    nerfstudio_dataparser.py:216
           may diverge in the current implementation, giving unpredictable results.                                     
            Be careful with '--eval-mode=all'. If using camera optimization, the cameras    nerfstudio_dataparser.py:216
           may diverge in the current implementation, giving unpredictable results.                                     
[gpu0_w4] ratio3_sh0_dense__f1262 -> ok (108.8s)
Loading latest checkpoint from load_dir
           use color only optimization with sigmoid activation                                         splatfacto.py:266
✅ Done loading checkpoint from 
outputs/ctrl_009_009_ratio3_sh0_dense_mid200/ratio3_sh0_dense/f1263/splatfacto/2026-08-20_210315/nerfstudio_models/step-
000001999.ckpt
0 Gaussians have NaN/Inf and 4 have low opacity, only export 721/725
[gpu0_w3] ratio3_sh0_dense__f1265 -> ok (108.2s)
Loading latest checkpoint from load_dir
✅ Done loading checkpoint from 
outputs/ctrl_009_009_ratio3_sh0_dense_mid200/ratio3_sh0_dense/f1267/splatfacto/2026-08-20_210315/nerfstudio_models/step-
000001999.ckpt
0 Gaussians have NaN/Inf and 4 have low opacity, only export 763/767
[gpu1_w5] ratio3_sh0_dense__f1264 -> ok (109.6s)
[gpu0_w2] ratio3_sh0_dense__f1263 -> ok (110.1s)
[gpu1_w4] ratio3_sh0_dense__f1267 -> ok (110.0s)
[21:06:49]  Be careful with '--eval-mode=all'. If using camera optimization, the cameras    nerfstudio_dataparser.py:216
           may diverge in the current implementation, giving unpredictable results.                                     
            Be careful with '--eval-mode=all'. If using camera optimization, the cameras    nerfstudio_dataparser.py:216
           may diverge in the current implementation, giving unpredictable results.                                     
           use color only optimization with sigmoid activation                                         splatfacto.py:266
Loading latest checkpoint from load_dir
✅ Done loading checkpoint from 
outputs/ctrl_009_009_ratio3_sh0_dense_mid200/ratio3_sh0_dense/f1268/splatfacto/2026-08-20_210506/nerfstudio_models/step-
000001999.ckpt
0 Gaussians have NaN/Inf and 3 have low opacity, only export 686/689
[21:06:51]  Be careful with '--eval-mode=all'. If using camera optimization, the cameras    nerfstudio_dataparser.py:216
           may diverge in the current implementation, giving unpredictable results.                                     
            Be careful with '--eval-mode=all'. If using camera optimization, the cameras    nerfstudio_dataparser.py:216
           may diverge in the current implementation, giving unpredictable results.                                     
[21:06:51]  Be careful with '--eval-mode=all'. If using camera optimization, the cameras    nerfstudio_dataparser.py:216
           may diverge in the current implementation, giving unpredictable results.                                     
            Be careful with '--eval-mode=all'. If using camera optimization, the cameras    nerfstudio_dataparser.py:216
           may diverge in the current implementation, giving unpredictable results.                                     
[21:06:52] use color only optimization with sigmoid activation                                         splatfacto.py:266
[21:06:52] use color only optimization with sigmoid activation                                         splatfacto.py:266
[gpu0_w1] ratio3_sh0_dense__f1268 -> ok (108.5s)
Loading latest checkpoint from load_dir
[21:06:52]  Be careful with '--eval-mode=all'. If using camera optimization, the cameras    nerfstudio_dataparser.py:216
           may diverge in the current implementation, giving unpredictable results.                                     
            Be careful with '--eval-mode=all'. If using camera optimization, the cameras    nerfstudio_dataparser.py:216
           may diverge in the current implementation, giving unpredictable results.                                     
✅ Done loading checkpoint from 
outputs/ctrl_009_009_ratio3_sh0_dense_mid200/ratio3_sh0_dense/f1269/splatfacto/2026-08-20_210508/nerfstudio_models/step-
000001999.ckpt
0 Gaussians have NaN/Inf and 5 have low opacity, only export 651/656
Loading latest checkpoint from load_dir
✅ Done loading checkpoint from 
outputs/ctrl_009_009_ratio3_sh0_dense_mid200/ratio3_sh0_dense/f1271/splatfacto/2026-08-20_210508/nerfstudio_models/step-
000001999.ckpt
0 Gaussians have NaN/Inf and 2 have low opacity, only export 660/662
           use color only optimization with sigmoid activation                                         splatfacto.py:266
[21:06:52]  Be careful with '--eval-mode=all'. If using camera optimization, the cameras    nerfstudio_dataparser.py:216
           may diverge in the current implementation, giving unpredictable results.                                     
            Be careful with '--eval-mode=all'. If using camera optimization, the cameras    nerfstudio_dataparser.py:216
           may diverge in the current implementation, giving unpredictable results.                                     
[21:06:52]  Be careful with '--eval-mode=all'. If using camera optimization, the cameras    nerfstudio_dataparser.py:216
           may diverge in the current implementation, giving unpredictable results.                                     
            Be careful with '--eval-mode=all'. If using camera optimization, the cameras    nerfstudio_dataparser.py:216
           may diverge in the current implementation, giving unpredictable results.                                     
[21:06:53] use color only optimization with sigmoid activation                                         splatfacto.py:266
[21:06:53] use color only optimization with sigmoid activation                                         splatfacto.py:266
[21:06:53]  Be careful with '--eval-mode=all'. If using camera optimization, the cameras    nerfstudio_dataparser.py:216
           may diverge in the current implementation, giving unpredictable results.                                     
            Be careful with '--eval-mode=all'. If using camera optimization, the cameras    nerfstudio_dataparser.py:216
           may diverge in the current implementation, giving unpredictable results.                                     
[21:06:53]  Be careful with '--eval-mode=all'. If using camera optimization, the cameras    nerfstudio_dataparser.py:216
           may diverge in the current implementation, giving unpredictable results.                                     
            Be careful with '--eval-mode=all'. If using camera optimization, the cameras    nerfstudio_dataparser.py:216
           may diverge in the current implementation, giving unpredictable results.                                     
Loading latest checkpoint from load_dir
✅ Done loading checkpoint from 
outputs/ctrl_009_009_ratio3_sh0_dense_mid200/ratio3_sh0_dense/f1272/splatfacto/2026-08-20_210508/nerfstudio_models/step-
000001999.ckpt
0 Gaussians have NaN/Inf and 3 have low opacity, only export 576/579
[21:06:53]  Be careful with '--eval-mode=all'. If using camera optimization, the cameras    nerfstudio_dataparser.py:216
           may diverge in the current implementation, giving unpredictable results.                                     
            Be careful with '--eval-mode=all'. If using camera optimization, the cameras    nerfstudio_dataparser.py:216
           may diverge in the current implementation, giving unpredictable results.                                     
           use color only optimization with sigmoid activation                                         splatfacto.py:266
           use color only optimization with sigmoid activation                                         splatfacto.py:266
Loading latest checkpoint from load_dir
Loading latest checkpoint from load_dir
✅ Done loading checkpoint from 
outputs/ctrl_009_009_ratio3_sh0_dense_mid200/ratio3_sh0_dense/f1273/splatfacto/2026-08-20_210509/nerfstudio_models/step-
000001999.ckpt
0 Gaussians have NaN/Inf and 2 have low opacity, only export 625/627
✅ Done loading checkpoint from 
outputs/ctrl_009_009_ratio3_sh0_dense_mid200/ratio3_sh0_dense/f1275/splatfacto/2026-08-20_210508/nerfstudio_models/step-
000001999.ckpt
0 Gaussians have NaN/Inf and 3 have low opacity, only export 661/664
           use color only optimization with sigmoid activation                                         splatfacto.py:266
[21:06:54]  Be careful with '--eval-mode=all'. If using camera optimization, the cameras    nerfstudio_dataparser.py:216
           may diverge in the current implementation, giving unpredictable results.                                     
            Be careful with '--eval-mode=all'. If using camera optimization, the cameras    nerfstudio_dataparser.py:216
           may diverge in the current implementation, giving unpredictable results.                                     
           use color only optimization with sigmoid activation                                         splatfacto.py:266
[gpu0_w5] ratio3_sh0_dense__f1269 -> ok (107.8s)
[21:06:54]  Be careful with '--eval-mode=all'. If using camera optimization, the cameras    nerfstudio_dataparser.py:216
           may diverge in the current implementation, giving unpredictable results.                                     
            Be careful with '--eval-mode=all'. If using camera optimization, the cameras    nerfstudio_dataparser.py:216
           may diverge in the current implementation, giving unpredictable results.                                     
Loading latest checkpoint from load_dir
✅ Done loading checkpoint from 
outputs/ctrl_009_009_ratio3_sh0_dense_mid200/ratio3_sh0_dense/f1270/splatfacto/2026-08-20_210509/nerfstudio_models/step-
000001999.ckpt
0 Gaussians have NaN/Inf and 3 have low opacity, only export 689/692
Loading latest checkpoint from load_dir
✅ Done loading checkpoint from 
outputs/ctrl_009_009_ratio3_sh0_dense_mid200/ratio3_sh0_dense/f1276/splatfacto/2026-08-20_210509/nerfstudio_models/step-
000001999.ckpt
0 Gaussians have NaN/Inf and 2 have low opacity, only export 672/674
Loading latest checkpoint from load_dir
✅ Done loading checkpoint from 
outputs/ctrl_009_009_ratio3_sh0_dense_mid200/ratio3_sh0_dense/f1277/splatfacto/2026-08-20_210511/nerfstudio_models/step-
000001999.ckpt
0 Gaussians have NaN/Inf and 3 have low opacity, only export 697/700
           use color only optimization with sigmoid activation                                         splatfacto.py:266
[gpu1_w0] ratio3_sh0_dense__f1271 -> ok (107.8s)
Loading latest checkpoint from load_dir
✅ Done loading checkpoint from 
outputs/ctrl_009_009_ratio3_sh0_dense_mid200/ratio3_sh0_dense/f1274/splatfacto/2026-08-20_210509/nerfstudio_models/step-
000001999.ckpt
0 Gaussians have NaN/Inf and 2 have low opacity, only export 641/643
[21:06:55]  Be careful with '--eval-mode=all'. If using camera optimization, the cameras    nerfstudio_dataparser.py:216
           may diverge in the current implementation, giving unpredictable results.                                     
            Be careful with '--eval-mode=all'. If using camera optimization, the cameras    nerfstudio_dataparser.py:216
           may diverge in the current implementation, giving unpredictable results.                                     
           use color only optimization with sigmoid activation                                         splatfacto.py:266
Loading latest checkpoint from load_dir
[gpu1_w3] ratio3_sh0_dense__f1272 -> ok (108.7s)
✅ Done loading checkpoint from 
outputs/ctrl_009_009_ratio3_sh0_dense_mid200/ratio3_sh0_dense/f1278/splatfacto/2026-08-20_210511/nerfstudio_models/step-
000001999.ckpt
0 Gaussians have NaN/Inf and 6 have low opacity, only export 653/659
[gpu0_w4] ratio3_sh0_dense__f1275 -> ok (108.2s)
[gpu1_w2] ratio3_sh0_dense__f1273 -> ok (108.8s)
Loading latest checkpoint from load_dir
✅ Done loading checkpoint from 
outputs/ctrl_009_009_ratio3_sh0_dense_mid200/ratio3_sh0_dense/f1279/splatfacto/2026-08-20_210512/nerfstudio_models/step-
000001999.ckpt
0 Gaussians have NaN/Inf and 7 have low opacity, only export 610/617
[gpu1_w1] ratio3_sh0_dense__f1270 -> ok (109.4s)
[gpu1_w5] ratio3_sh0_dense__f1277 -> ok (107.0s)
[gpu0_w3] ratio3_sh0_dense__f1276 -> ok (108.5s)
[gpu0_w0] ratio3_sh0_dense__f1274 -> ok (109.4s)
[gpu0_w2] ratio3_sh0_dense__f1278 -> ok (107.7s)
[gpu1_w4] ratio3_sh0_dense__f1279 -> ok (107.2s)
[21:08:45]  Be careful with '--eval-mode=all'. If using camera optimization, the cameras    nerfstudio_dataparser.py:216
           may diverge in the current implementation, giving unpredictable results.                                     
            Be careful with '--eval-mode=all'. If using camera optimization, the cameras    nerfstudio_dataparser.py:216
           may diverge in the current implementation, giving unpredictable results.                                     
[21:08:46] use color only optimization with sigmoid activation                                         splatfacto.py:266
[21:08:46]  Be careful with '--eval-mode=all'. If using camera optimization, the cameras    nerfstudio_dataparser.py:216
           may diverge in the current implementation, giving unpredictable results.                                     
Loading latest checkpoint from load_dir
            Be careful with '--eval-mode=all'. If using camera optimization, the cameras    nerfstudio_dataparser.py:216
           may diverge in the current implementation, giving unpredictable results.                                     
[21:08:46]  Be careful with '--eval-mode=all'. If using camera optimization, the cameras    nerfstudio_dataparser.py:216
           may diverge in the current implementation, giving unpredictable results.                                     
✅ Done loading checkpoint from 
outputs/ctrl_009_009_ratio3_sh0_dense_mid200/ratio3_sh0_dense/f1280/splatfacto/2026-08-20_210701/nerfstudio_models/step-
000001999.ckpt
            Be careful with '--eval-mode=all'. If using camera optimization, the cameras    nerfstudio_dataparser.py:216
           may diverge in the current implementation, giving unpredictable results.                                     
0 Gaussians have NaN/Inf and 6 have low opacity, only export 610/616
[21:08:47] use color only optimization with sigmoid activation                                         splatfacto.py:266
[21:08:47] use color only optimization with sigmoid activation                                         splatfacto.py:266
[21:08:47]  Be careful with '--eval-mode=all'. If using camera optimization, the cameras    nerfstudio_dataparser.py:216
           may diverge in the current implementation, giving unpredictable results.                                     
            Be careful with '--eval-mode=all'. If using camera optimization, the cameras    nerfstudio_dataparser.py:216
           may diverge in the current implementation, giving unpredictable results.                                     
[21:08:47]  Be careful with '--eval-mode=all'. If using camera optimization, the cameras    nerfstudio_dataparser.py:216
           may diverge in the current implementation, giving unpredictable results.                                     
            Be careful with '--eval-mode=all'. If using camera optimization, the cameras    nerfstudio_dataparser.py:216
           may diverge in the current implementation, giving unpredictable results.                                     
           use color only optimization with sigmoid activation                                         splatfacto.py:266
           use color only optimization with sigmoid activation                                         splatfacto.py:266
[21:08:47]  Be careful with '--eval-mode=all'. If using camera optimization, the cameras    nerfstudio_dataparser.py:216
           may diverge in the current implementation, giving unpredictable results.                                     
            Be careful with '--eval-mode=all'. If using camera optimization, the cameras    nerfstudio_dataparser.py:216
           may diverge in the current implementation, giving unpredictable results.                                     
           use color only optimization with sigmoid activation                                         splatfacto.py:266
Loading latest checkpoint from load_dir
✅ Done loading checkpoint from 
outputs/ctrl_009_009_ratio3_sh0_dense_mid200/ratio3_sh0_dense/f1286/splatfacto/2026-08-20_210703/nerfstudio_models/step-
000001999.ckpt
0 Gaussians have NaN/Inf and 1 have low opacity, only export 694/695
Loading latest checkpoint from load_dir
✅ Done loading checkpoint from 
outputs/ctrl_009_009_ratio3_sh0_dense_mid200/ratio3_sh0_dense/f1281/splatfacto/2026-08-20_210702/nerfstudio_models/step-
000001999.ckpt
0 Gaussians have NaN/Inf and 3 have low opacity, only export 625/628
[21:08:48]  Be careful with '--eval-mode=all'. If using camera optimization, the cameras    nerfstudio_dataparser.py:216
           may diverge in the current implementation, giving unpredictable results.                                     
            Be careful with '--eval-mode=all'. If using camera optimization, the cameras    nerfstudio_dataparser.py:216
           may diverge in the current implementation, giving unpredictable results.                                     
           use color only optimization with sigmoid activation                                         splatfacto.py:266
Loading latest checkpoint from load_dir
Loading latest checkpoint from load_dir
✅ Done loading checkpoint from 
outputs/ctrl_009_009_ratio3_sh0_dense_mid200/ratio3_sh0_dense/f1290/splatfacto/2026-08-20_210704/nerfstudio_models/step-
000001999.ckpt
0 Gaussians have NaN/Inf and 4 have low opacity, only export 708/712
✅ Done loading checkpoint from 
outputs/ctrl_009_009_ratio3_sh0_dense_mid200/ratio3_sh0_dense/f1282/splatfacto/2026-08-20_210702/nerfstudio_models/step-
000001999.ckpt
[21:08:48]  Be careful with '--eval-mode=all'. If using camera optimization, the cameras    nerfstudio_dataparser.py:216
           may diverge in the current implementation, giving unpredictable results.                                     
            Be careful with '--eval-mode=all'. If using camera optimization, the cameras    nerfstudio_dataparser.py:216
           may diverge in the current implementation, giving unpredictable results.                                     
Loading latest checkpoint from load_dir
           use color only optimization with sigmoid activation                                         splatfacto.py:266
✅ Done loading checkpoint from 
outputs/ctrl_009_009_ratio3_sh0_dense_mid200/ratio3_sh0_dense/f1283/splatfacto/2026-08-20_210703/nerfstudio_models/step-
000001999.ckpt
0 Gaussians have NaN/Inf and 5 have low opacity, only export 649/654
[gpu0_w1] ratio3_sh0_dense__f1280 -> ok (109.4s)
[21:08:48]  Be careful with '--eval-mode=all'. If using camera optimization, the cameras    nerfstudio_dataparser.py:216
           may diverge in the current implementation, giving unpredictable results.                                     
            Be careful with '--eval-mode=all'. If using camera optimization, the cameras    nerfstudio_dataparser.py:216
           may diverge in the current implementation, giving unpredictable results.                                     
[21:08:49]  Be careful with '--eval-mode=all'. If using camera optimization, the cameras    nerfstudio_dataparser.py:216
           may diverge in the current implementation, giving unpredictable results.                                     
[21:08:49] use color only optimization with sigmoid activation                                         splatfacto.py:266
            Be careful with '--eval-mode=all'. If using camera optimization, the cameras    nerfstudio_dataparser.py:216
           may diverge in the current implementation, giving unpredictable results.                                     
[21:08:49]  Be careful with '--eval-mode=all'. If using camera optimization, the cameras    nerfstudio_dataparser.py:216
           may diverge in the current implementation, giving unpredictable results.                                     
            Be careful with '--eval-mode=all'. If using camera optimization, the cameras    nerfstudio_dataparser.py:216
           may diverge in the current implementation, giving unpredictable results.                                     
Loading latest checkpoint from load_dir
✅ Done loading checkpoint from 
outputs/ctrl_009_009_ratio3_sh0_dense_mid200/ratio3_sh0_dense/f1287/splatfacto/2026-08-20_210703/nerfstudio_models/step-
000001999.ckpt
0 Gaussians have NaN/Inf and 2 have low opacity, only export 637/639
           use color only optimization with sigmoid activation                                         splatfacto.py:266
           use color only optimization with sigmoid activation                                         splatfacto.py:266
Loading latest checkpoint from load_dir
[21:08:49]  Be careful with '--eval-mode=all'. If using camera optimization, the cameras    nerfstudio_dataparser.py:216
           may diverge in the current implementation, giving unpredictable results.                                     
            Be careful with '--eval-mode=all'. If using camera optimization, the cameras    nerfstudio_dataparser.py:216
           may diverge in the current implementation, giving unpredictable results.                                     
✅ Done loading checkpoint from 
outputs/ctrl_009_009_ratio3_sh0_dense_mid200/ratio3_sh0_dense/f1285/splatfacto/2026-08-20_210704/nerfstudio_models/step-
000001999.ckpt
0 Gaussians have NaN/Inf and 4 have low opacity, only export 672/676
           use color only optimization with sigmoid activation                                         splatfacto.py:266
Loading latest checkpoint from load_dir
✅ Done loading checkpoint from 
outputs/ctrl_009_009_ratio3_sh0_dense_mid200/ratio3_sh0_dense/f1291/splatfacto/2026-08-20_210704/nerfstudio_models/step-
000001999.ckpt
0 Gaussians have NaN/Inf and 6 have low opacity, only export 676/682
[gpu1_w1] ratio3_sh0_dense__f1286 -> ok (106.6s)
[gpu0_w5] ratio3_sh0_dense__f1281 -> ok (108.8s)
Loading latest checkpoint from load_dir
✅ Done loading checkpoint from 
outputs/ctrl_009_009_ratio3_sh0_dense_mid200/ratio3_sh0_dense/f1289/splatfacto/2026-08-20_210704/nerfstudio_models/step-
000001999.ckpt
Loading latest checkpoint from load_dir
0 Gaussians have NaN/Inf and 3 have low opacity, only export 699/702
✅ Done loading checkpoint from 
outputs/ctrl_009_009_ratio3_sh0_dense_mid200/ratio3_sh0_dense/f1284/splatfacto/2026-08-20_210704/nerfstudio_models/step-
000001999.ckpt
0 Gaussians have NaN/Inf and 4 have low opacity, only export 668/672
[gpu1_w0] ratio3_sh0_dense__f1282 -> ok (108.7s)
[gpu0_w2] ratio3_sh0_dense__f1290 -> ok (106.1s)
Loading latest checkpoint from load_dir
[gpu1_w3] ratio3_sh0_dense__f1283 -> ok (108.0s)
✅ Done loading checkpoint from 
outputs/ctrl_009_009_ratio3_sh0_dense_mid200/ratio3_sh0_dense/f1288/splatfacto/2026-08-20_210705/nerfstudio_models/step-
000001999.ckpt
0 Gaussians have NaN/Inf and 2 have low opacity, only export 708/710
[gpu1_w5] ratio3_sh0_dense__f1287 -> ok (107.8s)
[gpu0_w4] ratio3_sh0_dense__f1285 -> ok (108.8s)
[gpu1_w4] ratio3_sh0_dense__f1291 -> ok (107.2s)
[gpu1_w4] queue drained: 16 ok, 0 failed
[gpu1_w2] ratio3_sh0_dense__f1284 -> ok (109.3s)
[gpu1_w2] queue drained: 16 ok, 0 failed
[gpu0_w0] ratio3_sh0_dense__f1289 -> ok (108.4s)
[gpu0_w0] queue drained: 16 ok, 0 failed
[gpu0_w3] ratio3_sh0_dense__f1288 -> ok (108.8s)
[gpu0_w3] queue drained: 16 ok, 0 failed
[21:10:19]  Be careful with '--eval-mode=all'. If using camera optimization, the cameras    nerfstudio_dataparser.py:216
           may diverge in the current implementation, giving unpredictable results.                                     
            Be careful with '--eval-mode=all'. If using camera optimization, the cameras    nerfstudio_dataparser.py:216
           may diverge in the current implementation, giving unpredictable results.                                     
[21:10:20] use color only optimization with sigmoid activation                                         splatfacto.py:266
Loading latest checkpoint from load_dir
✅ Done loading checkpoint from 
outputs/ctrl_009_009_ratio3_sh0_dense_mid200/ratio3_sh0_dense/f1292/splatfacto/2026-08-20_210858/nerfstudio_models/step-
000001999.ckpt
[21:10:22]  Be careful with '--eval-mode=all'. If using camera optimization, the cameras    nerfstudio_dataparser.py:216
           may diverge in the current implementation, giving unpredictable results.                                     
            Be careful with '--eval-mode=all'. If using camera optimization, the cameras    nerfstudio_dataparser.py:216
           may diverge in the current implementation, giving unpredictable results.                                     
[21:10:22]  Be careful with '--eval-mode=all'. If using camera optimization, the cameras    nerfstudio_dataparser.py:216
           may diverge in the current implementation, giving unpredictable results.                                     
            Be careful with '--eval-mode=all'. If using camera optimization, the cameras    nerfstudio_dataparser.py:216
           may diverge in the current implementation, giving unpredictable results.                                     
           use color only optimization with sigmoid activation                                         splatfacto.py:266
[gpu0_w1] ratio3_sh0_dense__f1292 -> ok (86.9s)
[gpu0_w1] queue drained: 17 ok, 0 failed
[21:10:22]  Be careful with '--eval-mode=all'. If using camera optimization, the cameras    nerfstudio_dataparser.py:216
           may diverge in the current implementation, giving unpredictable results.                                     
            Be careful with '--eval-mode=all'. If using camera optimization, the cameras    nerfstudio_dataparser.py:216
           may diverge in the current implementation, giving unpredictable results.                                     
[21:10:22]  Be careful with '--eval-mode=all'. If using camera optimization, the cameras    nerfstudio_dataparser.py:216
           may diverge in the current implementation, giving unpredictable results.                                     
            Be careful with '--eval-mode=all'. If using camera optimization, the cameras    nerfstudio_dataparser.py:216
           may diverge in the current implementation, giving unpredictable results.                                     
           use color only optimization with sigmoid activation                                         splatfacto.py:266
[21:10:22]  Be careful with '--eval-mode=all'. If using camera optimization, the cameras    nerfstudio_dataparser.py:216
           may diverge in the current implementation, giving unpredictable results.                                     
            Be careful with '--eval-mode=all'. If using camera optimization, the cameras    nerfstudio_dataparser.py:216
           may diverge in the current implementation, giving unpredictable results.                                     
           use color only optimization with sigmoid activation                                         splatfacto.py:266
           use color only optimization with sigmoid activation                                         splatfacto.py:266
           use color only optimization with sigmoid activation                                         splatfacto.py:266
[21:10:22]  Be careful with '--eval-mode=all'. If using camera optimization, the cameras    nerfstudio_dataparser.py:216
           may diverge in the current implementation, giving unpredictable results.                                     
            Be careful with '--eval-mode=all'. If using camera optimization, the cameras    nerfstudio_dataparser.py:216
           may diverge in the current implementation, giving unpredictable results.                                     
Loading latest checkpoint from load_dir
✅ Done loading checkpoint from 
outputs/ctrl_009_009_ratio3_sh0_dense_mid200/ratio3_sh0_dense/f1293/splatfacto/2026-08-20_210900/nerfstudio_models/step-
000001999.ckpt
0 Gaussians have NaN/Inf and 1 have low opacity, only export 728/729
[21:10:23] use color only optimization with sigmoid activation                                         splatfacto.py:266
Loading latest checkpoint from load_dir
✅ Done loading checkpoint from 
outputs/ctrl_009_009_ratio3_sh0_dense_mid200/ratio3_sh0_dense/f1296/splatfacto/2026-08-20_210901/nerfstudio_models/step-
000001999.ckpt
Loading latest checkpoint from load_dir
✅ Done loading checkpoint from 
outputs/ctrl_009_009_ratio3_sh0_dense_mid200/ratio3_sh0_dense/f1297/splatfacto/2026-08-20_210901/nerfstudio_models/step-
000001999.ckpt
Loading latest checkpoint from load_dir
0 Gaussians have NaN/Inf and 2 have low opacity, only export 714/716
✅ Done loading checkpoint from 
outputs/ctrl_009_009_ratio3_sh0_dense_mid200/ratio3_sh0_dense/f1295/splatfacto/2026-08-20_210901/nerfstudio_models/step-
000001999.ckpt
Loading latest checkpoint from load_dir
✅ Done loading checkpoint from 
outputs/ctrl_009_009_ratio3_sh0_dense_mid200/ratio3_sh0_dense/f1294/splatfacto/2026-08-20_210900/nerfstudio_models/step-
000001999.ckpt
0 Gaussians have NaN/Inf and 3 have low opacity, only export 723/726
Loading latest checkpoint from load_dir
✅ Done loading checkpoint from 
outputs/ctrl_009_009_ratio3_sh0_dense_mid200/ratio3_sh0_dense/f1299/splatfacto/2026-08-20_210902/nerfstudio_models/step-
000001999.ckpt
[21:10:24]  Be careful with '--eval-mode=all'. If using camera optimization, the cameras    nerfstudio_dataparser.py:216
           may diverge in the current implementation, giving unpredictable results.                                     
            Be careful with '--eval-mode=all'. If using camera optimization, the cameras    nerfstudio_dataparser.py:216
           may diverge in the current implementation, giving unpredictable results.                                     
           use color only optimization with sigmoid activation                                         splatfacto.py:266
[gpu0_w2] ratio3_sh0_dense__f1296 -> ok (87.8s)
[gpu0_w2] queue drained: 17 ok, 0 failed
[gpu1_w1] ratio3_sh0_dense__f1293 -> ok (88.3s)
[gpu1_w1] queue drained: 17 ok, 0 failed
[gpu1_w3] ratio3_sh0_dense__f1297 -> ok (87.6s)
[gpu1_w3] queue drained: 17 ok, 0 failed
[gpu1_w0] ratio3_sh0_dense__f1295 -> ok (88.0s)
[gpu1_w0] queue drained: 17 ok, 0 failed
Loading latest checkpoint from load_dir
✅ Done loading checkpoint from 
outputs/ctrl_009_009_ratio3_sh0_dense_mid200/ratio3_sh0_dense/f1298/splatfacto/2026-08-20_210901/nerfstudio_models/step-
000001999.ckpt
[gpu0_w5] ratio3_sh0_dense__f1294 -> ok (88.5s)
[gpu0_w5] queue drained: 17 ok, 0 failed
0 Gaussians have NaN/Inf and 1 have low opacity, only export 723/724
[gpu0_w4] ratio3_sh0_dense__f1299 -> ok (87.1s)
[gpu0_w4] queue drained: 17 ok, 0 failed
[gpu1_w5] ratio3_sh0_dense__f1298 -> ok (88.7s)
[gpu1_w5] queue drained: 17 ok, 0 failed
[prepare] frame 1297 data ready
Dataset generated successfully at: /home/computer0/fly_project/fly_gsplat/ctrl_009/009/f1298
4 cameras loaded
Seed: [-0.00778583 -0.01727861 -0.0014083 ]  triangulation residual=0.091 mm
Sampled 10000 points in 2mm sphere
Surviving points (all 4 cameras): 2124
After outlier removal: 2035 points
Saved -> /home/computer0/fly_project/fly_gsplat/ctrl_009/009/f1298/init_points.ply
[prepare] frame 1298 data ready
Dataset generated successfully at: /home/computer0/fly_project/fly_gsplat/ctrl_009/009/f1299
4 cameras loaded
Seed: [-0.00776444 -0.01726181 -0.00136216]  triangulation residual=0.107 mm
Sampled 10000 points in 2mm sphere
Surviving points (all 4 cameras): 2063
After outlier removal: 1984 points
Saved -> /home/computer0/fly_project/fly_gsplat/ctrl_009/009/f1299/init_points.ply
[prepare] frame 1299 data ready
=== Phase B: build queue ===
[queue] 200 tasks queued, 0 already done (skipped)
=== Phase C: dispatch 2x6 workers ===
Done in 1834.6s: 200 ok, 0 failed -> /home/computer0/fly_project/fly_gsplat/outputs/ctrl_009_009_ratio3_sh0_dense_mid200/schedule_summary.json
