=== Phase A: data prep ===
Dataset generated successfully at: /home/computer0/fly_project/fly_gsplat/ctrl_009/001/f1100
4 cameras loaded
Seed: [-0.00204547 -0.00205391 -0.0017945 ]  triangulation residual=1.471 mm
Sampled 10000 points in 2mm sphere
Surviving points (all 4 cameras): 5738
After outlier removal: 5509 points
Saved -> /home/computer0/fly_project/fly_gsplat/ctrl_009/001/f1100/init_points.ply
[prepare] frame 1100 data ready
Dataset generated successfully at: /home/computer0/fly_project/fly_gsplat/ctrl_009/001/f1101
4 cameras loaded
Seed: [-0.00205312 -0.00205121 -0.00179657]  triangulation residual=1.467 mm
Sampled 10000 points in 2mm sphere
Surviving points (all 4 cameras): 5797
After outlier removal: 5557 points
Saved -> /home/computer0/fly_project/fly_gsplat/ctrl_009/001/f1101/init_points.ply
[prepare] frame 1101 data ready
Dataset generated successfully at: /home/computer0/fly_project/fly_gsplat/ctrl_009/001/f1102
4 cameras loaded
Seed: [-0.00205744 -0.00205523 -0.00180119]  triangulation residual=1.468 mm
Sampled 10000 points in 2mm sphere
Surviving points (all 4 cameras): 5783
After outlier removal: 5540 points
Saved -> /home/computer0/fly_project/fly_gsplat/ctrl_009/001/f1102/init_points.ply
[prepare] frame 1102 data ready
Dataset generated successfully at: /home/computer0/fly_project/fly_gsplat/ctrl_009/001/f1103
4 cameras loaded
Seed: [-0.00206108 -0.00205648 -0.00180623]  triangulation residual=1.470 mm
Sampled 10000 points in 2mm sphere
Surviving points (all 4 cameras): 5751
After outlier removal: 5518 points
Saved -> /home/computer0/fly_project/fly_gsplat/ctrl_009/001/f1103/init_points.ply
[prepare] frame 1103 data ready
Dataset generated successfully at: /home/computer0/fly_project/fly_gsplat/ctrl_009/001/f1104
4 cameras loaded
Seed: [-0.00206686 -0.00205847 -0.00180992]  triangulation residual=1.468 mm
Sampled 10000 points in 2mm sphere
Surviving points (all 4 cameras): 5911
After outlier removal: 5663 points
Saved -> /home/computer0/fly_project/fly_gsplat/ctrl_009/001/f1104/init_points.ply
[prepare] frame 1104 data ready
Dataset generated successfully at: /home/computer0/fly_project/fly_gsplat/ctrl_009/001/f1105
4 cameras loaded
Seed: [-0.00206905 -0.00205695 -0.00181489]  triangulation residual=1.474 mm
Sampled 10000 points in 2mm sphere
Surviving points (all 4 cameras): 5739
After outlier removal: 5505 points
Saved -> /home/computer0/fly_project/fly_gsplat/ctrl_009/001/f1105/init_points.ply
[prepare] frame 1105 data ready
Dataset generated successfully at: /home/computer0/fly_project/fly_gsplat/ctrl_009/001/f1106
4 cameras loaded
Seed: [-0.00207306 -0.00206028 -0.00181794]  triangulation residual=1.477 mm
Sampled 10000 points in 2mm sphere
Surviving points (all 4 cameras): 5836
After outlier removal: 5595 points
Saved -> /home/computer0/fly_project/fly_gsplat/ctrl_009/001/f1106/init_points.ply
[prepare] frame 1106 data ready
Dataset generated successfully at: /home/computer0/fly_project/fly_gsplat/ctrl_009/001/f1107
4 cameras loaded
Seed: [-0.00208173 -0.00205773 -0.00182536]  triangulation residual=1.470 mm
Sampled 10000 points in 2mm sphere
Surviving points (all 4 cameras): 5770
After outlier removal: 5545 points
Saved -> /home/computer0/fly_project/fly_gsplat/ctrl_009/001/f1107/init_points.ply
[prepare] frame 1107 data ready
Dataset generated successfully at: /home/computer0/fly_project/fly_gsplat/ctrl_009/001/f1108
4 cameras loaded
Seed: [-0.00208306 -0.00206391 -0.00182825]  triangulation residual=1.477 mm
Sampled 10000 points in 2mm sphere
Surviving points (all 4 cameras): 5842
After outlier removal: 5593 points
Saved -> /home/computer0/fly_project/fly_gsplat/ctrl_009/001/f1108/init_points.ply
[prepare] frame 1108 data ready
Dataset generated successfully at: /home/computer0/fly_project/fly_gsplat/ctrl_009/001/f1109
4 cameras loaded
Seed: [-0.0020897  -0.00205979 -0.00183547]  triangulation residual=1.473 mm
Sampled 10000 points in 2mm sphere
Surviving points (all 4 cameras): 5852
After outlier removal: 5615 points
Saved -> /home/computer0/fly_project/fly_gsplat/ctrl_009/001/f1109/init_points.ply
[prepare] frame 1109 data ready
Dataset generated successfully at: /home/computer0/fly_project/fly_gsplat/ctrl_009/001/f1110
4 cameras loaded
Seed: [-0.00208734 -0.00206725 -0.00184054]  triangulation residual=1.485 mm
Sampled 10000 points in 2mm sphere
Surviving points (all 4 cameras): 5727
After outlier removal: 5506 points
Saved -> /home/computer0/fly_project/fly_gsplat/ctrl_009/001/f1110/init_points.ply
[prepare] frame 1110 data ready
Dataset generated successfully at: /home/computer0/fly_project/fly_gsplat/ctrl_009/001/f1111
4 cameras loaded
Seed: [-0.00209189 -0.00205772 -0.0018456 ]  triangulation residual=1.488 mm
Sampled 10000 points in 2mm sphere
Surviving points (all 4 cameras): 5828
After outlier removal: 5600 points
Saved -> /home/computer0/fly_project/fly_gsplat/ctrl_009/001/f1111/init_points.ply
[prepare] frame 1111 data ready
Dataset generated successfully at: /home/computer0/fly_project/fly_gsplat/ctrl_009/001/f1112
4 cameras loaded
Seed: [-0.00209361 -0.00206808 -0.00184876]  triangulation residual=1.492 mm
Sampled 10000 points in 2mm sphere
Surviving points (all 4 cameras): 5775
After outlier removal: 5546 points
Saved -> /home/computer0/fly_project/fly_gsplat/ctrl_009/001/f1112/init_points.ply
[prepare] frame 1112 data ready
Dataset generated successfully at: /home/computer0/fly_project/fly_gsplat/ctrl_009/001/f1113
4 cameras loaded
Seed: [-0.00209716 -0.00206966 -0.00185434]  triangulation residual=1.495 mm
Sampled 10000 points in 2mm sphere
Surviving points (all 4 cameras): 5715
After outlier removal: 5475 points
Saved -> /home/computer0/fly_project/fly_gsplat/ctrl_009/001/f1113/init_points.ply
[prepare] frame 1113 data ready
Dataset generated successfully at: /home/computer0/fly_project/fly_gsplat/ctrl_009/001/f1114
4 cameras loaded
Seed: [-0.00209483 -0.00206868 -0.00186291]  triangulation residual=1.504 mm
Sampled 10000 points in 2mm sphere
Surviving points (all 4 cameras): 5788
After outlier removal: 5564 points
Saved -> /home/computer0/fly_project/fly_gsplat/ctrl_009/001/f1114/init_points.ply
[prepare] frame 1114 data ready
Dataset generated successfully at: /home/computer0/fly_project/fly_gsplat/ctrl_009/001/f1115
4 cameras loaded
Seed: [-0.00210429 -0.00206793 -0.0018659 ]  triangulation residual=1.498 mm
Sampled 10000 points in 2mm sphere
Surviving points (all 4 cameras): 5747
After outlier removal: 5520 points
Saved -> /home/computer0/fly_project/fly_gsplat/ctrl_009/001/f1115/init_points.ply
[prepare] frame 1115 data ready
Dataset generated successfully at: /home/computer0/fly_project/fly_gsplat/ctrl_009/001/f1116
4 cameras loaded
Seed: [-0.00210008 -0.00207463 -0.00187075]  triangulation residual=1.512 mm
Sampled 10000 points in 2mm sphere
Surviving points (all 4 cameras): 5670
After outlier removal: 5429 points
Saved -> /home/computer0/fly_project/fly_gsplat/ctrl_009/001/f1116/init_points.ply
[prepare] frame 1116 data ready
Dataset generated successfully at: /home/computer0/fly_project/fly_gsplat/ctrl_009/001/f1117
4 cameras loaded
Seed: [-0.00211137 -0.00207352 -0.0018759 ]  triangulation residual=1.502 mm
Sampled 10000 points in 2mm sphere
Surviving points (all 4 cameras): 5725
After outlier removal: 5502 points
Saved -> /home/computer0/fly_project/fly_gsplat/ctrl_009/001/f1117/init_points.ply
[prepare] frame 1117 data ready
Dataset generated successfully at: /home/computer0/fly_project/fly_gsplat/ctrl_009/001/f1118
4 cameras loaded
Seed: [-0.00210723 -0.00207604 -0.00188065]  triangulation residual=1.516 mm
Sampled 10000 points in 2mm sphere
Surviving points (all 4 cameras): 5827
After outlier removal: 5579 points
Saved -> /home/computer0/fly_project/fly_gsplat/ctrl_009/001/f1118/init_points.ply
[prepare] frame 1118 data ready
Dataset generated successfully at: /home/computer0/fly_project/fly_gsplat/ctrl_009/001/f1119
4 cameras loaded
Seed: [-0.00211612 -0.00207928 -0.00188468]  triangulation residual=1.510 mm
Sampled 10000 points in 2mm sphere
Surviving points (all 4 cameras): 5782
After outlier removal: 5552 points
Saved -> /home/computer0/fly_project/fly_gsplat/ctrl_009/001/f1119/init_points.ply
[prepare] frame 1119 data ready
Dataset generated successfully at: /home/computer0/fly_project/fly_gsplat/ctrl_009/001/f1120
4 cameras loaded
Seed: [-0.00211487 -0.00208392 -0.00188944]  triangulation residual=1.518 mm
Sampled 10000 points in 2mm sphere
Surviving points (all 4 cameras): 5778
After outlier removal: 5536 points
Saved -> /home/computer0/fly_project/fly_gsplat/ctrl_009/001/f1120/init_points.ply
[prepare] frame 1120 data ready
Dataset generated successfully at: /home/computer0/fly_project/fly_gsplat/ctrl_009/001/f1121
4 cameras loaded
Seed: [-0.00212004 -0.00208125 -0.00189853]  triangulation residual=1.516 mm
Sampled 10000 points in 2mm sphere
Surviving points (all 4 cameras): 5708
After outlier removal: 5478 points
Saved -> /home/computer0/fly_project/fly_gsplat/ctrl_009/001/f1121/init_points.ply
[prepare] frame 1121 data ready
Dataset generated successfully at: /home/computer0/fly_project/fly_gsplat/ctrl_009/001/f1122
4 cameras loaded
Seed: [-0.00211763 -0.00208757 -0.00190319]  triangulation residual=1.528 mm
Sampled 10000 points in 2mm sphere
Surviving points (all 4 cameras): 5722
After outlier removal: 5473 points
Saved -> /home/computer0/fly_project/fly_gsplat/ctrl_009/001/f1122/init_points.ply
[prepare] frame 1122 data ready
Dataset generated successfully at: /home/computer0/fly_project/fly_gsplat/ctrl_009/001/f1123
4 cameras loaded
Seed: [-0.00212703 -0.00208211 -0.00191052]  triangulation residual=1.520 mm
Sampled 10000 points in 2mm sphere
Surviving points (all 4 cameras): 5706
After outlier removal: 5495 points
Saved -> /home/computer0/fly_project/fly_gsplat/ctrl_009/001/f1123/init_points.ply
[prepare] frame 1123 data ready
Dataset generated successfully at: /home/computer0/fly_project/fly_gsplat/ctrl_009/001/f1124
4 cameras loaded
Seed: [-0.0021231  -0.00209107 -0.00191648]  triangulation residual=1.534 mm
Sampled 10000 points in 2mm sphere
Surviving points (all 4 cameras): 5633
After outlier removal: 5401 points
Saved -> /home/computer0/fly_project/fly_gsplat/ctrl_009/001/f1124/init_points.ply
[prepare] frame 1124 data ready
Dataset generated successfully at: /home/computer0/fly_project/fly_gsplat/ctrl_009/001/f1125
4 cameras loaded
Seed: [-0.0021301  -0.00208243 -0.00191896]  triangulation residual=1.531 mm
Sampled 10000 points in 2mm sphere
Surviving points (all 4 cameras): 5625
After outlier removal: 5396 points
Saved -> /home/computer0/fly_project/fly_gsplat/ctrl_009/001/f1125/init_points.ply
[prepare] frame 1125 data ready
Dataset generated successfully at: /home/computer0/fly_project/fly_gsplat/ctrl_009/001/f1126
4 cameras loaded
Seed: [-0.00212554 -0.00209809 -0.00192593]  triangulation residual=1.544 mm
Sampled 10000 points in 2mm sphere
Surviving points (all 4 cameras): 5614
After outlier removal: 5375 points
Saved -> /home/computer0/fly_project/fly_gsplat/ctrl_009/001/f1126/init_points.ply
[prepare] frame 1126 data ready
Dataset generated successfully at: /home/computer0/fly_project/fly_gsplat/ctrl_009/001/f1127
4 cameras loaded
Seed: [-0.00213865 -0.00209233 -0.00192964]  triangulation residual=1.531 mm
Sampled 10000 points in 2mm sphere
Surviving points (all 4 cameras): 5783
After outlier removal: 5535 points
Saved -> /home/computer0/fly_project/fly_gsplat/ctrl_009/001/f1127/init_points.ply
[prepare] frame 1127 data ready
Dataset generated successfully at: /home/computer0/fly_project/fly_gsplat/ctrl_009/001/f1128
4 cameras loaded
Seed: [-0.00213305 -0.00209629 -0.00193912]  triangulation residual=1.545 mm
Sampled 10000 points in 2mm sphere
Surviving points (all 4 cameras): 5676
After outlier removal: 5443 points
Saved -> /home/computer0/fly_project/fly_gsplat/ctrl_009/001/f1128/init_points.ply
[prepare] frame 1128 data ready
Dataset generated successfully at: /home/computer0/fly_project/fly_gsplat/ctrl_009/001/f1129
4 cameras loaded
Seed: [-0.0021408  -0.00208683 -0.00194554]  triangulation residual=1.540 mm
Sampled 10000 points in 2mm sphere
Surviving points (all 4 cameras): 5626
After outlier removal: 5405 points
Saved -> /home/computer0/fly_project/fly_gsplat/ctrl_009/001/f1129/init_points.ply
[prepare] frame 1129 data ready
Dataset generated successfully at: /home/computer0/fly_project/fly_gsplat/ctrl_009/001/f1130
4 cameras loaded
Seed: [-0.00213969 -0.00210392 -0.00195131]  triangulation residual=1.549 mm
Sampled 10000 points in 2mm sphere
Surviving points (all 4 cameras): 5676
After outlier removal: 5467 points
Saved -> /home/computer0/fly_project/fly_gsplat/ctrl_009/001/f1130/init_points.ply
[prepare] frame 1130 data ready
Dataset generated successfully at: /home/computer0/fly_project/fly_gsplat/ctrl_009/001/f1131
4 cameras loaded
Seed: [-0.00214407 -0.00209611 -0.00195733]  triangulation residual=1.548 mm
Sampled 10000 points in 2mm sphere
Surviving points (all 4 cameras): 5680
After outlier removal: 5454 points
Saved -> /home/computer0/fly_project/fly_gsplat/ctrl_009/001/f1131/init_points.ply
[prepare] frame 1131 data ready
Dataset generated successfully at: /home/computer0/fly_project/fly_gsplat/ctrl_009/001/f1132
4 cameras loaded
Seed: [-0.00214058 -0.00210228 -0.00196246]  triangulation residual=1.561 mm
Sampled 10000 points in 2mm sphere
Surviving points (all 4 cameras): 5730
After outlier removal: 5488 points
Saved -> /home/computer0/fly_project/fly_gsplat/ctrl_009/001/f1132/init_points.ply
[prepare] frame 1132 data ready
Dataset generated successfully at: /home/computer0/fly_project/fly_gsplat/ctrl_009/001/f1133
4 cameras loaded
Seed: [-0.0021517  -0.00209531 -0.0019687 ]  triangulation residual=1.550 mm
Sampled 10000 points in 2mm sphere
Surviving points (all 4 cameras): 5718
After outlier removal: 5492 points
Saved -> /home/computer0/fly_project/fly_gsplat/ctrl_009/001/f1133/init_points.ply
[prepare] frame 1133 data ready
Dataset generated successfully at: /home/computer0/fly_project/fly_gsplat/ctrl_009/001/f1134
4 cameras loaded
Seed: [-0.00214691 -0.00210915 -0.00197351]  triangulation residual=1.564 mm
Sampled 10000 points in 2mm sphere
Surviving points (all 4 cameras): 5581
After outlier removal: 5358 points
Saved -> /home/computer0/fly_project/fly_gsplat/ctrl_009/001/f1134/init_points.ply
[prepare] frame 1134 data ready
Dataset generated successfully at: /home/computer0/fly_project/fly_gsplat/ctrl_009/001/f1135
4 cameras loaded
Seed: [-0.00215501 -0.00209869 -0.00197847]  triangulation residual=1.558 mm
Sampled 10000 points in 2mm sphere
Surviving points (all 4 cameras): 5587
After outlier removal: 5365 points
Saved -> /home/computer0/fly_project/fly_gsplat/ctrl_009/001/f1135/init_points.ply
[prepare] frame 1135 data ready
Dataset generated successfully at: /home/computer0/fly_project/fly_gsplat/ctrl_009/001/f1136
4 cameras loaded
Seed: [-0.00215024 -0.0021155  -0.00198378]  triangulation residual=1.574 mm
Sampled 10000 points in 2mm sphere
Surviving points (all 4 cameras): 5666
After outlier removal: 5426 points
Saved -> /home/computer0/fly_project/fly_gsplat/ctrl_009/001/f1136/init_points.ply
[prepare] frame 1136 data ready
Dataset generated successfully at: /home/computer0/fly_project/fly_gsplat/ctrl_009/001/f1137
4 cameras loaded
Seed: [-0.00216419 -0.00210593 -0.00198907]  triangulation residual=1.559 mm
Sampled 10000 points in 2mm sphere
Surviving points (all 4 cameras): 5659
After outlier removal: 5440 points
Saved -> /home/computer0/fly_project/fly_gsplat/ctrl_009/001/f1137/init_points.ply
[prepare] frame 1137 data ready
Dataset generated successfully at: /home/computer0/fly_project/fly_gsplat/ctrl_009/001/f1138
4 cameras loaded
Seed: [-0.00215654 -0.00212377 -0.00199468]  triangulation residual=1.577 mm
Sampled 10000 points in 2mm sphere
Surviving points (all 4 cameras): 5563
After outlier removal: 5347 points
Saved -> /home/computer0/fly_project/fly_gsplat/ctrl_009/001/f1138/init_points.ply
[prepare] frame 1138 data ready
Dataset generated successfully at: /home/computer0/fly_project/fly_gsplat/ctrl_009/001/f1139
4 cameras loaded
Seed: [-0.00216492 -0.00210804 -0.00199997]  triangulation residual=1.572 mm
Sampled 10000 points in 2mm sphere
Surviving points (all 4 cameras): 5631
After outlier removal: 5414 points
Saved -> /home/computer0/fly_project/fly_gsplat/ctrl_009/001/f1139/init_points.ply
[prepare] frame 1139 data ready
Dataset generated successfully at: /home/computer0/fly_project/fly_gsplat/ctrl_009/001/f1140
4 cameras loaded
Seed: [-0.0021583  -0.00212822 -0.00200466]  triangulation residual=1.588 mm
Sampled 10000 points in 2mm sphere
Surviving points (all 4 cameras): 5636
After outlier removal: 5425 points
Saved -> /home/computer0/fly_project/fly_gsplat/ctrl_009/001/f1140/init_points.ply
[prepare] frame 1140 data ready
Dataset generated successfully at: /home/computer0/fly_project/fly_gsplat/ctrl_009/001/f1141
4 cameras loaded
Seed: [-0.00217234 -0.00211602 -0.00201125]  triangulation residual=1.574 mm
Sampled 10000 points in 2mm sphere
Surviving points (all 4 cameras): 5650
After outlier removal: 5428 points
Saved -> /home/computer0/fly_project/fly_gsplat/ctrl_009/001/f1141/init_points.ply
[prepare] frame 1141 data ready
Dataset generated successfully at: /home/computer0/fly_project/fly_gsplat/ctrl_009/001/f1142
4 cameras loaded
Seed: [-0.00216676 -0.00212687 -0.00201584]  triangulation residual=1.589 mm
Sampled 10000 points in 2mm sphere
Surviving points (all 4 cameras): 5578
After outlier removal: 5345 points
Saved -> /home/computer0/fly_project/fly_gsplat/ctrl_009/001/f1142/init_points.ply
[prepare] frame 1142 data ready
Dataset generated successfully at: /home/computer0/fly_project/fly_gsplat/ctrl_009/001/f1143
4 cameras loaded
Seed: [-0.00217863 -0.00211458 -0.00202059]  triangulation residual=1.578 mm
Sampled 10000 points in 2mm sphere
Surviving points (all 4 cameras): 5568
After outlier removal: 5367 points
Saved -> /home/computer0/fly_project/fly_gsplat/ctrl_009/001/f1143/init_points.ply
[prepare] frame 1143 data ready
Dataset generated successfully at: /home/computer0/fly_project/fly_gsplat/ctrl_009/001/f1144
4 cameras loaded
Seed: [-0.00217169 -0.00212913 -0.00202579]  triangulation residual=1.596 mm
Sampled 10000 points in 2mm sphere
Surviving points (all 4 cameras): 5505
After outlier removal: 5284 points
Saved -> /home/computer0/fly_project/fly_gsplat/ctrl_009/001/f1144/init_points.ply
[prepare] frame 1144 data ready
Dataset generated successfully at: /home/computer0/fly_project/fly_gsplat/ctrl_009/001/f1145
4 cameras loaded
Seed: [-0.00218067 -0.00211919 -0.00203036]  triangulation residual=1.589 mm
Sampled 10000 points in 2mm sphere
Surviving points (all 4 cameras): 5603
After outlier removal: 5390 points
Saved -> /home/computer0/fly_project/fly_gsplat/ctrl_009/001/f1145/init_points.ply
[prepare] frame 1145 data ready
Dataset generated successfully at: /home/computer0/fly_project/fly_gsplat/ctrl_009/001/f1146
4 cameras loaded
Seed: [-0.00217418 -0.00213377 -0.00203545]  triangulation residual=1.606 mm
Sampled 10000 points in 2mm sphere
Surviving points (all 4 cameras): 5528
After outlier removal: 5298 points
Saved -> /home/computer0/fly_project/fly_gsplat/ctrl_009/001/f1146/init_points.ply
[prepare] frame 1146 data ready
Dataset generated successfully at: /home/computer0/fly_project/fly_gsplat/ctrl_009/001/f1147
4 cameras loaded
Seed: [-0.00218449 -0.00212328 -0.002041  ]  triangulation residual=1.597 mm
Sampled 10000 points in 2mm sphere
Surviving points (all 4 cameras): 5564
After outlier removal: 5312 points
Saved -> /home/computer0/fly_project/fly_gsplat/ctrl_009/001/f1147/init_points.ply
[prepare] frame 1147 data ready
Dataset generated successfully at: /home/computer0/fly_project/fly_gsplat/ctrl_009/001/f1148
4 cameras loaded
Seed: [-0.00217734 -0.00214029 -0.00204429]  triangulation residual=1.616 mm
Sampled 10000 points in 2mm sphere
Surviving points (all 4 cameras): 5461
After outlier removal: 5254 points
Saved -> /home/computer0/fly_project/fly_gsplat/ctrl_009/001/f1148/init_points.ply
[prepare] frame 1148 data ready
Dataset generated successfully at: /home/computer0/fly_project/fly_gsplat/ctrl_009/001/f1149
4 cameras loaded
Seed: [-0.00218998 -0.00213215 -0.00204911]  triangulation residual=1.604 mm
Sampled 10000 points in 2mm sphere
Surviving points (all 4 cameras): 5640
After outlier removal: 5427 points
Saved -> /home/computer0/fly_project/fly_gsplat/ctrl_009/001/f1149/init_points.ply
[prepare] frame 1149 data ready
Dataset generated successfully at: /home/computer0/fly_project/fly_gsplat/ctrl_009/001/f1150
4 cameras loaded
Seed: [-0.00218328 -0.00214501 -0.00205741]  triangulation residual=1.619 mm
Sampled 10000 points in 2mm sphere
Surviving points (all 4 cameras): 5615
After outlier removal: 5401 points
Saved -> /home/computer0/fly_project/fly_gsplat/ctrl_009/001/f1150/init_points.ply
[prepare] frame 1150 data ready
Dataset generated successfully at: /home/computer0/fly_project/fly_gsplat/ctrl_009/001/f1151
4 cameras loaded
Seed: [-0.00219308 -0.00213425 -0.00206213]  triangulation residual=1.611 mm
Sampled 10000 points in 2mm sphere
Surviving points (all 4 cameras): 5551
After outlier removal: 5349 points
Saved -> /home/computer0/fly_project/fly_gsplat/ctrl_009/001/f1151/init_points.ply
[prepare] frame 1151 data ready
Dataset generated successfully at: /home/computer0/fly_project/fly_gsplat/ctrl_009/001/f1152
4 cameras loaded
Seed: [-0.0021858  -0.00215152 -0.00206727]  triangulation residual=1.629 mm
Sampled 10000 points in 2mm sphere
Surviving points (all 4 cameras): 5589
After outlier removal: 5373 points
Saved -> /home/computer0/fly_project/fly_gsplat/ctrl_009/001/f1152/init_points.ply
[prepare] frame 1152 data ready
Dataset generated successfully at: /home/computer0/fly_project/fly_gsplat/ctrl_009/001/f1153
4 cameras loaded
Seed: [-0.00219573 -0.0021431  -0.0020705 ]  triangulation residual=1.621 mm
Sampled 10000 points in 2mm sphere
Surviving points (all 4 cameras): 5632
After outlier removal: 5399 points
Saved -> /home/computer0/fly_project/fly_gsplat/ctrl_009/001/f1153/init_points.ply
[prepare] frame 1153 data ready
Dataset generated successfully at: /home/computer0/fly_project/fly_gsplat/ctrl_009/001/f1154
4 cameras loaded
Seed: [-0.00219163 -0.00215601 -0.00207498]  triangulation residual=1.635 mm
Sampled 10000 points in 2mm sphere
Surviving points (all 4 cameras): 5483
After outlier removal: 5258 points
Saved -> /home/computer0/fly_project/fly_gsplat/ctrl_009/001/f1154/init_points.ply
[prepare] frame 1154 data ready
Dataset generated successfully at: /home/computer0/fly_project/fly_gsplat/ctrl_009/001/f1155
4 cameras loaded
Seed: [-0.00220062 -0.00214993 -0.00208264]  triangulation residual=1.626 mm
Sampled 10000 points in 2mm sphere
Surviving points (all 4 cameras): 5655
After outlier removal: 5438 points
Saved -> /home/computer0/fly_project/fly_gsplat/ctrl_009/001/f1155/init_points.ply
[prepare] frame 1155 data ready
Dataset generated successfully at: /home/computer0/fly_project/fly_gsplat/ctrl_009/001/f1156
4 cameras loaded
Seed: [-0.00219644 -0.00215474 -0.002089  ]  triangulation residual=1.640 mm
Sampled 10000 points in 2mm sphere
Surviving points (all 4 cameras): 5618
After outlier removal: 5390 points
Saved -> /home/computer0/fly_project/fly_gsplat/ctrl_009/001/f1156/init_points.ply
[prepare] frame 1156 data ready
Dataset generated successfully at: /home/computer0/fly_project/fly_gsplat/ctrl_009/001/f1157
4 cameras loaded
Seed: [-0.00220519 -0.00214969 -0.00209279]  triangulation residual=1.632 mm
Sampled 10000 points in 2mm sphere
Surviving points (all 4 cameras): 5637
After outlier removal: 5414 points
Saved -> /home/computer0/fly_project/fly_gsplat/ctrl_009/001/f1157/init_points.ply
[prepare] frame 1157 data ready
Dataset generated successfully at: /home/computer0/fly_project/fly_gsplat/ctrl_009/001/f1158
4 cameras loaded
Seed: [-0.0022029  -0.00215671 -0.00209888]  triangulation residual=1.642 mm
Sampled 10000 points in 2mm sphere
Surviving points (all 4 cameras): 5568
After outlier removal: 5334 points
Saved -> /home/computer0/fly_project/fly_gsplat/ctrl_009/001/f1158/init_points.ply
[prepare] frame 1158 data ready
Dataset generated successfully at: /home/computer0/fly_project/fly_gsplat/ctrl_009/001/f1159
4 cameras loaded
Seed: [-0.00221314 -0.00214876 -0.00210251]  triangulation residual=1.634 mm
Sampled 10000 points in 2mm sphere
Surviving points (all 4 cameras): 5542
After outlier removal: 5307 points
Saved -> /home/computer0/fly_project/fly_gsplat/ctrl_009/001/f1159/init_points.ply
[prepare] frame 1159 data ready
Dataset generated successfully at: /home/computer0/fly_project/fly_gsplat/ctrl_009/001/f1160
4 cameras loaded
Seed: [-0.00221139 -0.00215523 -0.00210812]  triangulation residual=1.642 mm
Sampled 10000 points in 2mm sphere
Surviving points (all 4 cameras): 5581
After outlier removal: 5337 points
Saved -> /home/computer0/fly_project/fly_gsplat/ctrl_009/001/f1160/init_points.ply
[prepare] frame 1160 data ready
Dataset generated successfully at: /home/computer0/fly_project/fly_gsplat/ctrl_009/001/f1161
4 cameras loaded
Seed: [-0.00222256 -0.00214648 -0.0021155 ]  triangulation residual=1.631 mm
Sampled 10000 points in 2mm sphere
Surviving points (all 4 cameras): 5443
After outlier removal: 5219 points
Saved -> /home/computer0/fly_project/fly_gsplat/ctrl_009/001/f1161/init_points.ply
[prepare] frame 1161 data ready
Dataset generated successfully at: /home/computer0/fly_project/fly_gsplat/ctrl_009/001/f1162
4 cameras loaded
Seed: [-0.00222165 -0.00214554 -0.00212195]  triangulation residual=1.638 mm
Sampled 10000 points in 2mm sphere
Surviving points (all 4 cameras): 5517
After outlier removal: 5287 points
Saved -> /home/computer0/fly_project/fly_gsplat/ctrl_009/001/f1162/init_points.ply
[prepare] frame 1162 data ready
Dataset generated successfully at: /home/computer0/fly_project/fly_gsplat/ctrl_009/001/f1163
4 cameras loaded
Seed: [-0.00223224 -0.00213822 -0.00212615]  triangulation residual=1.630 mm
Sampled 10000 points in 2mm sphere
Surviving points (all 4 cameras): 5555
After outlier removal: 5326 points
Saved -> /home/computer0/fly_project/fly_gsplat/ctrl_009/001/f1163/init_points.ply
[prepare] frame 1163 data ready
Dataset generated successfully at: /home/computer0/fly_project/fly_gsplat/ctrl_009/001/f1164
4 cameras loaded
Seed: [-0.00223054 -0.00214067 -0.00213139]  triangulation residual=1.637 mm
Sampled 10000 points in 2mm sphere
Surviving points (all 4 cameras): 5471
After outlier removal: 5236 points
Saved -> /home/computer0/fly_project/fly_gsplat/ctrl_009/001/f1164/init_points.ply
[prepare] frame 1164 data ready
Dataset generated successfully at: /home/computer0/fly_project/fly_gsplat/ctrl_009/001/f1165
4 cameras loaded
Seed: [-0.00224029 -0.00213331 -0.00213778]  triangulation residual=1.629 mm
Sampled 10000 points in 2mm sphere
Surviving points (all 4 cameras): 5498
After outlier removal: 5285 points
Saved -> /home/computer0/fly_project/fly_gsplat/ctrl_009/001/f1165/init_points.ply
[prepare] frame 1165 data ready
Dataset generated successfully at: /home/computer0/fly_project/fly_gsplat/ctrl_009/001/f1166
4 cameras loaded
Seed: [-0.00224264 -0.00214242 -0.00214084]  triangulation residual=1.633 mm
Sampled 10000 points in 2mm sphere
Surviving points (all 4 cameras): 5501
After outlier removal: 5270 points
Saved -> /home/computer0/fly_project/fly_gsplat/ctrl_009/001/f1166/init_points.ply
[prepare] frame 1166 data ready
Dataset generated successfully at: /home/computer0/fly_project/fly_gsplat/ctrl_009/001/f1167
4 cameras loaded
Seed: [-0.00224811 -0.00212829 -0.00214945]  triangulation residual=1.631 mm
Sampled 10000 points in 2mm sphere
Surviving points (all 4 cameras): 5531
After outlier removal: 5299 points
Saved -> /home/computer0/fly_project/fly_gsplat/ctrl_009/001/f1167/init_points.ply
[prepare] frame 1167 data ready
Dataset generated successfully at: /home/computer0/fly_project/fly_gsplat/ctrl_009/001/f1168
4 cameras loaded
Seed: [-0.00225028 -0.00213465 -0.00215108]  triangulation residual=1.634 mm
Sampled 10000 points in 2mm sphere
Surviving points (all 4 cameras): 5549
After outlier removal: 5328 points
Saved -> /home/computer0/fly_project/fly_gsplat/ctrl_009/001/f1168/init_points.ply
[prepare] frame 1168 data ready
Dataset generated successfully at: /home/computer0/fly_project/fly_gsplat/ctrl_009/001/f1169
4 cameras loaded
Seed: [-0.00225575 -0.00213126 -0.00215913]  triangulation residual=1.632 mm
Sampled 10000 points in 2mm sphere
Surviving points (all 4 cameras): 5583
After outlier removal: 5359 points
Saved -> /home/computer0/fly_project/fly_gsplat/ctrl_009/001/f1169/init_points.ply
[prepare] frame 1169 data ready
Dataset generated successfully at: /home/computer0/fly_project/fly_gsplat/ctrl_009/001/f1170
4 cameras loaded
Seed: [-0.00225796 -0.00213092 -0.00216495]  triangulation residual=1.635 mm
Sampled 10000 points in 2mm sphere
Surviving points (all 4 cameras): 5542
After outlier removal: 5315 points
Saved -> /home/computer0/fly_project/fly_gsplat/ctrl_009/001/f1170/init_points.ply
[prepare] frame 1170 data ready
Dataset generated successfully at: /home/computer0/fly_project/fly_gsplat/ctrl_009/001/f1171
4 cameras loaded
Seed: [-0.00226052 -0.00213401 -0.00217306]  triangulation residual=1.637 mm
Sampled 10000 points in 2mm sphere
Surviving points (all 4 cameras): 5422
After outlier removal: 5210 points
Saved -> /home/computer0/fly_project/fly_gsplat/ctrl_009/001/f1171/init_points.ply
[prepare] frame 1171 data ready
Dataset generated successfully at: /home/computer0/fly_project/fly_gsplat/ctrl_009/001/f1172
4 cameras loaded
Seed: [-0.00226788 -0.00213115 -0.00217538]  triangulation residual=1.633 mm
Sampled 10000 points in 2mm sphere
Surviving points (all 4 cameras): 5530
After outlier removal: 5316 points
Saved -> /home/computer0/fly_project/fly_gsplat/ctrl_009/001/f1172/init_points.ply
[prepare] frame 1172 data ready
Dataset generated successfully at: /home/computer0/fly_project/fly_gsplat/ctrl_009/001/f1173
4 cameras loaded
Seed: [-0.00226692 -0.00213651 -0.0021869 ]  triangulation residual=1.640 mm
Sampled 10000 points in 2mm sphere
Surviving points (all 4 cameras): 5505
After outlier removal: 5295 points
Saved -> /home/computer0/fly_project/fly_gsplat/ctrl_009/001/f1173/init_points.ply
[prepare] frame 1173 data ready
Dataset generated successfully at: /home/computer0/fly_project/fly_gsplat/ctrl_009/001/f1174
4 cameras loaded
Seed: [-0.00227001 -0.00213166 -0.0021889 ]  triangulation residual=1.641 mm
Sampled 10000 points in 2mm sphere
Surviving points (all 4 cameras): 5383
After outlier removal: 5164 points
Saved -> /home/computer0/fly_project/fly_gsplat/ctrl_009/001/f1174/init_points.ply
[prepare] frame 1174 data ready
Dataset generated successfully at: /home/computer0/fly_project/fly_gsplat/ctrl_009/001/f1175
4 cameras loaded
Seed: [-0.00227052 -0.00213498 -0.00219814]  triangulation residual=1.647 mm
Sampled 10000 points in 2mm sphere
Surviving points (all 4 cameras): 5550
After outlier removal: 5337 points
Saved -> /home/computer0/fly_project/fly_gsplat/ctrl_009/001/f1175/init_points.ply
[prepare] frame 1175 data ready
Dataset generated successfully at: /home/computer0/fly_project/fly_gsplat/ctrl_009/001/f1176
4 cameras loaded
Seed: [-0.002272   -0.00213221 -0.00220335]  triangulation residual=1.651 mm
Sampled 10000 points in 2mm sphere
Surviving points (all 4 cameras): 5431
After outlier removal: 5174 points
Saved -> /home/computer0/fly_project/fly_gsplat/ctrl_009/001/f1176/init_points.ply
[prepare] frame 1176 data ready
Dataset generated successfully at: /home/computer0/fly_project/fly_gsplat/ctrl_009/001/f1177
4 cameras loaded
Seed: [-0.00227879 -0.00214132 -0.00221037]  triangulation residual=1.647 mm
Sampled 10000 points in 2mm sphere
Surviving points (all 4 cameras): 5496
After outlier removal: 5282 points
Saved -> /home/computer0/fly_project/fly_gsplat/ctrl_009/001/f1177/init_points.ply
[prepare] frame 1177 data ready
Dataset generated successfully at: /home/computer0/fly_project/fly_gsplat/ctrl_009/001/f1178
4 cameras loaded
Seed: [-0.00228309 -0.00213405 -0.00221361]  triangulation residual=1.647 mm
Sampled 10000 points in 2mm sphere
Surviving points (all 4 cameras): 5516
After outlier removal: 5288 points
Saved -> /home/computer0/fly_project/fly_gsplat/ctrl_009/001/f1178/init_points.ply
[prepare] frame 1178 data ready
Dataset generated successfully at: /home/computer0/fly_project/fly_gsplat/ctrl_009/001/f1179
4 cameras loaded
Seed: [-0.00228304 -0.00214233 -0.00222178]  triangulation residual=1.654 mm
Sampled 10000 points in 2mm sphere
Surviving points (all 4 cameras): 5510
After outlier removal: 5301 points
Saved -> /home/computer0/fly_project/fly_gsplat/ctrl_009/001/f1179/init_points.ply
[prepare] frame 1179 data ready
Dataset generated successfully at: /home/computer0/fly_project/fly_gsplat/ctrl_009/001/f1180
4 cameras loaded
Seed: [-0.00228963 -0.00213699 -0.00222555]  triangulation residual=1.649 mm
Sampled 10000 points in 2mm sphere
Surviving points (all 4 cameras): 5466
After outlier removal: 5263 points
Saved -> /home/computer0/fly_project/fly_gsplat/ctrl_009/001/f1180/init_points.ply
[prepare] frame 1180 data ready
Dataset generated successfully at: /home/computer0/fly_project/fly_gsplat/ctrl_009/001/f1181
4 cameras loaded
Seed: [-0.00229076 -0.00214523 -0.00223211]  triangulation residual=1.655 mm
Sampled 10000 points in 2mm sphere
Surviving points (all 4 cameras): 5492
After outlier removal: 5284 points
Saved -> /home/computer0/fly_project/fly_gsplat/ctrl_009/001/f1181/init_points.ply
[prepare] frame 1181 data ready
Dataset generated successfully at: /home/computer0/fly_project/fly_gsplat/ctrl_009/001/f1182
4 cameras loaded
Seed: [-0.00229711 -0.00213646 -0.00223565]  triangulation residual=1.652 mm
Sampled 10000 points in 2mm sphere
Surviving points (all 4 cameras): 5589
After outlier removal: 5367 points
Saved -> /home/computer0/fly_project/fly_gsplat/ctrl_009/001/f1182/init_points.ply
[prepare] frame 1182 data ready
Dataset generated successfully at: /home/computer0/fly_project/fly_gsplat/ctrl_009/001/f1183
4 cameras loaded
Seed: [-0.00229805 -0.00214091 -0.00224516]  triangulation residual=1.655 mm
Sampled 10000 points in 2mm sphere
Surviving points (all 4 cameras): 5494
After outlier removal: 5281 points
Saved -> /home/computer0/fly_project/fly_gsplat/ctrl_009/001/f1183/init_points.ply
[prepare] frame 1183 data ready
Dataset generated successfully at: /home/computer0/fly_project/fly_gsplat/ctrl_009/001/f1184
4 cameras loaded
Seed: [-0.00230012 -0.00214054 -0.00225054]  triangulation residual=1.657 mm
Sampled 10000 points in 2mm sphere
Surviving points (all 4 cameras): 5497
After outlier removal: 5290 points
Saved -> /home/computer0/fly_project/fly_gsplat/ctrl_009/001/f1184/init_points.ply
[prepare] frame 1184 data ready
Dataset generated successfully at: /home/computer0/fly_project/fly_gsplat/ctrl_009/001/f1185
4 cameras loaded
Seed: [-0.00230091 -0.00213951 -0.00225539]  triangulation residual=1.664 mm
Sampled 10000 points in 2mm sphere
Surviving points (all 4 cameras): 5428
After outlier removal: 5217 points
Saved -> /home/computer0/fly_project/fly_gsplat/ctrl_009/001/f1185/init_points.ply
[prepare] frame 1185 data ready
Dataset generated successfully at: /home/computer0/fly_project/fly_gsplat/ctrl_009/001/f1186
4 cameras loaded
Seed: [-0.00230316 -0.00214364 -0.00226138]  triangulation residual=1.666 mm
Sampled 10000 points in 2mm sphere
Surviving points (all 4 cameras): 5457
After outlier removal: 5219 points
Saved -> /home/computer0/fly_project/fly_gsplat/ctrl_009/001/f1186/init_points.ply
[prepare] frame 1186 data ready
Dataset generated successfully at: /home/computer0/fly_project/fly_gsplat/ctrl_009/001/f1187
4 cameras loaded
Seed: [-0.00230884 -0.0021464  -0.0022672 ]  triangulation residual=1.663 mm
Sampled 10000 points in 2mm sphere
Surviving points (all 4 cameras): 5467
After outlier removal: 5229 points
Saved -> /home/computer0/fly_project/fly_gsplat/ctrl_009/001/f1187/init_points.ply
[prepare] frame 1187 data ready
Dataset generated successfully at: /home/computer0/fly_project/fly_gsplat/ctrl_009/001/f1188
4 cameras loaded
Seed: [-0.00231117 -0.00214546 -0.00227137]  triangulation residual=1.665 mm
Sampled 10000 points in 2mm sphere
Surviving points (all 4 cameras): 5470
After outlier removal: 5267 points
Saved -> /home/computer0/fly_project/fly_gsplat/ctrl_009/001/f1188/init_points.ply
[prepare] frame 1188 data ready
Dataset generated successfully at: /home/computer0/fly_project/fly_gsplat/ctrl_009/001/f1189
4 cameras loaded
Seed: [-0.00231139 -0.00214835 -0.00227876]  triangulation residual=1.670 mm
Sampled 10000 points in 2mm sphere
Surviving points (all 4 cameras): 5447
After outlier removal: 5224 points
Saved -> /home/computer0/fly_project/fly_gsplat/ctrl_009/001/f1189/init_points.ply
[prepare] frame 1189 data ready
Dataset generated successfully at: /home/computer0/fly_project/fly_gsplat/ctrl_009/001/f1190
4 cameras loaded
Seed: [-0.00231475 -0.00214803 -0.00228422]  triangulation residual=1.670 mm
Sampled 10000 points in 2mm sphere
Surviving points (all 4 cameras): 5449
After outlier removal: 5213 points
Saved -> /home/computer0/fly_project/fly_gsplat/ctrl_009/001/f1190/init_points.ply
[prepare] frame 1190 data ready
Dataset generated successfully at: /home/computer0/fly_project/fly_gsplat/ctrl_009/001/f1191
4 cameras loaded
Seed: [-0.0023149  -0.00215294 -0.0022889 ]  triangulation residual=1.676 mm
Sampled 10000 points in 2mm sphere
Surviving points (all 4 cameras): 5394
After outlier removal: 5172 points
Saved -> /home/computer0/fly_project/fly_gsplat/ctrl_009/001/f1191/init_points.ply
[prepare] frame 1191 data ready
Dataset generated successfully at: /home/computer0/fly_project/fly_gsplat/ctrl_009/001/f1192
4 cameras loaded
Seed: [-0.00231888 -0.00214338 -0.00229494]  triangulation residual=1.675 mm
Sampled 10000 points in 2mm sphere
Surviving points (all 4 cameras): 5374
After outlier removal: 5175 points
Saved -> /home/computer0/fly_project/fly_gsplat/ctrl_009/001/f1192/init_points.ply
[prepare] frame 1192 data ready
Dataset generated successfully at: /home/computer0/fly_project/fly_gsplat/ctrl_009/001/f1193
4 cameras loaded
Seed: [-0.00232127 -0.00215424 -0.00230168]  triangulation residual=1.677 mm
Sampled 10000 points in 2mm sphere
Surviving points (all 4 cameras): 5451
After outlier removal: 5248 points
Saved -> /home/computer0/fly_project/fly_gsplat/ctrl_009/001/f1193/init_points.ply
[prepare] frame 1193 data ready
Dataset generated successfully at: /home/computer0/fly_project/fly_gsplat/ctrl_009/001/f1194
4 cameras loaded
Seed: [-0.00232466 -0.00214209 -0.00230826]  triangulation residual=1.677 mm
Sampled 10000 points in 2mm sphere
Surviving points (all 4 cameras): 5407
After outlier removal: 5173 points
Saved -> /home/computer0/fly_project/fly_gsplat/ctrl_009/001/f1194/init_points.ply
[prepare] frame 1194 data ready
Dataset generated successfully at: /home/computer0/fly_project/fly_gsplat/ctrl_009/001/f1195
4 cameras loaded
Seed: [-0.00232614 -0.00215237 -0.00231123]  triangulation residual=1.681 mm
Sampled 10000 points in 2mm sphere
Surviving points (all 4 cameras): 5426
After outlier removal: 5198 points
Saved -> /home/computer0/fly_project/fly_gsplat/ctrl_009/001/f1195/init_points.ply
[prepare] frame 1195 data ready
Dataset generated successfully at: /home/computer0/fly_project/fly_gsplat/ctrl_009/001/f1196
4 cameras loaded
Seed: [-0.00233311 -0.00215182 -0.0023191 ]  triangulation residual=1.675 mm
Sampled 10000 points in 2mm sphere
Surviving points (all 4 cameras): 5417
After outlier removal: 5215 points
Saved -> /home/computer0/fly_project/fly_gsplat/ctrl_009/001/f1196/init_points.ply
[prepare] frame 1196 data ready
Dataset generated successfully at: /home/computer0/fly_project/fly_gsplat/ctrl_009/001/f1197
4 cameras loaded
Seed: [-0.00233397 -0.00215332 -0.00232521]  triangulation residual=1.681 mm
Sampled 10000 points in 2mm sphere
Surviving points (all 4 cameras): 5362
After outlier removal: 5161 points
Saved -> /home/computer0/fly_project/fly_gsplat/ctrl_009/001/f1197/init_points.ply
[prepare] frame 1197 data ready
Dataset generated successfully at: /home/computer0/fly_project/fly_gsplat/ctrl_009/001/f1198
4 cameras loaded
Seed: [-0.00233833 -0.00215071 -0.00232669]  triangulation residual=1.680 mm
Sampled 10000 points in 2mm sphere
Surviving points (all 4 cameras): 5389
After outlier removal: 5170 points
Saved -> /home/computer0/fly_project/fly_gsplat/ctrl_009/001/f1198/init_points.ply
[prepare] frame 1198 data ready
Dataset generated successfully at: /home/computer0/fly_project/fly_gsplat/ctrl_009/001/f1199
4 cameras loaded
Seed: [-0.00234038 -0.00215173 -0.00233585]  triangulation residual=1.682 mm
Sampled 10000 points in 2mm sphere
Surviving points (all 4 cameras): 5441
After outlier removal: 5205 points
Saved -> /home/computer0/fly_project/fly_gsplat/ctrl_009/001/f1199/init_points.ply
[prepare] frame 1199 data ready
Dataset generated successfully at: /home/computer0/fly_project/fly_gsplat/ctrl_009/001/f1200
4 cameras loaded
Seed: [-0.00234234 -0.00214788 -0.00234032]  triangulation residual=1.685 mm
Sampled 10000 points in 2mm sphere
Surviving points (all 4 cameras): 5426
After outlier removal: 5180 points
Saved -> /home/computer0/fly_project/fly_gsplat/ctrl_009/001/f1200/init_points.ply
[prepare] frame 1200 data ready
Dataset generated successfully at: /home/computer0/fly_project/fly_gsplat/ctrl_009/001/f1201
4 cameras loaded
Seed: [-0.00234362 -0.0021544  -0.0023463 ]  triangulation residual=1.689 mm
Sampled 10000 points in 2mm sphere
Surviving points (all 4 cameras): 5373
After outlier removal: 5150 points
Saved -> /home/computer0/fly_project/fly_gsplat/ctrl_009/001/f1201/init_points.ply
[prepare] frame 1201 data ready
Dataset generated successfully at: /home/computer0/fly_project/fly_gsplat/ctrl_009/001/f1202
4 cameras loaded
Seed: [-0.00234751 -0.00214789 -0.00235347]  triangulation residual=1.687 mm
Sampled 10000 points in 2mm sphere
Surviving points (all 4 cameras): 5349
After outlier removal: 5144 points
Saved -> /home/computer0/fly_project/fly_gsplat/ctrl_009/001/f1202/init_points.ply
[prepare] frame 1202 data ready
Dataset generated successfully at: /home/computer0/fly_project/fly_gsplat/ctrl_009/001/f1203
4 cameras loaded
Seed: [-0.00235062 -0.00216017 -0.00235675]  triangulation residual=1.689 mm
Sampled 10000 points in 2mm sphere
Surviving points (all 4 cameras): 5362
After outlier removal: 5141 points
Saved -> /home/computer0/fly_project/fly_gsplat/ctrl_009/001/f1203/init_points.ply
[prepare] frame 1203 data ready
Dataset generated successfully at: /home/computer0/fly_project/fly_gsplat/ctrl_009/001/f1204
4 cameras loaded
Seed: [-0.00235447 -0.00214952 -0.00236526]  triangulation residual=1.687 mm
Sampled 10000 points in 2mm sphere
Surviving points (all 4 cameras): 5402
After outlier removal: 5172 points
Saved -> /home/computer0/fly_project/fly_gsplat/ctrl_009/001/f1204/init_points.ply
[prepare] frame 1204 data ready
Dataset generated successfully at: /home/computer0/fly_project/fly_gsplat/ctrl_009/001/f1205
4 cameras loaded
Seed: [-0.00235456 -0.00215334 -0.00236868]  triangulation residual=1.693 mm
Sampled 10000 points in 2mm sphere
Surviving points (all 4 cameras): 5349
After outlier removal: 5124 points
Saved -> /home/computer0/fly_project/fly_gsplat/ctrl_009/001/f1205/init_points.ply
[prepare] frame 1205 data ready
Dataset generated successfully at: /home/computer0/fly_project/fly_gsplat/ctrl_009/001/f1206
4 cameras loaded
Seed: [-0.0023615  -0.00214464 -0.00237815]  triangulation residual=1.687 mm
Sampled 10000 points in 2mm sphere
Surviving points (all 4 cameras): 5435
After outlier removal: 5224 points
Saved -> /home/computer0/fly_project/fly_gsplat/ctrl_009/001/f1206/init_points.ply
[prepare] frame 1206 data ready
Dataset generated successfully at: /home/computer0/fly_project/fly_gsplat/ctrl_009/001/f1207
4 cameras loaded
Seed: [-0.00236368 -0.00215651 -0.00238229]  triangulation residual=1.689 mm
Sampled 10000 points in 2mm sphere
Surviving points (all 4 cameras): 5390
After outlier removal: 5166 points
Saved -> /home/computer0/fly_project/fly_gsplat/ctrl_009/001/f1207/init_points.ply
[prepare] frame 1207 data ready
Dataset generated successfully at: /home/computer0/fly_project/fly_gsplat/ctrl_009/001/f1208
4 cameras loaded
Seed: [-0.00236696 -0.00214873 -0.00238756]  triangulation residual=1.690 mm
Sampled 10000 points in 2mm sphere
Surviving points (all 4 cameras): 5430
After outlier removal: 5217 points
Saved -> /home/computer0/fly_project/fly_gsplat/ctrl_009/001/f1208/init_points.ply
[prepare] frame 1208 data ready
Dataset generated successfully at: /home/computer0/fly_project/fly_gsplat/ctrl_009/001/f1209
4 cameras loaded
Seed: [-0.00236557 -0.00215232 -0.00239511]  triangulation residual=1.696 mm
Sampled 10000 points in 2mm sphere
Surviving points (all 4 cameras): 5351
After outlier removal: 5148 points
Saved -> /home/computer0/fly_project/fly_gsplat/ctrl_009/001/f1209/init_points.ply
[prepare] frame 1209 data ready
Dataset generated successfully at: /home/computer0/fly_project/fly_gsplat/ctrl_009/001/f1210
4 cameras loaded
Seed: [-0.00237218 -0.00214378 -0.00239851]  triangulation residual=1.691 mm
Sampled 10000 points in 2mm sphere
Surviving points (all 4 cameras): 5339
After outlier removal: 5122 points
Saved -> /home/computer0/fly_project/fly_gsplat/ctrl_009/001/f1210/init_points.ply
[prepare] frame 1210 data ready
Dataset generated successfully at: /home/computer0/fly_project/fly_gsplat/ctrl_009/001/f1211
4 cameras loaded
Seed: [-0.00237083 -0.00215177 -0.00240706]  triangulation residual=1.698 mm
Sampled 10000 points in 2mm sphere
Surviving points (all 4 cameras): 5322
After outlier removal: 5114 points
Saved -> /home/computer0/fly_project/fly_gsplat/ctrl_009/001/f1211/init_points.ply
[prepare] frame 1211 data ready
Dataset generated successfully at: /home/computer0/fly_project/fly_gsplat/ctrl_009/001/f1212
4 cameras loaded
Seed: [-0.0023791  -0.00214568 -0.0024121 ]  triangulation residual=1.690 mm
Sampled 10000 points in 2mm sphere
Surviving points (all 4 cameras): 5400
After outlier removal: 5194 points
Saved -> /home/computer0/fly_project/fly_gsplat/ctrl_009/001/f1212/init_points.ply
[prepare] frame 1212 data ready
Dataset generated successfully at: /home/computer0/fly_project/fly_gsplat/ctrl_009/001/f1213
4 cameras loaded
Seed: [-0.00237713 -0.0021564  -0.00241793]  triangulation residual=1.697 mm
Sampled 10000 points in 2mm sphere
Surviving points (all 4 cameras): 5379
After outlier removal: 5181 points
Saved -> /home/computer0/fly_project/fly_gsplat/ctrl_009/001/f1213/init_points.ply
[prepare] frame 1213 data ready
Dataset generated successfully at: /home/computer0/fly_project/fly_gsplat/ctrl_009/001/f1214
4 cameras loaded
Seed: [-0.00237968 -0.0021546  -0.00242639]  triangulation residual=1.696 mm
Sampled 10000 points in 2mm sphere
Surviving points (all 4 cameras): 5372
After outlier removal: 5144 points
Saved -> /home/computer0/fly_project/fly_gsplat/ctrl_009/001/f1214/init_points.ply
[prepare] frame 1214 data ready
Dataset generated successfully at: /home/computer0/fly_project/fly_gsplat/ctrl_009/001/f1215
4 cameras loaded
Seed: [-0.00237877 -0.00215973 -0.00242805]  triangulation residual=1.705 mm
Sampled 10000 points in 2mm sphere
Surviving points (all 4 cameras): 5325
After outlier removal: 5107 points
Saved -> /home/computer0/fly_project/fly_gsplat/ctrl_009/001/f1215/init_points.ply
[prepare] frame 1215 data ready
Dataset generated successfully at: /home/computer0/fly_project/fly_gsplat/ctrl_009/001/f1216
4 cameras loaded
Seed: [-0.00238352 -0.00215496 -0.00243572]  triangulation residual=1.701 mm
Sampled 10000 points in 2mm sphere
Surviving points (all 4 cameras): 5374
After outlier removal: 5164 points
Saved -> /home/computer0/fly_project/fly_gsplat/ctrl_009/001/f1216/init_points.ply
[prepare] frame 1216 data ready
Dataset generated successfully at: /home/computer0/fly_project/fly_gsplat/ctrl_009/001/f1217
4 cameras loaded
Seed: [-0.00238413 -0.00215754 -0.00244254]  triangulation residual=1.704 mm
Sampled 10000 points in 2mm sphere
Surviving points (all 4 cameras): 5389
After outlier removal: 5184 points
Saved -> /home/computer0/fly_project/fly_gsplat/ctrl_009/001/f1217/init_points.ply
[prepare] frame 1217 data ready
Dataset generated successfully at: /home/computer0/fly_project/fly_gsplat/ctrl_009/001/f1218
4 cameras loaded
Seed: [-0.00238449 -0.0021575  -0.00244589]  triangulation residual=1.707 mm
Sampled 10000 points in 2mm sphere
Surviving points (all 4 cameras): 5286
After outlier removal: 5090 points
Saved -> /home/computer0/fly_project/fly_gsplat/ctrl_009/001/f1218/init_points.ply
[prepare] frame 1218 data ready
Dataset generated successfully at: /home/computer0/fly_project/fly_gsplat/ctrl_009/001/f1219
4 cameras loaded
Seed: [-0.00238375 -0.002168   -0.00245136]  triangulation residual=1.712 mm
Sampled 10000 points in 2mm sphere
Surviving points (all 4 cameras): 5355
After outlier removal: 5120 points
Saved -> /home/computer0/fly_project/fly_gsplat/ctrl_009/001/f1219/init_points.ply
[prepare] frame 1219 data ready
Dataset generated successfully at: /home/computer0/fly_project/fly_gsplat/ctrl_009/001/f1220
4 cameras loaded
Seed: [-0.00238203 -0.00216679 -0.0024559 ]  triangulation residual=1.720 mm
Sampled 10000 points in 2mm sphere
Surviving points (all 4 cameras): 5428
After outlier removal: 5201 points
Saved -> /home/computer0/fly_project/fly_gsplat/ctrl_009/001/f1220/init_points.ply
[prepare] frame 1220 data ready
Dataset generated successfully at: /home/computer0/fly_project/fly_gsplat/ctrl_009/001/f1221
4 cameras loaded
Seed: [-0.00238093 -0.00217318 -0.00245971]  triangulation residual=1.726 mm
Sampled 10000 points in 2mm sphere
Surviving points (all 4 cameras): 5254
After outlier removal: 5038 points
Saved -> /home/computer0/fly_project/fly_gsplat/ctrl_009/001/f1221/init_points.ply
[prepare] frame 1221 data ready
Dataset generated successfully at: /home/computer0/fly_project/fly_gsplat/ctrl_009/001/f1222
4 cameras loaded
Seed: [-0.00238017 -0.00218024 -0.00246338]  triangulation residual=1.730 mm
Sampled 10000 points in 2mm sphere
Surviving points (all 4 cameras): 5373
After outlier removal: 5153 points
Saved -> /home/computer0/fly_project/fly_gsplat/ctrl_009/001/f1222/init_points.ply
[prepare] frame 1222 data ready
Dataset generated successfully at: /home/computer0/fly_project/fly_gsplat/ctrl_009/001/f1223
4 cameras loaded
Seed: [-0.00237908 -0.002184   -0.00247065]  triangulation residual=1.736 mm
Sampled 10000 points in 2mm sphere
Surviving points (all 4 cameras): 5301
After outlier removal: 5082 points
Saved -> /home/computer0/fly_project/fly_gsplat/ctrl_009/001/f1223/init_points.ply
[prepare] frame 1223 data ready
Dataset generated successfully at: /home/computer0/fly_project/fly_gsplat/ctrl_009/001/f1224
4 cameras loaded
Seed: [-0.00237856 -0.00218273 -0.00247732]  triangulation residual=1.739 mm
Sampled 10000 points in 2mm sphere
Surviving points (all 4 cameras): 5232
After outlier removal: 5024 points
Saved -> /home/computer0/fly_project/fly_gsplat/ctrl_009/001/f1224/init_points.ply
[prepare] frame 1224 data ready
Dataset generated successfully at: /home/computer0/fly_project/fly_gsplat/ctrl_009/001/f1225
4 cameras loaded
Seed: [-0.00237794 -0.00219166 -0.00248023]  triangulation residual=1.744 mm
Sampled 10000 points in 2mm sphere
Surviving points (all 4 cameras): 5293
After outlier removal: 5079 points
Saved -> /home/computer0/fly_project/fly_gsplat/ctrl_009/001/f1225/init_points.ply
[prepare] frame 1225 data ready
Dataset generated successfully at: /home/computer0/fly_project/fly_gsplat/ctrl_009/001/f1226
4 cameras loaded
Seed: [-0.00237591 -0.00219672 -0.00248582]  triangulation residual=1.750 mm
Sampled 10000 points in 2mm sphere
Surviving points (all 4 cameras): 5284
After outlier removal: 5088 points
Saved -> /home/computer0/fly_project/fly_gsplat/ctrl_009/001/f1226/init_points.ply
[prepare] frame 1226 data ready
Dataset generated successfully at: /home/computer0/fly_project/fly_gsplat/ctrl_009/001/f1227
4 cameras loaded
Seed: [-0.00237351 -0.00219904 -0.00249087]  triangulation residual=1.758 mm
Sampled 10000 points in 2mm sphere
Surviving points (all 4 cameras): 5165
After outlier removal: 4969 points
Saved -> /home/computer0/fly_project/fly_gsplat/ctrl_009/001/f1227/init_points.ply
[prepare] frame 1227 data ready
Dataset generated successfully at: /home/computer0/fly_project/fly_gsplat/ctrl_009/001/f1228
4 cameras loaded
Seed: [-0.00237351 -0.00220525 -0.00249526]  triangulation residual=1.761 mm
Sampled 10000 points in 2mm sphere
Surviving points (all 4 cameras): 5216
After outlier removal: 4999 points
Saved -> /home/computer0/fly_project/fly_gsplat/ctrl_009/001/f1228/init_points.ply
[prepare] frame 1228 data ready
Dataset generated successfully at: /home/computer0/fly_project/fly_gsplat/ctrl_009/001/f1229
4 cameras loaded
Seed: [-0.00237446 -0.00220999 -0.00249858]  triangulation residual=1.762 mm
Sampled 10000 points in 2mm sphere
Surviving points (all 4 cameras): 5171
After outlier removal: 4964 points
Saved -> /home/computer0/fly_project/fly_gsplat/ctrl_009/001/f1229/init_points.ply
[prepare] frame 1229 data ready
Dataset generated successfully at: /home/computer0/fly_project/fly_gsplat/ctrl_009/001/f1230
4 cameras loaded
Seed: [-0.00237458 -0.00220788 -0.00250626]  triangulation residual=1.764 mm
Sampled 10000 points in 2mm sphere
Surviving points (all 4 cameras): 5181
After outlier removal: 4968 points
Saved -> /home/computer0/fly_project/fly_gsplat/ctrl_009/001/f1230/init_points.ply
[prepare] frame 1230 data ready
Dataset generated successfully at: /home/computer0/fly_project/fly_gsplat/ctrl_009/001/f1231
4 cameras loaded
Seed: [-0.002377   -0.00221123 -0.00250959]  triangulation residual=1.764 mm
Sampled 10000 points in 2mm sphere
Surviving points (all 4 cameras): 5289
After outlier removal: 5069 points
Saved -> /home/computer0/fly_project/fly_gsplat/ctrl_009/001/f1231/init_points.ply
[prepare] frame 1231 data ready
Dataset generated successfully at: /home/computer0/fly_project/fly_gsplat/ctrl_009/001/f1232
4 cameras loaded
Seed: [-0.00237904 -0.00221062 -0.00251449]  triangulation residual=1.764 mm
Sampled 10000 points in 2mm sphere
Surviving points (all 4 cameras): 5225
After outlier removal: 5022 points
Saved -> /home/computer0/fly_project/fly_gsplat/ctrl_009/001/f1232/init_points.ply
[prepare] frame 1232 data ready
Dataset generated successfully at: /home/computer0/fly_project/fly_gsplat/ctrl_009/001/f1233
4 cameras loaded
Seed: [-0.00237834 -0.00221022 -0.00251718]  triangulation residual=1.769 mm
Sampled 10000 points in 2mm sphere
Surviving points (all 4 cameras): 5257
After outlier removal: 5051 points
Saved -> /home/computer0/fly_project/fly_gsplat/ctrl_009/001/f1233/init_points.ply
[prepare] frame 1233 data ready
Dataset generated successfully at: /home/computer0/fly_project/fly_gsplat/ctrl_009/001/f1234
4 cameras loaded
Seed: [-0.00238082 -0.00221051 -0.0025241 ]  triangulation residual=1.767 mm
Sampled 10000 points in 2mm sphere
Surviving points (all 4 cameras): 5270
After outlier removal: 5067 points
Saved -> /home/computer0/fly_project/fly_gsplat/ctrl_009/001/f1234/init_points.ply
[prepare] frame 1234 data ready
Dataset generated successfully at: /home/computer0/fly_project/fly_gsplat/ctrl_009/001/f1235
4 cameras loaded
Seed: [-0.00238049 -0.00221174 -0.00252852]  triangulation residual=1.771 mm
Sampled 10000 points in 2mm sphere
Surviving points (all 4 cameras): 5337
After outlier removal: 5106 points
Saved -> /home/computer0/fly_project/fly_gsplat/ctrl_009/001/f1235/init_points.ply
[prepare] frame 1235 data ready
Dataset generated successfully at: /home/computer0/fly_project/fly_gsplat/ctrl_009/001/f1236
4 cameras loaded
Seed: [-0.00238324 -0.0022175  -0.0025313 ]  triangulation residual=1.771 mm
Sampled 10000 points in 2mm sphere
Surviving points (all 4 cameras): 5317
After outlier removal: 5108 points
Saved -> /home/computer0/fly_project/fly_gsplat/ctrl_009/001/f1236/init_points.ply
[prepare] frame 1236 data ready
Dataset generated successfully at: /home/computer0/fly_project/fly_gsplat/ctrl_009/001/f1237
4 cameras loaded
Seed: [-0.00238229 -0.00221972 -0.00253634]  triangulation residual=1.776 mm
Sampled 10000 points in 2mm sphere
Surviving points (all 4 cameras): 5284
After outlier removal: 5069 points
Saved -> /home/computer0/fly_project/fly_gsplat/ctrl_009/001/f1237/init_points.ply
[prepare] frame 1237 data ready
Dataset generated successfully at: /home/computer0/fly_project/fly_gsplat/ctrl_009/001/f1238
4 cameras loaded
Seed: [-0.00238358 -0.00221375 -0.00254457]  triangulation residual=1.776 mm
Sampled 10000 points in 2mm sphere
Surviving points (all 4 cameras): 5226
After outlier removal: 5006 points
Saved -> /home/computer0/fly_project/fly_gsplat/ctrl_009/001/f1238/init_points.ply
[prepare] frame 1238 data ready
Dataset generated successfully at: /home/computer0/fly_project/fly_gsplat/ctrl_009/001/f1239
4 cameras loaded
Seed: [-0.00238363 -0.00221932 -0.00254643]  triangulation residual=1.780 mm
Sampled 10000 points in 2mm sphere
Surviving points (all 4 cameras): 5224
After outlier removal: 5026 points
Saved -> /home/computer0/fly_project/fly_gsplat/ctrl_009/001/f1239/init_points.ply
[prepare] frame 1239 data ready
Dataset generated successfully at: /home/computer0/fly_project/fly_gsplat/ctrl_009/001/f1240
4 cameras loaded
Seed: [-0.00238725 -0.00221871 -0.00255104]  triangulation residual=1.778 mm
Sampled 10000 points in 2mm sphere
Surviving points (all 4 cameras): 5167
After outlier removal: 4960 points
Saved -> /home/computer0/fly_project/fly_gsplat/ctrl_009/001/f1240/init_points.ply
[prepare] frame 1240 data ready
Dataset generated successfully at: /home/computer0/fly_project/fly_gsplat/ctrl_009/001/f1241
4 cameras loaded
Seed: [-0.00238719 -0.00222587 -0.00256103]  triangulation residual=1.780 mm
Sampled 10000 points in 2mm sphere
Surviving points (all 4 cameras): 5198
After outlier removal: 4976 points
Saved -> /home/computer0/fly_project/fly_gsplat/ctrl_009/001/f1241/init_points.ply
[prepare] frame 1241 data ready
Dataset generated successfully at: /home/computer0/fly_project/fly_gsplat/ctrl_009/001/f1242
4 cameras loaded
Seed: [-0.00239002 -0.00222163 -0.00256498]  triangulation residual=1.780 mm
Sampled 10000 points in 2mm sphere
Surviving points (all 4 cameras): 5247
After outlier removal: 5048 points
Saved -> /home/computer0/fly_project/fly_gsplat/ctrl_009/001/f1242/init_points.ply
[prepare] frame 1242 data ready
Dataset generated successfully at: /home/computer0/fly_project/fly_gsplat/ctrl_009/001/f1243
4 cameras loaded
Seed: [-0.00238774 -0.00222461 -0.00257134]  triangulation residual=1.786 mm
Sampled 10000 points in 2mm sphere
Surviving points (all 4 cameras): 5215
After outlier removal: 5014 points
Saved -> /home/computer0/fly_project/fly_gsplat/ctrl_009/001/f1243/init_points.ply
[prepare] frame 1243 data ready
Dataset generated successfully at: /home/computer0/fly_project/fly_gsplat/ctrl_009/001/f1244
4 cameras loaded
Seed: [-0.00239145 -0.00222043 -0.00257606]  triangulation residual=1.784 mm
Sampled 10000 points in 2mm sphere
Surviving points (all 4 cameras): 5250
After outlier removal: 5019 points
Saved -> /home/computer0/fly_project/fly_gsplat/ctrl_009/001/f1244/init_points.ply
[prepare] frame 1244 data ready
Dataset generated successfully at: /home/computer0/fly_project/fly_gsplat/ctrl_009/001/f1245
4 cameras loaded
Seed: [-0.00239139 -0.0022246  -0.00258101]  triangulation residual=1.787 mm
Sampled 10000 points in 2mm sphere
Surviving points (all 4 cameras): 5165
After outlier removal: 4957 points
Saved -> /home/computer0/fly_project/fly_gsplat/ctrl_009/001/f1245/init_points.ply
[prepare] frame 1245 data ready
Dataset generated successfully at: /home/computer0/fly_project/fly_gsplat/ctrl_009/001/f1246
4 cameras loaded
Seed: [-0.00239418 -0.00221818 -0.00258907]  triangulation residual=1.786 mm
Sampled 10000 points in 2mm sphere
Surviving points (all 4 cameras): 5284
After outlier removal: 5050 points
Saved -> /home/computer0/fly_project/fly_gsplat/ctrl_009/001/f1246/init_points.ply
[prepare] frame 1246 data ready
Dataset generated successfully at: /home/computer0/fly_project/fly_gsplat/ctrl_009/001/f1247
4 cameras loaded
Seed: [-0.00239403 -0.00222744 -0.00259088]  triangulation residual=1.790 mm
Sampled 10000 points in 2mm sphere
Surviving points (all 4 cameras): 5256
After outlier removal: 5026 points
Saved -> /home/computer0/fly_project/fly_gsplat/ctrl_009/001/f1247/init_points.ply
[prepare] frame 1247 data ready
Dataset generated successfully at: /home/computer0/fly_project/fly_gsplat/ctrl_009/001/f1248
4 cameras loaded
Seed: [-0.00239417 -0.00222488 -0.00260163]  triangulation residual=1.793 mm
Sampled 10000 points in 2mm sphere
Surviving points (all 4 cameras): 5255
After outlier removal: 5055 points
Saved -> /home/computer0/fly_project/fly_gsplat/ctrl_009/001/f1248/init_points.ply
[prepare] frame 1248 data ready
Dataset generated successfully at: /home/computer0/fly_project/fly_gsplat/ctrl_009/001/f1249
4 cameras loaded
Seed: [-0.00239239 -0.00223103 -0.00260443]  triangulation residual=1.799 mm
Sampled 10000 points in 2mm sphere
Surviving points (all 4 cameras): 5196
After outlier removal: 4972 points
Saved -> /home/computer0/fly_project/fly_gsplat/ctrl_009/001/f1249/init_points.ply
[prepare] frame 1249 data ready
Dataset generated successfully at: /home/computer0/fly_project/fly_gsplat/ctrl_009/001/f1250
4 cameras loaded
Seed: [-0.00239356 -0.0022299  -0.00261368]  triangulation residual=1.799 mm
Sampled 10000 points in 2mm sphere
Surviving points (all 4 cameras): 5267
After outlier removal: 5055 points
Saved -> /home/computer0/fly_project/fly_gsplat/ctrl_009/001/f1250/init_points.ply
[prepare] frame 1250 data ready
Dataset generated successfully at: /home/computer0/fly_project/fly_gsplat/ctrl_009/001/f1251
4 cameras loaded
Seed: [-0.00239208 -0.00224659 -0.00262027]  triangulation residual=1.805 mm
Sampled 10000 points in 2mm sphere
Surviving points (all 4 cameras): 5225
After outlier removal: 5009 points
Saved -> /home/computer0/fly_project/fly_gsplat/ctrl_009/001/f1251/init_points.ply
[prepare] frame 1251 data ready
Dataset generated successfully at: /home/computer0/fly_project/fly_gsplat/ctrl_009/001/f1252
4 cameras loaded
Seed: [-0.002395   -0.0022369  -0.00262489]  triangulation residual=1.805 mm
Sampled 10000 points in 2mm sphere
Surviving points (all 4 cameras): 5209
After outlier removal: 4991 points
Saved -> /home/computer0/fly_project/fly_gsplat/ctrl_009/001/f1252/init_points.ply
[prepare] frame 1252 data ready
Dataset generated successfully at: /home/computer0/fly_project/fly_gsplat/ctrl_009/001/f1253
4 cameras loaded
Seed: [-0.0023934  -0.00223855 -0.00262954]  triangulation residual=1.809 mm
Sampled 10000 points in 2mm sphere
Surviving points (all 4 cameras): 5182
After outlier removal: 4986 points
Saved -> /home/computer0/fly_project/fly_gsplat/ctrl_009/001/f1253/init_points.ply
[prepare] frame 1253 data ready
Dataset generated successfully at: /home/computer0/fly_project/fly_gsplat/ctrl_009/001/f1254
4 cameras loaded
Seed: [-0.0023983  -0.00224474 -0.00263663]  triangulation residual=1.806 mm
Sampled 10000 points in 2mm sphere
Surviving points (all 4 cameras): 5201
After outlier removal: 5001 points
Saved -> /home/computer0/fly_project/fly_gsplat/ctrl_009/001/f1254/init_points.ply
[prepare] frame 1254 data ready
Dataset generated successfully at: /home/computer0/fly_project/fly_gsplat/ctrl_009/001/f1255
4 cameras loaded
Seed: [-0.00239241 -0.00224768 -0.00264238]  triangulation residual=1.818 mm
Sampled 10000 points in 2mm sphere
Surviving points (all 4 cameras): 5196
After outlier removal: 4983 points
Saved -> /home/computer0/fly_project/fly_gsplat/ctrl_009/001/f1255/init_points.ply
[prepare] frame 1255 data ready
Dataset generated successfully at: /home/computer0/fly_project/fly_gsplat/ctrl_009/001/f1256
4 cameras loaded
Seed: [-0.0023975  -0.00224492 -0.00264745]  triangulation residual=1.813 mm
Sampled 10000 points in 2mm sphere
Surviving points (all 4 cameras): 5274
After outlier removal: 5049 points
Saved -> /home/computer0/fly_project/fly_gsplat/ctrl_009/001/f1256/init_points.ply
[prepare] frame 1256 data ready
Dataset generated successfully at: /home/computer0/fly_project/fly_gsplat/ctrl_009/001/f1257
4 cameras loaded
Seed: [-0.00239781 -0.00224899 -0.00265482]  triangulation residual=1.816 mm
Sampled 10000 points in 2mm sphere
Surviving points (all 4 cameras): 5062
After outlier removal: 4846 points
Saved -> /home/computer0/fly_project/fly_gsplat/ctrl_009/001/f1257/init_points.ply
[prepare] frame 1257 data ready
Dataset generated successfully at: /home/computer0/fly_project/fly_gsplat/ctrl_009/001/f1258
4 cameras loaded
Seed: [-0.00240314 -0.00224058 -0.00266151]  triangulation residual=1.811 mm
Sampled 10000 points in 2mm sphere
Surviving points (all 4 cameras): 5114
After outlier removal: 4913 points
Saved -> /home/computer0/fly_project/fly_gsplat/ctrl_009/001/f1258/init_points.ply
[prepare] frame 1258 data ready
Dataset generated successfully at: /home/computer0/fly_project/fly_gsplat/ctrl_009/001/f1259
4 cameras loaded
Seed: [-0.00240192 -0.00224594 -0.00266673]  triangulation residual=1.816 mm
Sampled 10000 points in 2mm sphere
Surviving points (all 4 cameras): 5089
After outlier removal: 4905 points
Saved -> /home/computer0/fly_project/fly_gsplat/ctrl_009/001/f1259/init_points.ply
[prepare] frame 1259 data ready
Dataset generated successfully at: /home/computer0/fly_project/fly_gsplat/ctrl_009/001/f1260
4 cameras loaded
Seed: [-0.00240479 -0.00224355 -0.00267252]  triangulation residual=1.815 mm
Sampled 10000 points in 2mm sphere
Surviving points (all 4 cameras): 5273
After outlier removal: 5047 points
Saved -> /home/computer0/fly_project/fly_gsplat/ctrl_009/001/f1260/init_points.ply
[prepare] frame 1260 data ready
Dataset generated successfully at: /home/computer0/fly_project/fly_gsplat/ctrl_009/001/f1261
4 cameras loaded
Seed: [-0.00240403 -0.00224653 -0.00267655]  triangulation residual=1.820 mm
Sampled 10000 points in 2mm sphere
Surviving points (all 4 cameras): 5133
After outlier removal: 4922 points
Saved -> /home/computer0/fly_project/fly_gsplat/ctrl_009/001/f1261/init_points.ply
[prepare] frame 1261 data ready
Dataset generated successfully at: /home/computer0/fly_project/fly_gsplat/ctrl_009/001/f1262
4 cameras loaded
Seed: [-0.00240499 -0.00224484 -0.00268423]  triangulation residual=1.819 mm
Sampled 10000 points in 2mm sphere
Surviving points (all 4 cameras): 5198
After outlier removal: 4989 points
Saved -> /home/computer0/fly_project/fly_gsplat/ctrl_009/001/f1262/init_points.ply
[prepare] frame 1262 data ready
Dataset generated successfully at: /home/computer0/fly_project/fly_gsplat/ctrl_009/001/f1263
4 cameras loaded
Seed: [-0.00240356 -0.00225434 -0.00268973]  triangulation residual=1.825 mm
Sampled 10000 points in 2mm sphere
Surviving points (all 4 cameras): 5143
After outlier removal: 4950 points
Saved -> /home/computer0/fly_project/fly_gsplat/ctrl_009/001/f1263/init_points.ply
[prepare] frame 1263 data ready
Dataset generated successfully at: /home/computer0/fly_project/fly_gsplat/ctrl_009/001/f1264
4 cameras loaded
Seed: [-0.00240922 -0.00224047 -0.00269766]  triangulation residual=1.817 mm
Sampled 10000 points in 2mm sphere
Surviving points (all 4 cameras): 5105
After outlier removal: 4904 points
Saved -> /home/computer0/fly_project/fly_gsplat/ctrl_009/001/f1264/init_points.ply
[prepare] frame 1264 data ready
Dataset generated successfully at: /home/computer0/fly_project/fly_gsplat/ctrl_009/001/f1265
4 cameras loaded
Seed: [-0.00240638 -0.00225005 -0.00270211]  triangulation residual=1.824 mm
Sampled 10000 points in 2mm sphere
Surviving points (all 4 cameras): 5133
After outlier removal: 4923 points
Saved -> /home/computer0/fly_project/fly_gsplat/ctrl_009/001/f1265/init_points.ply
[prepare] frame 1265 data ready
Dataset generated successfully at: /home/computer0/fly_project/fly_gsplat/ctrl_009/001/f1266
4 cameras loaded
Seed: [-0.00240864 -0.00224867 -0.00270603]  triangulation residual=1.824 mm
Sampled 10000 points in 2mm sphere
Surviving points (all 4 cameras): 5150
After outlier removal: 4936 points
Saved -> /home/computer0/fly_project/fly_gsplat/ctrl_009/001/f1266/init_points.ply
[prepare] frame 1266 data ready
Dataset generated successfully at: /home/computer0/fly_project/fly_gsplat/ctrl_009/001/f1267
4 cameras loaded
Seed: [-0.00240759 -0.00224965 -0.0027129 ]  triangulation residual=1.827 mm
Sampled 10000 points in 2mm sphere
Surviving points (all 4 cameras): 5196
After outlier removal: 4952 points
Saved -> /home/computer0/fly_project/fly_gsplat/ctrl_009/001/f1267/init_points.ply
[prepare] frame 1267 data ready
Dataset generated successfully at: /home/computer0/fly_project/fly_gsplat/ctrl_009/001/f1268
4 cameras loaded
Seed: [-0.00241049 -0.00225438 -0.00271739]  triangulation residual=1.826 mm
Sampled 10000 points in 2mm sphere
Surviving points (all 4 cameras): 5136
After outlier removal: 4904 points
Saved -> /home/computer0/fly_project/fly_gsplat/ctrl_009/001/f1268/init_points.ply
[prepare] frame 1268 data ready
Dataset generated successfully at: /home/computer0/fly_project/fly_gsplat/ctrl_009/001/f1269
4 cameras loaded
Seed: [-0.00240702 -0.0022552  -0.00272398]  triangulation residual=1.834 mm
Sampled 10000 points in 2mm sphere
Surviving points (all 4 cameras): 5123
After outlier removal: 4891 points
Saved -> /home/computer0/fly_project/fly_gsplat/ctrl_009/001/f1269/init_points.ply
[prepare] frame 1269 data ready
Dataset generated successfully at: /home/computer0/fly_project/fly_gsplat/ctrl_009/001/f1270
4 cameras loaded
Seed: [-0.00240873 -0.00224765 -0.00273374]  triangulation residual=1.832 mm
Sampled 10000 points in 2mm sphere
Surviving points (all 4 cameras): 5132
After outlier removal: 4921 points
Saved -> /home/computer0/fly_project/fly_gsplat/ctrl_009/001/f1270/init_points.ply
[prepare] frame 1270 data ready
Dataset generated successfully at: /home/computer0/fly_project/fly_gsplat/ctrl_009/001/f1271
4 cameras loaded
Seed: [-0.00240537 -0.0022542  -0.00273515]  triangulation residual=1.841 mm
Sampled 10000 points in 2mm sphere
Surviving points (all 4 cameras): 5037
After outlier removal: 4833 points
Saved -> /home/computer0/fly_project/fly_gsplat/ctrl_009/001/f1271/init_points.ply
[prepare] frame 1271 data ready
Dataset generated successfully at: /home/computer0/fly_project/fly_gsplat/ctrl_009/001/f1272
4 cameras loaded
Seed: [-0.00240759 -0.0022601  -0.00274199]  triangulation residual=1.838 mm
Sampled 10000 points in 2mm sphere
Surviving points (all 4 cameras): 5027
After outlier removal: 4826 points
Saved -> /home/computer0/fly_project/fly_gsplat/ctrl_009/001/f1272/init_points.ply
[prepare] frame 1272 data ready
Dataset generated successfully at: /home/computer0/fly_project/fly_gsplat/ctrl_009/001/f1273
4 cameras loaded
Seed: [-0.00240655 -0.00225751 -0.00274897]  triangulation residual=1.841 mm
Sampled 10000 points in 2mm sphere
Surviving points (all 4 cameras): 5051
After outlier removal: 4841 points
Saved -> /home/computer0/fly_project/fly_gsplat/ctrl_009/001/f1273/init_points.ply
[prepare] frame 1273 data ready
Dataset generated successfully at: /home/computer0/fly_project/fly_gsplat/ctrl_009/001/f1274
4 cameras loaded
Seed: [-0.00240908 -0.0022577  -0.00275697]  triangulation residual=1.839 mm
Sampled 10000 points in 2mm sphere
Surviving points (all 4 cameras): 5065
After outlier removal: 4847 points
Saved -> /home/computer0/fly_project/fly_gsplat/ctrl_009/001/f1274/init_points.ply
[prepare] frame 1274 data ready
Dataset generated successfully at: /home/computer0/fly_project/fly_gsplat/ctrl_009/001/f1275
4 cameras loaded
Seed: [-0.00240999 -0.00226111 -0.00276091]  triangulation residual=1.840 mm
Sampled 10000 points in 2mm sphere
Surviving points (all 4 cameras): 5140
After outlier removal: 4946 points
Saved -> /home/computer0/fly_project/fly_gsplat/ctrl_009/001/f1275/init_points.ply
[prepare] frame 1275 data ready
Dataset generated successfully at: /home/computer0/fly_project/fly_gsplat/ctrl_009/001/f1276
4 cameras loaded
Seed: [-0.00241051 -0.00226515 -0.00276654]  triangulation residual=1.841 mm
Sampled 10000 points in 2mm sphere
Surviving points (all 4 cameras): 5090
After outlier removal: 4898 points
Saved -> /home/computer0/fly_project/fly_gsplat/ctrl_009/001/f1276/init_points.ply
[prepare] frame 1276 data ready
Dataset generated successfully at: /home/computer0/fly_project/fly_gsplat/ctrl_009/001/f1277
4 cameras loaded
Seed: [-0.00240968 -0.00226383 -0.00277209]  triangulation residual=1.844 mm
Sampled 10000 points in 2mm sphere
Surviving points (all 4 cameras): 5114
After outlier removal: 4880 points
Saved -> /home/computer0/fly_project/fly_gsplat/ctrl_009/001/f1277/init_points.ply
[prepare] frame 1277 data ready
Dataset generated successfully at: /home/computer0/fly_project/fly_gsplat/ctrl_009/001/f1278
4 cameras loaded
Seed: [-0.00241051 -0.00226725 -0.00277816]  triangulation residual=1.844 mm
Sampled 10000 points in 2mm sphere
Surviving points (all 4 cameras): 5070
After outlier removal: 4865 points
Saved -> /home/computer0/fly_project/fly_gsplat/ctrl_009/001/f1278/init_points.ply
[prepare] frame 1278 data ready
Dataset generated successfully at: /home/computer0/fly_project/fly_gsplat/ctrl_009/001/f1279
4 cameras loaded
Seed: [-0.00241211 -0.00225926 -0.00278355]  triangulation residual=1.844 mm
Sampled 10000 points in 2mm sphere
Surviving points (all 4 cameras): 5056
After outlier removal: 4848 points
Saved -> /home/computer0/fly_project/fly_gsplat/ctrl_009/001/f1279/init_points.ply
[prepare] frame 1279 data ready
Dataset generated successfully at: /home/computer0/fly_project/fly_gsplat/ctrl_009/001/f1280
4 cameras loaded
Seed: [-0.00241162 -0.00226817 -0.00278717]  triangulation residual=1.847 mm
Sampled 10000 points in 2mm sphere
Surviving points (all 4 cameras): 5079
After outlier removal: 4889 points
Saved -> /home/computer0/fly_project/fly_gsplat/ctrl_009/001/f1280/init_points.ply
[prepare] frame 1280 data ready
Dataset generated successfully at: /home/computer0/fly_project/fly_gsplat/ctrl_009/001/f1281
4 cameras loaded
Seed: [-0.00241131 -0.00226471 -0.00279539]  triangulation residual=1.848 mm
Sampled 10000 points in 2mm sphere
Surviving points (all 4 cameras): 5094
After outlier removal: 4885 points
Saved -> /home/computer0/fly_project/fly_gsplat/ctrl_009/001/f1281/init_points.ply
[prepare] frame 1281 data ready
Dataset generated successfully at: /home/computer0/fly_project/fly_gsplat/ctrl_009/001/f1282
4 cameras loaded
Seed: [-0.0024143  -0.00225909 -0.00280041]  triangulation residual=1.846 mm
Sampled 10000 points in 2mm sphere
Surviving points (all 4 cameras): 5016
After outlier removal: 4793 points
Saved -> /home/computer0/fly_project/fly_gsplat/ctrl_009/001/f1282/init_points.ply
[prepare] frame 1282 data ready
Dataset generated successfully at: /home/computer0/fly_project/fly_gsplat/ctrl_009/001/f1283
4 cameras loaded
Seed: [-0.00241319 -0.00225991 -0.00280715]  triangulation residual=1.849 mm
Sampled 10000 points in 2mm sphere
Surviving points (all 4 cameras): 5043
After outlier removal: 4853 points
Saved -> /home/computer0/fly_project/fly_gsplat/ctrl_009/001/f1283/init_points.ply
[prepare] frame 1283 data ready
Dataset generated successfully at: /home/computer0/fly_project/fly_gsplat/ctrl_009/001/f1284
4 cameras loaded
Seed: [-0.00241405 -0.00225961 -0.0028132 ]  triangulation residual=1.849 mm
Sampled 10000 points in 2mm sphere
Surviving points (all 4 cameras): 5102
After outlier removal: 4891 points
Saved -> /home/computer0/fly_project/fly_gsplat/ctrl_009/001/f1284/init_points.ply
[prepare] frame 1284 data ready
Dataset generated successfully at: /home/computer0/fly_project/fly_gsplat/ctrl_009/001/f1285
4 cameras loaded
Seed: [-0.00241424 -0.00226171 -0.00281759]  triangulation residual=1.850 mm
Sampled 10000 points in 2mm sphere
Surviving points (all 4 cameras): 5016
After outlier removal: 4815 points
Saved -> /home/computer0/fly_project/fly_gsplat/ctrl_009/001/f1285/init_points.ply
[prepare] frame 1285 data ready
Dataset generated successfully at: /home/computer0/fly_project/fly_gsplat/ctrl_009/001/f1286
4 cameras loaded
Seed: [-0.00241804 -0.00226061 -0.00282429]  triangulation residual=1.846 mm
Sampled 10000 points in 2mm sphere
Surviving points (all 4 cameras): 5118
After outlier removal: 4915 points
Saved -> /home/computer0/fly_project/fly_gsplat/ctrl_009/001/f1286/init_points.ply
[prepare] frame 1286 data ready
Dataset generated successfully at: /home/computer0/fly_project/fly_gsplat/ctrl_009/001/f1287
4 cameras loaded
Seed: [-0.00241952 -0.00226564 -0.00282897]  triangulation residual=1.845 mm
Sampled 10000 points in 2mm sphere
Surviving points (all 4 cameras): 5120
After outlier removal: 4930 points
Saved -> /home/computer0/fly_project/fly_gsplat/ctrl_009/001/f1287/init_points.ply
[prepare] frame 1287 data ready
Dataset generated successfully at: /home/computer0/fly_project/fly_gsplat/ctrl_009/001/f1288
4 cameras loaded
Seed: [-0.00241777 -0.00226353 -0.00283606]  triangulation residual=1.848 mm
Sampled 10000 points in 2mm sphere
Surviving points (all 4 cameras): 5004
After outlier removal: 4793 points
Saved -> /home/computer0/fly_project/fly_gsplat/ctrl_009/001/f1288/init_points.ply
[prepare] frame 1288 data ready
Dataset generated successfully at: /home/computer0/fly_project/fly_gsplat/ctrl_009/001/f1289
4 cameras loaded
Seed: [-0.00241928 -0.0022562  -0.00284184]  triangulation residual=1.848 mm
Sampled 10000 points in 2mm sphere
Surviving points (all 4 cameras): 5046
After outlier removal: 4837 points
Saved -> /home/computer0/fly_project/fly_gsplat/ctrl_009/001/f1289/init_points.ply
[prepare] frame 1289 data ready
Dataset generated successfully at: /home/computer0/fly_project/fly_gsplat/ctrl_009/001/f1290
4 cameras loaded
Seed: [-0.00242452 -0.00226402 -0.00284774]  triangulation residual=1.841 mm
Sampled 10000 points in 2mm sphere
Surviving points (all 4 cameras): 5087
After outlier removal: 4873 points
Saved -> /home/computer0/fly_project/fly_gsplat/ctrl_009/001/f1290/init_points.ply
[prepare] frame 1290 data ready
Dataset generated successfully at: /home/computer0/fly_project/fly_gsplat/ctrl_009/001/f1291
4 cameras loaded
Seed: [-0.00242018 -0.00226499 -0.00285345]  triangulation residual=1.846 mm
Sampled 10000 points in 2mm sphere
Surviving points (all 4 cameras): 5152
After outlier removal: 4938 points
Saved -> /home/computer0/fly_project/fly_gsplat/ctrl_009/001/f1291/init_points.ply
[prepare] frame 1291 data ready
Dataset generated successfully at: /home/computer0/fly_project/fly_gsplat/ctrl_009/001/f1292
4 cameras loaded
Seed: [-0.00242189 -0.00226856 -0.00285826]  triangulation residual=1.846 mm
Sampled 10000 points in 2mm sphere
Surviving points (all 4 cameras): 4999
After outlier removal: 4792 points
Saved -> /home/computer0/fly_project/fly_gsplat/ctrl_009/001/f1292/init_points.ply
[prepare] frame 1292 data ready
Dataset generated successfully at: /home/computer0/fly_project/fly_gsplat/ctrl_009/001/f1293
4 cameras loaded
Seed: [-0.00241818 -0.00226784 -0.00286031]  triangulation residual=1.855 mm
Sampled 10000 points in 2mm sphere
Surviving points (all 4 cameras): 4961
After outlier removal: 4752 points
Saved -> /home/computer0/fly_project/fly_gsplat/ctrl_009/001/f1293/init_points.ply
[prepare] frame 1293 data ready
Dataset generated successfully at: /home/computer0/fly_project/fly_gsplat/ctrl_009/001/f1294
4 cameras loaded
Seed: [-0.00242251 -0.00226646 -0.00286973]  triangulation residual=1.847 mm
Sampled 10000 points in 2mm sphere
Surviving points (all 4 cameras): 4996
After outlier removal: 4790 points
Saved -> /home/computer0/fly_project/fly_gsplat/ctrl_009/001/f1294/init_points.ply
[prepare] frame 1294 data ready
Dataset generated successfully at: /home/computer0/fly_project/fly_gsplat/ctrl_009/001/f1295
4 cameras loaded
Seed: [-0.00241906 -0.00226487 -0.00287446]  triangulation residual=1.853 mm
Sampled 10000 points in 2mm sphere
Surviving points (all 4 cameras): 5068
After outlier removal: 4852 points
Saved -> /home/computer0/fly_project/fly_gsplat/ctrl_009/001/f1295/init_points.ply
[prepare] frame 1295 data ready
Dataset generated successfully at: /home/computer0/fly_project/fly_gsplat/ctrl_009/001/f1296
4 cameras loaded
Seed: [-0.00241974 -0.00226985 -0.00287899]  triangulation residual=1.853 mm
Sampled 10000 points in 2mm sphere
Surviving points (all 4 cameras): 5045
After outlier removal: 4850 points
Saved -> /home/computer0/fly_project/fly_gsplat/ctrl_009/001/f1296/init_points.ply
[prepare] frame 1296 data ready
Dataset generated successfully at: /home/computer0/fly_project/fly_gsplat/ctrl_009/001/f1297
4 cameras loaded
Seed: [-0.00241787 -0.00226693 -0.00288461]  triangulation residual=1.856 mm
Sampled 10000 points in 2mm sphere
Surviving points (all 4 cameras): 5015
After outlier removal: 4813 points
Saved -> /home/computer0/fly_project/fly_gsplat/ctrl_009/001/f1297/init_points.ply
[prepare] frame 1297 data ready
Dataset generated successfully at: /home/computer0/fly_project/fly_gsplat/ctrl_009/001/f1298
4 cameras loaded
Seed: [-0.00241819 -0.0022672  -0.0028907 ]  triangulation residual=1.856 mm
Sampled 10000 points in 2mm sphere
[17:26:08]  Be careful with '--eval-mode=all'. If using camera optimization, the cameras    nerfstudio_dataparser.py:216
           may diverge in the current implementation, giving unpredictable results.                                     
            Be careful with '--eval-mode=all'. If using camera optimization, the cameras    nerfstudio_dataparser.py:216
           may diverge in the current implementation, giving unpredictable results.                                     
[17:26:08]  Be careful with '--eval-mode=all'. If using camera optimization, the cameras    nerfstudio_dataparser.py:216
           may diverge in the current implementation, giving unpredictable results.                                     
            Be careful with '--eval-mode=all'. If using camera optimization, the cameras    nerfstudio_dataparser.py:216
           may diverge in the current implementation, giving unpredictable results.                                     
[17:26:08]  Be careful with '--eval-mode=all'. If using camera optimization, the cameras    nerfstudio_dataparser.py:216
           may diverge in the current implementation, giving unpredictable results.                                     
            Be careful with '--eval-mode=all'. If using camera optimization, the cameras    nerfstudio_dataparser.py:216
           may diverge in the current implementation, giving unpredictable results.                                     
           use color only optimization with sigmoid activation                                         splatfacto.py:266
[17:26:08]  Be careful with '--eval-mode=all'. If using camera optimization, the cameras    nerfstudio_dataparser.py:216
           may diverge in the current implementation, giving unpredictable results.                                     
            Be careful with '--eval-mode=all'. If using camera optimization, the cameras    nerfstudio_dataparser.py:216
           may diverge in the current implementation, giving unpredictable results.                                     
[17:26:08]  Be careful with '--eval-mode=all'. If using camera optimization, the cameras    nerfstudio_dataparser.py:216
           may diverge in the current implementation, giving unpredictable results.                                     
            Be careful with '--eval-mode=all'. If using camera optimization, the cameras    nerfstudio_dataparser.py:216
           may diverge in the current implementation, giving unpredictable results.                                     
           use color only optimization with sigmoid activation                                         splatfacto.py:266
[17:26:08]  Be careful with '--eval-mode=all'. If using camera optimization, the cameras    nerfstudio_dataparser.py:216
           may diverge in the current implementation, giving unpredictable results.                                     
            Be careful with '--eval-mode=all'. If using camera optimization, the cameras    nerfstudio_dataparser.py:216
           may diverge in the current implementation, giving unpredictable results.                                     
           use color only optimization with sigmoid activation                                         splatfacto.py:266
[17:26:08]  Be careful with '--eval-mode=all'. If using camera optimization, the cameras    nerfstudio_dataparser.py:216
           may diverge in the current implementation, giving unpredictable results.                                     
            Be careful with '--eval-mode=all'. If using camera optimization, the cameras    nerfstudio_dataparser.py:216
           may diverge in the current implementation, giving unpredictable results.                                     
[17:26:09]  Be careful with '--eval-mode=all'. If using camera optimization, the cameras    nerfstudio_dataparser.py:216
           may diverge in the current implementation, giving unpredictable results.                                     
            Be careful with '--eval-mode=all'. If using camera optimization, the cameras    nerfstudio_dataparser.py:216
           may diverge in the current implementation, giving unpredictable results.                                     
[17:26:09] use color only optimization with sigmoid activation                                         splatfacto.py:266
[17:26:09]  Be careful with '--eval-mode=all'. If using camera optimization, the cameras    nerfstudio_dataparser.py:216
           may diverge in the current implementation, giving unpredictable results.                                     
[17:26:09] use color only optimization with sigmoid activation                                         splatfacto.py:266
            Be careful with '--eval-mode=all'. If using camera optimization, the cameras    nerfstudio_dataparser.py:216
           may diverge in the current implementation, giving unpredictable results.                                     
[17:26:09]  Be careful with '--eval-mode=all'. If using camera optimization, the cameras    nerfstudio_dataparser.py:216
           may diverge in the current implementation, giving unpredictable results.                                     
            Be careful with '--eval-mode=all'. If using camera optimization, the cameras    nerfstudio_dataparser.py:216
           may diverge in the current implementation, giving unpredictable results.                                     
[17:26:09] use color only optimization with sigmoid activation                                         splatfacto.py:266
[17:26:09]  Be careful with '--eval-mode=all'. If using camera optimization, the cameras    nerfstudio_dataparser.py:216
           may diverge in the current implementation, giving unpredictable results.                                     
            Be careful with '--eval-mode=all'. If using camera optimization, the cameras    nerfstudio_dataparser.py:216
           may diverge in the current implementation, giving unpredictable results.                                     
[17:26:09] use color only optimization with sigmoid activation                                         splatfacto.py:266
           use color only optimization with sigmoid activation                                         splatfacto.py:266
           use color only optimization with sigmoid activation                                         splatfacto.py:266
           use color only optimization with sigmoid activation                                         splatfacto.py:266
[17:26:09]  Be careful with '--eval-mode=all'. If using camera optimization, the cameras    nerfstudio_dataparser.py:216
           may diverge in the current implementation, giving unpredictable results.                                     
            Be careful with '--eval-mode=all'. If using camera optimization, the cameras    nerfstudio_dataparser.py:216
           may diverge in the current implementation, giving unpredictable results.                                     
           use color only optimization with sigmoid activation                                         splatfacto.py:266
           use color only optimization with sigmoid activation                                         splatfacto.py:266
Loading latest checkpoint from load_dir
Loading latest checkpoint from load_dir
Loading latest checkpoint from load_dir
Loading latest checkpoint from load_dir
Loading latest checkpoint from load_dir
Loading latest checkpoint from load_dir
Loading latest checkpoint from load_dir
Loading latest checkpoint from load_dir
Loading latest checkpoint from load_dir
Loading latest checkpoint from load_dir
Loading latest checkpoint from load_dir
Loading latest checkpoint from load_dir
✅ Done loading checkpoint from 
outputs/ctrl_009_001_ratio3_sh0_dense_mid200/ratio3_sh0_dense/f1105/splatfacto/2026-08-20_172356/nerfstudio_models/step-
000001999.ckpt
✅ Done loading checkpoint from 
outputs/ctrl_009_001_ratio3_sh0_dense_mid200/ratio3_sh0_dense/f1104/splatfacto/2026-08-20_172357/nerfstudio_models/step-
000001999.ckpt
✅ Done loading checkpoint from 
outputs/ctrl_009_001_ratio3_sh0_dense_mid200/ratio3_sh0_dense/f1111/splatfacto/2026-08-20_172356/nerfstudio_models/step-
000001999.ckpt
✅ Done loading checkpoint from 
outputs/ctrl_009_001_ratio3_sh0_dense_mid200/ratio3_sh0_dense/f1101/splatfacto/2026-08-20_172355/nerfstudio_models/step-
000001999.ckpt
✅ Done loading checkpoint from 
outputs/ctrl_009_001_ratio3_sh0_dense_mid200/ratio3_sh0_dense/f1108/splatfacto/2026-08-20_172356/nerfstudio_models/step-
000001999.ckpt
✅ Done loading checkpoint from 
outputs/ctrl_009_001_ratio3_sh0_dense_mid200/ratio3_sh0_dense/f1106/splatfacto/2026-08-20_172357/nerfstudio_models/step-
000001999.ckpt
✅ Done loading checkpoint from 
outputs/ctrl_009_001_ratio3_sh0_dense_mid200/ratio3_sh0_dense/f1103/splatfacto/2026-08-20_172357/nerfstudio_models/step-
000001999.ckpt
✅ Done loading checkpoint from 
outputs/ctrl_009_001_ratio3_sh0_dense_mid200/ratio3_sh0_dense/f1100/splatfacto/2026-08-20_172357/nerfstudio_models/step-
000001999.ckpt
✅ Done loading checkpoint from 
outputs/ctrl_009_001_ratio3_sh0_dense_mid200/ratio3_sh0_dense/f1109/splatfacto/2026-08-20_172357/nerfstudio_models/step-
000001999.ckpt
✅ Done loading checkpoint from 
outputs/ctrl_009_001_ratio3_sh0_dense_mid200/ratio3_sh0_dense/f1107/splatfacto/2026-08-20_172356/nerfstudio_models/step-
000001999.ckpt
✅ Done loading checkpoint from 
outputs/ctrl_009_001_ratio3_sh0_dense_mid200/ratio3_sh0_dense/f1102/splatfacto/2026-08-20_172356/nerfstudio_models/step-
000001999.ckpt
✅ Done loading checkpoint from 
outputs/ctrl_009_001_ratio3_sh0_dense_mid200/ratio3_sh0_dense/f1110/splatfacto/2026-08-20_172357/nerfstudio_models/step-
000001999.ckpt
[gpu1_w5] ratio3_sh0_dense__f1109 -> ok (143.4s)
[gpu1_w2] ratio3_sh0_dense__f1101 -> ok (143.5s)
[gpu1_w0] ratio3_sh0_dense__f1106 -> ok (143.5s)
[gpu1_w4] ratio3_sh0_dense__f1108 -> ok (143.5s)
[gpu0_w3] ratio3_sh0_dense__f1107 -> ok (143.5s)
[gpu0_w5] ratio3_sh0_dense__f1102 -> ok (143.5s)
[gpu0_w1] ratio3_sh0_dense__f1103 -> ok (143.6s)
[gpu1_w1] ratio3_sh0_dense__f1110 -> ok (143.5s)
[gpu0_w4] ratio3_sh0_dense__f1105 -> ok (143.6s)
[gpu0_w2] ratio3_sh0_dense__f1104 -> ok (143.6s)
[gpu1_w3] ratio3_sh0_dense__f1111 -> ok (143.6s)
[gpu0_w0] ratio3_sh0_dense__f1100 -> ok (143.7s)
[17:28:21]  Be careful with '--eval-mode=all'. If using camera optimization, the cameras    nerfstudio_dataparser.py:216
           may diverge in the current implementation, giving unpredictable results.                                     
            Be careful with '--eval-mode=all'. If using camera optimization, the cameras    nerfstudio_dataparser.py:216
           may diverge in the current implementation, giving unpredictable results.                                     
[17:28:21]  Be careful with '--eval-mode=all'. If using camera optimization, the cameras    nerfstudio_dataparser.py:216
           may diverge in the current implementation, giving unpredictable results.                                     
            Be careful with '--eval-mode=all'. If using camera optimization, the cameras    nerfstudio_dataparser.py:216
           may diverge in the current implementation, giving unpredictable results.                                     
           use color only optimization with sigmoid activation                                         splatfacto.py:266
           use color only optimization with sigmoid activation                                         splatfacto.py:266
[17:28:21]  Be careful with '--eval-mode=all'. If using camera optimization, the cameras    nerfstudio_dataparser.py:216
           may diverge in the current implementation, giving unpredictable results.                                     
            Be careful with '--eval-mode=all'. If using camera optimization, the cameras    nerfstudio_dataparser.py:216
           may diverge in the current implementation, giving unpredictable results.                                     
[17:28:22] use color only optimization with sigmoid activation                                         splatfacto.py:266
[17:28:22]  Be careful with '--eval-mode=all'. If using camera optimization, the cameras    nerfstudio_dataparser.py:216
           may diverge in the current implementation, giving unpredictable results.                                     
            Be careful with '--eval-mode=all'. If using camera optimization, the cameras    nerfstudio_dataparser.py:216
           may diverge in the current implementation, giving unpredictable results.                                     
           use color only optimization with sigmoid activation                                         splatfacto.py:266
[17:28:22]  Be careful with '--eval-mode=all'. If using camera optimization, the cameras    nerfstudio_dataparser.py:216
           may diverge in the current implementation, giving unpredictable results.                                     
            Be careful with '--eval-mode=all'. If using camera optimization, the cameras    nerfstudio_dataparser.py:216
           may diverge in the current implementation, giving unpredictable results.                                     
Loading latest checkpoint from load_dir
Loading latest checkpoint from load_dir
           use color only optimization with sigmoid activation                                         splatfacto.py:266
✅ Done loading checkpoint from 
outputs/ctrl_009_001_ratio3_sh0_dense_mid200/ratio3_sh0_dense/f1119/splatfacto/2026-08-20_172622/nerfstudio_models/step-
000001999.ckpt
✅ Done loading checkpoint from 
outputs/ctrl_009_001_ratio3_sh0_dense_mid200/ratio3_sh0_dense/f1113/splatfacto/2026-08-20_172622/nerfstudio_models/step-
000001999.ckpt
Loading latest checkpoint from load_dir
✅ Done loading checkpoint from 
outputs/ctrl_009_001_ratio3_sh0_dense_mid200/ratio3_sh0_dense/f1118/splatfacto/2026-08-20_172622/nerfstudio_models/step-
000001999.ckpt
[17:28:23]  Be careful with '--eval-mode=all'. If using camera optimization, the cameras    nerfstudio_dataparser.py:216
           may diverge in the current implementation, giving unpredictable results.                                     
            Be careful with '--eval-mode=all'. If using camera optimization, the cameras    nerfstudio_dataparser.py:216
           may diverge in the current implementation, giving unpredictable results.                                     
Loading latest checkpoint from load_dir
✅ Done loading checkpoint from 
outputs/ctrl_009_001_ratio3_sh0_dense_mid200/ratio3_sh0_dense/f1122/splatfacto/2026-08-20_172622/nerfstudio_models/step-
000001999.ckpt
           use color only optimization with sigmoid activation                                         splatfacto.py:266
[17:28:23]  Be careful with '--eval-mode=all'. If using camera optimization, the cameras    nerfstudio_dataparser.py:216
           may diverge in the current implementation, giving unpredictable results.                                     
            Be careful with '--eval-mode=all'. If using camera optimization, the cameras    nerfstudio_dataparser.py:216
           may diverge in the current implementation, giving unpredictable results.                                     
           use color only optimization with sigmoid activation                                         splatfacto.py:266
Loading latest checkpoint from load_dir
[17:28:23]  Be careful with '--eval-mode=all'. If using camera optimization, the cameras    nerfstudio_dataparser.py:216
           may diverge in the current implementation, giving unpredictable results.                                     
✅ Done loading checkpoint from 
outputs/ctrl_009_001_ratio3_sh0_dense_mid200/ratio3_sh0_dense/f1120/splatfacto/2026-08-20_172622/nerfstudio_models/step-
000001999.ckpt
            Be careful with '--eval-mode=all'. If using camera optimization, the cameras    nerfstudio_dataparser.py:216
           may diverge in the current implementation, giving unpredictable results.                                     
[17:28:23]  Be careful with '--eval-mode=all'. If using camera optimization, the cameras    nerfstudio_dataparser.py:216
           may diverge in the current implementation, giving unpredictable results.                                     
            Be careful with '--eval-mode=all'. If using camera optimization, the cameras    nerfstudio_dataparser.py:216
           may diverge in the current implementation, giving unpredictable results.                                     
           use color only optimization with sigmoid activation                                         splatfacto.py:266
           use color only optimization with sigmoid activation                                         splatfacto.py:266
[17:28:23]  Be careful with '--eval-mode=all'. If using camera optimization, the cameras    nerfstudio_dataparser.py:216
           may diverge in the current implementation, giving unpredictable results.                                     
            Be careful with '--eval-mode=all'. If using camera optimization, the cameras    nerfstudio_dataparser.py:216
           may diverge in the current implementation, giving unpredictable results.                                     
[17:28:24]  Be careful with '--eval-mode=all'. If using camera optimization, the cameras    nerfstudio_dataparser.py:216
           may diverge in the current implementation, giving unpredictable results.                                     
            Be careful with '--eval-mode=all'. If using camera optimization, the cameras    nerfstudio_dataparser.py:216
           may diverge in the current implementation, giving unpredictable results.                                     
Loading latest checkpoint from load_dir
✅ Done loading checkpoint from 
outputs/ctrl_009_001_ratio3_sh0_dense_mid200/ratio3_sh0_dense/f1112/splatfacto/2026-08-20_172622/nerfstudio_models/step-
000001999.ckpt
[17:28:24] use color only optimization with sigmoid activation                                         splatfacto.py:266
           use color only optimization with sigmoid activation                                         splatfacto.py:266
Loading latest checkpoint from load_dir
✅ Done loading checkpoint from 
outputs/ctrl_009_001_ratio3_sh0_dense_mid200/ratio3_sh0_dense/f1121/splatfacto/2026-08-20_172622/nerfstudio_models/step-
000001999.ckpt
[17:28:24]  Be careful with '--eval-mode=all'. If using camera optimization, the cameras    nerfstudio_dataparser.py:216
           may diverge in the current implementation, giving unpredictable results.                                     
            Be careful with '--eval-mode=all'. If using camera optimization, the cameras    nerfstudio_dataparser.py:216
           may diverge in the current implementation, giving unpredictable results.                                     
Loading latest checkpoint from load_dir
✅ Done loading checkpoint from 
outputs/ctrl_009_001_ratio3_sh0_dense_mid200/ratio3_sh0_dense/f1117/splatfacto/2026-08-20_172622/nerfstudio_models/step-
000001999.ckpt
Loading latest checkpoint from load_dir
           use color only optimization with sigmoid activation                                         splatfacto.py:266
✅ Done loading checkpoint from 
outputs/ctrl_009_001_ratio3_sh0_dense_mid200/ratio3_sh0_dense/f1115/splatfacto/2026-08-20_172622/nerfstudio_models/step-
000001999.ckpt
0 Gaussians have NaN/Inf and 1 have low opacity, only export 24738/24739
[gpu1_w1] ratio3_sh0_dense__f1119 -> ok (123.5s)
Loading latest checkpoint from load_dir
[gpu1_w2] ratio3_sh0_dense__f1113 -> ok (123.6s)
✅ Done loading checkpoint from 
outputs/ctrl_009_001_ratio3_sh0_dense_mid200/ratio3_sh0_dense/f1114/splatfacto/2026-08-20_172623/nerfstudio_models/step-
000001999.ckpt
Loading latest checkpoint from load_dir
✅ Done loading checkpoint from 
outputs/ctrl_009_001_ratio3_sh0_dense_mid200/ratio3_sh0_dense/f1123/splatfacto/2026-08-20_172622/nerfstudio_models/step-
000001999.ckpt
[gpu0_w1] ratio3_sh0_dense__f1118 -> ok (123.7s)
[gpu1_w3] ratio3_sh0_dense__f1122 -> ok (124.1s)
Loading latest checkpoint from load_dir
✅ Done loading checkpoint from 
outputs/ctrl_009_001_ratio3_sh0_dense_mid200/ratio3_sh0_dense/f1116/splatfacto/2026-08-20_172622/nerfstudio_models/step-
000001999.ckpt
0 Gaussians have NaN/Inf and 1 have low opacity, only export 23696/23697
[gpu0_w4] ratio3_sh0_dense__f1120 -> ok (124.6s)
[gpu1_w5] ratio3_sh0_dense__f1112 -> ok (125.2s)
[gpu0_w2] ratio3_sh0_dense__f1121 -> ok (125.5s)
[gpu1_w4] ratio3_sh0_dense__f1115 -> ok (125.7s)
[gpu0_w5] ratio3_sh0_dense__f1117 -> ok (125.9s)
[gpu0_w0] ratio3_sh0_dense__f1123 -> ok (126.1s)
[gpu1_w0] ratio3_sh0_dense__f1114 -> ok (126.4s)
[gpu0_w3] ratio3_sh0_dense__f1116 -> ok (126.9s)
[17:30:30]  Be careful with '--eval-mode=all'. If using camera optimization, the cameras    nerfstudio_dataparser.py:216
           may diverge in the current implementation, giving unpredictable results.                                     
            Be careful with '--eval-mode=all'. If using camera optimization, the cameras    nerfstudio_dataparser.py:216
           may diverge in the current implementation, giving unpredictable results.                                     
[17:30:31] use color only optimization with sigmoid activation                                         splatfacto.py:266
[17:30:33]  Be careful with '--eval-mode=all'. If using camera optimization, the cameras    nerfstudio_dataparser.py:216
           may diverge in the current implementation, giving unpredictable results.                                     
            Be careful with '--eval-mode=all'. If using camera optimization, the cameras    nerfstudio_dataparser.py:216
           may diverge in the current implementation, giving unpredictable results.                                     
           use color only optimization with sigmoid activation                                         splatfacto.py:266
Loading latest checkpoint from load_dir
✅ Done loading checkpoint from 
outputs/ctrl_009_001_ratio3_sh0_dense_mid200/ratio3_sh0_dense/f1127/splatfacto/2026-08-20_172834/nerfstudio_models/step-
000001999.ckpt
[17:30:34]  Be careful with '--eval-mode=all'. If using camera optimization, the cameras    nerfstudio_dataparser.py:216
           may diverge in the current implementation, giving unpredictable results.                                     
            Be careful with '--eval-mode=all'. If using camera optimization, the cameras    nerfstudio_dataparser.py:216
           may diverge in the current implementation, giving unpredictable results.                                     
           use color only optimization with sigmoid activation                                         splatfacto.py:266
Loading latest checkpoint from load_dir
✅ Done loading checkpoint from 
outputs/ctrl_009_001_ratio3_sh0_dense_mid200/ratio3_sh0_dense/f1124/splatfacto/2026-08-20_172834/nerfstudio_models/step-
000001999.ckpt
[17:30:34]  Be careful with '--eval-mode=all'. If using camera optimization, the cameras    nerfstudio_dataparser.py:216
           may diverge in the current implementation, giving unpredictable results.                                     
            Be careful with '--eval-mode=all'. If using camera optimization, the cameras    nerfstudio_dataparser.py:216
           may diverge in the current implementation, giving unpredictable results.                                     
[17:30:34]  Be careful with '--eval-mode=all'. If using camera optimization, the cameras    nerfstudio_dataparser.py:216
           may diverge in the current implementation, giving unpredictable results.                                     
            Be careful with '--eval-mode=all'. If using camera optimization, the cameras    nerfstudio_dataparser.py:216
           may diverge in the current implementation, giving unpredictable results.                                     
[17:30:34]  Be careful with '--eval-mode=all'. If using camera optimization, the cameras    nerfstudio_dataparser.py:216
           may diverge in the current implementation, giving unpredictable results.                                     
            Be careful with '--eval-mode=all'. If using camera optimization, the cameras    nerfstudio_dataparser.py:216
           may diverge in the current implementation, giving unpredictable results.                                     
           use color only optimization with sigmoid activation                                         splatfacto.py:266
           use color only optimization with sigmoid activation                                         splatfacto.py:266
[17:30:34]  Be careful with '--eval-mode=all'. If using camera optimization, the cameras    nerfstudio_dataparser.py:216
           may diverge in the current implementation, giving unpredictable results.                                     
           use color only optimization with sigmoid activation                                         splatfacto.py:266
            Be careful with '--eval-mode=all'. If using camera optimization, the cameras    nerfstudio_dataparser.py:216
           may diverge in the current implementation, giving unpredictable results.                                     
           use color only optimization with sigmoid activation                                         splatfacto.py:266
[17:30:35]  Be careful with '--eval-mode=all'. If using camera optimization, the cameras    nerfstudio_dataparser.py:216
           may diverge in the current implementation, giving unpredictable results.                                     
            Be careful with '--eval-mode=all'. If using camera optimization, the cameras    nerfstudio_dataparser.py:216
           may diverge in the current implementation, giving unpredictable results.                                     
Loading latest checkpoint from load_dir
✅ Done loading checkpoint from 
outputs/ctrl_009_001_ratio3_sh0_dense_mid200/ratio3_sh0_dense/f1128/splatfacto/2026-08-20_172835/nerfstudio_models/step-
000001999.ckpt
Loading latest checkpoint from load_dir
           use color only optimization with sigmoid activation                                         splatfacto.py:266
✅ Done loading checkpoint from 
outputs/ctrl_009_001_ratio3_sh0_dense_mid200/ratio3_sh0_dense/f1126/splatfacto/2026-08-20_172835/nerfstudio_models/step-
000001999.ckpt
[17:30:35]  Be careful with '--eval-mode=all'. If using camera optimization, the cameras    nerfstudio_dataparser.py:216
           may diverge in the current implementation, giving unpredictable results.                                     
            Be careful with '--eval-mode=all'. If using camera optimization, the cameras    nerfstudio_dataparser.py:216
           may diverge in the current implementation, giving unpredictable results.                                     
[17:30:35]  Be careful with '--eval-mode=all'. If using camera optimization, the cameras    nerfstudio_dataparser.py:216
           may diverge in the current implementation, giving unpredictable results.                                     
            Be careful with '--eval-mode=all'. If using camera optimization, the cameras    nerfstudio_dataparser.py:216
           may diverge in the current implementation, giving unpredictable results.                                     
Loading latest checkpoint from load_dir
✅ Done loading checkpoint from 
outputs/ctrl_009_001_ratio3_sh0_dense_mid200/ratio3_sh0_dense/f1131/splatfacto/2026-08-20_172835/nerfstudio_models/step-
000001999.ckpt
Loading latest checkpoint from load_dir
✅ Done loading checkpoint from 
outputs/ctrl_009_001_ratio3_sh0_dense_mid200/ratio3_sh0_dense/f1129/splatfacto/2026-08-20_172835/nerfstudio_models/step-
000001999.ckpt
0 Gaussians have NaN/Inf and 1 have low opacity, only export 23875/23876
           use color only optimization with sigmoid activation                                         splatfacto.py:266
           use color only optimization with sigmoid activation                                         splatfacto.py:266
[17:30:35]  Be careful with '--eval-mode=all'. If using camera optimization, the cameras    nerfstudio_dataparser.py:216
           may diverge in the current implementation, giving unpredictable results.                                     
            Be careful with '--eval-mode=all'. If using camera optimization, the cameras    nerfstudio_dataparser.py:216
           may diverge in the current implementation, giving unpredictable results.                                     
Loading latest checkpoint from load_dir
✅ Done loading checkpoint from 
outputs/ctrl_009_001_ratio3_sh0_dense_mid200/ratio3_sh0_dense/f1134/splatfacto/2026-08-20_172836/nerfstudio_models/step-
000001999.ckpt
[17:30:35]  Be careful with '--eval-mode=all'. If using camera optimization, the cameras    nerfstudio_dataparser.py:216
           may diverge in the current implementation, giving unpredictable results.                                     
            Be careful with '--eval-mode=all'. If using camera optimization, the cameras    nerfstudio_dataparser.py:216
           may diverge in the current implementation, giving unpredictable results.                                     
           use color only optimization with sigmoid activation                                         splatfacto.py:266
[17:30:36] use color only optimization with sigmoid activation                                         splatfacto.py:266
[gpu1_w3] ratio3_sh0_dense__f1127 -> ok (122.8s)
Loading latest checkpoint from load_dir
✅ Done loading checkpoint from 
outputs/ctrl_009_001_ratio3_sh0_dense_mid200/ratio3_sh0_dense/f1132/splatfacto/2026-08-20_172835/nerfstudio_models/step-
000001999.ckpt
Loading latest checkpoint from load_dir
✅ Done loading checkpoint from 
outputs/ctrl_009_001_ratio3_sh0_dense_mid200/ratio3_sh0_dense/f1125/splatfacto/2026-08-20_172835/nerfstudio_models/step-
000001999.ckpt
Loading latest checkpoint from load_dir
[gpu1_w1] ratio3_sh0_dense__f1124 -> ok (123.9s)
✅ Done loading checkpoint from 
outputs/ctrl_009_001_ratio3_sh0_dense_mid200/ratio3_sh0_dense/f1133/splatfacto/2026-08-20_172836/nerfstudio_models/step-
000001999.ckpt
Loading latest checkpoint from load_dir
✅ Done loading checkpoint from 
outputs/ctrl_009_001_ratio3_sh0_dense_mid200/ratio3_sh0_dense/f1130/splatfacto/2026-08-20_172836/nerfstudio_models/step-
000001999.ckpt
Loading latest checkpoint from load_dir
✅ Done loading checkpoint from 
outputs/ctrl_009_001_ratio3_sh0_dense_mid200/ratio3_sh0_dense/f1135/splatfacto/2026-08-20_172836/nerfstudio_models/step-
000001999.ckpt
[gpu0_w4] ratio3_sh0_dense__f1128 -> ok (123.6s)
[gpu0_w1] ratio3_sh0_dense__f1126 -> ok (124.8s)
[gpu1_w4] ratio3_sh0_dense__f1131 -> ok (123.0s)
[gpu1_w5] ratio3_sh0_dense__f1129 -> ok (123.7s)
[gpu1_w0] ratio3_sh0_dense__f1134 -> ok (122.6s)
[gpu0_w5] ratio3_sh0_dense__f1132 -> ok (123.3s)
[gpu0_w2] ratio3_sh0_dense__f1130 -> ok (124.1s)
[gpu0_w0] ratio3_sh0_dense__f1133 -> ok (123.6s)
[gpu1_w2] ratio3_sh0_dense__f1125 -> ok (126.2s)
[gpu0_w3] ratio3_sh0_dense__f1135 -> ok (123.0s)
[17:32:41]  Be careful with '--eval-mode=all'. If using camera optimization, the cameras    nerfstudio_dataparser.py:216
           may diverge in the current implementation, giving unpredictable results.                                     
            Be careful with '--eval-mode=all'. If using camera optimization, the cameras    nerfstudio_dataparser.py:216
           may diverge in the current implementation, giving unpredictable results.                                     
           use color only optimization with sigmoid activation                                         splatfacto.py:266
[17:32:42]  Be careful with '--eval-mode=all'. If using camera optimization, the cameras    nerfstudio_dataparser.py:216
           may diverge in the current implementation, giving unpredictable results.                                     
            Be careful with '--eval-mode=all'. If using camera optimization, the cameras    nerfstudio_dataparser.py:216
           may diverge in the current implementation, giving unpredictable results.                                     
[17:32:42]  Be careful with '--eval-mode=all'. If using camera optimization, the cameras    nerfstudio_dataparser.py:216
           may diverge in the current implementation, giving unpredictable results.                                     
            Be careful with '--eval-mode=all'. If using camera optimization, the cameras    nerfstudio_dataparser.py:216
           may diverge in the current implementation, giving unpredictable results.                                     
[17:32:42]  Be careful with '--eval-mode=all'. If using camera optimization, the cameras    nerfstudio_dataparser.py:216
           may diverge in the current implementation, giving unpredictable results.                                     
            Be careful with '--eval-mode=all'. If using camera optimization, the cameras    nerfstudio_dataparser.py:216
           may diverge in the current implementation, giving unpredictable results.                                     
           use color only optimization with sigmoid activation                                         splatfacto.py:266
           use color only optimization with sigmoid activation                                         splatfacto.py:266
           use color only optimization with sigmoid activation                                         splatfacto.py:266
[17:32:42]  Be careful with '--eval-mode=all'. If using camera optimization, the cameras    nerfstudio_dataparser.py:216
           may diverge in the current implementation, giving unpredictable results.                                     
            Be careful with '--eval-mode=all'. If using camera optimization, the cameras    nerfstudio_dataparser.py:216
           may diverge in the current implementation, giving unpredictable results.                                     
Loading latest checkpoint from load_dir
✅ Done loading checkpoint from 
outputs/ctrl_009_001_ratio3_sh0_dense_mid200/ratio3_sh0_dense/f1140/splatfacto/2026-08-20_173045/nerfstudio_models/step-
000001999.ckpt
           use color only optimization with sigmoid activation                                         splatfacto.py:266
Loading latest checkpoint from load_dir
✅ Done loading checkpoint from 
outputs/ctrl_009_001_ratio3_sh0_dense_mid200/ratio3_sh0_dense/f1143/splatfacto/2026-08-20_173046/nerfstudio_models/step-
000001999.ckpt
Loading latest checkpoint from load_dir
✅ Done loading checkpoint from 
outputs/ctrl_009_001_ratio3_sh0_dense_mid200/ratio3_sh0_dense/f1139/splatfacto/2026-08-20_173045/nerfstudio_models/step-
000001999.ckpt
[17:32:43]  Be careful with '--eval-mode=all'. If using camera optimization, the cameras    nerfstudio_dataparser.py:216
           may diverge in the current implementation, giving unpredictable results.                                     
            Be careful with '--eval-mode=all'. If using camera optimization, the cameras    nerfstudio_dataparser.py:216
           may diverge in the current implementation, giving unpredictable results.                                     
Loading latest checkpoint from load_dir
✅ Done loading checkpoint from 
outputs/ctrl_009_001_ratio3_sh0_dense_mid200/ratio3_sh0_dense/f1136/splatfacto/2026-08-20_173045/nerfstudio_models/step-
000001999.ckpt
           use color only optimization with sigmoid activation                                         splatfacto.py:266
[17:32:43]  Be careful with '--eval-mode=all'. If using camera optimization, the cameras    nerfstudio_dataparser.py:216
           may diverge in the current implementation, giving unpredictable results.                                     
            Be careful with '--eval-mode=all'. If using camera optimization, the cameras    nerfstudio_dataparser.py:216
           may diverge in the current implementation, giving unpredictable results.                                     
Loading latest checkpoint from load_dir
✅ Done loading checkpoint from 
outputs/ctrl_009_001_ratio3_sh0_dense_mid200/ratio3_sh0_dense/f1141/splatfacto/2026-08-20_173046/nerfstudio_models/step-
000001999.ckpt
           use color only optimization with sigmoid activation                                         splatfacto.py:266
[17:32:43]  Be careful with '--eval-mode=all'. If using camera optimization, the cameras    nerfstudio_dataparser.py:216
           may diverge in the current implementation, giving unpredictable results.                                     
            Be careful with '--eval-mode=all'. If using camera optimization, the cameras    nerfstudio_dataparser.py:216
           may diverge in the current implementation, giving unpredictable results.                                     
[17:32:44]  Be careful with '--eval-mode=all'. If using camera optimization, the cameras    nerfstudio_dataparser.py:216
           may diverge in the current implementation, giving unpredictable results.                                     
            Be careful with '--eval-mode=all'. If using camera optimization, the cameras    nerfstudio_dataparser.py:216
           may diverge in the current implementation, giving unpredictable results.                                     
[17:32:44] use color only optimization with sigmoid activation                                         splatfacto.py:266
[17:32:44]  Be careful with '--eval-mode=all'. If using camera optimization, the cameras    nerfstudio_dataparser.py:216
           may diverge in the current implementation, giving unpredictable results.                                     
            Be careful with '--eval-mode=all'. If using camera optimization, the cameras    nerfstudio_dataparser.py:216
           may diverge in the current implementation, giving unpredictable results.                                     
           use color only optimization with sigmoid activation                                         splatfacto.py:266
[17:32:44]  Be careful with '--eval-mode=all'. If using camera optimization, the cameras    nerfstudio_dataparser.py:216
           may diverge in the current implementation, giving unpredictable results.                                     
Loading latest checkpoint from load_dir
            Be careful with '--eval-mode=all'. If using camera optimization, the cameras    nerfstudio_dataparser.py:216
           may diverge in the current implementation, giving unpredictable results.                                     
✅ Done loading checkpoint from 
outputs/ctrl_009_001_ratio3_sh0_dense_mid200/ratio3_sh0_dense/f1142/splatfacto/2026-08-20_173046/nerfstudio_models/step-
000001999.ckpt
           use color only optimization with sigmoid activation                                         splatfacto.py:266
[17:32:44]  Be careful with '--eval-mode=all'. If using camera optimization, the cameras    nerfstudio_dataparser.py:216
           may diverge in the current implementation, giving unpredictable results.                                     
            Be careful with '--eval-mode=all'. If using camera optimization, the cameras    nerfstudio_dataparser.py:216
           may diverge in the current implementation, giving unpredictable results.                                     
           use color only optimization with sigmoid activation                                         splatfacto.py:266
Loading latest checkpoint from load_dir
✅ Done loading checkpoint from 
outputs/ctrl_009_001_ratio3_sh0_dense_mid200/ratio3_sh0_dense/f1138/splatfacto/2026-08-20_173046/nerfstudio_models/step-
000001999.ckpt
           use color only optimization with sigmoid activation                                         splatfacto.py:266
Loading latest checkpoint from load_dir
Loading latest checkpoint from load_dir
✅ Done loading checkpoint from 
outputs/ctrl_009_001_ratio3_sh0_dense_mid200/ratio3_sh0_dense/f1137/splatfacto/2026-08-20_173046/nerfstudio_models/step-
000001999.ckpt
✅ Done loading checkpoint from 
outputs/ctrl_009_001_ratio3_sh0_dense_mid200/ratio3_sh0_dense/f1145/splatfacto/2026-08-20_173048/nerfstudio_models/step-
000001999.ckpt
0 Gaussians have NaN/Inf and 1 have low opacity, only export 23692/23693
Loading latest checkpoint from load_dir
✅ Done loading checkpoint from 
outputs/ctrl_009_001_ratio3_sh0_dense_mid200/ratio3_sh0_dense/f1144/splatfacto/2026-08-20_173047/nerfstudio_models/step-
000001999.ckpt
[gpu1_w4] ratio3_sh0_dense__f1140 -> ok (121.2s)
Loading latest checkpoint from load_dir
✅ Done loading checkpoint from 
outputs/ctrl_009_001_ratio3_sh0_dense_mid200/ratio3_sh0_dense/f1147/splatfacto/2026-08-20_173047/nerfstudio_models/step-
000001999.ckpt
[gpu0_w5] ratio3_sh0_dense__f1143 -> ok (120.9s)
[gpu0_w1] ratio3_sh0_dense__f1139 -> ok (121.8s)
Loading latest checkpoint from load_dir
[gpu1_w3] ratio3_sh0_dense__f1136 -> ok (123.4s)
✅ Done loading checkpoint from 
outputs/ctrl_009_001_ratio3_sh0_dense_mid200/ratio3_sh0_dense/f1146/splatfacto/2026-08-20_173047/nerfstudio_models/step-
000001999.ckpt
[gpu1_w5] ratio3_sh0_dense__f1141 -> ok (121.7s)
[gpu1_w0] ratio3_sh0_dense__f1142 -> ok (122.1s)
[gpu0_w4] ratio3_sh0_dense__f1138 -> ok (123.1s)
[gpu0_w0] ratio3_sh0_dense__f1145 -> ok (122.1s)
[gpu1_w1] ratio3_sh0_dense__f1137 -> ok (124.5s)
[gpu0_w2] ratio3_sh0_dense__f1144 -> ok (122.3s)
[gpu1_w2] ratio3_sh0_dense__f1146 -> ok (122.7s)
[gpu0_w3] ratio3_sh0_dense__f1147 -> ok (122.7s)
[17:34:55]  Be careful with '--eval-mode=all'. If using camera optimization, the cameras    nerfstudio_dataparser.py:216
           may diverge in the current implementation, giving unpredictable results.                                     
            Be careful with '--eval-mode=all'. If using camera optimization, the cameras    nerfstudio_dataparser.py:216
           may diverge in the current implementation, giving unpredictable results.                                     
[17:34:55]  Be careful with '--eval-mode=all'. If using camera optimization, the cameras    nerfstudio_dataparser.py:216
           may diverge in the current implementation, giving unpredictable results.                                     
            Be careful with '--eval-mode=all'. If using camera optimization, the cameras    nerfstudio_dataparser.py:216
           may diverge in the current implementation, giving unpredictable results.                                     
           use color only optimization with sigmoid activation                                         splatfacto.py:266
           use color only optimization with sigmoid activation                                         splatfacto.py:266
[17:34:55]  Be careful with '--eval-mode=all'. If using camera optimization, the cameras    nerfstudio_dataparser.py:216
           may diverge in the current implementation, giving unpredictable results.                                     
            Be careful with '--eval-mode=all'. If using camera optimization, the cameras    nerfstudio_dataparser.py:216
           may diverge in the current implementation, giving unpredictable results.                                     
           use color only optimization with sigmoid activation                                         splatfacto.py:266
[17:34:55]  Be careful with '--eval-mode=all'. If using camera optimization, the cameras    nerfstudio_dataparser.py:216
           may diverge in the current implementation, giving unpredictable results.                                     
            Be careful with '--eval-mode=all'. If using camera optimization, the cameras    nerfstudio_dataparser.py:216
           may diverge in the current implementation, giving unpredictable results.                                     
[17:34:56]  Be careful with '--eval-mode=all'. If using camera optimization, the cameras    nerfstudio_dataparser.py:216
           may diverge in the current implementation, giving unpredictable results.                                     
            Be careful with '--eval-mode=all'. If using camera optimization, the cameras    nerfstudio_dataparser.py:216
           may diverge in the current implementation, giving unpredictable results.                                     
[17:34:56]  Be careful with '--eval-mode=all'. If using camera optimization, the cameras    nerfstudio_dataparser.py:216
           may diverge in the current implementation, giving unpredictable results.                                     
            Be careful with '--eval-mode=all'. If using camera optimization, the cameras    nerfstudio_dataparser.py:216
           may diverge in the current implementation, giving unpredictable results.                                     
[17:34:56] use color only optimization with sigmoid activation                                         splatfacto.py:266
           use color only optimization with sigmoid activation                                         splatfacto.py:266
[17:34:56]  Be careful with '--eval-mode=all'. If using camera optimization, the cameras    nerfstudio_dataparser.py:216
           may diverge in the current implementation, giving unpredictable results.                                     
            Be careful with '--eval-mode=all'. If using camera optimization, the cameras    nerfstudio_dataparser.py:216
           may diverge in the current implementation, giving unpredictable results.                                     
[17:34:56]  Be careful with '--eval-mode=all'. If using camera optimization, the cameras    nerfstudio_dataparser.py:216
           may diverge in the current implementation, giving unpredictable results.                                     
            Be careful with '--eval-mode=all'. If using camera optimization, the cameras    nerfstudio_dataparser.py:216
           may diverge in the current implementation, giving unpredictable results.                                     
           use color only optimization with sigmoid activation                                         splatfacto.py:266
Loading latest checkpoint from load_dir
✅ Done loading checkpoint from 
outputs/ctrl_009_001_ratio3_sh0_dense_mid200/ratio3_sh0_dense/f1153/splatfacto/2026-08-20_173256/nerfstudio_models/step-
000001999.ckpt
[17:34:56]  Be careful with '--eval-mode=all'. If using camera optimization, the cameras    nerfstudio_dataparser.py:216
           may diverge in the current implementation, giving unpredictable results.                                     
           use color only optimization with sigmoid activation                                         splatfacto.py:266
            Be careful with '--eval-mode=all'. If using camera optimization, the cameras    nerfstudio_dataparser.py:216
           may diverge in the current implementation, giving unpredictable results.                                     
           use color only optimization with sigmoid activation                                         splatfacto.py:266
Loading latest checkpoint from load_dir
✅ Done loading checkpoint from 
outputs/ctrl_009_001_ratio3_sh0_dense_mid200/ratio3_sh0_dense/f1149/splatfacto/2026-08-20_173257/nerfstudio_models/step-
000001999.ckpt
           use color only optimization with sigmoid activation                                         splatfacto.py:266
[17:34:56]  Be careful with '--eval-mode=all'. If using camera optimization, the cameras    nerfstudio_dataparser.py:216
           may diverge in the current implementation, giving unpredictable results.                                     
            Be careful with '--eval-mode=all'. If using camera optimization, the cameras    nerfstudio_dataparser.py:216
           may diverge in the current implementation, giving unpredictable results.                                     
[17:34:56]  Be careful with '--eval-mode=all'. If using camera optimization, the cameras    nerfstudio_dataparser.py:216
           may diverge in the current implementation, giving unpredictable results.                                     
            Be careful with '--eval-mode=all'. If using camera optimization, the cameras    nerfstudio_dataparser.py:216
           may diverge in the current implementation, giving unpredictable results.                                     
Loading latest checkpoint from load_dir
✅ Done loading checkpoint from 
outputs/ctrl_009_001_ratio3_sh0_dense_mid200/ratio3_sh0_dense/f1155/splatfacto/2026-08-20_173257/nerfstudio_models/step-
000001999.ckpt
           use color only optimization with sigmoid activation                                         splatfacto.py:266
[17:34:57] use color only optimization with sigmoid activation                                         splatfacto.py:266
[17:34:57]  Be careful with '--eval-mode=all'. If using camera optimization, the cameras    nerfstudio_dataparser.py:216
           may diverge in the current implementation, giving unpredictable results.                                     
            Be careful with '--eval-mode=all'. If using camera optimization, the cameras    nerfstudio_dataparser.py:216
           may diverge in the current implementation, giving unpredictable results.                                     
Loading latest checkpoint from load_dir
Loading latest checkpoint from load_dir
✅ Done loading checkpoint from 
outputs/ctrl_009_001_ratio3_sh0_dense_mid200/ratio3_sh0_dense/f1150/splatfacto/2026-08-20_173257/nerfstudio_models/step-
000001999.ckpt
✅ Done loading checkpoint from 
outputs/ctrl_009_001_ratio3_sh0_dense_mid200/ratio3_sh0_dense/f1159/splatfacto/2026-08-20_173258/nerfstudio_models/step-
000001999.ckpt
           use color only optimization with sigmoid activation                                         splatfacto.py:266
Loading latest checkpoint from load_dir
✅ Done loading checkpoint from 
outputs/ctrl_009_001_ratio3_sh0_dense_mid200/ratio3_sh0_dense/f1151/splatfacto/2026-08-20_173256/nerfstudio_models/step-
000001999.ckpt
Loading latest checkpoint from load_dir
Loading latest checkpoint from load_dir
✅ Done loading checkpoint from 
outputs/ctrl_009_001_ratio3_sh0_dense_mid200/ratio3_sh0_dense/f1154/splatfacto/2026-08-20_173257/nerfstudio_models/step-
000001999.ckpt
✅ Done loading checkpoint from 
outputs/ctrl_009_001_ratio3_sh0_dense_mid200/ratio3_sh0_dense/f1148/splatfacto/2026-08-20_173256/nerfstudio_models/step-
000001999.ckpt
Loading latest checkpoint from load_dir
✅ Done loading checkpoint from 
outputs/ctrl_009_001_ratio3_sh0_dense_mid200/ratio3_sh0_dense/f1158/splatfacto/2026-08-20_173258/nerfstudio_models/step-
000001999.ckpt
Loading latest checkpoint from load_dir
✅ Done loading checkpoint from 
outputs/ctrl_009_001_ratio3_sh0_dense_mid200/ratio3_sh0_dense/f1152/splatfacto/2026-08-20_173256/nerfstudio_models/step-
000001999.ckpt
Loading latest checkpoint from load_dir
✅ Done loading checkpoint from 
outputs/ctrl_009_001_ratio3_sh0_dense_mid200/ratio3_sh0_dense/f1157/splatfacto/2026-08-20_173257/nerfstudio_models/step-
000001999.ckpt
0 Gaussians have NaN/Inf and 1 have low opacity, only export 23238/23239
Loading latest checkpoint from load_dir
✅ Done loading checkpoint from 
outputs/ctrl_009_001_ratio3_sh0_dense_mid200/ratio3_sh0_dense/f1156/splatfacto/2026-08-20_173257/nerfstudio_models/step-
000001999.ckpt
[gpu1_w0] ratio3_sh0_dense__f1153 -> ok (124.7s)
[gpu0_w5] ratio3_sh0_dense__f1149 -> ok (125.7s)
[gpu0_w3] ratio3_sh0_dense__f1159 -> ok (123.6s)
[gpu0_w0] ratio3_sh0_dense__f1155 -> ok (124.4s)
[gpu0_w1] ratio3_sh0_dense__f1150 -> ok (125.9s)
[gpu1_w3] ratio3_sh0_dense__f1151 -> ok (126.1s)
[gpu1_w4] ratio3_sh0_dense__f1148 -> ok (126.8s)
[gpu1_w2] ratio3_sh0_dense__f1158 -> ok (124.2s)
[gpu0_w4] ratio3_sh0_dense__f1154 -> ok (125.2s)
[gpu1_w5] ratio3_sh0_dense__f1152 -> ok (126.6s)
[gpu0_w2] ratio3_sh0_dense__f1157 -> ok (125.2s)
[gpu1_w1] ratio3_sh0_dense__f1156 -> ok (125.4s)
[17:37:07]  Be careful with '--eval-mode=all'. If using camera optimization, the cameras    nerfstudio_dataparser.py:216
           may diverge in the current implementation, giving unpredictable results.                                     
            Be careful with '--eval-mode=all'. If using camera optimization, the cameras    nerfstudio_dataparser.py:216
           may diverge in the current implementation, giving unpredictable results.                                     
           use color only optimization with sigmoid activation                                         splatfacto.py:266
[17:37:07]  Be careful with '--eval-mode=all'. If using camera optimization, the cameras    nerfstudio_dataparser.py:216
           may diverge in the current implementation, giving unpredictable results.                                     
            Be careful with '--eval-mode=all'. If using camera optimization, the cameras    nerfstudio_dataparser.py:216
           may diverge in the current implementation, giving unpredictable results.                                     
[17:37:08] use color only optimization with sigmoid activation                                         splatfacto.py:266
[17:37:08]  Be careful with '--eval-mode=all'. If using camera optimization, the cameras    nerfstudio_dataparser.py:216
           may diverge in the current implementation, giving unpredictable results.                                     
            Be careful with '--eval-mode=all'. If using camera optimization, the cameras    nerfstudio_dataparser.py:216
           may diverge in the current implementation, giving unpredictable results.                                     
Loading latest checkpoint from load_dir
✅ Done loading checkpoint from 
outputs/ctrl_009_001_ratio3_sh0_dense_mid200/ratio3_sh0_dense/f1164/splatfacto/2026-08-20_173510/nerfstudio_models/step-
000001999.ckpt
           use color only optimization with sigmoid activation                                         splatfacto.py:266
[17:37:08]  Be careful with '--eval-mode=all'. If using camera optimization, the cameras    nerfstudio_dataparser.py:216
           may diverge in the current implementation, giving unpredictable results.                                     
            Be careful with '--eval-mode=all'. If using camera optimization, the cameras    nerfstudio_dataparser.py:216
           may diverge in the current implementation, giving unpredictable results.                                     
Loading latest checkpoint from load_dir
✅ Done loading checkpoint from 
outputs/ctrl_009_001_ratio3_sh0_dense_mid200/ratio3_sh0_dense/f1161/splatfacto/2026-08-20_173510/nerfstudio_models/step-
000001999.ckpt
[17:37:08]  Be careful with '--eval-mode=all'. If using camera optimization, the cameras    nerfstudio_dataparser.py:216
           may diverge in the current implementation, giving unpredictable results.                                     
           use color only optimization with sigmoid activation                                         splatfacto.py:266
            Be careful with '--eval-mode=all'. If using camera optimization, the cameras    nerfstudio_dataparser.py:216
           may diverge in the current implementation, giving unpredictable results.                                     
Loading latest checkpoint from load_dir
✅ Done loading checkpoint from 
outputs/ctrl_009_001_ratio3_sh0_dense_mid200/ratio3_sh0_dense/f1163/splatfacto/2026-08-20_173510/nerfstudio_models/step-
000001999.ckpt
[17:37:09] use color only optimization with sigmoid activation                                         splatfacto.py:266
[17:37:09]  Be careful with '--eval-mode=all'. If using camera optimization, the cameras    nerfstudio_dataparser.py:216
           may diverge in the current implementation, giving unpredictable results.                                     
            Be careful with '--eval-mode=all'. If using camera optimization, the cameras    nerfstudio_dataparser.py:216
           may diverge in the current implementation, giving unpredictable results.                                     
           use color only optimization with sigmoid activation                                         splatfacto.py:266
Loading latest checkpoint from load_dir
✅ Done loading checkpoint from 
outputs/ctrl_009_001_ratio3_sh0_dense_mid200/ratio3_sh0_dense/f1162/splatfacto/2026-08-20_173510/nerfstudio_models/step-
000001999.ckpt
[17:37:09]  Be careful with '--eval-mode=all'. If using camera optimization, the cameras    nerfstudio_dataparser.py:216
           may diverge in the current implementation, giving unpredictable results.                                     
            Be careful with '--eval-mode=all'. If using camera optimization, the cameras    nerfstudio_dataparser.py:216
           may diverge in the current implementation, giving unpredictable results.                                     
Loading latest checkpoint from load_dir
✅ Done loading checkpoint from 
outputs/ctrl_009_001_ratio3_sh0_dense_mid200/ratio3_sh0_dense/f1170/splatfacto/2026-08-20_173511/nerfstudio_models/step-
000001999.ckpt
[17:37:10] use color only optimization with sigmoid activation                                         splatfacto.py:266
[17:37:10]  Be careful with '--eval-mode=all'. If using camera optimization, the cameras    nerfstudio_dataparser.py:216
           may diverge in the current implementation, giving unpredictable results.                                     
            Be careful with '--eval-mode=all'. If using camera optimization, the cameras    nerfstudio_dataparser.py:216
           may diverge in the current implementation, giving unpredictable results.                                     
Loading latest checkpoint from load_dir
✅ Done loading checkpoint from 
outputs/ctrl_009_001_ratio3_sh0_dense_mid200/ratio3_sh0_dense/f1168/splatfacto/2026-08-20_173511/nerfstudio_models/step-
000001999.ckpt
           use color only optimization with sigmoid activation                                         splatfacto.py:266
[17:37:10]  Be careful with '--eval-mode=all'. If using camera optimization, the cameras    nerfstudio_dataparser.py:216
           may diverge in the current implementation, giving unpredictable results.                                     
[gpu0_w1] ratio3_sh0_dense__f1164 -> ok (122.0s)
            Be careful with '--eval-mode=all'. If using camera optimization, the cameras    nerfstudio_dataparser.py:216
           may diverge in the current implementation, giving unpredictable results.                                     
[17:37:10]  Be careful with '--eval-mode=all'. If using camera optimization, the cameras    nerfstudio_dataparser.py:216
           may diverge in the current implementation, giving unpredictable results.                                     
            Be careful with '--eval-mode=all'. If using camera optimization, the cameras    nerfstudio_dataparser.py:216
           may diverge in the current implementation, giving unpredictable results.                                     
           use color only optimization with sigmoid activation                                         splatfacto.py:266
           use color only optimization with sigmoid activation                                         splatfacto.py:266
Loading latest checkpoint from load_dir
✅ Done loading checkpoint from 
outputs/ctrl_009_001_ratio3_sh0_dense_mid200/ratio3_sh0_dense/f1166/splatfacto/2026-08-20_173510/nerfstudio_models/step-
000001999.ckpt
0 Gaussians have NaN/Inf and 2 have low opacity, only export 24340/24342
Loading latest checkpoint from load_dir
✅ Done loading checkpoint from 
outputs/ctrl_009_001_ratio3_sh0_dense_mid200/ratio3_sh0_dense/f1169/splatfacto/2026-08-20_173510/nerfstudio_models/step-
000001999.ckpt
[gpu0_w5] ratio3_sh0_dense__f1161 -> ok (123.3s)
Loading latest checkpoint from load_dir
[gpu0_w0] ratio3_sh0_dense__f1163 -> ok (123.0s)
[17:37:11]  Be careful with '--eval-mode=all'. If using camera optimization, the cameras    nerfstudio_dataparser.py:216
           may diverge in the current implementation, giving unpredictable results.                                     
Loading latest checkpoint from load_dir
            Be careful with '--eval-mode=all'. If using camera optimization, the cameras    nerfstudio_dataparser.py:216
           may diverge in the current implementation, giving unpredictable results.                                     
✅ Done loading checkpoint from 
outputs/ctrl_009_001_ratio3_sh0_dense_mid200/ratio3_sh0_dense/f1160/splatfacto/2026-08-20_173510/nerfstudio_models/step-
000001999.ckpt
0 Gaussians have NaN/Inf and 1 have low opacity, only export 23954/23955
✅ Done loading checkpoint from 
outputs/ctrl_009_001_ratio3_sh0_dense_mid200/ratio3_sh0_dense/f1171/splatfacto/2026-08-20_173511/nerfstudio_models/step-
000001999.ckpt
           use color only optimization with sigmoid activation                                         splatfacto.py:266
[gpu0_w3] ratio3_sh0_dense__f1162 -> ok (123.7s)
[gpu0_w2] ratio3_sh0_dense__f1170 -> ok (122.9s)
[17:37:12]  Be careful with '--eval-mode=all'. If using camera optimization, the cameras    nerfstudio_dataparser.py:216
           may diverge in the current implementation, giving unpredictable results.                                     
            Be careful with '--eval-mode=all'. If using camera optimization, the cameras    nerfstudio_dataparser.py:216
           may diverge in the current implementation, giving unpredictable results.                                     
Loading latest checkpoint from load_dir
✅ Done loading checkpoint from 
outputs/ctrl_009_001_ratio3_sh0_dense_mid200/ratio3_sh0_dense/f1167/splatfacto/2026-08-20_173510/nerfstudio_models/step-
000001999.ckpt
           use color only optimization with sigmoid activation                                         splatfacto.py:266
[gpu0_w4] ratio3_sh0_dense__f1168 -> ok (123.8s)
[gpu1_w4] ratio3_sh0_dense__f1166 -> ok (124.3s)
[gpu1_w1] ratio3_sh0_dense__f1171 -> ok (124.0s)
[gpu1_w5] ratio3_sh0_dense__f1169 -> ok (124.1s)
Loading latest checkpoint from load_dir
✅ Done loading checkpoint from 
outputs/ctrl_009_001_ratio3_sh0_dense_mid200/ratio3_sh0_dense/f1165/splatfacto/2026-08-20_173511/nerfstudio_models/step-
000001999.ckpt
[gpu1_w0] ratio3_sh0_dense__f1160 -> ok (125.8s)
[gpu1_w2] ratio3_sh0_dense__f1167 -> ok (125.9s)
[gpu1_w3] ratio3_sh0_dense__f1165 -> ok (127.0s)
[17:39:18]  Be careful with '--eval-mode=all'. If using camera optimization, the cameras    nerfstudio_dataparser.py:216
           may diverge in the current implementation, giving unpredictable results.                                     
            Be careful with '--eval-mode=all'. If using camera optimization, the cameras    nerfstudio_dataparser.py:216
           may diverge in the current implementation, giving unpredictable results.                                     
[17:39:18]  Be careful with '--eval-mode=all'. If using camera optimization, the cameras    nerfstudio_dataparser.py:216
           may diverge in the current implementation, giving unpredictable results.                                     
            Be careful with '--eval-mode=all'. If using camera optimization, the cameras    nerfstudio_dataparser.py:216
           may diverge in the current implementation, giving unpredictable results.                                     
           use color only optimization with sigmoid activation                                         splatfacto.py:266
           use color only optimization with sigmoid activation                                         splatfacto.py:266
Loading latest checkpoint from load_dir
✅ Done loading checkpoint from 
outputs/ctrl_009_001_ratio3_sh0_dense_mid200/ratio3_sh0_dense/f1172/splatfacto/2026-08-20_173719/nerfstudio_models/step-
000001999.ckpt
Loading latest checkpoint from load_dir
✅ Done loading checkpoint from 
outputs/ctrl_009_001_ratio3_sh0_dense_mid200/ratio3_sh0_dense/f1174/splatfacto/2026-08-20_173720/nerfstudio_models/step-
000001999.ckpt
[17:39:20]  Be careful with '--eval-mode=all'. If using camera optimization, the cameras    nerfstudio_dataparser.py:216
           may diverge in the current implementation, giving unpredictable results.                                     
            Be careful with '--eval-mode=all'. If using camera optimization, the cameras    nerfstudio_dataparser.py:216
           may diverge in the current implementation, giving unpredictable results.                                     
           use color only optimization with sigmoid activation                                         splatfacto.py:266
[17:39:21]  Be careful with '--eval-mode=all'. If using camera optimization, the cameras    nerfstudio_dataparser.py:216
           may diverge in the current implementation, giving unpredictable results.                                     
            Be careful with '--eval-mode=all'. If using camera optimization, the cameras    nerfstudio_dataparser.py:216
           may diverge in the current implementation, giving unpredictable results.                                     
           use color only optimization with sigmoid activation                                         splatfacto.py:266
[17:39:21]  Be careful with '--eval-mode=all'. If using camera optimization, the cameras    nerfstudio_dataparser.py:216
           may diverge in the current implementation, giving unpredictable results.                                     
            Be careful with '--eval-mode=all'. If using camera optimization, the cameras    nerfstudio_dataparser.py:216
           may diverge in the current implementation, giving unpredictable results.                                     
[17:39:21]  Be careful with '--eval-mode=all'. If using camera optimization, the cameras    nerfstudio_dataparser.py:216
           may diverge in the current implementation, giving unpredictable results.                                     
            Be careful with '--eval-mode=all'. If using camera optimization, the cameras    nerfstudio_dataparser.py:216
           may diverge in the current implementation, giving unpredictable results.                                     
           use color only optimization with sigmoid activation                                         splatfacto.py:266
           use color only optimization with sigmoid activation                                         splatfacto.py:266
[gpu0_w0] ratio3_sh0_dense__f1174 -> ok (121.7s)
Loading latest checkpoint from load_dir
[gpu0_w1] ratio3_sh0_dense__f1172 -> ok (122.7s)
✅ Done loading checkpoint from 
outputs/ctrl_009_001_ratio3_sh0_dense_mid200/ratio3_sh0_dense/f1173/splatfacto/2026-08-20_173719/nerfstudio_models/step-
000001999.ckpt
Loading latest checkpoint from load_dir
✅ Done loading checkpoint from 
outputs/ctrl_009_001_ratio3_sh0_dense_mid200/ratio3_sh0_dense/f1176/splatfacto/2026-08-20_173720/nerfstudio_models/step-
000001999.ckpt
Loading latest checkpoint from load_dir
Loading latest checkpoint from load_dir
✅ Done loading checkpoint from 
outputs/ctrl_009_001_ratio3_sh0_dense_mid200/ratio3_sh0_dense/f1177/splatfacto/2026-08-20_173720/nerfstudio_models/step-
000001999.ckpt
✅ Done loading checkpoint from 
outputs/ctrl_009_001_ratio3_sh0_dense_mid200/ratio3_sh0_dense/f1175/splatfacto/2026-08-20_173720/nerfstudio_models/step-
000001999.ckpt
[17:39:22]  Be careful with '--eval-mode=all'. If using camera optimization, the cameras    nerfstudio_dataparser.py:216
           may diverge in the current implementation, giving unpredictable results.                                     
            Be careful with '--eval-mode=all'. If using camera optimization, the cameras    nerfstudio_dataparser.py:216
           may diverge in the current implementation, giving unpredictable results.                                     
[17:39:22]  Be careful with '--eval-mode=all'. If using camera optimization, the cameras    nerfstudio_dataparser.py:216
           may diverge in the current implementation, giving unpredictable results.                                     
            Be careful with '--eval-mode=all'. If using camera optimization, the cameras    nerfstudio_dataparser.py:216
           may diverge in the current implementation, giving unpredictable results.                                     
           use color only optimization with sigmoid activation                                         splatfacto.py:266
           use color only optimization with sigmoid activation                                         splatfacto.py:266
[17:39:22]  Be careful with '--eval-mode=all'. If using camera optimization, the cameras    nerfstudio_dataparser.py:216
           may diverge in the current implementation, giving unpredictable results.                                     
            Be careful with '--eval-mode=all'. If using camera optimization, the cameras    nerfstudio_dataparser.py:216
           may diverge in the current implementation, giving unpredictable results.                                     
[17:39:23] use color only optimization with sigmoid activation                                         splatfacto.py:266
Loading latest checkpoint from load_dir
✅ Done loading checkpoint from 
outputs/ctrl_009_001_ratio3_sh0_dense_mid200/ratio3_sh0_dense/f1180/splatfacto/2026-08-20_173721/nerfstudio_models/step-
000001999.ckpt
Loading latest checkpoint from load_dir
✅ Done loading checkpoint from 
outputs/ctrl_009_001_ratio3_sh0_dense_mid200/ratio3_sh0_dense/f1178/splatfacto/2026-08-20_173722/nerfstudio_models/step-
000001999.ckpt
Loading latest checkpoint from load_dir
✅ Done loading checkpoint from 
outputs/ctrl_009_001_ratio3_sh0_dense_mid200/ratio3_sh0_dense/f1179/splatfacto/2026-08-20_173722/nerfstudio_models/step-
000001999.ckpt
[17:39:24]  Be careful with '--eval-mode=all'. If using camera optimization, the cameras    nerfstudio_dataparser.py:216
           may diverge in the current implementation, giving unpredictable results.                                     
            Be careful with '--eval-mode=all'. If using camera optimization, the cameras    nerfstudio_dataparser.py:216
           may diverge in the current implementation, giving unpredictable results.                                     
[gpu0_w5] ratio3_sh0_dense__f1173 -> ok (124.0s)
           use color only optimization with sigmoid activation                                         splatfacto.py:266
[gpu0_w2] ratio3_sh0_dense__f1176 -> ok (123.3s)
[17:39:24]  Be careful with '--eval-mode=all'. If using camera optimization, the cameras    nerfstudio_dataparser.py:216
           may diverge in the current implementation, giving unpredictable results.                                     
            Be careful with '--eval-mode=all'. If using camera optimization, the cameras    nerfstudio_dataparser.py:216
           may diverge in the current implementation, giving unpredictable results.                                     
[17:39:24]  Be careful with '--eval-mode=all'. If using camera optimization, the cameras    nerfstudio_dataparser.py:216
           may diverge in the current implementation, giving unpredictable results.                                     
            Be careful with '--eval-mode=all'. If using camera optimization, the cameras    nerfstudio_dataparser.py:216
           may diverge in the current implementation, giving unpredictable results.                                     
           use color only optimization with sigmoid activation                                         splatfacto.py:266
[gpu0_w3] ratio3_sh0_dense__f1175 -> ok (124.1s)
[gpu0_w4] ratio3_sh0_dense__f1177 -> ok (123.5s)
           use color only optimization with sigmoid activation                                         splatfacto.py:266
Loading latest checkpoint from load_dir
✅ Done loading checkpoint from 
outputs/ctrl_009_001_ratio3_sh0_dense_mid200/ratio3_sh0_dense/f1182/splatfacto/2026-08-20_173725/nerfstudio_models/step-
000001999.ckpt
0 Gaussians have NaN/Inf and 1 have low opacity, only export 24073/24074
Loading latest checkpoint from load_dir
✅ Done loading checkpoint from 
outputs/ctrl_009_001_ratio3_sh0_dense_mid200/ratio3_sh0_dense/f1183/splatfacto/2026-08-20_173726/nerfstudio_models/step-
000001999.ckpt
0 Gaussians have NaN/Inf and 1 have low opacity, only export 23254/23255
[gpu1_w5] ratio3_sh0_dense__f1180 -> ok (123.6s)
[gpu1_w4] ratio3_sh0_dense__f1178 -> ok (124.0s)
Loading latest checkpoint from load_dir
✅ Done loading checkpoint from 
outputs/ctrl_009_001_ratio3_sh0_dense_mid200/ratio3_sh0_dense/f1181/splatfacto/2026-08-20_173722/nerfstudio_models/step-
000001999.ckpt
[gpu1_w1] ratio3_sh0_dense__f1179 -> ok (123.8s)
[gpu1_w2] ratio3_sh0_dense__f1182 -> ok (123.8s)
[gpu1_w3] ratio3_sh0_dense__f1183 -> ok (123.5s)
[gpu1_w0] ratio3_sh0_dense__f1181 -> ok (125.5s)
[17:41:30]  Be careful with '--eval-mode=all'. If using camera optimization, the cameras    nerfstudio_dataparser.py:216
           may diverge in the current implementation, giving unpredictable results.                                     
            Be careful with '--eval-mode=all'. If using camera optimization, the cameras    nerfstudio_dataparser.py:216
           may diverge in the current implementation, giving unpredictable results.                                     
           use color only optimization with sigmoid activation                                         splatfacto.py:266
Loading latest checkpoint from load_dir
✅ Done loading checkpoint from 
outputs/ctrl_009_001_ratio3_sh0_dense_mid200/ratio3_sh0_dense/f1185/splatfacto/2026-08-20_173931/nerfstudio_models/step-
000001999.ckpt
0 Gaussians have NaN/Inf and 2 have low opacity, only export 22938/22940
[17:41:31]  Be careful with '--eval-mode=all'. If using camera optimization, the cameras    nerfstudio_dataparser.py:216
           may diverge in the current implementation, giving unpredictable results.                                     
            Be careful with '--eval-mode=all'. If using camera optimization, the cameras    nerfstudio_dataparser.py:216
           may diverge in the current implementation, giving unpredictable results.                                     
           use color only optimization with sigmoid activation                                         splatfacto.py:266
[17:41:31]  Be careful with '--eval-mode=all'. If using camera optimization, the cameras    nerfstudio_dataparser.py:216
           may diverge in the current implementation, giving unpredictable results.                                     
            Be careful with '--eval-mode=all'. If using camera optimization, the cameras    nerfstudio_dataparser.py:216
           may diverge in the current implementation, giving unpredictable results.                                     
[17:41:31]  Be careful with '--eval-mode=all'. If using camera optimization, the cameras    nerfstudio_dataparser.py:216
           may diverge in the current implementation, giving unpredictable results.                                     
            Be careful with '--eval-mode=all'. If using camera optimization, the cameras    nerfstudio_dataparser.py:216
           may diverge in the current implementation, giving unpredictable results.                                     
           use color only optimization with sigmoid activation                                         splatfacto.py:266
[17:41:32] use color only optimization with sigmoid activation                                         splatfacto.py:266
Loading latest checkpoint from load_dir
✅ Done loading checkpoint from 
outputs/ctrl_009_001_ratio3_sh0_dense_mid200/ratio3_sh0_dense/f1184/splatfacto/2026-08-20_173931/nerfstudio_models/step-
000001999.ckpt
[17:41:32]  Be careful with '--eval-mode=all'. If using camera optimization, the cameras    nerfstudio_dataparser.py:216
           may diverge in the current implementation, giving unpredictable results.                                     
            Be careful with '--eval-mode=all'. If using camera optimization, the cameras    nerfstudio_dataparser.py:216
           may diverge in the current implementation, giving unpredictable results.                                     
[17:41:32]  Be careful with '--eval-mode=all'. If using camera optimization, the cameras    nerfstudio_dataparser.py:216
           may diverge in the current implementation, giving unpredictable results.                                     
            Be careful with '--eval-mode=all'. If using camera optimization, the cameras    nerfstudio_dataparser.py:216
           may diverge in the current implementation, giving unpredictable results.                                     
           use color only optimization with sigmoid activation                                         splatfacto.py:266
           use color only optimization with sigmoid activation                                         splatfacto.py:266
Loading latest checkpoint from load_dir
✅ Done loading checkpoint from 
outputs/ctrl_009_001_ratio3_sh0_dense_mid200/ratio3_sh0_dense/f1186/splatfacto/2026-08-20_173932/nerfstudio_models/step-
000001999.ckpt
Loading latest checkpoint from load_dir
✅ Done loading checkpoint from 
outputs/ctrl_009_001_ratio3_sh0_dense_mid200/ratio3_sh0_dense/f1187/splatfacto/2026-08-20_173932/nerfstudio_models/step-
000001999.ckpt
[17:41:33]  Be careful with '--eval-mode=all'. If using camera optimization, the cameras    nerfstudio_dataparser.py:216
           may diverge in the current implementation, giving unpredictable results.                                     
            Be careful with '--eval-mode=all'. If using camera optimization, the cameras    nerfstudio_dataparser.py:216
           may diverge in the current implementation, giving unpredictable results.                                     
[gpu0_w1] ratio3_sh0_dense__f1185 -> ok (123.1s)
           use color only optimization with sigmoid activation                                         splatfacto.py:266
Loading latest checkpoint from load_dir
✅ Done loading checkpoint from 
outputs/ctrl_009_001_ratio3_sh0_dense_mid200/ratio3_sh0_dense/f1189/splatfacto/2026-08-20_173933/nerfstudio_models/step-
000001999.ckpt
[17:41:33]  Be careful with '--eval-mode=all'. If using camera optimization, the cameras    nerfstudio_dataparser.py:216
           may diverge in the current implementation, giving unpredictable results.                                     
            Be careful with '--eval-mode=all'. If using camera optimization, the cameras    nerfstudio_dataparser.py:216
           may diverge in the current implementation, giving unpredictable results.                                     
Loading latest checkpoint from load_dir
✅ Done loading checkpoint from 
outputs/ctrl_009_001_ratio3_sh0_dense_mid200/ratio3_sh0_dense/f1190/splatfacto/2026-08-20_173933/nerfstudio_models/step-
000001999.ckpt
           use color only optimization with sigmoid activation                                         splatfacto.py:266
Loading latest checkpoint from load_dir
✅ Done loading checkpoint from 
outputs/ctrl_009_001_ratio3_sh0_dense_mid200/ratio3_sh0_dense/f1188/splatfacto/2026-08-20_173933/nerfstudio_models/step-
000001999.ckpt
[17:41:34]  Be careful with '--eval-mode=all'. If using camera optimization, the cameras    nerfstudio_dataparser.py:216
           may diverge in the current implementation, giving unpredictable results.                                     
            Be careful with '--eval-mode=all'. If using camera optimization, the cameras    nerfstudio_dataparser.py:216
           may diverge in the current implementation, giving unpredictable results.                                     
[gpu0_w0] ratio3_sh0_dense__f1184 -> ok (124.4s)
Loading latest checkpoint from load_dir
✅ Done loading checkpoint from 
outputs/ctrl_009_001_ratio3_sh0_dense_mid200/ratio3_sh0_dense/f1192/splatfacto/2026-08-20_173933/nerfstudio_models/step-
000001999.ckpt
           use color only optimization with sigmoid activation                                         splatfacto.py:266
[gpu0_w2] ratio3_sh0_dense__f1187 -> ok (122.3s)
[gpu0_w5] ratio3_sh0_dense__f1186 -> ok (122.7s)
[17:41:35]  Be careful with '--eval-mode=all'. If using camera optimization, the cameras    nerfstudio_dataparser.py:216
           may diverge in the current implementation, giving unpredictable results.                                     
            Be careful with '--eval-mode=all'. If using camera optimization, the cameras    nerfstudio_dataparser.py:216
           may diverge in the current implementation, giving unpredictable results.                                     
[17:41:35]  Be careful with '--eval-mode=all'. If using camera optimization, the cameras    nerfstudio_dataparser.py:216
           may diverge in the current implementation, giving unpredictable results.                                     
            Be careful with '--eval-mode=all'. If using camera optimization, the cameras    nerfstudio_dataparser.py:216
           may diverge in the current implementation, giving unpredictable results.                                     
           use color only optimization with sigmoid activation                                         splatfacto.py:266
           use color only optimization with sigmoid activation                                         splatfacto.py:266
Loading latest checkpoint from load_dir
[gpu0_w4] ratio3_sh0_dense__f1189 -> ok (122.4s)
✅ Done loading checkpoint from 
outputs/ctrl_009_001_ratio3_sh0_dense_mid200/ratio3_sh0_dense/f1191/splatfacto/2026-08-20_173934/nerfstudio_models/step-
000001999.ckpt
[gpu1_w5] ratio3_sh0_dense__f1190 -> ok (121.9s)
Loading latest checkpoint from load_dir
[17:41:36]  Be careful with '--eval-mode=all'. If using camera optimization, the cameras    nerfstudio_dataparser.py:216
           may diverge in the current implementation, giving unpredictable results.                                     
            Be careful with '--eval-mode=all'. If using camera optimization, the cameras    nerfstudio_dataparser.py:216
           may diverge in the current implementation, giving unpredictable results.                                     
✅ Done loading checkpoint from 
outputs/ctrl_009_001_ratio3_sh0_dense_mid200/ratio3_sh0_dense/f1195/splatfacto/2026-08-20_173935/nerfstudio_models/step-
000001999.ckpt
           use color only optimization with sigmoid activation                                         splatfacto.py:266
[gpu0_w3] ratio3_sh0_dense__f1188 -> ok (123.2s)
Loading latest checkpoint from load_dir
✅ Done loading checkpoint from 
outputs/ctrl_009_001_ratio3_sh0_dense_mid200/ratio3_sh0_dense/f1193/splatfacto/2026-08-20_173935/nerfstudio_models/step-
000001999.ckpt
[gpu1_w1] ratio3_sh0_dense__f1192 -> ok (122.5s)
Loading latest checkpoint from load_dir
✅ Done loading checkpoint from 
outputs/ctrl_009_001_ratio3_sh0_dense_mid200/ratio3_sh0_dense/f1194/splatfacto/2026-08-20_173936/nerfstudio_models/step-
000001999.ckpt
[gpu1_w4] ratio3_sh0_dense__f1191 -> ok (123.7s)
[gpu1_w0] ratio3_sh0_dense__f1195 -> ok (122.1s)
[gpu1_w2] ratio3_sh0_dense__f1193 -> ok (123.1s)
[gpu1_w3] ratio3_sh0_dense__f1194 -> ok (123.1s)
[17:43:40]  Be careful with '--eval-mode=all'. If using camera optimization, the cameras    nerfstudio_dataparser.py:216
           may diverge in the current implementation, giving unpredictable results.                                     
            Be careful with '--eval-mode=all'. If using camera optimization, the cameras    nerfstudio_dataparser.py:216
           may diverge in the current implementation, giving unpredictable results.                                     
           use color only optimization with sigmoid activation                                         splatfacto.py:266
Loading latest checkpoint from load_dir
✅ Done loading checkpoint from 
outputs/ctrl_009_001_ratio3_sh0_dense_mid200/ratio3_sh0_dense/f1196/splatfacto/2026-08-20_174142/nerfstudio_models/step-
000001999.ckpt
[17:43:43]  Be careful with '--eval-mode=all'. If using camera optimization, the cameras    nerfstudio_dataparser.py:216
           may diverge in the current implementation, giving unpredictable results.                                     
            Be careful with '--eval-mode=all'. If using camera optimization, the cameras    nerfstudio_dataparser.py:216
           may diverge in the current implementation, giving unpredictable results.                                     
           use color only optimization with sigmoid activation                                         splatfacto.py:266
Loading latest checkpoint from load_dir
✅ Done loading checkpoint from 
outputs/ctrl_009_001_ratio3_sh0_dense_mid200/ratio3_sh0_dense/f1198/splatfacto/2026-08-20_174143/nerfstudio_models/step-
000001999.ckpt
[17:43:44]  Be careful with '--eval-mode=all'. If using camera optimization, the cameras    nerfstudio_dataparser.py:216
           may diverge in the current implementation, giving unpredictable results.                                     
            Be careful with '--eval-mode=all'. If using camera optimization, the cameras    nerfstudio_dataparser.py:216
           may diverge in the current implementation, giving unpredictable results.                                     
           use color only optimization with sigmoid activation                                         splatfacto.py:266
[gpu0_w1] ratio3_sh0_dense__f1196 -> ok (123.7s)
[17:43:45]  Be careful with '--eval-mode=all'. If using camera optimization, the cameras    nerfstudio_dataparser.py:216
           may diverge in the current implementation, giving unpredictable results.                                     
            Be careful with '--eval-mode=all'. If using camera optimization, the cameras    nerfstudio_dataparser.py:216
           may diverge in the current implementation, giving unpredictable results.                                     
           use color only optimization with sigmoid activation                                         splatfacto.py:266
[17:43:45]  Be careful with '--eval-mode=all'. If using camera optimization, the cameras    nerfstudio_dataparser.py:216
           may diverge in the current implementation, giving unpredictable results.                                     
            Be careful with '--eval-mode=all'. If using camera optimization, the cameras    nerfstudio_dataparser.py:216
           may diverge in the current implementation, giving unpredictable results.                                     
Loading latest checkpoint from load_dir
✅ Done loading checkpoint from 
outputs/ctrl_009_001_ratio3_sh0_dense_mid200/ratio3_sh0_dense/f1201/splatfacto/2026-08-20_174144/nerfstudio_models/step-
000001999.ckpt
           use color only optimization with sigmoid activation                                         splatfacto.py:266
[17:43:46]  Be careful with '--eval-mode=all'. If using camera optimization, the cameras    nerfstudio_dataparser.py:216
           may diverge in the current implementation, giving unpredictable results.                                     
            Be careful with '--eval-mode=all'. If using camera optimization, the cameras    nerfstudio_dataparser.py:216
           may diverge in the current implementation, giving unpredictable results.                                     
[17:43:46]  Be careful with '--eval-mode=all'. If using camera optimization, the cameras    nerfstudio_dataparser.py:216
           may diverge in the current implementation, giving unpredictable results.                                     
            Be careful with '--eval-mode=all'. If using camera optimization, the cameras    nerfstudio_dataparser.py:216
           may diverge in the current implementation, giving unpredictable results.                                     
           use color only optimization with sigmoid activation                                         splatfacto.py:266
           use color only optimization with sigmoid activation                                         splatfacto.py:266
Loading latest checkpoint from load_dir
✅ Done loading checkpoint from 
outputs/ctrl_009_001_ratio3_sh0_dense_mid200/ratio3_sh0_dense/f1197/splatfacto/2026-08-20_174143/nerfstudio_models/step-
000001999.ckpt
[gpu0_w2] ratio3_sh0_dense__f1198 -> ok (123.2s)
Loading latest checkpoint from load_dir
✅ Done loading checkpoint from 
outputs/ctrl_009_001_ratio3_sh0_dense_mid200/ratio3_sh0_dense/f1199/splatfacto/2026-08-20_174143/nerfstudio_models/step-
000001999.ckpt
0 Gaussians have NaN/Inf and 1 have low opacity, only export 24043/24044
[17:43:46]  Be careful with '--eval-mode=all'. If using camera optimization, the cameras    nerfstudio_dataparser.py:216
           may diverge in the current implementation, giving unpredictable results.                                     
            Be careful with '--eval-mode=all'. If using camera optimization, the cameras    nerfstudio_dataparser.py:216
           may diverge in the current implementation, giving unpredictable results.                                     
           use color only optimization with sigmoid activation                                         splatfacto.py:266
Loading latest checkpoint from load_dir
✅ Done loading checkpoint from 
outputs/ctrl_009_001_ratio3_sh0_dense_mid200/ratio3_sh0_dense/f1200/splatfacto/2026-08-20_174144/nerfstudio_models/step-
000001999.ckpt
Loading latest checkpoint from load_dir
✅ Done loading checkpoint from 
outputs/ctrl_009_001_ratio3_sh0_dense_mid200/ratio3_sh0_dense/f1202/splatfacto/2026-08-20_174144/nerfstudio_models/step-
000001999.ckpt
Loading latest checkpoint from load_dir
✅ Done loading checkpoint from 
outputs/ctrl_009_001_ratio3_sh0_dense_mid200/ratio3_sh0_dense/f1203/splatfacto/2026-08-20_174144/nerfstudio_models/step-
000001999.ckpt
[17:43:47]  Be careful with '--eval-mode=all'. If using camera optimization, the cameras    nerfstudio_dataparser.py:216
           may diverge in the current implementation, giving unpredictable results.                                     
            Be careful with '--eval-mode=all'. If using camera optimization, the cameras    nerfstudio_dataparser.py:216
           may diverge in the current implementation, giving unpredictable results.                                     
           use color only optimization with sigmoid activation                                         splatfacto.py:266
[gpu1_w5] ratio3_sh0_dense__f1201 -> ok (123.8s)
[17:43:48]  Be careful with '--eval-mode=all'. If using camera optimization, the cameras    nerfstudio_dataparser.py:216
           may diverge in the current implementation, giving unpredictable results.                                     
            Be careful with '--eval-mode=all'. If using camera optimization, the cameras    nerfstudio_dataparser.py:216
           may diverge in the current implementation, giving unpredictable results.                                     
[17:43:48]  Be careful with '--eval-mode=all'. If using camera optimization, the cameras    nerfstudio_dataparser.py:216
           may diverge in the current implementation, giving unpredictable results.                                     
            Be careful with '--eval-mode=all'. If using camera optimization, the cameras    nerfstudio_dataparser.py:216
           may diverge in the current implementation, giving unpredictable results.                                     
           use color only optimization with sigmoid activation                                         splatfacto.py:266
           use color only optimization with sigmoid activation                                         splatfacto.py:266
[17:43:48]  Be careful with '--eval-mode=all'. If using camera optimization, the cameras    nerfstudio_dataparser.py:216
           may diverge in the current implementation, giving unpredictable results.                                     
            Be careful with '--eval-mode=all'. If using camera optimization, the cameras    nerfstudio_dataparser.py:216
           may diverge in the current implementation, giving unpredictable results.                                     
Loading latest checkpoint from load_dir
✅ Done loading checkpoint from 
outputs/ctrl_009_001_ratio3_sh0_dense_mid200/ratio3_sh0_dense/f1204/splatfacto/2026-08-20_174146/nerfstudio_models/step-
000001999.ckpt
           use color only optimization with sigmoid activation                                         splatfacto.py:266
[gpu0_w0] ratio3_sh0_dense__f1197 -> ok (125.9s)
[gpu0_w5] ratio3_sh0_dense__f1199 -> ok (125.4s)
Loading latest checkpoint from load_dir
[gpu0_w4] ratio3_sh0_dense__f1200 -> ok (125.3s)
✅ Done loading checkpoint from 
outputs/ctrl_009_001_ratio3_sh0_dense_mid200/ratio3_sh0_dense/f1207/splatfacto/2026-08-20_174147/nerfstudio_models/step-
000001999.ckpt
Loading latest checkpoint from load_dir
[gpu0_w3] ratio3_sh0_dense__f1202 -> ok (124.7s)
✅ Done loading checkpoint from 
outputs/ctrl_009_001_ratio3_sh0_dense_mid200/ratio3_sh0_dense/f1205/splatfacto/2026-08-20_174146/nerfstudio_models/step-
000001999.ckpt
0 Gaussians have NaN/Inf and 1 have low opacity, only export 24140/24141
Loading latest checkpoint from load_dir
✅ Done loading checkpoint from 
outputs/ctrl_009_001_ratio3_sh0_dense_mid200/ratio3_sh0_dense/f1206/splatfacto/2026-08-20_174146/nerfstudio_models/step-
000001999.ckpt
[gpu1_w1] ratio3_sh0_dense__f1203 -> ok (124.7s)
[gpu1_w4] ratio3_sh0_dense__f1204 -> ok (124.8s)
[gpu1_w3] ratio3_sh0_dense__f1207 -> ok (123.8s)
[gpu1_w0] ratio3_sh0_dense__f1205 -> ok (124.9s)
[gpu1_w2] ratio3_sh0_dense__f1206 -> ok (125.0s)
[17:45:55]  Be careful with '--eval-mode=all'. If using camera optimization, the cameras    nerfstudio_dataparser.py:216
           may diverge in the current implementation, giving unpredictable results.                                     
            Be careful with '--eval-mode=all'. If using camera optimization, the cameras    nerfstudio_dataparser.py:216
           may diverge in the current implementation, giving unpredictable results.                                     
           use color only optimization with sigmoid activation                                         splatfacto.py:266
[17:45:55]  Be careful with '--eval-mode=all'. If using camera optimization, the cameras    nerfstudio_dataparser.py:216
           may diverge in the current implementation, giving unpredictable results.                                     
            Be careful with '--eval-mode=all'. If using camera optimization, the cameras    nerfstudio_dataparser.py:216
           may diverge in the current implementation, giving unpredictable results.                                     
[17:45:56] use color only optimization with sigmoid activation                                         splatfacto.py:266
Loading latest checkpoint from load_dir
✅ Done loading checkpoint from 
outputs/ctrl_009_001_ratio3_sh0_dense_mid200/ratio3_sh0_dense/f1209/splatfacto/2026-08-20_174355/nerfstudio_models/step-
000001999.ckpt
[17:45:56]  Be careful with '--eval-mode=all'. If using camera optimization, the cameras    nerfstudio_dataparser.py:216
           may diverge in the current implementation, giving unpredictable results.                                     
[17:45:56]  Be careful with '--eval-mode=all'. If using camera optimization, the cameras    nerfstudio_dataparser.py:216
           may diverge in the current implementation, giving unpredictable results.                                     
            Be careful with '--eval-mode=all'. If using camera optimization, the cameras    nerfstudio_dataparser.py:216
           may diverge in the current implementation, giving unpredictable results.                                     
            Be careful with '--eval-mode=all'. If using camera optimization, the cameras    nerfstudio_dataparser.py:216
           may diverge in the current implementation, giving unpredictable results.                                     
Loading latest checkpoint from load_dir
✅ Done loading checkpoint from 
outputs/ctrl_009_001_ratio3_sh0_dense_mid200/ratio3_sh0_dense/f1210/splatfacto/2026-08-20_174356/nerfstudio_models/step-
000001999.ckpt
           use color only optimization with sigmoid activation                                         splatfacto.py:266
           use color only optimization with sigmoid activation                                         splatfacto.py:266
Loading latest checkpoint from load_dir
✅ Done loading checkpoint from 
outputs/ctrl_009_001_ratio3_sh0_dense_mid200/ratio3_sh0_dense/f1208/splatfacto/2026-08-20_174354/nerfstudio_models/step-
000001999.ckpt
Loading latest checkpoint from load_dir
✅ Done loading checkpoint from 
outputs/ctrl_009_001_ratio3_sh0_dense_mid200/ratio3_sh0_dense/f1212/splatfacto/2026-08-20_174356/nerfstudio_models/step-
000001999.ckpt
[17:45:57]  Be careful with '--eval-mode=all'. If using camera optimization, the cameras    nerfstudio_dataparser.py:216
           may diverge in the current implementation, giving unpredictable results.                                     
            Be careful with '--eval-mode=all'. If using camera optimization, the cameras    nerfstudio_dataparser.py:216
           may diverge in the current implementation, giving unpredictable results.                                     
[17:45:58]  Be careful with '--eval-mode=all'. If using camera optimization, the cameras    nerfstudio_dataparser.py:216
           may diverge in the current implementation, giving unpredictable results.                                     
            Be careful with '--eval-mode=all'. If using camera optimization, the cameras    nerfstudio_dataparser.py:216
           may diverge in the current implementation, giving unpredictable results.                                     
[17:45:58] use color only optimization with sigmoid activation                                         splatfacto.py:266
           use color only optimization with sigmoid activation                                         splatfacto.py:266
[17:45:58]  Be careful with '--eval-mode=all'. If using camera optimization, the cameras    nerfstudio_dataparser.py:216
           may diverge in the current implementation, giving unpredictable results.                                     
            Be careful with '--eval-mode=all'. If using camera optimization, the cameras    nerfstudio_dataparser.py:216
           may diverge in the current implementation, giving unpredictable results.                                     
[17:46:00] use color only optimization with sigmoid activation                                         splatfacto.py:266
[17:46:00]  Be careful with '--eval-mode=all'. If using camera optimization, the cameras    nerfstudio_dataparser.py:216
           may diverge in the current implementation, giving unpredictable results.                                     
            Be careful with '--eval-mode=all'. If using camera optimization, the cameras    nerfstudio_dataparser.py:216
           may diverge in the current implementation, giving unpredictable results.                                     
Loading latest checkpoint from load_dir
[17:46:01] use color only optimization with sigmoid activation                                         splatfacto.py:266
✅ Done loading checkpoint from 
outputs/ctrl_009_001_ratio3_sh0_dense_mid200/ratio3_sh0_dense/f1214/splatfacto/2026-08-20_174357/nerfstudio_models/step-
000001999.ckpt
[gpu0_w2] ratio3_sh0_dense__f1209 -> ok (126.0s)
0 Gaussians have NaN/Inf and 1 have low opacity, only export 23991/23992
[gpu1_w5] ratio3_sh0_dense__f1210 -> ok (124.9s)
Loading latest checkpoint from load_dir
✅ Done loading checkpoint from 
outputs/ctrl_009_001_ratio3_sh0_dense_mid200/ratio3_sh0_dense/f1211/splatfacto/2026-08-20_174356/nerfstudio_models/step-
000001999.ckpt
[17:46:01]  Be careful with '--eval-mode=all'. If using camera optimization, the cameras    nerfstudio_dataparser.py:216
           may diverge in the current implementation, giving unpredictable results.                                     
            Be careful with '--eval-mode=all'. If using camera optimization, the cameras    nerfstudio_dataparser.py:216
           may diverge in the current implementation, giving unpredictable results.                                     
[17:46:01]  Be careful with '--eval-mode=all'. If using camera optimization, the cameras    nerfstudio_dataparser.py:216
           may diverge in the current implementation, giving unpredictable results.                                     
            Be careful with '--eval-mode=all'. If using camera optimization, the cameras    nerfstudio_dataparser.py:216
           may diverge in the current implementation, giving unpredictable results.                                     
Loading latest checkpoint from load_dir
✅ Done loading checkpoint from 
outputs/ctrl_009_001_ratio3_sh0_dense_mid200/ratio3_sh0_dense/f1216/splatfacto/2026-08-20_174358/nerfstudio_models/step-
000001999.ckpt
           use color only optimization with sigmoid activation                                         splatfacto.py:266
           use color only optimization with sigmoid activation                                         splatfacto.py:266
Loading latest checkpoint from load_dir
✅ Done loading checkpoint from 
outputs/ctrl_009_001_ratio3_sh0_dense_mid200/ratio3_sh0_dense/f1213/splatfacto/2026-08-20_174357/nerfstudio_models/step-
000001999.ckpt
[gpu0_w1] ratio3_sh0_dense__f1208 -> ok (128.6s)
[gpu0_w5] ratio3_sh0_dense__f1212 -> ok (125.0s)
[17:46:02]  Be careful with '--eval-mode=all'. If using camera optimization, the cameras    nerfstudio_dataparser.py:216
           may diverge in the current implementation, giving unpredictable results.                                     
            Be careful with '--eval-mode=all'. If using camera optimization, the cameras    nerfstudio_dataparser.py:216
           may diverge in the current implementation, giving unpredictable results.                                     
Loading latest checkpoint from load_dir
✅ Done loading checkpoint from 
outputs/ctrl_009_001_ratio3_sh0_dense_mid200/ratio3_sh0_dense/f1215/splatfacto/2026-08-20_174358/nerfstudio_models/step-
000001999.ckpt
           use color only optimization with sigmoid activation                                         splatfacto.py:266
Loading latest checkpoint from load_dir
✅ Done loading checkpoint from 
outputs/ctrl_009_001_ratio3_sh0_dense_mid200/ratio3_sh0_dense/f1218/splatfacto/2026-08-20_174359/nerfstudio_models/step-
000001999.ckpt
[17:46:03]  Be careful with '--eval-mode=all'. If using camera optimization, the cameras    nerfstudio_dataparser.py:216
           may diverge in the current implementation, giving unpredictable results.                                     
            Be careful with '--eval-mode=all'. If using camera optimization, the cameras    nerfstudio_dataparser.py:216
           may diverge in the current implementation, giving unpredictable results.                                     
           use color only optimization with sigmoid activation                                         splatfacto.py:266
[gpu0_w3] ratio3_sh0_dense__f1214 -> ok (125.5s)
Loading latest checkpoint from load_dir
[gpu0_w0] ratio3_sh0_dense__f1211 -> ok (126.4s)
✅ Done loading checkpoint from 
outputs/ctrl_009_001_ratio3_sh0_dense_mid200/ratio3_sh0_dense/f1219/splatfacto/2026-08-20_174400/nerfstudio_models/step-
000001999.ckpt
Loading latest checkpoint from load_dir
✅ Done loading checkpoint from 
outputs/ctrl_009_001_ratio3_sh0_dense_mid200/ratio3_sh0_dense/f1217/splatfacto/2026-08-20_174400/nerfstudio_models/step-
000001999.ckpt
0 Gaussians have NaN/Inf and 1 have low opacity, only export 23646/23647
[gpu1_w4] ratio3_sh0_dense__f1216 -> ok (124.7s)
[gpu0_w4] ratio3_sh0_dense__f1213 -> ok (126.5s)
[gpu1_w1] ratio3_sh0_dense__f1215 -> ok (126.7s)
[gpu1_w0] ratio3_sh0_dense__f1218 -> ok (125.1s)
[gpu1_w2] ratio3_sh0_dense__f1219 -> ok (125.4s)
[gpu1_w3] ratio3_sh0_dense__f1217 -> ok (126.3s)
[17:48:08]  Be careful with '--eval-mode=all'. If using camera optimization, the cameras    nerfstudio_dataparser.py:216
           may diverge in the current implementation, giving unpredictable results.                                     
            Be careful with '--eval-mode=all'. If using camera optimization, the cameras    nerfstudio_dataparser.py:216
           may diverge in the current implementation, giving unpredictable results.                                     
           use color only optimization with sigmoid activation                                         splatfacto.py:266
Loading latest checkpoint from load_dir
✅ Done loading checkpoint from 
outputs/ctrl_009_001_ratio3_sh0_dense_mid200/ratio3_sh0_dense/f1221/splatfacto/2026-08-20_174610/nerfstudio_models/step-
000001999.ckpt
0 Gaussians have NaN/Inf and 1 have low opacity, only export 24011/24012
[17:48:10]  Be careful with '--eval-mode=all'. If using camera optimization, the cameras    nerfstudio_dataparser.py:216
           may diverge in the current implementation, giving unpredictable results.                                     
            Be careful with '--eval-mode=all'. If using camera optimization, the cameras    nerfstudio_dataparser.py:216
           may diverge in the current implementation, giving unpredictable results.                                     
[17:48:10]  Be careful with '--eval-mode=all'. If using camera optimization, the cameras    nerfstudio_dataparser.py:216
           may diverge in the current implementation, giving unpredictable results.                                     
            Be careful with '--eval-mode=all'. If using camera optimization, the cameras    nerfstudio_dataparser.py:216
           may diverge in the current implementation, giving unpredictable results.                                     
           use color only optimization with sigmoid activation                                         splatfacto.py:266
           use color only optimization with sigmoid activation                                         splatfacto.py:266
[gpu1_w5] ratio3_sh0_dense__f1221 -> ok (123.7s)
[17:48:11]  Be careful with '--eval-mode=all'. If using camera optimization, the cameras    nerfstudio_dataparser.py:216
           may diverge in the current implementation, giving unpredictable results.                                     
            Be careful with '--eval-mode=all'. If using camera optimization, the cameras    nerfstudio_dataparser.py:216
           may diverge in the current implementation, giving unpredictable results.                                     
[17:48:11]  Be careful with '--eval-mode=all'. If using camera optimization, the cameras    nerfstudio_dataparser.py:216
           may diverge in the current implementation, giving unpredictable results.                                     
            Be careful with '--eval-mode=all'. If using camera optimization, the cameras    nerfstudio_dataparser.py:216
           may diverge in the current implementation, giving unpredictable results.                                     
[17:48:11]  Be careful with '--eval-mode=all'. If using camera optimization, the cameras    nerfstudio_dataparser.py:216
           may diverge in the current implementation, giving unpredictable results.                                     
            Be careful with '--eval-mode=all'. If using camera optimization, the cameras    nerfstudio_dataparser.py:216
           may diverge in the current implementation, giving unpredictable results.                                     
           use color only optimization with sigmoid activation                                         splatfacto.py:266
           use color only optimization with sigmoid activation                                         splatfacto.py:266
Loading latest checkpoint from load_dir
Loading latest checkpoint from load_dir
✅ Done loading checkpoint from 
outputs/ctrl_009_001_ratio3_sh0_dense_mid200/ratio3_sh0_dense/f1225/splatfacto/2026-08-20_174612/nerfstudio_models/step-
000001999.ckpt
✅ Done loading checkpoint from 
outputs/ctrl_009_001_ratio3_sh0_dense_mid200/ratio3_sh0_dense/f1222/splatfacto/2026-08-20_174611/nerfstudio_models/step-
000001999.ckpt
           use color only optimization with sigmoid activation                                         splatfacto.py:266
[17:48:11]  Be careful with '--eval-mode=all'. If using camera optimization, the cameras    nerfstudio_dataparser.py:216
           may diverge in the current implementation, giving unpredictable results.                                     
            Be careful with '--eval-mode=all'. If using camera optimization, the cameras    nerfstudio_dataparser.py:216
           may diverge in the current implementation, giving unpredictable results.                                     
[17:48:12] use color only optimization with sigmoid activation                                         splatfacto.py:266
[17:48:12]  Be careful with '--eval-mode=all'. If using camera optimization, the cameras    nerfstudio_dataparser.py:216
           may diverge in the current implementation, giving unpredictable results.                                     
            Be careful with '--eval-mode=all'. If using camera optimization, the cameras    nerfstudio_dataparser.py:216
           may diverge in the current implementation, giving unpredictable results.                                     
[17:48:12]  Be careful with '--eval-mode=all'. If using camera optimization, the cameras    nerfstudio_dataparser.py:216
           may diverge in the current implementation, giving unpredictable results.                                     
            Be careful with '--eval-mode=all'. If using camera optimization, the cameras    nerfstudio_dataparser.py:216
           may diverge in the current implementation, giving unpredictable results.                                     
           use color only optimization with sigmoid activation                                         splatfacto.py:266
Loading latest checkpoint from load_dir
           use color only optimization with sigmoid activation                                         splatfacto.py:266
Loading latest checkpoint from load_dir
[17:48:12]  Be careful with '--eval-mode=all'. If using camera optimization, the cameras    nerfstudio_dataparser.py:216
           may diverge in the current implementation, giving unpredictable results.                                     
            Be careful with '--eval-mode=all'. If using camera optimization, the cameras    nerfstudio_dataparser.py:216
           may diverge in the current implementation, giving unpredictable results.                                     
✅ Done loading checkpoint from 
outputs/ctrl_009_001_ratio3_sh0_dense_mid200/ratio3_sh0_dense/f1229/splatfacto/2026-08-20_174612/nerfstudio_models/step-
000001999.ckpt
✅ Done loading checkpoint from 
outputs/ctrl_009_001_ratio3_sh0_dense_mid200/ratio3_sh0_dense/f1223/splatfacto/2026-08-20_174610/nerfstudio_models/step-
000001999.ckpt
Loading latest checkpoint from load_dir
✅ Done loading checkpoint from 
outputs/ctrl_009_001_ratio3_sh0_dense_mid200/ratio3_sh0_dense/f1226/splatfacto/2026-08-20_174611/nerfstudio_models/step-
000001999.ckpt
           use color only optimization with sigmoid activation                                         splatfacto.py:266
[17:48:12]  Be careful with '--eval-mode=all'. If using camera optimization, the cameras    nerfstudio_dataparser.py:216
           may diverge in the current implementation, giving unpredictable results.                                     
            Be careful with '--eval-mode=all'. If using camera optimization, the cameras    nerfstudio_dataparser.py:216
           may diverge in the current implementation, giving unpredictable results.                                     
Loading latest checkpoint from load_dir
✅ Done loading checkpoint from 
outputs/ctrl_009_001_ratio3_sh0_dense_mid200/ratio3_sh0_dense/f1228/splatfacto/2026-08-20_174612/nerfstudio_models/step-
000001999.ckpt
[17:48:13] use color only optimization with sigmoid activation                                         splatfacto.py:266
Loading latest checkpoint from load_dir
✅ Done loading checkpoint from 
outputs/ctrl_009_001_ratio3_sh0_dense_mid200/ratio3_sh0_dense/f1220/splatfacto/2026-08-20_174610/nerfstudio_models/step-
000001999.ckpt
Loading latest checkpoint from load_dir
Loading latest checkpoint from load_dir
✅ Done loading checkpoint from 
outputs/ctrl_009_001_ratio3_sh0_dense_mid200/ratio3_sh0_dense/f1227/splatfacto/2026-08-20_174611/nerfstudio_models/step-
000001999.ckpt
✅ Done loading checkpoint from 
outputs/ctrl_009_001_ratio3_sh0_dense_mid200/ratio3_sh0_dense/f1224/splatfacto/2026-08-20_174611/nerfstudio_models/step-
000001999.ckpt
[17:48:13]  Be careful with '--eval-mode=all'. If using camera optimization, the cameras    nerfstudio_dataparser.py:216
           may diverge in the current implementation, giving unpredictable results.                                     
            Be careful with '--eval-mode=all'. If using camera optimization, the cameras    nerfstudio_dataparser.py:216
           may diverge in the current implementation, giving unpredictable results.                                     
Loading latest checkpoint from load_dir
✅ Done loading checkpoint from 
outputs/ctrl_009_001_ratio3_sh0_dense_mid200/ratio3_sh0_dense/f1230/splatfacto/2026-08-20_174613/nerfstudio_models/step-
000001999.ckpt
[gpu0_w0] ratio3_sh0_dense__f1225 -> ok (124.1s)
[17:48:14] use color only optimization with sigmoid activation                                         splatfacto.py:266
[gpu0_w1] ratio3_sh0_dense__f1222 -> ok (125.6s)
[gpu0_w5] ratio3_sh0_dense__f1223 -> ok (126.3s)
Loading latest checkpoint from load_dir
✅ Done loading checkpoint from 
outputs/ctrl_009_001_ratio3_sh0_dense_mid200/ratio3_sh0_dense/f1231/splatfacto/2026-08-20_174614/nerfstudio_models/step-
000001999.ckpt
[gpu1_w4] ratio3_sh0_dense__f1226 -> ok (124.5s)
[gpu1_w0] ratio3_sh0_dense__f1229 -> ok (123.6s)
[gpu1_w1] ratio3_sh0_dense__f1228 -> ok (124.1s)
[gpu0_w2] ratio3_sh0_dense__f1220 -> ok (128.2s)
[gpu0_w4] ratio3_sh0_dense__f1227 -> ok (125.3s)
[gpu0_w3] ratio3_sh0_dense__f1224 -> ok (126.2s)
[gpu1_w2] ratio3_sh0_dense__f1230 -> ok (124.1s)
[gpu1_w3] ratio3_sh0_dense__f1231 -> ok (124.7s)
[17:50:23]  Be careful with '--eval-mode=all'. If using camera optimization, the cameras    nerfstudio_dataparser.py:216
           may diverge in the current implementation, giving unpredictable results.                                     
            Be careful with '--eval-mode=all'. If using camera optimization, the cameras    nerfstudio_dataparser.py:216
           may diverge in the current implementation, giving unpredictable results.                                     
           use color only optimization with sigmoid activation                                         splatfacto.py:266
Loading latest checkpoint from load_dir
✅ Done loading checkpoint from 
outputs/ctrl_009_001_ratio3_sh0_dense_mid200/ratio3_sh0_dense/f1232/splatfacto/2026-08-20_174822/nerfstudio_models/step-
000001999.ckpt
[17:50:24]  Be careful with '--eval-mode=all'. If using camera optimization, the cameras    nerfstudio_dataparser.py:216
           may diverge in the current implementation, giving unpredictable results.                                     
            Be careful with '--eval-mode=all'. If using camera optimization, the cameras    nerfstudio_dataparser.py:216
           may diverge in the current implementation, giving unpredictable results.                                     
           use color only optimization with sigmoid activation                                         splatfacto.py:266
[17:50:25]  Be careful with '--eval-mode=all'. If using camera optimization, the cameras    nerfstudio_dataparser.py:216
           may diverge in the current implementation, giving unpredictable results.                                     
            Be careful with '--eval-mode=all'. If using camera optimization, the cameras    nerfstudio_dataparser.py:216
           may diverge in the current implementation, giving unpredictable results.                                     
           use color only optimization with sigmoid activation                                         splatfacto.py:266
Loading latest checkpoint from load_dir
✅ Done loading checkpoint from 
outputs/ctrl_009_001_ratio3_sh0_dense_mid200/ratio3_sh0_dense/f1238/splatfacto/2026-08-20_174824/nerfstudio_models/step-
000001999.ckpt
0 Gaussians have NaN/Inf and 1 have low opacity, only export 22586/22587
[17:50:25]  Be careful with '--eval-mode=all'. If using camera optimization, the cameras    nerfstudio_dataparser.py:216
           may diverge in the current implementation, giving unpredictable results.                                     
            Be careful with '--eval-mode=all'. If using camera optimization, the cameras    nerfstudio_dataparser.py:216
           may diverge in the current implementation, giving unpredictable results.                                     
[17:50:26] use color only optimization with sigmoid activation                                         splatfacto.py:266
[17:50:26]  Be careful with '--eval-mode=all'. If using camera optimization, the cameras    nerfstudio_dataparser.py:216
           may diverge in the current implementation, giving unpredictable results.                                     
            Be careful with '--eval-mode=all'. If using camera optimization, the cameras    nerfstudio_dataparser.py:216
           may diverge in the current implementation, giving unpredictable results.                                     
           use color only optimization with sigmoid activation                                         splatfacto.py:266
Loading latest checkpoint from load_dir
✅ Done loading checkpoint from 
outputs/ctrl_009_001_ratio3_sh0_dense_mid200/ratio3_sh0_dense/f1234/splatfacto/2026-08-20_174825/nerfstudio_models/step-
000001999.ckpt
[17:50:26]  Be careful with '--eval-mode=all'. If using camera optimization, the cameras    nerfstudio_dataparser.py:216
           may diverge in the current implementation, giving unpredictable results.                                     
            Be careful with '--eval-mode=all'. If using camera optimization, the cameras    nerfstudio_dataparser.py:216
           may diverge in the current implementation, giving unpredictable results.                                     
[gpu1_w5] ratio3_sh0_dense__f1232 -> ok (126.7s)
           use color only optimization with sigmoid activation                                         splatfacto.py:266
Loading latest checkpoint from load_dir
✅ Done loading checkpoint from 
outputs/ctrl_009_001_ratio3_sh0_dense_mid200/ratio3_sh0_dense/f1236/splatfacto/2026-08-20_174825/nerfstudio_models/step-
000001999.ckpt
Loading latest checkpoint from load_dir
✅ Done loading checkpoint from 
outputs/ctrl_009_001_ratio3_sh0_dense_mid200/ratio3_sh0_dense/f1235/splatfacto/2026-08-20_174825/nerfstudio_models/step-
000001999.ckpt
0 Gaussians have NaN/Inf and 1 have low opacity, only export 23337/23338
[17:50:27]  Be careful with '--eval-mode=all'. If using camera optimization, the cameras    nerfstudio_dataparser.py:216
           may diverge in the current implementation, giving unpredictable results.                                     
Loading latest checkpoint from load_dir
            Be careful with '--eval-mode=all'. If using camera optimization, the cameras    nerfstudio_dataparser.py:216
           may diverge in the current implementation, giving unpredictable results.                                     
✅ Done loading checkpoint from 
outputs/ctrl_009_001_ratio3_sh0_dense_mid200/ratio3_sh0_dense/f1237/splatfacto/2026-08-20_174825/nerfstudio_models/step-
000001999.ckpt
0 Gaussians have NaN/Inf and 2 have low opacity, only export 23024/23026
[17:50:27]  Be careful with '--eval-mode=all'. If using camera optimization, the cameras    nerfstudio_dataparser.py:216
           may diverge in the current implementation, giving unpredictable results.                                     
            Be careful with '--eval-mode=all'. If using camera optimization, the cameras    nerfstudio_dataparser.py:216
           may diverge in the current implementation, giving unpredictable results.                                     
[17:50:27]  Be careful with '--eval-mode=all'. If using camera optimization, the cameras    nerfstudio_dataparser.py:216
           may diverge in the current implementation, giving unpredictable results.                                     
            Be careful with '--eval-mode=all'. If using camera optimization, the cameras    nerfstudio_dataparser.py:216
           may diverge in the current implementation, giving unpredictable results.                                     
[17:50:27]  Be careful with '--eval-mode=all'. If using camera optimization, the cameras    nerfstudio_dataparser.py:216
           may diverge in the current implementation, giving unpredictable results.                                     
            Be careful with '--eval-mode=all'. If using camera optimization, the cameras    nerfstudio_dataparser.py:216
           may diverge in the current implementation, giving unpredictable results.                                     
           use color only optimization with sigmoid activation                                         splatfacto.py:266
           use color only optimization with sigmoid activation                                         splatfacto.py:266
           use color only optimization with sigmoid activation                                         splatfacto.py:266
           use color only optimization with sigmoid activation                                         splatfacto.py:266
[17:50:27]  Be careful with '--eval-mode=all'. If using camera optimization, the cameras    nerfstudio_dataparser.py:216
           may diverge in the current implementation, giving unpredictable results.                                     
            Be careful with '--eval-mode=all'. If using camera optimization, the cameras    nerfstudio_dataparser.py:216
           may diverge in the current implementation, giving unpredictable results.                                     
[gpu1_w1] ratio3_sh0_dense__f1238 -> ok (124.3s)
[17:50:27]  Be careful with '--eval-mode=all'. If using camera optimization, the cameras    nerfstudio_dataparser.py:216
           may diverge in the current implementation, giving unpredictable results.                                     
            Be careful with '--eval-mode=all'. If using camera optimization, the cameras    nerfstudio_dataparser.py:216
           may diverge in the current implementation, giving unpredictable results.                                     
[17:50:28] use color only optimization with sigmoid activation                                         splatfacto.py:266
[17:50:28] use color only optimization with sigmoid activation                                         splatfacto.py:266
Loading latest checkpoint from load_dir
Loading latest checkpoint from load_dir
✅ Done loading checkpoint from 
outputs/ctrl_009_001_ratio3_sh0_dense_mid200/ratio3_sh0_dense/f1239/splatfacto/2026-08-20_174825/nerfstudio_models/step-
000001999.ckpt
✅ Done loading checkpoint from 
outputs/ctrl_009_001_ratio3_sh0_dense_mid200/ratio3_sh0_dense/f1240/splatfacto/2026-08-20_174825/nerfstudio_models/step-
000001999.ckpt
Loading latest checkpoint from load_dir
[gpu0_w1] ratio3_sh0_dense__f1234 -> ok (126.0s)
✅ Done loading checkpoint from 
outputs/ctrl_009_001_ratio3_sh0_dense_mid200/ratio3_sh0_dense/f1241/splatfacto/2026-08-20_174826/nerfstudio_models/step-
000001999.ckpt
Loading latest checkpoint from load_dir
✅ Done loading checkpoint from 
outputs/ctrl_009_001_ratio3_sh0_dense_mid200/ratio3_sh0_dense/f1243/splatfacto/2026-08-20_174827/nerfstudio_models/step-
000001999.ckpt
Loading latest checkpoint from load_dir
✅ Done loading checkpoint from 
outputs/ctrl_009_001_ratio3_sh0_dense_mid200/ratio3_sh0_dense/f1233/splatfacto/2026-08-20_174825/nerfstudio_models/step-
000001999.ckpt
[gpu1_w4] ratio3_sh0_dense__f1236 -> ok (125.7s)
Loading latest checkpoint from load_dir
✅ Done loading checkpoint from 
outputs/ctrl_009_001_ratio3_sh0_dense_mid200/ratio3_sh0_dense/f1242/splatfacto/2026-08-20_174826/nerfstudio_models/step-
000001999.ckpt
[gpu0_w5] ratio3_sh0_dense__f1235 -> ok (126.1s)
[gpu1_w0] ratio3_sh0_dense__f1237 -> ok (126.2s)
[gpu0_w4] ratio3_sh0_dense__f1240 -> ok (126.4s)
[gpu0_w3] ratio3_sh0_dense__f1241 -> ok (126.4s)
[gpu0_w2] ratio3_sh0_dense__f1239 -> ok (126.7s)
[gpu1_w3] ratio3_sh0_dense__f1243 -> ok (125.2s)
[gpu0_w0] ratio3_sh0_dense__f1233 -> ok (128.6s)
[gpu1_w2] ratio3_sh0_dense__f1242 -> ok (126.9s)
[17:52:36]  Be careful with '--eval-mode=all'. If using camera optimization, the cameras    nerfstudio_dataparser.py:216
           may diverge in the current implementation, giving unpredictable results.                                     
            Be careful with '--eval-mode=all'. If using camera optimization, the cameras    nerfstudio_dataparser.py:216
           may diverge in the current implementation, giving unpredictable results.                                     
           use color only optimization with sigmoid activation                                         splatfacto.py:266
Loading latest checkpoint from load_dir
✅ Done loading checkpoint from 
outputs/ctrl_009_001_ratio3_sh0_dense_mid200/ratio3_sh0_dense/f1244/splatfacto/2026-08-20_175037/nerfstudio_models/step-
000001999.ckpt
[17:52:37]  Be careful with '--eval-mode=all'. If using camera optimization, the cameras    nerfstudio_dataparser.py:216
           may diverge in the current implementation, giving unpredictable results.                                     
            Be careful with '--eval-mode=all'. If using camera optimization, the cameras    nerfstudio_dataparser.py:216
           may diverge in the current implementation, giving unpredictable results.                                     
           use color only optimization with sigmoid activation                                         splatfacto.py:266
[17:52:38]  Be careful with '--eval-mode=all'. If using camera optimization, the cameras    nerfstudio_dataparser.py:216
           may diverge in the current implementation, giving unpredictable results.                                     
            Be careful with '--eval-mode=all'. If using camera optimization, the cameras    nerfstudio_dataparser.py:216
           may diverge in the current implementation, giving unpredictable results.                                     
           use color only optimization with sigmoid activation                                         splatfacto.py:266
[17:52:38]  Be careful with '--eval-mode=all'. If using camera optimization, the cameras    nerfstudio_dataparser.py:216
           may diverge in the current implementation, giving unpredictable results.                                     
            Be careful with '--eval-mode=all'. If using camera optimization, the cameras    nerfstudio_dataparser.py:216
           may diverge in the current implementation, giving unpredictable results.                                     
Loading latest checkpoint from load_dir
✅ Done loading checkpoint from 
outputs/ctrl_009_001_ratio3_sh0_dense_mid200/ratio3_sh0_dense/f1245/splatfacto/2026-08-20_175038/nerfstudio_models/step-
000001999.ckpt
           use color only optimization with sigmoid activation                                         splatfacto.py:266
Loading latest checkpoint from load_dir
✅ Done loading checkpoint from 
outputs/ctrl_009_001_ratio3_sh0_dense_mid200/ratio3_sh0_dense/f1246/splatfacto/2026-08-20_175039/nerfstudio_models/step-
000001999.ckpt
[17:52:39]  Be careful with '--eval-mode=all'. If using camera optimization, the cameras    nerfstudio_dataparser.py:216
           may diverge in the current implementation, giving unpredictable results.                                     
            Be careful with '--eval-mode=all'. If using camera optimization, the cameras    nerfstudio_dataparser.py:216
           may diverge in the current implementation, giving unpredictable results.                                     
[17:52:39]  Be careful with '--eval-mode=all'. If using camera optimization, the cameras    nerfstudio_dataparser.py:216
           may diverge in the current implementation, giving unpredictable results.                                     
            Be careful with '--eval-mode=all'. If using camera optimization, the cameras    nerfstudio_dataparser.py:216
           may diverge in the current implementation, giving unpredictable results.                                     
           use color only optimization with sigmoid activation                                         splatfacto.py:266
           use color only optimization with sigmoid activation                                         splatfacto.py:266
Loading latest checkpoint from load_dir
[gpu1_w5] ratio3_sh0_dense__f1244 -> ok (124.8s)
✅ Done loading checkpoint from 
outputs/ctrl_009_001_ratio3_sh0_dense_mid200/ratio3_sh0_dense/f1253/splatfacto/2026-08-20_175040/nerfstudio_models/step-
000001999.ckpt
[17:52:39]  Be careful with '--eval-mode=all'. If using camera optimization, the cameras    nerfstudio_dataparser.py:216
           may diverge in the current implementation, giving unpredictable results.                                     
            Be careful with '--eval-mode=all'. If using camera optimization, the cameras    nerfstudio_dataparser.py:216
           may diverge in the current implementation, giving unpredictable results.                                     
[17:52:39]  Be careful with '--eval-mode=all'. If using camera optimization, the cameras    nerfstudio_dataparser.py:216
           may diverge in the current implementation, giving unpredictable results.                                     
            Be careful with '--eval-mode=all'. If using camera optimization, the cameras    nerfstudio_dataparser.py:216
           may diverge in the current implementation, giving unpredictable results.                                     
[17:52:40]  Be careful with '--eval-mode=all'. If using camera optimization, the cameras    nerfstudio_dataparser.py:216
           may diverge in the current implementation, giving unpredictable results.                                     
            Be careful with '--eval-mode=all'. If using camera optimization, the cameras    nerfstudio_dataparser.py:216
           may diverge in the current implementation, giving unpredictable results.                                     
[17:52:40] use color only optimization with sigmoid activation                                         splatfacto.py:266
[17:52:40] use color only optimization with sigmoid activation                                         splatfacto.py:266
           use color only optimization with sigmoid activation                                         splatfacto.py:266
[17:52:40]  Be careful with '--eval-mode=all'. If using camera optimization, the cameras    nerfstudio_dataparser.py:216
           may diverge in the current implementation, giving unpredictable results.                                     
            Be careful with '--eval-mode=all'. If using camera optimization, the cameras    nerfstudio_dataparser.py:216
           may diverge in the current implementation, giving unpredictable results.                                     
Loading latest checkpoint from load_dir
[17:52:40]  Be careful with '--eval-mode=all'. If using camera optimization, the cameras    nerfstudio_dataparser.py:216
           may diverge in the current implementation, giving unpredictable results.                                     
✅ Done loading checkpoint from 
outputs/ctrl_009_001_ratio3_sh0_dense_mid200/ratio3_sh0_dense/f1249/splatfacto/2026-08-20_175040/nerfstudio_models/step-
000001999.ckpt
            Be careful with '--eval-mode=all'. If using camera optimization, the cameras    nerfstudio_dataparser.py:216
           may diverge in the current implementation, giving unpredictable results.                                     
Loading latest checkpoint from load_dir
           use color only optimization with sigmoid activation                                         splatfacto.py:266
✅ Done loading checkpoint from 
outputs/ctrl_009_001_ratio3_sh0_dense_mid200/ratio3_sh0_dense/f1250/splatfacto/2026-08-20_175040/nerfstudio_models/step-
000001999.ckpt
           use color only optimization with sigmoid activation                                         splatfacto.py:266
Loading latest checkpoint from load_dir
✅ Done loading checkpoint from 
outputs/ctrl_009_001_ratio3_sh0_dense_mid200/ratio3_sh0_dense/f1251/splatfacto/2026-08-20_175040/nerfstudio_models/step-
000001999.ckpt
[gpu1_w1] ratio3_sh0_dense__f1245 -> ok (124.6s)
[17:52:40]  Be careful with '--eval-mode=all'. If using camera optimization, the cameras    nerfstudio_dataparser.py:216
           may diverge in the current implementation, giving unpredictable results.                                     
            Be careful with '--eval-mode=all'. If using camera optimization, the cameras    nerfstudio_dataparser.py:216
           may diverge in the current implementation, giving unpredictable results.                                     
Loading latest checkpoint from load_dir
✅ Done loading checkpoint from 
outputs/ctrl_009_001_ratio3_sh0_dense_mid200/ratio3_sh0_dense/f1248/splatfacto/2026-08-20_175040/nerfstudio_models/step-
000001999.ckpt
Loading latest checkpoint from load_dir
0 Gaussians have NaN/Inf and 1 have low opacity, only export 24428/24429
[17:52:41] use color only optimization with sigmoid activation                                         splatfacto.py:266
✅ Done loading checkpoint from 
outputs/ctrl_009_001_ratio3_sh0_dense_mid200/ratio3_sh0_dense/f1247/splatfacto/2026-08-20_175039/nerfstudio_models/step-
000001999.ckpt
Loading latest checkpoint from load_dir
✅ Done loading checkpoint from 
outputs/ctrl_009_001_ratio3_sh0_dense_mid200/ratio3_sh0_dense/f1255/splatfacto/2026-08-20_175041/nerfstudio_models/step-
000001999.ckpt
[gpu0_w1] ratio3_sh0_dense__f1246 -> ok (124.7s)
Loading latest checkpoint from load_dir
✅ Done loading checkpoint from 
outputs/ctrl_009_001_ratio3_sh0_dense_mid200/ratio3_sh0_dense/f1254/splatfacto/2026-08-20_175042/nerfstudio_models/step-
000001999.ckpt
[gpu1_w3] ratio3_sh0_dense__f1253 -> ok (122.8s)
Loading latest checkpoint from load_dir
✅ Done loading checkpoint from 
outputs/ctrl_009_001_ratio3_sh0_dense_mid200/ratio3_sh0_dense/f1252/splatfacto/2026-08-20_175041/nerfstudio_models/step-
000001999.ckpt
[gpu1_w0] ratio3_sh0_dense__f1249 -> ok (124.7s)
[gpu0_w4] ratio3_sh0_dense__f1250 -> ok (123.9s)
[gpu0_w5] ratio3_sh0_dense__f1248 -> ok (125.5s)
[gpu0_w3] ratio3_sh0_dense__f1251 -> ok (124.2s)
[gpu1_w4] ratio3_sh0_dense__f1247 -> ok (125.8s)
[gpu1_w2] ratio3_sh0_dense__f1255 -> ok (123.7s)
[gpu0_w0] ratio3_sh0_dense__f1254 -> ok (124.4s)
[gpu0_w2] ratio3_sh0_dense__f1252 -> ok (125.2s)
[17:54:47]  Be careful with '--eval-mode=all'. If using camera optimization, the cameras    nerfstudio_dataparser.py:216
           may diverge in the current implementation, giving unpredictable results.                                     
            Be careful with '--eval-mode=all'. If using camera optimization, the cameras    nerfstudio_dataparser.py:216
           may diverge in the current implementation, giving unpredictable results.                                     
           use color only optimization with sigmoid activation                                         splatfacto.py:266
Loading latest checkpoint from load_dir
✅ Done loading checkpoint from 
outputs/ctrl_009_001_ratio3_sh0_dense_mid200/ratio3_sh0_dense/f1256/splatfacto/2026-08-20_175249/nerfstudio_models/step-
000001999.ckpt
[17:54:48]  Be careful with '--eval-mode=all'. If using camera optimization, the cameras    nerfstudio_dataparser.py:216
           may diverge in the current implementation, giving unpredictable results.                                     
            Be careful with '--eval-mode=all'. If using camera optimization, the cameras    nerfstudio_dataparser.py:216
           may diverge in the current implementation, giving unpredictable results.                                     
           use color only optimization with sigmoid activation                                         splatfacto.py:266
[17:54:49]  Be careful with '--eval-mode=all'. If using camera optimization, the cameras    nerfstudio_dataparser.py:216
           may diverge in the current implementation, giving unpredictable results.                                     
            Be careful with '--eval-mode=all'. If using camera optimization, the cameras    nerfstudio_dataparser.py:216
           may diverge in the current implementation, giving unpredictable results.                                     
           use color only optimization with sigmoid activation                                         splatfacto.py:266
[17:54:49]  Be careful with '--eval-mode=all'. If using camera optimization, the cameras    nerfstudio_dataparser.py:216
           may diverge in the current implementation, giving unpredictable results.                                     
            Be careful with '--eval-mode=all'. If using camera optimization, the cameras    nerfstudio_dataparser.py:216
           may diverge in the current implementation, giving unpredictable results.                                     
Loading latest checkpoint from load_dir
✅ Done loading checkpoint from 
outputs/ctrl_009_001_ratio3_sh0_dense_mid200/ratio3_sh0_dense/f1260/splatfacto/2026-08-20_175250/nerfstudio_models/step-
000001999.ckpt
           use color only optimization with sigmoid activation                                         splatfacto.py:266
Loading latest checkpoint from load_dir
✅ Done loading checkpoint from 
outputs/ctrl_009_001_ratio3_sh0_dense_mid200/ratio3_sh0_dense/f1258/splatfacto/2026-08-20_175252/nerfstudio_models/step-
000001999.ckpt
[17:54:50]  Be careful with '--eval-mode=all'. If using camera optimization, the cameras    nerfstudio_dataparser.py:216
           may diverge in the current implementation, giving unpredictable results.                                     
            Be careful with '--eval-mode=all'. If using camera optimization, the cameras    nerfstudio_dataparser.py:216
           may diverge in the current implementation, giving unpredictable results.                                     
[17:54:50]  Be careful with '--eval-mode=all'. If using camera optimization, the cameras    nerfstudio_dataparser.py:216
           may diverge in the current implementation, giving unpredictable results.                                     
            Be careful with '--eval-mode=all'. If using camera optimization, the cameras    nerfstudio_dataparser.py:216
           may diverge in the current implementation, giving unpredictable results.                                     
[gpu1_w5] ratio3_sh0_dense__f1256 -> ok (122.6s)
           use color only optimization with sigmoid activation                                         splatfacto.py:266
           use color only optimization with sigmoid activation                                         splatfacto.py:266
Loading latest checkpoint from load_dir
✅ Done loading checkpoint from 
outputs/ctrl_009_001_ratio3_sh0_dense_mid200/ratio3_sh0_dense/f1257/splatfacto/2026-08-20_175249/nerfstudio_models/step-
000001999.ckpt
[17:54:50]  Be careful with '--eval-mode=all'. If using camera optimization, the cameras    nerfstudio_dataparser.py:216
           may diverge in the current implementation, giving unpredictable results.                                     
            Be careful with '--eval-mode=all'. If using camera optimization, the cameras    nerfstudio_dataparser.py:216
           may diverge in the current implementation, giving unpredictable results.                                     
           use color only optimization with sigmoid activation                                         splatfacto.py:266
[17:54:51]  Be careful with '--eval-mode=all'. If using camera optimization, the cameras    nerfstudio_dataparser.py:216
           may diverge in the current implementation, giving unpredictable results.                                     
            Be careful with '--eval-mode=all'. If using camera optimization, the cameras    nerfstudio_dataparser.py:216
           may diverge in the current implementation, giving unpredictable results.                                     
Loading latest checkpoint from load_dir
           use color only optimization with sigmoid activation                                         splatfacto.py:266
✅ Done loading checkpoint from 
outputs/ctrl_009_001_ratio3_sh0_dense_mid200/ratio3_sh0_dense/f1259/splatfacto/2026-08-20_175253/nerfstudio_models/step-
000001999.ckpt
Loading latest checkpoint from load_dir
✅ Done loading checkpoint from 
outputs/ctrl_009_001_ratio3_sh0_dense_mid200/ratio3_sh0_dense/f1263/splatfacto/2026-08-20_175253/nerfstudio_models/step-
000001999.ckpt
0 Gaussians have NaN/Inf and 1 have low opacity, only export 24699/24700
Loading latest checkpoint from load_dir
✅ Done loading checkpoint from 
outputs/ctrl_009_001_ratio3_sh0_dense_mid200/ratio3_sh0_dense/f1261/splatfacto/2026-08-20_175253/nerfstudio_models/step-
000001999.ckpt
[gpu1_w0] ratio3_sh0_dense__f1260 -> ok (120.8s)
[17:54:51]  Be careful with '--eval-mode=all'. If using camera optimization, the cameras    nerfstudio_dataparser.py:216
           may diverge in the current implementation, giving unpredictable results.                                     
            Be careful with '--eval-mode=all'. If using camera optimization, the cameras    nerfstudio_dataparser.py:216
           may diverge in the current implementation, giving unpredictable results.                                     
[17:54:52] use color only optimization with sigmoid activation                                         splatfacto.py:266
[17:54:52]  Be careful with '--eval-mode=all'. If using camera optimization, the cameras    nerfstudio_dataparser.py:216
           may diverge in the current implementation, giving unpredictable results.                                     
Loading latest checkpoint from load_dir
            Be careful with '--eval-mode=all'. If using camera optimization, the cameras    nerfstudio_dataparser.py:216
           may diverge in the current implementation, giving unpredictable results.                                     
✅ Done loading checkpoint from 
outputs/ctrl_009_001_ratio3_sh0_dense_mid200/ratio3_sh0_dense/f1264/splatfacto/2026-08-20_175253/nerfstudio_models/step-
000001999.ckpt
[gpu0_w1] ratio3_sh0_dense__f1258 -> ok (122.5s)
[17:54:52]  Be careful with '--eval-mode=all'. If using camera optimization, the cameras    nerfstudio_dataparser.py:216
           may diverge in the current implementation, giving unpredictable results.                                     
            Be careful with '--eval-mode=all'. If using camera optimization, the cameras    nerfstudio_dataparser.py:216
           may diverge in the current implementation, giving unpredictable results.                                     
[17:54:52]  Be careful with '--eval-mode=all'. If using camera optimization, the cameras    nerfstudio_dataparser.py:216
           may diverge in the current implementation, giving unpredictable results.                                     
            Be careful with '--eval-mode=all'. If using camera optimization, the cameras    nerfstudio_dataparser.py:216
           may diverge in the current implementation, giving unpredictable results.                                     
           use color only optimization with sigmoid activation                                         splatfacto.py:266
           use color only optimization with sigmoid activation                                         splatfacto.py:266
           use color only optimization with sigmoid activation                                         splatfacto.py:266
[gpu1_w1] ratio3_sh0_dense__f1257 -> ok (123.6s)
Loading latest checkpoint from load_dir
✅ Done loading checkpoint from 
outputs/ctrl_009_001_ratio3_sh0_dense_mid200/ratio3_sh0_dense/f1266/splatfacto/2026-08-20_175253/nerfstudio_models/step-
000001999.ckpt
Loading latest checkpoint from load_dir
✅ Done loading checkpoint from 
outputs/ctrl_009_001_ratio3_sh0_dense_mid200/ratio3_sh0_dense/f1262/splatfacto/2026-08-20_175254/nerfstudio_models/step-
000001999.ckpt
0 Gaussians have NaN/Inf and 1 have low opacity, only export 22657/22658
Loading latest checkpoint from load_dir
✅ Done loading checkpoint from 
outputs/ctrl_009_001_ratio3_sh0_dense_mid200/ratio3_sh0_dense/f1267/splatfacto/2026-08-20_175254/nerfstudio_models/step-
000001999.ckpt
Loading latest checkpoint from load_dir
✅ Done loading checkpoint from 
outputs/ctrl_009_001_ratio3_sh0_dense_mid200/ratio3_sh0_dense/f1265/splatfacto/2026-08-20_175253/nerfstudio_models/step-
000001999.ckpt
0 Gaussians have NaN/Inf and 1 have low opacity, only export 23284/23285
[gpu1_w3] ratio3_sh0_dense__f1259 -> ok (123.3s)
[gpu0_w4] ratio3_sh0_dense__f1261 -> ok (122.6s)
[gpu0_w3] ratio3_sh0_dense__f1263 -> ok (122.3s)
[gpu1_w4] ratio3_sh0_dense__f1264 -> ok (122.9s)
[gpu0_w0] ratio3_sh0_dense__f1266 -> ok (122.9s)
[gpu0_w5] ratio3_sh0_dense__f1262 -> ok (123.6s)
[gpu1_w2] ratio3_sh0_dense__f1265 -> ok (123.7s)
[gpu0_w2] ratio3_sh0_dense__f1267 -> ok (122.9s)
[17:57:01]  Be careful with '--eval-mode=all'. If using camera optimization, the cameras    nerfstudio_dataparser.py:216
           may diverge in the current implementation, giving unpredictable results.                                     
            Be careful with '--eval-mode=all'. If using camera optimization, the cameras    nerfstudio_dataparser.py:216
           may diverge in the current implementation, giving unpredictable results.                                     
           use color only optimization with sigmoid activation                                         splatfacto.py:266
[17:57:02]  Be careful with '--eval-mode=all'. If using camera optimization, the cameras    nerfstudio_dataparser.py:216
           may diverge in the current implementation, giving unpredictable results.                                     
            Be careful with '--eval-mode=all'. If using camera optimization, the cameras    nerfstudio_dataparser.py:216
           may diverge in the current implementation, giving unpredictable results.                                     
           use color only optimization with sigmoid activation                                         splatfacto.py:266
Loading latest checkpoint from load_dir
✅ Done loading checkpoint from 
outputs/ctrl_009_001_ratio3_sh0_dense_mid200/ratio3_sh0_dense/f1268/splatfacto/2026-08-20_175459/nerfstudio_models/step-
000001999.ckpt
Loading latest checkpoint from load_dir
✅ Done loading checkpoint from 
outputs/ctrl_009_001_ratio3_sh0_dense_mid200/ratio3_sh0_dense/f1270/splatfacto/2026-08-20_175500/nerfstudio_models/step-
000001999.ckpt
0 Gaussians have NaN/Inf and 1 have low opacity, only export 23147/23148
[17:57:03]  Be careful with '--eval-mode=all'. If using camera optimization, the cameras    nerfstudio_dataparser.py:216
           may diverge in the current implementation, giving unpredictable results.                                     
            Be careful with '--eval-mode=all'. If using camera optimization, the cameras    nerfstudio_dataparser.py:216
           may diverge in the current implementation, giving unpredictable results.                                     
[17:57:03]  Be careful with '--eval-mode=all'. If using camera optimization, the cameras    nerfstudio_dataparser.py:216
           may diverge in the current implementation, giving unpredictable results.                                     
            Be careful with '--eval-mode=all'. If using camera optimization, the cameras    nerfstudio_dataparser.py:216
           may diverge in the current implementation, giving unpredictable results.                                     
[17:57:03]  Be careful with '--eval-mode=all'. If using camera optimization, the cameras    nerfstudio_dataparser.py:216
           may diverge in the current implementation, giving unpredictable results.                                     
           use color only optimization with sigmoid activation                                         splatfacto.py:266
            Be careful with '--eval-mode=all'. If using camera optimization, the cameras    nerfstudio_dataparser.py:216
           may diverge in the current implementation, giving unpredictable results.                                     
           use color only optimization with sigmoid activation                                         splatfacto.py:266
[17:57:03]  Be careful with '--eval-mode=all'. If using camera optimization, the cameras    nerfstudio_dataparser.py:216
           may diverge in the current implementation, giving unpredictable results.                                     
            Be careful with '--eval-mode=all'. If using camera optimization, the cameras    nerfstudio_dataparser.py:216
           may diverge in the current implementation, giving unpredictable results.                                     
[17:57:03]  Be careful with '--eval-mode=all'. If using camera optimization, the cameras    nerfstudio_dataparser.py:216
           may diverge in the current implementation, giving unpredictable results.                                     
            Be careful with '--eval-mode=all'. If using camera optimization, the cameras    nerfstudio_dataparser.py:216
           may diverge in the current implementation, giving unpredictable results.                                     
           use color only optimization with sigmoid activation                                         splatfacto.py:266
           use color only optimization with sigmoid activation                                         splatfacto.py:266
           use color only optimization with sigmoid activation                                         splatfacto.py:266
Loading latest checkpoint from load_dir
✅ Done loading checkpoint from 
outputs/ctrl_009_001_ratio3_sh0_dense_mid200/ratio3_sh0_dense/f1271/splatfacto/2026-08-20_175501/nerfstudio_models/step-
000001999.ckpt
Loading latest checkpoint from load_dir
✅ Done loading checkpoint from 
outputs/ctrl_009_001_ratio3_sh0_dense_mid200/ratio3_sh0_dense/f1274/splatfacto/2026-08-20_175501/nerfstudio_models/step-
000001999.ckpt
[gpu1_w5] ratio3_sh0_dense__f1268 -> ok (125.0s)
Loading latest checkpoint from load_dir
Loading latest checkpoint from load_dir
✅ Done loading checkpoint from 
outputs/ctrl_009_001_ratio3_sh0_dense_mid200/ratio3_sh0_dense/f1273/splatfacto/2026-08-20_175501/nerfstudio_models/step-
000001999.ckpt
✅ Done loading checkpoint from 
outputs/ctrl_009_001_ratio3_sh0_dense_mid200/ratio3_sh0_dense/f1269/splatfacto/2026-08-20_175500/nerfstudio_models/step-
000001999.ckpt
[17:57:04]  Be careful with '--eval-mode=all'. If using camera optimization, the cameras    nerfstudio_dataparser.py:216
           may diverge in the current implementation, giving unpredictable results.                                     
            Be careful with '--eval-mode=all'. If using camera optimization, the cameras    nerfstudio_dataparser.py:216
           may diverge in the current implementation, giving unpredictable results.                                     
[17:57:04]  Be careful with '--eval-mode=all'. If using camera optimization, the cameras    nerfstudio_dataparser.py:216
           may diverge in the current implementation, giving unpredictable results.                                     
            Be careful with '--eval-mode=all'. If using camera optimization, the cameras    nerfstudio_dataparser.py:216
           may diverge in the current implementation, giving unpredictable results.                                     
           use color only optimization with sigmoid activation                                         splatfacto.py:266
Loading latest checkpoint from load_dir
✅ Done loading checkpoint from 
outputs/ctrl_009_001_ratio3_sh0_dense_mid200/ratio3_sh0_dense/f1272/splatfacto/2026-08-20_175502/nerfstudio_models/step-
000001999.ckpt
           use color only optimization with sigmoid activation                                         splatfacto.py:266
[gpu0_w1] ratio3_sh0_dense__f1270 -> ok (123.8s)
[17:57:05]  Be careful with '--eval-mode=all'. If using camera optimization, the cameras    nerfstudio_dataparser.py:216
           may diverge in the current implementation, giving unpredictable results.                                     
            Be careful with '--eval-mode=all'. If using camera optimization, the cameras    nerfstudio_dataparser.py:216
           may diverge in the current implementation, giving unpredictable results.                                     
           use color only optimization with sigmoid activation                                         splatfacto.py:266
Loading latest checkpoint from load_dir
Loading latest checkpoint from load_dir
✅ Done loading checkpoint from 
outputs/ctrl_009_001_ratio3_sh0_dense_mid200/ratio3_sh0_dense/f1278/splatfacto/2026-08-20_175502/nerfstudio_models/step-
000001999.ckpt
✅ Done loading checkpoint from 
outputs/ctrl_009_001_ratio3_sh0_dense_mid200/ratio3_sh0_dense/f1277/splatfacto/2026-08-20_175502/nerfstudio_models/step-
000001999.ckpt
0 Gaussians have NaN/Inf and 1 have low opacity, only export 24396/24397
[17:57:06]  Be careful with '--eval-mode=all'. If using camera optimization, the cameras    nerfstudio_dataparser.py:216
           may diverge in the current implementation, giving unpredictable results.                                     
            Be careful with '--eval-mode=all'. If using camera optimization, the cameras    nerfstudio_dataparser.py:216
           may diverge in the current implementation, giving unpredictable results.                                     
[17:57:06]  Be careful with '--eval-mode=all'. If using camera optimization, the cameras    nerfstudio_dataparser.py:216
           may diverge in the current implementation, giving unpredictable results.                                     
            Be careful with '--eval-mode=all'. If using camera optimization, the cameras    nerfstudio_dataparser.py:216
           may diverge in the current implementation, giving unpredictable results.                                     
           use color only optimization with sigmoid activation                                         splatfacto.py:266
Loading latest checkpoint from load_dir
[gpu1_w1] ratio3_sh0_dense__f1271 -> ok (124.7s)
✅ Done loading checkpoint from 
outputs/ctrl_009_001_ratio3_sh0_dense_mid200/ratio3_sh0_dense/f1279/splatfacto/2026-08-20_175503/nerfstudio_models/step-
000001999.ckpt
[gpu0_w3] ratio3_sh0_dense__f1274 -> ok (123.8s)
           use color only optimization with sigmoid activation                                         splatfacto.py:266
[gpu0_w4] ratio3_sh0_dense__f1273 -> ok (124.0s)
[gpu1_w0] ratio3_sh0_dense__f1269 -> ok (126.1s)
[gpu1_w3] ratio3_sh0_dense__f1272 -> ok (124.5s)
Loading latest checkpoint from load_dir
✅ Done loading checkpoint from 
outputs/ctrl_009_001_ratio3_sh0_dense_mid200/ratio3_sh0_dense/f1275/splatfacto/2026-08-20_175502/nerfstudio_models/step-
000001999.ckpt
Loading latest checkpoint from load_dir
✅ Done loading checkpoint from 
outputs/ctrl_009_001_ratio3_sh0_dense_mid200/ratio3_sh0_dense/f1276/splatfacto/2026-08-20_175503/nerfstudio_models/step-
000001999.ckpt
0 Gaussians have NaN/Inf and 1 have low opacity, only export 23813/23814
[gpu1_w2] ratio3_sh0_dense__f1278 -> ok (123.3s)
[gpu0_w5] ratio3_sh0_dense__f1277 -> ok (123.6s)
[gpu0_w2] ratio3_sh0_dense__f1279 -> ok (124.3s)
[gpu1_w4] ratio3_sh0_dense__f1275 -> ok (125.9s)
[gpu0_w0] ratio3_sh0_dense__f1276 -> ok (125.5s)
[17:59:15]  Be careful with '--eval-mode=all'. If using camera optimization, the cameras    nerfstudio_dataparser.py:216
           may diverge in the current implementation, giving unpredictable results.                                     
            Be careful with '--eval-mode=all'. If using camera optimization, the cameras    nerfstudio_dataparser.py:216
           may diverge in the current implementation, giving unpredictable results.                                     
[17:59:16] use color only optimization with sigmoid activation                                         splatfacto.py:266
[17:59:16]  Be careful with '--eval-mode=all'. If using camera optimization, the cameras    nerfstudio_dataparser.py:216
           may diverge in the current implementation, giving unpredictable results.                                     
            Be careful with '--eval-mode=all'. If using camera optimization, the cameras    nerfstudio_dataparser.py:216
           may diverge in the current implementation, giving unpredictable results.                                     
           use color only optimization with sigmoid activation                                         splatfacto.py:266
Loading latest checkpoint from load_dir
✅ Done loading checkpoint from 
outputs/ctrl_009_001_ratio3_sh0_dense_mid200/ratio3_sh0_dense/f1281/splatfacto/2026-08-20_175713/nerfstudio_models/step-
000001999.ckpt
Loading latest checkpoint from load_dir
✅ Done loading checkpoint from 
outputs/ctrl_009_001_ratio3_sh0_dense_mid200/ratio3_sh0_dense/f1280/splatfacto/2026-08-20_175713/nerfstudio_models/step-
000001999.ckpt
[17:59:17]  Be careful with '--eval-mode=all'. If using camera optimization, the cameras    nerfstudio_dataparser.py:216
           may diverge in the current implementation, giving unpredictable results.                                     
            Be careful with '--eval-mode=all'. If using camera optimization, the cameras    nerfstudio_dataparser.py:216
           may diverge in the current implementation, giving unpredictable results.                                     
[17:59:17]  Be careful with '--eval-mode=all'. If using camera optimization, the cameras    nerfstudio_dataparser.py:216
           may diverge in the current implementation, giving unpredictable results.                                     
           use color only optimization with sigmoid activation                                         splatfacto.py:266
            Be careful with '--eval-mode=all'. If using camera optimization, the cameras    nerfstudio_dataparser.py:216
           may diverge in the current implementation, giving unpredictable results.                                     
[17:59:18]  Be careful with '--eval-mode=all'. If using camera optimization, the cameras    nerfstudio_dataparser.py:216
           may diverge in the current implementation, giving unpredictable results.                                     
            Be careful with '--eval-mode=all'. If using camera optimization, the cameras    nerfstudio_dataparser.py:216
           may diverge in the current implementation, giving unpredictable results.                                     
[17:59:18]  Be careful with '--eval-mode=all'. If using camera optimization, the cameras    nerfstudio_dataparser.py:216
           may diverge in the current implementation, giving unpredictable results.                                     
[17:59:18] use color only optimization with sigmoid activation                                         splatfacto.py:266
            Be careful with '--eval-mode=all'. If using camera optimization, the cameras    nerfstudio_dataparser.py:216
           may diverge in the current implementation, giving unpredictable results.                                     
           use color only optimization with sigmoid activation                                         splatfacto.py:266
           use color only optimization with sigmoid activation                                         splatfacto.py:266
[17:59:18]  Be careful with '--eval-mode=all'. If using camera optimization, the cameras    nerfstudio_dataparser.py:216
           may diverge in the current implementation, giving unpredictable results.                                     
[17:59:18]  Be careful with '--eval-mode=all'. If using camera optimization, the cameras    nerfstudio_dataparser.py:216
           may diverge in the current implementation, giving unpredictable results.                                     
            Be careful with '--eval-mode=all'. If using camera optimization, the cameras    nerfstudio_dataparser.py:216
           may diverge in the current implementation, giving unpredictable results.                                     
            Be careful with '--eval-mode=all'. If using camera optimization, the cameras    nerfstudio_dataparser.py:216
           may diverge in the current implementation, giving unpredictable results.                                     
           use color only optimization with sigmoid activation                                         splatfacto.py:266
           use color only optimization with sigmoid activation                                         splatfacto.py:266
Loading latest checkpoint from load_dir
✅ Done loading checkpoint from 
outputs/ctrl_009_001_ratio3_sh0_dense_mid200/ratio3_sh0_dense/f1289/splatfacto/2026-08-20_175715/nerfstudio_models/step-
000001999.ckpt
Loading latest checkpoint from load_dir
✅ Done loading checkpoint from 
outputs/ctrl_009_001_ratio3_sh0_dense_mid200/ratio3_sh0_dense/f1282/splatfacto/2026-08-20_175715/nerfstudio_models/step-
000001999.ckpt
[gpu0_w1] ratio3_sh0_dense__f1281 -> ok (124.9s)
[17:59:18]  Be careful with '--eval-mode=all'. If using camera optimization, the cameras    nerfstudio_dataparser.py:216
           may diverge in the current implementation, giving unpredictable results.                                     
            Be careful with '--eval-mode=all'. If using camera optimization, the cameras    nerfstudio_dataparser.py:216
           may diverge in the current implementation, giving unpredictable results.                                     
[17:59:19] use color only optimization with sigmoid activation                                         splatfacto.py:266
Loading latest checkpoint from load_dir
✅ Done loading checkpoint from 
outputs/ctrl_009_001_ratio3_sh0_dense_mid200/ratio3_sh0_dense/f1285/splatfacto/2026-08-20_175714/nerfstudio_models/step-
000001999.ckpt
Loading latest checkpoint from load_dir
✅ Done loading checkpoint from 
outputs/ctrl_009_001_ratio3_sh0_dense_mid200/ratio3_sh0_dense/f1284/splatfacto/2026-08-20_175715/nerfstudio_models/step-
000001999.ckpt
[17:59:19]  Be careful with '--eval-mode=all'. If using camera optimization, the cameras    nerfstudio_dataparser.py:216
           may diverge in the current implementation, giving unpredictable results.                                     
            Be careful with '--eval-mode=all'. If using camera optimization, the cameras    nerfstudio_dataparser.py:216
           may diverge in the current implementation, giving unpredictable results.                                     
Loading latest checkpoint from load_dir
✅ Done loading checkpoint from 
outputs/ctrl_009_001_ratio3_sh0_dense_mid200/ratio3_sh0_dense/f1287/splatfacto/2026-08-20_175716/nerfstudio_models/step-
000001999.ckpt
           use color only optimization with sigmoid activation                                         splatfacto.py:266
[gpu1_w5] ratio3_sh0_dense__f1280 -> ok (126.0s)
Loading latest checkpoint from load_dir
✅ Done loading checkpoint from 
outputs/ctrl_009_001_ratio3_sh0_dense_mid200/ratio3_sh0_dense/f1286/splatfacto/2026-08-20_175715/nerfstudio_models/step-
000001999.ckpt
Loading latest checkpoint from load_dir
✅ Done loading checkpoint from 
outputs/ctrl_009_001_ratio3_sh0_dense_mid200/ratio3_sh0_dense/f1288/splatfacto/2026-08-20_175715/nerfstudio_models/step-
000001999.ckpt
[17:59:20]  Be careful with '--eval-mode=all'. If using camera optimization, the cameras    nerfstudio_dataparser.py:216
           may diverge in the current implementation, giving unpredictable results.                                     
            Be careful with '--eval-mode=all'. If using camera optimization, the cameras    nerfstudio_dataparser.py:216
           may diverge in the current implementation, giving unpredictable results.                                     
Loading latest checkpoint from load_dir
✅ Done loading checkpoint from 
outputs/ctrl_009_001_ratio3_sh0_dense_mid200/ratio3_sh0_dense/f1283/splatfacto/2026-08-20_175714/nerfstudio_models/step-
000001999.ckpt
           use color only optimization with sigmoid activation                                         splatfacto.py:266
[17:59:20]  Be careful with '--eval-mode=all'. If using camera optimization, the cameras    nerfstudio_dataparser.py:216
           may diverge in the current implementation, giving unpredictable results.                                     
            Be careful with '--eval-mode=all'. If using camera optimization, the cameras    nerfstudio_dataparser.py:216
           may diverge in the current implementation, giving unpredictable results.                                     
           use color only optimization with sigmoid activation                                         splatfacto.py:266
[gpu0_w2] ratio3_sh0_dense__f1289 -> ok (123.4s)
[gpu1_w1] ratio3_sh0_dense__f1282 -> ok (125.7s)
Loading latest checkpoint from load_dir
✅ Done loading checkpoint from 
outputs/ctrl_009_001_ratio3_sh0_dense_mid200/ratio3_sh0_dense/f1290/splatfacto/2026-08-20_175717/nerfstudio_models/step-
000001999.ckpt
0 Gaussians have NaN/Inf and 1 have low opacity, only export 24231/24232
[gpu1_w0] ratio3_sh0_dense__f1285 -> ok (125.7s)
[gpu0_w4] ratio3_sh0_dense__f1284 -> ok (125.8s)
[gpu1_w2] ratio3_sh0_dense__f1287 -> ok (125.0s)
Loading latest checkpoint from load_dir
✅ Done loading checkpoint from 
outputs/ctrl_009_001_ratio3_sh0_dense_mid200/ratio3_sh0_dense/f1291/splatfacto/2026-08-20_175718/nerfstudio_models/step-
000001999.ckpt
[gpu1_w3] ratio3_sh0_dense__f1286 -> ok (125.9s)
[gpu0_w5] ratio3_sh0_dense__f1288 -> ok (125.5s)
[gpu0_w5] queue drained: 16 ok, 0 failed
[gpu0_w3] ratio3_sh0_dense__f1283 -> ok (127.1s)
[gpu0_w3] queue drained: 16 ok, 0 failed
[gpu1_w4] ratio3_sh0_dense__f1290 -> ok (125.0s)
[gpu1_w4] queue drained: 16 ok, 0 failed
[gpu0_w0] ratio3_sh0_dense__f1291 -> ok (125.3s)
[gpu0_w0] queue drained: 16 ok, 0 failed
[18:00:46]  Be careful with '--eval-mode=all'. If using camera optimization, the cameras    nerfstudio_dataparser.py:216
           may diverge in the current implementation, giving unpredictable results.                                     
            Be careful with '--eval-mode=all'. If using camera optimization, the cameras    nerfstudio_dataparser.py:216
           may diverge in the current implementation, giving unpredictable results.                                     
           use color only optimization with sigmoid activation                                         splatfacto.py:266
Loading latest checkpoint from load_dir
✅ Done loading checkpoint from 
outputs/ctrl_009_001_ratio3_sh0_dense_mid200/ratio3_sh0_dense/f1292/splatfacto/2026-08-20_175926/nerfstudio_models/step-
000001999.ckpt
[18:00:48]  Be careful with '--eval-mode=all'. If using camera optimization, the cameras    nerfstudio_dataparser.py:216
           may diverge in the current implementation, giving unpredictable results.                                     
            Be careful with '--eval-mode=all'. If using camera optimization, the cameras    nerfstudio_dataparser.py:216
           may diverge in the current implementation, giving unpredictable results.                                     
           use color only optimization with sigmoid activation                                         splatfacto.py:266
[18:00:48]  Be careful with '--eval-mode=all'. If using camera optimization, the cameras    nerfstudio_dataparser.py:216
           may diverge in the current implementation, giving unpredictable results.                                     
            Be careful with '--eval-mode=all'. If using camera optimization, the cameras    nerfstudio_dataparser.py:216
           may diverge in the current implementation, giving unpredictable results.                                     
           use color only optimization with sigmoid activation                                         splatfacto.py:266
Loading latest checkpoint from load_dir
✅ Done loading checkpoint from 
outputs/ctrl_009_001_ratio3_sh0_dense_mid200/ratio3_sh0_dense/f1294/splatfacto/2026-08-20_175927/nerfstudio_models/step-
000001999.ckpt
[gpu0_w1] ratio3_sh0_dense__f1292 -> ok (86.4s)
[gpu0_w1] queue drained: 17 ok, 0 failed
Loading latest checkpoint from load_dir
✅ Done loading checkpoint from 
outputs/ctrl_009_001_ratio3_sh0_dense_mid200/ratio3_sh0_dense/f1297/splatfacto/2026-08-20_175928/nerfstudio_models/step-
000001999.ckpt
[gpu0_w2] ratio3_sh0_dense__f1294 -> ok (85.9s)
[gpu0_w2] queue drained: 17 ok, 0 failed
[gpu0_w4] ratio3_sh0_dense__f1297 -> ok (85.9s)
[gpu0_w4] queue drained: 17 ok, 0 failed
[18:01:01]  Be careful with '--eval-mode=all'. If using camera optimization, the cameras    nerfstudio_dataparser.py:216
           may diverge in the current implementation, giving unpredictable results.                                     
            Be careful with '--eval-mode=all'. If using camera optimization, the cameras    nerfstudio_dataparser.py:216
           may diverge in the current implementation, giving unpredictable results.                                     
[18:01:02] use color only optimization with sigmoid activation                                         splatfacto.py:266
[18:01:02]  Be careful with '--eval-mode=all'. If using camera optimization, the cameras    nerfstudio_dataparser.py:216
           may diverge in the current implementation, giving unpredictable results.                                     
            Be careful with '--eval-mode=all'. If using camera optimization, the cameras    nerfstudio_dataparser.py:216
           may diverge in the current implementation, giving unpredictable results.                                     
           use color only optimization with sigmoid activation                                         splatfacto.py:266
[18:01:02]  Be careful with '--eval-mode=all'. If using camera optimization, the cameras    nerfstudio_dataparser.py:216
           may diverge in the current implementation, giving unpredictable results.                                     
            Be careful with '--eval-mode=all'. If using camera optimization, the cameras    nerfstudio_dataparser.py:216
           may diverge in the current implementation, giving unpredictable results.                                     
Loading latest checkpoint from load_dir
✅ Done loading checkpoint from 
outputs/ctrl_009_001_ratio3_sh0_dense_mid200/ratio3_sh0_dense/f1293/splatfacto/2026-08-20_175927/nerfstudio_models/step-
000001999.ckpt
[18:01:03] use color only optimization with sigmoid activation                                         splatfacto.py:266
Loading latest checkpoint from load_dir
✅ Done loading checkpoint from 
outputs/ctrl_009_001_ratio3_sh0_dense_mid200/ratio3_sh0_dense/f1295/splatfacto/2026-08-20_175927/nerfstudio_models/step-
000001999.ckpt
Loading latest checkpoint from load_dir
✅ Done loading checkpoint from 
outputs/ctrl_009_001_ratio3_sh0_dense_mid200/ratio3_sh0_dense/f1296/splatfacto/2026-08-20_175929/nerfstudio_models/step-
000001999.ckpt
[gpu1_w5] ratio3_sh0_dense__f1293 -> ok (98.6s)
[gpu1_w5] queue drained: 17 ok, 0 failed
[18:01:05]  Be careful with '--eval-mode=all'. If using camera optimization, the cameras    nerfstudio_dataparser.py:216
           may diverge in the current implementation, giving unpredictable results.                                     
            Be careful with '--eval-mode=all'. If using camera optimization, the cameras    nerfstudio_dataparser.py:216
           may diverge in the current implementation, giving unpredictable results.                                     
[gpu1_w1] ratio3_sh0_dense__f1295 -> ok (97.5s)
[gpu1_w1] queue drained: 17 ok, 0 failed
           use color only optimization with sigmoid activation                                         splatfacto.py:266
[gpu1_w0] ratio3_sh0_dense__f1296 -> ok (97.5s)
[gpu1_w0] queue drained: 17 ok, 0 failed
Loading latest checkpoint from load_dir
✅ Done loading checkpoint from 
outputs/ctrl_009_001_ratio3_sh0_dense_mid200/ratio3_sh0_dense/f1298/splatfacto/2026-08-20_175928/nerfstudio_models/step-
000001999.ckpt
0 Gaussians have NaN/Inf and 1 have low opacity, only export 24116/24117
[18:01:05]  Be careful with '--eval-mode=all'. If using camera optimization, the cameras    nerfstudio_dataparser.py:216
           may diverge in the current implementation, giving unpredictable results.                                     
            Be careful with '--eval-mode=all'. If using camera optimization, the cameras    nerfstudio_dataparser.py:216
           may diverge in the current implementation, giving unpredictable results.                                     
[18:01:06] use color only optimization with sigmoid activation                                         splatfacto.py:266
Loading latest checkpoint from load_dir
✅ Done loading checkpoint from 
outputs/ctrl_009_001_ratio3_sh0_dense_mid200/ratio3_sh0_dense/f1299/splatfacto/2026-08-20_175928/nerfstudio_models/step-
000001999.ckpt
[gpu1_w2] ratio3_sh0_dense__f1298 -> ok (99.5s)
[gpu1_w2] queue drained: 17 ok, 0 failed
[gpu1_w3] ratio3_sh0_dense__f1299 -> ok (100.2s)
[gpu1_w3] queue drained: 17 ok, 0 failed
Surviving points (all 4 cameras): 4882
After outlier removal: 4679 points
Saved -> /home/computer0/fly_project/fly_gsplat/ctrl_009/001/f1298/init_points.ply
[prepare] frame 1298 data ready
Dataset generated successfully at: /home/computer0/fly_project/fly_gsplat/ctrl_009/001/f1299
4 cameras loaded
Seed: [-0.00241506 -0.00226648 -0.00289827]  triangulation residual=1.859 mm
Sampled 10000 points in 2mm sphere
Surviving points (all 4 cameras): 4930
After outlier removal: 4732 points
Saved -> /home/computer0/fly_project/fly_gsplat/ctrl_009/001/f1299/init_points.ply
[prepare] frame 1299 data ready
=== Phase B: build queue ===
[queue] 200 tasks queued, 0 already done (skipped)
=== Phase C: dispatch 2x6 workers ===
Done in 2111.7s: 200 ok, 0 failed -> /home/computer0/fly_project/fly_gsplat/outputs/ctrl_009_001_ratio3_sh0_dense_mid200/schedule_summary.json
