=== Phase A: data prep ===
Dataset generated successfully at: /home/computer0/fly_project/fly_gsplat/ctrl_009/036/f1100
4 cameras loaded
Seed: [ 0.00497742 -0.01215642 -0.00329219]  triangulation residual=0.109 mm
Sampled 10000 points in 2mm sphere
Surviving points (all 4 cameras): 1771
After outlier removal: 1691 points
Saved -> /home/computer0/fly_project/fly_gsplat/ctrl_009/036/f1100/init_points.ply
[prepare] frame 1100 data ready
Dataset generated successfully at: /home/computer0/fly_project/fly_gsplat/ctrl_009/036/f1101
4 cameras loaded
Seed: [ 0.00495601 -0.01222178 -0.00326873]  triangulation residual=0.102 mm
Sampled 10000 points in 2mm sphere
Surviving points (all 4 cameras): 1817
After outlier removal: 1728 points
Saved -> /home/computer0/fly_project/fly_gsplat/ctrl_009/036/f1101/init_points.ply
[prepare] frame 1101 data ready
Dataset generated successfully at: /home/computer0/fly_project/fly_gsplat/ctrl_009/036/f1102
4 cameras loaded
Seed: [ 0.0049287  -0.01228985 -0.00324501]  triangulation residual=0.091 mm
Sampled 10000 points in 2mm sphere
Surviving points (all 4 cameras): 1830
After outlier removal: 1759 points
Saved -> /home/computer0/fly_project/fly_gsplat/ctrl_009/036/f1102/init_points.ply
[prepare] frame 1102 data ready
Dataset generated successfully at: /home/computer0/fly_project/fly_gsplat/ctrl_009/036/f1103
4 cameras loaded
Seed: [ 0.00490821 -0.01235854 -0.00322104]  triangulation residual=0.075 mm
Sampled 10000 points in 2mm sphere
Surviving points (all 4 cameras): 1844
After outlier removal: 1763 points
Saved -> /home/computer0/fly_project/fly_gsplat/ctrl_009/036/f1103/init_points.ply
[prepare] frame 1103 data ready
Dataset generated successfully at: /home/computer0/fly_project/fly_gsplat/ctrl_009/036/f1104
4 cameras loaded
Seed: [ 0.00489112 -0.01242724 -0.00319635]  triangulation residual=0.061 mm
Sampled 10000 points in 2mm sphere
Surviving points (all 4 cameras): 1848
After outlier removal: 1758 points
Saved -> /home/computer0/fly_project/fly_gsplat/ctrl_009/036/f1104/init_points.ply
[prepare] frame 1104 data ready
Dataset generated successfully at: /home/computer0/fly_project/fly_gsplat/ctrl_009/036/f1105
4 cameras loaded
Seed: [ 0.00486385 -0.01249291 -0.00318281]  triangulation residual=0.045 mm
Sampled 10000 points in 2mm sphere
Surviving points (all 4 cameras): 1768
After outlier removal: 1687 points
Saved -> /home/computer0/fly_project/fly_gsplat/ctrl_009/036/f1105/init_points.ply
[prepare] frame 1105 data ready
Dataset generated successfully at: /home/computer0/fly_project/fly_gsplat/ctrl_009/036/f1106
4 cameras loaded
Seed: [ 0.00483843 -0.01255713 -0.0031562 ]  triangulation residual=0.034 mm
Sampled 10000 points in 2mm sphere
Surviving points (all 4 cameras): 1847
After outlier removal: 1766 points
Saved -> /home/computer0/fly_project/fly_gsplat/ctrl_009/036/f1106/init_points.ply
[prepare] frame 1106 data ready
Dataset generated successfully at: /home/computer0/fly_project/fly_gsplat/ctrl_009/036/f1107
4 cameras loaded
Seed: [ 0.00481132 -0.01261861 -0.00314095]  triangulation residual=0.028 mm
Sampled 10000 points in 2mm sphere
Surviving points (all 4 cameras): 1799
After outlier removal: 1728 points
Saved -> /home/computer0/fly_project/fly_gsplat/ctrl_009/036/f1107/init_points.ply
[prepare] frame 1107 data ready
Dataset generated successfully at: /home/computer0/fly_project/fly_gsplat/ctrl_009/036/f1108
4 cameras loaded
Seed: [ 0.00478395 -0.0126788  -0.00312083]  triangulation residual=0.029 mm
Sampled 10000 points in 2mm sphere
Surviving points (all 4 cameras): 1888
After outlier removal: 1820 points
Saved -> /home/computer0/fly_project/fly_gsplat/ctrl_009/036/f1108/init_points.ply
[prepare] frame 1108 data ready
Dataset generated successfully at: /home/computer0/fly_project/fly_gsplat/ctrl_009/036/f1109
4 cameras loaded
Seed: [ 0.0047612  -0.01273965 -0.00310346]  triangulation residual=0.040 mm
Sampled 10000 points in 2mm sphere
Surviving points (all 4 cameras): 1910
After outlier removal: 1836 points
Saved -> /home/computer0/fly_project/fly_gsplat/ctrl_009/036/f1109/init_points.ply
[prepare] frame 1109 data ready
Dataset generated successfully at: /home/computer0/fly_project/fly_gsplat/ctrl_009/036/f1110
4 cameras loaded
Seed: [ 0.00473866 -0.01279497 -0.00309102]  triangulation residual=0.055 mm
Sampled 10000 points in 2mm sphere
Surviving points (all 4 cameras): 1976
After outlier removal: 1905 points
Saved -> /home/computer0/fly_project/fly_gsplat/ctrl_009/036/f1110/init_points.ply
[prepare] frame 1110 data ready
Dataset generated successfully at: /home/computer0/fly_project/fly_gsplat/ctrl_009/036/f1111
4 cameras loaded
Seed: [ 0.00471158 -0.01284844 -0.00308177]  triangulation residual=0.069 mm
Sampled 10000 points in 2mm sphere
Surviving points (all 4 cameras): 1951
After outlier removal: 1878 points
Saved -> /home/computer0/fly_project/fly_gsplat/ctrl_009/036/f1111/init_points.ply
[prepare] frame 1111 data ready
Dataset generated successfully at: /home/computer0/fly_project/fly_gsplat/ctrl_009/036/f1112
4 cameras loaded
Seed: [ 0.00468236 -0.0128984  -0.00307501]  triangulation residual=0.083 mm
Sampled 10000 points in 2mm sphere
Surviving points (all 4 cameras): 1958
After outlier removal: 1875 points
Saved -> /home/computer0/fly_project/fly_gsplat/ctrl_009/036/f1112/init_points.ply
[prepare] frame 1112 data ready
Dataset generated successfully at: /home/computer0/fly_project/fly_gsplat/ctrl_009/036/f1113
4 cameras loaded
Seed: [ 0.00465605 -0.01294001 -0.00306813]  triangulation residual=0.093 mm
Sampled 10000 points in 2mm sphere
Surviving points (all 4 cameras): 2009
After outlier removal: 1938 points
Saved -> /home/computer0/fly_project/fly_gsplat/ctrl_009/036/f1113/init_points.ply
[prepare] frame 1113 data ready
Dataset generated successfully at: /home/computer0/fly_project/fly_gsplat/ctrl_009/036/f1114
4 cameras loaded
Seed: [ 0.00463113 -0.01298224 -0.00306443]  triangulation residual=0.104 mm
Sampled 10000 points in 2mm sphere
Surviving points (all 4 cameras): 2037
After outlier removal: 1944 points
Saved -> /home/computer0/fly_project/fly_gsplat/ctrl_009/036/f1114/init_points.ply
[prepare] frame 1114 data ready
Dataset generated successfully at: /home/computer0/fly_project/fly_gsplat/ctrl_009/036/f1115
4 cameras loaded
Seed: [ 0.00460385 -0.01302211 -0.00306615]  triangulation residual=0.114 mm
Sampled 10000 points in 2mm sphere
Surviving points (all 4 cameras): 1958
After outlier removal: 1864 points
Saved -> /home/computer0/fly_project/fly_gsplat/ctrl_009/036/f1115/init_points.ply
[prepare] frame 1115 data ready
Dataset generated successfully at: /home/computer0/fly_project/fly_gsplat/ctrl_009/036/f1116
4 cameras loaded
Seed: [ 0.00457827 -0.01305683 -0.00306449]  triangulation residual=0.128 mm
Sampled 10000 points in 2mm sphere
Surviving points (all 4 cameras): 1984
After outlier removal: 1888 points
Saved -> /home/computer0/fly_project/fly_gsplat/ctrl_009/036/f1116/init_points.ply
[prepare] frame 1116 data ready
Dataset generated successfully at: /home/computer0/fly_project/fly_gsplat/ctrl_009/036/f1117
4 cameras loaded
Seed: [ 0.00456034 -0.01308519 -0.00306206]  triangulation residual=0.139 mm
Sampled 10000 points in 2mm sphere
Surviving points (all 4 cameras): 2038
After outlier removal: 1946 points
Saved -> /home/computer0/fly_project/fly_gsplat/ctrl_009/036/f1117/init_points.ply
[prepare] frame 1117 data ready
Dataset generated successfully at: /home/computer0/fly_project/fly_gsplat/ctrl_009/036/f1118
4 cameras loaded
Seed: [ 0.00454004 -0.01311114 -0.00306876]  triangulation residual=0.153 mm
Sampled 10000 points in 2mm sphere
Surviving points (all 4 cameras): 1939
After outlier removal: 1855 points
Saved -> /home/computer0/fly_project/fly_gsplat/ctrl_009/036/f1118/init_points.ply
[prepare] frame 1118 data ready
Dataset generated successfully at: /home/computer0/fly_project/fly_gsplat/ctrl_009/036/f1119
4 cameras loaded
Seed: [ 0.00452937 -0.01314085 -0.00308173]  triangulation residual=0.160 mm
Sampled 10000 points in 2mm sphere
Surviving points (all 4 cameras): 2012
After outlier removal: 1922 points
Saved -> /home/computer0/fly_project/fly_gsplat/ctrl_009/036/f1119/init_points.ply
[prepare] frame 1119 data ready
Dataset generated successfully at: /home/computer0/fly_project/fly_gsplat/ctrl_009/036/f1120
4 cameras loaded
Seed: [ 0.00451963 -0.01316313 -0.00309374]  triangulation residual=0.168 mm
Sampled 10000 points in 2mm sphere
Surviving points (all 4 cameras): 2032
After outlier removal: 1940 points
Saved -> /home/computer0/fly_project/fly_gsplat/ctrl_009/036/f1120/init_points.ply
[prepare] frame 1120 data ready
Dataset generated successfully at: /home/computer0/fly_project/fly_gsplat/ctrl_009/036/f1121
4 cameras loaded
Seed: [ 0.00451249 -0.01318386 -0.00311218]  triangulation residual=0.183 mm
Sampled 10000 points in 2mm sphere
Surviving points (all 4 cameras): 1958
After outlier removal: 1888 points
Saved -> /home/computer0/fly_project/fly_gsplat/ctrl_009/036/f1121/init_points.ply
[prepare] frame 1121 data ready
Dataset generated successfully at: /home/computer0/fly_project/fly_gsplat/ctrl_009/036/f1122
4 cameras loaded
Seed: [ 0.00450837 -0.01319453 -0.00312418]  triangulation residual=0.201 mm
Sampled 10000 points in 2mm sphere
Surviving points (all 4 cameras): 1980
After outlier removal: 1901 points
Saved -> /home/computer0/fly_project/fly_gsplat/ctrl_009/036/f1122/init_points.ply
[prepare] frame 1122 data ready
Dataset generated successfully at: /home/computer0/fly_project/fly_gsplat/ctrl_009/036/f1123
4 cameras loaded
Seed: [ 0.00451024 -0.01319852 -0.00314093]  triangulation residual=0.217 mm
Sampled 10000 points in 2mm sphere
Surviving points (all 4 cameras): 1899
After outlier removal: 1816 points
Saved -> /home/computer0/fly_project/fly_gsplat/ctrl_009/036/f1123/init_points.ply
[prepare] frame 1123 data ready
Dataset generated successfully at: /home/computer0/fly_project/fly_gsplat/ctrl_009/036/f1124
4 cameras loaded
Seed: [ 0.00446993 -0.01319047 -0.0031682 ]  triangulation residual=0.216 mm
Sampled 10000 points in 2mm sphere
Surviving points (all 4 cameras): 1890
After outlier removal: 1813 points
Saved -> /home/computer0/fly_project/fly_gsplat/ctrl_009/036/f1124/init_points.ply
[prepare] frame 1124 data ready
Dataset generated successfully at: /home/computer0/fly_project/fly_gsplat/ctrl_009/036/f1125
4 cameras loaded
Seed: [ 0.00442729 -0.01319872 -0.00319018]  triangulation residual=0.203 mm
Sampled 10000 points in 2mm sphere
Surviving points (all 4 cameras): 1959
After outlier removal: 1878 points
Saved -> /home/computer0/fly_project/fly_gsplat/ctrl_009/036/f1125/init_points.ply
[prepare] frame 1125 data ready
Dataset generated successfully at: /home/computer0/fly_project/fly_gsplat/ctrl_009/036/f1126
4 cameras loaded
Seed: [ 0.00440906 -0.01321664 -0.003218  ]  triangulation residual=0.182 mm
Sampled 10000 points in 2mm sphere
Surviving points (all 4 cameras): 2028
After outlier removal: 1950 points
Saved -> /home/computer0/fly_project/fly_gsplat/ctrl_009/036/f1126/init_points.ply
[prepare] frame 1126 data ready
Dataset generated successfully at: /home/computer0/fly_project/fly_gsplat/ctrl_009/036/f1127
4 cameras loaded
Seed: [ 0.00440398 -0.01321915 -0.00323628]  triangulation residual=0.172 mm
Sampled 10000 points in 2mm sphere
Surviving points (all 4 cameras): 1986
After outlier removal: 1891 points
Saved -> /home/computer0/fly_project/fly_gsplat/ctrl_009/036/f1127/init_points.ply
[prepare] frame 1127 data ready
Dataset generated successfully at: /home/computer0/fly_project/fly_gsplat/ctrl_009/036/f1128
4 cameras loaded
Seed: [ 0.00440115 -0.01320968 -0.0032365 ]  triangulation residual=0.182 mm
Sampled 10000 points in 2mm sphere
Surviving points (all 4 cameras): 1895
After outlier removal: 1810 points
Saved -> /home/computer0/fly_project/fly_gsplat/ctrl_009/036/f1128/init_points.ply
[prepare] frame 1128 data ready
Dataset generated successfully at: /home/computer0/fly_project/fly_gsplat/ctrl_009/036/f1129
4 cameras loaded
Seed: [ 0.00440387 -0.01322821 -0.00321064]  triangulation residual=0.155 mm
Sampled 10000 points in 2mm sphere
Surviving points (all 4 cameras): 2075
After outlier removal: 1973 points
Saved -> /home/computer0/fly_project/fly_gsplat/ctrl_009/036/f1129/init_points.ply
[prepare] frame 1129 data ready
Dataset generated successfully at: /home/computer0/fly_project/fly_gsplat/ctrl_009/036/f1130
4 cameras loaded
Seed: [ 0.00442041 -0.01325256 -0.00316618]  triangulation residual=0.125 mm
Sampled 10000 points in 2mm sphere
Surviving points (all 4 cameras): 2065
After outlier removal: 1975 points
Saved -> /home/computer0/fly_project/fly_gsplat/ctrl_009/036/f1130/init_points.ply
[prepare] frame 1130 data ready
Dataset generated successfully at: /home/computer0/fly_project/fly_gsplat/ctrl_009/036/f1131
4 cameras loaded
Seed: [ 0.00444101 -0.01326455 -0.00312136]  triangulation residual=0.105 mm
Sampled 10000 points in 2mm sphere
Surviving points (all 4 cameras): 2108
After outlier removal: 2017 points
Saved -> /home/computer0/fly_project/fly_gsplat/ctrl_009/036/f1131/init_points.ply
[prepare] frame 1131 data ready
Dataset generated successfully at: /home/computer0/fly_project/fly_gsplat/ctrl_009/036/f1132
4 cameras loaded
Seed: [ 0.00446483 -0.01325637 -0.00307985]  triangulation residual=0.101 mm
Sampled 10000 points in 2mm sphere
Surviving points (all 4 cameras): 2207
After outlier removal: 2117 points
Saved -> /home/computer0/fly_project/fly_gsplat/ctrl_009/036/f1132/init_points.ply
[prepare] frame 1132 data ready
Dataset generated successfully at: /home/computer0/fly_project/fly_gsplat/ctrl_009/036/f1133
4 cameras loaded
Seed: [ 0.004489   -0.01322653 -0.00303722]  triangulation residual=0.100 mm
Sampled 10000 points in 2mm sphere
Surviving points (all 4 cameras): 2109
After outlier removal: 2019 points
Saved -> /home/computer0/fly_project/fly_gsplat/ctrl_009/036/f1133/init_points.ply
[prepare] frame 1133 data ready
Dataset generated successfully at: /home/computer0/fly_project/fly_gsplat/ctrl_009/036/f1134
4 cameras loaded
Seed: [ 0.00451879 -0.01317714 -0.00300789]  triangulation residual=0.094 mm
Sampled 10000 points in 2mm sphere
Surviving points (all 4 cameras): 2116
After outlier removal: 2020 points
Saved -> /home/computer0/fly_project/fly_gsplat/ctrl_009/036/f1134/init_points.ply
[prepare] frame 1134 data ready
Dataset generated successfully at: /home/computer0/fly_project/fly_gsplat/ctrl_009/036/f1135
4 cameras loaded
Seed: [ 0.00455475 -0.01312226 -0.00299301]  triangulation residual=0.084 mm
Sampled 10000 points in 2mm sphere
Surviving points (all 4 cameras): 1897
After outlier removal: 1814 points
Saved -> /home/computer0/fly_project/fly_gsplat/ctrl_009/036/f1135/init_points.ply
[prepare] frame 1135 data ready
Dataset generated successfully at: /home/computer0/fly_project/fly_gsplat/ctrl_009/036/f1136
4 cameras loaded
Seed: [ 0.0045889  -0.01307067 -0.00299746]  triangulation residual=0.065 mm
Sampled 10000 points in 2mm sphere
Surviving points (all 4 cameras): 1925
After outlier removal: 1844 points
Saved -> /home/computer0/fly_project/fly_gsplat/ctrl_009/036/f1136/init_points.ply
[prepare] frame 1136 data ready
Dataset generated successfully at: /home/computer0/fly_project/fly_gsplat/ctrl_009/036/f1137
4 cameras loaded
Seed: [ 0.004621   -0.01302639 -0.00299693]  triangulation residual=0.042 mm
Sampled 10000 points in 2mm sphere
Surviving points (all 4 cameras): 1846
After outlier removal: 1762 points
Saved -> /home/computer0/fly_project/fly_gsplat/ctrl_009/036/f1137/init_points.ply
[prepare] frame 1137 data ready
Dataset generated successfully at: /home/computer0/fly_project/fly_gsplat/ctrl_009/036/f1138
4 cameras loaded
Seed: [ 0.00464353 -0.01297687 -0.00301056]  triangulation residual=0.017 mm
Sampled 10000 points in 2mm sphere
Surviving points (all 4 cameras): 1860
After outlier removal: 1782 points
Saved -> /home/computer0/fly_project/fly_gsplat/ctrl_009/036/f1138/init_points.ply
[prepare] frame 1138 data ready
Dataset generated successfully at: /home/computer0/fly_project/fly_gsplat/ctrl_009/036/f1139
4 cameras loaded
Seed: [ 0.00465888 -0.01293717 -0.00302336]  triangulation residual=0.022 mm
Sampled 10000 points in 2mm sphere
Surviving points (all 4 cameras): 1877
After outlier removal: 1800 points
Saved -> /home/computer0/fly_project/fly_gsplat/ctrl_009/036/f1139/init_points.ply
[prepare] frame 1139 data ready
Dataset generated successfully at: /home/computer0/fly_project/fly_gsplat/ctrl_009/036/f1140
4 cameras loaded
Seed: [ 0.00467404 -0.01289744 -0.00304351]  triangulation residual=0.048 mm
Sampled 10000 points in 2mm sphere
Surviving points (all 4 cameras): 1811
After outlier removal: 1734 points
Saved -> /home/computer0/fly_project/fly_gsplat/ctrl_009/036/f1140/init_points.ply
[prepare] frame 1140 data ready
Dataset generated successfully at: /home/computer0/fly_project/fly_gsplat/ctrl_009/036/f1141
4 cameras loaded
Seed: [ 0.00469164 -0.01286272 -0.00306256]  triangulation residual=0.067 mm
Sampled 10000 points in 2mm sphere
Surviving points (all 4 cameras): 1736
After outlier removal: 1671 points
Saved -> /home/computer0/fly_project/fly_gsplat/ctrl_009/036/f1141/init_points.ply
[prepare] frame 1141 data ready
Dataset generated successfully at: /home/computer0/fly_project/fly_gsplat/ctrl_009/036/f1142
4 cameras loaded
Seed: [ 0.00470752 -0.01283173 -0.00307535]  triangulation residual=0.086 mm
Sampled 10000 points in 2mm sphere
Surviving points (all 4 cameras): 1778
After outlier removal: 1711 points
Saved -> /home/computer0/fly_project/fly_gsplat/ctrl_009/036/f1142/init_points.ply
[prepare] frame 1142 data ready
Dataset generated successfully at: /home/computer0/fly_project/fly_gsplat/ctrl_009/036/f1143
4 cameras loaded
Seed: [ 0.00472424 -0.0128055  -0.00308449]  triangulation residual=0.099 mm
Sampled 10000 points in 2mm sphere
Surviving points (all 4 cameras): 1819
After outlier removal: 1744 points
Saved -> /home/computer0/fly_project/fly_gsplat/ctrl_009/036/f1143/init_points.ply
[prepare] frame 1143 data ready
Dataset generated successfully at: /home/computer0/fly_project/fly_gsplat/ctrl_009/036/f1144
4 cameras loaded
Seed: [ 0.00474644 -0.01278239 -0.00309392]  triangulation residual=0.103 mm
Sampled 10000 points in 2mm sphere
Surviving points (all 4 cameras): 1848
After outlier removal: 1764 points
Saved -> /home/computer0/fly_project/fly_gsplat/ctrl_009/036/f1144/init_points.ply
[prepare] frame 1144 data ready
Dataset generated successfully at: /home/computer0/fly_project/fly_gsplat/ctrl_009/036/f1145
4 cameras loaded
Seed: [ 0.00476146 -0.0127628  -0.00310815]  triangulation residual=0.109 mm
Sampled 10000 points in 2mm sphere
Surviving points (all 4 cameras): 1819
After outlier removal: 1746 points
Saved -> /home/computer0/fly_project/fly_gsplat/ctrl_009/036/f1145/init_points.ply
[prepare] frame 1145 data ready
Dataset generated successfully at: /home/computer0/fly_project/fly_gsplat/ctrl_009/036/f1146
4 cameras loaded
Seed: [ 0.00477432 -0.01274417 -0.00312001]  triangulation residual=0.114 mm
Sampled 10000 points in 2mm sphere
Surviving points (all 4 cameras): 1860
After outlier removal: 1790 points
Saved -> /home/computer0/fly_project/fly_gsplat/ctrl_009/036/f1146/init_points.ply
[prepare] frame 1146 data ready
Dataset generated successfully at: /home/computer0/fly_project/fly_gsplat/ctrl_009/036/f1147
4 cameras loaded
Seed: [ 0.00478372 -0.01273639 -0.00313574]  triangulation residual=0.119 mm
Sampled 10000 points in 2mm sphere
Surviving points (all 4 cameras): 1859
After outlier removal: 1778 points
Saved -> /home/computer0/fly_project/fly_gsplat/ctrl_009/036/f1147/init_points.ply
[prepare] frame 1147 data ready
Dataset generated successfully at: /home/computer0/fly_project/fly_gsplat/ctrl_009/036/f1148
4 cameras loaded
Seed: [ 0.00479021 -0.0127269  -0.00314612]  triangulation residual=0.123 mm
Sampled 10000 points in 2mm sphere
Surviving points (all 4 cameras): 1810
After outlier removal: 1745 points
Saved -> /home/computer0/fly_project/fly_gsplat/ctrl_009/036/f1148/init_points.ply
[prepare] frame 1148 data ready
Dataset generated successfully at: /home/computer0/fly_project/fly_gsplat/ctrl_009/036/f1149
4 cameras loaded
Seed: [ 0.00479363 -0.01272208 -0.00316197]  triangulation residual=0.121 mm
Sampled 10000 points in 2mm sphere
Surviving points (all 4 cameras): 1864
After outlier removal: 1799 points
Saved -> /home/computer0/fly_project/fly_gsplat/ctrl_009/036/f1149/init_points.ply
[prepare] frame 1149 data ready
Dataset generated successfully at: /home/computer0/fly_project/fly_gsplat/ctrl_009/036/f1150
4 cameras loaded
Seed: [ 0.00479793 -0.0127176  -0.00318174]  triangulation residual=0.111 mm
Sampled 10000 points in 2mm sphere
Surviving points (all 4 cameras): 2019
After outlier removal: 1940 points
Saved -> /home/computer0/fly_project/fly_gsplat/ctrl_009/036/f1150/init_points.ply
[prepare] frame 1150 data ready
Dataset generated successfully at: /home/computer0/fly_project/fly_gsplat/ctrl_009/036/f1151
4 cameras loaded
Seed: [ 0.00480095 -0.01271667 -0.00319516]  triangulation residual=0.094 mm
Sampled 10000 points in 2mm sphere
Surviving points (all 4 cameras): 2070
After outlier removal: 1988 points
Saved -> /home/computer0/fly_project/fly_gsplat/ctrl_009/036/f1151/init_points.ply
[prepare] frame 1151 data ready
Dataset generated successfully at: /home/computer0/fly_project/fly_gsplat/ctrl_009/036/f1152
4 cameras loaded
Seed: [ 0.0048016  -0.01272498 -0.00320731]  triangulation residual=0.077 mm
Sampled 10000 points in 2mm sphere
Surviving points (all 4 cameras): 2118
After outlier removal: 2035 points
Saved -> /home/computer0/fly_project/fly_gsplat/ctrl_009/036/f1152/init_points.ply
[prepare] frame 1152 data ready
Dataset generated successfully at: /home/computer0/fly_project/fly_gsplat/ctrl_009/036/f1153
4 cameras loaded
Seed: [ 0.0047943  -0.01274321 -0.00321096]  triangulation residual=0.063 mm
Sampled 10000 points in 2mm sphere
Surviving points (all 4 cameras): 2082
After outlier removal: 1995 points
Saved -> /home/computer0/fly_project/fly_gsplat/ctrl_009/036/f1153/init_points.ply
[prepare] frame 1153 data ready
Dataset generated successfully at: /home/computer0/fly_project/fly_gsplat/ctrl_009/036/f1154
4 cameras loaded
Seed: [ 0.00478599 -0.01276736 -0.00320939]  triangulation residual=0.060 mm
Sampled 10000 points in 2mm sphere
Surviving points (all 4 cameras): 2158
After outlier removal: 2075 points
Saved -> /home/computer0/fly_project/fly_gsplat/ctrl_009/036/f1154/init_points.ply
[prepare] frame 1154 data ready
Dataset generated successfully at: /home/computer0/fly_project/fly_gsplat/ctrl_009/036/f1155
4 cameras loaded
Seed: [ 0.00476736 -0.01280388 -0.00320131]  triangulation residual=0.068 mm
Sampled 10000 points in 2mm sphere
Surviving points (all 4 cameras): 1944
After outlier removal: 1861 points
Saved -> /home/computer0/fly_project/fly_gsplat/ctrl_009/036/f1155/init_points.ply
[prepare] frame 1155 data ready
Dataset generated successfully at: /home/computer0/fly_project/fly_gsplat/ctrl_009/036/f1156
4 cameras loaded
Seed: [ 0.00473694 -0.01284291 -0.00321424]  triangulation residual=0.076 mm
Sampled 10000 points in 2mm sphere
Surviving points (all 4 cameras): 1904
After outlier removal: 1822 points
Saved -> /home/computer0/fly_project/fly_gsplat/ctrl_009/036/f1156/init_points.ply
[prepare] frame 1156 data ready
Dataset generated successfully at: /home/computer0/fly_project/fly_gsplat/ctrl_009/036/f1157
4 cameras loaded
Seed: [ 0.0047027  -0.01288748 -0.00323293]  triangulation residual=0.109 mm
Sampled 10000 points in 2mm sphere
Surviving points (all 4 cameras): 1879
After outlier removal: 1799 points
Saved -> /home/computer0/fly_project/fly_gsplat/ctrl_009/036/f1157/init_points.ply
[prepare] frame 1157 data ready
Dataset generated successfully at: /home/computer0/fly_project/fly_gsplat/ctrl_009/036/f1158
4 cameras loaded
Seed: [ 0.00467605 -0.01289196 -0.00325245]  triangulation residual=0.111 mm
Sampled 10000 points in 2mm sphere
Surviving points (all 4 cameras): 1937
After outlier removal: 1863 points
Saved -> /home/computer0/fly_project/fly_gsplat/ctrl_009/036/f1158/init_points.ply
[prepare] frame 1158 data ready
Dataset generated successfully at: /home/computer0/fly_project/fly_gsplat/ctrl_009/036/f1159
4 cameras loaded
Seed: [ 0.00466766 -0.01287262 -0.00326256]  triangulation residual=0.096 mm
Sampled 10000 points in 2mm sphere
Surviving points (all 4 cameras): 1956
After outlier removal: 1891 points
Saved -> /home/computer0/fly_project/fly_gsplat/ctrl_009/036/f1159/init_points.ply
[prepare] frame 1159 data ready
Dataset generated successfully at: /home/computer0/fly_project/fly_gsplat/ctrl_009/036/f1160
4 cameras loaded
Seed: [ 0.00465775 -0.01286017 -0.00327952]  triangulation residual=0.085 mm
Sampled 10000 points in 2mm sphere
Surviving points (all 4 cameras): 2002
After outlier removal: 1911 points
Saved -> /home/computer0/fly_project/fly_gsplat/ctrl_009/036/f1160/init_points.ply
[prepare] frame 1160 data ready
Dataset generated successfully at: /home/computer0/fly_project/fly_gsplat/ctrl_009/036/f1161
4 cameras loaded
Seed: [ 0.00466492 -0.01284551 -0.00331431]  triangulation residual=0.081 mm
Sampled 10000 points in 2mm sphere
Surviving points (all 4 cameras): 2063
After outlier removal: 1968 points
Saved -> /home/computer0/fly_project/fly_gsplat/ctrl_009/036/f1161/init_points.ply
[prepare] frame 1161 data ready
Dataset generated successfully at: /home/computer0/fly_project/fly_gsplat/ctrl_009/036/f1162
4 cameras loaded
Seed: [ 0.00467766 -0.01284075 -0.00333982]  triangulation residual=0.081 mm
Sampled 10000 points in 2mm sphere
Surviving points (all 4 cameras): 2249
After outlier removal: 2146 points
Saved -> /home/computer0/fly_project/fly_gsplat/ctrl_009/036/f1162/init_points.ply
[prepare] frame 1162 data ready
Dataset generated successfully at: /home/computer0/fly_project/fly_gsplat/ctrl_009/036/f1163
4 cameras loaded
Seed: [ 0.0046856  -0.01284554 -0.00335808]  triangulation residual=0.092 mm
Sampled 10000 points in 2mm sphere
Surviving points (all 4 cameras): 2262
After outlier removal: 2160 points
Saved -> /home/computer0/fly_project/fly_gsplat/ctrl_009/036/f1163/init_points.ply
[prepare] frame 1163 data ready
Dataset generated successfully at: /home/computer0/fly_project/fly_gsplat/ctrl_009/036/f1164
4 cameras loaded
Seed: [ 0.00469013 -0.01284376 -0.00335634]  triangulation residual=0.098 mm
Sampled 10000 points in 2mm sphere
Surviving points (all 4 cameras): 2263
After outlier removal: 2180 points
Saved -> /home/computer0/fly_project/fly_gsplat/ctrl_009/036/f1164/init_points.ply
[prepare] frame 1164 data ready
Dataset generated successfully at: /home/computer0/fly_project/fly_gsplat/ctrl_009/036/f1165
4 cameras loaded
Seed: [ 0.00468256 -0.01284781 -0.00334594]  triangulation residual=0.091 mm
Sampled 10000 points in 2mm sphere
Surviving points (all 4 cameras): 2405
After outlier removal: 2320 points
Saved -> /home/computer0/fly_project/fly_gsplat/ctrl_009/036/f1165/init_points.ply
[prepare] frame 1165 data ready
Dataset generated successfully at: /home/computer0/fly_project/fly_gsplat/ctrl_009/036/f1166
4 cameras loaded
Seed: [ 0.00466744 -0.01285603 -0.00332959]  triangulation residual=0.086 mm
Sampled 10000 points in 2mm sphere
Surviving points (all 4 cameras): 2314
After outlier removal: 2217 points
Saved -> /home/computer0/fly_project/fly_gsplat/ctrl_009/036/f1166/init_points.ply
[prepare] frame 1166 data ready
Dataset generated successfully at: /home/computer0/fly_project/fly_gsplat/ctrl_009/036/f1167
4 cameras loaded
Seed: [ 0.00463991 -0.01287253 -0.0033116 ]  triangulation residual=0.087 mm
Sampled 10000 points in 2mm sphere
Surviving points (all 4 cameras): 2307
After outlier removal: 2211 points
Saved -> /home/computer0/fly_project/fly_gsplat/ctrl_009/036/f1167/init_points.ply
[prepare] frame 1167 data ready
Dataset generated successfully at: /home/computer0/fly_project/fly_gsplat/ctrl_009/036/f1168
4 cameras loaded
Seed: [ 0.00460613 -0.01289829 -0.00329014]  triangulation residual=0.092 mm
Sampled 10000 points in 2mm sphere
Surviving points (all 4 cameras): 2189
After outlier removal: 2100 points
Saved -> /home/computer0/fly_project/fly_gsplat/ctrl_009/036/f1168/init_points.ply
[prepare] frame 1168 data ready
Dataset generated successfully at: /home/computer0/fly_project/fly_gsplat/ctrl_009/036/f1169
4 cameras loaded
Seed: [ 0.00457912 -0.01292827 -0.00326997]  triangulation residual=0.101 mm
Sampled 10000 points in 2mm sphere
Surviving points (all 4 cameras): 2033
After outlier removal: 1959 points
Saved -> /home/computer0/fly_project/fly_gsplat/ctrl_009/036/f1169/init_points.ply
[prepare] frame 1169 data ready
Dataset generated successfully at: /home/computer0/fly_project/fly_gsplat/ctrl_009/036/f1170
4 cameras loaded
Seed: [ 0.00455652 -0.012957   -0.00326011]  triangulation residual=0.108 mm
Sampled 10000 points in 2mm sphere
Surviving points (all 4 cameras): 2050
After outlier removal: 1955 points
Saved -> /home/computer0/fly_project/fly_gsplat/ctrl_009/036/f1170/init_points.ply
[prepare] frame 1170 data ready
Dataset generated successfully at: /home/computer0/fly_project/fly_gsplat/ctrl_009/036/f1171
4 cameras loaded
Seed: [ 0.0045401  -0.01298584 -0.00324419]  triangulation residual=0.121 mm
Sampled 10000 points in 2mm sphere
Surviving points (all 4 cameras): 2025
After outlier removal: 1935 points
Saved -> /home/computer0/fly_project/fly_gsplat/ctrl_009/036/f1171/init_points.ply
[prepare] frame 1171 data ready
Dataset generated successfully at: /home/computer0/fly_project/fly_gsplat/ctrl_009/036/f1172
4 cameras loaded
Seed: [ 0.00452453 -0.01301945 -0.00323057]  triangulation residual=0.127 mm
Sampled 10000 points in 2mm sphere
Surviving points (all 4 cameras): 1906
After outlier removal: 1824 points
Saved -> /home/computer0/fly_project/fly_gsplat/ctrl_009/036/f1172/init_points.ply
[prepare] frame 1172 data ready
Dataset generated successfully at: /home/computer0/fly_project/fly_gsplat/ctrl_009/036/f1173
4 cameras loaded
Seed: [ 0.00451113 -0.01304849 -0.00321837]  triangulation residual=0.136 mm
Sampled 10000 points in 2mm sphere
Surviving points (all 4 cameras): 1984
After outlier removal: 1918 points
Saved -> /home/computer0/fly_project/fly_gsplat/ctrl_009/036/f1173/init_points.ply
[prepare] frame 1173 data ready
Dataset generated successfully at: /home/computer0/fly_project/fly_gsplat/ctrl_009/036/f1174
4 cameras loaded
Seed: [ 0.00449518 -0.01308141 -0.00320768]  triangulation residual=0.143 mm
Sampled 10000 points in 2mm sphere
Surviving points (all 4 cameras): 1934
After outlier removal: 1850 points
Saved -> /home/computer0/fly_project/fly_gsplat/ctrl_009/036/f1174/init_points.ply
[prepare] frame 1174 data ready
Dataset generated successfully at: /home/computer0/fly_project/fly_gsplat/ctrl_009/036/f1175
4 cameras loaded
Seed: [ 0.00448504 -0.01313084 -0.00319005]  triangulation residual=0.140 mm
Sampled 10000 points in 2mm sphere
Surviving points (all 4 cameras): 1899
After outlier removal: 1824 points
Saved -> /home/computer0/fly_project/fly_gsplat/ctrl_009/036/f1175/init_points.ply
[prepare] frame 1175 data ready
Dataset generated successfully at: /home/computer0/fly_project/fly_gsplat/ctrl_009/036/f1176
4 cameras loaded
Seed: [ 0.00447423 -0.01317733 -0.00316913]  triangulation residual=0.134 mm
Sampled 10000 points in 2mm sphere
Surviving points (all 4 cameras): 1894
After outlier removal: 1818 points
Saved -> /home/computer0/fly_project/fly_gsplat/ctrl_009/036/f1176/init_points.ply
[prepare] frame 1176 data ready
Dataset generated successfully at: /home/computer0/fly_project/fly_gsplat/ctrl_009/036/f1177
4 cameras loaded
Seed: [ 0.00445914 -0.01323137 -0.0031523 ]  triangulation residual=0.125 mm
Sampled 10000 points in 2mm sphere
Surviving points (all 4 cameras): 1964
After outlier removal: 1882 points
Saved -> /home/computer0/fly_project/fly_gsplat/ctrl_009/036/f1177/init_points.ply
[prepare] frame 1177 data ready
Dataset generated successfully at: /home/computer0/fly_project/fly_gsplat/ctrl_009/036/f1178
4 cameras loaded
Seed: [ 0.00444202 -0.01328859 -0.00312914]  triangulation residual=0.116 mm
Sampled 10000 points in 2mm sphere
Surviving points (all 4 cameras): 1914
After outlier removal: 1836 points
Saved -> /home/computer0/fly_project/fly_gsplat/ctrl_009/036/f1178/init_points.ply
[prepare] frame 1178 data ready
Dataset generated successfully at: /home/computer0/fly_project/fly_gsplat/ctrl_009/036/f1179
4 cameras loaded
Seed: [ 0.00442035 -0.01335402 -0.00310002]  triangulation residual=0.107 mm
Sampled 10000 points in 2mm sphere
Surviving points (all 4 cameras): 1791
After outlier removal: 1716 points
Saved -> /home/computer0/fly_project/fly_gsplat/ctrl_009/036/f1179/init_points.ply
[prepare] frame 1179 data ready
Dataset generated successfully at: /home/computer0/fly_project/fly_gsplat/ctrl_009/036/f1180
4 cameras loaded
Seed: [ 0.00440184 -0.01341918 -0.00308058]  triangulation residual=0.097 mm
Sampled 10000 points in 2mm sphere
Surviving points (all 4 cameras): 1842
After outlier removal: 1765 points
Saved -> /home/computer0/fly_project/fly_gsplat/ctrl_009/036/f1180/init_points.ply
[prepare] frame 1180 data ready
Dataset generated successfully at: /home/computer0/fly_project/fly_gsplat/ctrl_009/036/f1181
4 cameras loaded
Seed: [ 0.00438524 -0.01349015 -0.00304908]  triangulation residual=0.087 mm
Sampled 10000 points in 2mm sphere
Surviving points (all 4 cameras): 1888
After outlier removal: 1813 points
Saved -> /home/computer0/fly_project/fly_gsplat/ctrl_009/036/f1181/init_points.ply
[prepare] frame 1181 data ready
Dataset generated successfully at: /home/computer0/fly_project/fly_gsplat/ctrl_009/036/f1182
4 cameras loaded
Seed: [ 0.00435708 -0.0135584  -0.00302638]  triangulation residual=0.071 mm
Sampled 10000 points in 2mm sphere
Surviving points (all 4 cameras): 1832
After outlier removal: 1758 points
Saved -> /home/computer0/fly_project/fly_gsplat/ctrl_009/036/f1182/init_points.ply
[prepare] frame 1182 data ready
Dataset generated successfully at: /home/computer0/fly_project/fly_gsplat/ctrl_009/036/f1183
4 cameras loaded
Seed: [ 0.00434245 -0.01362775 -0.0030041 ]  triangulation residual=0.057 mm
Sampled 10000 points in 2mm sphere
Surviving points (all 4 cameras): 1794
After outlier removal: 1718 points
Saved -> /home/computer0/fly_project/fly_gsplat/ctrl_009/036/f1183/init_points.ply
[prepare] frame 1183 data ready
Dataset generated successfully at: /home/computer0/fly_project/fly_gsplat/ctrl_009/036/f1184
4 cameras loaded
Seed: [ 0.00431448 -0.01369017 -0.00298233]  triangulation residual=0.041 mm
Sampled 10000 points in 2mm sphere
Surviving points (all 4 cameras): 1838
After outlier removal: 1765 points
Saved -> /home/computer0/fly_project/fly_gsplat/ctrl_009/036/f1184/init_points.ply
[prepare] frame 1184 data ready
Dataset generated successfully at: /home/computer0/fly_project/fly_gsplat/ctrl_009/036/f1185
4 cameras loaded
Seed: [ 0.00428966 -0.0137563  -0.00296565]  triangulation residual=0.031 mm
Sampled 10000 points in 2mm sphere
Surviving points (all 4 cameras): 1807
After outlier removal: 1730 points
Saved -> /home/computer0/fly_project/fly_gsplat/ctrl_009/036/f1185/init_points.ply
[prepare] frame 1185 data ready
Dataset generated successfully at: /home/computer0/fly_project/fly_gsplat/ctrl_009/036/f1186
4 cameras loaded
Seed: [ 0.00426513 -0.01382236 -0.00294441]  triangulation residual=0.029 mm
Sampled 10000 points in 2mm sphere
Surviving points (all 4 cameras): 1777
After outlier removal: 1712 points
Saved -> /home/computer0/fly_project/fly_gsplat/ctrl_009/036/f1186/init_points.ply
[prepare] frame 1186 data ready
Dataset generated successfully at: /home/computer0/fly_project/fly_gsplat/ctrl_009/036/f1187
4 cameras loaded
Seed: [ 0.0042385  -0.01388321 -0.00292682]  triangulation residual=0.032 mm
Sampled 10000 points in 2mm sphere
Surviving points (all 4 cameras): 1877
After outlier removal: 1791 points
Saved -> /home/computer0/fly_project/fly_gsplat/ctrl_009/036/f1187/init_points.ply
[prepare] frame 1187 data ready
Dataset generated successfully at: /home/computer0/fly_project/fly_gsplat/ctrl_009/036/f1188
4 cameras loaded
Seed: [ 0.00421572 -0.01394496 -0.00290544]  triangulation residual=0.048 mm
Sampled 10000 points in 2mm sphere
Surviving points (all 4 cameras): 1917
After outlier removal: 1838 points
Saved -> /home/computer0/fly_project/fly_gsplat/ctrl_009/036/f1188/init_points.ply
[prepare] frame 1188 data ready
Dataset generated successfully at: /home/computer0/fly_project/fly_gsplat/ctrl_009/036/f1189
4 cameras loaded
Seed: [ 0.00419102 -0.01399897 -0.0028965 ]  triangulation residual=0.056 mm
Sampled 10000 points in 2mm sphere
Surviving points (all 4 cameras): 1851
After outlier removal: 1781 points
Saved -> /home/computer0/fly_project/fly_gsplat/ctrl_009/036/f1189/init_points.ply
[prepare] frame 1189 data ready
Dataset generated successfully at: /home/computer0/fly_project/fly_gsplat/ctrl_009/036/f1190
4 cameras loaded
Seed: [ 0.00416454 -0.01405064 -0.00288719]  triangulation residual=0.070 mm
Sampled 10000 points in 2mm sphere
Surviving points (all 4 cameras): 1915
After outlier removal: 1849 points
Saved -> /home/computer0/fly_project/fly_gsplat/ctrl_009/036/f1190/init_points.ply
[prepare] frame 1190 data ready
Dataset generated successfully at: /home/computer0/fly_project/fly_gsplat/ctrl_009/036/f1191
4 cameras loaded
Seed: [ 0.00413703 -0.01410068 -0.00287861]  triangulation residual=0.082 mm
Sampled 10000 points in 2mm sphere
Surviving points (all 4 cameras): 1929
After outlier removal: 1855 points
Saved -> /home/computer0/fly_project/fly_gsplat/ctrl_009/036/f1191/init_points.ply
[prepare] frame 1191 data ready
Dataset generated successfully at: /home/computer0/fly_project/fly_gsplat/ctrl_009/036/f1192
4 cameras loaded
Seed: [ 0.00410865 -0.01414347 -0.00287511]  triangulation residual=0.093 mm
Sampled 10000 points in 2mm sphere
Surviving points (all 4 cameras): 2032
After outlier removal: 1944 points
Saved -> /home/computer0/fly_project/fly_gsplat/ctrl_009/036/f1192/init_points.ply
[prepare] frame 1192 data ready
Dataset generated successfully at: /home/computer0/fly_project/fly_gsplat/ctrl_009/036/f1193
4 cameras loaded
Seed: [ 0.00408694 -0.01418743 -0.00287339]  triangulation residual=0.101 mm
Sampled 10000 points in 2mm sphere
Surviving points (all 4 cameras): 2012
After outlier removal: 1929 points
Saved -> /home/computer0/fly_project/fly_gsplat/ctrl_009/036/f1193/init_points.ply
[prepare] frame 1193 data ready
Dataset generated successfully at: /home/computer0/fly_project/fly_gsplat/ctrl_009/036/f1194
4 cameras loaded
Seed: [ 0.00405995 -0.01422522 -0.00286763]  triangulation residual=0.112 mm
Sampled 10000 points in 2mm sphere
Surviving points (all 4 cameras): 1978
After outlier removal: 1899 points
Saved -> /home/computer0/fly_project/fly_gsplat/ctrl_009/036/f1194/init_points.ply
[prepare] frame 1194 data ready
Dataset generated successfully at: /home/computer0/fly_project/fly_gsplat/ctrl_009/036/f1195
4 cameras loaded
Seed: [ 0.00403273 -0.01425575 -0.0028707 ]  triangulation residual=0.126 mm
Sampled 10000 points in 2mm sphere
Surviving points (all 4 cameras): 1928
After outlier removal: 1849 points
Saved -> /home/computer0/fly_project/fly_gsplat/ctrl_009/036/f1195/init_points.ply
[prepare] frame 1195 data ready
Dataset generated successfully at: /home/computer0/fly_project/fly_gsplat/ctrl_009/036/f1196
4 cameras loaded
Seed: [ 0.00401192 -0.01429108 -0.00287342]  triangulation residual=0.141 mm
Sampled 10000 points in 2mm sphere
Surviving points (all 4 cameras): 1953
After outlier removal: 1864 points
Saved -> /home/computer0/fly_project/fly_gsplat/ctrl_009/036/f1196/init_points.ply
[prepare] frame 1196 data ready
Dataset generated successfully at: /home/computer0/fly_project/fly_gsplat/ctrl_009/036/f1197
4 cameras loaded
Seed: [ 0.00399647 -0.01431724 -0.0028725 ]  triangulation residual=0.156 mm
Sampled 10000 points in 2mm sphere
Surviving points (all 4 cameras): 1960
After outlier removal: 1873 points
Saved -> /home/computer0/fly_project/fly_gsplat/ctrl_009/036/f1197/init_points.ply
[prepare] frame 1197 data ready
Dataset generated successfully at: /home/computer0/fly_project/fly_gsplat/ctrl_009/036/f1198
4 cameras loaded
Seed: [ 0.00398228 -0.01434382 -0.00288421]  triangulation residual=0.166 mm
Sampled 10000 points in 2mm sphere
Surviving points (all 4 cameras): 2068
After outlier removal: 1984 points
Saved -> /home/computer0/fly_project/fly_gsplat/ctrl_009/036/f1198/init_points.ply
[prepare] frame 1198 data ready
Dataset generated successfully at: /home/computer0/fly_project/fly_gsplat/ctrl_009/036/f1199
4 cameras loaded
Seed: [ 0.00397793 -0.01437101 -0.00289547]  triangulation residual=0.179 mm
Sampled 10000 points in 2mm sphere
Surviving points (all 4 cameras): 1968
After outlier removal: 1885 points
Saved -> /home/computer0/fly_project/fly_gsplat/ctrl_009/036/f1199/init_points.ply
[prepare] frame 1199 data ready
Dataset generated successfully at: /home/computer0/fly_project/fly_gsplat/ctrl_009/036/f1200
4 cameras loaded
Seed: [ 0.003968   -0.0143899  -0.00291026]  triangulation residual=0.191 mm
Sampled 10000 points in 2mm sphere
Surviving points (all 4 cameras): 1983
After outlier removal: 1895 points
Saved -> /home/computer0/fly_project/fly_gsplat/ctrl_009/036/f1200/init_points.ply
[prepare] frame 1200 data ready
Dataset generated successfully at: /home/computer0/fly_project/fly_gsplat/ctrl_009/036/f1201
4 cameras loaded
Seed: [ 0.00396229 -0.01440315 -0.00292049]  triangulation residual=0.211 mm
Sampled 10000 points in 2mm sphere
Surviving points (all 4 cameras): 1835
After outlier removal: 1753 points
Saved -> /home/computer0/fly_project/fly_gsplat/ctrl_009/036/f1201/init_points.ply
[prepare] frame 1201 data ready
Dataset generated successfully at: /home/computer0/fly_project/fly_gsplat/ctrl_009/036/f1202
4 cameras loaded
Seed: [ 0.00395802 -0.01440657 -0.00294374]  triangulation residual=0.227 mm
Sampled 10000 points in 2mm sphere
Surviving points (all 4 cameras): 1877
After outlier removal: 1802 points
Saved -> /home/computer0/fly_project/fly_gsplat/ctrl_009/036/f1202/init_points.ply
[prepare] frame 1202 data ready
Dataset generated successfully at: /home/computer0/fly_project/fly_gsplat/ctrl_009/036/f1203
4 cameras loaded
Seed: [ 0.00391716 -0.01439677 -0.00296981]  triangulation residual=0.225 mm
Sampled 10000 points in 2mm sphere
Surviving points (all 4 cameras): 1934
After outlier removal: 1859 points
Saved -> /home/computer0/fly_project/fly_gsplat/ctrl_009/036/f1203/init_points.ply
[prepare] frame 1203 data ready
Dataset generated successfully at: /home/computer0/fly_project/fly_gsplat/ctrl_009/036/f1204
4 cameras loaded
Seed: [ 0.00386815 -0.01439983 -0.00299418]  triangulation residual=0.208 mm
Sampled 10000 points in 2mm sphere
Surviving points (all 4 cameras): 1897
After outlier removal: 1812 points
Saved -> /home/computer0/fly_project/fly_gsplat/ctrl_009/036/f1204/init_points.ply
[prepare] frame 1204 data ready
Dataset generated successfully at: /home/computer0/fly_project/fly_gsplat/ctrl_009/036/f1205
4 cameras loaded
Seed: [ 0.00385389 -0.01441282 -0.00301477]  triangulation residual=0.192 mm
Sampled 10000 points in 2mm sphere
Surviving points (all 4 cameras): 1926
After outlier removal: 1838 points
Saved -> /home/computer0/fly_project/fly_gsplat/ctrl_009/036/f1205/init_points.ply
[prepare] frame 1205 data ready
Dataset generated successfully at: /home/computer0/fly_project/fly_gsplat/ctrl_009/036/f1206
4 cameras loaded
Seed: [ 0.00384679 -0.01441894 -0.00303213]  triangulation residual=0.175 mm
Sampled 10000 points in 2mm sphere
Surviving points (all 4 cameras): 1920
After outlier removal: 1843 points
Saved -> /home/computer0/fly_project/fly_gsplat/ctrl_009/036/f1206/init_points.ply
[prepare] frame 1206 data ready
Dataset generated successfully at: /home/computer0/fly_project/fly_gsplat/ctrl_009/036/f1207
4 cameras loaded
Seed: [ 0.00384323 -0.01441808 -0.00303928]  triangulation residual=0.179 mm
Sampled 10000 points in 2mm sphere
Surviving points (all 4 cameras): 1978
After outlier removal: 1892 points
Saved -> /home/computer0/fly_project/fly_gsplat/ctrl_009/036/f1207/init_points.ply
[prepare] frame 1207 data ready
Dataset generated successfully at: /home/computer0/fly_project/fly_gsplat/ctrl_009/036/f1208
4 cameras loaded
Seed: [ 0.00384318 -0.01442544 -0.00300395]  triangulation residual=0.159 mm
Sampled 10000 points in 2mm sphere
Surviving points (all 4 cameras): 2015
After outlier removal: 1923 points
Saved -> /home/computer0/fly_project/fly_gsplat/ctrl_009/036/f1208/init_points.ply
[prepare] frame 1208 data ready
Dataset generated successfully at: /home/computer0/fly_project/fly_gsplat/ctrl_009/036/f1209
4 cameras loaded
Seed: [ 0.00386038 -0.01445166 -0.00296818]  triangulation residual=0.131 mm
Sampled 10000 points in 2mm sphere
Surviving points (all 4 cameras): 2022
After outlier removal: 1929 points
Saved -> /home/computer0/fly_project/fly_gsplat/ctrl_009/036/f1209/init_points.ply
[prepare] frame 1209 data ready
Dataset generated successfully at: /home/computer0/fly_project/fly_gsplat/ctrl_009/036/f1210
4 cameras loaded
Seed: [ 0.00387997 -0.01446502 -0.00291822]  triangulation residual=0.111 mm
Sampled 10000 points in 2mm sphere
Surviving points (all 4 cameras): 2095
After outlier removal: 1997 points
Saved -> /home/computer0/fly_project/fly_gsplat/ctrl_009/036/f1210/init_points.ply
[prepare] frame 1210 data ready
Dataset generated successfully at: /home/computer0/fly_project/fly_gsplat/ctrl_009/036/f1211
4 cameras loaded
Seed: [ 0.00390634 -0.01445985 -0.00287069]  triangulation residual=0.107 mm
Sampled 10000 points in 2mm sphere
Surviving points (all 4 cameras): 2152
After outlier removal: 2056 points
Saved -> /home/computer0/fly_project/fly_gsplat/ctrl_009/036/f1211/init_points.ply
[prepare] frame 1211 data ready
Dataset generated successfully at: /home/computer0/fly_project/fly_gsplat/ctrl_009/036/f1212
4 cameras loaded
Seed: [ 0.00393156 -0.01443686 -0.00283158]  triangulation residual=0.105 mm
Sampled 10000 points in 2mm sphere
Surviving points (all 4 cameras): 2106
After outlier removal: 2018 points
Saved -> /home/computer0/fly_project/fly_gsplat/ctrl_009/036/f1212/init_points.ply
[prepare] frame 1212 data ready
Dataset generated successfully at: /home/computer0/fly_project/fly_gsplat/ctrl_009/036/f1213
4 cameras loaded
Seed: [ 0.00396725 -0.01439044 -0.00280314]  triangulation residual=0.097 mm
Sampled 10000 points in 2mm sphere
Surviving points (all 4 cameras): 2022
After outlier removal: 1944 points
Saved -> /home/computer0/fly_project/fly_gsplat/ctrl_009/036/f1213/init_points.ply
[prepare] frame 1213 data ready
Dataset generated successfully at: /home/computer0/fly_project/fly_gsplat/ctrl_009/036/f1214
4 cameras loaded
Seed: [ 0.00400149 -0.01433193 -0.00278705]  triangulation residual=0.085 mm
Sampled 10000 points in 2mm sphere
Surviving points (all 4 cameras): 1910
After outlier removal: 1833 points
Saved -> /home/computer0/fly_project/fly_gsplat/ctrl_009/036/f1214/init_points.ply
[prepare] frame 1214 data ready
Dataset generated successfully at: /home/computer0/fly_project/fly_gsplat/ctrl_009/036/f1215
4 cameras loaded
Seed: [ 0.00403541 -0.01428021 -0.00278857]  triangulation residual=0.065 mm
Sampled 10000 points in 2mm sphere
Surviving points (all 4 cameras): 1830
After outlier removal: 1757 points
Saved -> /home/computer0/fly_project/fly_gsplat/ctrl_009/036/f1215/init_points.ply
[prepare] frame 1215 data ready
Dataset generated successfully at: /home/computer0/fly_project/fly_gsplat/ctrl_009/036/f1216
4 cameras loaded
Seed: [ 0.00406253 -0.01423363 -0.00279244]  triangulation residual=0.044 mm
Sampled 10000 points in 2mm sphere
Surviving points (all 4 cameras): 1875
After outlier removal: 1803 points
Saved -> /home/computer0/fly_project/fly_gsplat/ctrl_009/036/f1216/init_points.ply
[prepare] frame 1216 data ready
Dataset generated successfully at: /home/computer0/fly_project/fly_gsplat/ctrl_009/036/f1217
4 cameras loaded
Seed: [ 0.00407757 -0.01418448 -0.00280522]  triangulation residual=0.019 mm
Sampled 10000 points in 2mm sphere
Surviving points (all 4 cameras): 1856
After outlier removal: 1780 points
Saved -> /home/computer0/fly_project/fly_gsplat/ctrl_009/036/f1217/init_points.ply
[prepare] frame 1217 data ready
Dataset generated successfully at: /home/computer0/fly_project/fly_gsplat/ctrl_009/036/f1218
4 cameras loaded
Seed: [ 0.00409593 -0.01413885 -0.00281948]  triangulation residual=0.019 mm
Sampled 10000 points in 2mm sphere
Surviving points (all 4 cameras): 1871
After outlier removal: 1784 points
Saved -> /home/computer0/fly_project/fly_gsplat/ctrl_009/036/f1218/init_points.ply
[prepare] frame 1218 data ready
Dataset generated successfully at: /home/computer0/fly_project/fly_gsplat/ctrl_009/036/f1219
4 cameras loaded
Seed: [ 0.00410598 -0.01410542 -0.00283821]  triangulation residual=0.040 mm
Sampled 10000 points in 2mm sphere
Surviving points (all 4 cameras): 1861
After outlier removal: 1787 points
Saved -> /home/computer0/fly_project/fly_gsplat/ctrl_009/036/f1219/init_points.ply
[prepare] frame 1219 data ready
Dataset generated successfully at: /home/computer0/fly_project/fly_gsplat/ctrl_009/036/f1220
4 cameras loaded
Seed: [ 0.00412102 -0.01407051 -0.00285735]  triangulation residual=0.060 mm
Sampled 10000 points in 2mm sphere
Surviving points (all 4 cameras): 1768
After outlier removal: 1703 points
Saved -> /home/computer0/fly_project/fly_gsplat/ctrl_009/036/f1220/init_points.ply
[prepare] frame 1220 data ready
Dataset generated successfully at: /home/computer0/fly_project/fly_gsplat/ctrl_009/036/f1221
4 cameras loaded
Seed: [ 0.00413292 -0.01403765 -0.00287841]  triangulation residual=0.079 mm
Sampled 10000 points in 2mm sphere
Surviving points (all 4 cameras): 1827
After outlier removal: 1740 points
Saved -> /home/computer0/fly_project/fly_gsplat/ctrl_009/036/f1221/init_points.ply
[prepare] frame 1221 data ready
Dataset generated successfully at: /home/computer0/fly_project/fly_gsplat/ctrl_009/036/f1222
4 cameras loaded
Seed: [ 0.00415195 -0.01401229 -0.00289523]  triangulation residual=0.095 mm
Sampled 10000 points in 2mm sphere
Surviving points (all 4 cameras): 1814
After outlier removal: 1745 points
Saved -> /home/computer0/fly_project/fly_gsplat/ctrl_009/036/f1222/init_points.ply
[prepare] frame 1222 data ready
Dataset generated successfully at: /home/computer0/fly_project/fly_gsplat/ctrl_009/036/f1223
4 cameras loaded
Seed: [ 0.00416868 -0.01399153 -0.00290432]  triangulation residual=0.100 mm
Sampled 10000 points in 2mm sphere
Surviving points (all 4 cameras): 1766
After outlier removal: 1686 points
Saved -> /home/computer0/fly_project/fly_gsplat/ctrl_009/036/f1223/init_points.ply
[prepare] frame 1223 data ready
Dataset generated successfully at: /home/computer0/fly_project/fly_gsplat/ctrl_009/036/f1224
4 cameras loaded
Seed: [ 0.00418591 -0.01396974 -0.00291836]  triangulation residual=0.107 mm
Sampled 10000 points in 2mm sphere
Surviving points (all 4 cameras): 1742
After outlier removal: 1678 points
Saved -> /home/computer0/fly_project/fly_gsplat/ctrl_009/036/f1224/init_points.ply
[prepare] frame 1224 data ready
Dataset generated successfully at: /home/computer0/fly_project/fly_gsplat/ctrl_009/036/f1225
4 cameras loaded
Seed: [ 0.00419787 -0.01395537 -0.00293498]  triangulation residual=0.112 mm
Sampled 10000 points in 2mm sphere
Surviving points (all 4 cameras): 1832
After outlier removal: 1764 points
Saved -> /home/computer0/fly_project/fly_gsplat/ctrl_009/036/f1225/init_points.ply
[prepare] frame 1225 data ready
Dataset generated successfully at: /home/computer0/fly_project/fly_gsplat/ctrl_009/036/f1226
4 cameras loaded
Seed: [ 0.00421197 -0.01394498 -0.00295046]  triangulation residual=0.117 mm
Sampled 10000 points in 2mm sphere
Surviving points (all 4 cameras): 1834
After outlier removal: 1761 points
Saved -> /home/computer0/fly_project/fly_gsplat/ctrl_009/036/f1226/init_points.ply
[prepare] frame 1226 data ready
Dataset generated successfully at: /home/computer0/fly_project/fly_gsplat/ctrl_009/036/f1227
4 cameras loaded
Seed: [ 0.00422249 -0.01393836 -0.00296655]  triangulation residual=0.123 mm
Sampled 10000 points in 2mm sphere
Surviving points (all 4 cameras): 1872
After outlier removal: 1796 points
Saved -> /home/computer0/fly_project/fly_gsplat/ctrl_009/036/f1227/init_points.ply
[prepare] frame 1227 data ready
Dataset generated successfully at: /home/computer0/fly_project/fly_gsplat/ctrl_009/036/f1228
4 cameras loaded
Seed: [ 0.00422927 -0.01392848 -0.00298413]  triangulation residual=0.120 mm
Sampled 10000 points in 2mm sphere
Surviving points (all 4 cameras): 1821
After outlier removal: 1737 points
Saved -> /home/computer0/fly_project/fly_gsplat/ctrl_009/036/f1228/init_points.ply
[prepare] frame 1228 data ready
Dataset generated successfully at: /home/computer0/fly_project/fly_gsplat/ctrl_009/036/f1229
4 cameras loaded
Seed: [ 0.00423438 -0.01392359 -0.00300228]  triangulation residual=0.110 mm
Sampled 10000 points in 2mm sphere
Surviving points (all 4 cameras): 1922
After outlier removal: 1842 points
Saved -> /home/computer0/fly_project/fly_gsplat/ctrl_009/036/f1229/init_points.ply
[prepare] frame 1229 data ready
Dataset generated successfully at: /home/computer0/fly_project/fly_gsplat/ctrl_009/036/f1230
4 cameras loaded
Seed: [ 0.00423726 -0.01392186 -0.00301911]  triangulation residual=0.095 mm
Sampled 10000 points in 2mm sphere
Surviving points (all 4 cameras): 2038
After outlier removal: 1945 points
Saved -> /home/computer0/fly_project/fly_gsplat/ctrl_009/036/f1230/init_points.ply
[prepare] frame 1230 data ready
Dataset generated successfully at: /home/computer0/fly_project/fly_gsplat/ctrl_009/036/f1231
4 cameras loaded
Seed: [ 0.00423517 -0.01393481 -0.00303288]  triangulation residual=0.080 mm
Sampled 10000 points in 2mm sphere
Surviving points (all 4 cameras): 2116
After outlier removal: 2033 points
Saved -> /home/computer0/fly_project/fly_gsplat/ctrl_009/036/f1231/init_points.ply
[prepare] frame 1231 data ready
Dataset generated successfully at: /home/computer0/fly_project/fly_gsplat/ctrl_009/036/f1232
4 cameras loaded
Seed: [ 0.00423389 -0.01394726 -0.0030425 ]  triangulation residual=0.066 mm
Sampled 10000 points in 2mm sphere
Surviving points (all 4 cameras): 2063
After outlier removal: 1985 points
Saved -> /home/computer0/fly_project/fly_gsplat/ctrl_009/036/f1232/init_points.ply
[prepare] frame 1232 data ready
Dataset generated successfully at: /home/computer0/fly_project/fly_gsplat/ctrl_009/036/f1233
4 cameras loaded
Seed: [ 0.00422482 -0.01397239 -0.003035  ]  triangulation residual=0.061 mm
Sampled 10000 points in 2mm sphere
Surviving points (all 4 cameras): 2043
After outlier removal: 1964 points
Saved -> /home/computer0/fly_project/fly_gsplat/ctrl_009/036/f1233/init_points.ply
[prepare] frame 1233 data ready
Dataset generated successfully at: /home/computer0/fly_project/fly_gsplat/ctrl_009/036/f1234
4 cameras loaded
Seed: [ 0.00420672 -0.01401162 -0.00302826]  triangulation residual=0.070 mm
Sampled 10000 points in 2mm sphere
Surviving points (all 4 cameras): 1996
After outlier removal: 1905 points
Saved -> /home/computer0/fly_project/fly_gsplat/ctrl_009/036/f1234/init_points.ply
[prepare] frame 1234 data ready
Dataset generated successfully at: /home/computer0/fly_project/fly_gsplat/ctrl_009/036/f1235
4 cameras loaded
Seed: [ 0.00417931 -0.01405243 -0.00303926]  triangulation residual=0.083 mm
Sampled 10000 points in 2mm sphere
Surviving points (all 4 cameras): 1938
After outlier removal: 1861 points
Saved -> /home/computer0/fly_project/fly_gsplat/ctrl_009/036/f1235/init_points.ply
[prepare] frame 1235 data ready
Dataset generated successfully at: /home/computer0/fly_project/fly_gsplat/ctrl_009/036/f1236
4 cameras loaded
Seed: [ 0.0041398  -0.01409774 -0.00305747]  triangulation residual=0.112 mm
Sampled 10000 points in 2mm sphere
Surviving points (all 4 cameras): 1878
After outlier removal: 1789 points
Saved -> /home/computer0/fly_project/fly_gsplat/ctrl_009/036/f1236/init_points.ply
[prepare] frame 1236 data ready
Dataset generated successfully at: /home/computer0/fly_project/fly_gsplat/ctrl_009/036/f1237
4 cameras loaded
Seed: [ 0.00411395 -0.0141051  -0.00307959]  triangulation residual=0.110 mm
Sampled 10000 points in 2mm sphere
Surviving points (all 4 cameras): 1950
After outlier removal: 1871 points
Saved -> /home/computer0/fly_project/fly_gsplat/ctrl_009/036/f1237/init_points.ply
[prepare] frame 1237 data ready
Dataset generated successfully at: /home/computer0/fly_project/fly_gsplat/ctrl_009/036/f1238
4 cameras loaded
Seed: [ 0.00410305 -0.01408371 -0.00309414]  triangulation residual=0.094 mm
Sampled 10000 points in 2mm sphere
Surviving points (all 4 cameras): 1969
After outlier removal: 1891 points
Saved -> /home/computer0/fly_project/fly_gsplat/ctrl_009/036/f1238/init_points.ply
[prepare] frame 1238 data ready
Dataset generated successfully at: /home/computer0/fly_project/fly_gsplat/ctrl_009/036/f1239
4 cameras loaded
Seed: [ 0.00409467 -0.01406599 -0.00311489]  triangulation residual=0.082 mm
Sampled 10000 points in 2mm sphere
Surviving points (all 4 cameras): 1968
After outlier removal: 1890 points
Saved -> /home/computer0/fly_project/fly_gsplat/ctrl_009/036/f1239/init_points.ply
[prepare] frame 1239 data ready
Dataset generated successfully at: /home/computer0/fly_project/fly_gsplat/ctrl_009/036/f1240
4 cameras loaded
Seed: [ 0.0040991  -0.01405291 -0.00314888]  triangulation residual=0.071 mm
Sampled 10000 points in 2mm sphere
Surviving points (all 4 cameras): 2100
After outlier removal: 2020 points
Saved -> /home/computer0/fly_project/fly_gsplat/ctrl_009/036/f1240/init_points.ply
[prepare] frame 1240 data ready
Dataset generated successfully at: /home/computer0/fly_project/fly_gsplat/ctrl_009/036/f1241
4 cameras loaded
Seed: [ 0.00410711 -0.01404972 -0.00317964]  triangulation residual=0.073 mm
Sampled 10000 points in 2mm sphere
Surviving points (all 4 cameras): 2249
After outlier removal: 2150 points
Saved -> /home/computer0/fly_project/fly_gsplat/ctrl_009/036/f1241/init_points.ply
[prepare] frame 1241 data ready
Dataset generated successfully at: /home/computer0/fly_project/fly_gsplat/ctrl_009/036/f1242
4 cameras loaded
Seed: [ 0.00411602 -0.01405782 -0.00319752]  triangulation residual=0.091 mm
Sampled 10000 points in 2mm sphere
Surviving points (all 4 cameras): 2234
After outlier removal: 2143 points
Saved -> /home/computer0/fly_project/fly_gsplat/ctrl_009/036/f1242/init_points.ply
[prepare] frame 1242 data ready
Dataset generated successfully at: /home/computer0/fly_project/fly_gsplat/ctrl_009/036/f1243
4 cameras loaded
Seed: [ 0.00411285 -0.01406469 -0.00319417]  triangulation residual=0.093 mm
Sampled 10000 points in 2mm sphere
Surviving points (all 4 cameras): 2387
After outlier removal: 2290 points
Saved -> /home/computer0/fly_project/fly_gsplat/ctrl_009/036/f1243/init_points.ply
[prepare] frame 1243 data ready
Dataset generated successfully at: /home/computer0/fly_project/fly_gsplat/ctrl_009/036/f1244
4 cameras loaded
Seed: [ 0.00410114 -0.01406807 -0.00318501]  triangulation residual=0.085 mm
Sampled 10000 points in 2mm sphere
Surviving points (all 4 cameras): 2380
After outlier removal: 2276 points
Saved -> /home/computer0/fly_project/fly_gsplat/ctrl_009/036/f1244/init_points.ply
[prepare] frame 1244 data ready
Dataset generated successfully at: /home/computer0/fly_project/fly_gsplat/ctrl_009/036/f1245
4 cameras loaded
Seed: [ 0.00407818 -0.01407939 -0.00317606]  triangulation residual=0.078 mm
Sampled 10000 points in 2mm sphere
Surviving points (all 4 cameras): 2311
After outlier removal: 2210 points
Saved -> /home/computer0/fly_project/fly_gsplat/ctrl_009/036/f1245/init_points.ply
[prepare] frame 1245 data ready
Dataset generated successfully at: /home/computer0/fly_project/fly_gsplat/ctrl_009/036/f1246
4 cameras loaded
Seed: [ 0.00404766 -0.01410221 -0.00315841]  triangulation residual=0.084 mm
Sampled 10000 points in 2mm sphere
Surviving points (all 4 cameras): 2232
After outlier removal: 2148 points
Saved -> /home/computer0/fly_project/fly_gsplat/ctrl_009/036/f1246/init_points.ply
[prepare] frame 1246 data ready
Dataset generated successfully at: /home/computer0/fly_project/fly_gsplat/ctrl_009/036/f1247
4 cameras loaded
Seed: [ 0.00400774 -0.01412676 -0.0031403 ]  triangulation residual=0.097 mm
Sampled 10000 points in 2mm sphere
Surviving points (all 4 cameras): 2081
After outlier removal: 1997 points
Saved -> /home/computer0/fly_project/fly_gsplat/ctrl_009/036/f1247/init_points.ply
[prepare] frame 1247 data ready
Dataset generated successfully at: /home/computer0/fly_project/fly_gsplat/ctrl_009/036/f1248
4 cameras loaded
Seed: [ 0.0039788  -0.01416397 -0.00312248]  triangulation residual=0.112 mm
Sampled 10000 points in 2mm sphere
Surviving points (all 4 cameras): 1979
After outlier removal: 1904 points
Saved -> /home/computer0/fly_project/fly_gsplat/ctrl_009/036/f1248/init_points.ply
[prepare] frame 1248 data ready
Dataset generated successfully at: /home/computer0/fly_project/fly_gsplat/ctrl_009/036/f1249
4 cameras loaded
Seed: [ 0.0039589  -0.01419686 -0.00310882]  triangulation residual=0.119 mm
Sampled 10000 points in 2mm sphere
Surviving points (all 4 cameras): 1971
After outlier removal: 1892 points
Saved -> /home/computer0/fly_project/fly_gsplat/ctrl_009/036/f1249/init_points.ply
[prepare] frame 1249 data ready
Dataset generated successfully at: /home/computer0/fly_project/fly_gsplat/ctrl_009/036/f1250
4 cameras loaded
Seed: [ 0.00394488 -0.01423688 -0.00309367]  triangulation residual=0.132 mm
Sampled 10000 points in 2mm sphere
Surviving points (all 4 cameras): 1928
After outlier removal: 1853 points
Saved -> /home/computer0/fly_project/fly_gsplat/ctrl_009/036/f1250/init_points.ply
[prepare] frame 1250 data ready
Dataset generated successfully at: /home/computer0/fly_project/fly_gsplat/ctrl_009/036/f1251
4 cameras loaded
Seed: [ 0.0039283  -0.01427484 -0.00308221]  triangulation residual=0.140 mm
Sampled 10000 points in 2mm sphere
Surviving points (all 4 cameras): 1937
After outlier removal: 1843 points
Saved -> /home/computer0/fly_project/fly_gsplat/ctrl_009/036/f1251/init_points.ply
[prepare] frame 1251 data ready
Dataset generated successfully at: /home/computer0/fly_project/fly_gsplat/ctrl_009/036/f1252
4 cameras loaded
Seed: [ 0.00391647 -0.0143163  -0.00307103]  triangulation residual=0.144 mm
Sampled 10000 points in 2mm sphere
Surviving points (all 4 cameras): 1973
After outlier removal: 1892 points
Saved -> /home/computer0/fly_project/fly_gsplat/ctrl_009/036/f1252/init_points.ply
[prepare] frame 1252 data ready
Dataset generated successfully at: /home/computer0/fly_project/fly_gsplat/ctrl_009/036/f1253
4 cameras loaded
Seed: [ 0.00390508 -0.01436713 -0.00305654]  triangulation residual=0.144 mm
Sampled 10000 points in 2mm sphere
Surviving points (all 4 cameras): 1950
After outlier removal: 1868 points
Saved -> /home/computer0/fly_project/fly_gsplat/ctrl_009/036/f1253/init_points.ply
[prepare] frame 1253 data ready
Dataset generated successfully at: /home/computer0/fly_project/fly_gsplat/ctrl_009/036/f1254
4 cameras loaded
Seed: [ 0.00389332 -0.01442093 -0.00303811]  triangulation residual=0.135 mm
Sampled 10000 points in 2mm sphere
Surviving points (all 4 cameras): 1906
After outlier removal: 1829 points
Saved -> /home/computer0/fly_project/fly_gsplat/ctrl_009/036/f1254/init_points.ply
[prepare] frame 1254 data ready
Dataset generated successfully at: /home/computer0/fly_project/fly_gsplat/ctrl_009/036/f1255
4 cameras loaded
Seed: [ 0.00387951 -0.01448012 -0.00301157]  triangulation residual=0.124 mm
Sampled 10000 points in 2mm sphere
Surviving points (all 4 cameras): 1958
After outlier removal: 1871 points
Saved -> /home/computer0/fly_project/fly_gsplat/ctrl_009/036/f1255/init_points.ply
[prepare] frame 1255 data ready
Dataset generated successfully at: /home/computer0/fly_project/fly_gsplat/ctrl_009/036/f1256
4 cameras loaded
Seed: [ 0.00385449 -0.01454162 -0.00298945]  triangulation residual=0.114 mm
Sampled 10000 points in 2mm sphere
Surviving points (all 4 cameras): 1965
After outlier removal: 1884 points
Saved -> /home/computer0/fly_project/fly_gsplat/ctrl_009/036/f1256/init_points.ply
[prepare] frame 1256 data ready
Dataset generated successfully at: /home/computer0/fly_project/fly_gsplat/ctrl_009/036/f1257
4 cameras loaded
Seed: [ 0.00383322 -0.01461075 -0.00295662]  triangulation residual=0.102 mm
Sampled 10000 points in 2mm sphere
Surviving points (all 4 cameras): 1888
After outlier removal: 1807 points
Saved -> /home/computer0/fly_project/fly_gsplat/ctrl_009/036/f1257/init_points.ply
[prepare] frame 1257 data ready
Dataset generated successfully at: /home/computer0/fly_project/fly_gsplat/ctrl_009/036/f1258
4 cameras loaded
Seed: [ 0.00381401 -0.01468327 -0.00292096]  triangulation residual=0.088 mm
Sampled 10000 points in 2mm sphere
Surviving points (all 4 cameras): 1850
After outlier removal: 1770 points
Saved -> /home/computer0/fly_project/fly_gsplat/ctrl_009/036/f1258/init_points.ply
[prepare] frame 1258 data ready
Dataset generated successfully at: /home/computer0/fly_project/fly_gsplat/ctrl_009/036/f1259
4 cameras loaded
Seed: [ 0.0037857  -0.0147526  -0.00289288]  triangulation residual=0.080 mm
Sampled 10000 points in 2mm sphere
Surviving points (all 4 cameras): 1898
After outlier removal: 1813 points
Saved -> /home/computer0/fly_project/fly_gsplat/ctrl_009/036/f1259/init_points.ply
[prepare] frame 1259 data ready
Dataset generated successfully at: /home/computer0/fly_project/fly_gsplat/ctrl_009/036/f1260
4 cameras loaded
Seed: [ 0.00376602 -0.01482563 -0.00286005]  triangulation residual=0.062 mm
Sampled 10000 points in 2mm sphere
Surviving points (all 4 cameras): 1841
After outlier removal: 1773 points
Saved -> /home/computer0/fly_project/fly_gsplat/ctrl_009/036/f1260/init_points.ply
[prepare] frame 1260 data ready
Dataset generated successfully at: /home/computer0/fly_project/fly_gsplat/ctrl_009/036/f1261
4 cameras loaded
Seed: [ 0.00374141 -0.01489934 -0.00282736]  triangulation residual=0.045 mm
Sampled 10000 points in 2mm sphere
Surviving points (all 4 cameras): 1852
After outlier removal: 1771 points
Saved -> /home/computer0/fly_project/fly_gsplat/ctrl_009/036/f1261/init_points.ply
[prepare] frame 1261 data ready
Dataset generated successfully at: /home/computer0/fly_project/fly_gsplat/ctrl_009/036/f1262
4 cameras loaded
Seed: [ 0.00371797 -0.01496891 -0.00279814]  triangulation residual=0.032 mm
Sampled 10000 points in 2mm sphere
Surviving points (all 4 cameras): 1847
After outlier removal: 1775 points
Saved -> /home/computer0/fly_project/fly_gsplat/ctrl_009/036/f1262/init_points.ply
[prepare] frame 1262 data ready
Dataset generated successfully at: /home/computer0/fly_project/fly_gsplat/ctrl_009/036/f1263
4 cameras loaded
Seed: [ 0.00369258 -0.01503758 -0.00277064]  triangulation residual=0.028 mm
Sampled 10000 points in 2mm sphere
Surviving points (all 4 cameras): 1828
After outlier removal: 1751 points
Saved -> /home/computer0/fly_project/fly_gsplat/ctrl_009/036/f1263/init_points.ply
[prepare] frame 1263 data ready
Dataset generated successfully at: /home/computer0/fly_project/fly_gsplat/ctrl_009/036/f1264
4 cameras loaded
Seed: [ 0.00366286 -0.01510491 -0.00274824]  triangulation residual=0.035 mm
Sampled 10000 points in 2mm sphere
Surviving points (all 4 cameras): 1888
After outlier removal: 1807 points
Saved -> /home/computer0/fly_project/fly_gsplat/ctrl_009/036/f1264/init_points.ply
[prepare] frame 1264 data ready
Dataset generated successfully at: /home/computer0/fly_project/fly_gsplat/ctrl_009/036/f1265
4 cameras loaded
Seed: [ 0.00364164 -0.01516962 -0.00273163]  triangulation residual=0.049 mm
Sampled 10000 points in 2mm sphere
Surviving points (all 4 cameras): 1888
After outlier removal: 1805 points
Saved -> /home/computer0/fly_project/fly_gsplat/ctrl_009/036/f1265/init_points.ply
[prepare] frame 1265 data ready
Dataset generated successfully at: /home/computer0/fly_project/fly_gsplat/ctrl_009/036/f1266
4 cameras loaded
Seed: [ 0.00361798 -0.01522924 -0.0027189 ]  triangulation residual=0.061 mm
Sampled 10000 points in 2mm sphere
Surviving points (all 4 cameras): 1942
After outlier removal: 1863 points
Saved -> /home/computer0/fly_project/fly_gsplat/ctrl_009/036/f1266/init_points.ply
[prepare] frame 1266 data ready
Dataset generated successfully at: /home/computer0/fly_project/fly_gsplat/ctrl_009/036/f1267
4 cameras loaded
Seed: [ 0.00359659 -0.0152836  -0.00269949]  triangulation residual=0.076 mm
Sampled 10000 points in 2mm sphere
Surviving points (all 4 cameras): 2042
After outlier removal: 1965 points
Saved -> /home/computer0/fly_project/fly_gsplat/ctrl_009/036/f1267/init_points.ply
[prepare] frame 1267 data ready
Dataset generated successfully at: /home/computer0/fly_project/fly_gsplat/ctrl_009/036/f1268
4 cameras loaded
Seed: [ 0.00356883 -0.01533305 -0.00268667]  triangulation residual=0.091 mm
Sampled 10000 points in 2mm sphere
Surviving points (all 4 cameras): 1976
After outlier removal: 1894 points
Saved -> /home/computer0/fly_project/fly_gsplat/ctrl_009/036/f1268/init_points.ply
[prepare] frame 1268 data ready
Dataset generated successfully at: /home/computer0/fly_project/fly_gsplat/ctrl_009/036/f1269
4 cameras loaded
Seed: [ 0.00354283 -0.01537936 -0.0026776 ]  triangulation residual=0.099 mm
Sampled 10000 points in 2mm sphere
Surviving points (all 4 cameras): 1926
After outlier removal: 1835 points
Saved -> /home/computer0/fly_project/fly_gsplat/ctrl_009/036/f1269/init_points.ply
[prepare] frame 1269 data ready
Dataset generated successfully at: /home/computer0/fly_project/fly_gsplat/ctrl_009/036/f1270
4 cameras loaded
Seed: [ 0.00351576 -0.01541763 -0.00267093]  triangulation residual=0.110 mm
Sampled 10000 points in 2mm sphere
Surviving points (all 4 cameras): 1995
After outlier removal: 1901 points
Saved -> /home/computer0/fly_project/fly_gsplat/ctrl_009/036/f1270/init_points.ply
[prepare] frame 1270 data ready
Dataset generated successfully at: /home/computer0/fly_project/fly_gsplat/ctrl_009/036/f1271
4 cameras loaded
Seed: [ 0.00349852 -0.0154549  -0.00266652]  triangulation residual=0.114 mm
Sampled 10000 points in 2mm sphere
Surviving points (all 4 cameras): 2030
After outlier removal: 1942 points
Saved -> /home/computer0/fly_project/fly_gsplat/ctrl_009/036/f1271/init_points.ply
[prepare] frame 1271 data ready
Dataset generated successfully at: /home/computer0/fly_project/fly_gsplat/ctrl_009/036/f1272
4 cameras loaded
Seed: [ 0.00347354 -0.01548761 -0.00266747]  triangulation residual=0.125 mm
Sampled 10000 points in 2mm sphere
Surviving points (all 4 cameras): 1962
After outlier removal: 1880 points
Saved -> /home/computer0/fly_project/fly_gsplat/ctrl_009/036/f1272/init_points.ply
[prepare] frame 1272 data ready
Dataset generated successfully at: /home/computer0/fly_project/fly_gsplat/ctrl_009/036/f1273
4 cameras loaded
Seed: [ 0.00344824 -0.01551378 -0.00267455]  triangulation residual=0.133 mm
Sampled 10000 points in 2mm sphere
Surviving points (all 4 cameras): 1985
After outlier removal: 1894 points
Saved -> /home/computer0/fly_project/fly_gsplat/ctrl_009/036/f1273/init_points.ply
[prepare] frame 1273 data ready
Dataset generated successfully at: /home/computer0/fly_project/fly_gsplat/ctrl_009/036/f1274
4 cameras loaded
Seed: [ 0.00342686 -0.01554371 -0.00268883]  triangulation residual=0.141 mm
Sampled 10000 points in 2mm sphere
Surviving points (all 4 cameras): 2043
After outlier removal: 1952 points
Saved -> /home/computer0/fly_project/fly_gsplat/ctrl_009/036/f1274/init_points.ply
[prepare] frame 1274 data ready
Dataset generated successfully at: /home/computer0/fly_project/fly_gsplat/ctrl_009/036/f1275
4 cameras loaded
Seed: [ 0.00341454 -0.01557264 -0.0026995 ]  triangulation residual=0.149 mm
Sampled 10000 points in 2mm sphere
Surviving points (all 4 cameras): 2009
After outlier removal: 1932 points
Saved -> /home/computer0/fly_project/fly_gsplat/ctrl_009/036/f1275/init_points.ply
[prepare] frame 1275 data ready
Dataset generated successfully at: /home/computer0/fly_project/fly_gsplat/ctrl_009/036/f1276
4 cameras loaded
Seed: [ 0.00340562 -0.01559866 -0.00271052]  triangulation residual=0.159 mm
Sampled 10000 points in 2mm sphere
Surviving points (all 4 cameras): 1961
After outlier removal: 1885 points
Saved -> /home/computer0/fly_project/fly_gsplat/ctrl_009/036/f1276/init_points.ply
[prepare] frame 1276 data ready
Dataset generated successfully at: /home/computer0/fly_project/fly_gsplat/ctrl_009/036/f1277
4 cameras loaded
Seed: [ 0.00340406 -0.01561098 -0.00271865]  triangulation residual=0.171 mm
Sampled 10000 points in 2mm sphere
Surviving points (all 4 cameras): 1953
After outlier removal: 1863 points
Saved -> /home/computer0/fly_project/fly_gsplat/ctrl_009/036/f1277/init_points.ply
[prepare] frame 1277 data ready
Dataset generated successfully at: /home/computer0/fly_project/fly_gsplat/ctrl_009/036/f1278
4 cameras loaded
Seed: [ 0.00339015 -0.01561679 -0.00273661]  triangulation residual=0.183 mm
Sampled 10000 points in 2mm sphere
Surviving points (all 4 cameras): 1932
After outlier removal: 1855 points
Saved -> /home/computer0/fly_project/fly_gsplat/ctrl_009/036/f1278/init_points.ply
[prepare] frame 1278 data ready
Dataset generated successfully at: /home/computer0/fly_project/fly_gsplat/ctrl_009/036/f1279
4 cameras loaded
Seed: [ 0.00337807 -0.01561069 -0.00275823]  triangulation residual=0.197 mm
Sampled 10000 points in 2mm sphere
Surviving points (all 4 cameras): 1892
After outlier removal: 1811 points
Saved -> /home/computer0/fly_project/fly_gsplat/ctrl_009/036/f1279/init_points.ply
[prepare] frame 1279 data ready
Dataset generated successfully at: /home/computer0/fly_project/fly_gsplat/ctrl_009/036/f1280
4 cameras loaded
Seed: [ 0.00333828 -0.01560324 -0.00278359]  triangulation residual=0.206 mm
Sampled 10000 points in 2mm sphere
Surviving points (all 4 cameras): 1849
After outlier removal: 1778 points
Saved -> /home/computer0/fly_project/fly_gsplat/ctrl_009/036/f1280/init_points.ply
[prepare] frame 1280 data ready
Dataset generated successfully at: /home/computer0/fly_project/fly_gsplat/ctrl_009/036/f1281
4 cameras loaded
Seed: [ 0.00329241 -0.01561423 -0.00280198]  triangulation residual=0.199 mm
Sampled 10000 points in 2mm sphere
Surviving points (all 4 cameras): 1942
After outlier removal: 1865 points
Saved -> /home/computer0/fly_project/fly_gsplat/ctrl_009/036/f1281/init_points.ply
[prepare] frame 1281 data ready
Dataset generated successfully at: /home/computer0/fly_project/fly_gsplat/ctrl_009/036/f1282
4 cameras loaded
Seed: [ 0.0032653  -0.01563724 -0.00281401]  triangulation residual=0.185 mm
Sampled 10000 points in 2mm sphere
Surviving points (all 4 cameras): 1937
After outlier removal: 1854 points
Saved -> /home/computer0/fly_project/fly_gsplat/ctrl_009/036/f1282/init_points.ply
[prepare] frame 1282 data ready
Dataset generated successfully at: /home/computer0/fly_project/fly_gsplat/ctrl_009/036/f1283
4 cameras loaded
Seed: [ 0.00325158 -0.01564918 -0.00282116]  triangulation residual=0.174 mm
Sampled 10000 points in 2mm sphere
Surviving points (all 4 cameras): 2038
After outlier removal: 1955 points
Saved -> /home/computer0/fly_project/fly_gsplat/ctrl_009/036/f1283/init_points.ply
[prepare] frame 1283 data ready
Dataset generated successfully at: /home/computer0/fly_project/fly_gsplat/ctrl_009/036/f1284
4 cameras loaded
Seed: [ 0.00324941 -0.0156531  -0.00281867]  triangulation residual=0.183 mm
Sampled 10000 points in 2mm sphere
Surviving points (all 4 cameras): 2036
After outlier removal: 1955 points
Saved -> /home/computer0/fly_project/fly_gsplat/ctrl_009/036/f1284/init_points.ply
[prepare] frame 1284 data ready
Dataset generated successfully at: /home/computer0/fly_project/fly_gsplat/ctrl_009/036/f1285
4 cameras loaded
Seed: [ 0.00324682 -0.01566045 -0.00280961]  triangulation residual=0.188 mm
Sampled 10000 points in 2mm sphere
Surviving points (all 4 cameras): 1964
After outlier removal: 1879 points
Saved -> /home/computer0/fly_project/fly_gsplat/ctrl_009/036/f1285/init_points.ply
[prepare] frame 1285 data ready
Dataset generated successfully at: /home/computer0/fly_project/fly_gsplat/ctrl_009/036/f1286
4 cameras loaded
Seed: [ 0.0032535  -0.01569128 -0.00277725]  triangulation residual=0.164 mm
Sampled 10000 points in 2mm sphere
Surviving points (all 4 cameras): 2046
After outlier removal: 1961 points
Saved -> /home/computer0/fly_project/fly_gsplat/ctrl_009/036/f1286/init_points.ply
[prepare] frame 1286 data ready
Dataset generated successfully at: /home/computer0/fly_project/fly_gsplat/ctrl_009/036/f1287
4 cameras loaded
Seed: [ 0.00326076 -0.01571593 -0.00273544]  triangulation residual=0.145 mm
Sampled 10000 points in 2mm sphere
Surviving points (all 4 cameras): 2025
After outlier removal: 1944 points
Saved -> /home/computer0/fly_project/fly_gsplat/ctrl_009/036/f1287/init_points.ply
[prepare] frame 1287 data ready
Dataset generated successfully at: /home/computer0/fly_project/fly_gsplat/ctrl_009/036/f1288
4 cameras loaded
Seed: [ 0.00327134 -0.01572731 -0.00269174]  triangulation residual=0.136 mm
Sampled 10000 points in 2mm sphere
Surviving points (all 4 cameras): 2154
After outlier removal: 2070 points
Saved -> /home/computer0/fly_project/fly_gsplat/ctrl_009/036/f1288/init_points.ply
[prepare] frame 1288 data ready
Dataset generated successfully at: /home/computer0/fly_project/fly_gsplat/ctrl_009/036/f1289
4 cameras loaded
Seed: [ 0.00328307 -0.01572098 -0.00265284]  triangulation residual=0.134 mm
Sampled 10000 points in 2mm sphere
Surviving points (all 4 cameras): 2123
After outlier removal: 2036 points
Saved -> /home/computer0/fly_project/fly_gsplat/ctrl_009/036/f1289/init_points.ply
[prepare] frame 1289 data ready
Dataset generated successfully at: /home/computer0/fly_project/fly_gsplat/ctrl_009/036/f1290
4 cameras loaded
Seed: [ 0.00330118 -0.01568944 -0.0026116 ]  triangulation residual=0.133 mm
Sampled 10000 points in 2mm sphere
Surviving points (all 4 cameras): 2140
After outlier removal: 2054 points
Saved -> /home/computer0/fly_project/fly_gsplat/ctrl_009/036/f1290/init_points.ply
[prepare] frame 1290 data ready
Dataset generated successfully at: /home/computer0/fly_project/fly_gsplat/ctrl_009/036/f1291
4 cameras loaded
Seed: [ 0.00332573 -0.01564783 -0.00258449]  triangulation residual=0.133 mm
Sampled 10000 points in 2mm sphere
Surviving points (all 4 cameras): 2070
After outlier removal: 1988 points
Saved -> /home/computer0/fly_project/fly_gsplat/ctrl_009/036/f1291/init_points.ply
[prepare] frame 1291 data ready
Dataset generated successfully at: /home/computer0/fly_project/fly_gsplat/ctrl_009/036/f1292
4 cameras loaded
Seed: [ 0.0033589  -0.01559271 -0.00257456]  triangulation residual=0.122 mm
Sampled 10000 points in 2mm sphere
Surviving points (all 4 cameras): 2000
After outlier removal: 1913 points
Saved -> /home/computer0/fly_project/fly_gsplat/ctrl_009/036/f1292/init_points.ply
[prepare] frame 1292 data ready
Dataset generated successfully at: /home/computer0/fly_project/fly_gsplat/ctrl_009/036/f1293
4 cameras loaded
Seed: [ 0.00339706 -0.01555134 -0.00257456]  triangulation residual=0.111 mm
Sampled 10000 points in 2mm sphere
Surviving points (all 4 cameras): 1947
After outlier removal: 1874 points
Saved -> /home/computer0/fly_project/fly_gsplat/ctrl_009/036/f1293/init_points.ply
[prepare] frame 1293 data ready
Dataset generated successfully at: /home/computer0/fly_project/fly_gsplat/ctrl_009/036/f1294
4 cameras loaded
Seed: [ 0.00344642 -0.01552461 -0.00257104]  triangulation residual=0.092 mm
Sampled 10000 points in 2mm sphere
Surviving points (all 4 cameras): 1788
After outlier removal: 1716 points
Saved -> /home/computer0/fly_project/fly_gsplat/ctrl_009/036/f1294/init_points.ply
[prepare] frame 1294 data ready
Dataset generated successfully at: /home/computer0/fly_project/fly_gsplat/ctrl_009/036/f1295
4 cameras loaded
Seed: [ 0.00347372 -0.01548165 -0.002582  ]  triangulation residual=0.067 mm
Sampled 10000 points in 2mm sphere
Surviving points (all 4 cameras): 1915
After outlier removal: 1852 points
Saved -> /home/computer0/fly_project/fly_gsplat/ctrl_009/036/f1295/init_points.ply
[prepare] frame 1295 data ready
Dataset generated successfully at: /home/computer0/fly_project/fly_gsplat/ctrl_009/036/f1296
4 cameras loaded
Seed: [ 0.00349236 -0.01542878 -0.00259352]  triangulation residual=0.037 mm
Sampled 10000 points in 2mm sphere
Surviving points (all 4 cameras): 1899
After outlier removal: 1816 points
Saved -> /home/computer0/fly_project/fly_gsplat/ctrl_009/036/f1296/init_points.ply
[prepare] frame 1296 data ready
Dataset generated successfully at: /home/computer0/fly_project/fly_gsplat/ctrl_009/036/f1297
4 cameras loaded
Seed: [ 0.00351412 -0.0153857  -0.00261477]  triangulation residual=0.016 mm
Sampled 10000 points in 2mm sphere
Surviving points (all 4 cameras): 1846
After outlier removal: 1775 points
Saved -> /home/computer0/fly_project/fly_gsplat/ctrl_009/036/f1297/init_points.ply
[prepare] frame 1297 data ready
Dataset generated successfully at: /home/computer0/fly_project/fly_gsplat/ctrl_009/036/f1298
4 cameras loaded
Seed: [ 0.00352837 -0.01534694 -0.00263621]  triangulation residual=0.025 mm
Sampled 10000 points in 2mm sphere
[22:33:40]  Be careful with '--eval-mode=all'. If using camera optimization, the cameras    nerfstudio_dataparser.py:216
           may diverge in the current implementation, giving unpredictable results.                                     
            Be careful with '--eval-mode=all'. If using camera optimization, the cameras    nerfstudio_dataparser.py:216
           may diverge in the current implementation, giving unpredictable results.                                     
[22:33:40]  Be careful with '--eval-mode=all'. If using camera optimization, the cameras    nerfstudio_dataparser.py:216
           may diverge in the current implementation, giving unpredictable results.                                     
            Be careful with '--eval-mode=all'. If using camera optimization, the cameras    nerfstudio_dataparser.py:216
           may diverge in the current implementation, giving unpredictable results.                                     
[22:33:40]  Be careful with '--eval-mode=all'. If using camera optimization, the cameras    nerfstudio_dataparser.py:216
           may diverge in the current implementation, giving unpredictable results.                                     
            Be careful with '--eval-mode=all'. If using camera optimization, the cameras    nerfstudio_dataparser.py:216
           may diverge in the current implementation, giving unpredictable results.                                     
           use color only optimization with sigmoid activation                                         splatfacto.py:266
           use color only optimization with sigmoid activation                                         splatfacto.py:266
           use color only optimization with sigmoid activation                                         splatfacto.py:266
[22:33:40]  Be careful with '--eval-mode=all'. If using camera optimization, the cameras    nerfstudio_dataparser.py:216
           may diverge in the current implementation, giving unpredictable results.                                     
            Be careful with '--eval-mode=all'. If using camera optimization, the cameras    nerfstudio_dataparser.py:216
           may diverge in the current implementation, giving unpredictable results.                                     
[22:33:40]  Be careful with '--eval-mode=all'. If using camera optimization, the cameras    nerfstudio_dataparser.py:216
           may diverge in the current implementation, giving unpredictable results.                                     
            Be careful with '--eval-mode=all'. If using camera optimization, the cameras    nerfstudio_dataparser.py:216
           may diverge in the current implementation, giving unpredictable results.                                     
[22:33:40]  Be careful with '--eval-mode=all'. If using camera optimization, the cameras    nerfstudio_dataparser.py:216
           may diverge in the current implementation, giving unpredictable results.                                     
            Be careful with '--eval-mode=all'. If using camera optimization, the cameras    nerfstudio_dataparser.py:216
           may diverge in the current implementation, giving unpredictable results.                                     
[22:33:40]  Be careful with '--eval-mode=all'. If using camera optimization, the cameras    nerfstudio_dataparser.py:216
           may diverge in the current implementation, giving unpredictable results.                                     
            Be careful with '--eval-mode=all'. If using camera optimization, the cameras    nerfstudio_dataparser.py:216
           may diverge in the current implementation, giving unpredictable results.                                     
           use color only optimization with sigmoid activation                                         splatfacto.py:266
           use color only optimization with sigmoid activation                                         splatfacto.py:266
[22:33:41] use color only optimization with sigmoid activation                                         splatfacto.py:266
[22:33:41] use color only optimization with sigmoid activation                                         splatfacto.py:266
Loading latest checkpoint from load_dir
✅ Done loading checkpoint from 
outputs/ctrl_009_036_ratio3_sh0_dense_mid200/ratio3_sh0_dense/f1110/splatfacto/2026-08-20_223155/nerfstudio_models/step-
000001999.ckpt
0 Gaussians have NaN/Inf and 3 have low opacity, only export 740/743
[22:33:41]  Be careful with '--eval-mode=all'. If using camera optimization, the cameras    nerfstudio_dataparser.py:216
           may diverge in the current implementation, giving unpredictable results.                                     
            Be careful with '--eval-mode=all'. If using camera optimization, the cameras    nerfstudio_dataparser.py:216
           may diverge in the current implementation, giving unpredictable results.                                     
Loading latest checkpoint from load_dir
Loading latest checkpoint from load_dir
           use color only optimization with sigmoid activation                                         splatfacto.py:266
✅ Done loading checkpoint from 
outputs/ctrl_009_036_ratio3_sh0_dense_mid200/ratio3_sh0_dense/f1111/splatfacto/2026-08-20_223155/nerfstudio_models/step-
000001999.ckpt
✅ Done loading checkpoint from 
outputs/ctrl_009_036_ratio3_sh0_dense_mid200/ratio3_sh0_dense/f1106/splatfacto/2026-08-20_223155/nerfstudio_models/step-
000001999.ckpt
0 Gaussians have NaN/Inf and 4 have low opacity, only export 716/720
0 Gaussians have NaN/Inf and 2 have low opacity, only export 842/844
Loading latest checkpoint from load_dir
✅ Done loading checkpoint from 
outputs/ctrl_009_036_ratio3_sh0_dense_mid200/ratio3_sh0_dense/f1104/splatfacto/2026-08-20_223155/nerfstudio_models/step-
000001999.ckpt
[22:33:41]  Be careful with '--eval-mode=all'. If using camera optimization, the cameras    nerfstudio_dataparser.py:216
           may diverge in the current implementation, giving unpredictable results.                                     
            Be careful with '--eval-mode=all'. If using camera optimization, the cameras    nerfstudio_dataparser.py:216
           may diverge in the current implementation, giving unpredictable results.                                     
0 Gaussians have NaN/Inf and 2 have low opacity, only export 894/896
[22:33:41]  Be careful with '--eval-mode=all'. If using camera optimization, the cameras    nerfstudio_dataparser.py:216
           may diverge in the current implementation, giving unpredictable results.                                     
            Be careful with '--eval-mode=all'. If using camera optimization, the cameras    nerfstudio_dataparser.py:216
           may diverge in the current implementation, giving unpredictable results.                                     
Loading latest checkpoint from load_dir
[22:33:41]  Be careful with '--eval-mode=all'. If using camera optimization, the cameras    nerfstudio_dataparser.py:216
           may diverge in the current implementation, giving unpredictable results.                                     
✅ Done loading checkpoint from 
outputs/ctrl_009_036_ratio3_sh0_dense_mid200/ratio3_sh0_dense/f1109/splatfacto/2026-08-20_223156/nerfstudio_models/step-
000001999.ckpt
            Be careful with '--eval-mode=all'. If using camera optimization, the cameras    nerfstudio_dataparser.py:216
           may diverge in the current implementation, giving unpredictable results.                                     
0 Gaussians have NaN/Inf and 2 have low opacity, only export 789/791
Loading latest checkpoint from load_dir
✅ Done loading checkpoint from 
outputs/ctrl_009_036_ratio3_sh0_dense_mid200/ratio3_sh0_dense/f1107/splatfacto/2026-08-20_223156/nerfstudio_models/step-
000001999.ckpt
[22:33:42] use color only optimization with sigmoid activation                                         splatfacto.py:266
[22:33:42] use color only optimization with sigmoid activation                                         splatfacto.py:266
Loading latest checkpoint from load_dir
✅ Done loading checkpoint from 
outputs/ctrl_009_036_ratio3_sh0_dense_mid200/ratio3_sh0_dense/f1108/splatfacto/2026-08-20_223155/nerfstudio_models/step-
000001999.ckpt
[22:33:42] use color only optimization with sigmoid activation                                         splatfacto.py:266
[22:33:42]  Be careful with '--eval-mode=all'. If using camera optimization, the cameras    nerfstudio_dataparser.py:216
           may diverge in the current implementation, giving unpredictable results.                                     
            Be careful with '--eval-mode=all'. If using camera optimization, the cameras    nerfstudio_dataparser.py:216
           may diverge in the current implementation, giving unpredictable results.                                     
           use color only optimization with sigmoid activation                                         splatfacto.py:266
Loading latest checkpoint from load_dir
✅ Done loading checkpoint from 
outputs/ctrl_009_036_ratio3_sh0_dense_mid200/ratio3_sh0_dense/f1100/splatfacto/2026-08-20_223155/nerfstudio_models/step-
000001999.ckpt
0 Gaussians have NaN/Inf and 1 have low opacity, only export 845/846
Loading latest checkpoint from load_dir
Loading latest checkpoint from load_dir
✅ Done loading checkpoint from 
outputs/ctrl_009_036_ratio3_sh0_dense_mid200/ratio3_sh0_dense/f1101/splatfacto/2026-08-20_223156/nerfstudio_models/step-
000001999.ckpt
✅ Done loading checkpoint from 
outputs/ctrl_009_036_ratio3_sh0_dense_mid200/ratio3_sh0_dense/f1103/splatfacto/2026-08-20_223157/nerfstudio_models/step-
000001999.ckpt
0 Gaussians have NaN/Inf and 3 have low opacity, only export 853/856
0 Gaussians have NaN/Inf and 3 have low opacity, only export 851/854
Loading latest checkpoint from load_dir
✅ Done loading checkpoint from 
outputs/ctrl_009_036_ratio3_sh0_dense_mid200/ratio3_sh0_dense/f1105/splatfacto/2026-08-20_223156/nerfstudio_models/step-
000001999.ckpt
0 Gaussians have NaN/Inf and 2 have low opacity, only export 897/899
Loading latest checkpoint from load_dir
✅ Done loading checkpoint from 
outputs/ctrl_009_036_ratio3_sh0_dense_mid200/ratio3_sh0_dense/f1102/splatfacto/2026-08-20_223157/nerfstudio_models/step-
000001999.ckpt
[gpu1_w0] ratio3_sh0_dense__f1110 -> ok (109.8s)
0 Gaussians have NaN/Inf and 1 have low opacity, only export 951/952
[gpu1_w4] ratio3_sh0_dense__f1111 -> ok (110.1s)
[gpu0_w4] ratio3_sh0_dense__f1106 -> ok (110.2s)
[gpu0_w2] ratio3_sh0_dense__f1104 -> ok (110.2s)
[gpu1_w2] ratio3_sh0_dense__f1109 -> ok (110.4s)
[gpu1_w5] ratio3_sh0_dense__f1107 -> ok (110.5s)
[gpu1_w3] ratio3_sh0_dense__f1108 -> ok (110.5s)
[gpu0_w0] ratio3_sh0_dense__f1100 -> ok (111.0s)
[gpu1_w1] ratio3_sh0_dense__f1101 -> ok (111.4s)
[gpu0_w3] ratio3_sh0_dense__f1103 -> ok (111.5s)
[gpu0_w5] ratio3_sh0_dense__f1105 -> ok (111.5s)
[gpu0_w1] ratio3_sh0_dense__f1102 -> ok (111.7s)
[22:35:37]  Be careful with '--eval-mode=all'. If using camera optimization, the cameras    nerfstudio_dataparser.py:216
           may diverge in the current implementation, giving unpredictable results.                                     
            Be careful with '--eval-mode=all'. If using camera optimization, the cameras    nerfstudio_dataparser.py:216
           may diverge in the current implementation, giving unpredictable results.                                     
[22:35:37]  Be careful with '--eval-mode=all'. If using camera optimization, the cameras    nerfstudio_dataparser.py:216
           may diverge in the current implementation, giving unpredictable results.                                     
            Be careful with '--eval-mode=all'. If using camera optimization, the cameras    nerfstudio_dataparser.py:216
           may diverge in the current implementation, giving unpredictable results.                                     
           use color only optimization with sigmoid activation                                         splatfacto.py:266
           use color only optimization with sigmoid activation                                         splatfacto.py:266
[22:35:38]  Be careful with '--eval-mode=all'. If using camera optimization, the cameras    nerfstudio_dataparser.py:216
           may diverge in the current implementation, giving unpredictable results.                                     
            Be careful with '--eval-mode=all'. If using camera optimization, the cameras    nerfstudio_dataparser.py:216
           may diverge in the current implementation, giving unpredictable results.                                     
Loading latest checkpoint from load_dir
✅ Done loading checkpoint from 
outputs/ctrl_009_036_ratio3_sh0_dense_mid200/ratio3_sh0_dense/f1118/splatfacto/2026-08-20_223353/nerfstudio_models/step-
000001999.ckpt
0 Gaussians have NaN/Inf and 5 have low opacity, only export 695/700
           use color only optimization with sigmoid activation                                         splatfacto.py:266
Loading latest checkpoint from load_dir
✅ Done loading checkpoint from 
outputs/ctrl_009_036_ratio3_sh0_dense_mid200/ratio3_sh0_dense/f1114/splatfacto/2026-08-20_223354/nerfstudio_models/step-
000001999.ckpt
0 Gaussians have NaN/Inf and 1 have low opacity, only export 763/764
[22:35:38]  Be careful with '--eval-mode=all'. If using camera optimization, the cameras    nerfstudio_dataparser.py:216
           may diverge in the current implementation, giving unpredictable results.                                     
            Be careful with '--eval-mode=all'. If using camera optimization, the cameras    nerfstudio_dataparser.py:216
           may diverge in the current implementation, giving unpredictable results.                                     
[22:35:39] use color only optimization with sigmoid activation                                         splatfacto.py:266
Loading latest checkpoint from load_dir
✅ Done loading checkpoint from 
outputs/ctrl_009_036_ratio3_sh0_dense_mid200/ratio3_sh0_dense/f1117/splatfacto/2026-08-20_223354/nerfstudio_models/step-
000001999.ckpt
0 Gaussians have NaN/Inf and 2 have low opacity, only export 730/732
[22:35:39]  Be careful with '--eval-mode=all'. If using camera optimization, the cameras    nerfstudio_dataparser.py:216
           may diverge in the current implementation, giving unpredictable results.                                     
            Be careful with '--eval-mode=all'. If using camera optimization, the cameras    nerfstudio_dataparser.py:216
           may diverge in the current implementation, giving unpredictable results.                                     
[22:35:39]  Be careful with '--eval-mode=all'. If using camera optimization, the cameras    nerfstudio_dataparser.py:216
           may diverge in the current implementation, giving unpredictable results.                                     
            Be careful with '--eval-mode=all'. If using camera optimization, the cameras    nerfstudio_dataparser.py:216
           may diverge in the current implementation, giving unpredictable results.                                     
[22:35:39]  Be careful with '--eval-mode=all'. If using camera optimization, the cameras    nerfstudio_dataparser.py:216
           may diverge in the current implementation, giving unpredictable results.                                     
            Be careful with '--eval-mode=all'. If using camera optimization, the cameras    nerfstudio_dataparser.py:216
           may diverge in the current implementation, giving unpredictable results.                                     
           use color only optimization with sigmoid activation                                         splatfacto.py:266
[22:35:39]  Be careful with '--eval-mode=all'. If using camera optimization, the cameras    nerfstudio_dataparser.py:216
           may diverge in the current implementation, giving unpredictable results.                                     
            Be careful with '--eval-mode=all'. If using camera optimization, the cameras    nerfstudio_dataparser.py:216
           may diverge in the current implementation, giving unpredictable results.                                     
           use color only optimization with sigmoid activation                                         splatfacto.py:266
[22:35:39]  Be careful with '--eval-mode=all'. If using camera optimization, the cameras    nerfstudio_dataparser.py:216
           may diverge in the current implementation, giving unpredictable results.                                     
[22:35:39]  Be careful with '--eval-mode=all'. If using camera optimization, the cameras    nerfstudio_dataparser.py:216
           may diverge in the current implementation, giving unpredictable results.                                     
            Be careful with '--eval-mode=all'. If using camera optimization, the cameras    nerfstudio_dataparser.py:216
           may diverge in the current implementation, giving unpredictable results.                                     
            Be careful with '--eval-mode=all'. If using camera optimization, the cameras    nerfstudio_dataparser.py:216
           may diverge in the current implementation, giving unpredictable results.                                     
           use color only optimization with sigmoid activation                                         splatfacto.py:266
Loading latest checkpoint from load_dir
✅ Done loading checkpoint from 
outputs/ctrl_009_036_ratio3_sh0_dense_mid200/ratio3_sh0_dense/f1115/splatfacto/2026-08-20_223354/nerfstudio_models/step-
000001999.ckpt
0 Gaussians have NaN/Inf and 1 have low opacity, only export 766/767
[22:35:40] use color only optimization with sigmoid activation                                         splatfacto.py:266
[22:35:40] use color only optimization with sigmoid activation                                         splatfacto.py:266
[22:35:40] use color only optimization with sigmoid activation                                         splatfacto.py:266
[22:35:40]  Be careful with '--eval-mode=all'. If using camera optimization, the cameras    nerfstudio_dataparser.py:216
           may diverge in the current implementation, giving unpredictable results.                                     
            Be careful with '--eval-mode=all'. If using camera optimization, the cameras    nerfstudio_dataparser.py:216
           may diverge in the current implementation, giving unpredictable results.                                     
[gpu1_w3] ratio3_sh0_dense__f1118 -> ok (107.3s)
[gpu0_w4] ratio3_sh0_dense__f1114 -> ok (107.7s)
           use color only optimization with sigmoid activation                                         splatfacto.py:266
[22:35:40]  Be careful with '--eval-mode=all'. If using camera optimization, the cameras    nerfstudio_dataparser.py:216
           may diverge in the current implementation, giving unpredictable results.                                     
            Be careful with '--eval-mode=all'. If using camera optimization, the cameras    nerfstudio_dataparser.py:216
           may diverge in the current implementation, giving unpredictable results.                                     
Loading latest checkpoint from load_dir
✅ Done loading checkpoint from 
outputs/ctrl_009_036_ratio3_sh0_dense_mid200/ratio3_sh0_dense/f1123/splatfacto/2026-08-20_223355/nerfstudio_models/step-
000001999.ckpt
0 Gaussians have NaN/Inf and 3 have low opacity, only export 659/662
Loading latest checkpoint from load_dir
✅ Done loading checkpoint from 
outputs/ctrl_009_036_ratio3_sh0_dense_mid200/ratio3_sh0_dense/f1116/splatfacto/2026-08-20_223355/nerfstudio_models/step-
000001999.ckpt
0 Gaussians have NaN/Inf and 2 have low opacity, only export 767/769
Loading latest checkpoint from load_dir
✅ Done loading checkpoint from 
outputs/ctrl_009_036_ratio3_sh0_dense_mid200/ratio3_sh0_dense/f1119/splatfacto/2026-08-20_223354/nerfstudio_models/step-
000001999.ckpt
Loading latest checkpoint from load_dir
0 Gaussians have NaN/Inf and 4 have low opacity, only export 690/694
           use color only optimization with sigmoid activation                                         splatfacto.py:266
✅ Done loading checkpoint from 
outputs/ctrl_009_036_ratio3_sh0_dense_mid200/ratio3_sh0_dense/f1120/splatfacto/2026-08-20_223355/nerfstudio_models/step-
000001999.ckpt
0 Gaussians have NaN/Inf and 3 have low opacity, only export 643/646
Loading latest checkpoint from load_dir
✅ Done loading checkpoint from 
outputs/ctrl_009_036_ratio3_sh0_dense_mid200/ratio3_sh0_dense/f1112/splatfacto/2026-08-20_223355/nerfstudio_models/step-
000001999.ckpt
0 Gaussians have NaN/Inf and 3 have low opacity, only export 759/762
Loading latest checkpoint from load_dir
✅ Done loading checkpoint from 
outputs/ctrl_009_036_ratio3_sh0_dense_mid200/ratio3_sh0_dense/f1121/splatfacto/2026-08-20_223356/nerfstudio_models/step-
000001999.ckpt
0 Gaussians have NaN/Inf and 3 have low opacity, only export 684/687
[gpu1_w5] ratio3_sh0_dense__f1117 -> ok (108.2s)
Loading latest checkpoint from load_dir
✅ Done loading checkpoint from 
outputs/ctrl_009_036_ratio3_sh0_dense_mid200/ratio3_sh0_dense/f1113/splatfacto/2026-08-20_223355/nerfstudio_models/step-
000001999.ckpt
0 Gaussians have NaN/Inf and 4 have low opacity, only export 813/817
Loading latest checkpoint from load_dir
✅ Done loading checkpoint from 
outputs/ctrl_009_036_ratio3_sh0_dense_mid200/ratio3_sh0_dense/f1122/splatfacto/2026-08-20_223356/nerfstudio_models/step-
000001999.ckpt
0 Gaussians have NaN/Inf and 8 have low opacity, only export 688/696
[gpu0_w2] ratio3_sh0_dense__f1115 -> ok (109.2s)
[gpu0_w1] ratio3_sh0_dense__f1123 -> ok (108.4s)
[gpu0_w0] ratio3_sh0_dense__f1119 -> ok (109.3s)
[gpu0_w3] ratio3_sh0_dense__f1121 -> ok (108.7s)
[gpu1_w2] ratio3_sh0_dense__f1116 -> ok (109.9s)
[gpu1_w0] ratio3_sh0_dense__f1112 -> ok (110.5s)
[gpu1_w1] ratio3_sh0_dense__f1120 -> ok (109.0s)
[gpu1_w4] ratio3_sh0_dense__f1113 -> ok (110.5s)
[gpu0_w5] ratio3_sh0_dense__f1122 -> ok (109.3s)
[22:37:30]  Be careful with '--eval-mode=all'. If using camera optimization, the cameras    nerfstudio_dataparser.py:216
           may diverge in the current implementation, giving unpredictable results.                                     
            Be careful with '--eval-mode=all'. If using camera optimization, the cameras    nerfstudio_dataparser.py:216
           may diverge in the current implementation, giving unpredictable results.                                     
[22:37:31] use color only optimization with sigmoid activation                                         splatfacto.py:266
Loading latest checkpoint from load_dir
✅ Done loading checkpoint from 
outputs/ctrl_009_036_ratio3_sh0_dense_mid200/ratio3_sh0_dense/f1125/splatfacto/2026-08-20_223548/nerfstudio_models/step-
000001999.ckpt
0 Gaussians have NaN/Inf and 3 have low opacity, only export 733/736
[22:37:32]  Be careful with '--eval-mode=all'. If using camera optimization, the cameras    nerfstudio_dataparser.py:216
           may diverge in the current implementation, giving unpredictable results.                                     
            Be careful with '--eval-mode=all'. If using camera optimization, the cameras    nerfstudio_dataparser.py:216
           may diverge in the current implementation, giving unpredictable results.                                     
           use color only optimization with sigmoid activation                                         splatfacto.py:266
[22:37:32]  Be careful with '--eval-mode=all'. If using camera optimization, the cameras    nerfstudio_dataparser.py:216
           may diverge in the current implementation, giving unpredictable results.                                     
            Be careful with '--eval-mode=all'. If using camera optimization, the cameras    nerfstudio_dataparser.py:216
           may diverge in the current implementation, giving unpredictable results.                                     
[22:37:33] use color only optimization with sigmoid activation                                         splatfacto.py:266
[22:37:33]  Be careful with '--eval-mode=all'. If using camera optimization, the cameras    nerfstudio_dataparser.py:216
           may diverge in the current implementation, giving unpredictable results.                                     
            Be careful with '--eval-mode=all'. If using camera optimization, the cameras    nerfstudio_dataparser.py:216
           may diverge in the current implementation, giving unpredictable results.                                     
[22:37:33]  Be careful with '--eval-mode=all'. If using camera optimization, the cameras    nerfstudio_dataparser.py:216
           may diverge in the current implementation, giving unpredictable results.                                     
            Be careful with '--eval-mode=all'. If using camera optimization, the cameras    nerfstudio_dataparser.py:216
           may diverge in the current implementation, giving unpredictable results.                                     
           use color only optimization with sigmoid activation                                         splatfacto.py:266
Loading latest checkpoint from load_dir
✅ Done loading checkpoint from 
outputs/ctrl_009_036_ratio3_sh0_dense_mid200/ratio3_sh0_dense/f1126/splatfacto/2026-08-20_223549/nerfstudio_models/step-
000001999.ckpt
0 Gaussians have NaN/Inf and 2 have low opacity, only export 724/726
           use color only optimization with sigmoid activation                                         splatfacto.py:266
Loading latest checkpoint from load_dir
✅ Done loading checkpoint from 
outputs/ctrl_009_036_ratio3_sh0_dense_mid200/ratio3_sh0_dense/f1129/splatfacto/2026-08-20_223550/nerfstudio_models/step-
000001999.ckpt
[gpu0_w4] ratio3_sh0_dense__f1125 -> ok (106.5s)
[22:37:34]  Be careful with '--eval-mode=all'. If using camera optimization, the cameras    nerfstudio_dataparser.py:216
           may diverge in the current implementation, giving unpredictable results.                                     
            Be careful with '--eval-mode=all'. If using camera optimization, the cameras    nerfstudio_dataparser.py:216
           may diverge in the current implementation, giving unpredictable results.                                     
           use color only optimization with sigmoid activation                                         splatfacto.py:266
Loading latest checkpoint from load_dir
✅ Done loading checkpoint from 
outputs/ctrl_009_036_ratio3_sh0_dense_mid200/ratio3_sh0_dense/f1124/splatfacto/2026-08-20_223549/nerfstudio_models/step-
000001999.ckpt
0 Gaussians have NaN/Inf and 3 have low opacity, only export 712/715
[22:37:34]  Be careful with '--eval-mode=all'. If using camera optimization, the cameras    nerfstudio_dataparser.py:216
           may diverge in the current implementation, giving unpredictable results.                                     
            Be careful with '--eval-mode=all'. If using camera optimization, the cameras    nerfstudio_dataparser.py:216
           may diverge in the current implementation, giving unpredictable results.                                     
Loading latest checkpoint from load_dir
✅ Done loading checkpoint from 
outputs/ctrl_009_036_ratio3_sh0_dense_mid200/ratio3_sh0_dense/f1135/splatfacto/2026-08-20_223549/nerfstudio_models/step-
000001999.ckpt
0 Gaussians have NaN/Inf and 4 have low opacity, only export 709/713
           use color only optimization with sigmoid activation                                         splatfacto.py:266
Loading latest checkpoint from load_dir
✅ Done loading checkpoint from 
outputs/ctrl_009_036_ratio3_sh0_dense_mid200/ratio3_sh0_dense/f1128/splatfacto/2026-08-20_223549/nerfstudio_models/step-
000001999.ckpt
0 Gaussians have NaN/Inf and 3 have low opacity, only export 739/742
[22:37:35]  Be careful with '--eval-mode=all'. If using camera optimization, the cameras    nerfstudio_dataparser.py:216
           may diverge in the current implementation, giving unpredictable results.                                     
            Be careful with '--eval-mode=all'. If using camera optimization, the cameras    nerfstudio_dataparser.py:216
           may diverge in the current implementation, giving unpredictable results.                                     
[22:37:35]  Be careful with '--eval-mode=all'. If using camera optimization, the cameras    nerfstudio_dataparser.py:216
           may diverge in the current implementation, giving unpredictable results.                                     
            Be careful with '--eval-mode=all'. If using camera optimization, the cameras    nerfstudio_dataparser.py:216
           may diverge in the current implementation, giving unpredictable results.                                     
[22:37:35]  Be careful with '--eval-mode=all'. If using camera optimization, the cameras    nerfstudio_dataparser.py:216
           may diverge in the current implementation, giving unpredictable results.                                     
           use color only optimization with sigmoid activation                                         splatfacto.py:266
            Be careful with '--eval-mode=all'. If using camera optimization, the cameras    nerfstudio_dataparser.py:216
           may diverge in the current implementation, giving unpredictable results.                                     
Loading latest checkpoint from load_dir
✅ Done loading checkpoint from 
outputs/ctrl_009_036_ratio3_sh0_dense_mid200/ratio3_sh0_dense/f1127/splatfacto/2026-08-20_223550/nerfstudio_models/step-
000001999.ckpt
0 Gaussians have NaN/Inf and 2 have low opacity, only export 745/747
[gpu1_w5] ratio3_sh0_dense__f1126 -> ok (107.4s)
           use color only optimization with sigmoid activation                                         splatfacto.py:266
           use color only optimization with sigmoid activation                                         splatfacto.py:266
[gpu0_w0] ratio3_sh0_dense__f1129 -> ok (106.1s)
[22:37:36]  Be careful with '--eval-mode=all'. If using camera optimization, the cameras    nerfstudio_dataparser.py:216
           may diverge in the current implementation, giving unpredictable results.                                     
            Be careful with '--eval-mode=all'. If using camera optimization, the cameras    nerfstudio_dataparser.py:216
           may diverge in the current implementation, giving unpredictable results.                                     
[22:37:36]  Be careful with '--eval-mode=all'. If using camera optimization, the cameras    nerfstudio_dataparser.py:216
           may diverge in the current implementation, giving unpredictable results.                                     
            Be careful with '--eval-mode=all'. If using camera optimization, the cameras    nerfstudio_dataparser.py:216
           may diverge in the current implementation, giving unpredictable results.                                     
           use color only optimization with sigmoid activation                                         splatfacto.py:266
           use color only optimization with sigmoid activation                                         splatfacto.py:266
Loading latest checkpoint from load_dir
Loading latest checkpoint from load_dir
Loading latest checkpoint from load_dir
✅ Done loading checkpoint from 
outputs/ctrl_009_036_ratio3_sh0_dense_mid200/ratio3_sh0_dense/f1134/splatfacto/2026-08-20_223550/nerfstudio_models/step-
000001999.ckpt
[gpu1_w3] ratio3_sh0_dense__f1124 -> ok (109.2s)
0 Gaussians have NaN/Inf and 3 have low opacity, only export 707/710
✅ Done loading checkpoint from 
outputs/ctrl_009_036_ratio3_sh0_dense_mid200/ratio3_sh0_dense/f1132/splatfacto/2026-08-20_223551/nerfstudio_models/step-
000001999.ckpt
✅ Done loading checkpoint from 
outputs/ctrl_009_036_ratio3_sh0_dense_mid200/ratio3_sh0_dense/f1131/splatfacto/2026-08-20_223551/nerfstudio_models/step-
000001999.ckpt
0 Gaussians have NaN/Inf and 2 have low opacity, only export 693/695
[gpu0_w5] ratio3_sh0_dense__f1135 -> ok (106.3s)
[gpu0_w1] ratio3_sh0_dense__f1128 -> ok (107.1s)
Loading latest checkpoint from load_dir
✅ Done loading checkpoint from 
outputs/ctrl_009_036_ratio3_sh0_dense_mid200/ratio3_sh0_dense/f1130/splatfacto/2026-08-20_223550/nerfstudio_models/step-
000001999.ckpt
Loading latest checkpoint from load_dir
✅ Done loading checkpoint from 
outputs/ctrl_009_036_ratio3_sh0_dense_mid200/ratio3_sh0_dense/f1133/splatfacto/2026-08-20_223551/nerfstudio_models/step-
000001999.ckpt
0 Gaussians have NaN/Inf and 3 have low opacity, only export 688/691
[gpu0_w2] ratio3_sh0_dense__f1127 -> ok (108.6s)
[gpu1_w0] ratio3_sh0_dense__f1132 -> ok (108.5s)
[gpu1_w4] ratio3_sh0_dense__f1134 -> ok (108.2s)
[gpu1_w2] ratio3_sh0_dense__f1131 -> ok (108.6s)
[gpu0_w3] ratio3_sh0_dense__f1130 -> ok (109.3s)
[gpu1_w1] ratio3_sh0_dense__f1133 -> ok (109.3s)
[22:39:27]  Be careful with '--eval-mode=all'. If using camera optimization, the cameras    nerfstudio_dataparser.py:216
           may diverge in the current implementation, giving unpredictable results.                                     
            Be careful with '--eval-mode=all'. If using camera optimization, the cameras    nerfstudio_dataparser.py:216
           may diverge in the current implementation, giving unpredictable results.                                     
[22:39:27]  Be careful with '--eval-mode=all'. If using camera optimization, the cameras    nerfstudio_dataparser.py:216
           may diverge in the current implementation, giving unpredictable results.                                     
            Be careful with '--eval-mode=all'. If using camera optimization, the cameras    nerfstudio_dataparser.py:216
           may diverge in the current implementation, giving unpredictable results.                                     
           use color only optimization with sigmoid activation                                         splatfacto.py:266
[22:39:27]  Be careful with '--eval-mode=all'. If using camera optimization, the cameras    nerfstudio_dataparser.py:216
           may diverge in the current implementation, giving unpredictable results.                                     
            Be careful with '--eval-mode=all'. If using camera optimization, the cameras    nerfstudio_dataparser.py:216
           may diverge in the current implementation, giving unpredictable results.                                     
           use color only optimization with sigmoid activation                                         splatfacto.py:266
           use color only optimization with sigmoid activation                                         splatfacto.py:266
[22:39:27]  Be careful with '--eval-mode=all'. If using camera optimization, the cameras    nerfstudio_dataparser.py:216
           may diverge in the current implementation, giving unpredictable results.                                     
            Be careful with '--eval-mode=all'. If using camera optimization, the cameras    nerfstudio_dataparser.py:216
           may diverge in the current implementation, giving unpredictable results.                                     
[22:39:28] use color only optimization with sigmoid activation                                         splatfacto.py:266
Loading latest checkpoint from load_dir
✅ Done loading checkpoint from 
outputs/ctrl_009_036_ratio3_sh0_dense_mid200/ratio3_sh0_dense/f1136/splatfacto/2026-08-20_223743/nerfstudio_models/step-
000001999.ckpt
0 Gaussians have NaN/Inf and 2 have low opacity, only export 663/665
Loading latest checkpoint from load_dir
✅ Done loading checkpoint from 
outputs/ctrl_009_036_ratio3_sh0_dense_mid200/ratio3_sh0_dense/f1137/splatfacto/2026-08-20_223744/nerfstudio_models/step-
000001999.ckpt
0 Gaussians have NaN/Inf and 9 have low opacity, only export 673/682
Loading latest checkpoint from load_dir
✅ Done loading checkpoint from 
outputs/ctrl_009_036_ratio3_sh0_dense_mid200/ratio3_sh0_dense/f1141/splatfacto/2026-08-20_223744/nerfstudio_models/step-
000001999.ckpt
0 Gaussians have NaN/Inf and 4 have low opacity, only export 653/657
Loading latest checkpoint from load_dir
✅ Done loading checkpoint from 
outputs/ctrl_009_036_ratio3_sh0_dense_mid200/ratio3_sh0_dense/f1138/splatfacto/2026-08-20_223744/nerfstudio_models/step-
000001999.ckpt
0 Gaussians have NaN/Inf and 6 have low opacity, only export 695/701
[22:39:29]  Be careful with '--eval-mode=all'. If using camera optimization, the cameras    nerfstudio_dataparser.py:216
           may diverge in the current implementation, giving unpredictable results.                                     
            Be careful with '--eval-mode=all'. If using camera optimization, the cameras    nerfstudio_dataparser.py:216
           may diverge in the current implementation, giving unpredictable results.                                     
[22:39:29]  Be careful with '--eval-mode=all'. If using camera optimization, the cameras    nerfstudio_dataparser.py:216
           may diverge in the current implementation, giving unpredictable results.                                     
            Be careful with '--eval-mode=all'. If using camera optimization, the cameras    nerfstudio_dataparser.py:216
           may diverge in the current implementation, giving unpredictable results.                                     
           use color only optimization with sigmoid activation                                         splatfacto.py:266
[22:39:29]  Be careful with '--eval-mode=all'. If using camera optimization, the cameras    nerfstudio_dataparser.py:216
           may diverge in the current implementation, giving unpredictable results.                                     
            Be careful with '--eval-mode=all'. If using camera optimization, the cameras    nerfstudio_dataparser.py:216
           may diverge in the current implementation, giving unpredictable results.                                     
           use color only optimization with sigmoid activation                                         splatfacto.py:266
           use color only optimization with sigmoid activation                                         splatfacto.py:266
[22:39:29]  Be careful with '--eval-mode=all'. If using camera optimization, the cameras    nerfstudio_dataparser.py:216
           may diverge in the current implementation, giving unpredictable results.                                     
            Be careful with '--eval-mode=all'. If using camera optimization, the cameras    nerfstudio_dataparser.py:216
           may diverge in the current implementation, giving unpredictable results.                                     
[gpu0_w4] ratio3_sh0_dense__f1136 -> ok (109.3s)
           use color only optimization with sigmoid activation                                         splatfacto.py:266
[gpu1_w5] ratio3_sh0_dense__f1137 -> ok (107.7s)
Loading latest checkpoint from load_dir
✅ Done loading checkpoint from 
outputs/ctrl_009_036_ratio3_sh0_dense_mid200/ratio3_sh0_dense/f1142/splatfacto/2026-08-20_223746/nerfstudio_models/step-
000001999.ckpt
0 Gaussians have NaN/Inf and 3 have low opacity, only export 750/753
[gpu0_w1] ratio3_sh0_dense__f1141 -> ok (106.9s)
Loading latest checkpoint from load_dir
✅ Done loading checkpoint from 
outputs/ctrl_009_036_ratio3_sh0_dense_mid200/ratio3_sh0_dense/f1140/splatfacto/2026-08-20_223745/nerfstudio_models/step-
000001999.ckpt
0 Gaussians have NaN/Inf and 7 have low opacity, only export 694/701
Loading latest checkpoint from load_dir
✅ Done loading checkpoint from 
outputs/ctrl_009_036_ratio3_sh0_dense_mid200/ratio3_sh0_dense/f1145/splatfacto/2026-08-20_223746/nerfstudio_models/step-
000001999.ckpt
0 Gaussians have NaN/Inf and 2 have low opacity, only export 750/752
Loading latest checkpoint from load_dir
✅ Done loading checkpoint from 
outputs/ctrl_009_036_ratio3_sh0_dense_mid200/ratio3_sh0_dense/f1139/splatfacto/2026-08-20_223744/nerfstudio_models/step-
000001999.ckpt
0 Gaussians have NaN/Inf and 9 have low opacity, only export 730/739
[22:39:30]  Be careful with '--eval-mode=all'. If using camera optimization, the cameras    nerfstudio_dataparser.py:216
           may diverge in the current implementation, giving unpredictable results.                                     
            Be careful with '--eval-mode=all'. If using camera optimization, the cameras    nerfstudio_dataparser.py:216
           may diverge in the current implementation, giving unpredictable results.                                     
[22:39:30]  Be careful with '--eval-mode=all'. If using camera optimization, the cameras    nerfstudio_dataparser.py:216
           may diverge in the current implementation, giving unpredictable results.                                     
[22:39:30]  Be careful with '--eval-mode=all'. If using camera optimization, the cameras    nerfstudio_dataparser.py:216
           may diverge in the current implementation, giving unpredictable results.                                     
            Be careful with '--eval-mode=all'. If using camera optimization, the cameras    nerfstudio_dataparser.py:216
           may diverge in the current implementation, giving unpredictable results.                                     
            Be careful with '--eval-mode=all'. If using camera optimization, the cameras    nerfstudio_dataparser.py:216
           may diverge in the current implementation, giving unpredictable results.                                     
[gpu0_w0] ratio3_sh0_dense__f1138 -> ok (108.6s)
[22:39:31] use color only optimization with sigmoid activation                                         splatfacto.py:266
[22:39:31] use color only optimization with sigmoid activation                                         splatfacto.py:266
[22:39:31] use color only optimization with sigmoid activation                                         splatfacto.py:266
[22:39:31]  Be careful with '--eval-mode=all'. If using camera optimization, the cameras    nerfstudio_dataparser.py:216
           may diverge in the current implementation, giving unpredictable results.                                     
            Be careful with '--eval-mode=all'. If using camera optimization, the cameras    nerfstudio_dataparser.py:216
           may diverge in the current implementation, giving unpredictable results.                                     
Loading latest checkpoint from load_dir
Loading latest checkpoint from load_dir
✅ Done loading checkpoint from 
outputs/ctrl_009_036_ratio3_sh0_dense_mid200/ratio3_sh0_dense/f1147/splatfacto/2026-08-20_223746/nerfstudio_models/step-
000001999.ckpt
0 Gaussians have NaN/Inf and 2 have low opacity, only export 750/752
✅ Done loading checkpoint from 
outputs/ctrl_009_036_ratio3_sh0_dense_mid200/ratio3_sh0_dense/f1146/splatfacto/2026-08-20_223747/nerfstudio_models/step-
000001999.ckpt
Loading latest checkpoint from load_dir
[22:39:32] use color only optimization with sigmoid activation                                         splatfacto.py:266
✅ Done loading checkpoint from 
outputs/ctrl_009_036_ratio3_sh0_dense_mid200/ratio3_sh0_dense/f1144/splatfacto/2026-08-20_223746/nerfstudio_models/step-
000001999.ckpt
[gpu0_w2] ratio3_sh0_dense__f1142 -> ok (108.0s)
[gpu0_w5] ratio3_sh0_dense__f1140 -> ok (109.1s)
[gpu1_w3] ratio3_sh0_dense__f1139 -> ok (109.5s)
[gpu1_w2] ratio3_sh0_dense__f1145 -> ok (107.5s)
Loading latest checkpoint from load_dir
✅ Done loading checkpoint from 
outputs/ctrl_009_036_ratio3_sh0_dense_mid200/ratio3_sh0_dense/f1143/splatfacto/2026-08-20_223747/nerfstudio_models/step-
000001999.ckpt
[gpu0_w3] ratio3_sh0_dense__f1146 -> ok (107.9s)
[gpu1_w1] ratio3_sh0_dense__f1147 -> ok (107.9s)
[gpu1_w4] ratio3_sh0_dense__f1144 -> ok (108.8s)
[gpu1_w0] ratio3_sh0_dense__f1143 -> ok (109.4s)
[22:41:24]  Be careful with '--eval-mode=all'. If using camera optimization, the cameras    nerfstudio_dataparser.py:216
           may diverge in the current implementation, giving unpredictable results.                                     
            Be careful with '--eval-mode=all'. If using camera optimization, the cameras    nerfstudio_dataparser.py:216
           may diverge in the current implementation, giving unpredictable results.                                     
[22:41:25] use color only optimization with sigmoid activation                                         splatfacto.py:266
[22:41:25]  Be careful with '--eval-mode=all'. If using camera optimization, the cameras    nerfstudio_dataparser.py:216
           may diverge in the current implementation, giving unpredictable results.                                     
            Be careful with '--eval-mode=all'. If using camera optimization, the cameras    nerfstudio_dataparser.py:216
           may diverge in the current implementation, giving unpredictable results.                                     
[22:41:25]  Be careful with '--eval-mode=all'. If using camera optimization, the cameras    nerfstudio_dataparser.py:216
           may diverge in the current implementation, giving unpredictable results.                                     
            Be careful with '--eval-mode=all'. If using camera optimization, the cameras    nerfstudio_dataparser.py:216
           may diverge in the current implementation, giving unpredictable results.                                     
[22:41:26] use color only optimization with sigmoid activation                                         splatfacto.py:266
[22:41:26] use color only optimization with sigmoid activation                                         splatfacto.py:266
Loading latest checkpoint from load_dir
✅ Done loading checkpoint from 
outputs/ctrl_009_036_ratio3_sh0_dense_mid200/ratio3_sh0_dense/f1150/splatfacto/2026-08-20_223941/nerfstudio_models/step-
000001999.ckpt
0 Gaussians have NaN/Inf and 7 have low opacity, only export 762/769
Loading latest checkpoint from load_dir
✅ Done loading checkpoint from 
outputs/ctrl_009_036_ratio3_sh0_dense_mid200/ratio3_sh0_dense/f1148/splatfacto/2026-08-20_223941/nerfstudio_models/step-
000001999.ckpt
0 Gaussians have NaN/Inf and 2 have low opacity, only export 793/795
Loading latest checkpoint from load_dir
✅ Done loading checkpoint from 
outputs/ctrl_009_036_ratio3_sh0_dense_mid200/ratio3_sh0_dense/f1149/splatfacto/2026-08-20_223941/nerfstudio_models/step-
000001999.ckpt
0 Gaussians have NaN/Inf and 4 have low opacity, only export 790/794
[22:41:27]  Be careful with '--eval-mode=all'. If using camera optimization, the cameras    nerfstudio_dataparser.py:216
           may diverge in the current implementation, giving unpredictable results.                                     
            Be careful with '--eval-mode=all'. If using camera optimization, the cameras    nerfstudio_dataparser.py:216
           may diverge in the current implementation, giving unpredictable results.                                     
[22:41:27]  Be careful with '--eval-mode=all'. If using camera optimization, the cameras    nerfstudio_dataparser.py:216
           may diverge in the current implementation, giving unpredictable results.                                     
            Be careful with '--eval-mode=all'. If using camera optimization, the cameras    nerfstudio_dataparser.py:216
           may diverge in the current implementation, giving unpredictable results.                                     
[22:41:27]  Be careful with '--eval-mode=all'. If using camera optimization, the cameras    nerfstudio_dataparser.py:216
           may diverge in the current implementation, giving unpredictable results.                                     
            Be careful with '--eval-mode=all'. If using camera optimization, the cameras    nerfstudio_dataparser.py:216
           may diverge in the current implementation, giving unpredictable results.                                     
[22:41:27]  Be careful with '--eval-mode=all'. If using camera optimization, the cameras    nerfstudio_dataparser.py:216
           may diverge in the current implementation, giving unpredictable results.                                     
            Be careful with '--eval-mode=all'. If using camera optimization, the cameras    nerfstudio_dataparser.py:216
           may diverge in the current implementation, giving unpredictable results.                                     
           use color only optimization with sigmoid activation                                         splatfacto.py:266
           use color only optimization with sigmoid activation                                         splatfacto.py:266
           use color only optimization with sigmoid activation                                         splatfacto.py:266
           use color only optimization with sigmoid activation                                         splatfacto.py:266
[22:41:28]  Be careful with '--eval-mode=all'. If using camera optimization, the cameras    nerfstudio_dataparser.py:216
           may diverge in the current implementation, giving unpredictable results.                                     
            Be careful with '--eval-mode=all'. If using camera optimization, the cameras    nerfstudio_dataparser.py:216
           may diverge in the current implementation, giving unpredictable results.                                     
[gpu0_w1] ratio3_sh0_dense__f1150 -> ok (108.9s)
Loading latest checkpoint from load_dir
Loading latest checkpoint from load_dir
✅ Done loading checkpoint from 
outputs/ctrl_009_036_ratio3_sh0_dense_mid200/ratio3_sh0_dense/f1157/splatfacto/2026-08-20_223942/nerfstudio_models/step-
000001999.ckpt
0 Gaussians have NaN/Inf and 2 have low opacity, only export 871/873
✅ Done loading checkpoint from 
outputs/ctrl_009_036_ratio3_sh0_dense_mid200/ratio3_sh0_dense/f1158/splatfacto/2026-08-20_223942/nerfstudio_models/step-
000001999.ckpt
0 Gaussians have NaN/Inf and 6 have low opacity, only export 828/834
[22:41:28]  Be careful with '--eval-mode=all'. If using camera optimization, the cameras    nerfstudio_dataparser.py:216
           may diverge in the current implementation, giving unpredictable results.                                     
Loading latest checkpoint from load_dir
            Be careful with '--eval-mode=all'. If using camera optimization, the cameras    nerfstudio_dataparser.py:216
           may diverge in the current implementation, giving unpredictable results.                                     
Loading latest checkpoint from load_dir
✅ Done loading checkpoint from 
outputs/ctrl_009_036_ratio3_sh0_dense_mid200/ratio3_sh0_dense/f1152/splatfacto/2026-08-20_223941/nerfstudio_models/step-
000001999.ckpt
✅ Done loading checkpoint from 
outputs/ctrl_009_036_ratio3_sh0_dense_mid200/ratio3_sh0_dense/f1151/splatfacto/2026-08-20_223942/nerfstudio_models/step-
000001999.ckpt
0 Gaussians have NaN/Inf and 5 have low opacity, only export 813/818
0 Gaussians have NaN/Inf and 2 have low opacity, only export 774/776
           use color only optimization with sigmoid activation                                         splatfacto.py:266
           use color only optimization with sigmoid activation                                         splatfacto.py:266
[22:41:29]  Be careful with '--eval-mode=all'. If using camera optimization, the cameras    nerfstudio_dataparser.py:216
           may diverge in the current implementation, giving unpredictable results.                                     
            Be careful with '--eval-mode=all'. If using camera optimization, the cameras    nerfstudio_dataparser.py:216
           may diverge in the current implementation, giving unpredictable results.                                     
[22:41:29]  Be careful with '--eval-mode=all'. If using camera optimization, the cameras    nerfstudio_dataparser.py:216
           may diverge in the current implementation, giving unpredictable results.                                     
            Be careful with '--eval-mode=all'. If using camera optimization, the cameras    nerfstudio_dataparser.py:216
           may diverge in the current implementation, giving unpredictable results.                                     
[gpu0_w4] ratio3_sh0_dense__f1148 -> ok (110.3s)
[gpu1_w5] ratio3_sh0_dense__f1149 -> ok (110.1s)
           use color only optimization with sigmoid activation                                         splatfacto.py:266
           use color only optimization with sigmoid activation                                         splatfacto.py:266
Loading latest checkpoint from load_dir
Loading latest checkpoint from load_dir
✅ Done loading checkpoint from 
outputs/ctrl_009_036_ratio3_sh0_dense_mid200/ratio3_sh0_dense/f1155/splatfacto/2026-08-20_223943/nerfstudio_models/step-
000001999.ckpt
0 Gaussians have NaN/Inf and 3 have low opacity, only export 840/843
✅ Done loading checkpoint from 
outputs/ctrl_009_036_ratio3_sh0_dense_mid200/ratio3_sh0_dense/f1153/splatfacto/2026-08-20_223943/nerfstudio_models/step-
000001999.ckpt
0 Gaussians have NaN/Inf and 1 have low opacity, only export 837/838
[22:41:30]  Be careful with '--eval-mode=all'. If using camera optimization, the cameras    nerfstudio_dataparser.py:216
           may diverge in the current implementation, giving unpredictable results.                                     
            Be careful with '--eval-mode=all'. If using camera optimization, the cameras    nerfstudio_dataparser.py:216
           may diverge in the current implementation, giving unpredictable results.                                     
Loading latest checkpoint from load_dir
Loading latest checkpoint from load_dir
✅ Done loading checkpoint from 
outputs/ctrl_009_036_ratio3_sh0_dense_mid200/ratio3_sh0_dense/f1154/splatfacto/2026-08-20_223943/nerfstudio_models/step-
000001999.ckpt
✅ Done loading checkpoint from 
outputs/ctrl_009_036_ratio3_sh0_dense_mid200/ratio3_sh0_dense/f1156/splatfacto/2026-08-20_223943/nerfstudio_models/step-
000001999.ckpt
0 Gaussians have NaN/Inf and 2 have low opacity, only export 820/822
           use color only optimization with sigmoid activation                                         splatfacto.py:266
0 Gaussians have NaN/Inf and 1 have low opacity, only export 939/940
[gpu0_w0] ratio3_sh0_dense__f1151 -> ok (110.5s)
[gpu1_w4] ratio3_sh0_dense__f1158 -> ok (107.7s)
[gpu0_w2] ratio3_sh0_dense__f1152 -> ok (109.4s)
[gpu1_w1] ratio3_sh0_dense__f1157 -> ok (107.8s)
Loading latest checkpoint from load_dir
[gpu1_w2] ratio3_sh0_dense__f1155 -> ok (109.7s)
✅ Done loading checkpoint from 
outputs/ctrl_009_036_ratio3_sh0_dense_mid200/ratio3_sh0_dense/f1159/splatfacto/2026-08-20_223944/nerfstudio_models/step-
000001999.ckpt
0 Gaussians have NaN/Inf and 1 have low opacity, only export 877/878
[gpu0_w5] ratio3_sh0_dense__f1153 -> ok (110.1s)
[gpu0_w3] ratio3_sh0_dense__f1156 -> ok (109.5s)
[gpu1_w3] ratio3_sh0_dense__f1154 -> ok (110.6s)
[gpu1_w0] ratio3_sh0_dense__f1159 -> ok (109.8s)
[22:43:22]  Be careful with '--eval-mode=all'. If using camera optimization, the cameras    nerfstudio_dataparser.py:216
           may diverge in the current implementation, giving unpredictable results.                                     
            Be careful with '--eval-mode=all'. If using camera optimization, the cameras    nerfstudio_dataparser.py:216
           may diverge in the current implementation, giving unpredictable results.                                     
           use color only optimization with sigmoid activation                                         splatfacto.py:266
[22:43:22]  Be careful with '--eval-mode=all'. If using camera optimization, the cameras    nerfstudio_dataparser.py:216
           may diverge in the current implementation, giving unpredictable results.                                     
            Be careful with '--eval-mode=all'. If using camera optimization, the cameras    nerfstudio_dataparser.py:216
           may diverge in the current implementation, giving unpredictable results.                                     
[22:43:23]  Be careful with '--eval-mode=all'. If using camera optimization, the cameras    nerfstudio_dataparser.py:216
           may diverge in the current implementation, giving unpredictable results.                                     
            Be careful with '--eval-mode=all'. If using camera optimization, the cameras    nerfstudio_dataparser.py:216
           may diverge in the current implementation, giving unpredictable results.                                     
[22:43:23] use color only optimization with sigmoid activation                                         splatfacto.py:266
[22:43:23]  Be careful with '--eval-mode=all'. If using camera optimization, the cameras    nerfstudio_dataparser.py:216
           may diverge in the current implementation, giving unpredictable results.                                     
            Be careful with '--eval-mode=all'. If using camera optimization, the cameras    nerfstudio_dataparser.py:216
           may diverge in the current implementation, giving unpredictable results.                                     
[22:43:23]  Be careful with '--eval-mode=all'. If using camera optimization, the cameras    nerfstudio_dataparser.py:216
           may diverge in the current implementation, giving unpredictable results.                                     
            Be careful with '--eval-mode=all'. If using camera optimization, the cameras    nerfstudio_dataparser.py:216
           may diverge in the current implementation, giving unpredictable results.                                     
           use color only optimization with sigmoid activation                                         splatfacto.py:266
[22:43:23]  Be careful with '--eval-mode=all'. If using camera optimization, the cameras    nerfstudio_dataparser.py:216
           may diverge in the current implementation, giving unpredictable results.                                     
            Be careful with '--eval-mode=all'. If using camera optimization, the cameras    nerfstudio_dataparser.py:216
           may diverge in the current implementation, giving unpredictable results.                                     
Loading latest checkpoint from load_dir
✅ Done loading checkpoint from 
outputs/ctrl_009_036_ratio3_sh0_dense_mid200/ratio3_sh0_dense/f1160/splatfacto/2026-08-20_224137/nerfstudio_models/step-
000001999.ckpt
           use color only optimization with sigmoid activation                                         splatfacto.py:266
           use color only optimization with sigmoid activation                                         splatfacto.py:266
0 Gaussians have NaN/Inf and 4 have low opacity, only export 869/873
           use color only optimization with sigmoid activation                                         splatfacto.py:266
[22:43:23]  Be careful with '--eval-mode=all'. If using camera optimization, the cameras    nerfstudio_dataparser.py:216
           may diverge in the current implementation, giving unpredictable results.                                     
            Be careful with '--eval-mode=all'. If using camera optimization, the cameras    nerfstudio_dataparser.py:216
           may diverge in the current implementation, giving unpredictable results.                                     
Loading latest checkpoint from load_dir
✅ Done loading checkpoint from 
outputs/ctrl_009_036_ratio3_sh0_dense_mid200/ratio3_sh0_dense/f1168/splatfacto/2026-08-20_224138/nerfstudio_models/step-
000001999.ckpt
0 Gaussians have NaN/Inf and 1 have low opacity, only export 860/861
[22:43:24] use color only optimization with sigmoid activation                                         splatfacto.py:266
Loading latest checkpoint from load_dir
✅ Done loading checkpoint from 
outputs/ctrl_009_036_ratio3_sh0_dense_mid200/ratio3_sh0_dense/f1165/splatfacto/2026-08-20_224138/nerfstudio_models/step-
000001999.ckpt
0 Gaussians have NaN/Inf and 3 have low opacity, only export 888/891
Loading latest checkpoint from load_dir
✅ Done loading checkpoint from 
outputs/ctrl_009_036_ratio3_sh0_dense_mid200/ratio3_sh0_dense/f1166/splatfacto/2026-08-20_224138/nerfstudio_models/step-
000001999.ckpt
0 Gaussians have NaN/Inf and 3 have low opacity, only export 926/929
Loading latest checkpoint from load_dir
✅ Done loading checkpoint from 
outputs/ctrl_009_036_ratio3_sh0_dense_mid200/ratio3_sh0_dense/f1162/splatfacto/2026-08-20_224138/nerfstudio_models/step-
000001999.ckpt
[22:43:24]  Be careful with '--eval-mode=all'. If using camera optimization, the cameras    nerfstudio_dataparser.py:216
           may diverge in the current implementation, giving unpredictable results.                                     
0 Gaussians have NaN/Inf and 2 have low opacity, only export 884/886
            Be careful with '--eval-mode=all'. If using camera optimization, the cameras    nerfstudio_dataparser.py:216
           may diverge in the current implementation, giving unpredictable results.                                     
Loading latest checkpoint from load_dir
✅ Done loading checkpoint from 
outputs/ctrl_009_036_ratio3_sh0_dense_mid200/ratio3_sh0_dense/f1170/splatfacto/2026-08-20_224139/nerfstudio_models/step-
000001999.ckpt
0 Gaussians have NaN/Inf and 1 have low opacity, only export 867/868
           use color only optimization with sigmoid activation                                         splatfacto.py:266
Loading latest checkpoint from load_dir
✅ Done loading checkpoint from 
outputs/ctrl_009_036_ratio3_sh0_dense_mid200/ratio3_sh0_dense/f1161/splatfacto/2026-08-20_224138/nerfstudio_models/step-
000001999.ckpt
0 Gaussians have NaN/Inf and 6 have low opacity, only export 939/945
[22:43:25]  Be careful with '--eval-mode=all'. If using camera optimization, the cameras    nerfstudio_dataparser.py:216
           may diverge in the current implementation, giving unpredictable results.                                     
            Be careful with '--eval-mode=all'. If using camera optimization, the cameras    nerfstudio_dataparser.py:216
           may diverge in the current implementation, giving unpredictable results.                                     
[22:43:25]  Be careful with '--eval-mode=all'. If using camera optimization, the cameras    nerfstudio_dataparser.py:216
           may diverge in the current implementation, giving unpredictable results.                                     
            Be careful with '--eval-mode=all'. If using camera optimization, the cameras    nerfstudio_dataparser.py:216
           may diverge in the current implementation, giving unpredictable results.                                     
           use color only optimization with sigmoid activation                                         splatfacto.py:266
[22:43:25]  Be careful with '--eval-mode=all'. If using camera optimization, the cameras    nerfstudio_dataparser.py:216
           may diverge in the current implementation, giving unpredictable results.                                     
            Be careful with '--eval-mode=all'. If using camera optimization, the cameras    nerfstudio_dataparser.py:216
           may diverge in the current implementation, giving unpredictable results.                                     
[22:43:25]  Be careful with '--eval-mode=all'. If using camera optimization, the cameras    nerfstudio_dataparser.py:216
           may diverge in the current implementation, giving unpredictable results.                                     
            Be careful with '--eval-mode=all'. If using camera optimization, the cameras    nerfstudio_dataparser.py:216
           may diverge in the current implementation, giving unpredictable results.                                     
           use color only optimization with sigmoid activation                                         splatfacto.py:266
           use color only optimization with sigmoid activation                                         splatfacto.py:266
           use color only optimization with sigmoid activation                                         splatfacto.py:266
[gpu0_w1] ratio3_sh0_dense__f1160 -> ok (111.0s)
Loading latest checkpoint from load_dir
✅ Done loading checkpoint from 
outputs/ctrl_009_036_ratio3_sh0_dense_mid200/ratio3_sh0_dense/f1169/splatfacto/2026-08-20_224140/nerfstudio_models/step-
000001999.ckpt
[gpu0_w5] ratio3_sh0_dense__f1168 -> ok (107.9s)
0 Gaussians have NaN/Inf and 2 have low opacity, only export 898/900
[gpu0_w2] ratio3_sh0_dense__f1165 -> ok (109.1s)
Loading latest checkpoint from load_dir
Loading latest checkpoint from load_dir
✅ Done loading checkpoint from 
outputs/ctrl_009_036_ratio3_sh0_dense_mid200/ratio3_sh0_dense/f1163/splatfacto/2026-08-20_224139/nerfstudio_models/step-
000001999.ckpt
✅ Done loading checkpoint from 
outputs/ctrl_009_036_ratio3_sh0_dense_mid200/ratio3_sh0_dense/f1164/splatfacto/2026-08-20_224139/nerfstudio_models/step-
000001999.ckpt
0 Gaussians have NaN/Inf and 6 have low opacity, only export 931/937
0 Gaussians have NaN/Inf and 3 have low opacity, only export 837/840
Loading latest checkpoint from load_dir
✅ Done loading checkpoint from 
outputs/ctrl_009_036_ratio3_sh0_dense_mid200/ratio3_sh0_dense/f1171/splatfacto/2026-08-20_224139/nerfstudio_models/step-
000001999.ckpt
0 Gaussians have NaN/Inf and 1 have low opacity, only export 909/910
Loading latest checkpoint from load_dir
✅ Done loading checkpoint from 
outputs/ctrl_009_036_ratio3_sh0_dense_mid200/ratio3_sh0_dense/f1167/splatfacto/2026-08-20_224139/nerfstudio_models/step-
000001999.ckpt
[gpu1_w1] ratio3_sh0_dense__f1166 -> ok (109.6s)
[gpu1_w5] ratio3_sh0_dense__f1162 -> ok (111.1s)
[gpu1_w3] ratio3_sh0_dense__f1170 -> ok (108.1s)
[gpu0_w4] ratio3_sh0_dense__f1161 -> ok (111.2s)
[gpu0_w3] ratio3_sh0_dense__f1169 -> ok (109.3s)
[gpu0_w0] ratio3_sh0_dense__f1163 -> ok (111.8s)
[gpu1_w0] ratio3_sh0_dense__f1171 -> ok (109.2s)
[gpu1_w2] ratio3_sh0_dense__f1167 -> ok (111.0s)
[gpu1_w4] ratio3_sh0_dense__f1164 -> ok (111.9s)
[22:45:18]  Be careful with '--eval-mode=all'. If using camera optimization, the cameras    nerfstudio_dataparser.py:216
           may diverge in the current implementation, giving unpredictable results.                                     
            Be careful with '--eval-mode=all'. If using camera optimization, the cameras    nerfstudio_dataparser.py:216
           may diverge in the current implementation, giving unpredictable results.                                     
           use color only optimization with sigmoid activation                                         splatfacto.py:266
[22:45:19]  Be careful with '--eval-mode=all'. If using camera optimization, the cameras    nerfstudio_dataparser.py:216
           may diverge in the current implementation, giving unpredictable results.                                     
            Be careful with '--eval-mode=all'. If using camera optimization, the cameras    nerfstudio_dataparser.py:216
           may diverge in the current implementation, giving unpredictable results.                                     
Loading latest checkpoint from load_dir
✅ Done loading checkpoint from 
outputs/ctrl_009_036_ratio3_sh0_dense_mid200/ratio3_sh0_dense/f1173/splatfacto/2026-08-20_224334/nerfstudio_models/step-
000001999.ckpt
           use color only optimization with sigmoid activation                                         splatfacto.py:266
[22:45:20]  Be careful with '--eval-mode=all'. If using camera optimization, the cameras    nerfstudio_dataparser.py:216
           may diverge in the current implementation, giving unpredictable results.                                     
            Be careful with '--eval-mode=all'. If using camera optimization, the cameras    nerfstudio_dataparser.py:216
           may diverge in the current implementation, giving unpredictable results.                                     
[22:45:20]  Be careful with '--eval-mode=all'. If using camera optimization, the cameras    nerfstudio_dataparser.py:216
           may diverge in the current implementation, giving unpredictable results.                                     
            Be careful with '--eval-mode=all'. If using camera optimization, the cameras    nerfstudio_dataparser.py:216
           may diverge in the current implementation, giving unpredictable results.                                     
           use color only optimization with sigmoid activation                                         splatfacto.py:266
Loading latest checkpoint from load_dir
✅ Done loading checkpoint from 
outputs/ctrl_009_036_ratio3_sh0_dense_mid200/ratio3_sh0_dense/f1174/splatfacto/2026-08-20_224334/nerfstudio_models/step-
000001999.ckpt
[22:45:22] use color only optimization with sigmoid activation                                         splatfacto.py:266
[22:45:23]  Be careful with '--eval-mode=all'. If using camera optimization, the cameras    nerfstudio_dataparser.py:216
           may diverge in the current implementation, giving unpredictable results.                                     
            Be careful with '--eval-mode=all'. If using camera optimization, the cameras    nerfstudio_dataparser.py:216
           may diverge in the current implementation, giving unpredictable results.                                     
[22:45:23]  Be careful with '--eval-mode=all'. If using camera optimization, the cameras    nerfstudio_dataparser.py:216
           may diverge in the current implementation, giving unpredictable results.                                     
           use color only optimization with sigmoid activation                                         splatfacto.py:266
            Be careful with '--eval-mode=all'. If using camera optimization, the cameras    nerfstudio_dataparser.py:216
           may diverge in the current implementation, giving unpredictable results.                                     
Loading latest checkpoint from load_dir
✅ Done loading checkpoint from 
outputs/ctrl_009_036_ratio3_sh0_dense_mid200/ratio3_sh0_dense/f1172/splatfacto/2026-08-20_224335/nerfstudio_models/step-
000001999.ckpt
0 Gaussians have NaN/Inf and 2 have low opacity, only export 903/905
           use color only optimization with sigmoid activation                                         splatfacto.py:266
[22:45:23]  Be careful with '--eval-mode=all'. If using camera optimization, the cameras    nerfstudio_dataparser.py:216
           may diverge in the current implementation, giving unpredictable results.                                     
            Be careful with '--eval-mode=all'. If using camera optimization, the cameras    nerfstudio_dataparser.py:216
           may diverge in the current implementation, giving unpredictable results.                                     
[22:45:23]  Be careful with '--eval-mode=all'. If using camera optimization, the cameras    nerfstudio_dataparser.py:216
           may diverge in the current implementation, giving unpredictable results.                                     
            Be careful with '--eval-mode=all'. If using camera optimization, the cameras    nerfstudio_dataparser.py:216
           may diverge in the current implementation, giving unpredictable results.                                     
Loading latest checkpoint from load_dir
✅ Done loading checkpoint from 
outputs/ctrl_009_036_ratio3_sh0_dense_mid200/ratio3_sh0_dense/f1177/splatfacto/2026-08-20_224334/nerfstudio_models/step-
000001999.ckpt
           use color only optimization with sigmoid activation                                         splatfacto.py:266
0 Gaussians have NaN/Inf and 4 have low opacity, only export 908/912
[22:45:23]  Be careful with '--eval-mode=all'. If using camera optimization, the cameras    nerfstudio_dataparser.py:216
           may diverge in the current implementation, giving unpredictable results.                                     
            Be careful with '--eval-mode=all'. If using camera optimization, the cameras    nerfstudio_dataparser.py:216
           may diverge in the current implementation, giving unpredictable results.                                     
[gpu0_w5] ratio3_sh0_dense__f1173 -> ok (109.1s)
           use color only optimization with sigmoid activation                                         splatfacto.py:266
[22:45:24] use color only optimization with sigmoid activation                                         splatfacto.py:266
[22:45:24]  Be careful with '--eval-mode=all'. If using camera optimization, the cameras    nerfstudio_dataparser.py:216
           may diverge in the current implementation, giving unpredictable results.                                     
            Be careful with '--eval-mode=all'. If using camera optimization, the cameras    nerfstudio_dataparser.py:216
           may diverge in the current implementation, giving unpredictable results.                                     
Loading latest checkpoint from load_dir
✅ Done loading checkpoint from 
outputs/ctrl_009_036_ratio3_sh0_dense_mid200/ratio3_sh0_dense/f1178/splatfacto/2026-08-20_224335/nerfstudio_models/step-
000001999.ckpt
0 Gaussians have NaN/Inf and 1 have low opacity, only export 864/865
           use color only optimization with sigmoid activation                                         splatfacto.py:266
Loading latest checkpoint from load_dir
✅ Done loading checkpoint from 
outputs/ctrl_009_036_ratio3_sh0_dense_mid200/ratio3_sh0_dense/f1176/splatfacto/2026-08-20_224335/nerfstudio_models/step-
000001999.ckpt
0 Gaussians have NaN/Inf and 1 have low opacity, only export 852/853
Loading latest checkpoint from load_dir
✅ Done loading checkpoint from 
outputs/ctrl_009_036_ratio3_sh0_dense_mid200/ratio3_sh0_dense/f1183/splatfacto/2026-08-20_224335/nerfstudio_models/step-
000001999.ckpt
Loading latest checkpoint from load_dir
✅ Done loading checkpoint from 
outputs/ctrl_009_036_ratio3_sh0_dense_mid200/ratio3_sh0_dense/f1182/splatfacto/2026-08-20_224337/nerfstudio_models/step-
000001999.ckpt
[gpu0_w2] ratio3_sh0_dense__f1174 -> ok (109.8s)
[22:45:24]  Be careful with '--eval-mode=all'. If using camera optimization, the cameras    nerfstudio_dataparser.py:216
           may diverge in the current implementation, giving unpredictable results.                                     
            Be careful with '--eval-mode=all'. If using camera optimization, the cameras    nerfstudio_dataparser.py:216
           may diverge in the current implementation, giving unpredictable results.                                     
Loading latest checkpoint from load_dir
           use color only optimization with sigmoid activation                                         splatfacto.py:266
✅ Done loading checkpoint from 
outputs/ctrl_009_036_ratio3_sh0_dense_mid200/ratio3_sh0_dense/f1180/splatfacto/2026-08-20_224335/nerfstudio_models/step-
000001999.ckpt
0 Gaussians have NaN/Inf and 1 have low opacity, only export 892/893
Loading latest checkpoint from load_dir
✅ Done loading checkpoint from 
outputs/ctrl_009_036_ratio3_sh0_dense_mid200/ratio3_sh0_dense/f1175/splatfacto/2026-08-20_224335/nerfstudio_models/step-
000001999.ckpt
[22:45:25]  Be careful with '--eval-mode=all'. If using camera optimization, the cameras    nerfstudio_dataparser.py:216
           may diverge in the current implementation, giving unpredictable results.                                     
            Be careful with '--eval-mode=all'. If using camera optimization, the cameras    nerfstudio_dataparser.py:216
           may diverge in the current implementation, giving unpredictable results.                                     
[gpu0_w1] ratio3_sh0_dense__f1172 -> ok (110.9s)
           use color only optimization with sigmoid activation                                         splatfacto.py:266
Loading latest checkpoint from load_dir
✅ Done loading checkpoint from 
outputs/ctrl_009_036_ratio3_sh0_dense_mid200/ratio3_sh0_dense/f1179/splatfacto/2026-08-20_224336/nerfstudio_models/step-
000001999.ckpt
0 Gaussians have NaN/Inf and 1 have low opacity, only export 895/896
[gpu1_w3] ratio3_sh0_dense__f1177 -> ok (110.1s)
[gpu0_w4] ratio3_sh0_dense__f1178 -> ok (110.6s)
Loading latest checkpoint from load_dir
[gpu1_w5] ratio3_sh0_dense__f1176 -> ok (110.8s)
✅ Done loading checkpoint from 
outputs/ctrl_009_036_ratio3_sh0_dense_mid200/ratio3_sh0_dense/f1181/splatfacto/2026-08-20_224336/nerfstudio_models/step-
000001999.ckpt
0 Gaussians have NaN/Inf and 4 have low opacity, only export 900/904
[gpu1_w4] ratio3_sh0_dense__f1183 -> ok (108.9s)
[gpu1_w2] ratio3_sh0_dense__f1182 -> ok (109.1s)
[gpu0_w0] ratio3_sh0_dense__f1180 -> ok (109.2s)
[gpu1_w1] ratio3_sh0_dense__f1175 -> ok (111.5s)
[gpu0_w3] ratio3_sh0_dense__f1179 -> ok (110.9s)
[gpu1_w0] ratio3_sh0_dense__f1181 -> ok (110.7s)
[22:47:17]  Be careful with '--eval-mode=all'. If using camera optimization, the cameras    nerfstudio_dataparser.py:216
           may diverge in the current implementation, giving unpredictable results.                                     
[22:47:17]  Be careful with '--eval-mode=all'. If using camera optimization, the cameras    nerfstudio_dataparser.py:216
           may diverge in the current implementation, giving unpredictable results.                                     
            Be careful with '--eval-mode=all'. If using camera optimization, the cameras    nerfstudio_dataparser.py:216
           may diverge in the current implementation, giving unpredictable results.                                     
            Be careful with '--eval-mode=all'. If using camera optimization, the cameras    nerfstudio_dataparser.py:216
           may diverge in the current implementation, giving unpredictable results.                                     
           use color only optimization with sigmoid activation                                         splatfacto.py:266
           use color only optimization with sigmoid activation                                         splatfacto.py:266
[22:47:17]  Be careful with '--eval-mode=all'. If using camera optimization, the cameras    nerfstudio_dataparser.py:216
           may diverge in the current implementation, giving unpredictable results.                                     
            Be careful with '--eval-mode=all'. If using camera optimization, the cameras    nerfstudio_dataparser.py:216
           may diverge in the current implementation, giving unpredictable results.                                     
[22:47:18] use color only optimization with sigmoid activation                                         splatfacto.py:266
Loading latest checkpoint from load_dir
Loading latest checkpoint from load_dir
✅ Done loading checkpoint from 
outputs/ctrl_009_036_ratio3_sh0_dense_mid200/ratio3_sh0_dense/f1184/splatfacto/2026-08-20_224532/nerfstudio_models/step-
000001999.ckpt
✅ Done loading checkpoint from 
outputs/ctrl_009_036_ratio3_sh0_dense_mid200/ratio3_sh0_dense/f1191/splatfacto/2026-08-20_224534/nerfstudio_models/step-
000001999.ckpt
0 Gaussians have NaN/Inf and 2 have low opacity, only export 847/849
0 Gaussians have NaN/Inf and 1 have low opacity, only export 790/791
[22:47:18]  Be careful with '--eval-mode=all'. If using camera optimization, the cameras    nerfstudio_dataparser.py:216
           may diverge in the current implementation, giving unpredictable results.                                     
            Be careful with '--eval-mode=all'. If using camera optimization, the cameras    nerfstudio_dataparser.py:216
           may diverge in the current implementation, giving unpredictable results.                                     
[22:47:18]  Be careful with '--eval-mode=all'. If using camera optimization, the cameras    nerfstudio_dataparser.py:216
           may diverge in the current implementation, giving unpredictable results.                                     
            Be careful with '--eval-mode=all'. If using camera optimization, the cameras    nerfstudio_dataparser.py:216
           may diverge in the current implementation, giving unpredictable results.                                     
           use color only optimization with sigmoid activation                                         splatfacto.py:266
           use color only optimization with sigmoid activation                                         splatfacto.py:266
Loading latest checkpoint from load_dir
✅ Done loading checkpoint from 
outputs/ctrl_009_036_ratio3_sh0_dense_mid200/ratio3_sh0_dense/f1186/splatfacto/2026-08-20_224534/nerfstudio_models/step-
000001999.ckpt
0 Gaussians have NaN/Inf and 3 have low opacity, only export 858/861
[22:47:19]  Be careful with '--eval-mode=all'. If using camera optimization, the cameras    nerfstudio_dataparser.py:216
           may diverge in the current implementation, giving unpredictable results.                                     
            Be careful with '--eval-mode=all'. If using camera optimization, the cameras    nerfstudio_dataparser.py:216
           may diverge in the current implementation, giving unpredictable results.                                     
           use color only optimization with sigmoid activation                                         splatfacto.py:266
[22:47:19]  Be careful with '--eval-mode=all'. If using camera optimization, the cameras    nerfstudio_dataparser.py:216
           may diverge in the current implementation, giving unpredictable results.                                     
            Be careful with '--eval-mode=all'. If using camera optimization, the cameras    nerfstudio_dataparser.py:216
           may diverge in the current implementation, giving unpredictable results.                                     
Loading latest checkpoint from load_dir
Loading latest checkpoint from load_dir
✅ Done loading checkpoint from 
outputs/ctrl_009_036_ratio3_sh0_dense_mid200/ratio3_sh0_dense/f1185/splatfacto/2026-08-20_224533/nerfstudio_models/step-
000001999.ckpt
0 Gaussians have NaN/Inf and 3 have low opacity, only export 768/771
✅ Done loading checkpoint from 
outputs/ctrl_009_036_ratio3_sh0_dense_mid200/ratio3_sh0_dense/f1187/splatfacto/2026-08-20_224534/nerfstudio_models/step-
000001999.ckpt
0 Gaussians have NaN/Inf and 3 have low opacity, only export 807/810
           use color only optimization with sigmoid activation                                         splatfacto.py:266
[gpu0_w5] ratio3_sh0_dense__f1184 -> ok (109.7s)
[gpu1_w2] ratio3_sh0_dense__f1191 -> ok (106.8s)
Loading latest checkpoint from load_dir
✅ Done loading checkpoint from 
outputs/ctrl_009_036_ratio3_sh0_dense_mid200/ratio3_sh0_dense/f1188/splatfacto/2026-08-20_224534/nerfstudio_models/step-
000001999.ckpt
0 Gaussians have NaN/Inf and 4 have low opacity, only export 834/838
[22:47:20]  Be careful with '--eval-mode=all'. If using camera optimization, the cameras    nerfstudio_dataparser.py:216
           may diverge in the current implementation, giving unpredictable results.                                     
            Be careful with '--eval-mode=all'. If using camera optimization, the cameras    nerfstudio_dataparser.py:216
           may diverge in the current implementation, giving unpredictable results.                                     
[22:47:20]  Be careful with '--eval-mode=all'. If using camera optimization, the cameras    nerfstudio_dataparser.py:216
           may diverge in the current implementation, giving unpredictable results.                                     
            Be careful with '--eval-mode=all'. If using camera optimization, the cameras    nerfstudio_dataparser.py:216
           may diverge in the current implementation, giving unpredictable results.                                     
[22:47:20]  Be careful with '--eval-mode=all'. If using camera optimization, the cameras    nerfstudio_dataparser.py:216
           may diverge in the current implementation, giving unpredictable results.                                     
            Be careful with '--eval-mode=all'. If using camera optimization, the cameras    nerfstudio_dataparser.py:216
           may diverge in the current implementation, giving unpredictable results.                                     
[22:47:20]  Be careful with '--eval-mode=all'. If using camera optimization, the cameras    nerfstudio_dataparser.py:216
           may diverge in the current implementation, giving unpredictable results.                                     
            Be careful with '--eval-mode=all'. If using camera optimization, the cameras    nerfstudio_dataparser.py:216
           may diverge in the current implementation, giving unpredictable results.                                     
Loading latest checkpoint from load_dir
✅ Done loading checkpoint from 
outputs/ctrl_009_036_ratio3_sh0_dense_mid200/ratio3_sh0_dense/f1195/splatfacto/2026-08-20_224536/nerfstudio_models/step-
000001999.ckpt
0 Gaussians have NaN/Inf and 1 have low opacity, only export 759/760
           use color only optimization with sigmoid activation                                         splatfacto.py:266
           use color only optimization with sigmoid activation                                         splatfacto.py:266
           use color only optimization with sigmoid activation                                         splatfacto.py:266
           use color only optimization with sigmoid activation                                         splatfacto.py:266
[gpu0_w1] ratio3_sh0_dense__f1186 -> ok (108.7s)
[22:47:21]  Be careful with '--eval-mode=all'. If using camera optimization, the cameras    nerfstudio_dataparser.py:216
           may diverge in the current implementation, giving unpredictable results.                                     
            Be careful with '--eval-mode=all'. If using camera optimization, the cameras    nerfstudio_dataparser.py:216
           may diverge in the current implementation, giving unpredictable results.                                     
Loading latest checkpoint from load_dir
           use color only optimization with sigmoid activation                                         splatfacto.py:266
✅ Done loading checkpoint from 
outputs/ctrl_009_036_ratio3_sh0_dense_mid200/ratio3_sh0_dense/f1190/splatfacto/2026-08-20_224535/nerfstudio_models/step-
000001999.ckpt
0 Gaussians have NaN/Inf and 3 have low opacity, only export 730/733
Loading latest checkpoint from load_dir
Loading latest checkpoint from load_dir
✅ Done loading checkpoint from 
outputs/ctrl_009_036_ratio3_sh0_dense_mid200/ratio3_sh0_dense/f1193/splatfacto/2026-08-20_224535/nerfstudio_models/step-
000001999.ckpt
✅ Done loading checkpoint from 
outputs/ctrl_009_036_ratio3_sh0_dense_mid200/ratio3_sh0_dense/f1192/splatfacto/2026-08-20_224535/nerfstudio_models/step-
000001999.ckpt
0 Gaussians have NaN/Inf and 4 have low opacity, only export 797/801
[gpu0_w2] ratio3_sh0_dense__f1185 -> ok (110.3s)
Loading latest checkpoint from load_dir
[gpu1_w3] ratio3_sh0_dense__f1187 -> ok (109.2s)
✅ Done loading checkpoint from 
outputs/ctrl_009_036_ratio3_sh0_dense_mid200/ratio3_sh0_dense/f1189/splatfacto/2026-08-20_224535/nerfstudio_models/step-
000001999.ckpt
0 Gaussians have NaN/Inf and 4 have low opacity, only export 827/831
Loading latest checkpoint from load_dir
[gpu0_w4] ratio3_sh0_dense__f1188 -> ok (109.3s)
✅ Done loading checkpoint from 
outputs/ctrl_009_036_ratio3_sh0_dense_mid200/ratio3_sh0_dense/f1194/splatfacto/2026-08-20_224536/nerfstudio_models/step-
000001999.ckpt
0 Gaussians have NaN/Inf and 2 have low opacity, only export 803/805
[gpu1_w0] ratio3_sh0_dense__f1195 -> ok (107.5s)
[gpu1_w4] ratio3_sh0_dense__f1190 -> ok (109.9s)
[gpu0_w0] ratio3_sh0_dense__f1192 -> ok (109.9s)
[gpu1_w5] ratio3_sh0_dense__f1189 -> ok (110.4s)
[gpu1_w1] ratio3_sh0_dense__f1193 -> ok (109.8s)
[gpu0_w3] ratio3_sh0_dense__f1194 -> ok (109.7s)
[22:49:12]  Be careful with '--eval-mode=all'. If using camera optimization, the cameras    nerfstudio_dataparser.py:216
           may diverge in the current implementation, giving unpredictable results.                                     
            Be careful with '--eval-mode=all'. If using camera optimization, the cameras    nerfstudio_dataparser.py:216
           may diverge in the current implementation, giving unpredictable results.                                     
           use color only optimization with sigmoid activation                                         splatfacto.py:266
Loading latest checkpoint from load_dir
✅ Done loading checkpoint from 
outputs/ctrl_009_036_ratio3_sh0_dense_mid200/ratio3_sh0_dense/f1197/splatfacto/2026-08-20_224728/nerfstudio_models/step-
000001999.ckpt
0 Gaussians have NaN/Inf and 1 have low opacity, only export 774/775
[22:49:14]  Be careful with '--eval-mode=all'. If using camera optimization, the cameras    nerfstudio_dataparser.py:216
           may diverge in the current implementation, giving unpredictable results.                                     
            Be careful with '--eval-mode=all'. If using camera optimization, the cameras    nerfstudio_dataparser.py:216
           may diverge in the current implementation, giving unpredictable results.                                     
           use color only optimization with sigmoid activation                                         splatfacto.py:266
[22:49:14]  Be careful with '--eval-mode=all'. If using camera optimization, the cameras    nerfstudio_dataparser.py:216
           may diverge in the current implementation, giving unpredictable results.                                     
            Be careful with '--eval-mode=all'. If using camera optimization, the cameras    nerfstudio_dataparser.py:216
           may diverge in the current implementation, giving unpredictable results.                                     
[22:49:14]  Be careful with '--eval-mode=all'. If using camera optimization, the cameras    nerfstudio_dataparser.py:216
           may diverge in the current implementation, giving unpredictable results.                                     
            Be careful with '--eval-mode=all'. If using camera optimization, the cameras    nerfstudio_dataparser.py:216
           may diverge in the current implementation, giving unpredictable results.                                     
           use color only optimization with sigmoid activation                                         splatfacto.py:266
[22:49:14]  Be careful with '--eval-mode=all'. If using camera optimization, the cameras    nerfstudio_dataparser.py:216
           may diverge in the current implementation, giving unpredictable results.                                     
            Be careful with '--eval-mode=all'. If using camera optimization, the cameras    nerfstudio_dataparser.py:216
           may diverge in the current implementation, giving unpredictable results.                                     
           use color only optimization with sigmoid activation                                         splatfacto.py:266
           use color only optimization with sigmoid activation                                         splatfacto.py:266
Loading latest checkpoint from load_dir
✅ Done loading checkpoint from 
outputs/ctrl_009_036_ratio3_sh0_dense_mid200/ratio3_sh0_dense/f1203/splatfacto/2026-08-20_224731/nerfstudio_models/step-
000001999.ckpt
0 Gaussians have NaN/Inf and 6 have low opacity, only export 716/722
[22:49:15]  Be careful with '--eval-mode=all'. If using camera optimization, the cameras    nerfstudio_dataparser.py:216
           may diverge in the current implementation, giving unpredictable results.                                     
            Be careful with '--eval-mode=all'. If using camera optimization, the cameras    nerfstudio_dataparser.py:216
           may diverge in the current implementation, giving unpredictable results.                                     
           use color only optimization with sigmoid activation                                         splatfacto.py:266
Loading latest checkpoint from load_dir
[gpu1_w2] ratio3_sh0_dense__f1197 -> ok (108.6s)
[22:49:15]  Be careful with '--eval-mode=all'. If using camera optimization, the cameras    nerfstudio_dataparser.py:216
           may diverge in the current implementation, giving unpredictable results.                                     
✅ Done loading checkpoint from 
outputs/ctrl_009_036_ratio3_sh0_dense_mid200/ratio3_sh0_dense/f1196/splatfacto/2026-08-20_224729/nerfstudio_models/step-
000001999.ckpt
            Be careful with '--eval-mode=all'. If using camera optimization, the cameras    nerfstudio_dataparser.py:216
           may diverge in the current implementation, giving unpredictable results.                                     
0 Gaussians have NaN/Inf and 2 have low opacity, only export 815/817
[22:49:15]  Be careful with '--eval-mode=all'. If using camera optimization, the cameras    nerfstudio_dataparser.py:216
           may diverge in the current implementation, giving unpredictable results.                                     
            Be careful with '--eval-mode=all'. If using camera optimization, the cameras    nerfstudio_dataparser.py:216
           may diverge in the current implementation, giving unpredictable results.                                     
           use color only optimization with sigmoid activation                                         splatfacto.py:266
Loading latest checkpoint from load_dir
✅ Done loading checkpoint from 
outputs/ctrl_009_036_ratio3_sh0_dense_mid200/ratio3_sh0_dense/f1198/splatfacto/2026-08-20_224729/nerfstudio_models/step-
000001999.ckpt
0 Gaussians have NaN/Inf and 1 have low opacity, only export 700/701
           use color only optimization with sigmoid activation                                         splatfacto.py:266
Loading latest checkpoint from load_dir
[22:49:15]  Be careful with '--eval-mode=all'. If using camera optimization, the cameras    nerfstudio_dataparser.py:216
           may diverge in the current implementation, giving unpredictable results.                                     
            Be careful with '--eval-mode=all'. If using camera optimization, the cameras    nerfstudio_dataparser.py:216
           may diverge in the current implementation, giving unpredictable results.                                     
✅ Done loading checkpoint from 
outputs/ctrl_009_036_ratio3_sh0_dense_mid200/ratio3_sh0_dense/f1200/splatfacto/2026-08-20_224730/nerfstudio_models/step-
000001999.ckpt
0 Gaussians have NaN/Inf and 4 have low opacity, only export 686/690
[22:49:16] use color only optimization with sigmoid activation                                         splatfacto.py:266
Loading latest checkpoint from load_dir
✅ Done loading checkpoint from 
outputs/ctrl_009_036_ratio3_sh0_dense_mid200/ratio3_sh0_dense/f1206/splatfacto/2026-08-20_224730/nerfstudio_models/step-
000001999.ckpt
0 Gaussians have NaN/Inf and 3 have low opacity, only export 732/735
[22:49:16]  Be careful with '--eval-mode=all'. If using camera optimization, the cameras    nerfstudio_dataparser.py:216
           may diverge in the current implementation, giving unpredictable results.                                     
            Be careful with '--eval-mode=all'. If using camera optimization, the cameras    nerfstudio_dataparser.py:216
           may diverge in the current implementation, giving unpredictable results.                                     
[22:49:16]  Be careful with '--eval-mode=all'. If using camera optimization, the cameras    nerfstudio_dataparser.py:216
           may diverge in the current implementation, giving unpredictable results.                                     
            Be careful with '--eval-mode=all'. If using camera optimization, the cameras    nerfstudio_dataparser.py:216
           may diverge in the current implementation, giving unpredictable results.                                     
           use color only optimization with sigmoid activation                                         splatfacto.py:266
Loading latest checkpoint from load_dir
Loading latest checkpoint from load_dir
✅ Done loading checkpoint from 
outputs/ctrl_009_036_ratio3_sh0_dense_mid200/ratio3_sh0_dense/f1202/splatfacto/2026-08-20_224730/nerfstudio_models/step-
000001999.ckpt
✅ Done loading checkpoint from 
outputs/ctrl_009_036_ratio3_sh0_dense_mid200/ratio3_sh0_dense/f1199/splatfacto/2026-08-20_224729/nerfstudio_models/step-
000001999.ckpt
0 Gaussians have NaN/Inf and 7 have low opacity, only export 770/777
0 Gaussians have NaN/Inf and 3 have low opacity, only export 708/711
           use color only optimization with sigmoid activation                                         splatfacto.py:266
[22:49:16]  Be careful with '--eval-mode=all'. If using camera optimization, the cameras    nerfstudio_dataparser.py:216
           may diverge in the current implementation, giving unpredictable results.                                     
            Be careful with '--eval-mode=all'. If using camera optimization, the cameras    nerfstudio_dataparser.py:216
           may diverge in the current implementation, giving unpredictable results.                                     
Loading latest checkpoint from load_dir
✅ Done loading checkpoint from 
outputs/ctrl_009_036_ratio3_sh0_dense_mid200/ratio3_sh0_dense/f1204/splatfacto/2026-08-20_224731/nerfstudio_models/step-
000001999.ckpt
[gpu1_w4] ratio3_sh0_dense__f1203 -> ok (107.2s)
0 Gaussians have NaN/Inf and 3 have low opacity, only export 698/701
[22:49:17] use color only optimization with sigmoid activation                                         splatfacto.py:266
[gpu0_w5] ratio3_sh0_dense__f1196 -> ok (110.7s)
Loading latest checkpoint from load_dir
✅ Done loading checkpoint from 
outputs/ctrl_009_036_ratio3_sh0_dense_mid200/ratio3_sh0_dense/f1201/splatfacto/2026-08-20_224731/nerfstudio_models/step-
000001999.ckpt
0 Gaussians have NaN/Inf and 3 have low opacity, only export 681/684
Loading latest checkpoint from load_dir
✅ Done loading checkpoint from 
outputs/ctrl_009_036_ratio3_sh0_dense_mid200/ratio3_sh0_dense/f1205/splatfacto/2026-08-20_224731/nerfstudio_models/step-
000001999.ckpt
0 Gaussians have NaN/Inf and 5 have low opacity, only export 707/712
[gpu0_w1] ratio3_sh0_dense__f1198 -> ok (110.3s)
Loading latest checkpoint from load_dir
✅ Done loading checkpoint from 
outputs/ctrl_009_036_ratio3_sh0_dense_mid200/ratio3_sh0_dense/f1207/splatfacto/2026-08-20_224732/nerfstudio_models/step-
000001999.ckpt
[gpu1_w3] ratio3_sh0_dense__f1200 -> ok (109.5s)
0 Gaussians have NaN/Inf and 1 have low opacity, only export 683/684
[gpu0_w2] ratio3_sh0_dense__f1199 -> ok (110.5s)
[gpu1_w1] ratio3_sh0_dense__f1206 -> ok (108.7s)
[gpu1_w0] ratio3_sh0_dense__f1202 -> ok (109.7s)
[gpu0_w0] ratio3_sh0_dense__f1204 -> ok (109.0s)
[gpu0_w4] ratio3_sh0_dense__f1201 -> ok (110.7s)
[gpu1_w5] ratio3_sh0_dense__f1205 -> ok (109.5s)
[gpu0_w3] ratio3_sh0_dense__f1207 -> ok (109.2s)
[22:51:12]  Be careful with '--eval-mode=all'. If using camera optimization, the cameras    nerfstudio_dataparser.py:216
           may diverge in the current implementation, giving unpredictable results.                                     
            Be careful with '--eval-mode=all'. If using camera optimization, the cameras    nerfstudio_dataparser.py:216
           may diverge in the current implementation, giving unpredictable results.                                     
           use color only optimization with sigmoid activation                                         splatfacto.py:266
Loading latest checkpoint from load_dir
✅ Done loading checkpoint from 
outputs/ctrl_009_036_ratio3_sh0_dense_mid200/ratio3_sh0_dense/f1208/splatfacto/2026-08-20_224926/nerfstudio_models/step-
000001999.ckpt
0 Gaussians have NaN/Inf and 2 have low opacity, only export 719/721
[22:51:13]  Be careful with '--eval-mode=all'. If using camera optimization, the cameras    nerfstudio_dataparser.py:216
           may diverge in the current implementation, giving unpredictable results.                                     
            Be careful with '--eval-mode=all'. If using camera optimization, the cameras    nerfstudio_dataparser.py:216
           may diverge in the current implementation, giving unpredictable results.                                     
           use color only optimization with sigmoid activation                                         splatfacto.py:266
[22:51:13]  Be careful with '--eval-mode=all'. If using camera optimization, the cameras    nerfstudio_dataparser.py:216
           may diverge in the current implementation, giving unpredictable results.                                     
            Be careful with '--eval-mode=all'. If using camera optimization, the cameras    nerfstudio_dataparser.py:216
           may diverge in the current implementation, giving unpredictable results.                                     
[22:51:13]  Be careful with '--eval-mode=all'. If using camera optimization, the cameras    nerfstudio_dataparser.py:216
           may diverge in the current implementation, giving unpredictable results.                                     
            Be careful with '--eval-mode=all'. If using camera optimization, the cameras    nerfstudio_dataparser.py:216
           may diverge in the current implementation, giving unpredictable results.                                     
[22:51:14] use color only optimization with sigmoid activation                                         splatfacto.py:266
Loading latest checkpoint from load_dir
[22:51:14] use color only optimization with sigmoid activation                                         splatfacto.py:266
✅ Done loading checkpoint from 
outputs/ctrl_009_036_ratio3_sh0_dense_mid200/ratio3_sh0_dense/f1215/splatfacto/2026-08-20_224928/nerfstudio_models/step-
000001999.ckpt
0 Gaussians have NaN/Inf and 5 have low opacity, only export 773/778
[22:51:14]  Be careful with '--eval-mode=all'. If using camera optimization, the cameras    nerfstudio_dataparser.py:216
           may diverge in the current implementation, giving unpredictable results.                                     
            Be careful with '--eval-mode=all'. If using camera optimization, the cameras    nerfstudio_dataparser.py:216
           may diverge in the current implementation, giving unpredictable results.                                     
           use color only optimization with sigmoid activation                                         splatfacto.py:266
[22:51:14]  Be careful with '--eval-mode=all'. If using camera optimization, the cameras    nerfstudio_dataparser.py:216
           may diverge in the current implementation, giving unpredictable results.                                     
            Be careful with '--eval-mode=all'. If using camera optimization, the cameras    nerfstudio_dataparser.py:216
           may diverge in the current implementation, giving unpredictable results.                                     
[22:51:14]  Be careful with '--eval-mode=all'. If using camera optimization, the cameras    nerfstudio_dataparser.py:216
           may diverge in the current implementation, giving unpredictable results.                                     
            Be careful with '--eval-mode=all'. If using camera optimization, the cameras    nerfstudio_dataparser.py:216
           may diverge in the current implementation, giving unpredictable results.                                     
           use color only optimization with sigmoid activation                                         splatfacto.py:266
           use color only optimization with sigmoid activation                                         splatfacto.py:266
Loading latest checkpoint from load_dir
✅ Done loading checkpoint from 
outputs/ctrl_009_036_ratio3_sh0_dense_mid200/ratio3_sh0_dense/f1210/splatfacto/2026-08-20_224928/nerfstudio_models/step-
000001999.ckpt
0 Gaussians have NaN/Inf and 2 have low opacity, only export 691/693
[gpu1_w2] ratio3_sh0_dense__f1208 -> ok (110.8s)
Loading latest checkpoint from load_dir
[22:51:15]  Be careful with '--eval-mode=all'. If using camera optimization, the cameras    nerfstudio_dataparser.py:216
           may diverge in the current implementation, giving unpredictable results.                                     
            Be careful with '--eval-mode=all'. If using camera optimization, the cameras    nerfstudio_dataparser.py:216
           may diverge in the current implementation, giving unpredictable results.                                     
✅ Done loading checkpoint from 
outputs/ctrl_009_036_ratio3_sh0_dense_mid200/ratio3_sh0_dense/f1211/splatfacto/2026-08-20_224929/nerfstudio_models/step-
000001999.ckpt
Loading latest checkpoint from load_dir
✅ Done loading checkpoint from 
outputs/ctrl_009_036_ratio3_sh0_dense_mid200/ratio3_sh0_dense/f1212/splatfacto/2026-08-20_224928/nerfstudio_models/step-
000001999.ckpt
[22:51:15]  Be careful with '--eval-mode=all'. If using camera optimization, the cameras    nerfstudio_dataparser.py:216
           may diverge in the current implementation, giving unpredictable results.                                     
            Be careful with '--eval-mode=all'. If using camera optimization, the cameras    nerfstudio_dataparser.py:216
           may diverge in the current implementation, giving unpredictable results.                                     
0 Gaussians have NaN/Inf and 2 have low opacity, only export 789/791
[22:51:15]  Be careful with '--eval-mode=all'. If using camera optimization, the cameras    nerfstudio_dataparser.py:216
           may diverge in the current implementation, giving unpredictable results.                                     
            Be careful with '--eval-mode=all'. If using camera optimization, the cameras    nerfstudio_dataparser.py:216
           may diverge in the current implementation, giving unpredictable results.                                     
           use color only optimization with sigmoid activation                                         splatfacto.py:266
           use color only optimization with sigmoid activation                                         splatfacto.py:266
           use color only optimization with sigmoid activation                                         splatfacto.py:266
Loading latest checkpoint from load_dir
✅ Done loading checkpoint from 
outputs/ctrl_009_036_ratio3_sh0_dense_mid200/ratio3_sh0_dense/f1209/splatfacto/2026-08-20_224928/nerfstudio_models/step-
000001999.ckpt
0 Gaussians have NaN/Inf and 2 have low opacity, only export 711/713
Loading latest checkpoint from load_dir
[22:51:15]  Be careful with '--eval-mode=all'. If using camera optimization, the cameras    nerfstudio_dataparser.py:216
           may diverge in the current implementation, giving unpredictable results.                                     
            Be careful with '--eval-mode=all'. If using camera optimization, the cameras    nerfstudio_dataparser.py:216
           may diverge in the current implementation, giving unpredictable results.                                     
✅ Done loading checkpoint from 
outputs/ctrl_009_036_ratio3_sh0_dense_mid200/ratio3_sh0_dense/f1216/splatfacto/2026-08-20_224928/nerfstudio_models/step-
000001999.ckpt
0 Gaussians have NaN/Inf and 5 have low opacity, only export 772/777
[22:51:16]  Be careful with '--eval-mode=all'. If using camera optimization, the cameras    nerfstudio_dataparser.py:216
           may diverge in the current implementation, giving unpredictable results.                                     
            Be careful with '--eval-mode=all'. If using camera optimization, the cameras    nerfstudio_dataparser.py:216
           may diverge in the current implementation, giving unpredictable results.                                     
[gpu1_w0] ratio3_sh0_dense__f1215 -> ok (108.3s)
[22:51:16] use color only optimization with sigmoid activation                                         splatfacto.py:266
           use color only optimization with sigmoid activation                                         splatfacto.py:266
Loading latest checkpoint from load_dir
Loading latest checkpoint from load_dir
✅ Done loading checkpoint from 
outputs/ctrl_009_036_ratio3_sh0_dense_mid200/ratio3_sh0_dense/f1213/splatfacto/2026-08-20_224927/nerfstudio_models/step-
000001999.ckpt
Loading latest checkpoint from load_dir
✅ Done loading checkpoint from 
outputs/ctrl_009_036_ratio3_sh0_dense_mid200/ratio3_sh0_dense/f1218/splatfacto/2026-08-20_224929/nerfstudio_models/step-
000001999.ckpt
0 Gaussians have NaN/Inf and 4 have low opacity, only export 670/674
✅ Done loading checkpoint from 
outputs/ctrl_009_036_ratio3_sh0_dense_mid200/ratio3_sh0_dense/f1214/splatfacto/2026-08-20_224929/nerfstudio_models/step-
000001999.ckpt
0 Gaussians have NaN/Inf and 5 have low opacity, only export 729/734
Loading latest checkpoint from load_dir
✅ Done loading checkpoint from 
outputs/ctrl_009_036_ratio3_sh0_dense_mid200/ratio3_sh0_dense/f1217/splatfacto/2026-08-20_224929/nerfstudio_models/step-
000001999.ckpt
0 Gaussians have NaN/Inf and 3 have low opacity, only export 779/782
[gpu1_w3] ratio3_sh0_dense__f1212 -> ok (110.3s)
[gpu0_w5] ratio3_sh0_dense__f1210 -> ok (110.8s)
Loading latest checkpoint from load_dir
[gpu0_w1] ratio3_sh0_dense__f1211 -> ok (110.5s)
✅ Done loading checkpoint from 
outputs/ctrl_009_036_ratio3_sh0_dense_mid200/ratio3_sh0_dense/f1219/splatfacto/2026-08-20_224931/nerfstudio_models/step-
000001999.ckpt
0 Gaussians have NaN/Inf and 5 have low opacity, only export 721/726
[gpu1_w4] ratio3_sh0_dense__f1209 -> ok (111.8s)
[gpu0_w0] ratio3_sh0_dense__f1216 -> ok (110.0s)
[gpu1_w5] ratio3_sh0_dense__f1218 -> ok (109.8s)
[gpu0_w2] ratio3_sh0_dense__f1213 -> ok (110.6s)
[gpu1_w1] ratio3_sh0_dense__f1214 -> ok (110.6s)
[gpu0_w4] ratio3_sh0_dense__f1217 -> ok (110.2s)
[gpu0_w3] ratio3_sh0_dense__f1219 -> ok (110.3s)
[22:53:08]  Be careful with '--eval-mode=all'. If using camera optimization, the cameras    nerfstudio_dataparser.py:216
           may diverge in the current implementation, giving unpredictable results.                                     
            Be careful with '--eval-mode=all'. If using camera optimization, the cameras    nerfstudio_dataparser.py:216
           may diverge in the current implementation, giving unpredictable results.                                     
           use color only optimization with sigmoid activation                                         splatfacto.py:266
Loading latest checkpoint from load_dir
✅ Done loading checkpoint from 
outputs/ctrl_009_036_ratio3_sh0_dense_mid200/ratio3_sh0_dense/f1221/splatfacto/2026-08-20_225124/nerfstudio_models/step-
000001999.ckpt
0 Gaussians have NaN/Inf and 8 have low opacity, only export 687/695
[22:53:09]  Be careful with '--eval-mode=all'. If using camera optimization, the cameras    nerfstudio_dataparser.py:216
           may diverge in the current implementation, giving unpredictable results.                                     
[22:53:10]  Be careful with '--eval-mode=all'. If using camera optimization, the cameras    nerfstudio_dataparser.py:216
           may diverge in the current implementation, giving unpredictable results.                                     
[22:53:10]  Be careful with '--eval-mode=all'. If using camera optimization, the cameras    nerfstudio_dataparser.py:216
           may diverge in the current implementation, giving unpredictable results.                                     
            Be careful with '--eval-mode=all'. If using camera optimization, the cameras    nerfstudio_dataparser.py:216
           may diverge in the current implementation, giving unpredictable results.                                     
[22:53:10]  Be careful with '--eval-mode=all'. If using camera optimization, the cameras    nerfstudio_dataparser.py:216
           may diverge in the current implementation, giving unpredictable results.                                     
            Be careful with '--eval-mode=all'. If using camera optimization, the cameras    nerfstudio_dataparser.py:216
           may diverge in the current implementation, giving unpredictable results.                                     
[22:53:10]  Be careful with '--eval-mode=all'. If using camera optimization, the cameras    nerfstudio_dataparser.py:216
           may diverge in the current implementation, giving unpredictable results.                                     
            Be careful with '--eval-mode=all'. If using camera optimization, the cameras    nerfstudio_dataparser.py:216
           may diverge in the current implementation, giving unpredictable results.                                     
           use color only optimization with sigmoid activation                                         splatfacto.py:266
           use color only optimization with sigmoid activation                                         splatfacto.py:266
           use color only optimization with sigmoid activation                                         splatfacto.py:266
[22:53:10]  Be careful with '--eval-mode=all'. If using camera optimization, the cameras    nerfstudio_dataparser.py:216
           may diverge in the current implementation, giving unpredictable results.                                     
            Be careful with '--eval-mode=all'. If using camera optimization, the cameras    nerfstudio_dataparser.py:216
           may diverge in the current implementation, giving unpredictable results.                                     
           use color only optimization with sigmoid activation                                         splatfacto.py:266
[22:53:10]  Be careful with '--eval-mode=all'. If using camera optimization, the cameras    nerfstudio_dataparser.py:216
           may diverge in the current implementation, giving unpredictable results.                                     
            Be careful with '--eval-mode=all'. If using camera optimization, the cameras    nerfstudio_dataparser.py:216
           may diverge in the current implementation, giving unpredictable results.                                     
[22:53:10]  Be careful with '--eval-mode=all'. If using camera optimization, the cameras    nerfstudio_dataparser.py:216
           may diverge in the current implementation, giving unpredictable results.                                     
            Be careful with '--eval-mode=all'. If using camera optimization, the cameras    nerfstudio_dataparser.py:216
           may diverge in the current implementation, giving unpredictable results.                                     
           use color only optimization with sigmoid activation                                         splatfacto.py:266
           use color only optimization with sigmoid activation                                         splatfacto.py:266
           use color only optimization with sigmoid activation                                         splatfacto.py:266
[gpu1_w0] ratio3_sh0_dense__f1221 -> ok (108.1s)
[22:53:10]  Be careful with '--eval-mode=all'. If using camera optimization, the cameras    nerfstudio_dataparser.py:216
           may diverge in the current implementation, giving unpredictable results.                                     
            Be careful with '--eval-mode=all'. If using camera optimization, the cameras    nerfstudio_dataparser.py:216
           may diverge in the current implementation, giving unpredictable results.                                     
Loading latest checkpoint from load_dir
[22:53:11]  Be careful with '--eval-mode=all'. If using camera optimization, the cameras    nerfstudio_dataparser.py:216
           may diverge in the current implementation, giving unpredictable results.                                     
✅ Done loading checkpoint from 
outputs/ctrl_009_036_ratio3_sh0_dense_mid200/ratio3_sh0_dense/f1224/splatfacto/2026-08-20_225125/nerfstudio_models/step-
000001999.ckpt
            Be careful with '--eval-mode=all'. If using camera optimization, the cameras    nerfstudio_dataparser.py:216
           may diverge in the current implementation, giving unpredictable results.                                     
0 Gaussians have NaN/Inf and 11 have low opacity, only export 776/787
Loading latest checkpoint from load_dir
[22:53:11] use color only optimization with sigmoid activation                                         splatfacto.py:266
Loading latest checkpoint from load_dir
✅ Done loading checkpoint from 
outputs/ctrl_009_036_ratio3_sh0_dense_mid200/ratio3_sh0_dense/f1229/splatfacto/2026-08-20_225126/nerfstudio_models/step-
000001999.ckpt
✅ Done loading checkpoint from 
outputs/ctrl_009_036_ratio3_sh0_dense_mid200/ratio3_sh0_dense/f1225/splatfacto/2026-08-20_225124/nerfstudio_models/step-
000001999.ckpt
0 Gaussians have NaN/Inf and 5 have low opacity, only export 776/781
0 Gaussians have NaN/Inf and 4 have low opacity, only export 775/779
Loading latest checkpoint from load_dir
✅ Done loading checkpoint from 
outputs/ctrl_009_036_ratio3_sh0_dense_mid200/ratio3_sh0_dense/f1220/splatfacto/2026-08-20_225124/nerfstudio_models/step-
000001999.ckpt
0 Gaussians have NaN/Inf and 5 have low opacity, only export 653/658
           use color only optimization with sigmoid activation                                         splatfacto.py:266
Loading latest checkpoint from load_dir
✅ Done loading checkpoint from 
outputs/ctrl_009_036_ratio3_sh0_dense_mid200/ratio3_sh0_dense/f1228/splatfacto/2026-08-20_225124/nerfstudio_models/step-
000001999.ckpt
0 Gaussians have NaN/Inf and 2 have low opacity, only export 820/822
[22:53:11]  Be careful with '--eval-mode=all'. If using camera optimization, the cameras    nerfstudio_dataparser.py:216
           may diverge in the current implementation, giving unpredictable results.                                     
            Be careful with '--eval-mode=all'. If using camera optimization, the cameras    nerfstudio_dataparser.py:216
           may diverge in the current implementation, giving unpredictable results.                                     
Loading latest checkpoint from load_dir
✅ Done loading checkpoint from 
outputs/ctrl_009_036_ratio3_sh0_dense_mid200/ratio3_sh0_dense/f1223/splatfacto/2026-08-20_225124/nerfstudio_models/step-
000001999.ckpt
0 Gaussians have NaN/Inf and 1 have low opacity, only export 754/755
Loading latest checkpoint from load_dir
[22:53:11]  Be careful with '--eval-mode=all'. If using camera optimization, the cameras    nerfstudio_dataparser.py:216
           may diverge in the current implementation, giving unpredictable results.                                     
            Be careful with '--eval-mode=all'. If using camera optimization, the cameras    nerfstudio_dataparser.py:216
           may diverge in the current implementation, giving unpredictable results.                                     
✅ Done loading checkpoint from 
outputs/ctrl_009_036_ratio3_sh0_dense_mid200/ratio3_sh0_dense/f1231/splatfacto/2026-08-20_225125/nerfstudio_models/step-
000001999.ckpt
0 Gaussians have NaN/Inf and 2 have low opacity, only export 824/826
           use color only optimization with sigmoid activation                                         splatfacto.py:266
           use color only optimization with sigmoid activation                                         splatfacto.py:266
Loading latest checkpoint from load_dir
✅ Done loading checkpoint from 
outputs/ctrl_009_036_ratio3_sh0_dense_mid200/ratio3_sh0_dense/f1222/splatfacto/2026-08-20_225125/nerfstudio_models/step-
000001999.ckpt
Loading latest checkpoint from load_dir
✅ Done loading checkpoint from 
outputs/ctrl_009_036_ratio3_sh0_dense_mid200/ratio3_sh0_dense/f1227/splatfacto/2026-08-20_225126/nerfstudio_models/step-
000001999.ckpt
0 Gaussians have NaN/Inf and 3 have low opacity, only export 735/738
Loading latest checkpoint from load_dir
✅ Done loading checkpoint from 
outputs/ctrl_009_036_ratio3_sh0_dense_mid200/ratio3_sh0_dense/f1230/splatfacto/2026-08-20_225126/nerfstudio_models/step-
000001999.ckpt
0 Gaussians have NaN/Inf and 3 have low opacity, only export 767/770
Loading latest checkpoint from load_dir
✅ Done loading checkpoint from 
outputs/ctrl_009_036_ratio3_sh0_dense_mid200/ratio3_sh0_dense/f1226/splatfacto/2026-08-20_225126/nerfstudio_models/step-
000001999.ckpt
0 Gaussians have NaN/Inf and 7 have low opacity, only export 766/773
[gpu1_w4] ratio3_sh0_dense__f1225 -> ok (108.7s)
[gpu0_w1] ratio3_sh0_dense__f1224 -> ok (109.3s)
[gpu1_w1] ratio3_sh0_dense__f1229 -> ok (108.2s)
[gpu1_w2] ratio3_sh0_dense__f1220 -> ok (111.5s)
[gpu0_w5] ratio3_sh0_dense__f1223 -> ok (109.6s)
[gpu0_w2] ratio3_sh0_dense__f1228 -> ok (108.5s)
[gpu0_w3] ratio3_sh0_dense__f1231 -> ok (108.0s)
[gpu1_w3] ratio3_sh0_dense__f1222 -> ok (110.0s)
[gpu1_w5] ratio3_sh0_dense__f1227 -> ok (108.9s)
[gpu0_w0] ratio3_sh0_dense__f1226 -> ok (110.0s)
[gpu0_w4] ratio3_sh0_dense__f1230 -> ok (109.2s)
[22:55:04]  Be careful with '--eval-mode=all'. If using camera optimization, the cameras    nerfstudio_dataparser.py:216
           may diverge in the current implementation, giving unpredictable results.                                     
            Be careful with '--eval-mode=all'. If using camera optimization, the cameras    nerfstudio_dataparser.py:216
           may diverge in the current implementation, giving unpredictable results.                                     
           use color only optimization with sigmoid activation                                         splatfacto.py:266
[22:55:05]  Be careful with '--eval-mode=all'. If using camera optimization, the cameras    nerfstudio_dataparser.py:216
           may diverge in the current implementation, giving unpredictable results.                                     
            Be careful with '--eval-mode=all'. If using camera optimization, the cameras    nerfstudio_dataparser.py:216
           may diverge in the current implementation, giving unpredictable results.                                     
           use color only optimization with sigmoid activation                                         splatfacto.py:266
[22:55:05]  Be careful with '--eval-mode=all'. If using camera optimization, the cameras    nerfstudio_dataparser.py:216
           may diverge in the current implementation, giving unpredictable results.                                     
            Be careful with '--eval-mode=all'. If using camera optimization, the cameras    nerfstudio_dataparser.py:216
           may diverge in the current implementation, giving unpredictable results.                                     
Loading latest checkpoint from load_dir
✅ Done loading checkpoint from 
outputs/ctrl_009_036_ratio3_sh0_dense_mid200/ratio3_sh0_dense/f1232/splatfacto/2026-08-20_225320/nerfstudio_models/step-
000001999.ckpt
0 Gaussians have NaN/Inf and 3 have low opacity, only export 790/793
           use color only optimization with sigmoid activation                                         splatfacto.py:266
Loading latest checkpoint from load_dir
✅ Done loading checkpoint from 
outputs/ctrl_009_036_ratio3_sh0_dense_mid200/ratio3_sh0_dense/f1233/splatfacto/2026-08-20_225320/nerfstudio_models/step-
000001999.ckpt
0 Gaussians have NaN/Inf and 4 have low opacity, only export 813/817
[22:55:06]  Be careful with '--eval-mode=all'. If using camera optimization, the cameras    nerfstudio_dataparser.py:216
           may diverge in the current implementation, giving unpredictable results.                                     
            Be careful with '--eval-mode=all'. If using camera optimization, the cameras    nerfstudio_dataparser.py:216
           may diverge in the current implementation, giving unpredictable results.                                     
Loading latest checkpoint from load_dir
✅ Done loading checkpoint from 
outputs/ctrl_009_036_ratio3_sh0_dense_mid200/ratio3_sh0_dense/f1235/splatfacto/2026-08-20_225321/nerfstudio_models/step-
000001999.ckpt
0 Gaussians have NaN/Inf and 6 have low opacity, only export 867/873
[22:55:06]  Be careful with '--eval-mode=all'. If using camera optimization, the cameras    nerfstudio_dataparser.py:216
           may diverge in the current implementation, giving unpredictable results.                                     
            Be careful with '--eval-mode=all'. If using camera optimization, the cameras    nerfstudio_dataparser.py:216
           may diverge in the current implementation, giving unpredictable results.                                     
           use color only optimization with sigmoid activation                                         splatfacto.py:266
[22:55:09] use color only optimization with sigmoid activation                                         splatfacto.py:266
[22:55:09]  Be careful with '--eval-mode=all'. If using camera optimization, the cameras    nerfstudio_dataparser.py:216
           may diverge in the current implementation, giving unpredictable results.                                     
            Be careful with '--eval-mode=all'. If using camera optimization, the cameras    nerfstudio_dataparser.py:216
           may diverge in the current implementation, giving unpredictable results.                                     
[22:55:09]  Be careful with '--eval-mode=all'. If using camera optimization, the cameras    nerfstudio_dataparser.py:216
           may diverge in the current implementation, giving unpredictable results.                                     
            Be careful with '--eval-mode=all'. If using camera optimization, the cameras    nerfstudio_dataparser.py:216
           may diverge in the current implementation, giving unpredictable results.                                     
           use color only optimization with sigmoid activation                                         splatfacto.py:266
           use color only optimization with sigmoid activation                                         splatfacto.py:266
Loading latest checkpoint from load_dir
✅ Done loading checkpoint from 
outputs/ctrl_009_036_ratio3_sh0_dense_mid200/ratio3_sh0_dense/f1239/splatfacto/2026-08-20_225320/nerfstudio_models/step-
000001999.ckpt
0 Gaussians have NaN/Inf and 4 have low opacity, only export 847/851
[22:55:10]  Be careful with '--eval-mode=all'. If using camera optimization, the cameras    nerfstudio_dataparser.py:216
           may diverge in the current implementation, giving unpredictable results.                                     
Loading latest checkpoint from load_dir
            Be careful with '--eval-mode=all'. If using camera optimization, the cameras    nerfstudio_dataparser.py:216
           may diverge in the current implementation, giving unpredictable results.                                     
✅ Done loading checkpoint from 
outputs/ctrl_009_036_ratio3_sh0_dense_mid200/ratio3_sh0_dense/f1237/splatfacto/2026-08-20_225321/nerfstudio_models/step-
000001999.ckpt
0 Gaussians have NaN/Inf and 6 have low opacity, only export 862/868
[gpu1_w0] ratio3_sh0_dense__f1232 -> ok (110.1s)
           use color only optimization with sigmoid activation                                         splatfacto.py:266
Loading latest checkpoint from load_dir
✅ Done loading checkpoint from 
outputs/ctrl_009_036_ratio3_sh0_dense_mid200/ratio3_sh0_dense/f1236/splatfacto/2026-08-20_225321/nerfstudio_models/step-
000001999.ckpt
0 Gaussians have NaN/Inf and 3 have low opacity, only export 844/847
Loading latest checkpoint from load_dir
✅ Done loading checkpoint from 
outputs/ctrl_009_036_ratio3_sh0_dense_mid200/ratio3_sh0_dense/f1234/splatfacto/2026-08-20_225322/nerfstudio_models/step-
000001999.ckpt
0 Gaussians have NaN/Inf and 5 have low opacity, only export 859/864
[gpu1_w4] ratio3_sh0_dense__f1233 -> ok (108.4s)
[gpu1_w1] ratio3_sh0_dense__f1235 -> ok (108.6s)
[22:55:11]  Be careful with '--eval-mode=all'. If using camera optimization, the cameras    nerfstudio_dataparser.py:216
           may diverge in the current implementation, giving unpredictable results.                                     
            Be careful with '--eval-mode=all'. If using camera optimization, the cameras    nerfstudio_dataparser.py:216
           may diverge in the current implementation, giving unpredictable results.                                     
Loading latest checkpoint from load_dir
           use color only optimization with sigmoid activation                                         splatfacto.py:266
✅ Done loading checkpoint from 
outputs/ctrl_009_036_ratio3_sh0_dense_mid200/ratio3_sh0_dense/f1241/splatfacto/2026-08-20_225322/nerfstudio_models/step-
000001999.ckpt
[22:55:11]  Be careful with '--eval-mode=all'. If using camera optimization, the cameras    nerfstudio_dataparser.py:216
           may diverge in the current implementation, giving unpredictable results.                                     
0 Gaussians have NaN/Inf and 1 have low opacity, only export 936/937
            Be careful with '--eval-mode=all'. If using camera optimization, the cameras    nerfstudio_dataparser.py:216
           may diverge in the current implementation, giving unpredictable results.                                     
           use color only optimization with sigmoid activation                                         splatfacto.py:266
[22:55:11]  Be careful with '--eval-mode=all'. If using camera optimization, the cameras    nerfstudio_dataparser.py:216
           may diverge in the current implementation, giving unpredictable results.                                     
            Be careful with '--eval-mode=all'. If using camera optimization, the cameras    nerfstudio_dataparser.py:216
           may diverge in the current implementation, giving unpredictable results.                                     
           use color only optimization with sigmoid activation                                         splatfacto.py:266
[gpu0_w5] ratio3_sh0_dense__f1237 -> ok (109.3s)
[gpu0_w3] ratio3_sh0_dense__f1239 -> ok (109.2s)
Loading latest checkpoint from load_dir
✅ Done loading checkpoint from 
outputs/ctrl_009_036_ratio3_sh0_dense_mid200/ratio3_sh0_dense/f1240/splatfacto/2026-08-20_225322/nerfstudio_models/step-
000001999.ckpt
0 Gaussians have NaN/Inf and 1 have low opacity, only export 932/933
Loading latest checkpoint from load_dir
[22:55:12]  Be careful with '--eval-mode=all'. If using camera optimization, the cameras    nerfstudio_dataparser.py:216
           may diverge in the current implementation, giving unpredictable results.                                     
✅ Done loading checkpoint from 
outputs/ctrl_009_036_ratio3_sh0_dense_mid200/ratio3_sh0_dense/f1238/splatfacto/2026-08-20_225322/nerfstudio_models/step-
000001999.ckpt
            Be careful with '--eval-mode=all'. If using camera optimization, the cameras    nerfstudio_dataparser.py:216
           may diverge in the current implementation, giving unpredictable results.                                     
[gpu1_w2] ratio3_sh0_dense__f1236 -> ok (109.8s)
0 Gaussians have NaN/Inf and 3 have low opacity, only export 863/866
           use color only optimization with sigmoid activation                                         splatfacto.py:266
Loading latest checkpoint from load_dir
[gpu0_w1] ratio3_sh0_dense__f1234 -> ok (110.3s)
✅ Done loading checkpoint from 
outputs/ctrl_009_036_ratio3_sh0_dense_mid200/ratio3_sh0_dense/f1243/splatfacto/2026-08-20_225326/nerfstudio_models/step-
000001999.ckpt
0 Gaussians have NaN/Inf and 2 have low opacity, only export 916/918
[gpu1_w5] ratio3_sh0_dense__f1241 -> ok (109.9s)
Loading latest checkpoint from load_dir
✅ Done loading checkpoint from 
outputs/ctrl_009_036_ratio3_sh0_dense_mid200/ratio3_sh0_dense/f1242/splatfacto/2026-08-20_225322/nerfstudio_models/step-
000001999.ckpt
[gpu1_w3] ratio3_sh0_dense__f1240 -> ok (111.1s)
[gpu0_w2] ratio3_sh0_dense__f1238 -> ok (112.2s)
[gpu0_w4] ratio3_sh0_dense__f1243 -> ok (111.3s)
[gpu0_w0] ratio3_sh0_dense__f1242 -> ok (111.4s)
[22:57:03]  Be careful with '--eval-mode=all'. If using camera optimization, the cameras    nerfstudio_dataparser.py:216
           may diverge in the current implementation, giving unpredictable results.                                     
            Be careful with '--eval-mode=all'. If using camera optimization, the cameras    nerfstudio_dataparser.py:216
           may diverge in the current implementation, giving unpredictable results.                                     
           use color only optimization with sigmoid activation                                         splatfacto.py:266
[22:57:04]  Be careful with '--eval-mode=all'. If using camera optimization, the cameras    nerfstudio_dataparser.py:216
           may diverge in the current implementation, giving unpredictable results.                                     
            Be careful with '--eval-mode=all'. If using camera optimization, the cameras    nerfstudio_dataparser.py:216
           may diverge in the current implementation, giving unpredictable results.                                     
           use color only optimization with sigmoid activation                                         splatfacto.py:266
[22:57:04]  Be careful with '--eval-mode=all'. If using camera optimization, the cameras    nerfstudio_dataparser.py:216
           may diverge in the current implementation, giving unpredictable results.                                     
            Be careful with '--eval-mode=all'. If using camera optimization, the cameras    nerfstudio_dataparser.py:216
           may diverge in the current implementation, giving unpredictable results.                                     
Loading latest checkpoint from load_dir
✅ Done loading checkpoint from 
outputs/ctrl_009_036_ratio3_sh0_dense_mid200/ratio3_sh0_dense/f1247/splatfacto/2026-08-20_225520/nerfstudio_models/step-
000001999.ckpt
0 Gaussians have NaN/Inf and 4 have low opacity, only export 902/906
[22:57:04]  Be careful with '--eval-mode=all'. If using camera optimization, the cameras    nerfstudio_dataparser.py:216
           may diverge in the current implementation, giving unpredictable results.                                     
            Be careful with '--eval-mode=all'. If using camera optimization, the cameras    nerfstudio_dataparser.py:216
           may diverge in the current implementation, giving unpredictable results.                                     
           use color only optimization with sigmoid activation                                         splatfacto.py:266
           use color only optimization with sigmoid activation                                         splatfacto.py:266
Loading latest checkpoint from load_dir
✅ Done loading checkpoint from 
outputs/ctrl_009_036_ratio3_sh0_dense_mid200/ratio3_sh0_dense/f1244/splatfacto/2026-08-20_225519/nerfstudio_models/step-
000001999.ckpt
0 Gaussians have NaN/Inf and 3 have low opacity, only export 887/890
Loading latest checkpoint from load_dir
✅ Done loading checkpoint from 
outputs/ctrl_009_036_ratio3_sh0_dense_mid200/ratio3_sh0_dense/f1246/splatfacto/2026-08-20_225519/nerfstudio_models/step-
000001999.ckpt
[22:57:05]  Be careful with '--eval-mode=all'. If using camera optimization, the cameras    nerfstudio_dataparser.py:216
           may diverge in the current implementation, giving unpredictable results.                                     
            Be careful with '--eval-mode=all'. If using camera optimization, the cameras    nerfstudio_dataparser.py:216
           may diverge in the current implementation, giving unpredictable results.                                     
Loading latest checkpoint from load_dir
✅ Done loading checkpoint from 
outputs/ctrl_009_036_ratio3_sh0_dense_mid200/ratio3_sh0_dense/f1245/splatfacto/2026-08-20_225519/nerfstudio_models/step-
000001999.ckpt
           use color only optimization with sigmoid activation                                         splatfacto.py:266
[22:57:06]  Be careful with '--eval-mode=all'. If using camera optimization, the cameras    nerfstudio_dataparser.py:216
           may diverge in the current implementation, giving unpredictable results.                                     
            Be careful with '--eval-mode=all'. If using camera optimization, the cameras    nerfstudio_dataparser.py:216
           may diverge in the current implementation, giving unpredictable results.                                     
           use color only optimization with sigmoid activation                                         splatfacto.py:266
[22:57:06]  Be careful with '--eval-mode=all'. If using camera optimization, the cameras    nerfstudio_dataparser.py:216
           may diverge in the current implementation, giving unpredictable results.                                     
            Be careful with '--eval-mode=all'. If using camera optimization, the cameras    nerfstudio_dataparser.py:216
           may diverge in the current implementation, giving unpredictable results.                                     
Loading latest checkpoint from load_dir
✅ Done loading checkpoint from 
outputs/ctrl_009_036_ratio3_sh0_dense_mid200/ratio3_sh0_dense/f1251/splatfacto/2026-08-20_225521/nerfstudio_models/step-
000001999.ckpt
[22:57:06]  Be careful with '--eval-mode=all'. If using camera optimization, the cameras    nerfstudio_dataparser.py:216
           may diverge in the current implementation, giving unpredictable results.                                     
            Be careful with '--eval-mode=all'. If using camera optimization, the cameras    nerfstudio_dataparser.py:216
           may diverge in the current implementation, giving unpredictable results.                                     
[gpu0_w5] ratio3_sh0_dense__f1247 -> ok (107.7s)
           use color only optimization with sigmoid activation                                         splatfacto.py:266
           use color only optimization with sigmoid activation                                         splatfacto.py:266
[22:57:06]  Be careful with '--eval-mode=all'. If using camera optimization, the cameras    nerfstudio_dataparser.py:216
           may diverge in the current implementation, giving unpredictable results.                                     
            Be careful with '--eval-mode=all'. If using camera optimization, the cameras    nerfstudio_dataparser.py:216
           may diverge in the current implementation, giving unpredictable results.                                     
[22:57:06]  Be careful with '--eval-mode=all'. If using camera optimization, the cameras    nerfstudio_dataparser.py:216
           may diverge in the current implementation, giving unpredictable results.                                     
            Be careful with '--eval-mode=all'. If using camera optimization, the cameras    nerfstudio_dataparser.py:216
           may diverge in the current implementation, giving unpredictable results.                                     
Loading latest checkpoint from load_dir
[gpu1_w0] ratio3_sh0_dense__f1244 -> ok (110.2s)
[22:57:07] use color only optimization with sigmoid activation                                         splatfacto.py:266
✅ Done loading checkpoint from 
outputs/ctrl_009_036_ratio3_sh0_dense_mid200/ratio3_sh0_dense/f1248/splatfacto/2026-08-20_225520/nerfstudio_models/step-
000001999.ckpt
0 Gaussians have NaN/Inf and 2 have low opacity, only export 941/943
[22:57:07] use color only optimization with sigmoid activation                                         splatfacto.py:266
Loading latest checkpoint from load_dir
✅ Done loading checkpoint from 
outputs/ctrl_009_036_ratio3_sh0_dense_mid200/ratio3_sh0_dense/f1250/splatfacto/2026-08-20_225520/nerfstudio_models/step-
000001999.ckpt
0 Gaussians have NaN/Inf and 1 have low opacity, only export 912/913
[gpu1_w1] ratio3_sh0_dense__f1246 -> ok (109.7s)
Loading latest checkpoint from load_dir
✅ Done loading checkpoint from 
outputs/ctrl_009_036_ratio3_sh0_dense_mid200/ratio3_sh0_dense/f1252/splatfacto/2026-08-20_225521/nerfstudio_models/step-
000001999.ckpt
[gpu1_w4] ratio3_sh0_dense__f1245 -> ok (110.0s)
0 Gaussians have NaN/Inf and 1 have low opacity, only export 918/919
Loading latest checkpoint from load_dir
✅ Done loading checkpoint from 
outputs/ctrl_009_036_ratio3_sh0_dense_mid200/ratio3_sh0_dense/f1255/splatfacto/2026-08-20_225521/nerfstudio_models/step-
000001999.ckpt
0 Gaussians have NaN/Inf and 3 have low opacity, only export 884/887
Loading latest checkpoint from load_dir
✅ Done loading checkpoint from 
outputs/ctrl_009_036_ratio3_sh0_dense_mid200/ratio3_sh0_dense/f1249/splatfacto/2026-08-20_225521/nerfstudio_models/step-
000001999.ckpt
0 Gaussians have NaN/Inf and 3 have low opacity, only export 930/933
[gpu1_w5] ratio3_sh0_dense__f1251 -> ok (108.5s)
[22:57:08]  Be careful with '--eval-mode=all'. If using camera optimization, the cameras    nerfstudio_dataparser.py:216
           may diverge in the current implementation, giving unpredictable results.                                     
            Be careful with '--eval-mode=all'. If using camera optimization, the cameras    nerfstudio_dataparser.py:216
           may diverge in the current implementation, giving unpredictable results.                                     
[gpu0_w3] ratio3_sh0_dense__f1248 -> ok (109.9s)
           use color only optimization with sigmoid activation                                         splatfacto.py:266
[gpu0_w1] ratio3_sh0_dense__f1250 -> ok (109.7s)
[gpu1_w3] ratio3_sh0_dense__f1252 -> ok (108.3s)
[22:57:09]  Be careful with '--eval-mode=all'. If using camera optimization, the cameras    nerfstudio_dataparser.py:216
           may diverge in the current implementation, giving unpredictable results.                                     
            Be careful with '--eval-mode=all'. If using camera optimization, the cameras    nerfstudio_dataparser.py:216
           may diverge in the current implementation, giving unpredictable results.                                     
           use color only optimization with sigmoid activation                                         splatfacto.py:266
Loading latest checkpoint from load_dir
✅ Done loading checkpoint from 
outputs/ctrl_009_036_ratio3_sh0_dense_mid200/ratio3_sh0_dense/f1254/splatfacto/2026-08-20_225522/nerfstudio_models/step-
000001999.ckpt
0 Gaussians have NaN/Inf and 2 have low opacity, only export 800/802
[gpu0_w0] ratio3_sh0_dense__f1255 -> ok (107.7s)
[gpu1_w2] ratio3_sh0_dense__f1249 -> ok (110.7s)
Loading latest checkpoint from load_dir
✅ Done loading checkpoint from 
outputs/ctrl_009_036_ratio3_sh0_dense_mid200/ratio3_sh0_dense/f1253/splatfacto/2026-08-20_225523/nerfstudio_models/step-
000001999.ckpt
[gpu0_w4] ratio3_sh0_dense__f1254 -> ok (109.4s)
[gpu0_w2] ratio3_sh0_dense__f1253 -> ok (110.3s)
[22:58:58]  Be careful with '--eval-mode=all'. If using camera optimization, the cameras    nerfstudio_dataparser.py:216
           may diverge in the current implementation, giving unpredictable results.                                     
            Be careful with '--eval-mode=all'. If using camera optimization, the cameras    nerfstudio_dataparser.py:216
           may diverge in the current implementation, giving unpredictable results.                                     
[22:58:59] use color only optimization with sigmoid activation                                         splatfacto.py:266
Loading latest checkpoint from load_dir
✅ Done loading checkpoint from 
outputs/ctrl_009_036_ratio3_sh0_dense_mid200/ratio3_sh0_dense/f1256/splatfacto/2026-08-20_225715/nerfstudio_models/step-
000001999.ckpt
0 Gaussians have NaN/Inf and 1 have low opacity, only export 845/846
[22:59:00]  Be careful with '--eval-mode=all'. If using camera optimization, the cameras    nerfstudio_dataparser.py:216
           may diverge in the current implementation, giving unpredictable results.                                     
            Be careful with '--eval-mode=all'. If using camera optimization, the cameras    nerfstudio_dataparser.py:216
           may diverge in the current implementation, giving unpredictable results.                                     
           use color only optimization with sigmoid activation                                         splatfacto.py:266
Loading latest checkpoint from load_dir
✅ Done loading checkpoint from 
outputs/ctrl_009_036_ratio3_sh0_dense_mid200/ratio3_sh0_dense/f1257/splatfacto/2026-08-20_225715/nerfstudio_models/step-
000001999.ckpt
0 Gaussians have NaN/Inf and 2 have low opacity, only export 915/917
[22:59:01]  Be careful with '--eval-mode=all'. If using camera optimization, the cameras    nerfstudio_dataparser.py:216
           may diverge in the current implementation, giving unpredictable results.                                     
            Be careful with '--eval-mode=all'. If using camera optimization, the cameras    nerfstudio_dataparser.py:216
           may diverge in the current implementation, giving unpredictable results.                                     
[gpu0_w5] ratio3_sh0_dense__f1256 -> ok (108.4s)
[22:59:02] use color only optimization with sigmoid activation                                         splatfacto.py:266
[22:59:02]  Be careful with '--eval-mode=all'. If using camera optimization, the cameras    nerfstudio_dataparser.py:216
           may diverge in the current implementation, giving unpredictable results.                                     
            Be careful with '--eval-mode=all'. If using camera optimization, the cameras    nerfstudio_dataparser.py:216
           may diverge in the current implementation, giving unpredictable results.                                     
           use color only optimization with sigmoid activation                                         splatfacto.py:266
[22:59:02]  Be careful with '--eval-mode=all'. If using camera optimization, the cameras    nerfstudio_dataparser.py:216
           may diverge in the current implementation, giving unpredictable results.                                     
            Be careful with '--eval-mode=all'. If using camera optimization, the cameras    nerfstudio_dataparser.py:216
           may diverge in the current implementation, giving unpredictable results.                                     
Loading latest checkpoint from load_dir
           use color only optimization with sigmoid activation                                         splatfacto.py:266
✅ Done loading checkpoint from 
outputs/ctrl_009_036_ratio3_sh0_dense_mid200/ratio3_sh0_dense/f1262/splatfacto/2026-08-20_225717/nerfstudio_models/step-
000001999.ckpt
0 Gaussians have NaN/Inf and 5 have low opacity, only export 860/865
[22:59:02]  Be careful with '--eval-mode=all'. If using camera optimization, the cameras    nerfstudio_dataparser.py:216
           may diverge in the current implementation, giving unpredictable results.                                     
            Be careful with '--eval-mode=all'. If using camera optimization, the cameras    nerfstudio_dataparser.py:216
           may diverge in the current implementation, giving unpredictable results.                                     
[22:59:02]  Be careful with '--eval-mode=all'. If using camera optimization, the cameras    nerfstudio_dataparser.py:216
           may diverge in the current implementation, giving unpredictable results.                                     
            Be careful with '--eval-mode=all'. If using camera optimization, the cameras    nerfstudio_dataparser.py:216
           may diverge in the current implementation, giving unpredictable results.                                     
[22:59:03]  Be careful with '--eval-mode=all'. If using camera optimization, the cameras    nerfstudio_dataparser.py:216
           may diverge in the current implementation, giving unpredictable results.                                     
            Be careful with '--eval-mode=all'. If using camera optimization, the cameras    nerfstudio_dataparser.py:216
           may diverge in the current implementation, giving unpredictable results.                                     
Loading latest checkpoint from load_dir
✅ Done loading checkpoint from 
outputs/ctrl_009_036_ratio3_sh0_dense_mid200/ratio3_sh0_dense/f1264/splatfacto/2026-08-20_225717/nerfstudio_models/step-
000001999.ckpt
[22:59:03] use color only optimization with sigmoid activation                                         splatfacto.py:266
0 Gaussians have NaN/Inf and 1 have low opacity, only export 796/797
[22:59:03] use color only optimization with sigmoid activation                                         splatfacto.py:266
[22:59:03]  Be careful with '--eval-mode=all'. If using camera optimization, the cameras    nerfstudio_dataparser.py:216
           may diverge in the current implementation, giving unpredictable results.                                     
            Be careful with '--eval-mode=all'. If using camera optimization, the cameras    nerfstudio_dataparser.py:216
           may diverge in the current implementation, giving unpredictable results.                                     
           use color only optimization with sigmoid activation                                         splatfacto.py:266
[gpu1_w0] ratio3_sh0_dense__f1257 -> ok (109.4s)
           use color only optimization with sigmoid activation                                         splatfacto.py:266
Loading latest checkpoint from load_dir
✅ Done loading checkpoint from 
outputs/ctrl_009_036_ratio3_sh0_dense_mid200/ratio3_sh0_dense/f1259/splatfacto/2026-08-20_225716/nerfstudio_models/step-
000001999.ckpt
[22:59:03]  Be careful with '--eval-mode=all'. If using camera optimization, the cameras    nerfstudio_dataparser.py:216
           may diverge in the current implementation, giving unpredictable results.                                     
            Be careful with '--eval-mode=all'. If using camera optimization, the cameras    nerfstudio_dataparser.py:216
           may diverge in the current implementation, giving unpredictable results.                                     
[22:59:04] use color only optimization with sigmoid activation                                         splatfacto.py:266
[22:59:04]  Be careful with '--eval-mode=all'. If using camera optimization, the cameras    nerfstudio_dataparser.py:216
           may diverge in the current implementation, giving unpredictable results.                                     
Loading latest checkpoint from load_dir
            Be careful with '--eval-mode=all'. If using camera optimization, the cameras    nerfstudio_dataparser.py:216
           may diverge in the current implementation, giving unpredictable results.                                     
✅ Done loading checkpoint from 
outputs/ctrl_009_036_ratio3_sh0_dense_mid200/ratio3_sh0_dense/f1266/splatfacto/2026-08-20_225719/nerfstudio_models/step-
000001999.ckpt
0 Gaussians have NaN/Inf and 5 have low opacity, only export 756/761
[22:59:04]  Be careful with '--eval-mode=all'. If using camera optimization, the cameras    nerfstudio_dataparser.py:216
           may diverge in the current implementation, giving unpredictable results.                                     
            Be careful with '--eval-mode=all'. If using camera optimization, the cameras    nerfstudio_dataparser.py:216
           may diverge in the current implementation, giving unpredictable results.                                     
Loading latest checkpoint from load_dir
Loading latest checkpoint from load_dir
✅ Done loading checkpoint from 
outputs/ctrl_009_036_ratio3_sh0_dense_mid200/ratio3_sh0_dense/f1258/splatfacto/2026-08-20_225716/nerfstudio_models/step-
000001999.ckpt
✅ Done loading checkpoint from 
outputs/ctrl_009_036_ratio3_sh0_dense_mid200/ratio3_sh0_dense/f1263/splatfacto/2026-08-20_225716/nerfstudio_models/step-
000001999.ckpt
0 Gaussians have NaN/Inf and 2 have low opacity, only export 865/867
0 Gaussians have NaN/Inf and 4 have low opacity, only export 814/818
Loading latest checkpoint from load_dir
✅ Done loading checkpoint from 
outputs/ctrl_009_036_ratio3_sh0_dense_mid200/ratio3_sh0_dense/f1260/splatfacto/2026-08-20_225716/nerfstudio_models/step-
000001999.ckpt
0 Gaussians have NaN/Inf and 4 have low opacity, only export 849/853
           use color only optimization with sigmoid activation                                         splatfacto.py:266
           use color only optimization with sigmoid activation                                         splatfacto.py:266
[gpu0_w1] ratio3_sh0_dense__f1262 -> ok (108.8s)
Loading latest checkpoint from load_dir
✅ Done loading checkpoint from 
outputs/ctrl_009_036_ratio3_sh0_dense_mid200/ratio3_sh0_dense/f1265/splatfacto/2026-08-20_225718/nerfstudio_models/step-
000001999.ckpt
0 Gaussians have NaN/Inf and 4 have low opacity, only export 808/812
[gpu0_w0] ratio3_sh0_dense__f1264 -> ok (108.6s)
Loading latest checkpoint from load_dir
✅ Done loading checkpoint from 
outputs/ctrl_009_036_ratio3_sh0_dense_mid200/ratio3_sh0_dense/f1261/splatfacto/2026-08-20_225717/nerfstudio_models/step-
000001999.ckpt
0 Gaussians have NaN/Inf and 3 have low opacity, only export 827/830
Loading latest checkpoint from load_dir
✅ Done loading checkpoint from 
outputs/ctrl_009_036_ratio3_sh0_dense_mid200/ratio3_sh0_dense/f1267/splatfacto/2026-08-20_225719/nerfstudio_models/step-
000001999.ckpt
[gpu1_w4] ratio3_sh0_dense__f1259 -> ok (111.4s)
[gpu0_w4] ratio3_sh0_dense__f1266 -> ok (107.9s)
[gpu1_w5] ratio3_sh0_dense__f1260 -> ok (110.9s)
[gpu1_w3] ratio3_sh0_dense__f1263 -> ok (110.1s)
[gpu1_w1] ratio3_sh0_dense__f1258 -> ok (111.9s)
[gpu1_w2] ratio3_sh0_dense__f1265 -> ok (110.1s)
[gpu0_w3] ratio3_sh0_dense__f1261 -> ok (111.4s)
[gpu0_w2] ratio3_sh0_dense__f1267 -> ok (108.2s)
[23:00:58]  Be careful with '--eval-mode=all'. If using camera optimization, the cameras    nerfstudio_dataparser.py:216
           may diverge in the current implementation, giving unpredictable results.                                     
            Be careful with '--eval-mode=all'. If using camera optimization, the cameras    nerfstudio_dataparser.py:216
           may diverge in the current implementation, giving unpredictable results.                                     
           use color only optimization with sigmoid activation                                         splatfacto.py:266
[23:00:59]  Be careful with '--eval-mode=all'. If using camera optimization, the cameras    nerfstudio_dataparser.py:216
           may diverge in the current implementation, giving unpredictable results.                                     
            Be careful with '--eval-mode=all'. If using camera optimization, the cameras    nerfstudio_dataparser.py:216
           may diverge in the current implementation, giving unpredictable results.                                     
Loading latest checkpoint from load_dir
[23:00:59]  Be careful with '--eval-mode=all'. If using camera optimization, the cameras    nerfstudio_dataparser.py:216
           may diverge in the current implementation, giving unpredictable results.                                     
            Be careful with '--eval-mode=all'. If using camera optimization, the cameras    nerfstudio_dataparser.py:216
           may diverge in the current implementation, giving unpredictable results.                                     
✅ Done loading checkpoint from 
outputs/ctrl_009_036_ratio3_sh0_dense_mid200/ratio3_sh0_dense/f1269/splatfacto/2026-08-20_225915/nerfstudio_models/step-
000001999.ckpt
0 Gaussians have NaN/Inf and 2 have low opacity, only export 774/776
           use color only optimization with sigmoid activation                                         splatfacto.py:266
           use color only optimization with sigmoid activation                                         splatfacto.py:266
[23:00:59]  Be careful with '--eval-mode=all'. If using camera optimization, the cameras    nerfstudio_dataparser.py:216
           may diverge in the current implementation, giving unpredictable results.                                     
            Be careful with '--eval-mode=all'. If using camera optimization, the cameras    nerfstudio_dataparser.py:216
           may diverge in the current implementation, giving unpredictable results.                                     
[23:01:00] use color only optimization with sigmoid activation                                         splatfacto.py:266
Loading latest checkpoint from load_dir
✅ Done loading checkpoint from 
outputs/ctrl_009_036_ratio3_sh0_dense_mid200/ratio3_sh0_dense/f1268/splatfacto/2026-08-20_225913/nerfstudio_models/step-
000001999.ckpt
0 Gaussians have NaN/Inf and 4 have low opacity, only export 843/847
Loading latest checkpoint from load_dir
✅ Done loading checkpoint from 
outputs/ctrl_009_036_ratio3_sh0_dense_mid200/ratio3_sh0_dense/f1270/splatfacto/2026-08-20_225915/nerfstudio_models/step-
000001999.ckpt
0 Gaussians have NaN/Inf and 2 have low opacity, only export 719/721
[23:01:01]  Be careful with '--eval-mode=all'. If using camera optimization, the cameras    nerfstudio_dataparser.py:216
           may diverge in the current implementation, giving unpredictable results.                                     
            Be careful with '--eval-mode=all'. If using camera optimization, the cameras    nerfstudio_dataparser.py:216
           may diverge in the current implementation, giving unpredictable results.                                     
Loading latest checkpoint from load_dir
✅ Done loading checkpoint from 
outputs/ctrl_009_036_ratio3_sh0_dense_mid200/ratio3_sh0_dense/f1273/splatfacto/2026-08-20_225915/nerfstudio_models/step-
000001999.ckpt
0 Gaussians have NaN/Inf and 4 have low opacity, only export 728/732
           use color only optimization with sigmoid activation                                         splatfacto.py:266
[gpu1_w0] ratio3_sh0_dense__f1269 -> ok (109.2s)
[23:01:01]  Be careful with '--eval-mode=all'. If using camera optimization, the cameras    nerfstudio_dataparser.py:216
           may diverge in the current implementation, giving unpredictable results.                                     
            Be careful with '--eval-mode=all'. If using camera optimization, the cameras    nerfstudio_dataparser.py:216
           may diverge in the current implementation, giving unpredictable results.                                     
[23:01:01]  Be careful with '--eval-mode=all'. If using camera optimization, the cameras    nerfstudio_dataparser.py:216
           may diverge in the current implementation, giving unpredictable results.                                     
            Be careful with '--eval-mode=all'. If using camera optimization, the cameras    nerfstudio_dataparser.py:216
           may diverge in the current implementation, giving unpredictable results.                                     
[23:01:01]  Be careful with '--eval-mode=all'. If using camera optimization, the cameras    nerfstudio_dataparser.py:216
           may diverge in the current implementation, giving unpredictable results.                                     
            Be careful with '--eval-mode=all'. If using camera optimization, the cameras    nerfstudio_dataparser.py:216
           may diverge in the current implementation, giving unpredictable results.                                     
[23:01:02]  Be careful with '--eval-mode=all'. If using camera optimization, the cameras    nerfstudio_dataparser.py:216
           may diverge in the current implementation, giving unpredictable results.                                     
Loading latest checkpoint from load_dir
            Be careful with '--eval-mode=all'. If using camera optimization, the cameras    nerfstudio_dataparser.py:216
           may diverge in the current implementation, giving unpredictable results.                                     
[23:01:02] use color only optimization with sigmoid activation                                         splatfacto.py:266
✅ Done loading checkpoint from 
outputs/ctrl_009_036_ratio3_sh0_dense_mid200/ratio3_sh0_dense/f1279/splatfacto/2026-08-20_225916/nerfstudio_models/step-
000001999.ckpt
0 Gaussians have NaN/Inf and 4 have low opacity, only export 728/732
[23:01:02]  Be careful with '--eval-mode=all'. If using camera optimization, the cameras    nerfstudio_dataparser.py:216
           may diverge in the current implementation, giving unpredictable results.                                     
[23:01:02] use color only optimization with sigmoid activation                                         splatfacto.py:266
            Be careful with '--eval-mode=all'. If using camera optimization, the cameras    nerfstudio_dataparser.py:216
           may diverge in the current implementation, giving unpredictable results.                                     
[23:01:02] use color only optimization with sigmoid activation                                         splatfacto.py:266
           use color only optimization with sigmoid activation                                         splatfacto.py:266
[23:01:02]  Be careful with '--eval-mode=all'. If using camera optimization, the cameras    nerfstudio_dataparser.py:216
           may diverge in the current implementation, giving unpredictable results.                                     
            Be careful with '--eval-mode=all'. If using camera optimization, the cameras    nerfstudio_dataparser.py:216
           may diverge in the current implementation, giving unpredictable results.                                     
           use color only optimization with sigmoid activation                                         splatfacto.py:266
[gpu0_w5] ratio3_sh0_dense__f1268 -> ok (111.7s)
[23:01:02]  Be careful with '--eval-mode=all'. If using camera optimization, the cameras    nerfstudio_dataparser.py:216
           may diverge in the current implementation, giving unpredictable results.                                     
           use color only optimization with sigmoid activation                                         splatfacto.py:266
[gpu0_w1] ratio3_sh0_dense__f1270 -> ok (108.7s)
            Be careful with '--eval-mode=all'. If using camera optimization, the cameras    nerfstudio_dataparser.py:216
           may diverge in the current implementation, giving unpredictable results.                                     
           use color only optimization with sigmoid activation                                         splatfacto.py:266
Loading latest checkpoint from load_dir
[gpu0_w4] ratio3_sh0_dense__f1273 -> ok (107.8s)
✅ Done loading checkpoint from 
outputs/ctrl_009_036_ratio3_sh0_dense_mid200/ratio3_sh0_dense/f1275/splatfacto/2026-08-20_225915/nerfstudio_models/step-
000001999.ckpt
0 Gaussians have NaN/Inf and 2 have low opacity, only export 680/682
Loading latest checkpoint from load_dir
✅ Done loading checkpoint from 
outputs/ctrl_009_036_ratio3_sh0_dense_mid200/ratio3_sh0_dense/f1276/splatfacto/2026-08-20_225917/nerfstudio_models/step-
000001999.ckpt
0 Gaussians have NaN/Inf and 4 have low opacity, only export 655/659
Loading latest checkpoint from load_dir
✅ Done loading checkpoint from 
outputs/ctrl_009_036_ratio3_sh0_dense_mid200/ratio3_sh0_dense/f1271/splatfacto/2026-08-20_225915/nerfstudio_models/step-
000001999.ckpt
0 Gaussians have NaN/Inf and 2 have low opacity, only export 741/743
Loading latest checkpoint from load_dir
✅ Done loading checkpoint from 
outputs/ctrl_009_036_ratio3_sh0_dense_mid200/ratio3_sh0_dense/f1278/splatfacto/2026-08-20_225916/nerfstudio_models/step-
000001999.ckpt
0 Gaussians have NaN/Inf and 3 have low opacity, only export 682/685
Loading latest checkpoint from load_dir
✅ Done loading checkpoint from 
outputs/ctrl_009_036_ratio3_sh0_dense_mid200/ratio3_sh0_dense/f1277/splatfacto/2026-08-20_225917/nerfstudio_models/step-
000001999.ckpt
0 Gaussians have NaN/Inf and 4 have low opacity, only export 719/723
Loading latest checkpoint from load_dir
✅ Done loading checkpoint from 
outputs/ctrl_009_036_ratio3_sh0_dense_mid200/ratio3_sh0_dense/f1272/splatfacto/2026-08-20_225916/nerfstudio_models/step-
000001999.ckpt
0 Gaussians have NaN/Inf and 1 have low opacity, only export 755/756
Loading latest checkpoint from load_dir
✅ Done loading checkpoint from 
outputs/ctrl_009_036_ratio3_sh0_dense_mid200/ratio3_sh0_dense/f1274/splatfacto/2026-08-20_225917/nerfstudio_models/step-
000001999.ckpt
0 Gaussians have NaN/Inf and 3 have low opacity, only export 663/666
[gpu0_w2] ratio3_sh0_dense__f1279 -> ok (108.2s)
[gpu1_w1] ratio3_sh0_dense__f1276 -> ok (109.8s)
[gpu1_w3] ratio3_sh0_dense__f1275 -> ok (109.9s)
[gpu1_w2] ratio3_sh0_dense__f1277 -> ok (109.3s)
[gpu0_w0] ratio3_sh0_dense__f1271 -> ok (111.0s)
[gpu0_w3] ratio3_sh0_dense__f1278 -> ok (109.2s)
[gpu1_w4] ratio3_sh0_dense__f1272 -> ok (110.6s)
[gpu1_w5] ratio3_sh0_dense__f1274 -> ok (110.5s)
[23:02:55]  Be careful with '--eval-mode=all'. If using camera optimization, the cameras    nerfstudio_dataparser.py:216
           may diverge in the current implementation, giving unpredictable results.                                     
            Be careful with '--eval-mode=all'. If using camera optimization, the cameras    nerfstudio_dataparser.py:216
           may diverge in the current implementation, giving unpredictable results.                                     
[23:02:56] use color only optimization with sigmoid activation                                         splatfacto.py:266
[23:02:56]  Be careful with '--eval-mode=all'. If using camera optimization, the cameras    nerfstudio_dataparser.py:216
           may diverge in the current implementation, giving unpredictable results.                                     
            Be careful with '--eval-mode=all'. If using camera optimization, the cameras    nerfstudio_dataparser.py:216
           may diverge in the current implementation, giving unpredictable results.                                     
           use color only optimization with sigmoid activation                                         splatfacto.py:266
[23:02:56]  Be careful with '--eval-mode=all'. If using camera optimization, the cameras    nerfstudio_dataparser.py:216
           may diverge in the current implementation, giving unpredictable results.                                     
            Be careful with '--eval-mode=all'. If using camera optimization, the cameras    nerfstudio_dataparser.py:216
           may diverge in the current implementation, giving unpredictable results.                                     
[23:02:57] use color only optimization with sigmoid activation                                         splatfacto.py:266
Loading latest checkpoint from load_dir
✅ Done loading checkpoint from 
outputs/ctrl_009_036_ratio3_sh0_dense_mid200/ratio3_sh0_dense/f1280/splatfacto/2026-08-20_230110/nerfstudio_models/step-
000001999.ckpt
0 Gaussians have NaN/Inf and 4 have low opacity, only export 714/718
Loading latest checkpoint from load_dir
✅ Done loading checkpoint from 
outputs/ctrl_009_036_ratio3_sh0_dense_mid200/ratio3_sh0_dense/f1283/splatfacto/2026-08-20_230111/nerfstudio_models/step-
000001999.ckpt
0 Gaussians have NaN/Inf and 3 have low opacity, only export 706/709
[23:02:57]  Be careful with '--eval-mode=all'. If using camera optimization, the cameras    nerfstudio_dataparser.py:216
           may diverge in the current implementation, giving unpredictable results.                                     
            Be careful with '--eval-mode=all'. If using camera optimization, the cameras    nerfstudio_dataparser.py:216
           may diverge in the current implementation, giving unpredictable results.                                     
           use color only optimization with sigmoid activation                                         splatfacto.py:266
[23:02:57]  Be careful with '--eval-mode=all'. If using camera optimization, the cameras    nerfstudio_dataparser.py:216
           may diverge in the current implementation, giving unpredictable results.                                     
            Be careful with '--eval-mode=all'. If using camera optimization, the cameras    nerfstudio_dataparser.py:216
           may diverge in the current implementation, giving unpredictable results.                                     
[23:02:57]  Be careful with '--eval-mode=all'. If using camera optimization, the cameras    nerfstudio_dataparser.py:216
           may diverge in the current implementation, giving unpredictable results.                                     
            Be careful with '--eval-mode=all'. If using camera optimization, the cameras    nerfstudio_dataparser.py:216
           may diverge in the current implementation, giving unpredictable results.                                     
Loading latest checkpoint from load_dir
✅ Done loading checkpoint from 
outputs/ctrl_009_036_ratio3_sh0_dense_mid200/ratio3_sh0_dense/f1282/splatfacto/2026-08-20_230110/nerfstudio_models/step-
000001999.ckpt
0 Gaussians have NaN/Inf and 2 have low opacity, only export 648/650
[23:02:57]  Be careful with '--eval-mode=all'. If using camera optimization, the cameras    nerfstudio_dataparser.py:216
           may diverge in the current implementation, giving unpredictable results.                                     
            Be careful with '--eval-mode=all'. If using camera optimization, the cameras    nerfstudio_dataparser.py:216
           may diverge in the current implementation, giving unpredictable results.                                     
[23:02:58] use color only optimization with sigmoid activation                                         splatfacto.py:266
[23:02:58] use color only optimization with sigmoid activation                                         splatfacto.py:266
[23:02:58] use color only optimization with sigmoid activation                                         splatfacto.py:266
[23:02:58]  Be careful with '--eval-mode=all'. If using camera optimization, the cameras    nerfstudio_dataparser.py:216
           may diverge in the current implementation, giving unpredictable results.                                     
            Be careful with '--eval-mode=all'. If using camera optimization, the cameras    nerfstudio_dataparser.py:216
           may diverge in the current implementation, giving unpredictable results.                                     
Loading latest checkpoint from load_dir
✅ Done loading checkpoint from 
outputs/ctrl_009_036_ratio3_sh0_dense_mid200/ratio3_sh0_dense/f1288/splatfacto/2026-08-20_230112/nerfstudio_models/step-
000001999.ckpt
           use color only optimization with sigmoid activation                                         splatfacto.py:266
0 Gaussians have NaN/Inf and 1 have low opacity, only export 784/785
Loading latest checkpoint from load_dir
Loading latest checkpoint from load_dir
✅ Done loading checkpoint from 
outputs/ctrl_009_036_ratio3_sh0_dense_mid200/ratio3_sh0_dense/f1281/splatfacto/2026-08-20_230111/nerfstudio_models/step-
000001999.ckpt
0 Gaussians have NaN/Inf and 1 have low opacity, only export 706/707
Loading latest checkpoint from load_dir
✅ Done loading checkpoint from 
outputs/ctrl_009_036_ratio3_sh0_dense_mid200/ratio3_sh0_dense/f1284/splatfacto/2026-08-20_230113/nerfstudio_models/step-
000001999.ckpt
0 Gaussians have NaN/Inf and 4 have low opacity, only export 729/733
✅ Done loading checkpoint from 
outputs/ctrl_009_036_ratio3_sh0_dense_mid200/ratio3_sh0_dense/f1291/splatfacto/2026-08-20_230113/nerfstudio_models/step-
000001999.ckpt
0 Gaussians have NaN/Inf and 6 have low opacity, only export 712/718
[23:02:59]  Be careful with '--eval-mode=all'. If using camera optimization, the cameras    nerfstudio_dataparser.py:216
           may diverge in the current implementation, giving unpredictable results.                                     
            Be careful with '--eval-mode=all'. If using camera optimization, the cameras    nerfstudio_dataparser.py:216
           may diverge in the current implementation, giving unpredictable results.                                     
[gpu1_w0] ratio3_sh0_dense__f1280 -> ok (111.1s)
           use color only optimization with sigmoid activation                                         splatfacto.py:266
Loading latest checkpoint from load_dir
✅ Done loading checkpoint from 
outputs/ctrl_009_036_ratio3_sh0_dense_mid200/ratio3_sh0_dense/f1287/splatfacto/2026-08-20_230112/nerfstudio_models/step-
000001999.ckpt
0 Gaussians have NaN/Inf and 1 have low opacity, only export 728/729
[gpu0_w4] ratio3_sh0_dense__f1283 -> ok (109.9s)
[23:02:59]  Be careful with '--eval-mode=all'. If using camera optimization, the cameras    nerfstudio_dataparser.py:216
           may diverge in the current implementation, giving unpredictable results.                                     
            Be careful with '--eval-mode=all'. If using camera optimization, the cameras    nerfstudio_dataparser.py:216
           may diverge in the current implementation, giving unpredictable results.                                     
           use color only optimization with sigmoid activation                                         splatfacto.py:266
[23:02:59]  Be careful with '--eval-mode=all'. If using camera optimization, the cameras    nerfstudio_dataparser.py:216
           may diverge in the current implementation, giving unpredictable results.                                     
            Be careful with '--eval-mode=all'. If using camera optimization, the cameras    nerfstudio_dataparser.py:216
           may diverge in the current implementation, giving unpredictable results.                                     
Loading latest checkpoint from load_dir
✅ Done loading checkpoint from 
outputs/ctrl_009_036_ratio3_sh0_dense_mid200/ratio3_sh0_dense/f1290/splatfacto/2026-08-20_230113/nerfstudio_models/step-
000001999.ckpt
0 Gaussians have NaN/Inf and 1 have low opacity, only export 784/785
[gpu0_w1] ratio3_sh0_dense__f1282 -> ok (110.9s)
[23:03:00] use color only optimization with sigmoid activation                                         splatfacto.py:266
[gpu0_w0] ratio3_sh0_dense__f1288 -> ok (108.7s)
Loading latest checkpoint from load_dir
✅ Done loading checkpoint from 
outputs/ctrl_009_036_ratio3_sh0_dense_mid200/ratio3_sh0_dense/f1289/splatfacto/2026-08-20_230113/nerfstudio_models/step-
000001999.ckpt
0 Gaussians have NaN/Inf and 2 have low opacity, only export 723/725
Loading latest checkpoint from load_dir
[gpu0_w5] ratio3_sh0_dense__f1281 -> ok (111.8s)
✅ Done loading checkpoint from 
outputs/ctrl_009_036_ratio3_sh0_dense_mid200/ratio3_sh0_dense/f1285/splatfacto/2026-08-20_230114/nerfstudio_models/step-
000001999.ckpt
[gpu0_w2] ratio3_sh0_dense__f1284 -> ok (110.1s)
0 Gaussians have NaN/Inf and 3 have low opacity, only export 742/745
[gpu1_w5] ratio3_sh0_dense__f1291 -> ok (108.9s)
[gpu1_w2] ratio3_sh0_dense__f1287 -> ok (109.4s)
[23:03:01]  Be careful with '--eval-mode=all'. If using camera optimization, the cameras    nerfstudio_dataparser.py:216
           may diverge in the current implementation, giving unpredictable results.                                     
            Be careful with '--eval-mode=all'. If using camera optimization, the cameras    nerfstudio_dataparser.py:216
           may diverge in the current implementation, giving unpredictable results.                                     
[gpu1_w4] ratio3_sh0_dense__f1290 -> ok (109.9s)
[gpu1_w4] queue drained: 16 ok, 0 failed
           use color only optimization with sigmoid activation                                         splatfacto.py:266
[gpu0_w3] ratio3_sh0_dense__f1289 -> ok (110.7s)
[gpu0_w3] queue drained: 16 ok, 0 failed
Loading latest checkpoint from load_dir
✅ Done loading checkpoint from 
outputs/ctrl_009_036_ratio3_sh0_dense_mid200/ratio3_sh0_dense/f1286/splatfacto/2026-08-20_230113/nerfstudio_models/step-
000001999.ckpt
0 Gaussians have NaN/Inf and 1 have low opacity, only export 714/715
[gpu1_w1] ratio3_sh0_dense__f1285 -> ok (111.2s)
[gpu1_w1] queue drained: 16 ok, 0 failed
[gpu1_w3] ratio3_sh0_dense__f1286 -> ok (112.7s)
[gpu1_w3] queue drained: 16 ok, 0 failed
[23:04:27]  Be careful with '--eval-mode=all'. If using camera optimization, the cameras    nerfstudio_dataparser.py:216
           may diverge in the current implementation, giving unpredictable results.                                     
            Be careful with '--eval-mode=all'. If using camera optimization, the cameras    nerfstudio_dataparser.py:216
           may diverge in the current implementation, giving unpredictable results.                                     
[23:04:28] use color only optimization with sigmoid activation                                         splatfacto.py:266
Loading latest checkpoint from load_dir
✅ Done loading checkpoint from 
outputs/ctrl_009_036_ratio3_sh0_dense_mid200/ratio3_sh0_dense/f1292/splatfacto/2026-08-20_230307/nerfstudio_models/step-
000001999.ckpt
0 Gaussians have NaN/Inf and 5 have low opacity, only export 718/723
[23:04:29]  Be careful with '--eval-mode=all'. If using camera optimization, the cameras    nerfstudio_dataparser.py:216
           may diverge in the current implementation, giving unpredictable results.                                     
            Be careful with '--eval-mode=all'. If using camera optimization, the cameras    nerfstudio_dataparser.py:216
           may diverge in the current implementation, giving unpredictable results.                                     
[23:04:30] use color only optimization with sigmoid activation                                         splatfacto.py:266
[gpu1_w0] ratio3_sh0_dense__f1292 -> ok (84.8s)
[gpu1_w0] queue drained: 17 ok, 0 failed
Loading latest checkpoint from load_dir
✅ Done loading checkpoint from 
outputs/ctrl_009_036_ratio3_sh0_dense_mid200/ratio3_sh0_dense/f1298/splatfacto/2026-08-20_230309/nerfstudio_models/step-
000001999.ckpt
0 Gaussians have NaN/Inf and 6 have low opacity, only export 691/697
[23:04:30]  Be careful with '--eval-mode=all'. If using camera optimization, the cameras    nerfstudio_dataparser.py:216
           may diverge in the current implementation, giving unpredictable results.                                     
            Be careful with '--eval-mode=all'. If using camera optimization, the cameras    nerfstudio_dataparser.py:216
           may diverge in the current implementation, giving unpredictable results.                                     
[23:04:31] use color only optimization with sigmoid activation                                         splatfacto.py:266
Loading latest checkpoint from load_dir
[23:04:32]  Be careful with '--eval-mode=all'. If using camera optimization, the cameras    nerfstudio_dataparser.py:216
           may diverge in the current implementation, giving unpredictable results.                                     
            Be careful with '--eval-mode=all'. If using camera optimization, the cameras    nerfstudio_dataparser.py:216
           may diverge in the current implementation, giving unpredictable results.                                     
✅ Done loading checkpoint from 
outputs/ctrl_009_036_ratio3_sh0_dense_mid200/ratio3_sh0_dense/f1299/splatfacto/2026-08-20_230309/nerfstudio_models/step-
000001999.ckpt
0 Gaussians have NaN/Inf and 6 have low opacity, only export 648/654
           use color only optimization with sigmoid activation                                         splatfacto.py:266
[23:04:32]  Be careful with '--eval-mode=all'. If using camera optimization, the cameras    nerfstudio_dataparser.py:216
           may diverge in the current implementation, giving unpredictable results.                                     
            Be careful with '--eval-mode=all'. If using camera optimization, the cameras    nerfstudio_dataparser.py:216
           may diverge in the current implementation, giving unpredictable results.                                     
           use color only optimization with sigmoid activation                                         splatfacto.py:266
[gpu1_w5] ratio3_sh0_dense__f1298 -> ok (84.9s)
[gpu1_w5] queue drained: 17 ok, 0 failed
Loading latest checkpoint from load_dir
✅ Done loading checkpoint from 
outputs/ctrl_009_036_ratio3_sh0_dense_mid200/ratio3_sh0_dense/f1295/splatfacto/2026-08-20_230307/nerfstudio_models/step-
000001999.ckpt
0 Gaussians have NaN/Inf and 7 have low opacity, only export 754/761
Loading latest checkpoint from load_dir
✅ Done loading checkpoint from 
outputs/ctrl_009_036_ratio3_sh0_dense_mid200/ratio3_sh0_dense/f1293/splatfacto/2026-08-20_230306/nerfstudio_models/step-
000001999.ckpt
0 Gaussians have NaN/Inf and 5 have low opacity, only export 726/731
[gpu1_w2] ratio3_sh0_dense__f1299 -> ok (86.0s)
[gpu1_w2] queue drained: 17 ok, 0 failed
[23:04:34]  Be careful with '--eval-mode=all'. If using camera optimization, the cameras    nerfstudio_dataparser.py:216
           may diverge in the current implementation, giving unpredictable results.                                     
            Be careful with '--eval-mode=all'. If using camera optimization, the cameras    nerfstudio_dataparser.py:216
           may diverge in the current implementation, giving unpredictable results.                                     
[gpu0_w0] ratio3_sh0_dense__f1295 -> ok (87.5s)
[gpu0_w0] queue drained: 17 ok, 0 failed
           use color only optimization with sigmoid activation                                         splatfacto.py:266
[23:04:34]  Be careful with '--eval-mode=all'. If using camera optimization, the cameras    nerfstudio_dataparser.py:216
           may diverge in the current implementation, giving unpredictable results.                                     
[23:04:35]  Be careful with '--eval-mode=all'. If using camera optimization, the cameras    nerfstudio_dataparser.py:216
           may diverge in the current implementation, giving unpredictable results.                                     
[23:04:35]  Be careful with '--eval-mode=all'. If using camera optimization, the cameras    nerfstudio_dataparser.py:216
           may diverge in the current implementation, giving unpredictable results.                                     
            Be careful with '--eval-mode=all'. If using camera optimization, the cameras    nerfstudio_dataparser.py:216
           may diverge in the current implementation, giving unpredictable results.                                     
[gpu0_w4] ratio3_sh0_dense__f1293 -> ok (89.1s)
[gpu0_w4] queue drained: 17 ok, 0 failed
           use color only optimization with sigmoid activation                                         splatfacto.py:266
           use color only optimization with sigmoid activation                                         splatfacto.py:266
Loading latest checkpoint from load_dir
✅ Done loading checkpoint from 
outputs/ctrl_009_036_ratio3_sh0_dense_mid200/ratio3_sh0_dense/f1297/splatfacto/2026-08-20_230307/nerfstudio_models/step-
000001999.ckpt
0 Gaussians have NaN/Inf and 15 have low opacity, only export 677/692
Loading latest checkpoint from load_dir
✅ Done loading checkpoint from 
outputs/ctrl_009_036_ratio3_sh0_dense_mid200/ratio3_sh0_dense/f1296/splatfacto/2026-08-20_230308/nerfstudio_models/step-
000001999.ckpt
0 Gaussians have NaN/Inf and 5 have low opacity, only export 700/705
Loading latest checkpoint from load_dir
✅ Done loading checkpoint from 
outputs/ctrl_009_036_ratio3_sh0_dense_mid200/ratio3_sh0_dense/f1294/splatfacto/2026-08-20_230308/nerfstudio_models/step-
000001999.ckpt
0 Gaussians have NaN/Inf and 9 have low opacity, only export 755/764
[gpu0_w2] ratio3_sh0_dense__f1297 -> ok (89.4s)
[gpu0_w2] queue drained: 17 ok, 0 failed
[gpu0_w5] ratio3_sh0_dense__f1296 -> ok (90.2s)
[gpu0_w5] queue drained: 17 ok, 0 failed
[gpu0_w1] ratio3_sh0_dense__f1294 -> ok (91.0s)
[gpu0_w1] queue drained: 17 ok, 0 failed
Surviving points (all 4 cameras): 1888
After outlier removal: 1801 points
Saved -> /home/computer0/fly_project/fly_gsplat/ctrl_009/036/f1298/init_points.ply
[prepare] frame 1298 data ready
Dataset generated successfully at: /home/computer0/fly_project/fly_gsplat/ctrl_009/036/f1299
4 cameras loaded
Seed: [ 0.00354077 -0.01530553 -0.00266442]  triangulation residual=0.048 mm
Sampled 10000 points in 2mm sphere
Surviving points (all 4 cameras): 1864
After outlier removal: 1784 points
Saved -> /home/computer0/fly_project/fly_gsplat/ctrl_009/036/f1299/init_points.ply
[prepare] frame 1299 data ready
=== Phase B: build queue ===
[queue] 200 tasks queued, 0 already done (skipped)
=== Phase C: dispatch 2x6 workers ===
Done in 1843.8s: 200 ok, 0 failed -> /home/computer0/fly_project/fly_gsplat/outputs/ctrl_009_036_ratio3_sh0_dense_mid200/schedule_summary.json
