=== Phase A: data prep ===
Dataset generated successfully at: /home/computer0/fly_project/fly_gsplat/ctrl_009/033/f1100
4 cameras loaded
Seed: [ 0.01372321 -0.00111935 -0.00589343]  triangulation residual=0.036 mm
Sampled 10000 points in 2mm sphere
Surviving points (all 4 cameras): 1880
After outlier removal: 1803 points
Saved -> /home/computer0/fly_project/fly_gsplat/ctrl_009/033/f1100/init_points.ply
[prepare] frame 1100 data ready
Dataset generated successfully at: /home/computer0/fly_project/fly_gsplat/ctrl_009/033/f1101
4 cameras loaded
Seed: [ 0.01368937 -0.00114716 -0.00591805]  triangulation residual=0.059 mm
Sampled 10000 points in 2mm sphere
Surviving points (all 4 cameras): 1896
After outlier removal: 1823 points
Saved -> /home/computer0/fly_project/fly_gsplat/ctrl_009/033/f1101/init_points.ply
[prepare] frame 1101 data ready
Dataset generated successfully at: /home/computer0/fly_project/fly_gsplat/ctrl_009/033/f1102
4 cameras loaded
Seed: [ 0.01365864 -0.00117587 -0.00594005]  triangulation residual=0.085 mm
Sampled 10000 points in 2mm sphere
Surviving points (all 4 cameras): 1827
After outlier removal: 1759 points
Saved -> /home/computer0/fly_project/fly_gsplat/ctrl_009/033/f1102/init_points.ply
[prepare] frame 1102 data ready
Dataset generated successfully at: /home/computer0/fly_project/fly_gsplat/ctrl_009/033/f1103
4 cameras loaded
Seed: [ 0.013645   -0.00120609 -0.00597029]  triangulation residual=0.109 mm
Sampled 10000 points in 2mm sphere
Surviving points (all 4 cameras): 1863
After outlier removal: 1784 points
Saved -> /home/computer0/fly_project/fly_gsplat/ctrl_009/033/f1103/init_points.ply
[prepare] frame 1103 data ready
Dataset generated successfully at: /home/computer0/fly_project/fly_gsplat/ctrl_009/033/f1104
4 cameras loaded
Seed: [ 0.01362876 -0.00124001 -0.00599483]  triangulation residual=0.118 mm
Sampled 10000 points in 2mm sphere
Surviving points (all 4 cameras): 1870
After outlier removal: 1795 points
Saved -> /home/computer0/fly_project/fly_gsplat/ctrl_009/033/f1104/init_points.ply
[prepare] frame 1104 data ready
Dataset generated successfully at: /home/computer0/fly_project/fly_gsplat/ctrl_009/033/f1105
4 cameras loaded
Seed: [ 0.01362126 -0.00127017 -0.00601832]  triangulation residual=0.122 mm
Sampled 10000 points in 2mm sphere
Surviving points (all 4 cameras): 1897
After outlier removal: 1811 points
Saved -> /home/computer0/fly_project/fly_gsplat/ctrl_009/033/f1105/init_points.ply
[prepare] frame 1105 data ready
Dataset generated successfully at: /home/computer0/fly_project/fly_gsplat/ctrl_009/033/f1106
4 cameras loaded
Seed: [ 0.01360504 -0.00130874 -0.00604001]  triangulation residual=0.123 mm
Sampled 10000 points in 2mm sphere
Surviving points (all 4 cameras): 1889
After outlier removal: 1813 points
Saved -> /home/computer0/fly_project/fly_gsplat/ctrl_009/033/f1106/init_points.ply
[prepare] frame 1106 data ready
Dataset generated successfully at: /home/computer0/fly_project/fly_gsplat/ctrl_009/033/f1107
4 cameras loaded
Seed: [ 0.01358248 -0.00133379 -0.00606156]  triangulation residual=0.126 mm
Sampled 10000 points in 2mm sphere
Surviving points (all 4 cameras): 1959
After outlier removal: 1873 points
Saved -> /home/computer0/fly_project/fly_gsplat/ctrl_009/033/f1107/init_points.ply
[prepare] frame 1107 data ready
Dataset generated successfully at: /home/computer0/fly_project/fly_gsplat/ctrl_009/033/f1108
4 cameras loaded
Seed: [ 0.01356541 -0.00135931 -0.00609162]  triangulation residual=0.123 mm
Sampled 10000 points in 2mm sphere
Surviving points (all 4 cameras): 1913
After outlier removal: 1836 points
Saved -> /home/computer0/fly_project/fly_gsplat/ctrl_009/033/f1108/init_points.ply
[prepare] frame 1108 data ready
Dataset generated successfully at: /home/computer0/fly_project/fly_gsplat/ctrl_009/033/f1109
4 cameras loaded
Seed: [ 0.01354965 -0.00137742 -0.00611713]  triangulation residual=0.120 mm
Sampled 10000 points in 2mm sphere
Surviving points (all 4 cameras): 1968
After outlier removal: 1901 points
Saved -> /home/computer0/fly_project/fly_gsplat/ctrl_009/033/f1109/init_points.ply
[prepare] frame 1109 data ready
Dataset generated successfully at: /home/computer0/fly_project/fly_gsplat/ctrl_009/033/f1110
4 cameras loaded
Seed: [ 0.01353341 -0.00139996 -0.0061377 ]  triangulation residual=0.116 mm
Sampled 10000 points in 2mm sphere
Surviving points (all 4 cameras): 2081
After outlier removal: 1992 points
Saved -> /home/computer0/fly_project/fly_gsplat/ctrl_009/033/f1110/init_points.ply
[prepare] frame 1110 data ready
Dataset generated successfully at: /home/computer0/fly_project/fly_gsplat/ctrl_009/033/f1111
4 cameras loaded
Seed: [ 0.01352023 -0.00141032 -0.00615708]  triangulation residual=0.111 mm
Sampled 10000 points in 2mm sphere
Surviving points (all 4 cameras): 2015
After outlier removal: 1938 points
Saved -> /home/computer0/fly_project/fly_gsplat/ctrl_009/033/f1111/init_points.ply
[prepare] frame 1111 data ready
Dataset generated successfully at: /home/computer0/fly_project/fly_gsplat/ctrl_009/033/f1112
4 cameras loaded
Seed: [ 0.01351822 -0.00142541 -0.00617629]  triangulation residual=0.104 mm
Sampled 10000 points in 2mm sphere
Surviving points (all 4 cameras): 2055
After outlier removal: 1981 points
Saved -> /home/computer0/fly_project/fly_gsplat/ctrl_009/033/f1112/init_points.ply
[prepare] frame 1112 data ready
Dataset generated successfully at: /home/computer0/fly_project/fly_gsplat/ctrl_009/033/f1113
4 cameras loaded
Seed: [ 0.01351547 -0.00143097 -0.00619803]  triangulation residual=0.100 mm
Sampled 10000 points in 2mm sphere
Surviving points (all 4 cameras): 2105
After outlier removal: 2014 points
Saved -> /home/computer0/fly_project/fly_gsplat/ctrl_009/033/f1113/init_points.ply
[prepare] frame 1113 data ready
Dataset generated successfully at: /home/computer0/fly_project/fly_gsplat/ctrl_009/033/f1114
4 cameras loaded
Seed: [ 0.01351545 -0.00143589 -0.00621683]  triangulation residual=0.093 mm
Sampled 10000 points in 2mm sphere
Surviving points (all 4 cameras): 2055
After outlier removal: 1971 points
Saved -> /home/computer0/fly_project/fly_gsplat/ctrl_009/033/f1114/init_points.ply
[prepare] frame 1114 data ready
Dataset generated successfully at: /home/computer0/fly_project/fly_gsplat/ctrl_009/033/f1115
4 cameras loaded
Seed: [ 0.01352435 -0.00142943 -0.00623524]  triangulation residual=0.098 mm
Sampled 10000 points in 2mm sphere
Surviving points (all 4 cameras): 2154
After outlier removal: 2073 points
Saved -> /home/computer0/fly_project/fly_gsplat/ctrl_009/033/f1115/init_points.ply
[prepare] frame 1115 data ready
Dataset generated successfully at: /home/computer0/fly_project/fly_gsplat/ctrl_009/033/f1116
4 cameras loaded
Seed: [ 0.01353536 -0.00141928 -0.0062422 ]  triangulation residual=0.106 mm
Sampled 10000 points in 2mm sphere
Surviving points (all 4 cameras): 2116
After outlier removal: 2023 points
Saved -> /home/computer0/fly_project/fly_gsplat/ctrl_009/033/f1116/init_points.ply
[prepare] frame 1116 data ready
Dataset generated successfully at: /home/computer0/fly_project/fly_gsplat/ctrl_009/033/f1117
4 cameras loaded
Seed: [ 0.01355451 -0.00139304 -0.00623766]  triangulation residual=0.119 mm
Sampled 10000 points in 2mm sphere
Surviving points (all 4 cameras): 2028
After outlier removal: 1957 points
Saved -> /home/computer0/fly_project/fly_gsplat/ctrl_009/033/f1117/init_points.ply
[prepare] frame 1117 data ready
Dataset generated successfully at: /home/computer0/fly_project/fly_gsplat/ctrl_009/033/f1118
4 cameras loaded
Seed: [ 0.01357856 -0.00136069 -0.00622923]  triangulation residual=0.145 mm
Sampled 10000 points in 2mm sphere
Surviving points (all 4 cameras): 1939
After outlier removal: 1856 points
Saved -> /home/computer0/fly_project/fly_gsplat/ctrl_009/033/f1118/init_points.ply
[prepare] frame 1118 data ready
Dataset generated successfully at: /home/computer0/fly_project/fly_gsplat/ctrl_009/033/f1119
4 cameras loaded
Seed: [ 0.01360561 -0.00131338 -0.00623571]  triangulation residual=0.173 mm
Sampled 10000 points in 2mm sphere
Surviving points (all 4 cameras): 1773
After outlier removal: 1692 points
Saved -> /home/computer0/fly_project/fly_gsplat/ctrl_009/033/f1119/init_points.ply
[prepare] frame 1119 data ready
Dataset generated successfully at: /home/computer0/fly_project/fly_gsplat/ctrl_009/033/f1120
4 cameras loaded
Seed: [ 0.01359375 -0.0013087  -0.00625834]  triangulation residual=0.147 mm
Sampled 10000 points in 2mm sphere
Surviving points (all 4 cameras): 1880
After outlier removal: 1800 points
Saved -> /home/computer0/fly_project/fly_gsplat/ctrl_009/033/f1120/init_points.ply
[prepare] frame 1120 data ready
Dataset generated successfully at: /home/computer0/fly_project/fly_gsplat/ctrl_009/033/f1121
4 cameras loaded
Seed: [ 0.0135676  -0.00131055 -0.00627226]  triangulation residual=0.114 mm
Sampled 10000 points in 2mm sphere
Surviving points (all 4 cameras): 1934
After outlier removal: 1857 points
Saved -> /home/computer0/fly_project/fly_gsplat/ctrl_009/033/f1121/init_points.ply
[prepare] frame 1121 data ready
Dataset generated successfully at: /home/computer0/fly_project/fly_gsplat/ctrl_009/033/f1122
4 cameras loaded
Seed: [ 0.01354287 -0.00131755 -0.00629904]  triangulation residual=0.085 mm
Sampled 10000 points in 2mm sphere
Surviving points (all 4 cameras): 2111
After outlier removal: 2029 points
Saved -> /home/computer0/fly_project/fly_gsplat/ctrl_009/033/f1122/init_points.ply
[prepare] frame 1122 data ready
Dataset generated successfully at: /home/computer0/fly_project/fly_gsplat/ctrl_009/033/f1123
4 cameras loaded
Seed: [ 0.01352996 -0.00134329 -0.00634136]  triangulation residual=0.053 mm
Sampled 10000 points in 2mm sphere
Surviving points (all 4 cameras): 2202
After outlier removal: 2097 points
Saved -> /home/computer0/fly_project/fly_gsplat/ctrl_009/033/f1123/init_points.ply
[prepare] frame 1123 data ready
Dataset generated successfully at: /home/computer0/fly_project/fly_gsplat/ctrl_009/033/f1124
4 cameras loaded
Seed: [ 0.01352157 -0.00136264 -0.00638223]  triangulation residual=0.026 mm
Sampled 10000 points in 2mm sphere
Surviving points (all 4 cameras): 2280
After outlier removal: 2179 points
Saved -> /home/computer0/fly_project/fly_gsplat/ctrl_009/033/f1124/init_points.ply
[prepare] frame 1124 data ready
Dataset generated successfully at: /home/computer0/fly_project/fly_gsplat/ctrl_009/033/f1125
4 cameras loaded
Seed: [ 0.01352461 -0.00137033 -0.00640751]  triangulation residual=0.033 mm
Sampled 10000 points in 2mm sphere
Surviving points (all 4 cameras): 2285
After outlier removal: 2197 points
Saved -> /home/computer0/fly_project/fly_gsplat/ctrl_009/033/f1125/init_points.ply
[prepare] frame 1125 data ready
Dataset generated successfully at: /home/computer0/fly_project/fly_gsplat/ctrl_009/033/f1126
4 cameras loaded
Seed: [ 0.01352911 -0.00137243 -0.00642621]  triangulation residual=0.057 mm
Sampled 10000 points in 2mm sphere
Surviving points (all 4 cameras): 2346
After outlier removal: 2251 points
Saved -> /home/computer0/fly_project/fly_gsplat/ctrl_009/033/f1126/init_points.ply
[prepare] frame 1126 data ready
Dataset generated successfully at: /home/computer0/fly_project/fly_gsplat/ctrl_009/033/f1127
4 cameras loaded
Seed: [ 0.01353226 -0.00137079 -0.0064293 ]  triangulation residual=0.060 mm
Sampled 10000 points in 2mm sphere
Surviving points (all 4 cameras): 2433
After outlier removal: 2326 points
Saved -> /home/computer0/fly_project/fly_gsplat/ctrl_009/033/f1127/init_points.ply
[prepare] frame 1127 data ready
Dataset generated successfully at: /home/computer0/fly_project/fly_gsplat/ctrl_009/033/f1128
4 cameras loaded
Seed: [ 0.01352961 -0.00136276 -0.00643123]  triangulation residual=0.059 mm
Sampled 10000 points in 2mm sphere
Surviving points (all 4 cameras): 2411
After outlier removal: 2311 points
Saved -> /home/computer0/fly_project/fly_gsplat/ctrl_009/033/f1128/init_points.ply
[prepare] frame 1128 data ready
Dataset generated successfully at: /home/computer0/fly_project/fly_gsplat/ctrl_009/033/f1129
4 cameras loaded
Seed: [ 0.01353138 -0.00134531 -0.00642376]  triangulation residual=0.064 mm
Sampled 10000 points in 2mm sphere
Surviving points (all 4 cameras): 2341
After outlier removal: 2246 points
Saved -> /home/computer0/fly_project/fly_gsplat/ctrl_009/033/f1129/init_points.ply
[prepare] frame 1129 data ready
Dataset generated successfully at: /home/computer0/fly_project/fly_gsplat/ctrl_009/033/f1130
4 cameras loaded
Seed: [ 0.01353616 -0.00131617 -0.00640912]  triangulation residual=0.078 mm
Sampled 10000 points in 2mm sphere
Surviving points (all 4 cameras): 2212
After outlier removal: 2120 points
Saved -> /home/computer0/fly_project/fly_gsplat/ctrl_009/033/f1130/init_points.ply
[prepare] frame 1130 data ready
Dataset generated successfully at: /home/computer0/fly_project/fly_gsplat/ctrl_009/033/f1131
4 cameras loaded
Seed: [ 0.01354842 -0.00128705 -0.00639806]  triangulation residual=0.096 mm
Sampled 10000 points in 2mm sphere
Surviving points (all 4 cameras): 2199
After outlier removal: 2111 points
Saved -> /home/computer0/fly_project/fly_gsplat/ctrl_009/033/f1131/init_points.ply
[prepare] frame 1131 data ready
Dataset generated successfully at: /home/computer0/fly_project/fly_gsplat/ctrl_009/033/f1132
4 cameras loaded
Seed: [ 0.0135608  -0.001264   -0.00639236]  triangulation residual=0.109 mm
Sampled 10000 points in 2mm sphere
Surviving points (all 4 cameras): 2103
After outlier removal: 2016 points
Saved -> /home/computer0/fly_project/fly_gsplat/ctrl_009/033/f1132/init_points.ply
[prepare] frame 1132 data ready
Dataset generated successfully at: /home/computer0/fly_project/fly_gsplat/ctrl_009/033/f1133
4 cameras loaded
Seed: [ 0.01357744 -0.00123855 -0.00638191]  triangulation residual=0.123 mm
Sampled 10000 points in 2mm sphere
Surviving points (all 4 cameras): 2063
After outlier removal: 1977 points
Saved -> /home/computer0/fly_project/fly_gsplat/ctrl_009/033/f1133/init_points.ply
[prepare] frame 1133 data ready
Dataset generated successfully at: /home/computer0/fly_project/fly_gsplat/ctrl_009/033/f1134
4 cameras loaded
Seed: [ 0.01359762 -0.00122066 -0.0063739 ]  triangulation residual=0.133 mm
Sampled 10000 points in 2mm sphere
Surviving points (all 4 cameras): 2027
After outlier removal: 1941 points
Saved -> /home/computer0/fly_project/fly_gsplat/ctrl_009/033/f1134/init_points.ply
[prepare] frame 1134 data ready
Dataset generated successfully at: /home/computer0/fly_project/fly_gsplat/ctrl_009/033/f1135
4 cameras loaded
Seed: [ 0.01362019 -0.00120314 -0.00636484]  triangulation residual=0.142 mm
Sampled 10000 points in 2mm sphere
Surviving points (all 4 cameras): 2071
After outlier removal: 1983 points
Saved -> /home/computer0/fly_project/fly_gsplat/ctrl_009/033/f1135/init_points.ply
[prepare] frame 1135 data ready
Dataset generated successfully at: /home/computer0/fly_project/fly_gsplat/ctrl_009/033/f1136
4 cameras loaded
Seed: [ 0.01364094 -0.00118795 -0.00635579]  triangulation residual=0.148 mm
Sampled 10000 points in 2mm sphere
Surviving points (all 4 cameras): 2054
After outlier removal: 1972 points
Saved -> /home/computer0/fly_project/fly_gsplat/ctrl_009/033/f1136/init_points.ply
[prepare] frame 1136 data ready
Dataset generated successfully at: /home/computer0/fly_project/fly_gsplat/ctrl_009/033/f1137
4 cameras loaded
Seed: [ 0.01366939 -0.00116515 -0.00635047]  triangulation residual=0.151 mm
Sampled 10000 points in 2mm sphere
Surviving points (all 4 cameras): 2035
After outlier removal: 1962 points
Saved -> /home/computer0/fly_project/fly_gsplat/ctrl_009/033/f1137/init_points.ply
[prepare] frame 1137 data ready
Dataset generated successfully at: /home/computer0/fly_project/fly_gsplat/ctrl_009/033/f1138
4 cameras loaded
Seed: [ 0.01369833 -0.00114024 -0.00634764]  triangulation residual=0.150 mm
Sampled 10000 points in 2mm sphere
Surviving points (all 4 cameras): 2022
After outlier removal: 1945 points
Saved -> /home/computer0/fly_project/fly_gsplat/ctrl_009/033/f1138/init_points.ply
[prepare] frame 1138 data ready
Dataset generated successfully at: /home/computer0/fly_project/fly_gsplat/ctrl_009/033/f1139
4 cameras loaded
Seed: [ 0.01373682 -0.0011131  -0.00633527]  triangulation residual=0.146 mm
Sampled 10000 points in 2mm sphere
Surviving points (all 4 cameras): 2012
After outlier removal: 1933 points
Saved -> /home/computer0/fly_project/fly_gsplat/ctrl_009/033/f1139/init_points.ply
[prepare] frame 1139 data ready
Dataset generated successfully at: /home/computer0/fly_project/fly_gsplat/ctrl_009/033/f1140
4 cameras loaded
Seed: [ 0.0137767  -0.00108014 -0.00632605]  triangulation residual=0.144 mm
Sampled 10000 points in 2mm sphere
Surviving points (all 4 cameras): 1940
After outlier removal: 1849 points
Saved -> /home/computer0/fly_project/fly_gsplat/ctrl_009/033/f1140/init_points.ply
[prepare] frame 1140 data ready
Dataset generated successfully at: /home/computer0/fly_project/fly_gsplat/ctrl_009/033/f1141
4 cameras loaded
Seed: [ 0.01381976 -0.0010417  -0.00630448]  triangulation residual=0.133 mm
Sampled 10000 points in 2mm sphere
Surviving points (all 4 cameras): 1982
After outlier removal: 1901 points
Saved -> /home/computer0/fly_project/fly_gsplat/ctrl_009/033/f1141/init_points.ply
[prepare] frame 1141 data ready
Dataset generated successfully at: /home/computer0/fly_project/fly_gsplat/ctrl_009/033/f1142
4 cameras loaded
Seed: [ 0.01386761 -0.00100438 -0.0062771 ]  triangulation residual=0.120 mm
Sampled 10000 points in 2mm sphere
Surviving points (all 4 cameras): 2017
After outlier removal: 1944 points
Saved -> /home/computer0/fly_project/fly_gsplat/ctrl_009/033/f1142/init_points.ply
[prepare] frame 1142 data ready
Dataset generated successfully at: /home/computer0/fly_project/fly_gsplat/ctrl_009/033/f1143
4 cameras loaded
Seed: [ 0.01391322 -0.00096196 -0.00624991]  triangulation residual=0.110 mm
Sampled 10000 points in 2mm sphere
Surviving points (all 4 cameras): 1954
After outlier removal: 1876 points
Saved -> /home/computer0/fly_project/fly_gsplat/ctrl_009/033/f1143/init_points.ply
[prepare] frame 1143 data ready
Dataset generated successfully at: /home/computer0/fly_project/fly_gsplat/ctrl_009/033/f1144
4 cameras loaded
Seed: [ 0.01396534 -0.00091921 -0.0062226 ]  triangulation residual=0.093 mm
Sampled 10000 points in 2mm sphere
Surviving points (all 4 cameras): 1943
After outlier removal: 1869 points
Saved -> /home/computer0/fly_project/fly_gsplat/ctrl_009/033/f1144/init_points.ply
[prepare] frame 1144 data ready
Dataset generated successfully at: /home/computer0/fly_project/fly_gsplat/ctrl_009/033/f1145
4 cameras loaded
Seed: [ 0.01400961 -0.00087183 -0.0062044 ]  triangulation residual=0.074 mm
Sampled 10000 points in 2mm sphere
Surviving points (all 4 cameras): 1964
After outlier removal: 1887 points
Saved -> /home/computer0/fly_project/fly_gsplat/ctrl_009/033/f1145/init_points.ply
[prepare] frame 1145 data ready
Dataset generated successfully at: /home/computer0/fly_project/fly_gsplat/ctrl_009/033/f1146
4 cameras loaded
Seed: [ 0.01405915 -0.00083144 -0.00618257]  triangulation residual=0.062 mm
Sampled 10000 points in 2mm sphere
Surviving points (all 4 cameras): 1935
After outlier removal: 1844 points
Saved -> /home/computer0/fly_project/fly_gsplat/ctrl_009/033/f1146/init_points.ply
[prepare] frame 1146 data ready
Dataset generated successfully at: /home/computer0/fly_project/fly_gsplat/ctrl_009/033/f1147
4 cameras loaded
Seed: [ 0.01410318 -0.00078245 -0.00616816]  triangulation residual=0.046 mm
Sampled 10000 points in 2mm sphere
Surviving points (all 4 cameras): 2049
After outlier removal: 1968 points
Saved -> /home/computer0/fly_project/fly_gsplat/ctrl_009/033/f1147/init_points.ply
[prepare] frame 1147 data ready
Dataset generated successfully at: /home/computer0/fly_project/fly_gsplat/ctrl_009/033/f1148
4 cameras loaded
Seed: [ 0.01415161 -0.00074216 -0.00615077]  triangulation residual=0.041 mm
Sampled 10000 points in 2mm sphere
Surviving points (all 4 cameras): 1953
After outlier removal: 1871 points
Saved -> /home/computer0/fly_project/fly_gsplat/ctrl_009/033/f1148/init_points.ply
[prepare] frame 1148 data ready
Dataset generated successfully at: /home/computer0/fly_project/fly_gsplat/ctrl_009/033/f1149
4 cameras loaded
Seed: [ 0.01419614 -0.00069573 -0.00613832]  triangulation residual=0.039 mm
Sampled 10000 points in 2mm sphere
Surviving points (all 4 cameras): 2039
After outlier removal: 1966 points
Saved -> /home/computer0/fly_project/fly_gsplat/ctrl_009/033/f1149/init_points.ply
[prepare] frame 1149 data ready
Dataset generated successfully at: /home/computer0/fly_project/fly_gsplat/ctrl_009/033/f1150
4 cameras loaded
Seed: [ 0.01423569 -0.00065127 -0.00613162]  triangulation residual=0.037 mm
Sampled 10000 points in 2mm sphere
Surviving points (all 4 cameras): 2014
After outlier removal: 1934 points
Saved -> /home/computer0/fly_project/fly_gsplat/ctrl_009/033/f1150/init_points.ply
[prepare] frame 1150 data ready
Dataset generated successfully at: /home/computer0/fly_project/fly_gsplat/ctrl_009/033/f1151
4 cameras loaded
Seed: [ 0.01426876 -0.00061044 -0.00612604]  triangulation residual=0.039 mm
Sampled 10000 points in 2mm sphere
Surviving points (all 4 cameras): 2123
After outlier removal: 2034 points
Saved -> /home/computer0/fly_project/fly_gsplat/ctrl_009/033/f1151/init_points.ply
[prepare] frame 1151 data ready
Dataset generated successfully at: /home/computer0/fly_project/fly_gsplat/ctrl_009/033/f1152
4 cameras loaded
Seed: [ 0.01430468 -0.0005715  -0.00612124]  triangulation residual=0.049 mm
Sampled 10000 points in 2mm sphere
Surviving points (all 4 cameras): 2096
After outlier removal: 2014 points
Saved -> /home/computer0/fly_project/fly_gsplat/ctrl_009/033/f1152/init_points.ply
[prepare] frame 1152 data ready
Dataset generated successfully at: /home/computer0/fly_project/fly_gsplat/ctrl_009/033/f1153
4 cameras loaded
Seed: [ 0.01432626 -0.00052707 -0.00612345]  triangulation residual=0.059 mm
Sampled 10000 points in 2mm sphere
Surviving points (all 4 cameras): 2144
After outlier removal: 2051 points
Saved -> /home/computer0/fly_project/fly_gsplat/ctrl_009/033/f1153/init_points.ply
[prepare] frame 1153 data ready
Dataset generated successfully at: /home/computer0/fly_project/fly_gsplat/ctrl_009/033/f1154
4 cameras loaded
Seed: [ 0.0143529  -0.0004998  -0.00612375]  triangulation residual=0.069 mm
Sampled 10000 points in 2mm sphere
Surviving points (all 4 cameras): 2163
After outlier removal: 2070 points
Saved -> /home/computer0/fly_project/fly_gsplat/ctrl_009/033/f1154/init_points.ply
[prepare] frame 1154 data ready
Dataset generated successfully at: /home/computer0/fly_project/fly_gsplat/ctrl_009/033/f1155
4 cameras loaded
Seed: [ 0.01436792 -0.00046963 -0.00612873]  triangulation residual=0.079 mm
Sampled 10000 points in 2mm sphere
Surviving points (all 4 cameras): 2138
After outlier removal: 2053 points
Saved -> /home/computer0/fly_project/fly_gsplat/ctrl_009/033/f1155/init_points.ply
[prepare] frame 1155 data ready
Dataset generated successfully at: /home/computer0/fly_project/fly_gsplat/ctrl_009/033/f1156
4 cameras loaded
Seed: [ 0.0143871  -0.00044601 -0.00613998]  triangulation residual=0.085 mm
Sampled 10000 points in 2mm sphere
Surviving points (all 4 cameras): 2210
After outlier removal: 2127 points
Saved -> /home/computer0/fly_project/fly_gsplat/ctrl_009/033/f1156/init_points.ply
[prepare] frame 1156 data ready
Dataset generated successfully at: /home/computer0/fly_project/fly_gsplat/ctrl_009/033/f1157
4 cameras loaded
Seed: [ 0.01440624 -0.00043051 -0.00616081]  triangulation residual=0.088 mm
Sampled 10000 points in 2mm sphere
Surviving points (all 4 cameras): 2193
After outlier removal: 2101 points
Saved -> /home/computer0/fly_project/fly_gsplat/ctrl_009/033/f1157/init_points.ply
[prepare] frame 1157 data ready
Dataset generated successfully at: /home/computer0/fly_project/fly_gsplat/ctrl_009/033/f1158
4 cameras loaded
Seed: [ 0.0144229  -0.00041794 -0.00617802]  triangulation residual=0.095 mm
Sampled 10000 points in 2mm sphere
Surviving points (all 4 cameras): 2153
After outlier removal: 2059 points
Saved -> /home/computer0/fly_project/fly_gsplat/ctrl_009/033/f1158/init_points.ply
[prepare] frame 1158 data ready
Dataset generated successfully at: /home/computer0/fly_project/fly_gsplat/ctrl_009/033/f1159
4 cameras loaded
Seed: [ 0.01443383 -0.00041305 -0.00619492]  triangulation residual=0.103 mm
Sampled 10000 points in 2mm sphere
Surviving points (all 4 cameras): 2209
After outlier removal: 2117 points
Saved -> /home/computer0/fly_project/fly_gsplat/ctrl_009/033/f1159/init_points.ply
[prepare] frame 1159 data ready
Dataset generated successfully at: /home/computer0/fly_project/fly_gsplat/ctrl_009/033/f1160
4 cameras loaded
Seed: [ 0.01444026 -0.00041435 -0.00621425]  triangulation residual=0.107 mm
Sampled 10000 points in 2mm sphere
Surviving points (all 4 cameras): 2140
After outlier removal: 2057 points
Saved -> /home/computer0/fly_project/fly_gsplat/ctrl_009/033/f1160/init_points.ply
[prepare] frame 1160 data ready
Dataset generated successfully at: /home/computer0/fly_project/fly_gsplat/ctrl_009/033/f1161
4 cameras loaded
Seed: [ 0.01443342 -0.00041295 -0.00624382]  triangulation residual=0.113 mm
Sampled 10000 points in 2mm sphere
Surviving points (all 4 cameras): 2106
After outlier removal: 2017 points
Saved -> /home/computer0/fly_project/fly_gsplat/ctrl_009/033/f1161/init_points.ply
[prepare] frame 1161 data ready
Dataset generated successfully at: /home/computer0/fly_project/fly_gsplat/ctrl_009/033/f1162
4 cameras loaded
Seed: [ 0.01441972 -0.00040484 -0.00627393]  triangulation residual=0.110 mm
Sampled 10000 points in 2mm sphere
Surviving points (all 4 cameras): 2000
After outlier removal: 1911 points
Saved -> /home/computer0/fly_project/fly_gsplat/ctrl_009/033/f1162/init_points.ply
[prepare] frame 1162 data ready
Dataset generated successfully at: /home/computer0/fly_project/fly_gsplat/ctrl_009/033/f1163
4 cameras loaded
Seed: [ 0.01443211 -0.00038136 -0.00630327]  triangulation residual=0.085 mm
Sampled 10000 points in 2mm sphere
Surviving points (all 4 cameras): 2135
After outlier removal: 2047 points
Saved -> /home/computer0/fly_project/fly_gsplat/ctrl_009/033/f1163/init_points.ply
[prepare] frame 1163 data ready
Dataset generated successfully at: /home/computer0/fly_project/fly_gsplat/ctrl_009/033/f1164
4 cameras loaded
Seed: [ 0.01443601 -0.00037034 -0.00632639]  triangulation residual=0.072 mm
Sampled 10000 points in 2mm sphere
Surviving points (all 4 cameras): 2220
After outlier removal: 2125 points
Saved -> /home/computer0/fly_project/fly_gsplat/ctrl_009/033/f1164/init_points.ply
[prepare] frame 1164 data ready
Dataset generated successfully at: /home/computer0/fly_project/fly_gsplat/ctrl_009/033/f1165
4 cameras loaded
Seed: [ 0.01443596 -0.00036296 -0.00634091]  triangulation residual=0.080 mm
Sampled 10000 points in 2mm sphere
Surviving points (all 4 cameras): 2194
After outlier removal: 2107 points
Saved -> /home/computer0/fly_project/fly_gsplat/ctrl_009/033/f1165/init_points.ply
[prepare] frame 1165 data ready
Dataset generated successfully at: /home/computer0/fly_project/fly_gsplat/ctrl_009/033/f1166
4 cameras loaded
Seed: [ 0.01442901 -0.00036494 -0.00635774]  triangulation residual=0.105 mm
Sampled 10000 points in 2mm sphere
Surviving points (all 4 cameras): 2182
After outlier removal: 2089 points
Saved -> /home/computer0/fly_project/fly_gsplat/ctrl_009/033/f1166/init_points.ply
[prepare] frame 1166 data ready
Dataset generated successfully at: /home/computer0/fly_project/fly_gsplat/ctrl_009/033/f1167
4 cameras loaded
Seed: [ 0.01442845 -0.0003704  -0.00635795]  triangulation residual=0.119 mm
Sampled 10000 points in 2mm sphere
Surviving points (all 4 cameras): 2109
After outlier removal: 2017 points
Saved -> /home/computer0/fly_project/fly_gsplat/ctrl_009/033/f1167/init_points.ply
[prepare] frame 1167 data ready
Dataset generated successfully at: /home/computer0/fly_project/fly_gsplat/ctrl_009/033/f1168
4 cameras loaded
Seed: [ 0.01445016 -0.00036975 -0.00633661]  triangulation residual=0.104 mm
Sampled 10000 points in 2mm sphere
Surviving points (all 4 cameras): 2138
After outlier removal: 2049 points
Saved -> /home/computer0/fly_project/fly_gsplat/ctrl_009/033/f1168/init_points.ply
[prepare] frame 1168 data ready
Dataset generated successfully at: /home/computer0/fly_project/fly_gsplat/ctrl_009/033/f1169
4 cameras loaded
Seed: [ 0.01446326 -0.00037177 -0.00629775]  triangulation residual=0.082 mm
Sampled 10000 points in 2mm sphere
Surviving points (all 4 cameras): 2189
After outlier removal: 2098 points
Saved -> /home/computer0/fly_project/fly_gsplat/ctrl_009/033/f1169/init_points.ply
[prepare] frame 1169 data ready
Dataset generated successfully at: /home/computer0/fly_project/fly_gsplat/ctrl_009/033/f1170
4 cameras loaded
Seed: [ 0.01447137 -0.00037586 -0.00625489]  triangulation residual=0.058 mm
Sampled 10000 points in 2mm sphere
Surviving points (all 4 cameras): 2400
After outlier removal: 2303 points
Saved -> /home/computer0/fly_project/fly_gsplat/ctrl_009/033/f1170/init_points.ply
[prepare] frame 1170 data ready
Dataset generated successfully at: /home/computer0/fly_project/fly_gsplat/ctrl_009/033/f1171
4 cameras loaded
Seed: [ 0.01446151 -0.00039377 -0.00621349]  triangulation residual=0.047 mm
Sampled 10000 points in 2mm sphere
Surviving points (all 4 cameras): 2358
After outlier removal: 2259 points
Saved -> /home/computer0/fly_project/fly_gsplat/ctrl_009/033/f1171/init_points.ply
[prepare] frame 1171 data ready
Dataset generated successfully at: /home/computer0/fly_project/fly_gsplat/ctrl_009/033/f1172
4 cameras loaded
Seed: [ 0.01444227 -0.00042328 -0.00618023]  triangulation residual=0.046 mm
Sampled 10000 points in 2mm sphere
Surviving points (all 4 cameras): 2238
After outlier removal: 2140 points
Saved -> /home/computer0/fly_project/fly_gsplat/ctrl_009/033/f1172/init_points.ply
[prepare] frame 1172 data ready
Dataset generated successfully at: /home/computer0/fly_project/fly_gsplat/ctrl_009/033/f1173
4 cameras loaded
Seed: [ 0.01440536 -0.00045743 -0.00615656]  triangulation residual=0.044 mm
Sampled 10000 points in 2mm sphere
Surviving points (all 4 cameras): 2206
After outlier removal: 2123 points
Saved -> /home/computer0/fly_project/fly_gsplat/ctrl_009/033/f1173/init_points.ply
[prepare] frame 1173 data ready
Dataset generated successfully at: /home/computer0/fly_project/fly_gsplat/ctrl_009/033/f1174
4 cameras loaded
Seed: [ 0.0143691  -0.00050263 -0.00614996]  triangulation residual=0.047 mm
Sampled 10000 points in 2mm sphere
Surviving points (all 4 cameras): 1981
After outlier removal: 1904 points
Saved -> /home/computer0/fly_project/fly_gsplat/ctrl_009/033/f1174/init_points.ply
[prepare] frame 1174 data ready
Dataset generated successfully at: /home/computer0/fly_project/fly_gsplat/ctrl_009/033/f1175
4 cameras loaded
Seed: [ 0.01433615 -0.00054638 -0.00615285]  triangulation residual=0.045 mm
Sampled 10000 points in 2mm sphere
Surviving points (all 4 cameras): 1874
After outlier removal: 1795 points
Saved -> /home/computer0/fly_project/fly_gsplat/ctrl_009/033/f1175/init_points.ply
[prepare] frame 1175 data ready
Dataset generated successfully at: /home/computer0/fly_project/fly_gsplat/ctrl_009/033/f1176
4 cameras loaded
Seed: [ 0.01431573 -0.00057943 -0.00615066]  triangulation residual=0.035 mm
Sampled 10000 points in 2mm sphere
Surviving points (all 4 cameras): 1845
After outlier removal: 1775 points
Saved -> /home/computer0/fly_project/fly_gsplat/ctrl_009/033/f1176/init_points.ply
[prepare] frame 1176 data ready
Dataset generated successfully at: /home/computer0/fly_project/fly_gsplat/ctrl_009/033/f1177
4 cameras loaded
Seed: [ 0.0142785  -0.00060571 -0.00617008]  triangulation residual=0.057 mm
Sampled 10000 points in 2mm sphere
Surviving points (all 4 cameras): 1819
After outlier removal: 1744 points
Saved -> /home/computer0/fly_project/fly_gsplat/ctrl_009/033/f1177/init_points.ply
[prepare] frame 1177 data ready
Dataset generated successfully at: /home/computer0/fly_project/fly_gsplat/ctrl_009/033/f1178
4 cameras loaded
Seed: [ 0.01425024 -0.00063684 -0.00619246]  triangulation residual=0.085 mm
Sampled 10000 points in 2mm sphere
Surviving points (all 4 cameras): 1809
After outlier removal: 1745 points
Saved -> /home/computer0/fly_project/fly_gsplat/ctrl_009/033/f1178/init_points.ply
[prepare] frame 1178 data ready
Dataset generated successfully at: /home/computer0/fly_project/fly_gsplat/ctrl_009/033/f1179
4 cameras loaded
Seed: [ 0.01422903 -0.00066138 -0.0062254 ]  triangulation residual=0.110 mm
Sampled 10000 points in 2mm sphere
Surviving points (all 4 cameras): 1755
After outlier removal: 1697 points
Saved -> /home/computer0/fly_project/fly_gsplat/ctrl_009/033/f1179/init_points.ply
[prepare] frame 1179 data ready
Dataset generated successfully at: /home/computer0/fly_project/fly_gsplat/ctrl_009/033/f1180
4 cameras loaded
Seed: [ 0.01421573 -0.0006932  -0.00625416]  triangulation residual=0.122 mm
Sampled 10000 points in 2mm sphere
Surviving points (all 4 cameras): 1853
After outlier removal: 1776 points
Saved -> /home/computer0/fly_project/fly_gsplat/ctrl_009/033/f1180/init_points.ply
[prepare] frame 1180 data ready
Dataset generated successfully at: /home/computer0/fly_project/fly_gsplat/ctrl_009/033/f1181
4 cameras loaded
Seed: [ 0.014209   -0.00072932 -0.00627205]  triangulation residual=0.121 mm
Sampled 10000 points in 2mm sphere
Surviving points (all 4 cameras): 1823
After outlier removal: 1754 points
Saved -> /home/computer0/fly_project/fly_gsplat/ctrl_009/033/f1181/init_points.ply
[prepare] frame 1181 data ready
Dataset generated successfully at: /home/computer0/fly_project/fly_gsplat/ctrl_009/033/f1182
4 cameras loaded
Seed: [ 0.01419784 -0.00076418 -0.0062945 ]  triangulation residual=0.122 mm
Sampled 10000 points in 2mm sphere
Surviving points (all 4 cameras): 1915
After outlier removal: 1837 points
Saved -> /home/computer0/fly_project/fly_gsplat/ctrl_009/033/f1182/init_points.ply
[prepare] frame 1182 data ready
Dataset generated successfully at: /home/computer0/fly_project/fly_gsplat/ctrl_009/033/f1183
4 cameras loaded
Seed: [ 0.01417687 -0.00079175 -0.00631444]  triangulation residual=0.127 mm
Sampled 10000 points in 2mm sphere
Surviving points (all 4 cameras): 1933
After outlier removal: 1854 points
Saved -> /home/computer0/fly_project/fly_gsplat/ctrl_009/033/f1183/init_points.ply
[prepare] frame 1183 data ready
Dataset generated successfully at: /home/computer0/fly_project/fly_gsplat/ctrl_009/033/f1184
4 cameras loaded
Seed: [ 0.01415719 -0.00081316 -0.00634288]  triangulation residual=0.125 mm
Sampled 10000 points in 2mm sphere
Surviving points (all 4 cameras): 1946
After outlier removal: 1860 points
Saved -> /home/computer0/fly_project/fly_gsplat/ctrl_009/033/f1184/init_points.ply
[prepare] frame 1184 data ready
Dataset generated successfully at: /home/computer0/fly_project/fly_gsplat/ctrl_009/033/f1185
4 cameras loaded
Seed: [ 0.01413866 -0.00083217 -0.00636845]  triangulation residual=0.123 mm
Sampled 10000 points in 2mm sphere
Surviving points (all 4 cameras): 1935
After outlier removal: 1856 points
Saved -> /home/computer0/fly_project/fly_gsplat/ctrl_009/033/f1185/init_points.ply
[prepare] frame 1185 data ready
Dataset generated successfully at: /home/computer0/fly_project/fly_gsplat/ctrl_009/033/f1186
4 cameras loaded
Seed: [ 0.01412569 -0.00085129 -0.00639316]  triangulation residual=0.120 mm
Sampled 10000 points in 2mm sphere
Surviving points (all 4 cameras): 1930
After outlier removal: 1845 points
Saved -> /home/computer0/fly_project/fly_gsplat/ctrl_009/033/f1186/init_points.ply
[prepare] frame 1186 data ready
Dataset generated successfully at: /home/computer0/fly_project/fly_gsplat/ctrl_009/033/f1187
4 cameras loaded
Seed: [ 0.01411018 -0.00087072 -0.00641487]  triangulation residual=0.116 mm
Sampled 10000 points in 2mm sphere
Surviving points (all 4 cameras): 2067
After outlier removal: 1980 points
Saved -> /home/computer0/fly_project/fly_gsplat/ctrl_009/033/f1187/init_points.ply
[prepare] frame 1187 data ready
Dataset generated successfully at: /home/computer0/fly_project/fly_gsplat/ctrl_009/033/f1188
4 cameras loaded
Seed: [ 0.01410207 -0.00088098 -0.00643722]  triangulation residual=0.108 mm
Sampled 10000 points in 2mm sphere
Surviving points (all 4 cameras): 2040
After outlier removal: 1960 points
Saved -> /home/computer0/fly_project/fly_gsplat/ctrl_009/033/f1188/init_points.ply
[prepare] frame 1188 data ready
Dataset generated successfully at: /home/computer0/fly_project/fly_gsplat/ctrl_009/033/f1189
4 cameras loaded
Seed: [ 0.01409935 -0.00089049 -0.00645963]  triangulation residual=0.099 mm
Sampled 10000 points in 2mm sphere
Surviving points (all 4 cameras): 2054
After outlier removal: 1970 points
Saved -> /home/computer0/fly_project/fly_gsplat/ctrl_009/033/f1189/init_points.ply
[prepare] frame 1189 data ready
Dataset generated successfully at: /home/computer0/fly_project/fly_gsplat/ctrl_009/033/f1190
4 cameras loaded
Seed: [ 0.0140955  -0.00089669 -0.00648134]  triangulation residual=0.095 mm
Sampled 10000 points in 2mm sphere
Surviving points (all 4 cameras): 2138
After outlier removal: 2043 points
Saved -> /home/computer0/fly_project/fly_gsplat/ctrl_009/033/f1190/init_points.ply
[prepare] frame 1190 data ready
Dataset generated successfully at: /home/computer0/fly_project/fly_gsplat/ctrl_009/033/f1191
4 cameras loaded
Seed: [ 0.01409719 -0.00089722 -0.0065006 ]  triangulation residual=0.094 mm
Sampled 10000 points in 2mm sphere
Surviving points (all 4 cameras): 2090
After outlier removal: 1993 points
Saved -> /home/computer0/fly_project/fly_gsplat/ctrl_009/033/f1191/init_points.ply
[prepare] frame 1191 data ready
Dataset generated successfully at: /home/computer0/fly_project/fly_gsplat/ctrl_009/033/f1192
4 cameras loaded
Seed: [ 0.01410853 -0.00088916 -0.00651234]  triangulation residual=0.096 mm
Sampled 10000 points in 2mm sphere
Surviving points (all 4 cameras): 2168
After outlier removal: 2079 points
Saved -> /home/computer0/fly_project/fly_gsplat/ctrl_009/033/f1192/init_points.ply
[prepare] frame 1192 data ready
Dataset generated successfully at: /home/computer0/fly_project/fly_gsplat/ctrl_009/033/f1193
4 cameras loaded
Seed: [ 0.0141249  -0.00087088 -0.00651557]  triangulation residual=0.104 mm
Sampled 10000 points in 2mm sphere
Surviving points (all 4 cameras): 2006
After outlier removal: 1916 points
Saved -> /home/computer0/fly_project/fly_gsplat/ctrl_009/033/f1193/init_points.ply
[prepare] frame 1193 data ready
Dataset generated successfully at: /home/computer0/fly_project/fly_gsplat/ctrl_009/033/f1194
4 cameras loaded
Seed: [ 0.0141462  -0.00084219 -0.00651256]  triangulation residual=0.126 mm
Sampled 10000 points in 2mm sphere
Surviving points (all 4 cameras): 2006
After outlier removal: 1931 points
Saved -> /home/computer0/fly_project/fly_gsplat/ctrl_009/033/f1194/init_points.ply
[prepare] frame 1194 data ready
Dataset generated successfully at: /home/computer0/fly_project/fly_gsplat/ctrl_009/033/f1195
4 cameras loaded
Seed: [ 0.01418053 -0.00080126 -0.00650582]  triangulation residual=0.162 mm
Sampled 10000 points in 2mm sphere
Surviving points (all 4 cameras): 1906
After outlier removal: 1814 points
Saved -> /home/computer0/fly_project/fly_gsplat/ctrl_009/033/f1195/init_points.ply
[prepare] frame 1195 data ready
Dataset generated successfully at: /home/computer0/fly_project/fly_gsplat/ctrl_009/033/f1196
4 cameras loaded
Seed: [ 0.0141827  -0.00076904 -0.00651706]  triangulation residual=0.166 mm
Sampled 10000 points in 2mm sphere
Surviving points (all 4 cameras): 1796
After outlier removal: 1724 points
Saved -> /home/computer0/fly_project/fly_gsplat/ctrl_009/033/f1196/init_points.ply
[prepare] frame 1196 data ready
Dataset generated successfully at: /home/computer0/fly_project/fly_gsplat/ctrl_009/033/f1197
4 cameras loaded
Seed: [ 0.01415697 -0.00077456 -0.00653841]  triangulation residual=0.128 mm
Sampled 10000 points in 2mm sphere
Surviving points (all 4 cameras): 1958
After outlier removal: 1868 points
Saved -> /home/computer0/fly_project/fly_gsplat/ctrl_009/033/f1197/init_points.ply
[prepare] frame 1197 data ready
Dataset generated successfully at: /home/computer0/fly_project/fly_gsplat/ctrl_009/033/f1198
4 cameras loaded
Seed: [ 0.01413337 -0.00077604 -0.00655174]  triangulation residual=0.106 mm
Sampled 10000 points in 2mm sphere
Surviving points (all 4 cameras): 2076
After outlier removal: 1996 points
Saved -> /home/computer0/fly_project/fly_gsplat/ctrl_009/033/f1198/init_points.ply
[prepare] frame 1198 data ready
Dataset generated successfully at: /home/computer0/fly_project/fly_gsplat/ctrl_009/033/f1199
4 cameras loaded
Seed: [ 0.01411361 -0.00079255 -0.00658677]  triangulation residual=0.074 mm
Sampled 10000 points in 2mm sphere
Surviving points (all 4 cameras): 2133
After outlier removal: 2038 points
Saved -> /home/computer0/fly_project/fly_gsplat/ctrl_009/033/f1199/init_points.ply
[prepare] frame 1199 data ready
Dataset generated successfully at: /home/computer0/fly_project/fly_gsplat/ctrl_009/033/f1200
4 cameras loaded
Seed: [ 0.01410695 -0.00081642 -0.00663374]  triangulation residual=0.041 mm
Sampled 10000 points in 2mm sphere
Surviving points (all 4 cameras): 2238
After outlier removal: 2146 points
Saved -> /home/computer0/fly_project/fly_gsplat/ctrl_009/033/f1200/init_points.ply
[prepare] frame 1200 data ready
Dataset generated successfully at: /home/computer0/fly_project/fly_gsplat/ctrl_009/033/f1201
4 cameras loaded
Seed: [ 0.01410026 -0.00082516 -0.00666765]  triangulation residual=0.030 mm
Sampled 10000 points in 2mm sphere
Surviving points (all 4 cameras): 2306
After outlier removal: 2215 points
Saved -> /home/computer0/fly_project/fly_gsplat/ctrl_009/033/f1201/init_points.ply
[prepare] frame 1201 data ready
Dataset generated successfully at: /home/computer0/fly_project/fly_gsplat/ctrl_009/033/f1202
4 cameras loaded
Seed: [ 0.01410533 -0.00082866 -0.0066932 ]  triangulation residual=0.050 mm
Sampled 10000 points in 2mm sphere
Surviving points (all 4 cameras): 2316
After outlier removal: 2221 points
Saved -> /home/computer0/fly_project/fly_gsplat/ctrl_009/033/f1202/init_points.ply
[prepare] frame 1202 data ready
Dataset generated successfully at: /home/computer0/fly_project/fly_gsplat/ctrl_009/033/f1203
4 cameras loaded
Seed: [ 0.01410593 -0.00082785 -0.00670068]  triangulation residual=0.060 mm
Sampled 10000 points in 2mm sphere
Surviving points (all 4 cameras): 2453
After outlier removal: 2348 points
Saved -> /home/computer0/fly_project/fly_gsplat/ctrl_009/033/f1203/init_points.ply
[prepare] frame 1203 data ready
Dataset generated successfully at: /home/computer0/fly_project/fly_gsplat/ctrl_009/033/f1204
4 cameras loaded
Seed: [ 0.01410444 -0.00082156 -0.00670457]  triangulation residual=0.058 mm
Sampled 10000 points in 2mm sphere
Surviving points (all 4 cameras): 2406
After outlier removal: 2309 points
Saved -> /home/computer0/fly_project/fly_gsplat/ctrl_009/033/f1204/init_points.ply
[prepare] frame 1204 data ready
Dataset generated successfully at: /home/computer0/fly_project/fly_gsplat/ctrl_009/033/f1205
4 cameras loaded
Seed: [ 0.01410226 -0.00080535 -0.00669909]  triangulation residual=0.059 mm
Sampled 10000 points in 2mm sphere
Surviving points (all 4 cameras): 2382
After outlier removal: 2287 points
Saved -> /home/computer0/fly_project/fly_gsplat/ctrl_009/033/f1205/init_points.ply
[prepare] frame 1205 data ready
Dataset generated successfully at: /home/computer0/fly_project/fly_gsplat/ctrl_009/033/f1206
4 cameras loaded
Seed: [ 0.01410849 -0.00078151 -0.00669211]  triangulation residual=0.069 mm
Sampled 10000 points in 2mm sphere
Surviving points (all 4 cameras): 2377
After outlier removal: 2282 points
Saved -> /home/computer0/fly_project/fly_gsplat/ctrl_009/033/f1206/init_points.ply
[prepare] frame 1206 data ready
Dataset generated successfully at: /home/computer0/fly_project/fly_gsplat/ctrl_009/033/f1207
4 cameras loaded
Seed: [ 0.0141174  -0.00075394 -0.00667726]  triangulation residual=0.090 mm
Sampled 10000 points in 2mm sphere
Surviving points (all 4 cameras): 2228
After outlier removal: 2122 points
Saved -> /home/computer0/fly_project/fly_gsplat/ctrl_009/033/f1207/init_points.ply
[prepare] frame 1207 data ready
Dataset generated successfully at: /home/computer0/fly_project/fly_gsplat/ctrl_009/033/f1208
4 cameras loaded
Seed: [ 0.01413242 -0.00072644 -0.0066708 ]  triangulation residual=0.104 mm
Sampled 10000 points in 2mm sphere
Surviving points (all 4 cameras): 2244
After outlier removal: 2154 points
Saved -> /home/computer0/fly_project/fly_gsplat/ctrl_009/033/f1208/init_points.ply
[prepare] frame 1208 data ready
Dataset generated successfully at: /home/computer0/fly_project/fly_gsplat/ctrl_009/033/f1209
4 cameras loaded
Seed: [ 0.01414563 -0.00070333 -0.00666306]  triangulation residual=0.119 mm
Sampled 10000 points in 2mm sphere
Surviving points (all 4 cameras): 2026
After outlier removal: 1948 points
Saved -> /home/computer0/fly_project/fly_gsplat/ctrl_009/033/f1209/init_points.ply
[prepare] frame 1209 data ready
Dataset generated successfully at: /home/computer0/fly_project/fly_gsplat/ctrl_009/033/f1210
4 cameras loaded
Seed: [ 0.01416527 -0.00068366 -0.00665109]  triangulation residual=0.132 mm
Sampled 10000 points in 2mm sphere
Surviving points (all 4 cameras): 2024
After outlier removal: 1943 points
Saved -> /home/computer0/fly_project/fly_gsplat/ctrl_009/033/f1210/init_points.ply
[prepare] frame 1210 data ready
Dataset generated successfully at: /home/computer0/fly_project/fly_gsplat/ctrl_009/033/f1211
4 cameras loaded
Seed: [ 0.01418672 -0.0006671  -0.00664682]  triangulation residual=0.141 mm
Sampled 10000 points in 2mm sphere
Surviving points (all 4 cameras): 1966
After outlier removal: 1884 points
Saved -> /home/computer0/fly_project/fly_gsplat/ctrl_009/033/f1211/init_points.ply
[prepare] frame 1211 data ready
Dataset generated successfully at: /home/computer0/fly_project/fly_gsplat/ctrl_009/033/f1212
4 cameras loaded
Seed: [ 0.01420725 -0.0006503  -0.00663922]  triangulation residual=0.147 mm
Sampled 10000 points in 2mm sphere
Surviving points (all 4 cameras): 1984
After outlier removal: 1905 points
Saved -> /home/computer0/fly_project/fly_gsplat/ctrl_009/033/f1212/init_points.ply
[prepare] frame 1212 data ready
Dataset generated successfully at: /home/computer0/fly_project/fly_gsplat/ctrl_009/033/f1213
4 cameras loaded
Seed: [ 0.01423316 -0.00063319 -0.00663252]  triangulation residual=0.151 mm
Sampled 10000 points in 2mm sphere
Surviving points (all 4 cameras): 1980
After outlier removal: 1892 points
Saved -> /home/computer0/fly_project/fly_gsplat/ctrl_009/033/f1213/init_points.ply
[prepare] frame 1213 data ready
Dataset generated successfully at: /home/computer0/fly_project/fly_gsplat/ctrl_009/033/f1214
4 cameras loaded
Seed: [ 0.0142594  -0.00061271 -0.0066271 ]  triangulation residual=0.152 mm
Sampled 10000 points in 2mm sphere
Surviving points (all 4 cameras): 1978
After outlier removal: 1892 points
Saved -> /home/computer0/fly_project/fly_gsplat/ctrl_009/033/f1214/init_points.ply
[prepare] frame 1214 data ready
Dataset generated successfully at: /home/computer0/fly_project/fly_gsplat/ctrl_009/033/f1215
4 cameras loaded
Seed: [ 0.01429627 -0.00058725 -0.00662079]  triangulation residual=0.150 mm
Sampled 10000 points in 2mm sphere
Surviving points (all 4 cameras): 2013
After outlier removal: 1936 points
Saved -> /home/computer0/fly_project/fly_gsplat/ctrl_009/033/f1215/init_points.ply
[prepare] frame 1215 data ready
Dataset generated successfully at: /home/computer0/fly_project/fly_gsplat/ctrl_009/033/f1216
4 cameras loaded
Seed: [ 0.01433735 -0.00055917 -0.00661026]  triangulation residual=0.149 mm
Sampled 10000 points in 2mm sphere
Surviving points (all 4 cameras): 1951
After outlier removal: 1864 points
Saved -> /home/computer0/fly_project/fly_gsplat/ctrl_009/033/f1216/init_points.ply
[prepare] frame 1216 data ready
Dataset generated successfully at: /home/computer0/fly_project/fly_gsplat/ctrl_009/033/f1217
4 cameras loaded
Seed: [ 0.0143744  -0.00052421 -0.00659318]  triangulation residual=0.141 mm
Sampled 10000 points in 2mm sphere
Surviving points (all 4 cameras): 1983
After outlier removal: 1912 points
Saved -> /home/computer0/fly_project/fly_gsplat/ctrl_009/033/f1217/init_points.ply
[prepare] frame 1217 data ready
Dataset generated successfully at: /home/computer0/fly_project/fly_gsplat/ctrl_009/033/f1218
4 cameras loaded
Seed: [ 0.01442086 -0.00048933 -0.00656819]  triangulation residual=0.131 mm
Sampled 10000 points in 2mm sphere
Surviving points (all 4 cameras): 1954
After outlier removal: 1881 points
Saved -> /home/computer0/fly_project/fly_gsplat/ctrl_009/033/f1218/init_points.ply
[prepare] frame 1218 data ready
Dataset generated successfully at: /home/computer0/fly_project/fly_gsplat/ctrl_009/033/f1219
4 cameras loaded
Seed: [ 0.01446291 -0.00044705 -0.00653988]  triangulation residual=0.115 mm
Sampled 10000 points in 2mm sphere
Surviving points (all 4 cameras): 2013
After outlier removal: 1925 points
Saved -> /home/computer0/fly_project/fly_gsplat/ctrl_009/033/f1219/init_points.ply
[prepare] frame 1219 data ready
Dataset generated successfully at: /home/computer0/fly_project/fly_gsplat/ctrl_009/033/f1220
4 cameras loaded
Seed: [ 0.01451909 -0.00041099 -0.00651202]  triangulation residual=0.104 mm
Sampled 10000 points in 2mm sphere
Surviving points (all 4 cameras): 1906
After outlier removal: 1836 points
Saved -> /home/computer0/fly_project/fly_gsplat/ctrl_009/033/f1220/init_points.ply
[prepare] frame 1220 data ready
Dataset generated successfully at: /home/computer0/fly_project/fly_gsplat/ctrl_009/033/f1221
4 cameras loaded
Seed: [ 0.01456671 -0.00036414 -0.00649309]  triangulation residual=0.087 mm
Sampled 10000 points in 2mm sphere
Surviving points (all 4 cameras): 1897
After outlier removal: 1818 points
Saved -> /home/computer0/fly_project/fly_gsplat/ctrl_009/033/f1221/init_points.ply
[prepare] frame 1221 data ready
Dataset generated successfully at: /home/computer0/fly_project/fly_gsplat/ctrl_009/033/f1222
4 cameras loaded
Seed: [ 0.01461552 -0.00032505 -0.0064698 ]  triangulation residual=0.069 mm
Sampled 10000 points in 2mm sphere
Surviving points (all 4 cameras): 1885
After outlier removal: 1813 points
Saved -> /home/computer0/fly_project/fly_gsplat/ctrl_009/033/f1222/init_points.ply
[prepare] frame 1222 data ready
Dataset generated successfully at: /home/computer0/fly_project/fly_gsplat/ctrl_009/033/f1223
4 cameras loaded
Seed: [ 0.01466449 -0.00027994 -0.00645158]  triangulation residual=0.051 mm
Sampled 10000 points in 2mm sphere
Surviving points (all 4 cameras): 1890
After outlier removal: 1806 points
Saved -> /home/computer0/fly_project/fly_gsplat/ctrl_009/033/f1223/init_points.ply
[prepare] frame 1223 data ready
Dataset generated successfully at: /home/computer0/fly_project/fly_gsplat/ctrl_009/033/f1224
4 cameras loaded
Seed: [ 0.01471355 -0.00023894 -0.00643754]  triangulation residual=0.042 mm
Sampled 10000 points in 2mm sphere
Surviving points (all 4 cameras): 1965
After outlier removal: 1882 points
Saved -> /home/computer0/fly_project/fly_gsplat/ctrl_009/033/f1224/init_points.ply
[prepare] frame 1224 data ready
Dataset generated successfully at: /home/computer0/fly_project/fly_gsplat/ctrl_009/033/f1225
4 cameras loaded
Seed: [ 0.01475901 -0.00019239 -0.00642619]  triangulation residual=0.031 mm
Sampled 10000 points in 2mm sphere
Surviving points (all 4 cameras): 2000
After outlier removal: 1922 points
Saved -> /home/computer0/fly_project/fly_gsplat/ctrl_009/033/f1225/init_points.ply
[prepare] frame 1225 data ready
Dataset generated successfully at: /home/computer0/fly_project/fly_gsplat/ctrl_009/033/f1226
4 cameras loaded
Seed: [ 0.01480329 -0.00015027 -0.00641603]  triangulation residual=0.033 mm
Sampled 10000 points in 2mm sphere
Surviving points (all 4 cameras): 2116
After outlier removal: 2033 points
Saved -> /home/computer0/fly_project/fly_gsplat/ctrl_009/033/f1226/init_points.ply
[prepare] frame 1226 data ready
Dataset generated successfully at: /home/computer0/fly_project/fly_gsplat/ctrl_009/033/f1227
4 cameras loaded
Seed: [ 0.01484249 -0.00010484 -0.00640757]  triangulation residual=0.032 mm
Sampled 10000 points in 2mm sphere
Surviving points (all 4 cameras): 2092
After outlier removal: 1999 points
Saved -> /home/computer0/fly_project/fly_gsplat/ctrl_009/033/f1227/init_points.ply
[prepare] frame 1227 data ready
Dataset generated successfully at: /home/computer0/fly_project/fly_gsplat/ctrl_009/033/f1228
4 cameras loaded
Seed: [ 1.48793413e-02 -6.68263679e-05 -6.40236485e-03]  triangulation residual=0.038 mm
Sampled 10000 points in 2mm sphere
Surviving points (all 4 cameras): 2077
After outlier removal: 1998 points
Saved -> /home/computer0/fly_project/fly_gsplat/ctrl_009/033/f1228/init_points.ply
[prepare] frame 1228 data ready
Dataset generated successfully at: /home/computer0/fly_project/fly_gsplat/ctrl_009/033/f1229
4 cameras loaded
Seed: [ 1.49126178e-02 -3.01277586e-05 -6.39647505e-03]  triangulation residual=0.048 mm
Sampled 10000 points in 2mm sphere
Surviving points (all 4 cameras): 2141
After outlier removal: 2041 points
Saved -> /home/computer0/fly_project/fly_gsplat/ctrl_009/033/f1229/init_points.ply
[prepare] frame 1229 data ready
Dataset generated successfully at: /home/computer0/fly_project/fly_gsplat/ctrl_009/033/f1230
4 cameras loaded
Seed: [ 1.49391232e-02  5.10599941e-06 -6.40002107e-03]  triangulation residual=0.060 mm
Sampled 10000 points in 2mm sphere
Surviving points (all 4 cameras): 2084
After outlier removal: 1997 points
Saved -> /home/computer0/fly_project/fly_gsplat/ctrl_009/033/f1230/init_points.ply
[prepare] frame 1230 data ready
Dataset generated successfully at: /home/computer0/fly_project/fly_gsplat/ctrl_009/033/f1231
4 cameras loaded
Seed: [ 1.49627532e-02  3.79280909e-05 -6.40146830e-03]  triangulation residual=0.071 mm
Sampled 10000 points in 2mm sphere
Surviving points (all 4 cameras): 2136
After outlier removal: 2057 points
Saved -> /home/computer0/fly_project/fly_gsplat/ctrl_009/033/f1231/init_points.ply
[prepare] frame 1231 data ready
Dataset generated successfully at: /home/computer0/fly_project/fly_gsplat/ctrl_009/033/f1232
4 cameras loaded
Seed: [ 1.49820896e-02  6.27608957e-05 -6.40740877e-03]  triangulation residual=0.080 mm
Sampled 10000 points in 2mm sphere
Surviving points (all 4 cameras): 2195
After outlier removal: 2110 points
Saved -> /home/computer0/fly_project/fly_gsplat/ctrl_009/033/f1232/init_points.ply
[prepare] frame 1232 data ready
Dataset generated successfully at: /home/computer0/fly_project/fly_gsplat/ctrl_009/033/f1233
4 cameras loaded
Seed: [ 1.49980827e-02  8.81720294e-05 -6.41275344e-03]  triangulation residual=0.092 mm
Sampled 10000 points in 2mm sphere
Surviving points (all 4 cameras): 2106
After outlier removal: 1998 points
Saved -> /home/computer0/fly_project/fly_gsplat/ctrl_009/033/f1233/init_points.ply
[prepare] frame 1233 data ready
Dataset generated successfully at: /home/computer0/fly_project/fly_gsplat/ctrl_009/033/f1234
4 cameras loaded
Seed: [ 0.01501547  0.00010395 -0.00642667]  triangulation residual=0.096 mm
Sampled 10000 points in 2mm sphere
Surviving points (all 4 cameras): 2149
After outlier removal: 2069 points
Saved -> /home/computer0/fly_project/fly_gsplat/ctrl_009/033/f1234/init_points.ply
[prepare] frame 1234 data ready
Dataset generated successfully at: /home/computer0/fly_project/fly_gsplat/ctrl_009/033/f1235
4 cameras loaded
Seed: [ 0.01503087  0.00011383 -0.00643882]  triangulation residual=0.104 mm
Sampled 10000 points in 2mm sphere
Surviving points (all 4 cameras): 2235
After outlier removal: 2135 points
Saved -> /home/computer0/fly_project/fly_gsplat/ctrl_009/033/f1235/init_points.ply
[prepare] frame 1235 data ready
Dataset generated successfully at: /home/computer0/fly_project/fly_gsplat/ctrl_009/033/f1236
4 cameras loaded
Seed: [ 0.015044    0.00011683 -0.00645645]  triangulation residual=0.113 mm
Sampled 10000 points in 2mm sphere
Surviving points (all 4 cameras): 2149
After outlier removal: 2048 points
Saved -> /home/computer0/fly_project/fly_gsplat/ctrl_009/033/f1236/init_points.ply
[prepare] frame 1236 data ready
Dataset generated successfully at: /home/computer0/fly_project/fly_gsplat/ctrl_009/033/f1237
4 cameras loaded
Seed: [ 0.01503999  0.00012284 -0.00648561]  triangulation residual=0.110 mm
Sampled 10000 points in 2mm sphere
Surviving points (all 4 cameras): 2087
After outlier removal: 2008 points
Saved -> /home/computer0/fly_project/fly_gsplat/ctrl_009/033/f1237/init_points.ply
[prepare] frame 1237 data ready
Dataset generated successfully at: /home/computer0/fly_project/fly_gsplat/ctrl_009/033/f1238
4 cameras loaded
Seed: [ 0.0150346   0.00012417 -0.00651846]  triangulation residual=0.114 mm
Sampled 10000 points in 2mm sphere
Surviving points (all 4 cameras): 2097
After outlier removal: 2012 points
Saved -> /home/computer0/fly_project/fly_gsplat/ctrl_009/033/f1238/init_points.ply
[prepare] frame 1238 data ready
Dataset generated successfully at: /home/computer0/fly_project/fly_gsplat/ctrl_009/033/f1239
4 cameras loaded
Seed: [ 0.01502183  0.00014415 -0.00655226]  triangulation residual=0.100 mm
Sampled 10000 points in 2mm sphere
Surviving points (all 4 cameras): 2071
After outlier removal: 1985 points
Saved -> /home/computer0/fly_project/fly_gsplat/ctrl_009/033/f1239/init_points.ply
[prepare] frame 1239 data ready
Dataset generated successfully at: /home/computer0/fly_project/fly_gsplat/ctrl_009/033/f1240
4 cameras loaded
Seed: [ 0.01503073  0.00015733 -0.00657813]  triangulation residual=0.074 mm
Sampled 10000 points in 2mm sphere
Surviving points (all 4 cameras): 2126
After outlier removal: 2036 points
Saved -> /home/computer0/fly_project/fly_gsplat/ctrl_009/033/f1240/init_points.ply
[prepare] frame 1240 data ready
Dataset generated successfully at: /home/computer0/fly_project/fly_gsplat/ctrl_009/033/f1241
4 cameras loaded
Seed: [ 0.01503591  0.00016678 -0.00659621]  triangulation residual=0.063 mm
Sampled 10000 points in 2mm sphere
Surviving points (all 4 cameras): 2200
After outlier removal: 2100 points
Saved -> /home/computer0/fly_project/fly_gsplat/ctrl_009/033/f1241/init_points.ply
[prepare] frame 1241 data ready
Dataset generated successfully at: /home/computer0/fly_project/fly_gsplat/ctrl_009/033/f1242
4 cameras loaded
Seed: [ 0.01503222  0.00017133 -0.00661609]  triangulation residual=0.081 mm
Sampled 10000 points in 2mm sphere
Surviving points (all 4 cameras): 2222
After outlier removal: 2129 points
Saved -> /home/computer0/fly_project/fly_gsplat/ctrl_009/033/f1242/init_points.ply
[prepare] frame 1242 data ready
Dataset generated successfully at: /home/computer0/fly_project/fly_gsplat/ctrl_009/033/f1243
4 cameras loaded
Seed: [ 0.01502718  0.00016853 -0.00663282]  triangulation residual=0.109 mm
Sampled 10000 points in 2mm sphere
Surviving points (all 4 cameras): 2116
After outlier removal: 2035 points
Saved -> /home/computer0/fly_project/fly_gsplat/ctrl_009/033/f1243/init_points.ply
[prepare] frame 1243 data ready
Dataset generated successfully at: /home/computer0/fly_project/fly_gsplat/ctrl_009/033/f1244
4 cameras loaded
Seed: [ 0.01503684  0.00016259 -0.00663067]  triangulation residual=0.118 mm
Sampled 10000 points in 2mm sphere
Surviving points (all 4 cameras): 1999
After outlier removal: 1910 points
Saved -> /home/computer0/fly_project/fly_gsplat/ctrl_009/033/f1244/init_points.ply
[prepare] frame 1244 data ready
Dataset generated successfully at: /home/computer0/fly_project/fly_gsplat/ctrl_009/033/f1245
4 cameras loaded
Seed: [ 0.01505382  0.00016641 -0.00660467]  triangulation residual=0.095 mm
Sampled 10000 points in 2mm sphere
Surviving points (all 4 cameras): 2210
After outlier removal: 2129 points
Saved -> /home/computer0/fly_project/fly_gsplat/ctrl_009/033/f1245/init_points.ply
[prepare] frame 1245 data ready
Dataset generated successfully at: /home/computer0/fly_project/fly_gsplat/ctrl_009/033/f1246
4 cameras loaded
Seed: [ 0.01506546  0.00016691 -0.00655851]  triangulation residual=0.068 mm
Sampled 10000 points in 2mm sphere
Surviving points (all 4 cameras): 2274
After outlier removal: 2183 points
Saved -> /home/computer0/fly_project/fly_gsplat/ctrl_009/033/f1246/init_points.ply
[prepare] frame 1246 data ready
Dataset generated successfully at: /home/computer0/fly_project/fly_gsplat/ctrl_009/033/f1247
4 cameras loaded
Seed: [ 0.01506929  0.000157   -0.00651897]  triangulation residual=0.050 mm
Sampled 10000 points in 2mm sphere
Surviving points (all 4 cameras): 2355
After outlier removal: 2247 points
Saved -> /home/computer0/fly_project/fly_gsplat/ctrl_009/033/f1247/init_points.ply
[prepare] frame 1247 data ready
Dataset generated successfully at: /home/computer0/fly_project/fly_gsplat/ctrl_009/033/f1248
4 cameras loaded
Seed: [ 0.01505249  0.00013524 -0.00648456]  triangulation residual=0.042 mm
Sampled 10000 points in 2mm sphere
Surviving points (all 4 cameras): 2325
After outlier removal: 2229 points
Saved -> /home/computer0/fly_project/fly_gsplat/ctrl_009/033/f1248/init_points.ply
[prepare] frame 1248 data ready
Dataset generated successfully at: /home/computer0/fly_project/fly_gsplat/ctrl_009/033/f1249
4 cameras loaded
Seed: [ 0.01502869  0.0001007  -0.00645781]  triangulation residual=0.041 mm
Sampled 10000 points in 2mm sphere
Surviving points (all 4 cameras): 2270
After outlier removal: 2163 points
Saved -> /home/computer0/fly_project/fly_gsplat/ctrl_009/033/f1249/init_points.ply
[prepare] frame 1249 data ready
Dataset generated successfully at: /home/computer0/fly_project/fly_gsplat/ctrl_009/033/f1250
4 cameras loaded
Seed: [ 1.49940554e-02  5.56175924e-05 -6.43937212e-03]  triangulation residual=0.043 mm
Sampled 10000 points in 2mm sphere
Surviving points (all 4 cameras): 2106
After outlier removal: 2025 points
Saved -> /home/computer0/fly_project/fly_gsplat/ctrl_009/033/f1250/init_points.ply
[prepare] frame 1250 data ready
Dataset generated successfully at: /home/computer0/fly_project/fly_gsplat/ctrl_009/033/f1251
4 cameras loaded
Seed: [ 1.49522317e-02  1.22349613e-05 -6.44055998e-03]  triangulation residual=0.049 mm
Sampled 10000 points in 2mm sphere
Surviving points (all 4 cameras): 2060
After outlier removal: 1982 points
Saved -> /home/computer0/fly_project/fly_gsplat/ctrl_009/033/f1251/init_points.ply
[prepare] frame 1251 data ready
Dataset generated successfully at: /home/computer0/fly_project/fly_gsplat/ctrl_009/033/f1252
4 cameras loaded
Seed: [ 1.49250351e-02 -2.28530355e-05 -6.44188013e-03]  triangulation residual=0.031 mm
Sampled 10000 points in 2mm sphere
Surviving points (all 4 cameras): 1920
After outlier removal: 1835 points
Saved -> /home/computer0/fly_project/fly_gsplat/ctrl_009/033/f1252/init_points.ply
[prepare] frame 1252 data ready
Dataset generated successfully at: /home/computer0/fly_project/fly_gsplat/ctrl_009/033/f1253
4 cameras loaded
Seed: [ 1.48932795e-02 -5.56375915e-05 -6.45050967e-03]  triangulation residual=0.039 mm
Sampled 10000 points in 2mm sphere
Surviving points (all 4 cameras): 1932
After outlier removal: 1849 points
Saved -> /home/computer0/fly_project/fly_gsplat/ctrl_009/033/f1253/init_points.ply
[prepare] frame 1253 data ready
Dataset generated successfully at: /home/computer0/fly_project/fly_gsplat/ctrl_009/033/f1254
4 cameras loaded
Seed: [ 1.48564541e-02 -8.38874711e-05 -6.47244634e-03]  triangulation residual=0.069 mm
Sampled 10000 points in 2mm sphere
Surviving points (all 4 cameras): 1953
After outlier removal: 1873 points
Saved -> /home/computer0/fly_project/fly_gsplat/ctrl_009/033/f1254/init_points.ply
[prepare] frame 1254 data ready
Dataset generated successfully at: /home/computer0/fly_project/fly_gsplat/ctrl_009/033/f1255
4 cameras loaded
Seed: [ 0.01483276 -0.00011184 -0.00650553]  triangulation residual=0.095 mm
Sampled 10000 points in 2mm sphere
Surviving points (all 4 cameras): 1912
After outlier removal: 1840 points
Saved -> /home/computer0/fly_project/fly_gsplat/ctrl_009/033/f1255/init_points.ply
[prepare] frame 1255 data ready
Dataset generated successfully at: /home/computer0/fly_project/fly_gsplat/ctrl_009/033/f1256
4 cameras loaded
Seed: [ 0.01481357 -0.00013755 -0.00653223]  triangulation residual=0.118 mm
Sampled 10000 points in 2mm sphere
Surviving points (all 4 cameras): 1898
After outlier removal: 1835 points
Saved -> /home/computer0/fly_project/fly_gsplat/ctrl_009/033/f1256/init_points.ply
[prepare] frame 1256 data ready
Dataset generated successfully at: /home/computer0/fly_project/fly_gsplat/ctrl_009/033/f1257
4 cameras loaded
Seed: [ 0.01480162 -0.00017073 -0.00655567]  triangulation residual=0.121 mm
Sampled 10000 points in 2mm sphere
Surviving points (all 4 cameras): 1922
After outlier removal: 1848 points
Saved -> /home/computer0/fly_project/fly_gsplat/ctrl_009/033/f1257/init_points.ply
[prepare] frame 1257 data ready
Dataset generated successfully at: /home/computer0/fly_project/fly_gsplat/ctrl_009/033/f1258
4 cameras loaded
Seed: [ 0.01479341 -0.00020763 -0.00657292]  triangulation residual=0.123 mm
Sampled 10000 points in 2mm sphere
Surviving points (all 4 cameras): 1901
After outlier removal: 1824 points
Saved -> /home/computer0/fly_project/fly_gsplat/ctrl_009/033/f1258/init_points.ply
[prepare] frame 1258 data ready
Dataset generated successfully at: /home/computer0/fly_project/fly_gsplat/ctrl_009/033/f1259
4 cameras loaded
Seed: [ 0.01477731 -0.00023741 -0.00659219]  triangulation residual=0.125 mm
Sampled 10000 points in 2mm sphere
Surviving points (all 4 cameras): 1857
After outlier removal: 1776 points
Saved -> /home/computer0/fly_project/fly_gsplat/ctrl_009/033/f1259/init_points.ply
[prepare] frame 1259 data ready
Dataset generated successfully at: /home/computer0/fly_project/fly_gsplat/ctrl_009/033/f1260
4 cameras loaded
Seed: [ 0.01475721 -0.00026268 -0.0066191 ]  triangulation residual=0.127 mm
Sampled 10000 points in 2mm sphere
Surviving points (all 4 cameras): 1897
After outlier removal: 1823 points
Saved -> /home/computer0/fly_project/fly_gsplat/ctrl_009/033/f1260/init_points.ply
[prepare] frame 1260 data ready
Dataset generated successfully at: /home/computer0/fly_project/fly_gsplat/ctrl_009/033/f1261
4 cameras loaded
Seed: [ 0.01473935 -0.00028861 -0.00665058]  triangulation residual=0.126 mm
Sampled 10000 points in 2mm sphere
Surviving points (all 4 cameras): 1912
After outlier removal: 1831 points
Saved -> /home/computer0/fly_project/fly_gsplat/ctrl_009/033/f1261/init_points.ply
[prepare] frame 1261 data ready
Dataset generated successfully at: /home/computer0/fly_project/fly_gsplat/ctrl_009/033/f1262
4 cameras loaded
Seed: [ 0.01472451 -0.00030666 -0.00667305]  triangulation residual=0.119 mm
Sampled 10000 points in 2mm sphere
Surviving points (all 4 cameras): 1977
After outlier removal: 1898 points
Saved -> /home/computer0/fly_project/fly_gsplat/ctrl_009/033/f1262/init_points.ply
[prepare] frame 1262 data ready
Dataset generated successfully at: /home/computer0/fly_project/fly_gsplat/ctrl_009/033/f1263
4 cameras loaded
Seed: [ 0.01471039 -0.00032501 -0.00668889]  triangulation residual=0.116 mm
Sampled 10000 points in 2mm sphere
Surviving points (all 4 cameras): 2030
After outlier removal: 1957 points
Saved -> /home/computer0/fly_project/fly_gsplat/ctrl_009/033/f1263/init_points.ply
[prepare] frame 1263 data ready
Dataset generated successfully at: /home/computer0/fly_project/fly_gsplat/ctrl_009/033/f1264
4 cameras loaded
Seed: [ 0.01469636 -0.00033535 -0.00671371]  triangulation residual=0.110 mm
Sampled 10000 points in 2mm sphere
Surviving points (all 4 cameras): 1989
After outlier removal: 1909 points
Saved -> /home/computer0/fly_project/fly_gsplat/ctrl_009/033/f1264/init_points.ply
[prepare] frame 1264 data ready
Dataset generated successfully at: /home/computer0/fly_project/fly_gsplat/ctrl_009/033/f1265
4 cameras loaded
Seed: [ 0.01468807 -0.00034642 -0.00673624]  triangulation residual=0.105 mm
Sampled 10000 points in 2mm sphere
Surviving points (all 4 cameras): 2103
After outlier removal: 2023 points
Saved -> /home/computer0/fly_project/fly_gsplat/ctrl_009/033/f1265/init_points.ply
[prepare] frame 1265 data ready
Dataset generated successfully at: /home/computer0/fly_project/fly_gsplat/ctrl_009/033/f1266
4 cameras loaded
Seed: [ 0.0146857  -0.00035371 -0.00675692]  triangulation residual=0.097 mm
Sampled 10000 points in 2mm sphere
Surviving points (all 4 cameras): 2075
After outlier removal: 1997 points
Saved -> /home/computer0/fly_project/fly_gsplat/ctrl_009/033/f1266/init_points.ply
[prepare] frame 1266 data ready
Dataset generated successfully at: /home/computer0/fly_project/fly_gsplat/ctrl_009/033/f1267
4 cameras loaded
Seed: [ 0.01468895 -0.00035166 -0.00677334]  triangulation residual=0.092 mm
Sampled 10000 points in 2mm sphere
Surviving points (all 4 cameras): 2112
After outlier removal: 2025 points
Saved -> /home/computer0/fly_project/fly_gsplat/ctrl_009/033/f1267/init_points.ply
[prepare] frame 1267 data ready
Dataset generated successfully at: /home/computer0/fly_project/fly_gsplat/ctrl_009/033/f1268
4 cameras loaded
Seed: [ 0.01469462 -0.0003514  -0.00678756]  triangulation residual=0.085 mm
Sampled 10000 points in 2mm sphere
Surviving points (all 4 cameras): 2127
After outlier removal: 2039 points
Saved -> /home/computer0/fly_project/fly_gsplat/ctrl_009/033/f1268/init_points.ply
[prepare] frame 1268 data ready
Dataset generated successfully at: /home/computer0/fly_project/fly_gsplat/ctrl_009/033/f1269
4 cameras loaded
Seed: [ 0.01470559 -0.00034022 -0.00679341]  triangulation residual=0.091 mm
Sampled 10000 points in 2mm sphere
Surviving points (all 4 cameras): 2081
After outlier removal: 2000 points
Saved -> /home/computer0/fly_project/fly_gsplat/ctrl_009/033/f1269/init_points.ply
[prepare] frame 1269 data ready
Dataset generated successfully at: /home/computer0/fly_project/fly_gsplat/ctrl_009/033/f1270
4 cameras loaded
Seed: [ 0.01472464 -0.00031426 -0.00679145]  triangulation residual=0.107 mm
Sampled 10000 points in 2mm sphere
Surviving points (all 4 cameras): 2054
After outlier removal: 1966 points
Saved -> /home/computer0/fly_project/fly_gsplat/ctrl_009/033/f1270/init_points.ply
[prepare] frame 1270 data ready
Dataset generated successfully at: /home/computer0/fly_project/fly_gsplat/ctrl_009/033/f1271
4 cameras loaded
Seed: [ 0.01475253 -0.00027913 -0.0067787 ]  triangulation residual=0.135 mm
Sampled 10000 points in 2mm sphere
Surviving points (all 4 cameras): 1912
After outlier removal: 1828 points
Saved -> /home/computer0/fly_project/fly_gsplat/ctrl_009/033/f1271/init_points.ply
[prepare] frame 1271 data ready
Dataset generated successfully at: /home/computer0/fly_project/fly_gsplat/ctrl_009/033/f1272
4 cameras loaded
Seed: [ 0.01477728 -0.00023131 -0.0067897 ]  triangulation residual=0.165 mm
Sampled 10000 points in 2mm sphere
Surviving points (all 4 cameras): 1860
After outlier removal: 1771 points
Saved -> /home/computer0/fly_project/fly_gsplat/ctrl_009/033/f1272/init_points.ply
[prepare] frame 1272 data ready
Dataset generated successfully at: /home/computer0/fly_project/fly_gsplat/ctrl_009/033/f1273
4 cameras loaded
Seed: [ 0.01475547 -0.00022934 -0.00681243]  triangulation residual=0.133 mm
Sampled 10000 points in 2mm sphere
Surviving points (all 4 cameras): 1961
After outlier removal: 1890 points
Saved -> /home/computer0/fly_project/fly_gsplat/ctrl_009/033/f1273/init_points.ply
[prepare] frame 1273 data ready
Dataset generated successfully at: /home/computer0/fly_project/fly_gsplat/ctrl_009/033/f1274
4 cameras loaded
Seed: [ 0.0147282  -0.00023262 -0.0068257 ]  triangulation residual=0.102 mm
Sampled 10000 points in 2mm sphere
Surviving points (all 4 cameras): 2085
After outlier removal: 2011 points
Saved -> /home/computer0/fly_project/fly_gsplat/ctrl_009/033/f1274/init_points.ply
[prepare] frame 1274 data ready
Dataset generated successfully at: /home/computer0/fly_project/fly_gsplat/ctrl_009/033/f1275
4 cameras loaded
Seed: [ 0.01470577 -0.00024065 -0.00685562]  triangulation residual=0.075 mm
Sampled 10000 points in 2mm sphere
Surviving points (all 4 cameras): 2079
After outlier removal: 1996 points
Saved -> /home/computer0/fly_project/fly_gsplat/ctrl_009/033/f1275/init_points.ply
[prepare] frame 1275 data ready
Dataset generated successfully at: /home/computer0/fly_project/fly_gsplat/ctrl_009/033/f1276
4 cameras loaded
Seed: [ 0.01469615 -0.00026662 -0.00689565]  triangulation residual=0.043 mm
Sampled 10000 points in 2mm sphere
Surviving points (all 4 cameras): 2186
After outlier removal: 2105 points
Saved -> /home/computer0/fly_project/fly_gsplat/ctrl_009/033/f1276/init_points.ply
[prepare] frame 1276 data ready
Dataset generated successfully at: /home/computer0/fly_project/fly_gsplat/ctrl_009/033/f1277
4 cameras loaded
Seed: [ 0.01469457 -0.00028479 -0.00693168]  triangulation residual=0.031 mm
Sampled 10000 points in 2mm sphere
Surviving points (all 4 cameras): 2370
After outlier removal: 2275 points
Saved -> /home/computer0/fly_project/fly_gsplat/ctrl_009/033/f1277/init_points.ply
[prepare] frame 1277 data ready
Dataset generated successfully at: /home/computer0/fly_project/fly_gsplat/ctrl_009/033/f1278
4 cameras loaded
Seed: [ 0.01469866 -0.00028988 -0.00695548]  triangulation residual=0.049 mm
Sampled 10000 points in 2mm sphere
Surviving points (all 4 cameras): 2360
After outlier removal: 2258 points
Saved -> /home/computer0/fly_project/fly_gsplat/ctrl_009/033/f1278/init_points.ply
[prepare] frame 1278 data ready
Dataset generated successfully at: /home/computer0/fly_project/fly_gsplat/ctrl_009/033/f1279
4 cameras loaded
Seed: [ 0.01469954 -0.00029281 -0.00697046]  triangulation residual=0.065 mm
Sampled 10000 points in 2mm sphere
Surviving points (all 4 cameras): 2346
After outlier removal: 2245 points
Saved -> /home/computer0/fly_project/fly_gsplat/ctrl_009/033/f1279/init_points.ply
[prepare] frame 1279 data ready
Dataset generated successfully at: /home/computer0/fly_project/fly_gsplat/ctrl_009/033/f1280
4 cameras loaded
Seed: [ 0.01469872 -0.00029006 -0.00696608]  triangulation residual=0.068 mm
Sampled 10000 points in 2mm sphere
Surviving points (all 4 cameras): 2439
After outlier removal: 2343 points
Saved -> /home/computer0/fly_project/fly_gsplat/ctrl_009/033/f1280/init_points.ply
[prepare] frame 1280 data ready
Dataset generated successfully at: /home/computer0/fly_project/fly_gsplat/ctrl_009/033/f1281
4 cameras loaded
Seed: [ 0.0146981  -0.00027682 -0.00695976]  triangulation residual=0.067 mm
Sampled 10000 points in 2mm sphere
Surviving points (all 4 cameras): 2401
After outlier removal: 2302 points
Saved -> /home/computer0/fly_project/fly_gsplat/ctrl_009/033/f1281/init_points.ply
[prepare] frame 1281 data ready
Dataset generated successfully at: /home/computer0/fly_project/fly_gsplat/ctrl_009/033/f1282
4 cameras loaded
Seed: [ 0.0147028  -0.00026131 -0.00695662]  triangulation residual=0.073 mm
Sampled 10000 points in 2mm sphere
Surviving points (all 4 cameras): 2368
After outlier removal: 2263 points
Saved -> /home/computer0/fly_project/fly_gsplat/ctrl_009/033/f1282/init_points.ply
[prepare] frame 1282 data ready
Dataset generated successfully at: /home/computer0/fly_project/fly_gsplat/ctrl_009/033/f1283
4 cameras loaded
Seed: [ 0.01471343 -0.00023354 -0.00694442]  triangulation residual=0.087 mm
Sampled 10000 points in 2mm sphere
Surviving points (all 4 cameras): 2328
After outlier removal: 2222 points
Saved -> /home/computer0/fly_project/fly_gsplat/ctrl_009/033/f1283/init_points.ply
[prepare] frame 1283 data ready
Dataset generated successfully at: /home/computer0/fly_project/fly_gsplat/ctrl_009/033/f1284
4 cameras loaded
Seed: [ 0.01472299 -0.00020243 -0.00693381]  triangulation residual=0.103 mm
Sampled 10000 points in 2mm sphere
Surviving points (all 4 cameras): 2213
After outlier removal: 2113 points
Saved -> /home/computer0/fly_project/fly_gsplat/ctrl_009/033/f1284/init_points.ply
[prepare] frame 1284 data ready
Dataset generated successfully at: /home/computer0/fly_project/fly_gsplat/ctrl_009/033/f1285
4 cameras loaded
Seed: [ 0.01473669 -0.00017981 -0.00692501]  triangulation residual=0.115 mm
Sampled 10000 points in 2mm sphere
Surviving points (all 4 cameras): 2098
After outlier removal: 2004 points
Saved -> /home/computer0/fly_project/fly_gsplat/ctrl_009/033/f1285/init_points.ply
[prepare] frame 1285 data ready
Dataset generated successfully at: /home/computer0/fly_project/fly_gsplat/ctrl_009/033/f1286
4 cameras loaded
Seed: [ 0.01475269 -0.00015812 -0.00691704]  triangulation residual=0.128 mm
Sampled 10000 points in 2mm sphere
Surviving points (all 4 cameras): 2063
After outlier removal: 1980 points
Saved -> /home/computer0/fly_project/fly_gsplat/ctrl_009/033/f1286/init_points.ply
[prepare] frame 1286 data ready
Dataset generated successfully at: /home/computer0/fly_project/fly_gsplat/ctrl_009/033/f1287
4 cameras loaded
Seed: [ 0.01477084 -0.00014561 -0.00691222]  triangulation residual=0.135 mm
Sampled 10000 points in 2mm sphere
Surviving points (all 4 cameras): 2154
After outlier removal: 2060 points
Saved -> /home/computer0/fly_project/fly_gsplat/ctrl_009/033/f1287/init_points.ply
[prepare] frame 1287 data ready
Dataset generated successfully at: /home/computer0/fly_project/fly_gsplat/ctrl_009/033/f1288
4 cameras loaded
Seed: [ 0.01479006 -0.00012659 -0.00690353]  triangulation residual=0.145 mm
Sampled 10000 points in 2mm sphere
Surviving points (all 4 cameras): 2014
After outlier removal: 1935 points
Saved -> /home/computer0/fly_project/fly_gsplat/ctrl_009/033/f1288/init_points.ply
[prepare] frame 1288 data ready
Dataset generated successfully at: /home/computer0/fly_project/fly_gsplat/ctrl_009/033/f1289
4 cameras loaded
Seed: [ 0.01481004 -0.00010762 -0.00689393]  triangulation residual=0.152 mm
Sampled 10000 points in 2mm sphere
Surviving points (all 4 cameras): 2132
After outlier removal: 2036 points
Saved -> /home/computer0/fly_project/fly_gsplat/ctrl_009/033/f1289/init_points.ply
[prepare] frame 1289 data ready
Dataset generated successfully at: /home/computer0/fly_project/fly_gsplat/ctrl_009/033/f1290
4 cameras loaded
Seed: [ 1.48383378e-02 -8.73278939e-05 -6.88493042e-03]  triangulation residual=0.152 mm
Sampled 10000 points in 2mm sphere
Surviving points (all 4 cameras): 2101
After outlier removal: 2022 points
Saved -> /home/computer0/fly_project/fly_gsplat/ctrl_009/033/f1290/init_points.ply
[prepare] frame 1290 data ready
Dataset generated successfully at: /home/computer0/fly_project/fly_gsplat/ctrl_009/033/f1291
4 cameras loaded
Seed: [ 1.48681770e-02 -6.17535608e-05 -6.87748638e-03]  triangulation residual=0.151 mm
Sampled 10000 points in 2mm sphere
Surviving points (all 4 cameras): 2045
After outlier removal: 1946 points
Saved -> /home/computer0/fly_project/fly_gsplat/ctrl_009/033/f1291/init_points.ply
[prepare] frame 1291 data ready
Dataset generated successfully at: /home/computer0/fly_project/fly_gsplat/ctrl_009/033/f1292
4 cameras loaded
Seed: [ 1.49088374e-02 -3.83456625e-05 -6.87145672e-03]  triangulation residual=0.149 mm
Sampled 10000 points in 2mm sphere
Surviving points (all 4 cameras): 2029
After outlier removal: 1939 points
Saved -> /home/computer0/fly_project/fly_gsplat/ctrl_009/033/f1292/init_points.ply
[prepare] frame 1292 data ready
Dataset generated successfully at: /home/computer0/fly_project/fly_gsplat/ctrl_009/033/f1293
4 cameras loaded
Seed: [ 1.49421123e-02 -4.40642333e-06 -6.85882402e-03]  triangulation residual=0.144 mm
Sampled 10000 points in 2mm sphere
Surviving points (all 4 cameras): 1996
After outlier removal: 1905 points
Saved -> /home/computer0/fly_project/fly_gsplat/ctrl_009/033/f1293/init_points.ply
[prepare] frame 1293 data ready
Dataset generated successfully at: /home/computer0/fly_project/fly_gsplat/ctrl_009/033/f1294
4 cameras loaded
Seed: [ 1.49842974e-02  3.58438277e-05 -6.83918282e-03]  triangulation residual=0.136 mm
Sampled 10000 points in 2mm sphere
Surviving points (all 4 cameras): 1981
After outlier removal: 1897 points
Saved -> /home/computer0/fly_project/fly_gsplat/ctrl_009/033/f1294/init_points.ply
[prepare] frame 1294 data ready
Dataset generated successfully at: /home/computer0/fly_project/fly_gsplat/ctrl_009/033/f1295
4 cameras loaded
Seed: [ 1.50283646e-02  7.19428935e-05 -6.81518194e-03]  triangulation residual=0.125 mm
Sampled 10000 points in 2mm sphere
Surviving points (all 4 cameras): 1989
After outlier removal: 1908 points
Saved -> /home/computer0/fly_project/fly_gsplat/ctrl_009/033/f1295/init_points.ply
[prepare] frame 1295 data ready
Dataset generated successfully at: /home/computer0/fly_project/fly_gsplat/ctrl_009/033/f1296
4 cameras loaded
Seed: [ 0.01507886  0.00010623 -0.00678907]  triangulation residual=0.111 mm
Sampled 10000 points in 2mm sphere
Surviving points (all 4 cameras): 1931
After outlier removal: 1843 points
Saved -> /home/computer0/fly_project/fly_gsplat/ctrl_009/033/f1296/init_points.ply
[prepare] frame 1296 data ready
Dataset generated successfully at: /home/computer0/fly_project/fly_gsplat/ctrl_009/033/f1297
4 cameras loaded
Seed: [ 0.01513105  0.00015049 -0.00676071]  triangulation residual=0.097 mm
Sampled 10000 points in 2mm sphere
Surviving points (all 4 cameras): 1982
After outlier removal: 1903 points
Saved -> /home/computer0/fly_project/fly_gsplat/ctrl_009/033/f1297/init_points.ply
[prepare] frame 1297 data ready
[21:57:01]  Be careful with '--eval-mode=all'. If using camera optimization, the cameras    nerfstudio_dataparser.py:216
           may diverge in the current implementation, giving unpredictable results.                                     
            Be careful with '--eval-mode=all'. If using camera optimization, the cameras    nerfstudio_dataparser.py:216
           may diverge in the current implementation, giving unpredictable results.                                     
[21:57:01]  Be careful with '--eval-mode=all'. If using camera optimization, the cameras    nerfstudio_dataparser.py:216
           may diverge in the current implementation, giving unpredictable results.                                     
            Be careful with '--eval-mode=all'. If using camera optimization, the cameras    nerfstudio_dataparser.py:216
           may diverge in the current implementation, giving unpredictable results.                                     
[21:57:02] use color only optimization with sigmoid activation                                         splatfacto.py:266
[21:57:02] use color only optimization with sigmoid activation                                         splatfacto.py:266
[21:57:02]  Be careful with '--eval-mode=all'. If using camera optimization, the cameras    nerfstudio_dataparser.py:216
           may diverge in the current implementation, giving unpredictable results.                                     
            Be careful with '--eval-mode=all'. If using camera optimization, the cameras    nerfstudio_dataparser.py:216
           may diverge in the current implementation, giving unpredictable results.                                     
[21:57:02]  Be careful with '--eval-mode=all'. If using camera optimization, the cameras    nerfstudio_dataparser.py:216
           may diverge in the current implementation, giving unpredictable results.                                     
            Be careful with '--eval-mode=all'. If using camera optimization, the cameras    nerfstudio_dataparser.py:216
           may diverge in the current implementation, giving unpredictable results.                                     
           use color only optimization with sigmoid activation                                         splatfacto.py:266
[21:57:02]  Be careful with '--eval-mode=all'. If using camera optimization, the cameras    nerfstudio_dataparser.py:216
           may diverge in the current implementation, giving unpredictable results.                                     
            Be careful with '--eval-mode=all'. If using camera optimization, the cameras    nerfstudio_dataparser.py:216
           may diverge in the current implementation, giving unpredictable results.                                     
           use color only optimization with sigmoid activation                                         splatfacto.py:266
Loading latest checkpoint from load_dir
Loading latest checkpoint from load_dir
✅ Done loading checkpoint from 
outputs/ctrl_009_033_ratio3_sh0_dense_mid200/ratio3_sh0_dense/f1111/splatfacto/2026-08-20_215517/nerfstudio_models/step-
000001999.ckpt
           use color only optimization with sigmoid activation                                         splatfacto.py:266
[21:57:02]  Be careful with '--eval-mode=all'. If using camera optimization, the cameras    nerfstudio_dataparser.py:216
           may diverge in the current implementation, giving unpredictable results.                                     
0 Gaussians have NaN/Inf and 6 have low opacity, only export 625/631
[21:57:03]  Be careful with '--eval-mode=all'. If using camera optimization, the cameras    nerfstudio_dataparser.py:216
           may diverge in the current implementation, giving unpredictable results.                                     
✅ Done loading checkpoint from 
outputs/ctrl_009_033_ratio3_sh0_dense_mid200/ratio3_sh0_dense/f1110/splatfacto/2026-08-20_215517/nerfstudio_models/step-
000001999.ckpt
0 Gaussians have NaN/Inf and 3 have low opacity, only export 693/696
[21:57:03]  Be careful with '--eval-mode=all'. If using camera optimization, the cameras    nerfstudio_dataparser.py:216
           may diverge in the current implementation, giving unpredictable results.                                     
            Be careful with '--eval-mode=all'. If using camera optimization, the cameras    nerfstudio_dataparser.py:216
           may diverge in the current implementation, giving unpredictable results.                                     
           use color only optimization with sigmoid activation                                         splatfacto.py:266
           use color only optimization with sigmoid activation                                         splatfacto.py:266
Loading latest checkpoint from load_dir
✅ Done loading checkpoint from 
outputs/ctrl_009_033_ratio3_sh0_dense_mid200/ratio3_sh0_dense/f1100/splatfacto/2026-08-20_215518/nerfstudio_models/step-
000001999.ckpt
0 Gaussians have NaN/Inf and 1 have low opacity, only export 661/662
[21:57:03]  Be careful with '--eval-mode=all'. If using camera optimization, the cameras    nerfstudio_dataparser.py:216
           may diverge in the current implementation, giving unpredictable results.                                     
            Be careful with '--eval-mode=all'. If using camera optimization, the cameras    nerfstudio_dataparser.py:216
           may diverge in the current implementation, giving unpredictable results.                                     
Loading latest checkpoint from load_dir
✅ Done loading checkpoint from 
outputs/ctrl_009_033_ratio3_sh0_dense_mid200/ratio3_sh0_dense/f1104/splatfacto/2026-08-20_215517/nerfstudio_models/step-
000001999.ckpt
0 Gaussians have NaN/Inf and 8 have low opacity, only export 559/567
           use color only optimization with sigmoid activation                                         splatfacto.py:266
Loading latest checkpoint from load_dir
✅ Done loading checkpoint from 
outputs/ctrl_009_033_ratio3_sh0_dense_mid200/ratio3_sh0_dense/f1109/splatfacto/2026-08-20_215517/nerfstudio_models/step-
000001999.ckpt
0 Gaussians have NaN/Inf and 9 have low opacity, only export 621/630
[21:57:03]  Be careful with '--eval-mode=all'. If using camera optimization, the cameras    nerfstudio_dataparser.py:216
           may diverge in the current implementation, giving unpredictable results.                                     
            Be careful with '--eval-mode=all'. If using camera optimization, the cameras    nerfstudio_dataparser.py:216
           may diverge in the current implementation, giving unpredictable results.                                     
Loading latest checkpoint from load_dir
✅ Done loading checkpoint from 
outputs/ctrl_009_033_ratio3_sh0_dense_mid200/ratio3_sh0_dense/f1105/splatfacto/2026-08-20_215518/nerfstudio_models/step-
000001999.ckpt
Loading latest checkpoint from load_dir
✅ Done loading checkpoint from 
outputs/ctrl_009_033_ratio3_sh0_dense_mid200/ratio3_sh0_dense/f1106/splatfacto/2026-08-20_215518/nerfstudio_models/step-
000001999.ckpt
[21:57:04] use color only optimization with sigmoid activation                                         splatfacto.py:266
[21:57:04]  Be careful with '--eval-mode=all'. If using camera optimization, the cameras    nerfstudio_dataparser.py:216
           may diverge in the current implementation, giving unpredictable results.                                     
            Be careful with '--eval-mode=all'. If using camera optimization, the cameras    nerfstudio_dataparser.py:216
           may diverge in the current implementation, giving unpredictable results.                                     
[21:57:04]  Be careful with '--eval-mode=all'. If using camera optimization, the cameras    nerfstudio_dataparser.py:216
           may diverge in the current implementation, giving unpredictable results.                                     
[21:57:06]  Be careful with '--eval-mode=all'. If using camera optimization, the cameras    nerfstudio_dataparser.py:216
           may diverge in the current implementation, giving unpredictable results.                                     
[21:57:06] use color only optimization with sigmoid activation                                         splatfacto.py:266
Loading latest checkpoint from load_dir
✅ Done loading checkpoint from 
outputs/ctrl_009_033_ratio3_sh0_dense_mid200/ratio3_sh0_dense/f1107/splatfacto/2026-08-20_215518/nerfstudio_models/step-
000001999.ckpt
0 Gaussians have NaN/Inf and 4 have low opacity, only export 636/640
           use color only optimization with sigmoid activation                                         splatfacto.py:266
Loading latest checkpoint from load_dir
✅ Done loading checkpoint from 
outputs/ctrl_009_033_ratio3_sh0_dense_mid200/ratio3_sh0_dense/f1103/splatfacto/2026-08-20_215518/nerfstudio_models/step-
000001999.ckpt
0 Gaussians have NaN/Inf and 2 have low opacity, only export 589/591
[21:57:07]  Be careful with '--eval-mode=all'. If using camera optimization, the cameras    nerfstudio_dataparser.py:216
           may diverge in the current implementation, giving unpredictable results.                                     
            Be careful with '--eval-mode=all'. If using camera optimization, the cameras    nerfstudio_dataparser.py:216
           may diverge in the current implementation, giving unpredictable results.                                     
[gpu1_w4] ratio3_sh0_dense__f1111 -> ok (110.3s)
[gpu1_w2] ratio3_sh0_dense__f1110 -> ok (110.4s)
           use color only optimization with sigmoid activation                                         splatfacto.py:266
Loading latest checkpoint from load_dir
✅ Done loading checkpoint from 
outputs/ctrl_009_033_ratio3_sh0_dense_mid200/ratio3_sh0_dense/f1102/splatfacto/2026-08-20_215518/nerfstudio_models/step-
000001999.ckpt
0 Gaussians have NaN/Inf and 10 have low opacity, only export 588/598
Loading latest checkpoint from load_dir
✅ Done loading checkpoint from 
outputs/ctrl_009_033_ratio3_sh0_dense_mid200/ratio3_sh0_dense/f1101/splatfacto/2026-08-20_215518/nerfstudio_models/step-
000001999.ckpt
0 Gaussians have NaN/Inf and 7 have low opacity, only export 608/615
[gpu0_w0] ratio3_sh0_dense__f1100 -> ok (110.9s)
[gpu0_w4] ratio3_sh0_dense__f1104 -> ok (110.9s)
[gpu1_w1] ratio3_sh0_dense__f1109 -> ok (111.1s)
Loading latest checkpoint from load_dir
✅ Done loading checkpoint from 
outputs/ctrl_009_033_ratio3_sh0_dense_mid200/ratio3_sh0_dense/f1108/splatfacto/2026-08-20_215518/nerfstudio_models/step-
000001999.ckpt
0 Gaussians have NaN/Inf and 6 have low opacity, only export 668/674
[gpu1_w0] ratio3_sh0_dense__f1105 -> ok (111.3s)
[gpu0_w2] ratio3_sh0_dense__f1106 -> ok (111.4s)
[gpu1_w3] ratio3_sh0_dense__f1107 -> ok (111.7s)
[gpu1_w5] ratio3_sh0_dense__f1103 -> ok (112.2s)
[gpu0_w3] ratio3_sh0_dense__f1102 -> ok (112.6s)
[gpu0_w1] ratio3_sh0_dense__f1101 -> ok (112.7s)
[gpu0_w5] ratio3_sh0_dense__f1108 -> ok (112.9s)
[21:59:00]  Be careful with '--eval-mode=all'. If using camera optimization, the cameras    nerfstudio_dataparser.py:216
           may diverge in the current implementation, giving unpredictable results.                                     
            Be careful with '--eval-mode=all'. If using camera optimization, the cameras    nerfstudio_dataparser.py:216
           may diverge in the current implementation, giving unpredictable results.                                     
[21:59:00]  Be careful with '--eval-mode=all'. If using camera optimization, the cameras    nerfstudio_dataparser.py:216
           may diverge in the current implementation, giving unpredictable results.                                     
            Be careful with '--eval-mode=all'. If using camera optimization, the cameras    nerfstudio_dataparser.py:216
           may diverge in the current implementation, giving unpredictable results.                                     
           use color only optimization with sigmoid activation                                         splatfacto.py:266
[21:59:00]  Be careful with '--eval-mode=all'. If using camera optimization, the cameras    nerfstudio_dataparser.py:216
           may diverge in the current implementation, giving unpredictable results.                                     
            Be careful with '--eval-mode=all'. If using camera optimization, the cameras    nerfstudio_dataparser.py:216
           may diverge in the current implementation, giving unpredictable results.                                     
           use color only optimization with sigmoid activation                                         splatfacto.py:266
           use color only optimization with sigmoid activation                                         splatfacto.py:266
Loading latest checkpoint from load_dir
Loading latest checkpoint from load_dir
✅ Done loading checkpoint from 
outputs/ctrl_009_033_ratio3_sh0_dense_mid200/ratio3_sh0_dense/f1114/splatfacto/2026-08-20_215715/nerfstudio_models/step-
000001999.ckpt
0 Gaussians have NaN/Inf and 2 have low opacity, only export 597/599
[21:59:01]  Be careful with '--eval-mode=all'. If using camera optimization, the cameras    nerfstudio_dataparser.py:216
           may diverge in the current implementation, giving unpredictable results.                                     
✅ Done loading checkpoint from 
outputs/ctrl_009_033_ratio3_sh0_dense_mid200/ratio3_sh0_dense/f1119/splatfacto/2026-08-20_215715/nerfstudio_models/step-
000001999.ckpt
            Be careful with '--eval-mode=all'. If using camera optimization, the cameras    nerfstudio_dataparser.py:216
           may diverge in the current implementation, giving unpredictable results.                                     
0 Gaussians have NaN/Inf and 4 have low opacity, only export 695/699
Loading latest checkpoint from load_dir
✅ Done loading checkpoint from 
outputs/ctrl_009_033_ratio3_sh0_dense_mid200/ratio3_sh0_dense/f1112/splatfacto/2026-08-20_215716/nerfstudio_models/step-
000001999.ckpt
0 Gaussians have NaN/Inf and 5 have low opacity, only export 662/667
[21:59:01]  Be careful with '--eval-mode=all'. If using camera optimization, the cameras    nerfstudio_dataparser.py:216
           may diverge in the current implementation, giving unpredictable results.                                     
           use color only optimization with sigmoid activation                                         splatfacto.py:266
            Be careful with '--eval-mode=all'. If using camera optimization, the cameras    nerfstudio_dataparser.py:216
           may diverge in the current implementation, giving unpredictable results.                                     
           use color only optimization with sigmoid activation                                         splatfacto.py:266
[21:59:01]  Be careful with '--eval-mode=all'. If using camera optimization, the cameras    nerfstudio_dataparser.py:216
           may diverge in the current implementation, giving unpredictable results.                                     
            Be careful with '--eval-mode=all'. If using camera optimization, the cameras    nerfstudio_dataparser.py:216
           may diverge in the current implementation, giving unpredictable results.                                     
[21:59:02]  Be careful with '--eval-mode=all'. If using camera optimization, the cameras    nerfstudio_dataparser.py:216
           may diverge in the current implementation, giving unpredictable results.                                     
            Be careful with '--eval-mode=all'. If using camera optimization, the cameras    nerfstudio_dataparser.py:216
           may diverge in the current implementation, giving unpredictable results.                                     
[21:59:02]  Be careful with '--eval-mode=all'. If using camera optimization, the cameras    nerfstudio_dataparser.py:216
           may diverge in the current implementation, giving unpredictable results.                                     
            Be careful with '--eval-mode=all'. If using camera optimization, the cameras    nerfstudio_dataparser.py:216
           may diverge in the current implementation, giving unpredictable results.                                     
[21:59:02] use color only optimization with sigmoid activation                                         splatfacto.py:266
           use color only optimization with sigmoid activation                                         splatfacto.py:266
[21:59:02]  Be careful with '--eval-mode=all'. If using camera optimization, the cameras    nerfstudio_dataparser.py:216
           may diverge in the current implementation, giving unpredictable results.                                     
            Be careful with '--eval-mode=all'. If using camera optimization, the cameras    nerfstudio_dataparser.py:216
           may diverge in the current implementation, giving unpredictable results.                                     
           use color only optimization with sigmoid activation                                         splatfacto.py:266
Loading latest checkpoint from load_dir
✅ Done loading checkpoint from 
outputs/ctrl_009_033_ratio3_sh0_dense_mid200/ratio3_sh0_dense/f1115/splatfacto/2026-08-20_215716/nerfstudio_models/step-
000001999.ckpt
0 Gaussians have NaN/Inf and 5 have low opacity, only export 630/635
           use color only optimization with sigmoid activation                                         splatfacto.py:266
[21:59:02]  Be careful with '--eval-mode=all'. If using camera optimization, the cameras    nerfstudio_dataparser.py:216
           may diverge in the current implementation, giving unpredictable results.                                     
            Be careful with '--eval-mode=all'. If using camera optimization, the cameras    nerfstudio_dataparser.py:216
           may diverge in the current implementation, giving unpredictable results.                                     
           use color only optimization with sigmoid activation                                         splatfacto.py:266
[21:59:02]  Be careful with '--eval-mode=all'. If using camera optimization, the cameras    nerfstudio_dataparser.py:216
           may diverge in the current implementation, giving unpredictable results.                                     
            Be careful with '--eval-mode=all'. If using camera optimization, the cameras    nerfstudio_dataparser.py:216
           may diverge in the current implementation, giving unpredictable results.                                     
Loading latest checkpoint from load_dir
✅ Done loading checkpoint from 
outputs/ctrl_009_033_ratio3_sh0_dense_mid200/ratio3_sh0_dense/f1116/splatfacto/2026-08-20_215716/nerfstudio_models/step-
000001999.ckpt
0 Gaussians have NaN/Inf and 6 have low opacity, only export 648/654
[21:59:02]  Be careful with '--eval-mode=all'. If using camera optimization, the cameras    nerfstudio_dataparser.py:216
           may diverge in the current implementation, giving unpredictable results.                                     
            Be careful with '--eval-mode=all'. If using camera optimization, the cameras    nerfstudio_dataparser.py:216
           may diverge in the current implementation, giving unpredictable results.                                     
           use color only optimization with sigmoid activation                                         splatfacto.py:266
Loading latest checkpoint from load_dir
✅ Done loading checkpoint from 
outputs/ctrl_009_033_ratio3_sh0_dense_mid200/ratio3_sh0_dense/f1113/splatfacto/2026-08-20_215716/nerfstudio_models/step-
000001999.ckpt
0 Gaussians have NaN/Inf and 5 have low opacity, only export 623/628
[21:59:03] use color only optimization with sigmoid activation                                         splatfacto.py:266
Loading latest checkpoint from load_dir
✅ Done loading checkpoint from 
outputs/ctrl_009_033_ratio3_sh0_dense_mid200/ratio3_sh0_dense/f1120/splatfacto/2026-08-20_215717/nerfstudio_models/step-
000001999.ckpt
0 Gaussians have NaN/Inf and 8 have low opacity, only export 698/706
Loading latest checkpoint from load_dir
✅ Done loading checkpoint from 
outputs/ctrl_009_033_ratio3_sh0_dense_mid200/ratio3_sh0_dense/f1117/splatfacto/2026-08-20_215717/nerfstudio_models/step-
000001999.ckpt
0 Gaussians have NaN/Inf and 3 have low opacity, only export 646/649
[gpu1_w3] ratio3_sh0_dense__f1119 -> ok (108.0s)
[gpu0_w0] ratio3_sh0_dense__f1114 -> ok (108.8s)
Loading latest checkpoint from load_dir
✅ Done loading checkpoint from 
outputs/ctrl_009_033_ratio3_sh0_dense_mid200/ratio3_sh0_dense/f1123/splatfacto/2026-08-20_215716/nerfstudio_models/step-
000001999.ckpt
0 Gaussians have NaN/Inf and 3 have low opacity, only export 701/704
[gpu1_w4] ratio3_sh0_dense__f1112 -> ok (109.6s)
Loading latest checkpoint from load_dir
✅ Done loading checkpoint from 
outputs/ctrl_009_033_ratio3_sh0_dense_mid200/ratio3_sh0_dense/f1121/splatfacto/2026-08-20_215717/nerfstudio_models/step-
000001999.ckpt
0 Gaussians have NaN/Inf and 6 have low opacity, only export 598/604
Loading latest checkpoint from load_dir
✅ Done loading checkpoint from 
outputs/ctrl_009_033_ratio3_sh0_dense_mid200/ratio3_sh0_dense/f1118/splatfacto/2026-08-20_215717/nerfstudio_models/step-
000001999.ckpt
0 Gaussians have NaN/Inf and 5 have low opacity, only export 701/706
Loading latest checkpoint from load_dir
✅ Done loading checkpoint from 
outputs/ctrl_009_033_ratio3_sh0_dense_mid200/ratio3_sh0_dense/f1122/splatfacto/2026-08-20_215718/nerfstudio_models/step-
000001999.ckpt
0 Gaussians have NaN/Inf and 3 have low opacity, only export 690/693
[gpu0_w4] ratio3_sh0_dense__f1115 -> ok (110.0s)
[gpu1_w1] ratio3_sh0_dense__f1116 -> ok (110.1s)
[gpu1_w2] ratio3_sh0_dense__f1113 -> ok (111.0s)
[gpu1_w0] ratio3_sh0_dense__f1117 -> ok (110.4s)
[gpu1_w5] ratio3_sh0_dense__f1120 -> ok (109.6s)
[gpu0_w5] ratio3_sh0_dense__f1123 -> ok (108.9s)
[gpu0_w3] ratio3_sh0_dense__f1121 -> ok (109.4s)
[gpu0_w1] ratio3_sh0_dense__f1122 -> ok (109.4s)
[gpu0_w2] ratio3_sh0_dense__f1118 -> ok (110.8s)
[22:00:54]  Be careful with '--eval-mode=all'. If using camera optimization, the cameras    nerfstudio_dataparser.py:216
           may diverge in the current implementation, giving unpredictable results.                                     
            Be careful with '--eval-mode=all'. If using camera optimization, the cameras    nerfstudio_dataparser.py:216
           may diverge in the current implementation, giving unpredictable results.                                     
           use color only optimization with sigmoid activation                                         splatfacto.py:266
Loading latest checkpoint from load_dir
✅ Done loading checkpoint from 
outputs/ctrl_009_033_ratio3_sh0_dense_mid200/ratio3_sh0_dense/f1134/splatfacto/2026-08-20_215912/nerfstudio_models/step-
000001999.ckpt
0 Gaussians have NaN/Inf and 6 have low opacity, only export 670/676
[22:00:55]  Be careful with '--eval-mode=all'. If using camera optimization, the cameras    nerfstudio_dataparser.py:216
           may diverge in the current implementation, giving unpredictable results.                                     
            Be careful with '--eval-mode=all'. If using camera optimization, the cameras    nerfstudio_dataparser.py:216
           may diverge in the current implementation, giving unpredictable results.                                     
           use color only optimization with sigmoid activation                                         splatfacto.py:266
[22:00:55]  Be careful with '--eval-mode=all'. If using camera optimization, the cameras    nerfstudio_dataparser.py:216
           may diverge in the current implementation, giving unpredictable results.                                     
            Be careful with '--eval-mode=all'. If using camera optimization, the cameras    nerfstudio_dataparser.py:216
           may diverge in the current implementation, giving unpredictable results.                                     
           use color only optimization with sigmoid activation                                         splatfacto.py:266
Loading latest checkpoint from load_dir
✅ Done loading checkpoint from 
outputs/ctrl_009_033_ratio3_sh0_dense_mid200/ratio3_sh0_dense/f1125/splatfacto/2026-08-20_215912/nerfstudio_models/step-
000001999.ckpt
0 Gaussians have NaN/Inf and 4 have low opacity, only export 751/755
[22:00:56]  Be careful with '--eval-mode=all'. If using camera optimization, the cameras    nerfstudio_dataparser.py:216
           may diverge in the current implementation, giving unpredictable results.                                     
            Be careful with '--eval-mode=all'. If using camera optimization, the cameras    nerfstudio_dataparser.py:216
           may diverge in the current implementation, giving unpredictable results.                                     
Loading latest checkpoint from load_dir
✅ Done loading checkpoint from 
outputs/ctrl_009_033_ratio3_sh0_dense_mid200/ratio3_sh0_dense/f1129/splatfacto/2026-08-20_215913/nerfstudio_models/step-
000001999.ckpt
0 Gaussians have NaN/Inf and 4 have low opacity, only export 686/690
           use color only optimization with sigmoid activation                                         splatfacto.py:266
[22:00:56]  Be careful with '--eval-mode=all'. If using camera optimization, the cameras    nerfstudio_dataparser.py:216
           may diverge in the current implementation, giving unpredictable results.                                     
            Be careful with '--eval-mode=all'. If using camera optimization, the cameras    nerfstudio_dataparser.py:216
           may diverge in the current implementation, giving unpredictable results.                                     
[gpu0_w1] ratio3_sh0_dense__f1134 -> ok (104.6s)
[22:00:57] use color only optimization with sigmoid activation                                         splatfacto.py:266
[22:00:57]  Be careful with '--eval-mode=all'. If using camera optimization, the cameras    nerfstudio_dataparser.py:216
           may diverge in the current implementation, giving unpredictable results.                                     
            Be careful with '--eval-mode=all'. If using camera optimization, the cameras    nerfstudio_dataparser.py:216
           may diverge in the current implementation, giving unpredictable results.                                     
           use color only optimization with sigmoid activation                                         splatfacto.py:266
Loading latest checkpoint from load_dir
✅ Done loading checkpoint from 
outputs/ctrl_009_033_ratio3_sh0_dense_mid200/ratio3_sh0_dense/f1135/splatfacto/2026-08-20_215912/nerfstudio_models/step-
000001999.ckpt
0 Gaussians have NaN/Inf and 1 have low opacity, only export 654/655
[22:00:57]  Be careful with '--eval-mode=all'. If using camera optimization, the cameras    nerfstudio_dataparser.py:216
           may diverge in the current implementation, giving unpredictable results.                                     
            Be careful with '--eval-mode=all'. If using camera optimization, the cameras    nerfstudio_dataparser.py:216
           may diverge in the current implementation, giving unpredictable results.                                     
Loading latest checkpoint from load_dir
[gpu0_w0] ratio3_sh0_dense__f1125 -> ok (108.1s)
✅ Done loading checkpoint from 
outputs/ctrl_009_033_ratio3_sh0_dense_mid200/ratio3_sh0_dense/f1127/splatfacto/2026-08-20_215913/nerfstudio_models/step-
000001999.ckpt
0 Gaussians have NaN/Inf and 2 have low opacity, only export 715/717
[22:00:58]  Be careful with '--eval-mode=all'. If using camera optimization, the cameras    nerfstudio_dataparser.py:216
           may diverge in the current implementation, giving unpredictable results.                                     
            Be careful with '--eval-mode=all'. If using camera optimization, the cameras    nerfstudio_dataparser.py:216
           may diverge in the current implementation, giving unpredictable results.                                     
[22:00:58] use color only optimization with sigmoid activation                                         splatfacto.py:266
[22:00:58]  Be careful with '--eval-mode=all'. If using camera optimization, the cameras    nerfstudio_dataparser.py:216
           may diverge in the current implementation, giving unpredictable results.                                     
            Be careful with '--eval-mode=all'. If using camera optimization, the cameras    nerfstudio_dataparser.py:216
           may diverge in the current implementation, giving unpredictable results.                                     
           use color only optimization with sigmoid activation                                         splatfacto.py:266
           use color only optimization with sigmoid activation                                         splatfacto.py:266
Loading latest checkpoint from load_dir
✅ Done loading checkpoint from 
outputs/ctrl_009_033_ratio3_sh0_dense_mid200/ratio3_sh0_dense/f1126/splatfacto/2026-08-20_215912/nerfstudio_models/step-
000001999.ckpt
0 Gaussians have NaN/Inf and 3 have low opacity, only export 782/785
[gpu1_w2] ratio3_sh0_dense__f1129 -> ok (106.9s)
[22:00:58]  Be careful with '--eval-mode=all'. If using camera optimization, the cameras    nerfstudio_dataparser.py:216
           may diverge in the current implementation, giving unpredictable results.                                     
[22:00:58]  Be careful with '--eval-mode=all'. If using camera optimization, the cameras    nerfstudio_dataparser.py:216
           may diverge in the current implementation, giving unpredictable results.                                     
            Be careful with '--eval-mode=all'. If using camera optimization, the cameras    nerfstudio_dataparser.py:216
           may diverge in the current implementation, giving unpredictable results.                                     
            Be careful with '--eval-mode=all'. If using camera optimization, the cameras    nerfstudio_dataparser.py:216
           may diverge in the current implementation, giving unpredictable results.                                     
           use color only optimization with sigmoid activation                                         splatfacto.py:266
           use color only optimization with sigmoid activation                                         splatfacto.py:266
Loading latest checkpoint from load_dir
✅ Done loading checkpoint from 
outputs/ctrl_009_033_ratio3_sh0_dense_mid200/ratio3_sh0_dense/f1132/splatfacto/2026-08-20_215913/nerfstudio_models/step-
000001999.ckpt
0 Gaussians have NaN/Inf and 5 have low opacity, only export 684/689
[22:00:59]  Be careful with '--eval-mode=all'. If using camera optimization, the cameras    nerfstudio_dataparser.py:216
           may diverge in the current implementation, giving unpredictable results.                                     
            Be careful with '--eval-mode=all'. If using camera optimization, the cameras    nerfstudio_dataparser.py:216
           may diverge in the current implementation, giving unpredictable results.                                     
Loading latest checkpoint from load_dir
✅ Done loading checkpoint from 
outputs/ctrl_009_033_ratio3_sh0_dense_mid200/ratio3_sh0_dense/f1133/splatfacto/2026-08-20_215914/nerfstudio_models/step-
000001999.ckpt
0 Gaussians have NaN/Inf and 4 have low opacity, only export 705/709
Loading latest checkpoint from load_dir
✅ Done loading checkpoint from 
outputs/ctrl_009_033_ratio3_sh0_dense_mid200/ratio3_sh0_dense/f1130/splatfacto/2026-08-20_215913/nerfstudio_models/step-
000001999.ckpt
0 Gaussians have NaN/Inf and 3 have low opacity, only export 676/679
           use color only optimization with sigmoid activation                                         splatfacto.py:266
[gpu0_w2] ratio3_sh0_dense__f1135 -> ok (107.2s)
Loading latest checkpoint from load_dir
✅ Done loading checkpoint from 
outputs/ctrl_009_033_ratio3_sh0_dense_mid200/ratio3_sh0_dense/f1124/splatfacto/2026-08-20_215912/nerfstudio_models/step-
000001999.ckpt
Loading latest checkpoint from load_dir
0 Gaussians have NaN/Inf and 3 have low opacity, only export 698/701
✅ Done loading checkpoint from 
outputs/ctrl_009_033_ratio3_sh0_dense_mid200/ratio3_sh0_dense/f1128/splatfacto/2026-08-20_215913/nerfstudio_models/step-
000001999.ckpt
[gpu0_w4] ratio3_sh0_dense__f1127 -> ok (108.8s)
Loading latest checkpoint from load_dir
✅ Done loading checkpoint from 
outputs/ctrl_009_033_ratio3_sh0_dense_mid200/ratio3_sh0_dense/f1131/splatfacto/2026-08-20_215914/nerfstudio_models/step-
000001999.ckpt
0 Gaussians have NaN/Inf and 2 have low opacity, only export 727/729
[gpu1_w4] ratio3_sh0_dense__f1126 -> ok (110.3s)
[gpu0_w5] ratio3_sh0_dense__f1132 -> ok (108.8s)
[gpu0_w3] ratio3_sh0_dense__f1133 -> ok (108.8s)
[gpu1_w0] ratio3_sh0_dense__f1130 -> ok (109.2s)
[gpu1_w3] ratio3_sh0_dense__f1124 -> ok (111.9s)
[gpu1_w1] ratio3_sh0_dense__f1128 -> ok (110.3s)
[gpu1_w5] ratio3_sh0_dense__f1131 -> ok (109.9s)
[22:02:48]  Be careful with '--eval-mode=all'. If using camera optimization, the cameras    nerfstudio_dataparser.py:216
           may diverge in the current implementation, giving unpredictable results.                                     
            Be careful with '--eval-mode=all'. If using camera optimization, the cameras    nerfstudio_dataparser.py:216
           may diverge in the current implementation, giving unpredictable results.                                     
           use color only optimization with sigmoid activation                                         splatfacto.py:266
Loading latest checkpoint from load_dir
✅ Done loading checkpoint from 
outputs/ctrl_009_033_ratio3_sh0_dense_mid200/ratio3_sh0_dense/f1136/splatfacto/2026-08-20_220108/nerfstudio_models/step-
000001999.ckpt
[22:02:52]  Be careful with '--eval-mode=all'. If using camera optimization, the cameras    nerfstudio_dataparser.py:216
           may diverge in the current implementation, giving unpredictable results.                                     
            Be careful with '--eval-mode=all'. If using camera optimization, the cameras    nerfstudio_dataparser.py:216
           may diverge in the current implementation, giving unpredictable results.                                     
           use color only optimization with sigmoid activation                                         splatfacto.py:266
[gpu0_w1] ratio3_sh0_dense__f1136 -> ok (107.5s)
[22:02:53]  Be careful with '--eval-mode=all'. If using camera optimization, the cameras    nerfstudio_dataparser.py:216
           may diverge in the current implementation, giving unpredictable results.                                     
            Be careful with '--eval-mode=all'. If using camera optimization, the cameras    nerfstudio_dataparser.py:216
           may diverge in the current implementation, giving unpredictable results.                                     
           use color only optimization with sigmoid activation                                         splatfacto.py:266
Loading latest checkpoint from load_dir
✅ Done loading checkpoint from 
outputs/ctrl_009_033_ratio3_sh0_dense_mid200/ratio3_sh0_dense/f1138/splatfacto/2026-08-20_220109/nerfstudio_models/step-
000001999.ckpt
0 Gaussians have NaN/Inf and 3 have low opacity, only export 698/701
[22:02:53]  Be careful with '--eval-mode=all'. If using camera optimization, the cameras    nerfstudio_dataparser.py:216
           may diverge in the current implementation, giving unpredictable results.                                     
            Be careful with '--eval-mode=all'. If using camera optimization, the cameras    nerfstudio_dataparser.py:216
           may diverge in the current implementation, giving unpredictable results.                                     
[22:02:54] use color only optimization with sigmoid activation                                         splatfacto.py:266
Loading latest checkpoint from load_dir
✅ Done loading checkpoint from 
outputs/ctrl_009_033_ratio3_sh0_dense_mid200/ratio3_sh0_dense/f1137/splatfacto/2026-08-20_220109/nerfstudio_models/step-
000001999.ckpt
0 Gaussians have NaN/Inf and 7 have low opacity, only export 700/707
[22:02:54]  Be careful with '--eval-mode=all'. If using camera optimization, the cameras    nerfstudio_dataparser.py:216
           may diverge in the current implementation, giving unpredictable results.                                     
            Be careful with '--eval-mode=all'. If using camera optimization, the cameras    nerfstudio_dataparser.py:216
           may diverge in the current implementation, giving unpredictable results.                                     
Loading latest checkpoint from load_dir
✅ Done loading checkpoint from 
outputs/ctrl_009_033_ratio3_sh0_dense_mid200/ratio3_sh0_dense/f1139/splatfacto/2026-08-20_220110/nerfstudio_models/step-
000001999.ckpt
0 Gaussians have NaN/Inf and 3 have low opacity, only export 706/709
           use color only optimization with sigmoid activation                                         splatfacto.py:266
[22:02:55]  Be careful with '--eval-mode=all'. If using camera optimization, the cameras    nerfstudio_dataparser.py:216
           may diverge in the current implementation, giving unpredictable results.                                     
            Be careful with '--eval-mode=all'. If using camera optimization, the cameras    nerfstudio_dataparser.py:216
           may diverge in the current implementation, giving unpredictable results.                                     
           use color only optimization with sigmoid activation                                         splatfacto.py:266
[22:02:55]  Be careful with '--eval-mode=all'. If using camera optimization, the cameras    nerfstudio_dataparser.py:216
           may diverge in the current implementation, giving unpredictable results.                                     
            Be careful with '--eval-mode=all'. If using camera optimization, the cameras    nerfstudio_dataparser.py:216
           may diverge in the current implementation, giving unpredictable results.                                     
[22:02:55]  Be careful with '--eval-mode=all'. If using camera optimization, the cameras    nerfstudio_dataparser.py:216
           may diverge in the current implementation, giving unpredictable results.                                     
            Be careful with '--eval-mode=all'. If using camera optimization, the cameras    nerfstudio_dataparser.py:216
           may diverge in the current implementation, giving unpredictable results.                                     
Loading latest checkpoint from load_dir
✅ Done loading checkpoint from 
outputs/ctrl_009_033_ratio3_sh0_dense_mid200/ratio3_sh0_dense/f1140/splatfacto/2026-08-20_220110/nerfstudio_models/step-
000001999.ckpt
0 Gaussians have NaN/Inf and 3 have low opacity, only export 748/751
           use color only optimization with sigmoid activation                                         splatfacto.py:266
           use color only optimization with sigmoid activation                                         splatfacto.py:266
[gpu1_w2] ratio3_sh0_dense__f1138 -> ok (108.4s)
[22:02:55]  Be careful with '--eval-mode=all'. If using camera optimization, the cameras    nerfstudio_dataparser.py:216
           may diverge in the current implementation, giving unpredictable results.                                     
            Be careful with '--eval-mode=all'. If using camera optimization, the cameras    nerfstudio_dataparser.py:216
           may diverge in the current implementation, giving unpredictable results.                                     
Loading latest checkpoint from load_dir
✅ Done loading checkpoint from 
outputs/ctrl_009_033_ratio3_sh0_dense_mid200/ratio3_sh0_dense/f1142/splatfacto/2026-08-20_220111/nerfstudio_models/step-
000001999.ckpt
0 Gaussians have NaN/Inf and 1 have low opacity, only export 650/651
[22:02:56] use color only optimization with sigmoid activation                                         splatfacto.py:266
[22:02:56]  Be careful with '--eval-mode=all'. If using camera optimization, the cameras    nerfstudio_dataparser.py:216
           may diverge in the current implementation, giving unpredictable results.                                     
            Be careful with '--eval-mode=all'. If using camera optimization, the cameras    nerfstudio_dataparser.py:216
           may diverge in the current implementation, giving unpredictable results.                                     
[22:02:56]  Be careful with '--eval-mode=all'. If using camera optimization, the cameras    nerfstudio_dataparser.py:216
           may diverge in the current implementation, giving unpredictable results.                                     
            Be careful with '--eval-mode=all'. If using camera optimization, the cameras    nerfstudio_dataparser.py:216
           may diverge in the current implementation, giving unpredictable results.                                     
Loading latest checkpoint from load_dir
✅ Done loading checkpoint from 
outputs/ctrl_009_033_ratio3_sh0_dense_mid200/ratio3_sh0_dense/f1145/splatfacto/2026-08-20_220110/nerfstudio_models/step-
000001999.ckpt
[gpu0_w0] ratio3_sh0_dense__f1137 -> ok (109.7s)
0 Gaussians have NaN/Inf and 1 have low opacity, only export 719/720
Loading latest checkpoint from load_dir
           use color only optimization with sigmoid activation                                         splatfacto.py:266
✅ Done loading checkpoint from 
outputs/ctrl_009_033_ratio3_sh0_dense_mid200/ratio3_sh0_dense/f1141/splatfacto/2026-08-20_220111/nerfstudio_models/step-
000001999.ckpt
0 Gaussians have NaN/Inf and 1 have low opacity, only export 662/663
           use color only optimization with sigmoid activation                                         splatfacto.py:266
[gpu0_w2] ratio3_sh0_dense__f1139 -> ok (108.5s)
[22:02:56]  Be careful with '--eval-mode=all'. If using camera optimization, the cameras    nerfstudio_dataparser.py:216
           may diverge in the current implementation, giving unpredictable results.                                     
            Be careful with '--eval-mode=all'. If using camera optimization, the cameras    nerfstudio_dataparser.py:216
           may diverge in the current implementation, giving unpredictable results.                                     
Loading latest checkpoint from load_dir
✅ Done loading checkpoint from 
outputs/ctrl_009_033_ratio3_sh0_dense_mid200/ratio3_sh0_dense/f1146/splatfacto/2026-08-20_220111/nerfstudio_models/step-
000001999.ckpt
[22:02:57] use color only optimization with sigmoid activation                                         splatfacto.py:266
Loading latest checkpoint from load_dir
[gpu0_w4] ratio3_sh0_dense__f1140 -> ok (108.7s)
✅ Done loading checkpoint from 
outputs/ctrl_009_033_ratio3_sh0_dense_mid200/ratio3_sh0_dense/f1147/splatfacto/2026-08-20_220111/nerfstudio_models/step-
000001999.ckpt
0 Gaussians have NaN/Inf and 4 have low opacity, only export 703/707
Loading latest checkpoint from load_dir
✅ Done loading checkpoint from 
outputs/ctrl_009_033_ratio3_sh0_dense_mid200/ratio3_sh0_dense/f1144/splatfacto/2026-08-20_220111/nerfstudio_models/step-
000001999.ckpt
0 Gaussians have NaN/Inf and 4 have low opacity, only export 701/705
Loading latest checkpoint from load_dir
✅ Done loading checkpoint from 
outputs/ctrl_009_033_ratio3_sh0_dense_mid200/ratio3_sh0_dense/f1143/splatfacto/2026-08-20_220111/nerfstudio_models/step-
000001999.ckpt
0 Gaussians have NaN/Inf and 6 have low opacity, only export 687/693
[gpu0_w5] ratio3_sh0_dense__f1142 -> ok (108.9s)
[gpu1_w3] ratio3_sh0_dense__f1145 -> ok (108.2s)
[gpu1_w4] ratio3_sh0_dense__f1141 -> ok (109.5s)
[gpu1_w1] ratio3_sh0_dense__f1146 -> ok (108.9s)
[gpu1_w0] ratio3_sh0_dense__f1144 -> ok (109.7s)
[gpu1_w5] ratio3_sh0_dense__f1147 -> ok (108.9s)
[gpu0_w3] ratio3_sh0_dense__f1143 -> ok (109.8s)
[22:04:46]  Be careful with '--eval-mode=all'. If using camera optimization, the cameras    nerfstudio_dataparser.py:216
           may diverge in the current implementation, giving unpredictable results.                                     
            Be careful with '--eval-mode=all'. If using camera optimization, the cameras    nerfstudio_dataparser.py:216
           may diverge in the current implementation, giving unpredictable results.                                     
           use color only optimization with sigmoid activation                                         splatfacto.py:266
Loading latest checkpoint from load_dir
✅ Done loading checkpoint from 
outputs/ctrl_009_033_ratio3_sh0_dense_mid200/ratio3_sh0_dense/f1148/splatfacto/2026-08-20_220302/nerfstudio_models/step-
000001999.ckpt
0 Gaussians have NaN/Inf and 2 have low opacity, only export 703/705
[gpu0_w1] ratio3_sh0_dense__f1148 -> ok (108.8s)
[22:04:48]  Be careful with '--eval-mode=all'. If using camera optimization, the cameras    nerfstudio_dataparser.py:216
           may diverge in the current implementation, giving unpredictable results.                                     
            Be careful with '--eval-mode=all'. If using camera optimization, the cameras    nerfstudio_dataparser.py:216
           may diverge in the current implementation, giving unpredictable results.                                     
[22:04:49]  Be careful with '--eval-mode=all'. If using camera optimization, the cameras    nerfstudio_dataparser.py:216
           may diverge in the current implementation, giving unpredictable results.                                     
            Be careful with '--eval-mode=all'. If using camera optimization, the cameras    nerfstudio_dataparser.py:216
           may diverge in the current implementation, giving unpredictable results.                                     
[22:04:49]  Be careful with '--eval-mode=all'. If using camera optimization, the cameras    nerfstudio_dataparser.py:216
           may diverge in the current implementation, giving unpredictable results.                                     
            Be careful with '--eval-mode=all'. If using camera optimization, the cameras    nerfstudio_dataparser.py:216
           may diverge in the current implementation, giving unpredictable results.                                     
[22:04:49] use color only optimization with sigmoid activation                                         splatfacto.py:266
           use color only optimization with sigmoid activation                                         splatfacto.py:266
           use color only optimization with sigmoid activation                                         splatfacto.py:266
[22:04:49]  Be careful with '--eval-mode=all'. If using camera optimization, the cameras    nerfstudio_dataparser.py:216
           may diverge in the current implementation, giving unpredictable results.                                     
            Be careful with '--eval-mode=all'. If using camera optimization, the cameras    nerfstudio_dataparser.py:216
           may diverge in the current implementation, giving unpredictable results.                                     
[22:04:49]  Be careful with '--eval-mode=all'. If using camera optimization, the cameras    nerfstudio_dataparser.py:216
           may diverge in the current implementation, giving unpredictable results.                                     
            Be careful with '--eval-mode=all'. If using camera optimization, the cameras    nerfstudio_dataparser.py:216
           may diverge in the current implementation, giving unpredictable results.                                     
           use color only optimization with sigmoid activation                                         splatfacto.py:266
[22:04:49]  Be careful with '--eval-mode=all'. If using camera optimization, the cameras    nerfstudio_dataparser.py:216
           may diverge in the current implementation, giving unpredictable results.                                     
            Be careful with '--eval-mode=all'. If using camera optimization, the cameras    nerfstudio_dataparser.py:216
           may diverge in the current implementation, giving unpredictable results.                                     
           use color only optimization with sigmoid activation                                         splatfacto.py:266
[22:04:49]  Be careful with '--eval-mode=all'. If using camera optimization, the cameras    nerfstudio_dataparser.py:216
           may diverge in the current implementation, giving unpredictable results.                                     
            Be careful with '--eval-mode=all'. If using camera optimization, the cameras    nerfstudio_dataparser.py:216
           may diverge in the current implementation, giving unpredictable results.                                     
           use color only optimization with sigmoid activation                                         splatfacto.py:266
[22:04:50] use color only optimization with sigmoid activation                                         splatfacto.py:266
[22:04:50]  Be careful with '--eval-mode=all'. If using camera optimization, the cameras    nerfstudio_dataparser.py:216
           may diverge in the current implementation, giving unpredictable results.                                     
            Be careful with '--eval-mode=all'. If using camera optimization, the cameras    nerfstudio_dataparser.py:216
           may diverge in the current implementation, giving unpredictable results.                                     
Loading latest checkpoint from load_dir
Loading latest checkpoint from load_dir
✅ Done loading checkpoint from 
outputs/ctrl_009_033_ratio3_sh0_dense_mid200/ratio3_sh0_dense/f1149/splatfacto/2026-08-20_220305/nerfstudio_models/step-
000001999.ckpt
0 Gaussians have NaN/Inf and 2 have low opacity, only export 691/693
✅ Done loading checkpoint from 
outputs/ctrl_009_033_ratio3_sh0_dense_mid200/ratio3_sh0_dense/f1152/splatfacto/2026-08-20_220305/nerfstudio_models/step-
000001999.ckpt
Loading latest checkpoint from load_dir
✅ Done loading checkpoint from 
outputs/ctrl_009_033_ratio3_sh0_dense_mid200/ratio3_sh0_dense/f1158/splatfacto/2026-08-20_220306/nerfstudio_models/step-
000001999.ckpt
           use color only optimization with sigmoid activation                                         splatfacto.py:266
0 Gaussians have NaN/Inf and 7 have low opacity, only export 575/582
[22:04:50]  Be careful with '--eval-mode=all'. If using camera optimization, the cameras    nerfstudio_dataparser.py:216
           may diverge in the current implementation, giving unpredictable results.                                     
            Be careful with '--eval-mode=all'. If using camera optimization, the cameras    nerfstudio_dataparser.py:216
           may diverge in the current implementation, giving unpredictable results.                                     
Loading latest checkpoint from load_dir
Loading latest checkpoint from load_dir
✅ Done loading checkpoint from 
outputs/ctrl_009_033_ratio3_sh0_dense_mid200/ratio3_sh0_dense/f1155/splatfacto/2026-08-20_220306/nerfstudio_models/step-
000001999.ckpt
0 Gaussians have NaN/Inf and 7 have low opacity, only export 642/649
✅ Done loading checkpoint from 
outputs/ctrl_009_033_ratio3_sh0_dense_mid200/ratio3_sh0_dense/f1150/splatfacto/2026-08-20_220305/nerfstudio_models/step-
000001999.ckpt
0 Gaussians have NaN/Inf and 5 have low opacity, only export 692/697
           use color only optimization with sigmoid activation                                         splatfacto.py:266
[22:04:50]  Be careful with '--eval-mode=all'. If using camera optimization, the cameras    nerfstudio_dataparser.py:216
           may diverge in the current implementation, giving unpredictable results.                                     
            Be careful with '--eval-mode=all'. If using camera optimization, the cameras    nerfstudio_dataparser.py:216
           may diverge in the current implementation, giving unpredictable results.                                     
Loading latest checkpoint from load_dir
✅ Done loading checkpoint from 
outputs/ctrl_009_033_ratio3_sh0_dense_mid200/ratio3_sh0_dense/f1159/splatfacto/2026-08-20_220307/nerfstudio_models/step-
000001999.ckpt
0 Gaussians have NaN/Inf and 1 have low opacity, only export 595/596
[22:04:50]  Be careful with '--eval-mode=all'. If using camera optimization, the cameras    nerfstudio_dataparser.py:216
           may diverge in the current implementation, giving unpredictable results.                                     
           use color only optimization with sigmoid activation                                         splatfacto.py:266
            Be careful with '--eval-mode=all'. If using camera optimization, the cameras    nerfstudio_dataparser.py:216
           may diverge in the current implementation, giving unpredictable results.                                     
Loading latest checkpoint from load_dir
✅ Done loading checkpoint from 
outputs/ctrl_009_033_ratio3_sh0_dense_mid200/ratio3_sh0_dense/f1157/splatfacto/2026-08-20_220307/nerfstudio_models/step-
000001999.ckpt
0 Gaussians have NaN/Inf and 3 have low opacity, only export 639/642
[22:04:51] use color only optimization with sigmoid activation                                         splatfacto.py:266
Loading latest checkpoint from load_dir
✅ Done loading checkpoint from 
outputs/ctrl_009_033_ratio3_sh0_dense_mid200/ratio3_sh0_dense/f1151/splatfacto/2026-08-20_220305/nerfstudio_models/step-
000001999.ckpt
0 Gaussians have NaN/Inf and 5 have low opacity, only export 650/655
Loading latest checkpoint from load_dir
✅ Done loading checkpoint from 
outputs/ctrl_009_033_ratio3_sh0_dense_mid200/ratio3_sh0_dense/f1153/splatfacto/2026-08-20_220306/nerfstudio_models/step-
000001999.ckpt
0 Gaussians have NaN/Inf and 9 have low opacity, only export 687/696
Loading latest checkpoint from load_dir
Loading latest checkpoint from load_dir
✅ Done loading checkpoint from 
outputs/ctrl_009_033_ratio3_sh0_dense_mid200/ratio3_sh0_dense/f1154/splatfacto/2026-08-20_220306/nerfstudio_models/step-
000001999.ckpt
0 Gaussians have NaN/Inf and 7 have low opacity, only export 646/653
✅ Done loading checkpoint from 
outputs/ctrl_009_033_ratio3_sh0_dense_mid200/ratio3_sh0_dense/f1156/splatfacto/2026-08-20_220306/nerfstudio_models/step-
000001999.ckpt
0 Gaussians have NaN/Inf and 4 have low opacity, only export 596/600
[gpu1_w2] ratio3_sh0_dense__f1149 -> ok (110.0s)
[gpu0_w4] ratio3_sh0_dense__f1152 -> ok (108.3s)
[gpu1_w5] ratio3_sh0_dense__f1158 -> ok (106.3s)
[gpu0_w0] ratio3_sh0_dense__f1150 -> ok (109.6s)
[gpu0_w3] ratio3_sh0_dense__f1159 -> ok (106.6s)
[gpu1_w4] ratio3_sh0_dense__f1155 -> ok (107.5s)
[gpu0_w2] ratio3_sh0_dense__f1151 -> ok (109.7s)
[gpu1_w0] ratio3_sh0_dense__f1157 -> ok (106.9s)
[gpu0_w5] ratio3_sh0_dense__f1153 -> ok (108.4s)
[gpu1_w3] ratio3_sh0_dense__f1154 -> ok (108.3s)
[gpu1_w1] ratio3_sh0_dense__f1156 -> ok (107.9s)
[22:06:40]  Be careful with '--eval-mode=all'. If using camera optimization, the cameras    nerfstudio_dataparser.py:216
           may diverge in the current implementation, giving unpredictable results.                                     
            Be careful with '--eval-mode=all'. If using camera optimization, the cameras    nerfstudio_dataparser.py:216
           may diverge in the current implementation, giving unpredictable results.                                     
           use color only optimization with sigmoid activation                                         splatfacto.py:266
Loading latest checkpoint from load_dir
✅ Done loading checkpoint from 
outputs/ctrl_009_033_ratio3_sh0_dense_mid200/ratio3_sh0_dense/f1160/splatfacto/2026-08-20_220457/nerfstudio_models/step-
000001999.ckpt
0 Gaussians have NaN/Inf and 4 have low opacity, only export 545/549
[22:06:43]  Be careful with '--eval-mode=all'. If using camera optimization, the cameras    nerfstudio_dataparser.py:216
           may diverge in the current implementation, giving unpredictable results.                                     
[gpu0_w1] ratio3_sh0_dense__f1160 -> ok (107.9s)
            Be careful with '--eval-mode=all'. If using camera optimization, the cameras    nerfstudio_dataparser.py:216
           may diverge in the current implementation, giving unpredictable results.                                     
           use color only optimization with sigmoid activation                                         splatfacto.py:266
[22:06:43]  Be careful with '--eval-mode=all'. If using camera optimization, the cameras    nerfstudio_dataparser.py:216
           may diverge in the current implementation, giving unpredictable results.                                     
            Be careful with '--eval-mode=all'. If using camera optimization, the cameras    nerfstudio_dataparser.py:216
           may diverge in the current implementation, giving unpredictable results.                                     
Loading latest checkpoint from load_dir
✅ Done loading checkpoint from 
outputs/ctrl_009_033_ratio3_sh0_dense_mid200/ratio3_sh0_dense/f1169/splatfacto/2026-08-20_220500/nerfstudio_models/step-
000001999.ckpt
0 Gaussians have NaN/Inf and 4 have low opacity, only export 613/617
[22:06:44] use color only optimization with sigmoid activation                                         splatfacto.py:266
[22:06:44]  Be careful with '--eval-mode=all'. If using camera optimization, the cameras    nerfstudio_dataparser.py:216
           may diverge in the current implementation, giving unpredictable results.                                     
            Be careful with '--eval-mode=all'. If using camera optimization, the cameras    nerfstudio_dataparser.py:216
           may diverge in the current implementation, giving unpredictable results.                                     
           use color only optimization with sigmoid activation                                         splatfacto.py:266
[22:06:44]  Be careful with '--eval-mode=all'. If using camera optimization, the cameras    nerfstudio_dataparser.py:216
           may diverge in the current implementation, giving unpredictable results.                                     
            Be careful with '--eval-mode=all'. If using camera optimization, the cameras    nerfstudio_dataparser.py:216
           may diverge in the current implementation, giving unpredictable results.                                     
[22:06:44]  Be careful with '--eval-mode=all'. If using camera optimization, the cameras    nerfstudio_dataparser.py:216
           may diverge in the current implementation, giving unpredictable results.                                     
            Be careful with '--eval-mode=all'. If using camera optimization, the cameras    nerfstudio_dataparser.py:216
           may diverge in the current implementation, giving unpredictable results.                                     
Loading latest checkpoint from load_dir
✅ Done loading checkpoint from 
outputs/ctrl_009_033_ratio3_sh0_dense_mid200/ratio3_sh0_dense/f1165/splatfacto/2026-08-20_220501/nerfstudio_models/step-
000001999.ckpt
0 Gaussians have NaN/Inf and 7 have low opacity, only export 607/614
[22:06:45] use color only optimization with sigmoid activation                                         splatfacto.py:266
[22:06:45] use color only optimization with sigmoid activation                                         splatfacto.py:266
[22:06:45]  Be careful with '--eval-mode=all'. If using camera optimization, the cameras    nerfstudio_dataparser.py:216
           may diverge in the current implementation, giving unpredictable results.                                     
            Be careful with '--eval-mode=all'. If using camera optimization, the cameras    nerfstudio_dataparser.py:216
           may diverge in the current implementation, giving unpredictable results.                                     
[22:06:45]  Be careful with '--eval-mode=all'. If using camera optimization, the cameras    nerfstudio_dataparser.py:216
           may diverge in the current implementation, giving unpredictable results.                                     
            Be careful with '--eval-mode=all'. If using camera optimization, the cameras    nerfstudio_dataparser.py:216
           may diverge in the current implementation, giving unpredictable results.                                     
[22:06:45]  Be careful with '--eval-mode=all'. If using camera optimization, the cameras    nerfstudio_dataparser.py:216
           may diverge in the current implementation, giving unpredictable results.                                     
            Be careful with '--eval-mode=all'. If using camera optimization, the cameras    nerfstudio_dataparser.py:216
           may diverge in the current implementation, giving unpredictable results.                                     
[22:06:45]  Be careful with '--eval-mode=all'. If using camera optimization, the cameras    nerfstudio_dataparser.py:216
           may diverge in the current implementation, giving unpredictable results.                                     
            Be careful with '--eval-mode=all'. If using camera optimization, the cameras    nerfstudio_dataparser.py:216
           may diverge in the current implementation, giving unpredictable results.                                     
           use color only optimization with sigmoid activation                                         splatfacto.py:266
           use color only optimization with sigmoid activation                                         splatfacto.py:266
Loading latest checkpoint from load_dir
✅ Done loading checkpoint from 
outputs/ctrl_009_033_ratio3_sh0_dense_mid200/ratio3_sh0_dense/f1161/splatfacto/2026-08-20_220500/nerfstudio_models/step-
000001999.ckpt
           use color only optimization with sigmoid activation                                         splatfacto.py:266
           use color only optimization with sigmoid activation                                         splatfacto.py:266
Loading latest checkpoint from load_dir
✅ Done loading checkpoint from 
outputs/ctrl_009_033_ratio3_sh0_dense_mid200/ratio3_sh0_dense/f1162/splatfacto/2026-08-20_220501/nerfstudio_models/step-
000001999.ckpt
Loading latest checkpoint from load_dir
0 Gaussians have NaN/Inf and 5 have low opacity, only export 593/598
✅ Done loading checkpoint from 
outputs/ctrl_009_033_ratio3_sh0_dense_mid200/ratio3_sh0_dense/f1168/splatfacto/2026-08-20_220500/nerfstudio_models/step-
000001999.ckpt
0 Gaussians have NaN/Inf and 5 have low opacity, only export 703/708
[gpu0_w5] ratio3_sh0_dense__f1169 -> ok (105.8s)
[22:06:46]  Be careful with '--eval-mode=all'. If using camera optimization, the cameras    nerfstudio_dataparser.py:216
           may diverge in the current implementation, giving unpredictable results.                                     
            Be careful with '--eval-mode=all'. If using camera optimization, the cameras    nerfstudio_dataparser.py:216
           may diverge in the current implementation, giving unpredictable results.                                     
[22:06:46]  Be careful with '--eval-mode=all'. If using camera optimization, the cameras    nerfstudio_dataparser.py:216
           may diverge in the current implementation, giving unpredictable results.                                     
            Be careful with '--eval-mode=all'. If using camera optimization, the cameras    nerfstudio_dataparser.py:216
           may diverge in the current implementation, giving unpredictable results.                                     
           use color only optimization with sigmoid activation                                         splatfacto.py:266
           use color only optimization with sigmoid activation                                         splatfacto.py:266
Loading latest checkpoint from load_dir
✅ Done loading checkpoint from 
outputs/ctrl_009_033_ratio3_sh0_dense_mid200/ratio3_sh0_dense/f1171/splatfacto/2026-08-20_220501/nerfstudio_models/step-
000001999.ckpt
0 Gaussians have NaN/Inf and 5 have low opacity, only export 629/634
Loading latest checkpoint from load_dir
Loading latest checkpoint from load_dir
✅ Done loading checkpoint from 
outputs/ctrl_009_033_ratio3_sh0_dense_mid200/ratio3_sh0_dense/f1163/splatfacto/2026-08-20_220501/nerfstudio_models/step-
000001999.ckpt
Loading latest checkpoint from load_dir
✅ Done loading checkpoint from 
outputs/ctrl_009_033_ratio3_sh0_dense_mid200/ratio3_sh0_dense/f1166/splatfacto/2026-08-20_220501/nerfstudio_models/step-
000001999.ckpt
0 Gaussians have NaN/Inf and 3 have low opacity, only export 601/604
0 Gaussians have NaN/Inf and 4 have low opacity, only export 668/672
✅ Done loading checkpoint from 
outputs/ctrl_009_033_ratio3_sh0_dense_mid200/ratio3_sh0_dense/f1164/splatfacto/2026-08-20_220500/nerfstudio_models/step-
000001999.ckpt
0 Gaussians have NaN/Inf and 6 have low opacity, only export 567/573
Loading latest checkpoint from load_dir
[gpu0_w3] ratio3_sh0_dense__f1165 -> ok (108.0s)
✅ Done loading checkpoint from 
outputs/ctrl_009_033_ratio3_sh0_dense_mid200/ratio3_sh0_dense/f1167/splatfacto/2026-08-20_220501/nerfstudio_models/step-
000001999.ckpt
Loading latest checkpoint from load_dir
0 Gaussians have NaN/Inf and 2 have low opacity, only export 643/645
✅ Done loading checkpoint from 
outputs/ctrl_009_033_ratio3_sh0_dense_mid200/ratio3_sh0_dense/f1170/splatfacto/2026-08-20_220501/nerfstudio_models/step-
000001999.ckpt
0 Gaussians have NaN/Inf and 2 have low opacity, only export 598/600
[gpu1_w2] ratio3_sh0_dense__f1161 -> ok (108.9s)
[gpu1_w0] ratio3_sh0_dense__f1168 -> ok (108.4s)
[gpu0_w4] ratio3_sh0_dense__f1162 -> ok (109.2s)
[gpu1_w1] ratio3_sh0_dense__f1171 -> ok (107.9s)
[gpu0_w0] ratio3_sh0_dense__f1164 -> ok (109.3s)
[gpu1_w4] ratio3_sh0_dense__f1166 -> ok (109.2s)
[gpu1_w5] ratio3_sh0_dense__f1163 -> ok (109.6s)
[gpu1_w3] ratio3_sh0_dense__f1170 -> ok (109.0s)
[gpu0_w2] ratio3_sh0_dense__f1167 -> ok (109.5s)
[22:08:37]  Be careful with '--eval-mode=all'. If using camera optimization, the cameras    nerfstudio_dataparser.py:216
           may diverge in the current implementation, giving unpredictable results.                                     
            Be careful with '--eval-mode=all'. If using camera optimization, the cameras    nerfstudio_dataparser.py:216
           may diverge in the current implementation, giving unpredictable results.                                     
           use color only optimization with sigmoid activation                                         splatfacto.py:266
Loading latest checkpoint from load_dir
✅ Done loading checkpoint from 
outputs/ctrl_009_033_ratio3_sh0_dense_mid200/ratio3_sh0_dense/f1172/splatfacto/2026-08-20_220654/nerfstudio_models/step-
000001999.ckpt
0 Gaussians have NaN/Inf and 2 have low opacity, only export 642/644
[gpu0_w1] ratio3_sh0_dense__f1172 -> ok (108.6s)
[22:08:41]  Be careful with '--eval-mode=all'. If using camera optimization, the cameras    nerfstudio_dataparser.py:216
           may diverge in the current implementation, giving unpredictable results.                                     
            Be careful with '--eval-mode=all'. If using camera optimization, the cameras    nerfstudio_dataparser.py:216
           may diverge in the current implementation, giving unpredictable results.                                     
[22:08:41]  Be careful with '--eval-mode=all'. If using camera optimization, the cameras    nerfstudio_dataparser.py:216
           may diverge in the current implementation, giving unpredictable results.                                     
            Be careful with '--eval-mode=all'. If using camera optimization, the cameras    nerfstudio_dataparser.py:216
           may diverge in the current implementation, giving unpredictable results.                                     
           use color only optimization with sigmoid activation                                         splatfacto.py:266
[22:08:42] use color only optimization with sigmoid activation                                         splatfacto.py:266
[22:08:42]  Be careful with '--eval-mode=all'. If using camera optimization, the cameras    nerfstudio_dataparser.py:216
           may diverge in the current implementation, giving unpredictable results.                                     
            Be careful with '--eval-mode=all'. If using camera optimization, the cameras    nerfstudio_dataparser.py:216
           may diverge in the current implementation, giving unpredictable results.                                     
[22:08:42]  Be careful with '--eval-mode=all'. If using camera optimization, the cameras    nerfstudio_dataparser.py:216
           may diverge in the current implementation, giving unpredictable results.                                     
            Be careful with '--eval-mode=all'. If using camera optimization, the cameras    nerfstudio_dataparser.py:216
           may diverge in the current implementation, giving unpredictable results.                                     
[22:08:42]  Be careful with '--eval-mode=all'. If using camera optimization, the cameras    nerfstudio_dataparser.py:216
           may diverge in the current implementation, giving unpredictable results.                                     
           use color only optimization with sigmoid activation                                         splatfacto.py:266
            Be careful with '--eval-mode=all'. If using camera optimization, the cameras    nerfstudio_dataparser.py:216
           may diverge in the current implementation, giving unpredictable results.                                     
[22:08:42]  Be careful with '--eval-mode=all'. If using camera optimization, the cameras    nerfstudio_dataparser.py:216
           may diverge in the current implementation, giving unpredictable results.                                     
            Be careful with '--eval-mode=all'. If using camera optimization, the cameras    nerfstudio_dataparser.py:216
           may diverge in the current implementation, giving unpredictable results.                                     
           use color only optimization with sigmoid activation                                         splatfacto.py:266
Loading latest checkpoint from load_dir
✅ Done loading checkpoint from 
outputs/ctrl_009_033_ratio3_sh0_dense_mid200/ratio3_sh0_dense/f1173/splatfacto/2026-08-20_220657/nerfstudio_models/step-
000001999.ckpt
Loading latest checkpoint from load_dir
0 Gaussians have NaN/Inf and 3 have low opacity, only export 633/636
✅ Done loading checkpoint from 
outputs/ctrl_009_033_ratio3_sh0_dense_mid200/ratio3_sh0_dense/f1179/splatfacto/2026-08-20_220658/nerfstudio_models/step-
000001999.ckpt
0 Gaussians have NaN/Inf and 5 have low opacity, only export 500/505
[22:08:42]  Be careful with '--eval-mode=all'. If using camera optimization, the cameras    nerfstudio_dataparser.py:216
           may diverge in the current implementation, giving unpredictable results.                                     
            Be careful with '--eval-mode=all'. If using camera optimization, the cameras    nerfstudio_dataparser.py:216
           may diverge in the current implementation, giving unpredictable results.                                     
           use color only optimization with sigmoid activation                                         splatfacto.py:266
           use color only optimization with sigmoid activation                                         splatfacto.py:266
[22:08:42]  Be careful with '--eval-mode=all'. If using camera optimization, the cameras    nerfstudio_dataparser.py:216
           may diverge in the current implementation, giving unpredictable results.                                     
            Be careful with '--eval-mode=all'. If using camera optimization, the cameras    nerfstudio_dataparser.py:216
           may diverge in the current implementation, giving unpredictable results.                                     
[22:08:43]  Be careful with '--eval-mode=all'. If using camera optimization, the cameras    nerfstudio_dataparser.py:216
           may diverge in the current implementation, giving unpredictable results.                                     
            Be careful with '--eval-mode=all'. If using camera optimization, the cameras    nerfstudio_dataparser.py:216
           may diverge in the current implementation, giving unpredictable results.                                     
[22:08:43] use color only optimization with sigmoid activation                                         splatfacto.py:266
[22:08:43] use color only optimization with sigmoid activation                                         splatfacto.py:266
           use color only optimization with sigmoid activation                                         splatfacto.py:266
[22:08:43]  Be careful with '--eval-mode=all'. If using camera optimization, the cameras    nerfstudio_dataparser.py:216
           may diverge in the current implementation, giving unpredictable results.                                     
            Be careful with '--eval-mode=all'. If using camera optimization, the cameras    nerfstudio_dataparser.py:216
           may diverge in the current implementation, giving unpredictable results.                                     
Loading latest checkpoint from load_dir
           use color only optimization with sigmoid activation                                         splatfacto.py:266
✅ Done loading checkpoint from 
outputs/ctrl_009_033_ratio3_sh0_dense_mid200/ratio3_sh0_dense/f1176/splatfacto/2026-08-20_220658/nerfstudio_models/step-
000001999.ckpt
0 Gaussians have NaN/Inf and 8 have low opacity, only export 594/602
Loading latest checkpoint from load_dir
Loading latest checkpoint from load_dir
✅ Done loading checkpoint from 
outputs/ctrl_009_033_ratio3_sh0_dense_mid200/ratio3_sh0_dense/f1174/splatfacto/2026-08-20_220657/nerfstudio_models/step-
000001999.ckpt
0 Gaussians have NaN/Inf and 4 have low opacity, only export 620/624
✅ Done loading checkpoint from 
outputs/ctrl_009_033_ratio3_sh0_dense_mid200/ratio3_sh0_dense/f1175/splatfacto/2026-08-20_220658/nerfstudio_models/step-
000001999.ckpt
0 Gaussians have NaN/Inf and 4 have low opacity, only export 623/627
Loading latest checkpoint from load_dir
✅ Done loading checkpoint from 
outputs/ctrl_009_033_ratio3_sh0_dense_mid200/ratio3_sh0_dense/f1177/splatfacto/2026-08-20_220658/nerfstudio_models/step-
000001999.ckpt
0 Gaussians have NaN/Inf and 8 have low opacity, only export 553/561
Loading latest checkpoint from load_dir
✅ Done loading checkpoint from 
outputs/ctrl_009_033_ratio3_sh0_dense_mid200/ratio3_sh0_dense/f1181/splatfacto/2026-08-20_220658/nerfstudio_models/step-
000001999.ckpt
0 Gaussians have NaN/Inf and 2 have low opacity, only export 575/577
Loading latest checkpoint from load_dir
✅ Done loading checkpoint from 
outputs/ctrl_009_033_ratio3_sh0_dense_mid200/ratio3_sh0_dense/f1180/splatfacto/2026-08-20_220659/nerfstudio_models/step-
000001999.ckpt
0 Gaussians have NaN/Inf and 3 have low opacity, only export 574/577
Loading latest checkpoint from load_dir
✅ Done loading checkpoint from 
outputs/ctrl_009_033_ratio3_sh0_dense_mid200/ratio3_sh0_dense/f1183/splatfacto/2026-08-20_220658/nerfstudio_models/step-
000001999.ckpt
0 Gaussians have NaN/Inf and 2 have low opacity, only export 565/567
Loading latest checkpoint from load_dir
[22:08:44]  Be careful with '--eval-mode=all'. If using camera optimization, the cameras    nerfstudio_dataparser.py:216
           may diverge in the current implementation, giving unpredictable results.                                     
            Be careful with '--eval-mode=all'. If using camera optimization, the cameras    nerfstudio_dataparser.py:216
           may diverge in the current implementation, giving unpredictable results.                                     
✅ Done loading checkpoint from 
outputs/ctrl_009_033_ratio3_sh0_dense_mid200/ratio3_sh0_dense/f1182/splatfacto/2026-08-20_220659/nerfstudio_models/step-
000001999.ckpt
0 Gaussians have NaN/Inf and 6 have low opacity, only export 605/611
           use color only optimization with sigmoid activation                                         splatfacto.py:266
[gpu0_w5] ratio3_sh0_dense__f1173 -> ok (110.1s)
[gpu0_w0] ratio3_sh0_dense__f1179 -> ok (107.6s)
Loading latest checkpoint from load_dir
✅ Done loading checkpoint from 
outputs/ctrl_009_033_ratio3_sh0_dense_mid200/ratio3_sh0_dense/f1178/splatfacto/2026-08-20_220659/nerfstudio_models/step-
000001999.ckpt
0 Gaussians have NaN/Inf and 11 have low opacity, only export 561/572
[gpu1_w0] ratio3_sh0_dense__f1176 -> ok (108.8s)
[gpu1_w2] ratio3_sh0_dense__f1175 -> ok (109.3s)
[gpu0_w3] ratio3_sh0_dense__f1174 -> ok (109.9s)
[gpu0_w4] ratio3_sh0_dense__f1177 -> ok (109.1s)
[gpu0_w2] ratio3_sh0_dense__f1183 -> ok (108.0s)
[gpu1_w5] ratio3_sh0_dense__f1181 -> ok (108.7s)
[gpu1_w4] ratio3_sh0_dense__f1180 -> ok (108.7s)
[gpu1_w3] ratio3_sh0_dense__f1182 -> ok (108.5s)
[gpu1_w1] ratio3_sh0_dense__f1178 -> ok (110.1s)
[22:10:32]  Be careful with '--eval-mode=all'. If using camera optimization, the cameras    nerfstudio_dataparser.py:216
           may diverge in the current implementation, giving unpredictable results.                                     
            Be careful with '--eval-mode=all'. If using camera optimization, the cameras    nerfstudio_dataparser.py:216
           may diverge in the current implementation, giving unpredictable results.                                     
           use color only optimization with sigmoid activation                                         splatfacto.py:266
Loading latest checkpoint from load_dir
✅ Done loading checkpoint from 
outputs/ctrl_009_033_ratio3_sh0_dense_mid200/ratio3_sh0_dense/f1184/splatfacto/2026-08-20_220849/nerfstudio_models/step-
000001999.ckpt
0 Gaussians have NaN/Inf and 2 have low opacity, only export 607/609
[gpu0_w1] ratio3_sh0_dense__f1184 -> ok (107.8s)
[22:10:35]  Be careful with '--eval-mode=all'. If using camera optimization, the cameras    nerfstudio_dataparser.py:216
           may diverge in the current implementation, giving unpredictable results.                                     
            Be careful with '--eval-mode=all'. If using camera optimization, the cameras    nerfstudio_dataparser.py:216
           may diverge in the current implementation, giving unpredictable results.                                     
           use color only optimization with sigmoid activation                                         splatfacto.py:266
[22:10:35]  Be careful with '--eval-mode=all'. If using camera optimization, the cameras    nerfstudio_dataparser.py:216
           may diverge in the current implementation, giving unpredictable results.                                     
            Be careful with '--eval-mode=all'. If using camera optimization, the cameras    nerfstudio_dataparser.py:216
           may diverge in the current implementation, giving unpredictable results.                                     
[22:10:36] use color only optimization with sigmoid activation                                         splatfacto.py:266
Loading latest checkpoint from load_dir
✅ Done loading checkpoint from 
outputs/ctrl_009_033_ratio3_sh0_dense_mid200/ratio3_sh0_dense/f1185/splatfacto/2026-08-20_220852/nerfstudio_models/step-
000001999.ckpt
0 Gaussians have NaN/Inf and 4 have low opacity, only export 692/696
[22:10:36]  Be careful with '--eval-mode=all'. If using camera optimization, the cameras    nerfstudio_dataparser.py:216
           may diverge in the current implementation, giving unpredictable results.                                     
            Be careful with '--eval-mode=all'. If using camera optimization, the cameras    nerfstudio_dataparser.py:216
           may diverge in the current implementation, giving unpredictable results.                                     
[22:10:36]  Be careful with '--eval-mode=all'. If using camera optimization, the cameras    nerfstudio_dataparser.py:216
           may diverge in the current implementation, giving unpredictable results.                                     
            Be careful with '--eval-mode=all'. If using camera optimization, the cameras    nerfstudio_dataparser.py:216
           may diverge in the current implementation, giving unpredictable results.                                     
Loading latest checkpoint from load_dir
✅ Done loading checkpoint from 
outputs/ctrl_009_033_ratio3_sh0_dense_mid200/ratio3_sh0_dense/f1190/splatfacto/2026-08-20_220854/nerfstudio_models/step-
000001999.ckpt
0 Gaussians have NaN/Inf and 5 have low opacity, only export 609/614
           use color only optimization with sigmoid activation                                         splatfacto.py:266
[22:10:37] use color only optimization with sigmoid activation                                         splatfacto.py:266
[22:10:37]  Be careful with '--eval-mode=all'. If using camera optimization, the cameras    nerfstudio_dataparser.py:216
           may diverge in the current implementation, giving unpredictable results.                                     
            Be careful with '--eval-mode=all'. If using camera optimization, the cameras    nerfstudio_dataparser.py:216
           may diverge in the current implementation, giving unpredictable results.                                     
           use color only optimization with sigmoid activation                                         splatfacto.py:266
Loading latest checkpoint from load_dir
✅ Done loading checkpoint from 
outputs/ctrl_009_033_ratio3_sh0_dense_mid200/ratio3_sh0_dense/f1192/splatfacto/2026-08-20_220852/nerfstudio_models/step-
000001999.ckpt
Loading latest checkpoint from load_dir
0 Gaussians have NaN/Inf and 4 have low opacity, only export 650/654
✅ Done loading checkpoint from 
outputs/ctrl_009_033_ratio3_sh0_dense_mid200/ratio3_sh0_dense/f1186/splatfacto/2026-08-20_220853/nerfstudio_models/step-
000001999.ckpt
0 Gaussians have NaN/Inf and 4 have low opacity, only export 604/608
[gpu0_w5] ratio3_sh0_dense__f1185 -> ok (106.3s)
Loading latest checkpoint from load_dir
✅ Done loading checkpoint from 
outputs/ctrl_009_033_ratio3_sh0_dense_mid200/ratio3_sh0_dense/f1189/splatfacto/2026-08-20_220854/nerfstudio_models/step-
000001999.ckpt
0 Gaussians have NaN/Inf and 6 have low opacity, only export 628/634
[22:10:38]  Be careful with '--eval-mode=all'. If using camera optimization, the cameras    nerfstudio_dataparser.py:216
           may diverge in the current implementation, giving unpredictable results.                                     
            Be careful with '--eval-mode=all'. If using camera optimization, the cameras    nerfstudio_dataparser.py:216
           may diverge in the current implementation, giving unpredictable results.                                     
           use color only optimization with sigmoid activation                                         splatfacto.py:266
[22:10:38]  Be careful with '--eval-mode=all'. If using camera optimization, the cameras    nerfstudio_dataparser.py:216
           may diverge in the current implementation, giving unpredictable results.                                     
            Be careful with '--eval-mode=all'. If using camera optimization, the cameras    nerfstudio_dataparser.py:216
           may diverge in the current implementation, giving unpredictable results.                                     
[22:10:38]  Be careful with '--eval-mode=all'. If using camera optimization, the cameras    nerfstudio_dataparser.py:216
           may diverge in the current implementation, giving unpredictable results.                                     
            Be careful with '--eval-mode=all'. If using camera optimization, the cameras    nerfstudio_dataparser.py:216
           may diverge in the current implementation, giving unpredictable results.                                     
           use color only optimization with sigmoid activation                                         splatfacto.py:266
[gpu0_w4] ratio3_sh0_dense__f1190 -> ok (105.8s)
           use color only optimization with sigmoid activation                                         splatfacto.py:266
[22:10:38]  Be careful with '--eval-mode=all'. If using camera optimization, the cameras    nerfstudio_dataparser.py:216
           may diverge in the current implementation, giving unpredictable results.                                     
            Be careful with '--eval-mode=all'. If using camera optimization, the cameras    nerfstudio_dataparser.py:216
           may diverge in the current implementation, giving unpredictable results.                                     
[22:10:38]  Be careful with '--eval-mode=all'. If using camera optimization, the cameras    nerfstudio_dataparser.py:216
           may diverge in the current implementation, giving unpredictable results.                                     
            Be careful with '--eval-mode=all'. If using camera optimization, the cameras    nerfstudio_dataparser.py:216
           may diverge in the current implementation, giving unpredictable results.                                     
           use color only optimization with sigmoid activation                                         splatfacto.py:266
[22:10:39] use color only optimization with sigmoid activation                                         splatfacto.py:266
[22:10:39]  Be careful with '--eval-mode=all'. If using camera optimization, the cameras    nerfstudio_dataparser.py:216
           may diverge in the current implementation, giving unpredictable results.                                     
            Be careful with '--eval-mode=all'. If using camera optimization, the cameras    nerfstudio_dataparser.py:216
           may diverge in the current implementation, giving unpredictable results.                                     
           use color only optimization with sigmoid activation                                         splatfacto.py:266
Loading latest checkpoint from load_dir
✅ Done loading checkpoint from 
outputs/ctrl_009_033_ratio3_sh0_dense_mid200/ratio3_sh0_dense/f1194/splatfacto/2026-08-20_220855/nerfstudio_models/step-
000001999.ckpt
0 Gaussians have NaN/Inf and 7 have low opacity, only export 626/633
Loading latest checkpoint from load_dir
✅ Done loading checkpoint from 
outputs/ctrl_009_033_ratio3_sh0_dense_mid200/ratio3_sh0_dense/f1188/splatfacto/2026-08-20_220854/nerfstudio_models/step-
000001999.ckpt
0 Gaussians have NaN/Inf and 2 have low opacity, only export 601/603
Loading latest checkpoint from load_dir
✅ Done loading checkpoint from 
outputs/ctrl_009_033_ratio3_sh0_dense_mid200/ratio3_sh0_dense/f1193/splatfacto/2026-08-20_220854/nerfstudio_models/step-
000001999.ckpt
0 Gaussians have NaN/Inf and 3 have low opacity, only export 663/666
[gpu0_w0] ratio3_sh0_dense__f1186 -> ok (107.8s)
[gpu1_w5] ratio3_sh0_dense__f1192 -> ok (106.8s)
[gpu0_w3] ratio3_sh0_dense__f1189 -> ok (107.0s)
Loading latest checkpoint from load_dir
✅ Done loading checkpoint from 
outputs/ctrl_009_033_ratio3_sh0_dense_mid200/ratio3_sh0_dense/f1195/splatfacto/2026-08-20_220855/nerfstudio_models/step-
000001999.ckpt
0 Gaussians have NaN/Inf and 5 have low opacity, only export 777/782
Loading latest checkpoint from load_dir
✅ Done loading checkpoint from 
outputs/ctrl_009_033_ratio3_sh0_dense_mid200/ratio3_sh0_dense/f1191/splatfacto/2026-08-20_220854/nerfstudio_models/step-
000001999.ckpt
0 Gaussians have NaN/Inf and 7 have low opacity, only export 638/645
Loading latest checkpoint from load_dir
✅ Done loading checkpoint from 
outputs/ctrl_009_033_ratio3_sh0_dense_mid200/ratio3_sh0_dense/f1187/splatfacto/2026-08-20_220854/nerfstudio_models/step-
000001999.ckpt
0 Gaussians have NaN/Inf and 3 have low opacity, only export 618/621
[gpu1_w3] ratio3_sh0_dense__f1194 -> ok (107.9s)
[gpu1_w2] ratio3_sh0_dense__f1188 -> ok (108.6s)
[gpu1_w4] ratio3_sh0_dense__f1193 -> ok (108.4s)
[gpu0_w2] ratio3_sh0_dense__f1191 -> ok (108.6s)
[gpu1_w0] ratio3_sh0_dense__f1187 -> ok (109.0s)
[gpu1_w1] ratio3_sh0_dense__f1195 -> ok (107.5s)
[22:12:27]  Be careful with '--eval-mode=all'. If using camera optimization, the cameras    nerfstudio_dataparser.py:216
           may diverge in the current implementation, giving unpredictable results.                                     
            Be careful with '--eval-mode=all'. If using camera optimization, the cameras    nerfstudio_dataparser.py:216
           may diverge in the current implementation, giving unpredictable results.                                     
           use color only optimization with sigmoid activation                                         splatfacto.py:266
Loading latest checkpoint from load_dir
✅ Done loading checkpoint from 
outputs/ctrl_009_033_ratio3_sh0_dense_mid200/ratio3_sh0_dense/f1196/splatfacto/2026-08-20_221044/nerfstudio_models/step-
000001999.ckpt
0 Gaussians have NaN/Inf and 4 have low opacity, only export 710/714
[22:12:28]  Be careful with '--eval-mode=all'. If using camera optimization, the cameras    nerfstudio_dataparser.py:216
           may diverge in the current implementation, giving unpredictable results.                                     
            Be careful with '--eval-mode=all'. If using camera optimization, the cameras    nerfstudio_dataparser.py:216
           may diverge in the current implementation, giving unpredictable results.                                     
[22:12:29] use color only optimization with sigmoid activation                                         splatfacto.py:266
Loading latest checkpoint from load_dir
✅ Done loading checkpoint from 
outputs/ctrl_009_033_ratio3_sh0_dense_mid200/ratio3_sh0_dense/f1197/splatfacto/2026-08-20_221045/nerfstudio_models/step-
000001999.ckpt
0 Gaussians have NaN/Inf and 3 have low opacity, only export 663/666
[22:12:30]  Be careful with '--eval-mode=all'. If using camera optimization, the cameras    nerfstudio_dataparser.py:216
           may diverge in the current implementation, giving unpredictable results.                                     
            Be careful with '--eval-mode=all'. If using camera optimization, the cameras    nerfstudio_dataparser.py:216
           may diverge in the current implementation, giving unpredictable results.                                     
           use color only optimization with sigmoid activation                                         splatfacto.py:266
[gpu0_w1] ratio3_sh0_dense__f1196 -> ok (108.9s)
[22:12:31]  Be careful with '--eval-mode=all'. If using camera optimization, the cameras    nerfstudio_dataparser.py:216
           may diverge in the current implementation, giving unpredictable results.                                     
            Be careful with '--eval-mode=all'. If using camera optimization, the cameras    nerfstudio_dataparser.py:216
           may diverge in the current implementation, giving unpredictable results.                                     
           use color only optimization with sigmoid activation                                         splatfacto.py:266
[gpu0_w5] ratio3_sh0_dense__f1197 -> ok (106.6s)
[22:12:31]  Be careful with '--eval-mode=all'. If using camera optimization, the cameras    nerfstudio_dataparser.py:216
           may diverge in the current implementation, giving unpredictable results.                                     
Loading latest checkpoint from load_dir
            Be careful with '--eval-mode=all'. If using camera optimization, the cameras    nerfstudio_dataparser.py:216
           may diverge in the current implementation, giving unpredictable results.                                     
✅ Done loading checkpoint from 
outputs/ctrl_009_033_ratio3_sh0_dense_mid200/ratio3_sh0_dense/f1198/splatfacto/2026-08-20_221047/nerfstudio_models/step-
000001999.ckpt
           use color only optimization with sigmoid activation                                         splatfacto.py:266
[22:12:31]  Be careful with '--eval-mode=all'. If using camera optimization, the cameras    nerfstudio_dataparser.py:216
           may diverge in the current implementation, giving unpredictable results.                                     
            Be careful with '--eval-mode=all'. If using camera optimization, the cameras    nerfstudio_dataparser.py:216
           may diverge in the current implementation, giving unpredictable results.                                     
Loading latest checkpoint from load_dir
[22:12:32] use color only optimization with sigmoid activation                                         splatfacto.py:266
✅ Done loading checkpoint from 
outputs/ctrl_009_033_ratio3_sh0_dense_mid200/ratio3_sh0_dense/f1201/splatfacto/2026-08-20_221048/nerfstudio_models/step-
000001999.ckpt
0 Gaussians have NaN/Inf and 1 have low opacity, only export 728/729
[22:12:32]  Be careful with '--eval-mode=all'. If using camera optimization, the cameras    nerfstudio_dataparser.py:216
           may diverge in the current implementation, giving unpredictable results.                                     
            Be careful with '--eval-mode=all'. If using camera optimization, the cameras    nerfstudio_dataparser.py:216
           may diverge in the current implementation, giving unpredictable results.                                     
           use color only optimization with sigmoid activation                                         splatfacto.py:266
Loading latest checkpoint from load_dir
✅ Done loading checkpoint from 
outputs/ctrl_009_033_ratio3_sh0_dense_mid200/ratio3_sh0_dense/f1200/splatfacto/2026-08-20_221047/nerfstudio_models/step-
000001999.ckpt
0 Gaussians have NaN/Inf and 4 have low opacity, only export 756/760
Loading latest checkpoint from load_dir
✅ Done loading checkpoint from 
outputs/ctrl_009_033_ratio3_sh0_dense_mid200/ratio3_sh0_dense/f1205/splatfacto/2026-08-20_221048/nerfstudio_models/step-
000001999.ckpt
0 Gaussians have NaN/Inf and 4 have low opacity, only export 690/694
[22:12:33]  Be careful with '--eval-mode=all'. If using camera optimization, the cameras    nerfstudio_dataparser.py:216
           may diverge in the current implementation, giving unpredictable results.                                     
            Be careful with '--eval-mode=all'. If using camera optimization, the cameras    nerfstudio_dataparser.py:216
           may diverge in the current implementation, giving unpredictable results.                                     
[22:12:33]  Be careful with '--eval-mode=all'. If using camera optimization, the cameras    nerfstudio_dataparser.py:216
           may diverge in the current implementation, giving unpredictable results.                                     
            Be careful with '--eval-mode=all'. If using camera optimization, the cameras    nerfstudio_dataparser.py:216
           may diverge in the current implementation, giving unpredictable results.                                     
           use color only optimization with sigmoid activation                                         splatfacto.py:266
[gpu0_w4] ratio3_sh0_dense__f1198 -> ok (107.9s)
Loading latest checkpoint from load_dir
           use color only optimization with sigmoid activation                                         splatfacto.py:266
✅ Done loading checkpoint from 
outputs/ctrl_009_033_ratio3_sh0_dense_mid200/ratio3_sh0_dense/f1199/splatfacto/2026-08-20_221048/nerfstudio_models/step-
000001999.ckpt
0 Gaussians have NaN/Inf and 3 have low opacity, only export 626/629
[22:12:33]  Be careful with '--eval-mode=all'. If using camera optimization, the cameras    nerfstudio_dataparser.py:216
           may diverge in the current implementation, giving unpredictable results.                                     
            Be careful with '--eval-mode=all'. If using camera optimization, the cameras    nerfstudio_dataparser.py:216
           may diverge in the current implementation, giving unpredictable results.                                     
           use color only optimization with sigmoid activation                                         splatfacto.py:266
[22:12:33]  Be careful with '--eval-mode=all'. If using camera optimization, the cameras    nerfstudio_dataparser.py:216
           may diverge in the current implementation, giving unpredictable results.                                     
            Be careful with '--eval-mode=all'. If using camera optimization, the cameras    nerfstudio_dataparser.py:216
           may diverge in the current implementation, giving unpredictable results.                                     
[22:12:34] use color only optimization with sigmoid activation                                         splatfacto.py:266
[gpu0_w3] ratio3_sh0_dense__f1201 -> ok (107.5s)
Loading latest checkpoint from load_dir
Loading latest checkpoint from load_dir
✅ Done loading checkpoint from 
outputs/ctrl_009_033_ratio3_sh0_dense_mid200/ratio3_sh0_dense/f1206/splatfacto/2026-08-20_221049/nerfstudio_models/step-
000001999.ckpt
0 Gaussians have NaN/Inf and 3 have low opacity, only export 679/682
✅ Done loading checkpoint from 
outputs/ctrl_009_033_ratio3_sh0_dense_mid200/ratio3_sh0_dense/f1202/splatfacto/2026-08-20_221049/nerfstudio_models/step-
000001999.ckpt
0 Gaussians have NaN/Inf and 5 have low opacity, only export 738/743
[22:12:34]  Be careful with '--eval-mode=all'. If using camera optimization, the cameras    nerfstudio_dataparser.py:216
           may diverge in the current implementation, giving unpredictable results.                                     
            Be careful with '--eval-mode=all'. If using camera optimization, the cameras    nerfstudio_dataparser.py:216
           may diverge in the current implementation, giving unpredictable results.                                     
[gpu1_w5] ratio3_sh0_dense__f1200 -> ok (108.0s)
           use color only optimization with sigmoid activation                                         splatfacto.py:266
Loading latest checkpoint from load_dir
✅ Done loading checkpoint from 
outputs/ctrl_009_033_ratio3_sh0_dense_mid200/ratio3_sh0_dense/f1207/splatfacto/2026-08-20_221049/nerfstudio_models/step-
000001999.ckpt
0 Gaussians have NaN/Inf and 1 have low opacity, only export 696/697
Loading latest checkpoint from load_dir
✅ Done loading checkpoint from 
outputs/ctrl_009_033_ratio3_sh0_dense_mid200/ratio3_sh0_dense/f1204/splatfacto/2026-08-20_221049/nerfstudio_models/step-
000001999.ckpt
0 Gaussians have NaN/Inf and 3 have low opacity, only export 723/726
[gpu0_w2] ratio3_sh0_dense__f1205 -> ok (106.8s)
Loading latest checkpoint from load_dir
✅ Done loading checkpoint from 
outputs/ctrl_009_033_ratio3_sh0_dense_mid200/ratio3_sh0_dense/f1203/splatfacto/2026-08-20_221050/nerfstudio_models/step-
000001999.ckpt
0 Gaussians have NaN/Inf and 2 have low opacity, only export 701/703
[gpu0_w0] ratio3_sh0_dense__f1199 -> ok (109.3s)
[gpu1_w3] ratio3_sh0_dense__f1202 -> ok (108.3s)
[gpu1_w0] ratio3_sh0_dense__f1206 -> ok (108.1s)
[gpu1_w1] ratio3_sh0_dense__f1207 -> ok (108.3s)
[gpu1_w4] ratio3_sh0_dense__f1204 -> ok (108.8s)
[gpu1_w2] ratio3_sh0_dense__f1203 -> ok (109.3s)
[22:14:25]  Be careful with '--eval-mode=all'. If using camera optimization, the cameras    nerfstudio_dataparser.py:216
           may diverge in the current implementation, giving unpredictable results.                                     
            Be careful with '--eval-mode=all'. If using camera optimization, the cameras    nerfstudio_dataparser.py:216
           may diverge in the current implementation, giving unpredictable results.                                     
           use color only optimization with sigmoid activation                                         splatfacto.py:266
[22:14:25]  Be careful with '--eval-mode=all'. If using camera optimization, the cameras    nerfstudio_dataparser.py:216
           may diverge in the current implementation, giving unpredictable results.                                     
            Be careful with '--eval-mode=all'. If using camera optimization, the cameras    nerfstudio_dataparser.py:216
           may diverge in the current implementation, giving unpredictable results.                                     
[22:14:26] use color only optimization with sigmoid activation                                         splatfacto.py:266
Loading latest checkpoint from load_dir
✅ Done loading checkpoint from 
outputs/ctrl_009_033_ratio3_sh0_dense_mid200/ratio3_sh0_dense/f1209/splatfacto/2026-08-20_221242/nerfstudio_models/step-
000001999.ckpt
0 Gaussians have NaN/Inf and 1 have low opacity, only export 706/707
Loading latest checkpoint from load_dir
✅ Done loading checkpoint from 
outputs/ctrl_009_033_ratio3_sh0_dense_mid200/ratio3_sh0_dense/f1208/splatfacto/2026-08-20_221242/nerfstudio_models/step-
000001999.ckpt
0 Gaussians have NaN/Inf and 3 have low opacity, only export 698/701
[22:14:28]  Be careful with '--eval-mode=all'. If using camera optimization, the cameras    nerfstudio_dataparser.py:216
           may diverge in the current implementation, giving unpredictable results.                                     
            Be careful with '--eval-mode=all'. If using camera optimization, the cameras    nerfstudio_dataparser.py:216
           may diverge in the current implementation, giving unpredictable results.                                     
           use color only optimization with sigmoid activation                                         splatfacto.py:266
[22:14:28]  Be careful with '--eval-mode=all'. If using camera optimization, the cameras    nerfstudio_dataparser.py:216
           may diverge in the current implementation, giving unpredictable results.                                     
            Be careful with '--eval-mode=all'. If using camera optimization, the cameras    nerfstudio_dataparser.py:216
           may diverge in the current implementation, giving unpredictable results.                                     
           use color only optimization with sigmoid activation                                         splatfacto.py:266
[gpu0_w5] ratio3_sh0_dense__f1209 -> ok (108.2s)
[gpu0_w1] ratio3_sh0_dense__f1208 -> ok (108.9s)
[22:14:28]  Be careful with '--eval-mode=all'. If using camera optimization, the cameras    nerfstudio_dataparser.py:216
           may diverge in the current implementation, giving unpredictable results.                                     
            Be careful with '--eval-mode=all'. If using camera optimization, the cameras    nerfstudio_dataparser.py:216
           may diverge in the current implementation, giving unpredictable results.                                     
Loading latest checkpoint from load_dir
[22:14:29] use color only optimization with sigmoid activation                                         splatfacto.py:266
✅ Done loading checkpoint from 
outputs/ctrl_009_033_ratio3_sh0_dense_mid200/ratio3_sh0_dense/f1213/splatfacto/2026-08-20_221245/nerfstudio_models/step-
000001999.ckpt
[22:14:29]  Be careful with '--eval-mode=all'. If using camera optimization, the cameras    nerfstudio_dataparser.py:216
           may diverge in the current implementation, giving unpredictable results.                                     
            Be careful with '--eval-mode=all'. If using camera optimization, the cameras    nerfstudio_dataparser.py:216
           may diverge in the current implementation, giving unpredictable results.                                     
Loading latest checkpoint from load_dir
✅ Done loading checkpoint from 
outputs/ctrl_009_033_ratio3_sh0_dense_mid200/ratio3_sh0_dense/f1210/splatfacto/2026-08-20_221245/nerfstudio_models/step-
000001999.ckpt
0 Gaussians have NaN/Inf and 2 have low opacity, only export 683/685
           use color only optimization with sigmoid activation                                         splatfacto.py:266
Loading latest checkpoint from load_dir
✅ Done loading checkpoint from 
outputs/ctrl_009_033_ratio3_sh0_dense_mid200/ratio3_sh0_dense/f1211/splatfacto/2026-08-20_221245/nerfstudio_models/step-
000001999.ckpt
[22:14:29]  Be careful with '--eval-mode=all'. If using camera optimization, the cameras    nerfstudio_dataparser.py:216
           may diverge in the current implementation, giving unpredictable results.                                     
            Be careful with '--eval-mode=all'. If using camera optimization, the cameras    nerfstudio_dataparser.py:216
           may diverge in the current implementation, giving unpredictable results.                                     
[22:14:30] use color only optimization with sigmoid activation                                         splatfacto.py:266
[22:14:30]  Be careful with '--eval-mode=all'. If using camera optimization, the cameras    nerfstudio_dataparser.py:216
           may diverge in the current implementation, giving unpredictable results.                                     
            Be careful with '--eval-mode=all'. If using camera optimization, the cameras    nerfstudio_dataparser.py:216
           may diverge in the current implementation, giving unpredictable results.                                     
Loading latest checkpoint from load_dir
✅ Done loading checkpoint from 
outputs/ctrl_009_033_ratio3_sh0_dense_mid200/ratio3_sh0_dense/f1212/splatfacto/2026-08-20_221245/nerfstudio_models/step-
000001999.ckpt
[22:14:30]  Be careful with '--eval-mode=all'. If using camera optimization, the cameras    nerfstudio_dataparser.py:216
           may diverge in the current implementation, giving unpredictable results.                                     
            Be careful with '--eval-mode=all'. If using camera optimization, the cameras    nerfstudio_dataparser.py:216
           may diverge in the current implementation, giving unpredictable results.                                     
           use color only optimization with sigmoid activation                                         splatfacto.py:266
[22:14:30]  Be careful with '--eval-mode=all'. If using camera optimization, the cameras    nerfstudio_dataparser.py:216
           may diverge in the current implementation, giving unpredictable results.                                     
            Be careful with '--eval-mode=all'. If using camera optimization, the cameras    nerfstudio_dataparser.py:216
           may diverge in the current implementation, giving unpredictable results.                                     
           use color only optimization with sigmoid activation                                         splatfacto.py:266
           use color only optimization with sigmoid activation                                         splatfacto.py:266
[gpu0_w2] ratio3_sh0_dense__f1213 -> ok (106.9s)
[gpu0_w4] ratio3_sh0_dense__f1210 -> ok (108.7s)
Loading latest checkpoint from load_dir
✅ Done loading checkpoint from 
outputs/ctrl_009_033_ratio3_sh0_dense_mid200/ratio3_sh0_dense/f1214/splatfacto/2026-08-20_221246/nerfstudio_models/step-
000001999.ckpt
0 Gaussians have NaN/Inf and 2 have low opacity, only export 754/756
[22:14:31]  Be careful with '--eval-mode=all'. If using camera optimization, the cameras    nerfstudio_dataparser.py:216
           may diverge in the current implementation, giving unpredictable results.                                     
            Be careful with '--eval-mode=all'. If using camera optimization, the cameras    nerfstudio_dataparser.py:216
           may diverge in the current implementation, giving unpredictable results.                                     
Loading latest checkpoint from load_dir
Loading latest checkpoint from load_dir
✅ Done loading checkpoint from 
outputs/ctrl_009_033_ratio3_sh0_dense_mid200/ratio3_sh0_dense/f1217/splatfacto/2026-08-20_221246/nerfstudio_models/step-
000001999.ckpt
✅ Done loading checkpoint from 
outputs/ctrl_009_033_ratio3_sh0_dense_mid200/ratio3_sh0_dense/f1216/splatfacto/2026-08-20_221246/nerfstudio_models/step-
000001999.ckpt
0 Gaussians have NaN/Inf and 1 have low opacity, only export 662/663
0 Gaussians have NaN/Inf and 1 have low opacity, only export 690/691
           use color only optimization with sigmoid activation                                         splatfacto.py:266
Loading latest checkpoint from load_dir
✅ Done loading checkpoint from 
outputs/ctrl_009_033_ratio3_sh0_dense_mid200/ratio3_sh0_dense/f1215/splatfacto/2026-08-20_221247/nerfstudio_models/step-
000001999.ckpt
0 Gaussians have NaN/Inf and 5 have low opacity, only export 715/720
[gpu0_w3] ratio3_sh0_dense__f1211 -> ok (108.6s)
[22:14:31]  Be careful with '--eval-mode=all'. If using camera optimization, the cameras    nerfstudio_dataparser.py:216
           may diverge in the current implementation, giving unpredictable results.                                     
            Be careful with '--eval-mode=all'. If using camera optimization, the cameras    nerfstudio_dataparser.py:216
           may diverge in the current implementation, giving unpredictable results.                                     
           use color only optimization with sigmoid activation                                         splatfacto.py:266
[gpu1_w5] ratio3_sh0_dense__f1212 -> ok (108.6s)
Loading latest checkpoint from load_dir
✅ Done loading checkpoint from 
outputs/ctrl_009_033_ratio3_sh0_dense_mid200/ratio3_sh0_dense/f1218/splatfacto/2026-08-20_221247/nerfstudio_models/step-
000001999.ckpt
0 Gaussians have NaN/Inf and 5 have low opacity, only export 698/703
Loading latest checkpoint from load_dir
✅ Done loading checkpoint from 
outputs/ctrl_009_033_ratio3_sh0_dense_mid200/ratio3_sh0_dense/f1219/splatfacto/2026-08-20_221248/nerfstudio_models/step-
000001999.ckpt
0 Gaussians have NaN/Inf and 3 have low opacity, only export 773/776
[gpu0_w0] ratio3_sh0_dense__f1214 -> ok (108.2s)
[gpu1_w1] ratio3_sh0_dense__f1217 -> ok (107.3s)
[gpu1_w0] ratio3_sh0_dense__f1216 -> ok (107.6s)
[gpu1_w3] ratio3_sh0_dense__f1215 -> ok (108.0s)
[gpu1_w4] ratio3_sh0_dense__f1218 -> ok (107.9s)
[gpu1_w2] ratio3_sh0_dense__f1219 -> ok (107.8s)
[22:16:20]  Be careful with '--eval-mode=all'. If using camera optimization, the cameras    nerfstudio_dataparser.py:216
           may diverge in the current implementation, giving unpredictable results.                                     
            Be careful with '--eval-mode=all'. If using camera optimization, the cameras    nerfstudio_dataparser.py:216
           may diverge in the current implementation, giving unpredictable results.                                     
           use color only optimization with sigmoid activation                                         splatfacto.py:266
[22:16:20]  Be careful with '--eval-mode=all'. If using camera optimization, the cameras    nerfstudio_dataparser.py:216
           may diverge in the current implementation, giving unpredictable results.                                     
            Be careful with '--eval-mode=all'. If using camera optimization, the cameras    nerfstudio_dataparser.py:216
           may diverge in the current implementation, giving unpredictable results.                                     
           use color only optimization with sigmoid activation                                         splatfacto.py:266
Loading latest checkpoint from load_dir
✅ Done loading checkpoint from 
outputs/ctrl_009_033_ratio3_sh0_dense_mid200/ratio3_sh0_dense/f1221/splatfacto/2026-08-20_221437/nerfstudio_models/step-
000001999.ckpt
0 Gaussians have NaN/Inf and 6 have low opacity, only export 744/750
[22:16:21]  Be careful with '--eval-mode=all'. If using camera optimization, the cameras    nerfstudio_dataparser.py:216
           may diverge in the current implementation, giving unpredictable results.                                     
            Be careful with '--eval-mode=all'. If using camera optimization, the cameras    nerfstudio_dataparser.py:216
           may diverge in the current implementation, giving unpredictable results.                                     
           use color only optimization with sigmoid activation                                         splatfacto.py:266
[22:16:21]  Be careful with '--eval-mode=all'. If using camera optimization, the cameras    nerfstudio_dataparser.py:216
           may diverge in the current implementation, giving unpredictable results.                                     
            Be careful with '--eval-mode=all'. If using camera optimization, the cameras    nerfstudio_dataparser.py:216
           may diverge in the current implementation, giving unpredictable results.                                     
Loading latest checkpoint from load_dir
✅ Done loading checkpoint from 
outputs/ctrl_009_033_ratio3_sh0_dense_mid200/ratio3_sh0_dense/f1220/splatfacto/2026-08-20_221437/nerfstudio_models/step-
000001999.ckpt
0 Gaussians have NaN/Inf and 5 have low opacity, only export 730/735
           use color only optimization with sigmoid activation                                         splatfacto.py:266
Loading latest checkpoint from load_dir
✅ Done loading checkpoint from 
outputs/ctrl_009_033_ratio3_sh0_dense_mid200/ratio3_sh0_dense/f1224/splatfacto/2026-08-20_221439/nerfstudio_models/step-
000001999.ckpt
[22:16:22]  Be careful with '--eval-mode=all'. If using camera optimization, the cameras    nerfstudio_dataparser.py:216
           may diverge in the current implementation, giving unpredictable results.                                     
            Be careful with '--eval-mode=all'. If using camera optimization, the cameras    nerfstudio_dataparser.py:216
           may diverge in the current implementation, giving unpredictable results.                                     
           use color only optimization with sigmoid activation                                         splatfacto.py:266
Loading latest checkpoint from load_dir
✅ Done loading checkpoint from 
outputs/ctrl_009_033_ratio3_sh0_dense_mid200/ratio3_sh0_dense/f1228/splatfacto/2026-08-20_221439/nerfstudio_models/step-
000001999.ckpt
0 Gaussians have NaN/Inf and 3 have low opacity, only export 694/697
[gpu0_w1] ratio3_sh0_dense__f1221 -> ok (107.1s)
[22:16:22]  Be careful with '--eval-mode=all'. If using camera optimization, the cameras    nerfstudio_dataparser.py:216
           may diverge in the current implementation, giving unpredictable results.                                     
            Be careful with '--eval-mode=all'. If using camera optimization, the cameras    nerfstudio_dataparser.py:216
           may diverge in the current implementation, giving unpredictable results.                                     
[22:16:23] use color only optimization with sigmoid activation                                         splatfacto.py:266
Loading latest checkpoint from load_dir
✅ Done loading checkpoint from 
outputs/ctrl_009_033_ratio3_sh0_dense_mid200/ratio3_sh0_dense/f1227/splatfacto/2026-08-20_221440/nerfstudio_models/step-
000001999.ckpt
0 Gaussians have NaN/Inf and 3 have low opacity, only export 683/686
[22:16:23]  Be careful with '--eval-mode=all'. If using camera optimization, the cameras    nerfstudio_dataparser.py:216
           may diverge in the current implementation, giving unpredictable results.                                     
            Be careful with '--eval-mode=all'. If using camera optimization, the cameras    nerfstudio_dataparser.py:216
           may diverge in the current implementation, giving unpredictable results.                                     
           use color only optimization with sigmoid activation                                         splatfacto.py:266
[gpu0_w5] ratio3_sh0_dense__f1220 -> ok (107.9s)
[22:16:23]  Be careful with '--eval-mode=all'. If using camera optimization, the cameras    nerfstudio_dataparser.py:216
           may diverge in the current implementation, giving unpredictable results.                                     
            Be careful with '--eval-mode=all'. If using camera optimization, the cameras    nerfstudio_dataparser.py:216
           may diverge in the current implementation, giving unpredictable results.                                     
[22:16:24]  Be careful with '--eval-mode=all'. If using camera optimization, the cameras    nerfstudio_dataparser.py:216
           may diverge in the current implementation, giving unpredictable results.                                     
Loading latest checkpoint from load_dir
            Be careful with '--eval-mode=all'. If using camera optimization, the cameras    nerfstudio_dataparser.py:216
           may diverge in the current implementation, giving unpredictable results.                                     
✅ Done loading checkpoint from 
outputs/ctrl_009_033_ratio3_sh0_dense_mid200/ratio3_sh0_dense/f1226/splatfacto/2026-08-20_221440/nerfstudio_models/step-
000001999.ckpt
0 Gaussians have NaN/Inf and 6 have low opacity, only export 724/730
Loading latest checkpoint from load_dir
[22:16:24] use color only optimization with sigmoid activation                                         splatfacto.py:266
✅ Done loading checkpoint from 
outputs/ctrl_009_033_ratio3_sh0_dense_mid200/ratio3_sh0_dense/f1225/splatfacto/2026-08-20_221440/nerfstudio_models/step-
000001999.ckpt
           use color only optimization with sigmoid activation                                         splatfacto.py:266
0 Gaussians have NaN/Inf and 2 have low opacity, only export 775/777
[gpu0_w3] ratio3_sh0_dense__f1224 -> ok (105.7s)
[gpu1_w0] ratio3_sh0_dense__f1228 -> ok (104.3s)
[22:16:25]  Be careful with '--eval-mode=all'. If using camera optimization, the cameras    nerfstudio_dataparser.py:216
           may diverge in the current implementation, giving unpredictable results.                                     
            Be careful with '--eval-mode=all'. If using camera optimization, the cameras    nerfstudio_dataparser.py:216
           may diverge in the current implementation, giving unpredictable results.                                     
Loading latest checkpoint from load_dir
✅ Done loading checkpoint from 
outputs/ctrl_009_033_ratio3_sh0_dense_mid200/ratio3_sh0_dense/f1223/splatfacto/2026-08-20_221439/nerfstudio_models/step-
000001999.ckpt
Loading latest checkpoint from load_dir
0 Gaussians have NaN/Inf and 2 have low opacity, only export 697/699
✅ Done loading checkpoint from 
outputs/ctrl_009_033_ratio3_sh0_dense_mid200/ratio3_sh0_dense/f1222/splatfacto/2026-08-20_221439/nerfstudio_models/step-
000001999.ckpt
0 Gaussians have NaN/Inf and 3 have low opacity, only export 714/717
[gpu1_w1] ratio3_sh0_dense__f1227 -> ok (105.3s)
           use color only optimization with sigmoid activation                                         splatfacto.py:266
[22:16:25]  Be careful with '--eval-mode=all'. If using camera optimization, the cameras    nerfstudio_dataparser.py:216
           may diverge in the current implementation, giving unpredictable results.                                     
            Be careful with '--eval-mode=all'. If using camera optimization, the cameras    nerfstudio_dataparser.py:216
           may diverge in the current implementation, giving unpredictable results.                                     
[22:16:25]  Be careful with '--eval-mode=all'. If using camera optimization, the cameras    nerfstudio_dataparser.py:216
           may diverge in the current implementation, giving unpredictable results.                                     
           use color only optimization with sigmoid activation                                         splatfacto.py:266
            Be careful with '--eval-mode=all'. If using camera optimization, the cameras    nerfstudio_dataparser.py:216
           may diverge in the current implementation, giving unpredictable results.                                     
[gpu0_w0] ratio3_sh0_dense__f1226 -> ok (106.2s)
[22:16:26] use color only optimization with sigmoid activation                                         splatfacto.py:266
Loading latest checkpoint from load_dir
✅ Done loading checkpoint from 
outputs/ctrl_009_033_ratio3_sh0_dense_mid200/ratio3_sh0_dense/f1229/splatfacto/2026-08-20_221440/nerfstudio_models/step-
000001999.ckpt
[gpu1_w5] ratio3_sh0_dense__f1225 -> ok (107.3s)
0 Gaussians have NaN/Inf and 4 have low opacity, only export 680/684
Loading latest checkpoint from load_dir
✅ Done loading checkpoint from 
outputs/ctrl_009_033_ratio3_sh0_dense_mid200/ratio3_sh0_dense/f1231/splatfacto/2026-08-20_221442/nerfstudio_models/step-
000001999.ckpt
0 Gaussians have NaN/Inf and 6 have low opacity, only export 727/733
[gpu0_w4] ratio3_sh0_dense__f1223 -> ok (109.0s)
Loading latest checkpoint from load_dir
✅ Done loading checkpoint from 
outputs/ctrl_009_033_ratio3_sh0_dense_mid200/ratio3_sh0_dense/f1230/splatfacto/2026-08-20_221441/nerfstudio_models/step-
000001999.ckpt
[gpu0_w2] ratio3_sh0_dense__f1222 -> ok (109.1s)
0 Gaussians have NaN/Inf and 5 have low opacity, only export 699/704
[gpu1_w3] ratio3_sh0_dense__f1229 -> ok (107.6s)
[gpu1_w2] ratio3_sh0_dense__f1231 -> ok (107.2s)
[gpu1_w4] ratio3_sh0_dense__f1230 -> ok (108.0s)
[22:18:14]  Be careful with '--eval-mode=all'. If using camera optimization, the cameras    nerfstudio_dataparser.py:216
           may diverge in the current implementation, giving unpredictable results.                                     
            Be careful with '--eval-mode=all'. If using camera optimization, the cameras    nerfstudio_dataparser.py:216
           may diverge in the current implementation, giving unpredictable results.                                     
[22:18:15] use color only optimization with sigmoid activation                                         splatfacto.py:266
Loading latest checkpoint from load_dir
✅ Done loading checkpoint from 
outputs/ctrl_009_033_ratio3_sh0_dense_mid200/ratio3_sh0_dense/f1232/splatfacto/2026-08-20_221631/nerfstudio_models/step-
000001999.ckpt
0 Gaussians have NaN/Inf and 4 have low opacity, only export 622/626
[22:18:16]  Be careful with '--eval-mode=all'. If using camera optimization, the cameras    nerfstudio_dataparser.py:216
           may diverge in the current implementation, giving unpredictable results.                                     
            Be careful with '--eval-mode=all'. If using camera optimization, the cameras    nerfstudio_dataparser.py:216
           may diverge in the current implementation, giving unpredictable results.                                     
           use color only optimization with sigmoid activation                                         splatfacto.py:266
[22:18:16]  Be careful with '--eval-mode=all'. If using camera optimization, the cameras    nerfstudio_dataparser.py:216
           may diverge in the current implementation, giving unpredictable results.                                     
            Be careful with '--eval-mode=all'. If using camera optimization, the cameras    nerfstudio_dataparser.py:216
           may diverge in the current implementation, giving unpredictable results.                                     
[22:18:16]  Be careful with '--eval-mode=all'. If using camera optimization, the cameras    nerfstudio_dataparser.py:216
           may diverge in the current implementation, giving unpredictable results.                                     
            Be careful with '--eval-mode=all'. If using camera optimization, the cameras    nerfstudio_dataparser.py:216
           may diverge in the current implementation, giving unpredictable results.                                     
           use color only optimization with sigmoid activation                                         splatfacto.py:266
           use color only optimization with sigmoid activation                                         splatfacto.py:266
[22:18:17]  Be careful with '--eval-mode=all'. If using camera optimization, the cameras    nerfstudio_dataparser.py:216
           may diverge in the current implementation, giving unpredictable results.                                     
            Be careful with '--eval-mode=all'. If using camera optimization, the cameras    nerfstudio_dataparser.py:216
           may diverge in the current implementation, giving unpredictable results.                                     
Loading latest checkpoint from load_dir
✅ Done loading checkpoint from 
outputs/ctrl_009_033_ratio3_sh0_dense_mid200/ratio3_sh0_dense/f1234/splatfacto/2026-08-20_221632/nerfstudio_models/step-
000001999.ckpt
0 Gaussians have NaN/Inf and 7 have low opacity, only export 599/606
[22:18:17]  Be careful with '--eval-mode=all'. If using camera optimization, the cameras    nerfstudio_dataparser.py:216
           may diverge in the current implementation, giving unpredictable results.                                     
            Be careful with '--eval-mode=all'. If using camera optimization, the cameras    nerfstudio_dataparser.py:216
           may diverge in the current implementation, giving unpredictable results.                                     
           use color only optimization with sigmoid activation                                         splatfacto.py:266
Loading latest checkpoint from load_dir
✅ Done loading checkpoint from 
outputs/ctrl_009_033_ratio3_sh0_dense_mid200/ratio3_sh0_dense/f1233/splatfacto/2026-08-20_221632/nerfstudio_models/step-
000001999.ckpt
0 Gaussians have NaN/Inf and 3 have low opacity, only export 658/661
Loading latest checkpoint from load_dir
✅ Done loading checkpoint from 
outputs/ctrl_009_033_ratio3_sh0_dense_mid200/ratio3_sh0_dense/f1235/splatfacto/2026-08-20_221632/nerfstudio_models/step-
000001999.ckpt
0 Gaussians have NaN/Inf and 4 have low opacity, only export 574/578
           use color only optimization with sigmoid activation                                         splatfacto.py:266
[gpu0_w1] ratio3_sh0_dense__f1232 -> ok (108.7s)
Loading latest checkpoint from load_dir
✅ Done loading checkpoint from 
outputs/ctrl_009_033_ratio3_sh0_dense_mid200/ratio3_sh0_dense/f1236/splatfacto/2026-08-20_221634/nerfstudio_models/step-
000001999.ckpt
Loading latest checkpoint from load_dir
0 Gaussians have NaN/Inf and 2 have low opacity, only export 557/559
✅ Done loading checkpoint from 
outputs/ctrl_009_033_ratio3_sh0_dense_mid200/ratio3_sh0_dense/f1240/splatfacto/2026-08-20_221633/nerfstudio_models/step-
000001999.ckpt
0 Gaussians have NaN/Inf and 7 have low opacity, only export 552/559
[22:18:18]  Be careful with '--eval-mode=all'. If using camera optimization, the cameras    nerfstudio_dataparser.py:216
           may diverge in the current implementation, giving unpredictable results.                                     
            Be careful with '--eval-mode=all'. If using camera optimization, the cameras    nerfstudio_dataparser.py:216
           may diverge in the current implementation, giving unpredictable results.                                     
           use color only optimization with sigmoid activation                                         splatfacto.py:266
[22:18:18]  Be careful with '--eval-mode=all'. If using camera optimization, the cameras    nerfstudio_dataparser.py:216
           may diverge in the current implementation, giving unpredictable results.                                     
            Be careful with '--eval-mode=all'. If using camera optimization, the cameras    nerfstudio_dataparser.py:216
           may diverge in the current implementation, giving unpredictable results.                                     
[22:18:19] use color only optimization with sigmoid activation                                         splatfacto.py:266
[gpu0_w5] ratio3_sh0_dense__f1233 -> ok (109.4s)
[gpu0_w3] ratio3_sh0_dense__f1234 -> ok (108.6s)
[22:18:19]  Be careful with '--eval-mode=all'. If using camera optimization, the cameras    nerfstudio_dataparser.py:216
           may diverge in the current implementation, giving unpredictable results.                                     
            Be careful with '--eval-mode=all'. If using camera optimization, the cameras    nerfstudio_dataparser.py:216
           may diverge in the current implementation, giving unpredictable results.                                     
[22:18:19]  Be careful with '--eval-mode=all'. If using camera optimization, the cameras    nerfstudio_dataparser.py:216
           may diverge in the current implementation, giving unpredictable results.                                     
            Be careful with '--eval-mode=all'. If using camera optimization, the cameras    nerfstudio_dataparser.py:216
           may diverge in the current implementation, giving unpredictable results.                                     
[gpu1_w0] ratio3_sh0_dense__f1235 -> ok (108.8s)
Loading latest checkpoint from load_dir
✅ Done loading checkpoint from 
outputs/ctrl_009_033_ratio3_sh0_dense_mid200/ratio3_sh0_dense/f1242/splatfacto/2026-08-20_221635/nerfstudio_models/step-
000001999.ckpt
0 Gaussians have NaN/Inf and 1 have low opacity, only export 611/612
           use color only optimization with sigmoid activation                                         splatfacto.py:266
           use color only optimization with sigmoid activation                                         splatfacto.py:266
Loading latest checkpoint from load_dir
✅ Done loading checkpoint from 
outputs/ctrl_009_033_ratio3_sh0_dense_mid200/ratio3_sh0_dense/f1238/splatfacto/2026-08-20_221634/nerfstudio_models/step-
000001999.ckpt
0 Gaussians have NaN/Inf and 4 have low opacity, only export 536/540
[gpu1_w1] ratio3_sh0_dense__f1236 -> ok (108.7s)
[gpu0_w2] ratio3_sh0_dense__f1240 -> ok (106.9s)
Loading latest checkpoint from load_dir
✅ Done loading checkpoint from 
outputs/ctrl_009_033_ratio3_sh0_dense_mid200/ratio3_sh0_dense/f1237/splatfacto/2026-08-20_221635/nerfstudio_models/step-
000001999.ckpt
0 Gaussians have NaN/Inf and 2 have low opacity, only export 528/530
Loading latest checkpoint from load_dir
✅ Done loading checkpoint from 
outputs/ctrl_009_033_ratio3_sh0_dense_mid200/ratio3_sh0_dense/f1239/splatfacto/2026-08-20_221635/nerfstudio_models/step-
000001999.ckpt
0 Gaussians have NaN/Inf and 1 have low opacity, only export 554/555
[22:18:23]  Be careful with '--eval-mode=all'. If using camera optimization, the cameras    nerfstudio_dataparser.py:216
           may diverge in the current implementation, giving unpredictable results.                                     
            Be careful with '--eval-mode=all'. If using camera optimization, the cameras    nerfstudio_dataparser.py:216
           may diverge in the current implementation, giving unpredictable results.                                     
[22:18:23]  Be careful with '--eval-mode=all'. If using camera optimization, the cameras    nerfstudio_dataparser.py:216
           may diverge in the current implementation, giving unpredictable results.                                     
            Be careful with '--eval-mode=all'. If using camera optimization, the cameras    nerfstudio_dataparser.py:216
           may diverge in the current implementation, giving unpredictable results.                                     
           use color only optimization with sigmoid activation                                         splatfacto.py:266
           use color only optimization with sigmoid activation                                         splatfacto.py:266
[gpu1_w2] ratio3_sh0_dense__f1242 -> ok (106.5s)
[gpu1_w5] ratio3_sh0_dense__f1238 -> ok (108.8s)
Loading latest checkpoint from load_dir
✅ Done loading checkpoint from 
outputs/ctrl_009_033_ratio3_sh0_dense_mid200/ratio3_sh0_dense/f1241/splatfacto/2026-08-20_221636/nerfstudio_models/step-
000001999.ckpt
0 Gaussians have NaN/Inf and 6 have low opacity, only export 568/574
Loading latest checkpoint from load_dir
✅ Done loading checkpoint from 
outputs/ctrl_009_033_ratio3_sh0_dense_mid200/ratio3_sh0_dense/f1243/splatfacto/2026-08-20_221639/nerfstudio_models/step-
000001999.ckpt
[gpu0_w0] ratio3_sh0_dense__f1237 -> ok (109.9s)
[gpu0_w4] ratio3_sh0_dense__f1239 -> ok (109.1s)
[gpu1_w3] ratio3_sh0_dense__f1241 -> ok (109.2s)
[gpu1_w4] ratio3_sh0_dense__f1243 -> ok (108.4s)
[22:20:11]  Be careful with '--eval-mode=all'. If using camera optimization, the cameras    nerfstudio_dataparser.py:216
           may diverge in the current implementation, giving unpredictable results.                                     
            Be careful with '--eval-mode=all'. If using camera optimization, the cameras    nerfstudio_dataparser.py:216
           may diverge in the current implementation, giving unpredictable results.                                     
[22:20:12] use color only optimization with sigmoid activation                                         splatfacto.py:266
Loading latest checkpoint from load_dir
✅ Done loading checkpoint from 
outputs/ctrl_009_033_ratio3_sh0_dense_mid200/ratio3_sh0_dense/f1244/splatfacto/2026-08-20_221829/nerfstudio_models/step-
000001999.ckpt
0 Gaussians have NaN/Inf and 1 have low opacity, only export 628/629
[22:20:13]  Be careful with '--eval-mode=all'. If using camera optimization, the cameras    nerfstudio_dataparser.py:216
           may diverge in the current implementation, giving unpredictable results.                                     
            Be careful with '--eval-mode=all'. If using camera optimization, the cameras    nerfstudio_dataparser.py:216
           may diverge in the current implementation, giving unpredictable results.                                     
[22:20:14] use color only optimization with sigmoid activation                                         splatfacto.py:266
[22:20:14]  Be careful with '--eval-mode=all'. If using camera optimization, the cameras    nerfstudio_dataparser.py:216
           may diverge in the current implementation, giving unpredictable results.                                     
            Be careful with '--eval-mode=all'. If using camera optimization, the cameras    nerfstudio_dataparser.py:216
           may diverge in the current implementation, giving unpredictable results.                                     
[gpu0_w1] ratio3_sh0_dense__f1244 -> ok (108.0s)
[22:20:14]  Be careful with '--eval-mode=all'. If using camera optimization, the cameras    nerfstudio_dataparser.py:216
           may diverge in the current implementation, giving unpredictable results.                                     
            Be careful with '--eval-mode=all'. If using camera optimization, the cameras    nerfstudio_dataparser.py:216
           may diverge in the current implementation, giving unpredictable results.                                     
Loading latest checkpoint from load_dir
✅ Done loading checkpoint from 
outputs/ctrl_009_033_ratio3_sh0_dense_mid200/ratio3_sh0_dense/f1245/splatfacto/2026-08-20_221830/nerfstudio_models/step-
000001999.ckpt
0 Gaussians have NaN/Inf and 2 have low opacity, only export 607/609
[22:20:15]  Be careful with '--eval-mode=all'. If using camera optimization, the cameras    nerfstudio_dataparser.py:216
           may diverge in the current implementation, giving unpredictable results.                                     
            Be careful with '--eval-mode=all'. If using camera optimization, the cameras    nerfstudio_dataparser.py:216
           may diverge in the current implementation, giving unpredictable results.                                     
[22:20:15] use color only optimization with sigmoid activation                                         splatfacto.py:266
[22:20:15]  Be careful with '--eval-mode=all'. If using camera optimization, the cameras    nerfstudio_dataparser.py:216
           may diverge in the current implementation, giving unpredictable results.                                     
            Be careful with '--eval-mode=all'. If using camera optimization, the cameras    nerfstudio_dataparser.py:216
           may diverge in the current implementation, giving unpredictable results.                                     
[22:20:15] use color only optimization with sigmoid activation                                         splatfacto.py:266
           use color only optimization with sigmoid activation                                         splatfacto.py:266
           use color only optimization with sigmoid activation                                         splatfacto.py:266
[22:20:15]  Be careful with '--eval-mode=all'. If using camera optimization, the cameras    nerfstudio_dataparser.py:216
           may diverge in the current implementation, giving unpredictable results.                                     
            Be careful with '--eval-mode=all'. If using camera optimization, the cameras    nerfstudio_dataparser.py:216
           may diverge in the current implementation, giving unpredictable results.                                     
Loading latest checkpoint from load_dir
✅ Done loading checkpoint from 
outputs/ctrl_009_033_ratio3_sh0_dense_mid200/ratio3_sh0_dense/f1249/splatfacto/2026-08-20_221830/nerfstudio_models/step-
000001999.ckpt
0 Gaussians have NaN/Inf and 8 have low opacity, only export 608/616
[22:20:15]  Be careful with '--eval-mode=all'. If using camera optimization, the cameras    nerfstudio_dataparser.py:216
           may diverge in the current implementation, giving unpredictable results.                                     
[22:20:16]  Be careful with '--eval-mode=all'. If using camera optimization, the cameras    nerfstudio_dataparser.py:216
           may diverge in the current implementation, giving unpredictable results.                                     
[22:20:16] use color only optimization with sigmoid activation                                         splatfacto.py:266
Loading latest checkpoint from load_dir
✅ Done loading checkpoint from 
outputs/ctrl_009_033_ratio3_sh0_dense_mid200/ratio3_sh0_dense/f1246/splatfacto/2026-08-20_221830/nerfstudio_models/step-
000001999.ckpt
0 Gaussians have NaN/Inf and 2 have low opacity, only export 613/615
Loading latest checkpoint from load_dir
[22:20:16]  Be careful with '--eval-mode=all'. If using camera optimization, the cameras    nerfstudio_dataparser.py:216
           may diverge in the current implementation, giving unpredictable results.                                     
            Be careful with '--eval-mode=all'. If using camera optimization, the cameras    nerfstudio_dataparser.py:216
           may diverge in the current implementation, giving unpredictable results.                                     
Loading latest checkpoint from load_dir
✅ Done loading checkpoint from 
outputs/ctrl_009_033_ratio3_sh0_dense_mid200/ratio3_sh0_dense/f1251/splatfacto/2026-08-20_221831/nerfstudio_models/step-
000001999.ckpt
0 Gaussians have NaN/Inf and 9 have low opacity, only export 656/665
✅ Done loading checkpoint from 
outputs/ctrl_009_033_ratio3_sh0_dense_mid200/ratio3_sh0_dense/f1248/splatfacto/2026-08-20_221831/nerfstudio_models/step-
000001999.ckpt
           use color only optimization with sigmoid activation                                         splatfacto.py:266
0 Gaussians have NaN/Inf and 3 have low opacity, only export 598/601
[22:20:16]  Be careful with '--eval-mode=all'. If using camera optimization, the cameras    nerfstudio_dataparser.py:216
           may diverge in the current implementation, giving unpredictable results.                                     
            Be careful with '--eval-mode=all'. If using camera optimization, the cameras    nerfstudio_dataparser.py:216
           may diverge in the current implementation, giving unpredictable results.                                     
           use color only optimization with sigmoid activation                                         splatfacto.py:266
[22:20:16]  Be careful with '--eval-mode=all'. If using camera optimization, the cameras    nerfstudio_dataparser.py:216
           may diverge in the current implementation, giving unpredictable results.                                     
            Be careful with '--eval-mode=all'. If using camera optimization, the cameras    nerfstudio_dataparser.py:216
           may diverge in the current implementation, giving unpredictable results.                                     
           use color only optimization with sigmoid activation                                         splatfacto.py:266
           use color only optimization with sigmoid activation                                         splatfacto.py:266
Loading latest checkpoint from load_dir
✅ Done loading checkpoint from 
outputs/ctrl_009_033_ratio3_sh0_dense_mid200/ratio3_sh0_dense/f1247/splatfacto/2026-08-20_221831/nerfstudio_models/step-
000001999.ckpt
0 Gaussians have NaN/Inf and 5 have low opacity, only export 648/653
[gpu0_w5] ratio3_sh0_dense__f1245 -> ok (108.7s)
Loading latest checkpoint from load_dir
✅ Done loading checkpoint from 
outputs/ctrl_009_033_ratio3_sh0_dense_mid200/ratio3_sh0_dense/f1250/splatfacto/2026-08-20_221832/nerfstudio_models/step-
000001999.ckpt
0 Gaussians have NaN/Inf and 4 have low opacity, only export 592/596
Loading latest checkpoint from load_dir
✅ Done loading checkpoint from 
outputs/ctrl_009_033_ratio3_sh0_dense_mid200/ratio3_sh0_dense/f1253/splatfacto/2026-08-20_221833/nerfstudio_models/step-
000001999.ckpt
0 Gaussians have NaN/Inf and 10 have low opacity, only export 631/641
Loading latest checkpoint from load_dir
✅ Done loading checkpoint from 
outputs/ctrl_009_033_ratio3_sh0_dense_mid200/ratio3_sh0_dense/f1252/splatfacto/2026-08-20_221833/nerfstudio_models/step-
000001999.ckpt
0 Gaussians have NaN/Inf and 4 have low opacity, only export 586/590
Loading latest checkpoint from load_dir
✅ Done loading checkpoint from 
outputs/ctrl_009_033_ratio3_sh0_dense_mid200/ratio3_sh0_dense/f1255/splatfacto/2026-08-20_221833/nerfstudio_models/step-
000001999.ckpt
0 Gaussians have NaN/Inf and 4 have low opacity, only export 619/623
[gpu0_w2] ratio3_sh0_dense__f1249 -> ok (108.7s)
[gpu0_w3] ratio3_sh0_dense__f1246 -> ok (109.8s)
[gpu1_w1] ratio3_sh0_dense__f1248 -> ok (108.9s)
[gpu1_w5] ratio3_sh0_dense__f1251 -> ok (107.7s)
[22:20:18]  Be careful with '--eval-mode=all'. If using camera optimization, the cameras    nerfstudio_dataparser.py:216
           may diverge in the current implementation, giving unpredictable results.                                     
            Be careful with '--eval-mode=all'. If using camera optimization, the cameras    nerfstudio_dataparser.py:216
           may diverge in the current implementation, giving unpredictable results.                                     
[gpu1_w0] ratio3_sh0_dense__f1247 -> ok (110.2s)
           use color only optimization with sigmoid activation                                         splatfacto.py:266
[gpu1_w2] ratio3_sh0_dense__f1250 -> ok (108.5s)
[gpu0_w4] ratio3_sh0_dense__f1253 -> ok (107.7s)
[gpu0_w0] ratio3_sh0_dense__f1252 -> ok (107.8s)
[gpu1_w4] ratio3_sh0_dense__f1255 -> ok (106.8s)
Loading latest checkpoint from load_dir
✅ Done loading checkpoint from 
outputs/ctrl_009_033_ratio3_sh0_dense_mid200/ratio3_sh0_dense/f1254/splatfacto/2026-08-20_221834/nerfstudio_models/step-
000001999.ckpt
0 Gaussians have NaN/Inf and 6 have low opacity, only export 584/590
[gpu1_w3] ratio3_sh0_dense__f1254 -> ok (108.8s)
[22:22:08]  Be careful with '--eval-mode=all'. If using camera optimization, the cameras    nerfstudio_dataparser.py:216
           may diverge in the current implementation, giving unpredictable results.                                     
            Be careful with '--eval-mode=all'. If using camera optimization, the cameras    nerfstudio_dataparser.py:216
           may diverge in the current implementation, giving unpredictable results.                                     
[22:22:08]  Be careful with '--eval-mode=all'. If using camera optimization, the cameras    nerfstudio_dataparser.py:216
           may diverge in the current implementation, giving unpredictable results.                                     
            Be careful with '--eval-mode=all'. If using camera optimization, the cameras    nerfstudio_dataparser.py:216
           may diverge in the current implementation, giving unpredictable results.                                     
           use color only optimization with sigmoid activation                                         splatfacto.py:266
           use color only optimization with sigmoid activation                                         splatfacto.py:266
[22:22:09]  Be careful with '--eval-mode=all'. If using camera optimization, the cameras    nerfstudio_dataparser.py:216
           may diverge in the current implementation, giving unpredictable results.                                     
            Be careful with '--eval-mode=all'. If using camera optimization, the cameras    nerfstudio_dataparser.py:216
           may diverge in the current implementation, giving unpredictable results.                                     
           use color only optimization with sigmoid activation                                         splatfacto.py:266
[22:22:09]  Be careful with '--eval-mode=all'. If using camera optimization, the cameras    nerfstudio_dataparser.py:216
           may diverge in the current implementation, giving unpredictable results.                                     
            Be careful with '--eval-mode=all'. If using camera optimization, the cameras    nerfstudio_dataparser.py:216
           may diverge in the current implementation, giving unpredictable results.                                     
Loading latest checkpoint from load_dir
Loading latest checkpoint from load_dir
✅ Done loading checkpoint from 
outputs/ctrl_009_033_ratio3_sh0_dense_mid200/ratio3_sh0_dense/f1258/splatfacto/2026-08-20_222025/nerfstudio_models/step-
000001999.ckpt
✅ Done loading checkpoint from 
outputs/ctrl_009_033_ratio3_sh0_dense_mid200/ratio3_sh0_dense/f1256/splatfacto/2026-08-20_222024/nerfstudio_models/step-
000001999.ckpt
0 Gaussians have NaN/Inf and 5 have low opacity, only export 614/619
0 Gaussians have NaN/Inf and 8 have low opacity, only export 552/560
           use color only optimization with sigmoid activation                                         splatfacto.py:266
Loading latest checkpoint from load_dir
✅ Done loading checkpoint from 
outputs/ctrl_009_033_ratio3_sh0_dense_mid200/ratio3_sh0_dense/f1261/splatfacto/2026-08-20_222026/nerfstudio_models/step-
000001999.ckpt
0 Gaussians have NaN/Inf and 3 have low opacity, only export 632/635
[22:22:10]  Be careful with '--eval-mode=all'. If using camera optimization, the cameras    nerfstudio_dataparser.py:216
           may diverge in the current implementation, giving unpredictable results.                                     
            Be careful with '--eval-mode=all'. If using camera optimization, the cameras    nerfstudio_dataparser.py:216
           may diverge in the current implementation, giving unpredictable results.                                     
           use color only optimization with sigmoid activation                                         splatfacto.py:266
Loading latest checkpoint from load_dir
✅ Done loading checkpoint from 
outputs/ctrl_009_033_ratio3_sh0_dense_mid200/ratio3_sh0_dense/f1257/splatfacto/2026-08-20_222025/nerfstudio_models/step-
000001999.ckpt
0 Gaussians have NaN/Inf and 7 have low opacity, only export 609/616
Loading latest checkpoint from load_dir
✅ Done loading checkpoint from 
outputs/ctrl_009_033_ratio3_sh0_dense_mid200/ratio3_sh0_dense/f1265/splatfacto/2026-08-20_222026/nerfstudio_models/step-
000001999.ckpt
0 Gaussians have NaN/Inf and 5 have low opacity, only export 629/634
[gpu0_w2] ratio3_sh0_dense__f1258 -> ok (107.1s)
[gpu0_w1] ratio3_sh0_dense__f1256 -> ok (110.4s)
[22:22:12]  Be careful with '--eval-mode=all'. If using camera optimization, the cameras    nerfstudio_dataparser.py:216
           may diverge in the current implementation, giving unpredictable results.                                     
            Be careful with '--eval-mode=all'. If using camera optimization, the cameras    nerfstudio_dataparser.py:216
           may diverge in the current implementation, giving unpredictable results.                                     
           use color only optimization with sigmoid activation                                         splatfacto.py:266
[gpu1_w5] ratio3_sh0_dense__f1261 -> ok (107.5s)
[22:22:12]  Be careful with '--eval-mode=all'. If using camera optimization, the cameras    nerfstudio_dataparser.py:216
           may diverge in the current implementation, giving unpredictable results.                                     
            Be careful with '--eval-mode=all'. If using camera optimization, the cameras    nerfstudio_dataparser.py:216
           may diverge in the current implementation, giving unpredictable results.                                     
[22:22:12]  Be careful with '--eval-mode=all'. If using camera optimization, the cameras    nerfstudio_dataparser.py:216
           may diverge in the current implementation, giving unpredictable results.                                     
            Be careful with '--eval-mode=all'. If using camera optimization, the cameras    nerfstudio_dataparser.py:216
           may diverge in the current implementation, giving unpredictable results.                                     
           use color only optimization with sigmoid activation                                         splatfacto.py:266
[gpu0_w5] ratio3_sh0_dense__f1257 -> ok (108.9s)
           use color only optimization with sigmoid activation                                         splatfacto.py:266
[22:22:12]  Be careful with '--eval-mode=all'. If using camera optimization, the cameras    nerfstudio_dataparser.py:216
           may diverge in the current implementation, giving unpredictable results.                                     
            Be careful with '--eval-mode=all'. If using camera optimization, the cameras    nerfstudio_dataparser.py:216
           may diverge in the current implementation, giving unpredictable results.                                     
           use color only optimization with sigmoid activation                                         splatfacto.py:266
[22:22:12]  Be careful with '--eval-mode=all'. If using camera optimization, the cameras    nerfstudio_dataparser.py:216
           may diverge in the current implementation, giving unpredictable results.                                     
            Be careful with '--eval-mode=all'. If using camera optimization, the cameras    nerfstudio_dataparser.py:216
           may diverge in the current implementation, giving unpredictable results.                                     
[22:22:13]  Be careful with '--eval-mode=all'. If using camera optimization, the cameras    nerfstudio_dataparser.py:216
           may diverge in the current implementation, giving unpredictable results.                                     
            Be careful with '--eval-mode=all'. If using camera optimization, the cameras    nerfstudio_dataparser.py:216
           may diverge in the current implementation, giving unpredictable results.                                     
[22:22:13] use color only optimization with sigmoid activation                                         splatfacto.py:266
Loading latest checkpoint from load_dir
✅ Done loading checkpoint from 
outputs/ctrl_009_033_ratio3_sh0_dense_mid200/ratio3_sh0_dense/f1263/splatfacto/2026-08-20_222027/nerfstudio_models/step-
000001999.ckpt
[22:22:13]  Be careful with '--eval-mode=all'. If using camera optimization, the cameras    nerfstudio_dataparser.py:216
           may diverge in the current implementation, giving unpredictable results.                                     
0 Gaussians have NaN/Inf and 1 have low opacity, only export 629/630
            Be careful with '--eval-mode=all'. If using camera optimization, the cameras    nerfstudio_dataparser.py:216
           may diverge in the current implementation, giving unpredictable results.                                     
[gpu0_w0] ratio3_sh0_dense__f1265 -> ok (107.4s)
           use color only optimization with sigmoid activation                                         splatfacto.py:266
Loading latest checkpoint from load_dir
✅ Done loading checkpoint from 
outputs/ctrl_009_033_ratio3_sh0_dense_mid200/ratio3_sh0_dense/f1259/splatfacto/2026-08-20_222026/nerfstudio_models/step-
000001999.ckpt
           use color only optimization with sigmoid activation                                         splatfacto.py:266
0 Gaussians have NaN/Inf and 3 have low opacity, only export 652/655
Loading latest checkpoint from load_dir
✅ Done loading checkpoint from 
outputs/ctrl_009_033_ratio3_sh0_dense_mid200/ratio3_sh0_dense/f1266/splatfacto/2026-08-20_222027/nerfstudio_models/step-
000001999.ckpt
0 Gaussians have NaN/Inf and 4 have low opacity, only export 681/685
Loading latest checkpoint from load_dir
✅ Done loading checkpoint from 
outputs/ctrl_009_033_ratio3_sh0_dense_mid200/ratio3_sh0_dense/f1260/splatfacto/2026-08-20_222027/nerfstudio_models/step-
000001999.ckpt
0 Gaussians have NaN/Inf and 9 have low opacity, only export 576/585
Loading latest checkpoint from load_dir
✅ Done loading checkpoint from 
outputs/ctrl_009_033_ratio3_sh0_dense_mid200/ratio3_sh0_dense/f1262/splatfacto/2026-08-20_222027/nerfstudio_models/step-
000001999.ckpt
Loading latest checkpoint from load_dir
0 Gaussians have NaN/Inf and 5 have low opacity, only export 649/654
✅ Done loading checkpoint from 
outputs/ctrl_009_033_ratio3_sh0_dense_mid200/ratio3_sh0_dense/f1267/splatfacto/2026-08-20_222029/nerfstudio_models/step-
000001999.ckpt
0 Gaussians have NaN/Inf and 7 have low opacity, only export 680/687
Loading latest checkpoint from load_dir
✅ Done loading checkpoint from 
outputs/ctrl_009_033_ratio3_sh0_dense_mid200/ratio3_sh0_dense/f1264/splatfacto/2026-08-20_222028/nerfstudio_models/step-
000001999.ckpt
0 Gaussians have NaN/Inf and 3 have low opacity, only export 617/620
[gpu1_w2] ratio3_sh0_dense__f1263 -> ok (109.5s)
[gpu0_w3] ratio3_sh0_dense__f1259 -> ok (110.5s)
[gpu1_w4] ratio3_sh0_dense__f1266 -> ok (109.3s)
[gpu1_w0] ratio3_sh0_dense__f1262 -> ok (110.4s)
[gpu1_w1] ratio3_sh0_dense__f1260 -> ok (111.0s)
[gpu1_w3] ratio3_sh0_dense__f1267 -> ok (108.0s)
[gpu0_w4] ratio3_sh0_dense__f1264 -> ok (110.3s)
[22:24:03]  Be careful with '--eval-mode=all'. If using camera optimization, the cameras    nerfstudio_dataparser.py:216
           may diverge in the current implementation, giving unpredictable results.                                     
            Be careful with '--eval-mode=all'. If using camera optimization, the cameras    nerfstudio_dataparser.py:216
           may diverge in the current implementation, giving unpredictable results.                                     
[22:24:04] use color only optimization with sigmoid activation                                         splatfacto.py:266
[22:24:07]  Be careful with '--eval-mode=all'. If using camera optimization, the cameras    nerfstudio_dataparser.py:216
           may diverge in the current implementation, giving unpredictable results.                                     
Loading latest checkpoint from load_dir
            Be careful with '--eval-mode=all'. If using camera optimization, the cameras    nerfstudio_dataparser.py:216
           may diverge in the current implementation, giving unpredictable results.                                     
✅ Done loading checkpoint from 
outputs/ctrl_009_033_ratio3_sh0_dense_mid200/ratio3_sh0_dense/f1269/splatfacto/2026-08-20_222221/nerfstudio_models/step-
000001999.ckpt
0 Gaussians have NaN/Inf and 1 have low opacity, only export 669/670
[22:24:07]  Be careful with '--eval-mode=all'. If using camera optimization, the cameras    nerfstudio_dataparser.py:216
           may diverge in the current implementation, giving unpredictable results.                                     
            Be careful with '--eval-mode=all'. If using camera optimization, the cameras    nerfstudio_dataparser.py:216
           may diverge in the current implementation, giving unpredictable results.                                     
           use color only optimization with sigmoid activation                                         splatfacto.py:266
           use color only optimization with sigmoid activation                                         splatfacto.py:266
[22:24:07]  Be careful with '--eval-mode=all'. If using camera optimization, the cameras    nerfstudio_dataparser.py:216
           may diverge in the current implementation, giving unpredictable results.                                     
            Be careful with '--eval-mode=all'. If using camera optimization, the cameras    nerfstudio_dataparser.py:216
           may diverge in the current implementation, giving unpredictable results.                                     
[22:24:07]  Be careful with '--eval-mode=all'. If using camera optimization, the cameras    nerfstudio_dataparser.py:216
           may diverge in the current implementation, giving unpredictable results.                                     
            Be careful with '--eval-mode=all'. If using camera optimization, the cameras    nerfstudio_dataparser.py:216
           may diverge in the current implementation, giving unpredictable results.                                     
[22:24:08] use color only optimization with sigmoid activation                                         splatfacto.py:266
Loading latest checkpoint from load_dir
Loading latest checkpoint from load_dir
✅ Done loading checkpoint from 
outputs/ctrl_009_033_ratio3_sh0_dense_mid200/ratio3_sh0_dense/f1270/splatfacto/2026-08-20_222223/nerfstudio_models/step-
000001999.ckpt
✅ Done loading checkpoint from 
outputs/ctrl_009_033_ratio3_sh0_dense_mid200/ratio3_sh0_dense/f1268/splatfacto/2026-08-20_222220/nerfstudio_models/step-
000001999.ckpt
0 Gaussians have NaN/Inf and 4 have low opacity, only export 672/676
0 Gaussians have NaN/Inf and 6 have low opacity, only export 690/696
[22:24:08] use color only optimization with sigmoid activation                                         splatfacto.py:266
Loading latest checkpoint from load_dir
✅ Done loading checkpoint from 
outputs/ctrl_009_033_ratio3_sh0_dense_mid200/ratio3_sh0_dense/f1271/splatfacto/2026-08-20_222220/nerfstudio_models/step-
000001999.ckpt
0 Gaussians have NaN/Inf and 4 have low opacity, only export 664/668
Loading latest checkpoint from load_dir
✅ Done loading checkpoint from 
outputs/ctrl_009_033_ratio3_sh0_dense_mid200/ratio3_sh0_dense/f1272/splatfacto/2026-08-20_222224/nerfstudio_models/step-
000001999.ckpt
0 Gaussians have NaN/Inf and 8 have low opacity, only export 816/824
[22:24:08]  Be careful with '--eval-mode=all'. If using camera optimization, the cameras    nerfstudio_dataparser.py:216
           may diverge in the current implementation, giving unpredictable results.                                     
[22:24:09]  Be careful with '--eval-mode=all'. If using camera optimization, the cameras    nerfstudio_dataparser.py:216
           may diverge in the current implementation, giving unpredictable results.                                     
[gpu0_w1] ratio3_sh0_dense__f1269 -> ok (108.3s)
           use color only optimization with sigmoid activation                                         splatfacto.py:266
[22:24:09]  Be careful with '--eval-mode=all'. If using camera optimization, the cameras    nerfstudio_dataparser.py:216
           may diverge in the current implementation, giving unpredictable results.                                     
            Be careful with '--eval-mode=all'. If using camera optimization, the cameras    nerfstudio_dataparser.py:216
           may diverge in the current implementation, giving unpredictable results.                                     
Loading latest checkpoint from load_dir
✅ Done loading checkpoint from 
outputs/ctrl_009_033_ratio3_sh0_dense_mid200/ratio3_sh0_dense/f1275/splatfacto/2026-08-20_222225/nerfstudio_models/step-
000001999.ckpt
[gpu1_w5] ratio3_sh0_dense__f1270 -> ok (108.9s)
0 Gaussians have NaN/Inf and 3 have low opacity, only export 727/730
[22:24:10]  Be careful with '--eval-mode=all'. If using camera optimization, the cameras    nerfstudio_dataparser.py:216
           may diverge in the current implementation, giving unpredictable results.                                     
            Be careful with '--eval-mode=all'. If using camera optimization, the cameras    nerfstudio_dataparser.py:216
           may diverge in the current implementation, giving unpredictable results.                                     
[22:24:10] use color only optimization with sigmoid activation                                         splatfacto.py:266
[gpu0_w2] ratio3_sh0_dense__f1268 -> ok (109.6s)
           use color only optimization with sigmoid activation                                         splatfacto.py:266
[22:24:10]  Be careful with '--eval-mode=all'. If using camera optimization, the cameras    nerfstudio_dataparser.py:216
           may diverge in the current implementation, giving unpredictable results.                                     
            Be careful with '--eval-mode=all'. If using camera optimization, the cameras    nerfstudio_dataparser.py:216
           may diverge in the current implementation, giving unpredictable results.                                     
[gpu0_w5] ratio3_sh0_dense__f1271 -> ok (109.3s)
[gpu0_w0] ratio3_sh0_dense__f1272 -> ok (108.7s)
[22:24:10]  Be careful with '--eval-mode=all'. If using camera optimization, the cameras    nerfstudio_dataparser.py:216
           may diverge in the current implementation, giving unpredictable results.                                     
           use color only optimization with sigmoid activation                                         splatfacto.py:266
            Be careful with '--eval-mode=all'. If using camera optimization, the cameras    nerfstudio_dataparser.py:216
           may diverge in the current implementation, giving unpredictable results.                                     
           use color only optimization with sigmoid activation                                         splatfacto.py:266
Loading latest checkpoint from load_dir
✅ Done loading checkpoint from 
outputs/ctrl_009_033_ratio3_sh0_dense_mid200/ratio3_sh0_dense/f1274/splatfacto/2026-08-20_222225/nerfstudio_models/step-
000001999.ckpt
[22:24:11]  Be careful with '--eval-mode=all'. If using camera optimization, the cameras    nerfstudio_dataparser.py:216
           may diverge in the current implementation, giving unpredictable results.                                     
            Be careful with '--eval-mode=all'. If using camera optimization, the cameras    nerfstudio_dataparser.py:216
           may diverge in the current implementation, giving unpredictable results.                                     
Loading latest checkpoint from load_dir
           use color only optimization with sigmoid activation                                         splatfacto.py:266
✅ Done loading checkpoint from 
outputs/ctrl_009_033_ratio3_sh0_dense_mid200/ratio3_sh0_dense/f1273/splatfacto/2026-08-20_222225/nerfstudio_models/step-
000001999.ckpt
0 Gaussians have NaN/Inf and 5 have low opacity, only export 701/706
[22:24:11]  Be careful with '--eval-mode=all'. If using camera optimization, the cameras    nerfstudio_dataparser.py:216
           may diverge in the current implementation, giving unpredictable results.                                     
            Be careful with '--eval-mode=all'. If using camera optimization, the cameras    nerfstudio_dataparser.py:216
           may diverge in the current implementation, giving unpredictable results.                                     
           use color only optimization with sigmoid activation                                         splatfacto.py:266
Loading latest checkpoint from load_dir
✅ Done loading checkpoint from 
outputs/ctrl_009_033_ratio3_sh0_dense_mid200/ratio3_sh0_dense/f1279/splatfacto/2026-08-20_222226/nerfstudio_models/step-
000001999.ckpt
0 Gaussians have NaN/Inf and 2 have low opacity, only export 792/794
Loading latest checkpoint from load_dir
✅ Done loading checkpoint from 
outputs/ctrl_009_033_ratio3_sh0_dense_mid200/ratio3_sh0_dense/f1276/splatfacto/2026-08-20_222226/nerfstudio_models/step-
000001999.ckpt
0 Gaussians have NaN/Inf and 2 have low opacity, only export 762/764
[gpu1_w4] ratio3_sh0_dense__f1275 -> ok (107.5s)
Loading latest checkpoint from load_dir
✅ Done loading checkpoint from 
outputs/ctrl_009_033_ratio3_sh0_dense_mid200/ratio3_sh0_dense/f1278/splatfacto/2026-08-20_222225/nerfstudio_models/step-
000001999.ckpt
0 Gaussians have NaN/Inf and 1 have low opacity, only export 791/792
Loading latest checkpoint from load_dir
✅ Done loading checkpoint from 
outputs/ctrl_009_033_ratio3_sh0_dense_mid200/ratio3_sh0_dense/f1277/splatfacto/2026-08-20_222227/nerfstudio_models/step-
000001999.ckpt
0 Gaussians have NaN/Inf and 1 have low opacity, only export 745/746
[gpu0_w3] ratio3_sh0_dense__f1274 -> ok (108.7s)
[gpu1_w2] ratio3_sh0_dense__f1273 -> ok (109.0s)
[gpu0_w4] ratio3_sh0_dense__f1279 -> ok (108.5s)
[gpu1_w0] ratio3_sh0_dense__f1276 -> ok (108.9s)
[gpu1_w3] ratio3_sh0_dense__f1278 -> ok (109.0s)
[gpu1_w1] ratio3_sh0_dense__f1277 -> ok (109.7s)
[22:26:01]  Be careful with '--eval-mode=all'. If using camera optimization, the cameras    nerfstudio_dataparser.py:216
           may diverge in the current implementation, giving unpredictable results.                                     
            Be careful with '--eval-mode=all'. If using camera optimization, the cameras    nerfstudio_dataparser.py:216
           may diverge in the current implementation, giving unpredictable results.                                     
[22:26:01]  Be careful with '--eval-mode=all'. If using camera optimization, the cameras    nerfstudio_dataparser.py:216
           may diverge in the current implementation, giving unpredictable results.                                     
            Be careful with '--eval-mode=all'. If using camera optimization, the cameras    nerfstudio_dataparser.py:216
           may diverge in the current implementation, giving unpredictable results.                                     
           use color only optimization with sigmoid activation                                         splatfacto.py:266
[22:26:01]  Be careful with '--eval-mode=all'. If using camera optimization, the cameras    nerfstudio_dataparser.py:216
           may diverge in the current implementation, giving unpredictable results.                                     
            Be careful with '--eval-mode=all'. If using camera optimization, the cameras    nerfstudio_dataparser.py:216
           may diverge in the current implementation, giving unpredictable results.                                     
           use color only optimization with sigmoid activation                                         splatfacto.py:266
           use color only optimization with sigmoid activation                                         splatfacto.py:266
[22:26:02]  Be careful with '--eval-mode=all'. If using camera optimization, the cameras    nerfstudio_dataparser.py:216
           may diverge in the current implementation, giving unpredictable results.                                     
            Be careful with '--eval-mode=all'. If using camera optimization, the cameras    nerfstudio_dataparser.py:216
           may diverge in the current implementation, giving unpredictable results.                                     
Loading latest checkpoint from load_dir
✅ Done loading checkpoint from 
outputs/ctrl_009_033_ratio3_sh0_dense_mid200/ratio3_sh0_dense/f1280/splatfacto/2026-08-20_222417/nerfstudio_models/step-
000001999.ckpt
0 Gaussians have NaN/Inf and 1 have low opacity, only export 729/730
           use color only optimization with sigmoid activation                                         splatfacto.py:266
Loading latest checkpoint from load_dir
✅ Done loading checkpoint from 
outputs/ctrl_009_033_ratio3_sh0_dense_mid200/ratio3_sh0_dense/f1283/splatfacto/2026-08-20_222418/nerfstudio_models/step-
000001999.ckpt
0 Gaussians have NaN/Inf and 4 have low opacity, only export 727/731
Loading latest checkpoint from load_dir
[22:26:02]  Be careful with '--eval-mode=all'. If using camera optimization, the cameras    nerfstudio_dataparser.py:216
           may diverge in the current implementation, giving unpredictable results.                                     
✅ Done loading checkpoint from 
outputs/ctrl_009_033_ratio3_sh0_dense_mid200/ratio3_sh0_dense/f1281/splatfacto/2026-08-20_222419/nerfstudio_models/step-
000001999.ckpt
            Be careful with '--eval-mode=all'. If using camera optimization, the cameras    nerfstudio_dataparser.py:216
           may diverge in the current implementation, giving unpredictable results.                                     
0 Gaussians have NaN/Inf and 3 have low opacity, only export 723/726
[22:26:03]  Be careful with '--eval-mode=all'. If using camera optimization, the cameras    nerfstudio_dataparser.py:216
           may diverge in the current implementation, giving unpredictable results.                                     
            Be careful with '--eval-mode=all'. If using camera optimization, the cameras    nerfstudio_dataparser.py:216
           may diverge in the current implementation, giving unpredictable results.                                     
[22:26:03] use color only optimization with sigmoid activation                                         splatfacto.py:266
           use color only optimization with sigmoid activation                                         splatfacto.py:266
[22:26:03]  Be careful with '--eval-mode=all'. If using camera optimization, the cameras    nerfstudio_dataparser.py:216
           may diverge in the current implementation, giving unpredictable results.                                     
            Be careful with '--eval-mode=all'. If using camera optimization, the cameras    nerfstudio_dataparser.py:216
           may diverge in the current implementation, giving unpredictable results.                                     
Loading latest checkpoint from load_dir
✅ Done loading checkpoint from 
outputs/ctrl_009_033_ratio3_sh0_dense_mid200/ratio3_sh0_dense/f1284/splatfacto/2026-08-20_222419/nerfstudio_models/step-
000001999.ckpt
0 Gaussians have NaN/Inf and 4 have low opacity, only export 705/709
           use color only optimization with sigmoid activation                                         splatfacto.py:266
Loading latest checkpoint from load_dir
✅ Done loading checkpoint from 
outputs/ctrl_009_033_ratio3_sh0_dense_mid200/ratio3_sh0_dense/f1285/splatfacto/2026-08-20_222420/nerfstudio_models/step-
000001999.ckpt
0 Gaussians have NaN/Inf and 2 have low opacity, only export 730/732
[22:26:03]  Be careful with '--eval-mode=all'. If using camera optimization, the cameras    nerfstudio_dataparser.py:216
           may diverge in the current implementation, giving unpredictable results.                                     
            Be careful with '--eval-mode=all'. If using camera optimization, the cameras    nerfstudio_dataparser.py:216
           may diverge in the current implementation, giving unpredictable results.                                     
Loading latest checkpoint from load_dir
✅ Done loading checkpoint from 
outputs/ctrl_009_033_ratio3_sh0_dense_mid200/ratio3_sh0_dense/f1282/splatfacto/2026-08-20_222419/nerfstudio_models/step-
000001999.ckpt
0 Gaussians have NaN/Inf and 4 have low opacity, only export 717/721
[22:26:04] use color only optimization with sigmoid activation                                         splatfacto.py:266
[22:26:04]  Be careful with '--eval-mode=all'. If using camera optimization, the cameras    nerfstudio_dataparser.py:216
           may diverge in the current implementation, giving unpredictable results.                                     
            Be careful with '--eval-mode=all'. If using camera optimization, the cameras    nerfstudio_dataparser.py:216
           may diverge in the current implementation, giving unpredictable results.                                     
           use color only optimization with sigmoid activation                                         splatfacto.py:266
Loading latest checkpoint from load_dir
✅ Done loading checkpoint from 
outputs/ctrl_009_033_ratio3_sh0_dense_mid200/ratio3_sh0_dense/f1286/splatfacto/2026-08-20_222420/nerfstudio_models/step-
000001999.ckpt
0 Gaussians have NaN/Inf and 2 have low opacity, only export 730/732
[gpu0_w1] ratio3_sh0_dense__f1280 -> ok (109.0s)
[gpu0_w5] ratio3_sh0_dense__f1283 -> ok (107.3s)
[22:26:05]  Be careful with '--eval-mode=all'. If using camera optimization, the cameras    nerfstudio_dataparser.py:216
           may diverge in the current implementation, giving unpredictable results.                                     
            Be careful with '--eval-mode=all'. If using camera optimization, the cameras    nerfstudio_dataparser.py:216
           may diverge in the current implementation, giving unpredictable results.                                     
Loading latest checkpoint from load_dir
[gpu1_w5] ratio3_sh0_dense__f1281 -> ok (108.3s)
✅ Done loading checkpoint from 
outputs/ctrl_009_033_ratio3_sh0_dense_mid200/ratio3_sh0_dense/f1287/splatfacto/2026-08-20_222421/nerfstudio_models/step-
000001999.ckpt
0 Gaussians have NaN/Inf and 1 have low opacity, only export 748/749
           use color only optimization with sigmoid activation                                         splatfacto.py:266
Loading latest checkpoint from load_dir
✅ Done loading checkpoint from 
outputs/ctrl_009_033_ratio3_sh0_dense_mid200/ratio3_sh0_dense/f1288/splatfacto/2026-08-20_222420/nerfstudio_models/step-
000001999.ckpt
0 Gaussians have NaN/Inf and 1 have low opacity, only export 639/640
[gpu0_w0] ratio3_sh0_dense__f1284 -> ok (108.1s)
[22:26:05]  Be careful with '--eval-mode=all'. If using camera optimization, the cameras    nerfstudio_dataparser.py:216
           may diverge in the current implementation, giving unpredictable results.                                     
            Be careful with '--eval-mode=all'. If using camera optimization, the cameras    nerfstudio_dataparser.py:216
           may diverge in the current implementation, giving unpredictable results.                                     
           use color only optimization with sigmoid activation                                         splatfacto.py:266
[gpu1_w4] ratio3_sh0_dense__f1285 -> ok (107.3s)
[gpu0_w2] ratio3_sh0_dense__f1282 -> ok (109.0s)
[22:26:06]  Be careful with '--eval-mode=all'. If using camera optimization, the cameras    nerfstudio_dataparser.py:216
           may diverge in the current implementation, giving unpredictable results.                                     
            Be careful with '--eval-mode=all'. If using camera optimization, the cameras    nerfstudio_dataparser.py:216
           may diverge in the current implementation, giving unpredictable results.                                     
Loading latest checkpoint from load_dir
✅ Done loading checkpoint from 
outputs/ctrl_009_033_ratio3_sh0_dense_mid200/ratio3_sh0_dense/f1290/splatfacto/2026-08-20_222421/nerfstudio_models/step-
000001999.ckpt
0 Gaussians have NaN/Inf and 3 have low opacity, only export 755/758
           use color only optimization with sigmoid activation                                         splatfacto.py:266
[gpu0_w3] ratio3_sh0_dense__f1286 -> ok (106.9s)
Loading latest checkpoint from load_dir
✅ Done loading checkpoint from 
outputs/ctrl_009_033_ratio3_sh0_dense_mid200/ratio3_sh0_dense/f1291/splatfacto/2026-08-20_222422/nerfstudio_models/step-
000001999.ckpt
0 Gaussians have NaN/Inf and 4 have low opacity, only export 735/739
Loading latest checkpoint from load_dir
[gpu1_w2] ratio3_sh0_dense__f1287 -> ok (107.3s)
✅ Done loading checkpoint from 
outputs/ctrl_009_033_ratio3_sh0_dense_mid200/ratio3_sh0_dense/f1289/splatfacto/2026-08-20_222422/nerfstudio_models/step-
000001999.ckpt
0 Gaussians have NaN/Inf and 4 have low opacity, only export 771/775
[gpu0_w4] ratio3_sh0_dense__f1288 -> ok (107.3s)
[gpu0_w4] queue drained: 16 ok, 0 failed
[gpu1_w3] ratio3_sh0_dense__f1290 -> ok (107.5s)
[gpu1_w3] queue drained: 16 ok, 0 failed
[gpu1_w1] ratio3_sh0_dense__f1291 -> ok (107.3s)
[gpu1_w1] queue drained: 16 ok, 0 failed
[gpu1_w0] ratio3_sh0_dense__f1289 -> ok (108.5s)
[gpu1_w0] queue drained: 16 ok, 0 failed
[22:27:34]  Be careful with '--eval-mode=all'. If using camera optimization, the cameras    nerfstudio_dataparser.py:216
           may diverge in the current implementation, giving unpredictable results.                                     
            Be careful with '--eval-mode=all'. If using camera optimization, the cameras    nerfstudio_dataparser.py:216
           may diverge in the current implementation, giving unpredictable results.                                     
[22:27:34]  Be careful with '--eval-mode=all'. If using camera optimization, the cameras    nerfstudio_dataparser.py:216
           may diverge in the current implementation, giving unpredictable results.                                     
            Be careful with '--eval-mode=all'. If using camera optimization, the cameras    nerfstudio_dataparser.py:216
           may diverge in the current implementation, giving unpredictable results.                                     
           use color only optimization with sigmoid activation                                         splatfacto.py:266
           use color only optimization with sigmoid activation                                         splatfacto.py:266
Loading latest checkpoint from load_dir
✅ Done loading checkpoint from 
outputs/ctrl_009_033_ratio3_sh0_dense_mid200/ratio3_sh0_dense/f1296/splatfacto/2026-08-20_222613/nerfstudio_models/step-
000001999.ckpt
0 Gaussians have NaN/Inf and 4 have low opacity, only export 721/725
Loading latest checkpoint from load_dir
✅ Done loading checkpoint from 
outputs/ctrl_009_033_ratio3_sh0_dense_mid200/ratio3_sh0_dense/f1294/splatfacto/2026-08-20_222613/nerfstudio_models/step-
000001999.ckpt
0 Gaussians have NaN/Inf and 1 have low opacity, only export 695/696
[22:27:35]  Be careful with '--eval-mode=all'. If using camera optimization, the cameras    nerfstudio_dataparser.py:216
           may diverge in the current implementation, giving unpredictable results.                                     
            Be careful with '--eval-mode=all'. If using camera optimization, the cameras    nerfstudio_dataparser.py:216
           may diverge in the current implementation, giving unpredictable results.                                     
           use color only optimization with sigmoid activation                                         splatfacto.py:266
Loading latest checkpoint from load_dir
✅ Done loading checkpoint from 
outputs/ctrl_009_033_ratio3_sh0_dense_mid200/ratio3_sh0_dense/f1299/splatfacto/2026-08-20_222614/nerfstudio_models/step-
000001999.ckpt
0 Gaussians have NaN/Inf and 1 have low opacity, only export 773/774
[gpu1_w4] ratio3_sh0_dense__f1296 -> ok (84.3s)
[gpu1_w4] queue drained: 17 ok, 0 failed
[22:27:37]  Be careful with '--eval-mode=all'. If using camera optimization, the cameras    nerfstudio_dataparser.py:216
           may diverge in the current implementation, giving unpredictable results.                                     
            Be careful with '--eval-mode=all'. If using camera optimization, the cameras    nerfstudio_dataparser.py:216
           may diverge in the current implementation, giving unpredictable results.                                     
[gpu1_w5] ratio3_sh0_dense__f1294 -> ok (85.5s)
[gpu1_w5] queue drained: 17 ok, 0 failed
           use color only optimization with sigmoid activation                                         splatfacto.py:266
[gpu1_w2] ratio3_sh0_dense__f1299 -> ok (84.3s)
[gpu1_w2] queue drained: 17 ok, 0 failed
Loading latest checkpoint from load_dir
✅ Done loading checkpoint from 
outputs/ctrl_009_033_ratio3_sh0_dense_mid200/ratio3_sh0_dense/f1293/splatfacto/2026-08-20_222611/nerfstudio_models/step-
000001999.ckpt
[22:27:39]  Be careful with '--eval-mode=all'. If using camera optimization, the cameras    nerfstudio_dataparser.py:216
           may diverge in the current implementation, giving unpredictable results.                                     
            Be careful with '--eval-mode=all'. If using camera optimization, the cameras    nerfstudio_dataparser.py:216
           may diverge in the current implementation, giving unpredictable results.                                     
[gpu0_w5] ratio3_sh0_dense__f1293 -> ok (88.4s)
[gpu0_w5] queue drained: 17 ok, 0 failed
           use color only optimization with sigmoid activation                                         splatfacto.py:266
[22:27:39]  Be careful with '--eval-mode=all'. If using camera optimization, the cameras    nerfstudio_dataparser.py:216
           may diverge in the current implementation, giving unpredictable results.                                     
            Be careful with '--eval-mode=all'. If using camera optimization, the cameras    nerfstudio_dataparser.py:216
           may diverge in the current implementation, giving unpredictable results.                                     
[22:27:40] use color only optimization with sigmoid activation                                         splatfacto.py:266
Loading latest checkpoint from load_dir
✅ Done loading checkpoint from 
outputs/ctrl_009_033_ratio3_sh0_dense_mid200/ratio3_sh0_dense/f1298/splatfacto/2026-08-20_222613/nerfstudio_models/step-
000001999.ckpt
0 Gaussians have NaN/Inf and 4 have low opacity, only export 737/741
[22:27:40]  Be careful with '--eval-mode=all'. If using camera optimization, the cameras    nerfstudio_dataparser.py:216
           may diverge in the current implementation, giving unpredictable results.                                     
            Be careful with '--eval-mode=all'. If using camera optimization, the cameras    nerfstudio_dataparser.py:216
           may diverge in the current implementation, giving unpredictable results.                                     
Loading latest checkpoint from load_dir
           use color only optimization with sigmoid activation                                         splatfacto.py:266
✅ Done loading checkpoint from 
outputs/ctrl_009_033_ratio3_sh0_dense_mid200/ratio3_sh0_dense/f1292/splatfacto/2026-08-20_222612/nerfstudio_models/step-
000001999.ckpt
0 Gaussians have NaN/Inf and 1 have low opacity, only export 741/742
[22:27:41]  Be careful with '--eval-mode=all'. If using camera optimization, the cameras    nerfstudio_dataparser.py:216
           may diverge in the current implementation, giving unpredictable results.                                     
            Be careful with '--eval-mode=all'. If using camera optimization, the cameras    nerfstudio_dataparser.py:216
           may diverge in the current implementation, giving unpredictable results.                                     
           use color only optimization with sigmoid activation                                         splatfacto.py:266
Loading latest checkpoint from load_dir
✅ Done loading checkpoint from 
outputs/ctrl_009_033_ratio3_sh0_dense_mid200/ratio3_sh0_dense/f1295/splatfacto/2026-08-20_222613/nerfstudio_models/step-
000001999.ckpt
0 Gaussians have NaN/Inf and 2 have low opacity, only export 765/767
[gpu0_w3] ratio3_sh0_dense__f1298 -> ok (89.1s)
[gpu0_w3] queue drained: 17 ok, 0 failed
Loading latest checkpoint from load_dir
✅ Done loading checkpoint from 
outputs/ctrl_009_033_ratio3_sh0_dense_mid200/ratio3_sh0_dense/f1297/splatfacto/2026-08-20_222614/nerfstudio_models/step-
000001999.ckpt
0 Gaussians have NaN/Inf and 4 have low opacity, only export 784/788
[gpu0_w1] ratio3_sh0_dense__f1292 -> ok (91.1s)
[gpu0_w1] queue drained: 17 ok, 0 failed
[gpu0_w0] ratio3_sh0_dense__f1295 -> ok (91.0s)
[gpu0_w0] queue drained: 17 ok, 0 failed
[gpu0_w2] ratio3_sh0_dense__f1297 -> ok (91.2s)
[gpu0_w2] queue drained: 17 ok, 0 failed
Dataset generated successfully at: /home/computer0/fly_project/fly_gsplat/ctrl_009/033/f1298
4 cameras loaded
Seed: [ 0.01518404  0.00018615 -0.00673757]  triangulation residual=0.083 mm
Sampled 10000 points in 2mm sphere
Surviving points (all 4 cameras): 1951
After outlier removal: 1863 points
Saved -> /home/computer0/fly_project/fly_gsplat/ctrl_009/033/f1298/init_points.ply
[prepare] frame 1298 data ready
Dataset generated successfully at: /home/computer0/fly_project/fly_gsplat/ctrl_009/033/f1299
4 cameras loaded
Seed: [ 0.0152316   0.0002308  -0.00671864]  triangulation residual=0.065 mm
Sampled 10000 points in 2mm sphere
Surviving points (all 4 cameras): 1982
After outlier removal: 1899 points
Saved -> /home/computer0/fly_project/fly_gsplat/ctrl_009/033/f1299/init_points.ply
[prepare] frame 1299 data ready
=== Phase B: build queue ===
[queue] 200 tasks queued, 0 already done (skipped)
=== Phase C: dispatch 2x6 workers ===
Done in 1829.5s: 200 ok, 0 failed -> /home/computer0/fly_project/fly_gsplat/outputs/ctrl_009_033_ratio3_sh0_dense_mid200/schedule_summary.json
