
============================================================
ctrl_009_006_ratio3_sh0_dense_mid200  (raw_data_dir=/home/computer0/fly_project/fly_gsplat/ctrl_009/006)
============================================================
== 未检测到T3标注，从raw splat.ply开始跑T1-T3 ==
  [T1] gaussian_features (跳过已算过的帧) ...
  [T1][f1100] computed -> /home/computer0/fly_project/fly_gsplat/outputs/ctrl_009_006_ratio3_sh0_dense_mid200/ratio3_sh0_dense/f1100/splatfacto/2026-08-20_200104/gaussian_features_f1100.csv
  [T1][f1101] computed -> /home/computer0/fly_project/fly_gsplat/outputs/ctrl_009_006_ratio3_sh0_dense_mid200/ratio3_sh0_dense/f1101/splatfacto/2026-08-20_200105/gaussian_features_f1101.csv
  [T1][f1102] computed -> /home/computer0/fly_project/fly_gsplat/outputs/ctrl_009_006_ratio3_sh0_dense_mid200/ratio3_sh0_dense/f1102/splatfacto/2026-08-20_200105/gaussian_features_f1102.csv
  [T1][f1103] computed -> /home/computer0/fly_project/fly_gsplat/outputs/ctrl_009_006_ratio3_sh0_dense_mid200/ratio3_sh0_dense/f1103/splatfacto/2026-08-20_200103/gaussian_features_f1103.csv
  [T1][f1104] computed -> /home/computer0/fly_project/fly_gsplat/outputs/ctrl_009_006_ratio3_sh0_dense_mid200/ratio3_sh0_dense/f1104/splatfacto/2026-08-20_200105/gaussian_features_f1104.csv
  [T1][f1105] computed -> /home/computer0/fly_project/fly_gsplat/outputs/ctrl_009_006_ratio3_sh0_dense_mid200/ratio3_sh0_dense/f1105/splatfacto/2026-08-20_200104/gaussian_features_f1105.csv
  [T1][f1106] computed -> /home/computer0/fly_project/fly_gsplat/outputs/ctrl_009_006_ratio3_sh0_dense_mid200/ratio3_sh0_dense/f1106/splatfacto/2026-08-20_200104/gaussian_features_f1106.csv
  [T1][f1107] computed -> /home/computer0/fly_project/fly_gsplat/outputs/ctrl_009_006_ratio3_sh0_dense_mid200/ratio3_sh0_dense/f1107/splatfacto/2026-08-20_200105/gaussian_features_f1107.csv
  [T1][f1108] computed -> /home/computer0/fly_project/fly_gsplat/outputs/ctrl_009_006_ratio3_sh0_dense_mid200/ratio3_sh0_dense/f1108/splatfacto/2026-08-20_200104/gaussian_features_f1108.csv
  [T1][f1109] computed -> /home/computer0/fly_project/fly_gsplat/outputs/ctrl_009_006_ratio3_sh0_dense_mid200/ratio3_sh0_dense/f1109/splatfacto/2026-08-20_200105/gaussian_features_f1109.csv
  [T1][f1110] computed -> /home/computer0/fly_project/fly_gsplat/outputs/ctrl_009_006_ratio3_sh0_dense_mid200/ratio3_sh0_dense/f1110/splatfacto/2026-08-20_200105/gaussian_features_f1110.csv
  [T1][f1111] computed -> /home/computer0/fly_project/fly_gsplat/outputs/ctrl_009_006_ratio3_sh0_dense_mid200/ratio3_sh0_dense/f1111/splatfacto/2026-08-20_200105/gaussian_features_f1111.csv
  [T1][f1112] computed -> /home/computer0/fly_project/fly_gsplat/outputs/ctrl_009_006_ratio3_sh0_dense_mid200/ratio3_sh0_dense/f1112/splatfacto/2026-08-20_200301/gaussian_features_f1112.csv
  [T1][f1113] computed -> /home/computer0/fly_project/fly_gsplat/outputs/ctrl_009_006_ratio3_sh0_dense_mid200/ratio3_sh0_dense/f1113/splatfacto/2026-08-20_200301/gaussian_features_f1113.csv
  [T1][f1114] computed -> /home/computer0/fly_project/fly_gsplat/outputs/ctrl_009_006_ratio3_sh0_dense_mid200/ratio3_sh0_dense/f1114/splatfacto/2026-08-20_200302/gaussian_features_f1114.csv
  [T1][f1115] computed -> /home/computer0/fly_project/fly_gsplat/outputs/ctrl_009_006_ratio3_sh0_dense_mid200/ratio3_sh0_dense/f1115/splatfacto/2026-08-20_200302/gaussian_features_f1115.csv
  [T1][f1116] computed -> /home/computer0/fly_project/fly_gsplat/outputs/ctrl_009_006_ratio3_sh0_dense_mid200/ratio3_sh0_dense/f1116/splatfacto/2026-08-20_200302/gaussian_features_f1116.csv
  [T1][f1117] computed -> /home/computer0/fly_project/fly_gsplat/outputs/ctrl_009_006_ratio3_sh0_dense_mid200/ratio3_sh0_dense/f1117/splatfacto/2026-08-20_200302/gaussian_features_f1117.csv
  [T1][f1118] computed -> /home/computer0/fly_project/fly_gsplat/outputs/ctrl_009_006_ratio3_sh0_dense_mid200/ratio3_sh0_dense/f1118/splatfacto/2026-08-20_200303/gaussian_features_f1118.csv
  [T1][f1119] computed -> /home/computer0/fly_project/fly_gsplat/outputs/ctrl_009_006_ratio3_sh0_dense_mid200/ratio3_sh0_dense/f1119/splatfacto/2026-08-20_200303/gaussian_features_f1119.csv
  [T1][f1120] computed -> /home/computer0/fly_project/fly_gsplat/outputs/ctrl_009_006_ratio3_sh0_dense_mid200/ratio3_sh0_dense/f1120/splatfacto/2026-08-20_200303/gaussian_features_f1120.csv
  [T1][f1121] computed -> /home/computer0/fly_project/fly_gsplat/outputs/ctrl_009_006_ratio3_sh0_dense_mid200/ratio3_sh0_dense/f1121/splatfacto/2026-08-20_200303/gaussian_features_f1121.csv
  [T1][f1122] computed -> /home/computer0/fly_project/fly_gsplat/outputs/ctrl_009_006_ratio3_sh0_dense_mid200/ratio3_sh0_dense/f1122/splatfacto/2026-08-20_200302/gaussian_features_f1122.csv
  [T1][f1123] computed -> /home/computer0/fly_project/fly_gsplat/outputs/ctrl_009_006_ratio3_sh0_dense_mid200/ratio3_sh0_dense/f1123/splatfacto/2026-08-20_200303/gaussian_features_f1123.csv
  [T1][f1124] computed -> /home/computer0/fly_project/fly_gsplat/outputs/ctrl_009_006_ratio3_sh0_dense_mid200/ratio3_sh0_dense/f1124/splatfacto/2026-08-20_200457/gaussian_features_f1124.csv
  [T1][f1125] computed -> /home/computer0/fly_project/fly_gsplat/outputs/ctrl_009_006_ratio3_sh0_dense_mid200/ratio3_sh0_dense/f1125/splatfacto/2026-08-20_200458/gaussian_features_f1125.csv
  [T1][f1126] computed -> /home/computer0/fly_project/fly_gsplat/outputs/ctrl_009_006_ratio3_sh0_dense_mid200/ratio3_sh0_dense/f1126/splatfacto/2026-08-20_200459/gaussian_features_f1126.csv
  [T1][f1127] computed -> /home/computer0/fly_project/fly_gsplat/outputs/ctrl_009_006_ratio3_sh0_dense_mid200/ratio3_sh0_dense/f1127/splatfacto/2026-08-20_200459/gaussian_features_f1127.csv
  [T1][f1128] computed -> /home/computer0/fly_project/fly_gsplat/outputs/ctrl_009_006_ratio3_sh0_dense_mid200/ratio3_sh0_dense/f1128/splatfacto/2026-08-20_200459/gaussian_features_f1128.csv
  [T1][f1129] computed -> /home/computer0/fly_project/fly_gsplat/outputs/ctrl_009_006_ratio3_sh0_dense_mid200/ratio3_sh0_dense/f1129/splatfacto/2026-08-20_200458/gaussian_features_f1129.csv
  [T1][f1130] computed -> /home/computer0/fly_project/fly_gsplat/outputs/ctrl_009_006_ratio3_sh0_dense_mid200/ratio3_sh0_dense/f1130/splatfacto/2026-08-20_200458/gaussian_features_f1130.csv
  [T1][f1131] computed -> /home/computer0/fly_project/fly_gsplat/outputs/ctrl_009_006_ratio3_sh0_dense_mid200/ratio3_sh0_dense/f1131/splatfacto/2026-08-20_200500/gaussian_features_f1131.csv
  [T1][f1132] computed -> /home/computer0/fly_project/fly_gsplat/outputs/ctrl_009_006_ratio3_sh0_dense_mid200/ratio3_sh0_dense/f1132/splatfacto/2026-08-20_200459/gaussian_features_f1132.csv
  [T1][f1133] computed -> /home/computer0/fly_project/fly_gsplat/outputs/ctrl_009_006_ratio3_sh0_dense_mid200/ratio3_sh0_dense/f1133/splatfacto/2026-08-20_200500/gaussian_features_f1133.csv
  [T1][f1134] computed -> /home/computer0/fly_project/fly_gsplat/outputs/ctrl_009_006_ratio3_sh0_dense_mid200/ratio3_sh0_dense/f1134/splatfacto/2026-08-20_200459/gaussian_features_f1134.csv
  [T1][f1135] computed -> /home/computer0/fly_project/fly_gsplat/outputs/ctrl_009_006_ratio3_sh0_dense_mid200/ratio3_sh0_dense/f1135/splatfacto/2026-08-20_200459/gaussian_features_f1135.csv
  [T1][f1136] computed -> /home/computer0/fly_project/fly_gsplat/outputs/ctrl_009_006_ratio3_sh0_dense_mid200/ratio3_sh0_dense/f1136/splatfacto/2026-08-20_200653/gaussian_features_f1136.csv
  [T1][f1137] computed -> /home/computer0/fly_project/fly_gsplat/outputs/ctrl_009_006_ratio3_sh0_dense_mid200/ratio3_sh0_dense/f1137/splatfacto/2026-08-20_200653/gaussian_features_f1137.csv
  [T1][f1138] computed -> /home/computer0/fly_project/fly_gsplat/outputs/ctrl_009_006_ratio3_sh0_dense_mid200/ratio3_sh0_dense/f1138/splatfacto/2026-08-20_200654/gaussian_features_f1138.csv
  [T1][f1139] computed -> /home/computer0/fly_project/fly_gsplat/outputs/ctrl_009_006_ratio3_sh0_dense_mid200/ratio3_sh0_dense/f1139/splatfacto/2026-08-20_200654/gaussian_features_f1139.csv
  [T1][f1140] computed -> /home/computer0/fly_project/fly_gsplat/outputs/ctrl_009_006_ratio3_sh0_dense_mid200/ratio3_sh0_dense/f1140/splatfacto/2026-08-20_200655/gaussian_features_f1140.csv
  [T1][f1141] computed -> /home/computer0/fly_project/fly_gsplat/outputs/ctrl_009_006_ratio3_sh0_dense_mid200/ratio3_sh0_dense/f1141/splatfacto/2026-08-20_200655/gaussian_features_f1141.csv
  [T1][f1142] computed -> /home/computer0/fly_project/fly_gsplat/outputs/ctrl_009_006_ratio3_sh0_dense_mid200/ratio3_sh0_dense/f1142/splatfacto/2026-08-20_200655/gaussian_features_f1142.csv
  [T1][f1143] computed -> /home/computer0/fly_project/fly_gsplat/outputs/ctrl_009_006_ratio3_sh0_dense_mid200/ratio3_sh0_dense/f1143/splatfacto/2026-08-20_200655/gaussian_features_f1143.csv
  [T1][f1144] computed -> /home/computer0/fly_project/fly_gsplat/outputs/ctrl_009_006_ratio3_sh0_dense_mid200/ratio3_sh0_dense/f1144/splatfacto/2026-08-20_200656/gaussian_features_f1144.csv
  [T1][f1145] computed -> /home/computer0/fly_project/fly_gsplat/outputs/ctrl_009_006_ratio3_sh0_dense_mid200/ratio3_sh0_dense/f1145/splatfacto/2026-08-20_200656/gaussian_features_f1145.csv
  [T1][f1146] computed -> /home/computer0/fly_project/fly_gsplat/outputs/ctrl_009_006_ratio3_sh0_dense_mid200/ratio3_sh0_dense/f1146/splatfacto/2026-08-20_200656/gaussian_features_f1146.csv
  [T1][f1147] computed -> /home/computer0/fly_project/fly_gsplat/outputs/ctrl_009_006_ratio3_sh0_dense_mid200/ratio3_sh0_dense/f1147/splatfacto/2026-08-20_200656/gaussian_features_f1147.csv
  [T1][f1148] computed -> /home/computer0/fly_project/fly_gsplat/outputs/ctrl_009_006_ratio3_sh0_dense_mid200/ratio3_sh0_dense/f1148/splatfacto/2026-08-20_200852/gaussian_features_f1148.csv
  [T1][f1149] computed -> /home/computer0/fly_project/fly_gsplat/outputs/ctrl_009_006_ratio3_sh0_dense_mid200/ratio3_sh0_dense/f1149/splatfacto/2026-08-20_200852/gaussian_features_f1149.csv
  [T1][f1150] computed -> /home/computer0/fly_project/fly_gsplat/outputs/ctrl_009_006_ratio3_sh0_dense_mid200/ratio3_sh0_dense/f1150/splatfacto/2026-08-20_200852/gaussian_features_f1150.csv
  [T1][f1151] computed -> /home/computer0/fly_project/fly_gsplat/outputs/ctrl_009_006_ratio3_sh0_dense_mid200/ratio3_sh0_dense/f1151/splatfacto/2026-08-20_200852/gaussian_features_f1151.csv
  [T1][f1152] computed -> /home/computer0/fly_project/fly_gsplat/outputs/ctrl_009_006_ratio3_sh0_dense_mid200/ratio3_sh0_dense/f1152/splatfacto/2026-08-20_200853/gaussian_features_f1152.csv
  [T1][f1153] computed -> /home/computer0/fly_project/fly_gsplat/outputs/ctrl_009_006_ratio3_sh0_dense_mid200/ratio3_sh0_dense/f1153/splatfacto/2026-08-20_200853/gaussian_features_f1153.csv
  [T1][f1154] computed -> /home/computer0/fly_project/fly_gsplat/outputs/ctrl_009_006_ratio3_sh0_dense_mid200/ratio3_sh0_dense/f1154/splatfacto/2026-08-20_200853/gaussian_features_f1154.csv
  [T1][f1155] computed -> /home/computer0/fly_project/fly_gsplat/outputs/ctrl_009_006_ratio3_sh0_dense_mid200/ratio3_sh0_dense/f1155/splatfacto/2026-08-20_200855/gaussian_features_f1155.csv
  [T1][f1156] computed -> /home/computer0/fly_project/fly_gsplat/outputs/ctrl_009_006_ratio3_sh0_dense_mid200/ratio3_sh0_dense/f1156/splatfacto/2026-08-20_200855/gaussian_features_f1156.csv
  [T1][f1157] computed -> /home/computer0/fly_project/fly_gsplat/outputs/ctrl_009_006_ratio3_sh0_dense_mid200/ratio3_sh0_dense/f1157/splatfacto/2026-08-20_200855/gaussian_features_f1157.csv
  [T1][f1158] computed -> /home/computer0/fly_project/fly_gsplat/outputs/ctrl_009_006_ratio3_sh0_dense_mid200/ratio3_sh0_dense/f1158/splatfacto/2026-08-20_200856/gaussian_features_f1158.csv
  [T1][f1159] computed -> /home/computer0/fly_project/fly_gsplat/outputs/ctrl_009_006_ratio3_sh0_dense_mid200/ratio3_sh0_dense/f1159/splatfacto/2026-08-20_200853/gaussian_features_f1159.csv
  [T1][f1160] computed -> /home/computer0/fly_project/fly_gsplat/outputs/ctrl_009_006_ratio3_sh0_dense_mid200/ratio3_sh0_dense/f1160/splatfacto/2026-08-20_201049/gaussian_features_f1160.csv
  [T1][f1161] computed -> /home/computer0/fly_project/fly_gsplat/outputs/ctrl_009_006_ratio3_sh0_dense_mid200/ratio3_sh0_dense/f1161/splatfacto/2026-08-20_201048/gaussian_features_f1161.csv
  [T1][f1162] computed -> /home/computer0/fly_project/fly_gsplat/outputs/ctrl_009_006_ratio3_sh0_dense_mid200/ratio3_sh0_dense/f1162/splatfacto/2026-08-20_201050/gaussian_features_f1162.csv
  [T1][f1163] computed -> /home/computer0/fly_project/fly_gsplat/outputs/ctrl_009_006_ratio3_sh0_dense_mid200/ratio3_sh0_dense/f1163/splatfacto/2026-08-20_201050/gaussian_features_f1163.csv
  [T1][f1164] computed -> /home/computer0/fly_project/fly_gsplat/outputs/ctrl_009_006_ratio3_sh0_dense_mid200/ratio3_sh0_dense/f1164/splatfacto/2026-08-20_201050/gaussian_features_f1164.csv
  [T1][f1165] computed -> /home/computer0/fly_project/fly_gsplat/outputs/ctrl_009_006_ratio3_sh0_dense_mid200/ratio3_sh0_dense/f1165/splatfacto/2026-08-20_201050/gaussian_features_f1165.csv
  [T1][f1166] computed -> /home/computer0/fly_project/fly_gsplat/outputs/ctrl_009_006_ratio3_sh0_dense_mid200/ratio3_sh0_dense/f1166/splatfacto/2026-08-20_201051/gaussian_features_f1166.csv
  [T1][f1167] computed -> /home/computer0/fly_project/fly_gsplat/outputs/ctrl_009_006_ratio3_sh0_dense_mid200/ratio3_sh0_dense/f1167/splatfacto/2026-08-20_201050/gaussian_features_f1167.csv
  [T1][f1168] computed -> /home/computer0/fly_project/fly_gsplat/outputs/ctrl_009_006_ratio3_sh0_dense_mid200/ratio3_sh0_dense/f1168/splatfacto/2026-08-20_201053/gaussian_features_f1168.csv
  [T1][f1169] computed -> /home/computer0/fly_project/fly_gsplat/outputs/ctrl_009_006_ratio3_sh0_dense_mid200/ratio3_sh0_dense/f1169/splatfacto/2026-08-20_201053/gaussian_features_f1169.csv
  [T1][f1170] computed -> /home/computer0/fly_project/fly_gsplat/outputs/ctrl_009_006_ratio3_sh0_dense_mid200/ratio3_sh0_dense/f1170/splatfacto/2026-08-20_201052/gaussian_features_f1170.csv
  [T1][f1171] computed -> /home/computer0/fly_project/fly_gsplat/outputs/ctrl_009_006_ratio3_sh0_dense_mid200/ratio3_sh0_dense/f1171/splatfacto/2026-08-20_201053/gaussian_features_f1171.csv
  [T1][f1172] computed -> /home/computer0/fly_project/fly_gsplat/outputs/ctrl_009_006_ratio3_sh0_dense_mid200/ratio3_sh0_dense/f1172/splatfacto/2026-08-20_201246/gaussian_features_f1172.csv
  [T1][f1173] computed -> /home/computer0/fly_project/fly_gsplat/outputs/ctrl_009_006_ratio3_sh0_dense_mid200/ratio3_sh0_dense/f1173/splatfacto/2026-08-20_201247/gaussian_features_f1173.csv
  [T1][f1174] computed -> /home/computer0/fly_project/fly_gsplat/outputs/ctrl_009_006_ratio3_sh0_dense_mid200/ratio3_sh0_dense/f1174/splatfacto/2026-08-20_201247/gaussian_features_f1174.csv
  [T1][f1175] computed -> /home/computer0/fly_project/fly_gsplat/outputs/ctrl_009_006_ratio3_sh0_dense_mid200/ratio3_sh0_dense/f1175/splatfacto/2026-08-20_201246/gaussian_features_f1175.csv
  [T1][f1176] computed -> /home/computer0/fly_project/fly_gsplat/outputs/ctrl_009_006_ratio3_sh0_dense_mid200/ratio3_sh0_dense/f1176/splatfacto/2026-08-20_201247/gaussian_features_f1176.csv
  [T1][f1177] computed -> /home/computer0/fly_project/fly_gsplat/outputs/ctrl_009_006_ratio3_sh0_dense_mid200/ratio3_sh0_dense/f1177/splatfacto/2026-08-20_201247/gaussian_features_f1177.csv
  [T1][f1178] computed -> /home/computer0/fly_project/fly_gsplat/outputs/ctrl_009_006_ratio3_sh0_dense_mid200/ratio3_sh0_dense/f1178/splatfacto/2026-08-20_201249/gaussian_features_f1178.csv
  [T1][f1179] computed -> /home/computer0/fly_project/fly_gsplat/outputs/ctrl_009_006_ratio3_sh0_dense_mid200/ratio3_sh0_dense/f1179/splatfacto/2026-08-20_201249/gaussian_features_f1179.csv
  [T1][f1180] computed -> /home/computer0/fly_project/fly_gsplat/outputs/ctrl_009_006_ratio3_sh0_dense_mid200/ratio3_sh0_dense/f1180/splatfacto/2026-08-20_201249/gaussian_features_f1180.csv
  [T1][f1181] computed -> /home/computer0/fly_project/fly_gsplat/outputs/ctrl_009_006_ratio3_sh0_dense_mid200/ratio3_sh0_dense/f1181/splatfacto/2026-08-20_201250/gaussian_features_f1181.csv
  [T1][f1182] computed -> /home/computer0/fly_project/fly_gsplat/outputs/ctrl_009_006_ratio3_sh0_dense_mid200/ratio3_sh0_dense/f1182/splatfacto/2026-08-20_201250/gaussian_features_f1182.csv
  [T1][f1183] computed -> /home/computer0/fly_project/fly_gsplat/outputs/ctrl_009_006_ratio3_sh0_dense_mid200/ratio3_sh0_dense/f1183/splatfacto/2026-08-20_201250/gaussian_features_f1183.csv
  [T1][f1184] computed -> /home/computer0/fly_project/fly_gsplat/outputs/ctrl_009_006_ratio3_sh0_dense_mid200/ratio3_sh0_dense/f1184/splatfacto/2026-08-20_201440/gaussian_features_f1184.csv
  [T1][f1185] computed -> /home/computer0/fly_project/fly_gsplat/outputs/ctrl_009_006_ratio3_sh0_dense_mid200/ratio3_sh0_dense/f1185/splatfacto/2026-08-20_201443/gaussian_features_f1185.csv
  [T1][f1186] computed -> /home/computer0/fly_project/fly_gsplat/outputs/ctrl_009_006_ratio3_sh0_dense_mid200/ratio3_sh0_dense/f1186/splatfacto/2026-08-20_201442/gaussian_features_f1186.csv
  [T1][f1187] computed -> /home/computer0/fly_project/fly_gsplat/outputs/ctrl_009_006_ratio3_sh0_dense_mid200/ratio3_sh0_dense/f1187/splatfacto/2026-08-20_201443/gaussian_features_f1187.csv
  [T1][f1188] computed -> /home/computer0/fly_project/fly_gsplat/outputs/ctrl_009_006_ratio3_sh0_dense_mid200/ratio3_sh0_dense/f1188/splatfacto/2026-08-20_201443/gaussian_features_f1188.csv
  [T1][f1189] computed -> /home/computer0/fly_project/fly_gsplat/outputs/ctrl_009_006_ratio3_sh0_dense_mid200/ratio3_sh0_dense/f1189/splatfacto/2026-08-20_201443/gaussian_features_f1189.csv
  [T1][f1190] computed -> /home/computer0/fly_project/fly_gsplat/outputs/ctrl_009_006_ratio3_sh0_dense_mid200/ratio3_sh0_dense/f1190/splatfacto/2026-08-20_201444/gaussian_features_f1190.csv
  [T1][f1191] computed -> /home/computer0/fly_project/fly_gsplat/outputs/ctrl_009_006_ratio3_sh0_dense_mid200/ratio3_sh0_dense/f1191/splatfacto/2026-08-20_201445/gaussian_features_f1191.csv
  [T1][f1192] computed -> /home/computer0/fly_project/fly_gsplat/outputs/ctrl_009_006_ratio3_sh0_dense_mid200/ratio3_sh0_dense/f1192/splatfacto/2026-08-20_201446/gaussian_features_f1192.csv
  [T1][f1193] computed -> /home/computer0/fly_project/fly_gsplat/outputs/ctrl_009_006_ratio3_sh0_dense_mid200/ratio3_sh0_dense/f1193/splatfacto/2026-08-20_201446/gaussian_features_f1193.csv
  [T1][f1194] computed -> /home/computer0/fly_project/fly_gsplat/outputs/ctrl_009_006_ratio3_sh0_dense_mid200/ratio3_sh0_dense/f1194/splatfacto/2026-08-20_201445/gaussian_features_f1194.csv
  [T1][f1195] computed -> /home/computer0/fly_project/fly_gsplat/outputs/ctrl_009_006_ratio3_sh0_dense_mid200/ratio3_sh0_dense/f1195/splatfacto/2026-08-20_201445/gaussian_features_f1195.csv
  [T1][f1196] computed -> /home/computer0/fly_project/fly_gsplat/outputs/ctrl_009_006_ratio3_sh0_dense_mid200/ratio3_sh0_dense/f1196/splatfacto/2026-08-20_201636/gaussian_features_f1196.csv
  [T1][f1197] computed -> /home/computer0/fly_project/fly_gsplat/outputs/ctrl_009_006_ratio3_sh0_dense_mid200/ratio3_sh0_dense/f1197/splatfacto/2026-08-20_201637/gaussian_features_f1197.csv
  [T1][f1198] computed -> /home/computer0/fly_project/fly_gsplat/outputs/ctrl_009_006_ratio3_sh0_dense_mid200/ratio3_sh0_dense/f1198/splatfacto/2026-08-20_201638/gaussian_features_f1198.csv
  [T1][f1199] computed -> /home/computer0/fly_project/fly_gsplat/outputs/ctrl_009_006_ratio3_sh0_dense_mid200/ratio3_sh0_dense/f1199/splatfacto/2026-08-20_201638/gaussian_features_f1199.csv
  [T1][f1200] computed -> /home/computer0/fly_project/fly_gsplat/outputs/ctrl_009_006_ratio3_sh0_dense_mid200/ratio3_sh0_dense/f1200/splatfacto/2026-08-20_201637/gaussian_features_f1200.csv
  [T1][f1201] computed -> /home/computer0/fly_project/fly_gsplat/outputs/ctrl_009_006_ratio3_sh0_dense_mid200/ratio3_sh0_dense/f1201/splatfacto/2026-08-20_201638/gaussian_features_f1201.csv
  [T1][f1202] computed -> /home/computer0/fly_project/fly_gsplat/outputs/ctrl_009_006_ratio3_sh0_dense_mid200/ratio3_sh0_dense/f1202/splatfacto/2026-08-20_201639/gaussian_features_f1202.csv
  [T1][f1203] computed -> /home/computer0/fly_project/fly_gsplat/outputs/ctrl_009_006_ratio3_sh0_dense_mid200/ratio3_sh0_dense/f1203/splatfacto/2026-08-20_201640/gaussian_features_f1203.csv
  [T1][f1204] computed -> /home/computer0/fly_project/fly_gsplat/outputs/ctrl_009_006_ratio3_sh0_dense_mid200/ratio3_sh0_dense/f1204/splatfacto/2026-08-20_201640/gaussian_features_f1204.csv
  [T1][f1205] computed -> /home/computer0/fly_project/fly_gsplat/outputs/ctrl_009_006_ratio3_sh0_dense_mid200/ratio3_sh0_dense/f1205/splatfacto/2026-08-20_201639/gaussian_features_f1205.csv
  [T1][f1206] computed -> /home/computer0/fly_project/fly_gsplat/outputs/ctrl_009_006_ratio3_sh0_dense_mid200/ratio3_sh0_dense/f1206/splatfacto/2026-08-20_201639/gaussian_features_f1206.csv
  [T1][f1207] computed -> /home/computer0/fly_project/fly_gsplat/outputs/ctrl_009_006_ratio3_sh0_dense_mid200/ratio3_sh0_dense/f1207/splatfacto/2026-08-20_201640/gaussian_features_f1207.csv
  [T1][f1208] computed -> /home/computer0/fly_project/fly_gsplat/outputs/ctrl_009_006_ratio3_sh0_dense_mid200/ratio3_sh0_dense/f1208/splatfacto/2026-08-20_201833/gaussian_features_f1208.csv
  [T1][f1209] computed -> /home/computer0/fly_project/fly_gsplat/outputs/ctrl_009_006_ratio3_sh0_dense_mid200/ratio3_sh0_dense/f1209/splatfacto/2026-08-20_201835/gaussian_features_f1209.csv
  [T1][f1210] computed -> /home/computer0/fly_project/fly_gsplat/outputs/ctrl_009_006_ratio3_sh0_dense_mid200/ratio3_sh0_dense/f1210/splatfacto/2026-08-20_201835/gaussian_features_f1210.csv
  [T1][f1211] computed -> /home/computer0/fly_project/fly_gsplat/outputs/ctrl_009_006_ratio3_sh0_dense_mid200/ratio3_sh0_dense/f1211/splatfacto/2026-08-20_201834/gaussian_features_f1211.csv
  [T1][f1212] computed -> /home/computer0/fly_project/fly_gsplat/outputs/ctrl_009_006_ratio3_sh0_dense_mid200/ratio3_sh0_dense/f1212/splatfacto/2026-08-20_201836/gaussian_features_f1212.csv
  [T1][f1213] computed -> /home/computer0/fly_project/fly_gsplat/outputs/ctrl_009_006_ratio3_sh0_dense_mid200/ratio3_sh0_dense/f1213/splatfacto/2026-08-20_201836/gaussian_features_f1213.csv
  [T1][f1214] computed -> /home/computer0/fly_project/fly_gsplat/outputs/ctrl_009_006_ratio3_sh0_dense_mid200/ratio3_sh0_dense/f1214/splatfacto/2026-08-20_201837/gaussian_features_f1214.csv
  [T1][f1215] computed -> /home/computer0/fly_project/fly_gsplat/outputs/ctrl_009_006_ratio3_sh0_dense_mid200/ratio3_sh0_dense/f1215/splatfacto/2026-08-20_201837/gaussian_features_f1215.csv
  [T1][f1216] computed -> /home/computer0/fly_project/fly_gsplat/outputs/ctrl_009_006_ratio3_sh0_dense_mid200/ratio3_sh0_dense/f1216/splatfacto/2026-08-20_201835/gaussian_features_f1216.csv
  [T1][f1217] computed -> /home/computer0/fly_project/fly_gsplat/outputs/ctrl_009_006_ratio3_sh0_dense_mid200/ratio3_sh0_dense/f1217/splatfacto/2026-08-20_201836/gaussian_features_f1217.csv
  [T1][f1218] computed -> /home/computer0/fly_project/fly_gsplat/outputs/ctrl_009_006_ratio3_sh0_dense_mid200/ratio3_sh0_dense/f1218/splatfacto/2026-08-20_201836/gaussian_features_f1218.csv
  [T1][f1219] computed -> /home/computer0/fly_project/fly_gsplat/outputs/ctrl_009_006_ratio3_sh0_dense_mid200/ratio3_sh0_dense/f1219/splatfacto/2026-08-20_201838/gaussian_features_f1219.csv
  [T1][f1220] computed -> /home/computer0/fly_project/fly_gsplat/outputs/ctrl_009_006_ratio3_sh0_dense_mid200/ratio3_sh0_dense/f1220/splatfacto/2026-08-20_202029/gaussian_features_f1220.csv
  [T1][f1221] computed -> /home/computer0/fly_project/fly_gsplat/outputs/ctrl_009_006_ratio3_sh0_dense_mid200/ratio3_sh0_dense/f1221/splatfacto/2026-08-20_202031/gaussian_features_f1221.csv
  [T1][f1222] computed -> /home/computer0/fly_project/fly_gsplat/outputs/ctrl_009_006_ratio3_sh0_dense_mid200/ratio3_sh0_dense/f1222/splatfacto/2026-08-20_202030/gaussian_features_f1222.csv
  [T1][f1223] computed -> /home/computer0/fly_project/fly_gsplat/outputs/ctrl_009_006_ratio3_sh0_dense_mid200/ratio3_sh0_dense/f1223/splatfacto/2026-08-20_202031/gaussian_features_f1223.csv
  [T1][f1224] computed -> /home/computer0/fly_project/fly_gsplat/outputs/ctrl_009_006_ratio3_sh0_dense_mid200/ratio3_sh0_dense/f1224/splatfacto/2026-08-20_202032/gaussian_features_f1224.csv
  [T1][f1225] computed -> /home/computer0/fly_project/fly_gsplat/outputs/ctrl_009_006_ratio3_sh0_dense_mid200/ratio3_sh0_dense/f1225/splatfacto/2026-08-20_202031/gaussian_features_f1225.csv
  [T1][f1226] computed -> /home/computer0/fly_project/fly_gsplat/outputs/ctrl_009_006_ratio3_sh0_dense_mid200/ratio3_sh0_dense/f1226/splatfacto/2026-08-20_202032/gaussian_features_f1226.csv
  [T1][f1227] computed -> /home/computer0/fly_project/fly_gsplat/outputs/ctrl_009_006_ratio3_sh0_dense_mid200/ratio3_sh0_dense/f1227/splatfacto/2026-08-20_202032/gaussian_features_f1227.csv
  [T1][f1228] computed -> /home/computer0/fly_project/fly_gsplat/outputs/ctrl_009_006_ratio3_sh0_dense_mid200/ratio3_sh0_dense/f1228/splatfacto/2026-08-20_202032/gaussian_features_f1228.csv
  [T1][f1229] computed -> /home/computer0/fly_project/fly_gsplat/outputs/ctrl_009_006_ratio3_sh0_dense_mid200/ratio3_sh0_dense/f1229/splatfacto/2026-08-20_202032/gaussian_features_f1229.csv
  [T1][f1230] computed -> /home/computer0/fly_project/fly_gsplat/outputs/ctrl_009_006_ratio3_sh0_dense_mid200/ratio3_sh0_dense/f1230/splatfacto/2026-08-20_202032/gaussian_features_f1230.csv
  [T1][f1231] computed -> /home/computer0/fly_project/fly_gsplat/outputs/ctrl_009_006_ratio3_sh0_dense_mid200/ratio3_sh0_dense/f1231/splatfacto/2026-08-20_202032/gaussian_features_f1231.csv
  [T1][f1232] computed -> /home/computer0/fly_project/fly_gsplat/outputs/ctrl_009_006_ratio3_sh0_dense_mid200/ratio3_sh0_dense/f1232/splatfacto/2026-08-20_202228/gaussian_features_f1232.csv
  [T1][f1233] computed -> /home/computer0/fly_project/fly_gsplat/outputs/ctrl_009_006_ratio3_sh0_dense_mid200/ratio3_sh0_dense/f1233/splatfacto/2026-08-20_202229/gaussian_features_f1233.csv
  [T1][f1234] computed -> /home/computer0/fly_project/fly_gsplat/outputs/ctrl_009_006_ratio3_sh0_dense_mid200/ratio3_sh0_dense/f1234/splatfacto/2026-08-20_202229/gaussian_features_f1234.csv
  [T1][f1235] computed -> /home/computer0/fly_project/fly_gsplat/outputs/ctrl_009_006_ratio3_sh0_dense_mid200/ratio3_sh0_dense/f1235/splatfacto/2026-08-20_202230/gaussian_features_f1235.csv
  [T1][f1236] computed -> /home/computer0/fly_project/fly_gsplat/outputs/ctrl_009_006_ratio3_sh0_dense_mid200/ratio3_sh0_dense/f1236/splatfacto/2026-08-20_202229/gaussian_features_f1236.csv
  [T1][f1237] computed -> /home/computer0/fly_project/fly_gsplat/outputs/ctrl_009_006_ratio3_sh0_dense_mid200/ratio3_sh0_dense/f1237/splatfacto/2026-08-20_202229/gaussian_features_f1237.csv
  [T1][f1238] computed -> /home/computer0/fly_project/fly_gsplat/outputs/ctrl_009_006_ratio3_sh0_dense_mid200/ratio3_sh0_dense/f1238/splatfacto/2026-08-20_202229/gaussian_features_f1238.csv
  [T1][f1239] computed -> /home/computer0/fly_project/fly_gsplat/outputs/ctrl_009_006_ratio3_sh0_dense_mid200/ratio3_sh0_dense/f1239/splatfacto/2026-08-20_202230/gaussian_features_f1239.csv
  [T1][f1240] computed -> /home/computer0/fly_project/fly_gsplat/outputs/ctrl_009_006_ratio3_sh0_dense_mid200/ratio3_sh0_dense/f1240/splatfacto/2026-08-20_202231/gaussian_features_f1240.csv
  [T1][f1241] computed -> /home/computer0/fly_project/fly_gsplat/outputs/ctrl_009_006_ratio3_sh0_dense_mid200/ratio3_sh0_dense/f1241/splatfacto/2026-08-20_202230/gaussian_features_f1241.csv
  [T1][f1242] computed -> /home/computer0/fly_project/fly_gsplat/outputs/ctrl_009_006_ratio3_sh0_dense_mid200/ratio3_sh0_dense/f1242/splatfacto/2026-08-20_202231/gaussian_features_f1242.csv
  [T1][f1243] computed -> /home/computer0/fly_project/fly_gsplat/outputs/ctrl_009_006_ratio3_sh0_dense_mid200/ratio3_sh0_dense/f1243/splatfacto/2026-08-20_202231/gaussian_features_f1243.csv
  [T1][f1244] computed -> /home/computer0/fly_project/fly_gsplat/outputs/ctrl_009_006_ratio3_sh0_dense_mid200/ratio3_sh0_dense/f1244/splatfacto/2026-08-20_202424/gaussian_features_f1244.csv
  [T1][f1245] computed -> /home/computer0/fly_project/fly_gsplat/outputs/ctrl_009_006_ratio3_sh0_dense_mid200/ratio3_sh0_dense/f1245/splatfacto/2026-08-20_202424/gaussian_features_f1245.csv
  [T1][f1246] computed -> /home/computer0/fly_project/fly_gsplat/outputs/ctrl_009_006_ratio3_sh0_dense_mid200/ratio3_sh0_dense/f1246/splatfacto/2026-08-20_202424/gaussian_features_f1246.csv
  [T1][f1247] computed -> /home/computer0/fly_project/fly_gsplat/outputs/ctrl_009_006_ratio3_sh0_dense_mid200/ratio3_sh0_dense/f1247/splatfacto/2026-08-20_202423/gaussian_features_f1247.csv
  [T1][f1248] computed -> /home/computer0/fly_project/fly_gsplat/outputs/ctrl_009_006_ratio3_sh0_dense_mid200/ratio3_sh0_dense/f1248/splatfacto/2026-08-20_202424/gaussian_features_f1248.csv
  [T1][f1249] computed -> /home/computer0/fly_project/fly_gsplat/outputs/ctrl_009_006_ratio3_sh0_dense_mid200/ratio3_sh0_dense/f1249/splatfacto/2026-08-20_202424/gaussian_features_f1249.csv
  [T1][f1250] computed -> /home/computer0/fly_project/fly_gsplat/outputs/ctrl_009_006_ratio3_sh0_dense_mid200/ratio3_sh0_dense/f1250/splatfacto/2026-08-20_202425/gaussian_features_f1250.csv
  [T1][f1251] computed -> /home/computer0/fly_project/fly_gsplat/outputs/ctrl_009_006_ratio3_sh0_dense_mid200/ratio3_sh0_dense/f1251/splatfacto/2026-08-20_202425/gaussian_features_f1251.csv
  [T1][f1252] computed -> /home/computer0/fly_project/fly_gsplat/outputs/ctrl_009_006_ratio3_sh0_dense_mid200/ratio3_sh0_dense/f1252/splatfacto/2026-08-20_202425/gaussian_features_f1252.csv
  [T1][f1253] computed -> /home/computer0/fly_project/fly_gsplat/outputs/ctrl_009_006_ratio3_sh0_dense_mid200/ratio3_sh0_dense/f1253/splatfacto/2026-08-20_202424/gaussian_features_f1253.csv
  [T1][f1254] computed -> /home/computer0/fly_project/fly_gsplat/outputs/ctrl_009_006_ratio3_sh0_dense_mid200/ratio3_sh0_dense/f1254/splatfacto/2026-08-20_202427/gaussian_features_f1254.csv
  [T1][f1255] computed -> /home/computer0/fly_project/fly_gsplat/outputs/ctrl_009_006_ratio3_sh0_dense_mid200/ratio3_sh0_dense/f1255/splatfacto/2026-08-20_202426/gaussian_features_f1255.csv
  [T1][f1256] computed -> /home/computer0/fly_project/fly_gsplat/outputs/ctrl_009_006_ratio3_sh0_dense_mid200/ratio3_sh0_dense/f1256/splatfacto/2026-08-20_202618/gaussian_features_f1256.csv
  [T1][f1257] computed -> /home/computer0/fly_project/fly_gsplat/outputs/ctrl_009_006_ratio3_sh0_dense_mid200/ratio3_sh0_dense/f1257/splatfacto/2026-08-20_202618/gaussian_features_f1257.csv
  [T1][f1258] computed -> /home/computer0/fly_project/fly_gsplat/outputs/ctrl_009_006_ratio3_sh0_dense_mid200/ratio3_sh0_dense/f1258/splatfacto/2026-08-20_202618/gaussian_features_f1258.csv
  [T1][f1259] computed -> /home/computer0/fly_project/fly_gsplat/outputs/ctrl_009_006_ratio3_sh0_dense_mid200/ratio3_sh0_dense/f1259/splatfacto/2026-08-20_202618/gaussian_features_f1259.csv
  [T1][f1260] computed -> /home/computer0/fly_project/fly_gsplat/outputs/ctrl_009_006_ratio3_sh0_dense_mid200/ratio3_sh0_dense/f1260/splatfacto/2026-08-20_202619/gaussian_features_f1260.csv
  [T1][f1261] computed -> /home/computer0/fly_project/fly_gsplat/outputs/ctrl_009_006_ratio3_sh0_dense_mid200/ratio3_sh0_dense/f1261/splatfacto/2026-08-20_202620/gaussian_features_f1261.csv
  [T1][f1262] computed -> /home/computer0/fly_project/fly_gsplat/outputs/ctrl_009_006_ratio3_sh0_dense_mid200/ratio3_sh0_dense/f1262/splatfacto/2026-08-20_202620/gaussian_features_f1262.csv
  [T1][f1263] computed -> /home/computer0/fly_project/fly_gsplat/outputs/ctrl_009_006_ratio3_sh0_dense_mid200/ratio3_sh0_dense/f1263/splatfacto/2026-08-20_202620/gaussian_features_f1263.csv
  [T1][f1264] computed -> /home/computer0/fly_project/fly_gsplat/outputs/ctrl_009_006_ratio3_sh0_dense_mid200/ratio3_sh0_dense/f1264/splatfacto/2026-08-20_202619/gaussian_features_f1264.csv
  [T1][f1265] computed -> /home/computer0/fly_project/fly_gsplat/outputs/ctrl_009_006_ratio3_sh0_dense_mid200/ratio3_sh0_dense/f1265/splatfacto/2026-08-20_202620/gaussian_features_f1265.csv
  [T1][f1266] computed -> /home/computer0/fly_project/fly_gsplat/outputs/ctrl_009_006_ratio3_sh0_dense_mid200/ratio3_sh0_dense/f1266/splatfacto/2026-08-20_202620/gaussian_features_f1266.csv
  [T1][f1267] computed -> /home/computer0/fly_project/fly_gsplat/outputs/ctrl_009_006_ratio3_sh0_dense_mid200/ratio3_sh0_dense/f1267/splatfacto/2026-08-20_202620/gaussian_features_f1267.csv
  [T1][f1268] computed -> /home/computer0/fly_project/fly_gsplat/outputs/ctrl_009_006_ratio3_sh0_dense_mid200/ratio3_sh0_dense/f1268/splatfacto/2026-08-20_202815/gaussian_features_f1268.csv
  [T1][f1269] computed -> /home/computer0/fly_project/fly_gsplat/outputs/ctrl_009_006_ratio3_sh0_dense_mid200/ratio3_sh0_dense/f1269/splatfacto/2026-08-20_202816/gaussian_features_f1269.csv
  [T1][f1270] computed -> /home/computer0/fly_project/fly_gsplat/outputs/ctrl_009_006_ratio3_sh0_dense_mid200/ratio3_sh0_dense/f1270/splatfacto/2026-08-20_202816/gaussian_features_f1270.csv
  [T1][f1271] computed -> /home/computer0/fly_project/fly_gsplat/outputs/ctrl_009_006_ratio3_sh0_dense_mid200/ratio3_sh0_dense/f1271/splatfacto/2026-08-20_202816/gaussian_features_f1271.csv
  [T1][f1272] computed -> /home/computer0/fly_project/fly_gsplat/outputs/ctrl_009_006_ratio3_sh0_dense_mid200/ratio3_sh0_dense/f1272/splatfacto/2026-08-20_202816/gaussian_features_f1272.csv
  [T1][f1273] computed -> /home/computer0/fly_project/fly_gsplat/outputs/ctrl_009_006_ratio3_sh0_dense_mid200/ratio3_sh0_dense/f1273/splatfacto/2026-08-20_202817/gaussian_features_f1273.csv
  [T1][f1274] computed -> /home/computer0/fly_project/fly_gsplat/outputs/ctrl_009_006_ratio3_sh0_dense_mid200/ratio3_sh0_dense/f1274/splatfacto/2026-08-20_202816/gaussian_features_f1274.csv
  [T1][f1275] computed -> /home/computer0/fly_project/fly_gsplat/outputs/ctrl_009_006_ratio3_sh0_dense_mid200/ratio3_sh0_dense/f1275/splatfacto/2026-08-20_202816/gaussian_features_f1275.csv
  [T1][f1276] computed -> /home/computer0/fly_project/fly_gsplat/outputs/ctrl_009_006_ratio3_sh0_dense_mid200/ratio3_sh0_dense/f1276/splatfacto/2026-08-20_202818/gaussian_features_f1276.csv
  [T1][f1277] computed -> /home/computer0/fly_project/fly_gsplat/outputs/ctrl_009_006_ratio3_sh0_dense_mid200/ratio3_sh0_dense/f1277/splatfacto/2026-08-20_202816/gaussian_features_f1277.csv
  [T1][f1278] computed -> /home/computer0/fly_project/fly_gsplat/outputs/ctrl_009_006_ratio3_sh0_dense_mid200/ratio3_sh0_dense/f1278/splatfacto/2026-08-20_202817/gaussian_features_f1278.csv
  [T1][f1279] computed -> /home/computer0/fly_project/fly_gsplat/outputs/ctrl_009_006_ratio3_sh0_dense_mid200/ratio3_sh0_dense/f1279/splatfacto/2026-08-20_202818/gaussian_features_f1279.csv
  [T1][f1280] computed -> /home/computer0/fly_project/fly_gsplat/outputs/ctrl_009_006_ratio3_sh0_dense_mid200/ratio3_sh0_dense/f1280/splatfacto/2026-08-20_203009/gaussian_features_f1280.csv
  [T1][f1281] computed -> /home/computer0/fly_project/fly_gsplat/outputs/ctrl_009_006_ratio3_sh0_dense_mid200/ratio3_sh0_dense/f1281/splatfacto/2026-08-20_203011/gaussian_features_f1281.csv
  [T1][f1282] computed -> /home/computer0/fly_project/fly_gsplat/outputs/ctrl_009_006_ratio3_sh0_dense_mid200/ratio3_sh0_dense/f1282/splatfacto/2026-08-20_203010/gaussian_features_f1282.csv
  [T1][f1283] computed -> /home/computer0/fly_project/fly_gsplat/outputs/ctrl_009_006_ratio3_sh0_dense_mid200/ratio3_sh0_dense/f1283/splatfacto/2026-08-20_203010/gaussian_features_f1283.csv
  [T1][f1284] computed -> /home/computer0/fly_project/fly_gsplat/outputs/ctrl_009_006_ratio3_sh0_dense_mid200/ratio3_sh0_dense/f1284/splatfacto/2026-08-20_203011/gaussian_features_f1284.csv
  [T1][f1285] computed -> /home/computer0/fly_project/fly_gsplat/outputs/ctrl_009_006_ratio3_sh0_dense_mid200/ratio3_sh0_dense/f1285/splatfacto/2026-08-20_203012/gaussian_features_f1285.csv
  [T1][f1286] computed -> /home/computer0/fly_project/fly_gsplat/outputs/ctrl_009_006_ratio3_sh0_dense_mid200/ratio3_sh0_dense/f1286/splatfacto/2026-08-20_203012/gaussian_features_f1286.csv
  [T1][f1287] computed -> /home/computer0/fly_project/fly_gsplat/outputs/ctrl_009_006_ratio3_sh0_dense_mid200/ratio3_sh0_dense/f1287/splatfacto/2026-08-20_203011/gaussian_features_f1287.csv
  [T1][f1288] computed -> /home/computer0/fly_project/fly_gsplat/outputs/ctrl_009_006_ratio3_sh0_dense_mid200/ratio3_sh0_dense/f1288/splatfacto/2026-08-20_203011/gaussian_features_f1288.csv
  [T1][f1289] computed -> /home/computer0/fly_project/fly_gsplat/outputs/ctrl_009_006_ratio3_sh0_dense_mid200/ratio3_sh0_dense/f1289/splatfacto/2026-08-20_203012/gaussian_features_f1289.csv
  [T1][f1290] computed -> /home/computer0/fly_project/fly_gsplat/outputs/ctrl_009_006_ratio3_sh0_dense_mid200/ratio3_sh0_dense/f1290/splatfacto/2026-08-20_203012/gaussian_features_f1290.csv
  [T1][f1291] computed -> /home/computer0/fly_project/fly_gsplat/outputs/ctrl_009_006_ratio3_sh0_dense_mid200/ratio3_sh0_dense/f1291/splatfacto/2026-08-20_203011/gaussian_features_f1291.csv
  [T1][f1292] computed -> /home/computer0/fly_project/fly_gsplat/outputs/ctrl_009_006_ratio3_sh0_dense_mid200/ratio3_sh0_dense/f1292/splatfacto/2026-08-20_203203/gaussian_features_f1292.csv
  [T1][f1293] computed -> /home/computer0/fly_project/fly_gsplat/outputs/ctrl_009_006_ratio3_sh0_dense_mid200/ratio3_sh0_dense/f1293/splatfacto/2026-08-20_203205/gaussian_features_f1293.csv
  [T1][f1294] computed -> /home/computer0/fly_project/fly_gsplat/outputs/ctrl_009_006_ratio3_sh0_dense_mid200/ratio3_sh0_dense/f1294/splatfacto/2026-08-20_203204/gaussian_features_f1294.csv
  [T1][f1295] computed -> /home/computer0/fly_project/fly_gsplat/outputs/ctrl_009_006_ratio3_sh0_dense_mid200/ratio3_sh0_dense/f1295/splatfacto/2026-08-20_203206/gaussian_features_f1295.csv
  [T1][f1296] computed -> /home/computer0/fly_project/fly_gsplat/outputs/ctrl_009_006_ratio3_sh0_dense_mid200/ratio3_sh0_dense/f1296/splatfacto/2026-08-20_203205/gaussian_features_f1296.csv
  [T1][f1297] computed -> /home/computer0/fly_project/fly_gsplat/outputs/ctrl_009_006_ratio3_sh0_dense_mid200/ratio3_sh0_dense/f1297/splatfacto/2026-08-20_203206/gaussian_features_f1297.csv
  [T1][f1298] computed -> /home/computer0/fly_project/fly_gsplat/outputs/ctrl_009_006_ratio3_sh0_dense_mid200/ratio3_sh0_dense/f1298/splatfacto/2026-08-20_203207/gaussian_features_f1298.csv
  [T1][f1299] computed -> /home/computer0/fly_project/fly_gsplat/outputs/ctrl_009_006_ratio3_sh0_dense_mid200/ratio3_sh0_dense/f1299/splatfacto/2026-08-20_203205/gaussian_features_f1299.csv

  [T2] mark_floaters (cleaning) ...
[f1100] n_total=721 n_floater=88 (12.2%) mid_10_17=[] saved -> /home/computer0/fly_project/fly_gsplat/outputs/ctrl_009_006_ratio3_sh0_dense_mid200/ratio3_sh0_dense/f1100/splatfacto/2026-08-20_200104/gaussian_features_f1100_marked.csv
[f1101] n_total=710 n_floater=77 (10.8%) mid_10_17=[] saved -> /home/computer0/fly_project/fly_gsplat/outputs/ctrl_009_006_ratio3_sh0_dense_mid200/ratio3_sh0_dense/f1101/splatfacto/2026-08-20_200105/gaussian_features_f1101_marked.csv
[f1102] n_total=727 n_floater=94 (12.9%) mid_10_17=[13] saved -> /home/computer0/fly_project/fly_gsplat/outputs/ctrl_009_006_ratio3_sh0_dense_mid200/ratio3_sh0_dense/f1102/splatfacto/2026-08-20_200105/gaussian_features_f1102_marked.csv
[f1103] n_total=710 n_floater=75 (10.6%) mid_10_17=[] saved -> /home/computer0/fly_project/fly_gsplat/outputs/ctrl_009_006_ratio3_sh0_dense_mid200/ratio3_sh0_dense/f1103/splatfacto/2026-08-20_200103/gaussian_features_f1103_marked.csv
[f1104] n_total=726 n_floater=88 (12.1%) mid_10_17=[] saved -> /home/computer0/fly_project/fly_gsplat/outputs/ctrl_009_006_ratio3_sh0_dense_mid200/ratio3_sh0_dense/f1104/splatfacto/2026-08-20_200105/gaussian_features_f1104_marked.csv
[f1105] n_total=665 n_floater=76 (11.4%) mid_10_17=[] saved -> /home/computer0/fly_project/fly_gsplat/outputs/ctrl_009_006_ratio3_sh0_dense_mid200/ratio3_sh0_dense/f1105/splatfacto/2026-08-20_200104/gaussian_features_f1105_marked.csv
[f1106] n_total=671 n_floater=91 (13.6%) mid_10_17=[] saved -> /home/computer0/fly_project/fly_gsplat/outputs/ctrl_009_006_ratio3_sh0_dense_mid200/ratio3_sh0_dense/f1106/splatfacto/2026-08-20_200104/gaussian_features_f1106_marked.csv
[f1107] n_total=625 n_floater=60 (9.6%) mid_10_17=[] saved -> /home/computer0/fly_project/fly_gsplat/outputs/ctrl_009_006_ratio3_sh0_dense_mid200/ratio3_sh0_dense/f1107/splatfacto/2026-08-20_200105/gaussian_features_f1107_marked.csv
[f1108] n_total=621 n_floater=81 (13.0%) mid_10_17=[] saved -> /home/computer0/fly_project/fly_gsplat/outputs/ctrl_009_006_ratio3_sh0_dense_mid200/ratio3_sh0_dense/f1108/splatfacto/2026-08-20_200104/gaussian_features_f1108_marked.csv
[f1109] n_total=654 n_floater=93 (14.2%) mid_10_17=[] saved -> /home/computer0/fly_project/fly_gsplat/outputs/ctrl_009_006_ratio3_sh0_dense_mid200/ratio3_sh0_dense/f1109/splatfacto/2026-08-20_200105/gaussian_features_f1109_marked.csv
[f1110] n_total=675 n_floater=78 (11.6%) mid_10_17=[] saved -> /home/computer0/fly_project/fly_gsplat/outputs/ctrl_009_006_ratio3_sh0_dense_mid200/ratio3_sh0_dense/f1110/splatfacto/2026-08-20_200105/gaussian_features_f1110_marked.csv
[f1111] n_total=693 n_floater=106 (15.3%) mid_10_17=[] saved -> /home/computer0/fly_project/fly_gsplat/outputs/ctrl_009_006_ratio3_sh0_dense_mid200/ratio3_sh0_dense/f1111/splatfacto/2026-08-20_200105/gaussian_features_f1111_marked.csv
[f1112] n_total=706 n_floater=102 (14.4%) mid_10_17=[12] saved -> /home/computer0/fly_project/fly_gsplat/outputs/ctrl_009_006_ratio3_sh0_dense_mid200/ratio3_sh0_dense/f1112/splatfacto/2026-08-20_200301/gaussian_features_f1112_marked.csv
[f1113] n_total=709 n_floater=79 (11.1%) mid_10_17=[12] saved -> /home/computer0/fly_project/fly_gsplat/outputs/ctrl_009_006_ratio3_sh0_dense_mid200/ratio3_sh0_dense/f1113/splatfacto/2026-08-20_200301/gaussian_features_f1113_marked.csv
[f1114] n_total=698 n_floater=84 (12.0%) mid_10_17=[] saved -> /home/computer0/fly_project/fly_gsplat/outputs/ctrl_009_006_ratio3_sh0_dense_mid200/ratio3_sh0_dense/f1114/splatfacto/2026-08-20_200302/gaussian_features_f1114_marked.csv
[f1115] n_total=745 n_floater=111 (14.9%) mid_10_17=[] saved -> /home/computer0/fly_project/fly_gsplat/outputs/ctrl_009_006_ratio3_sh0_dense_mid200/ratio3_sh0_dense/f1115/splatfacto/2026-08-20_200302/gaussian_features_f1115_marked.csv
[f1116] n_total=665 n_floater=88 (13.2%) mid_10_17=[] saved -> /home/computer0/fly_project/fly_gsplat/outputs/ctrl_009_006_ratio3_sh0_dense_mid200/ratio3_sh0_dense/f1116/splatfacto/2026-08-20_200302/gaussian_features_f1116_marked.csv
[f1117] n_total=653 n_floater=90 (13.8%) mid_10_17=[] saved -> /home/computer0/fly_project/fly_gsplat/outputs/ctrl_009_006_ratio3_sh0_dense_mid200/ratio3_sh0_dense/f1117/splatfacto/2026-08-20_200302/gaussian_features_f1117_marked.csv
[f1118] n_total=606 n_floater=76 (12.5%) mid_10_17=[] saved -> /home/computer0/fly_project/fly_gsplat/outputs/ctrl_009_006_ratio3_sh0_dense_mid200/ratio3_sh0_dense/f1118/splatfacto/2026-08-20_200303/gaussian_features_f1118_marked.csv
[f1119] n_total=626 n_floater=89 (14.2%) mid_10_17=[] saved -> /home/computer0/fly_project/fly_gsplat/outputs/ctrl_009_006_ratio3_sh0_dense_mid200/ratio3_sh0_dense/f1119/splatfacto/2026-08-20_200303/gaussian_features_f1119_marked.csv
[f1120] n_total=720 n_floater=92 (12.8%) mid_10_17=[] saved -> /home/computer0/fly_project/fly_gsplat/outputs/ctrl_009_006_ratio3_sh0_dense_mid200/ratio3_sh0_dense/f1120/splatfacto/2026-08-20_200303/gaussian_features_f1120_marked.csv
[f1121] n_total=710 n_floater=103 (14.5%) mid_10_17=[] saved -> /home/computer0/fly_project/fly_gsplat/outputs/ctrl_009_006_ratio3_sh0_dense_mid200/ratio3_sh0_dense/f1121/splatfacto/2026-08-20_200303/gaussian_features_f1121_marked.csv
[f1122] n_total=704 n_floater=87 (12.4%) mid_10_17=[] saved -> /home/computer0/fly_project/fly_gsplat/outputs/ctrl_009_006_ratio3_sh0_dense_mid200/ratio3_sh0_dense/f1122/splatfacto/2026-08-20_200302/gaussian_features_f1122_marked.csv
[f1123] n_total=676 n_floater=80 (11.8%) mid_10_17=[] saved -> /home/computer0/fly_project/fly_gsplat/outputs/ctrl_009_006_ratio3_sh0_dense_mid200/ratio3_sh0_dense/f1123/splatfacto/2026-08-20_200303/gaussian_features_f1123_marked.csv
[f1124] n_total=693 n_floater=97 (14.0%) mid_10_17=[16] saved -> /home/computer0/fly_project/fly_gsplat/outputs/ctrl_009_006_ratio3_sh0_dense_mid200/ratio3_sh0_dense/f1124/splatfacto/2026-08-20_200457/gaussian_features_f1124_marked.csv
[f1125] n_total=832 n_floater=89 (10.7%) mid_10_17=[] saved -> /home/computer0/fly_project/fly_gsplat/outputs/ctrl_009_006_ratio3_sh0_dense_mid200/ratio3_sh0_dense/f1125/splatfacto/2026-08-20_200458/gaussian_features_f1125_marked.csv
[f1126] n_total=790 n_floater=104 (13.2%) mid_10_17=[] saved -> /home/computer0/fly_project/fly_gsplat/outputs/ctrl_009_006_ratio3_sh0_dense_mid200/ratio3_sh0_dense/f1126/splatfacto/2026-08-20_200459/gaussian_features_f1126_marked.csv
[f1127] n_total=812 n_floater=121 (14.9%) mid_10_17=[] saved -> /home/computer0/fly_project/fly_gsplat/outputs/ctrl_009_006_ratio3_sh0_dense_mid200/ratio3_sh0_dense/f1127/splatfacto/2026-08-20_200459/gaussian_features_f1127_marked.csv
[f1128] n_total=896 n_floater=120 (13.4%) mid_10_17=[] saved -> /home/computer0/fly_project/fly_gsplat/outputs/ctrl_009_006_ratio3_sh0_dense_mid200/ratio3_sh0_dense/f1128/splatfacto/2026-08-20_200459/gaussian_features_f1128_marked.csv
[f1129] n_total=967 n_floater=116 (12.0%) mid_10_17=[13] saved -> /home/computer0/fly_project/fly_gsplat/outputs/ctrl_009_006_ratio3_sh0_dense_mid200/ratio3_sh0_dense/f1129/splatfacto/2026-08-20_200458/gaussian_features_f1129_marked.csv
[f1130] n_total=980 n_floater=100 (10.2%) mid_10_17=[] saved -> /home/computer0/fly_project/fly_gsplat/outputs/ctrl_009_006_ratio3_sh0_dense_mid200/ratio3_sh0_dense/f1130/splatfacto/2026-08-20_200458/gaussian_features_f1130_marked.csv
[f1131] n_total=984 n_floater=132 (13.4%) mid_10_17=[] saved -> /home/computer0/fly_project/fly_gsplat/outputs/ctrl_009_006_ratio3_sh0_dense_mid200/ratio3_sh0_dense/f1131/splatfacto/2026-08-20_200500/gaussian_features_f1131_marked.csv
[f1132] n_total=866 n_floater=135 (15.6%) mid_10_17=[] saved -> /home/computer0/fly_project/fly_gsplat/outputs/ctrl_009_006_ratio3_sh0_dense_mid200/ratio3_sh0_dense/f1132/splatfacto/2026-08-20_200459/gaussian_features_f1132_marked.csv
[f1133] n_total=764 n_floater=92 (12.0%) mid_10_17=[] saved -> /home/computer0/fly_project/fly_gsplat/outputs/ctrl_009_006_ratio3_sh0_dense_mid200/ratio3_sh0_dense/f1133/splatfacto/2026-08-20_200500/gaussian_features_f1133_marked.csv
[f1134] n_total=736 n_floater=68 (9.2%) mid_10_17=[] saved -> /home/computer0/fly_project/fly_gsplat/outputs/ctrl_009_006_ratio3_sh0_dense_mid200/ratio3_sh0_dense/f1134/splatfacto/2026-08-20_200459/gaussian_features_f1134_marked.csv
[f1135] n_total=791 n_floater=107 (13.5%) mid_10_17=[] saved -> /home/computer0/fly_project/fly_gsplat/outputs/ctrl_009_006_ratio3_sh0_dense_mid200/ratio3_sh0_dense/f1135/splatfacto/2026-08-20_200459/gaussian_features_f1135_marked.csv
[f1136] n_total=779 n_floater=87 (11.2%) mid_10_17=[] saved -> /home/computer0/fly_project/fly_gsplat/outputs/ctrl_009_006_ratio3_sh0_dense_mid200/ratio3_sh0_dense/f1136/splatfacto/2026-08-20_200653/gaussian_features_f1136_marked.csv
[f1137] n_total=818 n_floater=89 (10.9%) mid_10_17=[] saved -> /home/computer0/fly_project/fly_gsplat/outputs/ctrl_009_006_ratio3_sh0_dense_mid200/ratio3_sh0_dense/f1137/splatfacto/2026-08-20_200653/gaussian_features_f1137_marked.csv
[f1138] n_total=837 n_floater=108 (12.9%) mid_10_17=[] saved -> /home/computer0/fly_project/fly_gsplat/outputs/ctrl_009_006_ratio3_sh0_dense_mid200/ratio3_sh0_dense/f1138/splatfacto/2026-08-20_200654/gaussian_features_f1138_marked.csv
[f1139] n_total=772 n_floater=93 (12.0%) mid_10_17=[] saved -> /home/computer0/fly_project/fly_gsplat/outputs/ctrl_009_006_ratio3_sh0_dense_mid200/ratio3_sh0_dense/f1139/splatfacto/2026-08-20_200654/gaussian_features_f1139_marked.csv
[f1140] n_total=770 n_floater=101 (13.1%) mid_10_17=[] saved -> /home/computer0/fly_project/fly_gsplat/outputs/ctrl_009_006_ratio3_sh0_dense_mid200/ratio3_sh0_dense/f1140/splatfacto/2026-08-20_200655/gaussian_features_f1140_marked.csv
[f1141] n_total=697 n_floater=78 (11.2%) mid_10_17=[] saved -> /home/computer0/fly_project/fly_gsplat/outputs/ctrl_009_006_ratio3_sh0_dense_mid200/ratio3_sh0_dense/f1141/splatfacto/2026-08-20_200655/gaussian_features_f1141_marked.csv
[f1142] n_total=760 n_floater=94 (12.4%) mid_10_17=[] saved -> /home/computer0/fly_project/fly_gsplat/outputs/ctrl_009_006_ratio3_sh0_dense_mid200/ratio3_sh0_dense/f1142/splatfacto/2026-08-20_200655/gaussian_features_f1142_marked.csv
[f1143] n_total=821 n_floater=94 (11.4%) mid_10_17=[] saved -> /home/computer0/fly_project/fly_gsplat/outputs/ctrl_009_006_ratio3_sh0_dense_mid200/ratio3_sh0_dense/f1143/splatfacto/2026-08-20_200655/gaussian_features_f1143_marked.csv
[f1144] n_total=800 n_floater=98 (12.2%) mid_10_17=[] saved -> /home/computer0/fly_project/fly_gsplat/outputs/ctrl_009_006_ratio3_sh0_dense_mid200/ratio3_sh0_dense/f1144/splatfacto/2026-08-20_200656/gaussian_features_f1144_marked.csv
[f1145] n_total=821 n_floater=77 (9.4%) mid_10_17=[] saved -> /home/computer0/fly_project/fly_gsplat/outputs/ctrl_009_006_ratio3_sh0_dense_mid200/ratio3_sh0_dense/f1145/splatfacto/2026-08-20_200656/gaussian_features_f1145_marked.csv
[f1146] n_total=794 n_floater=89 (11.2%) mid_10_17=[] saved -> /home/computer0/fly_project/fly_gsplat/outputs/ctrl_009_006_ratio3_sh0_dense_mid200/ratio3_sh0_dense/f1146/splatfacto/2026-08-20_200656/gaussian_features_f1146_marked.csv
[f1147] n_total=716 n_floater=71 (9.9%) mid_10_17=[] saved -> /home/computer0/fly_project/fly_gsplat/outputs/ctrl_009_006_ratio3_sh0_dense_mid200/ratio3_sh0_dense/f1147/splatfacto/2026-08-20_200656/gaussian_features_f1147_marked.csv
[f1148] n_total=828 n_floater=120 (14.5%) mid_10_17=[13] saved -> /home/computer0/fly_project/fly_gsplat/outputs/ctrl_009_006_ratio3_sh0_dense_mid200/ratio3_sh0_dense/f1148/splatfacto/2026-08-20_200852/gaussian_features_f1148_marked.csv
[f1149] n_total=828 n_floater=113 (13.6%) mid_10_17=[] saved -> /home/computer0/fly_project/fly_gsplat/outputs/ctrl_009_006_ratio3_sh0_dense_mid200/ratio3_sh0_dense/f1149/splatfacto/2026-08-20_200852/gaussian_features_f1149_marked.csv
[f1150] n_total=774 n_floater=93 (12.0%) mid_10_17=[] saved -> /home/computer0/fly_project/fly_gsplat/outputs/ctrl_009_006_ratio3_sh0_dense_mid200/ratio3_sh0_dense/f1150/splatfacto/2026-08-20_200852/gaussian_features_f1150_marked.csv
[f1151] n_total=784 n_floater=92 (11.7%) mid_10_17=[] saved -> /home/computer0/fly_project/fly_gsplat/outputs/ctrl_009_006_ratio3_sh0_dense_mid200/ratio3_sh0_dense/f1151/splatfacto/2026-08-20_200852/gaussian_features_f1151_marked.csv
[f1152] n_total=736 n_floater=111 (15.1%) mid_10_17=[12] saved -> /home/computer0/fly_project/fly_gsplat/outputs/ctrl_009_006_ratio3_sh0_dense_mid200/ratio3_sh0_dense/f1152/splatfacto/2026-08-20_200853/gaussian_features_f1152_marked.csv
[f1153] n_total=696 n_floater=85 (12.2%) mid_10_17=[] saved -> /home/computer0/fly_project/fly_gsplat/outputs/ctrl_009_006_ratio3_sh0_dense_mid200/ratio3_sh0_dense/f1153/splatfacto/2026-08-20_200853/gaussian_features_f1153_marked.csv
[f1154] n_total=694 n_floater=78 (11.2%) mid_10_17=[11] saved -> /home/computer0/fly_project/fly_gsplat/outputs/ctrl_009_006_ratio3_sh0_dense_mid200/ratio3_sh0_dense/f1154/splatfacto/2026-08-20_200853/gaussian_features_f1154_marked.csv
[f1155] n_total=748 n_floater=83 (11.1%) mid_10_17=[] saved -> /home/computer0/fly_project/fly_gsplat/outputs/ctrl_009_006_ratio3_sh0_dense_mid200/ratio3_sh0_dense/f1155/splatfacto/2026-08-20_200855/gaussian_features_f1155_marked.csv
[f1156] n_total=698 n_floater=103 (14.8%) mid_10_17=[] saved -> /home/computer0/fly_project/fly_gsplat/outputs/ctrl_009_006_ratio3_sh0_dense_mid200/ratio3_sh0_dense/f1156/splatfacto/2026-08-20_200855/gaussian_features_f1156_marked.csv
[f1157] n_total=708 n_floater=113 (16.0%) mid_10_17=[14, 15] saved -> /home/computer0/fly_project/fly_gsplat/outputs/ctrl_009_006_ratio3_sh0_dense_mid200/ratio3_sh0_dense/f1157/splatfacto/2026-08-20_200855/gaussian_features_f1157_marked.csv
[f1158] n_total=788 n_floater=92 (11.7%) mid_10_17=[] saved -> /home/computer0/fly_project/fly_gsplat/outputs/ctrl_009_006_ratio3_sh0_dense_mid200/ratio3_sh0_dense/f1158/splatfacto/2026-08-20_200856/gaussian_features_f1158_marked.csv
[f1159] n_total=768 n_floater=122 (15.9%) mid_10_17=[15] saved -> /home/computer0/fly_project/fly_gsplat/outputs/ctrl_009_006_ratio3_sh0_dense_mid200/ratio3_sh0_dense/f1159/splatfacto/2026-08-20_200853/gaussian_features_f1159_marked.csv
[f1160] n_total=808 n_floater=120 (14.9%) mid_10_17=[] saved -> /home/computer0/fly_project/fly_gsplat/outputs/ctrl_009_006_ratio3_sh0_dense_mid200/ratio3_sh0_dense/f1160/splatfacto/2026-08-20_201049/gaussian_features_f1160_marked.csv
[f1161] n_total=630 n_floater=73 (11.6%) mid_10_17=[] saved -> /home/computer0/fly_project/fly_gsplat/outputs/ctrl_009_006_ratio3_sh0_dense_mid200/ratio3_sh0_dense/f1161/splatfacto/2026-08-20_201048/gaussian_features_f1161_marked.csv
[f1162] n_total=649 n_floater=94 (14.5%) mid_10_17=[] saved -> /home/computer0/fly_project/fly_gsplat/outputs/ctrl_009_006_ratio3_sh0_dense_mid200/ratio3_sh0_dense/f1162/splatfacto/2026-08-20_201050/gaussian_features_f1162_marked.csv
[f1163] n_total=673 n_floater=92 (13.7%) mid_10_17=[] saved -> /home/computer0/fly_project/fly_gsplat/outputs/ctrl_009_006_ratio3_sh0_dense_mid200/ratio3_sh0_dense/f1163/splatfacto/2026-08-20_201050/gaussian_features_f1163_marked.csv
[f1164] n_total=691 n_floater=91 (13.2%) mid_10_17=[] saved -> /home/computer0/fly_project/fly_gsplat/outputs/ctrl_009_006_ratio3_sh0_dense_mid200/ratio3_sh0_dense/f1164/splatfacto/2026-08-20_201050/gaussian_features_f1164_marked.csv
[f1165] n_total=698 n_floater=77 (11.0%) mid_10_17=[] saved -> /home/computer0/fly_project/fly_gsplat/outputs/ctrl_009_006_ratio3_sh0_dense_mid200/ratio3_sh0_dense/f1165/splatfacto/2026-08-20_201050/gaussian_features_f1165_marked.csv
[f1166] n_total=716 n_floater=91 (12.7%) mid_10_17=[14] saved -> /home/computer0/fly_project/fly_gsplat/outputs/ctrl_009_006_ratio3_sh0_dense_mid200/ratio3_sh0_dense/f1166/splatfacto/2026-08-20_201051/gaussian_features_f1166_marked.csv
[f1167] n_total=676 n_floater=111 (16.4%) mid_10_17=[] saved -> /home/computer0/fly_project/fly_gsplat/outputs/ctrl_009_006_ratio3_sh0_dense_mid200/ratio3_sh0_dense/f1167/splatfacto/2026-08-20_201050/gaussian_features_f1167_marked.csv
[f1168] n_total=699 n_floater=106 (15.2%) mid_10_17=[11, 13, 16] saved -> /home/computer0/fly_project/fly_gsplat/outputs/ctrl_009_006_ratio3_sh0_dense_mid200/ratio3_sh0_dense/f1168/splatfacto/2026-08-20_201053/gaussian_features_f1168_marked.csv
[f1169] n_total=616 n_floater=89 (14.4%) mid_10_17=[] saved -> /home/computer0/fly_project/fly_gsplat/outputs/ctrl_009_006_ratio3_sh0_dense_mid200/ratio3_sh0_dense/f1169/splatfacto/2026-08-20_201053/gaussian_features_f1169_marked.csv
[f1170] n_total=665 n_floater=78 (11.7%) mid_10_17=[] saved -> /home/computer0/fly_project/fly_gsplat/outputs/ctrl_009_006_ratio3_sh0_dense_mid200/ratio3_sh0_dense/f1170/splatfacto/2026-08-20_201052/gaussian_features_f1170_marked.csv
[f1171] n_total=675 n_floater=100 (14.8%) mid_10_17=[] saved -> /home/computer0/fly_project/fly_gsplat/outputs/ctrl_009_006_ratio3_sh0_dense_mid200/ratio3_sh0_dense/f1171/splatfacto/2026-08-20_201053/gaussian_features_f1171_marked.csv
[f1172] n_total=756 n_floater=102 (13.5%) mid_10_17=[] saved -> /home/computer0/fly_project/fly_gsplat/outputs/ctrl_009_006_ratio3_sh0_dense_mid200/ratio3_sh0_dense/f1172/splatfacto/2026-08-20_201246/gaussian_features_f1172_marked.csv
[f1173] n_total=679 n_floater=76 (11.2%) mid_10_17=[] saved -> /home/computer0/fly_project/fly_gsplat/outputs/ctrl_009_006_ratio3_sh0_dense_mid200/ratio3_sh0_dense/f1173/splatfacto/2026-08-20_201247/gaussian_features_f1173_marked.csv
[f1174] n_total=749 n_floater=95 (12.7%) mid_10_17=[15] saved -> /home/computer0/fly_project/fly_gsplat/outputs/ctrl_009_006_ratio3_sh0_dense_mid200/ratio3_sh0_dense/f1174/splatfacto/2026-08-20_201247/gaussian_features_f1174_marked.csv
[f1175] n_total=666 n_floater=72 (10.8%) mid_10_17=[] saved -> /home/computer0/fly_project/fly_gsplat/outputs/ctrl_009_006_ratio3_sh0_dense_mid200/ratio3_sh0_dense/f1175/splatfacto/2026-08-20_201246/gaussian_features_f1175_marked.csv
[f1176] n_total=674 n_floater=91 (13.5%) mid_10_17=[] saved -> /home/computer0/fly_project/fly_gsplat/outputs/ctrl_009_006_ratio3_sh0_dense_mid200/ratio3_sh0_dense/f1176/splatfacto/2026-08-20_201247/gaussian_features_f1176_marked.csv
[f1177] n_total=728 n_floater=90 (12.4%) mid_10_17=[] saved -> /home/computer0/fly_project/fly_gsplat/outputs/ctrl_009_006_ratio3_sh0_dense_mid200/ratio3_sh0_dense/f1177/splatfacto/2026-08-20_201247/gaussian_features_f1177_marked.csv
[f1178] n_total=767 n_floater=92 (12.0%) mid_10_17=[] saved -> /home/computer0/fly_project/fly_gsplat/outputs/ctrl_009_006_ratio3_sh0_dense_mid200/ratio3_sh0_dense/f1178/splatfacto/2026-08-20_201249/gaussian_features_f1178_marked.csv
[f1179] n_total=687 n_floater=90 (13.1%) mid_10_17=[] saved -> /home/computer0/fly_project/fly_gsplat/outputs/ctrl_009_006_ratio3_sh0_dense_mid200/ratio3_sh0_dense/f1179/splatfacto/2026-08-20_201249/gaussian_features_f1179_marked.csv
[f1180] n_total=670 n_floater=79 (11.8%) mid_10_17=[] saved -> /home/computer0/fly_project/fly_gsplat/outputs/ctrl_009_006_ratio3_sh0_dense_mid200/ratio3_sh0_dense/f1180/splatfacto/2026-08-20_201249/gaussian_features_f1180_marked.csv
[f1181] n_total=672 n_floater=71 (10.6%) mid_10_17=[] saved -> /home/computer0/fly_project/fly_gsplat/outputs/ctrl_009_006_ratio3_sh0_dense_mid200/ratio3_sh0_dense/f1181/splatfacto/2026-08-20_201250/gaussian_features_f1181_marked.csv
[f1182] n_total=708 n_floater=101 (14.3%) mid_10_17=[11] saved -> /home/computer0/fly_project/fly_gsplat/outputs/ctrl_009_006_ratio3_sh0_dense_mid200/ratio3_sh0_dense/f1182/splatfacto/2026-08-20_201250/gaussian_features_f1182_marked.csv
[f1183] n_total=672 n_floater=110 (16.4%) mid_10_17=[] saved -> /home/computer0/fly_project/fly_gsplat/outputs/ctrl_009_006_ratio3_sh0_dense_mid200/ratio3_sh0_dense/f1183/splatfacto/2026-08-20_201250/gaussian_features_f1183_marked.csv
[f1184] n_total=658 n_floater=96 (14.6%) mid_10_17=[] saved -> /home/computer0/fly_project/fly_gsplat/outputs/ctrl_009_006_ratio3_sh0_dense_mid200/ratio3_sh0_dense/f1184/splatfacto/2026-08-20_201440/gaussian_features_f1184_marked.csv
[f1185] n_total=701 n_floater=99 (14.1%) mid_10_17=[] saved -> /home/computer0/fly_project/fly_gsplat/outputs/ctrl_009_006_ratio3_sh0_dense_mid200/ratio3_sh0_dense/f1185/splatfacto/2026-08-20_201443/gaussian_features_f1185_marked.csv
[f1186] n_total=699 n_floater=107 (15.3%) mid_10_17=[] saved -> /home/computer0/fly_project/fly_gsplat/outputs/ctrl_009_006_ratio3_sh0_dense_mid200/ratio3_sh0_dense/f1186/splatfacto/2026-08-20_201442/gaussian_features_f1186_marked.csv
[f1187] n_total=646 n_floater=109 (16.9%) mid_10_17=[] saved -> /home/computer0/fly_project/fly_gsplat/outputs/ctrl_009_006_ratio3_sh0_dense_mid200/ratio3_sh0_dense/f1187/splatfacto/2026-08-20_201443/gaussian_features_f1187_marked.csv
[f1188] n_total=622 n_floater=90 (14.5%) mid_10_17=[14] saved -> /home/computer0/fly_project/fly_gsplat/outputs/ctrl_009_006_ratio3_sh0_dense_mid200/ratio3_sh0_dense/f1188/splatfacto/2026-08-20_201443/gaussian_features_f1188_marked.csv
[f1189] n_total=559 n_floater=77 (13.8%) mid_10_17=[] saved -> /home/computer0/fly_project/fly_gsplat/outputs/ctrl_009_006_ratio3_sh0_dense_mid200/ratio3_sh0_dense/f1189/splatfacto/2026-08-20_201443/gaussian_features_f1189_marked.csv
[f1190] n_total=622 n_floater=95 (15.3%) mid_10_17=[] saved -> /home/computer0/fly_project/fly_gsplat/outputs/ctrl_009_006_ratio3_sh0_dense_mid200/ratio3_sh0_dense/f1190/splatfacto/2026-08-20_201444/gaussian_features_f1190_marked.csv
[f1191] n_total=687 n_floater=110 (16.0%) mid_10_17=[] saved -> /home/computer0/fly_project/fly_gsplat/outputs/ctrl_009_006_ratio3_sh0_dense_mid200/ratio3_sh0_dense/f1191/splatfacto/2026-08-20_201445/gaussian_features_f1191_marked.csv
[f1192] n_total=599 n_floater=67 (11.2%) mid_10_17=[] saved -> /home/computer0/fly_project/fly_gsplat/outputs/ctrl_009_006_ratio3_sh0_dense_mid200/ratio3_sh0_dense/f1192/splatfacto/2026-08-20_201446/gaussian_features_f1192_marked.csv
[f1193] n_total=641 n_floater=79 (12.3%) mid_10_17=[] saved -> /home/computer0/fly_project/fly_gsplat/outputs/ctrl_009_006_ratio3_sh0_dense_mid200/ratio3_sh0_dense/f1193/splatfacto/2026-08-20_201446/gaussian_features_f1193_marked.csv
[f1194] n_total=654 n_floater=103 (15.7%) mid_10_17=[] saved -> /home/computer0/fly_project/fly_gsplat/outputs/ctrl_009_006_ratio3_sh0_dense_mid200/ratio3_sh0_dense/f1194/splatfacto/2026-08-20_201445/gaussian_features_f1194_marked.csv
[f1195] n_total=728 n_floater=82 (11.3%) mid_10_17=[] saved -> /home/computer0/fly_project/fly_gsplat/outputs/ctrl_009_006_ratio3_sh0_dense_mid200/ratio3_sh0_dense/f1195/splatfacto/2026-08-20_201445/gaussian_features_f1195_marked.csv
[f1196] n_total=678 n_floater=69 (10.2%) mid_10_17=[14] saved -> /home/computer0/fly_project/fly_gsplat/outputs/ctrl_009_006_ratio3_sh0_dense_mid200/ratio3_sh0_dense/f1196/splatfacto/2026-08-20_201636/gaussian_features_f1196_marked.csv
[f1197] n_total=679 n_floater=105 (15.5%) mid_10_17=[] saved -> /home/computer0/fly_project/fly_gsplat/outputs/ctrl_009_006_ratio3_sh0_dense_mid200/ratio3_sh0_dense/f1197/splatfacto/2026-08-20_201637/gaussian_features_f1197_marked.csv
[f1198] n_total=692 n_floater=97 (14.0%) mid_10_17=[] saved -> /home/computer0/fly_project/fly_gsplat/outputs/ctrl_009_006_ratio3_sh0_dense_mid200/ratio3_sh0_dense/f1198/splatfacto/2026-08-20_201638/gaussian_features_f1198_marked.csv
[f1199] n_total=717 n_floater=109 (15.2%) mid_10_17=[] saved -> /home/computer0/fly_project/fly_gsplat/outputs/ctrl_009_006_ratio3_sh0_dense_mid200/ratio3_sh0_dense/f1199/splatfacto/2026-08-20_201638/gaussian_features_f1199_marked.csv
[f1200] n_total=763 n_floater=104 (13.6%) mid_10_17=[] saved -> /home/computer0/fly_project/fly_gsplat/outputs/ctrl_009_006_ratio3_sh0_dense_mid200/ratio3_sh0_dense/f1200/splatfacto/2026-08-20_201637/gaussian_features_f1200_marked.csv
[f1201] n_total=858 n_floater=130 (15.2%) mid_10_17=[] saved -> /home/computer0/fly_project/fly_gsplat/outputs/ctrl_009_006_ratio3_sh0_dense_mid200/ratio3_sh0_dense/f1201/splatfacto/2026-08-20_201638/gaussian_features_f1201_marked.csv
[f1202] n_total=844 n_floater=102 (12.1%) mid_10_17=[13] saved -> /home/computer0/fly_project/fly_gsplat/outputs/ctrl_009_006_ratio3_sh0_dense_mid200/ratio3_sh0_dense/f1202/splatfacto/2026-08-20_201639/gaussian_features_f1202_marked.csv
[f1203] n_total=792 n_floater=99 (12.5%) mid_10_17=[] saved -> /home/computer0/fly_project/fly_gsplat/outputs/ctrl_009_006_ratio3_sh0_dense_mid200/ratio3_sh0_dense/f1203/splatfacto/2026-08-20_201640/gaussian_features_f1203_marked.csv
[f1204] n_total=813 n_floater=94 (11.6%) mid_10_17=[] saved -> /home/computer0/fly_project/fly_gsplat/outputs/ctrl_009_006_ratio3_sh0_dense_mid200/ratio3_sh0_dense/f1204/splatfacto/2026-08-20_201640/gaussian_features_f1204_marked.csv
[f1205] n_total=722 n_floater=77 (10.7%) mid_10_17=[13] saved -> /home/computer0/fly_project/fly_gsplat/outputs/ctrl_009_006_ratio3_sh0_dense_mid200/ratio3_sh0_dense/f1205/splatfacto/2026-08-20_201639/gaussian_features_f1205_marked.csv
[f1206] n_total=740 n_floater=55 (7.4%) mid_10_17=[] saved -> /home/computer0/fly_project/fly_gsplat/outputs/ctrl_009_006_ratio3_sh0_dense_mid200/ratio3_sh0_dense/f1206/splatfacto/2026-08-20_201639/gaussian_features_f1206_marked.csv
[f1207] n_total=714 n_floater=68 (9.5%) mid_10_17=[] saved -> /home/computer0/fly_project/fly_gsplat/outputs/ctrl_009_006_ratio3_sh0_dense_mid200/ratio3_sh0_dense/f1207/splatfacto/2026-08-20_201640/gaussian_features_f1207_marked.csv
[f1208] n_total=747 n_floater=110 (14.7%) mid_10_17=[] saved -> /home/computer0/fly_project/fly_gsplat/outputs/ctrl_009_006_ratio3_sh0_dense_mid200/ratio3_sh0_dense/f1208/splatfacto/2026-08-20_201833/gaussian_features_f1208_marked.csv
[f1209] n_total=781 n_floater=82 (10.5%) mid_10_17=[] saved -> /home/computer0/fly_project/fly_gsplat/outputs/ctrl_009_006_ratio3_sh0_dense_mid200/ratio3_sh0_dense/f1209/splatfacto/2026-08-20_201835/gaussian_features_f1209_marked.csv
[f1210] n_total=813 n_floater=109 (13.4%) mid_10_17=[] saved -> /home/computer0/fly_project/fly_gsplat/outputs/ctrl_009_006_ratio3_sh0_dense_mid200/ratio3_sh0_dense/f1210/splatfacto/2026-08-20_201835/gaussian_features_f1210_marked.csv
[f1211] n_total=835 n_floater=96 (11.5%) mid_10_17=[] saved -> /home/computer0/fly_project/fly_gsplat/outputs/ctrl_009_006_ratio3_sh0_dense_mid200/ratio3_sh0_dense/f1211/splatfacto/2026-08-20_201834/gaussian_features_f1211_marked.csv
[f1212] n_total=742 n_floater=96 (12.9%) mid_10_17=[] saved -> /home/computer0/fly_project/fly_gsplat/outputs/ctrl_009_006_ratio3_sh0_dense_mid200/ratio3_sh0_dense/f1212/splatfacto/2026-08-20_201836/gaussian_features_f1212_marked.csv
[f1213] n_total=743 n_floater=74 (10.0%) mid_10_17=[] saved -> /home/computer0/fly_project/fly_gsplat/outputs/ctrl_009_006_ratio3_sh0_dense_mid200/ratio3_sh0_dense/f1213/splatfacto/2026-08-20_201836/gaussian_features_f1213_marked.csv
[f1214] n_total=753 n_floater=83 (11.0%) mid_10_17=[] saved -> /home/computer0/fly_project/fly_gsplat/outputs/ctrl_009_006_ratio3_sh0_dense_mid200/ratio3_sh0_dense/f1214/splatfacto/2026-08-20_201837/gaussian_features_f1214_marked.csv
[f1215] n_total=719 n_floater=89 (12.4%) mid_10_17=[11] saved -> /home/computer0/fly_project/fly_gsplat/outputs/ctrl_009_006_ratio3_sh0_dense_mid200/ratio3_sh0_dense/f1215/splatfacto/2026-08-20_201837/gaussian_features_f1215_marked.csv
[f1216] n_total=716 n_floater=88 (12.3%) mid_10_17=[] saved -> /home/computer0/fly_project/fly_gsplat/outputs/ctrl_009_006_ratio3_sh0_dense_mid200/ratio3_sh0_dense/f1216/splatfacto/2026-08-20_201835/gaussian_features_f1216_marked.csv
[f1217] n_total=741 n_floater=85 (11.5%) mid_10_17=[] saved -> /home/computer0/fly_project/fly_gsplat/outputs/ctrl_009_006_ratio3_sh0_dense_mid200/ratio3_sh0_dense/f1217/splatfacto/2026-08-20_201836/gaussian_features_f1217_marked.csv
[f1218] n_total=695 n_floater=106 (15.3%) mid_10_17=[] saved -> /home/computer0/fly_project/fly_gsplat/outputs/ctrl_009_006_ratio3_sh0_dense_mid200/ratio3_sh0_dense/f1218/splatfacto/2026-08-20_201836/gaussian_features_f1218_marked.csv
[f1219] n_total=709 n_floater=89 (12.6%) mid_10_17=[] saved -> /home/computer0/fly_project/fly_gsplat/outputs/ctrl_009_006_ratio3_sh0_dense_mid200/ratio3_sh0_dense/f1219/splatfacto/2026-08-20_201838/gaussian_features_f1219_marked.csv
[f1220] n_total=746 n_floater=99 (13.3%) mid_10_17=[13] saved -> /home/computer0/fly_project/fly_gsplat/outputs/ctrl_009_006_ratio3_sh0_dense_mid200/ratio3_sh0_dense/f1220/splatfacto/2026-08-20_202029/gaussian_features_f1220_marked.csv
[f1221] n_total=661 n_floater=88 (13.3%) mid_10_17=[13] saved -> /home/computer0/fly_project/fly_gsplat/outputs/ctrl_009_006_ratio3_sh0_dense_mid200/ratio3_sh0_dense/f1221/splatfacto/2026-08-20_202031/gaussian_features_f1221_marked.csv
[f1222] n_total=710 n_floater=91 (12.8%) mid_10_17=[] saved -> /home/computer0/fly_project/fly_gsplat/outputs/ctrl_009_006_ratio3_sh0_dense_mid200/ratio3_sh0_dense/f1222/splatfacto/2026-08-20_202030/gaussian_features_f1222_marked.csv
[f1223] n_total=743 n_floater=69 (9.3%) mid_10_17=[] saved -> /home/computer0/fly_project/fly_gsplat/outputs/ctrl_009_006_ratio3_sh0_dense_mid200/ratio3_sh0_dense/f1223/splatfacto/2026-08-20_202031/gaussian_features_f1223_marked.csv
[f1224] n_total=709 n_floater=84 (11.8%) mid_10_17=[] saved -> /home/computer0/fly_project/fly_gsplat/outputs/ctrl_009_006_ratio3_sh0_dense_mid200/ratio3_sh0_dense/f1224/splatfacto/2026-08-20_202032/gaussian_features_f1224_marked.csv
[f1225] n_total=706 n_floater=79 (11.2%) mid_10_17=[] saved -> /home/computer0/fly_project/fly_gsplat/outputs/ctrl_009_006_ratio3_sh0_dense_mid200/ratio3_sh0_dense/f1225/splatfacto/2026-08-20_202031/gaussian_features_f1225_marked.csv
[f1226] n_total=679 n_floater=76 (11.2%) mid_10_17=[] saved -> /home/computer0/fly_project/fly_gsplat/outputs/ctrl_009_006_ratio3_sh0_dense_mid200/ratio3_sh0_dense/f1226/splatfacto/2026-08-20_202032/gaussian_features_f1226_marked.csv
[f1227] n_total=642 n_floater=83 (12.9%) mid_10_17=[12] saved -> /home/computer0/fly_project/fly_gsplat/outputs/ctrl_009_006_ratio3_sh0_dense_mid200/ratio3_sh0_dense/f1227/splatfacto/2026-08-20_202032/gaussian_features_f1227_marked.csv
[f1228] n_total=627 n_floater=93 (14.8%) mid_10_17=[] saved -> /home/computer0/fly_project/fly_gsplat/outputs/ctrl_009_006_ratio3_sh0_dense_mid200/ratio3_sh0_dense/f1228/splatfacto/2026-08-20_202032/gaussian_features_f1228_marked.csv
[f1229] n_total=621 n_floater=77 (12.4%) mid_10_17=[] saved -> /home/computer0/fly_project/fly_gsplat/outputs/ctrl_009_006_ratio3_sh0_dense_mid200/ratio3_sh0_dense/f1229/splatfacto/2026-08-20_202032/gaussian_features_f1229_marked.csv
[f1230] n_total=664 n_floater=93 (14.0%) mid_10_17=[] saved -> /home/computer0/fly_project/fly_gsplat/outputs/ctrl_009_006_ratio3_sh0_dense_mid200/ratio3_sh0_dense/f1230/splatfacto/2026-08-20_202032/gaussian_features_f1230_marked.csv
[f1231] n_total=705 n_floater=100 (14.2%) mid_10_17=[13] saved -> /home/computer0/fly_project/fly_gsplat/outputs/ctrl_009_006_ratio3_sh0_dense_mid200/ratio3_sh0_dense/f1231/splatfacto/2026-08-20_202032/gaussian_features_f1231_marked.csv
[f1232] n_total=698 n_floater=102 (14.6%) mid_10_17=[] saved -> /home/computer0/fly_project/fly_gsplat/outputs/ctrl_009_006_ratio3_sh0_dense_mid200/ratio3_sh0_dense/f1232/splatfacto/2026-08-20_202228/gaussian_features_f1232_marked.csv
[f1233] n_total=708 n_floater=92 (13.0%) mid_10_17=[11] saved -> /home/computer0/fly_project/fly_gsplat/outputs/ctrl_009_006_ratio3_sh0_dense_mid200/ratio3_sh0_dense/f1233/splatfacto/2026-08-20_202229/gaussian_features_f1233_marked.csv
[f1234] n_total=623 n_floater=75 (12.0%) mid_10_17=[] saved -> /home/computer0/fly_project/fly_gsplat/outputs/ctrl_009_006_ratio3_sh0_dense_mid200/ratio3_sh0_dense/f1234/splatfacto/2026-08-20_202229/gaussian_features_f1234_marked.csv
[f1235] n_total=616 n_floater=71 (11.5%) mid_10_17=[] saved -> /home/computer0/fly_project/fly_gsplat/outputs/ctrl_009_006_ratio3_sh0_dense_mid200/ratio3_sh0_dense/f1235/splatfacto/2026-08-20_202230/gaussian_features_f1235_marked.csv
[f1236] n_total=610 n_floater=79 (13.0%) mid_10_17=[] saved -> /home/computer0/fly_project/fly_gsplat/outputs/ctrl_009_006_ratio3_sh0_dense_mid200/ratio3_sh0_dense/f1236/splatfacto/2026-08-20_202229/gaussian_features_f1236_marked.csv
[f1237] n_total=536 n_floater=64 (11.9%) mid_10_17=[] saved -> /home/computer0/fly_project/fly_gsplat/outputs/ctrl_009_006_ratio3_sh0_dense_mid200/ratio3_sh0_dense/f1237/splatfacto/2026-08-20_202229/gaussian_features_f1237_marked.csv
[f1238] n_total=527 n_floater=54 (10.2%) mid_10_17=[] saved -> /home/computer0/fly_project/fly_gsplat/outputs/ctrl_009_006_ratio3_sh0_dense_mid200/ratio3_sh0_dense/f1238/splatfacto/2026-08-20_202229/gaussian_features_f1238_marked.csv
[f1239] n_total=566 n_floater=75 (13.3%) mid_10_17=[] saved -> /home/computer0/fly_project/fly_gsplat/outputs/ctrl_009_006_ratio3_sh0_dense_mid200/ratio3_sh0_dense/f1239/splatfacto/2026-08-20_202230/gaussian_features_f1239_marked.csv
[f1240] n_total=669 n_floater=98 (14.6%) mid_10_17=[] saved -> /home/computer0/fly_project/fly_gsplat/outputs/ctrl_009_006_ratio3_sh0_dense_mid200/ratio3_sh0_dense/f1240/splatfacto/2026-08-20_202231/gaussian_features_f1240_marked.csv
[f1241] n_total=690 n_floater=79 (11.4%) mid_10_17=[11] saved -> /home/computer0/fly_project/fly_gsplat/outputs/ctrl_009_006_ratio3_sh0_dense_mid200/ratio3_sh0_dense/f1241/splatfacto/2026-08-20_202230/gaussian_features_f1241_marked.csv
[f1242] n_total=606 n_floater=90 (14.9%) mid_10_17=[] saved -> /home/computer0/fly_project/fly_gsplat/outputs/ctrl_009_006_ratio3_sh0_dense_mid200/ratio3_sh0_dense/f1242/splatfacto/2026-08-20_202231/gaussian_features_f1242_marked.csv
[f1243] n_total=618 n_floater=79 (12.8%) mid_10_17=[11] saved -> /home/computer0/fly_project/fly_gsplat/outputs/ctrl_009_006_ratio3_sh0_dense_mid200/ratio3_sh0_dense/f1243/splatfacto/2026-08-20_202231/gaussian_features_f1243_marked.csv
[f1244] n_total=720 n_floater=78 (10.8%) mid_10_17=[] saved -> /home/computer0/fly_project/fly_gsplat/outputs/ctrl_009_006_ratio3_sh0_dense_mid200/ratio3_sh0_dense/f1244/splatfacto/2026-08-20_202424/gaussian_features_f1244_marked.csv
[f1245] n_total=699 n_floater=98 (14.0%) mid_10_17=[] saved -> /home/computer0/fly_project/fly_gsplat/outputs/ctrl_009_006_ratio3_sh0_dense_mid200/ratio3_sh0_dense/f1245/splatfacto/2026-08-20_202424/gaussian_features_f1245_marked.csv
[f1246] n_total=652 n_floater=78 (12.0%) mid_10_17=[] saved -> /home/computer0/fly_project/fly_gsplat/outputs/ctrl_009_006_ratio3_sh0_dense_mid200/ratio3_sh0_dense/f1246/splatfacto/2026-08-20_202424/gaussian_features_f1246_marked.csv
[f1247] n_total=679 n_floater=68 (10.0%) mid_10_17=[11] saved -> /home/computer0/fly_project/fly_gsplat/outputs/ctrl_009_006_ratio3_sh0_dense_mid200/ratio3_sh0_dense/f1247/splatfacto/2026-08-20_202423/gaussian_features_f1247_marked.csv
[f1248] n_total=694 n_floater=95 (13.7%) mid_10_17=[] saved -> /home/computer0/fly_project/fly_gsplat/outputs/ctrl_009_006_ratio3_sh0_dense_mid200/ratio3_sh0_dense/f1248/splatfacto/2026-08-20_202424/gaussian_features_f1248_marked.csv
[f1249] n_total=666 n_floater=85 (12.8%) mid_10_17=[] saved -> /home/computer0/fly_project/fly_gsplat/outputs/ctrl_009_006_ratio3_sh0_dense_mid200/ratio3_sh0_dense/f1249/splatfacto/2026-08-20_202424/gaussian_features_f1249_marked.csv
[f1250] n_total=636 n_floater=70 (11.0%) mid_10_17=[15] saved -> /home/computer0/fly_project/fly_gsplat/outputs/ctrl_009_006_ratio3_sh0_dense_mid200/ratio3_sh0_dense/f1250/splatfacto/2026-08-20_202425/gaussian_features_f1250_marked.csv
[f1251] n_total=620 n_floater=79 (12.7%) mid_10_17=[] saved -> /home/computer0/fly_project/fly_gsplat/outputs/ctrl_009_006_ratio3_sh0_dense_mid200/ratio3_sh0_dense/f1251/splatfacto/2026-08-20_202425/gaussian_features_f1251_marked.csv
[f1252] n_total=622 n_floater=81 (13.0%) mid_10_17=[] saved -> /home/computer0/fly_project/fly_gsplat/outputs/ctrl_009_006_ratio3_sh0_dense_mid200/ratio3_sh0_dense/f1252/splatfacto/2026-08-20_202425/gaussian_features_f1252_marked.csv
[f1253] n_total=613 n_floater=58 (9.5%) mid_10_17=[] saved -> /home/computer0/fly_project/fly_gsplat/outputs/ctrl_009_006_ratio3_sh0_dense_mid200/ratio3_sh0_dense/f1253/splatfacto/2026-08-20_202424/gaussian_features_f1253_marked.csv
[f1254] n_total=645 n_floater=86 (13.3%) mid_10_17=[] saved -> /home/computer0/fly_project/fly_gsplat/outputs/ctrl_009_006_ratio3_sh0_dense_mid200/ratio3_sh0_dense/f1254/splatfacto/2026-08-20_202427/gaussian_features_f1254_marked.csv
[f1255] n_total=585 n_floater=76 (13.0%) mid_10_17=[] saved -> /home/computer0/fly_project/fly_gsplat/outputs/ctrl_009_006_ratio3_sh0_dense_mid200/ratio3_sh0_dense/f1255/splatfacto/2026-08-20_202426/gaussian_features_f1255_marked.csv
[f1256] n_total=635 n_floater=78 (12.3%) mid_10_17=[13] saved -> /home/computer0/fly_project/fly_gsplat/outputs/ctrl_009_006_ratio3_sh0_dense_mid200/ratio3_sh0_dense/f1256/splatfacto/2026-08-20_202618/gaussian_features_f1256_marked.csv
[f1257] n_total=526 n_floater=63 (12.0%) mid_10_17=[] saved -> /home/computer0/fly_project/fly_gsplat/outputs/ctrl_009_006_ratio3_sh0_dense_mid200/ratio3_sh0_dense/f1257/splatfacto/2026-08-20_202618/gaussian_features_f1257_marked.csv
[f1258] n_total=517 n_floater=65 (12.6%) mid_10_17=[] saved -> /home/computer0/fly_project/fly_gsplat/outputs/ctrl_009_006_ratio3_sh0_dense_mid200/ratio3_sh0_dense/f1258/splatfacto/2026-08-20_202618/gaussian_features_f1258_marked.csv
[f1259] n_total=579 n_floater=76 (13.1%) mid_10_17=[] saved -> /home/computer0/fly_project/fly_gsplat/outputs/ctrl_009_006_ratio3_sh0_dense_mid200/ratio3_sh0_dense/f1259/splatfacto/2026-08-20_202618/gaussian_features_f1259_marked.csv
[f1260] n_total=575 n_floater=69 (12.0%) mid_10_17=[] saved -> /home/computer0/fly_project/fly_gsplat/outputs/ctrl_009_006_ratio3_sh0_dense_mid200/ratio3_sh0_dense/f1260/splatfacto/2026-08-20_202619/gaussian_features_f1260_marked.csv
[f1261] n_total=561 n_floater=73 (13.0%) mid_10_17=[] saved -> /home/computer0/fly_project/fly_gsplat/outputs/ctrl_009_006_ratio3_sh0_dense_mid200/ratio3_sh0_dense/f1261/splatfacto/2026-08-20_202620/gaussian_features_f1261_marked.csv
[f1262] n_total=589 n_floater=77 (13.1%) mid_10_17=[] saved -> /home/computer0/fly_project/fly_gsplat/outputs/ctrl_009_006_ratio3_sh0_dense_mid200/ratio3_sh0_dense/f1262/splatfacto/2026-08-20_202620/gaussian_features_f1262_marked.csv
[f1263] n_total=641 n_floater=87 (13.6%) mid_10_17=[] saved -> /home/computer0/fly_project/fly_gsplat/outputs/ctrl_009_006_ratio3_sh0_dense_mid200/ratio3_sh0_dense/f1263/splatfacto/2026-08-20_202620/gaussian_features_f1263_marked.csv
[f1264] n_total=638 n_floater=93 (14.6%) mid_10_17=[14] saved -> /home/computer0/fly_project/fly_gsplat/outputs/ctrl_009_006_ratio3_sh0_dense_mid200/ratio3_sh0_dense/f1264/splatfacto/2026-08-20_202619/gaussian_features_f1264_marked.csv
[f1265] n_total=635 n_floater=81 (12.8%) mid_10_17=[] saved -> /home/computer0/fly_project/fly_gsplat/outputs/ctrl_009_006_ratio3_sh0_dense_mid200/ratio3_sh0_dense/f1265/splatfacto/2026-08-20_202620/gaussian_features_f1265_marked.csv
[f1266] n_total=649 n_floater=73 (11.2%) mid_10_17=[] saved -> /home/computer0/fly_project/fly_gsplat/outputs/ctrl_009_006_ratio3_sh0_dense_mid200/ratio3_sh0_dense/f1266/splatfacto/2026-08-20_202620/gaussian_features_f1266_marked.csv
[f1267] n_total=573 n_floater=56 (9.8%) mid_10_17=[] saved -> /home/computer0/fly_project/fly_gsplat/outputs/ctrl_009_006_ratio3_sh0_dense_mid200/ratio3_sh0_dense/f1267/splatfacto/2026-08-20_202620/gaussian_features_f1267_marked.csv
[f1268] n_total=607 n_floater=84 (13.8%) mid_10_17=[11] saved -> /home/computer0/fly_project/fly_gsplat/outputs/ctrl_009_006_ratio3_sh0_dense_mid200/ratio3_sh0_dense/f1268/splatfacto/2026-08-20_202815/gaussian_features_f1268_marked.csv
[f1269] n_total=561 n_floater=62 (11.1%) mid_10_17=[] saved -> /home/computer0/fly_project/fly_gsplat/outputs/ctrl_009_006_ratio3_sh0_dense_mid200/ratio3_sh0_dense/f1269/splatfacto/2026-08-20_202816/gaussian_features_f1269_marked.csv
[f1270] n_total=540 n_floater=66 (12.2%) mid_10_17=[] saved -> /home/computer0/fly_project/fly_gsplat/outputs/ctrl_009_006_ratio3_sh0_dense_mid200/ratio3_sh0_dense/f1270/splatfacto/2026-08-20_202816/gaussian_features_f1270_marked.csv
[f1271] n_total=818 n_floater=109 (13.3%) mid_10_17=[] saved -> /home/computer0/fly_project/fly_gsplat/outputs/ctrl_009_006_ratio3_sh0_dense_mid200/ratio3_sh0_dense/f1271/splatfacto/2026-08-20_202816/gaussian_features_f1271_marked.csv
[f1272] n_total=818 n_floater=118 (14.4%) mid_10_17=[] saved -> /home/computer0/fly_project/fly_gsplat/outputs/ctrl_009_006_ratio3_sh0_dense_mid200/ratio3_sh0_dense/f1272/splatfacto/2026-08-20_202816/gaussian_features_f1272_marked.csv
[f1273] n_total=723 n_floater=86 (11.9%) mid_10_17=[] saved -> /home/computer0/fly_project/fly_gsplat/outputs/ctrl_009_006_ratio3_sh0_dense_mid200/ratio3_sh0_dense/f1273/splatfacto/2026-08-20_202817/gaussian_features_f1273_marked.csv
[f1274] n_total=804 n_floater=94 (11.7%) mid_10_17=[11] saved -> /home/computer0/fly_project/fly_gsplat/outputs/ctrl_009_006_ratio3_sh0_dense_mid200/ratio3_sh0_dense/f1274/splatfacto/2026-08-20_202816/gaussian_features_f1274_marked.csv
[f1275] n_total=785 n_floater=85 (10.8%) mid_10_17=[] saved -> /home/computer0/fly_project/fly_gsplat/outputs/ctrl_009_006_ratio3_sh0_dense_mid200/ratio3_sh0_dense/f1275/splatfacto/2026-08-20_202816/gaussian_features_f1275_marked.csv
[f1276] n_total=770 n_floater=97 (12.6%) mid_10_17=[11] saved -> /home/computer0/fly_project/fly_gsplat/outputs/ctrl_009_006_ratio3_sh0_dense_mid200/ratio3_sh0_dense/f1276/splatfacto/2026-08-20_202818/gaussian_features_f1276_marked.csv
[f1277] n_total=709 n_floater=68 (9.6%) mid_10_17=[] saved -> /home/computer0/fly_project/fly_gsplat/outputs/ctrl_009_006_ratio3_sh0_dense_mid200/ratio3_sh0_dense/f1277/splatfacto/2026-08-20_202816/gaussian_features_f1277_marked.csv
[f1278] n_total=789 n_floater=82 (10.4%) mid_10_17=[15, 15] saved -> /home/computer0/fly_project/fly_gsplat/outputs/ctrl_009_006_ratio3_sh0_dense_mid200/ratio3_sh0_dense/f1278/splatfacto/2026-08-20_202817/gaussian_features_f1278_marked.csv
[f1279] n_total=751 n_floater=79 (10.5%) mid_10_17=[11, 14, 15] saved -> /home/computer0/fly_project/fly_gsplat/outputs/ctrl_009_006_ratio3_sh0_dense_mid200/ratio3_sh0_dense/f1279/splatfacto/2026-08-20_202818/gaussian_features_f1279_marked.csv
[f1280] n_total=761 n_floater=77 (10.1%) mid_10_17=[] saved -> /home/computer0/fly_project/fly_gsplat/outputs/ctrl_009_006_ratio3_sh0_dense_mid200/ratio3_sh0_dense/f1280/splatfacto/2026-08-20_203009/gaussian_features_f1280_marked.csv
[f1281] n_total=684 n_floater=78 (11.4%) mid_10_17=[] saved -> /home/computer0/fly_project/fly_gsplat/outputs/ctrl_009_006_ratio3_sh0_dense_mid200/ratio3_sh0_dense/f1281/splatfacto/2026-08-20_203011/gaussian_features_f1281_marked.csv
[f1282] n_total=756 n_floater=89 (11.8%) mid_10_17=[] saved -> /home/computer0/fly_project/fly_gsplat/outputs/ctrl_009_006_ratio3_sh0_dense_mid200/ratio3_sh0_dense/f1282/splatfacto/2026-08-20_203010/gaussian_features_f1282_marked.csv
[f1283] n_total=658 n_floater=79 (12.0%) mid_10_17=[13] saved -> /home/computer0/fly_project/fly_gsplat/outputs/ctrl_009_006_ratio3_sh0_dense_mid200/ratio3_sh0_dense/f1283/splatfacto/2026-08-20_203010/gaussian_features_f1283_marked.csv
[f1284] n_total=691 n_floater=73 (10.6%) mid_10_17=[] saved -> /home/computer0/fly_project/fly_gsplat/outputs/ctrl_009_006_ratio3_sh0_dense_mid200/ratio3_sh0_dense/f1284/splatfacto/2026-08-20_203011/gaussian_features_f1284_marked.csv
[f1285] n_total=721 n_floater=82 (11.4%) mid_10_17=[] saved -> /home/computer0/fly_project/fly_gsplat/outputs/ctrl_009_006_ratio3_sh0_dense_mid200/ratio3_sh0_dense/f1285/splatfacto/2026-08-20_203012/gaussian_features_f1285_marked.csv
[f1286] n_total=646 n_floater=66 (10.2%) mid_10_17=[] saved -> /home/computer0/fly_project/fly_gsplat/outputs/ctrl_009_006_ratio3_sh0_dense_mid200/ratio3_sh0_dense/f1286/splatfacto/2026-08-20_203012/gaussian_features_f1286_marked.csv
[f1287] n_total=597 n_floater=72 (12.1%) mid_10_17=[] saved -> /home/computer0/fly_project/fly_gsplat/outputs/ctrl_009_006_ratio3_sh0_dense_mid200/ratio3_sh0_dense/f1287/splatfacto/2026-08-20_203011/gaussian_features_f1287_marked.csv
[f1288] n_total=675 n_floater=89 (13.2%) mid_10_17=[] saved -> /home/computer0/fly_project/fly_gsplat/outputs/ctrl_009_006_ratio3_sh0_dense_mid200/ratio3_sh0_dense/f1288/splatfacto/2026-08-20_203011/gaussian_features_f1288_marked.csv
[f1289] n_total=675 n_floater=92 (13.6%) mid_10_17=[] saved -> /home/computer0/fly_project/fly_gsplat/outputs/ctrl_009_006_ratio3_sh0_dense_mid200/ratio3_sh0_dense/f1289/splatfacto/2026-08-20_203012/gaussian_features_f1289_marked.csv
[f1290] n_total=626 n_floater=82 (13.1%) mid_10_17=[] saved -> /home/computer0/fly_project/fly_gsplat/outputs/ctrl_009_006_ratio3_sh0_dense_mid200/ratio3_sh0_dense/f1290/splatfacto/2026-08-20_203012/gaussian_features_f1290_marked.csv
[f1291] n_total=679 n_floater=71 (10.5%) mid_10_17=[] saved -> /home/computer0/fly_project/fly_gsplat/outputs/ctrl_009_006_ratio3_sh0_dense_mid200/ratio3_sh0_dense/f1291/splatfacto/2026-08-20_203011/gaussian_features_f1291_marked.csv
[f1292] n_total=669 n_floater=67 (10.0%) mid_10_17=[] saved -> /home/computer0/fly_project/fly_gsplat/outputs/ctrl_009_006_ratio3_sh0_dense_mid200/ratio3_sh0_dense/f1292/splatfacto/2026-08-20_203203/gaussian_features_f1292_marked.csv
[f1293] n_total=700 n_floater=79 (11.3%) mid_10_17=[] saved -> /home/computer0/fly_project/fly_gsplat/outputs/ctrl_009_006_ratio3_sh0_dense_mid200/ratio3_sh0_dense/f1293/splatfacto/2026-08-20_203205/gaussian_features_f1293_marked.csv
[f1294] n_total=639 n_floater=88 (13.8%) mid_10_17=[] saved -> /home/computer0/fly_project/fly_gsplat/outputs/ctrl_009_006_ratio3_sh0_dense_mid200/ratio3_sh0_dense/f1294/splatfacto/2026-08-20_203204/gaussian_features_f1294_marked.csv
[f1295] n_total=622 n_floater=58 (9.3%) mid_10_17=[14] saved -> /home/computer0/fly_project/fly_gsplat/outputs/ctrl_009_006_ratio3_sh0_dense_mid200/ratio3_sh0_dense/f1295/splatfacto/2026-08-20_203206/gaussian_features_f1295_marked.csv
[f1296] n_total=670 n_floater=114 (17.0%) mid_10_17=[14] saved -> /home/computer0/fly_project/fly_gsplat/outputs/ctrl_009_006_ratio3_sh0_dense_mid200/ratio3_sh0_dense/f1296/splatfacto/2026-08-20_203205/gaussian_features_f1296_marked.csv
[f1297] n_total=626 n_floater=66 (10.5%) mid_10_17=[12] saved -> /home/computer0/fly_project/fly_gsplat/outputs/ctrl_009_006_ratio3_sh0_dense_mid200/ratio3_sh0_dense/f1297/splatfacto/2026-08-20_203206/gaussian_features_f1297_marked.csv
[f1298] n_total=658 n_floater=83 (12.6%) mid_10_17=[] saved -> /home/computer0/fly_project/fly_gsplat/outputs/ctrl_009_006_ratio3_sh0_dense_mid200/ratio3_sh0_dense/f1298/splatfacto/2026-08-20_203207/gaussian_features_f1298_marked.csv
[f1299] n_total=690 n_floater=91 (13.2%) mid_10_17=[15, 16] saved -> /home/computer0/fly_project/fly_gsplat/outputs/ctrl_009_006_ratio3_sh0_dense_mid200/ratio3_sh0_dense/f1299/splatfacto/2026-08-20_203205/gaussian_features_f1299_marked.csv

  [T3] motion accumulation labeling ...
[density] frame_idx=1100: 窗口内36/73帧缺少T2产出(_marked.csv)，跳过不参与累加: ['f1064', 'f1065', 'f1066', 'f1067', 'f1068', 'f1069', 'f1070', 'f1071', 'f1072', 'f1073', 'f1074', 'f1075', 'f1076', 'f1077', 'f1078', 'f1079', 'f1080', 'f1081', 'f1082', 'f1083', 'f1084', 'f1085', 'f1086', 'f1087', 'f1088', 'f1089', 'f1090', 'f1091', 'f1092', 'f1093', 'f1094', 'f1095', 'f1096', 'f1097', 'f1098', 'f1099']

[f1100] n_total=721 n_kept=633 (87.8%)  n_frames_in_window=37
  body候选体素数(阈值+连通分量后)=61  body候选点数=296(46.8% of kept)
  wing连通性: 碎块点=110  实际改判=110
  confidence=high  (wing_merged强制low; body候选点数<20或>0.9*n_kept强制low; 否则high)
  L/R锚定: wing_A -> wing_R  wing_B -> wing_L
  part_label分布(全部点，含if_keep=False的1-NN传播): body=453  wing_L=119  wing_R=149
  labeled csv -> /home/computer0/fly_project/fly_gsplat/outputs/ctrl_009_006_ratio3_sh0_dense_mid200/ratio3_sh0_dense/f1100/splatfacto/2026-08-20_200104/gaussian_features_f1100_labeled.csv
[density] frame_idx=1101: 窗口内35/73帧缺少T2产出(_marked.csv)，跳过不参与累加: ['f1065', 'f1066', 'f1067', 'f1068', 'f1069', 'f1070', 'f1071', 'f1072', 'f1073', 'f1074', 'f1075', 'f1076', 'f1077', 'f1078', 'f1079', 'f1080', 'f1081', 'f1082', 'f1083', 'f1084', 'f1085', 'f1086', 'f1087', 'f1088', 'f1089', 'f1090', 'f1091', 'f1092', 'f1093', 'f1094', 'f1095', 'f1096', 'f1097', 'f1098', 'f1099']

[f1101] n_total=710 n_kept=633 (89.2%)  n_frames_in_window=38
  body候选体素数(阈值+连通分量后)=62  body候选点数=292(46.1% of kept)
  wing连通性: 碎块点=87  实际改判=87
  confidence=high  (wing_merged强制low; body候选点数<20或>0.9*n_kept强制low; 否则high)
  L/R锚定: wing_A -> wing_L  wing_B -> wing_R
  part_label分布(全部点，含if_keep=False的1-NN传播): body=424  wing_L=138  wing_R=148
  labeled csv -> /home/computer0/fly_project/fly_gsplat/outputs/ctrl_009_006_ratio3_sh0_dense_mid200/ratio3_sh0_dense/f1101/splatfacto/2026-08-20_200105/gaussian_features_f1101_labeled.csv
[density] frame_idx=1102: 窗口内34/73帧缺少T2产出(_marked.csv)，跳过不参与累加: ['f1066', 'f1067', 'f1068', 'f1069', 'f1070', 'f1071', 'f1072', 'f1073', 'f1074', 'f1075', 'f1076', 'f1077', 'f1078', 'f1079', 'f1080', 'f1081', 'f1082', 'f1083', 'f1084', 'f1085', 'f1086', 'f1087', 'f1088', 'f1089', 'f1090', 'f1091', 'f1092', 'f1093', 'f1094', 'f1095', 'f1096', 'f1097', 'f1098', 'f1099']

[f1102] n_total=727 n_kept=633 (87.1%)  n_frames_in_window=39
  body候选体素数(阈值+连通分量后)=64  body候选点数=337(53.2% of kept)
  wing连通性: 碎块点=92  实际改判=92
  confidence=high  (wing_merged强制low; body候选点数<20或>0.9*n_kept强制low; 否则high)
  L/R锚定: wing_A -> wing_R  wing_B -> wing_L
  part_label分布(全部点，含if_keep=False的1-NN传播): body=472  wing_L=115  wing_R=140
  labeled csv -> /home/computer0/fly_project/fly_gsplat/outputs/ctrl_009_006_ratio3_sh0_dense_mid200/ratio3_sh0_dense/f1102/splatfacto/2026-08-20_200105/gaussian_features_f1102_labeled.csv
[density] frame_idx=1103: 窗口内33/73帧缺少T2产出(_marked.csv)，跳过不参与累加: ['f1067', 'f1068', 'f1069', 'f1070', 'f1071', 'f1072', 'f1073', 'f1074', 'f1075', 'f1076', 'f1077', 'f1078', 'f1079', 'f1080', 'f1081', 'f1082', 'f1083', 'f1084', 'f1085', 'f1086', 'f1087', 'f1088', 'f1089', 'f1090', 'f1091', 'f1092', 'f1093', 'f1094', 'f1095', 'f1096', 'f1097', 'f1098', 'f1099']

[f1103] n_total=710 n_kept=635 (89.4%)  n_frames_in_window=40
  body候选体素数(阈值+连通分量后)=67  body候选点数=347(54.6% of kept)
  wing连通性: 碎块点=52  实际改判=52
  confidence=high  (wing_merged强制low; body候选点数<20或>0.9*n_kept强制low; 否则high)
  L/R锚定: wing_A -> wing_L  wing_B -> wing_R
  part_label分布(全部点，含if_keep=False的1-NN传播): body=429  wing_L=209  wing_R=72
  labeled csv -> /home/computer0/fly_project/fly_gsplat/outputs/ctrl_009_006_ratio3_sh0_dense_mid200/ratio3_sh0_dense/f1103/splatfacto/2026-08-20_200103/gaussian_features_f1103_labeled.csv
[density] frame_idx=1104: 窗口内32/73帧缺少T2产出(_marked.csv)，跳过不参与累加: ['f1068', 'f1069', 'f1070', 'f1071', 'f1072', 'f1073', 'f1074', 'f1075', 'f1076', 'f1077', 'f1078', 'f1079', 'f1080', 'f1081', 'f1082', 'f1083', 'f1084', 'f1085', 'f1086', 'f1087', 'f1088', 'f1089', 'f1090', 'f1091', 'f1092', 'f1093', 'f1094', 'f1095', 'f1096', 'f1097', 'f1098', 'f1099']

[f1104] n_total=726 n_kept=638 (87.9%)  n_frames_in_window=41
  body候选体素数(阈值+连通分量后)=70  body候选点数=334(52.4% of kept)
  wing连通性: 碎块点=123  实际改判=123
  confidence=high  (wing_merged强制low; body候选点数<20或>0.9*n_kept强制low; 否则high)
  L/R锚定: wing_A -> wing_L  wing_B -> wing_R
  part_label分布(全部点，含if_keep=False的1-NN传播): body=498  wing_L=147  wing_R=81
  labeled csv -> /home/computer0/fly_project/fly_gsplat/outputs/ctrl_009_006_ratio3_sh0_dense_mid200/ratio3_sh0_dense/f1104/splatfacto/2026-08-20_200105/gaussian_features_f1104_labeled.csv
[density] frame_idx=1105: 窗口内31/73帧缺少T2产出(_marked.csv)，跳过不参与累加: ['f1069', 'f1070', 'f1071', 'f1072', 'f1073', 'f1074', 'f1075', 'f1076', 'f1077', 'f1078', 'f1079', 'f1080', 'f1081', 'f1082', 'f1083', 'f1084', 'f1085', 'f1086', 'f1087', 'f1088', 'f1089', 'f1090', 'f1091', 'f1092', 'f1093', 'f1094', 'f1095', 'f1096', 'f1097', 'f1098', 'f1099']

[f1105] n_total=665 n_kept=589 (88.6%)  n_frames_in_window=42
  body候选体素数(阈值+连通分量后)=72  body候选点数=306(52.0% of kept)
  wing连通性: 碎块点=77  实际改判=77
  confidence=high  (wing_merged强制low; body候选点数<20或>0.9*n_kept强制low; 否则high)
  L/R锚定: wing_A -> wing_R  wing_B -> wing_L
  part_label分布(全部点，含if_keep=False的1-NN传播): body=428  wing_L=103  wing_R=134
  labeled csv -> /home/computer0/fly_project/fly_gsplat/outputs/ctrl_009_006_ratio3_sh0_dense_mid200/ratio3_sh0_dense/f1105/splatfacto/2026-08-20_200104/gaussian_features_f1105_labeled.csv
[density] frame_idx=1106: 窗口内30/73帧缺少T2产出(_marked.csv)，跳过不参与累加: ['f1070', 'f1071', 'f1072', 'f1073', 'f1074', 'f1075', 'f1076', 'f1077', 'f1078', 'f1079', 'f1080', 'f1081', 'f1082', 'f1083', 'f1084', 'f1085', 'f1086', 'f1087', 'f1088', 'f1089', 'f1090', 'f1091', 'f1092', 'f1093', 'f1094', 'f1095', 'f1096', 'f1097', 'f1098', 'f1099']

[f1106] n_total=671 n_kept=580 (86.4%)  n_frames_in_window=43
  body候选体素数(阈值+连通分量后)=74  body候选点数=340(58.6% of kept)
  wing连通性: 碎块点=60  实际改判=60
  confidence=high  (wing_merged强制low; body候选点数<20或>0.9*n_kept强制low; 否则high)
  L/R锚定: wing_A -> wing_L  wing_B -> wing_R
  part_label分布(全部点，含if_keep=False的1-NN传播): body=456  wing_L=137  wing_R=78
  labeled csv -> /home/computer0/fly_project/fly_gsplat/outputs/ctrl_009_006_ratio3_sh0_dense_mid200/ratio3_sh0_dense/f1106/splatfacto/2026-08-20_200104/gaussian_features_f1106_labeled.csv
[density] frame_idx=1107: 窗口内29/73帧缺少T2产出(_marked.csv)，跳过不参与累加: ['f1071', 'f1072', 'f1073', 'f1074', 'f1075', 'f1076', 'f1077', 'f1078', 'f1079', 'f1080', 'f1081', 'f1082', 'f1083', 'f1084', 'f1085', 'f1086', 'f1087', 'f1088', 'f1089', 'f1090', 'f1091', 'f1092', 'f1093', 'f1094', 'f1095', 'f1096', 'f1097', 'f1098', 'f1099']

[f1107] n_total=625 n_kept=565 (90.4%)  n_frames_in_window=44
  body候选体素数(阈值+连通分量后)=77  body候选点数=314(55.6% of kept)
  wing连通性: 碎块点=80  实际改判=80
  confidence=high  (wing_merged强制low; body候选点数<20或>0.9*n_kept强制low; 否则high)
  L/R锚定: wing_A -> wing_L  wing_B -> wing_R
  part_label分布(全部点，含if_keep=False的1-NN传播): body=429  wing_L=133  wing_R=63
  labeled csv -> /home/computer0/fly_project/fly_gsplat/outputs/ctrl_009_006_ratio3_sh0_dense_mid200/ratio3_sh0_dense/f1107/splatfacto/2026-08-20_200105/gaussian_features_f1107_labeled.csv
[density] frame_idx=1108: 窗口内28/73帧缺少T2产出(_marked.csv)，跳过不参与累加: ['f1072', 'f1073', 'f1074', 'f1075', 'f1076', 'f1077', 'f1078', 'f1079', 'f1080', 'f1081', 'f1082', 'f1083', 'f1084', 'f1085', 'f1086', 'f1087', 'f1088', 'f1089', 'f1090', 'f1091', 'f1092', 'f1093', 'f1094', 'f1095', 'f1096', 'f1097', 'f1098', 'f1099']

[f1108] n_total=621 n_kept=540 (87.0%)  n_frames_in_window=45
  body候选体素数(阈值+连通分量后)=78  body候选点数=340(63.0% of kept)
  wing连通性: 碎块点=52  实际改判=52
  confidence=high  (wing_merged强制low; body候选点数<20或>0.9*n_kept强制low; 否则high)
  L/R锚定: wing_A -> wing_L  wing_B -> wing_R
  part_label分布(全部点，含if_keep=False的1-NN传播): body=446  wing_L=111  wing_R=64
  labeled csv -> /home/computer0/fly_project/fly_gsplat/outputs/ctrl_009_006_ratio3_sh0_dense_mid200/ratio3_sh0_dense/f1108/splatfacto/2026-08-20_200104/gaussian_features_f1108_labeled.csv
[density] frame_idx=1109: 窗口内27/73帧缺少T2产出(_marked.csv)，跳过不参与累加: ['f1073', 'f1074', 'f1075', 'f1076', 'f1077', 'f1078', 'f1079', 'f1080', 'f1081', 'f1082', 'f1083', 'f1084', 'f1085', 'f1086', 'f1087', 'f1088', 'f1089', 'f1090', 'f1091', 'f1092', 'f1093', 'f1094', 'f1095', 'f1096', 'f1097', 'f1098', 'f1099']

[f1109] n_total=654 n_kept=561 (85.8%)  n_frames_in_window=46
  body候选体素数(阈值+连通分量后)=80  body候选点数=351(62.6% of kept)
  wing连通性: 碎块点=43  实际改判=43
  confidence=high  (wing_merged强制low; body候选点数<20或>0.9*n_kept强制low; 否则high)
  L/R锚定: wing_A -> wing_L  wing_B -> wing_R
  part_label分布(全部点，含if_keep=False的1-NN传播): body=465  wing_L=115  wing_R=74
  labeled csv -> /home/computer0/fly_project/fly_gsplat/outputs/ctrl_009_006_ratio3_sh0_dense_mid200/ratio3_sh0_dense/f1109/splatfacto/2026-08-20_200105/gaussian_features_f1109_labeled.csv
[density] frame_idx=1110: 窗口内26/73帧缺少T2产出(_marked.csv)，跳过不参与累加: ['f1074', 'f1075', 'f1076', 'f1077', 'f1078', 'f1079', 'f1080', 'f1081', 'f1082', 'f1083', 'f1084', 'f1085', 'f1086', 'f1087', 'f1088', 'f1089', 'f1090', 'f1091', 'f1092', 'f1093', 'f1094', 'f1095', 'f1096', 'f1097', 'f1098', 'f1099']

[f1110] n_total=675 n_kept=597 (88.4%)  n_frames_in_window=47
  body候选体素数(阈值+连通分量后)=81  body候选点数=385(64.5% of kept)
  wing连通性: 碎块点=30  实际改判=30
  confidence=high  (wing_merged强制low; body候选点数<20或>0.9*n_kept强制low; 否则high)
  L/R锚定: wing_A -> wing_L  wing_B -> wing_R
  part_label分布(全部点，含if_keep=False的1-NN传播): body=462  wing_L=133  wing_R=80
  labeled csv -> /home/computer0/fly_project/fly_gsplat/outputs/ctrl_009_006_ratio3_sh0_dense_mid200/ratio3_sh0_dense/f1110/splatfacto/2026-08-20_200105/gaussian_features_f1110_labeled.csv
[density] frame_idx=1111: 窗口内25/73帧缺少T2产出(_marked.csv)，跳过不参与累加: ['f1075', 'f1076', 'f1077', 'f1078', 'f1079', 'f1080', 'f1081', 'f1082', 'f1083', 'f1084', 'f1085', 'f1086', 'f1087', 'f1088', 'f1089', 'f1090', 'f1091', 'f1092', 'f1093', 'f1094', 'f1095', 'f1096', 'f1097', 'f1098', 'f1099']

[f1111] n_total=693 n_kept=587 (84.7%)  n_frames_in_window=48
  body候选体素数(阈值+连通分量后)=82  body候选点数=402(68.5% of kept)
  wing连通性: 碎块点=37  实际改判=37
  confidence=high  (wing_merged强制low; body候选点数<20或>0.9*n_kept强制low; 否则high)
  L/R锚定: wing_A -> wing_L  wing_B -> wing_R
  part_label分布(全部点，含if_keep=False的1-NN传播): body=508  wing_L=123  wing_R=62
  labeled csv -> /home/computer0/fly_project/fly_gsplat/outputs/ctrl_009_006_ratio3_sh0_dense_mid200/ratio3_sh0_dense/f1111/splatfacto/2026-08-20_200105/gaussian_features_f1111_labeled.csv
[density] frame_idx=1112: 窗口内24/73帧缺少T2产出(_marked.csv)，跳过不参与累加: ['f1076', 'f1077', 'f1078', 'f1079', 'f1080', 'f1081', 'f1082', 'f1083', 'f1084', 'f1085', 'f1086', 'f1087', 'f1088', 'f1089', 'f1090', 'f1091', 'f1092', 'f1093', 'f1094', 'f1095', 'f1096', 'f1097', 'f1098', 'f1099']

[f1112] n_total=706 n_kept=604 (85.6%)  n_frames_in_window=49
  body候选体素数(阈值+连通分量后)=84  body候选点数=440(72.8% of kept)
  wing连通性: 碎块点=37  实际改判=37
  confidence=high  (wing_merged强制low; body候选点数<20或>0.9*n_kept强制low; 否则high)
  L/R锚定: wing_A -> wing_L  wing_B -> wing_R
  part_label分布(全部点，含if_keep=False的1-NN传播): body=528  wing_L=116  wing_R=62
  labeled csv -> /home/computer0/fly_project/fly_gsplat/outputs/ctrl_009_006_ratio3_sh0_dense_mid200/ratio3_sh0_dense/f1112/splatfacto/2026-08-20_200301/gaussian_features_f1112_labeled.csv
[density] frame_idx=1113: 窗口内23/73帧缺少T2产出(_marked.csv)，跳过不参与累加: ['f1077', 'f1078', 'f1079', 'f1080', 'f1081', 'f1082', 'f1083', 'f1084', 'f1085', 'f1086', 'f1087', 'f1088', 'f1089', 'f1090', 'f1091', 'f1092', 'f1093', 'f1094', 'f1095', 'f1096', 'f1097', 'f1098', 'f1099']

[f1113] n_total=709 n_kept=630 (88.9%)  n_frames_in_window=50
  body候选体素数(阈值+连通分量后)=89  body候选点数=410(65.1% of kept)
  wing连通性: 碎块点=35  实际改判=35
  confidence=high  (wing_merged强制low; body候选点数<20或>0.9*n_kept强制low; 否则high)
  L/R锚定: wing_A -> wing_L  wing_B -> wing_R
  part_label分布(全部点，含if_keep=False的1-NN传播): body=506  wing_L=123  wing_R=80
  labeled csv -> /home/computer0/fly_project/fly_gsplat/outputs/ctrl_009_006_ratio3_sh0_dense_mid200/ratio3_sh0_dense/f1113/splatfacto/2026-08-20_200301/gaussian_features_f1113_labeled.csv
[density] frame_idx=1114: 窗口内22/73帧缺少T2产出(_marked.csv)，跳过不参与累加: ['f1078', 'f1079', 'f1080', 'f1081', 'f1082', 'f1083', 'f1084', 'f1085', 'f1086', 'f1087', 'f1088', 'f1089', 'f1090', 'f1091', 'f1092', 'f1093', 'f1094', 'f1095', 'f1096', 'f1097', 'f1098', 'f1099']

[f1114] n_total=698 n_kept=614 (88.0%)  n_frames_in_window=51
  body候选体素数(阈值+连通分量后)=92  body候选点数=448(73.0% of kept)
  wing连通性: 碎块点=14  实际改判=14
  confidence=high  (wing_merged强制low; body候选点数<20或>0.9*n_kept强制low; 否则high)
  L/R锚定: wing_A -> wing_L  wing_B -> wing_R
  part_label分布(全部点，含if_keep=False的1-NN传播): body=528  wing_L=100  wing_R=70
  labeled csv -> /home/computer0/fly_project/fly_gsplat/outputs/ctrl_009_006_ratio3_sh0_dense_mid200/ratio3_sh0_dense/f1114/splatfacto/2026-08-20_200302/gaussian_features_f1114_labeled.csv
[density] frame_idx=1115: 窗口内21/73帧缺少T2产出(_marked.csv)，跳过不参与累加: ['f1079', 'f1080', 'f1081', 'f1082', 'f1083', 'f1084', 'f1085', 'f1086', 'f1087', 'f1088', 'f1089', 'f1090', 'f1091', 'f1092', 'f1093', 'f1094', 'f1095', 'f1096', 'f1097', 'f1098', 'f1099']

[f1115] n_total=745 n_kept=634 (85.1%)  n_frames_in_window=52
  body候选体素数(阈值+连通分量后)=92  body候选点数=455(71.8% of kept)
  wing连通性: 碎块点=25  实际改判=25
  confidence=high  (wing_merged强制low; body候选点数<20或>0.9*n_kept强制low; 否则high)
  L/R锚定: wing_A -> wing_L  wing_B -> wing_R
  part_label分布(全部点，含if_keep=False的1-NN传播): body=567  wing_L=103  wing_R=75
  labeled csv -> /home/computer0/fly_project/fly_gsplat/outputs/ctrl_009_006_ratio3_sh0_dense_mid200/ratio3_sh0_dense/f1115/splatfacto/2026-08-20_200302/gaussian_features_f1115_labeled.csv
[density] frame_idx=1116: 窗口内20/73帧缺少T2产出(_marked.csv)，跳过不参与累加: ['f1080', 'f1081', 'f1082', 'f1083', 'f1084', 'f1085', 'f1086', 'f1087', 'f1088', 'f1089', 'f1090', 'f1091', 'f1092', 'f1093', 'f1094', 'f1095', 'f1096', 'f1097', 'f1098', 'f1099']

[f1116] n_total=665 n_kept=577 (86.8%)  n_frames_in_window=53
  body候选体素数(阈值+连通分量后)=96  body候选点数=384(66.6% of kept)
  wing连通性: 碎块点=23  实际改判=23
  confidence=high  (wing_merged强制low; body候选点数<20或>0.9*n_kept强制low; 否则high)
  L/R锚定: wing_A -> wing_L  wing_B -> wing_R
  part_label分布(全部点，含if_keep=False的1-NN传播): body=483  wing_L=105  wing_R=77
  labeled csv -> /home/computer0/fly_project/fly_gsplat/outputs/ctrl_009_006_ratio3_sh0_dense_mid200/ratio3_sh0_dense/f1116/splatfacto/2026-08-20_200302/gaussian_features_f1116_labeled.csv
[density] frame_idx=1117: 窗口内19/73帧缺少T2产出(_marked.csv)，跳过不参与累加: ['f1081', 'f1082', 'f1083', 'f1084', 'f1085', 'f1086', 'f1087', 'f1088', 'f1089', 'f1090', 'f1091', 'f1092', 'f1093', 'f1094', 'f1095', 'f1096', 'f1097', 'f1098', 'f1099']

[f1117] n_total=653 n_kept=563 (86.2%)  n_frames_in_window=54
  body候选体素数(阈值+连通分量后)=97  body候选点数=388(68.9% of kept)
  wing连通性: 碎块点=28  实际改判=28
  confidence=high  (wing_merged强制low; body候选点数<20或>0.9*n_kept强制low; 否则high)
  L/R锚定: wing_A -> wing_L  wing_B -> wing_R
  part_label分布(全部点，含if_keep=False的1-NN传播): body=483  wing_L=97  wing_R=73
  labeled csv -> /home/computer0/fly_project/fly_gsplat/outputs/ctrl_009_006_ratio3_sh0_dense_mid200/ratio3_sh0_dense/f1117/splatfacto/2026-08-20_200302/gaussian_features_f1117_labeled.csv
[density] frame_idx=1118: 窗口内18/73帧缺少T2产出(_marked.csv)，跳过不参与累加: ['f1082', 'f1083', 'f1084', 'f1085', 'f1086', 'f1087', 'f1088', 'f1089', 'f1090', 'f1091', 'f1092', 'f1093', 'f1094', 'f1095', 'f1096', 'f1097', 'f1098', 'f1099']

[f1118] n_total=606 n_kept=530 (87.5%)  n_frames_in_window=55
  body候选体素数(阈值+连通分量后)=101  body候选点数=357(67.4% of kept)
  wing连通性: 碎块点=18  实际改判=18
  confidence=high  (wing_merged强制low; body候选点数<20或>0.9*n_kept强制low; 否则high)
  L/R锚定: wing_A -> wing_L  wing_B -> wing_R
  part_label分布(全部点，含if_keep=False的1-NN传播): body=436  wing_L=89  wing_R=81
  labeled csv -> /home/computer0/fly_project/fly_gsplat/outputs/ctrl_009_006_ratio3_sh0_dense_mid200/ratio3_sh0_dense/f1118/splatfacto/2026-08-20_200303/gaussian_features_f1118_labeled.csv
[density] frame_idx=1119: 窗口内17/73帧缺少T2产出(_marked.csv)，跳过不参与累加: ['f1083', 'f1084', 'f1085', 'f1086', 'f1087', 'f1088', 'f1089', 'f1090', 'f1091', 'f1092', 'f1093', 'f1094', 'f1095', 'f1096', 'f1097', 'f1098', 'f1099']

[f1119] n_total=626 n_kept=537 (85.8%)  n_frames_in_window=56
  body候选体素数(阈值+连通分量后)=102  body候选点数=331(61.6% of kept)
  wing连通性: 碎块点=37  实际改判=37
  confidence=high  (wing_merged强制low; body候选点数<20或>0.9*n_kept强制low; 否则high)
  L/R锚定: wing_A -> wing_R  wing_B -> wing_L
  part_label分布(全部点，含if_keep=False的1-NN传播): body=438  wing_L=93  wing_R=95
  labeled csv -> /home/computer0/fly_project/fly_gsplat/outputs/ctrl_009_006_ratio3_sh0_dense_mid200/ratio3_sh0_dense/f1119/splatfacto/2026-08-20_200303/gaussian_features_f1119_labeled.csv
[density] frame_idx=1120: 窗口内16/73帧缺少T2产出(_marked.csv)，跳过不参与累加: ['f1084', 'f1085', 'f1086', 'f1087', 'f1088', 'f1089', 'f1090', 'f1091', 'f1092', 'f1093', 'f1094', 'f1095', 'f1096', 'f1097', 'f1098', 'f1099']

[f1120] n_total=720 n_kept=628 (87.2%)  n_frames_in_window=57
  body候选体素数(阈值+连通分量后)=103  body候选点数=398(63.4% of kept)
  wing连通性: 碎块点=33  实际改判=33
  confidence=high  (wing_merged强制low; body候选点数<20或>0.9*n_kept强制low; 否则high)
  L/R锚定: wing_A -> wing_L  wing_B -> wing_R
  part_label分布(全部点，含if_keep=False的1-NN传播): body=501  wing_L=118  wing_R=101
  labeled csv -> /home/computer0/fly_project/fly_gsplat/outputs/ctrl_009_006_ratio3_sh0_dense_mid200/ratio3_sh0_dense/f1120/splatfacto/2026-08-20_200303/gaussian_features_f1120_labeled.csv
[density] frame_idx=1121: 窗口内15/73帧缺少T2产出(_marked.csv)，跳过不参与累加: ['f1085', 'f1086', 'f1087', 'f1088', 'f1089', 'f1090', 'f1091', 'f1092', 'f1093', 'f1094', 'f1095', 'f1096', 'f1097', 'f1098', 'f1099']

[f1121] n_total=710 n_kept=607 (85.5%)  n_frames_in_window=58
  body候选体素数(阈值+连通分量后)=108  body候选点数=392(64.6% of kept)
  wing连通性: 碎块点=40  实际改判=40
  confidence=high  (wing_merged强制low; body候选点数<20或>0.9*n_kept强制low; 否则high)
  L/R锚定: wing_A -> wing_L  wing_B -> wing_R
  part_label分布(全部点，含if_keep=False的1-NN传播): body=493  wing_L=108  wing_R=109
  labeled csv -> /home/computer0/fly_project/fly_gsplat/outputs/ctrl_009_006_ratio3_sh0_dense_mid200/ratio3_sh0_dense/f1121/splatfacto/2026-08-20_200303/gaussian_features_f1121_labeled.csv
[density] frame_idx=1122: 窗口内14/73帧缺少T2产出(_marked.csv)，跳过不参与累加: ['f1086', 'f1087', 'f1088', 'f1089', 'f1090', 'f1091', 'f1092', 'f1093', 'f1094', 'f1095', 'f1096', 'f1097', 'f1098', 'f1099']

[f1122] n_total=704 n_kept=617 (87.6%)  n_frames_in_window=59
  body候选体素数(阈值+连通分量后)=109  body候选点数=376(60.9% of kept)
  wing连通性: 碎块点=33  实际改判=33
  confidence=high  (wing_merged强制low; body候选点数<20或>0.9*n_kept强制low; 否则high)
  L/R锚定: wing_A -> wing_R  wing_B -> wing_L
  part_label分布(全部点，含if_keep=False的1-NN传播): body=480  wing_L=81  wing_R=143
  labeled csv -> /home/computer0/fly_project/fly_gsplat/outputs/ctrl_009_006_ratio3_sh0_dense_mid200/ratio3_sh0_dense/f1122/splatfacto/2026-08-20_200302/gaussian_features_f1122_labeled.csv
[density] frame_idx=1123: 窗口内13/73帧缺少T2产出(_marked.csv)，跳过不参与累加: ['f1087', 'f1088', 'f1089', 'f1090', 'f1091', 'f1092', 'f1093', 'f1094', 'f1095', 'f1096', 'f1097', 'f1098', 'f1099']

[f1123] n_total=676 n_kept=596 (88.2%)  n_frames_in_window=60
  body候选体素数(阈值+连通分量后)=110  body候选点数=332(55.7% of kept)
  wing连通性: 碎块点=37  实际改判=37
  confidence=high  (wing_merged强制low; body候选点数<20或>0.9*n_kept强制low; 否则high)
  L/R锚定: wing_A -> wing_R  wing_B -> wing_L
  part_label分布(全部点，含if_keep=False的1-NN传播): body=423  wing_L=103  wing_R=150
  labeled csv -> /home/computer0/fly_project/fly_gsplat/outputs/ctrl_009_006_ratio3_sh0_dense_mid200/ratio3_sh0_dense/f1123/splatfacto/2026-08-20_200303/gaussian_features_f1123_labeled.csv
[density] frame_idx=1124: 窗口内12/73帧缺少T2产出(_marked.csv)，跳过不参与累加: ['f1088', 'f1089', 'f1090', 'f1091', 'f1092', 'f1093', 'f1094', 'f1095', 'f1096', 'f1097', 'f1098', 'f1099']

[f1124] n_total=693 n_kept=596 (86.0%)  n_frames_in_window=61
  body候选体素数(阈值+连通分量后)=112  body候选点数=324(54.4% of kept)
  wing连通性: 碎块点=29  实际改判=29
  confidence=high  (wing_merged强制low; body候选点数<20或>0.9*n_kept强制low; 否则high)
  L/R锚定: wing_A -> wing_R  wing_B -> wing_L
  part_label分布(全部点，含if_keep=False的1-NN传播): body=395  wing_L=55  wing_R=243
  labeled csv -> /home/computer0/fly_project/fly_gsplat/outputs/ctrl_009_006_ratio3_sh0_dense_mid200/ratio3_sh0_dense/f1124/splatfacto/2026-08-20_200457/gaussian_features_f1124_labeled.csv
[density] frame_idx=1125: 窗口内11/73帧缺少T2产出(_marked.csv)，跳过不参与累加: ['f1089', 'f1090', 'f1091', 'f1092', 'f1093', 'f1094', 'f1095', 'f1096', 'f1097', 'f1098', 'f1099']

[f1125] n_total=832 n_kept=743 (89.3%)  n_frames_in_window=62
  body候选体素数(阈值+连通分量后)=112  body候选点数=391(52.6% of kept)
  wing连通性: 碎块点=28  实际改判=28
  confidence=high  (wing_merged强制low; body候选点数<20或>0.9*n_kept强制low; 否则high)
  L/R锚定: wing_A -> wing_R  wing_B -> wing_L
  part_label分布(全部点，含if_keep=False的1-NN传播): body=482  wing_L=38  wing_R=312
  labeled csv -> /home/computer0/fly_project/fly_gsplat/outputs/ctrl_009_006_ratio3_sh0_dense_mid200/ratio3_sh0_dense/f1125/splatfacto/2026-08-20_200458/gaussian_features_f1125_labeled.csv
[density] frame_idx=1126: 窗口内10/73帧缺少T2产出(_marked.csv)，跳过不参与累加: ['f1090', 'f1091', 'f1092', 'f1093', 'f1094', 'f1095', 'f1096', 'f1097', 'f1098', 'f1099']

[f1126] n_total=790 n_kept=686 (86.8%)  n_frames_in_window=63
  body候选体素数(阈值+连通分量后)=113  body候选点数=346(50.4% of kept)
  wing连通性: 碎块点=34  实际改判=34
  confidence=high  (wing_merged强制low; body候选点数<20或>0.9*n_kept强制low; 否则high)
  L/R锚定: wing_A -> wing_L  wing_B -> wing_R
  part_label分布(全部点，含if_keep=False的1-NN传播): body=416  wing_L=329  wing_R=45
  labeled csv -> /home/computer0/fly_project/fly_gsplat/outputs/ctrl_009_006_ratio3_sh0_dense_mid200/ratio3_sh0_dense/f1126/splatfacto/2026-08-20_200459/gaussian_features_f1126_labeled.csv
[density] frame_idx=1127: 窗口内9/73帧缺少T2产出(_marked.csv)，跳过不参与累加: ['f1091', 'f1092', 'f1093', 'f1094', 'f1095', 'f1096', 'f1097', 'f1098', 'f1099']
  [警告][f1127] wing_merged_forced_split: wing候选点的连通分量分析后只有1个显著分量(贴一起无法物理拆分)，强行按x_body×up投影中位数切成两半，强制confidence=low

[f1127] n_total=812 n_kept=691 (85.1%)  n_frames_in_window=64
  body候选体素数(阈值+连通分量后)=113  body候选点数=328(47.5% of kept)
  wing连通性: 碎块点=13  实际改判=13
  confidence=low  (wing_merged强制low; body候选点数<20或>0.9*n_kept强制low; 否则high)
  L/R锚定: wing_A -> wing_R  wing_B -> wing_L
  part_label分布(全部点，含if_keep=False的1-NN传播): body=406  wing_L=206  wing_R=200
  labeled csv -> /home/computer0/fly_project/fly_gsplat/outputs/ctrl_009_006_ratio3_sh0_dense_mid200/ratio3_sh0_dense/f1127/splatfacto/2026-08-20_200459/gaussian_features_f1127_labeled.csv
[density] frame_idx=1128: 窗口内8/73帧缺少T2产出(_marked.csv)，跳过不参与累加: ['f1092', 'f1093', 'f1094', 'f1095', 'f1096', 'f1097', 'f1098', 'f1099']
  [警告][f1128] wing_merged_forced_split: wing候选点的连通分量分析后只有1个显著分量(贴一起无法物理拆分)，强行按x_body×up投影中位数切成两半，强制confidence=low

[f1128] n_total=896 n_kept=776 (86.6%)  n_frames_in_window=65
  body候选体素数(阈值+连通分量后)=115  body候选点数=267(34.4% of kept)
  wing连通性: 碎块点=30  实际改判=30
  confidence=low  (wing_merged强制low; body候选点数<20或>0.9*n_kept强制low; 否则high)
  L/R锚定: wing_A -> wing_R  wing_B -> wing_L
  part_label分布(全部点，含if_keep=False的1-NN传播): body=337  wing_L=281  wing_R=278
  labeled csv -> /home/computer0/fly_project/fly_gsplat/outputs/ctrl_009_006_ratio3_sh0_dense_mid200/ratio3_sh0_dense/f1128/splatfacto/2026-08-20_200459/gaussian_features_f1128_labeled.csv
[density] frame_idx=1129: 窗口内7/73帧缺少T2产出(_marked.csv)，跳过不参与累加: ['f1093', 'f1094', 'f1095', 'f1096', 'f1097', 'f1098', 'f1099']
  [警告][f1129] wing_merged_forced_split: wing候选点的连通分量分析后只有1个显著分量(贴一起无法物理拆分)，强行按x_body×up投影中位数切成两半，强制confidence=low

[f1129] n_total=967 n_kept=851 (88.0%)  n_frames_in_window=66
  body候选体素数(阈值+连通分量后)=117  body候选点数=287(33.7% of kept)
  wing连通性: 碎块点=22  实际改判=22
  confidence=low  (wing_merged强制low; body候选点数<20或>0.9*n_kept强制low; 否则high)
  L/R锚定: wing_A -> wing_R  wing_B -> wing_L
  part_label分布(全部点，含if_keep=False的1-NN传播): body=370  wing_L=297  wing_R=300
  labeled csv -> /home/computer0/fly_project/fly_gsplat/outputs/ctrl_009_006_ratio3_sh0_dense_mid200/ratio3_sh0_dense/f1129/splatfacto/2026-08-20_200458/gaussian_features_f1129_labeled.csv
[density] frame_idx=1130: 窗口内6/73帧缺少T2产出(_marked.csv)，跳过不参与累加: ['f1094', 'f1095', 'f1096', 'f1097', 'f1098', 'f1099']
  [警告][f1130] wing_merged_forced_split: wing候选点的连通分量分析后只有1个显著分量(贴一起无法物理拆分)，强行按x_body×up投影中位数切成两半，强制confidence=low

[f1130] n_total=980 n_kept=880 (89.8%)  n_frames_in_window=67
  body候选体素数(阈值+连通分量后)=118  body候选点数=306(34.8% of kept)
  wing连通性: 碎块点=25  实际改判=25
  confidence=low  (wing_merged强制low; body候选点数<20或>0.9*n_kept强制low; 否则high)
  L/R锚定: wing_A -> wing_R  wing_B -> wing_L
  part_label分布(全部点，含if_keep=False的1-NN传播): body=367  wing_L=300  wing_R=313
  labeled csv -> /home/computer0/fly_project/fly_gsplat/outputs/ctrl_009_006_ratio3_sh0_dense_mid200/ratio3_sh0_dense/f1130/splatfacto/2026-08-20_200458/gaussian_features_f1130_labeled.csv
[density] frame_idx=1131: 窗口内5/73帧缺少T2产出(_marked.csv)，跳过不参与累加: ['f1095', 'f1096', 'f1097', 'f1098', 'f1099']
  [警告][f1131] wing_merged_forced_split: wing候选点的连通分量分析后只有1个显著分量(贴一起无法物理拆分)，强行按x_body×up投影中位数切成两半，强制confidence=low

[f1131] n_total=984 n_kept=852 (86.6%)  n_frames_in_window=68
  body候选体素数(阈值+连通分量后)=118  body候选点数=307(36.0% of kept)
  wing连通性: 碎块点=33  实际改判=33
  confidence=low  (wing_merged强制low; body候选点数<20或>0.9*n_kept强制low; 否则high)
  L/R锚定: wing_A -> wing_R  wing_B -> wing_L
  part_label分布(全部点，含if_keep=False的1-NN传播): body=387  wing_L=289  wing_R=308
  labeled csv -> /home/computer0/fly_project/fly_gsplat/outputs/ctrl_009_006_ratio3_sh0_dense_mid200/ratio3_sh0_dense/f1131/splatfacto/2026-08-20_200500/gaussian_features_f1131_labeled.csv
[density] frame_idx=1132: 窗口内4/73帧缺少T2产出(_marked.csv)，跳过不参与累加: ['f1096', 'f1097', 'f1098', 'f1099']

[f1132] n_total=866 n_kept=731 (84.4%)  n_frames_in_window=69
  body候选体素数(阈值+连通分量后)=121  body候选点数=349(47.7% of kept)
  wing连通性: 碎块点=59  实际改判=59
  confidence=high  (wing_merged强制low; body候选点数<20或>0.9*n_kept强制low; 否则high)
  L/R锚定: wing_A -> wing_L  wing_B -> wing_R
  part_label分布(全部点，含if_keep=False的1-NN传播): body=471  wing_L=340  wing_R=55
  labeled csv -> /home/computer0/fly_project/fly_gsplat/outputs/ctrl_009_006_ratio3_sh0_dense_mid200/ratio3_sh0_dense/f1132/splatfacto/2026-08-20_200459/gaussian_features_f1132_labeled.csv
[density] frame_idx=1133: 窗口内3/73帧缺少T2产出(_marked.csv)，跳过不参与累加: ['f1097', 'f1098', 'f1099']
  [警告][f1133] wing_merged_forced_split: wing候选点的连通分量分析后只有1个显著分量(贴一起无法物理拆分)，强行按x_body×up投影中位数切成两半，强制confidence=low

[f1133] n_total=764 n_kept=672 (88.0%)  n_frames_in_window=70
  body候选体素数(阈值+连通分量后)=124  body候选点数=365(54.3% of kept)
  wing连通性: 碎块点=11  实际改判=11
  confidence=low  (wing_merged强制low; body候选点数<20或>0.9*n_kept强制low; 否则high)
  L/R锚定: wing_A -> wing_R  wing_B -> wing_L
  part_label分布(全部点，含if_keep=False的1-NN传播): body=452  wing_L=154  wing_R=158
  labeled csv -> /home/computer0/fly_project/fly_gsplat/outputs/ctrl_009_006_ratio3_sh0_dense_mid200/ratio3_sh0_dense/f1133/splatfacto/2026-08-20_200500/gaussian_features_f1133_labeled.csv
[density] frame_idx=1134: 窗口内2/73帧缺少T2产出(_marked.csv)，跳过不参与累加: ['f1098', 'f1099']
  [警告][f1134] wing_merged_forced_split: wing候选点的连通分量分析后只有1个显著分量(贴一起无法物理拆分)，强行按x_body×up投影中位数切成两半，强制confidence=low

[f1134] n_total=736 n_kept=668 (90.8%)  n_frames_in_window=71
  body候选体素数(阈值+连通分量后)=127  body候选点数=391(58.5% of kept)
  wing连通性: 碎块点=13  实际改判=13
  confidence=low  (wing_merged强制low; body候选点数<20或>0.9*n_kept强制low; 否则high)
  L/R锚定: wing_A -> wing_R  wing_B -> wing_L
  part_label分布(全部点，含if_keep=False的1-NN传播): body=453  wing_L=141  wing_R=142
  labeled csv -> /home/computer0/fly_project/fly_gsplat/outputs/ctrl_009_006_ratio3_sh0_dense_mid200/ratio3_sh0_dense/f1134/splatfacto/2026-08-20_200459/gaussian_features_f1134_labeled.csv
[density] frame_idx=1135: 窗口内1/73帧缺少T2产出(_marked.csv)，跳过不参与累加: ['f1099']

[f1135] n_total=791 n_kept=684 (86.5%)  n_frames_in_window=72
  body候选体素数(阈值+连通分量后)=128  body候选点数=429(62.7% of kept)
  wing连通性: 碎块点=6  实际改判=6
  confidence=high  (wing_merged强制low; body候选点数<20或>0.9*n_kept强制low; 否则high)
  L/R锚定: wing_A -> wing_R  wing_B -> wing_L
  part_label分布(全部点，含if_keep=False的1-NN传播): body=515  wing_L=35  wing_R=241
  labeled csv -> /home/computer0/fly_project/fly_gsplat/outputs/ctrl_009_006_ratio3_sh0_dense_mid200/ratio3_sh0_dense/f1135/splatfacto/2026-08-20_200459/gaussian_features_f1135_labeled.csv
  [警告][f1136] wing_merged_forced_split: wing候选点的连通分量分析后只有1个显著分量(贴一起无法物理拆分)，强行按x_body×up投影中位数切成两半，强制confidence=low

[f1136] n_total=779 n_kept=692 (88.8%)  n_frames_in_window=73
  body候选体素数(阈值+连通分量后)=128  body候选点数=432(62.4% of kept)
  wing连通性: 碎块点=10  实际改判=10
  confidence=low  (wing_merged强制low; body候选点数<20或>0.9*n_kept强制low; 否则high)
  L/R锚定: wing_A -> wing_R  wing_B -> wing_L
  part_label分布(全部点，含if_keep=False的1-NN传播): body=501  wing_L=142  wing_R=136
  labeled csv -> /home/computer0/fly_project/fly_gsplat/outputs/ctrl_009_006_ratio3_sh0_dense_mid200/ratio3_sh0_dense/f1136/splatfacto/2026-08-20_200653/gaussian_features_f1136_labeled.csv
  [警告][f1137] wing_merged_forced_split: wing候选点的连通分量分析后只有1个显著分量(贴一起无法物理拆分)，强行按x_body×up投影中位数切成两半，强制confidence=low

[f1137] n_total=818 n_kept=729 (89.1%)  n_frames_in_window=73
  body候选体素数(阈值+连通分量后)=127  body候选点数=414(56.8% of kept)
  wing连通性: 碎块点=15  实际改判=15
  confidence=low  (wing_merged强制low; body候选点数<20或>0.9*n_kept强制low; 否则high)
  L/R锚定: wing_A -> wing_R  wing_B -> wing_L
  part_label分布(全部点，含if_keep=False的1-NN传播): body=483  wing_L=164  wing_R=171
  labeled csv -> /home/computer0/fly_project/fly_gsplat/outputs/ctrl_009_006_ratio3_sh0_dense_mid200/ratio3_sh0_dense/f1137/splatfacto/2026-08-20_200653/gaussian_features_f1137_labeled.csv

[f1138] n_total=837 n_kept=729 (87.1%)  n_frames_in_window=73
  body候选体素数(阈值+连通分量后)=127  body候选点数=417(57.2% of kept)
  wing连通性: 碎块点=12  实际改判=12
  confidence=high  (wing_merged强制low; body候选点数<20或>0.9*n_kept强制low; 否则high)
  L/R锚定: wing_A -> wing_L  wing_B -> wing_R
  part_label分布(全部点，含if_keep=False的1-NN传播): body=501  wing_L=199  wing_R=137
  labeled csv -> /home/computer0/fly_project/fly_gsplat/outputs/ctrl_009_006_ratio3_sh0_dense_mid200/ratio3_sh0_dense/f1138/splatfacto/2026-08-20_200654/gaussian_features_f1138_labeled.csv

[f1139] n_total=772 n_kept=679 (88.0%)  n_frames_in_window=73
  body候选体素数(阈值+连通分量后)=128  body候选点数=412(60.7% of kept)
  wing连通性: 碎块点=33  实际改判=33
  confidence=high  (wing_merged强制low; body候选点数<20或>0.9*n_kept强制low; 否则high)
  L/R锚定: wing_A -> wing_L  wing_B -> wing_R
  part_label分布(全部点，含if_keep=False的1-NN传播): body=499  wing_L=160  wing_R=113
  labeled csv -> /home/computer0/fly_project/fly_gsplat/outputs/ctrl_009_006_ratio3_sh0_dense_mid200/ratio3_sh0_dense/f1139/splatfacto/2026-08-20_200654/gaussian_features_f1139_labeled.csv

[f1140] n_total=770 n_kept=669 (86.9%)  n_frames_in_window=73
  body候选体素数(阈值+连通分量后)=128  body候选点数=392(58.6% of kept)
  wing连通性: 碎块点=24  实际改判=24
  confidence=high  (wing_merged强制low; body候选点数<20或>0.9*n_kept强制low; 否则high)
  L/R锚定: wing_A -> wing_L  wing_B -> wing_R
  part_label分布(全部点，含if_keep=False的1-NN传播): body=482  wing_L=157  wing_R=131
  labeled csv -> /home/computer0/fly_project/fly_gsplat/outputs/ctrl_009_006_ratio3_sh0_dense_mid200/ratio3_sh0_dense/f1140/splatfacto/2026-08-20_200655/gaussian_features_f1140_labeled.csv

[f1141] n_total=697 n_kept=619 (88.8%)  n_frames_in_window=73
  body候选体素数(阈值+连通分量后)=128  body候选点数=356(57.5% of kept)
  wing连通性: 碎块点=21  实际改判=21
  confidence=high  (wing_merged强制low; body候选点数<20或>0.9*n_kept强制low; 否则high)
  L/R锚定: wing_A -> wing_L  wing_B -> wing_R
  part_label分布(全部点，含if_keep=False的1-NN传播): body=438  wing_L=150  wing_R=109
  labeled csv -> /home/computer0/fly_project/fly_gsplat/outputs/ctrl_009_006_ratio3_sh0_dense_mid200/ratio3_sh0_dense/f1141/splatfacto/2026-08-20_200655/gaussian_features_f1141_labeled.csv

[f1142] n_total=760 n_kept=666 (87.6%)  n_frames_in_window=73
  body候选体素数(阈值+连通分量后)=129  body候选点数=391(58.7% of kept)
  wing连通性: 碎块点=20  实际改判=20
  confidence=high  (wing_merged强制low; body候选点数<20或>0.9*n_kept强制low; 否则high)
  L/R锚定: wing_A -> wing_L  wing_B -> wing_R
  part_label分布(全部点，含if_keep=False的1-NN传播): body=489  wing_L=144  wing_R=127
  labeled csv -> /home/computer0/fly_project/fly_gsplat/outputs/ctrl_009_006_ratio3_sh0_dense_mid200/ratio3_sh0_dense/f1142/splatfacto/2026-08-20_200655/gaussian_features_f1142_labeled.csv

[f1143] n_total=821 n_kept=727 (88.6%)  n_frames_in_window=73
  body候选体素数(阈值+连通分量后)=129  body候选点数=478(65.7% of kept)
  wing连通性: 碎块点=24  实际改判=24
  confidence=high  (wing_merged强制low; body候选点数<20或>0.9*n_kept强制low; 否则high)
  L/R锚定: wing_A -> wing_L  wing_B -> wing_R
  part_label分布(全部点，含if_keep=False的1-NN传播): body=578  wing_L=136  wing_R=107
  labeled csv -> /home/computer0/fly_project/fly_gsplat/outputs/ctrl_009_006_ratio3_sh0_dense_mid200/ratio3_sh0_dense/f1143/splatfacto/2026-08-20_200655/gaussian_features_f1143_labeled.csv

[f1144] n_total=800 n_kept=702 (87.8%)  n_frames_in_window=73
  body候选体素数(阈值+连通分量后)=127  body候选点数=434(61.8% of kept)
  wing连通性: 碎块点=47  实际改判=47
  confidence=high  (wing_merged强制low; body候选点数<20或>0.9*n_kept强制low; 否则high)
  L/R锚定: wing_A -> wing_L  wing_B -> wing_R
  part_label分布(全部点，含if_keep=False的1-NN传播): body=523  wing_L=150  wing_R=127
  labeled csv -> /home/computer0/fly_project/fly_gsplat/outputs/ctrl_009_006_ratio3_sh0_dense_mid200/ratio3_sh0_dense/f1144/splatfacto/2026-08-20_200656/gaussian_features_f1144_labeled.csv

[f1145] n_total=821 n_kept=744 (90.6%)  n_frames_in_window=73
  body候选体素数(阈值+连通分量后)=130  body候选点数=457(61.4% of kept)
  wing连通性: 碎块点=25  实际改判=25
  confidence=high  (wing_merged强制low; body候选点数<20或>0.9*n_kept强制low; 否则high)
  L/R锚定: wing_A -> wing_L  wing_B -> wing_R
  part_label分布(全部点，含if_keep=False的1-NN传播): body=544  wing_L=142  wing_R=135
  labeled csv -> /home/computer0/fly_project/fly_gsplat/outputs/ctrl_009_006_ratio3_sh0_dense_mid200/ratio3_sh0_dense/f1145/splatfacto/2026-08-20_200656/gaussian_features_f1145_labeled.csv

[f1146] n_total=794 n_kept=705 (88.8%)  n_frames_in_window=73
  body候选体素数(阈值+连通分量后)=127  body候选点数=451(64.0% of kept)
  wing连通性: 碎块点=11  实际改判=11
  confidence=high  (wing_merged强制low; body候选点数<20或>0.9*n_kept强制low; 否则high)
  L/R锚定: wing_A -> wing_L  wing_B -> wing_R
  part_label分布(全部点，含if_keep=False的1-NN传播): body=521  wing_L=141  wing_R=132
  labeled csv -> /home/computer0/fly_project/fly_gsplat/outputs/ctrl_009_006_ratio3_sh0_dense_mid200/ratio3_sh0_dense/f1146/splatfacto/2026-08-20_200656/gaussian_features_f1146_labeled.csv

[f1147] n_total=716 n_kept=645 (90.1%)  n_frames_in_window=73
  body候选体素数(阈值+连通分量后)=126  body候选点数=373(57.8% of kept)
  wing连通性: 碎块点=18  实际改判=18
  confidence=high  (wing_merged强制low; body候选点数<20或>0.9*n_kept强制low; 否则high)
  L/R锚定: wing_A -> wing_L  wing_B -> wing_R
  part_label分布(全部点，含if_keep=False的1-NN传播): body=437  wing_L=145  wing_R=134
  labeled csv -> /home/computer0/fly_project/fly_gsplat/outputs/ctrl_009_006_ratio3_sh0_dense_mid200/ratio3_sh0_dense/f1147/splatfacto/2026-08-20_200656/gaussian_features_f1147_labeled.csv

[f1148] n_total=828 n_kept=708 (85.5%)  n_frames_in_window=73
  body候选体素数(阈值+连通分量后)=124  body候选点数=445(62.9% of kept)
  wing连通性: 碎块点=15  实际改判=15
  confidence=high  (wing_merged强制low; body候选点数<20或>0.9*n_kept强制low; 否则high)
  L/R锚定: wing_A -> wing_L  wing_B -> wing_R
  part_label分布(全部点，含if_keep=False的1-NN传播): body=544  wing_L=163  wing_R=121
  labeled csv -> /home/computer0/fly_project/fly_gsplat/outputs/ctrl_009_006_ratio3_sh0_dense_mid200/ratio3_sh0_dense/f1148/splatfacto/2026-08-20_200852/gaussian_features_f1148_labeled.csv

[f1149] n_total=828 n_kept=715 (86.4%)  n_frames_in_window=73
  body候选体素数(阈值+连通分量后)=127  body候选点数=426(59.6% of kept)
  wing连通性: 碎块点=12  实际改判=12
  confidence=high  (wing_merged强制low; body候选点数<20或>0.9*n_kept强制low; 否则high)
  L/R锚定: wing_A -> wing_L  wing_B -> wing_R
  part_label分布(全部点，含if_keep=False的1-NN传播): body=516  wing_L=180  wing_R=132
  labeled csv -> /home/computer0/fly_project/fly_gsplat/outputs/ctrl_009_006_ratio3_sh0_dense_mid200/ratio3_sh0_dense/f1149/splatfacto/2026-08-20_200852/gaussian_features_f1149_labeled.csv

[f1150] n_total=774 n_kept=681 (88.0%)  n_frames_in_window=73
  body候选体素数(阈值+连通分量后)=126  body候选点数=392(57.6% of kept)
  wing连通性: 碎块点=26  实际改判=26
  confidence=high  (wing_merged强制low; body候选点数<20或>0.9*n_kept强制low; 否则high)
  L/R锚定: wing_A -> wing_R  wing_B -> wing_L
  part_label分布(全部点，含if_keep=False的1-NN传播): body=483  wing_L=136  wing_R=155
  labeled csv -> /home/computer0/fly_project/fly_gsplat/outputs/ctrl_009_006_ratio3_sh0_dense_mid200/ratio3_sh0_dense/f1150/splatfacto/2026-08-20_200852/gaussian_features_f1150_labeled.csv

[f1151] n_total=784 n_kept=692 (88.3%)  n_frames_in_window=73
  body候选体素数(阈值+连通分量后)=124  body候选点数=408(59.0% of kept)
  wing连通性: 碎块点=24  实际改判=24
  confidence=high  (wing_merged强制low; body候选点数<20或>0.9*n_kept强制low; 否则high)
  L/R锚定: wing_A -> wing_L  wing_B -> wing_R
  part_label分布(全部点，含if_keep=False的1-NN传播): body=506  wing_L=148  wing_R=130
  labeled csv -> /home/computer0/fly_project/fly_gsplat/outputs/ctrl_009_006_ratio3_sh0_dense_mid200/ratio3_sh0_dense/f1151/splatfacto/2026-08-20_200852/gaussian_features_f1151_labeled.csv

[f1152] n_total=736 n_kept=625 (84.9%)  n_frames_in_window=73
  body候选体素数(阈值+连通分量后)=125  body候选点数=351(56.2% of kept)
  wing连通性: 碎块点=21  实际改判=21
  confidence=high  (wing_merged强制low; body候选点数<20或>0.9*n_kept强制low; 否则high)
  L/R锚定: wing_A -> wing_L  wing_B -> wing_R
  part_label分布(全部点，含if_keep=False的1-NN传播): body=460  wing_L=136  wing_R=140
  labeled csv -> /home/computer0/fly_project/fly_gsplat/outputs/ctrl_009_006_ratio3_sh0_dense_mid200/ratio3_sh0_dense/f1152/splatfacto/2026-08-20_200853/gaussian_features_f1152_labeled.csv

[f1153] n_total=696 n_kept=611 (87.8%)  n_frames_in_window=73
  body候选体素数(阈值+连通分量后)=121  body候选点数=324(53.0% of kept)
  wing连通性: 碎块点=22  实际改判=22
  confidence=high  (wing_merged强制low; body候选点数<20或>0.9*n_kept强制low; 否则high)
  L/R锚定: wing_A -> wing_L  wing_B -> wing_R
  part_label分布(全部点，含if_keep=False的1-NN传播): body=420  wing_L=145  wing_R=131
  labeled csv -> /home/computer0/fly_project/fly_gsplat/outputs/ctrl_009_006_ratio3_sh0_dense_mid200/ratio3_sh0_dense/f1153/splatfacto/2026-08-20_200853/gaussian_features_f1153_labeled.csv

[f1154] n_total=694 n_kept=616 (88.8%)  n_frames_in_window=73
  body候选体素数(阈值+连通分量后)=119  body候选点数=353(57.3% of kept)
  wing连通性: 碎块点=22  实际改判=22
  confidence=high  (wing_merged强制low; body候选点数<20或>0.9*n_kept强制low; 否则high)
  L/R锚定: wing_A -> wing_L  wing_B -> wing_R
  part_label分布(全部点，含if_keep=False的1-NN传播): body=432  wing_L=152  wing_R=110
  labeled csv -> /home/computer0/fly_project/fly_gsplat/outputs/ctrl_009_006_ratio3_sh0_dense_mid200/ratio3_sh0_dense/f1154/splatfacto/2026-08-20_200853/gaussian_features_f1154_labeled.csv

[f1155] n_total=748 n_kept=665 (88.9%)  n_frames_in_window=73
  body候选体素数(阈值+连通分量后)=118  body候选点数=379(57.0% of kept)
  wing连通性: 碎块点=29  实际改判=29
  confidence=high  (wing_merged强制low; body候选点数<20或>0.9*n_kept强制low; 否则high)
  L/R锚定: wing_A -> wing_L  wing_B -> wing_R
  part_label分布(全部点，含if_keep=False的1-NN传播): body=471  wing_L=154  wing_R=123
  labeled csv -> /home/computer0/fly_project/fly_gsplat/outputs/ctrl_009_006_ratio3_sh0_dense_mid200/ratio3_sh0_dense/f1155/splatfacto/2026-08-20_200855/gaussian_features_f1155_labeled.csv

[f1156] n_total=698 n_kept=595 (85.2%)  n_frames_in_window=73
  body候选体素数(阈值+连通分量后)=116  body候选点数=325(54.6% of kept)
  wing连通性: 碎块点=65  实际改判=65
  confidence=high  (wing_merged强制low; body候选点数<20或>0.9*n_kept强制low; 否则high)
  L/R锚定: wing_A -> wing_L  wing_B -> wing_R
  part_label分布(全部点，含if_keep=False的1-NN传播): body=421  wing_L=154  wing_R=123
  labeled csv -> /home/computer0/fly_project/fly_gsplat/outputs/ctrl_009_006_ratio3_sh0_dense_mid200/ratio3_sh0_dense/f1156/splatfacto/2026-08-20_200855/gaussian_features_f1156_labeled.csv

[f1157] n_total=708 n_kept=595 (84.0%)  n_frames_in_window=73
  body候选体素数(阈值+连通分量后)=118  body候选点数=357(60.0% of kept)
  wing连通性: 碎块点=45  实际改判=45
  confidence=high  (wing_merged强制low; body候选点数<20或>0.9*n_kept强制low; 否则high)
  L/R锚定: wing_A -> wing_L  wing_B -> wing_R
  part_label分布(全部点，含if_keep=False的1-NN传播): body=456  wing_L=127  wing_R=125
  labeled csv -> /home/computer0/fly_project/fly_gsplat/outputs/ctrl_009_006_ratio3_sh0_dense_mid200/ratio3_sh0_dense/f1157/splatfacto/2026-08-20_200855/gaussian_features_f1157_labeled.csv

[f1158] n_total=788 n_kept=696 (88.3%)  n_frames_in_window=73
  body候选体素数(阈值+连通分量后)=118  body候选点数=416(59.8% of kept)
  wing连通性: 碎块点=22  实际改判=22
  confidence=high  (wing_merged强制low; body候选点数<20或>0.9*n_kept强制low; 否则high)
  L/R锚定: wing_A -> wing_L  wing_B -> wing_R
  part_label分布(全部点，含if_keep=False的1-NN传播): body=495  wing_L=163  wing_R=130
  labeled csv -> /home/computer0/fly_project/fly_gsplat/outputs/ctrl_009_006_ratio3_sh0_dense_mid200/ratio3_sh0_dense/f1158/splatfacto/2026-08-20_200856/gaussian_features_f1158_labeled.csv

[f1159] n_total=768 n_kept=646 (84.1%)  n_frames_in_window=73
  body候选体素数(阈值+连通分量后)=118  body候选点数=405(62.7% of kept)
  wing连通性: 碎块点=25  实际改判=25
  confidence=high  (wing_merged强制low; body候选点数<20或>0.9*n_kept强制low; 否则high)
  L/R锚定: wing_A -> wing_L  wing_B -> wing_R
  part_label分布(全部点，含if_keep=False的1-NN传播): body=506  wing_L=165  wing_R=97
  labeled csv -> /home/computer0/fly_project/fly_gsplat/outputs/ctrl_009_006_ratio3_sh0_dense_mid200/ratio3_sh0_dense/f1159/splatfacto/2026-08-20_200853/gaussian_features_f1159_labeled.csv

[f1160] n_total=808 n_kept=688 (85.1%)  n_frames_in_window=73
  body候选体素数(阈值+连通分量后)=118  body候选点数=477(69.3% of kept)
  wing连通性: 碎块点=26  实际改判=26
  confidence=high  (wing_merged强制low; body候选点数<20或>0.9*n_kept强制low; 否则high)
  L/R锚定: wing_A -> wing_L  wing_B -> wing_R
  part_label分布(全部点，含if_keep=False的1-NN传播): body=570  wing_L=146  wing_R=92
  labeled csv -> /home/computer0/fly_project/fly_gsplat/outputs/ctrl_009_006_ratio3_sh0_dense_mid200/ratio3_sh0_dense/f1160/splatfacto/2026-08-20_201049/gaussian_features_f1160_labeled.csv

[f1161] n_total=630 n_kept=557 (88.4%)  n_frames_in_window=73
  body候选体素数(阈值+连通分量后)=118  body候选点数=316(56.7% of kept)
  wing连通性: 碎块点=33  实际改判=33
  confidence=high  (wing_merged强制low; body候选点数<20或>0.9*n_kept强制low; 否则high)
  L/R锚定: wing_A -> wing_L  wing_B -> wing_R
  part_label分布(全部点，含if_keep=False的1-NN传播): body=395  wing_L=129  wing_R=106
  labeled csv -> /home/computer0/fly_project/fly_gsplat/outputs/ctrl_009_006_ratio3_sh0_dense_mid200/ratio3_sh0_dense/f1161/splatfacto/2026-08-20_201048/gaussian_features_f1161_labeled.csv

[f1162] n_total=649 n_kept=555 (85.5%)  n_frames_in_window=73
  body候选体素数(阈值+连通分量后)=119  body候选点数=305(55.0% of kept)
  wing连通性: 碎块点=48  实际改判=48
  confidence=high  (wing_merged强制low; body候选点数<20或>0.9*n_kept强制low; 否则high)
  L/R锚定: wing_A -> wing_L  wing_B -> wing_R
  part_label分布(全部点，含if_keep=False的1-NN传播): body=414  wing_L=140  wing_R=95
  labeled csv -> /home/computer0/fly_project/fly_gsplat/outputs/ctrl_009_006_ratio3_sh0_dense_mid200/ratio3_sh0_dense/f1162/splatfacto/2026-08-20_201050/gaussian_features_f1162_labeled.csv

[f1163] n_total=673 n_kept=581 (86.3%)  n_frames_in_window=73
  body候选体素数(阈值+连通分量后)=118  body候选点数=351(60.4% of kept)
  wing连通性: 碎块点=49  实际改判=49
  confidence=high  (wing_merged强制low; body候选点数<20或>0.9*n_kept强制low; 否则high)
  L/R锚定: wing_A -> wing_R  wing_B -> wing_L
  part_label分布(全部点，含if_keep=False的1-NN传播): body=449  wing_L=111  wing_R=113
  labeled csv -> /home/computer0/fly_project/fly_gsplat/outputs/ctrl_009_006_ratio3_sh0_dense_mid200/ratio3_sh0_dense/f1163/splatfacto/2026-08-20_201050/gaussian_features_f1163_labeled.csv

[f1164] n_total=691 n_kept=600 (86.8%)  n_frames_in_window=73
  body候选体素数(阈值+连通分量后)=118  body候选点数=392(65.3% of kept)
  wing连通性: 碎块点=61  实际改判=61
  confidence=high  (wing_merged强制low; body候选点数<20或>0.9*n_kept强制low; 否则high)
  L/R锚定: wing_A -> wing_R  wing_B -> wing_L
  part_label分布(全部点，含if_keep=False的1-NN传播): body=477  wing_L=97  wing_R=117
  labeled csv -> /home/computer0/fly_project/fly_gsplat/outputs/ctrl_009_006_ratio3_sh0_dense_mid200/ratio3_sh0_dense/f1164/splatfacto/2026-08-20_201050/gaussian_features_f1164_labeled.csv

[f1165] n_total=698 n_kept=621 (89.0%)  n_frames_in_window=73
  body候选体素数(阈值+连通分量后)=118  body候选点数=374(60.2% of kept)
  wing连通性: 碎块点=30  实际改判=30
  confidence=high  (wing_merged强制low; body候选点数<20或>0.9*n_kept强制low; 否则high)
  L/R锚定: wing_A -> wing_R  wing_B -> wing_L
  part_label分布(全部点，含if_keep=False的1-NN传播): body=460  wing_L=109  wing_R=129
  labeled csv -> /home/computer0/fly_project/fly_gsplat/outputs/ctrl_009_006_ratio3_sh0_dense_mid200/ratio3_sh0_dense/f1165/splatfacto/2026-08-20_201050/gaussian_features_f1165_labeled.csv
[density] body候选体素连通分量分析: 丢弃1/119个非最大连通分量的碎块体素

[f1166] n_total=716 n_kept=625 (87.3%)  n_frames_in_window=73
  body候选体素数(阈值+连通分量后)=118  body候选点数=416(66.6% of kept)
  wing连通性: 碎块点=71  实际改判=71
  confidence=high  (wing_merged强制low; body候选点数<20或>0.9*n_kept强制low; 否则high)
  L/R锚定: wing_A -> wing_R  wing_B -> wing_L
  part_label分布(全部点，含if_keep=False的1-NN传播): body=505  wing_L=98  wing_R=113
  labeled csv -> /home/computer0/fly_project/fly_gsplat/outputs/ctrl_009_006_ratio3_sh0_dense_mid200/ratio3_sh0_dense/f1166/splatfacto/2026-08-20_201051/gaussian_features_f1166_labeled.csv

[f1167] n_total=676 n_kept=565 (83.6%)  n_frames_in_window=73
  body候选体素数(阈值+连通分量后)=121  body候选点数=392(69.4% of kept)
  wing连通性: 碎块点=43  实际改判=43
  confidence=high  (wing_merged强制low; body候选点数<20或>0.9*n_kept强制low; 否则high)
  L/R锚定: wing_A -> wing_L  wing_B -> wing_R
  part_label分布(全部点，含if_keep=False的1-NN传播): body=485  wing_L=99  wing_R=92
  labeled csv -> /home/computer0/fly_project/fly_gsplat/outputs/ctrl_009_006_ratio3_sh0_dense_mid200/ratio3_sh0_dense/f1167/splatfacto/2026-08-20_201050/gaussian_features_f1167_labeled.csv

[f1168] n_total=699 n_kept=593 (84.8%)  n_frames_in_window=73
  body候选体素数(阈值+连通分量后)=121  body候选点数=381(64.2% of kept)
  wing连通性: 碎块点=128  实际改判=128
  confidence=high  (wing_merged强制low; body候选点数<20或>0.9*n_kept强制low; 否则high)
  L/R锚定: wing_A -> wing_R  wing_B -> wing_L
  part_label分布(全部点，含if_keep=False的1-NN传播): body=561  wing_L=81  wing_R=57
  labeled csv -> /home/computer0/fly_project/fly_gsplat/outputs/ctrl_009_006_ratio3_sh0_dense_mid200/ratio3_sh0_dense/f1168/splatfacto/2026-08-20_201053/gaussian_features_f1168_labeled.csv

[f1169] n_total=616 n_kept=527 (85.6%)  n_frames_in_window=73
  body候选体素数(阈值+连通分量后)=124  body候选点数=331(62.8% of kept)
  wing连通性: 碎块点=21  实际改判=21
  confidence=high  (wing_merged强制low; body候选点数<20或>0.9*n_kept强制low; 否则high)
  L/R锚定: wing_A -> wing_L  wing_B -> wing_R
  part_label分布(全部点，含if_keep=False的1-NN传播): body=422  wing_L=100  wing_R=94
  labeled csv -> /home/computer0/fly_project/fly_gsplat/outputs/ctrl_009_006_ratio3_sh0_dense_mid200/ratio3_sh0_dense/f1169/splatfacto/2026-08-20_201053/gaussian_features_f1169_labeled.csv

[f1170] n_total=665 n_kept=587 (88.3%)  n_frames_in_window=73
  body候选体素数(阈值+连通分量后)=124  body候选点数=379(64.6% of kept)
  wing连通性: 碎块点=16  实际改判=16
  confidence=high  (wing_merged强制low; body候选点数<20或>0.9*n_kept强制low; 否则high)
  L/R锚定: wing_A -> wing_R  wing_B -> wing_L
  part_label分布(全部点，含if_keep=False的1-NN传播): body=455  wing_L=99  wing_R=111
  labeled csv -> /home/computer0/fly_project/fly_gsplat/outputs/ctrl_009_006_ratio3_sh0_dense_mid200/ratio3_sh0_dense/f1170/splatfacto/2026-08-20_201052/gaussian_features_f1170_labeled.csv

[f1171] n_total=675 n_kept=575 (85.2%)  n_frames_in_window=73
  body候选体素数(阈值+连通分量后)=125  body候选点数=390(67.8% of kept)
  wing连通性: 碎块点=19  实际改判=19
  confidence=high  (wing_merged强制low; body候选点数<20或>0.9*n_kept强制low; 否则high)
  L/R锚定: wing_A -> wing_R  wing_B -> wing_L
  part_label分布(全部点，含if_keep=False的1-NN传播): body=477  wing_L=105  wing_R=93
  labeled csv -> /home/computer0/fly_project/fly_gsplat/outputs/ctrl_009_006_ratio3_sh0_dense_mid200/ratio3_sh0_dense/f1171/splatfacto/2026-08-20_201053/gaussian_features_f1171_labeled.csv

[f1172] n_total=756 n_kept=654 (86.5%)  n_frames_in_window=73
  body候选体素数(阈值+连通分量后)=125  body候选点数=424(64.8% of kept)
  wing连通性: 碎块点=26  实际改判=26
  confidence=high  (wing_merged强制low; body候选点数<20或>0.9*n_kept强制low; 否则high)
  L/R锚定: wing_A -> wing_L  wing_B -> wing_R
  part_label分布(全部点，含if_keep=False的1-NN传播): body=508  wing_L=114  wing_R=134
  labeled csv -> /home/computer0/fly_project/fly_gsplat/outputs/ctrl_009_006_ratio3_sh0_dense_mid200/ratio3_sh0_dense/f1172/splatfacto/2026-08-20_201246/gaussian_features_f1172_labeled.csv

[f1173] n_total=679 n_kept=603 (88.8%)  n_frames_in_window=73
  body候选体素数(阈值+连通分量后)=124  body候选点数=356(59.0% of kept)
  wing连通性: 碎块点=35  实际改判=35
  confidence=high  (wing_merged强制low; body候选点数<20或>0.9*n_kept强制low; 否则high)
  L/R锚定: wing_A -> wing_L  wing_B -> wing_R
  part_label分布(全部点，含if_keep=False的1-NN传播): body=442  wing_L=121  wing_R=116
  labeled csv -> /home/computer0/fly_project/fly_gsplat/outputs/ctrl_009_006_ratio3_sh0_dense_mid200/ratio3_sh0_dense/f1173/splatfacto/2026-08-20_201247/gaussian_features_f1173_labeled.csv

[f1174] n_total=749 n_kept=654 (87.3%)  n_frames_in_window=73
  body候选体素数(阈值+连通分量后)=122  body候选点数=423(64.7% of kept)
  wing连通性: 碎块点=30  实际改判=30
  confidence=high  (wing_merged强制low; body候选点数<20或>0.9*n_kept强制low; 否则high)
  L/R锚定: wing_A -> wing_L  wing_B -> wing_R
  part_label分布(全部点，含if_keep=False的1-NN传播): body=517  wing_L=113  wing_R=119
  labeled csv -> /home/computer0/fly_project/fly_gsplat/outputs/ctrl_009_006_ratio3_sh0_dense_mid200/ratio3_sh0_dense/f1174/splatfacto/2026-08-20_201247/gaussian_features_f1174_labeled.csv

[f1175] n_total=666 n_kept=594 (89.2%)  n_frames_in_window=73
  body候选体素数(阈值+连通分量后)=121  body候选点数=360(60.6% of kept)
  wing连通性: 碎块点=40  实际改判=40
  confidence=high  (wing_merged强制low; body候选点数<20或>0.9*n_kept强制low; 否则high)
  L/R锚定: wing_A -> wing_L  wing_B -> wing_R
  part_label分布(全部点，含if_keep=False的1-NN传播): body=454  wing_L=126  wing_R=86
  labeled csv -> /home/computer0/fly_project/fly_gsplat/outputs/ctrl_009_006_ratio3_sh0_dense_mid200/ratio3_sh0_dense/f1175/splatfacto/2026-08-20_201246/gaussian_features_f1175_labeled.csv

[f1176] n_total=674 n_kept=583 (86.5%)  n_frames_in_window=73
  body候选体素数(阈值+连通分量后)=122  body候选点数=376(64.5% of kept)
  wing连通性: 碎块点=21  实际改判=21
  confidence=high  (wing_merged强制low; body候选点数<20或>0.9*n_kept强制low; 否则high)
  L/R锚定: wing_A -> wing_L  wing_B -> wing_R
  part_label分布(全部点，含if_keep=False的1-NN传播): body=454  wing_L=129  wing_R=91
  labeled csv -> /home/computer0/fly_project/fly_gsplat/outputs/ctrl_009_006_ratio3_sh0_dense_mid200/ratio3_sh0_dense/f1176/splatfacto/2026-08-20_201247/gaussian_features_f1176_labeled.csv

[f1177] n_total=728 n_kept=638 (87.6%)  n_frames_in_window=73
  body候选体素数(阈值+连通分量后)=124  body候选点数=433(67.9% of kept)
  wing连通性: 碎块点=26  实际改判=26
  confidence=high  (wing_merged强制low; body候选点数<20或>0.9*n_kept强制low; 否则high)
  L/R锚定: wing_A -> wing_L  wing_B -> wing_R
  part_label分布(全部点，含if_keep=False的1-NN传播): body=524  wing_L=127  wing_R=77
  labeled csv -> /home/computer0/fly_project/fly_gsplat/outputs/ctrl_009_006_ratio3_sh0_dense_mid200/ratio3_sh0_dense/f1177/splatfacto/2026-08-20_201247/gaussian_features_f1177_labeled.csv

[f1178] n_total=767 n_kept=675 (88.0%)  n_frames_in_window=73
  body候选体素数(阈值+连通分量后)=126  body候选点数=459(68.0% of kept)
  wing连通性: 碎块点=32  实际改判=32
  confidence=high  (wing_merged强制low; body候选点数<20或>0.9*n_kept强制low; 否则high)
  L/R锚定: wing_A -> wing_L  wing_B -> wing_R
  part_label分布(全部点，含if_keep=False的1-NN传播): body=556  wing_L=137  wing_R=74
  labeled csv -> /home/computer0/fly_project/fly_gsplat/outputs/ctrl_009_006_ratio3_sh0_dense_mid200/ratio3_sh0_dense/f1178/splatfacto/2026-08-20_201249/gaussian_features_f1178_labeled.csv

[f1179] n_total=687 n_kept=597 (86.9%)  n_frames_in_window=73
  body候选体素数(阈值+连通分量后)=124  body候选点数=402(67.3% of kept)
  wing连通性: 碎块点=26  实际改判=26
  confidence=high  (wing_merged强制low; body候选点数<20或>0.9*n_kept强制low; 否则high)
  L/R锚定: wing_A -> wing_L  wing_B -> wing_R
  part_label分布(全部点，含if_keep=False的1-NN传播): body=483  wing_L=127  wing_R=77
  labeled csv -> /home/computer0/fly_project/fly_gsplat/outputs/ctrl_009_006_ratio3_sh0_dense_mid200/ratio3_sh0_dense/f1179/splatfacto/2026-08-20_201249/gaussian_features_f1179_labeled.csv

[f1180] n_total=670 n_kept=591 (88.2%)  n_frames_in_window=73
  body候选体素数(阈值+连通分量后)=124  body候选点数=405(68.5% of kept)
  wing连通性: 碎块点=24  实际改判=24
  confidence=high  (wing_merged强制low; body候选点数<20或>0.9*n_kept强制low; 否则high)
  L/R锚定: wing_A -> wing_L  wing_B -> wing_R
  part_label分布(全部点，含if_keep=False的1-NN传播): body=488  wing_L=106  wing_R=76
  labeled csv -> /home/computer0/fly_project/fly_gsplat/outputs/ctrl_009_006_ratio3_sh0_dense_mid200/ratio3_sh0_dense/f1180/splatfacto/2026-08-20_201249/gaussian_features_f1180_labeled.csv

[f1181] n_total=672 n_kept=601 (89.4%)  n_frames_in_window=73
  body候选体素数(阈值+连通分量后)=124  body候选点数=408(67.9% of kept)
  wing连通性: 碎块点=24  实际改判=24
  confidence=high  (wing_merged强制low; body候选点数<20或>0.9*n_kept强制low; 否则high)
  L/R锚定: wing_A -> wing_L  wing_B -> wing_R
  part_label分布(全部点，含if_keep=False的1-NN传播): body=486  wing_L=107  wing_R=79
  labeled csv -> /home/computer0/fly_project/fly_gsplat/outputs/ctrl_009_006_ratio3_sh0_dense_mid200/ratio3_sh0_dense/f1181/splatfacto/2026-08-20_201250/gaussian_features_f1181_labeled.csv

[f1182] n_total=708 n_kept=607 (85.7%)  n_frames_in_window=73
  body候选体素数(阈值+连通分量后)=123  body候选点数=425(70.0% of kept)
  wing连通性: 碎块点=38  实际改判=38
  confidence=high  (wing_merged强制low; body候选点数<20或>0.9*n_kept强制low; 否则high)
  L/R锚定: wing_A -> wing_L  wing_B -> wing_R
  part_label分布(全部点，含if_keep=False的1-NN传播): body=521  wing_L=110  wing_R=77
  labeled csv -> /home/computer0/fly_project/fly_gsplat/outputs/ctrl_009_006_ratio3_sh0_dense_mid200/ratio3_sh0_dense/f1182/splatfacto/2026-08-20_201250/gaussian_features_f1182_labeled.csv

[f1183] n_total=672 n_kept=562 (83.6%)  n_frames_in_window=73
  body候选体素数(阈值+连通分量后)=129  body候选点数=391(69.6% of kept)
  wing连通性: 碎块点=17  实际改判=17
  confidence=high  (wing_merged强制low; body候选点数<20或>0.9*n_kept强制low; 否则high)
  L/R锚定: wing_A -> wing_L  wing_B -> wing_R
  part_label分布(全部点，含if_keep=False的1-NN传播): body=485  wing_L=112  wing_R=75
  labeled csv -> /home/computer0/fly_project/fly_gsplat/outputs/ctrl_009_006_ratio3_sh0_dense_mid200/ratio3_sh0_dense/f1183/splatfacto/2026-08-20_201250/gaussian_features_f1183_labeled.csv

[f1184] n_total=658 n_kept=562 (85.4%)  n_frames_in_window=73
  body候选体素数(阈值+连通分量后)=126  body候选点数=396(70.5% of kept)
  wing连通性: 碎块点=24  实际改判=24
  confidence=high  (wing_merged强制low; body候选点数<20或>0.9*n_kept强制low; 否则high)
  L/R锚定: wing_A -> wing_L  wing_B -> wing_R
  part_label分布(全部点，含if_keep=False的1-NN传播): body=478  wing_L=115  wing_R=65
  labeled csv -> /home/computer0/fly_project/fly_gsplat/outputs/ctrl_009_006_ratio3_sh0_dense_mid200/ratio3_sh0_dense/f1184/splatfacto/2026-08-20_201440/gaussian_features_f1184_labeled.csv

[f1185] n_total=701 n_kept=602 (85.9%)  n_frames_in_window=73
  body候选体素数(阈值+连通分量后)=127  body候选点数=425(70.6% of kept)
  wing连通性: 碎块点=20  实际改判=20
  confidence=high  (wing_merged强制low; body候选点数<20或>0.9*n_kept强制low; 否则high)
  L/R锚定: wing_A -> wing_L  wing_B -> wing_R
  part_label分布(全部点，含if_keep=False的1-NN传播): body=520  wing_L=110  wing_R=71
  labeled csv -> /home/computer0/fly_project/fly_gsplat/outputs/ctrl_009_006_ratio3_sh0_dense_mid200/ratio3_sh0_dense/f1185/splatfacto/2026-08-20_201443/gaussian_features_f1185_labeled.csv

[f1186] n_total=699 n_kept=592 (84.7%)  n_frames_in_window=73
  body候选体素数(阈值+连通分量后)=129  body候选点数=403(68.1% of kept)
  wing连通性: 碎块点=24  实际改判=24
  confidence=high  (wing_merged强制low; body候选点数<20或>0.9*n_kept强制low; 否则high)
  L/R锚定: wing_A -> wing_L  wing_B -> wing_R
  part_label分布(全部点，含if_keep=False的1-NN传播): body=501  wing_L=124  wing_R=74
  labeled csv -> /home/computer0/fly_project/fly_gsplat/outputs/ctrl_009_006_ratio3_sh0_dense_mid200/ratio3_sh0_dense/f1186/splatfacto/2026-08-20_201442/gaussian_features_f1186_labeled.csv
[density] body候选体素连通分量分析: 丢弃1/132个非最大连通分量的碎块体素

[f1187] n_total=646 n_kept=537 (83.1%)  n_frames_in_window=73
  body候选体素数(阈值+连通分量后)=131  body候选点数=388(72.3% of kept)
  wing连通性: 碎块点=11  实际改判=11
  confidence=high  (wing_merged强制low; body候选点数<20或>0.9*n_kept强制low; 否则high)
  L/R锚定: wing_A -> wing_L  wing_B -> wing_R
  part_label分布(全部点，含if_keep=False的1-NN传播): body=469  wing_L=108  wing_R=69
  labeled csv -> /home/computer0/fly_project/fly_gsplat/outputs/ctrl_009_006_ratio3_sh0_dense_mid200/ratio3_sh0_dense/f1187/splatfacto/2026-08-20_201443/gaussian_features_f1187_labeled.csv
[density] body候选体素连通分量分析: 丢弃1/130个非最大连通分量的碎块体素

[f1188] n_total=622 n_kept=532 (85.5%)  n_frames_in_window=73
  body候选体素数(阈值+连通分量后)=129  body候选点数=373(70.1% of kept)
  wing连通性: 碎块点=12  实际改判=12
  confidence=high  (wing_merged强制low; body候选点数<20或>0.9*n_kept强制low; 否则high)
  L/R锚定: wing_A -> wing_L  wing_B -> wing_R
  part_label分布(全部点，含if_keep=False的1-NN传播): body=453  wing_L=104  wing_R=65
  labeled csv -> /home/computer0/fly_project/fly_gsplat/outputs/ctrl_009_006_ratio3_sh0_dense_mid200/ratio3_sh0_dense/f1188/splatfacto/2026-08-20_201443/gaussian_features_f1188_labeled.csv

[f1189] n_total=559 n_kept=482 (86.2%)  n_frames_in_window=73
  body候选体素数(阈值+连通分量后)=133  body候选点数=324(67.2% of kept)
  wing连通性: 碎块点=32  实际改判=32
  confidence=high  (wing_merged强制low; body候选点数<20或>0.9*n_kept强制low; 否则high)
  L/R锚定: wing_A -> wing_L  wing_B -> wing_R
  part_label分布(全部点，含if_keep=False的1-NN传播): body=414  wing_L=80  wing_R=65
  labeled csv -> /home/computer0/fly_project/fly_gsplat/outputs/ctrl_009_006_ratio3_sh0_dense_mid200/ratio3_sh0_dense/f1189/splatfacto/2026-08-20_201443/gaussian_features_f1189_labeled.csv

[f1190] n_total=622 n_kept=527 (84.7%)  n_frames_in_window=73
  body候选体素数(阈值+连通分量后)=132  body候选点数=329(62.4% of kept)
  wing连通性: 碎块点=33  实际改判=33
  confidence=high  (wing_merged强制low; body候选点数<20或>0.9*n_kept强制low; 否则high)
  L/R锚定: wing_A -> wing_L  wing_B -> wing_R
  part_label分布(全部点，含if_keep=False的1-NN传播): body=442  wing_L=93  wing_R=87
  labeled csv -> /home/computer0/fly_project/fly_gsplat/outputs/ctrl_009_006_ratio3_sh0_dense_mid200/ratio3_sh0_dense/f1190/splatfacto/2026-08-20_201444/gaussian_features_f1190_labeled.csv

[f1191] n_total=687 n_kept=577 (84.0%)  n_frames_in_window=73
  body候选体素数(阈值+连通分量后)=132  body候选点数=387(67.1% of kept)
  wing连通性: 碎块点=8  实际改判=8
  confidence=high  (wing_merged强制low; body候选点数<20或>0.9*n_kept强制low; 否则high)
  L/R锚定: wing_A -> wing_R  wing_B -> wing_L
  part_label分布(全部点，含if_keep=False的1-NN传播): body=472  wing_L=88  wing_R=127
  labeled csv -> /home/computer0/fly_project/fly_gsplat/outputs/ctrl_009_006_ratio3_sh0_dense_mid200/ratio3_sh0_dense/f1191/splatfacto/2026-08-20_201445/gaussian_features_f1191_labeled.csv

[f1192] n_total=599 n_kept=532 (88.8%)  n_frames_in_window=73
  body候选体素数(阈值+连通分量后)=133  body候选点数=331(62.2% of kept)
  wing连通性: 碎块点=20  实际改判=20
  confidence=high  (wing_merged强制low; body候选点数<20或>0.9*n_kept强制low; 否则high)
  L/R锚定: wing_A -> wing_R  wing_B -> wing_L
  part_label分布(全部点，含if_keep=False的1-NN传播): body=399  wing_L=95  wing_R=105
  labeled csv -> /home/computer0/fly_project/fly_gsplat/outputs/ctrl_009_006_ratio3_sh0_dense_mid200/ratio3_sh0_dense/f1192/splatfacto/2026-08-20_201446/gaussian_features_f1192_labeled.csv

[f1193] n_total=641 n_kept=562 (87.7%)  n_frames_in_window=73
  body候选体素数(阈值+连通分量后)=134  body候选点数=366(65.1% of kept)
  wing连通性: 碎块点=26  实际改判=26
  confidence=high  (wing_merged强制low; body候选点数<20或>0.9*n_kept强制low; 否则high)
  L/R锚定: wing_A -> wing_R  wing_B -> wing_L
  part_label分布(全部点，含if_keep=False的1-NN传播): body=447  wing_L=87  wing_R=107
  labeled csv -> /home/computer0/fly_project/fly_gsplat/outputs/ctrl_009_006_ratio3_sh0_dense_mid200/ratio3_sh0_dense/f1193/splatfacto/2026-08-20_201446/gaussian_features_f1193_labeled.csv

[f1194] n_total=654 n_kept=551 (84.3%)  n_frames_in_window=73
  body候选体素数(阈值+连通分量后)=135  body候选点数=383(69.5% of kept)
  wing连通性: 碎块点=20  实际改判=20
  confidence=high  (wing_merged强制low; body候选点数<20或>0.9*n_kept强制low; 否则high)
  L/R锚定: wing_A -> wing_R  wing_B -> wing_L
  part_label分布(全部点，含if_keep=False的1-NN传播): body=459  wing_L=75  wing_R=120
  labeled csv -> /home/computer0/fly_project/fly_gsplat/outputs/ctrl_009_006_ratio3_sh0_dense_mid200/ratio3_sh0_dense/f1194/splatfacto/2026-08-20_201445/gaussian_features_f1194_labeled.csv

[f1195] n_total=728 n_kept=646 (88.7%)  n_frames_in_window=73
  body候选体素数(阈值+连通分量后)=132  body候选点数=417(64.6% of kept)
  wing连通性: 碎块点=39  实际改判=39
  confidence=high  (wing_merged强制low; body候选点数<20或>0.9*n_kept强制low; 否则high)
  L/R锚定: wing_A -> wing_R  wing_B -> wing_L
  part_label分布(全部点，含if_keep=False的1-NN传播): body=522  wing_L=94  wing_R=112
  labeled csv -> /home/computer0/fly_project/fly_gsplat/outputs/ctrl_009_006_ratio3_sh0_dense_mid200/ratio3_sh0_dense/f1195/splatfacto/2026-08-20_201445/gaussian_features_f1195_labeled.csv

[f1196] n_total=678 n_kept=609 (89.8%)  n_frames_in_window=73
  body候选体素数(阈值+连通分量后)=130  body候选点数=398(65.4% of kept)
  wing连通性: 碎块点=26  实际改判=26
  confidence=high  (wing_merged强制low; body候选点数<20或>0.9*n_kept强制low; 否则high)
  L/R锚定: wing_A -> wing_R  wing_B -> wing_L
  part_label分布(全部点，含if_keep=False的1-NN传播): body=478  wing_L=70  wing_R=130
  labeled csv -> /home/computer0/fly_project/fly_gsplat/outputs/ctrl_009_006_ratio3_sh0_dense_mid200/ratio3_sh0_dense/f1196/splatfacto/2026-08-20_201636/gaussian_features_f1196_labeled.csv

[f1197] n_total=679 n_kept=574 (84.5%)  n_frames_in_window=73
  body候选体素数(阈值+连通分量后)=130  body候选点数=375(65.3% of kept)
  wing连通性: 碎块点=29  实际改判=29
  confidence=high  (wing_merged强制low; body候选点数<20或>0.9*n_kept强制low; 否则high)
  L/R锚定: wing_A -> wing_R  wing_B -> wing_L
  part_label分布(全部点，含if_keep=False的1-NN传播): body=486  wing_L=35  wing_R=158
  labeled csv -> /home/computer0/fly_project/fly_gsplat/outputs/ctrl_009_006_ratio3_sh0_dense_mid200/ratio3_sh0_dense/f1197/splatfacto/2026-08-20_201637/gaussian_features_f1197_labeled.csv

[f1198] n_total=692 n_kept=595 (86.0%)  n_frames_in_window=73
  body候选体素数(阈值+连通分量后)=129  body候选点数=323(54.3% of kept)
  wing连通性: 碎块点=21  实际改判=21
  confidence=high  (wing_merged强制low; body候选点数<20或>0.9*n_kept强制low; 否则high)
  L/R锚定: wing_A -> wing_R  wing_B -> wing_L
  part_label分布(全部点，含if_keep=False的1-NN传播): body=399  wing_L=38  wing_R=255
  labeled csv -> /home/computer0/fly_project/fly_gsplat/outputs/ctrl_009_006_ratio3_sh0_dense_mid200/ratio3_sh0_dense/f1198/splatfacto/2026-08-20_201638/gaussian_features_f1198_labeled.csv

[f1199] n_total=717 n_kept=608 (84.8%)  n_frames_in_window=73
  body候选体素数(阈值+连通分量后)=126  body候选点数=313(51.5% of kept)
  wing连通性: 碎块点=19  实际改判=19
  confidence=high  (wing_merged强制low; body候选点数<20或>0.9*n_kept强制low; 否则high)
  L/R锚定: wing_A -> wing_R  wing_B -> wing_L
  part_label分布(全部点，含if_keep=False的1-NN传播): body=396  wing_L=41  wing_R=280
  labeled csv -> /home/computer0/fly_project/fly_gsplat/outputs/ctrl_009_006_ratio3_sh0_dense_mid200/ratio3_sh0_dense/f1199/splatfacto/2026-08-20_201638/gaussian_features_f1199_labeled.csv
  [警告][f1200] wing_merged_forced_split: wing候选点的连通分量分析后只有1个显著分量(贴一起无法物理拆分)，强行按x_body×up投影中位数切成两半，强制confidence=low

[f1200] n_total=763 n_kept=659 (86.4%)  n_frames_in_window=73
  body候选体素数(阈值+连通分量后)=126  body候选点数=298(45.2% of kept)
  wing连通性: 碎块点=17  实际改判=17
  confidence=low  (wing_merged强制low; body候选点数<20或>0.9*n_kept强制low; 否则high)
  L/R锚定: wing_A -> wing_R  wing_B -> wing_L
  part_label分布(全部点，含if_keep=False的1-NN传播): body=356  wing_L=187  wing_R=220
  labeled csv -> /home/computer0/fly_project/fly_gsplat/outputs/ctrl_009_006_ratio3_sh0_dense_mid200/ratio3_sh0_dense/f1200/splatfacto/2026-08-20_201637/gaussian_features_f1200_labeled.csv
  [警告][f1201] wing_merged_forced_split: wing候选点的连通分量分析后只有1个显著分量(贴一起无法物理拆分)，强行按x_body×up投影中位数切成两半，强制confidence=low

[f1201] n_total=858 n_kept=728 (84.8%)  n_frames_in_window=73
  body候选体素数(阈值+连通分量后)=127  body候选点数=291(40.0% of kept)
  wing连通性: 碎块点=35  实际改判=35
  confidence=low  (wing_merged强制low; body候选点数<20或>0.9*n_kept强制low; 否则high)
  L/R锚定: wing_A -> wing_R  wing_B -> wing_L
  part_label分布(全部点，含if_keep=False的1-NN传播): body=382  wing_L=233  wing_R=243
  labeled csv -> /home/computer0/fly_project/fly_gsplat/outputs/ctrl_009_006_ratio3_sh0_dense_mid200/ratio3_sh0_dense/f1201/splatfacto/2026-08-20_201638/gaussian_features_f1201_labeled.csv
  [警告][f1202] wing_merged_forced_split: wing候选点的连通分量分析后只有1个显著分量(贴一起无法物理拆分)，强行按x_body×up投影中位数切成两半，强制confidence=low

[f1202] n_total=844 n_kept=742 (87.9%)  n_frames_in_window=73
  body候选体素数(阈值+连通分量后)=127  body候选点数=284(38.3% of kept)
  wing连通性: 碎块点=25  实际改判=25
  confidence=low  (wing_merged强制low; body候选点数<20或>0.9*n_kept强制low; 否则high)
  L/R锚定: wing_A -> wing_R  wing_B -> wing_L
  part_label分布(全部点，含if_keep=False的1-NN传播): body=344  wing_L=254  wing_R=246
  labeled csv -> /home/computer0/fly_project/fly_gsplat/outputs/ctrl_009_006_ratio3_sh0_dense_mid200/ratio3_sh0_dense/f1202/splatfacto/2026-08-20_201639/gaussian_features_f1202_labeled.csv

[f1203] n_total=792 n_kept=693 (87.5%)  n_frames_in_window=73
  body候选体素数(阈值+连通分量后)=127  body候选点数=399(57.6% of kept)
  wing连通性: 碎块点=9  实际改判=9
  confidence=high  (wing_merged强制low; body候选点数<20或>0.9*n_kept强制low; 否则high)
  L/R锚定: wing_A -> wing_L  wing_B -> wing_R
  part_label分布(全部点，含if_keep=False的1-NN传播): body=484  wing_L=263  wing_R=45
  labeled csv -> /home/computer0/fly_project/fly_gsplat/outputs/ctrl_009_006_ratio3_sh0_dense_mid200/ratio3_sh0_dense/f1203/splatfacto/2026-08-20_201640/gaussian_features_f1203_labeled.csv

[f1204] n_total=813 n_kept=719 (88.4%)  n_frames_in_window=73
  body候选体素数(阈值+连通分量后)=127  body候选点数=382(53.1% of kept)
  wing连通性: 碎块点=44  实际改判=44
  confidence=high  (wing_merged强制low; body候选点数<20或>0.9*n_kept强制low; 否则high)
  L/R锚定: wing_A -> wing_L  wing_B -> wing_R
  part_label分布(全部点，含if_keep=False的1-NN传播): body=476  wing_L=283  wing_R=54
  labeled csv -> /home/computer0/fly_project/fly_gsplat/outputs/ctrl_009_006_ratio3_sh0_dense_mid200/ratio3_sh0_dense/f1204/splatfacto/2026-08-20_201640/gaussian_features_f1204_labeled.csv
  [警告][f1205] wing_merged_forced_split: wing候选点的连通分量分析后只有1个显著分量(贴一起无法物理拆分)，强行按x_body×up投影中位数切成两半，强制confidence=low

[f1205] n_total=722 n_kept=645 (89.3%)  n_frames_in_window=73
  body候选体素数(阈值+连通分量后)=126  body候选点数=373(57.8% of kept)
  wing连通性: 碎块点=19  实际改判=19
  confidence=low  (wing_merged强制low; body候选点数<20或>0.9*n_kept强制low; 否则high)
  L/R锚定: wing_A -> wing_R  wing_B -> wing_L
  part_label分布(全部点，含if_keep=False的1-NN传播): body=443  wing_L=148  wing_R=131
  labeled csv -> /home/computer0/fly_project/fly_gsplat/outputs/ctrl_009_006_ratio3_sh0_dense_mid200/ratio3_sh0_dense/f1205/splatfacto/2026-08-20_201639/gaussian_features_f1205_labeled.csv
  [警告][f1206] wing_merged_forced_split: wing候选点的连通分量分析后只有1个显著分量(贴一起无法物理拆分)，强行按x_body×up投影中位数切成两半，强制confidence=low

[f1206] n_total=740 n_kept=685 (92.6%)  n_frames_in_window=73
  body候选体素数(阈值+连通分量后)=125  body候选点数=410(59.9% of kept)
  wing连通性: 碎块点=12  实际改判=12
  confidence=low  (wing_merged强制low; body候选点数<20或>0.9*n_kept强制low; 否则high)
  L/R锚定: wing_A -> wing_R  wing_B -> wing_L
  part_label分布(全部点，含if_keep=False的1-NN传播): body=471  wing_L=133  wing_R=136
  labeled csv -> /home/computer0/fly_project/fly_gsplat/outputs/ctrl_009_006_ratio3_sh0_dense_mid200/ratio3_sh0_dense/f1206/splatfacto/2026-08-20_201639/gaussian_features_f1206_labeled.csv
  [警告][f1207] wing_merged_forced_split: wing候选点的连通分量分析后只有1个显著分量(贴一起无法物理拆分)，强行按x_body×up投影中位数切成两半，强制confidence=low

[f1207] n_total=714 n_kept=646 (90.5%)  n_frames_in_window=73
  body候选体素数(阈值+连通分量后)=125  body候选点数=369(57.1% of kept)
  wing连通性: 碎块点=18  实际改判=18
  confidence=low  (wing_merged强制low; body候选点数<20或>0.9*n_kept强制low; 否则high)
  L/R锚定: wing_A -> wing_R  wing_B -> wing_L
  part_label分布(全部点，含if_keep=False的1-NN传播): body=442  wing_L=135  wing_R=137
  labeled csv -> /home/computer0/fly_project/fly_gsplat/outputs/ctrl_009_006_ratio3_sh0_dense_mid200/ratio3_sh0_dense/f1207/splatfacto/2026-08-20_201640/gaussian_features_f1207_labeled.csv
  [警告][f1208] wing_merged_forced_split: wing候选点的连通分量分析后只有1个显著分量(贴一起无法物理拆分)，强行按x_body×up投影中位数切成两半，强制confidence=low

[f1208] n_total=747 n_kept=637 (85.3%)  n_frames_in_window=73
  body候选体素数(阈值+连通分量后)=127  body候选点数=398(62.5% of kept)
  wing连通性: 碎块点=3  实际改判=3
  confidence=low  (wing_merged强制low; body候选点数<20或>0.9*n_kept强制low; 否则high)
  L/R锚定: wing_A -> wing_R  wing_B -> wing_L
  part_label分布(全部点，含if_keep=False的1-NN传播): body=476  wing_L=139  wing_R=132
  labeled csv -> /home/computer0/fly_project/fly_gsplat/outputs/ctrl_009_006_ratio3_sh0_dense_mid200/ratio3_sh0_dense/f1208/splatfacto/2026-08-20_201833/gaussian_features_f1208_labeled.csv
  [警告][f1209] wing_merged_forced_split: wing候选点的连通分量分析后只有1个显著分量(贴一起无法物理拆分)，强行按x_body×up投影中位数切成两半，强制confidence=low

[f1209] n_total=781 n_kept=699 (89.5%)  n_frames_in_window=73
  body候选体素数(阈值+连通分量后)=125  body候选点数=380(54.4% of kept)
  wing连通性: 碎块点=18  实际改判=18
  confidence=low  (wing_merged强制low; body候选点数<20或>0.9*n_kept强制low; 否则high)
  L/R锚定: wing_A -> wing_R  wing_B -> wing_L
  part_label分布(全部点，含if_keep=False的1-NN传播): body=457  wing_L=160  wing_R=164
  labeled csv -> /home/computer0/fly_project/fly_gsplat/outputs/ctrl_009_006_ratio3_sh0_dense_mid200/ratio3_sh0_dense/f1209/splatfacto/2026-08-20_201835/gaussian_features_f1209_labeled.csv
  [警告][f1210] wing_merged_forced_split: wing候选点的连通分量分析后只有1个显著分量(贴一起无法物理拆分)，强行按x_body×up投影中位数切成两半，强制confidence=low

[f1210] n_total=813 n_kept=704 (86.6%)  n_frames_in_window=73
  body候选体素数(阈值+连通分量后)=123  body候选点数=413(58.7% of kept)
  wing连通性: 碎块点=14  实际改判=14
  confidence=low  (wing_merged强制low; body候选点数<20或>0.9*n_kept强制low; 否则high)
  L/R锚定: wing_A -> wing_R  wing_B -> wing_L
  part_label分布(全部点，含if_keep=False的1-NN传播): body=487  wing_L=174  wing_R=152
  labeled csv -> /home/computer0/fly_project/fly_gsplat/outputs/ctrl_009_006_ratio3_sh0_dense_mid200/ratio3_sh0_dense/f1210/splatfacto/2026-08-20_201835/gaussian_features_f1210_labeled.csv

[f1211] n_total=835 n_kept=739 (88.5%)  n_frames_in_window=73
  body候选体素数(阈值+连通分量后)=123  body候选点数=431(58.3% of kept)
  wing连通性: 碎块点=17  实际改判=17
  confidence=high  (wing_merged强制low; body候选点数<20或>0.9*n_kept强制low; 否则high)
  L/R锚定: wing_A -> wing_L  wing_B -> wing_R
  part_label分布(全部点，含if_keep=False的1-NN传播): body=517  wing_L=184  wing_R=134
  labeled csv -> /home/computer0/fly_project/fly_gsplat/outputs/ctrl_009_006_ratio3_sh0_dense_mid200/ratio3_sh0_dense/f1211/splatfacto/2026-08-20_201834/gaussian_features_f1211_labeled.csv

[f1212] n_total=742 n_kept=646 (87.1%)  n_frames_in_window=73
  body候选体素数(阈值+连通分量后)=124  body候选点数=374(57.9% of kept)
  wing连通性: 碎块点=53  实际改判=53
  confidence=high  (wing_merged强制low; body候选点数<20或>0.9*n_kept强制low; 否则high)
  L/R锚定: wing_A -> wing_L  wing_B -> wing_R
  part_label分布(全部点，含if_keep=False的1-NN传播): body=480  wing_L=160  wing_R=102
  labeled csv -> /home/computer0/fly_project/fly_gsplat/outputs/ctrl_009_006_ratio3_sh0_dense_mid200/ratio3_sh0_dense/f1212/splatfacto/2026-08-20_201836/gaussian_features_f1212_labeled.csv

[f1213] n_total=743 n_kept=669 (90.0%)  n_frames_in_window=73
  body候选体素数(阈值+连通分量后)=127  body候选点数=398(59.5% of kept)
  wing连通性: 碎块点=46  实际改判=46
  confidence=high  (wing_merged强制low; body候选点数<20或>0.9*n_kept强制low; 否则high)
  L/R锚定: wing_A -> wing_L  wing_B -> wing_R
  part_label分布(全部点，含if_keep=False的1-NN传播): body=473  wing_L=163  wing_R=107
  labeled csv -> /home/computer0/fly_project/fly_gsplat/outputs/ctrl_009_006_ratio3_sh0_dense_mid200/ratio3_sh0_dense/f1213/splatfacto/2026-08-20_201836/gaussian_features_f1213_labeled.csv

[f1214] n_total=753 n_kept=670 (89.0%)  n_frames_in_window=73
  body候选体素数(阈值+连通分量后)=128  body候选点数=391(58.4% of kept)
  wing连通性: 碎块点=73  实际改判=73
  confidence=high  (wing_merged强制low; body候选点数<20或>0.9*n_kept强制low; 否则high)
  L/R锚定: wing_A -> wing_R  wing_B -> wing_L
  part_label分布(全部点，含if_keep=False的1-NN传播): body=500  wing_L=137  wing_R=116
  labeled csv -> /home/computer0/fly_project/fly_gsplat/outputs/ctrl_009_006_ratio3_sh0_dense_mid200/ratio3_sh0_dense/f1214/splatfacto/2026-08-20_201837/gaussian_features_f1214_labeled.csv

[f1215] n_total=719 n_kept=630 (87.6%)  n_frames_in_window=73
  body候选体素数(阈值+连通分量后)=127  body候选点数=374(59.4% of kept)
  wing连通性: 碎块点=28  实际改判=28
  confidence=high  (wing_merged强制low; body候选点数<20或>0.9*n_kept强制low; 否则high)
  L/R锚定: wing_A -> wing_L  wing_B -> wing_R
  part_label分布(全部点，含if_keep=False的1-NN传播): body=455  wing_L=148  wing_R=116
  labeled csv -> /home/computer0/fly_project/fly_gsplat/outputs/ctrl_009_006_ratio3_sh0_dense_mid200/ratio3_sh0_dense/f1215/splatfacto/2026-08-20_201837/gaussian_features_f1215_labeled.csv

[f1216] n_total=716 n_kept=628 (87.7%)  n_frames_in_window=73
  body候选体素数(阈值+连通分量后)=128  body候选点数=384(61.1% of kept)
  wing连通性: 碎块点=36  实际改判=36
  confidence=high  (wing_merged强制low; body候选点数<20或>0.9*n_kept强制low; 否则high)
  L/R锚定: wing_A -> wing_L  wing_B -> wing_R
  part_label分布(全部点，含if_keep=False的1-NN传播): body=470  wing_L=140  wing_R=106
  labeled csv -> /home/computer0/fly_project/fly_gsplat/outputs/ctrl_009_006_ratio3_sh0_dense_mid200/ratio3_sh0_dense/f1216/splatfacto/2026-08-20_201835/gaussian_features_f1216_labeled.csv

[f1217] n_total=741 n_kept=656 (88.5%)  n_frames_in_window=73
  body候选体素数(阈值+连通分量后)=130  body候选点数=399(60.8% of kept)
  wing连通性: 碎块点=22  实际改判=22
  confidence=high  (wing_merged强制low; body候选点数<20或>0.9*n_kept强制low; 否则high)
  L/R锚定: wing_A -> wing_L  wing_B -> wing_R
  part_label分布(全部点，含if_keep=False的1-NN传播): body=479  wing_L=149  wing_R=113
  labeled csv -> /home/computer0/fly_project/fly_gsplat/outputs/ctrl_009_006_ratio3_sh0_dense_mid200/ratio3_sh0_dense/f1217/splatfacto/2026-08-20_201836/gaussian_features_f1217_labeled.csv

[f1218] n_total=695 n_kept=589 (84.7%)  n_frames_in_window=73
  body候选体素数(阈值+连通分量后)=130  body候选点数=338(57.4% of kept)
  wing连通性: 碎块点=20  实际改判=20
  confidence=high  (wing_merged强制low; body候选点数<20或>0.9*n_kept强制low; 否则high)
  L/R锚定: wing_A -> wing_R  wing_B -> wing_L
  part_label分布(全部点，含if_keep=False的1-NN传播): body=445  wing_L=128  wing_R=122
  labeled csv -> /home/computer0/fly_project/fly_gsplat/outputs/ctrl_009_006_ratio3_sh0_dense_mid200/ratio3_sh0_dense/f1218/splatfacto/2026-08-20_201836/gaussian_features_f1218_labeled.csv

[f1219] n_total=709 n_kept=620 (87.4%)  n_frames_in_window=73
  body候选体素数(阈值+连通分量后)=129  body候选点数=371(59.8% of kept)
  wing连通性: 碎块点=16  实际改判=16
  confidence=high  (wing_merged强制low; body候选点数<20或>0.9*n_kept强制low; 否则high)
  L/R锚定: wing_A -> wing_L  wing_B -> wing_R
  part_label分布(全部点，含if_keep=False的1-NN传播): body=451  wing_L=132  wing_R=126
  labeled csv -> /home/computer0/fly_project/fly_gsplat/outputs/ctrl_009_006_ratio3_sh0_dense_mid200/ratio3_sh0_dense/f1219/splatfacto/2026-08-20_201838/gaussian_features_f1219_labeled.csv

[f1220] n_total=746 n_kept=647 (86.7%)  n_frames_in_window=73
  body候选体素数(阈值+连通分量后)=131  body候选点数=372(57.5% of kept)
  wing连通性: 碎块点=22  实际改判=22
  confidence=high  (wing_merged强制low; body候选点数<20或>0.9*n_kept强制low; 否则high)
  L/R锚定: wing_A -> wing_L  wing_B -> wing_R
  part_label分布(全部点，含if_keep=False的1-NN传播): body=458  wing_L=153  wing_R=135
  labeled csv -> /home/computer0/fly_project/fly_gsplat/outputs/ctrl_009_006_ratio3_sh0_dense_mid200/ratio3_sh0_dense/f1220/splatfacto/2026-08-20_202029/gaussian_features_f1220_labeled.csv

[f1221] n_total=661 n_kept=573 (86.7%)  n_frames_in_window=73
  body候选体素数(阈值+连通分量后)=127  body候选点数=308(53.8% of kept)
  wing连通性: 碎块点=26  实际改判=26
  confidence=high  (wing_merged强制low; body候选点数<20或>0.9*n_kept强制low; 否则high)
  L/R锚定: wing_A -> wing_R  wing_B -> wing_L
  part_label分布(全部点，含if_keep=False的1-NN传播): body=383  wing_L=153  wing_R=125
  labeled csv -> /home/computer0/fly_project/fly_gsplat/outputs/ctrl_009_006_ratio3_sh0_dense_mid200/ratio3_sh0_dense/f1221/splatfacto/2026-08-20_202031/gaussian_features_f1221_labeled.csv

[f1222] n_total=710 n_kept=619 (87.2%)  n_frames_in_window=73
  body候选体素数(阈值+连通分量后)=128  body候选点数=345(55.7% of kept)
  wing连通性: 碎块点=23  实际改判=23
  confidence=high  (wing_merged强制low; body候选点数<20或>0.9*n_kept强制low; 否则high)
  L/R锚定: wing_A -> wing_R  wing_B -> wing_L
  part_label分布(全部点，含if_keep=False的1-NN传播): body=436  wing_L=138  wing_R=136
  labeled csv -> /home/computer0/fly_project/fly_gsplat/outputs/ctrl_009_006_ratio3_sh0_dense_mid200/ratio3_sh0_dense/f1222/splatfacto/2026-08-20_202030/gaussian_features_f1222_labeled.csv

[f1223] n_total=743 n_kept=674 (90.7%)  n_frames_in_window=73
  body候选体素数(阈值+连通分量后)=127  body候选点数=407(60.4% of kept)
  wing连通性: 碎块点=22  实际改判=22
  confidence=high  (wing_merged强制low; body候选点数<20或>0.9*n_kept强制low; 否则high)
  L/R锚定: wing_A -> wing_L  wing_B -> wing_R
  part_label分布(全部点，含if_keep=False的1-NN传播): body=472  wing_L=142  wing_R=129
  labeled csv -> /home/computer0/fly_project/fly_gsplat/outputs/ctrl_009_006_ratio3_sh0_dense_mid200/ratio3_sh0_dense/f1223/splatfacto/2026-08-20_202031/gaussian_features_f1223_labeled.csv

[f1224] n_total=709 n_kept=625 (88.2%)  n_frames_in_window=73
  body候选体素数(阈值+连通分量后)=126  body候选点数=367(58.7% of kept)
  wing连通性: 碎块点=12  实际改判=12
  confidence=high  (wing_merged强制low; body候选点数<20或>0.9*n_kept强制low; 否则high)
  L/R锚定: wing_A -> wing_L  wing_B -> wing_R
  part_label分布(全部点，含if_keep=False的1-NN传播): body=433  wing_L=142  wing_R=134
  labeled csv -> /home/computer0/fly_project/fly_gsplat/outputs/ctrl_009_006_ratio3_sh0_dense_mid200/ratio3_sh0_dense/f1224/splatfacto/2026-08-20_202032/gaussian_features_f1224_labeled.csv

[f1225] n_total=706 n_kept=627 (88.8%)  n_frames_in_window=73
  body候选体素数(阈值+连通分量后)=124  body候选点数=375(59.8% of kept)
  wing连通性: 碎块点=15  实际改判=15
  confidence=high  (wing_merged强制low; body候选点数<20或>0.9*n_kept强制low; 否则high)
  L/R锚定: wing_A -> wing_L  wing_B -> wing_R
  part_label分布(全部点，含if_keep=False的1-NN传播): body=444  wing_L=139  wing_R=123
  labeled csv -> /home/computer0/fly_project/fly_gsplat/outputs/ctrl_009_006_ratio3_sh0_dense_mid200/ratio3_sh0_dense/f1225/splatfacto/2026-08-20_202031/gaussian_features_f1225_labeled.csv

[f1226] n_total=679 n_kept=603 (88.8%)  n_frames_in_window=73
  body候选体素数(阈值+连通分量后)=124  body候选点数=349(57.9% of kept)
  wing连通性: 碎块点=23  实际改判=23
  confidence=high  (wing_merged强制low; body候选点数<20或>0.9*n_kept强制low; 否则high)
  L/R锚定: wing_A -> wing_R  wing_B -> wing_L
  part_label分布(全部点，含if_keep=False的1-NN传播): body=421  wing_L=126  wing_R=132
  labeled csv -> /home/computer0/fly_project/fly_gsplat/outputs/ctrl_009_006_ratio3_sh0_dense_mid200/ratio3_sh0_dense/f1226/splatfacto/2026-08-20_202032/gaussian_features_f1226_labeled.csv

[f1227] n_total=642 n_kept=559 (87.1%)  n_frames_in_window=73
  body候选体素数(阈值+连通分量后)=122  body候选点数=305(54.6% of kept)
  wing连通性: 碎块点=12  实际改判=12
  confidence=high  (wing_merged强制low; body候选点数<20或>0.9*n_kept强制low; 否则high)
  L/R锚定: wing_A -> wing_R  wing_B -> wing_L
  part_label分布(全部点，含if_keep=False的1-NN传播): body=373  wing_L=137  wing_R=132
  labeled csv -> /home/computer0/fly_project/fly_gsplat/outputs/ctrl_009_006_ratio3_sh0_dense_mid200/ratio3_sh0_dense/f1227/splatfacto/2026-08-20_202032/gaussian_features_f1227_labeled.csv

[f1228] n_total=627 n_kept=534 (85.2%)  n_frames_in_window=73
  body候选体素数(阈值+连通分量后)=121  body候选点数=295(55.2% of kept)
  wing连通性: 碎块点=16  实际改判=16
  confidence=high  (wing_merged强制low; body候选点数<20或>0.9*n_kept强制low; 否则high)
  L/R锚定: wing_A -> wing_L  wing_B -> wing_R
  part_label分布(全部点，含if_keep=False的1-NN传播): body=369  wing_L=127  wing_R=131
  labeled csv -> /home/computer0/fly_project/fly_gsplat/outputs/ctrl_009_006_ratio3_sh0_dense_mid200/ratio3_sh0_dense/f1228/splatfacto/2026-08-20_202032/gaussian_features_f1228_labeled.csv

[f1229] n_total=621 n_kept=544 (87.6%)  n_frames_in_window=73
  body候选体素数(阈值+连通分量后)=122  body候选点数=299(55.0% of kept)
  wing连通性: 碎块点=77  实际改判=77
  confidence=high  (wing_merged强制low; body候选点数<20或>0.9*n_kept强制low; 否则high)
  L/R锚定: wing_A -> wing_L  wing_B -> wing_R
  part_label分布(全部点，含if_keep=False的1-NN传播): body=393  wing_L=117  wing_R=111
  labeled csv -> /home/computer0/fly_project/fly_gsplat/outputs/ctrl_009_006_ratio3_sh0_dense_mid200/ratio3_sh0_dense/f1229/splatfacto/2026-08-20_202032/gaussian_features_f1229_labeled.csv

[f1230] n_total=664 n_kept=571 (86.0%)  n_frames_in_window=73
  body候选体素数(阈值+连通分量后)=126  body候选点数=332(58.1% of kept)
  wing连通性: 碎块点=14  实际改判=14
  confidence=high  (wing_merged强制low; body候选点数<20或>0.9*n_kept强制low; 否则high)
  L/R锚定: wing_A -> wing_L  wing_B -> wing_R
  part_label分布(全部点，含if_keep=False的1-NN传播): body=411  wing_L=141  wing_R=112
  labeled csv -> /home/computer0/fly_project/fly_gsplat/outputs/ctrl_009_006_ratio3_sh0_dense_mid200/ratio3_sh0_dense/f1230/splatfacto/2026-08-20_202032/gaussian_features_f1230_labeled.csv

[f1231] n_total=705 n_kept=605 (85.8%)  n_frames_in_window=73
  body候选体素数(阈值+连通分量后)=125  body候选点数=352(58.2% of kept)
  wing连通性: 碎块点=23  实际改判=23
  confidence=high  (wing_merged强制low; body候选点数<20或>0.9*n_kept强制low; 否则high)
  L/R锚定: wing_A -> wing_L  wing_B -> wing_R
  part_label分布(全部点，含if_keep=False的1-NN传播): body=438  wing_L=145  wing_R=122
  labeled csv -> /home/computer0/fly_project/fly_gsplat/outputs/ctrl_009_006_ratio3_sh0_dense_mid200/ratio3_sh0_dense/f1231/splatfacto/2026-08-20_202032/gaussian_features_f1231_labeled.csv

[f1232] n_total=698 n_kept=596 (85.4%)  n_frames_in_window=73
  body候选体素数(阈值+连通分量后)=125  body候选点数=336(56.4% of kept)
  wing连通性: 碎块点=35  实际改判=35
  confidence=high  (wing_merged强制low; body候选点数<20或>0.9*n_kept强制low; 否则high)
  L/R锚定: wing_A -> wing_L  wing_B -> wing_R
  part_label分布(全部点，含if_keep=False的1-NN传播): body=426  wing_L=143  wing_R=129
  labeled csv -> /home/computer0/fly_project/fly_gsplat/outputs/ctrl_009_006_ratio3_sh0_dense_mid200/ratio3_sh0_dense/f1232/splatfacto/2026-08-20_202228/gaussian_features_f1232_labeled.csv

[f1233] n_total=708 n_kept=616 (87.0%)  n_frames_in_window=73
  body候选体素数(阈值+连通分量后)=121  body候选点数=347(56.3% of kept)
  wing连通性: 碎块点=66  实际改判=66
  confidence=high  (wing_merged强制low; body候选点数<20或>0.9*n_kept强制low; 否则high)
  L/R锚定: wing_A -> wing_L  wing_B -> wing_R
  part_label分布(全部点，含if_keep=False的1-NN传播): body=451  wing_L=149  wing_R=108
  labeled csv -> /home/computer0/fly_project/fly_gsplat/outputs/ctrl_009_006_ratio3_sh0_dense_mid200/ratio3_sh0_dense/f1233/splatfacto/2026-08-20_202229/gaussian_features_f1233_labeled.csv

[f1234] n_total=623 n_kept=548 (88.0%)  n_frames_in_window=73
  body候选体素数(阈值+连通分量后)=121  body候选点数=284(51.8% of kept)
  wing连通性: 碎块点=71  实际改判=71
  confidence=high  (wing_merged强制low; body候选点数<20或>0.9*n_kept强制low; 否则high)
  L/R锚定: wing_A -> wing_L  wing_B -> wing_R
  part_label分布(全部点，含if_keep=False的1-NN传播): body=379  wing_L=136  wing_R=108
  labeled csv -> /home/computer0/fly_project/fly_gsplat/outputs/ctrl_009_006_ratio3_sh0_dense_mid200/ratio3_sh0_dense/f1234/splatfacto/2026-08-20_202229/gaussian_features_f1234_labeled.csv

[f1235] n_total=616 n_kept=545 (88.5%)  n_frames_in_window=73
  body候选体素数(阈值+连通分量后)=125  body候选点数=318(58.3% of kept)
  wing连通性: 碎块点=21  实际改判=21
  confidence=high  (wing_merged强制low; body候选点数<20或>0.9*n_kept强制low; 否则high)
  L/R锚定: wing_A -> wing_L  wing_B -> wing_R
  part_label分布(全部点，含if_keep=False的1-NN传播): body=387  wing_L=122  wing_R=107
  labeled csv -> /home/computer0/fly_project/fly_gsplat/outputs/ctrl_009_006_ratio3_sh0_dense_mid200/ratio3_sh0_dense/f1235/splatfacto/2026-08-20_202230/gaussian_features_f1235_labeled.csv

[f1236] n_total=610 n_kept=531 (87.0%)  n_frames_in_window=73
  body候选体素数(阈值+连通分量后)=124  body候选点数=336(63.3% of kept)
  wing连通性: 碎块点=29  实际改判=29
  confidence=high  (wing_merged强制low; body候选点数<20或>0.9*n_kept强制low; 否则high)
  L/R锚定: wing_A -> wing_R  wing_B -> wing_L
  part_label分布(全部点，含if_keep=False的1-NN传播): body=407  wing_L=102  wing_R=101
  labeled csv -> /home/computer0/fly_project/fly_gsplat/outputs/ctrl_009_006_ratio3_sh0_dense_mid200/ratio3_sh0_dense/f1236/splatfacto/2026-08-20_202229/gaussian_features_f1236_labeled.csv

[f1237] n_total=536 n_kept=472 (88.1%)  n_frames_in_window=73
  body候选体素数(阈值+连通分量后)=122  body候选点数=285(60.4% of kept)
  wing连通性: 碎块点=22  实际改判=22
  confidence=high  (wing_merged强制low; body候选点数<20或>0.9*n_kept强制low; 否则high)
  L/R锚定: wing_A -> wing_L  wing_B -> wing_R
  part_label分布(全部点，含if_keep=False的1-NN传播): body=348  wing_L=104  wing_R=84
  labeled csv -> /home/computer0/fly_project/fly_gsplat/outputs/ctrl_009_006_ratio3_sh0_dense_mid200/ratio3_sh0_dense/f1237/splatfacto/2026-08-20_202229/gaussian_features_f1237_labeled.csv

[f1238] n_total=527 n_kept=473 (89.8%)  n_frames_in_window=73
  body候选体素数(阈值+连通分量后)=123  body候选点数=279(59.0% of kept)
  wing连通性: 碎块点=23  实际改判=23
  confidence=high  (wing_merged强制low; body候选点数<20或>0.9*n_kept强制low; 否则high)
  L/R锚定: wing_A -> wing_L  wing_B -> wing_R
  part_label分布(全部点，含if_keep=False的1-NN传播): body=339  wing_L=106  wing_R=82
  labeled csv -> /home/computer0/fly_project/fly_gsplat/outputs/ctrl_009_006_ratio3_sh0_dense_mid200/ratio3_sh0_dense/f1238/splatfacto/2026-08-20_202229/gaussian_features_f1238_labeled.csv

[f1239] n_total=566 n_kept=491 (86.7%)  n_frames_in_window=73
  body候选体素数(阈值+连通分量后)=123  body候选点数=279(56.8% of kept)
  wing连通性: 碎块点=49  实际改判=49
  confidence=high  (wing_merged强制low; body候选点数<20或>0.9*n_kept强制low; 否则high)
  L/R锚定: wing_A -> wing_L  wing_B -> wing_R
  part_label分布(全部点，含if_keep=False的1-NN传播): body=351  wing_L=134  wing_R=81
  labeled csv -> /home/computer0/fly_project/fly_gsplat/outputs/ctrl_009_006_ratio3_sh0_dense_mid200/ratio3_sh0_dense/f1239/splatfacto/2026-08-20_202230/gaussian_features_f1239_labeled.csv

[f1240] n_total=669 n_kept=571 (85.4%)  n_frames_in_window=73
  body候选体素数(阈值+连通分量后)=124  body候选点数=350(61.3% of kept)
  wing连通性: 碎块点=39  实际改判=39
  confidence=high  (wing_merged强制low; body候选点数<20或>0.9*n_kept强制low; 否则high)
  L/R锚定: wing_A -> wing_L  wing_B -> wing_R
  part_label分布(全部点，含if_keep=False的1-NN传播): body=427  wing_L=157  wing_R=85
  labeled csv -> /home/computer0/fly_project/fly_gsplat/outputs/ctrl_009_006_ratio3_sh0_dense_mid200/ratio3_sh0_dense/f1240/splatfacto/2026-08-20_202231/gaussian_features_f1240_labeled.csv

[f1241] n_total=690 n_kept=611 (88.6%)  n_frames_in_window=73
  body候选体素数(阈值+连通分量后)=123  body候选点数=376(61.5% of kept)
  wing连通性: 碎块点=45  实际改判=45
  confidence=high  (wing_merged强制low; body候选点数<20或>0.9*n_kept强制low; 否则high)
  L/R锚定: wing_A -> wing_L  wing_B -> wing_R
  part_label分布(全部点，含if_keep=False的1-NN传播): body=471  wing_L=127  wing_R=92
  labeled csv -> /home/computer0/fly_project/fly_gsplat/outputs/ctrl_009_006_ratio3_sh0_dense_mid200/ratio3_sh0_dense/f1241/splatfacto/2026-08-20_202230/gaussian_features_f1241_labeled.csv

[f1242] n_total=606 n_kept=516 (85.1%)  n_frames_in_window=73
  body候选体素数(阈值+连通分量后)=120  body候选点数=339(65.7% of kept)
  wing连通性: 碎块点=30  实际改判=30
  confidence=high  (wing_merged强制low; body候选点数<20或>0.9*n_kept强制low; 否则high)
  L/R锚定: wing_A -> wing_L  wing_B -> wing_R
  part_label分布(全部点，含if_keep=False的1-NN传播): body=431  wing_L=91  wing_R=84
  labeled csv -> /home/computer0/fly_project/fly_gsplat/outputs/ctrl_009_006_ratio3_sh0_dense_mid200/ratio3_sh0_dense/f1242/splatfacto/2026-08-20_202231/gaussian_features_f1242_labeled.csv

[f1243] n_total=618 n_kept=539 (87.2%)  n_frames_in_window=73
  body候选体素数(阈值+连通分量后)=122  body候选点数=341(63.3% of kept)
  wing连通性: 碎块点=37  实际改判=37
  confidence=high  (wing_merged强制low; body候选点数<20或>0.9*n_kept强制low; 否则high)
  L/R锚定: wing_A -> wing_R  wing_B -> wing_L
  part_label分布(全部点，含if_keep=False的1-NN传播): body=428  wing_L=92  wing_R=98
  labeled csv -> /home/computer0/fly_project/fly_gsplat/outputs/ctrl_009_006_ratio3_sh0_dense_mid200/ratio3_sh0_dense/f1243/splatfacto/2026-08-20_202231/gaussian_features_f1243_labeled.csv
[density] body候选体素连通分量分析: 丢弃1/120个非最大连通分量的碎块体素

[f1244] n_total=720 n_kept=642 (89.2%)  n_frames_in_window=73
  body候选体素数(阈值+连通分量后)=119  body候选点数=357(55.6% of kept)
  wing连通性: 碎块点=34  实际改判=34
  confidence=high  (wing_merged强制low; body候选点数<20或>0.9*n_kept强制low; 否则high)
  L/R锚定: wing_A -> wing_R  wing_B -> wing_L
  part_label分布(全部点，含if_keep=False的1-NN传播): body=447  wing_L=116  wing_R=157
  labeled csv -> /home/computer0/fly_project/fly_gsplat/outputs/ctrl_009_006_ratio3_sh0_dense_mid200/ratio3_sh0_dense/f1244/splatfacto/2026-08-20_202424/gaussian_features_f1244_labeled.csv
[density] body候选体素连通分量分析: 丢弃1/119个非最大连通分量的碎块体素

[f1245] n_total=699 n_kept=601 (86.0%)  n_frames_in_window=73
  body候选体素数(阈值+连通分量后)=118  body候选点数=343(57.1% of kept)
  wing连通性: 碎块点=57  实际改判=57
  confidence=high  (wing_merged强制low; body候选点数<20或>0.9*n_kept强制low; 否则high)
  L/R锚定: wing_A -> wing_L  wing_B -> wing_R
  part_label分布(全部点，含if_keep=False的1-NN传播): body=440  wing_L=149  wing_R=110
  labeled csv -> /home/computer0/fly_project/fly_gsplat/outputs/ctrl_009_006_ratio3_sh0_dense_mid200/ratio3_sh0_dense/f1245/splatfacto/2026-08-20_202424/gaussian_features_f1245_labeled.csv

[f1246] n_total=652 n_kept=574 (88.0%)  n_frames_in_window=73
  body候选体素数(阈值+连通分量后)=123  body候选点数=307(53.5% of kept)
  wing连通性: 碎块点=58  实际改判=58
  confidence=high  (wing_merged强制low; body候选点数<20或>0.9*n_kept强制low; 否则high)
  L/R锚定: wing_A -> wing_L  wing_B -> wing_R
  part_label分布(全部点，含if_keep=False的1-NN传播): body=402  wing_L=173  wing_R=77
  labeled csv -> /home/computer0/fly_project/fly_gsplat/outputs/ctrl_009_006_ratio3_sh0_dense_mid200/ratio3_sh0_dense/f1246/splatfacto/2026-08-20_202424/gaussian_features_f1246_labeled.csv

[f1247] n_total=679 n_kept=611 (90.0%)  n_frames_in_window=73
  body候选体素数(阈值+连通分量后)=126  body候选点数=351(57.4% of kept)
  wing连通性: 碎块点=20  实际改判=20
  confidence=high  (wing_merged强制low; body候选点数<20或>0.9*n_kept强制low; 否则high)
  L/R锚定: wing_A -> wing_L  wing_B -> wing_R
  part_label分布(全部点，含if_keep=False的1-NN传播): body=415  wing_L=169  wing_R=95
  labeled csv -> /home/computer0/fly_project/fly_gsplat/outputs/ctrl_009_006_ratio3_sh0_dense_mid200/ratio3_sh0_dense/f1247/splatfacto/2026-08-20_202423/gaussian_features_f1247_labeled.csv

[f1248] n_total=694 n_kept=599 (86.3%)  n_frames_in_window=73
  body候选体素数(阈值+连通分量后)=129  body候选点数=320(53.4% of kept)
  wing连通性: 碎块点=28  实际改判=28
  confidence=high  (wing_merged强制low; body候选点数<20或>0.9*n_kept强制low; 否则high)
  L/R锚定: wing_A -> wing_L  wing_B -> wing_R
  part_label分布(全部点，含if_keep=False的1-NN传播): body=417  wing_L=185  wing_R=92
  labeled csv -> /home/computer0/fly_project/fly_gsplat/outputs/ctrl_009_006_ratio3_sh0_dense_mid200/ratio3_sh0_dense/f1248/splatfacto/2026-08-20_202424/gaussian_features_f1248_labeled.csv

[f1249] n_total=666 n_kept=581 (87.2%)  n_frames_in_window=73
  body候选体素数(阈值+连通分量后)=129  body候选点数=344(59.2% of kept)
  wing连通性: 碎块点=26  实际改判=26
  confidence=high  (wing_merged强制low; body候选点数<20或>0.9*n_kept强制low; 否则high)
  L/R锚定: wing_A -> wing_L  wing_B -> wing_R
  part_label分布(全部点，含if_keep=False的1-NN传播): body=433  wing_L=140  wing_R=93
  labeled csv -> /home/computer0/fly_project/fly_gsplat/outputs/ctrl_009_006_ratio3_sh0_dense_mid200/ratio3_sh0_dense/f1249/splatfacto/2026-08-20_202424/gaussian_features_f1249_labeled.csv

[f1250] n_total=636 n_kept=566 (89.0%)  n_frames_in_window=73
  body候选体素数(阈值+连通分量后)=129  body候选点数=325(57.4% of kept)
  wing连通性: 碎块点=45  实际改判=45
  confidence=high  (wing_merged强制low; body候选点数<20或>0.9*n_kept强制low; 否则high)
  L/R锚定: wing_A -> wing_L  wing_B -> wing_R
  part_label分布(全部点，含if_keep=False的1-NN传播): body=421  wing_L=145  wing_R=70
  labeled csv -> /home/computer0/fly_project/fly_gsplat/outputs/ctrl_009_006_ratio3_sh0_dense_mid200/ratio3_sh0_dense/f1250/splatfacto/2026-08-20_202425/gaussian_features_f1250_labeled.csv

[f1251] n_total=620 n_kept=541 (87.3%)  n_frames_in_window=73
  body候选体素数(阈值+连通分量后)=130  body候选点数=326(60.3% of kept)
  wing连通性: 碎块点=23  实际改判=23
  confidence=high  (wing_merged强制low; body候选点数<20或>0.9*n_kept强制low; 否则high)
  L/R锚定: wing_A -> wing_L  wing_B -> wing_R
  part_label分布(全部点，含if_keep=False的1-NN传播): body=410  wing_L=129  wing_R=81
  labeled csv -> /home/computer0/fly_project/fly_gsplat/outputs/ctrl_009_006_ratio3_sh0_dense_mid200/ratio3_sh0_dense/f1251/splatfacto/2026-08-20_202425/gaussian_features_f1251_labeled.csv

[f1252] n_total=622 n_kept=541 (87.0%)  n_frames_in_window=73
  body候选体素数(阈值+连通分量后)=128  body候选点数=337(62.3% of kept)
  wing连通性: 碎块点=26  实际改判=26
  confidence=high  (wing_merged强制low; body候选点数<20或>0.9*n_kept强制low; 否则high)
  L/R锚定: wing_A -> wing_L  wing_B -> wing_R
  part_label分布(全部点，含if_keep=False的1-NN传播): body=423  wing_L=111  wing_R=88
  labeled csv -> /home/computer0/fly_project/fly_gsplat/outputs/ctrl_009_006_ratio3_sh0_dense_mid200/ratio3_sh0_dense/f1252/splatfacto/2026-08-20_202425/gaussian_features_f1252_labeled.csv

[f1253] n_total=613 n_kept=555 (90.5%)  n_frames_in_window=73
  body候选体素数(阈值+连通分量后)=128  body候选点数=361(65.0% of kept)
  wing连通性: 碎块点=22  实际改判=22
  confidence=high  (wing_merged强制low; body候选点数<20或>0.9*n_kept强制low; 否则high)
  L/R锚定: wing_A -> wing_L  wing_B -> wing_R
  part_label分布(全部点，含if_keep=False的1-NN传播): body=425  wing_L=108  wing_R=80
  labeled csv -> /home/computer0/fly_project/fly_gsplat/outputs/ctrl_009_006_ratio3_sh0_dense_mid200/ratio3_sh0_dense/f1253/splatfacto/2026-08-20_202424/gaussian_features_f1253_labeled.csv

[f1254] n_total=645 n_kept=559 (86.7%)  n_frames_in_window=73
  body候选体素数(阈值+连通分量后)=129  body候选点数=391(69.9% of kept)
  wing连通性: 碎块点=17  实际改判=17
  confidence=high  (wing_merged强制low; body候选点数<20或>0.9*n_kept强制low; 否则high)
  L/R锚定: wing_A -> wing_L  wing_B -> wing_R
  part_label分布(全部点，含if_keep=False的1-NN传播): body=467  wing_L=118  wing_R=60
  labeled csv -> /home/computer0/fly_project/fly_gsplat/outputs/ctrl_009_006_ratio3_sh0_dense_mid200/ratio3_sh0_dense/f1254/splatfacto/2026-08-20_202427/gaussian_features_f1254_labeled.csv

[f1255] n_total=585 n_kept=509 (87.0%)  n_frames_in_window=73
  body候选体素数(阈值+连通分量后)=130  body候选点数=330(64.8% of kept)
  wing连通性: 碎块点=10  实际改判=10
  confidence=high  (wing_merged强制low; body候选点数<20或>0.9*n_kept强制low; 否则high)
  L/R锚定: wing_A -> wing_L  wing_B -> wing_R
  part_label分布(全部点，含if_keep=False的1-NN传播): body=399  wing_L=112  wing_R=74
  labeled csv -> /home/computer0/fly_project/fly_gsplat/outputs/ctrl_009_006_ratio3_sh0_dense_mid200/ratio3_sh0_dense/f1255/splatfacto/2026-08-20_202426/gaussian_features_f1255_labeled.csv

[f1256] n_total=635 n_kept=557 (87.7%)  n_frames_in_window=73
  body候选体素数(阈值+连通分量后)=130  body候选点数=346(62.1% of kept)
  wing连通性: 碎块点=45  实际改判=45
  confidence=high  (wing_merged强制low; body候选点数<20或>0.9*n_kept强制low; 否则high)
  L/R锚定: wing_A -> wing_L  wing_B -> wing_R
  part_label分布(全部点，含if_keep=False的1-NN传播): body=407  wing_L=156  wing_R=72
  labeled csv -> /home/computer0/fly_project/fly_gsplat/outputs/ctrl_009_006_ratio3_sh0_dense_mid200/ratio3_sh0_dense/f1256/splatfacto/2026-08-20_202618/gaussian_features_f1256_labeled.csv

[f1257] n_total=526 n_kept=463 (88.0%)  n_frames_in_window=73
  body候选体素数(阈值+连通分量后)=127  body候选点数=293(63.3% of kept)
  wing连通性: 碎块点=30  实际改判=30
  confidence=high  (wing_merged强制low; body候选点数<20或>0.9*n_kept强制low; 否则high)
  L/R锚定: wing_A -> wing_L  wing_B -> wing_R
  part_label分布(全部点，含if_keep=False的1-NN传播): body=360  wing_L=110  wing_R=56
  labeled csv -> /home/computer0/fly_project/fly_gsplat/outputs/ctrl_009_006_ratio3_sh0_dense_mid200/ratio3_sh0_dense/f1257/splatfacto/2026-08-20_202618/gaussian_features_f1257_labeled.csv

[f1258] n_total=517 n_kept=452 (87.4%)  n_frames_in_window=73
  body候选体素数(阈值+连通分量后)=126  body候选点数=282(62.4% of kept)
  wing连通性: 碎块点=29  实际改判=29
  confidence=high  (wing_merged强制low; body候选点数<20或>0.9*n_kept强制low; 否则high)
  L/R锚定: wing_A -> wing_L  wing_B -> wing_R
  part_label分布(全部点，含if_keep=False的1-NN传播): body=360  wing_L=98  wing_R=59
  labeled csv -> /home/computer0/fly_project/fly_gsplat/outputs/ctrl_009_006_ratio3_sh0_dense_mid200/ratio3_sh0_dense/f1258/splatfacto/2026-08-20_202618/gaussian_features_f1258_labeled.csv

[f1259] n_total=579 n_kept=503 (86.9%)  n_frames_in_window=73
  body候选体素数(阈值+连通分量后)=130  body候选点数=324(64.4% of kept)
  wing连通性: 碎块点=11  实际改判=11
  confidence=high  (wing_merged强制low; body候选点数<20或>0.9*n_kept强制low; 否则high)
  L/R锚定: wing_A -> wing_L  wing_B -> wing_R
  part_label分布(全部点，含if_keep=False的1-NN传播): body=398  wing_L=113  wing_R=68
  labeled csv -> /home/computer0/fly_project/fly_gsplat/outputs/ctrl_009_006_ratio3_sh0_dense_mid200/ratio3_sh0_dense/f1259/splatfacto/2026-08-20_202618/gaussian_features_f1259_labeled.csv

[f1260] n_total=575 n_kept=506 (88.0%)  n_frames_in_window=73
  body候选体素数(阈值+连通分量后)=130  body候选点数=304(60.1% of kept)
  wing连通性: 碎块点=17  实际改判=17
  confidence=high  (wing_merged强制low; body候选点数<20或>0.9*n_kept强制low; 否则high)
  L/R锚定: wing_A -> wing_L  wing_B -> wing_R
  part_label分布(全部点，含if_keep=False的1-NN传播): body=376  wing_L=118  wing_R=81
  labeled csv -> /home/computer0/fly_project/fly_gsplat/outputs/ctrl_009_006_ratio3_sh0_dense_mid200/ratio3_sh0_dense/f1260/splatfacto/2026-08-20_202619/gaussian_features_f1260_labeled.csv

[f1261] n_total=561 n_kept=488 (87.0%)  n_frames_in_window=73
  body候选体素数(阈值+连通分量后)=129  body候选点数=291(59.6% of kept)
  wing连通性: 碎块点=18  实际改判=18
  confidence=high  (wing_merged强制low; body候选点数<20或>0.9*n_kept强制low; 否则high)
  L/R锚定: wing_A -> wing_L  wing_B -> wing_R
  part_label分布(全部点，含if_keep=False的1-NN传播): body=365  wing_L=110  wing_R=86
  labeled csv -> /home/computer0/fly_project/fly_gsplat/outputs/ctrl_009_006_ratio3_sh0_dense_mid200/ratio3_sh0_dense/f1261/splatfacto/2026-08-20_202620/gaussian_features_f1261_labeled.csv

[f1262] n_total=589 n_kept=512 (86.9%)  n_frames_in_window=73
  body候选体素数(阈值+连通分量后)=128  body候选点数=294(57.4% of kept)
  wing连通性: 碎块点=26  实际改判=26
  confidence=high  (wing_merged强制low; body候选点数<20或>0.9*n_kept强制low; 否则high)
  L/R锚定: wing_A -> wing_L  wing_B -> wing_R
  part_label分布(全部点，含if_keep=False的1-NN传播): body=389  wing_L=113  wing_R=87
  labeled csv -> /home/computer0/fly_project/fly_gsplat/outputs/ctrl_009_006_ratio3_sh0_dense_mid200/ratio3_sh0_dense/f1262/splatfacto/2026-08-20_202620/gaussian_features_f1262_labeled.csv

[f1263] n_total=641 n_kept=554 (86.4%)  n_frames_in_window=73
  body候选体素数(阈值+连通分量后)=126  body候选点数=335(60.5% of kept)
  wing连通性: 碎块点=28  实际改判=28
  confidence=high  (wing_merged强制low; body候选点数<20或>0.9*n_kept强制low; 否则high)
  L/R锚定: wing_A -> wing_L  wing_B -> wing_R
  part_label分布(全部点，含if_keep=False的1-NN传播): body=435  wing_L=111  wing_R=95
  labeled csv -> /home/computer0/fly_project/fly_gsplat/outputs/ctrl_009_006_ratio3_sh0_dense_mid200/ratio3_sh0_dense/f1263/splatfacto/2026-08-20_202620/gaussian_features_f1263_labeled.csv
[density] frame_idx=1264: 窗口内1/73帧缺少T2产出(_marked.csv)，跳过不参与累加: ['f1300']

[f1264] n_total=638 n_kept=545 (85.4%)  n_frames_in_window=72
  body候选体素数(阈值+连通分量后)=125  body候选点数=325(59.6% of kept)
  wing连通性: 碎块点=33  实际改判=33
  confidence=high  (wing_merged强制low; body候选点数<20或>0.9*n_kept强制low; 否则high)
  L/R锚定: wing_A -> wing_R  wing_B -> wing_L
  part_label分布(全部点，含if_keep=False的1-NN传播): body=416  wing_L=107  wing_R=115
  labeled csv -> /home/computer0/fly_project/fly_gsplat/outputs/ctrl_009_006_ratio3_sh0_dense_mid200/ratio3_sh0_dense/f1264/splatfacto/2026-08-20_202619/gaussian_features_f1264_labeled.csv
[density] frame_idx=1265: 窗口内2/73帧缺少T2产出(_marked.csv)，跳过不参与累加: ['f1300', 'f1301']

[f1265] n_total=635 n_kept=554 (87.2%)  n_frames_in_window=71
  body候选体素数(阈值+连通分量后)=124  body候选点数=340(61.4% of kept)
  wing连通性: 碎块点=25  实际改判=25
  confidence=high  (wing_merged强制low; body候选点数<20或>0.9*n_kept强制low; 否则high)
  L/R锚定: wing_A -> wing_L  wing_B -> wing_R
  part_label分布(全部点，含if_keep=False的1-NN传播): body=432  wing_L=103  wing_R=100
  labeled csv -> /home/computer0/fly_project/fly_gsplat/outputs/ctrl_009_006_ratio3_sh0_dense_mid200/ratio3_sh0_dense/f1265/splatfacto/2026-08-20_202620/gaussian_features_f1265_labeled.csv
[density] frame_idx=1266: 窗口内3/73帧缺少T2产出(_marked.csv)，跳过不参与累加: ['f1300', 'f1301', 'f1302']

[f1266] n_total=649 n_kept=576 (88.8%)  n_frames_in_window=70
  body候选体素数(阈值+连通分量后)=122  body候选点数=348(60.4% of kept)
  wing连通性: 碎块点=14  实际改判=14
  confidence=high  (wing_merged强制low; body候选点数<20或>0.9*n_kept强制low; 否则high)
  L/R锚定: wing_A -> wing_R  wing_B -> wing_L
  part_label分布(全部点，含if_keep=False的1-NN传播): body=421  wing_L=89  wing_R=139
  labeled csv -> /home/computer0/fly_project/fly_gsplat/outputs/ctrl_009_006_ratio3_sh0_dense_mid200/ratio3_sh0_dense/f1266/splatfacto/2026-08-20_202620/gaussian_features_f1266_labeled.csv
[density] frame_idx=1267: 窗口内4/73帧缺少T2产出(_marked.csv)，跳过不参与累加: ['f1300', 'f1301', 'f1302', 'f1303']

[f1267] n_total=573 n_kept=517 (90.2%)  n_frames_in_window=69
  body候选体素数(阈值+连通分量后)=119  body候选点数=299(57.8% of kept)
  wing连通性: 碎块点=17  实际改判=17
  confidence=high  (wing_merged强制low; body候选点数<20或>0.9*n_kept强制low; 否则high)
  L/R锚定: wing_A -> wing_R  wing_B -> wing_L
  part_label分布(全部点，含if_keep=False的1-NN传播): body=367  wing_L=65  wing_R=141
  labeled csv -> /home/computer0/fly_project/fly_gsplat/outputs/ctrl_009_006_ratio3_sh0_dense_mid200/ratio3_sh0_dense/f1267/splatfacto/2026-08-20_202620/gaussian_features_f1267_labeled.csv
[density] frame_idx=1268: 窗口内5/73帧缺少T2产出(_marked.csv)，跳过不参与累加: ['f1300', 'f1301', 'f1302', 'f1303', 'f1304']

[f1268] n_total=607 n_kept=523 (86.2%)  n_frames_in_window=68
  body候选体素数(阈值+连通分量后)=116  body候选点数=325(62.1% of kept)
  wing连通性: 碎块点=50  实际改判=50
  confidence=high  (wing_merged强制low; body候选点数<20或>0.9*n_kept强制low; 否则high)
  L/R锚定: wing_A -> wing_L  wing_B -> wing_R
  part_label分布(全部点，含if_keep=False的1-NN传播): body=423  wing_L=158  wing_R=26
  labeled csv -> /home/computer0/fly_project/fly_gsplat/outputs/ctrl_009_006_ratio3_sh0_dense_mid200/ratio3_sh0_dense/f1268/splatfacto/2026-08-20_202815/gaussian_features_f1268_labeled.csv
[density] frame_idx=1269: 窗口内6/73帧缺少T2产出(_marked.csv)，跳过不参与累加: ['f1300', 'f1301', 'f1302', 'f1303', 'f1304', 'f1305']

[f1269] n_total=561 n_kept=499 (88.9%)  n_frames_in_window=67
  body候选体素数(阈值+连通分量后)=114  body候选点数=268(53.7% of kept)
  wing连通性: 碎块点=41  实际改判=41
  confidence=high  (wing_merged强制low; body候选点数<20或>0.9*n_kept强制low; 否则high)
  L/R锚定: wing_A -> wing_R  wing_B -> wing_L
  part_label分布(全部点，含if_keep=False的1-NN传播): body=346  wing_L=43  wing_R=172
  labeled csv -> /home/computer0/fly_project/fly_gsplat/outputs/ctrl_009_006_ratio3_sh0_dense_mid200/ratio3_sh0_dense/f1269/splatfacto/2026-08-20_202816/gaussian_features_f1269_labeled.csv
[density] frame_idx=1270: 窗口内7/73帧缺少T2产出(_marked.csv)，跳过不参与累加: ['f1300', 'f1301', 'f1302', 'f1303', 'f1304', 'f1305', 'f1306']

[f1270] n_total=540 n_kept=474 (87.8%)  n_frames_in_window=66
  body候选体素数(阈值+连通分量后)=113  body候选点数=270(57.0% of kept)
  wing连通性: 碎块点=19  实际改判=19
  confidence=high  (wing_merged强制low; body候选点数<20或>0.9*n_kept强制low; 否则high)
  L/R锚定: wing_A -> wing_R  wing_B -> wing_L
  part_label分布(全部点，含if_keep=False的1-NN传播): body=342  wing_L=68  wing_R=130
  labeled csv -> /home/computer0/fly_project/fly_gsplat/outputs/ctrl_009_006_ratio3_sh0_dense_mid200/ratio3_sh0_dense/f1270/splatfacto/2026-08-20_202816/gaussian_features_f1270_labeled.csv
[density] frame_idx=1271: 窗口内8/73帧缺少T2产出(_marked.csv)，跳过不参与累加: ['f1300', 'f1301', 'f1302', 'f1303', 'f1304', 'f1305', 'f1306', 'f1307']

[f1271] n_total=818 n_kept=709 (86.7%)  n_frames_in_window=65
  body候选体素数(阈值+连通分量后)=111  body候选点数=374(52.8% of kept)
  wing连通性: 碎块点=35  实际改判=35
  confidence=high  (wing_merged强制low; body候选点数<20或>0.9*n_kept强制low; 否则high)
  L/R锚定: wing_A -> wing_L  wing_B -> wing_R
  part_label分布(全部点，含if_keep=False的1-NN传播): body=494  wing_L=274  wing_R=50
  labeled csv -> /home/computer0/fly_project/fly_gsplat/outputs/ctrl_009_006_ratio3_sh0_dense_mid200/ratio3_sh0_dense/f1271/splatfacto/2026-08-20_202816/gaussian_features_f1271_labeled.csv
[density] frame_idx=1272: 窗口内9/73帧缺少T2产出(_marked.csv)，跳过不参与累加: ['f1300', 'f1301', 'f1302', 'f1303', 'f1304', 'f1305', 'f1306', 'f1307', 'f1308']
  [警告][f1272] wing_merged_forced_split: wing候选点的连通分量分析后只有1个显著分量(贴一起无法物理拆分)，强行按x_body×up投影中位数切成两半，强制confidence=low

[f1272] n_total=818 n_kept=700 (85.6%)  n_frames_in_window=64
  body候选体素数(阈值+连通分量后)=109  body候选点数=412(58.9% of kept)
  wing连通性: 碎块点=16  实际改判=16
  confidence=low  (wing_merged强制low; body候选点数<20或>0.9*n_kept强制low; 否则high)
  L/R锚定: wing_A -> wing_R  wing_B -> wing_L
  part_label分布(全部点，含if_keep=False的1-NN传播): body=491  wing_L=162  wing_R=165
  labeled csv -> /home/computer0/fly_project/fly_gsplat/outputs/ctrl_009_006_ratio3_sh0_dense_mid200/ratio3_sh0_dense/f1272/splatfacto/2026-08-20_202816/gaussian_features_f1272_labeled.csv
[density] frame_idx=1273: 窗口内10/73帧缺少T2产出(_marked.csv)，跳过不参与累加: ['f1300', 'f1301', 'f1302', 'f1303', 'f1304', 'f1305', 'f1306', 'f1307', 'f1308', 'f1309']

[f1273] n_total=723 n_kept=637 (88.1%)  n_frames_in_window=63
  body候选体素数(阈值+连通分量后)=107  body候选点数=361(56.7% of kept)
  wing连通性: 碎块点=15  实际改判=15
  confidence=high  (wing_merged强制low; body候选点数<20或>0.9*n_kept强制low; 否则high)
  L/R锚定: wing_A -> wing_L  wing_B -> wing_R
  part_label分布(全部点，含if_keep=False的1-NN传播): body=443  wing_L=236  wing_R=44
  labeled csv -> /home/computer0/fly_project/fly_gsplat/outputs/ctrl_009_006_ratio3_sh0_dense_mid200/ratio3_sh0_dense/f1273/splatfacto/2026-08-20_202817/gaussian_features_f1273_labeled.csv
[density] frame_idx=1274: 窗口内11/73帧缺少T2产出(_marked.csv)，跳过不参与累加: ['f1300', 'f1301', 'f1302', 'f1303', 'f1304', 'f1305', 'f1306', 'f1307', 'f1308', 'f1309', 'f1310']

[f1274] n_total=804 n_kept=710 (88.3%)  n_frames_in_window=62
  body候选体素数(阈值+连通分量后)=106  body候选点数=330(46.5% of kept)
  wing连通性: 碎块点=26  实际改判=26
  confidence=high  (wing_merged强制low; body候选点数<20或>0.9*n_kept强制low; 否则high)
  L/R锚定: wing_A -> wing_L  wing_B -> wing_R
  part_label分布(全部点，含if_keep=False的1-NN传播): body=405  wing_L=349  wing_R=50
  labeled csv -> /home/computer0/fly_project/fly_gsplat/outputs/ctrl_009_006_ratio3_sh0_dense_mid200/ratio3_sh0_dense/f1274/splatfacto/2026-08-20_202816/gaussian_features_f1274_labeled.csv
[density] frame_idx=1275: 窗口内12/73帧缺少T2产出(_marked.csv)，跳过不参与累加: ['f1300', 'f1301', 'f1302', 'f1303', 'f1304', 'f1305', 'f1306', 'f1307', 'f1308', 'f1309', 'f1310', 'f1311']
  [警告][f1275] wing_merged_forced_split: wing候选点的连通分量分析后只有1个显著分量(贴一起无法物理拆分)，强行按x_body×up投影中位数切成两半，强制confidence=low

[f1275] n_total=785 n_kept=700 (89.2%)  n_frames_in_window=61
  body候选体素数(阈值+连通分量后)=104  body候选点数=308(44.0% of kept)
  wing连通性: 碎块点=91  实际改判=91
  confidence=low  (wing_merged强制low; body候选点数<20或>0.9*n_kept强制low; 否则high)
  L/R锚定: wing_A -> wing_R  wing_B -> wing_L
  part_label分布(全部点，含if_keep=False的1-NN传播): body=401  wing_L=199  wing_R=185
  labeled csv -> /home/computer0/fly_project/fly_gsplat/outputs/ctrl_009_006_ratio3_sh0_dense_mid200/ratio3_sh0_dense/f1275/splatfacto/2026-08-20_202816/gaussian_features_f1275_labeled.csv
[density] frame_idx=1276: 窗口内13/73帧缺少T2产出(_marked.csv)，跳过不参与累加: ['f1300', 'f1301', 'f1302', 'f1303', 'f1304', 'f1305', 'f1306', 'f1307', 'f1308', 'f1309', 'f1310', 'f1311', 'f1312']
  [警告][f1276] wing_merged_forced_split: wing候选点的连通分量分析后只有1个显著分量(贴一起无法物理拆分)，强行按x_body×up投影中位数切成两半，强制confidence=low

[f1276] n_total=770 n_kept=673 (87.4%)  n_frames_in_window=60
  body候选体素数(阈值+连通分量后)=103  body候选点数=346(51.4% of kept)
  wing连通性: 碎块点=24  实际改判=24
  confidence=low  (wing_merged强制low; body候选点数<20或>0.9*n_kept强制low; 否则high)
  L/R锚定: wing_A -> wing_R  wing_B -> wing_L
  part_label分布(全部点，含if_keep=False的1-NN传播): body=425  wing_L=187  wing_R=158
  labeled csv -> /home/computer0/fly_project/fly_gsplat/outputs/ctrl_009_006_ratio3_sh0_dense_mid200/ratio3_sh0_dense/f1276/splatfacto/2026-08-20_202818/gaussian_features_f1276_labeled.csv
[density] frame_idx=1277: 窗口内14/73帧缺少T2产出(_marked.csv)，跳过不参与累加: ['f1300', 'f1301', 'f1302', 'f1303', 'f1304', 'f1305', 'f1306', 'f1307', 'f1308', 'f1309', 'f1310', 'f1311', 'f1312', 'f1313']
  [警告][f1277] wing_merged_forced_split: wing候选点的连通分量分析后只有1个显著分量(贴一起无法物理拆分)，强行按x_body×up投影中位数切成两半，强制confidence=low

[f1277] n_total=709 n_kept=641 (90.4%)  n_frames_in_window=59
  body候选体素数(阈值+连通分量后)=101  body候选点数=313(48.8% of kept)
  wing连通性: 碎块点=12  实际改判=12
  confidence=low  (wing_merged强制low; body候选点数<20或>0.9*n_kept强制low; 否则high)
  L/R锚定: wing_A -> wing_R  wing_B -> wing_L
  part_label分布(全部点，含if_keep=False的1-NN传播): body=372  wing_L=170  wing_R=167
  labeled csv -> /home/computer0/fly_project/fly_gsplat/outputs/ctrl_009_006_ratio3_sh0_dense_mid200/ratio3_sh0_dense/f1277/splatfacto/2026-08-20_202816/gaussian_features_f1277_labeled.csv
[density] frame_idx=1278: 窗口内15/73帧缺少T2产出(_marked.csv)，跳过不参与累加: ['f1300', 'f1301', 'f1302', 'f1303', 'f1304', 'f1305', 'f1306', 'f1307', 'f1308', 'f1309', 'f1310', 'f1311', 'f1312', 'f1313', 'f1314']
  [警告][f1278] wing_merged_forced_split: wing候选点的连通分量分析后只有1个显著分量(贴一起无法物理拆分)，强行按x_body×up投影中位数切成两半，强制confidence=low

[f1278] n_total=789 n_kept=707 (89.6%)  n_frames_in_window=58
  body候选体素数(阈值+连通分量后)=101  body候选点数=397(56.2% of kept)
  wing连通性: 碎块点=20  实际改判=20
  confidence=low  (wing_merged强制low; body候选点数<20或>0.9*n_kept强制low; 否则high)
  L/R锚定: wing_A -> wing_R  wing_B -> wing_L
  part_label分布(全部点，含if_keep=False的1-NN传播): body=475  wing_L=158  wing_R=156
  labeled csv -> /home/computer0/fly_project/fly_gsplat/outputs/ctrl_009_006_ratio3_sh0_dense_mid200/ratio3_sh0_dense/f1278/splatfacto/2026-08-20_202817/gaussian_features_f1278_labeled.csv
[density] frame_idx=1279: 窗口内16/73帧缺少T2产出(_marked.csv)，跳过不参与累加: ['f1300', 'f1301', 'f1302', 'f1303', 'f1304', 'f1305', 'f1306', 'f1307', 'f1308', 'f1309', 'f1310', 'f1311', 'f1312', 'f1313', 'f1314', 'f1315']

[f1279] n_total=751 n_kept=672 (89.5%)  n_frames_in_window=57
  body候选体素数(阈值+连通分量后)=96  body候选点数=363(54.0% of kept)
  wing连通性: 碎块点=12  实际改判=12
  confidence=high  (wing_merged强制low; body候选点数<20或>0.9*n_kept强制low; 否则high)
  L/R锚定: wing_A -> wing_R  wing_B -> wing_L
  part_label分布(全部点，含if_keep=False的1-NN传播): body=441  wing_L=39  wing_R=271
  labeled csv -> /home/computer0/fly_project/fly_gsplat/outputs/ctrl_009_006_ratio3_sh0_dense_mid200/ratio3_sh0_dense/f1279/splatfacto/2026-08-20_202818/gaussian_features_f1279_labeled.csv
[density] frame_idx=1280: 窗口内17/73帧缺少T2产出(_marked.csv)，跳过不参与累加: ['f1300', 'f1301', 'f1302', 'f1303', 'f1304', 'f1305', 'f1306', 'f1307', 'f1308', 'f1309', 'f1310', 'f1311', 'f1312', 'f1313', 'f1314', 'f1315', 'f1316']

[f1280] n_total=761 n_kept=684 (89.9%)  n_frames_in_window=56
  body候选体素数(阈值+连通分量后)=95  body候选点数=360(52.6% of kept)
  wing连通性: 碎块点=70  实际改判=70
  confidence=high  (wing_merged强制low; body候选点数<20或>0.9*n_kept强制low; 否则high)
  L/R锚定: wing_A -> wing_L  wing_B -> wing_R
  part_label分布(全部点，含if_keep=False的1-NN传播): body=448  wing_L=209  wing_R=104
  labeled csv -> /home/computer0/fly_project/fly_gsplat/outputs/ctrl_009_006_ratio3_sh0_dense_mid200/ratio3_sh0_dense/f1280/splatfacto/2026-08-20_203009/gaussian_features_f1280_labeled.csv
[density] frame_idx=1281: 窗口内18/73帧缺少T2产出(_marked.csv)，跳过不参与累加: ['f1300', 'f1301', 'f1302', 'f1303', 'f1304', 'f1305', 'f1306', 'f1307', 'f1308', 'f1309', 'f1310', 'f1311', 'f1312', 'f1313', 'f1314', 'f1315', 'f1316', 'f1317']

[f1281] n_total=684 n_kept=606 (88.6%)  n_frames_in_window=55
  body候选体素数(阈值+连通分量后)=94  body候选点数=293(48.3% of kept)
  wing连通性: 碎块点=99  实际改判=99
  confidence=high  (wing_merged强制low; body候选点数<20或>0.9*n_kept强制low; 否则high)
  L/R锚定: wing_A -> wing_R  wing_B -> wing_L
  part_label分布(全部点，含if_keep=False的1-NN传播): body=390  wing_L=175  wing_R=119
  labeled csv -> /home/computer0/fly_project/fly_gsplat/outputs/ctrl_009_006_ratio3_sh0_dense_mid200/ratio3_sh0_dense/f1281/splatfacto/2026-08-20_203011/gaussian_features_f1281_labeled.csv
[density] frame_idx=1282: 窗口内19/73帧缺少T2产出(_marked.csv)，跳过不参与累加: ['f1300', 'f1301', 'f1302', 'f1303', 'f1304', 'f1305', 'f1306', 'f1307', 'f1308', 'f1309', 'f1310', 'f1311', 'f1312', 'f1313', 'f1314', 'f1315', 'f1316', 'f1317', 'f1318']

[f1282] n_total=756 n_kept=667 (88.2%)  n_frames_in_window=54
  body候选体素数(阈值+连通分量后)=93  body候选点数=375(56.2% of kept)
  wing连通性: 碎块点=97  实际改判=97
  confidence=high  (wing_merged强制low; body候选点数<20或>0.9*n_kept强制low; 否则high)
  L/R锚定: wing_A -> wing_L  wing_B -> wing_R
  part_label分布(全部点，含if_keep=False的1-NN传播): body=483  wing_L=171  wing_R=102
  labeled csv -> /home/computer0/fly_project/fly_gsplat/outputs/ctrl_009_006_ratio3_sh0_dense_mid200/ratio3_sh0_dense/f1282/splatfacto/2026-08-20_203010/gaussian_features_f1282_labeled.csv
[density] frame_idx=1283: 窗口内20/73帧缺少T2产出(_marked.csv)，跳过不参与累加: ['f1300', 'f1301', 'f1302', 'f1303', 'f1304', 'f1305', 'f1306', 'f1307', 'f1308', 'f1309', 'f1310', 'f1311', 'f1312', 'f1313', 'f1314', 'f1315', 'f1316', 'f1317', 'f1318', 'f1319']

[f1283] n_total=658 n_kept=579 (88.0%)  n_frames_in_window=53
  body候选体素数(阈值+连通分量后)=92  body候选点数=304(52.5% of kept)
  wing连通性: 碎块点=113  实际改判=113
  confidence=high  (wing_merged强制low; body候选点数<20或>0.9*n_kept强制low; 否则high)
  L/R锚定: wing_A -> wing_R  wing_B -> wing_L
  part_label分布(全部点，含if_keep=False的1-NN传播): body=437  wing_L=118  wing_R=103
  labeled csv -> /home/computer0/fly_project/fly_gsplat/outputs/ctrl_009_006_ratio3_sh0_dense_mid200/ratio3_sh0_dense/f1283/splatfacto/2026-08-20_203010/gaussian_features_f1283_labeled.csv
[density] frame_idx=1284: 窗口内21/73帧缺少T2产出(_marked.csv)，跳过不参与累加: ['f1300', 'f1301', 'f1302', 'f1303', 'f1304', 'f1305', 'f1306', 'f1307', 'f1308', 'f1309', 'f1310', 'f1311', 'f1312', 'f1313', 'f1314', 'f1315', 'f1316', 'f1317', 'f1318', 'f1319', 'f1320']

[f1284] n_total=691 n_kept=618 (89.4%)  n_frames_in_window=52
  body候选体素数(阈值+连通分量后)=92  body候选点数=309(50.0% of kept)
  wing连通性: 碎块点=118  实际改判=118
  confidence=high  (wing_merged强制low; body候选点数<20或>0.9*n_kept强制low; 否则high)
  L/R锚定: wing_A -> wing_R  wing_B -> wing_L
  part_label分布(全部点，含if_keep=False的1-NN传播): body=462  wing_L=114  wing_R=115
  labeled csv -> /home/computer0/fly_project/fly_gsplat/outputs/ctrl_009_006_ratio3_sh0_dense_mid200/ratio3_sh0_dense/f1284/splatfacto/2026-08-20_203011/gaussian_features_f1284_labeled.csv
[density] frame_idx=1285: 窗口内22/73帧缺少T2产出(_marked.csv)，跳过不参与累加: ['f1300', 'f1301', 'f1302', 'f1303', 'f1304', 'f1305', 'f1306', 'f1307', 'f1308', 'f1309', 'f1310', 'f1311', 'f1312', 'f1313', 'f1314', 'f1315', 'f1316', 'f1317', 'f1318', 'f1319', 'f1320', 'f1321']

[f1285] n_total=721 n_kept=639 (88.6%)  n_frames_in_window=51
  body候选体素数(阈值+连通分量后)=89  body候选点数=339(53.1% of kept)
  wing连通性: 碎块点=107  实际改判=107
  confidence=high  (wing_merged强制low; body候选点数<20或>0.9*n_kept强制low; 否则high)
  L/R锚定: wing_A -> wing_R  wing_B -> wing_L
  part_label分布(全部点，含if_keep=False的1-NN传播): body=501  wing_L=89  wing_R=131
  labeled csv -> /home/computer0/fly_project/fly_gsplat/outputs/ctrl_009_006_ratio3_sh0_dense_mid200/ratio3_sh0_dense/f1285/splatfacto/2026-08-20_203012/gaussian_features_f1285_labeled.csv
[density] frame_idx=1286: 窗口内23/73帧缺少T2产出(_marked.csv)，跳过不参与累加: ['f1300', 'f1301', 'f1302', 'f1303', 'f1304', 'f1305', 'f1306', 'f1307', 'f1308', 'f1309', 'f1310', 'f1311', 'f1312', 'f1313', 'f1314', 'f1315', 'f1316', 'f1317', 'f1318', 'f1319', 'f1320', 'f1321', 'f1322']

[f1286] n_total=646 n_kept=580 (89.8%)  n_frames_in_window=50
  body候选体素数(阈值+连通分量后)=85  body候选点数=268(46.2% of kept)
  wing连通性: 碎块点=116  实际改判=116
  confidence=high  (wing_merged强制low; body候选点数<20或>0.9*n_kept强制low; 否则high)
  L/R锚定: wing_A -> wing_R  wing_B -> wing_L
  part_label分布(全部点，含if_keep=False的1-NN传播): body=430  wing_L=98  wing_R=118
  labeled csv -> /home/computer0/fly_project/fly_gsplat/outputs/ctrl_009_006_ratio3_sh0_dense_mid200/ratio3_sh0_dense/f1286/splatfacto/2026-08-20_203012/gaussian_features_f1286_labeled.csv
[density] frame_idx=1287: 窗口内24/73帧缺少T2产出(_marked.csv)，跳过不参与累加: ['f1300', 'f1301', 'f1302', 'f1303', 'f1304', 'f1305', 'f1306', 'f1307', 'f1308', 'f1309', 'f1310', 'f1311', 'f1312', 'f1313', 'f1314', 'f1315', 'f1316', 'f1317', 'f1318', 'f1319', 'f1320', 'f1321', 'f1322', 'f1323']

[f1287] n_total=597 n_kept=525 (87.9%)  n_frames_in_window=49
  body候选体素数(阈值+连通分量后)=82  body候选点数=203(38.7% of kept)
  wing连通性: 碎块点=37  实际改判=37
  confidence=high  (wing_merged强制low; body候选点数<20或>0.9*n_kept强制low; 否则high)
  L/R锚定: wing_A -> wing_L  wing_B -> wing_R
  part_label分布(全部点，含if_keep=False的1-NN传播): body=273  wing_L=294  wing_R=30
  labeled csv -> /home/computer0/fly_project/fly_gsplat/outputs/ctrl_009_006_ratio3_sh0_dense_mid200/ratio3_sh0_dense/f1287/splatfacto/2026-08-20_203011/gaussian_features_f1287_labeled.csv
[density] frame_idx=1288: 窗口内25/73帧缺少T2产出(_marked.csv)，跳过不参与累加: ['f1300', 'f1301', 'f1302', 'f1303', 'f1304', 'f1305', 'f1306', 'f1307', 'f1308', 'f1309', 'f1310', 'f1311', 'f1312', 'f1313', 'f1314', 'f1315', 'f1316', 'f1317', 'f1318', 'f1319', 'f1320', 'f1321', 'f1322', 'f1323', 'f1324']
[density] body候选体素连通分量分析: 丢弃1/74个非最大连通分量的碎块体素

[f1288] n_total=675 n_kept=586 (86.8%)  n_frames_in_window=48
  body候选体素数(阈值+连通分量后)=73  body候选点数=265(45.2% of kept)
  wing连通性: 碎块点=71  实际改判=71
  confidence=high  (wing_merged强制low; body候选点数<20或>0.9*n_kept强制low; 否则high)
  L/R锚定: wing_A -> wing_L  wing_B -> wing_R
  part_label分布(全部点，含if_keep=False的1-NN传播): body=397  wing_L=158  wing_R=120
  labeled csv -> /home/computer0/fly_project/fly_gsplat/outputs/ctrl_009_006_ratio3_sh0_dense_mid200/ratio3_sh0_dense/f1288/splatfacto/2026-08-20_203011/gaussian_features_f1288_labeled.csv
[density] frame_idx=1289: 窗口内26/73帧缺少T2产出(_marked.csv)，跳过不参与累加: ['f1300', 'f1301', 'f1302', 'f1303', 'f1304', 'f1305', 'f1306', 'f1307', 'f1308', 'f1309', 'f1310', 'f1311', 'f1312', 'f1313', 'f1314', 'f1315', 'f1316', 'f1317', 'f1318', 'f1319', 'f1320', 'f1321', 'f1322', 'f1323', 'f1324', 'f1325']
[density] body候选体素连通分量分析: 丢弃1/74个非最大连通分量的碎块体素

[f1289] n_total=675 n_kept=583 (86.4%)  n_frames_in_window=47
  body候选体素数(阈值+连通分量后)=73  body候选点数=296(50.8% of kept)
  wing连通性: 碎块点=33  实际改判=33
  confidence=high  (wing_merged强制low; body候选点数<20或>0.9*n_kept强制low; 否则high)
  L/R锚定: wing_A -> wing_L  wing_B -> wing_R
  part_label分布(全部点，含if_keep=False的1-NN传播): body=396  wing_L=161  wing_R=118
  labeled csv -> /home/computer0/fly_project/fly_gsplat/outputs/ctrl_009_006_ratio3_sh0_dense_mid200/ratio3_sh0_dense/f1289/splatfacto/2026-08-20_203012/gaussian_features_f1289_labeled.csv
[density] frame_idx=1290: 窗口内27/73帧缺少T2产出(_marked.csv)，跳过不参与累加: ['f1300', 'f1301', 'f1302', 'f1303', 'f1304', 'f1305', 'f1306', 'f1307', 'f1308', 'f1309', 'f1310', 'f1311', 'f1312', 'f1313', 'f1314', 'f1315', 'f1316', 'f1317', 'f1318', 'f1319', 'f1320', 'f1321', 'f1322', 'f1323', 'f1324', 'f1325', 'f1326']
[density] body候选体素连通分量分析: 丢弃1/71个非最大连通分量的碎块体素

[f1290] n_total=626 n_kept=544 (86.9%)  n_frames_in_window=46
  body候选体素数(阈值+连通分量后)=70  body候选点数=247(45.4% of kept)
  wing连通性: 碎块点=43  实际改判=43
  confidence=high  (wing_merged强制low; body候选点数<20或>0.9*n_kept强制low; 否则high)
  L/R锚定: wing_A -> wing_L  wing_B -> wing_R
  part_label分布(全部点，含if_keep=False的1-NN传播): body=349  wing_L=143  wing_R=134
  labeled csv -> /home/computer0/fly_project/fly_gsplat/outputs/ctrl_009_006_ratio3_sh0_dense_mid200/ratio3_sh0_dense/f1290/splatfacto/2026-08-20_203012/gaussian_features_f1290_labeled.csv
[density] frame_idx=1291: 窗口内28/73帧缺少T2产出(_marked.csv)，跳过不参与累加: ['f1300', 'f1301', 'f1302', 'f1303', 'f1304', 'f1305', 'f1306', 'f1307', 'f1308', 'f1309', 'f1310', 'f1311', 'f1312', 'f1313', 'f1314', 'f1315', 'f1316', 'f1317', 'f1318', 'f1319', 'f1320', 'f1321', 'f1322', 'f1323', 'f1324', 'f1325', 'f1326', 'f1327']
[density] body候选体素连通分量分析: 丢弃1/70个非最大连通分量的碎块体素

[f1291] n_total=679 n_kept=608 (89.5%)  n_frames_in_window=45
  body候选体素数(阈值+连通分量后)=69  body候选点数=253(41.6% of kept)
  wing连通性: 碎块点=77  实际改判=77
  confidence=high  (wing_merged强制low; body候选点数<20或>0.9*n_kept强制low; 否则high)
  L/R锚定: wing_A -> wing_L  wing_B -> wing_R
  part_label分布(全部点，含if_keep=False的1-NN传播): body=376  wing_L=177  wing_R=126
  labeled csv -> /home/computer0/fly_project/fly_gsplat/outputs/ctrl_009_006_ratio3_sh0_dense_mid200/ratio3_sh0_dense/f1291/splatfacto/2026-08-20_203011/gaussian_features_f1291_labeled.csv
[density] frame_idx=1292: 窗口内29/73帧缺少T2产出(_marked.csv)，跳过不参与累加: ['f1300', 'f1301', 'f1302', 'f1303', 'f1304', 'f1305', 'f1306', 'f1307', 'f1308', 'f1309', 'f1310', 'f1311', 'f1312', 'f1313', 'f1314', 'f1315', 'f1316', 'f1317', 'f1318', 'f1319', 'f1320', 'f1321', 'f1322', 'f1323', 'f1324', 'f1325', 'f1326', 'f1327', 'f1328']
[density] body候选体素连通分量分析: 丢弃1/70个非最大连通分量的碎块体素

[f1292] n_total=669 n_kept=602 (90.0%)  n_frames_in_window=44
  body候选体素数(阈值+连通分量后)=69  body候选点数=231(38.4% of kept)
  wing连通性: 碎块点=78  实际改判=78
  confidence=high  (wing_merged强制low; body候选点数<20或>0.9*n_kept强制low; 否则high)
  L/R锚定: wing_A -> wing_L  wing_B -> wing_R
  part_label分布(全部点，含if_keep=False的1-NN传播): body=356  wing_L=180  wing_R=133
  labeled csv -> /home/computer0/fly_project/fly_gsplat/outputs/ctrl_009_006_ratio3_sh0_dense_mid200/ratio3_sh0_dense/f1292/splatfacto/2026-08-20_203203/gaussian_features_f1292_labeled.csv
[density] frame_idx=1293: 窗口内30/73帧缺少T2产出(_marked.csv)，跳过不参与累加: ['f1300', 'f1301', 'f1302', 'f1303', 'f1304', 'f1305', 'f1306', 'f1307', 'f1308', 'f1309', 'f1310', 'f1311', 'f1312', 'f1313', 'f1314', 'f1315', 'f1316', 'f1317', 'f1318', 'f1319', 'f1320', 'f1321', 'f1322', 'f1323', 'f1324', 'f1325', 'f1326', 'f1327', 'f1328', 'f1329']
[density] body候选体素连通分量分析: 丢弃1/67个非最大连通分量的碎块体素

[f1293] n_total=700 n_kept=621 (88.7%)  n_frames_in_window=43
  body候选体素数(阈值+连通分量后)=66  body候选点数=271(43.6% of kept)
  wing连通性: 碎块点=120  实际改判=120
  confidence=high  (wing_merged强制low; body候选点数<20或>0.9*n_kept强制low; 否则high)
  L/R锚定: wing_A -> wing_L  wing_B -> wing_R
  part_label分布(全部点，含if_keep=False的1-NN传播): body=442  wing_L=148  wing_R=110
  labeled csv -> /home/computer0/fly_project/fly_gsplat/outputs/ctrl_009_006_ratio3_sh0_dense_mid200/ratio3_sh0_dense/f1293/splatfacto/2026-08-20_203205/gaussian_features_f1293_labeled.csv
[density] frame_idx=1294: 窗口内31/73帧缺少T2产出(_marked.csv)，跳过不参与累加: ['f1300', 'f1301', 'f1302', 'f1303', 'f1304', 'f1305', 'f1306', 'f1307', 'f1308', 'f1309', 'f1310', 'f1311', 'f1312', 'f1313', 'f1314', 'f1315', 'f1316', 'f1317', 'f1318', 'f1319', 'f1320', 'f1321', 'f1322', 'f1323', 'f1324', 'f1325', 'f1326', 'f1327', 'f1328', 'f1329', 'f1330']
[density] body候选体素连通分量分析: 丢弃1/64个非最大连通分量的碎块体素

[f1294] n_total=639 n_kept=551 (86.2%)  n_frames_in_window=42
  body候选体素数(阈值+连通分量后)=63  body候选点数=224(40.7% of kept)
  wing连通性: 碎块点=104  实际改判=104
  confidence=high  (wing_merged强制low; body候选点数<20或>0.9*n_kept强制low; 否则high)
  L/R锚定: wing_A -> wing_L  wing_B -> wing_R
  part_label分布(全部点，含if_keep=False的1-NN传播): body=381  wing_L=142  wing_R=116
  labeled csv -> /home/computer0/fly_project/fly_gsplat/outputs/ctrl_009_006_ratio3_sh0_dense_mid200/ratio3_sh0_dense/f1294/splatfacto/2026-08-20_203204/gaussian_features_f1294_labeled.csv
[density] frame_idx=1295: 窗口内32/73帧缺少T2产出(_marked.csv)，跳过不参与累加: ['f1300', 'f1301', 'f1302', 'f1303', 'f1304', 'f1305', 'f1306', 'f1307', 'f1308', 'f1309', 'f1310', 'f1311', 'f1312', 'f1313', 'f1314', 'f1315', 'f1316', 'f1317', 'f1318', 'f1319', 'f1320', 'f1321', 'f1322', 'f1323', 'f1324', 'f1325', 'f1326', 'f1327', 'f1328', 'f1329', 'f1330', 'f1331']
[density] body候选体素连通分量分析: 丢弃1/62个非最大连通分量的碎块体素

[f1295] n_total=622 n_kept=564 (90.7%)  n_frames_in_window=41
  body候选体素数(阈值+连通分量后)=61  body候选点数=225(39.9% of kept)
  wing连通性: 碎块点=111  实际改判=111
  confidence=high  (wing_merged强制low; body候选点数<20或>0.9*n_kept强制low; 否则high)
  L/R锚定: wing_A -> wing_L  wing_B -> wing_R
  part_label分布(全部点，含if_keep=False的1-NN传播): body=375  wing_L=139  wing_R=108
  labeled csv -> /home/computer0/fly_project/fly_gsplat/outputs/ctrl_009_006_ratio3_sh0_dense_mid200/ratio3_sh0_dense/f1295/splatfacto/2026-08-20_203206/gaussian_features_f1295_labeled.csv
[density] frame_idx=1296: 窗口内33/73帧缺少T2产出(_marked.csv)，跳过不参与累加: ['f1300', 'f1301', 'f1302', 'f1303', 'f1304', 'f1305', 'f1306', 'f1307', 'f1308', 'f1309', 'f1310', 'f1311', 'f1312', 'f1313', 'f1314', 'f1315', 'f1316', 'f1317', 'f1318', 'f1319', 'f1320', 'f1321', 'f1322', 'f1323', 'f1324', 'f1325', 'f1326', 'f1327', 'f1328', 'f1329', 'f1330', 'f1331', 'f1332']
[density] body候选体素连通分量分析: 丢弃1/59个非最大连通分量的碎块体素

[f1296] n_total=670 n_kept=556 (83.0%)  n_frames_in_window=40
  body候选体素数(阈值+连通分量后)=58  body候选点数=264(47.5% of kept)
  wing连通性: 碎块点=117  实际改判=117
  confidence=high  (wing_merged强制low; body候选点数<20或>0.9*n_kept强制low; 否则high)
  L/R锚定: wing_A -> wing_R  wing_B -> wing_L
  part_label分布(全部点，含if_keep=False的1-NN传播): body=437  wing_L=121  wing_R=112
  labeled csv -> /home/computer0/fly_project/fly_gsplat/outputs/ctrl_009_006_ratio3_sh0_dense_mid200/ratio3_sh0_dense/f1296/splatfacto/2026-08-20_203205/gaussian_features_f1296_labeled.csv
[density] frame_idx=1297: 窗口内34/73帧缺少T2产出(_marked.csv)，跳过不参与累加: ['f1300', 'f1301', 'f1302', 'f1303', 'f1304', 'f1305', 'f1306', 'f1307', 'f1308', 'f1309', 'f1310', 'f1311', 'f1312', 'f1313', 'f1314', 'f1315', 'f1316', 'f1317', 'f1318', 'f1319', 'f1320', 'f1321', 'f1322', 'f1323', 'f1324', 'f1325', 'f1326', 'f1327', 'f1328', 'f1329', 'f1330', 'f1331', 'f1332', 'f1333']
[density] body候选体素连通分量分析: 丢弃1/57个非最大连通分量的碎块体素

[f1297] n_total=626 n_kept=560 (89.5%)  n_frames_in_window=39
  body候选体素数(阈值+连通分量后)=56  body候选点数=241(43.0% of kept)
  wing连通性: 碎块点=110  实际改判=110
  confidence=high  (wing_merged强制low; body候选点数<20或>0.9*n_kept强制low; 否则high)
  L/R锚定: wing_A -> wing_L  wing_B -> wing_R
  part_label分布(全部点，含if_keep=False的1-NN传播): body=382  wing_L=130  wing_R=114
  labeled csv -> /home/computer0/fly_project/fly_gsplat/outputs/ctrl_009_006_ratio3_sh0_dense_mid200/ratio3_sh0_dense/f1297/splatfacto/2026-08-20_203206/gaussian_features_f1297_labeled.csv
[density] frame_idx=1298: 窗口内35/73帧缺少T2产出(_marked.csv)，跳过不参与累加: ['f1300', 'f1301', 'f1302', 'f1303', 'f1304', 'f1305', 'f1306', 'f1307', 'f1308', 'f1309', 'f1310', 'f1311', 'f1312', 'f1313', 'f1314', 'f1315', 'f1316', 'f1317', 'f1318', 'f1319', 'f1320', 'f1321', 'f1322', 'f1323', 'f1324', 'f1325', 'f1326', 'f1327', 'f1328', 'f1329', 'f1330', 'f1331', 'f1332', 'f1333', 'f1334']

[f1298] n_total=658 n_kept=575 (87.4%)  n_frames_in_window=38
  body候选体素数(阈值+连通分量后)=55  body候选点数=206(35.8% of kept)
  wing连通性: 碎块点=131  实际改判=131
  confidence=high  (wing_merged强制low; body候选点数<20或>0.9*n_kept强制low; 否则high)
  L/R锚定: wing_A -> wing_R  wing_B -> wing_L
  part_label分布(全部点，含if_keep=False的1-NN传播): body=261  wing_L=143  wing_R=254
  labeled csv -> /home/computer0/fly_project/fly_gsplat/outputs/ctrl_009_006_ratio3_sh0_dense_mid200/ratio3_sh0_dense/f1298/splatfacto/2026-08-20_203207/gaussian_features_f1298_labeled.csv
[density] frame_idx=1299: 窗口内36/73帧缺少T2产出(_marked.csv)，跳过不参与累加: ['f1300', 'f1301', 'f1302', 'f1303', 'f1304', 'f1305', 'f1306', 'f1307', 'f1308', 'f1309', 'f1310', 'f1311', 'f1312', 'f1313', 'f1314', 'f1315', 'f1316', 'f1317', 'f1318', 'f1319', 'f1320', 'f1321', 'f1322', 'f1323', 'f1324', 'f1325', 'f1326', 'f1327', 'f1328', 'f1329', 'f1330', 'f1331', 'f1332', 'f1333', 'f1334', 'f1335']

[f1299] n_total=690 n_kept=599 (86.8%)  n_frames_in_window=37
  body候选体素数(阈值+连通分量后)=54  body候选点数=230(38.4% of kept)
  wing连通性: 碎块点=147  实际改判=147
  confidence=high  (wing_merged强制low; body候选点数<20或>0.9*n_kept强制low; 否则high)
  L/R锚定: wing_A -> wing_R  wing_B -> wing_L
  part_label分布(全部点，含if_keep=False的1-NN传播): body=293  wing_L=133  wing_R=264
  labeled csv -> /home/computer0/fly_project/fly_gsplat/outputs/ctrl_009_006_ratio3_sh0_dense_mid200/ratio3_sh0_dense/f1299/splatfacto/2026-08-20_203205/gaussian_features_f1299_labeled.csv

== T4 kinematics pipeline: /home/computer0/fly_project/fly_gsplat/outputs/ctrl_009_006_ratio3_sh0_dense_mid200/ratio3_sh0_dense ==
[build_sequence] 200 labeled frames under /home/computer0/fly_project/fly_gsplat/outputs/ctrl_009_006_ratio3_sh0_dense_mid200/ratio3_sh0_dense: f1100..f1299
[build_sequence] 0/200 frames failed (n_body_points < 10)
[f_residual_jitter] 复用缓存 /home/computer0/fly_project/fly_gsplat/postprocessing/kinematics/correct_body_axis/diag/f_body_cm.csv
[anchor_detect] angle_dev_deg <= 76.739 deg (quantile=0.25, n_valid=200)
[anchor_detect] wing_span >= 0.00306535 (quantile=0.75, n_valid=200)
[anchor_detect] eigval_ratio < 0.2
  -> /home/computer0/fly_project/fly_gsplat/outputs/ctrl_009_006_ratio3_sh0_dense_mid200/kinematics/kinematics_ratio3_sh0_dense.csv  (200 frame(s))
  status=ok: 197/200
  非ok帧: [(1126, 'wing_R:estimate_leading_edge: not enough populated span bins (1 pos / 1 neg, need >=3 each) to disambiguate leading vs trailing edge'), (1268, 'wing_R:estimate_leading_edge: not enough populated span bins (1 pos / 1 neg, need >=3 each) to disambiguate leading vs trailing edge'), (1287, 'wing_L:fit_plane RANSAC: no sample reached min_inliers=132 in 300 iters (best=115);wing_R:estimate_leading_edge: not enough populated span bins (1 pos / 1 neg, need >=3 each) to disambiguate leading vs trailing edge')]
[f1100] csv -> /home/computer0/fly_project/fly_gsplat/outputs/ctrl_009_006_ratio3_sh0_dense_mid200/ratio3_sh0_dense/f1100/splatfacto/2026-08-20_200104/gaussian_features_f1100_labeled.csv
[f1100] reprojection -> /home/computer0/fly_project/fly_gsplat/outputs/ctrl_009_006_ratio3_sh0_dense_mid200/kinematics/reprojection/reproj_f1100.png
[f1150] csv -> /home/computer0/fly_project/fly_gsplat/outputs/ctrl_009_006_ratio3_sh0_dense_mid200/ratio3_sh0_dense/f1150/splatfacto/2026-08-20_200852/gaussian_features_f1150_labeled.csv
[f1150] reprojection -> /home/computer0/fly_project/fly_gsplat/outputs/ctrl_009_006_ratio3_sh0_dense_mid200/kinematics/reprojection/reproj_f1150.png
[f1199] csv -> /home/computer0/fly_project/fly_gsplat/outputs/ctrl_009_006_ratio3_sh0_dense_mid200/ratio3_sh0_dense/f1199/splatfacto/2026-08-20_201638/gaussian_features_f1199_labeled.csv
[f1199] reprojection -> /home/computer0/fly_project/fly_gsplat/outputs/ctrl_009_006_ratio3_sh0_dense_mid200/kinematics/reprojection/reproj_f1199.png
[f1248] csv -> /home/computer0/fly_project/fly_gsplat/outputs/ctrl_009_006_ratio3_sh0_dense_mid200/ratio3_sh0_dense/f1248/splatfacto/2026-08-20_202424/gaussian_features_f1248_labeled.csv
[f1248] reprojection -> /home/computer0/fly_project/fly_gsplat/outputs/ctrl_009_006_ratio3_sh0_dense_mid200/kinematics/reprojection/reproj_f1248.png
[f1299] csv -> /home/computer0/fly_project/fly_gsplat/outputs/ctrl_009_006_ratio3_sh0_dense_mid200/ratio3_sh0_dense/f1299/splatfacto/2026-08-20_203205/gaussian_features_f1299_labeled.csv
[f1299] reprojection -> /home/computer0/fly_project/fly_gsplat/outputs/ctrl_009_006_ratio3_sh0_dense_mid200/kinematics/reprojection/reproj_f1299.png

============================================================
5帧请求汇总: 成功 5  失败 0
  -> /home/computer0/fly_project/fly_gsplat/outputs/ctrl_009_006_ratio3_sh0_dense_mid200/kinematics

============================================================
done: 1/1 ok
