=== Phase A: data prep ===
Dataset generated successfully at: /home/computer0/fly_project/fly_gsplat/ctrl_009/023/f1100
4 cameras loaded
Seed: [ 0.00807077 -0.0167727  -0.00018415]  triangulation residual=0.069 mm
Sampled 10000 points in 2mm sphere
Surviving points (all 4 cameras): 2053
After outlier removal: 1959 points
Saved -> /home/computer0/fly_project/fly_gsplat/ctrl_009/023/f1100/init_points.ply
[prepare] frame 1100 data ready
Dataset generated successfully at: /home/computer0/fly_project/fly_gsplat/ctrl_009/023/f1101
4 cameras loaded
Seed: [ 0.00806396 -0.01671558 -0.00018064]  triangulation residual=0.060 mm
Sampled 10000 points in 2mm sphere
Surviving points (all 4 cameras): 2011
After outlier removal: 1919 points
Saved -> /home/computer0/fly_project/fly_gsplat/ctrl_009/023/f1101/init_points.ply
[prepare] frame 1101 data ready
Dataset generated successfully at: /home/computer0/fly_project/fly_gsplat/ctrl_009/023/f1102
4 cameras loaded
Seed: [ 0.00805059 -0.0166685  -0.00017779]  triangulation residual=0.052 mm
Sampled 10000 points in 2mm sphere
Surviving points (all 4 cameras): 1826
After outlier removal: 1735 points
Saved -> /home/computer0/fly_project/fly_gsplat/ctrl_009/023/f1102/init_points.ply
[prepare] frame 1102 data ready
Dataset generated successfully at: /home/computer0/fly_project/fly_gsplat/ctrl_009/023/f1103
4 cameras loaded
Seed: [ 0.00803932 -0.0166314  -0.00018005]  triangulation residual=0.053 mm
Sampled 10000 points in 2mm sphere
Surviving points (all 4 cameras): 1816
After outlier removal: 1743 points
Saved -> /home/computer0/fly_project/fly_gsplat/ctrl_009/023/f1103/init_points.ply
[prepare] frame 1103 data ready
Dataset generated successfully at: /home/computer0/fly_project/fly_gsplat/ctrl_009/023/f1104
4 cameras loaded
Seed: [ 0.00803699 -0.01659899 -0.00019594]  triangulation residual=0.067 mm
Sampled 10000 points in 2mm sphere
Surviving points (all 4 cameras): 1830
After outlier removal: 1761 points
Saved -> /home/computer0/fly_project/fly_gsplat/ctrl_009/023/f1104/init_points.ply
[prepare] frame 1104 data ready
Dataset generated successfully at: /home/computer0/fly_project/fly_gsplat/ctrl_009/023/f1105
4 cameras loaded
Seed: [ 0.0080331  -0.01656584 -0.0002259 ]  triangulation residual=0.082 mm
Sampled 10000 points in 2mm sphere
Surviving points (all 4 cameras): 1757
After outlier removal: 1688 points
Saved -> /home/computer0/fly_project/fly_gsplat/ctrl_009/023/f1105/init_points.ply
[prepare] frame 1105 data ready
Dataset generated successfully at: /home/computer0/fly_project/fly_gsplat/ctrl_009/023/f1106
4 cameras loaded
Seed: [ 0.00803205 -0.0165286  -0.00025213]  triangulation residual=0.087 mm
Sampled 10000 points in 2mm sphere
Surviving points (all 4 cameras): 1856
After outlier removal: 1774 points
Saved -> /home/computer0/fly_project/fly_gsplat/ctrl_009/023/f1106/init_points.ply
[prepare] frame 1106 data ready
Dataset generated successfully at: /home/computer0/fly_project/fly_gsplat/ctrl_009/023/f1107
4 cameras loaded
Seed: [ 0.00801199 -0.01650386 -0.00026845]  triangulation residual=0.094 mm
Sampled 10000 points in 2mm sphere
Surviving points (all 4 cameras): 1863
After outlier removal: 1790 points
Saved -> /home/computer0/fly_project/fly_gsplat/ctrl_009/023/f1107/init_points.ply
[prepare] frame 1107 data ready
Dataset generated successfully at: /home/computer0/fly_project/fly_gsplat/ctrl_009/023/f1108
4 cameras loaded
Seed: [ 0.00799941 -0.01648208 -0.00029056]  triangulation residual=0.101 mm
Sampled 10000 points in 2mm sphere
Surviving points (all 4 cameras): 1893
After outlier removal: 1807 points
Saved -> /home/computer0/fly_project/fly_gsplat/ctrl_009/023/f1108/init_points.ply
[prepare] frame 1108 data ready
Dataset generated successfully at: /home/computer0/fly_project/fly_gsplat/ctrl_009/023/f1109
4 cameras loaded
Seed: [ 0.0079838  -0.01646611 -0.00030708]  triangulation residual=0.118 mm
Sampled 10000 points in 2mm sphere
Surviving points (all 4 cameras): 1887
After outlier removal: 1819 points
Saved -> /home/computer0/fly_project/fly_gsplat/ctrl_009/023/f1109/init_points.ply
[prepare] frame 1109 data ready
Dataset generated successfully at: /home/computer0/fly_project/fly_gsplat/ctrl_009/023/f1110
4 cameras loaded
Seed: [ 0.00797501 -0.01644996 -0.00032641]  triangulation residual=0.133 mm
Sampled 10000 points in 2mm sphere
Surviving points (all 4 cameras): 1875
After outlier removal: 1790 points
Saved -> /home/computer0/fly_project/fly_gsplat/ctrl_009/023/f1110/init_points.ply
[prepare] frame 1110 data ready
Dataset generated successfully at: /home/computer0/fly_project/fly_gsplat/ctrl_009/023/f1111
4 cameras loaded
Seed: [ 0.00796539 -0.01643992 -0.00034189]  triangulation residual=0.146 mm
Sampled 10000 points in 2mm sphere
Surviving points (all 4 cameras): 1776
After outlier removal: 1708 points
Saved -> /home/computer0/fly_project/fly_gsplat/ctrl_009/023/f1111/init_points.ply
[prepare] frame 1111 data ready
Dataset generated successfully at: /home/computer0/fly_project/fly_gsplat/ctrl_009/023/f1112
4 cameras loaded
Seed: [ 0.00795322 -0.01642187 -0.00035059]  triangulation residual=0.156 mm
Sampled 10000 points in 2mm sphere
Surviving points (all 4 cameras): 1892
After outlier removal: 1813 points
Saved -> /home/computer0/fly_project/fly_gsplat/ctrl_009/023/f1112/init_points.ply
[prepare] frame 1112 data ready
Dataset generated successfully at: /home/computer0/fly_project/fly_gsplat/ctrl_009/023/f1113
4 cameras loaded
Seed: [ 0.00794659 -0.01640596 -0.00035812]  triangulation residual=0.160 mm
Sampled 10000 points in 2mm sphere
Surviving points (all 4 cameras): 1904
After outlier removal: 1816 points
Saved -> /home/computer0/fly_project/fly_gsplat/ctrl_009/023/f1113/init_points.ply
[prepare] frame 1113 data ready
Dataset generated successfully at: /home/computer0/fly_project/fly_gsplat/ctrl_009/023/f1114
4 cameras loaded
Seed: [ 0.00793986 -0.01639297 -0.00036893]  triangulation residual=0.167 mm
Sampled 10000 points in 2mm sphere
Surviving points (all 4 cameras): 1937
After outlier removal: 1842 points
Saved -> /home/computer0/fly_project/fly_gsplat/ctrl_009/023/f1114/init_points.ply
[prepare] frame 1114 data ready
Dataset generated successfully at: /home/computer0/fly_project/fly_gsplat/ctrl_009/023/f1115
4 cameras loaded
Seed: [ 0.00793658 -0.01638309 -0.0003722 ]  triangulation residual=0.164 mm
Sampled 10000 points in 2mm sphere
Surviving points (all 4 cameras): 1929
After outlier removal: 1837 points
Saved -> /home/computer0/fly_project/fly_gsplat/ctrl_009/023/f1115/init_points.ply
[prepare] frame 1115 data ready
Dataset generated successfully at: /home/computer0/fly_project/fly_gsplat/ctrl_009/023/f1116
4 cameras loaded
Seed: [ 0.00793307 -0.01637194 -0.00038471]  triangulation residual=0.154 mm
Sampled 10000 points in 2mm sphere
Surviving points (all 4 cameras): 2027
After outlier removal: 1946 points
Saved -> /home/computer0/fly_project/fly_gsplat/ctrl_009/023/f1116/init_points.ply
[prepare] frame 1116 data ready
Dataset generated successfully at: /home/computer0/fly_project/fly_gsplat/ctrl_009/023/f1117
4 cameras loaded
Seed: [ 0.00792739 -0.01636744 -0.00038575]  triangulation residual=0.140 mm
Sampled 10000 points in 2mm sphere
Surviving points (all 4 cameras): 2109
After outlier removal: 2019 points
Saved -> /home/computer0/fly_project/fly_gsplat/ctrl_009/023/f1117/init_points.ply
[prepare] frame 1117 data ready
Dataset generated successfully at: /home/computer0/fly_project/fly_gsplat/ctrl_009/023/f1118
4 cameras loaded
Seed: [ 0.00793078 -0.01636659 -0.00038318]  triangulation residual=0.118 mm
Sampled 10000 points in 2mm sphere
Surviving points (all 4 cameras): 2191
After outlier removal: 2093 points
Saved -> /home/computer0/fly_project/fly_gsplat/ctrl_009/023/f1118/init_points.ply
[prepare] frame 1118 data ready
Dataset generated successfully at: /home/computer0/fly_project/fly_gsplat/ctrl_009/023/f1119
4 cameras loaded
Seed: [ 0.00793187 -0.01637425 -0.00038102]  triangulation residual=0.099 mm
Sampled 10000 points in 2mm sphere
Surviving points (all 4 cameras): 2238
After outlier removal: 2152 points
Saved -> /home/computer0/fly_project/fly_gsplat/ctrl_009/023/f1119/init_points.ply
[prepare] frame 1119 data ready
Dataset generated successfully at: /home/computer0/fly_project/fly_gsplat/ctrl_009/023/f1120
4 cameras loaded
Seed: [ 0.00793367 -0.0163944  -0.00037438]  triangulation residual=0.078 mm
Sampled 10000 points in 2mm sphere
Surviving points (all 4 cameras): 2210
After outlier removal: 2118 points
Saved -> /home/computer0/fly_project/fly_gsplat/ctrl_009/023/f1120/init_points.ply
[prepare] frame 1120 data ready
Dataset generated successfully at: /home/computer0/fly_project/fly_gsplat/ctrl_009/023/f1121
4 cameras loaded
Seed: [ 0.00793938 -0.0164283  -0.00035958]  triangulation residual=0.062 mm
Sampled 10000 points in 2mm sphere
Surviving points (all 4 cameras): 2176
After outlier removal: 2088 points
Saved -> /home/computer0/fly_project/fly_gsplat/ctrl_009/023/f1121/init_points.ply
[prepare] frame 1121 data ready
Dataset generated successfully at: /home/computer0/fly_project/fly_gsplat/ctrl_009/023/f1122
4 cameras loaded
Seed: [ 0.00794995 -0.01646882 -0.00034758]  triangulation residual=0.067 mm
Sampled 10000 points in 2mm sphere
Surviving points (all 4 cameras): 2110
After outlier removal: 2025 points
Saved -> /home/computer0/fly_project/fly_gsplat/ctrl_009/023/f1122/init_points.ply
[prepare] frame 1122 data ready
Dataset generated successfully at: /home/computer0/fly_project/fly_gsplat/ctrl_009/023/f1123
4 cameras loaded
Seed: [ 0.00795891 -0.01652494 -0.00032117]  triangulation residual=0.089 mm
Sampled 10000 points in 2mm sphere
Surviving points (all 4 cameras): 1993
After outlier removal: 1909 points
Saved -> /home/computer0/fly_project/fly_gsplat/ctrl_009/023/f1123/init_points.ply
[prepare] frame 1123 data ready
Dataset generated successfully at: /home/computer0/fly_project/fly_gsplat/ctrl_009/023/f1124
4 cameras loaded
Seed: [ 0.00796224 -0.01657999 -0.00028601]  triangulation residual=0.114 mm
Sampled 10000 points in 2mm sphere
Surviving points (all 4 cameras): 1928
After outlier removal: 1840 points
Saved -> /home/computer0/fly_project/fly_gsplat/ctrl_009/023/f1124/init_points.ply
[prepare] frame 1124 data ready
Dataset generated successfully at: /home/computer0/fly_project/fly_gsplat/ctrl_009/023/f1125
4 cameras loaded
Seed: [ 0.00796326 -0.01659085 -0.00028845]  triangulation residual=0.106 mm
Sampled 10000 points in 2mm sphere
Surviving points (all 4 cameras): 1834
After outlier removal: 1759 points
Saved -> /home/computer0/fly_project/fly_gsplat/ctrl_009/023/f1125/init_points.ply
[prepare] frame 1125 data ready
Dataset generated successfully at: /home/computer0/fly_project/fly_gsplat/ctrl_009/023/f1126
4 cameras loaded
Seed: [ 0.00796322 -0.01655864 -0.00032993]  triangulation residual=0.066 mm
Sampled 10000 points in 2mm sphere
Surviving points (all 4 cameras): 2038
After outlier removal: 1952 points
Saved -> /home/computer0/fly_project/fly_gsplat/ctrl_009/023/f1126/init_points.ply
[prepare] frame 1126 data ready
Dataset generated successfully at: /home/computer0/fly_project/fly_gsplat/ctrl_009/023/f1127
4 cameras loaded
Seed: [ 0.00795677 -0.0165266  -0.00038578]  triangulation residual=0.047 mm
Sampled 10000 points in 2mm sphere
Surviving points (all 4 cameras): 2166
After outlier removal: 2064 points
Saved -> /home/computer0/fly_project/fly_gsplat/ctrl_009/023/f1127/init_points.ply
[prepare] frame 1127 data ready
Dataset generated successfully at: /home/computer0/fly_project/fly_gsplat/ctrl_009/023/f1128
4 cameras loaded
Seed: [ 0.00794887 -0.01650778 -0.00042818]  triangulation residual=0.060 mm
Sampled 10000 points in 2mm sphere
Surviving points (all 4 cameras): 2246
After outlier removal: 2157 points
Saved -> /home/computer0/fly_project/fly_gsplat/ctrl_009/023/f1128/init_points.ply
[prepare] frame 1128 data ready
Dataset generated successfully at: /home/computer0/fly_project/fly_gsplat/ctrl_009/023/f1129
4 cameras loaded
Seed: [ 0.00794763 -0.01650148 -0.00045143]  triangulation residual=0.081 mm
Sampled 10000 points in 2mm sphere
Surviving points (all 4 cameras): 2339
After outlier removal: 2248 points
Saved -> /home/computer0/fly_project/fly_gsplat/ctrl_009/023/f1129/init_points.ply
[prepare] frame 1129 data ready
Dataset generated successfully at: /home/computer0/fly_project/fly_gsplat/ctrl_009/023/f1130
4 cameras loaded
Seed: [ 0.0079475  -0.01651121 -0.00046245]  triangulation residual=0.106 mm
Sampled 10000 points in 2mm sphere
Surviving points (all 4 cameras): 2361
After outlier removal: 2248 points
Saved -> /home/computer0/fly_project/fly_gsplat/ctrl_009/023/f1130/init_points.ply
[prepare] frame 1130 data ready
Dataset generated successfully at: /home/computer0/fly_project/fly_gsplat/ctrl_009/023/f1131
4 cameras loaded
Seed: [ 0.00795304 -0.01651843 -0.00045746]  triangulation residual=0.119 mm
Sampled 10000 points in 2mm sphere
Surviving points (all 4 cameras): 2428
After outlier removal: 2329 points
Saved -> /home/computer0/fly_project/fly_gsplat/ctrl_009/023/f1131/init_points.ply
[prepare] frame 1131 data ready
Dataset generated successfully at: /home/computer0/fly_project/fly_gsplat/ctrl_009/023/f1132
4 cameras loaded
Seed: [ 0.00795406 -0.01652433 -0.00044465]  triangulation residual=0.110 mm
Sampled 10000 points in 2mm sphere
Surviving points (all 4 cameras): 2441
After outlier removal: 2347 points
Saved -> /home/computer0/fly_project/fly_gsplat/ctrl_009/023/f1132/init_points.ply
[prepare] frame 1132 data ready
Dataset generated successfully at: /home/computer0/fly_project/fly_gsplat/ctrl_009/023/f1133
4 cameras loaded
Seed: [ 0.00796235 -0.01653657 -0.0004261 ]  triangulation residual=0.102 mm
Sampled 10000 points in 2mm sphere
Surviving points (all 4 cameras): 2435
After outlier removal: 2338 points
Saved -> /home/computer0/fly_project/fly_gsplat/ctrl_009/023/f1133/init_points.ply
[prepare] frame 1133 data ready
Dataset generated successfully at: /home/computer0/fly_project/fly_gsplat/ctrl_009/023/f1134
4 cameras loaded
Seed: [ 0.00797015 -0.01656391 -0.0004025 ]  triangulation residual=0.103 mm
Sampled 10000 points in 2mm sphere
Surviving points (all 4 cameras): 2311
After outlier removal: 2212 points
Saved -> /home/computer0/fly_project/fly_gsplat/ctrl_009/023/f1134/init_points.ply
[prepare] frame 1134 data ready
Dataset generated successfully at: /home/computer0/fly_project/fly_gsplat/ctrl_009/023/f1135
4 cameras loaded
Seed: [ 0.00797843 -0.01659898 -0.00037951]  triangulation residual=0.113 mm
Sampled 10000 points in 2mm sphere
Surviving points (all 4 cameras): 2223
After outlier removal: 2130 points
Saved -> /home/computer0/fly_project/fly_gsplat/ctrl_009/023/f1135/init_points.ply
[prepare] frame 1135 data ready
Dataset generated successfully at: /home/computer0/fly_project/fly_gsplat/ctrl_009/023/f1136
4 cameras loaded
Seed: [ 0.00798867 -0.01663241 -0.00035339]  triangulation residual=0.118 mm
Sampled 10000 points in 2mm sphere
Surviving points (all 4 cameras): 2066
After outlier removal: 1963 points
Saved -> /home/computer0/fly_project/fly_gsplat/ctrl_009/023/f1136/init_points.ply
[prepare] frame 1136 data ready
Dataset generated successfully at: /home/computer0/fly_project/fly_gsplat/ctrl_009/023/f1137
4 cameras loaded
Seed: [ 0.0079903  -0.01667242 -0.00033346]  triangulation residual=0.126 mm
Sampled 10000 points in 2mm sphere
Surviving points (all 4 cameras): 1962
After outlier removal: 1879 points
Saved -> /home/computer0/fly_project/fly_gsplat/ctrl_009/023/f1137/init_points.ply
[prepare] frame 1137 data ready
Dataset generated successfully at: /home/computer0/fly_project/fly_gsplat/ctrl_009/023/f1138
4 cameras loaded
Seed: [ 0.00799046 -0.01670896 -0.00032705]  triangulation residual=0.135 mm
Sampled 10000 points in 2mm sphere
Surviving points (all 4 cameras): 1854
After outlier removal: 1773 points
Saved -> /home/computer0/fly_project/fly_gsplat/ctrl_009/023/f1138/init_points.ply
[prepare] frame 1138 data ready
Dataset generated successfully at: /home/computer0/fly_project/fly_gsplat/ctrl_009/023/f1139
4 cameras loaded
Seed: [ 0.0079972  -0.01674438 -0.00030804]  triangulation residual=0.141 mm
Sampled 10000 points in 2mm sphere
Surviving points (all 4 cameras): 2001
After outlier removal: 1933 points
Saved -> /home/computer0/fly_project/fly_gsplat/ctrl_009/023/f1139/init_points.ply
[prepare] frame 1139 data ready
Dataset generated successfully at: /home/computer0/fly_project/fly_gsplat/ctrl_009/023/f1140
4 cameras loaded
Seed: [ 0.00799286 -0.01677919 -0.00029403]  triangulation residual=0.146 mm
Sampled 10000 points in 2mm sphere
Surviving points (all 4 cameras): 1960
After outlier removal: 1869 points
Saved -> /home/computer0/fly_project/fly_gsplat/ctrl_009/023/f1140/init_points.ply
[prepare] frame 1140 data ready
Dataset generated successfully at: /home/computer0/fly_project/fly_gsplat/ctrl_009/023/f1141
4 cameras loaded
Seed: [ 0.00799695 -0.01682202 -0.00027922]  triangulation residual=0.144 mm
Sampled 10000 points in 2mm sphere
Surviving points (all 4 cameras): 1931
After outlier removal: 1845 points
Saved -> /home/computer0/fly_project/fly_gsplat/ctrl_009/023/f1141/init_points.ply
[prepare] frame 1141 data ready
Dataset generated successfully at: /home/computer0/fly_project/fly_gsplat/ctrl_009/023/f1142
4 cameras loaded
Seed: [ 0.00799569 -0.0168655  -0.00026008]  triangulation residual=0.141 mm
Sampled 10000 points in 2mm sphere
Surviving points (all 4 cameras): 1886
After outlier removal: 1797 points
Saved -> /home/computer0/fly_project/fly_gsplat/ctrl_009/023/f1142/init_points.ply
[prepare] frame 1142 data ready
Dataset generated successfully at: /home/computer0/fly_project/fly_gsplat/ctrl_009/023/f1143
4 cameras loaded
Seed: [ 0.00800052 -0.01691627 -0.00024405]  triangulation residual=0.137 mm
Sampled 10000 points in 2mm sphere
Surviving points (all 4 cameras): 1938
After outlier removal: 1840 points
Saved -> /home/computer0/fly_project/fly_gsplat/ctrl_009/023/f1143/init_points.ply
[prepare] frame 1143 data ready
Dataset generated successfully at: /home/computer0/fly_project/fly_gsplat/ctrl_009/023/f1144
4 cameras loaded
Seed: [ 0.00799985 -0.01696488 -0.0002233 ]  triangulation residual=0.127 mm
Sampled 10000 points in 2mm sphere
Surviving points (all 4 cameras): 1929
After outlier removal: 1846 points
Saved -> /home/computer0/fly_project/fly_gsplat/ctrl_009/023/f1144/init_points.ply
[prepare] frame 1144 data ready
Dataset generated successfully at: /home/computer0/fly_project/fly_gsplat/ctrl_009/023/f1145
4 cameras loaded
Seed: [ 0.00800432 -0.01702399 -0.00019873]  triangulation residual=0.117 mm
Sampled 10000 points in 2mm sphere
Surviving points (all 4 cameras): 1886
After outlier removal: 1812 points
Saved -> /home/computer0/fly_project/fly_gsplat/ctrl_009/023/f1145/init_points.ply
[prepare] frame 1145 data ready
Dataset generated successfully at: /home/computer0/fly_project/fly_gsplat/ctrl_009/023/f1146
4 cameras loaded
Seed: [ 0.00799819 -0.0170867  -0.00017335]  triangulation residual=0.105 mm
Sampled 10000 points in 2mm sphere
Surviving points (all 4 cameras): 1946
After outlier removal: 1863 points
Saved -> /home/computer0/fly_project/fly_gsplat/ctrl_009/023/f1146/init_points.ply
[prepare] frame 1146 data ready
Dataset generated successfully at: /home/computer0/fly_project/fly_gsplat/ctrl_009/023/f1147
4 cameras loaded
Seed: [ 0.00799654 -0.01715411 -0.00014685]  triangulation residual=0.098 mm
Sampled 10000 points in 2mm sphere
Surviving points (all 4 cameras): 1874
After outlier removal: 1798 points
Saved -> /home/computer0/fly_project/fly_gsplat/ctrl_009/023/f1147/init_points.ply
[prepare] frame 1147 data ready
Dataset generated successfully at: /home/computer0/fly_project/fly_gsplat/ctrl_009/023/f1148
4 cameras loaded
Seed: [ 0.00800369 -0.01722214 -0.00011382]  triangulation residual=0.085 mm
Sampled 10000 points in 2mm sphere
Surviving points (all 4 cameras): 1887
After outlier removal: 1798 points
Saved -> /home/computer0/fly_project/fly_gsplat/ctrl_009/023/f1148/init_points.ply
[prepare] frame 1148 data ready
Dataset generated successfully at: /home/computer0/fly_project/fly_gsplat/ctrl_009/023/f1149
4 cameras loaded
Seed: [ 8.00898916e-03 -1.72938173e-02 -8.48668992e-05]  triangulation residual=0.073 mm
Sampled 10000 points in 2mm sphere
Surviving points (all 4 cameras): 1824
After outlier removal: 1748 points
Saved -> /home/computer0/fly_project/fly_gsplat/ctrl_009/023/f1149/init_points.ply
[prepare] frame 1149 data ready
Dataset generated successfully at: /home/computer0/fly_project/fly_gsplat/ctrl_009/023/f1150
4 cameras loaded
Seed: [ 8.01961145e-03 -1.73653195e-02 -6.15275055e-05]  triangulation residual=0.061 mm
Sampled 10000 points in 2mm sphere
Surviving points (all 4 cameras): 1834
After outlier removal: 1757 points
Saved -> /home/computer0/fly_project/fly_gsplat/ctrl_009/023/f1150/init_points.ply
[prepare] frame 1150 data ready
Dataset generated successfully at: /home/computer0/fly_project/fly_gsplat/ctrl_009/023/f1151
4 cameras loaded
Seed: [ 8.02967445e-03 -1.74396564e-02 -3.15872958e-05]  triangulation residual=0.048 mm
Sampled 10000 points in 2mm sphere
Surviving points (all 4 cameras): 1856
After outlier removal: 1780 points
Saved -> /home/computer0/fly_project/fly_gsplat/ctrl_009/023/f1151/init_points.ply
[prepare] frame 1151 data ready
Dataset generated successfully at: /home/computer0/fly_project/fly_gsplat/ctrl_009/023/f1152
4 cameras loaded
Seed: [ 8.03158429e-03 -1.75109555e-02 -9.48410068e-06]  triangulation residual=0.045 mm
Sampled 10000 points in 2mm sphere
Surviving points (all 4 cameras): 1816
After outlier removal: 1749 points
Saved -> /home/computer0/fly_project/fly_gsplat/ctrl_009/023/f1152/init_points.ply
[prepare] frame 1152 data ready
Dataset generated successfully at: /home/computer0/fly_project/fly_gsplat/ctrl_009/023/f1153
4 cameras loaded
Seed: [ 8.03475931e-03 -1.75835510e-02  1.47692656e-05]  triangulation residual=0.044 mm
Sampled 10000 points in 2mm sphere
Surviving points (all 4 cameras): 1824
After outlier removal: 1734 points
Saved -> /home/computer0/fly_project/fly_gsplat/ctrl_009/023/f1153/init_points.ply
[prepare] frame 1153 data ready
Dataset generated successfully at: /home/computer0/fly_project/fly_gsplat/ctrl_009/023/f1154
4 cameras loaded
Seed: [ 8.04582299e-03 -1.76500049e-02  3.77830370e-05]  triangulation residual=0.045 mm
Sampled 10000 points in 2mm sphere
Surviving points (all 4 cameras): 1812
After outlier removal: 1737 points
Saved -> /home/computer0/fly_project/fly_gsplat/ctrl_009/023/f1154/init_points.ply
[prepare] frame 1154 data ready
Dataset generated successfully at: /home/computer0/fly_project/fly_gsplat/ctrl_009/023/f1155
4 cameras loaded
Seed: [ 8.05245066e-03 -1.77141479e-02  5.65452921e-05]  triangulation residual=0.043 mm
Sampled 10000 points in 2mm sphere
Surviving points (all 4 cameras): 1860
After outlier removal: 1768 points
Saved -> /home/computer0/fly_project/fly_gsplat/ctrl_009/023/f1155/init_points.ply
[prepare] frame 1155 data ready
Dataset generated successfully at: /home/computer0/fly_project/fly_gsplat/ctrl_009/023/f1156
4 cameras loaded
Seed: [ 8.05614945e-03 -1.77772610e-02  7.83795032e-05]  triangulation residual=0.049 mm
Sampled 10000 points in 2mm sphere
Surviving points (all 4 cameras): 1837
After outlier removal: 1760 points
Saved -> /home/computer0/fly_project/fly_gsplat/ctrl_009/023/f1156/init_points.ply
[prepare] frame 1156 data ready
Dataset generated successfully at: /home/computer0/fly_project/fly_gsplat/ctrl_009/023/f1157
4 cameras loaded
Seed: [ 8.06620011e-03 -1.78363517e-02  8.99730672e-05]  triangulation residual=0.059 mm
Sampled 10000 points in 2mm sphere
Surviving points (all 4 cameras): 1922
After outlier removal: 1846 points
Saved -> /home/computer0/fly_project/fly_gsplat/ctrl_009/023/f1157/init_points.ply
[prepare] frame 1157 data ready
Dataset generated successfully at: /home/computer0/fly_project/fly_gsplat/ctrl_009/023/f1158
4 cameras loaded
Seed: [ 0.0080688  -0.01788836  0.00010799]  triangulation residual=0.069 mm
Sampled 10000 points in 2mm sphere
Surviving points (all 4 cameras): 1844
After outlier removal: 1760 points
Saved -> /home/computer0/fly_project/fly_gsplat/ctrl_009/023/f1158/init_points.ply
[prepare] frame 1158 data ready
Dataset generated successfully at: /home/computer0/fly_project/fly_gsplat/ctrl_009/023/f1159
4 cameras loaded
Seed: [ 0.00807503 -0.01793823  0.00012009]  triangulation residual=0.080 mm
Sampled 10000 points in 2mm sphere
Surviving points (all 4 cameras): 1800
After outlier removal: 1716 points
Saved -> /home/computer0/fly_project/fly_gsplat/ctrl_009/023/f1159/init_points.ply
[prepare] frame 1159 data ready
Dataset generated successfully at: /home/computer0/fly_project/fly_gsplat/ctrl_009/023/f1160
4 cameras loaded
Seed: [ 0.0080841  -0.01798117  0.00013268]  triangulation residual=0.091 mm
Sampled 10000 points in 2mm sphere
Surviving points (all 4 cameras): 1830
After outlier removal: 1752 points
Saved -> /home/computer0/fly_project/fly_gsplat/ctrl_009/023/f1160/init_points.ply
[prepare] frame 1160 data ready
Dataset generated successfully at: /home/computer0/fly_project/fly_gsplat/ctrl_009/023/f1161
4 cameras loaded
Seed: [ 0.00810086 -0.01801935  0.00014678]  triangulation residual=0.104 mm
Sampled 10000 points in 2mm sphere
Surviving points (all 4 cameras): 1822
After outlier removal: 1743 points
Saved -> /home/computer0/fly_project/fly_gsplat/ctrl_009/023/f1161/init_points.ply
[prepare] frame 1161 data ready
Dataset generated successfully at: /home/computer0/fly_project/fly_gsplat/ctrl_009/023/f1162
4 cameras loaded
Seed: [ 0.00810865 -0.01805057  0.00015619]  triangulation residual=0.118 mm
Sampled 10000 points in 2mm sphere
Surviving points (all 4 cameras): 1805
After outlier removal: 1729 points
Saved -> /home/computer0/fly_project/fly_gsplat/ctrl_009/023/f1162/init_points.ply
[prepare] frame 1162 data ready
Dataset generated successfully at: /home/computer0/fly_project/fly_gsplat/ctrl_009/023/f1163
4 cameras loaded
Seed: [ 0.00811495 -0.01807544  0.00017127]  triangulation residual=0.131 mm
Sampled 10000 points in 2mm sphere
Surviving points (all 4 cameras): 1877
After outlier removal: 1793 points
Saved -> /home/computer0/fly_project/fly_gsplat/ctrl_009/023/f1163/init_points.ply
[prepare] frame 1163 data ready
Dataset generated successfully at: /home/computer0/fly_project/fly_gsplat/ctrl_009/023/f1164
4 cameras loaded
Seed: [ 0.00811259 -0.01809501  0.0001761 ]  triangulation residual=0.140 mm
Sampled 10000 points in 2mm sphere
Surviving points (all 4 cameras): 1783
After outlier removal: 1713 points
Saved -> /home/computer0/fly_project/fly_gsplat/ctrl_009/023/f1164/init_points.ply
[prepare] frame 1164 data ready
Dataset generated successfully at: /home/computer0/fly_project/fly_gsplat/ctrl_009/023/f1165
4 cameras loaded
Seed: [ 0.00810855 -0.01811417  0.00017617]  triangulation residual=0.147 mm
Sampled 10000 points in 2mm sphere
Surviving points (all 4 cameras): 1928
After outlier removal: 1844 points
Saved -> /home/computer0/fly_project/fly_gsplat/ctrl_009/023/f1165/init_points.ply
[prepare] frame 1165 data ready
Dataset generated successfully at: /home/computer0/fly_project/fly_gsplat/ctrl_009/023/f1166
4 cameras loaded
Seed: [ 0.00809577 -0.01812615  0.0001752 ]  triangulation residual=0.156 mm
Sampled 10000 points in 2mm sphere
Surviving points (all 4 cameras): 1875
After outlier removal: 1807 points
Saved -> /home/computer0/fly_project/fly_gsplat/ctrl_009/023/f1166/init_points.ply
[prepare] frame 1166 data ready
Dataset generated successfully at: /home/computer0/fly_project/fly_gsplat/ctrl_009/023/f1167
4 cameras loaded
Seed: [ 0.00808887 -0.01813346  0.00016387]  triangulation residual=0.155 mm
Sampled 10000 points in 2mm sphere
Surviving points (all 4 cameras): 1808
After outlier removal: 1736 points
Saved -> /home/computer0/fly_project/fly_gsplat/ctrl_009/023/f1167/init_points.ply
[prepare] frame 1167 data ready
Dataset generated successfully at: /home/computer0/fly_project/fly_gsplat/ctrl_009/023/f1168
4 cameras loaded
Seed: [ 0.00809001 -0.01813148  0.00014237]  triangulation residual=0.146 mm
Sampled 10000 points in 2mm sphere
Surviving points (all 4 cameras): 1837
After outlier removal: 1750 points
Saved -> /home/computer0/fly_project/fly_gsplat/ctrl_009/023/f1168/init_points.ply
[prepare] frame 1168 data ready
Dataset generated successfully at: /home/computer0/fly_project/fly_gsplat/ctrl_009/023/f1169
4 cameras loaded
Seed: [ 0.00808388 -0.01813402  0.00012432]  triangulation residual=0.125 mm
Sampled 10000 points in 2mm sphere
Surviving points (all 4 cameras): 1845
After outlier removal: 1768 points
Saved -> /home/computer0/fly_project/fly_gsplat/ctrl_009/023/f1169/init_points.ply
[prepare] frame 1169 data ready
Dataset generated successfully at: /home/computer0/fly_project/fly_gsplat/ctrl_009/023/f1170
4 cameras loaded
Seed: [ 0.0080952  -0.01815438  0.00010785]  triangulation residual=0.084 mm
Sampled 10000 points in 2mm sphere
Surviving points (all 4 cameras): 1985
After outlier removal: 1902 points
Saved -> /home/computer0/fly_project/fly_gsplat/ctrl_009/023/f1170/init_points.ply
[prepare] frame 1170 data ready
Dataset generated successfully at: /home/computer0/fly_project/fly_gsplat/ctrl_009/023/f1171
4 cameras loaded
Seed: [ 8.11652458e-03 -1.81563392e-02  9.23420280e-05]  triangulation residual=0.054 mm
Sampled 10000 points in 2mm sphere
Surviving points (all 4 cameras): 1910
After outlier removal: 1828 points
Saved -> /home/computer0/fly_project/fly_gsplat/ctrl_009/023/f1171/init_points.ply
[prepare] frame 1171 data ready
Dataset generated successfully at: /home/computer0/fly_project/fly_gsplat/ctrl_009/023/f1172
4 cameras loaded
Seed: [ 8.13018537e-03 -1.81490696e-02  7.93754479e-05]  triangulation residual=0.058 mm
Sampled 10000 points in 2mm sphere
Surviving points (all 4 cameras): 2057
After outlier removal: 1968 points
Saved -> /home/computer0/fly_project/fly_gsplat/ctrl_009/023/f1172/init_points.ply
[prepare] frame 1172 data ready
Dataset generated successfully at: /home/computer0/fly_project/fly_gsplat/ctrl_009/023/f1173
4 cameras loaded
Seed: [ 8.13219074e-03 -1.81481686e-02  7.52692718e-05]  triangulation residual=0.085 mm
Sampled 10000 points in 2mm sphere
Surviving points (all 4 cameras): 2002
After outlier removal: 1914 points
Saved -> /home/computer0/fly_project/fly_gsplat/ctrl_009/023/f1173/init_points.ply
[prepare] frame 1173 data ready
Dataset generated successfully at: /home/computer0/fly_project/fly_gsplat/ctrl_009/023/f1174
4 cameras loaded
Seed: [ 8.13048142e-03 -1.81786188e-02  9.79081082e-05]  triangulation residual=0.081 mm
Sampled 10000 points in 2mm sphere
Surviving points (all 4 cameras): 2037
After outlier removal: 1947 points
Saved -> /home/computer0/fly_project/fly_gsplat/ctrl_009/023/f1174/init_points.ply
[prepare] frame 1174 data ready
Dataset generated successfully at: /home/computer0/fly_project/fly_gsplat/ctrl_009/023/f1175
4 cameras loaded
Seed: [ 0.00811661 -0.01820653  0.00014884]  triangulation residual=0.068 mm
Sampled 10000 points in 2mm sphere
Surviving points (all 4 cameras): 2209
After outlier removal: 2115 points
Saved -> /home/computer0/fly_project/fly_gsplat/ctrl_009/023/f1175/init_points.ply
[prepare] frame 1175 data ready
Dataset generated successfully at: /home/computer0/fly_project/fly_gsplat/ctrl_009/023/f1176
4 cameras loaded
Seed: [ 0.00810127 -0.01821334  0.00019335]  triangulation residual=0.066 mm
Sampled 10000 points in 2mm sphere
Surviving points (all 4 cameras): 2177
After outlier removal: 2072 points
Saved -> /home/computer0/fly_project/fly_gsplat/ctrl_009/023/f1176/init_points.ply
[prepare] frame 1176 data ready
Dataset generated successfully at: /home/computer0/fly_project/fly_gsplat/ctrl_009/023/f1177
4 cameras loaded
Seed: [ 0.0080823  -0.01819358  0.00023811]  triangulation residual=0.066 mm
Sampled 10000 points in 2mm sphere
Surviving points (all 4 cameras): 2136
After outlier removal: 2044 points
Saved -> /home/computer0/fly_project/fly_gsplat/ctrl_009/023/f1177/init_points.ply
[prepare] frame 1177 data ready
Dataset generated successfully at: /home/computer0/fly_project/fly_gsplat/ctrl_009/023/f1178
4 cameras loaded
Seed: [ 0.00806459 -0.01815397  0.00027326]  triangulation residual=0.065 mm
Sampled 10000 points in 2mm sphere
Surviving points (all 4 cameras): 2122
After outlier removal: 2017 points
Saved -> /home/computer0/fly_project/fly_gsplat/ctrl_009/023/f1178/init_points.ply
[prepare] frame 1178 data ready
Dataset generated successfully at: /home/computer0/fly_project/fly_gsplat/ctrl_009/023/f1179
4 cameras loaded
Seed: [ 0.00805762 -0.01809622  0.00029281]  triangulation residual=0.058 mm
Sampled 10000 points in 2mm sphere
Surviving points (all 4 cameras): 2028
After outlier removal: 1947 points
Saved -> /home/computer0/fly_project/fly_gsplat/ctrl_009/023/f1179/init_points.ply
[prepare] frame 1179 data ready
Dataset generated successfully at: /home/computer0/fly_project/fly_gsplat/ctrl_009/023/f1180
4 cameras loaded
Seed: [ 0.00804617 -0.0180385   0.000297  ]  triangulation residual=0.054 mm
Sampled 10000 points in 2mm sphere
Surviving points (all 4 cameras): 1940
After outlier removal: 1850 points
Saved -> /home/computer0/fly_project/fly_gsplat/ctrl_009/023/f1180/init_points.ply
[prepare] frame 1180 data ready
Dataset generated successfully at: /home/computer0/fly_project/fly_gsplat/ctrl_009/023/f1181
4 cameras loaded
Seed: [ 0.00803024 -0.01798613  0.00029823]  triangulation residual=0.046 mm
Sampled 10000 points in 2mm sphere
Surviving points (all 4 cameras): 1867
After outlier removal: 1797 points
Saved -> /home/computer0/fly_project/fly_gsplat/ctrl_009/023/f1181/init_points.ply
[prepare] frame 1181 data ready
Dataset generated successfully at: /home/computer0/fly_project/fly_gsplat/ctrl_009/023/f1182
4 cameras loaded
Seed: [ 0.0080219  -0.01795512  0.00029334]  triangulation residual=0.054 mm
Sampled 10000 points in 2mm sphere
Surviving points (all 4 cameras): 1780
After outlier removal: 1700 points
Saved -> /home/computer0/fly_project/fly_gsplat/ctrl_009/023/f1182/init_points.ply
[prepare] frame 1182 data ready
Dataset generated successfully at: /home/computer0/fly_project/fly_gsplat/ctrl_009/023/f1183
4 cameras loaded
Seed: [ 0.00801614 -0.01792116  0.0002763 ]  triangulation residual=0.073 mm
Sampled 10000 points in 2mm sphere
Surviving points (all 4 cameras): 1781
After outlier removal: 1710 points
Saved -> /home/computer0/fly_project/fly_gsplat/ctrl_009/023/f1183/init_points.ply
[prepare] frame 1183 data ready
Dataset generated successfully at: /home/computer0/fly_project/fly_gsplat/ctrl_009/023/f1184
4 cameras loaded
Seed: [ 0.00801251 -0.01788133  0.00024223]  triangulation residual=0.082 mm
Sampled 10000 points in 2mm sphere
Surviving points (all 4 cameras): 1797
After outlier removal: 1719 points
Saved -> /home/computer0/fly_project/fly_gsplat/ctrl_009/023/f1184/init_points.ply
[prepare] frame 1184 data ready
Dataset generated successfully at: /home/computer0/fly_project/fly_gsplat/ctrl_009/023/f1185
4 cameras loaded
Seed: [ 0.00800313 -0.01785255  0.00021055]  triangulation residual=0.092 mm
Sampled 10000 points in 2mm sphere
Surviving points (all 4 cameras): 1898
After outlier removal: 1814 points
Saved -> /home/computer0/fly_project/fly_gsplat/ctrl_009/023/f1185/init_points.ply
[prepare] frame 1185 data ready
Dataset generated successfully at: /home/computer0/fly_project/fly_gsplat/ctrl_009/023/f1186
4 cameras loaded
Seed: [ 0.00799289 -0.01782211  0.00019007]  triangulation residual=0.093 mm
Sampled 10000 points in 2mm sphere
Surviving points (all 4 cameras): 1825
After outlier removal: 1746 points
Saved -> /home/computer0/fly_project/fly_gsplat/ctrl_009/023/f1186/init_points.ply
[prepare] frame 1186 data ready
Dataset generated successfully at: /home/computer0/fly_project/fly_gsplat/ctrl_009/023/f1187
4 cameras loaded
Seed: [ 0.00797668 -0.01780088  0.0001722 ]  triangulation residual=0.104 mm
Sampled 10000 points in 2mm sphere
Surviving points (all 4 cameras): 1837
After outlier removal: 1773 points
Saved -> /home/computer0/fly_project/fly_gsplat/ctrl_009/023/f1187/init_points.ply
[prepare] frame 1187 data ready
Dataset generated successfully at: /home/computer0/fly_project/fly_gsplat/ctrl_009/023/f1188
4 cameras loaded
Seed: [ 0.00796838 -0.01778669  0.00014853]  triangulation residual=0.119 mm
Sampled 10000 points in 2mm sphere
Surviving points (all 4 cameras): 1855
After outlier removal: 1762 points
Saved -> /home/computer0/fly_project/fly_gsplat/ctrl_009/023/f1188/init_points.ply
[prepare] frame 1188 data ready
Dataset generated successfully at: /home/computer0/fly_project/fly_gsplat/ctrl_009/023/f1189
4 cameras loaded
Seed: [ 0.00796093 -0.01777096  0.00013346]  triangulation residual=0.139 mm
Sampled 10000 points in 2mm sphere
Surviving points (all 4 cameras): 1852
After outlier removal: 1770 points
Saved -> /home/computer0/fly_project/fly_gsplat/ctrl_009/023/f1189/init_points.ply
[prepare] frame 1189 data ready
Dataset generated successfully at: /home/computer0/fly_project/fly_gsplat/ctrl_009/023/f1190
4 cameras loaded
Seed: [ 0.00795139 -0.01775564  0.00012297]  triangulation residual=0.151 mm
Sampled 10000 points in 2mm sphere
Surviving points (all 4 cameras): 1853
After outlier removal: 1777 points
Saved -> /home/computer0/fly_project/fly_gsplat/ctrl_009/023/f1190/init_points.ply
[prepare] frame 1190 data ready
Dataset generated successfully at: /home/computer0/fly_project/fly_gsplat/ctrl_009/023/f1191
4 cameras loaded
Seed: [ 0.00794291 -0.01774562  0.00011379]  triangulation residual=0.159 mm
Sampled 10000 points in 2mm sphere
Surviving points (all 4 cameras): 1826
After outlier removal: 1749 points
Saved -> /home/computer0/fly_project/fly_gsplat/ctrl_009/023/f1191/init_points.ply
[prepare] frame 1191 data ready
Dataset generated successfully at: /home/computer0/fly_project/fly_gsplat/ctrl_009/023/f1192
4 cameras loaded
Seed: [ 0.00793589 -0.01772975  0.00010775]  triangulation residual=0.165 mm
Sampled 10000 points in 2mm sphere
Surviving points (all 4 cameras): 1908
After outlier removal: 1832 points
Saved -> /home/computer0/fly_project/fly_gsplat/ctrl_009/023/f1192/init_points.ply
[prepare] frame 1192 data ready
Dataset generated successfully at: /home/computer0/fly_project/fly_gsplat/ctrl_009/023/f1193
4 cameras loaded
Seed: [ 7.93071212e-03 -1.77162608e-02  9.80149475e-05]  triangulation residual=0.169 mm
Sampled 10000 points in 2mm sphere
Surviving points (all 4 cameras): 1937
After outlier removal: 1851 points
Saved -> /home/computer0/fly_project/fly_gsplat/ctrl_009/023/f1193/init_points.ply
[prepare] frame 1193 data ready
Dataset generated successfully at: /home/computer0/fly_project/fly_gsplat/ctrl_009/023/f1194
4 cameras loaded
Seed: [ 7.92527976e-03 -1.77051227e-02  8.71480573e-05]  triangulation residual=0.168 mm
Sampled 10000 points in 2mm sphere
Surviving points (all 4 cameras): 1935
After outlier removal: 1851 points
Saved -> /home/computer0/fly_project/fly_gsplat/ctrl_009/023/f1194/init_points.ply
[prepare] frame 1194 data ready
Dataset generated successfully at: /home/computer0/fly_project/fly_gsplat/ctrl_009/023/f1195
4 cameras loaded
Seed: [ 7.92485725e-03 -1.76965737e-02  8.36836771e-05]  triangulation residual=0.160 mm
Sampled 10000 points in 2mm sphere
Surviving points (all 4 cameras): 1946
After outlier removal: 1852 points
Saved -> /home/computer0/fly_project/fly_gsplat/ctrl_009/023/f1195/init_points.ply
[prepare] frame 1195 data ready
Dataset generated successfully at: /home/computer0/fly_project/fly_gsplat/ctrl_009/023/f1196
4 cameras loaded
Seed: [ 7.92061702e-03 -1.76901366e-02  8.13176759e-05]  triangulation residual=0.144 mm
Sampled 10000 points in 2mm sphere
Surviving points (all 4 cameras): 2118
After outlier removal: 2026 points
Saved -> /home/computer0/fly_project/fly_gsplat/ctrl_009/023/f1196/init_points.ply
[prepare] frame 1196 data ready
Dataset generated successfully at: /home/computer0/fly_project/fly_gsplat/ctrl_009/023/f1197
4 cameras loaded
Seed: [ 7.92272003e-03 -1.76923700e-02  8.68148307e-05]  triangulation residual=0.121 mm
Sampled 10000 points in 2mm sphere
Surviving points (all 4 cameras): 2101
After outlier removal: 2021 points
Saved -> /home/computer0/fly_project/fly_gsplat/ctrl_009/023/f1197/init_points.ply
[prepare] frame 1197 data ready
Dataset generated successfully at: /home/computer0/fly_project/fly_gsplat/ctrl_009/023/f1198
4 cameras loaded
Seed: [ 7.92598903e-03 -1.77043335e-02  9.41663039e-05]  triangulation residual=0.101 mm
Sampled 10000 points in 2mm sphere
Surviving points (all 4 cameras): 2144
After outlier removal: 2049 points
Saved -> /home/computer0/fly_project/fly_gsplat/ctrl_009/023/f1198/init_points.ply
[prepare] frame 1198 data ready
Dataset generated successfully at: /home/computer0/fly_project/fly_gsplat/ctrl_009/023/f1199
4 cameras loaded
Seed: [ 0.0079291  -0.0177282   0.00010034]  triangulation residual=0.083 mm
Sampled 10000 points in 2mm sphere
Surviving points (all 4 cameras): 2099
After outlier removal: 2013 points
Saved -> /home/computer0/fly_project/fly_gsplat/ctrl_009/023/f1199/init_points.ply
[prepare] frame 1199 data ready
Dataset generated successfully at: /home/computer0/fly_project/fly_gsplat/ctrl_009/023/f1200
4 cameras loaded
Seed: [ 0.00793366 -0.01776387  0.00011387]  triangulation residual=0.065 mm
Sampled 10000 points in 2mm sphere
Surviving points (all 4 cameras): 2007
After outlier removal: 1931 points
Saved -> /home/computer0/fly_project/fly_gsplat/ctrl_009/023/f1200/init_points.ply
[prepare] frame 1200 data ready
Dataset generated successfully at: /home/computer0/fly_project/fly_gsplat/ctrl_009/023/f1201
4 cameras loaded
Seed: [ 0.00793869 -0.01780751  0.00013003]  triangulation residual=0.060 mm
Sampled 10000 points in 2mm sphere
Surviving points (all 4 cameras): 2004
After outlier removal: 1919 points
Saved -> /home/computer0/fly_project/fly_gsplat/ctrl_009/023/f1201/init_points.ply
[prepare] frame 1201 data ready
Dataset generated successfully at: /home/computer0/fly_project/fly_gsplat/ctrl_009/023/f1202
4 cameras loaded
Seed: [ 0.00794418 -0.01786199  0.00015465]  triangulation residual=0.069 mm
Sampled 10000 points in 2mm sphere
Surviving points (all 4 cameras): 1944
After outlier removal: 1858 points
Saved -> /home/computer0/fly_project/fly_gsplat/ctrl_009/023/f1202/init_points.ply
[prepare] frame 1202 data ready
Dataset generated successfully at: /home/computer0/fly_project/fly_gsplat/ctrl_009/023/f1203
4 cameras loaded
Seed: [ 0.00794444 -0.01790556  0.00017784]  triangulation residual=0.086 mm
Sampled 10000 points in 2mm sphere
Surviving points (all 4 cameras): 1724
After outlier removal: 1654 points
Saved -> /home/computer0/fly_project/fly_gsplat/ctrl_009/023/f1203/init_points.ply
[prepare] frame 1203 data ready
Dataset generated successfully at: /home/computer0/fly_project/fly_gsplat/ctrl_009/023/f1204
4 cameras loaded
Seed: [ 0.00794391 -0.01791298  0.00017232]  triangulation residual=0.072 mm
Sampled 10000 points in 2mm sphere
Surviving points (all 4 cameras): 1849
After outlier removal: 1766 points
Saved -> /home/computer0/fly_project/fly_gsplat/ctrl_009/023/f1204/init_points.ply
[prepare] frame 1204 data ready
Dataset generated successfully at: /home/computer0/fly_project/fly_gsplat/ctrl_009/023/f1205
4 cameras loaded
Seed: [ 0.00793522 -0.01788211  0.00012108]  triangulation residual=0.053 mm
Sampled 10000 points in 2mm sphere
Surviving points (all 4 cameras): 1977
After outlier removal: 1894 points
Saved -> /home/computer0/fly_project/fly_gsplat/ctrl_009/023/f1205/init_points.ply
[prepare] frame 1205 data ready
Dataset generated successfully at: /home/computer0/fly_project/fly_gsplat/ctrl_009/023/f1206
4 cameras loaded
Seed: [ 7.92769535e-03 -1.78565899e-02  7.52419943e-05]  triangulation residual=0.065 mm
Sampled 10000 points in 2mm sphere
Surviving points (all 4 cameras): 1953
After outlier removal: 1876 points
Saved -> /home/computer0/fly_project/fly_gsplat/ctrl_009/023/f1206/init_points.ply
[prepare] frame 1206 data ready
Dataset generated successfully at: /home/computer0/fly_project/fly_gsplat/ctrl_009/023/f1207
4 cameras loaded
Seed: [ 7.91923290e-03 -1.78365460e-02  3.76785926e-05]  triangulation residual=0.079 mm
Sampled 10000 points in 2mm sphere
Surviving points (all 4 cameras): 2129
After outlier removal: 2039 points
Saved -> /home/computer0/fly_project/fly_gsplat/ctrl_009/023/f1207/init_points.ply
[prepare] frame 1207 data ready
Dataset generated successfully at: /home/computer0/fly_project/fly_gsplat/ctrl_009/023/f1208
4 cameras loaded
Seed: [ 7.91205735e-03 -1.78324279e-02  1.28160772e-05]  triangulation residual=0.101 mm
Sampled 10000 points in 2mm sphere
Surviving points (all 4 cameras): 2148
After outlier removal: 2068 points
Saved -> /home/computer0/fly_project/fly_gsplat/ctrl_009/023/f1208/init_points.ply
[prepare] frame 1208 data ready
Dataset generated successfully at: /home/computer0/fly_project/fly_gsplat/ctrl_009/023/f1209
4 cameras loaded
Seed: [ 7.90614681e-03 -1.78409799e-02 -2.28243022e-06]  triangulation residual=0.133 mm
Sampled 10000 points in 2mm sphere
Surviving points (all 4 cameras): 2218
After outlier removal: 2132 points
Saved -> /home/computer0/fly_project/fly_gsplat/ctrl_009/023/f1209/init_points.ply
[prepare] frame 1209 data ready
Dataset generated successfully at: /home/computer0/fly_project/fly_gsplat/ctrl_009/023/f1210
4 cameras loaded
Seed: [ 7.90461315e-03 -1.78477574e-02  4.90360397e-07]  triangulation residual=0.145 mm
Sampled 10000 points in 2mm sphere
Surviving points (all 4 cameras): 2277
After outlier removal: 2179 points
Saved -> /home/computer0/fly_project/fly_gsplat/ctrl_009/023/f1210/init_points.ply
[prepare] frame 1210 data ready
Dataset generated successfully at: /home/computer0/fly_project/fly_gsplat/ctrl_009/023/f1211
4 cameras loaded
Seed: [ 7.90645076e-03 -1.78595697e-02  1.62734847e-05]  triangulation residual=0.143 mm
Sampled 10000 points in 2mm sphere
Surviving points (all 4 cameras): 2289
After outlier removal: 2188 points
Saved -> /home/computer0/fly_project/fly_gsplat/ctrl_009/023/f1211/init_points.ply
[prepare] frame 1211 data ready
Dataset generated successfully at: /home/computer0/fly_project/fly_gsplat/ctrl_009/023/f1212
4 cameras loaded
Seed: [ 7.91158959e-03 -1.78718174e-02  3.53384467e-05]  triangulation residual=0.139 mm
Sampled 10000 points in 2mm sphere
Surviving points (all 4 cameras): 2334
After outlier removal: 2234 points
Saved -> /home/computer0/fly_project/fly_gsplat/ctrl_009/023/f1212/init_points.ply
[prepare] frame 1212 data ready
Dataset generated successfully at: /home/computer0/fly_project/fly_gsplat/ctrl_009/023/f1213
4 cameras loaded
Seed: [ 7.91663001e-03 -1.78966492e-02  5.07155373e-05]  triangulation residual=0.142 mm
Sampled 10000 points in 2mm sphere
Surviving points (all 4 cameras): 2177
After outlier removal: 2080 points
Saved -> /home/computer0/fly_project/fly_gsplat/ctrl_009/023/f1213/init_points.ply
[prepare] frame 1213 data ready
Dataset generated successfully at: /home/computer0/fly_project/fly_gsplat/ctrl_009/023/f1214
4 cameras loaded
Seed: [ 7.92545182e-03 -1.79229902e-02  8.61518747e-05]  triangulation residual=0.148 mm
Sampled 10000 points in 2mm sphere
Surviving points (all 4 cameras): 1987
After outlier removal: 1899 points
Saved -> /home/computer0/fly_project/fly_gsplat/ctrl_009/023/f1214/init_points.ply
[prepare] frame 1214 data ready
Dataset generated successfully at: /home/computer0/fly_project/fly_gsplat/ctrl_009/023/f1215
4 cameras loaded
Seed: [ 0.00793708 -0.01795817  0.00011008]  triangulation residual=0.154 mm
Sampled 10000 points in 2mm sphere
Surviving points (all 4 cameras): 1914
After outlier removal: 1832 points
Saved -> /home/computer0/fly_project/fly_gsplat/ctrl_009/023/f1215/init_points.ply
[prepare] frame 1215 data ready
Dataset generated successfully at: /home/computer0/fly_project/fly_gsplat/ctrl_009/023/f1216
4 cameras loaded
Seed: [ 0.007943   -0.0179946   0.00012825]  triangulation residual=0.163 mm
Sampled 10000 points in 2mm sphere
Surviving points (all 4 cameras): 1855
After outlier removal: 1776 points
Saved -> /home/computer0/fly_project/fly_gsplat/ctrl_009/023/f1216/init_points.ply
[prepare] frame 1216 data ready
Dataset generated successfully at: /home/computer0/fly_project/fly_gsplat/ctrl_009/023/f1217
4 cameras loaded
Seed: [ 0.00794818 -0.01803306  0.00015624]  triangulation residual=0.169 mm
Sampled 10000 points in 2mm sphere
Surviving points (all 4 cameras): 1736
After outlier removal: 1673 points
Saved -> /home/computer0/fly_project/fly_gsplat/ctrl_009/023/f1217/init_points.ply
[prepare] frame 1217 data ready
Dataset generated successfully at: /home/computer0/fly_project/fly_gsplat/ctrl_009/023/f1218
4 cameras loaded
Seed: [ 0.00794544 -0.01807274  0.00016572]  triangulation residual=0.172 mm
Sampled 10000 points in 2mm sphere
Surviving points (all 4 cameras): 1774
After outlier removal: 1689 points
Saved -> /home/computer0/fly_project/fly_gsplat/ctrl_009/023/f1218/init_points.ply
[prepare] frame 1218 data ready
Dataset generated successfully at: /home/computer0/fly_project/fly_gsplat/ctrl_009/023/f1219
4 cameras loaded
Seed: [ 0.00794956 -0.01811276  0.0001766 ]  triangulation residual=0.172 mm
Sampled 10000 points in 2mm sphere
Surviving points (all 4 cameras): 1763
After outlier removal: 1688 points
Saved -> /home/computer0/fly_project/fly_gsplat/ctrl_009/023/f1219/init_points.ply
[prepare] frame 1219 data ready
Dataset generated successfully at: /home/computer0/fly_project/fly_gsplat/ctrl_009/023/f1220
4 cameras loaded
Seed: [ 0.00795541 -0.01815425  0.0001883 ]  triangulation residual=0.175 mm
Sampled 10000 points in 2mm sphere
Surviving points (all 4 cameras): 1673
After outlier removal: 1597 points
Saved -> /home/computer0/fly_project/fly_gsplat/ctrl_009/023/f1220/init_points.ply
[prepare] frame 1220 data ready
Dataset generated successfully at: /home/computer0/fly_project/fly_gsplat/ctrl_009/023/f1221
4 cameras loaded
Seed: [ 0.00796201 -0.01819966  0.0001995 ]  triangulation residual=0.174 mm
Sampled 10000 points in 2mm sphere
Surviving points (all 4 cameras): 1693
After outlier removal: 1620 points
Saved -> /home/computer0/fly_project/fly_gsplat/ctrl_009/023/f1221/init_points.ply
[prepare] frame 1221 data ready
Dataset generated successfully at: /home/computer0/fly_project/fly_gsplat/ctrl_009/023/f1222
4 cameras loaded
Seed: [ 0.00796046 -0.01825209  0.0002202 ]  triangulation residual=0.164 mm
Sampled 10000 points in 2mm sphere
Surviving points (all 4 cameras): 1656
After outlier removal: 1594 points
Saved -> /home/computer0/fly_project/fly_gsplat/ctrl_009/023/f1222/init_points.ply
[prepare] frame 1222 data ready
Dataset generated successfully at: /home/computer0/fly_project/fly_gsplat/ctrl_009/023/f1223
4 cameras loaded
Seed: [ 0.00796199 -0.01830614  0.00023697]  triangulation residual=0.154 mm
Sampled 10000 points in 2mm sphere
Surviving points (all 4 cameras): 1574
After outlier removal: 1511 points
Saved -> /home/computer0/fly_project/fly_gsplat/ctrl_009/023/f1223/init_points.ply
[prepare] frame 1223 data ready
Dataset generated successfully at: /home/computer0/fly_project/fly_gsplat/ctrl_009/023/f1224
4 cameras loaded
Seed: [ 0.00796252 -0.01836655  0.00026315]  triangulation residual=0.141 mm
Sampled 10000 points in 2mm sphere
Surviving points (all 4 cameras): 1607
After outlier removal: 1529 points
Saved -> /home/computer0/fly_project/fly_gsplat/ctrl_009/023/f1224/init_points.ply
[prepare] frame 1224 data ready
Dataset generated successfully at: /home/computer0/fly_project/fly_gsplat/ctrl_009/023/f1225
4 cameras loaded
Seed: [ 0.00796027 -0.01843185  0.00028481]  triangulation residual=0.134 mm
Sampled 10000 points in 2mm sphere
Surviving points (all 4 cameras): 1519
After outlier removal: 1456 points
Saved -> /home/computer0/fly_project/fly_gsplat/ctrl_009/023/f1225/init_points.ply
[prepare] frame 1225 data ready
Dataset generated successfully at: /home/computer0/fly_project/fly_gsplat/ctrl_009/023/f1226
4 cameras loaded
Seed: [ 0.00796518 -0.01849903  0.00031159]  triangulation residual=0.123 mm
Sampled 10000 points in 2mm sphere
Surviving points (all 4 cameras): 1548
After outlier removal: 1484 points
Saved -> /home/computer0/fly_project/fly_gsplat/ctrl_009/023/f1226/init_points.ply
[prepare] frame 1226 data ready
Dataset generated successfully at: /home/computer0/fly_project/fly_gsplat/ctrl_009/023/f1227
4 cameras loaded
Seed: [ 0.00796949 -0.01857163  0.00034044]  triangulation residual=0.111 mm
Sampled 10000 points in 2mm sphere
Surviving points (all 4 cameras): 1448
After outlier removal: 1381 points
Saved -> /home/computer0/fly_project/fly_gsplat/ctrl_009/023/f1227/init_points.ply
[prepare] frame 1227 data ready
Dataset generated successfully at: /home/computer0/fly_project/fly_gsplat/ctrl_009/023/f1228
4 cameras loaded
Seed: [ 0.00800107 -0.01863982  0.00037113]  triangulation residual=0.099 mm
Sampled 10000 points in 2mm sphere
Surviving points (all 4 cameras): 1436
After outlier removal: 1372 points
Saved -> /home/computer0/fly_project/fly_gsplat/ctrl_009/023/f1228/init_points.ply
[prepare] frame 1228 data ready
Dataset generated successfully at: /home/computer0/fly_project/fly_gsplat/ctrl_009/023/f1229
4 cameras loaded
Seed: [ 0.00804583 -0.01870432  0.00039479]  triangulation residual=0.097 mm
Sampled 10000 points in 2mm sphere
Surviving points (all 4 cameras): 1468
After outlier removal: 1405 points
Saved -> /home/computer0/fly_project/fly_gsplat/ctrl_009/023/f1229/init_points.ply
[prepare] frame 1229 data ready
Dataset generated successfully at: /home/computer0/fly_project/fly_gsplat/ctrl_009/023/f1230
4 cameras loaded
Seed: [ 0.00810039 -0.01876623  0.00042102]  triangulation residual=0.111 mm
Sampled 10000 points in 2mm sphere
Surviving points (all 4 cameras): 1379
After outlier removal: 1320 points
Saved -> /home/computer0/fly_project/fly_gsplat/ctrl_009/023/f1230/init_points.ply
[prepare] frame 1230 data ready
Dataset generated successfully at: /home/computer0/fly_project/fly_gsplat/ctrl_009/023/f1231
4 cameras loaded
Seed: [ 0.00815326 -0.0188283   0.00045256]  triangulation residual=0.156 mm
Sampled 10000 points in 2mm sphere
Surviving points (all 4 cameras): 1308
After outlier removal: 1250 points
Saved -> /home/computer0/fly_project/fly_gsplat/ctrl_009/023/f1231/init_points.ply
[prepare] frame 1231 data ready
Dataset generated successfully at: /home/computer0/fly_project/fly_gsplat/ctrl_009/023/f1232
4 cameras loaded
Seed: [ 0.0081761  -0.01888467  0.00047838]  triangulation residual=0.184 mm
Sampled 10000 points in 2mm sphere
Surviving points (all 4 cameras): 1245
After outlier removal: 1199 points
Saved -> /home/computer0/fly_project/fly_gsplat/ctrl_009/023/f1232/init_points.ply
[prepare] frame 1232 data ready
Dataset generated successfully at: /home/computer0/fly_project/fly_gsplat/ctrl_009/023/f1233
4 cameras loaded
Seed: [ 0.00818321 -0.01893409  0.00049989]  triangulation residual=0.198 mm
Sampled 10000 points in 2mm sphere
Surviving points (all 4 cameras): 1242
After outlier removal: 1182 points
Saved -> /home/computer0/fly_project/fly_gsplat/ctrl_009/023/f1233/init_points.ply
[prepare] frame 1233 data ready
Dataset generated successfully at: /home/computer0/fly_project/fly_gsplat/ctrl_009/023/f1234
4 cameras loaded
Seed: [ 0.00816988 -0.01897458  0.00052556]  triangulation residual=0.205 mm
Sampled 10000 points in 2mm sphere
Surviving points (all 4 cameras): 1155
After outlier removal: 1109 points
Saved -> /home/computer0/fly_project/fly_gsplat/ctrl_009/023/f1234/init_points.ply
[prepare] frame 1234 data ready
Dataset generated successfully at: /home/computer0/fly_project/fly_gsplat/ctrl_009/023/f1235
4 cameras loaded
Seed: [ 0.00816536 -0.0190152   0.00054231]  triangulation residual=0.214 mm
Sampled 10000 points in 2mm sphere
Surviving points (all 4 cameras): 1130
After outlier removal: 1082 points
Saved -> /home/computer0/fly_project/fly_gsplat/ctrl_009/023/f1235/init_points.ply
[prepare] frame 1235 data ready
Dataset generated successfully at: /home/computer0/fly_project/fly_gsplat/ctrl_009/023/f1236
4 cameras loaded
Seed: [ 0.00814353 -0.01904905  0.00056566]  triangulation residual=0.226 mm
Sampled 10000 points in 2mm sphere
Surviving points (all 4 cameras): 1101
After outlier removal: 1058 points
Saved -> /home/computer0/fly_project/fly_gsplat/ctrl_009/023/f1236/init_points.ply
[prepare] frame 1236 data ready
Dataset generated successfully at: /home/computer0/fly_project/fly_gsplat/ctrl_009/023/f1237
4 cameras loaded
Seed: [ 0.00813516 -0.01908596  0.00058375]  triangulation residual=0.239 mm
Sampled 10000 points in 2mm sphere
Surviving points (all 4 cameras): 906
After outlier removal: 868 points
Saved -> /home/computer0/fly_project/fly_gsplat/ctrl_009/023/f1237/init_points.ply
[prepare] frame 1237 data ready
Dataset generated successfully at: /home/computer0/fly_project/fly_gsplat/ctrl_009/023/f1238
4 cameras loaded
Seed: [ 0.00812279 -0.01911359  0.00060044]  triangulation residual=0.255 mm
Sampled 10000 points in 2mm sphere
Surviving points (all 4 cameras): 953
After outlier removal: 914 points
Saved -> /home/computer0/fly_project/fly_gsplat/ctrl_009/023/f1238/init_points.ply
[prepare] frame 1238 data ready
Dataset generated successfully at: /home/computer0/fly_project/fly_gsplat/ctrl_009/023/f1239
4 cameras loaded
Seed: [ 0.00811993 -0.01913938  0.00061285]  triangulation residual=0.268 mm
Sampled 10000 points in 2mm sphere
Surviving points (all 4 cameras): 941
After outlier removal: 907 points
Saved -> /home/computer0/fly_project/fly_gsplat/ctrl_009/023/f1239/init_points.ply
[prepare] frame 1239 data ready
Dataset generated successfully at: /home/computer0/fly_project/fly_gsplat/ctrl_009/023/f1240
4 cameras loaded
Seed: [ 0.00811432 -0.01916429  0.00062273]  triangulation residual=0.280 mm
Sampled 10000 points in 2mm sphere
Surviving points (all 4 cameras): 892
After outlier removal: 848 points
Saved -> /home/computer0/fly_project/fly_gsplat/ctrl_009/023/f1240/init_points.ply
[prepare] frame 1240 data ready
Dataset generated successfully at: /home/computer0/fly_project/fly_gsplat/ctrl_009/023/f1241
4 cameras loaded
Seed: [ 0.00810933 -0.01918378  0.00063722]  triangulation residual=0.292 mm
Sampled 10000 points in 2mm sphere
Surviving points (all 4 cameras): 826
After outlier removal: 786 points
Saved -> /home/computer0/fly_project/fly_gsplat/ctrl_009/023/f1241/init_points.ply
[prepare] frame 1241 data ready
Dataset generated successfully at: /home/computer0/fly_project/fly_gsplat/ctrl_009/023/f1242
4 cameras loaded
Seed: [ 0.008097   -0.01920441  0.00064364]  triangulation residual=0.298 mm
Sampled 10000 points in 2mm sphere
Surviving points (all 4 cameras): 832
After outlier removal: 793 points
Saved -> /home/computer0/fly_project/fly_gsplat/ctrl_009/023/f1242/init_points.ply
[prepare] frame 1242 data ready
Dataset generated successfully at: /home/computer0/fly_project/fly_gsplat/ctrl_009/023/f1243
4 cameras loaded
Seed: [ 0.00808213 -0.0192287   0.00064096]  triangulation residual=0.307 mm
Sampled 10000 points in 2mm sphere
Surviving points (all 4 cameras): 783
After outlier removal: 743 points
Saved -> /home/computer0/fly_project/fly_gsplat/ctrl_009/023/f1243/init_points.ply
[prepare] frame 1243 data ready
Dataset generated successfully at: /home/computer0/fly_project/fly_gsplat/ctrl_009/023/f1244
4 cameras loaded
Seed: [ 0.00806763 -0.01924626  0.00064711]  triangulation residual=0.313 mm
Sampled 10000 points in 2mm sphere
Surviving points (all 4 cameras): 845
After outlier removal: 808 points
Saved -> /home/computer0/fly_project/fly_gsplat/ctrl_009/023/f1244/init_points.ply
[prepare] frame 1244 data ready
Dataset generated successfully at: /home/computer0/fly_project/fly_gsplat/ctrl_009/023/f1245
4 cameras loaded
Seed: [ 0.00805357 -0.01926116  0.0006518 ]  triangulation residual=0.322 mm
Sampled 10000 points in 2mm sphere
Surviving points (all 4 cameras): 716
After outlier removal: 686 points
Saved -> /home/computer0/fly_project/fly_gsplat/ctrl_009/023/f1245/init_points.ply
[prepare] frame 1245 data ready
Dataset generated successfully at: /home/computer0/fly_project/fly_gsplat/ctrl_009/023/f1246
4 cameras loaded
Seed: [ 0.00804637 -0.01927296  0.00064919]  triangulation residual=0.324 mm
Sampled 10000 points in 2mm sphere
Surviving points (all 4 cameras): 744
After outlier removal: 716 points
Saved -> /home/computer0/fly_project/fly_gsplat/ctrl_009/023/f1246/init_points.ply
[prepare] frame 1246 data ready
Dataset generated successfully at: /home/computer0/fly_project/fly_gsplat/ctrl_009/023/f1247
4 cameras loaded
Seed: [ 0.00804929 -0.01928313  0.00063232]  triangulation residual=0.328 mm
Sampled 10000 points in 2mm sphere
Surviving points (all 4 cameras): 759
After outlier removal: 734 points
Saved -> /home/computer0/fly_project/fly_gsplat/ctrl_009/023/f1247/init_points.ply
[prepare] frame 1247 data ready
Dataset generated successfully at: /home/computer0/fly_project/fly_gsplat/ctrl_009/023/f1248
4 cameras loaded
Seed: [ 0.00805755 -0.01928717  0.00061767]  triangulation residual=0.325 mm
Sampled 10000 points in 2mm sphere
Surviving points (all 4 cameras): 724
After outlier removal: 693 points
Saved -> /home/computer0/fly_project/fly_gsplat/ctrl_009/023/f1248/init_points.ply
[prepare] frame 1248 data ready
Dataset generated successfully at: /home/computer0/fly_project/fly_gsplat/ctrl_009/023/f1249
4 cameras loaded
Seed: [ 0.00806999 -0.01928197  0.00060633]  triangulation residual=0.319 mm
Sampled 10000 points in 2mm sphere
Surviving points (all 4 cameras): 684
After outlier removal: 650 points
Saved -> /home/computer0/fly_project/fly_gsplat/ctrl_009/023/f1249/init_points.ply
[prepare] frame 1249 data ready
Dataset generated successfully at: /home/computer0/fly_project/fly_gsplat/ctrl_009/023/f1250
4 cameras loaded
Seed: [ 0.00808554 -0.01927091  0.00059007]  triangulation residual=0.310 mm
Sampled 10000 points in 2mm sphere
Surviving points (all 4 cameras): 675
After outlier removal: 647 points
Saved -> /home/computer0/fly_project/fly_gsplat/ctrl_009/023/f1250/init_points.ply
[prepare] frame 1250 data ready
Dataset generated successfully at: /home/computer0/fly_project/fly_gsplat/ctrl_009/023/f1251
4 cameras loaded
Seed: [ 0.00810356 -0.0192504   0.00058056]  triangulation residual=0.302 mm
Sampled 10000 points in 2mm sphere
Surviving points (all 4 cameras): 677
After outlier removal: 653 points
Saved -> /home/computer0/fly_project/fly_gsplat/ctrl_009/023/f1251/init_points.ply
[prepare] frame 1251 data ready
Dataset generated successfully at: /home/computer0/fly_project/fly_gsplat/ctrl_009/023/f1252
4 cameras loaded
Seed: [ 0.00809732 -0.01924463  0.00058395]  triangulation residual=0.297 mm
Sampled 10000 points in 2mm sphere
Surviving points (all 4 cameras): 652
After outlier removal: 623 points
Saved -> /home/computer0/fly_project/fly_gsplat/ctrl_009/023/f1252/init_points.ply
[prepare] frame 1252 data ready
Dataset generated successfully at: /home/computer0/fly_project/fly_gsplat/ctrl_009/023/f1253
4 cameras loaded
Seed: [ 0.00808347 -0.01925818  0.00060972]  triangulation residual=0.298 mm
Sampled 10000 points in 2mm sphere
Surviving points (all 4 cameras): 639
After outlier removal: 609 points
Saved -> /home/computer0/fly_project/fly_gsplat/ctrl_009/023/f1253/init_points.ply
[prepare] frame 1253 data ready
Dataset generated successfully at: /home/computer0/fly_project/fly_gsplat/ctrl_009/023/f1254
4 cameras loaded
Seed: [ 0.00806888 -0.01928009  0.00065738]  triangulation residual=0.304 mm
Sampled 10000 points in 2mm sphere
Surviving points (all 4 cameras): 618
After outlier removal: 592 points
Saved -> /home/computer0/fly_project/fly_gsplat/ctrl_009/023/f1254/init_points.ply
[prepare] frame 1254 data ready
Dataset generated successfully at: /home/computer0/fly_project/fly_gsplat/ctrl_009/023/f1255
4 cameras loaded
Seed: [ 0.00805932 -0.01929663  0.00070473]  triangulation residual=0.310 mm
Sampled 10000 points in 2mm sphere
Surviving points (all 4 cameras): 630
After outlier removal: 607 points
Saved -> /home/computer0/fly_project/fly_gsplat/ctrl_009/023/f1255/init_points.ply
[prepare] frame 1255 data ready
Dataset generated successfully at: /home/computer0/fly_project/fly_gsplat/ctrl_009/023/f1256
4 cameras loaded
Seed: [ 0.00805544 -0.01929055  0.00074697]  triangulation residual=0.302 mm
Sampled 10000 points in 2mm sphere
Surviving points (all 4 cameras): 569
After outlier removal: 547 points
Saved -> /home/computer0/fly_project/fly_gsplat/ctrl_009/023/f1256/init_points.ply
[prepare] frame 1256 data ready
Dataset generated successfully at: /home/computer0/fly_project/fly_gsplat/ctrl_009/023/f1257
4 cameras loaded
Seed: [ 0.00805904 -0.01926933  0.00078123]  triangulation residual=0.287 mm
Sampled 10000 points in 2mm sphere
Surviving points (all 4 cameras): 608
After outlier removal: 589 points
Saved -> /home/computer0/fly_project/fly_gsplat/ctrl_009/023/f1257/init_points.ply
[prepare] frame 1257 data ready
Dataset generated successfully at: /home/computer0/fly_project/fly_gsplat/ctrl_009/023/f1258
4 cameras loaded
Seed: [ 0.00808936 -0.01924347  0.00079621]  triangulation residual=0.261 mm
Sampled 10000 points in 2mm sphere
Surviving points (all 4 cameras): 618
After outlier removal: 598 points
Saved -> /home/computer0/fly_project/fly_gsplat/ctrl_009/023/f1258/init_points.ply
[prepare] frame 1258 data ready
Dataset generated successfully at: /home/computer0/fly_project/fly_gsplat/ctrl_009/023/f1259
4 cameras loaded
Seed: [ 0.00814143 -0.01921817  0.00080271]  triangulation residual=0.243 mm
Sampled 10000 points in 2mm sphere
Surviving points (all 4 cameras): 602
After outlier removal: 572 points
Saved -> /home/computer0/fly_project/fly_gsplat/ctrl_009/023/f1259/init_points.ply
[prepare] frame 1259 data ready
Dataset generated successfully at: /home/computer0/fly_project/fly_gsplat/ctrl_009/023/f1260
4 cameras loaded
Seed: [ 0.00819461 -0.01920236  0.00080326]  triangulation residual=0.271 mm
Sampled 10000 points in 2mm sphere
Surviving points (all 4 cameras): 595
After outlier removal: 574 points
Saved -> /home/computer0/fly_project/fly_gsplat/ctrl_009/023/f1260/init_points.ply
[prepare] frame 1260 data ready
Dataset generated successfully at: /home/computer0/fly_project/fly_gsplat/ctrl_009/023/f1261
4 cameras loaded
Seed: [ 0.00826218 -0.0191938   0.00079869]  triangulation residual=0.315 mm
Sampled 10000 points in 2mm sphere
Surviving points (all 4 cameras): 666
After outlier removal: 636 points
Saved -> /home/computer0/fly_project/fly_gsplat/ctrl_009/023/f1261/init_points.ply
[prepare] frame 1261 data ready
Dataset generated successfully at: /home/computer0/fly_project/fly_gsplat/ctrl_009/023/f1262
4 cameras loaded
Seed: [ 0.00830188 -0.01917756  0.00079265]  triangulation residual=0.357 mm
Sampled 10000 points in 2mm sphere
Surviving points (all 4 cameras): 669
After outlier removal: 637 points
Saved -> /home/computer0/fly_project/fly_gsplat/ctrl_009/023/f1262/init_points.ply
[prepare] frame 1262 data ready
Dataset generated successfully at: /home/computer0/fly_project/fly_gsplat/ctrl_009/023/f1263
4 cameras loaded
Seed: [ 0.0082118  -0.01915868  0.00076184]  triangulation residual=0.284 mm
Sampled 10000 points in 2mm sphere
Surviving points (all 4 cameras): 749
After outlier removal: 723 points
Saved -> /home/computer0/fly_project/fly_gsplat/ctrl_009/023/f1263/init_points.ply
[prepare] frame 1263 data ready
Dataset generated successfully at: /home/computer0/fly_project/fly_gsplat/ctrl_009/023/f1264
4 cameras loaded
Seed: [ 0.0081331  -0.01912616  0.00072755]  triangulation residual=0.236 mm
Sampled 10000 points in 2mm sphere
Surviving points (all 4 cameras): 749
After outlier removal: 720 points
Saved -> /home/computer0/fly_project/fly_gsplat/ctrl_009/023/f1264/init_points.ply
[prepare] frame 1264 data ready
Dataset generated successfully at: /home/computer0/fly_project/fly_gsplat/ctrl_009/023/f1265
4 cameras loaded
Seed: [ 0.00805087 -0.01910189  0.00070737]  triangulation residual=0.210 mm
Sampled 10000 points in 2mm sphere
Surviving points (all 4 cameras): 855
After outlier removal: 823 points
Saved -> /home/computer0/fly_project/fly_gsplat/ctrl_009/023/f1265/init_points.ply
[prepare] frame 1265 data ready
Dataset generated successfully at: /home/computer0/fly_project/fly_gsplat/ctrl_009/023/f1266
4 cameras loaded
Seed: [ 0.00800073 -0.01907682  0.00069036]  triangulation residual=0.211 mm
Sampled 10000 points in 2mm sphere
Surviving points (all 4 cameras): 820
After outlier removal: 776 points
Saved -> /home/computer0/fly_project/fly_gsplat/ctrl_009/023/f1266/init_points.ply
[prepare] frame 1266 data ready
Dataset generated successfully at: /home/computer0/fly_project/fly_gsplat/ctrl_009/023/f1267
4 cameras loaded
Seed: [ 0.00797284 -0.01905386  0.0006713 ]  triangulation residual=0.225 mm
Sampled 10000 points in 2mm sphere
Surviving points (all 4 cameras): 818
After outlier removal: 784 points
Saved -> /home/computer0/fly_project/fly_gsplat/ctrl_009/023/f1267/init_points.ply
[prepare] frame 1267 data ready
Dataset generated successfully at: /home/computer0/fly_project/fly_gsplat/ctrl_009/023/f1268
4 cameras loaded
Seed: [ 0.00795586 -0.01903022  0.00065203]  triangulation residual=0.244 mm
Sampled 10000 points in 2mm sphere
Surviving points (all 4 cameras): 802
After outlier removal: 775 points
Saved -> /home/computer0/fly_project/fly_gsplat/ctrl_009/023/f1268/init_points.ply
[prepare] frame 1268 data ready
Dataset generated successfully at: /home/computer0/fly_project/fly_gsplat/ctrl_009/023/f1269
4 cameras loaded
Seed: [ 0.00793628 -0.01901377  0.00064165]  triangulation residual=0.263 mm
Sampled 10000 points in 2mm sphere
Surviving points (all 4 cameras): 821
After outlier removal: 784 points
Saved -> /home/computer0/fly_project/fly_gsplat/ctrl_009/023/f1269/init_points.ply
[prepare] frame 1269 data ready
Dataset generated successfully at: /home/computer0/fly_project/fly_gsplat/ctrl_009/023/f1270
4 cameras loaded
Seed: [ 0.00792885 -0.01899004  0.00062789]  triangulation residual=0.277 mm
Sampled 10000 points in 2mm sphere
Surviving points (all 4 cameras): 860
After outlier removal: 824 points
Saved -> /home/computer0/fly_project/fly_gsplat/ctrl_009/023/f1270/init_points.ply
[prepare] frame 1270 data ready
Dataset generated successfully at: /home/computer0/fly_project/fly_gsplat/ctrl_009/023/f1271
4 cameras loaded
Seed: [ 0.00791398 -0.01896132  0.00062043]  triangulation residual=0.285 mm
Sampled 10000 points in 2mm sphere
Surviving points (all 4 cameras): 862
After outlier removal: 829 points
Saved -> /home/computer0/fly_project/fly_gsplat/ctrl_009/023/f1271/init_points.ply
[prepare] frame 1271 data ready
Dataset generated successfully at: /home/computer0/fly_project/fly_gsplat/ctrl_009/023/f1272
4 cameras loaded
Seed: [ 0.00790371 -0.01894053  0.00061066]  triangulation residual=0.293 mm
Sampled 10000 points in 2mm sphere
Surviving points (all 4 cameras): 899
After outlier removal: 867 points
Saved -> /home/computer0/fly_project/fly_gsplat/ctrl_009/023/f1272/init_points.ply
[prepare] frame 1272 data ready
Dataset generated successfully at: /home/computer0/fly_project/fly_gsplat/ctrl_009/023/f1273
4 cameras loaded
Seed: [ 0.0078941  -0.01892766  0.0006005 ]  triangulation residual=0.301 mm
Sampled 10000 points in 2mm sphere
Surviving points (all 4 cameras): 955
After outlier removal: 914 points
Saved -> /home/computer0/fly_project/fly_gsplat/ctrl_009/023/f1273/init_points.ply
[prepare] frame 1273 data ready
Dataset generated successfully at: /home/computer0/fly_project/fly_gsplat/ctrl_009/023/f1274
4 cameras loaded
Seed: [ 0.00788394 -0.01891614  0.00058802]  triangulation residual=0.303 mm
Sampled 10000 points in 2mm sphere
Surviving points (all 4 cameras): 1020
After outlier removal: 980 points
Saved -> /home/computer0/fly_project/fly_gsplat/ctrl_009/023/f1274/init_points.ply
[prepare] frame 1274 data ready
Dataset generated successfully at: /home/computer0/fly_project/fly_gsplat/ctrl_009/023/f1275
4 cameras loaded
Seed: [ 0.00788164 -0.01890611  0.00057981]  triangulation residual=0.304 mm
Sampled 10000 points in 2mm sphere
Surviving points (all 4 cameras): 948
After outlier removal: 911 points
Saved -> /home/computer0/fly_project/fly_gsplat/ctrl_009/023/f1275/init_points.ply
[prepare] frame 1275 data ready
Dataset generated successfully at: /home/computer0/fly_project/fly_gsplat/ctrl_009/023/f1276
4 cameras loaded
Seed: [ 0.00787936 -0.01888995  0.00057943]  triangulation residual=0.296 mm
Sampled 10000 points in 2mm sphere
Surviving points (all 4 cameras): 1040
After outlier removal: 1006 points
Saved -> /home/computer0/fly_project/fly_gsplat/ctrl_009/023/f1276/init_points.ply
[prepare] frame 1276 data ready
Dataset generated successfully at: /home/computer0/fly_project/fly_gsplat/ctrl_009/023/f1277
4 cameras loaded
Seed: [ 0.00788455 -0.01888346  0.0005852 ]  triangulation residual=0.293 mm
Sampled 10000 points in 2mm sphere
Surviving points (all 4 cameras): 1052
After outlier removal: 1010 points
Saved -> /home/computer0/fly_project/fly_gsplat/ctrl_009/023/f1277/init_points.ply
[prepare] frame 1277 data ready
Dataset generated successfully at: /home/computer0/fly_project/fly_gsplat/ctrl_009/023/f1278
4 cameras loaded
Seed: [ 0.00788486 -0.01888124  0.00058784]  triangulation residual=0.289 mm
Sampled 10000 points in 2mm sphere
Surviving points (all 4 cameras): 1037
After outlier removal: 1003 points
Saved -> /home/computer0/fly_project/fly_gsplat/ctrl_009/023/f1278/init_points.ply
[prepare] frame 1278 data ready
Dataset generated successfully at: /home/computer0/fly_project/fly_gsplat/ctrl_009/023/f1279
4 cameras loaded
Seed: [ 0.00789064 -0.01889287  0.00059714]  triangulation residual=0.284 mm
Sampled 10000 points in 2mm sphere
Surviving points (all 4 cameras): 1031
After outlier removal: 1002 points
Saved -> /home/computer0/fly_project/fly_gsplat/ctrl_009/023/f1279/init_points.ply
[prepare] frame 1279 data ready
Dataset generated successfully at: /home/computer0/fly_project/fly_gsplat/ctrl_009/023/f1280
4 cameras loaded
Seed: [ 0.00789664 -0.01890649  0.00061273]  triangulation residual=0.289 mm
Sampled 10000 points in 2mm sphere
Surviving points (all 4 cameras): 1004
After outlier removal: 990 points
Saved -> /home/computer0/fly_project/fly_gsplat/ctrl_009/023/f1280/init_points.ply
[prepare] frame 1280 data ready
Dataset generated successfully at: /home/computer0/fly_project/fly_gsplat/ctrl_009/023/f1281
4 cameras loaded
Seed: [ 0.00791006 -0.01893013  0.00062954]  triangulation residual=0.293 mm
Sampled 10000 points in 2mm sphere
Surviving points (all 4 cameras): 880
After outlier removal: 844 points
Saved -> /home/computer0/fly_project/fly_gsplat/ctrl_009/023/f1281/init_points.ply
[prepare] frame 1281 data ready
Dataset generated successfully at: /home/computer0/fly_project/fly_gsplat/ctrl_009/023/f1282
4 cameras loaded
Seed: [ 0.00789522 -0.01897195  0.00066672]  triangulation residual=0.297 mm
Sampled 10000 points in 2mm sphere
Surviving points (all 4 cameras): 769
After outlier removal: 749 points
Saved -> /home/computer0/fly_project/fly_gsplat/ctrl_009/023/f1282/init_points.ply
[prepare] frame 1282 data ready
Dataset generated successfully at: /home/computer0/fly_project/fly_gsplat/ctrl_009/023/f1283
4 cameras loaded
Seed: [ 0.00785498 -0.01900931  0.00069911]  triangulation residual=0.317 mm
Sampled 10000 points in 2mm sphere
Surviving points (all 4 cameras): 667
After outlier removal: 639 points
Saved -> /home/computer0/fly_project/fly_gsplat/ctrl_009/023/f1283/init_points.ply
[prepare] frame 1283 data ready
Dataset generated successfully at: /home/computer0/fly_project/fly_gsplat/ctrl_009/023/f1284
4 cameras loaded
Seed: [ 0.00783155 -0.01900431  0.00066024]  triangulation residual=0.318 mm
Sampled 10000 points in 2mm sphere
Surviving points (all 4 cameras): 683
After outlier removal: 657 points
Saved -> /home/computer0/fly_project/fly_gsplat/ctrl_009/023/f1284/init_points.ply
[prepare] frame 1284 data ready
Dataset generated successfully at: /home/computer0/fly_project/fly_gsplat/ctrl_009/023/f1285
4 cameras loaded
Seed: [ 0.00782858 -0.01899307  0.0006074 ]  triangulation residual=0.313 mm
Sampled 10000 points in 2mm sphere
Surviving points (all 4 cameras): 852
After outlier removal: 814 points
Saved -> /home/computer0/fly_project/fly_gsplat/ctrl_009/023/f1285/init_points.ply
[prepare] frame 1285 data ready
Dataset generated successfully at: /home/computer0/fly_project/fly_gsplat/ctrl_009/023/f1286
4 cameras loaded
Seed: [ 0.00783049 -0.01898586  0.00056575]  triangulation residual=0.316 mm
Sampled 10000 points in 2mm sphere
Surviving points (all 4 cameras): 947
After outlier removal: 922 points
Saved -> /home/computer0/fly_project/fly_gsplat/ctrl_009/023/f1286/init_points.ply
[prepare] frame 1286 data ready
Dataset generated successfully at: /home/computer0/fly_project/fly_gsplat/ctrl_009/023/f1287
4 cameras loaded
Seed: [ 0.00783942 -0.01898947  0.00053495]  triangulation residual=0.313 mm
Sampled 10000 points in 2mm sphere
Surviving points (all 4 cameras): 1039
After outlier removal: 998 points
Saved -> /home/computer0/fly_project/fly_gsplat/ctrl_009/023/f1287/init_points.ply
[prepare] frame 1287 data ready
Dataset generated successfully at: /home/computer0/fly_project/fly_gsplat/ctrl_009/023/f1288
4 cameras loaded
Seed: [ 0.00784666 -0.0190044   0.00052431]  triangulation residual=0.318 mm
Sampled 10000 points in 2mm sphere
Surviving points (all 4 cameras): 996
After outlier removal: 952 points
Saved -> /home/computer0/fly_project/fly_gsplat/ctrl_009/023/f1288/init_points.ply
[prepare] frame 1288 data ready
Dataset generated successfully at: /home/computer0/fly_project/fly_gsplat/ctrl_009/023/f1289
4 cameras loaded
Seed: [ 0.00785492 -0.01902148  0.00052287]  triangulation residual=0.326 mm
Sampled 10000 points in 2mm sphere
Surviving points (all 4 cameras): 1051
After outlier removal: 1008 points
Saved -> /home/computer0/fly_project/fly_gsplat/ctrl_009/023/f1289/init_points.ply
[prepare] frame 1289 data ready
Dataset generated successfully at: /home/computer0/fly_project/fly_gsplat/ctrl_009/023/f1290
4 cameras loaded
Seed: [ 0.00786093 -0.01902976  0.00053293]  triangulation residual=0.325 mm
Sampled 10000 points in 2mm sphere
Surviving points (all 4 cameras): 1102
After outlier removal: 1056 points
Saved -> /home/computer0/fly_project/fly_gsplat/ctrl_009/023/f1290/init_points.ply
[prepare] frame 1290 data ready
Dataset generated successfully at: /home/computer0/fly_project/fly_gsplat/ctrl_009/023/f1291
4 cameras loaded
Seed: [ 0.00786747 -0.01904375  0.00055068]  triangulation residual=0.324 mm
Sampled 10000 points in 2mm sphere
Surviving points (all 4 cameras): 1106
After outlier removal: 1065 points
Saved -> /home/computer0/fly_project/fly_gsplat/ctrl_009/023/f1291/init_points.ply
[prepare] frame 1291 data ready
Dataset generated successfully at: /home/computer0/fly_project/fly_gsplat/ctrl_009/023/f1292
4 cameras loaded
Seed: [ 0.00787903 -0.01905936  0.00056879]  triangulation residual=0.320 mm
Sampled 10000 points in 2mm sphere
Surviving points (all 4 cameras): 1027
After outlier removal: 988 points
Saved -> /home/computer0/fly_project/fly_gsplat/ctrl_009/023/f1292/init_points.ply
[prepare] frame 1292 data ready
Dataset generated successfully at: /home/computer0/fly_project/fly_gsplat/ctrl_009/023/f1293
4 cameras loaded
Seed: [ 0.00789509 -0.01908527  0.0005921 ]  triangulation residual=0.325 mm
Sampled 10000 points in 2mm sphere
Surviving points (all 4 cameras): 857
After outlier removal: 820 points
Saved -> /home/computer0/fly_project/fly_gsplat/ctrl_009/023/f1293/init_points.ply
[prepare] frame 1293 data ready
Dataset generated successfully at: /home/computer0/fly_project/fly_gsplat/ctrl_009/023/f1294
4 cameras loaded
Seed: [ 0.00790084 -0.01911069  0.00062257]  triangulation residual=0.331 mm
Sampled 10000 points in 2mm sphere
Surviving points (all 4 cameras): 756
After outlier removal: 737 points
Saved -> /home/computer0/fly_project/fly_gsplat/ctrl_009/023/f1294/init_points.ply
[prepare] frame 1294 data ready
Dataset generated successfully at: /home/computer0/fly_project/fly_gsplat/ctrl_009/023/f1295
4 cameras loaded
Seed: [ 0.00790665 -0.01913556  0.00064594]  triangulation residual=0.337 mm
Sampled 10000 points in 2mm sphere
Surviving points (all 4 cameras): 648
After outlier removal: 623 points
Saved -> /home/computer0/fly_project/fly_gsplat/ctrl_009/023/f1295/init_points.ply
[prepare] frame 1295 data ready
Dataset generated successfully at: /home/computer0/fly_project/fly_gsplat/ctrl_009/023/f1296
4 cameras loaded
Seed: [ 0.00792077 -0.01916601  0.00066381]  triangulation residual=0.343 mm
Sampled 10000 points in 2mm sphere
Surviving points (all 4 cameras): 550
After outlier removal: 525 points
Saved -> /home/computer0/fly_project/fly_gsplat/ctrl_009/023/f1296/init_points.ply
[prepare] frame 1296 data ready
Dataset generated successfully at: /home/computer0/fly_project/fly_gsplat/ctrl_009/023/f1297
4 cameras loaded
Seed: [ 0.00792713 -0.01920201  0.00068172]  triangulation residual=0.346 mm
Sampled 10000 points in 2mm sphere
Surviving points (all 4 cameras): 470
After outlier removal: 451 points
Saved -> /home/computer0/fly_project/fly_gsplat/ctrl_009/023/f1297/init_points.ply
[prepare] frame 1297 data ready[21:18:18]  Be careful with '--eval-mode=all'. If using camera optimization, the cameras    nerfstudio_dataparser.py:216
           may diverge in the current implementation, giving unpredictable results.                                     
            Be careful with '--eval-mode=all'. If using camera optimization, the cameras    nerfstudio_dataparser.py:216
           may diverge in the current implementation, giving unpredictable results.                                     
[21:18:19] use color only optimization with sigmoid activation                                         splatfacto.py:266
Loading latest checkpoint from load_dir
✅ Done loading checkpoint from 
outputs/ctrl_009_023_ratio3_sh0_dense_mid200/ratio3_sh0_dense/f1107/splatfacto/2026-08-20_211635/nerfstudio_models/step-
000001999.ckpt
0 Gaussians have NaN/Inf and 2 have low opacity, only export 814/816
[21:18:20]  Be careful with '--eval-mode=all'. If using camera optimization, the cameras    nerfstudio_dataparser.py:216
           may diverge in the current implementation, giving unpredictable results.                                     
            Be careful with '--eval-mode=all'. If using camera optimization, the cameras    nerfstudio_dataparser.py:216
           may diverge in the current implementation, giving unpredictable results.                                     
           use color only optimization with sigmoid activation                                         splatfacto.py:266
[21:18:20]  Be careful with '--eval-mode=all'. If using camera optimization, the cameras    nerfstudio_dataparser.py:216
           may diverge in the current implementation, giving unpredictable results.                                     
            Be careful with '--eval-mode=all'. If using camera optimization, the cameras    nerfstudio_dataparser.py:216
           may diverge in the current implementation, giving unpredictable results.                                     
           use color only optimization with sigmoid activation                                         splatfacto.py:266
[21:18:20]  Be careful with '--eval-mode=all'. If using camera optimization, the cameras    nerfstudio_dataparser.py:216
           may diverge in the current implementation, giving unpredictable results.                                     
            Be careful with '--eval-mode=all'. If using camera optimization, the cameras    nerfstudio_dataparser.py:216
           may diverge in the current implementation, giving unpredictable results.                                     
[21:18:20]  Be careful with '--eval-mode=all'. If using camera optimization, the cameras    nerfstudio_dataparser.py:216
           may diverge in the current implementation, giving unpredictable results.                                     
            Be careful with '--eval-mode=all'. If using camera optimization, the cameras    nerfstudio_dataparser.py:216
           may diverge in the current implementation, giving unpredictable results.                                     
Loading latest checkpoint from load_dir
✅ Done loading checkpoint from 
outputs/ctrl_009_023_ratio3_sh0_dense_mid200/ratio3_sh0_dense/f1108/splatfacto/2026-08-20_211637/nerfstudio_models/step-
000001999.ckpt
0 Gaussians have NaN/Inf and 7 have low opacity, only export 767/774
[21:18:20]  Be careful with '--eval-mode=all'. If using camera optimization, the cameras    nerfstudio_dataparser.py:216
           may diverge in the current implementation, giving unpredictable results.                                     
           use color only optimization with sigmoid activation                                         splatfacto.py:266
            Be careful with '--eval-mode=all'. If using camera optimization, the cameras    nerfstudio_dataparser.py:216
           may diverge in the current implementation, giving unpredictable results.                                     
[21:18:21]  Be careful with '--eval-mode=all'. If using camera optimization, the cameras    nerfstudio_dataparser.py:216
           may diverge in the current implementation, giving unpredictable results.                                     
            Be careful with '--eval-mode=all'. If using camera optimization, the cameras    nerfstudio_dataparser.py:216
           may diverge in the current implementation, giving unpredictable results.                                     
[21:18:21]  Be careful with '--eval-mode=all'. If using camera optimization, the cameras    nerfstudio_dataparser.py:216
           may diverge in the current implementation, giving unpredictable results.                                     
            Be careful with '--eval-mode=all'. If using camera optimization, the cameras    nerfstudio_dataparser.py:216
           may diverge in the current implementation, giving unpredictable results.                                     
[21:18:21] use color only optimization with sigmoid activation                                         splatfacto.py:266
[21:18:21] use color only optimization with sigmoid activation                                         splatfacto.py:266
           use color only optimization with sigmoid activation                                         splatfacto.py:266
           use color only optimization with sigmoid activation                                         splatfacto.py:266
[21:18:21]  Be careful with '--eval-mode=all'. If using camera optimization, the cameras    nerfstudio_dataparser.py:216
           may diverge in the current implementation, giving unpredictable results.                                     
            Be careful with '--eval-mode=all'. If using camera optimization, the cameras    nerfstudio_dataparser.py:216
           may diverge in the current implementation, giving unpredictable results.                                     
[21:18:21]  Be careful with '--eval-mode=all'. If using camera optimization, the cameras    nerfstudio_dataparser.py:216
           may diverge in the current implementation, giving unpredictable results.                                     
            Be careful with '--eval-mode=all'. If using camera optimization, the cameras    nerfstudio_dataparser.py:216
           may diverge in the current implementation, giving unpredictable results.                                     
Loading latest checkpoint from load_dir
✅ Done loading checkpoint from 
outputs/ctrl_009_023_ratio3_sh0_dense_mid200/ratio3_sh0_dense/f1110/splatfacto/2026-08-20_211636/nerfstudio_models/step-
000001999.ckpt
0 Gaussians have NaN/Inf and 12 have low opacity, only export 709/721
           use color only optimization with sigmoid activation                                         splatfacto.py:266
           use color only optimization with sigmoid activation                                         splatfacto.py:266
[gpu1_w3] ratio3_sh0_dense__f1107 -> ok (108.2s)
[21:18:21]  Be careful with '--eval-mode=all'. If using camera optimization, the cameras    nerfstudio_dataparser.py:216
           may diverge in the current implementation, giving unpredictable results.                                     
            Be careful with '--eval-mode=all'. If using camera optimization, the cameras    nerfstudio_dataparser.py:216
           may diverge in the current implementation, giving unpredictable results.                                     
Loading latest checkpoint from load_dir
Loading latest checkpoint from load_dir
✅ Done loading checkpoint from 
outputs/ctrl_009_023_ratio3_sh0_dense_mid200/ratio3_sh0_dense/f1102/splatfacto/2026-08-20_211636/nerfstudio_models/step-
000001999.ckpt
0 Gaussians have NaN/Inf and 3 have low opacity, only export 725/728
✅ Done loading checkpoint from 
outputs/ctrl_009_023_ratio3_sh0_dense_mid200/ratio3_sh0_dense/f1111/splatfacto/2026-08-20_211636/nerfstudio_models/step-
000001999.ckpt
0 Gaussians have NaN/Inf and 2 have low opacity, only export 809/811
           use color only optimization with sigmoid activation                                         splatfacto.py:266
[21:18:21]  Be careful with '--eval-mode=all'. If using camera optimization, the cameras    nerfstudio_dataparser.py:216
           may diverge in the current implementation, giving unpredictable results.                                     
            Be careful with '--eval-mode=all'. If using camera optimization, the cameras    nerfstudio_dataparser.py:216
           may diverge in the current implementation, giving unpredictable results.                                     
Loading latest checkpoint from load_dir
Loading latest checkpoint from load_dir
✅ Done loading checkpoint from 
outputs/ctrl_009_023_ratio3_sh0_dense_mid200/ratio3_sh0_dense/f1100/splatfacto/2026-08-20_211636/nerfstudio_models/step-
000001999.ckpt
0 Gaussians have NaN/Inf and 2 have low opacity, only export 704/706
✅ Done loading checkpoint from 
outputs/ctrl_009_023_ratio3_sh0_dense_mid200/ratio3_sh0_dense/f1101/splatfacto/2026-08-20_211637/nerfstudio_models/step-
000001999.ckpt
0 Gaussians have NaN/Inf and 1 have low opacity, only export 642/643
Loading latest checkpoint from load_dir
[21:18:22] use color only optimization with sigmoid activation                                         splatfacto.py:266
✅ Done loading checkpoint from 
outputs/ctrl_009_023_ratio3_sh0_dense_mid200/ratio3_sh0_dense/f1109/splatfacto/2026-08-20_211637/nerfstudio_models/step-
000001999.ckpt
0 Gaussians have NaN/Inf and 5 have low opacity, only export 795/800
Loading latest checkpoint from load_dir
✅ Done loading checkpoint from 
outputs/ctrl_009_023_ratio3_sh0_dense_mid200/ratio3_sh0_dense/f1103/splatfacto/2026-08-20_211636/nerfstudio_models/step-
000001999.ckpt
0 Gaussians have NaN/Inf and 4 have low opacity, only export 798/802
Loading latest checkpoint from load_dir
✅ Done loading checkpoint from 
outputs/ctrl_009_023_ratio3_sh0_dense_mid200/ratio3_sh0_dense/f1104/splatfacto/2026-08-20_211637/nerfstudio_models/step-
000001999.ckpt
0 Gaussians have NaN/Inf and 6 have low opacity, only export 793/799
Loading latest checkpoint from load_dir
✅ Done loading checkpoint from 
outputs/ctrl_009_023_ratio3_sh0_dense_mid200/ratio3_sh0_dense/f1105/splatfacto/2026-08-20_211636/nerfstudio_models/step-
000001999.ckpt
0 Gaussians have NaN/Inf and 8 have low opacity, only export 733/741
[gpu1_w4] ratio3_sh0_dense__f1108 -> ok (109.5s)
Loading latest checkpoint from load_dir
✅ Done loading checkpoint from 
outputs/ctrl_009_023_ratio3_sh0_dense_mid200/ratio3_sh0_dense/f1106/splatfacto/2026-08-20_211637/nerfstudio_models/step-
000001999.ckpt
0 Gaussians have NaN/Inf and 5 have low opacity, only export 742/747
[gpu0_w4] ratio3_sh0_dense__f1110 -> ok (110.2s)
[gpu0_w1] ratio3_sh0_dense__f1111 -> ok (110.3s)
[gpu1_w1] ratio3_sh0_dense__f1102 -> ok (110.5s)
[gpu0_w0] ratio3_sh0_dense__f1100 -> ok (110.6s)
[gpu0_w2] ratio3_sh0_dense__f1109 -> ok (110.6s)
[gpu0_w5] ratio3_sh0_dense__f1101 -> ok (110.7s)
[gpu1_w5] ratio3_sh0_dense__f1104 -> ok (111.0s)
[gpu0_w3] ratio3_sh0_dense__f1103 -> ok (111.0s)
[gpu1_w2] ratio3_sh0_dense__f1105 -> ok (111.3s)
[gpu1_w0] ratio3_sh0_dense__f1106 -> ok (111.5s)
[21:20:15]  Be careful with '--eval-mode=all'. If using camera optimization, the cameras    nerfstudio_dataparser.py:216
           may diverge in the current implementation, giving unpredictable results.                                     
            Be careful with '--eval-mode=all'. If using camera optimization, the cameras    nerfstudio_dataparser.py:216
           may diverge in the current implementation, giving unpredictable results.                                     
[21:20:15]  Be careful with '--eval-mode=all'. If using camera optimization, the cameras    nerfstudio_dataparser.py:216
           may diverge in the current implementation, giving unpredictable results.                                     
            Be careful with '--eval-mode=all'. If using camera optimization, the cameras    nerfstudio_dataparser.py:216
           may diverge in the current implementation, giving unpredictable results.                                     
[21:20:15]  Be careful with '--eval-mode=all'. If using camera optimization, the cameras    nerfstudio_dataparser.py:216
           may diverge in the current implementation, giving unpredictable results.                                     
            Be careful with '--eval-mode=all'. If using camera optimization, the cameras    nerfstudio_dataparser.py:216
           may diverge in the current implementation, giving unpredictable results.                                     
           use color only optimization with sigmoid activation                                         splatfacto.py:266
           use color only optimization with sigmoid activation                                         splatfacto.py:266
           use color only optimization with sigmoid activation                                         splatfacto.py:266
[21:20:16]  Be careful with '--eval-mode=all'. If using camera optimization, the cameras    nerfstudio_dataparser.py:216
           may diverge in the current implementation, giving unpredictable results.                                     
            Be careful with '--eval-mode=all'. If using camera optimization, the cameras    nerfstudio_dataparser.py:216
           may diverge in the current implementation, giving unpredictable results.                                     
           use color only optimization with sigmoid activation                                         splatfacto.py:266
Loading latest checkpoint from load_dir
✅ Done loading checkpoint from 
outputs/ctrl_009_023_ratio3_sh0_dense_mid200/ratio3_sh0_dense/f1116/splatfacto/2026-08-20_211831/nerfstudio_models/step-
000001999.ckpt
Loading latest checkpoint from load_dir
0 Gaussians have NaN/Inf and 3 have low opacity, only export 797/800
✅ Done loading checkpoint from 
outputs/ctrl_009_023_ratio3_sh0_dense_mid200/ratio3_sh0_dense/f1112/splatfacto/2026-08-20_211830/nerfstudio_models/step-
000001999.ckpt
0 Gaussians have NaN/Inf and 2 have low opacity, only export 804/806
Loading latest checkpoint from load_dir
✅ Done loading checkpoint from 
outputs/ctrl_009_023_ratio3_sh0_dense_mid200/ratio3_sh0_dense/f1113/splatfacto/2026-08-20_211831/nerfstudio_models/step-
000001999.ckpt
0 Gaussians have NaN/Inf and 4 have low opacity, only export 801/805
[21:20:17]  Be careful with '--eval-mode=all'. If using camera optimization, the cameras    nerfstudio_dataparser.py:216
           may diverge in the current implementation, giving unpredictable results.                                     
            Be careful with '--eval-mode=all'. If using camera optimization, the cameras    nerfstudio_dataparser.py:216
           may diverge in the current implementation, giving unpredictable results.                                     
           use color only optimization with sigmoid activation                                         splatfacto.py:266
Loading latest checkpoint from load_dir
✅ Done loading checkpoint from 
outputs/ctrl_009_023_ratio3_sh0_dense_mid200/ratio3_sh0_dense/f1115/splatfacto/2026-08-20_211830/nerfstudio_models/step-
000001999.ckpt
0 Gaussians have NaN/Inf and 1 have low opacity, only export 784/785
Loading latest checkpoint from load_dir
✅ Done loading checkpoint from 
outputs/ctrl_009_023_ratio3_sh0_dense_mid200/ratio3_sh0_dense/f1119/splatfacto/2026-08-20_211832/nerfstudio_models/step-
000001999.ckpt
0 Gaussians have NaN/Inf and 2 have low opacity, only export 860/862
[21:20:18]  Be careful with '--eval-mode=all'. If using camera optimization, the cameras    nerfstudio_dataparser.py:216
           may diverge in the current implementation, giving unpredictable results.                                     
            Be careful with '--eval-mode=all'. If using camera optimization, the cameras    nerfstudio_dataparser.py:216
           may diverge in the current implementation, giving unpredictable results.                                     
[21:20:18]  Be careful with '--eval-mode=all'. If using camera optimization, the cameras    nerfstudio_dataparser.py:216
           may diverge in the current implementation, giving unpredictable results.                                     
            Be careful with '--eval-mode=all'. If using camera optimization, the cameras    nerfstudio_dataparser.py:216
           may diverge in the current implementation, giving unpredictable results.                                     
           use color only optimization with sigmoid activation                                         splatfacto.py:266
[21:20:18]  Be careful with '--eval-mode=all'. If using camera optimization, the cameras    nerfstudio_dataparser.py:216
           may diverge in the current implementation, giving unpredictable results.                                     
            Be careful with '--eval-mode=all'. If using camera optimization, the cameras    nerfstudio_dataparser.py:216
           may diverge in the current implementation, giving unpredictable results.                                     
           use color only optimization with sigmoid activation                                         splatfacto.py:266
[21:20:18]  Be careful with '--eval-mode=all'. If using camera optimization, the cameras    nerfstudio_dataparser.py:216
           may diverge in the current implementation, giving unpredictable results.                                     
            Be careful with '--eval-mode=all'. If using camera optimization, the cameras    nerfstudio_dataparser.py:216
           may diverge in the current implementation, giving unpredictable results.                                     
           use color only optimization with sigmoid activation                                         splatfacto.py:266
[21:20:18]  Be careful with '--eval-mode=all'. If using camera optimization, the cameras    nerfstudio_dataparser.py:216
           may diverge in the current implementation, giving unpredictable results.                                     
[gpu1_w4] ratio3_sh0_dense__f1113 -> ok (109.0s)
            Be careful with '--eval-mode=all'. If using camera optimization, the cameras    nerfstudio_dataparser.py:216
           may diverge in the current implementation, giving unpredictable results.                                     
[gpu1_w1] ratio3_sh0_dense__f1116 -> ok (108.1s)
           use color only optimization with sigmoid activation                                         splatfacto.py:266
[gpu1_w3] ratio3_sh0_dense__f1112 -> ok (110.4s)
           use color only optimization with sigmoid activation                                         splatfacto.py:266
[21:20:19]  Be careful with '--eval-mode=all'. If using camera optimization, the cameras    nerfstudio_dataparser.py:216
           may diverge in the current implementation, giving unpredictable results.                                     
            Be careful with '--eval-mode=all'. If using camera optimization, the cameras    nerfstudio_dataparser.py:216
           may diverge in the current implementation, giving unpredictable results.                                     
Loading latest checkpoint from load_dir
✅ Done loading checkpoint from 
outputs/ctrl_009_023_ratio3_sh0_dense_mid200/ratio3_sh0_dense/f1117/splatfacto/2026-08-20_211832/nerfstudio_models/step-
000001999.ckpt
0 Gaussians have NaN/Inf and 3 have low opacity, only export 885/888
Loading latest checkpoint from load_dir
Loading latest checkpoint from load_dir
✅ Done loading checkpoint from 
outputs/ctrl_009_023_ratio3_sh0_dense_mid200/ratio3_sh0_dense/f1123/splatfacto/2026-08-20_211832/nerfstudio_models/step-
000001999.ckpt
✅ Done loading checkpoint from 
outputs/ctrl_009_023_ratio3_sh0_dense_mid200/ratio3_sh0_dense/f1118/splatfacto/2026-08-20_211832/nerfstudio_models/step-
000001999.ckpt
           use color only optimization with sigmoid activation                                         splatfacto.py:266
0 Gaussians have NaN/Inf and 1 have low opacity, only export 894/895
0 Gaussians have NaN/Inf and 6 have low opacity, only export 813/819
Loading latest checkpoint from load_dir
[gpu0_w1] ratio3_sh0_dense__f1115 -> ok (109.1s)
✅ Done loading checkpoint from 
outputs/ctrl_009_023_ratio3_sh0_dense_mid200/ratio3_sh0_dense/f1120/splatfacto/2026-08-20_211833/nerfstudio_models/step-
000001999.ckpt
0 Gaussians have NaN/Inf and 4 have low opacity, only export 903/907
Loading latest checkpoint from load_dir
✅ Done loading checkpoint from 
outputs/ctrl_009_023_ratio3_sh0_dense_mid200/ratio3_sh0_dense/f1114/splatfacto/2026-08-20_211832/nerfstudio_models/step-
000001999.ckpt
0 Gaussians have NaN/Inf and 2 have low opacity, only export 852/854
[gpu0_w5] ratio3_sh0_dense__f1119 -> ok (109.3s)
[21:20:20]  Be careful with '--eval-mode=all'. If using camera optimization, the cameras    nerfstudio_dataparser.py:216
           may diverge in the current implementation, giving unpredictable results.                                     
            Be careful with '--eval-mode=all'. If using camera optimization, the cameras    nerfstudio_dataparser.py:216
           may diverge in the current implementation, giving unpredictable results.                                     
           use color only optimization with sigmoid activation                                         splatfacto.py:266
Loading latest checkpoint from load_dir
✅ Done loading checkpoint from 
outputs/ctrl_009_023_ratio3_sh0_dense_mid200/ratio3_sh0_dense/f1122/splatfacto/2026-08-20_211833/nerfstudio_models/step-
000001999.ckpt
0 Gaussians have NaN/Inf and 4 have low opacity, only export 818/822
Loading latest checkpoint from load_dir
✅ Done loading checkpoint from 
outputs/ctrl_009_023_ratio3_sh0_dense_mid200/ratio3_sh0_dense/f1121/splatfacto/2026-08-20_211833/nerfstudio_models/step-
000001999.ckpt
0 Gaussians have NaN/Inf and 4 have low opacity, only export 757/761
[gpu0_w0] ratio3_sh0_dense__f1117 -> ok (110.7s)
[gpu1_w0] ratio3_sh0_dense__f1123 -> ok (109.7s)
[gpu0_w2] ratio3_sh0_dense__f1118 -> ok (110.8s)
[gpu1_w5] ratio3_sh0_dense__f1120 -> ok (110.4s)
[gpu0_w4] ratio3_sh0_dense__f1114 -> ok (111.3s)
[gpu1_w2] ratio3_sh0_dense__f1122 -> ok (111.0s)
[gpu0_w3] ratio3_sh0_dense__f1121 -> ok (112.0s)
[21:22:12]  Be careful with '--eval-mode=all'. If using camera optimization, the cameras    nerfstudio_dataparser.py:216
           may diverge in the current implementation, giving unpredictable results.                                     
            Be careful with '--eval-mode=all'. If using camera optimization, the cameras    nerfstudio_dataparser.py:216
           may diverge in the current implementation, giving unpredictable results.                                     
[21:22:12]  Be careful with '--eval-mode=all'. If using camera optimization, the cameras    nerfstudio_dataparser.py:216
           may diverge in the current implementation, giving unpredictable results.                                     
            Be careful with '--eval-mode=all'. If using camera optimization, the cameras    nerfstudio_dataparser.py:216
           may diverge in the current implementation, giving unpredictable results.                                     
           use color only optimization with sigmoid activation                                         splatfacto.py:266
[21:22:13] use color only optimization with sigmoid activation                                         splatfacto.py:266
[21:22:13]  Be careful with '--eval-mode=all'. If using camera optimization, the cameras    nerfstudio_dataparser.py:216
           may diverge in the current implementation, giving unpredictable results.                                     
            Be careful with '--eval-mode=all'. If using camera optimization, the cameras    nerfstudio_dataparser.py:216
           may diverge in the current implementation, giving unpredictable results.                                     
           use color only optimization with sigmoid activation                                         splatfacto.py:266
Loading latest checkpoint from load_dir
✅ Done loading checkpoint from 
outputs/ctrl_009_023_ratio3_sh0_dense_mid200/ratio3_sh0_dense/f1124/splatfacto/2026-08-20_212028/nerfstudio_models/step-
000001999.ckpt
0 Gaussians have NaN/Inf and 5 have low opacity, only export 918/923
Loading latest checkpoint from load_dir
✅ Done loading checkpoint from 
outputs/ctrl_009_023_ratio3_sh0_dense_mid200/ratio3_sh0_dense/f1125/splatfacto/2026-08-20_212029/nerfstudio_models/step-
000001999.ckpt
0 Gaussians have NaN/Inf and 6 have low opacity, only export 874/880
[21:22:14]  Be careful with '--eval-mode=all'. If using camera optimization, the cameras    nerfstudio_dataparser.py:216
           may diverge in the current implementation, giving unpredictable results.                                     
            Be careful with '--eval-mode=all'. If using camera optimization, the cameras    nerfstudio_dataparser.py:216
           may diverge in the current implementation, giving unpredictable results.                                     
[21:22:14]  Be careful with '--eval-mode=all'. If using camera optimization, the cameras    nerfstudio_dataparser.py:216
           may diverge in the current implementation, giving unpredictable results.                                     
            Be careful with '--eval-mode=all'. If using camera optimization, the cameras    nerfstudio_dataparser.py:216
           may diverge in the current implementation, giving unpredictable results.                                     
Loading latest checkpoint from load_dir
✅ Done loading checkpoint from 
outputs/ctrl_009_023_ratio3_sh0_dense_mid200/ratio3_sh0_dense/f1126/splatfacto/2026-08-20_212029/nerfstudio_models/step-
000001999.ckpt
0 Gaussians have NaN/Inf and 1 have low opacity, only export 862/863
           use color only optimization with sigmoid activation                                         splatfacto.py:266
           use color only optimization with sigmoid activation                                         splatfacto.py:266
[21:22:14]  Be careful with '--eval-mode=all'. If using camera optimization, the cameras    nerfstudio_dataparser.py:216
           may diverge in the current implementation, giving unpredictable results.                                     
            Be careful with '--eval-mode=all'. If using camera optimization, the cameras    nerfstudio_dataparser.py:216
           may diverge in the current implementation, giving unpredictable results.                                     
           use color only optimization with sigmoid activation                                         splatfacto.py:266
Loading latest checkpoint from load_dir
✅ Done loading checkpoint from 
outputs/ctrl_009_023_ratio3_sh0_dense_mid200/ratio3_sh0_dense/f1127/splatfacto/2026-08-20_212030/nerfstudio_models/step-
000001999.ckpt
0 Gaussians have NaN/Inf and 6 have low opacity, only export 830/836
Loading latest checkpoint from load_dir
✅ Done loading checkpoint from 
outputs/ctrl_009_023_ratio3_sh0_dense_mid200/ratio3_sh0_dense/f1128/splatfacto/2026-08-20_212030/nerfstudio_models/step-
000001999.ckpt
Loading latest checkpoint from load_dir
0 Gaussians have NaN/Inf and 3 have low opacity, only export 837/840
✅ Done loading checkpoint from 
outputs/ctrl_009_023_ratio3_sh0_dense_mid200/ratio3_sh0_dense/f1131/splatfacto/2026-08-20_212030/nerfstudio_models/step-
000001999.ckpt
0 Gaussians have NaN/Inf and 2 have low opacity, only export 854/856
[gpu1_w4] ratio3_sh0_dense__f1124 -> ok (108.4s)
[21:22:15]  Be careful with '--eval-mode=all'. If using camera optimization, the cameras    nerfstudio_dataparser.py:216
           may diverge in the current implementation, giving unpredictable results.                                     
            Be careful with '--eval-mode=all'. If using camera optimization, the cameras    nerfstudio_dataparser.py:216
           may diverge in the current implementation, giving unpredictable results.                                     
[21:22:15]  Be careful with '--eval-mode=all'. If using camera optimization, the cameras    nerfstudio_dataparser.py:216
           may diverge in the current implementation, giving unpredictable results.                                     
            Be careful with '--eval-mode=all'. If using camera optimization, the cameras    nerfstudio_dataparser.py:216
           may diverge in the current implementation, giving unpredictable results.                                     
[gpu1_w1] ratio3_sh0_dense__f1125 -> ok (108.5s)
[21:22:16] use color only optimization with sigmoid activation                                         splatfacto.py:266
[21:22:16] use color only optimization with sigmoid activation                                         splatfacto.py:266
[gpu1_w3] ratio3_sh0_dense__f1126 -> ok (109.0s)
Loading latest checkpoint from load_dir
✅ Done loading checkpoint from 
outputs/ctrl_009_023_ratio3_sh0_dense_mid200/ratio3_sh0_dense/f1129/splatfacto/2026-08-20_212031/nerfstudio_models/step-
000001999.ckpt
0 Gaussians have NaN/Inf and 5 have low opacity, only export 849/854
Loading latest checkpoint from load_dir
✅ Done loading checkpoint from 
outputs/ctrl_009_023_ratio3_sh0_dense_mid200/ratio3_sh0_dense/f1132/splatfacto/2026-08-20_212032/nerfstudio_models/step-
000001999.ckpt
0 Gaussians have NaN/Inf and 5 have low opacity, only export 877/882
[gpu0_w1] ratio3_sh0_dense__f1127 -> ok (108.7s)
[21:22:17]  Be careful with '--eval-mode=all'. If using camera optimization, the cameras    nerfstudio_dataparser.py:216
           may diverge in the current implementation, giving unpredictable results.                                     
            Be careful with '--eval-mode=all'. If using camera optimization, the cameras    nerfstudio_dataparser.py:216
           may diverge in the current implementation, giving unpredictable results.                                     
           use color only optimization with sigmoid activation                                         splatfacto.py:266
[21:22:17]  Be careful with '--eval-mode=all'. If using camera optimization, the cameras    nerfstudio_dataparser.py:216
           may diverge in the current implementation, giving unpredictable results.                                     
            Be careful with '--eval-mode=all'. If using camera optimization, the cameras    nerfstudio_dataparser.py:216
           may diverge in the current implementation, giving unpredictable results.                                     
[gpu0_w5] ratio3_sh0_dense__f1128 -> ok (108.6s)
[21:22:17]  Be careful with '--eval-mode=all'. If using camera optimization, the cameras    nerfstudio_dataparser.py:216
           may diverge in the current implementation, giving unpredictable results.                                     
            Be careful with '--eval-mode=all'. If using camera optimization, the cameras    nerfstudio_dataparser.py:216
           may diverge in the current implementation, giving unpredictable results.                                     
[gpu0_w2] ratio3_sh0_dense__f1131 -> ok (107.2s)
           use color only optimization with sigmoid activation                                         splatfacto.py:266
           use color only optimization with sigmoid activation                                         splatfacto.py:266
[21:22:18]  Be careful with '--eval-mode=all'. If using camera optimization, the cameras    nerfstudio_dataparser.py:216
           may diverge in the current implementation, giving unpredictable results.                                     
            Be careful with '--eval-mode=all'. If using camera optimization, the cameras    nerfstudio_dataparser.py:216
           may diverge in the current implementation, giving unpredictable results.                                     
Loading latest checkpoint from load_dir
✅ Done loading checkpoint from 
outputs/ctrl_009_023_ratio3_sh0_dense_mid200/ratio3_sh0_dense/f1130/splatfacto/2026-08-20_212032/nerfstudio_models/step-
000001999.ckpt
0 Gaussians have NaN/Inf and 1 have low opacity, only export 798/799
Loading latest checkpoint from load_dir
✅ Done loading checkpoint from 
outputs/ctrl_009_023_ratio3_sh0_dense_mid200/ratio3_sh0_dense/f1133/splatfacto/2026-08-20_212032/nerfstudio_models/step-
000001999.ckpt
0 Gaussians have NaN/Inf and 1 have low opacity, only export 894/895
           use color only optimization with sigmoid activation                                         splatfacto.py:266
Loading latest checkpoint from load_dir
✅ Done loading checkpoint from 
outputs/ctrl_009_023_ratio3_sh0_dense_mid200/ratio3_sh0_dense/f1134/splatfacto/2026-08-20_212033/nerfstudio_models/step-
000001999.ckpt
[gpu0_w0] ratio3_sh0_dense__f1129 -> ok (108.4s)
0 Gaussians have NaN/Inf and 3 have low opacity, only export 798/801
Loading latest checkpoint from load_dir
✅ Done loading checkpoint from 
outputs/ctrl_009_023_ratio3_sh0_dense_mid200/ratio3_sh0_dense/f1135/splatfacto/2026-08-20_212032/nerfstudio_models/step-
000001999.ckpt
0 Gaussians have NaN/Inf and 2 have low opacity, only export 872/874
[gpu1_w5] ratio3_sh0_dense__f1132 -> ok (109.3s)
[gpu1_w0] ratio3_sh0_dense__f1130 -> ok (109.9s)
[gpu0_w4] ratio3_sh0_dense__f1133 -> ok (109.8s)
[gpu1_w2] ratio3_sh0_dense__f1134 -> ok (109.2s)
[gpu0_w3] ratio3_sh0_dense__f1135 -> ok (109.5s)
[21:24:09]  Be careful with '--eval-mode=all'. If using camera optimization, the cameras    nerfstudio_dataparser.py:216
           may diverge in the current implementation, giving unpredictable results.                                     
            Be careful with '--eval-mode=all'. If using camera optimization, the cameras    nerfstudio_dataparser.py:216
           may diverge in the current implementation, giving unpredictable results.                                     
[21:24:09]  Be careful with '--eval-mode=all'. If using camera optimization, the cameras    nerfstudio_dataparser.py:216
           may diverge in the current implementation, giving unpredictable results.                                     
            Be careful with '--eval-mode=all'. If using camera optimization, the cameras    nerfstudio_dataparser.py:216
           may diverge in the current implementation, giving unpredictable results.                                     
           use color only optimization with sigmoid activation                                         splatfacto.py:266
           use color only optimization with sigmoid activation                                         splatfacto.py:266
[21:24:09]  Be careful with '--eval-mode=all'. If using camera optimization, the cameras    nerfstudio_dataparser.py:216
           may diverge in the current implementation, giving unpredictable results.                                     
            Be careful with '--eval-mode=all'. If using camera optimization, the cameras    nerfstudio_dataparser.py:216
           may diverge in the current implementation, giving unpredictable results.                                     
           use color only optimization with sigmoid activation                                         splatfacto.py:266
[21:24:10]  Be careful with '--eval-mode=all'. If using camera optimization, the cameras    nerfstudio_dataparser.py:216
           may diverge in the current implementation, giving unpredictable results.                                     
            Be careful with '--eval-mode=all'. If using camera optimization, the cameras    nerfstudio_dataparser.py:216
           may diverge in the current implementation, giving unpredictable results.                                     
           use color only optimization with sigmoid activation                                         splatfacto.py:266
Loading latest checkpoint from load_dir
✅ Done loading checkpoint from 
outputs/ctrl_009_023_ratio3_sh0_dense_mid200/ratio3_sh0_dense/f1137/splatfacto/2026-08-20_212224/nerfstudio_models/step-
000001999.ckpt
0 Gaussians have NaN/Inf and 1 have low opacity, only export 912/913
Loading latest checkpoint from load_dir
✅ Done loading checkpoint from 
outputs/ctrl_009_023_ratio3_sh0_dense_mid200/ratio3_sh0_dense/f1136/splatfacto/2026-08-20_212225/nerfstudio_models/step-
000001999.ckpt
0 Gaussians have NaN/Inf and 2 have low opacity, only export 932/934
[21:24:10]  Be careful with '--eval-mode=all'. If using camera optimization, the cameras    nerfstudio_dataparser.py:216
           may diverge in the current implementation, giving unpredictable results.                                     
            Be careful with '--eval-mode=all'. If using camera optimization, the cameras    nerfstudio_dataparser.py:216
           may diverge in the current implementation, giving unpredictable results.                                     
           use color only optimization with sigmoid activation                                         splatfacto.py:266
Loading latest checkpoint from load_dir
✅ Done loading checkpoint from 
outputs/ctrl_009_023_ratio3_sh0_dense_mid200/ratio3_sh0_dense/f1140/splatfacto/2026-08-20_212224/nerfstudio_models/step-
000001999.ckpt
0 Gaussians have NaN/Inf and 4 have low opacity, only export 902/906
Loading latest checkpoint from load_dir
✅ Done loading checkpoint from 
outputs/ctrl_009_023_ratio3_sh0_dense_mid200/ratio3_sh0_dense/f1138/splatfacto/2026-08-20_212225/nerfstudio_models/step-
000001999.ckpt
0 Gaussians have NaN/Inf and 3 have low opacity, only export 820/823
[21:24:11]  Be careful with '--eval-mode=all'. If using camera optimization, the cameras    nerfstudio_dataparser.py:216
           may diverge in the current implementation, giving unpredictable results.                                     
            Be careful with '--eval-mode=all'. If using camera optimization, the cameras    nerfstudio_dataparser.py:216
           may diverge in the current implementation, giving unpredictable results.                                     
[21:24:11]  Be careful with '--eval-mode=all'. If using camera optimization, the cameras    nerfstudio_dataparser.py:216
           may diverge in the current implementation, giving unpredictable results.                                     
            Be careful with '--eval-mode=all'. If using camera optimization, the cameras    nerfstudio_dataparser.py:216
           may diverge in the current implementation, giving unpredictable results.                                     
           use color only optimization with sigmoid activation                                         splatfacto.py:266
Loading latest checkpoint from load_dir
✅ Done loading checkpoint from 
outputs/ctrl_009_023_ratio3_sh0_dense_mid200/ratio3_sh0_dense/f1139/splatfacto/2026-08-20_212226/nerfstudio_models/step-
000001999.ckpt
[21:24:11]  Be careful with '--eval-mode=all'. If using camera optimization, the cameras    nerfstudio_dataparser.py:216
           may diverge in the current implementation, giving unpredictable results.                                     
           use color only optimization with sigmoid activation                                         splatfacto.py:266
            Be careful with '--eval-mode=all'. If using camera optimization, the cameras    nerfstudio_dataparser.py:216
           may diverge in the current implementation, giving unpredictable results.                                     
0 Gaussians have NaN/Inf and 3 have low opacity, only export 889/892
           use color only optimization with sigmoid activation                                         splatfacto.py:266
Loading latest checkpoint from load_dir
[21:24:12]  Be careful with '--eval-mode=all'. If using camera optimization, the cameras    nerfstudio_dataparser.py:216
           may diverge in the current implementation, giving unpredictable results.                                     
✅ Done loading checkpoint from 
outputs/ctrl_009_023_ratio3_sh0_dense_mid200/ratio3_sh0_dense/f1141/splatfacto/2026-08-20_212226/nerfstudio_models/step-
000001999.ckpt
            Be careful with '--eval-mode=all'. If using camera optimization, the cameras    nerfstudio_dataparser.py:216
           may diverge in the current implementation, giving unpredictable results.                                     
0 Gaussians have NaN/Inf and 1 have low opacity, only export 915/916
[gpu1_w1] ratio3_sh0_dense__f1137 -> ok (109.5s)
           use color only optimization with sigmoid activation                                         splatfacto.py:266
[gpu1_w4] ratio3_sh0_dense__f1136 -> ok (109.9s)
Loading latest checkpoint from load_dir
✅ Done loading checkpoint from 
outputs/ctrl_009_023_ratio3_sh0_dense_mid200/ratio3_sh0_dense/f1142/splatfacto/2026-08-20_212226/nerfstudio_models/step-
000001999.ckpt
Loading latest checkpoint from load_dir
✅ Done loading checkpoint from 
outputs/ctrl_009_023_ratio3_sh0_dense_mid200/ratio3_sh0_dense/f1143/splatfacto/2026-08-20_212227/nerfstudio_models/step-
000001999.ckpt
[gpu0_w5] ratio3_sh0_dense__f1140 -> ok (108.7s)
[21:24:12]  Be careful with '--eval-mode=all'. If using camera optimization, the cameras    nerfstudio_dataparser.py:216
           may diverge in the current implementation, giving unpredictable results.                                     
            Be careful with '--eval-mode=all'. If using camera optimization, the cameras    nerfstudio_dataparser.py:216
           may diverge in the current implementation, giving unpredictable results.                                     
[21:24:13] use color only optimization with sigmoid activation                                         splatfacto.py:266
[gpu1_w3] ratio3_sh0_dense__f1138 -> ok (110.0s)
Loading latest checkpoint from load_dir
✅ Done loading checkpoint from 
outputs/ctrl_009_023_ratio3_sh0_dense_mid200/ratio3_sh0_dense/f1145/splatfacto/2026-08-20_212227/nerfstudio_models/step-
000001999.ckpt
0 Gaussians have NaN/Inf and 3 have low opacity, only export 880/883
[gpu0_w1] ratio3_sh0_dense__f1139 -> ok (109.6s)
[21:24:13]  Be careful with '--eval-mode=all'. If using camera optimization, the cameras    nerfstudio_dataparser.py:216
           may diverge in the current implementation, giving unpredictable results.                                     
            Be careful with '--eval-mode=all'. If using camera optimization, the cameras    nerfstudio_dataparser.py:216
           may diverge in the current implementation, giving unpredictable results.                                     
           use color only optimization with sigmoid activation                                         splatfacto.py:266
Loading latest checkpoint from load_dir
✅ Done loading checkpoint from 
outputs/ctrl_009_023_ratio3_sh0_dense_mid200/ratio3_sh0_dense/f1147/splatfacto/2026-08-20_212229/nerfstudio_models/step-
000001999.ckpt
[gpu0_w2] ratio3_sh0_dense__f1141 -> ok (109.8s)
0 Gaussians have NaN/Inf and 1 have low opacity, only export 927/928
[gpu0_w0] ratio3_sh0_dense__f1142 -> ok (109.1s)
[gpu1_w5] ratio3_sh0_dense__f1143 -> ok (108.0s)
[21:24:14]  Be careful with '--eval-mode=all'. If using camera optimization, the cameras    nerfstudio_dataparser.py:216
           may diverge in the current implementation, giving unpredictable results.                                     
            Be careful with '--eval-mode=all'. If using camera optimization, the cameras    nerfstudio_dataparser.py:216
           may diverge in the current implementation, giving unpredictable results.                                     
           use color only optimization with sigmoid activation                                         splatfacto.py:266
Loading latest checkpoint from load_dir
✅ Done loading checkpoint from 
outputs/ctrl_009_023_ratio3_sh0_dense_mid200/ratio3_sh0_dense/f1144/splatfacto/2026-08-20_212228/nerfstudio_models/step-
000001999.ckpt
[gpu0_w4] ratio3_sh0_dense__f1145 -> ok (108.1s)
Loading latest checkpoint from load_dir
✅ Done loading checkpoint from 
outputs/ctrl_009_023_ratio3_sh0_dense_mid200/ratio3_sh0_dense/f1146/splatfacto/2026-08-20_212228/nerfstudio_models/step-
000001999.ckpt
[gpu0_w3] ratio3_sh0_dense__f1147 -> ok (107.7s)
[gpu1_w0] ratio3_sh0_dense__f1144 -> ok (109.9s)
[gpu1_w2] ratio3_sh0_dense__f1146 -> ok (110.2s)
[21:26:04]  Be careful with '--eval-mode=all'. If using camera optimization, the cameras    nerfstudio_dataparser.py:216
           may diverge in the current implementation, giving unpredictable results.                                     
            Be careful with '--eval-mode=all'. If using camera optimization, the cameras    nerfstudio_dataparser.py:216
           may diverge in the current implementation, giving unpredictable results.                                     
           use color only optimization with sigmoid activation                                         splatfacto.py:266
Loading latest checkpoint from load_dir
✅ Done loading checkpoint from 
outputs/ctrl_009_023_ratio3_sh0_dense_mid200/ratio3_sh0_dense/f1148/splatfacto/2026-08-20_212420/nerfstudio_models/step-
000001999.ckpt
0 Gaussians have NaN/Inf and 3 have low opacity, only export 911/914
[21:26:05]  Be careful with '--eval-mode=all'. If using camera optimization, the cameras    nerfstudio_dataparser.py:216
           may diverge in the current implementation, giving unpredictable results.                                     
            Be careful with '--eval-mode=all'. If using camera optimization, the cameras    nerfstudio_dataparser.py:216
           may diverge in the current implementation, giving unpredictable results.                                     
           use color only optimization with sigmoid activation                                         splatfacto.py:266
Loading latest checkpoint from load_dir
✅ Done loading checkpoint from 
outputs/ctrl_009_023_ratio3_sh0_dense_mid200/ratio3_sh0_dense/f1150/splatfacto/2026-08-20_212420/nerfstudio_models/step-
000001999.ckpt
0 Gaussians have NaN/Inf and 2 have low opacity, only export 1014/1016
[21:26:06]  Be careful with '--eval-mode=all'. If using camera optimization, the cameras    nerfstudio_dataparser.py:216
           may diverge in the current implementation, giving unpredictable results.                                     
            Be careful with '--eval-mode=all'. If using camera optimization, the cameras    nerfstudio_dataparser.py:216
           may diverge in the current implementation, giving unpredictable results.                                     
           use color only optimization with sigmoid activation                                         splatfacto.py:266
[21:26:06]  Be careful with '--eval-mode=all'. If using camera optimization, the cameras    nerfstudio_dataparser.py:216
           may diverge in the current implementation, giving unpredictable results.                                     
            Be careful with '--eval-mode=all'. If using camera optimization, the cameras    nerfstudio_dataparser.py:216
           may diverge in the current implementation, giving unpredictable results.                                     
[21:26:06]  Be careful with '--eval-mode=all'. If using camera optimization, the cameras    nerfstudio_dataparser.py:216
           may diverge in the current implementation, giving unpredictable results.                                     
[21:26:06]  Be careful with '--eval-mode=all'. If using camera optimization, the cameras    nerfstudio_dataparser.py:216
           may diverge in the current implementation, giving unpredictable results.                                     
            Be careful with '--eval-mode=all'. If using camera optimization, the cameras    nerfstudio_dataparser.py:216
           may diverge in the current implementation, giving unpredictable results.                                     
            Be careful with '--eval-mode=all'. If using camera optimization, the cameras    nerfstudio_dataparser.py:216
           may diverge in the current implementation, giving unpredictable results.                                     
           use color only optimization with sigmoid activation                                         splatfacto.py:266
[gpu1_w1] ratio3_sh0_dense__f1148 -> ok (108.1s)
[21:26:07] use color only optimization with sigmoid activation                                         splatfacto.py:266
[21:26:07] use color only optimization with sigmoid activation                                         splatfacto.py:266
Loading latest checkpoint from load_dir
✅ Done loading checkpoint from 
outputs/ctrl_009_023_ratio3_sh0_dense_mid200/ratio3_sh0_dense/f1149/splatfacto/2026-08-20_212421/nerfstudio_models/step-
000001999.ckpt
0 Gaussians have NaN/Inf and 4 have low opacity, only export 981/985
[21:26:07]  Be careful with '--eval-mode=all'. If using camera optimization, the cameras    nerfstudio_dataparser.py:216
           may diverge in the current implementation, giving unpredictable results.                                     
            Be careful with '--eval-mode=all'. If using camera optimization, the cameras    nerfstudio_dataparser.py:216
           may diverge in the current implementation, giving unpredictable results.                                     
Loading latest checkpoint from load_dir
✅ Done loading checkpoint from 
outputs/ctrl_009_023_ratio3_sh0_dense_mid200/ratio3_sh0_dense/f1151/splatfacto/2026-08-20_212421/nerfstudio_models/step-
000001999.ckpt
0 Gaussians have NaN/Inf and 6 have low opacity, only export 866/872
[21:26:07]  Be careful with '--eval-mode=all'. If using camera optimization, the cameras    nerfstudio_dataparser.py:216
           may diverge in the current implementation, giving unpredictable results.                                     
            Be careful with '--eval-mode=all'. If using camera optimization, the cameras    nerfstudio_dataparser.py:216
           may diverge in the current implementation, giving unpredictable results.                                     
           use color only optimization with sigmoid activation                                         splatfacto.py:266
Loading latest checkpoint from load_dir
✅ Done loading checkpoint from 
outputs/ctrl_009_023_ratio3_sh0_dense_mid200/ratio3_sh0_dense/f1152/splatfacto/2026-08-20_212421/nerfstudio_models/step-
000001999.ckpt
0 Gaussians have NaN/Inf and 3 have low opacity, only export 904/907
           use color only optimization with sigmoid activation                                         splatfacto.py:266
Loading latest checkpoint from load_dir
✅ Done loading checkpoint from 
outputs/ctrl_009_023_ratio3_sh0_dense_mid200/ratio3_sh0_dense/f1154/splatfacto/2026-08-20_212422/nerfstudio_models/step-
000001999.ckpt
0 Gaussians have NaN/Inf and 1 have low opacity, only export 910/911
[21:26:08]  Be careful with '--eval-mode=all'. If using camera optimization, the cameras    nerfstudio_dataparser.py:216
           may diverge in the current implementation, giving unpredictable results.                                     
            Be careful with '--eval-mode=all'. If using camera optimization, the cameras    nerfstudio_dataparser.py:216
           may diverge in the current implementation, giving unpredictable results.                                     
           use color only optimization with sigmoid activation                                         splatfacto.py:266
[21:26:08]  Be careful with '--eval-mode=all'. If using camera optimization, the cameras    nerfstudio_dataparser.py:216
           may diverge in the current implementation, giving unpredictable results.                                     
            Be careful with '--eval-mode=all'. If using camera optimization, the cameras    nerfstudio_dataparser.py:216
           may diverge in the current implementation, giving unpredictable results.                                     
[gpu0_w5] ratio3_sh0_dense__f1150 -> ok (109.0s)
           use color only optimization with sigmoid activation                                         splatfacto.py:266
Loading latest checkpoint from load_dir
✅ Done loading checkpoint from 
outputs/ctrl_009_023_ratio3_sh0_dense_mid200/ratio3_sh0_dense/f1153/splatfacto/2026-08-20_212422/nerfstudio_models/step-
000001999.ckpt
0 Gaussians have NaN/Inf and 3 have low opacity, only export 894/897
Loading latest checkpoint from load_dir
✅ Done loading checkpoint from 
outputs/ctrl_009_023_ratio3_sh0_dense_mid200/ratio3_sh0_dense/f1157/splatfacto/2026-08-20_212424/nerfstudio_models/step-
000001999.ckpt
0 Gaussians have NaN/Inf and 4 have low opacity, only export 852/856
[21:26:08]  Be careful with '--eval-mode=all'. If using camera optimization, the cameras    nerfstudio_dataparser.py:216
           may diverge in the current implementation, giving unpredictable results.                                     
            Be careful with '--eval-mode=all'. If using camera optimization, the cameras    nerfstudio_dataparser.py:216
           may diverge in the current implementation, giving unpredictable results.                                     
Loading latest checkpoint from load_dir
✅ Done loading checkpoint from 
outputs/ctrl_009_023_ratio3_sh0_dense_mid200/ratio3_sh0_dense/f1159/splatfacto/2026-08-20_212424/nerfstudio_models/step-
000001999.ckpt
0 Gaussians have NaN/Inf and 3 have low opacity, only export 844/847
[21:26:09] use color only optimization with sigmoid activation                                         splatfacto.py:266
[21:26:11]  Be careful with '--eval-mode=all'. If using camera optimization, the cameras    nerfstudio_dataparser.py:216
           may diverge in the current implementation, giving unpredictable results.                                     
            Be careful with '--eval-mode=all'. If using camera optimization, the cameras    nerfstudio_dataparser.py:216
           may diverge in the current implementation, giving unpredictable results.                                     
[gpu1_w4] ratio3_sh0_dense__f1149 -> ok (110.5s)
Loading latest checkpoint from load_dir
✅ Done loading checkpoint from 
outputs/ctrl_009_023_ratio3_sh0_dense_mid200/ratio3_sh0_dense/f1158/splatfacto/2026-08-20_212423/nerfstudio_models/step-
000001999.ckpt
0 Gaussians have NaN/Inf and 4 have low opacity, only export 792/796
           use color only optimization with sigmoid activation                                         splatfacto.py:266
[gpu1_w3] ratio3_sh0_dense__f1151 -> ok (110.0s)
[gpu0_w1] ratio3_sh0_dense__f1152 -> ok (109.9s)
Loading latest checkpoint from load_dir
[gpu0_w0] ratio3_sh0_dense__f1154 -> ok (109.2s)
✅ Done loading checkpoint from 
outputs/ctrl_009_023_ratio3_sh0_dense_mid200/ratio3_sh0_dense/f1155/splatfacto/2026-08-20_212423/nerfstudio_models/step-
000001999.ckpt
0 Gaussians have NaN/Inf and 5 have low opacity, only export 897/902
Loading latest checkpoint from load_dir
✅ Done loading checkpoint from 
outputs/ctrl_009_023_ratio3_sh0_dense_mid200/ratio3_sh0_dense/f1156/splatfacto/2026-08-20_212422/nerfstudio_models/step-
000001999.ckpt
0 Gaussians have NaN/Inf and 3 have low opacity, only export 796/799
[gpu0_w3] ratio3_sh0_dense__f1157 -> ok (108.4s)
[gpu0_w2] ratio3_sh0_dense__f1153 -> ok (110.2s)
[gpu1_w2] ratio3_sh0_dense__f1159 -> ok (107.1s)
[gpu1_w0] ratio3_sh0_dense__f1158 -> ok (108.1s)
[gpu1_w5] ratio3_sh0_dense__f1155 -> ok (111.1s)
[gpu0_w4] ratio3_sh0_dense__f1156 -> ok (110.7s)
[21:28:02]  Be careful with '--eval-mode=all'. If using camera optimization, the cameras    nerfstudio_dataparser.py:216
           may diverge in the current implementation, giving unpredictable results.                                     
            Be careful with '--eval-mode=all'. If using camera optimization, the cameras    nerfstudio_dataparser.py:216
           may diverge in the current implementation, giving unpredictable results.                                     
           use color only optimization with sigmoid activation                                         splatfacto.py:266
Loading latest checkpoint from load_dir
✅ Done loading checkpoint from 
outputs/ctrl_009_023_ratio3_sh0_dense_mid200/ratio3_sh0_dense/f1160/splatfacto/2026-08-20_212618/nerfstudio_models/step-
000001999.ckpt
0 Gaussians have NaN/Inf and 7 have low opacity, only export 792/799
[21:28:04]  Be careful with '--eval-mode=all'. If using camera optimization, the cameras    nerfstudio_dataparser.py:216
           may diverge in the current implementation, giving unpredictable results.                                     
            Be careful with '--eval-mode=all'. If using camera optimization, the cameras    nerfstudio_dataparser.py:216
           may diverge in the current implementation, giving unpredictable results.                                     
           use color only optimization with sigmoid activation                                         splatfacto.py:266
[gpu1_w1] ratio3_sh0_dense__f1160 -> ok (109.1s)
[21:28:04]  Be careful with '--eval-mode=all'. If using camera optimization, the cameras    nerfstudio_dataparser.py:216
           may diverge in the current implementation, giving unpredictable results.                                     
            Be careful with '--eval-mode=all'. If using camera optimization, the cameras    nerfstudio_dataparser.py:216
           may diverge in the current implementation, giving unpredictable results.                                     
[21:28:05] use color only optimization with sigmoid activation                                         splatfacto.py:266
[21:28:05]  Be careful with '--eval-mode=all'. If using camera optimization, the cameras    nerfstudio_dataparser.py:216
           may diverge in the current implementation, giving unpredictable results.                                     
            Be careful with '--eval-mode=all'. If using camera optimization, the cameras    nerfstudio_dataparser.py:216
           may diverge in the current implementation, giving unpredictable results.                                     
Loading latest checkpoint from load_dir
[21:28:05]  Be careful with '--eval-mode=all'. If using camera optimization, the cameras    nerfstudio_dataparser.py:216
           may diverge in the current implementation, giving unpredictable results.                                     
✅ Done loading checkpoint from 
outputs/ctrl_009_023_ratio3_sh0_dense_mid200/ratio3_sh0_dense/f1161/splatfacto/2026-08-20_212619/nerfstudio_models/step-
000001999.ckpt
            Be careful with '--eval-mode=all'. If using camera optimization, the cameras    nerfstudio_dataparser.py:216
           may diverge in the current implementation, giving unpredictable results.                                     
0 Gaussians have NaN/Inf and 3 have low opacity, only export 850/853
           use color only optimization with sigmoid activation                                         splatfacto.py:266
[21:28:05]  Be careful with '--eval-mode=all'. If using camera optimization, the cameras    nerfstudio_dataparser.py:216
           may diverge in the current implementation, giving unpredictable results.                                     
            Be careful with '--eval-mode=all'. If using camera optimization, the cameras    nerfstudio_dataparser.py:216
           may diverge in the current implementation, giving unpredictable results.                                     
           use color only optimization with sigmoid activation                                         splatfacto.py:266
[21:28:05]  Be careful with '--eval-mode=all'. If using camera optimization, the cameras    nerfstudio_dataparser.py:216
           may diverge in the current implementation, giving unpredictable results.                                     
            Be careful with '--eval-mode=all'. If using camera optimization, the cameras    nerfstudio_dataparser.py:216
           may diverge in the current implementation, giving unpredictable results.                                     
           use color only optimization with sigmoid activation                                         splatfacto.py:266
           use color only optimization with sigmoid activation                                         splatfacto.py:266
[21:28:05]  Be careful with '--eval-mode=all'. If using camera optimization, the cameras    nerfstudio_dataparser.py:216
           may diverge in the current implementation, giving unpredictable results.                                     
            Be careful with '--eval-mode=all'. If using camera optimization, the cameras    nerfstudio_dataparser.py:216
           may diverge in the current implementation, giving unpredictable results.                                     
[21:28:05]  Be careful with '--eval-mode=all'. If using camera optimization, the cameras    nerfstudio_dataparser.py:216
           may diverge in the current implementation, giving unpredictable results.                                     
            Be careful with '--eval-mode=all'. If using camera optimization, the cameras    nerfstudio_dataparser.py:216
           may diverge in the current implementation, giving unpredictable results.                                     
[21:28:05]  Be careful with '--eval-mode=all'. If using camera optimization, the cameras    nerfstudio_dataparser.py:216
           may diverge in the current implementation, giving unpredictable results.                                     
            Be careful with '--eval-mode=all'. If using camera optimization, the cameras    nerfstudio_dataparser.py:216
           may diverge in the current implementation, giving unpredictable results.                                     
Loading latest checkpoint from load_dir
✅ Done loading checkpoint from 
outputs/ctrl_009_023_ratio3_sh0_dense_mid200/ratio3_sh0_dense/f1166/splatfacto/2026-08-20_212620/nerfstudio_models/step-
000001999.ckpt
0 Gaussians have NaN/Inf and 5 have low opacity, only export 716/721
[21:28:06] use color only optimization with sigmoid activation                                         splatfacto.py:266
[21:28:06] use color only optimization with sigmoid activation                                         splatfacto.py:266
[21:28:06] use color only optimization with sigmoid activation                                         splatfacto.py:266
Loading latest checkpoint from load_dir
✅ Done loading checkpoint from 
outputs/ctrl_009_023_ratio3_sh0_dense_mid200/ratio3_sh0_dense/f1169/splatfacto/2026-08-20_212620/nerfstudio_models/step-
000001999.ckpt
0 Gaussians have NaN/Inf and 3 have low opacity, only export 712/715
Loading latest checkpoint from load_dir
✅ Done loading checkpoint from 
outputs/ctrl_009_023_ratio3_sh0_dense_mid200/ratio3_sh0_dense/f1163/splatfacto/2026-08-20_212621/nerfstudio_models/step-
000001999.ckpt
0 Gaussians have NaN/Inf and 3 have low opacity, only export 779/782
Loading latest checkpoint from load_dir
✅ Done loading checkpoint from 
outputs/ctrl_009_023_ratio3_sh0_dense_mid200/ratio3_sh0_dense/f1168/splatfacto/2026-08-20_212620/nerfstudio_models/step-
000001999.ckpt
0 Gaussians have NaN/Inf and 3 have low opacity, only export 656/659
Loading latest checkpoint from load_dir
✅ Done loading checkpoint from 
outputs/ctrl_009_023_ratio3_sh0_dense_mid200/ratio3_sh0_dense/f1167/splatfacto/2026-08-20_212621/nerfstudio_models/step-
000001999.ckpt
0 Gaussians have NaN/Inf and 6 have low opacity, only export 658/664
[21:28:06]  Be careful with '--eval-mode=all'. If using camera optimization, the cameras    nerfstudio_dataparser.py:216
           may diverge in the current implementation, giving unpredictable results.                                     
            Be careful with '--eval-mode=all'. If using camera optimization, the cameras    nerfstudio_dataparser.py:216
           may diverge in the current implementation, giving unpredictable results.                                     
Loading latest checkpoint from load_dir
✅ Done loading checkpoint from 
outputs/ctrl_009_023_ratio3_sh0_dense_mid200/ratio3_sh0_dense/f1171/splatfacto/2026-08-20_212621/nerfstudio_models/step-
000001999.ckpt
Loading latest checkpoint from load_dir
0 Gaussians have NaN/Inf and 3 have low opacity, only export 725/728
✅ Done loading checkpoint from 
outputs/ctrl_009_023_ratio3_sh0_dense_mid200/ratio3_sh0_dense/f1162/splatfacto/2026-08-20_212620/nerfstudio_models/step-
000001999.ckpt
0 Gaussians have NaN/Inf and 5 have low opacity, only export 890/895
Loading latest checkpoint from load_dir
✅ Done loading checkpoint from 
outputs/ctrl_009_023_ratio3_sh0_dense_mid200/ratio3_sh0_dense/f1165/splatfacto/2026-08-20_212621/nerfstudio_models/step-
000001999.ckpt
0 Gaussians have NaN/Inf and 7 have low opacity, only export 756/763
[21:28:07] use color only optimization with sigmoid activation                                         splatfacto.py:266
[gpu0_w5] ratio3_sh0_dense__f1161 -> ok (110.1s)
Loading latest checkpoint from load_dir
✅ Done loading checkpoint from 
outputs/ctrl_009_023_ratio3_sh0_dense_mid200/ratio3_sh0_dense/f1164/splatfacto/2026-08-20_212620/nerfstudio_models/step-
000001999.ckpt
0 Gaussians have NaN/Inf and 7 have low opacity, only export 806/813
[21:28:07]  Be careful with '--eval-mode=all'. If using camera optimization, the cameras    nerfstudio_dataparser.py:216
           may diverge in the current implementation, giving unpredictable results.                                     
            Be careful with '--eval-mode=all'. If using camera optimization, the cameras    nerfstudio_dataparser.py:216
           may diverge in the current implementation, giving unpredictable results.                                     
[gpu0_w3] ratio3_sh0_dense__f1166 -> ok (108.4s)
[21:28:08] use color only optimization with sigmoid activation                                         splatfacto.py:266
[gpu1_w3] ratio3_sh0_dense__f1163 -> ok (109.6s)
[gpu1_w0] ratio3_sh0_dense__f1169 -> ok (108.0s)
[gpu1_w2] ratio3_sh0_dense__f1168 -> ok (108.7s)
[gpu0_w2] ratio3_sh0_dense__f1167 -> ok (109.0s)
[gpu0_w0] ratio3_sh0_dense__f1165 -> ok (109.8s)
[gpu1_w4] ratio3_sh0_dense__f1162 -> ok (110.6s)
[gpu0_w4] ratio3_sh0_dense__f1171 -> ok (107.9s)
Loading latest checkpoint from load_dir
✅ Done loading checkpoint from 
outputs/ctrl_009_023_ratio3_sh0_dense_mid200/ratio3_sh0_dense/f1170/splatfacto/2026-08-20_212623/nerfstudio_models/step-
000001999.ckpt
0 Gaussians have NaN/Inf and 1 have low opacity, only export 674/675
[gpu0_w1] ratio3_sh0_dense__f1164 -> ok (111.0s)
[gpu1_w5] ratio3_sh0_dense__f1170 -> ok (109.6s)
[21:29:56]  Be careful with '--eval-mode=all'. If using camera optimization, the cameras    nerfstudio_dataparser.py:216
           may diverge in the current implementation, giving unpredictable results.                                     
            Be careful with '--eval-mode=all'. If using camera optimization, the cameras    nerfstudio_dataparser.py:216
           may diverge in the current implementation, giving unpredictable results.                                     
[21:29:57] use color only optimization with sigmoid activation                                         splatfacto.py:266
Loading latest checkpoint from load_dir
✅ Done loading checkpoint from 
outputs/ctrl_009_023_ratio3_sh0_dense_mid200/ratio3_sh0_dense/f1172/splatfacto/2026-08-20_212813/nerfstudio_models/step-
000001999.ckpt
0 Gaussians have NaN/Inf and 2 have low opacity, only export 711/713
[21:29:58]  Be careful with '--eval-mode=all'. If using camera optimization, the cameras    nerfstudio_dataparser.py:216
           may diverge in the current implementation, giving unpredictable results.                                     
            Be careful with '--eval-mode=all'. If using camera optimization, the cameras    nerfstudio_dataparser.py:216
           may diverge in the current implementation, giving unpredictable results.                                     
           use color only optimization with sigmoid activation                                         splatfacto.py:266
Loading latest checkpoint from load_dir
[21:29:59]  Be careful with '--eval-mode=all'. If using camera optimization, the cameras    nerfstudio_dataparser.py:216
           may diverge in the current implementation, giving unpredictable results.                                     
            Be careful with '--eval-mode=all'. If using camera optimization, the cameras    nerfstudio_dataparser.py:216
           may diverge in the current implementation, giving unpredictable results.                                     
✅ Done loading checkpoint from 
outputs/ctrl_009_023_ratio3_sh0_dense_mid200/ratio3_sh0_dense/f1174/splatfacto/2026-08-20_212816/nerfstudio_models/step-
000001999.ckpt
0 Gaussians have NaN/Inf and 1 have low opacity, only export 736/737
           use color only optimization with sigmoid activation                                         splatfacto.py:266
[21:29:59]  Be careful with '--eval-mode=all'. If using camera optimization, the cameras    nerfstudio_dataparser.py:216
           may diverge in the current implementation, giving unpredictable results.                                     
            Be careful with '--eval-mode=all'. If using camera optimization, the cameras    nerfstudio_dataparser.py:216
           may diverge in the current implementation, giving unpredictable results.                                     
[21:29:59]  Be careful with '--eval-mode=all'. If using camera optimization, the cameras    nerfstudio_dataparser.py:216
           may diverge in the current implementation, giving unpredictable results.                                     
            Be careful with '--eval-mode=all'. If using camera optimization, the cameras    nerfstudio_dataparser.py:216
           may diverge in the current implementation, giving unpredictable results.                                     
           use color only optimization with sigmoid activation                                         splatfacto.py:266
           use color only optimization with sigmoid activation                                         splatfacto.py:266
[gpu1_w1] ratio3_sh0_dense__f1172 -> ok (108.0s)
[21:30:00]  Be careful with '--eval-mode=all'. If using camera optimization, the cameras    nerfstudio_dataparser.py:216
           may diverge in the current implementation, giving unpredictable results.                                     
            Be careful with '--eval-mode=all'. If using camera optimization, the cameras    nerfstudio_dataparser.py:216
           may diverge in the current implementation, giving unpredictable results.                                     
Loading latest checkpoint from load_dir
✅ Done loading checkpoint from 
outputs/ctrl_009_023_ratio3_sh0_dense_mid200/ratio3_sh0_dense/f1176/splatfacto/2026-08-20_212816/nerfstudio_models/step-
000001999.ckpt
0 Gaussians have NaN/Inf and 1 have low opacity, only export 648/649
           use color only optimization with sigmoid activation                                         splatfacto.py:266
Loading latest checkpoint from load_dir
✅ Done loading checkpoint from 
outputs/ctrl_009_023_ratio3_sh0_dense_mid200/ratio3_sh0_dense/f1173/splatfacto/2026-08-20_212815/nerfstudio_models/step-
000001999.ckpt
0 Gaussians have NaN/Inf and 1 have low opacity, only export 743/744
[21:30:00]  Be careful with '--eval-mode=all'. If using camera optimization, the cameras    nerfstudio_dataparser.py:216
           may diverge in the current implementation, giving unpredictable results.                                     
Loading latest checkpoint from load_dir
            Be careful with '--eval-mode=all'. If using camera optimization, the cameras    nerfstudio_dataparser.py:216
           may diverge in the current implementation, giving unpredictable results.                                     
✅ Done loading checkpoint from 
outputs/ctrl_009_023_ratio3_sh0_dense_mid200/ratio3_sh0_dense/f1180/splatfacto/2026-08-20_212816/nerfstudio_models/step-
000001999.ckpt
0 Gaussians have NaN/Inf and 2 have low opacity, only export 696/698
           use color only optimization with sigmoid activation                                         splatfacto.py:266
[21:30:00]  Be careful with '--eval-mode=all'. If using camera optimization, the cameras    nerfstudio_dataparser.py:216
           may diverge in the current implementation, giving unpredictable results.                                     
            Be careful with '--eval-mode=all'. If using camera optimization, the cameras    nerfstudio_dataparser.py:216
           may diverge in the current implementation, giving unpredictable results.                                     
[21:30:00]  Be careful with '--eval-mode=all'. If using camera optimization, the cameras    nerfstudio_dataparser.py:216
           may diverge in the current implementation, giving unpredictable results.                                     
            Be careful with '--eval-mode=all'. If using camera optimization, the cameras    nerfstudio_dataparser.py:216
           may diverge in the current implementation, giving unpredictable results.                                     
           use color only optimization with sigmoid activation                                         splatfacto.py:266
[gpu0_w3] ratio3_sh0_dense__f1174 -> ok (106.0s)
           use color only optimization with sigmoid activation                                         splatfacto.py:266
Loading latest checkpoint from load_dir
✅ Done loading checkpoint from 
outputs/ctrl_009_023_ratio3_sh0_dense_mid200/ratio3_sh0_dense/f1175/splatfacto/2026-08-20_212816/nerfstudio_models/step-
000001999.ckpt
0 Gaussians have NaN/Inf and 3 have low opacity, only export 655/658
[21:30:01]  Be careful with '--eval-mode=all'. If using camera optimization, the cameras    nerfstudio_dataparser.py:216
           may diverge in the current implementation, giving unpredictable results.                                     
            Be careful with '--eval-mode=all'. If using camera optimization, the cameras    nerfstudio_dataparser.py:216
           may diverge in the current implementation, giving unpredictable results.                                     
[21:30:01]  Be careful with '--eval-mode=all'. If using camera optimization, the cameras    nerfstudio_dataparser.py:216
           may diverge in the current implementation, giving unpredictable results.                                     
            Be careful with '--eval-mode=all'. If using camera optimization, the cameras    nerfstudio_dataparser.py:216
           may diverge in the current implementation, giving unpredictable results.                                     
           use color only optimization with sigmoid activation                                         splatfacto.py:266
           use color only optimization with sigmoid activation                                         splatfacto.py:266
Loading latest checkpoint from load_dir
✅ Done loading checkpoint from 
outputs/ctrl_009_023_ratio3_sh0_dense_mid200/ratio3_sh0_dense/f1183/splatfacto/2026-08-20_212817/nerfstudio_models/step-
000001999.ckpt
0 Gaussians have NaN/Inf and 11 have low opacity, only export 722/733
Loading latest checkpoint from load_dir
✅ Done loading checkpoint from 
outputs/ctrl_009_023_ratio3_sh0_dense_mid200/ratio3_sh0_dense/f1178/splatfacto/2026-08-20_212815/nerfstudio_models/step-
000001999.ckpt
Loading latest checkpoint from load_dir
0 Gaussians have NaN/Inf and 3 have low opacity, only export 692/695
✅ Done loading checkpoint from 
outputs/ctrl_009_023_ratio3_sh0_dense_mid200/ratio3_sh0_dense/f1177/splatfacto/2026-08-20_212817/nerfstudio_models/step-
000001999.ckpt
0 Gaussians have NaN/Inf and 1 have low opacity, only export 618/619
[gpu1_w0] ratio3_sh0_dense__f1176 -> ok (107.0s)
Loading latest checkpoint from load_dir
Loading latest checkpoint from load_dir
✅ Done loading checkpoint from 
outputs/ctrl_009_023_ratio3_sh0_dense_mid200/ratio3_sh0_dense/f1181/splatfacto/2026-08-20_212816/nerfstudio_models/step-
000001999.ckpt
0 Gaussians have NaN/Inf and 4 have low opacity, only export 697/701
✅ Done loading checkpoint from 
outputs/ctrl_009_023_ratio3_sh0_dense_mid200/ratio3_sh0_dense/f1179/splatfacto/2026-08-20_212816/nerfstudio_models/step-
000001999.ckpt
0 Gaussians have NaN/Inf and 1 have low opacity, only export 719/720
[gpu0_w5] ratio3_sh0_dense__f1173 -> ok (108.5s)
[21:30:02]  Be careful with '--eval-mode=all'. If using camera optimization, the cameras    nerfstudio_dataparser.py:216
           may diverge in the current implementation, giving unpredictable results.                                     
            Be careful with '--eval-mode=all'. If using camera optimization, the cameras    nerfstudio_dataparser.py:216
           may diverge in the current implementation, giving unpredictable results.                                     
[gpu1_w4] ratio3_sh0_dense__f1180 -> ok (107.1s)
           use color only optimization with sigmoid activation                                         splatfacto.py:266
[gpu1_w3] ratio3_sh0_dense__f1175 -> ok (108.3s)
[gpu0_w2] ratio3_sh0_dense__f1178 -> ok (108.1s)
Loading latest checkpoint from load_dir
✅ Done loading checkpoint from 
outputs/ctrl_009_023_ratio3_sh0_dense_mid200/ratio3_sh0_dense/f1182/splatfacto/2026-08-20_212817/nerfstudio_models/step-
000001999.ckpt
0 Gaussians have NaN/Inf and 4 have low opacity, only export 720/724
[gpu1_w5] ratio3_sh0_dense__f1183 -> ok (106.4s)
[gpu1_w2] ratio3_sh0_dense__f1177 -> ok (108.4s)
[gpu0_w0] ratio3_sh0_dense__f1179 -> ok (109.0s)
[gpu0_w4] ratio3_sh0_dense__f1181 -> ok (108.8s)
[gpu0_w1] ratio3_sh0_dense__f1182 -> ok (109.0s)
[21:31:53]  Be careful with '--eval-mode=all'. If using camera optimization, the cameras    nerfstudio_dataparser.py:216
           may diverge in the current implementation, giving unpredictable results.                                     
            Be careful with '--eval-mode=all'. If using camera optimization, the cameras    nerfstudio_dataparser.py:216
           may diverge in the current implementation, giving unpredictable results.                                     
           use color only optimization with sigmoid activation                                         splatfacto.py:266
[21:31:53]  Be careful with '--eval-mode=all'. If using camera optimization, the cameras    nerfstudio_dataparser.py:216
           may diverge in the current implementation, giving unpredictable results.                                     
            Be careful with '--eval-mode=all'. If using camera optimization, the cameras    nerfstudio_dataparser.py:216
           may diverge in the current implementation, giving unpredictable results.                                     
           use color only optimization with sigmoid activation                                         splatfacto.py:266
Loading latest checkpoint from load_dir
✅ Done loading checkpoint from 
outputs/ctrl_009_023_ratio3_sh0_dense_mid200/ratio3_sh0_dense/f1184/splatfacto/2026-08-20_213009/nerfstudio_models/step-
000001999.ckpt
0 Gaussians have NaN/Inf and 3 have low opacity, only export 735/738
Loading latest checkpoint from load_dir
✅ Done loading checkpoint from 
outputs/ctrl_009_023_ratio3_sh0_dense_mid200/ratio3_sh0_dense/f1187/splatfacto/2026-08-20_213010/nerfstudio_models/step-
000001999.ckpt
0 Gaussians have NaN/Inf and 9 have low opacity, only export 733/742
[21:31:57]  Be careful with '--eval-mode=all'. If using camera optimization, the cameras    nerfstudio_dataparser.py:216
           may diverge in the current implementation, giving unpredictable results.                                     
            Be careful with '--eval-mode=all'. If using camera optimization, the cameras    nerfstudio_dataparser.py:216
           may diverge in the current implementation, giving unpredictable results.                                     
           use color only optimization with sigmoid activation                                         splatfacto.py:266
[21:31:57]  Be careful with '--eval-mode=all'. If using camera optimization, the cameras    nerfstudio_dataparser.py:216
           may diverge in the current implementation, giving unpredictable results.                                     
            Be careful with '--eval-mode=all'. If using camera optimization, the cameras    nerfstudio_dataparser.py:216
           may diverge in the current implementation, giving unpredictable results.                                     
[21:31:57]  Be careful with '--eval-mode=all'. If using camera optimization, the cameras    nerfstudio_dataparser.py:216
           may diverge in the current implementation, giving unpredictable results.                                     
            Be careful with '--eval-mode=all'. If using camera optimization, the cameras    nerfstudio_dataparser.py:216
           may diverge in the current implementation, giving unpredictable results.                                     
           use color only optimization with sigmoid activation                                         splatfacto.py:266
[21:31:58] use color only optimization with sigmoid activation                                         splatfacto.py:266
[21:31:58]  Be careful with '--eval-mode=all'. If using camera optimization, the cameras    nerfstudio_dataparser.py:216
           may diverge in the current implementation, giving unpredictable results.                                     
            Be careful with '--eval-mode=all'. If using camera optimization, the cameras    nerfstudio_dataparser.py:216
           may diverge in the current implementation, giving unpredictable results.                                     
Loading latest checkpoint from load_dir
✅ Done loading checkpoint from 
outputs/ctrl_009_023_ratio3_sh0_dense_mid200/ratio3_sh0_dense/f1191/splatfacto/2026-08-20_213013/nerfstudio_models/step-
000001999.ckpt
0 Gaussians have NaN/Inf and 6 have low opacity, only export 801/807
           use color only optimization with sigmoid activation                                         splatfacto.py:266
[gpu1_w1] ratio3_sh0_dense__f1184 -> ok (109.9s)
[21:31:58]  Be careful with '--eval-mode=all'. If using camera optimization, the cameras    nerfstudio_dataparser.py:216
           may diverge in the current implementation, giving unpredictable results.                                     
            Be careful with '--eval-mode=all'. If using camera optimization, the cameras    nerfstudio_dataparser.py:216
           may diverge in the current implementation, giving unpredictable results.                                     
[21:31:58]  Be careful with '--eval-mode=all'. If using camera optimization, the cameras    nerfstudio_dataparser.py:216
           may diverge in the current implementation, giving unpredictable results.                                     
            Be careful with '--eval-mode=all'. If using camera optimization, the cameras    nerfstudio_dataparser.py:216
           may diverge in the current implementation, giving unpredictable results.                                     
Loading latest checkpoint from load_dir
Loading latest checkpoint from load_dir
✅ Done loading checkpoint from 
outputs/ctrl_009_023_ratio3_sh0_dense_mid200/ratio3_sh0_dense/f1186/splatfacto/2026-08-20_213013/nerfstudio_models/step-
000001999.ckpt
✅ Done loading checkpoint from 
outputs/ctrl_009_023_ratio3_sh0_dense_mid200/ratio3_sh0_dense/f1188/splatfacto/2026-08-20_213013/nerfstudio_models/step-
000001999.ckpt
0 Gaussians have NaN/Inf and 4 have low opacity, only export 812/816
0 Gaussians have NaN/Inf and 6 have low opacity, only export 765/771
           use color only optimization with sigmoid activation                                         splatfacto.py:266
           use color only optimization with sigmoid activation                                         splatfacto.py:266
[gpu0_w5] ratio3_sh0_dense__f1187 -> ok (107.4s)
[21:31:59]  Be careful with '--eval-mode=all'. If using camera optimization, the cameras    nerfstudio_dataparser.py:216
           may diverge in the current implementation, giving unpredictable results.                                     
            Be careful with '--eval-mode=all'. If using camera optimization, the cameras    nerfstudio_dataparser.py:216
           may diverge in the current implementation, giving unpredictable results.                                     
[21:31:59]  Be careful with '--eval-mode=all'. If using camera optimization, the cameras    nerfstudio_dataparser.py:216
           may diverge in the current implementation, giving unpredictable results.                                     
            Be careful with '--eval-mode=all'. If using camera optimization, the cameras    nerfstudio_dataparser.py:216
           may diverge in the current implementation, giving unpredictable results.                                     
Loading latest checkpoint from load_dir
✅ Done loading checkpoint from 
outputs/ctrl_009_023_ratio3_sh0_dense_mid200/ratio3_sh0_dense/f1185/splatfacto/2026-08-20_213010/nerfstudio_models/step-
000001999.ckpt
0 Gaussians have NaN/Inf and 7 have low opacity, only export 676/683
           use color only optimization with sigmoid activation                                         splatfacto.py:266
           use color only optimization with sigmoid activation                                         splatfacto.py:266
[21:31:59]  Be careful with '--eval-mode=all'. If using camera optimization, the cameras    nerfstudio_dataparser.py:216
           may diverge in the current implementation, giving unpredictable results.                                     
            Be careful with '--eval-mode=all'. If using camera optimization, the cameras    nerfstudio_dataparser.py:216
           may diverge in the current implementation, giving unpredictable results.                                     
Loading latest checkpoint from load_dir
Loading latest checkpoint from load_dir
✅ Done loading checkpoint from 
outputs/ctrl_009_023_ratio3_sh0_dense_mid200/ratio3_sh0_dense/f1190/splatfacto/2026-08-20_213014/nerfstudio_models/step-
000001999.ckpt
✅ Done loading checkpoint from 
outputs/ctrl_009_023_ratio3_sh0_dense_mid200/ratio3_sh0_dense/f1189/splatfacto/2026-08-20_213014/nerfstudio_models/step-
000001999.ckpt
0 Gaussians have NaN/Inf and 4 have low opacity, only export 764/768
0 Gaussians have NaN/Inf and 5 have low opacity, only export 781/786
           use color only optimization with sigmoid activation                                         splatfacto.py:266
Loading latest checkpoint from load_dir
Loading latest checkpoint from load_dir
✅ Done loading checkpoint from 
outputs/ctrl_009_023_ratio3_sh0_dense_mid200/ratio3_sh0_dense/f1192/splatfacto/2026-08-20_213014/nerfstudio_models/step-
000001999.ckpt
0 Gaussians have NaN/Inf and 3 have low opacity, only export 756/759
✅ Done loading checkpoint from 
outputs/ctrl_009_023_ratio3_sh0_dense_mid200/ratio3_sh0_dense/f1194/splatfacto/2026-08-20_213014/nerfstudio_models/step-
000001999.ckpt
0 Gaussians have NaN/Inf and 5 have low opacity, only export 790/795
[gpu1_w5] ratio3_sh0_dense__f1191 -> ok (107.8s)
[21:32:00]  Be careful with '--eval-mode=all'. If using camera optimization, the cameras    nerfstudio_dataparser.py:216
           may diverge in the current implementation, giving unpredictable results.                                     
            Be careful with '--eval-mode=all'. If using camera optimization, the cameras    nerfstudio_dataparser.py:216
           may diverge in the current implementation, giving unpredictable results.                                     
Loading latest checkpoint from load_dir
✅ Done loading checkpoint from 
outputs/ctrl_009_023_ratio3_sh0_dense_mid200/ratio3_sh0_dense/f1195/splatfacto/2026-08-20_213015/nerfstudio_models/step-
000001999.ckpt
0 Gaussians have NaN/Inf and 6 have low opacity, only export 790/796
           use color only optimization with sigmoid activation                                         splatfacto.py:266
[gpu1_w4] ratio3_sh0_dense__f1188 -> ok (109.2s)
[gpu1_w0] ratio3_sh0_dense__f1186 -> ok (109.9s)
[gpu0_w3] ratio3_sh0_dense__f1185 -> ok (111.6s)
Loading latest checkpoint from load_dir
✅ Done loading checkpoint from 
outputs/ctrl_009_023_ratio3_sh0_dense_mid200/ratio3_sh0_dense/f1193/splatfacto/2026-08-20_213015/nerfstudio_models/step-
000001999.ckpt
[gpu0_w2] ratio3_sh0_dense__f1190 -> ok (109.3s)
0 Gaussians have NaN/Inf and 6 have low opacity, only export 746/752
[gpu1_w3] ratio3_sh0_dense__f1189 -> ok (109.6s)
[gpu1_w2] ratio3_sh0_dense__f1192 -> ok (109.3s)
[gpu0_w4] ratio3_sh0_dense__f1194 -> ok (108.6s)
[gpu0_w1] ratio3_sh0_dense__f1195 -> ok (108.2s)
[gpu0_w0] ratio3_sh0_dense__f1193 -> ok (110.0s)
[21:33:51]  Be careful with '--eval-mode=all'. If using camera optimization, the cameras    nerfstudio_dataparser.py:216
           may diverge in the current implementation, giving unpredictable results.                                     
            Be careful with '--eval-mode=all'. If using camera optimization, the cameras    nerfstudio_dataparser.py:216
           may diverge in the current implementation, giving unpredictable results.                                     
[21:33:52] use color only optimization with sigmoid activation                                         splatfacto.py:266
[21:33:52]  Be careful with '--eval-mode=all'. If using camera optimization, the cameras    nerfstudio_dataparser.py:216
           may diverge in the current implementation, giving unpredictable results.                                     
            Be careful with '--eval-mode=all'. If using camera optimization, the cameras    nerfstudio_dataparser.py:216
           may diverge in the current implementation, giving unpredictable results.                                     
[21:33:53] use color only optimization with sigmoid activation                                         splatfacto.py:266
Loading latest checkpoint from load_dir
✅ Done loading checkpoint from 
outputs/ctrl_009_023_ratio3_sh0_dense_mid200/ratio3_sh0_dense/f1197/splatfacto/2026-08-20_213207/nerfstudio_models/step-
000001999.ckpt
[21:33:53]  Be careful with '--eval-mode=all'. If using camera optimization, the cameras    nerfstudio_dataparser.py:216
           may diverge in the current implementation, giving unpredictable results.                                     
            Be careful with '--eval-mode=all'. If using camera optimization, the cameras    nerfstudio_dataparser.py:216
           may diverge in the current implementation, giving unpredictable results.                                     
[21:33:53]  Be careful with '--eval-mode=all'. If using camera optimization, the cameras    nerfstudio_dataparser.py:216
           may diverge in the current implementation, giving unpredictable results.                                     
            Be careful with '--eval-mode=all'. If using camera optimization, the cameras    nerfstudio_dataparser.py:216
           may diverge in the current implementation, giving unpredictable results.                                     
           use color only optimization with sigmoid activation                                         splatfacto.py:266
           use color only optimization with sigmoid activation                                         splatfacto.py:266
[21:33:53]  Be careful with '--eval-mode=all'. If using camera optimization, the cameras    nerfstudio_dataparser.py:216
           may diverge in the current implementation, giving unpredictable results.                                     
            Be careful with '--eval-mode=all'. If using camera optimization, the cameras    nerfstudio_dataparser.py:216
           may diverge in the current implementation, giving unpredictable results.                                     
[21:33:53]  Be careful with '--eval-mode=all'. If using camera optimization, the cameras    nerfstudio_dataparser.py:216
           may diverge in the current implementation, giving unpredictable results.                                     
            Be careful with '--eval-mode=all'. If using camera optimization, the cameras    nerfstudio_dataparser.py:216
           may diverge in the current implementation, giving unpredictable results.                                     
           use color only optimization with sigmoid activation                                         splatfacto.py:266
Loading latest checkpoint from load_dir
✅ Done loading checkpoint from 
outputs/ctrl_009_023_ratio3_sh0_dense_mid200/ratio3_sh0_dense/f1199/splatfacto/2026-08-20_213208/nerfstudio_models/step-
000001999.ckpt
0 Gaussians have NaN/Inf and 2 have low opacity, only export 785/787
[21:33:54] use color only optimization with sigmoid activation                                         splatfacto.py:266
[21:33:54]  Be careful with '--eval-mode=all'. If using camera optimization, the cameras    nerfstudio_dataparser.py:216
           may diverge in the current implementation, giving unpredictable results.                                     
            Be careful with '--eval-mode=all'. If using camera optimization, the cameras    nerfstudio_dataparser.py:216
           may diverge in the current implementation, giving unpredictable results.                                     
Loading latest checkpoint from load_dir
Loading latest checkpoint from load_dir
✅ Done loading checkpoint from 
outputs/ctrl_009_023_ratio3_sh0_dense_mid200/ratio3_sh0_dense/f1200/splatfacto/2026-08-20_213208/nerfstudio_models/step-
000001999.ckpt
0 Gaussians have NaN/Inf and 2 have low opacity, only export 790/792
✅ Done loading checkpoint from 
outputs/ctrl_009_023_ratio3_sh0_dense_mid200/ratio3_sh0_dense/f1196/splatfacto/2026-08-20_213208/nerfstudio_models/step-
000001999.ckpt
0 Gaussians have NaN/Inf and 5 have low opacity, only export 740/745
           use color only optimization with sigmoid activation                                         splatfacto.py:266
[21:33:54]  Be careful with '--eval-mode=all'. If using camera optimization, the cameras    nerfstudio_dataparser.py:216
           may diverge in the current implementation, giving unpredictable results.                                     
            Be careful with '--eval-mode=all'. If using camera optimization, the cameras    nerfstudio_dataparser.py:216
           may diverge in the current implementation, giving unpredictable results.                                     
Loading latest checkpoint from load_dir
✅ Done loading checkpoint from 
outputs/ctrl_009_023_ratio3_sh0_dense_mid200/ratio3_sh0_dense/f1206/splatfacto/2026-08-20_213209/nerfstudio_models/step-
000001999.ckpt
[21:33:54]  Be careful with '--eval-mode=all'. If using camera optimization, the cameras    nerfstudio_dataparser.py:216
           may diverge in the current implementation, giving unpredictable results.                                     
0 Gaussians have NaN/Inf and 3 have low opacity, only export 812/815
            Be careful with '--eval-mode=all'. If using camera optimization, the cameras    nerfstudio_dataparser.py:216
           may diverge in the current implementation, giving unpredictable results.                                     
[21:33:54]  Be careful with '--eval-mode=all'. If using camera optimization, the cameras    nerfstudio_dataparser.py:216
           may diverge in the current implementation, giving unpredictable results.                                     
            Be careful with '--eval-mode=all'. If using camera optimization, the cameras    nerfstudio_dataparser.py:216
           may diverge in the current implementation, giving unpredictable results.                                     
[21:33:55] use color only optimization with sigmoid activation                                         splatfacto.py:266
Loading latest checkpoint from load_dir
✅ Done loading checkpoint from 
outputs/ctrl_009_023_ratio3_sh0_dense_mid200/ratio3_sh0_dense/f1205/splatfacto/2026-08-20_213209/nerfstudio_models/step-
000001999.ckpt
0 Gaussians have NaN/Inf and 5 have low opacity, only export 769/774
[21:33:55] use color only optimization with sigmoid activation                                         splatfacto.py:266
[21:33:55] use color only optimization with sigmoid activation                                         splatfacto.py:266
[gpu0_w5] ratio3_sh0_dense__f1197 -> ok (109.8s)
Loading latest checkpoint from load_dir
✅ Done loading checkpoint from 
outputs/ctrl_009_023_ratio3_sh0_dense_mid200/ratio3_sh0_dense/f1203/splatfacto/2026-08-20_213209/nerfstudio_models/step-
000001999.ckpt
0 Gaussians have NaN/Inf and 1 have low opacity, only export 779/780
[21:33:55]  Be careful with '--eval-mode=all'. If using camera optimization, the cameras    nerfstudio_dataparser.py:216
           may diverge in the current implementation, giving unpredictable results.                                     
            Be careful with '--eval-mode=all'. If using camera optimization, the cameras    nerfstudio_dataparser.py:216
           may diverge in the current implementation, giving unpredictable results.                                     
           use color only optimization with sigmoid activation                                         splatfacto.py:266
Loading latest checkpoint from load_dir
Loading latest checkpoint from load_dir
Loading latest checkpoint from load_dir
✅ Done loading checkpoint from 
outputs/ctrl_009_023_ratio3_sh0_dense_mid200/ratio3_sh0_dense/f1202/splatfacto/2026-08-20_213210/nerfstudio_models/step-
000001999.ckpt
✅ Done loading checkpoint from 
outputs/ctrl_009_023_ratio3_sh0_dense_mid200/ratio3_sh0_dense/f1198/splatfacto/2026-08-20_213208/nerfstudio_models/step-
000001999.ckpt
✅ Done loading checkpoint from 
outputs/ctrl_009_023_ratio3_sh0_dense_mid200/ratio3_sh0_dense/f1201/splatfacto/2026-08-20_213210/nerfstudio_models/step-
000001999.ckpt
0 Gaussians have NaN/Inf and 2 have low opacity, only export 718/720
0 Gaussians have NaN/Inf and 1 have low opacity, only export 856/857
0 Gaussians have NaN/Inf and 4 have low opacity, only export 850/854
[gpu1_w4] ratio3_sh0_dense__f1199 -> ok (109.1s)
[gpu1_w0] ratio3_sh0_dense__f1200 -> ok (109.1s)
[gpu1_w1] ratio3_sh0_dense__f1196 -> ok (111.5s)
Loading latest checkpoint from load_dir
✅ Done loading checkpoint from 
outputs/ctrl_009_023_ratio3_sh0_dense_mid200/ratio3_sh0_dense/f1204/splatfacto/2026-08-20_213210/nerfstudio_models/step-
000001999.ckpt
0 Gaussians have NaN/Inf and 9 have low opacity, only export 771/780
[gpu0_w1] ratio3_sh0_dense__f1206 -> ok (107.8s)
[gpu0_w4] ratio3_sh0_dense__f1205 -> ok (108.4s)
[21:33:57]  Be careful with '--eval-mode=all'. If using camera optimization, the cameras    nerfstudio_dataparser.py:216
           may diverge in the current implementation, giving unpredictable results.                                     
            Be careful with '--eval-mode=all'. If using camera optimization, the cameras    nerfstudio_dataparser.py:216
           may diverge in the current implementation, giving unpredictable results.                                     
[gpu1_w3] ratio3_sh0_dense__f1203 -> ok (108.8s)
           use color only optimization with sigmoid activation                                         splatfacto.py:266
Loading latest checkpoint from load_dir
✅ Done loading checkpoint from 
outputs/ctrl_009_023_ratio3_sh0_dense_mid200/ratio3_sh0_dense/f1207/splatfacto/2026-08-20_213211/nerfstudio_models/step-
000001999.ckpt
0 Gaussians have NaN/Inf and 4 have low opacity, only export 802/806
[gpu0_w2] ratio3_sh0_dense__f1202 -> ok (109.8s)
[gpu0_w3] ratio3_sh0_dense__f1201 -> ok (110.2s)
[gpu1_w5] ratio3_sh0_dense__f1198 -> ok (111.2s)
[gpu1_w2] ratio3_sh0_dense__f1204 -> ok (110.0s)
[gpu0_w0] ratio3_sh0_dense__f1207 -> ok (109.9s)
[21:35:48]  Be careful with '--eval-mode=all'. If using camera optimization, the cameras    nerfstudio_dataparser.py:216
           may diverge in the current implementation, giving unpredictable results.                                     
            Be careful with '--eval-mode=all'. If using camera optimization, the cameras    nerfstudio_dataparser.py:216
           may diverge in the current implementation, giving unpredictable results.                                     
           use color only optimization with sigmoid activation                                         splatfacto.py:266
[21:35:49]  Be careful with '--eval-mode=all'. If using camera optimization, the cameras    nerfstudio_dataparser.py:216
           may diverge in the current implementation, giving unpredictable results.                                     
            Be careful with '--eval-mode=all'. If using camera optimization, the cameras    nerfstudio_dataparser.py:216
           may diverge in the current implementation, giving unpredictable results.                                     
[21:35:49]  Be careful with '--eval-mode=all'. If using camera optimization, the cameras    nerfstudio_dataparser.py:216
           may diverge in the current implementation, giving unpredictable results.                                     
            Be careful with '--eval-mode=all'. If using camera optimization, the cameras    nerfstudio_dataparser.py:216
           may diverge in the current implementation, giving unpredictable results.                                     
Loading latest checkpoint from load_dir
✅ Done loading checkpoint from 
outputs/ctrl_009_023_ratio3_sh0_dense_mid200/ratio3_sh0_dense/f1208/splatfacto/2026-08-20_213403/nerfstudio_models/step-
000001999.ckpt
0 Gaussians have NaN/Inf and 3 have low opacity, only export 725/728
           use color only optimization with sigmoid activation                                         splatfacto.py:266
           use color only optimization with sigmoid activation                                         splatfacto.py:266
[21:35:49]  Be careful with '--eval-mode=all'. If using camera optimization, the cameras    nerfstudio_dataparser.py:216
           may diverge in the current implementation, giving unpredictable results.                                     
            Be careful with '--eval-mode=all'. If using camera optimization, the cameras    nerfstudio_dataparser.py:216
           may diverge in the current implementation, giving unpredictable results.                                     
[21:35:50]  Be careful with '--eval-mode=all'. If using camera optimization, the cameras    nerfstudio_dataparser.py:216
           may diverge in the current implementation, giving unpredictable results.                                     
            Be careful with '--eval-mode=all'. If using camera optimization, the cameras    nerfstudio_dataparser.py:216
           may diverge in the current implementation, giving unpredictable results.                                     
[21:35:50]  Be careful with '--eval-mode=all'. If using camera optimization, the cameras    nerfstudio_dataparser.py:216
           may diverge in the current implementation, giving unpredictable results.                                     
            Be careful with '--eval-mode=all'. If using camera optimization, the cameras    nerfstudio_dataparser.py:216
           may diverge in the current implementation, giving unpredictable results.                                     
[21:35:50] use color only optimization with sigmoid activation                                         splatfacto.py:266
           use color only optimization with sigmoid activation                                         splatfacto.py:266
           use color only optimization with sigmoid activation                                         splatfacto.py:266
[21:35:50]  Be careful with '--eval-mode=all'. If using camera optimization, the cameras    nerfstudio_dataparser.py:216
           may diverge in the current implementation, giving unpredictable results.                                     
            Be careful with '--eval-mode=all'. If using camera optimization, the cameras    nerfstudio_dataparser.py:216
           may diverge in the current implementation, giving unpredictable results.                                     
Loading latest checkpoint from load_dir
✅ Done loading checkpoint from 
outputs/ctrl_009_023_ratio3_sh0_dense_mid200/ratio3_sh0_dense/f1217/splatfacto/2026-08-20_213405/nerfstudio_models/step-
000001999.ckpt
0 Gaussians have NaN/Inf and 2 have low opacity, only export 923/925
Loading latest checkpoint from load_dir
[21:35:50]  Be careful with '--eval-mode=all'. If using camera optimization, the cameras    nerfstudio_dataparser.py:216
           may diverge in the current implementation, giving unpredictable results.                                     
            Be careful with '--eval-mode=all'. If using camera optimization, the cameras    nerfstudio_dataparser.py:216
           may diverge in the current implementation, giving unpredictable results.                                     
✅ Done loading checkpoint from 
outputs/ctrl_009_023_ratio3_sh0_dense_mid200/ratio3_sh0_dense/f1216/splatfacto/2026-08-20_213404/nerfstudio_models/step-
000001999.ckpt
           use color only optimization with sigmoid activation                                         splatfacto.py:266
           use color only optimization with sigmoid activation                                         splatfacto.py:266
Loading latest checkpoint from load_dir
✅ Done loading checkpoint from 
outputs/ctrl_009_023_ratio3_sh0_dense_mid200/ratio3_sh0_dense/f1214/splatfacto/2026-08-20_213405/nerfstudio_models/step-
000001999.ckpt
0 Gaussians have NaN/Inf and 1 have low opacity, only export 832/833
Loading latest checkpoint from load_dir
✅ Done loading checkpoint from 
outputs/ctrl_009_023_ratio3_sh0_dense_mid200/ratio3_sh0_dense/f1211/splatfacto/2026-08-20_213405/nerfstudio_models/step-
000001999.ckpt
[21:35:51]  Be careful with '--eval-mode=all'. If using camera optimization, the cameras    nerfstudio_dataparser.py:216
           may diverge in the current implementation, giving unpredictable results.                                     
            Be careful with '--eval-mode=all'. If using camera optimization, the cameras    nerfstudio_dataparser.py:216
           may diverge in the current implementation, giving unpredictable results.                                     
Loading latest checkpoint from load_dir
✅ Done loading checkpoint from 
outputs/ctrl_009_023_ratio3_sh0_dense_mid200/ratio3_sh0_dense/f1213/splatfacto/2026-08-20_213405/nerfstudio_models/step-
000001999.ckpt
0 Gaussians have NaN/Inf and 3 have low opacity, only export 889/892
           use color only optimization with sigmoid activation                                         splatfacto.py:266
[gpu0_w5] ratio3_sh0_dense__f1208 -> ok (110.4s)
[21:35:51]  Be careful with '--eval-mode=all'. If using camera optimization, the cameras    nerfstudio_dataparser.py:216
           may diverge in the current implementation, giving unpredictable results.                                     
            Be careful with '--eval-mode=all'. If using camera optimization, the cameras    nerfstudio_dataparser.py:216
           may diverge in the current implementation, giving unpredictable results.                                     
Loading latest checkpoint from load_dir
✅ Done loading checkpoint from 
outputs/ctrl_009_023_ratio3_sh0_dense_mid200/ratio3_sh0_dense/f1215/splatfacto/2026-08-20_213406/nerfstudio_models/step-
000001999.ckpt
Loading latest checkpoint from load_dir
✅ Done loading checkpoint from 
outputs/ctrl_009_023_ratio3_sh0_dense_mid200/ratio3_sh0_dense/f1209/splatfacto/2026-08-20_213404/nerfstudio_models/step-
000001999.ckpt
           use color only optimization with sigmoid activation                                         splatfacto.py:266
[21:35:51]  Be careful with '--eval-mode=all'. If using camera optimization, the cameras    nerfstudio_dataparser.py:216
           may diverge in the current implementation, giving unpredictable results.                                     
            Be careful with '--eval-mode=all'. If using camera optimization, the cameras    nerfstudio_dataparser.py:216
           may diverge in the current implementation, giving unpredictable results.                                     
[21:35:52] use color only optimization with sigmoid activation                                         splatfacto.py:266
[21:35:52]  Be careful with '--eval-mode=all'. If using camera optimization, the cameras    nerfstudio_dataparser.py:216
           may diverge in the current implementation, giving unpredictable results.                                     
Loading latest checkpoint from load_dir
            Be careful with '--eval-mode=all'. If using camera optimization, the cameras    nerfstudio_dataparser.py:216
           may diverge in the current implementation, giving unpredictable results.                                     
✅ Done loading checkpoint from 
outputs/ctrl_009_023_ratio3_sh0_dense_mid200/ratio3_sh0_dense/f1212/splatfacto/2026-08-20_213405/nerfstudio_models/step-
000001999.ckpt
           use color only optimization with sigmoid activation                                         splatfacto.py:266
Loading latest checkpoint from load_dir
✅ Done loading checkpoint from 
outputs/ctrl_009_023_ratio3_sh0_dense_mid200/ratio3_sh0_dense/f1218/splatfacto/2026-08-20_213407/nerfstudio_models/step-
000001999.ckpt
0 Gaussians have NaN/Inf and 1 have low opacity, only export 909/910
[gpu0_w3] ratio3_sh0_dense__f1216 -> ok (108.7s)
[gpu1_w5] ratio3_sh0_dense__f1217 -> ok (108.8s)
Loading latest checkpoint from load_dir
✅ Done loading checkpoint from 
outputs/ctrl_009_023_ratio3_sh0_dense_mid200/ratio3_sh0_dense/f1210/splatfacto/2026-08-20_213405/nerfstudio_models/step-
000001999.ckpt
0 Gaussians have NaN/Inf and 1 have low opacity, only export 797/798
[gpu1_w3] ratio3_sh0_dense__f1214 -> ok (110.1s)
[gpu0_w4] ratio3_sh0_dense__f1213 -> ok (110.3s)
[gpu1_w1] ratio3_sh0_dense__f1211 -> ok (110.8s)
Loading latest checkpoint from load_dir
✅ Done loading checkpoint from 
outputs/ctrl_009_023_ratio3_sh0_dense_mid200/ratio3_sh0_dense/f1219/splatfacto/2026-08-20_213408/nerfstudio_models/step-
000001999.ckpt
[gpu0_w2] ratio3_sh0_dense__f1215 -> ok (109.6s)
[gpu1_w4] ratio3_sh0_dense__f1209 -> ok (111.4s)
[gpu0_w1] ratio3_sh0_dense__f1212 -> ok (111.6s)
[gpu1_w2] ratio3_sh0_dense__f1218 -> ok (110.1s)
[gpu1_w0] ratio3_sh0_dense__f1210 -> ok (112.2s)
[gpu0_w0] ratio3_sh0_dense__f1219 -> ok (109.5s)
[21:37:46]  Be careful with '--eval-mode=all'. If using camera optimization, the cameras    nerfstudio_dataparser.py:216
           may diverge in the current implementation, giving unpredictable results.                                     
            Be careful with '--eval-mode=all'. If using camera optimization, the cameras    nerfstudio_dataparser.py:216
           may diverge in the current implementation, giving unpredictable results.                                     
           use color only optimization with sigmoid activation                                         splatfacto.py:266
Loading latest checkpoint from load_dir
✅ Done loading checkpoint from 
outputs/ctrl_009_023_ratio3_sh0_dense_mid200/ratio3_sh0_dense/f1220/splatfacto/2026-08-20_213602/nerfstudio_models/step-
000001999.ckpt
[21:37:47]  Be careful with '--eval-mode=all'. If using camera optimization, the cameras    nerfstudio_dataparser.py:216
           may diverge in the current implementation, giving unpredictable results.                                     
            Be careful with '--eval-mode=all'. If using camera optimization, the cameras    nerfstudio_dataparser.py:216
           may diverge in the current implementation, giving unpredictable results.                                     
           use color only optimization with sigmoid activation                                         splatfacto.py:266
Loading latest checkpoint from load_dir
✅ Done loading checkpoint from 
outputs/ctrl_009_023_ratio3_sh0_dense_mid200/ratio3_sh0_dense/f1227/splatfacto/2026-08-20_213604/nerfstudio_models/step-
000001999.ckpt
0 Gaussians have NaN/Inf and 1 have low opacity, only export 874/875
[21:37:48]  Be careful with '--eval-mode=all'. If using camera optimization, the cameras    nerfstudio_dataparser.py:216
           may diverge in the current implementation, giving unpredictable results.                                     
            Be careful with '--eval-mode=all'. If using camera optimization, the cameras    nerfstudio_dataparser.py:216
           may diverge in the current implementation, giving unpredictable results.                                     
[21:37:48]  Be careful with '--eval-mode=all'. If using camera optimization, the cameras    nerfstudio_dataparser.py:216
           may diverge in the current implementation, giving unpredictable results.                                     
            Be careful with '--eval-mode=all'. If using camera optimization, the cameras    nerfstudio_dataparser.py:216
           may diverge in the current implementation, giving unpredictable results.                                     
           use color only optimization with sigmoid activation                                         splatfacto.py:266
[21:37:48]  Be careful with '--eval-mode=all'. If using camera optimization, the cameras    nerfstudio_dataparser.py:216
           may diverge in the current implementation, giving unpredictable results.                                     
            Be careful with '--eval-mode=all'. If using camera optimization, the cameras    nerfstudio_dataparser.py:216
           may diverge in the current implementation, giving unpredictable results.                                     
           use color only optimization with sigmoid activation                                         splatfacto.py:266
           use color only optimization with sigmoid activation                                         splatfacto.py:266
[21:37:48]  Be careful with '--eval-mode=all'. If using camera optimization, the cameras    nerfstudio_dataparser.py:216
           may diverge in the current implementation, giving unpredictable results.                                     
            Be careful with '--eval-mode=all'. If using camera optimization, the cameras    nerfstudio_dataparser.py:216
           may diverge in the current implementation, giving unpredictable results.                                     
[21:37:49] use color only optimization with sigmoid activation                                         splatfacto.py:266
[gpu0_w5] ratio3_sh0_dense__f1220 -> ok (110.1s)
[21:37:49]  Be careful with '--eval-mode=all'. If using camera optimization, the cameras    nerfstudio_dataparser.py:216
           may diverge in the current implementation, giving unpredictable results.                                     
            Be careful with '--eval-mode=all'. If using camera optimization, the cameras    nerfstudio_dataparser.py:216
           may diverge in the current implementation, giving unpredictable results.                                     
           use color only optimization with sigmoid activation                                         splatfacto.py:266
[21:37:49]  Be careful with '--eval-mode=all'. If using camera optimization, the cameras    nerfstudio_dataparser.py:216
           may diverge in the current implementation, giving unpredictable results.                                     
            Be careful with '--eval-mode=all'. If using camera optimization, the cameras    nerfstudio_dataparser.py:216
           may diverge in the current implementation, giving unpredictable results.                                     
Loading latest checkpoint from load_dir
✅ Done loading checkpoint from 
outputs/ctrl_009_023_ratio3_sh0_dense_mid200/ratio3_sh0_dense/f1223/splatfacto/2026-08-20_213603/nerfstudio_models/step-
000001999.ckpt
[21:37:49]  Be careful with '--eval-mode=all'. If using camera optimization, the cameras    nerfstudio_dataparser.py:216
           may diverge in the current implementation, giving unpredictable results.                                     
            Be careful with '--eval-mode=all'. If using camera optimization, the cameras    nerfstudio_dataparser.py:216
           may diverge in the current implementation, giving unpredictable results.                                     
Loading latest checkpoint from load_dir
✅ Done loading checkpoint from 
outputs/ctrl_009_023_ratio3_sh0_dense_mid200/ratio3_sh0_dense/f1225/splatfacto/2026-08-20_213603/nerfstudio_models/step-
000001999.ckpt
0 Gaussians have NaN/Inf and 2 have low opacity, only export 894/896
           use color only optimization with sigmoid activation                                         splatfacto.py:266
[21:37:49]  Be careful with '--eval-mode=all'. If using camera optimization, the cameras    nerfstudio_dataparser.py:216
           may diverge in the current implementation, giving unpredictable results.                                     
            Be careful with '--eval-mode=all'. If using camera optimization, the cameras    nerfstudio_dataparser.py:216
           may diverge in the current implementation, giving unpredictable results.                                     
           use color only optimization with sigmoid activation                                         splatfacto.py:266
Loading latest checkpoint from load_dir
✅ Done loading checkpoint from 
outputs/ctrl_009_023_ratio3_sh0_dense_mid200/ratio3_sh0_dense/f1224/splatfacto/2026-08-20_213603/nerfstudio_models/step-
000001999.ckpt
0 Gaussians have NaN/Inf and 1 have low opacity, only export 861/862
[21:37:49]  Be careful with '--eval-mode=all'. If using camera optimization, the cameras    nerfstudio_dataparser.py:216
           may diverge in the current implementation, giving unpredictable results.                                     
            Be careful with '--eval-mode=all'. If using camera optimization, the cameras    nerfstudio_dataparser.py:216
           may diverge in the current implementation, giving unpredictable results.                                     
           use color only optimization with sigmoid activation                                         splatfacto.py:266
Loading latest checkpoint from load_dir
✅ Done loading checkpoint from 
outputs/ctrl_009_023_ratio3_sh0_dense_mid200/ratio3_sh0_dense/f1222/splatfacto/2026-08-20_213603/nerfstudio_models/step-
000001999.ckpt
0 Gaussians have NaN/Inf and 2 have low opacity, only export 886/888
[21:37:50] use color only optimization with sigmoid activation                                         splatfacto.py:266
[gpu1_w4] ratio3_sh0_dense__f1227 -> ok (108.9s)
Loading latest checkpoint from load_dir
[21:37:50]  Be careful with '--eval-mode=all'. If using camera optimization, the cameras    nerfstudio_dataparser.py:216
           may diverge in the current implementation, giving unpredictable results.                                     
            Be careful with '--eval-mode=all'. If using camera optimization, the cameras    nerfstudio_dataparser.py:216
           may diverge in the current implementation, giving unpredictable results.                                     
✅ Done loading checkpoint from 
outputs/ctrl_009_023_ratio3_sh0_dense_mid200/ratio3_sh0_dense/f1230/splatfacto/2026-08-20_213604/nerfstudio_models/step-
000001999.ckpt
0 Gaussians have NaN/Inf and 2 have low opacity, only export 916/918
           use color only optimization with sigmoid activation                                         splatfacto.py:266
Loading latest checkpoint from load_dir
✅ Done loading checkpoint from 
outputs/ctrl_009_023_ratio3_sh0_dense_mid200/ratio3_sh0_dense/f1229/splatfacto/2026-08-20_213604/nerfstudio_models/step-
000001999.ckpt
0 Gaussians have NaN/Inf and 2 have low opacity, only export 948/950
Loading latest checkpoint from load_dir
✅ Done loading checkpoint from 
outputs/ctrl_009_023_ratio3_sh0_dense_mid200/ratio3_sh0_dense/f1231/splatfacto/2026-08-20_213605/nerfstudio_models/step-
000001999.ckpt
0 Gaussians have NaN/Inf and 2 have low opacity, only export 914/916
Loading latest checkpoint from load_dir
✅ Done loading checkpoint from 
outputs/ctrl_009_023_ratio3_sh0_dense_mid200/ratio3_sh0_dense/f1228/splatfacto/2026-08-20_213604/nerfstudio_models/step-
000001999.ckpt
0 Gaussians have NaN/Inf and 4 have low opacity, only export 859/863
Loading latest checkpoint from load_dir
✅ Done loading checkpoint from 
outputs/ctrl_009_023_ratio3_sh0_dense_mid200/ratio3_sh0_dense/f1226/splatfacto/2026-08-20_213604/nerfstudio_models/step-
000001999.ckpt
0 Gaussians have NaN/Inf and 2 have low opacity, only export 866/868
Loading latest checkpoint from load_dir
✅ Done loading checkpoint from 
outputs/ctrl_009_023_ratio3_sh0_dense_mid200/ratio3_sh0_dense/f1221/splatfacto/2026-08-20_213603/nerfstudio_models/step-
000001999.ckpt
0 Gaussians have NaN/Inf and 1 have low opacity, only export 867/868
[gpu1_w3] ratio3_sh0_dense__f1223 -> ok (110.9s)
[gpu1_w1] ratio3_sh0_dense__f1225 -> ok (111.1s)
[gpu0_w4] ratio3_sh0_dense__f1224 -> ok (111.1s)
[gpu1_w5] ratio3_sh0_dense__f1222 -> ok (111.6s)
[gpu1_w0] ratio3_sh0_dense__f1230 -> ok (110.1s)
[gpu1_w2] ratio3_sh0_dense__f1229 -> ok (110.5s)
[gpu0_w0] ratio3_sh0_dense__f1231 -> ok (109.9s)
[gpu0_w1] ratio3_sh0_dense__f1228 -> ok (110.8s)
[gpu0_w2] ratio3_sh0_dense__f1226 -> ok (111.8s)
[gpu0_w3] ratio3_sh0_dense__f1221 -> ok (112.7s)
[21:39:42]  Be careful with '--eval-mode=all'. If using camera optimization, the cameras    nerfstudio_dataparser.py:216
           may diverge in the current implementation, giving unpredictable results.                                     
            Be careful with '--eval-mode=all'. If using camera optimization, the cameras    nerfstudio_dataparser.py:216
           may diverge in the current implementation, giving unpredictable results.                                     
[21:39:42]  Be careful with '--eval-mode=all'. If using camera optimization, the cameras    nerfstudio_dataparser.py:216
           may diverge in the current implementation, giving unpredictable results.                                     
            Be careful with '--eval-mode=all'. If using camera optimization, the cameras    nerfstudio_dataparser.py:216
           may diverge in the current implementation, giving unpredictable results.                                     
[21:39:42]  Be careful with '--eval-mode=all'. If using camera optimization, the cameras    nerfstudio_dataparser.py:216
           may diverge in the current implementation, giving unpredictable results.                                     
            Be careful with '--eval-mode=all'. If using camera optimization, the cameras    nerfstudio_dataparser.py:216
           may diverge in the current implementation, giving unpredictable results.                                     
           use color only optimization with sigmoid activation                                         splatfacto.py:266
           use color only optimization with sigmoid activation                                         splatfacto.py:266
           use color only optimization with sigmoid activation                                         splatfacto.py:266
[21:39:42]  Be careful with '--eval-mode=all'. If using camera optimization, the cameras    nerfstudio_dataparser.py:216
           may diverge in the current implementation, giving unpredictable results.                                     
            Be careful with '--eval-mode=all'. If using camera optimization, the cameras    nerfstudio_dataparser.py:216
           may diverge in the current implementation, giving unpredictable results.                                     
           use color only optimization with sigmoid activation                                         splatfacto.py:266
[21:39:42]  Be careful with '--eval-mode=all'. If using camera optimization, the cameras    nerfstudio_dataparser.py:216
           may diverge in the current implementation, giving unpredictable results.                                     
            Be careful with '--eval-mode=all'. If using camera optimization, the cameras    nerfstudio_dataparser.py:216
           may diverge in the current implementation, giving unpredictable results.                                     
[21:39:43] use color only optimization with sigmoid activation                                         splatfacto.py:266
Loading latest checkpoint from load_dir
✅ Done loading checkpoint from 
outputs/ctrl_009_023_ratio3_sh0_dense_mid200/ratio3_sh0_dense/f1232/splatfacto/2026-08-20_213758/nerfstudio_models/step-
000001999.ckpt
0 Gaussians have NaN/Inf and 2 have low opacity, only export 871/873
Loading latest checkpoint from load_dir
✅ Done loading checkpoint from 
outputs/ctrl_009_023_ratio3_sh0_dense_mid200/ratio3_sh0_dense/f1237/splatfacto/2026-08-20_213800/nerfstudio_models/step-
000001999.ckpt
Loading latest checkpoint from load_dir
0 Gaussians have NaN/Inf and 1 have low opacity, only export 760/761
✅ Done loading checkpoint from 
outputs/ctrl_009_023_ratio3_sh0_dense_mid200/ratio3_sh0_dense/f1242/splatfacto/2026-08-20_213800/nerfstudio_models/step-
000001999.ckpt
0 Gaussians have NaN/Inf and 5 have low opacity, only export 764/769
Loading latest checkpoint from load_dir
[21:39:43]  Be careful with '--eval-mode=all'. If using camera optimization, the cameras    nerfstudio_dataparser.py:216
           may diverge in the current implementation, giving unpredictable results.                                     
            Be careful with '--eval-mode=all'. If using camera optimization, the cameras    nerfstudio_dataparser.py:216
           may diverge in the current implementation, giving unpredictable results.                                     
✅ Done loading checkpoint from 
outputs/ctrl_009_023_ratio3_sh0_dense_mid200/ratio3_sh0_dense/f1233/splatfacto/2026-08-20_213759/nerfstudio_models/step-
000001999.ckpt
0 Gaussians have NaN/Inf and 2 have low opacity, only export 895/897
           use color only optimization with sigmoid activation                                         splatfacto.py:266
Loading latest checkpoint from load_dir
✅ Done loading checkpoint from 
outputs/ctrl_009_023_ratio3_sh0_dense_mid200/ratio3_sh0_dense/f1236/splatfacto/2026-08-20_213759/nerfstudio_models/step-
000001999.ckpt
0 Gaussians have NaN/Inf and 1 have low opacity, only export 753/754
[21:39:44]  Be careful with '--eval-mode=all'. If using camera optimization, the cameras    nerfstudio_dataparser.py:216
           may diverge in the current implementation, giving unpredictable results.                                     
            Be careful with '--eval-mode=all'. If using camera optimization, the cameras    nerfstudio_dataparser.py:216
           may diverge in the current implementation, giving unpredictable results.                                     
           use color only optimization with sigmoid activation                                         splatfacto.py:266
[21:39:44]  Be careful with '--eval-mode=all'. If using camera optimization, the cameras    nerfstudio_dataparser.py:216
           may diverge in the current implementation, giving unpredictable results.                                     
            Be careful with '--eval-mode=all'. If using camera optimization, the cameras    nerfstudio_dataparser.py:216
           may diverge in the current implementation, giving unpredictable results.                                     
           use color only optimization with sigmoid activation                                         splatfacto.py:266
Loading latest checkpoint from load_dir
✅ Done loading checkpoint from 
outputs/ctrl_009_023_ratio3_sh0_dense_mid200/ratio3_sh0_dense/f1235/splatfacto/2026-08-20_213758/nerfstudio_models/step-
000001999.ckpt
0 Gaussians have NaN/Inf and 1 have low opacity, only export 843/844
[21:39:45]  Be careful with '--eval-mode=all'. If using camera optimization, the cameras    nerfstudio_dataparser.py:216
           may diverge in the current implementation, giving unpredictable results.                                     
            Be careful with '--eval-mode=all'. If using camera optimization, the cameras    nerfstudio_dataparser.py:216
           may diverge in the current implementation, giving unpredictable results.                                     
[21:39:45]  Be careful with '--eval-mode=all'. If using camera optimization, the cameras    nerfstudio_dataparser.py:216
           may diverge in the current implementation, giving unpredictable results.                                     
            Be careful with '--eval-mode=all'. If using camera optimization, the cameras    nerfstudio_dataparser.py:216
           may diverge in the current implementation, giving unpredictable results.                                     
           use color only optimization with sigmoid activation                                         splatfacto.py:266
Loading latest checkpoint from load_dir
✅ Done loading checkpoint from 
outputs/ctrl_009_023_ratio3_sh0_dense_mid200/ratio3_sh0_dense/f1241/splatfacto/2026-08-20_213801/nerfstudio_models/step-
000001999.ckpt
0 Gaussians have NaN/Inf and 5 have low opacity, only export 752/757
[gpu0_w5] ratio3_sh0_dense__f1232 -> ok (110.5s)
[gpu1_w5] ratio3_sh0_dense__f1237 -> ok (107.7s)
           use color only optimization with sigmoid activation                                         splatfacto.py:266
[21:39:45]  Be careful with '--eval-mode=all'. If using camera optimization, the cameras    nerfstudio_dataparser.py:216
           may diverge in the current implementation, giving unpredictable results.                                     
            Be careful with '--eval-mode=all'. If using camera optimization, the cameras    nerfstudio_dataparser.py:216
           may diverge in the current implementation, giving unpredictable results.                                     
[gpu0_w2] ratio3_sh0_dense__f1242 -> ok (106.8s)
           use color only optimization with sigmoid activation                                         splatfacto.py:266
Loading latest checkpoint from load_dir
✅ Done loading checkpoint from 
outputs/ctrl_009_023_ratio3_sh0_dense_mid200/ratio3_sh0_dense/f1238/splatfacto/2026-08-20_213800/nerfstudio_models/step-
000001999.ckpt
[gpu1_w4] ratio3_sh0_dense__f1233 -> ok (109.9s)
0 Gaussians have NaN/Inf and 2 have low opacity, only export 756/758
Loading latest checkpoint from load_dir
✅ Done loading checkpoint from 
outputs/ctrl_009_023_ratio3_sh0_dense_mid200/ratio3_sh0_dense/f1240/splatfacto/2026-08-20_213801/nerfstudio_models/step-
000001999.ckpt
0 Gaussians have NaN/Inf and 4 have low opacity, only export 699/703
[gpu0_w4] ratio3_sh0_dense__f1236 -> ok (108.6s)
[21:39:46]  Be careful with '--eval-mode=all'. If using camera optimization, the cameras    nerfstudio_dataparser.py:216
           may diverge in the current implementation, giving unpredictable results.                                     
            Be careful with '--eval-mode=all'. If using camera optimization, the cameras    nerfstudio_dataparser.py:216
           may diverge in the current implementation, giving unpredictable results.                                     
Loading latest checkpoint from load_dir
✅ Done loading checkpoint from 
outputs/ctrl_009_023_ratio3_sh0_dense_mid200/ratio3_sh0_dense/f1239/splatfacto/2026-08-20_213800/nerfstudio_models/step-
000001999.ckpt
0 Gaussians have NaN/Inf and 4 have low opacity, only export 749/753
           use color only optimization with sigmoid activation                                         splatfacto.py:266
Loading latest checkpoint from load_dir
✅ Done loading checkpoint from 
outputs/ctrl_009_023_ratio3_sh0_dense_mid200/ratio3_sh0_dense/f1234/splatfacto/2026-08-20_213800/nerfstudio_models/step-
000001999.ckpt
0 Gaussians have NaN/Inf and 1 have low opacity, only export 796/797
[gpu1_w1] ratio3_sh0_dense__f1235 -> ok (109.3s)
[gpu0_w1] ratio3_sh0_dense__f1241 -> ok (108.9s)
Loading latest checkpoint from load_dir
✅ Done loading checkpoint from 
outputs/ctrl_009_023_ratio3_sh0_dense_mid200/ratio3_sh0_dense/f1243/splatfacto/2026-08-20_213800/nerfstudio_models/step-
000001999.ckpt
0 Gaussians have NaN/Inf and 3 have low opacity, only export 620/623
[gpu1_w0] ratio3_sh0_dense__f1238 -> ok (109.8s)
[gpu0_w0] ratio3_sh0_dense__f1240 -> ok (110.1s)
[gpu1_w2] ratio3_sh0_dense__f1239 -> ok (110.2s)
[gpu1_w3] ratio3_sh0_dense__f1234 -> ok (111.3s)
[gpu0_w3] ratio3_sh0_dense__f1243 -> ok (110.5s)
[21:41:39]  Be careful with '--eval-mode=all'. If using camera optimization, the cameras    nerfstudio_dataparser.py:216
           may diverge in the current implementation, giving unpredictable results.                                     
            Be careful with '--eval-mode=all'. If using camera optimization, the cameras    nerfstudio_dataparser.py:216
           may diverge in the current implementation, giving unpredictable results.                                     
           use color only optimization with sigmoid activation                                         splatfacto.py:266
Loading latest checkpoint from load_dir
✅ Done loading checkpoint from 
outputs/ctrl_009_023_ratio3_sh0_dense_mid200/ratio3_sh0_dense/f1246/splatfacto/2026-08-20_213955/nerfstudio_models/step-
000001999.ckpt
0 Gaussians have NaN/Inf and 3 have low opacity, only export 707/710
[21:41:41]  Be careful with '--eval-mode=all'. If using camera optimization, the cameras    nerfstudio_dataparser.py:216
           may diverge in the current implementation, giving unpredictable results.                                     
            Be careful with '--eval-mode=all'. If using camera optimization, the cameras    nerfstudio_dataparser.py:216
           may diverge in the current implementation, giving unpredictable results.                                     
[21:41:41]  Be careful with '--eval-mode=all'. If using camera optimization, the cameras    nerfstudio_dataparser.py:216
           may diverge in the current implementation, giving unpredictable results.                                     
            Be careful with '--eval-mode=all'. If using camera optimization, the cameras    nerfstudio_dataparser.py:216
           may diverge in the current implementation, giving unpredictable results.                                     
           use color only optimization with sigmoid activation                                         splatfacto.py:266
           use color only optimization with sigmoid activation                                         splatfacto.py:266
[21:41:41]  Be careful with '--eval-mode=all'. If using camera optimization, the cameras    nerfstudio_dataparser.py:216
           may diverge in the current implementation, giving unpredictable results.                                     
            Be careful with '--eval-mode=all'. If using camera optimization, the cameras    nerfstudio_dataparser.py:216
           may diverge in the current implementation, giving unpredictable results.                                     
[21:41:41]  Be careful with '--eval-mode=all'. If using camera optimization, the cameras    nerfstudio_dataparser.py:216
           may diverge in the current implementation, giving unpredictable results.                                     
            Be careful with '--eval-mode=all'. If using camera optimization, the cameras    nerfstudio_dataparser.py:216
           may diverge in the current implementation, giving unpredictable results.                                     
           use color only optimization with sigmoid activation                                         splatfacto.py:266
           use color only optimization with sigmoid activation                                         splatfacto.py:266
[21:41:42]  Be careful with '--eval-mode=all'. If using camera optimization, the cameras    nerfstudio_dataparser.py:216
           may diverge in the current implementation, giving unpredictable results.                                     
            Be careful with '--eval-mode=all'. If using camera optimization, the cameras    nerfstudio_dataparser.py:216
           may diverge in the current implementation, giving unpredictable results.                                     
           use color only optimization with sigmoid activation                                         splatfacto.py:266
Loading latest checkpoint from load_dir
[gpu0_w2] ratio3_sh0_dense__f1246 -> ok (109.2s)
✅ Done loading checkpoint from 
outputs/ctrl_009_023_ratio3_sh0_dense_mid200/ratio3_sh0_dense/f1247/splatfacto/2026-08-20_213956/nerfstudio_models/step-
000001999.ckpt
0 Gaussians have NaN/Inf and 2 have low opacity, only export 687/689
Loading latest checkpoint from load_dir
✅ Done loading checkpoint from 
outputs/ctrl_009_023_ratio3_sh0_dense_mid200/ratio3_sh0_dense/f1248/splatfacto/2026-08-20_213956/nerfstudio_models/step-
000001999.ckpt
0 Gaussians have NaN/Inf and 1 have low opacity, only export 721/722
Loading latest checkpoint from load_dir
✅ Done loading checkpoint from 
outputs/ctrl_009_023_ratio3_sh0_dense_mid200/ratio3_sh0_dense/f1245/splatfacto/2026-08-20_213956/nerfstudio_models/step-
000001999.ckpt
0 Gaussians have NaN/Inf and 3 have low opacity, only export 631/634
Loading latest checkpoint from load_dir
✅ Done loading checkpoint from 
outputs/ctrl_009_023_ratio3_sh0_dense_mid200/ratio3_sh0_dense/f1249/splatfacto/2026-08-20_213957/nerfstudio_models/step-
000001999.ckpt
0 Gaussians have NaN/Inf and 1 have low opacity, only export 738/739
Loading latest checkpoint from load_dir
✅ Done loading checkpoint from 
outputs/ctrl_009_023_ratio3_sh0_dense_mid200/ratio3_sh0_dense/f1244/splatfacto/2026-08-20_213955/nerfstudio_models/step-
000001999.ckpt
0 Gaussians have NaN/Inf and 5 have low opacity, only export 674/679
[21:41:43]  Be careful with '--eval-mode=all'. If using camera optimization, the cameras    nerfstudio_dataparser.py:216
           may diverge in the current implementation, giving unpredictable results.                                     
[21:41:43]  Be careful with '--eval-mode=all'. If using camera optimization, the cameras    nerfstudio_dataparser.py:216
           may diverge in the current implementation, giving unpredictable results.                                     
            Be careful with '--eval-mode=all'. If using camera optimization, the cameras    nerfstudio_dataparser.py:216
           may diverge in the current implementation, giving unpredictable results.                                     
            Be careful with '--eval-mode=all'. If using camera optimization, the cameras    nerfstudio_dataparser.py:216
           may diverge in the current implementation, giving unpredictable results.                                     
           use color only optimization with sigmoid activation                                         splatfacto.py:266
           use color only optimization with sigmoid activation                                         splatfacto.py:266
[21:41:43]  Be careful with '--eval-mode=all'. If using camera optimization, the cameras    nerfstudio_dataparser.py:216
           may diverge in the current implementation, giving unpredictable results.                                     
            Be careful with '--eval-mode=all'. If using camera optimization, the cameras    nerfstudio_dataparser.py:216
           may diverge in the current implementation, giving unpredictable results.                                     
[21:41:43]  Be careful with '--eval-mode=all'. If using camera optimization, the cameras    nerfstudio_dataparser.py:216
           may diverge in the current implementation, giving unpredictable results.                                     
            Be careful with '--eval-mode=all'. If using camera optimization, the cameras    nerfstudio_dataparser.py:216
           may diverge in the current implementation, giving unpredictable results.                                     
           use color only optimization with sigmoid activation                                         splatfacto.py:266
           use color only optimization with sigmoid activation                                         splatfacto.py:266
Loading latest checkpoint from load_dir
✅ Done loading checkpoint from 
outputs/ctrl_009_023_ratio3_sh0_dense_mid200/ratio3_sh0_dense/f1253/splatfacto/2026-08-20_213958/nerfstudio_models/step-
000001999.ckpt
[21:41:44]  Be careful with '--eval-mode=all'. If using camera optimization, the cameras    nerfstudio_dataparser.py:216
           may diverge in the current implementation, giving unpredictable results.                                     
Loading latest checkpoint from load_dir
            Be careful with '--eval-mode=all'. If using camera optimization, the cameras    nerfstudio_dataparser.py:216
           may diverge in the current implementation, giving unpredictable results.                                     
[21:41:44]  Be careful with '--eval-mode=all'. If using camera optimization, the cameras    nerfstudio_dataparser.py:216
           may diverge in the current implementation, giving unpredictable results.                                     
            Be careful with '--eval-mode=all'. If using camera optimization, the cameras    nerfstudio_dataparser.py:216
           may diverge in the current implementation, giving unpredictable results.                                     
✅ Done loading checkpoint from 
outputs/ctrl_009_023_ratio3_sh0_dense_mid200/ratio3_sh0_dense/f1250/splatfacto/2026-08-20_213958/nerfstudio_models/step-
000001999.ckpt
0 Gaussians have NaN/Inf and 1 have low opacity, only export 689/690
           use color only optimization with sigmoid activation                                         splatfacto.py:266
           use color only optimization with sigmoid activation                                         splatfacto.py:266
Loading latest checkpoint from load_dir
Loading latest checkpoint from load_dir
✅ Done loading checkpoint from 
outputs/ctrl_009_023_ratio3_sh0_dense_mid200/ratio3_sh0_dense/f1251/splatfacto/2026-08-20_213958/nerfstudio_models/step-
000001999.ckpt
✅ Done loading checkpoint from 
outputs/ctrl_009_023_ratio3_sh0_dense_mid200/ratio3_sh0_dense/f1254/splatfacto/2026-08-20_213958/nerfstudio_models/step-
000001999.ckpt
0 Gaussians have NaN/Inf and 3 have low opacity, only export 624/627
0 Gaussians have NaN/Inf and 1 have low opacity, only export 626/627
[gpu1_w4] ratio3_sh0_dense__f1247 -> ok (111.0s)
[gpu0_w4] ratio3_sh0_dense__f1248 -> ok (110.7s)
[gpu1_w5] ratio3_sh0_dense__f1245 -> ok (111.7s)
[gpu1_w1] ratio3_sh0_dense__f1249 -> ok (110.4s)
[gpu0_w5] ratio3_sh0_dense__f1244 -> ok (112.1s)
Loading latest checkpoint from load_dir
Loading latest checkpoint from load_dir
✅ Done loading checkpoint from 
outputs/ctrl_009_023_ratio3_sh0_dense_mid200/ratio3_sh0_dense/f1252/splatfacto/2026-08-20_213958/nerfstudio_models/step-
000001999.ckpt
✅ Done loading checkpoint from 
outputs/ctrl_009_023_ratio3_sh0_dense_mid200/ratio3_sh0_dense/f1255/splatfacto/2026-08-20_213958/nerfstudio_models/step-
000001999.ckpt
0 Gaussians have NaN/Inf and 1 have low opacity, only export 605/606
0 Gaussians have NaN/Inf and 1 have low opacity, only export 660/661
[gpu1_w2] ratio3_sh0_dense__f1253 -> ok (110.0s)
[gpu0_w1] ratio3_sh0_dense__f1250 -> ok (111.2s)
[gpu1_w3] ratio3_sh0_dense__f1254 -> ok (110.1s)
[gpu1_w0] ratio3_sh0_dense__f1251 -> ok (110.9s)
[gpu0_w3] ratio3_sh0_dense__f1255 -> ok (110.2s)
[gpu0_w0] ratio3_sh0_dense__f1252 -> ok (111.2s)
[21:43:33]  Be careful with '--eval-mode=all'. If using camera optimization, the cameras    nerfstudio_dataparser.py:216
           may diverge in the current implementation, giving unpredictable results.                                     
            Be careful with '--eval-mode=all'. If using camera optimization, the cameras    nerfstudio_dataparser.py:216
           may diverge in the current implementation, giving unpredictable results.                                     
[21:43:34] use color only optimization with sigmoid activation                                         splatfacto.py:266
Loading latest checkpoint from load_dir
✅ Done loading checkpoint from 
outputs/ctrl_009_023_ratio3_sh0_dense_mid200/ratio3_sh0_dense/f1256/splatfacto/2026-08-20_214151/nerfstudio_models/step-
000001999.ckpt
0 Gaussians have NaN/Inf and 2 have low opacity, only export 638/640
[21:43:36]  Be careful with '--eval-mode=all'. If using camera optimization, the cameras    nerfstudio_dataparser.py:216
           may diverge in the current implementation, giving unpredictable results.                                     
            Be careful with '--eval-mode=all'. If using camera optimization, the cameras    nerfstudio_dataparser.py:216
           may diverge in the current implementation, giving unpredictable results.                                     
           use color only optimization with sigmoid activation                                         splatfacto.py:266
[21:43:36]  Be careful with '--eval-mode=all'. If using camera optimization, the cameras    nerfstudio_dataparser.py:216
           may diverge in the current implementation, giving unpredictable results.                                     
            Be careful with '--eval-mode=all'. If using camera optimization, the cameras    nerfstudio_dataparser.py:216
           may diverge in the current implementation, giving unpredictable results.                                     
[21:43:37] use color only optimization with sigmoid activation                                         splatfacto.py:266
[gpu0_w2] ratio3_sh0_dense__f1256 -> ok (108.8s)
Loading latest checkpoint from load_dir
✅ Done loading checkpoint from 
outputs/ctrl_009_023_ratio3_sh0_dense_mid200/ratio3_sh0_dense/f1261/splatfacto/2026-08-20_214153/nerfstudio_models/step-
000001999.ckpt
0 Gaussians have NaN/Inf and 1 have low opacity, only export 597/598
[21:43:37]  Be careful with '--eval-mode=all'. If using camera optimization, the cameras    nerfstudio_dataparser.py:216
           may diverge in the current implementation, giving unpredictable results.                                     
            Be careful with '--eval-mode=all'. If using camera optimization, the cameras    nerfstudio_dataparser.py:216
           may diverge in the current implementation, giving unpredictable results.                                     
           use color only optimization with sigmoid activation                                         splatfacto.py:266
Loading latest checkpoint from load_dir
✅ Done loading checkpoint from 
outputs/ctrl_009_023_ratio3_sh0_dense_mid200/ratio3_sh0_dense/f1258/splatfacto/2026-08-20_214153/nerfstudio_models/step-
000001999.ckpt
0 Gaussians have NaN/Inf and 1 have low opacity, only export 656/657
[21:43:38]  Be careful with '--eval-mode=all'. If using camera optimization, the cameras    nerfstudio_dataparser.py:216
           may diverge in the current implementation, giving unpredictable results.                                     
            Be careful with '--eval-mode=all'. If using camera optimization, the cameras    nerfstudio_dataparser.py:216
           may diverge in the current implementation, giving unpredictable results.                                     
           use color only optimization with sigmoid activation                                         splatfacto.py:266
[21:43:38]  Be careful with '--eval-mode=all'. If using camera optimization, the cameras    nerfstudio_dataparser.py:216
           may diverge in the current implementation, giving unpredictable results.                                     
            Be careful with '--eval-mode=all'. If using camera optimization, the cameras    nerfstudio_dataparser.py:216
           may diverge in the current implementation, giving unpredictable results.                                     
Loading latest checkpoint from load_dir
✅ Done loading checkpoint from 
outputs/ctrl_009_023_ratio3_sh0_dense_mid200/ratio3_sh0_dense/f1264/splatfacto/2026-08-20_214153/nerfstudio_models/step-
000001999.ckpt
[21:43:38]  Be careful with '--eval-mode=all'. If using camera optimization, the cameras    nerfstudio_dataparser.py:216
           may diverge in the current implementation, giving unpredictable results.                                     
            Be careful with '--eval-mode=all'. If using camera optimization, the cameras    nerfstudio_dataparser.py:216
           may diverge in the current implementation, giving unpredictable results.                                     
0 Gaussians have NaN/Inf and 1 have low opacity, only export 709/710
           use color only optimization with sigmoid activation                                         splatfacto.py:266
[21:43:38]  Be careful with '--eval-mode=all'. If using camera optimization, the cameras    nerfstudio_dataparser.py:216
           may diverge in the current implementation, giving unpredictable results.                                     
            Be careful with '--eval-mode=all'. If using camera optimization, the cameras    nerfstudio_dataparser.py:216
           may diverge in the current implementation, giving unpredictable results.                                     
[21:43:38]  Be careful with '--eval-mode=all'. If using camera optimization, the cameras    nerfstudio_dataparser.py:216
           may diverge in the current implementation, giving unpredictable results.                                     
            Be careful with '--eval-mode=all'. If using camera optimization, the cameras    nerfstudio_dataparser.py:216
           may diverge in the current implementation, giving unpredictable results.                                     
[21:43:39] use color only optimization with sigmoid activation                                         splatfacto.py:266
[21:43:39] use color only optimization with sigmoid activation                                         splatfacto.py:266
[21:43:39]  Be careful with '--eval-mode=all'. If using camera optimization, the cameras    nerfstudio_dataparser.py:216
           may diverge in the current implementation, giving unpredictable results.                                     
            Be careful with '--eval-mode=all'. If using camera optimization, the cameras    nerfstudio_dataparser.py:216
           may diverge in the current implementation, giving unpredictable results.                                     
Loading latest checkpoint from load_dir
[21:43:39] use color only optimization with sigmoid activation                                         splatfacto.py:266
✅ Done loading checkpoint from 
outputs/ctrl_009_023_ratio3_sh0_dense_mid200/ratio3_sh0_dense/f1257/splatfacto/2026-08-20_214153/nerfstudio_models/step-
000001999.ckpt
[gpu0_w5] ratio3_sh0_dense__f1261 -> ok (108.2s)
           use color only optimization with sigmoid activation                                         splatfacto.py:266
[21:43:39]  Be careful with '--eval-mode=all'. If using camera optimization, the cameras    nerfstudio_dataparser.py:216
           may diverge in the current implementation, giving unpredictable results.                                     
            Be careful with '--eval-mode=all'. If using camera optimization, the cameras    nerfstudio_dataparser.py:216
           may diverge in the current implementation, giving unpredictable results.                                     
[21:43:39]  Be careful with '--eval-mode=all'. If using camera optimization, the cameras    nerfstudio_dataparser.py:216
           may diverge in the current implementation, giving unpredictable results.                                     
            Be careful with '--eval-mode=all'. If using camera optimization, the cameras    nerfstudio_dataparser.py:216
           may diverge in the current implementation, giving unpredictable results.                                     
           use color only optimization with sigmoid activation                                         splatfacto.py:266
Loading latest checkpoint from load_dir
✅ Done loading checkpoint from 
outputs/ctrl_009_023_ratio3_sh0_dense_mid200/ratio3_sh0_dense/f1265/splatfacto/2026-08-20_214154/nerfstudio_models/step-
000001999.ckpt
0 Gaussians have NaN/Inf and 5 have low opacity, only export 765/770
           use color only optimization with sigmoid activation                                         splatfacto.py:266
Loading latest checkpoint from load_dir
✅ Done loading checkpoint from 
outputs/ctrl_009_023_ratio3_sh0_dense_mid200/ratio3_sh0_dense/f1266/splatfacto/2026-08-20_214155/nerfstudio_models/step-
000001999.ckpt
0 Gaussians have NaN/Inf and 4 have low opacity, only export 762/766
[gpu0_w4] ratio3_sh0_dense__f1258 -> ok (109.5s)
Loading latest checkpoint from load_dir
✅ Done loading checkpoint from 
outputs/ctrl_009_023_ratio3_sh0_dense_mid200/ratio3_sh0_dense/f1262/splatfacto/2026-08-20_214154/nerfstudio_models/step-
000001999.ckpt
0 Gaussians have NaN/Inf and 3 have low opacity, only export 681/684
Loading latest checkpoint from load_dir
Loading latest checkpoint from load_dir
✅ Done loading checkpoint from 
outputs/ctrl_009_023_ratio3_sh0_dense_mid200/ratio3_sh0_dense/f1263/splatfacto/2026-08-20_214154/nerfstudio_models/step-
000001999.ckpt
✅ Done loading checkpoint from 
outputs/ctrl_009_023_ratio3_sh0_dense_mid200/ratio3_sh0_dense/f1259/splatfacto/2026-08-20_214154/nerfstudio_models/step-
000001999.ckpt
0 Gaussians have NaN/Inf and 3 have low opacity, only export 674/677
0 Gaussians have NaN/Inf and 1 have low opacity, only export 718/719
Loading latest checkpoint from load_dir
✅ Done loading checkpoint from 
outputs/ctrl_009_023_ratio3_sh0_dense_mid200/ratio3_sh0_dense/f1267/splatfacto/2026-08-20_214155/nerfstudio_models/step-
000001999.ckpt
0 Gaussians have NaN/Inf and 3 have low opacity, only export 743/746
[gpu1_w3] ratio3_sh0_dense__f1264 -> ok (108.5s)
Loading latest checkpoint from load_dir
✅ Done loading checkpoint from 
outputs/ctrl_009_023_ratio3_sh0_dense_mid200/ratio3_sh0_dense/f1260/splatfacto/2026-08-20_214153/nerfstudio_models/step-
000001999.ckpt
0 Gaussians have NaN/Inf and 5 have low opacity, only export 622/627
[gpu1_w4] ratio3_sh0_dense__f1257 -> ok (110.9s)
[gpu1_w0] ratio3_sh0_dense__f1265 -> ok (109.5s)
[gpu0_w1] ratio3_sh0_dense__f1263 -> ok (110.0s)
[gpu0_w3] ratio3_sh0_dense__f1266 -> ok (109.1s)
[gpu1_w2] ratio3_sh0_dense__f1262 -> ok (110.2s)
[gpu1_w5] ratio3_sh0_dense__f1259 -> ok (111.6s)
[gpu0_w0] ratio3_sh0_dense__f1267 -> ok (109.2s)
[gpu1_w1] ratio3_sh0_dense__f1260 -> ok (111.9s)
[21:45:29]  Be careful with '--eval-mode=all'. If using camera optimization, the cameras    nerfstudio_dataparser.py:216
           may diverge in the current implementation, giving unpredictable results.                                     
[21:45:30]  Be careful with '--eval-mode=all'. If using camera optimization, the cameras    nerfstudio_dataparser.py:216
           may diverge in the current implementation, giving unpredictable results.                                     
           use color only optimization with sigmoid activation                                         splatfacto.py:266
Loading latest checkpoint from load_dir
✅ Done loading checkpoint from 
outputs/ctrl_009_023_ratio3_sh0_dense_mid200/ratio3_sh0_dense/f1268/splatfacto/2026-08-20_214346/nerfstudio_models/step-
000001999.ckpt
0 Gaussians have NaN/Inf and 4 have low opacity, only export 743/747
[21:45:32]  Be careful with '--eval-mode=all'. If using camera optimization, the cameras    nerfstudio_dataparser.py:216
           may diverge in the current implementation, giving unpredictable results.                                     
            Be careful with '--eval-mode=all'. If using camera optimization, the cameras    nerfstudio_dataparser.py:216
           may diverge in the current implementation, giving unpredictable results.                                     
[gpu0_w2] ratio3_sh0_dense__f1268 -> ok (109.8s)
[21:45:32]  Be careful with '--eval-mode=all'. If using camera optimization, the cameras    nerfstudio_dataparser.py:216
           may diverge in the current implementation, giving unpredictable results.                                     
            Be careful with '--eval-mode=all'. If using camera optimization, the cameras    nerfstudio_dataparser.py:216
           may diverge in the current implementation, giving unpredictable results.                                     
           use color only optimization with sigmoid activation                                         splatfacto.py:266
[21:45:33] use color only optimization with sigmoid activation                                         splatfacto.py:266
[21:45:33]  Be careful with '--eval-mode=all'. If using camera optimization, the cameras    nerfstudio_dataparser.py:216
           may diverge in the current implementation, giving unpredictable results.                                     
            Be careful with '--eval-mode=all'. If using camera optimization, the cameras    nerfstudio_dataparser.py:216
           may diverge in the current implementation, giving unpredictable results.                                     
[21:45:33]  Be careful with '--eval-mode=all'. If using camera optimization, the cameras    nerfstudio_dataparser.py:216
           may diverge in the current implementation, giving unpredictable results.                                     
            Be careful with '--eval-mode=all'. If using camera optimization, the cameras    nerfstudio_dataparser.py:216
           may diverge in the current implementation, giving unpredictable results.                                     
           use color only optimization with sigmoid activation                                         splatfacto.py:266
Loading latest checkpoint from load_dir
           use color only optimization with sigmoid activation                                         splatfacto.py:266
✅ Done loading checkpoint from 
outputs/ctrl_009_023_ratio3_sh0_dense_mid200/ratio3_sh0_dense/f1269/splatfacto/2026-08-20_214348/nerfstudio_models/step-
000001999.ckpt
0 Gaussians have NaN/Inf and 2 have low opacity, only export 834/836
Loading latest checkpoint from load_dir
✅ Done loading checkpoint from 
outputs/ctrl_009_023_ratio3_sh0_dense_mid200/ratio3_sh0_dense/f1270/splatfacto/2026-08-20_214348/nerfstudio_models/step-
000001999.ckpt
[21:45:33]  Be careful with '--eval-mode=all'. If using camera optimization, the cameras    nerfstudio_dataparser.py:216
           may diverge in the current implementation, giving unpredictable results.                                     
            Be careful with '--eval-mode=all'. If using camera optimization, the cameras    nerfstudio_dataparser.py:216
           may diverge in the current implementation, giving unpredictable results.                                     
[21:45:33]  Be careful with '--eval-mode=all'. If using camera optimization, the cameras    nerfstudio_dataparser.py:216
           may diverge in the current implementation, giving unpredictable results.                                     
            Be careful with '--eval-mode=all'. If using camera optimization, the cameras    nerfstudio_dataparser.py:216
           may diverge in the current implementation, giving unpredictable results.                                     
[21:45:34] use color only optimization with sigmoid activation                                         splatfacto.py:266
[21:45:34] use color only optimization with sigmoid activation                                         splatfacto.py:266
Loading latest checkpoint from load_dir
✅ Done loading checkpoint from 
outputs/ctrl_009_023_ratio3_sh0_dense_mid200/ratio3_sh0_dense/f1272/splatfacto/2026-08-20_214348/nerfstudio_models/step-
000001999.ckpt
0 Gaussians have NaN/Inf and 3 have low opacity, only export 780/783
[21:45:34]  Be careful with '--eval-mode=all'. If using camera optimization, the cameras    nerfstudio_dataparser.py:216
           may diverge in the current implementation, giving unpredictable results.                                     
            Be careful with '--eval-mode=all'. If using camera optimization, the cameras    nerfstudio_dataparser.py:216
           may diverge in the current implementation, giving unpredictable results.                                     
Loading latest checkpoint from load_dir
✅ Done loading checkpoint from 
outputs/ctrl_009_023_ratio3_sh0_dense_mid200/ratio3_sh0_dense/f1279/splatfacto/2026-08-20_214350/nerfstudio_models/step-
000001999.ckpt
0 Gaussians have NaN/Inf and 2 have low opacity, only export 791/793
           use color only optimization with sigmoid activation                                         splatfacto.py:266
[21:45:34]  Be careful with '--eval-mode=all'. If using camera optimization, the cameras    nerfstudio_dataparser.py:216
           may diverge in the current implementation, giving unpredictable results.                                     
            Be careful with '--eval-mode=all'. If using camera optimization, the cameras    nerfstudio_dataparser.py:216
           may diverge in the current implementation, giving unpredictable results.                                     
           use color only optimization with sigmoid activation                                         splatfacto.py:266
[21:45:34]  Be careful with '--eval-mode=all'. If using camera optimization, the cameras    nerfstudio_dataparser.py:216
           may diverge in the current implementation, giving unpredictable results.                                     
            Be careful with '--eval-mode=all'. If using camera optimization, the cameras    nerfstudio_dataparser.py:216
           may diverge in the current implementation, giving unpredictable results.                                     
Loading latest checkpoint from load_dir
[21:45:34]  Be careful with '--eval-mode=all'. If using camera optimization, the cameras    nerfstudio_dataparser.py:216
           may diverge in the current implementation, giving unpredictable results.                                     
Loading latest checkpoint from load_dir
            Be careful with '--eval-mode=all'. If using camera optimization, the cameras    nerfstudio_dataparser.py:216
           may diverge in the current implementation, giving unpredictable results.                                     
✅ Done loading checkpoint from 
outputs/ctrl_009_023_ratio3_sh0_dense_mid200/ratio3_sh0_dense/f1275/splatfacto/2026-08-20_214349/nerfstudio_models/step-
000001999.ckpt
0 Gaussians have NaN/Inf and 2 have low opacity, only export 808/810
✅ Done loading checkpoint from 
outputs/ctrl_009_023_ratio3_sh0_dense_mid200/ratio3_sh0_dense/f1276/splatfacto/2026-08-20_214349/nerfstudio_models/step-
000001999.ckpt
[21:45:35] use color only optimization with sigmoid activation                                         splatfacto.py:266
[21:45:35] use color only optimization with sigmoid activation                                         splatfacto.py:266
Loading latest checkpoint from load_dir
✅ Done loading checkpoint from 
outputs/ctrl_009_023_ratio3_sh0_dense_mid200/ratio3_sh0_dense/f1271/splatfacto/2026-08-20_214349/nerfstudio_models/step-
000001999.ckpt
0 Gaussians have NaN/Inf and 2 have low opacity, only export 818/820
[gpu0_w5] ratio3_sh0_dense__f1269 -> ok (110.4s)
[21:45:37]  Be careful with '--eval-mode=all'. If using camera optimization, the cameras    nerfstudio_dataparser.py:216
           may diverge in the current implementation, giving unpredictable results.                                     
            Be careful with '--eval-mode=all'. If using camera optimization, the cameras    nerfstudio_dataparser.py:216
           may diverge in the current implementation, giving unpredictable results.                                     
Loading latest checkpoint from load_dir
✅ Done loading checkpoint from 
outputs/ctrl_009_023_ratio3_sh0_dense_mid200/ratio3_sh0_dense/f1274/splatfacto/2026-08-20_214350/nerfstudio_models/step-
000001999.ckpt
0 Gaussians have NaN/Inf and 1 have low opacity, only export 792/793
           use color only optimization with sigmoid activation                                         splatfacto.py:266
[gpu0_w4] ratio3_sh0_dense__f1270 -> ok (109.9s)
Loading latest checkpoint from load_dir
Loading latest checkpoint from load_dir
✅ Done loading checkpoint from 
outputs/ctrl_009_023_ratio3_sh0_dense_mid200/ratio3_sh0_dense/f1278/splatfacto/2026-08-20_214350/nerfstudio_models/step-
000001999.ckpt
0 Gaussians have NaN/Inf and 1 have low opacity, only export 755/756
✅ Done loading checkpoint from 
outputs/ctrl_009_023_ratio3_sh0_dense_mid200/ratio3_sh0_dense/f1277/splatfacto/2026-08-20_214349/nerfstudio_models/step-
000001999.ckpt
0 Gaussians have NaN/Inf and 1 have low opacity, only export 850/851
[gpu1_w4] ratio3_sh0_dense__f1272 -> ok (109.1s)
[gpu1_w1] ratio3_sh0_dense__f1279 -> ok (107.8s)
Loading latest checkpoint from load_dir
✅ Done loading checkpoint from 
outputs/ctrl_009_023_ratio3_sh0_dense_mid200/ratio3_sh0_dense/f1273/splatfacto/2026-08-20_214350/nerfstudio_models/step-
000001999.ckpt
0 Gaussians have NaN/Inf and 2 have low opacity, only export 818/820
[gpu0_w3] ratio3_sh0_dense__f1275 -> ok (109.0s)
[gpu1_w2] ratio3_sh0_dense__f1276 -> ok (109.1s)
[gpu1_w3] ratio3_sh0_dense__f1271 -> ok (110.6s)
[gpu0_w1] ratio3_sh0_dense__f1274 -> ok (109.6s)
[gpu0_w0] ratio3_sh0_dense__f1278 -> ok (109.8s)
[gpu1_w5] ratio3_sh0_dense__f1277 -> ok (109.8s)
[gpu1_w0] ratio3_sh0_dense__f1273 -> ok (110.6s)
[21:47:28]  Be careful with '--eval-mode=all'. If using camera optimization, the cameras    nerfstudio_dataparser.py:216
           may diverge in the current implementation, giving unpredictable results.                                     
            Be careful with '--eval-mode=all'. If using camera optimization, the cameras    nerfstudio_dataparser.py:216
           may diverge in the current implementation, giving unpredictable results.                                     
[21:47:29] use color only optimization with sigmoid activation                                         splatfacto.py:266
Loading latest checkpoint from load_dir
✅ Done loading checkpoint from 
outputs/ctrl_009_023_ratio3_sh0_dense_mid200/ratio3_sh0_dense/f1282/splatfacto/2026-08-20_214545/nerfstudio_models/step-
000001999.ckpt
0 Gaussians have NaN/Inf and 11 have low opacity, only export 713/724
[21:47:30]  Be careful with '--eval-mode=all'. If using camera optimization, the cameras    nerfstudio_dataparser.py:216
           may diverge in the current implementation, giving unpredictable results.                                     
            Be careful with '--eval-mode=all'. If using camera optimization, the cameras    nerfstudio_dataparser.py:216
           may diverge in the current implementation, giving unpredictable results.                                     
           use color only optimization with sigmoid activation                                         splatfacto.py:266
Loading latest checkpoint from load_dir
[21:47:31]  Be careful with '--eval-mode=all'. If using camera optimization, the cameras    nerfstudio_dataparser.py:216
           may diverge in the current implementation, giving unpredictable results.                                     
            Be careful with '--eval-mode=all'. If using camera optimization, the cameras    nerfstudio_dataparser.py:216
           may diverge in the current implementation, giving unpredictable results.                                     
✅ Done loading checkpoint from 
outputs/ctrl_009_023_ratio3_sh0_dense_mid200/ratio3_sh0_dense/f1280/splatfacto/2026-08-20_214544/nerfstudio_models/step-
000001999.ckpt
0 Gaussians have NaN/Inf and 2 have low opacity, only export 797/799
           use color only optimization with sigmoid activation                                         splatfacto.py:266
[21:47:31]  Be careful with '--eval-mode=all'. If using camera optimization, the cameras    nerfstudio_dataparser.py:216
           may diverge in the current implementation, giving unpredictable results.                                     
            Be careful with '--eval-mode=all'. If using camera optimization, the cameras    nerfstudio_dataparser.py:216
           may diverge in the current implementation, giving unpredictable results.                                     
[gpu0_w4] ratio3_sh0_dense__f1282 -> ok (107.9s)
[21:47:31]  Be careful with '--eval-mode=all'. If using camera optimization, the cameras    nerfstudio_dataparser.py:216
           may diverge in the current implementation, giving unpredictable results.                                     
            Be careful with '--eval-mode=all'. If using camera optimization, the cameras    nerfstudio_dataparser.py:216
           may diverge in the current implementation, giving unpredictable results.                                     
           use color only optimization with sigmoid activation                                         splatfacto.py:266
[21:47:32] use color only optimization with sigmoid activation                                         splatfacto.py:266
[21:47:32]  Be careful with '--eval-mode=all'. If using camera optimization, the cameras    nerfstudio_dataparser.py:216
           may diverge in the current implementation, giving unpredictable results.                                     
            Be careful with '--eval-mode=all'. If using camera optimization, the cameras    nerfstudio_dataparser.py:216
           may diverge in the current implementation, giving unpredictable results.                                     
Loading latest checkpoint from load_dir
✅ Done loading checkpoint from 
outputs/ctrl_009_023_ratio3_sh0_dense_mid200/ratio3_sh0_dense/f1283/splatfacto/2026-08-20_214547/nerfstudio_models/step-
000001999.ckpt
0 Gaussians have NaN/Inf and 7 have low opacity, only export 782/789
[21:47:32]  Be careful with '--eval-mode=all'. If using camera optimization, the cameras    nerfstudio_dataparser.py:216
           may diverge in the current implementation, giving unpredictable results.                                     
            Be careful with '--eval-mode=all'. If using camera optimization, the cameras    nerfstudio_dataparser.py:216
           may diverge in the current implementation, giving unpredictable results.                                     
           use color only optimization with sigmoid activation                                         splatfacto.py:266
[21:47:32]  Be careful with '--eval-mode=all'. If using camera optimization, the cameras    nerfstudio_dataparser.py:216
           may diverge in the current implementation, giving unpredictable results.                                     
            Be careful with '--eval-mode=all'. If using camera optimization, the cameras    nerfstudio_dataparser.py:216
           may diverge in the current implementation, giving unpredictable results.                                     
[21:47:32]  Be careful with '--eval-mode=all'. If using camera optimization, the cameras    nerfstudio_dataparser.py:216
           may diverge in the current implementation, giving unpredictable results.                                     
            Be careful with '--eval-mode=all'. If using camera optimization, the cameras    nerfstudio_dataparser.py:216
           may diverge in the current implementation, giving unpredictable results.                                     
           use color only optimization with sigmoid activation                                         splatfacto.py:266
Loading latest checkpoint from load_dir
✅ Done loading checkpoint from 
outputs/ctrl_009_023_ratio3_sh0_dense_mid200/ratio3_sh0_dense/f1289/splatfacto/2026-08-20_214548/nerfstudio_models/step-
000001999.ckpt
           use color only optimization with sigmoid activation                                         splatfacto.py:266
0 Gaussians have NaN/Inf and 3 have low opacity, only export 847/850
           use color only optimization with sigmoid activation                                         splatfacto.py:266
[21:47:32]  Be careful with '--eval-mode=all'. If using camera optimization, the cameras    nerfstudio_dataparser.py:216
           may diverge in the current implementation, giving unpredictable results.                                     
            Be careful with '--eval-mode=all'. If using camera optimization, the cameras    nerfstudio_dataparser.py:216
           may diverge in the current implementation, giving unpredictable results.                                     
Loading latest checkpoint from load_dir
✅ Done loading checkpoint from 
outputs/ctrl_009_023_ratio3_sh0_dense_mid200/ratio3_sh0_dense/f1284/splatfacto/2026-08-20_214547/nerfstudio_models/step-
000001999.ckpt
[21:47:33] use color only optimization with sigmoid activation                                         splatfacto.py:266
[gpu0_w2] ratio3_sh0_dense__f1280 -> ok (112.1s)
Loading latest checkpoint from load_dir
Loading latest checkpoint from load_dir
✅ Done loading checkpoint from 
outputs/ctrl_009_023_ratio3_sh0_dense_mid200/ratio3_sh0_dense/f1281/splatfacto/2026-08-20_214546/nerfstudio_models/step-
000001999.ckpt
[21:47:33]  Be careful with '--eval-mode=all'. If using camera optimization, the cameras    nerfstudio_dataparser.py:216
           may diverge in the current implementation, giving unpredictable results.                                     
✅ Done loading checkpoint from 
outputs/ctrl_009_023_ratio3_sh0_dense_mid200/ratio3_sh0_dense/f1288/splatfacto/2026-08-20_214546/nerfstudio_models/step-
000001999.ckpt
0 Gaussians have NaN/Inf and 1 have low opacity, only export 729/730
            Be careful with '--eval-mode=all'. If using camera optimization, the cameras    nerfstudio_dataparser.py:216
           may diverge in the current implementation, giving unpredictable results.                                     
0 Gaussians have NaN/Inf and 1 have low opacity, only export 810/811
[21:47:33]  Be careful with '--eval-mode=all'. If using camera optimization, the cameras    nerfstudio_dataparser.py:216
           may diverge in the current implementation, giving unpredictable results.                                     
            Be careful with '--eval-mode=all'. If using camera optimization, the cameras    nerfstudio_dataparser.py:216
           may diverge in the current implementation, giving unpredictable results.                                     
Loading latest checkpoint from load_dir
✅ Done loading checkpoint from 
outputs/ctrl_009_023_ratio3_sh0_dense_mid200/ratio3_sh0_dense/f1287/splatfacto/2026-08-20_214547/nerfstudio_models/step-
000001999.ckpt
0 Gaussians have NaN/Inf and 1 have low opacity, only export 763/764
           use color only optimization with sigmoid activation                                         splatfacto.py:266
Loading latest checkpoint from load_dir
✅ Done loading checkpoint from 
outputs/ctrl_009_023_ratio3_sh0_dense_mid200/ratio3_sh0_dense/f1285/splatfacto/2026-08-20_214547/nerfstudio_models/step-
000001999.ckpt
           use color only optimization with sigmoid activation                                         splatfacto.py:266
Loading latest checkpoint from load_dir
✅ Done loading checkpoint from 
outputs/ctrl_009_023_ratio3_sh0_dense_mid200/ratio3_sh0_dense/f1291/splatfacto/2026-08-20_214549/nerfstudio_models/step-
000001999.ckpt
[gpu1_w4] ratio3_sh0_dense__f1283 -> ok (109.9s)
Loading latest checkpoint from load_dir
✅ Done loading checkpoint from 
outputs/ctrl_009_023_ratio3_sh0_dense_mid200/ratio3_sh0_dense/f1286/splatfacto/2026-08-20_214547/nerfstudio_models/step-
000001999.ckpt
0 Gaussians have NaN/Inf and 1 have low opacity, only export 745/746
Loading latest checkpoint from load_dir
✅ Done loading checkpoint from 
outputs/ctrl_009_023_ratio3_sh0_dense_mid200/ratio3_sh0_dense/f1290/splatfacto/2026-08-20_214548/nerfstudio_models/step-
000001999.ckpt
0 Gaussians have NaN/Inf and 1 have low opacity, only export 895/896
[gpu0_w0] ratio3_sh0_dense__f1289 -> ok (108.7s)
[gpu1_w1] ratio3_sh0_dense__f1284 -> ok (110.6s)
[gpu0_w1] ratio3_sh0_dense__f1288 -> ok (109.7s)
[gpu0_w3] ratio3_sh0_dense__f1285 -> ok (110.3s)
[gpu0_w5] ratio3_sh0_dense__f1281 -> ok (111.7s)
[gpu1_w3] ratio3_sh0_dense__f1287 -> ok (110.2s)
[gpu1_w3] queue drained: 16 ok, 0 failed
[gpu1_w0] ratio3_sh0_dense__f1291 -> ok (109.5s)
[gpu1_w0] queue drained: 16 ok, 0 failed
[gpu1_w5] ratio3_sh0_dense__f1290 -> ok (110.2s)
[gpu1_w5] queue drained: 16 ok, 0 failed
[gpu1_w2] ratio3_sh0_dense__f1286 -> ok (111.1s)
[gpu1_w2] queue drained: 16 ok, 0 failed
[21:48:57]  Be careful with '--eval-mode=all'. If using camera optimization, the cameras    nerfstudio_dataparser.py:216
           may diverge in the current implementation, giving unpredictable results.                                     
            Be careful with '--eval-mode=all'. If using camera optimization, the cameras    nerfstudio_dataparser.py:216
           may diverge in the current implementation, giving unpredictable results.                                     
           use color only optimization with sigmoid activation                                         splatfacto.py:266
Loading latest checkpoint from load_dir
✅ Done loading checkpoint from 
outputs/ctrl_009_023_ratio3_sh0_dense_mid200/ratio3_sh0_dense/f1294/splatfacto/2026-08-20_214742/nerfstudio_models/step-
000001999.ckpt
0 Gaussians have NaN/Inf and 4 have low opacity, only export 881/885
[21:48:59]  Be careful with '--eval-mode=all'. If using camera optimization, the cameras    nerfstudio_dataparser.py:216
           may diverge in the current implementation, giving unpredictable results.                                     
            Be careful with '--eval-mode=all'. If using camera optimization, the cameras    nerfstudio_dataparser.py:216
           may diverge in the current implementation, giving unpredictable results.                                     
[gpu1_w4] ratio3_sh0_dense__f1294 -> ok (81.6s)
[gpu1_w4] queue drained: 17 ok, 0 failed
[21:49:00] use color only optimization with sigmoid activation                                         splatfacto.py:266
Loading latest checkpoint from load_dir
✅ Done loading checkpoint from 
outputs/ctrl_009_023_ratio3_sh0_dense_mid200/ratio3_sh0_dense/f1296/splatfacto/2026-08-20_214742/nerfstudio_models/step-
000001999.ckpt
0 Gaussians have NaN/Inf and 1 have low opacity, only export 976/977
[gpu1_w1] ratio3_sh0_dense__f1296 -> ok (83.7s)
[gpu1_w1] queue drained: 17 ok, 0 failed
[21:49:08]  Be careful with '--eval-mode=all'. If using camera optimization, the cameras    nerfstudio_dataparser.py:216
           may diverge in the current implementation, giving unpredictable results.                                     
            Be careful with '--eval-mode=all'. If using camera optimization, the cameras    nerfstudio_dataparser.py:216
           may diverge in the current implementation, giving unpredictable results.                                     
           use color only optimization with sigmoid activation                                         splatfacto.py:266
Loading latest checkpoint from load_dir
✅ Done loading checkpoint from 
outputs/ctrl_009_023_ratio3_sh0_dense_mid200/ratio3_sh0_dense/f1292/splatfacto/2026-08-20_214739/nerfstudio_models/step-
000001999.ckpt
[21:49:10]  Be careful with '--eval-mode=all'. If using camera optimization, the cameras    nerfstudio_dataparser.py:216
           may diverge in the current implementation, giving unpredictable results.                                     
            Be careful with '--eval-mode=all'. If using camera optimization, the cameras    nerfstudio_dataparser.py:216
           may diverge in the current implementation, giving unpredictable results.                                     
           use color only optimization with sigmoid activation                                         splatfacto.py:266
[gpu0_w4] ratio3_sh0_dense__f1292 -> ok (92.8s)
[gpu0_w4] queue drained: 17 ok, 0 failed
Loading latest checkpoint from load_dir
✅ Done loading checkpoint from 
outputs/ctrl_009_023_ratio3_sh0_dense_mid200/ratio3_sh0_dense/f1293/splatfacto/2026-08-20_214740/nerfstudio_models/step-
000001999.ckpt
0 Gaussians have NaN/Inf and 2 have low opacity, only export 745/747
[21:49:12]  Be careful with '--eval-mode=all'. If using camera optimization, the cameras    nerfstudio_dataparser.py:216
           may diverge in the current implementation, giving unpredictable results.                                     
            Be careful with '--eval-mode=all'. If using camera optimization, the cameras    nerfstudio_dataparser.py:216
           may diverge in the current implementation, giving unpredictable results.                                     
           use color only optimization with sigmoid activation                                         splatfacto.py:266
[21:49:12]  Be careful with '--eval-mode=all'. If using camera optimization, the cameras    nerfstudio_dataparser.py:216
           may diverge in the current implementation, giving unpredictable results.                                     
            Be careful with '--eval-mode=all'. If using camera optimization, the cameras    nerfstudio_dataparser.py:216
           may diverge in the current implementation, giving unpredictable results.                                     
[gpu0_w2] ratio3_sh0_dense__f1293 -> ok (93.2s)
[gpu0_w2] queue drained: 17 ok, 0 failed
[21:49:13] use color only optimization with sigmoid activation                                         splatfacto.py:266
[21:49:13]  Be careful with '--eval-mode=all'. If using camera optimization, the cameras    nerfstudio_dataparser.py:216
           may diverge in the current implementation, giving unpredictable results.                                     
            Be careful with '--eval-mode=all'. If using camera optimization, the cameras    nerfstudio_dataparser.py:216
           may diverge in the current implementation, giving unpredictable results.                                     
           use color only optimization with sigmoid activation                                         splatfacto.py:266
Loading latest checkpoint from load_dir
✅ Done loading checkpoint from 
outputs/ctrl_009_023_ratio3_sh0_dense_mid200/ratio3_sh0_dense/f1298/splatfacto/2026-08-20_214741/nerfstudio_models/step-
000001999.ckpt
Loading latest checkpoint from load_dir
✅ Done loading checkpoint from 
outputs/ctrl_009_023_ratio3_sh0_dense_mid200/ratio3_sh0_dense/f1299/splatfacto/2026-08-20_214741/nerfstudio_models/step-
000001999.ckpt
0 Gaussians have NaN/Inf and 3 have low opacity, only export 899/902
Loading latest checkpoint from load_dir
✅ Done loading checkpoint from 
outputs/ctrl_009_023_ratio3_sh0_dense_mid200/ratio3_sh0_dense/f1295/splatfacto/2026-08-20_214742/nerfstudio_models/step-
000001999.ckpt
[21:49:14]  Be careful with '--eval-mode=all'. If using camera optimization, the cameras    nerfstudio_dataparser.py:216
           may diverge in the current implementation, giving unpredictable results.                                     
            Be careful with '--eval-mode=all'. If using camera optimization, the cameras    nerfstudio_dataparser.py:216
           may diverge in the current implementation, giving unpredictable results.                                     
           use color only optimization with sigmoid activation                                         splatfacto.py:266
[gpu0_w3] ratio3_sh0_dense__f1298 -> ok (93.2s)
[gpu0_w3] queue drained: 17 ok, 0 failed
[gpu0_w5] ratio3_sh0_dense__f1299 -> ok (93.4s)
[gpu0_w5] queue drained: 17 ok, 0 failed
Loading latest checkpoint from load_dir
✅ Done loading checkpoint from 
outputs/ctrl_009_023_ratio3_sh0_dense_mid200/ratio3_sh0_dense/f1297/splatfacto/2026-08-20_214743/nerfstudio_models/step-
000001999.ckpt
0 Gaussians have NaN/Inf and 3 have low opacity, only export 847/850
[gpu0_w0] ratio3_sh0_dense__f1295 -> ok (94.3s)
[gpu0_w0] queue drained: 17 ok, 0 failed
[gpu0_w1] ratio3_sh0_dense__f1297 -> ok (95.1s)
[gpu0_w1] queue drained: 17 ok, 0 failed

Dataset generated successfully at: /home/computer0/fly_project/fly_gsplat/ctrl_009/023/f1298
4 cameras loaded
Seed: [ 0.00794524 -0.01923685  0.00069973]  triangulation residual=0.342 mm
Sampled 10000 points in 2mm sphere
Surviving points (all 4 cameras): 460
After outlier removal: 447 points
Saved -> /home/computer0/fly_project/fly_gsplat/ctrl_009/023/f1298/init_points.ply
[prepare] frame 1298 data ready
Dataset generated successfully at: /home/computer0/fly_project/fly_gsplat/ctrl_009/023/f1299
4 cameras loaded
Seed: [ 0.00796807 -0.01927133  0.00071309]  triangulation residual=0.343 mm
Sampled 10000 points in 2mm sphere
Surviving points (all 4 cameras): 332
After outlier removal: 322 points
Saved -> /home/computer0/fly_project/fly_gsplat/ctrl_009/023/f1299/init_points.ply
[prepare] frame 1299 data ready
=== Phase B: build queue ===
[queue] 200 tasks queued, 0 already done (skipped)
=== Phase C: dispatch 2x6 workers ===
Done in 1850.9s: 200 ok, 0 failed -> /home/computer0/fly_project/fly_gsplat/outputs/ctrl_009_023_ratio3_sh0_dense_mid200/schedule_summary.json
