=== Phase A: data prep ===
Dataset generated successfully at: /home/computer0/fly_project/fly_gsplat/ctrl_009/039/f1100
4 cameras loaded
Seed: [ 0.00913748  0.0002131  -0.0099528 ]  triangulation residual=0.063 mm
Sampled 10000 points in 2mm sphere
Surviving points (all 4 cameras): 1823
After outlier removal: 1760 points
Saved -> /home/computer0/fly_project/fly_gsplat/ctrl_009/039/f1100/init_points.ply
[prepare] frame 1100 data ready
Dataset generated successfully at: /home/computer0/fly_project/fly_gsplat/ctrl_009/039/f1101
4 cameras loaded
Seed: [ 0.00917473  0.00018118 -0.00998252]  triangulation residual=0.071 mm
Sampled 10000 points in 2mm sphere
Surviving points (all 4 cameras): 1820
After outlier removal: 1739 points
Saved -> /home/computer0/fly_project/fly_gsplat/ctrl_009/039/f1101/init_points.ply
[prepare] frame 1101 data ready
Dataset generated successfully at: /home/computer0/fly_project/fly_gsplat/ctrl_009/039/f1102
4 cameras loaded
Seed: [ 0.00920894  0.00014483 -0.0100183 ]  triangulation residual=0.074 mm
Sampled 10000 points in 2mm sphere
Surviving points (all 4 cameras): 1910
After outlier removal: 1835 points
Saved -> /home/computer0/fly_project/fly_gsplat/ctrl_009/039/f1102/init_points.ply
[prepare] frame 1102 data ready
Dataset generated successfully at: /home/computer0/fly_project/fly_gsplat/ctrl_009/039/f1103
4 cameras loaded
Seed: [ 0.00924376  0.00011338 -0.01005195]  triangulation residual=0.075 mm
Sampled 10000 points in 2mm sphere
Surviving points (all 4 cameras): 1976
After outlier removal: 1910 points
Saved -> /home/computer0/fly_project/fly_gsplat/ctrl_009/039/f1103/init_points.ply
[prepare] frame 1103 data ready
Dataset generated successfully at: /home/computer0/fly_project/fly_gsplat/ctrl_009/039/f1104
4 cameras loaded
Seed: [ 9.28307878e-03  8.73364829e-05 -1.01001249e-02]  triangulation residual=0.068 mm
Sampled 10000 points in 2mm sphere
Surviving points (all 4 cameras): 1952
After outlier removal: 1870 points
Saved -> /home/computer0/fly_project/fly_gsplat/ctrl_009/039/f1104/init_points.ply
[prepare] frame 1104 data ready
Dataset generated successfully at: /home/computer0/fly_project/fly_gsplat/ctrl_009/039/f1105
4 cameras loaded
Seed: [ 9.31603732e-03  6.75815007e-05 -1.01429892e-02]  triangulation residual=0.059 mm
Sampled 10000 points in 2mm sphere
Surviving points (all 4 cameras): 1973
After outlier removal: 1895 points
Saved -> /home/computer0/fly_project/fly_gsplat/ctrl_009/039/f1105/init_points.ply
[prepare] frame 1105 data ready
Dataset generated successfully at: /home/computer0/fly_project/fly_gsplat/ctrl_009/039/f1106
4 cameras loaded
Seed: [ 9.34665988e-03  4.55344348e-05 -1.01809689e-02]  triangulation residual=0.051 mm
Sampled 10000 points in 2mm sphere
Surviving points (all 4 cameras): 2024
After outlier removal: 1942 points
Saved -> /home/computer0/fly_project/fly_gsplat/ctrl_009/039/f1106/init_points.ply
[prepare] frame 1106 data ready
Dataset generated successfully at: /home/computer0/fly_project/fly_gsplat/ctrl_009/039/f1107
4 cameras loaded
Seed: [ 9.37268687e-03  3.23700719e-05 -1.02218761e-02]  triangulation residual=0.044 mm
Sampled 10000 points in 2mm sphere
Surviving points (all 4 cameras): 2000
After outlier removal: 1911 points
Saved -> /home/computer0/fly_project/fly_gsplat/ctrl_009/039/f1107/init_points.ply
[prepare] frame 1107 data ready
Dataset generated successfully at: /home/computer0/fly_project/fly_gsplat/ctrl_009/039/f1108
4 cameras loaded
Seed: [ 9.39775653e-03  2.23384567e-05 -1.02562463e-02]  triangulation residual=0.040 mm
Sampled 10000 points in 2mm sphere
Surviving points (all 4 cameras): 2041
After outlier removal: 1953 points
Saved -> /home/computer0/fly_project/fly_gsplat/ctrl_009/039/f1108/init_points.ply
[prepare] frame 1108 data ready
Dataset generated successfully at: /home/computer0/fly_project/fly_gsplat/ctrl_009/039/f1109
4 cameras loaded
Seed: [ 9.41584520e-03  1.42871332e-05 -1.02888542e-02]  triangulation residual=0.046 mm
Sampled 10000 points in 2mm sphere
Surviving points (all 4 cameras): 2020
After outlier removal: 1952 points
Saved -> /home/computer0/fly_project/fly_gsplat/ctrl_009/039/f1109/init_points.ply
[prepare] frame 1109 data ready
Dataset generated successfully at: /home/computer0/fly_project/fly_gsplat/ctrl_009/039/f1110
4 cameras loaded
Seed: [ 9.42751703e-03  9.31947812e-06 -1.03079399e-02]  triangulation residual=0.062 mm
Sampled 10000 points in 2mm sphere
Surviving points (all 4 cameras): 2053
After outlier removal: 1958 points
Saved -> /home/computer0/fly_project/fly_gsplat/ctrl_009/039/f1110/init_points.ply
[prepare] frame 1110 data ready
Dataset generated successfully at: /home/computer0/fly_project/fly_gsplat/ctrl_009/039/f1111
4 cameras loaded
Seed: [ 9.43236808e-03  8.93902219e-06 -1.03268724e-02]  triangulation residual=0.083 mm
Sampled 10000 points in 2mm sphere
Surviving points (all 4 cameras): 2024
After outlier removal: 1931 points
Saved -> /home/computer0/fly_project/fly_gsplat/ctrl_009/039/f1111/init_points.ply
[prepare] frame 1111 data ready
Dataset generated successfully at: /home/computer0/fly_project/fly_gsplat/ctrl_009/039/f1112
4 cameras loaded
Seed: [ 9.42824697e-03  6.88688695e-06 -1.03385509e-02]  triangulation residual=0.105 mm
Sampled 10000 points in 2mm sphere
Surviving points (all 4 cameras): 1939
After outlier removal: 1867 points
Saved -> /home/computer0/fly_project/fly_gsplat/ctrl_009/039/f1112/init_points.ply
[prepare] frame 1112 data ready
Dataset generated successfully at: /home/computer0/fly_project/fly_gsplat/ctrl_009/039/f1113
4 cameras loaded
Seed: [ 9.41044266e-03 -2.41520608e-05 -1.03437981e-02]  triangulation residual=0.127 mm
Sampled 10000 points in 2mm sphere
Surviving points (all 4 cameras): 1854
After outlier removal: 1786 points
Saved -> /home/computer0/fly_project/fly_gsplat/ctrl_009/039/f1113/init_points.ply
[prepare] frame 1113 data ready
Dataset generated successfully at: /home/computer0/fly_project/fly_gsplat/ctrl_009/039/f1114
4 cameras loaded
Seed: [ 9.38815231e-03 -5.25789641e-05 -1.03416076e-02]  triangulation residual=0.170 mm
Sampled 10000 points in 2mm sphere
Surviving points (all 4 cameras): 1923
After outlier removal: 1844 points
Saved -> /home/computer0/fly_project/fly_gsplat/ctrl_009/039/f1114/init_points.ply
[prepare] frame 1114 data ready
Dataset generated successfully at: /home/computer0/fly_project/fly_gsplat/ctrl_009/039/f1115
4 cameras loaded
Seed: [ 9.40264597e-03 -6.32504381e-05 -1.03472274e-02]  triangulation residual=0.193 mm
Sampled 10000 points in 2mm sphere
Surviving points (all 4 cameras): 1760
After outlier removal: 1689 points
Saved -> /home/computer0/fly_project/fly_gsplat/ctrl_009/039/f1115/init_points.ply
[prepare] frame 1115 data ready
Dataset generated successfully at: /home/computer0/fly_project/fly_gsplat/ctrl_009/039/f1116
4 cameras loaded
Seed: [ 9.43014816e-03 -8.21913854e-05 -1.03831670e-02]  triangulation residual=0.179 mm
Sampled 10000 points in 2mm sphere
Surviving points (all 4 cameras): 1929
After outlier removal: 1845 points
Saved -> /home/computer0/fly_project/fly_gsplat/ctrl_009/039/f1116/init_points.ply
[prepare] frame 1116 data ready
Dataset generated successfully at: /home/computer0/fly_project/fly_gsplat/ctrl_009/039/f1117
4 cameras loaded
Seed: [ 9.46137271e-03 -9.87409453e-05 -1.04293683e-02]  triangulation residual=0.153 mm
Sampled 10000 points in 2mm sphere
Surviving points (all 4 cameras): 1941
After outlier removal: 1852 points
Saved -> /home/computer0/fly_project/fly_gsplat/ctrl_009/039/f1117/init_points.ply
[prepare] frame 1117 data ready
Dataset generated successfully at: /home/computer0/fly_project/fly_gsplat/ctrl_009/039/f1118
4 cameras loaded
Seed: [ 0.00948711 -0.00011003 -0.01046246]  triangulation residual=0.129 mm
Sampled 10000 points in 2mm sphere
Surviving points (all 4 cameras): 1995
After outlier removal: 1912 points
Saved -> /home/computer0/fly_project/fly_gsplat/ctrl_009/039/f1118/init_points.ply
[prepare] frame 1118 data ready
Dataset generated successfully at: /home/computer0/fly_project/fly_gsplat/ctrl_009/039/f1119
4 cameras loaded
Seed: [ 0.00949982 -0.00011232 -0.01048175]  triangulation residual=0.108 mm
Sampled 10000 points in 2mm sphere
Surviving points (all 4 cameras): 2039
After outlier removal: 1942 points
Saved -> /home/computer0/fly_project/fly_gsplat/ctrl_009/039/f1119/init_points.ply
[prepare] frame 1119 data ready
Dataset generated successfully at: /home/computer0/fly_project/fly_gsplat/ctrl_009/039/f1120
4 cameras loaded
Seed: [ 0.00950335 -0.00011647 -0.01048544]  triangulation residual=0.092 mm
Sampled 10000 points in 2mm sphere
Surviving points (all 4 cameras): 2153
After outlier removal: 2054 points
Saved -> /home/computer0/fly_project/fly_gsplat/ctrl_009/039/f1120/init_points.ply
[prepare] frame 1120 data ready
Dataset generated successfully at: /home/computer0/fly_project/fly_gsplat/ctrl_009/039/f1121
4 cameras loaded
Seed: [ 0.00950108 -0.00010906 -0.01047669]  triangulation residual=0.084 mm
Sampled 10000 points in 2mm sphere
Surviving points (all 4 cameras): 2196
After outlier removal: 2101 points
Saved -> /home/computer0/fly_project/fly_gsplat/ctrl_009/039/f1121/init_points.ply
[prepare] frame 1121 data ready
Dataset generated successfully at: /home/computer0/fly_project/fly_gsplat/ctrl_009/039/f1122
4 cameras loaded
Seed: [ 9.49275807e-03 -9.97061670e-05 -1.04463713e-02]  triangulation residual=0.077 mm
Sampled 10000 points in 2mm sphere
Surviving points (all 4 cameras): 2152
After outlier removal: 2054 points
Saved -> /home/computer0/fly_project/fly_gsplat/ctrl_009/039/f1122/init_points.ply
[prepare] frame 1122 data ready
Dataset generated successfully at: /home/computer0/fly_project/fly_gsplat/ctrl_009/039/f1123
4 cameras loaded
Seed: [ 9.48146695e-03 -8.53800917e-05 -1.04199338e-02]  triangulation residual=0.071 mm
Sampled 10000 points in 2mm sphere
Surviving points (all 4 cameras): 2130
After outlier removal: 2037 points
Saved -> /home/computer0/fly_project/fly_gsplat/ctrl_009/039/f1123/init_points.ply
[prepare] frame 1123 data ready
Dataset generated successfully at: /home/computer0/fly_project/fly_gsplat/ctrl_009/039/f1124
4 cameras loaded
Seed: [ 9.46411057e-03 -6.59150398e-05 -1.03884220e-02]  triangulation residual=0.068 mm
Sampled 10000 points in 2mm sphere
Surviving points (all 4 cameras): 2120
After outlier removal: 2042 points
Saved -> /home/computer0/fly_project/fly_gsplat/ctrl_009/039/f1124/init_points.ply
[prepare] frame 1124 data ready
Dataset generated successfully at: /home/computer0/fly_project/fly_gsplat/ctrl_009/039/f1125
4 cameras loaded
Seed: [ 9.43314292e-03 -3.92552633e-05 -1.03513543e-02]  triangulation residual=0.070 mm
Sampled 10000 points in 2mm sphere
Surviving points (all 4 cameras): 1976
After outlier removal: 1888 points
Saved -> /home/computer0/fly_project/fly_gsplat/ctrl_009/039/f1125/init_points.ply
[prepare] frame 1125 data ready
Dataset generated successfully at: /home/computer0/fly_project/fly_gsplat/ctrl_009/039/f1126
4 cameras loaded
Seed: [ 9.38543185e-03 -9.63252222e-06 -1.03160799e-02]  triangulation residual=0.074 mm
Sampled 10000 points in 2mm sphere
Surviving points (all 4 cameras): 1923
After outlier removal: 1843 points
Saved -> /home/computer0/fly_project/fly_gsplat/ctrl_009/039/f1126/init_points.ply
[prepare] frame 1126 data ready
Dataset generated successfully at: /home/computer0/fly_project/fly_gsplat/ctrl_009/039/f1127
4 cameras loaded
Seed: [ 9.33088378e-03  3.19029213e-05 -1.02780980e-02]  triangulation residual=0.068 mm
Sampled 10000 points in 2mm sphere
Surviving points (all 4 cameras): 1849
After outlier removal: 1774 points
Saved -> /home/computer0/fly_project/fly_gsplat/ctrl_009/039/f1127/init_points.ply
[prepare] frame 1127 data ready
Dataset generated successfully at: /home/computer0/fly_project/fly_gsplat/ctrl_009/039/f1128
4 cameras loaded
Seed: [ 9.26952773e-03  7.30935494e-05 -1.02474114e-02]  triangulation residual=0.052 mm
Sampled 10000 points in 2mm sphere
Surviving points (all 4 cameras): 1820
After outlier removal: 1735 points
Saved -> /home/computer0/fly_project/fly_gsplat/ctrl_009/039/f1128/init_points.ply
[prepare] frame 1128 data ready
Dataset generated successfully at: /home/computer0/fly_project/fly_gsplat/ctrl_009/039/f1129
4 cameras loaded
Seed: [ 0.00920158  0.00013072 -0.01021244]  triangulation residual=0.037 mm
Sampled 10000 points in 2mm sphere
Surviving points (all 4 cameras): 1725
After outlier removal: 1654 points
Saved -> /home/computer0/fly_project/fly_gsplat/ctrl_009/039/f1129/init_points.ply
[prepare] frame 1129 data ready
Dataset generated successfully at: /home/computer0/fly_project/fly_gsplat/ctrl_009/039/f1130
4 cameras loaded
Seed: [ 0.00914315  0.00018778 -0.01019895]  triangulation residual=0.058 mm
Sampled 10000 points in 2mm sphere
Surviving points (all 4 cameras): 1761
After outlier removal: 1692 points
Saved -> /home/computer0/fly_project/fly_gsplat/ctrl_009/039/f1130/init_points.ply
[prepare] frame 1130 data ready
Dataset generated successfully at: /home/computer0/fly_project/fly_gsplat/ctrl_009/039/f1131
4 cameras loaded
Seed: [ 0.00907773  0.00022573 -0.01019978]  triangulation residual=0.084 mm
Sampled 10000 points in 2mm sphere
Surviving points (all 4 cameras): 1748
After outlier removal: 1676 points
Saved -> /home/computer0/fly_project/fly_gsplat/ctrl_009/039/f1131/init_points.ply
[prepare] frame 1131 data ready
Dataset generated successfully at: /home/computer0/fly_project/fly_gsplat/ctrl_009/039/f1132
4 cameras loaded
Seed: [ 0.00902398  0.00027476 -0.01020872]  triangulation residual=0.106 mm
Sampled 10000 points in 2mm sphere
Surviving points (all 4 cameras): 1782
After outlier removal: 1707 points
Saved -> /home/computer0/fly_project/fly_gsplat/ctrl_009/039/f1132/init_points.ply
[prepare] frame 1132 data ready
Dataset generated successfully at: /home/computer0/fly_project/fly_gsplat/ctrl_009/039/f1133
4 cameras loaded
Seed: [ 0.0089705   0.00031058 -0.01022534]  triangulation residual=0.130 mm
Sampled 10000 points in 2mm sphere
Surviving points (all 4 cameras): 1857
After outlier removal: 1792 points
Saved -> /home/computer0/fly_project/fly_gsplat/ctrl_009/039/f1133/init_points.ply
[prepare] frame 1133 data ready
Dataset generated successfully at: /home/computer0/fly_project/fly_gsplat/ctrl_009/039/f1134
4 cameras loaded
Seed: [ 0.00891973  0.00034293 -0.01024665]  triangulation residual=0.145 mm
Sampled 10000 points in 2mm sphere
Surviving points (all 4 cameras): 1789
After outlier removal: 1720 points
Saved -> /home/computer0/fly_project/fly_gsplat/ctrl_009/039/f1134/init_points.ply
[prepare] frame 1134 data ready
Dataset generated successfully at: /home/computer0/fly_project/fly_gsplat/ctrl_009/039/f1135
4 cameras loaded
Seed: [ 0.00887592  0.00037399 -0.01027695]  triangulation residual=0.160 mm
Sampled 10000 points in 2mm sphere
Surviving points (all 4 cameras): 1820
After outlier removal: 1757 points
Saved -> /home/computer0/fly_project/fly_gsplat/ctrl_009/039/f1135/init_points.ply
[prepare] frame 1135 data ready
Dataset generated successfully at: /home/computer0/fly_project/fly_gsplat/ctrl_009/039/f1136
4 cameras loaded
Seed: [ 0.00883421  0.00039297 -0.01030613]  triangulation residual=0.168 mm
Sampled 10000 points in 2mm sphere
Surviving points (all 4 cameras): 1798
After outlier removal: 1728 points
Saved -> /home/computer0/fly_project/fly_gsplat/ctrl_009/039/f1136/init_points.ply
[prepare] frame 1136 data ready
Dataset generated successfully at: /home/computer0/fly_project/fly_gsplat/ctrl_009/039/f1137
4 cameras loaded
Seed: [ 0.00879757  0.00041097 -0.01033619]  triangulation residual=0.176 mm
Sampled 10000 points in 2mm sphere
Surviving points (all 4 cameras): 1734
After outlier removal: 1667 points
Saved -> /home/computer0/fly_project/fly_gsplat/ctrl_009/039/f1137/init_points.ply
[prepare] frame 1137 data ready
Dataset generated successfully at: /home/computer0/fly_project/fly_gsplat/ctrl_009/039/f1138
4 cameras loaded
Seed: [ 0.00876958  0.00042961 -0.01036829]  triangulation residual=0.172 mm
Sampled 10000 points in 2mm sphere
Surviving points (all 4 cameras): 1946
After outlier removal: 1866 points
Saved -> /home/computer0/fly_project/fly_gsplat/ctrl_009/039/f1138/init_points.ply
[prepare] frame 1138 data ready
Dataset generated successfully at: /home/computer0/fly_project/fly_gsplat/ctrl_009/039/f1139
4 cameras loaded
Seed: [ 0.0087451   0.00044375 -0.01040298]  triangulation residual=0.169 mm
Sampled 10000 points in 2mm sphere
Surviving points (all 4 cameras): 1986
After outlier removal: 1904 points
Saved -> /home/computer0/fly_project/fly_gsplat/ctrl_009/039/f1139/init_points.ply
[prepare] frame 1139 data ready
Dataset generated successfully at: /home/computer0/fly_project/fly_gsplat/ctrl_009/039/f1140
4 cameras loaded
Seed: [ 0.00872484  0.00045336 -0.01044646]  triangulation residual=0.164 mm
Sampled 10000 points in 2mm sphere
Surviving points (all 4 cameras): 2152
After outlier removal: 2056 points
Saved -> /home/computer0/fly_project/fly_gsplat/ctrl_009/039/f1140/init_points.ply
[prepare] frame 1140 data ready
Dataset generated successfully at: /home/computer0/fly_project/fly_gsplat/ctrl_009/039/f1141
4 cameras loaded
Seed: [ 0.0087137   0.00045698 -0.01048505]  triangulation residual=0.156 mm
Sampled 10000 points in 2mm sphere
Surviving points (all 4 cameras): 2135
After outlier removal: 2058 points
Saved -> /home/computer0/fly_project/fly_gsplat/ctrl_009/039/f1141/init_points.ply
[prepare] frame 1141 data ready
Dataset generated successfully at: /home/computer0/fly_project/fly_gsplat/ctrl_009/039/f1142
4 cameras loaded
Seed: [ 0.0087068   0.00045352 -0.01052936]  triangulation residual=0.149 mm
Sampled 10000 points in 2mm sphere
Surviving points (all 4 cameras): 2132
After outlier removal: 2043 points
Saved -> /home/computer0/fly_project/fly_gsplat/ctrl_009/039/f1142/init_points.ply
[prepare] frame 1142 data ready
Dataset generated successfully at: /home/computer0/fly_project/fly_gsplat/ctrl_009/039/f1143
4 cameras loaded
Seed: [ 0.00871439  0.0004445  -0.01056213]  triangulation residual=0.139 mm
Sampled 10000 points in 2mm sphere
Surviving points (all 4 cameras): 2163
After outlier removal: 2074 points
Saved -> /home/computer0/fly_project/fly_gsplat/ctrl_009/039/f1143/init_points.ply
[prepare] frame 1143 data ready
Dataset generated successfully at: /home/computer0/fly_project/fly_gsplat/ctrl_009/039/f1144
4 cameras loaded
Seed: [ 0.00873017  0.00042632 -0.01060174]  triangulation residual=0.129 mm
Sampled 10000 points in 2mm sphere
Surviving points (all 4 cameras): 2038
After outlier removal: 1959 points
Saved -> /home/computer0/fly_project/fly_gsplat/ctrl_009/039/f1144/init_points.ply
[prepare] frame 1144 data ready
Dataset generated successfully at: /home/computer0/fly_project/fly_gsplat/ctrl_009/039/f1145
4 cameras loaded
Seed: [ 0.00875908  0.00041252 -0.01065395]  triangulation residual=0.122 mm
Sampled 10000 points in 2mm sphere
Surviving points (all 4 cameras): 1976
After outlier removal: 1902 points
Saved -> /home/computer0/fly_project/fly_gsplat/ctrl_009/039/f1145/init_points.ply
[prepare] frame 1145 data ready
Dataset generated successfully at: /home/computer0/fly_project/fly_gsplat/ctrl_009/039/f1146
4 cameras loaded
Seed: [ 0.00878888  0.00038874 -0.01070914]  triangulation residual=0.122 mm
Sampled 10000 points in 2mm sphere
Surviving points (all 4 cameras): 1968
After outlier removal: 1892 points
Saved -> /home/computer0/fly_project/fly_gsplat/ctrl_009/039/f1146/init_points.ply
[prepare] frame 1146 data ready
Dataset generated successfully at: /home/computer0/fly_project/fly_gsplat/ctrl_009/039/f1147
4 cameras loaded
Seed: [ 0.0088284   0.00035719 -0.01075346]  triangulation residual=0.134 mm
Sampled 10000 points in 2mm sphere
Surviving points (all 4 cameras): 1891
After outlier removal: 1820 points
Saved -> /home/computer0/fly_project/fly_gsplat/ctrl_009/039/f1147/init_points.ply
[prepare] frame 1147 data ready
Dataset generated successfully at: /home/computer0/fly_project/fly_gsplat/ctrl_009/039/f1148
4 cameras loaded
Seed: [ 0.00882958  0.00033127 -0.01079309]  triangulation residual=0.120 mm
Sampled 10000 points in 2mm sphere
Surviving points (all 4 cameras): 1881
After outlier removal: 1804 points
Saved -> /home/computer0/fly_project/fly_gsplat/ctrl_009/039/f1148/init_points.ply
[prepare] frame 1148 data ready
Dataset generated successfully at: /home/computer0/fly_project/fly_gsplat/ctrl_009/039/f1149
4 cameras loaded
Seed: [ 0.00882287  0.00032164 -0.01082348]  triangulation residual=0.094 mm
Sampled 10000 points in 2mm sphere
Surviving points (all 4 cameras): 1941
After outlier removal: 1862 points
Saved -> /home/computer0/fly_project/fly_gsplat/ctrl_009/039/f1149/init_points.ply
[prepare] frame 1149 data ready
Dataset generated successfully at: /home/computer0/fly_project/fly_gsplat/ctrl_009/039/f1150
4 cameras loaded
Seed: [ 0.00881363  0.00033447 -0.01084924]  triangulation residual=0.049 mm
Sampled 10000 points in 2mm sphere
Surviving points (all 4 cameras): 2003
After outlier removal: 1924 points
Saved -> /home/computer0/fly_project/fly_gsplat/ctrl_009/039/f1150/init_points.ply
[prepare] frame 1150 data ready
Dataset generated successfully at: /home/computer0/fly_project/fly_gsplat/ctrl_009/039/f1151
4 cameras loaded
Seed: [ 0.00880236  0.00034465 -0.01087052]  triangulation residual=0.053 mm
Sampled 10000 points in 2mm sphere
Surviving points (all 4 cameras): 2126
After outlier removal: 2041 points
Saved -> /home/computer0/fly_project/fly_gsplat/ctrl_009/039/f1151/init_points.ply
[prepare] frame 1151 data ready
Dataset generated successfully at: /home/computer0/fly_project/fly_gsplat/ctrl_009/039/f1152
4 cameras loaded
Seed: [ 0.00878006  0.00035398 -0.01089575]  triangulation residual=0.084 mm
Sampled 10000 points in 2mm sphere
Surviving points (all 4 cameras): 2288
After outlier removal: 2193 points
Saved -> /home/computer0/fly_project/fly_gsplat/ctrl_009/039/f1152/init_points.ply
[prepare] frame 1152 data ready
Dataset generated successfully at: /home/computer0/fly_project/fly_gsplat/ctrl_009/039/f1153
4 cameras loaded
Seed: [ 0.00876432  0.00035678 -0.01090739]  triangulation residual=0.116 mm
Sampled 10000 points in 2mm sphere
Surviving points (all 4 cameras): 2400
After outlier removal: 2302 points
Saved -> /home/computer0/fly_project/fly_gsplat/ctrl_009/039/f1153/init_points.ply
[prepare] frame 1153 data ready
Dataset generated successfully at: /home/computer0/fly_project/fly_gsplat/ctrl_009/039/f1154
4 cameras loaded
Seed: [ 0.00875641  0.0003617  -0.01091106]  triangulation residual=0.124 mm
Sampled 10000 points in 2mm sphere
Surviving points (all 4 cameras): 2480
After outlier removal: 2371 points
Saved -> /home/computer0/fly_project/fly_gsplat/ctrl_009/039/f1154/init_points.ply
[prepare] frame 1154 data ready
Dataset generated successfully at: /home/computer0/fly_project/fly_gsplat/ctrl_009/039/f1155
4 cameras loaded
Seed: [ 0.00876122  0.00036223 -0.01091312]  triangulation residual=0.127 mm
Sampled 10000 points in 2mm sphere
Surviving points (all 4 cameras): 2518
After outlier removal: 2395 points
Saved -> /home/computer0/fly_project/fly_gsplat/ctrl_009/039/f1155/init_points.ply
[prepare] frame 1155 data ready
Dataset generated successfully at: /home/computer0/fly_project/fly_gsplat/ctrl_009/039/f1156
4 cameras loaded
Seed: [ 0.00877518  0.00035498 -0.01091004]  triangulation residual=0.123 mm
Sampled 10000 points in 2mm sphere
Surviving points (all 4 cameras): 2489
After outlier removal: 2380 points
Saved -> /home/computer0/fly_project/fly_gsplat/ctrl_009/039/f1156/init_points.ply
[prepare] frame 1156 data ready
Dataset generated successfully at: /home/computer0/fly_project/fly_gsplat/ctrl_009/039/f1157
4 cameras loaded
Seed: [ 0.0087974   0.0003386  -0.01090491]  triangulation residual=0.119 mm
Sampled 10000 points in 2mm sphere
Surviving points (all 4 cameras): 2481
After outlier removal: 2378 points
Saved -> /home/computer0/fly_project/fly_gsplat/ctrl_009/039/f1157/init_points.ply
[prepare] frame 1157 data ready
Dataset generated successfully at: /home/computer0/fly_project/fly_gsplat/ctrl_009/039/f1158
4 cameras loaded
Seed: [ 0.00882908  0.00031616 -0.01090196]  triangulation residual=0.117 mm
Sampled 10000 points in 2mm sphere
Surviving points (all 4 cameras): 2414
After outlier removal: 2311 points
Saved -> /home/computer0/fly_project/fly_gsplat/ctrl_009/039/f1158/init_points.ply
[prepare] frame 1158 data ready
Dataset generated successfully at: /home/computer0/fly_project/fly_gsplat/ctrl_009/039/f1159
4 cameras loaded
Seed: [ 0.00886036  0.00030128 -0.01089484]  triangulation residual=0.109 mm
Sampled 10000 points in 2mm sphere
Surviving points (all 4 cameras): 2194
After outlier removal: 2095 points
Saved -> /home/computer0/fly_project/fly_gsplat/ctrl_009/039/f1159/init_points.ply
[prepare] frame 1159 data ready
Dataset generated successfully at: /home/computer0/fly_project/fly_gsplat/ctrl_009/039/f1160
4 cameras loaded
Seed: [ 0.00888853  0.00028539 -0.01089347]  triangulation residual=0.106 mm
Sampled 10000 points in 2mm sphere
Surviving points (all 4 cameras): 2160
After outlier removal: 2078 points
Saved -> /home/computer0/fly_project/fly_gsplat/ctrl_009/039/f1160/init_points.ply
[prepare] frame 1160 data ready
Dataset generated successfully at: /home/computer0/fly_project/fly_gsplat/ctrl_009/039/f1161
4 cameras loaded
Seed: [ 0.00891949  0.00026414 -0.01088837]  triangulation residual=0.103 mm
Sampled 10000 points in 2mm sphere
Surviving points (all 4 cameras): 2240
After outlier removal: 2145 points
Saved -> /home/computer0/fly_project/fly_gsplat/ctrl_009/039/f1161/init_points.ply
[prepare] frame 1161 data ready
Dataset generated successfully at: /home/computer0/fly_project/fly_gsplat/ctrl_009/039/f1162
4 cameras loaded
Seed: [ 0.0089497   0.00024109 -0.01088749]  triangulation residual=0.108 mm
Sampled 10000 points in 2mm sphere
Surviving points (all 4 cameras): 2207
After outlier removal: 2111 points
Saved -> /home/computer0/fly_project/fly_gsplat/ctrl_009/039/f1162/init_points.ply
[prepare] frame 1162 data ready
Dataset generated successfully at: /home/computer0/fly_project/fly_gsplat/ctrl_009/039/f1163
4 cameras loaded
Seed: [ 0.00898631  0.00021157 -0.01088494]  triangulation residual=0.116 mm
Sampled 10000 points in 2mm sphere
Surviving points (all 4 cameras): 2084
After outlier removal: 1994 points
Saved -> /home/computer0/fly_project/fly_gsplat/ctrl_009/039/f1163/init_points.ply
[prepare] frame 1163 data ready
Dataset generated successfully at: /home/computer0/fly_project/fly_gsplat/ctrl_009/039/f1164
4 cameras loaded
Seed: [ 0.00902016  0.00018128 -0.01089545]  triangulation residual=0.122 mm
Sampled 10000 points in 2mm sphere
Surviving points (all 4 cameras): 2049
After outlier removal: 1958 points
Saved -> /home/computer0/fly_project/fly_gsplat/ctrl_009/039/f1164/init_points.ply
[prepare] frame 1164 data ready
Dataset generated successfully at: /home/computer0/fly_project/fly_gsplat/ctrl_009/039/f1165
4 cameras loaded
Seed: [ 0.00905167  0.00014634 -0.01089537]  triangulation residual=0.124 mm
Sampled 10000 points in 2mm sphere
Surviving points (all 4 cameras): 2054
After outlier removal: 1966 points
Saved -> /home/computer0/fly_project/fly_gsplat/ctrl_009/039/f1165/init_points.ply
[prepare] frame 1165 data ready
Dataset generated successfully at: /home/computer0/fly_project/fly_gsplat/ctrl_009/039/f1166
4 cameras loaded
Seed: [ 0.00908419  0.00011213 -0.01090563]  triangulation residual=0.120 mm
Sampled 10000 points in 2mm sphere
Surviving points (all 4 cameras): 1991
After outlier removal: 1909 points
Saved -> /home/computer0/fly_project/fly_gsplat/ctrl_009/039/f1166/init_points.ply
[prepare] frame 1166 data ready
Dataset generated successfully at: /home/computer0/fly_project/fly_gsplat/ctrl_009/039/f1167
4 cameras loaded
Seed: [ 9.12428830e-03  7.69361770e-05 -1.09091411e-02]  triangulation residual=0.113 mm
Sampled 10000 points in 2mm sphere
Surviving points (all 4 cameras): 1946
After outlier removal: 1876 points
Saved -> /home/computer0/fly_project/fly_gsplat/ctrl_009/039/f1167/init_points.ply
[prepare] frame 1167 data ready
Dataset generated successfully at: /home/computer0/fly_project/fly_gsplat/ctrl_009/039/f1168
4 cameras loaded
Seed: [ 9.16461640e-03  4.02047581e-05 -1.09103753e-02]  triangulation residual=0.101 mm
Sampled 10000 points in 2mm sphere
Surviving points (all 4 cameras): 1954
After outlier removal: 1869 points
Saved -> /home/computer0/fly_project/fly_gsplat/ctrl_009/039/f1168/init_points.ply
[prepare] frame 1168 data ready
Dataset generated successfully at: /home/computer0/fly_project/fly_gsplat/ctrl_009/039/f1169
4 cameras loaded
Seed: [ 9.20824037e-03 -6.43652987e-06 -1.09063801e-02]  triangulation residual=0.094 mm
Sampled 10000 points in 2mm sphere
Surviving points (all 4 cameras): 1952
After outlier removal: 1877 points
Saved -> /home/computer0/fly_project/fly_gsplat/ctrl_009/039/f1169/init_points.ply
[prepare] frame 1169 data ready
Dataset generated successfully at: /home/computer0/fly_project/fly_gsplat/ctrl_009/039/f1170
4 cameras loaded
Seed: [ 9.26073138e-03 -4.95501556e-05 -1.09047617e-02]  triangulation residual=0.084 mm
Sampled 10000 points in 2mm sphere
Surviving points (all 4 cameras): 1933
After outlier removal: 1844 points
Saved -> /home/computer0/fly_project/fly_gsplat/ctrl_009/039/f1170/init_points.ply
[prepare] frame 1170 data ready
Dataset generated successfully at: /home/computer0/fly_project/fly_gsplat/ctrl_009/039/f1171
4 cameras loaded
Seed: [ 9.31548406e-03 -9.86239279e-05 -1.09044531e-02]  triangulation residual=0.075 mm
Sampled 10000 points in 2mm sphere
Surviving points (all 4 cameras): 1918
After outlier removal: 1840 points
Saved -> /home/computer0/fly_project/fly_gsplat/ctrl_009/039/f1171/init_points.ply
[prepare] frame 1171 data ready
Dataset generated successfully at: /home/computer0/fly_project/fly_gsplat/ctrl_009/039/f1172
4 cameras loaded
Seed: [ 0.00936098 -0.00015    -0.01090325]  triangulation residual=0.067 mm
Sampled 10000 points in 2mm sphere
Surviving points (all 4 cameras): 1931
After outlier removal: 1861 points
Saved -> /home/computer0/fly_project/fly_gsplat/ctrl_009/039/f1172/init_points.ply
[prepare] frame 1172 data ready
Dataset generated successfully at: /home/computer0/fly_project/fly_gsplat/ctrl_009/039/f1173
4 cameras loaded
Seed: [ 0.0094108  -0.00019815 -0.01091524]  triangulation residual=0.060 mm
Sampled 10000 points in 2mm sphere
Surviving points (all 4 cameras): 1781
After outlier removal: 1721 points
Saved -> /home/computer0/fly_project/fly_gsplat/ctrl_009/039/f1173/init_points.ply
[prepare] frame 1173 data ready
Dataset generated successfully at: /home/computer0/fly_project/fly_gsplat/ctrl_009/039/f1174
4 cameras loaded
Seed: [ 0.00945864 -0.0002405  -0.01093005]  triangulation residual=0.051 mm
Sampled 10000 points in 2mm sphere
Surviving points (all 4 cameras): 1814
After outlier removal: 1755 points
Saved -> /home/computer0/fly_project/fly_gsplat/ctrl_009/039/f1174/init_points.ply
[prepare] frame 1174 data ready
Dataset generated successfully at: /home/computer0/fly_project/fly_gsplat/ctrl_009/039/f1175
4 cameras loaded
Seed: [ 0.00949731 -0.00027559 -0.01094193]  triangulation residual=0.053 mm
Sampled 10000 points in 2mm sphere
Surviving points (all 4 cameras): 1832
After outlier removal: 1762 points
Saved -> /home/computer0/fly_project/fly_gsplat/ctrl_009/039/f1175/init_points.ply
[prepare] frame 1175 data ready
Dataset generated successfully at: /home/computer0/fly_project/fly_gsplat/ctrl_009/039/f1176
4 cameras loaded
Seed: [ 0.00953478 -0.00030499 -0.01095823]  triangulation residual=0.061 mm
Sampled 10000 points in 2mm sphere
Surviving points (all 4 cameras): 1799
After outlier removal: 1711 points
Saved -> /home/computer0/fly_project/fly_gsplat/ctrl_009/039/f1176/init_points.ply
[prepare] frame 1176 data ready
Dataset generated successfully at: /home/computer0/fly_project/fly_gsplat/ctrl_009/039/f1177
4 cameras loaded
Seed: [ 0.00956808 -0.0003307  -0.01097119]  triangulation residual=0.080 mm
Sampled 10000 points in 2mm sphere
Surviving points (all 4 cameras): 1887
After outlier removal: 1817 points
Saved -> /home/computer0/fly_project/fly_gsplat/ctrl_009/039/f1177/init_points.ply
[prepare] frame 1177 data ready
Dataset generated successfully at: /home/computer0/fly_project/fly_gsplat/ctrl_009/039/f1178
4 cameras loaded
Seed: [ 0.00960237 -0.00036453 -0.01100112]  triangulation residual=0.087 mm
Sampled 10000 points in 2mm sphere
Surviving points (all 4 cameras): 1843
After outlier removal: 1774 points
Saved -> /home/computer0/fly_project/fly_gsplat/ctrl_009/039/f1178/init_points.ply
[prepare] frame 1178 data ready
Dataset generated successfully at: /home/computer0/fly_project/fly_gsplat/ctrl_009/039/f1179
4 cameras loaded
Seed: [ 0.00963962 -0.00039253 -0.01103504]  triangulation residual=0.088 mm
Sampled 10000 points in 2mm sphere
Surviving points (all 4 cameras): 1925
After outlier removal: 1840 points
Saved -> /home/computer0/fly_project/fly_gsplat/ctrl_009/039/f1179/init_points.ply
[prepare] frame 1179 data ready
Dataset generated successfully at: /home/computer0/fly_project/fly_gsplat/ctrl_009/039/f1180
4 cameras loaded
Seed: [ 0.00967129 -0.00042255 -0.01107651]  triangulation residual=0.081 mm
Sampled 10000 points in 2mm sphere
Surviving points (all 4 cameras): 1899
After outlier removal: 1808 points
Saved -> /home/computer0/fly_project/fly_gsplat/ctrl_009/039/f1180/init_points.ply
[prepare] frame 1180 data ready
Dataset generated successfully at: /home/computer0/fly_project/fly_gsplat/ctrl_009/039/f1181
4 cameras loaded
Seed: [ 0.00970128 -0.00045049 -0.01111318]  triangulation residual=0.072 mm
Sampled 10000 points in 2mm sphere
Surviving points (all 4 cameras): 1991
After outlier removal: 1922 points
Saved -> /home/computer0/fly_project/fly_gsplat/ctrl_009/039/f1181/init_points.ply
[prepare] frame 1181 data ready
Dataset generated successfully at: /home/computer0/fly_project/fly_gsplat/ctrl_009/039/f1182
4 cameras loaded
Seed: [ 0.00973402 -0.00047098 -0.01115131]  triangulation residual=0.061 mm
Sampled 10000 points in 2mm sphere
Surviving points (all 4 cameras): 2093
After outlier removal: 2007 points
Saved -> /home/computer0/fly_project/fly_gsplat/ctrl_009/039/f1182/init_points.ply
[prepare] frame 1182 data ready
Dataset generated successfully at: /home/computer0/fly_project/fly_gsplat/ctrl_009/039/f1183
4 cameras loaded
Seed: [ 0.00975733 -0.00049033 -0.01118943]  triangulation residual=0.049 mm
Sampled 10000 points in 2mm sphere
Surviving points (all 4 cameras): 2036
After outlier removal: 1946 points
Saved -> /home/computer0/fly_project/fly_gsplat/ctrl_009/039/f1183/init_points.ply
[prepare] frame 1183 data ready
Dataset generated successfully at: /home/computer0/fly_project/fly_gsplat/ctrl_009/039/f1184
4 cameras loaded
Seed: [ 0.00978632 -0.00050313 -0.01122402]  triangulation residual=0.042 mm
Sampled 10000 points in 2mm sphere
Surviving points (all 4 cameras): 2016
After outlier removal: 1933 points
Saved -> /home/computer0/fly_project/fly_gsplat/ctrl_009/039/f1184/init_points.ply
[prepare] frame 1184 data ready
Dataset generated successfully at: /home/computer0/fly_project/fly_gsplat/ctrl_009/039/f1185
4 cameras loaded
Seed: [ 0.00980278 -0.0005133  -0.01125206]  triangulation residual=0.045 mm
Sampled 10000 points in 2mm sphere
Surviving points (all 4 cameras): 2058
After outlier removal: 1972 points
Saved -> /home/computer0/fly_project/fly_gsplat/ctrl_009/039/f1185/init_points.ply
[prepare] frame 1185 data ready
Dataset generated successfully at: /home/computer0/fly_project/fly_gsplat/ctrl_009/039/f1186
4 cameras loaded
Seed: [ 0.00981736 -0.00051807 -0.01127822]  triangulation residual=0.059 mm
Sampled 10000 points in 2mm sphere
Surviving points (all 4 cameras): 2064
After outlier removal: 1985 points
Saved -> /home/computer0/fly_project/fly_gsplat/ctrl_009/039/f1186/init_points.ply
[prepare] frame 1186 data ready
Dataset generated successfully at: /home/computer0/fly_project/fly_gsplat/ctrl_009/039/f1187
4 cameras loaded
Seed: [ 0.00981773 -0.0005212  -0.01129473]  triangulation residual=0.079 mm
Sampled 10000 points in 2mm sphere
Surviving points (all 4 cameras): 2128
After outlier removal: 2043 points
Saved -> /home/computer0/fly_project/fly_gsplat/ctrl_009/039/f1187/init_points.ply
[prepare] frame 1187 data ready
Dataset generated successfully at: /home/computer0/fly_project/fly_gsplat/ctrl_009/039/f1188
4 cameras loaded
Seed: [ 0.0098164  -0.00052165 -0.01130719]  triangulation residual=0.107 mm
Sampled 10000 points in 2mm sphere
Surviving points (all 4 cameras): 1983
After outlier removal: 1897 points
Saved -> /home/computer0/fly_project/fly_gsplat/ctrl_009/039/f1188/init_points.ply
[prepare] frame 1188 data ready
Dataset generated successfully at: /home/computer0/fly_project/fly_gsplat/ctrl_009/039/f1189
4 cameras loaded
Seed: [ 0.00980127 -0.00054949 -0.01131696]  triangulation residual=0.126 mm
Sampled 10000 points in 2mm sphere
Surviving points (all 4 cameras): 1974
After outlier removal: 1890 points
Saved -> /home/computer0/fly_project/fly_gsplat/ctrl_009/039/f1189/init_points.ply
[prepare] frame 1189 data ready
Dataset generated successfully at: /home/computer0/fly_project/fly_gsplat/ctrl_009/039/f1190
4 cameras loaded
Seed: [ 0.00978189 -0.00057119 -0.01132057]  triangulation residual=0.169 mm
Sampled 10000 points in 2mm sphere
Surviving points (all 4 cameras): 1974
After outlier removal: 1897 points
Saved -> /home/computer0/fly_project/fly_gsplat/ctrl_009/039/f1190/init_points.ply
[prepare] frame 1190 data ready
Dataset generated successfully at: /home/computer0/fly_project/fly_gsplat/ctrl_009/039/f1191
4 cameras loaded
Seed: [ 0.00979827 -0.00058221 -0.01132554]  triangulation residual=0.184 mm
Sampled 10000 points in 2mm sphere
Surviving points (all 4 cameras): 1885
After outlier removal: 1796 points
Saved -> /home/computer0/fly_project/fly_gsplat/ctrl_009/039/f1191/init_points.ply
[prepare] frame 1191 data ready
Dataset generated successfully at: /home/computer0/fly_project/fly_gsplat/ctrl_009/039/f1192
4 cameras loaded
Seed: [ 0.00983076 -0.00059677 -0.01136195]  triangulation residual=0.175 mm
Sampled 10000 points in 2mm sphere
Surviving points (all 4 cameras): 1837
After outlier removal: 1768 points
Saved -> /home/computer0/fly_project/fly_gsplat/ctrl_009/039/f1192/init_points.ply
[prepare] frame 1192 data ready
Dataset generated successfully at: /home/computer0/fly_project/fly_gsplat/ctrl_009/039/f1193
4 cameras loaded
Seed: [ 0.00986172 -0.00061589 -0.01140851]  triangulation residual=0.153 mm
Sampled 10000 points in 2mm sphere
Surviving points (all 4 cameras): 1913
After outlier removal: 1824 points
Saved -> /home/computer0/fly_project/fly_gsplat/ctrl_009/039/f1193/init_points.ply
[prepare] frame 1193 data ready
Dataset generated successfully at: /home/computer0/fly_project/fly_gsplat/ctrl_009/039/f1194
4 cameras loaded
Seed: [ 0.00988485 -0.00062564 -0.01144341]  triangulation residual=0.132 mm
Sampled 10000 points in 2mm sphere
Surviving points (all 4 cameras): 1987
After outlier removal: 1913 points
Saved -> /home/computer0/fly_project/fly_gsplat/ctrl_009/039/f1194/init_points.ply
[prepare] frame 1194 data ready
Dataset generated successfully at: /home/computer0/fly_project/fly_gsplat/ctrl_009/039/f1195
4 cameras loaded
Seed: [ 0.00989804 -0.00063138 -0.01146118]  triangulation residual=0.108 mm
Sampled 10000 points in 2mm sphere
Surviving points (all 4 cameras): 2149
After outlier removal: 2056 points
Saved -> /home/computer0/fly_project/fly_gsplat/ctrl_009/039/f1195/init_points.ply
[prepare] frame 1195 data ready
Dataset generated successfully at: /home/computer0/fly_project/fly_gsplat/ctrl_009/039/f1196
4 cameras loaded
Seed: [ 0.00990059 -0.00063255 -0.01146406]  triangulation residual=0.093 mm
Sampled 10000 points in 2mm sphere
Surviving points (all 4 cameras): 2168
After outlier removal: 2067 points
Saved -> /home/computer0/fly_project/fly_gsplat/ctrl_009/039/f1196/init_points.ply
[prepare] frame 1196 data ready
Dataset generated successfully at: /home/computer0/fly_project/fly_gsplat/ctrl_009/039/f1197
4 cameras loaded
Seed: [ 0.00989539 -0.00062933 -0.01145447]  triangulation residual=0.084 mm
Sampled 10000 points in 2mm sphere
Surviving points (all 4 cameras): 2097
After outlier removal: 2006 points
Saved -> /home/computer0/fly_project/fly_gsplat/ctrl_009/039/f1197/init_points.ply
[prepare] frame 1197 data ready
Dataset generated successfully at: /home/computer0/fly_project/fly_gsplat/ctrl_009/039/f1198
4 cameras loaded
Seed: [ 0.00988873 -0.00061844 -0.01143409]  triangulation residual=0.080 mm
Sampled 10000 points in 2mm sphere
Surviving points (all 4 cameras): 2194
After outlier removal: 2093 points
Saved -> /home/computer0/fly_project/fly_gsplat/ctrl_009/039/f1198/init_points.ply
[prepare] frame 1198 data ready
Dataset generated successfully at: /home/computer0/fly_project/fly_gsplat/ctrl_009/039/f1199
4 cameras loaded
Seed: [ 0.00987663 -0.00060332 -0.01140822]  triangulation residual=0.076 mm
Sampled 10000 points in 2mm sphere
Surviving points (all 4 cameras): 2140
After outlier removal: 2047 points
Saved -> /home/computer0/fly_project/fly_gsplat/ctrl_009/039/f1199/init_points.ply
[prepare] frame 1199 data ready
Dataset generated successfully at: /home/computer0/fly_project/fly_gsplat/ctrl_009/039/f1200
4 cameras loaded
Seed: [ 0.00985513 -0.00058547 -0.01137591]  triangulation residual=0.073 mm
Sampled 10000 points in 2mm sphere
Surviving points (all 4 cameras): 2123
After outlier removal: 2036 points
Saved -> /home/computer0/fly_project/fly_gsplat/ctrl_009/039/f1200/init_points.ply
[prepare] frame 1200 data ready
Dataset generated successfully at: /home/computer0/fly_project/fly_gsplat/ctrl_009/039/f1201
4 cameras loaded
Seed: [ 0.00983015 -0.00055945 -0.01134235]  triangulation residual=0.074 mm
Sampled 10000 points in 2mm sphere
Surviving points (all 4 cameras): 2079
After outlier removal: 2000 points
Saved -> /home/computer0/fly_project/fly_gsplat/ctrl_009/039/f1201/init_points.ply
[prepare] frame 1201 data ready
Dataset generated successfully at: /home/computer0/fly_project/fly_gsplat/ctrl_009/039/f1202
4 cameras loaded
Seed: [ 0.0097812  -0.00052523 -0.01130821]  triangulation residual=0.077 mm
Sampled 10000 points in 2mm sphere
Surviving points (all 4 cameras): 1925
After outlier removal: 1841 points
Saved -> /home/computer0/fly_project/fly_gsplat/ctrl_009/039/f1202/init_points.ply
[prepare] frame 1202 data ready
Dataset generated successfully at: /home/computer0/fly_project/fly_gsplat/ctrl_009/039/f1203
4 cameras loaded
Seed: [ 0.00972819 -0.00047981 -0.01128205]  triangulation residual=0.073 mm
Sampled 10000 points in 2mm sphere
Surviving points (all 4 cameras): 1867
After outlier removal: 1786 points
Saved -> /home/computer0/fly_project/fly_gsplat/ctrl_009/039/f1203/init_points.ply
[prepare] frame 1203 data ready
Dataset generated successfully at: /home/computer0/fly_project/fly_gsplat/ctrl_009/039/f1204
4 cameras loaded
Seed: [ 0.00966668 -0.00043993 -0.01125807]  triangulation residual=0.056 mm
Sampled 10000 points in 2mm sphere
Surviving points (all 4 cameras): 1767
After outlier removal: 1682 points
Saved -> /home/computer0/fly_project/fly_gsplat/ctrl_009/039/f1204/init_points.ply
[prepare] frame 1204 data ready
Dataset generated successfully at: /home/computer0/fly_project/fly_gsplat/ctrl_009/039/f1205
4 cameras loaded
Seed: [ 0.00959587 -0.00039921 -0.01123754]  triangulation residual=0.040 mm
Sampled 10000 points in 2mm sphere
Surviving points (all 4 cameras): 1872
After outlier removal: 1781 points
Saved -> /home/computer0/fly_project/fly_gsplat/ctrl_009/039/f1205/init_points.ply
[prepare] frame 1205 data ready
Dataset generated successfully at: /home/computer0/fly_project/fly_gsplat/ctrl_009/039/f1206
4 cameras loaded
Seed: [ 0.0095324  -0.0003443  -0.01121845]  triangulation residual=0.051 mm
Sampled 10000 points in 2mm sphere
Surviving points (all 4 cameras): 1828
After outlier removal: 1756 points
Saved -> /home/computer0/fly_project/fly_gsplat/ctrl_009/039/f1206/init_points.ply
[prepare] frame 1206 data ready
Dataset generated successfully at: /home/computer0/fly_project/fly_gsplat/ctrl_009/039/f1207
4 cameras loaded
Seed: [ 0.00947421 -0.00029438 -0.01122127]  triangulation residual=0.076 mm
Sampled 10000 points in 2mm sphere
Surviving points (all 4 cameras): 1864
After outlier removal: 1789 points
Saved -> /home/computer0/fly_project/fly_gsplat/ctrl_009/039/f1207/init_points.ply
[prepare] frame 1207 data ready
Dataset generated successfully at: /home/computer0/fly_project/fly_gsplat/ctrl_009/039/f1208
4 cameras loaded
Seed: [ 0.00941368 -0.00025429 -0.01123564]  triangulation residual=0.098 mm
Sampled 10000 points in 2mm sphere
Surviving points (all 4 cameras): 1868
After outlier removal: 1795 points
Saved -> /home/computer0/fly_project/fly_gsplat/ctrl_009/039/f1208/init_points.ply
[prepare] frame 1208 data ready
Dataset generated successfully at: /home/computer0/fly_project/fly_gsplat/ctrl_009/039/f1209
4 cameras loaded
Seed: [ 0.0093607  -0.00021581 -0.01125281]  triangulation residual=0.120 mm
Sampled 10000 points in 2mm sphere
Surviving points (all 4 cameras): 1804
After outlier removal: 1742 points
Saved -> /home/computer0/fly_project/fly_gsplat/ctrl_009/039/f1209/init_points.ply
[prepare] frame 1209 data ready
Dataset generated successfully at: /home/computer0/fly_project/fly_gsplat/ctrl_009/039/f1210
4 cameras loaded
Seed: [ 0.00931296 -0.00017646 -0.01127448]  triangulation residual=0.132 mm
Sampled 10000 points in 2mm sphere
Surviving points (all 4 cameras): 1836
After outlier removal: 1759 points
Saved -> /home/computer0/fly_project/fly_gsplat/ctrl_009/039/f1210/init_points.ply
[prepare] frame 1210 data ready
Dataset generated successfully at: /home/computer0/fly_project/fly_gsplat/ctrl_009/039/f1211
4 cameras loaded
Seed: [ 0.00926766 -0.00014551 -0.01130629]  triangulation residual=0.153 mm
Sampled 10000 points in 2mm sphere
Surviving points (all 4 cameras): 1876
After outlier removal: 1808 points
Saved -> /home/computer0/fly_project/fly_gsplat/ctrl_009/039/f1211/init_points.ply
[prepare] frame 1211 data ready
Dataset generated successfully at: /home/computer0/fly_project/fly_gsplat/ctrl_009/039/f1212
4 cameras loaded
Seed: [ 0.00923154 -0.00011995 -0.01134306]  triangulation residual=0.166 mm
Sampled 10000 points in 2mm sphere
Surviving points (all 4 cameras): 1857
After outlier removal: 1790 points
Saved -> /home/computer0/fly_project/fly_gsplat/ctrl_009/039/f1212/init_points.ply
[prepare] frame 1212 data ready
Dataset generated successfully at: /home/computer0/fly_project/fly_gsplat/ctrl_009/039/f1213
4 cameras loaded
Seed: [ 0.00919565 -0.00010074 -0.01137435]  triangulation residual=0.169 mm
Sampled 10000 points in 2mm sphere
Surviving points (all 4 cameras): 1903
After outlier removal: 1843 points
Saved -> /home/computer0/fly_project/fly_gsplat/ctrl_009/039/f1213/init_points.ply
[prepare] frame 1213 data ready
Dataset generated successfully at: /home/computer0/fly_project/fly_gsplat/ctrl_009/039/f1214
4 cameras loaded
Seed: [ 9.15985971e-03 -8.62887832e-05 -1.14143421e-02]  triangulation residual=0.169 mm
Sampled 10000 points in 2mm sphere
Surviving points (all 4 cameras): 1915
After outlier removal: 1842 points
Saved -> /home/computer0/fly_project/fly_gsplat/ctrl_009/039/f1214/init_points.ply
[prepare] frame 1214 data ready
Dataset generated successfully at: /home/computer0/fly_project/fly_gsplat/ctrl_009/039/f1215
4 cameras loaded
Seed: [ 9.13551204e-03 -7.64989329e-05 -1.14485094e-02]  triangulation residual=0.170 mm
Sampled 10000 points in 2mm sphere
Surviving points (all 4 cameras): 1967
After outlier removal: 1892 points
Saved -> /home/computer0/fly_project/fly_gsplat/ctrl_009/039/f1215/init_points.ply
[prepare] frame 1215 data ready
Dataset generated successfully at: /home/computer0/fly_project/fly_gsplat/ctrl_009/039/f1216
4 cameras loaded
Seed: [ 9.11495864e-03 -6.81514826e-05 -1.14863302e-02]  triangulation residual=0.161 mm
Sampled 10000 points in 2mm sphere
Surviving points (all 4 cameras): 1961
After outlier removal: 1878 points
Saved -> /home/computer0/fly_project/fly_gsplat/ctrl_009/039/f1216/init_points.ply
[prepare] frame 1216 data ready
Dataset generated successfully at: /home/computer0/fly_project/fly_gsplat/ctrl_009/039/f1217
4 cameras loaded
Seed: [ 9.09957936e-03 -6.41745608e-05 -1.15301003e-02]  triangulation residual=0.153 mm
Sampled 10000 points in 2mm sphere
Surviving points (all 4 cameras): 2030
After outlier removal: 1952 points
Saved -> /home/computer0/fly_project/fly_gsplat/ctrl_009/039/f1217/init_points.ply
[prepare] frame 1217 data ready
Dataset generated successfully at: /home/computer0/fly_project/fly_gsplat/ctrl_009/039/f1218
4 cameras loaded
Seed: [ 9.09384337e-03 -6.56626578e-05 -1.15734746e-02]  triangulation residual=0.144 mm
Sampled 10000 points in 2mm sphere
Surviving points (all 4 cameras): 2158
After outlier removal: 2073 points
Saved -> /home/computer0/fly_project/fly_gsplat/ctrl_009/039/f1218/init_points.ply
[prepare] frame 1218 data ready
Dataset generated successfully at: /home/computer0/fly_project/fly_gsplat/ctrl_009/039/f1219
4 cameras loaded
Seed: [ 9.09657691e-03 -7.33790646e-05 -1.16164900e-02]  triangulation residual=0.135 mm
Sampled 10000 points in 2mm sphere
Surviving points (all 4 cameras): 2125
After outlier removal: 2028 points
Saved -> /home/computer0/fly_project/fly_gsplat/ctrl_009/039/f1219/init_points.ply
[prepare] frame 1219 data ready
Dataset generated successfully at: /home/computer0/fly_project/fly_gsplat/ctrl_009/039/f1220
4 cameras loaded
Seed: [ 9.10768388e-03 -8.55895167e-05 -1.16512436e-02]  triangulation residual=0.125 mm
Sampled 10000 points in 2mm sphere
Surviving points (all 4 cameras): 2151
After outlier removal: 2068 points
Saved -> /home/computer0/fly_project/fly_gsplat/ctrl_009/039/f1220/init_points.ply
[prepare] frame 1220 data ready
Dataset generated successfully at: /home/computer0/fly_project/fly_gsplat/ctrl_009/039/f1221
4 cameras loaded
Seed: [ 0.00913589 -0.00010741 -0.01168911]  triangulation residual=0.116 mm
Sampled 10000 points in 2mm sphere
Surviving points (all 4 cameras): 2021
After outlier removal: 1944 points
Saved -> /home/computer0/fly_project/fly_gsplat/ctrl_009/039/f1221/init_points.ply
[prepare] frame 1221 data ready
Dataset generated successfully at: /home/computer0/fly_project/fly_gsplat/ctrl_009/039/f1222
4 cameras loaded
Seed: [ 0.00916517 -0.00012321 -0.01174561]  triangulation residual=0.114 mm
Sampled 10000 points in 2mm sphere
Surviving points (all 4 cameras): 1966
After outlier removal: 1888 points
Saved -> /home/computer0/fly_project/fly_gsplat/ctrl_009/039/f1222/init_points.ply
[prepare] frame 1222 data ready
Dataset generated successfully at: /home/computer0/fly_project/fly_gsplat/ctrl_009/039/f1223
4 cameras loaded
Seed: [ 0.00920816 -0.00015198 -0.01179229]  triangulation residual=0.125 mm
Sampled 10000 points in 2mm sphere
Surviving points (all 4 cameras): 1890
After outlier removal: 1799 points
Saved -> /home/computer0/fly_project/fly_gsplat/ctrl_009/039/f1223/init_points.ply
[prepare] frame 1223 data ready
Dataset generated successfully at: /home/computer0/fly_project/fly_gsplat/ctrl_009/039/f1224
4 cameras loaded
Seed: [ 0.00920943 -0.00017749 -0.01183351]  triangulation residual=0.113 mm
Sampled 10000 points in 2mm sphere
Surviving points (all 4 cameras): 1943
After outlier removal: 1872 points
Saved -> /home/computer0/fly_project/fly_gsplat/ctrl_009/039/f1224/init_points.ply
[prepare] frame 1224 data ready
Dataset generated successfully at: /home/computer0/fly_project/fly_gsplat/ctrl_009/039/f1225
4 cameras loaded
Seed: [ 0.00920731 -0.00019544 -0.01187002]  triangulation residual=0.093 mm
Sampled 10000 points in 2mm sphere
Surviving points (all 4 cameras): 1954
After outlier removal: 1873 points
Saved -> /home/computer0/fly_project/fly_gsplat/ctrl_009/039/f1225/init_points.ply
[prepare] frame 1225 data ready
Dataset generated successfully at: /home/computer0/fly_project/fly_gsplat/ctrl_009/039/f1226
4 cameras loaded
Seed: [ 0.00919715 -0.00018675 -0.0118918 ]  triangulation residual=0.051 mm
Sampled 10000 points in 2mm sphere
Surviving points (all 4 cameras): 1983
After outlier removal: 1900 points
Saved -> /home/computer0/fly_project/fly_gsplat/ctrl_009/039/f1226/init_points.ply
[prepare] frame 1226 data ready
Dataset generated successfully at: /home/computer0/fly_project/fly_gsplat/ctrl_009/039/f1227
4 cameras loaded
Seed: [ 0.00918811 -0.00017699 -0.01191868]  triangulation residual=0.043 mm
Sampled 10000 points in 2mm sphere
Surviving points (all 4 cameras): 2175
After outlier removal: 2083 points
Saved -> /home/computer0/fly_project/fly_gsplat/ctrl_009/039/f1227/init_points.ply
[prepare] frame 1227 data ready
Dataset generated successfully at: /home/computer0/fly_project/fly_gsplat/ctrl_009/039/f1228
4 cameras loaded
Seed: [ 0.00916395 -0.00016516 -0.01194426]  triangulation residual=0.072 mm
Sampled 10000 points in 2mm sphere
Surviving points (all 4 cameras): 2280
After outlier removal: 2194 points
Saved -> /home/computer0/fly_project/fly_gsplat/ctrl_009/039/f1228/init_points.ply
[prepare] frame 1228 data ready
Dataset generated successfully at: /home/computer0/fly_project/fly_gsplat/ctrl_009/039/f1229
4 cameras loaded
Seed: [ 0.0091449  -0.00016127 -0.01195941]  triangulation residual=0.105 mm
Sampled 10000 points in 2mm sphere
Surviving points (all 4 cameras): 2384
After outlier removal: 2291 points
Saved -> /home/computer0/fly_project/fly_gsplat/ctrl_009/039/f1229/init_points.ply
[prepare] frame 1229 data ready
Dataset generated successfully at: /home/computer0/fly_project/fly_gsplat/ctrl_009/039/f1230
4 cameras loaded
Seed: [ 0.00913581 -0.00015509 -0.01196886]  triangulation residual=0.123 mm
Sampled 10000 points in 2mm sphere
Surviving points (all 4 cameras): 2473
After outlier removal: 2373 points
Saved -> /home/computer0/fly_project/fly_gsplat/ctrl_009/039/f1230/init_points.ply
[prepare] frame 1230 data ready
Dataset generated successfully at: /home/computer0/fly_project/fly_gsplat/ctrl_009/039/f1231
4 cameras loaded
Seed: [ 0.00913871 -0.00015603 -0.01197453]  triangulation residual=0.124 mm
Sampled 10000 points in 2mm sphere
Surviving points (all 4 cameras): 2511
After outlier removal: 2405 points
Saved -> /home/computer0/fly_project/fly_gsplat/ctrl_009/039/f1231/init_points.ply
[prepare] frame 1231 data ready
Dataset generated successfully at: /home/computer0/fly_project/fly_gsplat/ctrl_009/039/f1232
4 cameras loaded
Seed: [ 0.00914783 -0.0001616  -0.01197712]  triangulation residual=0.122 mm
Sampled 10000 points in 2mm sphere
Surviving points (all 4 cameras): 2565
After outlier removal: 2461 points
Saved -> /home/computer0/fly_project/fly_gsplat/ctrl_009/039/f1232/init_points.ply
[prepare] frame 1232 data ready
Dataset generated successfully at: /home/computer0/fly_project/fly_gsplat/ctrl_009/039/f1233
4 cameras loaded
Seed: [ 0.00916743 -0.00017722 -0.0119712 ]  triangulation residual=0.119 mm
Sampled 10000 points in 2mm sphere
Surviving points (all 4 cameras): 2547
After outlier removal: 2434 points
Saved -> /home/computer0/fly_project/fly_gsplat/ctrl_009/039/f1233/init_points.ply
[prepare] frame 1233 data ready
Dataset generated successfully at: /home/computer0/fly_project/fly_gsplat/ctrl_009/039/f1234
4 cameras loaded
Seed: [ 0.0091969  -0.00019436 -0.01196953]  triangulation residual=0.116 mm
Sampled 10000 points in 2mm sphere
Surviving points (all 4 cameras): 2432
After outlier removal: 2332 points
Saved -> /home/computer0/fly_project/fly_gsplat/ctrl_009/039/f1234/init_points.ply
[prepare] frame 1234 data ready
Dataset generated successfully at: /home/computer0/fly_project/fly_gsplat/ctrl_009/039/f1235
4 cameras loaded
Seed: [ 0.00922848 -0.00021415 -0.01196165]  triangulation residual=0.115 mm
Sampled 10000 points in 2mm sphere
Surviving points (all 4 cameras): 2347
After outlier removal: 2248 points
Saved -> /home/computer0/fly_project/fly_gsplat/ctrl_009/039/f1235/init_points.ply
[prepare] frame 1235 data ready
Dataset generated successfully at: /home/computer0/fly_project/fly_gsplat/ctrl_009/039/f1236
4 cameras loaded
Seed: [ 0.00925535 -0.00022623 -0.01196069]  triangulation residual=0.107 mm
Sampled 10000 points in 2mm sphere
Surviving points (all 4 cameras): 2234
After outlier removal: 2152 points
Saved -> /home/computer0/fly_project/fly_gsplat/ctrl_009/039/f1236/init_points.ply
[prepare] frame 1236 data ready
Dataset generated successfully at: /home/computer0/fly_project/fly_gsplat/ctrl_009/039/f1237
4 cameras loaded
Seed: [ 0.00928504 -0.00024756 -0.01195458]  triangulation residual=0.104 mm
Sampled 10000 points in 2mm sphere
Surviving points (all 4 cameras): 2284
After outlier removal: 2197 points
Saved -> /home/computer0/fly_project/fly_gsplat/ctrl_009/039/f1237/init_points.ply
[prepare] frame 1237 data ready
Dataset generated successfully at: /home/computer0/fly_project/fly_gsplat/ctrl_009/039/f1238
4 cameras loaded
Seed: [ 0.00931386 -0.00027093 -0.01195046]  triangulation residual=0.107 mm
Sampled 10000 points in 2mm sphere
Surviving points (all 4 cameras): 2199
After outlier removal: 2101 points
Saved -> /home/computer0/fly_project/fly_gsplat/ctrl_009/039/f1238/init_points.ply
[prepare] frame 1238 data ready
Dataset generated successfully at: /home/computer0/fly_project/fly_gsplat/ctrl_009/039/f1239
4 cameras loaded
Seed: [ 0.00934736 -0.000301   -0.01194914]  triangulation residual=0.112 mm
Sampled 10000 points in 2mm sphere
Surviving points (all 4 cameras): 2095
After outlier removal: 2013 points
Saved -> /home/computer0/fly_project/fly_gsplat/ctrl_009/039/f1239/init_points.ply
[prepare] frame 1239 data ready
Dataset generated successfully at: /home/computer0/fly_project/fly_gsplat/ctrl_009/039/f1240
4 cameras loaded
Seed: [ 0.0093839  -0.00032343 -0.0119584 ]  triangulation residual=0.124 mm
Sampled 10000 points in 2mm sphere
Surviving points (all 4 cameras): 2155
After outlier removal: 2060 points
Saved -> /home/computer0/fly_project/fly_gsplat/ctrl_009/039/f1240/init_points.ply
[prepare] frame 1240 data ready
Dataset generated successfully at: /home/computer0/fly_project/fly_gsplat/ctrl_009/039/f1241
4 cameras loaded
Seed: [ 0.00941421 -0.00036217 -0.01195815]  triangulation residual=0.127 mm
Sampled 10000 points in 2mm sphere
Surviving points (all 4 cameras): 2122
After outlier removal: 2031 points
Saved -> /home/computer0/fly_project/fly_gsplat/ctrl_009/039/f1241/init_points.ply
[prepare] frame 1241 data ready
Dataset generated successfully at: /home/computer0/fly_project/fly_gsplat/ctrl_009/039/f1242
4 cameras loaded
Seed: [ 0.00944374 -0.000395   -0.01196646]  triangulation residual=0.126 mm
Sampled 10000 points in 2mm sphere
Surviving points (all 4 cameras): 2038
After outlier removal: 1963 points
Saved -> /home/computer0/fly_project/fly_gsplat/ctrl_009/039/f1242/init_points.ply
[prepare] frame 1242 data ready
Dataset generated successfully at: /home/computer0/fly_project/fly_gsplat/ctrl_009/039/f1243
4 cameras loaded
Seed: [ 0.00947426 -0.00043085 -0.01196621]  triangulation residual=0.119 mm
Sampled 10000 points in 2mm sphere
Surviving points (all 4 cameras): 2037
After outlier removal: 1961 points
Saved -> /home/computer0/fly_project/fly_gsplat/ctrl_009/039/f1243/init_points.ply
[prepare] frame 1243 data ready
Dataset generated successfully at: /home/computer0/fly_project/fly_gsplat/ctrl_009/039/f1244
4 cameras loaded
Seed: [ 0.0095123  -0.0004643  -0.01196311]  triangulation residual=0.110 mm
Sampled 10000 points in 2mm sphere
Surviving points (all 4 cameras): 2046
After outlier removal: 1953 points
Saved -> /home/computer0/fly_project/fly_gsplat/ctrl_009/039/f1244/init_points.ply
[prepare] frame 1244 data ready
Dataset generated successfully at: /home/computer0/fly_project/fly_gsplat/ctrl_009/039/f1245
4 cameras loaded
Seed: [ 0.00956108 -0.00050785 -0.01196262]  triangulation residual=0.100 mm
Sampled 10000 points in 2mm sphere
Surviving points (all 4 cameras): 1979
After outlier removal: 1888 points
Saved -> /home/computer0/fly_project/fly_gsplat/ctrl_009/039/f1245/init_points.ply
[prepare] frame 1245 data ready
Dataset generated successfully at: /home/computer0/fly_project/fly_gsplat/ctrl_009/039/f1246
4 cameras loaded
Seed: [ 0.00961151 -0.00055057 -0.01195759]  triangulation residual=0.090 mm
Sampled 10000 points in 2mm sphere
Surviving points (all 4 cameras): 2014
After outlier removal: 1923 points
Saved -> /home/computer0/fly_project/fly_gsplat/ctrl_009/039/f1246/init_points.ply
[prepare] frame 1246 data ready
Dataset generated successfully at: /home/computer0/fly_project/fly_gsplat/ctrl_009/039/f1247
4 cameras loaded
Seed: [ 0.00966206 -0.00060393 -0.01195384]  triangulation residual=0.081 mm
Sampled 10000 points in 2mm sphere
Surviving points (all 4 cameras): 2036
After outlier removal: 1958 points
Saved -> /home/computer0/fly_project/fly_gsplat/ctrl_009/039/f1247/init_points.ply
[prepare] frame 1247 data ready
Dataset generated successfully at: /home/computer0/fly_project/fly_gsplat/ctrl_009/039/f1248
4 cameras loaded
Seed: [ 0.00970989 -0.00065571 -0.01194973]  triangulation residual=0.073 mm
Sampled 10000 points in 2mm sphere
Surviving points (all 4 cameras): 1943
After outlier removal: 1875 points
Saved -> /home/computer0/fly_project/fly_gsplat/ctrl_009/039/f1248/init_points.ply
[prepare] frame 1248 data ready
Dataset generated successfully at: /home/computer0/fly_project/fly_gsplat/ctrl_009/039/f1249
4 cameras loaded
Seed: [ 0.00975622 -0.00070773 -0.01195176]  triangulation residual=0.069 mm
Sampled 10000 points in 2mm sphere
Surviving points (all 4 cameras): 1822
After outlier removal: 1753 points
Saved -> /home/computer0/fly_project/fly_gsplat/ctrl_009/039/f1249/init_points.ply
[prepare] frame 1249 data ready
Dataset generated successfully at: /home/computer0/fly_project/fly_gsplat/ctrl_009/039/f1250
4 cameras loaded
Seed: [ 0.00980803 -0.00075004 -0.01195923]  triangulation residual=0.059 mm
Sampled 10000 points in 2mm sphere
Surviving points (all 4 cameras): 1849
After outlier removal: 1779 points
Saved -> /home/computer0/fly_project/fly_gsplat/ctrl_009/039/f1250/init_points.ply
[prepare] frame 1250 data ready
Dataset generated successfully at: /home/computer0/fly_project/fly_gsplat/ctrl_009/039/f1251
4 cameras loaded
Seed: [ 0.00984839 -0.00079128 -0.01197162]  triangulation residual=0.051 mm
Sampled 10000 points in 2mm sphere
Surviving points (all 4 cameras): 1771
After outlier removal: 1690 points
Saved -> /home/computer0/fly_project/fly_gsplat/ctrl_009/039/f1251/init_points.ply
[prepare] frame 1251 data ready
Dataset generated successfully at: /home/computer0/fly_project/fly_gsplat/ctrl_009/039/f1252
4 cameras loaded
Seed: [ 0.00988703 -0.00082221 -0.01197916]  triangulation residual=0.054 mm
Sampled 10000 points in 2mm sphere
Surviving points (all 4 cameras): 1836
After outlier removal: 1776 points
Saved -> /home/computer0/fly_project/fly_gsplat/ctrl_009/039/f1252/init_points.ply
[prepare] frame 1252 data ready
Dataset generated successfully at: /home/computer0/fly_project/fly_gsplat/ctrl_009/039/f1253
4 cameras loaded
Seed: [ 0.00991781 -0.000854   -0.01199118]  triangulation residual=0.072 mm
Sampled 10000 points in 2mm sphere
Surviving points (all 4 cameras): 1769
After outlier removal: 1690 points
Saved -> /home/computer0/fly_project/fly_gsplat/ctrl_009/039/f1253/init_points.ply
[prepare] frame 1253 data ready
Dataset generated successfully at: /home/computer0/fly_project/fly_gsplat/ctrl_009/039/f1254
4 cameras loaded
Seed: [ 0.0099567  -0.00087771 -0.01201404]  triangulation residual=0.084 mm
Sampled 10000 points in 2mm sphere
Surviving points (all 4 cameras): 1871
After outlier removal: 1800 points
Saved -> /home/computer0/fly_project/fly_gsplat/ctrl_009/039/f1254/init_points.ply
[prepare] frame 1254 data ready
Dataset generated successfully at: /home/computer0/fly_project/fly_gsplat/ctrl_009/039/f1255
4 cameras loaded
Seed: [ 0.00999071 -0.00091235 -0.01204266]  triangulation residual=0.087 mm
Sampled 10000 points in 2mm sphere
Surviving points (all 4 cameras): 1935
After outlier removal: 1853 points
Saved -> /home/computer0/fly_project/fly_gsplat/ctrl_009/039/f1255/init_points.ply
[prepare] frame 1255 data ready
Dataset generated successfully at: /home/computer0/fly_project/fly_gsplat/ctrl_009/039/f1256
4 cameras loaded
Seed: [ 0.01002201 -0.00094278 -0.01207635]  triangulation residual=0.085 mm
Sampled 10000 points in 2mm sphere
Surviving points (all 4 cameras): 1986
After outlier removal: 1916 points
Saved -> /home/computer0/fly_project/fly_gsplat/ctrl_009/039/f1256/init_points.ply
[prepare] frame 1256 data ready
Dataset generated successfully at: /home/computer0/fly_project/fly_gsplat/ctrl_009/039/f1257
4 cameras loaded
Seed: [ 0.01005062 -0.00097043 -0.01211134]  triangulation residual=0.079 mm
Sampled 10000 points in 2mm sphere
Surviving points (all 4 cameras): 1978
After outlier removal: 1893 points
Saved -> /home/computer0/fly_project/fly_gsplat/ctrl_009/039/f1257/init_points.ply
[prepare] frame 1257 data ready
Dataset generated successfully at: /home/computer0/fly_project/fly_gsplat/ctrl_009/039/f1258
4 cameras loaded
Seed: [ 0.01007954 -0.00099655 -0.01214433]  triangulation residual=0.072 mm
Sampled 10000 points in 2mm sphere
Surviving points (all 4 cameras): 2003
After outlier removal: 1921 points
Saved -> /home/computer0/fly_project/fly_gsplat/ctrl_009/039/f1258/init_points.ply
[prepare] frame 1258 data ready
Dataset generated successfully at: /home/computer0/fly_project/fly_gsplat/ctrl_009/039/f1259
4 cameras loaded
Seed: [ 0.01010984 -0.00101578 -0.01218339]  triangulation residual=0.060 mm
Sampled 10000 points in 2mm sphere
Surviving points (all 4 cameras): 1948
After outlier removal: 1869 points
Saved -> /home/computer0/fly_project/fly_gsplat/ctrl_009/039/f1259/init_points.ply
[prepare] frame 1259 data ready
Dataset generated successfully at: /home/computer0/fly_project/fly_gsplat/ctrl_009/039/f1260
4 cameras loaded
Seed: [ 0.01013714 -0.00103077 -0.01221761]  triangulation residual=0.051 mm
Sampled 10000 points in 2mm sphere
Surviving points (all 4 cameras): 2085
After outlier removal: 1981 points
Saved -> /home/computer0/fly_project/fly_gsplat/ctrl_009/039/f1260/init_points.ply
[prepare] frame 1260 data ready
Dataset generated successfully at: /home/computer0/fly_project/fly_gsplat/ctrl_009/039/f1261
4 cameras loaded
Seed: [ 0.01015889 -0.00104453 -0.01224953]  triangulation residual=0.047 mm
Sampled 10000 points in 2mm sphere
Surviving points (all 4 cameras): 2076
After outlier removal: 1987 points
Saved -> /home/computer0/fly_project/fly_gsplat/ctrl_009/039/f1261/init_points.ply
[prepare] frame 1261 data ready
Dataset generated successfully at: /home/computer0/fly_project/fly_gsplat/ctrl_009/039/f1262
4 cameras loaded
Seed: [ 0.01017223 -0.00104907 -0.01227372]  triangulation residual=0.048 mm
Sampled 10000 points in 2mm sphere
Surviving points (all 4 cameras): 2093
After outlier removal: 1999 points
Saved -> /home/computer0/fly_project/fly_gsplat/ctrl_009/039/f1262/init_points.ply
[prepare] frame 1262 data ready
Dataset generated successfully at: /home/computer0/fly_project/fly_gsplat/ctrl_009/039/f1263
4 cameras loaded
Seed: [ 0.01018649 -0.00104729 -0.01229669]  triangulation residual=0.064 mm
Sampled 10000 points in 2mm sphere
Surviving points (all 4 cameras): 2132
After outlier removal: 2042 points
Saved -> /home/computer0/fly_project/fly_gsplat/ctrl_009/039/f1263/init_points.ply
[prepare] frame 1263 data ready
Dataset generated successfully at: /home/computer0/fly_project/fly_gsplat/ctrl_009/039/f1264
4 cameras loaded
Seed: [ 0.01018618 -0.00104509 -0.01231839]  triangulation residual=0.092 mm
Sampled 10000 points in 2mm sphere
Surviving points (all 4 cameras): 2056
After outlier removal: 1979 points
Saved -> /home/computer0/fly_project/fly_gsplat/ctrl_009/039/f1264/init_points.ply
[prepare] frame 1264 data ready
Dataset generated successfully at: /home/computer0/fly_project/fly_gsplat/ctrl_009/039/f1265
4 cameras loaded
Seed: [ 0.01018021 -0.00105634 -0.01232967]  triangulation residual=0.118 mm
Sampled 10000 points in 2mm sphere
Surviving points (all 4 cameras): 2006
After outlier removal: 1922 points
Saved -> /home/computer0/fly_project/fly_gsplat/ctrl_009/039/f1265/init_points.ply
[prepare] frame 1265 data ready
Dataset generated successfully at: /home/computer0/fly_project/fly_gsplat/ctrl_009/039/f1266
4 cameras loaded
Seed: [ 0.01015927 -0.00108515 -0.01233738]  triangulation residual=0.149 mm
Sampled 10000 points in 2mm sphere
Surviving points (all 4 cameras): 1853
After outlier removal: 1775 points
Saved -> /home/computer0/fly_project/fly_gsplat/ctrl_009/039/f1266/init_points.ply
[prepare] frame 1266 data ready
Dataset generated successfully at: /home/computer0/fly_project/fly_gsplat/ctrl_009/039/f1267
4 cameras loaded
Seed: [ 0.01015373 -0.00110417 -0.01233504]  triangulation residual=0.181 mm
Sampled 10000 points in 2mm sphere
Surviving points (all 4 cameras): 1922
After outlier removal: 1834 points
Saved -> /home/computer0/fly_project/fly_gsplat/ctrl_009/039/f1267/init_points.ply
[prepare] frame 1267 data ready
Dataset generated successfully at: /home/computer0/fly_project/fly_gsplat/ctrl_009/039/f1268
4 cameras loaded
Seed: [ 0.01018848 -0.00111735 -0.01236346]  triangulation residual=0.186 mm
Sampled 10000 points in 2mm sphere
Surviving points (all 4 cameras): 1902
After outlier removal: 1818 points
Saved -> /home/computer0/fly_project/fly_gsplat/ctrl_009/039/f1268/init_points.ply
[prepare] frame 1268 data ready
Dataset generated successfully at: /home/computer0/fly_project/fly_gsplat/ctrl_009/039/f1269
4 cameras loaded
Seed: [ 0.01022256 -0.00113363 -0.01241157]  triangulation residual=0.167 mm
Sampled 10000 points in 2mm sphere
Surviving points (all 4 cameras): 1948
After outlier removal: 1878 points
Saved -> /home/computer0/fly_project/fly_gsplat/ctrl_009/039/f1269/init_points.ply
[prepare] frame 1269 data ready
Dataset generated successfully at: /home/computer0/fly_project/fly_gsplat/ctrl_009/039/f1270
4 cameras loaded
Seed: [ 0.01024868 -0.00114607 -0.01244782]  triangulation residual=0.147 mm
Sampled 10000 points in 2mm sphere
Surviving points (all 4 cameras): 2008
After outlier removal: 1925 points
Saved -> /home/computer0/fly_project/fly_gsplat/ctrl_009/039/f1270/init_points.ply
[prepare] frame 1270 data ready
Dataset generated successfully at: /home/computer0/fly_project/fly_gsplat/ctrl_009/039/f1271
4 cameras loaded
Seed: [ 0.01026672 -0.001156   -0.01246936]  triangulation residual=0.125 mm
Sampled 10000 points in 2mm sphere
Surviving points (all 4 cameras): 2092
After outlier removal: 2003 points
Saved -> /home/computer0/fly_project/fly_gsplat/ctrl_009/039/f1271/init_points.ply
[prepare] frame 1271 data ready
Dataset generated successfully at: /home/computer0/fly_project/fly_gsplat/ctrl_009/039/f1272
4 cameras loaded
Seed: [ 0.01027305 -0.00115989 -0.0124819 ]  triangulation residual=0.104 mm
Sampled 10000 points in 2mm sphere
Surviving points (all 4 cameras): 2052
After outlier removal: 1963 points
Saved -> /home/computer0/fly_project/fly_gsplat/ctrl_009/039/f1272/init_points.ply
[prepare] frame 1272 data ready
Dataset generated successfully at: /home/computer0/fly_project/fly_gsplat/ctrl_009/039/f1273
4 cameras loaded
Seed: [ 0.01026883 -0.00116077 -0.01248016]  triangulation residual=0.092 mm
Sampled 10000 points in 2mm sphere
Surviving points (all 4 cameras): 2137
After outlier removal: 2042 points
Saved -> /home/computer0/fly_project/fly_gsplat/ctrl_009/039/f1273/init_points.ply
[prepare] frame 1273 data ready
Dataset generated successfully at: /home/computer0/fly_project/fly_gsplat/ctrl_009/039/f1274
4 cameras loaded
Seed: [ 0.01025936 -0.00115403 -0.01246126]  triangulation residual=0.084 mm
Sampled 10000 points in 2mm sphere
Surviving points (all 4 cameras): 2158
After outlier removal: 2063 points
Saved -> /home/computer0/fly_project/fly_gsplat/ctrl_009/039/f1274/init_points.ply
[prepare] frame 1274 data ready
Dataset generated successfully at: /home/computer0/fly_project/fly_gsplat/ctrl_009/039/f1275
4 cameras loaded
Seed: [ 0.010248   -0.00113777 -0.01243371]  triangulation residual=0.077 mm
Sampled 10000 points in 2mm sphere
Surviving points (all 4 cameras): 2161
After outlier removal: 2074 points
Saved -> /home/computer0/fly_project/fly_gsplat/ctrl_009/039/f1275/init_points.ply
[prepare] frame 1275 data ready
Dataset generated successfully at: /home/computer0/fly_project/fly_gsplat/ctrl_009/039/f1276
4 cameras loaded
Seed: [ 0.0102309  -0.00111668 -0.0124031 ]  triangulation residual=0.075 mm
Sampled 10000 points in 2mm sphere
Surviving points (all 4 cameras): 2201
After outlier removal: 2096 points
Saved -> /home/computer0/fly_project/fly_gsplat/ctrl_009/039/f1276/init_points.ply
[prepare] frame 1276 data ready
Dataset generated successfully at: /home/computer0/fly_project/fly_gsplat/ctrl_009/039/f1277
4 cameras loaded
Seed: [ 0.01020242 -0.00109186 -0.0123706 ]  triangulation residual=0.072 mm
Sampled 10000 points in 2mm sphere
Surviving points (all 4 cameras): 2087
After outlier removal: 2001 points
Saved -> /home/computer0/fly_project/fly_gsplat/ctrl_009/039/f1277/init_points.ply
[prepare] frame 1277 data ready
Dataset generated successfully at: /home/computer0/fly_project/fly_gsplat/ctrl_009/039/f1278
4 cameras loaded
Seed: [ 0.01015465 -0.00106233 -0.01233815]  triangulation residual=0.075 mm
Sampled 10000 points in 2mm sphere
Surviving points (all 4 cameras): 1884
After outlier removal: 1813 points
Saved -> /home/computer0/fly_project/fly_gsplat/ctrl_009/039/f1278/init_points.ply
[prepare] frame 1278 data ready
Dataset generated successfully at: /home/computer0/fly_project/fly_gsplat/ctrl_009/039/f1279
4 cameras loaded
Seed: [ 0.01009444 -0.00101721 -0.01230904]  triangulation residual=0.067 mm
Sampled 10000 points in 2mm sphere
Surviving points (all 4 cameras): 1847
After outlier removal: 1762 points
Saved -> /home/computer0/fly_project/fly_gsplat/ctrl_009/039/f1279/init_points.ply
[prepare] frame 1279 data ready
Dataset generated successfully at: /home/computer0/fly_project/fly_gsplat/ctrl_009/039/f1280
4 cameras loaded
Seed: [ 0.01004148 -0.00097617 -0.01229184]  triangulation residual=0.054 mm
Sampled 10000 points in 2mm sphere
Surviving points (all 4 cameras): 1709
After outlier removal: 1653 points
Saved -> /home/computer0/fly_project/fly_gsplat/ctrl_009/039/f1280/init_points.ply
[prepare] frame 1280 data ready
Dataset generated successfully at: /home/computer0/fly_project/fly_gsplat/ctrl_009/039/f1281
4 cameras loaded
Seed: [ 0.00996979 -0.00093657 -0.01228209]  triangulation residual=0.039 mm
Sampled 10000 points in 2mm sphere
Surviving points (all 4 cameras): 1836
After outlier removal: 1754 points
Saved -> /home/computer0/fly_project/fly_gsplat/ctrl_009/039/f1281/init_points.ply
[prepare] frame 1281 data ready
Dataset generated successfully at: /home/computer0/fly_project/fly_gsplat/ctrl_009/039/f1282
4 cameras loaded
Seed: [ 0.00990453 -0.00089116 -0.01227312]  triangulation residual=0.046 mm
Sampled 10000 points in 2mm sphere
Surviving points (all 4 cameras): 1803
After outlier removal: 1730 points
Saved -> /home/computer0/fly_project/fly_gsplat/ctrl_009/039/f1282/init_points.ply
[prepare] frame 1282 data ready
Dataset generated successfully at: /home/computer0/fly_project/fly_gsplat/ctrl_009/039/f1283
4 cameras loaded
Seed: [ 0.00984447 -0.00084334 -0.01226947]  triangulation residual=0.072 mm
Sampled 10000 points in 2mm sphere
Surviving points (all 4 cameras): 1798
After outlier removal: 1715 points
Saved -> /home/computer0/fly_project/fly_gsplat/ctrl_009/039/f1283/init_points.ply
[prepare] frame 1283 data ready
Dataset generated successfully at: /home/computer0/fly_project/fly_gsplat/ctrl_009/039/f1284
4 cameras loaded
Seed: [ 0.0097896  -0.00079897 -0.01228715]  triangulation residual=0.094 mm
Sampled 10000 points in 2mm sphere
Surviving points (all 4 cameras): 1881
After outlier removal: 1804 points
Saved -> /home/computer0/fly_project/fly_gsplat/ctrl_009/039/f1284/init_points.ply
[prepare] frame 1284 data ready
Dataset generated successfully at: /home/computer0/fly_project/fly_gsplat/ctrl_009/039/f1285
4 cameras loaded
Seed: [ 0.00973959 -0.00075704 -0.01230824]  triangulation residual=0.112 mm
Sampled 10000 points in 2mm sphere
Surviving points (all 4 cameras): 1789
After outlier removal: 1720 points
Saved -> /home/computer0/fly_project/fly_gsplat/ctrl_009/039/f1285/init_points.ply
[prepare] frame 1285 data ready
Dataset generated successfully at: /home/computer0/fly_project/fly_gsplat/ctrl_009/039/f1286
4 cameras loaded
Seed: [ 0.00969058 -0.00071768 -0.012331  ]  triangulation residual=0.129 mm
Sampled 10000 points in 2mm sphere
Surviving points (all 4 cameras): 1854
After outlier removal: 1789 points
Saved -> /home/computer0/fly_project/fly_gsplat/ctrl_009/039/f1286/init_points.ply
[prepare] frame 1286 data ready
Dataset generated successfully at: /home/computer0/fly_project/fly_gsplat/ctrl_009/039/f1287
4 cameras loaded
Seed: [ 0.00964626 -0.00068474 -0.01235738]  triangulation residual=0.147 mm
Sampled 10000 points in 2mm sphere
Surviving points (all 4 cameras): 1844
After outlier removal: 1767 points
Saved -> /home/computer0/fly_project/fly_gsplat/ctrl_009/039/f1287/init_points.ply
[prepare] frame 1287 data ready
Dataset generated successfully at: /home/computer0/fly_project/fly_gsplat/ctrl_009/039/f1288
4 cameras loaded
Seed: [ 0.00960933 -0.00066042 -0.01239429]  triangulation residual=0.152 mm
Sampled 10000 points in 2mm sphere
Surviving points (all 4 cameras): 1866
After outlier removal: 1792 points
Saved -> /home/computer0/fly_project/fly_gsplat/ctrl_009/039/f1288/init_points.ply
[prepare] frame 1288 data ready
Dataset generated successfully at: /home/computer0/fly_project/fly_gsplat/ctrl_009/039/f1289
4 cameras loaded
Seed: [ 0.00957183 -0.00064244 -0.01242869]  triangulation residual=0.165 mm
Sampled 10000 points in 2mm sphere
Surviving points (all 4 cameras): 1816
After outlier removal: 1770 points
Saved -> /home/computer0/fly_project/fly_gsplat/ctrl_009/039/f1289/init_points.ply
[prepare] frame 1289 data ready
Dataset generated successfully at: /home/computer0/fly_project/fly_gsplat/ctrl_009/039/f1290
4 cameras loaded
Seed: [ 0.00953855 -0.00062436 -0.01247479]  triangulation residual=0.169 mm
Sampled 10000 points in 2mm sphere
Surviving points (all 4 cameras): 1883
After outlier removal: 1818 points
Saved -> /home/computer0/fly_project/fly_gsplat/ctrl_009/039/f1290/init_points.ply
[prepare] frame 1290 data ready
Dataset generated successfully at: /home/computer0/fly_project/fly_gsplat/ctrl_009/039/f1291
4 cameras loaded
Seed: [ 0.00951295 -0.00061282 -0.01251316]  triangulation residual=0.171 mm
Sampled 10000 points in 2mm sphere
Surviving points (all 4 cameras): 1895
After outlier removal: 1824 points
Saved -> /home/computer0/fly_project/fly_gsplat/ctrl_009/039/f1291/init_points.ply
[prepare] frame 1291 data ready
Dataset generated successfully at: /home/computer0/fly_project/fly_gsplat/ctrl_009/039/f1292
4 cameras loaded
Seed: [ 0.00949284 -0.00060591 -0.01255258]  triangulation residual=0.165 mm
Sampled 10000 points in 2mm sphere
Surviving points (all 4 cameras): 2031
After outlier removal: 1951 points
Saved -> /home/computer0/fly_project/fly_gsplat/ctrl_009/039/f1292/init_points.ply
[prepare] frame 1292 data ready
Dataset generated successfully at: /home/computer0/fly_project/fly_gsplat/ctrl_009/039/f1293
4 cameras loaded
Seed: [ 0.00947402 -0.00060337 -0.01259786]  triangulation residual=0.159 mm
Sampled 10000 points in 2mm sphere
Surviving points (all 4 cameras): 1995
After outlier removal: 1911 points
Saved -> /home/computer0/fly_project/fly_gsplat/ctrl_009/039/f1293/init_points.ply
[prepare] frame 1293 data ready
Dataset generated successfully at: /home/computer0/fly_project/fly_gsplat/ctrl_009/039/f1294
4 cameras loaded
Seed: [ 0.00946317 -0.00060553 -0.0126368 ]  triangulation residual=0.148 mm
Sampled 10000 points in 2mm sphere
Surviving points (all 4 cameras): 2135
After outlier removal: 2041 points
Saved -> /home/computer0/fly_project/fly_gsplat/ctrl_009/039/f1294/init_points.ply
[prepare] frame 1294 data ready
Dataset generated successfully at: /home/computer0/fly_project/fly_gsplat/ctrl_009/039/f1295
4 cameras loaded
Seed: [ 0.00946483 -0.00061227 -0.01268147]  triangulation residual=0.138 mm
Sampled 10000 points in 2mm sphere
Surviving points (all 4 cameras): 2150
After outlier removal: 2071 points
Saved -> /home/computer0/fly_project/fly_gsplat/ctrl_009/039/f1295/init_points.ply
[prepare] frame 1295 data ready
Dataset generated successfully at: /home/computer0/fly_project/fly_gsplat/ctrl_009/039/f1296
4 cameras loaded
Seed: [ 0.0094699  -0.00062445 -0.01271744]  triangulation residual=0.127 mm
Sampled 10000 points in 2mm sphere
Surviving points (all 4 cameras): 2090
After outlier removal: 1989 points
Saved -> /home/computer0/fly_project/fly_gsplat/ctrl_009/039/f1296/init_points.ply
[prepare] frame 1296 data ready
Dataset generated successfully at: /home/computer0/fly_project/fly_gsplat/ctrl_009/039/f1297
4 cameras loaded
Seed: [ 0.009496   -0.00064145 -0.0127482 ]  triangulation residual=0.118 mm
Sampled 10000 points in 2mm sphere
Surviving points (all 4 cameras): 2083
[23:10:53]  Be careful with '--eval-mode=all'. If using camera optimization, the cameras    nerfstudio_dataparser.py:216
           may diverge in the current implementation, giving unpredictable results.                                     
            Be careful with '--eval-mode=all'. If using camera optimization, the cameras    nerfstudio_dataparser.py:216
           may diverge in the current implementation, giving unpredictable results.                                     
[23:10:54] use color only optimization with sigmoid activation                                         splatfacto.py:266
[23:10:54]  Be careful with '--eval-mode=all'. If using camera optimization, the cameras    nerfstudio_dataparser.py:216
           may diverge in the current implementation, giving unpredictable results.                                     
            Be careful with '--eval-mode=all'. If using camera optimization, the cameras    nerfstudio_dataparser.py:216
           may diverge in the current implementation, giving unpredictable results.                                     
           use color only optimization with sigmoid activation                                         splatfacto.py:266
[23:10:54]  Be careful with '--eval-mode=all'. If using camera optimization, the cameras    nerfstudio_dataparser.py:216
           may diverge in the current implementation, giving unpredictable results.                                     
            Be careful with '--eval-mode=all'. If using camera optimization, the cameras    nerfstudio_dataparser.py:216
           may diverge in the current implementation, giving unpredictable results.                                     
Loading latest checkpoint from load_dir
✅ Done loading checkpoint from 
outputs/ctrl_009_039_ratio3_sh0_dense_mid200/ratio3_sh0_dense/f1110/splatfacto/2026-08-20_230909/nerfstudio_models/step-
000001999.ckpt
0 Gaussians have NaN/Inf and 6 have low opacity, only export 648/654
[23:10:55] use color only optimization with sigmoid activation                                         splatfacto.py:266
[23:10:55]  Be careful with '--eval-mode=all'. If using camera optimization, the cameras    nerfstudio_dataparser.py:216
           may diverge in the current implementation, giving unpredictable results.                                     
            Be careful with '--eval-mode=all'. If using camera optimization, the cameras    nerfstudio_dataparser.py:216
           may diverge in the current implementation, giving unpredictable results.                                     
           use color only optimization with sigmoid activation                                         splatfacto.py:266
[23:10:55]  Be careful with '--eval-mode=all'. If using camera optimization, the cameras    nerfstudio_dataparser.py:216
           may diverge in the current implementation, giving unpredictable results.                                     
            Be careful with '--eval-mode=all'. If using camera optimization, the cameras    nerfstudio_dataparser.py:216
           may diverge in the current implementation, giving unpredictable results.                                     
[23:10:55]  Be careful with '--eval-mode=all'. If using camera optimization, the cameras    nerfstudio_dataparser.py:216
           may diverge in the current implementation, giving unpredictable results.                                     
            Be careful with '--eval-mode=all'. If using camera optimization, the cameras    nerfstudio_dataparser.py:216
           may diverge in the current implementation, giving unpredictable results.                                     
           use color only optimization with sigmoid activation                                         splatfacto.py:266
           use color only optimization with sigmoid activation                                         splatfacto.py:266
[23:10:55]  Be careful with '--eval-mode=all'. If using camera optimization, the cameras    nerfstudio_dataparser.py:216
           may diverge in the current implementation, giving unpredictable results.                                     
            Be careful with '--eval-mode=all'. If using camera optimization, the cameras    nerfstudio_dataparser.py:216
           may diverge in the current implementation, giving unpredictable results.                                     
Loading latest checkpoint from load_dir
✅ Done loading checkpoint from 
outputs/ctrl_009_039_ratio3_sh0_dense_mid200/ratio3_sh0_dense/f1106/splatfacto/2026-08-20_230910/nerfstudio_models/step-
000001999.ckpt
0 Gaussians have NaN/Inf and 7 have low opacity, only export 649/656
[23:10:55]  Be careful with '--eval-mode=all'. If using camera optimization, the cameras    nerfstudio_dataparser.py:216
           may diverge in the current implementation, giving unpredictable results.                                     
            Be careful with '--eval-mode=all'. If using camera optimization, the cameras    nerfstudio_dataparser.py:216
           may diverge in the current implementation, giving unpredictable results.                                     
Loading latest checkpoint from load_dir
[23:10:56] use color only optimization with sigmoid activation                                         splatfacto.py:266
✅ Done loading checkpoint from 
outputs/ctrl_009_039_ratio3_sh0_dense_mid200/ratio3_sh0_dense/f1109/splatfacto/2026-08-20_230909/nerfstudio_models/step-
000001999.ckpt
0 Gaussians have NaN/Inf and 3 have low opacity, only export 620/623
[23:10:56]  Be careful with '--eval-mode=all'. If using camera optimization, the cameras    nerfstudio_dataparser.py:216
           may diverge in the current implementation, giving unpredictable results.                                     
[23:10:56]  Be careful with '--eval-mode=all'. If using camera optimization, the cameras    nerfstudio_dataparser.py:216
           may diverge in the current implementation, giving unpredictable results.                                     
            Be careful with '--eval-mode=all'. If using camera optimization, the cameras    nerfstudio_dataparser.py:216
           may diverge in the current implementation, giving unpredictable results.                                     
            Be careful with '--eval-mode=all'. If using camera optimization, the cameras    nerfstudio_dataparser.py:216
           may diverge in the current implementation, giving unpredictable results.                                     
Loading latest checkpoint from load_dir
[23:10:56] use color only optimization with sigmoid activation                                         splatfacto.py:266
✅ Done loading checkpoint from 
outputs/ctrl_009_039_ratio3_sh0_dense_mid200/ratio3_sh0_dense/f1103/splatfacto/2026-08-20_230910/nerfstudio_models/step-
000001999.ckpt
0 Gaussians have NaN/Inf and 2 have low opacity, only export 592/594
[23:10:56]  Be careful with '--eval-mode=all'. If using camera optimization, the cameras    nerfstudio_dataparser.py:216
           may diverge in the current implementation, giving unpredictable results.                                     
            Be careful with '--eval-mode=all'. If using camera optimization, the cameras    nerfstudio_dataparser.py:216
           may diverge in the current implementation, giving unpredictable results.                                     
           use color only optimization with sigmoid activation                                         splatfacto.py:266
           use color only optimization with sigmoid activation                                         splatfacto.py:266
           use color only optimization with sigmoid activation                                         splatfacto.py:266
[23:10:56]  Be careful with '--eval-mode=all'. If using camera optimization, the cameras    nerfstudio_dataparser.py:216
           may diverge in the current implementation, giving unpredictable results.                                     
            Be careful with '--eval-mode=all'. If using camera optimization, the cameras    nerfstudio_dataparser.py:216
           may diverge in the current implementation, giving unpredictable results.                                     
Loading latest checkpoint from load_dir
Loading latest checkpoint from load_dir
✅ Done loading checkpoint from 
outputs/ctrl_009_039_ratio3_sh0_dense_mid200/ratio3_sh0_dense/f1108/splatfacto/2026-08-20_230909/nerfstudio_models/step-
000001999.ckpt
0 Gaussians have NaN/Inf and 4 have low opacity, only export 663/667
✅ Done loading checkpoint from 
outputs/ctrl_009_039_ratio3_sh0_dense_mid200/ratio3_sh0_dense/f1111/splatfacto/2026-08-20_230911/nerfstudio_models/step-
000001999.ckpt
0 Gaussians have NaN/Inf and 1 have low opacity, only export 677/678
           use color only optimization with sigmoid activation                                         splatfacto.py:266
[gpu0_w5] ratio3_sh0_dense__f1110 -> ok (109.3s)
Loading latest checkpoint from load_dir
✅ Done loading checkpoint from 
outputs/ctrl_009_039_ratio3_sh0_dense_mid200/ratio3_sh0_dense/f1101/splatfacto/2026-08-20_230911/nerfstudio_models/step-
000001999.ckpt
0 Gaussians have NaN/Inf and 8 have low opacity, only export 615/623
Loading latest checkpoint from load_dir
Loading latest checkpoint from load_dir
✅ Done loading checkpoint from 
outputs/ctrl_009_039_ratio3_sh0_dense_mid200/ratio3_sh0_dense/f1107/splatfacto/2026-08-20_230911/nerfstudio_models/step-
000001999.ckpt
0 Gaussians have NaN/Inf and 14 have low opacity, only export 623/637
✅ Done loading checkpoint from 
outputs/ctrl_009_039_ratio3_sh0_dense_mid200/ratio3_sh0_dense/f1100/splatfacto/2026-08-20_230910/nerfstudio_models/step-
000001999.ckpt
0 Gaussians have NaN/Inf and 6 have low opacity, only export 661/667
Loading latest checkpoint from load_dir
✅ Done loading checkpoint from 
outputs/ctrl_009_039_ratio3_sh0_dense_mid200/ratio3_sh0_dense/f1102/splatfacto/2026-08-20_230911/nerfstudio_models/step-
000001999.ckpt
0 Gaussians have NaN/Inf and 4 have low opacity, only export 726/730
Loading latest checkpoint from load_dir
✅ Done loading checkpoint from 
outputs/ctrl_009_039_ratio3_sh0_dense_mid200/ratio3_sh0_dense/f1105/splatfacto/2026-08-20_230911/nerfstudio_models/step-
000001999.ckpt
0 Gaussians have NaN/Inf and 9 have low opacity, only export 656/665
Loading latest checkpoint from load_dir
✅ Done loading checkpoint from 
outputs/ctrl_009_039_ratio3_sh0_dense_mid200/ratio3_sh0_dense/f1104/splatfacto/2026-08-20_230911/nerfstudio_models/step-
000001999.ckpt
0 Gaussians have NaN/Inf and 8 have low opacity, only export 655/663
[gpu1_w1] ratio3_sh0_dense__f1106 -> ok (110.6s)
[gpu1_w2] ratio3_sh0_dense__f1103 -> ok (110.7s)
[gpu0_w3] ratio3_sh0_dense__f1109 -> ok (110.7s)
[gpu1_w5] ratio3_sh0_dense__f1111 -> ok (111.2s)
[gpu0_w2] ratio3_sh0_dense__f1108 -> ok (111.4s)
[gpu0_w0] ratio3_sh0_dense__f1100 -> ok (111.7s)
[gpu0_w1] ratio3_sh0_dense__f1101 -> ok (111.7s)
[gpu1_w3] ratio3_sh0_dense__f1107 -> ok (111.7s)
[gpu0_w4] ratio3_sh0_dense__f1102 -> ok (111.8s)
[gpu1_w0] ratio3_sh0_dense__f1105 -> ok (111.9s)
[gpu1_w4] ratio3_sh0_dense__f1104 -> ok (112.0s)
[23:12:49]  Be careful with '--eval-mode=all'. If using camera optimization, the cameras    nerfstudio_dataparser.py:216
           may diverge in the current implementation, giving unpredictable results.                                     
            Be careful with '--eval-mode=all'. If using camera optimization, the cameras    nerfstudio_dataparser.py:216
           may diverge in the current implementation, giving unpredictable results.                                     
           use color only optimization with sigmoid activation                                         splatfacto.py:266
[23:12:49]  Be careful with '--eval-mode=all'. If using camera optimization, the cameras    nerfstudio_dataparser.py:216
           may diverge in the current implementation, giving unpredictable results.                                     
            Be careful with '--eval-mode=all'. If using camera optimization, the cameras    nerfstudio_dataparser.py:216
           may diverge in the current implementation, giving unpredictable results.                                     
[23:12:49]  Be careful with '--eval-mode=all'. If using camera optimization, the cameras    nerfstudio_dataparser.py:216
           may diverge in the current implementation, giving unpredictable results.                                     
[23:12:50]  Be careful with '--eval-mode=all'. If using camera optimization, the cameras    nerfstudio_dataparser.py:216
           may diverge in the current implementation, giving unpredictable results.                                     
[23:12:50] use color only optimization with sigmoid activation                                         splatfacto.py:266
           use color only optimization with sigmoid activation                                         splatfacto.py:266
[23:12:50]  Be careful with '--eval-mode=all'. If using camera optimization, the cameras    nerfstudio_dataparser.py:216
           may diverge in the current implementation, giving unpredictable results.                                     
            Be careful with '--eval-mode=all'. If using camera optimization, the cameras    nerfstudio_dataparser.py:216
           may diverge in the current implementation, giving unpredictable results.                                     
[23:12:50]  Be careful with '--eval-mode=all'. If using camera optimization, the cameras    nerfstudio_dataparser.py:216
           may diverge in the current implementation, giving unpredictable results.                                     
Loading latest checkpoint from load_dir
            Be careful with '--eval-mode=all'. If using camera optimization, the cameras    nerfstudio_dataparser.py:216
           may diverge in the current implementation, giving unpredictable results.                                     
✅ Done loading checkpoint from 
outputs/ctrl_009_039_ratio3_sh0_dense_mid200/ratio3_sh0_dense/f1112/splatfacto/2026-08-20_231105/nerfstudio_models/step-
000001999.ckpt
           use color only optimization with sigmoid activation                                         splatfacto.py:266
           use color only optimization with sigmoid activation                                         splatfacto.py:266
Loading latest checkpoint from load_dir
✅ Done loading checkpoint from 
outputs/ctrl_009_039_ratio3_sh0_dense_mid200/ratio3_sh0_dense/f1121/splatfacto/2026-08-20_231106/nerfstudio_models/step-
000001999.ckpt
0 Gaussians have NaN/Inf and 2 have low opacity, only export 713/715
[23:12:50]  Be careful with '--eval-mode=all'. If using camera optimization, the cameras    nerfstudio_dataparser.py:216
           may diverge in the current implementation, giving unpredictable results.                                     
            Be careful with '--eval-mode=all'. If using camera optimization, the cameras    nerfstudio_dataparser.py:216
           may diverge in the current implementation, giving unpredictable results.                                     
[23:12:50]  Be careful with '--eval-mode=all'. If using camera optimization, the cameras    nerfstudio_dataparser.py:216
           may diverge in the current implementation, giving unpredictable results.                                     
            Be careful with '--eval-mode=all'. If using camera optimization, the cameras    nerfstudio_dataparser.py:216
           may diverge in the current implementation, giving unpredictable results.                                     
Loading latest checkpoint from load_dir
✅ Done loading checkpoint from 
outputs/ctrl_009_039_ratio3_sh0_dense_mid200/ratio3_sh0_dense/f1114/splatfacto/2026-08-20_231106/nerfstudio_models/step-
000001999.ckpt
0 Gaussians have NaN/Inf and 6 have low opacity, only export 677/683
[23:12:51] use color only optimization with sigmoid activation                                         splatfacto.py:266
[23:12:51] use color only optimization with sigmoid activation                                         splatfacto.py:266
[23:12:51]  Be careful with '--eval-mode=all'. If using camera optimization, the cameras    nerfstudio_dataparser.py:216
           may diverge in the current implementation, giving unpredictable results.                                     
            Be careful with '--eval-mode=all'. If using camera optimization, the cameras    nerfstudio_dataparser.py:216
           may diverge in the current implementation, giving unpredictable results.                                     
Loading latest checkpoint from load_dir
✅ Done loading checkpoint from 
outputs/ctrl_009_039_ratio3_sh0_dense_mid200/ratio3_sh0_dense/f1116/splatfacto/2026-08-20_231107/nerfstudio_models/step-
000001999.ckpt
0 Gaussians have NaN/Inf and 3 have low opacity, only export 649/652
Loading latest checkpoint from load_dir
✅ Done loading checkpoint from 
outputs/ctrl_009_039_ratio3_sh0_dense_mid200/ratio3_sh0_dense/f1113/splatfacto/2026-08-20_231107/nerfstudio_models/step-
000001999.ckpt
           use color only optimization with sigmoid activation                                         splatfacto.py:266
0 Gaussians have NaN/Inf and 5 have low opacity, only export 608/613
Loading latest checkpoint from load_dir
Loading latest checkpoint from load_dir
✅ Done loading checkpoint from 
outputs/ctrl_009_039_ratio3_sh0_dense_mid200/ratio3_sh0_dense/f1117/splatfacto/2026-08-20_231106/nerfstudio_models/step-
000001999.ckpt
✅ Done loading checkpoint from 
outputs/ctrl_009_039_ratio3_sh0_dense_mid200/ratio3_sh0_dense/f1118/splatfacto/2026-08-20_231107/nerfstudio_models/step-
000001999.ckpt
0 Gaussians have NaN/Inf and 2 have low opacity, only export 661/663
0 Gaussians have NaN/Inf and 4 have low opacity, only export 680/684
[23:12:52]  Be careful with '--eval-mode=all'. If using camera optimization, the cameras    nerfstudio_dataparser.py:216
           may diverge in the current implementation, giving unpredictable results.                                     
            Be careful with '--eval-mode=all'. If using camera optimization, the cameras    nerfstudio_dataparser.py:216
           may diverge in the current implementation, giving unpredictable results.                                     
[23:12:52]  Be careful with '--eval-mode=all'. If using camera optimization, the cameras    nerfstudio_dataparser.py:216
           may diverge in the current implementation, giving unpredictable results.                                     
            Be careful with '--eval-mode=all'. If using camera optimization, the cameras    nerfstudio_dataparser.py:216
           may diverge in the current implementation, giving unpredictable results.                                     
[23:12:52]  Be careful with '--eval-mode=all'. If using camera optimization, the cameras    nerfstudio_dataparser.py:216
           may diverge in the current implementation, giving unpredictable results.                                     
            Be careful with '--eval-mode=all'. If using camera optimization, the cameras    nerfstudio_dataparser.py:216
           may diverge in the current implementation, giving unpredictable results.                                     
Loading latest checkpoint from load_dir
✅ Done loading checkpoint from 
outputs/ctrl_009_039_ratio3_sh0_dense_mid200/ratio3_sh0_dense/f1120/splatfacto/2026-08-20_231107/nerfstudio_models/step-
000001999.ckpt
0 Gaussians have NaN/Inf and 1 have low opacity, only export 630/631
           use color only optimization with sigmoid activation                                         splatfacto.py:266
           use color only optimization with sigmoid activation                                         splatfacto.py:266
           use color only optimization with sigmoid activation                                         splatfacto.py:266
[gpu0_w5] ratio3_sh0_dense__f1112 -> ok (109.1s)
[gpu0_w4] ratio3_sh0_dense__f1121 -> ok (106.8s)
[23:12:53]  Be careful with '--eval-mode=all'. If using camera optimization, the cameras    nerfstudio_dataparser.py:216
           may diverge in the current implementation, giving unpredictable results.                                     
            Be careful with '--eval-mode=all'. If using camera optimization, the cameras    nerfstudio_dataparser.py:216
           may diverge in the current implementation, giving unpredictable results.                                     
[gpu1_w2] ratio3_sh0_dense__f1114 -> ok (108.2s)
           use color only optimization with sigmoid activation                                         splatfacto.py:266
Loading latest checkpoint from load_dir
✅ Done loading checkpoint from 
outputs/ctrl_009_039_ratio3_sh0_dense_mid200/ratio3_sh0_dense/f1119/splatfacto/2026-08-20_231107/nerfstudio_models/step-
000001999.ckpt
Loading latest checkpoint from load_dir
0 Gaussians have NaN/Inf and 1 have low opacity, only export 673/674
✅ Done loading checkpoint from 
outputs/ctrl_009_039_ratio3_sh0_dense_mid200/ratio3_sh0_dense/f1115/splatfacto/2026-08-20_231106/nerfstudio_models/step-
000001999.ckpt
0 Gaussians have NaN/Inf and 2 have low opacity, only export 652/654
Loading latest checkpoint from load_dir
✅ Done loading checkpoint from 
outputs/ctrl_009_039_ratio3_sh0_dense_mid200/ratio3_sh0_dense/f1122/splatfacto/2026-08-20_231108/nerfstudio_models/step-
000001999.ckpt
[gpu1_w5] ratio3_sh0_dense__f1116 -> ok (108.1s)
[gpu1_w1] ratio3_sh0_dense__f1113 -> ok (108.9s)
[gpu0_w2] ratio3_sh0_dense__f1117 -> ok (108.4s)
Loading latest checkpoint from load_dir
[gpu0_w0] ratio3_sh0_dense__f1118 -> ok (108.2s)
✅ Done loading checkpoint from 
outputs/ctrl_009_039_ratio3_sh0_dense_mid200/ratio3_sh0_dense/f1123/splatfacto/2026-08-20_231107/nerfstudio_models/step-
000001999.ckpt
0 Gaussians have NaN/Inf and 4 have low opacity, only export 688/692
[gpu1_w3] ratio3_sh0_dense__f1120 -> ok (108.5s)
[gpu0_w1] ratio3_sh0_dense__f1119 -> ok (109.4s)
[gpu1_w0] ratio3_sh0_dense__f1122 -> ok (109.2s)
[gpu0_w3] ratio3_sh0_dense__f1115 -> ok (110.4s)
[gpu1_w4] ratio3_sh0_dense__f1123 -> ok (109.7s)
[23:14:48]  Be careful with '--eval-mode=all'. If using camera optimization, the cameras    nerfstudio_dataparser.py:216
           may diverge in the current implementation, giving unpredictable results.                                     
            Be careful with '--eval-mode=all'. If using camera optimization, the cameras    nerfstudio_dataparser.py:216
           may diverge in the current implementation, giving unpredictable results.                                     
[23:14:48]  Be careful with '--eval-mode=all'. If using camera optimization, the cameras    nerfstudio_dataparser.py:216
           may diverge in the current implementation, giving unpredictable results.                                     
            Be careful with '--eval-mode=all'. If using camera optimization, the cameras    nerfstudio_dataparser.py:216
           may diverge in the current implementation, giving unpredictable results.                                     
           use color only optimization with sigmoid activation                                         splatfacto.py:266
           use color only optimization with sigmoid activation                                         splatfacto.py:266
[23:14:49]  Be careful with '--eval-mode=all'. If using camera optimization, the cameras    nerfstudio_dataparser.py:216
           may diverge in the current implementation, giving unpredictable results.                                     
            Be careful with '--eval-mode=all'. If using camera optimization, the cameras    nerfstudio_dataparser.py:216
           may diverge in the current implementation, giving unpredictable results.                                     
[23:14:49]  Be careful with '--eval-mode=all'. If using camera optimization, the cameras    nerfstudio_dataparser.py:216
           may diverge in the current implementation, giving unpredictable results.                                     
            Be careful with '--eval-mode=all'. If using camera optimization, the cameras    nerfstudio_dataparser.py:216
           may diverge in the current implementation, giving unpredictable results.                                     
Loading latest checkpoint from load_dir
           use color only optimization with sigmoid activation                                         splatfacto.py:266
✅ Done loading checkpoint from 
outputs/ctrl_009_039_ratio3_sh0_dense_mid200/ratio3_sh0_dense/f1125/splatfacto/2026-08-20_231304/nerfstudio_models/step-
000001999.ckpt
0 Gaussians have NaN/Inf and 4 have low opacity, only export 645/649
[23:14:49]  Be careful with '--eval-mode=all'. If using camera optimization, the cameras    nerfstudio_dataparser.py:216
           may diverge in the current implementation, giving unpredictable results.                                     
            Be careful with '--eval-mode=all'. If using camera optimization, the cameras    nerfstudio_dataparser.py:216
           may diverge in the current implementation, giving unpredictable results.                                     
Loading latest checkpoint from load_dir
✅ Done loading checkpoint from 
outputs/ctrl_009_039_ratio3_sh0_dense_mid200/ratio3_sh0_dense/f1124/splatfacto/2026-08-20_231304/nerfstudio_models/step-
000001999.ckpt
[23:14:49]  Be careful with '--eval-mode=all'. If using camera optimization, the cameras    nerfstudio_dataparser.py:216
           may diverge in the current implementation, giving unpredictable results.                                     
            Be careful with '--eval-mode=all'. If using camera optimization, the cameras    nerfstudio_dataparser.py:216
           may diverge in the current implementation, giving unpredictable results.                                     
           use color only optimization with sigmoid activation                                         splatfacto.py:266
           use color only optimization with sigmoid activation                                         splatfacto.py:266
           use color only optimization with sigmoid activation                                         splatfacto.py:266
[23:14:49]  Be careful with '--eval-mode=all'. If using camera optimization, the cameras    nerfstudio_dataparser.py:216
           may diverge in the current implementation, giving unpredictable results.                                     
            Be careful with '--eval-mode=all'. If using camera optimization, the cameras    nerfstudio_dataparser.py:216
           may diverge in the current implementation, giving unpredictable results.                                     
[23:14:50] use color only optimization with sigmoid activation                                         splatfacto.py:266
Loading latest checkpoint from load_dir
✅ Done loading checkpoint from 
outputs/ctrl_009_039_ratio3_sh0_dense_mid200/ratio3_sh0_dense/f1126/splatfacto/2026-08-20_231304/nerfstudio_models/step-
000001999.ckpt
0 Gaussians have NaN/Inf and 3 have low opacity, only export 684/687
Loading latest checkpoint from load_dir
[23:14:50]  Be careful with '--eval-mode=all'. If using camera optimization, the cameras    nerfstudio_dataparser.py:216
           may diverge in the current implementation, giving unpredictable results.                                     
[23:14:50]  Be careful with '--eval-mode=all'. If using camera optimization, the cameras    nerfstudio_dataparser.py:216
           may diverge in the current implementation, giving unpredictable results.                                     
            Be careful with '--eval-mode=all'. If using camera optimization, the cameras    nerfstudio_dataparser.py:216
           may diverge in the current implementation, giving unpredictable results.                                     
            Be careful with '--eval-mode=all'. If using camera optimization, the cameras    nerfstudio_dataparser.py:216
           may diverge in the current implementation, giving unpredictable results.                                     
Loading latest checkpoint from load_dir
✅ Done loading checkpoint from 
outputs/ctrl_009_039_ratio3_sh0_dense_mid200/ratio3_sh0_dense/f1127/splatfacto/2026-08-20_231304/nerfstudio_models/step-
000001999.ckpt
[23:14:50]  Be careful with '--eval-mode=all'. If using camera optimization, the cameras    nerfstudio_dataparser.py:216
           may diverge in the current implementation, giving unpredictable results.                                     
0 Gaussians have NaN/Inf and 2 have low opacity, only export 715/717
            Be careful with '--eval-mode=all'. If using camera optimization, the cameras    nerfstudio_dataparser.py:216
           may diverge in the current implementation, giving unpredictable results.                                     
✅ Done loading checkpoint from 
outputs/ctrl_009_039_ratio3_sh0_dense_mid200/ratio3_sh0_dense/f1131/splatfacto/2026-08-20_231304/nerfstudio_models/step-
000001999.ckpt
0 Gaussians have NaN/Inf and 2 have low opacity, only export 615/617
Loading latest checkpoint from load_dir
✅ Done loading checkpoint from 
outputs/ctrl_009_039_ratio3_sh0_dense_mid200/ratio3_sh0_dense/f1135/splatfacto/2026-08-20_231304/nerfstudio_models/step-
000001999.ckpt
0 Gaussians have NaN/Inf and 3 have low opacity, only export 626/629
           use color only optimization with sigmoid activation                                         splatfacto.py:266
           use color only optimization with sigmoid activation                                         splatfacto.py:266
           use color only optimization with sigmoid activation                                         splatfacto.py:266
[23:14:50]  Be careful with '--eval-mode=all'. If using camera optimization, the cameras    nerfstudio_dataparser.py:216
           may diverge in the current implementation, giving unpredictable results.                                     
            Be careful with '--eval-mode=all'. If using camera optimization, the cameras    nerfstudio_dataparser.py:216
           may diverge in the current implementation, giving unpredictable results.                                     
[23:14:50]  Be careful with '--eval-mode=all'. If using camera optimization, the cameras    nerfstudio_dataparser.py:216
           may diverge in the current implementation, giving unpredictable results.                                     
            Be careful with '--eval-mode=all'. If using camera optimization, the cameras    nerfstudio_dataparser.py:216
           may diverge in the current implementation, giving unpredictable results.                                     
Loading latest checkpoint from load_dir
[23:14:51] use color only optimization with sigmoid activation                                         splatfacto.py:266
✅ Done loading checkpoint from 
outputs/ctrl_009_039_ratio3_sh0_dense_mid200/ratio3_sh0_dense/f1132/splatfacto/2026-08-20_231304/nerfstudio_models/step-
000001999.ckpt
0 Gaussians have NaN/Inf and 5 have low opacity, only export 654/659
[23:14:51] use color only optimization with sigmoid activation                                         splatfacto.py:266
[gpu0_w4] ratio3_sh0_dense__f1125 -> ok (109.3s)
[gpu0_w5] ratio3_sh0_dense__f1124 -> ok (109.7s)
Loading latest checkpoint from load_dir
Loading latest checkpoint from load_dir
Loading latest checkpoint from load_dir
✅ Done loading checkpoint from 
outputs/ctrl_009_039_ratio3_sh0_dense_mid200/ratio3_sh0_dense/f1129/splatfacto/2026-08-20_231304/nerfstudio_models/step-
000001999.ckpt
0 Gaussians have NaN/Inf and 4 have low opacity, only export 638/642
✅ Done loading checkpoint from 
outputs/ctrl_009_039_ratio3_sh0_dense_mid200/ratio3_sh0_dense/f1130/splatfacto/2026-08-20_231305/nerfstudio_models/step-
000001999.ckpt
✅ Done loading checkpoint from 
outputs/ctrl_009_039_ratio3_sh0_dense_mid200/ratio3_sh0_dense/f1128/splatfacto/2026-08-20_231305/nerfstudio_models/step-
000001999.ckpt
0 Gaussians have NaN/Inf and 10 have low opacity, only export 637/647
0 Gaussians have NaN/Inf and 5 have low opacity, only export 628/633
Loading latest checkpoint from load_dir
✅ Done loading checkpoint from 
outputs/ctrl_009_039_ratio3_sh0_dense_mid200/ratio3_sh0_dense/f1134/splatfacto/2026-08-20_231306/nerfstudio_models/step-
000001999.ckpt
0 Gaussians have NaN/Inf and 2 have low opacity, only export 592/594
Loading latest checkpoint from load_dir
✅ Done loading checkpoint from 
outputs/ctrl_009_039_ratio3_sh0_dense_mid200/ratio3_sh0_dense/f1133/splatfacto/2026-08-20_231306/nerfstudio_models/step-
000001999.ckpt
0 Gaussians have NaN/Inf and 2 have low opacity, only export 597/599
[gpu1_w2] ratio3_sh0_dense__f1126 -> ok (109.9s)
[gpu1_w3] ratio3_sh0_dense__f1131 -> ok (109.0s)
[gpu1_w5] ratio3_sh0_dense__f1127 -> ok (109.9s)
[gpu1_w4] ratio3_sh0_dense__f1135 -> ok (107.6s)
[gpu0_w1] ratio3_sh0_dense__f1132 -> ok (108.8s)
[gpu1_w1] ratio3_sh0_dense__f1128 -> ok (110.6s)
[gpu0_w2] ratio3_sh0_dense__f1129 -> ok (110.4s)
[gpu0_w0] ratio3_sh0_dense__f1130 -> ok (110.4s)
[gpu0_w3] ratio3_sh0_dense__f1134 -> ok (109.2s)
[gpu1_w0] ratio3_sh0_dense__f1133 -> ok (109.5s)
[23:16:42]  Be careful with '--eval-mode=all'. If using camera optimization, the cameras    nerfstudio_dataparser.py:216
           may diverge in the current implementation, giving unpredictable results.                                     
            Be careful with '--eval-mode=all'. If using camera optimization, the cameras    nerfstudio_dataparser.py:216
           may diverge in the current implementation, giving unpredictable results.                                     
[23:16:43] use color only optimization with sigmoid activation                                         splatfacto.py:266
[23:16:43]  Be careful with '--eval-mode=all'. If using camera optimization, the cameras    nerfstudio_dataparser.py:216
           may diverge in the current implementation, giving unpredictable results.                                     
            Be careful with '--eval-mode=all'. If using camera optimization, the cameras    nerfstudio_dataparser.py:216
           may diverge in the current implementation, giving unpredictable results.                                     
           use color only optimization with sigmoid activation                                         splatfacto.py:266
[23:16:43]  Be careful with '--eval-mode=all'. If using camera optimization, the cameras    nerfstudio_dataparser.py:216
           may diverge in the current implementation, giving unpredictable results.                                     
            Be careful with '--eval-mode=all'. If using camera optimization, the cameras    nerfstudio_dataparser.py:216
           may diverge in the current implementation, giving unpredictable results.                                     
           use color only optimization with sigmoid activation                                         splatfacto.py:266
Loading latest checkpoint from load_dir
✅ Done loading checkpoint from 
outputs/ctrl_009_039_ratio3_sh0_dense_mid200/ratio3_sh0_dense/f1136/splatfacto/2026-08-20_231459/nerfstudio_models/step-
000001999.ckpt
0 Gaussians have NaN/Inf and 3 have low opacity, only export 715/718
Loading latest checkpoint from load_dir
✅ Done loading checkpoint from 
outputs/ctrl_009_039_ratio3_sh0_dense_mid200/ratio3_sh0_dense/f1137/splatfacto/2026-08-20_231500/nerfstudio_models/step-
000001999.ckpt
0 Gaussians have NaN/Inf and 3 have low opacity, only export 670/673
[23:16:44]  Be careful with '--eval-mode=all'. If using camera optimization, the cameras    nerfstudio_dataparser.py:216
           may diverge in the current implementation, giving unpredictable results.                                     
            Be careful with '--eval-mode=all'. If using camera optimization, the cameras    nerfstudio_dataparser.py:216
           may diverge in the current implementation, giving unpredictable results.                                     
[23:16:44]  Be careful with '--eval-mode=all'. If using camera optimization, the cameras    nerfstudio_dataparser.py:216
           may diverge in the current implementation, giving unpredictable results.                                     
            Be careful with '--eval-mode=all'. If using camera optimization, the cameras    nerfstudio_dataparser.py:216
           may diverge in the current implementation, giving unpredictable results.                                     
           use color only optimization with sigmoid activation                                         splatfacto.py:266
Loading latest checkpoint from load_dir
           use color only optimization with sigmoid activation                                         splatfacto.py:266
✅ Done loading checkpoint from 
outputs/ctrl_009_039_ratio3_sh0_dense_mid200/ratio3_sh0_dense/f1147/splatfacto/2026-08-20_231500/nerfstudio_models/step-
000001999.ckpt
0 Gaussians have NaN/Inf and 4 have low opacity, only export 799/803
[23:16:45]  Be careful with '--eval-mode=all'. If using camera optimization, the cameras    nerfstudio_dataparser.py:216
           may diverge in the current implementation, giving unpredictable results.                                     
            Be careful with '--eval-mode=all'. If using camera optimization, the cameras    nerfstudio_dataparser.py:216
           may diverge in the current implementation, giving unpredictable results.                                     
           use color only optimization with sigmoid activation                                         splatfacto.py:266
Loading latest checkpoint from load_dir
[23:16:45]  Be careful with '--eval-mode=all'. If using camera optimization, the cameras    nerfstudio_dataparser.py:216
           may diverge in the current implementation, giving unpredictable results.                                     
✅ Done loading checkpoint from 
outputs/ctrl_009_039_ratio3_sh0_dense_mid200/ratio3_sh0_dense/f1139/splatfacto/2026-08-20_231500/nerfstudio_models/step-
000001999.ckpt
            Be careful with '--eval-mode=all'. If using camera optimization, the cameras    nerfstudio_dataparser.py:216
           may diverge in the current implementation, giving unpredictable results.                                     
0 Gaussians have NaN/Inf and 3 have low opacity, only export 648/651
[23:16:45]  Be careful with '--eval-mode=all'. If using camera optimization, the cameras    nerfstudio_dataparser.py:216
           may diverge in the current implementation, giving unpredictable results.                                     
            Be careful with '--eval-mode=all'. If using camera optimization, the cameras    nerfstudio_dataparser.py:216
           may diverge in the current implementation, giving unpredictable results.                                     
Loading latest checkpoint from load_dir
[23:16:45]  Be careful with '--eval-mode=all'. If using camera optimization, the cameras    nerfstudio_dataparser.py:216
           may diverge in the current implementation, giving unpredictable results.                                     
            Be careful with '--eval-mode=all'. If using camera optimization, the cameras    nerfstudio_dataparser.py:216
           may diverge in the current implementation, giving unpredictable results.                                     
✅ Done loading checkpoint from 
outputs/ctrl_009_039_ratio3_sh0_dense_mid200/ratio3_sh0_dense/f1143/splatfacto/2026-08-20_231500/nerfstudio_models/step-
000001999.ckpt
0 Gaussians have NaN/Inf and 2 have low opacity, only export 615/617
           use color only optimization with sigmoid activation                                         splatfacto.py:266
           use color only optimization with sigmoid activation                                         splatfacto.py:266
           use color only optimization with sigmoid activation                                         splatfacto.py:266
[gpu0_w4] ratio3_sh0_dense__f1136 -> ok (107.9s)
Loading latest checkpoint from load_dir
✅ Done loading checkpoint from 
outputs/ctrl_009_039_ratio3_sh0_dense_mid200/ratio3_sh0_dense/f1146/splatfacto/2026-08-20_231501/nerfstudio_models/step-
000001999.ckpt
0 Gaussians have NaN/Inf and 3 have low opacity, only export 635/638
[gpu0_w5] ratio3_sh0_dense__f1137 -> ok (108.0s)
[23:16:46]  Be careful with '--eval-mode=all'. If using camera optimization, the cameras    nerfstudio_dataparser.py:216
           may diverge in the current implementation, giving unpredictable results.                                     
            Be careful with '--eval-mode=all'. If using camera optimization, the cameras    nerfstudio_dataparser.py:216
           may diverge in the current implementation, giving unpredictable results.                                     
           use color only optimization with sigmoid activation                                         splatfacto.py:266
[23:16:46]  Be careful with '--eval-mode=all'. If using camera optimization, the cameras    nerfstudio_dataparser.py:216
           may diverge in the current implementation, giving unpredictable results.                                     
            Be careful with '--eval-mode=all'. If using camera optimization, the cameras    nerfstudio_dataparser.py:216
           may diverge in the current implementation, giving unpredictable results.                                     
[gpu1_w0] ratio3_sh0_dense__f1147 -> ok (106.0s)
Loading latest checkpoint from load_dir
✅ Done loading checkpoint from 
outputs/ctrl_009_039_ratio3_sh0_dense_mid200/ratio3_sh0_dense/f1140/splatfacto/2026-08-20_231501/nerfstudio_models/step-
000001999.ckpt
Loading latest checkpoint from load_dir
Loading latest checkpoint from load_dir
0 Gaussians have NaN/Inf and 5 have low opacity, only export 727/732
✅ Done loading checkpoint from 
outputs/ctrl_009_039_ratio3_sh0_dense_mid200/ratio3_sh0_dense/f1141/splatfacto/2026-08-20_231500/nerfstudio_models/step-
000001999.ckpt
0 Gaussians have NaN/Inf and 2 have low opacity, only export 640/642
✅ Done loading checkpoint from 
outputs/ctrl_009_039_ratio3_sh0_dense_mid200/ratio3_sh0_dense/f1138/splatfacto/2026-08-20_231500/nerfstudio_models/step-
000001999.ckpt
0 Gaussians have NaN/Inf and 5 have low opacity, only export 731/736
[23:16:46]  Be careful with '--eval-mode=all'. If using camera optimization, the cameras    nerfstudio_dataparser.py:216
           may diverge in the current implementation, giving unpredictable results.                                     
            Be careful with '--eval-mode=all'. If using camera optimization, the cameras    nerfstudio_dataparser.py:216
           may diverge in the current implementation, giving unpredictable results.                                     
           use color only optimization with sigmoid activation                                         splatfacto.py:266
[23:16:47] use color only optimization with sigmoid activation                                         splatfacto.py:266
Loading latest checkpoint from load_dir
✅ Done loading checkpoint from 
outputs/ctrl_009_039_ratio3_sh0_dense_mid200/ratio3_sh0_dense/f1144/splatfacto/2026-08-20_231502/nerfstudio_models/step-
000001999.ckpt
0 Gaussians have NaN/Inf and 1 have low opacity, only export 621/622
[gpu1_w3] ratio3_sh0_dense__f1139 -> ok (108.2s)
[gpu1_w1] ratio3_sh0_dense__f1143 -> ok (107.3s)
Loading latest checkpoint from load_dir
✅ Done loading checkpoint from 
outputs/ctrl_009_039_ratio3_sh0_dense_mid200/ratio3_sh0_dense/f1142/splatfacto/2026-08-20_231501/nerfstudio_models/step-
000001999.ckpt
0 Gaussians have NaN/Inf and 7 have low opacity, only export 659/666
Loading latest checkpoint from load_dir
[gpu0_w3] ratio3_sh0_dense__f1146 -> ok (107.3s)
✅ Done loading checkpoint from 
outputs/ctrl_009_039_ratio3_sh0_dense_mid200/ratio3_sh0_dense/f1145/splatfacto/2026-08-20_231500/nerfstudio_models/step-
000001999.ckpt
0 Gaussians have NaN/Inf and 5 have low opacity, only export 645/650
[gpu1_w4] ratio3_sh0_dense__f1141 -> ok (109.1s)
[gpu1_w2] ratio3_sh0_dense__f1138 -> ok (109.6s)
[gpu1_w5] ratio3_sh0_dense__f1140 -> ok (109.3s)
[gpu0_w2] ratio3_sh0_dense__f1144 -> ok (109.1s)
[gpu0_w1] ratio3_sh0_dense__f1142 -> ok (109.4s)
[gpu0_w0] ratio3_sh0_dense__f1145 -> ok (109.3s)
[23:18:38]  Be careful with '--eval-mode=all'. If using camera optimization, the cameras    nerfstudio_dataparser.py:216
           may diverge in the current implementation, giving unpredictable results.                                     
            Be careful with '--eval-mode=all'. If using camera optimization, the cameras    nerfstudio_dataparser.py:216
           may diverge in the current implementation, giving unpredictable results.                                     
           use color only optimization with sigmoid activation                                         splatfacto.py:266
[23:18:39]  Be careful with '--eval-mode=all'. If using camera optimization, the cameras    nerfstudio_dataparser.py:216
           may diverge in the current implementation, giving unpredictable results.                                     
            Be careful with '--eval-mode=all'. If using camera optimization, the cameras    nerfstudio_dataparser.py:216
           may diverge in the current implementation, giving unpredictable results.                                     
[23:18:39]  Be careful with '--eval-mode=all'. If using camera optimization, the cameras    nerfstudio_dataparser.py:216
           may diverge in the current implementation, giving unpredictable results.                                     
            Be careful with '--eval-mode=all'. If using camera optimization, the cameras    nerfstudio_dataparser.py:216
           may diverge in the current implementation, giving unpredictable results.                                     
Loading latest checkpoint from load_dir
✅ Done loading checkpoint from 
outputs/ctrl_009_039_ratio3_sh0_dense_mid200/ratio3_sh0_dense/f1149/splatfacto/2026-08-20_231654/nerfstudio_models/step-
000001999.ckpt
0 Gaussians have NaN/Inf and 2 have low opacity, only export 855/857
           use color only optimization with sigmoid activation                                         splatfacto.py:266
           use color only optimization with sigmoid activation                                         splatfacto.py:266
[23:18:39]  Be careful with '--eval-mode=all'. If using camera optimization, the cameras    nerfstudio_dataparser.py:216
           may diverge in the current implementation, giving unpredictable results.                                     
            Be careful with '--eval-mode=all'. If using camera optimization, the cameras    nerfstudio_dataparser.py:216
           may diverge in the current implementation, giving unpredictable results.                                     
[23:18:40] use color only optimization with sigmoid activation                                         splatfacto.py:266
Loading latest checkpoint from load_dir
[23:18:40]  Be careful with '--eval-mode=all'. If using camera optimization, the cameras    nerfstudio_dataparser.py:216
           may diverge in the current implementation, giving unpredictable results.                                     
✅ Done loading checkpoint from 
outputs/ctrl_009_039_ratio3_sh0_dense_mid200/ratio3_sh0_dense/f1150/splatfacto/2026-08-20_231655/nerfstudio_models/step-
000001999.ckpt
Loading latest checkpoint from load_dir
            Be careful with '--eval-mode=all'. If using camera optimization, the cameras    nerfstudio_dataparser.py:216
           may diverge in the current implementation, giving unpredictable results.                                     
0 Gaussians have NaN/Inf and 1 have low opacity, only export 840/841
✅ Done loading checkpoint from 
outputs/ctrl_009_039_ratio3_sh0_dense_mid200/ratio3_sh0_dense/f1153/splatfacto/2026-08-20_231656/nerfstudio_models/step-
000001999.ckpt
0 Gaussians have NaN/Inf and 2 have low opacity, only export 678/680
[23:18:43] use color only optimization with sigmoid activation                                         splatfacto.py:266
[23:18:43]  Be careful with '--eval-mode=all'. If using camera optimization, the cameras    nerfstudio_dataparser.py:216
           may diverge in the current implementation, giving unpredictable results.                                     
            Be careful with '--eval-mode=all'. If using camera optimization, the cameras    nerfstudio_dataparser.py:216
           may diverge in the current implementation, giving unpredictable results.                                     
Loading latest checkpoint from load_dir
✅ Done loading checkpoint from 
outputs/ctrl_009_039_ratio3_sh0_dense_mid200/ratio3_sh0_dense/f1148/splatfacto/2026-08-20_231655/nerfstudio_models/step-
000001999.ckpt
0 Gaussians have NaN/Inf and 7 have low opacity, only export 784/791
           use color only optimization with sigmoid activation                                         splatfacto.py:266
[23:18:43]  Be careful with '--eval-mode=all'. If using camera optimization, the cameras    nerfstudio_dataparser.py:216
           may diverge in the current implementation, giving unpredictable results.                                     
            Be careful with '--eval-mode=all'. If using camera optimization, the cameras    nerfstudio_dataparser.py:216
           may diverge in the current implementation, giving unpredictable results.                                     
[23:18:43]  Be careful with '--eval-mode=all'. If using camera optimization, the cameras    nerfstudio_dataparser.py:216
           may diverge in the current implementation, giving unpredictable results.                                     
            Be careful with '--eval-mode=all'. If using camera optimization, the cameras    nerfstudio_dataparser.py:216
           may diverge in the current implementation, giving unpredictable results.                                     
[23:18:43]  Be careful with '--eval-mode=all'. If using camera optimization, the cameras    nerfstudio_dataparser.py:216
           may diverge in the current implementation, giving unpredictable results.                                     
            Be careful with '--eval-mode=all'. If using camera optimization, the cameras    nerfstudio_dataparser.py:216
           may diverge in the current implementation, giving unpredictable results.                                     
           use color only optimization with sigmoid activation                                         splatfacto.py:266
[23:18:43]  Be careful with '--eval-mode=all'. If using camera optimization, the cameras    nerfstudio_dataparser.py:216
           may diverge in the current implementation, giving unpredictable results.                                     
            Be careful with '--eval-mode=all'. If using camera optimization, the cameras    nerfstudio_dataparser.py:216
           may diverge in the current implementation, giving unpredictable results.                                     
           use color only optimization with sigmoid activation                                         splatfacto.py:266
[23:18:43]  Be careful with '--eval-mode=all'. If using camera optimization, the cameras    nerfstudio_dataparser.py:216
           may diverge in the current implementation, giving unpredictable results.                                     
            Be careful with '--eval-mode=all'. If using camera optimization, the cameras    nerfstudio_dataparser.py:216
           may diverge in the current implementation, giving unpredictable results.                                     
[23:18:44] use color only optimization with sigmoid activation                                         splatfacto.py:266
[23:18:44] use color only optimization with sigmoid activation                                         splatfacto.py:266
[gpu0_w5] ratio3_sh0_dense__f1149 -> ok (108.8s)
Loading latest checkpoint from load_dir
✅ Done loading checkpoint from 
outputs/ctrl_009_039_ratio3_sh0_dense_mid200/ratio3_sh0_dense/f1159/splatfacto/2026-08-20_231700/nerfstudio_models/step-
000001999.ckpt
0 Gaussians have NaN/Inf and 3 have low opacity, only export 740/743
[23:18:44]  Be careful with '--eval-mode=all'. If using camera optimization, the cameras    nerfstudio_dataparser.py:216
           may diverge in the current implementation, giving unpredictable results.                                     
            Be careful with '--eval-mode=all'. If using camera optimization, the cameras    nerfstudio_dataparser.py:216
           may diverge in the current implementation, giving unpredictable results.                                     
[23:18:44] use color only optimization with sigmoid activation                                         splatfacto.py:266
           use color only optimization with sigmoid activation                                         splatfacto.py:266
Loading latest checkpoint from load_dir
✅ Done loading checkpoint from 
outputs/ctrl_009_039_ratio3_sh0_dense_mid200/ratio3_sh0_dense/f1156/splatfacto/2026-08-20_231657/nerfstudio_models/step-
000001999.ckpt
0 Gaussians have NaN/Inf and 2 have low opacity, only export 666/668
Loading latest checkpoint from load_dir
✅ Done loading checkpoint from 
outputs/ctrl_009_039_ratio3_sh0_dense_mid200/ratio3_sh0_dense/f1155/splatfacto/2026-08-20_231656/nerfstudio_models/step-
000001999.ckpt
0 Gaussians have NaN/Inf and 4 have low opacity, only export 656/660
Loading latest checkpoint from load_dir
Loading latest checkpoint from load_dir
✅ Done loading checkpoint from 
outputs/ctrl_009_039_ratio3_sh0_dense_mid200/ratio3_sh0_dense/f1151/splatfacto/2026-08-20_231656/nerfstudio_models/step-
000001999.ckpt
✅ Done loading checkpoint from 
outputs/ctrl_009_039_ratio3_sh0_dense_mid200/ratio3_sh0_dense/f1157/splatfacto/2026-08-20_231700/nerfstudio_models/step-
000001999.ckpt
0 Gaussians have NaN/Inf and 1 have low opacity, only export 742/743
0 Gaussians have NaN/Inf and 2 have low opacity, only export 732/734
Loading latest checkpoint from load_dir
✅ Done loading checkpoint from 
outputs/ctrl_009_039_ratio3_sh0_dense_mid200/ratio3_sh0_dense/f1158/splatfacto/2026-08-20_231656/nerfstudio_models/step-
000001999.ckpt
0 Gaussians have NaN/Inf and 2 have low opacity, only export 714/716
Loading latest checkpoint from load_dir
✅ Done loading checkpoint from 
outputs/ctrl_009_039_ratio3_sh0_dense_mid200/ratio3_sh0_dense/f1152/splatfacto/2026-08-20_231656/nerfstudio_models/step-
000001999.ckpt
0 Gaussians have NaN/Inf and 3 have low opacity, only export 651/654
[gpu1_w0] ratio3_sh0_dense__f1150 -> ok (109.6s)
[gpu0_w3] ratio3_sh0_dense__f1153 -> ok (108.5s)
Loading latest checkpoint from load_dir
✅ Done loading checkpoint from 
outputs/ctrl_009_039_ratio3_sh0_dense_mid200/ratio3_sh0_dense/f1154/splatfacto/2026-08-20_231656/nerfstudio_models/step-
000001999.ckpt
0 Gaussians have NaN/Inf and 1 have low opacity, only export 662/663
[gpu0_w4] ratio3_sh0_dense__f1148 -> ok (110.6s)
[gpu0_w0] ratio3_sh0_dense__f1159 -> ok (107.6s)
[gpu1_w5] ratio3_sh0_dense__f1156 -> ok (109.1s)
[gpu1_w2] ratio3_sh0_dense__f1155 -> ok (109.2s)
[gpu0_w2] ratio3_sh0_dense__f1157 -> ok (108.5s)
[gpu1_w3] ratio3_sh0_dense__f1151 -> ok (110.4s)
[gpu1_w1] ratio3_sh0_dense__f1152 -> ok (110.5s)
[gpu0_w1] ratio3_sh0_dense__f1158 -> ok (108.7s)
[gpu1_w4] ratio3_sh0_dense__f1154 -> ok (109.8s)
[23:20:37]  Be careful with '--eval-mode=all'. If using camera optimization, the cameras    nerfstudio_dataparser.py:216
           may diverge in the current implementation, giving unpredictable results.                                     
            Be careful with '--eval-mode=all'. If using camera optimization, the cameras    nerfstudio_dataparser.py:216
           may diverge in the current implementation, giving unpredictable results.                                     
           use color only optimization with sigmoid activation                                         splatfacto.py:266
[23:20:37]  Be careful with '--eval-mode=all'. If using camera optimization, the cameras    nerfstudio_dataparser.py:216
           may diverge in the current implementation, giving unpredictable results.                                     
            Be careful with '--eval-mode=all'. If using camera optimization, the cameras    nerfstudio_dataparser.py:216
           may diverge in the current implementation, giving unpredictable results.                                     
[23:20:37]  Be careful with '--eval-mode=all'. If using camera optimization, the cameras    nerfstudio_dataparser.py:216
           may diverge in the current implementation, giving unpredictable results.                                     
            Be careful with '--eval-mode=all'. If using camera optimization, the cameras    nerfstudio_dataparser.py:216
           may diverge in the current implementation, giving unpredictable results.                                     
           use color only optimization with sigmoid activation                                         splatfacto.py:266
           use color only optimization with sigmoid activation                                         splatfacto.py:266
Loading latest checkpoint from load_dir
✅ Done loading checkpoint from 
outputs/ctrl_009_039_ratio3_sh0_dense_mid200/ratio3_sh0_dense/f1166/splatfacto/2026-08-20_231853/nerfstudio_models/step-
000001999.ckpt
0 Gaussians have NaN/Inf and 1 have low opacity, only export 688/689
[23:20:38]  Be careful with '--eval-mode=all'. If using camera optimization, the cameras    nerfstudio_dataparser.py:216
           may diverge in the current implementation, giving unpredictable results.                                     
            Be careful with '--eval-mode=all'. If using camera optimization, the cameras    nerfstudio_dataparser.py:216
           may diverge in the current implementation, giving unpredictable results.                                     
[23:20:38]  Be careful with '--eval-mode=all'. If using camera optimization, the cameras    nerfstudio_dataparser.py:216
           may diverge in the current implementation, giving unpredictable results.                                     
            Be careful with '--eval-mode=all'. If using camera optimization, the cameras    nerfstudio_dataparser.py:216
           may diverge in the current implementation, giving unpredictable results.                                     
[23:20:38]  Be careful with '--eval-mode=all'. If using camera optimization, the cameras    nerfstudio_dataparser.py:216
           may diverge in the current implementation, giving unpredictable results.                                     
            Be careful with '--eval-mode=all'. If using camera optimization, the cameras    nerfstudio_dataparser.py:216
           may diverge in the current implementation, giving unpredictable results.                                     
           use color only optimization with sigmoid activation                                         splatfacto.py:266
           use color only optimization with sigmoid activation                                         splatfacto.py:266
           use color only optimization with sigmoid activation                                         splatfacto.py:266
Loading latest checkpoint from load_dir
Loading latest checkpoint from load_dir
[23:20:38]  Be careful with '--eval-mode=all'. If using camera optimization, the cameras    nerfstudio_dataparser.py:216
           may diverge in the current implementation, giving unpredictable results.                                     
✅ Done loading checkpoint from 
outputs/ctrl_009_039_ratio3_sh0_dense_mid200/ratio3_sh0_dense/f1170/splatfacto/2026-08-20_231853/nerfstudio_models/step-
000001999.ckpt
✅ Done loading checkpoint from 
outputs/ctrl_009_039_ratio3_sh0_dense_mid200/ratio3_sh0_dense/f1160/splatfacto/2026-08-20_231853/nerfstudio_models/step-
000001999.ckpt
            Be careful with '--eval-mode=all'. If using camera optimization, the cameras    nerfstudio_dataparser.py:216
           may diverge in the current implementation, giving unpredictable results.                                     
0 Gaussians have NaN/Inf and 10 have low opacity, only export 705/715
0 Gaussians have NaN/Inf and 4 have low opacity, only export 739/743
           use color only optimization with sigmoid activation                                         splatfacto.py:266
[23:20:38]  Be careful with '--eval-mode=all'. If using camera optimization, the cameras    nerfstudio_dataparser.py:216
           may diverge in the current implementation, giving unpredictable results.                                     
            Be careful with '--eval-mode=all'. If using camera optimization, the cameras    nerfstudio_dataparser.py:216
           may diverge in the current implementation, giving unpredictable results.                                     
Loading latest checkpoint from load_dir
[23:20:39] use color only optimization with sigmoid activation                                         splatfacto.py:266
✅ Done loading checkpoint from 
outputs/ctrl_009_039_ratio3_sh0_dense_mid200/ratio3_sh0_dense/f1167/splatfacto/2026-08-20_231854/nerfstudio_models/step-
000001999.ckpt
0 Gaussians have NaN/Inf and 2 have low opacity, only export 718/720
Loading latest checkpoint from load_dir
✅ Done loading checkpoint from 
outputs/ctrl_009_039_ratio3_sh0_dense_mid200/ratio3_sh0_dense/f1161/splatfacto/2026-08-20_231854/nerfstudio_models/step-
000001999.ckpt
0 Gaussians have NaN/Inf and 1 have low opacity, only export 659/660
Loading latest checkpoint from load_dir
✅ Done loading checkpoint from 
outputs/ctrl_009_039_ratio3_sh0_dense_mid200/ratio3_sh0_dense/f1171/splatfacto/2026-08-20_231855/nerfstudio_models/step-
000001999.ckpt
0 Gaussians have NaN/Inf and 6 have low opacity, only export 774/780
Loading latest checkpoint from load_dir
✅ Done loading checkpoint from 
outputs/ctrl_009_039_ratio3_sh0_dense_mid200/ratio3_sh0_dense/f1163/splatfacto/2026-08-20_231854/nerfstudio_models/step-
000001999.ckpt
0 Gaussians have NaN/Inf and 6 have low opacity, only export 619/625
[gpu1_w2] ratio3_sh0_dense__f1166 -> ok (106.2s)
[23:20:40]  Be careful with '--eval-mode=all'. If using camera optimization, the cameras    nerfstudio_dataparser.py:216
           may diverge in the current implementation, giving unpredictable results.                                     
            Be careful with '--eval-mode=all'. If using camera optimization, the cameras    nerfstudio_dataparser.py:216
           may diverge in the current implementation, giving unpredictable results.                                     
Loading latest checkpoint from load_dir
✅ Done loading checkpoint from 
outputs/ctrl_009_039_ratio3_sh0_dense_mid200/ratio3_sh0_dense/f1162/splatfacto/2026-08-20_231853/nerfstudio_models/step-
000001999.ckpt
0 Gaussians have NaN/Inf and 4 have low opacity, only export 739/743
[23:20:40]  Be careful with '--eval-mode=all'. If using camera optimization, the cameras    nerfstudio_dataparser.py:216
           may diverge in the current implementation, giving unpredictable results.                                     
            Be careful with '--eval-mode=all'. If using camera optimization, the cameras    nerfstudio_dataparser.py:216
           may diverge in the current implementation, giving unpredictable results.                                     
[23:20:40]  Be careful with '--eval-mode=all'. If using camera optimization, the cameras    nerfstudio_dataparser.py:216
           may diverge in the current implementation, giving unpredictable results.                                     
            Be careful with '--eval-mode=all'. If using camera optimization, the cameras    nerfstudio_dataparser.py:216
           may diverge in the current implementation, giving unpredictable results.                                     
           use color only optimization with sigmoid activation                                         splatfacto.py:266
           use color only optimization with sigmoid activation                                         splatfacto.py:266
[gpu0_w1] ratio3_sh0_dense__f1170 -> ok (106.4s)
           use color only optimization with sigmoid activation                                         splatfacto.py:266
[gpu0_w5] ratio3_sh0_dense__f1160 -> ok (109.5s)
[23:20:40]  Be careful with '--eval-mode=all'. If using camera optimization, the cameras    nerfstudio_dataparser.py:216
           may diverge in the current implementation, giving unpredictable results.                                     
            Be careful with '--eval-mode=all'. If using camera optimization, the cameras    nerfstudio_dataparser.py:216
           may diverge in the current implementation, giving unpredictable results.                                     
[23:20:41] use color only optimization with sigmoid activation                                         splatfacto.py:266
[gpu1_w0] ratio3_sh0_dense__f1161 -> ok (108.8s)
[gpu0_w2] ratio3_sh0_dense__f1167 -> ok (107.3s)
Loading latest checkpoint from load_dir
Loading latest checkpoint from load_dir
✅ Done loading checkpoint from 
outputs/ctrl_009_039_ratio3_sh0_dense_mid200/ratio3_sh0_dense/f1168/splatfacto/2026-08-20_231854/nerfstudio_models/step-
000001999.ckpt
0 Gaussians have NaN/Inf and 4 have low opacity, only export 731/735
✅ Done loading checkpoint from 
outputs/ctrl_009_039_ratio3_sh0_dense_mid200/ratio3_sh0_dense/f1164/splatfacto/2026-08-20_231854/nerfstudio_models/step-
000001999.ckpt
0 Gaussians have NaN/Inf and 4 have low opacity, only export 668/672
Loading latest checkpoint from load_dir
✅ Done loading checkpoint from 
outputs/ctrl_009_039_ratio3_sh0_dense_mid200/ratio3_sh0_dense/f1169/splatfacto/2026-08-20_231855/nerfstudio_models/step-
000001999.ckpt
0 Gaussians have NaN/Inf and 3 have low opacity, only export 660/663
[gpu1_w4] ratio3_sh0_dense__f1171 -> ok (107.0s)
[gpu0_w4] ratio3_sh0_dense__f1163 -> ok (108.9s)
Loading latest checkpoint from load_dir
✅ Done loading checkpoint from 
outputs/ctrl_009_039_ratio3_sh0_dense_mid200/ratio3_sh0_dense/f1165/splatfacto/2026-08-20_231855/nerfstudio_models/step-
000001999.ckpt
0 Gaussians have NaN/Inf and 6 have low opacity, only export 726/732
[gpu0_w3] ratio3_sh0_dense__f1162 -> ok (109.8s)
[gpu1_w3] ratio3_sh0_dense__f1168 -> ok (109.1s)
[gpu0_w0] ratio3_sh0_dense__f1164 -> ok (109.8s)
[gpu1_w1] ratio3_sh0_dense__f1169 -> ok (109.0s)
[gpu1_w5] ratio3_sh0_dense__f1165 -> ok (110.0s)
[23:22:31]  Be careful with '--eval-mode=all'. If using camera optimization, the cameras    nerfstudio_dataparser.py:216
           may diverge in the current implementation, giving unpredictable results.                                     
            Be careful with '--eval-mode=all'. If using camera optimization, the cameras    nerfstudio_dataparser.py:216
           may diverge in the current implementation, giving unpredictable results.                                     
[23:22:32] use color only optimization with sigmoid activation                                         splatfacto.py:266
[23:22:32]  Be careful with '--eval-mode=all'. If using camera optimization, the cameras    nerfstudio_dataparser.py:216
           may diverge in the current implementation, giving unpredictable results.                                     
            Be careful with '--eval-mode=all'. If using camera optimization, the cameras    nerfstudio_dataparser.py:216
           may diverge in the current implementation, giving unpredictable results.                                     
Loading latest checkpoint from load_dir
[23:22:33]  Be careful with '--eval-mode=all'. If using camera optimization, the cameras    nerfstudio_dataparser.py:216
           may diverge in the current implementation, giving unpredictable results.                                     
✅ Done loading checkpoint from 
outputs/ctrl_009_039_ratio3_sh0_dense_mid200/ratio3_sh0_dense/f1172/splatfacto/2026-08-20_232048/nerfstudio_models/step-
000001999.ckpt
            Be careful with '--eval-mode=all'. If using camera optimization, the cameras    nerfstudio_dataparser.py:216
           may diverge in the current implementation, giving unpredictable results.                                     
0 Gaussians have NaN/Inf and 4 have low opacity, only export 680/684
[23:22:33] use color only optimization with sigmoid activation                                         splatfacto.py:266
           use color only optimization with sigmoid activation                                         splatfacto.py:266
[23:22:33]  Be careful with '--eval-mode=all'. If using camera optimization, the cameras    nerfstudio_dataparser.py:216
           may diverge in the current implementation, giving unpredictable results.                                     
            Be careful with '--eval-mode=all'. If using camera optimization, the cameras    nerfstudio_dataparser.py:216
           may diverge in the current implementation, giving unpredictable results.                                     
[23:22:33]  Be careful with '--eval-mode=all'. If using camera optimization, the cameras    nerfstudio_dataparser.py:216
           may diverge in the current implementation, giving unpredictable results.                                     
            Be careful with '--eval-mode=all'. If using camera optimization, the cameras    nerfstudio_dataparser.py:216
           may diverge in the current implementation, giving unpredictable results.                                     
Loading latest checkpoint from load_dir
[23:22:34] use color only optimization with sigmoid activation                                         splatfacto.py:266
✅ Done loading checkpoint from 
outputs/ctrl_009_039_ratio3_sh0_dense_mid200/ratio3_sh0_dense/f1174/splatfacto/2026-08-20_232049/nerfstudio_models/step-
000001999.ckpt
[23:22:34] use color only optimization with sigmoid activation                                         splatfacto.py:266
Loading latest checkpoint from load_dir
✅ Done loading checkpoint from 
outputs/ctrl_009_039_ratio3_sh0_dense_mid200/ratio3_sh0_dense/f1173/splatfacto/2026-08-20_232048/nerfstudio_models/step-
000001999.ckpt
0 Gaussians have NaN/Inf and 9 have low opacity, only export 707/716
[23:22:34]  Be careful with '--eval-mode=all'. If using camera optimization, the cameras    nerfstudio_dataparser.py:216
           may diverge in the current implementation, giving unpredictable results.                                     
            Be careful with '--eval-mode=all'. If using camera optimization, the cameras    nerfstudio_dataparser.py:216
           may diverge in the current implementation, giving unpredictable results.                                     
[23:22:34]  Be careful with '--eval-mode=all'. If using camera optimization, the cameras    nerfstudio_dataparser.py:216
           may diverge in the current implementation, giving unpredictable results.                                     
            Be careful with '--eval-mode=all'. If using camera optimization, the cameras    nerfstudio_dataparser.py:216
           may diverge in the current implementation, giving unpredictable results.                                     
           use color only optimization with sigmoid activation                                         splatfacto.py:266
[23:22:34]  Be careful with '--eval-mode=all'. If using camera optimization, the cameras    nerfstudio_dataparser.py:216
           may diverge in the current implementation, giving unpredictable results.                                     
            Be careful with '--eval-mode=all'. If using camera optimization, the cameras    nerfstudio_dataparser.py:216
           may diverge in the current implementation, giving unpredictable results.                                     
Loading latest checkpoint from load_dir
✅ Done loading checkpoint from 
outputs/ctrl_009_039_ratio3_sh0_dense_mid200/ratio3_sh0_dense/f1175/splatfacto/2026-08-20_232050/nerfstudio_models/step-
000001999.ckpt
0 Gaussians have NaN/Inf and 7 have low opacity, only export 681/688
[gpu1_w2] ratio3_sh0_dense__f1172 -> ok (108.2s)
           use color only optimization with sigmoid activation                                         splatfacto.py:266
Loading latest checkpoint from load_dir
✅ Done loading checkpoint from 
outputs/ctrl_009_039_ratio3_sh0_dense_mid200/ratio3_sh0_dense/f1176/splatfacto/2026-08-20_232049/nerfstudio_models/step-
000001999.ckpt
[23:22:35] use color only optimization with sigmoid activation                                         splatfacto.py:266
0 Gaussians have NaN/Inf and 5 have low opacity, only export 750/755
[23:22:35]  Be careful with '--eval-mode=all'. If using camera optimization, the cameras    nerfstudio_dataparser.py:216
           may diverge in the current implementation, giving unpredictable results.                                     
            Be careful with '--eval-mode=all'. If using camera optimization, the cameras    nerfstudio_dataparser.py:216
           may diverge in the current implementation, giving unpredictable results.                                     
[23:22:35]  Be careful with '--eval-mode=all'. If using camera optimization, the cameras    nerfstudio_dataparser.py:216
           may diverge in the current implementation, giving unpredictable results.                                     
            Be careful with '--eval-mode=all'. If using camera optimization, the cameras    nerfstudio_dataparser.py:216
           may diverge in the current implementation, giving unpredictable results.                                     
           use color only optimization with sigmoid activation                                         splatfacto.py:266
           use color only optimization with sigmoid activation                                         splatfacto.py:266
[23:22:35]  Be careful with '--eval-mode=all'. If using camera optimization, the cameras    nerfstudio_dataparser.py:216
           may diverge in the current implementation, giving unpredictable results.                                     
            Be careful with '--eval-mode=all'. If using camera optimization, the cameras    nerfstudio_dataparser.py:216
           may diverge in the current implementation, giving unpredictable results.                                     
Loading latest checkpoint from load_dir
           use color only optimization with sigmoid activation                                         splatfacto.py:266
✅ Done loading checkpoint from 
outputs/ctrl_009_039_ratio3_sh0_dense_mid200/ratio3_sh0_dense/f1178/splatfacto/2026-08-20_232050/nerfstudio_models/step-
000001999.ckpt
0 Gaussians have NaN/Inf and 1 have low opacity, only export 692/693
Loading latest checkpoint from load_dir
✅ Done loading checkpoint from 
outputs/ctrl_009_039_ratio3_sh0_dense_mid200/ratio3_sh0_dense/f1177/splatfacto/2026-08-20_232050/nerfstudio_models/step-
000001999.ckpt
0 Gaussians have NaN/Inf and 6 have low opacity, only export 756/762
Loading latest checkpoint from load_dir
Loading latest checkpoint from load_dir
✅ Done loading checkpoint from 
outputs/ctrl_009_039_ratio3_sh0_dense_mid200/ratio3_sh0_dense/f1179/splatfacto/2026-08-20_232050/nerfstudio_models/step-
000001999.ckpt
✅ Done loading checkpoint from 
outputs/ctrl_009_039_ratio3_sh0_dense_mid200/ratio3_sh0_dense/f1180/splatfacto/2026-08-20_232051/nerfstudio_models/step-
000001999.ckpt
[gpu0_w5] ratio3_sh0_dense__f1174 -> ok (108.8s)
0 Gaussians have NaN/Inf and 4 have low opacity, only export 653/657
0 Gaussians have NaN/Inf and 4 have low opacity, only export 676/680
Loading latest checkpoint from load_dir
✅ Done loading checkpoint from 
outputs/ctrl_009_039_ratio3_sh0_dense_mid200/ratio3_sh0_dense/f1182/splatfacto/2026-08-20_232050/nerfstudio_models/step-
000001999.ckpt
0 Gaussians have NaN/Inf and 6 have low opacity, only export 630/636
[gpu0_w1] ratio3_sh0_dense__f1173 -> ok (109.1s)
Loading latest checkpoint from load_dir
[23:22:36]  Be careful with '--eval-mode=all'. If using camera optimization, the cameras    nerfstudio_dataparser.py:216
           may diverge in the current implementation, giving unpredictable results.                                     
✅ Done loading checkpoint from 
outputs/ctrl_009_039_ratio3_sh0_dense_mid200/ratio3_sh0_dense/f1183/splatfacto/2026-08-20_232051/nerfstudio_models/step-
000001999.ckpt
            Be careful with '--eval-mode=all'. If using camera optimization, the cameras    nerfstudio_dataparser.py:216
           may diverge in the current implementation, giving unpredictable results.                                     
0 Gaussians have NaN/Inf and 5 have low opacity, only export 702/707
           use color only optimization with sigmoid activation                                         splatfacto.py:266
[gpu1_w0] ratio3_sh0_dense__f1175 -> ok (109.1s)
[gpu0_w2] ratio3_sh0_dense__f1176 -> ok (109.1s)
[gpu0_w4] ratio3_sh0_dense__f1178 -> ok (109.5s)
Loading latest checkpoint from load_dir
✅ Done loading checkpoint from 
outputs/ctrl_009_039_ratio3_sh0_dense_mid200/ratio3_sh0_dense/f1181/splatfacto/2026-08-20_232050/nerfstudio_models/step-
000001999.ckpt
0 Gaussians have NaN/Inf and 6 have low opacity, only export 642/648
[gpu1_w4] ratio3_sh0_dense__f1177 -> ok (109.8s)
[gpu1_w3] ratio3_sh0_dense__f1180 -> ok (108.4s)
[gpu1_w1] ratio3_sh0_dense__f1182 -> ok (108.3s)
[gpu0_w3] ratio3_sh0_dense__f1179 -> ok (109.3s)
[gpu1_w5] ratio3_sh0_dense__f1183 -> ok (108.1s)
[gpu0_w0] ratio3_sh0_dense__f1181 -> ok (109.7s)
[23:24:29]  Be careful with '--eval-mode=all'. If using camera optimization, the cameras    nerfstudio_dataparser.py:216
           may diverge in the current implementation, giving unpredictable results.                                     
            Be careful with '--eval-mode=all'. If using camera optimization, the cameras    nerfstudio_dataparser.py:216
           may diverge in the current implementation, giving unpredictable results.                                     
[23:24:30]  Be careful with '--eval-mode=all'. If using camera optimization, the cameras    nerfstudio_dataparser.py:216
           may diverge in the current implementation, giving unpredictable results.                                     
            Be careful with '--eval-mode=all'. If using camera optimization, the cameras    nerfstudio_dataparser.py:216
           may diverge in the current implementation, giving unpredictable results.                                     
[23:24:30] use color only optimization with sigmoid activation                                         splatfacto.py:266
           use color only optimization with sigmoid activation                                         splatfacto.py:266
[23:24:30]  Be careful with '--eval-mode=all'. If using camera optimization, the cameras    nerfstudio_dataparser.py:216
           may diverge in the current implementation, giving unpredictable results.                                     
            Be careful with '--eval-mode=all'. If using camera optimization, the cameras    nerfstudio_dataparser.py:216
           may diverge in the current implementation, giving unpredictable results.                                     
           use color only optimization with sigmoid activation                                         splatfacto.py:266
Loading latest checkpoint from load_dir
✅ Done loading checkpoint from 
outputs/ctrl_009_039_ratio3_sh0_dense_mid200/ratio3_sh0_dense/f1188/splatfacto/2026-08-20_232246/nerfstudio_models/step-
000001999.ckpt
0 Gaussians have NaN/Inf and 3 have low opacity, only export 694/697
Loading latest checkpoint from load_dir
✅ Done loading checkpoint from 
outputs/ctrl_009_039_ratio3_sh0_dense_mid200/ratio3_sh0_dense/f1187/splatfacto/2026-08-20_232246/nerfstudio_models/step-
000001999.ckpt
0 Gaussians have NaN/Inf and 7 have low opacity, only export 664/671
[23:24:31]  Be careful with '--eval-mode=all'. If using camera optimization, the cameras    nerfstudio_dataparser.py:216
           may diverge in the current implementation, giving unpredictable results.                                     
            Be careful with '--eval-mode=all'. If using camera optimization, the cameras    nerfstudio_dataparser.py:216
           may diverge in the current implementation, giving unpredictable results.                                     
Loading latest checkpoint from load_dir
✅ Done loading checkpoint from 
outputs/ctrl_009_039_ratio3_sh0_dense_mid200/ratio3_sh0_dense/f1184/splatfacto/2026-08-20_232246/nerfstudio_models/step-
000001999.ckpt
0 Gaussians have NaN/Inf and 6 have low opacity, only export 657/663
           use color only optimization with sigmoid activation                                         splatfacto.py:266
[23:24:31]  Be careful with '--eval-mode=all'. If using camera optimization, the cameras    nerfstudio_dataparser.py:216
           may diverge in the current implementation, giving unpredictable results.                                     
            Be careful with '--eval-mode=all'. If using camera optimization, the cameras    nerfstudio_dataparser.py:216
           may diverge in the current implementation, giving unpredictable results.                                     
[23:24:31]  Be careful with '--eval-mode=all'. If using camera optimization, the cameras    nerfstudio_dataparser.py:216
           may diverge in the current implementation, giving unpredictable results.                                     
           use color only optimization with sigmoid activation                                         splatfacto.py:266
            Be careful with '--eval-mode=all'. If using camera optimization, the cameras    nerfstudio_dataparser.py:216
           may diverge in the current implementation, giving unpredictable results.                                     
[23:24:32]  Be careful with '--eval-mode=all'. If using camera optimization, the cameras    nerfstudio_dataparser.py:216
           may diverge in the current implementation, giving unpredictable results.                                     
            Be careful with '--eval-mode=all'. If using camera optimization, the cameras    nerfstudio_dataparser.py:216
           may diverge in the current implementation, giving unpredictable results.                                     
[23:24:32] use color only optimization with sigmoid activation                                         splatfacto.py:266
[23:24:32]  Be careful with '--eval-mode=all'. If using camera optimization, the cameras    nerfstudio_dataparser.py:216
           may diverge in the current implementation, giving unpredictable results.                                     
            Be careful with '--eval-mode=all'. If using camera optimization, the cameras    nerfstudio_dataparser.py:216
           may diverge in the current implementation, giving unpredictable results.                                     
           use color only optimization with sigmoid activation                                         splatfacto.py:266
Loading latest checkpoint from load_dir
✅ Done loading checkpoint from 
outputs/ctrl_009_039_ratio3_sh0_dense_mid200/ratio3_sh0_dense/f1189/splatfacto/2026-08-20_232248/nerfstudio_models/step-
000001999.ckpt
           use color only optimization with sigmoid activation                                         splatfacto.py:266
0 Gaussians have NaN/Inf and 4 have low opacity, only export 691/695
Loading latest checkpoint from load_dir
✅ Done loading checkpoint from 
outputs/ctrl_009_039_ratio3_sh0_dense_mid200/ratio3_sh0_dense/f1192/splatfacto/2026-08-20_232247/nerfstudio_models/step-
000001999.ckpt
0 Gaussians have NaN/Inf and 1 have low opacity, only export 619/620
[23:24:32]  Be careful with '--eval-mode=all'. If using camera optimization, the cameras    nerfstudio_dataparser.py:216
           may diverge in the current implementation, giving unpredictable results.                                     
            Be careful with '--eval-mode=all'. If using camera optimization, the cameras    nerfstudio_dataparser.py:216
           may diverge in the current implementation, giving unpredictable results.                                     
Loading latest checkpoint from load_dir
[gpu1_w0] ratio3_sh0_dense__f1187 -> ok (107.2s)
[gpu0_w2] ratio3_sh0_dense__f1188 -> ok (107.2s)
✅ Done loading checkpoint from 
outputs/ctrl_009_039_ratio3_sh0_dense_mid200/ratio3_sh0_dense/f1185/splatfacto/2026-08-20_232247/nerfstudio_models/step-
000001999.ckpt
0 Gaussians have NaN/Inf and 1 have low opacity, only export 690/691
[23:24:33] use color only optimization with sigmoid activation                                         splatfacto.py:266
Loading latest checkpoint from load_dir
✅ Done loading checkpoint from 
outputs/ctrl_009_039_ratio3_sh0_dense_mid200/ratio3_sh0_dense/f1186/splatfacto/2026-08-20_232247/nerfstudio_models/step-
000001999.ckpt
[23:24:33]  Be careful with '--eval-mode=all'. If using camera optimization, the cameras    nerfstudio_dataparser.py:216
           may diverge in the current implementation, giving unpredictable results.                                     
0 Gaussians have NaN/Inf and 4 have low opacity, only export 649/653
            Be careful with '--eval-mode=all'. If using camera optimization, the cameras    nerfstudio_dataparser.py:216
           may diverge in the current implementation, giving unpredictable results.                                     
[23:24:33]  Be careful with '--eval-mode=all'. If using camera optimization, the cameras    nerfstudio_dataparser.py:216
           may diverge in the current implementation, giving unpredictable results.                                     
            Be careful with '--eval-mode=all'. If using camera optimization, the cameras    nerfstudio_dataparser.py:216
           may diverge in the current implementation, giving unpredictable results.                                     
Loading latest checkpoint from load_dir
✅ Done loading checkpoint from 
outputs/ctrl_009_039_ratio3_sh0_dense_mid200/ratio3_sh0_dense/f1191/splatfacto/2026-08-20_232247/nerfstudio_models/step-
000001999.ckpt
0 Gaussians have NaN/Inf and 8 have low opacity, only export 629/637
           use color only optimization with sigmoid activation                                         splatfacto.py:266
           use color only optimization with sigmoid activation                                         splatfacto.py:266
[gpu1_w2] ratio3_sh0_dense__f1184 -> ok (109.8s)
[23:24:33]  Be careful with '--eval-mode=all'. If using camera optimization, the cameras    nerfstudio_dataparser.py:216
           may diverge in the current implementation, giving unpredictable results.                                     
            Be careful with '--eval-mode=all'. If using camera optimization, the cameras    nerfstudio_dataparser.py:216
           may diverge in the current implementation, giving unpredictable results.                                     
Loading latest checkpoint from load_dir
✅ Done loading checkpoint from 
outputs/ctrl_009_039_ratio3_sh0_dense_mid200/ratio3_sh0_dense/f1194/splatfacto/2026-08-20_232249/nerfstudio_models/step-
000001999.ckpt
0 Gaussians have NaN/Inf and 2 have low opacity, only export 615/617
[23:24:34] use color only optimization with sigmoid activation                                         splatfacto.py:266
Loading latest checkpoint from load_dir
Loading latest checkpoint from load_dir
✅ Done loading checkpoint from 
outputs/ctrl_009_039_ratio3_sh0_dense_mid200/ratio3_sh0_dense/f1190/splatfacto/2026-08-20_232249/nerfstudio_models/step-
000001999.ckpt
0 Gaussians have NaN/Inf and 8 have low opacity, only export 681/689
✅ Done loading checkpoint from 
outputs/ctrl_009_039_ratio3_sh0_dense_mid200/ratio3_sh0_dense/f1193/splatfacto/2026-08-20_232248/nerfstudio_models/step-
000001999.ckpt
0 Gaussians have NaN/Inf and 5 have low opacity, only export 656/661
[gpu0_w4] ratio3_sh0_dense__f1189 -> ok (108.1s)
[gpu1_w1] ratio3_sh0_dense__f1192 -> ok (107.8s)
[gpu0_w5] ratio3_sh0_dense__f1185 -> ok (110.1s)
[gpu0_w1] ratio3_sh0_dense__f1186 -> ok (109.9s)
Loading latest checkpoint from load_dir
✅ Done loading checkpoint from 
outputs/ctrl_009_039_ratio3_sh0_dense_mid200/ratio3_sh0_dense/f1195/splatfacto/2026-08-20_232248/nerfstudio_models/step-
000001999.ckpt
0 Gaussians have NaN/Inf and 3 have low opacity, only export 656/659
[gpu1_w3] ratio3_sh0_dense__f1191 -> ok (108.4s)
[gpu1_w5] ratio3_sh0_dense__f1194 -> ok (108.5s)
[gpu0_w3] ratio3_sh0_dense__f1193 -> ok (109.2s)
[gpu1_w4] ratio3_sh0_dense__f1190 -> ok (109.5s)
[gpu0_w0] ratio3_sh0_dense__f1195 -> ok (108.6s)
[23:26:24]  Be careful with '--eval-mode=all'. If using camera optimization, the cameras    nerfstudio_dataparser.py:216
           may diverge in the current implementation, giving unpredictable results.                                     
            Be careful with '--eval-mode=all'. If using camera optimization, the cameras    nerfstudio_dataparser.py:216
           may diverge in the current implementation, giving unpredictable results.                                     
           use color only optimization with sigmoid activation                                         splatfacto.py:266
[23:26:24]  Be careful with '--eval-mode=all'. If using camera optimization, the cameras    nerfstudio_dataparser.py:216
           may diverge in the current implementation, giving unpredictable results.                                     
            Be careful with '--eval-mode=all'. If using camera optimization, the cameras    nerfstudio_dataparser.py:216
           may diverge in the current implementation, giving unpredictable results.                                     
[23:26:25] use color only optimization with sigmoid activation                                         splatfacto.py:266
Loading latest checkpoint from load_dir
✅ Done loading checkpoint from 
outputs/ctrl_009_039_ratio3_sh0_dense_mid200/ratio3_sh0_dense/f1197/splatfacto/2026-08-20_232442/nerfstudio_models/step-
000001999.ckpt
[23:26:25]  Be careful with '--eval-mode=all'. If using camera optimization, the cameras    nerfstudio_dataparser.py:216
           may diverge in the current implementation, giving unpredictable results.                                     
0 Gaussians have NaN/Inf and 5 have low opacity, only export 701/706
            Be careful with '--eval-mode=all'. If using camera optimization, the cameras    nerfstudio_dataparser.py:216
           may diverge in the current implementation, giving unpredictable results.                                     
           use color only optimization with sigmoid activation                                         splatfacto.py:266
[23:26:25]  Be careful with '--eval-mode=all'. If using camera optimization, the cameras    nerfstudio_dataparser.py:216
           may diverge in the current implementation, giving unpredictable results.                                     
            Be careful with '--eval-mode=all'. If using camera optimization, the cameras    nerfstudio_dataparser.py:216
           may diverge in the current implementation, giving unpredictable results.                                     
Loading latest checkpoint from load_dir
✅ Done loading checkpoint from 
outputs/ctrl_009_039_ratio3_sh0_dense_mid200/ratio3_sh0_dense/f1196/splatfacto/2026-08-20_232442/nerfstudio_models/step-
000001999.ckpt
0 Gaussians have NaN/Inf and 3 have low opacity, only export 672/675
[23:26:26] use color only optimization with sigmoid activation                                         splatfacto.py:266
[23:26:26]  Be careful with '--eval-mode=all'. If using camera optimization, the cameras    nerfstudio_dataparser.py:216
           may diverge in the current implementation, giving unpredictable results.                                     
            Be careful with '--eval-mode=all'. If using camera optimization, the cameras    nerfstudio_dataparser.py:216
           may diverge in the current implementation, giving unpredictable results.                                     
Loading latest checkpoint from load_dir
✅ Done loading checkpoint from 
outputs/ctrl_009_039_ratio3_sh0_dense_mid200/ratio3_sh0_dense/f1199/splatfacto/2026-08-20_232442/nerfstudio_models/step-
000001999.ckpt
0 Gaussians have NaN/Inf and 2 have low opacity, only export 689/691
           use color only optimization with sigmoid activation                                         splatfacto.py:266
Loading latest checkpoint from load_dir
✅ Done loading checkpoint from 
outputs/ctrl_009_039_ratio3_sh0_dense_mid200/ratio3_sh0_dense/f1200/splatfacto/2026-08-20_232443/nerfstudio_models/step-
000001999.ckpt
0 Gaussians have NaN/Inf and 2 have low opacity, only export 718/720
[23:26:27]  Be careful with '--eval-mode=all'. If using camera optimization, the cameras    nerfstudio_dataparser.py:216
           may diverge in the current implementation, giving unpredictable results.                                     
            Be careful with '--eval-mode=all'. If using camera optimization, the cameras    nerfstudio_dataparser.py:216
           may diverge in the current implementation, giving unpredictable results.                                     
           use color only optimization with sigmoid activation                                         splatfacto.py:266
[gpu0_w2] ratio3_sh0_dense__f1197 -> ok (107.7s)
[23:26:27]  Be careful with '--eval-mode=all'. If using camera optimization, the cameras    nerfstudio_dataparser.py:216
           may diverge in the current implementation, giving unpredictable results.                                     
            Be careful with '--eval-mode=all'. If using camera optimization, the cameras    nerfstudio_dataparser.py:216
           may diverge in the current implementation, giving unpredictable results.                                     
           use color only optimization with sigmoid activation                                         splatfacto.py:266
Loading latest checkpoint from load_dir
✅ Done loading checkpoint from 
outputs/ctrl_009_039_ratio3_sh0_dense_mid200/ratio3_sh0_dense/f1201/splatfacto/2026-08-20_232442/nerfstudio_models/step-
000001999.ckpt
0 Gaussians have NaN/Inf and 2 have low opacity, only export 750/752
[23:26:27]  Be careful with '--eval-mode=all'. If using camera optimization, the cameras    nerfstudio_dataparser.py:216
           may diverge in the current implementation, giving unpredictable results.                                     
            Be careful with '--eval-mode=all'. If using camera optimization, the cameras    nerfstudio_dataparser.py:216
           may diverge in the current implementation, giving unpredictable results.                                     
[23:26:27]  Be careful with '--eval-mode=all'. If using camera optimization, the cameras    nerfstudio_dataparser.py:216
           may diverge in the current implementation, giving unpredictable results.                                     
            Be careful with '--eval-mode=all'. If using camera optimization, the cameras    nerfstudio_dataparser.py:216
           may diverge in the current implementation, giving unpredictable results.                                     
[23:26:27]  Be careful with '--eval-mode=all'. If using camera optimization, the cameras    nerfstudio_dataparser.py:216
           may diverge in the current implementation, giving unpredictable results.                                     
            Be careful with '--eval-mode=all'. If using camera optimization, the cameras    nerfstudio_dataparser.py:216
           may diverge in the current implementation, giving unpredictable results.                                     
           use color only optimization with sigmoid activation                                         splatfacto.py:266
[23:26:28] use color only optimization with sigmoid activation                                         splatfacto.py:266
[gpu1_w0] ratio3_sh0_dense__f1196 -> ok (108.4s)
[23:26:28]  Be careful with '--eval-mode=all'. If using camera optimization, the cameras    nerfstudio_dataparser.py:216
           may diverge in the current implementation, giving unpredictable results.                                     
            Be careful with '--eval-mode=all'. If using camera optimization, the cameras    nerfstudio_dataparser.py:216
           may diverge in the current implementation, giving unpredictable results.                                     
[23:26:28] use color only optimization with sigmoid activation                                         splatfacto.py:266
Loading latest checkpoint from load_dir
✅ Done loading checkpoint from 
outputs/ctrl_009_039_ratio3_sh0_dense_mid200/ratio3_sh0_dense/f1205/splatfacto/2026-08-20_232443/nerfstudio_models/step-
000001999.ckpt
0 Gaussians have NaN/Inf and 4 have low opacity, only export 702/706
           use color only optimization with sigmoid activation                                         splatfacto.py:266
Loading latest checkpoint from load_dir
✅ Done loading checkpoint from 
outputs/ctrl_009_039_ratio3_sh0_dense_mid200/ratio3_sh0_dense/f1198/splatfacto/2026-08-20_232442/nerfstudio_models/step-
000001999.ckpt
0 Gaussians have NaN/Inf and 2 have low opacity, only export 631/633
[gpu0_w4] ratio3_sh0_dense__f1199 -> ok (107.3s)
Loading latest checkpoint from load_dir
✅ Done loading checkpoint from 
outputs/ctrl_009_039_ratio3_sh0_dense_mid200/ratio3_sh0_dense/f1202/splatfacto/2026-08-20_232443/nerfstudio_models/step-
000001999.ckpt
0 Gaussians have NaN/Inf and 2 have low opacity, only export 743/745
Loading latest checkpoint from load_dir
[gpu1_w1] ratio3_sh0_dense__f1200 -> ok (107.5s)
✅ Done loading checkpoint from 
outputs/ctrl_009_039_ratio3_sh0_dense_mid200/ratio3_sh0_dense/f1203/splatfacto/2026-08-20_232444/nerfstudio_models/step-
000001999.ckpt
[23:26:28]  Be careful with '--eval-mode=all'. If using camera optimization, the cameras    nerfstudio_dataparser.py:216
           may diverge in the current implementation, giving unpredictable results.                                     
            Be careful with '--eval-mode=all'. If using camera optimization, the cameras    nerfstudio_dataparser.py:216
           may diverge in the current implementation, giving unpredictable results.                                     
Loading latest checkpoint from load_dir
✅ Done loading checkpoint from 
outputs/ctrl_009_039_ratio3_sh0_dense_mid200/ratio3_sh0_dense/f1204/splatfacto/2026-08-20_232444/nerfstudio_models/step-
000001999.ckpt
0 Gaussians have NaN/Inf and 8 have low opacity, only export 733/741
[23:26:29] use color only optimization with sigmoid activation                                         splatfacto.py:266
Loading latest checkpoint from load_dir
✅ Done loading checkpoint from 
outputs/ctrl_009_039_ratio3_sh0_dense_mid200/ratio3_sh0_dense/f1206/splatfacto/2026-08-20_232444/nerfstudio_models/step-
000001999.ckpt
0 Gaussians have NaN/Inf and 6 have low opacity, only export 692/698
[gpu0_w5] ratio3_sh0_dense__f1201 -> ok (107.9s)
Loading latest checkpoint from load_dir
[gpu0_w3] ratio3_sh0_dense__f1205 -> ok (107.1s)
✅ Done loading checkpoint from 
outputs/ctrl_009_039_ratio3_sh0_dense_mid200/ratio3_sh0_dense/f1207/splatfacto/2026-08-20_232444/nerfstudio_models/step-
000001999.ckpt
0 Gaussians have NaN/Inf and 6 have low opacity, only export 576/582
[gpu1_w2] ratio3_sh0_dense__f1198 -> ok (110.0s)
[gpu0_w1] ratio3_sh0_dense__f1202 -> ok (109.0s)
[gpu1_w3] ratio3_sh0_dense__f1203 -> ok (108.8s)
[gpu1_w5] ratio3_sh0_dense__f1204 -> ok (108.4s)
[gpu1_w4] ratio3_sh0_dense__f1206 -> ok (108.0s)
[gpu0_w0] ratio3_sh0_dense__f1207 -> ok (108.2s)
[23:28:19]  Be careful with '--eval-mode=all'. If using camera optimization, the cameras    nerfstudio_dataparser.py:216
           may diverge in the current implementation, giving unpredictable results.                                     
            Be careful with '--eval-mode=all'. If using camera optimization, the cameras    nerfstudio_dataparser.py:216
           may diverge in the current implementation, giving unpredictable results.                                     
           use color only optimization with sigmoid activation                                         splatfacto.py:266
[23:28:20]  Be careful with '--eval-mode=all'. If using camera optimization, the cameras    nerfstudio_dataparser.py:216
           may diverge in the current implementation, giving unpredictable results.                                     
            Be careful with '--eval-mode=all'. If using camera optimization, the cameras    nerfstudio_dataparser.py:216
           may diverge in the current implementation, giving unpredictable results.                                     
           use color only optimization with sigmoid activation                                         splatfacto.py:266
Loading latest checkpoint from load_dir
✅ Done loading checkpoint from 
outputs/ctrl_009_039_ratio3_sh0_dense_mid200/ratio3_sh0_dense/f1208/splatfacto/2026-08-20_232636/nerfstudio_models/step-
000001999.ckpt
0 Gaussians have NaN/Inf and 4 have low opacity, only export 613/617
[23:28:20]  Be careful with '--eval-mode=all'. If using camera optimization, the cameras    nerfstudio_dataparser.py:216
           may diverge in the current implementation, giving unpredictable results.                                     
            Be careful with '--eval-mode=all'. If using camera optimization, the cameras    nerfstudio_dataparser.py:216
           may diverge in the current implementation, giving unpredictable results.                                     
           use color only optimization with sigmoid activation                                         splatfacto.py:266
[23:28:20]  Be careful with '--eval-mode=all'. If using camera optimization, the cameras    nerfstudio_dataparser.py:216
           may diverge in the current implementation, giving unpredictable results.                                     
            Be careful with '--eval-mode=all'. If using camera optimization, the cameras    nerfstudio_dataparser.py:216
           may diverge in the current implementation, giving unpredictable results.                                     
Loading latest checkpoint from load_dir
[23:28:21]  Be careful with '--eval-mode=all'. If using camera optimization, the cameras    nerfstudio_dataparser.py:216
           may diverge in the current implementation, giving unpredictable results.                                     
            Be careful with '--eval-mode=all'. If using camera optimization, the cameras    nerfstudio_dataparser.py:216
           may diverge in the current implementation, giving unpredictable results.                                     
✅ Done loading checkpoint from 
outputs/ctrl_009_039_ratio3_sh0_dense_mid200/ratio3_sh0_dense/f1209/splatfacto/2026-08-20_232636/nerfstudio_models/step-
000001999.ckpt
0 Gaussians have NaN/Inf and 4 have low opacity, only export 580/584
[23:28:21] use color only optimization with sigmoid activation                                         splatfacto.py:266
           use color only optimization with sigmoid activation                                         splatfacto.py:266
Loading latest checkpoint from load_dir
✅ Done loading checkpoint from 
outputs/ctrl_009_039_ratio3_sh0_dense_mid200/ratio3_sh0_dense/f1218/splatfacto/2026-08-20_232637/nerfstudio_models/step-
000001999.ckpt
0 Gaussians have NaN/Inf and 4 have low opacity, only export 726/730
[23:28:21]  Be careful with '--eval-mode=all'. If using camera optimization, the cameras    nerfstudio_dataparser.py:216
           may diverge in the current implementation, giving unpredictable results.                                     
            Be careful with '--eval-mode=all'. If using camera optimization, the cameras    nerfstudio_dataparser.py:216
           may diverge in the current implementation, giving unpredictable results.                                     
Loading latest checkpoint from load_dir
✅ Done loading checkpoint from 
outputs/ctrl_009_039_ratio3_sh0_dense_mid200/ratio3_sh0_dense/f1211/splatfacto/2026-08-20_232636/nerfstudio_models/step-
000001999.ckpt
0 Gaussians have NaN/Inf and 7 have low opacity, only export 666/673
[23:28:22] use color only optimization with sigmoid activation                                         splatfacto.py:266
[23:28:22]  Be careful with '--eval-mode=all'. If using camera optimization, the cameras    nerfstudio_dataparser.py:216
           may diverge in the current implementation, giving unpredictable results.                                     
            Be careful with '--eval-mode=all'. If using camera optimization, the cameras    nerfstudio_dataparser.py:216
           may diverge in the current implementation, giving unpredictable results.                                     
[gpu0_w2] ratio3_sh0_dense__f1208 -> ok (108.2s)
Loading latest checkpoint from load_dir
           use color only optimization with sigmoid activation                                         splatfacto.py:266
✅ Done loading checkpoint from 
outputs/ctrl_009_039_ratio3_sh0_dense_mid200/ratio3_sh0_dense/f1216/splatfacto/2026-08-20_232638/nerfstudio_models/step-
000001999.ckpt
0 Gaussians have NaN/Inf and 1 have low opacity, only export 675/676
[23:28:22]  Be careful with '--eval-mode=all'. If using camera optimization, the cameras    nerfstudio_dataparser.py:216
           may diverge in the current implementation, giving unpredictable results.                                     
            Be careful with '--eval-mode=all'. If using camera optimization, the cameras    nerfstudio_dataparser.py:216
           may diverge in the current implementation, giving unpredictable results.                                     
Loading latest checkpoint from load_dir
Loading latest checkpoint from load_dir
✅ Done loading checkpoint from 
outputs/ctrl_009_039_ratio3_sh0_dense_mid200/ratio3_sh0_dense/f1212/splatfacto/2026-08-20_232637/nerfstudio_models/step-
000001999.ckpt
[23:28:23] use color only optimization with sigmoid activation                                         splatfacto.py:266
0 Gaussians have NaN/Inf and 2 have low opacity, only export 617/619
✅ Done loading checkpoint from 
outputs/ctrl_009_039_ratio3_sh0_dense_mid200/ratio3_sh0_dense/f1210/splatfacto/2026-08-20_232637/nerfstudio_models/step-
000001999.ckpt
0 Gaussians have NaN/Inf and 4 have low opacity, only export 589/593
[23:28:23]  Be careful with '--eval-mode=all'. If using camera optimization, the cameras    nerfstudio_dataparser.py:216
           may diverge in the current implementation, giving unpredictable results.                                     
[23:28:23]  Be careful with '--eval-mode=all'. If using camera optimization, the cameras    nerfstudio_dataparser.py:216
           may diverge in the current implementation, giving unpredictable results.                                     
            Be careful with '--eval-mode=all'. If using camera optimization, the cameras    nerfstudio_dataparser.py:216
           may diverge in the current implementation, giving unpredictable results.                                     
            Be careful with '--eval-mode=all'. If using camera optimization, the cameras    nerfstudio_dataparser.py:216
           may diverge in the current implementation, giving unpredictable results.                                     
[gpu1_w0] ratio3_sh0_dense__f1209 -> ok (108.5s)
           use color only optimization with sigmoid activation                                         splatfacto.py:266
           use color only optimization with sigmoid activation                                         splatfacto.py:266
[23:28:23]  Be careful with '--eval-mode=all'. If using camera optimization, the cameras    nerfstudio_dataparser.py:216
           may diverge in the current implementation, giving unpredictable results.                                     
            Be careful with '--eval-mode=all'. If using camera optimization, the cameras    nerfstudio_dataparser.py:216
           may diverge in the current implementation, giving unpredictable results.                                     
[gpu1_w4] ratio3_sh0_dense__f1218 -> ok (106.0s)
           use color only optimization with sigmoid activation                                         splatfacto.py:266
[23:28:23]  Be careful with '--eval-mode=all'. If using camera optimization, the cameras    nerfstudio_dataparser.py:216
           may diverge in the current implementation, giving unpredictable results.                                     
            Be careful with '--eval-mode=all'. If using camera optimization, the cameras    nerfstudio_dataparser.py:216
           may diverge in the current implementation, giving unpredictable results.                                     
[gpu1_w1] ratio3_sh0_dense__f1211 -> ok (108.4s)
Loading latest checkpoint from load_dir
✅ Done loading checkpoint from 
outputs/ctrl_009_039_ratio3_sh0_dense_mid200/ratio3_sh0_dense/f1213/splatfacto/2026-08-20_232638/nerfstudio_models/step-
000001999.ckpt
0 Gaussians have NaN/Inf and 2 have low opacity, only export 648/650
Loading latest checkpoint from load_dir
✅ Done loading checkpoint from 
outputs/ctrl_009_039_ratio3_sh0_dense_mid200/ratio3_sh0_dense/f1217/splatfacto/2026-08-20_232639/nerfstudio_models/step-
000001999.ckpt
0 Gaussians have NaN/Inf and 5 have low opacity, only export 635/640
[23:28:24] use color only optimization with sigmoid activation                                         splatfacto.py:266
Loading latest checkpoint from load_dir
✅ Done loading checkpoint from 
outputs/ctrl_009_039_ratio3_sh0_dense_mid200/ratio3_sh0_dense/f1214/splatfacto/2026-08-20_232638/nerfstudio_models/step-
000001999.ckpt
0 Gaussians have NaN/Inf and 2 have low opacity, only export 701/703
[gpu1_w3] ratio3_sh0_dense__f1216 -> ok (106.8s)
Loading latest checkpoint from load_dir
✅ Done loading checkpoint from 
outputs/ctrl_009_039_ratio3_sh0_dense_mid200/ratio3_sh0_dense/f1215/splatfacto/2026-08-20_232638/nerfstudio_models/step-
000001999.ckpt
[gpu0_w4] ratio3_sh0_dense__f1210 -> ok (109.7s)
[gpu0_w5] ratio3_sh0_dense__f1212 -> ok (108.8s)
Loading latest checkpoint from load_dir
✅ Done loading checkpoint from 
outputs/ctrl_009_039_ratio3_sh0_dense_mid200/ratio3_sh0_dense/f1219/splatfacto/2026-08-20_232639/nerfstudio_models/step-
000001999.ckpt
0 Gaussians have NaN/Inf and 3 have low opacity, only export 665/668
[gpu0_w3] ratio3_sh0_dense__f1213 -> ok (109.4s)
[gpu1_w2] ratio3_sh0_dense__f1214 -> ok (109.2s)
[gpu1_w5] ratio3_sh0_dense__f1217 -> ok (108.5s)
[gpu0_w1] ratio3_sh0_dense__f1215 -> ok (109.1s)
[gpu0_w0] ratio3_sh0_dense__f1219 -> ok (108.3s)
[23:30:16]  Be careful with '--eval-mode=all'. If using camera optimization, the cameras    nerfstudio_dataparser.py:216
           may diverge in the current implementation, giving unpredictable results.                                     
            Be careful with '--eval-mode=all'. If using camera optimization, the cameras    nerfstudio_dataparser.py:216
           may diverge in the current implementation, giving unpredictable results.                                     
           use color only optimization with sigmoid activation                                         splatfacto.py:266
Loading latest checkpoint from load_dir
✅ Done loading checkpoint from 
outputs/ctrl_009_039_ratio3_sh0_dense_mid200/ratio3_sh0_dense/f1220/splatfacto/2026-08-20_232833/nerfstudio_models/step-
000001999.ckpt
0 Gaussians have NaN/Inf and 6 have low opacity, only export 661/667
[23:30:17]  Be careful with '--eval-mode=all'. If using camera optimization, the cameras    nerfstudio_dataparser.py:216
           may diverge in the current implementation, giving unpredictable results.                                     
            Be careful with '--eval-mode=all'. If using camera optimization, the cameras    nerfstudio_dataparser.py:216
           may diverge in the current implementation, giving unpredictable results.                                     
           use color only optimization with sigmoid activation                                         splatfacto.py:266
[23:30:18]  Be careful with '--eval-mode=all'. If using camera optimization, the cameras    nerfstudio_dataparser.py:216
           may diverge in the current implementation, giving unpredictable results.                                     
            Be careful with '--eval-mode=all'. If using camera optimization, the cameras    nerfstudio_dataparser.py:216
           may diverge in the current implementation, giving unpredictable results.                                     
[23:30:18]  Be careful with '--eval-mode=all'. If using camera optimization, the cameras    nerfstudio_dataparser.py:216
           may diverge in the current implementation, giving unpredictable results.                                     
            Be careful with '--eval-mode=all'. If using camera optimization, the cameras    nerfstudio_dataparser.py:216
           may diverge in the current implementation, giving unpredictable results.                                     
           use color only optimization with sigmoid activation                                         splatfacto.py:266
[23:30:18]  Be careful with '--eval-mode=all'. If using camera optimization, the cameras    nerfstudio_dataparser.py:216
           may diverge in the current implementation, giving unpredictable results.                                     
Loading latest checkpoint from load_dir
            Be careful with '--eval-mode=all'. If using camera optimization, the cameras    nerfstudio_dataparser.py:216
           may diverge in the current implementation, giving unpredictable results.                                     
✅ Done loading checkpoint from 
outputs/ctrl_009_039_ratio3_sh0_dense_mid200/ratio3_sh0_dense/f1221/splatfacto/2026-08-20_232834/nerfstudio_models/step-
000001999.ckpt
0 Gaussians have NaN/Inf and 6 have low opacity, only export 664/670
[23:30:18]  Be careful with '--eval-mode=all'. If using camera optimization, the cameras    nerfstudio_dataparser.py:216
           may diverge in the current implementation, giving unpredictable results.                                     
           use color only optimization with sigmoid activation                                         splatfacto.py:266
            Be careful with '--eval-mode=all'. If using camera optimization, the cameras    nerfstudio_dataparser.py:216
           may diverge in the current implementation, giving unpredictable results.                                     
           use color only optimization with sigmoid activation                                         splatfacto.py:266
[gpu0_w2] ratio3_sh0_dense__f1220 -> ok (107.6s)
           use color only optimization with sigmoid activation                                         splatfacto.py:266
[23:30:18]  Be careful with '--eval-mode=all'. If using camera optimization, the cameras    nerfstudio_dataparser.py:216
           may diverge in the current implementation, giving unpredictable results.                                     
            Be careful with '--eval-mode=all'. If using camera optimization, the cameras    nerfstudio_dataparser.py:216
           may diverge in the current implementation, giving unpredictable results.                                     
Loading latest checkpoint from load_dir
✅ Done loading checkpoint from 
outputs/ctrl_009_039_ratio3_sh0_dense_mid200/ratio3_sh0_dense/f1223/splatfacto/2026-08-20_232834/nerfstudio_models/step-
000001999.ckpt
[23:30:19] use color only optimization with sigmoid activation                                         splatfacto.py:266
[23:30:19]  Be careful with '--eval-mode=all'. If using camera optimization, the cameras    nerfstudio_dataparser.py:216
           may diverge in the current implementation, giving unpredictable results.                                     
            Be careful with '--eval-mode=all'. If using camera optimization, the cameras    nerfstudio_dataparser.py:216
           may diverge in the current implementation, giving unpredictable results.                                     
           use color only optimization with sigmoid activation                                         splatfacto.py:266
Loading latest checkpoint from load_dir
✅ Done loading checkpoint from 
outputs/ctrl_009_039_ratio3_sh0_dense_mid200/ratio3_sh0_dense/f1222/splatfacto/2026-08-20_232835/nerfstudio_models/step-
000001999.ckpt
0 Gaussians have NaN/Inf and 1 have low opacity, only export 712/713
[23:30:19]  Be careful with '--eval-mode=all'. If using camera optimization, the cameras    nerfstudio_dataparser.py:216
           may diverge in the current implementation, giving unpredictable results.                                     
            Be careful with '--eval-mode=all'. If using camera optimization, the cameras    nerfstudio_dataparser.py:216
           may diverge in the current implementation, giving unpredictable results.                                     
Loading latest checkpoint from load_dir
Loading latest checkpoint from load_dir
✅ Done loading checkpoint from 
outputs/ctrl_009_039_ratio3_sh0_dense_mid200/ratio3_sh0_dense/f1224/splatfacto/2026-08-20_232835/nerfstudio_models/step-
000001999.ckpt
0 Gaussians have NaN/Inf and 2 have low opacity, only export 757/759
✅ Done loading checkpoint from 
outputs/ctrl_009_039_ratio3_sh0_dense_mid200/ratio3_sh0_dense/f1228/splatfacto/2026-08-20_232835/nerfstudio_models/step-
000001999.ckpt
0 Gaussians have NaN/Inf and 1 have low opacity, only export 669/670
           use color only optimization with sigmoid activation                                         splatfacto.py:266
[23:30:20]  Be careful with '--eval-mode=all'. If using camera optimization, the cameras    nerfstudio_dataparser.py:216
           may diverge in the current implementation, giving unpredictable results.                                     
            Be careful with '--eval-mode=all'. If using camera optimization, the cameras    nerfstudio_dataparser.py:216
           may diverge in the current implementation, giving unpredictable results.                                     
Loading latest checkpoint from load_dir
✅ Done loading checkpoint from 
outputs/ctrl_009_039_ratio3_sh0_dense_mid200/ratio3_sh0_dense/f1231/splatfacto/2026-08-20_232835/nerfstudio_models/step-
000001999.ckpt
0 Gaussians have NaN/Inf and 4 have low opacity, only export 710/714
Loading latest checkpoint from load_dir
✅ Done loading checkpoint from 
outputs/ctrl_009_039_ratio3_sh0_dense_mid200/ratio3_sh0_dense/f1227/splatfacto/2026-08-20_232835/nerfstudio_models/step-
000001999.ckpt
0 Gaussians have NaN/Inf and 5 have low opacity, only export 929/934
           use color only optimization with sigmoid activation                                         splatfacto.py:266
Loading latest checkpoint from load_dir
✅ Done loading checkpoint from 
outputs/ctrl_009_039_ratio3_sh0_dense_mid200/ratio3_sh0_dense/f1226/splatfacto/2026-08-20_232835/nerfstudio_models/step-
000001999.ckpt
0 Gaussians have NaN/Inf and 1 have low opacity, only export 817/818
[gpu1_w0] ratio3_sh0_dense__f1221 -> ok (108.4s)
[23:30:20]  Be careful with '--eval-mode=all'. If using camera optimization, the cameras    nerfstudio_dataparser.py:216
           may diverge in the current implementation, giving unpredictable results.                                     
            Be careful with '--eval-mode=all'. If using camera optimization, the cameras    nerfstudio_dataparser.py:216
           may diverge in the current implementation, giving unpredictable results.                                     
           use color only optimization with sigmoid activation                                         splatfacto.py:266
[23:30:20]  Be careful with '--eval-mode=all'. If using camera optimization, the cameras    nerfstudio_dataparser.py:216
           may diverge in the current implementation, giving unpredictable results.                                     
            Be careful with '--eval-mode=all'. If using camera optimization, the cameras    nerfstudio_dataparser.py:216
           may diverge in the current implementation, giving unpredictable results.                                     
[gpu1_w1] ratio3_sh0_dense__f1223 -> ok (108.1s)
[23:30:21] use color only optimization with sigmoid activation                                         splatfacto.py:266
Loading latest checkpoint from load_dir
✅ Done loading checkpoint from 
outputs/ctrl_009_039_ratio3_sh0_dense_mid200/ratio3_sh0_dense/f1229/splatfacto/2026-08-20_232837/nerfstudio_models/step-
000001999.ckpt
0 Gaussians have NaN/Inf and 2 have low opacity, only export 649/651
[gpu1_w4] ratio3_sh0_dense__f1222 -> ok (109.0s)
[gpu1_w3] ratio3_sh0_dense__f1224 -> ok (108.4s)
[gpu1_w2] ratio3_sh0_dense__f1228 -> ok (106.7s)
Loading latest checkpoint from load_dir
✅ Done loading checkpoint from 
outputs/ctrl_009_039_ratio3_sh0_dense_mid200/ratio3_sh0_dense/f1225/splatfacto/2026-08-20_232835/nerfstudio_models/step-
000001999.ckpt
0 Gaussians have NaN/Inf and 2 have low opacity, only export 786/788
Loading latest checkpoint from load_dir
✅ Done loading checkpoint from 
outputs/ctrl_009_039_ratio3_sh0_dense_mid200/ratio3_sh0_dense/f1230/splatfacto/2026-08-20_232837/nerfstudio_models/step-
000001999.ckpt
0 Gaussians have NaN/Inf and 2 have low opacity, only export 628/630
[gpu0_w0] ratio3_sh0_dense__f1231 -> ok (106.4s)
[gpu0_w3] ratio3_sh0_dense__f1227 -> ok (107.4s)
[gpu0_w5] ratio3_sh0_dense__f1226 -> ok (108.4s)
[gpu1_w5] ratio3_sh0_dense__f1229 -> ok (108.2s)
[gpu0_w4] ratio3_sh0_dense__f1225 -> ok (109.7s)
[gpu0_w1] ratio3_sh0_dense__f1230 -> ok (108.3s)
[23:32:11]  Be careful with '--eval-mode=all'. If using camera optimization, the cameras    nerfstudio_dataparser.py:216
           may diverge in the current implementation, giving unpredictable results.                                     
            Be careful with '--eval-mode=all'. If using camera optimization, the cameras    nerfstudio_dataparser.py:216
           may diverge in the current implementation, giving unpredictable results.                                     
           use color only optimization with sigmoid activation                                         splatfacto.py:266
[23:32:11]  Be careful with '--eval-mode=all'. If using camera optimization, the cameras    nerfstudio_dataparser.py:216
           may diverge in the current implementation, giving unpredictable results.                                     
            Be careful with '--eval-mode=all'. If using camera optimization, the cameras    nerfstudio_dataparser.py:216
           may diverge in the current implementation, giving unpredictable results.                                     
[23:32:12]  Be careful with '--eval-mode=all'. If using camera optimization, the cameras    nerfstudio_dataparser.py:216
           may diverge in the current implementation, giving unpredictable results.                                     
Loading latest checkpoint from load_dir
            Be careful with '--eval-mode=all'. If using camera optimization, the cameras    nerfstudio_dataparser.py:216
           may diverge in the current implementation, giving unpredictable results.                                     
✅ Done loading checkpoint from 
outputs/ctrl_009_039_ratio3_sh0_dense_mid200/ratio3_sh0_dense/f1232/splatfacto/2026-08-20_233027/nerfstudio_models/step-
000001999.ckpt
0 Gaussians have NaN/Inf and 1 have low opacity, only export 671/672
[23:32:12] use color only optimization with sigmoid activation                                         splatfacto.py:266
           use color only optimization with sigmoid activation                                         splatfacto.py:266
[23:32:12]  Be careful with '--eval-mode=all'. If using camera optimization, the cameras    nerfstudio_dataparser.py:216
           may diverge in the current implementation, giving unpredictable results.                                     
            Be careful with '--eval-mode=all'. If using camera optimization, the cameras    nerfstudio_dataparser.py:216
           may diverge in the current implementation, giving unpredictable results.                                     
           use color only optimization with sigmoid activation                                         splatfacto.py:266
Loading latest checkpoint from load_dir
✅ Done loading checkpoint from 
outputs/ctrl_009_039_ratio3_sh0_dense_mid200/ratio3_sh0_dense/f1237/splatfacto/2026-08-20_233028/nerfstudio_models/step-
000001999.ckpt
0 Gaussians have NaN/Inf and 8 have low opacity, only export 710/718
Loading latest checkpoint from load_dir
✅ Done loading checkpoint from 
outputs/ctrl_009_039_ratio3_sh0_dense_mid200/ratio3_sh0_dense/f1234/splatfacto/2026-08-20_233028/nerfstudio_models/step-
000001999.ckpt
0 Gaussians have NaN/Inf and 1 have low opacity, only export 708/709
Loading latest checkpoint from load_dir
✅ Done loading checkpoint from 
outputs/ctrl_009_039_ratio3_sh0_dense_mid200/ratio3_sh0_dense/f1238/splatfacto/2026-08-20_233030/nerfstudio_models/step-
000001999.ckpt
0 Gaussians have NaN/Inf and 5 have low opacity, only export 750/755
[23:32:13]  Be careful with '--eval-mode=all'. If using camera optimization, the cameras    nerfstudio_dataparser.py:216
           may diverge in the current implementation, giving unpredictable results.                                     
            Be careful with '--eval-mode=all'. If using camera optimization, the cameras    nerfstudio_dataparser.py:216
           may diverge in the current implementation, giving unpredictable results.                                     
[23:32:13]  Be careful with '--eval-mode=all'. If using camera optimization, the cameras    nerfstudio_dataparser.py:216
           may diverge in the current implementation, giving unpredictable results.                                     
            Be careful with '--eval-mode=all'. If using camera optimization, the cameras    nerfstudio_dataparser.py:216
           may diverge in the current implementation, giving unpredictable results.                                     
[gpu0_w2] ratio3_sh0_dense__f1232 -> ok (108.5s)
           use color only optimization with sigmoid activation                                         splatfacto.py:266
[23:32:14] use color only optimization with sigmoid activation                                         splatfacto.py:266
[23:32:14]  Be careful with '--eval-mode=all'. If using camera optimization, the cameras    nerfstudio_dataparser.py:216
           may diverge in the current implementation, giving unpredictable results.                                     
            Be careful with '--eval-mode=all'. If using camera optimization, the cameras    nerfstudio_dataparser.py:216
           may diverge in the current implementation, giving unpredictable results.                                     
[23:32:14]  Be careful with '--eval-mode=all'. If using camera optimization, the cameras    nerfstudio_dataparser.py:216
           may diverge in the current implementation, giving unpredictable results.                                     
            Be careful with '--eval-mode=all'. If using camera optimization, the cameras    nerfstudio_dataparser.py:216
           may diverge in the current implementation, giving unpredictable results.                                     
           use color only optimization with sigmoid activation                                         splatfacto.py:266
           use color only optimization with sigmoid activation                                         splatfacto.py:266
[23:32:14]  Be careful with '--eval-mode=all'. If using camera optimization, the cameras    nerfstudio_dataparser.py:216
           may diverge in the current implementation, giving unpredictable results.                                     
            Be careful with '--eval-mode=all'. If using camera optimization, the cameras    nerfstudio_dataparser.py:216
           may diverge in the current implementation, giving unpredictable results.                                     
Loading latest checkpoint from load_dir
Loading latest checkpoint from load_dir
✅ Done loading checkpoint from 
outputs/ctrl_009_039_ratio3_sh0_dense_mid200/ratio3_sh0_dense/f1243/splatfacto/2026-08-20_233031/nerfstudio_models/step-
000001999.ckpt
✅ Done loading checkpoint from 
outputs/ctrl_009_039_ratio3_sh0_dense_mid200/ratio3_sh0_dense/f1235/splatfacto/2026-08-20_233030/nerfstudio_models/step-
000001999.ckpt
0 Gaussians have NaN/Inf and 6 have low opacity, only export 734/740
[23:32:15] use color only optimization with sigmoid activation                                         splatfacto.py:266
0 Gaussians have NaN/Inf and 3 have low opacity, only export 678/681
[23:32:15]  Be careful with '--eval-mode=all'. If using camera optimization, the cameras    nerfstudio_dataparser.py:216
           may diverge in the current implementation, giving unpredictable results.                                     
            Be careful with '--eval-mode=all'. If using camera optimization, the cameras    nerfstudio_dataparser.py:216
           may diverge in the current implementation, giving unpredictable results.                                     
[23:32:15]  Be careful with '--eval-mode=all'. If using camera optimization, the cameras    nerfstudio_dataparser.py:216
           may diverge in the current implementation, giving unpredictable results.                                     
            Be careful with '--eval-mode=all'. If using camera optimization, the cameras    nerfstudio_dataparser.py:216
           may diverge in the current implementation, giving unpredictable results.                                     
[gpu1_w2] ratio3_sh0_dense__f1237 -> ok (106.9s)
[gpu1_w1] ratio3_sh0_dense__f1234 -> ok (107.6s)
           use color only optimization with sigmoid activation                                         splatfacto.py:266
           use color only optimization with sigmoid activation                                         splatfacto.py:266
[gpu0_w0] ratio3_sh0_dense__f1238 -> ok (106.7s)
Loading latest checkpoint from load_dir
✅ Done loading checkpoint from 
outputs/ctrl_009_039_ratio3_sh0_dense_mid200/ratio3_sh0_dense/f1241/splatfacto/2026-08-20_233030/nerfstudio_models/step-
000001999.ckpt
Loading latest checkpoint from load_dir
0 Gaussians have NaN/Inf and 6 have low opacity, only export 755/761
✅ Done loading checkpoint from 
outputs/ctrl_009_039_ratio3_sh0_dense_mid200/ratio3_sh0_dense/f1236/splatfacto/2026-08-20_233030/nerfstudio_models/step-
000001999.ckpt
0 Gaussians have NaN/Inf and 2 have low opacity, only export 731/733
[23:32:15]  Be careful with '--eval-mode=all'. If using camera optimization, the cameras    nerfstudio_dataparser.py:216
           may diverge in the current implementation, giving unpredictable results.                                     
            Be careful with '--eval-mode=all'. If using camera optimization, the cameras    nerfstudio_dataparser.py:216
           may diverge in the current implementation, giving unpredictable results.                                     
Loading latest checkpoint from load_dir
✅ Done loading checkpoint from 
outputs/ctrl_009_039_ratio3_sh0_dense_mid200/ratio3_sh0_dense/f1233/splatfacto/2026-08-20_233029/nerfstudio_models/step-
000001999.ckpt
0 Gaussians have NaN/Inf and 2 have low opacity, only export 674/676
[23:32:16] use color only optimization with sigmoid activation                                         splatfacto.py:266
Loading latest checkpoint from load_dir
✅ Done loading checkpoint from 
outputs/ctrl_009_039_ratio3_sh0_dense_mid200/ratio3_sh0_dense/f1240/splatfacto/2026-08-20_233030/nerfstudio_models/step-
000001999.ckpt
0 Gaussians have NaN/Inf and 4 have low opacity, only export 655/659
Loading latest checkpoint from load_dir
✅ Done loading checkpoint from 
outputs/ctrl_009_039_ratio3_sh0_dense_mid200/ratio3_sh0_dense/f1242/splatfacto/2026-08-20_233030/nerfstudio_models/step-
000001999.ckpt
0 Gaussians have NaN/Inf and 8 have low opacity, only export 681/689
[gpu1_w4] ratio3_sh0_dense__f1235 -> ok (108.9s)
[gpu0_w1] ratio3_sh0_dense__f1243 -> ok (106.8s)
Loading latest checkpoint from load_dir
✅ Done loading checkpoint from 
outputs/ctrl_009_039_ratio3_sh0_dense_mid200/ratio3_sh0_dense/f1239/splatfacto/2026-08-20_233031/nerfstudio_models/step-
000001999.ckpt
0 Gaussians have NaN/Inf and 5 have low opacity, only export 774/779
[gpu1_w3] ratio3_sh0_dense__f1236 -> ok (109.1s)
[gpu1_w5] ratio3_sh0_dense__f1241 -> ok (107.5s)
[gpu1_w0] ratio3_sh0_dense__f1233 -> ok (110.5s)
[gpu0_w4] ratio3_sh0_dense__f1242 -> ok (108.1s)
[gpu0_w5] ratio3_sh0_dense__f1240 -> ok (109.4s)
[gpu0_w3] ratio3_sh0_dense__f1239 -> ok (110.2s)
[23:34:05]  Be careful with '--eval-mode=all'. If using camera optimization, the cameras    nerfstudio_dataparser.py:216
           may diverge in the current implementation, giving unpredictable results.                                     
            Be careful with '--eval-mode=all'. If using camera optimization, the cameras    nerfstudio_dataparser.py:216
           may diverge in the current implementation, giving unpredictable results.                                     
           use color only optimization with sigmoid activation                                         splatfacto.py:266
[23:34:06]  Be careful with '--eval-mode=all'. If using camera optimization, the cameras    nerfstudio_dataparser.py:216
           may diverge in the current implementation, giving unpredictable results.                                     
            Be careful with '--eval-mode=all'. If using camera optimization, the cameras    nerfstudio_dataparser.py:216
           may diverge in the current implementation, giving unpredictable results.                                     
           use color only optimization with sigmoid activation                                         splatfacto.py:266
Loading latest checkpoint from load_dir
✅ Done loading checkpoint from 
outputs/ctrl_009_039_ratio3_sh0_dense_mid200/ratio3_sh0_dense/f1245/splatfacto/2026-08-20_233223/nerfstudio_models/step-
000001999.ckpt
0 Gaussians have NaN/Inf and 6 have low opacity, only export 661/667
Loading latest checkpoint from load_dir
✅ Done loading checkpoint from 
outputs/ctrl_009_039_ratio3_sh0_dense_mid200/ratio3_sh0_dense/f1244/splatfacto/2026-08-20_233223/nerfstudio_models/step-
000001999.ckpt
0 Gaussians have NaN/Inf and 2 have low opacity, only export 638/640
[gpu1_w2] ratio3_sh0_dense__f1245 -> ok (106.3s)
[23:34:08]  Be careful with '--eval-mode=all'. If using camera optimization, the cameras    nerfstudio_dataparser.py:216
           may diverge in the current implementation, giving unpredictable results.                                     
            Be careful with '--eval-mode=all'. If using camera optimization, the cameras    nerfstudio_dataparser.py:216
           may diverge in the current implementation, giving unpredictable results.                                     
[23:34:08]  Be careful with '--eval-mode=all'. If using camera optimization, the cameras    nerfstudio_dataparser.py:216
           may diverge in the current implementation, giving unpredictable results.                                     
            Be careful with '--eval-mode=all'. If using camera optimization, the cameras    nerfstudio_dataparser.py:216
           may diverge in the current implementation, giving unpredictable results.                                     
           use color only optimization with sigmoid activation                                         splatfacto.py:266
[23:34:08]  Be careful with '--eval-mode=all'. If using camera optimization, the cameras    nerfstudio_dataparser.py:216
           may diverge in the current implementation, giving unpredictable results.                                     
            Be careful with '--eval-mode=all'. If using camera optimization, the cameras    nerfstudio_dataparser.py:216
           may diverge in the current implementation, giving unpredictable results.                                     
           use color only optimization with sigmoid activation                                         splatfacto.py:266
[23:34:08]  Be careful with '--eval-mode=all'. If using camera optimization, the cameras    nerfstudio_dataparser.py:216
           may diverge in the current implementation, giving unpredictable results.                                     
            Be careful with '--eval-mode=all'. If using camera optimization, the cameras    nerfstudio_dataparser.py:216
           may diverge in the current implementation, giving unpredictable results.                                     
[23:34:08]  Be careful with '--eval-mode=all'. If using camera optimization, the cameras    nerfstudio_dataparser.py:216
           may diverge in the current implementation, giving unpredictable results.                                     
            Be careful with '--eval-mode=all'. If using camera optimization, the cameras    nerfstudio_dataparser.py:216
           may diverge in the current implementation, giving unpredictable results.                                     
[23:34:08]  Be careful with '--eval-mode=all'. If using camera optimization, the cameras    nerfstudio_dataparser.py:216
           may diverge in the current implementation, giving unpredictable results.                                     
           use color only optimization with sigmoid activation                                         splatfacto.py:266
            Be careful with '--eval-mode=all'. If using camera optimization, the cameras    nerfstudio_dataparser.py:216
           may diverge in the current implementation, giving unpredictable results.                                     
[23:34:09] use color only optimization with sigmoid activation                                         splatfacto.py:266
[23:34:09] use color only optimization with sigmoid activation                                         splatfacto.py:266
[23:34:09] use color only optimization with sigmoid activation                                         splatfacto.py:266
[gpu0_w2] ratio3_sh0_dense__f1244 -> ok (108.4s)
Loading latest checkpoint from load_dir
✅ Done loading checkpoint from 
outputs/ctrl_009_039_ratio3_sh0_dense_mid200/ratio3_sh0_dense/f1247/splatfacto/2026-08-20_233224/nerfstudio_models/step-
000001999.ckpt
0 Gaussians have NaN/Inf and 5 have low opacity, only export 681/686
[23:34:09]  Be careful with '--eval-mode=all'. If using camera optimization, the cameras    nerfstudio_dataparser.py:216
           may diverge in the current implementation, giving unpredictable results.                                     
            Be careful with '--eval-mode=all'. If using camera optimization, the cameras    nerfstudio_dataparser.py:216
           may diverge in the current implementation, giving unpredictable results.                                     
Loading latest checkpoint from load_dir
✅ Done loading checkpoint from 
outputs/ctrl_009_039_ratio3_sh0_dense_mid200/ratio3_sh0_dense/f1253/splatfacto/2026-08-20_233224/nerfstudio_models/step-
000001999.ckpt
0 Gaussians have NaN/Inf and 4 have low opacity, only export 759/763
           use color only optimization with sigmoid activation                                         splatfacto.py:266
Loading latest checkpoint from load_dir
✅ Done loading checkpoint from 
outputs/ctrl_009_039_ratio3_sh0_dense_mid200/ratio3_sh0_dense/f1250/splatfacto/2026-08-20_233225/nerfstudio_models/step-
000001999.ckpt
0 Gaussians have NaN/Inf and 1 have low opacity, only export 804/805
Loading latest checkpoint from load_dir
✅ Done loading checkpoint from 
outputs/ctrl_009_039_ratio3_sh0_dense_mid200/ratio3_sh0_dense/f1248/splatfacto/2026-08-20_233225/nerfstudio_models/step-
000001999.ckpt
0 Gaussians have NaN/Inf and 3 have low opacity, only export 632/635
Loading latest checkpoint from load_dir
Loading latest checkpoint from load_dir
✅ Done loading checkpoint from 
outputs/ctrl_009_039_ratio3_sh0_dense_mid200/ratio3_sh0_dense/f1246/splatfacto/2026-08-20_233224/nerfstudio_models/step-
000001999.ckpt
✅ Done loading checkpoint from 
outputs/ctrl_009_039_ratio3_sh0_dense_mid200/ratio3_sh0_dense/f1249/splatfacto/2026-08-20_233225/nerfstudio_models/step-
000001999.ckpt
0 Gaussians have NaN/Inf and 5 have low opacity, only export 694/699
0 Gaussians have NaN/Inf and 5 have low opacity, only export 740/745
[23:34:10]  Be careful with '--eval-mode=all'. If using camera optimization, the cameras    nerfstudio_dataparser.py:216
           may diverge in the current implementation, giving unpredictable results.                                     
            Be careful with '--eval-mode=all'. If using camera optimization, the cameras    nerfstudio_dataparser.py:216
           may diverge in the current implementation, giving unpredictable results.                                     
           use color only optimization with sigmoid activation                                         splatfacto.py:266
[23:34:10]  Be careful with '--eval-mode=all'. If using camera optimization, the cameras    nerfstudio_dataparser.py:216
           may diverge in the current implementation, giving unpredictable results.                                     
            Be careful with '--eval-mode=all'. If using camera optimization, the cameras    nerfstudio_dataparser.py:216
           may diverge in the current implementation, giving unpredictable results.                                     
Loading latest checkpoint from load_dir
✅ Done loading checkpoint from 
outputs/ctrl_009_039_ratio3_sh0_dense_mid200/ratio3_sh0_dense/f1252/splatfacto/2026-08-20_233226/nerfstudio_models/step-
000001999.ckpt
0 Gaussians have NaN/Inf and 5 have low opacity, only export 794/799
[23:34:10]  Be careful with '--eval-mode=all'. If using camera optimization, the cameras    nerfstudio_dataparser.py:216
           may diverge in the current implementation, giving unpredictable results.                                     
            Be careful with '--eval-mode=all'. If using camera optimization, the cameras    nerfstudio_dataparser.py:216
           may diverge in the current implementation, giving unpredictable results.                                     
           use color only optimization with sigmoid activation                                         splatfacto.py:266
           use color only optimization with sigmoid activation                                         splatfacto.py:266
[gpu0_w0] ratio3_sh0_dense__f1247 -> ok (109.1s)
Loading latest checkpoint from load_dir
Loading latest checkpoint from load_dir
✅ Done loading checkpoint from 
outputs/ctrl_009_039_ratio3_sh0_dense_mid200/ratio3_sh0_dense/f1251/splatfacto/2026-08-20_233226/nerfstudio_models/step-
000001999.ckpt
✅ Done loading checkpoint from 
outputs/ctrl_009_039_ratio3_sh0_dense_mid200/ratio3_sh0_dense/f1254/splatfacto/2026-08-20_233226/nerfstudio_models/step-
000001999.ckpt
0 Gaussians have NaN/Inf and 5 have low opacity, only export 676/681
0 Gaussians have NaN/Inf and 3 have low opacity, only export 745/748
Loading latest checkpoint from load_dir
✅ Done loading checkpoint from 
outputs/ctrl_009_039_ratio3_sh0_dense_mid200/ratio3_sh0_dense/f1255/splatfacto/2026-08-20_233226/nerfstudio_models/step-
000001999.ckpt
0 Gaussians have NaN/Inf and 2 have low opacity, only export 828/830
[gpu0_w4] ratio3_sh0_dense__f1253 -> ok (106.7s)
[gpu1_w3] ratio3_sh0_dense__f1250 -> ok (107.6s)
[gpu1_w4] ratio3_sh0_dense__f1248 -> ok (108.1s)
[gpu1_w1] ratio3_sh0_dense__f1246 -> ok (110.0s)
[gpu0_w1] ratio3_sh0_dense__f1249 -> ok (108.2s)
[gpu1_w0] ratio3_sh0_dense__f1252 -> ok (108.0s)
[gpu0_w5] ratio3_sh0_dense__f1254 -> ok (107.9s)
[gpu0_w3] ratio3_sh0_dense__f1255 -> ok (107.2s)
[gpu1_w5] ratio3_sh0_dense__f1251 -> ok (109.1s)
[23:36:02]  Be careful with '--eval-mode=all'. If using camera optimization, the cameras    nerfstudio_dataparser.py:216
           may diverge in the current implementation, giving unpredictable results.                                     
            Be careful with '--eval-mode=all'. If using camera optimization, the cameras    nerfstudio_dataparser.py:216
           may diverge in the current implementation, giving unpredictable results.                                     
           use color only optimization with sigmoid activation                                         splatfacto.py:266
[23:36:03]  Be careful with '--eval-mode=all'. If using camera optimization, the cameras    nerfstudio_dataparser.py:216
           may diverge in the current implementation, giving unpredictable results.                                     
            Be careful with '--eval-mode=all'. If using camera optimization, the cameras    nerfstudio_dataparser.py:216
           may diverge in the current implementation, giving unpredictable results.                                     
Loading latest checkpoint from load_dir
✅ Done loading checkpoint from 
outputs/ctrl_009_039_ratio3_sh0_dense_mid200/ratio3_sh0_dense/f1257/splatfacto/2026-08-20_233420/nerfstudio_models/step-
000001999.ckpt
0 Gaussians have NaN/Inf and 5 have low opacity, only export 702/707
[23:36:03]  Be careful with '--eval-mode=all'. If using camera optimization, the cameras    nerfstudio_dataparser.py:216
           may diverge in the current implementation, giving unpredictable results.                                     
            Be careful with '--eval-mode=all'. If using camera optimization, the cameras    nerfstudio_dataparser.py:216
           may diverge in the current implementation, giving unpredictable results.                                     
           use color only optimization with sigmoid activation                                         splatfacto.py:266
           use color only optimization with sigmoid activation                                         splatfacto.py:266
Loading latest checkpoint from load_dir
✅ Done loading checkpoint from 
outputs/ctrl_009_039_ratio3_sh0_dense_mid200/ratio3_sh0_dense/f1256/splatfacto/2026-08-20_233419/nerfstudio_models/step-
000001999.ckpt
0 Gaussians have NaN/Inf and 6 have low opacity, only export 735/741
Loading latest checkpoint from load_dir
✅ Done loading checkpoint from 
outputs/ctrl_009_039_ratio3_sh0_dense_mid200/ratio3_sh0_dense/f1261/splatfacto/2026-08-20_233421/nerfstudio_models/step-
000001999.ckpt
0 Gaussians have NaN/Inf and 9 have low opacity, only export 624/633
[23:36:04]  Be careful with '--eval-mode=all'. If using camera optimization, the cameras    nerfstudio_dataparser.py:216
           may diverge in the current implementation, giving unpredictable results.                                     
            Be careful with '--eval-mode=all'. If using camera optimization, the cameras    nerfstudio_dataparser.py:216
           may diverge in the current implementation, giving unpredictable results.                                     
[23:36:05]  Be careful with '--eval-mode=all'. If using camera optimization, the cameras    nerfstudio_dataparser.py:216
           may diverge in the current implementation, giving unpredictable results.                                     
[23:36:05] use color only optimization with sigmoid activation                                         splatfacto.py:266
            Be careful with '--eval-mode=all'. If using camera optimization, the cameras    nerfstudio_dataparser.py:216
           may diverge in the current implementation, giving unpredictable results.                                     
           use color only optimization with sigmoid activation                                         splatfacto.py:266
[gpu0_w2] ratio3_sh0_dense__f1257 -> ok (107.3s)
[23:36:05]  Be careful with '--eval-mode=all'. If using camera optimization, the cameras    nerfstudio_dataparser.py:216
           may diverge in the current implementation, giving unpredictable results.                                     
[23:36:05]  Be careful with '--eval-mode=all'. If using camera optimization, the cameras    nerfstudio_dataparser.py:216
           may diverge in the current implementation, giving unpredictable results.                                     
            Be careful with '--eval-mode=all'. If using camera optimization, the cameras    nerfstudio_dataparser.py:216
           may diverge in the current implementation, giving unpredictable results.                                     
            Be careful with '--eval-mode=all'. If using camera optimization, the cameras    nerfstudio_dataparser.py:216
           may diverge in the current implementation, giving unpredictable results.                                     
Loading latest checkpoint from load_dir
✅ Done loading checkpoint from 
outputs/ctrl_009_039_ratio3_sh0_dense_mid200/ratio3_sh0_dense/f1258/splatfacto/2026-08-20_233422/nerfstudio_models/step-
000001999.ckpt
0 Gaussians have NaN/Inf and 5 have low opacity, only export 671/676
[23:36:06] use color only optimization with sigmoid activation                                         splatfacto.py:266
[23:36:06] use color only optimization with sigmoid activation                                         splatfacto.py:266
Loading latest checkpoint from load_dir
✅ Done loading checkpoint from 
outputs/ctrl_009_039_ratio3_sh0_dense_mid200/ratio3_sh0_dense/f1266/splatfacto/2026-08-20_233422/nerfstudio_models/step-
000001999.ckpt
0 Gaussians have NaN/Inf and 3 have low opacity, only export 641/644
[23:36:06]  Be careful with '--eval-mode=all'. If using camera optimization, the cameras    nerfstudio_dataparser.py:216
           may diverge in the current implementation, giving unpredictable results.                                     
            Be careful with '--eval-mode=all'. If using camera optimization, the cameras    nerfstudio_dataparser.py:216
           may diverge in the current implementation, giving unpredictable results.                                     
[gpu1_w2] ratio3_sh0_dense__f1256 -> ok (109.0s)
[23:36:06]  Be careful with '--eval-mode=all'. If using camera optimization, the cameras    nerfstudio_dataparser.py:216
           may diverge in the current implementation, giving unpredictable results.                                     
            Be careful with '--eval-mode=all'. If using camera optimization, the cameras    nerfstudio_dataparser.py:216
           may diverge in the current implementation, giving unpredictable results.                                     
           use color only optimization with sigmoid activation                                         splatfacto.py:266
[gpu1_w4] ratio3_sh0_dense__f1261 -> ok (105.5s)
[23:36:06]  Be careful with '--eval-mode=all'. If using camera optimization, the cameras    nerfstudio_dataparser.py:216
           may diverge in the current implementation, giving unpredictable results.                                     
            Be careful with '--eval-mode=all'. If using camera optimization, the cameras    nerfstudio_dataparser.py:216
           may diverge in the current implementation, giving unpredictable results.                                     
           use color only optimization with sigmoid activation                                         splatfacto.py:266
Loading latest checkpoint from load_dir
✅ Done loading checkpoint from 
outputs/ctrl_009_039_ratio3_sh0_dense_mid200/ratio3_sh0_dense/f1260/splatfacto/2026-08-20_233422/nerfstudio_models/step-
000001999.ckpt
Loading latest checkpoint from load_dir
0 Gaussians have NaN/Inf and 6 have low opacity, only export 654/660
           use color only optimization with sigmoid activation                                         splatfacto.py:266
✅ Done loading checkpoint from 
outputs/ctrl_009_039_ratio3_sh0_dense_mid200/ratio3_sh0_dense/f1259/splatfacto/2026-08-20_233422/nerfstudio_models/step-
000001999.ckpt
0 Gaussians have NaN/Inf and 4 have low opacity, only export 712/716
[23:36:07]  Be careful with '--eval-mode=all'. If using camera optimization, the cameras    nerfstudio_dataparser.py:216
           may diverge in the current implementation, giving unpredictable results.                                     
            Be careful with '--eval-mode=all'. If using camera optimization, the cameras    nerfstudio_dataparser.py:216
           may diverge in the current implementation, giving unpredictable results.                                     
Loading latest checkpoint from load_dir
✅ Done loading checkpoint from 
outputs/ctrl_009_039_ratio3_sh0_dense_mid200/ratio3_sh0_dense/f1262/splatfacto/2026-08-20_233423/nerfstudio_models/step-
000001999.ckpt
0 Gaussians have NaN/Inf and 5 have low opacity, only export 671/676
Loading latest checkpoint from load_dir
✅ Done loading checkpoint from 
outputs/ctrl_009_039_ratio3_sh0_dense_mid200/ratio3_sh0_dense/f1264/splatfacto/2026-08-20_233422/nerfstudio_models/step-
000001999.ckpt
           use color only optimization with sigmoid activation                                         splatfacto.py:266
0 Gaussians have NaN/Inf and 4 have low opacity, only export 678/682
Loading latest checkpoint from load_dir
✅ Done loading checkpoint from 
outputs/ctrl_009_039_ratio3_sh0_dense_mid200/ratio3_sh0_dense/f1263/splatfacto/2026-08-20_233423/nerfstudio_models/step-
000001999.ckpt
0 Gaussians have NaN/Inf and 4 have low opacity, only export 704/708
[gpu0_w0] ratio3_sh0_dense__f1258 -> ok (107.6s)
[23:36:07]  Be careful with '--eval-mode=all'. If using camera optimization, the cameras    nerfstudio_dataparser.py:216
           may diverge in the current implementation, giving unpredictable results.                                     
[23:36:08]  Be careful with '--eval-mode=all'. If using camera optimization, the cameras    nerfstudio_dataparser.py:216
           may diverge in the current implementation, giving unpredictable results.                                     
           use color only optimization with sigmoid activation                                         splatfacto.py:266
[gpu0_w3] ratio3_sh0_dense__f1266 -> ok (106.0s)
Loading latest checkpoint from load_dir
✅ Done loading checkpoint from 
outputs/ctrl_009_039_ratio3_sh0_dense_mid200/ratio3_sh0_dense/f1267/splatfacto/2026-08-20_233423/nerfstudio_models/step-
000001999.ckpt
0 Gaussians have NaN/Inf and 9 have low opacity, only export 692/701
[gpu1_w3] ratio3_sh0_dense__f1260 -> ok (108.1s)
[gpu0_w4] ratio3_sh0_dense__f1259 -> ok (108.2s)
Loading latest checkpoint from load_dir
✅ Done loading checkpoint from 
outputs/ctrl_009_039_ratio3_sh0_dense_mid200/ratio3_sh0_dense/f1265/splatfacto/2026-08-20_233423/nerfstudio_models/step-
000001999.ckpt
0 Gaussians have NaN/Inf and 6 have low opacity, only export 647/653
[gpu1_w1] ratio3_sh0_dense__f1262 -> ok (108.2s)
[gpu1_w0] ratio3_sh0_dense__f1264 -> ok (107.9s)
[gpu0_w1] ratio3_sh0_dense__f1263 -> ok (108.6s)
[gpu1_w5] ratio3_sh0_dense__f1267 -> ok (107.9s)
[gpu0_w5] ratio3_sh0_dense__f1265 -> ok (108.8s)
[23:37:57]  Be careful with '--eval-mode=all'. If using camera optimization, the cameras    nerfstudio_dataparser.py:216
           may diverge in the current implementation, giving unpredictable results.                                     
            Be careful with '--eval-mode=all'. If using camera optimization, the cameras    nerfstudio_dataparser.py:216
           may diverge in the current implementation, giving unpredictable results.                                     
[23:37:58] use color only optimization with sigmoid activation                                         splatfacto.py:266
[23:37:58]  Be careful with '--eval-mode=all'. If using camera optimization, the cameras    nerfstudio_dataparser.py:216
           may diverge in the current implementation, giving unpredictable results.                                     
            Be careful with '--eval-mode=all'. If using camera optimization, the cameras    nerfstudio_dataparser.py:216
           may diverge in the current implementation, giving unpredictable results.                                     
           use color only optimization with sigmoid activation                                         splatfacto.py:266
Loading latest checkpoint from load_dir
✅ Done loading checkpoint from 
outputs/ctrl_009_039_ratio3_sh0_dense_mid200/ratio3_sh0_dense/f1268/splatfacto/2026-08-20_233615/nerfstudio_models/step-
000001999.ckpt
0 Gaussians have NaN/Inf and 3 have low opacity, only export 661/664
[23:37:59]  Be careful with '--eval-mode=all'. If using camera optimization, the cameras    nerfstudio_dataparser.py:216
           may diverge in the current implementation, giving unpredictable results.                                     
            Be careful with '--eval-mode=all'. If using camera optimization, the cameras    nerfstudio_dataparser.py:216
           may diverge in the current implementation, giving unpredictable results.                                     
[23:37:59]  Be careful with '--eval-mode=all'. If using camera optimization, the cameras    nerfstudio_dataparser.py:216
           may diverge in the current implementation, giving unpredictable results.                                     
            Be careful with '--eval-mode=all'. If using camera optimization, the cameras    nerfstudio_dataparser.py:216
           may diverge in the current implementation, giving unpredictable results.                                     
           use color only optimization with sigmoid activation                                         splatfacto.py:266
Loading latest checkpoint from load_dir
✅ Done loading checkpoint from 
outputs/ctrl_009_039_ratio3_sh0_dense_mid200/ratio3_sh0_dense/f1277/splatfacto/2026-08-20_233616/nerfstudio_models/step-
000001999.ckpt
0 Gaussians have NaN/Inf and 1 have low opacity, only export 675/676
           use color only optimization with sigmoid activation                                         splatfacto.py:266
Loading latest checkpoint from load_dir
✅ Done loading checkpoint from 
outputs/ctrl_009_039_ratio3_sh0_dense_mid200/ratio3_sh0_dense/f1269/splatfacto/2026-08-20_233614/nerfstudio_models/step-
000001999.ckpt
0 Gaussians have NaN/Inf and 5 have low opacity, only export 715/720
Loading latest checkpoint from load_dir
✅ Done loading checkpoint from 
outputs/ctrl_009_039_ratio3_sh0_dense_mid200/ratio3_sh0_dense/f1270/splatfacto/2026-08-20_233615/nerfstudio_models/step-
000001999.ckpt
0 Gaussians have NaN/Inf and 4 have low opacity, only export 692/696
[23:38:00]  Be careful with '--eval-mode=all'. If using camera optimization, the cameras    nerfstudio_dataparser.py:216
           may diverge in the current implementation, giving unpredictable results.                                     
            Be careful with '--eval-mode=all'. If using camera optimization, the cameras    nerfstudio_dataparser.py:216
           may diverge in the current implementation, giving unpredictable results.                                     
           use color only optimization with sigmoid activation                                         splatfacto.py:266
[gpu0_w2] ratio3_sh0_dense__f1268 -> ok (108.6s)
[23:38:00]  Be careful with '--eval-mode=all'. If using camera optimization, the cameras    nerfstudio_dataparser.py:216
           may diverge in the current implementation, giving unpredictable results.                                     
            Be careful with '--eval-mode=all'. If using camera optimization, the cameras    nerfstudio_dataparser.py:216
           may diverge in the current implementation, giving unpredictable results.                                     
[23:38:01] use color only optimization with sigmoid activation                                         splatfacto.py:266
[gpu0_w1] ratio3_sh0_dense__f1277 -> ok (104.7s)
[23:38:01]  Be careful with '--eval-mode=all'. If using camera optimization, the cameras    nerfstudio_dataparser.py:216
           may diverge in the current implementation, giving unpredictable results.                                     
            Be careful with '--eval-mode=all'. If using camera optimization, the cameras    nerfstudio_dataparser.py:216
           may diverge in the current implementation, giving unpredictable results.                                     
           use color only optimization with sigmoid activation                                         splatfacto.py:266
Loading latest checkpoint from load_dir
✅ Done loading checkpoint from 
outputs/ctrl_009_039_ratio3_sh0_dense_mid200/ratio3_sh0_dense/f1272/splatfacto/2026-08-20_233617/nerfstudio_models/step-
000001999.ckpt
0 Gaussians have NaN/Inf and 5 have low opacity, only export 676/681
[23:38:01]  Be careful with '--eval-mode=all'. If using camera optimization, the cameras    nerfstudio_dataparser.py:216
           may diverge in the current implementation, giving unpredictable results.                                     
            Be careful with '--eval-mode=all'. If using camera optimization, the cameras    nerfstudio_dataparser.py:216
           may diverge in the current implementation, giving unpredictable results.                                     
Loading latest checkpoint from load_dir
✅ Done loading checkpoint from 
outputs/ctrl_009_039_ratio3_sh0_dense_mid200/ratio3_sh0_dense/f1275/splatfacto/2026-08-20_233615/nerfstudio_models/step-
000001999.ckpt
0 Gaussians have NaN/Inf and 2 have low opacity, only export 681/683
[gpu1_w2] ratio3_sh0_dense__f1269 -> ok (108.8s)
[23:38:02] use color only optimization with sigmoid activation                                         splatfacto.py:266
[23:38:02]  Be careful with '--eval-mode=all'. If using camera optimization, the cameras    nerfstudio_dataparser.py:216
           may diverge in the current implementation, giving unpredictable results.                                     
[23:38:02]  Be careful with '--eval-mode=all'. If using camera optimization, the cameras    nerfstudio_dataparser.py:216
           may diverge in the current implementation, giving unpredictable results.                                     
            Be careful with '--eval-mode=all'. If using camera optimization, the cameras    nerfstudio_dataparser.py:216
           may diverge in the current implementation, giving unpredictable results.                                     
            Be careful with '--eval-mode=all'. If using camera optimization, the cameras    nerfstudio_dataparser.py:216
           may diverge in the current implementation, giving unpredictable results.                                     
[gpu1_w4] ratio3_sh0_dense__f1270 -> ok (108.8s)
[23:38:02]  Be careful with '--eval-mode=all'. If using camera optimization, the cameras    nerfstudio_dataparser.py:216
           may diverge in the current implementation, giving unpredictable results.                                     
            Be careful with '--eval-mode=all'. If using camera optimization, the cameras    nerfstudio_dataparser.py:216
           may diverge in the current implementation, giving unpredictable results.                                     
           use color only optimization with sigmoid activation                                         splatfacto.py:266
           use color only optimization with sigmoid activation                                         splatfacto.py:266
           use color only optimization with sigmoid activation                                         splatfacto.py:266
Loading latest checkpoint from load_dir
✅ Done loading checkpoint from 
outputs/ctrl_009_039_ratio3_sh0_dense_mid200/ratio3_sh0_dense/f1273/splatfacto/2026-08-20_233617/nerfstudio_models/step-
000001999.ckpt
0 Gaussians have NaN/Inf and 4 have low opacity, only export 709/713
[23:38:02]  Be careful with '--eval-mode=all'. If using camera optimization, the cameras    nerfstudio_dataparser.py:216
           may diverge in the current implementation, giving unpredictable results.                                     
            Be careful with '--eval-mode=all'. If using camera optimization, the cameras    nerfstudio_dataparser.py:216
           may diverge in the current implementation, giving unpredictable results.                                     
Loading latest checkpoint from load_dir
✅ Done loading checkpoint from 
outputs/ctrl_009_039_ratio3_sh0_dense_mid200/ratio3_sh0_dense/f1279/splatfacto/2026-08-20_233617/nerfstudio_models/step-
000001999.ckpt
0 Gaussians have NaN/Inf and 1 have low opacity, only export 669/670
           use color only optimization with sigmoid activation                                         splatfacto.py:266
Loading latest checkpoint from load_dir
Loading latest checkpoint from load_dir
✅ Done loading checkpoint from 
outputs/ctrl_009_039_ratio3_sh0_dense_mid200/ratio3_sh0_dense/f1276/splatfacto/2026-08-20_233617/nerfstudio_models/step-
000001999.ckpt
✅ Done loading checkpoint from 
outputs/ctrl_009_039_ratio3_sh0_dense_mid200/ratio3_sh0_dense/f1274/splatfacto/2026-08-20_233616/nerfstudio_models/step-
000001999.ckpt
0 Gaussians have NaN/Inf and 1 have low opacity, only export 685/686
0 Gaussians have NaN/Inf and 1 have low opacity, only export 666/667
Loading latest checkpoint from load_dir
✅ Done loading checkpoint from 
outputs/ctrl_009_039_ratio3_sh0_dense_mid200/ratio3_sh0_dense/f1271/splatfacto/2026-08-20_233616/nerfstudio_models/step-
000001999.ckpt
0 Gaussians have NaN/Inf and 1 have low opacity, only export 721/722
[gpu0_w3] ratio3_sh0_dense__f1272 -> ok (108.7s)
[gpu1_w1] ratio3_sh0_dense__f1275 -> ok (107.7s)
Loading latest checkpoint from load_dir
✅ Done loading checkpoint from 
outputs/ctrl_009_039_ratio3_sh0_dense_mid200/ratio3_sh0_dense/f1278/splatfacto/2026-08-20_233617/nerfstudio_models/step-
000001999.ckpt
0 Gaussians have NaN/Inf and 4 have low opacity, only export 690/694
[gpu1_w3] ratio3_sh0_dense__f1273 -> ok (108.7s)
[gpu0_w5] ratio3_sh0_dense__f1279 -> ok (106.9s)
[gpu0_w0] ratio3_sh0_dense__f1271 -> ok (110.3s)
[gpu0_w4] ratio3_sh0_dense__f1274 -> ok (109.4s)
[gpu1_w0] ratio3_sh0_dense__f1276 -> ok (108.9s)
[gpu1_w5] ratio3_sh0_dense__f1278 -> ok (108.8s)
[23:39:53]  Be careful with '--eval-mode=all'. If using camera optimization, the cameras    nerfstudio_dataparser.py:216
           may diverge in the current implementation, giving unpredictable results.                                     
            Be careful with '--eval-mode=all'. If using camera optimization, the cameras    nerfstudio_dataparser.py:216
           may diverge in the current implementation, giving unpredictable results.                                     
[23:39:54] use color only optimization with sigmoid activation                                         splatfacto.py:266
Loading latest checkpoint from load_dir
✅ Done loading checkpoint from 
outputs/ctrl_009_039_ratio3_sh0_dense_mid200/ratio3_sh0_dense/f1284/splatfacto/2026-08-20_233810/nerfstudio_models/step-
000001999.ckpt
0 Gaussians have NaN/Inf and 4 have low opacity, only export 631/635
[23:39:55]  Be careful with '--eval-mode=all'. If using camera optimization, the cameras    nerfstudio_dataparser.py:216
           may diverge in the current implementation, giving unpredictable results.                                     
            Be careful with '--eval-mode=all'. If using camera optimization, the cameras    nerfstudio_dataparser.py:216
           may diverge in the current implementation, giving unpredictable results.                                     
[23:39:55]  Be careful with '--eval-mode=all'. If using camera optimization, the cameras    nerfstudio_dataparser.py:216
           may diverge in the current implementation, giving unpredictable results.                                     
            Be careful with '--eval-mode=all'. If using camera optimization, the cameras    nerfstudio_dataparser.py:216
           may diverge in the current implementation, giving unpredictable results.                                     
[23:39:55]  Be careful with '--eval-mode=all'. If using camera optimization, the cameras    nerfstudio_dataparser.py:216
           may diverge in the current implementation, giving unpredictable results.                                     
            Be careful with '--eval-mode=all'. If using camera optimization, the cameras    nerfstudio_dataparser.py:216
           may diverge in the current implementation, giving unpredictable results.                                     
           use color only optimization with sigmoid activation                                         splatfacto.py:266
           use color only optimization with sigmoid activation                                         splatfacto.py:266
           use color only optimization with sigmoid activation                                         splatfacto.py:266
[23:39:56]  Be careful with '--eval-mode=all'. If using camera optimization, the cameras    nerfstudio_dataparser.py:216
           may diverge in the current implementation, giving unpredictable results.                                     
            Be careful with '--eval-mode=all'. If using camera optimization, the cameras    nerfstudio_dataparser.py:216
           may diverge in the current implementation, giving unpredictable results.                                     
[23:39:56]  Be careful with '--eval-mode=all'. If using camera optimization, the cameras    nerfstudio_dataparser.py:216
           may diverge in the current implementation, giving unpredictable results.                                     
            Be careful with '--eval-mode=all'. If using camera optimization, the cameras    nerfstudio_dataparser.py:216
           may diverge in the current implementation, giving unpredictable results.                                     
           use color only optimization with sigmoid activation                                         splatfacto.py:266
           use color only optimization with sigmoid activation                                         splatfacto.py:266
Loading latest checkpoint from load_dir
✅ Done loading checkpoint from 
outputs/ctrl_009_039_ratio3_sh0_dense_mid200/ratio3_sh0_dense/f1282/splatfacto/2026-08-20_233811/nerfstudio_models/step-
000001999.ckpt
0 Gaussians have NaN/Inf and 4 have low opacity, only export 713/717
Loading latest checkpoint from load_dir
✅ Done loading checkpoint from 
outputs/ctrl_009_039_ratio3_sh0_dense_mid200/ratio3_sh0_dense/f1280/splatfacto/2026-08-20_233809/nerfstudio_models/step-
000001999.ckpt
Loading latest checkpoint from load_dir
✅ Done loading checkpoint from 
outputs/ctrl_009_039_ratio3_sh0_dense_mid200/ratio3_sh0_dense/f1283/splatfacto/2026-08-20_233811/nerfstudio_models/step-
000001999.ckpt
0 Gaussians have NaN/Inf and 1 have low opacity, only export 623/624
[23:39:56]  Be careful with '--eval-mode=all'. If using camera optimization, the cameras    nerfstudio_dataparser.py:216
           may diverge in the current implementation, giving unpredictable results.                                     
            Be careful with '--eval-mode=all'. If using camera optimization, the cameras    nerfstudio_dataparser.py:216
           may diverge in the current implementation, giving unpredictable results.                                     
[23:39:56]  Be careful with '--eval-mode=all'. If using camera optimization, the cameras    nerfstudio_dataparser.py:216
           may diverge in the current implementation, giving unpredictable results.                                     
            Be careful with '--eval-mode=all'. If using camera optimization, the cameras    nerfstudio_dataparser.py:216
           may diverge in the current implementation, giving unpredictable results.                                     
           use color only optimization with sigmoid activation                                         splatfacto.py:266
           use color only optimization with sigmoid activation                                         splatfacto.py:266
[gpu0_w3] ratio3_sh0_dense__f1284 -> ok (106.1s)
[23:39:56]  Be careful with '--eval-mode=all'. If using camera optimization, the cameras    nerfstudio_dataparser.py:216
           may diverge in the current implementation, giving unpredictable results.                                     
            Be careful with '--eval-mode=all'. If using camera optimization, the cameras    nerfstudio_dataparser.py:216
           may diverge in the current implementation, giving unpredictable results.                                     
[23:39:57] use color only optimization with sigmoid activation                                         splatfacto.py:266
Loading latest checkpoint from load_dir
Loading latest checkpoint from load_dir
✅ Done loading checkpoint from 
outputs/ctrl_009_039_ratio3_sh0_dense_mid200/ratio3_sh0_dense/f1281/splatfacto/2026-08-20_233810/nerfstudio_models/step-
000001999.ckpt
0 Gaussians have NaN/Inf and 4 have low opacity, only export 638/642
✅ Done loading checkpoint from 
outputs/ctrl_009_039_ratio3_sh0_dense_mid200/ratio3_sh0_dense/f1285/splatfacto/2026-08-20_233812/nerfstudio_models/step-
000001999.ckpt
0 Gaussians have NaN/Inf and 4 have low opacity, only export 622/626
Loading latest checkpoint from load_dir
✅ Done loading checkpoint from 
outputs/ctrl_009_039_ratio3_sh0_dense_mid200/ratio3_sh0_dense/f1289/splatfacto/2026-08-20_233812/nerfstudio_models/step-
000001999.ckpt
0 Gaussians have NaN/Inf and 2 have low opacity, only export 692/694
Loading latest checkpoint from load_dir
✅ Done loading checkpoint from 
outputs/ctrl_009_039_ratio3_sh0_dense_mid200/ratio3_sh0_dense/f1288/splatfacto/2026-08-20_233812/nerfstudio_models/step-
000001999.ckpt
0 Gaussians have NaN/Inf and 6 have low opacity, only export 642/648
[23:40:00]  Be careful with '--eval-mode=all'. If using camera optimization, the cameras    nerfstudio_dataparser.py:216
           may diverge in the current implementation, giving unpredictable results.                                     
            Be careful with '--eval-mode=all'. If using camera optimization, the cameras    nerfstudio_dataparser.py:216
           may diverge in the current implementation, giving unpredictable results.                                     
Loading latest checkpoint from load_dir
✅ Done loading checkpoint from 
outputs/ctrl_009_039_ratio3_sh0_dense_mid200/ratio3_sh0_dense/f1286/splatfacto/2026-08-20_233813/nerfstudio_models/step-
000001999.ckpt
0 Gaussians have NaN/Inf and 2 have low opacity, only export 564/566
           use color only optimization with sigmoid activation                                         splatfacto.py:266
[gpu1_w2] ratio3_sh0_dense__f1282 -> ok (109.4s)
[gpu1_w4] ratio3_sh0_dense__f1283 -> ok (109.3s)
[gpu0_w2] ratio3_sh0_dense__f1280 -> ok (110.7s)
[23:40:01]  Be careful with '--eval-mode=all'. If using camera optimization, the cameras    nerfstudio_dataparser.py:216
           may diverge in the current implementation, giving unpredictable results.                                     
            Be careful with '--eval-mode=all'. If using camera optimization, the cameras    nerfstudio_dataparser.py:216
           may diverge in the current implementation, giving unpredictable results.                                     
           use color only optimization with sigmoid activation                                         splatfacto.py:266
Loading latest checkpoint from load_dir
✅ Done loading checkpoint from 
outputs/ctrl_009_039_ratio3_sh0_dense_mid200/ratio3_sh0_dense/f1287/splatfacto/2026-08-20_233816/nerfstudio_models/step-
000001999.ckpt
0 Gaussians have NaN/Inf and 6 have low opacity, only export 692/698
[gpu1_w1] ratio3_sh0_dense__f1285 -> ok (108.4s)
[gpu0_w1] ratio3_sh0_dense__f1281 -> ok (110.9s)
[23:40:01]  Be careful with '--eval-mode=all'. If using camera optimization, the cameras    nerfstudio_dataparser.py:216
           may diverge in the current implementation, giving unpredictable results.                                     
            Be careful with '--eval-mode=all'. If using camera optimization, the cameras    nerfstudio_dataparser.py:216
           may diverge in the current implementation, giving unpredictable results.                                     
[gpu0_w4] ratio3_sh0_dense__f1289 -> ok (107.5s)
[gpu0_w0] ratio3_sh0_dense__f1288 -> ok (107.7s)
[23:40:02] use color only optimization with sigmoid activation                                         splatfacto.py:266
[gpu1_w3] ratio3_sh0_dense__f1286 -> ok (108.5s)
[gpu1_w3] queue drained: 16 ok, 0 failed
Loading latest checkpoint from load_dir
✅ Done loading checkpoint from 
outputs/ctrl_009_039_ratio3_sh0_dense_mid200/ratio3_sh0_dense/f1291/splatfacto/2026-08-20_233813/nerfstudio_models/step-
000001999.ckpt
0 Gaussians have NaN/Inf and 1 have low opacity, only export 774/775
Loading latest checkpoint from load_dir
✅ Done loading checkpoint from 
outputs/ctrl_009_039_ratio3_sh0_dense_mid200/ratio3_sh0_dense/f1290/splatfacto/2026-08-20_233816/nerfstudio_models/step-
000001999.ckpt
0 Gaussians have NaN/Inf and 4 have low opacity, only export 762/766
[gpu0_w5] ratio3_sh0_dense__f1287 -> ok (109.3s)
[gpu0_w5] queue drained: 16 ok, 0 failed
[gpu1_w5] ratio3_sh0_dense__f1291 -> ok (109.1s)
[gpu1_w5] queue drained: 16 ok, 0 failed
[gpu1_w0] ratio3_sh0_dense__f1290 -> ok (110.0s)
[gpu1_w0] queue drained: 16 ok, 0 failed
[23:41:27]  Be careful with '--eval-mode=all'. If using camera optimization, the cameras    nerfstudio_dataparser.py:216
           may diverge in the current implementation, giving unpredictable results.                                     
            Be careful with '--eval-mode=all'. If using camera optimization, the cameras    nerfstudio_dataparser.py:216
           may diverge in the current implementation, giving unpredictable results.                                     
           use color only optimization with sigmoid activation                                         splatfacto.py:266
[23:41:27]  Be careful with '--eval-mode=all'. If using camera optimization, the cameras    nerfstudio_dataparser.py:216
           may diverge in the current implementation, giving unpredictable results.                                     
            Be careful with '--eval-mode=all'. If using camera optimization, the cameras    nerfstudio_dataparser.py:216
           may diverge in the current implementation, giving unpredictable results.                                     
Loading latest checkpoint from load_dir
✅ Done loading checkpoint from 
outputs/ctrl_009_039_ratio3_sh0_dense_mid200/ratio3_sh0_dense/f1296/splatfacto/2026-08-20_234008/nerfstudio_models/step-
000001999.ckpt
0 Gaussians have NaN/Inf and 3 have low opacity, only export 679/682
[23:41:28] use color only optimization with sigmoid activation                                         splatfacto.py:266
Loading latest checkpoint from load_dir
✅ Done loading checkpoint from 
outputs/ctrl_009_039_ratio3_sh0_dense_mid200/ratio3_sh0_dense/f1293/splatfacto/2026-08-20_234009/nerfstudio_models/step-
000001999.ckpt
0 Gaussians have NaN/Inf and 2 have low opacity, only export 678/680
[23:41:29]  Be careful with '--eval-mode=all'. If using camera optimization, the cameras    nerfstudio_dataparser.py:216
           may diverge in the current implementation, giving unpredictable results.                                     
            Be careful with '--eval-mode=all'. If using camera optimization, the cameras    nerfstudio_dataparser.py:216
           may diverge in the current implementation, giving unpredictable results.                                     
           use color only optimization with sigmoid activation                                         splatfacto.py:266
[gpu1_w1] ratio3_sh0_dense__f1296 -> ok (84.1s)
[gpu1_w1] queue drained: 17 ok, 0 failed
[23:41:30]  Be careful with '--eval-mode=all'. If using camera optimization, the cameras    nerfstudio_dataparser.py:216
           may diverge in the current implementation, giving unpredictable results.                                     
            Be careful with '--eval-mode=all'. If using camera optimization, the cameras    nerfstudio_dataparser.py:216
           may diverge in the current implementation, giving unpredictable results.                                     
           use color only optimization with sigmoid activation                                         splatfacto.py:266
[23:41:30]  Be careful with '--eval-mode=all'. If using camera optimization, the cameras    nerfstudio_dataparser.py:216
           may diverge in the current implementation, giving unpredictable results.                                     
            Be careful with '--eval-mode=all'. If using camera optimization, the cameras    nerfstudio_dataparser.py:216
           may diverge in the current implementation, giving unpredictable results.                                     
[gpu1_w2] ratio3_sh0_dense__f1293 -> ok (85.4s)
[gpu1_w2] queue drained: 17 ok, 0 failed
Loading latest checkpoint from load_dir
✅ Done loading checkpoint from 
outputs/ctrl_009_039_ratio3_sh0_dense_mid200/ratio3_sh0_dense/f1292/splatfacto/2026-08-20_234006/nerfstudio_models/step-
000001999.ckpt
0 Gaussians have NaN/Inf and 5 have low opacity, only export 696/701
           use color only optimization with sigmoid activation                                         splatfacto.py:266
Loading latest checkpoint from load_dir
✅ Done loading checkpoint from 
outputs/ctrl_009_039_ratio3_sh0_dense_mid200/ratio3_sh0_dense/f1294/splatfacto/2026-08-20_234008/nerfstudio_models/step-
000001999.ckpt
0 Gaussians have NaN/Inf and 2 have low opacity, only export 647/649
Loading latest checkpoint from load_dir
✅ Done loading checkpoint from 
outputs/ctrl_009_039_ratio3_sh0_dense_mid200/ratio3_sh0_dense/f1295/splatfacto/2026-08-20_234008/nerfstudio_models/step-
000001999.ckpt
0 Gaussians have NaN/Inf and 3 have low opacity, only export 648/651
[gpu0_w3] ratio3_sh0_dense__f1292 -> ok (88.9s)
[gpu0_w3] queue drained: 17 ok, 0 failed
[gpu1_w4] ratio3_sh0_dense__f1294 -> ok (87.8s)
[gpu1_w4] queue drained: 17 ok, 0 failed
[gpu0_w2] ratio3_sh0_dense__f1295 -> ok (87.9s)
[gpu0_w2] queue drained: 17 ok, 0 failed
[23:41:33]  Be careful with '--eval-mode=all'. If using camera optimization, the cameras    nerfstudio_dataparser.py:216
           may diverge in the current implementation, giving unpredictable results.                                     
            Be careful with '--eval-mode=all'. If using camera optimization, the cameras    nerfstudio_dataparser.py:216
           may diverge in the current implementation, giving unpredictable results.                                     
[23:41:33]  Be careful with '--eval-mode=all'. If using camera optimization, the cameras    nerfstudio_dataparser.py:216
           may diverge in the current implementation, giving unpredictable results.                                     
            Be careful with '--eval-mode=all'. If using camera optimization, the cameras    nerfstudio_dataparser.py:216
           may diverge in the current implementation, giving unpredictable results.                                     
           use color only optimization with sigmoid activation                                         splatfacto.py:266
[23:41:33]  Be careful with '--eval-mode=all'. If using camera optimization, the cameras    nerfstudio_dataparser.py:216
           may diverge in the current implementation, giving unpredictable results.                                     
            Be careful with '--eval-mode=all'. If using camera optimization, the cameras    nerfstudio_dataparser.py:216
           may diverge in the current implementation, giving unpredictable results.                                     
           use color only optimization with sigmoid activation                                         splatfacto.py:266
           use color only optimization with sigmoid activation                                         splatfacto.py:266
Loading latest checkpoint from load_dir
✅ Done loading checkpoint from 
outputs/ctrl_009_039_ratio3_sh0_dense_mid200/ratio3_sh0_dense/f1298/splatfacto/2026-08-20_234009/nerfstudio_models/step-
000001999.ckpt
0 Gaussians have NaN/Inf and 5 have low opacity, only export 683/688
Loading latest checkpoint from load_dir
✅ Done loading checkpoint from 
outputs/ctrl_009_039_ratio3_sh0_dense_mid200/ratio3_sh0_dense/f1299/splatfacto/2026-08-20_234008/nerfstudio_models/step-
000001999.ckpt
0 Gaussians have NaN/Inf and 1 have low opacity, only export 759/760
Loading latest checkpoint from load_dir
✅ Done loading checkpoint from 
outputs/ctrl_009_039_ratio3_sh0_dense_mid200/ratio3_sh0_dense/f1297/splatfacto/2026-08-20_234009/nerfstudio_models/step-
000001999.ckpt
0 Gaussians have NaN/Inf and 5 have low opacity, only export 678/683
[gpu0_w4] ratio3_sh0_dense__f1298 -> ok (89.6s)
[gpu0_w4] queue drained: 17 ok, 0 failed
[gpu0_w0] ratio3_sh0_dense__f1299 -> ok (89.7s)
[gpu0_w0] queue drained: 17 ok, 0 failed
[gpu0_w1] ratio3_sh0_dense__f1297 -> ok (90.3s)
[gpu0_w1] queue drained: 17 ok, 0 failed
After outlier removal: 1992 points
Saved -> /home/computer0/fly_project/fly_gsplat/ctrl_009/039/f1297/init_points.ply
[prepare] frame 1297 data ready
Dataset generated successfully at: /home/computer0/fly_project/fly_gsplat/ctrl_009/039/f1298
4 cameras loaded
Seed: [ 0.00952438 -0.00065367 -0.01280382]  triangulation residual=0.111 mm
Sampled 10000 points in 2mm sphere
Surviving points (all 4 cameras): 2065
After outlier removal: 1989 points
Saved -> /home/computer0/fly_project/fly_gsplat/ctrl_009/039/f1298/init_points.ply
[prepare] frame 1298 data ready
Dataset generated successfully at: /home/computer0/fly_project/fly_gsplat/ctrl_009/039/f1299
4 cameras loaded
Seed: [ 0.00956562 -0.00067728 -0.01285002]  triangulation residual=0.118 mm
Sampled 10000 points in 2mm sphere
Surviving points (all 4 cameras): 1969
After outlier removal: 1890 points
Saved -> /home/computer0/fly_project/fly_gsplat/ctrl_009/039/f1299/init_points.ply
[prepare] frame 1299 data ready
=== Phase B: build queue ===
[queue] 200 tasks queued, 0 already done (skipped)
=== Phase C: dispatch 2x6 workers ===
Done in 1830.0s: 200 ok, 0 failed -> /home/computer0/fly_project/fly_gsplat/outputs/ctrl_009_039_ratio3_sh0_dense_mid200/schedule_summary.json
