
============================================================
ctrl_009_003_ratio3_sh0_dense_mid200  (raw_data_dir=/home/computer0/fly_project/fly_gsplat/ctrl_009/003)
============================================================
== 未检测到T3标注，从raw splat.ply开始跑T1-T3 ==
  [T1] gaussian_features (跳过已算过的帧) ...
  [T1][f1100] computed -> /home/computer0/fly_project/fly_gsplat/outputs/ctrl_009_003_ratio3_sh0_dense_mid200/ratio3_sh0_dense/f1100/splatfacto/2026-08-20_184701/gaussian_features_f1100.csv
  [T1][f1101] computed -> /home/computer0/fly_project/fly_gsplat/outputs/ctrl_009_003_ratio3_sh0_dense_mid200/ratio3_sh0_dense/f1101/splatfacto/2026-08-20_184700/gaussian_features_f1101.csv
  [T1][f1102] computed -> /home/computer0/fly_project/fly_gsplat/outputs/ctrl_009_003_ratio3_sh0_dense_mid200/ratio3_sh0_dense/f1102/splatfacto/2026-08-20_184702/gaussian_features_f1102.csv
  [T1][f1103] computed -> /home/computer0/fly_project/fly_gsplat/outputs/ctrl_009_003_ratio3_sh0_dense_mid200/ratio3_sh0_dense/f1103/splatfacto/2026-08-20_184702/gaussian_features_f1103.csv
  [T1][f1104] computed -> /home/computer0/fly_project/fly_gsplat/outputs/ctrl_009_003_ratio3_sh0_dense_mid200/ratio3_sh0_dense/f1104/splatfacto/2026-08-20_184700/gaussian_features_f1104.csv
  [T1][f1105] computed -> /home/computer0/fly_project/fly_gsplat/outputs/ctrl_009_003_ratio3_sh0_dense_mid200/ratio3_sh0_dense/f1105/splatfacto/2026-08-20_184701/gaussian_features_f1105.csv
  [T1][f1106] computed -> /home/computer0/fly_project/fly_gsplat/outputs/ctrl_009_003_ratio3_sh0_dense_mid200/ratio3_sh0_dense/f1106/splatfacto/2026-08-20_184700/gaussian_features_f1106.csv
  [T1][f1107] computed -> /home/computer0/fly_project/fly_gsplat/outputs/ctrl_009_003_ratio3_sh0_dense_mid200/ratio3_sh0_dense/f1107/splatfacto/2026-08-20_184700/gaussian_features_f1107.csv
  [T1][f1108] computed -> /home/computer0/fly_project/fly_gsplat/outputs/ctrl_009_003_ratio3_sh0_dense_mid200/ratio3_sh0_dense/f1108/splatfacto/2026-08-20_184701/gaussian_features_f1108.csv
  [T1][f1109] computed -> /home/computer0/fly_project/fly_gsplat/outputs/ctrl_009_003_ratio3_sh0_dense_mid200/ratio3_sh0_dense/f1109/splatfacto/2026-08-20_184702/gaussian_features_f1109.csv
  [T1][f1110] computed -> /home/computer0/fly_project/fly_gsplat/outputs/ctrl_009_003_ratio3_sh0_dense_mid200/ratio3_sh0_dense/f1110/splatfacto/2026-08-20_184700/gaussian_features_f1110.csv
  [T1][f1111] computed -> /home/computer0/fly_project/fly_gsplat/outputs/ctrl_009_003_ratio3_sh0_dense_mid200/ratio3_sh0_dense/f1111/splatfacto/2026-08-20_184700/gaussian_features_f1111.csv
  [T1][f1112] computed -> /home/computer0/fly_project/fly_gsplat/outputs/ctrl_009_003_ratio3_sh0_dense_mid200/ratio3_sh0_dense/f1112/splatfacto/2026-08-20_184915/gaussian_features_f1112.csv
  [T1][f1113] computed -> /home/computer0/fly_project/fly_gsplat/outputs/ctrl_009_003_ratio3_sh0_dense_mid200/ratio3_sh0_dense/f1113/splatfacto/2026-08-20_184915/gaussian_features_f1113.csv
  [T1][f1114] computed -> /home/computer0/fly_project/fly_gsplat/outputs/ctrl_009_003_ratio3_sh0_dense_mid200/ratio3_sh0_dense/f1114/splatfacto/2026-08-20_184915/gaussian_features_f1114.csv
  [T1][f1115] computed -> /home/computer0/fly_project/fly_gsplat/outputs/ctrl_009_003_ratio3_sh0_dense_mid200/ratio3_sh0_dense/f1115/splatfacto/2026-08-20_184917/gaussian_features_f1115.csv
  [T1][f1116] computed -> /home/computer0/fly_project/fly_gsplat/outputs/ctrl_009_003_ratio3_sh0_dense_mid200/ratio3_sh0_dense/f1116/splatfacto/2026-08-20_184915/gaussian_features_f1116.csv
  [T1][f1117] computed -> /home/computer0/fly_project/fly_gsplat/outputs/ctrl_009_003_ratio3_sh0_dense_mid200/ratio3_sh0_dense/f1117/splatfacto/2026-08-20_184916/gaussian_features_f1117.csv
  [T1][f1118] computed -> /home/computer0/fly_project/fly_gsplat/outputs/ctrl_009_003_ratio3_sh0_dense_mid200/ratio3_sh0_dense/f1118/splatfacto/2026-08-20_184916/gaussian_features_f1118.csv
  [T1][f1119] computed -> /home/computer0/fly_project/fly_gsplat/outputs/ctrl_009_003_ratio3_sh0_dense_mid200/ratio3_sh0_dense/f1119/splatfacto/2026-08-20_184916/gaussian_features_f1119.csv
  [T1][f1120] computed -> /home/computer0/fly_project/fly_gsplat/outputs/ctrl_009_003_ratio3_sh0_dense_mid200/ratio3_sh0_dense/f1120/splatfacto/2026-08-20_184916/gaussian_features_f1120.csv
  [T1][f1121] computed -> /home/computer0/fly_project/fly_gsplat/outputs/ctrl_009_003_ratio3_sh0_dense_mid200/ratio3_sh0_dense/f1121/splatfacto/2026-08-20_184916/gaussian_features_f1121.csv
  [T1][f1122] computed -> /home/computer0/fly_project/fly_gsplat/outputs/ctrl_009_003_ratio3_sh0_dense_mid200/ratio3_sh0_dense/f1122/splatfacto/2026-08-20_184917/gaussian_features_f1122.csv
  [T1][f1123] computed -> /home/computer0/fly_project/fly_gsplat/outputs/ctrl_009_003_ratio3_sh0_dense_mid200/ratio3_sh0_dense/f1123/splatfacto/2026-08-20_184916/gaussian_features_f1123.csv
  [T1][f1124] computed -> /home/computer0/fly_project/fly_gsplat/outputs/ctrl_009_003_ratio3_sh0_dense_mid200/ratio3_sh0_dense/f1124/splatfacto/2026-08-20_185113/gaussian_features_f1124.csv
  [T1][f1125] computed -> /home/computer0/fly_project/fly_gsplat/outputs/ctrl_009_003_ratio3_sh0_dense_mid200/ratio3_sh0_dense/f1125/splatfacto/2026-08-20_185116/gaussian_features_f1125.csv
  [T1][f1126] computed -> /home/computer0/fly_project/fly_gsplat/outputs/ctrl_009_003_ratio3_sh0_dense_mid200/ratio3_sh0_dense/f1126/splatfacto/2026-08-20_185116/gaussian_features_f1126.csv
  [T1][f1127] computed -> /home/computer0/fly_project/fly_gsplat/outputs/ctrl_009_003_ratio3_sh0_dense_mid200/ratio3_sh0_dense/f1127/splatfacto/2026-08-20_185117/gaussian_features_f1127.csv
  [T1][f1128] computed -> /home/computer0/fly_project/fly_gsplat/outputs/ctrl_009_003_ratio3_sh0_dense_mid200/ratio3_sh0_dense/f1128/splatfacto/2026-08-20_185117/gaussian_features_f1128.csv
  [T1][f1129] computed -> /home/computer0/fly_project/fly_gsplat/outputs/ctrl_009_003_ratio3_sh0_dense_mid200/ratio3_sh0_dense/f1129/splatfacto/2026-08-20_185118/gaussian_features_f1129.csv
  [T1][f1130] computed -> /home/computer0/fly_project/fly_gsplat/outputs/ctrl_009_003_ratio3_sh0_dense_mid200/ratio3_sh0_dense/f1130/splatfacto/2026-08-20_185118/gaussian_features_f1130.csv
  [T1][f1131] computed -> /home/computer0/fly_project/fly_gsplat/outputs/ctrl_009_003_ratio3_sh0_dense_mid200/ratio3_sh0_dense/f1131/splatfacto/2026-08-20_185118/gaussian_features_f1131.csv
  [T1][f1132] computed -> /home/computer0/fly_project/fly_gsplat/outputs/ctrl_009_003_ratio3_sh0_dense_mid200/ratio3_sh0_dense/f1132/splatfacto/2026-08-20_185118/gaussian_features_f1132.csv
  [T1][f1133] computed -> /home/computer0/fly_project/fly_gsplat/outputs/ctrl_009_003_ratio3_sh0_dense_mid200/ratio3_sh0_dense/f1133/splatfacto/2026-08-20_185119/gaussian_features_f1133.csv
  [T1][f1134] computed -> /home/computer0/fly_project/fly_gsplat/outputs/ctrl_009_003_ratio3_sh0_dense_mid200/ratio3_sh0_dense/f1134/splatfacto/2026-08-20_185118/gaussian_features_f1134.csv
  [T1][f1135] computed -> /home/computer0/fly_project/fly_gsplat/outputs/ctrl_009_003_ratio3_sh0_dense_mid200/ratio3_sh0_dense/f1135/splatfacto/2026-08-20_185118/gaussian_features_f1135.csv
  [T1][f1136] computed -> /home/computer0/fly_project/fly_gsplat/outputs/ctrl_009_003_ratio3_sh0_dense_mid200/ratio3_sh0_dense/f1136/splatfacto/2026-08-20_185310/gaussian_features_f1136.csv
  [T1][f1137] computed -> /home/computer0/fly_project/fly_gsplat/outputs/ctrl_009_003_ratio3_sh0_dense_mid200/ratio3_sh0_dense/f1137/splatfacto/2026-08-20_185311/gaussian_features_f1137.csv
  [T1][f1138] computed -> /home/computer0/fly_project/fly_gsplat/outputs/ctrl_009_003_ratio3_sh0_dense_mid200/ratio3_sh0_dense/f1138/splatfacto/2026-08-20_185311/gaussian_features_f1138.csv
  [T1][f1139] computed -> /home/computer0/fly_project/fly_gsplat/outputs/ctrl_009_003_ratio3_sh0_dense_mid200/ratio3_sh0_dense/f1139/splatfacto/2026-08-20_185311/gaussian_features_f1139.csv
  [T1][f1140] computed -> /home/computer0/fly_project/fly_gsplat/outputs/ctrl_009_003_ratio3_sh0_dense_mid200/ratio3_sh0_dense/f1140/splatfacto/2026-08-20_185311/gaussian_features_f1140.csv
  [T1][f1141] computed -> /home/computer0/fly_project/fly_gsplat/outputs/ctrl_009_003_ratio3_sh0_dense_mid200/ratio3_sh0_dense/f1141/splatfacto/2026-08-20_185311/gaussian_features_f1141.csv
  [T1][f1142] computed -> /home/computer0/fly_project/fly_gsplat/outputs/ctrl_009_003_ratio3_sh0_dense_mid200/ratio3_sh0_dense/f1142/splatfacto/2026-08-20_185313/gaussian_features_f1142.csv
  [T1][f1143] computed -> /home/computer0/fly_project/fly_gsplat/outputs/ctrl_009_003_ratio3_sh0_dense_mid200/ratio3_sh0_dense/f1143/splatfacto/2026-08-20_185313/gaussian_features_f1143.csv
  [T1][f1144] computed -> /home/computer0/fly_project/fly_gsplat/outputs/ctrl_009_003_ratio3_sh0_dense_mid200/ratio3_sh0_dense/f1144/splatfacto/2026-08-20_185312/gaussian_features_f1144.csv
  [T1][f1145] computed -> /home/computer0/fly_project/fly_gsplat/outputs/ctrl_009_003_ratio3_sh0_dense_mid200/ratio3_sh0_dense/f1145/splatfacto/2026-08-20_185314/gaussian_features_f1145.csv
  [T1][f1146] computed -> /home/computer0/fly_project/fly_gsplat/outputs/ctrl_009_003_ratio3_sh0_dense_mid200/ratio3_sh0_dense/f1146/splatfacto/2026-08-20_185315/gaussian_features_f1146.csv
  [T1][f1147] computed -> /home/computer0/fly_project/fly_gsplat/outputs/ctrl_009_003_ratio3_sh0_dense_mid200/ratio3_sh0_dense/f1147/splatfacto/2026-08-20_185315/gaussian_features_f1147.csv
  [T1][f1148] computed -> /home/computer0/fly_project/fly_gsplat/outputs/ctrl_009_003_ratio3_sh0_dense_mid200/ratio3_sh0_dense/f1148/splatfacto/2026-08-20_185508/gaussian_features_f1148.csv
  [T1][f1149] computed -> /home/computer0/fly_project/fly_gsplat/outputs/ctrl_009_003_ratio3_sh0_dense_mid200/ratio3_sh0_dense/f1149/splatfacto/2026-08-20_185508/gaussian_features_f1149.csv
  [T1][f1150] computed -> /home/computer0/fly_project/fly_gsplat/outputs/ctrl_009_003_ratio3_sh0_dense_mid200/ratio3_sh0_dense/f1150/splatfacto/2026-08-20_185507/gaussian_features_f1150.csv
  [T1][f1151] computed -> /home/computer0/fly_project/fly_gsplat/outputs/ctrl_009_003_ratio3_sh0_dense_mid200/ratio3_sh0_dense/f1151/splatfacto/2026-08-20_185509/gaussian_features_f1151.csv
  [T1][f1152] computed -> /home/computer0/fly_project/fly_gsplat/outputs/ctrl_009_003_ratio3_sh0_dense_mid200/ratio3_sh0_dense/f1152/splatfacto/2026-08-20_185508/gaussian_features_f1152.csv
  [T1][f1153] computed -> /home/computer0/fly_project/fly_gsplat/outputs/ctrl_009_003_ratio3_sh0_dense_mid200/ratio3_sh0_dense/f1153/splatfacto/2026-08-20_185509/gaussian_features_f1153.csv
  [T1][f1154] computed -> /home/computer0/fly_project/fly_gsplat/outputs/ctrl_009_003_ratio3_sh0_dense_mid200/ratio3_sh0_dense/f1154/splatfacto/2026-08-20_185509/gaussian_features_f1154.csv
  [T1][f1155] computed -> /home/computer0/fly_project/fly_gsplat/outputs/ctrl_009_003_ratio3_sh0_dense_mid200/ratio3_sh0_dense/f1155/splatfacto/2026-08-20_185509/gaussian_features_f1155.csv
  [T1][f1156] computed -> /home/computer0/fly_project/fly_gsplat/outputs/ctrl_009_003_ratio3_sh0_dense_mid200/ratio3_sh0_dense/f1156/splatfacto/2026-08-20_185508/gaussian_features_f1156.csv
  [T1][f1157] computed -> /home/computer0/fly_project/fly_gsplat/outputs/ctrl_009_003_ratio3_sh0_dense_mid200/ratio3_sh0_dense/f1157/splatfacto/2026-08-20_185508/gaussian_features_f1157.csv
  [T1][f1158] computed -> /home/computer0/fly_project/fly_gsplat/outputs/ctrl_009_003_ratio3_sh0_dense_mid200/ratio3_sh0_dense/f1158/splatfacto/2026-08-20_185510/gaussian_features_f1158.csv
  [T1][f1159] computed -> /home/computer0/fly_project/fly_gsplat/outputs/ctrl_009_003_ratio3_sh0_dense_mid200/ratio3_sh0_dense/f1159/splatfacto/2026-08-20_185511/gaussian_features_f1159.csv
  [T1][f1160] computed -> /home/computer0/fly_project/fly_gsplat/outputs/ctrl_009_003_ratio3_sh0_dense_mid200/ratio3_sh0_dense/f1160/splatfacto/2026-08-20_185706/gaussian_features_f1160.csv
  [T1][f1161] computed -> /home/computer0/fly_project/fly_gsplat/outputs/ctrl_009_003_ratio3_sh0_dense_mid200/ratio3_sh0_dense/f1161/splatfacto/2026-08-20_185707/gaussian_features_f1161.csv
  [T1][f1162] computed -> /home/computer0/fly_project/fly_gsplat/outputs/ctrl_009_003_ratio3_sh0_dense_mid200/ratio3_sh0_dense/f1162/splatfacto/2026-08-20_185706/gaussian_features_f1162.csv
  [T1][f1163] computed -> /home/computer0/fly_project/fly_gsplat/outputs/ctrl_009_003_ratio3_sh0_dense_mid200/ratio3_sh0_dense/f1163/splatfacto/2026-08-20_185707/gaussian_features_f1163.csv
  [T1][f1164] computed -> /home/computer0/fly_project/fly_gsplat/outputs/ctrl_009_003_ratio3_sh0_dense_mid200/ratio3_sh0_dense/f1164/splatfacto/2026-08-20_185707/gaussian_features_f1164.csv
  [T1][f1165] computed -> /home/computer0/fly_project/fly_gsplat/outputs/ctrl_009_003_ratio3_sh0_dense_mid200/ratio3_sh0_dense/f1165/splatfacto/2026-08-20_185707/gaussian_features_f1165.csv
  [T1][f1166] computed -> /home/computer0/fly_project/fly_gsplat/outputs/ctrl_009_003_ratio3_sh0_dense_mid200/ratio3_sh0_dense/f1166/splatfacto/2026-08-20_185707/gaussian_features_f1166.csv
  [T1][f1167] computed -> /home/computer0/fly_project/fly_gsplat/outputs/ctrl_009_003_ratio3_sh0_dense_mid200/ratio3_sh0_dense/f1167/splatfacto/2026-08-20_185707/gaussian_features_f1167.csv
  [T1][f1168] computed -> /home/computer0/fly_project/fly_gsplat/outputs/ctrl_009_003_ratio3_sh0_dense_mid200/ratio3_sh0_dense/f1168/splatfacto/2026-08-20_185708/gaussian_features_f1168.csv
  [T1][f1169] computed -> /home/computer0/fly_project/fly_gsplat/outputs/ctrl_009_003_ratio3_sh0_dense_mid200/ratio3_sh0_dense/f1169/splatfacto/2026-08-20_185708/gaussian_features_f1169.csv
  [T1][f1170] computed -> /home/computer0/fly_project/fly_gsplat/outputs/ctrl_009_003_ratio3_sh0_dense_mid200/ratio3_sh0_dense/f1170/splatfacto/2026-08-20_185707/gaussian_features_f1170.csv
  [T1][f1171] computed -> /home/computer0/fly_project/fly_gsplat/outputs/ctrl_009_003_ratio3_sh0_dense_mid200/ratio3_sh0_dense/f1171/splatfacto/2026-08-20_185708/gaussian_features_f1171.csv
  [T1][f1172] computed -> /home/computer0/fly_project/fly_gsplat/outputs/ctrl_009_003_ratio3_sh0_dense_mid200/ratio3_sh0_dense/f1172/splatfacto/2026-08-20_185902/gaussian_features_f1172.csv
  [T1][f1173] computed -> /home/computer0/fly_project/fly_gsplat/outputs/ctrl_009_003_ratio3_sh0_dense_mid200/ratio3_sh0_dense/f1173/splatfacto/2026-08-20_185903/gaussian_features_f1173.csv
  [T1][f1174] computed -> /home/computer0/fly_project/fly_gsplat/outputs/ctrl_009_003_ratio3_sh0_dense_mid200/ratio3_sh0_dense/f1174/splatfacto/2026-08-20_185903/gaussian_features_f1174.csv
  [T1][f1175] computed -> /home/computer0/fly_project/fly_gsplat/outputs/ctrl_009_003_ratio3_sh0_dense_mid200/ratio3_sh0_dense/f1175/splatfacto/2026-08-20_185903/gaussian_features_f1175.csv
  [T1][f1176] computed -> /home/computer0/fly_project/fly_gsplat/outputs/ctrl_009_003_ratio3_sh0_dense_mid200/ratio3_sh0_dense/f1176/splatfacto/2026-08-20_185903/gaussian_features_f1176.csv
  [T1][f1177] computed -> /home/computer0/fly_project/fly_gsplat/outputs/ctrl_009_003_ratio3_sh0_dense_mid200/ratio3_sh0_dense/f1177/splatfacto/2026-08-20_185903/gaussian_features_f1177.csv
  [T1][f1178] computed -> /home/computer0/fly_project/fly_gsplat/outputs/ctrl_009_003_ratio3_sh0_dense_mid200/ratio3_sh0_dense/f1178/splatfacto/2026-08-20_185902/gaussian_features_f1178.csv
  [T1][f1179] computed -> /home/computer0/fly_project/fly_gsplat/outputs/ctrl_009_003_ratio3_sh0_dense_mid200/ratio3_sh0_dense/f1179/splatfacto/2026-08-20_185903/gaussian_features_f1179.csv
  [T1][f1180] computed -> /home/computer0/fly_project/fly_gsplat/outputs/ctrl_009_003_ratio3_sh0_dense_mid200/ratio3_sh0_dense/f1180/splatfacto/2026-08-20_185902/gaussian_features_f1180.csv
  [T1][f1181] computed -> /home/computer0/fly_project/fly_gsplat/outputs/ctrl_009_003_ratio3_sh0_dense_mid200/ratio3_sh0_dense/f1181/splatfacto/2026-08-20_185904/gaussian_features_f1181.csv
  [T1][f1182] computed -> /home/computer0/fly_project/fly_gsplat/outputs/ctrl_009_003_ratio3_sh0_dense_mid200/ratio3_sh0_dense/f1182/splatfacto/2026-08-20_185902/gaussian_features_f1182.csv
  [T1][f1183] computed -> /home/computer0/fly_project/fly_gsplat/outputs/ctrl_009_003_ratio3_sh0_dense_mid200/ratio3_sh0_dense/f1183/splatfacto/2026-08-20_185903/gaussian_features_f1183.csv
  [T1][f1184] computed -> /home/computer0/fly_project/fly_gsplat/outputs/ctrl_009_003_ratio3_sh0_dense_mid200/ratio3_sh0_dense/f1184/splatfacto/2026-08-20_190057/gaussian_features_f1184.csv
  [T1][f1185] computed -> /home/computer0/fly_project/fly_gsplat/outputs/ctrl_009_003_ratio3_sh0_dense_mid200/ratio3_sh0_dense/f1185/splatfacto/2026-08-20_190057/gaussian_features_f1185.csv
  [T1][f1186] computed -> /home/computer0/fly_project/fly_gsplat/outputs/ctrl_009_003_ratio3_sh0_dense_mid200/ratio3_sh0_dense/f1186/splatfacto/2026-08-20_190101/gaussian_features_f1186.csv
  [T1][f1187] computed -> /home/computer0/fly_project/fly_gsplat/outputs/ctrl_009_003_ratio3_sh0_dense_mid200/ratio3_sh0_dense/f1187/splatfacto/2026-08-20_190102/gaussian_features_f1187.csv
  [T1][f1188] computed -> /home/computer0/fly_project/fly_gsplat/outputs/ctrl_009_003_ratio3_sh0_dense_mid200/ratio3_sh0_dense/f1188/splatfacto/2026-08-20_190101/gaussian_features_f1188.csv
  [T1][f1189] computed -> /home/computer0/fly_project/fly_gsplat/outputs/ctrl_009_003_ratio3_sh0_dense_mid200/ratio3_sh0_dense/f1189/splatfacto/2026-08-20_190101/gaussian_features_f1189.csv
  [T1][f1190] computed -> /home/computer0/fly_project/fly_gsplat/outputs/ctrl_009_003_ratio3_sh0_dense_mid200/ratio3_sh0_dense/f1190/splatfacto/2026-08-20_190058/gaussian_features_f1190.csv
  [T1][f1191] computed -> /home/computer0/fly_project/fly_gsplat/outputs/ctrl_009_003_ratio3_sh0_dense_mid200/ratio3_sh0_dense/f1191/splatfacto/2026-08-20_190102/gaussian_features_f1191.csv
  [T1][f1192] computed -> /home/computer0/fly_project/fly_gsplat/outputs/ctrl_009_003_ratio3_sh0_dense_mid200/ratio3_sh0_dense/f1192/splatfacto/2026-08-20_190101/gaussian_features_f1192.csv
  [T1][f1193] computed -> /home/computer0/fly_project/fly_gsplat/outputs/ctrl_009_003_ratio3_sh0_dense_mid200/ratio3_sh0_dense/f1193/splatfacto/2026-08-20_190102/gaussian_features_f1193.csv
  [T1][f1194] computed -> /home/computer0/fly_project/fly_gsplat/outputs/ctrl_009_003_ratio3_sh0_dense_mid200/ratio3_sh0_dense/f1194/splatfacto/2026-08-20_190102/gaussian_features_f1194.csv
  [T1][f1195] computed -> /home/computer0/fly_project/fly_gsplat/outputs/ctrl_009_003_ratio3_sh0_dense_mid200/ratio3_sh0_dense/f1195/splatfacto/2026-08-20_190101/gaussian_features_f1195.csv
  [T1][f1196] computed -> /home/computer0/fly_project/fly_gsplat/outputs/ctrl_009_003_ratio3_sh0_dense_mid200/ratio3_sh0_dense/f1196/splatfacto/2026-08-20_190255/gaussian_features_f1196.csv
  [T1][f1197] computed -> /home/computer0/fly_project/fly_gsplat/outputs/ctrl_009_003_ratio3_sh0_dense_mid200/ratio3_sh0_dense/f1197/splatfacto/2026-08-20_190256/gaussian_features_f1197.csv
  [T1][f1198] computed -> /home/computer0/fly_project/fly_gsplat/outputs/ctrl_009_003_ratio3_sh0_dense_mid200/ratio3_sh0_dense/f1198/splatfacto/2026-08-20_190256/gaussian_features_f1198.csv
  [T1][f1199] computed -> /home/computer0/fly_project/fly_gsplat/outputs/ctrl_009_003_ratio3_sh0_dense_mid200/ratio3_sh0_dense/f1199/splatfacto/2026-08-20_190255/gaussian_features_f1199.csv
  [T1][f1200] computed -> /home/computer0/fly_project/fly_gsplat/outputs/ctrl_009_003_ratio3_sh0_dense_mid200/ratio3_sh0_dense/f1200/splatfacto/2026-08-20_190254/gaussian_features_f1200.csv
  [T1][f1201] computed -> /home/computer0/fly_project/fly_gsplat/outputs/ctrl_009_003_ratio3_sh0_dense_mid200/ratio3_sh0_dense/f1201/splatfacto/2026-08-20_190256/gaussian_features_f1201.csv
  [T1][f1202] computed -> /home/computer0/fly_project/fly_gsplat/outputs/ctrl_009_003_ratio3_sh0_dense_mid200/ratio3_sh0_dense/f1202/splatfacto/2026-08-20_190257/gaussian_features_f1202.csv
  [T1][f1203] computed -> /home/computer0/fly_project/fly_gsplat/outputs/ctrl_009_003_ratio3_sh0_dense_mid200/ratio3_sh0_dense/f1203/splatfacto/2026-08-20_190257/gaussian_features_f1203.csv
  [T1][f1204] computed -> /home/computer0/fly_project/fly_gsplat/outputs/ctrl_009_003_ratio3_sh0_dense_mid200/ratio3_sh0_dense/f1204/splatfacto/2026-08-20_190257/gaussian_features_f1204.csv
  [T1][f1205] computed -> /home/computer0/fly_project/fly_gsplat/outputs/ctrl_009_003_ratio3_sh0_dense_mid200/ratio3_sh0_dense/f1205/splatfacto/2026-08-20_190257/gaussian_features_f1205.csv
  [T1][f1206] computed -> /home/computer0/fly_project/fly_gsplat/outputs/ctrl_009_003_ratio3_sh0_dense_mid200/ratio3_sh0_dense/f1206/splatfacto/2026-08-20_190257/gaussian_features_f1206.csv
  [T1][f1207] computed -> /home/computer0/fly_project/fly_gsplat/outputs/ctrl_009_003_ratio3_sh0_dense_mid200/ratio3_sh0_dense/f1207/splatfacto/2026-08-20_190257/gaussian_features_f1207.csv
  [T1][f1208] computed -> /home/computer0/fly_project/fly_gsplat/outputs/ctrl_009_003_ratio3_sh0_dense_mid200/ratio3_sh0_dense/f1208/splatfacto/2026-08-20_190450/gaussian_features_f1208.csv
  [T1][f1209] computed -> /home/computer0/fly_project/fly_gsplat/outputs/ctrl_009_003_ratio3_sh0_dense_mid200/ratio3_sh0_dense/f1209/splatfacto/2026-08-20_190451/gaussian_features_f1209.csv
  [T1][f1210] computed -> /home/computer0/fly_project/fly_gsplat/outputs/ctrl_009_003_ratio3_sh0_dense_mid200/ratio3_sh0_dense/f1210/splatfacto/2026-08-20_190452/gaussian_features_f1210.csv
  [T1][f1211] computed -> /home/computer0/fly_project/fly_gsplat/outputs/ctrl_009_003_ratio3_sh0_dense_mid200/ratio3_sh0_dense/f1211/splatfacto/2026-08-20_190452/gaussian_features_f1211.csv
  [T1][f1212] computed -> /home/computer0/fly_project/fly_gsplat/outputs/ctrl_009_003_ratio3_sh0_dense_mid200/ratio3_sh0_dense/f1212/splatfacto/2026-08-20_190452/gaussian_features_f1212.csv
  [T1][f1213] computed -> /home/computer0/fly_project/fly_gsplat/outputs/ctrl_009_003_ratio3_sh0_dense_mid200/ratio3_sh0_dense/f1213/splatfacto/2026-08-20_190453/gaussian_features_f1213.csv
  [T1][f1214] computed -> /home/computer0/fly_project/fly_gsplat/outputs/ctrl_009_003_ratio3_sh0_dense_mid200/ratio3_sh0_dense/f1214/splatfacto/2026-08-20_190453/gaussian_features_f1214.csv
  [T1][f1215] computed -> /home/computer0/fly_project/fly_gsplat/outputs/ctrl_009_003_ratio3_sh0_dense_mid200/ratio3_sh0_dense/f1215/splatfacto/2026-08-20_190452/gaussian_features_f1215.csv
  [T1][f1216] computed -> /home/computer0/fly_project/fly_gsplat/outputs/ctrl_009_003_ratio3_sh0_dense_mid200/ratio3_sh0_dense/f1216/splatfacto/2026-08-20_190454/gaussian_features_f1216.csv
  [T1][f1217] computed -> /home/computer0/fly_project/fly_gsplat/outputs/ctrl_009_003_ratio3_sh0_dense_mid200/ratio3_sh0_dense/f1217/splatfacto/2026-08-20_190454/gaussian_features_f1217.csv
  [T1][f1218] computed -> /home/computer0/fly_project/fly_gsplat/outputs/ctrl_009_003_ratio3_sh0_dense_mid200/ratio3_sh0_dense/f1218/splatfacto/2026-08-20_190453/gaussian_features_f1218.csv
  [T1][f1219] computed -> /home/computer0/fly_project/fly_gsplat/outputs/ctrl_009_003_ratio3_sh0_dense_mid200/ratio3_sh0_dense/f1219/splatfacto/2026-08-20_190454/gaussian_features_f1219.csv
  [T1][f1220] computed -> /home/computer0/fly_project/fly_gsplat/outputs/ctrl_009_003_ratio3_sh0_dense_mid200/ratio3_sh0_dense/f1220/splatfacto/2026-08-20_190649/gaussian_features_f1220.csv
  [T1][f1221] computed -> /home/computer0/fly_project/fly_gsplat/outputs/ctrl_009_003_ratio3_sh0_dense_mid200/ratio3_sh0_dense/f1221/splatfacto/2026-08-20_190649/gaussian_features_f1221.csv
  [T1][f1222] computed -> /home/computer0/fly_project/fly_gsplat/outputs/ctrl_009_003_ratio3_sh0_dense_mid200/ratio3_sh0_dense/f1222/splatfacto/2026-08-20_190650/gaussian_features_f1222.csv
  [T1][f1223] computed -> /home/computer0/fly_project/fly_gsplat/outputs/ctrl_009_003_ratio3_sh0_dense_mid200/ratio3_sh0_dense/f1223/splatfacto/2026-08-20_190650/gaussian_features_f1223.csv
  [T1][f1224] computed -> /home/computer0/fly_project/fly_gsplat/outputs/ctrl_009_003_ratio3_sh0_dense_mid200/ratio3_sh0_dense/f1224/splatfacto/2026-08-20_190651/gaussian_features_f1224.csv
  [T1][f1225] computed -> /home/computer0/fly_project/fly_gsplat/outputs/ctrl_009_003_ratio3_sh0_dense_mid200/ratio3_sh0_dense/f1225/splatfacto/2026-08-20_190651/gaussian_features_f1225.csv
  [T1][f1226] computed -> /home/computer0/fly_project/fly_gsplat/outputs/ctrl_009_003_ratio3_sh0_dense_mid200/ratio3_sh0_dense/f1226/splatfacto/2026-08-20_190650/gaussian_features_f1226.csv
  [T1][f1227] computed -> /home/computer0/fly_project/fly_gsplat/outputs/ctrl_009_003_ratio3_sh0_dense_mid200/ratio3_sh0_dense/f1227/splatfacto/2026-08-20_190650/gaussian_features_f1227.csv
  [T1][f1228] computed -> /home/computer0/fly_project/fly_gsplat/outputs/ctrl_009_003_ratio3_sh0_dense_mid200/ratio3_sh0_dense/f1228/splatfacto/2026-08-20_190652/gaussian_features_f1228.csv
  [T1][f1229] computed -> /home/computer0/fly_project/fly_gsplat/outputs/ctrl_009_003_ratio3_sh0_dense_mid200/ratio3_sh0_dense/f1229/splatfacto/2026-08-20_190652/gaussian_features_f1229.csv
  [T1][f1230] computed -> /home/computer0/fly_project/fly_gsplat/outputs/ctrl_009_003_ratio3_sh0_dense_mid200/ratio3_sh0_dense/f1230/splatfacto/2026-08-20_190652/gaussian_features_f1230.csv
  [T1][f1231] computed -> /home/computer0/fly_project/fly_gsplat/outputs/ctrl_009_003_ratio3_sh0_dense_mid200/ratio3_sh0_dense/f1231/splatfacto/2026-08-20_190653/gaussian_features_f1231.csv
  [T1][f1232] computed -> /home/computer0/fly_project/fly_gsplat/outputs/ctrl_009_003_ratio3_sh0_dense_mid200/ratio3_sh0_dense/f1232/splatfacto/2026-08-20_190845/gaussian_features_f1232.csv
  [T1][f1233] computed -> /home/computer0/fly_project/fly_gsplat/outputs/ctrl_009_003_ratio3_sh0_dense_mid200/ratio3_sh0_dense/f1233/splatfacto/2026-08-20_190845/gaussian_features_f1233.csv
  [T1][f1234] computed -> /home/computer0/fly_project/fly_gsplat/outputs/ctrl_009_003_ratio3_sh0_dense_mid200/ratio3_sh0_dense/f1234/splatfacto/2026-08-20_190846/gaussian_features_f1234.csv
  [T1][f1235] computed -> /home/computer0/fly_project/fly_gsplat/outputs/ctrl_009_003_ratio3_sh0_dense_mid200/ratio3_sh0_dense/f1235/splatfacto/2026-08-20_190846/gaussian_features_f1235.csv
  [T1][f1236] computed -> /home/computer0/fly_project/fly_gsplat/outputs/ctrl_009_003_ratio3_sh0_dense_mid200/ratio3_sh0_dense/f1236/splatfacto/2026-08-20_190846/gaussian_features_f1236.csv
  [T1][f1237] computed -> /home/computer0/fly_project/fly_gsplat/outputs/ctrl_009_003_ratio3_sh0_dense_mid200/ratio3_sh0_dense/f1237/splatfacto/2026-08-20_190846/gaussian_features_f1237.csv
  [T1][f1238] computed -> /home/computer0/fly_project/fly_gsplat/outputs/ctrl_009_003_ratio3_sh0_dense_mid200/ratio3_sh0_dense/f1238/splatfacto/2026-08-20_190847/gaussian_features_f1238.csv
  [T1][f1239] computed -> /home/computer0/fly_project/fly_gsplat/outputs/ctrl_009_003_ratio3_sh0_dense_mid200/ratio3_sh0_dense/f1239/splatfacto/2026-08-20_190847/gaussian_features_f1239.csv
  [T1][f1240] computed -> /home/computer0/fly_project/fly_gsplat/outputs/ctrl_009_003_ratio3_sh0_dense_mid200/ratio3_sh0_dense/f1240/splatfacto/2026-08-20_190848/gaussian_features_f1240.csv
  [T1][f1241] computed -> /home/computer0/fly_project/fly_gsplat/outputs/ctrl_009_003_ratio3_sh0_dense_mid200/ratio3_sh0_dense/f1241/splatfacto/2026-08-20_190849/gaussian_features_f1241.csv
  [T1][f1242] computed -> /home/computer0/fly_project/fly_gsplat/outputs/ctrl_009_003_ratio3_sh0_dense_mid200/ratio3_sh0_dense/f1242/splatfacto/2026-08-20_190848/gaussian_features_f1242.csv
  [T1][f1243] computed -> /home/computer0/fly_project/fly_gsplat/outputs/ctrl_009_003_ratio3_sh0_dense_mid200/ratio3_sh0_dense/f1243/splatfacto/2026-08-20_190850/gaussian_features_f1243.csv
  [T1][f1244] computed -> /home/computer0/fly_project/fly_gsplat/outputs/ctrl_009_003_ratio3_sh0_dense_mid200/ratio3_sh0_dense/f1244/splatfacto/2026-08-20_191039/gaussian_features_f1244.csv
  [T1][f1245] computed -> /home/computer0/fly_project/fly_gsplat/outputs/ctrl_009_003_ratio3_sh0_dense_mid200/ratio3_sh0_dense/f1245/splatfacto/2026-08-20_191040/gaussian_features_f1245.csv
  [T1][f1246] computed -> /home/computer0/fly_project/fly_gsplat/outputs/ctrl_009_003_ratio3_sh0_dense_mid200/ratio3_sh0_dense/f1246/splatfacto/2026-08-20_191040/gaussian_features_f1246.csv
  [T1][f1247] computed -> /home/computer0/fly_project/fly_gsplat/outputs/ctrl_009_003_ratio3_sh0_dense_mid200/ratio3_sh0_dense/f1247/splatfacto/2026-08-20_191041/gaussian_features_f1247.csv
  [T1][f1248] computed -> /home/computer0/fly_project/fly_gsplat/outputs/ctrl_009_003_ratio3_sh0_dense_mid200/ratio3_sh0_dense/f1248/splatfacto/2026-08-20_191041/gaussian_features_f1248.csv
  [T1][f1249] computed -> /home/computer0/fly_project/fly_gsplat/outputs/ctrl_009_003_ratio3_sh0_dense_mid200/ratio3_sh0_dense/f1249/splatfacto/2026-08-20_191041/gaussian_features_f1249.csv
  [T1][f1250] computed -> /home/computer0/fly_project/fly_gsplat/outputs/ctrl_009_003_ratio3_sh0_dense_mid200/ratio3_sh0_dense/f1250/splatfacto/2026-08-20_191041/gaussian_features_f1250.csv
  [T1][f1251] computed -> /home/computer0/fly_project/fly_gsplat/outputs/ctrl_009_003_ratio3_sh0_dense_mid200/ratio3_sh0_dense/f1251/splatfacto/2026-08-20_191043/gaussian_features_f1251.csv
  [T1][f1252] computed -> /home/computer0/fly_project/fly_gsplat/outputs/ctrl_009_003_ratio3_sh0_dense_mid200/ratio3_sh0_dense/f1252/splatfacto/2026-08-20_191043/gaussian_features_f1252.csv
  [T1][f1253] computed -> /home/computer0/fly_project/fly_gsplat/outputs/ctrl_009_003_ratio3_sh0_dense_mid200/ratio3_sh0_dense/f1253/splatfacto/2026-08-20_191042/gaussian_features_f1253.csv
  [T1][f1254] computed -> /home/computer0/fly_project/fly_gsplat/outputs/ctrl_009_003_ratio3_sh0_dense_mid200/ratio3_sh0_dense/f1254/splatfacto/2026-08-20_191041/gaussian_features_f1254.csv
  [T1][f1255] computed -> /home/computer0/fly_project/fly_gsplat/outputs/ctrl_009_003_ratio3_sh0_dense_mid200/ratio3_sh0_dense/f1255/splatfacto/2026-08-20_191047/gaussian_features_f1255.csv
  [T1][f1256] computed -> /home/computer0/fly_project/fly_gsplat/outputs/ctrl_009_003_ratio3_sh0_dense_mid200/ratio3_sh0_dense/f1256/splatfacto/2026-08-20_191236/gaussian_features_f1256.csv
  [T1][f1257] computed -> /home/computer0/fly_project/fly_gsplat/outputs/ctrl_009_003_ratio3_sh0_dense_mid200/ratio3_sh0_dense/f1257/splatfacto/2026-08-20_191239/gaussian_features_f1257.csv
  [T1][f1258] computed -> /home/computer0/fly_project/fly_gsplat/outputs/ctrl_009_003_ratio3_sh0_dense_mid200/ratio3_sh0_dense/f1258/splatfacto/2026-08-20_191239/gaussian_features_f1258.csv
  [T1][f1259] computed -> /home/computer0/fly_project/fly_gsplat/outputs/ctrl_009_003_ratio3_sh0_dense_mid200/ratio3_sh0_dense/f1259/splatfacto/2026-08-20_191240/gaussian_features_f1259.csv
  [T1][f1260] computed -> /home/computer0/fly_project/fly_gsplat/outputs/ctrl_009_003_ratio3_sh0_dense_mid200/ratio3_sh0_dense/f1260/splatfacto/2026-08-20_191237/gaussian_features_f1260.csv
  [T1][f1261] computed -> /home/computer0/fly_project/fly_gsplat/outputs/ctrl_009_003_ratio3_sh0_dense_mid200/ratio3_sh0_dense/f1261/splatfacto/2026-08-20_191239/gaussian_features_f1261.csv
  [T1][f1262] computed -> /home/computer0/fly_project/fly_gsplat/outputs/ctrl_009_003_ratio3_sh0_dense_mid200/ratio3_sh0_dense/f1262/splatfacto/2026-08-20_191239/gaussian_features_f1262.csv
  [T1][f1263] computed -> /home/computer0/fly_project/fly_gsplat/outputs/ctrl_009_003_ratio3_sh0_dense_mid200/ratio3_sh0_dense/f1263/splatfacto/2026-08-20_191238/gaussian_features_f1263.csv
  [T1][f1264] computed -> /home/computer0/fly_project/fly_gsplat/outputs/ctrl_009_003_ratio3_sh0_dense_mid200/ratio3_sh0_dense/f1264/splatfacto/2026-08-20_191240/gaussian_features_f1264.csv
  [T1][f1265] computed -> /home/computer0/fly_project/fly_gsplat/outputs/ctrl_009_003_ratio3_sh0_dense_mid200/ratio3_sh0_dense/f1265/splatfacto/2026-08-20_191240/gaussian_features_f1265.csv
  [T1][f1266] computed -> /home/computer0/fly_project/fly_gsplat/outputs/ctrl_009_003_ratio3_sh0_dense_mid200/ratio3_sh0_dense/f1266/splatfacto/2026-08-20_191240/gaussian_features_f1266.csv
  [T1][f1267] computed -> /home/computer0/fly_project/fly_gsplat/outputs/ctrl_009_003_ratio3_sh0_dense_mid200/ratio3_sh0_dense/f1267/splatfacto/2026-08-20_191241/gaussian_features_f1267.csv
  [T1][f1268] computed -> /home/computer0/fly_project/fly_gsplat/outputs/ctrl_009_003_ratio3_sh0_dense_mid200/ratio3_sh0_dense/f1268/splatfacto/2026-08-20_191430/gaussian_features_f1268.csv
  [T1][f1269] computed -> /home/computer0/fly_project/fly_gsplat/outputs/ctrl_009_003_ratio3_sh0_dense_mid200/ratio3_sh0_dense/f1269/splatfacto/2026-08-20_191433/gaussian_features_f1269.csv
  [T1][f1270] computed -> /home/computer0/fly_project/fly_gsplat/outputs/ctrl_009_003_ratio3_sh0_dense_mid200/ratio3_sh0_dense/f1270/splatfacto/2026-08-20_191433/gaussian_features_f1270.csv
  [T1][f1271] computed -> /home/computer0/fly_project/fly_gsplat/outputs/ctrl_009_003_ratio3_sh0_dense_mid200/ratio3_sh0_dense/f1271/splatfacto/2026-08-20_191434/gaussian_features_f1271.csv
  [T1][f1272] computed -> /home/computer0/fly_project/fly_gsplat/outputs/ctrl_009_003_ratio3_sh0_dense_mid200/ratio3_sh0_dense/f1272/splatfacto/2026-08-20_191434/gaussian_features_f1272.csv
  [T1][f1273] computed -> /home/computer0/fly_project/fly_gsplat/outputs/ctrl_009_003_ratio3_sh0_dense_mid200/ratio3_sh0_dense/f1273/splatfacto/2026-08-20_191434/gaussian_features_f1273.csv
  [T1][f1274] computed -> /home/computer0/fly_project/fly_gsplat/outputs/ctrl_009_003_ratio3_sh0_dense_mid200/ratio3_sh0_dense/f1274/splatfacto/2026-08-20_191434/gaussian_features_f1274.csv
  [T1][f1275] computed -> /home/computer0/fly_project/fly_gsplat/outputs/ctrl_009_003_ratio3_sh0_dense_mid200/ratio3_sh0_dense/f1275/splatfacto/2026-08-20_191433/gaussian_features_f1275.csv
  [T1][f1276] computed -> /home/computer0/fly_project/fly_gsplat/outputs/ctrl_009_003_ratio3_sh0_dense_mid200/ratio3_sh0_dense/f1276/splatfacto/2026-08-20_191435/gaussian_features_f1276.csv
  [T1][f1277] computed -> /home/computer0/fly_project/fly_gsplat/outputs/ctrl_009_003_ratio3_sh0_dense_mid200/ratio3_sh0_dense/f1277/splatfacto/2026-08-20_191433/gaussian_features_f1277.csv
  [T1][f1278] computed -> /home/computer0/fly_project/fly_gsplat/outputs/ctrl_009_003_ratio3_sh0_dense_mid200/ratio3_sh0_dense/f1278/splatfacto/2026-08-20_191435/gaussian_features_f1278.csv
  [T1][f1279] computed -> /home/computer0/fly_project/fly_gsplat/outputs/ctrl_009_003_ratio3_sh0_dense_mid200/ratio3_sh0_dense/f1279/splatfacto/2026-08-20_191435/gaussian_features_f1279.csv
  [T1][f1280] computed -> /home/computer0/fly_project/fly_gsplat/outputs/ctrl_009_003_ratio3_sh0_dense_mid200/ratio3_sh0_dense/f1280/splatfacto/2026-08-20_191626/gaussian_features_f1280.csv
  [T1][f1281] computed -> /home/computer0/fly_project/fly_gsplat/outputs/ctrl_009_003_ratio3_sh0_dense_mid200/ratio3_sh0_dense/f1281/splatfacto/2026-08-20_191631/gaussian_features_f1281.csv
  [T1][f1282] computed -> /home/computer0/fly_project/fly_gsplat/outputs/ctrl_009_003_ratio3_sh0_dense_mid200/ratio3_sh0_dense/f1282/splatfacto/2026-08-20_191631/gaussian_features_f1282.csv
  [T1][f1283] computed -> /home/computer0/fly_project/fly_gsplat/outputs/ctrl_009_003_ratio3_sh0_dense_mid200/ratio3_sh0_dense/f1283/splatfacto/2026-08-20_191631/gaussian_features_f1283.csv
  [T1][f1284] computed -> /home/computer0/fly_project/fly_gsplat/outputs/ctrl_009_003_ratio3_sh0_dense_mid200/ratio3_sh0_dense/f1284/splatfacto/2026-08-20_191632/gaussian_features_f1284.csv
  [T1][f1285] computed -> /home/computer0/fly_project/fly_gsplat/outputs/ctrl_009_003_ratio3_sh0_dense_mid200/ratio3_sh0_dense/f1285/splatfacto/2026-08-20_191632/gaussian_features_f1285.csv
  [T1][f1286] computed -> /home/computer0/fly_project/fly_gsplat/outputs/ctrl_009_003_ratio3_sh0_dense_mid200/ratio3_sh0_dense/f1286/splatfacto/2026-08-20_191633/gaussian_features_f1286.csv
  [T1][f1287] computed -> /home/computer0/fly_project/fly_gsplat/outputs/ctrl_009_003_ratio3_sh0_dense_mid200/ratio3_sh0_dense/f1287/splatfacto/2026-08-20_191631/gaussian_features_f1287.csv
  [T1][f1288] computed -> /home/computer0/fly_project/fly_gsplat/outputs/ctrl_009_003_ratio3_sh0_dense_mid200/ratio3_sh0_dense/f1288/splatfacto/2026-08-20_191633/gaussian_features_f1288.csv
  [T1][f1289] computed -> /home/computer0/fly_project/fly_gsplat/outputs/ctrl_009_003_ratio3_sh0_dense_mid200/ratio3_sh0_dense/f1289/splatfacto/2026-08-20_191633/gaussian_features_f1289.csv
  [T1][f1290] computed -> /home/computer0/fly_project/fly_gsplat/outputs/ctrl_009_003_ratio3_sh0_dense_mid200/ratio3_sh0_dense/f1290/splatfacto/2026-08-20_191633/gaussian_features_f1290.csv
  [T1][f1291] computed -> /home/computer0/fly_project/fly_gsplat/outputs/ctrl_009_003_ratio3_sh0_dense_mid200/ratio3_sh0_dense/f1291/splatfacto/2026-08-20_191634/gaussian_features_f1291.csv
  [T1][f1292] computed -> /home/computer0/fly_project/fly_gsplat/outputs/ctrl_009_003_ratio3_sh0_dense_mid200/ratio3_sh0_dense/f1292/splatfacto/2026-08-20_191824/gaussian_features_f1292.csv
  [T1][f1293] computed -> /home/computer0/fly_project/fly_gsplat/outputs/ctrl_009_003_ratio3_sh0_dense_mid200/ratio3_sh0_dense/f1293/splatfacto/2026-08-20_191826/gaussian_features_f1293.csv
  [T1][f1294] computed -> /home/computer0/fly_project/fly_gsplat/outputs/ctrl_009_003_ratio3_sh0_dense_mid200/ratio3_sh0_dense/f1294/splatfacto/2026-08-20_191828/gaussian_features_f1294.csv
  [T1][f1295] computed -> /home/computer0/fly_project/fly_gsplat/outputs/ctrl_009_003_ratio3_sh0_dense_mid200/ratio3_sh0_dense/f1295/splatfacto/2026-08-20_191826/gaussian_features_f1295.csv
  [T1][f1296] computed -> /home/computer0/fly_project/fly_gsplat/outputs/ctrl_009_003_ratio3_sh0_dense_mid200/ratio3_sh0_dense/f1296/splatfacto/2026-08-20_191827/gaussian_features_f1296.csv
  [T1][f1297] computed -> /home/computer0/fly_project/fly_gsplat/outputs/ctrl_009_003_ratio3_sh0_dense_mid200/ratio3_sh0_dense/f1297/splatfacto/2026-08-20_191828/gaussian_features_f1297.csv
  [T1][f1298] computed -> /home/computer0/fly_project/fly_gsplat/outputs/ctrl_009_003_ratio3_sh0_dense_mid200/ratio3_sh0_dense/f1298/splatfacto/2026-08-20_191828/gaussian_features_f1298.csv
  [T1][f1299] computed -> /home/computer0/fly_project/fly_gsplat/outputs/ctrl_009_003_ratio3_sh0_dense_mid200/ratio3_sh0_dense/f1299/splatfacto/2026-08-20_191828/gaussian_features_f1299.csv

  [T2] mark_floaters (cleaning) ...
[f1100] n_total=918 n_floater=114 (12.4%) mid_10_17=[] saved -> /home/computer0/fly_project/fly_gsplat/outputs/ctrl_009_003_ratio3_sh0_dense_mid200/ratio3_sh0_dense/f1100/splatfacto/2026-08-20_184701/gaussian_features_f1100_marked.csv
[f1101] n_total=862 n_floater=100 (11.6%) mid_10_17=[] saved -> /home/computer0/fly_project/fly_gsplat/outputs/ctrl_009_003_ratio3_sh0_dense_mid200/ratio3_sh0_dense/f1101/splatfacto/2026-08-20_184700/gaussian_features_f1101_marked.csv
[f1102] n_total=895 n_floater=102 (11.4%) mid_10_17=[] saved -> /home/computer0/fly_project/fly_gsplat/outputs/ctrl_009_003_ratio3_sh0_dense_mid200/ratio3_sh0_dense/f1102/splatfacto/2026-08-20_184702/gaussian_features_f1102_marked.csv
[f1103] n_total=847 n_floater=98 (11.6%) mid_10_17=[12] saved -> /home/computer0/fly_project/fly_gsplat/outputs/ctrl_009_003_ratio3_sh0_dense_mid200/ratio3_sh0_dense/f1103/splatfacto/2026-08-20_184702/gaussian_features_f1103_marked.csv
[f1104] n_total=948 n_floater=126 (13.3%) mid_10_17=[] saved -> /home/computer0/fly_project/fly_gsplat/outputs/ctrl_009_003_ratio3_sh0_dense_mid200/ratio3_sh0_dense/f1104/splatfacto/2026-08-20_184700/gaussian_features_f1104_marked.csv
[f1105] n_total=918 n_floater=100 (10.9%) mid_10_17=[] saved -> /home/computer0/fly_project/fly_gsplat/outputs/ctrl_009_003_ratio3_sh0_dense_mid200/ratio3_sh0_dense/f1105/splatfacto/2026-08-20_184701/gaussian_features_f1105_marked.csv
[f1106] n_total=901 n_floater=112 (12.4%) mid_10_17=[15] saved -> /home/computer0/fly_project/fly_gsplat/outputs/ctrl_009_003_ratio3_sh0_dense_mid200/ratio3_sh0_dense/f1106/splatfacto/2026-08-20_184700/gaussian_features_f1106_marked.csv
[f1107] n_total=871 n_floater=106 (12.2%) mid_10_17=[] saved -> /home/computer0/fly_project/fly_gsplat/outputs/ctrl_009_003_ratio3_sh0_dense_mid200/ratio3_sh0_dense/f1107/splatfacto/2026-08-20_184700/gaussian_features_f1107_marked.csv
[f1108] n_total=851 n_floater=79 (9.3%) mid_10_17=[12, 14] saved -> /home/computer0/fly_project/fly_gsplat/outputs/ctrl_009_003_ratio3_sh0_dense_mid200/ratio3_sh0_dense/f1108/splatfacto/2026-08-20_184701/gaussian_features_f1108_marked.csv
[f1109] n_total=883 n_floater=124 (14.0%) mid_10_17=[] saved -> /home/computer0/fly_project/fly_gsplat/outputs/ctrl_009_003_ratio3_sh0_dense_mid200/ratio3_sh0_dense/f1109/splatfacto/2026-08-20_184702/gaussian_features_f1109_marked.csv
[f1110] n_total=841 n_floater=95 (11.3%) mid_10_17=[] saved -> /home/computer0/fly_project/fly_gsplat/outputs/ctrl_009_003_ratio3_sh0_dense_mid200/ratio3_sh0_dense/f1110/splatfacto/2026-08-20_184700/gaussian_features_f1110_marked.csv
[f1111] n_total=873 n_floater=107 (12.3%) mid_10_17=[14, 16] saved -> /home/computer0/fly_project/fly_gsplat/outputs/ctrl_009_003_ratio3_sh0_dense_mid200/ratio3_sh0_dense/f1111/splatfacto/2026-08-20_184700/gaussian_features_f1111_marked.csv
[f1112] n_total=859 n_floater=104 (12.1%) mid_10_17=[13] saved -> /home/computer0/fly_project/fly_gsplat/outputs/ctrl_009_003_ratio3_sh0_dense_mid200/ratio3_sh0_dense/f1112/splatfacto/2026-08-20_184915/gaussian_features_f1112_marked.csv
[f1113] n_total=890 n_floater=125 (14.0%) mid_10_17=[12, 14] saved -> /home/computer0/fly_project/fly_gsplat/outputs/ctrl_009_003_ratio3_sh0_dense_mid200/ratio3_sh0_dense/f1113/splatfacto/2026-08-20_184915/gaussian_features_f1113_marked.csv
[f1114] n_total=799 n_floater=75 (9.4%) mid_10_17=[11] saved -> /home/computer0/fly_project/fly_gsplat/outputs/ctrl_009_003_ratio3_sh0_dense_mid200/ratio3_sh0_dense/f1114/splatfacto/2026-08-20_184915/gaussian_features_f1114_marked.csv
[f1115] n_total=753 n_floater=104 (13.8%) mid_10_17=[13, 14] saved -> /home/computer0/fly_project/fly_gsplat/outputs/ctrl_009_003_ratio3_sh0_dense_mid200/ratio3_sh0_dense/f1115/splatfacto/2026-08-20_184917/gaussian_features_f1115_marked.csv
[f1116] n_total=741 n_floater=75 (10.1%) mid_10_17=[12, 16] saved -> /home/computer0/fly_project/fly_gsplat/outputs/ctrl_009_003_ratio3_sh0_dense_mid200/ratio3_sh0_dense/f1116/splatfacto/2026-08-20_184915/gaussian_features_f1116_marked.csv
[f1117] n_total=792 n_floater=88 (11.1%) mid_10_17=[] saved -> /home/computer0/fly_project/fly_gsplat/outputs/ctrl_009_003_ratio3_sh0_dense_mid200/ratio3_sh0_dense/f1117/splatfacto/2026-08-20_184916/gaussian_features_f1117_marked.csv
[f1118] n_total=728 n_floater=74 (10.2%) mid_10_17=[13, 15] saved -> /home/computer0/fly_project/fly_gsplat/outputs/ctrl_009_003_ratio3_sh0_dense_mid200/ratio3_sh0_dense/f1118/splatfacto/2026-08-20_184916/gaussian_features_f1118_marked.csv
[f1119] n_total=724 n_floater=82 (11.3%) mid_10_17=[12] saved -> /home/computer0/fly_project/fly_gsplat/outputs/ctrl_009_003_ratio3_sh0_dense_mid200/ratio3_sh0_dense/f1119/splatfacto/2026-08-20_184916/gaussian_features_f1119_marked.csv
[f1120] n_total=780 n_floater=83 (10.6%) mid_10_17=[] saved -> /home/computer0/fly_project/fly_gsplat/outputs/ctrl_009_003_ratio3_sh0_dense_mid200/ratio3_sh0_dense/f1120/splatfacto/2026-08-20_184916/gaussian_features_f1120_marked.csv
[f1121] n_total=675 n_floater=77 (11.4%) mid_10_17=[] saved -> /home/computer0/fly_project/fly_gsplat/outputs/ctrl_009_003_ratio3_sh0_dense_mid200/ratio3_sh0_dense/f1121/splatfacto/2026-08-20_184916/gaussian_features_f1121_marked.csv
[f1122] n_total=660 n_floater=57 (8.6%) mid_10_17=[] saved -> /home/computer0/fly_project/fly_gsplat/outputs/ctrl_009_003_ratio3_sh0_dense_mid200/ratio3_sh0_dense/f1122/splatfacto/2026-08-20_184917/gaussian_features_f1122_marked.csv
[f1123] n_total=739 n_floater=98 (13.3%) mid_10_17=[16] saved -> /home/computer0/fly_project/fly_gsplat/outputs/ctrl_009_003_ratio3_sh0_dense_mid200/ratio3_sh0_dense/f1123/splatfacto/2026-08-20_184916/gaussian_features_f1123_marked.csv
[f1124] n_total=789 n_floater=96 (12.2%) mid_10_17=[12] saved -> /home/computer0/fly_project/fly_gsplat/outputs/ctrl_009_003_ratio3_sh0_dense_mid200/ratio3_sh0_dense/f1124/splatfacto/2026-08-20_185113/gaussian_features_f1124_marked.csv
[f1125] n_total=750 n_floater=84 (11.2%) mid_10_17=[] saved -> /home/computer0/fly_project/fly_gsplat/outputs/ctrl_009_003_ratio3_sh0_dense_mid200/ratio3_sh0_dense/f1125/splatfacto/2026-08-20_185116/gaussian_features_f1125_marked.csv
[f1126] n_total=777 n_floater=85 (10.9%) mid_10_17=[11] saved -> /home/computer0/fly_project/fly_gsplat/outputs/ctrl_009_003_ratio3_sh0_dense_mid200/ratio3_sh0_dense/f1126/splatfacto/2026-08-20_185116/gaussian_features_f1126_marked.csv
[f1127] n_total=865 n_floater=111 (12.8%) mid_10_17=[15] saved -> /home/computer0/fly_project/fly_gsplat/outputs/ctrl_009_003_ratio3_sh0_dense_mid200/ratio3_sh0_dense/f1127/splatfacto/2026-08-20_185117/gaussian_features_f1127_marked.csv
[f1128] n_total=757 n_floater=79 (10.4%) mid_10_17=[] saved -> /home/computer0/fly_project/fly_gsplat/outputs/ctrl_009_003_ratio3_sh0_dense_mid200/ratio3_sh0_dense/f1128/splatfacto/2026-08-20_185117/gaussian_features_f1128_marked.csv
[f1129] n_total=786 n_floater=63 (8.0%) mid_10_17=[11] saved -> /home/computer0/fly_project/fly_gsplat/outputs/ctrl_009_003_ratio3_sh0_dense_mid200/ratio3_sh0_dense/f1129/splatfacto/2026-08-20_185118/gaussian_features_f1129_marked.csv
[f1130] n_total=716 n_floater=58 (8.1%) mid_10_17=[] saved -> /home/computer0/fly_project/fly_gsplat/outputs/ctrl_009_003_ratio3_sh0_dense_mid200/ratio3_sh0_dense/f1130/splatfacto/2026-08-20_185118/gaussian_features_f1130_marked.csv
[f1131] n_total=756 n_floater=69 (9.1%) mid_10_17=[] saved -> /home/computer0/fly_project/fly_gsplat/outputs/ctrl_009_003_ratio3_sh0_dense_mid200/ratio3_sh0_dense/f1131/splatfacto/2026-08-20_185118/gaussian_features_f1131_marked.csv
[f1132] n_total=784 n_floater=80 (10.2%) mid_10_17=[11] saved -> /home/computer0/fly_project/fly_gsplat/outputs/ctrl_009_003_ratio3_sh0_dense_mid200/ratio3_sh0_dense/f1132/splatfacto/2026-08-20_185118/gaussian_features_f1132_marked.csv
[f1133] n_total=715 n_floater=85 (11.9%) mid_10_17=[] saved -> /home/computer0/fly_project/fly_gsplat/outputs/ctrl_009_003_ratio3_sh0_dense_mid200/ratio3_sh0_dense/f1133/splatfacto/2026-08-20_185119/gaussian_features_f1133_marked.csv
[f1134] n_total=672 n_floater=70 (10.4%) mid_10_17=[] saved -> /home/computer0/fly_project/fly_gsplat/outputs/ctrl_009_003_ratio3_sh0_dense_mid200/ratio3_sh0_dense/f1134/splatfacto/2026-08-20_185118/gaussian_features_f1134_marked.csv
[f1135] n_total=773 n_floater=101 (13.1%) mid_10_17=[] saved -> /home/computer0/fly_project/fly_gsplat/outputs/ctrl_009_003_ratio3_sh0_dense_mid200/ratio3_sh0_dense/f1135/splatfacto/2026-08-20_185118/gaussian_features_f1135_marked.csv
[f1136] n_total=693 n_floater=79 (11.4%) mid_10_17=[] saved -> /home/computer0/fly_project/fly_gsplat/outputs/ctrl_009_003_ratio3_sh0_dense_mid200/ratio3_sh0_dense/f1136/splatfacto/2026-08-20_185310/gaussian_features_f1136_marked.csv
[f1137] n_total=602 n_floater=62 (10.3%) mid_10_17=[11, 11, 13] saved -> /home/computer0/fly_project/fly_gsplat/outputs/ctrl_009_003_ratio3_sh0_dense_mid200/ratio3_sh0_dense/f1137/splatfacto/2026-08-20_185311/gaussian_features_f1137_marked.csv
[f1138] n_total=673 n_floater=86 (12.8%) mid_10_17=[11] saved -> /home/computer0/fly_project/fly_gsplat/outputs/ctrl_009_003_ratio3_sh0_dense_mid200/ratio3_sh0_dense/f1138/splatfacto/2026-08-20_185311/gaussian_features_f1138_marked.csv
[f1139] n_total=718 n_floater=88 (12.3%) mid_10_17=[] saved -> /home/computer0/fly_project/fly_gsplat/outputs/ctrl_009_003_ratio3_sh0_dense_mid200/ratio3_sh0_dense/f1139/splatfacto/2026-08-20_185311/gaussian_features_f1139_marked.csv
[f1140] n_total=735 n_floater=120 (16.3%) mid_10_17=[12, 12] saved -> /home/computer0/fly_project/fly_gsplat/outputs/ctrl_009_003_ratio3_sh0_dense_mid200/ratio3_sh0_dense/f1140/splatfacto/2026-08-20_185311/gaussian_features_f1140_marked.csv
[f1141] n_total=640 n_floater=62 (9.7%) mid_10_17=[] saved -> /home/computer0/fly_project/fly_gsplat/outputs/ctrl_009_003_ratio3_sh0_dense_mid200/ratio3_sh0_dense/f1141/splatfacto/2026-08-20_185311/gaussian_features_f1141_marked.csv
[f1142] n_total=680 n_floater=71 (10.4%) mid_10_17=[] saved -> /home/computer0/fly_project/fly_gsplat/outputs/ctrl_009_003_ratio3_sh0_dense_mid200/ratio3_sh0_dense/f1142/splatfacto/2026-08-20_185313/gaussian_features_f1142_marked.csv
[f1143] n_total=701 n_floater=85 (12.1%) mid_10_17=[11] saved -> /home/computer0/fly_project/fly_gsplat/outputs/ctrl_009_003_ratio3_sh0_dense_mid200/ratio3_sh0_dense/f1143/splatfacto/2026-08-20_185313/gaussian_features_f1143_marked.csv
[f1144] n_total=721 n_floater=58 (8.0%) mid_10_17=[14] saved -> /home/computer0/fly_project/fly_gsplat/outputs/ctrl_009_003_ratio3_sh0_dense_mid200/ratio3_sh0_dense/f1144/splatfacto/2026-08-20_185312/gaussian_features_f1144_marked.csv
[f1145] n_total=671 n_floater=72 (10.7%) mid_10_17=[13] saved -> /home/computer0/fly_project/fly_gsplat/outputs/ctrl_009_003_ratio3_sh0_dense_mid200/ratio3_sh0_dense/f1145/splatfacto/2026-08-20_185314/gaussian_features_f1145_marked.csv
[f1146] n_total=699 n_floater=88 (12.6%) mid_10_17=[] saved -> /home/computer0/fly_project/fly_gsplat/outputs/ctrl_009_003_ratio3_sh0_dense_mid200/ratio3_sh0_dense/f1146/splatfacto/2026-08-20_185315/gaussian_features_f1146_marked.csv
[f1147] n_total=784 n_floater=104 (13.3%) mid_10_17=[] saved -> /home/computer0/fly_project/fly_gsplat/outputs/ctrl_009_003_ratio3_sh0_dense_mid200/ratio3_sh0_dense/f1147/splatfacto/2026-08-20_185315/gaussian_features_f1147_marked.csv
[f1148] n_total=753 n_floater=92 (12.2%) mid_10_17=[11, 11] saved -> /home/computer0/fly_project/fly_gsplat/outputs/ctrl_009_003_ratio3_sh0_dense_mid200/ratio3_sh0_dense/f1148/splatfacto/2026-08-20_185508/gaussian_features_f1148_marked.csv
[f1149] n_total=719 n_floater=83 (11.5%) mid_10_17=[] saved -> /home/computer0/fly_project/fly_gsplat/outputs/ctrl_009_003_ratio3_sh0_dense_mid200/ratio3_sh0_dense/f1149/splatfacto/2026-08-20_185508/gaussian_features_f1149_marked.csv
[f1150] n_total=714 n_floater=61 (8.5%) mid_10_17=[12, 16] saved -> /home/computer0/fly_project/fly_gsplat/outputs/ctrl_009_003_ratio3_sh0_dense_mid200/ratio3_sh0_dense/f1150/splatfacto/2026-08-20_185507/gaussian_features_f1150_marked.csv
[f1151] n_total=713 n_floater=72 (10.1%) mid_10_17=[] saved -> /home/computer0/fly_project/fly_gsplat/outputs/ctrl_009_003_ratio3_sh0_dense_mid200/ratio3_sh0_dense/f1151/splatfacto/2026-08-20_185509/gaussian_features_f1151_marked.csv
[f1152] n_total=725 n_floater=76 (10.5%) mid_10_17=[] saved -> /home/computer0/fly_project/fly_gsplat/outputs/ctrl_009_003_ratio3_sh0_dense_mid200/ratio3_sh0_dense/f1152/splatfacto/2026-08-20_185508/gaussian_features_f1152_marked.csv
[f1153] n_total=720 n_floater=72 (10.0%) mid_10_17=[16] saved -> /home/computer0/fly_project/fly_gsplat/outputs/ctrl_009_003_ratio3_sh0_dense_mid200/ratio3_sh0_dense/f1153/splatfacto/2026-08-20_185509/gaussian_features_f1153_marked.csv
[f1154] n_total=813 n_floater=76 (9.3%) mid_10_17=[] saved -> /home/computer0/fly_project/fly_gsplat/outputs/ctrl_009_003_ratio3_sh0_dense_mid200/ratio3_sh0_dense/f1154/splatfacto/2026-08-20_185509/gaussian_features_f1154_marked.csv
[f1155] n_total=974 n_floater=131 (13.4%) mid_10_17=[15] saved -> /home/computer0/fly_project/fly_gsplat/outputs/ctrl_009_003_ratio3_sh0_dense_mid200/ratio3_sh0_dense/f1155/splatfacto/2026-08-20_185509/gaussian_features_f1155_marked.csv
[f1156] n_total=831 n_floater=82 (9.9%) mid_10_17=[] saved -> /home/computer0/fly_project/fly_gsplat/outputs/ctrl_009_003_ratio3_sh0_dense_mid200/ratio3_sh0_dense/f1156/splatfacto/2026-08-20_185508/gaussian_features_f1156_marked.csv
[f1157] n_total=900 n_floater=133 (14.8%) mid_10_17=[12] saved -> /home/computer0/fly_project/fly_gsplat/outputs/ctrl_009_003_ratio3_sh0_dense_mid200/ratio3_sh0_dense/f1157/splatfacto/2026-08-20_185508/gaussian_features_f1157_marked.csv
[f1158] n_total=703 n_floater=62 (8.8%) mid_10_17=[14] saved -> /home/computer0/fly_project/fly_gsplat/outputs/ctrl_009_003_ratio3_sh0_dense_mid200/ratio3_sh0_dense/f1158/splatfacto/2026-08-20_185510/gaussian_features_f1158_marked.csv
[f1159] n_total=759 n_floater=88 (11.6%) mid_10_17=[14] saved -> /home/computer0/fly_project/fly_gsplat/outputs/ctrl_009_003_ratio3_sh0_dense_mid200/ratio3_sh0_dense/f1159/splatfacto/2026-08-20_185511/gaussian_features_f1159_marked.csv
[f1160] n_total=727 n_floater=67 (9.2%) mid_10_17=[] saved -> /home/computer0/fly_project/fly_gsplat/outputs/ctrl_009_003_ratio3_sh0_dense_mid200/ratio3_sh0_dense/f1160/splatfacto/2026-08-20_185706/gaussian_features_f1160_marked.csv
[f1161] n_total=751 n_floater=70 (9.3%) mid_10_17=[] saved -> /home/computer0/fly_project/fly_gsplat/outputs/ctrl_009_003_ratio3_sh0_dense_mid200/ratio3_sh0_dense/f1161/splatfacto/2026-08-20_185707/gaussian_features_f1161_marked.csv
[f1162] n_total=818 n_floater=78 (9.5%) mid_10_17=[16] saved -> /home/computer0/fly_project/fly_gsplat/outputs/ctrl_009_003_ratio3_sh0_dense_mid200/ratio3_sh0_dense/f1162/splatfacto/2026-08-20_185706/gaussian_features_f1162_marked.csv
[f1163] n_total=787 n_floater=65 (8.3%) mid_10_17=[11] saved -> /home/computer0/fly_project/fly_gsplat/outputs/ctrl_009_003_ratio3_sh0_dense_mid200/ratio3_sh0_dense/f1163/splatfacto/2026-08-20_185707/gaussian_features_f1163_marked.csv
[f1164] n_total=799 n_floater=82 (10.3%) mid_10_17=[] saved -> /home/computer0/fly_project/fly_gsplat/outputs/ctrl_009_003_ratio3_sh0_dense_mid200/ratio3_sh0_dense/f1164/splatfacto/2026-08-20_185707/gaussian_features_f1164_marked.csv
[f1165] n_total=870 n_floater=103 (11.8%) mid_10_17=[] saved -> /home/computer0/fly_project/fly_gsplat/outputs/ctrl_009_003_ratio3_sh0_dense_mid200/ratio3_sh0_dense/f1165/splatfacto/2026-08-20_185707/gaussian_features_f1165_marked.csv
[f1166] n_total=738 n_floater=105 (14.2%) mid_10_17=[] saved -> /home/computer0/fly_project/fly_gsplat/outputs/ctrl_009_003_ratio3_sh0_dense_mid200/ratio3_sh0_dense/f1166/splatfacto/2026-08-20_185707/gaussian_features_f1166_marked.csv
[f1167] n_total=747 n_floater=87 (11.6%) mid_10_17=[] saved -> /home/computer0/fly_project/fly_gsplat/outputs/ctrl_009_003_ratio3_sh0_dense_mid200/ratio3_sh0_dense/f1167/splatfacto/2026-08-20_185707/gaussian_features_f1167_marked.csv
[f1168] n_total=788 n_floater=105 (13.3%) mid_10_17=[] saved -> /home/computer0/fly_project/fly_gsplat/outputs/ctrl_009_003_ratio3_sh0_dense_mid200/ratio3_sh0_dense/f1168/splatfacto/2026-08-20_185708/gaussian_features_f1168_marked.csv
[f1169] n_total=795 n_floater=83 (10.4%) mid_10_17=[] saved -> /home/computer0/fly_project/fly_gsplat/outputs/ctrl_009_003_ratio3_sh0_dense_mid200/ratio3_sh0_dense/f1169/splatfacto/2026-08-20_185708/gaussian_features_f1169_marked.csv
[f1170] n_total=745 n_floater=106 (14.2%) mid_10_17=[] saved -> /home/computer0/fly_project/fly_gsplat/outputs/ctrl_009_003_ratio3_sh0_dense_mid200/ratio3_sh0_dense/f1170/splatfacto/2026-08-20_185707/gaussian_features_f1170_marked.csv
[f1171] n_total=837 n_floater=139 (16.6%) mid_10_17=[] saved -> /home/computer0/fly_project/fly_gsplat/outputs/ctrl_009_003_ratio3_sh0_dense_mid200/ratio3_sh0_dense/f1171/splatfacto/2026-08-20_185708/gaussian_features_f1171_marked.csv
[f1172] n_total=749 n_floater=100 (13.4%) mid_10_17=[15] saved -> /home/computer0/fly_project/fly_gsplat/outputs/ctrl_009_003_ratio3_sh0_dense_mid200/ratio3_sh0_dense/f1172/splatfacto/2026-08-20_185902/gaussian_features_f1172_marked.csv
[f1173] n_total=856 n_floater=132 (15.4%) mid_10_17=[] saved -> /home/computer0/fly_project/fly_gsplat/outputs/ctrl_009_003_ratio3_sh0_dense_mid200/ratio3_sh0_dense/f1173/splatfacto/2026-08-20_185903/gaussian_features_f1173_marked.csv
[f1174] n_total=845 n_floater=111 (13.1%) mid_10_17=[] saved -> /home/computer0/fly_project/fly_gsplat/outputs/ctrl_009_003_ratio3_sh0_dense_mid200/ratio3_sh0_dense/f1174/splatfacto/2026-08-20_185903/gaussian_features_f1174_marked.csv
[f1175] n_total=822 n_floater=98 (11.9%) mid_10_17=[] saved -> /home/computer0/fly_project/fly_gsplat/outputs/ctrl_009_003_ratio3_sh0_dense_mid200/ratio3_sh0_dense/f1175/splatfacto/2026-08-20_185903/gaussian_features_f1175_marked.csv
[f1176] n_total=888 n_floater=105 (11.8%) mid_10_17=[] saved -> /home/computer0/fly_project/fly_gsplat/outputs/ctrl_009_003_ratio3_sh0_dense_mid200/ratio3_sh0_dense/f1176/splatfacto/2026-08-20_185903/gaussian_features_f1176_marked.csv
[f1177] n_total=846 n_floater=87 (10.3%) mid_10_17=[] saved -> /home/computer0/fly_project/fly_gsplat/outputs/ctrl_009_003_ratio3_sh0_dense_mid200/ratio3_sh0_dense/f1177/splatfacto/2026-08-20_185903/gaussian_features_f1177_marked.csv
[f1178] n_total=861 n_floater=91 (10.6%) mid_10_17=[] saved -> /home/computer0/fly_project/fly_gsplat/outputs/ctrl_009_003_ratio3_sh0_dense_mid200/ratio3_sh0_dense/f1178/splatfacto/2026-08-20_185902/gaussian_features_f1178_marked.csv
[f1179] n_total=838 n_floater=102 (12.2%) mid_10_17=[] saved -> /home/computer0/fly_project/fly_gsplat/outputs/ctrl_009_003_ratio3_sh0_dense_mid200/ratio3_sh0_dense/f1179/splatfacto/2026-08-20_185903/gaussian_features_f1179_marked.csv
[f1180] n_total=776 n_floater=86 (11.1%) mid_10_17=[12] saved -> /home/computer0/fly_project/fly_gsplat/outputs/ctrl_009_003_ratio3_sh0_dense_mid200/ratio3_sh0_dense/f1180/splatfacto/2026-08-20_185902/gaussian_features_f1180_marked.csv
[f1181] n_total=904 n_floater=120 (13.3%) mid_10_17=[12] saved -> /home/computer0/fly_project/fly_gsplat/outputs/ctrl_009_003_ratio3_sh0_dense_mid200/ratio3_sh0_dense/f1181/splatfacto/2026-08-20_185904/gaussian_features_f1181_marked.csv
[f1182] n_total=811 n_floater=87 (10.7%) mid_10_17=[] saved -> /home/computer0/fly_project/fly_gsplat/outputs/ctrl_009_003_ratio3_sh0_dense_mid200/ratio3_sh0_dense/f1182/splatfacto/2026-08-20_185902/gaussian_features_f1182_marked.csv
[f1183] n_total=843 n_floater=110 (13.0%) mid_10_17=[] saved -> /home/computer0/fly_project/fly_gsplat/outputs/ctrl_009_003_ratio3_sh0_dense_mid200/ratio3_sh0_dense/f1183/splatfacto/2026-08-20_185903/gaussian_features_f1183_marked.csv
[f1184] n_total=781 n_floater=106 (13.6%) mid_10_17=[] saved -> /home/computer0/fly_project/fly_gsplat/outputs/ctrl_009_003_ratio3_sh0_dense_mid200/ratio3_sh0_dense/f1184/splatfacto/2026-08-20_190057/gaussian_features_f1184_marked.csv
[f1185] n_total=785 n_floater=100 (12.7%) mid_10_17=[] saved -> /home/computer0/fly_project/fly_gsplat/outputs/ctrl_009_003_ratio3_sh0_dense_mid200/ratio3_sh0_dense/f1185/splatfacto/2026-08-20_190057/gaussian_features_f1185_marked.csv
[f1186] n_total=757 n_floater=101 (13.3%) mid_10_17=[11] saved -> /home/computer0/fly_project/fly_gsplat/outputs/ctrl_009_003_ratio3_sh0_dense_mid200/ratio3_sh0_dense/f1186/splatfacto/2026-08-20_190101/gaussian_features_f1186_marked.csv
[f1187] n_total=853 n_floater=101 (11.8%) mid_10_17=[11] saved -> /home/computer0/fly_project/fly_gsplat/outputs/ctrl_009_003_ratio3_sh0_dense_mid200/ratio3_sh0_dense/f1187/splatfacto/2026-08-20_190102/gaussian_features_f1187_marked.csv
[f1188] n_total=726 n_floater=67 (9.2%) mid_10_17=[] saved -> /home/computer0/fly_project/fly_gsplat/outputs/ctrl_009_003_ratio3_sh0_dense_mid200/ratio3_sh0_dense/f1188/splatfacto/2026-08-20_190101/gaussian_features_f1188_marked.csv
[f1189] n_total=709 n_floater=84 (11.8%) mid_10_17=[11, 13] saved -> /home/computer0/fly_project/fly_gsplat/outputs/ctrl_009_003_ratio3_sh0_dense_mid200/ratio3_sh0_dense/f1189/splatfacto/2026-08-20_190101/gaussian_features_f1189_marked.csv
[f1190] n_total=695 n_floater=86 (12.4%) mid_10_17=[] saved -> /home/computer0/fly_project/fly_gsplat/outputs/ctrl_009_003_ratio3_sh0_dense_mid200/ratio3_sh0_dense/f1190/splatfacto/2026-08-20_190058/gaussian_features_f1190_marked.csv
[f1191] n_total=712 n_floater=68 (9.6%) mid_10_17=[16] saved -> /home/computer0/fly_project/fly_gsplat/outputs/ctrl_009_003_ratio3_sh0_dense_mid200/ratio3_sh0_dense/f1191/splatfacto/2026-08-20_190102/gaussian_features_f1191_marked.csv
[f1192] n_total=642 n_floater=82 (12.8%) mid_10_17=[12] saved -> /home/computer0/fly_project/fly_gsplat/outputs/ctrl_009_003_ratio3_sh0_dense_mid200/ratio3_sh0_dense/f1192/splatfacto/2026-08-20_190101/gaussian_features_f1192_marked.csv
[f1193] n_total=641 n_floater=48 (7.5%) mid_10_17=[] saved -> /home/computer0/fly_project/fly_gsplat/outputs/ctrl_009_003_ratio3_sh0_dense_mid200/ratio3_sh0_dense/f1193/splatfacto/2026-08-20_190102/gaussian_features_f1193_marked.csv
[f1194] n_total=588 n_floater=51 (8.7%) mid_10_17=[] saved -> /home/computer0/fly_project/fly_gsplat/outputs/ctrl_009_003_ratio3_sh0_dense_mid200/ratio3_sh0_dense/f1194/splatfacto/2026-08-20_190102/gaussian_features_f1194_marked.csv
[f1195] n_total=625 n_floater=63 (10.1%) mid_10_17=[] saved -> /home/computer0/fly_project/fly_gsplat/outputs/ctrl_009_003_ratio3_sh0_dense_mid200/ratio3_sh0_dense/f1195/splatfacto/2026-08-20_190101/gaussian_features_f1195_marked.csv
[f1196] n_total=657 n_floater=75 (11.4%) mid_10_17=[11] saved -> /home/computer0/fly_project/fly_gsplat/outputs/ctrl_009_003_ratio3_sh0_dense_mid200/ratio3_sh0_dense/f1196/splatfacto/2026-08-20_190255/gaussian_features_f1196_marked.csv
[f1197] n_total=742 n_floater=77 (10.4%) mid_10_17=[12] saved -> /home/computer0/fly_project/fly_gsplat/outputs/ctrl_009_003_ratio3_sh0_dense_mid200/ratio3_sh0_dense/f1197/splatfacto/2026-08-20_190256/gaussian_features_f1197_marked.csv
[f1198] n_total=663 n_floater=73 (11.0%) mid_10_17=[13] saved -> /home/computer0/fly_project/fly_gsplat/outputs/ctrl_009_003_ratio3_sh0_dense_mid200/ratio3_sh0_dense/f1198/splatfacto/2026-08-20_190256/gaussian_features_f1198_marked.csv
[f1199] n_total=718 n_floater=73 (10.2%) mid_10_17=[] saved -> /home/computer0/fly_project/fly_gsplat/outputs/ctrl_009_003_ratio3_sh0_dense_mid200/ratio3_sh0_dense/f1199/splatfacto/2026-08-20_190255/gaussian_features_f1199_marked.csv
[f1200] n_total=784 n_floater=84 (10.7%) mid_10_17=[] saved -> /home/computer0/fly_project/fly_gsplat/outputs/ctrl_009_003_ratio3_sh0_dense_mid200/ratio3_sh0_dense/f1200/splatfacto/2026-08-20_190254/gaussian_features_f1200_marked.csv
[f1201] n_total=777 n_floater=77 (9.9%) mid_10_17=[] saved -> /home/computer0/fly_project/fly_gsplat/outputs/ctrl_009_003_ratio3_sh0_dense_mid200/ratio3_sh0_dense/f1201/splatfacto/2026-08-20_190256/gaussian_features_f1201_marked.csv
[f1202] n_total=728 n_floater=81 (11.1%) mid_10_17=[] saved -> /home/computer0/fly_project/fly_gsplat/outputs/ctrl_009_003_ratio3_sh0_dense_mid200/ratio3_sh0_dense/f1202/splatfacto/2026-08-20_190257/gaussian_features_f1202_marked.csv
[f1203] n_total=707 n_floater=81 (11.5%) mid_10_17=[] saved -> /home/computer0/fly_project/fly_gsplat/outputs/ctrl_009_003_ratio3_sh0_dense_mid200/ratio3_sh0_dense/f1203/splatfacto/2026-08-20_190257/gaussian_features_f1203_marked.csv
[f1204] n_total=736 n_floater=65 (8.8%) mid_10_17=[] saved -> /home/computer0/fly_project/fly_gsplat/outputs/ctrl_009_003_ratio3_sh0_dense_mid200/ratio3_sh0_dense/f1204/splatfacto/2026-08-20_190257/gaussian_features_f1204_marked.csv
[f1205] n_total=686 n_floater=68 (9.9%) mid_10_17=[] saved -> /home/computer0/fly_project/fly_gsplat/outputs/ctrl_009_003_ratio3_sh0_dense_mid200/ratio3_sh0_dense/f1205/splatfacto/2026-08-20_190257/gaussian_features_f1205_marked.csv
[f1206] n_total=722 n_floater=76 (10.5%) mid_10_17=[] saved -> /home/computer0/fly_project/fly_gsplat/outputs/ctrl_009_003_ratio3_sh0_dense_mid200/ratio3_sh0_dense/f1206/splatfacto/2026-08-20_190257/gaussian_features_f1206_marked.csv
[f1207] n_total=717 n_floater=92 (12.8%) mid_10_17=[13] saved -> /home/computer0/fly_project/fly_gsplat/outputs/ctrl_009_003_ratio3_sh0_dense_mid200/ratio3_sh0_dense/f1207/splatfacto/2026-08-20_190257/gaussian_features_f1207_marked.csv
[f1208] n_total=667 n_floater=80 (12.0%) mid_10_17=[] saved -> /home/computer0/fly_project/fly_gsplat/outputs/ctrl_009_003_ratio3_sh0_dense_mid200/ratio3_sh0_dense/f1208/splatfacto/2026-08-20_190450/gaussian_features_f1208_marked.csv
[f1209] n_total=677 n_floater=70 (10.3%) mid_10_17=[] saved -> /home/computer0/fly_project/fly_gsplat/outputs/ctrl_009_003_ratio3_sh0_dense_mid200/ratio3_sh0_dense/f1209/splatfacto/2026-08-20_190451/gaussian_features_f1209_marked.csv
[f1210] n_total=621 n_floater=83 (13.4%) mid_10_17=[] saved -> /home/computer0/fly_project/fly_gsplat/outputs/ctrl_009_003_ratio3_sh0_dense_mid200/ratio3_sh0_dense/f1210/splatfacto/2026-08-20_190452/gaussian_features_f1210_marked.csv
[f1211] n_total=598 n_floater=63 (10.5%) mid_10_17=[11] saved -> /home/computer0/fly_project/fly_gsplat/outputs/ctrl_009_003_ratio3_sh0_dense_mid200/ratio3_sh0_dense/f1211/splatfacto/2026-08-20_190452/gaussian_features_f1211_marked.csv
[f1212] n_total=604 n_floater=64 (10.6%) mid_10_17=[] saved -> /home/computer0/fly_project/fly_gsplat/outputs/ctrl_009_003_ratio3_sh0_dense_mid200/ratio3_sh0_dense/f1212/splatfacto/2026-08-20_190452/gaussian_features_f1212_marked.csv
[f1213] n_total=600 n_floater=55 (9.2%) mid_10_17=[] saved -> /home/computer0/fly_project/fly_gsplat/outputs/ctrl_009_003_ratio3_sh0_dense_mid200/ratio3_sh0_dense/f1213/splatfacto/2026-08-20_190453/gaussian_features_f1213_marked.csv
[f1214] n_total=568 n_floater=58 (10.2%) mid_10_17=[] saved -> /home/computer0/fly_project/fly_gsplat/outputs/ctrl_009_003_ratio3_sh0_dense_mid200/ratio3_sh0_dense/f1214/splatfacto/2026-08-20_190453/gaussian_features_f1214_marked.csv
[f1215] n_total=611 n_floater=62 (10.1%) mid_10_17=[] saved -> /home/computer0/fly_project/fly_gsplat/outputs/ctrl_009_003_ratio3_sh0_dense_mid200/ratio3_sh0_dense/f1215/splatfacto/2026-08-20_190452/gaussian_features_f1215_marked.csv
[f1216] n_total=676 n_floater=76 (11.2%) mid_10_17=[] saved -> /home/computer0/fly_project/fly_gsplat/outputs/ctrl_009_003_ratio3_sh0_dense_mid200/ratio3_sh0_dense/f1216/splatfacto/2026-08-20_190454/gaussian_features_f1216_marked.csv
[f1217] n_total=608 n_floater=56 (9.2%) mid_10_17=[] saved -> /home/computer0/fly_project/fly_gsplat/outputs/ctrl_009_003_ratio3_sh0_dense_mid200/ratio3_sh0_dense/f1217/splatfacto/2026-08-20_190454/gaussian_features_f1217_marked.csv
[f1218] n_total=657 n_floater=80 (12.2%) mid_10_17=[] saved -> /home/computer0/fly_project/fly_gsplat/outputs/ctrl_009_003_ratio3_sh0_dense_mid200/ratio3_sh0_dense/f1218/splatfacto/2026-08-20_190453/gaussian_features_f1218_marked.csv
[f1219] n_total=633 n_floater=62 (9.8%) mid_10_17=[] saved -> /home/computer0/fly_project/fly_gsplat/outputs/ctrl_009_003_ratio3_sh0_dense_mid200/ratio3_sh0_dense/f1219/splatfacto/2026-08-20_190454/gaussian_features_f1219_marked.csv
[f1220] n_total=650 n_floater=62 (9.5%) mid_10_17=[11] saved -> /home/computer0/fly_project/fly_gsplat/outputs/ctrl_009_003_ratio3_sh0_dense_mid200/ratio3_sh0_dense/f1220/splatfacto/2026-08-20_190649/gaussian_features_f1220_marked.csv
[f1221] n_total=719 n_floater=103 (14.3%) mid_10_17=[14] saved -> /home/computer0/fly_project/fly_gsplat/outputs/ctrl_009_003_ratio3_sh0_dense_mid200/ratio3_sh0_dense/f1221/splatfacto/2026-08-20_190649/gaussian_features_f1221_marked.csv
[f1222] n_total=663 n_floater=66 (10.0%) mid_10_17=[] saved -> /home/computer0/fly_project/fly_gsplat/outputs/ctrl_009_003_ratio3_sh0_dense_mid200/ratio3_sh0_dense/f1222/splatfacto/2026-08-20_190650/gaussian_features_f1222_marked.csv
[f1223] n_total=706 n_floater=93 (13.2%) mid_10_17=[14] saved -> /home/computer0/fly_project/fly_gsplat/outputs/ctrl_009_003_ratio3_sh0_dense_mid200/ratio3_sh0_dense/f1223/splatfacto/2026-08-20_190650/gaussian_features_f1223_marked.csv
[f1224] n_total=650 n_floater=84 (12.9%) mid_10_17=[11, 11] saved -> /home/computer0/fly_project/fly_gsplat/outputs/ctrl_009_003_ratio3_sh0_dense_mid200/ratio3_sh0_dense/f1224/splatfacto/2026-08-20_190651/gaussian_features_f1224_marked.csv
[f1225] n_total=674 n_floater=108 (16.0%) mid_10_17=[] saved -> /home/computer0/fly_project/fly_gsplat/outputs/ctrl_009_003_ratio3_sh0_dense_mid200/ratio3_sh0_dense/f1225/splatfacto/2026-08-20_190651/gaussian_features_f1225_marked.csv
[f1226] n_total=699 n_floater=85 (12.2%) mid_10_17=[] saved -> /home/computer0/fly_project/fly_gsplat/outputs/ctrl_009_003_ratio3_sh0_dense_mid200/ratio3_sh0_dense/f1226/splatfacto/2026-08-20_190650/gaussian_features_f1226_marked.csv
[f1227] n_total=726 n_floater=64 (8.8%) mid_10_17=[] saved -> /home/computer0/fly_project/fly_gsplat/outputs/ctrl_009_003_ratio3_sh0_dense_mid200/ratio3_sh0_dense/f1227/splatfacto/2026-08-20_190650/gaussian_features_f1227_marked.csv
[f1228] n_total=688 n_floater=95 (13.8%) mid_10_17=[] saved -> /home/computer0/fly_project/fly_gsplat/outputs/ctrl_009_003_ratio3_sh0_dense_mid200/ratio3_sh0_dense/f1228/splatfacto/2026-08-20_190652/gaussian_features_f1228_marked.csv
[f1229] n_total=760 n_floater=94 (12.4%) mid_10_17=[] saved -> /home/computer0/fly_project/fly_gsplat/outputs/ctrl_009_003_ratio3_sh0_dense_mid200/ratio3_sh0_dense/f1229/splatfacto/2026-08-20_190652/gaussian_features_f1229_marked.csv
[f1230] n_total=839 n_floater=99 (11.8%) mid_10_17=[] saved -> /home/computer0/fly_project/fly_gsplat/outputs/ctrl_009_003_ratio3_sh0_dense_mid200/ratio3_sh0_dense/f1230/splatfacto/2026-08-20_190652/gaussian_features_f1230_marked.csv
[f1231] n_total=701 n_floater=68 (9.7%) mid_10_17=[] saved -> /home/computer0/fly_project/fly_gsplat/outputs/ctrl_009_003_ratio3_sh0_dense_mid200/ratio3_sh0_dense/f1231/splatfacto/2026-08-20_190653/gaussian_features_f1231_marked.csv
[f1232] n_total=680 n_floater=52 (7.6%) mid_10_17=[] saved -> /home/computer0/fly_project/fly_gsplat/outputs/ctrl_009_003_ratio3_sh0_dense_mid200/ratio3_sh0_dense/f1232/splatfacto/2026-08-20_190845/gaussian_features_f1232_marked.csv
[f1233] n_total=686 n_floater=66 (9.6%) mid_10_17=[] saved -> /home/computer0/fly_project/fly_gsplat/outputs/ctrl_009_003_ratio3_sh0_dense_mid200/ratio3_sh0_dense/f1233/splatfacto/2026-08-20_190845/gaussian_features_f1233_marked.csv
[f1234] n_total=714 n_floater=52 (7.3%) mid_10_17=[] saved -> /home/computer0/fly_project/fly_gsplat/outputs/ctrl_009_003_ratio3_sh0_dense_mid200/ratio3_sh0_dense/f1234/splatfacto/2026-08-20_190846/gaussian_features_f1234_marked.csv
[f1235] n_total=773 n_floater=72 (9.3%) mid_10_17=[] saved -> /home/computer0/fly_project/fly_gsplat/outputs/ctrl_009_003_ratio3_sh0_dense_mid200/ratio3_sh0_dense/f1235/splatfacto/2026-08-20_190846/gaussian_features_f1235_marked.csv
[f1236] n_total=701 n_floater=45 (6.4%) mid_10_17=[] saved -> /home/computer0/fly_project/fly_gsplat/outputs/ctrl_009_003_ratio3_sh0_dense_mid200/ratio3_sh0_dense/f1236/splatfacto/2026-08-20_190846/gaussian_features_f1236_marked.csv
[f1237] n_total=825 n_floater=82 (9.9%) mid_10_17=[] saved -> /home/computer0/fly_project/fly_gsplat/outputs/ctrl_009_003_ratio3_sh0_dense_mid200/ratio3_sh0_dense/f1237/splatfacto/2026-08-20_190846/gaussian_features_f1237_marked.csv
[f1238] n_total=778 n_floater=104 (13.4%) mid_10_17=[] saved -> /home/computer0/fly_project/fly_gsplat/outputs/ctrl_009_003_ratio3_sh0_dense_mid200/ratio3_sh0_dense/f1238/splatfacto/2026-08-20_190847/gaussian_features_f1238_marked.csv
[f1239] n_total=894 n_floater=114 (12.8%) mid_10_17=[] saved -> /home/computer0/fly_project/fly_gsplat/outputs/ctrl_009_003_ratio3_sh0_dense_mid200/ratio3_sh0_dense/f1239/splatfacto/2026-08-20_190847/gaussian_features_f1239_marked.csv
[f1240] n_total=725 n_floater=82 (11.3%) mid_10_17=[] saved -> /home/computer0/fly_project/fly_gsplat/outputs/ctrl_009_003_ratio3_sh0_dense_mid200/ratio3_sh0_dense/f1240/splatfacto/2026-08-20_190848/gaussian_features_f1240_marked.csv
[f1241] n_total=775 n_floater=108 (13.9%) mid_10_17=[] saved -> /home/computer0/fly_project/fly_gsplat/outputs/ctrl_009_003_ratio3_sh0_dense_mid200/ratio3_sh0_dense/f1241/splatfacto/2026-08-20_190849/gaussian_features_f1241_marked.csv
[f1242] n_total=722 n_floater=72 (10.0%) mid_10_17=[] saved -> /home/computer0/fly_project/fly_gsplat/outputs/ctrl_009_003_ratio3_sh0_dense_mid200/ratio3_sh0_dense/f1242/splatfacto/2026-08-20_190848/gaussian_features_f1242_marked.csv
[f1243] n_total=830 n_floater=105 (12.7%) mid_10_17=[] saved -> /home/computer0/fly_project/fly_gsplat/outputs/ctrl_009_003_ratio3_sh0_dense_mid200/ratio3_sh0_dense/f1243/splatfacto/2026-08-20_190850/gaussian_features_f1243_marked.csv
[f1244] n_total=790 n_floater=87 (11.0%) mid_10_17=[] saved -> /home/computer0/fly_project/fly_gsplat/outputs/ctrl_009_003_ratio3_sh0_dense_mid200/ratio3_sh0_dense/f1244/splatfacto/2026-08-20_191039/gaussian_features_f1244_marked.csv
[f1245] n_total=741 n_floater=103 (13.9%) mid_10_17=[] saved -> /home/computer0/fly_project/fly_gsplat/outputs/ctrl_009_003_ratio3_sh0_dense_mid200/ratio3_sh0_dense/f1245/splatfacto/2026-08-20_191040/gaussian_features_f1245_marked.csv
[f1246] n_total=724 n_floater=68 (9.4%) mid_10_17=[12] saved -> /home/computer0/fly_project/fly_gsplat/outputs/ctrl_009_003_ratio3_sh0_dense_mid200/ratio3_sh0_dense/f1246/splatfacto/2026-08-20_191040/gaussian_features_f1246_marked.csv
[f1247] n_total=753 n_floater=81 (10.8%) mid_10_17=[] saved -> /home/computer0/fly_project/fly_gsplat/outputs/ctrl_009_003_ratio3_sh0_dense_mid200/ratio3_sh0_dense/f1247/splatfacto/2026-08-20_191041/gaussian_features_f1247_marked.csv
[f1248] n_total=800 n_floater=95 (11.9%) mid_10_17=[16] saved -> /home/computer0/fly_project/fly_gsplat/outputs/ctrl_009_003_ratio3_sh0_dense_mid200/ratio3_sh0_dense/f1248/splatfacto/2026-08-20_191041/gaussian_features_f1248_marked.csv
[f1249] n_total=780 n_floater=83 (10.6%) mid_10_17=[] saved -> /home/computer0/fly_project/fly_gsplat/outputs/ctrl_009_003_ratio3_sh0_dense_mid200/ratio3_sh0_dense/f1249/splatfacto/2026-08-20_191041/gaussian_features_f1249_marked.csv
[f1250] n_total=831 n_floater=90 (10.8%) mid_10_17=[] saved -> /home/computer0/fly_project/fly_gsplat/outputs/ctrl_009_003_ratio3_sh0_dense_mid200/ratio3_sh0_dense/f1250/splatfacto/2026-08-20_191041/gaussian_features_f1250_marked.csv
[f1251] n_total=761 n_floater=71 (9.3%) mid_10_17=[] saved -> /home/computer0/fly_project/fly_gsplat/outputs/ctrl_009_003_ratio3_sh0_dense_mid200/ratio3_sh0_dense/f1251/splatfacto/2026-08-20_191043/gaussian_features_f1251_marked.csv
[f1252] n_total=762 n_floater=102 (13.4%) mid_10_17=[] saved -> /home/computer0/fly_project/fly_gsplat/outputs/ctrl_009_003_ratio3_sh0_dense_mid200/ratio3_sh0_dense/f1252/splatfacto/2026-08-20_191043/gaussian_features_f1252_marked.csv
[f1253] n_total=796 n_floater=74 (9.3%) mid_10_17=[14, 16] saved -> /home/computer0/fly_project/fly_gsplat/outputs/ctrl_009_003_ratio3_sh0_dense_mid200/ratio3_sh0_dense/f1253/splatfacto/2026-08-20_191042/gaussian_features_f1253_marked.csv
[f1254] n_total=739 n_floater=87 (11.8%) mid_10_17=[] saved -> /home/computer0/fly_project/fly_gsplat/outputs/ctrl_009_003_ratio3_sh0_dense_mid200/ratio3_sh0_dense/f1254/splatfacto/2026-08-20_191041/gaussian_features_f1254_marked.csv
[f1255] n_total=710 n_floater=109 (15.4%) mid_10_17=[] saved -> /home/computer0/fly_project/fly_gsplat/outputs/ctrl_009_003_ratio3_sh0_dense_mid200/ratio3_sh0_dense/f1255/splatfacto/2026-08-20_191047/gaussian_features_f1255_marked.csv
[f1256] n_total=757 n_floater=74 (9.8%) mid_10_17=[14] saved -> /home/computer0/fly_project/fly_gsplat/outputs/ctrl_009_003_ratio3_sh0_dense_mid200/ratio3_sh0_dense/f1256/splatfacto/2026-08-20_191236/gaussian_features_f1256_marked.csv
[f1257] n_total=811 n_floater=93 (11.5%) mid_10_17=[] saved -> /home/computer0/fly_project/fly_gsplat/outputs/ctrl_009_003_ratio3_sh0_dense_mid200/ratio3_sh0_dense/f1257/splatfacto/2026-08-20_191239/gaussian_features_f1257_marked.csv
[f1258] n_total=763 n_floater=97 (12.7%) mid_10_17=[] saved -> /home/computer0/fly_project/fly_gsplat/outputs/ctrl_009_003_ratio3_sh0_dense_mid200/ratio3_sh0_dense/f1258/splatfacto/2026-08-20_191239/gaussian_features_f1258_marked.csv
[f1259] n_total=749 n_floater=56 (7.5%) mid_10_17=[15] saved -> /home/computer0/fly_project/fly_gsplat/outputs/ctrl_009_003_ratio3_sh0_dense_mid200/ratio3_sh0_dense/f1259/splatfacto/2026-08-20_191240/gaussian_features_f1259_marked.csv
[f1260] n_total=736 n_floater=72 (9.8%) mid_10_17=[15, 16] saved -> /home/computer0/fly_project/fly_gsplat/outputs/ctrl_009_003_ratio3_sh0_dense_mid200/ratio3_sh0_dense/f1260/splatfacto/2026-08-20_191237/gaussian_features_f1260_marked.csv
[f1261] n_total=796 n_floater=68 (8.5%) mid_10_17=[] saved -> /home/computer0/fly_project/fly_gsplat/outputs/ctrl_009_003_ratio3_sh0_dense_mid200/ratio3_sh0_dense/f1261/splatfacto/2026-08-20_191239/gaussian_features_f1261_marked.csv
[f1262] n_total=726 n_floater=59 (8.1%) mid_10_17=[12] saved -> /home/computer0/fly_project/fly_gsplat/outputs/ctrl_009_003_ratio3_sh0_dense_mid200/ratio3_sh0_dense/f1262/splatfacto/2026-08-20_191239/gaussian_features_f1262_marked.csv
[f1263] n_total=706 n_floater=77 (10.9%) mid_10_17=[] saved -> /home/computer0/fly_project/fly_gsplat/outputs/ctrl_009_003_ratio3_sh0_dense_mid200/ratio3_sh0_dense/f1263/splatfacto/2026-08-20_191238/gaussian_features_f1263_marked.csv
[f1264] n_total=765 n_floater=76 (9.9%) mid_10_17=[] saved -> /home/computer0/fly_project/fly_gsplat/outputs/ctrl_009_003_ratio3_sh0_dense_mid200/ratio3_sh0_dense/f1264/splatfacto/2026-08-20_191240/gaussian_features_f1264_marked.csv
[f1265] n_total=678 n_floater=55 (8.1%) mid_10_17=[16] saved -> /home/computer0/fly_project/fly_gsplat/outputs/ctrl_009_003_ratio3_sh0_dense_mid200/ratio3_sh0_dense/f1265/splatfacto/2026-08-20_191240/gaussian_features_f1265_marked.csv
[f1266] n_total=678 n_floater=85 (12.5%) mid_10_17=[] saved -> /home/computer0/fly_project/fly_gsplat/outputs/ctrl_009_003_ratio3_sh0_dense_mid200/ratio3_sh0_dense/f1266/splatfacto/2026-08-20_191240/gaussian_features_f1266_marked.csv
[f1267] n_total=642 n_floater=56 (8.7%) mid_10_17=[] saved -> /home/computer0/fly_project/fly_gsplat/outputs/ctrl_009_003_ratio3_sh0_dense_mid200/ratio3_sh0_dense/f1267/splatfacto/2026-08-20_191241/gaussian_features_f1267_marked.csv
[f1268] n_total=660 n_floater=75 (11.4%) mid_10_17=[] saved -> /home/computer0/fly_project/fly_gsplat/outputs/ctrl_009_003_ratio3_sh0_dense_mid200/ratio3_sh0_dense/f1268/splatfacto/2026-08-20_191430/gaussian_features_f1268_marked.csv
[f1269] n_total=611 n_floater=63 (10.3%) mid_10_17=[12] saved -> /home/computer0/fly_project/fly_gsplat/outputs/ctrl_009_003_ratio3_sh0_dense_mid200/ratio3_sh0_dense/f1269/splatfacto/2026-08-20_191433/gaussian_features_f1269_marked.csv
[f1270] n_total=715 n_floater=85 (11.9%) mid_10_17=[] saved -> /home/computer0/fly_project/fly_gsplat/outputs/ctrl_009_003_ratio3_sh0_dense_mid200/ratio3_sh0_dense/f1270/splatfacto/2026-08-20_191433/gaussian_features_f1270_marked.csv
[f1271] n_total=689 n_floater=79 (11.5%) mid_10_17=[] saved -> /home/computer0/fly_project/fly_gsplat/outputs/ctrl_009_003_ratio3_sh0_dense_mid200/ratio3_sh0_dense/f1271/splatfacto/2026-08-20_191434/gaussian_features_f1271_marked.csv
[f1272] n_total=710 n_floater=72 (10.1%) mid_10_17=[] saved -> /home/computer0/fly_project/fly_gsplat/outputs/ctrl_009_003_ratio3_sh0_dense_mid200/ratio3_sh0_dense/f1272/splatfacto/2026-08-20_191434/gaussian_features_f1272_marked.csv
[f1273] n_total=795 n_floater=85 (10.7%) mid_10_17=[] saved -> /home/computer0/fly_project/fly_gsplat/outputs/ctrl_009_003_ratio3_sh0_dense_mid200/ratio3_sh0_dense/f1273/splatfacto/2026-08-20_191434/gaussian_features_f1273_marked.csv
[f1274] n_total=747 n_floater=66 (8.8%) mid_10_17=[] saved -> /home/computer0/fly_project/fly_gsplat/outputs/ctrl_009_003_ratio3_sh0_dense_mid200/ratio3_sh0_dense/f1274/splatfacto/2026-08-20_191434/gaussian_features_f1274_marked.csv
[f1275] n_total=754 n_floater=73 (9.7%) mid_10_17=[] saved -> /home/computer0/fly_project/fly_gsplat/outputs/ctrl_009_003_ratio3_sh0_dense_mid200/ratio3_sh0_dense/f1275/splatfacto/2026-08-20_191433/gaussian_features_f1275_marked.csv
[f1276] n_total=705 n_floater=81 (11.5%) mid_10_17=[] saved -> /home/computer0/fly_project/fly_gsplat/outputs/ctrl_009_003_ratio3_sh0_dense_mid200/ratio3_sh0_dense/f1276/splatfacto/2026-08-20_191435/gaussian_features_f1276_marked.csv
[f1277] n_total=683 n_floater=71 (10.4%) mid_10_17=[] saved -> /home/computer0/fly_project/fly_gsplat/outputs/ctrl_009_003_ratio3_sh0_dense_mid200/ratio3_sh0_dense/f1277/splatfacto/2026-08-20_191433/gaussian_features_f1277_marked.csv
[f1278] n_total=697 n_floater=72 (10.3%) mid_10_17=[] saved -> /home/computer0/fly_project/fly_gsplat/outputs/ctrl_009_003_ratio3_sh0_dense_mid200/ratio3_sh0_dense/f1278/splatfacto/2026-08-20_191435/gaussian_features_f1278_marked.csv
[f1279] n_total=678 n_floater=81 (11.9%) mid_10_17=[] saved -> /home/computer0/fly_project/fly_gsplat/outputs/ctrl_009_003_ratio3_sh0_dense_mid200/ratio3_sh0_dense/f1279/splatfacto/2026-08-20_191435/gaussian_features_f1279_marked.csv
[f1280] n_total=663 n_floater=74 (11.2%) mid_10_17=[11] saved -> /home/computer0/fly_project/fly_gsplat/outputs/ctrl_009_003_ratio3_sh0_dense_mid200/ratio3_sh0_dense/f1280/splatfacto/2026-08-20_191626/gaussian_features_f1280_marked.csv
[f1281] n_total=672 n_floater=99 (14.7%) mid_10_17=[] saved -> /home/computer0/fly_project/fly_gsplat/outputs/ctrl_009_003_ratio3_sh0_dense_mid200/ratio3_sh0_dense/f1281/splatfacto/2026-08-20_191631/gaussian_features_f1281_marked.csv
[f1282] n_total=646 n_floater=102 (15.8%) mid_10_17=[] saved -> /home/computer0/fly_project/fly_gsplat/outputs/ctrl_009_003_ratio3_sh0_dense_mid200/ratio3_sh0_dense/f1282/splatfacto/2026-08-20_191631/gaussian_features_f1282_marked.csv
[f1283] n_total=635 n_floater=60 (9.4%) mid_10_17=[] saved -> /home/computer0/fly_project/fly_gsplat/outputs/ctrl_009_003_ratio3_sh0_dense_mid200/ratio3_sh0_dense/f1283/splatfacto/2026-08-20_191631/gaussian_features_f1283_marked.csv
[f1284] n_total=582 n_floater=42 (7.2%) mid_10_17=[11] saved -> /home/computer0/fly_project/fly_gsplat/outputs/ctrl_009_003_ratio3_sh0_dense_mid200/ratio3_sh0_dense/f1284/splatfacto/2026-08-20_191632/gaussian_features_f1284_marked.csv
[f1285] n_total=658 n_floater=83 (12.6%) mid_10_17=[] saved -> /home/computer0/fly_project/fly_gsplat/outputs/ctrl_009_003_ratio3_sh0_dense_mid200/ratio3_sh0_dense/f1285/splatfacto/2026-08-20_191632/gaussian_features_f1285_marked.csv
[f1286] n_total=651 n_floater=68 (10.4%) mid_10_17=[] saved -> /home/computer0/fly_project/fly_gsplat/outputs/ctrl_009_003_ratio3_sh0_dense_mid200/ratio3_sh0_dense/f1286/splatfacto/2026-08-20_191633/gaussian_features_f1286_marked.csv
[f1287] n_total=609 n_floater=56 (9.2%) mid_10_17=[] saved -> /home/computer0/fly_project/fly_gsplat/outputs/ctrl_009_003_ratio3_sh0_dense_mid200/ratio3_sh0_dense/f1287/splatfacto/2026-08-20_191631/gaussian_features_f1287_marked.csv
[f1288] n_total=660 n_floater=72 (10.9%) mid_10_17=[12] saved -> /home/computer0/fly_project/fly_gsplat/outputs/ctrl_009_003_ratio3_sh0_dense_mid200/ratio3_sh0_dense/f1288/splatfacto/2026-08-20_191633/gaussian_features_f1288_marked.csv
[f1289] n_total=702 n_floater=97 (13.8%) mid_10_17=[] saved -> /home/computer0/fly_project/fly_gsplat/outputs/ctrl_009_003_ratio3_sh0_dense_mid200/ratio3_sh0_dense/f1289/splatfacto/2026-08-20_191633/gaussian_features_f1289_marked.csv
[f1290] n_total=705 n_floater=114 (16.2%) mid_10_17=[] saved -> /home/computer0/fly_project/fly_gsplat/outputs/ctrl_009_003_ratio3_sh0_dense_mid200/ratio3_sh0_dense/f1290/splatfacto/2026-08-20_191633/gaussian_features_f1290_marked.csv
[f1291] n_total=691 n_floater=106 (15.3%) mid_10_17=[] saved -> /home/computer0/fly_project/fly_gsplat/outputs/ctrl_009_003_ratio3_sh0_dense_mid200/ratio3_sh0_dense/f1291/splatfacto/2026-08-20_191634/gaussian_features_f1291_marked.csv
[f1292] n_total=710 n_floater=81 (11.4%) mid_10_17=[13] saved -> /home/computer0/fly_project/fly_gsplat/outputs/ctrl_009_003_ratio3_sh0_dense_mid200/ratio3_sh0_dense/f1292/splatfacto/2026-08-20_191824/gaussian_features_f1292_marked.csv
[f1293] n_total=677 n_floater=74 (10.9%) mid_10_17=[14] saved -> /home/computer0/fly_project/fly_gsplat/outputs/ctrl_009_003_ratio3_sh0_dense_mid200/ratio3_sh0_dense/f1293/splatfacto/2026-08-20_191826/gaussian_features_f1293_marked.csv
[f1294] n_total=710 n_floater=90 (12.7%) mid_10_17=[14, 15] saved -> /home/computer0/fly_project/fly_gsplat/outputs/ctrl_009_003_ratio3_sh0_dense_mid200/ratio3_sh0_dense/f1294/splatfacto/2026-08-20_191828/gaussian_features_f1294_marked.csv
[f1295] n_total=758 n_floater=72 (9.5%) mid_10_17=[12, 15] saved -> /home/computer0/fly_project/fly_gsplat/outputs/ctrl_009_003_ratio3_sh0_dense_mid200/ratio3_sh0_dense/f1295/splatfacto/2026-08-20_191826/gaussian_features_f1295_marked.csv
[f1296] n_total=714 n_floater=59 (8.3%) mid_10_17=[11] saved -> /home/computer0/fly_project/fly_gsplat/outputs/ctrl_009_003_ratio3_sh0_dense_mid200/ratio3_sh0_dense/f1296/splatfacto/2026-08-20_191827/gaussian_features_f1296_marked.csv
[f1297] n_total=765 n_floater=91 (11.9%) mid_10_17=[] saved -> /home/computer0/fly_project/fly_gsplat/outputs/ctrl_009_003_ratio3_sh0_dense_mid200/ratio3_sh0_dense/f1297/splatfacto/2026-08-20_191828/gaussian_features_f1297_marked.csv
[f1298] n_total=767 n_floater=67 (8.7%) mid_10_17=[] saved -> /home/computer0/fly_project/fly_gsplat/outputs/ctrl_009_003_ratio3_sh0_dense_mid200/ratio3_sh0_dense/f1298/splatfacto/2026-08-20_191828/gaussian_features_f1298_marked.csv
[f1299] n_total=777 n_floater=70 (9.0%) mid_10_17=[12] saved -> /home/computer0/fly_project/fly_gsplat/outputs/ctrl_009_003_ratio3_sh0_dense_mid200/ratio3_sh0_dense/f1299/splatfacto/2026-08-20_191828/gaussian_features_f1299_marked.csv

  [T3] motion accumulation labeling ...
[density] frame_idx=1100: 窗口内36/73帧缺少T2产出(_marked.csv)，跳过不参与累加: ['f1064', 'f1065', 'f1066', 'f1067', 'f1068', 'f1069', 'f1070', 'f1071', 'f1072', 'f1073', 'f1074', 'f1075', 'f1076', 'f1077', 'f1078', 'f1079', 'f1080', 'f1081', 'f1082', 'f1083', 'f1084', 'f1085', 'f1086', 'f1087', 'f1088', 'f1089', 'f1090', 'f1091', 'f1092', 'f1093', 'f1094', 'f1095', 'f1096', 'f1097', 'f1098', 'f1099']

[f1100] n_total=918 n_kept=804 (87.6%)  n_frames_in_window=37
  body候选体素数(阈值+连通分量后)=56  body候选点数=309(38.4% of kept)
  wing连通性: 碎块点=32  实际改判=32
  confidence=high  (wing_merged强制low; body候选点数<20或>0.9*n_kept强制low; 否则high)
  L/R锚定: wing_A -> wing_R  wing_B -> wing_L
  part_label分布(全部点，含if_keep=False的1-NN传播): body=372  wing_L=161  wing_R=385
  labeled csv -> /home/computer0/fly_project/fly_gsplat/outputs/ctrl_009_003_ratio3_sh0_dense_mid200/ratio3_sh0_dense/f1100/splatfacto/2026-08-20_184701/gaussian_features_f1100_labeled.csv
[density] frame_idx=1101: 窗口内35/73帧缺少T2产出(_marked.csv)，跳过不参与累加: ['f1065', 'f1066', 'f1067', 'f1068', 'f1069', 'f1070', 'f1071', 'f1072', 'f1073', 'f1074', 'f1075', 'f1076', 'f1077', 'f1078', 'f1079', 'f1080', 'f1081', 'f1082', 'f1083', 'f1084', 'f1085', 'f1086', 'f1087', 'f1088', 'f1089', 'f1090', 'f1091', 'f1092', 'f1093', 'f1094', 'f1095', 'f1096', 'f1097', 'f1098', 'f1099']

[f1101] n_total=862 n_kept=762 (88.4%)  n_frames_in_window=38
  body候选体素数(阈值+连通分量后)=60  body候选点数=310(40.7% of kept)
  wing连通性: 碎块点=101  实际改判=101
  confidence=high  (wing_merged强制low; body候选点数<20或>0.9*n_kept强制low; 否则high)
  L/R锚定: wing_A -> wing_R  wing_B -> wing_L
  part_label分布(全部点，含if_keep=False的1-NN传播): body=418  wing_L=138  wing_R=306
  labeled csv -> /home/computer0/fly_project/fly_gsplat/outputs/ctrl_009_003_ratio3_sh0_dense_mid200/ratio3_sh0_dense/f1101/splatfacto/2026-08-20_184700/gaussian_features_f1101_labeled.csv
[density] frame_idx=1102: 窗口内34/73帧缺少T2产出(_marked.csv)，跳过不参与累加: ['f1066', 'f1067', 'f1068', 'f1069', 'f1070', 'f1071', 'f1072', 'f1073', 'f1074', 'f1075', 'f1076', 'f1077', 'f1078', 'f1079', 'f1080', 'f1081', 'f1082', 'f1083', 'f1084', 'f1085', 'f1086', 'f1087', 'f1088', 'f1089', 'f1090', 'f1091', 'f1092', 'f1093', 'f1094', 'f1095', 'f1096', 'f1097', 'f1098', 'f1099']

[f1102] n_total=895 n_kept=793 (88.6%)  n_frames_in_window=39
  body候选体素数(阈值+连通分量后)=61  body候选点数=374(47.2% of kept)
  wing连通性: 碎块点=136  实际改判=136
  confidence=high  (wing_merged强制low; body候选点数<20或>0.9*n_kept强制low; 否则high)
  L/R锚定: wing_A -> wing_R  wing_B -> wing_L
  part_label分布(全部点，含if_keep=False的1-NN传播): body=584  wing_L=143  wing_R=168
  labeled csv -> /home/computer0/fly_project/fly_gsplat/outputs/ctrl_009_003_ratio3_sh0_dense_mid200/ratio3_sh0_dense/f1102/splatfacto/2026-08-20_184702/gaussian_features_f1102_labeled.csv
[density] frame_idx=1103: 窗口内33/73帧缺少T2产出(_marked.csv)，跳过不参与累加: ['f1067', 'f1068', 'f1069', 'f1070', 'f1071', 'f1072', 'f1073', 'f1074', 'f1075', 'f1076', 'f1077', 'f1078', 'f1079', 'f1080', 'f1081', 'f1082', 'f1083', 'f1084', 'f1085', 'f1086', 'f1087', 'f1088', 'f1089', 'f1090', 'f1091', 'f1092', 'f1093', 'f1094', 'f1095', 'f1096', 'f1097', 'f1098', 'f1099']

[f1103] n_total=847 n_kept=749 (88.4%)  n_frames_in_window=40
  body候选体素数(阈值+连通分量后)=65  body候选点数=347(46.3% of kept)
  wing连通性: 碎块点=138  实际改判=138
  confidence=high  (wing_merged强制low; body候选点数<20或>0.9*n_kept强制low; 否则high)
  L/R锚定: wing_A -> wing_R  wing_B -> wing_L
  part_label分布(全部点，含if_keep=False的1-NN传播): body=520  wing_L=109  wing_R=218
  labeled csv -> /home/computer0/fly_project/fly_gsplat/outputs/ctrl_009_003_ratio3_sh0_dense_mid200/ratio3_sh0_dense/f1103/splatfacto/2026-08-20_184702/gaussian_features_f1103_labeled.csv
[density] frame_idx=1104: 窗口内32/73帧缺少T2产出(_marked.csv)，跳过不参与累加: ['f1068', 'f1069', 'f1070', 'f1071', 'f1072', 'f1073', 'f1074', 'f1075', 'f1076', 'f1077', 'f1078', 'f1079', 'f1080', 'f1081', 'f1082', 'f1083', 'f1084', 'f1085', 'f1086', 'f1087', 'f1088', 'f1089', 'f1090', 'f1091', 'f1092', 'f1093', 'f1094', 'f1095', 'f1096', 'f1097', 'f1098', 'f1099']

[f1104] n_total=948 n_kept=822 (86.7%)  n_frames_in_window=41
  body候选体素数(阈值+连通分量后)=67  body候选点数=381(46.4% of kept)
  wing连通性: 碎块点=151  实际改判=151
  confidence=high  (wing_merged强制low; body候选点数<20或>0.9*n_kept强制low; 否则high)
  L/R锚定: wing_A -> wing_R  wing_B -> wing_L
  part_label分布(全部点，含if_keep=False的1-NN传播): body=606  wing_L=157  wing_R=185
  labeled csv -> /home/computer0/fly_project/fly_gsplat/outputs/ctrl_009_003_ratio3_sh0_dense_mid200/ratio3_sh0_dense/f1104/splatfacto/2026-08-20_184700/gaussian_features_f1104_labeled.csv
[density] frame_idx=1105: 窗口内31/73帧缺少T2产出(_marked.csv)，跳过不参与累加: ['f1069', 'f1070', 'f1071', 'f1072', 'f1073', 'f1074', 'f1075', 'f1076', 'f1077', 'f1078', 'f1079', 'f1080', 'f1081', 'f1082', 'f1083', 'f1084', 'f1085', 'f1086', 'f1087', 'f1088', 'f1089', 'f1090', 'f1091', 'f1092', 'f1093', 'f1094', 'f1095', 'f1096', 'f1097', 'f1098', 'f1099']

[f1105] n_total=918 n_kept=818 (89.1%)  n_frames_in_window=42
  body候选体素数(阈值+连通分量后)=67  body候选点数=398(48.7% of kept)
  wing连通性: 碎块点=108  实际改判=108
  confidence=high  (wing_merged强制low; body候选点数<20或>0.9*n_kept强制low; 否则high)
  L/R锚定: wing_A -> wing_R  wing_B -> wing_L
  part_label分布(全部点，含if_keep=False的1-NN传播): body=577  wing_L=161  wing_R=180
  labeled csv -> /home/computer0/fly_project/fly_gsplat/outputs/ctrl_009_003_ratio3_sh0_dense_mid200/ratio3_sh0_dense/f1105/splatfacto/2026-08-20_184701/gaussian_features_f1105_labeled.csv
[density] frame_idx=1106: 窗口内30/73帧缺少T2产出(_marked.csv)，跳过不参与累加: ['f1070', 'f1071', 'f1072', 'f1073', 'f1074', 'f1075', 'f1076', 'f1077', 'f1078', 'f1079', 'f1080', 'f1081', 'f1082', 'f1083', 'f1084', 'f1085', 'f1086', 'f1087', 'f1088', 'f1089', 'f1090', 'f1091', 'f1092', 'f1093', 'f1094', 'f1095', 'f1096', 'f1097', 'f1098', 'f1099']

[f1106] n_total=901 n_kept=789 (87.6%)  n_frames_in_window=43
  body候选体素数(阈值+连通分量后)=70  body候选点数=419(53.1% of kept)
  wing连通性: 碎块点=106  实际改判=106
  confidence=high  (wing_merged强制low; body候选点数<20或>0.9*n_kept强制low; 否则high)
  L/R锚定: wing_A -> wing_R  wing_B -> wing_L
  part_label分布(全部点，含if_keep=False的1-NN传播): body=547  wing_L=162  wing_R=192
  labeled csv -> /home/computer0/fly_project/fly_gsplat/outputs/ctrl_009_003_ratio3_sh0_dense_mid200/ratio3_sh0_dense/f1106/splatfacto/2026-08-20_184700/gaussian_features_f1106_labeled.csv
[density] frame_idx=1107: 窗口内29/73帧缺少T2产出(_marked.csv)，跳过不参与累加: ['f1071', 'f1072', 'f1073', 'f1074', 'f1075', 'f1076', 'f1077', 'f1078', 'f1079', 'f1080', 'f1081', 'f1082', 'f1083', 'f1084', 'f1085', 'f1086', 'f1087', 'f1088', 'f1089', 'f1090', 'f1091', 'f1092', 'f1093', 'f1094', 'f1095', 'f1096', 'f1097', 'f1098', 'f1099']

[f1107] n_total=871 n_kept=765 (87.8%)  n_frames_in_window=44
  body候选体素数(阈值+连通分量后)=71  body候选点数=394(51.5% of kept)
  wing连通性: 碎块点=79  实际改判=79
  confidence=high  (wing_merged强制low; body候选点数<20或>0.9*n_kept强制low; 否则high)
  L/R锚定: wing_A -> wing_L  wing_B -> wing_R
  part_label分布(全部点，含if_keep=False的1-NN传播): body=513  wing_L=187  wing_R=171
  labeled csv -> /home/computer0/fly_project/fly_gsplat/outputs/ctrl_009_003_ratio3_sh0_dense_mid200/ratio3_sh0_dense/f1107/splatfacto/2026-08-20_184700/gaussian_features_f1107_labeled.csv
[density] frame_idx=1108: 窗口内28/73帧缺少T2产出(_marked.csv)，跳过不参与累加: ['f1072', 'f1073', 'f1074', 'f1075', 'f1076', 'f1077', 'f1078', 'f1079', 'f1080', 'f1081', 'f1082', 'f1083', 'f1084', 'f1085', 'f1086', 'f1087', 'f1088', 'f1089', 'f1090', 'f1091', 'f1092', 'f1093', 'f1094', 'f1095', 'f1096', 'f1097', 'f1098', 'f1099']

[f1108] n_total=851 n_kept=772 (90.7%)  n_frames_in_window=45
  body候选体素数(阈值+连通分量后)=73  body候选点数=380(49.2% of kept)
  wing连通性: 碎块点=107  实际改判=107
  confidence=high  (wing_merged强制low; body候选点数<20或>0.9*n_kept强制low; 否则high)
  L/R锚定: wing_A -> wing_R  wing_B -> wing_L
  part_label分布(全部点，含if_keep=False的1-NN传播): body=524  wing_L=168  wing_R=159
  labeled csv -> /home/computer0/fly_project/fly_gsplat/outputs/ctrl_009_003_ratio3_sh0_dense_mid200/ratio3_sh0_dense/f1108/splatfacto/2026-08-20_184701/gaussian_features_f1108_labeled.csv
[density] frame_idx=1109: 窗口内27/73帧缺少T2产出(_marked.csv)，跳过不参与累加: ['f1073', 'f1074', 'f1075', 'f1076', 'f1077', 'f1078', 'f1079', 'f1080', 'f1081', 'f1082', 'f1083', 'f1084', 'f1085', 'f1086', 'f1087', 'f1088', 'f1089', 'f1090', 'f1091', 'f1092', 'f1093', 'f1094', 'f1095', 'f1096', 'f1097', 'f1098', 'f1099']

[f1109] n_total=883 n_kept=759 (86.0%)  n_frames_in_window=46
  body候选体素数(阈值+连通分量后)=75  body候选点数=443(58.4% of kept)
  wing连通性: 碎块点=93  实际改判=93
  confidence=high  (wing_merged强制low; body候选点数<20或>0.9*n_kept强制low; 否则high)
  L/R锚定: wing_A -> wing_R  wing_B -> wing_L
  part_label分布(全部点，含if_keep=False的1-NN传播): body=577  wing_L=164  wing_R=142
  labeled csv -> /home/computer0/fly_project/fly_gsplat/outputs/ctrl_009_003_ratio3_sh0_dense_mid200/ratio3_sh0_dense/f1109/splatfacto/2026-08-20_184702/gaussian_features_f1109_labeled.csv
[density] frame_idx=1110: 窗口内26/73帧缺少T2产出(_marked.csv)，跳过不参与累加: ['f1074', 'f1075', 'f1076', 'f1077', 'f1078', 'f1079', 'f1080', 'f1081', 'f1082', 'f1083', 'f1084', 'f1085', 'f1086', 'f1087', 'f1088', 'f1089', 'f1090', 'f1091', 'f1092', 'f1093', 'f1094', 'f1095', 'f1096', 'f1097', 'f1098', 'f1099']

[f1110] n_total=841 n_kept=746 (88.7%)  n_frames_in_window=47
  body候选体素数(阈值+连通分量后)=75  body候选点数=411(55.1% of kept)
  wing连通性: 碎块点=45  实际改判=45
  confidence=high  (wing_merged强制low; body候选点数<20或>0.9*n_kept强制low; 否则high)
  L/R锚定: wing_A -> wing_L  wing_B -> wing_R
  part_label分布(全部点，含if_keep=False的1-NN传播): body=519  wing_L=176  wing_R=146
  labeled csv -> /home/computer0/fly_project/fly_gsplat/outputs/ctrl_009_003_ratio3_sh0_dense_mid200/ratio3_sh0_dense/f1110/splatfacto/2026-08-20_184700/gaussian_features_f1110_labeled.csv
[density] frame_idx=1111: 窗口内25/73帧缺少T2产出(_marked.csv)，跳过不参与累加: ['f1075', 'f1076', 'f1077', 'f1078', 'f1079', 'f1080', 'f1081', 'f1082', 'f1083', 'f1084', 'f1085', 'f1086', 'f1087', 'f1088', 'f1089', 'f1090', 'f1091', 'f1092', 'f1093', 'f1094', 'f1095', 'f1096', 'f1097', 'f1098', 'f1099']

[f1111] n_total=873 n_kept=766 (87.7%)  n_frames_in_window=48
  body候选体素数(阈值+连通分量后)=78  body候选点数=485(63.3% of kept)
  wing连通性: 碎块点=63  实际改判=63
  confidence=high  (wing_merged强制low; body候选点数<20或>0.9*n_kept强制low; 否则high)
  L/R锚定: wing_A -> wing_L  wing_B -> wing_R
  part_label分布(全部点，含if_keep=False的1-NN传播): body=583  wing_L=172  wing_R=118
  labeled csv -> /home/computer0/fly_project/fly_gsplat/outputs/ctrl_009_003_ratio3_sh0_dense_mid200/ratio3_sh0_dense/f1111/splatfacto/2026-08-20_184700/gaussian_features_f1111_labeled.csv
[density] frame_idx=1112: 窗口内24/73帧缺少T2产出(_marked.csv)，跳过不参与累加: ['f1076', 'f1077', 'f1078', 'f1079', 'f1080', 'f1081', 'f1082', 'f1083', 'f1084', 'f1085', 'f1086', 'f1087', 'f1088', 'f1089', 'f1090', 'f1091', 'f1092', 'f1093', 'f1094', 'f1095', 'f1096', 'f1097', 'f1098', 'f1099']

[f1112] n_total=859 n_kept=755 (87.9%)  n_frames_in_window=49
  body候选体素数(阈值+连通分量后)=78  body候选点数=468(62.0% of kept)
  wing连通性: 碎块点=87  实际改判=87
  confidence=high  (wing_merged强制low; body候选点数<20或>0.9*n_kept强制low; 否则high)
  L/R锚定: wing_A -> wing_L  wing_B -> wing_R
  part_label分布(全部点，含if_keep=False的1-NN传播): body=576  wing_L=171  wing_R=112
  labeled csv -> /home/computer0/fly_project/fly_gsplat/outputs/ctrl_009_003_ratio3_sh0_dense_mid200/ratio3_sh0_dense/f1112/splatfacto/2026-08-20_184915/gaussian_features_f1112_labeled.csv
[density] frame_idx=1113: 窗口内23/73帧缺少T2产出(_marked.csv)，跳过不参与累加: ['f1077', 'f1078', 'f1079', 'f1080', 'f1081', 'f1082', 'f1083', 'f1084', 'f1085', 'f1086', 'f1087', 'f1088', 'f1089', 'f1090', 'f1091', 'f1092', 'f1093', 'f1094', 'f1095', 'f1096', 'f1097', 'f1098', 'f1099']

[f1113] n_total=890 n_kept=765 (86.0%)  n_frames_in_window=50
  body候选体素数(阈值+连通分量后)=80  body候选点数=500(65.4% of kept)
  wing连通性: 碎块点=61  实际改判=61
  confidence=high  (wing_merged强制low; body候选点数<20或>0.9*n_kept强制low; 否则high)
  L/R锚定: wing_A -> wing_L  wing_B -> wing_R
  part_label分布(全部点，含if_keep=False的1-NN传播): body=594  wing_L=199  wing_R=97
  labeled csv -> /home/computer0/fly_project/fly_gsplat/outputs/ctrl_009_003_ratio3_sh0_dense_mid200/ratio3_sh0_dense/f1113/splatfacto/2026-08-20_184915/gaussian_features_f1113_labeled.csv
[density] frame_idx=1114: 窗口内22/73帧缺少T2产出(_marked.csv)，跳过不参与累加: ['f1078', 'f1079', 'f1080', 'f1081', 'f1082', 'f1083', 'f1084', 'f1085', 'f1086', 'f1087', 'f1088', 'f1089', 'f1090', 'f1091', 'f1092', 'f1093', 'f1094', 'f1095', 'f1096', 'f1097', 'f1098', 'f1099']

[f1114] n_total=799 n_kept=724 (90.6%)  n_frames_in_window=51
  body候选体素数(阈值+连通分量后)=81  body候选点数=455(62.8% of kept)
  wing连通性: 碎块点=32  实际改判=32
  confidence=high  (wing_merged强制low; body候选点数<20或>0.9*n_kept强制low; 否则high)
  L/R锚定: wing_A -> wing_L  wing_B -> wing_R
  part_label分布(全部点，含if_keep=False的1-NN传播): body=539  wing_L=151  wing_R=109
  labeled csv -> /home/computer0/fly_project/fly_gsplat/outputs/ctrl_009_003_ratio3_sh0_dense_mid200/ratio3_sh0_dense/f1114/splatfacto/2026-08-20_184915/gaussian_features_f1114_labeled.csv
[density] frame_idx=1115: 窗口内21/73帧缺少T2产出(_marked.csv)，跳过不参与累加: ['f1079', 'f1080', 'f1081', 'f1082', 'f1083', 'f1084', 'f1085', 'f1086', 'f1087', 'f1088', 'f1089', 'f1090', 'f1091', 'f1092', 'f1093', 'f1094', 'f1095', 'f1096', 'f1097', 'f1098', 'f1099']

[f1115] n_total=753 n_kept=649 (86.2%)  n_frames_in_window=52
  body候选体素数(阈值+连通分量后)=85  body候选点数=417(64.3% of kept)
  wing连通性: 碎块点=84  实际改判=84
  confidence=high  (wing_merged强制low; body候选点数<20或>0.9*n_kept强制low; 否则high)
  L/R锚定: wing_A -> wing_L  wing_B -> wing_R
  part_label分布(全部点，含if_keep=False的1-NN传播): body=492  wing_L=160  wing_R=101
  labeled csv -> /home/computer0/fly_project/fly_gsplat/outputs/ctrl_009_003_ratio3_sh0_dense_mid200/ratio3_sh0_dense/f1115/splatfacto/2026-08-20_184917/gaussian_features_f1115_labeled.csv
[density] frame_idx=1116: 窗口内20/73帧缺少T2产出(_marked.csv)，跳过不参与累加: ['f1080', 'f1081', 'f1082', 'f1083', 'f1084', 'f1085', 'f1086', 'f1087', 'f1088', 'f1089', 'f1090', 'f1091', 'f1092', 'f1093', 'f1094', 'f1095', 'f1096', 'f1097', 'f1098', 'f1099']

[f1116] n_total=741 n_kept=666 (89.9%)  n_frames_in_window=53
  body候选体素数(阈值+连通分量后)=86  body候选点数=405(60.8% of kept)
  wing连通性: 碎块点=32  实际改判=32
  confidence=high  (wing_merged强制low; body候选点数<20或>0.9*n_kept强制low; 否则high)
  L/R锚定: wing_A -> wing_L  wing_B -> wing_R
  part_label分布(全部点，含if_keep=False的1-NN传播): body=481  wing_L=172  wing_R=88
  labeled csv -> /home/computer0/fly_project/fly_gsplat/outputs/ctrl_009_003_ratio3_sh0_dense_mid200/ratio3_sh0_dense/f1116/splatfacto/2026-08-20_184915/gaussian_features_f1116_labeled.csv
[density] frame_idx=1117: 窗口内19/73帧缺少T2产出(_marked.csv)，跳过不参与累加: ['f1081', 'f1082', 'f1083', 'f1084', 'f1085', 'f1086', 'f1087', 'f1088', 'f1089', 'f1090', 'f1091', 'f1092', 'f1093', 'f1094', 'f1095', 'f1096', 'f1097', 'f1098', 'f1099']

[f1117] n_total=792 n_kept=704 (88.9%)  n_frames_in_window=54
  body候选体素数(阈值+连通分量后)=90  body候选点数=449(63.8% of kept)
  wing连通性: 碎块点=15  实际改判=15
  confidence=high  (wing_merged强制low; body候选点数<20或>0.9*n_kept强制low; 否则high)
  L/R锚定: wing_A -> wing_L  wing_B -> wing_R
  part_label分布(全部点，含if_keep=False的1-NN传播): body=518  wing_L=175  wing_R=99
  labeled csv -> /home/computer0/fly_project/fly_gsplat/outputs/ctrl_009_003_ratio3_sh0_dense_mid200/ratio3_sh0_dense/f1117/splatfacto/2026-08-20_184916/gaussian_features_f1117_labeled.csv
[density] frame_idx=1118: 窗口内18/73帧缺少T2产出(_marked.csv)，跳过不参与累加: ['f1082', 'f1083', 'f1084', 'f1085', 'f1086', 'f1087', 'f1088', 'f1089', 'f1090', 'f1091', 'f1092', 'f1093', 'f1094', 'f1095', 'f1096', 'f1097', 'f1098', 'f1099']

[f1118] n_total=728 n_kept=654 (89.8%)  n_frames_in_window=55
  body候选体素数(阈值+连通分量后)=92  body候选点数=412(63.0% of kept)
  wing连通性: 碎块点=45  实际改判=45
  confidence=high  (wing_merged强制low; body候选点数<20或>0.9*n_kept强制low; 否则high)
  L/R锚定: wing_A -> wing_L  wing_B -> wing_R
  part_label分布(全部点，含if_keep=False的1-NN传播): body=481  wing_L=158  wing_R=89
  labeled csv -> /home/computer0/fly_project/fly_gsplat/outputs/ctrl_009_003_ratio3_sh0_dense_mid200/ratio3_sh0_dense/f1118/splatfacto/2026-08-20_184916/gaussian_features_f1118_labeled.csv
[density] frame_idx=1119: 窗口内17/73帧缺少T2产出(_marked.csv)，跳过不参与累加: ['f1083', 'f1084', 'f1085', 'f1086', 'f1087', 'f1088', 'f1089', 'f1090', 'f1091', 'f1092', 'f1093', 'f1094', 'f1095', 'f1096', 'f1097', 'f1098', 'f1099']

[f1119] n_total=724 n_kept=642 (88.7%)  n_frames_in_window=56
  body候选体素数(阈值+连通分量后)=93  body候选点数=411(64.0% of kept)
  wing连通性: 碎块点=61  实际改判=61
  confidence=high  (wing_merged强制low; body候选点数<20或>0.9*n_kept强制low; 否则high)
  L/R锚定: wing_A -> wing_L  wing_B -> wing_R
  part_label分布(全部点，含if_keep=False的1-NN传播): body=485  wing_L=143  wing_R=96
  labeled csv -> /home/computer0/fly_project/fly_gsplat/outputs/ctrl_009_003_ratio3_sh0_dense_mid200/ratio3_sh0_dense/f1119/splatfacto/2026-08-20_184916/gaussian_features_f1119_labeled.csv
[density] frame_idx=1120: 窗口内16/73帧缺少T2产出(_marked.csv)，跳过不参与累加: ['f1084', 'f1085', 'f1086', 'f1087', 'f1088', 'f1089', 'f1090', 'f1091', 'f1092', 'f1093', 'f1094', 'f1095', 'f1096', 'f1097', 'f1098', 'f1099']

[f1120] n_total=780 n_kept=697 (89.4%)  n_frames_in_window=57
  body候选体素数(阈值+连通分量后)=95  body候选点数=477(68.4% of kept)
  wing连通性: 碎块点=27  实际改判=27
  confidence=high  (wing_merged强制low; body候选点数<20或>0.9*n_kept强制low; 否则high)
  L/R锚定: wing_A -> wing_L  wing_B -> wing_R
  part_label分布(全部点，含if_keep=False的1-NN传播): body=561  wing_L=136  wing_R=83
  labeled csv -> /home/computer0/fly_project/fly_gsplat/outputs/ctrl_009_003_ratio3_sh0_dense_mid200/ratio3_sh0_dense/f1120/splatfacto/2026-08-20_184916/gaussian_features_f1120_labeled.csv
[density] frame_idx=1121: 窗口内15/73帧缺少T2产出(_marked.csv)，跳过不参与累加: ['f1085', 'f1086', 'f1087', 'f1088', 'f1089', 'f1090', 'f1091', 'f1092', 'f1093', 'f1094', 'f1095', 'f1096', 'f1097', 'f1098', 'f1099']

[f1121] n_total=675 n_kept=598 (88.6%)  n_frames_in_window=58
  body候选体素数(阈值+连通分量后)=97  body候选点数=399(66.7% of kept)
  wing连通性: 碎块点=12  实际改判=12
  confidence=high  (wing_merged强制low; body候选点数<20或>0.9*n_kept强制low; 否则high)
  L/R锚定: wing_A -> wing_L  wing_B -> wing_R
  part_label分布(全部点，含if_keep=False的1-NN传播): body=464  wing_L=113  wing_R=98
  labeled csv -> /home/computer0/fly_project/fly_gsplat/outputs/ctrl_009_003_ratio3_sh0_dense_mid200/ratio3_sh0_dense/f1121/splatfacto/2026-08-20_184916/gaussian_features_f1121_labeled.csv
[density] frame_idx=1122: 窗口内14/73帧缺少T2产出(_marked.csv)，跳过不参与累加: ['f1086', 'f1087', 'f1088', 'f1089', 'f1090', 'f1091', 'f1092', 'f1093', 'f1094', 'f1095', 'f1096', 'f1097', 'f1098', 'f1099']

[f1122] n_total=660 n_kept=603 (91.4%)  n_frames_in_window=59
  body候选体素数(阈值+连通分量后)=99  body候选点数=394(65.3% of kept)
  wing连通性: 碎块点=22  实际改判=22
  confidence=high  (wing_merged强制low; body候选点数<20或>0.9*n_kept强制low; 否则high)
  L/R锚定: wing_A -> wing_R  wing_B -> wing_L
  part_label分布(全部点，含if_keep=False的1-NN传播): body=464  wing_L=92  wing_R=104
  labeled csv -> /home/computer0/fly_project/fly_gsplat/outputs/ctrl_009_003_ratio3_sh0_dense_mid200/ratio3_sh0_dense/f1122/splatfacto/2026-08-20_184917/gaussian_features_f1122_labeled.csv
[density] frame_idx=1123: 窗口内13/73帧缺少T2产出(_marked.csv)，跳过不参与累加: ['f1087', 'f1088', 'f1089', 'f1090', 'f1091', 'f1092', 'f1093', 'f1094', 'f1095', 'f1096', 'f1097', 'f1098', 'f1099']

[f1123] n_total=739 n_kept=641 (86.7%)  n_frames_in_window=60
  body候选体素数(阈值+连通分量后)=100  body候选点数=470(73.3% of kept)
  wing连通性: 碎块点=10  实际改判=10
  confidence=high  (wing_merged强制low; body候选点数<20或>0.9*n_kept强制low; 否则high)
  L/R锚定: wing_A -> wing_R  wing_B -> wing_L
  part_label分布(全部点，含if_keep=False的1-NN传播): body=537  wing_L=88  wing_R=114
  labeled csv -> /home/computer0/fly_project/fly_gsplat/outputs/ctrl_009_003_ratio3_sh0_dense_mid200/ratio3_sh0_dense/f1123/splatfacto/2026-08-20_184916/gaussian_features_f1123_labeled.csv
[density] frame_idx=1124: 窗口内12/73帧缺少T2产出(_marked.csv)，跳过不参与累加: ['f1088', 'f1089', 'f1090', 'f1091', 'f1092', 'f1093', 'f1094', 'f1095', 'f1096', 'f1097', 'f1098', 'f1099']

[f1124] n_total=789 n_kept=693 (87.8%)  n_frames_in_window=61
  body候选体素数(阈值+连通分量后)=102  body候选点数=472(68.1% of kept)
  wing连通性: 碎块点=16  实际改判=16
  confidence=high  (wing_merged强制low; body候选点数<20或>0.9*n_kept强制low; 否则high)
  L/R锚定: wing_A -> wing_R  wing_B -> wing_L
  part_label分布(全部点，含if_keep=False的1-NN传播): body=547  wing_L=107  wing_R=135
  labeled csv -> /home/computer0/fly_project/fly_gsplat/outputs/ctrl_009_003_ratio3_sh0_dense_mid200/ratio3_sh0_dense/f1124/splatfacto/2026-08-20_185113/gaussian_features_f1124_labeled.csv
[density] frame_idx=1125: 窗口内11/73帧缺少T2产出(_marked.csv)，跳过不参与累加: ['f1089', 'f1090', 'f1091', 'f1092', 'f1093', 'f1094', 'f1095', 'f1096', 'f1097', 'f1098', 'f1099']

[f1125] n_total=750 n_kept=666 (88.8%)  n_frames_in_window=62
  body候选体素数(阈值+连通分量后)=104  body候选点数=422(63.4% of kept)
  wing连通性: 碎块点=5  实际改判=5
  confidence=high  (wing_merged强制low; body候选点数<20或>0.9*n_kept强制low; 否则high)
  L/R锚定: wing_A -> wing_R  wing_B -> wing_L
  part_label分布(全部点，含if_keep=False的1-NN传播): body=484  wing_L=113  wing_R=153
  labeled csv -> /home/computer0/fly_project/fly_gsplat/outputs/ctrl_009_003_ratio3_sh0_dense_mid200/ratio3_sh0_dense/f1125/splatfacto/2026-08-20_185116/gaussian_features_f1125_labeled.csv
[density] frame_idx=1126: 窗口内10/73帧缺少T2产出(_marked.csv)，跳过不参与累加: ['f1090', 'f1091', 'f1092', 'f1093', 'f1094', 'f1095', 'f1096', 'f1097', 'f1098', 'f1099']

[f1126] n_total=777 n_kept=692 (89.1%)  n_frames_in_window=63
  body候选体素数(阈值+连通分量后)=106  body候选点数=446(64.5% of kept)
  wing连通性: 碎块点=19  实际改判=19
  confidence=high  (wing_merged强制low; body候选点数<20或>0.9*n_kept强制low; 否则high)
  L/R锚定: wing_A -> wing_R  wing_B -> wing_L
  part_label分布(全部点，含if_keep=False的1-NN传播): body=514  wing_L=108  wing_R=155
  labeled csv -> /home/computer0/fly_project/fly_gsplat/outputs/ctrl_009_003_ratio3_sh0_dense_mid200/ratio3_sh0_dense/f1126/splatfacto/2026-08-20_185116/gaussian_features_f1126_labeled.csv
[density] frame_idx=1127: 窗口内9/73帧缺少T2产出(_marked.csv)，跳过不参与累加: ['f1091', 'f1092', 'f1093', 'f1094', 'f1095', 'f1096', 'f1097', 'f1098', 'f1099']

[f1127] n_total=865 n_kept=754 (87.2%)  n_frames_in_window=64
  body候选体素数(阈值+连通分量后)=108  body候选点数=460(61.0% of kept)
  wing连通性: 碎块点=37  实际改判=37
  confidence=high  (wing_merged强制low; body候选点数<20或>0.9*n_kept强制low; 否则high)
  L/R锚定: wing_A -> wing_L  wing_B -> wing_R
  part_label分布(全部点，含if_keep=False的1-NN传播): body=539  wing_L=175  wing_R=151
  labeled csv -> /home/computer0/fly_project/fly_gsplat/outputs/ctrl_009_003_ratio3_sh0_dense_mid200/ratio3_sh0_dense/f1127/splatfacto/2026-08-20_185117/gaussian_features_f1127_labeled.csv
[density] frame_idx=1128: 窗口内8/73帧缺少T2产出(_marked.csv)，跳过不参与累加: ['f1092', 'f1093', 'f1094', 'f1095', 'f1096', 'f1097', 'f1098', 'f1099']

[f1128] n_total=757 n_kept=678 (89.6%)  n_frames_in_window=65
  body候选体素数(阈值+连通分量后)=109  body候选点数=381(56.2% of kept)
  wing连通性: 碎块点=18  实际改判=18
  confidence=high  (wing_merged强制low; body候选点数<20或>0.9*n_kept强制low; 否则high)
  L/R锚定: wing_A -> wing_R  wing_B -> wing_L
  part_label分布(全部点，含if_keep=False的1-NN传播): body=458  wing_L=135  wing_R=164
  labeled csv -> /home/computer0/fly_project/fly_gsplat/outputs/ctrl_009_003_ratio3_sh0_dense_mid200/ratio3_sh0_dense/f1128/splatfacto/2026-08-20_185117/gaussian_features_f1128_labeled.csv
[density] frame_idx=1129: 窗口内7/73帧缺少T2产出(_marked.csv)，跳过不参与累加: ['f1093', 'f1094', 'f1095', 'f1096', 'f1097', 'f1098', 'f1099']

[f1129] n_total=786 n_kept=723 (92.0%)  n_frames_in_window=66
  body候选体素数(阈值+连通分量后)=109  body候选点数=442(61.1% of kept)
  wing连通性: 碎块点=21  实际改判=21
  confidence=high  (wing_merged强制low; body候选点数<20或>0.9*n_kept强制low; 否则high)
  L/R锚定: wing_A -> wing_L  wing_B -> wing_R
  part_label分布(全部点，含if_keep=False的1-NN传播): body=498  wing_L=163  wing_R=125
  labeled csv -> /home/computer0/fly_project/fly_gsplat/outputs/ctrl_009_003_ratio3_sh0_dense_mid200/ratio3_sh0_dense/f1129/splatfacto/2026-08-20_185118/gaussian_features_f1129_labeled.csv
[density] frame_idx=1130: 窗口内6/73帧缺少T2产出(_marked.csv)，跳过不参与累加: ['f1094', 'f1095', 'f1096', 'f1097', 'f1098', 'f1099']

[f1130] n_total=716 n_kept=658 (91.9%)  n_frames_in_window=67
  body候选体素数(阈值+连通分量后)=114  body候选点数=395(60.0% of kept)
  wing连通性: 碎块点=46  实际改判=46
  confidence=high  (wing_merged强制low; body候选点数<20或>0.9*n_kept强制low; 否则high)
  L/R锚定: wing_A -> wing_L  wing_B -> wing_R
  part_label分布(全部点，含if_keep=False的1-NN传播): body=447  wing_L=145  wing_R=124
  labeled csv -> /home/computer0/fly_project/fly_gsplat/outputs/ctrl_009_003_ratio3_sh0_dense_mid200/ratio3_sh0_dense/f1130/splatfacto/2026-08-20_185118/gaussian_features_f1130_labeled.csv
[density] frame_idx=1131: 窗口内5/73帧缺少T2产出(_marked.csv)，跳过不参与累加: ['f1095', 'f1096', 'f1097', 'f1098', 'f1099']

[f1131] n_total=756 n_kept=687 (90.9%)  n_frames_in_window=68
  body候选体素数(阈值+连通分量后)=115  body候选点数=450(65.5% of kept)
  wing连通性: 碎块点=9  实际改判=9
  confidence=high  (wing_merged强制low; body候选点数<20或>0.9*n_kept强制low; 否则high)
  L/R锚定: wing_A -> wing_L  wing_B -> wing_R
  part_label分布(全部点，含if_keep=False的1-NN传播): body=492  wing_L=135  wing_R=129
  labeled csv -> /home/computer0/fly_project/fly_gsplat/outputs/ctrl_009_003_ratio3_sh0_dense_mid200/ratio3_sh0_dense/f1131/splatfacto/2026-08-20_185118/gaussian_features_f1131_labeled.csv
[density] frame_idx=1132: 窗口内4/73帧缺少T2产出(_marked.csv)，跳过不参与累加: ['f1096', 'f1097', 'f1098', 'f1099']

[f1132] n_total=784 n_kept=704 (89.8%)  n_frames_in_window=69
  body候选体素数(阈值+连通分量后)=117  body候选点数=490(69.6% of kept)
  wing连通性: 碎块点=17  实际改判=17
  confidence=high  (wing_merged强制low; body候选点数<20或>0.9*n_kept强制low; 否则high)
  L/R锚定: wing_A -> wing_R  wing_B -> wing_L
  part_label分布(全部点，含if_keep=False的1-NN传播): body=571  wing_L=93  wing_R=120
  labeled csv -> /home/computer0/fly_project/fly_gsplat/outputs/ctrl_009_003_ratio3_sh0_dense_mid200/ratio3_sh0_dense/f1132/splatfacto/2026-08-20_185118/gaussian_features_f1132_labeled.csv
[density] frame_idx=1133: 窗口内3/73帧缺少T2产出(_marked.csv)，跳过不参与累加: ['f1097', 'f1098', 'f1099']

[f1133] n_total=715 n_kept=630 (88.1%)  n_frames_in_window=70
  body候选体素数(阈值+连通分量后)=118  body候选点数=436(69.2% of kept)
  wing连通性: 碎块点=68  实际改判=68
  confidence=high  (wing_merged强制low; body候选点数<20或>0.9*n_kept强制low; 否则high)
  L/R锚定: wing_A -> wing_L  wing_B -> wing_R
  part_label分布(全部点，含if_keep=False的1-NN传播): body=497  wing_L=96  wing_R=122
  labeled csv -> /home/computer0/fly_project/fly_gsplat/outputs/ctrl_009_003_ratio3_sh0_dense_mid200/ratio3_sh0_dense/f1133/splatfacto/2026-08-20_185119/gaussian_features_f1133_labeled.csv
[density] frame_idx=1134: 窗口内2/73帧缺少T2产出(_marked.csv)，跳过不参与累加: ['f1098', 'f1099']

[f1134] n_total=672 n_kept=602 (89.6%)  n_frames_in_window=71
  body候选体素数(阈值+连通分量后)=121  body候选点数=450(74.8% of kept)
  wing连通性: 碎块点=26  实际改判=26
  confidence=high  (wing_merged强制low; body候选点数<20或>0.9*n_kept强制low; 否则high)
  L/R锚定: wing_A -> wing_R  wing_B -> wing_L
  part_label分布(全部点，含if_keep=False的1-NN传播): body=525  wing_L=56  wing_R=91
  labeled csv -> /home/computer0/fly_project/fly_gsplat/outputs/ctrl_009_003_ratio3_sh0_dense_mid200/ratio3_sh0_dense/f1134/splatfacto/2026-08-20_185118/gaussian_features_f1134_labeled.csv
[density] frame_idx=1135: 窗口内1/73帧缺少T2产出(_marked.csv)，跳过不参与累加: ['f1099']

[f1135] n_total=773 n_kept=672 (86.9%)  n_frames_in_window=72
  body候选体素数(阈值+连通分量后)=124  body候选点数=466(69.3% of kept)
  wing连通性: 碎块点=6  实际改判=6
  confidence=high  (wing_merged强制low; body候选点数<20或>0.9*n_kept强制low; 否则high)
  L/R锚定: wing_A -> wing_R  wing_B -> wing_L
  part_label分布(全部点，含if_keep=False的1-NN传播): body=545  wing_L=109  wing_R=119
  labeled csv -> /home/computer0/fly_project/fly_gsplat/outputs/ctrl_009_003_ratio3_sh0_dense_mid200/ratio3_sh0_dense/f1135/splatfacto/2026-08-20_185118/gaussian_features_f1135_labeled.csv

[f1136] n_total=693 n_kept=614 (88.6%)  n_frames_in_window=73
  body候选体素数(阈值+连通分量后)=125  body候选点数=404(65.8% of kept)
  wing连通性: 碎块点=47  实际改判=47
  confidence=high  (wing_merged强制low; body候选点数<20或>0.9*n_kept强制low; 否则high)
  L/R锚定: wing_A -> wing_R  wing_B -> wing_L
  part_label分布(全部点，含if_keep=False的1-NN传播): body=482  wing_L=93  wing_R=118
  labeled csv -> /home/computer0/fly_project/fly_gsplat/outputs/ctrl_009_003_ratio3_sh0_dense_mid200/ratio3_sh0_dense/f1136/splatfacto/2026-08-20_185310/gaussian_features_f1136_labeled.csv

[f1137] n_total=602 n_kept=540 (89.7%)  n_frames_in_window=73
  body候选体素数(阈值+连通分量后)=126  body候选点数=362(67.0% of kept)
  wing连通性: 碎块点=24  实际改判=24
  confidence=high  (wing_merged强制low; body候选点数<20或>0.9*n_kept强制low; 否则high)
  L/R锚定: wing_A -> wing_R  wing_B -> wing_L
  part_label分布(全部点，含if_keep=False的1-NN传播): body=434  wing_L=71  wing_R=97
  labeled csv -> /home/computer0/fly_project/fly_gsplat/outputs/ctrl_009_003_ratio3_sh0_dense_mid200/ratio3_sh0_dense/f1137/splatfacto/2026-08-20_185311/gaussian_features_f1137_labeled.csv

[f1138] n_total=673 n_kept=587 (87.2%)  n_frames_in_window=73
  body候选体素数(阈值+连通分量后)=128  body候选点数=403(68.7% of kept)
  wing连通性: 碎块点=21  实际改判=21
  confidence=high  (wing_merged强制low; body候选点数<20或>0.9*n_kept强制low; 否则high)
  L/R锚定: wing_A -> wing_L  wing_B -> wing_R
  part_label分布(全部点，含if_keep=False的1-NN传播): body=474  wing_L=113  wing_R=86
  labeled csv -> /home/computer0/fly_project/fly_gsplat/outputs/ctrl_009_003_ratio3_sh0_dense_mid200/ratio3_sh0_dense/f1138/splatfacto/2026-08-20_185311/gaussian_features_f1138_labeled.csv

[f1139] n_total=718 n_kept=630 (87.7%)  n_frames_in_window=73
  body候选体素数(阈值+连通分量后)=129  body候选点数=443(70.3% of kept)
  wing连通性: 碎块点=16  实际改判=16
  confidence=high  (wing_merged强制low; body候选点数<20或>0.9*n_kept强制low; 否则high)
  L/R锚定: wing_A -> wing_R  wing_B -> wing_L
  part_label分布(全部点，含if_keep=False的1-NN传播): body=522  wing_L=95  wing_R=101
  labeled csv -> /home/computer0/fly_project/fly_gsplat/outputs/ctrl_009_003_ratio3_sh0_dense_mid200/ratio3_sh0_dense/f1139/splatfacto/2026-08-20_185311/gaussian_features_f1139_labeled.csv

[f1140] n_total=735 n_kept=615 (83.7%)  n_frames_in_window=73
  body候选体素数(阈值+连通分量后)=127  body候选点数=460(74.8% of kept)
  wing连通性: 碎块点=36  实际改判=36
  confidence=high  (wing_merged强制low; body候选点数<20或>0.9*n_kept强制low; 否则high)
  L/R锚定: wing_A -> wing_R  wing_B -> wing_L
  part_label分布(全部点，含if_keep=False的1-NN传播): body=555  wing_L=84  wing_R=96
  labeled csv -> /home/computer0/fly_project/fly_gsplat/outputs/ctrl_009_003_ratio3_sh0_dense_mid200/ratio3_sh0_dense/f1140/splatfacto/2026-08-20_185311/gaussian_features_f1140_labeled.csv

[f1141] n_total=640 n_kept=578 (90.3%)  n_frames_in_window=73
  body候选体素数(阈值+连通分量后)=127  body候选点数=377(65.2% of kept)
  wing连通性: 碎块点=21  实际改判=21
  confidence=high  (wing_merged强制low; body候选点数<20或>0.9*n_kept强制low; 否则high)
  L/R锚定: wing_A -> wing_L  wing_B -> wing_R
  part_label分布(全部点，含if_keep=False的1-NN传播): body=445  wing_L=98  wing_R=97
  labeled csv -> /home/computer0/fly_project/fly_gsplat/outputs/ctrl_009_003_ratio3_sh0_dense_mid200/ratio3_sh0_dense/f1141/splatfacto/2026-08-20_185311/gaussian_features_f1141_labeled.csv

[f1142] n_total=680 n_kept=609 (89.6%)  n_frames_in_window=73
  body候选体素数(阈值+连通分量后)=128  body候选点数=404(66.3% of kept)
  wing连通性: 碎块点=12  实际改判=12
  confidence=high  (wing_merged强制low; body候选点数<20或>0.9*n_kept强制low; 否则high)
  L/R锚定: wing_A -> wing_L  wing_B -> wing_R
  part_label分布(全部点，含if_keep=False的1-NN传播): body=472  wing_L=110  wing_R=98
  labeled csv -> /home/computer0/fly_project/fly_gsplat/outputs/ctrl_009_003_ratio3_sh0_dense_mid200/ratio3_sh0_dense/f1142/splatfacto/2026-08-20_185313/gaussian_features_f1142_labeled.csv

[f1143] n_total=701 n_kept=616 (87.9%)  n_frames_in_window=73
  body候选体素数(阈值+连通分量后)=129  body候选点数=412(66.9% of kept)
  wing连通性: 碎块点=4  实际改判=4
  confidence=high  (wing_merged强制low; body候选点数<20或>0.9*n_kept强制low; 否则high)
  L/R锚定: wing_A -> wing_L  wing_B -> wing_R
  part_label分布(全部点，含if_keep=False的1-NN传播): body=481  wing_L=115  wing_R=105
  labeled csv -> /home/computer0/fly_project/fly_gsplat/outputs/ctrl_009_003_ratio3_sh0_dense_mid200/ratio3_sh0_dense/f1143/splatfacto/2026-08-20_185313/gaussian_features_f1143_labeled.csv

[f1144] n_total=721 n_kept=663 (92.0%)  n_frames_in_window=73
  body候选体素数(阈值+连通分量后)=129  body候选点数=453(68.3% of kept)
  wing连通性: 碎块点=14  实际改判=14
  confidence=high  (wing_merged强制low; body候选点数<20或>0.9*n_kept强制low; 否则high)
  L/R锚定: wing_A -> wing_L  wing_B -> wing_R
  part_label分布(全部点，含if_keep=False的1-NN传播): body=512  wing_L=116  wing_R=93
  labeled csv -> /home/computer0/fly_project/fly_gsplat/outputs/ctrl_009_003_ratio3_sh0_dense_mid200/ratio3_sh0_dense/f1144/splatfacto/2026-08-20_185312/gaussian_features_f1144_labeled.csv

[f1145] n_total=671 n_kept=599 (89.3%)  n_frames_in_window=73
  body候选体素数(阈值+连通分量后)=129  body候选点数=408(68.1% of kept)
  wing连通性: 碎块点=15  实际改判=15
  confidence=high  (wing_merged强制low; body候选点数<20或>0.9*n_kept强制low; 否则high)
  L/R锚定: wing_A -> wing_R  wing_B -> wing_L
  part_label分布(全部点，含if_keep=False的1-NN传播): body=479  wing_L=92  wing_R=100
  labeled csv -> /home/computer0/fly_project/fly_gsplat/outputs/ctrl_009_003_ratio3_sh0_dense_mid200/ratio3_sh0_dense/f1145/splatfacto/2026-08-20_185314/gaussian_features_f1145_labeled.csv

[f1146] n_total=699 n_kept=611 (87.4%)  n_frames_in_window=73
  body候选体素数(阈值+连通分量后)=129  body候选点数=410(67.1% of kept)
  wing连通性: 碎块点=15  实际改判=15
  confidence=high  (wing_merged强制low; body候选点数<20或>0.9*n_kept强制low; 否则high)
  L/R锚定: wing_A -> wing_L  wing_B -> wing_R
  part_label分布(全部点，含if_keep=False的1-NN传播): body=480  wing_L=114  wing_R=105
  labeled csv -> /home/computer0/fly_project/fly_gsplat/outputs/ctrl_009_003_ratio3_sh0_dense_mid200/ratio3_sh0_dense/f1146/splatfacto/2026-08-20_185315/gaussian_features_f1146_labeled.csv

[f1147] n_total=784 n_kept=680 (86.7%)  n_frames_in_window=73
  body候选体素数(阈值+连通分量后)=132  body候选点数=475(69.9% of kept)
  wing连通性: 碎块点=15  实际改判=15
  confidence=high  (wing_merged强制low; body候选点数<20或>0.9*n_kept强制low; 否则high)
  L/R锚定: wing_A -> wing_L  wing_B -> wing_R
  part_label分布(全部点，含if_keep=False的1-NN传播): body=558  wing_L=141  wing_R=85
  labeled csv -> /home/computer0/fly_project/fly_gsplat/outputs/ctrl_009_003_ratio3_sh0_dense_mid200/ratio3_sh0_dense/f1147/splatfacto/2026-08-20_185315/gaussian_features_f1147_labeled.csv

[f1148] n_total=753 n_kept=661 (87.8%)  n_frames_in_window=73
  body候选体素数(阈值+连通分量后)=134  body候选点数=412(62.3% of kept)
  wing连通性: 碎块点=47  实际改判=47
  confidence=high  (wing_merged强制low; body候选点数<20或>0.9*n_kept强制low; 否则high)
  L/R锚定: wing_A -> wing_L  wing_B -> wing_R
  part_label分布(全部点，含if_keep=False的1-NN传播): body=490  wing_L=170  wing_R=93
  labeled csv -> /home/computer0/fly_project/fly_gsplat/outputs/ctrl_009_003_ratio3_sh0_dense_mid200/ratio3_sh0_dense/f1148/splatfacto/2026-08-20_185508/gaussian_features_f1148_labeled.csv

[f1149] n_total=719 n_kept=636 (88.5%)  n_frames_in_window=73
  body候选体素数(阈值+连通分量后)=134  body候选点数=395(62.1% of kept)
  wing连通性: 碎块点=21  实际改判=21
  confidence=high  (wing_merged强制low; body候选点数<20或>0.9*n_kept强制low; 否则high)
  L/R锚定: wing_A -> wing_L  wing_B -> wing_R
  part_label分布(全部点，含if_keep=False的1-NN传播): body=469  wing_L=158  wing_R=92
  labeled csv -> /home/computer0/fly_project/fly_gsplat/outputs/ctrl_009_003_ratio3_sh0_dense_mid200/ratio3_sh0_dense/f1149/splatfacto/2026-08-20_185508/gaussian_features_f1149_labeled.csv

[f1150] n_total=714 n_kept=653 (91.5%)  n_frames_in_window=73
  body候选体素数(阈值+连通分量后)=131  body候选点数=421(64.5% of kept)
  wing连通性: 碎块点=11  实际改判=11
  confidence=high  (wing_merged强制low; body候选点数<20或>0.9*n_kept强制low; 否则high)
  L/R锚定: wing_A -> wing_L  wing_B -> wing_R
  part_label分布(全部点，含if_keep=False的1-NN传播): body=481  wing_L=158  wing_R=75
  labeled csv -> /home/computer0/fly_project/fly_gsplat/outputs/ctrl_009_003_ratio3_sh0_dense_mid200/ratio3_sh0_dense/f1150/splatfacto/2026-08-20_185507/gaussian_features_f1150_labeled.csv

[f1151] n_total=713 n_kept=641 (89.9%)  n_frames_in_window=73
  body候选体素数(阈值+连通分量后)=131  body候选点数=432(67.4% of kept)
  wing连通性: 碎块点=13  实际改判=13
  confidence=high  (wing_merged强制low; body候选点数<20或>0.9*n_kept强制low; 否则high)
  L/R锚定: wing_A -> wing_L  wing_B -> wing_R
  part_label分布(全部点，含if_keep=False的1-NN传播): body=508  wing_L=131  wing_R=74
  labeled csv -> /home/computer0/fly_project/fly_gsplat/outputs/ctrl_009_003_ratio3_sh0_dense_mid200/ratio3_sh0_dense/f1151/splatfacto/2026-08-20_185509/gaussian_features_f1151_labeled.csv

[f1152] n_total=725 n_kept=649 (89.5%)  n_frames_in_window=73
  body候选体素数(阈值+连通分量后)=132  body候选点数=433(66.7% of kept)
  wing连通性: 碎块点=17  实际改判=17
  confidence=high  (wing_merged强制low; body候选点数<20或>0.9*n_kept强制low; 否则high)
  L/R锚定: wing_A -> wing_L  wing_B -> wing_R
  part_label分布(全部点，含if_keep=False的1-NN传播): body=487  wing_L=189  wing_R=49
  labeled csv -> /home/computer0/fly_project/fly_gsplat/outputs/ctrl_009_003_ratio3_sh0_dense_mid200/ratio3_sh0_dense/f1152/splatfacto/2026-08-20_185508/gaussian_features_f1152_labeled.csv

[f1153] n_total=720 n_kept=648 (90.0%)  n_frames_in_window=73
  body候选体素数(阈值+连通分量后)=129  body候选点数=418(64.5% of kept)
  wing连通性: 碎块点=9  实际改判=9
  confidence=high  (wing_merged强制low; body候选点数<20或>0.9*n_kept强制low; 否则high)
  L/R锚定: wing_A -> wing_L  wing_B -> wing_R
  part_label分布(全部点，含if_keep=False的1-NN传播): body=474  wing_L=221  wing_R=25
  labeled csv -> /home/computer0/fly_project/fly_gsplat/outputs/ctrl_009_003_ratio3_sh0_dense_mid200/ratio3_sh0_dense/f1153/splatfacto/2026-08-20_185509/gaussian_features_f1153_labeled.csv

[f1154] n_total=813 n_kept=737 (90.7%)  n_frames_in_window=73
  body候选体素数(阈值+连通分量后)=130  body候选点数=438(59.4% of kept)
  wing连通性: 碎块点=19  实际改判=19
  confidence=high  (wing_merged强制low; body候选点数<20或>0.9*n_kept强制low; 否则high)
  L/R锚定: wing_A -> wing_L  wing_B -> wing_R
  part_label分布(全部点，含if_keep=False的1-NN传播): body=494  wing_L=279  wing_R=40
  labeled csv -> /home/computer0/fly_project/fly_gsplat/outputs/ctrl_009_003_ratio3_sh0_dense_mid200/ratio3_sh0_dense/f1154/splatfacto/2026-08-20_185509/gaussian_features_f1154_labeled.csv
  [警告][f1155] wing_merged_forced_split: wing候选点的连通分量分析后只有1个显著分量(贴一起无法物理拆分)，强行按x_body×up投影中位数切成两半，强制confidence=low

[f1155] n_total=974 n_kept=843 (86.6%)  n_frames_in_window=73
  body候选体素数(阈值+连通分量后)=131  body候选点数=428(50.8% of kept)
  wing连通性: 碎块点=31  实际改判=31
  confidence=low  (wing_merged强制low; body候选点数<20或>0.9*n_kept强制low; 否则high)
  L/R锚定: wing_A -> wing_R  wing_B -> wing_L
  part_label分布(全部点，含if_keep=False的1-NN传播): body=497  wing_L=219  wing_R=258
  labeled csv -> /home/computer0/fly_project/fly_gsplat/outputs/ctrl_009_003_ratio3_sh0_dense_mid200/ratio3_sh0_dense/f1155/splatfacto/2026-08-20_185509/gaussian_features_f1155_labeled.csv
[density] body候选体素连通分量分析: 丢弃1/134个非最大连通分量的碎块体素
  [警告][f1156] wing_merged_forced_split: wing候选点的连通分量分析后只有1个显著分量(贴一起无法物理拆分)，强行按x_body×up投影中位数切成两半，强制confidence=low

[f1156] n_total=831 n_kept=749 (90.1%)  n_frames_in_window=73
  body候选体素数(阈值+连通分量后)=133  body候选点数=433(57.8% of kept)
  wing连通性: 碎块点=9  实际改判=9
  confidence=low  (wing_merged强制low; body候选点数<20或>0.9*n_kept强制low; 否则high)
  L/R锚定: wing_A -> wing_R  wing_B -> wing_L
  part_label分布(全部点，含if_keep=False的1-NN传播): body=479  wing_L=155  wing_R=197
  labeled csv -> /home/computer0/fly_project/fly_gsplat/outputs/ctrl_009_003_ratio3_sh0_dense_mid200/ratio3_sh0_dense/f1156/splatfacto/2026-08-20_185508/gaussian_features_f1156_labeled.csv
[density] body候选体素连通分量分析: 丢弃1/134个非最大连通分量的碎块体素
  [警告][f1157] wing_merged_forced_split: wing候选点的连通分量分析后只有1个显著分量(贴一起无法物理拆分)，强行按x_body×up投影中位数切成两半，强制confidence=low

[f1157] n_total=900 n_kept=767 (85.2%)  n_frames_in_window=73
  body候选体素数(阈值+连通分量后)=133  body候选点数=444(57.9% of kept)
  wing连通性: 碎块点=24  实际改判=24
  confidence=low  (wing_merged强制low; body候选点数<20或>0.9*n_kept强制low; 否则high)
  L/R锚定: wing_A -> wing_R  wing_B -> wing_L
  part_label分布(全部点，含if_keep=False的1-NN传播): body=521  wing_L=181  wing_R=198
  labeled csv -> /home/computer0/fly_project/fly_gsplat/outputs/ctrl_009_003_ratio3_sh0_dense_mid200/ratio3_sh0_dense/f1157/splatfacto/2026-08-20_185508/gaussian_features_f1157_labeled.csv
[density] body候选体素连通分量分析: 丢弃1/133个非最大连通分量的碎块体素

[f1158] n_total=703 n_kept=641 (91.2%)  n_frames_in_window=73
  body候选体素数(阈值+连通分量后)=132  body候选点数=461(71.9% of kept)
  wing连通性: 碎块点=5  实际改判=5
  confidence=high  (wing_merged强制low; body候选点数<20或>0.9*n_kept强制low; 否则high)
  L/R锚定: wing_A -> wing_R  wing_B -> wing_L
  part_label分布(全部点，含if_keep=False的1-NN传播): body=513  wing_L=85  wing_R=105
  labeled csv -> /home/computer0/fly_project/fly_gsplat/outputs/ctrl_009_003_ratio3_sh0_dense_mid200/ratio3_sh0_dense/f1158/splatfacto/2026-08-20_185510/gaussian_features_f1158_labeled.csv
[density] body候选体素连通分量分析: 丢弃1/133个非最大连通分量的碎块体素
  [警告][f1159] wing_merged_forced_split: wing候选点的连通分量分析后只有1个显著分量(贴一起无法物理拆分)，强行按x_body×up投影中位数切成两半，强制confidence=low

[f1159] n_total=759 n_kept=671 (88.4%)  n_frames_in_window=73
  body候选体素数(阈值+连通分量后)=132  body候选点数=437(65.1% of kept)
  wing连通性: 碎块点=7  实际改判=7
  confidence=low  (wing_merged强制low; body候选点数<20或>0.9*n_kept强制low; 否则high)
  L/R锚定: wing_A -> wing_R  wing_B -> wing_L
  part_label分布(全部点，含if_keep=False的1-NN传播): body=496  wing_L=138  wing_R=125
  labeled csv -> /home/computer0/fly_project/fly_gsplat/outputs/ctrl_009_003_ratio3_sh0_dense_mid200/ratio3_sh0_dense/f1159/splatfacto/2026-08-20_185511/gaussian_features_f1159_labeled.csv
  [警告][f1160] wing_merged_forced_split: wing候选点的连通分量分析后只有1个显著分量(贴一起无法物理拆分)，强行按x_body×up投影中位数切成两半，强制confidence=low

[f1160] n_total=727 n_kept=660 (90.8%)  n_frames_in_window=73
  body候选体素数(阈值+连通分量后)=133  body候选点数=413(62.6% of kept)
  wing连通性: 碎块点=8  实际改判=8
  confidence=low  (wing_merged强制low; body候选点数<20或>0.9*n_kept强制low; 否则high)
  L/R锚定: wing_A -> wing_R  wing_B -> wing_L
  part_label分布(全部点，含if_keep=False的1-NN传播): body=465  wing_L=132  wing_R=130
  labeled csv -> /home/computer0/fly_project/fly_gsplat/outputs/ctrl_009_003_ratio3_sh0_dense_mid200/ratio3_sh0_dense/f1160/splatfacto/2026-08-20_185706/gaussian_features_f1160_labeled.csv

[f1161] n_total=751 n_kept=681 (90.7%)  n_frames_in_window=73
  body候选体素数(阈值+连通分量后)=130  body候选点数=403(59.2% of kept)
  wing连通性: 碎块点=28  实际改判=28
  confidence=high  (wing_merged强制low; body候选点数<20或>0.9*n_kept强制low; 否则high)
  L/R锚定: wing_A -> wing_R  wing_B -> wing_L
  part_label分布(全部点，含if_keep=False的1-NN传播): body=476  wing_L=115  wing_R=160
  labeled csv -> /home/computer0/fly_project/fly_gsplat/outputs/ctrl_009_003_ratio3_sh0_dense_mid200/ratio3_sh0_dense/f1161/splatfacto/2026-08-20_185707/gaussian_features_f1161_labeled.csv

[f1162] n_total=818 n_kept=740 (90.5%)  n_frames_in_window=73
  body候选体素数(阈值+连通分量后)=130  body候选点数=413(55.8% of kept)
  wing连通性: 碎块点=14  实际改判=14
  confidence=high  (wing_merged强制low; body候选点数<20或>0.9*n_kept强制low; 否则high)
  L/R锚定: wing_A -> wing_R  wing_B -> wing_L
  part_label分布(全部点，含if_keep=False的1-NN传播): body=490  wing_L=146  wing_R=182
  labeled csv -> /home/computer0/fly_project/fly_gsplat/outputs/ctrl_009_003_ratio3_sh0_dense_mid200/ratio3_sh0_dense/f1162/splatfacto/2026-08-20_185706/gaussian_features_f1162_labeled.csv

[f1163] n_total=787 n_kept=722 (91.7%)  n_frames_in_window=73
  body候选体素数(阈值+连通分量后)=124  body候选点数=381(52.8% of kept)
  wing连通性: 碎块点=8  实际改判=8
  confidence=high  (wing_merged强制low; body候选点数<20或>0.9*n_kept强制low; 否则high)
  L/R锚定: wing_A -> wing_L  wing_B -> wing_R
  part_label分布(全部点，含if_keep=False的1-NN传播): body=436  wing_L=283  wing_R=68
  labeled csv -> /home/computer0/fly_project/fly_gsplat/outputs/ctrl_009_003_ratio3_sh0_dense_mid200/ratio3_sh0_dense/f1163/splatfacto/2026-08-20_185707/gaussian_features_f1163_labeled.csv
  [警告][f1164] wing_merged_forced_split: wing候选点的连通分量分析后只有1个显著分量(贴一起无法物理拆分)，强行按x_body×up投影中位数切成两半，强制confidence=low

[f1164] n_total=799 n_kept=717 (89.7%)  n_frames_in_window=73
  body候选体素数(阈值+连通分量后)=123  body候选点数=337(47.0% of kept)
  wing连通性: 碎块点=17  实际改判=17
  confidence=low  (wing_merged强制low; body候选点数<20或>0.9*n_kept强制low; 否则high)
  L/R锚定: wing_A -> wing_R  wing_B -> wing_L
  part_label分布(全部点，含if_keep=False的1-NN传播): body=406  wing_L=194  wing_R=199
  labeled csv -> /home/computer0/fly_project/fly_gsplat/outputs/ctrl_009_003_ratio3_sh0_dense_mid200/ratio3_sh0_dense/f1164/splatfacto/2026-08-20_185707/gaussian_features_f1164_labeled.csv

[f1165] n_total=870 n_kept=767 (88.2%)  n_frames_in_window=73
  body候选体素数(阈值+连通分量后)=123  body候选点数=409(53.3% of kept)
  wing连通性: 碎块点=88  实际改判=88
  confidence=high  (wing_merged强制low; body候选点数<20或>0.9*n_kept强制low; 否则high)
  L/R锚定: wing_A -> wing_R  wing_B -> wing_L
  part_label分布(全部点，含if_keep=False的1-NN传播): body=531  wing_L=145  wing_R=194
  labeled csv -> /home/computer0/fly_project/fly_gsplat/outputs/ctrl_009_003_ratio3_sh0_dense_mid200/ratio3_sh0_dense/f1165/splatfacto/2026-08-20_185707/gaussian_features_f1165_labeled.csv

[f1166] n_total=738 n_kept=633 (85.8%)  n_frames_in_window=73
  body候选体素数(阈值+连通分量后)=122  body候选点数=356(56.2% of kept)
  wing连通性: 碎块点=40  实际改判=40
  confidence=high  (wing_merged强制low; body候选点数<20或>0.9*n_kept强制low; 否则high)
  L/R锚定: wing_A -> wing_L  wing_B -> wing_R
  part_label分布(全部点，含if_keep=False的1-NN传播): body=472  wing_L=136  wing_R=130
  labeled csv -> /home/computer0/fly_project/fly_gsplat/outputs/ctrl_009_003_ratio3_sh0_dense_mid200/ratio3_sh0_dense/f1166/splatfacto/2026-08-20_185707/gaussian_features_f1166_labeled.csv
[density] body候选体素连通分量分析: 丢弃1/123个非最大连通分量的碎块体素

[f1167] n_total=747 n_kept=660 (88.4%)  n_frames_in_window=73
  body候选体素数(阈值+连通分量后)=122  body候选点数=420(63.6% of kept)
  wing连通性: 碎块点=53  实际改判=53
  confidence=high  (wing_merged强制low; body候选点数<20或>0.9*n_kept强制low; 否则high)
  L/R锚定: wing_A -> wing_R  wing_B -> wing_L
  part_label分布(全部点，含if_keep=False的1-NN传播): body=539  wing_L=70  wing_R=138
  labeled csv -> /home/computer0/fly_project/fly_gsplat/outputs/ctrl_009_003_ratio3_sh0_dense_mid200/ratio3_sh0_dense/f1167/splatfacto/2026-08-20_185707/gaussian_features_f1167_labeled.csv
[density] body候选体素连通分量分析: 丢弃1/121个非最大连通分量的碎块体素

[f1168] n_total=788 n_kept=683 (86.7%)  n_frames_in_window=73
  body候选体素数(阈值+连通分量后)=120  body候选点数=387(56.7% of kept)
  wing连通性: 碎块点=52  实际改判=52
  confidence=high  (wing_merged强制low; body候选点数<20或>0.9*n_kept强制low; 否则high)
  L/R锚定: wing_A -> wing_R  wing_B -> wing_L
  part_label分布(全部点，含if_keep=False的1-NN传播): body=497  wing_L=146  wing_R=145
  labeled csv -> /home/computer0/fly_project/fly_gsplat/outputs/ctrl_009_003_ratio3_sh0_dense_mid200/ratio3_sh0_dense/f1168/splatfacto/2026-08-20_185708/gaussian_features_f1168_labeled.csv
[density] body候选体素连通分量分析: 丢弃1/121个非最大连通分量的碎块体素

[f1169] n_total=795 n_kept=712 (89.6%)  n_frames_in_window=73
  body候选体素数(阈值+连通分量后)=120  body候选点数=427(60.0% of kept)
  wing连通性: 碎块点=34  实际改判=34
  confidence=high  (wing_merged强制low; body候选点数<20或>0.9*n_kept强制low; 否则high)
  L/R锚定: wing_A -> wing_L  wing_B -> wing_R
  part_label分布(全部点，含if_keep=False的1-NN传播): body=529  wing_L=135  wing_R=131
  labeled csv -> /home/computer0/fly_project/fly_gsplat/outputs/ctrl_009_003_ratio3_sh0_dense_mid200/ratio3_sh0_dense/f1169/splatfacto/2026-08-20_185708/gaussian_features_f1169_labeled.csv
[density] body候选体素连通分量分析: 丢弃1/121个非最大连通分量的碎块体素

[f1170] n_total=745 n_kept=639 (85.8%)  n_frames_in_window=73
  body候选体素数(阈值+连通分量后)=120  body候选点数=346(54.1% of kept)
  wing连通性: 碎块点=44  实际改判=44
  confidence=high  (wing_merged强制low; body候选点数<20或>0.9*n_kept强制low; 否则high)
  L/R锚定: wing_A -> wing_R  wing_B -> wing_L
  part_label分布(全部点，含if_keep=False的1-NN传播): body=469  wing_L=124  wing_R=152
  labeled csv -> /home/computer0/fly_project/fly_gsplat/outputs/ctrl_009_003_ratio3_sh0_dense_mid200/ratio3_sh0_dense/f1170/splatfacto/2026-08-20_185707/gaussian_features_f1170_labeled.csv
[density] body候选体素连通分量分析: 丢弃1/120个非最大连通分量的碎块体素

[f1171] n_total=837 n_kept=698 (83.4%)  n_frames_in_window=73
  body候选体素数(阈值+连通分量后)=119  body候选点数=387(55.4% of kept)
  wing连通性: 碎块点=46  实际改判=46
  confidence=high  (wing_merged强制low; body候选点数<20或>0.9*n_kept强制low; 否则high)
  L/R锚定: wing_A -> wing_R  wing_B -> wing_L
  part_label分布(全部点，含if_keep=False的1-NN传播): body=538  wing_L=131  wing_R=168
  labeled csv -> /home/computer0/fly_project/fly_gsplat/outputs/ctrl_009_003_ratio3_sh0_dense_mid200/ratio3_sh0_dense/f1171/splatfacto/2026-08-20_185708/gaussian_features_f1171_labeled.csv
[density] body候选体素连通分量分析: 丢弃1/120个非最大连通分量的碎块体素

[f1172] n_total=749 n_kept=649 (86.6%)  n_frames_in_window=73
  body候选体素数(阈值+连通分量后)=119  body候选点数=365(56.2% of kept)
  wing连通性: 碎块点=50  实际改判=50
  confidence=high  (wing_merged强制low; body候选点数<20或>0.9*n_kept强制low; 否则high)
  L/R锚定: wing_A -> wing_R  wing_B -> wing_L
  part_label分布(全部点，含if_keep=False的1-NN传播): body=463  wing_L=127  wing_R=159
  labeled csv -> /home/computer0/fly_project/fly_gsplat/outputs/ctrl_009_003_ratio3_sh0_dense_mid200/ratio3_sh0_dense/f1172/splatfacto/2026-08-20_185902/gaussian_features_f1172_labeled.csv
[density] body候选体素连通分量分析: 丢弃1/119个非最大连通分量的碎块体素

[f1173] n_total=856 n_kept=724 (84.6%)  n_frames_in_window=73
  body候选体素数(阈值+连通分量后)=118  body候选点数=394(54.4% of kept)
  wing连通性: 碎块点=57  实际改判=57
  confidence=high  (wing_merged强制low; body候选点数<20或>0.9*n_kept强制low; 否则high)
  L/R锚定: wing_A -> wing_R  wing_B -> wing_L
  part_label分布(全部点，含if_keep=False的1-NN传播): body=509  wing_L=139  wing_R=208
  labeled csv -> /home/computer0/fly_project/fly_gsplat/outputs/ctrl_009_003_ratio3_sh0_dense_mid200/ratio3_sh0_dense/f1173/splatfacto/2026-08-20_185903/gaussian_features_f1173_labeled.csv
[density] body候选体素连通分量分析: 丢弃1/119个非最大连通分量的碎块体素

[f1174] n_total=845 n_kept=734 (86.9%)  n_frames_in_window=73
  body候选体素数(阈值+连通分量后)=118  body候选点数=462(62.9% of kept)
  wing连通性: 碎块点=39  实际改判=39
  confidence=high  (wing_merged强制low; body候选点数<20或>0.9*n_kept强制low; 否则high)
  L/R锚定: wing_A -> wing_R  wing_B -> wing_L
  part_label分布(全部点，含if_keep=False的1-NN传播): body=595  wing_L=103  wing_R=147
  labeled csv -> /home/computer0/fly_project/fly_gsplat/outputs/ctrl_009_003_ratio3_sh0_dense_mid200/ratio3_sh0_dense/f1174/splatfacto/2026-08-20_185903/gaussian_features_f1174_labeled.csv
[density] body候选体素连通分量分析: 丢弃1/117个非最大连通分量的碎块体素

[f1175] n_total=822 n_kept=724 (88.1%)  n_frames_in_window=73
  body候选体素数(阈值+连通分量后)=116  body候选点数=427(59.0% of kept)
  wing连通性: 碎块点=44  实际改判=44
  confidence=high  (wing_merged强制low; body候选点数<20或>0.9*n_kept强制low; 否则high)
  L/R锚定: wing_A -> wing_R  wing_B -> wing_L
  part_label分布(全部点，含if_keep=False的1-NN传播): body=557  wing_L=90  wing_R=175
  labeled csv -> /home/computer0/fly_project/fly_gsplat/outputs/ctrl_009_003_ratio3_sh0_dense_mid200/ratio3_sh0_dense/f1175/splatfacto/2026-08-20_185903/gaussian_features_f1175_labeled.csv
[density] body候选体素连通分量分析: 丢弃1/119个非最大连通分量的碎块体素

[f1176] n_total=888 n_kept=783 (88.2%)  n_frames_in_window=73
  body候选体素数(阈值+连通分量后)=118  body候选点数=395(50.4% of kept)
  wing连通性: 碎块点=82  实际改判=82
  confidence=high  (wing_merged强制low; body候选点数<20或>0.9*n_kept强制low; 否则high)
  L/R锚定: wing_A -> wing_R  wing_B -> wing_L
  part_label分布(全部点，含if_keep=False的1-NN传播): body=531  wing_L=131  wing_R=226
  labeled csv -> /home/computer0/fly_project/fly_gsplat/outputs/ctrl_009_003_ratio3_sh0_dense_mid200/ratio3_sh0_dense/f1176/splatfacto/2026-08-20_185903/gaussian_features_f1176_labeled.csv
[density] body候选体素连通分量分析: 丢弃1/123个非最大连通分量的碎块体素

[f1177] n_total=846 n_kept=759 (89.7%)  n_frames_in_window=73
  body候选体素数(阈值+连通分量后)=122  body候选点数=444(58.5% of kept)
  wing连通性: 碎块点=95  实际改判=95
  confidence=high  (wing_merged强制low; body候选点数<20或>0.9*n_kept强制low; 否则high)
  L/R锚定: wing_A -> wing_R  wing_B -> wing_L
  part_label分布(全部点，含if_keep=False的1-NN传播): body=575  wing_L=105  wing_R=166
  labeled csv -> /home/computer0/fly_project/fly_gsplat/outputs/ctrl_009_003_ratio3_sh0_dense_mid200/ratio3_sh0_dense/f1177/splatfacto/2026-08-20_185903/gaussian_features_f1177_labeled.csv
[density] body候选体素连通分量分析: 丢弃1/124个非最大连通分量的碎块体素

[f1178] n_total=861 n_kept=770 (89.4%)  n_frames_in_window=73
  body候选体素数(阈值+连通分量后)=123  body候选点数=461(59.9% of kept)
  wing连通性: 碎块点=59  实际改判=59
  confidence=high  (wing_merged强制low; body候选点数<20或>0.9*n_kept强制low; 否则high)
  L/R锚定: wing_A -> wing_R  wing_B -> wing_L
  part_label分布(全部点，含if_keep=False的1-NN传播): body=572  wing_L=108  wing_R=181
  labeled csv -> /home/computer0/fly_project/fly_gsplat/outputs/ctrl_009_003_ratio3_sh0_dense_mid200/ratio3_sh0_dense/f1178/splatfacto/2026-08-20_185902/gaussian_features_f1178_labeled.csv
[density] body候选体素连通分量分析: 丢弃1/123个非最大连通分量的碎块体素

[f1179] n_total=838 n_kept=736 (87.8%)  n_frames_in_window=73
  body候选体素数(阈值+连通分量后)=122  body候选点数=449(61.0% of kept)
  wing连通性: 碎块点=41  实际改判=41
  confidence=high  (wing_merged强制low; body候选点数<20或>0.9*n_kept强制low; 否则high)
  L/R锚定: wing_A -> wing_L  wing_B -> wing_R
  part_label分布(全部点，含if_keep=False的1-NN传播): body=536  wing_L=147  wing_R=155
  labeled csv -> /home/computer0/fly_project/fly_gsplat/outputs/ctrl_009_003_ratio3_sh0_dense_mid200/ratio3_sh0_dense/f1179/splatfacto/2026-08-20_185903/gaussian_features_f1179_labeled.csv
[density] body候选体素连通分量分析: 丢弃1/123个非最大连通分量的碎块体素

[f1180] n_total=776 n_kept=690 (88.9%)  n_frames_in_window=73
  body候选体素数(阈值+连通分量后)=122  body候选点数=404(58.6% of kept)
  wing连通性: 碎块点=58  实际改判=58
  confidence=high  (wing_merged强制low; body候选点数<20或>0.9*n_kept强制low; 否则high)
  L/R锚定: wing_A -> wing_R  wing_B -> wing_L
  part_label分布(全部点，含if_keep=False的1-NN传播): body=495  wing_L=129  wing_R=152
  labeled csv -> /home/computer0/fly_project/fly_gsplat/outputs/ctrl_009_003_ratio3_sh0_dense_mid200/ratio3_sh0_dense/f1180/splatfacto/2026-08-20_185902/gaussian_features_f1180_labeled.csv
[density] body候选体素连通分量分析: 丢弃1/122个非最大连通分量的碎块体素

[f1181] n_total=904 n_kept=784 (86.7%)  n_frames_in_window=73
  body候选体素数(阈值+连通分量后)=121  body候选点数=480(61.2% of kept)
  wing连通性: 碎块点=22  实际改判=22
  confidence=high  (wing_merged强制low; body候选点数<20或>0.9*n_kept强制low; 否则high)
  L/R锚定: wing_A -> wing_L  wing_B -> wing_R
  part_label分布(全部点，含if_keep=False的1-NN传播): body=569  wing_L=190  wing_R=145
  labeled csv -> /home/computer0/fly_project/fly_gsplat/outputs/ctrl_009_003_ratio3_sh0_dense_mid200/ratio3_sh0_dense/f1181/splatfacto/2026-08-20_185904/gaussian_features_f1181_labeled.csv
[density] body候选体素连通分量分析: 丢弃1/122个非最大连通分量的碎块体素

[f1182] n_total=811 n_kept=724 (89.3%)  n_frames_in_window=73
  body候选体素数(阈值+连通分量后)=121  body候选点数=456(63.0% of kept)
  wing连通性: 碎块点=14  实际改判=14
  confidence=high  (wing_merged强制low; body候选点数<20或>0.9*n_kept强制low; 否则high)
  L/R锚定: wing_A -> wing_R  wing_B -> wing_L
  part_label分布(全部点，含if_keep=False的1-NN传播): body=524  wing_L=150  wing_R=137
  labeled csv -> /home/computer0/fly_project/fly_gsplat/outputs/ctrl_009_003_ratio3_sh0_dense_mid200/ratio3_sh0_dense/f1182/splatfacto/2026-08-20_185902/gaussian_features_f1182_labeled.csv
[density] body候选体素连通分量分析: 丢弃1/123个非最大连通分量的碎块体素

[f1183] n_total=843 n_kept=733 (87.0%)  n_frames_in_window=73
  body候选体素数(阈值+连通分量后)=122  body候选点数=421(57.4% of kept)
  wing连通性: 碎块点=7  实际改判=7
  confidence=high  (wing_merged强制low; body候选点数<20或>0.9*n_kept强制low; 否则high)
  L/R锚定: wing_A -> wing_L  wing_B -> wing_R
  part_label分布(全部点，含if_keep=False的1-NN传播): body=500  wing_L=193  wing_R=150
  labeled csv -> /home/computer0/fly_project/fly_gsplat/outputs/ctrl_009_003_ratio3_sh0_dense_mid200/ratio3_sh0_dense/f1183/splatfacto/2026-08-20_185903/gaussian_features_f1183_labeled.csv
[density] body候选体素连通分量分析: 丢弃1/123个非最大连通分量的碎块体素

[f1184] n_total=781 n_kept=675 (86.4%)  n_frames_in_window=73
  body候选体素数(阈值+连通分量后)=122  body候选点数=417(61.8% of kept)
  wing连通性: 碎块点=19  实际改判=19
  confidence=high  (wing_merged强制low; body候选点数<20或>0.9*n_kept强制low; 否则high)
  L/R锚定: wing_A -> wing_L  wing_B -> wing_R
  part_label分布(全部点，含if_keep=False的1-NN传播): body=505  wing_L=155  wing_R=121
  labeled csv -> /home/computer0/fly_project/fly_gsplat/outputs/ctrl_009_003_ratio3_sh0_dense_mid200/ratio3_sh0_dense/f1184/splatfacto/2026-08-20_190057/gaussian_features_f1184_labeled.csv
[density] body候选体素连通分量分析: 丢弃1/125个非最大连通分量的碎块体素

[f1185] n_total=785 n_kept=685 (87.3%)  n_frames_in_window=73
  body候选体素数(阈值+连通分量后)=124  body候选点数=431(62.9% of kept)
  wing连通性: 碎块点=46  实际改判=46
  confidence=high  (wing_merged强制low; body候选点数<20或>0.9*n_kept强制low; 否则high)
  L/R锚定: wing_A -> wing_L  wing_B -> wing_R
  part_label分布(全部点，含if_keep=False的1-NN传播): body=519  wing_L=162  wing_R=104
  labeled csv -> /home/computer0/fly_project/fly_gsplat/outputs/ctrl_009_003_ratio3_sh0_dense_mid200/ratio3_sh0_dense/f1185/splatfacto/2026-08-20_190057/gaussian_features_f1185_labeled.csv
[density] body候选体素连通分量分析: 丢弃1/126个非最大连通分量的碎块体素

[f1186] n_total=757 n_kept=656 (86.7%)  n_frames_in_window=73
  body候选体素数(阈值+连通分量后)=125  body候选点数=406(61.9% of kept)
  wing连通性: 碎块点=68  实际改判=68
  confidence=high  (wing_merged强制low; body候选点数<20或>0.9*n_kept强制low; 否则high)
  L/R锚定: wing_A -> wing_L  wing_B -> wing_R
  part_label分布(全部点，含if_keep=False的1-NN传播): body=482  wing_L=161  wing_R=114
  labeled csv -> /home/computer0/fly_project/fly_gsplat/outputs/ctrl_009_003_ratio3_sh0_dense_mid200/ratio3_sh0_dense/f1186/splatfacto/2026-08-20_190101/gaussian_features_f1186_labeled.csv
[density] body候选体素连通分量分析: 丢弃1/124个非最大连通分量的碎块体素

[f1187] n_total=853 n_kept=752 (88.2%)  n_frames_in_window=73
  body候选体素数(阈值+连通分量后)=123  body候选点数=473(62.9% of kept)
  wing连通性: 碎块点=109  实际改判=109
  confidence=high  (wing_merged强制low; body候选点数<20或>0.9*n_kept强制low; 否则high)
  L/R锚定: wing_A -> wing_L  wing_B -> wing_R
  part_label分布(全部点，含if_keep=False的1-NN传播): body=552  wing_L=184  wing_R=117
  labeled csv -> /home/computer0/fly_project/fly_gsplat/outputs/ctrl_009_003_ratio3_sh0_dense_mid200/ratio3_sh0_dense/f1187/splatfacto/2026-08-20_190102/gaussian_features_f1187_labeled.csv
[density] body候选体素连通分量分析: 丢弃1/123个非最大连通分量的碎块体素

[f1188] n_total=726 n_kept=659 (90.8%)  n_frames_in_window=73
  body候选体素数(阈值+连通分量后)=122  body候选点数=379(57.5% of kept)
  wing连通性: 碎块点=26  实际改判=26
  confidence=high  (wing_merged强制low; body候选点数<20或>0.9*n_kept强制low; 否则high)
  L/R锚定: wing_A -> wing_L  wing_B -> wing_R
  part_label分布(全部点，含if_keep=False的1-NN传播): body=459  wing_L=153  wing_R=114
  labeled csv -> /home/computer0/fly_project/fly_gsplat/outputs/ctrl_009_003_ratio3_sh0_dense_mid200/ratio3_sh0_dense/f1188/splatfacto/2026-08-20_190101/gaussian_features_f1188_labeled.csv
[density] body候选体素连通分量分析: 丢弃1/123个非最大连通分量的碎块体素

[f1189] n_total=709 n_kept=625 (88.2%)  n_frames_in_window=73
  body候选体素数(阈值+连通分量后)=122  body候选点数=365(58.4% of kept)
  wing连通性: 碎块点=48  实际改判=48
  confidence=high  (wing_merged强制low; body候选点数<20或>0.9*n_kept强制low; 否则high)
  L/R锚定: wing_A -> wing_L  wing_B -> wing_R
  part_label分布(全部点，含if_keep=False的1-NN传播): body=432  wing_L=172  wing_R=105
  labeled csv -> /home/computer0/fly_project/fly_gsplat/outputs/ctrl_009_003_ratio3_sh0_dense_mid200/ratio3_sh0_dense/f1189/splatfacto/2026-08-20_190101/gaussian_features_f1189_labeled.csv
[density] body候选体素连通分量分析: 丢弃1/126个非最大连通分量的碎块体素

[f1190] n_total=695 n_kept=609 (87.6%)  n_frames_in_window=73
  body候选体素数(阈值+连通分量后)=125  body候选点数=359(58.9% of kept)
  wing连通性: 碎块点=47  实际改判=47
  confidence=high  (wing_merged强制low; body候选点数<20或>0.9*n_kept强制low; 否则high)
  L/R锚定: wing_A -> wing_L  wing_B -> wing_R
  part_label分布(全部点，含if_keep=False的1-NN传播): body=431  wing_L=167  wing_R=97
  labeled csv -> /home/computer0/fly_project/fly_gsplat/outputs/ctrl_009_003_ratio3_sh0_dense_mid200/ratio3_sh0_dense/f1190/splatfacto/2026-08-20_190058/gaussian_features_f1190_labeled.csv
[density] body候选体素连通分量分析: 丢弃1/124个非最大连通分量的碎块体素

[f1191] n_total=712 n_kept=644 (90.4%)  n_frames_in_window=73
  body候选体素数(阈值+连通分量后)=123  body候选点数=395(61.3% of kept)
  wing连通性: 碎块点=29  实际改判=29
  confidence=high  (wing_merged强制low; body候选点数<20或>0.9*n_kept强制low; 否则high)
  L/R锚定: wing_A -> wing_L  wing_B -> wing_R
  part_label分布(全部点，含if_keep=False的1-NN传播): body=450  wing_L=172  wing_R=90
  labeled csv -> /home/computer0/fly_project/fly_gsplat/outputs/ctrl_009_003_ratio3_sh0_dense_mid200/ratio3_sh0_dense/f1191/splatfacto/2026-08-20_190102/gaussian_features_f1191_labeled.csv
[density] body候选体素连通分量分析: 丢弃1/125个非最大连通分量的碎块体素

[f1192] n_total=642 n_kept=560 (87.2%)  n_frames_in_window=73
  body候选体素数(阈值+连通分量后)=124  body候选点数=360(64.3% of kept)
  wing连通性: 碎块点=37  实际改判=37
  confidence=high  (wing_merged强制low; body候选点数<20或>0.9*n_kept强制low; 否则high)
  L/R锚定: wing_A -> wing_L  wing_B -> wing_R
  part_label分布(全部点，含if_keep=False的1-NN传播): body=443  wing_L=148  wing_R=51
  labeled csv -> /home/computer0/fly_project/fly_gsplat/outputs/ctrl_009_003_ratio3_sh0_dense_mid200/ratio3_sh0_dense/f1192/splatfacto/2026-08-20_190101/gaussian_features_f1192_labeled.csv
[density] body候选体素连通分量分析: 丢弃1/124个非最大连通分量的碎块体素

[f1193] n_total=641 n_kept=593 (92.5%)  n_frames_in_window=73
  body候选体素数(阈值+连通分量后)=123  body候选点数=380(64.1% of kept)
  wing连通性: 碎块点=27  实际改判=27
  confidence=high  (wing_merged强制low; body候选点数<20或>0.9*n_kept强制low; 否则high)
  L/R锚定: wing_A -> wing_L  wing_B -> wing_R
  part_label分布(全部点，含if_keep=False的1-NN传播): body=441  wing_L=122  wing_R=78
  labeled csv -> /home/computer0/fly_project/fly_gsplat/outputs/ctrl_009_003_ratio3_sh0_dense_mid200/ratio3_sh0_dense/f1193/splatfacto/2026-08-20_190102/gaussian_features_f1193_labeled.csv
[density] body候选体素连通分量分析: 丢弃1/123个非最大连通分量的碎块体素

[f1194] n_total=588 n_kept=537 (91.3%)  n_frames_in_window=73
  body候选体素数(阈值+连通分量后)=122  body候选点数=330(61.5% of kept)
  wing连通性: 碎块点=20  实际改判=20
  confidence=high  (wing_merged强制low; body候选点数<20或>0.9*n_kept强制low; 否则high)
  L/R锚定: wing_A -> wing_L  wing_B -> wing_R
  part_label分布(全部点，含if_keep=False的1-NN传播): body=395  wing_L=101  wing_R=92
  labeled csv -> /home/computer0/fly_project/fly_gsplat/outputs/ctrl_009_003_ratio3_sh0_dense_mid200/ratio3_sh0_dense/f1194/splatfacto/2026-08-20_190102/gaussian_features_f1194_labeled.csv
[density] body候选体素连通分量分析: 丢弃1/123个非最大连通分量的碎块体素

[f1195] n_total=625 n_kept=562 (89.9%)  n_frames_in_window=73
  body候选体素数(阈值+连通分量后)=122  body候选点数=361(64.2% of kept)
  wing连通性: 碎块点=14  实际改判=14
  confidence=high  (wing_merged强制low; body候选点数<20或>0.9*n_kept强制low; 否则high)
  L/R锚定: wing_A -> wing_L  wing_B -> wing_R
  part_label分布(全部点，含if_keep=False的1-NN传播): body=431  wing_L=99  wing_R=95
  labeled csv -> /home/computer0/fly_project/fly_gsplat/outputs/ctrl_009_003_ratio3_sh0_dense_mid200/ratio3_sh0_dense/f1195/splatfacto/2026-08-20_190101/gaussian_features_f1195_labeled.csv
[density] body候选体素连通分量分析: 丢弃1/127个非最大连通分量的碎块体素

[f1196] n_total=657 n_kept=582 (88.6%)  n_frames_in_window=73
  body候选体素数(阈值+连通分量后)=126  body候选点数=376(64.6% of kept)
  wing连通性: 碎块点=24  实际改判=24
  confidence=high  (wing_merged强制low; body候选点数<20或>0.9*n_kept强制low; 否则high)
  L/R锚定: wing_A -> wing_R  wing_B -> wing_L
  part_label分布(全部点，含if_keep=False的1-NN传播): body=449  wing_L=82  wing_R=126
  labeled csv -> /home/computer0/fly_project/fly_gsplat/outputs/ctrl_009_003_ratio3_sh0_dense_mid200/ratio3_sh0_dense/f1196/splatfacto/2026-08-20_190255/gaussian_features_f1196_labeled.csv
[density] body候选体素连通分量分析: 丢弃1/127个非最大连通分量的碎块体素

[f1197] n_total=742 n_kept=665 (89.6%)  n_frames_in_window=73
  body候选体素数(阈值+连通分量后)=126  body候选点数=439(66.0% of kept)
  wing连通性: 碎块点=27  实际改判=27
  confidence=high  (wing_merged强制low; body候选点数<20或>0.9*n_kept强制low; 否则high)
  L/R锚定: wing_A -> wing_R  wing_B -> wing_L
  part_label分布(全部点，含if_keep=False的1-NN传播): body=528  wing_L=84  wing_R=130
  labeled csv -> /home/computer0/fly_project/fly_gsplat/outputs/ctrl_009_003_ratio3_sh0_dense_mid200/ratio3_sh0_dense/f1197/splatfacto/2026-08-20_190256/gaussian_features_f1197_labeled.csv
[density] body候选体素连通分量分析: 丢弃1/124个非最大连通分量的碎块体素

[f1198] n_total=663 n_kept=590 (89.0%)  n_frames_in_window=73
  body候选体素数(阈值+连通分量后)=123  body候选点数=348(59.0% of kept)
  wing连通性: 碎块点=13  实际改判=13
  confidence=high  (wing_merged强制low; body候选点数<20或>0.9*n_kept强制low; 否则high)
  L/R锚定: wing_A -> wing_R  wing_B -> wing_L
  part_label分布(全部点，含if_keep=False的1-NN传播): body=415  wing_L=105  wing_R=143
  labeled csv -> /home/computer0/fly_project/fly_gsplat/outputs/ctrl_009_003_ratio3_sh0_dense_mid200/ratio3_sh0_dense/f1198/splatfacto/2026-08-20_190256/gaussian_features_f1198_labeled.csv
[density] body候选体素连通分量分析: 丢弃1/126个非最大连通分量的碎块体素

[f1199] n_total=718 n_kept=645 (89.8%)  n_frames_in_window=73
  body候选体素数(阈值+连通分量后)=125  body候选点数=325(50.4% of kept)
  wing连通性: 碎块点=41  实际改判=41
  confidence=high  (wing_merged强制low; body候选点数<20或>0.9*n_kept强制low; 否则high)
  L/R锚定: wing_A -> wing_R  wing_B -> wing_L
  part_label分布(全部点，含if_keep=False的1-NN传播): body=396  wing_L=142  wing_R=180
  labeled csv -> /home/computer0/fly_project/fly_gsplat/outputs/ctrl_009_003_ratio3_sh0_dense_mid200/ratio3_sh0_dense/f1199/splatfacto/2026-08-20_190255/gaussian_features_f1199_labeled.csv
[density] body候选体素连通分量分析: 丢弃1/125个非最大连通分量的碎块体素

[f1200] n_total=784 n_kept=700 (89.3%)  n_frames_in_window=73
  body候选体素数(阈值+连通分量后)=124  body候选点数=395(56.4% of kept)
  wing连通性: 碎块点=25  实际改判=25
  confidence=high  (wing_merged强制low; body候选点数<20或>0.9*n_kept强制low; 否则high)
  L/R锚定: wing_A -> wing_R  wing_B -> wing_L
  part_label分布(全部点，含if_keep=False的1-NN传播): body=459  wing_L=142  wing_R=183
  labeled csv -> /home/computer0/fly_project/fly_gsplat/outputs/ctrl_009_003_ratio3_sh0_dense_mid200/ratio3_sh0_dense/f1200/splatfacto/2026-08-20_190254/gaussian_features_f1200_labeled.csv
[density] body候选体素连通分量分析: 丢弃1/124个非最大连通分量的碎块体素

[f1201] n_total=777 n_kept=700 (90.1%)  n_frames_in_window=73
  body候选体素数(阈值+连通分量后)=123  body候选点数=382(54.6% of kept)
  wing连通性: 碎块点=11  实际改判=11
  confidence=high  (wing_merged强制low; body候选点数<20或>0.9*n_kept强制low; 否则high)
  L/R锚定: wing_A -> wing_R  wing_B -> wing_L
  part_label分布(全部点，含if_keep=False的1-NN传播): body=445  wing_L=156  wing_R=176
  labeled csv -> /home/computer0/fly_project/fly_gsplat/outputs/ctrl_009_003_ratio3_sh0_dense_mid200/ratio3_sh0_dense/f1201/splatfacto/2026-08-20_190256/gaussian_features_f1201_labeled.csv
[density] body候选体素连通分量分析: 丢弃1/126个非最大连通分量的碎块体素

[f1202] n_total=728 n_kept=647 (88.9%)  n_frames_in_window=73
  body候选体素数(阈值+连通分量后)=125  body候选点数=365(56.4% of kept)
  wing连通性: 碎块点=19  实际改判=19
  confidence=high  (wing_merged强制low; body候选点数<20或>0.9*n_kept强制low; 否则high)
  L/R锚定: wing_A -> wing_L  wing_B -> wing_R
  part_label分布(全部点，含if_keep=False的1-NN传播): body=449  wing_L=145  wing_R=134
  labeled csv -> /home/computer0/fly_project/fly_gsplat/outputs/ctrl_009_003_ratio3_sh0_dense_mid200/ratio3_sh0_dense/f1202/splatfacto/2026-08-20_190257/gaussian_features_f1202_labeled.csv
[density] body候选体素连通分量分析: 丢弃2/124个非最大连通分量的碎块体素

[f1203] n_total=707 n_kept=626 (88.5%)  n_frames_in_window=73
  body候选体素数(阈值+连通分量后)=122  body候选点数=357(57.0% of kept)
  wing连通性: 碎块点=7  实际改判=7
  confidence=high  (wing_merged强制low; body候选点数<20或>0.9*n_kept强制low; 否则high)
  L/R锚定: wing_A -> wing_R  wing_B -> wing_L
  part_label分布(全部点，含if_keep=False的1-NN传播): body=421  wing_L=139  wing_R=147
  labeled csv -> /home/computer0/fly_project/fly_gsplat/outputs/ctrl_009_003_ratio3_sh0_dense_mid200/ratio3_sh0_dense/f1203/splatfacto/2026-08-20_190257/gaussian_features_f1203_labeled.csv
[density] body候选体素连通分量分析: 丢弃1/123个非最大连通分量的碎块体素

[f1204] n_total=736 n_kept=671 (91.2%)  n_frames_in_window=73
  body候选体素数(阈值+连通分量后)=122  body候选点数=381(56.8% of kept)
  wing连通性: 碎块点=14  实际改判=14
  confidence=high  (wing_merged强制low; body候选点数<20或>0.9*n_kept强制low; 否则high)
  L/R锚定: wing_A -> wing_L  wing_B -> wing_R
  part_label分布(全部点，含if_keep=False的1-NN传播): body=437  wing_L=163  wing_R=136
  labeled csv -> /home/computer0/fly_project/fly_gsplat/outputs/ctrl_009_003_ratio3_sh0_dense_mid200/ratio3_sh0_dense/f1204/splatfacto/2026-08-20_190257/gaussian_features_f1204_labeled.csv
[density] body候选体素连通分量分析: 丢弃1/123个非最大连通分量的碎块体素

[f1205] n_total=686 n_kept=618 (90.1%)  n_frames_in_window=73
  body候选体素数(阈值+连通分量后)=122  body候选点数=426(68.9% of kept)
  wing连通性: 碎块点=19  实际改判=19
  confidence=high  (wing_merged强制low; body候选点数<20或>0.9*n_kept强制low; 否则high)
  L/R锚定: wing_A -> wing_R  wing_B -> wing_L
  part_label分布(全部点，含if_keep=False的1-NN传播): body=489  wing_L=85  wing_R=112
  labeled csv -> /home/computer0/fly_project/fly_gsplat/outputs/ctrl_009_003_ratio3_sh0_dense_mid200/ratio3_sh0_dense/f1205/splatfacto/2026-08-20_190257/gaussian_features_f1205_labeled.csv
[density] body候选体素连通分量分析: 丢弃1/124个非最大连通分量的碎块体素

[f1206] n_total=722 n_kept=646 (89.5%)  n_frames_in_window=73
  body候选体素数(阈值+连通分量后)=123  body候选点数=458(70.9% of kept)
  wing连通性: 碎块点=22  实际改判=22
  confidence=high  (wing_merged强制low; body候选点数<20或>0.9*n_kept强制low; 否则high)
  L/R锚定: wing_A -> wing_R  wing_B -> wing_L
  part_label分布(全部点，含if_keep=False的1-NN传播): body=540  wing_L=59  wing_R=123
  labeled csv -> /home/computer0/fly_project/fly_gsplat/outputs/ctrl_009_003_ratio3_sh0_dense_mid200/ratio3_sh0_dense/f1206/splatfacto/2026-08-20_190257/gaussian_features_f1206_labeled.csv
[density] body候选体素连通分量分析: 丢弃1/125个非最大连通分量的碎块体素

[f1207] n_total=717 n_kept=625 (87.2%)  n_frames_in_window=73
  body候选体素数(阈值+连通分量后)=124  body候选点数=481(77.0% of kept)
  wing连通性: 碎块点=9  实际改判=9
  confidence=high  (wing_merged强制low; body候选点数<20或>0.9*n_kept强制low; 否则high)
  L/R锚定: wing_A -> wing_L  wing_B -> wing_R
  part_label分布(全部点，含if_keep=False的1-NN传播): body=543  wing_L=98  wing_R=76
  labeled csv -> /home/computer0/fly_project/fly_gsplat/outputs/ctrl_009_003_ratio3_sh0_dense_mid200/ratio3_sh0_dense/f1207/splatfacto/2026-08-20_190257/gaussian_features_f1207_labeled.csv
[density] body候选体素连通分量分析: 丢弃1/125个非最大连通分量的碎块体素

[f1208] n_total=667 n_kept=587 (88.0%)  n_frames_in_window=73
  body候选体素数(阈值+连通分量后)=124  body候选点数=406(69.2% of kept)
  wing连通性: 碎块点=9  实际改判=9
  confidence=high  (wing_merged强制low; body候选点数<20或>0.9*n_kept强制low; 否则high)
  L/R锚定: wing_A -> wing_R  wing_B -> wing_L
  part_label分布(全部点，含if_keep=False的1-NN传播): body=477  wing_L=70  wing_R=120
  labeled csv -> /home/computer0/fly_project/fly_gsplat/outputs/ctrl_009_003_ratio3_sh0_dense_mid200/ratio3_sh0_dense/f1208/splatfacto/2026-08-20_190450/gaussian_features_f1208_labeled.csv
[density] body候选体素连通分量分析: 丢弃1/125个非最大连通分量的碎块体素

[f1209] n_total=677 n_kept=607 (89.7%)  n_frames_in_window=73
  body候选体素数(阈值+连通分量后)=124  body候选点数=416(68.5% of kept)
  wing连通性: 碎块点=26  实际改判=26
  confidence=high  (wing_merged强制low; body候选点数<20或>0.9*n_kept强制low; 否则high)
  L/R锚定: wing_A -> wing_R  wing_B -> wing_L
  part_label分布(全部点，含if_keep=False的1-NN传播): body=491  wing_L=75  wing_R=111
  labeled csv -> /home/computer0/fly_project/fly_gsplat/outputs/ctrl_009_003_ratio3_sh0_dense_mid200/ratio3_sh0_dense/f1209/splatfacto/2026-08-20_190451/gaussian_features_f1209_labeled.csv
[density] body候选体素连通分量分析: 丢弃1/124个非最大连通分量的碎块体素

[f1210] n_total=621 n_kept=538 (86.6%)  n_frames_in_window=73
  body候选体素数(阈值+连通分量后)=123  body候选点数=386(71.7% of kept)
  wing连通性: 碎块点=5  实际改判=5
  confidence=high  (wing_merged强制low; body候选点数<20或>0.9*n_kept强制low; 否则high)
  L/R锚定: wing_A -> wing_R  wing_B -> wing_L
  part_label分布(全部点，含if_keep=False的1-NN传播): body=448  wing_L=75  wing_R=98
  labeled csv -> /home/computer0/fly_project/fly_gsplat/outputs/ctrl_009_003_ratio3_sh0_dense_mid200/ratio3_sh0_dense/f1210/splatfacto/2026-08-20_190452/gaussian_features_f1210_labeled.csv
[density] body候选体素连通分量分析: 丢弃2/128个非最大连通分量的碎块体素

[f1211] n_total=598 n_kept=535 (89.5%)  n_frames_in_window=73
  body候选体素数(阈值+连通分量后)=126  body候选点数=349(65.2% of kept)
  wing连通性: 碎块点=21  实际改判=21
  confidence=high  (wing_merged强制low; body候选点数<20或>0.9*n_kept强制low; 否则high)
  L/R锚定: wing_A -> wing_R  wing_B -> wing_L
  part_label分布(全部点，含if_keep=False的1-NN传播): body=420  wing_L=82  wing_R=96
  labeled csv -> /home/computer0/fly_project/fly_gsplat/outputs/ctrl_009_003_ratio3_sh0_dense_mid200/ratio3_sh0_dense/f1211/splatfacto/2026-08-20_190452/gaussian_features_f1211_labeled.csv
[density] body候选体素连通分量分析: 丢弃2/129个非最大连通分量的碎块体素

[f1212] n_total=604 n_kept=540 (89.4%)  n_frames_in_window=73
  body候选体素数(阈值+连通分量后)=127  body候选点数=386(71.5% of kept)
  wing连通性: 碎块点=19  实际改判=19
  confidence=high  (wing_merged强制low; body候选点数<20或>0.9*n_kept强制low; 否则high)
  L/R锚定: wing_A -> wing_R  wing_B -> wing_L
  part_label分布(全部点，含if_keep=False的1-NN传播): body=446  wing_L=76  wing_R=82
  labeled csv -> /home/computer0/fly_project/fly_gsplat/outputs/ctrl_009_003_ratio3_sh0_dense_mid200/ratio3_sh0_dense/f1212/splatfacto/2026-08-20_190452/gaussian_features_f1212_labeled.csv
[density] body候选体素连通分量分析: 丢弃2/130个非最大连通分量的碎块体素

[f1213] n_total=600 n_kept=545 (90.8%)  n_frames_in_window=73
  body候选体素数(阈值+连通分量后)=128  body候选点数=376(69.0% of kept)
  wing连通性: 碎块点=18  实际改判=18
  confidence=high  (wing_merged强制low; body候选点数<20或>0.9*n_kept强制low; 否则high)
  L/R锚定: wing_A -> wing_R  wing_B -> wing_L
  part_label分布(全部点，含if_keep=False的1-NN传播): body=436  wing_L=70  wing_R=94
  labeled csv -> /home/computer0/fly_project/fly_gsplat/outputs/ctrl_009_003_ratio3_sh0_dense_mid200/ratio3_sh0_dense/f1213/splatfacto/2026-08-20_190453/gaussian_features_f1213_labeled.csv
[density] body候选体素连通分量分析: 丢弃2/129个非最大连通分量的碎块体素

[f1214] n_total=568 n_kept=510 (89.8%)  n_frames_in_window=73
  body候选体素数(阈值+连通分量后)=127  body候选点数=356(69.8% of kept)
  wing连通性: 碎块点=23  实际改判=23
  confidence=high  (wing_merged强制low; body候选点数<20或>0.9*n_kept强制low; 否则high)
  L/R锚定: wing_A -> wing_R  wing_B -> wing_L
  part_label分布(全部点，含if_keep=False的1-NN传播): body=423  wing_L=66  wing_R=79
  labeled csv -> /home/computer0/fly_project/fly_gsplat/outputs/ctrl_009_003_ratio3_sh0_dense_mid200/ratio3_sh0_dense/f1214/splatfacto/2026-08-20_190453/gaussian_features_f1214_labeled.csv
[density] body候选体素连通分量分析: 丢弃2/130个非最大连通分量的碎块体素

[f1215] n_total=611 n_kept=549 (89.9%)  n_frames_in_window=73
  body候选体素数(阈值+连通分量后)=128  body候选点数=371(67.6% of kept)
  wing连通性: 碎块点=14  实际改判=14
  confidence=high  (wing_merged强制low; body候选点数<20或>0.9*n_kept强制low; 否则high)
  L/R锚定: wing_A -> wing_R  wing_B -> wing_L
  part_label分布(全部点，含if_keep=False的1-NN传播): body=432  wing_L=82  wing_R=97
  labeled csv -> /home/computer0/fly_project/fly_gsplat/outputs/ctrl_009_003_ratio3_sh0_dense_mid200/ratio3_sh0_dense/f1215/splatfacto/2026-08-20_190452/gaussian_features_f1215_labeled.csv
[density] body候选体素连通分量分析: 丢弃2/131个非最大连通分量的碎块体素

[f1216] n_total=676 n_kept=600 (88.8%)  n_frames_in_window=73
  body候选体素数(阈值+连通分量后)=129  body候选点数=420(70.0% of kept)
  wing连通性: 碎块点=13  实际改判=13
  confidence=high  (wing_merged强制low; body候选点数<20或>0.9*n_kept强制low; 否则high)
  L/R锚定: wing_A -> wing_L  wing_B -> wing_R
  part_label分布(全部点，含if_keep=False的1-NN传播): body=488  wing_L=89  wing_R=99
  labeled csv -> /home/computer0/fly_project/fly_gsplat/outputs/ctrl_009_003_ratio3_sh0_dense_mid200/ratio3_sh0_dense/f1216/splatfacto/2026-08-20_190454/gaussian_features_f1216_labeled.csv
[density] body候选体素连通分量分析: 丢弃1/131个非最大连通分量的碎块体素

[f1217] n_total=608 n_kept=552 (90.8%)  n_frames_in_window=73
  body候选体素数(阈值+连通分量后)=130  body候选点数=362(65.6% of kept)
  wing连通性: 碎块点=16  实际改判=16
  confidence=high  (wing_merged强制low; body候选点数<20或>0.9*n_kept强制low; 否则high)
  L/R锚定: wing_A -> wing_L  wing_B -> wing_R
  part_label分布(全部点，含if_keep=False的1-NN传播): body=422  wing_L=97  wing_R=89
  labeled csv -> /home/computer0/fly_project/fly_gsplat/outputs/ctrl_009_003_ratio3_sh0_dense_mid200/ratio3_sh0_dense/f1217/splatfacto/2026-08-20_190454/gaussian_features_f1217_labeled.csv
[density] body候选体素连通分量分析: 丢弃1/130个非最大连通分量的碎块体素

[f1218] n_total=657 n_kept=577 (87.8%)  n_frames_in_window=73
  body候选体素数(阈值+连通分量后)=129  body候选点数=389(67.4% of kept)
  wing连通性: 碎块点=9  实际改判=9
  confidence=high  (wing_merged强制low; body候选点数<20或>0.9*n_kept强制low; 否则high)
  L/R锚定: wing_A -> wing_R  wing_B -> wing_L
  part_label分布(全部点，含if_keep=False的1-NN传播): body=457  wing_L=100  wing_R=100
  labeled csv -> /home/computer0/fly_project/fly_gsplat/outputs/ctrl_009_003_ratio3_sh0_dense_mid200/ratio3_sh0_dense/f1218/splatfacto/2026-08-20_190453/gaussian_features_f1218_labeled.csv
[density] body候选体素连通分量分析: 丢弃1/132个非最大连通分量的碎块体素

[f1219] n_total=633 n_kept=571 (90.2%)  n_frames_in_window=73
  body候选体素数(阈值+连通分量后)=131  body候选点数=359(62.9% of kept)
  wing连通性: 碎块点=7  实际改判=7
  confidence=high  (wing_merged强制low; body候选点数<20或>0.9*n_kept强制low; 否则high)
  L/R锚定: wing_A -> wing_L  wing_B -> wing_R
  part_label分布(全部点，含if_keep=False的1-NN传播): body=412  wing_L=111  wing_R=110
  labeled csv -> /home/computer0/fly_project/fly_gsplat/outputs/ctrl_009_003_ratio3_sh0_dense_mid200/ratio3_sh0_dense/f1219/splatfacto/2026-08-20_190454/gaussian_features_f1219_labeled.csv
[density] body候选体素连通分量分析: 丢弃1/128个非最大连通分量的碎块体素

[f1220] n_total=650 n_kept=588 (90.5%)  n_frames_in_window=73
  body候选体素数(阈值+连通分量后)=127  body候选点数=353(60.0% of kept)
  wing连通性: 碎块点=17  实际改判=17
  confidence=high  (wing_merged强制low; body候选点数<20或>0.9*n_kept强制low; 否则high)
  L/R锚定: wing_A -> wing_L  wing_B -> wing_R
  part_label分布(全部点，含if_keep=False的1-NN传播): body=417  wing_L=136  wing_R=97
  labeled csv -> /home/computer0/fly_project/fly_gsplat/outputs/ctrl_009_003_ratio3_sh0_dense_mid200/ratio3_sh0_dense/f1220/splatfacto/2026-08-20_190649/gaussian_features_f1220_labeled.csv
[density] body候选体素连通分量分析: 丢弃1/129个非最大连通分量的碎块体素

[f1221] n_total=719 n_kept=616 (85.7%)  n_frames_in_window=73
  body候选体素数(阈值+连通分量后)=128  body候选点数=379(61.5% of kept)
  wing连通性: 碎块点=42  实际改判=42
  confidence=high  (wing_merged强制low; body候选点数<20或>0.9*n_kept强制low; 否则high)
  L/R锚定: wing_A -> wing_L  wing_B -> wing_R
  part_label分布(全部点，含if_keep=False的1-NN传播): body=464  wing_L=146  wing_R=109
  labeled csv -> /home/computer0/fly_project/fly_gsplat/outputs/ctrl_009_003_ratio3_sh0_dense_mid200/ratio3_sh0_dense/f1221/splatfacto/2026-08-20_190649/gaussian_features_f1221_labeled.csv

[f1222] n_total=663 n_kept=597 (90.0%)  n_frames_in_window=73
  body候选体素数(阈值+连通分量后)=127  body候选点数=359(60.1% of kept)
  wing连通性: 碎块点=8  实际改判=8
  confidence=high  (wing_merged强制low; body候选点数<20或>0.9*n_kept强制low; 否则high)
  L/R锚定: wing_A -> wing_L  wing_B -> wing_R
  part_label分布(全部点，含if_keep=False的1-NN传播): body=423  wing_L=159  wing_R=81
  labeled csv -> /home/computer0/fly_project/fly_gsplat/outputs/ctrl_009_003_ratio3_sh0_dense_mid200/ratio3_sh0_dense/f1222/splatfacto/2026-08-20_190650/gaussian_features_f1222_labeled.csv

[f1223] n_total=706 n_kept=613 (86.8%)  n_frames_in_window=73
  body候选体素数(阈值+连通分量后)=126  body候选点数=396(64.6% of kept)
  wing连通性: 碎块点=36  实际改判=36
  confidence=high  (wing_merged强制low; body候选点数<20或>0.9*n_kept强制low; 否则high)
  L/R锚定: wing_A -> wing_L  wing_B -> wing_R
  part_label分布(全部点，含if_keep=False的1-NN传播): body=468  wing_L=168  wing_R=70
  labeled csv -> /home/computer0/fly_project/fly_gsplat/outputs/ctrl_009_003_ratio3_sh0_dense_mid200/ratio3_sh0_dense/f1223/splatfacto/2026-08-20_190650/gaussian_features_f1223_labeled.csv

[f1224] n_total=650 n_kept=566 (87.1%)  n_frames_in_window=73
  body候选体素数(阈值+连通分量后)=127  body候选点数=349(61.7% of kept)
  wing连通性: 碎块点=12  实际改判=12
  confidence=high  (wing_merged强制low; body候选点数<20或>0.9*n_kept强制low; 否则high)
  L/R锚定: wing_A -> wing_L  wing_B -> wing_R
  part_label分布(全部点，含if_keep=False的1-NN传播): body=424  wing_L=186  wing_R=40
  labeled csv -> /home/computer0/fly_project/fly_gsplat/outputs/ctrl_009_003_ratio3_sh0_dense_mid200/ratio3_sh0_dense/f1224/splatfacto/2026-08-20_190651/gaussian_features_f1224_labeled.csv
  [警告][f1225] wing_merged_forced_split: wing候选点的连通分量分析后只有1个显著分量(贴一起无法物理拆分)，强行按x_body×up投影中位数切成两半，强制confidence=low

[f1225] n_total=674 n_kept=566 (84.0%)  n_frames_in_window=73
  body候选体素数(阈值+连通分量后)=127  body候选点数=376(66.4% of kept)
  wing连通性: 碎块点=9  实际改判=9
  confidence=low  (wing_merged强制low; body候选点数<20或>0.9*n_kept强制low; 否则high)
  L/R锚定: wing_A -> wing_R  wing_B -> wing_L
  part_label分布(全部点，含if_keep=False的1-NN传播): body=452  wing_L=96  wing_R=126
  labeled csv -> /home/computer0/fly_project/fly_gsplat/outputs/ctrl_009_003_ratio3_sh0_dense_mid200/ratio3_sh0_dense/f1225/splatfacto/2026-08-20_190651/gaussian_features_f1225_labeled.csv
  [警告][f1226] wing_merged_forced_split: wing候选点的连通分量分析后只有1个显著分量(贴一起无法物理拆分)，强行按x_body×up投影中位数切成两半，强制confidence=low

[f1226] n_total=699 n_kept=614 (87.8%)  n_frames_in_window=73
  body候选体素数(阈值+连通分量后)=131  body候选点数=391(63.7% of kept)
  wing连通性: 碎块点=16  实际改判=16
  confidence=low  (wing_merged强制low; body候选点数<20或>0.9*n_kept强制low; 否则high)
  L/R锚定: wing_A -> wing_R  wing_B -> wing_L
  part_label分布(全部点，含if_keep=False的1-NN传播): body=443  wing_L=121  wing_R=135
  labeled csv -> /home/computer0/fly_project/fly_gsplat/outputs/ctrl_009_003_ratio3_sh0_dense_mid200/ratio3_sh0_dense/f1226/splatfacto/2026-08-20_190650/gaussian_features_f1226_labeled.csv

[f1227] n_total=726 n_kept=662 (91.2%)  n_frames_in_window=73
  body候选体素数(阈值+连通分量后)=132  body候选点数=415(62.7% of kept)
  wing连通性: 碎块点=11  实际改判=11
  confidence=high  (wing_merged强制low; body候选点数<20或>0.9*n_kept强制low; 否则high)
  L/R锚定: wing_A -> wing_L  wing_B -> wing_R
  part_label分布(全部点，含if_keep=False的1-NN传播): body=462  wing_L=239  wing_R=25
  labeled csv -> /home/computer0/fly_project/fly_gsplat/outputs/ctrl_009_003_ratio3_sh0_dense_mid200/ratio3_sh0_dense/f1227/splatfacto/2026-08-20_190650/gaussian_features_f1227_labeled.csv

[f1228] n_total=688 n_kept=593 (86.2%)  n_frames_in_window=73
  body候选体素数(阈值+连通分量后)=134  body候选点数=367(61.9% of kept)
  wing连通性: 碎块点=1  实际改判=1
  confidence=high  (wing_merged强制low; body候选点数<20或>0.9*n_kept强制low; 否则high)
  L/R锚定: wing_A -> wing_L  wing_B -> wing_R
  part_label分布(全部点，含if_keep=False的1-NN传播): body=433  wing_L=199  wing_R=56
  labeled csv -> /home/computer0/fly_project/fly_gsplat/outputs/ctrl_009_003_ratio3_sh0_dense_mid200/ratio3_sh0_dense/f1228/splatfacto/2026-08-20_190652/gaussian_features_f1228_labeled.csv
  [警告][f1229] wing_merged_forced_split: wing候选点的连通分量分析后只有1个显著分量(贴一起无法物理拆分)，强行按x_body×up投影中位数切成两半，强制confidence=low

[f1229] n_total=760 n_kept=666 (87.6%)  n_frames_in_window=73
  body候选体素数(阈值+连通分量后)=132  body候选点数=375(56.3% of kept)
  wing连通性: 碎块点=16  实际改判=16
  confidence=low  (wing_merged强制low; body候选点数<20或>0.9*n_kept强制low; 否则high)
  L/R锚定: wing_A -> wing_R  wing_B -> wing_L
  part_label分布(全部点，含if_keep=False的1-NN传播): body=443  wing_L=157  wing_R=160
  labeled csv -> /home/computer0/fly_project/fly_gsplat/outputs/ctrl_009_003_ratio3_sh0_dense_mid200/ratio3_sh0_dense/f1229/splatfacto/2026-08-20_190652/gaussian_features_f1229_labeled.csv
  [警告][f1230] wing_merged_forced_split: wing候选点的连通分量分析后只有1个显著分量(贴一起无法物理拆分)，强行按x_body×up投影中位数切成两半，强制confidence=low

[f1230] n_total=839 n_kept=740 (88.2%)  n_frames_in_window=73
  body候选体素数(阈值+连通分量后)=131  body候选点数=438(59.2% of kept)
  wing连通性: 碎块点=15  实际改判=15
  confidence=low  (wing_merged强制low; body候选点数<20或>0.9*n_kept强制low; 否则high)
  L/R锚定: wing_A -> wing_R  wing_B -> wing_L
  part_label分布(全部点，含if_keep=False的1-NN传播): body=499  wing_L=173  wing_R=167
  labeled csv -> /home/computer0/fly_project/fly_gsplat/outputs/ctrl_009_003_ratio3_sh0_dense_mid200/ratio3_sh0_dense/f1230/splatfacto/2026-08-20_190652/gaussian_features_f1230_labeled.csv
  [警告][f1231] wing_merged_forced_split: wing候选点的连通分量分析后只有1个显著分量(贴一起无法物理拆分)，强行按x_body×up投影中位数切成两半，强制confidence=low

[f1231] n_total=701 n_kept=633 (90.3%)  n_frames_in_window=73
  body候选体素数(阈值+连通分量后)=132  body候选点数=395(62.4% of kept)
  wing连通性: 碎块点=18  实际改判=18
  confidence=low  (wing_merged强制low; body候选点数<20或>0.9*n_kept强制low; 否则high)
  L/R锚定: wing_A -> wing_R  wing_B -> wing_L
  part_label分布(全部点，含if_keep=False的1-NN传播): body=448  wing_L=122  wing_R=131
  labeled csv -> /home/computer0/fly_project/fly_gsplat/outputs/ctrl_009_003_ratio3_sh0_dense_mid200/ratio3_sh0_dense/f1231/splatfacto/2026-08-20_190653/gaussian_features_f1231_labeled.csv

[f1232] n_total=680 n_kept=628 (92.4%)  n_frames_in_window=73
  body候选体素数(阈值+连通分量后)=128  body候选点数=382(60.8% of kept)
  wing连通性: 碎块点=41  实际改判=41
  confidence=high  (wing_merged强制low; body候选点数<20或>0.9*n_kept强制low; 否则high)
  L/R锚定: wing_A -> wing_R  wing_B -> wing_L
  part_label分布(全部点，含if_keep=False的1-NN传播): body=465  wing_L=89  wing_R=126
  labeled csv -> /home/computer0/fly_project/fly_gsplat/outputs/ctrl_009_003_ratio3_sh0_dense_mid200/ratio3_sh0_dense/f1232/splatfacto/2026-08-20_190845/gaussian_features_f1232_labeled.csv
  [警告][f1233] wing_merged_forced_split: wing候选点的连通分量分析后只有1个显著分量(贴一起无法物理拆分)，强行按x_body×up投影中位数切成两半，强制confidence=low

[f1233] n_total=686 n_kept=620 (90.4%)  n_frames_in_window=73
  body候选体素数(阈值+连通分量后)=130  body候选点数=385(62.1% of kept)
  wing连通性: 碎块点=10  实际改判=10
  confidence=low  (wing_merged强制low; body候选点数<20或>0.9*n_kept强制low; 否则high)
  L/R锚定: wing_A -> wing_R  wing_B -> wing_L
  part_label分布(全部点，含if_keep=False的1-NN传播): body=439  wing_L=123  wing_R=124
  labeled csv -> /home/computer0/fly_project/fly_gsplat/outputs/ctrl_009_003_ratio3_sh0_dense_mid200/ratio3_sh0_dense/f1233/splatfacto/2026-08-20_190845/gaussian_features_f1233_labeled.csv
  [警告][f1234] wing_merged_forced_split: wing候选点的连通分量分析后只有1个显著分量(贴一起无法物理拆分)，强行按x_body×up投影中位数切成两半，强制confidence=low

[f1234] n_total=714 n_kept=662 (92.7%)  n_frames_in_window=73
  body候选体素数(阈值+连通分量后)=131  body候选点数=397(60.0% of kept)
  wing连通性: 碎块点=11  实际改判=11
  confidence=low  (wing_merged强制low; body候选点数<20或>0.9*n_kept强制low; 否则high)
  L/R锚定: wing_A -> wing_R  wing_B -> wing_L
  part_label分布(全部点，含if_keep=False的1-NN传播): body=444  wing_L=140  wing_R=130
  labeled csv -> /home/computer0/fly_project/fly_gsplat/outputs/ctrl_009_003_ratio3_sh0_dense_mid200/ratio3_sh0_dense/f1234/splatfacto/2026-08-20_190846/gaussian_features_f1234_labeled.csv
  [警告][f1235] wing_merged_forced_split: wing候选点的连通分量分析后只有1个显著分量(贴一起无法物理拆分)，强行按x_body×up投影中位数切成两半，强制confidence=low

[f1235] n_total=773 n_kept=701 (90.7%)  n_frames_in_window=73
  body候选体素数(阈值+连通分量后)=131  body候选点数=437(62.3% of kept)
  wing连通性: 碎块点=7  实际改判=7
  confidence=low  (wing_merged强制low; body候选点数<20或>0.9*n_kept强制low; 否则high)
  L/R锚定: wing_A -> wing_R  wing_B -> wing_L
  part_label分布(全部点，含if_keep=False的1-NN传播): body=491  wing_L=148  wing_R=134
  labeled csv -> /home/computer0/fly_project/fly_gsplat/outputs/ctrl_009_003_ratio3_sh0_dense_mid200/ratio3_sh0_dense/f1235/splatfacto/2026-08-20_190846/gaussian_features_f1235_labeled.csv

[f1236] n_total=701 n_kept=656 (93.6%)  n_frames_in_window=73
  body候选体素数(阈值+连通分量后)=131  body候选点数=363(55.3% of kept)
  wing连通性: 碎块点=13  实际改判=13
  confidence=high  (wing_merged强制low; body候选点数<20或>0.9*n_kept强制low; 否则high)
  L/R锚定: wing_A -> wing_L  wing_B -> wing_R
  part_label分布(全部点，含if_keep=False的1-NN传播): body=416  wing_L=188  wing_R=97
  labeled csv -> /home/computer0/fly_project/fly_gsplat/outputs/ctrl_009_003_ratio3_sh0_dense_mid200/ratio3_sh0_dense/f1236/splatfacto/2026-08-20_190846/gaussian_features_f1236_labeled.csv
  [警告][f1237] wing_merged_forced_split: wing候选点的连通分量分析后只有1个显著分量(贴一起无法物理拆分)，强行按x_body×up投影中位数切成两半，强制confidence=low

[f1237] n_total=825 n_kept=743 (90.1%)  n_frames_in_window=73
  body候选体素数(阈值+连通分量后)=132  body候选点数=375(50.5% of kept)
  wing连通性: 碎块点=13  实际改判=13
  confidence=low  (wing_merged强制low; body候选点数<20或>0.9*n_kept强制low; 否则high)
  L/R锚定: wing_A -> wing_R  wing_B -> wing_L
  part_label分布(全部点，含if_keep=False的1-NN传播): body=442  wing_L=190  wing_R=193
  labeled csv -> /home/computer0/fly_project/fly_gsplat/outputs/ctrl_009_003_ratio3_sh0_dense_mid200/ratio3_sh0_dense/f1237/splatfacto/2026-08-20_190846/gaussian_features_f1237_labeled.csv

[f1238] n_total=778 n_kept=674 (86.6%)  n_frames_in_window=73
  body候选体素数(阈值+连通分量后)=131  body候选点数=301(44.7% of kept)
  wing连通性: 碎块点=17  实际改判=17
  confidence=high  (wing_merged强制low; body候选点数<20或>0.9*n_kept强制low; 否则high)
  L/R锚定: wing_A -> wing_R  wing_B -> wing_L
  part_label分布(全部点，含if_keep=False的1-NN传播): body=363  wing_L=81  wing_R=334
  labeled csv -> /home/computer0/fly_project/fly_gsplat/outputs/ctrl_009_003_ratio3_sh0_dense_mid200/ratio3_sh0_dense/f1238/splatfacto/2026-08-20_190847/gaussian_features_f1238_labeled.csv

[f1239] n_total=894 n_kept=780 (87.2%)  n_frames_in_window=73
  body候选体素数(阈值+连通分量后)=129  body候选点数=391(50.1% of kept)
  wing连通性: 碎块点=37  实际改判=37
  confidence=high  (wing_merged强制low; body候选点数<20或>0.9*n_kept强制low; 否则high)
  L/R锚定: wing_A -> wing_R  wing_B -> wing_L
  part_label分布(全部点，含if_keep=False的1-NN传播): body=480  wing_L=98  wing_R=316
  labeled csv -> /home/computer0/fly_project/fly_gsplat/outputs/ctrl_009_003_ratio3_sh0_dense_mid200/ratio3_sh0_dense/f1239/splatfacto/2026-08-20_190847/gaussian_features_f1239_labeled.csv

[f1240] n_total=725 n_kept=643 (88.7%)  n_frames_in_window=73
  body候选体素数(阈值+连通分量后)=127  body候选点数=396(61.6% of kept)
  wing连通性: 碎块点=47  实际改判=47
  confidence=high  (wing_merged强制low; body候选点数<20或>0.9*n_kept强制low; 否则high)
  L/R锚定: wing_A -> wing_R  wing_B -> wing_L
  part_label分布(全部点，含if_keep=False的1-NN传播): body=509  wing_L=86  wing_R=130
  labeled csv -> /home/computer0/fly_project/fly_gsplat/outputs/ctrl_009_003_ratio3_sh0_dense_mid200/ratio3_sh0_dense/f1240/splatfacto/2026-08-20_190848/gaussian_features_f1240_labeled.csv
[density] body候选体素连通分量分析: 丢弃1/124个非最大连通分量的碎块体素

[f1241] n_total=775 n_kept=667 (86.1%)  n_frames_in_window=73
  body候选体素数(阈值+连通分量后)=123  body候选点数=425(63.7% of kept)
  wing连通性: 碎块点=60  实际改判=60
  confidence=high  (wing_merged强制low; body候选点数<20或>0.9*n_kept强制low; 否则high)
  L/R锚定: wing_A -> wing_R  wing_B -> wing_L
  part_label分布(全部点，含if_keep=False的1-NN传播): body=558  wing_L=79  wing_R=138
  labeled csv -> /home/computer0/fly_project/fly_gsplat/outputs/ctrl_009_003_ratio3_sh0_dense_mid200/ratio3_sh0_dense/f1241/splatfacto/2026-08-20_190849/gaussian_features_f1241_labeled.csv
[density] body候选体素连通分量分析: 丢弃1/125个非最大连通分量的碎块体素

[f1242] n_total=722 n_kept=650 (90.0%)  n_frames_in_window=73
  body候选体素数(阈值+连通分量后)=124  body候选点数=396(60.9% of kept)
  wing连通性: 碎块点=31  实际改判=31
  confidence=high  (wing_merged强制low; body候选点数<20或>0.9*n_kept强制low; 否则high)
  L/R锚定: wing_A -> wing_R  wing_B -> wing_L
  part_label分布(全部点，含if_keep=False的1-NN传播): body=476  wing_L=107  wing_R=139
  labeled csv -> /home/computer0/fly_project/fly_gsplat/outputs/ctrl_009_003_ratio3_sh0_dense_mid200/ratio3_sh0_dense/f1242/splatfacto/2026-08-20_190848/gaussian_features_f1242_labeled.csv
[density] body候选体素连通分量分析: 丢弃1/126个非最大连通分量的碎块体素

[f1243] n_total=830 n_kept=725 (87.3%)  n_frames_in_window=73
  body候选体素数(阈值+连通分量后)=125  body候选点数=463(63.9% of kept)
  wing连通性: 碎块点=41  实际改判=41
  confidence=high  (wing_merged强制low; body候选点数<20或>0.9*n_kept强制low; 否则high)
  L/R锚定: wing_A -> wing_R  wing_B -> wing_L
  part_label分布(全部点，含if_keep=False的1-NN传播): body=577  wing_L=94  wing_R=159
  labeled csv -> /home/computer0/fly_project/fly_gsplat/outputs/ctrl_009_003_ratio3_sh0_dense_mid200/ratio3_sh0_dense/f1243/splatfacto/2026-08-20_190850/gaussian_features_f1243_labeled.csv
[density] body候选体素连通分量分析: 丢弃1/128个非最大连通分量的碎块体素

[f1244] n_total=790 n_kept=703 (89.0%)  n_frames_in_window=73
  body候选体素数(阈值+连通分量后)=127  body候选点数=427(60.7% of kept)
  wing连通性: 碎块点=18  实际改判=18
  confidence=high  (wing_merged强制low; body候选点数<20或>0.9*n_kept强制low; 否则high)
  L/R锚定: wing_A -> wing_R  wing_B -> wing_L
  part_label分布(全部点，含if_keep=False的1-NN传播): body=507  wing_L=132  wing_R=151
  labeled csv -> /home/computer0/fly_project/fly_gsplat/outputs/ctrl_009_003_ratio3_sh0_dense_mid200/ratio3_sh0_dense/f1244/splatfacto/2026-08-20_191039/gaussian_features_f1244_labeled.csv
[density] body候选体素连通分量分析: 丢弃1/129个非最大连通分量的碎块体素

[f1245] n_total=741 n_kept=638 (86.1%)  n_frames_in_window=73
  body候选体素数(阈值+连通分量后)=128  body候选点数=368(57.7% of kept)
  wing连通性: 碎块点=24  实际改判=24
  confidence=high  (wing_merged强制low; body候选点数<20或>0.9*n_kept强制low; 否则high)
  L/R锚定: wing_A -> wing_R  wing_B -> wing_L
  part_label分布(全部点，含if_keep=False的1-NN传播): body=472  wing_L=113  wing_R=156
  labeled csv -> /home/computer0/fly_project/fly_gsplat/outputs/ctrl_009_003_ratio3_sh0_dense_mid200/ratio3_sh0_dense/f1245/splatfacto/2026-08-20_191040/gaussian_features_f1245_labeled.csv
[density] body候选体素连通分量分析: 丢弃1/127个非最大连通分量的碎块体素

[f1246] n_total=724 n_kept=656 (90.6%)  n_frames_in_window=73
  body候选体素数(阈值+连通分量后)=126  body候选点数=363(55.3% of kept)
  wing连通性: 碎块点=62  实际改判=62
  confidence=high  (wing_merged强制low; body候选点数<20或>0.9*n_kept强制low; 否则high)
  L/R锚定: wing_A -> wing_R  wing_B -> wing_L
  part_label分布(全部点，含if_keep=False的1-NN传播): body=477  wing_L=95  wing_R=152
  labeled csv -> /home/computer0/fly_project/fly_gsplat/outputs/ctrl_009_003_ratio3_sh0_dense_mid200/ratio3_sh0_dense/f1246/splatfacto/2026-08-20_191040/gaussian_features_f1246_labeled.csv
[density] body候选体素连通分量分析: 丢弃1/125个非最大连通分量的碎块体素

[f1247] n_total=753 n_kept=672 (89.2%)  n_frames_in_window=73
  body候选体素数(阈值+连通分量后)=124  body候选点数=375(55.8% of kept)
  wing连通性: 碎块点=33  实际改判=33
  confidence=high  (wing_merged强制low; body候选点数<20或>0.9*n_kept强制low; 否则high)
  L/R锚定: wing_A -> wing_R  wing_B -> wing_L
  part_label分布(全部点，含if_keep=False的1-NN传播): body=476  wing_L=94  wing_R=183
  labeled csv -> /home/computer0/fly_project/fly_gsplat/outputs/ctrl_009_003_ratio3_sh0_dense_mid200/ratio3_sh0_dense/f1247/splatfacto/2026-08-20_191041/gaussian_features_f1247_labeled.csv
[density] body候选体素连通分量分析: 丢弃1/122个非最大连通分量的碎块体素

[f1248] n_total=800 n_kept=705 (88.1%)  n_frames_in_window=73
  body候选体素数(阈值+连通分量后)=121  body候选点数=355(50.4% of kept)
  wing连通性: 碎块点=61  实际改判=61
  confidence=high  (wing_merged强制low; body候选点数<20或>0.9*n_kept强制low; 否则high)
  L/R锚定: wing_A -> wing_R  wing_B -> wing_L
  part_label分布(全部点，含if_keep=False的1-NN传播): body=485  wing_L=122  wing_R=193
  labeled csv -> /home/computer0/fly_project/fly_gsplat/outputs/ctrl_009_003_ratio3_sh0_dense_mid200/ratio3_sh0_dense/f1248/splatfacto/2026-08-20_191041/gaussian_features_f1248_labeled.csv
[density] body候选体素连通分量分析: 丢弃1/121个非最大连通分量的碎块体素

[f1249] n_total=780 n_kept=697 (89.4%)  n_frames_in_window=73
  body候选体素数(阈值+连通分量后)=120  body候选点数=355(50.9% of kept)
  wing连通性: 碎块点=98  实际改判=98
  confidence=high  (wing_merged强制low; body候选点数<20或>0.9*n_kept强制low; 否则high)
  L/R锚定: wing_A -> wing_R  wing_B -> wing_L
  part_label分布(全部点，含if_keep=False的1-NN传播): body=491  wing_L=100  wing_R=189
  labeled csv -> /home/computer0/fly_project/fly_gsplat/outputs/ctrl_009_003_ratio3_sh0_dense_mid200/ratio3_sh0_dense/f1249/splatfacto/2026-08-20_191041/gaussian_features_f1249_labeled.csv
[density] body候选体素连通分量分析: 丢弃1/122个非最大连通分量的碎块体素

[f1250] n_total=831 n_kept=741 (89.2%)  n_frames_in_window=73
  body候选体素数(阈值+连通分量后)=121  body候选点数=410(55.3% of kept)
  wing连通性: 碎块点=117  实际改判=117
  confidence=high  (wing_merged强制low; body候选点数<20或>0.9*n_kept强制low; 否则high)
  L/R锚定: wing_A -> wing_R  wing_B -> wing_L
  part_label分布(全部点，含if_keep=False的1-NN传播): body=489  wing_L=173  wing_R=169
  labeled csv -> /home/computer0/fly_project/fly_gsplat/outputs/ctrl_009_003_ratio3_sh0_dense_mid200/ratio3_sh0_dense/f1250/splatfacto/2026-08-20_191041/gaussian_features_f1250_labeled.csv
[density] body候选体素连通分量分析: 丢弃1/123个非最大连通分量的碎块体素

[f1251] n_total=761 n_kept=690 (90.7%)  n_frames_in_window=73
  body候选体素数(阈值+连通分量后)=122  body候选点数=365(52.9% of kept)
  wing连通性: 碎块点=76  实际改判=76
  confidence=high  (wing_merged强制low; body候选点数<20或>0.9*n_kept强制low; 否则high)
  L/R锚定: wing_A -> wing_R  wing_B -> wing_L
  part_label分布(全部点，含if_keep=False的1-NN传播): body=471  wing_L=103  wing_R=187
  labeled csv -> /home/computer0/fly_project/fly_gsplat/outputs/ctrl_009_003_ratio3_sh0_dense_mid200/ratio3_sh0_dense/f1251/splatfacto/2026-08-20_191043/gaussian_features_f1251_labeled.csv
[density] body候选体素连通分量分析: 丢弃1/123个非最大连通分量的碎块体素

[f1252] n_total=762 n_kept=660 (86.6%)  n_frames_in_window=73
  body候选体素数(阈值+连通分量后)=122  body候选点数=363(55.0% of kept)
  wing连通性: 碎块点=29  实际改判=29
  confidence=high  (wing_merged强制low; body候选点数<20或>0.9*n_kept强制low; 否则high)
  L/R锚定: wing_A -> wing_R  wing_B -> wing_L
  part_label分布(全部点，含if_keep=False的1-NN传播): body=465  wing_L=143  wing_R=154
  labeled csv -> /home/computer0/fly_project/fly_gsplat/outputs/ctrl_009_003_ratio3_sh0_dense_mid200/ratio3_sh0_dense/f1252/splatfacto/2026-08-20_191043/gaussian_features_f1252_labeled.csv
[density] body候选体素连通分量分析: 丢弃1/126个非最大连通分量的碎块体素

[f1253] n_total=796 n_kept=722 (90.7%)  n_frames_in_window=73
  body候选体素数(阈值+连通分量后)=125  body候选点数=420(58.2% of kept)
  wing连通性: 碎块点=27  实际改判=27
  confidence=high  (wing_merged强制low; body候选点数<20或>0.9*n_kept强制low; 否则high)
  L/R锚定: wing_A -> wing_R  wing_B -> wing_L
  part_label分布(全部点，含if_keep=False的1-NN传播): body=495  wing_L=153  wing_R=148
  labeled csv -> /home/computer0/fly_project/fly_gsplat/outputs/ctrl_009_003_ratio3_sh0_dense_mid200/ratio3_sh0_dense/f1253/splatfacto/2026-08-20_191042/gaussian_features_f1253_labeled.csv
[density] body候选体素连通分量分析: 丢弃1/127个非最大连通分量的碎块体素

[f1254] n_total=739 n_kept=652 (88.2%)  n_frames_in_window=73
  body候选体素数(阈值+连通分量后)=126  body候选点数=383(58.7% of kept)
  wing连通性: 碎块点=68  实际改判=68
  confidence=high  (wing_merged强制low; body候选点数<20或>0.9*n_kept强制low; 否则high)
  L/R锚定: wing_A -> wing_L  wing_B -> wing_R
  part_label分布(全部点，含if_keep=False的1-NN传播): body=459  wing_L=128  wing_R=152
  labeled csv -> /home/computer0/fly_project/fly_gsplat/outputs/ctrl_009_003_ratio3_sh0_dense_mid200/ratio3_sh0_dense/f1254/splatfacto/2026-08-20_191041/gaussian_features_f1254_labeled.csv
[density] body候选体素连通分量分析: 丢弃1/127个非最大连通分量的碎块体素

[f1255] n_total=710 n_kept=601 (84.6%)  n_frames_in_window=73
  body候选体素数(阈值+连通分量后)=126  body候选点数=392(65.2% of kept)
  wing连通性: 碎块点=59  实际改判=59
  confidence=high  (wing_merged强制low; body候选点数<20或>0.9*n_kept强制low; 否则high)
  L/R锚定: wing_A -> wing_R  wing_B -> wing_L
  part_label分布(全部点，含if_keep=False的1-NN传播): body=474  wing_L=106  wing_R=130
  labeled csv -> /home/computer0/fly_project/fly_gsplat/outputs/ctrl_009_003_ratio3_sh0_dense_mid200/ratio3_sh0_dense/f1255/splatfacto/2026-08-20_191047/gaussian_features_f1255_labeled.csv
[density] body候选体素连通分量分析: 丢弃1/126个非最大连通分量的碎块体素

[f1256] n_total=757 n_kept=683 (90.2%)  n_frames_in_window=73
  body候选体素数(阈值+连通分量后)=125  body候选点数=434(63.5% of kept)
  wing连通性: 碎块点=30  实际改判=30
  confidence=high  (wing_merged强制low; body候选点数<20或>0.9*n_kept强制low; 否则high)
  L/R锚定: wing_A -> wing_R  wing_B -> wing_L
  part_label分布(全部点，含if_keep=False的1-NN传播): body=498  wing_L=106  wing_R=153
  labeled csv -> /home/computer0/fly_project/fly_gsplat/outputs/ctrl_009_003_ratio3_sh0_dense_mid200/ratio3_sh0_dense/f1256/splatfacto/2026-08-20_191236/gaussian_features_f1256_labeled.csv
[density] body候选体素连通分量分析: 丢弃1/125个非最大连通分量的碎块体素

[f1257] n_total=811 n_kept=718 (88.5%)  n_frames_in_window=73
  body候选体素数(阈值+连通分量后)=124  body候选点数=442(61.6% of kept)
  wing连通性: 碎块点=45  实际改判=45
  confidence=high  (wing_merged强制low; body候选点数<20或>0.9*n_kept强制low; 否则high)
  L/R锚定: wing_A -> wing_L  wing_B -> wing_R
  part_label分布(全部点，含if_keep=False的1-NN传播): body=520  wing_L=142  wing_R=149
  labeled csv -> /home/computer0/fly_project/fly_gsplat/outputs/ctrl_009_003_ratio3_sh0_dense_mid200/ratio3_sh0_dense/f1257/splatfacto/2026-08-20_191239/gaussian_features_f1257_labeled.csv
[density] body候选体素连通分量分析: 丢弃1/128个非最大连通分量的碎块体素

[f1258] n_total=763 n_kept=666 (87.3%)  n_frames_in_window=73
  body候选体素数(阈值+连通分量后)=127  body候选点数=414(62.2% of kept)
  wing连通性: 碎块点=51  实际改判=51
  confidence=high  (wing_merged强制low; body候选点数<20或>0.9*n_kept强制low; 否则high)
  L/R锚定: wing_A -> wing_L  wing_B -> wing_R
  part_label分布(全部点，含if_keep=False的1-NN传播): body=497  wing_L=152  wing_R=114
  labeled csv -> /home/computer0/fly_project/fly_gsplat/outputs/ctrl_009_003_ratio3_sh0_dense_mid200/ratio3_sh0_dense/f1258/splatfacto/2026-08-20_191239/gaussian_features_f1258_labeled.csv
[density] body候选体素连通分量分析: 丢弃1/126个非最大连通分量的碎块体素

[f1259] n_total=749 n_kept=693 (92.5%)  n_frames_in_window=73
  body候选体素数(阈值+连通分量后)=125  body候选点数=426(61.5% of kept)
  wing连通性: 碎块点=16  实际改判=16
  confidence=high  (wing_merged强制low; body候选点数<20或>0.9*n_kept强制low; 否则high)
  L/R锚定: wing_A -> wing_L  wing_B -> wing_R
  part_label分布(全部点，含if_keep=False的1-NN传播): body=487  wing_L=135  wing_R=127
  labeled csv -> /home/computer0/fly_project/fly_gsplat/outputs/ctrl_009_003_ratio3_sh0_dense_mid200/ratio3_sh0_dense/f1259/splatfacto/2026-08-20_191240/gaussian_features_f1259_labeled.csv
[density] body候选体素连通分量分析: 丢弃1/125个非最大连通分量的碎块体素

[f1260] n_total=736 n_kept=664 (90.2%)  n_frames_in_window=73
  body候选体素数(阈值+连通分量后)=124  body候选点数=410(61.7% of kept)
  wing连通性: 碎块点=79  实际改判=79
  confidence=high  (wing_merged强制low; body候选点数<20或>0.9*n_kept强制low; 否则high)
  L/R锚定: wing_A -> wing_L  wing_B -> wing_R
  part_label分布(全部点，含if_keep=False的1-NN传播): body=467  wing_L=149  wing_R=120
  labeled csv -> /home/computer0/fly_project/fly_gsplat/outputs/ctrl_009_003_ratio3_sh0_dense_mid200/ratio3_sh0_dense/f1260/splatfacto/2026-08-20_191237/gaussian_features_f1260_labeled.csv
[density] body候选体素连通分量分析: 丢弃1/127个非最大连通分量的碎块体素

[f1261] n_total=796 n_kept=728 (91.5%)  n_frames_in_window=73
  body候选体素数(阈值+连通分量后)=126  body候选点数=462(63.5% of kept)
  wing连通性: 碎块点=52  实际改判=52
  confidence=high  (wing_merged强制low; body候选点数<20或>0.9*n_kept强制low; 否则high)
  L/R锚定: wing_A -> wing_L  wing_B -> wing_R
  part_label分布(全部点，含if_keep=False的1-NN传播): body=534  wing_L=159  wing_R=103
  labeled csv -> /home/computer0/fly_project/fly_gsplat/outputs/ctrl_009_003_ratio3_sh0_dense_mid200/ratio3_sh0_dense/f1261/splatfacto/2026-08-20_191239/gaussian_features_f1261_labeled.csv
[density] body候选体素连通分量分析: 丢弃1/127个非最大连通分量的碎块体素

[f1262] n_total=726 n_kept=667 (91.9%)  n_frames_in_window=73
  body候选体素数(阈值+连通分量后)=126  body候选点数=417(62.5% of kept)
  wing连通性: 碎块点=21  实际改判=21
  confidence=high  (wing_merged强制low; body候选点数<20或>0.9*n_kept强制low; 否则high)
  L/R锚定: wing_A -> wing_L  wing_B -> wing_R
  part_label分布(全部点，含if_keep=False的1-NN传播): body=472  wing_L=151  wing_R=103
  labeled csv -> /home/computer0/fly_project/fly_gsplat/outputs/ctrl_009_003_ratio3_sh0_dense_mid200/ratio3_sh0_dense/f1262/splatfacto/2026-08-20_191239/gaussian_features_f1262_labeled.csv
[density] body候选体素连通分量分析: 丢弃1/128个非最大连通分量的碎块体素

[f1263] n_total=706 n_kept=629 (89.1%)  n_frames_in_window=73
  body候选体素数(阈值+连通分量后)=127  body候选点数=387(61.5% of kept)
  wing连通性: 碎块点=39  实际改判=39
  confidence=high  (wing_merged强制low; body候选点数<20或>0.9*n_kept强制low; 否则high)
  L/R锚定: wing_A -> wing_L  wing_B -> wing_R
  part_label分布(全部点，含if_keep=False的1-NN传播): body=434  wing_L=166  wing_R=106
  labeled csv -> /home/computer0/fly_project/fly_gsplat/outputs/ctrl_009_003_ratio3_sh0_dense_mid200/ratio3_sh0_dense/f1263/splatfacto/2026-08-20_191238/gaussian_features_f1263_labeled.csv
[density] frame_idx=1264: 窗口内1/73帧缺少T2产出(_marked.csv)，跳过不参与累加: ['f1300']
[density] body候选体素连通分量分析: 丢弃1/126个非最大连通分量的碎块体素

[f1264] n_total=765 n_kept=689 (90.1%)  n_frames_in_window=72
  body候选体素数(阈值+连通分量后)=125  body候选点数=415(60.2% of kept)
  wing连通性: 碎块点=26  实际改判=26
  confidence=high  (wing_merged强制low; body候选点数<20或>0.9*n_kept强制low; 否则high)
  L/R锚定: wing_A -> wing_L  wing_B -> wing_R
  part_label分布(全部点，含if_keep=False的1-NN传播): body=493  wing_L=177  wing_R=95
  labeled csv -> /home/computer0/fly_project/fly_gsplat/outputs/ctrl_009_003_ratio3_sh0_dense_mid200/ratio3_sh0_dense/f1264/splatfacto/2026-08-20_191240/gaussian_features_f1264_labeled.csv
[density] frame_idx=1265: 窗口内2/73帧缺少T2产出(_marked.csv)，跳过不参与累加: ['f1300', 'f1301']
[density] body候选体素连通分量分析: 丢弃1/124个非最大连通分量的碎块体素

[f1265] n_total=678 n_kept=623 (91.9%)  n_frames_in_window=71
  body候选体素数(阈值+连通分量后)=123  body候选点数=398(63.9% of kept)
  wing连通性: 碎块点=27  实际改判=27
  confidence=high  (wing_merged强制low; body候选点数<20或>0.9*n_kept强制low; 否则high)
  L/R锚定: wing_A -> wing_L  wing_B -> wing_R
  part_label分布(全部点，含if_keep=False的1-NN传播): body=461  wing_L=154  wing_R=63
  labeled csv -> /home/computer0/fly_project/fly_gsplat/outputs/ctrl_009_003_ratio3_sh0_dense_mid200/ratio3_sh0_dense/f1265/splatfacto/2026-08-20_191240/gaussian_features_f1265_labeled.csv
[density] frame_idx=1266: 窗口内3/73帧缺少T2产出(_marked.csv)，跳过不参与累加: ['f1300', 'f1301', 'f1302']
[density] body候选体素连通分量分析: 丢弃1/122个非最大连通分量的碎块体素

[f1266] n_total=678 n_kept=593 (87.5%)  n_frames_in_window=70
  body候选体素数(阈值+连通分量后)=121  body候选点数=414(69.8% of kept)
  wing连通性: 碎块点=17  实际改判=17
  confidence=high  (wing_merged强制low; body候选点数<20或>0.9*n_kept强制low; 否则high)
  L/R锚定: wing_A -> wing_L  wing_B -> wing_R
  part_label分布(全部点，含if_keep=False的1-NN传播): body=487  wing_L=127  wing_R=64
  labeled csv -> /home/computer0/fly_project/fly_gsplat/outputs/ctrl_009_003_ratio3_sh0_dense_mid200/ratio3_sh0_dense/f1266/splatfacto/2026-08-20_191240/gaussian_features_f1266_labeled.csv
[density] frame_idx=1267: 窗口内4/73帧缺少T2产出(_marked.csv)，跳过不参与累加: ['f1300', 'f1301', 'f1302', 'f1303']
[density] body候选体素连通分量分析: 丢弃1/120个非最大连通分量的碎块体素

[f1267] n_total=642 n_kept=586 (91.3%)  n_frames_in_window=69
  body候选体素数(阈值+连通分量后)=119  body候选点数=374(63.8% of kept)
  wing连通性: 碎块点=23  实际改判=23
  confidence=high  (wing_merged强制low; body候选点数<20或>0.9*n_kept强制low; 否则high)
  L/R锚定: wing_A -> wing_L  wing_B -> wing_R
  part_label分布(全部点，含if_keep=False的1-NN传播): body=443  wing_L=117  wing_R=82
  labeled csv -> /home/computer0/fly_project/fly_gsplat/outputs/ctrl_009_003_ratio3_sh0_dense_mid200/ratio3_sh0_dense/f1267/splatfacto/2026-08-20_191241/gaussian_features_f1267_labeled.csv
[density] frame_idx=1268: 窗口内5/73帧缺少T2产出(_marked.csv)，跳过不参与累加: ['f1300', 'f1301', 'f1302', 'f1303', 'f1304']
[density] body候选体素连通分量分析: 丢弃1/119个非最大连通分量的碎块体素

[f1268] n_total=660 n_kept=585 (88.6%)  n_frames_in_window=68
  body候选体素数(阈值+连通分量后)=118  body候选点数=407(69.6% of kept)
  wing连通性: 碎块点=23  实际改判=23
  confidence=high  (wing_merged强制low; body候选点数<20或>0.9*n_kept强制low; 否则high)
  L/R锚定: wing_A -> wing_L  wing_B -> wing_R
  part_label分布(全部点，含if_keep=False的1-NN传播): body=487  wing_L=92  wing_R=81
  labeled csv -> /home/computer0/fly_project/fly_gsplat/outputs/ctrl_009_003_ratio3_sh0_dense_mid200/ratio3_sh0_dense/f1268/splatfacto/2026-08-20_191430/gaussian_features_f1268_labeled.csv
[density] frame_idx=1269: 窗口内6/73帧缺少T2产出(_marked.csv)，跳过不参与累加: ['f1300', 'f1301', 'f1302', 'f1303', 'f1304', 'f1305']
[density] body候选体素连通分量分析: 丢弃1/117个非最大连通分量的碎块体素

[f1269] n_total=611 n_kept=548 (89.7%)  n_frames_in_window=67
  body候选体素数(阈值+连通分量后)=116  body候选点数=397(72.4% of kept)
  wing连通性: 碎块点=38  实际改判=38
  confidence=high  (wing_merged强制low; body候选点数<20或>0.9*n_kept强制low; 否则high)
  L/R锚定: wing_A -> wing_R  wing_B -> wing_L
  part_label分布(全部点，含if_keep=False的1-NN传播): body=469  wing_L=56  wing_R=86
  labeled csv -> /home/computer0/fly_project/fly_gsplat/outputs/ctrl_009_003_ratio3_sh0_dense_mid200/ratio3_sh0_dense/f1269/splatfacto/2026-08-20_191433/gaussian_features_f1269_labeled.csv
[density] frame_idx=1270: 窗口内7/73帧缺少T2产出(_marked.csv)，跳过不参与累加: ['f1300', 'f1301', 'f1302', 'f1303', 'f1304', 'f1305', 'f1306']
[density] body候选体素连通分量分析: 丢弃1/114个非最大连通分量的碎块体素

[f1270] n_total=715 n_kept=630 (88.1%)  n_frames_in_window=66
  body候选体素数(阈值+连通分量后)=113  body候选点数=464(73.7% of kept)
  wing连通性: 碎块点=17  实际改判=17
  confidence=high  (wing_merged强制low; body候选点数<20或>0.9*n_kept强制low; 否则high)
  L/R锚定: wing_A -> wing_R  wing_B -> wing_L
  part_label分布(全部点，含if_keep=False的1-NN传播): body=535  wing_L=70  wing_R=110
  labeled csv -> /home/computer0/fly_project/fly_gsplat/outputs/ctrl_009_003_ratio3_sh0_dense_mid200/ratio3_sh0_dense/f1270/splatfacto/2026-08-20_191433/gaussian_features_f1270_labeled.csv
[density] frame_idx=1271: 窗口内8/73帧缺少T2产出(_marked.csv)，跳过不参与累加: ['f1300', 'f1301', 'f1302', 'f1303', 'f1304', 'f1305', 'f1306', 'f1307']
[density] body候选体素连通分量分析: 丢弃1/113个非最大连通分量的碎块体素

[f1271] n_total=689 n_kept=610 (88.5%)  n_frames_in_window=65
  body候选体素数(阈值+连通分量后)=112  body候选点数=386(63.3% of kept)
  wing连通性: 碎块点=19  实际改判=19
  confidence=high  (wing_merged强制low; body候选点数<20或>0.9*n_kept强制low; 否则high)
  L/R锚定: wing_A -> wing_L  wing_B -> wing_R
  part_label分布(全部点，含if_keep=False的1-NN传播): body=464  wing_L=109  wing_R=116
  labeled csv -> /home/computer0/fly_project/fly_gsplat/outputs/ctrl_009_003_ratio3_sh0_dense_mid200/ratio3_sh0_dense/f1271/splatfacto/2026-08-20_191434/gaussian_features_f1271_labeled.csv
[density] frame_idx=1272: 窗口内9/73帧缺少T2产出(_marked.csv)，跳过不参与累加: ['f1300', 'f1301', 'f1302', 'f1303', 'f1304', 'f1305', 'f1306', 'f1307', 'f1308']
[density] body候选体素连通分量分析: 丢弃1/112个非最大连通分量的碎块体素

[f1272] n_total=710 n_kept=638 (89.9%)  n_frames_in_window=64
  body候选体素数(阈值+连通分量后)=111  body候选点数=355(55.6% of kept)
  wing连通性: 碎块点=26  实际改判=26
  confidence=high  (wing_merged强制low; body候选点数<20或>0.9*n_kept强制low; 否则high)
  L/R锚定: wing_A -> wing_L  wing_B -> wing_R
  part_label分布(全部点，含if_keep=False的1-NN传播): body=438  wing_L=151  wing_R=121
  labeled csv -> /home/computer0/fly_project/fly_gsplat/outputs/ctrl_009_003_ratio3_sh0_dense_mid200/ratio3_sh0_dense/f1272/splatfacto/2026-08-20_191434/gaussian_features_f1272_labeled.csv
[density] frame_idx=1273: 窗口内10/73帧缺少T2产出(_marked.csv)，跳过不参与累加: ['f1300', 'f1301', 'f1302', 'f1303', 'f1304', 'f1305', 'f1306', 'f1307', 'f1308', 'f1309']
[density] body候选体素连通分量分析: 丢弃1/108个非最大连通分量的碎块体素

[f1273] n_total=795 n_kept=710 (89.3%)  n_frames_in_window=63
  body候选体素数(阈值+连通分量后)=107  body候选点数=375(52.8% of kept)
  wing连通性: 碎块点=19  实际改判=19
  confidence=high  (wing_merged强制low; body候选点数<20或>0.9*n_kept强制low; 否则high)
  L/R锚定: wing_A -> wing_R  wing_B -> wing_L
  part_label分布(全部点，含if_keep=False的1-NN传播): body=457  wing_L=170  wing_R=168
  labeled csv -> /home/computer0/fly_project/fly_gsplat/outputs/ctrl_009_003_ratio3_sh0_dense_mid200/ratio3_sh0_dense/f1273/splatfacto/2026-08-20_191434/gaussian_features_f1273_labeled.csv
[density] frame_idx=1274: 窗口内11/73帧缺少T2产出(_marked.csv)，跳过不参与累加: ['f1300', 'f1301', 'f1302', 'f1303', 'f1304', 'f1305', 'f1306', 'f1307', 'f1308', 'f1309', 'f1310']
[density] body候选体素连通分量分析: 丢弃1/105个非最大连通分量的碎块体素

[f1274] n_total=747 n_kept=681 (91.2%)  n_frames_in_window=62
  body候选体素数(阈值+连通分量后)=104  body候选点数=368(54.0% of kept)
  wing连通性: 碎块点=24  实际改判=24
  confidence=high  (wing_merged强制low; body候选点数<20或>0.9*n_kept强制low; 否则high)
  L/R锚定: wing_A -> wing_L  wing_B -> wing_R
  part_label分布(全部点，含if_keep=False的1-NN传播): body=433  wing_L=181  wing_R=133
  labeled csv -> /home/computer0/fly_project/fly_gsplat/outputs/ctrl_009_003_ratio3_sh0_dense_mid200/ratio3_sh0_dense/f1274/splatfacto/2026-08-20_191434/gaussian_features_f1274_labeled.csv
[density] frame_idx=1275: 窗口内12/73帧缺少T2产出(_marked.csv)，跳过不参与累加: ['f1300', 'f1301', 'f1302', 'f1303', 'f1304', 'f1305', 'f1306', 'f1307', 'f1308', 'f1309', 'f1310', 'f1311']
[density] body候选体素连通分量分析: 丢弃1/105个非最大连通分量的碎块体素

[f1275] n_total=754 n_kept=681 (90.3%)  n_frames_in_window=61
  body候选体素数(阈值+连通分量后)=104  body候选点数=375(55.1% of kept)
  wing连通性: 碎块点=35  实际改判=35
  confidence=high  (wing_merged强制low; body候选点数<20或>0.9*n_kept强制low; 否则high)
  L/R锚定: wing_A -> wing_L  wing_B -> wing_R
  part_label分布(全部点，含if_keep=False的1-NN传播): body=446  wing_L=174  wing_R=134
  labeled csv -> /home/computer0/fly_project/fly_gsplat/outputs/ctrl_009_003_ratio3_sh0_dense_mid200/ratio3_sh0_dense/f1275/splatfacto/2026-08-20_191433/gaussian_features_f1275_labeled.csv
[density] frame_idx=1276: 窗口内13/73帧缺少T2产出(_marked.csv)，跳过不参与累加: ['f1300', 'f1301', 'f1302', 'f1303', 'f1304', 'f1305', 'f1306', 'f1307', 'f1308', 'f1309', 'f1310', 'f1311', 'f1312']
[density] body候选体素连通分量分析: 丢弃1/103个非最大连通分量的碎块体素

[f1276] n_total=705 n_kept=624 (88.5%)  n_frames_in_window=60
  body候选体素数(阈值+连通分量后)=102  body候选点数=362(58.0% of kept)
  wing连通性: 碎块点=24  实际改判=24
  confidence=high  (wing_merged强制low; body候选点数<20或>0.9*n_kept强制low; 否则high)
  L/R锚定: wing_A -> wing_L  wing_B -> wing_R
  part_label分布(全部点，含if_keep=False的1-NN传播): body=440  wing_L=146  wing_R=119
  labeled csv -> /home/computer0/fly_project/fly_gsplat/outputs/ctrl_009_003_ratio3_sh0_dense_mid200/ratio3_sh0_dense/f1276/splatfacto/2026-08-20_191435/gaussian_features_f1276_labeled.csv
[density] frame_idx=1277: 窗口内14/73帧缺少T2产出(_marked.csv)，跳过不参与累加: ['f1300', 'f1301', 'f1302', 'f1303', 'f1304', 'f1305', 'f1306', 'f1307', 'f1308', 'f1309', 'f1310', 'f1311', 'f1312', 'f1313']
[density] body候选体素连通分量分析: 丢弃1/99个非最大连通分量的碎块体素

[f1277] n_total=683 n_kept=612 (89.6%)  n_frames_in_window=59
  body候选体素数(阈值+连通分量后)=98  body候选点数=370(60.5% of kept)
  wing连通性: 碎块点=19  实际改判=19
  confidence=high  (wing_merged强制low; body候选点数<20或>0.9*n_kept强制low; 否则high)
  L/R锚定: wing_A -> wing_R  wing_B -> wing_L
  part_label分布(全部点，含if_keep=False的1-NN传播): body=441  wing_L=122  wing_R=120
  labeled csv -> /home/computer0/fly_project/fly_gsplat/outputs/ctrl_009_003_ratio3_sh0_dense_mid200/ratio3_sh0_dense/f1277/splatfacto/2026-08-20_191433/gaussian_features_f1277_labeled.csv
[density] frame_idx=1278: 窗口内15/73帧缺少T2产出(_marked.csv)，跳过不参与累加: ['f1300', 'f1301', 'f1302', 'f1303', 'f1304', 'f1305', 'f1306', 'f1307', 'f1308', 'f1309', 'f1310', 'f1311', 'f1312', 'f1313', 'f1314']
[density] body候选体素连通分量分析: 丢弃1/98个非最大连通分量的碎块体素

[f1278] n_total=697 n_kept=625 (89.7%)  n_frames_in_window=58
  body候选体素数(阈值+连通分量后)=97  body候选点数=431(69.0% of kept)
  wing连通性: 碎块点=21  实际改判=21
  confidence=high  (wing_merged强制low; body候选点数<20或>0.9*n_kept强制low; 否则high)
  L/R锚定: wing_A -> wing_R  wing_B -> wing_L
  part_label分布(全部点，含if_keep=False的1-NN传播): body=504  wing_L=84  wing_R=109
  labeled csv -> /home/computer0/fly_project/fly_gsplat/outputs/ctrl_009_003_ratio3_sh0_dense_mid200/ratio3_sh0_dense/f1278/splatfacto/2026-08-20_191435/gaussian_features_f1278_labeled.csv
[density] frame_idx=1279: 窗口内16/73帧缺少T2产出(_marked.csv)，跳过不参与累加: ['f1300', 'f1301', 'f1302', 'f1303', 'f1304', 'f1305', 'f1306', 'f1307', 'f1308', 'f1309', 'f1310', 'f1311', 'f1312', 'f1313', 'f1314', 'f1315']
[density] body候选体素连通分量分析: 丢弃1/97个非最大连通分量的碎块体素

[f1279] n_total=678 n_kept=597 (88.1%)  n_frames_in_window=57
  body候选体素数(阈值+连通分量后)=96  body候选点数=435(72.9% of kept)
  wing连通性: 碎块点=23  实际改判=23
  confidence=high  (wing_merged强制low; body候选点数<20或>0.9*n_kept强制low; 否则high)
  L/R锚定: wing_A -> wing_R  wing_B -> wing_L
  part_label分布(全部点，含if_keep=False的1-NN传播): body=521  wing_L=74  wing_R=83
  labeled csv -> /home/computer0/fly_project/fly_gsplat/outputs/ctrl_009_003_ratio3_sh0_dense_mid200/ratio3_sh0_dense/f1279/splatfacto/2026-08-20_191435/gaussian_features_f1279_labeled.csv
[density] frame_idx=1280: 窗口内17/73帧缺少T2产出(_marked.csv)，跳过不参与累加: ['f1300', 'f1301', 'f1302', 'f1303', 'f1304', 'f1305', 'f1306', 'f1307', 'f1308', 'f1309', 'f1310', 'f1311', 'f1312', 'f1313', 'f1314', 'f1315', 'f1316']
[density] body候选体素连通分量分析: 丢弃1/95个非最大连通分量的碎块体素

[f1280] n_total=663 n_kept=589 (88.8%)  n_frames_in_window=56
  body候选体素数(阈值+连通分量后)=94  body候选点数=459(77.9% of kept)
  wing连通性: 碎块点=41  实际改判=41
  confidence=high  (wing_merged强制low; body候选点数<20或>0.9*n_kept强制low; 否则high)
  L/R锚定: wing_A -> wing_R  wing_B -> wing_L
  part_label分布(全部点，含if_keep=False的1-NN传播): body=540  wing_L=56  wing_R=67
  labeled csv -> /home/computer0/fly_project/fly_gsplat/outputs/ctrl_009_003_ratio3_sh0_dense_mid200/ratio3_sh0_dense/f1280/splatfacto/2026-08-20_191626/gaussian_features_f1280_labeled.csv
[density] frame_idx=1281: 窗口内18/73帧缺少T2产出(_marked.csv)，跳过不参与累加: ['f1300', 'f1301', 'f1302', 'f1303', 'f1304', 'f1305', 'f1306', 'f1307', 'f1308', 'f1309', 'f1310', 'f1311', 'f1312', 'f1313', 'f1314', 'f1315', 'f1316', 'f1317']
[density] body候选体素连通分量分析: 丢弃1/94个非最大连通分量的碎块体素

[f1281] n_total=672 n_kept=573 (85.3%)  n_frames_in_window=55
  body候选体素数(阈值+连通分量后)=93  body候选点数=417(72.8% of kept)
  wing连通性: 碎块点=23  实际改判=23
  confidence=high  (wing_merged强制low; body候选点数<20或>0.9*n_kept强制low; 否则high)
  L/R锚定: wing_A -> wing_R  wing_B -> wing_L
  part_label分布(全部点，含if_keep=False的1-NN传播): body=504  wing_L=70  wing_R=98
  labeled csv -> /home/computer0/fly_project/fly_gsplat/outputs/ctrl_009_003_ratio3_sh0_dense_mid200/ratio3_sh0_dense/f1281/splatfacto/2026-08-20_191631/gaussian_features_f1281_labeled.csv
[density] frame_idx=1282: 窗口内19/73帧缺少T2产出(_marked.csv)，跳过不参与累加: ['f1300', 'f1301', 'f1302', 'f1303', 'f1304', 'f1305', 'f1306', 'f1307', 'f1308', 'f1309', 'f1310', 'f1311', 'f1312', 'f1313', 'f1314', 'f1315', 'f1316', 'f1317', 'f1318']
[density] body候选体素连通分量分析: 丢弃1/94个非最大连通分量的碎块体素

[f1282] n_total=646 n_kept=544 (84.2%)  n_frames_in_window=54
  body候选体素数(阈值+连通分量后)=93  body候选点数=363(66.7% of kept)
  wing连通性: 碎块点=28  实际改判=28
  confidence=high  (wing_merged强制low; body候选点数<20或>0.9*n_kept强制low; 否则high)
  L/R锚定: wing_A -> wing_R  wing_B -> wing_L
  part_label分布(全部点，含if_keep=False的1-NN传播): body=464  wing_L=89  wing_R=93
  labeled csv -> /home/computer0/fly_project/fly_gsplat/outputs/ctrl_009_003_ratio3_sh0_dense_mid200/ratio3_sh0_dense/f1282/splatfacto/2026-08-20_191631/gaussian_features_f1282_labeled.csv
[density] frame_idx=1283: 窗口内20/73帧缺少T2产出(_marked.csv)，跳过不参与累加: ['f1300', 'f1301', 'f1302', 'f1303', 'f1304', 'f1305', 'f1306', 'f1307', 'f1308', 'f1309', 'f1310', 'f1311', 'f1312', 'f1313', 'f1314', 'f1315', 'f1316', 'f1317', 'f1318', 'f1319']
[density] body候选体素连通分量分析: 丢弃1/92个非最大连通分量的碎块体素

[f1283] n_total=635 n_kept=575 (90.6%)  n_frames_in_window=53
  body候选体素数(阈值+连通分量后)=91  body候选点数=414(72.0% of kept)
  wing连通性: 碎块点=36  实际改判=36
  confidence=high  (wing_merged强制low; body候选点数<20或>0.9*n_kept强制low; 否则high)
  L/R锚定: wing_A -> wing_R  wing_B -> wing_L
  part_label分布(全部点，含if_keep=False的1-NN传播): body=495  wing_L=47  wing_R=93
  labeled csv -> /home/computer0/fly_project/fly_gsplat/outputs/ctrl_009_003_ratio3_sh0_dense_mid200/ratio3_sh0_dense/f1283/splatfacto/2026-08-20_191631/gaussian_features_f1283_labeled.csv
[density] frame_idx=1284: 窗口内21/73帧缺少T2产出(_marked.csv)，跳过不参与累加: ['f1300', 'f1301', 'f1302', 'f1303', 'f1304', 'f1305', 'f1306', 'f1307', 'f1308', 'f1309', 'f1310', 'f1311', 'f1312', 'f1313', 'f1314', 'f1315', 'f1316', 'f1317', 'f1318', 'f1319', 'f1320']
[density] body候选体素连通分量分析: 丢弃1/92个非最大连通分量的碎块体素

[f1284] n_total=582 n_kept=540 (92.8%)  n_frames_in_window=52
  body候选体素数(阈值+连通分量后)=91  body候选点数=362(67.0% of kept)
  wing连通性: 碎块点=48  实际改判=48
  confidence=high  (wing_merged强制low; body候选点数<20或>0.9*n_kept强制low; 否则high)
  L/R锚定: wing_A -> wing_R  wing_B -> wing_L
  part_label分布(全部点，含if_keep=False的1-NN传播): body=440  wing_L=55  wing_R=87
  labeled csv -> /home/computer0/fly_project/fly_gsplat/outputs/ctrl_009_003_ratio3_sh0_dense_mid200/ratio3_sh0_dense/f1284/splatfacto/2026-08-20_191632/gaussian_features_f1284_labeled.csv
[density] frame_idx=1285: 窗口内22/73帧缺少T2产出(_marked.csv)，跳过不参与累加: ['f1300', 'f1301', 'f1302', 'f1303', 'f1304', 'f1305', 'f1306', 'f1307', 'f1308', 'f1309', 'f1310', 'f1311', 'f1312', 'f1313', 'f1314', 'f1315', 'f1316', 'f1317', 'f1318', 'f1319', 'f1320', 'f1321']
[density] body候选体素连通分量分析: 丢弃1/91个非最大连通分量的碎块体素

[f1285] n_total=658 n_kept=575 (87.4%)  n_frames_in_window=51
  body候选体素数(阈值+连通分量后)=90  body候选点数=416(72.3% of kept)
  wing连通性: 碎块点=39  实际改判=39
  confidence=high  (wing_merged强制low; body候选点数<20或>0.9*n_kept强制low; 否则high)
  L/R锚定: wing_A -> wing_R  wing_B -> wing_L
  part_label分布(全部点，含if_keep=False的1-NN传播): body=503  wing_L=67  wing_R=88
  labeled csv -> /home/computer0/fly_project/fly_gsplat/outputs/ctrl_009_003_ratio3_sh0_dense_mid200/ratio3_sh0_dense/f1285/splatfacto/2026-08-20_191632/gaussian_features_f1285_labeled.csv
[density] frame_idx=1286: 窗口内23/73帧缺少T2产出(_marked.csv)，跳过不参与累加: ['f1300', 'f1301', 'f1302', 'f1303', 'f1304', 'f1305', 'f1306', 'f1307', 'f1308', 'f1309', 'f1310', 'f1311', 'f1312', 'f1313', 'f1314', 'f1315', 'f1316', 'f1317', 'f1318', 'f1319', 'f1320', 'f1321', 'f1322']
[density] body候选体素连通分量分析: 丢弃1/89个非最大连通分量的碎块体素

[f1286] n_total=651 n_kept=583 (89.6%)  n_frames_in_window=50
  body候选体素数(阈值+连通分量后)=88  body候选点数=398(68.3% of kept)
  wing连通性: 碎块点=59  实际改判=59
  confidence=high  (wing_merged强制low; body候选点数<20或>0.9*n_kept强制low; 否则high)
  L/R锚定: wing_A -> wing_R  wing_B -> wing_L
  part_label分布(全部点，含if_keep=False的1-NN传播): body=509  wing_L=64  wing_R=78
  labeled csv -> /home/computer0/fly_project/fly_gsplat/outputs/ctrl_009_003_ratio3_sh0_dense_mid200/ratio3_sh0_dense/f1286/splatfacto/2026-08-20_191633/gaussian_features_f1286_labeled.csv
[density] frame_idx=1287: 窗口内24/73帧缺少T2产出(_marked.csv)，跳过不参与累加: ['f1300', 'f1301', 'f1302', 'f1303', 'f1304', 'f1305', 'f1306', 'f1307', 'f1308', 'f1309', 'f1310', 'f1311', 'f1312', 'f1313', 'f1314', 'f1315', 'f1316', 'f1317', 'f1318', 'f1319', 'f1320', 'f1321', 'f1322', 'f1323']
[density] body候选体素连通分量分析: 丢弃1/88个非最大连通分量的碎块体素

[f1287] n_total=609 n_kept=553 (90.8%)  n_frames_in_window=49
  body候选体素数(阈值+连通分量后)=87  body候选点数=383(69.3% of kept)
  wing连通性: 碎块点=62  实际改判=62
  confidence=high  (wing_merged强制low; body候选点数<20或>0.9*n_kept强制low; 否则high)
  L/R锚定: wing_A -> wing_R  wing_B -> wing_L
  part_label分布(全部点，含if_keep=False的1-NN传播): body=477  wing_L=53  wing_R=79
  labeled csv -> /home/computer0/fly_project/fly_gsplat/outputs/ctrl_009_003_ratio3_sh0_dense_mid200/ratio3_sh0_dense/f1287/splatfacto/2026-08-20_191631/gaussian_features_f1287_labeled.csv
[density] frame_idx=1288: 窗口内25/73帧缺少T2产出(_marked.csv)，跳过不参与累加: ['f1300', 'f1301', 'f1302', 'f1303', 'f1304', 'f1305', 'f1306', 'f1307', 'f1308', 'f1309', 'f1310', 'f1311', 'f1312', 'f1313', 'f1314', 'f1315', 'f1316', 'f1317', 'f1318', 'f1319', 'f1320', 'f1321', 'f1322', 'f1323', 'f1324']
[density] body候选体素连通分量分析: 丢弃1/86个非最大连通分量的碎块体素

[f1288] n_total=660 n_kept=588 (89.1%)  n_frames_in_window=48
  body候选体素数(阈值+连通分量后)=85  body候选点数=389(66.2% of kept)
  wing连通性: 碎块点=39  实际改判=39
  confidence=high  (wing_merged强制low; body候选点数<20或>0.9*n_kept强制low; 否则high)
  L/R锚定: wing_A -> wing_L  wing_B -> wing_R
  part_label分布(全部点，含if_keep=False的1-NN传播): body=476  wing_L=92  wing_R=92
  labeled csv -> /home/computer0/fly_project/fly_gsplat/outputs/ctrl_009_003_ratio3_sh0_dense_mid200/ratio3_sh0_dense/f1288/splatfacto/2026-08-20_191633/gaussian_features_f1288_labeled.csv
[density] frame_idx=1289: 窗口内26/73帧缺少T2产出(_marked.csv)，跳过不参与累加: ['f1300', 'f1301', 'f1302', 'f1303', 'f1304', 'f1305', 'f1306', 'f1307', 'f1308', 'f1309', 'f1310', 'f1311', 'f1312', 'f1313', 'f1314', 'f1315', 'f1316', 'f1317', 'f1318', 'f1319', 'f1320', 'f1321', 'f1322', 'f1323', 'f1324', 'f1325']
[density] body候选体素连通分量分析: 丢弃1/86个非最大连通分量的碎块体素

[f1289] n_total=702 n_kept=605 (86.2%)  n_frames_in_window=47
  body候选体素数(阈值+连通分量后)=85  body候选点数=413(68.3% of kept)
  wing连通性: 碎块点=34  实际改判=34
  confidence=high  (wing_merged强制low; body候选点数<20或>0.9*n_kept强制low; 否则high)
  L/R锚定: wing_A -> wing_R  wing_B -> wing_L
  part_label分布(全部点，含if_keep=False的1-NN传播): body=525  wing_L=86  wing_R=91
  labeled csv -> /home/computer0/fly_project/fly_gsplat/outputs/ctrl_009_003_ratio3_sh0_dense_mid200/ratio3_sh0_dense/f1289/splatfacto/2026-08-20_191633/gaussian_features_f1289_labeled.csv
[density] frame_idx=1290: 窗口内27/73帧缺少T2产出(_marked.csv)，跳过不参与累加: ['f1300', 'f1301', 'f1302', 'f1303', 'f1304', 'f1305', 'f1306', 'f1307', 'f1308', 'f1309', 'f1310', 'f1311', 'f1312', 'f1313', 'f1314', 'f1315', 'f1316', 'f1317', 'f1318', 'f1319', 'f1320', 'f1321', 'f1322', 'f1323', 'f1324', 'f1325', 'f1326']
[density] body候选体素连通分量分析: 丢弃1/83个非最大连通分量的碎块体素

[f1290] n_total=705 n_kept=591 (83.8%)  n_frames_in_window=46
  body候选体素数(阈值+连通分量后)=82  body候选点数=448(75.8% of kept)
  wing连通性: 碎块点=28  实际改判=28
  confidence=high  (wing_merged强制low; body候选点数<20或>0.9*n_kept强制low; 否则high)
  L/R锚定: wing_A -> wing_R  wing_B -> wing_L
  part_label分布(全部点，含if_keep=False的1-NN传播): body=548  wing_L=62  wing_R=95
  labeled csv -> /home/computer0/fly_project/fly_gsplat/outputs/ctrl_009_003_ratio3_sh0_dense_mid200/ratio3_sh0_dense/f1290/splatfacto/2026-08-20_191633/gaussian_features_f1290_labeled.csv
[density] frame_idx=1291: 窗口内28/73帧缺少T2产出(_marked.csv)，跳过不参与累加: ['f1300', 'f1301', 'f1302', 'f1303', 'f1304', 'f1305', 'f1306', 'f1307', 'f1308', 'f1309', 'f1310', 'f1311', 'f1312', 'f1313', 'f1314', 'f1315', 'f1316', 'f1317', 'f1318', 'f1319', 'f1320', 'f1321', 'f1322', 'f1323', 'f1324', 'f1325', 'f1326', 'f1327']
[density] body候选体素连通分量分析: 丢弃1/83个非最大连通分量的碎块体素

[f1291] n_total=691 n_kept=585 (84.7%)  n_frames_in_window=45
  body候选体素数(阈值+连通分量后)=82  body候选点数=405(69.2% of kept)
  wing连通性: 碎块点=33  实际改判=33
  confidence=high  (wing_merged强制low; body候选点数<20或>0.9*n_kept强制low; 否则high)
  L/R锚定: wing_A -> wing_R  wing_B -> wing_L
  part_label分布(全部点，含if_keep=False的1-NN传播): body=518  wing_L=81  wing_R=92
  labeled csv -> /home/computer0/fly_project/fly_gsplat/outputs/ctrl_009_003_ratio3_sh0_dense_mid200/ratio3_sh0_dense/f1291/splatfacto/2026-08-20_191634/gaussian_features_f1291_labeled.csv
[density] frame_idx=1292: 窗口内29/73帧缺少T2产出(_marked.csv)，跳过不参与累加: ['f1300', 'f1301', 'f1302', 'f1303', 'f1304', 'f1305', 'f1306', 'f1307', 'f1308', 'f1309', 'f1310', 'f1311', 'f1312', 'f1313', 'f1314', 'f1315', 'f1316', 'f1317', 'f1318', 'f1319', 'f1320', 'f1321', 'f1322', 'f1323', 'f1324', 'f1325', 'f1326', 'f1327', 'f1328']
[density] body候选体素连通分量分析: 丢弃1/83个非最大连通分量的碎块体素

[f1292] n_total=710 n_kept=629 (88.6%)  n_frames_in_window=44
  body候选体素数(阈值+连通分量后)=82  body候选点数=418(66.5% of kept)
  wing连通性: 碎块点=67  实际改判=67
  confidence=high  (wing_merged强制low; body候选点数<20或>0.9*n_kept强制low; 否则high)
  L/R锚定: wing_A -> wing_R  wing_B -> wing_L
  part_label分布(全部点，含if_keep=False的1-NN传播): body=544  wing_L=77  wing_R=89
  labeled csv -> /home/computer0/fly_project/fly_gsplat/outputs/ctrl_009_003_ratio3_sh0_dense_mid200/ratio3_sh0_dense/f1292/splatfacto/2026-08-20_191824/gaussian_features_f1292_labeled.csv
[density] frame_idx=1293: 窗口内30/73帧缺少T2产出(_marked.csv)，跳过不参与累加: ['f1300', 'f1301', 'f1302', 'f1303', 'f1304', 'f1305', 'f1306', 'f1307', 'f1308', 'f1309', 'f1310', 'f1311', 'f1312', 'f1313', 'f1314', 'f1315', 'f1316', 'f1317', 'f1318', 'f1319', 'f1320', 'f1321', 'f1322', 'f1323', 'f1324', 'f1325', 'f1326', 'f1327', 'f1328', 'f1329']
[density] body候选体素连通分量分析: 丢弃1/79个非最大连通分量的碎块体素

[f1293] n_total=677 n_kept=603 (89.1%)  n_frames_in_window=43
  body候选体素数(阈值+连通分量后)=78  body候选点数=378(62.7% of kept)
  wing连通性: 碎块点=82  实际改判=82
  confidence=high  (wing_merged强制low; body候选点数<20或>0.9*n_kept强制low; 否则high)
  L/R锚定: wing_A -> wing_R  wing_B -> wing_L
  part_label分布(全部点，含if_keep=False的1-NN传播): body=509  wing_L=70  wing_R=98
  labeled csv -> /home/computer0/fly_project/fly_gsplat/outputs/ctrl_009_003_ratio3_sh0_dense_mid200/ratio3_sh0_dense/f1293/splatfacto/2026-08-20_191826/gaussian_features_f1293_labeled.csv
[density] frame_idx=1294: 窗口内31/73帧缺少T2产出(_marked.csv)，跳过不参与累加: ['f1300', 'f1301', 'f1302', 'f1303', 'f1304', 'f1305', 'f1306', 'f1307', 'f1308', 'f1309', 'f1310', 'f1311', 'f1312', 'f1313', 'f1314', 'f1315', 'f1316', 'f1317', 'f1318', 'f1319', 'f1320', 'f1321', 'f1322', 'f1323', 'f1324', 'f1325', 'f1326', 'f1327', 'f1328', 'f1329', 'f1330']
[density] body候选体素连通分量分析: 丢弃1/77个非最大连通分量的碎块体素

[f1294] n_total=710 n_kept=620 (87.3%)  n_frames_in_window=42
  body候选体素数(阈值+连通分量后)=76  body候选点数=394(63.5% of kept)
  wing连通性: 碎块点=63  实际改判=63
  confidence=high  (wing_merged强制low; body候选点数<20或>0.9*n_kept强制low; 否则high)
  L/R锚定: wing_A -> wing_R  wing_B -> wing_L
  part_label分布(全部点，含if_keep=False的1-NN传播): body=501  wing_L=82  wing_R=127
  labeled csv -> /home/computer0/fly_project/fly_gsplat/outputs/ctrl_009_003_ratio3_sh0_dense_mid200/ratio3_sh0_dense/f1294/splatfacto/2026-08-20_191828/gaussian_features_f1294_labeled.csv
[density] frame_idx=1295: 窗口内32/73帧缺少T2产出(_marked.csv)，跳过不参与累加: ['f1300', 'f1301', 'f1302', 'f1303', 'f1304', 'f1305', 'f1306', 'f1307', 'f1308', 'f1309', 'f1310', 'f1311', 'f1312', 'f1313', 'f1314', 'f1315', 'f1316', 'f1317', 'f1318', 'f1319', 'f1320', 'f1321', 'f1322', 'f1323', 'f1324', 'f1325', 'f1326', 'f1327', 'f1328', 'f1329', 'f1330', 'f1331']

[f1295] n_total=758 n_kept=686 (90.5%)  n_frames_in_window=41
  body候选体素数(阈值+连通分量后)=71  body候选点数=423(61.7% of kept)
  wing连通性: 碎块点=131  实际改判=131
  confidence=high  (wing_merged强制low; body候选点数<20或>0.9*n_kept强制low; 否则high)
  L/R锚定: wing_A -> wing_L  wing_B -> wing_R
  part_label分布(全部点，含if_keep=False的1-NN传播): body=583  wing_L=103  wing_R=72
  labeled csv -> /home/computer0/fly_project/fly_gsplat/outputs/ctrl_009_003_ratio3_sh0_dense_mid200/ratio3_sh0_dense/f1295/splatfacto/2026-08-20_191826/gaussian_features_f1295_labeled.csv
[density] frame_idx=1296: 窗口内33/73帧缺少T2产出(_marked.csv)，跳过不参与累加: ['f1300', 'f1301', 'f1302', 'f1303', 'f1304', 'f1305', 'f1306', 'f1307', 'f1308', 'f1309', 'f1310', 'f1311', 'f1312', 'f1313', 'f1314', 'f1315', 'f1316', 'f1317', 'f1318', 'f1319', 'f1320', 'f1321', 'f1322', 'f1323', 'f1324', 'f1325', 'f1326', 'f1327', 'f1328', 'f1329', 'f1330', 'f1331', 'f1332']

[f1296] n_total=714 n_kept=655 (91.7%)  n_frames_in_window=40
  body候选体素数(阈值+连通分量后)=70  body候选点数=368(56.2% of kept)
  wing连通性: 碎块点=81  实际改判=81
  confidence=high  (wing_merged强制low; body候选点数<20或>0.9*n_kept强制low; 否则high)
  L/R锚定: wing_A -> wing_L  wing_B -> wing_R
  part_label分布(全部点，含if_keep=False的1-NN传播): body=490  wing_L=156  wing_R=68
  labeled csv -> /home/computer0/fly_project/fly_gsplat/outputs/ctrl_009_003_ratio3_sh0_dense_mid200/ratio3_sh0_dense/f1296/splatfacto/2026-08-20_191827/gaussian_features_f1296_labeled.csv
[density] frame_idx=1297: 窗口内34/73帧缺少T2产出(_marked.csv)，跳过不参与累加: ['f1300', 'f1301', 'f1302', 'f1303', 'f1304', 'f1305', 'f1306', 'f1307', 'f1308', 'f1309', 'f1310', 'f1311', 'f1312', 'f1313', 'f1314', 'f1315', 'f1316', 'f1317', 'f1318', 'f1319', 'f1320', 'f1321', 'f1322', 'f1323', 'f1324', 'f1325', 'f1326', 'f1327', 'f1328', 'f1329', 'f1330', 'f1331', 'f1332', 'f1333']

[f1297] n_total=765 n_kept=674 (88.1%)  n_frames_in_window=39
  body候选体素数(阈值+连通分量后)=68  body候选点数=377(55.9% of kept)
  wing连通性: 碎块点=69  实际改判=69
  confidence=high  (wing_merged强制low; body候选点数<20或>0.9*n_kept强制low; 否则high)
  L/R锚定: wing_A -> wing_L  wing_B -> wing_R
  part_label分布(全部点，含if_keep=False的1-NN传播): body=492  wing_L=229  wing_R=44
  labeled csv -> /home/computer0/fly_project/fly_gsplat/outputs/ctrl_009_003_ratio3_sh0_dense_mid200/ratio3_sh0_dense/f1297/splatfacto/2026-08-20_191828/gaussian_features_f1297_labeled.csv
[density] frame_idx=1298: 窗口内35/73帧缺少T2产出(_marked.csv)，跳过不参与累加: ['f1300', 'f1301', 'f1302', 'f1303', 'f1304', 'f1305', 'f1306', 'f1307', 'f1308', 'f1309', 'f1310', 'f1311', 'f1312', 'f1313', 'f1314', 'f1315', 'f1316', 'f1317', 'f1318', 'f1319', 'f1320', 'f1321', 'f1322', 'f1323', 'f1324', 'f1325', 'f1326', 'f1327', 'f1328', 'f1329', 'f1330', 'f1331', 'f1332', 'f1333', 'f1334']

[f1298] n_total=767 n_kept=700 (91.3%)  n_frames_in_window=38
  body候选体素数(阈值+连通分量后)=66  body候选点数=386(55.1% of kept)
  wing连通性: 碎块点=56  实际改判=56
  confidence=high  (wing_merged强制low; body候选点数<20或>0.9*n_kept强制low; 否则high)
  L/R锚定: wing_A -> wing_R  wing_B -> wing_L
  part_label分布(全部点，含if_keep=False的1-NN传播): body=453  wing_L=42  wing_R=272
  labeled csv -> /home/computer0/fly_project/fly_gsplat/outputs/ctrl_009_003_ratio3_sh0_dense_mid200/ratio3_sh0_dense/f1298/splatfacto/2026-08-20_191828/gaussian_features_f1298_labeled.csv
[density] frame_idx=1299: 窗口内36/73帧缺少T2产出(_marked.csv)，跳过不参与累加: ['f1300', 'f1301', 'f1302', 'f1303', 'f1304', 'f1305', 'f1306', 'f1307', 'f1308', 'f1309', 'f1310', 'f1311', 'f1312', 'f1313', 'f1314', 'f1315', 'f1316', 'f1317', 'f1318', 'f1319', 'f1320', 'f1321', 'f1322', 'f1323', 'f1324', 'f1325', 'f1326', 'f1327', 'f1328', 'f1329', 'f1330', 'f1331', 'f1332', 'f1333', 'f1334', 'f1335']

[f1299] n_total=777 n_kept=707 (91.0%)  n_frames_in_window=37
  body候选体素数(阈值+连通分量后)=64  body候选点数=350(49.5% of kept)
  wing连通性: 碎块点=49  实际改判=49
  confidence=high  (wing_merged强制low; body候选点数<20或>0.9*n_kept强制low; 否则high)
  L/R锚定: wing_A -> wing_R  wing_B -> wing_L
  part_label分布(全部点，含if_keep=False的1-NN传播): body=417  wing_L=61  wing_R=299
  labeled csv -> /home/computer0/fly_project/fly_gsplat/outputs/ctrl_009_003_ratio3_sh0_dense_mid200/ratio3_sh0_dense/f1299/splatfacto/2026-08-20_191828/gaussian_features_f1299_labeled.csv

== T4 kinematics pipeline: /home/computer0/fly_project/fly_gsplat/outputs/ctrl_009_003_ratio3_sh0_dense_mid200/ratio3_sh0_dense ==
[build_sequence] 200 labeled frames under /home/computer0/fly_project/fly_gsplat/outputs/ctrl_009_003_ratio3_sh0_dense_mid200/ratio3_sh0_dense: f1100..f1299
[build_sequence] 0/200 frames failed (n_body_points < 10)
[f_residual_jitter] 复用缓存 /home/computer0/fly_project/fly_gsplat/postprocessing/kinematics/correct_body_axis/diag/f_body_cm.csv
[anchor_detect] angle_dev_deg <= 19.392 deg (quantile=0.25, n_valid=200)
[anchor_detect] wing_span >= 0.00297902 (quantile=0.75, n_valid=200)
[anchor_detect] eigval_ratio < 0.2
  -> /home/computer0/fly_project/fly_gsplat/outputs/ctrl_009_003_ratio3_sh0_dense_mid200/kinematics/kinematics_ratio3_sh0_dense.csv  (200 frame(s))
  status=ok: 196/200
  非ok帧: [(1153, 'wing_R:estimate_leading_edge: not enough populated span bins (1 pos / 1 neg, need >=3 each) to disambiguate leading vs trailing edge'), (1154, 'wing_R:estimate_leading_edge: not enough populated span bins (1 pos / 1 neg, need >=3 each) to disambiguate leading vs trailing edge'), (1227, 'wing_R:estimate_leading_edge: not enough populated span bins (1 pos / 1 neg, need >=3 each) to disambiguate leading vs trailing edge'), (1236, 'wing_L:fit_plane RANSAC: no sample reached min_inliers=92 in 300 iters (best=91)')]
[f1100] csv -> /home/computer0/fly_project/fly_gsplat/outputs/ctrl_009_003_ratio3_sh0_dense_mid200/ratio3_sh0_dense/f1100/splatfacto/2026-08-20_184701/gaussian_features_f1100_labeled.csv
[f1100] reprojection -> /home/computer0/fly_project/fly_gsplat/outputs/ctrl_009_003_ratio3_sh0_dense_mid200/kinematics/reprojection/reproj_f1100.png
[f1149] csv -> /home/computer0/fly_project/fly_gsplat/outputs/ctrl_009_003_ratio3_sh0_dense_mid200/ratio3_sh0_dense/f1149/splatfacto/2026-08-20_185508/gaussian_features_f1149_labeled.csv
[f1149] reprojection -> /home/computer0/fly_project/fly_gsplat/outputs/ctrl_009_003_ratio3_sh0_dense_mid200/kinematics/reprojection/reproj_f1149.png
[f1200] csv -> /home/computer0/fly_project/fly_gsplat/outputs/ctrl_009_003_ratio3_sh0_dense_mid200/ratio3_sh0_dense/f1200/splatfacto/2026-08-20_190254/gaussian_features_f1200_labeled.csv
[f1200] reprojection -> /home/computer0/fly_project/fly_gsplat/outputs/ctrl_009_003_ratio3_sh0_dense_mid200/kinematics/reprojection/reproj_f1200.png
[f1250] csv -> /home/computer0/fly_project/fly_gsplat/outputs/ctrl_009_003_ratio3_sh0_dense_mid200/ratio3_sh0_dense/f1250/splatfacto/2026-08-20_191041/gaussian_features_f1250_labeled.csv
[f1250] reprojection -> /home/computer0/fly_project/fly_gsplat/outputs/ctrl_009_003_ratio3_sh0_dense_mid200/kinematics/reprojection/reproj_f1250.png
[f1299] csv -> /home/computer0/fly_project/fly_gsplat/outputs/ctrl_009_003_ratio3_sh0_dense_mid200/ratio3_sh0_dense/f1299/splatfacto/2026-08-20_191828/gaussian_features_f1299_labeled.csv
[f1299] reprojection -> /home/computer0/fly_project/fly_gsplat/outputs/ctrl_009_003_ratio3_sh0_dense_mid200/kinematics/reprojection/reproj_f1299.png

============================================================
5帧请求汇总: 成功 5  失败 0
  -> /home/computer0/fly_project/fly_gsplat/outputs/ctrl_009_003_ratio3_sh0_dense_mid200/kinematics

============================================================
done: 1/1 ok
