=== Phase A: data prep ===
Dataset generated successfully at: /home/computer0/fly_project/fly_gsplat/ctrl_009/043/f1100
4 cameras loaded
Seed: [-0.00082257  0.00415651  0.01299286]  triangulation residual=0.081 mm
Sampled 10000 points in 2mm sphere
Surviving points (all 4 cameras): 1954
After outlier removal: 1872 points
Saved -> /home/computer0/fly_project/fly_gsplat/ctrl_009/043/f1100/init_points.ply
[prepare] frame 1100 data ready
Dataset generated successfully at: /home/computer0/fly_project/fly_gsplat/ctrl_009/043/f1101
4 cameras loaded
Seed: [-0.00081502  0.00412057  0.0129794 ]  triangulation residual=0.088 mm
Sampled 10000 points in 2mm sphere
Surviving points (all 4 cameras): 1901
After outlier removal: 1830 points
Saved -> /home/computer0/fly_project/fly_gsplat/ctrl_009/043/f1101/init_points.ply
[prepare] frame 1101 data ready
Dataset generated successfully at: /home/computer0/fly_project/fly_gsplat/ctrl_009/043/f1102
4 cameras loaded
Seed: [-0.00081072  0.0040923   0.01296574]  triangulation residual=0.091 mm
Sampled 10000 points in 2mm sphere
Surviving points (all 4 cameras): 1924
After outlier removal: 1843 points
Saved -> /home/computer0/fly_project/fly_gsplat/ctrl_009/043/f1102/init_points.ply
[prepare] frame 1102 data ready
Dataset generated successfully at: /home/computer0/fly_project/fly_gsplat/ctrl_009/043/f1103
4 cameras loaded
Seed: [-0.00080486  0.00406944  0.0129482 ]  triangulation residual=0.091 mm
Sampled 10000 points in 2mm sphere
Surviving points (all 4 cameras): 1857
After outlier removal: 1781 points
Saved -> /home/computer0/fly_project/fly_gsplat/ctrl_009/043/f1103/init_points.ply
[prepare] frame 1103 data ready
Dataset generated successfully at: /home/computer0/fly_project/fly_gsplat/ctrl_009/043/f1104
4 cameras loaded
Seed: [-0.00079682  0.00404991  0.01293223]  triangulation residual=0.092 mm
Sampled 10000 points in 2mm sphere
Surviving points (all 4 cameras): 1863
After outlier removal: 1781 points
Saved -> /home/computer0/fly_project/fly_gsplat/ctrl_009/043/f1104/init_points.ply
[prepare] frame 1104 data ready
Dataset generated successfully at: /home/computer0/fly_project/fly_gsplat/ctrl_009/043/f1105
4 cameras loaded
Seed: [-0.00079425  0.00404128  0.01291613]  triangulation residual=0.092 mm
Sampled 10000 points in 2mm sphere
Surviving points (all 4 cameras): 1827
After outlier removal: 1747 points
Saved -> /home/computer0/fly_project/fly_gsplat/ctrl_009/043/f1105/init_points.ply
[prepare] frame 1105 data ready
Dataset generated successfully at: /home/computer0/fly_project/fly_gsplat/ctrl_009/043/f1106
4 cameras loaded
Seed: [-0.00079913  0.00403621  0.01289764]  triangulation residual=0.087 mm
Sampled 10000 points in 2mm sphere
Surviving points (all 4 cameras): 1783
After outlier removal: 1707 points
Saved -> /home/computer0/fly_project/fly_gsplat/ctrl_009/043/f1106/init_points.ply
[prepare] frame 1106 data ready
Dataset generated successfully at: /home/computer0/fly_project/fly_gsplat/ctrl_009/043/f1107
4 cameras loaded
Seed: [-0.00079616  0.00403788  0.01287759]  triangulation residual=0.080 mm
Sampled 10000 points in 2mm sphere
Surviving points (all 4 cameras): 1748
After outlier removal: 1671 points
Saved -> /home/computer0/fly_project/fly_gsplat/ctrl_009/043/f1107/init_points.ply
[prepare] frame 1107 data ready
Dataset generated successfully at: /home/computer0/fly_project/fly_gsplat/ctrl_009/043/f1108
4 cameras loaded
Seed: [-0.00079293  0.00404336  0.01286121]  triangulation residual=0.079 mm
Sampled 10000 points in 2mm sphere
Surviving points (all 4 cameras): 1794
After outlier removal: 1726 points
Saved -> /home/computer0/fly_project/fly_gsplat/ctrl_009/043/f1108/init_points.ply
[prepare] frame 1108 data ready
Dataset generated successfully at: /home/computer0/fly_project/fly_gsplat/ctrl_009/043/f1109
4 cameras loaded
Seed: [-0.00078674  0.00405841  0.01284827]  triangulation residual=0.079 mm
Sampled 10000 points in 2mm sphere
Surviving points (all 4 cameras): 1859
After outlier removal: 1776 points
Saved -> /home/computer0/fly_project/fly_gsplat/ctrl_009/043/f1109/init_points.ply
[prepare] frame 1109 data ready
Dataset generated successfully at: /home/computer0/fly_project/fly_gsplat/ctrl_009/043/f1110
4 cameras loaded
Seed: [-0.00078421  0.00407184  0.01283038]  triangulation residual=0.079 mm
Sampled 10000 points in 2mm sphere
Surviving points (all 4 cameras): 1806
After outlier removal: 1730 points
Saved -> /home/computer0/fly_project/fly_gsplat/ctrl_009/043/f1110/init_points.ply
[prepare] frame 1110 data ready
Dataset generated successfully at: /home/computer0/fly_project/fly_gsplat/ctrl_009/043/f1111
4 cameras loaded
Seed: [-0.00078455  0.00408821  0.01280312]  triangulation residual=0.077 mm
Sampled 10000 points in 2mm sphere
Surviving points (all 4 cameras): 1882
After outlier removal: 1806 points
Saved -> /home/computer0/fly_project/fly_gsplat/ctrl_009/043/f1111/init_points.ply
[prepare] frame 1111 data ready
Dataset generated successfully at: /home/computer0/fly_project/fly_gsplat/ctrl_009/043/f1112
4 cameras loaded
Seed: [-0.00078239  0.00410654  0.01276954]  triangulation residual=0.076 mm
Sampled 10000 points in 2mm sphere
Surviving points (all 4 cameras): 1947
After outlier removal: 1869 points
Saved -> /home/computer0/fly_project/fly_gsplat/ctrl_009/043/f1112/init_points.ply
[prepare] frame 1112 data ready
Dataset generated successfully at: /home/computer0/fly_project/fly_gsplat/ctrl_009/043/f1113
4 cameras loaded
Seed: [-0.00078107  0.00413149  0.01274026]  triangulation residual=0.089 mm
Sampled 10000 points in 2mm sphere
Surviving points (all 4 cameras): 1882
After outlier removal: 1792 points
Saved -> /home/computer0/fly_project/fly_gsplat/ctrl_009/043/f1113/init_points.ply
[prepare] frame 1113 data ready
Dataset generated successfully at: /home/computer0/fly_project/fly_gsplat/ctrl_009/043/f1114
4 cameras loaded
Seed: [-0.0007838   0.00417168  0.01271657]  triangulation residual=0.109 mm
Sampled 10000 points in 2mm sphere
Surviving points (all 4 cameras): 1871
After outlier removal: 1797 points
Saved -> /home/computer0/fly_project/fly_gsplat/ctrl_009/043/f1114/init_points.ply
[prepare] frame 1114 data ready
Dataset generated successfully at: /home/computer0/fly_project/fly_gsplat/ctrl_009/043/f1115
4 cameras loaded
Seed: [-0.00077529  0.00421008  0.01269981]  triangulation residual=0.127 mm
Sampled 10000 points in 2mm sphere
Surviving points (all 4 cameras): 1746
After outlier removal: 1675 points
Saved -> /home/computer0/fly_project/fly_gsplat/ctrl_009/043/f1115/init_points.ply
[prepare] frame 1115 data ready
Dataset generated successfully at: /home/computer0/fly_project/fly_gsplat/ctrl_009/043/f1116
4 cameras loaded
Seed: [-0.0007687   0.00424057  0.01268846]  triangulation residual=0.138 mm
Sampled 10000 points in 2mm sphere
Surviving points (all 4 cameras): 1932
After outlier removal: 1851 points
Saved -> /home/computer0/fly_project/fly_gsplat/ctrl_009/043/f1116/init_points.ply
[prepare] frame 1116 data ready
Dataset generated successfully at: /home/computer0/fly_project/fly_gsplat/ctrl_009/043/f1117
4 cameras loaded
Seed: [-0.00076499  0.00423475  0.01267962]  triangulation residual=0.111 mm
Sampled 10000 points in 2mm sphere
Surviving points (all 4 cameras): 1930
After outlier removal: 1849 points
Saved -> /home/computer0/fly_project/fly_gsplat/ctrl_009/043/f1117/init_points.ply
[prepare] frame 1117 data ready
Dataset generated successfully at: /home/computer0/fly_project/fly_gsplat/ctrl_009/043/f1118
4 cameras loaded
Seed: [-0.0007705   0.00423222  0.01266948]  triangulation residual=0.089 mm
Sampled 10000 points in 2mm sphere
Surviving points (all 4 cameras): 2081
After outlier removal: 2005 points
Saved -> /home/computer0/fly_project/fly_gsplat/ctrl_009/043/f1118/init_points.ply
[prepare] frame 1118 data ready
Dataset generated successfully at: /home/computer0/fly_project/fly_gsplat/ctrl_009/043/f1119
4 cameras loaded
Seed: [-0.00076794  0.00423986  0.01267056]  triangulation residual=0.081 mm
Sampled 10000 points in 2mm sphere
Surviving points (all 4 cameras): 2140
After outlier removal: 2035 points
Saved -> /home/computer0/fly_project/fly_gsplat/ctrl_009/043/f1119/init_points.ply
[prepare] frame 1119 data ready
Dataset generated successfully at: /home/computer0/fly_project/fly_gsplat/ctrl_009/043/f1120
4 cameras loaded
Seed: [-0.00078414  0.00426339  0.01267516]  triangulation residual=0.082 mm
Sampled 10000 points in 2mm sphere
Surviving points (all 4 cameras): 2092
After outlier removal: 2028 points
Saved -> /home/computer0/fly_project/fly_gsplat/ctrl_009/043/f1120/init_points.ply
[prepare] frame 1120 data ready
Dataset generated successfully at: /home/computer0/fly_project/fly_gsplat/ctrl_009/043/f1121
4 cameras loaded
Seed: [-0.0007835   0.00425887  0.01267889]  triangulation residual=0.099 mm
Sampled 10000 points in 2mm sphere
Surviving points (all 4 cameras): 2143
After outlier removal: 2067 points
Saved -> /home/computer0/fly_project/fly_gsplat/ctrl_009/043/f1121/init_points.ply
[prepare] frame 1121 data ready
Dataset generated successfully at: /home/computer0/fly_project/fly_gsplat/ctrl_009/043/f1122
4 cameras loaded
Seed: [-0.00079187  0.00424988  0.01267978]  triangulation residual=0.103 mm
Sampled 10000 points in 2mm sphere
Surviving points (all 4 cameras): 2150
After outlier removal: 2067 points
Saved -> /home/computer0/fly_project/fly_gsplat/ctrl_009/043/f1122/init_points.ply
[prepare] frame 1122 data ready
Dataset generated successfully at: /home/computer0/fly_project/fly_gsplat/ctrl_009/043/f1123
4 cameras loaded
Seed: [-0.00079224  0.00425405  0.01269302]  triangulation residual=0.104 mm
Sampled 10000 points in 2mm sphere
Surviving points (all 4 cameras): 2257
After outlier removal: 2174 points
Saved -> /home/computer0/fly_project/fly_gsplat/ctrl_009/043/f1123/init_points.ply
[prepare] frame 1123 data ready
Dataset generated successfully at: /home/computer0/fly_project/fly_gsplat/ctrl_009/043/f1124
4 cameras loaded
Seed: [-0.00079521  0.00427194  0.01270532]  triangulation residual=0.104 mm
Sampled 10000 points in 2mm sphere
Surviving points (all 4 cameras): 2183
After outlier removal: 2117 points
Saved -> /home/computer0/fly_project/fly_gsplat/ctrl_009/043/f1124/init_points.ply
[prepare] frame 1124 data ready
Dataset generated successfully at: /home/computer0/fly_project/fly_gsplat/ctrl_009/043/f1125
4 cameras loaded
Seed: [-0.00077739  0.0042919   0.01271684]  triangulation residual=0.119 mm
Sampled 10000 points in 2mm sphere
Surviving points (all 4 cameras): 2300
After outlier removal: 2201 points
Saved -> /home/computer0/fly_project/fly_gsplat/ctrl_009/043/f1125/init_points.ply
[prepare] frame 1125 data ready
Dataset generated successfully at: /home/computer0/fly_project/fly_gsplat/ctrl_009/043/f1126
4 cameras loaded
Seed: [-0.00078082  0.00433194  0.0127314 ]  triangulation residual=0.121 mm
Sampled 10000 points in 2mm sphere
Surviving points (all 4 cameras): 2264
After outlier removal: 2166 points
Saved -> /home/computer0/fly_project/fly_gsplat/ctrl_009/043/f1126/init_points.ply
[prepare] frame 1126 data ready
Dataset generated successfully at: /home/computer0/fly_project/fly_gsplat/ctrl_009/043/f1127
4 cameras loaded
Seed: [-0.00078436  0.00435712  0.01274552]  triangulation residual=0.113 mm
Sampled 10000 points in 2mm sphere
Surviving points (all 4 cameras): 2291
After outlier removal: 2190 points
Saved -> /home/computer0/fly_project/fly_gsplat/ctrl_009/043/f1127/init_points.ply
[prepare] frame 1127 data ready
Dataset generated successfully at: /home/computer0/fly_project/fly_gsplat/ctrl_009/043/f1128
4 cameras loaded
Seed: [-0.00079144  0.00438565  0.01276439]  triangulation residual=0.110 mm
Sampled 10000 points in 2mm sphere
Surviving points (all 4 cameras): 2248
After outlier removal: 2155 points
Saved -> /home/computer0/fly_project/fly_gsplat/ctrl_009/043/f1128/init_points.ply
[prepare] frame 1128 data ready
Dataset generated successfully at: /home/computer0/fly_project/fly_gsplat/ctrl_009/043/f1129
4 cameras loaded
Seed: [-0.00079874  0.00442563  0.01277859]  triangulation residual=0.111 mm
Sampled 10000 points in 2mm sphere
Surviving points (all 4 cameras): 2340
After outlier removal: 2237 points
Saved -> /home/computer0/fly_project/fly_gsplat/ctrl_009/043/f1129/init_points.ply
[prepare] frame 1129 data ready
Dataset generated successfully at: /home/computer0/fly_project/fly_gsplat/ctrl_009/043/f1130
4 cameras loaded
Seed: [-0.00080036  0.00445771  0.01280351]  triangulation residual=0.114 mm
Sampled 10000 points in 2mm sphere
Surviving points (all 4 cameras): 2146
After outlier removal: 2056 points
Saved -> /home/computer0/fly_project/fly_gsplat/ctrl_009/043/f1130/init_points.ply
[prepare] frame 1130 data ready
Dataset generated successfully at: /home/computer0/fly_project/fly_gsplat/ctrl_009/043/f1131
4 cameras loaded
Seed: [-0.00080071  0.00449151  0.01281663]  triangulation residual=0.122 mm
Sampled 10000 points in 2mm sphere
Surviving points (all 4 cameras): 2212
After outlier removal: 2125 points
Saved -> /home/computer0/fly_project/fly_gsplat/ctrl_009/043/f1131/init_points.ply
[prepare] frame 1131 data ready
Dataset generated successfully at: /home/computer0/fly_project/fly_gsplat/ctrl_009/043/f1132
4 cameras loaded
Seed: [-0.00079226  0.00452734  0.01283285]  triangulation residual=0.131 mm
Sampled 10000 points in 2mm sphere
Surviving points (all 4 cameras): 2119
After outlier removal: 2019 points
Saved -> /home/computer0/fly_project/fly_gsplat/ctrl_009/043/f1132/init_points.ply
[prepare] frame 1132 data ready
Dataset generated successfully at: /home/computer0/fly_project/fly_gsplat/ctrl_009/043/f1133
4 cameras loaded
Seed: [-0.00079364  0.0045694   0.01284875]  triangulation residual=0.139 mm
Sampled 10000 points in 2mm sphere
Surviving points (all 4 cameras): 2079
After outlier removal: 1989 points
Saved -> /home/computer0/fly_project/fly_gsplat/ctrl_009/043/f1133/init_points.ply
[prepare] frame 1133 data ready
Dataset generated successfully at: /home/computer0/fly_project/fly_gsplat/ctrl_009/043/f1134
4 cameras loaded
Seed: [-0.00079173  0.00460328  0.01286308]  triangulation residual=0.139 mm
Sampled 10000 points in 2mm sphere
Surviving points (all 4 cameras): 2084
After outlier removal: 1992 points
Saved -> /home/computer0/fly_project/fly_gsplat/ctrl_009/043/f1134/init_points.ply
[prepare] frame 1134 data ready
Dataset generated successfully at: /home/computer0/fly_project/fly_gsplat/ctrl_009/043/f1135
4 cameras loaded
Seed: [-0.00079027  0.00463989  0.0128793 ]  triangulation residual=0.138 mm
Sampled 10000 points in 2mm sphere
Surviving points (all 4 cameras): 2059
After outlier removal: 1973 points
Saved -> /home/computer0/fly_project/fly_gsplat/ctrl_009/043/f1135/init_points.ply
[prepare] frame 1135 data ready
Dataset generated successfully at: /home/computer0/fly_project/fly_gsplat/ctrl_009/043/f1136
4 cameras loaded
Seed: [-0.00078856  0.00467285  0.01290244]  triangulation residual=0.134 mm
Sampled 10000 points in 2mm sphere
Surviving points (all 4 cameras): 2069
After outlier removal: 1992 points
Saved -> /home/computer0/fly_project/fly_gsplat/ctrl_009/043/f1136/init_points.ply
[prepare] frame 1136 data ready
Dataset generated successfully at: /home/computer0/fly_project/fly_gsplat/ctrl_009/043/f1137
4 cameras loaded
Seed: [-0.00077826  0.0047185   0.0129196 ]  triangulation residual=0.131 mm
Sampled 10000 points in 2mm sphere
Surviving points (all 4 cameras): 2044
After outlier removal: 1961 points
Saved -> /home/computer0/fly_project/fly_gsplat/ctrl_009/043/f1137/init_points.ply
[prepare] frame 1137 data ready
Dataset generated successfully at: /home/computer0/fly_project/fly_gsplat/ctrl_009/043/f1138
4 cameras loaded
Seed: [-0.00077238  0.00477086  0.01294248]  triangulation residual=0.133 mm
Sampled 10000 points in 2mm sphere
Surviving points (all 4 cameras): 1990
After outlier removal: 1910 points
Saved -> /home/computer0/fly_project/fly_gsplat/ctrl_009/043/f1138/init_points.ply
[prepare] frame 1138 data ready
Dataset generated successfully at: /home/computer0/fly_project/fly_gsplat/ctrl_009/043/f1139
4 cameras loaded
Seed: [-0.00076781  0.00482528  0.01297006]  triangulation residual=0.134 mm
Sampled 10000 points in 2mm sphere
Surviving points (all 4 cameras): 1852
After outlier removal: 1781 points
Saved -> /home/computer0/fly_project/fly_gsplat/ctrl_009/043/f1139/init_points.ply
[prepare] frame 1139 data ready
Dataset generated successfully at: /home/computer0/fly_project/fly_gsplat/ctrl_009/043/f1140
4 cameras loaded
Seed: [-0.00077141  0.00488257  0.0129996 ]  triangulation residual=0.127 mm
Sampled 10000 points in 2mm sphere
Surviving points (all 4 cameras): 1793
After outlier removal: 1720 points
Saved -> /home/computer0/fly_project/fly_gsplat/ctrl_009/043/f1140/init_points.ply
[prepare] frame 1140 data ready
Dataset generated successfully at: /home/computer0/fly_project/fly_gsplat/ctrl_009/043/f1141
4 cameras loaded
Seed: [-0.00078901  0.00494759  0.01302522]  triangulation residual=0.118 mm
Sampled 10000 points in 2mm sphere
Surviving points (all 4 cameras): 1852
After outlier removal: 1774 points
Saved -> /home/computer0/fly_project/fly_gsplat/ctrl_009/043/f1141/init_points.ply
[prepare] frame 1141 data ready
Dataset generated successfully at: /home/computer0/fly_project/fly_gsplat/ctrl_009/043/f1142
4 cameras loaded
Seed: [-0.00080147  0.00500711  0.01305037]  triangulation residual=0.109 mm
Sampled 10000 points in 2mm sphere
Surviving points (all 4 cameras): 1780
After outlier removal: 1701 points
Saved -> /home/computer0/fly_project/fly_gsplat/ctrl_009/043/f1142/init_points.ply
[prepare] frame 1142 data ready
Dataset generated successfully at: /home/computer0/fly_project/fly_gsplat/ctrl_009/043/f1143
4 cameras loaded
Seed: [-0.00082827  0.00506941  0.01307706]  triangulation residual=0.086 mm
Sampled 10000 points in 2mm sphere
Surviving points (all 4 cameras): 1691
After outlier removal: 1623 points
Saved -> /home/computer0/fly_project/fly_gsplat/ctrl_009/043/f1143/init_points.ply
[prepare] frame 1143 data ready
Dataset generated successfully at: /home/computer0/fly_project/fly_gsplat/ctrl_009/043/f1144
4 cameras loaded
Seed: [-0.00085612  0.00512785  0.01309596]  triangulation residual=0.074 mm
Sampled 10000 points in 2mm sphere
Surviving points (all 4 cameras): 1710
After outlier removal: 1646 points
Saved -> /home/computer0/fly_project/fly_gsplat/ctrl_009/043/f1144/init_points.ply
[prepare] frame 1144 data ready
Dataset generated successfully at: /home/computer0/fly_project/fly_gsplat/ctrl_009/043/f1145
4 cameras loaded
Seed: [-0.00087181  0.00518777  0.01311322]  triangulation residual=0.061 mm
Sampled 10000 points in 2mm sphere
Surviving points (all 4 cameras): 1751
After outlier removal: 1677 points
Saved -> /home/computer0/fly_project/fly_gsplat/ctrl_009/043/f1145/init_points.ply
[prepare] frame 1145 data ready
Dataset generated successfully at: /home/computer0/fly_project/fly_gsplat/ctrl_009/043/f1146
4 cameras loaded
Seed: [-0.00088391  0.00523513  0.013137  ]  triangulation residual=0.041 mm
Sampled 10000 points in 2mm sphere
Surviving points (all 4 cameras): 1790
After outlier removal: 1722 points
Saved -> /home/computer0/fly_project/fly_gsplat/ctrl_009/043/f1146/init_points.ply
[prepare] frame 1146 data ready
Dataset generated successfully at: /home/computer0/fly_project/fly_gsplat/ctrl_009/043/f1147
4 cameras loaded
Seed: [-0.00089321  0.00527973  0.01315787]  triangulation residual=0.032 mm
Sampled 10000 points in 2mm sphere
Surviving points (all 4 cameras): 1687
After outlier removal: 1629 points
Saved -> /home/computer0/fly_project/fly_gsplat/ctrl_009/043/f1147/init_points.ply
[prepare] frame 1147 data ready
Dataset generated successfully at: /home/computer0/fly_project/fly_gsplat/ctrl_009/043/f1148
4 cameras loaded
Seed: [-0.00089802  0.00531664  0.01318198]  triangulation residual=0.043 mm
Sampled 10000 points in 2mm sphere
Surviving points (all 4 cameras): 1799
After outlier removal: 1719 points
Saved -> /home/computer0/fly_project/fly_gsplat/ctrl_009/043/f1148/init_points.ply
[prepare] frame 1148 data ready
Dataset generated successfully at: /home/computer0/fly_project/fly_gsplat/ctrl_009/043/f1149
4 cameras loaded
Seed: [-0.00090162  0.00535877  0.01319878]  triangulation residual=0.064 mm
Sampled 10000 points in 2mm sphere
Surviving points (all 4 cameras): 1799
After outlier removal: 1732 points
Saved -> /home/computer0/fly_project/fly_gsplat/ctrl_009/043/f1149/init_points.ply
[prepare] frame 1149 data ready
Dataset generated successfully at: /home/computer0/fly_project/fly_gsplat/ctrl_009/043/f1150
4 cameras loaded
Seed: [-0.00091148  0.00539305  0.01321039]  triangulation residual=0.080 mm
Sampled 10000 points in 2mm sphere
Surviving points (all 4 cameras): 1792
After outlier removal: 1725 points
Saved -> /home/computer0/fly_project/fly_gsplat/ctrl_009/043/f1150/init_points.ply
[prepare] frame 1150 data ready
Dataset generated successfully at: /home/computer0/fly_project/fly_gsplat/ctrl_009/043/f1151
4 cameras loaded
Seed: [-0.00090387  0.00543343  0.0132204 ]  triangulation residual=0.091 mm
Sampled 10000 points in 2mm sphere
Surviving points (all 4 cameras): 1838
After outlier removal: 1759 points
Saved -> /home/computer0/fly_project/fly_gsplat/ctrl_009/043/f1151/init_points.ply
[prepare] frame 1151 data ready
Dataset generated successfully at: /home/computer0/fly_project/fly_gsplat/ctrl_009/043/f1152
4 cameras loaded
Seed: [-0.00090152  0.00547685  0.01322256]  triangulation residual=0.098 mm
Sampled 10000 points in 2mm sphere
Surviving points (all 4 cameras): 1884
After outlier removal: 1802 points
Saved -> /home/computer0/fly_project/fly_gsplat/ctrl_009/043/f1152/init_points.ply
[prepare] frame 1152 data ready
Dataset generated successfully at: /home/computer0/fly_project/fly_gsplat/ctrl_009/043/f1153
4 cameras loaded
Seed: [-0.0008908   0.00551272  0.01323129]  triangulation residual=0.108 mm
Sampled 10000 points in 2mm sphere
Surviving points (all 4 cameras): 1942
After outlier removal: 1850 points
Saved -> /home/computer0/fly_project/fly_gsplat/ctrl_009/043/f1153/init_points.ply
[prepare] frame 1153 data ready
Dataset generated successfully at: /home/computer0/fly_project/fly_gsplat/ctrl_009/043/f1154
4 cameras loaded
Seed: [-0.00088249  0.00554768  0.01323076]  triangulation residual=0.114 mm
Sampled 10000 points in 2mm sphere
Surviving points (all 4 cameras): 1900
After outlier removal: 1813 points
Saved -> /home/computer0/fly_project/fly_gsplat/ctrl_009/043/f1154/init_points.ply
[prepare] frame 1154 data ready
Dataset generated successfully at: /home/computer0/fly_project/fly_gsplat/ctrl_009/043/f1155
4 cameras loaded
Seed: [-0.00088791  0.00559398  0.01321577]  triangulation residual=0.100 mm
Sampled 10000 points in 2mm sphere
Surviving points (all 4 cameras): 1987
After outlier removal: 1914 points
Saved -> /home/computer0/fly_project/fly_gsplat/ctrl_009/043/f1155/init_points.ply
[prepare] frame 1155 data ready
Dataset generated successfully at: /home/computer0/fly_project/fly_gsplat/ctrl_009/043/f1156
4 cameras loaded
Seed: [-0.00089283  0.00563348  0.01319753]  triangulation residual=0.088 mm
Sampled 10000 points in 2mm sphere
Surviving points (all 4 cameras): 2039
After outlier removal: 1973 points
Saved -> /home/computer0/fly_project/fly_gsplat/ctrl_009/043/f1156/init_points.ply
[prepare] frame 1156 data ready
Dataset generated successfully at: /home/computer0/fly_project/fly_gsplat/ctrl_009/043/f1157
4 cameras loaded
Seed: [-0.00089803  0.0056636   0.01317978]  triangulation residual=0.077 mm
Sampled 10000 points in 2mm sphere
Surviving points (all 4 cameras): 2067
After outlier removal: 1990 points
Saved -> /home/computer0/fly_project/fly_gsplat/ctrl_009/043/f1157/init_points.ply
[prepare] frame 1157 data ready
Dataset generated successfully at: /home/computer0/fly_project/fly_gsplat/ctrl_009/043/f1158
4 cameras loaded
Seed: [-0.00090318  0.00569805  0.01315716]  triangulation residual=0.072 mm
Sampled 10000 points in 2mm sphere
Surviving points (all 4 cameras): 2011
After outlier removal: 1938 points
Saved -> /home/computer0/fly_project/fly_gsplat/ctrl_009/043/f1158/init_points.ply
[prepare] frame 1158 data ready
Dataset generated successfully at: /home/computer0/fly_project/fly_gsplat/ctrl_009/043/f1159
4 cameras loaded
Seed: [-0.00091272  0.00571965  0.01314449]  triangulation residual=0.072 mm
Sampled 10000 points in 2mm sphere
Surviving points (all 4 cameras): 1981
After outlier removal: 1902 points
Saved -> /home/computer0/fly_project/fly_gsplat/ctrl_009/043/f1159/init_points.ply
[prepare] frame 1159 data ready
Dataset generated successfully at: /home/computer0/fly_project/fly_gsplat/ctrl_009/043/f1160
4 cameras loaded
Seed: [-0.00095117  0.00571178  0.01313493]  triangulation residual=0.104 mm
Sampled 10000 points in 2mm sphere
Surviving points (all 4 cameras): 1899
After outlier removal: 1821 points
Saved -> /home/computer0/fly_project/fly_gsplat/ctrl_009/043/f1160/init_points.ply
[prepare] frame 1160 data ready
Dataset generated successfully at: /home/computer0/fly_project/fly_gsplat/ctrl_009/043/f1161
4 cameras loaded
Seed: [-0.00091304  0.00574498  0.01312004]  triangulation residual=0.115 mm
Sampled 10000 points in 2mm sphere
Surviving points (all 4 cameras): 1922
After outlier removal: 1851 points
Saved -> /home/computer0/fly_project/fly_gsplat/ctrl_009/043/f1161/init_points.ply
[prepare] frame 1161 data ready
Dataset generated successfully at: /home/computer0/fly_project/fly_gsplat/ctrl_009/043/f1162
4 cameras loaded
Seed: [-0.00087906  0.00576674  0.01311909]  triangulation residual=0.148 mm
Sampled 10000 points in 2mm sphere
Surviving points (all 4 cameras): 1832
After outlier removal: 1767 points
Saved -> /home/computer0/fly_project/fly_gsplat/ctrl_009/043/f1162/init_points.ply
[prepare] frame 1162 data ready
Dataset generated successfully at: /home/computer0/fly_project/fly_gsplat/ctrl_009/043/f1163
4 cameras loaded
Seed: [-0.00088604  0.00579764  0.01312101]  triangulation residual=0.163 mm
Sampled 10000 points in 2mm sphere
Surviving points (all 4 cameras): 1910
After outlier removal: 1833 points
Saved -> /home/computer0/fly_project/fly_gsplat/ctrl_009/043/f1163/init_points.ply
[prepare] frame 1163 data ready
Dataset generated successfully at: /home/computer0/fly_project/fly_gsplat/ctrl_009/043/f1164
4 cameras loaded
Seed: [-0.00089491  0.00582224  0.01312371]  triangulation residual=0.177 mm
Sampled 10000 points in 2mm sphere
Surviving points (all 4 cameras): 1864
After outlier removal: 1792 points
Saved -> /home/computer0/fly_project/fly_gsplat/ctrl_009/043/f1164/init_points.ply
[prepare] frame 1164 data ready
Dataset generated successfully at: /home/computer0/fly_project/fly_gsplat/ctrl_009/043/f1165
4 cameras loaded
Seed: [-0.00090858  0.00583202  0.01313205]  triangulation residual=0.186 mm
Sampled 10000 points in 2mm sphere
Surviving points (all 4 cameras): 1775
After outlier removal: 1694 points
Saved -> /home/computer0/fly_project/fly_gsplat/ctrl_009/043/f1165/init_points.ply
[prepare] frame 1165 data ready
Dataset generated successfully at: /home/computer0/fly_project/fly_gsplat/ctrl_009/043/f1166
4 cameras loaded
Seed: [-0.00091054  0.00584602  0.01313781]  triangulation residual=0.178 mm
Sampled 10000 points in 2mm sphere
Surviving points (all 4 cameras): 1681
After outlier removal: 1603 points
Saved -> /home/computer0/fly_project/fly_gsplat/ctrl_009/043/f1166/init_points.ply
[prepare] frame 1166 data ready
Dataset generated successfully at: /home/computer0/fly_project/fly_gsplat/ctrl_009/043/f1167
4 cameras loaded
Seed: [-0.00091684  0.00584924  0.01315752]  triangulation residual=0.156 mm
Sampled 10000 points in 2mm sphere
Surviving points (all 4 cameras): 1714
After outlier removal: 1642 points
Saved -> /home/computer0/fly_project/fly_gsplat/ctrl_009/043/f1167/init_points.ply
[prepare] frame 1167 data ready
Dataset generated successfully at: /home/computer0/fly_project/fly_gsplat/ctrl_009/043/f1168
4 cameras loaded
Seed: [-0.00092908  0.00585049  0.01317672]  triangulation residual=0.128 mm
Sampled 10000 points in 2mm sphere
Surviving points (all 4 cameras): 1811
After outlier removal: 1724 points
Saved -> /home/computer0/fly_project/fly_gsplat/ctrl_009/043/f1168/init_points.ply
[prepare] frame 1168 data ready
Dataset generated successfully at: /home/computer0/fly_project/fly_gsplat/ctrl_009/043/f1169
4 cameras loaded
Seed: [-0.00093751  0.00583722  0.01319799]  triangulation residual=0.099 mm
Sampled 10000 points in 2mm sphere
Surviving points (all 4 cameras): 1891
After outlier removal: 1817 points
Saved -> /home/computer0/fly_project/fly_gsplat/ctrl_009/043/f1169/init_points.ply
[prepare] frame 1169 data ready
Dataset generated successfully at: /home/computer0/fly_project/fly_gsplat/ctrl_009/043/f1170
4 cameras loaded
Seed: [-0.00095144  0.00581771  0.01322524]  triangulation residual=0.080 mm
Sampled 10000 points in 2mm sphere
Surviving points (all 4 cameras): 1905
After outlier removal: 1827 points
Saved -> /home/computer0/fly_project/fly_gsplat/ctrl_009/043/f1170/init_points.ply
[prepare] frame 1170 data ready
Dataset generated successfully at: /home/computer0/fly_project/fly_gsplat/ctrl_009/043/f1171
4 cameras loaded
Seed: [-0.00095172  0.0057861   0.01326092]  triangulation residual=0.069 mm
Sampled 10000 points in 2mm sphere
Surviving points (all 4 cameras): 1986
After outlier removal: 1913 points
Saved -> /home/computer0/fly_project/fly_gsplat/ctrl_009/043/f1171/init_points.ply
[prepare] frame 1171 data ready
Dataset generated successfully at: /home/computer0/fly_project/fly_gsplat/ctrl_009/043/f1172
4 cameras loaded
Seed: [-0.00096257  0.00574316  0.01329608]  triangulation residual=0.066 mm
Sampled 10000 points in 2mm sphere
Surviving points (all 4 cameras): 1909
After outlier removal: 1827 points
Saved -> /home/computer0/fly_project/fly_gsplat/ctrl_009/043/f1172/init_points.ply
[prepare] frame 1172 data ready
Dataset generated successfully at: /home/computer0/fly_project/fly_gsplat/ctrl_009/043/f1173
4 cameras loaded
Seed: [-0.00096574  0.0056935   0.01333003]  triangulation residual=0.072 mm
Sampled 10000 points in 2mm sphere
Surviving points (all 4 cameras): 1947
After outlier removal: 1863 points
Saved -> /home/computer0/fly_project/fly_gsplat/ctrl_009/043/f1173/init_points.ply
[prepare] frame 1173 data ready
Dataset generated successfully at: /home/computer0/fly_project/fly_gsplat/ctrl_009/043/f1174
4 cameras loaded
Seed: [-0.00097425  0.0056307   0.01335807]  triangulation residual=0.064 mm
Sampled 10000 points in 2mm sphere
Surviving points (all 4 cameras): 1771
After outlier removal: 1696 points
Saved -> /home/computer0/fly_project/fly_gsplat/ctrl_009/043/f1174/init_points.ply
[prepare] frame 1174 data ready
Dataset generated successfully at: /home/computer0/fly_project/fly_gsplat/ctrl_009/043/f1175
4 cameras loaded
Seed: [-0.00098324  0.00556398  0.01336659]  triangulation residual=0.036 mm
Sampled 10000 points in 2mm sphere
Surviving points (all 4 cameras): 1761
After outlier removal: 1674 points
Saved -> /home/computer0/fly_project/fly_gsplat/ctrl_009/043/f1175/init_points.ply
[prepare] frame 1175 data ready
Dataset generated successfully at: /home/computer0/fly_project/fly_gsplat/ctrl_009/043/f1176
4 cameras loaded
Seed: [-0.00098236  0.0055037   0.01337875]  triangulation residual=0.031 mm
Sampled 10000 points in 2mm sphere
Surviving points (all 4 cameras): 1794
After outlier removal: 1715 points
Saved -> /home/computer0/fly_project/fly_gsplat/ctrl_009/043/f1176/init_points.ply
[prepare] frame 1176 data ready
Dataset generated successfully at: /home/computer0/fly_project/fly_gsplat/ctrl_009/043/f1177
4 cameras loaded
Seed: [-0.00098782  0.00543966  0.01339467]  triangulation residual=0.031 mm
Sampled 10000 points in 2mm sphere
Surviving points (all 4 cameras): 1811
After outlier removal: 1734 points
Saved -> /home/computer0/fly_project/fly_gsplat/ctrl_009/043/f1177/init_points.ply
[prepare] frame 1177 data ready
Dataset generated successfully at: /home/computer0/fly_project/fly_gsplat/ctrl_009/043/f1178
4 cameras loaded
Seed: [-0.00098807  0.00538392  0.0134064 ]  triangulation residual=0.057 mm
Sampled 10000 points in 2mm sphere
Surviving points (all 4 cameras): 1788
After outlier removal: 1717 points
Saved -> /home/computer0/fly_project/fly_gsplat/ctrl_009/043/f1178/init_points.ply
[prepare] frame 1178 data ready
Dataset generated successfully at: /home/computer0/fly_project/fly_gsplat/ctrl_009/043/f1179
4 cameras loaded
Seed: [-0.00098175  0.00533441  0.01341313]  triangulation residual=0.077 mm
Sampled 10000 points in 2mm sphere
Surviving points (all 4 cameras): 1821
After outlier removal: 1763 points
Saved -> /home/computer0/fly_project/fly_gsplat/ctrl_009/043/f1179/init_points.ply
[prepare] frame 1179 data ready
Dataset generated successfully at: /home/computer0/fly_project/fly_gsplat/ctrl_009/043/f1180
4 cameras loaded
Seed: [-0.00096461  0.0052924   0.01341711]  triangulation residual=0.102 mm
Sampled 10000 points in 2mm sphere
Surviving points (all 4 cameras): 1824
After outlier removal: 1773 points
Saved -> /home/computer0/fly_project/fly_gsplat/ctrl_009/043/f1180/init_points.ply
[prepare] frame 1180 data ready
Dataset generated successfully at: /home/computer0/fly_project/fly_gsplat/ctrl_009/043/f1181
4 cameras loaded
Seed: [-0.00094443  0.00525208  0.01342003]  triangulation residual=0.124 mm
Sampled 10000 points in 2mm sphere
Surviving points (all 4 cameras): 1783
After outlier removal: 1722 points
Saved -> /home/computer0/fly_project/fly_gsplat/ctrl_009/043/f1181/init_points.ply
[prepare] frame 1181 data ready
Dataset generated successfully at: /home/computer0/fly_project/fly_gsplat/ctrl_009/043/f1182
4 cameras loaded
Seed: [-0.00091248  0.00522626  0.01340719]  triangulation residual=0.144 mm
Sampled 10000 points in 2mm sphere
Surviving points (all 4 cameras): 1724
After outlier removal: 1649 points
Saved -> /home/computer0/fly_project/fly_gsplat/ctrl_009/043/f1182/init_points.ply
[prepare] frame 1182 data ready
Dataset generated successfully at: /home/computer0/fly_project/fly_gsplat/ctrl_009/043/f1183
4 cameras loaded
Seed: [-0.00089796  0.00520484  0.01339484]  triangulation residual=0.155 mm
Sampled 10000 points in 2mm sphere
Surviving points (all 4 cameras): 1715
After outlier removal: 1642 points
Saved -> /home/computer0/fly_project/fly_gsplat/ctrl_009/043/f1183/init_points.ply
[prepare] frame 1183 data ready
Dataset generated successfully at: /home/computer0/fly_project/fly_gsplat/ctrl_009/043/f1184
4 cameras loaded
Seed: [-0.00088309  0.00519102  0.01337465]  triangulation residual=0.168 mm
Sampled 10000 points in 2mm sphere
Surviving points (all 4 cameras): 1554
After outlier removal: 1490 points
Saved -> /home/computer0/fly_project/fly_gsplat/ctrl_009/043/f1184/init_points.ply
[prepare] frame 1184 data ready
Dataset generated successfully at: /home/computer0/fly_project/fly_gsplat/ctrl_009/043/f1185
4 cameras loaded
Seed: [-0.00087948  0.00518686  0.01335301]  triangulation residual=0.174 mm
Sampled 10000 points in 2mm sphere
Surviving points (all 4 cameras): 1548
After outlier removal: 1488 points
Saved -> /home/computer0/fly_project/fly_gsplat/ctrl_009/043/f1185/init_points.ply
[prepare] frame 1185 data ready
Dataset generated successfully at: /home/computer0/fly_project/fly_gsplat/ctrl_009/043/f1186
4 cameras loaded
Seed: [-0.00088594  0.00518141  0.01333671]  triangulation residual=0.173 mm
Sampled 10000 points in 2mm sphere
Surviving points (all 4 cameras): 1527
After outlier removal: 1458 points
Saved -> /home/computer0/fly_project/fly_gsplat/ctrl_009/043/f1186/init_points.ply
[prepare] frame 1186 data ready
Dataset generated successfully at: /home/computer0/fly_project/fly_gsplat/ctrl_009/043/f1187
4 cameras loaded
Seed: [-0.00090763  0.00516185  0.01331801]  triangulation residual=0.154 mm
Sampled 10000 points in 2mm sphere
Surviving points (all 4 cameras): 1555
After outlier removal: 1492 points
Saved -> /home/computer0/fly_project/fly_gsplat/ctrl_009/043/f1187/init_points.ply
[prepare] frame 1187 data ready
Dataset generated successfully at: /home/computer0/fly_project/fly_gsplat/ctrl_009/043/f1188
4 cameras loaded
Seed: [-0.00091449  0.005152    0.01330162]  triangulation residual=0.137 mm
Sampled 10000 points in 2mm sphere
Surviving points (all 4 cameras): 1614
After outlier removal: 1554 points
Saved -> /home/computer0/fly_project/fly_gsplat/ctrl_009/043/f1188/init_points.ply
[prepare] frame 1188 data ready
Dataset generated successfully at: /home/computer0/fly_project/fly_gsplat/ctrl_009/043/f1189
4 cameras loaded
Seed: [-0.0009332   0.00514579  0.01328081]  triangulation residual=0.122 mm
Sampled 10000 points in 2mm sphere
Surviving points (all 4 cameras): 1700
After outlier removal: 1641 points
Saved -> /home/computer0/fly_project/fly_gsplat/ctrl_009/043/f1189/init_points.ply
[prepare] frame 1189 data ready
Dataset generated successfully at: /home/computer0/fly_project/fly_gsplat/ctrl_009/043/f1190
4 cameras loaded
Seed: [-0.00093506  0.00515461  0.01326457]  triangulation residual=0.120 mm
Sampled 10000 points in 2mm sphere
Surviving points (all 4 cameras): 1724
After outlier removal: 1647 points
Saved -> /home/computer0/fly_project/fly_gsplat/ctrl_009/043/f1190/init_points.ply
[prepare] frame 1190 data ready
Dataset generated successfully at: /home/computer0/fly_project/fly_gsplat/ctrl_009/043/f1191
4 cameras loaded
Seed: [-0.0009396   0.0051669   0.01325303]  triangulation residual=0.117 mm
Sampled 10000 points in 2mm sphere
Surviving points (all 4 cameras): 1732
After outlier removal: 1664 points
Saved -> /home/computer0/fly_project/fly_gsplat/ctrl_009/043/f1191/init_points.ply
[prepare] frame 1191 data ready
Dataset generated successfully at: /home/computer0/fly_project/fly_gsplat/ctrl_009/043/f1192
4 cameras loaded
Seed: [-0.00094144  0.005187    0.01323407]  triangulation residual=0.119 mm
Sampled 10000 points in 2mm sphere
Surviving points (all 4 cameras): 1810
After outlier removal: 1736 points
Saved -> /home/computer0/fly_project/fly_gsplat/ctrl_009/043/f1192/init_points.ply
[prepare] frame 1192 data ready
Dataset generated successfully at: /home/computer0/fly_project/fly_gsplat/ctrl_009/043/f1193
4 cameras loaded
Seed: [-0.00094459  0.00521109  0.01320497]  triangulation residual=0.123 mm
Sampled 10000 points in 2mm sphere
Surviving points (all 4 cameras): 1851
After outlier removal: 1775 points
Saved -> /home/computer0/fly_project/fly_gsplat/ctrl_009/043/f1193/init_points.ply
[prepare] frame 1193 data ready
Dataset generated successfully at: /home/computer0/fly_project/fly_gsplat/ctrl_009/043/f1194
4 cameras loaded
Seed: [-0.00094861  0.00522686  0.01317179]  triangulation residual=0.130 mm
Sampled 10000 points in 2mm sphere
Surviving points (all 4 cameras): 1867
After outlier removal: 1799 points
Saved -> /home/computer0/fly_project/fly_gsplat/ctrl_009/043/f1194/init_points.ply
[prepare] frame 1194 data ready
Dataset generated successfully at: /home/computer0/fly_project/fly_gsplat/ctrl_009/043/f1195
4 cameras loaded
Seed: [-0.00094491  0.00526345  0.01314741]  triangulation residual=0.154 mm
Sampled 10000 points in 2mm sphere
Surviving points (all 4 cameras): 1806
After outlier removal: 1722 points
Saved -> /home/computer0/fly_project/fly_gsplat/ctrl_009/043/f1195/init_points.ply
[prepare] frame 1195 data ready
Dataset generated successfully at: /home/computer0/fly_project/fly_gsplat/ctrl_009/043/f1196
4 cameras loaded
Seed: [-0.00095329  0.00531191  0.01312638]  triangulation residual=0.187 mm
Sampled 10000 points in 2mm sphere
Surviving points (all 4 cameras): 1763
After outlier removal: 1687 points
Saved -> /home/computer0/fly_project/fly_gsplat/ctrl_009/043/f1196/init_points.ply
[prepare] frame 1196 data ready
Dataset generated successfully at: /home/computer0/fly_project/fly_gsplat/ctrl_009/043/f1197
4 cameras loaded
Seed: [-0.00095043  0.00536099  0.01310827]  triangulation residual=0.218 mm
Sampled 10000 points in 2mm sphere
Surviving points (all 4 cameras): 1778
After outlier removal: 1710 points
Saved -> /home/computer0/fly_project/fly_gsplat/ctrl_009/043/f1197/init_points.ply
[prepare] frame 1197 data ready
Dataset generated successfully at: /home/computer0/fly_project/fly_gsplat/ctrl_009/043/f1198
4 cameras loaded
Seed: [-0.00094236  0.00536684  0.01309313]  triangulation residual=0.199 mm
Sampled 10000 points in 2mm sphere
Surviving points (all 4 cameras): 1878
After outlier removal: 1799 points
Saved -> /home/computer0/fly_project/fly_gsplat/ctrl_009/043/f1198/init_points.ply
[prepare] frame 1198 data ready
Dataset generated successfully at: /home/computer0/fly_project/fly_gsplat/ctrl_009/043/f1199
4 cameras loaded
Seed: [-0.00093965  0.00535119  0.01308291]  triangulation residual=0.156 mm
Sampled 10000 points in 2mm sphere
Surviving points (all 4 cameras): 1995
After outlier removal: 1918 points
Saved -> /home/computer0/fly_project/fly_gsplat/ctrl_009/043/f1199/init_points.ply
[prepare] frame 1199 data ready
Dataset generated successfully at: /home/computer0/fly_project/fly_gsplat/ctrl_009/043/f1200
4 cameras loaded
Seed: [-0.00094281  0.0053502   0.01307441]  triangulation residual=0.126 mm
Sampled 10000 points in 2mm sphere
Surviving points (all 4 cameras): 2029
After outlier removal: 1937 points
Saved -> /home/computer0/fly_project/fly_gsplat/ctrl_009/043/f1200/init_points.ply
[prepare] frame 1200 data ready
Dataset generated successfully at: /home/computer0/fly_project/fly_gsplat/ctrl_009/043/f1201
4 cameras loaded
Seed: [-0.00093835  0.00535691  0.01307823]  triangulation residual=0.103 mm
Sampled 10000 points in 2mm sphere
Surviving points (all 4 cameras): 1957
After outlier removal: 1877 points
Saved -> /home/computer0/fly_project/fly_gsplat/ctrl_009/043/f1201/init_points.ply
[prepare] frame 1201 data ready
Dataset generated successfully at: /home/computer0/fly_project/fly_gsplat/ctrl_009/043/f1202
4 cameras loaded
Seed: [-0.00093535  0.0053814   0.01308318]  triangulation residual=0.092 mm
Sampled 10000 points in 2mm sphere
Surviving points (all 4 cameras): 2027
After outlier removal: 1938 points
Saved -> /home/computer0/fly_project/fly_gsplat/ctrl_009/043/f1202/init_points.ply
[prepare] frame 1202 data ready
Dataset generated successfully at: /home/computer0/fly_project/fly_gsplat/ctrl_009/043/f1203
4 cameras loaded
Seed: [-0.00093923  0.00538598  0.01308577]  triangulation residual=0.081 mm
Sampled 10000 points in 2mm sphere
Surviving points (all 4 cameras): 2171
After outlier removal: 2069 points
Saved -> /home/computer0/fly_project/fly_gsplat/ctrl_009/043/f1203/init_points.ply
[prepare] frame 1203 data ready
Dataset generated successfully at: /home/computer0/fly_project/fly_gsplat/ctrl_009/043/f1204
4 cameras loaded
Seed: [-0.00093835  0.00538312  0.01308756]  triangulation residual=0.080 mm
Sampled 10000 points in 2mm sphere
Surviving points (all 4 cameras): 2076
After outlier removal: 1987 points
Saved -> /home/computer0/fly_project/fly_gsplat/ctrl_009/043/f1204/init_points.ply
[prepare] frame 1204 data ready
Dataset generated successfully at: /home/computer0/fly_project/fly_gsplat/ctrl_009/043/f1205
4 cameras loaded
Seed: [-0.00093257  0.00539045  0.01309958]  triangulation residual=0.084 mm
Sampled 10000 points in 2mm sphere
Surviving points (all 4 cameras): 2185
After outlier removal: 2086 points
Saved -> /home/computer0/fly_project/fly_gsplat/ctrl_009/043/f1205/init_points.ply
[prepare] frame 1205 data ready
Dataset generated successfully at: /home/computer0/fly_project/fly_gsplat/ctrl_009/043/f1206
4 cameras loaded
Seed: [-0.00091547  0.0054063   0.01311105]  triangulation residual=0.098 mm
Sampled 10000 points in 2mm sphere
Surviving points (all 4 cameras): 2179
After outlier removal: 2077 points
Saved -> /home/computer0/fly_project/fly_gsplat/ctrl_009/043/f1206/init_points.ply
[prepare] frame 1206 data ready
Dataset generated successfully at: /home/computer0/fly_project/fly_gsplat/ctrl_009/043/f1207
4 cameras loaded
Seed: [-0.00089538  0.00544274  0.01312682]  triangulation residual=0.111 mm
Sampled 10000 points in 2mm sphere
Surviving points (all 4 cameras): 2175
After outlier removal: 2090 points
Saved -> /home/computer0/fly_project/fly_gsplat/ctrl_009/043/f1207/init_points.ply
[prepare] frame 1207 data ready
Dataset generated successfully at: /home/computer0/fly_project/fly_gsplat/ctrl_009/043/f1208
4 cameras loaded
Seed: [-0.00087801  0.00548843  0.01314431]  triangulation residual=0.125 mm
Sampled 10000 points in 2mm sphere
Surviving points (all 4 cameras): 2175
After outlier removal: 2074 points
Saved -> /home/computer0/fly_project/fly_gsplat/ctrl_009/043/f1208/init_points.ply
[prepare] frame 1208 data ready
Dataset generated successfully at: /home/computer0/fly_project/fly_gsplat/ctrl_009/043/f1209
4 cameras loaded
Seed: [-0.00085617  0.0055474   0.01315602]  triangulation residual=0.138 mm
Sampled 10000 points in 2mm sphere
Surviving points (all 4 cameras): 2081
After outlier removal: 1999 points
Saved -> /home/computer0/fly_project/fly_gsplat/ctrl_009/043/f1209/init_points.ply
[prepare] frame 1209 data ready
Dataset generated successfully at: /home/computer0/fly_project/fly_gsplat/ctrl_009/043/f1210
4 cameras loaded
Seed: [-0.00086045  0.00557523  0.01317305]  triangulation residual=0.131 mm
Sampled 10000 points in 2mm sphere
Surviving points (all 4 cameras): 2012
After outlier removal: 1936 points
Saved -> /home/computer0/fly_project/fly_gsplat/ctrl_009/043/f1210/init_points.ply
[prepare] frame 1210 data ready
Dataset generated successfully at: /home/computer0/fly_project/fly_gsplat/ctrl_009/043/f1211
4 cameras loaded
Seed: [-0.00087135  0.00561278  0.0131976 ]  triangulation residual=0.129 mm
Sampled 10000 points in 2mm sphere
Surviving points (all 4 cameras): 2059
After outlier removal: 1971 points
Saved -> /home/computer0/fly_project/fly_gsplat/ctrl_009/043/f1211/init_points.ply
[prepare] frame 1211 data ready
Dataset generated successfully at: /home/computer0/fly_project/fly_gsplat/ctrl_009/043/f1212
4 cameras loaded
Seed: [-0.00089644  0.00562748  0.01321811]  triangulation residual=0.111 mm
Sampled 10000 points in 2mm sphere
Surviving points (all 4 cameras): 2040
After outlier removal: 1955 points
Saved -> /home/computer0/fly_project/fly_gsplat/ctrl_009/043/f1212/init_points.ply
[prepare] frame 1212 data ready
Dataset generated successfully at: /home/computer0/fly_project/fly_gsplat/ctrl_009/043/f1213
4 cameras loaded
Seed: [-0.00092329  0.00564834  0.01323843]  triangulation residual=0.095 mm
Sampled 10000 points in 2mm sphere
Surviving points (all 4 cameras): 2175
After outlier removal: 2098 points
Saved -> /home/computer0/fly_project/fly_gsplat/ctrl_009/043/f1213/init_points.ply
[prepare] frame 1213 data ready
Dataset generated successfully at: /home/computer0/fly_project/fly_gsplat/ctrl_009/043/f1214
4 cameras loaded
Seed: [-0.00093369  0.00567397  0.01325756]  triangulation residual=0.096 mm
Sampled 10000 points in 2mm sphere
Surviving points (all 4 cameras): 2153
After outlier removal: 2053 points
Saved -> /home/computer0/fly_project/fly_gsplat/ctrl_009/043/f1214/init_points.ply
[prepare] frame 1214 data ready
Dataset generated successfully at: /home/computer0/fly_project/fly_gsplat/ctrl_009/043/f1215
4 cameras loaded
Seed: [-0.00094344  0.00570185  0.01327471]  triangulation residual=0.097 mm
Sampled 10000 points in 2mm sphere
Surviving points (all 4 cameras): 2062
After outlier removal: 1970 points
Saved -> /home/computer0/fly_project/fly_gsplat/ctrl_009/043/f1215/init_points.ply
[prepare] frame 1215 data ready
Dataset generated successfully at: /home/computer0/fly_project/fly_gsplat/ctrl_009/043/f1216
4 cameras loaded
Seed: [-0.0009558   0.00572622  0.01329647]  triangulation residual=0.097 mm
Sampled 10000 points in 2mm sphere
Surviving points (all 4 cameras): 2209
After outlier removal: 2124 points
Saved -> /home/computer0/fly_project/fly_gsplat/ctrl_009/043/f1216/init_points.ply
[prepare] frame 1216 data ready
Dataset generated successfully at: /home/computer0/fly_project/fly_gsplat/ctrl_009/043/f1217
4 cameras loaded
Seed: [-0.00096371  0.00574952  0.01331847]  triangulation residual=0.086 mm
Sampled 10000 points in 2mm sphere
Surviving points (all 4 cameras): 2174
After outlier removal: 2093 points
Saved -> /home/computer0/fly_project/fly_gsplat/ctrl_009/043/f1217/init_points.ply
[prepare] frame 1217 data ready
Dataset generated successfully at: /home/computer0/fly_project/fly_gsplat/ctrl_009/043/f1218
4 cameras loaded
Seed: [-0.00096881  0.00577695  0.01333788]  triangulation residual=0.081 mm
Sampled 10000 points in 2mm sphere
Surviving points (all 4 cameras): 2101
After outlier removal: 2014 points
Saved -> /home/computer0/fly_project/fly_gsplat/ctrl_009/043/f1218/init_points.ply
[prepare] frame 1218 data ready
Dataset generated successfully at: /home/computer0/fly_project/fly_gsplat/ctrl_009/043/f1219
4 cameras loaded
Seed: [-0.00097649  0.00581313  0.01336516]  triangulation residual=0.075 mm
Sampled 10000 points in 2mm sphere
Surviving points (all 4 cameras): 2257
After outlier removal: 2173 points
Saved -> /home/computer0/fly_project/fly_gsplat/ctrl_009/043/f1219/init_points.ply
[prepare] frame 1219 data ready
Dataset generated successfully at: /home/computer0/fly_project/fly_gsplat/ctrl_009/043/f1220
4 cameras loaded
Seed: [-0.00098505  0.00585835  0.01339198]  triangulation residual=0.074 mm
Sampled 10000 points in 2mm sphere
Surviving points (all 4 cameras): 2116
After outlier removal: 2031 points
Saved -> /home/computer0/fly_project/fly_gsplat/ctrl_009/043/f1220/init_points.ply
[prepare] frame 1220 data ready
Dataset generated successfully at: /home/computer0/fly_project/fly_gsplat/ctrl_009/043/f1221
4 cameras loaded
Seed: [-0.00099184  0.00590816  0.01342408]  triangulation residual=0.067 mm
Sampled 10000 points in 2mm sphere
Surviving points (all 4 cameras): 2084
After outlier removal: 2000 points
Saved -> /home/computer0/fly_project/fly_gsplat/ctrl_009/043/f1221/init_points.ply
[prepare] frame 1221 data ready
Dataset generated successfully at: /home/computer0/fly_project/fly_gsplat/ctrl_009/043/f1222
4 cameras loaded
Seed: [-0.00099839  0.00596045  0.01345564]  triangulation residual=0.065 mm
Sampled 10000 points in 2mm sphere
Surviving points (all 4 cameras): 1958
After outlier removal: 1885 points
Saved -> /home/computer0/fly_project/fly_gsplat/ctrl_009/043/f1222/init_points.ply
[prepare] frame 1222 data ready
Dataset generated successfully at: /home/computer0/fly_project/fly_gsplat/ctrl_009/043/f1223
4 cameras loaded
Seed: [-0.00100701  0.00601928  0.01348345]  triangulation residual=0.056 mm
Sampled 10000 points in 2mm sphere
Surviving points (all 4 cameras): 2016
After outlier removal: 1943 points
Saved -> /home/computer0/fly_project/fly_gsplat/ctrl_009/043/f1223/init_points.ply
[prepare] frame 1223 data ready
Dataset generated successfully at: /home/computer0/fly_project/fly_gsplat/ctrl_009/043/f1224
4 cameras loaded
Seed: [-0.00101489  0.00607771  0.01351206]  triangulation residual=0.052 mm
Sampled 10000 points in 2mm sphere
Surviving points (all 4 cameras): 1963
After outlier removal: 1880 points
Saved -> /home/computer0/fly_project/fly_gsplat/ctrl_009/043/f1224/init_points.ply
[prepare] frame 1224 data ready
Dataset generated successfully at: /home/computer0/fly_project/fly_gsplat/ctrl_009/043/f1225
4 cameras loaded
Seed: [-0.00102786  0.00613908  0.01353195]  triangulation residual=0.041 mm
Sampled 10000 points in 2mm sphere
Surviving points (all 4 cameras): 1904
After outlier removal: 1824 points
Saved -> /home/computer0/fly_project/fly_gsplat/ctrl_009/043/f1225/init_points.ply
[prepare] frame 1225 data ready
Dataset generated successfully at: /home/computer0/fly_project/fly_gsplat/ctrl_009/043/f1226
4 cameras loaded
Seed: [-0.00104885  0.00619013  0.01354847]  triangulation residual=0.039 mm
Sampled 10000 points in 2mm sphere
Surviving points (all 4 cameras): 1971
After outlier removal: 1887 points
Saved -> /home/computer0/fly_project/fly_gsplat/ctrl_009/043/f1226/init_points.ply
[prepare] frame 1226 data ready
Dataset generated successfully at: /home/computer0/fly_project/fly_gsplat/ctrl_009/043/f1227
4 cameras loaded
Seed: [-0.00106203  0.00624835  0.01356217]  triangulation residual=0.044 mm
Sampled 10000 points in 2mm sphere
Surviving points (all 4 cameras): 1798
After outlier removal: 1727 points
Saved -> /home/computer0/fly_project/fly_gsplat/ctrl_009/043/f1227/init_points.ply
[prepare] frame 1227 data ready
Dataset generated successfully at: /home/computer0/fly_project/fly_gsplat/ctrl_009/043/f1228
4 cameras loaded
Seed: [-0.0010696   0.00629792  0.0135766 ]  triangulation residual=0.050 mm
Sampled 10000 points in 2mm sphere
Surviving points (all 4 cameras): 1830
After outlier removal: 1747 points
Saved -> /home/computer0/fly_project/fly_gsplat/ctrl_009/043/f1228/init_points.ply
[prepare] frame 1228 data ready
Dataset generated successfully at: /home/computer0/fly_project/fly_gsplat/ctrl_009/043/f1229
4 cameras loaded
Seed: [-0.00108621  0.00634082  0.01359805]  triangulation residual=0.068 mm
Sampled 10000 points in 2mm sphere
Surviving points (all 4 cameras): 1772
After outlier removal: 1696 points
Saved -> /home/computer0/fly_project/fly_gsplat/ctrl_009/043/f1229/init_points.ply
[prepare] frame 1229 data ready
Dataset generated successfully at: /home/computer0/fly_project/fly_gsplat/ctrl_009/043/f1230
4 cameras loaded
Seed: [-0.00109745  0.00638125  0.01361569]  triangulation residual=0.077 mm
Sampled 10000 points in 2mm sphere
Surviving points (all 4 cameras): 1749
After outlier removal: 1675 points
Saved -> /home/computer0/fly_project/fly_gsplat/ctrl_009/043/f1230/init_points.ply
[prepare] frame 1230 data ready
Dataset generated successfully at: /home/computer0/fly_project/fly_gsplat/ctrl_009/043/f1231
4 cameras loaded
Seed: [-0.00111324  0.0064191   0.01362207]  triangulation residual=0.083 mm
Sampled 10000 points in 2mm sphere
Surviving points (all 4 cameras): 1786
After outlier removal: 1715 points
Saved -> /home/computer0/fly_project/fly_gsplat/ctrl_009/043/f1231/init_points.ply
[prepare] frame 1231 data ready
Dataset generated successfully at: /home/computer0/fly_project/fly_gsplat/ctrl_009/043/f1232
4 cameras loaded
Seed: [-0.00111833  0.00645218  0.01362794]  triangulation residual=0.094 mm
Sampled 10000 points in 2mm sphere
Surviving points (all 4 cameras): 1630
After outlier removal: 1553 points
Saved -> /home/computer0/fly_project/fly_gsplat/ctrl_009/043/f1232/init_points.ply
[prepare] frame 1232 data ready
Dataset generated successfully at: /home/computer0/fly_project/fly_gsplat/ctrl_009/043/f1233
4 cameras loaded
Seed: [-0.00111379  0.00648972  0.01363451]  triangulation residual=0.108 mm
Sampled 10000 points in 2mm sphere
Surviving points (all 4 cameras): 1672
After outlier removal: 1599 points
Saved -> /home/computer0/fly_project/fly_gsplat/ctrl_009/043/f1233/init_points.ply
[prepare] frame 1233 data ready
Dataset generated successfully at: /home/computer0/fly_project/fly_gsplat/ctrl_009/043/f1234
4 cameras loaded
Seed: [-0.00110701  0.00652877  0.01363776]  triangulation residual=0.122 mm
Sampled 10000 points in 2mm sphere
Surviving points (all 4 cameras): 1717
After outlier removal: 1646 points
Saved -> /home/computer0/fly_project/fly_gsplat/ctrl_009/043/f1234/init_points.ply
[prepare] frame 1234 data ready
Dataset generated successfully at: /home/computer0/fly_project/fly_gsplat/ctrl_009/043/f1235
4 cameras loaded
Seed: [-0.00109368  0.00656369  0.01363385]  triangulation residual=0.138 mm
Sampled 10000 points in 2mm sphere
Surviving points (all 4 cameras): 1711
After outlier removal: 1642 points
Saved -> /home/computer0/fly_project/fly_gsplat/ctrl_009/043/f1235/init_points.ply
[prepare] frame 1235 data ready
Dataset generated successfully at: /home/computer0/fly_project/fly_gsplat/ctrl_009/043/f1236
4 cameras loaded
Seed: [-0.00109477  0.00659869  0.01362546]  triangulation residual=0.143 mm
Sampled 10000 points in 2mm sphere
Surviving points (all 4 cameras): 1720
After outlier removal: 1639 points
Saved -> /home/computer0/fly_project/fly_gsplat/ctrl_009/043/f1236/init_points.ply
[prepare] frame 1236 data ready
Dataset generated successfully at: /home/computer0/fly_project/fly_gsplat/ctrl_009/043/f1237
4 cameras loaded
Seed: [-0.0010995   0.00664219  0.01360194]  triangulation residual=0.135 mm
Sampled 10000 points in 2mm sphere
Surviving points (all 4 cameras): 1788
After outlier removal: 1712 points
Saved -> /home/computer0/fly_project/fly_gsplat/ctrl_009/043/f1237/init_points.ply
[prepare] frame 1237 data ready
Dataset generated successfully at: /home/computer0/fly_project/fly_gsplat/ctrl_009/043/f1238
4 cameras loaded
Seed: [-0.00110312  0.00668317  0.01358139]  triangulation residual=0.135 mm
Sampled 10000 points in 2mm sphere
Surviving points (all 4 cameras): 1728
After outlier removal: 1654 points
Saved -> /home/computer0/fly_project/fly_gsplat/ctrl_009/043/f1238/init_points.ply
[prepare] frame 1238 data ready
Dataset generated successfully at: /home/computer0/fly_project/fly_gsplat/ctrl_009/043/f1239
4 cameras loaded
Seed: [-0.00110136  0.00671634  0.01356259]  triangulation residual=0.137 mm
Sampled 10000 points in 2mm sphere
Surviving points (all 4 cameras): 1797
After outlier removal: 1720 points
Saved -> /home/computer0/fly_project/fly_gsplat/ctrl_009/043/f1239/init_points.ply
[prepare] frame 1239 data ready
Dataset generated successfully at: /home/computer0/fly_project/fly_gsplat/ctrl_009/043/f1240
4 cameras loaded
Seed: [-0.0011072   0.00674637  0.01353683]  triangulation residual=0.147 mm
Sampled 10000 points in 2mm sphere
Surviving points (all 4 cameras): 1837
After outlier removal: 1752 points
Saved -> /home/computer0/fly_project/fly_gsplat/ctrl_009/043/f1240/init_points.ply
[prepare] frame 1240 data ready
Dataset generated successfully at: /home/computer0/fly_project/fly_gsplat/ctrl_009/043/f1241
4 cameras loaded
Seed: [-0.00110808  0.00676569  0.01351585]  triangulation residual=0.149 mm
Sampled 10000 points in 2mm sphere
Surviving points (all 4 cameras): 1736
After outlier removal: 1665 points
Saved -> /home/computer0/fly_project/fly_gsplat/ctrl_009/043/f1241/init_points.ply
[prepare] frame 1241 data ready
Dataset generated successfully at: /home/computer0/fly_project/fly_gsplat/ctrl_009/043/f1242
4 cameras loaded
Seed: [-0.00110506  0.00677883  0.01349705]  triangulation residual=0.156 mm
Sampled 10000 points in 2mm sphere
Surviving points (all 4 cameras): 1668
After outlier removal: 1593 points
Saved -> /home/computer0/fly_project/fly_gsplat/ctrl_009/043/f1242/init_points.ply
[prepare] frame 1242 data ready
Dataset generated successfully at: /home/computer0/fly_project/fly_gsplat/ctrl_009/043/f1243
4 cameras loaded
Seed: [-0.00106959  0.00680187  0.01348081]  triangulation residual=0.156 mm
Sampled 10000 points in 2mm sphere
Surviving points (all 4 cameras): 1741
After outlier removal: 1665 points
Saved -> /home/computer0/fly_project/fly_gsplat/ctrl_009/043/f1243/init_points.ply
[prepare] frame 1243 data ready
Dataset generated successfully at: /home/computer0/fly_project/fly_gsplat/ctrl_009/043/f1244
4 cameras loaded
Seed: [-0.00107171  0.00683189  0.01347694]  triangulation residual=0.165 mm
Sampled 10000 points in 2mm sphere
Surviving points (all 4 cameras): 1794
After outlier removal: 1717 points
Saved -> /home/computer0/fly_project/fly_gsplat/ctrl_009/043/f1244/init_points.ply
[prepare] frame 1244 data ready
Dataset generated successfully at: /home/computer0/fly_project/fly_gsplat/ctrl_009/043/f1245
4 cameras loaded
Seed: [-0.00107673  0.00686059  0.01347579]  triangulation residual=0.173 mm
Sampled 10000 points in 2mm sphere
Surviving points (all 4 cameras): 1701
After outlier removal: 1625 points
Saved -> /home/computer0/fly_project/fly_gsplat/ctrl_009/043/f1245/init_points.ply
[prepare] frame 1245 data ready
Dataset generated successfully at: /home/computer0/fly_project/fly_gsplat/ctrl_009/043/f1246
4 cameras loaded
Seed: [-0.00109817  0.00687415  0.01347873]  triangulation residual=0.192 mm
Sampled 10000 points in 2mm sphere
Surviving points (all 4 cameras): 1743
After outlier removal: 1667 points
Saved -> /home/computer0/fly_project/fly_gsplat/ctrl_009/043/f1246/init_points.ply
[prepare] frame 1246 data ready
Dataset generated successfully at: /home/computer0/fly_project/fly_gsplat/ctrl_009/043/f1247
4 cameras loaded
Seed: [-0.00109721  0.00687996  0.01349802]  triangulation residual=0.196 mm
Sampled 10000 points in 2mm sphere
Surviving points (all 4 cameras): 1727
After outlier removal: 1654 points
Saved -> /home/computer0/fly_project/fly_gsplat/ctrl_009/043/f1247/init_points.ply
[prepare] frame 1247 data ready
Dataset generated successfully at: /home/computer0/fly_project/fly_gsplat/ctrl_009/043/f1248
4 cameras loaded
Seed: [-0.00108989  0.00688152  0.01351869]  triangulation residual=0.188 mm
Sampled 10000 points in 2mm sphere
Surviving points (all 4 cameras): 1742
After outlier removal: 1668 points
Saved -> /home/computer0/fly_project/fly_gsplat/ctrl_009/043/f1248/init_points.ply
[prepare] frame 1248 data ready
Dataset generated successfully at: /home/computer0/fly_project/fly_gsplat/ctrl_009/043/f1249
4 cameras loaded
Seed: [-0.00110058  0.00687543  0.01353197]  triangulation residual=0.165 mm
Sampled 10000 points in 2mm sphere
Surviving points (all 4 cameras): 1730
After outlier removal: 1662 points
Saved -> /home/computer0/fly_project/fly_gsplat/ctrl_009/043/f1249/init_points.ply
[prepare] frame 1249 data ready
Dataset generated successfully at: /home/computer0/fly_project/fly_gsplat/ctrl_009/043/f1250
4 cameras loaded
Seed: [-0.00111391  0.00685147  0.01355447]  triangulation residual=0.144 mm
Sampled 10000 points in 2mm sphere
Surviving points (all 4 cameras): 1794
After outlier removal: 1716 points
Saved -> /home/computer0/fly_project/fly_gsplat/ctrl_009/043/f1250/init_points.ply
[prepare] frame 1250 data ready
Dataset generated successfully at: /home/computer0/fly_project/fly_gsplat/ctrl_009/043/f1251
4 cameras loaded
Seed: [-0.00111736  0.00682695  0.01358227]  triangulation residual=0.115 mm
Sampled 10000 points in 2mm sphere
Surviving points (all 4 cameras): 1886
After outlier removal: 1819 points
Saved -> /home/computer0/fly_project/fly_gsplat/ctrl_009/043/f1251/init_points.ply
[prepare] frame 1251 data ready
Dataset generated successfully at: /home/computer0/fly_project/fly_gsplat/ctrl_009/043/f1252
4 cameras loaded
Seed: [-0.00112779  0.00678676  0.01361347]  triangulation residual=0.108 mm
Sampled 10000 points in 2mm sphere
Surviving points (all 4 cameras): 1883
After outlier removal: 1814 points
Saved -> /home/computer0/fly_project/fly_gsplat/ctrl_009/043/f1252/init_points.ply
[prepare] frame 1252 data ready
Dataset generated successfully at: /home/computer0/fly_project/fly_gsplat/ctrl_009/043/f1253
4 cameras loaded
Seed: [-0.00114625  0.0067321   0.01364958]  triangulation residual=0.103 mm
Sampled 10000 points in 2mm sphere
Surviving points (all 4 cameras): 1809
After outlier removal: 1748 points
Saved -> /home/computer0/fly_project/fly_gsplat/ctrl_009/043/f1253/init_points.ply
[prepare] frame 1253 data ready
Dataset generated successfully at: /home/computer0/fly_project/fly_gsplat/ctrl_009/043/f1254
4 cameras loaded
Seed: [-0.00115818  0.00666561  0.01368701]  triangulation residual=0.094 mm
Sampled 10000 points in 2mm sphere
Surviving points (all 4 cameras): 1808
After outlier removal: 1722 points
Saved -> /home/computer0/fly_project/fly_gsplat/ctrl_009/043/f1254/init_points.ply
[prepare] frame 1254 data ready
Dataset generated successfully at: /home/computer0/fly_project/fly_gsplat/ctrl_009/043/f1255
4 cameras loaded
Seed: [-0.00114617  0.00659764  0.0137156 ]  triangulation residual=0.079 mm
Sampled 10000 points in 2mm sphere
Surviving points (all 4 cameras): 1775
After outlier removal: 1700 points
Saved -> /home/computer0/fly_project/fly_gsplat/ctrl_009/043/f1255/init_points.ply
[prepare] frame 1255 data ready
Dataset generated successfully at: /home/computer0/fly_project/fly_gsplat/ctrl_009/043/f1256
4 cameras loaded
Seed: [-0.00114247  0.00653105  0.01374264]  triangulation residual=0.069 mm
Sampled 10000 points in 2mm sphere
Surviving points (all 4 cameras): 1793
After outlier removal: 1716 points
Saved -> /home/computer0/fly_project/fly_gsplat/ctrl_009/043/f1256/init_points.ply
[prepare] frame 1256 data ready
Dataset generated successfully at: /home/computer0/fly_project/fly_gsplat/ctrl_009/043/f1257
4 cameras loaded
Seed: [-0.0011433   0.00646835  0.01376187]  triangulation residual=0.067 mm
Sampled 10000 points in 2mm sphere
Surviving points (all 4 cameras): 1848
After outlier removal: 1782 points
Saved -> /home/computer0/fly_project/fly_gsplat/ctrl_009/043/f1257/init_points.ply
[prepare] frame 1257 data ready
Dataset generated successfully at: /home/computer0/fly_project/fly_gsplat/ctrl_009/043/f1258
4 cameras loaded
Seed: [-0.0011384   0.00642031  0.01377308]  triangulation residual=0.081 mm
Sampled 10000 points in 2mm sphere
Surviving points (all 4 cameras): 1802
After outlier removal: 1723 points
Saved -> /home/computer0/fly_project/fly_gsplat/ctrl_009/043/f1258/init_points.ply
[prepare] frame 1258 data ready
Dataset generated successfully at: /home/computer0/fly_project/fly_gsplat/ctrl_009/043/f1259
4 cameras loaded
Seed: [-0.00112788  0.00636645  0.01378721]  triangulation residual=0.097 mm
Sampled 10000 points in 2mm sphere
Surviving points (all 4 cameras): 1866
After outlier removal: 1783 points
Saved -> /home/computer0/fly_project/fly_gsplat/ctrl_009/043/f1259/init_points.ply
[prepare] frame 1259 data ready
Dataset generated successfully at: /home/computer0/fly_project/fly_gsplat/ctrl_009/043/f1260
4 cameras loaded
Seed: [-0.00112065  0.00632237  0.0137944 ]  triangulation residual=0.112 mm
Sampled 10000 points in 2mm sphere
Surviving points (all 4 cameras): 1833
After outlier removal: 1748 points
Saved -> /home/computer0/fly_project/fly_gsplat/ctrl_009/043/f1260/init_points.ply
[prepare] frame 1260 data ready
Dataset generated successfully at: /home/computer0/fly_project/fly_gsplat/ctrl_009/043/f1261
4 cameras loaded
Seed: [-0.00109701  0.00628405  0.01378972]  triangulation residual=0.122 mm
Sampled 10000 points in 2mm sphere
Surviving points (all 4 cameras): 1850
After outlier removal: 1762 points
Saved -> /home/computer0/fly_project/fly_gsplat/ctrl_009/043/f1261/init_points.ply
[prepare] frame 1261 data ready
Dataset generated successfully at: /home/computer0/fly_project/fly_gsplat/ctrl_009/043/f1262
4 cameras loaded
Seed: [-0.00109142  0.00626158  0.01378098]  triangulation residual=0.129 mm
Sampled 10000 points in 2mm sphere
Surviving points (all 4 cameras): 1823
After outlier removal: 1750 points
Saved -> /home/computer0/fly_project/fly_gsplat/ctrl_009/043/f1262/init_points.ply
[prepare] frame 1262 data ready
Dataset generated successfully at: /home/computer0/fly_project/fly_gsplat/ctrl_009/043/f1263
4 cameras loaded
Seed: [-0.00109531  0.00623135  0.01376919]  triangulation residual=0.132 mm
Sampled 10000 points in 2mm sphere
Surviving points (all 4 cameras): 1855
After outlier removal: 1768 points
Saved -> /home/computer0/fly_project/fly_gsplat/ctrl_009/043/f1263/init_points.ply
[prepare] frame 1263 data ready
Dataset generated successfully at: /home/computer0/fly_project/fly_gsplat/ctrl_009/043/f1264
4 cameras loaded
Seed: [-0.00109377  0.00621408  0.0137521 ]  triangulation residual=0.132 mm
Sampled 10000 points in 2mm sphere
Surviving points (all 4 cameras): 1847
After outlier removal: 1772 points
Saved -> /home/computer0/fly_project/fly_gsplat/ctrl_009/043/f1264/init_points.ply
[prepare] frame 1264 data ready
Dataset generated successfully at: /home/computer0/fly_project/fly_gsplat/ctrl_009/043/f1265
4 cameras loaded
Seed: [-0.00108957  0.00620404  0.01373056]  triangulation residual=0.126 mm
Sampled 10000 points in 2mm sphere
Surviving points (all 4 cameras): 1809
After outlier removal: 1731 points
Saved -> /home/computer0/fly_project/fly_gsplat/ctrl_009/043/f1265/init_points.ply
[prepare] frame 1265 data ready
Dataset generated successfully at: /home/computer0/fly_project/fly_gsplat/ctrl_009/043/f1266
4 cameras loaded
Seed: [-0.00108329  0.00620676  0.01370743]  triangulation residual=0.129 mm
Sampled 10000 points in 2mm sphere
Surviving points (all 4 cameras): 1882
After outlier removal: 1794 points
Saved -> /home/computer0/fly_project/fly_gsplat/ctrl_009/043/f1266/init_points.ply
[prepare] frame 1266 data ready
Dataset generated successfully at: /home/computer0/fly_project/fly_gsplat/ctrl_009/043/f1267
4 cameras loaded
Seed: [-0.00107946  0.00621587  0.01368683]  triangulation residual=0.129 mm
Sampled 10000 points in 2mm sphere
Surviving points (all 4 cameras): 1830
After outlier removal: 1744 points
Saved -> /home/computer0/fly_project/fly_gsplat/ctrl_009/043/f1267/init_points.ply
[prepare] frame 1267 data ready
Dataset generated successfully at: /home/computer0/fly_project/fly_gsplat/ctrl_009/043/f1268
4 cameras loaded
Seed: [-0.00107409  0.006224    0.01366462]  triangulation residual=0.131 mm
Sampled 10000 points in 2mm sphere
Surviving points (all 4 cameras): 1727
After outlier removal: 1667 points
Saved -> /home/computer0/fly_project/fly_gsplat/ctrl_009/043/f1268/init_points.ply
[prepare] frame 1268 data ready
Dataset generated successfully at: /home/computer0/fly_project/fly_gsplat/ctrl_009/043/f1269
4 cameras loaded
Seed: [-0.00106504  0.0062397   0.01364567]  triangulation residual=0.135 mm
Sampled 10000 points in 2mm sphere
Surviving points (all 4 cameras): 1810
After outlier removal: 1739 points
Saved -> /home/computer0/fly_project/fly_gsplat/ctrl_009/043/f1269/init_points.ply
[prepare] frame 1269 data ready
Dataset generated successfully at: /home/computer0/fly_project/fly_gsplat/ctrl_009/043/f1270
4 cameras loaded
Seed: [-0.00106582  0.00625891  0.01362733]  triangulation residual=0.140 mm
Sampled 10000 points in 2mm sphere
Surviving points (all 4 cameras): 1855
After outlier removal: 1783 points
Saved -> /home/computer0/fly_project/fly_gsplat/ctrl_009/043/f1270/init_points.ply
[prepare] frame 1270 data ready
Dataset generated successfully at: /home/computer0/fly_project/fly_gsplat/ctrl_009/043/f1271
4 cameras loaded
Seed: [-0.0010671   0.00627279  0.01360851]  triangulation residual=0.144 mm
Sampled 10000 points in 2mm sphere
Surviving points (all 4 cameras): 1889
After outlier removal: 1812 points
Saved -> /home/computer0/fly_project/fly_gsplat/ctrl_009/043/f1271/init_points.ply
[prepare] frame 1271 data ready
Dataset generated successfully at: /home/computer0/fly_project/fly_gsplat/ctrl_009/043/f1272
4 cameras loaded
Seed: [-0.00106912  0.00629549  0.01358535]  triangulation residual=0.150 mm
Sampled 10000 points in 2mm sphere
Surviving points (all 4 cameras): 1853
After outlier removal: 1773 points
Saved -> /home/computer0/fly_project/fly_gsplat/ctrl_009/043/f1272/init_points.ply
[prepare] frame 1272 data ready
Dataset generated successfully at: /home/computer0/fly_project/fly_gsplat/ctrl_009/043/f1273
4 cameras loaded
Seed: [-0.00107116  0.0063122   0.0135528 ]  triangulation residual=0.159 mm
Sampled 10000 points in 2mm sphere
Surviving points (all 4 cameras): 1926
After outlier removal: 1840 points
Saved -> /home/computer0/fly_project/fly_gsplat/ctrl_009/043/f1273/init_points.ply
[prepare] frame 1273 data ready
Dataset generated successfully at: /home/computer0/fly_project/fly_gsplat/ctrl_009/043/f1274
4 cameras loaded
Seed: [-0.0010769  0.0063374  0.0135256]  triangulation residual=0.177 mm
Sampled 10000 points in 2mm sphere
Surviving points (all 4 cameras): 1914
After outlier removal: 1830 points
Saved -> /home/computer0/fly_project/fly_gsplat/ctrl_009/043/f1274/init_points.ply
[prepare] frame 1274 data ready
Dataset generated successfully at: /home/computer0/fly_project/fly_gsplat/ctrl_009/043/f1275
4 cameras loaded
Seed: [-0.00107865  0.00636917  0.01350304]  triangulation residual=0.198 mm
Sampled 10000 points in 2mm sphere
Surviving points (all 4 cameras): 1870
After outlier removal: 1787 points
Saved -> /home/computer0/fly_project/fly_gsplat/ctrl_009/043/f1275/init_points.ply
[prepare] frame 1275 data ready
Dataset generated successfully at: /home/computer0/fly_project/fly_gsplat/ctrl_009/043/f1276
4 cameras loaded
Seed: [-0.00108693  0.00641493  0.01348078]  triangulation residual=0.234 mm
Sampled 10000 points in 2mm sphere
Surviving points (all 4 cameras): 1786
After outlier removal: 1715 points
Saved -> /home/computer0/fly_project/fly_gsplat/ctrl_009/043/f1276/init_points.ply
[prepare] frame 1276 data ready
Dataset generated successfully at: /home/computer0/fly_project/fly_gsplat/ctrl_009/043/f1277
4 cameras loaded
Seed: [-0.00108368  0.00644632  0.01346423]  triangulation residual=0.244 mm
Sampled 10000 points in 2mm sphere
Surviving points (all 4 cameras): 1797
After outlier removal: 1722 points
Saved -> /home/computer0/fly_project/fly_gsplat/ctrl_009/043/f1277/init_points.ply
[prepare] frame 1277 data ready
Dataset generated successfully at: /home/computer0/fly_project/fly_gsplat/ctrl_009/043/f1278
4 cameras loaded
Seed: [-0.00107413  0.00644835  0.01344939]  triangulation residual=0.218 mm
Sampled 10000 points in 2mm sphere
Surviving points (all 4 cameras): 1910
After outlier removal: 1842 points
Saved -> /home/computer0/fly_project/fly_gsplat/ctrl_009/043/f1278/init_points.ply
[prepare] frame 1278 data ready
Dataset generated successfully at: /home/computer0/fly_project/fly_gsplat/ctrl_009/043/f1279
4 cameras loaded
Seed: [-0.00107272  0.00644519  0.0134354 ]  triangulation residual=0.185 mm
Sampled 10000 points in 2mm sphere
Surviving points (all 4 cameras): 2076
After outlier removal: 1984 points
Saved -> /home/computer0/fly_project/fly_gsplat/ctrl_009/043/f1279/init_points.ply
[prepare] frame 1279 data ready
Dataset generated successfully at: /home/computer0/fly_project/fly_gsplat/ctrl_009/043/f1280
4 cameras loaded
Seed: [-0.0010667   0.00645125  0.01342996]  triangulation residual=0.162 mm
Sampled 10000 points in 2mm sphere
Surviving points (all 4 cameras): 2114
After outlier removal: 2031 points
Saved -> /home/computer0/fly_project/fly_gsplat/ctrl_009/043/f1280/init_points.ply
[prepare] frame 1280 data ready
Dataset generated successfully at: /home/computer0/fly_project/fly_gsplat/ctrl_009/043/f1281
4 cameras loaded
Seed: [-0.00106957  0.00646421  0.01342305]  triangulation residual=0.138 mm
Sampled 10000 points in 2mm sphere
Surviving points (all 4 cameras): 2132
After outlier removal: 2032 points
Saved -> /home/computer0/fly_project/fly_gsplat/ctrl_009/043/f1281/init_points.ply
[prepare] frame 1281 data ready
Dataset generated successfully at: /home/computer0/fly_project/fly_gsplat/ctrl_009/043/f1282
4 cameras loaded
Seed: [-0.00106923  0.00648397  0.01342949]  triangulation residual=0.118 mm
Sampled 10000 points in 2mm sphere
Surviving points (all 4 cameras): 2131
After outlier removal: 2048 points
Saved -> /home/computer0/fly_project/fly_gsplat/ctrl_009/043/f1282/init_points.ply
[prepare] frame 1282 data ready
Dataset generated successfully at: /home/computer0/fly_project/fly_gsplat/ctrl_009/043/f1283
4 cameras loaded
Seed: [-0.00107555  0.00650135  0.01343664]  triangulation residual=0.108 mm
Sampled 10000 points in 2mm sphere
Surviving points (all 4 cameras): 2242
After outlier removal: 2144 points
Saved -> /home/computer0/fly_project/fly_gsplat/ctrl_009/043/f1283/init_points.ply
[prepare] frame 1283 data ready
Dataset generated successfully at: /home/computer0/fly_project/fly_gsplat/ctrl_009/043/f1284
4 cameras loaded
Seed: [-0.00108057  0.00649188  0.01343473]  triangulation residual=0.098 mm
Sampled 10000 points in 2mm sphere
Surviving points (all 4 cameras): 2289
After outlier removal: 2207 points
Saved -> /home/computer0/fly_project/fly_gsplat/ctrl_009/043/f1284/init_points.ply
[prepare] frame 1284 data ready
Dataset generated successfully at: /home/computer0/fly_project/fly_gsplat/ctrl_009/043/f1285
4 cameras loaded
Seed: [-0.00108263  0.00648718  0.01344426]  triangulation residual=0.094 mm
Sampled 10000 points in 2mm sphere
Surviving points (all 4 cameras): 2299
After outlier removal: 2207 points
Saved -> /home/computer0/fly_project/fly_gsplat/ctrl_009/043/f1285/init_points.ply
[prepare] frame 1285 data ready
Dataset generated successfully at: /home/computer0/fly_project/fly_gsplat/ctrl_009/043/f1286
4 cameras loaded
Seed: [-0.00107593  0.00649764  0.01345656]  triangulation residual=0.094 mm
Sampled 10000 points in 2mm sphere
Surviving points (all 4 cameras): 2354
After outlier removal: 2254 points
Saved -> /home/computer0/fly_project/fly_gsplat/ctrl_009/043/f1286/init_points.ply
[prepare] frame 1286 data ready
Dataset generated successfully at: /home/computer0/fly_project/fly_gsplat/ctrl_009/043/f1287
4 cameras loaded
Seed: [-0.00107108  0.00651743  0.01347085]  triangulation residual=0.092 mm
Sampled 10000 points in 2mm sphere
Surviving points (all 4 cameras): 2475
After outlier removal: 2383 points
Saved -> /home/computer0/fly_project/fly_gsplat/ctrl_009/043/f1287/init_points.ply
[prepare] frame 1287 data ready
Dataset generated successfully at: /home/computer0/fly_project/fly_gsplat/ctrl_009/043/f1288
4 cameras loaded
Seed: [-0.00106516  0.00655505  0.01348607]  triangulation residual=0.100 mm
Sampled 10000 points in 2mm sphere
Surviving points (all 4 cameras): 2327
After outlier removal: 2239 points
Saved -> /home/computer0/fly_project/fly_gsplat/ctrl_009/043/f1288/init_points.ply
[prepare] frame 1288 data ready
Dataset generated successfully at: /home/computer0/fly_project/fly_gsplat/ctrl_009/043/f1289
4 cameras loaded
Seed: [-0.00107023  0.00659187  0.01350249]  triangulation residual=0.103 mm
Sampled 10000 points in 2mm sphere
Surviving points (all 4 cameras): 2342
After outlier removal: 2247 points
Saved -> /home/computer0/fly_project/fly_gsplat/ctrl_009/043/f1289/init_points.ply
[prepare] frame 1289 data ready
Dataset generated successfully at: /home/computer0/fly_project/fly_gsplat/ctrl_009/043/f1290
4 cameras loaded
Seed: [-0.00107656  0.00662303  0.01352901]  triangulation residual=0.097 mm
Sampled 10000 points in 2mm sphere
Surviving points (all 4 cameras): 2353
After outlier removal: 2236 points
Saved -> /home/computer0/fly_project/fly_gsplat/ctrl_009/043/f1290/init_points.ply
[prepare] frame 1290 data ready
Dataset generated successfully at: /home/computer0/fly_project/fly_gsplat/ctrl_009/043/f1291
4 cameras loaded
Seed: [-0.00108381  0.00667005  0.01354852]  triangulation residual=0.101 mm
Sampled 10000 points in 2mm sphere
Surviving points (all 4 cameras): 2269
After outlier removal: 2184 points
Saved -> /home/computer0/fly_project/fly_gsplat/ctrl_009/043/f1291/init_points.ply
[prepare] frame 1291 data ready
Dataset generated successfully at: /home/computer0/fly_project/fly_gsplat/ctrl_009/043/f1292
4 cameras loaded
Seed: [-0.00109214  0.00670268  0.01356527]  triangulation residual=0.104 mm
Sampled 10000 points in 2mm sphere
Surviving points (all 4 cameras): 2166
After outlier removal: 2077 points
Saved -> /home/computer0/fly_project/fly_gsplat/ctrl_009/043/f1292/init_points.ply
[prepare] frame 1292 data ready
Dataset generated successfully at: /home/computer0/fly_project/fly_gsplat/ctrl_009/043/f1293
4 cameras loaded
Seed: [-0.00109469  0.00674181  0.01358438]  triangulation residual=0.112 mm
Sampled 10000 points in 2mm sphere
Surviving points (all 4 cameras): 2156
After outlier removal: 2067 points
Saved -> /home/computer0/fly_project/fly_gsplat/ctrl_009/043/f1293/init_points.ply
[prepare] frame 1293 data ready
Dataset generated successfully at: /home/computer0/fly_project/fly_gsplat/ctrl_009/043/f1294
4 cameras loaded
Seed: [-0.00109238  0.00677956  0.01360138]  triangulation residual=0.121 mm
Sampled 10000 points in 2mm sphere
Surviving points (all 4 cameras): 2066
After outlier removal: 1975 points
Saved -> /home/computer0/fly_project/fly_gsplat/ctrl_009/043/f1294/init_points.ply
[prepare] frame 1294 data ready
Dataset generated successfully at: /home/computer0/fly_project/fly_gsplat/ctrl_009/043/f1295
4 cameras loaded
Seed: [-0.00109639  0.00681602  0.01361665]  triangulation residual=0.129 mm
Sampled 10000 points in 2mm sphere
Surviving points (all 4 cameras): 2027
After outlier removal: 1943 points
Saved -> /home/computer0/fly_project/fly_gsplat/ctrl_009/043/f1295/init_points.ply
[prepare] frame 1295 data ready
Dataset generated successfully at: /home/computer0/fly_project/fly_gsplat/ctrl_009/043/f1296
4 cameras loaded
Seed: [-0.00110937  0.00684895  0.01363246]  triangulation residual=0.126 mm
Sampled 10000 points in 2mm sphere
Surviving points (all 4 cameras): 2076
After outlier removal: 1997 points
Saved -> /home/computer0/fly_project/fly_gsplat/ctrl_009/043/f1296/init_points.ply
[prepare] frame 1296 data ready
Dataset generated successfully at: /home/computer0/fly_project/fly_gsplat/ctrl_009/043/f1297
4 cameras loaded
Seed: [-0.00112343  0.00688371  0.01364934]  triangulation residual=0.121 mm
Sampled 10000 points in 2mm sphere
Surviving points (all 4 cameras): 2070
After outlier removal: 1990 points
Saved -> /home/computer0/fly_project/fly_gsplat/ctrl_009/043/f1297/init_points.ply
[prepare] frame 1297 data ready
Dataset generated successfully at: /home/computer0/fly_project/fly_gsplat/ctrl_009/043/f1298
4 cameras loaded
Seed: [-0.00112426  0.00691554  0.01367137]  triangulation residual=0.115 mm
Sampled 10000 points in 2mm sphere
[23:47:43]  Be careful with '--eval-mode=all'. If using camera optimization, the cameras    nerfstudio_dataparser.py:216
           may diverge in the current implementation, giving unpredictable results.                                     
            Be careful with '--eval-mode=all'. If using camera optimization, the cameras    nerfstudio_dataparser.py:216
           may diverge in the current implementation, giving unpredictable results.                                     
[23:47:43]  Be careful with '--eval-mode=all'. If using camera optimization, the cameras    nerfstudio_dataparser.py:216
           may diverge in the current implementation, giving unpredictable results.                                     
           use color only optimization with sigmoid activation                                         splatfacto.py:266
            Be careful with '--eval-mode=all'. If using camera optimization, the cameras    nerfstudio_dataparser.py:216
           may diverge in the current implementation, giving unpredictable results.                                     
[23:47:44]  Be careful with '--eval-mode=all'. If using camera optimization, the cameras    nerfstudio_dataparser.py:216
           may diverge in the current implementation, giving unpredictable results.                                     
            Be careful with '--eval-mode=all'. If using camera optimization, the cameras    nerfstudio_dataparser.py:216
           may diverge in the current implementation, giving unpredictable results.                                     
[23:47:44] use color only optimization with sigmoid activation                                         splatfacto.py:266
           use color only optimization with sigmoid activation                                         splatfacto.py:266
Loading latest checkpoint from load_dir
✅ Done loading checkpoint from 
outputs/ctrl_009_043_ratio3_sh0_dense_mid200/ratio3_sh0_dense/f1111/splatfacto/2026-08-20_234600/nerfstudio_models/step-
000001999.ckpt
0 Gaussians have NaN/Inf and 5 have low opacity, only export 641/646
[23:47:44]  Be careful with '--eval-mode=all'. If using camera optimization, the cameras    nerfstudio_dataparser.py:216
           may diverge in the current implementation, giving unpredictable results.                                     
            Be careful with '--eval-mode=all'. If using camera optimization, the cameras    nerfstudio_dataparser.py:216
           may diverge in the current implementation, giving unpredictable results.                                     
[23:47:44]  Be careful with '--eval-mode=all'. If using camera optimization, the cameras    nerfstudio_dataparser.py:216
           may diverge in the current implementation, giving unpredictable results.                                     
            Be careful with '--eval-mode=all'. If using camera optimization, the cameras    nerfstudio_dataparser.py:216
           may diverge in the current implementation, giving unpredictable results.                                     
Loading latest checkpoint from load_dir
✅ Done loading checkpoint from 
outputs/ctrl_009_043_ratio3_sh0_dense_mid200/ratio3_sh0_dense/f1103/splatfacto/2026-08-20_234600/nerfstudio_models/step-
000001999.ckpt
0 Gaussians have NaN/Inf and 4 have low opacity, only export 652/656
[23:47:45]  Be careful with '--eval-mode=all'. If using camera optimization, the cameras    nerfstudio_dataparser.py:216
           may diverge in the current implementation, giving unpredictable results.                                     
            Be careful with '--eval-mode=all'. If using camera optimization, the cameras    nerfstudio_dataparser.py:216
           may diverge in the current implementation, giving unpredictable results.                                     
[23:47:45] use color only optimization with sigmoid activation                                         splatfacto.py:266
[23:47:45] use color only optimization with sigmoid activation                                         splatfacto.py:266
Loading latest checkpoint from load_dir
✅ Done loading checkpoint from 
outputs/ctrl_009_043_ratio3_sh0_dense_mid200/ratio3_sh0_dense/f1105/splatfacto/2026-08-20_234559/nerfstudio_models/step-
000001999.ckpt
0 Gaussians have NaN/Inf and 13 have low opacity, only export 726/739
           use color only optimization with sigmoid activation                                         splatfacto.py:266
[23:47:45]  Be careful with '--eval-mode=all'. If using camera optimization, the cameras    nerfstudio_dataparser.py:216
           may diverge in the current implementation, giving unpredictable results.                                     
            Be careful with '--eval-mode=all'. If using camera optimization, the cameras    nerfstudio_dataparser.py:216
           may diverge in the current implementation, giving unpredictable results.                                     
[23:47:45]  Be careful with '--eval-mode=all'. If using camera optimization, the cameras    nerfstudio_dataparser.py:216
           may diverge in the current implementation, giving unpredictable results.                                     
            Be careful with '--eval-mode=all'. If using camera optimization, the cameras    nerfstudio_dataparser.py:216
           may diverge in the current implementation, giving unpredictable results.                                     
           use color only optimization with sigmoid activation                                         splatfacto.py:266
[23:47:45]  Be careful with '--eval-mode=all'. If using camera optimization, the cameras    nerfstudio_dataparser.py:216
           may diverge in the current implementation, giving unpredictable results.                                     
            Be careful with '--eval-mode=all'. If using camera optimization, the cameras    nerfstudio_dataparser.py:216
           may diverge in the current implementation, giving unpredictable results.                                     
[23:47:45]  Be careful with '--eval-mode=all'. If using camera optimization, the cameras    nerfstudio_dataparser.py:216
           may diverge in the current implementation, giving unpredictable results.                                     
            Be careful with '--eval-mode=all'. If using camera optimization, the cameras    nerfstudio_dataparser.py:216
           may diverge in the current implementation, giving unpredictable results.                                     
           use color only optimization with sigmoid activation                                         splatfacto.py:266
           use color only optimization with sigmoid activation                                         splatfacto.py:266
           use color only optimization with sigmoid activation                                         splatfacto.py:266
[23:47:46]  Be careful with '--eval-mode=all'. If using camera optimization, the cameras    nerfstudio_dataparser.py:216
           may diverge in the current implementation, giving unpredictable results.                                     
            Be careful with '--eval-mode=all'. If using camera optimization, the cameras    nerfstudio_dataparser.py:216
           may diverge in the current implementation, giving unpredictable results.                                     
Loading latest checkpoint from load_dir
✅ Done loading checkpoint from 
outputs/ctrl_009_043_ratio3_sh0_dense_mid200/ratio3_sh0_dense/f1100/splatfacto/2026-08-20_234602/nerfstudio_models/step-
000001999.ckpt
0 Gaussians have NaN/Inf and 6 have low opacity, only export 634/640
Loading latest checkpoint from load_dir
✅ Done loading checkpoint from 
outputs/ctrl_009_043_ratio3_sh0_dense_mid200/ratio3_sh0_dense/f1108/splatfacto/2026-08-20_234601/nerfstudio_models/step-
000001999.ckpt
0 Gaussians have NaN/Inf and 3 have low opacity, only export 712/715
[23:47:46]  Be careful with '--eval-mode=all'. If using camera optimization, the cameras    nerfstudio_dataparser.py:216
           may diverge in the current implementation, giving unpredictable results.                                     
            Be careful with '--eval-mode=all'. If using camera optimization, the cameras    nerfstudio_dataparser.py:216
           may diverge in the current implementation, giving unpredictable results.                                     
Loading latest checkpoint from load_dir
✅ Done loading checkpoint from 
outputs/ctrl_009_043_ratio3_sh0_dense_mid200/ratio3_sh0_dense/f1102/splatfacto/2026-08-20_234601/nerfstudio_models/step-
000001999.ckpt
0 Gaussians have NaN/Inf and 7 have low opacity, only export 650/657
           use color only optimization with sigmoid activation                                         splatfacto.py:266
           use color only optimization with sigmoid activation                                         splatfacto.py:266
Loading latest checkpoint from load_dir
✅ Done loading checkpoint from 
outputs/ctrl_009_043_ratio3_sh0_dense_mid200/ratio3_sh0_dense/f1106/splatfacto/2026-08-20_234601/nerfstudio_models/step-
000001999.ckpt
0 Gaussians have NaN/Inf and 9 have low opacity, only export 706/715
Loading latest checkpoint from load_dir
✅ Done loading checkpoint from 
outputs/ctrl_009_043_ratio3_sh0_dense_mid200/ratio3_sh0_dense/f1104/splatfacto/2026-08-20_234601/nerfstudio_models/step-
000001999.ckpt
0 Gaussians have NaN/Inf and 7 have low opacity, only export 737/744
Loading latest checkpoint from load_dir
Loading latest checkpoint from load_dir
✅ Done loading checkpoint from 
outputs/ctrl_009_043_ratio3_sh0_dense_mid200/ratio3_sh0_dense/f1107/splatfacto/2026-08-20_234600/nerfstudio_models/step-
000001999.ckpt
✅ Done loading checkpoint from 
outputs/ctrl_009_043_ratio3_sh0_dense_mid200/ratio3_sh0_dense/f1109/splatfacto/2026-08-20_234602/nerfstudio_models/step-
000001999.ckpt
0 Gaussians have NaN/Inf and 5 have low opacity, only export 747/752
0 Gaussians have NaN/Inf and 3 have low opacity, only export 694/697
[gpu1_w5] ratio3_sh0_dense__f1111 -> ok (108.8s)
Loading latest checkpoint from load_dir
✅ Done loading checkpoint from 
outputs/ctrl_009_043_ratio3_sh0_dense_mid200/ratio3_sh0_dense/f1101/splatfacto/2026-08-20_234601/nerfstudio_models/step-
000001999.ckpt
0 Gaussians have NaN/Inf and 5 have low opacity, only export 625/630
[gpu1_w3] ratio3_sh0_dense__f1103 -> ok (109.0s)
Loading latest checkpoint from load_dir
✅ Done loading checkpoint from 
outputs/ctrl_009_043_ratio3_sh0_dense_mid200/ratio3_sh0_dense/f1110/splatfacto/2026-08-20_234601/nerfstudio_models/step-
000001999.ckpt
0 Gaussians have NaN/Inf and 6 have low opacity, only export 709/715
[gpu0_w4] ratio3_sh0_dense__f1105 -> ok (109.2s)
[gpu0_w1] ratio3_sh0_dense__f1100 -> ok (110.1s)
[gpu1_w0] ratio3_sh0_dense__f1108 -> ok (110.1s)
[gpu0_w2] ratio3_sh0_dense__f1102 -> ok (110.2s)
[gpu1_w4] ratio3_sh0_dense__f1106 -> ok (110.3s)
[gpu0_w5] ratio3_sh0_dense__f1109 -> ok (110.4s)
[gpu0_w0] ratio3_sh0_dense__f1104 -> ok (110.5s)
[gpu1_w2] ratio3_sh0_dense__f1107 -> ok (110.5s)
[gpu0_w3] ratio3_sh0_dense__f1101 -> ok (110.8s)
[gpu1_w1] ratio3_sh0_dense__f1110 -> ok (110.9s)
[23:49:39]  Be careful with '--eval-mode=all'. If using camera optimization, the cameras    nerfstudio_dataparser.py:216
           may diverge in the current implementation, giving unpredictable results.                                     
            Be careful with '--eval-mode=all'. If using camera optimization, the cameras    nerfstudio_dataparser.py:216
           may diverge in the current implementation, giving unpredictable results.                                     
[23:49:39]  Be careful with '--eval-mode=all'. If using camera optimization, the cameras    nerfstudio_dataparser.py:216
           may diverge in the current implementation, giving unpredictable results.                                     
            Be careful with '--eval-mode=all'. If using camera optimization, the cameras    nerfstudio_dataparser.py:216
           may diverge in the current implementation, giving unpredictable results.                                     
           use color only optimization with sigmoid activation                                         splatfacto.py:266
           use color only optimization with sigmoid activation                                         splatfacto.py:266
[23:49:39]  Be careful with '--eval-mode=all'. If using camera optimization, the cameras    nerfstudio_dataparser.py:216
           may diverge in the current implementation, giving unpredictable results.                                     
            Be careful with '--eval-mode=all'. If using camera optimization, the cameras    nerfstudio_dataparser.py:216
           may diverge in the current implementation, giving unpredictable results.                                     
[23:49:40] use color only optimization with sigmoid activation                                         splatfacto.py:266
[23:49:40]  Be careful with '--eval-mode=all'. If using camera optimization, the cameras    nerfstudio_dataparser.py:216
           may diverge in the current implementation, giving unpredictable results.                                     
            Be careful with '--eval-mode=all'. If using camera optimization, the cameras    nerfstudio_dataparser.py:216
           may diverge in the current implementation, giving unpredictable results.                                     
[23:49:40]  Be careful with '--eval-mode=all'. If using camera optimization, the cameras    nerfstudio_dataparser.py:216
           may diverge in the current implementation, giving unpredictable results.                                     
            Be careful with '--eval-mode=all'. If using camera optimization, the cameras    nerfstudio_dataparser.py:216
           may diverge in the current implementation, giving unpredictable results.                                     
[23:49:40]  Be careful with '--eval-mode=all'. If using camera optimization, the cameras    nerfstudio_dataparser.py:216
           may diverge in the current implementation, giving unpredictable results.                                     
            Be careful with '--eval-mode=all'. If using camera optimization, the cameras    nerfstudio_dataparser.py:216
           may diverge in the current implementation, giving unpredictable results.                                     
           use color only optimization with sigmoid activation                                         splatfacto.py:266
           use color only optimization with sigmoid activation                                         splatfacto.py:266
           use color only optimization with sigmoid activation                                         splatfacto.py:266
Loading latest checkpoint from load_dir
✅ Done loading checkpoint from 
outputs/ctrl_009_043_ratio3_sh0_dense_mid200/ratio3_sh0_dense/f1120/splatfacto/2026-08-20_234755/nerfstudio_models/step-
000001999.ckpt
Loading latest checkpoint from load_dir
0 Gaussians have NaN/Inf and 5 have low opacity, only export 830/835
✅ Done loading checkpoint from 
outputs/ctrl_009_043_ratio3_sh0_dense_mid200/ratio3_sh0_dense/f1123/splatfacto/2026-08-20_234755/nerfstudio_models/step-
000001999.ckpt
0 Gaussians have NaN/Inf and 2 have low opacity, only export 842/844
Loading latest checkpoint from load_dir
✅ Done loading checkpoint from 
outputs/ctrl_009_043_ratio3_sh0_dense_mid200/ratio3_sh0_dense/f1113/splatfacto/2026-08-20_234756/nerfstudio_models/step-
000001999.ckpt
0 Gaussians have NaN/Inf and 3 have low opacity, only export 667/670
[23:49:41]  Be careful with '--eval-mode=all'. If using camera optimization, the cameras    nerfstudio_dataparser.py:216
           may diverge in the current implementation, giving unpredictable results.                                     
            Be careful with '--eval-mode=all'. If using camera optimization, the cameras    nerfstudio_dataparser.py:216
           may diverge in the current implementation, giving unpredictable results.                                     
Loading latest checkpoint from load_dir
✅ Done loading checkpoint from 
outputs/ctrl_009_043_ratio3_sh0_dense_mid200/ratio3_sh0_dense/f1117/splatfacto/2026-08-20_234756/nerfstudio_models/step-
000001999.ckpt
0 Gaussians have NaN/Inf and 5 have low opacity, only export 910/915
Loading latest checkpoint from load_dir
[23:49:41]  Be careful with '--eval-mode=all'. If using camera optimization, the cameras    nerfstudio_dataparser.py:216
           may diverge in the current implementation, giving unpredictable results.                                     
            Be careful with '--eval-mode=all'. If using camera optimization, the cameras    nerfstudio_dataparser.py:216
           may diverge in the current implementation, giving unpredictable results.                                     
✅ Done loading checkpoint from 
outputs/ctrl_009_043_ratio3_sh0_dense_mid200/ratio3_sh0_dense/f1118/splatfacto/2026-08-20_234755/nerfstudio_models/step-
000001999.ckpt
0 Gaussians have NaN/Inf and 5 have low opacity, only export 879/884
           use color only optimization with sigmoid activation                                         splatfacto.py:266
Loading latest checkpoint from load_dir
[23:49:41]  Be careful with '--eval-mode=all'. If using camera optimization, the cameras    nerfstudio_dataparser.py:216
           may diverge in the current implementation, giving unpredictable results.                                     
            Be careful with '--eval-mode=all'. If using camera optimization, the cameras    nerfstudio_dataparser.py:216
           may diverge in the current implementation, giving unpredictable results.                                     
✅ Done loading checkpoint from 
outputs/ctrl_009_043_ratio3_sh0_dense_mid200/ratio3_sh0_dense/f1112/splatfacto/2026-08-20_234755/nerfstudio_models/step-
000001999.ckpt
[23:49:41]  Be careful with '--eval-mode=all'. If using camera optimization, the cameras    nerfstudio_dataparser.py:216
           may diverge in the current implementation, giving unpredictable results.                                     
            Be careful with '--eval-mode=all'. If using camera optimization, the cameras    nerfstudio_dataparser.py:216
           may diverge in the current implementation, giving unpredictable results.                                     
0 Gaussians have NaN/Inf and 3 have low opacity, only export 666/669
           use color only optimization with sigmoid activation                                         splatfacto.py:266
[23:49:41]  Be careful with '--eval-mode=all'. If using camera optimization, the cameras    nerfstudio_dataparser.py:216
           may diverge in the current implementation, giving unpredictable results.                                     
            Be careful with '--eval-mode=all'. If using camera optimization, the cameras    nerfstudio_dataparser.py:216
           may diverge in the current implementation, giving unpredictable results.                                     
           use color only optimization with sigmoid activation                                         splatfacto.py:266
           use color only optimization with sigmoid activation                                         splatfacto.py:266
           use color only optimization with sigmoid activation                                         splatfacto.py:266
Loading latest checkpoint from load_dir
Loading latest checkpoint from load_dir
✅ Done loading checkpoint from 
outputs/ctrl_009_043_ratio3_sh0_dense_mid200/ratio3_sh0_dense/f1114/splatfacto/2026-08-20_234756/nerfstudio_models/step-
000001999.ckpt
0 Gaussians have NaN/Inf and 2 have low opacity, only export 726/728
✅ Done loading checkpoint from 
outputs/ctrl_009_043_ratio3_sh0_dense_mid200/ratio3_sh0_dense/f1116/splatfacto/2026-08-20_234757/nerfstudio_models/step-
000001999.ckpt
0 Gaussians have NaN/Inf and 10 have low opacity, only export 984/994
Loading latest checkpoint from load_dir
Loading latest checkpoint from load_dir
✅ Done loading checkpoint from 
outputs/ctrl_009_043_ratio3_sh0_dense_mid200/ratio3_sh0_dense/f1122/splatfacto/2026-08-20_234757/nerfstudio_models/step-
000001999.ckpt
✅ Done loading checkpoint from 
outputs/ctrl_009_043_ratio3_sh0_dense_mid200/ratio3_sh0_dense/f1121/splatfacto/2026-08-20_234756/nerfstudio_models/step-
000001999.ckpt
0 Gaussians have NaN/Inf and 3 have low opacity, only export 738/741
0 Gaussians have NaN/Inf and 3 have low opacity, only export 837/840
Loading latest checkpoint from load_dir
✅ Done loading checkpoint from 
outputs/ctrl_009_043_ratio3_sh0_dense_mid200/ratio3_sh0_dense/f1119/splatfacto/2026-08-20_234757/nerfstudio_models/step-
000001999.ckpt
0 Gaussians have NaN/Inf and 4 have low opacity, only export 823/827
[23:49:42]  Be careful with '--eval-mode=all'. If using camera optimization, the cameras    nerfstudio_dataparser.py:216
           may diverge in the current implementation, giving unpredictable results.                                     
            Be careful with '--eval-mode=all'. If using camera optimization, the cameras    nerfstudio_dataparser.py:216
           may diverge in the current implementation, giving unpredictable results.                                     
[23:49:43] use color only optimization with sigmoid activation                                         splatfacto.py:266
[gpu0_w0] ratio3_sh0_dense__f1120 -> ok (107.9s)
[gpu1_w1] ratio3_sh0_dense__f1123 -> ok (107.5s)
[gpu1_w3] ratio3_sh0_dense__f1113 -> ok (109.4s)
[gpu0_w2] ratio3_sh0_dense__f1117 -> ok (108.7s)
[gpu1_w5] ratio3_sh0_dense__f1112 -> ok (110.1s)
[gpu1_w4] ratio3_sh0_dense__f1118 -> ok (108.6s)
Loading latest checkpoint from load_dir
✅ Done loading checkpoint from 
outputs/ctrl_009_043_ratio3_sh0_dense_mid200/ratio3_sh0_dense/f1115/splatfacto/2026-08-20_234756/nerfstudio_models/step-
000001999.ckpt
0 Gaussians have NaN/Inf and 4 have low opacity, only export 998/1002
[gpu1_w0] ratio3_sh0_dense__f1116 -> ok (109.9s)
[gpu1_w2] ratio3_sh0_dense__f1121 -> ok (109.5s)
[gpu0_w4] ratio3_sh0_dense__f1114 -> ok (110.7s)
[gpu0_w5] ratio3_sh0_dense__f1119 -> ok (109.5s)
[gpu0_w3] ratio3_sh0_dense__f1122 -> ok (109.2s)
[gpu0_w1] ratio3_sh0_dense__f1115 -> ok (110.9s)
[23:51:37]  Be careful with '--eval-mode=all'. If using camera optimization, the cameras    nerfstudio_dataparser.py:216
           may diverge in the current implementation, giving unpredictable results.                                     
            Be careful with '--eval-mode=all'. If using camera optimization, the cameras    nerfstudio_dataparser.py:216
           may diverge in the current implementation, giving unpredictable results.                                     
[23:51:37]  Be careful with '--eval-mode=all'. If using camera optimization, the cameras    nerfstudio_dataparser.py:216
           may diverge in the current implementation, giving unpredictable results.                                     
            Be careful with '--eval-mode=all'. If using camera optimization, the cameras    nerfstudio_dataparser.py:216
           may diverge in the current implementation, giving unpredictable results.                                     
           use color only optimization with sigmoid activation                                         splatfacto.py:266
[23:51:37]  Be careful with '--eval-mode=all'. If using camera optimization, the cameras    nerfstudio_dataparser.py:216
           may diverge in the current implementation, giving unpredictable results.                                     
[23:51:38]  Be careful with '--eval-mode=all'. If using camera optimization, the cameras    nerfstudio_dataparser.py:216
           may diverge in the current implementation, giving unpredictable results.                                     
[23:51:38] use color only optimization with sigmoid activation                                         splatfacto.py:266
[23:51:38]  Be careful with '--eval-mode=all'. If using camera optimization, the cameras    nerfstudio_dataparser.py:216
           may diverge in the current implementation, giving unpredictable results.                                     
            Be careful with '--eval-mode=all'. If using camera optimization, the cameras    nerfstudio_dataparser.py:216
           may diverge in the current implementation, giving unpredictable results.                                     
           use color only optimization with sigmoid activation                                         splatfacto.py:266
           use color only optimization with sigmoid activation                                         splatfacto.py:266
Loading latest checkpoint from load_dir
✅ Done loading checkpoint from 
outputs/ctrl_009_043_ratio3_sh0_dense_mid200/ratio3_sh0_dense/f1127/splatfacto/2026-08-20_234953/nerfstudio_models/step-
000001999.ckpt
0 Gaussians have NaN/Inf and 2 have low opacity, only export 761/763
[23:51:38]  Be careful with '--eval-mode=all'. If using camera optimization, the cameras    nerfstudio_dataparser.py:216
           may diverge in the current implementation, giving unpredictable results.                                     
            Be careful with '--eval-mode=all'. If using camera optimization, the cameras    nerfstudio_dataparser.py:216
           may diverge in the current implementation, giving unpredictable results.                                     
[23:51:38]  Be careful with '--eval-mode=all'. If using camera optimization, the cameras    nerfstudio_dataparser.py:216
           may diverge in the current implementation, giving unpredictable results.                                     
            Be careful with '--eval-mode=all'. If using camera optimization, the cameras    nerfstudio_dataparser.py:216
           may diverge in the current implementation, giving unpredictable results.                                     
Loading latest checkpoint from load_dir
✅ Done loading checkpoint from 
outputs/ctrl_009_043_ratio3_sh0_dense_mid200/ratio3_sh0_dense/f1132/splatfacto/2026-08-20_234954/nerfstudio_models/step-
000001999.ckpt
0 Gaussians have NaN/Inf and 4 have low opacity, only export 843/847
[23:51:39] use color only optimization with sigmoid activation                                         splatfacto.py:266
[23:51:39] use color only optimization with sigmoid activation                                         splatfacto.py:266
Loading latest checkpoint from load_dir
✅ Done loading checkpoint from 
outputs/ctrl_009_043_ratio3_sh0_dense_mid200/ratio3_sh0_dense/f1128/splatfacto/2026-08-20_234953/nerfstudio_models/step-
000001999.ckpt
0 Gaussians have NaN/Inf and 11 have low opacity, only export 814/825
Loading latest checkpoint from load_dir
[23:51:39]  Be careful with '--eval-mode=all'. If using camera optimization, the cameras    nerfstudio_dataparser.py:216
           may diverge in the current implementation, giving unpredictable results.                                     
✅ Done loading checkpoint from 
outputs/ctrl_009_043_ratio3_sh0_dense_mid200/ratio3_sh0_dense/f1135/splatfacto/2026-08-20_234954/nerfstudio_models/step-
000001999.ckpt
            Be careful with '--eval-mode=all'. If using camera optimization, the cameras    nerfstudio_dataparser.py:216
           may diverge in the current implementation, giving unpredictable results.                                     
0 Gaussians have NaN/Inf and 2 have low opacity, only export 773/775
           use color only optimization with sigmoid activation                                         splatfacto.py:266
Loading latest checkpoint from load_dir
[23:51:39]  Be careful with '--eval-mode=all'. If using camera optimization, the cameras    nerfstudio_dataparser.py:216
           may diverge in the current implementation, giving unpredictable results.                                     
            Be careful with '--eval-mode=all'. If using camera optimization, the cameras    nerfstudio_dataparser.py:216
           may diverge in the current implementation, giving unpredictable results.                                     
Loading latest checkpoint from load_dir
✅ Done loading checkpoint from 
outputs/ctrl_009_043_ratio3_sh0_dense_mid200/ratio3_sh0_dense/f1125/splatfacto/2026-08-20_234954/nerfstudio_models/step-
000001999.ckpt
0 Gaussians have NaN/Inf and 2 have low opacity, only export 720/722
✅ Done loading checkpoint from 
outputs/ctrl_009_043_ratio3_sh0_dense_mid200/ratio3_sh0_dense/f1130/splatfacto/2026-08-20_234954/nerfstudio_models/step-
000001999.ckpt
0 Gaussians have NaN/Inf and 4 have low opacity, only export 847/851
[23:51:40] use color only optimization with sigmoid activation                                         splatfacto.py:266
Loading latest checkpoint from load_dir
✅ Done loading checkpoint from 
outputs/ctrl_009_043_ratio3_sh0_dense_mid200/ratio3_sh0_dense/f1126/splatfacto/2026-08-20_234954/nerfstudio_models/step-
000001999.ckpt
0 Gaussians have NaN/Inf and 4 have low opacity, only export 799/803
[gpu0_w2] ratio3_sh0_dense__f1127 -> ok (108.1s)
Loading latest checkpoint from load_dir
[gpu0_w4] ratio3_sh0_dense__f1132 -> ok (107.3s)
✅ Done loading checkpoint from 
outputs/ctrl_009_043_ratio3_sh0_dense_mid200/ratio3_sh0_dense/f1124/splatfacto/2026-08-20_234954/nerfstudio_models/step-
000001999.ckpt
0 Gaussians have NaN/Inf and 2 have low opacity, only export 783/785
[23:51:41]  Be careful with '--eval-mode=all'. If using camera optimization, the cameras    nerfstudio_dataparser.py:216
           may diverge in the current implementation, giving unpredictable results.                                     
            Be careful with '--eval-mode=all'. If using camera optimization, the cameras    nerfstudio_dataparser.py:216
           may diverge in the current implementation, giving unpredictable results.                                     
[23:51:41]  Be careful with '--eval-mode=all'. If using camera optimization, the cameras    nerfstudio_dataparser.py:216
           may diverge in the current implementation, giving unpredictable results.                                     
            Be careful with '--eval-mode=all'. If using camera optimization, the cameras    nerfstudio_dataparser.py:216
           may diverge in the current implementation, giving unpredictable results.                                     
[23:51:41]  Be careful with '--eval-mode=all'. If using camera optimization, the cameras    nerfstudio_dataparser.py:216
           may diverge in the current implementation, giving unpredictable results.                                     
            Be careful with '--eval-mode=all'. If using camera optimization, the cameras    nerfstudio_dataparser.py:216
           may diverge in the current implementation, giving unpredictable results.                                     
[23:51:41]  Be careful with '--eval-mode=all'. If using camera optimization, the cameras    nerfstudio_dataparser.py:216
           may diverge in the current implementation, giving unpredictable results.                                     
            Be careful with '--eval-mode=all'. If using camera optimization, the cameras    nerfstudio_dataparser.py:216
           may diverge in the current implementation, giving unpredictable results.                                     
           use color only optimization with sigmoid activation                                         splatfacto.py:266
[gpu1_w5] ratio3_sh0_dense__f1128 -> ok (108.7s)
[gpu0_w1] ratio3_sh0_dense__f1135 -> ok (106.6s)
           use color only optimization with sigmoid activation                                         splatfacto.py:266
           use color only optimization with sigmoid activation                                         splatfacto.py:266
           use color only optimization with sigmoid activation                                         splatfacto.py:266
[gpu1_w0] ratio3_sh0_dense__f1130 -> ok (108.1s)
[gpu1_w1] ratio3_sh0_dense__f1125 -> ok (109.7s)
Loading latest checkpoint from load_dir
✅ Done loading checkpoint from 
outputs/ctrl_009_043_ratio3_sh0_dense_mid200/ratio3_sh0_dense/f1129/splatfacto/2026-08-20_234955/nerfstudio_models/step-
000001999.ckpt
0 Gaussians have NaN/Inf and 4 have low opacity, only export 768/772
Loading latest checkpoint from load_dir
✅ Done loading checkpoint from 
outputs/ctrl_009_043_ratio3_sh0_dense_mid200/ratio3_sh0_dense/f1134/splatfacto/2026-08-20_234955/nerfstudio_models/step-
000001999.ckpt
0 Gaussians have NaN/Inf and 7 have low opacity, only export 780/787
Loading latest checkpoint from load_dir
✅ Done loading checkpoint from 
outputs/ctrl_009_043_ratio3_sh0_dense_mid200/ratio3_sh0_dense/f1131/splatfacto/2026-08-20_234955/nerfstudio_models/step-
000001999.ckpt
0 Gaussians have NaN/Inf and 5 have low opacity, only export 728/733
Loading latest checkpoint from load_dir
✅ Done loading checkpoint from 
outputs/ctrl_009_043_ratio3_sh0_dense_mid200/ratio3_sh0_dense/f1133/splatfacto/2026-08-20_234955/nerfstudio_models/step-
000001999.ckpt
0 Gaussians have NaN/Inf and 4 have low opacity, only export 841/845
[gpu1_w3] ratio3_sh0_dense__f1126 -> ok (110.3s)
[gpu0_w0] ratio3_sh0_dense__f1124 -> ok (110.9s)
[gpu1_w4] ratio3_sh0_dense__f1129 -> ok (111.3s)
[gpu0_w3] ratio3_sh0_dense__f1134 -> ok (110.2s)
[gpu1_w2] ratio3_sh0_dense__f1131 -> ok (110.4s)
[gpu0_w5] ratio3_sh0_dense__f1133 -> ok (110.5s)
[23:53:33]  Be careful with '--eval-mode=all'. If using camera optimization, the cameras    nerfstudio_dataparser.py:216
           may diverge in the current implementation, giving unpredictable results.                                     
            Be careful with '--eval-mode=all'. If using camera optimization, the cameras    nerfstudio_dataparser.py:216
           may diverge in the current implementation, giving unpredictable results.                                     
[23:53:33]  Be careful with '--eval-mode=all'. If using camera optimization, the cameras    nerfstudio_dataparser.py:216
           may diverge in the current implementation, giving unpredictable results.                                     
            Be careful with '--eval-mode=all'. If using camera optimization, the cameras    nerfstudio_dataparser.py:216
           may diverge in the current implementation, giving unpredictable results.                                     
[23:53:33]  Be careful with '--eval-mode=all'. If using camera optimization, the cameras    nerfstudio_dataparser.py:216
           may diverge in the current implementation, giving unpredictable results.                                     
            Be careful with '--eval-mode=all'. If using camera optimization, the cameras    nerfstudio_dataparser.py:216
           may diverge in the current implementation, giving unpredictable results.                                     
           use color only optimization with sigmoid activation                                         splatfacto.py:266
           use color only optimization with sigmoid activation                                         splatfacto.py:266
           use color only optimization with sigmoid activation                                         splatfacto.py:266
[23:53:33]  Be careful with '--eval-mode=all'. If using camera optimization, the cameras    nerfstudio_dataparser.py:216
           may diverge in the current implementation, giving unpredictable results.                                     
            Be careful with '--eval-mode=all'. If using camera optimization, the cameras    nerfstudio_dataparser.py:216
           may diverge in the current implementation, giving unpredictable results.                                     
[23:53:34]  Be careful with '--eval-mode=all'. If using camera optimization, the cameras    nerfstudio_dataparser.py:216
           may diverge in the current implementation, giving unpredictable results.                                     
            Be careful with '--eval-mode=all'. If using camera optimization, the cameras    nerfstudio_dataparser.py:216
           may diverge in the current implementation, giving unpredictable results.                                     
[23:53:34] use color only optimization with sigmoid activation                                         splatfacto.py:266
           use color only optimization with sigmoid activation                                         splatfacto.py:266
[23:53:34]  Be careful with '--eval-mode=all'. If using camera optimization, the cameras    nerfstudio_dataparser.py:216
           may diverge in the current implementation, giving unpredictable results.                                     
            Be careful with '--eval-mode=all'. If using camera optimization, the cameras    nerfstudio_dataparser.py:216
           may diverge in the current implementation, giving unpredictable results.                                     
Loading latest checkpoint from load_dir
✅ Done loading checkpoint from 
outputs/ctrl_009_043_ratio3_sh0_dense_mid200/ratio3_sh0_dense/f1140/splatfacto/2026-08-20_235150/nerfstudio_models/step-
000001999.ckpt
0 Gaussians have NaN/Inf and 9 have low opacity, only export 666/675
Loading latest checkpoint from load_dir
✅ Done loading checkpoint from 
outputs/ctrl_009_043_ratio3_sh0_dense_mid200/ratio3_sh0_dense/f1138/splatfacto/2026-08-20_235149/nerfstudio_models/step-
000001999.ckpt
0 Gaussians have NaN/Inf and 11 have low opacity, only export 751/762
Loading latest checkpoint from load_dir
           use color only optimization with sigmoid activation                                         splatfacto.py:266
✅ Done loading checkpoint from 
outputs/ctrl_009_043_ratio3_sh0_dense_mid200/ratio3_sh0_dense/f1139/splatfacto/2026-08-20_235150/nerfstudio_models/step-
000001999.ckpt
0 Gaussians have NaN/Inf and 4 have low opacity, only export 748/752
Loading latest checkpoint from load_dir
✅ Done loading checkpoint from 
outputs/ctrl_009_043_ratio3_sh0_dense_mid200/ratio3_sh0_dense/f1137/splatfacto/2026-08-20_235149/nerfstudio_models/step-
000001999.ckpt
0 Gaussians have NaN/Inf and 6 have low opacity, only export 770/776
Loading latest checkpoint from load_dir
✅ Done loading checkpoint from 
outputs/ctrl_009_043_ratio3_sh0_dense_mid200/ratio3_sh0_dense/f1136/splatfacto/2026-08-20_235149/nerfstudio_models/step-
000001999.ckpt
0 Gaussians have NaN/Inf and 4 have low opacity, only export 740/744
[23:53:35]  Be careful with '--eval-mode=all'. If using camera optimization, the cameras    nerfstudio_dataparser.py:216
           may diverge in the current implementation, giving unpredictable results.                                     
            Be careful with '--eval-mode=all'. If using camera optimization, the cameras    nerfstudio_dataparser.py:216
           may diverge in the current implementation, giving unpredictable results.                                     
[23:53:35]  Be careful with '--eval-mode=all'. If using camera optimization, the cameras    nerfstudio_dataparser.py:216
           may diverge in the current implementation, giving unpredictable results.                                     
            Be careful with '--eval-mode=all'. If using camera optimization, the cameras    nerfstudio_dataparser.py:216
           may diverge in the current implementation, giving unpredictable results.                                     
[23:53:35]  Be careful with '--eval-mode=all'. If using camera optimization, the cameras    nerfstudio_dataparser.py:216
           may diverge in the current implementation, giving unpredictable results.                                     
            Be careful with '--eval-mode=all'. If using camera optimization, the cameras    nerfstudio_dataparser.py:216
           may diverge in the current implementation, giving unpredictable results.                                     
           use color only optimization with sigmoid activation                                         splatfacto.py:266
[23:53:35]  Be careful with '--eval-mode=all'. If using camera optimization, the cameras    nerfstudio_dataparser.py:216
           may diverge in the current implementation, giving unpredictable results.                                     
            Be careful with '--eval-mode=all'. If using camera optimization, the cameras    nerfstudio_dataparser.py:216
           may diverge in the current implementation, giving unpredictable results.                                     
           use color only optimization with sigmoid activation                                         splatfacto.py:266
Loading latest checkpoint from load_dir
✅ Done loading checkpoint from 
outputs/ctrl_009_043_ratio3_sh0_dense_mid200/ratio3_sh0_dense/f1141/splatfacto/2026-08-20_235150/nerfstudio_models/step-
000001999.ckpt
0 Gaussians have NaN/Inf and 4 have low opacity, only export 777/781
           use color only optimization with sigmoid activation                                         splatfacto.py:266
           use color only optimization with sigmoid activation                                         splatfacto.py:266
[23:53:36]  Be careful with '--eval-mode=all'. If using camera optimization, the cameras    nerfstudio_dataparser.py:216
           may diverge in the current implementation, giving unpredictable results.                                     
            Be careful with '--eval-mode=all'. If using camera optimization, the cameras    nerfstudio_dataparser.py:216
           may diverge in the current implementation, giving unpredictable results.                                     
           use color only optimization with sigmoid activation                                         splatfacto.py:266
Loading latest checkpoint from load_dir
✅ Done loading checkpoint from 
outputs/ctrl_009_043_ratio3_sh0_dense_mid200/ratio3_sh0_dense/f1145/splatfacto/2026-08-20_235151/nerfstudio_models/step-
000001999.ckpt
0 Gaussians have NaN/Inf and 5 have low opacity, only export 738/743
Loading latest checkpoint from load_dir
Loading latest checkpoint from load_dir
✅ Done loading checkpoint from 
outputs/ctrl_009_043_ratio3_sh0_dense_mid200/ratio3_sh0_dense/f1146/splatfacto/2026-08-20_235151/nerfstudio_models/step-
000001999.ckpt
✅ Done loading checkpoint from 
outputs/ctrl_009_043_ratio3_sh0_dense_mid200/ratio3_sh0_dense/f1144/splatfacto/2026-08-20_235151/nerfstudio_models/step-
000001999.ckpt
0 Gaussians have NaN/Inf and 3 have low opacity, only export 674/677
[gpu1_w0] ratio3_sh0_dense__f1140 -> ok (108.1s)
0 Gaussians have NaN/Inf and 1 have low opacity, only export 777/778
Loading latest checkpoint from load_dir
✅ Done loading checkpoint from 
outputs/ctrl_009_043_ratio3_sh0_dense_mid200/ratio3_sh0_dense/f1142/splatfacto/2026-08-20_235150/nerfstudio_models/step-
000001999.ckpt
0 Gaussians have NaN/Inf and 6 have low opacity, only export 813/819
[gpu1_w5] ratio3_sh0_dense__f1138 -> ok (108.7s)
[gpu0_w1] ratio3_sh0_dense__f1139 -> ok (108.7s)
[gpu0_w4] ratio3_sh0_dense__f1137 -> ok (109.3s)
[gpu0_w2] ratio3_sh0_dense__f1136 -> ok (109.8s)
Loading latest checkpoint from load_dir
✅ Done loading checkpoint from 
outputs/ctrl_009_043_ratio3_sh0_dense_mid200/ratio3_sh0_dense/f1143/splatfacto/2026-08-20_235151/nerfstudio_models/step-
000001999.ckpt
0 Gaussians have NaN/Inf and 3 have low opacity, only export 781/784
[gpu1_w1] ratio3_sh0_dense__f1141 -> ok (109.1s)
[23:53:37]  Be careful with '--eval-mode=all'. If using camera optimization, the cameras    nerfstudio_dataparser.py:216
           may diverge in the current implementation, giving unpredictable results.                                     
            Be careful with '--eval-mode=all'. If using camera optimization, the cameras    nerfstudio_dataparser.py:216
           may diverge in the current implementation, giving unpredictable results.                                     
           use color only optimization with sigmoid activation                                         splatfacto.py:266
[gpu0_w3] ratio3_sh0_dense__f1145 -> ok (107.7s)
[gpu1_w2] ratio3_sh0_dense__f1146 -> ok (107.6s)
Loading latest checkpoint from load_dir
[gpu1_w3] ratio3_sh0_dense__f1142 -> ok (109.5s)
✅ Done loading checkpoint from 
outputs/ctrl_009_043_ratio3_sh0_dense_mid200/ratio3_sh0_dense/f1147/splatfacto/2026-08-20_235152/nerfstudio_models/step-
000001999.ckpt
[gpu1_w4] ratio3_sh0_dense__f1144 -> ok (108.0s)
0 Gaussians have NaN/Inf and 1 have low opacity, only export 670/671
[gpu0_w0] ratio3_sh0_dense__f1143 -> ok (109.4s)
[gpu0_w5] ratio3_sh0_dense__f1147 -> ok (109.4s)
[23:55:31]  Be careful with '--eval-mode=all'. If using camera optimization, the cameras    nerfstudio_dataparser.py:216
           may diverge in the current implementation, giving unpredictable results.                                     
            Be careful with '--eval-mode=all'. If using camera optimization, the cameras    nerfstudio_dataparser.py:216
           may diverge in the current implementation, giving unpredictable results.                                     
[23:55:31]  Be careful with '--eval-mode=all'. If using camera optimization, the cameras    nerfstudio_dataparser.py:216
           may diverge in the current implementation, giving unpredictable results.                                     
            Be careful with '--eval-mode=all'. If using camera optimization, the cameras    nerfstudio_dataparser.py:216
           may diverge in the current implementation, giving unpredictable results.                                     
[23:55:31]  Be careful with '--eval-mode=all'. If using camera optimization, the cameras    nerfstudio_dataparser.py:216
           may diverge in the current implementation, giving unpredictable results.                                     
            Be careful with '--eval-mode=all'. If using camera optimization, the cameras    nerfstudio_dataparser.py:216
           may diverge in the current implementation, giving unpredictable results.                                     
[23:55:31]  Be careful with '--eval-mode=all'. If using camera optimization, the cameras    nerfstudio_dataparser.py:216
           may diverge in the current implementation, giving unpredictable results.                                     
[23:55:32]  Be careful with '--eval-mode=all'. If using camera optimization, the cameras    nerfstudio_dataparser.py:216
           may diverge in the current implementation, giving unpredictable results.                                     
[23:55:32] use color only optimization with sigmoid activation                                         splatfacto.py:266
[23:55:32] use color only optimization with sigmoid activation                                         splatfacto.py:266
[23:55:32] use color only optimization with sigmoid activation                                         splatfacto.py:266
           use color only optimization with sigmoid activation                                         splatfacto.py:266
[23:55:32]  Be careful with '--eval-mode=all'. If using camera optimization, the cameras    nerfstudio_dataparser.py:216
           may diverge in the current implementation, giving unpredictable results.                                     
            Be careful with '--eval-mode=all'. If using camera optimization, the cameras    nerfstudio_dataparser.py:216
           may diverge in the current implementation, giving unpredictable results.                                     
[23:55:32]  Be careful with '--eval-mode=all'. If using camera optimization, the cameras    nerfstudio_dataparser.py:216
           may diverge in the current implementation, giving unpredictable results.                                     
            Be careful with '--eval-mode=all'. If using camera optimization, the cameras    nerfstudio_dataparser.py:216
           may diverge in the current implementation, giving unpredictable results.                                     
           use color only optimization with sigmoid activation                                         splatfacto.py:266
[23:55:32]  Be careful with '--eval-mode=all'. If using camera optimization, the cameras    nerfstudio_dataparser.py:216
           may diverge in the current implementation, giving unpredictable results.                                     
            Be careful with '--eval-mode=all'. If using camera optimization, the cameras    nerfstudio_dataparser.py:216
           may diverge in the current implementation, giving unpredictable results.                                     
           use color only optimization with sigmoid activation                                         splatfacto.py:266
[23:55:32]  Be careful with '--eval-mode=all'. If using camera optimization, the cameras    nerfstudio_dataparser.py:216
           may diverge in the current implementation, giving unpredictable results.                                     
            Be careful with '--eval-mode=all'. If using camera optimization, the cameras    nerfstudio_dataparser.py:216
           may diverge in the current implementation, giving unpredictable results.                                     
           use color only optimization with sigmoid activation                                         splatfacto.py:266
Loading latest checkpoint from load_dir
✅ Done loading checkpoint from 
outputs/ctrl_009_043_ratio3_sh0_dense_mid200/ratio3_sh0_dense/f1156/splatfacto/2026-08-20_235348/nerfstudio_models/step-
000001999.ckpt
0 Gaussians have NaN/Inf and 7 have low opacity, only export 677/684
           use color only optimization with sigmoid activation                                         splatfacto.py:266
Loading latest checkpoint from load_dir
✅ Done loading checkpoint from 
outputs/ctrl_009_043_ratio3_sh0_dense_mid200/ratio3_sh0_dense/f1158/splatfacto/2026-08-20_235348/nerfstudio_models/step-
000001999.ckpt
0 Gaussians have NaN/Inf and 5 have low opacity, only export 618/623
Loading latest checkpoint from load_dir
✅ Done loading checkpoint from 
outputs/ctrl_009_043_ratio3_sh0_dense_mid200/ratio3_sh0_dense/f1150/splatfacto/2026-08-20_235347/nerfstudio_models/step-
000001999.ckpt
0 Gaussians have NaN/Inf and 4 have low opacity, only export 708/712
Loading latest checkpoint from load_dir
✅ Done loading checkpoint from 
outputs/ctrl_009_043_ratio3_sh0_dense_mid200/ratio3_sh0_dense/f1151/splatfacto/2026-08-20_235347/nerfstudio_models/step-
000001999.ckpt
[23:55:33]  Be careful with '--eval-mode=all'. If using camera optimization, the cameras    nerfstudio_dataparser.py:216
           may diverge in the current implementation, giving unpredictable results.                                     
0 Gaussians have NaN/Inf and 5 have low opacity, only export 643/648
            Be careful with '--eval-mode=all'. If using camera optimization, the cameras    nerfstudio_dataparser.py:216
           may diverge in the current implementation, giving unpredictable results.                                     
[23:55:33]  Be careful with '--eval-mode=all'. If using camera optimization, the cameras    nerfstudio_dataparser.py:216
           may diverge in the current implementation, giving unpredictable results.                                     
            Be careful with '--eval-mode=all'. If using camera optimization, the cameras    nerfstudio_dataparser.py:216
           may diverge in the current implementation, giving unpredictable results.                                     
Loading latest checkpoint from load_dir
✅ Done loading checkpoint from 
outputs/ctrl_009_043_ratio3_sh0_dense_mid200/ratio3_sh0_dense/f1157/splatfacto/2026-08-20_235348/nerfstudio_models/step-
000001999.ckpt
0 Gaussians have NaN/Inf and 8 have low opacity, only export 627/635
           use color only optimization with sigmoid activation                                         splatfacto.py:266
           use color only optimization with sigmoid activation                                         splatfacto.py:266
Loading latest checkpoint from load_dir
✅ Done loading checkpoint from 
outputs/ctrl_009_043_ratio3_sh0_dense_mid200/ratio3_sh0_dense/f1149/splatfacto/2026-08-20_235347/nerfstudio_models/step-
000001999.ckpt
0 Gaussians have NaN/Inf and 3 have low opacity, only export 709/712
Loading latest checkpoint from load_dir
✅ Done loading checkpoint from 
outputs/ctrl_009_043_ratio3_sh0_dense_mid200/ratio3_sh0_dense/f1152/splatfacto/2026-08-20_235347/nerfstudio_models/step-
000001999.ckpt
0 Gaussians have NaN/Inf and 4 have low opacity, only export 703/707
[23:55:33]  Be careful with '--eval-mode=all'. If using camera optimization, the cameras    nerfstudio_dataparser.py:216
           may diverge in the current implementation, giving unpredictable results.                                     
            Be careful with '--eval-mode=all'. If using camera optimization, the cameras    nerfstudio_dataparser.py:216
           may diverge in the current implementation, giving unpredictable results.                                     
Loading latest checkpoint from load_dir
[23:55:34]  Be careful with '--eval-mode=all'. If using camera optimization, the cameras    nerfstudio_dataparser.py:216
           may diverge in the current implementation, giving unpredictable results.                                     
✅ Done loading checkpoint from 
outputs/ctrl_009_043_ratio3_sh0_dense_mid200/ratio3_sh0_dense/f1154/splatfacto/2026-08-20_235349/nerfstudio_models/step-
000001999.ckpt
            Be careful with '--eval-mode=all'. If using camera optimization, the cameras    nerfstudio_dataparser.py:216
           may diverge in the current implementation, giving unpredictable results.                                     
0 Gaussians have NaN/Inf and 4 have low opacity, only export 727/731
[23:55:34] use color only optimization with sigmoid activation                                         splatfacto.py:266
           use color only optimization with sigmoid activation                                         splatfacto.py:266
Loading latest checkpoint from load_dir
Loading latest checkpoint from load_dir
✅ Done loading checkpoint from 
outputs/ctrl_009_043_ratio3_sh0_dense_mid200/ratio3_sh0_dense/f1153/splatfacto/2026-08-20_235348/nerfstudio_models/step-
000001999.ckpt
0 Gaussians have NaN/Inf and 5 have low opacity, only export 636/641
✅ Done loading checkpoint from 
outputs/ctrl_009_043_ratio3_sh0_dense_mid200/ratio3_sh0_dense/f1155/splatfacto/2026-08-20_235348/nerfstudio_models/step-
000001999.ckpt
0 Gaussians have NaN/Inf and 3 have low opacity, only export 646/649
Loading latest checkpoint from load_dir
✅ Done loading checkpoint from 
outputs/ctrl_009_043_ratio3_sh0_dense_mid200/ratio3_sh0_dense/f1159/splatfacto/2026-08-20_235350/nerfstudio_models/step-
000001999.ckpt
0 Gaussians have NaN/Inf and 2 have low opacity, only export 639/641
Loading latest checkpoint from load_dir
✅ Done loading checkpoint from 
outputs/ctrl_009_043_ratio3_sh0_dense_mid200/ratio3_sh0_dense/f1148/splatfacto/2026-08-20_235347/nerfstudio_models/step-
000001999.ckpt
0 Gaussians have NaN/Inf and 3 have low opacity, only export 643/646
[gpu1_w3] ratio3_sh0_dense__f1156 -> ok (107.8s)
[gpu0_w4] ratio3_sh0_dense__f1151 -> ok (109.7s)
[gpu0_w0] ratio3_sh0_dense__f1158 -> ok (107.6s)
[gpu0_w1] ratio3_sh0_dense__f1150 -> ok (109.9s)
[gpu1_w4] ratio3_sh0_dense__f1157 -> ok (108.2s)
[gpu1_w5] ratio3_sh0_dense__f1149 -> ok (110.4s)
[gpu0_w2] ratio3_sh0_dense__f1152 -> ok (109.9s)
[gpu0_w3] ratio3_sh0_dense__f1154 -> ok (108.9s)
[gpu1_w2] ratio3_sh0_dense__f1155 -> ok (109.3s)
[gpu1_w1] ratio3_sh0_dense__f1153 -> ok (110.2s)
[gpu0_w5] ratio3_sh0_dense__f1159 -> ok (107.6s)
[gpu1_w0] ratio3_sh0_dense__f1148 -> ok (111.6s)
[23:57:25]  Be careful with '--eval-mode=all'. If using camera optimization, the cameras    nerfstudio_dataparser.py:216
           may diverge in the current implementation, giving unpredictable results.                                     
            Be careful with '--eval-mode=all'. If using camera optimization, the cameras    nerfstudio_dataparser.py:216
           may diverge in the current implementation, giving unpredictable results.                                     
[23:57:26] use color only optimization with sigmoid activation                                         splatfacto.py:266
[23:57:26]  Be careful with '--eval-mode=all'. If using camera optimization, the cameras    nerfstudio_dataparser.py:216
           may diverge in the current implementation, giving unpredictable results.                                     
            Be careful with '--eval-mode=all'. If using camera optimization, the cameras    nerfstudio_dataparser.py:216
           may diverge in the current implementation, giving unpredictable results.                                     
           use color only optimization with sigmoid activation                                         splatfacto.py:266
Loading latest checkpoint from load_dir
✅ Done loading checkpoint from 
outputs/ctrl_009_043_ratio3_sh0_dense_mid200/ratio3_sh0_dense/f1160/splatfacto/2026-08-20_235542/nerfstudio_models/step-
000001999.ckpt
0 Gaussians have NaN/Inf and 5 have low opacity, only export 644/649
Loading latest checkpoint from load_dir
✅ Done loading checkpoint from 
outputs/ctrl_009_043_ratio3_sh0_dense_mid200/ratio3_sh0_dense/f1163/splatfacto/2026-08-20_235542/nerfstudio_models/step-
000001999.ckpt
0 Gaussians have NaN/Inf and 4 have low opacity, only export 711/715
[23:57:27]  Be careful with '--eval-mode=all'. If using camera optimization, the cameras    nerfstudio_dataparser.py:216
           may diverge in the current implementation, giving unpredictable results.                                     
            Be careful with '--eval-mode=all'. If using camera optimization, the cameras    nerfstudio_dataparser.py:216
           may diverge in the current implementation, giving unpredictable results.                                     
[23:57:27]  Be careful with '--eval-mode=all'. If using camera optimization, the cameras    nerfstudio_dataparser.py:216
           may diverge in the current implementation, giving unpredictable results.                                     
            Be careful with '--eval-mode=all'. If using camera optimization, the cameras    nerfstudio_dataparser.py:216
           may diverge in the current implementation, giving unpredictable results.                                     
           use color only optimization with sigmoid activation                                         splatfacto.py:266
[23:57:28] use color only optimization with sigmoid activation                                         splatfacto.py:266
[23:57:28]  Be careful with '--eval-mode=all'. If using camera optimization, the cameras    nerfstudio_dataparser.py:216
           may diverge in the current implementation, giving unpredictable results.                                     
            Be careful with '--eval-mode=all'. If using camera optimization, the cameras    nerfstudio_dataparser.py:216
           may diverge in the current implementation, giving unpredictable results.                                     
Loading latest checkpoint from load_dir
✅ Done loading checkpoint from 
outputs/ctrl_009_043_ratio3_sh0_dense_mid200/ratio3_sh0_dense/f1166/splatfacto/2026-08-20_235544/nerfstudio_models/step-
000001999.ckpt
           use color only optimization with sigmoid activation                                         splatfacto.py:266
0 Gaussians have NaN/Inf and 12 have low opacity, only export 680/692
[23:57:28]  Be careful with '--eval-mode=all'. If using camera optimization, the cameras    nerfstudio_dataparser.py:216
           may diverge in the current implementation, giving unpredictable results.                                     
            Be careful with '--eval-mode=all'. If using camera optimization, the cameras    nerfstudio_dataparser.py:216
           may diverge in the current implementation, giving unpredictable results.                                     
[23:57:28]  Be careful with '--eval-mode=all'. If using camera optimization, the cameras    nerfstudio_dataparser.py:216
           may diverge in the current implementation, giving unpredictable results.                                     
            Be careful with '--eval-mode=all'. If using camera optimization, the cameras    nerfstudio_dataparser.py:216
           may diverge in the current implementation, giving unpredictable results.                                     
Loading latest checkpoint from load_dir
✅ Done loading checkpoint from 
outputs/ctrl_009_043_ratio3_sh0_dense_mid200/ratio3_sh0_dense/f1164/splatfacto/2026-08-20_235544/nerfstudio_models/step-
000001999.ckpt
0 Gaussians have NaN/Inf and 9 have low opacity, only export 622/631
[23:57:29] use color only optimization with sigmoid activation                                         splatfacto.py:266
[23:57:29] use color only optimization with sigmoid activation                                         splatfacto.py:266
[23:57:29]  Be careful with '--eval-mode=all'. If using camera optimization, the cameras    nerfstudio_dataparser.py:216
           may diverge in the current implementation, giving unpredictable results.                                     
            Be careful with '--eval-mode=all'. If using camera optimization, the cameras    nerfstudio_dataparser.py:216
           may diverge in the current implementation, giving unpredictable results.                                     
[gpu1_w3] ratio3_sh0_dense__f1160 -> ok (106.7s)
           use color only optimization with sigmoid activation                                         splatfacto.py:266
[23:57:29]  Be careful with '--eval-mode=all'. If using camera optimization, the cameras    nerfstudio_dataparser.py:216
           may diverge in the current implementation, giving unpredictable results.                                     
[gpu0_w1] ratio3_sh0_dense__f1163 -> ok (106.8s)
[23:57:29]  Be careful with '--eval-mode=all'. If using camera optimization, the cameras    nerfstudio_dataparser.py:216
           may diverge in the current implementation, giving unpredictable results.                                     
            Be careful with '--eval-mode=all'. If using camera optimization, the cameras    nerfstudio_dataparser.py:216
           may diverge in the current implementation, giving unpredictable results.                                     
            Be careful with '--eval-mode=all'. If using camera optimization, the cameras    nerfstudio_dataparser.py:216
           may diverge in the current implementation, giving unpredictable results.                                     
[23:57:29]  Be careful with '--eval-mode=all'. If using camera optimization, the cameras    nerfstudio_dataparser.py:216
           may diverge in the current implementation, giving unpredictable results.                                     
            Be careful with '--eval-mode=all'. If using camera optimization, the cameras    nerfstudio_dataparser.py:216
           may diverge in the current implementation, giving unpredictable results.                                     
Loading latest checkpoint from load_dir
✅ Done loading checkpoint from 
outputs/ctrl_009_043_ratio3_sh0_dense_mid200/ratio3_sh0_dense/f1167/splatfacto/2026-08-20_235544/nerfstudio_models/step-
000001999.ckpt
0 Gaussians have NaN/Inf and 13 have low opacity, only export 731/744
           use color only optimization with sigmoid activation                                         splatfacto.py:266
           use color only optimization with sigmoid activation                                         splatfacto.py:266
           use color only optimization with sigmoid activation                                         splatfacto.py:266
Loading latest checkpoint from load_dir
✅ Done loading checkpoint from 
outputs/ctrl_009_043_ratio3_sh0_dense_mid200/ratio3_sh0_dense/f1162/splatfacto/2026-08-20_235544/nerfstudio_models/step-
000001999.ckpt
0 Gaussians have NaN/Inf and 13 have low opacity, only export 642/655
[23:57:29]  Be careful with '--eval-mode=all'. If using camera optimization, the cameras    nerfstudio_dataparser.py:216
           may diverge in the current implementation, giving unpredictable results.                                     
            Be careful with '--eval-mode=all'. If using camera optimization, the cameras    nerfstudio_dataparser.py:216
           may diverge in the current implementation, giving unpredictable results.                                     
Loading latest checkpoint from load_dir
✅ Done loading checkpoint from 
outputs/ctrl_009_043_ratio3_sh0_dense_mid200/ratio3_sh0_dense/f1165/splatfacto/2026-08-20_235544/nerfstudio_models/step-
000001999.ckpt
0 Gaussians have NaN/Inf and 4 have low opacity, only export 642/646
[23:57:30] use color only optimization with sigmoid activation                                         splatfacto.py:266
Loading latest checkpoint from load_dir
✅ Done loading checkpoint from 
outputs/ctrl_009_043_ratio3_sh0_dense_mid200/ratio3_sh0_dense/f1171/splatfacto/2026-08-20_235544/nerfstudio_models/step-
000001999.ckpt
0 Gaussians have NaN/Inf and 4 have low opacity, only export 765/769
Loading latest checkpoint from load_dir
✅ Done loading checkpoint from 
outputs/ctrl_009_043_ratio3_sh0_dense_mid200/ratio3_sh0_dense/f1161/splatfacto/2026-08-20_235544/nerfstudio_models/step-
000001999.ckpt
0 Gaussians have NaN/Inf and 5 have low opacity, only export 667/672
Loading latest checkpoint from load_dir
Loading latest checkpoint from load_dir
[gpu0_w2] ratio3_sh0_dense__f1166 -> ok (107.6s)
✅ Done loading checkpoint from 
outputs/ctrl_009_043_ratio3_sh0_dense_mid200/ratio3_sh0_dense/f1169/splatfacto/2026-08-20_235545/nerfstudio_models/step-
000001999.ckpt
✅ Done loading checkpoint from 
outputs/ctrl_009_043_ratio3_sh0_dense_mid200/ratio3_sh0_dense/f1170/splatfacto/2026-08-20_235544/nerfstudio_models/step-
000001999.ckpt
0 Gaussians have NaN/Inf and 7 have low opacity, only export 761/768
0 Gaussians have NaN/Inf and 5 have low opacity, only export 753/758
[gpu1_w4] ratio3_sh0_dense__f1164 -> ok (107.9s)
Loading latest checkpoint from load_dir
✅ Done loading checkpoint from 
outputs/ctrl_009_043_ratio3_sh0_dense_mid200/ratio3_sh0_dense/f1168/splatfacto/2026-08-20_235544/nerfstudio_models/step-
000001999.ckpt
0 Gaussians have NaN/Inf and 7 have low opacity, only export 726/733
[gpu0_w0] ratio3_sh0_dense__f1162 -> ok (109.1s)
[gpu0_w3] ratio3_sh0_dense__f1167 -> ok (108.4s)
[gpu1_w5] ratio3_sh0_dense__f1165 -> ok (108.8s)
[gpu1_w0] ratio3_sh0_dense__f1171 -> ok (107.9s)
[gpu0_w4] ratio3_sh0_dense__f1161 -> ok (109.9s)
[gpu1_w1] ratio3_sh0_dense__f1169 -> ok (108.8s)
[gpu0_w5] ratio3_sh0_dense__f1170 -> ok (108.6s)
[gpu1_w2] ratio3_sh0_dense__f1168 -> ok (109.0s)
[23:59:20]  Be careful with '--eval-mode=all'. If using camera optimization, the cameras    nerfstudio_dataparser.py:216
           may diverge in the current implementation, giving unpredictable results.                                     
            Be careful with '--eval-mode=all'. If using camera optimization, the cameras    nerfstudio_dataparser.py:216
           may diverge in the current implementation, giving unpredictable results.                                     
           use color only optimization with sigmoid activation                                         splatfacto.py:266
Loading latest checkpoint from load_dir
✅ Done loading checkpoint from 
outputs/ctrl_009_043_ratio3_sh0_dense_mid200/ratio3_sh0_dense/f1172/splatfacto/2026-08-20_235737/nerfstudio_models/step-
000001999.ckpt
0 Gaussians have NaN/Inf and 1 have low opacity, only export 826/827
[23:59:22]  Be careful with '--eval-mode=all'. If using camera optimization, the cameras    nerfstudio_dataparser.py:216
           may diverge in the current implementation, giving unpredictable results.                                     
            Be careful with '--eval-mode=all'. If using camera optimization, the cameras    nerfstudio_dataparser.py:216
           may diverge in the current implementation, giving unpredictable results.                                     
[23:59:22]  Be careful with '--eval-mode=all'. If using camera optimization, the cameras    nerfstudio_dataparser.py:216
           may diverge in the current implementation, giving unpredictable results.                                     
            Be careful with '--eval-mode=all'. If using camera optimization, the cameras    nerfstudio_dataparser.py:216
           may diverge in the current implementation, giving unpredictable results.                                     
           use color only optimization with sigmoid activation                                         splatfacto.py:266
           use color only optimization with sigmoid activation                                         splatfacto.py:266
[23:59:23]  Be careful with '--eval-mode=all'. If using camera optimization, the cameras    nerfstudio_dataparser.py:216
           may diverge in the current implementation, giving unpredictable results.                                     
            Be careful with '--eval-mode=all'. If using camera optimization, the cameras    nerfstudio_dataparser.py:216
           may diverge in the current implementation, giving unpredictable results.                                     
[23:59:23]  Be careful with '--eval-mode=all'. If using camera optimization, the cameras    nerfstudio_dataparser.py:216
           may diverge in the current implementation, giving unpredictable results.                                     
            Be careful with '--eval-mode=all'. If using camera optimization, the cameras    nerfstudio_dataparser.py:216
           may diverge in the current implementation, giving unpredictable results.                                     
[gpu1_w3] ratio3_sh0_dense__f1172 -> ok (107.1s)
           use color only optimization with sigmoid activation                                         splatfacto.py:266
           use color only optimization with sigmoid activation                                         splatfacto.py:266
Loading latest checkpoint from load_dir
✅ Done loading checkpoint from 
outputs/ctrl_009_043_ratio3_sh0_dense_mid200/ratio3_sh0_dense/f1177/splatfacto/2026-08-20_235738/nerfstudio_models/step-
000001999.ckpt
0 Gaussians have NaN/Inf and 7 have low opacity, only export 637/644
[23:59:23]  Be careful with '--eval-mode=all'. If using camera optimization, the cameras    nerfstudio_dataparser.py:216
           may diverge in the current implementation, giving unpredictable results.                                     
            Be careful with '--eval-mode=all'. If using camera optimization, the cameras    nerfstudio_dataparser.py:216
           may diverge in the current implementation, giving unpredictable results.                                     
[23:59:23]  Be careful with '--eval-mode=all'. If using camera optimization, the cameras    nerfstudio_dataparser.py:216
           may diverge in the current implementation, giving unpredictable results.                                     
            Be careful with '--eval-mode=all'. If using camera optimization, the cameras    nerfstudio_dataparser.py:216
           may diverge in the current implementation, giving unpredictable results.                                     
           use color only optimization with sigmoid activation                                         splatfacto.py:266
Loading latest checkpoint from load_dir
✅ Done loading checkpoint from 
outputs/ctrl_009_043_ratio3_sh0_dense_mid200/ratio3_sh0_dense/f1175/splatfacto/2026-08-20_235739/nerfstudio_models/step-
000001999.ckpt
0 Gaussians have NaN/Inf and 4 have low opacity, only export 790/794
           use color only optimization with sigmoid activation                                         splatfacto.py:266
Loading latest checkpoint from load_dir
✅ Done loading checkpoint from 
outputs/ctrl_009_043_ratio3_sh0_dense_mid200/ratio3_sh0_dense/f1176/splatfacto/2026-08-20_235739/nerfstudio_models/step-
000001999.ckpt
Loading latest checkpoint from load_dir
0 Gaussians have NaN/Inf and 3 have low opacity, only export 716/719
✅ Done loading checkpoint from 
outputs/ctrl_009_043_ratio3_sh0_dense_mid200/ratio3_sh0_dense/f1180/splatfacto/2026-08-20_235739/nerfstudio_models/step-
000001999.ckpt
0 Gaussians have NaN/Inf and 7 have low opacity, only export 588/595
[23:59:24]  Be careful with '--eval-mode=all'. If using camera optimization, the cameras    nerfstudio_dataparser.py:216
           may diverge in the current implementation, giving unpredictable results.                                     
            Be careful with '--eval-mode=all'. If using camera optimization, the cameras    nerfstudio_dataparser.py:216
           may diverge in the current implementation, giving unpredictable results.                                     
Loading latest checkpoint from load_dir
Loading latest checkpoint from load_dir
✅ Done loading checkpoint from 
outputs/ctrl_009_043_ratio3_sh0_dense_mid200/ratio3_sh0_dense/f1173/splatfacto/2026-08-20_235738/nerfstudio_models/step-
000001999.ckpt
           use color only optimization with sigmoid activation                                         splatfacto.py:266
✅ Done loading checkpoint from 
outputs/ctrl_009_043_ratio3_sh0_dense_mid200/ratio3_sh0_dense/f1178/splatfacto/2026-08-20_235739/nerfstudio_models/step-
000001999.ckpt
0 Gaussians have NaN/Inf and 2 have low opacity, only export 876/878
0 Gaussians have NaN/Inf and 5 have low opacity, only export 633/638
[23:59:24]  Be careful with '--eval-mode=all'. If using camera optimization, the cameras    nerfstudio_dataparser.py:216
           may diverge in the current implementation, giving unpredictable results.                                     
            Be careful with '--eval-mode=all'. If using camera optimization, the cameras    nerfstudio_dataparser.py:216
           may diverge in the current implementation, giving unpredictable results.                                     
[23:59:24]  Be careful with '--eval-mode=all'. If using camera optimization, the cameras    nerfstudio_dataparser.py:216
           may diverge in the current implementation, giving unpredictable results.                                     
            Be careful with '--eval-mode=all'. If using camera optimization, the cameras    nerfstudio_dataparser.py:216
           may diverge in the current implementation, giving unpredictable results.                                     
[23:59:25] use color only optimization with sigmoid activation                                         splatfacto.py:266
[23:59:25] use color only optimization with sigmoid activation                                         splatfacto.py:266
[gpu0_w3] ratio3_sh0_dense__f1177 -> ok (106.8s)
[23:59:25]  Be careful with '--eval-mode=all'. If using camera optimization, the cameras    nerfstudio_dataparser.py:216
           may diverge in the current implementation, giving unpredictable results.                                     
            Be careful with '--eval-mode=all'. If using camera optimization, the cameras    nerfstudio_dataparser.py:216
           may diverge in the current implementation, giving unpredictable results.                                     
Loading latest checkpoint from load_dir
✅ Done loading checkpoint from 
outputs/ctrl_009_043_ratio3_sh0_dense_mid200/ratio3_sh0_dense/f1174/splatfacto/2026-08-20_235739/nerfstudio_models/step-
000001999.ckpt
0 Gaussians have NaN/Inf and 3 have low opacity, only export 1040/1043
           use color only optimization with sigmoid activation                                         splatfacto.py:266
[gpu1_w4] ratio3_sh0_dense__f1175 -> ok (108.1s)
Loading latest checkpoint from load_dir
✅ Done loading checkpoint from 
outputs/ctrl_009_043_ratio3_sh0_dense_mid200/ratio3_sh0_dense/f1179/splatfacto/2026-08-20_235740/nerfstudio_models/step-
000001999.ckpt
0 Gaussians have NaN/Inf and 5 have low opacity, only export 637/642
Loading latest checkpoint from load_dir
✅ Done loading checkpoint from 
outputs/ctrl_009_043_ratio3_sh0_dense_mid200/ratio3_sh0_dense/f1182/splatfacto/2026-08-20_235740/nerfstudio_models/step-
000001999.ckpt
0 Gaussians have NaN/Inf and 13 have low opacity, only export 572/585
[23:59:26]  Be careful with '--eval-mode=all'. If using camera optimization, the cameras    nerfstudio_dataparser.py:216
           may diverge in the current implementation, giving unpredictable results.                                     
            Be careful with '--eval-mode=all'. If using camera optimization, the cameras    nerfstudio_dataparser.py:216
           may diverge in the current implementation, giving unpredictable results.                                     
[gpu0_w0] ratio3_sh0_dense__f1176 -> ok (107.6s)
[gpu0_w4] ratio3_sh0_dense__f1180 -> ok (106.9s)
           use color only optimization with sigmoid activation                                         splatfacto.py:266
Loading latest checkpoint from load_dir
✅ Done loading checkpoint from 
outputs/ctrl_009_043_ratio3_sh0_dense_mid200/ratio3_sh0_dense/f1183/splatfacto/2026-08-20_235740/nerfstudio_models/step-
000001999.ckpt
0 Gaussians have NaN/Inf and 6 have low opacity, only export 748/754
[gpu0_w1] ratio3_sh0_dense__f1173 -> ok (110.4s)
[gpu1_w5] ratio3_sh0_dense__f1178 -> ok (108.0s)
Loading latest checkpoint from load_dir
✅ Done loading checkpoint from 
outputs/ctrl_009_043_ratio3_sh0_dense_mid200/ratio3_sh0_dense/f1181/splatfacto/2026-08-20_235740/nerfstudio_models/step-
000001999.ckpt
0 Gaussians have NaN/Inf and 5 have low opacity, only export 591/596
[gpu0_w2] ratio3_sh0_dense__f1174 -> ok (110.1s)
[gpu1_w0] ratio3_sh0_dense__f1179 -> ok (108.9s)
[gpu0_w5] ratio3_sh0_dense__f1182 -> ok (108.4s)
[gpu1_w2] ratio3_sh0_dense__f1183 -> ok (108.9s)
[gpu1_w1] ratio3_sh0_dense__f1181 -> ok (109.7s)
[00:01:13]  Be careful with '--eval-mode=all'. If using camera optimization, the cameras    nerfstudio_dataparser.py:216
           may diverge in the current implementation, giving unpredictable results.                                     
            Be careful with '--eval-mode=all'. If using camera optimization, the cameras    nerfstudio_dataparser.py:216
           may diverge in the current implementation, giving unpredictable results.                                     
           use color only optimization with sigmoid activation                                         splatfacto.py:266
Loading latest checkpoint from load_dir
✅ Done loading checkpoint from 
outputs/ctrl_009_043_ratio3_sh0_dense_mid200/ratio3_sh0_dense/f1184/splatfacto/2026-08-20_235935/nerfstudio_models/step-
000001999.ckpt
0 Gaussians have NaN/Inf and 4 have low opacity, only export 641/645
[gpu1_w3] ratio3_sh0_dense__f1184 -> ok (106.4s)
[00:01:19]  Be careful with '--eval-mode=all'. If using camera optimization, the cameras    nerfstudio_dataparser.py:216
           may diverge in the current implementation, giving unpredictable results.                                     
            Be careful with '--eval-mode=all'. If using camera optimization, the cameras    nerfstudio_dataparser.py:216
           may diverge in the current implementation, giving unpredictable results.                                     
           use color only optimization with sigmoid activation                                         splatfacto.py:266
[00:01:20]  Be careful with '--eval-mode=all'. If using camera optimization, the cameras    nerfstudio_dataparser.py:216
           may diverge in the current implementation, giving unpredictable results.                                     
            Be careful with '--eval-mode=all'. If using camera optimization, the cameras    nerfstudio_dataparser.py:216
           may diverge in the current implementation, giving unpredictable results.                                     
[00:01:20]  Be careful with '--eval-mode=all'. If using camera optimization, the cameras    nerfstudio_dataparser.py:216
           may diverge in the current implementation, giving unpredictable results.                                     
            Be careful with '--eval-mode=all'. If using camera optimization, the cameras    nerfstudio_dataparser.py:216
           may diverge in the current implementation, giving unpredictable results.                                     
           use color only optimization with sigmoid activation                                         splatfacto.py:266
[00:01:20]  Be careful with '--eval-mode=all'. If using camera optimization, the cameras    nerfstudio_dataparser.py:216
           may diverge in the current implementation, giving unpredictable results.                                     
            Be careful with '--eval-mode=all'. If using camera optimization, the cameras    nerfstudio_dataparser.py:216
           may diverge in the current implementation, giving unpredictable results.                                     
Loading latest checkpoint from load_dir
✅ Done loading checkpoint from 
outputs/ctrl_009_043_ratio3_sh0_dense_mid200/ratio3_sh0_dense/f1185/splatfacto/2026-08-20_235936/nerfstudio_models/step-
000001999.ckpt
0 Gaussians have NaN/Inf and 5 have low opacity, only export 775/780
           use color only optimization with sigmoid activation                                         splatfacto.py:266
           use color only optimization with sigmoid activation                                         splatfacto.py:266
[00:01:20]  Be careful with '--eval-mode=all'. If using camera optimization, the cameras    nerfstudio_dataparser.py:216
           may diverge in the current implementation, giving unpredictable results.                                     
            Be careful with '--eval-mode=all'. If using camera optimization, the cameras    nerfstudio_dataparser.py:216
           may diverge in the current implementation, giving unpredictable results.                                     
[00:01:21]  Be careful with '--eval-mode=all'. If using camera optimization, the cameras    nerfstudio_dataparser.py:216
           may diverge in the current implementation, giving unpredictable results.                                     
            Be careful with '--eval-mode=all'. If using camera optimization, the cameras    nerfstudio_dataparser.py:216
           may diverge in the current implementation, giving unpredictable results.                                     
[00:01:21] use color only optimization with sigmoid activation                                         splatfacto.py:266
Loading latest checkpoint from load_dir
✅ Done loading checkpoint from 
outputs/ctrl_009_043_ratio3_sh0_dense_mid200/ratio3_sh0_dense/f1187/splatfacto/2026-08-20_235936/nerfstudio_models/step-
000001999.ckpt
0 Gaussians have NaN/Inf and 1 have low opacity, only export 927/928
[00:01:21]  Be careful with '--eval-mode=all'. If using camera optimization, the cameras    nerfstudio_dataparser.py:216
           may diverge in the current implementation, giving unpredictable results.                                     
            Be careful with '--eval-mode=all'. If using camera optimization, the cameras    nerfstudio_dataparser.py:216
           may diverge in the current implementation, giving unpredictable results.                                     
           use color only optimization with sigmoid activation                                         splatfacto.py:266
[00:01:21]  Be careful with '--eval-mode=all'. If using camera optimization, the cameras    nerfstudio_dataparser.py:216
           may diverge in the current implementation, giving unpredictable results.                                     
            Be careful with '--eval-mode=all'. If using camera optimization, the cameras    nerfstudio_dataparser.py:216
           may diverge in the current implementation, giving unpredictable results.                                     
[00:01:21]  Be careful with '--eval-mode=all'. If using camera optimization, the cameras    nerfstudio_dataparser.py:216
           may diverge in the current implementation, giving unpredictable results.                                     
            Be careful with '--eval-mode=all'. If using camera optimization, the cameras    nerfstudio_dataparser.py:216
           may diverge in the current implementation, giving unpredictable results.                                     
[00:01:21]  Be careful with '--eval-mode=all'. If using camera optimization, the cameras    nerfstudio_dataparser.py:216
           may diverge in the current implementation, giving unpredictable results.                                     
            Be careful with '--eval-mode=all'. If using camera optimization, the cameras    nerfstudio_dataparser.py:216
           may diverge in the current implementation, giving unpredictable results.                                     
Loading latest checkpoint from load_dir
✅ Done loading checkpoint from 
outputs/ctrl_009_043_ratio3_sh0_dense_mid200/ratio3_sh0_dense/f1189/splatfacto/2026-08-20_235937/nerfstudio_models/step-
000001999.ckpt
0 Gaussians have NaN/Inf and 3 have low opacity, only export 876/879
Loading latest checkpoint from load_dir
           use color only optimization with sigmoid activation                                         splatfacto.py:266
✅ Done loading checkpoint from 
outputs/ctrl_009_043_ratio3_sh0_dense_mid200/ratio3_sh0_dense/f1186/splatfacto/2026-08-20_235937/nerfstudio_models/step-
000001999.ckpt
0 Gaussians have NaN/Inf and 2 have low opacity, only export 672/674
           use color only optimization with sigmoid activation                                         splatfacto.py:266
           use color only optimization with sigmoid activation                                         splatfacto.py:266
           use color only optimization with sigmoid activation                                         splatfacto.py:266
Loading latest checkpoint from load_dir
Loading latest checkpoint from load_dir
✅ Done loading checkpoint from 
outputs/ctrl_009_043_ratio3_sh0_dense_mid200/ratio3_sh0_dense/f1194/splatfacto/2026-08-20_235938/nerfstudio_models/step-
000001999.ckpt
✅ Done loading checkpoint from 
outputs/ctrl_009_043_ratio3_sh0_dense_mid200/ratio3_sh0_dense/f1193/splatfacto/2026-08-20_235937/nerfstudio_models/step-
000001999.ckpt
0 Gaussians have NaN/Inf and 1 have low opacity, only export 796/797
0 Gaussians have NaN/Inf and 4 have low opacity, only export 583/587
[gpu0_w3] ratio3_sh0_dense__f1185 -> ok (107.7s)
Loading latest checkpoint from load_dir
Loading latest checkpoint from load_dir
✅ Done loading checkpoint from 
outputs/ctrl_009_043_ratio3_sh0_dense_mid200/ratio3_sh0_dense/f1188/splatfacto/2026-08-20_235937/nerfstudio_models/step-
000001999.ckpt
✅ Done loading checkpoint from 
outputs/ctrl_009_043_ratio3_sh0_dense_mid200/ratio3_sh0_dense/f1191/splatfacto/2026-08-20_235938/nerfstudio_models/step-
000001999.ckpt
0 Gaussians have NaN/Inf and 3 have low opacity, only export 841/844
0 Gaussians have NaN/Inf and 12 have low opacity, only export 667/679
Loading latest checkpoint from load_dir
[00:01:22]  Be careful with '--eval-mode=all'. If using camera optimization, the cameras    nerfstudio_dataparser.py:216
           may diverge in the current implementation, giving unpredictable results.                                     
✅ Done loading checkpoint from 
outputs/ctrl_009_043_ratio3_sh0_dense_mid200/ratio3_sh0_dense/f1190/splatfacto/2026-08-20_235937/nerfstudio_models/step-
000001999.ckpt
            Be careful with '--eval-mode=all'. If using camera optimization, the cameras    nerfstudio_dataparser.py:216
           may diverge in the current implementation, giving unpredictable results.                                     
0 Gaussians have NaN/Inf and 10 have low opacity, only export 706/716
Loading latest checkpoint from load_dir
✅ Done loading checkpoint from 
outputs/ctrl_009_043_ratio3_sh0_dense_mid200/ratio3_sh0_dense/f1192/splatfacto/2026-08-20_235938/nerfstudio_models/step-
000001999.ckpt
0 Gaussians have NaN/Inf and 7 have low opacity, only export 641/648
           use color only optimization with sigmoid activation                                         splatfacto.py:266
[gpu0_w0] ratio3_sh0_dense__f1187 -> ok (107.8s)
Loading latest checkpoint from load_dir
✅ Done loading checkpoint from 
outputs/ctrl_009_043_ratio3_sh0_dense_mid200/ratio3_sh0_dense/f1195/splatfacto/2026-08-20_235939/nerfstudio_models/step-
000001999.ckpt
0 Gaussians have NaN/Inf and 4 have low opacity, only export 744/748
[gpu0_w1] ratio3_sh0_dense__f1189 -> ok (108.1s)
[gpu1_w4] ratio3_sh0_dense__f1186 -> ok (109.0s)
[gpu1_w2] ratio3_sh0_dense__f1194 -> ok (106.5s)
[gpu0_w5] ratio3_sh0_dense__f1193 -> ok (107.2s)
[gpu0_w2] ratio3_sh0_dense__f1191 -> ok (107.6s)
[gpu1_w0] ratio3_sh0_dense__f1192 -> ok (107.5s)
[gpu0_w4] ratio3_sh0_dense__f1188 -> ok (109.0s)
[gpu1_w5] ratio3_sh0_dense__f1190 -> ok (108.7s)
[gpu1_w1] ratio3_sh0_dense__f1195 -> ok (107.2s)
[00:03:12]  Be careful with '--eval-mode=all'. If using camera optimization, the cameras    nerfstudio_dataparser.py:216
           may diverge in the current implementation, giving unpredictable results.                                     
            Be careful with '--eval-mode=all'. If using camera optimization, the cameras    nerfstudio_dataparser.py:216
           may diverge in the current implementation, giving unpredictable results.                                     
[00:03:13] use color only optimization with sigmoid activation                                         splatfacto.py:266
[00:03:13]  Be careful with '--eval-mode=all'. If using camera optimization, the cameras    nerfstudio_dataparser.py:216
           may diverge in the current implementation, giving unpredictable results.                                     
            Be careful with '--eval-mode=all'. If using camera optimization, the cameras    nerfstudio_dataparser.py:216
           may diverge in the current implementation, giving unpredictable results.                                     
           use color only optimization with sigmoid activation                                         splatfacto.py:266
Loading latest checkpoint from load_dir
✅ Done loading checkpoint from 
outputs/ctrl_009_043_ratio3_sh0_dense_mid200/ratio3_sh0_dense/f1196/splatfacto/2026-08-21_000128/nerfstudio_models/step-
000001999.ckpt
0 Gaussians have NaN/Inf and 6 have low opacity, only export 786/792
Loading latest checkpoint from load_dir
✅ Done loading checkpoint from 
outputs/ctrl_009_043_ratio3_sh0_dense_mid200/ratio3_sh0_dense/f1197/splatfacto/2026-08-21_000130/nerfstudio_models/step-
000001999.ckpt
0 Gaussians have NaN/Inf and 3 have low opacity, only export 898/901
[gpu1_w3] ratio3_sh0_dense__f1196 -> ok (110.3s)
[gpu0_w3] ratio3_sh0_dense__f1197 -> ok (107.2s)
[00:03:16]  Be careful with '--eval-mode=all'. If using camera optimization, the cameras    nerfstudio_dataparser.py:216
           may diverge in the current implementation, giving unpredictable results.                                     
            Be careful with '--eval-mode=all'. If using camera optimization, the cameras    nerfstudio_dataparser.py:216
           may diverge in the current implementation, giving unpredictable results.                                     
           use color only optimization with sigmoid activation                                         splatfacto.py:266
[00:03:16]  Be careful with '--eval-mode=all'. If using camera optimization, the cameras    nerfstudio_dataparser.py:216
           may diverge in the current implementation, giving unpredictable results.                                     
[00:03:16]  Be careful with '--eval-mode=all'. If using camera optimization, the cameras    nerfstudio_dataparser.py:216
           may diverge in the current implementation, giving unpredictable results.                                     
            Be careful with '--eval-mode=all'. If using camera optimization, the cameras    nerfstudio_dataparser.py:216
           may diverge in the current implementation, giving unpredictable results.                                     
            Be careful with '--eval-mode=all'. If using camera optimization, the cameras    nerfstudio_dataparser.py:216
           may diverge in the current implementation, giving unpredictable results.                                     
[00:03:16]  Be careful with '--eval-mode=all'. If using camera optimization, the cameras    nerfstudio_dataparser.py:216
           may diverge in the current implementation, giving unpredictable results.                                     
            Be careful with '--eval-mode=all'. If using camera optimization, the cameras    nerfstudio_dataparser.py:216
           may diverge in the current implementation, giving unpredictable results.                                     
           use color only optimization with sigmoid activation                                         splatfacto.py:266
           use color only optimization with sigmoid activation                                         splatfacto.py:266
[00:03:17] use color only optimization with sigmoid activation                                         splatfacto.py:266
[00:03:17]  Be careful with '--eval-mode=all'. If using camera optimization, the cameras    nerfstudio_dataparser.py:216
           may diverge in the current implementation, giving unpredictable results.                                     
            Be careful with '--eval-mode=all'. If using camera optimization, the cameras    nerfstudio_dataparser.py:216
           may diverge in the current implementation, giving unpredictable results.                                     
           use color only optimization with sigmoid activation                                         splatfacto.py:266
Loading latest checkpoint from load_dir
✅ Done loading checkpoint from 
outputs/ctrl_009_043_ratio3_sh0_dense_mid200/ratio3_sh0_dense/f1200/splatfacto/2026-08-21_000131/nerfstudio_models/step-
000001999.ckpt
[00:03:17]  Be careful with '--eval-mode=all'. If using camera optimization, the cameras    nerfstudio_dataparser.py:216
           may diverge in the current implementation, giving unpredictable results.                                     
0 Gaussians have NaN/Inf and 5 have low opacity, only export 830/835
            Be careful with '--eval-mode=all'. If using camera optimization, the cameras    nerfstudio_dataparser.py:216
           may diverge in the current implementation, giving unpredictable results.                                     
[00:03:17]  Be careful with '--eval-mode=all'. If using camera optimization, the cameras    nerfstudio_dataparser.py:216
           may diverge in the current implementation, giving unpredictable results.                                     
            Be careful with '--eval-mode=all'. If using camera optimization, the cameras    nerfstudio_dataparser.py:216
           may diverge in the current implementation, giving unpredictable results.                                     
[00:03:17]  Be careful with '--eval-mode=all'. If using camera optimization, the cameras    nerfstudio_dataparser.py:216
           may diverge in the current implementation, giving unpredictable results.                                     
            Be careful with '--eval-mode=all'. If using camera optimization, the cameras    nerfstudio_dataparser.py:216
           may diverge in the current implementation, giving unpredictable results.                                     
[00:03:17]  Be careful with '--eval-mode=all'. If using camera optimization, the cameras    nerfstudio_dataparser.py:216
           may diverge in the current implementation, giving unpredictable results.                                     
Loading latest checkpoint from load_dir
            Be careful with '--eval-mode=all'. If using camera optimization, the cameras    nerfstudio_dataparser.py:216
           may diverge in the current implementation, giving unpredictable results.                                     
Loading latest checkpoint from load_dir
✅ Done loading checkpoint from 
outputs/ctrl_009_043_ratio3_sh0_dense_mid200/ratio3_sh0_dense/f1204/splatfacto/2026-08-21_000133/nerfstudio_models/step-
000001999.ckpt
           use color only optimization with sigmoid activation                                         splatfacto.py:266
0 Gaussians have NaN/Inf and 7 have low opacity, only export 905/912
✅ Done loading checkpoint from 
outputs/ctrl_009_043_ratio3_sh0_dense_mid200/ratio3_sh0_dense/f1202/splatfacto/2026-08-21_000132/nerfstudio_models/step-
000001999.ckpt
           use color only optimization with sigmoid activation                                         splatfacto.py:266
0 Gaussians have NaN/Inf and 1 have low opacity, only export 862/863
           use color only optimization with sigmoid activation                                         splatfacto.py:266
Loading latest checkpoint from load_dir
✅ Done loading checkpoint from 
outputs/ctrl_009_043_ratio3_sh0_dense_mid200/ratio3_sh0_dense/f1199/splatfacto/2026-08-21_000131/nerfstudio_models/step-
000001999.ckpt
0 Gaussians have NaN/Inf and 2 have low opacity, only export 899/901
           use color only optimization with sigmoid activation                                         splatfacto.py:266
[00:03:18]  Be careful with '--eval-mode=all'. If using camera optimization, the cameras    nerfstudio_dataparser.py:216
           may diverge in the current implementation, giving unpredictable results.                                     
            Be careful with '--eval-mode=all'. If using camera optimization, the cameras    nerfstudio_dataparser.py:216
           may diverge in the current implementation, giving unpredictable results.                                     
Loading latest checkpoint from load_dir
✅ Done loading checkpoint from 
outputs/ctrl_009_043_ratio3_sh0_dense_mid200/ratio3_sh0_dense/f1206/splatfacto/2026-08-21_000133/nerfstudio_models/step-
000001999.ckpt
0 Gaussians have NaN/Inf and 1 have low opacity, only export 857/858
           use color only optimization with sigmoid activation                                         splatfacto.py:266
Loading latest checkpoint from load_dir
Loading latest checkpoint from load_dir
✅ Done loading checkpoint from 
outputs/ctrl_009_043_ratio3_sh0_dense_mid200/ratio3_sh0_dense/f1203/splatfacto/2026-08-21_000133/nerfstudio_models/step-
000001999.ckpt
✅ Done loading checkpoint from 
outputs/ctrl_009_043_ratio3_sh0_dense_mid200/ratio3_sh0_dense/f1198/splatfacto/2026-08-21_000132/nerfstudio_models/step-
000001999.ckpt
0 Gaussians have NaN/Inf and 5 have low opacity, only export 873/878
0 Gaussians have NaN/Inf and 2 have low opacity, only export 1069/1071
Loading latest checkpoint from load_dir
✅ Done loading checkpoint from 
outputs/ctrl_009_043_ratio3_sh0_dense_mid200/ratio3_sh0_dense/f1201/splatfacto/2026-08-21_000132/nerfstudio_models/step-
000001999.ckpt
Loading latest checkpoint from load_dir
✅ Done loading checkpoint from 
outputs/ctrl_009_043_ratio3_sh0_dense_mid200/ratio3_sh0_dense/f1207/splatfacto/2026-08-21_000134/nerfstudio_models/step-
000001999.ckpt
0 Gaussians have NaN/Inf and 5 have low opacity, only export 813/818
Loading latest checkpoint from load_dir
✅ Done loading checkpoint from 
outputs/ctrl_009_043_ratio3_sh0_dense_mid200/ratio3_sh0_dense/f1205/splatfacto/2026-08-21_000133/nerfstudio_models/step-
000001999.ckpt
[gpu1_w4] ratio3_sh0_dense__f1200 -> ok (109.0s)
[gpu1_w0] ratio3_sh0_dense__f1204 -> ok (108.7s)
[gpu0_w5] ratio3_sh0_dense__f1202 -> ok (109.1s)
[gpu0_w1] ratio3_sh0_dense__f1199 -> ok (109.5s)
[gpu1_w5] ratio3_sh0_dense__f1206 -> ok (109.2s)
[gpu0_w2] ratio3_sh0_dense__f1203 -> ok (109.5s)
[gpu0_w0] ratio3_sh0_dense__f1198 -> ok (110.9s)
[gpu1_w1] ratio3_sh0_dense__f1207 -> ok (108.6s)
[gpu1_w2] ratio3_sh0_dense__f1201 -> ok (110.0s)
[gpu0_w4] ratio3_sh0_dense__f1205 -> ok (109.9s)
[00:05:09]  Be careful with '--eval-mode=all'. If using camera optimization, the cameras    nerfstudio_dataparser.py:216
           may diverge in the current implementation, giving unpredictable results.                                     
            Be careful with '--eval-mode=all'. If using camera optimization, the cameras    nerfstudio_dataparser.py:216
           may diverge in the current implementation, giving unpredictable results.                                     
           use color only optimization with sigmoid activation                                         splatfacto.py:266
[00:05:09]  Be careful with '--eval-mode=all'. If using camera optimization, the cameras    nerfstudio_dataparser.py:216
           may diverge in the current implementation, giving unpredictable results.                                     
            Be careful with '--eval-mode=all'. If using camera optimization, the cameras    nerfstudio_dataparser.py:216
           may diverge in the current implementation, giving unpredictable results.                                     
[00:05:10] use color only optimization with sigmoid activation                                         splatfacto.py:266
Loading latest checkpoint from load_dir
✅ Done loading checkpoint from 
outputs/ctrl_009_043_ratio3_sh0_dense_mid200/ratio3_sh0_dense/f1208/splatfacto/2026-08-21_000324/nerfstudio_models/step-
000001999.ckpt
0 Gaussians have NaN/Inf and 5 have low opacity, only export 915/920
Loading latest checkpoint from load_dir
✅ Done loading checkpoint from 
outputs/ctrl_009_043_ratio3_sh0_dense_mid200/ratio3_sh0_dense/f1209/splatfacto/2026-08-21_000324/nerfstudio_models/step-
000001999.ckpt
0 Gaussians have NaN/Inf and 1 have low opacity, only export 948/949
[00:05:11]  Be careful with '--eval-mode=all'. If using camera optimization, the cameras    nerfstudio_dataparser.py:216
           may diverge in the current implementation, giving unpredictable results.                                     
            Be careful with '--eval-mode=all'. If using camera optimization, the cameras    nerfstudio_dataparser.py:216
           may diverge in the current implementation, giving unpredictable results.                                     
           use color only optimization with sigmoid activation                                         splatfacto.py:266
[00:05:11]  Be careful with '--eval-mode=all'. If using camera optimization, the cameras    nerfstudio_dataparser.py:216
           may diverge in the current implementation, giving unpredictable results.                                     
            Be careful with '--eval-mode=all'. If using camera optimization, the cameras    nerfstudio_dataparser.py:216
           may diverge in the current implementation, giving unpredictable results.                                     
           use color only optimization with sigmoid activation                                         splatfacto.py:266
[00:05:11]  Be careful with '--eval-mode=all'. If using camera optimization, the cameras    nerfstudio_dataparser.py:216
           may diverge in the current implementation, giving unpredictable results.                                     
            Be careful with '--eval-mode=all'. If using camera optimization, the cameras    nerfstudio_dataparser.py:216
           may diverge in the current implementation, giving unpredictable results.                                     
Loading latest checkpoint from load_dir
✅ Done loading checkpoint from 
outputs/ctrl_009_043_ratio3_sh0_dense_mid200/ratio3_sh0_dense/f1218/splatfacto/2026-08-21_000327/nerfstudio_models/step-
000001999.ckpt
0 Gaussians have NaN/Inf and 5 have low opacity, only export 769/774
[00:05:12] use color only optimization with sigmoid activation                                         splatfacto.py:266
Loading latest checkpoint from load_dir
✅ Done loading checkpoint from 
outputs/ctrl_009_043_ratio3_sh0_dense_mid200/ratio3_sh0_dense/f1210/splatfacto/2026-08-21_000327/nerfstudio_models/step-
000001999.ckpt
0 Gaussians have NaN/Inf and 11 have low opacity, only export 844/855
[00:05:12]  Be careful with '--eval-mode=all'. If using camera optimization, the cameras    nerfstudio_dataparser.py:216
           may diverge in the current implementation, giving unpredictable results.                                     
            Be careful with '--eval-mode=all'. If using camera optimization, the cameras    nerfstudio_dataparser.py:216
           may diverge in the current implementation, giving unpredictable results.                                     
[gpu1_w3] ratio3_sh0_dense__f1208 -> ok (110.5s)
           use color only optimization with sigmoid activation                                         splatfacto.py:266
[gpu0_w3] ratio3_sh0_dense__f1209 -> ok (110.1s)
Loading latest checkpoint from load_dir
✅ Done loading checkpoint from 
outputs/ctrl_009_043_ratio3_sh0_dense_mid200/ratio3_sh0_dense/f1213/splatfacto/2026-08-21_000328/nerfstudio_models/step-
000001999.ckpt
0 Gaussians have NaN/Inf and 2 have low opacity, only export 871/873
[00:05:13]  Be careful with '--eval-mode=all'. If using camera optimization, the cameras    nerfstudio_dataparser.py:216
           may diverge in the current implementation, giving unpredictable results.                                     
            Be careful with '--eval-mode=all'. If using camera optimization, the cameras    nerfstudio_dataparser.py:216
           may diverge in the current implementation, giving unpredictable results.                                     
[00:05:13]  Be careful with '--eval-mode=all'. If using camera optimization, the cameras    nerfstudio_dataparser.py:216
           may diverge in the current implementation, giving unpredictable results.                                     
            Be careful with '--eval-mode=all'. If using camera optimization, the cameras    nerfstudio_dataparser.py:216
           may diverge in the current implementation, giving unpredictable results.                                     
Loading latest checkpoint from load_dir
✅ Done loading checkpoint from 
outputs/ctrl_009_043_ratio3_sh0_dense_mid200/ratio3_sh0_dense/f1211/splatfacto/2026-08-21_000328/nerfstudio_models/step-
000001999.ckpt
0 Gaussians have NaN/Inf and 8 have low opacity, only export 911/919
           use color only optimization with sigmoid activation                                         splatfacto.py:266
           use color only optimization with sigmoid activation                                         splatfacto.py:266
[00:05:13]  Be careful with '--eval-mode=all'. If using camera optimization, the cameras    nerfstudio_dataparser.py:216
           may diverge in the current implementation, giving unpredictable results.                                     
            Be careful with '--eval-mode=all'. If using camera optimization, the cameras    nerfstudio_dataparser.py:216
           may diverge in the current implementation, giving unpredictable results.                                     
[gpu1_w2] ratio3_sh0_dense__f1218 -> ok (106.6s)
[00:05:14] use color only optimization with sigmoid activation                                         splatfacto.py:266
[gpu1_w4] ratio3_sh0_dense__f1210 -> ok (108.1s)
[00:05:14]  Be careful with '--eval-mode=all'. If using camera optimization, the cameras    nerfstudio_dataparser.py:216
           may diverge in the current implementation, giving unpredictable results.                                     
            Be careful with '--eval-mode=all'. If using camera optimization, the cameras    nerfstudio_dataparser.py:216
           may diverge in the current implementation, giving unpredictable results.                                     
[00:05:14]  Be careful with '--eval-mode=all'. If using camera optimization, the cameras    nerfstudio_dataparser.py:216
           may diverge in the current implementation, giving unpredictable results.                                     
            Be careful with '--eval-mode=all'. If using camera optimization, the cameras    nerfstudio_dataparser.py:216
           may diverge in the current implementation, giving unpredictable results.                                     
Loading latest checkpoint from load_dir
✅ Done loading checkpoint from 
outputs/ctrl_009_043_ratio3_sh0_dense_mid200/ratio3_sh0_dense/f1217/splatfacto/2026-08-21_000329/nerfstudio_models/step-
000001999.ckpt
0 Gaussians have NaN/Inf and 1 have low opacity, only export 892/893
           use color only optimization with sigmoid activation                                         splatfacto.py:266
           use color only optimization with sigmoid activation                                         splatfacto.py:266
Loading latest checkpoint from load_dir
✅ Done loading checkpoint from 
outputs/ctrl_009_043_ratio3_sh0_dense_mid200/ratio3_sh0_dense/f1216/splatfacto/2026-08-21_000328/nerfstudio_models/step-
000001999.ckpt
0 Gaussians have NaN/Inf and 3 have low opacity, only export 856/859
[gpu0_w1] ratio3_sh0_dense__f1213 -> ok (108.2s)
Loading latest checkpoint from load_dir
✅ Done loading checkpoint from 
outputs/ctrl_009_043_ratio3_sh0_dense_mid200/ratio3_sh0_dense/f1214/splatfacto/2026-08-21_000329/nerfstudio_models/step-
000001999.ckpt
0 Gaussians have NaN/Inf and 4 have low opacity, only export 857/861
Loading latest checkpoint from load_dir
Loading latest checkpoint from load_dir
✅ Done loading checkpoint from 
outputs/ctrl_009_043_ratio3_sh0_dense_mid200/ratio3_sh0_dense/f1215/splatfacto/2026-08-21_000329/nerfstudio_models/step-
000001999.ckpt
✅ Done loading checkpoint from 
outputs/ctrl_009_043_ratio3_sh0_dense_mid200/ratio3_sh0_dense/f1219/splatfacto/2026-08-21_000328/nerfstudio_models/step-
000001999.ckpt
0 Gaussians have NaN/Inf and 5 have low opacity, only export 773/778
0 Gaussians have NaN/Inf and 2 have low opacity, only export 865/867
[gpu1_w0] ratio3_sh0_dense__f1211 -> ok (109.3s)
[00:05:18]  Be careful with '--eval-mode=all'. If using camera optimization, the cameras    nerfstudio_dataparser.py:216
           may diverge in the current implementation, giving unpredictable results.                                     
            Be careful with '--eval-mode=all'. If using camera optimization, the cameras    nerfstudio_dataparser.py:216
           may diverge in the current implementation, giving unpredictable results.                                     
           use color only optimization with sigmoid activation                                         splatfacto.py:266
[gpu1_w1] ratio3_sh0_dense__f1217 -> ok (109.1s)
[gpu0_w0] ratio3_sh0_dense__f1216 -> ok (109.3s)
[gpu1_w5] ratio3_sh0_dense__f1214 -> ok (109.8s)
Loading latest checkpoint from load_dir
✅ Done loading checkpoint from 
outputs/ctrl_009_043_ratio3_sh0_dense_mid200/ratio3_sh0_dense/f1212/splatfacto/2026-08-21_000329/nerfstudio_models/step-
000001999.ckpt
0 Gaussians have NaN/Inf and 7 have low opacity, only export 963/970
[gpu0_w2] ratio3_sh0_dense__f1215 -> ok (110.2s)
[gpu0_w4] ratio3_sh0_dense__f1219 -> ok (109.8s)
[gpu0_w5] ratio3_sh0_dense__f1212 -> ok (112.1s)
[00:07:07]  Be careful with '--eval-mode=all'. If using camera optimization, the cameras    nerfstudio_dataparser.py:216
           may diverge in the current implementation, giving unpredictable results.                                     
            Be careful with '--eval-mode=all'. If using camera optimization, the cameras    nerfstudio_dataparser.py:216
           may diverge in the current implementation, giving unpredictable results.                                     
[00:07:07]  Be careful with '--eval-mode=all'. If using camera optimization, the cameras    nerfstudio_dataparser.py:216
           may diverge in the current implementation, giving unpredictable results.                                     
            Be careful with '--eval-mode=all'. If using camera optimization, the cameras    nerfstudio_dataparser.py:216
           may diverge in the current implementation, giving unpredictable results.                                     
[00:07:08] use color only optimization with sigmoid activation                                         splatfacto.py:266
[00:07:08] use color only optimization with sigmoid activation                                         splatfacto.py:266
Loading latest checkpoint from load_dir
Loading latest checkpoint from load_dir
✅ Done loading checkpoint from 
outputs/ctrl_009_043_ratio3_sh0_dense_mid200/ratio3_sh0_dense/f1221/splatfacto/2026-08-21_000523/nerfstudio_models/step-
000001999.ckpt
0 Gaussians have NaN/Inf and 2 have low opacity, only export 739/741
✅ Done loading checkpoint from 
outputs/ctrl_009_043_ratio3_sh0_dense_mid200/ratio3_sh0_dense/f1220/splatfacto/2026-08-21_000524/nerfstudio_models/step-
000001999.ckpt
0 Gaussians have NaN/Inf and 6 have low opacity, only export 799/805
[00:07:09]  Be careful with '--eval-mode=all'. If using camera optimization, the cameras    nerfstudio_dataparser.py:216
           may diverge in the current implementation, giving unpredictable results.                                     
            Be careful with '--eval-mode=all'. If using camera optimization, the cameras    nerfstudio_dataparser.py:216
           may diverge in the current implementation, giving unpredictable results.                                     
           use color only optimization with sigmoid activation                                         splatfacto.py:266
[00:07:09]  Be careful with '--eval-mode=all'. If using camera optimization, the cameras    nerfstudio_dataparser.py:216
           may diverge in the current implementation, giving unpredictable results.                                     
            Be careful with '--eval-mode=all'. If using camera optimization, the cameras    nerfstudio_dataparser.py:216
           may diverge in the current implementation, giving unpredictable results.                                     
[00:07:10] use color only optimization with sigmoid activation                                         splatfacto.py:266
Loading latest checkpoint from load_dir
[00:07:10]  Be careful with '--eval-mode=all'. If using camera optimization, the cameras    nerfstudio_dataparser.py:216
           may diverge in the current implementation, giving unpredictable results.                                     
            Be careful with '--eval-mode=all'. If using camera optimization, the cameras    nerfstudio_dataparser.py:216
           may diverge in the current implementation, giving unpredictable results.                                     
✅ Done loading checkpoint from 
outputs/ctrl_009_043_ratio3_sh0_dense_mid200/ratio3_sh0_dense/f1222/splatfacto/2026-08-21_000525/nerfstudio_models/step-
000001999.ckpt
0 Gaussians have NaN/Inf and 8 have low opacity, only export 770/778
[00:07:10]  Be careful with '--eval-mode=all'. If using camera optimization, the cameras    nerfstudio_dataparser.py:216
           may diverge in the current implementation, giving unpredictable results.                                     
            Be careful with '--eval-mode=all'. If using camera optimization, the cameras    nerfstudio_dataparser.py:216
           may diverge in the current implementation, giving unpredictable results.                                     
           use color only optimization with sigmoid activation                                         splatfacto.py:266
           use color only optimization with sigmoid activation                                         splatfacto.py:266
Loading latest checkpoint from load_dir
✅ Done loading checkpoint from 
outputs/ctrl_009_043_ratio3_sh0_dense_mid200/ratio3_sh0_dense/f1224/splatfacto/2026-08-21_000525/nerfstudio_models/step-
000001999.ckpt
[00:07:10]  Be careful with '--eval-mode=all'. If using camera optimization, the cameras    nerfstudio_dataparser.py:216
           may diverge in the current implementation, giving unpredictable results.                                     
            Be careful with '--eval-mode=all'. If using camera optimization, the cameras    nerfstudio_dataparser.py:216
           may diverge in the current implementation, giving unpredictable results.                                     
0 Gaussians have NaN/Inf and 5 have low opacity, only export 839/844
[gpu1_w3] ratio3_sh0_dense__f1220 -> ok (109.4s)
[00:07:11] use color only optimization with sigmoid activation                                         splatfacto.py:266
[gpu0_w3] ratio3_sh0_dense__f1221 -> ok (109.3s)
[00:07:11]  Be careful with '--eval-mode=all'. If using camera optimization, the cameras    nerfstudio_dataparser.py:216
           may diverge in the current implementation, giving unpredictable results.                                     
            Be careful with '--eval-mode=all'. If using camera optimization, the cameras    nerfstudio_dataparser.py:216
           may diverge in the current implementation, giving unpredictable results.                                     
           use color only optimization with sigmoid activation                                         splatfacto.py:266
[00:07:11]  Be careful with '--eval-mode=all'. If using camera optimization, the cameras    nerfstudio_dataparser.py:216
           may diverge in the current implementation, giving unpredictable results.                                     
Loading latest checkpoint from load_dir
            Be careful with '--eval-mode=all'. If using camera optimization, the cameras    nerfstudio_dataparser.py:216
           may diverge in the current implementation, giving unpredictable results.                                     
✅ Done loading checkpoint from 
outputs/ctrl_009_043_ratio3_sh0_dense_mid200/ratio3_sh0_dense/f1226/splatfacto/2026-08-21_000526/nerfstudio_models/step-
000001999.ckpt
0 Gaussians have NaN/Inf and 1 have low opacity, only export 798/799
Loading latest checkpoint from load_dir
✅ Done loading checkpoint from 
outputs/ctrl_009_043_ratio3_sh0_dense_mid200/ratio3_sh0_dense/f1225/splatfacto/2026-08-21_000525/nerfstudio_models/step-
000001999.ckpt
0 Gaussians have NaN/Inf and 4 have low opacity, only export 851/855
           use color only optimization with sigmoid activation                                         splatfacto.py:266
Loading latest checkpoint from load_dir
✅ Done loading checkpoint from 
outputs/ctrl_009_043_ratio3_sh0_dense_mid200/ratio3_sh0_dense/f1223/splatfacto/2026-08-21_000525/nerfstudio_models/step-
000001999.ckpt
0 Gaussians have NaN/Inf and 4 have low opacity, only export 782/786
[00:07:12]  Be careful with '--eval-mode=all'. If using camera optimization, the cameras    nerfstudio_dataparser.py:216
           may diverge in the current implementation, giving unpredictable results.                                     
            Be careful with '--eval-mode=all'. If using camera optimization, the cameras    nerfstudio_dataparser.py:216
           may diverge in the current implementation, giving unpredictable results.                                     
Loading latest checkpoint from load_dir
✅ Done loading checkpoint from 
outputs/ctrl_009_043_ratio3_sh0_dense_mid200/ratio3_sh0_dense/f1227/splatfacto/2026-08-21_000527/nerfstudio_models/step-
000001999.ckpt
0 Gaussians have NaN/Inf and 3 have low opacity, only export 840/843
           use color only optimization with sigmoid activation                                         splatfacto.py:266
[00:07:12]  Be careful with '--eval-mode=all'. If using camera optimization, the cameras    nerfstudio_dataparser.py:216
           may diverge in the current implementation, giving unpredictable results.                                     
            Be careful with '--eval-mode=all'. If using camera optimization, the cameras    nerfstudio_dataparser.py:216
           may diverge in the current implementation, giving unpredictable results.                                     
[gpu1_w2] ratio3_sh0_dense__f1222 -> ok (109.7s)
           use color only optimization with sigmoid activation                                         splatfacto.py:266
Loading latest checkpoint from load_dir
✅ Done loading checkpoint from 
outputs/ctrl_009_043_ratio3_sh0_dense_mid200/ratio3_sh0_dense/f1231/splatfacto/2026-08-21_000527/nerfstudio_models/step-
000001999.ckpt
0 Gaussians have NaN/Inf and 4 have low opacity, only export 847/851
[gpu0_w1] ratio3_sh0_dense__f1224 -> ok (109.2s)
Loading latest checkpoint from load_dir
✅ Done loading checkpoint from 
outputs/ctrl_009_043_ratio3_sh0_dense_mid200/ratio3_sh0_dense/f1228/splatfacto/2026-08-21_000527/nerfstudio_models/step-
000001999.ckpt
0 Gaussians have NaN/Inf and 3 have low opacity, only export 867/870
[00:07:13]  Be careful with '--eval-mode=all'. If using camera optimization, the cameras    nerfstudio_dataparser.py:216
           may diverge in the current implementation, giving unpredictable results.                                     
            Be careful with '--eval-mode=all'. If using camera optimization, the cameras    nerfstudio_dataparser.py:216
           may diverge in the current implementation, giving unpredictable results.                                     
Loading latest checkpoint from load_dir
✅ Done loading checkpoint from 
outputs/ctrl_009_043_ratio3_sh0_dense_mid200/ratio3_sh0_dense/f1229/splatfacto/2026-08-21_000528/nerfstudio_models/step-
000001999.ckpt
0 Gaussians have NaN/Inf and 3 have low opacity, only export 847/850
           use color only optimization with sigmoid activation                                         splatfacto.py:266
[gpu1_w1] ratio3_sh0_dense__f1226 -> ok (108.2s)
[gpu1_w0] ratio3_sh0_dense__f1225 -> ok (109.1s)
[gpu1_w4] ratio3_sh0_dense__f1223 -> ok (110.6s)
[gpu0_w0] ratio3_sh0_dense__f1227 -> ok (108.4s)
Loading latest checkpoint from load_dir
✅ Done loading checkpoint from 
outputs/ctrl_009_043_ratio3_sh0_dense_mid200/ratio3_sh0_dense/f1230/splatfacto/2026-08-21_000527/nerfstudio_models/step-
000001999.ckpt
0 Gaussians have NaN/Inf and 2 have low opacity, only export 905/907
[gpu0_w5] ratio3_sh0_dense__f1231 -> ok (107.2s)
[gpu1_w5] ratio3_sh0_dense__f1228 -> ok (109.2s)
[gpu0_w2] ratio3_sh0_dense__f1229 -> ok (109.2s)
[gpu0_w4] ratio3_sh0_dense__f1230 -> ok (109.9s)
[00:09:02]  Be careful with '--eval-mode=all'. If using camera optimization, the cameras    nerfstudio_dataparser.py:216
           may diverge in the current implementation, giving unpredictable results.                                     
            Be careful with '--eval-mode=all'. If using camera optimization, the cameras    nerfstudio_dataparser.py:216
           may diverge in the current implementation, giving unpredictable results.                                     
           use color only optimization with sigmoid activation                                         splatfacto.py:266
Loading latest checkpoint from load_dir
✅ Done loading checkpoint from 
outputs/ctrl_009_043_ratio3_sh0_dense_mid200/ratio3_sh0_dense/f1233/splatfacto/2026-08-21_000719/nerfstudio_models/step-
000001999.ckpt
0 Gaussians have NaN/Inf and 1 have low opacity, only export 912/913
[00:09:03]  Be careful with '--eval-mode=all'. If using camera optimization, the cameras    nerfstudio_dataparser.py:216
           may diverge in the current implementation, giving unpredictable results.                                     
            Be careful with '--eval-mode=all'. If using camera optimization, the cameras    nerfstudio_dataparser.py:216
           may diverge in the current implementation, giving unpredictable results.                                     
[00:09:04] use color only optimization with sigmoid activation                                         splatfacto.py:266
[00:09:04]  Be careful with '--eval-mode=all'. If using camera optimization, the cameras    nerfstudio_dataparser.py:216
           may diverge in the current implementation, giving unpredictable results.                                     
            Be careful with '--eval-mode=all'. If using camera optimization, the cameras    nerfstudio_dataparser.py:216
           may diverge in the current implementation, giving unpredictable results.                                     
           use color only optimization with sigmoid activation                                         splatfacto.py:266
Loading latest checkpoint from load_dir
[gpu0_w3] ratio3_sh0_dense__f1233 -> ok (106.9s)
✅ Done loading checkpoint from 
outputs/ctrl_009_043_ratio3_sh0_dense_mid200/ratio3_sh0_dense/f1232/splatfacto/2026-08-21_000720/nerfstudio_models/step-
000001999.ckpt
0 Gaussians have NaN/Inf and 3 have low opacity, only export 906/909
[00:09:05]  Be careful with '--eval-mode=all'. If using camera optimization, the cameras    nerfstudio_dataparser.py:216
           may diverge in the current implementation, giving unpredictable results.                                     
            Be careful with '--eval-mode=all'. If using camera optimization, the cameras    nerfstudio_dataparser.py:216
           may diverge in the current implementation, giving unpredictable results.                                     
           use color only optimization with sigmoid activation                                         splatfacto.py:266
Loading latest checkpoint from load_dir
✅ Done loading checkpoint from 
outputs/ctrl_009_043_ratio3_sh0_dense_mid200/ratio3_sh0_dense/f1234/splatfacto/2026-08-21_000720/nerfstudio_models/step-
000001999.ckpt
0 Gaussians have NaN/Inf and 3 have low opacity, only export 899/902
[00:09:05]  Be careful with '--eval-mode=all'. If using camera optimization, the cameras    nerfstudio_dataparser.py:216
           may diverge in the current implementation, giving unpredictable results.                                     
            Be careful with '--eval-mode=all'. If using camera optimization, the cameras    nerfstudio_dataparser.py:216
           may diverge in the current implementation, giving unpredictable results.                                     
Loading latest checkpoint from load_dir
✅ Done loading checkpoint from 
outputs/ctrl_009_043_ratio3_sh0_dense_mid200/ratio3_sh0_dense/f1237/splatfacto/2026-08-21_000721/nerfstudio_models/step-
000001999.ckpt
0 Gaussians have NaN/Inf and 2 have low opacity, only export 835/837
[00:09:06] use color only optimization with sigmoid activation                                         splatfacto.py:266
[00:09:06]  Be careful with '--eval-mode=all'. If using camera optimization, the cameras    nerfstudio_dataparser.py:216
           may diverge in the current implementation, giving unpredictable results.                                     
            Be careful with '--eval-mode=all'. If using camera optimization, the cameras    nerfstudio_dataparser.py:216
           may diverge in the current implementation, giving unpredictable results.                                     
           use color only optimization with sigmoid activation                                         splatfacto.py:266
Loading latest checkpoint from load_dir
✅ Done loading checkpoint from 
outputs/ctrl_009_043_ratio3_sh0_dense_mid200/ratio3_sh0_dense/f1236/splatfacto/2026-08-21_000722/nerfstudio_models/step-
000001999.ckpt
0 Gaussians have NaN/Inf and 4 have low opacity, only export 815/819
[gpu1_w3] ratio3_sh0_dense__f1232 -> ok (108.9s)
[00:09:07]  Be careful with '--eval-mode=all'. If using camera optimization, the cameras    nerfstudio_dataparser.py:216
           may diverge in the current implementation, giving unpredictable results.                                     
            Be careful with '--eval-mode=all'. If using camera optimization, the cameras    nerfstudio_dataparser.py:216
           may diverge in the current implementation, giving unpredictable results.                                     
[00:09:07]  Be careful with '--eval-mode=all'. If using camera optimization, the cameras    nerfstudio_dataparser.py:216
           may diverge in the current implementation, giving unpredictable results.                                     
            Be careful with '--eval-mode=all'. If using camera optimization, the cameras    nerfstudio_dataparser.py:216
           may diverge in the current implementation, giving unpredictable results.                                     
Loading latest checkpoint from load_dir
✅ Done loading checkpoint from 
outputs/ctrl_009_043_ratio3_sh0_dense_mid200/ratio3_sh0_dense/f1235/splatfacto/2026-08-21_000721/nerfstudio_models/step-
000001999.ckpt
0 Gaussians have NaN/Inf and 1 have low opacity, only export 870/871
[00:09:07]  Be careful with '--eval-mode=all'. If using camera optimization, the cameras    nerfstudio_dataparser.py:216
           may diverge in the current implementation, giving unpredictable results.                                     
            Be careful with '--eval-mode=all'. If using camera optimization, the cameras    nerfstudio_dataparser.py:216
           may diverge in the current implementation, giving unpredictable results.                                     
           use color only optimization with sigmoid activation                                         splatfacto.py:266
           use color only optimization with sigmoid activation                                         splatfacto.py:266
           use color only optimization with sigmoid activation                                         splatfacto.py:266
[gpu1_w2] ratio3_sh0_dense__f1234 -> ok (107.9s)
[00:09:07]  Be careful with '--eval-mode=all'. If using camera optimization, the cameras    nerfstudio_dataparser.py:216
           may diverge in the current implementation, giving unpredictable results.                                     
            Be careful with '--eval-mode=all'. If using camera optimization, the cameras    nerfstudio_dataparser.py:216
           may diverge in the current implementation, giving unpredictable results.                                     
           use color only optimization with sigmoid activation                                         splatfacto.py:266
[00:09:07]  Be careful with '--eval-mode=all'. If using camera optimization, the cameras    nerfstudio_dataparser.py:216
           may diverge in the current implementation, giving unpredictable results.                                     
            Be careful with '--eval-mode=all'. If using camera optimization, the cameras    nerfstudio_dataparser.py:216
           may diverge in the current implementation, giving unpredictable results.                                     
[gpu1_w0] ratio3_sh0_dense__f1237 -> ok (107.1s)
           use color only optimization with sigmoid activation                                         splatfacto.py:266
Loading latest checkpoint from load_dir
Loading latest checkpoint from load_dir
✅ Done loading checkpoint from 
outputs/ctrl_009_043_ratio3_sh0_dense_mid200/ratio3_sh0_dense/f1239/splatfacto/2026-08-21_000722/nerfstudio_models/step-
000001999.ckpt
✅ Done loading checkpoint from 
outputs/ctrl_009_043_ratio3_sh0_dense_mid200/ratio3_sh0_dense/f1241/splatfacto/2026-08-21_000722/nerfstudio_models/step-
000001999.ckpt
0 Gaussians have NaN/Inf and 3 have low opacity, only export 833/836
0 Gaussians have NaN/Inf and 5 have low opacity, only export 812/817
Loading latest checkpoint from load_dir
✅ Done loading checkpoint from 
outputs/ctrl_009_043_ratio3_sh0_dense_mid200/ratio3_sh0_dense/f1238/splatfacto/2026-08-21_000722/nerfstudio_models/step-
000001999.ckpt
0 Gaussians have NaN/Inf and 2 have low opacity, only export 805/807
Loading latest checkpoint from load_dir
✅ Done loading checkpoint from 
outputs/ctrl_009_043_ratio3_sh0_dense_mid200/ratio3_sh0_dense/f1242/splatfacto/2026-08-21_000723/nerfstudio_models/step-
000001999.ckpt
0 Gaussians have NaN/Inf and 3 have low opacity, only export 815/818
[00:09:08]  Be careful with '--eval-mode=all'. If using camera optimization, the cameras    nerfstudio_dataparser.py:216
           may diverge in the current implementation, giving unpredictable results.                                     
            Be careful with '--eval-mode=all'. If using camera optimization, the cameras    nerfstudio_dataparser.py:216
           may diverge in the current implementation, giving unpredictable results.                                     
[gpu1_w1] ratio3_sh0_dense__f1236 -> ok (108.2s)
Loading latest checkpoint from load_dir
           use color only optimization with sigmoid activation                                         splatfacto.py:266
✅ Done loading checkpoint from 
outputs/ctrl_009_043_ratio3_sh0_dense_mid200/ratio3_sh0_dense/f1240/splatfacto/2026-08-21_000723/nerfstudio_models/step-
000001999.ckpt
0 Gaussians have NaN/Inf and 3 have low opacity, only export 795/798
[gpu0_w1] ratio3_sh0_dense__f1235 -> ok (109.3s)
Loading latest checkpoint from load_dir
✅ Done loading checkpoint from 
outputs/ctrl_009_043_ratio3_sh0_dense_mid200/ratio3_sh0_dense/f1243/splatfacto/2026-08-21_000724/nerfstudio_models/step-
000001999.ckpt
0 Gaussians have NaN/Inf and 1 have low opacity, only export 749/750
[gpu1_w5] ratio3_sh0_dense__f1241 -> ok (108.3s)
[gpu1_w4] ratio3_sh0_dense__f1238 -> ok (109.3s)
[gpu0_w0] ratio3_sh0_dense__f1239 -> ok (109.3s)
[gpu0_w2] ratio3_sh0_dense__f1242 -> ok (108.0s)
[gpu0_w5] ratio3_sh0_dense__f1240 -> ok (108.8s)
[gpu0_w4] ratio3_sh0_dense__f1243 -> ok (108.2s)
[00:10:56]  Be careful with '--eval-mode=all'. If using camera optimization, the cameras    nerfstudio_dataparser.py:216
           may diverge in the current implementation, giving unpredictable results.                                     
            Be careful with '--eval-mode=all'. If using camera optimization, the cameras    nerfstudio_dataparser.py:216
           may diverge in the current implementation, giving unpredictable results.                                     
[00:10:57] use color only optimization with sigmoid activation                                         splatfacto.py:266
Loading latest checkpoint from load_dir
✅ Done loading checkpoint from 
outputs/ctrl_009_043_ratio3_sh0_dense_mid200/ratio3_sh0_dense/f1244/splatfacto/2026-08-21_000914/nerfstudio_models/step-
000001999.ckpt
0 Gaussians have NaN/Inf and 5 have low opacity, only export 701/706
[00:10:59]  Be careful with '--eval-mode=all'. If using camera optimization, the cameras    nerfstudio_dataparser.py:216
           may diverge in the current implementation, giving unpredictable results.                                     
            Be careful with '--eval-mode=all'. If using camera optimization, the cameras    nerfstudio_dataparser.py:216
           may diverge in the current implementation, giving unpredictable results.                                     
           use color only optimization with sigmoid activation                                         splatfacto.py:266
[00:10:59]  Be careful with '--eval-mode=all'. If using camera optimization, the cameras    nerfstudio_dataparser.py:216
           may diverge in the current implementation, giving unpredictable results.                                     
            Be careful with '--eval-mode=all'. If using camera optimization, the cameras    nerfstudio_dataparser.py:216
           may diverge in the current implementation, giving unpredictable results.                                     
[gpu0_w3] ratio3_sh0_dense__f1244 -> ok (108.2s)
[00:11:00] use color only optimization with sigmoid activation                                         splatfacto.py:266
Loading latest checkpoint from load_dir
✅ Done loading checkpoint from 
outputs/ctrl_009_043_ratio3_sh0_dense_mid200/ratio3_sh0_dense/f1245/splatfacto/2026-08-21_000915/nerfstudio_models/step-
000001999.ckpt
0 Gaussians have NaN/Inf and 8 have low opacity, only export 626/634
[00:11:02]  Be careful with '--eval-mode=all'. If using camera optimization, the cameras    nerfstudio_dataparser.py:216
           may diverge in the current implementation, giving unpredictable results.                                     
            Be careful with '--eval-mode=all'. If using camera optimization, the cameras    nerfstudio_dataparser.py:216
           may diverge in the current implementation, giving unpredictable results.                                     
[00:11:03] use color only optimization with sigmoid activation                                         splatfacto.py:266
[00:11:03]  Be careful with '--eval-mode=all'. If using camera optimization, the cameras    nerfstudio_dataparser.py:216
           may diverge in the current implementation, giving unpredictable results.                                     
            Be careful with '--eval-mode=all'. If using camera optimization, the cameras    nerfstudio_dataparser.py:216
           may diverge in the current implementation, giving unpredictable results.                                     
Loading latest checkpoint from load_dir
✅ Done loading checkpoint from 
outputs/ctrl_009_043_ratio3_sh0_dense_mid200/ratio3_sh0_dense/f1246/splatfacto/2026-08-21_000916/nerfstudio_models/step-
000001999.ckpt
0 Gaussians have NaN/Inf and 5 have low opacity, only export 703/708
           use color only optimization with sigmoid activation                                         splatfacto.py:266
[00:11:03]  Be careful with '--eval-mode=all'. If using camera optimization, the cameras    nerfstudio_dataparser.py:216
           may diverge in the current implementation, giving unpredictable results.                                     
            Be careful with '--eval-mode=all'. If using camera optimization, the cameras    nerfstudio_dataparser.py:216
           may diverge in the current implementation, giving unpredictable results.                                     
Loading latest checkpoint from load_dir
           use color only optimization with sigmoid activation                                         splatfacto.py:266
✅ Done loading checkpoint from 
outputs/ctrl_009_043_ratio3_sh0_dense_mid200/ratio3_sh0_dense/f1247/splatfacto/2026-08-21_000916/nerfstudio_models/step-
000001999.ckpt
0 Gaussians have NaN/Inf and 9 have low opacity, only export 706/715
[00:11:04]  Be careful with '--eval-mode=all'. If using camera optimization, the cameras    nerfstudio_dataparser.py:216
           may diverge in the current implementation, giving unpredictable results.                                     
            Be careful with '--eval-mode=all'. If using camera optimization, the cameras    nerfstudio_dataparser.py:216
           may diverge in the current implementation, giving unpredictable results.                                     
Loading latest checkpoint from load_dir
✅ Done loading checkpoint from 
outputs/ctrl_009_043_ratio3_sh0_dense_mid200/ratio3_sh0_dense/f1249/splatfacto/2026-08-21_000919/nerfstudio_models/step-
000001999.ckpt
           use color only optimization with sigmoid activation                                         splatfacto.py:266
[gpu1_w3] ratio3_sh0_dense__f1245 -> ok (108.8s)
Loading latest checkpoint from load_dir
✅ Done loading checkpoint from 
outputs/ctrl_009_043_ratio3_sh0_dense_mid200/ratio3_sh0_dense/f1252/splatfacto/2026-08-21_000919/nerfstudio_models/step-
000001999.ckpt
0 Gaussians have NaN/Inf and 4 have low opacity, only export 798/802
[00:11:05]  Be careful with '--eval-mode=all'. If using camera optimization, the cameras    nerfstudio_dataparser.py:216
           may diverge in the current implementation, giving unpredictable results.                                     
            Be careful with '--eval-mode=all'. If using camera optimization, the cameras    nerfstudio_dataparser.py:216
           may diverge in the current implementation, giving unpredictable results.                                     
[00:11:05]  Be careful with '--eval-mode=all'. If using camera optimization, the cameras    nerfstudio_dataparser.py:216
           may diverge in the current implementation, giving unpredictable results.                                     
            Be careful with '--eval-mode=all'. If using camera optimization, the cameras    nerfstudio_dataparser.py:216
           may diverge in the current implementation, giving unpredictable results.                                     
Loading latest checkpoint from load_dir
[gpu1_w2] ratio3_sh0_dense__f1246 -> ok (109.0s)
✅ Done loading checkpoint from 
outputs/ctrl_009_043_ratio3_sh0_dense_mid200/ratio3_sh0_dense/f1253/splatfacto/2026-08-21_000920/nerfstudio_models/step-
000001999.ckpt
0 Gaussians have NaN/Inf and 5 have low opacity, only export 718/723
           use color only optimization with sigmoid activation                                         splatfacto.py:266
           use color only optimization with sigmoid activation                                         splatfacto.py:266
[00:11:05]  Be careful with '--eval-mode=all'. If using camera optimization, the cameras    nerfstudio_dataparser.py:216
           may diverge in the current implementation, giving unpredictable results.                                     
            Be careful with '--eval-mode=all'. If using camera optimization, the cameras    nerfstudio_dataparser.py:216
           may diverge in the current implementation, giving unpredictable results.                                     
[gpu1_w0] ratio3_sh0_dense__f1247 -> ok (109.1s)
[00:11:05]  Be careful with '--eval-mode=all'. If using camera optimization, the cameras    nerfstudio_dataparser.py:216
           may diverge in the current implementation, giving unpredictable results.                                     
[00:11:06]  Be careful with '--eval-mode=all'. If using camera optimization, the cameras    nerfstudio_dataparser.py:216
           may diverge in the current implementation, giving unpredictable results.                                     
[00:11:06] use color only optimization with sigmoid activation                                         splatfacto.py:266
Loading latest checkpoint from load_dir
           use color only optimization with sigmoid activation                                         splatfacto.py:266
✅ Done loading checkpoint from 
outputs/ctrl_009_043_ratio3_sh0_dense_mid200/ratio3_sh0_dense/f1255/splatfacto/2026-08-21_000921/nerfstudio_models/step-
000001999.ckpt
0 Gaussians have NaN/Inf and 4 have low opacity, only export 793/797
[00:11:06]  Be careful with '--eval-mode=all'. If using camera optimization, the cameras    nerfstudio_dataparser.py:216
           may diverge in the current implementation, giving unpredictable results.                                     
            Be careful with '--eval-mode=all'. If using camera optimization, the cameras    nerfstudio_dataparser.py:216
           may diverge in the current implementation, giving unpredictable results.                                     
[gpu0_w1] ratio3_sh0_dense__f1249 -> ok (108.1s)
Loading latest checkpoint from load_dir
✅ Done loading checkpoint from 
outputs/ctrl_009_043_ratio3_sh0_dense_mid200/ratio3_sh0_dense/f1248/splatfacto/2026-08-21_000920/nerfstudio_models/step-
000001999.ckpt
0 Gaussians have NaN/Inf and 4 have low opacity, only export 762/766
           use color only optimization with sigmoid activation                                         splatfacto.py:266
Loading latest checkpoint from load_dir
✅ Done loading checkpoint from 
outputs/ctrl_009_043_ratio3_sh0_dense_mid200/ratio3_sh0_dense/f1254/splatfacto/2026-08-21_000921/nerfstudio_models/step-
000001999.ckpt
0 Gaussians have NaN/Inf and 6 have low opacity, only export 688/694
Loading latest checkpoint from load_dir
✅ Done loading checkpoint from 
outputs/ctrl_009_043_ratio3_sh0_dense_mid200/ratio3_sh0_dense/f1250/splatfacto/2026-08-21_000920/nerfstudio_models/step-
000001999.ckpt
0 Gaussians have NaN/Inf and 1 have low opacity, only export 715/716
[gpu0_w0] ratio3_sh0_dense__f1252 -> ok (108.1s)
[gpu0_w2] ratio3_sh0_dense__f1253 -> ok (108.0s)
Loading latest checkpoint from load_dir
✅ Done loading checkpoint from 
outputs/ctrl_009_043_ratio3_sh0_dense_mid200/ratio3_sh0_dense/f1251/splatfacto/2026-08-21_000921/nerfstudio_models/step-
000001999.ckpt
0 Gaussians have NaN/Inf and 5 have low opacity, only export 818/823
[gpu0_w4] ratio3_sh0_dense__f1255 -> ok (107.9s)
[gpu1_w1] ratio3_sh0_dense__f1248 -> ok (110.5s)
[gpu0_w5] ratio3_sh0_dense__f1254 -> ok (109.3s)
[gpu1_w5] ratio3_sh0_dense__f1250 -> ok (110.0s)
[gpu1_w4] ratio3_sh0_dense__f1251 -> ok (110.1s)
[00:12:54]  Be careful with '--eval-mode=all'. If using camera optimization, the cameras    nerfstudio_dataparser.py:216
           may diverge in the current implementation, giving unpredictable results.                                     
            Be careful with '--eval-mode=all'. If using camera optimization, the cameras    nerfstudio_dataparser.py:216
           may diverge in the current implementation, giving unpredictable results.                                     
           use color only optimization with sigmoid activation                                         splatfacto.py:266
Loading latest checkpoint from load_dir
✅ Done loading checkpoint from 
outputs/ctrl_009_043_ratio3_sh0_dense_mid200/ratio3_sh0_dense/f1256/splatfacto/2026-08-21_001111/nerfstudio_models/step-
000001999.ckpt
0 Gaussians have NaN/Inf and 3 have low opacity, only export 663/666
[00:12:57]  Be careful with '--eval-mode=all'. If using camera optimization, the cameras    nerfstudio_dataparser.py:216
           may diverge in the current implementation, giving unpredictable results.                                     
            Be careful with '--eval-mode=all'. If using camera optimization, the cameras    nerfstudio_dataparser.py:216
           may diverge in the current implementation, giving unpredictable results.                                     
[gpu0_w3] ratio3_sh0_dense__f1256 -> ok (108.6s)
           use color only optimization with sigmoid activation                                         splatfacto.py:266
[00:12:57]  Be careful with '--eval-mode=all'. If using camera optimization, the cameras    nerfstudio_dataparser.py:216
           may diverge in the current implementation, giving unpredictable results.                                     
            Be careful with '--eval-mode=all'. If using camera optimization, the cameras    nerfstudio_dataparser.py:216
           may diverge in the current implementation, giving unpredictable results.                                     
[00:12:57]  Be careful with '--eval-mode=all'. If using camera optimization, the cameras    nerfstudio_dataparser.py:216
           may diverge in the current implementation, giving unpredictable results.                                     
            Be careful with '--eval-mode=all'. If using camera optimization, the cameras    nerfstudio_dataparser.py:216
           may diverge in the current implementation, giving unpredictable results.                                     
[00:12:57]  Be careful with '--eval-mode=all'. If using camera optimization, the cameras    nerfstudio_dataparser.py:216
           may diverge in the current implementation, giving unpredictable results.                                     
            Be careful with '--eval-mode=all'. If using camera optimization, the cameras    nerfstudio_dataparser.py:216
           may diverge in the current implementation, giving unpredictable results.                                     
           use color only optimization with sigmoid activation                                         splatfacto.py:266
[00:12:57]  Be careful with '--eval-mode=all'. If using camera optimization, the cameras    nerfstudio_dataparser.py:216
           may diverge in the current implementation, giving unpredictable results.                                     
            Be careful with '--eval-mode=all'. If using camera optimization, the cameras    nerfstudio_dataparser.py:216
           may diverge in the current implementation, giving unpredictable results.                                     
[00:12:58] use color only optimization with sigmoid activation                                         splatfacto.py:266
[00:12:58] use color only optimization with sigmoid activation                                         splatfacto.py:266
[00:12:58] use color only optimization with sigmoid activation                                         splatfacto.py:266
Loading latest checkpoint from load_dir
✅ Done loading checkpoint from 
outputs/ctrl_009_043_ratio3_sh0_dense_mid200/ratio3_sh0_dense/f1257/splatfacto/2026-08-21_001113/nerfstudio_models/step-
000001999.ckpt
0 Gaussians have NaN/Inf and 3 have low opacity, only export 822/825
Loading latest checkpoint from load_dir
✅ Done loading checkpoint from 
outputs/ctrl_009_043_ratio3_sh0_dense_mid200/ratio3_sh0_dense/f1260/splatfacto/2026-08-21_001114/nerfstudio_models/step-
000001999.ckpt
0 Gaussians have NaN/Inf and 5 have low opacity, only export 703/708
[00:12:58]  Be careful with '--eval-mode=all'. If using camera optimization, the cameras    nerfstudio_dataparser.py:216
           may diverge in the current implementation, giving unpredictable results.                                     
            Be careful with '--eval-mode=all'. If using camera optimization, the cameras    nerfstudio_dataparser.py:216
           may diverge in the current implementation, giving unpredictable results.                                     
Loading latest checkpoint from load_dir
✅ Done loading checkpoint from 
outputs/ctrl_009_043_ratio3_sh0_dense_mid200/ratio3_sh0_dense/f1259/splatfacto/2026-08-21_001114/nerfstudio_models/step-
000001999.ckpt
Loading latest checkpoint from load_dir
           use color only optimization with sigmoid activation                                         splatfacto.py:266
Loading latest checkpoint from load_dir
✅ Done loading checkpoint from 
outputs/ctrl_009_043_ratio3_sh0_dense_mid200/ratio3_sh0_dense/f1263/splatfacto/2026-08-21_001115/nerfstudio_models/step-
000001999.ckpt
0 Gaussians have NaN/Inf and 10 have low opacity, only export 697/707
✅ Done loading checkpoint from 
outputs/ctrl_009_043_ratio3_sh0_dense_mid200/ratio3_sh0_dense/f1258/splatfacto/2026-08-21_001114/nerfstudio_models/step-
000001999.ckpt
0 Gaussians have NaN/Inf and 3 have low opacity, only export 757/760
[00:12:59]  Be careful with '--eval-mode=all'. If using camera optimization, the cameras    nerfstudio_dataparser.py:216
           may diverge in the current implementation, giving unpredictable results.                                     
            Be careful with '--eval-mode=all'. If using camera optimization, the cameras    nerfstudio_dataparser.py:216
           may diverge in the current implementation, giving unpredictable results.                                     
           use color only optimization with sigmoid activation                                         splatfacto.py:266
Loading latest checkpoint from load_dir
✅ Done loading checkpoint from 
outputs/ctrl_009_043_ratio3_sh0_dense_mid200/ratio3_sh0_dense/f1261/splatfacto/2026-08-21_001115/nerfstudio_models/step-
000001999.ckpt
0 Gaussians have NaN/Inf and 5 have low opacity, only export 681/686
[00:13:00]  Be careful with '--eval-mode=all'. If using camera optimization, the cameras    nerfstudio_dataparser.py:216
           may diverge in the current implementation, giving unpredictable results.                                     
[gpu1_w3] ratio3_sh0_dense__f1257 -> ok (108.8s)
            Be careful with '--eval-mode=all'. If using camera optimization, the cameras    nerfstudio_dataparser.py:216
           may diverge in the current implementation, giving unpredictable results.                                     
           use color only optimization with sigmoid activation                                         splatfacto.py:266
Loading latest checkpoint from load_dir
✅ Done loading checkpoint from 
outputs/ctrl_009_043_ratio3_sh0_dense_mid200/ratio3_sh0_dense/f1264/splatfacto/2026-08-21_001116/nerfstudio_models/step-
000001999.ckpt
0 Gaussians have NaN/Inf and 8 have low opacity, only export 683/691
[gpu0_w1] ratio3_sh0_dense__f1260 -> ok (107.5s)
[00:13:00]  Be careful with '--eval-mode=all'. If using camera optimization, the cameras    nerfstudio_dataparser.py:216
           may diverge in the current implementation, giving unpredictable results.                                     
            Be careful with '--eval-mode=all'. If using camera optimization, the cameras    nerfstudio_dataparser.py:216
           may diverge in the current implementation, giving unpredictable results.                                     
[gpu1_w0] ratio3_sh0_dense__f1259 -> ok (108.1s)
[00:13:00]  Be careful with '--eval-mode=all'. If using camera optimization, the cameras    nerfstudio_dataparser.py:216
           may diverge in the current implementation, giving unpredictable results.                                     
            Be careful with '--eval-mode=all'. If using camera optimization, the cameras    nerfstudio_dataparser.py:216
           may diverge in the current implementation, giving unpredictable results.                                     
           use color only optimization with sigmoid activation                                         splatfacto.py:266
[gpu1_w2] ratio3_sh0_dense__f1258 -> ok (108.8s)
           use color only optimization with sigmoid activation                                         splatfacto.py:266
[gpu0_w4] ratio3_sh0_dense__f1263 -> ok (105.9s)
Loading latest checkpoint from load_dir
✅ Done loading checkpoint from 
outputs/ctrl_009_043_ratio3_sh0_dense_mid200/ratio3_sh0_dense/f1262/splatfacto/2026-08-21_001116/nerfstudio_models/step-
000001999.ckpt
0 Gaussians have NaN/Inf and 2 have low opacity, only export 720/722
[00:13:01]  Be careful with '--eval-mode=all'. If using camera optimization, the cameras    nerfstudio_dataparser.py:216
           may diverge in the current implementation, giving unpredictable results.                                     
            Be careful with '--eval-mode=all'. If using camera optimization, the cameras    nerfstudio_dataparser.py:216
           may diverge in the current implementation, giving unpredictable results.                                     
Loading latest checkpoint from load_dir
✅ Done loading checkpoint from 
outputs/ctrl_009_043_ratio3_sh0_dense_mid200/ratio3_sh0_dense/f1267/splatfacto/2026-08-21_001117/nerfstudio_models/step-
000001999.ckpt
0 Gaussians have NaN/Inf and 8 have low opacity, only export 667/675
           use color only optimization with sigmoid activation                                         splatfacto.py:266
[gpu0_w0] ratio3_sh0_dense__f1261 -> ok (107.8s)
Loading latest checkpoint from load_dir
✅ Done loading checkpoint from 
outputs/ctrl_009_043_ratio3_sh0_dense_mid200/ratio3_sh0_dense/f1265/splatfacto/2026-08-21_001116/nerfstudio_models/step-
000001999.ckpt
0 Gaussians have NaN/Inf and 13 have low opacity, only export 668/681
[gpu1_w1] ratio3_sh0_dense__f1264 -> ok (107.3s)
Loading latest checkpoint from load_dir
✅ Done loading checkpoint from 
outputs/ctrl_009_043_ratio3_sh0_dense_mid200/ratio3_sh0_dense/f1266/splatfacto/2026-08-21_001117/nerfstudio_models/step-
000001999.ckpt
0 Gaussians have NaN/Inf and 7 have low opacity, only export 702/709
[gpu0_w2] ratio3_sh0_dense__f1262 -> ok (108.8s)
[gpu1_w4] ratio3_sh0_dense__f1267 -> ok (107.5s)
[gpu0_w5] ratio3_sh0_dense__f1265 -> ok (108.0s)
[gpu1_w5] ratio3_sh0_dense__f1266 -> ok (108.4s)
[00:14:49]  Be careful with '--eval-mode=all'. If using camera optimization, the cameras    nerfstudio_dataparser.py:216
           may diverge in the current implementation, giving unpredictable results.                                     
            Be careful with '--eval-mode=all'. If using camera optimization, the cameras    nerfstudio_dataparser.py:216
           may diverge in the current implementation, giving unpredictable results.                                     
[00:14:50] use color only optimization with sigmoid activation                                         splatfacto.py:266
Loading latest checkpoint from load_dir
✅ Done loading checkpoint from 
outputs/ctrl_009_043_ratio3_sh0_dense_mid200/ratio3_sh0_dense/f1268/splatfacto/2026-08-21_001307/nerfstudio_models/step-
000001999.ckpt
0 Gaussians have NaN/Inf and 3 have low opacity, only export 713/716
[00:14:52]  Be careful with '--eval-mode=all'. If using camera optimization, the cameras    nerfstudio_dataparser.py:216
           may diverge in the current implementation, giving unpredictable results.                                     
            Be careful with '--eval-mode=all'. If using camera optimization, the cameras    nerfstudio_dataparser.py:216
           may diverge in the current implementation, giving unpredictable results.                                     
           use color only optimization with sigmoid activation                                         splatfacto.py:266
[00:14:52]  Be careful with '--eval-mode=all'. If using camera optimization, the cameras    nerfstudio_dataparser.py:216
           may diverge in the current implementation, giving unpredictable results.                                     
            Be careful with '--eval-mode=all'. If using camera optimization, the cameras    nerfstudio_dataparser.py:216
           may diverge in the current implementation, giving unpredictable results.                                     
           use color only optimization with sigmoid activation                                         splatfacto.py:266
[gpu0_w3] ratio3_sh0_dense__f1268 -> ok (108.7s)
Loading latest checkpoint from load_dir
✅ Done loading checkpoint from 
outputs/ctrl_009_043_ratio3_sh0_dense_mid200/ratio3_sh0_dense/f1273/splatfacto/2026-08-21_001309/nerfstudio_models/step-
000001999.ckpt
0 Gaussians have NaN/Inf and 3 have low opacity, only export 587/590
[00:14:53]  Be careful with '--eval-mode=all'. If using camera optimization, the cameras    nerfstudio_dataparser.py:216
           may diverge in the current implementation, giving unpredictable results.                                     
            Be careful with '--eval-mode=all'. If using camera optimization, the cameras    nerfstudio_dataparser.py:216
           may diverge in the current implementation, giving unpredictable results.                                     
[00:14:53]  Be careful with '--eval-mode=all'. If using camera optimization, the cameras    nerfstudio_dataparser.py:216
           may diverge in the current implementation, giving unpredictable results.                                     
            Be careful with '--eval-mode=all'. If using camera optimization, the cameras    nerfstudio_dataparser.py:216
           may diverge in the current implementation, giving unpredictable results.                                     
[00:14:53]  Be careful with '--eval-mode=all'. If using camera optimization, the cameras    nerfstudio_dataparser.py:216
           may diverge in the current implementation, giving unpredictable results.                                     
            Be careful with '--eval-mode=all'. If using camera optimization, the cameras    nerfstudio_dataparser.py:216
           may diverge in the current implementation, giving unpredictable results.                                     
Loading latest checkpoint from load_dir
           use color only optimization with sigmoid activation                                         splatfacto.py:266
✅ Done loading checkpoint from 
outputs/ctrl_009_043_ratio3_sh0_dense_mid200/ratio3_sh0_dense/f1269/splatfacto/2026-08-21_001308/nerfstudio_models/step-
000001999.ckpt
0 Gaussians have NaN/Inf and 7 have low opacity, only export 730/737
           use color only optimization with sigmoid activation                                         splatfacto.py:266
           use color only optimization with sigmoid activation                                         splatfacto.py:266
[00:14:54]  Be careful with '--eval-mode=all'. If using camera optimization, the cameras    nerfstudio_dataparser.py:216
           may diverge in the current implementation, giving unpredictable results.                                     
            Be careful with '--eval-mode=all'. If using camera optimization, the cameras    nerfstudio_dataparser.py:216
           may diverge in the current implementation, giving unpredictable results.                                     
           use color only optimization with sigmoid activation                                         splatfacto.py:266
Loading latest checkpoint from load_dir
✅ Done loading checkpoint from 
outputs/ctrl_009_043_ratio3_sh0_dense_mid200/ratio3_sh0_dense/f1274/splatfacto/2026-08-21_001309/nerfstudio_models/step-
000001999.ckpt
0 Gaussians have NaN/Inf and 4 have low opacity, only export 754/758
Loading latest checkpoint from load_dir
✅ Done loading checkpoint from 
outputs/ctrl_009_043_ratio3_sh0_dense_mid200/ratio3_sh0_dense/f1271/splatfacto/2026-08-21_001308/nerfstudio_models/step-
000001999.ckpt
0 Gaussians have NaN/Inf and 8 have low opacity, only export 693/701
Loading latest checkpoint from load_dir
✅ Done loading checkpoint from 
outputs/ctrl_009_043_ratio3_sh0_dense_mid200/ratio3_sh0_dense/f1270/splatfacto/2026-08-21_001309/nerfstudio_models/step-
000001999.ckpt
0 Gaussians have NaN/Inf and 5 have low opacity, only export 694/699
[00:14:55]  Be careful with '--eval-mode=all'. If using camera optimization, the cameras    nerfstudio_dataparser.py:216
           may diverge in the current implementation, giving unpredictable results.                                     
            Be careful with '--eval-mode=all'. If using camera optimization, the cameras    nerfstudio_dataparser.py:216
           may diverge in the current implementation, giving unpredictable results.                                     
[00:14:55]  Be careful with '--eval-mode=all'. If using camera optimization, the cameras    nerfstudio_dataparser.py:216
           may diverge in the current implementation, giving unpredictable results.                                     
            Be careful with '--eval-mode=all'. If using camera optimization, the cameras    nerfstudio_dataparser.py:216
           may diverge in the current implementation, giving unpredictable results.                                     
Loading latest checkpoint from load_dir
[gpu0_w4] ratio3_sh0_dense__f1273 -> ok (107.5s)
✅ Done loading checkpoint from 
outputs/ctrl_009_043_ratio3_sh0_dense_mid200/ratio3_sh0_dense/f1272/splatfacto/2026-08-21_001309/nerfstudio_models/step-
000001999.ckpt
0 Gaussians have NaN/Inf and 4 have low opacity, only export 629/633
[00:14:55]  Be careful with '--eval-mode=all'. If using camera optimization, the cameras    nerfstudio_dataparser.py:216
           may diverge in the current implementation, giving unpredictable results.                                     
            Be careful with '--eval-mode=all'. If using camera optimization, the cameras    nerfstudio_dataparser.py:216
           may diverge in the current implementation, giving unpredictable results.                                     
[00:14:55]  Be careful with '--eval-mode=all'. If using camera optimization, the cameras    nerfstudio_dataparser.py:216
           may diverge in the current implementation, giving unpredictable results.                                     
            Be careful with '--eval-mode=all'. If using camera optimization, the cameras    nerfstudio_dataparser.py:216
           may diverge in the current implementation, giving unpredictable results.                                     
           use color only optimization with sigmoid activation                                         splatfacto.py:266
           use color only optimization with sigmoid activation                                         splatfacto.py:266
           use color only optimization with sigmoid activation                                         splatfacto.py:266
           use color only optimization with sigmoid activation                                         splatfacto.py:266
[gpu1_w3] ratio3_sh0_dense__f1269 -> ok (108.7s)
[00:14:55]  Be careful with '--eval-mode=all'. If using camera optimization, the cameras    nerfstudio_dataparser.py:216
           may diverge in the current implementation, giving unpredictable results.                                     
            Be careful with '--eval-mode=all'. If using camera optimization, the cameras    nerfstudio_dataparser.py:216
           may diverge in the current implementation, giving unpredictable results.                                     
[00:14:56] use color only optimization with sigmoid activation                                         splatfacto.py:266
Loading latest checkpoint from load_dir
✅ Done loading checkpoint from 
outputs/ctrl_009_043_ratio3_sh0_dense_mid200/ratio3_sh0_dense/f1278/splatfacto/2026-08-21_001311/nerfstudio_models/step-
000001999.ckpt
0 Gaussians have NaN/Inf and 4 have low opacity, only export 967/971
Loading latest checkpoint from load_dir
[gpu0_w0] ratio3_sh0_dense__f1274 -> ok (107.8s)
✅ Done loading checkpoint from 
outputs/ctrl_009_043_ratio3_sh0_dense_mid200/ratio3_sh0_dense/f1275/splatfacto/2026-08-21_001311/nerfstudio_models/step-
000001999.ckpt
0 Gaussians have NaN/Inf and 7 have low opacity, only export 728/735
Loading latest checkpoint from load_dir
✅ Done loading checkpoint from 
outputs/ctrl_009_043_ratio3_sh0_dense_mid200/ratio3_sh0_dense/f1276/splatfacto/2026-08-21_001311/nerfstudio_models/step-
000001999.ckpt
Loading latest checkpoint from load_dir
0 Gaussians have NaN/Inf and 2 have low opacity, only export 835/837
✅ Done loading checkpoint from 
outputs/ctrl_009_043_ratio3_sh0_dense_mid200/ratio3_sh0_dense/f1277/splatfacto/2026-08-21_001310/nerfstudio_models/step-
000001999.ckpt
0 Gaussians have NaN/Inf and 4 have low opacity, only export 912/916
[gpu1_w0] ratio3_sh0_dense__f1271 -> ok (109.1s)
[gpu0_w1] ratio3_sh0_dense__f1270 -> ok (109.3s)
Loading latest checkpoint from load_dir
✅ Done loading checkpoint from 
outputs/ctrl_009_043_ratio3_sh0_dense_mid200/ratio3_sh0_dense/f1279/splatfacto/2026-08-21_001312/nerfstudio_models/step-
000001999.ckpt
[gpu1_w2] ratio3_sh0_dense__f1272 -> ok (109.4s)
[gpu0_w5] ratio3_sh0_dense__f1278 -> ok (108.0s)
[gpu1_w1] ratio3_sh0_dense__f1275 -> ok (109.3s)
[gpu0_w2] ratio3_sh0_dense__f1276 -> ok (108.7s)
[gpu1_w4] ratio3_sh0_dense__f1277 -> ok (108.2s)
[gpu1_w5] ratio3_sh0_dense__f1279 -> ok (107.7s)
[00:16:48]  Be careful with '--eval-mode=all'. If using camera optimization, the cameras    nerfstudio_dataparser.py:216
           may diverge in the current implementation, giving unpredictable results.                                     
            Be careful with '--eval-mode=all'. If using camera optimization, the cameras    nerfstudio_dataparser.py:216
           may diverge in the current implementation, giving unpredictable results.                                     
[00:16:49] use color only optimization with sigmoid activation                                         splatfacto.py:266
Loading latest checkpoint from load_dir
✅ Done loading checkpoint from 
outputs/ctrl_009_043_ratio3_sh0_dense_mid200/ratio3_sh0_dense/f1280/splatfacto/2026-08-21_001504/nerfstudio_models/step-
000001999.ckpt
0 Gaussians have NaN/Inf and 4 have low opacity, only export 881/885
[00:16:50]  Be careful with '--eval-mode=all'. If using camera optimization, the cameras    nerfstudio_dataparser.py:216
           may diverge in the current implementation, giving unpredictable results.                                     
            Be careful with '--eval-mode=all'. If using camera optimization, the cameras    nerfstudio_dataparser.py:216
           may diverge in the current implementation, giving unpredictable results.                                     
[00:16:50]  Be careful with '--eval-mode=all'. If using camera optimization, the cameras    nerfstudio_dataparser.py:216
           may diverge in the current implementation, giving unpredictable results.                                     
            Be careful with '--eval-mode=all'. If using camera optimization, the cameras    nerfstudio_dataparser.py:216
           may diverge in the current implementation, giving unpredictable results.                                     
           use color only optimization with sigmoid activation                                         splatfacto.py:266
           use color only optimization with sigmoid activation                                         splatfacto.py:266
[00:16:50]  Be careful with '--eval-mode=all'. If using camera optimization, the cameras    nerfstudio_dataparser.py:216
           may diverge in the current implementation, giving unpredictable results.                                     
[00:16:50]  Be careful with '--eval-mode=all'. If using camera optimization, the cameras    nerfstudio_dataparser.py:216
           may diverge in the current implementation, giving unpredictable results.                                     
            Be careful with '--eval-mode=all'. If using camera optimization, the cameras    nerfstudio_dataparser.py:216
           may diverge in the current implementation, giving unpredictable results.                                     
            Be careful with '--eval-mode=all'. If using camera optimization, the cameras    nerfstudio_dataparser.py:216
           may diverge in the current implementation, giving unpredictable results.                                     
[00:16:51] use color only optimization with sigmoid activation                                         splatfacto.py:266
[00:16:51] use color only optimization with sigmoid activation                                         splatfacto.py:266
Loading latest checkpoint from load_dir
✅ Done loading checkpoint from 
outputs/ctrl_009_043_ratio3_sh0_dense_mid200/ratio3_sh0_dense/f1281/splatfacto/2026-08-21_001506/nerfstudio_models/step-
000001999.ckpt
0 Gaussians have NaN/Inf and 3 have low opacity, only export 951/954
[00:16:51]  Be careful with '--eval-mode=all'. If using camera optimization, the cameras    nerfstudio_dataparser.py:216
           may diverge in the current implementation, giving unpredictable results.                                     
            Be careful with '--eval-mode=all'. If using camera optimization, the cameras    nerfstudio_dataparser.py:216
           may diverge in the current implementation, giving unpredictable results.                                     
Loading latest checkpoint from load_dir
✅ Done loading checkpoint from 
outputs/ctrl_009_043_ratio3_sh0_dense_mid200/ratio3_sh0_dense/f1286/splatfacto/2026-08-21_001506/nerfstudio_models/step-
000001999.ckpt
0 Gaussians have NaN/Inf and 2 have low opacity, only export 831/833
           use color only optimization with sigmoid activation                                         splatfacto.py:266
[gpu0_w3] ratio3_sh0_dense__f1280 -> ok (110.1s)
Loading latest checkpoint from load_dir
✅ Done loading checkpoint from 
outputs/ctrl_009_043_ratio3_sh0_dense_mid200/ratio3_sh0_dense/f1284/splatfacto/2026-08-21_001506/nerfstudio_models/step-
000001999.ckpt
0 Gaussians have NaN/Inf and 1 have low opacity, only export 916/917
Loading latest checkpoint from load_dir
[00:16:52]  Be careful with '--eval-mode=all'. If using camera optimization, the cameras    nerfstudio_dataparser.py:216
           may diverge in the current implementation, giving unpredictable results.                                     
            Be careful with '--eval-mode=all'. If using camera optimization, the cameras    nerfstudio_dataparser.py:216
           may diverge in the current implementation, giving unpredictable results.                                     
✅ Done loading checkpoint from 
outputs/ctrl_009_043_ratio3_sh0_dense_mid200/ratio3_sh0_dense/f1285/splatfacto/2026-08-21_001507/nerfstudio_models/step-
000001999.ckpt
0 Gaussians have NaN/Inf and 3 have low opacity, only export 909/912
           use color only optimization with sigmoid activation                                         splatfacto.py:266
Loading latest checkpoint from load_dir
✅ Done loading checkpoint from 
outputs/ctrl_009_043_ratio3_sh0_dense_mid200/ratio3_sh0_dense/f1283/splatfacto/2026-08-21_001506/nerfstudio_models/step-
000001999.ckpt
[00:16:52]  Be careful with '--eval-mode=all'. If using camera optimization, the cameras    nerfstudio_dataparser.py:216
           may diverge in the current implementation, giving unpredictable results.                                     
0 Gaussians have NaN/Inf and 4 have low opacity, only export 1069/1073
            Be careful with '--eval-mode=all'. If using camera optimization, the cameras    nerfstudio_dataparser.py:216
           may diverge in the current implementation, giving unpredictable results.                                     
           use color only optimization with sigmoid activation                                         splatfacto.py:266
[00:16:52]  Be careful with '--eval-mode=all'. If using camera optimization, the cameras    nerfstudio_dataparser.py:216
           may diverge in the current implementation, giving unpredictable results.                                     
            Be careful with '--eval-mode=all'. If using camera optimization, the cameras    nerfstudio_dataparser.py:216
           may diverge in the current implementation, giving unpredictable results.                                     
[00:16:53] use color only optimization with sigmoid activation                                         splatfacto.py:266
Loading latest checkpoint from load_dir
✅ Done loading checkpoint from 
outputs/ctrl_009_043_ratio3_sh0_dense_mid200/ratio3_sh0_dense/f1288/splatfacto/2026-08-21_001507/nerfstudio_models/step-
000001999.ckpt
0 Gaussians have NaN/Inf and 3 have low opacity, only export 869/872
[gpu0_w4] ratio3_sh0_dense__f1281 -> ok (109.4s)
[00:16:53]  Be careful with '--eval-mode=all'. If using camera optimization, the cameras    nerfstudio_dataparser.py:216
           may diverge in the current implementation, giving unpredictable results.                                     
            Be careful with '--eval-mode=all'. If using camera optimization, the cameras    nerfstudio_dataparser.py:216
           may diverge in the current implementation, giving unpredictable results.                                     
[gpu1_w2] ratio3_sh0_dense__f1286 -> ok (107.7s)
Loading latest checkpoint from load_dir
✅ Done loading checkpoint from 
outputs/ctrl_009_043_ratio3_sh0_dense_mid200/ratio3_sh0_dense/f1282/splatfacto/2026-08-21_001506/nerfstudio_models/step-
000001999.ckpt
0 Gaussians have NaN/Inf and 2 have low opacity, only export 997/999
           use color only optimization with sigmoid activation                                         splatfacto.py:266
[00:16:53]  Be careful with '--eval-mode=all'. If using camera optimization, the cameras    nerfstudio_dataparser.py:216
           may diverge in the current implementation, giving unpredictable results.                                     
            Be careful with '--eval-mode=all'. If using camera optimization, the cameras    nerfstudio_dataparser.py:216
           may diverge in the current implementation, giving unpredictable results.                                     
[gpu1_w0] ratio3_sh0_dense__f1284 -> ok (108.7s)
Loading latest checkpoint from load_dir
✅ Done loading checkpoint from 
outputs/ctrl_009_043_ratio3_sh0_dense_mid200/ratio3_sh0_dense/f1291/splatfacto/2026-08-21_001508/nerfstudio_models/step-
000001999.ckpt
0 Gaussians have NaN/Inf and 1 have low opacity, only export 899/900
[00:16:54] use color only optimization with sigmoid activation                                         splatfacto.py:266
[00:16:54]  Be careful with '--eval-mode=all'. If using camera optimization, the cameras    nerfstudio_dataparser.py:216
           may diverge in the current implementation, giving unpredictable results.                                     
            Be careful with '--eval-mode=all'. If using camera optimization, the cameras    nerfstudio_dataparser.py:216
           may diverge in the current implementation, giving unpredictable results.                                     
[gpu0_w1] ratio3_sh0_dense__f1285 -> ok (108.8s)
           use color only optimization with sigmoid activation                                         splatfacto.py:266
[gpu0_w0] ratio3_sh0_dense__f1283 -> ok (109.3s)
Loading latest checkpoint from load_dir
✅ Done loading checkpoint from 
outputs/ctrl_009_043_ratio3_sh0_dense_mid200/ratio3_sh0_dense/f1287/splatfacto/2026-08-21_001509/nerfstudio_models/step-
000001999.ckpt
[gpu1_w1] ratio3_sh0_dense__f1288 -> ok (107.8s)
Loading latest checkpoint from load_dir
✅ Done loading checkpoint from 
outputs/ctrl_009_043_ratio3_sh0_dense_mid200/ratio3_sh0_dense/f1289/splatfacto/2026-08-21_001509/nerfstudio_models/step-
000001999.ckpt
Loading latest checkpoint from load_dir
✅ Done loading checkpoint from 
outputs/ctrl_009_043_ratio3_sh0_dense_mid200/ratio3_sh0_dense/f1290/splatfacto/2026-08-21_001509/nerfstudio_models/step-
000001999.ckpt
0 Gaussians have NaN/Inf and 4 have low opacity, only export 907/911
[gpu1_w3] ratio3_sh0_dense__f1282 -> ok (111.0s)
[gpu1_w5] ratio3_sh0_dense__f1291 -> ok (108.4s)
[gpu1_w5] queue drained: 16 ok, 0 failed
[gpu0_w5] ratio3_sh0_dense__f1287 -> ok (109.3s)
[gpu0_w5] queue drained: 16 ok, 0 failed
[gpu0_w2] ratio3_sh0_dense__f1289 -> ok (109.6s)
[gpu0_w2] queue drained: 16 ok, 0 failed
[gpu1_w4] ratio3_sh0_dense__f1290 -> ok (109.7s)
[gpu1_w4] queue drained: 16 ok, 0 failed
[00:18:18]  Be careful with '--eval-mode=all'. If using camera optimization, the cameras    nerfstudio_dataparser.py:216
           may diverge in the current implementation, giving unpredictable results.                                     
            Be careful with '--eval-mode=all'. If using camera optimization, the cameras    nerfstudio_dataparser.py:216
           may diverge in the current implementation, giving unpredictable results.                                     
[00:18:19] use color only optimization with sigmoid activation                                         splatfacto.py:266
Loading latest checkpoint from load_dir
✅ Done loading checkpoint from 
outputs/ctrl_009_043_ratio3_sh0_dense_mid200/ratio3_sh0_dense/f1294/splatfacto/2026-08-21_001700/nerfstudio_models/step-
000001999.ckpt
0 Gaussians have NaN/Inf and 2 have low opacity, only export 777/779
[00:18:19]  Be careful with '--eval-mode=all'. If using camera optimization, the cameras    nerfstudio_dataparser.py:216
           may diverge in the current implementation, giving unpredictable results.                                     
            Be careful with '--eval-mode=all'. If using camera optimization, the cameras    nerfstudio_dataparser.py:216
           may diverge in the current implementation, giving unpredictable results.                                     
[00:18:20] use color only optimization with sigmoid activation                                         splatfacto.py:266
[00:18:20]  Be careful with '--eval-mode=all'. If using camera optimization, the cameras    nerfstudio_dataparser.py:216
           may diverge in the current implementation, giving unpredictable results.                                     
            Be careful with '--eval-mode=all'. If using camera optimization, the cameras    nerfstudio_dataparser.py:216
           may diverge in the current implementation, giving unpredictable results.                                     
           use color only optimization with sigmoid activation                                         splatfacto.py:266
Loading latest checkpoint from load_dir
✅ Done loading checkpoint from 
outputs/ctrl_009_043_ratio3_sh0_dense_mid200/ratio3_sh0_dense/f1296/splatfacto/2026-08-21_001701/nerfstudio_models/step-
000001999.ckpt
0 Gaussians have NaN/Inf and 4 have low opacity, only export 829/833
Loading latest checkpoint from load_dir
✅ Done loading checkpoint from 
outputs/ctrl_009_043_ratio3_sh0_dense_mid200/ratio3_sh0_dense/f1292/splatfacto/2026-08-21_001659/nerfstudio_models/step-
000001999.ckpt
0 Gaussians have NaN/Inf and 6 have low opacity, only export 882/888
[gpu1_w2] ratio3_sh0_dense__f1294 -> ok (83.0s)
[gpu1_w2] queue drained: 17 ok, 0 failed
[00:18:21]  Be careful with '--eval-mode=all'. If using camera optimization, the cameras    nerfstudio_dataparser.py:216
           may diverge in the current implementation, giving unpredictable results.                                     
            Be careful with '--eval-mode=all'. If using camera optimization, the cameras    nerfstudio_dataparser.py:216
           may diverge in the current implementation, giving unpredictable results.                                     
           use color only optimization with sigmoid activation                                         splatfacto.py:266
[00:18:22]  Be careful with '--eval-mode=all'. If using camera optimization, the cameras    nerfstudio_dataparser.py:216
           may diverge in the current implementation, giving unpredictable results.                                     
            Be careful with '--eval-mode=all'. If using camera optimization, the cameras    nerfstudio_dataparser.py:216
           may diverge in the current implementation, giving unpredictable results.                                     
[00:18:22]  Be careful with '--eval-mode=all'. If using camera optimization, the cameras    nerfstudio_dataparser.py:216
           may diverge in the current implementation, giving unpredictable results.                                     
            Be careful with '--eval-mode=all'. If using camera optimization, the cameras    nerfstudio_dataparser.py:216
           may diverge in the current implementation, giving unpredictable results.                                     
           use color only optimization with sigmoid activation                                         splatfacto.py:266
           use color only optimization with sigmoid activation                                         splatfacto.py:266
[gpu0_w1] ratio3_sh0_dense__f1296 -> ok (83.6s)
[gpu0_w1] queue drained: 17 ok, 0 failed
Loading latest checkpoint from load_dir
✅ Done loading checkpoint from 
outputs/ctrl_009_043_ratio3_sh0_dense_mid200/ratio3_sh0_dense/f1299/splatfacto/2026-08-21_001701/nerfstudio_models/step-
000001999.ckpt
0 Gaussians have NaN/Inf and 5 have low opacity, only export 752/757
[gpu0_w3] ratio3_sh0_dense__f1292 -> ok (86.2s)
[gpu0_w3] queue drained: 17 ok, 0 failed
[00:18:23]  Be careful with '--eval-mode=all'. If using camera optimization, the cameras    nerfstudio_dataparser.py:216
           may diverge in the current implementation, giving unpredictable results.                                     
            Be careful with '--eval-mode=all'. If using camera optimization, the cameras    nerfstudio_dataparser.py:216
           may diverge in the current implementation, giving unpredictable results.                                     
Loading latest checkpoint from load_dir
✅ Done loading checkpoint from 
outputs/ctrl_009_043_ratio3_sh0_dense_mid200/ratio3_sh0_dense/f1297/splatfacto/2026-08-21_001701/nerfstudio_models/step-
000001999.ckpt
0 Gaussians have NaN/Inf and 11 have low opacity, only export 748/759
           use color only optimization with sigmoid activation                                         splatfacto.py:266
Loading latest checkpoint from load_dir
✅ Done loading checkpoint from 
outputs/ctrl_009_043_ratio3_sh0_dense_mid200/ratio3_sh0_dense/f1295/splatfacto/2026-08-21_001702/nerfstudio_models/step-
000001999.ckpt
0 Gaussians have NaN/Inf and 1 have low opacity, only export 860/861
[00:18:23]  Be careful with '--eval-mode=all'. If using camera optimization, the cameras    nerfstudio_dataparser.py:216
           may diverge in the current implementation, giving unpredictable results.                                     
            Be careful with '--eval-mode=all'. If using camera optimization, the cameras    nerfstudio_dataparser.py:216
           may diverge in the current implementation, giving unpredictable results.                                     
           use color only optimization with sigmoid activation                                         splatfacto.py:266
Loading latest checkpoint from load_dir
✅ Done loading checkpoint from 
outputs/ctrl_009_043_ratio3_sh0_dense_mid200/ratio3_sh0_dense/f1298/splatfacto/2026-08-21_001701/nerfstudio_models/step-
000001999.ckpt
0 Gaussians have NaN/Inf and 4 have low opacity, only export 730/734
[gpu1_w3] ratio3_sh0_dense__f1299 -> ok (83.9s)
[gpu1_w3] queue drained: 17 ok, 0 failed
Loading latest checkpoint from load_dir
✅ Done loading checkpoint from 
outputs/ctrl_009_043_ratio3_sh0_dense_mid200/ratio3_sh0_dense/f1293/splatfacto/2026-08-21_001701/nerfstudio_models/step-
000001999.ckpt
0 Gaussians have NaN/Inf and 1 have low opacity, only export 804/805
[gpu0_w0] ratio3_sh0_dense__f1297 -> ok (85.4s)
[gpu0_w0] queue drained: 17 ok, 0 failed
[gpu1_w0] ratio3_sh0_dense__f1295 -> ok (86.1s)
[gpu1_w0] queue drained: 17 ok, 0 failed
[gpu1_w1] ratio3_sh0_dense__f1298 -> ok (85.9s)
[gpu1_w1] queue drained: 17 ok, 0 failed
[gpu0_w4] ratio3_sh0_dense__f1293 -> ok (87.9s)
[gpu0_w4] queue drained: 17 ok, 0 failed
Surviving points (all 4 cameras): 2004
After outlier removal: 1932 points
Saved -> /home/computer0/fly_project/fly_gsplat/ctrl_009/043/f1298/init_points.ply
[prepare] frame 1298 data ready
Dataset generated successfully at: /home/computer0/fly_project/fly_gsplat/ctrl_009/043/f1299
4 cameras loaded
Seed: [-0.00113006  0.00695988  0.01369561]  triangulation residual=0.118 mm
Sampled 10000 points in 2mm sphere
Surviving points (all 4 cameras): 2020
After outlier removal: 1936 points
Saved -> /home/computer0/fly_project/fly_gsplat/ctrl_009/043/f1299/init_points.ply
[prepare] frame 1299 data ready
=== Phase B: build queue ===
[queue] 200 tasks queued, 0 already done (skipped)
=== Phase C: dispatch 2x6 workers ===
Done in 1828.9s: 200 ok, 0 failed -> /home/computer0/fly_project/fly_gsplat/outputs/ctrl_009_043_ratio3_sh0_dense_mid200/schedule_summary.json
