
============================================================
ctrl_009_033_ratio3_sh0_dense_mid200  (raw_data_dir=/home/computer0/fly_project/fly_gsplat/ctrl_009/033)
============================================================
== 未检测到T3标注，从raw splat.ply开始跑T1-T3 ==
  [T1] gaussian_features (跳过已算过的帧) ...
  [T1][f1100] computed -> /home/computer0/fly_project/fly_gsplat/outputs/ctrl_009_033_ratio3_sh0_dense_mid200/ratio3_sh0_dense/f1100/splatfacto/2026-08-20_215518/gaussian_features_f1100.csv
  [T1][f1101] computed -> /home/computer0/fly_project/fly_gsplat/outputs/ctrl_009_033_ratio3_sh0_dense_mid200/ratio3_sh0_dense/f1101/splatfacto/2026-08-20_215518/gaussian_features_f1101.csv
  [T1][f1102] computed -> /home/computer0/fly_project/fly_gsplat/outputs/ctrl_009_033_ratio3_sh0_dense_mid200/ratio3_sh0_dense/f1102/splatfacto/2026-08-20_215518/gaussian_features_f1102.csv
  [T1][f1103] computed -> /home/computer0/fly_project/fly_gsplat/outputs/ctrl_009_033_ratio3_sh0_dense_mid200/ratio3_sh0_dense/f1103/splatfacto/2026-08-20_215518/gaussian_features_f1103.csv
  [T1][f1104] computed -> /home/computer0/fly_project/fly_gsplat/outputs/ctrl_009_033_ratio3_sh0_dense_mid200/ratio3_sh0_dense/f1104/splatfacto/2026-08-20_215517/gaussian_features_f1104.csv
  [T1][f1105] computed -> /home/computer0/fly_project/fly_gsplat/outputs/ctrl_009_033_ratio3_sh0_dense_mid200/ratio3_sh0_dense/f1105/splatfacto/2026-08-20_215518/gaussian_features_f1105.csv
  [T1][f1106] computed -> /home/computer0/fly_project/fly_gsplat/outputs/ctrl_009_033_ratio3_sh0_dense_mid200/ratio3_sh0_dense/f1106/splatfacto/2026-08-20_215518/gaussian_features_f1106.csv
  [T1][f1107] computed -> /home/computer0/fly_project/fly_gsplat/outputs/ctrl_009_033_ratio3_sh0_dense_mid200/ratio3_sh0_dense/f1107/splatfacto/2026-08-20_215518/gaussian_features_f1107.csv
  [T1][f1108] computed -> /home/computer0/fly_project/fly_gsplat/outputs/ctrl_009_033_ratio3_sh0_dense_mid200/ratio3_sh0_dense/f1108/splatfacto/2026-08-20_215518/gaussian_features_f1108.csv
  [T1][f1109] computed -> /home/computer0/fly_project/fly_gsplat/outputs/ctrl_009_033_ratio3_sh0_dense_mid200/ratio3_sh0_dense/f1109/splatfacto/2026-08-20_215517/gaussian_features_f1109.csv
  [T1][f1110] computed -> /home/computer0/fly_project/fly_gsplat/outputs/ctrl_009_033_ratio3_sh0_dense_mid200/ratio3_sh0_dense/f1110/splatfacto/2026-08-20_215517/gaussian_features_f1110.csv
  [T1][f1111] computed -> /home/computer0/fly_project/fly_gsplat/outputs/ctrl_009_033_ratio3_sh0_dense_mid200/ratio3_sh0_dense/f1111/splatfacto/2026-08-20_215517/gaussian_features_f1111.csv
  [T1][f1112] computed -> /home/computer0/fly_project/fly_gsplat/outputs/ctrl_009_033_ratio3_sh0_dense_mid200/ratio3_sh0_dense/f1112/splatfacto/2026-08-20_215716/gaussian_features_f1112.csv
  [T1][f1113] computed -> /home/computer0/fly_project/fly_gsplat/outputs/ctrl_009_033_ratio3_sh0_dense_mid200/ratio3_sh0_dense/f1113/splatfacto/2026-08-20_215716/gaussian_features_f1113.csv
  [T1][f1114] computed -> /home/computer0/fly_project/fly_gsplat/outputs/ctrl_009_033_ratio3_sh0_dense_mid200/ratio3_sh0_dense/f1114/splatfacto/2026-08-20_215715/gaussian_features_f1114.csv
  [T1][f1115] computed -> /home/computer0/fly_project/fly_gsplat/outputs/ctrl_009_033_ratio3_sh0_dense_mid200/ratio3_sh0_dense/f1115/splatfacto/2026-08-20_215716/gaussian_features_f1115.csv
  [T1][f1116] computed -> /home/computer0/fly_project/fly_gsplat/outputs/ctrl_009_033_ratio3_sh0_dense_mid200/ratio3_sh0_dense/f1116/splatfacto/2026-08-20_215716/gaussian_features_f1116.csv
  [T1][f1117] computed -> /home/computer0/fly_project/fly_gsplat/outputs/ctrl_009_033_ratio3_sh0_dense_mid200/ratio3_sh0_dense/f1117/splatfacto/2026-08-20_215717/gaussian_features_f1117.csv
  [T1][f1118] computed -> /home/computer0/fly_project/fly_gsplat/outputs/ctrl_009_033_ratio3_sh0_dense_mid200/ratio3_sh0_dense/f1118/splatfacto/2026-08-20_215717/gaussian_features_f1118.csv
  [T1][f1119] computed -> /home/computer0/fly_project/fly_gsplat/outputs/ctrl_009_033_ratio3_sh0_dense_mid200/ratio3_sh0_dense/f1119/splatfacto/2026-08-20_215715/gaussian_features_f1119.csv
  [T1][f1120] computed -> /home/computer0/fly_project/fly_gsplat/outputs/ctrl_009_033_ratio3_sh0_dense_mid200/ratio3_sh0_dense/f1120/splatfacto/2026-08-20_215717/gaussian_features_f1120.csv
  [T1][f1121] computed -> /home/computer0/fly_project/fly_gsplat/outputs/ctrl_009_033_ratio3_sh0_dense_mid200/ratio3_sh0_dense/f1121/splatfacto/2026-08-20_215717/gaussian_features_f1121.csv
  [T1][f1122] computed -> /home/computer0/fly_project/fly_gsplat/outputs/ctrl_009_033_ratio3_sh0_dense_mid200/ratio3_sh0_dense/f1122/splatfacto/2026-08-20_215718/gaussian_features_f1122.csv
  [T1][f1123] computed -> /home/computer0/fly_project/fly_gsplat/outputs/ctrl_009_033_ratio3_sh0_dense_mid200/ratio3_sh0_dense/f1123/splatfacto/2026-08-20_215716/gaussian_features_f1123.csv
  [T1][f1124] computed -> /home/computer0/fly_project/fly_gsplat/outputs/ctrl_009_033_ratio3_sh0_dense_mid200/ratio3_sh0_dense/f1124/splatfacto/2026-08-20_215912/gaussian_features_f1124.csv
  [T1][f1125] computed -> /home/computer0/fly_project/fly_gsplat/outputs/ctrl_009_033_ratio3_sh0_dense_mid200/ratio3_sh0_dense/f1125/splatfacto/2026-08-20_215912/gaussian_features_f1125.csv
  [T1][f1126] computed -> /home/computer0/fly_project/fly_gsplat/outputs/ctrl_009_033_ratio3_sh0_dense_mid200/ratio3_sh0_dense/f1126/splatfacto/2026-08-20_215912/gaussian_features_f1126.csv
  [T1][f1127] computed -> /home/computer0/fly_project/fly_gsplat/outputs/ctrl_009_033_ratio3_sh0_dense_mid200/ratio3_sh0_dense/f1127/splatfacto/2026-08-20_215913/gaussian_features_f1127.csv
  [T1][f1128] computed -> /home/computer0/fly_project/fly_gsplat/outputs/ctrl_009_033_ratio3_sh0_dense_mid200/ratio3_sh0_dense/f1128/splatfacto/2026-08-20_215913/gaussian_features_f1128.csv
  [T1][f1129] computed -> /home/computer0/fly_project/fly_gsplat/outputs/ctrl_009_033_ratio3_sh0_dense_mid200/ratio3_sh0_dense/f1129/splatfacto/2026-08-20_215913/gaussian_features_f1129.csv
  [T1][f1130] computed -> /home/computer0/fly_project/fly_gsplat/outputs/ctrl_009_033_ratio3_sh0_dense_mid200/ratio3_sh0_dense/f1130/splatfacto/2026-08-20_215913/gaussian_features_f1130.csv
  [T1][f1131] computed -> /home/computer0/fly_project/fly_gsplat/outputs/ctrl_009_033_ratio3_sh0_dense_mid200/ratio3_sh0_dense/f1131/splatfacto/2026-08-20_215914/gaussian_features_f1131.csv
  [T1][f1132] computed -> /home/computer0/fly_project/fly_gsplat/outputs/ctrl_009_033_ratio3_sh0_dense_mid200/ratio3_sh0_dense/f1132/splatfacto/2026-08-20_215913/gaussian_features_f1132.csv
  [T1][f1133] computed -> /home/computer0/fly_project/fly_gsplat/outputs/ctrl_009_033_ratio3_sh0_dense_mid200/ratio3_sh0_dense/f1133/splatfacto/2026-08-20_215914/gaussian_features_f1133.csv
  [T1][f1134] computed -> /home/computer0/fly_project/fly_gsplat/outputs/ctrl_009_033_ratio3_sh0_dense_mid200/ratio3_sh0_dense/f1134/splatfacto/2026-08-20_215912/gaussian_features_f1134.csv
  [T1][f1135] computed -> /home/computer0/fly_project/fly_gsplat/outputs/ctrl_009_033_ratio3_sh0_dense_mid200/ratio3_sh0_dense/f1135/splatfacto/2026-08-20_215912/gaussian_features_f1135.csv
  [T1][f1136] computed -> /home/computer0/fly_project/fly_gsplat/outputs/ctrl_009_033_ratio3_sh0_dense_mid200/ratio3_sh0_dense/f1136/splatfacto/2026-08-20_220108/gaussian_features_f1136.csv
  [T1][f1137] computed -> /home/computer0/fly_project/fly_gsplat/outputs/ctrl_009_033_ratio3_sh0_dense_mid200/ratio3_sh0_dense/f1137/splatfacto/2026-08-20_220109/gaussian_features_f1137.csv
  [T1][f1138] computed -> /home/computer0/fly_project/fly_gsplat/outputs/ctrl_009_033_ratio3_sh0_dense_mid200/ratio3_sh0_dense/f1138/splatfacto/2026-08-20_220109/gaussian_features_f1138.csv
  [T1][f1139] computed -> /home/computer0/fly_project/fly_gsplat/outputs/ctrl_009_033_ratio3_sh0_dense_mid200/ratio3_sh0_dense/f1139/splatfacto/2026-08-20_220110/gaussian_features_f1139.csv
  [T1][f1140] computed -> /home/computer0/fly_project/fly_gsplat/outputs/ctrl_009_033_ratio3_sh0_dense_mid200/ratio3_sh0_dense/f1140/splatfacto/2026-08-20_220110/gaussian_features_f1140.csv
  [T1][f1141] computed -> /home/computer0/fly_project/fly_gsplat/outputs/ctrl_009_033_ratio3_sh0_dense_mid200/ratio3_sh0_dense/f1141/splatfacto/2026-08-20_220111/gaussian_features_f1141.csv
  [T1][f1142] computed -> /home/computer0/fly_project/fly_gsplat/outputs/ctrl_009_033_ratio3_sh0_dense_mid200/ratio3_sh0_dense/f1142/splatfacto/2026-08-20_220111/gaussian_features_f1142.csv
  [T1][f1143] computed -> /home/computer0/fly_project/fly_gsplat/outputs/ctrl_009_033_ratio3_sh0_dense_mid200/ratio3_sh0_dense/f1143/splatfacto/2026-08-20_220111/gaussian_features_f1143.csv
  [T1][f1144] computed -> /home/computer0/fly_project/fly_gsplat/outputs/ctrl_009_033_ratio3_sh0_dense_mid200/ratio3_sh0_dense/f1144/splatfacto/2026-08-20_220111/gaussian_features_f1144.csv
  [T1][f1145] computed -> /home/computer0/fly_project/fly_gsplat/outputs/ctrl_009_033_ratio3_sh0_dense_mid200/ratio3_sh0_dense/f1145/splatfacto/2026-08-20_220110/gaussian_features_f1145.csv
  [T1][f1146] computed -> /home/computer0/fly_project/fly_gsplat/outputs/ctrl_009_033_ratio3_sh0_dense_mid200/ratio3_sh0_dense/f1146/splatfacto/2026-08-20_220111/gaussian_features_f1146.csv
  [T1][f1147] computed -> /home/computer0/fly_project/fly_gsplat/outputs/ctrl_009_033_ratio3_sh0_dense_mid200/ratio3_sh0_dense/f1147/splatfacto/2026-08-20_220111/gaussian_features_f1147.csv
  [T1][f1148] computed -> /home/computer0/fly_project/fly_gsplat/outputs/ctrl_009_033_ratio3_sh0_dense_mid200/ratio3_sh0_dense/f1148/splatfacto/2026-08-20_220302/gaussian_features_f1148.csv
  [T1][f1149] computed -> /home/computer0/fly_project/fly_gsplat/outputs/ctrl_009_033_ratio3_sh0_dense_mid200/ratio3_sh0_dense/f1149/splatfacto/2026-08-20_220305/gaussian_features_f1149.csv
  [T1][f1150] computed -> /home/computer0/fly_project/fly_gsplat/outputs/ctrl_009_033_ratio3_sh0_dense_mid200/ratio3_sh0_dense/f1150/splatfacto/2026-08-20_220305/gaussian_features_f1150.csv
  [T1][f1151] computed -> /home/computer0/fly_project/fly_gsplat/outputs/ctrl_009_033_ratio3_sh0_dense_mid200/ratio3_sh0_dense/f1151/splatfacto/2026-08-20_220305/gaussian_features_f1151.csv
  [T1][f1152] computed -> /home/computer0/fly_project/fly_gsplat/outputs/ctrl_009_033_ratio3_sh0_dense_mid200/ratio3_sh0_dense/f1152/splatfacto/2026-08-20_220305/gaussian_features_f1152.csv
  [T1][f1153] computed -> /home/computer0/fly_project/fly_gsplat/outputs/ctrl_009_033_ratio3_sh0_dense_mid200/ratio3_sh0_dense/f1153/splatfacto/2026-08-20_220306/gaussian_features_f1153.csv
  [T1][f1154] computed -> /home/computer0/fly_project/fly_gsplat/outputs/ctrl_009_033_ratio3_sh0_dense_mid200/ratio3_sh0_dense/f1154/splatfacto/2026-08-20_220306/gaussian_features_f1154.csv
  [T1][f1155] computed -> /home/computer0/fly_project/fly_gsplat/outputs/ctrl_009_033_ratio3_sh0_dense_mid200/ratio3_sh0_dense/f1155/splatfacto/2026-08-20_220306/gaussian_features_f1155.csv
  [T1][f1156] computed -> /home/computer0/fly_project/fly_gsplat/outputs/ctrl_009_033_ratio3_sh0_dense_mid200/ratio3_sh0_dense/f1156/splatfacto/2026-08-20_220306/gaussian_features_f1156.csv
  [T1][f1157] computed -> /home/computer0/fly_project/fly_gsplat/outputs/ctrl_009_033_ratio3_sh0_dense_mid200/ratio3_sh0_dense/f1157/splatfacto/2026-08-20_220307/gaussian_features_f1157.csv
  [T1][f1158] computed -> /home/computer0/fly_project/fly_gsplat/outputs/ctrl_009_033_ratio3_sh0_dense_mid200/ratio3_sh0_dense/f1158/splatfacto/2026-08-20_220306/gaussian_features_f1158.csv
  [T1][f1159] computed -> /home/computer0/fly_project/fly_gsplat/outputs/ctrl_009_033_ratio3_sh0_dense_mid200/ratio3_sh0_dense/f1159/splatfacto/2026-08-20_220307/gaussian_features_f1159.csv
  [T1][f1160] computed -> /home/computer0/fly_project/fly_gsplat/outputs/ctrl_009_033_ratio3_sh0_dense_mid200/ratio3_sh0_dense/f1160/splatfacto/2026-08-20_220457/gaussian_features_f1160.csv
  [T1][f1161] computed -> /home/computer0/fly_project/fly_gsplat/outputs/ctrl_009_033_ratio3_sh0_dense_mid200/ratio3_sh0_dense/f1161/splatfacto/2026-08-20_220500/gaussian_features_f1161.csv
  [T1][f1162] computed -> /home/computer0/fly_project/fly_gsplat/outputs/ctrl_009_033_ratio3_sh0_dense_mid200/ratio3_sh0_dense/f1162/splatfacto/2026-08-20_220501/gaussian_features_f1162.csv
  [T1][f1163] computed -> /home/computer0/fly_project/fly_gsplat/outputs/ctrl_009_033_ratio3_sh0_dense_mid200/ratio3_sh0_dense/f1163/splatfacto/2026-08-20_220501/gaussian_features_f1163.csv
  [T1][f1164] computed -> /home/computer0/fly_project/fly_gsplat/outputs/ctrl_009_033_ratio3_sh0_dense_mid200/ratio3_sh0_dense/f1164/splatfacto/2026-08-20_220500/gaussian_features_f1164.csv
  [T1][f1165] computed -> /home/computer0/fly_project/fly_gsplat/outputs/ctrl_009_033_ratio3_sh0_dense_mid200/ratio3_sh0_dense/f1165/splatfacto/2026-08-20_220501/gaussian_features_f1165.csv
  [T1][f1166] computed -> /home/computer0/fly_project/fly_gsplat/outputs/ctrl_009_033_ratio3_sh0_dense_mid200/ratio3_sh0_dense/f1166/splatfacto/2026-08-20_220501/gaussian_features_f1166.csv
  [T1][f1167] computed -> /home/computer0/fly_project/fly_gsplat/outputs/ctrl_009_033_ratio3_sh0_dense_mid200/ratio3_sh0_dense/f1167/splatfacto/2026-08-20_220501/gaussian_features_f1167.csv
  [T1][f1168] computed -> /home/computer0/fly_project/fly_gsplat/outputs/ctrl_009_033_ratio3_sh0_dense_mid200/ratio3_sh0_dense/f1168/splatfacto/2026-08-20_220500/gaussian_features_f1168.csv
  [T1][f1169] computed -> /home/computer0/fly_project/fly_gsplat/outputs/ctrl_009_033_ratio3_sh0_dense_mid200/ratio3_sh0_dense/f1169/splatfacto/2026-08-20_220500/gaussian_features_f1169.csv
  [T1][f1170] computed -> /home/computer0/fly_project/fly_gsplat/outputs/ctrl_009_033_ratio3_sh0_dense_mid200/ratio3_sh0_dense/f1170/splatfacto/2026-08-20_220501/gaussian_features_f1170.csv
  [T1][f1171] computed -> /home/computer0/fly_project/fly_gsplat/outputs/ctrl_009_033_ratio3_sh0_dense_mid200/ratio3_sh0_dense/f1171/splatfacto/2026-08-20_220501/gaussian_features_f1171.csv
  [T1][f1172] computed -> /home/computer0/fly_project/fly_gsplat/outputs/ctrl_009_033_ratio3_sh0_dense_mid200/ratio3_sh0_dense/f1172/splatfacto/2026-08-20_220654/gaussian_features_f1172.csv
  [T1][f1173] computed -> /home/computer0/fly_project/fly_gsplat/outputs/ctrl_009_033_ratio3_sh0_dense_mid200/ratio3_sh0_dense/f1173/splatfacto/2026-08-20_220657/gaussian_features_f1173.csv
  [T1][f1174] computed -> /home/computer0/fly_project/fly_gsplat/outputs/ctrl_009_033_ratio3_sh0_dense_mid200/ratio3_sh0_dense/f1174/splatfacto/2026-08-20_220657/gaussian_features_f1174.csv
  [T1][f1175] computed -> /home/computer0/fly_project/fly_gsplat/outputs/ctrl_009_033_ratio3_sh0_dense_mid200/ratio3_sh0_dense/f1175/splatfacto/2026-08-20_220658/gaussian_features_f1175.csv
  [T1][f1176] computed -> /home/computer0/fly_project/fly_gsplat/outputs/ctrl_009_033_ratio3_sh0_dense_mid200/ratio3_sh0_dense/f1176/splatfacto/2026-08-20_220658/gaussian_features_f1176.csv
  [T1][f1177] computed -> /home/computer0/fly_project/fly_gsplat/outputs/ctrl_009_033_ratio3_sh0_dense_mid200/ratio3_sh0_dense/f1177/splatfacto/2026-08-20_220658/gaussian_features_f1177.csv
  [T1][f1178] computed -> /home/computer0/fly_project/fly_gsplat/outputs/ctrl_009_033_ratio3_sh0_dense_mid200/ratio3_sh0_dense/f1178/splatfacto/2026-08-20_220659/gaussian_features_f1178.csv
  [T1][f1179] computed -> /home/computer0/fly_project/fly_gsplat/outputs/ctrl_009_033_ratio3_sh0_dense_mid200/ratio3_sh0_dense/f1179/splatfacto/2026-08-20_220658/gaussian_features_f1179.csv
  [T1][f1180] computed -> /home/computer0/fly_project/fly_gsplat/outputs/ctrl_009_033_ratio3_sh0_dense_mid200/ratio3_sh0_dense/f1180/splatfacto/2026-08-20_220659/gaussian_features_f1180.csv
  [T1][f1181] computed -> /home/computer0/fly_project/fly_gsplat/outputs/ctrl_009_033_ratio3_sh0_dense_mid200/ratio3_sh0_dense/f1181/splatfacto/2026-08-20_220658/gaussian_features_f1181.csv
  [T1][f1182] computed -> /home/computer0/fly_project/fly_gsplat/outputs/ctrl_009_033_ratio3_sh0_dense_mid200/ratio3_sh0_dense/f1182/splatfacto/2026-08-20_220659/gaussian_features_f1182.csv
  [T1][f1183] computed -> /home/computer0/fly_project/fly_gsplat/outputs/ctrl_009_033_ratio3_sh0_dense_mid200/ratio3_sh0_dense/f1183/splatfacto/2026-08-20_220658/gaussian_features_f1183.csv
  [T1][f1184] computed -> /home/computer0/fly_project/fly_gsplat/outputs/ctrl_009_033_ratio3_sh0_dense_mid200/ratio3_sh0_dense/f1184/splatfacto/2026-08-20_220849/gaussian_features_f1184.csv
  [T1][f1185] computed -> /home/computer0/fly_project/fly_gsplat/outputs/ctrl_009_033_ratio3_sh0_dense_mid200/ratio3_sh0_dense/f1185/splatfacto/2026-08-20_220852/gaussian_features_f1185.csv
  [T1][f1186] computed -> /home/computer0/fly_project/fly_gsplat/outputs/ctrl_009_033_ratio3_sh0_dense_mid200/ratio3_sh0_dense/f1186/splatfacto/2026-08-20_220853/gaussian_features_f1186.csv
  [T1][f1187] computed -> /home/computer0/fly_project/fly_gsplat/outputs/ctrl_009_033_ratio3_sh0_dense_mid200/ratio3_sh0_dense/f1187/splatfacto/2026-08-20_220854/gaussian_features_f1187.csv
  [T1][f1188] computed -> /home/computer0/fly_project/fly_gsplat/outputs/ctrl_009_033_ratio3_sh0_dense_mid200/ratio3_sh0_dense/f1188/splatfacto/2026-08-20_220854/gaussian_features_f1188.csv
  [T1][f1189] computed -> /home/computer0/fly_project/fly_gsplat/outputs/ctrl_009_033_ratio3_sh0_dense_mid200/ratio3_sh0_dense/f1189/splatfacto/2026-08-20_220854/gaussian_features_f1189.csv
  [T1][f1190] computed -> /home/computer0/fly_project/fly_gsplat/outputs/ctrl_009_033_ratio3_sh0_dense_mid200/ratio3_sh0_dense/f1190/splatfacto/2026-08-20_220854/gaussian_features_f1190.csv
  [T1][f1191] computed -> /home/computer0/fly_project/fly_gsplat/outputs/ctrl_009_033_ratio3_sh0_dense_mid200/ratio3_sh0_dense/f1191/splatfacto/2026-08-20_220854/gaussian_features_f1191.csv
  [T1][f1192] computed -> /home/computer0/fly_project/fly_gsplat/outputs/ctrl_009_033_ratio3_sh0_dense_mid200/ratio3_sh0_dense/f1192/splatfacto/2026-08-20_220852/gaussian_features_f1192.csv
  [T1][f1193] computed -> /home/computer0/fly_project/fly_gsplat/outputs/ctrl_009_033_ratio3_sh0_dense_mid200/ratio3_sh0_dense/f1193/splatfacto/2026-08-20_220854/gaussian_features_f1193.csv
  [T1][f1194] computed -> /home/computer0/fly_project/fly_gsplat/outputs/ctrl_009_033_ratio3_sh0_dense_mid200/ratio3_sh0_dense/f1194/splatfacto/2026-08-20_220855/gaussian_features_f1194.csv
  [T1][f1195] computed -> /home/computer0/fly_project/fly_gsplat/outputs/ctrl_009_033_ratio3_sh0_dense_mid200/ratio3_sh0_dense/f1195/splatfacto/2026-08-20_220855/gaussian_features_f1195.csv
  [T1][f1196] computed -> /home/computer0/fly_project/fly_gsplat/outputs/ctrl_009_033_ratio3_sh0_dense_mid200/ratio3_sh0_dense/f1196/splatfacto/2026-08-20_221044/gaussian_features_f1196.csv
  [T1][f1197] computed -> /home/computer0/fly_project/fly_gsplat/outputs/ctrl_009_033_ratio3_sh0_dense_mid200/ratio3_sh0_dense/f1197/splatfacto/2026-08-20_221045/gaussian_features_f1197.csv
  [T1][f1198] computed -> /home/computer0/fly_project/fly_gsplat/outputs/ctrl_009_033_ratio3_sh0_dense_mid200/ratio3_sh0_dense/f1198/splatfacto/2026-08-20_221047/gaussian_features_f1198.csv
  [T1][f1199] computed -> /home/computer0/fly_project/fly_gsplat/outputs/ctrl_009_033_ratio3_sh0_dense_mid200/ratio3_sh0_dense/f1199/splatfacto/2026-08-20_221048/gaussian_features_f1199.csv
  [T1][f1200] computed -> /home/computer0/fly_project/fly_gsplat/outputs/ctrl_009_033_ratio3_sh0_dense_mid200/ratio3_sh0_dense/f1200/splatfacto/2026-08-20_221047/gaussian_features_f1200.csv
  [T1][f1201] computed -> /home/computer0/fly_project/fly_gsplat/outputs/ctrl_009_033_ratio3_sh0_dense_mid200/ratio3_sh0_dense/f1201/splatfacto/2026-08-20_221048/gaussian_features_f1201.csv
  [T1][f1202] computed -> /home/computer0/fly_project/fly_gsplat/outputs/ctrl_009_033_ratio3_sh0_dense_mid200/ratio3_sh0_dense/f1202/splatfacto/2026-08-20_221049/gaussian_features_f1202.csv
  [T1][f1203] computed -> /home/computer0/fly_project/fly_gsplat/outputs/ctrl_009_033_ratio3_sh0_dense_mid200/ratio3_sh0_dense/f1203/splatfacto/2026-08-20_221050/gaussian_features_f1203.csv
  [T1][f1204] computed -> /home/computer0/fly_project/fly_gsplat/outputs/ctrl_009_033_ratio3_sh0_dense_mid200/ratio3_sh0_dense/f1204/splatfacto/2026-08-20_221049/gaussian_features_f1204.csv
  [T1][f1205] computed -> /home/computer0/fly_project/fly_gsplat/outputs/ctrl_009_033_ratio3_sh0_dense_mid200/ratio3_sh0_dense/f1205/splatfacto/2026-08-20_221048/gaussian_features_f1205.csv
  [T1][f1206] computed -> /home/computer0/fly_project/fly_gsplat/outputs/ctrl_009_033_ratio3_sh0_dense_mid200/ratio3_sh0_dense/f1206/splatfacto/2026-08-20_221049/gaussian_features_f1206.csv
  [T1][f1207] computed -> /home/computer0/fly_project/fly_gsplat/outputs/ctrl_009_033_ratio3_sh0_dense_mid200/ratio3_sh0_dense/f1207/splatfacto/2026-08-20_221049/gaussian_features_f1207.csv
  [T1][f1208] computed -> /home/computer0/fly_project/fly_gsplat/outputs/ctrl_009_033_ratio3_sh0_dense_mid200/ratio3_sh0_dense/f1208/splatfacto/2026-08-20_221242/gaussian_features_f1208.csv
  [T1][f1209] computed -> /home/computer0/fly_project/fly_gsplat/outputs/ctrl_009_033_ratio3_sh0_dense_mid200/ratio3_sh0_dense/f1209/splatfacto/2026-08-20_221242/gaussian_features_f1209.csv
  [T1][f1210] computed -> /home/computer0/fly_project/fly_gsplat/outputs/ctrl_009_033_ratio3_sh0_dense_mid200/ratio3_sh0_dense/f1210/splatfacto/2026-08-20_221245/gaussian_features_f1210.csv
  [T1][f1211] computed -> /home/computer0/fly_project/fly_gsplat/outputs/ctrl_009_033_ratio3_sh0_dense_mid200/ratio3_sh0_dense/f1211/splatfacto/2026-08-20_221245/gaussian_features_f1211.csv
  [T1][f1212] computed -> /home/computer0/fly_project/fly_gsplat/outputs/ctrl_009_033_ratio3_sh0_dense_mid200/ratio3_sh0_dense/f1212/splatfacto/2026-08-20_221245/gaussian_features_f1212.csv
  [T1][f1213] computed -> /home/computer0/fly_project/fly_gsplat/outputs/ctrl_009_033_ratio3_sh0_dense_mid200/ratio3_sh0_dense/f1213/splatfacto/2026-08-20_221245/gaussian_features_f1213.csv
  [T1][f1214] computed -> /home/computer0/fly_project/fly_gsplat/outputs/ctrl_009_033_ratio3_sh0_dense_mid200/ratio3_sh0_dense/f1214/splatfacto/2026-08-20_221246/gaussian_features_f1214.csv
  [T1][f1215] computed -> /home/computer0/fly_project/fly_gsplat/outputs/ctrl_009_033_ratio3_sh0_dense_mid200/ratio3_sh0_dense/f1215/splatfacto/2026-08-20_221247/gaussian_features_f1215.csv
  [T1][f1216] computed -> /home/computer0/fly_project/fly_gsplat/outputs/ctrl_009_033_ratio3_sh0_dense_mid200/ratio3_sh0_dense/f1216/splatfacto/2026-08-20_221246/gaussian_features_f1216.csv
  [T1][f1217] computed -> /home/computer0/fly_project/fly_gsplat/outputs/ctrl_009_033_ratio3_sh0_dense_mid200/ratio3_sh0_dense/f1217/splatfacto/2026-08-20_221246/gaussian_features_f1217.csv
  [T1][f1218] computed -> /home/computer0/fly_project/fly_gsplat/outputs/ctrl_009_033_ratio3_sh0_dense_mid200/ratio3_sh0_dense/f1218/splatfacto/2026-08-20_221247/gaussian_features_f1218.csv
  [T1][f1219] computed -> /home/computer0/fly_project/fly_gsplat/outputs/ctrl_009_033_ratio3_sh0_dense_mid200/ratio3_sh0_dense/f1219/splatfacto/2026-08-20_221248/gaussian_features_f1219.csv
  [T1][f1220] computed -> /home/computer0/fly_project/fly_gsplat/outputs/ctrl_009_033_ratio3_sh0_dense_mid200/ratio3_sh0_dense/f1220/splatfacto/2026-08-20_221437/gaussian_features_f1220.csv
  [T1][f1221] computed -> /home/computer0/fly_project/fly_gsplat/outputs/ctrl_009_033_ratio3_sh0_dense_mid200/ratio3_sh0_dense/f1221/splatfacto/2026-08-20_221437/gaussian_features_f1221.csv
  [T1][f1222] computed -> /home/computer0/fly_project/fly_gsplat/outputs/ctrl_009_033_ratio3_sh0_dense_mid200/ratio3_sh0_dense/f1222/splatfacto/2026-08-20_221439/gaussian_features_f1222.csv
  [T1][f1223] computed -> /home/computer0/fly_project/fly_gsplat/outputs/ctrl_009_033_ratio3_sh0_dense_mid200/ratio3_sh0_dense/f1223/splatfacto/2026-08-20_221439/gaussian_features_f1223.csv
  [T1][f1224] computed -> /home/computer0/fly_project/fly_gsplat/outputs/ctrl_009_033_ratio3_sh0_dense_mid200/ratio3_sh0_dense/f1224/splatfacto/2026-08-20_221439/gaussian_features_f1224.csv
  [T1][f1225] computed -> /home/computer0/fly_project/fly_gsplat/outputs/ctrl_009_033_ratio3_sh0_dense_mid200/ratio3_sh0_dense/f1225/splatfacto/2026-08-20_221440/gaussian_features_f1225.csv
  [T1][f1226] computed -> /home/computer0/fly_project/fly_gsplat/outputs/ctrl_009_033_ratio3_sh0_dense_mid200/ratio3_sh0_dense/f1226/splatfacto/2026-08-20_221440/gaussian_features_f1226.csv
  [T1][f1227] computed -> /home/computer0/fly_project/fly_gsplat/outputs/ctrl_009_033_ratio3_sh0_dense_mid200/ratio3_sh0_dense/f1227/splatfacto/2026-08-20_221440/gaussian_features_f1227.csv
  [T1][f1228] computed -> /home/computer0/fly_project/fly_gsplat/outputs/ctrl_009_033_ratio3_sh0_dense_mid200/ratio3_sh0_dense/f1228/splatfacto/2026-08-20_221439/gaussian_features_f1228.csv
  [T1][f1229] computed -> /home/computer0/fly_project/fly_gsplat/outputs/ctrl_009_033_ratio3_sh0_dense_mid200/ratio3_sh0_dense/f1229/splatfacto/2026-08-20_221440/gaussian_features_f1229.csv
  [T1][f1230] computed -> /home/computer0/fly_project/fly_gsplat/outputs/ctrl_009_033_ratio3_sh0_dense_mid200/ratio3_sh0_dense/f1230/splatfacto/2026-08-20_221441/gaussian_features_f1230.csv
  [T1][f1231] computed -> /home/computer0/fly_project/fly_gsplat/outputs/ctrl_009_033_ratio3_sh0_dense_mid200/ratio3_sh0_dense/f1231/splatfacto/2026-08-20_221442/gaussian_features_f1231.csv
  [T1][f1232] computed -> /home/computer0/fly_project/fly_gsplat/outputs/ctrl_009_033_ratio3_sh0_dense_mid200/ratio3_sh0_dense/f1232/splatfacto/2026-08-20_221631/gaussian_features_f1232.csv
  [T1][f1233] computed -> /home/computer0/fly_project/fly_gsplat/outputs/ctrl_009_033_ratio3_sh0_dense_mid200/ratio3_sh0_dense/f1233/splatfacto/2026-08-20_221632/gaussian_features_f1233.csv
  [T1][f1234] computed -> /home/computer0/fly_project/fly_gsplat/outputs/ctrl_009_033_ratio3_sh0_dense_mid200/ratio3_sh0_dense/f1234/splatfacto/2026-08-20_221632/gaussian_features_f1234.csv
  [T1][f1235] computed -> /home/computer0/fly_project/fly_gsplat/outputs/ctrl_009_033_ratio3_sh0_dense_mid200/ratio3_sh0_dense/f1235/splatfacto/2026-08-20_221632/gaussian_features_f1235.csv
  [T1][f1236] computed -> /home/computer0/fly_project/fly_gsplat/outputs/ctrl_009_033_ratio3_sh0_dense_mid200/ratio3_sh0_dense/f1236/splatfacto/2026-08-20_221634/gaussian_features_f1236.csv
  [T1][f1237] computed -> /home/computer0/fly_project/fly_gsplat/outputs/ctrl_009_033_ratio3_sh0_dense_mid200/ratio3_sh0_dense/f1237/splatfacto/2026-08-20_221635/gaussian_features_f1237.csv
  [T1][f1238] computed -> /home/computer0/fly_project/fly_gsplat/outputs/ctrl_009_033_ratio3_sh0_dense_mid200/ratio3_sh0_dense/f1238/splatfacto/2026-08-20_221634/gaussian_features_f1238.csv
  [T1][f1239] computed -> /home/computer0/fly_project/fly_gsplat/outputs/ctrl_009_033_ratio3_sh0_dense_mid200/ratio3_sh0_dense/f1239/splatfacto/2026-08-20_221635/gaussian_features_f1239.csv
  [T1][f1240] computed -> /home/computer0/fly_project/fly_gsplat/outputs/ctrl_009_033_ratio3_sh0_dense_mid200/ratio3_sh0_dense/f1240/splatfacto/2026-08-20_221633/gaussian_features_f1240.csv
  [T1][f1241] computed -> /home/computer0/fly_project/fly_gsplat/outputs/ctrl_009_033_ratio3_sh0_dense_mid200/ratio3_sh0_dense/f1241/splatfacto/2026-08-20_221636/gaussian_features_f1241.csv
  [T1][f1242] computed -> /home/computer0/fly_project/fly_gsplat/outputs/ctrl_009_033_ratio3_sh0_dense_mid200/ratio3_sh0_dense/f1242/splatfacto/2026-08-20_221635/gaussian_features_f1242.csv
  [T1][f1243] computed -> /home/computer0/fly_project/fly_gsplat/outputs/ctrl_009_033_ratio3_sh0_dense_mid200/ratio3_sh0_dense/f1243/splatfacto/2026-08-20_221639/gaussian_features_f1243.csv
  [T1][f1244] computed -> /home/computer0/fly_project/fly_gsplat/outputs/ctrl_009_033_ratio3_sh0_dense_mid200/ratio3_sh0_dense/f1244/splatfacto/2026-08-20_221829/gaussian_features_f1244.csv
  [T1][f1245] computed -> /home/computer0/fly_project/fly_gsplat/outputs/ctrl_009_033_ratio3_sh0_dense_mid200/ratio3_sh0_dense/f1245/splatfacto/2026-08-20_221830/gaussian_features_f1245.csv
  [T1][f1246] computed -> /home/computer0/fly_project/fly_gsplat/outputs/ctrl_009_033_ratio3_sh0_dense_mid200/ratio3_sh0_dense/f1246/splatfacto/2026-08-20_221830/gaussian_features_f1246.csv
  [T1][f1247] computed -> /home/computer0/fly_project/fly_gsplat/outputs/ctrl_009_033_ratio3_sh0_dense_mid200/ratio3_sh0_dense/f1247/splatfacto/2026-08-20_221831/gaussian_features_f1247.csv
  [T1][f1248] computed -> /home/computer0/fly_project/fly_gsplat/outputs/ctrl_009_033_ratio3_sh0_dense_mid200/ratio3_sh0_dense/f1248/splatfacto/2026-08-20_221831/gaussian_features_f1248.csv
  [T1][f1249] computed -> /home/computer0/fly_project/fly_gsplat/outputs/ctrl_009_033_ratio3_sh0_dense_mid200/ratio3_sh0_dense/f1249/splatfacto/2026-08-20_221830/gaussian_features_f1249.csv
  [T1][f1250] computed -> /home/computer0/fly_project/fly_gsplat/outputs/ctrl_009_033_ratio3_sh0_dense_mid200/ratio3_sh0_dense/f1250/splatfacto/2026-08-20_221832/gaussian_features_f1250.csv
  [T1][f1251] computed -> /home/computer0/fly_project/fly_gsplat/outputs/ctrl_009_033_ratio3_sh0_dense_mid200/ratio3_sh0_dense/f1251/splatfacto/2026-08-20_221831/gaussian_features_f1251.csv
  [T1][f1252] computed -> /home/computer0/fly_project/fly_gsplat/outputs/ctrl_009_033_ratio3_sh0_dense_mid200/ratio3_sh0_dense/f1252/splatfacto/2026-08-20_221833/gaussian_features_f1252.csv
  [T1][f1253] computed -> /home/computer0/fly_project/fly_gsplat/outputs/ctrl_009_033_ratio3_sh0_dense_mid200/ratio3_sh0_dense/f1253/splatfacto/2026-08-20_221833/gaussian_features_f1253.csv
  [T1][f1254] computed -> /home/computer0/fly_project/fly_gsplat/outputs/ctrl_009_033_ratio3_sh0_dense_mid200/ratio3_sh0_dense/f1254/splatfacto/2026-08-20_221834/gaussian_features_f1254.csv
  [T1][f1255] computed -> /home/computer0/fly_project/fly_gsplat/outputs/ctrl_009_033_ratio3_sh0_dense_mid200/ratio3_sh0_dense/f1255/splatfacto/2026-08-20_221833/gaussian_features_f1255.csv
  [T1][f1256] computed -> /home/computer0/fly_project/fly_gsplat/outputs/ctrl_009_033_ratio3_sh0_dense_mid200/ratio3_sh0_dense/f1256/splatfacto/2026-08-20_222024/gaussian_features_f1256.csv
  [T1][f1257] computed -> /home/computer0/fly_project/fly_gsplat/outputs/ctrl_009_033_ratio3_sh0_dense_mid200/ratio3_sh0_dense/f1257/splatfacto/2026-08-20_222025/gaussian_features_f1257.csv
  [T1][f1258] computed -> /home/computer0/fly_project/fly_gsplat/outputs/ctrl_009_033_ratio3_sh0_dense_mid200/ratio3_sh0_dense/f1258/splatfacto/2026-08-20_222025/gaussian_features_f1258.csv
  [T1][f1259] computed -> /home/computer0/fly_project/fly_gsplat/outputs/ctrl_009_033_ratio3_sh0_dense_mid200/ratio3_sh0_dense/f1259/splatfacto/2026-08-20_222026/gaussian_features_f1259.csv
  [T1][f1260] computed -> /home/computer0/fly_project/fly_gsplat/outputs/ctrl_009_033_ratio3_sh0_dense_mid200/ratio3_sh0_dense/f1260/splatfacto/2026-08-20_222027/gaussian_features_f1260.csv
  [T1][f1261] computed -> /home/computer0/fly_project/fly_gsplat/outputs/ctrl_009_033_ratio3_sh0_dense_mid200/ratio3_sh0_dense/f1261/splatfacto/2026-08-20_222026/gaussian_features_f1261.csv
  [T1][f1262] computed -> /home/computer0/fly_project/fly_gsplat/outputs/ctrl_009_033_ratio3_sh0_dense_mid200/ratio3_sh0_dense/f1262/splatfacto/2026-08-20_222027/gaussian_features_f1262.csv
  [T1][f1263] computed -> /home/computer0/fly_project/fly_gsplat/outputs/ctrl_009_033_ratio3_sh0_dense_mid200/ratio3_sh0_dense/f1263/splatfacto/2026-08-20_222027/gaussian_features_f1263.csv
  [T1][f1264] computed -> /home/computer0/fly_project/fly_gsplat/outputs/ctrl_009_033_ratio3_sh0_dense_mid200/ratio3_sh0_dense/f1264/splatfacto/2026-08-20_222028/gaussian_features_f1264.csv
  [T1][f1265] computed -> /home/computer0/fly_project/fly_gsplat/outputs/ctrl_009_033_ratio3_sh0_dense_mid200/ratio3_sh0_dense/f1265/splatfacto/2026-08-20_222026/gaussian_features_f1265.csv
  [T1][f1266] computed -> /home/computer0/fly_project/fly_gsplat/outputs/ctrl_009_033_ratio3_sh0_dense_mid200/ratio3_sh0_dense/f1266/splatfacto/2026-08-20_222027/gaussian_features_f1266.csv
  [T1][f1267] computed -> /home/computer0/fly_project/fly_gsplat/outputs/ctrl_009_033_ratio3_sh0_dense_mid200/ratio3_sh0_dense/f1267/splatfacto/2026-08-20_222029/gaussian_features_f1267.csv
  [T1][f1268] computed -> /home/computer0/fly_project/fly_gsplat/outputs/ctrl_009_033_ratio3_sh0_dense_mid200/ratio3_sh0_dense/f1268/splatfacto/2026-08-20_222220/gaussian_features_f1268.csv
  [T1][f1269] computed -> /home/computer0/fly_project/fly_gsplat/outputs/ctrl_009_033_ratio3_sh0_dense_mid200/ratio3_sh0_dense/f1269/splatfacto/2026-08-20_222221/gaussian_features_f1269.csv
  [T1][f1270] computed -> /home/computer0/fly_project/fly_gsplat/outputs/ctrl_009_033_ratio3_sh0_dense_mid200/ratio3_sh0_dense/f1270/splatfacto/2026-08-20_222223/gaussian_features_f1270.csv
  [T1][f1271] computed -> /home/computer0/fly_project/fly_gsplat/outputs/ctrl_009_033_ratio3_sh0_dense_mid200/ratio3_sh0_dense/f1271/splatfacto/2026-08-20_222220/gaussian_features_f1271.csv
  [T1][f1272] computed -> /home/computer0/fly_project/fly_gsplat/outputs/ctrl_009_033_ratio3_sh0_dense_mid200/ratio3_sh0_dense/f1272/splatfacto/2026-08-20_222224/gaussian_features_f1272.csv
  [T1][f1273] computed -> /home/computer0/fly_project/fly_gsplat/outputs/ctrl_009_033_ratio3_sh0_dense_mid200/ratio3_sh0_dense/f1273/splatfacto/2026-08-20_222225/gaussian_features_f1273.csv
  [T1][f1274] computed -> /home/computer0/fly_project/fly_gsplat/outputs/ctrl_009_033_ratio3_sh0_dense_mid200/ratio3_sh0_dense/f1274/splatfacto/2026-08-20_222225/gaussian_features_f1274.csv
  [T1][f1275] computed -> /home/computer0/fly_project/fly_gsplat/outputs/ctrl_009_033_ratio3_sh0_dense_mid200/ratio3_sh0_dense/f1275/splatfacto/2026-08-20_222225/gaussian_features_f1275.csv
  [T1][f1276] computed -> /home/computer0/fly_project/fly_gsplat/outputs/ctrl_009_033_ratio3_sh0_dense_mid200/ratio3_sh0_dense/f1276/splatfacto/2026-08-20_222226/gaussian_features_f1276.csv
  [T1][f1277] computed -> /home/computer0/fly_project/fly_gsplat/outputs/ctrl_009_033_ratio3_sh0_dense_mid200/ratio3_sh0_dense/f1277/splatfacto/2026-08-20_222227/gaussian_features_f1277.csv
  [T1][f1278] computed -> /home/computer0/fly_project/fly_gsplat/outputs/ctrl_009_033_ratio3_sh0_dense_mid200/ratio3_sh0_dense/f1278/splatfacto/2026-08-20_222225/gaussian_features_f1278.csv
  [T1][f1279] computed -> /home/computer0/fly_project/fly_gsplat/outputs/ctrl_009_033_ratio3_sh0_dense_mid200/ratio3_sh0_dense/f1279/splatfacto/2026-08-20_222226/gaussian_features_f1279.csv
  [T1][f1280] computed -> /home/computer0/fly_project/fly_gsplat/outputs/ctrl_009_033_ratio3_sh0_dense_mid200/ratio3_sh0_dense/f1280/splatfacto/2026-08-20_222417/gaussian_features_f1280.csv
  [T1][f1281] computed -> /home/computer0/fly_project/fly_gsplat/outputs/ctrl_009_033_ratio3_sh0_dense_mid200/ratio3_sh0_dense/f1281/splatfacto/2026-08-20_222419/gaussian_features_f1281.csv
  [T1][f1282] computed -> /home/computer0/fly_project/fly_gsplat/outputs/ctrl_009_033_ratio3_sh0_dense_mid200/ratio3_sh0_dense/f1282/splatfacto/2026-08-20_222419/gaussian_features_f1282.csv
  [T1][f1283] computed -> /home/computer0/fly_project/fly_gsplat/outputs/ctrl_009_033_ratio3_sh0_dense_mid200/ratio3_sh0_dense/f1283/splatfacto/2026-08-20_222418/gaussian_features_f1283.csv
  [T1][f1284] computed -> /home/computer0/fly_project/fly_gsplat/outputs/ctrl_009_033_ratio3_sh0_dense_mid200/ratio3_sh0_dense/f1284/splatfacto/2026-08-20_222419/gaussian_features_f1284.csv
  [T1][f1285] computed -> /home/computer0/fly_project/fly_gsplat/outputs/ctrl_009_033_ratio3_sh0_dense_mid200/ratio3_sh0_dense/f1285/splatfacto/2026-08-20_222420/gaussian_features_f1285.csv
  [T1][f1286] computed -> /home/computer0/fly_project/fly_gsplat/outputs/ctrl_009_033_ratio3_sh0_dense_mid200/ratio3_sh0_dense/f1286/splatfacto/2026-08-20_222420/gaussian_features_f1286.csv
  [T1][f1287] computed -> /home/computer0/fly_project/fly_gsplat/outputs/ctrl_009_033_ratio3_sh0_dense_mid200/ratio3_sh0_dense/f1287/splatfacto/2026-08-20_222421/gaussian_features_f1287.csv
  [T1][f1288] computed -> /home/computer0/fly_project/fly_gsplat/outputs/ctrl_009_033_ratio3_sh0_dense_mid200/ratio3_sh0_dense/f1288/splatfacto/2026-08-20_222420/gaussian_features_f1288.csv
  [T1][f1289] computed -> /home/computer0/fly_project/fly_gsplat/outputs/ctrl_009_033_ratio3_sh0_dense_mid200/ratio3_sh0_dense/f1289/splatfacto/2026-08-20_222422/gaussian_features_f1289.csv
  [T1][f1290] computed -> /home/computer0/fly_project/fly_gsplat/outputs/ctrl_009_033_ratio3_sh0_dense_mid200/ratio3_sh0_dense/f1290/splatfacto/2026-08-20_222421/gaussian_features_f1290.csv
  [T1][f1291] computed -> /home/computer0/fly_project/fly_gsplat/outputs/ctrl_009_033_ratio3_sh0_dense_mid200/ratio3_sh0_dense/f1291/splatfacto/2026-08-20_222422/gaussian_features_f1291.csv
  [T1][f1292] computed -> /home/computer0/fly_project/fly_gsplat/outputs/ctrl_009_033_ratio3_sh0_dense_mid200/ratio3_sh0_dense/f1292/splatfacto/2026-08-20_222612/gaussian_features_f1292.csv
  [T1][f1293] computed -> /home/computer0/fly_project/fly_gsplat/outputs/ctrl_009_033_ratio3_sh0_dense_mid200/ratio3_sh0_dense/f1293/splatfacto/2026-08-20_222611/gaussian_features_f1293.csv
  [T1][f1294] computed -> /home/computer0/fly_project/fly_gsplat/outputs/ctrl_009_033_ratio3_sh0_dense_mid200/ratio3_sh0_dense/f1294/splatfacto/2026-08-20_222613/gaussian_features_f1294.csv
  [T1][f1295] computed -> /home/computer0/fly_project/fly_gsplat/outputs/ctrl_009_033_ratio3_sh0_dense_mid200/ratio3_sh0_dense/f1295/splatfacto/2026-08-20_222613/gaussian_features_f1295.csv
  [T1][f1296] computed -> /home/computer0/fly_project/fly_gsplat/outputs/ctrl_009_033_ratio3_sh0_dense_mid200/ratio3_sh0_dense/f1296/splatfacto/2026-08-20_222613/gaussian_features_f1296.csv
  [T1][f1297] computed -> /home/computer0/fly_project/fly_gsplat/outputs/ctrl_009_033_ratio3_sh0_dense_mid200/ratio3_sh0_dense/f1297/splatfacto/2026-08-20_222614/gaussian_features_f1297.csv
  [T1][f1298] computed -> /home/computer0/fly_project/fly_gsplat/outputs/ctrl_009_033_ratio3_sh0_dense_mid200/ratio3_sh0_dense/f1298/splatfacto/2026-08-20_222613/gaussian_features_f1298.csv
  [T1][f1299] computed -> /home/computer0/fly_project/fly_gsplat/outputs/ctrl_009_033_ratio3_sh0_dense_mid200/ratio3_sh0_dense/f1299/splatfacto/2026-08-20_222614/gaussian_features_f1299.csv

  [T2] mark_floaters (cleaning) ...
[f1100] n_total=661 n_floater=77 (11.6%) mid_10_17=[] saved -> /home/computer0/fly_project/fly_gsplat/outputs/ctrl_009_033_ratio3_sh0_dense_mid200/ratio3_sh0_dense/f1100/splatfacto/2026-08-20_215518/gaussian_features_f1100_marked.csv
[f1101] n_total=608 n_floater=69 (11.3%) mid_10_17=[] saved -> /home/computer0/fly_project/fly_gsplat/outputs/ctrl_009_033_ratio3_sh0_dense_mid200/ratio3_sh0_dense/f1101/splatfacto/2026-08-20_215518/gaussian_features_f1101_marked.csv
[f1102] n_total=588 n_floater=68 (11.6%) mid_10_17=[] saved -> /home/computer0/fly_project/fly_gsplat/outputs/ctrl_009_033_ratio3_sh0_dense_mid200/ratio3_sh0_dense/f1102/splatfacto/2026-08-20_215518/gaussian_features_f1102_marked.csv
[f1103] n_total=589 n_floater=55 (9.3%) mid_10_17=[] saved -> /home/computer0/fly_project/fly_gsplat/outputs/ctrl_009_033_ratio3_sh0_dense_mid200/ratio3_sh0_dense/f1103/splatfacto/2026-08-20_215518/gaussian_features_f1103_marked.csv
[f1104] n_total=559 n_floater=64 (11.4%) mid_10_17=[] saved -> /home/computer0/fly_project/fly_gsplat/outputs/ctrl_009_033_ratio3_sh0_dense_mid200/ratio3_sh0_dense/f1104/splatfacto/2026-08-20_215517/gaussian_features_f1104_marked.csv
[f1105] n_total=635 n_floater=66 (10.4%) mid_10_17=[] saved -> /home/computer0/fly_project/fly_gsplat/outputs/ctrl_009_033_ratio3_sh0_dense_mid200/ratio3_sh0_dense/f1105/splatfacto/2026-08-20_215518/gaussian_features_f1105_marked.csv
[f1106] n_total=588 n_floater=70 (11.9%) mid_10_17=[] saved -> /home/computer0/fly_project/fly_gsplat/outputs/ctrl_009_033_ratio3_sh0_dense_mid200/ratio3_sh0_dense/f1106/splatfacto/2026-08-20_215518/gaussian_features_f1106_marked.csv
[f1107] n_total=636 n_floater=51 (8.0%) mid_10_17=[] saved -> /home/computer0/fly_project/fly_gsplat/outputs/ctrl_009_033_ratio3_sh0_dense_mid200/ratio3_sh0_dense/f1107/splatfacto/2026-08-20_215518/gaussian_features_f1107_marked.csv
[f1108] n_total=668 n_floater=71 (10.6%) mid_10_17=[] saved -> /home/computer0/fly_project/fly_gsplat/outputs/ctrl_009_033_ratio3_sh0_dense_mid200/ratio3_sh0_dense/f1108/splatfacto/2026-08-20_215518/gaussian_features_f1108_marked.csv
[f1109] n_total=621 n_floater=55 (8.9%) mid_10_17=[] saved -> /home/computer0/fly_project/fly_gsplat/outputs/ctrl_009_033_ratio3_sh0_dense_mid200/ratio3_sh0_dense/f1109/splatfacto/2026-08-20_215517/gaussian_features_f1109_marked.csv
[f1110] n_total=693 n_floater=71 (10.2%) mid_10_17=[13] saved -> /home/computer0/fly_project/fly_gsplat/outputs/ctrl_009_033_ratio3_sh0_dense_mid200/ratio3_sh0_dense/f1110/splatfacto/2026-08-20_215517/gaussian_features_f1110_marked.csv
[f1111] n_total=625 n_floater=59 (9.4%) mid_10_17=[] saved -> /home/computer0/fly_project/fly_gsplat/outputs/ctrl_009_033_ratio3_sh0_dense_mid200/ratio3_sh0_dense/f1111/splatfacto/2026-08-20_215517/gaussian_features_f1111_marked.csv
[f1112] n_total=662 n_floater=87 (13.1%) mid_10_17=[] saved -> /home/computer0/fly_project/fly_gsplat/outputs/ctrl_009_033_ratio3_sh0_dense_mid200/ratio3_sh0_dense/f1112/splatfacto/2026-08-20_215716/gaussian_features_f1112_marked.csv
[f1113] n_total=623 n_floater=57 (9.1%) mid_10_17=[] saved -> /home/computer0/fly_project/fly_gsplat/outputs/ctrl_009_033_ratio3_sh0_dense_mid200/ratio3_sh0_dense/f1113/splatfacto/2026-08-20_215716/gaussian_features_f1113_marked.csv
[f1114] n_total=597 n_floater=55 (9.2%) mid_10_17=[] saved -> /home/computer0/fly_project/fly_gsplat/outputs/ctrl_009_033_ratio3_sh0_dense_mid200/ratio3_sh0_dense/f1114/splatfacto/2026-08-20_215715/gaussian_features_f1114_marked.csv
[f1115] n_total=630 n_floater=70 (11.1%) mid_10_17=[] saved -> /home/computer0/fly_project/fly_gsplat/outputs/ctrl_009_033_ratio3_sh0_dense_mid200/ratio3_sh0_dense/f1115/splatfacto/2026-08-20_215716/gaussian_features_f1115_marked.csv
[f1116] n_total=648 n_floater=67 (10.3%) mid_10_17=[] saved -> /home/computer0/fly_project/fly_gsplat/outputs/ctrl_009_033_ratio3_sh0_dense_mid200/ratio3_sh0_dense/f1116/splatfacto/2026-08-20_215716/gaussian_features_f1116_marked.csv
[f1117] n_total=646 n_floater=79 (12.2%) mid_10_17=[] saved -> /home/computer0/fly_project/fly_gsplat/outputs/ctrl_009_033_ratio3_sh0_dense_mid200/ratio3_sh0_dense/f1117/splatfacto/2026-08-20_215717/gaussian_features_f1117_marked.csv
[f1118] n_total=701 n_floater=75 (10.7%) mid_10_17=[] saved -> /home/computer0/fly_project/fly_gsplat/outputs/ctrl_009_033_ratio3_sh0_dense_mid200/ratio3_sh0_dense/f1118/splatfacto/2026-08-20_215717/gaussian_features_f1118_marked.csv
[f1119] n_total=695 n_floater=62 (8.9%) mid_10_17=[16] saved -> /home/computer0/fly_project/fly_gsplat/outputs/ctrl_009_033_ratio3_sh0_dense_mid200/ratio3_sh0_dense/f1119/splatfacto/2026-08-20_215715/gaussian_features_f1119_marked.csv
[f1120] n_total=698 n_floater=70 (10.0%) mid_10_17=[] saved -> /home/computer0/fly_project/fly_gsplat/outputs/ctrl_009_033_ratio3_sh0_dense_mid200/ratio3_sh0_dense/f1120/splatfacto/2026-08-20_215717/gaussian_features_f1120_marked.csv
[f1121] n_total=598 n_floater=67 (11.2%) mid_10_17=[] saved -> /home/computer0/fly_project/fly_gsplat/outputs/ctrl_009_033_ratio3_sh0_dense_mid200/ratio3_sh0_dense/f1121/splatfacto/2026-08-20_215717/gaussian_features_f1121_marked.csv
[f1122] n_total=690 n_floater=95 (13.8%) mid_10_17=[] saved -> /home/computer0/fly_project/fly_gsplat/outputs/ctrl_009_033_ratio3_sh0_dense_mid200/ratio3_sh0_dense/f1122/splatfacto/2026-08-20_215718/gaussian_features_f1122_marked.csv
[f1123] n_total=701 n_floater=111 (15.8%) mid_10_17=[] saved -> /home/computer0/fly_project/fly_gsplat/outputs/ctrl_009_033_ratio3_sh0_dense_mid200/ratio3_sh0_dense/f1123/splatfacto/2026-08-20_215716/gaussian_features_f1123_marked.csv
[f1124] n_total=698 n_floater=84 (12.0%) mid_10_17=[14] saved -> /home/computer0/fly_project/fly_gsplat/outputs/ctrl_009_033_ratio3_sh0_dense_mid200/ratio3_sh0_dense/f1124/splatfacto/2026-08-20_215912/gaussian_features_f1124_marked.csv
[f1125] n_total=751 n_floater=72 (9.6%) mid_10_17=[11] saved -> /home/computer0/fly_project/fly_gsplat/outputs/ctrl_009_033_ratio3_sh0_dense_mid200/ratio3_sh0_dense/f1125/splatfacto/2026-08-20_215912/gaussian_features_f1125_marked.csv
[f1126] n_total=782 n_floater=103 (13.2%) mid_10_17=[] saved -> /home/computer0/fly_project/fly_gsplat/outputs/ctrl_009_033_ratio3_sh0_dense_mid200/ratio3_sh0_dense/f1126/splatfacto/2026-08-20_215912/gaussian_features_f1126_marked.csv
[f1127] n_total=715 n_floater=79 (11.0%) mid_10_17=[] saved -> /home/computer0/fly_project/fly_gsplat/outputs/ctrl_009_033_ratio3_sh0_dense_mid200/ratio3_sh0_dense/f1127/splatfacto/2026-08-20_215913/gaussian_features_f1127_marked.csv
[f1128] n_total=702 n_floater=76 (10.8%) mid_10_17=[] saved -> /home/computer0/fly_project/fly_gsplat/outputs/ctrl_009_033_ratio3_sh0_dense_mid200/ratio3_sh0_dense/f1128/splatfacto/2026-08-20_215913/gaussian_features_f1128_marked.csv
[f1129] n_total=686 n_floater=89 (13.0%) mid_10_17=[] saved -> /home/computer0/fly_project/fly_gsplat/outputs/ctrl_009_033_ratio3_sh0_dense_mid200/ratio3_sh0_dense/f1129/splatfacto/2026-08-20_215913/gaussian_features_f1129_marked.csv
[f1130] n_total=676 n_floater=70 (10.4%) mid_10_17=[] saved -> /home/computer0/fly_project/fly_gsplat/outputs/ctrl_009_033_ratio3_sh0_dense_mid200/ratio3_sh0_dense/f1130/splatfacto/2026-08-20_215913/gaussian_features_f1130_marked.csv
[f1131] n_total=727 n_floater=86 (11.8%) mid_10_17=[13] saved -> /home/computer0/fly_project/fly_gsplat/outputs/ctrl_009_033_ratio3_sh0_dense_mid200/ratio3_sh0_dense/f1131/splatfacto/2026-08-20_215914/gaussian_features_f1131_marked.csv
[f1132] n_total=684 n_floater=70 (10.2%) mid_10_17=[] saved -> /home/computer0/fly_project/fly_gsplat/outputs/ctrl_009_033_ratio3_sh0_dense_mid200/ratio3_sh0_dense/f1132/splatfacto/2026-08-20_215913/gaussian_features_f1132_marked.csv
[f1133] n_total=705 n_floater=70 (9.9%) mid_10_17=[12] saved -> /home/computer0/fly_project/fly_gsplat/outputs/ctrl_009_033_ratio3_sh0_dense_mid200/ratio3_sh0_dense/f1133/splatfacto/2026-08-20_215914/gaussian_features_f1133_marked.csv
[f1134] n_total=670 n_floater=64 (9.6%) mid_10_17=[] saved -> /home/computer0/fly_project/fly_gsplat/outputs/ctrl_009_033_ratio3_sh0_dense_mid200/ratio3_sh0_dense/f1134/splatfacto/2026-08-20_215912/gaussian_features_f1134_marked.csv
[f1135] n_total=654 n_floater=66 (10.1%) mid_10_17=[] saved -> /home/computer0/fly_project/fly_gsplat/outputs/ctrl_009_033_ratio3_sh0_dense_mid200/ratio3_sh0_dense/f1135/splatfacto/2026-08-20_215912/gaussian_features_f1135_marked.csv
[f1136] n_total=687 n_floater=72 (10.5%) mid_10_17=[] saved -> /home/computer0/fly_project/fly_gsplat/outputs/ctrl_009_033_ratio3_sh0_dense_mid200/ratio3_sh0_dense/f1136/splatfacto/2026-08-20_220108/gaussian_features_f1136_marked.csv
[f1137] n_total=700 n_floater=93 (13.3%) mid_10_17=[] saved -> /home/computer0/fly_project/fly_gsplat/outputs/ctrl_009_033_ratio3_sh0_dense_mid200/ratio3_sh0_dense/f1137/splatfacto/2026-08-20_220109/gaussian_features_f1137_marked.csv
[f1138] n_total=698 n_floater=113 (16.2%) mid_10_17=[] saved -> /home/computer0/fly_project/fly_gsplat/outputs/ctrl_009_033_ratio3_sh0_dense_mid200/ratio3_sh0_dense/f1138/splatfacto/2026-08-20_220109/gaussian_features_f1138_marked.csv
[f1139] n_total=706 n_floater=87 (12.3%) mid_10_17=[] saved -> /home/computer0/fly_project/fly_gsplat/outputs/ctrl_009_033_ratio3_sh0_dense_mid200/ratio3_sh0_dense/f1139/splatfacto/2026-08-20_220110/gaussian_features_f1139_marked.csv
[f1140] n_total=748 n_floater=97 (13.0%) mid_10_17=[] saved -> /home/computer0/fly_project/fly_gsplat/outputs/ctrl_009_033_ratio3_sh0_dense_mid200/ratio3_sh0_dense/f1140/splatfacto/2026-08-20_220110/gaussian_features_f1140_marked.csv
[f1141] n_total=662 n_floater=91 (13.7%) mid_10_17=[] saved -> /home/computer0/fly_project/fly_gsplat/outputs/ctrl_009_033_ratio3_sh0_dense_mid200/ratio3_sh0_dense/f1141/splatfacto/2026-08-20_220111/gaussian_features_f1141_marked.csv
[f1142] n_total=650 n_floater=91 (14.0%) mid_10_17=[] saved -> /home/computer0/fly_project/fly_gsplat/outputs/ctrl_009_033_ratio3_sh0_dense_mid200/ratio3_sh0_dense/f1142/splatfacto/2026-08-20_220111/gaussian_features_f1142_marked.csv
[f1143] n_total=687 n_floater=93 (13.5%) mid_10_17=[12] saved -> /home/computer0/fly_project/fly_gsplat/outputs/ctrl_009_033_ratio3_sh0_dense_mid200/ratio3_sh0_dense/f1143/splatfacto/2026-08-20_220111/gaussian_features_f1143_marked.csv
[f1144] n_total=701 n_floater=92 (13.1%) mid_10_17=[] saved -> /home/computer0/fly_project/fly_gsplat/outputs/ctrl_009_033_ratio3_sh0_dense_mid200/ratio3_sh0_dense/f1144/splatfacto/2026-08-20_220111/gaussian_features_f1144_marked.csv
[f1145] n_total=719 n_floater=87 (12.1%) mid_10_17=[] saved -> /home/computer0/fly_project/fly_gsplat/outputs/ctrl_009_033_ratio3_sh0_dense_mid200/ratio3_sh0_dense/f1145/splatfacto/2026-08-20_220110/gaussian_features_f1145_marked.csv
[f1146] n_total=649 n_floater=95 (14.6%) mid_10_17=[] saved -> /home/computer0/fly_project/fly_gsplat/outputs/ctrl_009_033_ratio3_sh0_dense_mid200/ratio3_sh0_dense/f1146/splatfacto/2026-08-20_220111/gaussian_features_f1146_marked.csv
[f1147] n_total=703 n_floater=99 (14.1%) mid_10_17=[] saved -> /home/computer0/fly_project/fly_gsplat/outputs/ctrl_009_033_ratio3_sh0_dense_mid200/ratio3_sh0_dense/f1147/splatfacto/2026-08-20_220111/gaussian_features_f1147_marked.csv
[f1148] n_total=703 n_floater=101 (14.4%) mid_10_17=[] saved -> /home/computer0/fly_project/fly_gsplat/outputs/ctrl_009_033_ratio3_sh0_dense_mid200/ratio3_sh0_dense/f1148/splatfacto/2026-08-20_220302/gaussian_features_f1148_marked.csv
[f1149] n_total=691 n_floater=66 (9.6%) mid_10_17=[] saved -> /home/computer0/fly_project/fly_gsplat/outputs/ctrl_009_033_ratio3_sh0_dense_mid200/ratio3_sh0_dense/f1149/splatfacto/2026-08-20_220305/gaussian_features_f1149_marked.csv
[f1150] n_total=692 n_floater=102 (14.7%) mid_10_17=[] saved -> /home/computer0/fly_project/fly_gsplat/outputs/ctrl_009_033_ratio3_sh0_dense_mid200/ratio3_sh0_dense/f1150/splatfacto/2026-08-20_220305/gaussian_features_f1150_marked.csv
[f1151] n_total=650 n_floater=87 (13.4%) mid_10_17=[] saved -> /home/computer0/fly_project/fly_gsplat/outputs/ctrl_009_033_ratio3_sh0_dense_mid200/ratio3_sh0_dense/f1151/splatfacto/2026-08-20_220305/gaussian_features_f1151_marked.csv
[f1152] n_total=638 n_floater=75 (11.8%) mid_10_17=[] saved -> /home/computer0/fly_project/fly_gsplat/outputs/ctrl_009_033_ratio3_sh0_dense_mid200/ratio3_sh0_dense/f1152/splatfacto/2026-08-20_220305/gaussian_features_f1152_marked.csv
[f1153] n_total=687 n_floater=97 (14.1%) mid_10_17=[14] saved -> /home/computer0/fly_project/fly_gsplat/outputs/ctrl_009_033_ratio3_sh0_dense_mid200/ratio3_sh0_dense/f1153/splatfacto/2026-08-20_220306/gaussian_features_f1153_marked.csv
[f1154] n_total=646 n_floater=70 (10.8%) mid_10_17=[] saved -> /home/computer0/fly_project/fly_gsplat/outputs/ctrl_009_033_ratio3_sh0_dense_mid200/ratio3_sh0_dense/f1154/splatfacto/2026-08-20_220306/gaussian_features_f1154_marked.csv
[f1155] n_total=642 n_floater=64 (10.0%) mid_10_17=[] saved -> /home/computer0/fly_project/fly_gsplat/outputs/ctrl_009_033_ratio3_sh0_dense_mid200/ratio3_sh0_dense/f1155/splatfacto/2026-08-20_220306/gaussian_features_f1155_marked.csv
[f1156] n_total=596 n_floater=60 (10.1%) mid_10_17=[] saved -> /home/computer0/fly_project/fly_gsplat/outputs/ctrl_009_033_ratio3_sh0_dense_mid200/ratio3_sh0_dense/f1156/splatfacto/2026-08-20_220306/gaussian_features_f1156_marked.csv
[f1157] n_total=639 n_floater=59 (9.2%) mid_10_17=[] saved -> /home/computer0/fly_project/fly_gsplat/outputs/ctrl_009_033_ratio3_sh0_dense_mid200/ratio3_sh0_dense/f1157/splatfacto/2026-08-20_220307/gaussian_features_f1157_marked.csv
[f1158] n_total=575 n_floater=65 (11.3%) mid_10_17=[] saved -> /home/computer0/fly_project/fly_gsplat/outputs/ctrl_009_033_ratio3_sh0_dense_mid200/ratio3_sh0_dense/f1158/splatfacto/2026-08-20_220306/gaussian_features_f1158_marked.csv
[f1159] n_total=595 n_floater=61 (10.3%) mid_10_17=[] saved -> /home/computer0/fly_project/fly_gsplat/outputs/ctrl_009_033_ratio3_sh0_dense_mid200/ratio3_sh0_dense/f1159/splatfacto/2026-08-20_220307/gaussian_features_f1159_marked.csv
[f1160] n_total=545 n_floater=47 (8.6%) mid_10_17=[] saved -> /home/computer0/fly_project/fly_gsplat/outputs/ctrl_009_033_ratio3_sh0_dense_mid200/ratio3_sh0_dense/f1160/splatfacto/2026-08-20_220457/gaussian_features_f1160_marked.csv
[f1161] n_total=584 n_floater=88 (15.1%) mid_10_17=[] saved -> /home/computer0/fly_project/fly_gsplat/outputs/ctrl_009_033_ratio3_sh0_dense_mid200/ratio3_sh0_dense/f1161/splatfacto/2026-08-20_220500/gaussian_features_f1161_marked.csv
[f1162] n_total=593 n_floater=74 (12.5%) mid_10_17=[] saved -> /home/computer0/fly_project/fly_gsplat/outputs/ctrl_009_033_ratio3_sh0_dense_mid200/ratio3_sh0_dense/f1162/splatfacto/2026-08-20_220501/gaussian_features_f1162_marked.csv
[f1163] n_total=601 n_floater=67 (11.1%) mid_10_17=[11] saved -> /home/computer0/fly_project/fly_gsplat/outputs/ctrl_009_033_ratio3_sh0_dense_mid200/ratio3_sh0_dense/f1163/splatfacto/2026-08-20_220501/gaussian_features_f1163_marked.csv
[f1164] n_total=567 n_floater=58 (10.2%) mid_10_17=[15] saved -> /home/computer0/fly_project/fly_gsplat/outputs/ctrl_009_033_ratio3_sh0_dense_mid200/ratio3_sh0_dense/f1164/splatfacto/2026-08-20_220500/gaussian_features_f1164_marked.csv
[f1165] n_total=607 n_floater=73 (12.0%) mid_10_17=[] saved -> /home/computer0/fly_project/fly_gsplat/outputs/ctrl_009_033_ratio3_sh0_dense_mid200/ratio3_sh0_dense/f1165/splatfacto/2026-08-20_220501/gaussian_features_f1165_marked.csv
[f1166] n_total=668 n_floater=72 (10.8%) mid_10_17=[] saved -> /home/computer0/fly_project/fly_gsplat/outputs/ctrl_009_033_ratio3_sh0_dense_mid200/ratio3_sh0_dense/f1166/splatfacto/2026-08-20_220501/gaussian_features_f1166_marked.csv
[f1167] n_total=643 n_floater=80 (12.4%) mid_10_17=[] saved -> /home/computer0/fly_project/fly_gsplat/outputs/ctrl_009_033_ratio3_sh0_dense_mid200/ratio3_sh0_dense/f1167/splatfacto/2026-08-20_220501/gaussian_features_f1167_marked.csv
[f1168] n_total=703 n_floater=70 (10.0%) mid_10_17=[] saved -> /home/computer0/fly_project/fly_gsplat/outputs/ctrl_009_033_ratio3_sh0_dense_mid200/ratio3_sh0_dense/f1168/splatfacto/2026-08-20_220500/gaussian_features_f1168_marked.csv
[f1169] n_total=613 n_floater=61 (10.0%) mid_10_17=[] saved -> /home/computer0/fly_project/fly_gsplat/outputs/ctrl_009_033_ratio3_sh0_dense_mid200/ratio3_sh0_dense/f1169/splatfacto/2026-08-20_220500/gaussian_features_f1169_marked.csv
[f1170] n_total=598 n_floater=47 (7.9%) mid_10_17=[] saved -> /home/computer0/fly_project/fly_gsplat/outputs/ctrl_009_033_ratio3_sh0_dense_mid200/ratio3_sh0_dense/f1170/splatfacto/2026-08-20_220501/gaussian_features_f1170_marked.csv
[f1171] n_total=629 n_floater=82 (13.0%) mid_10_17=[14] saved -> /home/computer0/fly_project/fly_gsplat/outputs/ctrl_009_033_ratio3_sh0_dense_mid200/ratio3_sh0_dense/f1171/splatfacto/2026-08-20_220501/gaussian_features_f1171_marked.csv
[f1172] n_total=642 n_floater=79 (12.3%) mid_10_17=[] saved -> /home/computer0/fly_project/fly_gsplat/outputs/ctrl_009_033_ratio3_sh0_dense_mid200/ratio3_sh0_dense/f1172/splatfacto/2026-08-20_220654/gaussian_features_f1172_marked.csv
[f1173] n_total=633 n_floater=62 (9.8%) mid_10_17=[] saved -> /home/computer0/fly_project/fly_gsplat/outputs/ctrl_009_033_ratio3_sh0_dense_mid200/ratio3_sh0_dense/f1173/splatfacto/2026-08-20_220657/gaussian_features_f1173_marked.csv
[f1174] n_total=620 n_floater=79 (12.7%) mid_10_17=[] saved -> /home/computer0/fly_project/fly_gsplat/outputs/ctrl_009_033_ratio3_sh0_dense_mid200/ratio3_sh0_dense/f1174/splatfacto/2026-08-20_220657/gaussian_features_f1174_marked.csv
[f1175] n_total=623 n_floater=50 (8.0%) mid_10_17=[] saved -> /home/computer0/fly_project/fly_gsplat/outputs/ctrl_009_033_ratio3_sh0_dense_mid200/ratio3_sh0_dense/f1175/splatfacto/2026-08-20_220658/gaussian_features_f1175_marked.csv
[f1176] n_total=594 n_floater=63 (10.6%) mid_10_17=[] saved -> /home/computer0/fly_project/fly_gsplat/outputs/ctrl_009_033_ratio3_sh0_dense_mid200/ratio3_sh0_dense/f1176/splatfacto/2026-08-20_220658/gaussian_features_f1176_marked.csv
[f1177] n_total=553 n_floater=52 (9.4%) mid_10_17=[] saved -> /home/computer0/fly_project/fly_gsplat/outputs/ctrl_009_033_ratio3_sh0_dense_mid200/ratio3_sh0_dense/f1177/splatfacto/2026-08-20_220658/gaussian_features_f1177_marked.csv
[f1178] n_total=561 n_floater=64 (11.4%) mid_10_17=[] saved -> /home/computer0/fly_project/fly_gsplat/outputs/ctrl_009_033_ratio3_sh0_dense_mid200/ratio3_sh0_dense/f1178/splatfacto/2026-08-20_220659/gaussian_features_f1178_marked.csv
[f1179] n_total=500 n_floater=43 (8.6%) mid_10_17=[] saved -> /home/computer0/fly_project/fly_gsplat/outputs/ctrl_009_033_ratio3_sh0_dense_mid200/ratio3_sh0_dense/f1179/splatfacto/2026-08-20_220658/gaussian_features_f1179_marked.csv
[f1180] n_total=574 n_floater=55 (9.6%) mid_10_17=[] saved -> /home/computer0/fly_project/fly_gsplat/outputs/ctrl_009_033_ratio3_sh0_dense_mid200/ratio3_sh0_dense/f1180/splatfacto/2026-08-20_220659/gaussian_features_f1180_marked.csv
[f1181] n_total=575 n_floater=65 (11.3%) mid_10_17=[] saved -> /home/computer0/fly_project/fly_gsplat/outputs/ctrl_009_033_ratio3_sh0_dense_mid200/ratio3_sh0_dense/f1181/splatfacto/2026-08-20_220658/gaussian_features_f1181_marked.csv
[f1182] n_total=605 n_floater=52 (8.6%) mid_10_17=[] saved -> /home/computer0/fly_project/fly_gsplat/outputs/ctrl_009_033_ratio3_sh0_dense_mid200/ratio3_sh0_dense/f1182/splatfacto/2026-08-20_220659/gaussian_features_f1182_marked.csv
[f1183] n_total=565 n_floater=59 (10.4%) mid_10_17=[] saved -> /home/computer0/fly_project/fly_gsplat/outputs/ctrl_009_033_ratio3_sh0_dense_mid200/ratio3_sh0_dense/f1183/splatfacto/2026-08-20_220658/gaussian_features_f1183_marked.csv
[f1184] n_total=607 n_floater=60 (9.9%) mid_10_17=[] saved -> /home/computer0/fly_project/fly_gsplat/outputs/ctrl_009_033_ratio3_sh0_dense_mid200/ratio3_sh0_dense/f1184/splatfacto/2026-08-20_220849/gaussian_features_f1184_marked.csv
[f1185] n_total=692 n_floater=67 (9.7%) mid_10_17=[14] saved -> /home/computer0/fly_project/fly_gsplat/outputs/ctrl_009_033_ratio3_sh0_dense_mid200/ratio3_sh0_dense/f1185/splatfacto/2026-08-20_220852/gaussian_features_f1185_marked.csv
[f1186] n_total=604 n_floater=56 (9.3%) mid_10_17=[] saved -> /home/computer0/fly_project/fly_gsplat/outputs/ctrl_009_033_ratio3_sh0_dense_mid200/ratio3_sh0_dense/f1186/splatfacto/2026-08-20_220853/gaussian_features_f1186_marked.csv
[f1187] n_total=618 n_floater=59 (9.5%) mid_10_17=[] saved -> /home/computer0/fly_project/fly_gsplat/outputs/ctrl_009_033_ratio3_sh0_dense_mid200/ratio3_sh0_dense/f1187/splatfacto/2026-08-20_220854/gaussian_features_f1187_marked.csv
[f1188] n_total=601 n_floater=64 (10.6%) mid_10_17=[] saved -> /home/computer0/fly_project/fly_gsplat/outputs/ctrl_009_033_ratio3_sh0_dense_mid200/ratio3_sh0_dense/f1188/splatfacto/2026-08-20_220854/gaussian_features_f1188_marked.csv
[f1189] n_total=628 n_floater=85 (13.5%) mid_10_17=[] saved -> /home/computer0/fly_project/fly_gsplat/outputs/ctrl_009_033_ratio3_sh0_dense_mid200/ratio3_sh0_dense/f1189/splatfacto/2026-08-20_220854/gaussian_features_f1189_marked.csv
[f1190] n_total=609 n_floater=59 (9.7%) mid_10_17=[] saved -> /home/computer0/fly_project/fly_gsplat/outputs/ctrl_009_033_ratio3_sh0_dense_mid200/ratio3_sh0_dense/f1190/splatfacto/2026-08-20_220854/gaussian_features_f1190_marked.csv
[f1191] n_total=638 n_floater=78 (12.2%) mid_10_17=[] saved -> /home/computer0/fly_project/fly_gsplat/outputs/ctrl_009_033_ratio3_sh0_dense_mid200/ratio3_sh0_dense/f1191/splatfacto/2026-08-20_220854/gaussian_features_f1191_marked.csv
[f1192] n_total=650 n_floater=70 (10.8%) mid_10_17=[] saved -> /home/computer0/fly_project/fly_gsplat/outputs/ctrl_009_033_ratio3_sh0_dense_mid200/ratio3_sh0_dense/f1192/splatfacto/2026-08-20_220852/gaussian_features_f1192_marked.csv
[f1193] n_total=663 n_floater=83 (12.5%) mid_10_17=[] saved -> /home/computer0/fly_project/fly_gsplat/outputs/ctrl_009_033_ratio3_sh0_dense_mid200/ratio3_sh0_dense/f1193/splatfacto/2026-08-20_220854/gaussian_features_f1193_marked.csv
[f1194] n_total=626 n_floater=85 (13.6%) mid_10_17=[11, 13, 16] saved -> /home/computer0/fly_project/fly_gsplat/outputs/ctrl_009_033_ratio3_sh0_dense_mid200/ratio3_sh0_dense/f1194/splatfacto/2026-08-20_220855/gaussian_features_f1194_marked.csv
[f1195] n_total=777 n_floater=114 (14.7%) mid_10_17=[] saved -> /home/computer0/fly_project/fly_gsplat/outputs/ctrl_009_033_ratio3_sh0_dense_mid200/ratio3_sh0_dense/f1195/splatfacto/2026-08-20_220855/gaussian_features_f1195_marked.csv
[f1196] n_total=710 n_floater=87 (12.3%) mid_10_17=[14, 16] saved -> /home/computer0/fly_project/fly_gsplat/outputs/ctrl_009_033_ratio3_sh0_dense_mid200/ratio3_sh0_dense/f1196/splatfacto/2026-08-20_221044/gaussian_features_f1196_marked.csv
[f1197] n_total=663 n_floater=77 (11.6%) mid_10_17=[11] saved -> /home/computer0/fly_project/fly_gsplat/outputs/ctrl_009_033_ratio3_sh0_dense_mid200/ratio3_sh0_dense/f1197/splatfacto/2026-08-20_221045/gaussian_features_f1197_marked.csv
[f1198] n_total=710 n_floater=98 (13.8%) mid_10_17=[] saved -> /home/computer0/fly_project/fly_gsplat/outputs/ctrl_009_033_ratio3_sh0_dense_mid200/ratio3_sh0_dense/f1198/splatfacto/2026-08-20_221047/gaussian_features_f1198_marked.csv
[f1199] n_total=626 n_floater=64 (10.2%) mid_10_17=[] saved -> /home/computer0/fly_project/fly_gsplat/outputs/ctrl_009_033_ratio3_sh0_dense_mid200/ratio3_sh0_dense/f1199/splatfacto/2026-08-20_221048/gaussian_features_f1199_marked.csv
[f1200] n_total=756 n_floater=96 (12.7%) mid_10_17=[] saved -> /home/computer0/fly_project/fly_gsplat/outputs/ctrl_009_033_ratio3_sh0_dense_mid200/ratio3_sh0_dense/f1200/splatfacto/2026-08-20_221047/gaussian_features_f1200_marked.csv
[f1201] n_total=728 n_floater=111 (15.2%) mid_10_17=[] saved -> /home/computer0/fly_project/fly_gsplat/outputs/ctrl_009_033_ratio3_sh0_dense_mid200/ratio3_sh0_dense/f1201/splatfacto/2026-08-20_221048/gaussian_features_f1201_marked.csv
[f1202] n_total=738 n_floater=93 (12.6%) mid_10_17=[] saved -> /home/computer0/fly_project/fly_gsplat/outputs/ctrl_009_033_ratio3_sh0_dense_mid200/ratio3_sh0_dense/f1202/splatfacto/2026-08-20_221049/gaussian_features_f1202_marked.csv
[f1203] n_total=701 n_floater=80 (11.4%) mid_10_17=[] saved -> /home/computer0/fly_project/fly_gsplat/outputs/ctrl_009_033_ratio3_sh0_dense_mid200/ratio3_sh0_dense/f1203/splatfacto/2026-08-20_221050/gaussian_features_f1203_marked.csv
[f1204] n_total=723 n_floater=77 (10.7%) mid_10_17=[] saved -> /home/computer0/fly_project/fly_gsplat/outputs/ctrl_009_033_ratio3_sh0_dense_mid200/ratio3_sh0_dense/f1204/splatfacto/2026-08-20_221049/gaussian_features_f1204_marked.csv
[f1205] n_total=690 n_floater=88 (12.8%) mid_10_17=[] saved -> /home/computer0/fly_project/fly_gsplat/outputs/ctrl_009_033_ratio3_sh0_dense_mid200/ratio3_sh0_dense/f1205/splatfacto/2026-08-20_221048/gaussian_features_f1205_marked.csv
[f1206] n_total=679 n_floater=101 (14.9%) mid_10_17=[] saved -> /home/computer0/fly_project/fly_gsplat/outputs/ctrl_009_033_ratio3_sh0_dense_mid200/ratio3_sh0_dense/f1206/splatfacto/2026-08-20_221049/gaussian_features_f1206_marked.csv
[f1207] n_total=696 n_floater=95 (13.6%) mid_10_17=[] saved -> /home/computer0/fly_project/fly_gsplat/outputs/ctrl_009_033_ratio3_sh0_dense_mid200/ratio3_sh0_dense/f1207/splatfacto/2026-08-20_221049/gaussian_features_f1207_marked.csv
[f1208] n_total=698 n_floater=81 (11.6%) mid_10_17=[] saved -> /home/computer0/fly_project/fly_gsplat/outputs/ctrl_009_033_ratio3_sh0_dense_mid200/ratio3_sh0_dense/f1208/splatfacto/2026-08-20_221242/gaussian_features_f1208_marked.csv
[f1209] n_total=706 n_floater=101 (14.3%) mid_10_17=[] saved -> /home/computer0/fly_project/fly_gsplat/outputs/ctrl_009_033_ratio3_sh0_dense_mid200/ratio3_sh0_dense/f1209/splatfacto/2026-08-20_221242/gaussian_features_f1209_marked.csv
[f1210] n_total=683 n_floater=83 (12.2%) mid_10_17=[] saved -> /home/computer0/fly_project/fly_gsplat/outputs/ctrl_009_033_ratio3_sh0_dense_mid200/ratio3_sh0_dense/f1210/splatfacto/2026-08-20_221245/gaussian_features_f1210_marked.csv
[f1211] n_total=708 n_floater=80 (11.3%) mid_10_17=[] saved -> /home/computer0/fly_project/fly_gsplat/outputs/ctrl_009_033_ratio3_sh0_dense_mid200/ratio3_sh0_dense/f1211/splatfacto/2026-08-20_221245/gaussian_features_f1211_marked.csv
[f1212] n_total=655 n_floater=65 (9.9%) mid_10_17=[15] saved -> /home/computer0/fly_project/fly_gsplat/outputs/ctrl_009_033_ratio3_sh0_dense_mid200/ratio3_sh0_dense/f1212/splatfacto/2026-08-20_221245/gaussian_features_f1212_marked.csv
[f1213] n_total=796 n_floater=101 (12.7%) mid_10_17=[] saved -> /home/computer0/fly_project/fly_gsplat/outputs/ctrl_009_033_ratio3_sh0_dense_mid200/ratio3_sh0_dense/f1213/splatfacto/2026-08-20_221245/gaussian_features_f1213_marked.csv
[f1214] n_total=754 n_floater=88 (11.7%) mid_10_17=[] saved -> /home/computer0/fly_project/fly_gsplat/outputs/ctrl_009_033_ratio3_sh0_dense_mid200/ratio3_sh0_dense/f1214/splatfacto/2026-08-20_221246/gaussian_features_f1214_marked.csv
[f1215] n_total=715 n_floater=79 (11.0%) mid_10_17=[] saved -> /home/computer0/fly_project/fly_gsplat/outputs/ctrl_009_033_ratio3_sh0_dense_mid200/ratio3_sh0_dense/f1215/splatfacto/2026-08-20_221247/gaussian_features_f1215_marked.csv
[f1216] n_total=690 n_floater=92 (13.3%) mid_10_17=[] saved -> /home/computer0/fly_project/fly_gsplat/outputs/ctrl_009_033_ratio3_sh0_dense_mid200/ratio3_sh0_dense/f1216/splatfacto/2026-08-20_221246/gaussian_features_f1216_marked.csv
[f1217] n_total=662 n_floater=81 (12.2%) mid_10_17=[] saved -> /home/computer0/fly_project/fly_gsplat/outputs/ctrl_009_033_ratio3_sh0_dense_mid200/ratio3_sh0_dense/f1217/splatfacto/2026-08-20_221246/gaussian_features_f1217_marked.csv
[f1218] n_total=698 n_floater=83 (11.9%) mid_10_17=[14, 15] saved -> /home/computer0/fly_project/fly_gsplat/outputs/ctrl_009_033_ratio3_sh0_dense_mid200/ratio3_sh0_dense/f1218/splatfacto/2026-08-20_221247/gaussian_features_f1218_marked.csv
[f1219] n_total=773 n_floater=122 (15.8%) mid_10_17=[] saved -> /home/computer0/fly_project/fly_gsplat/outputs/ctrl_009_033_ratio3_sh0_dense_mid200/ratio3_sh0_dense/f1219/splatfacto/2026-08-20_221248/gaussian_features_f1219_marked.csv
[f1220] n_total=730 n_floater=100 (13.7%) mid_10_17=[] saved -> /home/computer0/fly_project/fly_gsplat/outputs/ctrl_009_033_ratio3_sh0_dense_mid200/ratio3_sh0_dense/f1220/splatfacto/2026-08-20_221437/gaussian_features_f1220_marked.csv
[f1221] n_total=744 n_floater=98 (13.2%) mid_10_17=[11] saved -> /home/computer0/fly_project/fly_gsplat/outputs/ctrl_009_033_ratio3_sh0_dense_mid200/ratio3_sh0_dense/f1221/splatfacto/2026-08-20_221437/gaussian_features_f1221_marked.csv
[f1222] n_total=714 n_floater=94 (13.2%) mid_10_17=[] saved -> /home/computer0/fly_project/fly_gsplat/outputs/ctrl_009_033_ratio3_sh0_dense_mid200/ratio3_sh0_dense/f1222/splatfacto/2026-08-20_221439/gaussian_features_f1222_marked.csv
[f1223] n_total=697 n_floater=92 (13.2%) mid_10_17=[] saved -> /home/computer0/fly_project/fly_gsplat/outputs/ctrl_009_033_ratio3_sh0_dense_mid200/ratio3_sh0_dense/f1223/splatfacto/2026-08-20_221439/gaussian_features_f1223_marked.csv
[f1224] n_total=752 n_floater=102 (13.6%) mid_10_17=[] saved -> /home/computer0/fly_project/fly_gsplat/outputs/ctrl_009_033_ratio3_sh0_dense_mid200/ratio3_sh0_dense/f1224/splatfacto/2026-08-20_221439/gaussian_features_f1224_marked.csv
[f1225] n_total=775 n_floater=107 (13.8%) mid_10_17=[] saved -> /home/computer0/fly_project/fly_gsplat/outputs/ctrl_009_033_ratio3_sh0_dense_mid200/ratio3_sh0_dense/f1225/splatfacto/2026-08-20_221440/gaussian_features_f1225_marked.csv
[f1226] n_total=724 n_floater=114 (15.7%) mid_10_17=[14] saved -> /home/computer0/fly_project/fly_gsplat/outputs/ctrl_009_033_ratio3_sh0_dense_mid200/ratio3_sh0_dense/f1226/splatfacto/2026-08-20_221440/gaussian_features_f1226_marked.csv
[f1227] n_total=683 n_floater=81 (11.9%) mid_10_17=[] saved -> /home/computer0/fly_project/fly_gsplat/outputs/ctrl_009_033_ratio3_sh0_dense_mid200/ratio3_sh0_dense/f1227/splatfacto/2026-08-20_221440/gaussian_features_f1227_marked.csv
[f1228] n_total=694 n_floater=112 (16.1%) mid_10_17=[14] saved -> /home/computer0/fly_project/fly_gsplat/outputs/ctrl_009_033_ratio3_sh0_dense_mid200/ratio3_sh0_dense/f1228/splatfacto/2026-08-20_221439/gaussian_features_f1228_marked.csv
[f1229] n_total=680 n_floater=93 (13.7%) mid_10_17=[] saved -> /home/computer0/fly_project/fly_gsplat/outputs/ctrl_009_033_ratio3_sh0_dense_mid200/ratio3_sh0_dense/f1229/splatfacto/2026-08-20_221440/gaussian_features_f1229_marked.csv
[f1230] n_total=699 n_floater=91 (13.0%) mid_10_17=[] saved -> /home/computer0/fly_project/fly_gsplat/outputs/ctrl_009_033_ratio3_sh0_dense_mid200/ratio3_sh0_dense/f1230/splatfacto/2026-08-20_221441/gaussian_features_f1230_marked.csv
[f1231] n_total=727 n_floater=105 (14.4%) mid_10_17=[] saved -> /home/computer0/fly_project/fly_gsplat/outputs/ctrl_009_033_ratio3_sh0_dense_mid200/ratio3_sh0_dense/f1231/splatfacto/2026-08-20_221442/gaussian_features_f1231_marked.csv
[f1232] n_total=622 n_floater=70 (11.3%) mid_10_17=[] saved -> /home/computer0/fly_project/fly_gsplat/outputs/ctrl_009_033_ratio3_sh0_dense_mid200/ratio3_sh0_dense/f1232/splatfacto/2026-08-20_221631/gaussian_features_f1232_marked.csv
[f1233] n_total=658 n_floater=74 (11.2%) mid_10_17=[] saved -> /home/computer0/fly_project/fly_gsplat/outputs/ctrl_009_033_ratio3_sh0_dense_mid200/ratio3_sh0_dense/f1233/splatfacto/2026-08-20_221632/gaussian_features_f1233_marked.csv
[f1234] n_total=599 n_floater=69 (11.5%) mid_10_17=[] saved -> /home/computer0/fly_project/fly_gsplat/outputs/ctrl_009_033_ratio3_sh0_dense_mid200/ratio3_sh0_dense/f1234/splatfacto/2026-08-20_221632/gaussian_features_f1234_marked.csv
[f1235] n_total=574 n_floater=55 (9.6%) mid_10_17=[13] saved -> /home/computer0/fly_project/fly_gsplat/outputs/ctrl_009_033_ratio3_sh0_dense_mid200/ratio3_sh0_dense/f1235/splatfacto/2026-08-20_221632/gaussian_features_f1235_marked.csv
[f1236] n_total=557 n_floater=65 (11.7%) mid_10_17=[] saved -> /home/computer0/fly_project/fly_gsplat/outputs/ctrl_009_033_ratio3_sh0_dense_mid200/ratio3_sh0_dense/f1236/splatfacto/2026-08-20_221634/gaussian_features_f1236_marked.csv
[f1237] n_total=528 n_floater=53 (10.0%) mid_10_17=[] saved -> /home/computer0/fly_project/fly_gsplat/outputs/ctrl_009_033_ratio3_sh0_dense_mid200/ratio3_sh0_dense/f1237/splatfacto/2026-08-20_221635/gaussian_features_f1237_marked.csv
[f1238] n_total=536 n_floater=45 (8.4%) mid_10_17=[] saved -> /home/computer0/fly_project/fly_gsplat/outputs/ctrl_009_033_ratio3_sh0_dense_mid200/ratio3_sh0_dense/f1238/splatfacto/2026-08-20_221634/gaussian_features_f1238_marked.csv
[f1239] n_total=554 n_floater=41 (7.4%) mid_10_17=[11] saved -> /home/computer0/fly_project/fly_gsplat/outputs/ctrl_009_033_ratio3_sh0_dense_mid200/ratio3_sh0_dense/f1239/splatfacto/2026-08-20_221635/gaussian_features_f1239_marked.csv
[f1240] n_total=552 n_floater=47 (8.5%) mid_10_17=[] saved -> /home/computer0/fly_project/fly_gsplat/outputs/ctrl_009_033_ratio3_sh0_dense_mid200/ratio3_sh0_dense/f1240/splatfacto/2026-08-20_221633/gaussian_features_f1240_marked.csv
[f1241] n_total=568 n_floater=45 (7.9%) mid_10_17=[] saved -> /home/computer0/fly_project/fly_gsplat/outputs/ctrl_009_033_ratio3_sh0_dense_mid200/ratio3_sh0_dense/f1241/splatfacto/2026-08-20_221636/gaussian_features_f1241_marked.csv
[f1242] n_total=611 n_floater=60 (9.8%) mid_10_17=[] saved -> /home/computer0/fly_project/fly_gsplat/outputs/ctrl_009_033_ratio3_sh0_dense_mid200/ratio3_sh0_dense/f1242/splatfacto/2026-08-20_221635/gaussian_features_f1242_marked.csv
[f1243] n_total=670 n_floater=66 (9.9%) mid_10_17=[] saved -> /home/computer0/fly_project/fly_gsplat/outputs/ctrl_009_033_ratio3_sh0_dense_mid200/ratio3_sh0_dense/f1243/splatfacto/2026-08-20_221639/gaussian_features_f1243_marked.csv
[f1244] n_total=628 n_floater=86 (13.7%) mid_10_17=[] saved -> /home/computer0/fly_project/fly_gsplat/outputs/ctrl_009_033_ratio3_sh0_dense_mid200/ratio3_sh0_dense/f1244/splatfacto/2026-08-20_221829/gaussian_features_f1244_marked.csv
[f1245] n_total=607 n_floater=63 (10.4%) mid_10_17=[] saved -> /home/computer0/fly_project/fly_gsplat/outputs/ctrl_009_033_ratio3_sh0_dense_mid200/ratio3_sh0_dense/f1245/splatfacto/2026-08-20_221830/gaussian_features_f1245_marked.csv
[f1246] n_total=613 n_floater=83 (13.5%) mid_10_17=[] saved -> /home/computer0/fly_project/fly_gsplat/outputs/ctrl_009_033_ratio3_sh0_dense_mid200/ratio3_sh0_dense/f1246/splatfacto/2026-08-20_221830/gaussian_features_f1246_marked.csv
[f1247] n_total=648 n_floater=67 (10.3%) mid_10_17=[] saved -> /home/computer0/fly_project/fly_gsplat/outputs/ctrl_009_033_ratio3_sh0_dense_mid200/ratio3_sh0_dense/f1247/splatfacto/2026-08-20_221831/gaussian_features_f1247_marked.csv
[f1248] n_total=598 n_floater=75 (12.5%) mid_10_17=[] saved -> /home/computer0/fly_project/fly_gsplat/outputs/ctrl_009_033_ratio3_sh0_dense_mid200/ratio3_sh0_dense/f1248/splatfacto/2026-08-20_221831/gaussian_features_f1248_marked.csv
[f1249] n_total=608 n_floater=63 (10.4%) mid_10_17=[] saved -> /home/computer0/fly_project/fly_gsplat/outputs/ctrl_009_033_ratio3_sh0_dense_mid200/ratio3_sh0_dense/f1249/splatfacto/2026-08-20_221830/gaussian_features_f1249_marked.csv
[f1250] n_total=592 n_floater=56 (9.5%) mid_10_17=[] saved -> /home/computer0/fly_project/fly_gsplat/outputs/ctrl_009_033_ratio3_sh0_dense_mid200/ratio3_sh0_dense/f1250/splatfacto/2026-08-20_221832/gaussian_features_f1250_marked.csv
[f1251] n_total=656 n_floater=68 (10.4%) mid_10_17=[15] saved -> /home/computer0/fly_project/fly_gsplat/outputs/ctrl_009_033_ratio3_sh0_dense_mid200/ratio3_sh0_dense/f1251/splatfacto/2026-08-20_221831/gaussian_features_f1251_marked.csv
[f1252] n_total=586 n_floater=73 (12.5%) mid_10_17=[] saved -> /home/computer0/fly_project/fly_gsplat/outputs/ctrl_009_033_ratio3_sh0_dense_mid200/ratio3_sh0_dense/f1252/splatfacto/2026-08-20_221833/gaussian_features_f1252_marked.csv
[f1253] n_total=631 n_floater=43 (6.8%) mid_10_17=[11] saved -> /home/computer0/fly_project/fly_gsplat/outputs/ctrl_009_033_ratio3_sh0_dense_mid200/ratio3_sh0_dense/f1253/splatfacto/2026-08-20_221833/gaussian_features_f1253_marked.csv
[f1254] n_total=584 n_floater=52 (8.9%) mid_10_17=[11] saved -> /home/computer0/fly_project/fly_gsplat/outputs/ctrl_009_033_ratio3_sh0_dense_mid200/ratio3_sh0_dense/f1254/splatfacto/2026-08-20_221834/gaussian_features_f1254_marked.csv
[f1255] n_total=619 n_floater=75 (12.1%) mid_10_17=[] saved -> /home/computer0/fly_project/fly_gsplat/outputs/ctrl_009_033_ratio3_sh0_dense_mid200/ratio3_sh0_dense/f1255/splatfacto/2026-08-20_221833/gaussian_features_f1255_marked.csv
[f1256] n_total=552 n_floater=60 (10.9%) mid_10_17=[] saved -> /home/computer0/fly_project/fly_gsplat/outputs/ctrl_009_033_ratio3_sh0_dense_mid200/ratio3_sh0_dense/f1256/splatfacto/2026-08-20_222024/gaussian_features_f1256_marked.csv
[f1257] n_total=609 n_floater=68 (11.2%) mid_10_17=[] saved -> /home/computer0/fly_project/fly_gsplat/outputs/ctrl_009_033_ratio3_sh0_dense_mid200/ratio3_sh0_dense/f1257/splatfacto/2026-08-20_222025/gaussian_features_f1257_marked.csv
[f1258] n_total=614 n_floater=54 (8.8%) mid_10_17=[11, 12] saved -> /home/computer0/fly_project/fly_gsplat/outputs/ctrl_009_033_ratio3_sh0_dense_mid200/ratio3_sh0_dense/f1258/splatfacto/2026-08-20_222025/gaussian_features_f1258_marked.csv
[f1259] n_total=652 n_floater=52 (8.0%) mid_10_17=[11] saved -> /home/computer0/fly_project/fly_gsplat/outputs/ctrl_009_033_ratio3_sh0_dense_mid200/ratio3_sh0_dense/f1259/splatfacto/2026-08-20_222026/gaussian_features_f1259_marked.csv
[f1260] n_total=576 n_floater=49 (8.5%) mid_10_17=[] saved -> /home/computer0/fly_project/fly_gsplat/outputs/ctrl_009_033_ratio3_sh0_dense_mid200/ratio3_sh0_dense/f1260/splatfacto/2026-08-20_222027/gaussian_features_f1260_marked.csv
[f1261] n_total=632 n_floater=65 (10.3%) mid_10_17=[] saved -> /home/computer0/fly_project/fly_gsplat/outputs/ctrl_009_033_ratio3_sh0_dense_mid200/ratio3_sh0_dense/f1261/splatfacto/2026-08-20_222026/gaussian_features_f1261_marked.csv
[f1262] n_total=649 n_floater=67 (10.3%) mid_10_17=[15] saved -> /home/computer0/fly_project/fly_gsplat/outputs/ctrl_009_033_ratio3_sh0_dense_mid200/ratio3_sh0_dense/f1262/splatfacto/2026-08-20_222027/gaussian_features_f1262_marked.csv
[f1263] n_total=629 n_floater=63 (10.0%) mid_10_17=[] saved -> /home/computer0/fly_project/fly_gsplat/outputs/ctrl_009_033_ratio3_sh0_dense_mid200/ratio3_sh0_dense/f1263/splatfacto/2026-08-20_222027/gaussian_features_f1263_marked.csv
[f1264] n_total=617 n_floater=63 (10.2%) mid_10_17=[] saved -> /home/computer0/fly_project/fly_gsplat/outputs/ctrl_009_033_ratio3_sh0_dense_mid200/ratio3_sh0_dense/f1264/splatfacto/2026-08-20_222028/gaussian_features_f1264_marked.csv
[f1265] n_total=629 n_floater=72 (11.4%) mid_10_17=[] saved -> /home/computer0/fly_project/fly_gsplat/outputs/ctrl_009_033_ratio3_sh0_dense_mid200/ratio3_sh0_dense/f1265/splatfacto/2026-08-20_222026/gaussian_features_f1265_marked.csv
[f1266] n_total=681 n_floater=75 (11.0%) mid_10_17=[] saved -> /home/computer0/fly_project/fly_gsplat/outputs/ctrl_009_033_ratio3_sh0_dense_mid200/ratio3_sh0_dense/f1266/splatfacto/2026-08-20_222027/gaussian_features_f1266_marked.csv
[f1267] n_total=680 n_floater=76 (11.2%) mid_10_17=[] saved -> /home/computer0/fly_project/fly_gsplat/outputs/ctrl_009_033_ratio3_sh0_dense_mid200/ratio3_sh0_dense/f1267/splatfacto/2026-08-20_222029/gaussian_features_f1267_marked.csv
[f1268] n_total=690 n_floater=76 (11.0%) mid_10_17=[] saved -> /home/computer0/fly_project/fly_gsplat/outputs/ctrl_009_033_ratio3_sh0_dense_mid200/ratio3_sh0_dense/f1268/splatfacto/2026-08-20_222220/gaussian_features_f1268_marked.csv
[f1269] n_total=669 n_floater=70 (10.5%) mid_10_17=[11] saved -> /home/computer0/fly_project/fly_gsplat/outputs/ctrl_009_033_ratio3_sh0_dense_mid200/ratio3_sh0_dense/f1269/splatfacto/2026-08-20_222221/gaussian_features_f1269_marked.csv
[f1270] n_total=672 n_floater=79 (11.8%) mid_10_17=[] saved -> /home/computer0/fly_project/fly_gsplat/outputs/ctrl_009_033_ratio3_sh0_dense_mid200/ratio3_sh0_dense/f1270/splatfacto/2026-08-20_222223/gaussian_features_f1270_marked.csv
[f1271] n_total=664 n_floater=76 (11.4%) mid_10_17=[] saved -> /home/computer0/fly_project/fly_gsplat/outputs/ctrl_009_033_ratio3_sh0_dense_mid200/ratio3_sh0_dense/f1271/splatfacto/2026-08-20_222220/gaussian_features_f1271_marked.csv
[f1272] n_total=816 n_floater=146 (17.9%) mid_10_17=[] saved -> /home/computer0/fly_project/fly_gsplat/outputs/ctrl_009_033_ratio3_sh0_dense_mid200/ratio3_sh0_dense/f1272/splatfacto/2026-08-20_222224/gaussian_features_f1272_marked.csv
[f1273] n_total=701 n_floater=87 (12.4%) mid_10_17=[] saved -> /home/computer0/fly_project/fly_gsplat/outputs/ctrl_009_033_ratio3_sh0_dense_mid200/ratio3_sh0_dense/f1273/splatfacto/2026-08-20_222225/gaussian_features_f1273_marked.csv
[f1274] n_total=643 n_floater=72 (11.2%) mid_10_17=[11] saved -> /home/computer0/fly_project/fly_gsplat/outputs/ctrl_009_033_ratio3_sh0_dense_mid200/ratio3_sh0_dense/f1274/splatfacto/2026-08-20_222225/gaussian_features_f1274_marked.csv
[f1275] n_total=727 n_floater=82 (11.3%) mid_10_17=[] saved -> /home/computer0/fly_project/fly_gsplat/outputs/ctrl_009_033_ratio3_sh0_dense_mid200/ratio3_sh0_dense/f1275/splatfacto/2026-08-20_222225/gaussian_features_f1275_marked.csv
[f1276] n_total=762 n_floater=89 (11.7%) mid_10_17=[] saved -> /home/computer0/fly_project/fly_gsplat/outputs/ctrl_009_033_ratio3_sh0_dense_mid200/ratio3_sh0_dense/f1276/splatfacto/2026-08-20_222226/gaussian_features_f1276_marked.csv
[f1277] n_total=745 n_floater=82 (11.0%) mid_10_17=[] saved -> /home/computer0/fly_project/fly_gsplat/outputs/ctrl_009_033_ratio3_sh0_dense_mid200/ratio3_sh0_dense/f1277/splatfacto/2026-08-20_222227/gaussian_features_f1277_marked.csv
[f1278] n_total=791 n_floater=118 (14.9%) mid_10_17=[12] saved -> /home/computer0/fly_project/fly_gsplat/outputs/ctrl_009_033_ratio3_sh0_dense_mid200/ratio3_sh0_dense/f1278/splatfacto/2026-08-20_222225/gaussian_features_f1278_marked.csv
[f1279] n_total=792 n_floater=95 (12.0%) mid_10_17=[] saved -> /home/computer0/fly_project/fly_gsplat/outputs/ctrl_009_033_ratio3_sh0_dense_mid200/ratio3_sh0_dense/f1279/splatfacto/2026-08-20_222226/gaussian_features_f1279_marked.csv
[f1280] n_total=729 n_floater=74 (10.2%) mid_10_17=[] saved -> /home/computer0/fly_project/fly_gsplat/outputs/ctrl_009_033_ratio3_sh0_dense_mid200/ratio3_sh0_dense/f1280/splatfacto/2026-08-20_222417/gaussian_features_f1280_marked.csv
[f1281] n_total=723 n_floater=80 (11.1%) mid_10_17=[] saved -> /home/computer0/fly_project/fly_gsplat/outputs/ctrl_009_033_ratio3_sh0_dense_mid200/ratio3_sh0_dense/f1281/splatfacto/2026-08-20_222419/gaussian_features_f1281_marked.csv
[f1282] n_total=717 n_floater=94 (13.1%) mid_10_17=[] saved -> /home/computer0/fly_project/fly_gsplat/outputs/ctrl_009_033_ratio3_sh0_dense_mid200/ratio3_sh0_dense/f1282/splatfacto/2026-08-20_222419/gaussian_features_f1282_marked.csv
[f1283] n_total=727 n_floater=91 (12.5%) mid_10_17=[] saved -> /home/computer0/fly_project/fly_gsplat/outputs/ctrl_009_033_ratio3_sh0_dense_mid200/ratio3_sh0_dense/f1283/splatfacto/2026-08-20_222418/gaussian_features_f1283_marked.csv
[f1284] n_total=705 n_floater=81 (11.5%) mid_10_17=[] saved -> /home/computer0/fly_project/fly_gsplat/outputs/ctrl_009_033_ratio3_sh0_dense_mid200/ratio3_sh0_dense/f1284/splatfacto/2026-08-20_222419/gaussian_features_f1284_marked.csv
[f1285] n_total=730 n_floater=93 (12.7%) mid_10_17=[] saved -> /home/computer0/fly_project/fly_gsplat/outputs/ctrl_009_033_ratio3_sh0_dense_mid200/ratio3_sh0_dense/f1285/splatfacto/2026-08-20_222420/gaussian_features_f1285_marked.csv
[f1286] n_total=730 n_floater=92 (12.6%) mid_10_17=[] saved -> /home/computer0/fly_project/fly_gsplat/outputs/ctrl_009_033_ratio3_sh0_dense_mid200/ratio3_sh0_dense/f1286/splatfacto/2026-08-20_222420/gaussian_features_f1286_marked.csv
[f1287] n_total=748 n_floater=109 (14.6%) mid_10_17=[16] saved -> /home/computer0/fly_project/fly_gsplat/outputs/ctrl_009_033_ratio3_sh0_dense_mid200/ratio3_sh0_dense/f1287/splatfacto/2026-08-20_222421/gaussian_features_f1287_marked.csv
[f1288] n_total=639 n_floater=91 (14.2%) mid_10_17=[] saved -> /home/computer0/fly_project/fly_gsplat/outputs/ctrl_009_033_ratio3_sh0_dense_mid200/ratio3_sh0_dense/f1288/splatfacto/2026-08-20_222420/gaussian_features_f1288_marked.csv
[f1289] n_total=771 n_floater=112 (14.5%) mid_10_17=[] saved -> /home/computer0/fly_project/fly_gsplat/outputs/ctrl_009_033_ratio3_sh0_dense_mid200/ratio3_sh0_dense/f1289/splatfacto/2026-08-20_222422/gaussian_features_f1289_marked.csv
[f1290] n_total=755 n_floater=94 (12.5%) mid_10_17=[] saved -> /home/computer0/fly_project/fly_gsplat/outputs/ctrl_009_033_ratio3_sh0_dense_mid200/ratio3_sh0_dense/f1290/splatfacto/2026-08-20_222421/gaussian_features_f1290_marked.csv
[f1291] n_total=735 n_floater=113 (15.4%) mid_10_17=[] saved -> /home/computer0/fly_project/fly_gsplat/outputs/ctrl_009_033_ratio3_sh0_dense_mid200/ratio3_sh0_dense/f1291/splatfacto/2026-08-20_222422/gaussian_features_f1291_marked.csv
[f1292] n_total=741 n_floater=100 (13.5%) mid_10_17=[] saved -> /home/computer0/fly_project/fly_gsplat/outputs/ctrl_009_033_ratio3_sh0_dense_mid200/ratio3_sh0_dense/f1292/splatfacto/2026-08-20_222612/gaussian_features_f1292_marked.csv
[f1293] n_total=705 n_floater=64 (9.1%) mid_10_17=[12, 14] saved -> /home/computer0/fly_project/fly_gsplat/outputs/ctrl_009_033_ratio3_sh0_dense_mid200/ratio3_sh0_dense/f1293/splatfacto/2026-08-20_222611/gaussian_features_f1293_marked.csv
[f1294] n_total=695 n_floater=101 (14.5%) mid_10_17=[] saved -> /home/computer0/fly_project/fly_gsplat/outputs/ctrl_009_033_ratio3_sh0_dense_mid200/ratio3_sh0_dense/f1294/splatfacto/2026-08-20_222613/gaussian_features_f1294_marked.csv
[f1295] n_total=765 n_floater=108 (14.1%) mid_10_17=[] saved -> /home/computer0/fly_project/fly_gsplat/outputs/ctrl_009_033_ratio3_sh0_dense_mid200/ratio3_sh0_dense/f1295/splatfacto/2026-08-20_222613/gaussian_features_f1295_marked.csv
[f1296] n_total=721 n_floater=82 (11.4%) mid_10_17=[] saved -> /home/computer0/fly_project/fly_gsplat/outputs/ctrl_009_033_ratio3_sh0_dense_mid200/ratio3_sh0_dense/f1296/splatfacto/2026-08-20_222613/gaussian_features_f1296_marked.csv
[f1297] n_total=784 n_floater=128 (16.3%) mid_10_17=[] saved -> /home/computer0/fly_project/fly_gsplat/outputs/ctrl_009_033_ratio3_sh0_dense_mid200/ratio3_sh0_dense/f1297/splatfacto/2026-08-20_222614/gaussian_features_f1297_marked.csv
[f1298] n_total=737 n_floater=81 (11.0%) mid_10_17=[] saved -> /home/computer0/fly_project/fly_gsplat/outputs/ctrl_009_033_ratio3_sh0_dense_mid200/ratio3_sh0_dense/f1298/splatfacto/2026-08-20_222613/gaussian_features_f1298_marked.csv
[f1299] n_total=773 n_floater=98 (12.7%) mid_10_17=[13] saved -> /home/computer0/fly_project/fly_gsplat/outputs/ctrl_009_033_ratio3_sh0_dense_mid200/ratio3_sh0_dense/f1299/splatfacto/2026-08-20_222614/gaussian_features_f1299_marked.csv

  [T3] motion accumulation labeling ...
[density] frame_idx=1100: 窗口内36/73帧缺少T2产出(_marked.csv)，跳过不参与累加: ['f1064', 'f1065', 'f1066', 'f1067', 'f1068', 'f1069', 'f1070', 'f1071', 'f1072', 'f1073', 'f1074', 'f1075', 'f1076', 'f1077', 'f1078', 'f1079', 'f1080', 'f1081', 'f1082', 'f1083', 'f1084', 'f1085', 'f1086', 'f1087', 'f1088', 'f1089', 'f1090', 'f1091', 'f1092', 'f1093', 'f1094', 'f1095', 'f1096', 'f1097', 'f1098', 'f1099']
[density] body候选体素连通分量分析: 丢弃1/80个非最大连通分量的碎块体素

[f1100] n_total=661 n_kept=584 (88.4%)  n_frames_in_window=37
  body候选体素数(阈值+连通分量后)=79  body候选点数=324(55.5% of kept)
  wing连通性: 碎块点=53  实际改判=53
  confidence=high  (wing_merged强制low; body候选点数<20或>0.9*n_kept强制low; 否则high)
  L/R锚定: wing_A -> wing_L  wing_B -> wing_R
  part_label分布(全部点，含if_keep=False的1-NN传播): body=427  wing_L=125  wing_R=109
  labeled csv -> /home/computer0/fly_project/fly_gsplat/outputs/ctrl_009_033_ratio3_sh0_dense_mid200/ratio3_sh0_dense/f1100/splatfacto/2026-08-20_215518/gaussian_features_f1100_labeled.csv
[density] frame_idx=1101: 窗口内35/73帧缺少T2产出(_marked.csv)，跳过不参与累加: ['f1065', 'f1066', 'f1067', 'f1068', 'f1069', 'f1070', 'f1071', 'f1072', 'f1073', 'f1074', 'f1075', 'f1076', 'f1077', 'f1078', 'f1079', 'f1080', 'f1081', 'f1082', 'f1083', 'f1084', 'f1085', 'f1086', 'f1087', 'f1088', 'f1089', 'f1090', 'f1091', 'f1092', 'f1093', 'f1094', 'f1095', 'f1096', 'f1097', 'f1098', 'f1099']
[density] body候选体素连通分量分析: 丢弃1/81个非最大连通分量的碎块体素

[f1101] n_total=608 n_kept=539 (88.7%)  n_frames_in_window=38
  body候选体素数(阈值+连通分量后)=80  body候选点数=316(58.6% of kept)
  wing连通性: 碎块点=43  实际改判=43
  confidence=high  (wing_merged强制low; body候选点数<20或>0.9*n_kept强制low; 否则high)
  L/R锚定: wing_A -> wing_R  wing_B -> wing_L
  part_label分布(全部点，含if_keep=False的1-NN传播): body=403  wing_L=104  wing_R=101
  labeled csv -> /home/computer0/fly_project/fly_gsplat/outputs/ctrl_009_033_ratio3_sh0_dense_mid200/ratio3_sh0_dense/f1101/splatfacto/2026-08-20_215518/gaussian_features_f1101_labeled.csv
[density] frame_idx=1102: 窗口内34/73帧缺少T2产出(_marked.csv)，跳过不参与累加: ['f1066', 'f1067', 'f1068', 'f1069', 'f1070', 'f1071', 'f1072', 'f1073', 'f1074', 'f1075', 'f1076', 'f1077', 'f1078', 'f1079', 'f1080', 'f1081', 'f1082', 'f1083', 'f1084', 'f1085', 'f1086', 'f1087', 'f1088', 'f1089', 'f1090', 'f1091', 'f1092', 'f1093', 'f1094', 'f1095', 'f1096', 'f1097', 'f1098', 'f1099']
[density] body候选体素连通分量分析: 丢弃1/84个非最大连通分量的碎块体素

[f1102] n_total=588 n_kept=520 (88.4%)  n_frames_in_window=39
  body候选体素数(阈值+连通分量后)=83  body候选点数=273(52.5% of kept)
  wing连通性: 碎块点=36  实际改判=36
  confidence=high  (wing_merged强制low; body候选点数<20或>0.9*n_kept强制low; 否则high)
  L/R锚定: wing_A -> wing_R  wing_B -> wing_L
  part_label分布(全部点，含if_keep=False的1-NN传播): body=349  wing_L=103  wing_R=136
  labeled csv -> /home/computer0/fly_project/fly_gsplat/outputs/ctrl_009_033_ratio3_sh0_dense_mid200/ratio3_sh0_dense/f1102/splatfacto/2026-08-20_215518/gaussian_features_f1102_labeled.csv
[density] frame_idx=1103: 窗口内33/73帧缺少T2产出(_marked.csv)，跳过不参与累加: ['f1067', 'f1068', 'f1069', 'f1070', 'f1071', 'f1072', 'f1073', 'f1074', 'f1075', 'f1076', 'f1077', 'f1078', 'f1079', 'f1080', 'f1081', 'f1082', 'f1083', 'f1084', 'f1085', 'f1086', 'f1087', 'f1088', 'f1089', 'f1090', 'f1091', 'f1092', 'f1093', 'f1094', 'f1095', 'f1096', 'f1097', 'f1098', 'f1099']
[density] body候选体素连通分量分析: 丢弃1/87个非最大连通分量的碎块体素

[f1103] n_total=589 n_kept=534 (90.7%)  n_frames_in_window=40
  body候选体素数(阈值+连通分量后)=86  body候选点数=288(53.9% of kept)
  wing连通性: 碎块点=41  实际改判=41
  confidence=high  (wing_merged强制low; body候选点数<20或>0.9*n_kept强制low; 否则high)
  L/R锚定: wing_A -> wing_R  wing_B -> wing_L
  part_label分布(全部点，含if_keep=False的1-NN传播): body=356  wing_L=109  wing_R=124
  labeled csv -> /home/computer0/fly_project/fly_gsplat/outputs/ctrl_009_033_ratio3_sh0_dense_mid200/ratio3_sh0_dense/f1103/splatfacto/2026-08-20_215518/gaussian_features_f1103_labeled.csv
[density] frame_idx=1104: 窗口内32/73帧缺少T2产出(_marked.csv)，跳过不参与累加: ['f1068', 'f1069', 'f1070', 'f1071', 'f1072', 'f1073', 'f1074', 'f1075', 'f1076', 'f1077', 'f1078', 'f1079', 'f1080', 'f1081', 'f1082', 'f1083', 'f1084', 'f1085', 'f1086', 'f1087', 'f1088', 'f1089', 'f1090', 'f1091', 'f1092', 'f1093', 'f1094', 'f1095', 'f1096', 'f1097', 'f1098', 'f1099']
[density] body候选体素连通分量分析: 丢弃1/88个非最大连通分量的碎块体素

[f1104] n_total=559 n_kept=495 (88.6%)  n_frames_in_window=41
  body候选体素数(阈值+连通分量后)=87  body候选点数=251(50.7% of kept)
  wing连通性: 碎块点=49  实际改判=49
  confidence=high  (wing_merged强制low; body候选点数<20或>0.9*n_kept强制low; 否则high)
  L/R锚定: wing_A -> wing_L  wing_B -> wing_R
  part_label分布(全部点，含if_keep=False的1-NN传播): body=355  wing_L=116  wing_R=88
  labeled csv -> /home/computer0/fly_project/fly_gsplat/outputs/ctrl_009_033_ratio3_sh0_dense_mid200/ratio3_sh0_dense/f1104/splatfacto/2026-08-20_215517/gaussian_features_f1104_labeled.csv
[density] frame_idx=1105: 窗口内31/73帧缺少T2产出(_marked.csv)，跳过不参与累加: ['f1069', 'f1070', 'f1071', 'f1072', 'f1073', 'f1074', 'f1075', 'f1076', 'f1077', 'f1078', 'f1079', 'f1080', 'f1081', 'f1082', 'f1083', 'f1084', 'f1085', 'f1086', 'f1087', 'f1088', 'f1089', 'f1090', 'f1091', 'f1092', 'f1093', 'f1094', 'f1095', 'f1096', 'f1097', 'f1098', 'f1099']
[density] body候选体素连通分量分析: 丢弃1/90个非最大连通分量的碎块体素

[f1105] n_total=635 n_kept=569 (89.6%)  n_frames_in_window=42
  body候选体素数(阈值+连通分量后)=89  body候选点数=311(54.7% of kept)
  wing连通性: 碎块点=41  实际改判=41
  confidence=high  (wing_merged强制low; body候选点数<20或>0.9*n_kept强制low; 否则high)
  L/R锚定: wing_A -> wing_R  wing_B -> wing_L
  part_label分布(全部点，含if_keep=False的1-NN传播): body=390  wing_L=121  wing_R=124
  labeled csv -> /home/computer0/fly_project/fly_gsplat/outputs/ctrl_009_033_ratio3_sh0_dense_mid200/ratio3_sh0_dense/f1105/splatfacto/2026-08-20_215518/gaussian_features_f1105_labeled.csv
[density] frame_idx=1106: 窗口内30/73帧缺少T2产出(_marked.csv)，跳过不参与累加: ['f1070', 'f1071', 'f1072', 'f1073', 'f1074', 'f1075', 'f1076', 'f1077', 'f1078', 'f1079', 'f1080', 'f1081', 'f1082', 'f1083', 'f1084', 'f1085', 'f1086', 'f1087', 'f1088', 'f1089', 'f1090', 'f1091', 'f1092', 'f1093', 'f1094', 'f1095', 'f1096', 'f1097', 'f1098', 'f1099']
[density] body候选体素连通分量分析: 丢弃1/92个非最大连通分量的碎块体素

[f1106] n_total=588 n_kept=518 (88.1%)  n_frames_in_window=43
  body候选体素数(阈值+连通分量后)=91  body候选点数=282(54.4% of kept)
  wing连通性: 碎块点=31  实际改判=31
  confidence=high  (wing_merged强制low; body候选点数<20或>0.9*n_kept强制low; 否则high)
  L/R锚定: wing_A -> wing_L  wing_B -> wing_R
  part_label分布(全部点，含if_keep=False的1-NN传播): body=363  wing_L=127  wing_R=98
  labeled csv -> /home/computer0/fly_project/fly_gsplat/outputs/ctrl_009_033_ratio3_sh0_dense_mid200/ratio3_sh0_dense/f1106/splatfacto/2026-08-20_215518/gaussian_features_f1106_labeled.csv
[density] frame_idx=1107: 窗口内29/73帧缺少T2产出(_marked.csv)，跳过不参与累加: ['f1071', 'f1072', 'f1073', 'f1074', 'f1075', 'f1076', 'f1077', 'f1078', 'f1079', 'f1080', 'f1081', 'f1082', 'f1083', 'f1084', 'f1085', 'f1086', 'f1087', 'f1088', 'f1089', 'f1090', 'f1091', 'f1092', 'f1093', 'f1094', 'f1095', 'f1096', 'f1097', 'f1098', 'f1099']
[density] body候选体素连通分量分析: 丢弃1/95个非最大连通分量的碎块体素

[f1107] n_total=636 n_kept=585 (92.0%)  n_frames_in_window=44
  body候选体素数(阈值+连通分量后)=94  body候选点数=364(62.2% of kept)
  wing连通性: 碎块点=29  实际改判=29
  confidence=high  (wing_merged强制low; body候选点数<20或>0.9*n_kept强制low; 否则high)
  L/R锚定: wing_A -> wing_L  wing_B -> wing_R
  part_label分布(全部点，含if_keep=False的1-NN传播): body=433  wing_L=119  wing_R=84
  labeled csv -> /home/computer0/fly_project/fly_gsplat/outputs/ctrl_009_033_ratio3_sh0_dense_mid200/ratio3_sh0_dense/f1107/splatfacto/2026-08-20_215518/gaussian_features_f1107_labeled.csv
[density] frame_idx=1108: 窗口内28/73帧缺少T2产出(_marked.csv)，跳过不参与累加: ['f1072', 'f1073', 'f1074', 'f1075', 'f1076', 'f1077', 'f1078', 'f1079', 'f1080', 'f1081', 'f1082', 'f1083', 'f1084', 'f1085', 'f1086', 'f1087', 'f1088', 'f1089', 'f1090', 'f1091', 'f1092', 'f1093', 'f1094', 'f1095', 'f1096', 'f1097', 'f1098', 'f1099']
[density] body候选体素连通分量分析: 丢弃1/97个非最大连通分量的碎块体素

[f1108] n_total=668 n_kept=597 (89.4%)  n_frames_in_window=45
  body候选体素数(阈值+连通分量后)=96  body候选点数=359(60.1% of kept)
  wing连通性: 碎块点=31  实际改判=31
  confidence=high  (wing_merged强制low; body候选点数<20或>0.9*n_kept强制low; 否则high)
  L/R锚定: wing_A -> wing_R  wing_B -> wing_L
  part_label分布(全部点，含if_keep=False的1-NN传播): body=444  wing_L=116  wing_R=108
  labeled csv -> /home/computer0/fly_project/fly_gsplat/outputs/ctrl_009_033_ratio3_sh0_dense_mid200/ratio3_sh0_dense/f1108/splatfacto/2026-08-20_215518/gaussian_features_f1108_labeled.csv
[density] frame_idx=1109: 窗口内27/73帧缺少T2产出(_marked.csv)，跳过不参与累加: ['f1073', 'f1074', 'f1075', 'f1076', 'f1077', 'f1078', 'f1079', 'f1080', 'f1081', 'f1082', 'f1083', 'f1084', 'f1085', 'f1086', 'f1087', 'f1088', 'f1089', 'f1090', 'f1091', 'f1092', 'f1093', 'f1094', 'f1095', 'f1096', 'f1097', 'f1098', 'f1099']
[density] body候选体素连通分量分析: 丢弃1/100个非最大连通分量的碎块体素

[f1109] n_total=621 n_kept=566 (91.1%)  n_frames_in_window=46
  body候选体素数(阈值+连通分量后)=99  body候选点数=345(61.0% of kept)
  wing连通性: 碎块点=30  实际改判=30
  confidence=high  (wing_merged强制low; body候选点数<20或>0.9*n_kept强制low; 否则high)
  L/R锚定: wing_A -> wing_L  wing_B -> wing_R
  part_label分布(全部点，含if_keep=False的1-NN传播): body=423  wing_L=115  wing_R=83
  labeled csv -> /home/computer0/fly_project/fly_gsplat/outputs/ctrl_009_033_ratio3_sh0_dense_mid200/ratio3_sh0_dense/f1109/splatfacto/2026-08-20_215517/gaussian_features_f1109_labeled.csv
[density] frame_idx=1110: 窗口内26/73帧缺少T2产出(_marked.csv)，跳过不参与累加: ['f1074', 'f1075', 'f1076', 'f1077', 'f1078', 'f1079', 'f1080', 'f1081', 'f1082', 'f1083', 'f1084', 'f1085', 'f1086', 'f1087', 'f1088', 'f1089', 'f1090', 'f1091', 'f1092', 'f1093', 'f1094', 'f1095', 'f1096', 'f1097', 'f1098', 'f1099']
[density] body候选体素连通分量分析: 丢弃1/101个非最大连通分量的碎块体素

[f1110] n_total=693 n_kept=622 (89.8%)  n_frames_in_window=47
  body候选体素数(阈值+连通分量后)=100  body候选点数=420(67.5% of kept)
  wing连通性: 碎块点=33  实际改判=33
  confidence=high  (wing_merged强制low; body候选点数<20或>0.9*n_kept强制low; 否则high)
  L/R锚定: wing_A -> wing_R  wing_B -> wing_L
  part_label分布(全部点，含if_keep=False的1-NN传播): body=506  wing_L=100  wing_R=87
  labeled csv -> /home/computer0/fly_project/fly_gsplat/outputs/ctrl_009_033_ratio3_sh0_dense_mid200/ratio3_sh0_dense/f1110/splatfacto/2026-08-20_215517/gaussian_features_f1110_labeled.csv
[density] frame_idx=1111: 窗口内25/73帧缺少T2产出(_marked.csv)，跳过不参与累加: ['f1075', 'f1076', 'f1077', 'f1078', 'f1079', 'f1080', 'f1081', 'f1082', 'f1083', 'f1084', 'f1085', 'f1086', 'f1087', 'f1088', 'f1089', 'f1090', 'f1091', 'f1092', 'f1093', 'f1094', 'f1095', 'f1096', 'f1097', 'f1098', 'f1099']
[density] body候选体素连通分量分析: 丢弃1/102个非最大连通分量的碎块体素

[f1111] n_total=625 n_kept=566 (90.6%)  n_frames_in_window=48
  body候选体素数(阈值+连通分量后)=101  body候选点数=349(61.7% of kept)
  wing连通性: 碎块点=23  实际改判=23
  confidence=high  (wing_merged强制low; body候选点数<20或>0.9*n_kept强制low; 否则high)
  L/R锚定: wing_A -> wing_R  wing_B -> wing_L
  part_label分布(全部点，含if_keep=False的1-NN传播): body=421  wing_L=101  wing_R=103
  labeled csv -> /home/computer0/fly_project/fly_gsplat/outputs/ctrl_009_033_ratio3_sh0_dense_mid200/ratio3_sh0_dense/f1111/splatfacto/2026-08-20_215517/gaussian_features_f1111_labeled.csv
[density] frame_idx=1112: 窗口内24/73帧缺少T2产出(_marked.csv)，跳过不参与累加: ['f1076', 'f1077', 'f1078', 'f1079', 'f1080', 'f1081', 'f1082', 'f1083', 'f1084', 'f1085', 'f1086', 'f1087', 'f1088', 'f1089', 'f1090', 'f1091', 'f1092', 'f1093', 'f1094', 'f1095', 'f1096', 'f1097', 'f1098', 'f1099']
[density] body候选体素连通分量分析: 丢弃1/103个非最大连通分量的碎块体素

[f1112] n_total=662 n_kept=575 (86.9%)  n_frames_in_window=49
  body候选体素数(阈值+连通分量后)=102  body候选点数=378(65.7% of kept)
  wing连通性: 碎块点=30  实际改判=30
  confidence=high  (wing_merged强制low; body候选点数<20或>0.9*n_kept强制low; 否则high)
  L/R锚定: wing_A -> wing_L  wing_B -> wing_R
  part_label分布(全部点，含if_keep=False的1-NN传播): body=478  wing_L=98  wing_R=86
  labeled csv -> /home/computer0/fly_project/fly_gsplat/outputs/ctrl_009_033_ratio3_sh0_dense_mid200/ratio3_sh0_dense/f1112/splatfacto/2026-08-20_215716/gaussian_features_f1112_labeled.csv
[density] frame_idx=1113: 窗口内23/73帧缺少T2产出(_marked.csv)，跳过不参与累加: ['f1077', 'f1078', 'f1079', 'f1080', 'f1081', 'f1082', 'f1083', 'f1084', 'f1085', 'f1086', 'f1087', 'f1088', 'f1089', 'f1090', 'f1091', 'f1092', 'f1093', 'f1094', 'f1095', 'f1096', 'f1097', 'f1098', 'f1099']
[density] body候选体素连通分量分析: 丢弃1/105个非最大连通分量的碎块体素

[f1113] n_total=623 n_kept=566 (90.9%)  n_frames_in_window=50
  body候选体素数(阈值+连通分量后)=104  body候选点数=352(62.2% of kept)
  wing连通性: 碎块点=31  实际改判=31
  confidence=high  (wing_merged强制low; body候选点数<20或>0.9*n_kept强制low; 否则high)
  L/R锚定: wing_A -> wing_L  wing_B -> wing_R
  part_label分布(全部点，含if_keep=False的1-NN传播): body=428  wing_L=103  wing_R=92
  labeled csv -> /home/computer0/fly_project/fly_gsplat/outputs/ctrl_009_033_ratio3_sh0_dense_mid200/ratio3_sh0_dense/f1113/splatfacto/2026-08-20_215716/gaussian_features_f1113_labeled.csv
[density] frame_idx=1114: 窗口内22/73帧缺少T2产出(_marked.csv)，跳过不参与累加: ['f1078', 'f1079', 'f1080', 'f1081', 'f1082', 'f1083', 'f1084', 'f1085', 'f1086', 'f1087', 'f1088', 'f1089', 'f1090', 'f1091', 'f1092', 'f1093', 'f1094', 'f1095', 'f1096', 'f1097', 'f1098', 'f1099']
[density] body候选体素连通分量分析: 丢弃1/106个非最大连通分量的碎块体素

[f1114] n_total=597 n_kept=542 (90.8%)  n_frames_in_window=51
  body候选体素数(阈值+连通分量后)=105  body候选点数=302(55.7% of kept)
  wing连通性: 碎块点=34  实际改判=34
  confidence=high  (wing_merged强制low; body候选点数<20或>0.9*n_kept强制low; 否则high)
  L/R锚定: wing_A -> wing_R  wing_B -> wing_L
  part_label分布(全部点，含if_keep=False的1-NN传播): body=375  wing_L=110  wing_R=112
  labeled csv -> /home/computer0/fly_project/fly_gsplat/outputs/ctrl_009_033_ratio3_sh0_dense_mid200/ratio3_sh0_dense/f1114/splatfacto/2026-08-20_215715/gaussian_features_f1114_labeled.csv
[density] frame_idx=1115: 窗口内21/73帧缺少T2产出(_marked.csv)，跳过不参与累加: ['f1079', 'f1080', 'f1081', 'f1082', 'f1083', 'f1084', 'f1085', 'f1086', 'f1087', 'f1088', 'f1089', 'f1090', 'f1091', 'f1092', 'f1093', 'f1094', 'f1095', 'f1096', 'f1097', 'f1098', 'f1099']
[density] body候选体素连通分量分析: 丢弃1/107个非最大连通分量的碎块体素

[f1115] n_total=630 n_kept=560 (88.9%)  n_frames_in_window=52
  body候选体素数(阈值+连通分量后)=106  body候选点数=321(57.3% of kept)
  wing连通性: 碎块点=31  实际改判=31
  confidence=high  (wing_merged强制low; body候选点数<20或>0.9*n_kept强制low; 否则high)
  L/R锚定: wing_A -> wing_L  wing_B -> wing_R
  part_label分布(全部点，含if_keep=False的1-NN传播): body=415  wing_L=113  wing_R=102
  labeled csv -> /home/computer0/fly_project/fly_gsplat/outputs/ctrl_009_033_ratio3_sh0_dense_mid200/ratio3_sh0_dense/f1115/splatfacto/2026-08-20_215716/gaussian_features_f1115_labeled.csv
[density] frame_idx=1116: 窗口内20/73帧缺少T2产出(_marked.csv)，跳过不参与累加: ['f1080', 'f1081', 'f1082', 'f1083', 'f1084', 'f1085', 'f1086', 'f1087', 'f1088', 'f1089', 'f1090', 'f1091', 'f1092', 'f1093', 'f1094', 'f1095', 'f1096', 'f1097', 'f1098', 'f1099']
[density] body候选体素连通分量分析: 丢弃1/107个非最大连通分量的碎块体素

[f1116] n_total=648 n_kept=581 (89.7%)  n_frames_in_window=53
  body候选体素数(阈值+连通分量后)=106  body候选点数=367(63.2% of kept)
  wing连通性: 碎块点=19  实际改判=19
  confidence=high  (wing_merged强制low; body候选点数<20或>0.9*n_kept强制low; 否则high)
  L/R锚定: wing_A -> wing_L  wing_B -> wing_R
  part_label分布(全部点，含if_keep=False的1-NN传播): body=440  wing_L=122  wing_R=86
  labeled csv -> /home/computer0/fly_project/fly_gsplat/outputs/ctrl_009_033_ratio3_sh0_dense_mid200/ratio3_sh0_dense/f1116/splatfacto/2026-08-20_215716/gaussian_features_f1116_labeled.csv
[density] frame_idx=1117: 窗口内19/73帧缺少T2产出(_marked.csv)，跳过不参与累加: ['f1081', 'f1082', 'f1083', 'f1084', 'f1085', 'f1086', 'f1087', 'f1088', 'f1089', 'f1090', 'f1091', 'f1092', 'f1093', 'f1094', 'f1095', 'f1096', 'f1097', 'f1098', 'f1099']
[density] body候选体素连通分量分析: 丢弃1/108个非最大连通分量的碎块体素

[f1117] n_total=646 n_kept=567 (87.8%)  n_frames_in_window=54
  body候选体素数(阈值+连通分量后)=107  body候选点数=348(61.4% of kept)
  wing连通性: 碎块点=28  实际改判=28
  confidence=high  (wing_merged强制low; body候选点数<20或>0.9*n_kept强制low; 否则high)
  L/R锚定: wing_A -> wing_L  wing_B -> wing_R
  part_label分布(全部点，含if_keep=False的1-NN传播): body=445  wing_L=119  wing_R=82
  labeled csv -> /home/computer0/fly_project/fly_gsplat/outputs/ctrl_009_033_ratio3_sh0_dense_mid200/ratio3_sh0_dense/f1117/splatfacto/2026-08-20_215717/gaussian_features_f1117_labeled.csv
[density] frame_idx=1118: 窗口内18/73帧缺少T2产出(_marked.csv)，跳过不参与累加: ['f1082', 'f1083', 'f1084', 'f1085', 'f1086', 'f1087', 'f1088', 'f1089', 'f1090', 'f1091', 'f1092', 'f1093', 'f1094', 'f1095', 'f1096', 'f1097', 'f1098', 'f1099']
[density] body候选体素连通分量分析: 丢弃1/109个非最大连通分量的碎块体素
  [警告][f1118] wing_merged_forced_split: wing候选点的连通分量分析后只有1个显著分量(贴一起无法物理拆分)，强行按x_body×up投影中位数切成两半，强制confidence=low

[f1118] n_total=701 n_kept=626 (89.3%)  n_frames_in_window=55
  body候选体素数(阈值+连通分量后)=108  body候选点数=351(56.1% of kept)
  wing连通性: 碎块点=19  实际改判=19
  confidence=low  (wing_merged强制low; body候选点数<20或>0.9*n_kept强制low; 否则high)
  L/R锚定: wing_A -> wing_R  wing_B -> wing_L
  part_label分布(全部点，含if_keep=False的1-NN传播): body=419  wing_L=139  wing_R=143
  labeled csv -> /home/computer0/fly_project/fly_gsplat/outputs/ctrl_009_033_ratio3_sh0_dense_mid200/ratio3_sh0_dense/f1118/splatfacto/2026-08-20_215717/gaussian_features_f1118_labeled.csv
[density] frame_idx=1119: 窗口内17/73帧缺少T2产出(_marked.csv)，跳过不参与累加: ['f1083', 'f1084', 'f1085', 'f1086', 'f1087', 'f1088', 'f1089', 'f1090', 'f1091', 'f1092', 'f1093', 'f1094', 'f1095', 'f1096', 'f1097', 'f1098', 'f1099']
[density] body候选体素连通分量分析: 丢弃1/111个非最大连通分量的碎块体素

[f1119] n_total=695 n_kept=633 (91.1%)  n_frames_in_window=56
  body候选体素数(阈值+连通分量后)=110  body候选点数=367(58.0% of kept)
  wing连通性: 碎块点=38  实际改判=38
  confidence=high  (wing_merged强制low; body候选点数<20或>0.9*n_kept强制low; 否则high)
  L/R锚定: wing_A -> wing_R  wing_B -> wing_L
  part_label分布(全部点，含if_keep=False的1-NN传播): body=446  wing_L=121  wing_R=128
  labeled csv -> /home/computer0/fly_project/fly_gsplat/outputs/ctrl_009_033_ratio3_sh0_dense_mid200/ratio3_sh0_dense/f1119/splatfacto/2026-08-20_215715/gaussian_features_f1119_labeled.csv
[density] frame_idx=1120: 窗口内16/73帧缺少T2产出(_marked.csv)，跳过不参与累加: ['f1084', 'f1085', 'f1086', 'f1087', 'f1088', 'f1089', 'f1090', 'f1091', 'f1092', 'f1093', 'f1094', 'f1095', 'f1096', 'f1097', 'f1098', 'f1099']
[density] body候选体素连通分量分析: 丢弃1/113个非最大连通分量的碎块体素

[f1120] n_total=698 n_kept=628 (90.0%)  n_frames_in_window=57
  body候选体素数(阈值+连通分量后)=112  body候选点数=418(66.6% of kept)
  wing连通性: 碎块点=28  实际改判=28
  confidence=high  (wing_merged强制low; body候选点数<20或>0.9*n_kept强制low; 否则high)
  L/R锚定: wing_A -> wing_R  wing_B -> wing_L
  part_label分布(全部点，含if_keep=False的1-NN传播): body=507  wing_L=72  wing_R=119
  labeled csv -> /home/computer0/fly_project/fly_gsplat/outputs/ctrl_009_033_ratio3_sh0_dense_mid200/ratio3_sh0_dense/f1120/splatfacto/2026-08-20_215717/gaussian_features_f1120_labeled.csv
[density] frame_idx=1121: 窗口内15/73帧缺少T2产出(_marked.csv)，跳过不参与累加: ['f1085', 'f1086', 'f1087', 'f1088', 'f1089', 'f1090', 'f1091', 'f1092', 'f1093', 'f1094', 'f1095', 'f1096', 'f1097', 'f1098', 'f1099']
[density] body候选体素连通分量分析: 丢弃1/114个非最大连通分量的碎块体素

[f1121] n_total=598 n_kept=531 (88.8%)  n_frames_in_window=58
  body候选体素数(阈值+连通分量后)=113  body候选点数=342(64.4% of kept)
  wing连通性: 碎块点=23  实际改判=23
  confidence=high  (wing_merged强制low; body候选点数<20或>0.9*n_kept强制low; 否则high)
  L/R锚定: wing_A -> wing_R  wing_B -> wing_L
  part_label分布(全部点，含if_keep=False的1-NN传播): body=425  wing_L=55  wing_R=118
  labeled csv -> /home/computer0/fly_project/fly_gsplat/outputs/ctrl_009_033_ratio3_sh0_dense_mid200/ratio3_sh0_dense/f1121/splatfacto/2026-08-20_215717/gaussian_features_f1121_labeled.csv
[density] frame_idx=1122: 窗口内14/73帧缺少T2产出(_marked.csv)，跳过不参与累加: ['f1086', 'f1087', 'f1088', 'f1089', 'f1090', 'f1091', 'f1092', 'f1093', 'f1094', 'f1095', 'f1096', 'f1097', 'f1098', 'f1099']
[density] body候选体素连通分量分析: 丢弃1/115个非最大连通分量的碎块体素

[f1122] n_total=690 n_kept=595 (86.2%)  n_frames_in_window=59
  body候选体素数(阈值+连通分量后)=114  body候选点数=403(67.7% of kept)
  wing连通性: 碎块点=16  实际改判=16
  confidence=high  (wing_merged强制low; body候选点数<20或>0.9*n_kept强制low; 否则high)
  L/R锚定: wing_A -> wing_R  wing_B -> wing_L
  part_label分布(全部点，含if_keep=False的1-NN传播): body=497  wing_L=69  wing_R=124
  labeled csv -> /home/computer0/fly_project/fly_gsplat/outputs/ctrl_009_033_ratio3_sh0_dense_mid200/ratio3_sh0_dense/f1122/splatfacto/2026-08-20_215718/gaussian_features_f1122_labeled.csv
[density] frame_idx=1123: 窗口内13/73帧缺少T2产出(_marked.csv)，跳过不参与累加: ['f1087', 'f1088', 'f1089', 'f1090', 'f1091', 'f1092', 'f1093', 'f1094', 'f1095', 'f1096', 'f1097', 'f1098', 'f1099']
[density] body候选体素连通分量分析: 丢弃1/116个非最大连通分量的碎块体素

[f1123] n_total=701 n_kept=590 (84.2%)  n_frames_in_window=60
  body候选体素数(阈值+连通分量后)=115  body候选点数=363(61.5% of kept)
  wing连通性: 碎块点=22  实际改判=22
  confidence=high  (wing_merged强制low; body候选点数<20或>0.9*n_kept强制low; 否则high)
  L/R锚定: wing_A -> wing_R  wing_B -> wing_L
  part_label分布(全部点，含if_keep=False的1-NN传播): body=472  wing_L=87  wing_R=142
  labeled csv -> /home/computer0/fly_project/fly_gsplat/outputs/ctrl_009_033_ratio3_sh0_dense_mid200/ratio3_sh0_dense/f1123/splatfacto/2026-08-20_215716/gaussian_features_f1123_labeled.csv
[density] frame_idx=1124: 窗口内12/73帧缺少T2产出(_marked.csv)，跳过不参与累加: ['f1088', 'f1089', 'f1090', 'f1091', 'f1092', 'f1093', 'f1094', 'f1095', 'f1096', 'f1097', 'f1098', 'f1099']
[density] body候选体素连通分量分析: 丢弃1/117个非最大连通分量的碎块体素

[f1124] n_total=698 n_kept=614 (88.0%)  n_frames_in_window=61
  body候选体素数(阈值+连通分量后)=116  body候选点数=312(50.8% of kept)
  wing连通性: 碎块点=44  实际改判=44
  confidence=high  (wing_merged强制low; body候选点数<20或>0.9*n_kept强制low; 否则high)
  L/R锚定: wing_A -> wing_R  wing_B -> wing_L
  part_label分布(全部点，含if_keep=False的1-NN传播): body=408  wing_L=111  wing_R=179
  labeled csv -> /home/computer0/fly_project/fly_gsplat/outputs/ctrl_009_033_ratio3_sh0_dense_mid200/ratio3_sh0_dense/f1124/splatfacto/2026-08-20_215912/gaussian_features_f1124_labeled.csv
[density] frame_idx=1125: 窗口内11/73帧缺少T2产出(_marked.csv)，跳过不参与累加: ['f1089', 'f1090', 'f1091', 'f1092', 'f1093', 'f1094', 'f1095', 'f1096', 'f1097', 'f1098', 'f1099']
[density] body候选体素连通分量分析: 丢弃1/117个非最大连通分量的碎块体素
  [警告][f1125] wing_merged_forced_split: wing候选点的连通分量分析后只有1个显著分量(贴一起无法物理拆分)，强行按x_body×up投影中位数切成两半，强制confidence=low

[f1125] n_total=751 n_kept=679 (90.4%)  n_frames_in_window=62
  body候选体素数(阈值+连通分量后)=116  body候选点数=373(54.9% of kept)
  wing连通性: 碎块点=22  实际改判=22
  confidence=low  (wing_merged强制low; body候选点数<20或>0.9*n_kept强制low; 否则high)
  L/R锚定: wing_A -> wing_R  wing_B -> wing_L
  part_label分布(全部点，含if_keep=False的1-NN传播): body=445  wing_L=154  wing_R=152
  labeled csv -> /home/computer0/fly_project/fly_gsplat/outputs/ctrl_009_033_ratio3_sh0_dense_mid200/ratio3_sh0_dense/f1125/splatfacto/2026-08-20_215912/gaussian_features_f1125_labeled.csv
[density] frame_idx=1126: 窗口内10/73帧缺少T2产出(_marked.csv)，跳过不参与累加: ['f1090', 'f1091', 'f1092', 'f1093', 'f1094', 'f1095', 'f1096', 'f1097', 'f1098', 'f1099']
[density] body候选体素连通分量分析: 丢弃1/119个非最大连通分量的碎块体素
  [警告][f1126] wing_merged_forced_split: wing候选点的连通分量分析后只有1个显著分量(贴一起无法物理拆分)，强行按x_body×up投影中位数切成两半，强制confidence=low

[f1126] n_total=782 n_kept=679 (86.8%)  n_frames_in_window=63
  body候选体素数(阈值+连通分量后)=118  body候选点数=347(51.1% of kept)
  wing连通性: 碎块点=17  实际改判=17
  confidence=low  (wing_merged强制low; body候选点数<20或>0.9*n_kept强制low; 否则high)
  L/R锚定: wing_A -> wing_R  wing_B -> wing_L
  part_label分布(全部点，含if_keep=False的1-NN传播): body=450  wing_L=167  wing_R=165
  labeled csv -> /home/computer0/fly_project/fly_gsplat/outputs/ctrl_009_033_ratio3_sh0_dense_mid200/ratio3_sh0_dense/f1126/splatfacto/2026-08-20_215912/gaussian_features_f1126_labeled.csv
[density] frame_idx=1127: 窗口内9/73帧缺少T2产出(_marked.csv)，跳过不参与累加: ['f1091', 'f1092', 'f1093', 'f1094', 'f1095', 'f1096', 'f1097', 'f1098', 'f1099']
[density] body候选体素连通分量分析: 丢弃1/122个非最大连通分量的碎块体素
  [警告][f1127] wing_merged_forced_split: wing候选点的连通分量分析后只有1个显著分量(贴一起无法物理拆分)，强行按x_body×up投影中位数切成两半，强制confidence=low

[f1127] n_total=715 n_kept=636 (89.0%)  n_frames_in_window=64
  body候选体素数(阈值+连通分量后)=121  body候选点数=328(51.6% of kept)
  wing连通性: 碎块点=21  实际改判=21
  confidence=low  (wing_merged强制low; body候选点数<20或>0.9*n_kept强制low; 否则high)
  L/R锚定: wing_A -> wing_R  wing_B -> wing_L
  part_label分布(全部点，含if_keep=False的1-NN传播): body=419  wing_L=147  wing_R=149
  labeled csv -> /home/computer0/fly_project/fly_gsplat/outputs/ctrl_009_033_ratio3_sh0_dense_mid200/ratio3_sh0_dense/f1127/splatfacto/2026-08-20_215913/gaussian_features_f1127_labeled.csv
[density] frame_idx=1128: 窗口内8/73帧缺少T2产出(_marked.csv)，跳过不参与累加: ['f1092', 'f1093', 'f1094', 'f1095', 'f1096', 'f1097', 'f1098', 'f1099']
[density] body候选体素连通分量分析: 丢弃1/123个非最大连通分量的碎块体素

[f1128] n_total=702 n_kept=626 (89.2%)  n_frames_in_window=65
  body候选体素数(阈值+连通分量后)=122  body候选点数=323(51.6% of kept)
  wing连通性: 碎块点=30  实际改判=30
  confidence=high  (wing_merged强制low; body候选点数<20或>0.9*n_kept强制low; 否则high)
  L/R锚定: wing_A -> wing_L  wing_B -> wing_R
  part_label分布(全部点，含if_keep=False的1-NN传播): body=416  wing_L=150  wing_R=136
  labeled csv -> /home/computer0/fly_project/fly_gsplat/outputs/ctrl_009_033_ratio3_sh0_dense_mid200/ratio3_sh0_dense/f1128/splatfacto/2026-08-20_215913/gaussian_features_f1128_labeled.csv
[density] frame_idx=1129: 窗口内7/73帧缺少T2产出(_marked.csv)，跳过不参与累加: ['f1093', 'f1094', 'f1095', 'f1096', 'f1097', 'f1098', 'f1099']
[density] body候选体素连通分量分析: 丢弃1/124个非最大连通分量的碎块体素

[f1129] n_total=686 n_kept=597 (87.0%)  n_frames_in_window=66
  body候选体素数(阈值+连通分量后)=123  body候选点数=313(52.4% of kept)
  wing连通性: 碎块点=33  实际改判=33
  confidence=high  (wing_merged强制low; body候选点数<20或>0.9*n_kept强制low; 否则high)
  L/R锚定: wing_A -> wing_R  wing_B -> wing_L
  part_label分布(全部点，含if_keep=False的1-NN传播): body=425  wing_L=129  wing_R=132
  labeled csv -> /home/computer0/fly_project/fly_gsplat/outputs/ctrl_009_033_ratio3_sh0_dense_mid200/ratio3_sh0_dense/f1129/splatfacto/2026-08-20_215913/gaussian_features_f1129_labeled.csv
[density] frame_idx=1130: 窗口内6/73帧缺少T2产出(_marked.csv)，跳过不参与累加: ['f1094', 'f1095', 'f1096', 'f1097', 'f1098', 'f1099']
[density] body候选体素连通分量分析: 丢弃1/125个非最大连通分量的碎块体素

[f1130] n_total=676 n_kept=606 (89.6%)  n_frames_in_window=67
  body候选体素数(阈值+连通分量后)=124  body候选点数=317(52.3% of kept)
  wing连通性: 碎块点=23  实际改判=23
  confidence=high  (wing_merged强制low; body候选点数<20或>0.9*n_kept强制low; 否则high)
  L/R锚定: wing_A -> wing_R  wing_B -> wing_L
  part_label分布(全部点，含if_keep=False的1-NN传播): body=393  wing_L=119  wing_R=164
  labeled csv -> /home/computer0/fly_project/fly_gsplat/outputs/ctrl_009_033_ratio3_sh0_dense_mid200/ratio3_sh0_dense/f1130/splatfacto/2026-08-20_215913/gaussian_features_f1130_labeled.csv
[density] frame_idx=1131: 窗口内5/73帧缺少T2产出(_marked.csv)，跳过不参与累加: ['f1095', 'f1096', 'f1097', 'f1098', 'f1099']
[density] body候选体素连通分量分析: 丢弃1/126个非最大连通分量的碎块体素

[f1131] n_total=727 n_kept=641 (88.2%)  n_frames_in_window=68
  body候选体素数(阈值+连通分量后)=125  body候选点数=355(55.4% of kept)
  wing连通性: 碎块点=30  实际改判=30
  confidence=high  (wing_merged强制low; body候选点数<20或>0.9*n_kept强制low; 否则high)
  L/R锚定: wing_A -> wing_R  wing_B -> wing_L
  part_label分布(全部点，含if_keep=False的1-NN传播): body=443  wing_L=136  wing_R=148
  labeled csv -> /home/computer0/fly_project/fly_gsplat/outputs/ctrl_009_033_ratio3_sh0_dense_mid200/ratio3_sh0_dense/f1131/splatfacto/2026-08-20_215914/gaussian_features_f1131_labeled.csv
[density] frame_idx=1132: 窗口内4/73帧缺少T2产出(_marked.csv)，跳过不参与累加: ['f1096', 'f1097', 'f1098', 'f1099']
[density] body候选体素连通分量分析: 丢弃1/129个非最大连通分量的碎块体素

[f1132] n_total=684 n_kept=614 (89.8%)  n_frames_in_window=69
  body候选体素数(阈值+连通分量后)=128  body候选点数=324(52.8% of kept)
  wing连通性: 碎块点=33  实际改判=33
  confidence=high  (wing_merged强制low; body候选点数<20或>0.9*n_kept强制low; 否则high)
  L/R锚定: wing_A -> wing_L  wing_B -> wing_R
  part_label分布(全部点，含if_keep=False的1-NN传播): body=415  wing_L=135  wing_R=134
  labeled csv -> /home/computer0/fly_project/fly_gsplat/outputs/ctrl_009_033_ratio3_sh0_dense_mid200/ratio3_sh0_dense/f1132/splatfacto/2026-08-20_215913/gaussian_features_f1132_labeled.csv
[density] frame_idx=1133: 窗口内3/73帧缺少T2产出(_marked.csv)，跳过不参与累加: ['f1097', 'f1098', 'f1099']
[density] body候选体素连通分量分析: 丢弃1/129个非最大连通分量的碎块体素

[f1133] n_total=705 n_kept=635 (90.1%)  n_frames_in_window=70
  body候选体素数(阈值+连通分量后)=128  body候选点数=372(58.6% of kept)
  wing连通性: 碎块点=20  实际改判=20
  confidence=high  (wing_merged强制low; body候选点数<20或>0.9*n_kept强制low; 否则high)
  L/R锚定: wing_A -> wing_L  wing_B -> wing_R
  part_label分布(全部点，含if_keep=False的1-NN传播): body=452  wing_L=142  wing_R=111
  labeled csv -> /home/computer0/fly_project/fly_gsplat/outputs/ctrl_009_033_ratio3_sh0_dense_mid200/ratio3_sh0_dense/f1133/splatfacto/2026-08-20_215914/gaussian_features_f1133_labeled.csv
[density] frame_idx=1134: 窗口内2/73帧缺少T2产出(_marked.csv)，跳过不参与累加: ['f1098', 'f1099']
[density] body候选体素连通分量分析: 丢弃1/131个非最大连通分量的碎块体素

[f1134] n_total=670 n_kept=606 (90.4%)  n_frames_in_window=71
  body候选体素数(阈值+连通分量后)=130  body候选点数=349(57.6% of kept)
  wing连通性: 碎块点=40  实际改判=40
  confidence=high  (wing_merged强制low; body候选点数<20或>0.9*n_kept强制low; 否则high)
  L/R锚定: wing_A -> wing_L  wing_B -> wing_R
  part_label分布(全部点，含if_keep=False的1-NN传播): body=449  wing_L=114  wing_R=107
  labeled csv -> /home/computer0/fly_project/fly_gsplat/outputs/ctrl_009_033_ratio3_sh0_dense_mid200/ratio3_sh0_dense/f1134/splatfacto/2026-08-20_215912/gaussian_features_f1134_labeled.csv
[density] frame_idx=1135: 窗口内1/73帧缺少T2产出(_marked.csv)，跳过不参与累加: ['f1099']
[density] body候选体素连通分量分析: 丢弃1/133个非最大连通分量的碎块体素

[f1135] n_total=654 n_kept=588 (89.9%)  n_frames_in_window=72
  body候选体素数(阈值+连通分量后)=132  body候选点数=300(51.0% of kept)
  wing连通性: 碎块点=25  实际改判=25
  confidence=high  (wing_merged强制low; body候选点数<20或>0.9*n_kept强制low; 否则high)
  L/R锚定: wing_A -> wing_R  wing_B -> wing_L
  part_label分布(全部点，含if_keep=False的1-NN传播): body=381  wing_L=137  wing_R=136
  labeled csv -> /home/computer0/fly_project/fly_gsplat/outputs/ctrl_009_033_ratio3_sh0_dense_mid200/ratio3_sh0_dense/f1135/splatfacto/2026-08-20_215912/gaussian_features_f1135_labeled.csv
[density] body候选体素连通分量分析: 丢弃1/134个非最大连通分量的碎块体素

[f1136] n_total=687 n_kept=615 (89.5%)  n_frames_in_window=73
  body候选体素数(阈值+连通分量后)=133  body候选点数=326(53.0% of kept)
  wing连通性: 碎块点=25  实际改判=25
  confidence=high  (wing_merged强制low; body候选点数<20或>0.9*n_kept强制low; 否则high)
  L/R锚定: wing_A -> wing_L  wing_B -> wing_R
  part_label分布(全部点，含if_keep=False的1-NN传播): body=412  wing_L=144  wing_R=131
  labeled csv -> /home/computer0/fly_project/fly_gsplat/outputs/ctrl_009_033_ratio3_sh0_dense_mid200/ratio3_sh0_dense/f1136/splatfacto/2026-08-20_220108/gaussian_features_f1136_labeled.csv
[density] body候选体素连通分量分析: 丢弃1/134个非最大连通分量的碎块体素

[f1137] n_total=700 n_kept=607 (86.7%)  n_frames_in_window=73
  body候选体素数(阈值+连通分量后)=133  body候选点数=323(53.2% of kept)
  wing连通性: 碎块点=24  实际改判=24
  confidence=high  (wing_merged强制low; body候选点数<20或>0.9*n_kept强制low; 否则high)
  L/R锚定: wing_A -> wing_L  wing_B -> wing_R
  part_label分布(全部点，含if_keep=False的1-NN传播): body=431  wing_L=144  wing_R=125
  labeled csv -> /home/computer0/fly_project/fly_gsplat/outputs/ctrl_009_033_ratio3_sh0_dense_mid200/ratio3_sh0_dense/f1137/splatfacto/2026-08-20_220109/gaussian_features_f1137_labeled.csv
[density] body候选体素连通分量分析: 丢弃2/136个非最大连通分量的碎块体素

[f1138] n_total=698 n_kept=585 (83.8%)  n_frames_in_window=73
  body候选体素数(阈值+连通分量后)=134  body候选点数=291(49.7% of kept)
  wing连通性: 碎块点=7  实际改判=7
  confidence=high  (wing_merged强制low; body候选点数<20或>0.9*n_kept强制low; 否则high)
  L/R锚定: wing_A -> wing_R  wing_B -> wing_L
  part_label分布(全部点，含if_keep=False的1-NN传播): body=401  wing_L=147  wing_R=150
  labeled csv -> /home/computer0/fly_project/fly_gsplat/outputs/ctrl_009_033_ratio3_sh0_dense_mid200/ratio3_sh0_dense/f1138/splatfacto/2026-08-20_220109/gaussian_features_f1138_labeled.csv
[density] body候选体素连通分量分析: 丢弃1/135个非最大连通分量的碎块体素

[f1139] n_total=706 n_kept=619 (87.7%)  n_frames_in_window=73
  body候选体素数(阈值+连通分量后)=134  body候选点数=337(54.4% of kept)
  wing连通性: 碎块点=17  实际改判=17
  confidence=high  (wing_merged强制low; body候选点数<20或>0.9*n_kept强制low; 否则high)
  L/R锚定: wing_A -> wing_L  wing_B -> wing_R
  part_label分布(全部点，含if_keep=False的1-NN传播): body=428  wing_L=144  wing_R=134
  labeled csv -> /home/computer0/fly_project/fly_gsplat/outputs/ctrl_009_033_ratio3_sh0_dense_mid200/ratio3_sh0_dense/f1139/splatfacto/2026-08-20_220110/gaussian_features_f1139_labeled.csv
[density] body候选体素连通分量分析: 丢弃1/133个非最大连通分量的碎块体素

[f1140] n_total=748 n_kept=651 (87.0%)  n_frames_in_window=73
  body候选体素数(阈值+连通分量后)=132  body候选点数=334(51.3% of kept)
  wing连通性: 碎块点=24  实际改判=24
  confidence=high  (wing_merged强制low; body候选点数<20或>0.9*n_kept强制low; 否则high)
  L/R锚定: wing_A -> wing_L  wing_B -> wing_R
  part_label分布(全部点，含if_keep=False的1-NN传播): body=434  wing_L=167  wing_R=147
  labeled csv -> /home/computer0/fly_project/fly_gsplat/outputs/ctrl_009_033_ratio3_sh0_dense_mid200/ratio3_sh0_dense/f1140/splatfacto/2026-08-20_220110/gaussian_features_f1140_labeled.csv
[density] body候选体素连通分量分析: 丢弃1/136个非最大连通分量的碎块体素

[f1141] n_total=662 n_kept=571 (86.3%)  n_frames_in_window=73
  body候选体素数(阈值+连通分量后)=135  body候选点数=259(45.4% of kept)
  wing连通性: 碎块点=73  实际改判=73
  confidence=high  (wing_merged强制low; body候选点数<20或>0.9*n_kept强制low; 否则high)
  L/R锚定: wing_A -> wing_L  wing_B -> wing_R
  part_label分布(全部点，含if_keep=False的1-NN传播): body=358  wing_L=163  wing_R=141
  labeled csv -> /home/computer0/fly_project/fly_gsplat/outputs/ctrl_009_033_ratio3_sh0_dense_mid200/ratio3_sh0_dense/f1141/splatfacto/2026-08-20_220111/gaussian_features_f1141_labeled.csv
[density] body候选体素连通分量分析: 丢弃1/133个非最大连通分量的碎块体素

[f1142] n_total=650 n_kept=559 (86.0%)  n_frames_in_window=73
  body候选体素数(阈值+连通分量后)=132  body候选点数=248(44.4% of kept)
  wing连通性: 碎块点=70  实际改判=70
  confidence=high  (wing_merged强制low; body候选点数<20或>0.9*n_kept强制low; 否则high)
  L/R锚定: wing_A -> wing_L  wing_B -> wing_R
  part_label分布(全部点，含if_keep=False的1-NN传播): body=352  wing_L=157  wing_R=141
  labeled csv -> /home/computer0/fly_project/fly_gsplat/outputs/ctrl_009_033_ratio3_sh0_dense_mid200/ratio3_sh0_dense/f1142/splatfacto/2026-08-20_220111/gaussian_features_f1142_labeled.csv
[density] body候选体素连通分量分析: 丢弃1/131个非最大连通分量的碎块体素

[f1143] n_total=687 n_kept=594 (86.5%)  n_frames_in_window=73
  body候选体素数(阈值+连通分量后)=130  body候选点数=270(45.5% of kept)
  wing连通性: 碎块点=94  实际改判=94
  confidence=high  (wing_merged强制low; body候选点数<20或>0.9*n_kept强制low; 否则high)
  L/R锚定: wing_A -> wing_L  wing_B -> wing_R
  part_label分布(全部点，含if_keep=False的1-NN传播): body=347  wing_L=171  wing_R=169
  labeled csv -> /home/computer0/fly_project/fly_gsplat/outputs/ctrl_009_033_ratio3_sh0_dense_mid200/ratio3_sh0_dense/f1143/splatfacto/2026-08-20_220111/gaussian_features_f1143_labeled.csv
[density] body候选体素连通分量分析: 丢弃1/132个非最大连通分量的碎块体素

[f1144] n_total=701 n_kept=609 (86.9%)  n_frames_in_window=73
  body候选体素数(阈值+连通分量后)=131  body候选点数=288(47.3% of kept)
  wing连通性: 碎块点=66  实际改判=66
  confidence=high  (wing_merged强制low; body候选点数<20或>0.9*n_kept强制low; 否则high)
  L/R锚定: wing_A -> wing_L  wing_B -> wing_R
  part_label分布(全部点，含if_keep=False的1-NN传播): body=374  wing_L=155  wing_R=172
  labeled csv -> /home/computer0/fly_project/fly_gsplat/outputs/ctrl_009_033_ratio3_sh0_dense_mid200/ratio3_sh0_dense/f1144/splatfacto/2026-08-20_220111/gaussian_features_f1144_labeled.csv
[density] body候选体素连通分量分析: 丢弃1/131个非最大连通分量的碎块体素

[f1145] n_total=719 n_kept=632 (87.9%)  n_frames_in_window=73
  body候选体素数(阈值+连通分量后)=130  body候选点数=298(47.2% of kept)
  wing连通性: 碎块点=22  实际改判=22
  confidence=high  (wing_merged强制low; body候选点数<20或>0.9*n_kept强制low; 否则high)
  L/R锚定: wing_A -> wing_R  wing_B -> wing_L
  part_label分布(全部点，含if_keep=False的1-NN传播): body=392  wing_L=160  wing_R=167
  labeled csv -> /home/computer0/fly_project/fly_gsplat/outputs/ctrl_009_033_ratio3_sh0_dense_mid200/ratio3_sh0_dense/f1145/splatfacto/2026-08-20_220110/gaussian_features_f1145_labeled.csv
[density] body候选体素连通分量分析: 丢弃1/136个非最大连通分量的碎块体素

[f1146] n_total=649 n_kept=554 (85.4%)  n_frames_in_window=73
  body候选体素数(阈值+连通分量后)=135  body候选点数=270(48.7% of kept)
  wing连通性: 碎块点=25  实际改判=25
  confidence=high  (wing_merged强制low; body候选点数<20或>0.9*n_kept强制low; 否则high)
  L/R锚定: wing_A -> wing_R  wing_B -> wing_L
  part_label分布(全部点，含if_keep=False的1-NN传播): body=366  wing_L=138  wing_R=145
  labeled csv -> /home/computer0/fly_project/fly_gsplat/outputs/ctrl_009_033_ratio3_sh0_dense_mid200/ratio3_sh0_dense/f1146/splatfacto/2026-08-20_220111/gaussian_features_f1146_labeled.csv
[density] body候选体素连通分量分析: 丢弃1/135个非最大连通分量的碎块体素

[f1147] n_total=703 n_kept=604 (85.9%)  n_frames_in_window=73
  body候选体素数(阈值+连通分量后)=134  body候选点数=303(50.2% of kept)
  wing连通性: 碎块点=128  实际改判=128
  confidence=high  (wing_merged强制low; body候选点数<20或>0.9*n_kept强制low; 否则high)
  L/R锚定: wing_A -> wing_R  wing_B -> wing_L
  part_label分布(全部点，含if_keep=False的1-NN传播): body=394  wing_L=154  wing_R=155
  labeled csv -> /home/computer0/fly_project/fly_gsplat/outputs/ctrl_009_033_ratio3_sh0_dense_mid200/ratio3_sh0_dense/f1147/splatfacto/2026-08-20_220111/gaussian_features_f1147_labeled.csv

[f1148] n_total=703 n_kept=602 (85.6%)  n_frames_in_window=73
  body候选体素数(阈值+连通分量后)=137  body候选点数=307(51.0% of kept)
  wing连通性: 碎块点=130  实际改判=130
  confidence=high  (wing_merged强制low; body候选点数<20或>0.9*n_kept强制low; 否则high)
  L/R锚定: wing_A -> wing_L  wing_B -> wing_R
  part_label分布(全部点，含if_keep=False的1-NN传播): body=394  wing_L=151  wing_R=158
  labeled csv -> /home/computer0/fly_project/fly_gsplat/outputs/ctrl_009_033_ratio3_sh0_dense_mid200/ratio3_sh0_dense/f1148/splatfacto/2026-08-20_220302/gaussian_features_f1148_labeled.csv

[f1149] n_total=691 n_kept=625 (90.4%)  n_frames_in_window=73
  body候选体素数(阈值+连通分量后)=138  body候选点数=292(46.7% of kept)
  wing连通性: 碎块点=38  实际改判=38
  confidence=high  (wing_merged强制low; body候选点数<20或>0.9*n_kept强制low; 否则high)
  L/R锚定: wing_A -> wing_R  wing_B -> wing_L
  part_label分布(全部点，含if_keep=False的1-NN传播): body=382  wing_L=145  wing_R=164
  labeled csv -> /home/computer0/fly_project/fly_gsplat/outputs/ctrl_009_033_ratio3_sh0_dense_mid200/ratio3_sh0_dense/f1149/splatfacto/2026-08-20_220305/gaussian_features_f1149_labeled.csv

[f1150] n_total=692 n_kept=590 (85.3%)  n_frames_in_window=73
  body候选体素数(阈值+连通分量后)=137  body候选点数=327(55.4% of kept)
  wing连通性: 碎块点=9  实际改判=9
  confidence=high  (wing_merged强制low; body候选点数<20或>0.9*n_kept强制low; 否则high)
  L/R锚定: wing_A -> wing_R  wing_B -> wing_L
  part_label分布(全部点，含if_keep=False的1-NN传播): body=416  wing_L=133  wing_R=143
  labeled csv -> /home/computer0/fly_project/fly_gsplat/outputs/ctrl_009_033_ratio3_sh0_dense_mid200/ratio3_sh0_dense/f1150/splatfacto/2026-08-20_220305/gaussian_features_f1150_labeled.csv

[f1151] n_total=650 n_kept=563 (86.6%)  n_frames_in_window=73
  body候选体素数(阈值+连通分量后)=138  body候选点数=299(53.1% of kept)
  wing连通性: 碎块点=25  实际改判=25
  confidence=high  (wing_merged强制low; body候选点数<20或>0.9*n_kept强制low; 否则high)
  L/R锚定: wing_A -> wing_R  wing_B -> wing_L
  part_label分布(全部点，含if_keep=False的1-NN传播): body=390  wing_L=125  wing_R=135
  labeled csv -> /home/computer0/fly_project/fly_gsplat/outputs/ctrl_009_033_ratio3_sh0_dense_mid200/ratio3_sh0_dense/f1151/splatfacto/2026-08-20_220305/gaussian_features_f1151_labeled.csv

[f1152] n_total=638 n_kept=563 (88.2%)  n_frames_in_window=73
  body候选体素数(阈值+连通分量后)=141  body候选点数=312(55.4% of kept)
  wing连通性: 碎块点=101  实际改判=101
  confidence=high  (wing_merged强制low; body候选点数<20或>0.9*n_kept强制low; 否则high)
  L/R锚定: wing_A -> wing_L  wing_B -> wing_R
  part_label分布(全部点，含if_keep=False的1-NN传播): body=394  wing_L=124  wing_R=120
  labeled csv -> /home/computer0/fly_project/fly_gsplat/outputs/ctrl_009_033_ratio3_sh0_dense_mid200/ratio3_sh0_dense/f1152/splatfacto/2026-08-20_220305/gaussian_features_f1152_labeled.csv

[f1153] n_total=687 n_kept=590 (85.9%)  n_frames_in_window=73
  body候选体素数(阈值+连通分量后)=139  body候选点数=348(59.0% of kept)
  wing连通性: 碎块点=29  实际改判=29
  confidence=high  (wing_merged强制low; body候选点数<20或>0.9*n_kept强制low; 否则high)
  L/R锚定: wing_A -> wing_R  wing_B -> wing_L
  part_label分布(全部点，含if_keep=False的1-NN传播): body=451  wing_L=115  wing_R=121
  labeled csv -> /home/computer0/fly_project/fly_gsplat/outputs/ctrl_009_033_ratio3_sh0_dense_mid200/ratio3_sh0_dense/f1153/splatfacto/2026-08-20_220306/gaussian_features_f1153_labeled.csv

[f1154] n_total=646 n_kept=576 (89.2%)  n_frames_in_window=73
  body候选体素数(阈值+连通分量后)=140  body候选点数=344(59.7% of kept)
  wing连通性: 碎块点=29  实际改判=29
  confidence=high  (wing_merged强制low; body候选点数<20或>0.9*n_kept强制low; 否则high)
  L/R锚定: wing_A -> wing_L  wing_B -> wing_R
  part_label分布(全部点，含if_keep=False的1-NN传播): body=429  wing_L=132  wing_R=85
  labeled csv -> /home/computer0/fly_project/fly_gsplat/outputs/ctrl_009_033_ratio3_sh0_dense_mid200/ratio3_sh0_dense/f1154/splatfacto/2026-08-20_220306/gaussian_features_f1154_labeled.csv

[f1155] n_total=642 n_kept=578 (90.0%)  n_frames_in_window=73
  body候选体素数(阈值+连通分量后)=140  body候选点数=334(57.8% of kept)
  wing连通性: 碎块点=35  实际改判=35
  confidence=high  (wing_merged强制low; body候选点数<20或>0.9*n_kept强制low; 否则high)
  L/R锚定: wing_A -> wing_L  wing_B -> wing_R
  part_label分布(全部点，含if_keep=False的1-NN传播): body=415  wing_L=139  wing_R=88
  labeled csv -> /home/computer0/fly_project/fly_gsplat/outputs/ctrl_009_033_ratio3_sh0_dense_mid200/ratio3_sh0_dense/f1155/splatfacto/2026-08-20_220306/gaussian_features_f1155_labeled.csv

[f1156] n_total=596 n_kept=536 (89.9%)  n_frames_in_window=73
  body候选体素数(阈值+连通分量后)=141  body候选点数=323(60.3% of kept)
  wing连通性: 碎块点=28  实际改判=28
  confidence=high  (wing_merged强制low; body候选点数<20或>0.9*n_kept强制low; 否则high)
  L/R锚定: wing_A -> wing_L  wing_B -> wing_R
  part_label分布(全部点，含if_keep=False的1-NN传播): body=399  wing_L=120  wing_R=77
  labeled csv -> /home/computer0/fly_project/fly_gsplat/outputs/ctrl_009_033_ratio3_sh0_dense_mid200/ratio3_sh0_dense/f1156/splatfacto/2026-08-20_220306/gaussian_features_f1156_labeled.csv

[f1157] n_total=639 n_kept=580 (90.8%)  n_frames_in_window=73
  body候选体素数(阈值+连通分量后)=144  body候选点数=363(62.6% of kept)
  wing连通性: 碎块点=21  实际改判=21
  confidence=high  (wing_merged强制low; body候选点数<20或>0.9*n_kept强制low; 否则high)
  L/R锚定: wing_A -> wing_L  wing_B -> wing_R
  part_label分布(全部点，含if_keep=False的1-NN传播): body=426  wing_L=125  wing_R=88
  labeled csv -> /home/computer0/fly_project/fly_gsplat/outputs/ctrl_009_033_ratio3_sh0_dense_mid200/ratio3_sh0_dense/f1157/splatfacto/2026-08-20_220307/gaussian_features_f1157_labeled.csv

[f1158] n_total=575 n_kept=510 (88.7%)  n_frames_in_window=73
  body候选体素数(阈值+连通分量后)=144  body候选点数=320(62.7% of kept)
  wing连通性: 碎块点=28  实际改判=28
  confidence=high  (wing_merged强制low; body候选点数<20或>0.9*n_kept强制low; 否则high)
  L/R锚定: wing_A -> wing_L  wing_B -> wing_R
  part_label分布(全部点，含if_keep=False的1-NN传播): body=394  wing_L=100  wing_R=81
  labeled csv -> /home/computer0/fly_project/fly_gsplat/outputs/ctrl_009_033_ratio3_sh0_dense_mid200/ratio3_sh0_dense/f1158/splatfacto/2026-08-20_220306/gaussian_features_f1158_labeled.csv

[f1159] n_total=595 n_kept=534 (89.7%)  n_frames_in_window=73
  body候选体素数(阈值+连通分量后)=147  body候选点数=368(68.9% of kept)
  wing连通性: 碎块点=25  实际改判=25
  confidence=high  (wing_merged强制low; body候选点数<20或>0.9*n_kept强制low; 否则high)
  L/R锚定: wing_A -> wing_R  wing_B -> wing_L
  part_label分布(全部点，含if_keep=False的1-NN传播): body=433  wing_L=87  wing_R=75
  labeled csv -> /home/computer0/fly_project/fly_gsplat/outputs/ctrl_009_033_ratio3_sh0_dense_mid200/ratio3_sh0_dense/f1159/splatfacto/2026-08-20_220307/gaussian_features_f1159_labeled.csv

[f1160] n_total=545 n_kept=498 (91.4%)  n_frames_in_window=73
  body候选体素数(阈值+连通分量后)=149  body候选点数=303(60.8% of kept)
  wing连通性: 碎块点=30  实际改判=30
  confidence=high  (wing_merged强制low; body候选点数<20或>0.9*n_kept强制low; 否则high)
  L/R锚定: wing_A -> wing_L  wing_B -> wing_R
  part_label分布(全部点，含if_keep=False的1-NN传播): body=366  wing_L=97  wing_R=82
  labeled csv -> /home/computer0/fly_project/fly_gsplat/outputs/ctrl_009_033_ratio3_sh0_dense_mid200/ratio3_sh0_dense/f1160/splatfacto/2026-08-20_220457/gaussian_features_f1160_labeled.csv

[f1161] n_total=584 n_kept=496 (84.9%)  n_frames_in_window=73
  body候选体素数(阈值+连通分量后)=151  body候选点数=352(71.0% of kept)
  wing连通性: 碎块点=20  实际改判=20
  confidence=high  (wing_merged强制low; body候选点数<20或>0.9*n_kept强制low; 否则high)
  L/R锚定: wing_A -> wing_L  wing_B -> wing_R
  part_label分布(全部点，含if_keep=False的1-NN传播): body=427  wing_L=93  wing_R=64
  labeled csv -> /home/computer0/fly_project/fly_gsplat/outputs/ctrl_009_033_ratio3_sh0_dense_mid200/ratio3_sh0_dense/f1161/splatfacto/2026-08-20_220500/gaussian_features_f1161_labeled.csv

[f1162] n_total=593 n_kept=519 (87.5%)  n_frames_in_window=73
  body候选体素数(阈值+连通分量后)=153  body候选点数=335(64.5% of kept)
  wing连通性: 碎块点=62  实际改判=62
  confidence=high  (wing_merged强制low; body候选点数<20或>0.9*n_kept强制low; 否则high)
  L/R锚定: wing_A -> wing_R  wing_B -> wing_L
  part_label分布(全部点，含if_keep=False的1-NN传播): body=425  wing_L=86  wing_R=82
  labeled csv -> /home/computer0/fly_project/fly_gsplat/outputs/ctrl_009_033_ratio3_sh0_dense_mid200/ratio3_sh0_dense/f1162/splatfacto/2026-08-20_220501/gaussian_features_f1162_labeled.csv

[f1163] n_total=601 n_kept=534 (88.9%)  n_frames_in_window=73
  body候选体素数(阈值+连通分量后)=153  body候选点数=367(68.7% of kept)
  wing连通性: 碎块点=17  实际改判=17
  confidence=high  (wing_merged强制low; body候选点数<20或>0.9*n_kept强制low; 否则high)
  L/R锚定: wing_A -> wing_R  wing_B -> wing_L
  part_label分布(全部点，含if_keep=False的1-NN传播): body=438  wing_L=80  wing_R=83
  labeled csv -> /home/computer0/fly_project/fly_gsplat/outputs/ctrl_009_033_ratio3_sh0_dense_mid200/ratio3_sh0_dense/f1163/splatfacto/2026-08-20_220501/gaussian_features_f1163_labeled.csv

[f1164] n_total=567 n_kept=509 (89.8%)  n_frames_in_window=73
  body候选体素数(阈值+连通分量后)=152  body候选点数=345(67.8% of kept)
  wing连通性: 碎块点=29  实际改判=29
  confidence=high  (wing_merged强制low; body候选点数<20或>0.9*n_kept强制low; 否则high)
  L/R锚定: wing_A -> wing_R  wing_B -> wing_L
  part_label分布(全部点，含if_keep=False的1-NN传播): body=420  wing_L=61  wing_R=86
  labeled csv -> /home/computer0/fly_project/fly_gsplat/outputs/ctrl_009_033_ratio3_sh0_dense_mid200/ratio3_sh0_dense/f1164/splatfacto/2026-08-20_220500/gaussian_features_f1164_labeled.csv

[f1165] n_total=607 n_kept=534 (88.0%)  n_frames_in_window=73
  body候选体素数(阈值+连通分量后)=151  body候选点数=365(68.4% of kept)
  wing连通性: 碎块点=18  实际改判=18
  confidence=high  (wing_merged强制low; body候选点数<20或>0.9*n_kept强制low; 否则high)
  L/R锚定: wing_A -> wing_R  wing_B -> wing_L
  part_label分布(全部点，含if_keep=False的1-NN传播): body=453  wing_L=67  wing_R=87
  labeled csv -> /home/computer0/fly_project/fly_gsplat/outputs/ctrl_009_033_ratio3_sh0_dense_mid200/ratio3_sh0_dense/f1165/splatfacto/2026-08-20_220501/gaussian_features_f1165_labeled.csv

[f1166] n_total=668 n_kept=596 (89.2%)  n_frames_in_window=73
  body候选体素数(阈值+连通分量后)=151  body候选点数=405(68.0% of kept)
  wing连通性: 碎块点=21  实际改判=21
  confidence=high  (wing_merged强制low; body候选点数<20或>0.9*n_kept强制low; 否则high)
  L/R锚定: wing_A -> wing_L  wing_B -> wing_R
  part_label分布(全部点，含if_keep=False的1-NN传播): body=483  wing_L=98  wing_R=87
  labeled csv -> /home/computer0/fly_project/fly_gsplat/outputs/ctrl_009_033_ratio3_sh0_dense_mid200/ratio3_sh0_dense/f1166/splatfacto/2026-08-20_220501/gaussian_features_f1166_labeled.csv

[f1167] n_total=643 n_kept=563 (87.6%)  n_frames_in_window=73
  body候选体素数(阈值+连通分量后)=152  body候选点数=362(64.3% of kept)
  wing连通性: 碎块点=23  实际改判=23
  confidence=high  (wing_merged强制low; body候选点数<20或>0.9*n_kept强制low; 否则high)
  L/R锚定: wing_A -> wing_R  wing_B -> wing_L
  part_label分布(全部点，含if_keep=False的1-NN传播): body=439  wing_L=93  wing_R=111
  labeled csv -> /home/computer0/fly_project/fly_gsplat/outputs/ctrl_009_033_ratio3_sh0_dense_mid200/ratio3_sh0_dense/f1167/splatfacto/2026-08-20_220501/gaussian_features_f1167_labeled.csv

[f1168] n_total=703 n_kept=633 (90.0%)  n_frames_in_window=73
  body候选体素数(阈值+连通分量后)=150  body候选点数=421(66.5% of kept)
  wing连通性: 碎块点=28  实际改判=28
  confidence=high  (wing_merged强制low; body候选点数<20或>0.9*n_kept强制low; 否则high)
  L/R锚定: wing_A -> wing_R  wing_B -> wing_L
  part_label分布(全部点，含if_keep=False的1-NN传播): body=499  wing_L=102  wing_R=102
  labeled csv -> /home/computer0/fly_project/fly_gsplat/outputs/ctrl_009_033_ratio3_sh0_dense_mid200/ratio3_sh0_dense/f1168/splatfacto/2026-08-20_220500/gaussian_features_f1168_labeled.csv

[f1169] n_total=613 n_kept=552 (90.0%)  n_frames_in_window=73
  body候选体素数(阈值+连通分量后)=152  body候选点数=345(62.5% of kept)
  wing连通性: 碎块点=12  实际改判=12
  confidence=high  (wing_merged强制low; body候选点数<20或>0.9*n_kept强制low; 否则high)
  L/R锚定: wing_A -> wing_L  wing_B -> wing_R
  part_label分布(全部点，含if_keep=False的1-NN传播): body=400  wing_L=105  wing_R=108
  labeled csv -> /home/computer0/fly_project/fly_gsplat/outputs/ctrl_009_033_ratio3_sh0_dense_mid200/ratio3_sh0_dense/f1169/splatfacto/2026-08-20_220500/gaussian_features_f1169_labeled.csv

[f1170] n_total=598 n_kept=551 (92.1%)  n_frames_in_window=73
  body候选体素数(阈值+连通分量后)=151  body候选点数=313(56.8% of kept)
  wing连通性: 碎块点=31  实际改判=31
  confidence=high  (wing_merged强制low; body候选点数<20或>0.9*n_kept强制low; 否则high)
  L/R锚定: wing_A -> wing_R  wing_B -> wing_L
  part_label分布(全部点，含if_keep=False的1-NN传播): body=370  wing_L=109  wing_R=119
  labeled csv -> /home/computer0/fly_project/fly_gsplat/outputs/ctrl_009_033_ratio3_sh0_dense_mid200/ratio3_sh0_dense/f1170/splatfacto/2026-08-20_220501/gaussian_features_f1170_labeled.csv

[f1171] n_total=629 n_kept=547 (87.0%)  n_frames_in_window=73
  body候选体素数(阈值+连通分量后)=150  body候选点数=324(59.2% of kept)
  wing连通性: 碎块点=36  实际改判=36
  confidence=high  (wing_merged强制low; body候选点数<20或>0.9*n_kept强制low; 否则high)
  L/R锚定: wing_A -> wing_L  wing_B -> wing_R
  part_label分布(全部点，含if_keep=False的1-NN传播): body=399  wing_L=114  wing_R=116
  labeled csv -> /home/computer0/fly_project/fly_gsplat/outputs/ctrl_009_033_ratio3_sh0_dense_mid200/ratio3_sh0_dense/f1171/splatfacto/2026-08-20_220501/gaussian_features_f1171_labeled.csv

[f1172] n_total=642 n_kept=563 (87.7%)  n_frames_in_window=73
  body候选体素数(阈值+连通分量后)=147  body候选点数=337(59.9% of kept)
  wing连通性: 碎块点=17  实际改判=17
  confidence=high  (wing_merged强制low; body候选点数<20或>0.9*n_kept强制low; 否则high)
  L/R锚定: wing_A -> wing_R  wing_B -> wing_L
  part_label分布(全部点，含if_keep=False的1-NN传播): body=409  wing_L=113  wing_R=120
  labeled csv -> /home/computer0/fly_project/fly_gsplat/outputs/ctrl_009_033_ratio3_sh0_dense_mid200/ratio3_sh0_dense/f1172/splatfacto/2026-08-20_220654/gaussian_features_f1172_labeled.csv

[f1173] n_total=633 n_kept=571 (90.2%)  n_frames_in_window=73
  body候选体素数(阈值+连通分量后)=146  body候选点数=340(59.5% of kept)
  wing连通性: 碎块点=27  实际改判=27
  confidence=high  (wing_merged强制low; body候选点数<20或>0.9*n_kept强制low; 否则high)
  L/R锚定: wing_A -> wing_R  wing_B -> wing_L
  part_label分布(全部点，含if_keep=False的1-NN传播): body=400  wing_L=121  wing_R=112
  labeled csv -> /home/computer0/fly_project/fly_gsplat/outputs/ctrl_009_033_ratio3_sh0_dense_mid200/ratio3_sh0_dense/f1173/splatfacto/2026-08-20_220657/gaussian_features_f1173_labeled.csv

[f1174] n_total=620 n_kept=541 (87.3%)  n_frames_in_window=73
  body候选体素数(阈值+连通分量后)=145  body候选点数=322(59.5% of kept)
  wing连通性: 碎块点=27  实际改判=27
  confidence=high  (wing_merged强制low; body候选点数<20或>0.9*n_kept强制low; 否则high)
  L/R锚定: wing_A -> wing_R  wing_B -> wing_L
  part_label分布(全部点，含if_keep=False的1-NN传播): body=398  wing_L=112  wing_R=110
  labeled csv -> /home/computer0/fly_project/fly_gsplat/outputs/ctrl_009_033_ratio3_sh0_dense_mid200/ratio3_sh0_dense/f1174/splatfacto/2026-08-20_220657/gaussian_features_f1174_labeled.csv

[f1175] n_total=623 n_kept=573 (92.0%)  n_frames_in_window=73
  body候选体素数(阈值+连通分量后)=146  body候选点数=344(60.0% of kept)
  wing连通性: 碎块点=17  实际改判=17
  confidence=high  (wing_merged强制low; body候选点数<20或>0.9*n_kept强制low; 否则high)
  L/R锚定: wing_A -> wing_L  wing_B -> wing_R
  part_label分布(全部点，含if_keep=False的1-NN传播): body=394  wing_L=121  wing_R=108
  labeled csv -> /home/computer0/fly_project/fly_gsplat/outputs/ctrl_009_033_ratio3_sh0_dense_mid200/ratio3_sh0_dense/f1175/splatfacto/2026-08-20_220658/gaussian_features_f1175_labeled.csv

[f1176] n_total=594 n_kept=531 (89.4%)  n_frames_in_window=73
  body候选体素数(阈值+连通分量后)=147  body候选点数=329(62.0% of kept)
  wing连通性: 碎块点=18  实际改判=18
  confidence=high  (wing_merged强制low; body候选点数<20或>0.9*n_kept强制low; 否则high)
  L/R锚定: wing_A -> wing_L  wing_B -> wing_R
  part_label分布(全部点，含if_keep=False的1-NN传播): body=384  wing_L=118  wing_R=92
  labeled csv -> /home/computer0/fly_project/fly_gsplat/outputs/ctrl_009_033_ratio3_sh0_dense_mid200/ratio3_sh0_dense/f1176/splatfacto/2026-08-20_220658/gaussian_features_f1176_labeled.csv

[f1177] n_total=553 n_kept=501 (90.6%)  n_frames_in_window=73
  body候选体素数(阈值+连通分量后)=147  body候选点数=300(59.9% of kept)
  wing连通性: 碎块点=22  实际改判=22
  confidence=high  (wing_merged强制low; body候选点数<20或>0.9*n_kept强制low; 否则high)
  L/R锚定: wing_A -> wing_R  wing_B -> wing_L
  part_label分布(全部点，含if_keep=False的1-NN传播): body=346  wing_L=100  wing_R=107
  labeled csv -> /home/computer0/fly_project/fly_gsplat/outputs/ctrl_009_033_ratio3_sh0_dense_mid200/ratio3_sh0_dense/f1177/splatfacto/2026-08-20_220658/gaussian_features_f1177_labeled.csv

[f1178] n_total=561 n_kept=497 (88.6%)  n_frames_in_window=73
  body候选体素数(阈值+连通分量后)=148  body候选点数=314(63.2% of kept)
  wing连通性: 碎块点=20  实际改判=20
  confidence=high  (wing_merged强制low; body候选点数<20或>0.9*n_kept强制low; 否则high)
  L/R锚定: wing_A -> wing_L  wing_B -> wing_R
  part_label分布(全部点，含if_keep=False的1-NN传播): body=391  wing_L=94  wing_R=76
  labeled csv -> /home/computer0/fly_project/fly_gsplat/outputs/ctrl_009_033_ratio3_sh0_dense_mid200/ratio3_sh0_dense/f1178/splatfacto/2026-08-20_220659/gaussian_features_f1178_labeled.csv

[f1179] n_total=500 n_kept=457 (91.4%)  n_frames_in_window=73
  body候选体素数(阈值+连通分量后)=149  body候选点数=265(58.0% of kept)
  wing连通性: 碎块点=22  实际改判=22
  confidence=high  (wing_merged强制low; body候选点数<20或>0.9*n_kept强制low; 否则high)
  L/R锚定: wing_A -> wing_L  wing_B -> wing_R
  part_label分布(全部点，含if_keep=False的1-NN传播): body=322  wing_L=92  wing_R=86
  labeled csv -> /home/computer0/fly_project/fly_gsplat/outputs/ctrl_009_033_ratio3_sh0_dense_mid200/ratio3_sh0_dense/f1179/splatfacto/2026-08-20_220658/gaussian_features_f1179_labeled.csv

[f1180] n_total=574 n_kept=519 (90.4%)  n_frames_in_window=73
  body候选体素数(阈值+连通分量后)=150  body候选点数=308(59.3% of kept)
  wing连通性: 碎块点=26  实际改判=26
  confidence=high  (wing_merged强制low; body候选点数<20或>0.9*n_kept强制low; 否则high)
  L/R锚定: wing_A -> wing_L  wing_B -> wing_R
  part_label分布(全部点，含if_keep=False的1-NN传播): body=371  wing_L=124  wing_R=79
  labeled csv -> /home/computer0/fly_project/fly_gsplat/outputs/ctrl_009_033_ratio3_sh0_dense_mid200/ratio3_sh0_dense/f1180/splatfacto/2026-08-20_220659/gaussian_features_f1180_labeled.csv

[f1181] n_total=575 n_kept=510 (88.7%)  n_frames_in_window=73
  body候选体素数(阈值+连通分量后)=152  body候选点数=318(62.4% of kept)
  wing连通性: 碎块点=20  实际改判=20
  confidence=high  (wing_merged强制low; body候选点数<20或>0.9*n_kept强制low; 否则high)
  L/R锚定: wing_A -> wing_L  wing_B -> wing_R
  part_label分布(全部点，含if_keep=False的1-NN传播): body=390  wing_L=100  wing_R=85
  labeled csv -> /home/computer0/fly_project/fly_gsplat/outputs/ctrl_009_033_ratio3_sh0_dense_mid200/ratio3_sh0_dense/f1181/splatfacto/2026-08-20_220658/gaussian_features_f1181_labeled.csv

[f1182] n_total=605 n_kept=553 (91.4%)  n_frames_in_window=73
  body候选体素数(阈值+连通分量后)=155  body候选点数=349(63.1% of kept)
  wing连通性: 碎块点=17  实际改判=17
  confidence=high  (wing_merged强制low; body候选点数<20或>0.9*n_kept强制low; 否则high)
  L/R锚定: wing_A -> wing_L  wing_B -> wing_R
  part_label分布(全部点，含if_keep=False的1-NN传播): body=412  wing_L=107  wing_R=86
  labeled csv -> /home/computer0/fly_project/fly_gsplat/outputs/ctrl_009_033_ratio3_sh0_dense_mid200/ratio3_sh0_dense/f1182/splatfacto/2026-08-20_220659/gaussian_features_f1182_labeled.csv

[f1183] n_total=565 n_kept=506 (89.6%)  n_frames_in_window=73
  body候选体素数(阈值+连通分量后)=157  body候选点数=309(61.1% of kept)
  wing连通性: 碎块点=17  实际改判=17
  confidence=high  (wing_merged强制low; body候选点数<20或>0.9*n_kept强制low; 否则high)
  L/R锚定: wing_A -> wing_L  wing_B -> wing_R
  part_label分布(全部点，含if_keep=False的1-NN传播): body=371  wing_L=112  wing_R=82
  labeled csv -> /home/computer0/fly_project/fly_gsplat/outputs/ctrl_009_033_ratio3_sh0_dense_mid200/ratio3_sh0_dense/f1183/splatfacto/2026-08-20_220658/gaussian_features_f1183_labeled.csv

[f1184] n_total=607 n_kept=547 (90.1%)  n_frames_in_window=73
  body候选体素数(阈值+连通分量后)=157  body候选点数=361(66.0% of kept)
  wing连通性: 碎块点=22  实际改判=22
  confidence=high  (wing_merged强制low; body候选点数<20或>0.9*n_kept强制low; 否则high)
  L/R锚定: wing_A -> wing_L  wing_B -> wing_R
  part_label分布(全部点，含if_keep=False的1-NN传播): body=428  wing_L=96  wing_R=83
  labeled csv -> /home/computer0/fly_project/fly_gsplat/outputs/ctrl_009_033_ratio3_sh0_dense_mid200/ratio3_sh0_dense/f1184/splatfacto/2026-08-20_220849/gaussian_features_f1184_labeled.csv

[f1185] n_total=692 n_kept=625 (90.3%)  n_frames_in_window=73
  body候选体素数(阈值+连通分量后)=155  body候选点数=406(65.0% of kept)
  wing连通性: 碎块点=28  实际改判=28
  confidence=high  (wing_merged强制low; body候选点数<20或>0.9*n_kept强制low; 否则high)
  L/R锚定: wing_A -> wing_L  wing_B -> wing_R
  part_label分布(全部点，含if_keep=False的1-NN传播): body=489  wing_L=110  wing_R=93
  labeled csv -> /home/computer0/fly_project/fly_gsplat/outputs/ctrl_009_033_ratio3_sh0_dense_mid200/ratio3_sh0_dense/f1185/splatfacto/2026-08-20_220852/gaussian_features_f1185_labeled.csv

[f1186] n_total=604 n_kept=548 (90.7%)  n_frames_in_window=73
  body候选体素数(阈值+连通分量后)=154  body候选点数=353(64.4% of kept)
  wing连通性: 碎块点=24  实际改判=24
  confidence=high  (wing_merged强制low; body候选点数<20或>0.9*n_kept强制low; 否则high)
  L/R锚定: wing_A -> wing_L  wing_B -> wing_R
  part_label分布(全部点，含if_keep=False的1-NN传播): body=422  wing_L=99  wing_R=83
  labeled csv -> /home/computer0/fly_project/fly_gsplat/outputs/ctrl_009_033_ratio3_sh0_dense_mid200/ratio3_sh0_dense/f1186/splatfacto/2026-08-20_220853/gaussian_features_f1186_labeled.csv

[f1187] n_total=618 n_kept=559 (90.5%)  n_frames_in_window=73
  body候选体素数(阈值+连通分量后)=154  body候选点数=374(66.9% of kept)
  wing连通性: 碎块点=18  实际改判=18
  confidence=high  (wing_merged强制low; body候选点数<20或>0.9*n_kept强制low; 否则high)
  L/R锚定: wing_A -> wing_L  wing_B -> wing_R
  part_label分布(全部点，含if_keep=False的1-NN传播): body=436  wing_L=107  wing_R=75
  labeled csv -> /home/computer0/fly_project/fly_gsplat/outputs/ctrl_009_033_ratio3_sh0_dense_mid200/ratio3_sh0_dense/f1187/splatfacto/2026-08-20_220854/gaussian_features_f1187_labeled.csv

[f1188] n_total=601 n_kept=537 (89.4%)  n_frames_in_window=73
  body候选体素数(阈值+连通分量后)=155  body候选点数=344(64.1% of kept)
  wing连通性: 碎块点=23  实际改判=23
  confidence=high  (wing_merged强制low; body候选点数<20或>0.9*n_kept强制low; 否则high)
  L/R锚定: wing_A -> wing_L  wing_B -> wing_R
  part_label分布(全部点，含if_keep=False的1-NN传播): body=415  wing_L=101  wing_R=85
  labeled csv -> /home/computer0/fly_project/fly_gsplat/outputs/ctrl_009_033_ratio3_sh0_dense_mid200/ratio3_sh0_dense/f1188/splatfacto/2026-08-20_220854/gaussian_features_f1188_labeled.csv

[f1189] n_total=628 n_kept=543 (86.5%)  n_frames_in_window=73
  body候选体素数(阈值+连通分量后)=156  body候选点数=360(66.3% of kept)
  wing连通性: 碎块点=15  实际改判=15
  confidence=high  (wing_merged强制low; body候选点数<20或>0.9*n_kept强制low; 否则high)
  L/R锚定: wing_A -> wing_L  wing_B -> wing_R
  part_label分布(全部点，含if_keep=False的1-NN传播): body=451  wing_L=95  wing_R=82
  labeled csv -> /home/computer0/fly_project/fly_gsplat/outputs/ctrl_009_033_ratio3_sh0_dense_mid200/ratio3_sh0_dense/f1189/splatfacto/2026-08-20_220854/gaussian_features_f1189_labeled.csv

[f1190] n_total=609 n_kept=550 (90.3%)  n_frames_in_window=73
  body候选体素数(阈值+连通分量后)=156  body候选点数=344(62.5% of kept)
  wing连通性: 碎块点=25  实际改判=25
  confidence=high  (wing_merged强制low; body候选点数<20或>0.9*n_kept强制low; 否则high)
  L/R锚定: wing_A -> wing_L  wing_B -> wing_R
  part_label分布(全部点，含if_keep=False的1-NN传播): body=420  wing_L=111  wing_R=78
  labeled csv -> /home/computer0/fly_project/fly_gsplat/outputs/ctrl_009_033_ratio3_sh0_dense_mid200/ratio3_sh0_dense/f1190/splatfacto/2026-08-20_220854/gaussian_features_f1190_labeled.csv

[f1191] n_total=638 n_kept=560 (87.8%)  n_frames_in_window=73
  body候选体素数(阈值+连通分量后)=157  body候选点数=348(62.1% of kept)
  wing连通性: 碎块点=20  实际改判=20
  confidence=high  (wing_merged强制low; body候选点数<20或>0.9*n_kept强制low; 否则high)
  L/R锚定: wing_A -> wing_R  wing_B -> wing_L
  part_label分布(全部点，含if_keep=False的1-NN传播): body=437  wing_L=100  wing_R=101
  labeled csv -> /home/computer0/fly_project/fly_gsplat/outputs/ctrl_009_033_ratio3_sh0_dense_mid200/ratio3_sh0_dense/f1191/splatfacto/2026-08-20_220854/gaussian_features_f1191_labeled.csv

[f1192] n_total=650 n_kept=580 (89.2%)  n_frames_in_window=73
  body候选体素数(阈值+连通分量后)=154  body候选点数=377(65.0% of kept)
  wing连通性: 碎块点=50  实际改判=50
  confidence=high  (wing_merged强制low; body候选点数<20或>0.9*n_kept强制low; 否则high)
  L/R锚定: wing_A -> wing_L  wing_B -> wing_R
  part_label分布(全部点，含if_keep=False的1-NN传播): body=450  wing_L=110  wing_R=90
  labeled csv -> /home/computer0/fly_project/fly_gsplat/outputs/ctrl_009_033_ratio3_sh0_dense_mid200/ratio3_sh0_dense/f1192/splatfacto/2026-08-20_220852/gaussian_features_f1192_labeled.csv

[f1193] n_total=663 n_kept=580 (87.5%)  n_frames_in_window=73
  body候选体素数(阈值+连通分量后)=154  body候选点数=358(61.7% of kept)
  wing连通性: 碎块点=35  实际改判=35
  confidence=high  (wing_merged强制low; body候选点数<20或>0.9*n_kept强制low; 否则high)
  L/R锚定: wing_A -> wing_L  wing_B -> wing_R
  part_label分布(全部点，含if_keep=False的1-NN传播): body=451  wing_L=120  wing_R=92
  labeled csv -> /home/computer0/fly_project/fly_gsplat/outputs/ctrl_009_033_ratio3_sh0_dense_mid200/ratio3_sh0_dense/f1193/splatfacto/2026-08-20_220854/gaussian_features_f1193_labeled.csv

[f1194] n_total=626 n_kept=541 (86.4%)  n_frames_in_window=73
  body候选体素数(阈值+连通分量后)=152  body候选点数=341(63.0% of kept)
  wing连通性: 碎块点=102  实际改判=102
  confidence=high  (wing_merged强制low; body候选点数<20或>0.9*n_kept强制low; 否则high)
  L/R锚定: wing_A -> wing_L  wing_B -> wing_R
  part_label分布(全部点，含if_keep=False的1-NN传播): body=438  wing_L=77  wing_R=111
  labeled csv -> /home/computer0/fly_project/fly_gsplat/outputs/ctrl_009_033_ratio3_sh0_dense_mid200/ratio3_sh0_dense/f1194/splatfacto/2026-08-20_220855/gaussian_features_f1194_labeled.csv
  [警告][f1195] wing_merged_forced_split: wing候选点的连通分量分析后只有1个显著分量(贴一起无法物理拆分)，强行按x_body×up投影中位数切成两半，强制confidence=low

[f1195] n_total=777 n_kept=663 (85.3%)  n_frames_in_window=73
  body候选体素数(阈值+连通分量后)=149  body候选点数=369(55.7% of kept)
  wing连通性: 碎块点=6  实际改判=6
  confidence=low  (wing_merged强制low; body候选点数<20或>0.9*n_kept强制low; 否则high)
  L/R锚定: wing_A -> wing_R  wing_B -> wing_L
  part_label分布(全部点，含if_keep=False的1-NN传播): body=431  wing_L=179  wing_R=167
  labeled csv -> /home/computer0/fly_project/fly_gsplat/outputs/ctrl_009_033_ratio3_sh0_dense_mid200/ratio3_sh0_dense/f1195/splatfacto/2026-08-20_220855/gaussian_features_f1195_labeled.csv

[f1196] n_total=710 n_kept=623 (87.7%)  n_frames_in_window=73
  body候选体素数(阈值+连通分量后)=150  body候选点数=390(62.6% of kept)
  wing连通性: 碎块点=38  实际改判=38
  confidence=high  (wing_merged强制low; body候选点数<20或>0.9*n_kept强制low; 否则high)
  L/R锚定: wing_A -> wing_R  wing_B -> wing_L
  part_label分布(全部点，含if_keep=False的1-NN传播): body=468  wing_L=107  wing_R=135
  labeled csv -> /home/computer0/fly_project/fly_gsplat/outputs/ctrl_009_033_ratio3_sh0_dense_mid200/ratio3_sh0_dense/f1196/splatfacto/2026-08-20_221044/gaussian_features_f1196_labeled.csv

[f1197] n_total=663 n_kept=586 (88.4%)  n_frames_in_window=73
  body候选体素数(阈值+连通分量后)=150  body候选点数=376(64.2% of kept)
  wing连通性: 碎块点=31  实际改判=31
  confidence=high  (wing_merged强制low; body候选点数<20或>0.9*n_kept强制low; 否则high)
  L/R锚定: wing_A -> wing_R  wing_B -> wing_L
  part_label分布(全部点，含if_keep=False的1-NN传播): body=466  wing_L=58  wing_R=139
  labeled csv -> /home/computer0/fly_project/fly_gsplat/outputs/ctrl_009_033_ratio3_sh0_dense_mid200/ratio3_sh0_dense/f1197/splatfacto/2026-08-20_221045/gaussian_features_f1197_labeled.csv

[f1198] n_total=710 n_kept=612 (86.2%)  n_frames_in_window=73
  body候选体素数(阈值+连通分量后)=150  body候选点数=443(72.4% of kept)
  wing连通性: 碎块点=18  实际改判=18
  confidence=high  (wing_merged强制low; body候选点数<20或>0.9*n_kept强制low; 否则high)
  L/R锚定: wing_A -> wing_R  wing_B -> wing_L
  part_label分布(全部点，含if_keep=False的1-NN传播): body=527  wing_L=66  wing_R=117
  labeled csv -> /home/computer0/fly_project/fly_gsplat/outputs/ctrl_009_033_ratio3_sh0_dense_mid200/ratio3_sh0_dense/f1198/splatfacto/2026-08-20_221047/gaussian_features_f1198_labeled.csv

[f1199] n_total=626 n_kept=562 (89.8%)  n_frames_in_window=73
  body候选体素数(阈值+连通分量后)=151  body候选点数=362(64.4% of kept)
  wing连通性: 碎块点=22  实际改判=22
  confidence=high  (wing_merged强制low; body候选点数<20或>0.9*n_kept强制low; 否则high)
  L/R锚定: wing_A -> wing_R  wing_B -> wing_L
  part_label分布(全部点，含if_keep=False的1-NN传播): body=441  wing_L=70  wing_R=115
  labeled csv -> /home/computer0/fly_project/fly_gsplat/outputs/ctrl_009_033_ratio3_sh0_dense_mid200/ratio3_sh0_dense/f1199/splatfacto/2026-08-20_221048/gaussian_features_f1199_labeled.csv
  [警告][f1200] wing_merged_forced_split: wing候选点的连通分量分析后只有1个显著分量(贴一起无法物理拆分)，强行按x_body×up投影中位数切成两半，强制confidence=low

[f1200] n_total=756 n_kept=660 (87.3%)  n_frames_in_window=73
  body候选体素数(阈值+连通分量后)=149  body候选点数=428(64.8% of kept)
  wing连通性: 碎块点=3  实际改判=3
  confidence=low  (wing_merged强制low; body候选点数<20或>0.9*n_kept强制low; 否则high)
  L/R锚定: wing_A -> wing_R  wing_B -> wing_L
  part_label分布(全部点，含if_keep=False的1-NN传播): body=512  wing_L=125  wing_R=119
  labeled csv -> /home/computer0/fly_project/fly_gsplat/outputs/ctrl_009_033_ratio3_sh0_dense_mid200/ratio3_sh0_dense/f1200/splatfacto/2026-08-20_221047/gaussian_features_f1200_labeled.csv

[f1201] n_total=728 n_kept=617 (84.8%)  n_frames_in_window=73
  body候选体素数(阈值+连通分量后)=147  body候选点数=318(51.5% of kept)
  wing连通性: 碎块点=18  实际改判=18
  confidence=high  (wing_merged强制low; body候选点数<20或>0.9*n_kept强制low; 否则high)
  L/R锚定: wing_A -> wing_R  wing_B -> wing_L
  part_label分布(全部点，含if_keep=False的1-NN传播): body=414  wing_L=119  wing_R=195
  labeled csv -> /home/computer0/fly_project/fly_gsplat/outputs/ctrl_009_033_ratio3_sh0_dense_mid200/ratio3_sh0_dense/f1201/splatfacto/2026-08-20_221048/gaussian_features_f1201_labeled.csv
  [警告][f1202] wing_merged_forced_split: wing候选点的连通分量分析后只有1个显著分量(贴一起无法物理拆分)，强行按x_body×up投影中位数切成两半，强制confidence=low

[f1202] n_total=738 n_kept=645 (87.4%)  n_frames_in_window=73
  body候选体素数(阈值+连通分量后)=147  body候选点数=337(52.2% of kept)
  wing连通性: 碎块点=16  实际改判=16
  confidence=low  (wing_merged强制low; body候选点数<20或>0.9*n_kept强制low; 否则high)
  L/R锚定: wing_A -> wing_R  wing_B -> wing_L
  part_label分布(全部点，含if_keep=False的1-NN传播): body=428  wing_L=159  wing_R=151
  labeled csv -> /home/computer0/fly_project/fly_gsplat/outputs/ctrl_009_033_ratio3_sh0_dense_mid200/ratio3_sh0_dense/f1202/splatfacto/2026-08-20_221049/gaussian_features_f1202_labeled.csv
  [警告][f1203] wing_merged_forced_split: wing候选点的连通分量分析后只有1个显著分量(贴一起无法物理拆分)，强行按x_body×up投影中位数切成两半，强制confidence=low

[f1203] n_total=701 n_kept=621 (88.6%)  n_frames_in_window=73
  body候选体素数(阈值+连通分量后)=141  body候选点数=314(50.6% of kept)
  wing连通性: 碎块点=17  实际改判=17
  confidence=low  (wing_merged强制low; body候选点数<20或>0.9*n_kept强制low; 否则high)
  L/R锚定: wing_A -> wing_R  wing_B -> wing_L
  part_label分布(全部点，含if_keep=False的1-NN传播): body=395  wing_L=154  wing_R=152
  labeled csv -> /home/computer0/fly_project/fly_gsplat/outputs/ctrl_009_033_ratio3_sh0_dense_mid200/ratio3_sh0_dense/f1203/splatfacto/2026-08-20_221050/gaussian_features_f1203_labeled.csv

[f1204] n_total=723 n_kept=646 (89.3%)  n_frames_in_window=73
  body候选体素数(阈值+连通分量后)=139  body候选点数=326(50.5% of kept)
  wing连通性: 碎块点=45  实际改判=45
  confidence=high  (wing_merged强制low; body候选点数<20或>0.9*n_kept强制low; 否则high)
  L/R锚定: wing_A -> wing_R  wing_B -> wing_L
  part_label分布(全部点，含if_keep=False的1-NN传播): body=434  wing_L=146  wing_R=143
  labeled csv -> /home/computer0/fly_project/fly_gsplat/outputs/ctrl_009_033_ratio3_sh0_dense_mid200/ratio3_sh0_dense/f1204/splatfacto/2026-08-20_221049/gaussian_features_f1204_labeled.csv

[f1205] n_total=690 n_kept=602 (87.2%)  n_frames_in_window=73
  body候选体素数(阈值+连通分量后)=139  body候选点数=307(51.0% of kept)
  wing连通性: 碎块点=12  实际改判=12
  confidence=high  (wing_merged强制low; body候选点数<20或>0.9*n_kept强制low; 否则high)
  L/R锚定: wing_A -> wing_R  wing_B -> wing_L
  part_label分布(全部点，含if_keep=False的1-NN传播): body=388  wing_L=143  wing_R=159
  labeled csv -> /home/computer0/fly_project/fly_gsplat/outputs/ctrl_009_033_ratio3_sh0_dense_mid200/ratio3_sh0_dense/f1205/splatfacto/2026-08-20_221048/gaussian_features_f1205_labeled.csv
  [警告][f1206] wing_merged_forced_split: wing候选点的连通分量分析后只有1个显著分量(贴一起无法物理拆分)，强行按x_body×up投影中位数切成两半，强制confidence=low

[f1206] n_total=679 n_kept=578 (85.1%)  n_frames_in_window=73
  body候选体素数(阈值+连通分量后)=138  body候选点数=297(51.4% of kept)
  wing连通性: 碎块点=18  实际改判=18
  confidence=low  (wing_merged强制low; body候选点数<20或>0.9*n_kept强制low; 否则high)
  L/R锚定: wing_A -> wing_R  wing_B -> wing_L
  part_label分布(全部点，含if_keep=False的1-NN传播): body=388  wing_L=154  wing_R=137
  labeled csv -> /home/computer0/fly_project/fly_gsplat/outputs/ctrl_009_033_ratio3_sh0_dense_mid200/ratio3_sh0_dense/f1206/splatfacto/2026-08-20_221049/gaussian_features_f1206_labeled.csv

[f1207] n_total=696 n_kept=601 (86.4%)  n_frames_in_window=73
  body候选体素数(阈值+连通分量后)=138  body候选点数=328(54.6% of kept)
  wing连通性: 碎块点=14  实际改判=14
  confidence=high  (wing_merged强制low; body候选点数<20或>0.9*n_kept强制low; 否则high)
  L/R锚定: wing_A -> wing_R  wing_B -> wing_L
  part_label分布(全部点，含if_keep=False的1-NN传播): body=404  wing_L=142  wing_R=150
  labeled csv -> /home/computer0/fly_project/fly_gsplat/outputs/ctrl_009_033_ratio3_sh0_dense_mid200/ratio3_sh0_dense/f1207/splatfacto/2026-08-20_221049/gaussian_features_f1207_labeled.csv

[f1208] n_total=698 n_kept=617 (88.4%)  n_frames_in_window=73
  body候选体素数(阈值+连通分量后)=138  body候选点数=360(58.3% of kept)
  wing连通性: 碎块点=20  实际改判=20
  confidence=high  (wing_merged强制low; body候选点数<20或>0.9*n_kept强制low; 否则high)
  L/R锚定: wing_A -> wing_L  wing_B -> wing_R
  part_label分布(全部点，含if_keep=False的1-NN传播): body=440  wing_L=138  wing_R=120
  labeled csv -> /home/computer0/fly_project/fly_gsplat/outputs/ctrl_009_033_ratio3_sh0_dense_mid200/ratio3_sh0_dense/f1208/splatfacto/2026-08-20_221242/gaussian_features_f1208_labeled.csv

[f1209] n_total=706 n_kept=605 (85.7%)  n_frames_in_window=73
  body候选体素数(阈值+连通分量后)=137  body候选点数=332(54.9% of kept)
  wing连通性: 碎块点=43  实际改判=43
  confidence=high  (wing_merged强制low; body候选点数<20或>0.9*n_kept强制low; 否则high)
  L/R锚定: wing_A -> wing_R  wing_B -> wing_L
  part_label分布(全部点，含if_keep=False的1-NN传播): body=423  wing_L=134  wing_R=149
  labeled csv -> /home/computer0/fly_project/fly_gsplat/outputs/ctrl_009_033_ratio3_sh0_dense_mid200/ratio3_sh0_dense/f1209/splatfacto/2026-08-20_221242/gaussian_features_f1209_labeled.csv

[f1210] n_total=683 n_kept=600 (87.8%)  n_frames_in_window=73
  body候选体素数(阈值+连通分量后)=134  body候选点数=332(55.3% of kept)
  wing连通性: 碎块点=19  实际改判=19
  confidence=high  (wing_merged强制low; body候选点数<20或>0.9*n_kept强制low; 否则high)
  L/R锚定: wing_A -> wing_R  wing_B -> wing_L
  part_label分布(全部点，含if_keep=False的1-NN传播): body=416  wing_L=126  wing_R=141
  labeled csv -> /home/computer0/fly_project/fly_gsplat/outputs/ctrl_009_033_ratio3_sh0_dense_mid200/ratio3_sh0_dense/f1210/splatfacto/2026-08-20_221245/gaussian_features_f1210_labeled.csv

[f1211] n_total=708 n_kept=628 (88.7%)  n_frames_in_window=73
  body候选体素数(阈值+连通分量后)=133  body候选点数=356(56.7% of kept)
  wing连通性: 碎块点=18  实际改判=18
  confidence=high  (wing_merged强制low; body候选点数<20或>0.9*n_kept强制low; 否则high)
  L/R锚定: wing_A -> wing_R  wing_B -> wing_L
  part_label分布(全部点，含if_keep=False的1-NN传播): body=446  wing_L=131  wing_R=131
  labeled csv -> /home/computer0/fly_project/fly_gsplat/outputs/ctrl_009_033_ratio3_sh0_dense_mid200/ratio3_sh0_dense/f1211/splatfacto/2026-08-20_221245/gaussian_features_f1211_labeled.csv

[f1212] n_total=655 n_kept=590 (90.1%)  n_frames_in_window=73
  body候选体素数(阈值+连通分量后)=133  body候选点数=334(56.6% of kept)
  wing连通性: 碎块点=36  实际改判=36
  confidence=high  (wing_merged强制low; body候选点数<20或>0.9*n_kept强制low; 否则high)
  L/R锚定: wing_A -> wing_R  wing_B -> wing_L
  part_label分布(全部点，含if_keep=False的1-NN传播): body=416  wing_L=118  wing_R=121
  labeled csv -> /home/computer0/fly_project/fly_gsplat/outputs/ctrl_009_033_ratio3_sh0_dense_mid200/ratio3_sh0_dense/f1212/splatfacto/2026-08-20_221245/gaussian_features_f1212_labeled.csv

[f1213] n_total=796 n_kept=695 (87.3%)  n_frames_in_window=73
  body候选体素数(阈值+连通分量后)=133  body候选点数=410(59.0% of kept)
  wing连通性: 碎块点=27  实际改判=27
  confidence=high  (wing_merged强制low; body候选点数<20或>0.9*n_kept强制low; 否则high)
  L/R锚定: wing_A -> wing_L  wing_B -> wing_R
  part_label分布(全部点，含if_keep=False的1-NN传播): body=516  wing_L=140  wing_R=140
  labeled csv -> /home/computer0/fly_project/fly_gsplat/outputs/ctrl_009_033_ratio3_sh0_dense_mid200/ratio3_sh0_dense/f1213/splatfacto/2026-08-20_221245/gaussian_features_f1213_labeled.csv

[f1214] n_total=754 n_kept=666 (88.3%)  n_frames_in_window=73
  body候选体素数(阈值+连通分量后)=132  body候选点数=380(57.1% of kept)
  wing连通性: 碎块点=18  实际改判=18
  confidence=high  (wing_merged强制low; body候选点数<20或>0.9*n_kept强制low; 否则high)
  L/R锚定: wing_A -> wing_R  wing_B -> wing_L
  part_label分布(全部点，含if_keep=False的1-NN传播): body=473  wing_L=142  wing_R=139
  labeled csv -> /home/computer0/fly_project/fly_gsplat/outputs/ctrl_009_033_ratio3_sh0_dense_mid200/ratio3_sh0_dense/f1214/splatfacto/2026-08-20_221246/gaussian_features_f1214_labeled.csv

[f1215] n_total=715 n_kept=636 (89.0%)  n_frames_in_window=73
  body候选体素数(阈值+连通分量后)=130  body候选点数=324(50.9% of kept)
  wing连通性: 碎块点=70  实际改判=70
  confidence=high  (wing_merged强制low; body候选点数<20或>0.9*n_kept强制low; 否则high)
  L/R锚定: wing_A -> wing_R  wing_B -> wing_L
  part_label分布(全部点，含if_keep=False的1-NN传播): body=452  wing_L=115  wing_R=148
  labeled csv -> /home/computer0/fly_project/fly_gsplat/outputs/ctrl_009_033_ratio3_sh0_dense_mid200/ratio3_sh0_dense/f1215/splatfacto/2026-08-20_221247/gaussian_features_f1215_labeled.csv

[f1216] n_total=690 n_kept=598 (86.7%)  n_frames_in_window=73
  body候选体素数(阈值+连通分量后)=128  body候选点数=306(51.2% of kept)
  wing连通性: 碎块点=59  实际改判=59
  confidence=high  (wing_merged强制low; body候选点数<20或>0.9*n_kept强制low; 否则high)
  L/R锚定: wing_A -> wing_R  wing_B -> wing_L
  part_label分布(全部点，含if_keep=False的1-NN传播): body=404  wing_L=139  wing_R=147
  labeled csv -> /home/computer0/fly_project/fly_gsplat/outputs/ctrl_009_033_ratio3_sh0_dense_mid200/ratio3_sh0_dense/f1216/splatfacto/2026-08-20_221246/gaussian_features_f1216_labeled.csv

[f1217] n_total=662 n_kept=581 (87.8%)  n_frames_in_window=73
  body候选体素数(阈值+连通分量后)=129  body候选点数=305(52.5% of kept)
  wing连通性: 碎块点=17  实际改判=17
  confidence=high  (wing_merged强制low; body候选点数<20或>0.9*n_kept强制low; 否则high)
  L/R锚定: wing_A -> wing_L  wing_B -> wing_R
  part_label分布(全部点，含if_keep=False的1-NN传播): body=387  wing_L=140  wing_R=135
  labeled csv -> /home/computer0/fly_project/fly_gsplat/outputs/ctrl_009_033_ratio3_sh0_dense_mid200/ratio3_sh0_dense/f1217/splatfacto/2026-08-20_221246/gaussian_features_f1217_labeled.csv

[f1218] n_total=698 n_kept=615 (88.1%)  n_frames_in_window=73
  body候选体素数(阈值+连通分量后)=129  body候选点数=319(51.9% of kept)
  wing连通性: 碎块点=48  实际改判=48
  confidence=high  (wing_merged强制low; body候选点数<20或>0.9*n_kept强制low; 否则high)
  L/R锚定: wing_A -> wing_R  wing_B -> wing_L
  part_label分布(全部点，含if_keep=False的1-NN传播): body=411  wing_L=140  wing_R=147
  labeled csv -> /home/computer0/fly_project/fly_gsplat/outputs/ctrl_009_033_ratio3_sh0_dense_mid200/ratio3_sh0_dense/f1218/splatfacto/2026-08-20_221247/gaussian_features_f1218_labeled.csv

[f1219] n_total=773 n_kept=651 (84.2%)  n_frames_in_window=73
  body候选体素数(阈值+连通分量后)=127  body候选点数=305(46.9% of kept)
  wing连通性: 碎块点=78  实际改判=78
  confidence=high  (wing_merged强制low; body候选点数<20或>0.9*n_kept强制low; 否则high)
  L/R锚定: wing_A -> wing_L  wing_B -> wing_R
  part_label分布(全部点，含if_keep=False的1-NN传播): body=439  wing_L=174  wing_R=160
  labeled csv -> /home/computer0/fly_project/fly_gsplat/outputs/ctrl_009_033_ratio3_sh0_dense_mid200/ratio3_sh0_dense/f1219/splatfacto/2026-08-20_221248/gaussian_features_f1219_labeled.csv

[f1220] n_total=730 n_kept=630 (86.3%)  n_frames_in_window=73
  body候选体素数(阈值+连通分量后)=126  body候选点数=295(46.8% of kept)
  wing连通性: 碎块点=86  实际改判=86
  confidence=high  (wing_merged强制low; body候选点数<20或>0.9*n_kept强制low; 否则high)
  L/R锚定: wing_A -> wing_L  wing_B -> wing_R
  part_label分布(全部点，含if_keep=False的1-NN传播): body=394  wing_L=154  wing_R=182
  labeled csv -> /home/computer0/fly_project/fly_gsplat/outputs/ctrl_009_033_ratio3_sh0_dense_mid200/ratio3_sh0_dense/f1220/splatfacto/2026-08-20_221437/gaussian_features_f1220_labeled.csv

[f1221] n_total=744 n_kept=646 (86.8%)  n_frames_in_window=73
  body候选体素数(阈值+连通分量后)=129  body候选点数=347(53.7% of kept)
  wing连通性: 碎块点=78  实际改判=78
  confidence=high  (wing_merged强制low; body候选点数<20或>0.9*n_kept强制low; 否则high)
  L/R锚定: wing_A -> wing_L  wing_B -> wing_R
  part_label分布(全部点，含if_keep=False的1-NN传播): body=444  wing_L=150  wing_R=150
  labeled csv -> /home/computer0/fly_project/fly_gsplat/outputs/ctrl_009_033_ratio3_sh0_dense_mid200/ratio3_sh0_dense/f1221/splatfacto/2026-08-20_221437/gaussian_features_f1221_labeled.csv

[f1222] n_total=714 n_kept=620 (86.8%)  n_frames_in_window=73
  body候选体素数(阈值+连通分量后)=130  body候选点数=302(48.7% of kept)
  wing连通性: 碎块点=173  实际改判=173
  confidence=high  (wing_merged强制low; body候选点数<20或>0.9*n_kept强制low; 否则high)
  L/R锚定: wing_A -> wing_R  wing_B -> wing_L
  part_label分布(全部点，含if_keep=False的1-NN传播): body=412  wing_L=143  wing_R=159
  labeled csv -> /home/computer0/fly_project/fly_gsplat/outputs/ctrl_009_033_ratio3_sh0_dense_mid200/ratio3_sh0_dense/f1222/splatfacto/2026-08-20_221439/gaussian_features_f1222_labeled.csv

[f1223] n_total=697 n_kept=605 (86.8%)  n_frames_in_window=73
  body候选体素数(阈值+连通分量后)=131  body候选点数=278(46.0% of kept)
  wing连通性: 碎块点=89  实际改判=89
  confidence=high  (wing_merged强制low; body候选点数<20或>0.9*n_kept强制low; 否则high)
  L/R锚定: wing_A -> wing_L  wing_B -> wing_R
  part_label分布(全部点，含if_keep=False的1-NN传播): body=378  wing_L=158  wing_R=161
  labeled csv -> /home/computer0/fly_project/fly_gsplat/outputs/ctrl_009_033_ratio3_sh0_dense_mid200/ratio3_sh0_dense/f1223/splatfacto/2026-08-20_221439/gaussian_features_f1223_labeled.csv

[f1224] n_total=752 n_kept=650 (86.4%)  n_frames_in_window=73
  body候选体素数(阈值+连通分量后)=129  body候选点数=332(51.1% of kept)
  wing连通性: 碎块点=38  实际改判=38
  confidence=high  (wing_merged强制low; body候选点数<20或>0.9*n_kept强制low; 否则high)
  L/R锚定: wing_A -> wing_R  wing_B -> wing_L
  part_label分布(全部点，含if_keep=False的1-NN传播): body=424  wing_L=162  wing_R=166
  labeled csv -> /home/computer0/fly_project/fly_gsplat/outputs/ctrl_009_033_ratio3_sh0_dense_mid200/ratio3_sh0_dense/f1224/splatfacto/2026-08-20_221439/gaussian_features_f1224_labeled.csv

[f1225] n_total=775 n_kept=668 (86.2%)  n_frames_in_window=73
  body候选体素数(阈值+连通分量后)=132  body候选点数=355(53.1% of kept)
  wing连通性: 碎块点=22  实际改判=22
  confidence=high  (wing_merged强制low; body候选点数<20或>0.9*n_kept强制low; 否则high)
  L/R锚定: wing_A -> wing_R  wing_B -> wing_L
  part_label分布(全部点，含if_keep=False的1-NN传播): body=436  wing_L=168  wing_R=171
  labeled csv -> /home/computer0/fly_project/fly_gsplat/outputs/ctrl_009_033_ratio3_sh0_dense_mid200/ratio3_sh0_dense/f1225/splatfacto/2026-08-20_221440/gaussian_features_f1225_labeled.csv

[f1226] n_total=724 n_kept=610 (84.3%)  n_frames_in_window=73
  body候选体素数(阈值+连通分量后)=133  body候选点数=335(54.9% of kept)
  wing连通性: 碎块点=20  实际改判=20
  confidence=high  (wing_merged强制low; body候选点数<20或>0.9*n_kept强制low; 否则high)
  L/R锚定: wing_A -> wing_R  wing_B -> wing_L
  part_label分布(全部点，含if_keep=False的1-NN传播): body=443  wing_L=143  wing_R=138
  labeled csv -> /home/computer0/fly_project/fly_gsplat/outputs/ctrl_009_033_ratio3_sh0_dense_mid200/ratio3_sh0_dense/f1226/splatfacto/2026-08-20_221440/gaussian_features_f1226_labeled.csv

[f1227] n_total=683 n_kept=602 (88.1%)  n_frames_in_window=73
  body候选体素数(阈值+连通分量后)=133  body候选点数=335(55.6% of kept)
  wing连通性: 碎块点=78  实际改判=78
  confidence=high  (wing_merged强制low; body候选点数<20或>0.9*n_kept强制low; 否则high)
  L/R锚定: wing_A -> wing_R  wing_B -> wing_L
  part_label分布(全部点，含if_keep=False的1-NN传播): body=432  wing_L=120  wing_R=131
  labeled csv -> /home/computer0/fly_project/fly_gsplat/outputs/ctrl_009_033_ratio3_sh0_dense_mid200/ratio3_sh0_dense/f1227/splatfacto/2026-08-20_221440/gaussian_features_f1227_labeled.csv

[f1228] n_total=694 n_kept=582 (83.9%)  n_frames_in_window=73
  body候选体素数(阈值+连通分量后)=132  body候选点数=292(50.2% of kept)
  wing连通性: 碎块点=75  实际改判=75
  confidence=high  (wing_merged强制low; body候选点数<20或>0.9*n_kept强制low; 否则high)
  L/R锚定: wing_A -> wing_L  wing_B -> wing_R
  part_label分布(全部点，含if_keep=False的1-NN传播): body=391  wing_L=152  wing_R=151
  labeled csv -> /home/computer0/fly_project/fly_gsplat/outputs/ctrl_009_033_ratio3_sh0_dense_mid200/ratio3_sh0_dense/f1228/splatfacto/2026-08-20_221439/gaussian_features_f1228_labeled.csv

[f1229] n_total=680 n_kept=587 (86.3%)  n_frames_in_window=73
  body候选体素数(阈值+连通分量后)=133  body候选点数=294(50.1% of kept)
  wing连通性: 碎块点=47  实际改判=47
  confidence=high  (wing_merged强制low; body候选点数<20或>0.9*n_kept强制low; 否则high)
  L/R锚定: wing_A -> wing_R  wing_B -> wing_L
  part_label分布(全部点，含if_keep=False的1-NN传播): body=396  wing_L=130  wing_R=154
  labeled csv -> /home/computer0/fly_project/fly_gsplat/outputs/ctrl_009_033_ratio3_sh0_dense_mid200/ratio3_sh0_dense/f1229/splatfacto/2026-08-20_221440/gaussian_features_f1229_labeled.csv

[f1230] n_total=699 n_kept=608 (87.0%)  n_frames_in_window=73
  body候选体素数(阈值+连通分量后)=132  body候选点数=329(54.1% of kept)
  wing连通性: 碎块点=37  实际改判=37
  confidence=high  (wing_merged强制low; body候选点数<20或>0.9*n_kept强制low; 否则high)
  L/R锚定: wing_A -> wing_R  wing_B -> wing_L
  part_label分布(全部点，含if_keep=False的1-NN传播): body=424  wing_L=138  wing_R=137
  labeled csv -> /home/computer0/fly_project/fly_gsplat/outputs/ctrl_009_033_ratio3_sh0_dense_mid200/ratio3_sh0_dense/f1230/splatfacto/2026-08-20_221441/gaussian_features_f1230_labeled.csv

[f1231] n_total=727 n_kept=622 (85.6%)  n_frames_in_window=73
  body候选体素数(阈值+连通分量后)=135  body候选点数=338(54.3% of kept)
  wing连通性: 碎块点=39  实际改判=39
  confidence=high  (wing_merged强制low; body候选点数<20或>0.9*n_kept强制low; 否则high)
  L/R锚定: wing_A -> wing_L  wing_B -> wing_R
  part_label分布(全部点，含if_keep=False的1-NN传播): body=439  wing_L=171  wing_R=117
  labeled csv -> /home/computer0/fly_project/fly_gsplat/outputs/ctrl_009_033_ratio3_sh0_dense_mid200/ratio3_sh0_dense/f1231/splatfacto/2026-08-20_221442/gaussian_features_f1231_labeled.csv

[f1232] n_total=622 n_kept=552 (88.7%)  n_frames_in_window=73
  body候选体素数(阈值+连通分量后)=134  body候选点数=335(60.7% of kept)
  wing连通性: 碎块点=22  实际改判=22
  confidence=high  (wing_merged强制low; body候选点数<20或>0.9*n_kept强制low; 否则high)
  L/R锚定: wing_A -> wing_L  wing_B -> wing_R
  part_label分布(全部点，含if_keep=False的1-NN传播): body=409  wing_L=128  wing_R=85
  labeled csv -> /home/computer0/fly_project/fly_gsplat/outputs/ctrl_009_033_ratio3_sh0_dense_mid200/ratio3_sh0_dense/f1232/splatfacto/2026-08-20_221631/gaussian_features_f1232_labeled.csv

[f1233] n_total=658 n_kept=584 (88.8%)  n_frames_in_window=73
  body候选体素数(阈值+连通分量后)=138  body候选点数=356(61.0% of kept)
  wing连通性: 碎块点=25  实际改判=25
  confidence=high  (wing_merged强制low; body候选点数<20或>0.9*n_kept强制low; 否则high)
  L/R锚定: wing_A -> wing_L  wing_B -> wing_R
  part_label分布(全部点，含if_keep=False的1-NN传播): body=434  wing_L=156  wing_R=68
  labeled csv -> /home/computer0/fly_project/fly_gsplat/outputs/ctrl_009_033_ratio3_sh0_dense_mid200/ratio3_sh0_dense/f1233/splatfacto/2026-08-20_221632/gaussian_features_f1233_labeled.csv

[f1234] n_total=599 n_kept=530 (88.5%)  n_frames_in_window=73
  body候选体素数(阈值+连通分量后)=140  body候选点数=350(66.0% of kept)
  wing连通性: 碎块点=24  实际改判=24
  confidence=high  (wing_merged强制low; body候选点数<20或>0.9*n_kept强制low; 否则high)
  L/R锚定: wing_A -> wing_L  wing_B -> wing_R
  part_label分布(全部点，含if_keep=False的1-NN传播): body=431  wing_L=98  wing_R=70
  labeled csv -> /home/computer0/fly_project/fly_gsplat/outputs/ctrl_009_033_ratio3_sh0_dense_mid200/ratio3_sh0_dense/f1234/splatfacto/2026-08-20_221632/gaussian_features_f1234_labeled.csv

[f1235] n_total=574 n_kept=519 (90.4%)  n_frames_in_window=73
  body候选体素数(阈值+连通分量后)=141  body候选点数=330(63.6% of kept)
  wing连通性: 碎块点=50  实际改判=50
  confidence=high  (wing_merged强制low; body候选点数<20或>0.9*n_kept强制low; 否则high)
  L/R锚定: wing_A -> wing_L  wing_B -> wing_R
  part_label分布(全部点，含if_keep=False的1-NN传播): body=407  wing_L=109  wing_R=58
  labeled csv -> /home/computer0/fly_project/fly_gsplat/outputs/ctrl_009_033_ratio3_sh0_dense_mid200/ratio3_sh0_dense/f1235/splatfacto/2026-08-20_221632/gaussian_features_f1235_labeled.csv

[f1236] n_total=557 n_kept=492 (88.3%)  n_frames_in_window=73
  body候选体素数(阈值+连通分量后)=141  body候选点数=340(69.1% of kept)
  wing连通性: 碎块点=11  实际改判=11
  confidence=high  (wing_merged强制low; body候选点数<20或>0.9*n_kept强制low; 否则high)
  L/R锚定: wing_A -> wing_L  wing_B -> wing_R
  part_label分布(全部点，含if_keep=False的1-NN传播): body=391  wing_L=105  wing_R=61
  labeled csv -> /home/computer0/fly_project/fly_gsplat/outputs/ctrl_009_033_ratio3_sh0_dense_mid200/ratio3_sh0_dense/f1236/splatfacto/2026-08-20_221634/gaussian_features_f1236_labeled.csv

[f1237] n_total=528 n_kept=475 (90.0%)  n_frames_in_window=73
  body候选体素数(阈值+连通分量后)=144  body候选点数=306(64.4% of kept)
  wing连通性: 碎块点=28  实际改判=28
  confidence=high  (wing_merged强制low; body候选点数<20或>0.9*n_kept强制low; 否则high)
  L/R锚定: wing_A -> wing_L  wing_B -> wing_R
  part_label分布(全部点，含if_keep=False的1-NN传播): body=377  wing_L=92  wing_R=59
  labeled csv -> /home/computer0/fly_project/fly_gsplat/outputs/ctrl_009_033_ratio3_sh0_dense_mid200/ratio3_sh0_dense/f1237/splatfacto/2026-08-20_221635/gaussian_features_f1237_labeled.csv

[f1238] n_total=536 n_kept=491 (91.6%)  n_frames_in_window=73
  body候选体素数(阈值+连通分量后)=144  body候选点数=314(64.0% of kept)
  wing连通性: 碎块点=25  实际改判=25
  confidence=high  (wing_merged强制low; body候选点数<20或>0.9*n_kept强制low; 否则high)
  L/R锚定: wing_A -> wing_R  wing_B -> wing_L
  part_label分布(全部点，含if_keep=False的1-NN传播): body=367  wing_L=85  wing_R=84
  labeled csv -> /home/computer0/fly_project/fly_gsplat/outputs/ctrl_009_033_ratio3_sh0_dense_mid200/ratio3_sh0_dense/f1238/splatfacto/2026-08-20_221634/gaussian_features_f1238_labeled.csv

[f1239] n_total=554 n_kept=513 (92.6%)  n_frames_in_window=73
  body候选体素数(阈值+连通分量后)=144  body候选点数=336(65.5% of kept)
  wing连通性: 碎块点=25  实际改判=25
  confidence=high  (wing_merged强制low; body候选点数<20或>0.9*n_kept强制low; 否则high)
  L/R锚定: wing_A -> wing_R  wing_B -> wing_L
  part_label分布(全部点，含if_keep=False的1-NN传播): body=397  wing_L=77  wing_R=80
  labeled csv -> /home/computer0/fly_project/fly_gsplat/outputs/ctrl_009_033_ratio3_sh0_dense_mid200/ratio3_sh0_dense/f1239/splatfacto/2026-08-20_221635/gaussian_features_f1239_labeled.csv

[f1240] n_total=552 n_kept=505 (91.5%)  n_frames_in_window=73
  body候选体素数(阈值+连通分量后)=146  body候选点数=348(68.9% of kept)
  wing连通性: 碎块点=22  实际改判=22
  confidence=high  (wing_merged强制low; body候选点数<20或>0.9*n_kept强制low; 否则high)
  L/R锚定: wing_A -> wing_R  wing_B -> wing_L
  part_label分布(全部点，含if_keep=False的1-NN传播): body=399  wing_L=71  wing_R=82
  labeled csv -> /home/computer0/fly_project/fly_gsplat/outputs/ctrl_009_033_ratio3_sh0_dense_mid200/ratio3_sh0_dense/f1240/splatfacto/2026-08-20_221633/gaussian_features_f1240_labeled.csv

[f1241] n_total=568 n_kept=523 (92.1%)  n_frames_in_window=73
  body候选体素数(阈值+连通分量后)=146  body候选点数=356(68.1% of kept)
  wing连通性: 碎块点=19  实际改判=19
  confidence=high  (wing_merged强制low; body候选点数<20或>0.9*n_kept强制low; 否则high)
  L/R锚定: wing_A -> wing_R  wing_B -> wing_L
  part_label分布(全部点，含if_keep=False的1-NN传播): body=412  wing_L=74  wing_R=82
  labeled csv -> /home/computer0/fly_project/fly_gsplat/outputs/ctrl_009_033_ratio3_sh0_dense_mid200/ratio3_sh0_dense/f1241/splatfacto/2026-08-20_221636/gaussian_features_f1241_labeled.csv

[f1242] n_total=611 n_kept=551 (90.2%)  n_frames_in_window=73
  body候选体素数(阈值+连通分量后)=146  body候选点数=348(63.2% of kept)
  wing连通性: 碎块点=20  实际改判=20
  confidence=high  (wing_merged强制low; body候选点数<20或>0.9*n_kept强制low; 否则high)
  L/R锚定: wing_A -> wing_R  wing_B -> wing_L
  part_label分布(全部点，含if_keep=False的1-NN传播): body=414  wing_L=84  wing_R=113
  labeled csv -> /home/computer0/fly_project/fly_gsplat/outputs/ctrl_009_033_ratio3_sh0_dense_mid200/ratio3_sh0_dense/f1242/splatfacto/2026-08-20_221635/gaussian_features_f1242_labeled.csv

[f1243] n_total=670 n_kept=604 (90.1%)  n_frames_in_window=73
  body候选体素数(阈值+连通分量后)=147  body候选点数=399(66.1% of kept)
  wing连通性: 碎块点=20  实际改判=20
  confidence=high  (wing_merged强制low; body候选点数<20或>0.9*n_kept强制low; 否则high)
  L/R锚定: wing_A -> wing_R  wing_B -> wing_L
  part_label分布(全部点，含if_keep=False的1-NN传播): body=470  wing_L=94  wing_R=106
  labeled csv -> /home/computer0/fly_project/fly_gsplat/outputs/ctrl_009_033_ratio3_sh0_dense_mid200/ratio3_sh0_dense/f1243/splatfacto/2026-08-20_221639/gaussian_features_f1243_labeled.csv

[f1244] n_total=628 n_kept=542 (86.3%)  n_frames_in_window=73
  body候选体素数(阈值+连通分量后)=148  body候选点数=340(62.7% of kept)
  wing连通性: 碎块点=76  实际改判=76
  confidence=high  (wing_merged强制low; body候选点数<20或>0.9*n_kept强制low; 否则high)
  L/R锚定: wing_A -> wing_R  wing_B -> wing_L
  part_label分布(全部点，含if_keep=False的1-NN传播): body=459  wing_L=70  wing_R=99
  labeled csv -> /home/computer0/fly_project/fly_gsplat/outputs/ctrl_009_033_ratio3_sh0_dense_mid200/ratio3_sh0_dense/f1244/splatfacto/2026-08-20_221829/gaussian_features_f1244_labeled.csv

[f1245] n_total=607 n_kept=544 (89.6%)  n_frames_in_window=73
  body候选体素数(阈值+连通分量后)=148  body候选点数=353(64.9% of kept)
  wing连通性: 碎块点=14  实际改判=14
  confidence=high  (wing_merged强制low; body候选点数<20或>0.9*n_kept强制low; 否则high)
  L/R锚定: wing_A -> wing_R  wing_B -> wing_L
  part_label分布(全部点，含if_keep=False的1-NN传播): body=419  wing_L=92  wing_R=96
  labeled csv -> /home/computer0/fly_project/fly_gsplat/outputs/ctrl_009_033_ratio3_sh0_dense_mid200/ratio3_sh0_dense/f1245/splatfacto/2026-08-20_221830/gaussian_features_f1245_labeled.csv

[f1246] n_total=613 n_kept=530 (86.5%)  n_frames_in_window=73
  body候选体素数(阈值+连通分量后)=148  body候选点数=323(60.9% of kept)
  wing连通性: 碎块点=23  实际改判=23
  confidence=high  (wing_merged强制low; body候选点数<20或>0.9*n_kept强制low; 否则high)
  L/R锚定: wing_A -> wing_R  wing_B -> wing_L
  part_label分布(全部点，含if_keep=False的1-NN传播): body=400  wing_L=104  wing_R=109
  labeled csv -> /home/computer0/fly_project/fly_gsplat/outputs/ctrl_009_033_ratio3_sh0_dense_mid200/ratio3_sh0_dense/f1246/splatfacto/2026-08-20_221830/gaussian_features_f1246_labeled.csv

[f1247] n_total=648 n_kept=581 (89.7%)  n_frames_in_window=73
  body候选体素数(阈值+连通分量后)=149  body候选点数=349(60.1% of kept)
  wing连通性: 碎块点=11  实际改判=11
  confidence=high  (wing_merged强制low; body候选点数<20或>0.9*n_kept强制low; 否则high)
  L/R锚定: wing_A -> wing_L  wing_B -> wing_R
  part_label分布(全部点，含if_keep=False的1-NN传播): body=409  wing_L=116  wing_R=123
  labeled csv -> /home/computer0/fly_project/fly_gsplat/outputs/ctrl_009_033_ratio3_sh0_dense_mid200/ratio3_sh0_dense/f1247/splatfacto/2026-08-20_221831/gaussian_features_f1247_labeled.csv

[f1248] n_total=598 n_kept=523 (87.5%)  n_frames_in_window=73
  body候选体素数(阈值+连通分量后)=147  body候选点数=301(57.6% of kept)
  wing连通性: 碎块点=27  实际改判=27
  confidence=high  (wing_merged强制low; body候选点数<20或>0.9*n_kept强制low; 否则high)
  L/R锚定: wing_A -> wing_R  wing_B -> wing_L
  part_label分布(全部点，含if_keep=False的1-NN传播): body=380  wing_L=105  wing_R=113
  labeled csv -> /home/computer0/fly_project/fly_gsplat/outputs/ctrl_009_033_ratio3_sh0_dense_mid200/ratio3_sh0_dense/f1248/splatfacto/2026-08-20_221831/gaussian_features_f1248_labeled.csv

[f1249] n_total=608 n_kept=545 (89.6%)  n_frames_in_window=73
  body候选体素数(阈值+连通分量后)=149  body候选点数=322(59.1% of kept)
  wing连通性: 碎块点=11  实际改判=11
  confidence=high  (wing_merged强制low; body候选点数<20或>0.9*n_kept强制low; 否则high)
  L/R锚定: wing_A -> wing_R  wing_B -> wing_L
  part_label分布(全部点，含if_keep=False的1-NN传播): body=377  wing_L=118  wing_R=113
  labeled csv -> /home/computer0/fly_project/fly_gsplat/outputs/ctrl_009_033_ratio3_sh0_dense_mid200/ratio3_sh0_dense/f1249/splatfacto/2026-08-20_221830/gaussian_features_f1249_labeled.csv

[f1250] n_total=592 n_kept=536 (90.5%)  n_frames_in_window=73
  body候选体素数(阈值+连通分量后)=147  body候选点数=315(58.8% of kept)
  wing连通性: 碎块点=13  实际改判=13
  confidence=high  (wing_merged强制low; body候选点数<20或>0.9*n_kept强制low; 否则high)
  L/R锚定: wing_A -> wing_R  wing_B -> wing_L
  part_label分布(全部点，含if_keep=False的1-NN传播): body=359  wing_L=117  wing_R=116
  labeled csv -> /home/computer0/fly_project/fly_gsplat/outputs/ctrl_009_033_ratio3_sh0_dense_mid200/ratio3_sh0_dense/f1250/splatfacto/2026-08-20_221832/gaussian_features_f1250_labeled.csv

[f1251] n_total=656 n_kept=588 (89.6%)  n_frames_in_window=73
  body候选体素数(阈值+连通分量后)=149  body候选点数=348(59.2% of kept)
  wing连通性: 碎块点=22  实际改判=22
  confidence=high  (wing_merged强制low; body候选点数<20或>0.9*n_kept强制low; 否则high)
  L/R锚定: wing_A -> wing_R  wing_B -> wing_L
  part_label分布(全部点，含if_keep=False的1-NN传播): body=408  wing_L=131  wing_R=117
  labeled csv -> /home/computer0/fly_project/fly_gsplat/outputs/ctrl_009_033_ratio3_sh0_dense_mid200/ratio3_sh0_dense/f1251/splatfacto/2026-08-20_221831/gaussian_features_f1251_labeled.csv

[f1252] n_total=586 n_kept=513 (87.5%)  n_frames_in_window=73
  body候选体素数(阈值+连通分量后)=149  body候选点数=319(62.2% of kept)
  wing连通性: 碎块点=15  实际改判=15
  confidence=high  (wing_merged强制low; body候选点数<20或>0.9*n_kept强制low; 否则high)
  L/R锚定: wing_A -> wing_L  wing_B -> wing_R
  part_label分布(全部点，含if_keep=False的1-NN传播): body=382  wing_L=113  wing_R=91
  labeled csv -> /home/computer0/fly_project/fly_gsplat/outputs/ctrl_009_033_ratio3_sh0_dense_mid200/ratio3_sh0_dense/f1252/splatfacto/2026-08-20_221833/gaussian_features_f1252_labeled.csv

[f1253] n_total=631 n_kept=588 (93.2%)  n_frames_in_window=73
  body候选体素数(阈值+连通分量后)=149  body候选点数=387(65.8% of kept)
  wing连通性: 碎块点=29  实际改判=29
  confidence=high  (wing_merged强制low; body候选点数<20或>0.9*n_kept强制low; 否则high)
  L/R锚定: wing_A -> wing_L  wing_B -> wing_R
  part_label分布(全部点，含if_keep=False的1-NN传播): body=441  wing_L=104  wing_R=86
  labeled csv -> /home/computer0/fly_project/fly_gsplat/outputs/ctrl_009_033_ratio3_sh0_dense_mid200/ratio3_sh0_dense/f1253/splatfacto/2026-08-20_221833/gaussian_features_f1253_labeled.csv

[f1254] n_total=584 n_kept=532 (91.1%)  n_frames_in_window=73
  body候选体素数(阈值+连通分量后)=148  body候选点数=336(63.2% of kept)
  wing连通性: 碎块点=26  实际改判=26
  confidence=high  (wing_merged强制low; body候选点数<20或>0.9*n_kept强制low; 否则high)
  L/R锚定: wing_A -> wing_L  wing_B -> wing_R
  part_label分布(全部点，含if_keep=False的1-NN传播): body=399  wing_L=102  wing_R=83
  labeled csv -> /home/computer0/fly_project/fly_gsplat/outputs/ctrl_009_033_ratio3_sh0_dense_mid200/ratio3_sh0_dense/f1254/splatfacto/2026-08-20_221834/gaussian_features_f1254_labeled.csv

[f1255] n_total=619 n_kept=544 (87.9%)  n_frames_in_window=73
  body候选体素数(阈值+连通分量后)=148  body候选点数=356(65.4% of kept)
  wing连通性: 碎块点=22  实际改判=22
  confidence=high  (wing_merged强制low; body候选点数<20或>0.9*n_kept强制low; 否则high)
  L/R锚定: wing_A -> wing_L  wing_B -> wing_R
  part_label分布(全部点，含if_keep=False的1-NN传播): body=438  wing_L=104  wing_R=77
  labeled csv -> /home/computer0/fly_project/fly_gsplat/outputs/ctrl_009_033_ratio3_sh0_dense_mid200/ratio3_sh0_dense/f1255/splatfacto/2026-08-20_221833/gaussian_features_f1255_labeled.csv

[f1256] n_total=552 n_kept=492 (89.1%)  n_frames_in_window=73
  body候选体素数(阈值+连通分量后)=148  body候选点数=305(62.0% of kept)
  wing连通性: 碎块点=14  实际改判=14
  confidence=high  (wing_merged强制low; body候选点数<20或>0.9*n_kept强制low; 否则high)
  L/R锚定: wing_A -> wing_L  wing_B -> wing_R
  part_label分布(全部点，含if_keep=False的1-NN传播): body=357  wing_L=111  wing_R=84
  labeled csv -> /home/computer0/fly_project/fly_gsplat/outputs/ctrl_009_033_ratio3_sh0_dense_mid200/ratio3_sh0_dense/f1256/splatfacto/2026-08-20_222024/gaussian_features_f1256_labeled.csv

[f1257] n_total=609 n_kept=541 (88.8%)  n_frames_in_window=73
  body候选体素数(阈值+连通分量后)=147  body候选点数=340(62.8% of kept)
  wing连通性: 碎块点=65  实际改判=65
  confidence=high  (wing_merged强制low; body候选点数<20或>0.9*n_kept强制low; 否则high)
  L/R锚定: wing_A -> wing_L  wing_B -> wing_R
  part_label分布(全部点，含if_keep=False的1-NN传播): body=410  wing_L=120  wing_R=79
  labeled csv -> /home/computer0/fly_project/fly_gsplat/outputs/ctrl_009_033_ratio3_sh0_dense_mid200/ratio3_sh0_dense/f1257/splatfacto/2026-08-20_222025/gaussian_features_f1257_labeled.csv

[f1258] n_total=614 n_kept=560 (91.2%)  n_frames_in_window=73
  body候选体素数(阈值+连通分量后)=147  body候选点数=349(62.3% of kept)
  wing连通性: 碎块点=36  实际改判=36
  confidence=high  (wing_merged强制low; body候选点数<20或>0.9*n_kept强制low; 否则high)
  L/R锚定: wing_A -> wing_L  wing_B -> wing_R
  part_label分布(全部点，含if_keep=False的1-NN传播): body=426  wing_L=108  wing_R=80
  labeled csv -> /home/computer0/fly_project/fly_gsplat/outputs/ctrl_009_033_ratio3_sh0_dense_mid200/ratio3_sh0_dense/f1258/splatfacto/2026-08-20_222025/gaussian_features_f1258_labeled.csv

[f1259] n_total=652 n_kept=600 (92.0%)  n_frames_in_window=73
  body候选体素数(阈值+连通分量后)=149  body候选点数=377(62.8% of kept)
  wing连通性: 碎块点=26  实际改判=26
  confidence=high  (wing_merged强制low; body候选点数<20或>0.9*n_kept强制low; 否则high)
  L/R锚定: wing_A -> wing_L  wing_B -> wing_R
  part_label分布(全部点，含if_keep=False的1-NN传播): body=449  wing_L=111  wing_R=92
  labeled csv -> /home/computer0/fly_project/fly_gsplat/outputs/ctrl_009_033_ratio3_sh0_dense_mid200/ratio3_sh0_dense/f1259/splatfacto/2026-08-20_222026/gaussian_features_f1259_labeled.csv

[f1260] n_total=576 n_kept=527 (91.5%)  n_frames_in_window=73
  body候选体素数(阈值+连通分量后)=151  body候选点数=328(62.2% of kept)
  wing连通性: 碎块点=20  实际改判=20
  confidence=high  (wing_merged强制low; body候选点数<20或>0.9*n_kept强制low; 否则high)
  L/R锚定: wing_A -> wing_L  wing_B -> wing_R
  part_label分布(全部点，含if_keep=False的1-NN传播): body=377  wing_L=115  wing_R=84
  labeled csv -> /home/computer0/fly_project/fly_gsplat/outputs/ctrl_009_033_ratio3_sh0_dense_mid200/ratio3_sh0_dense/f1260/splatfacto/2026-08-20_222027/gaussian_features_f1260_labeled.csv

[f1261] n_total=632 n_kept=567 (89.7%)  n_frames_in_window=73
  body候选体素数(阈值+连通分量后)=152  body候选点数=368(64.9% of kept)
  wing连通性: 碎块点=15  实际改判=15
  confidence=high  (wing_merged强制low; body候选点数<20或>0.9*n_kept强制low; 否则high)
  L/R锚定: wing_A -> wing_L  wing_B -> wing_R
  part_label分布(全部点，含if_keep=False的1-NN传播): body=438  wing_L=107  wing_R=87
  labeled csv -> /home/computer0/fly_project/fly_gsplat/outputs/ctrl_009_033_ratio3_sh0_dense_mid200/ratio3_sh0_dense/f1261/splatfacto/2026-08-20_222026/gaussian_features_f1261_labeled.csv

[f1262] n_total=649 n_kept=582 (89.7%)  n_frames_in_window=73
  body候选体素数(阈值+连通分量后)=150  body候选点数=417(71.6% of kept)
  wing连通性: 碎块点=18  实际改判=18
  confidence=high  (wing_merged强制low; body候选点数<20或>0.9*n_kept强制low; 否则high)
  L/R锚定: wing_A -> wing_R  wing_B -> wing_L
  part_label分布(全部点，含if_keep=False的1-NN传播): body=484  wing_L=88  wing_R=77
  labeled csv -> /home/computer0/fly_project/fly_gsplat/outputs/ctrl_009_033_ratio3_sh0_dense_mid200/ratio3_sh0_dense/f1262/splatfacto/2026-08-20_222027/gaussian_features_f1262_labeled.csv

[f1263] n_total=629 n_kept=566 (90.0%)  n_frames_in_window=73
  body候选体素数(阈值+连通分量后)=153  body候选点数=353(62.4% of kept)
  wing连通性: 碎块点=24  实际改判=24
  confidence=high  (wing_merged强制low; body候选点数<20或>0.9*n_kept强制low; 否则high)
  L/R锚定: wing_A -> wing_L  wing_B -> wing_R
  part_label分布(全部点，含if_keep=False的1-NN传播): body=429  wing_L=111  wing_R=89
  labeled csv -> /home/computer0/fly_project/fly_gsplat/outputs/ctrl_009_033_ratio3_sh0_dense_mid200/ratio3_sh0_dense/f1263/splatfacto/2026-08-20_222027/gaussian_features_f1263_labeled.csv
[density] frame_idx=1264: 窗口内1/73帧缺少T2产出(_marked.csv)，跳过不参与累加: ['f1300']

[f1264] n_total=617 n_kept=554 (89.8%)  n_frames_in_window=72
  body候选体素数(阈值+连通分量后)=149  body候选点数=360(65.0% of kept)
  wing连通性: 碎块点=23  实际改判=23
  confidence=high  (wing_merged强制low; body候选点数<20或>0.9*n_kept强制low; 否则high)
  L/R锚定: wing_A -> wing_L  wing_B -> wing_R
  part_label分布(全部点，含if_keep=False的1-NN传播): body=435  wing_L=93  wing_R=89
  labeled csv -> /home/computer0/fly_project/fly_gsplat/outputs/ctrl_009_033_ratio3_sh0_dense_mid200/ratio3_sh0_dense/f1264/splatfacto/2026-08-20_222028/gaussian_features_f1264_labeled.csv
[density] frame_idx=1265: 窗口内2/73帧缺少T2产出(_marked.csv)，跳过不参与累加: ['f1300', 'f1301']

[f1265] n_total=629 n_kept=557 (88.6%)  n_frames_in_window=71
  body候选体素数(阈值+连通分量后)=147  body候选点数=361(64.8% of kept)
  wing连通性: 碎块点=19  实际改判=19
  confidence=high  (wing_merged强制low; body候选点数<20或>0.9*n_kept强制low; 否则high)
  L/R锚定: wing_A -> wing_L  wing_B -> wing_R
  part_label分布(全部点，含if_keep=False的1-NN传播): body=440  wing_L=111  wing_R=78
  labeled csv -> /home/computer0/fly_project/fly_gsplat/outputs/ctrl_009_033_ratio3_sh0_dense_mid200/ratio3_sh0_dense/f1265/splatfacto/2026-08-20_222026/gaussian_features_f1265_labeled.csv
[density] frame_idx=1266: 窗口内3/73帧缺少T2产出(_marked.csv)，跳过不参与累加: ['f1300', 'f1301', 'f1302']

[f1266] n_total=681 n_kept=606 (89.0%)  n_frames_in_window=70
  body候选体素数(阈值+连通分量后)=144  body候选点数=413(68.2% of kept)
  wing连通性: 碎块点=25  实际改判=25
  confidence=high  (wing_merged强制low; body候选点数<20或>0.9*n_kept强制low; 否则high)
  L/R锚定: wing_A -> wing_L  wing_B -> wing_R
  part_label分布(全部点，含if_keep=False的1-NN传播): body=504  wing_L=100  wing_R=77
  labeled csv -> /home/computer0/fly_project/fly_gsplat/outputs/ctrl_009_033_ratio3_sh0_dense_mid200/ratio3_sh0_dense/f1266/splatfacto/2026-08-20_222027/gaussian_features_f1266_labeled.csv
[density] frame_idx=1267: 窗口内4/73帧缺少T2产出(_marked.csv)，跳过不参与累加: ['f1300', 'f1301', 'f1302', 'f1303']

[f1267] n_total=680 n_kept=604 (88.8%)  n_frames_in_window=69
  body候选体素数(阈值+连通分量后)=141  body候选点数=393(65.1% of kept)
  wing连通性: 碎块点=19  实际改判=19
  confidence=high  (wing_merged强制low; body候选点数<20或>0.9*n_kept强制low; 否则high)
  L/R锚定: wing_A -> wing_L  wing_B -> wing_R
  part_label分布(全部点，含if_keep=False的1-NN传播): body=471  wing_L=108  wing_R=101
  labeled csv -> /home/computer0/fly_project/fly_gsplat/outputs/ctrl_009_033_ratio3_sh0_dense_mid200/ratio3_sh0_dense/f1267/splatfacto/2026-08-20_222029/gaussian_features_f1267_labeled.csv
[density] frame_idx=1268: 窗口内5/73帧缺少T2产出(_marked.csv)，跳过不参与累加: ['f1300', 'f1301', 'f1302', 'f1303', 'f1304']

[f1268] n_total=690 n_kept=614 (89.0%)  n_frames_in_window=68
  body候选体素数(阈值+连通分量后)=137  body候选点数=383(62.4% of kept)
  wing连通性: 碎块点=20  实际改判=20
  confidence=high  (wing_merged强制low; body候选点数<20或>0.9*n_kept强制low; 否则high)
  L/R锚定: wing_A -> wing_L  wing_B -> wing_R
  part_label分布(全部点，含if_keep=False的1-NN传播): body=461  wing_L=132  wing_R=97
  labeled csv -> /home/computer0/fly_project/fly_gsplat/outputs/ctrl_009_033_ratio3_sh0_dense_mid200/ratio3_sh0_dense/f1268/splatfacto/2026-08-20_222220/gaussian_features_f1268_labeled.csv
[density] frame_idx=1269: 窗口内6/73帧缺少T2产出(_marked.csv)，跳过不参与累加: ['f1300', 'f1301', 'f1302', 'f1303', 'f1304', 'f1305']

[f1269] n_total=669 n_kept=599 (89.5%)  n_frames_in_window=67
  body候选体素数(阈值+连通分量后)=137  body候选点数=377(62.9% of kept)
  wing连通性: 碎块点=25  实际改判=25
  confidence=high  (wing_merged强制low; body候选点数<20或>0.9*n_kept强制low; 否则high)
  L/R锚定: wing_A -> wing_L  wing_B -> wing_R
  part_label分布(全部点，含if_keep=False的1-NN传播): body=462  wing_L=119  wing_R=88
  labeled csv -> /home/computer0/fly_project/fly_gsplat/outputs/ctrl_009_033_ratio3_sh0_dense_mid200/ratio3_sh0_dense/f1269/splatfacto/2026-08-20_222221/gaussian_features_f1269_labeled.csv
[density] frame_idx=1270: 窗口内7/73帧缺少T2产出(_marked.csv)，跳过不参与累加: ['f1300', 'f1301', 'f1302', 'f1303', 'f1304', 'f1305', 'f1306']

[f1270] n_total=672 n_kept=593 (88.2%)  n_frames_in_window=66
  body候选体素数(阈值+连通分量后)=135  body候选点数=375(63.2% of kept)
  wing连通性: 碎块点=24  实际改判=24
  confidence=high  (wing_merged强制low; body候选点数<20或>0.9*n_kept强制low; 否则high)
  L/R锚定: wing_A -> wing_L  wing_B -> wing_R
  part_label分布(全部点，含if_keep=False的1-NN传播): body=461  wing_L=113  wing_R=98
  labeled csv -> /home/computer0/fly_project/fly_gsplat/outputs/ctrl_009_033_ratio3_sh0_dense_mid200/ratio3_sh0_dense/f1270/splatfacto/2026-08-20_222223/gaussian_features_f1270_labeled.csv
[density] frame_idx=1271: 窗口内8/73帧缺少T2产出(_marked.csv)，跳过不参与累加: ['f1300', 'f1301', 'f1302', 'f1303', 'f1304', 'f1305', 'f1306', 'f1307']

[f1271] n_total=664 n_kept=588 (88.6%)  n_frames_in_window=65
  body候选体素数(阈值+连通分量后)=132  body候选点数=374(63.6% of kept)
  wing连通性: 碎块点=37  实际改判=37
  confidence=high  (wing_merged强制low; body候选点数<20或>0.9*n_kept强制low; 否则high)
  L/R锚定: wing_A -> wing_L  wing_B -> wing_R
  part_label分布(全部点，含if_keep=False的1-NN传播): body=475  wing_L=107  wing_R=82
  labeled csv -> /home/computer0/fly_project/fly_gsplat/outputs/ctrl_009_033_ratio3_sh0_dense_mid200/ratio3_sh0_dense/f1271/splatfacto/2026-08-20_222220/gaussian_features_f1271_labeled.csv
[density] frame_idx=1272: 窗口内9/73帧缺少T2产出(_marked.csv)，跳过不参与累加: ['f1300', 'f1301', 'f1302', 'f1303', 'f1304', 'f1305', 'f1306', 'f1307', 'f1308']
  [警告][f1272] wing_merged_forced_split: wing候选点的连通分量分析后只有1个显著分量(贴一起无法物理拆分)，强行按x_body×up投影中位数切成两半，强制confidence=low

[f1272] n_total=816 n_kept=670 (82.1%)  n_frames_in_window=64
  body候选体素数(阈值+连通分量后)=131  body候选点数=361(53.9% of kept)
  wing连通性: 碎块点=35  实际改判=35
  confidence=low  (wing_merged强制low; body候选点数<20或>0.9*n_kept强制low; 否则high)
  L/R锚定: wing_A -> wing_R  wing_B -> wing_L
  part_label分布(全部点，含if_keep=False的1-NN传播): body=447  wing_L=187  wing_R=182
  labeled csv -> /home/computer0/fly_project/fly_gsplat/outputs/ctrl_009_033_ratio3_sh0_dense_mid200/ratio3_sh0_dense/f1272/splatfacto/2026-08-20_222224/gaussian_features_f1272_labeled.csv
[density] frame_idx=1273: 窗口内10/73帧缺少T2产出(_marked.csv)，跳过不参与累加: ['f1300', 'f1301', 'f1302', 'f1303', 'f1304', 'f1305', 'f1306', 'f1307', 'f1308', 'f1309']

[f1273] n_total=701 n_kept=614 (87.6%)  n_frames_in_window=63
  body候选体素数(阈值+连通分量后)=130  body候选点数=397(64.7% of kept)
  wing连通性: 碎块点=29  实际改判=29
  confidence=high  (wing_merged强制low; body候选点数<20或>0.9*n_kept强制low; 否则high)
  L/R锚定: wing_A -> wing_R  wing_B -> wing_L
  part_label分布(全部点，含if_keep=False的1-NN传播): body=481  wing_L=84  wing_R=136
  labeled csv -> /home/computer0/fly_project/fly_gsplat/outputs/ctrl_009_033_ratio3_sh0_dense_mid200/ratio3_sh0_dense/f1273/splatfacto/2026-08-20_222225/gaussian_features_f1273_labeled.csv
[density] frame_idx=1274: 窗口内11/73帧缺少T2产出(_marked.csv)，跳过不参与累加: ['f1300', 'f1301', 'f1302', 'f1303', 'f1304', 'f1305', 'f1306', 'f1307', 'f1308', 'f1309', 'f1310']

[f1274] n_total=643 n_kept=571 (88.8%)  n_frames_in_window=62
  body候选体素数(阈值+连通分量后)=128  body候选点数=391(68.5% of kept)
  wing连通性: 碎块点=26  实际改判=26
  confidence=high  (wing_merged强制low; body候选点数<20或>0.9*n_kept强制low; 否则high)
  L/R锚定: wing_A -> wing_R  wing_B -> wing_L
  part_label分布(全部点，含if_keep=False的1-NN传播): body=480  wing_L=55  wing_R=108
  labeled csv -> /home/computer0/fly_project/fly_gsplat/outputs/ctrl_009_033_ratio3_sh0_dense_mid200/ratio3_sh0_dense/f1274/splatfacto/2026-08-20_222225/gaussian_features_f1274_labeled.csv
[density] frame_idx=1275: 窗口内12/73帧缺少T2产出(_marked.csv)，跳过不参与累加: ['f1300', 'f1301', 'f1302', 'f1303', 'f1304', 'f1305', 'f1306', 'f1307', 'f1308', 'f1309', 'f1310', 'f1311']

[f1275] n_total=727 n_kept=645 (88.7%)  n_frames_in_window=61
  body候选体素数(阈值+连通分量后)=128  body候选点数=451(69.9% of kept)
  wing连通性: 碎块点=25  实际改判=25
  confidence=high  (wing_merged强制low; body候选点数<20或>0.9*n_kept强制low; 否则high)
  L/R锚定: wing_A -> wing_R  wing_B -> wing_L
  part_label分布(全部点，含if_keep=False的1-NN传播): body=543  wing_L=74  wing_R=110
  labeled csv -> /home/computer0/fly_project/fly_gsplat/outputs/ctrl_009_033_ratio3_sh0_dense_mid200/ratio3_sh0_dense/f1275/splatfacto/2026-08-20_222225/gaussian_features_f1275_labeled.csv
[density] frame_idx=1276: 窗口内13/73帧缺少T2产出(_marked.csv)，跳过不参与累加: ['f1300', 'f1301', 'f1302', 'f1303', 'f1304', 'f1305', 'f1306', 'f1307', 'f1308', 'f1309', 'f1310', 'f1311', 'f1312']

[f1276] n_total=762 n_kept=673 (88.3%)  n_frames_in_window=60
  body候选体素数(阈值+连通分量后)=124  body候选点数=417(62.0% of kept)
  wing连通性: 碎块点=34  实际改判=34
  confidence=high  (wing_merged强制low; body候选点数<20或>0.9*n_kept强制low; 否则high)
  L/R锚定: wing_A -> wing_R  wing_B -> wing_L
  part_label分布(全部点，含if_keep=False的1-NN传播): body=516  wing_L=113  wing_R=133
  labeled csv -> /home/computer0/fly_project/fly_gsplat/outputs/ctrl_009_033_ratio3_sh0_dense_mid200/ratio3_sh0_dense/f1276/splatfacto/2026-08-20_222226/gaussian_features_f1276_labeled.csv
[density] frame_idx=1277: 窗口内14/73帧缺少T2产出(_marked.csv)，跳过不参与累加: ['f1300', 'f1301', 'f1302', 'f1303', 'f1304', 'f1305', 'f1306', 'f1307', 'f1308', 'f1309', 'f1310', 'f1311', 'f1312', 'f1313']
  [警告][f1277] wing_merged_forced_split: wing候选点的连通分量分析后只有1个显著分量(贴一起无法物理拆分)，强行按x_body×up投影中位数切成两半，强制confidence=low

[f1277] n_total=745 n_kept=663 (89.0%)  n_frames_in_window=59
  body候选体素数(阈值+连通分量后)=124  body候选点数=347(52.3% of kept)
  wing连通性: 碎块点=26  实际改判=26
  confidence=low  (wing_merged强制low; body候选点数<20或>0.9*n_kept强制low; 否则high)
  L/R锚定: wing_A -> wing_R  wing_B -> wing_L
  part_label分布(全部点，含if_keep=False的1-NN传播): body=436  wing_L=157  wing_R=152
  labeled csv -> /home/computer0/fly_project/fly_gsplat/outputs/ctrl_009_033_ratio3_sh0_dense_mid200/ratio3_sh0_dense/f1277/splatfacto/2026-08-20_222227/gaussian_features_f1277_labeled.csv
[density] frame_idx=1278: 窗口内15/73帧缺少T2产出(_marked.csv)，跳过不参与累加: ['f1300', 'f1301', 'f1302', 'f1303', 'f1304', 'f1305', 'f1306', 'f1307', 'f1308', 'f1309', 'f1310', 'f1311', 'f1312', 'f1313', 'f1314']

[f1278] n_total=791 n_kept=673 (85.1%)  n_frames_in_window=58
  body候选体素数(阈值+连通分量后)=120  body候选点数=379(56.3% of kept)
  wing连通性: 碎块点=32  实际改判=32
  confidence=high  (wing_merged强制low; body候选点数<20或>0.9*n_kept强制low; 否则high)
  L/R锚定: wing_A -> wing_R  wing_B -> wing_L
  part_label分布(全部点，含if_keep=False的1-NN传播): body=477  wing_L=157  wing_R=157
  labeled csv -> /home/computer0/fly_project/fly_gsplat/outputs/ctrl_009_033_ratio3_sh0_dense_mid200/ratio3_sh0_dense/f1278/splatfacto/2026-08-20_222225/gaussian_features_f1278_labeled.csv
[density] frame_idx=1279: 窗口内16/73帧缺少T2产出(_marked.csv)，跳过不参与累加: ['f1300', 'f1301', 'f1302', 'f1303', 'f1304', 'f1305', 'f1306', 'f1307', 'f1308', 'f1309', 'f1310', 'f1311', 'f1312', 'f1313', 'f1314', 'f1315']

[f1279] n_total=792 n_kept=697 (88.0%)  n_frames_in_window=57
  body候选体素数(阈值+连通分量后)=120  body候选点数=389(55.8% of kept)
  wing连通性: 碎块点=41  实际改判=41
  confidence=high  (wing_merged强制low; body候选点数<20或>0.9*n_kept强制low; 否则high)
  L/R锚定: wing_A -> wing_L  wing_B -> wing_R
  part_label分布(全部点，含if_keep=False的1-NN传播): body=498  wing_L=158  wing_R=136
  labeled csv -> /home/computer0/fly_project/fly_gsplat/outputs/ctrl_009_033_ratio3_sh0_dense_mid200/ratio3_sh0_dense/f1279/splatfacto/2026-08-20_222226/gaussian_features_f1279_labeled.csv
[density] frame_idx=1280: 窗口内17/73帧缺少T2产出(_marked.csv)，跳过不参与累加: ['f1300', 'f1301', 'f1302', 'f1303', 'f1304', 'f1305', 'f1306', 'f1307', 'f1308', 'f1309', 'f1310', 'f1311', 'f1312', 'f1313', 'f1314', 'f1315', 'f1316']

[f1280] n_total=729 n_kept=655 (89.8%)  n_frames_in_window=56
  body候选体素数(阈值+连通分量后)=120  body候选点数=355(54.2% of kept)
  wing连通性: 碎块点=49  实际改判=49
  confidence=high  (wing_merged强制low; body候选点数<20或>0.9*n_kept强制low; 否则high)
  L/R锚定: wing_A -> wing_L  wing_B -> wing_R
  part_label分布(全部点，含if_keep=False的1-NN传播): body=443  wing_L=166  wing_R=120
  labeled csv -> /home/computer0/fly_project/fly_gsplat/outputs/ctrl_009_033_ratio3_sh0_dense_mid200/ratio3_sh0_dense/f1280/splatfacto/2026-08-20_222417/gaussian_features_f1280_labeled.csv
[density] frame_idx=1281: 窗口内18/73帧缺少T2产出(_marked.csv)，跳过不参与累加: ['f1300', 'f1301', 'f1302', 'f1303', 'f1304', 'f1305', 'f1306', 'f1307', 'f1308', 'f1309', 'f1310', 'f1311', 'f1312', 'f1313', 'f1314', 'f1315', 'f1316', 'f1317']

[f1281] n_total=723 n_kept=643 (88.9%)  n_frames_in_window=55
  body候选体素数(阈值+连通分量后)=118  body候选点数=337(52.4% of kept)
  wing连通性: 碎块点=24  实际改判=24
  confidence=high  (wing_merged强制low; body候选点数<20或>0.9*n_kept强制low; 否则high)
  L/R锚定: wing_A -> wing_R  wing_B -> wing_L
  part_label分布(全部点，含if_keep=False的1-NN传播): body=430  wing_L=141  wing_R=152
  labeled csv -> /home/computer0/fly_project/fly_gsplat/outputs/ctrl_009_033_ratio3_sh0_dense_mid200/ratio3_sh0_dense/f1281/splatfacto/2026-08-20_222419/gaussian_features_f1281_labeled.csv
[density] frame_idx=1282: 窗口内19/73帧缺少T2产出(_marked.csv)，跳过不参与累加: ['f1300', 'f1301', 'f1302', 'f1303', 'f1304', 'f1305', 'f1306', 'f1307', 'f1308', 'f1309', 'f1310', 'f1311', 'f1312', 'f1313', 'f1314', 'f1315', 'f1316', 'f1317', 'f1318']

[f1282] n_total=717 n_kept=623 (86.9%)  n_frames_in_window=54
  body候选体素数(阈值+连通分量后)=115  body候选点数=346(55.5% of kept)
  wing连通性: 碎块点=13  实际改判=13
  confidence=high  (wing_merged强制low; body候选点数<20或>0.9*n_kept强制low; 否则high)
  L/R锚定: wing_A -> wing_R  wing_B -> wing_L
  part_label分布(全部点，含if_keep=False的1-NN传播): body=441  wing_L=120  wing_R=156
  labeled csv -> /home/computer0/fly_project/fly_gsplat/outputs/ctrl_009_033_ratio3_sh0_dense_mid200/ratio3_sh0_dense/f1282/splatfacto/2026-08-20_222419/gaussian_features_f1282_labeled.csv
[density] frame_idx=1283: 窗口内20/73帧缺少T2产出(_marked.csv)，跳过不参与累加: ['f1300', 'f1301', 'f1302', 'f1303', 'f1304', 'f1305', 'f1306', 'f1307', 'f1308', 'f1309', 'f1310', 'f1311', 'f1312', 'f1313', 'f1314', 'f1315', 'f1316', 'f1317', 'f1318', 'f1319']

[f1283] n_total=727 n_kept=636 (87.5%)  n_frames_in_window=53
  body候选体素数(阈值+连通分量后)=112  body候选点数=340(53.5% of kept)
  wing连通性: 碎块点=65  实际改判=65
  confidence=high  (wing_merged强制low; body候选点数<20或>0.9*n_kept强制low; 否则high)
  L/R锚定: wing_A -> wing_R  wing_B -> wing_L
  part_label分布(全部点，含if_keep=False的1-NN传播): body=465  wing_L=115  wing_R=147
  labeled csv -> /home/computer0/fly_project/fly_gsplat/outputs/ctrl_009_033_ratio3_sh0_dense_mid200/ratio3_sh0_dense/f1283/splatfacto/2026-08-20_222418/gaussian_features_f1283_labeled.csv
[density] frame_idx=1284: 窗口内21/73帧缺少T2产出(_marked.csv)，跳过不参与累加: ['f1300', 'f1301', 'f1302', 'f1303', 'f1304', 'f1305', 'f1306', 'f1307', 'f1308', 'f1309', 'f1310', 'f1311', 'f1312', 'f1313', 'f1314', 'f1315', 'f1316', 'f1317', 'f1318', 'f1319', 'f1320']

[f1284] n_total=705 n_kept=624 (88.5%)  n_frames_in_window=52
  body候选体素数(阈值+连通分量后)=110  body候选点数=332(53.2% of kept)
  wing连通性: 碎块点=47  实际改判=47
  confidence=high  (wing_merged强制low; body候选点数<20或>0.9*n_kept强制low; 否则high)
  L/R锚定: wing_A -> wing_R  wing_B -> wing_L
  part_label分布(全部点，含if_keep=False的1-NN传播): body=435  wing_L=135  wing_R=135
  labeled csv -> /home/computer0/fly_project/fly_gsplat/outputs/ctrl_009_033_ratio3_sh0_dense_mid200/ratio3_sh0_dense/f1284/splatfacto/2026-08-20_222419/gaussian_features_f1284_labeled.csv
[density] frame_idx=1285: 窗口内22/73帧缺少T2产出(_marked.csv)，跳过不参与累加: ['f1300', 'f1301', 'f1302', 'f1303', 'f1304', 'f1305', 'f1306', 'f1307', 'f1308', 'f1309', 'f1310', 'f1311', 'f1312', 'f1313', 'f1314', 'f1315', 'f1316', 'f1317', 'f1318', 'f1319', 'f1320', 'f1321']

[f1285] n_total=730 n_kept=637 (87.3%)  n_frames_in_window=51
  body候选体素数(阈值+连通分量后)=108  body候选点数=372(58.4% of kept)
  wing连通性: 碎块点=41  实际改判=41
  confidence=high  (wing_merged强制low; body候选点数<20或>0.9*n_kept强制low; 否则high)
  L/R锚定: wing_A -> wing_L  wing_B -> wing_R
  part_label分布(全部点，含if_keep=False的1-NN传播): body=491  wing_L=121  wing_R=118
  labeled csv -> /home/computer0/fly_project/fly_gsplat/outputs/ctrl_009_033_ratio3_sh0_dense_mid200/ratio3_sh0_dense/f1285/splatfacto/2026-08-20_222420/gaussian_features_f1285_labeled.csv
[density] frame_idx=1286: 窗口内23/73帧缺少T2产出(_marked.csv)，跳过不参与累加: ['f1300', 'f1301', 'f1302', 'f1303', 'f1304', 'f1305', 'f1306', 'f1307', 'f1308', 'f1309', 'f1310', 'f1311', 'f1312', 'f1313', 'f1314', 'f1315', 'f1316', 'f1317', 'f1318', 'f1319', 'f1320', 'f1321', 'f1322']

[f1286] n_total=730 n_kept=638 (87.4%)  n_frames_in_window=50
  body候选体素数(阈值+连通分量后)=106  body候选点数=372(58.3% of kept)
  wing连通性: 碎块点=26  实际改判=26
  confidence=high  (wing_merged强制low; body候选点数<20或>0.9*n_kept强制low; 否则high)
  L/R锚定: wing_A -> wing_R  wing_B -> wing_L
  part_label分布(全部点，含if_keep=False的1-NN传播): body=478  wing_L=118  wing_R=134
  labeled csv -> /home/computer0/fly_project/fly_gsplat/outputs/ctrl_009_033_ratio3_sh0_dense_mid200/ratio3_sh0_dense/f1286/splatfacto/2026-08-20_222420/gaussian_features_f1286_labeled.csv
[density] frame_idx=1287: 窗口内24/73帧缺少T2产出(_marked.csv)，跳过不参与累加: ['f1300', 'f1301', 'f1302', 'f1303', 'f1304', 'f1305', 'f1306', 'f1307', 'f1308', 'f1309', 'f1310', 'f1311', 'f1312', 'f1313', 'f1314', 'f1315', 'f1316', 'f1317', 'f1318', 'f1319', 'f1320', 'f1321', 'f1322', 'f1323']

[f1287] n_total=748 n_kept=639 (85.4%)  n_frames_in_window=49
  body候选体素数(阈值+连通分量后)=101  body候选点数=382(59.8% of kept)
  wing连通性: 碎块点=58  实际改判=58
  confidence=high  (wing_merged强制low; body候选点数<20或>0.9*n_kept强制low; 否则high)
  L/R锚定: wing_A -> wing_L  wing_B -> wing_R
  part_label分布(全部点，含if_keep=False的1-NN传播): body=511  wing_L=131  wing_R=106
  labeled csv -> /home/computer0/fly_project/fly_gsplat/outputs/ctrl_009_033_ratio3_sh0_dense_mid200/ratio3_sh0_dense/f1287/splatfacto/2026-08-20_222421/gaussian_features_f1287_labeled.csv
[density] frame_idx=1288: 窗口内25/73帧缺少T2产出(_marked.csv)，跳过不参与累加: ['f1300', 'f1301', 'f1302', 'f1303', 'f1304', 'f1305', 'f1306', 'f1307', 'f1308', 'f1309', 'f1310', 'f1311', 'f1312', 'f1313', 'f1314', 'f1315', 'f1316', 'f1317', 'f1318', 'f1319', 'f1320', 'f1321', 'f1322', 'f1323', 'f1324']

[f1288] n_total=639 n_kept=548 (85.8%)  n_frames_in_window=48
  body候选体素数(阈值+连通分量后)=99  body候选点数=286(52.2% of kept)
  wing连通性: 碎块点=58  实际改判=58
  confidence=high  (wing_merged强制low; body候选点数<20或>0.9*n_kept强制low; 否则high)
  L/R锚定: wing_A -> wing_R  wing_B -> wing_L
  part_label分布(全部点，含if_keep=False的1-NN传播): body=410  wing_L=123  wing_R=106
  labeled csv -> /home/computer0/fly_project/fly_gsplat/outputs/ctrl_009_033_ratio3_sh0_dense_mid200/ratio3_sh0_dense/f1288/splatfacto/2026-08-20_222420/gaussian_features_f1288_labeled.csv
[density] frame_idx=1289: 窗口内26/73帧缺少T2产出(_marked.csv)，跳过不参与累加: ['f1300', 'f1301', 'f1302', 'f1303', 'f1304', 'f1305', 'f1306', 'f1307', 'f1308', 'f1309', 'f1310', 'f1311', 'f1312', 'f1313', 'f1314', 'f1315', 'f1316', 'f1317', 'f1318', 'f1319', 'f1320', 'f1321', 'f1322', 'f1323', 'f1324', 'f1325']

[f1289] n_total=771 n_kept=659 (85.5%)  n_frames_in_window=47
  body候选体素数(阈值+连通分量后)=96  body候选点数=379(57.5% of kept)
  wing连通性: 碎块点=32  实际改判=32
  confidence=high  (wing_merged强制low; body候选点数<20或>0.9*n_kept强制low; 否则high)
  L/R锚定: wing_A -> wing_L  wing_B -> wing_R
  part_label分布(全部点，含if_keep=False的1-NN传播): body=512  wing_L=135  wing_R=124
  labeled csv -> /home/computer0/fly_project/fly_gsplat/outputs/ctrl_009_033_ratio3_sh0_dense_mid200/ratio3_sh0_dense/f1289/splatfacto/2026-08-20_222422/gaussian_features_f1289_labeled.csv
[density] frame_idx=1290: 窗口内27/73帧缺少T2产出(_marked.csv)，跳过不参与累加: ['f1300', 'f1301', 'f1302', 'f1303', 'f1304', 'f1305', 'f1306', 'f1307', 'f1308', 'f1309', 'f1310', 'f1311', 'f1312', 'f1313', 'f1314', 'f1315', 'f1316', 'f1317', 'f1318', 'f1319', 'f1320', 'f1321', 'f1322', 'f1323', 'f1324', 'f1325', 'f1326']

[f1290] n_total=755 n_kept=661 (87.5%)  n_frames_in_window=46
  body候选体素数(阈值+连通分量后)=94  body候选点数=378(57.2% of kept)
  wing连通性: 碎块点=25  实际改判=25
  confidence=high  (wing_merged强制low; body候选点数<20或>0.9*n_kept强制low; 否则high)
  L/R锚定: wing_A -> wing_L  wing_B -> wing_R
  part_label分布(全部点，含if_keep=False的1-NN传播): body=491  wing_L=148  wing_R=116
  labeled csv -> /home/computer0/fly_project/fly_gsplat/outputs/ctrl_009_033_ratio3_sh0_dense_mid200/ratio3_sh0_dense/f1290/splatfacto/2026-08-20_222421/gaussian_features_f1290_labeled.csv
[density] frame_idx=1291: 窗口内28/73帧缺少T2产出(_marked.csv)，跳过不参与累加: ['f1300', 'f1301', 'f1302', 'f1303', 'f1304', 'f1305', 'f1306', 'f1307', 'f1308', 'f1309', 'f1310', 'f1311', 'f1312', 'f1313', 'f1314', 'f1315', 'f1316', 'f1317', 'f1318', 'f1319', 'f1320', 'f1321', 'f1322', 'f1323', 'f1324', 'f1325', 'f1326', 'f1327']

[f1291] n_total=735 n_kept=622 (84.6%)  n_frames_in_window=45
  body候选体素数(阈值+连通分量后)=94  body候选点数=321(51.6% of kept)
  wing连通性: 碎块点=39  实际改判=39
  confidence=high  (wing_merged强制low; body候选点数<20或>0.9*n_kept强制low; 否则high)
  L/R锚定: wing_A -> wing_L  wing_B -> wing_R
  part_label分布(全部点，含if_keep=False的1-NN传播): body=448  wing_L=154  wing_R=133
  labeled csv -> /home/computer0/fly_project/fly_gsplat/outputs/ctrl_009_033_ratio3_sh0_dense_mid200/ratio3_sh0_dense/f1291/splatfacto/2026-08-20_222422/gaussian_features_f1291_labeled.csv
[density] frame_idx=1292: 窗口内29/73帧缺少T2产出(_marked.csv)，跳过不参与累加: ['f1300', 'f1301', 'f1302', 'f1303', 'f1304', 'f1305', 'f1306', 'f1307', 'f1308', 'f1309', 'f1310', 'f1311', 'f1312', 'f1313', 'f1314', 'f1315', 'f1316', 'f1317', 'f1318', 'f1319', 'f1320', 'f1321', 'f1322', 'f1323', 'f1324', 'f1325', 'f1326', 'f1327', 'f1328']

[f1292] n_total=741 n_kept=641 (86.5%)  n_frames_in_window=44
  body候选体素数(阈值+连通分量后)=93  body候选点数=338(52.7% of kept)
  wing连通性: 碎块点=42  实际改判=42
  confidence=high  (wing_merged强制low; body候选点数<20或>0.9*n_kept强制low; 否则high)
  L/R锚定: wing_A -> wing_L  wing_B -> wing_R
  part_label分布(全部点，含if_keep=False的1-NN传播): body=468  wing_L=153  wing_R=120
  labeled csv -> /home/computer0/fly_project/fly_gsplat/outputs/ctrl_009_033_ratio3_sh0_dense_mid200/ratio3_sh0_dense/f1292/splatfacto/2026-08-20_222612/gaussian_features_f1292_labeled.csv
[density] frame_idx=1293: 窗口内30/73帧缺少T2产出(_marked.csv)，跳过不参与累加: ['f1300', 'f1301', 'f1302', 'f1303', 'f1304', 'f1305', 'f1306', 'f1307', 'f1308', 'f1309', 'f1310', 'f1311', 'f1312', 'f1313', 'f1314', 'f1315', 'f1316', 'f1317', 'f1318', 'f1319', 'f1320', 'f1321', 'f1322', 'f1323', 'f1324', 'f1325', 'f1326', 'f1327', 'f1328', 'f1329']

[f1293] n_total=705 n_kept=641 (90.9%)  n_frames_in_window=43
  body候选体素数(阈值+连通分量后)=90  body候选点数=280(43.7% of kept)
  wing连通性: 碎块点=78  实际改判=78
  confidence=high  (wing_merged强制low; body候选点数<20或>0.9*n_kept强制low; 否则high)
  L/R锚定: wing_A -> wing_L  wing_B -> wing_R
  part_label分布(全部点，含if_keep=False的1-NN传播): body=394  wing_L=172  wing_R=139
  labeled csv -> /home/computer0/fly_project/fly_gsplat/outputs/ctrl_009_033_ratio3_sh0_dense_mid200/ratio3_sh0_dense/f1293/splatfacto/2026-08-20_222611/gaussian_features_f1293_labeled.csv
[density] frame_idx=1294: 窗口内31/73帧缺少T2产出(_marked.csv)，跳过不参与累加: ['f1300', 'f1301', 'f1302', 'f1303', 'f1304', 'f1305', 'f1306', 'f1307', 'f1308', 'f1309', 'f1310', 'f1311', 'f1312', 'f1313', 'f1314', 'f1315', 'f1316', 'f1317', 'f1318', 'f1319', 'f1320', 'f1321', 'f1322', 'f1323', 'f1324', 'f1325', 'f1326', 'f1327', 'f1328', 'f1329', 'f1330']

[f1294] n_total=695 n_kept=594 (85.5%)  n_frames_in_window=42
  body候选体素数(阈值+连通分量后)=85  body候选点数=278(46.8% of kept)
  wing连通性: 碎块点=50  实际改判=50
  confidence=high  (wing_merged强制low; body候选点数<20或>0.9*n_kept强制low; 否则high)
  L/R锚定: wing_A -> wing_L  wing_B -> wing_R
  part_label分布(全部点，含if_keep=False的1-NN传播): body=390  wing_L=155  wing_R=150
  labeled csv -> /home/computer0/fly_project/fly_gsplat/outputs/ctrl_009_033_ratio3_sh0_dense_mid200/ratio3_sh0_dense/f1294/splatfacto/2026-08-20_222613/gaussian_features_f1294_labeled.csv
[density] frame_idx=1295: 窗口内32/73帧缺少T2产出(_marked.csv)，跳过不参与累加: ['f1300', 'f1301', 'f1302', 'f1303', 'f1304', 'f1305', 'f1306', 'f1307', 'f1308', 'f1309', 'f1310', 'f1311', 'f1312', 'f1313', 'f1314', 'f1315', 'f1316', 'f1317', 'f1318', 'f1319', 'f1320', 'f1321', 'f1322', 'f1323', 'f1324', 'f1325', 'f1326', 'f1327', 'f1328', 'f1329', 'f1330', 'f1331']

[f1295] n_total=765 n_kept=657 (85.9%)  n_frames_in_window=41
  body候选体素数(阈值+连通分量后)=82  body候选点数=291(44.3% of kept)
  wing连通性: 碎块点=83  实际改判=83
  confidence=high  (wing_merged强制low; body候选点数<20或>0.9*n_kept强制low; 否则high)
  L/R锚定: wing_A -> wing_R  wing_B -> wing_L
  part_label分布(全部点，含if_keep=False的1-NN传播): body=410  wing_L=152  wing_R=203
  labeled csv -> /home/computer0/fly_project/fly_gsplat/outputs/ctrl_009_033_ratio3_sh0_dense_mid200/ratio3_sh0_dense/f1295/splatfacto/2026-08-20_222613/gaussian_features_f1295_labeled.csv
[density] frame_idx=1296: 窗口内33/73帧缺少T2产出(_marked.csv)，跳过不参与累加: ['f1300', 'f1301', 'f1302', 'f1303', 'f1304', 'f1305', 'f1306', 'f1307', 'f1308', 'f1309', 'f1310', 'f1311', 'f1312', 'f1313', 'f1314', 'f1315', 'f1316', 'f1317', 'f1318', 'f1319', 'f1320', 'f1321', 'f1322', 'f1323', 'f1324', 'f1325', 'f1326', 'f1327', 'f1328', 'f1329', 'f1330', 'f1331', 'f1332']

[f1296] n_total=721 n_kept=639 (88.6%)  n_frames_in_window=40
  body候选体素数(阈值+连通分量后)=81  body候选点数=282(44.1% of kept)
  wing连通性: 碎块点=60  实际改判=60
  confidence=high  (wing_merged强制low; body候选点数<20或>0.9*n_kept强制low; 否则high)
  L/R锚定: wing_A -> wing_R  wing_B -> wing_L
  part_label分布(全部点，含if_keep=False的1-NN传播): body=403  wing_L=152  wing_R=166
  labeled csv -> /home/computer0/fly_project/fly_gsplat/outputs/ctrl_009_033_ratio3_sh0_dense_mid200/ratio3_sh0_dense/f1296/splatfacto/2026-08-20_222613/gaussian_features_f1296_labeled.csv
[density] frame_idx=1297: 窗口内34/73帧缺少T2产出(_marked.csv)，跳过不参与累加: ['f1300', 'f1301', 'f1302', 'f1303', 'f1304', 'f1305', 'f1306', 'f1307', 'f1308', 'f1309', 'f1310', 'f1311', 'f1312', 'f1313', 'f1314', 'f1315', 'f1316', 'f1317', 'f1318', 'f1319', 'f1320', 'f1321', 'f1322', 'f1323', 'f1324', 'f1325', 'f1326', 'f1327', 'f1328', 'f1329', 'f1330', 'f1331', 'f1332', 'f1333']

[f1297] n_total=784 n_kept=656 (83.7%)  n_frames_in_window=39
  body候选体素数(阈值+连通分量后)=75  body候选点数=310(47.3% of kept)
  wing连通性: 碎块点=107  实际改判=107
  confidence=high  (wing_merged强制low; body候选点数<20或>0.9*n_kept强制low; 否则high)
  L/R锚定: wing_A -> wing_R  wing_B -> wing_L
  part_label分布(全部点，含if_keep=False的1-NN传播): body=447  wing_L=157  wing_R=180
  labeled csv -> /home/computer0/fly_project/fly_gsplat/outputs/ctrl_009_033_ratio3_sh0_dense_mid200/ratio3_sh0_dense/f1297/splatfacto/2026-08-20_222614/gaussian_features_f1297_labeled.csv
[density] frame_idx=1298: 窗口内35/73帧缺少T2产出(_marked.csv)，跳过不参与累加: ['f1300', 'f1301', 'f1302', 'f1303', 'f1304', 'f1305', 'f1306', 'f1307', 'f1308', 'f1309', 'f1310', 'f1311', 'f1312', 'f1313', 'f1314', 'f1315', 'f1316', 'f1317', 'f1318', 'f1319', 'f1320', 'f1321', 'f1322', 'f1323', 'f1324', 'f1325', 'f1326', 'f1327', 'f1328', 'f1329', 'f1330', 'f1331', 'f1332', 'f1333', 'f1334']

[f1298] n_total=737 n_kept=656 (89.0%)  n_frames_in_window=38
  body候选体素数(阈值+连通分量后)=71  body候选点数=262(39.9% of kept)
  wing连通性: 碎块点=72  实际改判=72
  confidence=high  (wing_merged强制low; body候选点数<20或>0.9*n_kept强制low; 否则high)
  L/R锚定: wing_A -> wing_R  wing_B -> wing_L
  part_label分布(全部点，含if_keep=False的1-NN传播): body=386  wing_L=152  wing_R=199
  labeled csv -> /home/computer0/fly_project/fly_gsplat/outputs/ctrl_009_033_ratio3_sh0_dense_mid200/ratio3_sh0_dense/f1298/splatfacto/2026-08-20_222613/gaussian_features_f1298_labeled.csv
[density] frame_idx=1299: 窗口内36/73帧缺少T2产出(_marked.csv)，跳过不参与累加: ['f1300', 'f1301', 'f1302', 'f1303', 'f1304', 'f1305', 'f1306', 'f1307', 'f1308', 'f1309', 'f1310', 'f1311', 'f1312', 'f1313', 'f1314', 'f1315', 'f1316', 'f1317', 'f1318', 'f1319', 'f1320', 'f1321', 'f1322', 'f1323', 'f1324', 'f1325', 'f1326', 'f1327', 'f1328', 'f1329', 'f1330', 'f1331', 'f1332', 'f1333', 'f1334', 'f1335']

[f1299] n_total=773 n_kept=675 (87.3%)  n_frames_in_window=37
  body候选体素数(阈值+连通分量后)=66  body候选点数=298(44.1% of kept)
  wing连通性: 碎块点=75  实际改判=75
  confidence=high  (wing_merged强制low; body候选点数<20或>0.9*n_kept强制low; 否则high)
  L/R锚定: wing_A -> wing_R  wing_B -> wing_L
  part_label分布(全部点，含if_keep=False的1-NN传播): body=434  wing_L=165  wing_R=174
  labeled csv -> /home/computer0/fly_project/fly_gsplat/outputs/ctrl_009_033_ratio3_sh0_dense_mid200/ratio3_sh0_dense/f1299/splatfacto/2026-08-20_222614/gaussian_features_f1299_labeled.csv

== T4 kinematics pipeline: /home/computer0/fly_project/fly_gsplat/outputs/ctrl_009_033_ratio3_sh0_dense_mid200/ratio3_sh0_dense ==
[build_sequence] 200 labeled frames under /home/computer0/fly_project/fly_gsplat/outputs/ctrl_009_033_ratio3_sh0_dense_mid200/ratio3_sh0_dense: f1100..f1299
[build_sequence] 0/200 frames failed (n_body_points < 10)
[f_residual_jitter] 复用缓存 /home/computer0/fly_project/fly_gsplat/postprocessing/kinematics/correct_body_axis/diag/f_body_cm.csv
[anchor_detect] angle_dev_deg <= 42.539 deg (quantile=0.25, n_valid=200)
[anchor_detect] wing_span >= 0.00297218 (quantile=0.75, n_valid=200)
[anchor_detect] eigval_ratio < 0.2
  -> /home/computer0/fly_project/fly_gsplat/outputs/ctrl_009_033_ratio3_sh0_dense_mid200/kinematics/kinematics_ratio3_sh0_dense.csv  (200 frame(s))
  status=ok: 200/200
[f1100] csv -> /home/computer0/fly_project/fly_gsplat/outputs/ctrl_009_033_ratio3_sh0_dense_mid200/ratio3_sh0_dense/f1100/splatfacto/2026-08-20_215518/gaussian_features_f1100_labeled.csv
[f1100] reprojection -> /home/computer0/fly_project/fly_gsplat/outputs/ctrl_009_033_ratio3_sh0_dense_mid200/kinematics/reprojection/reproj_f1100.png
[f1150] csv -> /home/computer0/fly_project/fly_gsplat/outputs/ctrl_009_033_ratio3_sh0_dense_mid200/ratio3_sh0_dense/f1150/splatfacto/2026-08-20_220305/gaussian_features_f1150_labeled.csv
[f1150] reprojection -> /home/computer0/fly_project/fly_gsplat/outputs/ctrl_009_033_ratio3_sh0_dense_mid200/kinematics/reprojection/reproj_f1150.png
[f1200] csv -> /home/computer0/fly_project/fly_gsplat/outputs/ctrl_009_033_ratio3_sh0_dense_mid200/ratio3_sh0_dense/f1200/splatfacto/2026-08-20_221047/gaussian_features_f1200_labeled.csv
[f1200] reprojection -> /home/computer0/fly_project/fly_gsplat/outputs/ctrl_009_033_ratio3_sh0_dense_mid200/kinematics/reprojection/reproj_f1200.png
[f1249] csv -> /home/computer0/fly_project/fly_gsplat/outputs/ctrl_009_033_ratio3_sh0_dense_mid200/ratio3_sh0_dense/f1249/splatfacto/2026-08-20_221830/gaussian_features_f1249_labeled.csv
[f1249] reprojection -> /home/computer0/fly_project/fly_gsplat/outputs/ctrl_009_033_ratio3_sh0_dense_mid200/kinematics/reprojection/reproj_f1249.png
[f1299] csv -> /home/computer0/fly_project/fly_gsplat/outputs/ctrl_009_033_ratio3_sh0_dense_mid200/ratio3_sh0_dense/f1299/splatfacto/2026-08-20_222614/gaussian_features_f1299_labeled.csv
[f1299] reprojection -> /home/computer0/fly_project/fly_gsplat/outputs/ctrl_009_033_ratio3_sh0_dense_mid200/kinematics/reprojection/reproj_f1299.png

============================================================
5帧请求汇总: 成功 5  失败 0
  -> /home/computer0/fly_project/fly_gsplat/outputs/ctrl_009_033_ratio3_sh0_dense_mid200/kinematics

============================================================
done: 1/1 ok
