
============================================================
ctrl_009_001_ratio3_sh0_dense_mid200  (raw_data_dir=/home/computer0/fly_project/fly_gsplat/ctrl_009/001)
============================================================
== 未检测到T3标注，从raw splat.ply开始跑T1-T3 ==
  [T1] gaussian_features (跳过已算过的帧) ...
  [T1][f1100] computed -> /home/computer0/fly_project/fly_gsplat/outputs/ctrl_009_001_ratio3_sh0_dense_mid200/ratio3_sh0_dense/f1100/splatfacto/2026-08-20_172357/gaussian_features_f1100.csv
  [T1][f1101] computed -> /home/computer0/fly_project/fly_gsplat/outputs/ctrl_009_001_ratio3_sh0_dense_mid200/ratio3_sh0_dense/f1101/splatfacto/2026-08-20_172355/gaussian_features_f1101.csv
  [T1][f1102] computed -> /home/computer0/fly_project/fly_gsplat/outputs/ctrl_009_001_ratio3_sh0_dense_mid200/ratio3_sh0_dense/f1102/splatfacto/2026-08-20_172356/gaussian_features_f1102.csv
  [T1][f1103] computed -> /home/computer0/fly_project/fly_gsplat/outputs/ctrl_009_001_ratio3_sh0_dense_mid200/ratio3_sh0_dense/f1103/splatfacto/2026-08-20_172357/gaussian_features_f1103.csv
  [T1][f1104] computed -> /home/computer0/fly_project/fly_gsplat/outputs/ctrl_009_001_ratio3_sh0_dense_mid200/ratio3_sh0_dense/f1104/splatfacto/2026-08-20_172357/gaussian_features_f1104.csv
  [T1][f1105] computed -> /home/computer0/fly_project/fly_gsplat/outputs/ctrl_009_001_ratio3_sh0_dense_mid200/ratio3_sh0_dense/f1105/splatfacto/2026-08-20_172356/gaussian_features_f1105.csv
  [T1][f1106] computed -> /home/computer0/fly_project/fly_gsplat/outputs/ctrl_009_001_ratio3_sh0_dense_mid200/ratio3_sh0_dense/f1106/splatfacto/2026-08-20_172357/gaussian_features_f1106.csv
  [T1][f1107] computed -> /home/computer0/fly_project/fly_gsplat/outputs/ctrl_009_001_ratio3_sh0_dense_mid200/ratio3_sh0_dense/f1107/splatfacto/2026-08-20_172356/gaussian_features_f1107.csv
  [T1][f1108] computed -> /home/computer0/fly_project/fly_gsplat/outputs/ctrl_009_001_ratio3_sh0_dense_mid200/ratio3_sh0_dense/f1108/splatfacto/2026-08-20_172356/gaussian_features_f1108.csv
  [T1][f1109] computed -> /home/computer0/fly_project/fly_gsplat/outputs/ctrl_009_001_ratio3_sh0_dense_mid200/ratio3_sh0_dense/f1109/splatfacto/2026-08-20_172357/gaussian_features_f1109.csv
  [T1][f1110] computed -> /home/computer0/fly_project/fly_gsplat/outputs/ctrl_009_001_ratio3_sh0_dense_mid200/ratio3_sh0_dense/f1110/splatfacto/2026-08-20_172357/gaussian_features_f1110.csv
  [T1][f1111] computed -> /home/computer0/fly_project/fly_gsplat/outputs/ctrl_009_001_ratio3_sh0_dense_mid200/ratio3_sh0_dense/f1111/splatfacto/2026-08-20_172356/gaussian_features_f1111.csv
  [T1][f1112] computed -> /home/computer0/fly_project/fly_gsplat/outputs/ctrl_009_001_ratio3_sh0_dense_mid200/ratio3_sh0_dense/f1112/splatfacto/2026-08-20_172622/gaussian_features_f1112.csv
  [T1][f1113] computed -> /home/computer0/fly_project/fly_gsplat/outputs/ctrl_009_001_ratio3_sh0_dense_mid200/ratio3_sh0_dense/f1113/splatfacto/2026-08-20_172622/gaussian_features_f1113.csv
  [T1][f1114] computed -> /home/computer0/fly_project/fly_gsplat/outputs/ctrl_009_001_ratio3_sh0_dense_mid200/ratio3_sh0_dense/f1114/splatfacto/2026-08-20_172623/gaussian_features_f1114.csv
  [T1][f1115] computed -> /home/computer0/fly_project/fly_gsplat/outputs/ctrl_009_001_ratio3_sh0_dense_mid200/ratio3_sh0_dense/f1115/splatfacto/2026-08-20_172622/gaussian_features_f1115.csv
  [T1][f1116] computed -> /home/computer0/fly_project/fly_gsplat/outputs/ctrl_009_001_ratio3_sh0_dense_mid200/ratio3_sh0_dense/f1116/splatfacto/2026-08-20_172622/gaussian_features_f1116.csv
  [T1][f1117] computed -> /home/computer0/fly_project/fly_gsplat/outputs/ctrl_009_001_ratio3_sh0_dense_mid200/ratio3_sh0_dense/f1117/splatfacto/2026-08-20_172622/gaussian_features_f1117.csv
  [T1][f1118] computed -> /home/computer0/fly_project/fly_gsplat/outputs/ctrl_009_001_ratio3_sh0_dense_mid200/ratio3_sh0_dense/f1118/splatfacto/2026-08-20_172622/gaussian_features_f1118.csv
  [T1][f1119] computed -> /home/computer0/fly_project/fly_gsplat/outputs/ctrl_009_001_ratio3_sh0_dense_mid200/ratio3_sh0_dense/f1119/splatfacto/2026-08-20_172622/gaussian_features_f1119.csv
  [T1][f1120] computed -> /home/computer0/fly_project/fly_gsplat/outputs/ctrl_009_001_ratio3_sh0_dense_mid200/ratio3_sh0_dense/f1120/splatfacto/2026-08-20_172622/gaussian_features_f1120.csv
  [T1][f1121] computed -> /home/computer0/fly_project/fly_gsplat/outputs/ctrl_009_001_ratio3_sh0_dense_mid200/ratio3_sh0_dense/f1121/splatfacto/2026-08-20_172622/gaussian_features_f1121.csv
  [T1][f1122] computed -> /home/computer0/fly_project/fly_gsplat/outputs/ctrl_009_001_ratio3_sh0_dense_mid200/ratio3_sh0_dense/f1122/splatfacto/2026-08-20_172622/gaussian_features_f1122.csv
  [T1][f1123] computed -> /home/computer0/fly_project/fly_gsplat/outputs/ctrl_009_001_ratio3_sh0_dense_mid200/ratio3_sh0_dense/f1123/splatfacto/2026-08-20_172622/gaussian_features_f1123.csv
  [T1][f1124] computed -> /home/computer0/fly_project/fly_gsplat/outputs/ctrl_009_001_ratio3_sh0_dense_mid200/ratio3_sh0_dense/f1124/splatfacto/2026-08-20_172834/gaussian_features_f1124.csv
  [T1][f1125] computed -> /home/computer0/fly_project/fly_gsplat/outputs/ctrl_009_001_ratio3_sh0_dense_mid200/ratio3_sh0_dense/f1125/splatfacto/2026-08-20_172835/gaussian_features_f1125.csv
  [T1][f1126] computed -> /home/computer0/fly_project/fly_gsplat/outputs/ctrl_009_001_ratio3_sh0_dense_mid200/ratio3_sh0_dense/f1126/splatfacto/2026-08-20_172835/gaussian_features_f1126.csv
  [T1][f1127] computed -> /home/computer0/fly_project/fly_gsplat/outputs/ctrl_009_001_ratio3_sh0_dense_mid200/ratio3_sh0_dense/f1127/splatfacto/2026-08-20_172834/gaussian_features_f1127.csv
  [T1][f1128] computed -> /home/computer0/fly_project/fly_gsplat/outputs/ctrl_009_001_ratio3_sh0_dense_mid200/ratio3_sh0_dense/f1128/splatfacto/2026-08-20_172835/gaussian_features_f1128.csv
  [T1][f1129] computed -> /home/computer0/fly_project/fly_gsplat/outputs/ctrl_009_001_ratio3_sh0_dense_mid200/ratio3_sh0_dense/f1129/splatfacto/2026-08-20_172835/gaussian_features_f1129.csv
  [T1][f1130] computed -> /home/computer0/fly_project/fly_gsplat/outputs/ctrl_009_001_ratio3_sh0_dense_mid200/ratio3_sh0_dense/f1130/splatfacto/2026-08-20_172836/gaussian_features_f1130.csv
  [T1][f1131] computed -> /home/computer0/fly_project/fly_gsplat/outputs/ctrl_009_001_ratio3_sh0_dense_mid200/ratio3_sh0_dense/f1131/splatfacto/2026-08-20_172835/gaussian_features_f1131.csv
  [T1][f1132] computed -> /home/computer0/fly_project/fly_gsplat/outputs/ctrl_009_001_ratio3_sh0_dense_mid200/ratio3_sh0_dense/f1132/splatfacto/2026-08-20_172835/gaussian_features_f1132.csv
  [T1][f1133] computed -> /home/computer0/fly_project/fly_gsplat/outputs/ctrl_009_001_ratio3_sh0_dense_mid200/ratio3_sh0_dense/f1133/splatfacto/2026-08-20_172836/gaussian_features_f1133.csv
  [T1][f1134] computed -> /home/computer0/fly_project/fly_gsplat/outputs/ctrl_009_001_ratio3_sh0_dense_mid200/ratio3_sh0_dense/f1134/splatfacto/2026-08-20_172836/gaussian_features_f1134.csv
  [T1][f1135] computed -> /home/computer0/fly_project/fly_gsplat/outputs/ctrl_009_001_ratio3_sh0_dense_mid200/ratio3_sh0_dense/f1135/splatfacto/2026-08-20_172836/gaussian_features_f1135.csv
  [T1][f1136] computed -> /home/computer0/fly_project/fly_gsplat/outputs/ctrl_009_001_ratio3_sh0_dense_mid200/ratio3_sh0_dense/f1136/splatfacto/2026-08-20_173045/gaussian_features_f1136.csv
  [T1][f1137] computed -> /home/computer0/fly_project/fly_gsplat/outputs/ctrl_009_001_ratio3_sh0_dense_mid200/ratio3_sh0_dense/f1137/splatfacto/2026-08-20_173046/gaussian_features_f1137.csv
  [T1][f1138] computed -> /home/computer0/fly_project/fly_gsplat/outputs/ctrl_009_001_ratio3_sh0_dense_mid200/ratio3_sh0_dense/f1138/splatfacto/2026-08-20_173046/gaussian_features_f1138.csv
  [T1][f1139] computed -> /home/computer0/fly_project/fly_gsplat/outputs/ctrl_009_001_ratio3_sh0_dense_mid200/ratio3_sh0_dense/f1139/splatfacto/2026-08-20_173045/gaussian_features_f1139.csv
  [T1][f1140] computed -> /home/computer0/fly_project/fly_gsplat/outputs/ctrl_009_001_ratio3_sh0_dense_mid200/ratio3_sh0_dense/f1140/splatfacto/2026-08-20_173045/gaussian_features_f1140.csv
  [T1][f1141] computed -> /home/computer0/fly_project/fly_gsplat/outputs/ctrl_009_001_ratio3_sh0_dense_mid200/ratio3_sh0_dense/f1141/splatfacto/2026-08-20_173046/gaussian_features_f1141.csv
  [T1][f1142] computed -> /home/computer0/fly_project/fly_gsplat/outputs/ctrl_009_001_ratio3_sh0_dense_mid200/ratio3_sh0_dense/f1142/splatfacto/2026-08-20_173046/gaussian_features_f1142.csv
  [T1][f1143] computed -> /home/computer0/fly_project/fly_gsplat/outputs/ctrl_009_001_ratio3_sh0_dense_mid200/ratio3_sh0_dense/f1143/splatfacto/2026-08-20_173046/gaussian_features_f1143.csv
  [T1][f1144] computed -> /home/computer0/fly_project/fly_gsplat/outputs/ctrl_009_001_ratio3_sh0_dense_mid200/ratio3_sh0_dense/f1144/splatfacto/2026-08-20_173047/gaussian_features_f1144.csv
  [T1][f1145] computed -> /home/computer0/fly_project/fly_gsplat/outputs/ctrl_009_001_ratio3_sh0_dense_mid200/ratio3_sh0_dense/f1145/splatfacto/2026-08-20_173048/gaussian_features_f1145.csv
  [T1][f1146] computed -> /home/computer0/fly_project/fly_gsplat/outputs/ctrl_009_001_ratio3_sh0_dense_mid200/ratio3_sh0_dense/f1146/splatfacto/2026-08-20_173047/gaussian_features_f1146.csv
  [T1][f1147] computed -> /home/computer0/fly_project/fly_gsplat/outputs/ctrl_009_001_ratio3_sh0_dense_mid200/ratio3_sh0_dense/f1147/splatfacto/2026-08-20_173047/gaussian_features_f1147.csv
  [T1][f1148] computed -> /home/computer0/fly_project/fly_gsplat/outputs/ctrl_009_001_ratio3_sh0_dense_mid200/ratio3_sh0_dense/f1148/splatfacto/2026-08-20_173256/gaussian_features_f1148.csv
  [T1][f1149] computed -> /home/computer0/fly_project/fly_gsplat/outputs/ctrl_009_001_ratio3_sh0_dense_mid200/ratio3_sh0_dense/f1149/splatfacto/2026-08-20_173257/gaussian_features_f1149.csv
  [T1][f1150] computed -> /home/computer0/fly_project/fly_gsplat/outputs/ctrl_009_001_ratio3_sh0_dense_mid200/ratio3_sh0_dense/f1150/splatfacto/2026-08-20_173257/gaussian_features_f1150.csv
  [T1][f1151] computed -> /home/computer0/fly_project/fly_gsplat/outputs/ctrl_009_001_ratio3_sh0_dense_mid200/ratio3_sh0_dense/f1151/splatfacto/2026-08-20_173256/gaussian_features_f1151.csv
  [T1][f1152] computed -> /home/computer0/fly_project/fly_gsplat/outputs/ctrl_009_001_ratio3_sh0_dense_mid200/ratio3_sh0_dense/f1152/splatfacto/2026-08-20_173256/gaussian_features_f1152.csv
  [T1][f1153] computed -> /home/computer0/fly_project/fly_gsplat/outputs/ctrl_009_001_ratio3_sh0_dense_mid200/ratio3_sh0_dense/f1153/splatfacto/2026-08-20_173256/gaussian_features_f1153.csv
  [T1][f1154] computed -> /home/computer0/fly_project/fly_gsplat/outputs/ctrl_009_001_ratio3_sh0_dense_mid200/ratio3_sh0_dense/f1154/splatfacto/2026-08-20_173257/gaussian_features_f1154.csv
  [T1][f1155] computed -> /home/computer0/fly_project/fly_gsplat/outputs/ctrl_009_001_ratio3_sh0_dense_mid200/ratio3_sh0_dense/f1155/splatfacto/2026-08-20_173257/gaussian_features_f1155.csv
  [T1][f1156] computed -> /home/computer0/fly_project/fly_gsplat/outputs/ctrl_009_001_ratio3_sh0_dense_mid200/ratio3_sh0_dense/f1156/splatfacto/2026-08-20_173257/gaussian_features_f1156.csv
  [T1][f1157] computed -> /home/computer0/fly_project/fly_gsplat/outputs/ctrl_009_001_ratio3_sh0_dense_mid200/ratio3_sh0_dense/f1157/splatfacto/2026-08-20_173257/gaussian_features_f1157.csv
  [T1][f1158] computed -> /home/computer0/fly_project/fly_gsplat/outputs/ctrl_009_001_ratio3_sh0_dense_mid200/ratio3_sh0_dense/f1158/splatfacto/2026-08-20_173258/gaussian_features_f1158.csv
  [T1][f1159] computed -> /home/computer0/fly_project/fly_gsplat/outputs/ctrl_009_001_ratio3_sh0_dense_mid200/ratio3_sh0_dense/f1159/splatfacto/2026-08-20_173258/gaussian_features_f1159.csv
  [T1][f1160] computed -> /home/computer0/fly_project/fly_gsplat/outputs/ctrl_009_001_ratio3_sh0_dense_mid200/ratio3_sh0_dense/f1160/splatfacto/2026-08-20_173510/gaussian_features_f1160.csv
  [T1][f1161] computed -> /home/computer0/fly_project/fly_gsplat/outputs/ctrl_009_001_ratio3_sh0_dense_mid200/ratio3_sh0_dense/f1161/splatfacto/2026-08-20_173510/gaussian_features_f1161.csv
  [T1][f1162] computed -> /home/computer0/fly_project/fly_gsplat/outputs/ctrl_009_001_ratio3_sh0_dense_mid200/ratio3_sh0_dense/f1162/splatfacto/2026-08-20_173510/gaussian_features_f1162.csv
  [T1][f1163] computed -> /home/computer0/fly_project/fly_gsplat/outputs/ctrl_009_001_ratio3_sh0_dense_mid200/ratio3_sh0_dense/f1163/splatfacto/2026-08-20_173510/gaussian_features_f1163.csv
  [T1][f1164] computed -> /home/computer0/fly_project/fly_gsplat/outputs/ctrl_009_001_ratio3_sh0_dense_mid200/ratio3_sh0_dense/f1164/splatfacto/2026-08-20_173510/gaussian_features_f1164.csv
  [T1][f1165] computed -> /home/computer0/fly_project/fly_gsplat/outputs/ctrl_009_001_ratio3_sh0_dense_mid200/ratio3_sh0_dense/f1165/splatfacto/2026-08-20_173511/gaussian_features_f1165.csv
  [T1][f1166] computed -> /home/computer0/fly_project/fly_gsplat/outputs/ctrl_009_001_ratio3_sh0_dense_mid200/ratio3_sh0_dense/f1166/splatfacto/2026-08-20_173510/gaussian_features_f1166.csv
  [T1][f1167] computed -> /home/computer0/fly_project/fly_gsplat/outputs/ctrl_009_001_ratio3_sh0_dense_mid200/ratio3_sh0_dense/f1167/splatfacto/2026-08-20_173510/gaussian_features_f1167.csv
  [T1][f1168] computed -> /home/computer0/fly_project/fly_gsplat/outputs/ctrl_009_001_ratio3_sh0_dense_mid200/ratio3_sh0_dense/f1168/splatfacto/2026-08-20_173511/gaussian_features_f1168.csv
  [T1][f1169] computed -> /home/computer0/fly_project/fly_gsplat/outputs/ctrl_009_001_ratio3_sh0_dense_mid200/ratio3_sh0_dense/f1169/splatfacto/2026-08-20_173510/gaussian_features_f1169.csv
  [T1][f1170] computed -> /home/computer0/fly_project/fly_gsplat/outputs/ctrl_009_001_ratio3_sh0_dense_mid200/ratio3_sh0_dense/f1170/splatfacto/2026-08-20_173511/gaussian_features_f1170.csv
  [T1][f1171] computed -> /home/computer0/fly_project/fly_gsplat/outputs/ctrl_009_001_ratio3_sh0_dense_mid200/ratio3_sh0_dense/f1171/splatfacto/2026-08-20_173511/gaussian_features_f1171.csv
  [T1][f1172] computed -> /home/computer0/fly_project/fly_gsplat/outputs/ctrl_009_001_ratio3_sh0_dense_mid200/ratio3_sh0_dense/f1172/splatfacto/2026-08-20_173719/gaussian_features_f1172.csv
  [T1][f1173] computed -> /home/computer0/fly_project/fly_gsplat/outputs/ctrl_009_001_ratio3_sh0_dense_mid200/ratio3_sh0_dense/f1173/splatfacto/2026-08-20_173719/gaussian_features_f1173.csv
  [T1][f1174] computed -> /home/computer0/fly_project/fly_gsplat/outputs/ctrl_009_001_ratio3_sh0_dense_mid200/ratio3_sh0_dense/f1174/splatfacto/2026-08-20_173720/gaussian_features_f1174.csv
  [T1][f1175] computed -> /home/computer0/fly_project/fly_gsplat/outputs/ctrl_009_001_ratio3_sh0_dense_mid200/ratio3_sh0_dense/f1175/splatfacto/2026-08-20_173720/gaussian_features_f1175.csv
  [T1][f1176] computed -> /home/computer0/fly_project/fly_gsplat/outputs/ctrl_009_001_ratio3_sh0_dense_mid200/ratio3_sh0_dense/f1176/splatfacto/2026-08-20_173720/gaussian_features_f1176.csv
  [T1][f1177] computed -> /home/computer0/fly_project/fly_gsplat/outputs/ctrl_009_001_ratio3_sh0_dense_mid200/ratio3_sh0_dense/f1177/splatfacto/2026-08-20_173720/gaussian_features_f1177.csv
  [T1][f1178] computed -> /home/computer0/fly_project/fly_gsplat/outputs/ctrl_009_001_ratio3_sh0_dense_mid200/ratio3_sh0_dense/f1178/splatfacto/2026-08-20_173722/gaussian_features_f1178.csv
  [T1][f1179] computed -> /home/computer0/fly_project/fly_gsplat/outputs/ctrl_009_001_ratio3_sh0_dense_mid200/ratio3_sh0_dense/f1179/splatfacto/2026-08-20_173722/gaussian_features_f1179.csv
  [T1][f1180] computed -> /home/computer0/fly_project/fly_gsplat/outputs/ctrl_009_001_ratio3_sh0_dense_mid200/ratio3_sh0_dense/f1180/splatfacto/2026-08-20_173721/gaussian_features_f1180.csv
  [T1][f1181] computed -> /home/computer0/fly_project/fly_gsplat/outputs/ctrl_009_001_ratio3_sh0_dense_mid200/ratio3_sh0_dense/f1181/splatfacto/2026-08-20_173722/gaussian_features_f1181.csv
  [T1][f1182] computed -> /home/computer0/fly_project/fly_gsplat/outputs/ctrl_009_001_ratio3_sh0_dense_mid200/ratio3_sh0_dense/f1182/splatfacto/2026-08-20_173725/gaussian_features_f1182.csv
  [T1][f1183] computed -> /home/computer0/fly_project/fly_gsplat/outputs/ctrl_009_001_ratio3_sh0_dense_mid200/ratio3_sh0_dense/f1183/splatfacto/2026-08-20_173726/gaussian_features_f1183.csv
  [T1][f1184] computed -> /home/computer0/fly_project/fly_gsplat/outputs/ctrl_009_001_ratio3_sh0_dense_mid200/ratio3_sh0_dense/f1184/splatfacto/2026-08-20_173931/gaussian_features_f1184.csv
  [T1][f1185] computed -> /home/computer0/fly_project/fly_gsplat/outputs/ctrl_009_001_ratio3_sh0_dense_mid200/ratio3_sh0_dense/f1185/splatfacto/2026-08-20_173931/gaussian_features_f1185.csv
  [T1][f1186] computed -> /home/computer0/fly_project/fly_gsplat/outputs/ctrl_009_001_ratio3_sh0_dense_mid200/ratio3_sh0_dense/f1186/splatfacto/2026-08-20_173932/gaussian_features_f1186.csv
  [T1][f1187] computed -> /home/computer0/fly_project/fly_gsplat/outputs/ctrl_009_001_ratio3_sh0_dense_mid200/ratio3_sh0_dense/f1187/splatfacto/2026-08-20_173932/gaussian_features_f1187.csv
  [T1][f1188] computed -> /home/computer0/fly_project/fly_gsplat/outputs/ctrl_009_001_ratio3_sh0_dense_mid200/ratio3_sh0_dense/f1188/splatfacto/2026-08-20_173933/gaussian_features_f1188.csv
  [T1][f1189] computed -> /home/computer0/fly_project/fly_gsplat/outputs/ctrl_009_001_ratio3_sh0_dense_mid200/ratio3_sh0_dense/f1189/splatfacto/2026-08-20_173933/gaussian_features_f1189.csv
  [T1][f1190] computed -> /home/computer0/fly_project/fly_gsplat/outputs/ctrl_009_001_ratio3_sh0_dense_mid200/ratio3_sh0_dense/f1190/splatfacto/2026-08-20_173933/gaussian_features_f1190.csv
  [T1][f1191] computed -> /home/computer0/fly_project/fly_gsplat/outputs/ctrl_009_001_ratio3_sh0_dense_mid200/ratio3_sh0_dense/f1191/splatfacto/2026-08-20_173934/gaussian_features_f1191.csv
  [T1][f1192] computed -> /home/computer0/fly_project/fly_gsplat/outputs/ctrl_009_001_ratio3_sh0_dense_mid200/ratio3_sh0_dense/f1192/splatfacto/2026-08-20_173933/gaussian_features_f1192.csv
  [T1][f1193] computed -> /home/computer0/fly_project/fly_gsplat/outputs/ctrl_009_001_ratio3_sh0_dense_mid200/ratio3_sh0_dense/f1193/splatfacto/2026-08-20_173935/gaussian_features_f1193.csv
  [T1][f1194] computed -> /home/computer0/fly_project/fly_gsplat/outputs/ctrl_009_001_ratio3_sh0_dense_mid200/ratio3_sh0_dense/f1194/splatfacto/2026-08-20_173936/gaussian_features_f1194.csv
  [T1][f1195] computed -> /home/computer0/fly_project/fly_gsplat/outputs/ctrl_009_001_ratio3_sh0_dense_mid200/ratio3_sh0_dense/f1195/splatfacto/2026-08-20_173935/gaussian_features_f1195.csv
  [T1][f1196] computed -> /home/computer0/fly_project/fly_gsplat/outputs/ctrl_009_001_ratio3_sh0_dense_mid200/ratio3_sh0_dense/f1196/splatfacto/2026-08-20_174142/gaussian_features_f1196.csv
  [T1][f1197] computed -> /home/computer0/fly_project/fly_gsplat/outputs/ctrl_009_001_ratio3_sh0_dense_mid200/ratio3_sh0_dense/f1197/splatfacto/2026-08-20_174143/gaussian_features_f1197.csv
  [T1][f1198] computed -> /home/computer0/fly_project/fly_gsplat/outputs/ctrl_009_001_ratio3_sh0_dense_mid200/ratio3_sh0_dense/f1198/splatfacto/2026-08-20_174143/gaussian_features_f1198.csv
  [T1][f1199] computed -> /home/computer0/fly_project/fly_gsplat/outputs/ctrl_009_001_ratio3_sh0_dense_mid200/ratio3_sh0_dense/f1199/splatfacto/2026-08-20_174143/gaussian_features_f1199.csv
  [T1][f1200] computed -> /home/computer0/fly_project/fly_gsplat/outputs/ctrl_009_001_ratio3_sh0_dense_mid200/ratio3_sh0_dense/f1200/splatfacto/2026-08-20_174144/gaussian_features_f1200.csv
  [T1][f1201] computed -> /home/computer0/fly_project/fly_gsplat/outputs/ctrl_009_001_ratio3_sh0_dense_mid200/ratio3_sh0_dense/f1201/splatfacto/2026-08-20_174144/gaussian_features_f1201.csv
  [T1][f1202] computed -> /home/computer0/fly_project/fly_gsplat/outputs/ctrl_009_001_ratio3_sh0_dense_mid200/ratio3_sh0_dense/f1202/splatfacto/2026-08-20_174144/gaussian_features_f1202.csv
  [T1][f1203] computed -> /home/computer0/fly_project/fly_gsplat/outputs/ctrl_009_001_ratio3_sh0_dense_mid200/ratio3_sh0_dense/f1203/splatfacto/2026-08-20_174144/gaussian_features_f1203.csv
  [T1][f1204] computed -> /home/computer0/fly_project/fly_gsplat/outputs/ctrl_009_001_ratio3_sh0_dense_mid200/ratio3_sh0_dense/f1204/splatfacto/2026-08-20_174146/gaussian_features_f1204.csv
  [T1][f1205] computed -> /home/computer0/fly_project/fly_gsplat/outputs/ctrl_009_001_ratio3_sh0_dense_mid200/ratio3_sh0_dense/f1205/splatfacto/2026-08-20_174146/gaussian_features_f1205.csv
  [T1][f1206] computed -> /home/computer0/fly_project/fly_gsplat/outputs/ctrl_009_001_ratio3_sh0_dense_mid200/ratio3_sh0_dense/f1206/splatfacto/2026-08-20_174146/gaussian_features_f1206.csv
  [T1][f1207] computed -> /home/computer0/fly_project/fly_gsplat/outputs/ctrl_009_001_ratio3_sh0_dense_mid200/ratio3_sh0_dense/f1207/splatfacto/2026-08-20_174147/gaussian_features_f1207.csv
  [T1][f1208] computed -> /home/computer0/fly_project/fly_gsplat/outputs/ctrl_009_001_ratio3_sh0_dense_mid200/ratio3_sh0_dense/f1208/splatfacto/2026-08-20_174354/gaussian_features_f1208.csv
  [T1][f1209] computed -> /home/computer0/fly_project/fly_gsplat/outputs/ctrl_009_001_ratio3_sh0_dense_mid200/ratio3_sh0_dense/f1209/splatfacto/2026-08-20_174355/gaussian_features_f1209.csv
  [T1][f1210] computed -> /home/computer0/fly_project/fly_gsplat/outputs/ctrl_009_001_ratio3_sh0_dense_mid200/ratio3_sh0_dense/f1210/splatfacto/2026-08-20_174356/gaussian_features_f1210.csv
  [T1][f1211] computed -> /home/computer0/fly_project/fly_gsplat/outputs/ctrl_009_001_ratio3_sh0_dense_mid200/ratio3_sh0_dense/f1211/splatfacto/2026-08-20_174356/gaussian_features_f1211.csv
  [T1][f1212] computed -> /home/computer0/fly_project/fly_gsplat/outputs/ctrl_009_001_ratio3_sh0_dense_mid200/ratio3_sh0_dense/f1212/splatfacto/2026-08-20_174356/gaussian_features_f1212.csv
  [T1][f1213] computed -> /home/computer0/fly_project/fly_gsplat/outputs/ctrl_009_001_ratio3_sh0_dense_mid200/ratio3_sh0_dense/f1213/splatfacto/2026-08-20_174357/gaussian_features_f1213.csv
  [T1][f1214] computed -> /home/computer0/fly_project/fly_gsplat/outputs/ctrl_009_001_ratio3_sh0_dense_mid200/ratio3_sh0_dense/f1214/splatfacto/2026-08-20_174357/gaussian_features_f1214.csv
  [T1][f1215] computed -> /home/computer0/fly_project/fly_gsplat/outputs/ctrl_009_001_ratio3_sh0_dense_mid200/ratio3_sh0_dense/f1215/splatfacto/2026-08-20_174358/gaussian_features_f1215.csv
  [T1][f1216] computed -> /home/computer0/fly_project/fly_gsplat/outputs/ctrl_009_001_ratio3_sh0_dense_mid200/ratio3_sh0_dense/f1216/splatfacto/2026-08-20_174358/gaussian_features_f1216.csv
  [T1][f1217] computed -> /home/computer0/fly_project/fly_gsplat/outputs/ctrl_009_001_ratio3_sh0_dense_mid200/ratio3_sh0_dense/f1217/splatfacto/2026-08-20_174400/gaussian_features_f1217.csv
  [T1][f1218] computed -> /home/computer0/fly_project/fly_gsplat/outputs/ctrl_009_001_ratio3_sh0_dense_mid200/ratio3_sh0_dense/f1218/splatfacto/2026-08-20_174359/gaussian_features_f1218.csv
  [T1][f1219] computed -> /home/computer0/fly_project/fly_gsplat/outputs/ctrl_009_001_ratio3_sh0_dense_mid200/ratio3_sh0_dense/f1219/splatfacto/2026-08-20_174400/gaussian_features_f1219.csv
  [T1][f1220] computed -> /home/computer0/fly_project/fly_gsplat/outputs/ctrl_009_001_ratio3_sh0_dense_mid200/ratio3_sh0_dense/f1220/splatfacto/2026-08-20_174610/gaussian_features_f1220.csv
  [T1][f1221] computed -> /home/computer0/fly_project/fly_gsplat/outputs/ctrl_009_001_ratio3_sh0_dense_mid200/ratio3_sh0_dense/f1221/splatfacto/2026-08-20_174610/gaussian_features_f1221.csv
  [T1][f1222] computed -> /home/computer0/fly_project/fly_gsplat/outputs/ctrl_009_001_ratio3_sh0_dense_mid200/ratio3_sh0_dense/f1222/splatfacto/2026-08-20_174611/gaussian_features_f1222.csv
  [T1][f1223] computed -> /home/computer0/fly_project/fly_gsplat/outputs/ctrl_009_001_ratio3_sh0_dense_mid200/ratio3_sh0_dense/f1223/splatfacto/2026-08-20_174610/gaussian_features_f1223.csv
  [T1][f1224] computed -> /home/computer0/fly_project/fly_gsplat/outputs/ctrl_009_001_ratio3_sh0_dense_mid200/ratio3_sh0_dense/f1224/splatfacto/2026-08-20_174611/gaussian_features_f1224.csv
  [T1][f1225] computed -> /home/computer0/fly_project/fly_gsplat/outputs/ctrl_009_001_ratio3_sh0_dense_mid200/ratio3_sh0_dense/f1225/splatfacto/2026-08-20_174612/gaussian_features_f1225.csv
  [T1][f1226] computed -> /home/computer0/fly_project/fly_gsplat/outputs/ctrl_009_001_ratio3_sh0_dense_mid200/ratio3_sh0_dense/f1226/splatfacto/2026-08-20_174611/gaussian_features_f1226.csv
  [T1][f1227] computed -> /home/computer0/fly_project/fly_gsplat/outputs/ctrl_009_001_ratio3_sh0_dense_mid200/ratio3_sh0_dense/f1227/splatfacto/2026-08-20_174611/gaussian_features_f1227.csv
  [T1][f1228] computed -> /home/computer0/fly_project/fly_gsplat/outputs/ctrl_009_001_ratio3_sh0_dense_mid200/ratio3_sh0_dense/f1228/splatfacto/2026-08-20_174612/gaussian_features_f1228.csv
  [T1][f1229] computed -> /home/computer0/fly_project/fly_gsplat/outputs/ctrl_009_001_ratio3_sh0_dense_mid200/ratio3_sh0_dense/f1229/splatfacto/2026-08-20_174612/gaussian_features_f1229.csv
  [T1][f1230] computed -> /home/computer0/fly_project/fly_gsplat/outputs/ctrl_009_001_ratio3_sh0_dense_mid200/ratio3_sh0_dense/f1230/splatfacto/2026-08-20_174613/gaussian_features_f1230.csv
  [T1][f1231] computed -> /home/computer0/fly_project/fly_gsplat/outputs/ctrl_009_001_ratio3_sh0_dense_mid200/ratio3_sh0_dense/f1231/splatfacto/2026-08-20_174614/gaussian_features_f1231.csv
  [T1][f1232] computed -> /home/computer0/fly_project/fly_gsplat/outputs/ctrl_009_001_ratio3_sh0_dense_mid200/ratio3_sh0_dense/f1232/splatfacto/2026-08-20_174822/gaussian_features_f1232.csv
  [T1][f1233] computed -> /home/computer0/fly_project/fly_gsplat/outputs/ctrl_009_001_ratio3_sh0_dense_mid200/ratio3_sh0_dense/f1233/splatfacto/2026-08-20_174825/gaussian_features_f1233.csv
  [T1][f1234] computed -> /home/computer0/fly_project/fly_gsplat/outputs/ctrl_009_001_ratio3_sh0_dense_mid200/ratio3_sh0_dense/f1234/splatfacto/2026-08-20_174825/gaussian_features_f1234.csv
  [T1][f1235] computed -> /home/computer0/fly_project/fly_gsplat/outputs/ctrl_009_001_ratio3_sh0_dense_mid200/ratio3_sh0_dense/f1235/splatfacto/2026-08-20_174825/gaussian_features_f1235.csv
  [T1][f1236] computed -> /home/computer0/fly_project/fly_gsplat/outputs/ctrl_009_001_ratio3_sh0_dense_mid200/ratio3_sh0_dense/f1236/splatfacto/2026-08-20_174825/gaussian_features_f1236.csv
  [T1][f1237] computed -> /home/computer0/fly_project/fly_gsplat/outputs/ctrl_009_001_ratio3_sh0_dense_mid200/ratio3_sh0_dense/f1237/splatfacto/2026-08-20_174825/gaussian_features_f1237.csv
  [T1][f1238] computed -> /home/computer0/fly_project/fly_gsplat/outputs/ctrl_009_001_ratio3_sh0_dense_mid200/ratio3_sh0_dense/f1238/splatfacto/2026-08-20_174824/gaussian_features_f1238.csv
  [T1][f1239] computed -> /home/computer0/fly_project/fly_gsplat/outputs/ctrl_009_001_ratio3_sh0_dense_mid200/ratio3_sh0_dense/f1239/splatfacto/2026-08-20_174825/gaussian_features_f1239.csv
  [T1][f1240] computed -> /home/computer0/fly_project/fly_gsplat/outputs/ctrl_009_001_ratio3_sh0_dense_mid200/ratio3_sh0_dense/f1240/splatfacto/2026-08-20_174825/gaussian_features_f1240.csv
  [T1][f1241] computed -> /home/computer0/fly_project/fly_gsplat/outputs/ctrl_009_001_ratio3_sh0_dense_mid200/ratio3_sh0_dense/f1241/splatfacto/2026-08-20_174826/gaussian_features_f1241.csv
  [T1][f1242] computed -> /home/computer0/fly_project/fly_gsplat/outputs/ctrl_009_001_ratio3_sh0_dense_mid200/ratio3_sh0_dense/f1242/splatfacto/2026-08-20_174826/gaussian_features_f1242.csv
  [T1][f1243] computed -> /home/computer0/fly_project/fly_gsplat/outputs/ctrl_009_001_ratio3_sh0_dense_mid200/ratio3_sh0_dense/f1243/splatfacto/2026-08-20_174827/gaussian_features_f1243.csv
  [T1][f1244] computed -> /home/computer0/fly_project/fly_gsplat/outputs/ctrl_009_001_ratio3_sh0_dense_mid200/ratio3_sh0_dense/f1244/splatfacto/2026-08-20_175037/gaussian_features_f1244.csv
  [T1][f1245] computed -> /home/computer0/fly_project/fly_gsplat/outputs/ctrl_009_001_ratio3_sh0_dense_mid200/ratio3_sh0_dense/f1245/splatfacto/2026-08-20_175038/gaussian_features_f1245.csv
  [T1][f1246] computed -> /home/computer0/fly_project/fly_gsplat/outputs/ctrl_009_001_ratio3_sh0_dense_mid200/ratio3_sh0_dense/f1246/splatfacto/2026-08-20_175039/gaussian_features_f1246.csv
  [T1][f1247] computed -> /home/computer0/fly_project/fly_gsplat/outputs/ctrl_009_001_ratio3_sh0_dense_mid200/ratio3_sh0_dense/f1247/splatfacto/2026-08-20_175039/gaussian_features_f1247.csv
  [T1][f1248] computed -> /home/computer0/fly_project/fly_gsplat/outputs/ctrl_009_001_ratio3_sh0_dense_mid200/ratio3_sh0_dense/f1248/splatfacto/2026-08-20_175040/gaussian_features_f1248.csv
  [T1][f1249] computed -> /home/computer0/fly_project/fly_gsplat/outputs/ctrl_009_001_ratio3_sh0_dense_mid200/ratio3_sh0_dense/f1249/splatfacto/2026-08-20_175040/gaussian_features_f1249.csv
  [T1][f1250] computed -> /home/computer0/fly_project/fly_gsplat/outputs/ctrl_009_001_ratio3_sh0_dense_mid200/ratio3_sh0_dense/f1250/splatfacto/2026-08-20_175040/gaussian_features_f1250.csv
  [T1][f1251] computed -> /home/computer0/fly_project/fly_gsplat/outputs/ctrl_009_001_ratio3_sh0_dense_mid200/ratio3_sh0_dense/f1251/splatfacto/2026-08-20_175040/gaussian_features_f1251.csv
  [T1][f1252] computed -> /home/computer0/fly_project/fly_gsplat/outputs/ctrl_009_001_ratio3_sh0_dense_mid200/ratio3_sh0_dense/f1252/splatfacto/2026-08-20_175041/gaussian_features_f1252.csv
  [T1][f1253] computed -> /home/computer0/fly_project/fly_gsplat/outputs/ctrl_009_001_ratio3_sh0_dense_mid200/ratio3_sh0_dense/f1253/splatfacto/2026-08-20_175040/gaussian_features_f1253.csv
  [T1][f1254] computed -> /home/computer0/fly_project/fly_gsplat/outputs/ctrl_009_001_ratio3_sh0_dense_mid200/ratio3_sh0_dense/f1254/splatfacto/2026-08-20_175042/gaussian_features_f1254.csv
  [T1][f1255] computed -> /home/computer0/fly_project/fly_gsplat/outputs/ctrl_009_001_ratio3_sh0_dense_mid200/ratio3_sh0_dense/f1255/splatfacto/2026-08-20_175041/gaussian_features_f1255.csv
  [T1][f1256] computed -> /home/computer0/fly_project/fly_gsplat/outputs/ctrl_009_001_ratio3_sh0_dense_mid200/ratio3_sh0_dense/f1256/splatfacto/2026-08-20_175249/gaussian_features_f1256.csv
  [T1][f1257] computed -> /home/computer0/fly_project/fly_gsplat/outputs/ctrl_009_001_ratio3_sh0_dense_mid200/ratio3_sh0_dense/f1257/splatfacto/2026-08-20_175249/gaussian_features_f1257.csv
  [T1][f1258] computed -> /home/computer0/fly_project/fly_gsplat/outputs/ctrl_009_001_ratio3_sh0_dense_mid200/ratio3_sh0_dense/f1258/splatfacto/2026-08-20_175252/gaussian_features_f1258.csv
  [T1][f1259] computed -> /home/computer0/fly_project/fly_gsplat/outputs/ctrl_009_001_ratio3_sh0_dense_mid200/ratio3_sh0_dense/f1259/splatfacto/2026-08-20_175253/gaussian_features_f1259.csv
  [T1][f1260] computed -> /home/computer0/fly_project/fly_gsplat/outputs/ctrl_009_001_ratio3_sh0_dense_mid200/ratio3_sh0_dense/f1260/splatfacto/2026-08-20_175250/gaussian_features_f1260.csv
  [T1][f1261] computed -> /home/computer0/fly_project/fly_gsplat/outputs/ctrl_009_001_ratio3_sh0_dense_mid200/ratio3_sh0_dense/f1261/splatfacto/2026-08-20_175253/gaussian_features_f1261.csv
  [T1][f1262] computed -> /home/computer0/fly_project/fly_gsplat/outputs/ctrl_009_001_ratio3_sh0_dense_mid200/ratio3_sh0_dense/f1262/splatfacto/2026-08-20_175254/gaussian_features_f1262.csv
  [T1][f1263] computed -> /home/computer0/fly_project/fly_gsplat/outputs/ctrl_009_001_ratio3_sh0_dense_mid200/ratio3_sh0_dense/f1263/splatfacto/2026-08-20_175253/gaussian_features_f1263.csv
  [T1][f1264] computed -> /home/computer0/fly_project/fly_gsplat/outputs/ctrl_009_001_ratio3_sh0_dense_mid200/ratio3_sh0_dense/f1264/splatfacto/2026-08-20_175253/gaussian_features_f1264.csv
  [T1][f1265] computed -> /home/computer0/fly_project/fly_gsplat/outputs/ctrl_009_001_ratio3_sh0_dense_mid200/ratio3_sh0_dense/f1265/splatfacto/2026-08-20_175253/gaussian_features_f1265.csv
  [T1][f1266] computed -> /home/computer0/fly_project/fly_gsplat/outputs/ctrl_009_001_ratio3_sh0_dense_mid200/ratio3_sh0_dense/f1266/splatfacto/2026-08-20_175253/gaussian_features_f1266.csv
  [T1][f1267] computed -> /home/computer0/fly_project/fly_gsplat/outputs/ctrl_009_001_ratio3_sh0_dense_mid200/ratio3_sh0_dense/f1267/splatfacto/2026-08-20_175254/gaussian_features_f1267.csv
  [T1][f1268] computed -> /home/computer0/fly_project/fly_gsplat/outputs/ctrl_009_001_ratio3_sh0_dense_mid200/ratio3_sh0_dense/f1268/splatfacto/2026-08-20_175459/gaussian_features_f1268.csv
  [T1][f1269] computed -> /home/computer0/fly_project/fly_gsplat/outputs/ctrl_009_001_ratio3_sh0_dense_mid200/ratio3_sh0_dense/f1269/splatfacto/2026-08-20_175500/gaussian_features_f1269.csv
  [T1][f1270] computed -> /home/computer0/fly_project/fly_gsplat/outputs/ctrl_009_001_ratio3_sh0_dense_mid200/ratio3_sh0_dense/f1270/splatfacto/2026-08-20_175500/gaussian_features_f1270.csv
  [T1][f1271] computed -> /home/computer0/fly_project/fly_gsplat/outputs/ctrl_009_001_ratio3_sh0_dense_mid200/ratio3_sh0_dense/f1271/splatfacto/2026-08-20_175501/gaussian_features_f1271.csv
  [T1][f1272] computed -> /home/computer0/fly_project/fly_gsplat/outputs/ctrl_009_001_ratio3_sh0_dense_mid200/ratio3_sh0_dense/f1272/splatfacto/2026-08-20_175502/gaussian_features_f1272.csv
  [T1][f1273] computed -> /home/computer0/fly_project/fly_gsplat/outputs/ctrl_009_001_ratio3_sh0_dense_mid200/ratio3_sh0_dense/f1273/splatfacto/2026-08-20_175501/gaussian_features_f1273.csv
  [T1][f1274] computed -> /home/computer0/fly_project/fly_gsplat/outputs/ctrl_009_001_ratio3_sh0_dense_mid200/ratio3_sh0_dense/f1274/splatfacto/2026-08-20_175501/gaussian_features_f1274.csv
  [T1][f1275] computed -> /home/computer0/fly_project/fly_gsplat/outputs/ctrl_009_001_ratio3_sh0_dense_mid200/ratio3_sh0_dense/f1275/splatfacto/2026-08-20_175502/gaussian_features_f1275.csv
  [T1][f1276] computed -> /home/computer0/fly_project/fly_gsplat/outputs/ctrl_009_001_ratio3_sh0_dense_mid200/ratio3_sh0_dense/f1276/splatfacto/2026-08-20_175503/gaussian_features_f1276.csv
  [T1][f1277] computed -> /home/computer0/fly_project/fly_gsplat/outputs/ctrl_009_001_ratio3_sh0_dense_mid200/ratio3_sh0_dense/f1277/splatfacto/2026-08-20_175502/gaussian_features_f1277.csv
  [T1][f1278] computed -> /home/computer0/fly_project/fly_gsplat/outputs/ctrl_009_001_ratio3_sh0_dense_mid200/ratio3_sh0_dense/f1278/splatfacto/2026-08-20_175502/gaussian_features_f1278.csv
  [T1][f1279] computed -> /home/computer0/fly_project/fly_gsplat/outputs/ctrl_009_001_ratio3_sh0_dense_mid200/ratio3_sh0_dense/f1279/splatfacto/2026-08-20_175503/gaussian_features_f1279.csv
  [T1][f1280] computed -> /home/computer0/fly_project/fly_gsplat/outputs/ctrl_009_001_ratio3_sh0_dense_mid200/ratio3_sh0_dense/f1280/splatfacto/2026-08-20_175713/gaussian_features_f1280.csv
  [T1][f1281] computed -> /home/computer0/fly_project/fly_gsplat/outputs/ctrl_009_001_ratio3_sh0_dense_mid200/ratio3_sh0_dense/f1281/splatfacto/2026-08-20_175713/gaussian_features_f1281.csv
  [T1][f1282] computed -> /home/computer0/fly_project/fly_gsplat/outputs/ctrl_009_001_ratio3_sh0_dense_mid200/ratio3_sh0_dense/f1282/splatfacto/2026-08-20_175715/gaussian_features_f1282.csv
  [T1][f1283] computed -> /home/computer0/fly_project/fly_gsplat/outputs/ctrl_009_001_ratio3_sh0_dense_mid200/ratio3_sh0_dense/f1283/splatfacto/2026-08-20_175714/gaussian_features_f1283.csv
  [T1][f1284] computed -> /home/computer0/fly_project/fly_gsplat/outputs/ctrl_009_001_ratio3_sh0_dense_mid200/ratio3_sh0_dense/f1284/splatfacto/2026-08-20_175715/gaussian_features_f1284.csv
  [T1][f1285] computed -> /home/computer0/fly_project/fly_gsplat/outputs/ctrl_009_001_ratio3_sh0_dense_mid200/ratio3_sh0_dense/f1285/splatfacto/2026-08-20_175714/gaussian_features_f1285.csv
  [T1][f1286] computed -> /home/computer0/fly_project/fly_gsplat/outputs/ctrl_009_001_ratio3_sh0_dense_mid200/ratio3_sh0_dense/f1286/splatfacto/2026-08-20_175715/gaussian_features_f1286.csv
  [T1][f1287] computed -> /home/computer0/fly_project/fly_gsplat/outputs/ctrl_009_001_ratio3_sh0_dense_mid200/ratio3_sh0_dense/f1287/splatfacto/2026-08-20_175716/gaussian_features_f1287.csv
  [T1][f1288] computed -> /home/computer0/fly_project/fly_gsplat/outputs/ctrl_009_001_ratio3_sh0_dense_mid200/ratio3_sh0_dense/f1288/splatfacto/2026-08-20_175715/gaussian_features_f1288.csv
  [T1][f1289] computed -> /home/computer0/fly_project/fly_gsplat/outputs/ctrl_009_001_ratio3_sh0_dense_mid200/ratio3_sh0_dense/f1289/splatfacto/2026-08-20_175715/gaussian_features_f1289.csv
  [T1][f1290] computed -> /home/computer0/fly_project/fly_gsplat/outputs/ctrl_009_001_ratio3_sh0_dense_mid200/ratio3_sh0_dense/f1290/splatfacto/2026-08-20_175717/gaussian_features_f1290.csv
  [T1][f1291] computed -> /home/computer0/fly_project/fly_gsplat/outputs/ctrl_009_001_ratio3_sh0_dense_mid200/ratio3_sh0_dense/f1291/splatfacto/2026-08-20_175718/gaussian_features_f1291.csv
  [T1][f1292] computed -> /home/computer0/fly_project/fly_gsplat/outputs/ctrl_009_001_ratio3_sh0_dense_mid200/ratio3_sh0_dense/f1292/splatfacto/2026-08-20_175926/gaussian_features_f1292.csv
  [T1][f1293] computed -> /home/computer0/fly_project/fly_gsplat/outputs/ctrl_009_001_ratio3_sh0_dense_mid200/ratio3_sh0_dense/f1293/splatfacto/2026-08-20_175927/gaussian_features_f1293.csv
  [T1][f1294] computed -> /home/computer0/fly_project/fly_gsplat/outputs/ctrl_009_001_ratio3_sh0_dense_mid200/ratio3_sh0_dense/f1294/splatfacto/2026-08-20_175927/gaussian_features_f1294.csv
  [T1][f1295] computed -> /home/computer0/fly_project/fly_gsplat/outputs/ctrl_009_001_ratio3_sh0_dense_mid200/ratio3_sh0_dense/f1295/splatfacto/2026-08-20_175927/gaussian_features_f1295.csv
  [T1][f1296] computed -> /home/computer0/fly_project/fly_gsplat/outputs/ctrl_009_001_ratio3_sh0_dense_mid200/ratio3_sh0_dense/f1296/splatfacto/2026-08-20_175929/gaussian_features_f1296.csv
  [T1][f1297] computed -> /home/computer0/fly_project/fly_gsplat/outputs/ctrl_009_001_ratio3_sh0_dense_mid200/ratio3_sh0_dense/f1297/splatfacto/2026-08-20_175928/gaussian_features_f1297.csv
  [T1][f1298] computed -> /home/computer0/fly_project/fly_gsplat/outputs/ctrl_009_001_ratio3_sh0_dense_mid200/ratio3_sh0_dense/f1298/splatfacto/2026-08-20_175928/gaussian_features_f1298.csv
  [T1][f1299] computed -> /home/computer0/fly_project/fly_gsplat/outputs/ctrl_009_001_ratio3_sh0_dense_mid200/ratio3_sh0_dense/f1299/splatfacto/2026-08-20_175928/gaussian_features_f1299.csv

  [T2] mark_floaters (cleaning) ...
[f1100] n_total=23864 n_floater=2566 (10.8%) mid_10_17=[12, 13, 14, 16, 16] saved -> /home/computer0/fly_project/fly_gsplat/outputs/ctrl_009_001_ratio3_sh0_dense_mid200/ratio3_sh0_dense/f1100/splatfacto/2026-08-20_172357/gaussian_features_f1100_marked.csv
[f1101] n_total=23350 n_floater=2408 (10.3%) mid_10_17=[11, 11, 11, 12, 12, 12, 14, 15, 16, 16] saved -> /home/computer0/fly_project/fly_gsplat/outputs/ctrl_009_001_ratio3_sh0_dense_mid200/ratio3_sh0_dense/f1101/splatfacto/2026-08-20_172355/gaussian_features_f1101_marked.csv
[f1102] n_total=24126 n_floater=2514 (10.4%) mid_10_17=[11, 12, 12, 14, 14, 15, 16] saved -> /home/computer0/fly_project/fly_gsplat/outputs/ctrl_009_001_ratio3_sh0_dense_mid200/ratio3_sh0_dense/f1102/splatfacto/2026-08-20_172356/gaussian_features_f1102_marked.csv
[f1103] n_total=24907 n_floater=2699 (10.8%) mid_10_17=[12, 14, 15, 15, 16, 16, 16] saved -> /home/computer0/fly_project/fly_gsplat/outputs/ctrl_009_001_ratio3_sh0_dense_mid200/ratio3_sh0_dense/f1103/splatfacto/2026-08-20_172357/gaussian_features_f1103_marked.csv
[f1104] n_total=24658 n_floater=2617 (10.6%) mid_10_17=[11, 11, 11, 12, 12, 12, 13, 13, 14, 15, 15, 15] saved -> /home/computer0/fly_project/fly_gsplat/outputs/ctrl_009_001_ratio3_sh0_dense_mid200/ratio3_sh0_dense/f1104/splatfacto/2026-08-20_172357/gaussian_features_f1104_marked.csv
[f1105] n_total=23692 n_floater=2382 (10.1%) mid_10_17=[11, 11, 12, 12, 12, 12, 13, 15, 16, 16] saved -> /home/computer0/fly_project/fly_gsplat/outputs/ctrl_009_001_ratio3_sh0_dense_mid200/ratio3_sh0_dense/f1105/splatfacto/2026-08-20_172356/gaussian_features_f1105_marked.csv
[f1106] n_total=24169 n_floater=2551 (10.6%) mid_10_17=[11, 11, 12, 13, 14, 15, 15, 16] saved -> /home/computer0/fly_project/fly_gsplat/outputs/ctrl_009_001_ratio3_sh0_dense_mid200/ratio3_sh0_dense/f1106/splatfacto/2026-08-20_172357/gaussian_features_f1106_marked.csv
[f1107] n_total=22675 n_floater=2328 (10.3%) mid_10_17=[11, 12, 14, 15] saved -> /home/computer0/fly_project/fly_gsplat/outputs/ctrl_009_001_ratio3_sh0_dense_mid200/ratio3_sh0_dense/f1107/splatfacto/2026-08-20_172356/gaussian_features_f1107_marked.csv
[f1108] n_total=24780 n_floater=2657 (10.7%) mid_10_17=[11, 11, 13, 16] saved -> /home/computer0/fly_project/fly_gsplat/outputs/ctrl_009_001_ratio3_sh0_dense_mid200/ratio3_sh0_dense/f1108/splatfacto/2026-08-20_172356/gaussian_features_f1108_marked.csv
[f1109] n_total=24502 n_floater=2551 (10.4%) mid_10_17=[12, 13, 13, 13, 15, 16] saved -> /home/computer0/fly_project/fly_gsplat/outputs/ctrl_009_001_ratio3_sh0_dense_mid200/ratio3_sh0_dense/f1109/splatfacto/2026-08-20_172357/gaussian_features_f1109_marked.csv
[f1110] n_total=24792 n_floater=2735 (11.0%) mid_10_17=[11, 11, 11, 11, 12, 13, 14] saved -> /home/computer0/fly_project/fly_gsplat/outputs/ctrl_009_001_ratio3_sh0_dense_mid200/ratio3_sh0_dense/f1110/splatfacto/2026-08-20_172357/gaussian_features_f1110_marked.csv
[f1111] n_total=24509 n_floater=2445 (10.0%) mid_10_17=[11, 11, 11, 11, 12, 12, 12, 13, 15] saved -> /home/computer0/fly_project/fly_gsplat/outputs/ctrl_009_001_ratio3_sh0_dense_mid200/ratio3_sh0_dense/f1111/splatfacto/2026-08-20_172356/gaussian_features_f1111_marked.csv
[f1112] n_total=24383 n_floater=2671 (11.0%) mid_10_17=[11, 11, 11, 11, 11, 12, 13, 14, 15, 16] saved -> /home/computer0/fly_project/fly_gsplat/outputs/ctrl_009_001_ratio3_sh0_dense_mid200/ratio3_sh0_dense/f1112/splatfacto/2026-08-20_172622/gaussian_features_f1112_marked.csv
[f1113] n_total=24324 n_floater=2563 (10.5%) mid_10_17=[11, 12, 13, 13, 14, 15, 15, 16] saved -> /home/computer0/fly_project/fly_gsplat/outputs/ctrl_009_001_ratio3_sh0_dense_mid200/ratio3_sh0_dense/f1113/splatfacto/2026-08-20_172622/gaussian_features_f1113_marked.csv
[f1114] n_total=24914 n_floater=2726 (10.9%) mid_10_17=[12, 14] saved -> /home/computer0/fly_project/fly_gsplat/outputs/ctrl_009_001_ratio3_sh0_dense_mid200/ratio3_sh0_dense/f1114/splatfacto/2026-08-20_172623/gaussian_features_f1114_marked.csv
[f1115] n_total=24738 n_floater=2597 (10.5%) mid_10_17=[11, 12, 12, 12, 13, 13, 14, 14, 14, 16] saved -> /home/computer0/fly_project/fly_gsplat/outputs/ctrl_009_001_ratio3_sh0_dense_mid200/ratio3_sh0_dense/f1115/splatfacto/2026-08-20_172622/gaussian_features_f1115_marked.csv
[f1116] n_total=23696 n_floater=2487 (10.5%) mid_10_17=[11, 11, 11, 14, 16, 16, 16, 16] saved -> /home/computer0/fly_project/fly_gsplat/outputs/ctrl_009_001_ratio3_sh0_dense_mid200/ratio3_sh0_dense/f1116/splatfacto/2026-08-20_172622/gaussian_features_f1116_marked.csv
[f1117] n_total=23855 n_floater=2545 (10.7%) mid_10_17=[11, 12, 12, 13, 13, 16] saved -> /home/computer0/fly_project/fly_gsplat/outputs/ctrl_009_001_ratio3_sh0_dense_mid200/ratio3_sh0_dense/f1117/splatfacto/2026-08-20_172622/gaussian_features_f1117_marked.csv
[f1118] n_total=24215 n_floater=2531 (10.5%) mid_10_17=[11, 11, 12, 14, 14, 15, 16, 16, 16, 16] saved -> /home/computer0/fly_project/fly_gsplat/outputs/ctrl_009_001_ratio3_sh0_dense_mid200/ratio3_sh0_dense/f1118/splatfacto/2026-08-20_172622/gaussian_features_f1118_marked.csv
[f1119] n_total=23947 n_floater=2565 (10.7%) mid_10_17=[12, 14, 14, 15, 15] saved -> /home/computer0/fly_project/fly_gsplat/outputs/ctrl_009_001_ratio3_sh0_dense_mid200/ratio3_sh0_dense/f1119/splatfacto/2026-08-20_172622/gaussian_features_f1119_marked.csv
[f1120] n_total=24376 n_floater=2693 (11.0%) mid_10_17=[11, 11, 11, 11, 11, 12, 14, 14, 14, 14] saved -> /home/computer0/fly_project/fly_gsplat/outputs/ctrl_009_001_ratio3_sh0_dense_mid200/ratio3_sh0_dense/f1120/splatfacto/2026-08-20_172622/gaussian_features_f1120_marked.csv
[f1121] n_total=24576 n_floater=2566 (10.4%) mid_10_17=[11, 11, 11, 11, 11, 11, 12, 12, 13, 13, 14, 15, 15] saved -> /home/computer0/fly_project/fly_gsplat/outputs/ctrl_009_001_ratio3_sh0_dense_mid200/ratio3_sh0_dense/f1121/splatfacto/2026-08-20_172622/gaussian_features_f1121_marked.csv
[f1122] n_total=24320 n_floater=2521 (10.4%) mid_10_17=[11, 13, 13, 13, 13, 15, 16] saved -> /home/computer0/fly_project/fly_gsplat/outputs/ctrl_009_001_ratio3_sh0_dense_mid200/ratio3_sh0_dense/f1122/splatfacto/2026-08-20_172622/gaussian_features_f1122_marked.csv
[f1123] n_total=23411 n_floater=2655 (11.3%) mid_10_17=[11, 11, 12, 12, 14, 14, 16] saved -> /home/computer0/fly_project/fly_gsplat/outputs/ctrl_009_001_ratio3_sh0_dense_mid200/ratio3_sh0_dense/f1123/splatfacto/2026-08-20_172622/gaussian_features_f1123_marked.csv
[f1124] n_total=24391 n_floater=2544 (10.4%) mid_10_17=[11, 11, 11, 12, 12, 12, 13, 14, 14] saved -> /home/computer0/fly_project/fly_gsplat/outputs/ctrl_009_001_ratio3_sh0_dense_mid200/ratio3_sh0_dense/f1124/splatfacto/2026-08-20_172834/gaussian_features_f1124_marked.csv
[f1125] n_total=24559 n_floater=2589 (10.5%) mid_10_17=[11, 11, 12, 14, 14, 14, 16] saved -> /home/computer0/fly_project/fly_gsplat/outputs/ctrl_009_001_ratio3_sh0_dense_mid200/ratio3_sh0_dense/f1125/splatfacto/2026-08-20_172835/gaussian_features_f1125_marked.csv
[f1126] n_total=24202 n_floater=2605 (10.8%) mid_10_17=[12, 12, 12, 13, 13, 15, 15, 15] saved -> /home/computer0/fly_project/fly_gsplat/outputs/ctrl_009_001_ratio3_sh0_dense_mid200/ratio3_sh0_dense/f1126/splatfacto/2026-08-20_172835/gaussian_features_f1126_marked.csv
[f1127] n_total=23999 n_floater=2616 (10.9%) mid_10_17=[12, 12, 12, 12, 12, 13, 13, 13, 14, 16, 16] saved -> /home/computer0/fly_project/fly_gsplat/outputs/ctrl_009_001_ratio3_sh0_dense_mid200/ratio3_sh0_dense/f1127/splatfacto/2026-08-20_172834/gaussian_features_f1127_marked.csv
[f1128] n_total=23975 n_floater=2429 (10.1%) mid_10_17=[11, 11, 12, 14] saved -> /home/computer0/fly_project/fly_gsplat/outputs/ctrl_009_001_ratio3_sh0_dense_mid200/ratio3_sh0_dense/f1128/splatfacto/2026-08-20_172835/gaussian_features_f1128_marked.csv
[f1129] n_total=23875 n_floater=2479 (10.4%) mid_10_17=[11, 11, 12, 12, 12, 12, 12, 13, 13, 13, 14, 14, 16, 16, 16] saved -> /home/computer0/fly_project/fly_gsplat/outputs/ctrl_009_001_ratio3_sh0_dense_mid200/ratio3_sh0_dense/f1129/splatfacto/2026-08-20_172835/gaussian_features_f1129_marked.csv
[f1130] n_total=24085 n_floater=2505 (10.4%) mid_10_17=[11, 11, 13, 13, 14, 15, 15] saved -> /home/computer0/fly_project/fly_gsplat/outputs/ctrl_009_001_ratio3_sh0_dense_mid200/ratio3_sh0_dense/f1130/splatfacto/2026-08-20_172836/gaussian_features_f1130_marked.csv
[f1131] n_total=23785 n_floater=2643 (11.1%) mid_10_17=[11, 11, 11, 11, 12, 12, 13, 14, 14, 15, 16] saved -> /home/computer0/fly_project/fly_gsplat/outputs/ctrl_009_001_ratio3_sh0_dense_mid200/ratio3_sh0_dense/f1131/splatfacto/2026-08-20_172835/gaussian_features_f1131_marked.csv
[f1132] n_total=23910 n_floater=2401 (10.0%) mid_10_17=[11, 11, 14, 15] saved -> /home/computer0/fly_project/fly_gsplat/outputs/ctrl_009_001_ratio3_sh0_dense_mid200/ratio3_sh0_dense/f1132/splatfacto/2026-08-20_172835/gaussian_features_f1132_marked.csv
[f1133] n_total=23632 n_floater=2566 (10.9%) mid_10_17=[11, 11, 11, 11, 12, 14, 14, 16] saved -> /home/computer0/fly_project/fly_gsplat/outputs/ctrl_009_001_ratio3_sh0_dense_mid200/ratio3_sh0_dense/f1133/splatfacto/2026-08-20_172836/gaussian_features_f1133_marked.csv
[f1134] n_total=24736 n_floater=2673 (10.8%) mid_10_17=[11, 11, 11, 12, 13, 13, 14, 14] saved -> /home/computer0/fly_project/fly_gsplat/outputs/ctrl_009_001_ratio3_sh0_dense_mid200/ratio3_sh0_dense/f1134/splatfacto/2026-08-20_172836/gaussian_features_f1134_marked.csv
[f1135] n_total=23349 n_floater=2474 (10.6%) mid_10_17=[11, 11, 11, 11, 12, 13, 13, 16] saved -> /home/computer0/fly_project/fly_gsplat/outputs/ctrl_009_001_ratio3_sh0_dense_mid200/ratio3_sh0_dense/f1135/splatfacto/2026-08-20_172836/gaussian_features_f1135_marked.csv
[f1136] n_total=23672 n_floater=2526 (10.7%) mid_10_17=[11, 12, 14, 15, 16, 16] saved -> /home/computer0/fly_project/fly_gsplat/outputs/ctrl_009_001_ratio3_sh0_dense_mid200/ratio3_sh0_dense/f1136/splatfacto/2026-08-20_173045/gaussian_features_f1136_marked.csv
[f1137] n_total=23692 n_floater=2448 (10.3%) mid_10_17=[11, 11, 11, 11, 11, 11, 11, 12, 12, 13, 13, 14, 15, 15, 15] saved -> /home/computer0/fly_project/fly_gsplat/outputs/ctrl_009_001_ratio3_sh0_dense_mid200/ratio3_sh0_dense/f1137/splatfacto/2026-08-20_173046/gaussian_features_f1137_marked.csv
[f1138] n_total=22323 n_floater=2369 (10.6%) mid_10_17=[11, 12, 12, 12, 13, 13, 14, 14, 15, 16] saved -> /home/computer0/fly_project/fly_gsplat/outputs/ctrl_009_001_ratio3_sh0_dense_mid200/ratio3_sh0_dense/f1138/splatfacto/2026-08-20_173046/gaussian_features_f1138_marked.csv
[f1139] n_total=23955 n_floater=2627 (11.0%) mid_10_17=[11, 12, 13, 15] saved -> /home/computer0/fly_project/fly_gsplat/outputs/ctrl_009_001_ratio3_sh0_dense_mid200/ratio3_sh0_dense/f1139/splatfacto/2026-08-20_173045/gaussian_features_f1139_marked.csv
[f1140] n_total=22602 n_floater=2510 (11.1%) mid_10_17=[11, 16] saved -> /home/computer0/fly_project/fly_gsplat/outputs/ctrl_009_001_ratio3_sh0_dense_mid200/ratio3_sh0_dense/f1140/splatfacto/2026-08-20_173045/gaussian_features_f1140_marked.csv
[f1141] n_total=24734 n_floater=2652 (10.7%) mid_10_17=[11, 13, 13, 14] saved -> /home/computer0/fly_project/fly_gsplat/outputs/ctrl_009_001_ratio3_sh0_dense_mid200/ratio3_sh0_dense/f1141/splatfacto/2026-08-20_173046/gaussian_features_f1141_marked.csv
[f1142] n_total=24858 n_floater=2671 (10.7%) mid_10_17=[11, 11, 12, 12, 12, 13, 13, 15, 16] saved -> /home/computer0/fly_project/fly_gsplat/outputs/ctrl_009_001_ratio3_sh0_dense_mid200/ratio3_sh0_dense/f1142/splatfacto/2026-08-20_173046/gaussian_features_f1142_marked.csv
[f1143] n_total=23530 n_floater=2526 (10.7%) mid_10_17=[11, 13, 14, 15, 15, 15] saved -> /home/computer0/fly_project/fly_gsplat/outputs/ctrl_009_001_ratio3_sh0_dense_mid200/ratio3_sh0_dense/f1143/splatfacto/2026-08-20_173046/gaussian_features_f1143_marked.csv
[f1144] n_total=23824 n_floater=2504 (10.5%) mid_10_17=[12, 13, 14, 15, 15, 16] saved -> /home/computer0/fly_project/fly_gsplat/outputs/ctrl_009_001_ratio3_sh0_dense_mid200/ratio3_sh0_dense/f1144/splatfacto/2026-08-20_173047/gaussian_features_f1144_marked.csv
[f1145] n_total=24193 n_floater=2499 (10.3%) mid_10_17=[11, 11, 12, 12, 12, 13, 15, 16] saved -> /home/computer0/fly_project/fly_gsplat/outputs/ctrl_009_001_ratio3_sh0_dense_mid200/ratio3_sh0_dense/f1145/splatfacto/2026-08-20_173048/gaussian_features_f1145_marked.csv
[f1146] n_total=23798 n_floater=2485 (10.4%) mid_10_17=[11, 12, 12, 12, 13, 16, 16] saved -> /home/computer0/fly_project/fly_gsplat/outputs/ctrl_009_001_ratio3_sh0_dense_mid200/ratio3_sh0_dense/f1146/splatfacto/2026-08-20_173047/gaussian_features_f1146_marked.csv
[f1147] n_total=23596 n_floater=2520 (10.7%) mid_10_17=[11, 11, 12, 15, 15, 16, 16] saved -> /home/computer0/fly_project/fly_gsplat/outputs/ctrl_009_001_ratio3_sh0_dense_mid200/ratio3_sh0_dense/f1147/splatfacto/2026-08-20_173047/gaussian_features_f1147_marked.csv
[f1148] n_total=24186 n_floater=2466 (10.2%) mid_10_17=[11, 11, 11, 11, 12, 14, 15, 16, 16] saved -> /home/computer0/fly_project/fly_gsplat/outputs/ctrl_009_001_ratio3_sh0_dense_mid200/ratio3_sh0_dense/f1148/splatfacto/2026-08-20_173256/gaussian_features_f1148_marked.csv
[f1149] n_total=22840 n_floater=2341 (10.2%) mid_10_17=[11, 12, 12, 15, 15, 16, 16, 16] saved -> /home/computer0/fly_project/fly_gsplat/outputs/ctrl_009_001_ratio3_sh0_dense_mid200/ratio3_sh0_dense/f1149/splatfacto/2026-08-20_173257/gaussian_features_f1149_marked.csv
[f1150] n_total=24195 n_floater=2741 (11.3%) mid_10_17=[11, 12, 13, 14, 14, 15, 15, 16, 16] saved -> /home/computer0/fly_project/fly_gsplat/outputs/ctrl_009_001_ratio3_sh0_dense_mid200/ratio3_sh0_dense/f1150/splatfacto/2026-08-20_173257/gaussian_features_f1150_marked.csv
[f1151] n_total=22325 n_floater=2140 (9.6%) mid_10_17=[11, 13, 15, 16] saved -> /home/computer0/fly_project/fly_gsplat/outputs/ctrl_009_001_ratio3_sh0_dense_mid200/ratio3_sh0_dense/f1151/splatfacto/2026-08-20_173256/gaussian_features_f1151_marked.csv
[f1152] n_total=23800 n_floater=2573 (10.8%) mid_10_17=[11, 11, 12, 12, 13, 16] saved -> /home/computer0/fly_project/fly_gsplat/outputs/ctrl_009_001_ratio3_sh0_dense_mid200/ratio3_sh0_dense/f1152/splatfacto/2026-08-20_173256/gaussian_features_f1152_marked.csv
[f1153] n_total=23429 n_floater=2425 (10.4%) mid_10_17=[12, 13, 13, 14, 14] saved -> /home/computer0/fly_project/fly_gsplat/outputs/ctrl_009_001_ratio3_sh0_dense_mid200/ratio3_sh0_dense/f1153/splatfacto/2026-08-20_173256/gaussian_features_f1153_marked.csv
[f1154] n_total=24110 n_floater=2639 (10.9%) mid_10_17=[11, 11, 11, 12, 12, 12, 13, 14, 14, 14] saved -> /home/computer0/fly_project/fly_gsplat/outputs/ctrl_009_001_ratio3_sh0_dense_mid200/ratio3_sh0_dense/f1154/splatfacto/2026-08-20_173257/gaussian_features_f1154_marked.csv
[f1155] n_total=23259 n_floater=2542 (10.9%) mid_10_17=[11, 11, 13, 15] saved -> /home/computer0/fly_project/fly_gsplat/outputs/ctrl_009_001_ratio3_sh0_dense_mid200/ratio3_sh0_dense/f1155/splatfacto/2026-08-20_173257/gaussian_features_f1155_marked.csv
[f1156] n_total=22864 n_floater=2507 (11.0%) mid_10_17=[11, 12, 15, 16, 16] saved -> /home/computer0/fly_project/fly_gsplat/outputs/ctrl_009_001_ratio3_sh0_dense_mid200/ratio3_sh0_dense/f1156/splatfacto/2026-08-20_173257/gaussian_features_f1156_marked.csv
[f1157] n_total=23238 n_floater=2582 (11.1%) mid_10_17=[11, 12, 12, 13, 14, 14, 14, 14] saved -> /home/computer0/fly_project/fly_gsplat/outputs/ctrl_009_001_ratio3_sh0_dense_mid200/ratio3_sh0_dense/f1157/splatfacto/2026-08-20_173257/gaussian_features_f1157_marked.csv
[f1158] n_total=23441 n_floater=2503 (10.7%) mid_10_17=[11, 12, 12, 13, 13, 14, 14, 15, 15, 16] saved -> /home/computer0/fly_project/fly_gsplat/outputs/ctrl_009_001_ratio3_sh0_dense_mid200/ratio3_sh0_dense/f1158/splatfacto/2026-08-20_173258/gaussian_features_f1158_marked.csv
[f1159] n_total=23099 n_floater=2339 (10.1%) mid_10_17=[11, 12, 14, 14, 15, 15] saved -> /home/computer0/fly_project/fly_gsplat/outputs/ctrl_009_001_ratio3_sh0_dense_mid200/ratio3_sh0_dense/f1159/splatfacto/2026-08-20_173258/gaussian_features_f1159_marked.csv
[f1160] n_total=23954 n_floater=2391 (10.0%) mid_10_17=[11, 11, 13, 13, 14, 14, 15, 16] saved -> /home/computer0/fly_project/fly_gsplat/outputs/ctrl_009_001_ratio3_sh0_dense_mid200/ratio3_sh0_dense/f1160/splatfacto/2026-08-20_173510/gaussian_features_f1160_marked.csv
[f1161] n_total=23595 n_floater=2444 (10.4%) mid_10_17=[11, 11, 13, 13, 14, 14] saved -> /home/computer0/fly_project/fly_gsplat/outputs/ctrl_009_001_ratio3_sh0_dense_mid200/ratio3_sh0_dense/f1161/splatfacto/2026-08-20_173510/gaussian_features_f1161_marked.csv
[f1162] n_total=23536 n_floater=2379 (10.1%) mid_10_17=[12, 13, 14, 15, 15, 16] saved -> /home/computer0/fly_project/fly_gsplat/outputs/ctrl_009_001_ratio3_sh0_dense_mid200/ratio3_sh0_dense/f1162/splatfacto/2026-08-20_173510/gaussian_features_f1162_marked.csv
[f1163] n_total=23566 n_floater=2449 (10.4%) mid_10_17=[12, 13, 15, 15, 15] saved -> /home/computer0/fly_project/fly_gsplat/outputs/ctrl_009_001_ratio3_sh0_dense_mid200/ratio3_sh0_dense/f1163/splatfacto/2026-08-20_173510/gaussian_features_f1163_marked.csv
[f1164] n_total=22857 n_floater=2449 (10.7%) mid_10_17=[11, 11, 11, 12, 15] saved -> /home/computer0/fly_project/fly_gsplat/outputs/ctrl_009_001_ratio3_sh0_dense_mid200/ratio3_sh0_dense/f1164/splatfacto/2026-08-20_173510/gaussian_features_f1164_marked.csv
[f1165] n_total=24311 n_floater=2436 (10.0%) mid_10_17=[11, 12, 12, 13, 14] saved -> /home/computer0/fly_project/fly_gsplat/outputs/ctrl_009_001_ratio3_sh0_dense_mid200/ratio3_sh0_dense/f1165/splatfacto/2026-08-20_173511/gaussian_features_f1165_marked.csv
[f1166] n_total=24340 n_floater=2678 (11.0%) mid_10_17=[11, 13, 13, 13, 14, 14, 15, 15, 16] saved -> /home/computer0/fly_project/fly_gsplat/outputs/ctrl_009_001_ratio3_sh0_dense_mid200/ratio3_sh0_dense/f1166/splatfacto/2026-08-20_173510/gaussian_features_f1166_marked.csv
[f1167] n_total=24512 n_floater=2569 (10.5%) mid_10_17=[12, 13, 13, 14] saved -> /home/computer0/fly_project/fly_gsplat/outputs/ctrl_009_001_ratio3_sh0_dense_mid200/ratio3_sh0_dense/f1167/splatfacto/2026-08-20_173510/gaussian_features_f1167_marked.csv
[f1168] n_total=23614 n_floater=2440 (10.3%) mid_10_17=[11, 13, 15] saved -> /home/computer0/fly_project/fly_gsplat/outputs/ctrl_009_001_ratio3_sh0_dense_mid200/ratio3_sh0_dense/f1168/splatfacto/2026-08-20_173511/gaussian_features_f1168_marked.csv
[f1169] n_total=23594 n_floater=2444 (10.4%) mid_10_17=[12, 15, 16] saved -> /home/computer0/fly_project/fly_gsplat/outputs/ctrl_009_001_ratio3_sh0_dense_mid200/ratio3_sh0_dense/f1169/splatfacto/2026-08-20_173510/gaussian_features_f1169_marked.csv
[f1170] n_total=24243 n_floater=2585 (10.7%) mid_10_17=[11, 14, 14, 15, 16] saved -> /home/computer0/fly_project/fly_gsplat/outputs/ctrl_009_001_ratio3_sh0_dense_mid200/ratio3_sh0_dense/f1170/splatfacto/2026-08-20_173511/gaussian_features_f1170_marked.csv
[f1171] n_total=23899 n_floater=2699 (11.3%) mid_10_17=[11, 12, 12] saved -> /home/computer0/fly_project/fly_gsplat/outputs/ctrl_009_001_ratio3_sh0_dense_mid200/ratio3_sh0_dense/f1171/splatfacto/2026-08-20_173511/gaussian_features_f1171_marked.csv
[f1172] n_total=22448 n_floater=2381 (10.6%) mid_10_17=[11, 11, 12, 12, 13, 15, 15, 15, 16, 16, 16, 16] saved -> /home/computer0/fly_project/fly_gsplat/outputs/ctrl_009_001_ratio3_sh0_dense_mid200/ratio3_sh0_dense/f1172/splatfacto/2026-08-20_173719/gaussian_features_f1172_marked.csv
[f1173] n_total=23392 n_floater=2581 (11.0%) mid_10_17=[12, 13, 14, 16, 16] saved -> /home/computer0/fly_project/fly_gsplat/outputs/ctrl_009_001_ratio3_sh0_dense_mid200/ratio3_sh0_dense/f1173/splatfacto/2026-08-20_173719/gaussian_features_f1173_marked.csv
[f1174] n_total=22811 n_floater=2393 (10.5%) mid_10_17=[11, 11, 11, 12, 12, 13, 15, 15, 16] saved -> /home/computer0/fly_project/fly_gsplat/outputs/ctrl_009_001_ratio3_sh0_dense_mid200/ratio3_sh0_dense/f1174/splatfacto/2026-08-20_173720/gaussian_features_f1174_marked.csv
[f1175] n_total=23406 n_floater=2492 (10.6%) mid_10_17=[11, 11, 11, 12, 13, 16] saved -> /home/computer0/fly_project/fly_gsplat/outputs/ctrl_009_001_ratio3_sh0_dense_mid200/ratio3_sh0_dense/f1175/splatfacto/2026-08-20_173720/gaussian_features_f1175_marked.csv
[f1176] n_total=22785 n_floater=2438 (10.7%) mid_10_17=[11, 11, 11, 11, 12, 14, 14, 14, 14, 14, 14, 15, 15] saved -> /home/computer0/fly_project/fly_gsplat/outputs/ctrl_009_001_ratio3_sh0_dense_mid200/ratio3_sh0_dense/f1176/splatfacto/2026-08-20_173720/gaussian_features_f1176_marked.csv
[f1177] n_total=23649 n_floater=2571 (10.9%) mid_10_17=[11, 11, 11, 11, 12, 14, 14, 15, 15, 16, 16, 16] saved -> /home/computer0/fly_project/fly_gsplat/outputs/ctrl_009_001_ratio3_sh0_dense_mid200/ratio3_sh0_dense/f1177/splatfacto/2026-08-20_173720/gaussian_features_f1177_marked.csv
[f1178] n_total=23973 n_floater=2496 (10.4%) mid_10_17=[11, 12, 13, 14, 16, 16, 16] saved -> /home/computer0/fly_project/fly_gsplat/outputs/ctrl_009_001_ratio3_sh0_dense_mid200/ratio3_sh0_dense/f1178/splatfacto/2026-08-20_173722/gaussian_features_f1178_marked.csv
[f1179] n_total=22858 n_floater=2467 (10.8%) mid_10_17=[11, 11, 12, 12, 12, 13, 14, 14, 14, 16, 16] saved -> /home/computer0/fly_project/fly_gsplat/outputs/ctrl_009_001_ratio3_sh0_dense_mid200/ratio3_sh0_dense/f1179/splatfacto/2026-08-20_173722/gaussian_features_f1179_marked.csv
[f1180] n_total=24128 n_floater=2609 (10.8%) mid_10_17=[11, 11, 11, 12, 12, 12, 14, 14, 16] saved -> /home/computer0/fly_project/fly_gsplat/outputs/ctrl_009_001_ratio3_sh0_dense_mid200/ratio3_sh0_dense/f1180/splatfacto/2026-08-20_173721/gaussian_features_f1180_marked.csv
[f1181] n_total=23721 n_floater=2572 (10.8%) mid_10_17=[11, 11, 11, 12, 12, 12, 12, 12, 13, 13, 15, 16, 16] saved -> /home/computer0/fly_project/fly_gsplat/outputs/ctrl_009_001_ratio3_sh0_dense_mid200/ratio3_sh0_dense/f1181/splatfacto/2026-08-20_173722/gaussian_features_f1181_marked.csv
[f1182] n_total=24073 n_floater=2508 (10.4%) mid_10_17=[11, 11, 11, 12, 12, 13, 13, 15, 15, 15] saved -> /home/computer0/fly_project/fly_gsplat/outputs/ctrl_009_001_ratio3_sh0_dense_mid200/ratio3_sh0_dense/f1182/splatfacto/2026-08-20_173725/gaussian_features_f1182_marked.csv
[f1183] n_total=23254 n_floater=2357 (10.1%) mid_10_17=[11, 11, 11, 15] saved -> /home/computer0/fly_project/fly_gsplat/outputs/ctrl_009_001_ratio3_sh0_dense_mid200/ratio3_sh0_dense/f1183/splatfacto/2026-08-20_173726/gaussian_features_f1183_marked.csv
[f1184] n_total=24115 n_floater=2466 (10.2%) mid_10_17=[11, 11, 11, 12, 12, 13, 16] saved -> /home/computer0/fly_project/fly_gsplat/outputs/ctrl_009_001_ratio3_sh0_dense_mid200/ratio3_sh0_dense/f1184/splatfacto/2026-08-20_173931/gaussian_features_f1184_marked.csv
[f1185] n_total=22938 n_floater=2308 (10.1%) mid_10_17=[12, 12, 13, 13, 14, 15] saved -> /home/computer0/fly_project/fly_gsplat/outputs/ctrl_009_001_ratio3_sh0_dense_mid200/ratio3_sh0_dense/f1185/splatfacto/2026-08-20_173931/gaussian_features_f1185_marked.csv
[f1186] n_total=23759 n_floater=2561 (10.8%) mid_10_17=[11, 11, 12, 12, 12, 14, 15, 15, 15, 16] saved -> /home/computer0/fly_project/fly_gsplat/outputs/ctrl_009_001_ratio3_sh0_dense_mid200/ratio3_sh0_dense/f1186/splatfacto/2026-08-20_173932/gaussian_features_f1186_marked.csv
[f1187] n_total=23247 n_floater=2486 (10.7%) mid_10_17=[11, 13, 13, 14, 14, 14, 15, 15] saved -> /home/computer0/fly_project/fly_gsplat/outputs/ctrl_009_001_ratio3_sh0_dense_mid200/ratio3_sh0_dense/f1187/splatfacto/2026-08-20_173932/gaussian_features_f1187_marked.csv
[f1188] n_total=22557 n_floater=2488 (11.0%) mid_10_17=[11, 11, 14, 14, 14, 15, 15, 16, 16] saved -> /home/computer0/fly_project/fly_gsplat/outputs/ctrl_009_001_ratio3_sh0_dense_mid200/ratio3_sh0_dense/f1188/splatfacto/2026-08-20_173933/gaussian_features_f1188_marked.csv
[f1189] n_total=24115 n_floater=2561 (10.6%) mid_10_17=[11, 12, 14, 15, 15, 15, 15, 15, 16] saved -> /home/computer0/fly_project/fly_gsplat/outputs/ctrl_009_001_ratio3_sh0_dense_mid200/ratio3_sh0_dense/f1189/splatfacto/2026-08-20_173933/gaussian_features_f1189_marked.csv
[f1190] n_total=24687 n_floater=2598 (10.5%) mid_10_17=[11, 12, 12, 13, 13] saved -> /home/computer0/fly_project/fly_gsplat/outputs/ctrl_009_001_ratio3_sh0_dense_mid200/ratio3_sh0_dense/f1190/splatfacto/2026-08-20_173933/gaussian_features_f1190_marked.csv
[f1191] n_total=23465 n_floater=2436 (10.4%) mid_10_17=[11, 11, 11, 11, 11, 13, 13, 14] saved -> /home/computer0/fly_project/fly_gsplat/outputs/ctrl_009_001_ratio3_sh0_dense_mid200/ratio3_sh0_dense/f1191/splatfacto/2026-08-20_173934/gaussian_features_f1191_marked.csv
[f1192] n_total=23340 n_floater=2411 (10.3%) mid_10_17=[11, 11, 11, 12, 13, 13, 13, 14, 16, 16] saved -> /home/computer0/fly_project/fly_gsplat/outputs/ctrl_009_001_ratio3_sh0_dense_mid200/ratio3_sh0_dense/f1192/splatfacto/2026-08-20_173933/gaussian_features_f1192_marked.csv
[f1193] n_total=23344 n_floater=2549 (10.9%) mid_10_17=[11, 11, 11, 11, 12, 13, 13, 14, 14] saved -> /home/computer0/fly_project/fly_gsplat/outputs/ctrl_009_001_ratio3_sh0_dense_mid200/ratio3_sh0_dense/f1193/splatfacto/2026-08-20_173935/gaussian_features_f1193_marked.csv
[f1194] n_total=23761 n_floater=2533 (10.7%) mid_10_17=[11, 11, 13, 13, 14, 15] saved -> /home/computer0/fly_project/fly_gsplat/outputs/ctrl_009_001_ratio3_sh0_dense_mid200/ratio3_sh0_dense/f1194/splatfacto/2026-08-20_173936/gaussian_features_f1194_marked.csv
[f1195] n_total=24199 n_floater=2365 (9.8%) mid_10_17=[11, 11, 12, 13, 13, 14, 14, 15] saved -> /home/computer0/fly_project/fly_gsplat/outputs/ctrl_009_001_ratio3_sh0_dense_mid200/ratio3_sh0_dense/f1195/splatfacto/2026-08-20_173935/gaussian_features_f1195_marked.csv
[f1196] n_total=23858 n_floater=2476 (10.4%) mid_10_17=[11, 11, 12, 12, 12, 13, 16, 16] saved -> /home/computer0/fly_project/fly_gsplat/outputs/ctrl_009_001_ratio3_sh0_dense_mid200/ratio3_sh0_dense/f1196/splatfacto/2026-08-20_174142/gaussian_features_f1196_marked.csv
[f1197] n_total=23882 n_floater=2451 (10.3%) mid_10_17=[11, 12, 13, 13, 14, 16] saved -> /home/computer0/fly_project/fly_gsplat/outputs/ctrl_009_001_ratio3_sh0_dense_mid200/ratio3_sh0_dense/f1197/splatfacto/2026-08-20_174143/gaussian_features_f1197_marked.csv
[f1198] n_total=24962 n_floater=2752 (11.0%) mid_10_17=[11, 11, 11, 11, 11, 12, 12, 13, 15, 15, 15, 16, 16, 16] saved -> /home/computer0/fly_project/fly_gsplat/outputs/ctrl_009_001_ratio3_sh0_dense_mid200/ratio3_sh0_dense/f1198/splatfacto/2026-08-20_174143/gaussian_features_f1198_marked.csv
[f1199] n_total=24043 n_floater=2576 (10.7%) mid_10_17=[11, 11, 11, 12, 12, 13, 14, 14, 14, 14] saved -> /home/computer0/fly_project/fly_gsplat/outputs/ctrl_009_001_ratio3_sh0_dense_mid200/ratio3_sh0_dense/f1199/splatfacto/2026-08-20_174143/gaussian_features_f1199_marked.csv
[f1200] n_total=24211 n_floater=2515 (10.4%) mid_10_17=[11, 12, 12, 12, 13, 13, 14, 14, 14, 15] saved -> /home/computer0/fly_project/fly_gsplat/outputs/ctrl_009_001_ratio3_sh0_dense_mid200/ratio3_sh0_dense/f1200/splatfacto/2026-08-20_174144/gaussian_features_f1200_marked.csv
[f1201] n_total=23803 n_floater=2533 (10.6%) mid_10_17=[11, 11, 11, 12, 12, 13, 14, 15, 16] saved -> /home/computer0/fly_project/fly_gsplat/outputs/ctrl_009_001_ratio3_sh0_dense_mid200/ratio3_sh0_dense/f1201/splatfacto/2026-08-20_174144/gaussian_features_f1201_marked.csv
[f1202] n_total=23689 n_floater=2536 (10.7%) mid_10_17=[11, 12, 12, 12, 12, 14, 15] saved -> /home/computer0/fly_project/fly_gsplat/outputs/ctrl_009_001_ratio3_sh0_dense_mid200/ratio3_sh0_dense/f1202/splatfacto/2026-08-20_174144/gaussian_features_f1202_marked.csv
[f1203] n_total=23730 n_floater=2512 (10.6%) mid_10_17=[11, 11, 13, 14, 14, 14, 15] saved -> /home/computer0/fly_project/fly_gsplat/outputs/ctrl_009_001_ratio3_sh0_dense_mid200/ratio3_sh0_dense/f1203/splatfacto/2026-08-20_174144/gaussian_features_f1203_marked.csv
[f1204] n_total=23329 n_floater=2554 (10.9%) mid_10_17=[11, 11, 11, 12, 12, 14, 14, 14, 14, 16, 16] saved -> /home/computer0/fly_project/fly_gsplat/outputs/ctrl_009_001_ratio3_sh0_dense_mid200/ratio3_sh0_dense/f1204/splatfacto/2026-08-20_174146/gaussian_features_f1204_marked.csv
[f1205] n_total=24140 n_floater=2660 (11.0%) mid_10_17=[13, 14, 16, 16, 16, 16] saved -> /home/computer0/fly_project/fly_gsplat/outputs/ctrl_009_001_ratio3_sh0_dense_mid200/ratio3_sh0_dense/f1205/splatfacto/2026-08-20_174146/gaussian_features_f1205_marked.csv
[f1206] n_total=24157 n_floater=2392 (9.9%) mid_10_17=[12, 13, 15] saved -> /home/computer0/fly_project/fly_gsplat/outputs/ctrl_009_001_ratio3_sh0_dense_mid200/ratio3_sh0_dense/f1206/splatfacto/2026-08-20_174146/gaussian_features_f1206_marked.csv
[f1207] n_total=22323 n_floater=2253 (10.1%) mid_10_17=[11, 11, 12, 12, 12] saved -> /home/computer0/fly_project/fly_gsplat/outputs/ctrl_009_001_ratio3_sh0_dense_mid200/ratio3_sh0_dense/f1207/splatfacto/2026-08-20_174147/gaussian_features_f1207_marked.csv
[f1208] n_total=24098 n_floater=2587 (10.7%) mid_10_17=[12, 13, 13, 13, 14, 14, 14, 15] saved -> /home/computer0/fly_project/fly_gsplat/outputs/ctrl_009_001_ratio3_sh0_dense_mid200/ratio3_sh0_dense/f1208/splatfacto/2026-08-20_174354/gaussian_features_f1208_marked.csv
[f1209] n_total=24697 n_floater=2870 (11.6%) mid_10_17=[11, 11, 11, 11, 11, 11, 12, 13, 14, 16] saved -> /home/computer0/fly_project/fly_gsplat/outputs/ctrl_009_001_ratio3_sh0_dense_mid200/ratio3_sh0_dense/f1209/splatfacto/2026-08-20_174355/gaussian_features_f1209_marked.csv
[f1210] n_total=24894 n_floater=2722 (10.9%) mid_10_17=[12, 12, 15] saved -> /home/computer0/fly_project/fly_gsplat/outputs/ctrl_009_001_ratio3_sh0_dense_mid200/ratio3_sh0_dense/f1210/splatfacto/2026-08-20_174356/gaussian_features_f1210_marked.csv
[f1211] n_total=24101 n_floater=2555 (10.6%) mid_10_17=[11, 11, 11, 11, 12, 13, 13, 14, 14, 15, 15, 16, 16] saved -> /home/computer0/fly_project/fly_gsplat/outputs/ctrl_009_001_ratio3_sh0_dense_mid200/ratio3_sh0_dense/f1211/splatfacto/2026-08-20_174356/gaussian_features_f1211_marked.csv
[f1212] n_total=23491 n_floater=2489 (10.6%) mid_10_17=[11, 11, 12, 12, 13, 14, 14, 15, 16, 16] saved -> /home/computer0/fly_project/fly_gsplat/outputs/ctrl_009_001_ratio3_sh0_dense_mid200/ratio3_sh0_dense/f1212/splatfacto/2026-08-20_174356/gaussian_features_f1212_marked.csv
[f1213] n_total=23748 n_floater=2600 (10.9%) mid_10_17=[12, 12, 13, 13, 13, 13] saved -> /home/computer0/fly_project/fly_gsplat/outputs/ctrl_009_001_ratio3_sh0_dense_mid200/ratio3_sh0_dense/f1213/splatfacto/2026-08-20_174357/gaussian_features_f1213_marked.csv
[f1214] n_total=23991 n_floater=2630 (11.0%) mid_10_17=[11, 11, 13, 13, 13, 13, 14, 15, 15, 16, 16, 16] saved -> /home/computer0/fly_project/fly_gsplat/outputs/ctrl_009_001_ratio3_sh0_dense_mid200/ratio3_sh0_dense/f1214/splatfacto/2026-08-20_174357/gaussian_features_f1214_marked.csv
[f1215] n_total=24698 n_floater=2594 (10.5%) mid_10_17=[11, 12, 12, 12, 12, 13, 14, 15, 15, 15, 16] saved -> /home/computer0/fly_project/fly_gsplat/outputs/ctrl_009_001_ratio3_sh0_dense_mid200/ratio3_sh0_dense/f1215/splatfacto/2026-08-20_174358/gaussian_features_f1215_marked.csv
[f1216] n_total=23428 n_floater=2339 (10.0%) mid_10_17=[13, 14, 16] saved -> /home/computer0/fly_project/fly_gsplat/outputs/ctrl_009_001_ratio3_sh0_dense_mid200/ratio3_sh0_dense/f1216/splatfacto/2026-08-20_174358/gaussian_features_f1216_marked.csv
[f1217] n_total=23646 n_floater=2561 (10.8%) mid_10_17=[12, 12, 12, 13, 14, 14, 15, 15] saved -> /home/computer0/fly_project/fly_gsplat/outputs/ctrl_009_001_ratio3_sh0_dense_mid200/ratio3_sh0_dense/f1217/splatfacto/2026-08-20_174400/gaussian_features_f1217_marked.csv
[f1218] n_total=24718 n_floater=2679 (10.8%) mid_10_17=[11, 11, 13, 13, 14] saved -> /home/computer0/fly_project/fly_gsplat/outputs/ctrl_009_001_ratio3_sh0_dense_mid200/ratio3_sh0_dense/f1218/splatfacto/2026-08-20_174359/gaussian_features_f1218_marked.csv
[f1219] n_total=24195 n_floater=2563 (10.6%) mid_10_17=[11, 11, 13, 14, 14, 15, 16] saved -> /home/computer0/fly_project/fly_gsplat/outputs/ctrl_009_001_ratio3_sh0_dense_mid200/ratio3_sh0_dense/f1219/splatfacto/2026-08-20_174400/gaussian_features_f1219_marked.csv
[f1220] n_total=24509 n_floater=2677 (10.9%) mid_10_17=[11, 11, 12, 13, 13, 13, 13] saved -> /home/computer0/fly_project/fly_gsplat/outputs/ctrl_009_001_ratio3_sh0_dense_mid200/ratio3_sh0_dense/f1220/splatfacto/2026-08-20_174610/gaussian_features_f1220_marked.csv
[f1221] n_total=24011 n_floater=2431 (10.1%) mid_10_17=[11, 12, 12, 12, 13, 13, 15] saved -> /home/computer0/fly_project/fly_gsplat/outputs/ctrl_009_001_ratio3_sh0_dense_mid200/ratio3_sh0_dense/f1221/splatfacto/2026-08-20_174610/gaussian_features_f1221_marked.csv
[f1222] n_total=23746 n_floater=2487 (10.5%) mid_10_17=[13, 13, 15, 15, 16] saved -> /home/computer0/fly_project/fly_gsplat/outputs/ctrl_009_001_ratio3_sh0_dense_mid200/ratio3_sh0_dense/f1222/splatfacto/2026-08-20_174611/gaussian_features_f1222_marked.csv
[f1223] n_total=23800 n_floater=2554 (10.7%) mid_10_17=[11, 11, 11, 11, 11, 13, 13, 16] saved -> /home/computer0/fly_project/fly_gsplat/outputs/ctrl_009_001_ratio3_sh0_dense_mid200/ratio3_sh0_dense/f1223/splatfacto/2026-08-20_174610/gaussian_features_f1223_marked.csv
[f1224] n_total=23833 n_floater=2557 (10.7%) mid_10_17=[11, 11, 11, 12, 14, 15] saved -> /home/computer0/fly_project/fly_gsplat/outputs/ctrl_009_001_ratio3_sh0_dense_mid200/ratio3_sh0_dense/f1224/splatfacto/2026-08-20_174611/gaussian_features_f1224_marked.csv
[f1225] n_total=24319 n_floater=2607 (10.7%) mid_10_17=[11, 11, 12, 13, 14, 15] saved -> /home/computer0/fly_project/fly_gsplat/outputs/ctrl_009_001_ratio3_sh0_dense_mid200/ratio3_sh0_dense/f1225/splatfacto/2026-08-20_174612/gaussian_features_f1225_marked.csv
[f1226] n_total=25079 n_floater=2793 (11.1%) mid_10_17=[11, 12, 12, 13, 15, 15] saved -> /home/computer0/fly_project/fly_gsplat/outputs/ctrl_009_001_ratio3_sh0_dense_mid200/ratio3_sh0_dense/f1226/splatfacto/2026-08-20_174611/gaussian_features_f1226_marked.csv
[f1227] n_total=24749 n_floater=2606 (10.5%) mid_10_17=[11, 13, 13, 13, 13, 15, 16, 16] saved -> /home/computer0/fly_project/fly_gsplat/outputs/ctrl_009_001_ratio3_sh0_dense_mid200/ratio3_sh0_dense/f1227/splatfacto/2026-08-20_174611/gaussian_features_f1227_marked.csv
[f1228] n_total=25197 n_floater=2745 (10.9%) mid_10_17=[11, 11, 12, 13, 14, 14, 14, 15, 16] saved -> /home/computer0/fly_project/fly_gsplat/outputs/ctrl_009_001_ratio3_sh0_dense_mid200/ratio3_sh0_dense/f1228/splatfacto/2026-08-20_174612/gaussian_features_f1228_marked.csv
[f1229] n_total=24384 n_floater=2810 (11.5%) mid_10_17=[11, 12, 12, 12, 13, 15, 15, 15, 16, 16, 16, 16, 16] saved -> /home/computer0/fly_project/fly_gsplat/outputs/ctrl_009_001_ratio3_sh0_dense_mid200/ratio3_sh0_dense/f1229/splatfacto/2026-08-20_174612/gaussian_features_f1229_marked.csv
[f1230] n_total=24003 n_floater=2534 (10.6%) mid_10_17=[11, 12, 13, 13, 13, 14, 14, 15, 15, 15, 16] saved -> /home/computer0/fly_project/fly_gsplat/outputs/ctrl_009_001_ratio3_sh0_dense_mid200/ratio3_sh0_dense/f1230/splatfacto/2026-08-20_174613/gaussian_features_f1230_marked.csv
[f1231] n_total=24229 n_floater=2502 (10.3%) mid_10_17=[11, 12, 13, 13, 14] saved -> /home/computer0/fly_project/fly_gsplat/outputs/ctrl_009_001_ratio3_sh0_dense_mid200/ratio3_sh0_dense/f1231/splatfacto/2026-08-20_174614/gaussian_features_f1231_marked.csv
[f1232] n_total=23312 n_floater=2396 (10.3%) mid_10_17=[11, 11, 12, 15] saved -> /home/computer0/fly_project/fly_gsplat/outputs/ctrl_009_001_ratio3_sh0_dense_mid200/ratio3_sh0_dense/f1232/splatfacto/2026-08-20_174822/gaussian_features_f1232_marked.csv
[f1233] n_total=23777 n_floater=2697 (11.3%) mid_10_17=[11, 11, 12, 12, 12, 13] saved -> /home/computer0/fly_project/fly_gsplat/outputs/ctrl_009_001_ratio3_sh0_dense_mid200/ratio3_sh0_dense/f1233/splatfacto/2026-08-20_174825/gaussian_features_f1233_marked.csv
[f1234] n_total=23347 n_floater=2698 (11.6%) mid_10_17=[11, 11, 11, 12, 12, 15, 16] saved -> /home/computer0/fly_project/fly_gsplat/outputs/ctrl_009_001_ratio3_sh0_dense_mid200/ratio3_sh0_dense/f1234/splatfacto/2026-08-20_174825/gaussian_features_f1234_marked.csv
[f1235] n_total=23337 n_floater=2605 (11.2%) mid_10_17=[11, 11, 12, 12, 15, 16, 16] saved -> /home/computer0/fly_project/fly_gsplat/outputs/ctrl_009_001_ratio3_sh0_dense_mid200/ratio3_sh0_dense/f1235/splatfacto/2026-08-20_174825/gaussian_features_f1235_marked.csv
[f1236] n_total=25437 n_floater=2829 (11.1%) mid_10_17=[11, 11, 12, 12, 12, 14, 14, 15, 16] saved -> /home/computer0/fly_project/fly_gsplat/outputs/ctrl_009_001_ratio3_sh0_dense_mid200/ratio3_sh0_dense/f1236/splatfacto/2026-08-20_174825/gaussian_features_f1236_marked.csv
[f1237] n_total=23024 n_floater=2509 (10.9%) mid_10_17=[11, 11, 11, 13, 13, 14] saved -> /home/computer0/fly_project/fly_gsplat/outputs/ctrl_009_001_ratio3_sh0_dense_mid200/ratio3_sh0_dense/f1237/splatfacto/2026-08-20_174825/gaussian_features_f1237_marked.csv
[f1238] n_total=22586 n_floater=2469 (10.9%) mid_10_17=[11, 11, 12, 13, 13, 14, 14, 14, 15] saved -> /home/computer0/fly_project/fly_gsplat/outputs/ctrl_009_001_ratio3_sh0_dense_mid200/ratio3_sh0_dense/f1238/splatfacto/2026-08-20_174824/gaussian_features_f1238_marked.csv
[f1239] n_total=22098 n_floater=2425 (11.0%) mid_10_17=[13, 13, 14, 15] saved -> /home/computer0/fly_project/fly_gsplat/outputs/ctrl_009_001_ratio3_sh0_dense_mid200/ratio3_sh0_dense/f1239/splatfacto/2026-08-20_174825/gaussian_features_f1239_marked.csv
[f1240] n_total=23901 n_floater=2660 (11.1%) mid_10_17=[11, 11, 11, 11, 12, 13, 14, 14, 14, 16] saved -> /home/computer0/fly_project/fly_gsplat/outputs/ctrl_009_001_ratio3_sh0_dense_mid200/ratio3_sh0_dense/f1240/splatfacto/2026-08-20_174825/gaussian_features_f1240_marked.csv
[f1241] n_total=22824 n_floater=2292 (10.0%) mid_10_17=[11, 11, 12, 13, 13, 13, 15, 16, 16] saved -> /home/computer0/fly_project/fly_gsplat/outputs/ctrl_009_001_ratio3_sh0_dense_mid200/ratio3_sh0_dense/f1241/splatfacto/2026-08-20_174826/gaussian_features_f1241_marked.csv
[f1242] n_total=23966 n_floater=2808 (11.7%) mid_10_17=[12, 12, 12, 14, 15, 15, 16] saved -> /home/computer0/fly_project/fly_gsplat/outputs/ctrl_009_001_ratio3_sh0_dense_mid200/ratio3_sh0_dense/f1242/splatfacto/2026-08-20_174826/gaussian_features_f1242_marked.csv
[f1243] n_total=23537 n_floater=2442 (10.4%) mid_10_17=[11, 11, 11, 12, 13, 15, 15, 16] saved -> /home/computer0/fly_project/fly_gsplat/outputs/ctrl_009_001_ratio3_sh0_dense_mid200/ratio3_sh0_dense/f1243/splatfacto/2026-08-20_174827/gaussian_features_f1243_marked.csv
[f1244] n_total=23953 n_floater=2676 (11.2%) mid_10_17=[11, 11, 12, 12, 13] saved -> /home/computer0/fly_project/fly_gsplat/outputs/ctrl_009_001_ratio3_sh0_dense_mid200/ratio3_sh0_dense/f1244/splatfacto/2026-08-20_175037/gaussian_features_f1244_marked.csv
[f1245] n_total=24920 n_floater=2780 (11.2%) mid_10_17=[11, 11, 11, 11, 11, 11, 13, 14, 16, 16, 16, 16] saved -> /home/computer0/fly_project/fly_gsplat/outputs/ctrl_009_001_ratio3_sh0_dense_mid200/ratio3_sh0_dense/f1245/splatfacto/2026-08-20_175038/gaussian_features_f1245_marked.csv
[f1246] n_total=22613 n_floater=2462 (10.9%) mid_10_17=[11, 11, 11, 12, 12, 13, 13, 13, 13, 15, 16, 16] saved -> /home/computer0/fly_project/fly_gsplat/outputs/ctrl_009_001_ratio3_sh0_dense_mid200/ratio3_sh0_dense/f1246/splatfacto/2026-08-20_175039/gaussian_features_f1246_marked.csv
[f1247] n_total=23609 n_floater=2545 (10.8%) mid_10_17=[12, 12, 14, 15, 16, 16, 16] saved -> /home/computer0/fly_project/fly_gsplat/outputs/ctrl_009_001_ratio3_sh0_dense_mid200/ratio3_sh0_dense/f1247/splatfacto/2026-08-20_175039/gaussian_features_f1247_marked.csv
[f1248] n_total=24428 n_floater=2659 (10.9%) mid_10_17=[11, 12, 13, 15, 16, 16] saved -> /home/computer0/fly_project/fly_gsplat/outputs/ctrl_009_001_ratio3_sh0_dense_mid200/ratio3_sh0_dense/f1248/splatfacto/2026-08-20_175040/gaussian_features_f1248_marked.csv
[f1249] n_total=22932 n_floater=2565 (11.2%) mid_10_17=[11, 12, 13, 13, 13, 14, 15, 16, 16, 16, 16, 16] saved -> /home/computer0/fly_project/fly_gsplat/outputs/ctrl_009_001_ratio3_sh0_dense_mid200/ratio3_sh0_dense/f1249/splatfacto/2026-08-20_175040/gaussian_features_f1249_marked.csv
[f1250] n_total=22165 n_floater=2259 (10.2%) mid_10_17=[12, 12, 13, 14, 15, 16, 16] saved -> /home/computer0/fly_project/fly_gsplat/outputs/ctrl_009_001_ratio3_sh0_dense_mid200/ratio3_sh0_dense/f1250/splatfacto/2026-08-20_175040/gaussian_features_f1250_marked.csv
[f1251] n_total=23961 n_floater=2489 (10.4%) mid_10_17=[12, 12, 14] saved -> /home/computer0/fly_project/fly_gsplat/outputs/ctrl_009_001_ratio3_sh0_dense_mid200/ratio3_sh0_dense/f1251/splatfacto/2026-08-20_175040/gaussian_features_f1251_marked.csv
[f1252] n_total=24159 n_floater=2587 (10.7%) mid_10_17=[11, 11, 12, 15, 15, 16, 16] saved -> /home/computer0/fly_project/fly_gsplat/outputs/ctrl_009_001_ratio3_sh0_dense_mid200/ratio3_sh0_dense/f1252/splatfacto/2026-08-20_175041/gaussian_features_f1252_marked.csv
[f1253] n_total=23341 n_floater=2553 (10.9%) mid_10_17=[11, 11, 11, 11, 14] saved -> /home/computer0/fly_project/fly_gsplat/outputs/ctrl_009_001_ratio3_sh0_dense_mid200/ratio3_sh0_dense/f1253/splatfacto/2026-08-20_175040/gaussian_features_f1253_marked.csv
[f1254] n_total=23273 n_floater=2395 (10.3%) mid_10_17=[11, 12, 15, 16] saved -> /home/computer0/fly_project/fly_gsplat/outputs/ctrl_009_001_ratio3_sh0_dense_mid200/ratio3_sh0_dense/f1254/splatfacto/2026-08-20_175042/gaussian_features_f1254_marked.csv
[f1255] n_total=22642 n_floater=2460 (10.9%) mid_10_17=[11, 12, 13, 13, 13, 14, 14, 14, 14] saved -> /home/computer0/fly_project/fly_gsplat/outputs/ctrl_009_001_ratio3_sh0_dense_mid200/ratio3_sh0_dense/f1255/splatfacto/2026-08-20_175041/gaussian_features_f1255_marked.csv
[f1256] n_total=23275 n_floater=2572 (11.1%) mid_10_17=[11, 11, 11, 12, 15, 16] saved -> /home/computer0/fly_project/fly_gsplat/outputs/ctrl_009_001_ratio3_sh0_dense_mid200/ratio3_sh0_dense/f1256/splatfacto/2026-08-20_175249/gaussian_features_f1256_marked.csv
[f1257] n_total=23325 n_floater=2439 (10.5%) mid_10_17=[11, 16, 16] saved -> /home/computer0/fly_project/fly_gsplat/outputs/ctrl_009_001_ratio3_sh0_dense_mid200/ratio3_sh0_dense/f1257/splatfacto/2026-08-20_175249/gaussian_features_f1257_marked.csv
[f1258] n_total=23209 n_floater=2353 (10.1%) mid_10_17=[11, 11, 13, 13, 13, 14, 15, 15] saved -> /home/computer0/fly_project/fly_gsplat/outputs/ctrl_009_001_ratio3_sh0_dense_mid200/ratio3_sh0_dense/f1258/splatfacto/2026-08-20_175252/gaussian_features_f1258_marked.csv
[f1259] n_total=24115 n_floater=2748 (11.4%) mid_10_17=[12, 13, 14] saved -> /home/computer0/fly_project/fly_gsplat/outputs/ctrl_009_001_ratio3_sh0_dense_mid200/ratio3_sh0_dense/f1259/splatfacto/2026-08-20_175253/gaussian_features_f1259_marked.csv
[f1260] n_total=23740 n_floater=2361 (9.9%) mid_10_17=[11, 11, 11, 13, 13, 13, 15, 16, 16, 16] saved -> /home/computer0/fly_project/fly_gsplat/outputs/ctrl_009_001_ratio3_sh0_dense_mid200/ratio3_sh0_dense/f1260/splatfacto/2026-08-20_175250/gaussian_features_f1260_marked.csv
[f1261] n_total=22652 n_floater=2356 (10.4%) mid_10_17=[11, 11, 13, 13, 15, 16] saved -> /home/computer0/fly_project/fly_gsplat/outputs/ctrl_009_001_ratio3_sh0_dense_mid200/ratio3_sh0_dense/f1261/splatfacto/2026-08-20_175253/gaussian_features_f1261_marked.csv
[f1262] n_total=22657 n_floater=2458 (10.8%) mid_10_17=[11, 11, 11, 12, 13] saved -> /home/computer0/fly_project/fly_gsplat/outputs/ctrl_009_001_ratio3_sh0_dense_mid200/ratio3_sh0_dense/f1262/splatfacto/2026-08-20_175254/gaussian_features_f1262_marked.csv
[f1263] n_total=24699 n_floater=2549 (10.3%) mid_10_17=[11, 12, 12, 12, 13, 13, 14] saved -> /home/computer0/fly_project/fly_gsplat/outputs/ctrl_009_001_ratio3_sh0_dense_mid200/ratio3_sh0_dense/f1263/splatfacto/2026-08-20_175253/gaussian_features_f1263_marked.csv
[f1264] n_total=23834 n_floater=2489 (10.4%) mid_10_17=[11, 13, 14, 14, 15, 15] saved -> /home/computer0/fly_project/fly_gsplat/outputs/ctrl_009_001_ratio3_sh0_dense_mid200/ratio3_sh0_dense/f1264/splatfacto/2026-08-20_175253/gaussian_features_f1264_marked.csv
[f1265] n_total=23284 n_floater=2538 (10.9%) mid_10_17=[11, 12, 13, 14, 15, 16] saved -> /home/computer0/fly_project/fly_gsplat/outputs/ctrl_009_001_ratio3_sh0_dense_mid200/ratio3_sh0_dense/f1265/splatfacto/2026-08-20_175253/gaussian_features_f1265_marked.csv
[f1266] n_total=23288 n_floater=2536 (10.9%) mid_10_17=[11, 11, 12, 13, 13, 13, 14, 14, 14, 16, 16] saved -> /home/computer0/fly_project/fly_gsplat/outputs/ctrl_009_001_ratio3_sh0_dense_mid200/ratio3_sh0_dense/f1266/splatfacto/2026-08-20_175253/gaussian_features_f1266_marked.csv
[f1267] n_total=25365 n_floater=2783 (11.0%) mid_10_17=[11, 11, 12, 13, 14, 14, 14, 14] saved -> /home/computer0/fly_project/fly_gsplat/outputs/ctrl_009_001_ratio3_sh0_dense_mid200/ratio3_sh0_dense/f1267/splatfacto/2026-08-20_175254/gaussian_features_f1267_marked.csv
[f1268] n_total=23874 n_floater=2522 (10.6%) mid_10_17=[11, 11, 12, 12, 12, 12, 12, 14, 15] saved -> /home/computer0/fly_project/fly_gsplat/outputs/ctrl_009_001_ratio3_sh0_dense_mid200/ratio3_sh0_dense/f1268/splatfacto/2026-08-20_175459/gaussian_features_f1268_marked.csv
[f1269] n_total=23119 n_floater=2407 (10.4%) mid_10_17=[11] saved -> /home/computer0/fly_project/fly_gsplat/outputs/ctrl_009_001_ratio3_sh0_dense_mid200/ratio3_sh0_dense/f1269/splatfacto/2026-08-20_175500/gaussian_features_f1269_marked.csv
[f1270] n_total=23147 n_floater=2398 (10.4%) mid_10_17=[11, 12, 13, 13, 13, 14, 14, 15] saved -> /home/computer0/fly_project/fly_gsplat/outputs/ctrl_009_001_ratio3_sh0_dense_mid200/ratio3_sh0_dense/f1270/splatfacto/2026-08-20_175500/gaussian_features_f1270_marked.csv
[f1271] n_total=23146 n_floater=2516 (10.9%) mid_10_17=[12, 12, 13, 13, 13, 13, 16] saved -> /home/computer0/fly_project/fly_gsplat/outputs/ctrl_009_001_ratio3_sh0_dense_mid200/ratio3_sh0_dense/f1271/splatfacto/2026-08-20_175501/gaussian_features_f1271_marked.csv
[f1272] n_total=23311 n_floater=2490 (10.7%) mid_10_17=[11, 12, 12, 12, 12, 13, 13, 14, 15] saved -> /home/computer0/fly_project/fly_gsplat/outputs/ctrl_009_001_ratio3_sh0_dense_mid200/ratio3_sh0_dense/f1272/splatfacto/2026-08-20_175502/gaussian_features_f1272_marked.csv
[f1273] n_total=23218 n_floater=2530 (10.9%) mid_10_17=[11, 12, 13, 13, 14, 15, 15, 16] saved -> /home/computer0/fly_project/fly_gsplat/outputs/ctrl_009_001_ratio3_sh0_dense_mid200/ratio3_sh0_dense/f1273/splatfacto/2026-08-20_175501/gaussian_features_f1273_marked.csv
[f1274] n_total=23273 n_floater=2529 (10.9%) mid_10_17=[11, 12, 13, 14, 15] saved -> /home/computer0/fly_project/fly_gsplat/outputs/ctrl_009_001_ratio3_sh0_dense_mid200/ratio3_sh0_dense/f1274/splatfacto/2026-08-20_175501/gaussian_features_f1274_marked.csv
[f1275] n_total=22834 n_floater=2355 (10.3%) mid_10_17=[11, 11, 12, 13, 13, 13, 13, 14] saved -> /home/computer0/fly_project/fly_gsplat/outputs/ctrl_009_001_ratio3_sh0_dense_mid200/ratio3_sh0_dense/f1275/splatfacto/2026-08-20_175502/gaussian_features_f1275_marked.csv
[f1276] n_total=23813 n_floater=2509 (10.5%) mid_10_17=[11, 11, 13, 15, 16, 16] saved -> /home/computer0/fly_project/fly_gsplat/outputs/ctrl_009_001_ratio3_sh0_dense_mid200/ratio3_sh0_dense/f1276/splatfacto/2026-08-20_175503/gaussian_features_f1276_marked.csv
[f1277] n_total=23912 n_floater=2629 (11.0%) mid_10_17=[11, 11, 16] saved -> /home/computer0/fly_project/fly_gsplat/outputs/ctrl_009_001_ratio3_sh0_dense_mid200/ratio3_sh0_dense/f1277/splatfacto/2026-08-20_175502/gaussian_features_f1277_marked.csv
[f1278] n_total=24396 n_floater=2493 (10.2%) mid_10_17=[11, 12, 15, 15, 16, 16] saved -> /home/computer0/fly_project/fly_gsplat/outputs/ctrl_009_001_ratio3_sh0_dense_mid200/ratio3_sh0_dense/f1278/splatfacto/2026-08-20_175502/gaussian_features_f1278_marked.csv
[f1279] n_total=23477 n_floater=2529 (10.8%) mid_10_17=[12, 12, 12, 15, 15, 15, 16, 16] saved -> /home/computer0/fly_project/fly_gsplat/outputs/ctrl_009_001_ratio3_sh0_dense_mid200/ratio3_sh0_dense/f1279/splatfacto/2026-08-20_175503/gaussian_features_f1279_marked.csv
[f1280] n_total=23891 n_floater=2635 (11.0%) mid_10_17=[11, 11, 11, 11, 14, 15, 16] saved -> /home/computer0/fly_project/fly_gsplat/outputs/ctrl_009_001_ratio3_sh0_dense_mid200/ratio3_sh0_dense/f1280/splatfacto/2026-08-20_175713/gaussian_features_f1280_marked.csv
[f1281] n_total=23421 n_floater=2591 (11.1%) mid_10_17=[11, 12, 12, 13, 13, 14, 15] saved -> /home/computer0/fly_project/fly_gsplat/outputs/ctrl_009_001_ratio3_sh0_dense_mid200/ratio3_sh0_dense/f1281/splatfacto/2026-08-20_175713/gaussian_features_f1281_marked.csv
[f1282] n_total=23888 n_floater=2582 (10.8%) mid_10_17=[11, 12, 12, 14, 15, 16, 16, 16, 16] saved -> /home/computer0/fly_project/fly_gsplat/outputs/ctrl_009_001_ratio3_sh0_dense_mid200/ratio3_sh0_dense/f1282/splatfacto/2026-08-20_175715/gaussian_features_f1282_marked.csv
[f1283] n_total=23395 n_floater=2483 (10.6%) mid_10_17=[11, 12, 12, 12, 13, 14, 15, 16] saved -> /home/computer0/fly_project/fly_gsplat/outputs/ctrl_009_001_ratio3_sh0_dense_mid200/ratio3_sh0_dense/f1283/splatfacto/2026-08-20_175714/gaussian_features_f1283_marked.csv
[f1284] n_total=23824 n_floater=2647 (11.1%) mid_10_17=[11, 11, 12, 15, 15, 15] saved -> /home/computer0/fly_project/fly_gsplat/outputs/ctrl_009_001_ratio3_sh0_dense_mid200/ratio3_sh0_dense/f1284/splatfacto/2026-08-20_175715/gaussian_features_f1284_marked.csv
[f1285] n_total=23139 n_floater=2321 (10.0%) mid_10_17=[11, 12, 12, 12, 13, 14, 14, 14, 15, 15, 16, 16, 16] saved -> /home/computer0/fly_project/fly_gsplat/outputs/ctrl_009_001_ratio3_sh0_dense_mid200/ratio3_sh0_dense/f1285/splatfacto/2026-08-20_175714/gaussian_features_f1285_marked.csv
[f1286] n_total=23287 n_floater=2471 (10.6%) mid_10_17=[11, 12, 15, 16, 16, 16] saved -> /home/computer0/fly_project/fly_gsplat/outputs/ctrl_009_001_ratio3_sh0_dense_mid200/ratio3_sh0_dense/f1286/splatfacto/2026-08-20_175715/gaussian_features_f1286_marked.csv
[f1287] n_total=23038 n_floater=2585 (11.2%) mid_10_17=[11, 12, 12, 13, 13, 13, 14, 14, 16, 16] saved -> /home/computer0/fly_project/fly_gsplat/outputs/ctrl_009_001_ratio3_sh0_dense_mid200/ratio3_sh0_dense/f1287/splatfacto/2026-08-20_175716/gaussian_features_f1287_marked.csv
[f1288] n_total=24291 n_floater=2582 (10.6%) mid_10_17=[11, 11, 11, 11, 11, 13, 13, 13, 14, 14, 16] saved -> /home/computer0/fly_project/fly_gsplat/outputs/ctrl_009_001_ratio3_sh0_dense_mid200/ratio3_sh0_dense/f1288/splatfacto/2026-08-20_175715/gaussian_features_f1288_marked.csv
[f1289] n_total=23223 n_floater=2329 (10.0%) mid_10_17=[11, 13, 13, 13, 14, 15, 15, 16] saved -> /home/computer0/fly_project/fly_gsplat/outputs/ctrl_009_001_ratio3_sh0_dense_mid200/ratio3_sh0_dense/f1289/splatfacto/2026-08-20_175715/gaussian_features_f1289_marked.csv
[f1290] n_total=24231 n_floater=2758 (11.4%) mid_10_17=[11, 12, 12, 12, 12, 13, 14, 14, 15, 16, 16, 16] saved -> /home/computer0/fly_project/fly_gsplat/outputs/ctrl_009_001_ratio3_sh0_dense_mid200/ratio3_sh0_dense/f1290/splatfacto/2026-08-20_175717/gaussian_features_f1290_marked.csv
[f1291] n_total=24304 n_floater=2693 (11.1%) mid_10_17=[11, 12, 13, 13, 13, 15, 16, 16] saved -> /home/computer0/fly_project/fly_gsplat/outputs/ctrl_009_001_ratio3_sh0_dense_mid200/ratio3_sh0_dense/f1291/splatfacto/2026-08-20_175718/gaussian_features_f1291_marked.csv
[f1292] n_total=22364 n_floater=2398 (10.7%) mid_10_17=[11, 12, 12, 13, 13, 14, 14, 16, 16] saved -> /home/computer0/fly_project/fly_gsplat/outputs/ctrl_009_001_ratio3_sh0_dense_mid200/ratio3_sh0_dense/f1292/splatfacto/2026-08-20_175926/gaussian_features_f1292_marked.csv
[f1293] n_total=23834 n_floater=2420 (10.2%) mid_10_17=[11, 11, 12, 13, 14, 15, 16] saved -> /home/computer0/fly_project/fly_gsplat/outputs/ctrl_009_001_ratio3_sh0_dense_mid200/ratio3_sh0_dense/f1293/splatfacto/2026-08-20_175927/gaussian_features_f1293_marked.csv
[f1294] n_total=23954 n_floater=2684 (11.2%) mid_10_17=[12, 12, 12, 13, 15, 16, 16, 16] saved -> /home/computer0/fly_project/fly_gsplat/outputs/ctrl_009_001_ratio3_sh0_dense_mid200/ratio3_sh0_dense/f1294/splatfacto/2026-08-20_175927/gaussian_features_f1294_marked.csv
[f1295] n_total=23248 n_floater=2565 (11.0%) mid_10_17=[11, 11, 11, 12, 12, 13, 13, 13, 14, 15, 15, 16] saved -> /home/computer0/fly_project/fly_gsplat/outputs/ctrl_009_001_ratio3_sh0_dense_mid200/ratio3_sh0_dense/f1295/splatfacto/2026-08-20_175927/gaussian_features_f1295_marked.csv
[f1296] n_total=24035 n_floater=2593 (10.8%) mid_10_17=[12, 13, 14, 14] saved -> /home/computer0/fly_project/fly_gsplat/outputs/ctrl_009_001_ratio3_sh0_dense_mid200/ratio3_sh0_dense/f1296/splatfacto/2026-08-20_175929/gaussian_features_f1296_marked.csv
[f1297] n_total=23177 n_floater=2323 (10.0%) mid_10_17=[11, 13, 14, 14, 14, 14, 14, 15] saved -> /home/computer0/fly_project/fly_gsplat/outputs/ctrl_009_001_ratio3_sh0_dense_mid200/ratio3_sh0_dense/f1297/splatfacto/2026-08-20_175928/gaussian_features_f1297_marked.csv
[f1298] n_total=24116 n_floater=2607 (10.8%) mid_10_17=[11, 12, 12, 12, 12, 13, 13, 14, 14, 15] saved -> /home/computer0/fly_project/fly_gsplat/outputs/ctrl_009_001_ratio3_sh0_dense_mid200/ratio3_sh0_dense/f1298/splatfacto/2026-08-20_175928/gaussian_features_f1298_marked.csv
[f1299] n_total=23922 n_floater=2686 (11.2%) mid_10_17=[11, 12, 12, 13, 13, 14, 14, 15, 15, 16, 16, 16] saved -> /home/computer0/fly_project/fly_gsplat/outputs/ctrl_009_001_ratio3_sh0_dense_mid200/ratio3_sh0_dense/f1299/splatfacto/2026-08-20_175928/gaussian_features_f1299_marked.csv

  [T3] motion accumulation labeling ...
[density] frame_idx=1100: 窗口内36/73帧缺少T2产出(_marked.csv)，跳过不参与累加: ['f1064', 'f1065', 'f1066', 'f1067', 'f1068', 'f1069', 'f1070', 'f1071', 'f1072', 'f1073', 'f1074', 'f1075', 'f1076', 'f1077', 'f1078', 'f1079', 'f1080', 'f1081', 'f1082', 'f1083', 'f1084', 'f1085', 'f1086', 'f1087', 'f1088', 'f1089', 'f1090', 'f1091', 'f1092', 'f1093', 'f1094', 'f1095', 'f1096', 'f1097', 'f1098', 'f1099']
[density] body候选体素连通分量分析: 丢弃1/5277个非最大连通分量的碎块体素

[f1100] n_total=23864 n_kept=21298 (89.2%)  n_frames_in_window=37
  body候选体素数(阈值+连通分量后)=5276  body候选点数=18046(84.7% of kept)
  wing连通性: 碎块点=2024  实际改判=2024
  confidence=high  (wing_merged强制low; body候选点数<20或>0.9*n_kept强制low; 否则high)
  L/R锚定: wing_A -> wing_L  wing_B -> wing_R
  part_label分布(全部点，含if_keep=False的1-NN传播): body=21922  wing_L=1264  wing_R=678
  labeled csv -> /home/computer0/fly_project/fly_gsplat/outputs/ctrl_009_001_ratio3_sh0_dense_mid200/ratio3_sh0_dense/f1100/splatfacto/2026-08-20_172357/gaussian_features_f1100_labeled.csv
[density] frame_idx=1101: 窗口内35/73帧缺少T2产出(_marked.csv)，跳过不参与累加: ['f1065', 'f1066', 'f1067', 'f1068', 'f1069', 'f1070', 'f1071', 'f1072', 'f1073', 'f1074', 'f1075', 'f1076', 'f1077', 'f1078', 'f1079', 'f1080', 'f1081', 'f1082', 'f1083', 'f1084', 'f1085', 'f1086', 'f1087', 'f1088', 'f1089', 'f1090', 'f1091', 'f1092', 'f1093', 'f1094', 'f1095', 'f1096', 'f1097', 'f1098', 'f1099']
[density] body候选体素连通分量分析: 丢弃1/5372个非最大连通分量的碎块体素

[f1101] n_total=23350 n_kept=20942 (89.7%)  n_frames_in_window=38
  body候选体素数(阈值+连通分量后)=5371  body候选点数=17434(83.2% of kept)
  wing连通性: 碎块点=2103  实际改判=2103
  confidence=high  (wing_merged强制low; body候选点数<20或>0.9*n_kept强制low; 否则high)
  L/R锚定: wing_A -> wing_L  wing_B -> wing_R
  part_label分布(全部点，含if_keep=False的1-NN传播): body=21019  wing_L=1254  wing_R=1077
  labeled csv -> /home/computer0/fly_project/fly_gsplat/outputs/ctrl_009_001_ratio3_sh0_dense_mid200/ratio3_sh0_dense/f1101/splatfacto/2026-08-20_172355/gaussian_features_f1101_labeled.csv
[density] frame_idx=1102: 窗口内34/73帧缺少T2产出(_marked.csv)，跳过不参与累加: ['f1066', 'f1067', 'f1068', 'f1069', 'f1070', 'f1071', 'f1072', 'f1073', 'f1074', 'f1075', 'f1076', 'f1077', 'f1078', 'f1079', 'f1080', 'f1081', 'f1082', 'f1083', 'f1084', 'f1085', 'f1086', 'f1087', 'f1088', 'f1089', 'f1090', 'f1091', 'f1092', 'f1093', 'f1094', 'f1095', 'f1096', 'f1097', 'f1098', 'f1099']
[density] body候选体素连通分量分析: 丢弃1/5462个非最大连通分量的碎块体素

[f1102] n_total=24126 n_kept=21612 (89.6%)  n_frames_in_window=39
  body候选体素数(阈值+连通分量后)=5461  body候选点数=18408(85.2% of kept)
  wing连通性: 碎块点=2463  实际改判=2463
  confidence=high  (wing_merged强制low; body候选点数<20或>0.9*n_kept强制low; 否则high)
  L/R锚定: wing_A -> wing_L  wing_B -> wing_R
  part_label分布(全部点，含if_keep=False的1-NN传播): body=22521  wing_L=1228  wing_R=377
  labeled csv -> /home/computer0/fly_project/fly_gsplat/outputs/ctrl_009_001_ratio3_sh0_dense_mid200/ratio3_sh0_dense/f1102/splatfacto/2026-08-20_172356/gaussian_features_f1102_labeled.csv
[density] frame_idx=1103: 窗口内33/73帧缺少T2产出(_marked.csv)，跳过不参与累加: ['f1067', 'f1068', 'f1069', 'f1070', 'f1071', 'f1072', 'f1073', 'f1074', 'f1075', 'f1076', 'f1077', 'f1078', 'f1079', 'f1080', 'f1081', 'f1082', 'f1083', 'f1084', 'f1085', 'f1086', 'f1087', 'f1088', 'f1089', 'f1090', 'f1091', 'f1092', 'f1093', 'f1094', 'f1095', 'f1096', 'f1097', 'f1098', 'f1099']
[density] body候选体素连通分量分析: 丢弃1/5573个非最大连通分量的碎块体素

[f1103] n_total=24907 n_kept=22208 (89.2%)  n_frames_in_window=40
  body候选体素数(阈值+连通分量后)=5572  body候选点数=18981(85.5% of kept)
  wing连通性: 碎块点=2381  实际改判=2381
  confidence=high  (wing_merged强制low; body候选点数<20或>0.9*n_kept强制low; 否则high)
  L/R锚定: wing_A -> wing_L  wing_B -> wing_R
  part_label分布(全部点，含if_keep=False的1-NN传播): body=23640  wing_L=863  wing_R=404
  labeled csv -> /home/computer0/fly_project/fly_gsplat/outputs/ctrl_009_001_ratio3_sh0_dense_mid200/ratio3_sh0_dense/f1103/splatfacto/2026-08-20_172357/gaussian_features_f1103_labeled.csv
[density] frame_idx=1104: 窗口内32/73帧缺少T2产出(_marked.csv)，跳过不参与累加: ['f1068', 'f1069', 'f1070', 'f1071', 'f1072', 'f1073', 'f1074', 'f1075', 'f1076', 'f1077', 'f1078', 'f1079', 'f1080', 'f1081', 'f1082', 'f1083', 'f1084', 'f1085', 'f1086', 'f1087', 'f1088', 'f1089', 'f1090', 'f1091', 'f1092', 'f1093', 'f1094', 'f1095', 'f1096', 'f1097', 'f1098', 'f1099']
[density] body候选体素连通分量分析: 丢弃1/5659个非最大连通分量的碎块体素

[f1104] n_total=24658 n_kept=22041 (89.4%)  n_frames_in_window=41
  body候选体素数(阈值+连通分量后)=5658  body候选点数=18942(85.9% of kept)
  wing连通性: 碎块点=2320  实际改判=2320
  confidence=high  (wing_merged强制low; body候选点数<20或>0.9*n_kept强制low; 否则high)
  L/R锚定: wing_A -> wing_L  wing_B -> wing_R
  part_label分布(全部点，含if_keep=False的1-NN传播): body=23480  wing_L=769  wing_R=409
  labeled csv -> /home/computer0/fly_project/fly_gsplat/outputs/ctrl_009_001_ratio3_sh0_dense_mid200/ratio3_sh0_dense/f1104/splatfacto/2026-08-20_172357/gaussian_features_f1104_labeled.csv
[density] frame_idx=1105: 窗口内31/73帧缺少T2产出(_marked.csv)，跳过不参与累加: ['f1069', 'f1070', 'f1071', 'f1072', 'f1073', 'f1074', 'f1075', 'f1076', 'f1077', 'f1078', 'f1079', 'f1080', 'f1081', 'f1082', 'f1083', 'f1084', 'f1085', 'f1086', 'f1087', 'f1088', 'f1089', 'f1090', 'f1091', 'f1092', 'f1093', 'f1094', 'f1095', 'f1096', 'f1097', 'f1098', 'f1099']
[density] body候选体素连通分量分析: 丢弃1/5744个非最大连通分量的碎块体素

[f1105] n_total=23692 n_kept=21310 (89.9%)  n_frames_in_window=42
  body候选体素数(阈值+连通分量后)=5743  body候选点数=18453(86.6% of kept)
  wing连通性: 碎块点=1935  实际改判=1935
  confidence=high  (wing_merged强制low; body候选点数<20或>0.9*n_kept强制low; 否则high)
  L/R锚定: wing_A -> wing_L  wing_B -> wing_R
  part_label分布(全部点，含if_keep=False的1-NN传播): body=21697  wing_L=1498  wing_R=497
  labeled csv -> /home/computer0/fly_project/fly_gsplat/outputs/ctrl_009_001_ratio3_sh0_dense_mid200/ratio3_sh0_dense/f1105/splatfacto/2026-08-20_172356/gaussian_features_f1105_labeled.csv
[density] frame_idx=1106: 窗口内30/73帧缺少T2产出(_marked.csv)，跳过不参与累加: ['f1070', 'f1071', 'f1072', 'f1073', 'f1074', 'f1075', 'f1076', 'f1077', 'f1078', 'f1079', 'f1080', 'f1081', 'f1082', 'f1083', 'f1084', 'f1085', 'f1086', 'f1087', 'f1088', 'f1089', 'f1090', 'f1091', 'f1092', 'f1093', 'f1094', 'f1095', 'f1096', 'f1097', 'f1098', 'f1099']

[f1106] n_total=24169 n_kept=21618 (89.4%)  n_frames_in_window=43
  body候选体素数(阈值+连通分量后)=5834  body候选点数=18837(87.1% of kept)
  wing连通性: 碎块点=1685  实际改判=1685
  confidence=high  (wing_merged强制low; body候选点数<20或>0.9*n_kept强制low; 否则high)
  L/R锚定: wing_A -> wing_L  wing_B -> wing_R
  part_label分布(全部点，含if_keep=False的1-NN传播): body=22149  wing_L=1407  wing_R=613
  labeled csv -> /home/computer0/fly_project/fly_gsplat/outputs/ctrl_009_001_ratio3_sh0_dense_mid200/ratio3_sh0_dense/f1106/splatfacto/2026-08-20_172357/gaussian_features_f1106_labeled.csv
[density] frame_idx=1107: 窗口内29/73帧缺少T2产出(_marked.csv)，跳过不参与累加: ['f1071', 'f1072', 'f1073', 'f1074', 'f1075', 'f1076', 'f1077', 'f1078', 'f1079', 'f1080', 'f1081', 'f1082', 'f1083', 'f1084', 'f1085', 'f1086', 'f1087', 'f1088', 'f1089', 'f1090', 'f1091', 'f1092', 'f1093', 'f1094', 'f1095', 'f1096', 'f1097', 'f1098', 'f1099']
[density] body候选体素连通分量分析: 丢弃1/5903个非最大连通分量的碎块体素

[f1107] n_total=22675 n_kept=20347 (89.7%)  n_frames_in_window=44
  body候选体素数(阈值+连通分量后)=5902  body候选点数=17637(86.7% of kept)
  wing连通性: 碎块点=1988  实际改判=1988
  confidence=high  (wing_merged强制low; body候选点数<20或>0.9*n_kept强制low; 否则high)
  L/R锚定: wing_A -> wing_R  wing_B -> wing_L
  part_label分布(全部点，含if_keep=False的1-NN传播): body=21155  wing_L=397  wing_R=1123
  labeled csv -> /home/computer0/fly_project/fly_gsplat/outputs/ctrl_009_001_ratio3_sh0_dense_mid200/ratio3_sh0_dense/f1107/splatfacto/2026-08-20_172356/gaussian_features_f1107_labeled.csv
[density] frame_idx=1108: 窗口内28/73帧缺少T2产出(_marked.csv)，跳过不参与累加: ['f1072', 'f1073', 'f1074', 'f1075', 'f1076', 'f1077', 'f1078', 'f1079', 'f1080', 'f1081', 'f1082', 'f1083', 'f1084', 'f1085', 'f1086', 'f1087', 'f1088', 'f1089', 'f1090', 'f1091', 'f1092', 'f1093', 'f1094', 'f1095', 'f1096', 'f1097', 'f1098', 'f1099']
[density] body候选体素连通分量分析: 丢弃2/6007个非最大连通分量的碎块体素

[f1108] n_total=24780 n_kept=22123 (89.3%)  n_frames_in_window=45
  body候选体素数(阈值+连通分量后)=6005  body候选点数=19630(88.7% of kept)
  wing连通性: 碎块点=1481  实际改判=1481
  confidence=high  (wing_merged强制low; body候选点数<20或>0.9*n_kept强制low; 否则high)
  L/R锚定: wing_A -> wing_L  wing_B -> wing_R
  part_label分布(全部点，含if_keep=False的1-NN传播): body=22847  wing_L=1458  wing_R=475
  labeled csv -> /home/computer0/fly_project/fly_gsplat/outputs/ctrl_009_001_ratio3_sh0_dense_mid200/ratio3_sh0_dense/f1108/splatfacto/2026-08-20_172356/gaussian_features_f1108_labeled.csv
[density] frame_idx=1109: 窗口内27/73帧缺少T2产出(_marked.csv)，跳过不参与累加: ['f1073', 'f1074', 'f1075', 'f1076', 'f1077', 'f1078', 'f1079', 'f1080', 'f1081', 'f1082', 'f1083', 'f1084', 'f1085', 'f1086', 'f1087', 'f1088', 'f1089', 'f1090', 'f1091', 'f1092', 'f1093', 'f1094', 'f1095', 'f1096', 'f1097', 'f1098', 'f1099']
[density] body候选体素连通分量分析: 丢弃2/6071个非最大连通分量的碎块体素

[f1109] n_total=24502 n_kept=21951 (89.6%)  n_frames_in_window=46
  body候选体素数(阈值+连通分量后)=6069  body候选点数=19332(88.1% of kept)
  wing连通性: 碎块点=1604  实际改判=1604
  confidence=high  (wing_merged强制low; body候选点数<20或>0.9*n_kept强制low; 否则high)
  L/R锚定: wing_A -> wing_L  wing_B -> wing_R
  part_label分布(全部点，含if_keep=False的1-NN传播): body=22112  wing_L=720  wing_R=1670
  labeled csv -> /home/computer0/fly_project/fly_gsplat/outputs/ctrl_009_001_ratio3_sh0_dense_mid200/ratio3_sh0_dense/f1109/splatfacto/2026-08-20_172357/gaussian_features_f1109_labeled.csv
[density] frame_idx=1110: 窗口内26/73帧缺少T2产出(_marked.csv)，跳过不参与累加: ['f1074', 'f1075', 'f1076', 'f1077', 'f1078', 'f1079', 'f1080', 'f1081', 'f1082', 'f1083', 'f1084', 'f1085', 'f1086', 'f1087', 'f1088', 'f1089', 'f1090', 'f1091', 'f1092', 'f1093', 'f1094', 'f1095', 'f1096', 'f1097', 'f1098', 'f1099']
[density] body候选体素连通分量分析: 丢弃2/6155个非最大连通分量的碎块体素

[f1110] n_total=24792 n_kept=22057 (89.0%)  n_frames_in_window=47
  body候选体素数(阈值+连通分量后)=6153  body候选点数=19669(89.2% of kept)
  wing连通性: 碎块点=1493  实际改判=1493
  confidence=high  (wing_merged强制low; body候选点数<20或>0.9*n_kept强制low; 否则high)
  L/R锚定: wing_A -> wing_R  wing_B -> wing_L
  part_label分布(全部点，含if_keep=False的1-NN传播): body=23228  wing_L=931  wing_R=633
  labeled csv -> /home/computer0/fly_project/fly_gsplat/outputs/ctrl_009_001_ratio3_sh0_dense_mid200/ratio3_sh0_dense/f1110/splatfacto/2026-08-20_172357/gaussian_features_f1110_labeled.csv
[density] frame_idx=1111: 窗口内25/73帧缺少T2产出(_marked.csv)，跳过不参与累加: ['f1075', 'f1076', 'f1077', 'f1078', 'f1079', 'f1080', 'f1081', 'f1082', 'f1083', 'f1084', 'f1085', 'f1086', 'f1087', 'f1088', 'f1089', 'f1090', 'f1091', 'f1092', 'f1093', 'f1094', 'f1095', 'f1096', 'f1097', 'f1098', 'f1099']
[density] body候选体素连通分量分析: 丢弃6/6252个非最大连通分量的碎块体素

[f1111] n_total=24509 n_kept=22064 (90.0%)  n_frames_in_window=48
  body候选体素数(阈值+连通分量后)=6246  body候选点数=19687(89.2% of kept)
  wing连通性: 碎块点=1652  实际改判=1652
  confidence=high  (wing_merged强制low; body候选点数<20或>0.9*n_kept强制low; 否则high)
  L/R锚定: wing_A -> wing_L  wing_B -> wing_R
  part_label分布(全部点，含if_keep=False的1-NN传播): body=23310  wing_L=951  wing_R=248
  labeled csv -> /home/computer0/fly_project/fly_gsplat/outputs/ctrl_009_001_ratio3_sh0_dense_mid200/ratio3_sh0_dense/f1111/splatfacto/2026-08-20_172356/gaussian_features_f1111_labeled.csv
[density] frame_idx=1112: 窗口内24/73帧缺少T2产出(_marked.csv)，跳过不参与累加: ['f1076', 'f1077', 'f1078', 'f1079', 'f1080', 'f1081', 'f1082', 'f1083', 'f1084', 'f1085', 'f1086', 'f1087', 'f1088', 'f1089', 'f1090', 'f1091', 'f1092', 'f1093', 'f1094', 'f1095', 'f1096', 'f1097', 'f1098', 'f1099']
[density] body候选体素连通分量分析: 丢弃8/6329个非最大连通分量的碎块体素

[f1112] n_total=24383 n_kept=21712 (89.0%)  n_frames_in_window=49
  body候选体素数(阈值+连通分量后)=6321  body候选点数=19563(90.1% of kept)
  wing连通性: 碎块点=1290  实际改判=1290
  confidence=low  (wing_merged强制low; body候选点数<20或>0.9*n_kept强制low; 否则high)
  L/R锚定: wing_A -> wing_R  wing_B -> wing_L
  part_label分布(全部点，含if_keep=False的1-NN传播): body=22470  wing_L=383  wing_R=1530
  labeled csv -> /home/computer0/fly_project/fly_gsplat/outputs/ctrl_009_001_ratio3_sh0_dense_mid200/ratio3_sh0_dense/f1112/splatfacto/2026-08-20_172622/gaussian_features_f1112_labeled.csv
[density] frame_idx=1113: 窗口内23/73帧缺少T2产出(_marked.csv)，跳过不参与累加: ['f1077', 'f1078', 'f1079', 'f1080', 'f1081', 'f1082', 'f1083', 'f1084', 'f1085', 'f1086', 'f1087', 'f1088', 'f1089', 'f1090', 'f1091', 'f1092', 'f1093', 'f1094', 'f1095', 'f1096', 'f1097', 'f1098', 'f1099']
[density] body候选体素连通分量分析: 丢弃4/6391个非最大连通分量的碎块体素

[f1113] n_total=24324 n_kept=21761 (89.5%)  n_frames_in_window=50
  body候选体素数(阈值+连通分量后)=6387  body候选点数=19524(89.7% of kept)
  wing连通性: 碎块点=1252  实际改判=1252
  confidence=high  (wing_merged强制low; body候选点数<20或>0.9*n_kept强制low; 否则high)
  L/R锚定: wing_A -> wing_L  wing_B -> wing_R
  part_label分布(全部点，含if_keep=False的1-NN传播): body=22250  wing_L=1609  wing_R=465
  labeled csv -> /home/computer0/fly_project/fly_gsplat/outputs/ctrl_009_001_ratio3_sh0_dense_mid200/ratio3_sh0_dense/f1113/splatfacto/2026-08-20_172622/gaussian_features_f1113_labeled.csv
[density] frame_idx=1114: 窗口内22/73帧缺少T2产出(_marked.csv)，跳过不参与累加: ['f1078', 'f1079', 'f1080', 'f1081', 'f1082', 'f1083', 'f1084', 'f1085', 'f1086', 'f1087', 'f1088', 'f1089', 'f1090', 'f1091', 'f1092', 'f1093', 'f1094', 'f1095', 'f1096', 'f1097', 'f1098', 'f1099']
[density] body候选体素连通分量分析: 丢弃5/6468个非最大连通分量的碎块体素

[f1114] n_total=24914 n_kept=22188 (89.1%)  n_frames_in_window=51
  body候选体素数(阈值+连通分量后)=6463  body候选点数=19981(90.1% of kept)
  wing连通性: 碎块点=1631  实际改判=1631
  confidence=low  (wing_merged强制low; body候选点数<20或>0.9*n_kept强制low; 否则high)
  L/R锚定: wing_A -> wing_R  wing_B -> wing_L
  part_label分布(全部点，含if_keep=False的1-NN传播): body=23693  wing_L=469  wing_R=752
  labeled csv -> /home/computer0/fly_project/fly_gsplat/outputs/ctrl_009_001_ratio3_sh0_dense_mid200/ratio3_sh0_dense/f1114/splatfacto/2026-08-20_172623/gaussian_features_f1114_labeled.csv
[density] frame_idx=1115: 窗口内21/73帧缺少T2产出(_marked.csv)，跳过不参与累加: ['f1079', 'f1080', 'f1081', 'f1082', 'f1083', 'f1084', 'f1085', 'f1086', 'f1087', 'f1088', 'f1089', 'f1090', 'f1091', 'f1092', 'f1093', 'f1094', 'f1095', 'f1096', 'f1097', 'f1098', 'f1099']
[density] body候选体素连通分量分析: 丢弃6/6553个非最大连通分量的碎块体素

[f1115] n_total=24738 n_kept=22141 (89.5%)  n_frames_in_window=52
  body候选体素数(阈值+连通分量后)=6547  body候选点数=20175(91.1% of kept)
  wing连通性: 碎块点=1110  实际改判=1110
  confidence=low  (wing_merged强制low; body候选点数<20或>0.9*n_kept强制low; 否则high)
  L/R锚定: wing_A -> wing_L  wing_B -> wing_R
  part_label分布(全部点，含if_keep=False的1-NN传播): body=22884  wing_L=1371  wing_R=483
  labeled csv -> /home/computer0/fly_project/fly_gsplat/outputs/ctrl_009_001_ratio3_sh0_dense_mid200/ratio3_sh0_dense/f1115/splatfacto/2026-08-20_172622/gaussian_features_f1115_labeled.csv
[density] frame_idx=1116: 窗口内20/73帧缺少T2产出(_marked.csv)，跳过不参与累加: ['f1080', 'f1081', 'f1082', 'f1083', 'f1084', 'f1085', 'f1086', 'f1087', 'f1088', 'f1089', 'f1090', 'f1091', 'f1092', 'f1093', 'f1094', 'f1095', 'f1096', 'f1097', 'f1098', 'f1099']
[density] body候选体素连通分量分析: 丢弃6/6619个非最大连通分量的碎块体素

[f1116] n_total=23696 n_kept=21209 (89.5%)  n_frames_in_window=53
  body候选体素数(阈值+连通分量后)=6613  body候选点数=19153(90.3% of kept)
  wing连通性: 碎块点=1202  实际改判=1202
  confidence=low  (wing_merged强制low; body候选点数<20或>0.9*n_kept强制low; 否则high)
  L/R锚定: wing_A -> wing_L  wing_B -> wing_R
  part_label分布(全部点，含if_keep=False的1-NN传播): body=21447  wing_L=756  wing_R=1493
  labeled csv -> /home/computer0/fly_project/fly_gsplat/outputs/ctrl_009_001_ratio3_sh0_dense_mid200/ratio3_sh0_dense/f1116/splatfacto/2026-08-20_172622/gaussian_features_f1116_labeled.csv
[density] frame_idx=1117: 窗口内19/73帧缺少T2产出(_marked.csv)，跳过不参与累加: ['f1081', 'f1082', 'f1083', 'f1084', 'f1085', 'f1086', 'f1087', 'f1088', 'f1089', 'f1090', 'f1091', 'f1092', 'f1093', 'f1094', 'f1095', 'f1096', 'f1097', 'f1098', 'f1099']
[density] body候选体素连通分量分析: 丢弃4/6700个非最大连通分量的碎块体素

[f1117] n_total=23855 n_kept=21310 (89.3%)  n_frames_in_window=54
  body候选体素数(阈值+连通分量后)=6696  body候选点数=19562(91.8% of kept)
  wing连通性: 碎块点=1331  实际改判=1331
  confidence=low  (wing_merged强制low; body候选点数<20或>0.9*n_kept强制low; 否则high)
  L/R锚定: wing_A -> wing_R  wing_B -> wing_L
  part_label分布(全部点，含if_keep=False的1-NN传播): body=22679  wing_L=262  wing_R=914
  labeled csv -> /home/computer0/fly_project/fly_gsplat/outputs/ctrl_009_001_ratio3_sh0_dense_mid200/ratio3_sh0_dense/f1117/splatfacto/2026-08-20_172622/gaussian_features_f1117_labeled.csv
[density] frame_idx=1118: 窗口内18/73帧缺少T2产出(_marked.csv)，跳过不参与累加: ['f1082', 'f1083', 'f1084', 'f1085', 'f1086', 'f1087', 'f1088', 'f1089', 'f1090', 'f1091', 'f1092', 'f1093', 'f1094', 'f1095', 'f1096', 'f1097', 'f1098', 'f1099']
[density] body候选体素连通分量分析: 丢弃5/6770个非最大连通分量的碎块体素

[f1118] n_total=24215 n_kept=21684 (89.5%)  n_frames_in_window=55
  body候选体素数(阈值+连通分量后)=6765  body候选点数=20015(92.3% of kept)
  wing连通性: 碎块点=1184  实际改判=1184
  confidence=low  (wing_merged强制low; body候选点数<20或>0.9*n_kept强制low; 否则high)
  L/R锚定: wing_A -> wing_R  wing_B -> wing_L
  part_label分布(全部点，含if_keep=False的1-NN传播): body=22753  wing_L=232  wing_R=1230
  labeled csv -> /home/computer0/fly_project/fly_gsplat/outputs/ctrl_009_001_ratio3_sh0_dense_mid200/ratio3_sh0_dense/f1118/splatfacto/2026-08-20_172622/gaussian_features_f1118_labeled.csv
[density] frame_idx=1119: 窗口内17/73帧缺少T2产出(_marked.csv)，跳过不参与累加: ['f1083', 'f1084', 'f1085', 'f1086', 'f1087', 'f1088', 'f1089', 'f1090', 'f1091', 'f1092', 'f1093', 'f1094', 'f1095', 'f1096', 'f1097', 'f1098', 'f1099']
[density] body候选体素连通分量分析: 丢弃5/6841个非最大连通分量的碎块体素

[f1119] n_total=23947 n_kept=21382 (89.3%)  n_frames_in_window=56
  body候选体素数(阈值+连通分量后)=6836  body候选点数=19525(91.3% of kept)
  wing连通性: 碎块点=1176  实际改判=1176
  confidence=low  (wing_merged强制low; body候选点数<20或>0.9*n_kept强制low; 否则high)
  L/R锚定: wing_A -> wing_R  wing_B -> wing_L
  part_label分布(全部点，含if_keep=False的1-NN传播): body=22403  wing_L=559  wing_R=985
  labeled csv -> /home/computer0/fly_project/fly_gsplat/outputs/ctrl_009_001_ratio3_sh0_dense_mid200/ratio3_sh0_dense/f1119/splatfacto/2026-08-20_172622/gaussian_features_f1119_labeled.csv
[density] frame_idx=1120: 窗口内16/73帧缺少T2产出(_marked.csv)，跳过不参与累加: ['f1084', 'f1085', 'f1086', 'f1087', 'f1088', 'f1089', 'f1090', 'f1091', 'f1092', 'f1093', 'f1094', 'f1095', 'f1096', 'f1097', 'f1098', 'f1099']
[density] body候选体素连通分量分析: 丢弃5/6921个非最大连通分量的碎块体素

[f1120] n_total=24376 n_kept=21683 (89.0%)  n_frames_in_window=57
  body候选体素数(阈值+连通分量后)=6916  body候选点数=20089(92.6% of kept)
  wing连通性: 碎块点=1201  实际改判=1201
  confidence=low  (wing_merged强制low; body候选点数<20或>0.9*n_kept强制low; 否则high)
  L/R锚定: wing_A -> wing_L  wing_B -> wing_R
  part_label分布(全部点，含if_keep=False的1-NN传播): body=23113  wing_L=474  wing_R=789
  labeled csv -> /home/computer0/fly_project/fly_gsplat/outputs/ctrl_009_001_ratio3_sh0_dense_mid200/ratio3_sh0_dense/f1120/splatfacto/2026-08-20_172622/gaussian_features_f1120_labeled.csv
[density] frame_idx=1121: 窗口内15/73帧缺少T2产出(_marked.csv)，跳过不参与累加: ['f1085', 'f1086', 'f1087', 'f1088', 'f1089', 'f1090', 'f1091', 'f1092', 'f1093', 'f1094', 'f1095', 'f1096', 'f1097', 'f1098', 'f1099']
[density] body候选体素连通分量分析: 丢弃5/6984个非最大连通分量的碎块体素

[f1121] n_total=24576 n_kept=22010 (89.6%)  n_frames_in_window=58
  body候选体素数(阈值+连通分量后)=6979  body候选点数=20554(93.4% of kept)
  wing连通性: 碎块点=1036  实际改判=1036
  confidence=low  (wing_merged强制low; body候选点数<20或>0.9*n_kept强制low; 否则high)
  L/R锚定: wing_A -> wing_L  wing_B -> wing_R
  part_label分布(全部点，含if_keep=False的1-NN传播): body=23617  wing_L=586  wing_R=373
  labeled csv -> /home/computer0/fly_project/fly_gsplat/outputs/ctrl_009_001_ratio3_sh0_dense_mid200/ratio3_sh0_dense/f1121/splatfacto/2026-08-20_172622/gaussian_features_f1121_labeled.csv
[density] frame_idx=1122: 窗口内14/73帧缺少T2产出(_marked.csv)，跳过不参与累加: ['f1086', 'f1087', 'f1088', 'f1089', 'f1090', 'f1091', 'f1092', 'f1093', 'f1094', 'f1095', 'f1096', 'f1097', 'f1098', 'f1099']
[density] body候选体素连通分量分析: 丢弃5/7053个非最大连通分量的碎块体素

[f1122] n_total=24320 n_kept=21799 (89.6%)  n_frames_in_window=59
  body候选体素数(阈值+连通分量后)=7048  body候选点数=20055(92.0% of kept)
  wing连通性: 碎块点=1207  实际改判=1207
  confidence=low  (wing_merged强制low; body候选点数<20或>0.9*n_kept强制low; 否则high)
  L/R锚定: wing_A -> wing_R  wing_B -> wing_L
  part_label分布(全部点，含if_keep=False的1-NN传播): body=22853  wing_L=558  wing_R=909
  labeled csv -> /home/computer0/fly_project/fly_gsplat/outputs/ctrl_009_001_ratio3_sh0_dense_mid200/ratio3_sh0_dense/f1122/splatfacto/2026-08-20_172622/gaussian_features_f1122_labeled.csv
[density] frame_idx=1123: 窗口内13/73帧缺少T2产出(_marked.csv)，跳过不参与累加: ['f1087', 'f1088', 'f1089', 'f1090', 'f1091', 'f1092', 'f1093', 'f1094', 'f1095', 'f1096', 'f1097', 'f1098', 'f1099']
[density] body候选体素连通分量分析: 丢弃5/7121个非最大连通分量的碎块体素

[f1123] n_total=23411 n_kept=20756 (88.7%)  n_frames_in_window=60
  body候选体素数(阈值+连通分量后)=7116  body候选点数=19229(92.6% of kept)
  wing连通性: 碎块点=1083  实际改判=1083
  confidence=low  (wing_merged强制low; body候选点数<20或>0.9*n_kept强制low; 否则high)
  L/R锚定: wing_A -> wing_L  wing_B -> wing_R
  part_label分布(全部点，含if_keep=False的1-NN传播): body=22110  wing_L=963  wing_R=338
  labeled csv -> /home/computer0/fly_project/fly_gsplat/outputs/ctrl_009_001_ratio3_sh0_dense_mid200/ratio3_sh0_dense/f1123/splatfacto/2026-08-20_172622/gaussian_features_f1123_labeled.csv
[density] frame_idx=1124: 窗口内12/73帧缺少T2产出(_marked.csv)，跳过不参与累加: ['f1088', 'f1089', 'f1090', 'f1091', 'f1092', 'f1093', 'f1094', 'f1095', 'f1096', 'f1097', 'f1098', 'f1099']
[density] body候选体素连通分量分析: 丢弃5/7197个非最大连通分量的碎块体素

[f1124] n_total=24391 n_kept=21847 (89.6%)  n_frames_in_window=61
  body候选体素数(阈值+连通分量后)=7192  body候选点数=20216(92.5% of kept)
  wing连通性: 碎块点=1052  实际改判=1052
  confidence=low  (wing_merged强制low; body候选点数<20或>0.9*n_kept强制low; 否则high)
  L/R锚定: wing_A -> wing_L  wing_B -> wing_R
  part_label分布(全部点，含if_keep=False的1-NN传播): body=22999  wing_L=1258  wing_R=134
  labeled csv -> /home/computer0/fly_project/fly_gsplat/outputs/ctrl_009_001_ratio3_sh0_dense_mid200/ratio3_sh0_dense/f1124/splatfacto/2026-08-20_172834/gaussian_features_f1124_labeled.csv
[density] frame_idx=1125: 窗口内11/73帧缺少T2产出(_marked.csv)，跳过不参与累加: ['f1089', 'f1090', 'f1091', 'f1092', 'f1093', 'f1094', 'f1095', 'f1096', 'f1097', 'f1098', 'f1099']
[density] body候选体素连通分量分析: 丢弃8/7264个非最大连通分量的碎块体素

[f1125] n_total=24559 n_kept=21970 (89.5%)  n_frames_in_window=62
  body候选体素数(阈值+连通分量后)=7256  body候选点数=20539(93.5% of kept)
  wing连通性: 碎块点=865  实际改判=865
  confidence=low  (wing_merged强制low; body候选点数<20或>0.9*n_kept强制low; 否则high)
  L/R锚定: wing_A -> wing_R  wing_B -> wing_L
  part_label分布(全部点，含if_keep=False的1-NN传播): body=22909  wing_L=364  wing_R=1286
  labeled csv -> /home/computer0/fly_project/fly_gsplat/outputs/ctrl_009_001_ratio3_sh0_dense_mid200/ratio3_sh0_dense/f1125/splatfacto/2026-08-20_172835/gaussian_features_f1125_labeled.csv
[density] frame_idx=1126: 窗口内10/73帧缺少T2产出(_marked.csv)，跳过不参与累加: ['f1090', 'f1091', 'f1092', 'f1093', 'f1094', 'f1095', 'f1096', 'f1097', 'f1098', 'f1099']
[density] body候选体素连通分量分析: 丢弃9/7337个非最大连通分量的碎块体素

[f1126] n_total=24202 n_kept=21597 (89.2%)  n_frames_in_window=63
  body候选体素数(阈值+连通分量后)=7328  body候选点数=20214(93.6% of kept)
  wing连通性: 碎块点=1093  实际改判=1093
  confidence=low  (wing_merged强制low; body候选点数<20或>0.9*n_kept强制low; 否则high)
  L/R锚定: wing_A -> wing_R  wing_B -> wing_L
  part_label分布(全部点，含if_keep=False的1-NN传播): body=23367  wing_L=552  wing_R=283
  labeled csv -> /home/computer0/fly_project/fly_gsplat/outputs/ctrl_009_001_ratio3_sh0_dense_mid200/ratio3_sh0_dense/f1126/splatfacto/2026-08-20_172835/gaussian_features_f1126_labeled.csv
[density] frame_idx=1127: 窗口内9/73帧缺少T2产出(_marked.csv)，跳过不参与累加: ['f1091', 'f1092', 'f1093', 'f1094', 'f1095', 'f1096', 'f1097', 'f1098', 'f1099']
[density] body候选体素连通分量分析: 丢弃3/7399个非最大连通分量的碎块体素

[f1127] n_total=23999 n_kept=21383 (89.1%)  n_frames_in_window=64
  body候选体素数(阈值+连通分量后)=7396  body候选点数=20004(93.6% of kept)
  wing连通性: 碎块点=939  实际改判=939
  confidence=low  (wing_merged强制low; body候选点数<20或>0.9*n_kept强制low; 否则high)
  L/R锚定: wing_A -> wing_R  wing_B -> wing_L
  part_label分布(全部点，含if_keep=False的1-NN传播): body=22406  wing_L=143  wing_R=1450
  labeled csv -> /home/computer0/fly_project/fly_gsplat/outputs/ctrl_009_001_ratio3_sh0_dense_mid200/ratio3_sh0_dense/f1127/splatfacto/2026-08-20_172834/gaussian_features_f1127_labeled.csv
[density] frame_idx=1128: 窗口内8/73帧缺少T2产出(_marked.csv)，跳过不参与累加: ['f1092', 'f1093', 'f1094', 'f1095', 'f1096', 'f1097', 'f1098', 'f1099']
[density] body候选体素连通分量分析: 丢弃3/7478个非最大连通分量的碎块体素

[f1128] n_total=23975 n_kept=21546 (89.9%)  n_frames_in_window=65
  body候选体素数(阈值+连通分量后)=7475  body候选点数=20023(92.9% of kept)
  wing连通性: 碎块点=1096  实际改判=1096
  confidence=low  (wing_merged强制low; body候选点数<20或>0.9*n_kept强制low; 否则high)
  L/R锚定: wing_A -> wing_R  wing_B -> wing_L
  part_label分布(全部点，含if_keep=False的1-NN传播): body=23118  wing_L=200  wing_R=657
  labeled csv -> /home/computer0/fly_project/fly_gsplat/outputs/ctrl_009_001_ratio3_sh0_dense_mid200/ratio3_sh0_dense/f1128/splatfacto/2026-08-20_172835/gaussian_features_f1128_labeled.csv
[density] frame_idx=1129: 窗口内7/73帧缺少T2产出(_marked.csv)，跳过不参与累加: ['f1093', 'f1094', 'f1095', 'f1096', 'f1097', 'f1098', 'f1099']
[density] body候选体素连通分量分析: 丢弃4/7554个非最大连通分量的碎块体素

[f1129] n_total=23875 n_kept=21396 (89.6%)  n_frames_in_window=66
  body候选体素数(阈值+连通分量后)=7550  body候选点数=19976(93.4% of kept)
  wing连通性: 碎块点=1002  实际改判=1002
  confidence=low  (wing_merged强制low; body候选点数<20或>0.9*n_kept强制low; 否则high)
  L/R锚定: wing_A -> wing_R  wing_B -> wing_L
  part_label分布(全部点，含if_keep=False的1-NN传播): body=22921  wing_L=121  wing_R=833
  labeled csv -> /home/computer0/fly_project/fly_gsplat/outputs/ctrl_009_001_ratio3_sh0_dense_mid200/ratio3_sh0_dense/f1129/splatfacto/2026-08-20_172835/gaussian_features_f1129_labeled.csv
[density] frame_idx=1130: 窗口内6/73帧缺少T2产出(_marked.csv)，跳过不参与累加: ['f1094', 'f1095', 'f1096', 'f1097', 'f1098', 'f1099']
[density] body候选体素连通分量分析: 丢弃2/7629个非最大连通分量的碎块体素

[f1130] n_total=24085 n_kept=21580 (89.6%)  n_frames_in_window=67
  body候选体素数(阈值+连通分量后)=7627  body候选点数=20403(94.5% of kept)
  wing连通性: 碎块点=645  实际改判=645
  confidence=low  (wing_merged强制low; body候选点数<20或>0.9*n_kept强制low; 否则high)
  L/R锚定: wing_A -> wing_L  wing_B -> wing_R
  part_label分布(全部点，含if_keep=False的1-NN传播): body=22745  wing_L=1088  wing_R=252
  labeled csv -> /home/computer0/fly_project/fly_gsplat/outputs/ctrl_009_001_ratio3_sh0_dense_mid200/ratio3_sh0_dense/f1130/splatfacto/2026-08-20_172836/gaussian_features_f1130_labeled.csv
[density] frame_idx=1131: 窗口内5/73帧缺少T2产出(_marked.csv)，跳过不参与累加: ['f1095', 'f1096', 'f1097', 'f1098', 'f1099']
[density] body候选体素连通分量分析: 丢弃2/7689个非最大连通分量的碎块体素

[f1131] n_total=23785 n_kept=21142 (88.9%)  n_frames_in_window=68
  body候选体素数(阈值+连通分量后)=7687  body候选点数=20000(94.6% of kept)
  wing连通性: 碎块点=866  实际改判=866
  confidence=low  (wing_merged强制low; body候选点数<20或>0.9*n_kept强制low; 否则high)
  L/R锚定: wing_A -> wing_R  wing_B -> wing_L
  part_label分布(全部点，含if_keep=False的1-NN传播): body=22922  wing_L=241  wing_R=622
  labeled csv -> /home/computer0/fly_project/fly_gsplat/outputs/ctrl_009_001_ratio3_sh0_dense_mid200/ratio3_sh0_dense/f1131/splatfacto/2026-08-20_172835/gaussian_features_f1131_labeled.csv
[density] frame_idx=1132: 窗口内4/73帧缺少T2产出(_marked.csv)，跳过不参与累加: ['f1096', 'f1097', 'f1098', 'f1099']
[density] body候选体素连通分量分析: 丢弃3/7742个非最大连通分量的碎块体素

[f1132] n_total=23910 n_kept=21509 (90.0%)  n_frames_in_window=69
  body候选体素数(阈值+连通分量后)=7739  body候选点数=20329(94.5% of kept)
  wing连通性: 碎块点=577  实际改判=577
  confidence=low  (wing_merged强制low; body候选点数<20或>0.9*n_kept强制low; 否则high)
  L/R锚定: wing_A -> wing_L  wing_B -> wing_R
  part_label分布(全部点，含if_keep=False的1-NN传播): body=22399  wing_L=1254  wing_R=257
  labeled csv -> /home/computer0/fly_project/fly_gsplat/outputs/ctrl_009_001_ratio3_sh0_dense_mid200/ratio3_sh0_dense/f1132/splatfacto/2026-08-20_172835/gaussian_features_f1132_labeled.csv
[density] frame_idx=1133: 窗口内3/73帧缺少T2产出(_marked.csv)，跳过不参与累加: ['f1097', 'f1098', 'f1099']
[density] body候选体素连通分量分析: 丢弃4/7810个非最大连通分量的碎块体素

[f1133] n_total=23632 n_kept=21066 (89.1%)  n_frames_in_window=70
  body候选体素数(阈值+连通分量后)=7806  body候选点数=19914(94.5% of kept)
  wing连通性: 碎块点=719  实际改判=719
  confidence=low  (wing_merged强制low; body候选点数<20或>0.9*n_kept强制low; 否则high)
  L/R锚定: wing_A -> wing_L  wing_B -> wing_R
  part_label分布(全部点，含if_keep=False的1-NN传播): body=22831  wing_L=591  wing_R=210
  labeled csv -> /home/computer0/fly_project/fly_gsplat/outputs/ctrl_009_001_ratio3_sh0_dense_mid200/ratio3_sh0_dense/f1133/splatfacto/2026-08-20_172836/gaussian_features_f1133_labeled.csv
[density] frame_idx=1134: 窗口内2/73帧缺少T2产出(_marked.csv)，跳过不参与累加: ['f1098', 'f1099']
[density] body候选体素连通分量分析: 丢弃4/7905个非最大连通分量的碎块体素

[f1134] n_total=24736 n_kept=22063 (89.2%)  n_frames_in_window=71
  body候选体素数(阈值+连通分量后)=7901  body候选点数=20942(94.9% of kept)
  wing连通性: 碎块点=834  实际改判=834
  confidence=low  (wing_merged强制low; body候选点数<20或>0.9*n_kept强制low; 否则high)
  L/R锚定: wing_A -> wing_R  wing_B -> wing_L
  part_label分布(全部点，含if_keep=False的1-NN传播): body=23935  wing_L=118  wing_R=683
  labeled csv -> /home/computer0/fly_project/fly_gsplat/outputs/ctrl_009_001_ratio3_sh0_dense_mid200/ratio3_sh0_dense/f1134/splatfacto/2026-08-20_172836/gaussian_features_f1134_labeled.csv
[density] frame_idx=1135: 窗口内1/73帧缺少T2产出(_marked.csv)，跳过不参与累加: ['f1099']
[density] body候选体素连通分量分析: 丢弃5/7966个非最大连通分量的碎块体素

[f1135] n_total=23349 n_kept=20875 (89.4%)  n_frames_in_window=72
  body候选体素数(阈值+连通分量后)=7961  body候选点数=19809(94.9% of kept)
  wing连通性: 碎块点=796  实际改判=796
  confidence=low  (wing_merged强制low; body候选点数<20或>0.9*n_kept强制low; 否则high)
  L/R锚定: wing_A -> wing_R  wing_B -> wing_L
  part_label分布(全部点，含if_keep=False的1-NN传播): body=22533  wing_L=391  wing_R=425
  labeled csv -> /home/computer0/fly_project/fly_gsplat/outputs/ctrl_009_001_ratio3_sh0_dense_mid200/ratio3_sh0_dense/f1135/splatfacto/2026-08-20_172836/gaussian_features_f1135_labeled.csv
[density] body候选体素连通分量分析: 丢弃4/8037个非最大连通分量的碎块体素

[f1136] n_total=23672 n_kept=21146 (89.3%)  n_frames_in_window=73
  body候选体素数(阈值+连通分量后)=8033  body候选点数=20230(95.7% of kept)
  wing连通性: 碎块点=612  实际改判=612
  confidence=low  (wing_merged强制low; body候选点数<20或>0.9*n_kept强制low; 否则high)
  L/R锚定: wing_A -> wing_L  wing_B -> wing_R
  part_label分布(全部点，含if_keep=False的1-NN传播): body=22644  wing_L=560  wing_R=468
  labeled csv -> /home/computer0/fly_project/fly_gsplat/outputs/ctrl_009_001_ratio3_sh0_dense_mid200/ratio3_sh0_dense/f1136/splatfacto/2026-08-20_173045/gaussian_features_f1136_labeled.csv
[density] body候选体素连通分量分析: 丢弃2/8030个非最大连通分量的碎块体素

[f1137] n_total=23692 n_kept=21244 (89.7%)  n_frames_in_window=73
  body候选体素数(阈值+连通分量后)=8028  body候选点数=19960(94.0% of kept)
  wing连通性: 碎块点=852  实际改判=852
  confidence=low  (wing_merged强制low; body候选点数<20或>0.9*n_kept强制low; 否则high)
  L/R锚定: wing_A -> wing_R  wing_B -> wing_L
  part_label分布(全部点，含if_keep=False的1-NN传播): body=22383  wing_L=289  wing_R=1020
  labeled csv -> /home/computer0/fly_project/fly_gsplat/outputs/ctrl_009_001_ratio3_sh0_dense_mid200/ratio3_sh0_dense/f1137/splatfacto/2026-08-20_173046/gaussian_features_f1137_labeled.csv
[density] body候选体素连通分量分析: 丢弃2/8020个非最大连通分量的碎块体素

[f1138] n_total=22323 n_kept=19954 (89.4%)  n_frames_in_window=73
  body候选体素数(阈值+连通分量后)=8018  body候选点数=18914(94.8% of kept)
  wing连通性: 碎块点=878  实际改判=878
  confidence=low  (wing_merged强制low; body候选点数<20或>0.9*n_kept强制low; 否则high)
  L/R锚定: wing_A -> wing_R  wing_B -> wing_L
  part_label分布(全部点，含if_keep=False的1-NN传播): body=21519  wing_L=204  wing_R=600
  labeled csv -> /home/computer0/fly_project/fly_gsplat/outputs/ctrl_009_001_ratio3_sh0_dense_mid200/ratio3_sh0_dense/f1138/splatfacto/2026-08-20_173046/gaussian_features_f1138_labeled.csv
[density] body候选体素连通分量分析: 丢弃2/8011个非最大连通分量的碎块体素

[f1139] n_total=23955 n_kept=21328 (89.0%)  n_frames_in_window=73
  body候选体素数(阈值+连通分量后)=8009  body候选点数=20239(94.9% of kept)
  wing连通性: 碎块点=763  实际改判=763
  confidence=low  (wing_merged强制low; body候选点数<20或>0.9*n_kept强制low; 否则high)
  L/R锚定: wing_A -> wing_L  wing_B -> wing_R
  part_label分布(全部点，含if_keep=False的1-NN传播): body=22837  wing_L=875  wing_R=243
  labeled csv -> /home/computer0/fly_project/fly_gsplat/outputs/ctrl_009_001_ratio3_sh0_dense_mid200/ratio3_sh0_dense/f1139/splatfacto/2026-08-20_173045/gaussian_features_f1139_labeled.csv

[f1140] n_total=22602 n_kept=20092 (88.9%)  n_frames_in_window=73
  body候选体素数(阈值+连通分量后)=8005  body候选点数=19121(95.2% of kept)
  wing连通性: 碎块点=584  实际改判=584
  confidence=low  (wing_merged强制low; body候选点数<20或>0.9*n_kept强制low; 否则high)
  L/R锚定: wing_A -> wing_R  wing_B -> wing_L
  part_label分布(全部点，含if_keep=False的1-NN传播): body=21568  wing_L=312  wing_R=722
  labeled csv -> /home/computer0/fly_project/fly_gsplat/outputs/ctrl_009_001_ratio3_sh0_dense_mid200/ratio3_sh0_dense/f1140/splatfacto/2026-08-20_173045/gaussian_features_f1140_labeled.csv
[density] body候选体素连通分量分析: 丢弃1/8007个非最大连通分量的碎块体素

[f1141] n_total=24734 n_kept=22082 (89.3%)  n_frames_in_window=73
  body候选体素数(阈值+连通分量后)=8006  body候选点数=21146(95.8% of kept)
  wing连通性: 碎块点=666  实际改判=666
  confidence=low  (wing_merged强制low; body候选点数<20或>0.9*n_kept强制low; 否则high)
  L/R锚定: wing_A -> wing_L  wing_B -> wing_R
  part_label分布(全部点，含if_keep=False的1-NN传播): body=24247  wing_L=271  wing_R=216
  labeled csv -> /home/computer0/fly_project/fly_gsplat/outputs/ctrl_009_001_ratio3_sh0_dense_mid200/ratio3_sh0_dense/f1141/splatfacto/2026-08-20_173046/gaussian_features_f1141_labeled.csv
[density] body候选体素连通分量分析: 丢弃1/8012个非最大连通分量的碎块体素

[f1142] n_total=24858 n_kept=22187 (89.3%)  n_frames_in_window=73
  body候选体素数(阈值+连通分量后)=8011  body候选点数=21122(95.2% of kept)
  wing连通性: 碎块点=844  实际改判=844
  confidence=low  (wing_merged强制low; body候选点数<20或>0.9*n_kept强制low; 否则high)
  L/R锚定: wing_A -> wing_R  wing_B -> wing_L
  part_label分布(全部点，含if_keep=False的1-NN传播): body=24242  wing_L=193  wing_R=423
  labeled csv -> /home/computer0/fly_project/fly_gsplat/outputs/ctrl_009_001_ratio3_sh0_dense_mid200/ratio3_sh0_dense/f1142/splatfacto/2026-08-20_173046/gaussian_features_f1142_labeled.csv

[f1143] n_total=23530 n_kept=21004 (89.3%)  n_frames_in_window=73
  body候选体素数(阈值+连通分量后)=8017  body候选点数=19992(95.2% of kept)
  wing连通性: 碎块点=659  实际改判=659
  confidence=low  (wing_merged强制low; body候选点数<20或>0.9*n_kept强制low; 否则high)
  L/R锚定: wing_A -> wing_L  wing_B -> wing_R
  part_label分布(全部点，含if_keep=False的1-NN传播): body=22631  wing_L=670  wing_R=229
  labeled csv -> /home/computer0/fly_project/fly_gsplat/outputs/ctrl_009_001_ratio3_sh0_dense_mid200/ratio3_sh0_dense/f1143/splatfacto/2026-08-20_173046/gaussian_features_f1143_labeled.csv

[f1144] n_total=23824 n_kept=21320 (89.5%)  n_frames_in_window=73
  body候选体素数(阈值+连通分量后)=8015  body候选点数=19929(93.5% of kept)
  wing连通性: 碎块点=787  实际改判=787
  confidence=low  (wing_merged强制low; body候选点数<20或>0.9*n_kept强制low; 否则high)
  L/R锚定: wing_A -> wing_R  wing_B -> wing_L
  part_label分布(全部点，含if_keep=False的1-NN传播): body=22337  wing_L=473  wing_R=1014
  labeled csv -> /home/computer0/fly_project/fly_gsplat/outputs/ctrl_009_001_ratio3_sh0_dense_mid200/ratio3_sh0_dense/f1144/splatfacto/2026-08-20_173047/gaussian_features_f1144_labeled.csv

[f1145] n_total=24193 n_kept=21694 (89.7%)  n_frames_in_window=73
  body候选体素数(阈值+连通分量后)=8018  body候选点数=20269(93.4% of kept)
  wing连通性: 碎块点=954  实际改判=954
  confidence=low  (wing_merged强制low; body候选点数<20或>0.9*n_kept强制low; 否则high)
  L/R锚定: wing_A -> wing_L  wing_B -> wing_R
  part_label分布(全部点，含if_keep=False的1-NN传播): body=23177  wing_L=434  wing_R=582
  labeled csv -> /home/computer0/fly_project/fly_gsplat/outputs/ctrl_009_001_ratio3_sh0_dense_mid200/ratio3_sh0_dense/f1145/splatfacto/2026-08-20_173048/gaussian_features_f1145_labeled.csv

[f1146] n_total=23798 n_kept=21313 (89.6%)  n_frames_in_window=73
  body候选体素数(阈值+连通分量后)=8018  body候选点数=20355(95.5% of kept)
  wing连通性: 碎块点=590  实际改判=590
  confidence=low  (wing_merged强制low; body候选点数<20或>0.9*n_kept强制low; 否则high)
  L/R锚定: wing_A -> wing_L  wing_B -> wing_R
  part_label分布(全部点，含if_keep=False的1-NN传播): body=22547  wing_L=881  wing_R=370
  labeled csv -> /home/computer0/fly_project/fly_gsplat/outputs/ctrl_009_001_ratio3_sh0_dense_mid200/ratio3_sh0_dense/f1146/splatfacto/2026-08-20_173047/gaussian_features_f1146_labeled.csv

[f1147] n_total=23596 n_kept=21076 (89.3%)  n_frames_in_window=73
  body候选体素数(阈值+连通分量后)=8015  body候选点数=19950(94.7% of kept)
  wing连通性: 碎块点=703  实际改判=703
  confidence=low  (wing_merged强制low; body候选点数<20或>0.9*n_kept强制low; 否则high)
  L/R锚定: wing_A -> wing_L  wing_B -> wing_R
  part_label分布(全部点，含if_keep=False的1-NN传播): body=22492  wing_L=526  wing_R=578
  labeled csv -> /home/computer0/fly_project/fly_gsplat/outputs/ctrl_009_001_ratio3_sh0_dense_mid200/ratio3_sh0_dense/f1147/splatfacto/2026-08-20_173047/gaussian_features_f1147_labeled.csv
[density] body候选体素连通分量分析: 丢弃1/8014个非最大连通分量的碎块体素

[f1148] n_total=24186 n_kept=21720 (89.8%)  n_frames_in_window=73
  body候选体素数(阈值+连通分量后)=8013  body候选点数=20506(94.4% of kept)
  wing连通性: 碎块点=781  实际改判=781
  confidence=low  (wing_merged强制low; body候选点数<20或>0.9*n_kept强制low; 否则high)
  L/R锚定: wing_A -> wing_R  wing_B -> wing_L
  part_label分布(全部点，含if_keep=False的1-NN传播): body=23193  wing_L=198  wing_R=795
  labeled csv -> /home/computer0/fly_project/fly_gsplat/outputs/ctrl_009_001_ratio3_sh0_dense_mid200/ratio3_sh0_dense/f1148/splatfacto/2026-08-20_173256/gaussian_features_f1148_labeled.csv
[density] body候选体素连通分量分析: 丢弃1/8001个非最大连通分量的碎块体素

[f1149] n_total=22840 n_kept=20499 (89.8%)  n_frames_in_window=73
  body候选体素数(阈值+连通分量后)=8000  body候选点数=19461(94.9% of kept)
  wing连通性: 碎块点=656  实际改判=656
  confidence=low  (wing_merged强制low; body候选点数<20或>0.9*n_kept强制low; 否则high)
  L/R锚定: wing_A -> wing_R  wing_B -> wing_L
  part_label分布(全部点，含if_keep=False的1-NN传播): body=21717  wing_L=234  wing_R=889
  labeled csv -> /home/computer0/fly_project/fly_gsplat/outputs/ctrl_009_001_ratio3_sh0_dense_mid200/ratio3_sh0_dense/f1149/splatfacto/2026-08-20_173257/gaussian_features_f1149_labeled.csv
[density] body候选体素连通分量分析: 丢弃1/8005个非最大连通分量的碎块体素

[f1150] n_total=24195 n_kept=21454 (88.7%)  n_frames_in_window=73
  body候选体素数(阈值+连通分量后)=8004  body候选点数=20276(94.5% of kept)
  wing连通性: 碎块点=749  实际改判=749
  confidence=low  (wing_merged强制low; body候选点数<20或>0.9*n_kept强制low; 否则high)
  L/R锚定: wing_A -> wing_L  wing_B -> wing_R
  part_label分布(全部点，含if_keep=False的1-NN传播): body=23032  wing_L=985  wing_R=178
  labeled csv -> /home/computer0/fly_project/fly_gsplat/outputs/ctrl_009_001_ratio3_sh0_dense_mid200/ratio3_sh0_dense/f1150/splatfacto/2026-08-20_173257/gaussian_features_f1150_labeled.csv

[f1151] n_total=22325 n_kept=20185 (90.4%)  n_frames_in_window=73
  body候选体素数(阈值+连通分量后)=7997  body候选点数=19219(95.2% of kept)
  wing连通性: 碎块点=534  实际改判=534
  confidence=low  (wing_merged强制low; body候选点数<20或>0.9*n_kept强制low; 否则high)
  L/R锚定: wing_A -> wing_L  wing_B -> wing_R
  part_label分布(全部点，含if_keep=False的1-NN传播): body=21304  wing_L=855  wing_R=166
  labeled csv -> /home/computer0/fly_project/fly_gsplat/outputs/ctrl_009_001_ratio3_sh0_dense_mid200/ratio3_sh0_dense/f1151/splatfacto/2026-08-20_173256/gaussian_features_f1151_labeled.csv

[f1152] n_total=23800 n_kept=21227 (89.2%)  n_frames_in_window=73
  body候选体素数(阈值+连通分量后)=8012  body候选点数=20160(95.0% of kept)
  wing连通性: 碎块点=826  实际改判=826
  confidence=low  (wing_merged强制low; body候选点数<20或>0.9*n_kept强制low; 否则high)
  L/R锚定: wing_A -> wing_R  wing_B -> wing_L
  part_label分布(全部点，含if_keep=False的1-NN传播): body=23094  wing_L=209  wing_R=497
  labeled csv -> /home/computer0/fly_project/fly_gsplat/outputs/ctrl_009_001_ratio3_sh0_dense_mid200/ratio3_sh0_dense/f1152/splatfacto/2026-08-20_173256/gaussian_features_f1152_labeled.csv

[f1153] n_total=23429 n_kept=21004 (89.6%)  n_frames_in_window=73
  body候选体素数(阈值+连通分量后)=8003  body候选点数=19974(95.1% of kept)
  wing连通性: 碎块点=662  实际改判=662
  confidence=low  (wing_merged强制low; body候选点数<20或>0.9*n_kept强制low; 否则high)
  L/R锚定: wing_A -> wing_L  wing_B -> wing_R
  part_label分布(全部点，含if_keep=False的1-NN传播): body=22397  wing_L=779  wing_R=253
  labeled csv -> /home/computer0/fly_project/fly_gsplat/outputs/ctrl_009_001_ratio3_sh0_dense_mid200/ratio3_sh0_dense/f1153/splatfacto/2026-08-20_173256/gaussian_features_f1153_labeled.csv

[f1154] n_total=24110 n_kept=21471 (89.1%)  n_frames_in_window=73
  body候选体素数(阈值+连通分量后)=8018  body候选点数=20222(94.2% of kept)
  wing连通性: 碎块点=727  实际改判=727
  confidence=low  (wing_merged强制low; body候选点数<20或>0.9*n_kept强制low; 否则high)
  L/R锚定: wing_A -> wing_R  wing_B -> wing_L
  part_label分布(全部点，含if_keep=False的1-NN传播): body=22486  wing_L=430  wing_R=1194
  labeled csv -> /home/computer0/fly_project/fly_gsplat/outputs/ctrl_009_001_ratio3_sh0_dense_mid200/ratio3_sh0_dense/f1154/splatfacto/2026-08-20_173257/gaussian_features_f1154_labeled.csv

[f1155] n_total=23259 n_kept=20717 (89.1%)  n_frames_in_window=73
  body候选体素数(阈值+连通分量后)=8015  body候选点数=19733(95.3% of kept)
  wing连通性: 碎块点=642  实际改判=642
  confidence=low  (wing_merged强制low; body候选点数<20或>0.9*n_kept强制low; 否则high)
  L/R锚定: wing_A -> wing_L  wing_B -> wing_R
  part_label分布(全部点，含if_keep=False的1-NN传播): body=22186  wing_L=793  wing_R=280
  labeled csv -> /home/computer0/fly_project/fly_gsplat/outputs/ctrl_009_001_ratio3_sh0_dense_mid200/ratio3_sh0_dense/f1155/splatfacto/2026-08-20_173257/gaussian_features_f1155_labeled.csv
[density] body候选体素连通分量分析: 丢弃1/8019个非最大连通分量的碎块体素

[f1156] n_total=22864 n_kept=20357 (89.0%)  n_frames_in_window=73
  body候选体素数(阈值+连通分量后)=8018  body候选点数=19340(95.0% of kept)
  wing连通性: 碎块点=837  实际改判=837
  confidence=low  (wing_merged强制low; body候选点数<20或>0.9*n_kept强制low; 否则high)
  L/R锚定: wing_A -> wing_L  wing_B -> wing_R
  part_label分布(全部点，含if_keep=False的1-NN传播): body=22127  wing_L=167  wing_R=570
  labeled csv -> /home/computer0/fly_project/fly_gsplat/outputs/ctrl_009_001_ratio3_sh0_dense_mid200/ratio3_sh0_dense/f1156/splatfacto/2026-08-20_173257/gaussian_features_f1156_labeled.csv
[density] body候选体素连通分量分析: 丢弃2/7995个非最大连通分量的碎块体素

[f1157] n_total=23238 n_kept=20656 (88.9%)  n_frames_in_window=73
  body候选体素数(阈值+连通分量后)=7993  body候选点数=19543(94.6% of kept)
  wing连通性: 碎块点=660  实际改判=660
  confidence=low  (wing_merged强制low; body候选点数<20或>0.9*n_kept强制low; 否则high)
  L/R锚定: wing_A -> wing_L  wing_B -> wing_R
  part_label分布(全部点，含if_keep=False的1-NN传播): body=22074  wing_L=511  wing_R=653
  labeled csv -> /home/computer0/fly_project/fly_gsplat/outputs/ctrl_009_001_ratio3_sh0_dense_mid200/ratio3_sh0_dense/f1157/splatfacto/2026-08-20_173257/gaussian_features_f1157_labeled.csv
[density] body候选体素连通分量分析: 丢弃2/7999个非最大连通分量的碎块体素

[f1158] n_total=23441 n_kept=20938 (89.3%)  n_frames_in_window=73
  body候选体素数(阈值+连通分量后)=7997  body候选点数=19662(93.9% of kept)
  wing连通性: 碎块点=1079  实际改判=1079
  confidence=low  (wing_merged强制low; body候选点数<20或>0.9*n_kept强制low; 否则high)
  L/R锚定: wing_A -> wing_L  wing_B -> wing_R
  part_label分布(全部点，含if_keep=False的1-NN传播): body=22792  wing_L=213  wing_R=436
  labeled csv -> /home/computer0/fly_project/fly_gsplat/outputs/ctrl_009_001_ratio3_sh0_dense_mid200/ratio3_sh0_dense/f1158/splatfacto/2026-08-20_173258/gaussian_features_f1158_labeled.csv
[density] body候选体素连通分量分析: 丢弃2/8028个非最大连通分量的碎块体素

[f1159] n_total=23099 n_kept=20760 (89.9%)  n_frames_in_window=73
  body候选体素数(阈值+连通分量后)=8026  body候选点数=19774(95.3% of kept)
  wing连通性: 碎块点=606  实际改判=606
  confidence=low  (wing_merged强制low; body候选点数<20或>0.9*n_kept强制low; 否则high)
  L/R锚定: wing_A -> wing_R  wing_B -> wing_L
  part_label分布(全部点，含if_keep=False的1-NN传播): body=22252  wing_L=127  wing_R=720
  labeled csv -> /home/computer0/fly_project/fly_gsplat/outputs/ctrl_009_001_ratio3_sh0_dense_mid200/ratio3_sh0_dense/f1159/splatfacto/2026-08-20_173258/gaussian_features_f1159_labeled.csv
[density] body候选体素连通分量分析: 丢弃1/8016个非最大连通分量的碎块体素

[f1160] n_total=23954 n_kept=21563 (90.0%)  n_frames_in_window=73
  body候选体素数(阈值+连通分量后)=8015  body候选点数=20343(94.3% of kept)
  wing连通性: 碎块点=841  实际改判=841
  confidence=low  (wing_merged强制low; body候选点数<20或>0.9*n_kept强制low; 否则high)
  L/R锚定: wing_A -> wing_L  wing_B -> wing_R
  part_label分布(全部点，含if_keep=False的1-NN传播): body=23156  wing_L=435  wing_R=363
  labeled csv -> /home/computer0/fly_project/fly_gsplat/outputs/ctrl_009_001_ratio3_sh0_dense_mid200/ratio3_sh0_dense/f1160/splatfacto/2026-08-20_173510/gaussian_features_f1160_labeled.csv
[density] body候选体素连通分量分析: 丢弃14/8017个非最大连通分量的碎块体素

[f1161] n_total=23595 n_kept=21151 (89.6%)  n_frames_in_window=73
  body候选体素数(阈值+连通分量后)=8003  body候选点数=20102(95.0% of kept)
  wing连通性: 碎块点=496  实际改判=496
  confidence=low  (wing_merged强制low; body候选点数<20或>0.9*n_kept强制low; 否则high)
  L/R锚定: wing_A -> wing_L  wing_B -> wing_R
  part_label分布(全部点，含if_keep=False的1-NN传播): body=22145  wing_L=1022  wing_R=428
  labeled csv -> /home/computer0/fly_project/fly_gsplat/outputs/ctrl_009_001_ratio3_sh0_dense_mid200/ratio3_sh0_dense/f1161/splatfacto/2026-08-20_173510/gaussian_features_f1161_labeled.csv
[density] body候选体素连通分量分析: 丢弃2/8035个非最大连通分量的碎块体素

[f1162] n_total=23536 n_kept=21157 (89.9%)  n_frames_in_window=73
  body候选体素数(阈值+连通分量后)=8033  body候选点数=20045(94.7% of kept)
  wing连通性: 碎块点=647  实际改判=647
  confidence=low  (wing_merged强制low; body候选点数<20或>0.9*n_kept强制low; 否则high)
  L/R锚定: wing_A -> wing_L  wing_B -> wing_R
  part_label分布(全部点，含if_keep=False的1-NN传播): body=22561  wing_L=584  wing_R=391
  labeled csv -> /home/computer0/fly_project/fly_gsplat/outputs/ctrl_009_001_ratio3_sh0_dense_mid200/ratio3_sh0_dense/f1162/splatfacto/2026-08-20_173510/gaussian_features_f1162_labeled.csv
[density] body候选体素连通分量分析: 丢弃15/8016个非最大连通分量的碎块体素

[f1163] n_total=23566 n_kept=21117 (89.6%)  n_frames_in_window=73
  body候选体素数(阈值+连通分量后)=8001  body候选点数=19902(94.2% of kept)
  wing连通性: 碎块点=717  实际改判=717
  confidence=low  (wing_merged强制low; body候选点数<20或>0.9*n_kept强制low; 否则high)
  L/R锚定: wing_A -> wing_R  wing_B -> wing_L
  part_label分布(全部点，含if_keep=False的1-NN传播): body=22337  wing_L=458  wing_R=771
  labeled csv -> /home/computer0/fly_project/fly_gsplat/outputs/ctrl_009_001_ratio3_sh0_dense_mid200/ratio3_sh0_dense/f1163/splatfacto/2026-08-20_173510/gaussian_features_f1163_labeled.csv
[density] body候选体素连通分量分析: 丢弃15/8018个非最大连通分量的碎块体素

[f1164] n_total=22857 n_kept=20408 (89.3%)  n_frames_in_window=73
  body候选体素数(阈值+连通分量后)=8003  body候选点数=19341(94.8% of kept)
  wing连通性: 碎块点=713  实际改判=713
  confidence=low  (wing_merged强制low; body候选点数<20或>0.9*n_kept强制low; 否则high)
  L/R锚定: wing_A -> wing_L  wing_B -> wing_R
  part_label分布(全部点，含if_keep=False的1-NN传播): body=21634  wing_L=476  wing_R=747
  labeled csv -> /home/computer0/fly_project/fly_gsplat/outputs/ctrl_009_001_ratio3_sh0_dense_mid200/ratio3_sh0_dense/f1164/splatfacto/2026-08-20_173510/gaussian_features_f1164_labeled.csv
[density] body候选体素连通分量分析: 丢弃16/8018个非最大连通分量的碎块体素

[f1165] n_total=24311 n_kept=21875 (90.0%)  n_frames_in_window=73
  body候选体素数(阈值+连通分量后)=8002  body候选点数=20681(94.5% of kept)
  wing连通性: 碎块点=598  实际改判=598
  confidence=low  (wing_merged强制low; body候选点数<20或>0.9*n_kept强制low; 否则high)
  L/R锚定: wing_A -> wing_L  wing_B -> wing_R
  part_label分布(全部点，含if_keep=False的1-NN传播): body=23026  wing_L=948  wing_R=337
  labeled csv -> /home/computer0/fly_project/fly_gsplat/outputs/ctrl_009_001_ratio3_sh0_dense_mid200/ratio3_sh0_dense/f1165/splatfacto/2026-08-20_173511/gaussian_features_f1165_labeled.csv
[density] body候选体素连通分量分析: 丢弃16/8016个非最大连通分量的碎块体素

[f1166] n_total=24340 n_kept=21662 (89.0%)  n_frames_in_window=73
  body候选体素数(阈值+连通分量后)=8000  body候选点数=20663(95.4% of kept)
  wing连通性: 碎块点=606  实际改判=606
  confidence=low  (wing_merged强制low; body候选点数<20或>0.9*n_kept强制low; 否则high)
  L/R锚定: wing_A -> wing_R  wing_B -> wing_L
  part_label分布(全部点，含if_keep=False的1-NN传播): body=23043  wing_L=85  wing_R=1212
  labeled csv -> /home/computer0/fly_project/fly_gsplat/outputs/ctrl_009_001_ratio3_sh0_dense_mid200/ratio3_sh0_dense/f1166/splatfacto/2026-08-20_173510/gaussian_features_f1166_labeled.csv
[density] body候选体素连通分量分析: 丢弃2/8015个非最大连通分量的碎块体素

[f1167] n_total=24512 n_kept=21943 (89.5%)  n_frames_in_window=73
  body候选体素数(阈值+连通分量后)=8013  body候选点数=20889(95.2% of kept)
  wing连通性: 碎块点=564  实际改判=564
  confidence=low  (wing_merged强制low; body候选点数<20或>0.9*n_kept强制low; 否则high)
  L/R锚定: wing_A -> wing_L  wing_B -> wing_R
  part_label分布(全部点，含if_keep=False的1-NN传播): body=23304  wing_L=866  wing_R=342
  labeled csv -> /home/computer0/fly_project/fly_gsplat/outputs/ctrl_009_001_ratio3_sh0_dense_mid200/ratio3_sh0_dense/f1167/splatfacto/2026-08-20_173510/gaussian_features_f1167_labeled.csv
[density] body候选体素连通分量分析: 丢弃2/8000个非最大连通分量的碎块体素

[f1168] n_total=23614 n_kept=21174 (89.7%)  n_frames_in_window=73
  body候选体素数(阈值+连通分量后)=7998  body候选点数=20104(94.9% of kept)
  wing连通性: 碎块点=600  实际改判=600
  confidence=low  (wing_merged强制low; body候选点数<20或>0.9*n_kept强制low; 否则high)
  L/R锚定: wing_A -> wing_L  wing_B -> wing_R
  part_label分布(全部点，含if_keep=False的1-NN传播): body=22550  wing_L=799  wing_R=265
  labeled csv -> /home/computer0/fly_project/fly_gsplat/outputs/ctrl_009_001_ratio3_sh0_dense_mid200/ratio3_sh0_dense/f1168/splatfacto/2026-08-20_173511/gaussian_features_f1168_labeled.csv
[density] body候选体素连通分量分析: 丢弃4/8010个非最大连通分量的碎块体素

[f1169] n_total=23594 n_kept=21150 (89.6%)  n_frames_in_window=73
  body候选体素数(阈值+连通分量后)=8006  body候选点数=20005(94.6% of kept)
  wing连通性: 碎块点=618  实际改判=618
  confidence=low  (wing_merged强制low; body候选点数<20或>0.9*n_kept强制low; 否则high)
  L/R锚定: wing_A -> wing_L  wing_B -> wing_R
  part_label分布(全部点，含if_keep=False的1-NN传播): body=22250  wing_L=1012  wing_R=332
  labeled csv -> /home/computer0/fly_project/fly_gsplat/outputs/ctrl_009_001_ratio3_sh0_dense_mid200/ratio3_sh0_dense/f1169/splatfacto/2026-08-20_173510/gaussian_features_f1169_labeled.csv
[density] body候选体素连通分量分析: 丢弃2/8009个非最大连通分量的碎块体素

[f1170] n_total=24243 n_kept=21658 (89.3%)  n_frames_in_window=73
  body候选体素数(阈值+连通分量后)=8007  body候选点数=20543(94.9% of kept)
  wing连通性: 碎块点=663  实际改判=663
  confidence=low  (wing_merged强制low; body候选点数<20或>0.9*n_kept强制low; 否则high)
  L/R锚定: wing_A -> wing_L  wing_B -> wing_R
  part_label分布(全部点，含if_keep=False的1-NN传播): body=23022  wing_L=434  wing_R=787
  labeled csv -> /home/computer0/fly_project/fly_gsplat/outputs/ctrl_009_001_ratio3_sh0_dense_mid200/ratio3_sh0_dense/f1170/splatfacto/2026-08-20_173511/gaussian_features_f1170_labeled.csv
[density] body候选体素连通分量分析: 丢弃1/7999个非最大连通分量的碎块体素

[f1171] n_total=23899 n_kept=21200 (88.7%)  n_frames_in_window=73
  body候选体素数(阈值+连通分量后)=7998  body候选点数=19988(94.3% of kept)
  wing连通性: 碎块点=757  实际改判=757
  confidence=low  (wing_merged强制low; body候选点数<20或>0.9*n_kept强制low; 否则high)
  L/R锚定: wing_A -> wing_R  wing_B -> wing_L
  part_label分布(全部点，含if_keep=False的1-NN传播): body=22764  wing_L=252  wing_R=883
  labeled csv -> /home/computer0/fly_project/fly_gsplat/outputs/ctrl_009_001_ratio3_sh0_dense_mid200/ratio3_sh0_dense/f1171/splatfacto/2026-08-20_173511/gaussian_features_f1171_labeled.csv
[density] body候选体素连通分量分析: 丢弃4/7999个非最大连通分量的碎块体素

[f1172] n_total=22448 n_kept=20067 (89.4%)  n_frames_in_window=73
  body候选体素数(阈值+连通分量后)=7995  body候选点数=18796(93.7% of kept)
  wing连通性: 碎块点=863  实际改判=863
  confidence=low  (wing_merged强制low; body候选点数<20或>0.9*n_kept强制low; 否则high)
  L/R锚定: wing_A -> wing_L  wing_B -> wing_R
  part_label分布(全部点，含if_keep=False的1-NN传播): body=21159  wing_L=461  wing_R=828
  labeled csv -> /home/computer0/fly_project/fly_gsplat/outputs/ctrl_009_001_ratio3_sh0_dense_mid200/ratio3_sh0_dense/f1172/splatfacto/2026-08-20_173719/gaussian_features_f1172_labeled.csv
[density] body候选体素连通分量分析: 丢弃4/8010个非最大连通分量的碎块体素

[f1173] n_total=23392 n_kept=20811 (89.0%)  n_frames_in_window=73
  body候选体素数(阈值+连通分量后)=8006  body候选点数=19925(95.7% of kept)
  wing连通性: 碎块点=632  实际改判=632
  confidence=low  (wing_merged强制low; body候选点数<20或>0.9*n_kept强制low; 否则high)
  L/R锚定: wing_A -> wing_L  wing_B -> wing_R
  part_label分布(全部点，含if_keep=False的1-NN传播): body=22418  wing_L=735  wing_R=239
  labeled csv -> /home/computer0/fly_project/fly_gsplat/outputs/ctrl_009_001_ratio3_sh0_dense_mid200/ratio3_sh0_dense/f1173/splatfacto/2026-08-20_173719/gaussian_features_f1173_labeled.csv
[density] body候选体素连通分量分析: 丢弃4/7999个非最大连通分量的碎块体素

[f1174] n_total=22811 n_kept=20418 (89.5%)  n_frames_in_window=73
  body候选体素数(阈值+连通分量后)=7995  body候选点数=19313(94.6% of kept)
  wing连通性: 碎块点=760  实际改判=760
  confidence=low  (wing_merged强制low; body候选点数<20或>0.9*n_kept强制low; 否则high)
  L/R锚定: wing_A -> wing_L  wing_B -> wing_R
  part_label分布(全部点，含if_keep=False的1-NN传播): body=22133  wing_L=418  wing_R=260
  labeled csv -> /home/computer0/fly_project/fly_gsplat/outputs/ctrl_009_001_ratio3_sh0_dense_mid200/ratio3_sh0_dense/f1174/splatfacto/2026-08-20_173720/gaussian_features_f1174_labeled.csv
[density] body候选体素连通分量分析: 丢弃3/7993个非最大连通分量的碎块体素

[f1175] n_total=23406 n_kept=20914 (89.4%)  n_frames_in_window=73
  body候选体素数(阈值+连通分量后)=7990  body候选点数=19810(94.7% of kept)
  wing连通性: 碎块点=555  实际改判=555
  confidence=low  (wing_merged强制low; body候选点数<20或>0.9*n_kept强制low; 否则high)
  L/R锚定: wing_A -> wing_L  wing_B -> wing_R
  part_label分布(全部点，含if_keep=False的1-NN传播): body=22004  wing_L=1286  wing_R=116
  labeled csv -> /home/computer0/fly_project/fly_gsplat/outputs/ctrl_009_001_ratio3_sh0_dense_mid200/ratio3_sh0_dense/f1175/splatfacto/2026-08-20_173720/gaussian_features_f1175_labeled.csv
[density] body候选体素连通分量分析: 丢弃12/7984个非最大连通分量的碎块体素

[f1176] n_total=22785 n_kept=20347 (89.3%)  n_frames_in_window=73
  body候选体素数(阈值+连通分量后)=7972  body候选点数=19222(94.5% of kept)
  wing连通性: 碎块点=803  实际改判=803
  confidence=low  (wing_merged强制low; body候选点数<20或>0.9*n_kept强制low; 否则high)
  L/R锚定: wing_A -> wing_L  wing_B -> wing_R
  part_label分布(全部点，含if_keep=False的1-NN传播): body=21926  wing_L=609  wing_R=250
  labeled csv -> /home/computer0/fly_project/fly_gsplat/outputs/ctrl_009_001_ratio3_sh0_dense_mid200/ratio3_sh0_dense/f1176/splatfacto/2026-08-20_173720/gaussian_features_f1176_labeled.csv
[density] body候选体素连通分量分析: 丢弃14/7991个非最大连通分量的碎块体素

[f1177] n_total=23649 n_kept=21078 (89.1%)  n_frames_in_window=73
  body候选体素数(阈值+连通分量后)=7977  body候选点数=19841(94.1% of kept)
  wing连通性: 碎块点=783  实际改判=783
  confidence=low  (wing_merged强制low; body候选点数<20或>0.9*n_kept强制low; 否则high)
  L/R锚定: wing_A -> wing_L  wing_B -> wing_R
  part_label分布(全部点，含if_keep=False的1-NN传播): body=22342  wing_L=481  wing_R=826
  labeled csv -> /home/computer0/fly_project/fly_gsplat/outputs/ctrl_009_001_ratio3_sh0_dense_mid200/ratio3_sh0_dense/f1177/splatfacto/2026-08-20_173720/gaussian_features_f1177_labeled.csv
[density] body候选体素连通分量分析: 丢弃14/7996个非最大连通分量的碎块体素

[f1178] n_total=23973 n_kept=21477 (89.6%)  n_frames_in_window=73
  body候选体素数(阈值+连通分量后)=7982  body候选点数=20439(95.2% of kept)
  wing连通性: 碎块点=649  实际改判=649
  confidence=low  (wing_merged强制low; body候选点数<20或>0.9*n_kept强制low; 否则high)
  L/R锚定: wing_A -> wing_L  wing_B -> wing_R
  part_label分布(全部点，含if_keep=False的1-NN传播): body=23079  wing_L=746  wing_R=148
  labeled csv -> /home/computer0/fly_project/fly_gsplat/outputs/ctrl_009_001_ratio3_sh0_dense_mid200/ratio3_sh0_dense/f1178/splatfacto/2026-08-20_173722/gaussian_features_f1178_labeled.csv
[density] body候选体素连通分量分析: 丢弃14/8004个非最大连通分量的碎块体素

[f1179] n_total=22858 n_kept=20391 (89.2%)  n_frames_in_window=73
  body候选体素数(阈值+连通分量后)=7990  body候选点数=19578(96.0% of kept)
  wing连通性: 碎块点=574  实际改判=574
  confidence=low  (wing_merged强制low; body候选点数<20或>0.9*n_kept强制low; 否则high)
  L/R锚定: wing_A -> wing_R  wing_B -> wing_L
  part_label分布(全部点，含if_keep=False的1-NN传播): body=22056  wing_L=201  wing_R=601
  labeled csv -> /home/computer0/fly_project/fly_gsplat/outputs/ctrl_009_001_ratio3_sh0_dense_mid200/ratio3_sh0_dense/f1179/splatfacto/2026-08-20_173722/gaussian_features_f1179_labeled.csv
[density] body候选体素连通分量分析: 丢弃15/8010个非最大连通分量的碎块体素

[f1180] n_total=24128 n_kept=21519 (89.2%)  n_frames_in_window=73
  body候选体素数(阈值+连通分量后)=7995  body候选点数=20391(94.8% of kept)
  wing连通性: 碎块点=873  实际改判=873
  confidence=low  (wing_merged强制low; body候选点数<20或>0.9*n_kept强制low; 否则high)
  L/R锚定: wing_A -> wing_R  wing_B -> wing_L
  part_label分布(全部点，含if_keep=False的1-NN传播): body=23163  wing_L=619  wing_R=346
  labeled csv -> /home/computer0/fly_project/fly_gsplat/outputs/ctrl_009_001_ratio3_sh0_dense_mid200/ratio3_sh0_dense/f1180/splatfacto/2026-08-20_173721/gaussian_features_f1180_labeled.csv
[density] body候选体素连通分量分析: 丢弃14/7983个非最大连通分量的碎块体素

[f1181] n_total=23721 n_kept=21149 (89.2%)  n_frames_in_window=73
  body候选体素数(阈值+连通分量后)=7969  body候选点数=20054(94.8% of kept)
  wing连通性: 碎块点=743  实际改判=743
  confidence=low  (wing_merged强制low; body候选点数<20或>0.9*n_kept强制low; 否则high)
  L/R锚定: wing_A -> wing_R  wing_B -> wing_L
  part_label分布(全部点，含if_keep=False的1-NN传播): body=22919  wing_L=226  wing_R=576
  labeled csv -> /home/computer0/fly_project/fly_gsplat/outputs/ctrl_009_001_ratio3_sh0_dense_mid200/ratio3_sh0_dense/f1181/splatfacto/2026-08-20_173722/gaussian_features_f1181_labeled.csv
[density] body候选体素连通分量分析: 丢弃14/7989个非最大连通分量的碎块体素

[f1182] n_total=24073 n_kept=21565 (89.6%)  n_frames_in_window=73
  body候选体素数(阈值+连通分量后)=7975  body候选点数=20481(95.0% of kept)
  wing连通性: 碎块点=719  实际改判=719
  confidence=low  (wing_merged强制low; body候选点数<20或>0.9*n_kept强制low; 否则high)
  L/R锚定: wing_A -> wing_R  wing_B -> wing_L
  part_label分布(全部点，含if_keep=False的1-NN传播): body=22884  wing_L=322  wing_R=867
  labeled csv -> /home/computer0/fly_project/fly_gsplat/outputs/ctrl_009_001_ratio3_sh0_dense_mid200/ratio3_sh0_dense/f1182/splatfacto/2026-08-20_173725/gaussian_features_f1182_labeled.csv
[density] body候选体素连通分量分析: 丢弃19/7998个非最大连通分量的碎块体素

[f1183] n_total=23254 n_kept=20897 (89.9%)  n_frames_in_window=73
  body候选体素数(阈值+连通分量后)=7979  body候选点数=19978(95.6% of kept)
  wing连通性: 碎块点=553  实际改判=553
  confidence=low  (wing_merged强制low; body候选点数<20或>0.9*n_kept强制low; 否则high)
  L/R锚定: wing_A -> wing_R  wing_B -> wing_L
  part_label分布(全部点，含if_keep=False的1-NN传播): body=22439  wing_L=516  wing_R=299
  labeled csv -> /home/computer0/fly_project/fly_gsplat/outputs/ctrl_009_001_ratio3_sh0_dense_mid200/ratio3_sh0_dense/f1183/splatfacto/2026-08-20_173726/gaussian_features_f1183_labeled.csv
[density] body候选体素连通分量分析: 丢弃19/8013个非最大连通分量的碎块体素

[f1184] n_total=24115 n_kept=21649 (89.8%)  n_frames_in_window=73
  body候选体素数(阈值+连通分量后)=7994  body候选点数=20429(94.4% of kept)
  wing连通性: 碎块点=694  实际改判=694
  confidence=low  (wing_merged强制low; body候选点数<20或>0.9*n_kept强制low; 否则high)
  L/R锚定: wing_A -> wing_L  wing_B -> wing_R
  part_label分布(全部点，含if_keep=False的1-NN传播): body=22843  wing_L=960  wing_R=312
  labeled csv -> /home/computer0/fly_project/fly_gsplat/outputs/ctrl_009_001_ratio3_sh0_dense_mid200/ratio3_sh0_dense/f1184/splatfacto/2026-08-20_173931/gaussian_features_f1184_labeled.csv
[density] body候选体素连通分量分析: 丢弃19/8016个非最大连通分量的碎块体素

[f1185] n_total=22938 n_kept=20630 (89.9%)  n_frames_in_window=73
  body候选体素数(阈值+连通分量后)=7997  body候选点数=19485(94.4% of kept)
  wing连通性: 碎块点=717  实际改判=717
  confidence=low  (wing_merged强制low; body候选点数<20或>0.9*n_kept强制low; 否则high)
  L/R锚定: wing_A -> wing_L  wing_B -> wing_R
  part_label分布(全部点，含if_keep=False的1-NN传播): body=21839  wing_L=863  wing_R=236
  labeled csv -> /home/computer0/fly_project/fly_gsplat/outputs/ctrl_009_001_ratio3_sh0_dense_mid200/ratio3_sh0_dense/f1185/splatfacto/2026-08-20_173931/gaussian_features_f1185_labeled.csv
[density] body候选体素连通分量分析: 丢弃22/8038个非最大连通分量的碎块体素

[f1186] n_total=23759 n_kept=21198 (89.2%)  n_frames_in_window=73
  body候选体素数(阈值+连通分量后)=8016  body候选点数=20156(95.1% of kept)
  wing连通性: 碎块点=819  实际改判=819
  confidence=low  (wing_merged强制low; body候选点数<20或>0.9*n_kept强制low; 否则high)
  L/R锚定: wing_A -> wing_R  wing_B -> wing_L
  part_label分布(全部点，含if_keep=False的1-NN传播): body=22866  wing_L=262  wing_R=631
  labeled csv -> /home/computer0/fly_project/fly_gsplat/outputs/ctrl_009_001_ratio3_sh0_dense_mid200/ratio3_sh0_dense/f1186/splatfacto/2026-08-20_173932/gaussian_features_f1186_labeled.csv
[density] body候选体素连通分量分析: 丢弃23/8049个非最大连通分量的碎块体素

[f1187] n_total=23247 n_kept=20761 (89.3%)  n_frames_in_window=73
  body候选体素数(阈值+连通分量后)=8026  body候选点数=19740(95.1% of kept)
  wing连通性: 碎块点=564  实际改判=564
  confidence=low  (wing_merged强制low; body候选点数<20或>0.9*n_kept强制low; 否则high)
  L/R锚定: wing_A -> wing_L  wing_B -> wing_R
  part_label分布(全部点，含if_keep=False的1-NN传播): body=22134  wing_L=679  wing_R=434
  labeled csv -> /home/computer0/fly_project/fly_gsplat/outputs/ctrl_009_001_ratio3_sh0_dense_mid200/ratio3_sh0_dense/f1187/splatfacto/2026-08-20_173932/gaussian_features_f1187_labeled.csv
[density] body候选体素连通分量分析: 丢弃23/8067个非最大连通分量的碎块体素

[f1188] n_total=22557 n_kept=20069 (89.0%)  n_frames_in_window=73
  body候选体素数(阈值+连通分量后)=8044  body候选点数=18864(94.0% of kept)
  wing连通性: 碎块点=857  实际改判=857
  confidence=low  (wing_merged强制low; body候选点数<20或>0.9*n_kept强制low; 否则high)
  L/R锚定: wing_A -> wing_R  wing_B -> wing_L
  part_label分布(全部点，含if_keep=False的1-NN传播): body=21979  wing_L=215  wing_R=363
  labeled csv -> /home/computer0/fly_project/fly_gsplat/outputs/ctrl_009_001_ratio3_sh0_dense_mid200/ratio3_sh0_dense/f1188/splatfacto/2026-08-20_173933/gaussian_features_f1188_labeled.csv
[density] body候选体素连通分量分析: 丢弃27/8072个非最大连通分量的碎块体素

[f1189] n_total=24115 n_kept=21554 (89.4%)  n_frames_in_window=73
  body候选体素数(阈值+连通分量后)=8045  body候选点数=20027(92.9% of kept)
  wing连通性: 碎块点=846  实际改判=846
  confidence=low  (wing_merged强制low; body候选点数<20或>0.9*n_kept强制low; 否则high)
  L/R锚定: wing_A -> wing_R  wing_B -> wing_L
  part_label分布(全部点，含if_keep=False的1-NN传播): body=22889  wing_L=209  wing_R=1017
  labeled csv -> /home/computer0/fly_project/fly_gsplat/outputs/ctrl_009_001_ratio3_sh0_dense_mid200/ratio3_sh0_dense/f1189/splatfacto/2026-08-20_173933/gaussian_features_f1189_labeled.csv
[density] body候选体素连通分量分析: 丢弃29/8063个非最大连通分量的碎块体素

[f1190] n_total=24687 n_kept=22089 (89.5%)  n_frames_in_window=73
  body候选体素数(阈值+连通分量后)=8034  body候选点数=21062(95.4% of kept)
  wing连通性: 碎块点=706  实际改判=706
  confidence=low  (wing_merged强制low; body候选点数<20或>0.9*n_kept强制low; 否则high)
  L/R锚定: wing_A -> wing_L  wing_B -> wing_R
  part_label分布(全部点，含if_keep=False的1-NN传播): body=23720  wing_L=363  wing_R=604
  labeled csv -> /home/computer0/fly_project/fly_gsplat/outputs/ctrl_009_001_ratio3_sh0_dense_mid200/ratio3_sh0_dense/f1190/splatfacto/2026-08-20_173933/gaussian_features_f1190_labeled.csv
[density] body候选体素连通分量分析: 丢弃31/8066个非最大连通分量的碎块体素

[f1191] n_total=23465 n_kept=21029 (89.6%)  n_frames_in_window=73
  body候选体素数(阈值+连通分量后)=8035  body候选点数=19967(94.9% of kept)
  wing连通性: 碎块点=571  实际改判=571
  confidence=low  (wing_merged强制low; body候选点数<20或>0.9*n_kept强制low; 否则high)
  L/R锚定: wing_A -> wing_L  wing_B -> wing_R
  part_label分布(全部点，含if_keep=False的1-NN传播): body=22453  wing_L=716  wing_R=296
  labeled csv -> /home/computer0/fly_project/fly_gsplat/outputs/ctrl_009_001_ratio3_sh0_dense_mid200/ratio3_sh0_dense/f1191/splatfacto/2026-08-20_173934/gaussian_features_f1191_labeled.csv
[density] body候选体素连通分量分析: 丢弃32/8080个非最大连通分量的碎块体素

[f1192] n_total=23340 n_kept=20929 (89.7%)  n_frames_in_window=73
  body候选体素数(阈值+连通分量后)=8048  body候选点数=19739(94.3% of kept)
  wing连通性: 碎块点=779  实际改判=779
  confidence=low  (wing_merged强制low; body候选点数<20或>0.9*n_kept强制low; 否则high)
  L/R锚定: wing_A -> wing_L  wing_B -> wing_R
  part_label分布(全部点，含if_keep=False的1-NN传播): body=22714  wing_L=503  wing_R=123
  labeled csv -> /home/computer0/fly_project/fly_gsplat/outputs/ctrl_009_001_ratio3_sh0_dense_mid200/ratio3_sh0_dense/f1192/splatfacto/2026-08-20_173933/gaussian_features_f1192_labeled.csv
[density] body候选体素连通分量分析: 丢弃34/8095个非最大连通分量的碎块体素

[f1193] n_total=23344 n_kept=20795 (89.1%)  n_frames_in_window=73
  body候选体素数(阈值+连通分量后)=8061  body候选点数=19427(93.4% of kept)
  wing连通性: 碎块点=797  实际改判=797
  confidence=low  (wing_merged强制low; body候选点数<20或>0.9*n_kept强制low; 否则high)
  L/R锚定: wing_A -> wing_L  wing_B -> wing_R
  part_label分布(全部点，含if_keep=False的1-NN传播): body=22048  wing_L=910  wing_R=386
  labeled csv -> /home/computer0/fly_project/fly_gsplat/outputs/ctrl_009_001_ratio3_sh0_dense_mid200/ratio3_sh0_dense/f1193/splatfacto/2026-08-20_173935/gaussian_features_f1193_labeled.csv
[density] body候选体素连通分量分析: 丢弃33/8099个非最大连通分量的碎块体素

[f1194] n_total=23761 n_kept=21228 (89.3%)  n_frames_in_window=73
  body候选体素数(阈值+连通分量后)=8066  body候选点数=20046(94.4% of kept)
  wing连通性: 碎块点=730  实际改判=730
  confidence=low  (wing_merged强制low; body候选点数<20或>0.9*n_kept强制low; 否则high)
  L/R锚定: wing_A -> wing_L  wing_B -> wing_R
  part_label分布(全部点，含if_keep=False的1-NN传播): body=22511  wing_L=458  wing_R=792
  labeled csv -> /home/computer0/fly_project/fly_gsplat/outputs/ctrl_009_001_ratio3_sh0_dense_mid200/ratio3_sh0_dense/f1194/splatfacto/2026-08-20_173936/gaussian_features_f1194_labeled.csv
[density] body候选体素连通分量分析: 丢弃34/8078个非最大连通分量的碎块体素

[f1195] n_total=24199 n_kept=21834 (90.2%)  n_frames_in_window=73
  body候选体素数(阈值+连通分量后)=8044  body候选点数=20618(94.4% of kept)
  wing连通性: 碎块点=591  实际改判=591
  confidence=low  (wing_merged强制low; body候选点数<20或>0.9*n_kept强制low; 否则high)
  L/R锚定: wing_A -> wing_L  wing_B -> wing_R
  part_label分布(全部点，含if_keep=False的1-NN传播): body=22731  wing_L=1173  wing_R=295
  labeled csv -> /home/computer0/fly_project/fly_gsplat/outputs/ctrl_009_001_ratio3_sh0_dense_mid200/ratio3_sh0_dense/f1195/splatfacto/2026-08-20_173935/gaussian_features_f1195_labeled.csv
[density] body候选体素连通分量分析: 丢弃35/8070个非最大连通分量的碎块体素

[f1196] n_total=23858 n_kept=21382 (89.6%)  n_frames_in_window=73
  body候选体素数(阈值+连通分量后)=8035  body候选点数=20338(95.1% of kept)
  wing连通性: 碎块点=549  实际改判=549
  confidence=low  (wing_merged强制low; body候选点数<20或>0.9*n_kept强制low; 否则high)
  L/R锚定: wing_A -> wing_L  wing_B -> wing_R
  part_label分布(全部点，含if_keep=False的1-NN传播): body=22429  wing_L=895  wing_R=534
  labeled csv -> /home/computer0/fly_project/fly_gsplat/outputs/ctrl_009_001_ratio3_sh0_dense_mid200/ratio3_sh0_dense/f1196/splatfacto/2026-08-20_174142/gaussian_features_f1196_labeled.csv
[density] body候选体素连通分量分析: 丢弃33/8058个非最大连通分量的碎块体素

[f1197] n_total=23882 n_kept=21431 (89.7%)  n_frames_in_window=73
  body候选体素数(阈值+连通分量后)=8025  body候选点数=19957(93.1% of kept)
  wing连通性: 碎块点=887  实际改判=887
  confidence=low  (wing_merged强制low; body候选点数<20或>0.9*n_kept强制low; 否则high)
  L/R锚定: wing_A -> wing_R  wing_B -> wing_L
  part_label分布(全部点，含if_keep=False的1-NN传播): body=22488  wing_L=253  wing_R=1141
  labeled csv -> /home/computer0/fly_project/fly_gsplat/outputs/ctrl_009_001_ratio3_sh0_dense_mid200/ratio3_sh0_dense/f1197/splatfacto/2026-08-20_174143/gaussian_features_f1197_labeled.csv
[density] body候选体素连通分量分析: 丢弃6/8058个非最大连通分量的碎块体素

[f1198] n_total=24962 n_kept=22210 (89.0%)  n_frames_in_window=73
  body候选体素数(阈值+连通分量后)=8052  body候选点数=20837(93.8% of kept)
  wing连通性: 碎块点=883  实际改判=883
  confidence=low  (wing_merged强制low; body候选点数<20或>0.9*n_kept强制low; 否则high)
  L/R锚定: wing_A -> wing_L  wing_B -> wing_R
  part_label分布(全部点，含if_keep=False的1-NN传播): body=23850  wing_L=815  wing_R=297
  labeled csv -> /home/computer0/fly_project/fly_gsplat/outputs/ctrl_009_001_ratio3_sh0_dense_mid200/ratio3_sh0_dense/f1198/splatfacto/2026-08-20_174143/gaussian_features_f1198_labeled.csv
[density] body候选体素连通分量分析: 丢弃5/8066个非最大连通分量的碎块体素

[f1199] n_total=24043 n_kept=21467 (89.3%)  n_frames_in_window=73
  body候选体素数(阈值+连通分量后)=8061  body候选点数=20510(95.5% of kept)
  wing连通性: 碎块点=543  实际改判=543
  confidence=low  (wing_merged强制low; body候选点数<20或>0.9*n_kept强制low; 否则high)
  L/R锚定: wing_A -> wing_L  wing_B -> wing_R
  part_label分布(全部点，含if_keep=False的1-NN传播): body=23220  wing_L=490  wing_R=333
  labeled csv -> /home/computer0/fly_project/fly_gsplat/outputs/ctrl_009_001_ratio3_sh0_dense_mid200/ratio3_sh0_dense/f1199/splatfacto/2026-08-20_174143/gaussian_features_f1199_labeled.csv
[density] body候选体素连通分量分析: 丢弃5/8054个非最大连通分量的碎块体素

[f1200] n_total=24211 n_kept=21696 (89.6%)  n_frames_in_window=73
  body候选体素数(阈值+连通分量后)=8049  body候选点数=20425(94.1% of kept)
  wing连通性: 碎块点=879  实际改判=879
  confidence=low  (wing_merged强制low; body候选点数<20或>0.9*n_kept强制low; 否则high)
  L/R锚定: wing_A -> wing_R  wing_B -> wing_L
  part_label分布(全部点，含if_keep=False的1-NN传播): body=23395  wing_L=259  wing_R=557
  labeled csv -> /home/computer0/fly_project/fly_gsplat/outputs/ctrl_009_001_ratio3_sh0_dense_mid200/ratio3_sh0_dense/f1200/splatfacto/2026-08-20_174144/gaussian_features_f1200_labeled.csv
[density] body候选体素连通分量分析: 丢弃3/8066个非最大连通分量的碎块体素

[f1201] n_total=23803 n_kept=21270 (89.4%)  n_frames_in_window=73
  body候选体素数(阈值+连通分量后)=8063  body候选点数=20224(95.1% of kept)
  wing连通性: 碎块点=689  实际改判=689
  confidence=low  (wing_merged强制low; body候选点数<20或>0.9*n_kept强制low; 否则high)
  L/R锚定: wing_A -> wing_L  wing_B -> wing_R
  part_label分布(全部点，含if_keep=False的1-NN传播): body=22840  wing_L=673  wing_R=290
  labeled csv -> /home/computer0/fly_project/fly_gsplat/outputs/ctrl_009_001_ratio3_sh0_dense_mid200/ratio3_sh0_dense/f1201/splatfacto/2026-08-20_174144/gaussian_features_f1201_labeled.csv
[density] body候选体素连通分量分析: 丢弃3/8041个非最大连通分量的碎块体素

[f1202] n_total=23689 n_kept=21153 (89.3%)  n_frames_in_window=73
  body候选体素数(阈值+连通分量后)=8038  body候选点数=19943(94.3% of kept)
  wing连通性: 碎块点=800  实际改判=800
  confidence=low  (wing_merged强制low; body候选点数<20或>0.9*n_kept强制low; 否则high)
  L/R锚定: wing_A -> wing_L  wing_B -> wing_R
  part_label分布(全部点，含if_keep=False的1-NN传播): body=23018  wing_L=376  wing_R=295
  labeled csv -> /home/computer0/fly_project/fly_gsplat/outputs/ctrl_009_001_ratio3_sh0_dense_mid200/ratio3_sh0_dense/f1202/splatfacto/2026-08-20_174144/gaussian_features_f1202_labeled.csv
[density] body候选体素连通分量分析: 丢弃3/8041个非最大连通分量的碎块体素

[f1203] n_total=23730 n_kept=21218 (89.4%)  n_frames_in_window=73
  body候选体素数(阈值+连通分量后)=8038  body候选点数=20140(94.9% of kept)
  wing连通性: 碎块点=732  实际改判=732
  confidence=low  (wing_merged强制low; body候选点数<20或>0.9*n_kept强制low; 否则high)
  L/R锚定: wing_A -> wing_R  wing_B -> wing_L
  part_label分布(全部点，含if_keep=False的1-NN传播): body=22672  wing_L=302  wing_R=756
  labeled csv -> /home/computer0/fly_project/fly_gsplat/outputs/ctrl_009_001_ratio3_sh0_dense_mid200/ratio3_sh0_dense/f1203/splatfacto/2026-08-20_174144/gaussian_features_f1203_labeled.csv
[density] body候选体素连通分量分析: 丢弃4/8026个非最大连通分量的碎块体素

[f1204] n_total=23329 n_kept=20775 (89.1%)  n_frames_in_window=73
  body候选体素数(阈值+连通分量后)=8022  body候选点数=19720(94.9% of kept)
  wing连通性: 碎块点=533  实际改判=533
  confidence=low  (wing_merged强制low; body候选点数<20或>0.9*n_kept强制low; 否则high)
  L/R锚定: wing_A -> wing_L  wing_B -> wing_R
  part_label分布(全部点，含if_keep=False的1-NN传播): body=22146  wing_L=991  wing_R=192
  labeled csv -> /home/computer0/fly_project/fly_gsplat/outputs/ctrl_009_001_ratio3_sh0_dense_mid200/ratio3_sh0_dense/f1204/splatfacto/2026-08-20_174146/gaussian_features_f1204_labeled.csv
[density] body候选体素连通分量分析: 丢弃6/8023个非最大连通分量的碎块体素

[f1205] n_total=24140 n_kept=21480 (89.0%)  n_frames_in_window=73
  body候选体素数(阈值+连通分量后)=8017  body候选点数=20388(94.9% of kept)
  wing连通性: 碎块点=753  实际改判=753
  confidence=low  (wing_merged强制low; body候选点数<20或>0.9*n_kept强制low; 否则high)
  L/R锚定: wing_A -> wing_L  wing_B -> wing_R
  part_label分布(全部点，含if_keep=False的1-NN传播): body=23077  wing_L=331  wing_R=732
  labeled csv -> /home/computer0/fly_project/fly_gsplat/outputs/ctrl_009_001_ratio3_sh0_dense_mid200/ratio3_sh0_dense/f1205/splatfacto/2026-08-20_174146/gaussian_features_f1205_labeled.csv
[density] body候选体素连通分量分析: 丢弃5/8042个非最大连通分量的碎块体素

[f1206] n_total=24157 n_kept=21765 (90.1%)  n_frames_in_window=73
  body候选体素数(阈值+连通分量后)=8037  body候选点数=20540(94.4% of kept)
  wing连通性: 碎块点=784  实际改判=784
  confidence=low  (wing_merged强制low; body候选点数<20或>0.9*n_kept强制low; 否则high)
  L/R锚定: wing_A -> wing_L  wing_B -> wing_R
  part_label分布(全部点，含if_keep=False的1-NN传播): body=22810  wing_L=992  wing_R=355
  labeled csv -> /home/computer0/fly_project/fly_gsplat/outputs/ctrl_009_001_ratio3_sh0_dense_mid200/ratio3_sh0_dense/f1206/splatfacto/2026-08-20_174146/gaussian_features_f1206_labeled.csv
[density] body候选体素连通分量分析: 丢弃4/8033个非最大连通分量的碎块体素

[f1207] n_total=22323 n_kept=20070 (89.9%)  n_frames_in_window=73
  body候选体素数(阈值+连通分量后)=8029  body候选点数=18991(94.6% of kept)
  wing连通性: 碎块点=712  实际改判=712
  confidence=low  (wing_merged强制low; body候选点数<20或>0.9*n_kept强制low; 否则high)
  L/R锚定: wing_A -> wing_L  wing_B -> wing_R
  part_label分布(全部点，含if_keep=False的1-NN传播): body=21233  wing_L=824  wing_R=266
  labeled csv -> /home/computer0/fly_project/fly_gsplat/outputs/ctrl_009_001_ratio3_sh0_dense_mid200/ratio3_sh0_dense/f1207/splatfacto/2026-08-20_174147/gaussian_features_f1207_labeled.csv
[density] body候选体素连通分量分析: 丢弃4/8038个非最大连通分量的碎块体素

[f1208] n_total=24098 n_kept=21511 (89.3%)  n_frames_in_window=73
  body候选体素数(阈值+连通分量后)=8034  body候选点数=20423(94.9% of kept)
  wing连通性: 碎块点=842  实际改判=842
  confidence=low  (wing_merged强制low; body候选点数<20或>0.9*n_kept强制low; 否则high)
  L/R锚定: wing_A -> wing_R  wing_B -> wing_L
  part_label分布(全部点，含if_keep=False的1-NN传播): body=23413  wing_L=201  wing_R=484
  labeled csv -> /home/computer0/fly_project/fly_gsplat/outputs/ctrl_009_001_ratio3_sh0_dense_mid200/ratio3_sh0_dense/f1208/splatfacto/2026-08-20_174354/gaussian_features_f1208_labeled.csv
[density] body候选体素连通分量分析: 丢弃4/8015个非最大连通分量的碎块体素
  [警告][f1209] wing_merged_forced_split: wing候选点的连通分量分析后只有1个显著分量(贴一起无法物理拆分)，强行按x_body×up投影中位数切成两半，强制confidence=low

[f1209] n_total=24697 n_kept=21827 (88.4%)  n_frames_in_window=73
  body候选体素数(阈值+连通分量后)=8011  body候选点数=20794(95.3% of kept)
  wing连通性: 碎块点=527  实际改判=527
  confidence=low  (wing_merged强制low; body候选点数<20或>0.9*n_kept强制low; 否则high)
  L/R锚定: wing_A -> wing_R  wing_B -> wing_L
  part_label分布(全部点，含if_keep=False的1-NN传播): body=23330  wing_L=583  wing_R=784
  labeled csv -> /home/computer0/fly_project/fly_gsplat/outputs/ctrl_009_001_ratio3_sh0_dense_mid200/ratio3_sh0_dense/f1209/splatfacto/2026-08-20_174355/gaussian_features_f1209_labeled.csv
[density] body候选体素连通分量分析: 丢弃2/8014个非最大连通分量的碎块体素

[f1210] n_total=24894 n_kept=22172 (89.1%)  n_frames_in_window=73
  body候选体素数(阈值+连通分量后)=8012  body候选点数=21080(95.1% of kept)
  wing连通性: 碎块点=535  实际改判=535
  confidence=low  (wing_merged强制low; body候选点数<20或>0.9*n_kept强制low; 否则high)
  L/R锚定: wing_A -> wing_R  wing_B -> wing_L
  part_label分布(全部点，含if_keep=False的1-NN传播): body=23426  wing_L=289  wing_R=1179
  labeled csv -> /home/computer0/fly_project/fly_gsplat/outputs/ctrl_009_001_ratio3_sh0_dense_mid200/ratio3_sh0_dense/f1210/splatfacto/2026-08-20_174356/gaussian_features_f1210_labeled.csv
[density] body候选体素连通分量分析: 丢弃4/8005个非最大连通分量的碎块体素

[f1211] n_total=24101 n_kept=21546 (89.4%)  n_frames_in_window=73
  body候选体素数(阈值+连通分量后)=8001  body候选点数=20435(94.8% of kept)
  wing连通性: 碎块点=651  实际改判=651
  confidence=low  (wing_merged强制low; body候选点数<20或>0.9*n_kept强制low; 否则high)
  L/R锚定: wing_A -> wing_R  wing_B -> wing_L
  part_label分布(全部点，含if_keep=False的1-NN传播): body=23084  wing_L=305  wing_R=712
  labeled csv -> /home/computer0/fly_project/fly_gsplat/outputs/ctrl_009_001_ratio3_sh0_dense_mid200/ratio3_sh0_dense/f1211/splatfacto/2026-08-20_174356/gaussian_features_f1211_labeled.csv
[density] body候选体素连通分量分析: 丢弃3/8015个非最大连通分量的碎块体素

[f1212] n_total=23491 n_kept=21002 (89.4%)  n_frames_in_window=73
  body候选体素数(阈值+连通分量后)=8012  body候选点数=19966(95.1% of kept)
  wing连通性: 碎块点=640  实际改判=640
  confidence=low  (wing_merged强制low; body候选点数<20或>0.9*n_kept强制low; 否则high)
  L/R锚定: wing_A -> wing_L  wing_B -> wing_R
  part_label分布(全部点，含if_keep=False的1-NN传播): body=22653  wing_L=632  wing_R=206
  labeled csv -> /home/computer0/fly_project/fly_gsplat/outputs/ctrl_009_001_ratio3_sh0_dense_mid200/ratio3_sh0_dense/f1212/splatfacto/2026-08-20_174356/gaussian_features_f1212_labeled.csv
[density] body候选体素连通分量分析: 丢弃4/8005个非最大连通分量的碎块体素

[f1213] n_total=23748 n_kept=21148 (89.1%)  n_frames_in_window=73
  body候选体素数(阈值+连通分量后)=8001  body候选点数=19881(94.0% of kept)
  wing连通性: 碎块点=852  实际改判=852
  confidence=low  (wing_merged强制low; body候选点数<20或>0.9*n_kept强制low; 否则high)
  L/R锚定: wing_A -> wing_L  wing_B -> wing_R
  part_label分布(全部点，含if_keep=False的1-NN传播): body=22235  wing_L=460  wing_R=1053
  labeled csv -> /home/computer0/fly_project/fly_gsplat/outputs/ctrl_009_001_ratio3_sh0_dense_mid200/ratio3_sh0_dense/f1213/splatfacto/2026-08-20_174357/gaussian_features_f1213_labeled.csv
[density] body候选体素连通分量分析: 丢弃4/8002个非最大连通分量的碎块体素

[f1214] n_total=23991 n_kept=21361 (89.0%)  n_frames_in_window=73
  body候选体素数(阈值+连通分量后)=7998  body候选点数=20295(95.0% of kept)
  wing连通性: 碎块点=683  实际改判=683
  confidence=low  (wing_merged强制low; body候选点数<20或>0.9*n_kept强制low; 否则high)
  L/R锚定: wing_A -> wing_L  wing_B -> wing_R
  part_label分布(全部点，含if_keep=False的1-NN传播): body=22809  wing_L=904  wing_R=278
  labeled csv -> /home/computer0/fly_project/fly_gsplat/outputs/ctrl_009_001_ratio3_sh0_dense_mid200/ratio3_sh0_dense/f1214/splatfacto/2026-08-20_174357/gaussian_features_f1214_labeled.csv
[density] body候选体素连通分量分析: 丢弃4/8013个非最大连通分量的碎块体素

[f1215] n_total=24698 n_kept=22104 (89.5%)  n_frames_in_window=73
  body候选体素数(阈值+连通分量后)=8009  body候选点数=20881(94.5% of kept)
  wing连通性: 碎块点=743  实际改判=743
  confidence=low  (wing_merged强制low; body候选点数<20或>0.9*n_kept强制low; 否则high)
  L/R锚定: wing_A -> wing_R  wing_B -> wing_L
  part_label分布(全部点，含if_keep=False的1-NN传播): body=23347  wing_L=124  wing_R=1227
  labeled csv -> /home/computer0/fly_project/fly_gsplat/outputs/ctrl_009_001_ratio3_sh0_dense_mid200/ratio3_sh0_dense/f1215/splatfacto/2026-08-20_174358/gaussian_features_f1215_labeled.csv
[density] body候选体素连通分量分析: 丢弃4/8024个非最大连通分量的碎块体素

[f1216] n_total=23428 n_kept=21089 (90.0%)  n_frames_in_window=73
  body候选体素数(阈值+连通分量后)=8020  body候选点数=19945(94.6% of kept)
  wing连通性: 碎块点=647  实际改判=647
  confidence=low  (wing_merged强制low; body候选点数<20或>0.9*n_kept强制low; 否则high)
  L/R锚定: wing_A -> wing_L  wing_B -> wing_R
  part_label分布(全部点，含if_keep=False的1-NN传播): body=22270  wing_L=983  wing_R=175
  labeled csv -> /home/computer0/fly_project/fly_gsplat/outputs/ctrl_009_001_ratio3_sh0_dense_mid200/ratio3_sh0_dense/f1216/splatfacto/2026-08-20_174358/gaussian_features_f1216_labeled.csv
[density] body候选体素连通分量分析: 丢弃5/8031个非最大连通分量的碎块体素

[f1217] n_total=23646 n_kept=21085 (89.2%)  n_frames_in_window=73
  body候选体素数(阈值+连通分量后)=8026  body候选点数=19813(94.0% of kept)
  wing连通性: 碎块点=807  实际改判=807
  confidence=low  (wing_merged强制low; body候选点数<20或>0.9*n_kept强制low; 否则high)
  L/R锚定: wing_A -> wing_R  wing_B -> wing_L
  part_label分布(全部点，含if_keep=False的1-NN传播): body=22635  wing_L=178  wing_R=833
  labeled csv -> /home/computer0/fly_project/fly_gsplat/outputs/ctrl_009_001_ratio3_sh0_dense_mid200/ratio3_sh0_dense/f1217/splatfacto/2026-08-20_174400/gaussian_features_f1217_labeled.csv
[density] body候选体素连通分量分析: 丢弃5/8013个非最大连通分量的碎块体素

[f1218] n_total=24718 n_kept=22039 (89.2%)  n_frames_in_window=73
  body候选体素数(阈值+连通分量后)=8008  body候选点数=20663(93.8% of kept)
  wing连通性: 碎块点=805  实际改判=805
  confidence=low  (wing_merged强制low; body候选点数<20或>0.9*n_kept强制low; 否则high)
  L/R锚定: wing_A -> wing_L  wing_B -> wing_R
  part_label分布(全部点，含if_keep=False的1-NN传播): body=23847  wing_L=670  wing_R=201
  labeled csv -> /home/computer0/fly_project/fly_gsplat/outputs/ctrl_009_001_ratio3_sh0_dense_mid200/ratio3_sh0_dense/f1218/splatfacto/2026-08-20_174359/gaussian_features_f1218_labeled.csv
[density] body候选体素连通分量分析: 丢弃5/8024个非最大连通分量的碎块体素

[f1219] n_total=24195 n_kept=21632 (89.4%)  n_frames_in_window=73
  body候选体素数(阈值+连通分量后)=8019  body候选点数=20425(94.4% of kept)
  wing连通性: 碎块点=711  实际改判=711
  confidence=low  (wing_merged强制low; body候选点数<20或>0.9*n_kept强制low; 否则high)
  L/R锚定: wing_A -> wing_L  wing_B -> wing_R
  part_label分布(全部点，含if_keep=False的1-NN传播): body=22889  wing_L=1192  wing_R=114
  labeled csv -> /home/computer0/fly_project/fly_gsplat/outputs/ctrl_009_001_ratio3_sh0_dense_mid200/ratio3_sh0_dense/f1219/splatfacto/2026-08-20_174400/gaussian_features_f1219_labeled.csv
[density] body候选体素连通分量分析: 丢弃5/8024个非最大连通分量的碎块体素

[f1220] n_total=24509 n_kept=21832 (89.1%)  n_frames_in_window=73
  body候选体素数(阈值+连通分量后)=8019  body候选点数=20420(93.5% of kept)
  wing连通性: 碎块点=858  实际改判=858
  confidence=low  (wing_merged强制low; body候选点数<20或>0.9*n_kept强制low; 否则high)
  L/R锚定: wing_A -> wing_R  wing_B -> wing_L
  part_label分布(全部点，含if_keep=False的1-NN传播): body=23191  wing_L=362  wing_R=956
  labeled csv -> /home/computer0/fly_project/fly_gsplat/outputs/ctrl_009_001_ratio3_sh0_dense_mid200/ratio3_sh0_dense/f1220/splatfacto/2026-08-20_174610/gaussian_features_f1220_labeled.csv
[density] body候选体素连通分量分析: 丢弃4/8016个非最大连通分量的碎块体素

[f1221] n_total=24011 n_kept=21580 (89.9%)  n_frames_in_window=73
  body候选体素数(阈值+连通分量后)=8012  body候选点数=20404(94.6% of kept)
  wing连通性: 碎块点=828  实际改判=828
  confidence=low  (wing_merged强制low; body候选点数<20或>0.9*n_kept强制low; 否则high)
  L/R锚定: wing_A -> wing_L  wing_B -> wing_R
  part_label分布(全部点，含if_keep=False的1-NN传播): body=22813  wing_L=1078  wing_R=120
  labeled csv -> /home/computer0/fly_project/fly_gsplat/outputs/ctrl_009_001_ratio3_sh0_dense_mid200/ratio3_sh0_dense/f1221/splatfacto/2026-08-20_174610/gaussian_features_f1221_labeled.csv
[density] body候选体素连通分量分析: 丢弃4/8013个非最大连通分量的碎块体素

[f1222] n_total=23746 n_kept=21259 (89.5%)  n_frames_in_window=73
  body候选体素数(阈值+连通分量后)=8009  body候选点数=19895(93.6% of kept)
  wing连通性: 碎块点=599  实际改判=599
  confidence=low  (wing_merged强制low; body候选点数<20或>0.9*n_kept强制low; 否则high)
  L/R锚定: wing_A -> wing_R  wing_B -> wing_L
  part_label分布(全部点，含if_keep=False的1-NN传播): body=22134  wing_L=285  wing_R=1327
  labeled csv -> /home/computer0/fly_project/fly_gsplat/outputs/ctrl_009_001_ratio3_sh0_dense_mid200/ratio3_sh0_dense/f1222/splatfacto/2026-08-20_174611/gaussian_features_f1222_labeled.csv
[density] body候选体素连通分量分析: 丢弃22/8013个非最大连通分量的碎块体素

[f1223] n_total=23800 n_kept=21246 (89.3%)  n_frames_in_window=73
  body候选体素数(阈值+连通分量后)=7991  body候选点数=19727(92.9% of kept)
  wing连通性: 碎块点=908  实际改判=908
  confidence=low  (wing_merged强制low; body候选点数<20或>0.9*n_kept强制low; 否则high)
  L/R锚定: wing_A -> wing_R  wing_B -> wing_L
  part_label分布(全部点，含if_keep=False的1-NN传播): body=22248  wing_L=468  wing_R=1084
  labeled csv -> /home/computer0/fly_project/fly_gsplat/outputs/ctrl_009_001_ratio3_sh0_dense_mid200/ratio3_sh0_dense/f1223/splatfacto/2026-08-20_174610/gaussian_features_f1223_labeled.csv
[density] body候选体素连通分量分析: 丢弃5/8023个非最大连通分量的碎块体素

[f1224] n_total=23833 n_kept=21276 (89.3%)  n_frames_in_window=73
  body候选体素数(阈值+连通分量后)=8018  body候选点数=20177(94.8% of kept)
  wing连通性: 碎块点=692  实际改判=692
  confidence=low  (wing_merged强制low; body候选点数<20或>0.9*n_kept强制low; 否则high)
  L/R锚定: wing_A -> wing_L  wing_B -> wing_R
  part_label分布(全部点，含if_keep=False的1-NN传播): body=23003  wing_L=591  wing_R=239
  labeled csv -> /home/computer0/fly_project/fly_gsplat/outputs/ctrl_009_001_ratio3_sh0_dense_mid200/ratio3_sh0_dense/f1224/splatfacto/2026-08-20_174611/gaussian_features_f1224_labeled.csv
[density] body候选体素连通分量分析: 丢弃5/8032个非最大连通分量的碎块体素
  [警告][f1225] wing_merged_forced_split: wing候选点的连通分量分析后只有1个显著分量(贴一起无法物理拆分)，强行按x_body×up投影中位数切成两半，强制confidence=low

[f1225] n_total=24319 n_kept=21712 (89.3%)  n_frames_in_window=73
  body候选体素数(阈值+连通分量后)=8027  body候选点数=20265(93.3% of kept)
  wing连通性: 碎块点=695  实际改判=695
  confidence=low  (wing_merged强制low; body候选点数<20或>0.9*n_kept强制low; 否则high)
  L/R锚定: wing_A -> wing_R  wing_B -> wing_L
  part_label分布(全部点，含if_keep=False的1-NN传播): body=22748  wing_L=708  wing_R=863
  labeled csv -> /home/computer0/fly_project/fly_gsplat/outputs/ctrl_009_001_ratio3_sh0_dense_mid200/ratio3_sh0_dense/f1225/splatfacto/2026-08-20_174612/gaussian_features_f1225_labeled.csv
[density] body候选体素连通分量分析: 丢弃7/8030个非最大连通分量的碎块体素

[f1226] n_total=25079 n_kept=22286 (88.9%)  n_frames_in_window=73
  body候选体素数(阈值+连通分量后)=8023  body候选点数=21076(94.6% of kept)
  wing连通性: 碎块点=680  实际改判=680
  confidence=low  (wing_merged强制low; body候选点数<20或>0.9*n_kept强制low; 否则high)
  L/R锚定: wing_A -> wing_L  wing_B -> wing_R
  part_label分布(全部点，含if_keep=False的1-NN传播): body=23532  wing_L=1280  wing_R=267
  labeled csv -> /home/computer0/fly_project/fly_gsplat/outputs/ctrl_009_001_ratio3_sh0_dense_mid200/ratio3_sh0_dense/f1226/splatfacto/2026-08-20_174611/gaussian_features_f1226_labeled.csv
[density] body候选体素连通分量分析: 丢弃6/8057个非最大连通分量的碎块体素

[f1227] n_total=24749 n_kept=22143 (89.5%)  n_frames_in_window=73
  body候选体素数(阈值+连通分量后)=8051  body候选点数=20895(94.4% of kept)
  wing连通性: 碎块点=717  实际改判=717
  confidence=low  (wing_merged强制low; body候选点数<20或>0.9*n_kept强制low; 否则high)
  L/R锚定: wing_A -> wing_R  wing_B -> wing_L
  part_label分布(全部点，含if_keep=False的1-NN传播): body=23411  wing_L=196  wing_R=1142
  labeled csv -> /home/computer0/fly_project/fly_gsplat/outputs/ctrl_009_001_ratio3_sh0_dense_mid200/ratio3_sh0_dense/f1227/splatfacto/2026-08-20_174611/gaussian_features_f1227_labeled.csv
[density] body候选体素连通分量分析: 丢弃17/8065个非最大连通分量的碎块体素

[f1228] n_total=25197 n_kept=22452 (89.1%)  n_frames_in_window=73
  body候选体素数(阈值+连通分量后)=8048  body候选点数=21246(94.6% of kept)
  wing连通性: 碎块点=682  实际改判=682
  confidence=low  (wing_merged强制low; body候选点数<20或>0.9*n_kept强制low; 否则high)
  L/R锚定: wing_A -> wing_L  wing_B -> wing_R
  part_label分布(全部点，含if_keep=False的1-NN传播): body=24252  wing_L=718  wing_R=227
  labeled csv -> /home/computer0/fly_project/fly_gsplat/outputs/ctrl_009_001_ratio3_sh0_dense_mid200/ratio3_sh0_dense/f1228/splatfacto/2026-08-20_174612/gaussian_features_f1228_labeled.csv
[density] body候选体素连通分量分析: 丢弃15/8069个非最大连通分量的碎块体素

[f1229] n_total=24384 n_kept=21574 (88.5%)  n_frames_in_window=73
  body候选体素数(阈值+连通分量后)=8054  body候选点数=20278(94.0% of kept)
  wing连通性: 碎块点=875  实际改判=875
  confidence=low  (wing_merged强制low; body候选点数<20或>0.9*n_kept强制low; 否则high)
  L/R锚定: wing_A -> wing_L  wing_B -> wing_R
  part_label分布(全部点，含if_keep=False的1-NN传播): body=23290  wing_L=583  wing_R=511
  labeled csv -> /home/computer0/fly_project/fly_gsplat/outputs/ctrl_009_001_ratio3_sh0_dense_mid200/ratio3_sh0_dense/f1229/splatfacto/2026-08-20_174612/gaussian_features_f1229_labeled.csv
[density] body候选体素连通分量分析: 丢弃14/8065个非最大连通分量的碎块体素

[f1230] n_total=24003 n_kept=21469 (89.4%)  n_frames_in_window=73
  body候选体素数(阈值+连通分量后)=8051  body候选点数=20217(94.2% of kept)
  wing连通性: 碎块点=734  实际改判=734
  confidence=low  (wing_merged强制low; body候选点数<20或>0.9*n_kept强制low; 否则high)
  L/R锚定: wing_A -> wing_L  wing_B -> wing_R
  part_label分布(全部点，含if_keep=False的1-NN传播): body=22443  wing_L=1373  wing_R=187
  labeled csv -> /home/computer0/fly_project/fly_gsplat/outputs/ctrl_009_001_ratio3_sh0_dense_mid200/ratio3_sh0_dense/f1230/splatfacto/2026-08-20_174613/gaussian_features_f1230_labeled.csv
[density] body候选体素连通分量分析: 丢弃13/8069个非最大连通分量的碎块体素

[f1231] n_total=24229 n_kept=21727 (89.7%)  n_frames_in_window=73
  body候选体素数(阈值+连通分量后)=8056  body候选点数=20814(95.8% of kept)
  wing连通性: 碎块点=461  实际改判=461
  confidence=low  (wing_merged强制low; body候选点数<20或>0.9*n_kept强制low; 否则high)
  L/R锚定: wing_A -> wing_L  wing_B -> wing_R
  part_label分布(全部点，含if_keep=False的1-NN传播): body=22933  wing_L=966  wing_R=330
  labeled csv -> /home/computer0/fly_project/fly_gsplat/outputs/ctrl_009_001_ratio3_sh0_dense_mid200/ratio3_sh0_dense/f1231/splatfacto/2026-08-20_174614/gaussian_features_f1231_labeled.csv
[density] body候选体素连通分量分析: 丢弃12/8069个非最大连通分量的碎块体素

[f1232] n_total=23312 n_kept=20916 (89.7%)  n_frames_in_window=73
  body候选体素数(阈值+连通分量后)=8057  body候选点数=19983(95.5% of kept)
  wing连通性: 碎块点=558  实际改判=558
  confidence=low  (wing_merged强制low; body候选点数<20或>0.9*n_kept强制low; 否则high)
  L/R锚定: wing_A -> wing_L  wing_B -> wing_R
  part_label分布(全部点，含if_keep=False的1-NN传播): body=22213  wing_L=480  wing_R=619
  labeled csv -> /home/computer0/fly_project/fly_gsplat/outputs/ctrl_009_001_ratio3_sh0_dense_mid200/ratio3_sh0_dense/f1232/splatfacto/2026-08-20_174822/gaussian_features_f1232_labeled.csv
[density] body候选体素连通分量分析: 丢弃12/8068个非最大连通分量的碎块体素

[f1233] n_total=23777 n_kept=21080 (88.7%)  n_frames_in_window=73
  body候选体素数(阈值+连通分量后)=8056  body候选点数=19967(94.7% of kept)
  wing连通性: 碎块点=798  实际改判=798
  confidence=low  (wing_merged强制low; body候选点数<20或>0.9*n_kept强制low; 否则high)
  L/R锚定: wing_A -> wing_L  wing_B -> wing_R
  part_label分布(全部点，含if_keep=False的1-NN传播): body=22759  wing_L=523  wing_R=495
  labeled csv -> /home/computer0/fly_project/fly_gsplat/outputs/ctrl_009_001_ratio3_sh0_dense_mid200/ratio3_sh0_dense/f1233/splatfacto/2026-08-20_174825/gaussian_features_f1233_labeled.csv
[density] body候选体素连通分量分析: 丢弃10/8067个非最大连通分量的碎块体素

[f1234] n_total=23347 n_kept=20649 (88.4%)  n_frames_in_window=73
  body候选体素数(阈值+连通分量后)=8057  body候选点数=19473(94.3% of kept)
  wing连通性: 碎块点=769  实际改判=769
  confidence=low  (wing_merged强制low; body候选点数<20或>0.9*n_kept强制low; 否则high)
  L/R锚定: wing_A -> wing_L  wing_B -> wing_R
  part_label分布(全部点，含if_keep=False的1-NN传播): body=22055  wing_L=553  wing_R=739
  labeled csv -> /home/computer0/fly_project/fly_gsplat/outputs/ctrl_009_001_ratio3_sh0_dense_mid200/ratio3_sh0_dense/f1234/splatfacto/2026-08-20_174825/gaussian_features_f1234_labeled.csv
[density] body候选体素连通分量分析: 丢弃10/8054个非最大连通分量的碎块体素

[f1235] n_total=23337 n_kept=20732 (88.8%)  n_frames_in_window=73
  body候选体素数(阈值+连通分量后)=8044  body候选点数=19703(95.0% of kept)
  wing连通性: 碎块点=728  实际改判=728
  confidence=low  (wing_merged强制low; body候选点数<20或>0.9*n_kept强制low; 否则high)
  L/R锚定: wing_A -> wing_R  wing_B -> wing_L
  part_label分布(全部点，含if_keep=False的1-NN传播): body=22484  wing_L=426  wing_R=427
  labeled csv -> /home/computer0/fly_project/fly_gsplat/outputs/ctrl_009_001_ratio3_sh0_dense_mid200/ratio3_sh0_dense/f1235/splatfacto/2026-08-20_174825/gaussian_features_f1235_labeled.csv
[density] body候选体素连通分量分析: 丢弃8/8047个非最大连通分量的碎块体素

[f1236] n_total=25437 n_kept=22608 (88.9%)  n_frames_in_window=73
  body候选体素数(阈值+连通分量后)=8039  body候选点数=21502(95.1% of kept)
  wing连通性: 碎块点=826  实际改判=826
  confidence=low  (wing_merged强制low; body候选点数<20或>0.9*n_kept强制low; 否则high)
  L/R锚定: wing_A -> wing_L  wing_B -> wing_R
  part_label分布(全部点，含if_keep=False的1-NN传播): body=24492  wing_L=711  wing_R=234
  labeled csv -> /home/computer0/fly_project/fly_gsplat/outputs/ctrl_009_001_ratio3_sh0_dense_mid200/ratio3_sh0_dense/f1236/splatfacto/2026-08-20_174825/gaussian_features_f1236_labeled.csv
[density] body候选体素连通分量分析: 丢弃11/8056个非最大连通分量的碎块体素

[f1237] n_total=23024 n_kept=20515 (89.1%)  n_frames_in_window=73
  body候选体素数(阈值+连通分量后)=8045  body候选点数=19328(94.2% of kept)
  wing连通性: 碎块点=937  实际改判=937
  confidence=low  (wing_merged强制low; body候选点数<20或>0.9*n_kept强制low; 否则high)
  L/R锚定: wing_A -> wing_R  wing_B -> wing_L
  part_label分布(全部点，含if_keep=False的1-NN传播): body=22288  wing_L=386  wing_R=350
  labeled csv -> /home/computer0/fly_project/fly_gsplat/outputs/ctrl_009_001_ratio3_sh0_dense_mid200/ratio3_sh0_dense/f1237/splatfacto/2026-08-20_174825/gaussian_features_f1237_labeled.csv
[density] body候选体素连通分量分析: 丢弃14/8040个非最大连通分量的碎块体素

[f1238] n_total=22586 n_kept=20117 (89.1%)  n_frames_in_window=73
  body候选体素数(阈值+连通分量后)=8026  body候选点数=19055(94.7% of kept)
  wing连通性: 碎块点=726  实际改判=726
  confidence=low  (wing_merged强制low; body候选点数<20或>0.9*n_kept强制low; 否则high)
  L/R锚定: wing_A -> wing_R  wing_B -> wing_L
  part_label分布(全部点，含if_keep=False的1-NN传播): body=21926  wing_L=246  wing_R=414
  labeled csv -> /home/computer0/fly_project/fly_gsplat/outputs/ctrl_009_001_ratio3_sh0_dense_mid200/ratio3_sh0_dense/f1238/splatfacto/2026-08-20_174824/gaussian_features_f1238_labeled.csv
[density] body候选体素连通分量分析: 丢弃13/8053个非最大连通分量的碎块体素

[f1239] n_total=22098 n_kept=19673 (89.0%)  n_frames_in_window=73
  body候选体素数(阈值+连通分量后)=8040  body候选点数=18603(94.6% of kept)
  wing连通性: 碎块点=758  实际改判=758
  confidence=low  (wing_merged强制low; body候选点数<20或>0.9*n_kept强制low; 否则high)
  L/R锚定: wing_A -> wing_L  wing_B -> wing_R
  part_label分布(全部点，含if_keep=False的1-NN传播): body=21467  wing_L=433  wing_R=198
  labeled csv -> /home/computer0/fly_project/fly_gsplat/outputs/ctrl_009_001_ratio3_sh0_dense_mid200/ratio3_sh0_dense/f1239/splatfacto/2026-08-20_174825/gaussian_features_f1239_labeled.csv
[density] body候选体素连通分量分析: 丢弃14/8061个非最大连通分量的碎块体素

[f1240] n_total=23901 n_kept=21241 (88.9%)  n_frames_in_window=73
  body候选体素数(阈值+连通分量后)=8047  body候选点数=20004(94.2% of kept)
  wing连通性: 碎块点=735  实际改判=735
  confidence=low  (wing_merged强制low; body候选点数<20或>0.9*n_kept强制low; 否则high)
  L/R锚定: wing_A -> wing_L  wing_B -> wing_R
  part_label分布(全部点，含if_keep=False的1-NN传播): body=22868  wing_L=789  wing_R=244
  labeled csv -> /home/computer0/fly_project/fly_gsplat/outputs/ctrl_009_001_ratio3_sh0_dense_mid200/ratio3_sh0_dense/f1240/splatfacto/2026-08-20_174825/gaussian_features_f1240_labeled.csv
[density] body候选体素连通分量分析: 丢弃13/8054个非最大连通分量的碎块体素

[f1241] n_total=22824 n_kept=20532 (90.0%)  n_frames_in_window=73
  body候选体素数(阈值+连通分量后)=8041  body候选点数=19391(94.4% of kept)
  wing连通性: 碎块点=654  实际改判=654
  confidence=low  (wing_merged强制low; body候选点数<20或>0.9*n_kept强制low; 否则high)
  L/R锚定: wing_A -> wing_L  wing_B -> wing_R
  part_label分布(全部点，含if_keep=False的1-NN传播): body=21412  wing_L=1116  wing_R=296
  labeled csv -> /home/computer0/fly_project/fly_gsplat/outputs/ctrl_009_001_ratio3_sh0_dense_mid200/ratio3_sh0_dense/f1241/splatfacto/2026-08-20_174826/gaussian_features_f1241_labeled.csv
[density] body候选体素连通分量分析: 丢弃12/8066个非最大连通分量的碎块体素

[f1242] n_total=23966 n_kept=21158 (88.3%)  n_frames_in_window=73
  body候选体素数(阈值+连通分量后)=8054  body候选点数=20024(94.6% of kept)
  wing连通性: 碎块点=895  实际改判=895
  confidence=low  (wing_merged强制low; body候选点数<20或>0.9*n_kept强制low; 否则high)
  L/R锚定: wing_A -> wing_R  wing_B -> wing_L
  part_label分布(全部点，含if_keep=False的1-NN传播): body=22963  wing_L=286  wing_R=717
  labeled csv -> /home/computer0/fly_project/fly_gsplat/outputs/ctrl_009_001_ratio3_sh0_dense_mid200/ratio3_sh0_dense/f1242/splatfacto/2026-08-20_174826/gaussian_features_f1242_labeled.csv
[density] body候选体素连通分量分析: 丢弃12/8041个非最大连通分量的碎块体素

[f1243] n_total=23537 n_kept=21095 (89.6%)  n_frames_in_window=73
  body候选体素数(阈值+连通分量后)=8029  body候选点数=19952(94.6% of kept)
  wing连通性: 碎块点=796  实际改判=796
  confidence=low  (wing_merged强制low; body候选点数<20或>0.9*n_kept强制low; 否则high)
  L/R锚定: wing_A -> wing_L  wing_B -> wing_R
  part_label分布(全部点，含if_keep=False的1-NN传播): body=22793  wing_L=443  wing_R=301
  labeled csv -> /home/computer0/fly_project/fly_gsplat/outputs/ctrl_009_001_ratio3_sh0_dense_mid200/ratio3_sh0_dense/f1243/splatfacto/2026-08-20_174827/gaussian_features_f1243_labeled.csv
[density] body候选体素连通分量分析: 丢弃10/8055个非最大连通分量的碎块体素

[f1244] n_total=23953 n_kept=21277 (88.8%)  n_frames_in_window=73
  body候选体素数(阈值+连通分量后)=8045  body候选点数=20011(94.0% of kept)
  wing连通性: 碎块点=833  实际改判=833
  confidence=low  (wing_merged强制low; body候选点数<20或>0.9*n_kept强制low; 否则high)
  L/R锚定: wing_A -> wing_R  wing_B -> wing_L
  part_label分布(全部点，含if_keep=False的1-NN传播): body=22501  wing_L=142  wing_R=1310
  labeled csv -> /home/computer0/fly_project/fly_gsplat/outputs/ctrl_009_001_ratio3_sh0_dense_mid200/ratio3_sh0_dense/f1244/splatfacto/2026-08-20_175037/gaussian_features_f1244_labeled.csv
[density] body候选体素连通分量分析: 丢弃10/8065个非最大连通分量的碎块体素

[f1245] n_total=24920 n_kept=22140 (88.8%)  n_frames_in_window=73
  body候选体素数(阈值+连通分量后)=8055  body候选点数=20859(94.2% of kept)
  wing连通性: 碎块点=933  实际改判=933
  confidence=low  (wing_merged强制low; body候选点数<20或>0.9*n_kept强制low; 否则high)
  L/R锚定: wing_A -> wing_R  wing_B -> wing_L
  part_label分布(全部点，含if_keep=False的1-NN传播): body=23987  wing_L=632  wing_R=301
  labeled csv -> /home/computer0/fly_project/fly_gsplat/outputs/ctrl_009_001_ratio3_sh0_dense_mid200/ratio3_sh0_dense/f1245/splatfacto/2026-08-20_175038/gaussian_features_f1245_labeled.csv
[density] body候选体素连通分量分析: 丢弃8/8064个非最大连通分量的碎块体素

[f1246] n_total=22613 n_kept=20151 (89.1%)  n_frames_in_window=73
  body候选体素数(阈值+连通分量后)=8056  body候选点数=19035(94.5% of kept)
  wing连通性: 碎块点=672  实际改判=672
  confidence=low  (wing_merged强制low; body候选点数<20或>0.9*n_kept强制low; 否则high)
  L/R锚定: wing_A -> wing_L  wing_B -> wing_R
  part_label分布(全部点，含if_keep=False的1-NN传播): body=21190  wing_L=1287  wing_R=136
  labeled csv -> /home/computer0/fly_project/fly_gsplat/outputs/ctrl_009_001_ratio3_sh0_dense_mid200/ratio3_sh0_dense/f1246/splatfacto/2026-08-20_175039/gaussian_features_f1246_labeled.csv
[density] body候选体素连通分量分析: 丢弃6/8060个非最大连通分量的碎块体素

[f1247] n_total=23609 n_kept=21064 (89.2%)  n_frames_in_window=73
  body候选体素数(阈值+连通分量后)=8054  body候选点数=19881(94.4% of kept)
  wing连通性: 碎块点=921  实际改判=921
  confidence=low  (wing_merged强制low; body候选点数<20或>0.9*n_kept强制low; 否则high)
  L/R锚定: wing_A -> wing_L  wing_B -> wing_R
  part_label分布(全部点，含if_keep=False的1-NN传播): body=22829  wing_L=340  wing_R=440
  labeled csv -> /home/computer0/fly_project/fly_gsplat/outputs/ctrl_009_001_ratio3_sh0_dense_mid200/ratio3_sh0_dense/f1247/splatfacto/2026-08-20_175039/gaussian_features_f1247_labeled.csv
[density] body候选体素连通分量分析: 丢弃4/8051个非最大连通分量的碎块体素

[f1248] n_total=24428 n_kept=21769 (89.1%)  n_frames_in_window=73
  body候选体素数(阈值+连通分量后)=8047  body候选点数=20727(95.2% of kept)
  wing连通性: 碎块点=649  实际改判=649
  confidence=low  (wing_merged强制low; body候选点数<20或>0.9*n_kept强制low; 否则high)
  L/R锚定: wing_A -> wing_L  wing_B -> wing_R
  part_label分布(全部点，含if_keep=False的1-NN传播): body=23404  wing_L=887  wing_R=137
  labeled csv -> /home/computer0/fly_project/fly_gsplat/outputs/ctrl_009_001_ratio3_sh0_dense_mid200/ratio3_sh0_dense/f1248/splatfacto/2026-08-20_175040/gaussian_features_f1248_labeled.csv
[density] body候选体素连通分量分析: 丢弃6/8034个非最大连通分量的碎块体素

[f1249] n_total=22932 n_kept=20367 (88.8%)  n_frames_in_window=73
  body候选体素数(阈值+连通分量后)=8028  body候选点数=19374(95.1% of kept)
  wing连通性: 碎块点=615  实际改判=615
  confidence=low  (wing_merged强制low; body候选点数<20或>0.9*n_kept强制low; 否则high)
  L/R锚定: wing_A -> wing_R  wing_B -> wing_L
  part_label分布(全部点，含if_keep=False的1-NN传播): body=21901  wing_L=653  wing_R=378
  labeled csv -> /home/computer0/fly_project/fly_gsplat/outputs/ctrl_009_001_ratio3_sh0_dense_mid200/ratio3_sh0_dense/f1249/splatfacto/2026-08-20_175040/gaussian_features_f1249_labeled.csv
[density] body候选体素连通分量分析: 丢弃5/8035个非最大连通分量的碎块体素

[f1250] n_total=22165 n_kept=19906 (89.8%)  n_frames_in_window=73
  body候选体素数(阈值+连通分量后)=8030  body候选点数=18782(94.4% of kept)
  wing连通性: 碎块点=647  实际改判=647
  confidence=low  (wing_merged强制low; body候选点数<20或>0.9*n_kept强制low; 否则high)
  L/R锚定: wing_A -> wing_L  wing_B -> wing_R
  part_label分布(全部点，含if_keep=False的1-NN传播): body=20861  wing_L=1089  wing_R=215
  labeled csv -> /home/computer0/fly_project/fly_gsplat/outputs/ctrl_009_001_ratio3_sh0_dense_mid200/ratio3_sh0_dense/f1250/splatfacto/2026-08-20_175040/gaussian_features_f1250_labeled.csv
[density] body候选体素连通分量分析: 丢弃4/8040个非最大连通分量的碎块体素

[f1251] n_total=23961 n_kept=21472 (89.6%)  n_frames_in_window=73
  body候选体素数(阈值+连通分量后)=8036  body候选点数=20377(94.9% of kept)
  wing连通性: 碎块点=758  实际改判=758
  confidence=low  (wing_merged强制low; body候选点数<20或>0.9*n_kept强制low; 否则high)
  L/R锚定: wing_A -> wing_L  wing_B -> wing_R
  part_label分布(全部点，含if_keep=False的1-NN传播): body=23210  wing_L=560  wing_R=191
  labeled csv -> /home/computer0/fly_project/fly_gsplat/outputs/ctrl_009_001_ratio3_sh0_dense_mid200/ratio3_sh0_dense/f1251/splatfacto/2026-08-20_175040/gaussian_features_f1251_labeled.csv
[density] body候选体素连通分量分析: 丢弃6/8050个非最大连通分量的碎块体素

[f1252] n_total=24159 n_kept=21572 (89.3%)  n_frames_in_window=73
  body候选体素数(阈值+连通分量后)=8044  body候选点数=20281(94.0% of kept)
  wing连通性: 碎块点=813  实际改判=813
  confidence=low  (wing_merged强制low; body候选点数<20或>0.9*n_kept强制low; 否则high)
  L/R锚定: wing_A -> wing_L  wing_B -> wing_R
  part_label分布(全部点，含if_keep=False的1-NN传播): body=22816  wing_L=539  wing_R=804
  labeled csv -> /home/computer0/fly_project/fly_gsplat/outputs/ctrl_009_001_ratio3_sh0_dense_mid200/ratio3_sh0_dense/f1252/splatfacto/2026-08-20_175041/gaussian_features_f1252_labeled.csv
[density] body候选体素连通分量分析: 丢弃6/8044个非最大连通分量的碎块体素

[f1253] n_total=23341 n_kept=20788 (89.1%)  n_frames_in_window=73
  body候选体素数(阈值+连通分量后)=8038  body候选点数=19497(93.8% of kept)
  wing连通性: 碎块点=967  实际改判=967
  confidence=low  (wing_merged强制low; body候选点数<20或>0.9*n_kept强制low; 否则high)
  L/R锚定: wing_A -> wing_R  wing_B -> wing_L
  part_label分布(全部点，含if_keep=False的1-NN传播): body=22117  wing_L=355  wing_R=869
  labeled csv -> /home/computer0/fly_project/fly_gsplat/outputs/ctrl_009_001_ratio3_sh0_dense_mid200/ratio3_sh0_dense/f1253/splatfacto/2026-08-20_175040/gaussian_features_f1253_labeled.csv
[density] body候选体素连通分量分析: 丢弃7/8072个非最大连通分量的碎块体素

[f1254] n_total=23273 n_kept=20878 (89.7%)  n_frames_in_window=73
  body候选体素数(阈值+连通分量后)=8065  body候选点数=19906(95.3% of kept)
  wing连通性: 碎块点=456  实际改判=456
  confidence=low  (wing_merged强制low; body候选点数<20或>0.9*n_kept强制low; 否则high)
  L/R锚定: wing_A -> wing_L  wing_B -> wing_R
  part_label分布(全部点，含if_keep=False的1-NN传播): body=22260  wing_L=762  wing_R=251
  labeled csv -> /home/computer0/fly_project/fly_gsplat/outputs/ctrl_009_001_ratio3_sh0_dense_mid200/ratio3_sh0_dense/f1254/splatfacto/2026-08-20_175042/gaussian_features_f1254_labeled.csv
[density] body候选体素连通分量分析: 丢弃6/8077个非最大连通分量的碎块体素

[f1255] n_total=22642 n_kept=20182 (89.1%)  n_frames_in_window=73
  body候选体素数(阈值+连通分量后)=8071  body候选点数=19202(95.1% of kept)
  wing连通性: 碎块点=691  实际改判=691
  confidence=low  (wing_merged强制low; body候选点数<20或>0.9*n_kept强制low; 否则high)
  L/R锚定: wing_A -> wing_R  wing_B -> wing_L
  part_label分布(全部点，含if_keep=False的1-NN传播): body=21383  wing_L=184  wing_R=1075
  labeled csv -> /home/computer0/fly_project/fly_gsplat/outputs/ctrl_009_001_ratio3_sh0_dense_mid200/ratio3_sh0_dense/f1255/splatfacto/2026-08-20_175041/gaussian_features_f1255_labeled.csv
[density] body候选体素连通分量分析: 丢弃8/8089个非最大连通分量的碎块体素

[f1256] n_total=23275 n_kept=20703 (88.9%)  n_frames_in_window=73
  body候选体素数(阈值+连通分量后)=8081  body候选点数=19497(94.2% of kept)
  wing连通性: 碎块点=973  实际改判=973
  confidence=low  (wing_merged强制low; body候选点数<20或>0.9*n_kept强制low; 否则high)
  L/R锚定: wing_A -> wing_L  wing_B -> wing_R
  part_label分布(全部点，含if_keep=False的1-NN传播): body=22676  wing_L=277  wing_R=322
  labeled csv -> /home/computer0/fly_project/fly_gsplat/outputs/ctrl_009_001_ratio3_sh0_dense_mid200/ratio3_sh0_dense/f1256/splatfacto/2026-08-20_175249/gaussian_features_f1256_labeled.csv
[density] body候选体素连通分量分析: 丢弃8/8096个非最大连通分量的碎块体素

[f1257] n_total=23325 n_kept=20886 (89.5%)  n_frames_in_window=73
  body候选体素数(阈值+连通分量后)=8088  body候选点数=19842(95.0% of kept)
  wing连通性: 碎块点=493  实际改判=493
  confidence=low  (wing_merged强制low; body候选点数<20或>0.9*n_kept强制low; 否则high)
  L/R锚定: wing_A -> wing_L  wing_B -> wing_R
  part_label分布(全部点，含if_keep=False的1-NN传播): body=21811  wing_L=992  wing_R=522
  labeled csv -> /home/computer0/fly_project/fly_gsplat/outputs/ctrl_009_001_ratio3_sh0_dense_mid200/ratio3_sh0_dense/f1257/splatfacto/2026-08-20_175249/gaussian_features_f1257_labeled.csv
[density] body候选体素连通分量分析: 丢弃11/8078个非最大连通分量的碎块体素

[f1258] n_total=23209 n_kept=20856 (89.9%)  n_frames_in_window=73
  body候选体素数(阈值+连通分量后)=8067  body候选点数=19406(93.0% of kept)
  wing连通性: 碎块点=881  实际改判=881
  confidence=low  (wing_merged强制low; body候选点数<20或>0.9*n_kept强制low; 否则high)
  L/R锚定: wing_A -> wing_R  wing_B -> wing_L
  part_label分布(全部点，含if_keep=False的1-NN传播): body=21808  wing_L=554  wing_R=847
  labeled csv -> /home/computer0/fly_project/fly_gsplat/outputs/ctrl_009_001_ratio3_sh0_dense_mid200/ratio3_sh0_dense/f1258/splatfacto/2026-08-20_175252/gaussian_features_f1258_labeled.csv
[density] body候选体素连通分量分析: 丢弃10/8077个非最大连通分量的碎块体素

[f1259] n_total=24115 n_kept=21367 (88.6%)  n_frames_in_window=73
  body候选体素数(阈值+连通分量后)=8067  body候选点数=20259(94.8% of kept)
  wing连通性: 碎块点=757  实际改判=757
  confidence=low  (wing_merged强制low; body候选点数<20或>0.9*n_kept强制low; 否则high)
  L/R锚定: wing_A -> wing_L  wing_B -> wing_R
  part_label分布(全部点，含if_keep=False的1-NN传播): body=22956  wing_L=998  wing_R=161
  labeled csv -> /home/computer0/fly_project/fly_gsplat/outputs/ctrl_009_001_ratio3_sh0_dense_mid200/ratio3_sh0_dense/f1259/splatfacto/2026-08-20_175253/gaussian_features_f1259_labeled.csv
[density] body候选体素连通分量分析: 丢弃9/8066个非最大连通分量的碎块体素

[f1260] n_total=23740 n_kept=21379 (90.1%)  n_frames_in_window=73
  body候选体素数(阈值+连通分量后)=8057  body候选点数=20232(94.6% of kept)
  wing连通性: 碎块点=800  实际改判=800
  confidence=low  (wing_merged强制low; body候选点数<20或>0.9*n_kept强制low; 否则high)
  L/R锚定: wing_A -> wing_L  wing_B -> wing_R
  part_label分布(全部点，含if_keep=False的1-NN传播): body=22922  wing_L=493  wing_R=325
  labeled csv -> /home/computer0/fly_project/fly_gsplat/outputs/ctrl_009_001_ratio3_sh0_dense_mid200/ratio3_sh0_dense/f1260/splatfacto/2026-08-20_175250/gaussian_features_f1260_labeled.csv
[density] body候选体素连通分量分析: 丢弃14/8078个非最大连通分量的碎块体素

[f1261] n_total=22652 n_kept=20296 (89.6%)  n_frames_in_window=73
  body候选体素数(阈值+连通分量后)=8064  body候选点数=19242(94.8% of kept)
  wing连通性: 碎块点=556  实际改判=556
  confidence=low  (wing_merged强制low; body候选点数<20或>0.9*n_kept强制low; 否则high)
  L/R锚定: wing_A -> wing_L  wing_B -> wing_R
  part_label分布(全部点，含if_keep=False的1-NN传播): body=21263  wing_L=1199  wing_R=190
  labeled csv -> /home/computer0/fly_project/fly_gsplat/outputs/ctrl_009_001_ratio3_sh0_dense_mid200/ratio3_sh0_dense/f1261/splatfacto/2026-08-20_175253/gaussian_features_f1261_labeled.csv
[density] body候选体素连通分量分析: 丢弃18/8085个非最大连通分量的碎块体素

[f1262] n_total=22657 n_kept=20199 (89.2%)  n_frames_in_window=73
  body候选体素数(阈值+连通分量后)=8067  body候选点数=18863(93.4% of kept)
  wing连通性: 碎块点=789  实际改判=789
  confidence=low  (wing_merged强制low; body候选点数<20或>0.9*n_kept强制low; 否则high)
  L/R锚定: wing_A -> wing_R  wing_B -> wing_L
  part_label分布(全部点，含if_keep=False的1-NN传播): body=21269  wing_L=334  wing_R=1054
  labeled csv -> /home/computer0/fly_project/fly_gsplat/outputs/ctrl_009_001_ratio3_sh0_dense_mid200/ratio3_sh0_dense/f1262/splatfacto/2026-08-20_175254/gaussian_features_f1262_labeled.csv
[density] body候选体素连通分量分析: 丢弃18/8088个非最大连通分量的碎块体素

[f1263] n_total=24699 n_kept=22150 (89.7%)  n_frames_in_window=73
  body候选体素数(阈值+连通分量后)=8070  body候选点数=21015(94.9% of kept)
  wing连通性: 碎块点=646  实际改判=646
  confidence=low  (wing_merged强制low; body候选点数<20或>0.9*n_kept强制low; 否则high)
  L/R锚定: wing_A -> wing_L  wing_B -> wing_R
  part_label分布(全部点，含if_keep=False的1-NN传播): body=23304  wing_L=1193  wing_R=202
  labeled csv -> /home/computer0/fly_project/fly_gsplat/outputs/ctrl_009_001_ratio3_sh0_dense_mid200/ratio3_sh0_dense/f1263/splatfacto/2026-08-20_175253/gaussian_features_f1263_labeled.csv
[density] frame_idx=1264: 窗口内1/73帧缺少T2产出(_marked.csv)，跳过不参与累加: ['f1300']
[density] body候选体素连通分量分析: 丢弃19/8021个非最大连通分量的碎块体素

[f1264] n_total=23834 n_kept=21345 (89.6%)  n_frames_in_window=72
  body候选体素数(阈值+连通分量后)=8002  body候选点数=20238(94.8% of kept)
  wing连通性: 碎块点=597  实际改判=597
  confidence=low  (wing_merged强制low; body候选点数<20或>0.9*n_kept强制low; 否则high)
  L/R锚定: wing_A -> wing_L  wing_B -> wing_R
  part_label分布(全部点，含if_keep=False的1-NN传播): body=22520  wing_L=1008  wing_R=306
  labeled csv -> /home/computer0/fly_project/fly_gsplat/outputs/ctrl_009_001_ratio3_sh0_dense_mid200/ratio3_sh0_dense/f1264/splatfacto/2026-08-20_175253/gaussian_features_f1264_labeled.csv
[density] frame_idx=1265: 窗口内2/73帧缺少T2产出(_marked.csv)，跳过不参与累加: ['f1300', 'f1301']
[density] body候选体素连通分量分析: 丢弃19/7966个非最大连通分量的碎块体素

[f1265] n_total=23284 n_kept=20746 (89.1%)  n_frames_in_window=71
  body候选体素数(阈值+连通分量后)=7947  body候选点数=19602(94.5% of kept)
  wing连通性: 碎块点=624  实际改判=624
  confidence=low  (wing_merged强制low; body候选点数<20或>0.9*n_kept强制low; 否则high)
  L/R锚定: wing_A -> wing_R  wing_B -> wing_L
  part_label分布(全部点，含if_keep=False的1-NN传播): body=21921  wing_L=437  wing_R=926
  labeled csv -> /home/computer0/fly_project/fly_gsplat/outputs/ctrl_009_001_ratio3_sh0_dense_mid200/ratio3_sh0_dense/f1265/splatfacto/2026-08-20_175253/gaussian_features_f1265_labeled.csv
[density] frame_idx=1266: 窗口内3/73帧缺少T2产出(_marked.csv)，跳过不参与累加: ['f1300', 'f1301', 'f1302']
[density] body候选体素连通分量分析: 丢弃17/7884个非最大连通分量的碎块体素

[f1266] n_total=23288 n_kept=20752 (89.1%)  n_frames_in_window=70
  body候选体素数(阈值+连通分量后)=7867  body候选点数=19658(94.7% of kept)
  wing连通性: 碎块点=735  实际改判=735
  confidence=low  (wing_merged强制low; body候选点数<20或>0.9*n_kept强制low; 否则high)
  L/R锚定: wing_A -> wing_R  wing_B -> wing_L
  part_label分布(全部点，含if_keep=False的1-NN传播): body=21972  wing_L=177  wing_R=1139
  labeled csv -> /home/computer0/fly_project/fly_gsplat/outputs/ctrl_009_001_ratio3_sh0_dense_mid200/ratio3_sh0_dense/f1266/splatfacto/2026-08-20_175253/gaussian_features_f1266_labeled.csv
[density] frame_idx=1267: 窗口内4/73帧缺少T2产出(_marked.csv)，跳过不参与累加: ['f1300', 'f1301', 'f1302', 'f1303']
[density] body候选体素连通分量分析: 丢弃14/7802个非最大连通分量的碎块体素

[f1267] n_total=25365 n_kept=22582 (89.0%)  n_frames_in_window=69
  body候选体素数(阈值+连通分量后)=7788  body候选点数=21359(94.6% of kept)
  wing连通性: 碎块点=1015  实际改判=1015
  confidence=low  (wing_merged强制low; body候选点数<20或>0.9*n_kept强制low; 否则high)
  L/R锚定: wing_A -> wing_L  wing_B -> wing_R
  part_label分布(全部点，含if_keep=False的1-NN传播): body=25014  wing_L=244  wing_R=107
  labeled csv -> /home/computer0/fly_project/fly_gsplat/outputs/ctrl_009_001_ratio3_sh0_dense_mid200/ratio3_sh0_dense/f1267/splatfacto/2026-08-20_175254/gaussian_features_f1267_labeled.csv
[density] frame_idx=1268: 窗口内5/73帧缺少T2产出(_marked.csv)，跳过不参与累加: ['f1300', 'f1301', 'f1302', 'f1303', 'f1304']
[density] body候选体素连通分量分析: 丢弃14/7726个非最大连通分量的碎块体素

[f1268] n_total=23874 n_kept=21352 (89.4%)  n_frames_in_window=68
  body候选体素数(阈值+连通分量后)=7712  body候选点数=20209(94.6% of kept)
  wing连通性: 碎块点=674  实际改判=674
  confidence=low  (wing_merged强制low; body候选点数<20或>0.9*n_kept强制low; 否则high)
  L/R锚定: wing_A -> wing_L  wing_B -> wing_R
  part_label分布(全部点，含if_keep=False的1-NN传播): body=22841  wing_L=795  wing_R=238
  labeled csv -> /home/computer0/fly_project/fly_gsplat/outputs/ctrl_009_001_ratio3_sh0_dense_mid200/ratio3_sh0_dense/f1268/splatfacto/2026-08-20_175459/gaussian_features_f1268_labeled.csv
[density] frame_idx=1269: 窗口内6/73帧缺少T2产出(_marked.csv)，跳过不参与累加: ['f1300', 'f1301', 'f1302', 'f1303', 'f1304', 'f1305']
[density] body候选体素连通分量分析: 丢弃13/7647个非最大连通分量的碎块体素

[f1269] n_total=23119 n_kept=20712 (89.6%)  n_frames_in_window=67
  body候选体素数(阈值+连通分量后)=7634  body候选点数=19576(94.5% of kept)
  wing连通性: 碎块点=791  实际改判=791
  confidence=low  (wing_merged强制low; body候选点数<20或>0.9*n_kept强制low; 否则high)
  L/R锚定: wing_A -> wing_R  wing_B -> wing_L
  part_label分布(全部点，含if_keep=False的1-NN传播): body=22088  wing_L=433  wing_R=598
  labeled csv -> /home/computer0/fly_project/fly_gsplat/outputs/ctrl_009_001_ratio3_sh0_dense_mid200/ratio3_sh0_dense/f1269/splatfacto/2026-08-20_175500/gaussian_features_f1269_labeled.csv
[density] frame_idx=1270: 窗口内7/73帧缺少T2产出(_marked.csv)，跳过不参与累加: ['f1300', 'f1301', 'f1302', 'f1303', 'f1304', 'f1305', 'f1306']
[density] body候选体素连通分量分析: 丢弃11/7590个非最大连通分量的碎块体素

[f1270] n_total=23147 n_kept=20749 (89.6%)  n_frames_in_window=66
  body候选体素数(阈值+连通分量后)=7579  body候选点数=19556(94.3% of kept)
  wing连通性: 碎块点=762  实际改判=762
  confidence=low  (wing_merged强制low; body候选点数<20或>0.9*n_kept强制low; 否则high)
  L/R锚定: wing_A -> wing_L  wing_B -> wing_R
  part_label分布(全部点，含if_keep=False的1-NN传播): body=22041  wing_L=637  wing_R=469
  labeled csv -> /home/computer0/fly_project/fly_gsplat/outputs/ctrl_009_001_ratio3_sh0_dense_mid200/ratio3_sh0_dense/f1270/splatfacto/2026-08-20_175500/gaussian_features_f1270_labeled.csv
[density] frame_idx=1271: 窗口内8/73帧缺少T2产出(_marked.csv)，跳过不参与累加: ['f1300', 'f1301', 'f1302', 'f1303', 'f1304', 'f1305', 'f1306', 'f1307']
[density] body候选体素连通分量分析: 丢弃9/7532个非最大连通分量的碎块体素

[f1271] n_total=23146 n_kept=20630 (89.1%)  n_frames_in_window=65
  body候选体素数(阈值+连通分量后)=7523  body候选点数=19294(93.5% of kept)
  wing连通性: 碎块点=1051  实际改判=1051
  confidence=low  (wing_merged强制low; body候选点数<20或>0.9*n_kept强制low; 否则high)
  L/R锚定: wing_A -> wing_R  wing_B -> wing_L
  part_label分布(全部点，含if_keep=False的1-NN传播): body=22045  wing_L=178  wing_R=923
  labeled csv -> /home/computer0/fly_project/fly_gsplat/outputs/ctrl_009_001_ratio3_sh0_dense_mid200/ratio3_sh0_dense/f1271/splatfacto/2026-08-20_175501/gaussian_features_f1271_labeled.csv
[density] frame_idx=1272: 窗口内9/73帧缺少T2产出(_marked.csv)，跳过不参与累加: ['f1300', 'f1301', 'f1302', 'f1303', 'f1304', 'f1305', 'f1306', 'f1307', 'f1308']
[density] body候选体素连通分量分析: 丢弃8/7466个非最大连通分量的碎块体素

[f1272] n_total=23311 n_kept=20821 (89.3%)  n_frames_in_window=64
  body候选体素数(阈值+连通分量后)=7458  body候选点数=19483(93.6% of kept)
  wing连通性: 碎块点=857  实际改判=857
  confidence=low  (wing_merged强制low; body候选点数<20或>0.9*n_kept强制low; 否则high)
  L/R锚定: wing_A -> wing_L  wing_B -> wing_R
  part_label分布(全部点，含if_keep=False的1-NN传播): body=22472  wing_L=403  wing_R=436
  labeled csv -> /home/computer0/fly_project/fly_gsplat/outputs/ctrl_009_001_ratio3_sh0_dense_mid200/ratio3_sh0_dense/f1272/splatfacto/2026-08-20_175502/gaussian_features_f1272_labeled.csv
[density] frame_idx=1273: 窗口内10/73帧缺少T2产出(_marked.csv)，跳过不参与累加: ['f1300', 'f1301', 'f1302', 'f1303', 'f1304', 'f1305', 'f1306', 'f1307', 'f1308', 'f1309']
[density] body候选体素连通分量分析: 丢弃7/7389个非最大连通分量的碎块体素

[f1273] n_total=23218 n_kept=20688 (89.1%)  n_frames_in_window=63
  body候选体素数(阈值+连通分量后)=7382  body候选点数=19352(93.5% of kept)
  wing连通性: 碎块点=677  实际改判=677
  confidence=low  (wing_merged强制low; body候选点数<20或>0.9*n_kept强制low; 否则high)
  L/R锚定: wing_A -> wing_R  wing_B -> wing_L
  part_label分布(全部点，含if_keep=False的1-NN传播): body=21644  wing_L=332  wing_R=1242
  labeled csv -> /home/computer0/fly_project/fly_gsplat/outputs/ctrl_009_001_ratio3_sh0_dense_mid200/ratio3_sh0_dense/f1273/splatfacto/2026-08-20_175501/gaussian_features_f1273_labeled.csv
[density] frame_idx=1274: 窗口内11/73帧缺少T2产出(_marked.csv)，跳过不参与累加: ['f1300', 'f1301', 'f1302', 'f1303', 'f1304', 'f1305', 'f1306', 'f1307', 'f1308', 'f1309', 'f1310']
[density] body候选体素连通分量分析: 丢弃2/7318个非最大连通分量的碎块体素

[f1274] n_total=23273 n_kept=20744 (89.1%)  n_frames_in_window=62
  body候选体素数(阈值+连通分量后)=7316  body候选点数=19625(94.6% of kept)
  wing连通性: 碎块点=650  实际改判=650
  confidence=low  (wing_merged强制low; body候选点数<20或>0.9*n_kept强制low; 否则high)
  L/R锚定: wing_A -> wing_L  wing_B -> wing_R
  part_label分布(全部点，含if_keep=False的1-NN传播): body=21839  wing_L=937  wing_R=497
  labeled csv -> /home/computer0/fly_project/fly_gsplat/outputs/ctrl_009_001_ratio3_sh0_dense_mid200/ratio3_sh0_dense/f1274/splatfacto/2026-08-20_175501/gaussian_features_f1274_labeled.csv
[density] frame_idx=1275: 窗口内12/73帧缺少T2产出(_marked.csv)，跳过不参与累加: ['f1300', 'f1301', 'f1302', 'f1303', 'f1304', 'f1305', 'f1306', 'f1307', 'f1308', 'f1309', 'f1310', 'f1311']
[density] body候选体素连通分量分析: 丢弃2/7257个非最大连通分量的碎块体素

[f1275] n_total=22834 n_kept=20479 (89.7%)  n_frames_in_window=61
  body候选体素数(阈值+连通分量后)=7255  body候选点数=19341(94.4% of kept)
  wing连通性: 碎块点=726  实际改判=726
  confidence=low  (wing_merged强制low; body候选点数<20或>0.9*n_kept强制low; 否则high)
  L/R锚定: wing_A -> wing_R  wing_B -> wing_L
  part_label分布(全部点，含if_keep=False的1-NN传播): body=21936  wing_L=418  wing_R=480
  labeled csv -> /home/computer0/fly_project/fly_gsplat/outputs/ctrl_009_001_ratio3_sh0_dense_mid200/ratio3_sh0_dense/f1275/splatfacto/2026-08-20_175502/gaussian_features_f1275_labeled.csv
[density] frame_idx=1276: 窗口内13/73帧缺少T2产出(_marked.csv)，跳过不参与累加: ['f1300', 'f1301', 'f1302', 'f1303', 'f1304', 'f1305', 'f1306', 'f1307', 'f1308', 'f1309', 'f1310', 'f1311', 'f1312']

[f1276] n_total=23813 n_kept=21304 (89.5%)  n_frames_in_window=60
  body候选体素数(阈值+连通分量后)=7182  body候选点数=19874(93.3% of kept)
  wing连通性: 碎块点=874  实际改判=874
  confidence=low  (wing_merged强制low; body候选点数<20或>0.9*n_kept强制low; 否则high)
  L/R锚定: wing_A -> wing_L  wing_B -> wing_R
  part_label分布(全部点，含if_keep=False的1-NN传播): body=22608  wing_L=947  wing_R=258
  labeled csv -> /home/computer0/fly_project/fly_gsplat/outputs/ctrl_009_001_ratio3_sh0_dense_mid200/ratio3_sh0_dense/f1276/splatfacto/2026-08-20_175503/gaussian_features_f1276_labeled.csv
[density] frame_idx=1277: 窗口内14/73帧缺少T2产出(_marked.csv)，跳过不参与累加: ['f1300', 'f1301', 'f1302', 'f1303', 'f1304', 'f1305', 'f1306', 'f1307', 'f1308', 'f1309', 'f1310', 'f1311', 'f1312', 'f1313']

[f1277] n_total=23912 n_kept=21283 (89.0%)  n_frames_in_window=59
  body候选体素数(阈值+连通分量后)=7113  body候选点数=19743(92.8% of kept)
  wing连通性: 碎块点=1156  实际改判=1156
  confidence=low  (wing_merged强制low; body候选点数<20或>0.9*n_kept强制low; 否则high)
  L/R锚定: wing_A -> wing_L  wing_B -> wing_R
  part_label分布(全部点，含if_keep=False的1-NN传播): body=22499  wing_L=612  wing_R=801
  labeled csv -> /home/computer0/fly_project/fly_gsplat/outputs/ctrl_009_001_ratio3_sh0_dense_mid200/ratio3_sh0_dense/f1277/splatfacto/2026-08-20_175502/gaussian_features_f1277_labeled.csv
[density] frame_idx=1278: 窗口内15/73帧缺少T2产出(_marked.csv)，跳过不参与累加: ['f1300', 'f1301', 'f1302', 'f1303', 'f1304', 'f1305', 'f1306', 'f1307', 'f1308', 'f1309', 'f1310', 'f1311', 'f1312', 'f1313', 'f1314']
[density] body候选体素连通分量分析: 丢弃2/7046个非最大连通分量的碎块体素

[f1278] n_total=24396 n_kept=21903 (89.8%)  n_frames_in_window=58
  body候选体素数(阈值+连通分量后)=7044  body候选点数=20512(93.6% of kept)
  wing连通性: 碎块点=722  实际改判=722
  confidence=low  (wing_merged强制low; body候选点数<20或>0.9*n_kept强制low; 否则high)
  L/R锚定: wing_A -> wing_L  wing_B -> wing_R
  part_label分布(全部点，含if_keep=False的1-NN传播): body=22964  wing_L=944  wing_R=488
  labeled csv -> /home/computer0/fly_project/fly_gsplat/outputs/ctrl_009_001_ratio3_sh0_dense_mid200/ratio3_sh0_dense/f1278/splatfacto/2026-08-20_175502/gaussian_features_f1278_labeled.csv
[density] frame_idx=1279: 窗口内16/73帧缺少T2产出(_marked.csv)，跳过不参与累加: ['f1300', 'f1301', 'f1302', 'f1303', 'f1304', 'f1305', 'f1306', 'f1307', 'f1308', 'f1309', 'f1310', 'f1311', 'f1312', 'f1313', 'f1314', 'f1315']
[density] body候选体素连通分量分析: 丢弃3/6980个非最大连通分量的碎块体素

[f1279] n_total=23477 n_kept=20948 (89.2%)  n_frames_in_window=57
  body候选体素数(阈值+连通分量后)=6977  body候选点数=19426(92.7% of kept)
  wing连通性: 碎块点=1171  实际改判=1171
  confidence=low  (wing_merged强制low; body候选点数<20或>0.9*n_kept强制low; 否则high)
  L/R锚定: wing_A -> wing_L  wing_B -> wing_R
  part_label分布(全部点，含if_keep=False的1-NN传播): body=22237  wing_L=884  wing_R=356
  labeled csv -> /home/computer0/fly_project/fly_gsplat/outputs/ctrl_009_001_ratio3_sh0_dense_mid200/ratio3_sh0_dense/f1279/splatfacto/2026-08-20_175503/gaussian_features_f1279_labeled.csv
[density] frame_idx=1280: 窗口内17/73帧缺少T2产出(_marked.csv)，跳过不参与累加: ['f1300', 'f1301', 'f1302', 'f1303', 'f1304', 'f1305', 'f1306', 'f1307', 'f1308', 'f1309', 'f1310', 'f1311', 'f1312', 'f1313', 'f1314', 'f1315', 'f1316']
[density] body候选体素连通分量分析: 丢弃2/6902个非最大连通分量的碎块体素

[f1280] n_total=23891 n_kept=21256 (89.0%)  n_frames_in_window=56
  body候选体素数(阈值+连通分量后)=6900  body候选点数=19654(92.5% of kept)
  wing连通性: 碎块点=930  实际改判=930
  confidence=low  (wing_merged强制low; body候选点数<20或>0.9*n_kept强制low; 否则high)
  L/R锚定: wing_A -> wing_L  wing_B -> wing_R
  part_label分布(全部点，含if_keep=False的1-NN传播): body=22340  wing_L=1171  wing_R=380
  labeled csv -> /home/computer0/fly_project/fly_gsplat/outputs/ctrl_009_001_ratio3_sh0_dense_mid200/ratio3_sh0_dense/f1280/splatfacto/2026-08-20_175713/gaussian_features_f1280_labeled.csv
[density] frame_idx=1281: 窗口内18/73帧缺少T2产出(_marked.csv)，跳过不参与累加: ['f1300', 'f1301', 'f1302', 'f1303', 'f1304', 'f1305', 'f1306', 'f1307', 'f1308', 'f1309', 'f1310', 'f1311', 'f1312', 'f1313', 'f1314', 'f1315', 'f1316', 'f1317']
[density] body候选体素连通分量分析: 丢弃2/6842个非最大连通分量的碎块体素

[f1281] n_total=23421 n_kept=20830 (88.9%)  n_frames_in_window=55
  body候选体素数(阈值+连通分量后)=6840  body候选点数=19317(92.7% of kept)
  wing连通性: 碎块点=966  实际改判=966
  confidence=low  (wing_merged强制low; body候选点数<20或>0.9*n_kept强制low; 否则high)
  L/R锚定: wing_A -> wing_L  wing_B -> wing_R
  part_label分布(全部点，含if_keep=False的1-NN传播): body=22523  wing_L=530  wing_R=368
  labeled csv -> /home/computer0/fly_project/fly_gsplat/outputs/ctrl_009_001_ratio3_sh0_dense_mid200/ratio3_sh0_dense/f1281/splatfacto/2026-08-20_175713/gaussian_features_f1281_labeled.csv
[density] frame_idx=1282: 窗口内19/73帧缺少T2产出(_marked.csv)，跳过不参与累加: ['f1300', 'f1301', 'f1302', 'f1303', 'f1304', 'f1305', 'f1306', 'f1307', 'f1308', 'f1309', 'f1310', 'f1311', 'f1312', 'f1313', 'f1314', 'f1315', 'f1316', 'f1317', 'f1318']
[density] body候选体素连通分量分析: 丢弃2/6764个非最大连通分量的碎块体素

[f1282] n_total=23888 n_kept=21306 (89.2%)  n_frames_in_window=54
  body候选体素数(阈值+连通分量后)=6762  body候选点数=19672(92.3% of kept)
  wing连通性: 碎块点=1240  实际改判=1240
  confidence=low  (wing_merged强制low; body候选点数<20或>0.9*n_kept强制low; 否则high)
  L/R锚定: wing_A -> wing_L  wing_B -> wing_R
  part_label分布(全部点，含if_keep=False的1-NN传播): body=22856  wing_L=300  wing_R=732
  labeled csv -> /home/computer0/fly_project/fly_gsplat/outputs/ctrl_009_001_ratio3_sh0_dense_mid200/ratio3_sh0_dense/f1282/splatfacto/2026-08-20_175715/gaussian_features_f1282_labeled.csv
[density] frame_idx=1283: 窗口内20/73帧缺少T2产出(_marked.csv)，跳过不参与累加: ['f1300', 'f1301', 'f1302', 'f1303', 'f1304', 'f1305', 'f1306', 'f1307', 'f1308', 'f1309', 'f1310', 'f1311', 'f1312', 'f1313', 'f1314', 'f1315', 'f1316', 'f1317', 'f1318', 'f1319']
[density] body候选体素连通分量分析: 丢弃8/6696个非最大连通分量的碎块体素

[f1283] n_total=23395 n_kept=20912 (89.4%)  n_frames_in_window=53
  body候选体素数(阈值+连通分量后)=6688  body候选点数=19065(91.2% of kept)
  wing连通性: 碎块点=1252  实际改判=1252
  confidence=low  (wing_merged强制low; body候选点数<20或>0.9*n_kept强制low; 否则high)
  L/R锚定: wing_A -> wing_L  wing_B -> wing_R
  part_label分布(全部点，含if_keep=False的1-NN传播): body=21780  wing_L=595  wing_R=1020
  labeled csv -> /home/computer0/fly_project/fly_gsplat/outputs/ctrl_009_001_ratio3_sh0_dense_mid200/ratio3_sh0_dense/f1283/splatfacto/2026-08-20_175714/gaussian_features_f1283_labeled.csv
[density] frame_idx=1284: 窗口内21/73帧缺少T2产出(_marked.csv)，跳过不参与累加: ['f1300', 'f1301', 'f1302', 'f1303', 'f1304', 'f1305', 'f1306', 'f1307', 'f1308', 'f1309', 'f1310', 'f1311', 'f1312', 'f1313', 'f1314', 'f1315', 'f1316', 'f1317', 'f1318', 'f1319', 'f1320']
[density] body候选体素连通分量分析: 丢弃9/6622个非最大连通分量的碎块体素

[f1284] n_total=23824 n_kept=21177 (88.9%)  n_frames_in_window=52
  body候选体素数(阈值+连通分量后)=6613  body候选点数=19451(91.8% of kept)
  wing连通性: 碎块点=1266  实际改判=1266
  confidence=low  (wing_merged强制low; body候选点数<20或>0.9*n_kept强制low; 否则high)
  L/R锚定: wing_A -> wing_R  wing_B -> wing_L
  part_label分布(全部点，含if_keep=False的1-NN传播): body=22618  wing_L=530  wing_R=676
  labeled csv -> /home/computer0/fly_project/fly_gsplat/outputs/ctrl_009_001_ratio3_sh0_dense_mid200/ratio3_sh0_dense/f1284/splatfacto/2026-08-20_175715/gaussian_features_f1284_labeled.csv
[density] frame_idx=1285: 窗口内22/73帧缺少T2产出(_marked.csv)，跳过不参与累加: ['f1300', 'f1301', 'f1302', 'f1303', 'f1304', 'f1305', 'f1306', 'f1307', 'f1308', 'f1309', 'f1310', 'f1311', 'f1312', 'f1313', 'f1314', 'f1315', 'f1316', 'f1317', 'f1318', 'f1319', 'f1320', 'f1321']
[density] body候选体素连通分量分析: 丢弃10/6534个非最大连通分量的碎块体素

[f1285] n_total=23139 n_kept=20818 (90.0%)  n_frames_in_window=51
  body候选体素数(阈值+连通分量后)=6524  body候选点数=18800(90.3% of kept)
  wing连通性: 碎块点=1024  实际改判=1024
  confidence=low  (wing_merged强制low; body候选点数<20或>0.9*n_kept强制low; 否则high)
  L/R锚定: wing_A -> wing_L  wing_B -> wing_R
  part_label分布(全部点，含if_keep=False的1-NN传播): body=21030  wing_L=1389  wing_R=720
  labeled csv -> /home/computer0/fly_project/fly_gsplat/outputs/ctrl_009_001_ratio3_sh0_dense_mid200/ratio3_sh0_dense/f1285/splatfacto/2026-08-20_175714/gaussian_features_f1285_labeled.csv
[density] frame_idx=1286: 窗口内23/73帧缺少T2产出(_marked.csv)，跳过不参与累加: ['f1300', 'f1301', 'f1302', 'f1303', 'f1304', 'f1305', 'f1306', 'f1307', 'f1308', 'f1309', 'f1310', 'f1311', 'f1312', 'f1313', 'f1314', 'f1315', 'f1316', 'f1317', 'f1318', 'f1319', 'f1320', 'f1321', 'f1322']
[density] body候选体素连通分量分析: 丢弃8/6435个非最大连通分量的碎块体素

[f1286] n_total=23287 n_kept=20816 (89.4%)  n_frames_in_window=50
  body候选体素数(阈值+连通分量后)=6427  body候选点数=18923(90.9% of kept)
  wing连通性: 碎块点=1262  实际改判=1262
  confidence=low  (wing_merged强制low; body候选点数<20或>0.9*n_kept强制low; 否则high)
  L/R锚定: wing_A -> wing_R  wing_B -> wing_L
  part_label分布(全部点，含if_keep=False的1-NN传播): body=21761  wing_L=1069  wing_R=457
  labeled csv -> /home/computer0/fly_project/fly_gsplat/outputs/ctrl_009_001_ratio3_sh0_dense_mid200/ratio3_sh0_dense/f1286/splatfacto/2026-08-20_175715/gaussian_features_f1286_labeled.csv
[density] frame_idx=1287: 窗口内24/73帧缺少T2产出(_marked.csv)，跳过不参与累加: ['f1300', 'f1301', 'f1302', 'f1303', 'f1304', 'f1305', 'f1306', 'f1307', 'f1308', 'f1309', 'f1310', 'f1311', 'f1312', 'f1313', 'f1314', 'f1315', 'f1316', 'f1317', 'f1318', 'f1319', 'f1320', 'f1321', 'f1322', 'f1323']
[density] body候选体素连通分量分析: 丢弃5/6356个非最大连通分量的碎块体素

[f1287] n_total=23038 n_kept=20453 (88.8%)  n_frames_in_window=49
  body候选体素数(阈值+连通分量后)=6351  body候选点数=18547(90.7% of kept)
  wing连通性: 碎块点=1471  实际改判=1471
  confidence=low  (wing_merged强制low; body候选点数<20或>0.9*n_kept强制low; 否则high)
  L/R锚定: wing_A -> wing_L  wing_B -> wing_R
  part_label分布(全部点，含if_keep=False的1-NN传播): body=21897  wing_L=890  wing_R=251
  labeled csv -> /home/computer0/fly_project/fly_gsplat/outputs/ctrl_009_001_ratio3_sh0_dense_mid200/ratio3_sh0_dense/f1287/splatfacto/2026-08-20_175716/gaussian_features_f1287_labeled.csv
[density] frame_idx=1288: 窗口内25/73帧缺少T2产出(_marked.csv)，跳过不参与累加: ['f1300', 'f1301', 'f1302', 'f1303', 'f1304', 'f1305', 'f1306', 'f1307', 'f1308', 'f1309', 'f1310', 'f1311', 'f1312', 'f1313', 'f1314', 'f1315', 'f1316', 'f1317', 'f1318', 'f1319', 'f1320', 'f1321', 'f1322', 'f1323', 'f1324']
[density] body候选体素连通分量分析: 丢弃5/6265个非最大连通分量的碎块体素

[f1288] n_total=24291 n_kept=21709 (89.4%)  n_frames_in_window=48
  body候选体素数(阈值+连通分量后)=6260  body候选点数=19146(88.2% of kept)
  wing连通性: 碎块点=1613  实际改判=1613
  confidence=high  (wing_merged强制low; body候选点数<20或>0.9*n_kept强制low; 否则high)
  L/R锚定: wing_A -> wing_R  wing_B -> wing_L
  part_label分布(全部点，含if_keep=False的1-NN传播): body=22245  wing_L=415  wing_R=1631
  labeled csv -> /home/computer0/fly_project/fly_gsplat/outputs/ctrl_009_001_ratio3_sh0_dense_mid200/ratio3_sh0_dense/f1288/splatfacto/2026-08-20_175715/gaussian_features_f1288_labeled.csv
[density] frame_idx=1289: 窗口内26/73帧缺少T2产出(_marked.csv)，跳过不参与累加: ['f1300', 'f1301', 'f1302', 'f1303', 'f1304', 'f1305', 'f1306', 'f1307', 'f1308', 'f1309', 'f1310', 'f1311', 'f1312', 'f1313', 'f1314', 'f1315', 'f1316', 'f1317', 'f1318', 'f1319', 'f1320', 'f1321', 'f1322', 'f1323', 'f1324', 'f1325']
[density] body候选体素连通分量分析: 丢弃5/6206个非最大连通分量的碎块体素

[f1289] n_total=23223 n_kept=20894 (90.0%)  n_frames_in_window=47
  body候选体素数(阈值+连通分量后)=6201  body候选点数=18584(88.9% of kept)
  wing连通性: 碎块点=1333  实际改判=1333
  confidence=high  (wing_merged强制low; body候选点数<20或>0.9*n_kept强制low; 否则high)
  L/R锚定: wing_A -> wing_L  wing_B -> wing_R
  part_label分布(全部点，含if_keep=False的1-NN传播): body=21382  wing_L=1203  wing_R=638
  labeled csv -> /home/computer0/fly_project/fly_gsplat/outputs/ctrl_009_001_ratio3_sh0_dense_mid200/ratio3_sh0_dense/f1289/splatfacto/2026-08-20_175715/gaussian_features_f1289_labeled.csv
[density] frame_idx=1290: 窗口内27/73帧缺少T2产出(_marked.csv)，跳过不参与累加: ['f1300', 'f1301', 'f1302', 'f1303', 'f1304', 'f1305', 'f1306', 'f1307', 'f1308', 'f1309', 'f1310', 'f1311', 'f1312', 'f1313', 'f1314', 'f1315', 'f1316', 'f1317', 'f1318', 'f1319', 'f1320', 'f1321', 'f1322', 'f1323', 'f1324', 'f1325', 'f1326']
[density] body候选体素连通分量分析: 丢弃5/6133个非最大连通分量的碎块体素

[f1290] n_total=24231 n_kept=21473 (88.6%)  n_frames_in_window=46
  body候选体素数(阈值+连通分量后)=6128  body候选点数=19075(88.8% of kept)
  wing连通性: 碎块点=1366  实际改判=1366
  confidence=high  (wing_merged强制low; body候选点数<20或>0.9*n_kept强制low; 否则high)
  L/R锚定: wing_A -> wing_L  wing_B -> wing_R
  part_label分布(全部点，含if_keep=False的1-NN传播): body=21922  wing_L=1610  wing_R=699
  labeled csv -> /home/computer0/fly_project/fly_gsplat/outputs/ctrl_009_001_ratio3_sh0_dense_mid200/ratio3_sh0_dense/f1290/splatfacto/2026-08-20_175717/gaussian_features_f1290_labeled.csv
[density] frame_idx=1291: 窗口内28/73帧缺少T2产出(_marked.csv)，跳过不参与累加: ['f1300', 'f1301', 'f1302', 'f1303', 'f1304', 'f1305', 'f1306', 'f1307', 'f1308', 'f1309', 'f1310', 'f1311', 'f1312', 'f1313', 'f1314', 'f1315', 'f1316', 'f1317', 'f1318', 'f1319', 'f1320', 'f1321', 'f1322', 'f1323', 'f1324', 'f1325', 'f1326', 'f1327']
[density] body候选体素连通分量分析: 丢弃2/6037个非最大连通分量的碎块体素

[f1291] n_total=24304 n_kept=21611 (88.9%)  n_frames_in_window=45
  body候选体素数(阈值+连通分量后)=6035  body候选点数=18933(87.6% of kept)
  wing连通性: 碎块点=1799  实际改判=1799
  confidence=high  (wing_merged强制low; body候选点数<20或>0.9*n_kept强制low; 否则high)
  L/R锚定: wing_A -> wing_L  wing_B -> wing_R
  part_label分布(全部点，含if_keep=False的1-NN传播): body=22456  wing_L=1218  wing_R=630
  labeled csv -> /home/computer0/fly_project/fly_gsplat/outputs/ctrl_009_001_ratio3_sh0_dense_mid200/ratio3_sh0_dense/f1291/splatfacto/2026-08-20_175718/gaussian_features_f1291_labeled.csv
[density] frame_idx=1292: 窗口内29/73帧缺少T2产出(_marked.csv)，跳过不参与累加: ['f1300', 'f1301', 'f1302', 'f1303', 'f1304', 'f1305', 'f1306', 'f1307', 'f1308', 'f1309', 'f1310', 'f1311', 'f1312', 'f1313', 'f1314', 'f1315', 'f1316', 'f1317', 'f1318', 'f1319', 'f1320', 'f1321', 'f1322', 'f1323', 'f1324', 'f1325', 'f1326', 'f1327', 'f1328']
[density] body候选体素连通分量分析: 丢弃2/5964个非最大连通分量的碎块体素

[f1292] n_total=22364 n_kept=19966 (89.3%)  n_frames_in_window=44
  body候选体素数(阈值+连通分量后)=5962  body候选点数=17388(87.1% of kept)
  wing连通性: 碎块点=1591  实际改判=1591
  confidence=high  (wing_merged强制low; body候选点数<20或>0.9*n_kept强制low; 否则high)
  L/R锚定: wing_A -> wing_L  wing_B -> wing_R
  part_label分布(全部点，含if_keep=False的1-NN传播): body=20317  wing_L=1272  wing_R=775
  labeled csv -> /home/computer0/fly_project/fly_gsplat/outputs/ctrl_009_001_ratio3_sh0_dense_mid200/ratio3_sh0_dense/f1292/splatfacto/2026-08-20_175926/gaussian_features_f1292_labeled.csv
[density] frame_idx=1293: 窗口内30/73帧缺少T2产出(_marked.csv)，跳过不参与累加: ['f1300', 'f1301', 'f1302', 'f1303', 'f1304', 'f1305', 'f1306', 'f1307', 'f1308', 'f1309', 'f1310', 'f1311', 'f1312', 'f1313', 'f1314', 'f1315', 'f1316', 'f1317', 'f1318', 'f1319', 'f1320', 'f1321', 'f1322', 'f1323', 'f1324', 'f1325', 'f1326', 'f1327', 'f1328', 'f1329']
[density] body候选体素连通分量分析: 丢弃2/5871个非最大连通分量的碎块体素

[f1293] n_total=23834 n_kept=21414 (89.8%)  n_frames_in_window=43
  body候选体素数(阈值+连通分量后)=5869  body候选点数=18713(87.4% of kept)
  wing连通性: 碎块点=1752  实际改判=1752
  confidence=high  (wing_merged强制low; body候选点数<20或>0.9*n_kept强制low; 否则high)
  L/R锚定: wing_A -> wing_R  wing_B -> wing_L
  part_label分布(全部点，含if_keep=False的1-NN传播): body=21760  wing_L=852  wing_R=1222
  labeled csv -> /home/computer0/fly_project/fly_gsplat/outputs/ctrl_009_001_ratio3_sh0_dense_mid200/ratio3_sh0_dense/f1293/splatfacto/2026-08-20_175927/gaussian_features_f1293_labeled.csv
[density] frame_idx=1294: 窗口内31/73帧缺少T2产出(_marked.csv)，跳过不参与累加: ['f1300', 'f1301', 'f1302', 'f1303', 'f1304', 'f1305', 'f1306', 'f1307', 'f1308', 'f1309', 'f1310', 'f1311', 'f1312', 'f1313', 'f1314', 'f1315', 'f1316', 'f1317', 'f1318', 'f1319', 'f1320', 'f1321', 'f1322', 'f1323', 'f1324', 'f1325', 'f1326', 'f1327', 'f1328', 'f1329', 'f1330']
[density] body候选体素连通分量分析: 丢弃2/5796个非最大连通分量的碎块体素

[f1294] n_total=23954 n_kept=21270 (88.8%)  n_frames_in_window=42
  body候选体素数(阈值+连通分量后)=5794  body候选点数=18531(87.1% of kept)
  wing连通性: 碎块点=1711  实际改判=1711
  confidence=high  (wing_merged强制low; body候选点数<20或>0.9*n_kept强制low; 否则high)
  L/R锚定: wing_A -> wing_R  wing_B -> wing_L
  part_label分布(全部点，含if_keep=False的1-NN传播): body=21591  wing_L=546  wing_R=1817
  labeled csv -> /home/computer0/fly_project/fly_gsplat/outputs/ctrl_009_001_ratio3_sh0_dense_mid200/ratio3_sh0_dense/f1294/splatfacto/2026-08-20_175927/gaussian_features_f1294_labeled.csv
[density] frame_idx=1295: 窗口内32/73帧缺少T2产出(_marked.csv)，跳过不参与累加: ['f1300', 'f1301', 'f1302', 'f1303', 'f1304', 'f1305', 'f1306', 'f1307', 'f1308', 'f1309', 'f1310', 'f1311', 'f1312', 'f1313', 'f1314', 'f1315', 'f1316', 'f1317', 'f1318', 'f1319', 'f1320', 'f1321', 'f1322', 'f1323', 'f1324', 'f1325', 'f1326', 'f1327', 'f1328', 'f1329', 'f1330', 'f1331']
[density] body候选体素连通分量分析: 丢弃2/5696个非最大连通分量的碎块体素

[f1295] n_total=23248 n_kept=20683 (89.0%)  n_frames_in_window=41
  body候选体素数(阈值+连通分量后)=5694  body候选点数=18231(88.1% of kept)
  wing连通性: 碎块点=1504  实际改判=1504
  confidence=high  (wing_merged强制low; body候选点数<20或>0.9*n_kept强制low; 否则high)
  L/R锚定: wing_A -> wing_L  wing_B -> wing_R
  part_label分布(全部点，含if_keep=False的1-NN传播): body=21491  wing_L=1155  wing_R=602
  labeled csv -> /home/computer0/fly_project/fly_gsplat/outputs/ctrl_009_001_ratio3_sh0_dense_mid200/ratio3_sh0_dense/f1295/splatfacto/2026-08-20_175927/gaussian_features_f1295_labeled.csv
[density] frame_idx=1296: 窗口内33/73帧缺少T2产出(_marked.csv)，跳过不参与累加: ['f1300', 'f1301', 'f1302', 'f1303', 'f1304', 'f1305', 'f1306', 'f1307', 'f1308', 'f1309', 'f1310', 'f1311', 'f1312', 'f1313', 'f1314', 'f1315', 'f1316', 'f1317', 'f1318', 'f1319', 'f1320', 'f1321', 'f1322', 'f1323', 'f1324', 'f1325', 'f1326', 'f1327', 'f1328', 'f1329', 'f1330', 'f1331', 'f1332']
[density] body候选体素连通分量分析: 丢弃3/5607个非最大连通分量的碎块体素

[f1296] n_total=24035 n_kept=21442 (89.2%)  n_frames_in_window=40
  body候选体素数(阈值+连通分量后)=5604  body候选点数=18555(86.5% of kept)
  wing连通性: 碎块点=2075  实际改判=2075
  confidence=high  (wing_merged强制low; body候选点数<20或>0.9*n_kept强制low; 否则high)
  L/R锚定: wing_A -> wing_R  wing_B -> wing_L
  part_label分布(全部点，含if_keep=False的1-NN传播): body=22560  wing_L=910  wing_R=565
  labeled csv -> /home/computer0/fly_project/fly_gsplat/outputs/ctrl_009_001_ratio3_sh0_dense_mid200/ratio3_sh0_dense/f1296/splatfacto/2026-08-20_175929/gaussian_features_f1296_labeled.csv
[density] frame_idx=1297: 窗口内34/73帧缺少T2产出(_marked.csv)，跳过不参与累加: ['f1300', 'f1301', 'f1302', 'f1303', 'f1304', 'f1305', 'f1306', 'f1307', 'f1308', 'f1309', 'f1310', 'f1311', 'f1312', 'f1313', 'f1314', 'f1315', 'f1316', 'f1317', 'f1318', 'f1319', 'f1320', 'f1321', 'f1322', 'f1323', 'f1324', 'f1325', 'f1326', 'f1327', 'f1328', 'f1329', 'f1330', 'f1331', 'f1332', 'f1333']
[density] body候选体素连通分量分析: 丢弃3/5511个非最大连通分量的碎块体素

[f1297] n_total=23177 n_kept=20854 (90.0%)  n_frames_in_window=39
  body候选体素数(阈值+连通分量后)=5508  body候选点数=17282(82.9% of kept)
  wing连通性: 碎块点=2111  实际改判=2111
  confidence=high  (wing_merged强制low; body候选点数<20或>0.9*n_kept强制low; 否则high)
  L/R锚定: wing_A -> wing_L  wing_B -> wing_R
  part_label分布(全部点，含if_keep=False的1-NN传播): body=20692  wing_L=1895  wing_R=590
  labeled csv -> /home/computer0/fly_project/fly_gsplat/outputs/ctrl_009_001_ratio3_sh0_dense_mid200/ratio3_sh0_dense/f1297/splatfacto/2026-08-20_175928/gaussian_features_f1297_labeled.csv
[density] frame_idx=1298: 窗口内35/73帧缺少T2产出(_marked.csv)，跳过不参与累加: ['f1300', 'f1301', 'f1302', 'f1303', 'f1304', 'f1305', 'f1306', 'f1307', 'f1308', 'f1309', 'f1310', 'f1311', 'f1312', 'f1313', 'f1314', 'f1315', 'f1316', 'f1317', 'f1318', 'f1319', 'f1320', 'f1321', 'f1322', 'f1323', 'f1324', 'f1325', 'f1326', 'f1327', 'f1328', 'f1329', 'f1330', 'f1331', 'f1332', 'f1333', 'f1334']
[density] body候选体素连通分量分析: 丢弃2/5412个非最大连通分量的碎块体素

[f1298] n_total=24116 n_kept=21509 (89.2%)  n_frames_in_window=38
  body候选体素数(阈值+连通分量后)=5410  body候选点数=18200(84.6% of kept)
  wing连通性: 碎块点=2393  实际改判=2393
  confidence=high  (wing_merged强制low; body候选点数<20或>0.9*n_kept强制low; 否则high)
  L/R锚定: wing_A -> wing_R  wing_B -> wing_L
  part_label分布(全部点，含if_keep=False的1-NN传播): body=22814  wing_L=650  wing_R=652
  labeled csv -> /home/computer0/fly_project/fly_gsplat/outputs/ctrl_009_001_ratio3_sh0_dense_mid200/ratio3_sh0_dense/f1298/splatfacto/2026-08-20_175928/gaussian_features_f1298_labeled.csv
[density] frame_idx=1299: 窗口内36/73帧缺少T2产出(_marked.csv)，跳过不参与累加: ['f1300', 'f1301', 'f1302', 'f1303', 'f1304', 'f1305', 'f1306', 'f1307', 'f1308', 'f1309', 'f1310', 'f1311', 'f1312', 'f1313', 'f1314', 'f1315', 'f1316', 'f1317', 'f1318', 'f1319', 'f1320', 'f1321', 'f1322', 'f1323', 'f1324', 'f1325', 'f1326', 'f1327', 'f1328', 'f1329', 'f1330', 'f1331', 'f1332', 'f1333', 'f1334', 'f1335']
[density] body候选体素连通分量分析: 丢弃1/5306个非最大连通分量的碎块体素

[f1299] n_total=23922 n_kept=21236 (88.8%)  n_frames_in_window=37
  body候选体素数(阈值+连通分量后)=5305  body候选点数=17872(84.2% of kept)
  wing连通性: 碎块点=2177  实际改判=2177
  confidence=high  (wing_merged强制low; body候选点数<20或>0.9*n_kept强制low; 否则high)
  L/R锚定: wing_A -> wing_L  wing_B -> wing_R
  part_label分布(全部点，含if_keep=False的1-NN传播): body=22421  wing_L=687  wing_R=814
  labeled csv -> /home/computer0/fly_project/fly_gsplat/outputs/ctrl_009_001_ratio3_sh0_dense_mid200/ratio3_sh0_dense/f1299/splatfacto/2026-08-20_175928/gaussian_features_f1299_labeled.csv

== T4 kinematics pipeline: /home/computer0/fly_project/fly_gsplat/outputs/ctrl_009_001_ratio3_sh0_dense_mid200/ratio3_sh0_dense ==
[build_sequence] 200 labeled frames under /home/computer0/fly_project/fly_gsplat/outputs/ctrl_009_001_ratio3_sh0_dense_mid200/ratio3_sh0_dense: f1100..f1299
[build_sequence] 0/200 frames failed (n_body_points < 10)
[f_residual_jitter] body_cm csv -> /home/computer0/fly_project/fly_gsplat/postprocessing/kinematics/correct_body_axis/diag/f_body_cm.csv (200 rows)
[anchor_detect] angle_dev_deg <= 87.753 deg (quantile=0.25, n_valid=200)
[anchor_detect] wing_span >= 0.0680445 (quantile=0.75, n_valid=200)
[anchor_detect] eigval_ratio < 0.2
  -> /home/computer0/fly_project/fly_gsplat/outputs/ctrl_009_001_ratio3_sh0_dense_mid200/kinematics/kinematics_ratio3_sh0_dense.csv  (200 frame(s))
  status=ok: 88/200
  非ok帧: [(1101, 'wing_R:fit_plane RANSAC: no sample reached min_inliers=278 in 300 iters (best=220)'), (1102, 'wing_L:fit_plane RANSAC: no sample reached min_inliers=311 in 300 iters (best=242)'), (1103, 'wing_L:fit_plane RANSAC: no sample reached min_inliers=268 in 300 iters (best=227)'), (1106, 'wing_L:fit_plane RANSAC: no sample reached min_inliers=356 in 300 iters (best=317)'), (1109, 'wing_R:fit_plane RANSAC: no sample reached min_inliers=370 in 300 iters (best=344)'), (1111, 'wing_L:fit_plane RANSAC: no sample reached min_inliers=268 in 300 iters (best=257)'), (1112, 'wing_R:fit_plane RANSAC: no sample reached min_inliers=341 in 300 iters (best=263)'), (1113, 'wing_L:fit_plane RANSAC: no sample reached min_inliers=369 in 300 iters (best=310)'), (1114, 'wing_R:fit_plane RANSAC: no sample reached min_inliers=207 in 300 iters (best=171)'), (1115, 'wing_L:fit_plane RANSAC: no sample reached min_inliers=324 in 300 iters (best=218)'), (1116, 'wing_R:fit_plane RANSAC: no sample reached min_inliers=311 in 300 iters (best=255)'), (1118, 'wing_R:fit_plane RANSAC: no sample reached min_inliers=244 in 300 iters (best=209)'), (1119, 'wing_R:fit_plane RANSAC: no sample reached min_inliers=216 in 300 iters (best=210)'), (1120, 'wing_R:fit_plane RANSAC: no sample reached min_inliers=165 in 300 iters (best=154)'), (1122, 'wing_L:fit_plane RANSAC: no sample reached min_inliers=150 in 300 iters (best=126)'), (1124, 'wing_L:fit_plane RANSAC: no sample reached min_inliers=262 in 300 iters (best=235)'), (1125, 'wing_R:fit_plane RANSAC: no sample reached min_inliers=245 in 300 iters (best=232)'), (1127, 'wing_R:fit_plane RANSAC: no sample reached min_inliers=268 in 300 iters (best=210)'), (1128, 'wing_R:fit_plane RANSAC: no sample reached min_inliers=175 in 300 iters (best=172)'), (1130, 'wing_L:fit_plane RANSAC: no sample reached min_inliers=236 in 300 iters (best=211)'), (1132, 'wing_L:fit_plane RANSAC: no sample reached min_inliers=239 in 300 iters (best=194)'), (1137, 'wing_R:fit_plane RANSAC: no sample reached min_inliers=204 in 300 iters (best=184)'), (1138, 'wing_R:fit_plane RANSAC: no sample reached min_inliers=103 in 300 iters (best=89)'), (1139, 'wing_L:fit_plane RANSAC: no sample reached min_inliers=115 in 300 iters (best=91)'), (1140, 'wing_R:fit_plane RANSAC: no sample reached min_inliers=144 in 300 iters (best=138)'), (1143, 'wing_L:fit_plane RANSAC: no sample reached min_inliers=136 in 300 iters (best=95)'), (1145, 'wing_R:fit_plane RANSAC: no sample reached min_inliers=174 in 300 iters (best=155)'), (1147, 'wing_L:fit_plane RANSAC: no sample reached min_inliers=148 in 300 iters (best=144)'), (1149, 'wing_R:fit_plane RANSAC: no sample reached min_inliers=166 in 300 iters (best=155)'), (1150, 'wing_L:fit_plane RANSAC: no sample reached min_inliers=178 in 300 iters (best=134)'), (1151, 'wing_L:fit_plane RANSAC: no sample reached min_inliers=183 in 300 iters (best=156)'), (1152, 'wing_L:fit_plane RANSAC: no sample reached min_inliers=71 in 300 iters (best=58)'), (1154, 'wing_R:fit_plane RANSAC: no sample reached min_inliers=209 in 300 iters (best=177)'), (1161, 'wing_L:fit_plane RANSAC: no sample reached min_inliers=184 in 300 iters (best=149)'), (1165, 'wing_L:fit_plane RANSAC: no sample reached min_inliers=236 in 300 iters (best=206)'), (1166, 'wing_R:fit_plane RANSAC: no sample reached min_inliers=187 in 300 iters (best=168)'), (1167, 'wing_L:fit_plane RANSAC: no sample reached min_inliers=188 in 300 iters (best=161)'), (1168, 'wing_L:fit_plane RANSAC: no sample reached min_inliers=182 in 300 iters (best=164)'), (1169, 'wing_L:fit_plane RANSAC: no sample reached min_inliers=220 in 300 iters (best=216)'), (1172, 'wing_R:fit_plane RANSAC: no sample reached min_inliers=123 in 300 iters (best=111)'), (1174, 'wing_L:fit_plane RANSAC: no sample reached min_inliers=126 in 300 iters (best=117)'), (1176, 'wing_L:fit_plane RANSAC: no sample reached min_inliers=113 in 300 iters (best=108)'), (1178, 'wing_L:fit_plane RANSAC: no sample reached min_inliers=165 in 300 iters (best=148)'), (1180, 'wing_R:fit_plane RANSAC: no sample reached min_inliers=105 in 300 iters (best=103)'), (1184, 'wing_L:fit_plane RANSAC: no sample reached min_inliers=178 in 300 iters (best=166)'), (1185, 'wing_L:fit_plane RANSAC: no sample reached min_inliers=165 in 300 iters (best=152)'), (1191, 'wing_L:fit_plane RANSAC: no sample reached min_inliers=189 in 300 iters (best=184)'), (1193, 'wing_L:fit_plane RANSAC: no sample reached min_inliers=201 in 300 iters (best=174)'), (1194, 'wing_L:fit_plane RANSAC: no sample reached min_inliers=145 in 300 iters (best=140)'), (1195, 'wing_L:fit_plane RANSAC: no sample reached min_inliers=280 in 300 iters (best=214)'), (1196, 'wing_L:fit_plane RANSAC: no sample reached min_inliers=150 in 300 iters (best=134)'), (1197, 'wing_R:fit_plane RANSAC: no sample reached min_inliers=260 in 300 iters (best=201)'), (1198, 'wing_L:fit_plane RANSAC: no sample reached min_inliers=202 in 300 iters (best=167)'), (1199, 'wing_L:fit_plane RANSAC: no sample reached min_inliers=135 in 300 iters (best=132)'), (1201, 'wing_R:fit_plane RANSAC: no sample reached min_inliers=84 in 300 iters (best=65)'), (1203, 'wing_R:fit_plane RANSAC: no sample reached min_inliers=132 in 300 iters (best=115)'), (1204, 'wing_L:fit_plane RANSAC: no sample reached min_inliers=222 in 300 iters (best=214)'), (1206, 'wing_L:fit_plane RANSAC: no sample reached min_inliers=196 in 300 iters (best=194);wing_R:fit_plane RANSAC: no sample reached min_inliers=106 in 300 iters (best=83)'), (1207, 'wing_L:fit_plane RANSAC: no sample reached min_inliers=149 in 300 iters (best=148)'), (1210, 'wing_R:fit_plane RANSAC: no sample reached min_inliers=214 in 300 iters (best=177)'), (1215, 'wing_R:fit_plane RANSAC: no sample reached min_inliers=248 in 300 iters (best=218)'), (1216, 'wing_L:fit_plane RANSAC: no sample reached min_inliers=214 in 300 iters (best=204)'), (1217, 'wing_L:fit_plane RANSAC: no sample reached min_inliers=62 in 300 iters (best=59)'), (1219, 'wing_L:fit_plane RANSAC: no sample reached min_inliers=234 in 300 iters (best=202)'), (1221, 'wing_L:fit_plane RANSAC: no sample reached min_inliers=227 in 300 iters (best=199)'), (1222, 'wing_R:fit_plane RANSAC: no sample reached min_inliers=306 in 300 iters (best=222)'), (1223, 'wing_R:fit_plane RANSAC: no sample reached min_inliers=320 in 300 iters (best=235)'), (1226, 'wing_L:fit_plane RANSAC: no sample reached min_inliers=235 in 300 iters (best=209)'), (1227, 'wing_R:fit_plane RANSAC: no sample reached min_inliers=241 in 300 iters (best=195)'), (1229, 'wing_L:fit_plane RANSAC: no sample reached min_inliers=152 in 300 iters (best=135)'), (1230, 'wing_L:fit_plane RANSAC: no sample reached min_inliers=260 in 300 iters (best=242)'), (1231, 'wing_L:fit_plane RANSAC: no sample reached min_inliers=164 in 300 iters (best=132)'), (1232, 'wing_L:fit_plane RANSAC: no sample reached min_inliers=121 in 300 iters (best=117)'), (1237, 'wing_L:fit_plane RANSAC: no sample reached min_inliers=87 in 300 iters (best=86)'), (1240, 'wing_L:fit_plane RANSAC: no sample reached min_inliers=229 in 300 iters (best=222)'), (1241, 'wing_L:fit_plane RANSAC: no sample reached min_inliers=249 in 300 iters (best=207)'), (1243, 'wing_R:fit_plane RANSAC: no sample reached min_inliers=76 in 300 iters (best=70)'), (1245, 'wing_L:fit_plane RANSAC: no sample reached min_inliers=138 in 300 iters (best=119)'), (1246, 'wing_L:fit_plane RANSAC: no sample reached min_inliers=251 in 300 iters (best=197)'), (1248, 'wing_L:fit_plane RANSAC: no sample reached min_inliers=162 in 300 iters (best=153)'), (1249, 'wing_L:fit_plane RANSAC: no sample reached min_inliers=110 in 300 iters (best=95)'), (1250, 'wing_L:fit_plane RANSAC: no sample reached min_inliers=216 in 300 iters (best=178)'), (1251, 'wing_L:fit_plane RANSAC: no sample reached min_inliers=136 in 300 iters (best=127)'), (1252, 'wing_L:fit_plane RANSAC: no sample reached min_inliers=153 in 300 iters (best=135)'), (1253, 'wing_R:fit_plane RANSAC: no sample reached min_inliers=137 in 300 iters (best=130)'), (1254, 'wing_L:fit_plane RANSAC: no sample reached min_inliers=195 in 300 iters (best=192)'), (1258, 'wing_L:fit_plane RANSAC: no sample reached min_inliers=174 in 300 iters (best=135)'), (1259, 'wing_L:fit_plane RANSAC: no sample reached min_inliers=187 in 300 iters (best=140)'), (1261, 'wing_L:fit_plane RANSAC: no sample reached min_inliers=245 in 300 iters (best=186)'), (1263, 'wing_L:fit_plane RANSAC: no sample reached min_inliers=194 in 300 iters (best=154)'), (1264, 'wing_L:fit_plane RANSAC: no sample reached min_inliers=211 in 300 iters (best=204)'), (1265, 'wing_R:fit_plane RANSAC: no sample reached min_inliers=181 in 300 iters (best=151)'), (1266, 'wing_R:fit_plane RANSAC: no sample reached min_inliers=142 in 300 iters (best=123)'), (1270, 'wing_L:fit_plane RANSAC: no sample reached min_inliers=169 in 300 iters (best=155)'), (1273, 'wing_R:fit_plane RANSAC: no sample reached min_inliers=273 in 300 iters (best=210)'), (1274, 'wing_L:fit_plane RANSAC: no sample reached min_inliers=128 in 300 iters (best=116)'), (1276, 'wing_L:fit_plane RANSAC: no sample reached min_inliers=227 in 300 iters (best=205)'), (1277, 'wing_L:fit_plane RANSAC: no sample reached min_inliers=141 in 300 iters (best=137)'), (1278, 'wing_L:fit_plane RANSAC: no sample reached min_inliers=190 in 300 iters (best=154)'), (1279, 'wing_L:fit_plane RANSAC: no sample reached min_inliers=176 in 300 iters (best=150);wing_R:fit_plane RANSAC: no sample reached min_inliers=119 in 300 iters (best=106)'), (1280, 'wing_L:fit_plane RANSAC: no sample reached min_inliers=264 in 300 iters (best=220)'), (1283, 'wing_R:fit_plane RANSAC: no sample reached min_inliers=179 in 300 iters (best=176)'), (1284, 'wing_L:fit_plane RANSAC: no sample reached min_inliers=96 in 300 iters (best=94)'), (1285, 'wing_L:fit_plane RANSAC: no sample reached min_inliers=328 in 300 iters (best=245)'), (1286, 'wing_L:fit_plane RANSAC: no sample reached min_inliers=207 in 300 iters (best=199)'), (1288, 'wing_R:fit_plane RANSAC: no sample reached min_inliers=375 in 300 iters (best=326)'), (1289, 'wing_L:fit_plane RANSAC: no sample reached min_inliers=318 in 300 iters (best=254)'), (1290, 'wing_L:fit_plane RANSAC: no sample reached min_inliers=290 in 300 iters (best=289)'), (1293, 'wing_R:fit_plane RANSAC: no sample reached min_inliers=298 in 300 iters (best=271)'), (1294, 'wing_R:fit_plane RANSAC: no sample reached min_inliers=411 in 300 iters (best=337)'), (1295, 'wing_L:fit_plane RANSAC: no sample reached min_inliers=290 in 300 iters (best=238)'), (1297, 'wing_L:fit_plane RANSAC: no sample reached min_inliers=582 in 300 iters (best=494)')]
[f1100] csv -> /home/computer0/fly_project/fly_gsplat/outputs/ctrl_009_001_ratio3_sh0_dense_mid200/ratio3_sh0_dense/f1100/splatfacto/2026-08-20_172357/gaussian_features_f1100_labeled.csv
[f1100] reprojection -> /home/computer0/fly_project/fly_gsplat/outputs/ctrl_009_001_ratio3_sh0_dense_mid200/kinematics/reprojection/reproj_f1100.png
[f1155] csv -> /home/computer0/fly_project/fly_gsplat/outputs/ctrl_009_001_ratio3_sh0_dense_mid200/ratio3_sh0_dense/f1155/splatfacto/2026-08-20_173257/gaussian_features_f1155_labeled.csv
[f1155] reprojection -> /home/computer0/fly_project/fly_gsplat/outputs/ctrl_009_001_ratio3_sh0_dense_mid200/kinematics/reprojection/reproj_f1155.png
[f1190] csv -> /home/computer0/fly_project/fly_gsplat/outputs/ctrl_009_001_ratio3_sh0_dense_mid200/ratio3_sh0_dense/f1190/splatfacto/2026-08-20_173933/gaussian_features_f1190_labeled.csv
[f1190] reprojection -> /home/computer0/fly_project/fly_gsplat/outputs/ctrl_009_001_ratio3_sh0_dense_mid200/kinematics/reprojection/reproj_f1190.png
[f1239] csv -> /home/computer0/fly_project/fly_gsplat/outputs/ctrl_009_001_ratio3_sh0_dense_mid200/ratio3_sh0_dense/f1239/splatfacto/2026-08-20_174825/gaussian_features_f1239_labeled.csv
[f1239] reprojection -> /home/computer0/fly_project/fly_gsplat/outputs/ctrl_009_001_ratio3_sh0_dense_mid200/kinematics/reprojection/reproj_f1239.png
[f1299] csv -> /home/computer0/fly_project/fly_gsplat/outputs/ctrl_009_001_ratio3_sh0_dense_mid200/ratio3_sh0_dense/f1299/splatfacto/2026-08-20_175928/gaussian_features_f1299_labeled.csv
[f1299] reprojection -> /home/computer0/fly_project/fly_gsplat/outputs/ctrl_009_001_ratio3_sh0_dense_mid200/kinematics/reprojection/reproj_f1299.png

============================================================
5帧请求汇总: 成功 5  失败 0
  -> /home/computer0/fly_project/fly_gsplat/outputs/ctrl_009_001_ratio3_sh0_dense_mid200/kinematics

============================================================
done: 1/1 ok
