=== Phase A: data prep ===
Dataset generated successfully at: /home/computer0/fly_project/fly_gsplat/ctrl_009/004/f1100
4 cameras loaded
Seed: [ 0.00030771 -0.0045986  -0.00046884]  triangulation residual=0.064 mm
Sampled 10000 points in 2mm sphere
Surviving points (all 4 cameras): 2105
After outlier removal: 2024 points
Saved -> /home/computer0/fly_project/fly_gsplat/ctrl_009/004/f1100/init_points.ply
[prepare] frame 1100 data ready
Dataset generated successfully at: /home/computer0/fly_project/fly_gsplat/ctrl_009/004/f1101
4 cameras loaded
Seed: [ 0.00028548 -0.00457433 -0.00041483]  triangulation residual=0.057 mm
Sampled 10000 points in 2mm sphere
Surviving points (all 4 cameras): 2051
After outlier removal: 1967 points
Saved -> /home/computer0/fly_project/fly_gsplat/ctrl_009/004/f1101/init_points.ply
[prepare] frame 1101 data ready
Dataset generated successfully at: /home/computer0/fly_project/fly_gsplat/ctrl_009/004/f1102
4 cameras loaded
Seed: [ 0.00026057 -0.00453269 -0.00036137]  triangulation residual=0.051 mm
Sampled 10000 points in 2mm sphere
Surviving points (all 4 cameras): 1962
After outlier removal: 1879 points
Saved -> /home/computer0/fly_project/fly_gsplat/ctrl_009/004/f1102/init_points.ply
[prepare] frame 1102 data ready
Dataset generated successfully at: /home/computer0/fly_project/fly_gsplat/ctrl_009/004/f1103
4 cameras loaded
Seed: [ 0.0002195  -0.00447931 -0.00031073]  triangulation residual=0.045 mm
Sampled 10000 points in 2mm sphere
Surviving points (all 4 cameras): 1896
After outlier removal: 1815 points
Saved -> /home/computer0/fly_project/fly_gsplat/ctrl_009/004/f1103/init_points.ply
[prepare] frame 1103 data ready
Dataset generated successfully at: /home/computer0/fly_project/fly_gsplat/ctrl_009/004/f1104
4 cameras loaded
Seed: [ 0.00016974 -0.00442176 -0.00026892]  triangulation residual=0.032 mm
Sampled 10000 points in 2mm sphere
Surviving points (all 4 cameras): 1805
After outlier removal: 1719 points
Saved -> /home/computer0/fly_project/fly_gsplat/ctrl_009/004/f1104/init_points.ply
[prepare] frame 1104 data ready
Dataset generated successfully at: /home/computer0/fly_project/fly_gsplat/ctrl_009/004/f1105
4 cameras loaded
Seed: [ 0.00011618 -0.00437501 -0.0002494 ]  triangulation residual=0.031 mm
Sampled 10000 points in 2mm sphere
Surviving points (all 4 cameras): 1698
After outlier removal: 1620 points
Saved -> /home/computer0/fly_project/fly_gsplat/ctrl_009/004/f1105/init_points.ply
[prepare] frame 1105 data ready
Dataset generated successfully at: /home/computer0/fly_project/fly_gsplat/ctrl_009/004/f1106
4 cameras loaded
Seed: [ 6.04578371e-05 -4.32677909e-03 -2.38432915e-04]  triangulation residual=0.045 mm
Sampled 10000 points in 2mm sphere
Surviving points (all 4 cameras): 1692
After outlier removal: 1622 points
Saved -> /home/computer0/fly_project/fly_gsplat/ctrl_009/004/f1106/init_points.ply
[prepare] frame 1106 data ready
Dataset generated successfully at: /home/computer0/fly_project/fly_gsplat/ctrl_009/004/f1107
4 cameras loaded
Seed: [ 1.37927366e-05 -4.27685127e-03 -2.29039126e-04]  triangulation residual=0.079 mm
Sampled 10000 points in 2mm sphere
Surviving points (all 4 cameras): 1757
After outlier removal: 1690 points
Saved -> /home/computer0/fly_project/fly_gsplat/ctrl_009/004/f1107/init_points.ply
[prepare] frame 1107 data ready
Dataset generated successfully at: /home/computer0/fly_project/fly_gsplat/ctrl_009/004/f1108
4 cameras loaded
Seed: [-2.46247894e-05 -4.22259606e-03 -2.24227535e-04]  triangulation residual=0.110 mm
Sampled 10000 points in 2mm sphere
Surviving points (all 4 cameras): 1704
After outlier removal: 1640 points
Saved -> /home/computer0/fly_project/fly_gsplat/ctrl_009/004/f1108/init_points.ply
[prepare] frame 1108 data ready
Dataset generated successfully at: /home/computer0/fly_project/fly_gsplat/ctrl_009/004/f1109
4 cameras loaded
Seed: [-6.86665323e-05 -4.17076651e-03 -2.30571202e-04]  triangulation residual=0.134 mm
Sampled 10000 points in 2mm sphere
Surviving points (all 4 cameras): 1690
After outlier removal: 1619 points
Saved -> /home/computer0/fly_project/fly_gsplat/ctrl_009/004/f1109/init_points.ply
[prepare] frame 1109 data ready
Dataset generated successfully at: /home/computer0/fly_project/fly_gsplat/ctrl_009/004/f1110
4 cameras loaded
Seed: [-0.00011256 -0.00412547 -0.00023409]  triangulation residual=0.148 mm
Sampled 10000 points in 2mm sphere
Surviving points (all 4 cameras): 1736
After outlier removal: 1668 points
Saved -> /home/computer0/fly_project/fly_gsplat/ctrl_009/004/f1110/init_points.ply
[prepare] frame 1110 data ready
Dataset generated successfully at: /home/computer0/fly_project/fly_gsplat/ctrl_009/004/f1111
4 cameras loaded
Seed: [-0.00015268 -0.00408657 -0.00024477]  triangulation residual=0.162 mm
Sampled 10000 points in 2mm sphere
Surviving points (all 4 cameras): 1842
After outlier removal: 1766 points
Saved -> /home/computer0/fly_project/fly_gsplat/ctrl_009/004/f1111/init_points.ply
[prepare] frame 1111 data ready
Dataset generated successfully at: /home/computer0/fly_project/fly_gsplat/ctrl_009/004/f1112
4 cameras loaded
Seed: [-0.00018933 -0.00404968 -0.0002513 ]  triangulation residual=0.169 mm
Sampled 10000 points in 2mm sphere
Surviving points (all 4 cameras): 1757
After outlier removal: 1685 points
Saved -> /home/computer0/fly_project/fly_gsplat/ctrl_009/004/f1112/init_points.ply
[prepare] frame 1112 data ready
Dataset generated successfully at: /home/computer0/fly_project/fly_gsplat/ctrl_009/004/f1113
4 cameras loaded
Seed: [-0.00021531 -0.00401676 -0.00027329]  triangulation residual=0.174 mm
Sampled 10000 points in 2mm sphere
Surviving points (all 4 cameras): 1807
After outlier removal: 1722 points
Saved -> /home/computer0/fly_project/fly_gsplat/ctrl_009/004/f1113/init_points.ply
[prepare] frame 1113 data ready
Dataset generated successfully at: /home/computer0/fly_project/fly_gsplat/ctrl_009/004/f1114
4 cameras loaded
Seed: [-0.00023733 -0.00398598 -0.0002931 ]  triangulation residual=0.176 mm
Sampled 10000 points in 2mm sphere
Surviving points (all 4 cameras): 1756
After outlier removal: 1683 points
Saved -> /home/computer0/fly_project/fly_gsplat/ctrl_009/004/f1114/init_points.ply
[prepare] frame 1114 data ready
Dataset generated successfully at: /home/computer0/fly_project/fly_gsplat/ctrl_009/004/f1115
4 cameras loaded
Seed: [-0.00025132 -0.00396257 -0.00031784]  triangulation residual=0.182 mm
Sampled 10000 points in 2mm sphere
Surviving points (all 4 cameras): 1789
After outlier removal: 1713 points
Saved -> /home/computer0/fly_project/fly_gsplat/ctrl_009/004/f1115/init_points.ply
[prepare] frame 1115 data ready
Dataset generated successfully at: /home/computer0/fly_project/fly_gsplat/ctrl_009/004/f1116
4 cameras loaded
Seed: [-0.00025422 -0.00394237 -0.00034232]  triangulation residual=0.183 mm
Sampled 10000 points in 2mm sphere
Surviving points (all 4 cameras): 1939
After outlier removal: 1858 points
Saved -> /home/computer0/fly_project/fly_gsplat/ctrl_009/004/f1116/init_points.ply
[prepare] frame 1116 data ready
Dataset generated successfully at: /home/computer0/fly_project/fly_gsplat/ctrl_009/004/f1117
4 cameras loaded
Seed: [-0.00025898 -0.00393134 -0.00037236]  triangulation residual=0.182 mm
Sampled 10000 points in 2mm sphere
Surviving points (all 4 cameras): 1949
After outlier removal: 1879 points
Saved -> /home/computer0/fly_project/fly_gsplat/ctrl_009/004/f1117/init_points.ply
[prepare] frame 1117 data ready
Dataset generated successfully at: /home/computer0/fly_project/fly_gsplat/ctrl_009/004/f1118
4 cameras loaded
Seed: [-0.00026076 -0.00392156 -0.00040469]  triangulation residual=0.171 mm
Sampled 10000 points in 2mm sphere
Surviving points (all 4 cameras): 2044
After outlier removal: 1952 points
Saved -> /home/computer0/fly_project/fly_gsplat/ctrl_009/004/f1118/init_points.ply
[prepare] frame 1118 data ready
Dataset generated successfully at: /home/computer0/fly_project/fly_gsplat/ctrl_009/004/f1119
4 cameras loaded
Seed: [-0.00025687 -0.00392342 -0.00043183]  triangulation residual=0.161 mm
Sampled 10000 points in 2mm sphere
Surviving points (all 4 cameras): 2004
After outlier removal: 1929 points
Saved -> /home/computer0/fly_project/fly_gsplat/ctrl_009/004/f1119/init_points.ply
[prepare] frame 1119 data ready
Dataset generated successfully at: /home/computer0/fly_project/fly_gsplat/ctrl_009/004/f1120
4 cameras loaded
Seed: [-0.00024404 -0.00392981 -0.00044527]  triangulation residual=0.146 mm
Sampled 10000 points in 2mm sphere
Surviving points (all 4 cameras): 2035
After outlier removal: 1939 points
Saved -> /home/computer0/fly_project/fly_gsplat/ctrl_009/004/f1120/init_points.ply
[prepare] frame 1120 data ready
Dataset generated successfully at: /home/computer0/fly_project/fly_gsplat/ctrl_009/004/f1121
4 cameras loaded
Seed: [-0.00021905 -0.00394575 -0.00044751]  triangulation residual=0.129 mm
Sampled 10000 points in 2mm sphere
Surviving points (all 4 cameras): 2015
After outlier removal: 1935 points
Saved -> /home/computer0/fly_project/fly_gsplat/ctrl_009/004/f1121/init_points.ply
[prepare] frame 1121 data ready
Dataset generated successfully at: /home/computer0/fly_project/fly_gsplat/ctrl_009/004/f1122
4 cameras loaded
Seed: [-0.00019369 -0.00396199 -0.00046935]  triangulation residual=0.106 mm
Sampled 10000 points in 2mm sphere
Surviving points (all 4 cameras): 2007
After outlier removal: 1924 points
Saved -> /home/computer0/fly_project/fly_gsplat/ctrl_009/004/f1122/init_points.ply
[prepare] frame 1122 data ready
Dataset generated successfully at: /home/computer0/fly_project/fly_gsplat/ctrl_009/004/f1123
4 cameras loaded
Seed: [-0.00016203 -0.00398499 -0.00048796]  triangulation residual=0.087 mm
Sampled 10000 points in 2mm sphere
Surviving points (all 4 cameras): 2057
After outlier removal: 1967 points
Saved -> /home/computer0/fly_project/fly_gsplat/ctrl_009/004/f1123/init_points.ply
[prepare] frame 1123 data ready
Dataset generated successfully at: /home/computer0/fly_project/fly_gsplat/ctrl_009/004/f1124
4 cameras loaded
Seed: [-0.00012541 -0.00401965 -0.0005032 ]  triangulation residual=0.080 mm
Sampled 10000 points in 2mm sphere
Surviving points (all 4 cameras): 1846
After outlier removal: 1779 points
Saved -> /home/computer0/fly_project/fly_gsplat/ctrl_009/004/f1124/init_points.ply
[prepare] frame 1124 data ready
Dataset generated successfully at: /home/computer0/fly_project/fly_gsplat/ctrl_009/004/f1125
4 cameras loaded
Seed: [-7.64426946e-05 -4.07059588e-03 -5.11718530e-04]  triangulation residual=0.103 mm
Sampled 10000 points in 2mm sphere
Surviving points (all 4 cameras): 1784
After outlier removal: 1714 points
Saved -> /home/computer0/fly_project/fly_gsplat/ctrl_009/004/f1125/init_points.ply
[prepare] frame 1125 data ready
Dataset generated successfully at: /home/computer0/fly_project/fly_gsplat/ctrl_009/004/f1126
4 cameras loaded
Seed: [-6.75925502e-05 -4.07107640e-03 -5.24002817e-04]  triangulation residual=0.087 mm
Sampled 10000 points in 2mm sphere
Surviving points (all 4 cameras): 1786
After outlier removal: 1704 points
Saved -> /home/computer0/fly_project/fly_gsplat/ctrl_009/004/f1126/init_points.ply
[prepare] frame 1126 data ready
Dataset generated successfully at: /home/computer0/fly_project/fly_gsplat/ctrl_009/004/f1127
4 cameras loaded
Seed: [-7.97735979e-05 -4.03772595e-03 -5.41072836e-04]  triangulation residual=0.057 mm
Sampled 10000 points in 2mm sphere
Surviving points (all 4 cameras): 1852
After outlier removal: 1785 points
Saved -> /home/computer0/fly_project/fly_gsplat/ctrl_009/004/f1127/init_points.ply
[prepare] frame 1127 data ready
Dataset generated successfully at: /home/computer0/fly_project/fly_gsplat/ctrl_009/004/f1128
4 cameras loaded
Seed: [-8.95169742e-05 -4.00523127e-03 -5.53263950e-04]  triangulation residual=0.055 mm
Sampled 10000 points in 2mm sphere
Surviving points (all 4 cameras): 1943
After outlier removal: 1860 points
Saved -> /home/computer0/fly_project/fly_gsplat/ctrl_009/004/f1128/init_points.ply
[prepare] frame 1128 data ready
Dataset generated successfully at: /home/computer0/fly_project/fly_gsplat/ctrl_009/004/f1129
4 cameras loaded
Seed: [-9.88817551e-05 -3.98283301e-03 -5.70912132e-04]  triangulation residual=0.085 mm
Sampled 10000 points in 2mm sphere
Surviving points (all 4 cameras): 1988
After outlier removal: 1903 points
Saved -> /home/computer0/fly_project/fly_gsplat/ctrl_009/004/f1129/init_points.ply
[prepare] frame 1129 data ready
Dataset generated successfully at: /home/computer0/fly_project/fly_gsplat/ctrl_009/004/f1130
4 cameras loaded
Seed: [-0.00010891 -0.00396393 -0.00058215]  triangulation residual=0.104 mm
Sampled 10000 points in 2mm sphere
Surviving points (all 4 cameras): 2004
After outlier removal: 1936 points
Saved -> /home/computer0/fly_project/fly_gsplat/ctrl_009/004/f1130/init_points.ply
[prepare] frame 1130 data ready
Dataset generated successfully at: /home/computer0/fly_project/fly_gsplat/ctrl_009/004/f1131
4 cameras loaded
Seed: [-0.00011697 -0.0039494  -0.00059049]  triangulation residual=0.126 mm
Sampled 10000 points in 2mm sphere
Surviving points (all 4 cameras): 2077
After outlier removal: 1988 points
Saved -> /home/computer0/fly_project/fly_gsplat/ctrl_009/004/f1131/init_points.ply
[prepare] frame 1131 data ready
Dataset generated successfully at: /home/computer0/fly_project/fly_gsplat/ctrl_009/004/f1132
4 cameras loaded
Seed: [-0.00012353 -0.00392981 -0.00059152]  triangulation residual=0.130 mm
Sampled 10000 points in 2mm sphere
Surviving points (all 4 cameras): 2185
After outlier removal: 2073 points
Saved -> /home/computer0/fly_project/fly_gsplat/ctrl_009/004/f1132/init_points.ply
[prepare] frame 1132 data ready
Dataset generated successfully at: /home/computer0/fly_project/fly_gsplat/ctrl_009/004/f1133
4 cameras loaded
Seed: [-0.00011776 -0.00392012 -0.00059074]  triangulation residual=0.127 mm
Sampled 10000 points in 2mm sphere
Surviving points (all 4 cameras): 2147
After outlier removal: 2058 points
Saved -> /home/computer0/fly_project/fly_gsplat/ctrl_009/004/f1133/init_points.ply
[prepare] frame 1133 data ready
Dataset generated successfully at: /home/computer0/fly_project/fly_gsplat/ctrl_009/004/f1134
4 cameras loaded
Seed: [-0.000101   -0.00391227 -0.00057622]  triangulation residual=0.115 mm
Sampled 10000 points in 2mm sphere
Surviving points (all 4 cameras): 2216
After outlier removal: 2125 points
Saved -> /home/computer0/fly_project/fly_gsplat/ctrl_009/004/f1134/init_points.ply
[prepare] frame 1134 data ready
Dataset generated successfully at: /home/computer0/fly_project/fly_gsplat/ctrl_009/004/f1135
4 cameras loaded
Seed: [-7.05204851e-05 -3.91915794e-03 -5.64367960e-04]  triangulation residual=0.113 mm
Sampled 10000 points in 2mm sphere
Surviving points (all 4 cameras): 2175
After outlier removal: 2089 points
Saved -> /home/computer0/fly_project/fly_gsplat/ctrl_009/004/f1135/init_points.ply
[prepare] frame 1135 data ready
Dataset generated successfully at: /home/computer0/fly_project/fly_gsplat/ctrl_009/004/f1136
4 cameras loaded
Seed: [-3.57655845e-05 -3.92976259e-03 -5.48269326e-04]  triangulation residual=0.117 mm
Sampled 10000 points in 2mm sphere
Surviving points (all 4 cameras): 2093
After outlier removal: 2004 points
Saved -> /home/computer0/fly_project/fly_gsplat/ctrl_009/004/f1136/init_points.ply
[prepare] frame 1136 data ready
Dataset generated successfully at: /home/computer0/fly_project/fly_gsplat/ctrl_009/004/f1137
4 cameras loaded
Seed: [-8.39697577e-06 -3.93838588e-03 -5.31668333e-04]  triangulation residual=0.117 mm
Sampled 10000 points in 2mm sphere
Surviving points (all 4 cameras): 2079
After outlier removal: 1975 points
Saved -> /home/computer0/fly_project/fly_gsplat/ctrl_009/004/f1137/init_points.ply
[prepare] frame 1137 data ready
Dataset generated successfully at: /home/computer0/fly_project/fly_gsplat/ctrl_009/004/f1138
4 cameras loaded
Seed: [ 1.18619437e-05 -3.95385214e-03 -5.11675840e-04]  triangulation residual=0.123 mm
Sampled 10000 points in 2mm sphere
Surviving points (all 4 cameras): 2142
After outlier removal: 2041 points
Saved -> /home/computer0/fly_project/fly_gsplat/ctrl_009/004/f1138/init_points.ply
[prepare] frame 1138 data ready
Dataset generated successfully at: /home/computer0/fly_project/fly_gsplat/ctrl_009/004/f1139
4 cameras loaded
Seed: [ 2.72602479e-05 -3.97830759e-03 -4.98412908e-04]  triangulation residual=0.125 mm
Sampled 10000 points in 2mm sphere
Surviving points (all 4 cameras): 2001
After outlier removal: 1914 points
Saved -> /home/computer0/fly_project/fly_gsplat/ctrl_009/004/f1139/init_points.ply
[prepare] frame 1139 data ready
Dataset generated successfully at: /home/computer0/fly_project/fly_gsplat/ctrl_009/004/f1140
4 cameras loaded
Seed: [ 4.59172529e-05 -4.00359224e-03 -4.86142877e-04]  triangulation residual=0.126 mm
Sampled 10000 points in 2mm sphere
Surviving points (all 4 cameras): 2039
After outlier removal: 1958 points
Saved -> /home/computer0/fly_project/fly_gsplat/ctrl_009/004/f1140/init_points.ply
[prepare] frame 1140 data ready
Dataset generated successfully at: /home/computer0/fly_project/fly_gsplat/ctrl_009/004/f1141
4 cameras loaded
Seed: [ 6.74345654e-05 -4.03404658e-03 -4.72445656e-04]  triangulation residual=0.134 mm
Sampled 10000 points in 2mm sphere
Surviving points (all 4 cameras): 1978
After outlier removal: 1880 points
Saved -> /home/computer0/fly_project/fly_gsplat/ctrl_009/004/f1141/init_points.ply
[prepare] frame 1141 data ready
Dataset generated successfully at: /home/computer0/fly_project/fly_gsplat/ctrl_009/004/f1142
4 cameras loaded
Seed: [ 9.19488255e-05 -4.07408613e-03 -4.62358930e-04]  triangulation residual=0.141 mm
Sampled 10000 points in 2mm sphere
Surviving points (all 4 cameras): 1972
After outlier removal: 1893 points
Saved -> /home/computer0/fly_project/fly_gsplat/ctrl_009/004/f1142/init_points.ply
[prepare] frame 1142 data ready
Dataset generated successfully at: /home/computer0/fly_project/fly_gsplat/ctrl_009/004/f1143
4 cameras loaded
Seed: [ 0.00011464 -0.00411411 -0.00045388]  triangulation residual=0.143 mm
Sampled 10000 points in 2mm sphere
Surviving points (all 4 cameras): 1942
After outlier removal: 1867 points
Saved -> /home/computer0/fly_project/fly_gsplat/ctrl_009/004/f1143/init_points.ply
[prepare] frame 1143 data ready
Dataset generated successfully at: /home/computer0/fly_project/fly_gsplat/ctrl_009/004/f1144
4 cameras loaded
Seed: [ 0.00013518 -0.00415972 -0.00043923]  triangulation residual=0.134 mm
Sampled 10000 points in 2mm sphere
Surviving points (all 4 cameras): 1871
After outlier removal: 1789 points
Saved -> /home/computer0/fly_project/fly_gsplat/ctrl_009/004/f1144/init_points.ply
[prepare] frame 1144 data ready
Dataset generated successfully at: /home/computer0/fly_project/fly_gsplat/ctrl_009/004/f1145
4 cameras loaded
Seed: [ 0.00015874 -0.00421099 -0.00043723]  triangulation residual=0.129 mm
Sampled 10000 points in 2mm sphere
Surviving points (all 4 cameras): 1898
After outlier removal: 1814 points
Saved -> /home/computer0/fly_project/fly_gsplat/ctrl_009/004/f1145/init_points.ply
[prepare] frame 1145 data ready
Dataset generated successfully at: /home/computer0/fly_project/fly_gsplat/ctrl_009/004/f1146
4 cameras loaded
Seed: [ 0.00019062 -0.00426802 -0.00043534]  triangulation residual=0.127 mm
Sampled 10000 points in 2mm sphere
Surviving points (all 4 cameras): 1825
After outlier removal: 1743 points
Saved -> /home/computer0/fly_project/fly_gsplat/ctrl_009/004/f1146/init_points.ply
[prepare] frame 1146 data ready
Dataset generated successfully at: /home/computer0/fly_project/fly_gsplat/ctrl_009/004/f1147
4 cameras loaded
Seed: [ 0.00022139 -0.00433102 -0.00042542]  triangulation residual=0.120 mm
Sampled 10000 points in 2mm sphere
Surviving points (all 4 cameras): 1854
After outlier removal: 1782 points
Saved -> /home/computer0/fly_project/fly_gsplat/ctrl_009/004/f1147/init_points.ply
[prepare] frame 1147 data ready
Dataset generated successfully at: /home/computer0/fly_project/fly_gsplat/ctrl_009/004/f1148
4 cameras loaded
Seed: [ 0.00025339 -0.00439383 -0.00041628]  triangulation residual=0.114 mm
Sampled 10000 points in 2mm sphere
Surviving points (all 4 cameras): 1666
After outlier removal: 1597 points
Saved -> /home/computer0/fly_project/fly_gsplat/ctrl_009/004/f1148/init_points.ply
[prepare] frame 1148 data ready
Dataset generated successfully at: /home/computer0/fly_project/fly_gsplat/ctrl_009/004/f1149
4 cameras loaded
Seed: [ 0.00028504 -0.00445388 -0.00040517]  triangulation residual=0.101 mm
Sampled 10000 points in 2mm sphere
Surviving points (all 4 cameras): 1772
After outlier removal: 1704 points
Saved -> /home/computer0/fly_project/fly_gsplat/ctrl_009/004/f1149/init_points.ply
[prepare] frame 1149 data ready
Dataset generated successfully at: /home/computer0/fly_project/fly_gsplat/ctrl_009/004/f1150
4 cameras loaded
Seed: [ 0.00031871 -0.00450662 -0.00039743]  triangulation residual=0.081 mm
Sampled 10000 points in 2mm sphere
Surviving points (all 4 cameras): 1747
After outlier removal: 1671 points
Saved -> /home/computer0/fly_project/fly_gsplat/ctrl_009/004/f1150/init_points.ply
[prepare] frame 1150 data ready
Dataset generated successfully at: /home/computer0/fly_project/fly_gsplat/ctrl_009/004/f1151
4 cameras loaded
Seed: [ 0.00035968 -0.00455757 -0.00039548]  triangulation residual=0.056 mm
Sampled 10000 points in 2mm sphere
Surviving points (all 4 cameras): 1773
After outlier removal: 1707 points
Saved -> /home/computer0/fly_project/fly_gsplat/ctrl_009/004/f1151/init_points.ply
[prepare] frame 1151 data ready
Dataset generated successfully at: /home/computer0/fly_project/fly_gsplat/ctrl_009/004/f1152
4 cameras loaded
Seed: [ 0.00040435 -0.00460391 -0.00039851]  triangulation residual=0.036 mm
Sampled 10000 points in 2mm sphere
Surviving points (all 4 cameras): 1770
After outlier removal: 1692 points
Saved -> /home/computer0/fly_project/fly_gsplat/ctrl_009/004/f1152/init_points.ply
[prepare] frame 1152 data ready
Dataset generated successfully at: /home/computer0/fly_project/fly_gsplat/ctrl_009/004/f1153
4 cameras loaded
Seed: [ 0.00044337 -0.00464641 -0.00040344]  triangulation residual=0.029 mm
Sampled 10000 points in 2mm sphere
Surviving points (all 4 cameras): 1765
After outlier removal: 1704 points
Saved -> /home/computer0/fly_project/fly_gsplat/ctrl_009/004/f1153/init_points.ply
[prepare] frame 1153 data ready
Dataset generated successfully at: /home/computer0/fly_project/fly_gsplat/ctrl_009/004/f1154
4 cameras loaded
Seed: [ 0.0004842  -0.00468512 -0.0004042 ]  triangulation residual=0.051 mm
Sampled 10000 points in 2mm sphere
Surviving points (all 4 cameras): 1850
After outlier removal: 1775 points
Saved -> /home/computer0/fly_project/fly_gsplat/ctrl_009/004/f1154/init_points.ply
[prepare] frame 1154 data ready
Dataset generated successfully at: /home/computer0/fly_project/fly_gsplat/ctrl_009/004/f1155
4 cameras loaded
Seed: [ 0.00052216 -0.00472319 -0.0004055 ]  triangulation residual=0.072 mm
Sampled 10000 points in 2mm sphere
Surviving points (all 4 cameras): 1820
After outlier removal: 1738 points
Saved -> /home/computer0/fly_project/fly_gsplat/ctrl_009/004/f1155/init_points.ply
[prepare] frame 1155 data ready
Dataset generated successfully at: /home/computer0/fly_project/fly_gsplat/ctrl_009/004/f1156
4 cameras loaded
Seed: [ 0.00056038 -0.0047551  -0.00040937]  triangulation residual=0.097 mm
Sampled 10000 points in 2mm sphere
Surviving points (all 4 cameras): 1910
After outlier removal: 1837 points
Saved -> /home/computer0/fly_project/fly_gsplat/ctrl_009/004/f1156/init_points.ply
[prepare] frame 1156 data ready
Dataset generated successfully at: /home/computer0/fly_project/fly_gsplat/ctrl_009/004/f1157
4 cameras loaded
Seed: [ 0.00058866 -0.00478874 -0.00042297]  triangulation residual=0.109 mm
Sampled 10000 points in 2mm sphere
Surviving points (all 4 cameras): 1816
After outlier removal: 1737 points
Saved -> /home/computer0/fly_project/fly_gsplat/ctrl_009/004/f1157/init_points.ply
[prepare] frame 1157 data ready
Dataset generated successfully at: /home/computer0/fly_project/fly_gsplat/ctrl_009/004/f1158
4 cameras loaded
Seed: [ 0.00061433 -0.00482428 -0.00044043]  triangulation residual=0.112 mm
Sampled 10000 points in 2mm sphere
Surviving points (all 4 cameras): 1884
After outlier removal: 1821 points
Saved -> /home/computer0/fly_project/fly_gsplat/ctrl_009/004/f1158/init_points.ply
[prepare] frame 1158 data ready
Dataset generated successfully at: /home/computer0/fly_project/fly_gsplat/ctrl_009/004/f1159
4 cameras loaded
Seed: [ 0.00063549 -0.00485714 -0.00046084]  triangulation residual=0.114 mm
Sampled 10000 points in 2mm sphere
Surviving points (all 4 cameras): 1953
After outlier removal: 1868 points
Saved -> /home/computer0/fly_project/fly_gsplat/ctrl_009/004/f1159/init_points.ply
[prepare] frame 1159 data ready
Dataset generated successfully at: /home/computer0/fly_project/fly_gsplat/ctrl_009/004/f1160
4 cameras loaded
Seed: [ 0.00065368 -0.00488316 -0.00047886]  triangulation residual=0.113 mm
Sampled 10000 points in 2mm sphere
Surviving points (all 4 cameras): 1873
After outlier removal: 1784 points
Saved -> /home/computer0/fly_project/fly_gsplat/ctrl_009/004/f1160/init_points.ply
[prepare] frame 1160 data ready
Dataset generated successfully at: /home/computer0/fly_project/fly_gsplat/ctrl_009/004/f1161
4 cameras loaded
Seed: [ 0.00067013 -0.0049048  -0.00050365]  triangulation residual=0.117 mm
Sampled 10000 points in 2mm sphere
Surviving points (all 4 cameras): 1952
After outlier removal: 1872 points
Saved -> /home/computer0/fly_project/fly_gsplat/ctrl_009/004/f1161/init_points.ply
[prepare] frame 1161 data ready
Dataset generated successfully at: /home/computer0/fly_project/fly_gsplat/ctrl_009/004/f1162
4 cameras loaded
Seed: [ 0.00067916 -0.00492276 -0.0005187 ]  triangulation residual=0.122 mm
Sampled 10000 points in 2mm sphere
Surviving points (all 4 cameras): 1893
After outlier removal: 1811 points
Saved -> /home/computer0/fly_project/fly_gsplat/ctrl_009/004/f1162/init_points.ply
[prepare] frame 1162 data ready
Dataset generated successfully at: /home/computer0/fly_project/fly_gsplat/ctrl_009/004/f1163
4 cameras loaded
Seed: [ 0.00068216 -0.00493701 -0.00053439]  triangulation residual=0.125 mm
Sampled 10000 points in 2mm sphere
Surviving points (all 4 cameras): 1902
After outlier removal: 1822 points
Saved -> /home/computer0/fly_project/fly_gsplat/ctrl_009/004/f1163/init_points.ply
[prepare] frame 1163 data ready
Dataset generated successfully at: /home/computer0/fly_project/fly_gsplat/ctrl_009/004/f1164
4 cameras loaded
Seed: [ 0.00068129 -0.00493721 -0.00054517]  triangulation residual=0.134 mm
Sampled 10000 points in 2mm sphere
Surviving points (all 4 cameras): 1904
After outlier removal: 1831 points
Saved -> /home/computer0/fly_project/fly_gsplat/ctrl_009/004/f1164/init_points.ply
[prepare] frame 1164 data ready
Dataset generated successfully at: /home/computer0/fly_project/fly_gsplat/ctrl_009/004/f1165
4 cameras loaded
Seed: [ 0.0006778  -0.00493851 -0.00055518]  triangulation residual=0.154 mm
Sampled 10000 points in 2mm sphere
Surviving points (all 4 cameras): 1825
After outlier removal: 1745 points
Saved -> /home/computer0/fly_project/fly_gsplat/ctrl_009/004/f1165/init_points.ply
[prepare] frame 1165 data ready
Dataset generated successfully at: /home/computer0/fly_project/fly_gsplat/ctrl_009/004/f1166
4 cameras loaded
Seed: [ 0.00067666 -0.00492332 -0.00056341]  triangulation residual=0.177 mm
Sampled 10000 points in 2mm sphere
Surviving points (all 4 cameras): 1800
After outlier removal: 1716 points
Saved -> /home/computer0/fly_project/fly_gsplat/ctrl_009/004/f1166/init_points.ply
[prepare] frame 1166 data ready
Dataset generated successfully at: /home/computer0/fly_project/fly_gsplat/ctrl_009/004/f1167
4 cameras loaded
Seed: [ 0.00071575 -0.00491793 -0.0005811 ]  triangulation residual=0.163 mm
Sampled 10000 points in 2mm sphere
Surviving points (all 4 cameras): 1831
After outlier removal: 1750 points
Saved -> /home/computer0/fly_project/fly_gsplat/ctrl_009/004/f1167/init_points.ply
[prepare] frame 1167 data ready
Dataset generated successfully at: /home/computer0/fly_project/fly_gsplat/ctrl_009/004/f1168
4 cameras loaded
Seed: [ 0.00074601 -0.00492434 -0.00060514]  triangulation residual=0.140 mm
Sampled 10000 points in 2mm sphere
Surviving points (all 4 cameras): 1908
After outlier removal: 1822 points
Saved -> /home/computer0/fly_project/fly_gsplat/ctrl_009/004/f1168/init_points.ply
[prepare] frame 1168 data ready
Dataset generated successfully at: /home/computer0/fly_project/fly_gsplat/ctrl_009/004/f1169
4 cameras loaded
Seed: [ 0.00077813 -0.00492591 -0.00061713]  triangulation residual=0.128 mm
Sampled 10000 points in 2mm sphere
Surviving points (all 4 cameras): 1919
After outlier removal: 1841 points
Saved -> /home/computer0/fly_project/fly_gsplat/ctrl_009/004/f1169/init_points.ply
[prepare] frame 1169 data ready
Dataset generated successfully at: /home/computer0/fly_project/fly_gsplat/ctrl_009/004/f1170
4 cameras loaded
Seed: [ 0.00080308 -0.00492212 -0.00062442]  triangulation residual=0.129 mm
Sampled 10000 points in 2mm sphere
Surviving points (all 4 cameras): 1972
After outlier removal: 1894 points
Saved -> /home/computer0/fly_project/fly_gsplat/ctrl_009/004/f1170/init_points.ply
[prepare] frame 1170 data ready
Dataset generated successfully at: /home/computer0/fly_project/fly_gsplat/ctrl_009/004/f1171
4 cameras loaded
Seed: [ 0.00081811 -0.00493325 -0.00063543]  triangulation residual=0.124 mm
Sampled 10000 points in 2mm sphere
Surviving points (all 4 cameras): 1882
After outlier removal: 1799 points
Saved -> /home/computer0/fly_project/fly_gsplat/ctrl_009/004/f1171/init_points.ply
[prepare] frame 1171 data ready
Dataset generated successfully at: /home/computer0/fly_project/fly_gsplat/ctrl_009/004/f1172
4 cameras loaded
Seed: [ 0.00082064 -0.00495007 -0.00064009]  triangulation residual=0.112 mm
Sampled 10000 points in 2mm sphere
Surviving points (all 4 cameras): 1971
After outlier removal: 1898 points
Saved -> /home/computer0/fly_project/fly_gsplat/ctrl_009/004/f1172/init_points.ply
[prepare] frame 1172 data ready
Dataset generated successfully at: /home/computer0/fly_project/fly_gsplat/ctrl_009/004/f1173
4 cameras loaded
Seed: [ 0.00081454 -0.0049635  -0.00063105]  triangulation residual=0.101 mm
Sampled 10000 points in 2mm sphere
Surviving points (all 4 cameras): 1960
After outlier removal: 1886 points
Saved -> /home/computer0/fly_project/fly_gsplat/ctrl_009/004/f1173/init_points.ply
[prepare] frame 1173 data ready
Dataset generated successfully at: /home/computer0/fly_project/fly_gsplat/ctrl_009/004/f1174
4 cameras loaded
Seed: [ 0.00080628 -0.0049754  -0.00060729]  triangulation residual=0.087 mm
Sampled 10000 points in 2mm sphere
Surviving points (all 4 cameras): 2028
After outlier removal: 1933 points
Saved -> /home/computer0/fly_project/fly_gsplat/ctrl_009/004/f1174/init_points.ply
[prepare] frame 1174 data ready
Dataset generated successfully at: /home/computer0/fly_project/fly_gsplat/ctrl_009/004/f1175
4 cameras loaded
Seed: [ 0.00079766 -0.00497897 -0.00056377]  triangulation residual=0.075 mm
Sampled 10000 points in 2mm sphere
Surviving points (all 4 cameras): 2049
After outlier removal: 1959 points
Saved -> /home/computer0/fly_project/fly_gsplat/ctrl_009/004/f1175/init_points.ply
[prepare] frame 1175 data ready
Dataset generated successfully at: /home/computer0/fly_project/fly_gsplat/ctrl_009/004/f1176
4 cameras loaded
Seed: [ 0.00077981 -0.00497011 -0.00051562]  triangulation residual=0.066 mm
Sampled 10000 points in 2mm sphere
Surviving points (all 4 cameras): 2042
After outlier removal: 1961 points
Saved -> /home/computer0/fly_project/fly_gsplat/ctrl_009/004/f1176/init_points.ply
[prepare] frame 1176 data ready
Dataset generated successfully at: /home/computer0/fly_project/fly_gsplat/ctrl_009/004/f1177
4 cameras loaded
Seed: [ 0.00076622 -0.00495294 -0.00046291]  triangulation residual=0.060 mm
Sampled 10000 points in 2mm sphere
Surviving points (all 4 cameras): 2016
After outlier removal: 1920 points
Saved -> /home/computer0/fly_project/fly_gsplat/ctrl_009/004/f1177/init_points.ply
[prepare] frame 1177 data ready
Dataset generated successfully at: /home/computer0/fly_project/fly_gsplat/ctrl_009/004/f1178
4 cameras loaded
Seed: [ 0.00074434 -0.00491252 -0.00040579]  triangulation residual=0.057 mm
Sampled 10000 points in 2mm sphere
Surviving points (all 4 cameras): 2070
After outlier removal: 1994 points
Saved -> /home/computer0/fly_project/fly_gsplat/ctrl_009/004/f1178/init_points.ply
[prepare] frame 1178 data ready
Dataset generated successfully at: /home/computer0/fly_project/fly_gsplat/ctrl_009/004/f1179
4 cameras loaded
Seed: [ 0.00071554 -0.00486535 -0.00035914]  triangulation residual=0.052 mm
Sampled 10000 points in 2mm sphere
Surviving points (all 4 cameras): 2000
After outlier removal: 1916 points
Saved -> /home/computer0/fly_project/fly_gsplat/ctrl_009/004/f1179/init_points.ply
[prepare] frame 1179 data ready
Dataset generated successfully at: /home/computer0/fly_project/fly_gsplat/ctrl_009/004/f1180
4 cameras loaded
Seed: [ 0.00066839 -0.00480687 -0.00031576]  triangulation residual=0.046 mm
Sampled 10000 points in 2mm sphere
Surviving points (all 4 cameras): 1899
After outlier removal: 1818 points
Saved -> /home/computer0/fly_project/fly_gsplat/ctrl_009/004/f1180/init_points.ply
[prepare] frame 1180 data ready
Dataset generated successfully at: /home/computer0/fly_project/fly_gsplat/ctrl_009/004/f1181
4 cameras loaded
Seed: [ 0.00061205 -0.00476057 -0.00028859]  triangulation residual=0.029 mm
Sampled 10000 points in 2mm sphere
Surviving points (all 4 cameras): 1731
After outlier removal: 1653 points
Saved -> /home/computer0/fly_project/fly_gsplat/ctrl_009/004/f1181/init_points.ply
[prepare] frame 1181 data ready
Dataset generated successfully at: /home/computer0/fly_project/fly_gsplat/ctrl_009/004/f1182
4 cameras loaded
Seed: [ 0.00056132 -0.00471099 -0.00027792]  triangulation residual=0.032 mm
Sampled 10000 points in 2mm sphere
Surviving points (all 4 cameras): 1733
After outlier removal: 1658 points
Saved -> /home/computer0/fly_project/fly_gsplat/ctrl_009/004/f1182/init_points.ply
[prepare] frame 1182 data ready
Dataset generated successfully at: /home/computer0/fly_project/fly_gsplat/ctrl_009/004/f1183
4 cameras loaded
Seed: [ 0.00050865 -0.00466328 -0.00027545]  triangulation residual=0.051 mm
Sampled 10000 points in 2mm sphere
Surviving points (all 4 cameras): 1678
After outlier removal: 1593 points
Saved -> /home/computer0/fly_project/fly_gsplat/ctrl_009/004/f1183/init_points.ply
[prepare] frame 1183 data ready
Dataset generated successfully at: /home/computer0/fly_project/fly_gsplat/ctrl_009/004/f1184
4 cameras loaded
Seed: [ 0.00046489 -0.00461357 -0.00027291]  triangulation residual=0.084 mm
Sampled 10000 points in 2mm sphere
Surviving points (all 4 cameras): 1774
After outlier removal: 1700 points
Saved -> /home/computer0/fly_project/fly_gsplat/ctrl_009/004/f1184/init_points.ply
[prepare] frame 1184 data ready
Dataset generated successfully at: /home/computer0/fly_project/fly_gsplat/ctrl_009/004/f1185
4 cameras loaded
Seed: [ 0.00042222 -0.00455988 -0.00027112]  triangulation residual=0.115 mm
Sampled 10000 points in 2mm sphere
Surviving points (all 4 cameras): 1799
After outlier removal: 1711 points
Saved -> /home/computer0/fly_project/fly_gsplat/ctrl_009/004/f1185/init_points.ply
[prepare] frame 1185 data ready
Dataset generated successfully at: /home/computer0/fly_project/fly_gsplat/ctrl_009/004/f1186
4 cameras loaded
Seed: [ 0.00038323 -0.00450788 -0.00027791]  triangulation residual=0.136 mm
Sampled 10000 points in 2mm sphere
Surviving points (all 4 cameras): 1653
After outlier removal: 1585 points
Saved -> /home/computer0/fly_project/fly_gsplat/ctrl_009/004/f1186/init_points.ply
[prepare] frame 1186 data ready
Dataset generated successfully at: /home/computer0/fly_project/fly_gsplat/ctrl_009/004/f1187
4 cameras loaded
Seed: [ 0.0003407  -0.00447409 -0.00028561]  triangulation residual=0.148 mm
Sampled 10000 points in 2mm sphere
Surviving points (all 4 cameras): 1788
After outlier removal: 1720 points
Saved -> /home/computer0/fly_project/fly_gsplat/ctrl_009/004/f1187/init_points.ply
[prepare] frame 1187 data ready
Dataset generated successfully at: /home/computer0/fly_project/fly_gsplat/ctrl_009/004/f1188
4 cameras loaded
Seed: [ 0.0002996  -0.00443171 -0.00029715]  triangulation residual=0.160 mm
Sampled 10000 points in 2mm sphere
Surviving points (all 4 cameras): 1767
After outlier removal: 1690 points
Saved -> /home/computer0/fly_project/fly_gsplat/ctrl_009/004/f1188/init_points.ply
[prepare] frame 1188 data ready
Dataset generated successfully at: /home/computer0/fly_project/fly_gsplat/ctrl_009/004/f1189
4 cameras loaded
Seed: [ 0.00026095 -0.0043949  -0.00030953]  triangulation residual=0.166 mm
Sampled 10000 points in 2mm sphere
Surviving points (all 4 cameras): 1743
After outlier removal: 1668 points
Saved -> /home/computer0/fly_project/fly_gsplat/ctrl_009/004/f1189/init_points.ply
[prepare] frame 1189 data ready
Dataset generated successfully at: /home/computer0/fly_project/fly_gsplat/ctrl_009/004/f1190
4 cameras loaded
Seed: [ 0.00023484 -0.00436361 -0.00032654]  triangulation residual=0.171 mm
Sampled 10000 points in 2mm sphere
Surviving points (all 4 cameras): 1852
After outlier removal: 1783 points
Saved -> /home/computer0/fly_project/fly_gsplat/ctrl_009/004/f1190/init_points.ply
[prepare] frame 1190 data ready
Dataset generated successfully at: /home/computer0/fly_project/fly_gsplat/ctrl_009/004/f1191
4 cameras loaded
Seed: [ 0.00021314 -0.00433891 -0.00034254]  triangulation residual=0.176 mm
Sampled 10000 points in 2mm sphere
Surviving points (all 4 cameras): 1856
After outlier removal: 1778 points
Saved -> /home/computer0/fly_project/fly_gsplat/ctrl_009/004/f1191/init_points.ply
[prepare] frame 1191 data ready
Dataset generated successfully at: /home/computer0/fly_project/fly_gsplat/ctrl_009/004/f1192
4 cameras loaded
Seed: [ 0.00019935 -0.00431179 -0.00036621]  triangulation residual=0.179 mm
Sampled 10000 points in 2mm sphere
Surviving points (all 4 cameras): 1853
After outlier removal: 1777 points
Saved -> /home/computer0/fly_project/fly_gsplat/ctrl_009/004/f1192/init_points.ply
[prepare] frame 1192 data ready
Dataset generated successfully at: /home/computer0/fly_project/fly_gsplat/ctrl_009/004/f1193
4 cameras loaded
Seed: [ 0.00019398 -0.00429764 -0.00039254]  triangulation residual=0.182 mm
Sampled 10000 points in 2mm sphere
Surviving points (all 4 cameras): 1837
After outlier removal: 1766 points
Saved -> /home/computer0/fly_project/fly_gsplat/ctrl_009/004/f1193/init_points.ply
[prepare] frame 1193 data ready
Dataset generated successfully at: /home/computer0/fly_project/fly_gsplat/ctrl_009/004/f1194
4 cameras loaded
Seed: [ 0.00018726 -0.00428105 -0.00042134]  triangulation residual=0.174 mm
Sampled 10000 points in 2mm sphere
Surviving points (all 4 cameras): 1918
After outlier removal: 1840 points
Saved -> /home/computer0/fly_project/fly_gsplat/ctrl_009/004/f1194/init_points.ply
[prepare] frame 1194 data ready
Dataset generated successfully at: /home/computer0/fly_project/fly_gsplat/ctrl_009/004/f1195
4 cameras loaded
Seed: [ 0.0001833  -0.00427536 -0.00045112]  triangulation residual=0.166 mm
Sampled 10000 points in 2mm sphere
Surviving points (all 4 cameras): 1977
After outlier removal: 1887 points
Saved -> /home/computer0/fly_project/fly_gsplat/ctrl_009/004/f1195/init_points.ply
[prepare] frame 1195 data ready
Dataset generated successfully at: /home/computer0/fly_project/fly_gsplat/ctrl_009/004/f1196
4 cameras loaded
Seed: [ 0.00019064 -0.00427548 -0.00047594]  triangulation residual=0.154 mm
Sampled 10000 points in 2mm sphere
Surviving points (all 4 cameras): 1986
After outlier removal: 1903 points
Saved -> /home/computer0/fly_project/fly_gsplat/ctrl_009/004/f1196/init_points.ply
[prepare] frame 1196 data ready
Dataset generated successfully at: /home/computer0/fly_project/fly_gsplat/ctrl_009/004/f1197
4 cameras loaded
Seed: [ 0.00020585 -0.00428235 -0.0004934 ]  triangulation residual=0.142 mm
Sampled 10000 points in 2mm sphere
Surviving points (all 4 cameras): 2007
After outlier removal: 1924 points
Saved -> /home/computer0/fly_project/fly_gsplat/ctrl_009/004/f1197/init_points.ply
[prepare] frame 1197 data ready
Dataset generated successfully at: /home/computer0/fly_project/fly_gsplat/ctrl_009/004/f1198
4 cameras loaded
Seed: [ 0.00022895 -0.00429643 -0.00050334]  triangulation residual=0.118 mm
Sampled 10000 points in 2mm sphere
Surviving points (all 4 cameras): 1890
After outlier removal: 1803 points
Saved -> /home/computer0/fly_project/fly_gsplat/ctrl_009/004/f1198/init_points.ply
[prepare] frame 1198 data ready
Dataset generated successfully at: /home/computer0/fly_project/fly_gsplat/ctrl_009/004/f1199
4 cameras loaded
Seed: [ 0.00025517 -0.00431187 -0.00053062]  triangulation residual=0.101 mm
Sampled 10000 points in 2mm sphere
Surviving points (all 4 cameras): 1978
After outlier removal: 1890 points
Saved -> /home/computer0/fly_project/fly_gsplat/ctrl_009/004/f1199/init_points.ply
[prepare] frame 1199 data ready
Dataset generated successfully at: /home/computer0/fly_project/fly_gsplat/ctrl_009/004/f1200
4 cameras loaded
Seed: [ 0.00028537 -0.00433492 -0.00055004]  triangulation residual=0.087 mm
Sampled 10000 points in 2mm sphere
Surviving points (all 4 cameras): 1949
After outlier removal: 1868 points
Saved -> /home/computer0/fly_project/fly_gsplat/ctrl_009/004/f1200/init_points.ply
[prepare] frame 1200 data ready
Dataset generated successfully at: /home/computer0/fly_project/fly_gsplat/ctrl_009/004/f1201
4 cameras loaded
Seed: [ 0.00032421 -0.004372   -0.00056153]  triangulation residual=0.094 mm
Sampled 10000 points in 2mm sphere
Surviving points (all 4 cameras): 1891
After outlier removal: 1823 points
Saved -> /home/computer0/fly_project/fly_gsplat/ctrl_009/004/f1201/init_points.ply
[prepare] frame 1201 data ready
Dataset generated successfully at: /home/computer0/fly_project/fly_gsplat/ctrl_009/004/f1202
4 cameras loaded
Seed: [ 0.00036987 -0.00441611 -0.00057699]  triangulation residual=0.113 mm
Sampled 10000 points in 2mm sphere
Surviving points (all 4 cameras): 1791
After outlier removal: 1722 points
Saved -> /home/computer0/fly_project/fly_gsplat/ctrl_009/004/f1202/init_points.ply
[prepare] frame 1202 data ready
Dataset generated successfully at: /home/computer0/fly_project/fly_gsplat/ctrl_009/004/f1203
4 cameras loaded
Seed: [ 0.00037154 -0.00440548 -0.00059204]  triangulation residual=0.091 mm
Sampled 10000 points in 2mm sphere
Surviving points (all 4 cameras): 1799
After outlier removal: 1715 points
Saved -> /home/computer0/fly_project/fly_gsplat/ctrl_009/004/f1203/init_points.ply
[prepare] frame 1203 data ready
Dataset generated successfully at: /home/computer0/fly_project/fly_gsplat/ctrl_009/004/f1204
4 cameras loaded
Seed: [ 0.00036231 -0.00437409 -0.0006045 ]  triangulation residual=0.056 mm
Sampled 10000 points in 2mm sphere
Surviving points (all 4 cameras): 1931
After outlier removal: 1859 points
Saved -> /home/computer0/fly_project/fly_gsplat/ctrl_009/004/f1204/init_points.ply
[prepare] frame 1204 data ready
Dataset generated successfully at: /home/computer0/fly_project/fly_gsplat/ctrl_009/004/f1205
4 cameras loaded
Seed: [ 0.00035881 -0.00435055 -0.0006148 ]  triangulation residual=0.051 mm
Sampled 10000 points in 2mm sphere
Surviving points (all 4 cameras): 2020
After outlier removal: 1925 points
Saved -> /home/computer0/fly_project/fly_gsplat/ctrl_009/004/f1205/init_points.ply
[prepare] frame 1205 data ready
Dataset generated successfully at: /home/computer0/fly_project/fly_gsplat/ctrl_009/004/f1206
4 cameras loaded
Seed: [ 0.00034502 -0.00431982 -0.00063276]  triangulation residual=0.081 mm
Sampled 10000 points in 2mm sphere
Surviving points (all 4 cameras): 2016
After outlier removal: 1929 points
Saved -> /home/computer0/fly_project/fly_gsplat/ctrl_009/004/f1206/init_points.ply
[prepare] frame 1206 data ready
Dataset generated successfully at: /home/computer0/fly_project/fly_gsplat/ctrl_009/004/f1207
4 cameras loaded
Seed: [ 0.0003383  -0.00430813 -0.00064676]  triangulation residual=0.106 mm
Sampled 10000 points in 2mm sphere
Surviving points (all 4 cameras): 2180
After outlier removal: 2102 points
Saved -> /home/computer0/fly_project/fly_gsplat/ctrl_009/004/f1207/init_points.ply
[prepare] frame 1207 data ready
Dataset generated successfully at: /home/computer0/fly_project/fly_gsplat/ctrl_009/004/f1208
4 cameras loaded
Seed: [ 0.00032803 -0.0042933  -0.00065173]  triangulation residual=0.122 mm
Sampled 10000 points in 2mm sphere
Surviving points (all 4 cameras): 2137
After outlier removal: 2047 points
Saved -> /home/computer0/fly_project/fly_gsplat/ctrl_009/004/f1208/init_points.ply
[prepare] frame 1208 data ready
Dataset generated successfully at: /home/computer0/fly_project/fly_gsplat/ctrl_009/004/f1209
4 cameras loaded
Seed: [ 0.00032339 -0.00427494 -0.00065634]  triangulation residual=0.127 mm
Sampled 10000 points in 2mm sphere
Surviving points (all 4 cameras): 2197
After outlier removal: 2098 points
Saved -> /home/computer0/fly_project/fly_gsplat/ctrl_009/004/f1209/init_points.ply
[prepare] frame 1209 data ready
Dataset generated successfully at: /home/computer0/fly_project/fly_gsplat/ctrl_009/004/f1210
4 cameras loaded
Seed: [ 0.00033107 -0.004261   -0.00065307]  triangulation residual=0.121 mm
Sampled 10000 points in 2mm sphere
Surviving points (all 4 cameras): 2197
After outlier removal: 2101 points
Saved -> /home/computer0/fly_project/fly_gsplat/ctrl_009/004/f1210/init_points.ply
[prepare] frame 1210 data ready
Dataset generated successfully at: /home/computer0/fly_project/fly_gsplat/ctrl_009/004/f1211
4 cameras loaded
Seed: [ 0.00035217 -0.00425634 -0.00064052]  triangulation residual=0.114 mm
Sampled 10000 points in 2mm sphere
Surviving points (all 4 cameras): 2244
After outlier removal: 2136 points
Saved -> /home/computer0/fly_project/fly_gsplat/ctrl_009/004/f1211/init_points.ply
[prepare] frame 1211 data ready
Dataset generated successfully at: /home/computer0/fly_project/fly_gsplat/ctrl_009/004/f1212
4 cameras loaded
Seed: [ 0.00037738 -0.00426103 -0.00062734]  triangulation residual=0.111 mm
Sampled 10000 points in 2mm sphere
Surviving points (all 4 cameras): 2193
After outlier removal: 2099 points
Saved -> /home/computer0/fly_project/fly_gsplat/ctrl_009/004/f1212/init_points.ply
[prepare] frame 1212 data ready
Dataset generated successfully at: /home/computer0/fly_project/fly_gsplat/ctrl_009/004/f1213
4 cameras loaded
Seed: [ 0.00041461 -0.0042761  -0.00060946]  triangulation residual=0.116 mm
Sampled 10000 points in 2mm sphere
Surviving points (all 4 cameras): 2212
After outlier removal: 2125 points
Saved -> /home/computer0/fly_project/fly_gsplat/ctrl_009/004/f1213/init_points.ply
[prepare] frame 1213 data ready
Dataset generated successfully at: /home/computer0/fly_project/fly_gsplat/ctrl_009/004/f1214
4 cameras loaded
Seed: [ 0.00044464 -0.00428269 -0.00059323]  triangulation residual=0.119 mm
Sampled 10000 points in 2mm sphere
Surviving points (all 4 cameras): 2105
After outlier removal: 2024 points
Saved -> /home/computer0/fly_project/fly_gsplat/ctrl_009/004/f1214/init_points.ply
[prepare] frame 1214 data ready
Dataset generated successfully at: /home/computer0/fly_project/fly_gsplat/ctrl_009/004/f1215
4 cameras loaded
Seed: [ 0.00046177 -0.00429953 -0.00057701]  triangulation residual=0.123 mm
Sampled 10000 points in 2mm sphere
Surviving points (all 4 cameras): 2105
After outlier removal: 2020 points
Saved -> /home/computer0/fly_project/fly_gsplat/ctrl_009/004/f1215/init_points.ply
[prepare] frame 1215 data ready
Dataset generated successfully at: /home/computer0/fly_project/fly_gsplat/ctrl_009/004/f1216
4 cameras loaded
Seed: [ 0.00047886 -0.00432117 -0.00056092]  triangulation residual=0.122 mm
Sampled 10000 points in 2mm sphere
Surviving points (all 4 cameras): 1992
After outlier removal: 1915 points
Saved -> /home/computer0/fly_project/fly_gsplat/ctrl_009/004/f1216/init_points.ply
[prepare] frame 1216 data ready
Dataset generated successfully at: /home/computer0/fly_project/fly_gsplat/ctrl_009/004/f1217
4 cameras loaded
Seed: [ 0.00049704 -0.00434751 -0.00054779]  triangulation residual=0.127 mm
Sampled 10000 points in 2mm sphere
Surviving points (all 4 cameras): 2046
After outlier removal: 1960 points
Saved -> /home/computer0/fly_project/fly_gsplat/ctrl_009/004/f1217/init_points.ply
[prepare] frame 1217 data ready
Dataset generated successfully at: /home/computer0/fly_project/fly_gsplat/ctrl_009/004/f1218
4 cameras loaded
Seed: [ 0.00051993 -0.00437898 -0.00053911]  triangulation residual=0.135 mm
Sampled 10000 points in 2mm sphere
Surviving points (all 4 cameras): 2020
After outlier removal: 1942 points
Saved -> /home/computer0/fly_project/fly_gsplat/ctrl_009/004/f1218/init_points.ply
[prepare] frame 1218 data ready
Dataset generated successfully at: /home/computer0/fly_project/fly_gsplat/ctrl_009/004/f1219
4 cameras loaded
Seed: [ 0.00054193 -0.00441853 -0.00053183]  triangulation residual=0.144 mm
Sampled 10000 points in 2mm sphere
Surviving points (all 4 cameras): 1915
After outlier removal: 1831 points
Saved -> /home/computer0/fly_project/fly_gsplat/ctrl_009/004/f1219/init_points.ply
[prepare] frame 1219 data ready
Dataset generated successfully at: /home/computer0/fly_project/fly_gsplat/ctrl_009/004/f1220
4 cameras loaded
Seed: [ 0.00056004 -0.00445682 -0.00052778]  triangulation residual=0.141 mm
Sampled 10000 points in 2mm sphere
Surviving points (all 4 cameras): 1895
After outlier removal: 1813 points
Saved -> /home/computer0/fly_project/fly_gsplat/ctrl_009/004/f1220/init_points.ply
[prepare] frame 1220 data ready
Dataset generated successfully at: /home/computer0/fly_project/fly_gsplat/ctrl_009/004/f1221
4 cameras loaded
Seed: [ 0.00058341 -0.00450135 -0.00051756]  triangulation residual=0.135 mm
Sampled 10000 points in 2mm sphere
Surviving points (all 4 cameras): 1839
After outlier removal: 1752 points
Saved -> /home/computer0/fly_project/fly_gsplat/ctrl_009/004/f1221/init_points.ply
[prepare] frame 1221 data ready
Dataset generated successfully at: /home/computer0/fly_project/fly_gsplat/ctrl_009/004/f1222
4 cameras loaded
Seed: [ 0.00060181 -0.00454925 -0.00050881]  triangulation residual=0.128 mm
Sampled 10000 points in 2mm sphere
Surviving points (all 4 cameras): 1953
After outlier removal: 1873 points
Saved -> /home/computer0/fly_project/fly_gsplat/ctrl_009/004/f1222/init_points.ply
[prepare] frame 1222 data ready
Dataset generated successfully at: /home/computer0/fly_project/fly_gsplat/ctrl_009/004/f1223
4 cameras loaded
Seed: [ 0.00063146 -0.00460728 -0.00050484]  triangulation residual=0.126 mm
Sampled 10000 points in 2mm sphere
Surviving points (all 4 cameras): 1855
After outlier removal: 1778 points
Saved -> /home/computer0/fly_project/fly_gsplat/ctrl_009/004/f1223/init_points.ply
[prepare] frame 1223 data ready
Dataset generated successfully at: /home/computer0/fly_project/fly_gsplat/ctrl_009/004/f1224
4 cameras loaded
Seed: [ 0.00066209 -0.00466865 -0.00049923]  triangulation residual=0.124 mm
Sampled 10000 points in 2mm sphere
Surviving points (all 4 cameras): 1740
After outlier removal: 1676 points
Saved -> /home/computer0/fly_project/fly_gsplat/ctrl_009/004/f1224/init_points.ply
[prepare] frame 1224 data ready
Dataset generated successfully at: /home/computer0/fly_project/fly_gsplat/ctrl_009/004/f1225
4 cameras loaded
Seed: [ 0.0006939  -0.00472998 -0.00048395]  triangulation residual=0.116 mm
Sampled 10000 points in 2mm sphere
Surviving points (all 4 cameras): 1805
After outlier removal: 1738 points
Saved -> /home/computer0/fly_project/fly_gsplat/ctrl_009/004/f1225/init_points.ply
[prepare] frame 1225 data ready
Dataset generated successfully at: /home/computer0/fly_project/fly_gsplat/ctrl_009/004/f1226
4 cameras loaded
Seed: [ 0.00072588 -0.00479223 -0.00047687]  triangulation residual=0.104 mm
Sampled 10000 points in 2mm sphere
Surviving points (all 4 cameras): 1748
After outlier removal: 1678 points
Saved -> /home/computer0/fly_project/fly_gsplat/ctrl_009/004/f1226/init_points.ply
[prepare] frame 1226 data ready
Dataset generated successfully at: /home/computer0/fly_project/fly_gsplat/ctrl_009/004/f1227
4 cameras loaded
Seed: [ 0.0007579  -0.00484769 -0.00046554]  triangulation residual=0.082 mm
Sampled 10000 points in 2mm sphere
Surviving points (all 4 cameras): 1785
After outlier removal: 1708 points
Saved -> /home/computer0/fly_project/fly_gsplat/ctrl_009/004/f1227/init_points.ply
[prepare] frame 1227 data ready
Dataset generated successfully at: /home/computer0/fly_project/fly_gsplat/ctrl_009/004/f1228
4 cameras loaded
Seed: [ 0.00079179 -0.00489757 -0.00046094]  triangulation residual=0.060 mm
Sampled 10000 points in 2mm sphere
Surviving points (all 4 cameras): 1728
After outlier removal: 1653 points
Saved -> /home/computer0/fly_project/fly_gsplat/ctrl_009/004/f1228/init_points.ply
[prepare] frame 1228 data ready
Dataset generated successfully at: /home/computer0/fly_project/fly_gsplat/ctrl_009/004/f1229
4 cameras loaded
Seed: [ 0.00083368 -0.00494511 -0.00045507]  triangulation residual=0.040 mm
Sampled 10000 points in 2mm sphere
Surviving points (all 4 cameras): 1778
After outlier removal: 1707 points
Saved -> /home/computer0/fly_project/fly_gsplat/ctrl_009/004/f1229/init_points.ply
[prepare] frame 1229 data ready
Dataset generated successfully at: /home/computer0/fly_project/fly_gsplat/ctrl_009/004/f1230
4 cameras loaded
Seed: [ 0.00087578 -0.00498616 -0.00045878]  triangulation residual=0.029 mm
Sampled 10000 points in 2mm sphere
Surviving points (all 4 cameras): 1708
After outlier removal: 1628 points
Saved -> /home/computer0/fly_project/fly_gsplat/ctrl_009/004/f1230/init_points.ply
[prepare] frame 1230 data ready
Dataset generated successfully at: /home/computer0/fly_project/fly_gsplat/ctrl_009/004/f1231
4 cameras loaded
Seed: [ 0.0009117  -0.00502867 -0.00045563]  triangulation residual=0.041 mm
Sampled 10000 points in 2mm sphere
Surviving points (all 4 cameras): 1788
After outlier removal: 1697 points
Saved -> /home/computer0/fly_project/fly_gsplat/ctrl_009/004/f1231/init_points.ply
[prepare] frame 1231 data ready
Dataset generated successfully at: /home/computer0/fly_project/fly_gsplat/ctrl_009/004/f1232
4 cameras loaded
Seed: [ 0.00095401 -0.00506    -0.00045348]  triangulation residual=0.069 mm
Sampled 10000 points in 2mm sphere
Surviving points (all 4 cameras): 1724
After outlier removal: 1651 points
Saved -> /home/computer0/fly_project/fly_gsplat/ctrl_009/004/f1232/init_points.ply
[prepare] frame 1232 data ready
Dataset generated successfully at: /home/computer0/fly_project/fly_gsplat/ctrl_009/004/f1233
4 cameras loaded
Seed: [ 0.00098798 -0.00509541 -0.0004559 ]  triangulation residual=0.089 mm
Sampled 10000 points in 2mm sphere
Surviving points (all 4 cameras): 1886
After outlier removal: 1812 points
Saved -> /home/computer0/fly_project/fly_gsplat/ctrl_009/004/f1233/init_points.ply
[prepare] frame 1233 data ready
Dataset generated successfully at: /home/computer0/fly_project/fly_gsplat/ctrl_009/004/f1234
4 cameras loaded
Seed: [ 0.00101793 -0.00513252 -0.00046325]  triangulation residual=0.108 mm
Sampled 10000 points in 2mm sphere
Surviving points (all 4 cameras): 1801
After outlier removal: 1725 points
Saved -> /home/computer0/fly_project/fly_gsplat/ctrl_009/004/f1234/init_points.ply
[prepare] frame 1234 data ready
Dataset generated successfully at: /home/computer0/fly_project/fly_gsplat/ctrl_009/004/f1235
4 cameras loaded
Seed: [ 0.00104743 -0.00516725 -0.00048231]  triangulation residual=0.111 mm
Sampled 10000 points in 2mm sphere
Surviving points (all 4 cameras): 1901
After outlier removal: 1838 points
Saved -> /home/computer0/fly_project/fly_gsplat/ctrl_009/004/f1235/init_points.ply
[prepare] frame 1235 data ready
Dataset generated successfully at: /home/computer0/fly_project/fly_gsplat/ctrl_009/004/f1236
4 cameras loaded
Seed: [ 0.00107205 -0.0052027  -0.00050555]  triangulation residual=0.113 mm
Sampled 10000 points in 2mm sphere
Surviving points (all 4 cameras): 1903
After outlier removal: 1815 points
Saved -> /home/computer0/fly_project/fly_gsplat/ctrl_009/004/f1236/init_points.ply
[prepare] frame 1236 data ready
Dataset generated successfully at: /home/computer0/fly_project/fly_gsplat/ctrl_009/004/f1237
4 cameras loaded
Seed: [ 0.00109447 -0.00522869 -0.00052518]  triangulation residual=0.109 mm
Sampled 10000 points in 2mm sphere
Surviving points (all 4 cameras): 1938
After outlier removal: 1858 points
Saved -> /home/computer0/fly_project/fly_gsplat/ctrl_009/004/f1237/init_points.ply
[prepare] frame 1237 data ready
Dataset generated successfully at: /home/computer0/fly_project/fly_gsplat/ctrl_009/004/f1238
4 cameras loaded
Seed: [ 0.00110556 -0.005254   -0.00054623]  triangulation residual=0.113 mm
Sampled 10000 points in 2mm sphere
Surviving points (all 4 cameras): 1905
After outlier removal: 1828 points
Saved -> /home/computer0/fly_project/fly_gsplat/ctrl_009/004/f1238/init_points.ply
[prepare] frame 1238 data ready
Dataset generated successfully at: /home/computer0/fly_project/fly_gsplat/ctrl_009/004/f1239
4 cameras loaded
Seed: [ 0.00111529 -0.00527261 -0.00056409]  triangulation residual=0.117 mm
Sampled 10000 points in 2mm sphere
Surviving points (all 4 cameras): 2000
After outlier removal: 1918 points
Saved -> /home/computer0/fly_project/fly_gsplat/ctrl_009/004/f1239/init_points.ply
[prepare] frame 1239 data ready
Dataset generated successfully at: /home/computer0/fly_project/fly_gsplat/ctrl_009/004/f1240
4 cameras loaded
Seed: [ 0.00111942 -0.00528565 -0.00057771]  triangulation residual=0.121 mm
Sampled 10000 points in 2mm sphere
Surviving points (all 4 cameras): 1982
After outlier removal: 1902 points
Saved -> /home/computer0/fly_project/fly_gsplat/ctrl_009/004/f1240/init_points.ply
[prepare] frame 1240 data ready
Dataset generated successfully at: /home/computer0/fly_project/fly_gsplat/ctrl_009/004/f1241
4 cameras loaded
Seed: [ 0.00111845 -0.00528956 -0.00059245]  triangulation residual=0.132 mm
Sampled 10000 points in 2mm sphere
Surviving points (all 4 cameras): 1919
After outlier removal: 1846 points
Saved -> /home/computer0/fly_project/fly_gsplat/ctrl_009/004/f1241/init_points.ply
[prepare] frame 1241 data ready
Dataset generated successfully at: /home/computer0/fly_project/fly_gsplat/ctrl_009/004/f1242
4 cameras loaded
Seed: [ 0.0011155  -0.00528655 -0.0006001 ]  triangulation residual=0.152 mm
Sampled 10000 points in 2mm sphere
Surviving points (all 4 cameras): 1905
After outlier removal: 1826 points
Saved -> /home/computer0/fly_project/fly_gsplat/ctrl_009/004/f1242/init_points.ply
[prepare] frame 1242 data ready
Dataset generated successfully at: /home/computer0/fly_project/fly_gsplat/ctrl_009/004/f1243
4 cameras loaded
Seed: [ 0.00111157 -0.00527585 -0.00060684]  triangulation residual=0.177 mm
Sampled 10000 points in 2mm sphere
Surviving points (all 4 cameras): 1768
After outlier removal: 1686 points
Saved -> /home/computer0/fly_project/fly_gsplat/ctrl_009/004/f1243/init_points.ply
[prepare] frame 1243 data ready
Dataset generated successfully at: /home/computer0/fly_project/fly_gsplat/ctrl_009/004/f1244
4 cameras loaded
Seed: [ 0.00114339 -0.00526466 -0.0006289 ]  triangulation residual=0.167 mm
Sampled 10000 points in 2mm sphere
Surviving points (all 4 cameras): 1765
After outlier removal: 1686 points
Saved -> /home/computer0/fly_project/fly_gsplat/ctrl_009/004/f1244/init_points.ply
[prepare] frame 1244 data ready
Dataset generated successfully at: /home/computer0/fly_project/fly_gsplat/ctrl_009/004/f1245
4 cameras loaded
Seed: [ 0.00117814 -0.00527523 -0.00065106]  triangulation residual=0.140 mm
Sampled 10000 points in 2mm sphere
Surviving points (all 4 cameras): 1869
After outlier removal: 1800 points
Saved -> /home/computer0/fly_project/fly_gsplat/ctrl_009/004/f1245/init_points.ply
[prepare] frame 1245 data ready
Dataset generated successfully at: /home/computer0/fly_project/fly_gsplat/ctrl_009/004/f1246
4 cameras loaded
Seed: [ 0.00120477 -0.00527757 -0.00066434]  triangulation residual=0.128 mm
Sampled 10000 points in 2mm sphere
Surviving points (all 4 cameras): 1940
After outlier removal: 1859 points
Saved -> /home/computer0/fly_project/fly_gsplat/ctrl_009/004/f1246/init_points.ply
[prepare] frame 1246 data ready
Dataset generated successfully at: /home/computer0/fly_project/fly_gsplat/ctrl_009/004/f1247
4 cameras loaded
Seed: [ 0.0012339  -0.00527253 -0.00067753]  triangulation residual=0.130 mm
Sampled 10000 points in 2mm sphere
Surviving points (all 4 cameras): 1918
After outlier removal: 1838 points
Saved -> /home/computer0/fly_project/fly_gsplat/ctrl_009/004/f1247/init_points.ply
[prepare] frame 1247 data ready
Dataset generated successfully at: /home/computer0/fly_project/fly_gsplat/ctrl_009/004/f1248
4 cameras loaded
Seed: [ 0.00125253 -0.00527853 -0.0006864 ]  triangulation residual=0.127 mm
Sampled 10000 points in 2mm sphere
Surviving points (all 4 cameras): 1921
After outlier removal: 1844 points
Saved -> /home/computer0/fly_project/fly_gsplat/ctrl_009/004/f1248/init_points.ply
[prepare] frame 1248 data ready
Dataset generated successfully at: /home/computer0/fly_project/fly_gsplat/ctrl_009/004/f1249
4 cameras loaded
Seed: [ 0.00125899 -0.00529665 -0.00069129]  triangulation residual=0.114 mm
Sampled 10000 points in 2mm sphere
Surviving points (all 4 cameras): 1937
After outlier removal: 1855 points
Saved -> /home/computer0/fly_project/fly_gsplat/ctrl_009/004/f1249/init_points.ply
[prepare] frame 1249 data ready
Dataset generated successfully at: /home/computer0/fly_project/fly_gsplat/ctrl_009/004/f1250
4 cameras loaded
Seed: [ 0.00125548 -0.00530971 -0.00069225]  triangulation residual=0.104 mm
Sampled 10000 points in 2mm sphere
Surviving points (all 4 cameras): 1957
After outlier removal: 1876 points
Saved -> /home/computer0/fly_project/fly_gsplat/ctrl_009/004/f1250/init_points.ply
[prepare] frame 1250 data ready
Dataset generated successfully at: /home/computer0/fly_project/fly_gsplat/ctrl_009/004/f1251
4 cameras loaded
Seed: [ 0.00124559 -0.00532351 -0.00066853]  triangulation residual=0.091 mm
Sampled 10000 points in 2mm sphere
Surviving points (all 4 cameras): 1994
After outlier removal: 1918 points
Saved -> /home/computer0/fly_project/fly_gsplat/ctrl_009/004/f1251/init_points.ply
[prepare] frame 1251 data ready
Dataset generated successfully at: /home/computer0/fly_project/fly_gsplat/ctrl_009/004/f1252
4 cameras loaded
Seed: [ 0.00123607 -0.00532883 -0.00063469]  triangulation residual=0.078 mm
Sampled 10000 points in 2mm sphere
Surviving points (all 4 cameras): 2060
After outlier removal: 1965 points
Saved -> /home/computer0/fly_project/fly_gsplat/ctrl_009/004/f1252/init_points.ply
[prepare] frame 1252 data ready
Dataset generated successfully at: /home/computer0/fly_project/fly_gsplat/ctrl_009/004/f1253
4 cameras loaded
Seed: [ 0.00122366 -0.00532106 -0.00058402]  triangulation residual=0.070 mm
Sampled 10000 points in 2mm sphere
Surviving points (all 4 cameras): 2047
After outlier removal: 1965 points
Saved -> /home/computer0/fly_project/fly_gsplat/ctrl_009/004/f1253/init_points.ply
[prepare] frame 1253 data ready
Dataset generated successfully at: /home/computer0/fly_project/fly_gsplat/ctrl_009/004/f1254
4 cameras loaded
Seed: [ 0.00120828 -0.00530325 -0.00053672]  triangulation residual=0.065 mm
Sampled 10000 points in 2mm sphere
Surviving points (all 4 cameras): 2084
After outlier removal: 1997 points
Saved -> /home/computer0/fly_project/fly_gsplat/ctrl_009/004/f1254/init_points.ply
[prepare] frame 1254 data ready
Dataset generated successfully at: /home/computer0/fly_project/fly_gsplat/ctrl_009/004/f1255
4 cameras loaded
Seed: [ 0.00118924 -0.00526959 -0.00047644]  triangulation residual=0.061 mm
Sampled 10000 points in 2mm sphere
Surviving points (all 4 cameras): 2001
After outlier removal: 1915 points
Saved -> /home/computer0/fly_project/fly_gsplat/ctrl_009/004/f1255/init_points.ply
[prepare] frame 1255 data ready
Dataset generated successfully at: /home/computer0/fly_project/fly_gsplat/ctrl_009/004/f1256
4 cameras loaded
Seed: [ 0.00116156 -0.00522094 -0.00042827]  triangulation residual=0.057 mm
Sampled 10000 points in 2mm sphere
Surviving points (all 4 cameras): 1996
After outlier removal: 1904 points
Saved -> /home/computer0/fly_project/fly_gsplat/ctrl_009/004/f1256/init_points.ply
[prepare] frame 1256 data ready
Dataset generated successfully at: /home/computer0/fly_project/fly_gsplat/ctrl_009/004/f1257
4 cameras loaded
Seed: [ 0.00112189 -0.00516538 -0.00038696]  triangulation residual=0.052 mm
Sampled 10000 points in 2mm sphere
Surviving points (all 4 cameras): 1911
After outlier removal: 1833 points
Saved -> /home/computer0/fly_project/fly_gsplat/ctrl_009/004/f1257/init_points.ply
[prepare] frame 1257 data ready
Dataset generated successfully at: /home/computer0/fly_project/fly_gsplat/ctrl_009/004/f1258
4 cameras loaded
Seed: [ 0.00106814 -0.00511061 -0.00035581]  triangulation residual=0.037 mm
Sampled 10000 points in 2mm sphere
Surviving points (all 4 cameras): 1762
After outlier removal: 1693 points
Saved -> /home/computer0/fly_project/fly_gsplat/ctrl_009/004/f1258/init_points.ply
[prepare] frame 1258 data ready
Dataset generated successfully at: /home/computer0/fly_project/fly_gsplat/ctrl_009/004/f1259
4 cameras loaded
Seed: [ 0.00101513 -0.00506302 -0.00033952]  triangulation residual=0.030 mm
Sampled 10000 points in 2mm sphere
Surviving points (all 4 cameras): 1747
After outlier removal: 1676 points
Saved -> /home/computer0/fly_project/fly_gsplat/ctrl_009/004/f1259/init_points.ply
[prepare] frame 1259 data ready
Dataset generated successfully at: /home/computer0/fly_project/fly_gsplat/ctrl_009/004/f1260
4 cameras loaded
Seed: [ 0.00095905 -0.00501728 -0.0003387 ]  triangulation residual=0.043 mm
Sampled 10000 points in 2mm sphere
Surviving points (all 4 cameras): 1703
After outlier removal: 1638 points
Saved -> /home/computer0/fly_project/fly_gsplat/ctrl_009/004/f1260/init_points.ply
[prepare] frame 1260 data ready
Dataset generated successfully at: /home/computer0/fly_project/fly_gsplat/ctrl_009/004/f1261
4 cameras loaded
Seed: [ 0.00091031 -0.00496994 -0.00034302]  triangulation residual=0.074 mm
Sampled 10000 points in 2mm sphere
Surviving points (all 4 cameras): 1678
After outlier removal: 1605 points
Saved -> /home/computer0/fly_project/fly_gsplat/ctrl_009/004/f1261/init_points.ply
[prepare] frame 1261 data ready
Dataset generated successfully at: /home/computer0/fly_project/fly_gsplat/ctrl_009/004/f1262
4 cameras loaded
Seed: [ 0.00087641 -0.00491478 -0.00034166]  triangulation residual=0.108 mm
Sampled 10000 points in 2mm sphere
Surviving points (all 4 cameras): 1654
After outlier removal: 1579 points
Saved -> /home/computer0/fly_project/fly_gsplat/ctrl_009/004/f1262/init_points.ply
[prepare] frame 1262 data ready
Dataset generated successfully at: /home/computer0/fly_project/fly_gsplat/ctrl_009/004/f1263
4 cameras loaded
Seed: [ 0.00083347 -0.00486348 -0.00034291]  triangulation residual=0.129 mm
Sampled 10000 points in 2mm sphere
Surviving points (all 4 cameras): 1713
After outlier removal: 1636 points
Saved -> /home/computer0/fly_project/fly_gsplat/ctrl_009/004/f1263/init_points.ply
[prepare] frame 1263 data ready
Dataset generated successfully at: /home/computer0/fly_project/fly_gsplat/ctrl_009/004/f1264
4 cameras loaded
Seed: [ 0.00078852 -0.00481954 -0.00034969]  triangulation residual=0.146 mm
Sampled 10000 points in 2mm sphere
Surviving points (all 4 cameras): 1764
After outlier removal: 1691 points
Saved -> /home/computer0/fly_project/fly_gsplat/ctrl_009/004/f1264/init_points.ply
[prepare] frame 1264 data ready
Dataset generated successfully at: /home/computer0/fly_project/fly_gsplat/ctrl_009/004/f1265
4 cameras loaded
Seed: [ 0.00074246 -0.00478393 -0.00035975]  triangulation residual=0.153 mm
Sampled 10000 points in 2mm sphere
Surviving points (all 4 cameras): 1700
After outlier removal: 1634 points
Saved -> /home/computer0/fly_project/fly_gsplat/ctrl_009/004/f1265/init_points.ply
[prepare] frame 1265 data ready
Dataset generated successfully at: /home/computer0/fly_project/fly_gsplat/ctrl_009/004/f1266
4 cameras loaded
Seed: [ 0.00070563 -0.00474679 -0.00037349]  triangulation residual=0.163 mm
Sampled 10000 points in 2mm sphere
Surviving points (all 4 cameras): 1801
After outlier removal: 1730 points
Saved -> /home/computer0/fly_project/fly_gsplat/ctrl_009/004/f1266/init_points.ply
[prepare] frame 1266 data ready
Dataset generated successfully at: /home/computer0/fly_project/fly_gsplat/ctrl_009/004/f1267
4 cameras loaded
Seed: [ 0.00067564 -0.00471962 -0.00039196]  triangulation residual=0.168 mm
Sampled 10000 points in 2mm sphere
Surviving points (all 4 cameras): 1813
After outlier removal: 1721 points
Saved -> /home/computer0/fly_project/fly_gsplat/ctrl_009/004/f1267/init_points.ply
[prepare] frame 1267 data ready
Dataset generated successfully at: /home/computer0/fly_project/fly_gsplat/ctrl_009/004/f1268
4 cameras loaded
Seed: [ 0.00065132 -0.00468821 -0.00040883]  triangulation residual=0.170 mm
Sampled 10000 points in 2mm sphere
Surviving points (all 4 cameras): 1877
After outlier removal: 1805 points
Saved -> /home/computer0/fly_project/fly_gsplat/ctrl_009/004/f1268/init_points.ply
[prepare] frame 1268 data ready
Dataset generated successfully at: /home/computer0/fly_project/fly_gsplat/ctrl_009/004/f1269
4 cameras loaded
Seed: [ 0.00063309 -0.0046633  -0.00043106]  triangulation residual=0.175 mm
Sampled 10000 points in 2mm sphere
Surviving points (all 4 cameras): 1872
After outlier removal: 1783 points
Saved -> /home/computer0/fly_project/fly_gsplat/ctrl_009/004/f1269/init_points.ply
[prepare] frame 1269 data ready
Dataset generated successfully at: /home/computer0/fly_project/fly_gsplat/ctrl_009/004/f1270
4 cameras loaded
Seed: [ 0.00062185 -0.00464534 -0.00045868]  triangulation residual=0.176 mm
Sampled 10000 points in 2mm sphere
Surviving points (all 4 cameras): 1802
After outlier removal: 1716 points
Saved -> /home/computer0/fly_project/fly_gsplat/ctrl_009/004/f1270/init_points.ply
[prepare] frame 1270 data ready
Dataset generated successfully at: /home/computer0/fly_project/fly_gsplat/ctrl_009/004/f1271
4 cameras loaded
Seed: [ 0.00061888 -0.00463451 -0.00048532]  triangulation residual=0.179 mm
Sampled 10000 points in 2mm sphere
Surviving points (all 4 cameras): 1930
After outlier removal: 1847 points
Saved -> /home/computer0/fly_project/fly_gsplat/ctrl_009/004/f1271/init_points.ply
[prepare] frame 1271 data ready
Dataset generated successfully at: /home/computer0/fly_project/fly_gsplat/ctrl_009/004/f1272
4 cameras loaded
Seed: [ 0.00061414 -0.00462346 -0.00051675]  triangulation residual=0.169 mm
Sampled 10000 points in 2mm sphere
Surviving points (all 4 cameras): 1990
After outlier removal: 1907 points
Saved -> /home/computer0/fly_project/fly_gsplat/ctrl_009/004/f1272/init_points.ply
[prepare] frame 1272 data ready
Dataset generated successfully at: /home/computer0/fly_project/fly_gsplat/ctrl_009/004/f1273
4 cameras loaded
Seed: [ 0.00061676 -0.00461607 -0.00054568]  triangulation residual=0.155 mm
Sampled 10000 points in 2mm sphere
Surviving points (all 4 cameras): 2013
After outlier removal: 1933 points
Saved -> /home/computer0/fly_project/fly_gsplat/ctrl_009/004/f1273/init_points.ply
[prepare] frame 1273 data ready
Dataset generated successfully at: /home/computer0/fly_project/fly_gsplat/ctrl_009/004/f1274
4 cameras loaded
Seed: [ 0.0006288  -0.00462188 -0.00055758]  triangulation residual=0.143 mm
Sampled 10000 points in 2mm sphere
Surviving points (all 4 cameras): 1971
After outlier removal: 1889 points
Saved -> /home/computer0/fly_project/fly_gsplat/ctrl_009/004/f1274/init_points.ply
[prepare] frame 1274 data ready
Dataset generated successfully at: /home/computer0/fly_project/fly_gsplat/ctrl_009/004/f1275
4 cameras loaded
Seed: [ 0.0006475  -0.00463649 -0.0005672 ]  triangulation residual=0.127 mm
Sampled 10000 points in 2mm sphere
Surviving points (all 4 cameras): 1964
After outlier removal: 1884 points
Saved -> /home/computer0/fly_project/fly_gsplat/ctrl_009/004/f1275/init_points.ply
[prepare] frame 1275 data ready
Dataset generated successfully at: /home/computer0/fly_project/fly_gsplat/ctrl_009/004/f1276
4 cameras loaded
Seed: [ 0.00067326 -0.00464615 -0.00059099]  triangulation residual=0.105 mm
Sampled 10000 points in 2mm sphere
Surviving points (all 4 cameras): 2011
After outlier removal: 1931 points
Saved -> /home/computer0/fly_project/fly_gsplat/ctrl_009/004/f1276/init_points.ply
[prepare] frame 1276 data ready
Dataset generated successfully at: /home/computer0/fly_project/fly_gsplat/ctrl_009/004/f1277
4 cameras loaded
Seed: [ 0.00070225 -0.00466735 -0.00061748]  triangulation residual=0.088 mm
Sampled 10000 points in 2mm sphere
Surviving points (all 4 cameras): 2001
After outlier removal: 1908 points
Saved -> /home/computer0/fly_project/fly_gsplat/ctrl_009/004/f1277/init_points.ply
[prepare] frame 1277 data ready
Dataset generated successfully at: /home/computer0/fly_project/fly_gsplat/ctrl_009/004/f1278
4 cameras loaded
Seed: [ 0.00073471 -0.00469873 -0.00063725]  triangulation residual=0.087 mm
Sampled 10000 points in 2mm sphere
Surviving points (all 4 cameras): 1823
After outlier removal: 1742 points
Saved -> /home/computer0/fly_project/fly_gsplat/ctrl_009/004/f1278/init_points.ply
[prepare] frame 1278 data ready
Dataset generated successfully at: /home/computer0/fly_project/fly_gsplat/ctrl_009/004/f1279
4 cameras loaded
Seed: [ 0.00077756 -0.00474079 -0.00064767]  triangulation residual=0.102 mm
Sampled 10000 points in 2mm sphere
Surviving points (all 4 cameras): 1811
After outlier removal: 1735 points
Saved -> /home/computer0/fly_project/fly_gsplat/ctrl_009/004/f1279/init_points.ply
[prepare] frame 1279 data ready
Dataset generated successfully at: /home/computer0/fly_project/fly_gsplat/ctrl_009/004/f1280
4 cameras loaded
Seed: [ 0.00080796 -0.00475577 -0.00066546]  triangulation residual=0.108 mm
Sampled 10000 points in 2mm sphere
Surviving points (all 4 cameras): 1805
After outlier removal: 1733 points
Saved -> /home/computer0/fly_project/fly_gsplat/ctrl_009/004/f1280/init_points.ply
[prepare] frame 1280 data ready
Dataset generated successfully at: /home/computer0/fly_project/fly_gsplat/ctrl_009/004/f1281
4 cameras loaded
Seed: [ 0.00079944 -0.0047272  -0.0006775 ]  triangulation residual=0.069 mm
Sampled 10000 points in 2mm sphere
Surviving points (all 4 cameras): 1837
After outlier removal: 1763 points
Saved -> /home/computer0/fly_project/fly_gsplat/ctrl_009/004/f1281/init_points.ply
[prepare] frame 1281 data ready
Dataset generated successfully at: /home/computer0/fly_project/fly_gsplat/ctrl_009/004/f1282
4 cameras loaded
Seed: [ 0.00078954 -0.00469736 -0.00068824]  triangulation residual=0.046 mm
Sampled 10000 points in 2mm sphere
Surviving points (all 4 cameras): 1997
After outlier removal: 1904 points
Saved -> /home/computer0/fly_project/fly_gsplat/ctrl_009/004/f1282/init_points.ply
[prepare] frame 1282 data ready
Dataset generated successfully at: /home/computer0/fly_project/fly_gsplat/ctrl_009/004/f1283
4 cameras loaded
Seed: [ 0.00078334 -0.0046724  -0.00069561]  triangulation residual=0.070 mm
Sampled 10000 points in 2mm sphere
Surviving points (all 4 cameras): 2015
After outlier removal: 1922 points
Saved -> /home/computer0/fly_project/fly_gsplat/ctrl_009/004/f1283/init_points.ply
[prepare] frame 1283 data ready
Dataset generated successfully at: /home/computer0/fly_project/fly_gsplat/ctrl_009/004/f1284
4 cameras loaded
Seed: [ 0.00077235 -0.00465474 -0.00071739]  triangulation residual=0.094 mm
Sampled 10000 points in 2mm sphere
Surviving points (all 4 cameras): 2138
After outlier removal: 2050 points
Saved -> /home/computer0/fly_project/fly_gsplat/ctrl_009/004/f1284/init_points.ply
[prepare] frame 1284 data ready
Dataset generated successfully at: /home/computer0/fly_project/fly_gsplat/ctrl_009/004/f1285
4 cameras loaded
Seed: [ 0.00076372 -0.00463988 -0.00072438]  triangulation residual=0.114 mm
Sampled 10000 points in 2mm sphere
Surviving points (all 4 cameras): 2112
After outlier removal: 2018 points
Saved -> /home/computer0/fly_project/fly_gsplat/ctrl_009/004/f1285/init_points.ply
[prepare] frame 1285 data ready
Dataset generated successfully at: /home/computer0/fly_project/fly_gsplat/ctrl_009/004/f1286
4 cameras loaded
Seed: [ 0.00075482 -0.00462116 -0.00073127]  triangulation residual=0.124 mm
Sampled 10000 points in 2mm sphere
Surviving points (all 4 cameras): 2082
After outlier removal: 1995 points
Saved -> /home/computer0/fly_project/fly_gsplat/ctrl_009/004/f1286/init_points.ply
[prepare] frame 1286 data ready
Dataset generated successfully at: /home/computer0/fly_project/fly_gsplat/ctrl_009/004/f1287
4 cameras loaded
Seed: [ 0.00075536 -0.00460837 -0.00072805]  triangulation residual=0.122 mm
Sampled 10000 points in 2mm sphere
Surviving points (all 4 cameras): 2298
After outlier removal: 2193 points
Saved -> /home/computer0/fly_project/fly_gsplat/ctrl_009/004/f1287/init_points.ply
[prepare] frame 1287 data ready
Dataset generated successfully at: /home/computer0/fly_project/fly_gsplat/ctrl_009/004/f1288
4 cameras loaded
Seed: [ 0.00076971 -0.00460129 -0.00072211]  triangulation residual=0.117 mm
Sampled 10000 points in 2mm sphere
Surviving points (all 4 cameras): 2215
After outlier removal: 2119 points
Saved -> /home/computer0/fly_project/fly_gsplat/ctrl_009/004/f1288/init_points.ply
[prepare] frame 1288 data ready
Dataset generated successfully at: /home/computer0/fly_project/fly_gsplat/ctrl_009/004/f1289
4 cameras loaded
Seed: [ 0.00079293 -0.00460275 -0.00070895]  triangulation residual=0.112 mm
Sampled 10000 points in 2mm sphere
Surviving points (all 4 cameras): 2349
After outlier removal: 2253 points
Saved -> /home/computer0/fly_project/fly_gsplat/ctrl_009/004/f1289/init_points.ply
[prepare] frame 1289 data ready
Dataset generated successfully at: /home/computer0/fly_project/fly_gsplat/ctrl_009/004/f1290
4 cameras loaded
Seed: [ 0.00082646 -0.00461408 -0.00069637]  triangulation residual=0.113 mm
Sampled 10000 points in 2mm sphere
Surviving points (all 4 cameras): 2220
After outlier removal: 2120 points
Saved -> /home/computer0/fly_project/fly_gsplat/ctrl_009/004/f1290/init_points.ply
[prepare] frame 1290 data ready
Dataset generated successfully at: /home/computer0/fly_project/fly_gsplat/ctrl_009/004/f1291
4 cameras loaded
Seed: [ 0.00085692 -0.00462011 -0.00068263]  triangulation residual=0.117 mm
Sampled 10000 points in 2mm sphere
Surviving points (all 4 cameras): 2152
After outlier removal: 2051 points
Saved -> /home/computer0/fly_project/fly_gsplat/ctrl_009/004/f1291/init_points.ply
[prepare] frame 1291 data ready
Dataset generated successfully at: /home/computer0/fly_project/fly_gsplat/ctrl_009/004/f1292
4 cameras loaded
Seed: [ 0.00087852 -0.00463191 -0.00066591]  triangulation residual=0.118 mm
Sampled 10000 points in 2mm sphere
Surviving points (all 4 cameras): 2047
After outlier removal: 1954 points
Saved -> /home/computer0/fly_project/fly_gsplat/ctrl_009/004/f1292/init_points.ply
[prepare] frame 1292 data ready
Dataset generated successfully at: /home/computer0/fly_project/fly_gsplat/ctrl_009/004/f1293
4 cameras loaded
Seed: [ 0.00089571 -0.00465144 -0.00065218]  triangulation residual=0.118 mm
Sampled 10000 points in 2mm sphere
Surviving points (all 4 cameras): 2036
After outlier removal: 1942 points
Saved -> /home/computer0/fly_project/fly_gsplat/ctrl_009/004/f1293/init_points.ply
[prepare] frame 1293 data ready
Dataset generated successfully at: /home/computer0/fly_project/fly_gsplat/ctrl_009/004/f1294
4 cameras loaded
Seed: [ 0.00091328 -0.00467563 -0.00063662]  triangulation residual=0.122 mm
Sampled 10000 points in 2mm sphere
Surviving points (all 4 cameras): 2045
After outlier removal: 1962 points
Saved -> /home/computer0/fly_project/fly_gsplat/ctrl_009/004/f1294/init_points.ply
[prepare] frame 1294 data ready
Dataset generated successfully at: /home/computer0/fly_project/fly_gsplat/ctrl_009/004/f1295
4 cameras loaded
Seed: [ 0.00093362 -0.00470471 -0.0006237 ]  triangulation residual=0.129 mm
Sampled 10000 points in 2mm sphere
Surviving points (all 4 cameras): 1886
After outlier removal: 1811 points
Saved -> /home/computer0/fly_project/fly_gsplat/ctrl_009/004/f1295/init_points.ply
[prepare] frame 1295 data ready
Dataset generated successfully at: /home/computer0/fly_project/fly_gsplat/ctrl_009/004/f1296
4 cameras loaded
Seed: [ 0.00095589 -0.00473983 -0.00061226]  triangulation residual=0.136 mm
Sampled 10000 points in 2mm sphere
Surviving points (all 4 cameras): 1956
After outlier removal: 1886 points
Saved -> /home/computer0/fly_project/fly_gsplat/ctrl_009/004/f1296/init_points.ply
[prepare] frame 1296 data ready
Dataset generated successfully at: /home/computer0/fly_project/fly_gsplat/ctrl_009/004/f1297
4 cameras loaded
Seed: [ 0.00097796 -0.00477929 -0.0006076 ]  triangulation residual=0.140 mm
Sampled 10000 points in 2mm sphere
Surviving points (all 4 cameras): 1879
After outlier removal: 1800 points
Saved -> /home/computer0/fly_project/fly_gsplat/ctrl_009/004/f1297/init_points.ply
[prepare] frame 1297 data ready
[19:25:56]  Be careful with '--eval-mode=all'. If using camera optimization, the cameras    nerfstudio_dataparser.py:216
           may diverge in the current implementation, giving unpredictable results.                                     
            Be careful with '--eval-mode=all'. If using camera optimization, the cameras    nerfstudio_dataparser.py:216
           may diverge in the current implementation, giving unpredictable results.                                     
[19:25:57] use color only optimization with sigmoid activation                                         splatfacto.py:266
[19:25:57]  Be careful with '--eval-mode=all'. If using camera optimization, the cameras    nerfstudio_dataparser.py:216
           may diverge in the current implementation, giving unpredictable results.                                     
            Be careful with '--eval-mode=all'. If using camera optimization, the cameras    nerfstudio_dataparser.py:216
           may diverge in the current implementation, giving unpredictable results.                                     
[19:25:57]  Be careful with '--eval-mode=all'. If using camera optimization, the cameras    nerfstudio_dataparser.py:216
           may diverge in the current implementation, giving unpredictable results.                                     
            Be careful with '--eval-mode=all'. If using camera optimization, the cameras    nerfstudio_dataparser.py:216
           may diverge in the current implementation, giving unpredictable results.                                     
           use color only optimization with sigmoid activation                                         splatfacto.py:266
[19:25:57]  Be careful with '--eval-mode=all'. If using camera optimization, the cameras    nerfstudio_dataparser.py:216
           may diverge in the current implementation, giving unpredictable results.                                     
            Be careful with '--eval-mode=all'. If using camera optimization, the cameras    nerfstudio_dataparser.py:216
           may diverge in the current implementation, giving unpredictable results.                                     
           use color only optimization with sigmoid activation                                         splatfacto.py:266
           use color only optimization with sigmoid activation                                         splatfacto.py:266
[19:25:58]  Be careful with '--eval-mode=all'. If using camera optimization, the cameras    nerfstudio_dataparser.py:216
           may diverge in the current implementation, giving unpredictable results.                                     
            Be careful with '--eval-mode=all'. If using camera optimization, the cameras    nerfstudio_dataparser.py:216
           may diverge in the current implementation, giving unpredictable results.                                     
[19:25:58]  Be careful with '--eval-mode=all'. If using camera optimization, the cameras    nerfstudio_dataparser.py:216
           may diverge in the current implementation, giving unpredictable results.                                     
            Be careful with '--eval-mode=all'. If using camera optimization, the cameras    nerfstudio_dataparser.py:216
           may diverge in the current implementation, giving unpredictable results.                                     
Loading latest checkpoint from load_dir
✅ Done loading checkpoint from 
outputs/ctrl_009_004_ratio3_sh0_dense_mid200/ratio3_sh0_dense/f1100/splatfacto/2026-08-20_192412/nerfstudio_models/step-
000001999.ckpt
           use color only optimization with sigmoid activation                                         splatfacto.py:266
0 Gaussians have NaN/Inf and 8 have low opacity, only export 733/741
[19:25:58]  Be careful with '--eval-mode=all'. If using camera optimization, the cameras    nerfstudio_dataparser.py:216
           may diverge in the current implementation, giving unpredictable results.                                     
            Be careful with '--eval-mode=all'. If using camera optimization, the cameras    nerfstudio_dataparser.py:216
           may diverge in the current implementation, giving unpredictable results.                                     
           use color only optimization with sigmoid activation                                         splatfacto.py:266
           use color only optimization with sigmoid activation                                         splatfacto.py:266
[19:25:58]  Be careful with '--eval-mode=all'. If using camera optimization, the cameras    nerfstudio_dataparser.py:216
           may diverge in the current implementation, giving unpredictable results.                                     
            Be careful with '--eval-mode=all'. If using camera optimization, the cameras    nerfstudio_dataparser.py:216
           may diverge in the current implementation, giving unpredictable results.                                     
[19:25:58]  Be careful with '--eval-mode=all'. If using camera optimization, the cameras    nerfstudio_dataparser.py:216
           may diverge in the current implementation, giving unpredictable results.                                     
            Be careful with '--eval-mode=all'. If using camera optimization, the cameras    nerfstudio_dataparser.py:216
           may diverge in the current implementation, giving unpredictable results.                                     
[19:25:58]  Be careful with '--eval-mode=all'. If using camera optimization, the cameras    nerfstudio_dataparser.py:216
           may diverge in the current implementation, giving unpredictable results.                                     
            Be careful with '--eval-mode=all'. If using camera optimization, the cameras    nerfstudio_dataparser.py:216
           may diverge in the current implementation, giving unpredictable results.                                     
Loading latest checkpoint from load_dir
✅ Done loading checkpoint from 
outputs/ctrl_009_004_ratio3_sh0_dense_mid200/ratio3_sh0_dense/f1108/splatfacto/2026-08-20_192412/nerfstudio_models/step-
000001999.ckpt
0 Gaussians have NaN/Inf and 7 have low opacity, only export 699/706
           use color only optimization with sigmoid activation                                         splatfacto.py:266
Loading latest checkpoint from load_dir
✅ Done loading checkpoint from 
outputs/ctrl_009_004_ratio3_sh0_dense_mid200/ratio3_sh0_dense/f1102/splatfacto/2026-08-20_192412/nerfstudio_models/step-
000001999.ckpt
0 Gaussians have NaN/Inf and 6 have low opacity, only export 711/717
           use color only optimization with sigmoid activation                                         splatfacto.py:266
           use color only optimization with sigmoid activation                                         splatfacto.py:266
Loading latest checkpoint from load_dir
✅ Done loading checkpoint from 
outputs/ctrl_009_004_ratio3_sh0_dense_mid200/ratio3_sh0_dense/f1109/splatfacto/2026-08-20_192413/nerfstudio_models/step-
000001999.ckpt
0 Gaussians have NaN/Inf and 7 have low opacity, only export 628/635
[19:25:59]  Be careful with '--eval-mode=all'. If using camera optimization, the cameras    nerfstudio_dataparser.py:216
           may diverge in the current implementation, giving unpredictable results.                                     
            Be careful with '--eval-mode=all'. If using camera optimization, the cameras    nerfstudio_dataparser.py:216
           may diverge in the current implementation, giving unpredictable results.                                     
Loading latest checkpoint from load_dir
✅ Done loading checkpoint from 
outputs/ctrl_009_004_ratio3_sh0_dense_mid200/ratio3_sh0_dense/f1103/splatfacto/2026-08-20_192413/nerfstudio_models/step-
000001999.ckpt
Loading latest checkpoint from load_dir
0 Gaussians have NaN/Inf and 9 have low opacity, only export 623/632
[19:25:59]  Be careful with '--eval-mode=all'. If using camera optimization, the cameras    nerfstudio_dataparser.py:216
           may diverge in the current implementation, giving unpredictable results.                                     
            Be careful with '--eval-mode=all'. If using camera optimization, the cameras    nerfstudio_dataparser.py:216
           may diverge in the current implementation, giving unpredictable results.                                     
✅ Done loading checkpoint from 
outputs/ctrl_009_004_ratio3_sh0_dense_mid200/ratio3_sh0_dense/f1104/splatfacto/2026-08-20_192412/nerfstudio_models/step-
000001999.ckpt
0 Gaussians have NaN/Inf and 11 have low opacity, only export 659/670
           use color only optimization with sigmoid activation                                         splatfacto.py:266
Loading latest checkpoint from load_dir
✅ Done loading checkpoint from 
outputs/ctrl_009_004_ratio3_sh0_dense_mid200/ratio3_sh0_dense/f1111/splatfacto/2026-08-20_192412/nerfstudio_models/step-
000001999.ckpt
           use color only optimization with sigmoid activation                                         splatfacto.py:266
0 Gaussians have NaN/Inf and 3 have low opacity, only export 704/707
Loading latest checkpoint from load_dir
Loading latest checkpoint from load_dir
✅ Done loading checkpoint from 
outputs/ctrl_009_004_ratio3_sh0_dense_mid200/ratio3_sh0_dense/f1107/splatfacto/2026-08-20_192413/nerfstudio_models/step-
000001999.ckpt
0 Gaussians have NaN/Inf and 6 have low opacity, only export 662/668
✅ Done loading checkpoint from 
outputs/ctrl_009_004_ratio3_sh0_dense_mid200/ratio3_sh0_dense/f1110/splatfacto/2026-08-20_192412/nerfstudio_models/step-
000001999.ckpt
0 Gaussians have NaN/Inf and 7 have low opacity, only export 650/657
Loading latest checkpoint from load_dir
✅ Done loading checkpoint from 
outputs/ctrl_009_004_ratio3_sh0_dense_mid200/ratio3_sh0_dense/f1106/splatfacto/2026-08-20_192412/nerfstudio_models/step-
000001999.ckpt
0 Gaussians have NaN/Inf and 3 have low opacity, only export 619/622
Loading latest checkpoint from load_dir
Loading latest checkpoint from load_dir
✅ Done loading checkpoint from 
outputs/ctrl_009_004_ratio3_sh0_dense_mid200/ratio3_sh0_dense/f1101/splatfacto/2026-08-20_192412/nerfstudio_models/step-
000001999.ckpt
0 Gaussians have NaN/Inf and 6 have low opacity, only export 645/651
✅ Done loading checkpoint from 
outputs/ctrl_009_004_ratio3_sh0_dense_mid200/ratio3_sh0_dense/f1105/splatfacto/2026-08-20_192413/nerfstudio_models/step-
000001999.ckpt
0 Gaussians have NaN/Inf and 4 have low opacity, only export 614/618
[gpu0_w4] ratio3_sh0_dense__f1100 -> ok (113.8s)
[gpu1_w1] ratio3_sh0_dense__f1108 -> ok (114.1s)
[gpu1_w2] ratio3_sh0_dense__f1102 -> ok (114.2s)
[gpu1_w4] ratio3_sh0_dense__f1109 -> ok (114.4s)
[gpu1_w5] ratio3_sh0_dense__f1104 -> ok (114.7s)
[gpu0_w3] ratio3_sh0_dense__f1103 -> ok (114.8s)
[gpu1_w3] ratio3_sh0_dense__f1111 -> ok (114.8s)
[gpu0_w0] ratio3_sh0_dense__f1110 -> ok (115.0s)
[gpu1_w0] ratio3_sh0_dense__f1107 -> ok (115.1s)
[gpu0_w5] ratio3_sh0_dense__f1106 -> ok (115.2s)
[gpu0_w1] ratio3_sh0_dense__f1101 -> ok (115.6s)
[gpu0_w2] ratio3_sh0_dense__f1105 -> ok (115.7s)
[19:27:51]  Be careful with '--eval-mode=all'. If using camera optimization, the cameras    nerfstudio_dataparser.py:216
           may diverge in the current implementation, giving unpredictable results.                                     
            Be careful with '--eval-mode=all'. If using camera optimization, the cameras    nerfstudio_dataparser.py:216
           may diverge in the current implementation, giving unpredictable results.                                     
[19:27:52] use color only optimization with sigmoid activation                                         splatfacto.py:266
Loading latest checkpoint from load_dir
✅ Done loading checkpoint from 
outputs/ctrl_009_004_ratio3_sh0_dense_mid200/ratio3_sh0_dense/f1120/splatfacto/2026-08-20_192607/nerfstudio_models/step-
000001999.ckpt
0 Gaussians have NaN/Inf and 3 have low opacity, only export 720/723
[19:27:52]  Be careful with '--eval-mode=all'. If using camera optimization, the cameras    nerfstudio_dataparser.py:216
           may diverge in the current implementation, giving unpredictable results.                                     
            Be careful with '--eval-mode=all'. If using camera optimization, the cameras    nerfstudio_dataparser.py:216
           may diverge in the current implementation, giving unpredictable results.                                     
[19:27:53] use color only optimization with sigmoid activation                                         splatfacto.py:266
[19:27:53]  Be careful with '--eval-mode=all'. If using camera optimization, the cameras    nerfstudio_dataparser.py:216
           may diverge in the current implementation, giving unpredictable results.                                     
            Be careful with '--eval-mode=all'. If using camera optimization, the cameras    nerfstudio_dataparser.py:216
           may diverge in the current implementation, giving unpredictable results.                                     
[19:27:53]  Be careful with '--eval-mode=all'. If using camera optimization, the cameras    nerfstudio_dataparser.py:216
           may diverge in the current implementation, giving unpredictable results.                                     
            Be careful with '--eval-mode=all'. If using camera optimization, the cameras    nerfstudio_dataparser.py:216
           may diverge in the current implementation, giving unpredictable results.                                     
           use color only optimization with sigmoid activation                                         splatfacto.py:266
           use color only optimization with sigmoid activation                                         splatfacto.py:266
[19:27:53]  Be careful with '--eval-mode=all'. If using camera optimization, the cameras    nerfstudio_dataparser.py:216
           may diverge in the current implementation, giving unpredictable results.                                     
            Be careful with '--eval-mode=all'. If using camera optimization, the cameras    nerfstudio_dataparser.py:216
           may diverge in the current implementation, giving unpredictable results.                                     
[19:27:54] use color only optimization with sigmoid activation                                         splatfacto.py:266
Loading latest checkpoint from load_dir
✅ Done loading checkpoint from 
outputs/ctrl_009_004_ratio3_sh0_dense_mid200/ratio3_sh0_dense/f1115/splatfacto/2026-08-20_192609/nerfstudio_models/step-
000001999.ckpt
0 Gaussians have NaN/Inf and 2 have low opacity, only export 625/627
[19:27:54]  Be careful with '--eval-mode=all'. If using camera optimization, the cameras    nerfstudio_dataparser.py:216
           may diverge in the current implementation, giving unpredictable results.                                     
            Be careful with '--eval-mode=all'. If using camera optimization, the cameras    nerfstudio_dataparser.py:216
           may diverge in the current implementation, giving unpredictable results.                                     
[19:27:54]  Be careful with '--eval-mode=all'. If using camera optimization, the cameras    nerfstudio_dataparser.py:216
           may diverge in the current implementation, giving unpredictable results.                                     
            Be careful with '--eval-mode=all'. If using camera optimization, the cameras    nerfstudio_dataparser.py:216
           may diverge in the current implementation, giving unpredictable results.                                     
[19:27:54]  Be careful with '--eval-mode=all'. If using camera optimization, the cameras    nerfstudio_dataparser.py:216
           may diverge in the current implementation, giving unpredictable results.                                     
            Be careful with '--eval-mode=all'. If using camera optimization, the cameras    nerfstudio_dataparser.py:216
           may diverge in the current implementation, giving unpredictable results.                                     
Loading latest checkpoint from load_dir
✅ Done loading checkpoint from 
outputs/ctrl_009_004_ratio3_sh0_dense_mid200/ratio3_sh0_dense/f1116/splatfacto/2026-08-20_192609/nerfstudio_models/step-
000001999.ckpt
0 Gaussians have NaN/Inf and 1 have low opacity, only export 720/721
           use color only optimization with sigmoid activation                                         splatfacto.py:266
           use color only optimization with sigmoid activation                                         splatfacto.py:266
Loading latest checkpoint from load_dir
✅ Done loading checkpoint from 
outputs/ctrl_009_004_ratio3_sh0_dense_mid200/ratio3_sh0_dense/f1117/splatfacto/2026-08-20_192609/nerfstudio_models/step-
000001999.ckpt
0 Gaussians have NaN/Inf and 2 have low opacity, only export 666/668
           use color only optimization with sigmoid activation                                         splatfacto.py:266
[gpu1_w0] ratio3_sh0_dense__f1120 -> ok (110.4s)
Loading latest checkpoint from load_dir
✅ Done loading checkpoint from 
outputs/ctrl_009_004_ratio3_sh0_dense_mid200/ratio3_sh0_dense/f1123/splatfacto/2026-08-20_192608/nerfstudio_models/step-
000001999.ckpt
0 Gaussians have NaN/Inf and 2 have low opacity, only export 679/681
Loading latest checkpoint from load_dir
[19:27:55]  Be careful with '--eval-mode=all'. If using camera optimization, the cameras    nerfstudio_dataparser.py:216
           may diverge in the current implementation, giving unpredictable results.                                     
            Be careful with '--eval-mode=all'. If using camera optimization, the cameras    nerfstudio_dataparser.py:216
           may diverge in the current implementation, giving unpredictable results.                                     
✅ Done loading checkpoint from 
outputs/ctrl_009_004_ratio3_sh0_dense_mid200/ratio3_sh0_dense/f1118/splatfacto/2026-08-20_192609/nerfstudio_models/step-
000001999.ckpt
0 Gaussians have NaN/Inf and 4 have low opacity, only export 636/640
[19:27:55]  Be careful with '--eval-mode=all'. If using camera optimization, the cameras    nerfstudio_dataparser.py:216
           may diverge in the current implementation, giving unpredictable results.                                     
            Be careful with '--eval-mode=all'. If using camera optimization, the cameras    nerfstudio_dataparser.py:216
           may diverge in the current implementation, giving unpredictable results.                                     
Loading latest checkpoint from load_dir
[19:27:55]  Be careful with '--eval-mode=all'. If using camera optimization, the cameras    nerfstudio_dataparser.py:216
           may diverge in the current implementation, giving unpredictable results.                                     
            Be careful with '--eval-mode=all'. If using camera optimization, the cameras    nerfstudio_dataparser.py:216
           may diverge in the current implementation, giving unpredictable results.                                     
✅ Done loading checkpoint from 
outputs/ctrl_009_004_ratio3_sh0_dense_mid200/ratio3_sh0_dense/f1121/splatfacto/2026-08-20_192609/nerfstudio_models/step-
000001999.ckpt
           use color only optimization with sigmoid activation                                         splatfacto.py:266
0 Gaussians have NaN/Inf and 1 have low opacity, only export 681/682
           use color only optimization with sigmoid activation                                         splatfacto.py:266
Loading latest checkpoint from load_dir
[19:27:56] use color only optimization with sigmoid activation                                         splatfacto.py:266
✅ Done loading checkpoint from 
outputs/ctrl_009_004_ratio3_sh0_dense_mid200/ratio3_sh0_dense/f1112/splatfacto/2026-08-20_192609/nerfstudio_models/step-
000001999.ckpt
0 Gaussians have NaN/Inf and 5 have low opacity, only export 623/628
[19:27:56]  Be careful with '--eval-mode=all'. If using camera optimization, the cameras    nerfstudio_dataparser.py:216
           may diverge in the current implementation, giving unpredictable results.                                     
            Be careful with '--eval-mode=all'. If using camera optimization, the cameras    nerfstudio_dataparser.py:216
           may diverge in the current implementation, giving unpredictable results.                                     
           use color only optimization with sigmoid activation                                         splatfacto.py:266
[gpu1_w4] ratio3_sh0_dense__f1115 -> ok (112.6s)
Loading latest checkpoint from load_dir
✅ Done loading checkpoint from 
outputs/ctrl_009_004_ratio3_sh0_dense_mid200/ratio3_sh0_dense/f1119/splatfacto/2026-08-20_192610/nerfstudio_models/step-
000001999.ckpt
0 Gaussians have NaN/Inf and 2 have low opacity, only export 655/657
Loading latest checkpoint from load_dir
✅ Done loading checkpoint from 
outputs/ctrl_009_004_ratio3_sh0_dense_mid200/ratio3_sh0_dense/f1122/splatfacto/2026-08-20_192609/nerfstudio_models/step-
000001999.ckpt
Loading latest checkpoint from load_dir
0 Gaussians have NaN/Inf and 2 have low opacity, only export 644/646
✅ Done loading checkpoint from 
outputs/ctrl_009_004_ratio3_sh0_dense_mid200/ratio3_sh0_dense/f1113/splatfacto/2026-08-20_192609/nerfstudio_models/step-
000001999.ckpt
0 Gaussians have NaN/Inf and 6 have low opacity, only export 678/684
[gpu1_w5] ratio3_sh0_dense__f1116 -> ok (112.8s)
Loading latest checkpoint from load_dir
[gpu0_w3] ratio3_sh0_dense__f1117 -> ok (112.9s)
✅ Done loading checkpoint from 
outputs/ctrl_009_004_ratio3_sh0_dense_mid200/ratio3_sh0_dense/f1114/splatfacto/2026-08-20_192609/nerfstudio_models/step-
000001999.ckpt
0 Gaussians have NaN/Inf and 6 have low opacity, only export 716/722
[gpu0_w2] ratio3_sh0_dense__f1123 -> ok (112.6s)
[gpu1_w3] ratio3_sh0_dense__f1118 -> ok (113.7s)
[gpu0_w5] ratio3_sh0_dense__f1121 -> ok (113.4s)
[gpu0_w4] ratio3_sh0_dense__f1112 -> ok (114.9s)
[gpu0_w1] ratio3_sh0_dense__f1122 -> ok (113.8s)
[gpu0_w0] ratio3_sh0_dense__f1119 -> ok (114.4s)
[gpu1_w1] ratio3_sh0_dense__f1113 -> ok (115.5s)
[gpu1_w2] ratio3_sh0_dense__f1114 -> ok (115.6s)
[19:29:48]  Be careful with '--eval-mode=all'. If using camera optimization, the cameras    nerfstudio_dataparser.py:216
           may diverge in the current implementation, giving unpredictable results.                                     
            Be careful with '--eval-mode=all'. If using camera optimization, the cameras    nerfstudio_dataparser.py:216
           may diverge in the current implementation, giving unpredictable results.                                     
           use color only optimization with sigmoid activation                                         splatfacto.py:266
[19:29:49]  Be careful with '--eval-mode=all'. If using camera optimization, the cameras    nerfstudio_dataparser.py:216
           may diverge in the current implementation, giving unpredictable results.                                     
            Be careful with '--eval-mode=all'. If using camera optimization, the cameras    nerfstudio_dataparser.py:216
           may diverge in the current implementation, giving unpredictable results.                                     
Loading latest checkpoint from load_dir
✅ Done loading checkpoint from 
outputs/ctrl_009_004_ratio3_sh0_dense_mid200/ratio3_sh0_dense/f1124/splatfacto/2026-08-20_192805/nerfstudio_models/step-
000001999.ckpt
0 Gaussians have NaN/Inf and 1 have low opacity, only export 669/670
           use color only optimization with sigmoid activation                                         splatfacto.py:266
Loading latest checkpoint from load_dir
✅ Done loading checkpoint from 
outputs/ctrl_009_004_ratio3_sh0_dense_mid200/ratio3_sh0_dense/f1125/splatfacto/2026-08-20_192807/nerfstudio_models/step-
000001999.ckpt
0 Gaussians have NaN/Inf and 4 have low opacity, only export 689/693
[19:29:51]  Be careful with '--eval-mode=all'. If using camera optimization, the cameras    nerfstudio_dataparser.py:216
           may diverge in the current implementation, giving unpredictable results.                                     
            Be careful with '--eval-mode=all'. If using camera optimization, the cameras    nerfstudio_dataparser.py:216
           may diverge in the current implementation, giving unpredictable results.                                     
           use color only optimization with sigmoid activation                                         splatfacto.py:266
[19:29:51]  Be careful with '--eval-mode=all'. If using camera optimization, the cameras    nerfstudio_dataparser.py:216
           may diverge in the current implementation, giving unpredictable results.                                     
            Be careful with '--eval-mode=all'. If using camera optimization, the cameras    nerfstudio_dataparser.py:216
           may diverge in the current implementation, giving unpredictable results.                                     
[gpu1_w0] ratio3_sh0_dense__f1124 -> ok (111.5s)
           use color only optimization with sigmoid activation                                         splatfacto.py:266
[19:29:51]  Be careful with '--eval-mode=all'. If using camera optimization, the cameras    nerfstudio_dataparser.py:216
           may diverge in the current implementation, giving unpredictable results.                                     
Loading latest checkpoint from load_dir
[19:29:52]  Be careful with '--eval-mode=all'. If using camera optimization, the cameras    nerfstudio_dataparser.py:216
           may diverge in the current implementation, giving unpredictable results.                                     
✅ Done loading checkpoint from 
outputs/ctrl_009_004_ratio3_sh0_dense_mid200/ratio3_sh0_dense/f1127/splatfacto/2026-08-20_192807/nerfstudio_models/step-
000001999.ckpt
0 Gaussians have NaN/Inf and 1 have low opacity, only export 697/698
           use color only optimization with sigmoid activation                                         splatfacto.py:266
[19:29:52]  Be careful with '--eval-mode=all'. If using camera optimization, the cameras    nerfstudio_dataparser.py:216
           may diverge in the current implementation, giving unpredictable results.                                     
            Be careful with '--eval-mode=all'. If using camera optimization, the cameras    nerfstudio_dataparser.py:216
           may diverge in the current implementation, giving unpredictable results.                                     
Loading latest checkpoint from load_dir
✅ Done loading checkpoint from 
outputs/ctrl_009_004_ratio3_sh0_dense_mid200/ratio3_sh0_dense/f1134/splatfacto/2026-08-20_192807/nerfstudio_models/step-
000001999.ckpt
0 Gaussians have NaN/Inf and 1 have low opacity, only export 675/676
           use color only optimization with sigmoid activation                                         splatfacto.py:266
[19:29:52]  Be careful with '--eval-mode=all'. If using camera optimization, the cameras    nerfstudio_dataparser.py:216
           may diverge in the current implementation, giving unpredictable results.                                     
            Be careful with '--eval-mode=all'. If using camera optimization, the cameras    nerfstudio_dataparser.py:216
           may diverge in the current implementation, giving unpredictable results.                                     
[gpu1_w4] ratio3_sh0_dense__f1125 -> ok (110.9s)
           use color only optimization with sigmoid activation                                         splatfacto.py:266
[19:29:52]  Be careful with '--eval-mode=all'. If using camera optimization, the cameras    nerfstudio_dataparser.py:216
           may diverge in the current implementation, giving unpredictable results.                                     
            Be careful with '--eval-mode=all'. If using camera optimization, the cameras    nerfstudio_dataparser.py:216
           may diverge in the current implementation, giving unpredictable results.                                     
Loading latest checkpoint from load_dir
[19:29:53]  Be careful with '--eval-mode=all'. If using camera optimization, the cameras    nerfstudio_dataparser.py:216
           may diverge in the current implementation, giving unpredictable results.                                     
            Be careful with '--eval-mode=all'. If using camera optimization, the cameras    nerfstudio_dataparser.py:216
           may diverge in the current implementation, giving unpredictable results.                                     
✅ Done loading checkpoint from 
outputs/ctrl_009_004_ratio3_sh0_dense_mid200/ratio3_sh0_dense/f1129/splatfacto/2026-08-20_192807/nerfstudio_models/step-
000001999.ckpt
[19:29:53] use color only optimization with sigmoid activation                                         splatfacto.py:266
           use color only optimization with sigmoid activation                                         splatfacto.py:266
[19:29:53]  Be careful with '--eval-mode=all'. If using camera optimization, the cameras    nerfstudio_dataparser.py:216
           may diverge in the current implementation, giving unpredictable results.                                     
            Be careful with '--eval-mode=all'. If using camera optimization, the cameras    nerfstudio_dataparser.py:216
           may diverge in the current implementation, giving unpredictable results.                                     
Loading latest checkpoint from load_dir
✅ Done loading checkpoint from 
outputs/ctrl_009_004_ratio3_sh0_dense_mid200/ratio3_sh0_dense/f1126/splatfacto/2026-08-20_192807/nerfstudio_models/step-
000001999.ckpt
0 Gaussians have NaN/Inf and 1 have low opacity, only export 657/658
           use color only optimization with sigmoid activation                                         splatfacto.py:266
[19:29:53]  Be careful with '--eval-mode=all'. If using camera optimization, the cameras    nerfstudio_dataparser.py:216
           may diverge in the current implementation, giving unpredictable results.                                     
            Be careful with '--eval-mode=all'. If using camera optimization, the cameras    nerfstudio_dataparser.py:216
           may diverge in the current implementation, giving unpredictable results.                                     
Loading latest checkpoint from load_dir
✅ Done loading checkpoint from 
outputs/ctrl_009_004_ratio3_sh0_dense_mid200/ratio3_sh0_dense/f1128/splatfacto/2026-08-20_192808/nerfstudio_models/step-
000001999.ckpt
0 Gaussians have NaN/Inf and 2 have low opacity, only export 710/712
           use color only optimization with sigmoid activation                                         splatfacto.py:266
[gpu0_w3] ratio3_sh0_dense__f1127 -> ok (111.6s)
Loading latest checkpoint from load_dir
✅ Done loading checkpoint from 
outputs/ctrl_009_004_ratio3_sh0_dense_mid200/ratio3_sh0_dense/f1131/splatfacto/2026-08-20_192808/nerfstudio_models/step-
000001999.ckpt
[19:29:54]  Be careful with '--eval-mode=all'. If using camera optimization, the cameras    nerfstudio_dataparser.py:216
           may diverge in the current implementation, giving unpredictable results.                                     
            Be careful with '--eval-mode=all'. If using camera optimization, the cameras    nerfstudio_dataparser.py:216
           may diverge in the current implementation, giving unpredictable results.                                     
Loading latest checkpoint from load_dir
✅ Done loading checkpoint from 
outputs/ctrl_009_004_ratio3_sh0_dense_mid200/ratio3_sh0_dense/f1135/splatfacto/2026-08-20_192809/nerfstudio_models/step-
000001999.ckpt
0 Gaussians have NaN/Inf and 1 have low opacity, only export 706/707
           use color only optimization with sigmoid activation                                         splatfacto.py:266
[gpu1_w1] ratio3_sh0_dense__f1134 -> ok (110.1s)
Loading latest checkpoint from load_dir
✅ Done loading checkpoint from 
outputs/ctrl_009_004_ratio3_sh0_dense_mid200/ratio3_sh0_dense/f1130/splatfacto/2026-08-20_192808/nerfstudio_models/step-
000001999.ckpt
0 Gaussians have NaN/Inf and 2 have low opacity, only export 642/644
Loading latest checkpoint from load_dir
✅ Done loading checkpoint from 
outputs/ctrl_009_004_ratio3_sh0_dense_mid200/ratio3_sh0_dense/f1132/splatfacto/2026-08-20_192808/nerfstudio_models/step-
000001999.ckpt
0 Gaussians have NaN/Inf and 3 have low opacity, only export 658/661
[gpu1_w3] ratio3_sh0_dense__f1129 -> ok (111.9s)
Loading latest checkpoint from load_dir
✅ Done loading checkpoint from 
outputs/ctrl_009_004_ratio3_sh0_dense_mid200/ratio3_sh0_dense/f1133/splatfacto/2026-08-20_192809/nerfstudio_models/step-
000001999.ckpt
0 Gaussians have NaN/Inf and 3 have low opacity, only export 723/726
[gpu1_w5] ratio3_sh0_dense__f1126 -> ok (113.2s)
[gpu0_w2] ratio3_sh0_dense__f1128 -> ok (112.8s)
[gpu0_w4] ratio3_sh0_dense__f1131 -> ok (112.6s)
[gpu1_w2] ratio3_sh0_dense__f1135 -> ok (111.8s)
[gpu0_w5] ratio3_sh0_dense__f1130 -> ok (113.1s)
[gpu0_w1] ratio3_sh0_dense__f1132 -> ok (112.5s)
[gpu0_w0] ratio3_sh0_dense__f1133 -> ok (113.0s)
[19:31:43]  Be careful with '--eval-mode=all'. If using camera optimization, the cameras    nerfstudio_dataparser.py:216
           may diverge in the current implementation, giving unpredictable results.                                     
            Be careful with '--eval-mode=all'. If using camera optimization, the cameras    nerfstudio_dataparser.py:216
           may diverge in the current implementation, giving unpredictable results.                                     
[19:31:44] use color only optimization with sigmoid activation                                         splatfacto.py:266
[19:31:44]  Be careful with '--eval-mode=all'. If using camera optimization, the cameras    nerfstudio_dataparser.py:216
           may diverge in the current implementation, giving unpredictable results.                                     
            Be careful with '--eval-mode=all'. If using camera optimization, the cameras    nerfstudio_dataparser.py:216
           may diverge in the current implementation, giving unpredictable results.                                     
Loading latest checkpoint from load_dir
✅ Done loading checkpoint from 
outputs/ctrl_009_004_ratio3_sh0_dense_mid200/ratio3_sh0_dense/f1136/splatfacto/2026-08-20_193000/nerfstudio_models/step-
000001999.ckpt
[19:31:45] use color only optimization with sigmoid activation                                         splatfacto.py:266
0 Gaussians have NaN/Inf and 2 have low opacity, only export 683/685
[19:31:45]  Be careful with '--eval-mode=all'. If using camera optimization, the cameras    nerfstudio_dataparser.py:216
           may diverge in the current implementation, giving unpredictable results.                                     
            Be careful with '--eval-mode=all'. If using camera optimization, the cameras    nerfstudio_dataparser.py:216
           may diverge in the current implementation, giving unpredictable results.                                     
Loading latest checkpoint from load_dir
✅ Done loading checkpoint from 
outputs/ctrl_009_004_ratio3_sh0_dense_mid200/ratio3_sh0_dense/f1137/splatfacto/2026-08-20_193001/nerfstudio_models/step-
000001999.ckpt
0 Gaussians have NaN/Inf and 3 have low opacity, only export 738/741
[19:31:46] use color only optimization with sigmoid activation                                         splatfacto.py:266
[19:31:46]  Be careful with '--eval-mode=all'. If using camera optimization, the cameras    nerfstudio_dataparser.py:216
           may diverge in the current implementation, giving unpredictable results.                                     
            Be careful with '--eval-mode=all'. If using camera optimization, the cameras    nerfstudio_dataparser.py:216
           may diverge in the current implementation, giving unpredictable results.                                     
[19:31:46]  Be careful with '--eval-mode=all'. If using camera optimization, the cameras    nerfstudio_dataparser.py:216
           may diverge in the current implementation, giving unpredictable results.                                     
            Be careful with '--eval-mode=all'. If using camera optimization, the cameras    nerfstudio_dataparser.py:216
           may diverge in the current implementation, giving unpredictable results.                                     
           use color only optimization with sigmoid activation                                         splatfacto.py:266
           use color only optimization with sigmoid activation                                         splatfacto.py:266
Loading latest checkpoint from load_dir
✅ Done loading checkpoint from 
outputs/ctrl_009_004_ratio3_sh0_dense_mid200/ratio3_sh0_dense/f1140/splatfacto/2026-08-20_193003/nerfstudio_models/step-
000001999.ckpt
0 Gaussians have NaN/Inf and 6 have low opacity, only export 718/724
[gpu1_w0] ratio3_sh0_dense__f1136 -> ok (111.4s)
Loading latest checkpoint from load_dir
[19:31:47]  Be careful with '--eval-mode=all'. If using camera optimization, the cameras    nerfstudio_dataparser.py:216
           may diverge in the current implementation, giving unpredictable results.                                     
Loading latest checkpoint from load_dir
            Be careful with '--eval-mode=all'. If using camera optimization, the cameras    nerfstudio_dataparser.py:216
           may diverge in the current implementation, giving unpredictable results.                                     
✅ Done loading checkpoint from 
outputs/ctrl_009_004_ratio3_sh0_dense_mid200/ratio3_sh0_dense/f1138/splatfacto/2026-08-20_193002/nerfstudio_models/step-
000001999.ckpt
✅ Done loading checkpoint from 
outputs/ctrl_009_004_ratio3_sh0_dense_mid200/ratio3_sh0_dense/f1139/splatfacto/2026-08-20_193003/nerfstudio_models/step-
000001999.ckpt
0 Gaussians have NaN/Inf and 4 have low opacity, only export 688/692
0 Gaussians have NaN/Inf and 2 have low opacity, only export 766/768
           use color only optimization with sigmoid activation                                         splatfacto.py:266
[gpu1_w4] ratio3_sh0_dense__f1137 -> ok (111.1s)
[19:31:48]  Be careful with '--eval-mode=all'. If using camera optimization, the cameras    nerfstudio_dataparser.py:216
           may diverge in the current implementation, giving unpredictable results.                                     
            Be careful with '--eval-mode=all'. If using camera optimization, the cameras    nerfstudio_dataparser.py:216
           may diverge in the current implementation, giving unpredictable results.                                     
[19:31:48]  Be careful with '--eval-mode=all'. If using camera optimization, the cameras    nerfstudio_dataparser.py:216
           may diverge in the current implementation, giving unpredictable results.                                     
            Be careful with '--eval-mode=all'. If using camera optimization, the cameras    nerfstudio_dataparser.py:216
           may diverge in the current implementation, giving unpredictable results.                                     
Loading latest checkpoint from load_dir
[19:31:48]  Be careful with '--eval-mode=all'. If using camera optimization, the cameras    nerfstudio_dataparser.py:216
           may diverge in the current implementation, giving unpredictable results.                                     
            Be careful with '--eval-mode=all'. If using camera optimization, the cameras    nerfstudio_dataparser.py:216
           may diverge in the current implementation, giving unpredictable results.                                     
           use color only optimization with sigmoid activation                                         splatfacto.py:266
✅ Done loading checkpoint from 
outputs/ctrl_009_004_ratio3_sh0_dense_mid200/ratio3_sh0_dense/f1144/splatfacto/2026-08-20_193004/nerfstudio_models/step-
000001999.ckpt
0 Gaussians have NaN/Inf and 8 have low opacity, only export 720/728
           use color only optimization with sigmoid activation                                         splatfacto.py:266
           use color only optimization with sigmoid activation                                         splatfacto.py:266
[19:31:48]  Be careful with '--eval-mode=all'. If using camera optimization, the cameras    nerfstudio_dataparser.py:216
           may diverge in the current implementation, giving unpredictable results.                                     
            Be careful with '--eval-mode=all'. If using camera optimization, the cameras    nerfstudio_dataparser.py:216
           may diverge in the current implementation, giving unpredictable results.                                     
Loading latest checkpoint from load_dir
✅ Done loading checkpoint from 
outputs/ctrl_009_004_ratio3_sh0_dense_mid200/ratio3_sh0_dense/f1146/splatfacto/2026-08-20_193005/nerfstudio_models/step-
000001999.ckpt
0 Gaussians have NaN/Inf and 4 have low opacity, only export 764/768
[19:31:49] use color only optimization with sigmoid activation                                         splatfacto.py:266
Loading latest checkpoint from load_dir
✅ Done loading checkpoint from 
outputs/ctrl_009_004_ratio3_sh0_dense_mid200/ratio3_sh0_dense/f1147/splatfacto/2026-08-20_193004/nerfstudio_models/step-
000001999.ckpt
0 Gaussians have NaN/Inf and 1 have low opacity, only export 730/731
Loading latest checkpoint from load_dir
[gpu1_w3] ratio3_sh0_dense__f1140 -> ok (110.1s)
✅ Done loading checkpoint from 
outputs/ctrl_009_004_ratio3_sh0_dense_mid200/ratio3_sh0_dense/f1143/splatfacto/2026-08-20_193003/nerfstudio_models/step-
000001999.ckpt
0 Gaussians have NaN/Inf and 4 have low opacity, only export 698/702
[gpu1_w1] ratio3_sh0_dense__f1139 -> ok (110.9s)
[19:31:49]  Be careful with '--eval-mode=all'. If using camera optimization, the cameras    nerfstudio_dataparser.py:216
           may diverge in the current implementation, giving unpredictable results.                                     
            Be careful with '--eval-mode=all'. If using camera optimization, the cameras    nerfstudio_dataparser.py:216
           may diverge in the current implementation, giving unpredictable results.                                     
[19:31:49]  Be careful with '--eval-mode=all'. If using camera optimization, the cameras    nerfstudio_dataparser.py:216
           may diverge in the current implementation, giving unpredictable results.                                     
            Be careful with '--eval-mode=all'. If using camera optimization, the cameras    nerfstudio_dataparser.py:216
           may diverge in the current implementation, giving unpredictable results.                                     
[gpu0_w3] ratio3_sh0_dense__f1138 -> ok (111.3s)
           use color only optimization with sigmoid activation                                         splatfacto.py:266
           use color only optimization with sigmoid activation                                         splatfacto.py:266
Loading latest checkpoint from load_dir
✅ Done loading checkpoint from 
outputs/ctrl_009_004_ratio3_sh0_dense_mid200/ratio3_sh0_dense/f1141/splatfacto/2026-08-20_193004/nerfstudio_models/step-
000001999.ckpt
[gpu1_w2] ratio3_sh0_dense__f1144 -> ok (110.0s)
Loading latest checkpoint from load_dir
✅ Done loading checkpoint from 
outputs/ctrl_009_004_ratio3_sh0_dense_mid200/ratio3_sh0_dense/f1142/splatfacto/2026-08-20_193005/nerfstudio_models/step-
000001999.ckpt
Loading latest checkpoint from load_dir
0 Gaussians have NaN/Inf and 4 have low opacity, only export 696/700
✅ Done loading checkpoint from 
outputs/ctrl_009_004_ratio3_sh0_dense_mid200/ratio3_sh0_dense/f1145/splatfacto/2026-08-20_193005/nerfstudio_models/step-
000001999.ckpt
0 Gaussians have NaN/Inf and 4 have low opacity, only export 799/803
[gpu0_w1] ratio3_sh0_dense__f1146 -> ok (110.2s)
[gpu0_w0] ratio3_sh0_dense__f1147 -> ok (109.9s)
[gpu0_w4] ratio3_sh0_dense__f1143 -> ok (111.1s)
[gpu1_w5] ratio3_sh0_dense__f1141 -> ok (112.5s)
[gpu0_w5] ratio3_sh0_dense__f1145 -> ok (111.9s)
[gpu0_w2] ratio3_sh0_dense__f1142 -> ok (112.4s)
[19:33:43]  Be careful with '--eval-mode=all'. If using camera optimization, the cameras    nerfstudio_dataparser.py:216
           may diverge in the current implementation, giving unpredictable results.                                     
            Be careful with '--eval-mode=all'. If using camera optimization, the cameras    nerfstudio_dataparser.py:216
           may diverge in the current implementation, giving unpredictable results.                                     
           use color only optimization with sigmoid activation                                         splatfacto.py:266
[19:33:44]  Be careful with '--eval-mode=all'. If using camera optimization, the cameras    nerfstudio_dataparser.py:216
           may diverge in the current implementation, giving unpredictable results.                                     
Loading latest checkpoint from load_dir
            Be careful with '--eval-mode=all'. If using camera optimization, the cameras    nerfstudio_dataparser.py:216
           may diverge in the current implementation, giving unpredictable results.                                     
✅ Done loading checkpoint from 
outputs/ctrl_009_004_ratio3_sh0_dense_mid200/ratio3_sh0_dense/f1148/splatfacto/2026-08-20_193156/nerfstudio_models/step-
000001999.ckpt
0 Gaussians have NaN/Inf and 1 have low opacity, only export 648/649
[19:33:44]  Be careful with '--eval-mode=all'. If using camera optimization, the cameras    nerfstudio_dataparser.py:216
           may diverge in the current implementation, giving unpredictable results.                                     
            Be careful with '--eval-mode=all'. If using camera optimization, the cameras    nerfstudio_dataparser.py:216
           may diverge in the current implementation, giving unpredictable results.                                     
           use color only optimization with sigmoid activation                                         splatfacto.py:266
[19:33:44]  Be careful with '--eval-mode=all'. If using camera optimization, the cameras    nerfstudio_dataparser.py:216
           may diverge in the current implementation, giving unpredictable results.                                     
            Be careful with '--eval-mode=all'. If using camera optimization, the cameras    nerfstudio_dataparser.py:216
           may diverge in the current implementation, giving unpredictable results.                                     
[19:33:45]  Be careful with '--eval-mode=all'. If using camera optimization, the cameras    nerfstudio_dataparser.py:216
           may diverge in the current implementation, giving unpredictable results.                                     
            Be careful with '--eval-mode=all'. If using camera optimization, the cameras    nerfstudio_dataparser.py:216
           may diverge in the current implementation, giving unpredictable results.                                     
[19:33:45] use color only optimization with sigmoid activation                                         splatfacto.py:266
[19:33:45] use color only optimization with sigmoid activation                                         splatfacto.py:266
           use color only optimization with sigmoid activation                                         splatfacto.py:266
[19:33:45]  Be careful with '--eval-mode=all'. If using camera optimization, the cameras    nerfstudio_dataparser.py:216
           may diverge in the current implementation, giving unpredictable results.                                     
            Be careful with '--eval-mode=all'. If using camera optimization, the cameras    nerfstudio_dataparser.py:216
           may diverge in the current implementation, giving unpredictable results.                                     
           use color only optimization with sigmoid activation                                         splatfacto.py:266
[19:33:45]  Be careful with '--eval-mode=all'. If using camera optimization, the cameras    nerfstudio_dataparser.py:216
           may diverge in the current implementation, giving unpredictable results.                                     
            Be careful with '--eval-mode=all'. If using camera optimization, the cameras    nerfstudio_dataparser.py:216
           may diverge in the current implementation, giving unpredictable results.                                     
[19:33:45]  Be careful with '--eval-mode=all'. If using camera optimization, the cameras    nerfstudio_dataparser.py:216
           may diverge in the current implementation, giving unpredictable results.                                     
Loading latest checkpoint from load_dir
            Be careful with '--eval-mode=all'. If using camera optimization, the cameras    nerfstudio_dataparser.py:216
           may diverge in the current implementation, giving unpredictable results.                                     
✅ Done loading checkpoint from 
outputs/ctrl_009_004_ratio3_sh0_dense_mid200/ratio3_sh0_dense/f1153/splatfacto/2026-08-20_193200/nerfstudio_models/step-
000001999.ckpt
0 Gaussians have NaN/Inf and 8 have low opacity, only export 676/684
Loading latest checkpoint from load_dir
           use color only optimization with sigmoid activation                                         splatfacto.py:266
✅ Done loading checkpoint from 
outputs/ctrl_009_004_ratio3_sh0_dense_mid200/ratio3_sh0_dense/f1152/splatfacto/2026-08-20_193159/nerfstudio_models/step-
000001999.ckpt
0 Gaussians have NaN/Inf and 2 have low opacity, only export 742/744
Loading latest checkpoint from load_dir
Loading latest checkpoint from load_dir
[19:33:46] use color only optimization with sigmoid activation                                         splatfacto.py:266
✅ Done loading checkpoint from 
outputs/ctrl_009_004_ratio3_sh0_dense_mid200/ratio3_sh0_dense/f1156/splatfacto/2026-08-20_193200/nerfstudio_models/step-
000001999.ckpt
✅ Done loading checkpoint from 
outputs/ctrl_009_004_ratio3_sh0_dense_mid200/ratio3_sh0_dense/f1149/splatfacto/2026-08-20_193157/nerfstudio_models/step-
000001999.ckpt
0 Gaussians have NaN/Inf and 4 have low opacity, only export 699/703
0 Gaussians have NaN/Inf and 5 have low opacity, only export 698/703
Loading latest checkpoint from load_dir
✅ Done loading checkpoint from 
outputs/ctrl_009_004_ratio3_sh0_dense_mid200/ratio3_sh0_dense/f1151/splatfacto/2026-08-20_193158/nerfstudio_models/step-
000001999.ckpt
0 Gaussians have NaN/Inf and 3 have low opacity, only export 656/659
[gpu1_w0] ratio3_sh0_dense__f1148 -> ok (113.7s)
Loading latest checkpoint from load_dir
✅ Done loading checkpoint from 
outputs/ctrl_009_004_ratio3_sh0_dense_mid200/ratio3_sh0_dense/f1150/splatfacto/2026-08-20_193159/nerfstudio_models/step-
000001999.ckpt
Loading latest checkpoint from load_dir
0 Gaussians have NaN/Inf and 2 have low opacity, only export 703/705
✅ Done loading checkpoint from 
outputs/ctrl_009_004_ratio3_sh0_dense_mid200/ratio3_sh0_dense/f1154/splatfacto/2026-08-20_193158/nerfstudio_models/step-
000001999.ckpt
0 Gaussians have NaN/Inf and 4 have low opacity, only export 723/727
[19:33:47]  Be careful with '--eval-mode=all'. If using camera optimization, the cameras    nerfstudio_dataparser.py:216
           may diverge in the current implementation, giving unpredictable results.                                     
            Be careful with '--eval-mode=all'. If using camera optimization, the cameras    nerfstudio_dataparser.py:216
           may diverge in the current implementation, giving unpredictable results.                                     
[19:33:47]  Be careful with '--eval-mode=all'. If using camera optimization, the cameras    nerfstudio_dataparser.py:216
           may diverge in the current implementation, giving unpredictable results.                                     
            Be careful with '--eval-mode=all'. If using camera optimization, the cameras    nerfstudio_dataparser.py:216
           may diverge in the current implementation, giving unpredictable results.                                     
           use color only optimization with sigmoid activation                                         splatfacto.py:266
           use color only optimization with sigmoid activation                                         splatfacto.py:266
[19:33:47]  Be careful with '--eval-mode=all'. If using camera optimization, the cameras    nerfstudio_dataparser.py:216
           may diverge in the current implementation, giving unpredictable results.                                     
            Be careful with '--eval-mode=all'. If using camera optimization, the cameras    nerfstudio_dataparser.py:216
           may diverge in the current implementation, giving unpredictable results.                                     
           use color only optimization with sigmoid activation                                         splatfacto.py:266
[19:33:47]  Be careful with '--eval-mode=all'. If using camera optimization, the cameras    nerfstudio_dataparser.py:216
           may diverge in the current implementation, giving unpredictable results.                                     
            Be careful with '--eval-mode=all'. If using camera optimization, the cameras    nerfstudio_dataparser.py:216
           may diverge in the current implementation, giving unpredictable results.                                     
[gpu1_w2] ratio3_sh0_dense__f1153 -> ok (111.8s)
[gpu0_w3] ratio3_sh0_dense__f1152 -> ok (112.6s)
[19:33:48] use color only optimization with sigmoid activation                                         splatfacto.py:266
[gpu0_w4] ratio3_sh0_dense__f1156 -> ok (111.0s)
Loading latest checkpoint from load_dir
✅ Done loading checkpoint from 
outputs/ctrl_009_004_ratio3_sh0_dense_mid200/ratio3_sh0_dense/f1159/splatfacto/2026-08-20_193202/nerfstudio_models/step-
000001999.ckpt
0 Gaussians have NaN/Inf and 3 have low opacity, only export 693/696
[gpu1_w4] ratio3_sh0_dense__f1149 -> ok (114.5s)
[gpu1_w1] ratio3_sh0_dense__f1151 -> ok (113.0s)
Loading latest checkpoint from load_dir
✅ Done loading checkpoint from 
outputs/ctrl_009_004_ratio3_sh0_dense_mid200/ratio3_sh0_dense/f1157/splatfacto/2026-08-20_193202/nerfstudio_models/step-
000001999.ckpt
0 Gaussians have NaN/Inf and 1 have low opacity, only export 668/669
Loading latest checkpoint from load_dir
✅ Done loading checkpoint from 
outputs/ctrl_009_004_ratio3_sh0_dense_mid200/ratio3_sh0_dense/f1155/splatfacto/2026-08-20_193201/nerfstudio_models/step-
000001999.ckpt
0 Gaussians have NaN/Inf and 3 have low opacity, only export 702/705
[gpu0_w1] ratio3_sh0_dense__f1154 -> ok (112.1s)
Loading latest checkpoint from load_dir
[gpu1_w3] ratio3_sh0_dense__f1150 -> ok (113.8s)
✅ Done loading checkpoint from 
outputs/ctrl_009_004_ratio3_sh0_dense_mid200/ratio3_sh0_dense/f1158/splatfacto/2026-08-20_193202/nerfstudio_models/step-
000001999.ckpt
0 Gaussians have NaN/Inf and 3 have low opacity, only export 624/627
[gpu0_w2] ratio3_sh0_dense__f1159 -> ok (111.8s)
[gpu1_w5] ratio3_sh0_dense__f1157 -> ok (112.2s)
[gpu0_w0] ratio3_sh0_dense__f1155 -> ok (113.4s)
[gpu0_w5] ratio3_sh0_dense__f1158 -> ok (112.4s)
[19:35:36]  Be careful with '--eval-mode=all'. If using camera optimization, the cameras    nerfstudio_dataparser.py:216
           may diverge in the current implementation, giving unpredictable results.                                     
            Be careful with '--eval-mode=all'. If using camera optimization, the cameras    nerfstudio_dataparser.py:216
           may diverge in the current implementation, giving unpredictable results.                                     
[19:35:37] use color only optimization with sigmoid activation                                         splatfacto.py:266
[19:35:37]  Be careful with '--eval-mode=all'. If using camera optimization, the cameras    nerfstudio_dataparser.py:216
           may diverge in the current implementation, giving unpredictable results.                                     
            Be careful with '--eval-mode=all'. If using camera optimization, the cameras    nerfstudio_dataparser.py:216
           may diverge in the current implementation, giving unpredictable results.                                     
Loading latest checkpoint from load_dir
✅ Done loading checkpoint from 
outputs/ctrl_009_004_ratio3_sh0_dense_mid200/ratio3_sh0_dense/f1160/splatfacto/2026-08-20_193355/nerfstudio_models/step-
000001999.ckpt
0 Gaussians have NaN/Inf and 2 have low opacity, only export 708/710
[19:35:38] use color only optimization with sigmoid activation                                         splatfacto.py:266
Loading latest checkpoint from load_dir
✅ Done loading checkpoint from 
outputs/ctrl_009_004_ratio3_sh0_dense_mid200/ratio3_sh0_dense/f1165/splatfacto/2026-08-20_193355/nerfstudio_models/step-
000001999.ckpt
0 Gaussians have NaN/Inf and 1 have low opacity, only export 668/669
[19:35:39]  Be careful with '--eval-mode=all'. If using camera optimization, the cameras    nerfstudio_dataparser.py:216
           may diverge in the current implementation, giving unpredictable results.                                     
            Be careful with '--eval-mode=all'. If using camera optimization, the cameras    nerfstudio_dataparser.py:216
           may diverge in the current implementation, giving unpredictable results.                                     
           use color only optimization with sigmoid activation                                         splatfacto.py:266
[19:35:39]  Be careful with '--eval-mode=all'. If using camera optimization, the cameras    nerfstudio_dataparser.py:216
           may diverge in the current implementation, giving unpredictable results.                                     
            Be careful with '--eval-mode=all'. If using camera optimization, the cameras    nerfstudio_dataparser.py:216
           may diverge in the current implementation, giving unpredictable results.                                     
           use color only optimization with sigmoid activation                                         splatfacto.py:266
[19:35:40]  Be careful with '--eval-mode=all'. If using camera optimization, the cameras    nerfstudio_dataparser.py:216
           may diverge in the current implementation, giving unpredictable results.                                     
            Be careful with '--eval-mode=all'. If using camera optimization, the cameras    nerfstudio_dataparser.py:216
           may diverge in the current implementation, giving unpredictable results.                                     
[gpu1_w0] ratio3_sh0_dense__f1160 -> ok (108.6s)
[19:35:40]  Be careful with '--eval-mode=all'. If using camera optimization, the cameras    nerfstudio_dataparser.py:216
           may diverge in the current implementation, giving unpredictable results.                                     
            Be careful with '--eval-mode=all'. If using camera optimization, the cameras    nerfstudio_dataparser.py:216
           may diverge in the current implementation, giving unpredictable results.                                     
           use color only optimization with sigmoid activation                                         splatfacto.py:266
Loading latest checkpoint from load_dir
✅ Done loading checkpoint from 
outputs/ctrl_009_004_ratio3_sh0_dense_mid200/ratio3_sh0_dense/f1166/splatfacto/2026-08-20_193357/nerfstudio_models/step-
000001999.ckpt
[19:35:40]  Be careful with '--eval-mode=all'. If using camera optimization, the cameras    nerfstudio_dataparser.py:216
           may diverge in the current implementation, giving unpredictable results.                                     
            Be careful with '--eval-mode=all'. If using camera optimization, the cameras    nerfstudio_dataparser.py:216
           may diverge in the current implementation, giving unpredictable results.                                     
           use color only optimization with sigmoid activation                                         splatfacto.py:266
           use color only optimization with sigmoid activation                                         splatfacto.py:266
Loading latest checkpoint from load_dir
✅ Done loading checkpoint from 
outputs/ctrl_009_004_ratio3_sh0_dense_mid200/ratio3_sh0_dense/f1161/splatfacto/2026-08-20_193357/nerfstudio_models/step-
000001999.ckpt
0 Gaussians have NaN/Inf and 1 have low opacity, only export 679/680
[19:35:40]  Be careful with '--eval-mode=all'. If using camera optimization, the cameras    nerfstudio_dataparser.py:216
           may diverge in the current implementation, giving unpredictable results.                                     
            Be careful with '--eval-mode=all'. If using camera optimization, the cameras    nerfstudio_dataparser.py:216
           may diverge in the current implementation, giving unpredictable results.                                     
[gpu1_w1] ratio3_sh0_dense__f1165 -> ok (107.8s)
           use color only optimization with sigmoid activation                                         splatfacto.py:266
Loading latest checkpoint from load_dir
✅ Done loading checkpoint from 
outputs/ctrl_009_004_ratio3_sh0_dense_mid200/ratio3_sh0_dense/f1170/splatfacto/2026-08-20_193357/nerfstudio_models/step-
000001999.ckpt
0 Gaussians have NaN/Inf and 2 have low opacity, only export 654/656
Loading latest checkpoint from load_dir
✅ Done loading checkpoint from 
outputs/ctrl_009_004_ratio3_sh0_dense_mid200/ratio3_sh0_dense/f1167/splatfacto/2026-08-20_193357/nerfstudio_models/step-
000001999.ckpt
0 Gaussians have NaN/Inf and 4 have low opacity, only export 656/660
[19:35:41]  Be careful with '--eval-mode=all'. If using camera optimization, the cameras    nerfstudio_dataparser.py:216
           may diverge in the current implementation, giving unpredictable results.                                     
            Be careful with '--eval-mode=all'. If using camera optimization, the cameras    nerfstudio_dataparser.py:216
           may diverge in the current implementation, giving unpredictable results.                                     
           use color only optimization with sigmoid activation                                         splatfacto.py:266
Loading latest checkpoint from load_dir
✅ Done loading checkpoint from 
outputs/ctrl_009_004_ratio3_sh0_dense_mid200/ratio3_sh0_dense/f1168/splatfacto/2026-08-20_193357/nerfstudio_models/step-
000001999.ckpt
0 Gaussians have NaN/Inf and 1 have low opacity, only export 663/664
[19:35:41]  Be careful with '--eval-mode=all'. If using camera optimization, the cameras    nerfstudio_dataparser.py:216
           may diverge in the current implementation, giving unpredictable results.                                     
            Be careful with '--eval-mode=all'. If using camera optimization, the cameras    nerfstudio_dataparser.py:216
           may diverge in the current implementation, giving unpredictable results.                                     
           use color only optimization with sigmoid activation                                         splatfacto.py:266
Loading latest checkpoint from load_dir
✅ Done loading checkpoint from 
outputs/ctrl_009_004_ratio3_sh0_dense_mid200/ratio3_sh0_dense/f1163/splatfacto/2026-08-20_193356/nerfstudio_models/step-
000001999.ckpt
0 Gaussians have NaN/Inf and 1 have low opacity, only export 645/646
[19:35:41]  Be careful with '--eval-mode=all'. If using camera optimization, the cameras    nerfstudio_dataparser.py:216
           may diverge in the current implementation, giving unpredictable results.                                     
            Be careful with '--eval-mode=all'. If using camera optimization, the cameras    nerfstudio_dataparser.py:216
           may diverge in the current implementation, giving unpredictable results.                                     
[19:35:42] use color only optimization with sigmoid activation                                         splatfacto.py:266
[gpu0_w1] ratio3_sh0_dense__f1166 -> ok (108.6s)
Loading latest checkpoint from load_dir
✅ Done loading checkpoint from 
outputs/ctrl_009_004_ratio3_sh0_dense_mid200/ratio3_sh0_dense/f1169/splatfacto/2026-08-20_193359/nerfstudio_models/step-
000001999.ckpt
0 Gaussians have NaN/Inf and 5 have low opacity, only export 580/585
Loading latest checkpoint from load_dir
✅ Done loading checkpoint from 
outputs/ctrl_009_004_ratio3_sh0_dense_mid200/ratio3_sh0_dense/f1164/splatfacto/2026-08-20_193357/nerfstudio_models/step-
000001999.ckpt
[gpu1_w2] ratio3_sh0_dense__f1161 -> ok (110.1s)
[19:35:42]  Be careful with '--eval-mode=all'. If using camera optimization, the cameras    nerfstudio_dataparser.py:216
           may diverge in the current implementation, giving unpredictable results.                                     
Loading latest checkpoint from load_dir
            Be careful with '--eval-mode=all'. If using camera optimization, the cameras    nerfstudio_dataparser.py:216
           may diverge in the current implementation, giving unpredictable results.                                     
✅ Done loading checkpoint from 
outputs/ctrl_009_004_ratio3_sh0_dense_mid200/ratio3_sh0_dense/f1162/splatfacto/2026-08-20_193357/nerfstudio_models/step-
000001999.ckpt
0 Gaussians have NaN/Inf and 2 have low opacity, only export 627/629
[19:35:43] use color only optimization with sigmoid activation                                         splatfacto.py:266
[gpu1_w3] ratio3_sh0_dense__f1167 -> ok (109.6s)
[gpu0_w0] ratio3_sh0_dense__f1170 -> ok (108.2s)
[gpu0_w2] ratio3_sh0_dense__f1168 -> ok (108.7s)
[gpu0_w4] ratio3_sh0_dense__f1163 -> ok (111.0s)
Loading latest checkpoint from load_dir
✅ Done loading checkpoint from 
outputs/ctrl_009_004_ratio3_sh0_dense_mid200/ratio3_sh0_dense/f1171/splatfacto/2026-08-20_193357/nerfstudio_models/step-
000001999.ckpt
0 Gaussians have NaN/Inf and 1 have low opacity, only export 631/632
[gpu1_w5] ratio3_sh0_dense__f1169 -> ok (109.2s)
[gpu1_w4] ratio3_sh0_dense__f1164 -> ok (111.2s)
[gpu0_w3] ratio3_sh0_dense__f1162 -> ok (112.3s)
[gpu0_w5] ratio3_sh0_dense__f1171 -> ok (110.6s)
[19:37:32]  Be careful with '--eval-mode=all'. If using camera optimization, the cameras    nerfstudio_dataparser.py:216
           may diverge in the current implementation, giving unpredictable results.                                     
            Be careful with '--eval-mode=all'. If using camera optimization, the cameras    nerfstudio_dataparser.py:216
           may diverge in the current implementation, giving unpredictable results.                                     
           use color only optimization with sigmoid activation                                         splatfacto.py:266
[19:37:32]  Be careful with '--eval-mode=all'. If using camera optimization, the cameras    nerfstudio_dataparser.py:216
           may diverge in the current implementation, giving unpredictable results.                                     
            Be careful with '--eval-mode=all'. If using camera optimization, the cameras    nerfstudio_dataparser.py:216
           may diverge in the current implementation, giving unpredictable results.                                     
[19:37:33] use color only optimization with sigmoid activation                                         splatfacto.py:266
Loading latest checkpoint from load_dir
✅ Done loading checkpoint from 
outputs/ctrl_009_004_ratio3_sh0_dense_mid200/ratio3_sh0_dense/f1173/splatfacto/2026-08-20_193550/nerfstudio_models/step-
000001999.ckpt
0 Gaussians have NaN/Inf and 3 have low opacity, only export 651/654
Loading latest checkpoint from load_dir
✅ Done loading checkpoint from 
outputs/ctrl_009_004_ratio3_sh0_dense_mid200/ratio3_sh0_dense/f1172/splatfacto/2026-08-20_193549/nerfstudio_models/step-
000001999.ckpt
0 Gaussians have NaN/Inf and 4 have low opacity, only export 651/655
[19:37:34]  Be careful with '--eval-mode=all'. If using camera optimization, the cameras    nerfstudio_dataparser.py:216
           may diverge in the current implementation, giving unpredictable results.                                     
            Be careful with '--eval-mode=all'. If using camera optimization, the cameras    nerfstudio_dataparser.py:216
           may diverge in the current implementation, giving unpredictable results.                                     
[19:37:34]  Be careful with '--eval-mode=all'. If using camera optimization, the cameras    nerfstudio_dataparser.py:216
           may diverge in the current implementation, giving unpredictable results.                                     
            Be careful with '--eval-mode=all'. If using camera optimization, the cameras    nerfstudio_dataparser.py:216
           may diverge in the current implementation, giving unpredictable results.                                     
           use color only optimization with sigmoid activation                                         splatfacto.py:266
           use color only optimization with sigmoid activation                                         splatfacto.py:266
[gpu1_w1] ratio3_sh0_dense__f1173 -> ok (110.2s)
[19:37:35]  Be careful with '--eval-mode=all'. If using camera optimization, the cameras    nerfstudio_dataparser.py:216
           may diverge in the current implementation, giving unpredictable results.                                     
            Be careful with '--eval-mode=all'. If using camera optimization, the cameras    nerfstudio_dataparser.py:216
           may diverge in the current implementation, giving unpredictable results.                                     
Loading latest checkpoint from load_dir
✅ Done loading checkpoint from 
outputs/ctrl_009_004_ratio3_sh0_dense_mid200/ratio3_sh0_dense/f1174/splatfacto/2026-08-20_193550/nerfstudio_models/step-
000001999.ckpt
0 Gaussians have NaN/Inf and 4 have low opacity, only export 632/636
Loading latest checkpoint from load_dir
✅ Done loading checkpoint from 
outputs/ctrl_009_004_ratio3_sh0_dense_mid200/ratio3_sh0_dense/f1175/splatfacto/2026-08-20_193551/nerfstudio_models/step-
000001999.ckpt
0 Gaussians have NaN/Inf and 1 have low opacity, only export 597/598
           use color only optimization with sigmoid activation                                         splatfacto.py:266
[19:37:37]  Be careful with '--eval-mode=all'. If using camera optimization, the cameras    nerfstudio_dataparser.py:216
           may diverge in the current implementation, giving unpredictable results.                                     
            Be careful with '--eval-mode=all'. If using camera optimization, the cameras    nerfstudio_dataparser.py:216
           may diverge in the current implementation, giving unpredictable results.                                     
[gpu1_w0] ratio3_sh0_dense__f1172 -> ok (111.4s)
           use color only optimization with sigmoid activation                                         splatfacto.py:266
[19:37:37]  Be careful with '--eval-mode=all'. If using camera optimization, the cameras    nerfstudio_dataparser.py:216
           may diverge in the current implementation, giving unpredictable results.                                     
            Be careful with '--eval-mode=all'. If using camera optimization, the cameras    nerfstudio_dataparser.py:216
           may diverge in the current implementation, giving unpredictable results.                                     
[19:37:37]  Be careful with '--eval-mode=all'. If using camera optimization, the cameras    nerfstudio_dataparser.py:216
           may diverge in the current implementation, giving unpredictable results.                                     
            Be careful with '--eval-mode=all'. If using camera optimization, the cameras    nerfstudio_dataparser.py:216
           may diverge in the current implementation, giving unpredictable results.                                     
           use color only optimization with sigmoid activation                                         splatfacto.py:266
[19:37:37]  Be careful with '--eval-mode=all'. If using camera optimization, the cameras    nerfstudio_dataparser.py:216
           may diverge in the current implementation, giving unpredictable results.                                     
[19:37:38]  Be careful with '--eval-mode=all'. If using camera optimization, the cameras    nerfstudio_dataparser.py:216
           may diverge in the current implementation, giving unpredictable results.                                     
Loading latest checkpoint from load_dir
✅ Done loading checkpoint from 
outputs/ctrl_009_004_ratio3_sh0_dense_mid200/ratio3_sh0_dense/f1179/splatfacto/2026-08-20_193551/nerfstudio_models/step-
000001999.ckpt
[19:37:38] use color only optimization with sigmoid activation                                         splatfacto.py:266
0 Gaussians have NaN/Inf and 7 have low opacity, only export 660/667
[19:37:38]  Be careful with '--eval-mode=all'. If using camera optimization, the cameras    nerfstudio_dataparser.py:216
           may diverge in the current implementation, giving unpredictable results.                                     
            Be careful with '--eval-mode=all'. If using camera optimization, the cameras    nerfstudio_dataparser.py:216
           may diverge in the current implementation, giving unpredictable results.                                     
           use color only optimization with sigmoid activation                                         splatfacto.py:266
           use color only optimization with sigmoid activation                                         splatfacto.py:266
Loading latest checkpoint from load_dir
✅ Done loading checkpoint from 
outputs/ctrl_009_004_ratio3_sh0_dense_mid200/ratio3_sh0_dense/f1177/splatfacto/2026-08-20_193552/nerfstudio_models/step-
000001999.ckpt
0 Gaussians have NaN/Inf and 2 have low opacity, only export 645/647
Loading latest checkpoint from load_dir
Loading latest checkpoint from load_dir
✅ Done loading checkpoint from 
outputs/ctrl_009_004_ratio3_sh0_dense_mid200/ratio3_sh0_dense/f1180/splatfacto/2026-08-20_193551/nerfstudio_models/step-
000001999.ckpt
0 Gaussians have NaN/Inf and 7 have low opacity, only export 591/598
✅ Done loading checkpoint from 
outputs/ctrl_009_004_ratio3_sh0_dense_mid200/ratio3_sh0_dense/f1176/splatfacto/2026-08-20_193552/nerfstudio_models/step-
000001999.ckpt
0 Gaussians have NaN/Inf and 7 have low opacity, only export 663/670
[gpu0_w1] ratio3_sh0_dense__f1174 -> ok (110.9s)
[gpu1_w2] ratio3_sh0_dense__f1175 -> ok (110.6s)
Loading latest checkpoint from load_dir
✅ Done loading checkpoint from 
outputs/ctrl_009_004_ratio3_sh0_dense_mid200/ratio3_sh0_dense/f1182/splatfacto/2026-08-20_193552/nerfstudio_models/step-
000001999.ckpt
[19:37:39]  Be careful with '--eval-mode=all'. If using camera optimization, the cameras    nerfstudio_dataparser.py:216
           may diverge in the current implementation, giving unpredictable results.                                     
Loading latest checkpoint from load_dir
            Be careful with '--eval-mode=all'. If using camera optimization, the cameras    nerfstudio_dataparser.py:216
           may diverge in the current implementation, giving unpredictable results.                                     
0 Gaussians have NaN/Inf and 1 have low opacity, only export 620/621
✅ Done loading checkpoint from 
outputs/ctrl_009_004_ratio3_sh0_dense_mid200/ratio3_sh0_dense/f1181/splatfacto/2026-08-20_193553/nerfstudio_models/step-
000001999.ckpt
0 Gaussians have NaN/Inf and 4 have low opacity, only export 607/611
           use color only optimization with sigmoid activation                                         splatfacto.py:266
[gpu0_w4] ratio3_sh0_dense__f1179 -> ok (110.5s)
Loading latest checkpoint from load_dir
✅ Done loading checkpoint from 
outputs/ctrl_009_004_ratio3_sh0_dense_mid200/ratio3_sh0_dense/f1178/splatfacto/2026-08-20_193552/nerfstudio_models/step-
000001999.ckpt
0 Gaussians have NaN/Inf and 8 have low opacity, only export 621/629
[19:37:40]  Be careful with '--eval-mode=all'. If using camera optimization, the cameras    nerfstudio_dataparser.py:216
           may diverge in the current implementation, giving unpredictable results.                                     
            Be careful with '--eval-mode=all'. If using camera optimization, the cameras    nerfstudio_dataparser.py:216
           may diverge in the current implementation, giving unpredictable results.                                     
[gpu0_w0] ratio3_sh0_dense__f1177 -> ok (111.4s)
[gpu1_w3] ratio3_sh0_dense__f1176 -> ok (111.5s)
           use color only optimization with sigmoid activation                                         splatfacto.py:266
[gpu1_w5] ratio3_sh0_dense__f1180 -> ok (110.7s)
[gpu0_w3] ratio3_sh0_dense__f1182 -> ok (110.1s)
[gpu1_w4] ratio3_sh0_dense__f1181 -> ok (110.9s)
Loading latest checkpoint from load_dir
✅ Done loading checkpoint from 
outputs/ctrl_009_004_ratio3_sh0_dense_mid200/ratio3_sh0_dense/f1183/splatfacto/2026-08-20_193554/nerfstudio_models/step-
000001999.ckpt
0 Gaussians have NaN/Inf and 3 have low opacity, only export 608/611
[gpu0_w2] ratio3_sh0_dense__f1178 -> ok (112.6s)
[gpu0_w5] ratio3_sh0_dense__f1183 -> ok (111.3s)
[19:39:28]  Be careful with '--eval-mode=all'. If using camera optimization, the cameras    nerfstudio_dataparser.py:216
           may diverge in the current implementation, giving unpredictable results.                                     
            Be careful with '--eval-mode=all'. If using camera optimization, the cameras    nerfstudio_dataparser.py:216
           may diverge in the current implementation, giving unpredictable results.                                     
[19:39:28]  Be careful with '--eval-mode=all'. If using camera optimization, the cameras    nerfstudio_dataparser.py:216
           may diverge in the current implementation, giving unpredictable results.                                     
            Be careful with '--eval-mode=all'. If using camera optimization, the cameras    nerfstudio_dataparser.py:216
           may diverge in the current implementation, giving unpredictable results.                                     
           use color only optimization with sigmoid activation                                         splatfacto.py:266
           use color only optimization with sigmoid activation                                         splatfacto.py:266
[19:39:29]  Be careful with '--eval-mode=all'. If using camera optimization, the cameras    nerfstudio_dataparser.py:216
           may diverge in the current implementation, giving unpredictable results.                                     
            Be careful with '--eval-mode=all'. If using camera optimization, the cameras    nerfstudio_dataparser.py:216
           may diverge in the current implementation, giving unpredictable results.                                     
           use color only optimization with sigmoid activation                                         splatfacto.py:266
Loading latest checkpoint from load_dir
✅ Done loading checkpoint from 
outputs/ctrl_009_004_ratio3_sh0_dense_mid200/ratio3_sh0_dense/f1184/splatfacto/2026-08-20_193745/nerfstudio_models/step-
000001999.ckpt
0 Gaussians have NaN/Inf and 3 have low opacity, only export 675/678
Loading latest checkpoint from load_dir
✅ Done loading checkpoint from 
outputs/ctrl_009_004_ratio3_sh0_dense_mid200/ratio3_sh0_dense/f1185/splatfacto/2026-08-20_193746/nerfstudio_models/step-
000001999.ckpt
0 Gaussians have NaN/Inf and 6 have low opacity, only export 656/662
Loading latest checkpoint from load_dir
✅ Done loading checkpoint from 
outputs/ctrl_009_004_ratio3_sh0_dense_mid200/ratio3_sh0_dense/f1186/splatfacto/2026-08-20_193747/nerfstudio_models/step-
000001999.ckpt
0 Gaussians have NaN/Inf and 7 have low opacity, only export 601/608
[19:39:30]  Be careful with '--eval-mode=all'. If using camera optimization, the cameras    nerfstudio_dataparser.py:216
           may diverge in the current implementation, giving unpredictable results.                                     
            Be careful with '--eval-mode=all'. If using camera optimization, the cameras    nerfstudio_dataparser.py:216
           may diverge in the current implementation, giving unpredictable results.                                     
           use color only optimization with sigmoid activation                                         splatfacto.py:266
[19:39:31]  Be careful with '--eval-mode=all'. If using camera optimization, the cameras    nerfstudio_dataparser.py:216
           may diverge in the current implementation, giving unpredictable results.                                     
            Be careful with '--eval-mode=all'. If using camera optimization, the cameras    nerfstudio_dataparser.py:216
           may diverge in the current implementation, giving unpredictable results.                                     
[gpu1_w1] ratio3_sh0_dense__f1184 -> ok (110.2s)
           use color only optimization with sigmoid activation                                         splatfacto.py:266
Loading latest checkpoint from load_dir
✅ Done loading checkpoint from 
outputs/ctrl_009_004_ratio3_sh0_dense_mid200/ratio3_sh0_dense/f1187/splatfacto/2026-08-20_193748/nerfstudio_models/step-
000001999.ckpt
[gpu1_w0] ratio3_sh0_dense__f1185 -> ok (109.9s)
0 Gaussians have NaN/Inf and 6 have low opacity, only export 592/598
[19:39:32]  Be careful with '--eval-mode=all'. If using camera optimization, the cameras    nerfstudio_dataparser.py:216
           may diverge in the current implementation, giving unpredictable results.                                     
            Be careful with '--eval-mode=all'. If using camera optimization, the cameras    nerfstudio_dataparser.py:216
           may diverge in the current implementation, giving unpredictable results.                                     
Loading latest checkpoint from load_dir
✅ Done loading checkpoint from 
outputs/ctrl_009_004_ratio3_sh0_dense_mid200/ratio3_sh0_dense/f1193/splatfacto/2026-08-20_193748/nerfstudio_models/step-
000001999.ckpt
0 Gaussians have NaN/Inf and 3 have low opacity, only export 673/676
           use color only optimization with sigmoid activation                                         splatfacto.py:266
[gpu0_w1] ratio3_sh0_dense__f1186 -> ok (109.1s)
[19:39:32]  Be careful with '--eval-mode=all'. If using camera optimization, the cameras    nerfstudio_dataparser.py:216
           may diverge in the current implementation, giving unpredictable results.                                     
            Be careful with '--eval-mode=all'. If using camera optimization, the cameras    nerfstudio_dataparser.py:216
           may diverge in the current implementation, giving unpredictable results.                                     
[19:39:32]  Be careful with '--eval-mode=all'. If using camera optimization, the cameras    nerfstudio_dataparser.py:216
           may diverge in the current implementation, giving unpredictable results.                                     
            Be careful with '--eval-mode=all'. If using camera optimization, the cameras    nerfstudio_dataparser.py:216
           may diverge in the current implementation, giving unpredictable results.                                     
[19:39:32]  Be careful with '--eval-mode=all'. If using camera optimization, the cameras    nerfstudio_dataparser.py:216
           may diverge in the current implementation, giving unpredictable results.                                     
            Be careful with '--eval-mode=all'. If using camera optimization, the cameras    nerfstudio_dataparser.py:216
           may diverge in the current implementation, giving unpredictable results.                                     
           use color only optimization with sigmoid activation                                         splatfacto.py:266
           use color only optimization with sigmoid activation                                         splatfacto.py:266
[19:39:32]  Be careful with '--eval-mode=all'. If using camera optimization, the cameras    nerfstudio_dataparser.py:216
           may diverge in the current implementation, giving unpredictable results.                                     
[19:39:33]  Be careful with '--eval-mode=all'. If using camera optimization, the cameras    nerfstudio_dataparser.py:216
           may diverge in the current implementation, giving unpredictable results.                                     
[19:39:33]  Be careful with '--eval-mode=all'. If using camera optimization, the cameras    nerfstudio_dataparser.py:216
           may diverge in the current implementation, giving unpredictable results.                                     
            Be careful with '--eval-mode=all'. If using camera optimization, the cameras    nerfstudio_dataparser.py:216
           may diverge in the current implementation, giving unpredictable results.                                     
Loading latest checkpoint from load_dir
[19:39:33] use color only optimization with sigmoid activation                                         splatfacto.py:266
✅ Done loading checkpoint from 
outputs/ctrl_009_004_ratio3_sh0_dense_mid200/ratio3_sh0_dense/f1188/splatfacto/2026-08-20_193748/nerfstudio_models/step-
000001999.ckpt
0 Gaussians have NaN/Inf and 6 have low opacity, only export 658/664
           use color only optimization with sigmoid activation                                         splatfacto.py:266
           use color only optimization with sigmoid activation                                         splatfacto.py:266
[gpu1_w2] ratio3_sh0_dense__f1187 -> ok (109.9s)
Loading latest checkpoint from load_dir
✅ Done loading checkpoint from 
outputs/ctrl_009_004_ratio3_sh0_dense_mid200/ratio3_sh0_dense/f1194/splatfacto/2026-08-20_193749/nerfstudio_models/step-
000001999.ckpt
0 Gaussians have NaN/Inf and 2 have low opacity, only export 714/716
Loading latest checkpoint from load_dir
✅ Done loading checkpoint from 
outputs/ctrl_009_004_ratio3_sh0_dense_mid200/ratio3_sh0_dense/f1192/splatfacto/2026-08-20_193749/nerfstudio_models/step-
000001999.ckpt
0 Gaussians have NaN/Inf and 1 have low opacity, only export 704/705
Loading latest checkpoint from load_dir
✅ Done loading checkpoint from 
outputs/ctrl_009_004_ratio3_sh0_dense_mid200/ratio3_sh0_dense/f1189/splatfacto/2026-08-20_193748/nerfstudio_models/step-
000001999.ckpt
0 Gaussians have NaN/Inf and 2 have low opacity, only export 683/685
Loading latest checkpoint from load_dir
✅ Done loading checkpoint from 
outputs/ctrl_009_004_ratio3_sh0_dense_mid200/ratio3_sh0_dense/f1191/splatfacto/2026-08-20_193749/nerfstudio_models/step-
000001999.ckpt
0 Gaussians have NaN/Inf and 2 have low opacity, only export 713/715
Loading latest checkpoint from load_dir
[gpu1_w4] ratio3_sh0_dense__f1193 -> ok (108.9s)
✅ Done loading checkpoint from 
outputs/ctrl_009_004_ratio3_sh0_dense_mid200/ratio3_sh0_dense/f1190/splatfacto/2026-08-20_193749/nerfstudio_models/step-
000001999.ckpt
0 Gaussians have NaN/Inf and 5 have low opacity, only export 726/731
[19:39:34]  Be careful with '--eval-mode=all'. If using camera optimization, the cameras    nerfstudio_dataparser.py:216
           may diverge in the current implementation, giving unpredictable results.                                     
            Be careful with '--eval-mode=all'. If using camera optimization, the cameras    nerfstudio_dataparser.py:216
           may diverge in the current implementation, giving unpredictable results.                                     
[19:39:35] use color only optimization with sigmoid activation                                         splatfacto.py:266
[gpu0_w4] ratio3_sh0_dense__f1188 -> ok (110.6s)
[gpu0_w2] ratio3_sh0_dense__f1194 -> ok (109.5s)
[gpu0_w3] ratio3_sh0_dense__f1192 -> ok (110.5s)
[gpu1_w5] ratio3_sh0_dense__f1191 -> ok (110.9s)
[gpu0_w0] ratio3_sh0_dense__f1189 -> ok (111.0s)
Loading latest checkpoint from load_dir
✅ Done loading checkpoint from 
outputs/ctrl_009_004_ratio3_sh0_dense_mid200/ratio3_sh0_dense/f1195/splatfacto/2026-08-20_193751/nerfstudio_models/step-
000001999.ckpt
0 Gaussians have NaN/Inf and 3 have low opacity, only export 717/720
[gpu1_w3] ratio3_sh0_dense__f1190 -> ok (111.1s)
[gpu0_w5] ratio3_sh0_dense__f1195 -> ok (110.3s)
[19:41:24]  Be careful with '--eval-mode=all'. If using camera optimization, the cameras    nerfstudio_dataparser.py:216
           may diverge in the current implementation, giving unpredictable results.                                     
            Be careful with '--eval-mode=all'. If using camera optimization, the cameras    nerfstudio_dataparser.py:216
           may diverge in the current implementation, giving unpredictable results.                                     
           use color only optimization with sigmoid activation                                         splatfacto.py:266
Loading latest checkpoint from load_dir
✅ Done loading checkpoint from 
outputs/ctrl_009_004_ratio3_sh0_dense_mid200/ratio3_sh0_dense/f1196/splatfacto/2026-08-20_193941/nerfstudio_models/step-
000001999.ckpt
0 Gaussians have NaN/Inf and 2 have low opacity, only export 700/702
[19:41:26]  Be careful with '--eval-mode=all'. If using camera optimization, the cameras    nerfstudio_dataparser.py:216
           may diverge in the current implementation, giving unpredictable results.                                     
            Be careful with '--eval-mode=all'. If using camera optimization, the cameras    nerfstudio_dataparser.py:216
           may diverge in the current implementation, giving unpredictable results.                                     
           use color only optimization with sigmoid activation                                         splatfacto.py:266
Loading latest checkpoint from load_dir
✅ Done loading checkpoint from 
outputs/ctrl_009_004_ratio3_sh0_dense_mid200/ratio3_sh0_dense/f1197/splatfacto/2026-08-20_193941/nerfstudio_models/step-
000001999.ckpt
0 Gaussians have NaN/Inf and 4 have low opacity, only export 631/635
[gpu1_w1] ratio3_sh0_dense__f1196 -> ok (111.2s)
[19:41:27]  Be careful with '--eval-mode=all'. If using camera optimization, the cameras    nerfstudio_dataparser.py:216
           may diverge in the current implementation, giving unpredictable results.                                     
            Be careful with '--eval-mode=all'. If using camera optimization, the cameras    nerfstudio_dataparser.py:216
           may diverge in the current implementation, giving unpredictable results.                                     
           use color only optimization with sigmoid activation                                         splatfacto.py:266
[19:41:28]  Be careful with '--eval-mode=all'. If using camera optimization, the cameras    nerfstudio_dataparser.py:216
           may diverge in the current implementation, giving unpredictable results.                                     
            Be careful with '--eval-mode=all'. If using camera optimization, the cameras    nerfstudio_dataparser.py:216
           may diverge in the current implementation, giving unpredictable results.                                     
[19:41:28]  Be careful with '--eval-mode=all'. If using camera optimization, the cameras    nerfstudio_dataparser.py:216
           may diverge in the current implementation, giving unpredictable results.                                     
            Be careful with '--eval-mode=all'. If using camera optimization, the cameras    nerfstudio_dataparser.py:216
           may diverge in the current implementation, giving unpredictable results.                                     
           use color only optimization with sigmoid activation                                         splatfacto.py:266
[19:41:28]  Be careful with '--eval-mode=all'. If using camera optimization, the cameras    nerfstudio_dataparser.py:216
           may diverge in the current implementation, giving unpredictable results.                                     
            Be careful with '--eval-mode=all'. If using camera optimization, the cameras    nerfstudio_dataparser.py:216
           may diverge in the current implementation, giving unpredictable results.                                     
           use color only optimization with sigmoid activation                                         splatfacto.py:266
           use color only optimization with sigmoid activation                                         splatfacto.py:266
[19:41:28]  Be careful with '--eval-mode=all'. If using camera optimization, the cameras    nerfstudio_dataparser.py:216
           may diverge in the current implementation, giving unpredictable results.                                     
            Be careful with '--eval-mode=all'. If using camera optimization, the cameras    nerfstudio_dataparser.py:216
           may diverge in the current implementation, giving unpredictable results.                                     
Loading latest checkpoint from load_dir
✅ Done loading checkpoint from 
outputs/ctrl_009_004_ratio3_sh0_dense_mid200/ratio3_sh0_dense/f1204/splatfacto/2026-08-20_193942/nerfstudio_models/step-
000001999.ckpt
[19:41:28]  Be careful with '--eval-mode=all'. If using camera optimization, the cameras    nerfstudio_dataparser.py:216
           may diverge in the current implementation, giving unpredictable results.                                     
            Be careful with '--eval-mode=all'. If using camera optimization, the cameras    nerfstudio_dataparser.py:216
           may diverge in the current implementation, giving unpredictable results.                                     
           use color only optimization with sigmoid activation                                         splatfacto.py:266
           use color only optimization with sigmoid activation                                         splatfacto.py:266
[gpu1_w0] ratio3_sh0_dense__f1197 -> ok (112.8s)
Loading latest checkpoint from load_dir
✅ Done loading checkpoint from 
outputs/ctrl_009_004_ratio3_sh0_dense_mid200/ratio3_sh0_dense/f1198/splatfacto/2026-08-20_193941/nerfstudio_models/step-
000001999.ckpt
0 Gaussians have NaN/Inf and 3 have low opacity, only export 605/608
Loading latest checkpoint from load_dir
Loading latest checkpoint from load_dir
✅ Done loading checkpoint from 
outputs/ctrl_009_004_ratio3_sh0_dense_mid200/ratio3_sh0_dense/f1200/splatfacto/2026-08-20_193943/nerfstudio_models/step-
000001999.ckpt
0 Gaussians have NaN/Inf and 3 have low opacity, only export 724/727
✅ Done loading checkpoint from 
outputs/ctrl_009_004_ratio3_sh0_dense_mid200/ratio3_sh0_dense/f1203/splatfacto/2026-08-20_193943/nerfstudio_models/step-
000001999.ckpt
[19:41:29]  Be careful with '--eval-mode=all'. If using camera optimization, the cameras    nerfstudio_dataparser.py:216
           may diverge in the current implementation, giving unpredictable results.                                     
            Be careful with '--eval-mode=all'. If using camera optimization, the cameras    nerfstudio_dataparser.py:216
           may diverge in the current implementation, giving unpredictable results.                                     
Loading latest checkpoint from load_dir
✅ Done loading checkpoint from 
outputs/ctrl_009_004_ratio3_sh0_dense_mid200/ratio3_sh0_dense/f1207/splatfacto/2026-08-20_193944/nerfstudio_models/step-
000001999.ckpt
0 Gaussians have NaN/Inf and 1 have low opacity, only export 681/682
           use color only optimization with sigmoid activation                                         splatfacto.py:266
Loading latest checkpoint from load_dir
✅ Done loading checkpoint from 
outputs/ctrl_009_004_ratio3_sh0_dense_mid200/ratio3_sh0_dense/f1199/splatfacto/2026-08-20_193943/nerfstudio_models/step-
000001999.ckpt
0 Gaussians have NaN/Inf and 1 have low opacity, only export 691/692
[19:41:30]  Be careful with '--eval-mode=all'. If using camera optimization, the cameras    nerfstudio_dataparser.py:216
           may diverge in the current implementation, giving unpredictable results.                                     
            Be careful with '--eval-mode=all'. If using camera optimization, the cameras    nerfstudio_dataparser.py:216
           may diverge in the current implementation, giving unpredictable results.                                     
           use color only optimization with sigmoid activation                                         splatfacto.py:266
[19:41:30]  Be careful with '--eval-mode=all'. If using camera optimization, the cameras    nerfstudio_dataparser.py:216
           may diverge in the current implementation, giving unpredictable results.                                     
Loading latest checkpoint from load_dir
            Be careful with '--eval-mode=all'. If using camera optimization, the cameras    nerfstudio_dataparser.py:216
           may diverge in the current implementation, giving unpredictable results.                                     
✅ Done loading checkpoint from 
outputs/ctrl_009_004_ratio3_sh0_dense_mid200/ratio3_sh0_dense/f1201/splatfacto/2026-08-20_193944/nerfstudio_models/step-
000001999.ckpt
[19:41:30]  Be careful with '--eval-mode=all'. If using camera optimization, the cameras    nerfstudio_dataparser.py:216
           may diverge in the current implementation, giving unpredictable results.                                     
            Be careful with '--eval-mode=all'. If using camera optimization, the cameras    nerfstudio_dataparser.py:216
           may diverge in the current implementation, giving unpredictable results.                                     
           use color only optimization with sigmoid activation                                         splatfacto.py:266
           use color only optimization with sigmoid activation                                         splatfacto.py:266
[gpu1_w5] ratio3_sh0_dense__f1204 -> ok (110.2s)
[gpu1_w4] ratio3_sh0_dense__f1200 -> ok (112.4s)
Loading latest checkpoint from load_dir
[gpu0_w3] ratio3_sh0_dense__f1203 -> ok (110.8s)
[gpu0_w1] ratio3_sh0_dense__f1198 -> ok (114.1s)
✅ Done loading checkpoint from 
outputs/ctrl_009_004_ratio3_sh0_dense_mid200/ratio3_sh0_dense/f1205/splatfacto/2026-08-20_193944/nerfstudio_models/step-
000001999.ckpt
[gpu0_w5] ratio3_sh0_dense__f1207 -> ok (108.9s)
Loading latest checkpoint from load_dir
✅ Done loading checkpoint from 
outputs/ctrl_009_004_ratio3_sh0_dense_mid200/ratio3_sh0_dense/f1206/splatfacto/2026-08-20_193944/nerfstudio_models/step-
000001999.ckpt
0 Gaussians have NaN/Inf and 2 have low opacity, only export 651/653
Loading latest checkpoint from load_dir
✅ Done loading checkpoint from 
outputs/ctrl_009_004_ratio3_sh0_dense_mid200/ratio3_sh0_dense/f1202/splatfacto/2026-08-20_193944/nerfstudio_models/step-
000001999.ckpt
0 Gaussians have NaN/Inf and 1 have low opacity, only export 764/765
[gpu1_w2] ratio3_sh0_dense__f1199 -> ok (113.8s)
[gpu0_w4] ratio3_sh0_dense__f1201 -> ok (112.8s)
[gpu0_w0] ratio3_sh0_dense__f1205 -> ok (112.7s)
[gpu1_w3] ratio3_sh0_dense__f1206 -> ok (112.6s)
[gpu0_w2] ratio3_sh0_dense__f1202 -> ok (113.0s)
[19:43:21]  Be careful with '--eval-mode=all'. If using camera optimization, the cameras    nerfstudio_dataparser.py:216
           may diverge in the current implementation, giving unpredictable results.                                     
            Be careful with '--eval-mode=all'. If using camera optimization, the cameras    nerfstudio_dataparser.py:216
           may diverge in the current implementation, giving unpredictable results.                                     
           use color only optimization with sigmoid activation                                         splatfacto.py:266
[19:43:22]  Be careful with '--eval-mode=all'. If using camera optimization, the cameras    nerfstudio_dataparser.py:216
           may diverge in the current implementation, giving unpredictable results.                                     
            Be careful with '--eval-mode=all'. If using camera optimization, the cameras    nerfstudio_dataparser.py:216
           may diverge in the current implementation, giving unpredictable results.                                     
           use color only optimization with sigmoid activation                                         splatfacto.py:266
Loading latest checkpoint from load_dir
✅ Done loading checkpoint from 
outputs/ctrl_009_004_ratio3_sh0_dense_mid200/ratio3_sh0_dense/f1208/splatfacto/2026-08-20_194137/nerfstudio_models/step-
000001999.ckpt
0 Gaussians have NaN/Inf and 1 have low opacity, only export 653/654
Loading latest checkpoint from load_dir
✅ Done loading checkpoint from 
outputs/ctrl_009_004_ratio3_sh0_dense_mid200/ratio3_sh0_dense/f1209/splatfacto/2026-08-20_194139/nerfstudio_models/step-
000001999.ckpt
[19:43:24]  Be careful with '--eval-mode=all'. If using camera optimization, the cameras    nerfstudio_dataparser.py:216
           may diverge in the current implementation, giving unpredictable results.                                     
            Be careful with '--eval-mode=all'. If using camera optimization, the cameras    nerfstudio_dataparser.py:216
           may diverge in the current implementation, giving unpredictable results.                                     
           use color only optimization with sigmoid activation                                         splatfacto.py:266
[19:43:24]  Be careful with '--eval-mode=all'. If using camera optimization, the cameras    nerfstudio_dataparser.py:216
           may diverge in the current implementation, giving unpredictable results.                                     
            Be careful with '--eval-mode=all'. If using camera optimization, the cameras    nerfstudio_dataparser.py:216
           may diverge in the current implementation, giving unpredictable results.                                     
[gpu1_w1] ratio3_sh0_dense__f1208 -> ok (111.2s)
           use color only optimization with sigmoid activation                                         splatfacto.py:266
[19:43:24]  Be careful with '--eval-mode=all'. If using camera optimization, the cameras    nerfstudio_dataparser.py:216
           may diverge in the current implementation, giving unpredictable results.                                     
            Be careful with '--eval-mode=all'. If using camera optimization, the cameras    nerfstudio_dataparser.py:216
           may diverge in the current implementation, giving unpredictable results.                                     
[19:43:24]  Be careful with '--eval-mode=all'. If using camera optimization, the cameras    nerfstudio_dataparser.py:216
           may diverge in the current implementation, giving unpredictable results.                                     
            Be careful with '--eval-mode=all'. If using camera optimization, the cameras    nerfstudio_dataparser.py:216
           may diverge in the current implementation, giving unpredictable results.                                     
           use color only optimization with sigmoid activation                                         splatfacto.py:266
           use color only optimization with sigmoid activation                                         splatfacto.py:266
[gpu1_w0] ratio3_sh0_dense__f1209 -> ok (110.0s)
Loading latest checkpoint from load_dir
✅ Done loading checkpoint from 
outputs/ctrl_009_004_ratio3_sh0_dense_mid200/ratio3_sh0_dense/f1211/splatfacto/2026-08-20_194140/nerfstudio_models/step-
000001999.ckpt
Loading latest checkpoint from load_dir
✅ Done loading checkpoint from 
outputs/ctrl_009_004_ratio3_sh0_dense_mid200/ratio3_sh0_dense/f1212/splatfacto/2026-08-20_194140/nerfstudio_models/step-
000001999.ckpt
0 Gaussians have NaN/Inf and 4 have low opacity, only export 695/699
[19:43:25]  Be careful with '--eval-mode=all'. If using camera optimization, the cameras    nerfstudio_dataparser.py:216
           may diverge in the current implementation, giving unpredictable results.                                     
            Be careful with '--eval-mode=all'. If using camera optimization, the cameras    nerfstudio_dataparser.py:216
           may diverge in the current implementation, giving unpredictable results.                                     
[19:43:25]  Be careful with '--eval-mode=all'. If using camera optimization, the cameras    nerfstudio_dataparser.py:216
           may diverge in the current implementation, giving unpredictable results.                                     
            Be careful with '--eval-mode=all'. If using camera optimization, the cameras    nerfstudio_dataparser.py:216
           may diverge in the current implementation, giving unpredictable results.                                     
           use color only optimization with sigmoid activation                                         splatfacto.py:266
Loading latest checkpoint from load_dir
✅ Done loading checkpoint from 
outputs/ctrl_009_004_ratio3_sh0_dense_mid200/ratio3_sh0_dense/f1214/splatfacto/2026-08-20_194140/nerfstudio_models/step-
000001999.ckpt
0 Gaussians have NaN/Inf and 1 have low opacity, only export 782/783
           use color only optimization with sigmoid activation                                         splatfacto.py:266
Loading latest checkpoint from load_dir
✅ Done loading checkpoint from 
outputs/ctrl_009_004_ratio3_sh0_dense_mid200/ratio3_sh0_dense/f1210/splatfacto/2026-08-20_194141/nerfstudio_models/step-
000001999.ckpt
0 Gaussians have NaN/Inf and 4 have low opacity, only export 683/687
[19:43:26]  Be careful with '--eval-mode=all'. If using camera optimization, the cameras    nerfstudio_dataparser.py:216
           may diverge in the current implementation, giving unpredictable results.                                     
            Be careful with '--eval-mode=all'. If using camera optimization, the cameras    nerfstudio_dataparser.py:216
           may diverge in the current implementation, giving unpredictable results.                                     
           use color only optimization with sigmoid activation                                         splatfacto.py:266
Loading latest checkpoint from load_dir
Loading latest checkpoint from load_dir
✅ Done loading checkpoint from 
outputs/ctrl_009_004_ratio3_sh0_dense_mid200/ratio3_sh0_dense/f1215/splatfacto/2026-08-20_194142/nerfstudio_models/step-
000001999.ckpt
✅ Done loading checkpoint from 
outputs/ctrl_009_004_ratio3_sh0_dense_mid200/ratio3_sh0_dense/f1216/splatfacto/2026-08-20_194142/nerfstudio_models/step-
000001999.ckpt
0 Gaussians have NaN/Inf and 1 have low opacity, only export 757/758
0 Gaussians have NaN/Inf and 1 have low opacity, only export 671/672
[19:43:26]  Be careful with '--eval-mode=all'. If using camera optimization, the cameras    nerfstudio_dataparser.py:216
           may diverge in the current implementation, giving unpredictable results.                                     
            Be careful with '--eval-mode=all'. If using camera optimization, the cameras    nerfstudio_dataparser.py:216
           may diverge in the current implementation, giving unpredictable results.                                     
[gpu1_w4] ratio3_sh0_dense__f1211 -> ok (109.6s)
[19:43:27]  Be careful with '--eval-mode=all'. If using camera optimization, the cameras    nerfstudio_dataparser.py:216
           may diverge in the current implementation, giving unpredictable results.                                     
            Be careful with '--eval-mode=all'. If using camera optimization, the cameras    nerfstudio_dataparser.py:216
           may diverge in the current implementation, giving unpredictable results.                                     
[19:43:27] use color only optimization with sigmoid activation                                         splatfacto.py:266
Loading latest checkpoint from load_dir
✅ Done loading checkpoint from 
outputs/ctrl_009_004_ratio3_sh0_dense_mid200/ratio3_sh0_dense/f1213/splatfacto/2026-08-20_194141/nerfstudio_models/step-
000001999.ckpt
0 Gaussians have NaN/Inf and 1 have low opacity, only export 730/731
           use color only optimization with sigmoid activation                                         splatfacto.py:266
[19:43:27]  Be careful with '--eval-mode=all'. If using camera optimization, the cameras    nerfstudio_dataparser.py:216
           may diverge in the current implementation, giving unpredictable results.                                     
            Be careful with '--eval-mode=all'. If using camera optimization, the cameras    nerfstudio_dataparser.py:216
           may diverge in the current implementation, giving unpredictable results.                                     
           use color only optimization with sigmoid activation                                         splatfacto.py:266
[gpu0_w3] ratio3_sh0_dense__f1212 -> ok (110.1s)
[gpu0_w5] ratio3_sh0_dense__f1214 -> ok (110.2s)
[gpu1_w5] ratio3_sh0_dense__f1210 -> ok (110.9s)
Loading latest checkpoint from load_dir
✅ Done loading checkpoint from 
outputs/ctrl_009_004_ratio3_sh0_dense_mid200/ratio3_sh0_dense/f1218/splatfacto/2026-08-20_194143/nerfstudio_models/step-
000001999.ckpt
0 Gaussians have NaN/Inf and 1 have low opacity, only export 742/743
Loading latest checkpoint from load_dir
✅ Done loading checkpoint from 
outputs/ctrl_009_004_ratio3_sh0_dense_mid200/ratio3_sh0_dense/f1217/splatfacto/2026-08-20_194143/nerfstudio_models/step-
000001999.ckpt
0 Gaussians have NaN/Inf and 7 have low opacity, only export 699/706
Loading latest checkpoint from load_dir
[gpu1_w2] ratio3_sh0_dense__f1215 -> ok (110.4s)
✅ Done loading checkpoint from 
outputs/ctrl_009_004_ratio3_sh0_dense_mid200/ratio3_sh0_dense/f1219/splatfacto/2026-08-20_194142/nerfstudio_models/step-
000001999.ckpt
0 Gaussians have NaN/Inf and 5 have low opacity, only export 685/690
[gpu0_w4] ratio3_sh0_dense__f1216 -> ok (109.9s)
[gpu0_w1] ratio3_sh0_dense__f1213 -> ok (111.7s)
[gpu1_w3] ratio3_sh0_dense__f1218 -> ok (110.7s)
[gpu0_w0] ratio3_sh0_dense__f1217 -> ok (110.7s)
[gpu0_w2] ratio3_sh0_dense__f1219 -> ok (110.9s)
[19:45:16]  Be careful with '--eval-mode=all'. If using camera optimization, the cameras    nerfstudio_dataparser.py:216
           may diverge in the current implementation, giving unpredictable results.                                     
            Be careful with '--eval-mode=all'. If using camera optimization, the cameras    nerfstudio_dataparser.py:216
           may diverge in the current implementation, giving unpredictable results.                                     
[19:45:17] use color only optimization with sigmoid activation                                         splatfacto.py:266
[19:45:17]  Be careful with '--eval-mode=all'. If using camera optimization, the cameras    nerfstudio_dataparser.py:216
           may diverge in the current implementation, giving unpredictable results.                                     
            Be careful with '--eval-mode=all'. If using camera optimization, the cameras    nerfstudio_dataparser.py:216
           may diverge in the current implementation, giving unpredictable results.                                     
           use color only optimization with sigmoid activation                                         splatfacto.py:266
Loading latest checkpoint from load_dir
✅ Done loading checkpoint from 
outputs/ctrl_009_004_ratio3_sh0_dense_mid200/ratio3_sh0_dense/f1220/splatfacto/2026-08-20_194333/nerfstudio_models/step-
000001999.ckpt
0 Gaussians have NaN/Inf and 3 have low opacity, only export 783/786
Loading latest checkpoint from load_dir
✅ Done loading checkpoint from 
outputs/ctrl_009_004_ratio3_sh0_dense_mid200/ratio3_sh0_dense/f1221/splatfacto/2026-08-20_194334/nerfstudio_models/step-
000001999.ckpt
0 Gaussians have NaN/Inf and 3 have low opacity, only export 694/697
[19:45:19]  Be careful with '--eval-mode=all'. If using camera optimization, the cameras    nerfstudio_dataparser.py:216
           may diverge in the current implementation, giving unpredictable results.                                     
            Be careful with '--eval-mode=all'. If using camera optimization, the cameras    nerfstudio_dataparser.py:216
           may diverge in the current implementation, giving unpredictable results.                                     
           use color only optimization with sigmoid activation                                         splatfacto.py:266
[19:45:19]  Be careful with '--eval-mode=all'. If using camera optimization, the cameras    nerfstudio_dataparser.py:216
           may diverge in the current implementation, giving unpredictable results.                                     
            Be careful with '--eval-mode=all'. If using camera optimization, the cameras    nerfstudio_dataparser.py:216
           may diverge in the current implementation, giving unpredictable results.                                     
[19:45:19]  Be careful with '--eval-mode=all'. If using camera optimization, the cameras    nerfstudio_dataparser.py:216
           may diverge in the current implementation, giving unpredictable results.                                     
            Be careful with '--eval-mode=all'. If using camera optimization, the cameras    nerfstudio_dataparser.py:216
           may diverge in the current implementation, giving unpredictable results.                                     
           use color only optimization with sigmoid activation                                         splatfacto.py:266
           use color only optimization with sigmoid activation                                         splatfacto.py:266
[19:45:19]  Be careful with '--eval-mode=all'. If using camera optimization, the cameras    nerfstudio_dataparser.py:216
           may diverge in the current implementation, giving unpredictable results.                                     
            Be careful with '--eval-mode=all'. If using camera optimization, the cameras    nerfstudio_dataparser.py:216
           may diverge in the current implementation, giving unpredictable results.                                     
           use color only optimization with sigmoid activation                                         splatfacto.py:266
Loading latest checkpoint from load_dir
✅ Done loading checkpoint from 
outputs/ctrl_009_004_ratio3_sh0_dense_mid200/ratio3_sh0_dense/f1223/splatfacto/2026-08-20_194335/nerfstudio_models/step-
000001999.ckpt
0 Gaussians have NaN/Inf and 1 have low opacity, only export 750/751
[gpu1_w1] ratio3_sh0_dense__f1220 -> ok (111.1s)
Loading latest checkpoint from load_dir
✅ Done loading checkpoint from 
outputs/ctrl_009_004_ratio3_sh0_dense_mid200/ratio3_sh0_dense/f1226/splatfacto/2026-08-20_194336/nerfstudio_models/step-
000001999.ckpt
0 Gaussians have NaN/Inf and 3 have low opacity, only export 709/712
Loading latest checkpoint from load_dir
✅ Done loading checkpoint from 
outputs/ctrl_009_004_ratio3_sh0_dense_mid200/ratio3_sh0_dense/f1222/splatfacto/2026-08-20_194335/nerfstudio_models/step-
000001999.ckpt
0 Gaussians have NaN/Inf and 1 have low opacity, only export 772/773
[gpu1_w0] ratio3_sh0_dense__f1221 -> ok (111.0s)
[19:45:20]  Be careful with '--eval-mode=all'. If using camera optimization, the cameras    nerfstudio_dataparser.py:216
           may diverge in the current implementation, giving unpredictable results.                                     
            Be careful with '--eval-mode=all'. If using camera optimization, the cameras    nerfstudio_dataparser.py:216
           may diverge in the current implementation, giving unpredictable results.                                     
Loading latest checkpoint from load_dir
✅ Done loading checkpoint from 
outputs/ctrl_009_004_ratio3_sh0_dense_mid200/ratio3_sh0_dense/f1224/splatfacto/2026-08-20_194335/nerfstudio_models/step-
000001999.ckpt
0 Gaussians have NaN/Inf and 4 have low opacity, only export 785/789
           use color only optimization with sigmoid activation                                         splatfacto.py:266
[19:45:20]  Be careful with '--eval-mode=all'. If using camera optimization, the cameras    nerfstudio_dataparser.py:216
           may diverge in the current implementation, giving unpredictable results.                                     
            Be careful with '--eval-mode=all'. If using camera optimization, the cameras    nerfstudio_dataparser.py:216
           may diverge in the current implementation, giving unpredictable results.                                     
[19:45:21]  Be careful with '--eval-mode=all'. If using camera optimization, the cameras    nerfstudio_dataparser.py:216
           may diverge in the current implementation, giving unpredictable results.                                     
            Be careful with '--eval-mode=all'. If using camera optimization, the cameras    nerfstudio_dataparser.py:216
           may diverge in the current implementation, giving unpredictable results.                                     
[19:45:21] use color only optimization with sigmoid activation                                         splatfacto.py:266
           use color only optimization with sigmoid activation                                         splatfacto.py:266
[19:45:21]  Be careful with '--eval-mode=all'. If using camera optimization, the cameras    nerfstudio_dataparser.py:216
           may diverge in the current implementation, giving unpredictable results.                                     
            Be careful with '--eval-mode=all'. If using camera optimization, the cameras    nerfstudio_dataparser.py:216
           may diverge in the current implementation, giving unpredictable results.                                     
[19:45:21]  Be careful with '--eval-mode=all'. If using camera optimization, the cameras    nerfstudio_dataparser.py:216
           may diverge in the current implementation, giving unpredictable results.                                     
            Be careful with '--eval-mode=all'. If using camera optimization, the cameras    nerfstudio_dataparser.py:216
           may diverge in the current implementation, giving unpredictable results.                                     
           use color only optimization with sigmoid activation                                         splatfacto.py:266
Loading latest checkpoint from load_dir
✅ Done loading checkpoint from 
outputs/ctrl_009_004_ratio3_sh0_dense_mid200/ratio3_sh0_dense/f1228/splatfacto/2026-08-20_194336/nerfstudio_models/step-
000001999.ckpt
0 Gaussians have NaN/Inf and 1 have low opacity, only export 713/714
[19:45:21]  Be careful with '--eval-mode=all'. If using camera optimization, the cameras    nerfstudio_dataparser.py:216
           may diverge in the current implementation, giving unpredictable results.                                     
            Be careful with '--eval-mode=all'. If using camera optimization, the cameras    nerfstudio_dataparser.py:216
           may diverge in the current implementation, giving unpredictable results.                                     
           use color only optimization with sigmoid activation                                         splatfacto.py:266
Loading latest checkpoint from load_dir
✅ Done loading checkpoint from 
outputs/ctrl_009_004_ratio3_sh0_dense_mid200/ratio3_sh0_dense/f1230/splatfacto/2026-08-20_194338/nerfstudio_models/step-
000001999.ckpt
           use color only optimization with sigmoid activation                                         splatfacto.py:266
0 Gaussians have NaN/Inf and 8 have low opacity, only export 655/663
[gpu0_w3] ratio3_sh0_dense__f1223 -> ok (109.9s)
Loading latest checkpoint from load_dir
✅ Done loading checkpoint from 
outputs/ctrl_009_004_ratio3_sh0_dense_mid200/ratio3_sh0_dense/f1231/splatfacto/2026-08-20_194338/nerfstudio_models/step-
000001999.ckpt
0 Gaussians have NaN/Inf and 5 have low opacity, only export 694/699
[gpu1_w4] ratio3_sh0_dense__f1222 -> ok (110.8s)
[gpu1_w2] ratio3_sh0_dense__f1226 -> ok (109.3s)
Loading latest checkpoint from load_dir
✅ Done loading checkpoint from 
outputs/ctrl_009_004_ratio3_sh0_dense_mid200/ratio3_sh0_dense/f1229/splatfacto/2026-08-20_194336/nerfstudio_models/step-
000001999.ckpt
0 Gaussians have NaN/Inf and 3 have low opacity, only export 698/701
Loading latest checkpoint from load_dir
✅ Done loading checkpoint from 
outputs/ctrl_009_004_ratio3_sh0_dense_mid200/ratio3_sh0_dense/f1225/splatfacto/2026-08-20_194336/nerfstudio_models/step-
000001999.ckpt
0 Gaussians have NaN/Inf and 6 have low opacity, only export 689/695
Loading latest checkpoint from load_dir
✅ Done loading checkpoint from 
outputs/ctrl_009_004_ratio3_sh0_dense_mid200/ratio3_sh0_dense/f1227/splatfacto/2026-08-20_194337/nerfstudio_models/step-
000001999.ckpt
0 Gaussians have NaN/Inf and 2 have low opacity, only export 690/692
[gpu0_w5] ratio3_sh0_dense__f1224 -> ok (110.5s)
[gpu0_w1] ratio3_sh0_dense__f1228 -> ok (110.1s)
[gpu0_w0] ratio3_sh0_dense__f1230 -> ok (109.1s)
[gpu0_w2] ratio3_sh0_dense__f1231 -> ok (109.1s)
[gpu0_w4] ratio3_sh0_dense__f1227 -> ok (111.5s)
[gpu1_w3] ratio3_sh0_dense__f1229 -> ok (109.9s)
[gpu1_w5] ratio3_sh0_dense__f1225 -> ok (112.4s)
[19:47:16]  Be careful with '--eval-mode=all'. If using camera optimization, the cameras    nerfstudio_dataparser.py:216
           may diverge in the current implementation, giving unpredictable results.                                     
            Be careful with '--eval-mode=all'. If using camera optimization, the cameras    nerfstudio_dataparser.py:216
           may diverge in the current implementation, giving unpredictable results.                                     
           use color only optimization with sigmoid activation                                         splatfacto.py:266
[19:47:17]  Be careful with '--eval-mode=all'. If using camera optimization, the cameras    nerfstudio_dataparser.py:216
           may diverge in the current implementation, giving unpredictable results.                                     
            Be careful with '--eval-mode=all'. If using camera optimization, the cameras    nerfstudio_dataparser.py:216
           may diverge in the current implementation, giving unpredictable results.                                     
           use color only optimization with sigmoid activation                                         splatfacto.py:266
[19:47:17]  Be careful with '--eval-mode=all'. If using camera optimization, the cameras    nerfstudio_dataparser.py:216
           may diverge in the current implementation, giving unpredictable results.                                     
            Be careful with '--eval-mode=all'. If using camera optimization, the cameras    nerfstudio_dataparser.py:216
           may diverge in the current implementation, giving unpredictable results.                                     
Loading latest checkpoint from load_dir
✅ Done loading checkpoint from 
outputs/ctrl_009_004_ratio3_sh0_dense_mid200/ratio3_sh0_dense/f1233/splatfacto/2026-08-20_194531/nerfstudio_models/step-
000001999.ckpt
[19:47:17]  Be careful with '--eval-mode=all'. If using camera optimization, the cameras    nerfstudio_dataparser.py:216
           may diverge in the current implementation, giving unpredictable results.                                     
            Be careful with '--eval-mode=all'. If using camera optimization, the cameras    nerfstudio_dataparser.py:216
           may diverge in the current implementation, giving unpredictable results.                                     
0 Gaussians have NaN/Inf and 5 have low opacity, only export 676/681
           use color only optimization with sigmoid activation                                         splatfacto.py:266
[19:47:18] use color only optimization with sigmoid activation                                         splatfacto.py:266
Loading latest checkpoint from load_dir
✅ Done loading checkpoint from 
outputs/ctrl_009_004_ratio3_sh0_dense_mid200/ratio3_sh0_dense/f1232/splatfacto/2026-08-20_194531/nerfstudio_models/step-
000001999.ckpt
0 Gaussians have NaN/Inf and 4 have low opacity, only export 705/709
Loading latest checkpoint from load_dir
✅ Done loading checkpoint from 
outputs/ctrl_009_004_ratio3_sh0_dense_mid200/ratio3_sh0_dense/f1235/splatfacto/2026-08-20_194533/nerfstudio_models/step-
000001999.ckpt
0 Gaussians have NaN/Inf and 2 have low opacity, only export 665/667
Loading latest checkpoint from load_dir
✅ Done loading checkpoint from 
outputs/ctrl_009_004_ratio3_sh0_dense_mid200/ratio3_sh0_dense/f1237/splatfacto/2026-08-20_194533/nerfstudio_models/step-
000001999.ckpt
0 Gaussians have NaN/Inf and 4 have low opacity, only export 694/698
[19:47:19]  Be careful with '--eval-mode=all'. If using camera optimization, the cameras    nerfstudio_dataparser.py:216
           may diverge in the current implementation, giving unpredictable results.                                     
            Be careful with '--eval-mode=all'. If using camera optimization, the cameras    nerfstudio_dataparser.py:216
           may diverge in the current implementation, giving unpredictable results.                                     
           use color only optimization with sigmoid activation                                         splatfacto.py:266
[19:47:19]  Be careful with '--eval-mode=all'. If using camera optimization, the cameras    nerfstudio_dataparser.py:216
           may diverge in the current implementation, giving unpredictable results.                                     
            Be careful with '--eval-mode=all'. If using camera optimization, the cameras    nerfstudio_dataparser.py:216
           may diverge in the current implementation, giving unpredictable results.                                     
[19:47:19]  Be careful with '--eval-mode=all'. If using camera optimization, the cameras    nerfstudio_dataparser.py:216
           may diverge in the current implementation, giving unpredictable results.                                     
            Be careful with '--eval-mode=all'. If using camera optimization, the cameras    nerfstudio_dataparser.py:216
           may diverge in the current implementation, giving unpredictable results.                                     
[19:47:19]  Be careful with '--eval-mode=all'. If using camera optimization, the cameras    nerfstudio_dataparser.py:216
           may diverge in the current implementation, giving unpredictable results.                                     
            Be careful with '--eval-mode=all'. If using camera optimization, the cameras    nerfstudio_dataparser.py:216
           may diverge in the current implementation, giving unpredictable results.                                     
[gpu1_w0] ratio3_sh0_dense__f1233 -> ok (113.1s)
           use color only optimization with sigmoid activation                                         splatfacto.py:266
           use color only optimization with sigmoid activation                                         splatfacto.py:266
[19:47:19]  Be careful with '--eval-mode=all'. If using camera optimization, the cameras    nerfstudio_dataparser.py:216
           may diverge in the current implementation, giving unpredictable results.                                     
           use color only optimization with sigmoid activation                                         splatfacto.py:266
            Be careful with '--eval-mode=all'. If using camera optimization, the cameras    nerfstudio_dataparser.py:216
           may diverge in the current implementation, giving unpredictable results.                                     
[19:47:19]  Be careful with '--eval-mode=all'. If using camera optimization, the cameras    nerfstudio_dataparser.py:216
           may diverge in the current implementation, giving unpredictable results.                                     
            Be careful with '--eval-mode=all'. If using camera optimization, the cameras    nerfstudio_dataparser.py:216
           may diverge in the current implementation, giving unpredictable results.                                     
[19:47:20] use color only optimization with sigmoid activation                                         splatfacto.py:266
[19:47:20]  Be careful with '--eval-mode=all'. If using camera optimization, the cameras    nerfstudio_dataparser.py:216
           may diverge in the current implementation, giving unpredictable results.                                     
            Be careful with '--eval-mode=all'. If using camera optimization, the cameras    nerfstudio_dataparser.py:216
           may diverge in the current implementation, giving unpredictable results.                                     
[gpu1_w1] ratio3_sh0_dense__f1232 -> ok (113.8s)
[19:47:20]  Be careful with '--eval-mode=all'. If using camera optimization, the cameras    nerfstudio_dataparser.py:216
           may diverge in the current implementation, giving unpredictable results.                                     
            Be careful with '--eval-mode=all'. If using camera optimization, the cameras    nerfstudio_dataparser.py:216
           may diverge in the current implementation, giving unpredictable results.                                     
[19:47:20] use color only optimization with sigmoid activation                                         splatfacto.py:266
Loading latest checkpoint from load_dir
           use color only optimization with sigmoid activation                                         splatfacto.py:266
✅ Done loading checkpoint from 
outputs/ctrl_009_004_ratio3_sh0_dense_mid200/ratio3_sh0_dense/f1234/splatfacto/2026-08-20_194532/nerfstudio_models/step-
000001999.ckpt
0 Gaussians have NaN/Inf and 2 have low opacity, only export 729/731
           use color only optimization with sigmoid activation                                         splatfacto.py:266
[gpu1_w4] ratio3_sh0_dense__f1235 -> ok (112.0s)
Loading latest checkpoint from load_dir
✅ Done loading checkpoint from 
outputs/ctrl_009_004_ratio3_sh0_dense_mid200/ratio3_sh0_dense/f1242/splatfacto/2026-08-20_194534/nerfstudio_models/step-
000001999.ckpt
0 Gaussians have NaN/Inf and 1 have low opacity, only export 735/736
Loading latest checkpoint from load_dir
✅ Done loading checkpoint from 
outputs/ctrl_009_004_ratio3_sh0_dense_mid200/ratio3_sh0_dense/f1236/splatfacto/2026-08-20_194533/nerfstudio_models/step-
000001999.ckpt
0 Gaussians have NaN/Inf and 4 have low opacity, only export 678/682
Loading latest checkpoint from load_dir
✅ Done loading checkpoint from 
outputs/ctrl_009_004_ratio3_sh0_dense_mid200/ratio3_sh0_dense/f1238/splatfacto/2026-08-20_194533/nerfstudio_models/step-
000001999.ckpt
0 Gaussians have NaN/Inf and 2 have low opacity, only export 710/712
[gpu0_w5] ratio3_sh0_dense__f1237 -> ok (112.0s)
Loading latest checkpoint from load_dir
✅ Done loading checkpoint from 
outputs/ctrl_009_004_ratio3_sh0_dense_mid200/ratio3_sh0_dense/f1243/splatfacto/2026-08-20_194535/nerfstudio_models/step-
000001999.ckpt
0 Gaussians have NaN/Inf and 4 have low opacity, only export 787/791
Loading latest checkpoint from load_dir
✅ Done loading checkpoint from 
outputs/ctrl_009_004_ratio3_sh0_dense_mid200/ratio3_sh0_dense/f1241/splatfacto/2026-08-20_194534/nerfstudio_models/step-
000001999.ckpt
0 Gaussians have NaN/Inf and 4 have low opacity, only export 699/703
Loading latest checkpoint from load_dir
Loading latest checkpoint from load_dir
✅ Done loading checkpoint from 
outputs/ctrl_009_004_ratio3_sh0_dense_mid200/ratio3_sh0_dense/f1240/splatfacto/2026-08-20_194534/nerfstudio_models/step-
000001999.ckpt
0 Gaussians have NaN/Inf and 2 have low opacity, only export 686/688
✅ Done loading checkpoint from 
outputs/ctrl_009_004_ratio3_sh0_dense_mid200/ratio3_sh0_dense/f1239/splatfacto/2026-08-20_194533/nerfstudio_models/step-
000001999.ckpt
0 Gaussians have NaN/Inf and 4 have low opacity, only export 664/668
[gpu0_w3] ratio3_sh0_dense__f1234 -> ok (114.4s)
[gpu1_w2] ratio3_sh0_dense__f1236 -> ok (114.3s)
[gpu1_w3] ratio3_sh0_dense__f1242 -> ok (112.1s)
[gpu0_w1] ratio3_sh0_dense__f1238 -> ok (113.0s)
[gpu0_w4] ratio3_sh0_dense__f1241 -> ok (112.2s)
[gpu1_w5] ratio3_sh0_dense__f1243 -> ok (112.2s)
[gpu0_w0] ratio3_sh0_dense__f1239 -> ok (113.4s)
[gpu0_w2] ratio3_sh0_dense__f1240 -> ok (113.1s)
[19:49:12]  Be careful with '--eval-mode=all'. If using camera optimization, the cameras    nerfstudio_dataparser.py:216
           may diverge in the current implementation, giving unpredictable results.                                     
            Be careful with '--eval-mode=all'. If using camera optimization, the cameras    nerfstudio_dataparser.py:216
           may diverge in the current implementation, giving unpredictable results.                                     
[19:49:12]  Be careful with '--eval-mode=all'. If using camera optimization, the cameras    nerfstudio_dataparser.py:216
           may diverge in the current implementation, giving unpredictable results.                                     
            Be careful with '--eval-mode=all'. If using camera optimization, the cameras    nerfstudio_dataparser.py:216
           may diverge in the current implementation, giving unpredictable results.                                     
           use color only optimization with sigmoid activation                                         splatfacto.py:266
           use color only optimization with sigmoid activation                                         splatfacto.py:266
[19:49:12]  Be careful with '--eval-mode=all'. If using camera optimization, the cameras    nerfstudio_dataparser.py:216
           may diverge in the current implementation, giving unpredictable results.                                     
            Be careful with '--eval-mode=all'. If using camera optimization, the cameras    nerfstudio_dataparser.py:216
           may diverge in the current implementation, giving unpredictable results.                                     
[19:49:13] use color only optimization with sigmoid activation                                         splatfacto.py:266
[19:49:13]  Be careful with '--eval-mode=all'. If using camera optimization, the cameras    nerfstudio_dataparser.py:216
           may diverge in the current implementation, giving unpredictable results.                                     
            Be careful with '--eval-mode=all'. If using camera optimization, the cameras    nerfstudio_dataparser.py:216
           may diverge in the current implementation, giving unpredictable results.                                     
[19:49:13]  Be careful with '--eval-mode=all'. If using camera optimization, the cameras    nerfstudio_dataparser.py:216
           may diverge in the current implementation, giving unpredictable results.                                     
            Be careful with '--eval-mode=all'. If using camera optimization, the cameras    nerfstudio_dataparser.py:216
           may diverge in the current implementation, giving unpredictable results.                                     
           use color only optimization with sigmoid activation                                         splatfacto.py:266
Loading latest checkpoint from load_dir
           use color only optimization with sigmoid activation                                         splatfacto.py:266
✅ Done loading checkpoint from 
outputs/ctrl_009_004_ratio3_sh0_dense_mid200/ratio3_sh0_dense/f1244/splatfacto/2026-08-20_194728/nerfstudio_models/step-
000001999.ckpt
Loading latest checkpoint from load_dir
✅ Done loading checkpoint from 
outputs/ctrl_009_004_ratio3_sh0_dense_mid200/ratio3_sh0_dense/f1246/splatfacto/2026-08-20_194729/nerfstudio_models/step-
000001999.ckpt
0 Gaussians have NaN/Inf and 5 have low opacity, only export 681/686
Loading latest checkpoint from load_dir
✅ Done loading checkpoint from 
outputs/ctrl_009_004_ratio3_sh0_dense_mid200/ratio3_sh0_dense/f1247/splatfacto/2026-08-20_194729/nerfstudio_models/step-
000001999.ckpt
0 Gaussians have NaN/Inf and 3 have low opacity, only export 679/682
Loading latest checkpoint from load_dir
✅ Done loading checkpoint from 
outputs/ctrl_009_004_ratio3_sh0_dense_mid200/ratio3_sh0_dense/f1245/splatfacto/2026-08-20_194728/nerfstudio_models/step-
000001999.ckpt
0 Gaussians have NaN/Inf and 1 have low opacity, only export 653/654
Loading latest checkpoint from load_dir
✅ Done loading checkpoint from 
outputs/ctrl_009_004_ratio3_sh0_dense_mid200/ratio3_sh0_dense/f1250/splatfacto/2026-08-20_194729/nerfstudio_models/step-
000001999.ckpt
0 Gaussians have NaN/Inf and 1 have low opacity, only export 611/612
[19:49:14]  Be careful with '--eval-mode=all'. If using camera optimization, the cameras    nerfstudio_dataparser.py:216
           may diverge in the current implementation, giving unpredictable results.                                     
            Be careful with '--eval-mode=all'. If using camera optimization, the cameras    nerfstudio_dataparser.py:216
           may diverge in the current implementation, giving unpredictable results.                                     
[19:49:14]  Be careful with '--eval-mode=all'. If using camera optimization, the cameras    nerfstudio_dataparser.py:216
           may diverge in the current implementation, giving unpredictable results.                                     
            Be careful with '--eval-mode=all'. If using camera optimization, the cameras    nerfstudio_dataparser.py:216
           may diverge in the current implementation, giving unpredictable results.                                     
           use color only optimization with sigmoid activation                                         splatfacto.py:266
[19:49:15]  Be careful with '--eval-mode=all'. If using camera optimization, the cameras    nerfstudio_dataparser.py:216
           may diverge in the current implementation, giving unpredictable results.                                     
            Be careful with '--eval-mode=all'. If using camera optimization, the cameras    nerfstudio_dataparser.py:216
           may diverge in the current implementation, giving unpredictable results.                                     
[19:49:15] use color only optimization with sigmoid activation                                         splatfacto.py:266
           use color only optimization with sigmoid activation                                         splatfacto.py:266
[19:49:15]  Be careful with '--eval-mode=all'. If using camera optimization, the cameras    nerfstudio_dataparser.py:216
           may diverge in the current implementation, giving unpredictable results.                                     
            Be careful with '--eval-mode=all'. If using camera optimization, the cameras    nerfstudio_dataparser.py:216
           may diverge in the current implementation, giving unpredictable results.                                     
Loading latest checkpoint from load_dir
✅ Done loading checkpoint from 
outputs/ctrl_009_004_ratio3_sh0_dense_mid200/ratio3_sh0_dense/f1253/splatfacto/2026-08-20_194730/nerfstudio_models/step-
000001999.ckpt
0 Gaussians have NaN/Inf and 3 have low opacity, only export 662/665
[gpu1_w0] ratio3_sh0_dense__f1244 -> ok (111.5s)
           use color only optimization with sigmoid activation                                         splatfacto.py:266
[gpu1_w4] ratio3_sh0_dense__f1246 -> ok (111.0s)
Loading latest checkpoint from load_dir
✅ Done loading checkpoint from 
outputs/ctrl_009_004_ratio3_sh0_dense_mid200/ratio3_sh0_dense/f1249/splatfacto/2026-08-20_194731/nerfstudio_models/step-
000001999.ckpt
[19:49:15]  Be careful with '--eval-mode=all'. If using camera optimization, the cameras    nerfstudio_dataparser.py:216
           may diverge in the current implementation, giving unpredictable results.                                     
            Be careful with '--eval-mode=all'. If using camera optimization, the cameras    nerfstudio_dataparser.py:216
           may diverge in the current implementation, giving unpredictable results.                                     
0 Gaussians have NaN/Inf and 5 have low opacity, only export 677/682
[19:49:15]  Be careful with '--eval-mode=all'. If using camera optimization, the cameras    nerfstudio_dataparser.py:216
           may diverge in the current implementation, giving unpredictable results.                                     
[19:49:16]  Be careful with '--eval-mode=all'. If using camera optimization, the cameras    nerfstudio_dataparser.py:216
           may diverge in the current implementation, giving unpredictable results.                                     
Loading latest checkpoint from load_dir
✅ Done loading checkpoint from 
outputs/ctrl_009_004_ratio3_sh0_dense_mid200/ratio3_sh0_dense/f1251/splatfacto/2026-08-20_194731/nerfstudio_models/step-
000001999.ckpt
0 Gaussians have NaN/Inf and 2 have low opacity, only export 692/694
[19:49:16] use color only optimization with sigmoid activation                                         splatfacto.py:266
[gpu0_w5] ratio3_sh0_dense__f1247 -> ok (110.9s)
           use color only optimization with sigmoid activation                                         splatfacto.py:266
[gpu1_w1] ratio3_sh0_dense__f1245 -> ok (111.8s)
[19:49:16]  Be careful with '--eval-mode=all'. If using camera optimization, the cameras    nerfstudio_dataparser.py:216
           may diverge in the current implementation, giving unpredictable results.                                     
            Be careful with '--eval-mode=all'. If using camera optimization, the cameras    nerfstudio_dataparser.py:216
           may diverge in the current implementation, giving unpredictable results.                                     
[gpu1_w3] ratio3_sh0_dense__f1250 -> ok (109.3s)
Loading latest checkpoint from load_dir
✅ Done loading checkpoint from 
outputs/ctrl_009_004_ratio3_sh0_dense_mid200/ratio3_sh0_dense/f1248/splatfacto/2026-08-20_194730/nerfstudio_models/step-
000001999.ckpt
0 Gaussians have NaN/Inf and 5 have low opacity, only export 639/644
           use color only optimization with sigmoid activation                                         splatfacto.py:266
Loading latest checkpoint from load_dir
✅ Done loading checkpoint from 
outputs/ctrl_009_004_ratio3_sh0_dense_mid200/ratio3_sh0_dense/f1252/splatfacto/2026-08-20_194731/nerfstudio_models/step-
000001999.ckpt
Loading latest checkpoint from load_dir
0 Gaussians have NaN/Inf and 2 have low opacity, only export 673/675
✅ Done loading checkpoint from 
outputs/ctrl_009_004_ratio3_sh0_dense_mid200/ratio3_sh0_dense/f1255/splatfacto/2026-08-20_194731/nerfstudio_models/step-
000001999.ckpt
0 Gaussians have NaN/Inf and 10 have low opacity, only export 644/654
Loading latest checkpoint from load_dir
✅ Done loading checkpoint from 
outputs/ctrl_009_004_ratio3_sh0_dense_mid200/ratio3_sh0_dense/f1254/splatfacto/2026-08-20_194731/nerfstudio_models/step-
000001999.ckpt
0 Gaussians have NaN/Inf and 7 have low opacity, only export 662/669
[gpu1_w5] ratio3_sh0_dense__f1253 -> ok (110.0s)
[gpu0_w1] ratio3_sh0_dense__f1251 -> ok (110.5s)
[gpu1_w2] ratio3_sh0_dense__f1249 -> ok (110.7s)
[gpu0_w3] ratio3_sh0_dense__f1248 -> ok (111.6s)
[gpu0_w4] ratio3_sh0_dense__f1252 -> ok (111.4s)
[gpu0_w2] ratio3_sh0_dense__f1255 -> ok (111.2s)
[gpu0_w0] ratio3_sh0_dense__f1254 -> ok (111.7s)
[19:51:09]  Be careful with '--eval-mode=all'. If using camera optimization, the cameras    nerfstudio_dataparser.py:216
           may diverge in the current implementation, giving unpredictable results.                                     
            Be careful with '--eval-mode=all'. If using camera optimization, the cameras    nerfstudio_dataparser.py:216
           may diverge in the current implementation, giving unpredictable results.                                     
           use color only optimization with sigmoid activation                                         splatfacto.py:266
[19:51:09]  Be careful with '--eval-mode=all'. If using camera optimization, the cameras    nerfstudio_dataparser.py:216
           may diverge in the current implementation, giving unpredictable results.                                     
            Be careful with '--eval-mode=all'. If using camera optimization, the cameras    nerfstudio_dataparser.py:216
           may diverge in the current implementation, giving unpredictable results.                                     
           use color only optimization with sigmoid activation                                         splatfacto.py:266
Loading latest checkpoint from load_dir
✅ Done loading checkpoint from 
outputs/ctrl_009_004_ratio3_sh0_dense_mid200/ratio3_sh0_dense/f1259/splatfacto/2026-08-20_194924/nerfstudio_models/step-
000001999.ckpt
0 Gaussians have NaN/Inf and 4 have low opacity, only export 568/572
[19:51:10]  Be careful with '--eval-mode=all'. If using camera optimization, the cameras    nerfstudio_dataparser.py:216
           may diverge in the current implementation, giving unpredictable results.                                     
            Be careful with '--eval-mode=all'. If using camera optimization, the cameras    nerfstudio_dataparser.py:216
           may diverge in the current implementation, giving unpredictable results.                                     
[19:51:10]  Be careful with '--eval-mode=all'. If using camera optimization, the cameras    nerfstudio_dataparser.py:216
           may diverge in the current implementation, giving unpredictable results.                                     
            Be careful with '--eval-mode=all'. If using camera optimization, the cameras    nerfstudio_dataparser.py:216
           may diverge in the current implementation, giving unpredictable results.                                     
[19:51:10]  Be careful with '--eval-mode=all'. If using camera optimization, the cameras    nerfstudio_dataparser.py:216
           may diverge in the current implementation, giving unpredictable results.                                     
            Be careful with '--eval-mode=all'. If using camera optimization, the cameras    nerfstudio_dataparser.py:216
           may diverge in the current implementation, giving unpredictable results.                                     
Loading latest checkpoint from load_dir
✅ Done loading checkpoint from 
outputs/ctrl_009_004_ratio3_sh0_dense_mid200/ratio3_sh0_dense/f1257/splatfacto/2026-08-20_194926/nerfstudio_models/step-
000001999.ckpt
           use color only optimization with sigmoid activation                                         splatfacto.py:266
0 Gaussians have NaN/Inf and 4 have low opacity, only export 613/617
           use color only optimization with sigmoid activation                                         splatfacto.py:266
           use color only optimization with sigmoid activation                                         splatfacto.py:266
[19:51:10]  Be careful with '--eval-mode=all'. If using camera optimization, the cameras    nerfstudio_dataparser.py:216
           may diverge in the current implementation, giving unpredictable results.                                     
            Be careful with '--eval-mode=all'. If using camera optimization, the cameras    nerfstudio_dataparser.py:216
           may diverge in the current implementation, giving unpredictable results.                                     
[19:51:11] use color only optimization with sigmoid activation                                         splatfacto.py:266
[19:51:11]  Be careful with '--eval-mode=all'. If using camera optimization, the cameras    nerfstudio_dataparser.py:216
           may diverge in the current implementation, giving unpredictable results.                                     
            Be careful with '--eval-mode=all'. If using camera optimization, the cameras    nerfstudio_dataparser.py:216
           may diverge in the current implementation, giving unpredictable results.                                     
Loading latest checkpoint from load_dir
✅ Done loading checkpoint from 
outputs/ctrl_009_004_ratio3_sh0_dense_mid200/ratio3_sh0_dense/f1256/splatfacto/2026-08-20_194924/nerfstudio_models/step-
000001999.ckpt
0 Gaussians have NaN/Inf and 8 have low opacity, only export 656/664
           use color only optimization with sigmoid activation                                         splatfacto.py:266
Loading latest checkpoint from load_dir
✅ Done loading checkpoint from 
outputs/ctrl_009_004_ratio3_sh0_dense_mid200/ratio3_sh0_dense/f1258/splatfacto/2026-08-20_194926/nerfstudio_models/step-
000001999.ckpt
0 Gaussians have NaN/Inf and 3 have low opacity, only export 657/660
Loading latest checkpoint from load_dir
✅ Done loading checkpoint from 
outputs/ctrl_009_004_ratio3_sh0_dense_mid200/ratio3_sh0_dense/f1260/splatfacto/2026-08-20_194926/nerfstudio_models/step-
000001999.ckpt
0 Gaussians have NaN/Inf and 8 have low opacity, only export 641/649
[19:51:11]  Be careful with '--eval-mode=all'. If using camera optimization, the cameras    nerfstudio_dataparser.py:216
           may diverge in the current implementation, giving unpredictable results.                                     
            Be careful with '--eval-mode=all'. If using camera optimization, the cameras    nerfstudio_dataparser.py:216
           may diverge in the current implementation, giving unpredictable results.                                     
           use color only optimization with sigmoid activation                                         splatfacto.py:266
[gpu1_w1] ratio3_sh0_dense__f1259 -> ok (109.0s)
Loading latest checkpoint from load_dir
✅ Done loading checkpoint from 
outputs/ctrl_009_004_ratio3_sh0_dense_mid200/ratio3_sh0_dense/f1262/splatfacto/2026-08-20_194928/nerfstudio_models/step-
000001999.ckpt
0 Gaussians have NaN/Inf and 8 have low opacity, only export 621/629
Loading latest checkpoint from load_dir
[19:51:12]  Be careful with '--eval-mode=all'. If using camera optimization, the cameras    nerfstudio_dataparser.py:216
           may diverge in the current implementation, giving unpredictable results.                                     
            Be careful with '--eval-mode=all'. If using camera optimization, the cameras    nerfstudio_dataparser.py:216
           may diverge in the current implementation, giving unpredictable results.                                     
✅ Done loading checkpoint from 
outputs/ctrl_009_004_ratio3_sh0_dense_mid200/ratio3_sh0_dense/f1264/splatfacto/2026-08-20_194928/nerfstudio_models/step-
000001999.ckpt
0 Gaussians have NaN/Inf and 6 have low opacity, only export 672/678
           use color only optimization with sigmoid activation                                         splatfacto.py:266
[gpu1_w4] ratio3_sh0_dense__f1257 -> ok (110.0s)
[19:51:12]  Be careful with '--eval-mode=all'. If using camera optimization, the cameras    nerfstudio_dataparser.py:216
           may diverge in the current implementation, giving unpredictable results.                                     
            Be careful with '--eval-mode=all'. If using camera optimization, the cameras    nerfstudio_dataparser.py:216
           may diverge in the current implementation, giving unpredictable results.                                     
Loading latest checkpoint from load_dir
✅ Done loading checkpoint from 
outputs/ctrl_009_004_ratio3_sh0_dense_mid200/ratio3_sh0_dense/f1261/splatfacto/2026-08-20_194928/nerfstudio_models/step-
000001999.ckpt
0 Gaussians have NaN/Inf and 8 have low opacity, only export 598/606
           use color only optimization with sigmoid activation                                         splatfacto.py:266
[19:51:13]  Be careful with '--eval-mode=all'. If using camera optimization, the cameras    nerfstudio_dataparser.py:216
           may diverge in the current implementation, giving unpredictable results.                                     
            Be careful with '--eval-mode=all'. If using camera optimization, the cameras    nerfstudio_dataparser.py:216
           may diverge in the current implementation, giving unpredictable results.                                     
           use color only optimization with sigmoid activation                                         splatfacto.py:266
[19:51:13]  Be careful with '--eval-mode=all'. If using camera optimization, the cameras    nerfstudio_dataparser.py:216
           may diverge in the current implementation, giving unpredictable results.                                     
            Be careful with '--eval-mode=all'. If using camera optimization, the cameras    nerfstudio_dataparser.py:216
           may diverge in the current implementation, giving unpredictable results.                                     
Loading latest checkpoint from load_dir
✅ Done loading checkpoint from 
outputs/ctrl_009_004_ratio3_sh0_dense_mid200/ratio3_sh0_dense/f1266/splatfacto/2026-08-20_194928/nerfstudio_models/step-
000001999.ckpt
           use color only optimization with sigmoid activation                                         splatfacto.py:266
[gpu1_w0] ratio3_sh0_dense__f1256 -> ok (111.1s)
[gpu0_w5] ratio3_sh0_dense__f1258 -> ok (110.8s)
[gpu1_w3] ratio3_sh0_dense__f1260 -> ok (110.5s)
Loading latest checkpoint from load_dir
✅ Done loading checkpoint from 
outputs/ctrl_009_004_ratio3_sh0_dense_mid200/ratio3_sh0_dense/f1265/splatfacto/2026-08-20_194929/nerfstudio_models/step-
000001999.ckpt
0 Gaussians have NaN/Inf and 8 have low opacity, only export 653/661
[gpu0_w1] ratio3_sh0_dense__f1262 -> ok (109.7s)
Loading latest checkpoint from load_dir
✅ Done loading checkpoint from 
outputs/ctrl_009_004_ratio3_sh0_dense_mid200/ratio3_sh0_dense/f1263/splatfacto/2026-08-20_194928/nerfstudio_models/step-
000001999.ckpt
0 Gaussians have NaN/Inf and 9 have low opacity, only export 664/673
[gpu0_w3] ratio3_sh0_dense__f1264 -> ok (109.3s)
Loading latest checkpoint from load_dir
✅ Done loading checkpoint from 
outputs/ctrl_009_004_ratio3_sh0_dense_mid200/ratio3_sh0_dense/f1267/splatfacto/2026-08-20_194929/nerfstudio_models/step-
000001999.ckpt
0 Gaussians have NaN/Inf and 6 have low opacity, only export 632/638
[gpu1_w5] ratio3_sh0_dense__f1261 -> ok (110.7s)
[gpu0_w2] ratio3_sh0_dense__f1266 -> ok (109.9s)
[gpu0_w4] ratio3_sh0_dense__f1265 -> ok (110.3s)
[gpu1_w2] ratio3_sh0_dense__f1263 -> ok (111.5s)
[gpu0_w0] ratio3_sh0_dense__f1267 -> ok (110.3s)
[19:53:04]  Be careful with '--eval-mode=all'. If using camera optimization, the cameras    nerfstudio_dataparser.py:216
           may diverge in the current implementation, giving unpredictable results.                                     
            Be careful with '--eval-mode=all'. If using camera optimization, the cameras    nerfstudio_dataparser.py:216
           may diverge in the current implementation, giving unpredictable results.                                     
           use color only optimization with sigmoid activation                                         splatfacto.py:266
Loading latest checkpoint from load_dir
✅ Done loading checkpoint from 
outputs/ctrl_009_004_ratio3_sh0_dense_mid200/ratio3_sh0_dense/f1269/splatfacto/2026-08-20_195121/nerfstudio_models/step-
000001999.ckpt
0 Gaussians have NaN/Inf and 8 have low opacity, only export 714/722
[19:53:05]  Be careful with '--eval-mode=all'. If using camera optimization, the cameras    nerfstudio_dataparser.py:216
           may diverge in the current implementation, giving unpredictable results.                                     
            Be careful with '--eval-mode=all'. If using camera optimization, the cameras    nerfstudio_dataparser.py:216
           may diverge in the current implementation, giving unpredictable results.                                     
[19:53:06] use color only optimization with sigmoid activation                                         splatfacto.py:266
Loading latest checkpoint from load_dir
[19:53:07]  Be careful with '--eval-mode=all'. If using camera optimization, the cameras    nerfstudio_dataparser.py:216
           may diverge in the current implementation, giving unpredictable results.                                     
✅ Done loading checkpoint from 
outputs/ctrl_009_004_ratio3_sh0_dense_mid200/ratio3_sh0_dense/f1268/splatfacto/2026-08-20_195121/nerfstudio_models/step-
000001999.ckpt
            Be careful with '--eval-mode=all'. If using camera optimization, the cameras    nerfstudio_dataparser.py:216
           may diverge in the current implementation, giving unpredictable results.                                     
[19:53:07]  Be careful with '--eval-mode=all'. If using camera optimization, the cameras    nerfstudio_dataparser.py:216
           may diverge in the current implementation, giving unpredictable results.                                     
0 Gaussians have NaN/Inf and 9 have low opacity, only export 703/712
            Be careful with '--eval-mode=all'. If using camera optimization, the cameras    nerfstudio_dataparser.py:216
           may diverge in the current implementation, giving unpredictable results.                                     
[gpu1_w4] ratio3_sh0_dense__f1269 -> ok (109.8s)
           use color only optimization with sigmoid activation                                         splatfacto.py:266
           use color only optimization with sigmoid activation                                         splatfacto.py:266
[19:53:07]  Be careful with '--eval-mode=all'. If using camera optimization, the cameras    nerfstudio_dataparser.py:216
           may diverge in the current implementation, giving unpredictable results.                                     
            Be careful with '--eval-mode=all'. If using camera optimization, the cameras    nerfstudio_dataparser.py:216
           may diverge in the current implementation, giving unpredictable results.                                     
           use color only optimization with sigmoid activation                                         splatfacto.py:266
Loading latest checkpoint from load_dir
✅ Done loading checkpoint from 
outputs/ctrl_009_004_ratio3_sh0_dense_mid200/ratio3_sh0_dense/f1271/splatfacto/2026-08-20_195122/nerfstudio_models/step-
000001999.ckpt
0 Gaussians have NaN/Inf and 1 have low opacity, only export 664/665
[19:53:07]  Be careful with '--eval-mode=all'. If using camera optimization, the cameras    nerfstudio_dataparser.py:216
           may diverge in the current implementation, giving unpredictable results.                                     
            Be careful with '--eval-mode=all'. If using camera optimization, the cameras    nerfstudio_dataparser.py:216
           may diverge in the current implementation, giving unpredictable results.                                     
[19:53:07]  Be careful with '--eval-mode=all'. If using camera optimization, the cameras    nerfstudio_dataparser.py:216
           may diverge in the current implementation, giving unpredictable results.                                     
            Be careful with '--eval-mode=all'. If using camera optimization, the cameras    nerfstudio_dataparser.py:216
           may diverge in the current implementation, giving unpredictable results.                                     
Loading latest checkpoint from load_dir
[19:53:08] use color only optimization with sigmoid activation                                         splatfacto.py:266
✅ Done loading checkpoint from 
outputs/ctrl_009_004_ratio3_sh0_dense_mid200/ratio3_sh0_dense/f1272/splatfacto/2026-08-20_195122/nerfstudio_models/step-
000001999.ckpt
0 Gaussians have NaN/Inf and 2 have low opacity, only export 642/644
[19:53:08] use color only optimization with sigmoid activation                                         splatfacto.py:266
Loading latest checkpoint from load_dir
✅ Done loading checkpoint from 
outputs/ctrl_009_004_ratio3_sh0_dense_mid200/ratio3_sh0_dense/f1274/splatfacto/2026-08-20_195122/nerfstudio_models/step-
000001999.ckpt
0 Gaussians have NaN/Inf and 7 have low opacity, only export 759/766
Loading latest checkpoint from load_dir
Loading latest checkpoint from load_dir
✅ Done loading checkpoint from 
outputs/ctrl_009_004_ratio3_sh0_dense_mid200/ratio3_sh0_dense/f1270/splatfacto/2026-08-20_195122/nerfstudio_models/step-
000001999.ckpt
✅ Done loading checkpoint from 
outputs/ctrl_009_004_ratio3_sh0_dense_mid200/ratio3_sh0_dense/f1273/splatfacto/2026-08-20_195122/nerfstudio_models/step-
000001999.ckpt
0 Gaussians have NaN/Inf and 7 have low opacity, only export 638/645
0 Gaussians have NaN/Inf and 4 have low opacity, only export 712/716
[gpu1_w1] ratio3_sh0_dense__f1268 -> ok (112.2s)
[19:53:09]  Be careful with '--eval-mode=all'. If using camera optimization, the cameras    nerfstudio_dataparser.py:216
           may diverge in the current implementation, giving unpredictable results.                                     
            Be careful with '--eval-mode=all'. If using camera optimization, the cameras    nerfstudio_dataparser.py:216
           may diverge in the current implementation, giving unpredictable results.                                     
           use color only optimization with sigmoid activation                                         splatfacto.py:266
[19:53:09]  Be careful with '--eval-mode=all'. If using camera optimization, the cameras    nerfstudio_dataparser.py:216
           may diverge in the current implementation, giving unpredictable results.                                     
            Be careful with '--eval-mode=all'. If using camera optimization, the cameras    nerfstudio_dataparser.py:216
           may diverge in the current implementation, giving unpredictable results.                                     
           use color only optimization with sigmoid activation                                         splatfacto.py:266
[19:53:09]  Be careful with '--eval-mode=all'. If using camera optimization, the cameras    nerfstudio_dataparser.py:216
           may diverge in the current implementation, giving unpredictable results.                                     
            Be careful with '--eval-mode=all'. If using camera optimization, the cameras    nerfstudio_dataparser.py:216
           may diverge in the current implementation, giving unpredictable results.                                     
           use color only optimization with sigmoid activation                                         splatfacto.py:266
[gpu1_w3] ratio3_sh0_dense__f1272 -> ok (111.5s)
[gpu0_w5] ratio3_sh0_dense__f1271 -> ok (111.6s)
Loading latest checkpoint from load_dir
✅ Done loading checkpoint from 
outputs/ctrl_009_004_ratio3_sh0_dense_mid200/ratio3_sh0_dense/f1278/splatfacto/2026-08-20_195125/nerfstudio_models/step-
000001999.ckpt
0 Gaussians have NaN/Inf and 1 have low opacity, only export 759/760
[19:53:10]  Be careful with '--eval-mode=all'. If using camera optimization, the cameras    nerfstudio_dataparser.py:216
           may diverge in the current implementation, giving unpredictable results.                                     
            Be careful with '--eval-mode=all'. If using camera optimization, the cameras    nerfstudio_dataparser.py:216
           may diverge in the current implementation, giving unpredictable results.                                     
[19:53:10]  Be careful with '--eval-mode=all'. If using camera optimization, the cameras    nerfstudio_dataparser.py:216
           may diverge in the current implementation, giving unpredictable results.                                     
            Be careful with '--eval-mode=all'. If using camera optimization, the cameras    nerfstudio_dataparser.py:216
           may diverge in the current implementation, giving unpredictable results.                                     
Loading latest checkpoint from load_dir
✅ Done loading checkpoint from 
outputs/ctrl_009_004_ratio3_sh0_dense_mid200/ratio3_sh0_dense/f1277/splatfacto/2026-08-20_195123/nerfstudio_models/step-
000001999.ckpt
           use color only optimization with sigmoid activation                                         splatfacto.py:266
           use color only optimization with sigmoid activation                                         splatfacto.py:266
Loading latest checkpoint from load_dir
✅ Done loading checkpoint from 
outputs/ctrl_009_004_ratio3_sh0_dense_mid200/ratio3_sh0_dense/f1275/splatfacto/2026-08-20_195123/nerfstudio_models/step-
000001999.ckpt
0 Gaussians have NaN/Inf and 3 have low opacity, only export 680/683
[gpu0_w3] ratio3_sh0_dense__f1274 -> ok (111.6s)
[gpu0_w1] ratio3_sh0_dense__f1273 -> ok (111.9s)
[gpu1_w0] ratio3_sh0_dense__f1270 -> ok (112.6s)
Loading latest checkpoint from load_dir
Loading latest checkpoint from load_dir
✅ Done loading checkpoint from 
outputs/ctrl_009_004_ratio3_sh0_dense_mid200/ratio3_sh0_dense/f1279/splatfacto/2026-08-20_195124/nerfstudio_models/step-
000001999.ckpt
✅ Done loading checkpoint from 
outputs/ctrl_009_004_ratio3_sh0_dense_mid200/ratio3_sh0_dense/f1276/splatfacto/2026-08-20_195123/nerfstudio_models/step-
000001999.ckpt
0 Gaussians have NaN/Inf and 1 have low opacity, only export 788/789
0 Gaussians have NaN/Inf and 2 have low opacity, only export 637/639
[gpu1_w2] ratio3_sh0_dense__f1278 -> ok (111.3s)
[gpu1_w5] ratio3_sh0_dense__f1275 -> ok (112.7s)
[gpu0_w4] ratio3_sh0_dense__f1277 -> ok (111.8s)
[gpu0_w0] ratio3_sh0_dense__f1279 -> ok (112.0s)
[gpu0_w2] ratio3_sh0_dense__f1276 -> ok (112.8s)
[19:55:01]  Be careful with '--eval-mode=all'. If using camera optimization, the cameras    nerfstudio_dataparser.py:216
           may diverge in the current implementation, giving unpredictable results.                                     
            Be careful with '--eval-mode=all'. If using camera optimization, the cameras    nerfstudio_dataparser.py:216
           may diverge in the current implementation, giving unpredictable results.                                     
[19:55:02] use color only optimization with sigmoid activation                                         splatfacto.py:266
Loading latest checkpoint from load_dir
✅ Done loading checkpoint from 
outputs/ctrl_009_004_ratio3_sh0_dense_mid200/ratio3_sh0_dense/f1280/splatfacto/2026-08-20_195316/nerfstudio_models/step-
000001999.ckpt
0 Gaussians have NaN/Inf and 1 have low opacity, only export 779/780
[19:55:05]  Be careful with '--eval-mode=all'. If using camera optimization, the cameras    nerfstudio_dataparser.py:216
           may diverge in the current implementation, giving unpredictable results.                                     
            Be careful with '--eval-mode=all'. If using camera optimization, the cameras    nerfstudio_dataparser.py:216
           may diverge in the current implementation, giving unpredictable results.                                     
           use color only optimization with sigmoid activation                                         splatfacto.py:266
[19:55:06]  Be careful with '--eval-mode=all'. If using camera optimization, the cameras    nerfstudio_dataparser.py:216
           may diverge in the current implementation, giving unpredictable results.                                     
            Be careful with '--eval-mode=all'. If using camera optimization, the cameras    nerfstudio_dataparser.py:216
           may diverge in the current implementation, giving unpredictable results.                                     
Loading latest checkpoint from load_dir
✅ Done loading checkpoint from 
outputs/ctrl_009_004_ratio3_sh0_dense_mid200/ratio3_sh0_dense/f1283/splatfacto/2026-08-20_195318/nerfstudio_models/step-
000001999.ckpt
[19:55:06]  Be careful with '--eval-mode=all'. If using camera optimization, the cameras    nerfstudio_dataparser.py:216
           may diverge in the current implementation, giving unpredictable results.                                     
           use color only optimization with sigmoid activation                                         splatfacto.py:266
            Be careful with '--eval-mode=all'. If using camera optimization, the cameras    nerfstudio_dataparser.py:216
           may diverge in the current implementation, giving unpredictable results.                                     
[19:55:06]  Be careful with '--eval-mode=all'. If using camera optimization, the cameras    nerfstudio_dataparser.py:216
           may diverge in the current implementation, giving unpredictable results.                                     
            Be careful with '--eval-mode=all'. If using camera optimization, the cameras    nerfstudio_dataparser.py:216
           may diverge in the current implementation, giving unpredictable results.                                     
           use color only optimization with sigmoid activation                                         splatfacto.py:266
           use color only optimization with sigmoid activation                                         splatfacto.py:266
[gpu1_w4] ratio3_sh0_dense__f1280 -> ok (113.2s)
[19:55:07]  Be careful with '--eval-mode=all'. If using camera optimization, the cameras    nerfstudio_dataparser.py:216
           may diverge in the current implementation, giving unpredictable results.                                     
            Be careful with '--eval-mode=all'. If using camera optimization, the cameras    nerfstudio_dataparser.py:216
           may diverge in the current implementation, giving unpredictable results.                                     
[19:55:07]  Be careful with '--eval-mode=all'. If using camera optimization, the cameras    nerfstudio_dataparser.py:216
           may diverge in the current implementation, giving unpredictable results.                                     
            Be careful with '--eval-mode=all'. If using camera optimization, the cameras    nerfstudio_dataparser.py:216
           may diverge in the current implementation, giving unpredictable results.                                     
Loading latest checkpoint from load_dir
✅ Done loading checkpoint from 
outputs/ctrl_009_004_ratio3_sh0_dense_mid200/ratio3_sh0_dense/f1285/splatfacto/2026-08-20_195318/nerfstudio_models/step-
000001999.ckpt
0 Gaussians have NaN/Inf and 1 have low opacity, only export 675/676
           use color only optimization with sigmoid activation                                         splatfacto.py:266
           use color only optimization with sigmoid activation                                         splatfacto.py:266
Loading latest checkpoint from load_dir
Loading latest checkpoint from load_dir
✅ Done loading checkpoint from 
outputs/ctrl_009_004_ratio3_sh0_dense_mid200/ratio3_sh0_dense/f1282/splatfacto/2026-08-20_195318/nerfstudio_models/step-
000001999.ckpt
✅ Done loading checkpoint from 
outputs/ctrl_009_004_ratio3_sh0_dense_mid200/ratio3_sh0_dense/f1286/splatfacto/2026-08-20_195319/nerfstudio_models/step-
000001999.ckpt
0 Gaussians have NaN/Inf and 1 have low opacity, only export 706/707
0 Gaussians have NaN/Inf and 5 have low opacity, only export 696/701
[19:55:07]  Be careful with '--eval-mode=all'. If using camera optimization, the cameras    nerfstudio_dataparser.py:216
           may diverge in the current implementation, giving unpredictable results.                                     
            Be careful with '--eval-mode=all'. If using camera optimization, the cameras    nerfstudio_dataparser.py:216
           may diverge in the current implementation, giving unpredictable results.                                     
[19:55:07]  Be careful with '--eval-mode=all'. If using camera optimization, the cameras    nerfstudio_dataparser.py:216
           may diverge in the current implementation, giving unpredictable results.                                     
            Be careful with '--eval-mode=all'. If using camera optimization, the cameras    nerfstudio_dataparser.py:216
           may diverge in the current implementation, giving unpredictable results.                                     
           use color only optimization with sigmoid activation                                         splatfacto.py:266
           use color only optimization with sigmoid activation                                         splatfacto.py:266
Loading latest checkpoint from load_dir
✅ Done loading checkpoint from 
outputs/ctrl_009_004_ratio3_sh0_dense_mid200/ratio3_sh0_dense/f1287/splatfacto/2026-08-20_195318/nerfstudio_models/step-
000001999.ckpt
0 Gaussians have NaN/Inf and 7 have low opacity, only export 697/704
[gpu0_w5] ratio3_sh0_dense__f1283 -> ok (112.1s)
[19:55:08]  Be careful with '--eval-mode=all'. If using camera optimization, the cameras    nerfstudio_dataparser.py:216
           may diverge in the current implementation, giving unpredictable results.                                     
            Be careful with '--eval-mode=all'. If using camera optimization, the cameras    nerfstudio_dataparser.py:216
           may diverge in the current implementation, giving unpredictable results.                                     
Loading latest checkpoint from load_dir
✅ Done loading checkpoint from 
outputs/ctrl_009_004_ratio3_sh0_dense_mid200/ratio3_sh0_dense/f1284/splatfacto/2026-08-20_195319/nerfstudio_models/step-
000001999.ckpt
0 Gaussians have NaN/Inf and 1 have low opacity, only export 654/655
           use color only optimization with sigmoid activation                                         splatfacto.py:266
Loading latest checkpoint from load_dir
✅ Done loading checkpoint from 
outputs/ctrl_009_004_ratio3_sh0_dense_mid200/ratio3_sh0_dense/f1281/splatfacto/2026-08-20_195317/nerfstudio_models/step-
000001999.ckpt
0 Gaussians have NaN/Inf and 3 have low opacity, only export 833/836
Loading latest checkpoint from load_dir
✅ Done loading checkpoint from 
outputs/ctrl_009_004_ratio3_sh0_dense_mid200/ratio3_sh0_dense/f1289/splatfacto/2026-08-20_195320/nerfstudio_models/step-
000001999.ckpt
0 Gaussians have NaN/Inf and 2 have low opacity, only export 667/669
[19:55:08]  Be careful with '--eval-mode=all'. If using camera optimization, the cameras    nerfstudio_dataparser.py:216
           may diverge in the current implementation, giving unpredictable results.                                     
            Be careful with '--eval-mode=all'. If using camera optimization, the cameras    nerfstudio_dataparser.py:216
           may diverge in the current implementation, giving unpredictable results.                                     
[19:55:09] use color only optimization with sigmoid activation                                         splatfacto.py:266
[19:55:09]  Be careful with '--eval-mode=all'. If using camera optimization, the cameras    nerfstudio_dataparser.py:216
           may diverge in the current implementation, giving unpredictable results.                                     
            Be careful with '--eval-mode=all'. If using camera optimization, the cameras    nerfstudio_dataparser.py:216
           may diverge in the current implementation, giving unpredictable results.                                     
Loading latest checkpoint from load_dir
✅ Done loading checkpoint from 
outputs/ctrl_009_004_ratio3_sh0_dense_mid200/ratio3_sh0_dense/f1290/splatfacto/2026-08-20_195320/nerfstudio_models/step-
000001999.ckpt
[gpu0_w1] ratio3_sh0_dense__f1285 -> ok (112.4s)
           use color only optimization with sigmoid activation                                         splatfacto.py:266
[gpu1_w3] ratio3_sh0_dense__f1282 -> ok (113.3s)
[gpu1_w0] ratio3_sh0_dense__f1286 -> ok (112.9s)
Loading latest checkpoint from load_dir
✅ Done loading checkpoint from 
outputs/ctrl_009_004_ratio3_sh0_dense_mid200/ratio3_sh0_dense/f1288/splatfacto/2026-08-20_195319/nerfstudio_models/step-
000001999.ckpt
0 Gaussians have NaN/Inf and 1 have low opacity, only export 662/663
Loading latest checkpoint from load_dir
✅ Done loading checkpoint from 
outputs/ctrl_009_004_ratio3_sh0_dense_mid200/ratio3_sh0_dense/f1291/splatfacto/2026-08-20_195321/nerfstudio_models/step-
000001999.ckpt
0 Gaussians have NaN/Inf and 1 have low opacity, only export 738/739
[gpu1_w2] ratio3_sh0_dense__f1287 -> ok (112.1s)
[gpu0_w3] ratio3_sh0_dense__f1284 -> ok (113.5s)
[gpu1_w1] ratio3_sh0_dense__f1281 -> ok (115.3s)
[gpu0_w4] ratio3_sh0_dense__f1289 -> ok (112.3s)
[gpu0_w4] queue drained: 16 ok, 0 failed
[gpu0_w0] ratio3_sh0_dense__f1290 -> ok (112.0s)
[gpu0_w0] queue drained: 16 ok, 0 failed
[gpu1_w5] ratio3_sh0_dense__f1288 -> ok (113.3s)
[gpu1_w5] queue drained: 16 ok, 0 failed
[gpu0_w2] ratio3_sh0_dense__f1291 -> ok (112.6s)
[gpu0_w2] queue drained: 16 ok, 0 failed
[19:56:34]  Be careful with '--eval-mode=all'. If using camera optimization, the cameras    nerfstudio_dataparser.py:216
           may diverge in the current implementation, giving unpredictable results.                                     
            Be careful with '--eval-mode=all'. If using camera optimization, the cameras    nerfstudio_dataparser.py:216
           may diverge in the current implementation, giving unpredictable results.                                     
           use color only optimization with sigmoid activation                                         splatfacto.py:266
Loading latest checkpoint from load_dir
✅ Done loading checkpoint from 
outputs/ctrl_009_004_ratio3_sh0_dense_mid200/ratio3_sh0_dense/f1293/splatfacto/2026-08-20_195516/nerfstudio_models/step-
000001999.ckpt
0 Gaussians have NaN/Inf and 3 have low opacity, only export 733/736
[gpu0_w5] ratio3_sh0_dense__f1293 -> ok (85.4s)
[gpu0_w5] queue drained: 17 ok, 0 failed
[19:56:37]  Be careful with '--eval-mode=all'. If using camera optimization, the cameras    nerfstudio_dataparser.py:216
           may diverge in the current implementation, giving unpredictable results.                                     
            Be careful with '--eval-mode=all'. If using camera optimization, the cameras    nerfstudio_dataparser.py:216
           may diverge in the current implementation, giving unpredictable results.                                     
           use color only optimization with sigmoid activation                                         splatfacto.py:266
Loading latest checkpoint from load_dir
✅ Done loading checkpoint from 
outputs/ctrl_009_004_ratio3_sh0_dense_mid200/ratio3_sh0_dense/f1294/splatfacto/2026-08-20_195518/nerfstudio_models/step-
000001999.ckpt
0 Gaussians have NaN/Inf and 4 have low opacity, only export 794/798
[19:56:38]  Be careful with '--eval-mode=all'. If using camera optimization, the cameras    nerfstudio_dataparser.py:216
           may diverge in the current implementation, giving unpredictable results.                                     
            Be careful with '--eval-mode=all'. If using camera optimization, the cameras    nerfstudio_dataparser.py:216
           may diverge in the current implementation, giving unpredictable results.                                     
[19:56:39] use color only optimization with sigmoid activation                                         splatfacto.py:266
[19:56:39]  Be careful with '--eval-mode=all'. If using camera optimization, the cameras    nerfstudio_dataparser.py:216
           may diverge in the current implementation, giving unpredictable results.                                     
            Be careful with '--eval-mode=all'. If using camera optimization, the cameras    nerfstudio_dataparser.py:216
           may diverge in the current implementation, giving unpredictable results.                                     
           use color only optimization with sigmoid activation                                         splatfacto.py:266
Loading latest checkpoint from load_dir
✅ Done loading checkpoint from 
outputs/ctrl_009_004_ratio3_sh0_dense_mid200/ratio3_sh0_dense/f1298/splatfacto/2026-08-20_195518/nerfstudio_models/step-
000001999.ckpt
0 Gaussians have NaN/Inf and 2 have low opacity, only export 785/787
Loading latest checkpoint from load_dir
✅ Done loading checkpoint from 
outputs/ctrl_009_004_ratio3_sh0_dense_mid200/ratio3_sh0_dense/f1292/splatfacto/2026-08-20_195514/nerfstudio_models/step-
000001999.ckpt
0 Gaussians have NaN/Inf and 4 have low opacity, only export 722/726
[gpu0_w1] ratio3_sh0_dense__f1294 -> ok (88.0s)
[gpu0_w1] queue drained: 17 ok, 0 failed
[19:56:41]  Be careful with '--eval-mode=all'. If using camera optimization, the cameras    nerfstudio_dataparser.py:216
           may diverge in the current implementation, giving unpredictable results.                                     
            Be careful with '--eval-mode=all'. If using camera optimization, the cameras    nerfstudio_dataparser.py:216
           may diverge in the current implementation, giving unpredictable results.                                     
           use color only optimization with sigmoid activation                                         splatfacto.py:266
[gpu0_w3] ratio3_sh0_dense__f1298 -> ok (87.5s)
[gpu0_w3] queue drained: 17 ok, 0 failed
[19:56:41]  Be careful with '--eval-mode=all'. If using camera optimization, the cameras    nerfstudio_dataparser.py:216
           may diverge in the current implementation, giving unpredictable results.                                     
            Be careful with '--eval-mode=all'. If using camera optimization, the cameras    nerfstudio_dataparser.py:216
           may diverge in the current implementation, giving unpredictable results.                                     
           use color only optimization with sigmoid activation                                         splatfacto.py:266
[gpu1_w4] ratio3_sh0_dense__f1292 -> ok (92.0s)
[gpu1_w4] queue drained: 17 ok, 0 failed
Loading latest checkpoint from load_dir
✅ Done loading checkpoint from 
outputs/ctrl_009_004_ratio3_sh0_dense_mid200/ratio3_sh0_dense/f1297/splatfacto/2026-08-20_195518/nerfstudio_models/step-
000001999.ckpt
0 Gaussians have NaN/Inf and 2 have low opacity, only export 775/777
[19:56:42]  Be careful with '--eval-mode=all'. If using camera optimization, the cameras    nerfstudio_dataparser.py:216
           may diverge in the current implementation, giving unpredictable results.                                     
            Be careful with '--eval-mode=all'. If using camera optimization, the cameras    nerfstudio_dataparser.py:216
           may diverge in the current implementation, giving unpredictable results.                                     
Loading latest checkpoint from load_dir
✅ Done loading checkpoint from 
outputs/ctrl_009_004_ratio3_sh0_dense_mid200/ratio3_sh0_dense/f1295/splatfacto/2026-08-20_195518/nerfstudio_models/step-
000001999.ckpt
[19:56:42]  Be careful with '--eval-mode=all'. If using camera optimization, the cameras    nerfstudio_dataparser.py:216
           may diverge in the current implementation, giving unpredictable results.                                     
            Be careful with '--eval-mode=all'. If using camera optimization, the cameras    nerfstudio_dataparser.py:216
           may diverge in the current implementation, giving unpredictable results.                                     
           use color only optimization with sigmoid activation                                         splatfacto.py:266
[19:56:43] use color only optimization with sigmoid activation                                         splatfacto.py:266
Loading latest checkpoint from load_dir
[gpu1_w2] ratio3_sh0_dense__f1297 -> ok (90.0s)
[gpu1_w2] queue drained: 17 ok, 0 failed
✅ Done loading checkpoint from 
outputs/ctrl_009_004_ratio3_sh0_dense_mid200/ratio3_sh0_dense/f1299/splatfacto/2026-08-20_195519/nerfstudio_models/step-
000001999.ckpt
0 Gaussians have NaN/Inf and 4 have low opacity, only export 749/753
Loading latest checkpoint from load_dir
✅ Done loading checkpoint from 
outputs/ctrl_009_004_ratio3_sh0_dense_mid200/ratio3_sh0_dense/f1296/splatfacto/2026-08-20_195518/nerfstudio_models/step-
000001999.ckpt
[gpu1_w3] ratio3_sh0_dense__f1295 -> ok (91.5s)
[gpu1_w3] queue drained: 17 ok, 0 failed
[gpu1_w1] ratio3_sh0_dense__f1299 -> ok (91.3s)
[gpu1_w1] queue drained: 17 ok, 0 failed
[gpu1_w0] ratio3_sh0_dense__f1296 -> ok (92.0s)
[gpu1_w0] queue drained: 17 ok, 0 failed
Dataset generated successfully at: /home/computer0/fly_project/fly_gsplat/ctrl_009/004/f1298
4 cameras loaded
Seed: [ 0.00099993 -0.00481854 -0.00060228]  triangulation residual=0.138 mm
Sampled 10000 points in 2mm sphere
Surviving points (all 4 cameras): 1956
After outlier removal: 1877 points
Saved -> /home/computer0/fly_project/fly_gsplat/ctrl_009/004/f1298/init_points.ply
[prepare] frame 1298 data ready
Dataset generated successfully at: /home/computer0/fly_project/fly_gsplat/ctrl_009/004/f1299
4 cameras loaded
Seed: [ 0.00101984 -0.00486485 -0.00059135]  triangulation residual=0.131 mm
Sampled 10000 points in 2mm sphere
Surviving points (all 4 cameras): 1837
After outlier removal: 1752 points
Saved -> /home/computer0/fly_project/fly_gsplat/ctrl_009/004/f1299/init_points.ply
[prepare] frame 1299 data ready
=== Phase B: build queue ===
[queue] 200 tasks queued, 0 already done (skipped)
=== Phase C: dispatch 2x6 workers ===
Done in 1879.6s: 200 ok, 0 failed -> /home/computer0/fly_project/fly_gsplat/outputs/ctrl_009_004_ratio3_sh0_dense_mid200/schedule_summary.json
