=== Phase A: data prep ===
Dataset generated successfully at: /home/computer0/fly_project/fly_gsplat/ctrl_009/003/f1100
4 cameras loaded
Seed: [ 0.00259656 -0.01782291 -0.00279247]  triangulation residual=0.147 mm
Sampled 10000 points in 2mm sphere
Surviving points (all 4 cameras): 1758
After outlier removal: 1678 points
Saved -> /home/computer0/fly_project/fly_gsplat/ctrl_009/003/f1100/init_points.ply
[prepare] frame 1100 data ready
Dataset generated successfully at: /home/computer0/fly_project/fly_gsplat/ctrl_009/003/f1101
4 cameras loaded
Seed: [ 0.00263765 -0.01788598 -0.00278357]  triangulation residual=0.140 mm
Sampled 10000 points in 2mm sphere
Surviving points (all 4 cameras): 1796
After outlier removal: 1717 points
Saved -> /home/computer0/fly_project/fly_gsplat/ctrl_009/003/f1101/init_points.ply
[prepare] frame 1101 data ready
Dataset generated successfully at: /home/computer0/fly_project/fly_gsplat/ctrl_009/003/f1102
4 cameras loaded
Seed: [ 0.00269606 -0.01793763 -0.00277999]  triangulation residual=0.138 mm
Sampled 10000 points in 2mm sphere
Surviving points (all 4 cameras): 1745
After outlier removal: 1659 points
Saved -> /home/computer0/fly_project/fly_gsplat/ctrl_009/003/f1102/init_points.ply
[prepare] frame 1102 data ready
Dataset generated successfully at: /home/computer0/fly_project/fly_gsplat/ctrl_009/003/f1103
4 cameras loaded
Seed: [ 0.00276025 -0.01798621 -0.00277533]  triangulation residual=0.145 mm
Sampled 10000 points in 2mm sphere
Surviving points (all 4 cameras): 1770
After outlier removal: 1699 points
Saved -> /home/computer0/fly_project/fly_gsplat/ctrl_009/003/f1103/init_points.ply
[prepare] frame 1103 data ready
Dataset generated successfully at: /home/computer0/fly_project/fly_gsplat/ctrl_009/003/f1104
4 cameras loaded
Seed: [ 0.00281988 -0.0180341  -0.00277457]  triangulation residual=0.151 mm
Sampled 10000 points in 2mm sphere
Surviving points (all 4 cameras): 1782
After outlier removal: 1707 points
Saved -> /home/computer0/fly_project/fly_gsplat/ctrl_009/003/f1104/init_points.ply
[prepare] frame 1104 data ready
Dataset generated successfully at: /home/computer0/fly_project/fly_gsplat/ctrl_009/003/f1105
4 cameras loaded
Seed: [ 0.00288116 -0.018077   -0.00277556]  triangulation residual=0.152 mm
Sampled 10000 points in 2mm sphere
Surviving points (all 4 cameras): 1709
After outlier removal: 1634 points
Saved -> /home/computer0/fly_project/fly_gsplat/ctrl_009/003/f1105/init_points.ply
[prepare] frame 1105 data ready
Dataset generated successfully at: /home/computer0/fly_project/fly_gsplat/ctrl_009/003/f1106
4 cameras loaded
Seed: [ 0.00293989 -0.01811618 -0.0027807 ]  triangulation residual=0.150 mm
Sampled 10000 points in 2mm sphere
Surviving points (all 4 cameras): 1721
After outlier removal: 1645 points
Saved -> /home/computer0/fly_project/fly_gsplat/ctrl_009/003/f1106/init_points.ply
[prepare] frame 1106 data ready
Dataset generated successfully at: /home/computer0/fly_project/fly_gsplat/ctrl_009/003/f1107
4 cameras loaded
Seed: [ 0.0030005  -0.01814991 -0.00278882]  triangulation residual=0.152 mm
Sampled 10000 points in 2mm sphere
Surviving points (all 4 cameras): 1593
After outlier removal: 1527 points
Saved -> /home/computer0/fly_project/fly_gsplat/ctrl_009/003/f1107/init_points.ply
[prepare] frame 1107 data ready
Dataset generated successfully at: /home/computer0/fly_project/fly_gsplat/ctrl_009/003/f1108
4 cameras loaded
Seed: [ 0.00304703 -0.01818411 -0.00280268]  triangulation residual=0.141 mm
Sampled 10000 points in 2mm sphere
Surviving points (all 4 cameras): 1743
After outlier removal: 1662 points
Saved -> /home/computer0/fly_project/fly_gsplat/ctrl_009/003/f1108/init_points.ply
[prepare] frame 1108 data ready
Dataset generated successfully at: /home/computer0/fly_project/fly_gsplat/ctrl_009/003/f1109
4 cameras loaded
Seed: [ 0.00308766 -0.01821734 -0.00282224]  triangulation residual=0.127 mm
Sampled 10000 points in 2mm sphere
Surviving points (all 4 cameras): 1734
After outlier removal: 1655 points
Saved -> /home/computer0/fly_project/fly_gsplat/ctrl_009/003/f1109/init_points.ply
[prepare] frame 1109 data ready
Dataset generated successfully at: /home/computer0/fly_project/fly_gsplat/ctrl_009/003/f1110
4 cameras loaded
Seed: [ 0.00312764 -0.01824761 -0.0028451 ]  triangulation residual=0.116 mm
Sampled 10000 points in 2mm sphere
Surviving points (all 4 cameras): 1763
After outlier removal: 1696 points
Saved -> /home/computer0/fly_project/fly_gsplat/ctrl_009/003/f1110/init_points.ply
[prepare] frame 1110 data ready
Dataset generated successfully at: /home/computer0/fly_project/fly_gsplat/ctrl_009/003/f1111
4 cameras loaded
Seed: [ 0.00315253 -0.01827922 -0.00286706]  triangulation residual=0.114 mm
Sampled 10000 points in 2mm sphere
Surviving points (all 4 cameras): 1707
After outlier removal: 1643 points
Saved -> /home/computer0/fly_project/fly_gsplat/ctrl_009/003/f1111/init_points.ply
[prepare] frame 1111 data ready
Dataset generated successfully at: /home/computer0/fly_project/fly_gsplat/ctrl_009/003/f1112
4 cameras loaded
Seed: [ 0.00317245 -0.01831299 -0.0028908 ]  triangulation residual=0.113 mm
Sampled 10000 points in 2mm sphere
Surviving points (all 4 cameras): 1662
After outlier removal: 1584 points
Saved -> /home/computer0/fly_project/fly_gsplat/ctrl_009/003/f1112/init_points.ply
[prepare] frame 1112 data ready
Dataset generated successfully at: /home/computer0/fly_project/fly_gsplat/ctrl_009/003/f1113
4 cameras loaded
Seed: [ 0.00318564 -0.01835259 -0.00291943]  triangulation residual=0.120 mm
Sampled 10000 points in 2mm sphere
Surviving points (all 4 cameras): 1700
After outlier removal: 1633 points
Saved -> /home/computer0/fly_project/fly_gsplat/ctrl_009/003/f1113/init_points.ply
[prepare] frame 1113 data ready
Dataset generated successfully at: /home/computer0/fly_project/fly_gsplat/ctrl_009/003/f1114
4 cameras loaded
Seed: [ 0.00319246 -0.01839272 -0.00294563]  triangulation residual=0.128 mm
Sampled 10000 points in 2mm sphere
Surviving points (all 4 cameras): 1650
After outlier removal: 1585 points
Saved -> /home/computer0/fly_project/fly_gsplat/ctrl_009/003/f1114/init_points.ply
[prepare] frame 1114 data ready
Dataset generated successfully at: /home/computer0/fly_project/fly_gsplat/ctrl_009/003/f1115
4 cameras loaded
Seed: [ 0.00319223 -0.01842799 -0.00296661]  triangulation residual=0.137 mm
Sampled 10000 points in 2mm sphere
Surviving points (all 4 cameras): 1688
After outlier removal: 1624 points
Saved -> /home/computer0/fly_project/fly_gsplat/ctrl_009/003/f1115/init_points.ply
[prepare] frame 1115 data ready
Dataset generated successfully at: /home/computer0/fly_project/fly_gsplat/ctrl_009/003/f1116
4 cameras loaded
Seed: [ 0.00318905 -0.01846328 -0.00298122]  triangulation residual=0.151 mm
Sampled 10000 points in 2mm sphere
Surviving points (all 4 cameras): 1544
After outlier removal: 1475 points
Saved -> /home/computer0/fly_project/fly_gsplat/ctrl_009/003/f1116/init_points.ply
[prepare] frame 1116 data ready
Dataset generated successfully at: /home/computer0/fly_project/fly_gsplat/ctrl_009/003/f1117
4 cameras loaded
Seed: [ 0.00318035 -0.01849398 -0.00299401]  triangulation residual=0.170 mm
Sampled 10000 points in 2mm sphere
Surviving points (all 4 cameras): 1540
After outlier removal: 1470 points
Saved -> /home/computer0/fly_project/fly_gsplat/ctrl_009/003/f1117/init_points.ply
[prepare] frame 1117 data ready
Dataset generated successfully at: /home/computer0/fly_project/fly_gsplat/ctrl_009/003/f1118
4 cameras loaded
Seed: [ 0.00317964 -0.01852186 -0.00300395]  triangulation residual=0.189 mm
Sampled 10000 points in 2mm sphere
Surviving points (all 4 cameras): 1571
After outlier removal: 1502 points
Saved -> /home/computer0/fly_project/fly_gsplat/ctrl_009/003/f1118/init_points.ply
[prepare] frame 1118 data ready
Dataset generated successfully at: /home/computer0/fly_project/fly_gsplat/ctrl_009/003/f1119
4 cameras loaded
Seed: [ 0.00321019 -0.01852958 -0.00300365]  triangulation residual=0.207 mm
Sampled 10000 points in 2mm sphere
Surviving points (all 4 cameras): 1553
After outlier removal: 1486 points
Saved -> /home/computer0/fly_project/fly_gsplat/ctrl_009/003/f1119/init_points.ply
[prepare] frame 1119 data ready
Dataset generated successfully at: /home/computer0/fly_project/fly_gsplat/ctrl_009/003/f1120
4 cameras loaded
Seed: [ 0.00323895 -0.01853669 -0.00300225]  triangulation residual=0.227 mm
Sampled 10000 points in 2mm sphere
Surviving points (all 4 cameras): 1582
After outlier removal: 1515 points
Saved -> /home/computer0/fly_project/fly_gsplat/ctrl_009/003/f1120/init_points.ply
[prepare] frame 1120 data ready
Dataset generated successfully at: /home/computer0/fly_project/fly_gsplat/ctrl_009/003/f1121
4 cameras loaded
Seed: [ 0.0032861  -0.01852515 -0.0030114 ]  triangulation residual=0.224 mm
Sampled 10000 points in 2mm sphere
Surviving points (all 4 cameras): 1601
After outlier removal: 1529 points
Saved -> /home/computer0/fly_project/fly_gsplat/ctrl_009/003/f1121/init_points.ply
[prepare] frame 1121 data ready
Dataset generated successfully at: /home/computer0/fly_project/fly_gsplat/ctrl_009/003/f1122
4 cameras loaded
Seed: [ 0.00332885 -0.01850725 -0.00301576]  triangulation residual=0.212 mm
Sampled 10000 points in 2mm sphere
Surviving points (all 4 cameras): 1593
After outlier removal: 1533 points
Saved -> /home/computer0/fly_project/fly_gsplat/ctrl_009/003/f1122/init_points.ply
[prepare] frame 1122 data ready
Dataset generated successfully at: /home/computer0/fly_project/fly_gsplat/ctrl_009/003/f1123
4 cameras loaded
Seed: [ 0.00336333 -0.01848314 -0.00300951]  triangulation residual=0.210 mm
Sampled 10000 points in 2mm sphere
Surviving points (all 4 cameras): 1705
After outlier removal: 1625 points
Saved -> /home/computer0/fly_project/fly_gsplat/ctrl_009/003/f1123/init_points.ply
[prepare] frame 1123 data ready
Dataset generated successfully at: /home/computer0/fly_project/fly_gsplat/ctrl_009/003/f1124
4 cameras loaded
Seed: [ 0.00338853 -0.01848491 -0.00301826]  triangulation residual=0.207 mm
Sampled 10000 points in 2mm sphere
Surviving points (all 4 cameras): 1785
After outlier removal: 1718 points
Saved -> /home/computer0/fly_project/fly_gsplat/ctrl_009/003/f1124/init_points.ply
[prepare] frame 1124 data ready
Dataset generated successfully at: /home/computer0/fly_project/fly_gsplat/ctrl_009/003/f1125
4 cameras loaded
Seed: [ 0.00339416 -0.01850689 -0.00301645]  triangulation residual=0.203 mm
Sampled 10000 points in 2mm sphere
Surviving points (all 4 cameras): 1737
After outlier removal: 1664 points
Saved -> /home/computer0/fly_project/fly_gsplat/ctrl_009/003/f1125/init_points.ply
[prepare] frame 1125 data ready
Dataset generated successfully at: /home/computer0/fly_project/fly_gsplat/ctrl_009/003/f1126
4 cameras loaded
Seed: [ 0.00339416 -0.01852432 -0.00299968]  triangulation residual=0.201 mm
Sampled 10000 points in 2mm sphere
Surviving points (all 4 cameras): 1679
After outlier removal: 1612 points
Saved -> /home/computer0/fly_project/fly_gsplat/ctrl_009/003/f1126/init_points.ply
[prepare] frame 1126 data ready
Dataset generated successfully at: /home/computer0/fly_project/fly_gsplat/ctrl_009/003/f1127
4 cameras loaded
Seed: [ 0.00337845 -0.01853525 -0.00297109]  triangulation residual=0.198 mm
Sampled 10000 points in 2mm sphere
Surviving points (all 4 cameras): 1749
After outlier removal: 1663 points
Saved -> /home/computer0/fly_project/fly_gsplat/ctrl_009/003/f1127/init_points.ply
[prepare] frame 1127 data ready
Dataset generated successfully at: /home/computer0/fly_project/fly_gsplat/ctrl_009/003/f1128
4 cameras loaded
Seed: [ 0.00337171 -0.01852532 -0.00292343]  triangulation residual=0.203 mm
Sampled 10000 points in 2mm sphere
Surviving points (all 4 cameras): 1716
After outlier removal: 1648 points
Saved -> /home/computer0/fly_project/fly_gsplat/ctrl_009/003/f1128/init_points.ply
[prepare] frame 1128 data ready
Dataset generated successfully at: /home/computer0/fly_project/fly_gsplat/ctrl_009/003/f1129
4 cameras loaded
Seed: [ 0.00336752 -0.01850571 -0.00287748]  triangulation residual=0.212 mm
Sampled 10000 points in 2mm sphere
Surviving points (all 4 cameras): 1778
After outlier removal: 1701 points
Saved -> /home/computer0/fly_project/fly_gsplat/ctrl_009/003/f1129/init_points.ply
[prepare] frame 1129 data ready
Dataset generated successfully at: /home/computer0/fly_project/fly_gsplat/ctrl_009/003/f1130
4 cameras loaded
Seed: [ 0.0033554  -0.01848045 -0.00281838]  triangulation residual=0.225 mm
Sampled 10000 points in 2mm sphere
Surviving points (all 4 cameras): 1807
After outlier removal: 1731 points
Saved -> /home/computer0/fly_project/fly_gsplat/ctrl_009/003/f1130/init_points.ply
[prepare] frame 1130 data ready
Dataset generated successfully at: /home/computer0/fly_project/fly_gsplat/ctrl_009/003/f1131
4 cameras loaded
Seed: [ 0.00332525 -0.01844505 -0.00275051]  triangulation residual=0.233 mm
Sampled 10000 points in 2mm sphere
Surviving points (all 4 cameras): 1771
After outlier removal: 1690 points
Saved -> /home/computer0/fly_project/fly_gsplat/ctrl_009/003/f1131/init_points.ply
[prepare] frame 1131 data ready
Dataset generated successfully at: /home/computer0/fly_project/fly_gsplat/ctrl_009/003/f1132
4 cameras loaded
Seed: [ 0.00327575 -0.01840226 -0.00268338]  triangulation residual=0.233 mm
Sampled 10000 points in 2mm sphere
Surviving points (all 4 cameras): 1762
After outlier removal: 1691 points
Saved -> /home/computer0/fly_project/fly_gsplat/ctrl_009/003/f1132/init_points.ply
[prepare] frame 1132 data ready
Dataset generated successfully at: /home/computer0/fly_project/fly_gsplat/ctrl_009/003/f1133
4 cameras loaded
Seed: [ 0.00320493 -0.01836241 -0.00262699]  triangulation residual=0.229 mm
Sampled 10000 points in 2mm sphere
Surviving points (all 4 cameras): 1687
After outlier removal: 1615 points
Saved -> /home/computer0/fly_project/fly_gsplat/ctrl_009/003/f1133/init_points.ply
[prepare] frame 1133 data ready
Dataset generated successfully at: /home/computer0/fly_project/fly_gsplat/ctrl_009/003/f1134
4 cameras loaded
Seed: [ 0.00312941 -0.01832497 -0.0025916 ]  triangulation residual=0.224 mm
Sampled 10000 points in 2mm sphere
Surviving points (all 4 cameras): 1629
After outlier removal: 1566 points
Saved -> /home/computer0/fly_project/fly_gsplat/ctrl_009/003/f1134/init_points.ply
[prepare] frame 1134 data ready
Dataset generated successfully at: /home/computer0/fly_project/fly_gsplat/ctrl_009/003/f1135
4 cameras loaded
Seed: [ 0.00304328 -0.01829831 -0.00256076]  triangulation residual=0.212 mm
Sampled 10000 points in 2mm sphere
Surviving points (all 4 cameras): 1555
After outlier removal: 1500 points
Saved -> /home/computer0/fly_project/fly_gsplat/ctrl_009/003/f1135/init_points.ply
[prepare] frame 1135 data ready
Dataset generated successfully at: /home/computer0/fly_project/fly_gsplat/ctrl_009/003/f1136
4 cameras loaded
Seed: [ 0.00296006 -0.01826697 -0.00254629]  triangulation residual=0.198 mm
Sampled 10000 points in 2mm sphere
Surviving points (all 4 cameras): 1595
After outlier removal: 1520 points
Saved -> /home/computer0/fly_project/fly_gsplat/ctrl_009/003/f1136/init_points.ply
[prepare] frame 1136 data ready
Dataset generated successfully at: /home/computer0/fly_project/fly_gsplat/ctrl_009/003/f1137
4 cameras loaded
Seed: [ 0.00288264 -0.01824452 -0.00253054]  triangulation residual=0.187 mm
Sampled 10000 points in 2mm sphere
Surviving points (all 4 cameras): 1616
After outlier removal: 1544 points
Saved -> /home/computer0/fly_project/fly_gsplat/ctrl_009/003/f1137/init_points.ply
[prepare] frame 1137 data ready
Dataset generated successfully at: /home/computer0/fly_project/fly_gsplat/ctrl_009/003/f1138
4 cameras loaded
Seed: [ 0.00280846 -0.01822957 -0.00253006]  triangulation residual=0.173 mm
Sampled 10000 points in 2mm sphere
Surviving points (all 4 cameras): 1700
After outlier removal: 1630 points
Saved -> /home/computer0/fly_project/fly_gsplat/ctrl_009/003/f1138/init_points.ply
[prepare] frame 1138 data ready
Dataset generated successfully at: /home/computer0/fly_project/fly_gsplat/ctrl_009/003/f1139
4 cameras loaded
Seed: [ 0.00273429 -0.0182261  -0.00253726]  triangulation residual=0.162 mm
Sampled 10000 points in 2mm sphere
Surviving points (all 4 cameras): 1732
After outlier removal: 1656 points
Saved -> /home/computer0/fly_project/fly_gsplat/ctrl_009/003/f1139/init_points.ply
[prepare] frame 1139 data ready
Dataset generated successfully at: /home/computer0/fly_project/fly_gsplat/ctrl_009/003/f1140
4 cameras loaded
Seed: [ 0.00265918 -0.01822497 -0.00254825]  triangulation residual=0.152 mm
Sampled 10000 points in 2mm sphere
Surviving points (all 4 cameras): 1780
After outlier removal: 1703 points
Saved -> /home/computer0/fly_project/fly_gsplat/ctrl_009/003/f1140/init_points.ply
[prepare] frame 1140 data ready
Dataset generated successfully at: /home/computer0/fly_project/fly_gsplat/ctrl_009/003/f1141
4 cameras loaded
Seed: [ 0.00260007 -0.01822287 -0.00256296]  triangulation residual=0.150 mm
Sampled 10000 points in 2mm sphere
Surviving points (all 4 cameras): 1912
After outlier removal: 1830 points
Saved -> /home/computer0/fly_project/fly_gsplat/ctrl_009/003/f1141/init_points.ply
[prepare] frame 1141 data ready
Dataset generated successfully at: /home/computer0/fly_project/fly_gsplat/ctrl_009/003/f1142
4 cameras loaded
Seed: [ 0.00256325 -0.0182124  -0.00257895]  triangulation residual=0.151 mm
Sampled 10000 points in 2mm sphere
Surviving points (all 4 cameras): 1873
After outlier removal: 1788 points
Saved -> /home/computer0/fly_project/fly_gsplat/ctrl_009/003/f1142/init_points.ply
[prepare] frame 1142 data ready
Dataset generated successfully at: /home/computer0/fly_project/fly_gsplat/ctrl_009/003/f1143
4 cameras loaded
Seed: [ 0.00253894 -0.01819653 -0.00259401]  triangulation residual=0.150 mm
Sampled 10000 points in 2mm sphere
Surviving points (all 4 cameras): 1972
After outlier removal: 1894 points
Saved -> /home/computer0/fly_project/fly_gsplat/ctrl_009/003/f1143/init_points.ply
[prepare] frame 1143 data ready
Dataset generated successfully at: /home/computer0/fly_project/fly_gsplat/ctrl_009/003/f1144
4 cameras loaded
Seed: [ 0.00251865 -0.01818261 -0.0026079 ]  triangulation residual=0.151 mm
Sampled 10000 points in 2mm sphere
Surviving points (all 4 cameras): 1994
After outlier removal: 1909 points
Saved -> /home/computer0/fly_project/fly_gsplat/ctrl_009/003/f1144/init_points.ply
[prepare] frame 1144 data ready
Dataset generated successfully at: /home/computer0/fly_project/fly_gsplat/ctrl_009/003/f1145
4 cameras loaded
Seed: [ 0.0025033  -0.01817945 -0.00262714]  triangulation residual=0.151 mm
Sampled 10000 points in 2mm sphere
Surviving points (all 4 cameras): 2012
After outlier removal: 1942 points
Saved -> /home/computer0/fly_project/fly_gsplat/ctrl_009/003/f1145/init_points.ply
[prepare] frame 1145 data ready
Dataset generated successfully at: /home/computer0/fly_project/fly_gsplat/ctrl_009/003/f1146
4 cameras loaded
Seed: [ 0.00250417 -0.01818172 -0.00264201]  triangulation residual=0.154 mm
Sampled 10000 points in 2mm sphere
Surviving points (all 4 cameras): 1985
After outlier removal: 1915 points
Saved -> /home/computer0/fly_project/fly_gsplat/ctrl_009/003/f1146/init_points.ply
[prepare] frame 1146 data ready
Dataset generated successfully at: /home/computer0/fly_project/fly_gsplat/ctrl_009/003/f1147
4 cameras loaded
Seed: [ 0.00251145 -0.01818631 -0.00266015]  triangulation residual=0.156 mm
Sampled 10000 points in 2mm sphere
Surviving points (all 4 cameras): 2015
After outlier removal: 1930 points
Saved -> /home/computer0/fly_project/fly_gsplat/ctrl_009/003/f1147/init_points.ply
[prepare] frame 1147 data ready
Dataset generated successfully at: /home/computer0/fly_project/fly_gsplat/ctrl_009/003/f1148
4 cameras loaded
Seed: [ 0.00253114 -0.01819768 -0.00268264]  triangulation residual=0.158 mm
Sampled 10000 points in 2mm sphere
Surviving points (all 4 cameras): 1993
After outlier removal: 1910 points
Saved -> /home/computer0/fly_project/fly_gsplat/ctrl_009/003/f1148/init_points.ply
[prepare] frame 1148 data ready
Dataset generated successfully at: /home/computer0/fly_project/fly_gsplat/ctrl_009/003/f1149
4 cameras loaded
Seed: [ 0.00254676 -0.01820167 -0.0027184 ]  triangulation residual=0.149 mm
Sampled 10000 points in 2mm sphere
Surviving points (all 4 cameras): 1975
After outlier removal: 1883 points
Saved -> /home/computer0/fly_project/fly_gsplat/ctrl_009/003/f1149/init_points.ply
[prepare] frame 1149 data ready
Dataset generated successfully at: /home/computer0/fly_project/fly_gsplat/ctrl_009/003/f1150
4 cameras loaded
Seed: [ 0.00256009 -0.01821298 -0.00275126]  triangulation residual=0.132 mm
Sampled 10000 points in 2mm sphere
Surviving points (all 4 cameras): 2116
After outlier removal: 2037 points
Saved -> /home/computer0/fly_project/fly_gsplat/ctrl_009/003/f1150/init_points.ply
[prepare] frame 1150 data ready
Dataset generated successfully at: /home/computer0/fly_project/fly_gsplat/ctrl_009/003/f1151
4 cameras loaded
Seed: [ 0.00258547 -0.01823365 -0.00277645]  triangulation residual=0.113 mm
Sampled 10000 points in 2mm sphere
Surviving points (all 4 cameras): 2024
After outlier removal: 1938 points
Saved -> /home/computer0/fly_project/fly_gsplat/ctrl_009/003/f1151/init_points.ply
[prepare] frame 1151 data ready
Dataset generated successfully at: /home/computer0/fly_project/fly_gsplat/ctrl_009/003/f1152
4 cameras loaded
Seed: [ 0.0026178  -0.01826205 -0.00278913]  triangulation residual=0.092 mm
Sampled 10000 points in 2mm sphere
Surviving points (all 4 cameras): 2025
After outlier removal: 1943 points
Saved -> /home/computer0/fly_project/fly_gsplat/ctrl_009/003/f1152/init_points.ply
[prepare] frame 1152 data ready
Dataset generated successfully at: /home/computer0/fly_project/fly_gsplat/ctrl_009/003/f1153
4 cameras loaded
Seed: [ 0.00265206 -0.01828805 -0.00280154]  triangulation residual=0.090 mm
Sampled 10000 points in 2mm sphere
Surviving points (all 4 cameras): 1905
After outlier removal: 1831 points
Saved -> /home/computer0/fly_project/fly_gsplat/ctrl_009/003/f1153/init_points.ply
[prepare] frame 1153 data ready
Dataset generated successfully at: /home/computer0/fly_project/fly_gsplat/ctrl_009/003/f1154
4 cameras loaded
Seed: [ 0.00267795 -0.01828559 -0.00281902]  triangulation residual=0.079 mm
Sampled 10000 points in 2mm sphere
Surviving points (all 4 cameras): 1950
After outlier removal: 1871 points
Saved -> /home/computer0/fly_project/fly_gsplat/ctrl_009/003/f1154/init_points.ply
[prepare] frame 1154 data ready
Dataset generated successfully at: /home/computer0/fly_project/fly_gsplat/ctrl_009/003/f1155
4 cameras loaded
Seed: [ 0.00270229 -0.01828388 -0.0028281 ]  triangulation residual=0.071 mm
Sampled 10000 points in 2mm sphere
Surviving points (all 4 cameras): 1873
After outlier removal: 1794 points
Saved -> /home/computer0/fly_project/fly_gsplat/ctrl_009/003/f1155/init_points.ply
[prepare] frame 1155 data ready
Dataset generated successfully at: /home/computer0/fly_project/fly_gsplat/ctrl_009/003/f1156
4 cameras loaded
Seed: [ 0.00271337 -0.01827321 -0.00283521]  triangulation residual=0.072 mm
Sampled 10000 points in 2mm sphere
Surviving points (all 4 cameras): 1892
After outlier removal: 1811 points
Saved -> /home/computer0/fly_project/fly_gsplat/ctrl_009/003/f1156/init_points.ply
[prepare] frame 1156 data ready
Dataset generated successfully at: /home/computer0/fly_project/fly_gsplat/ctrl_009/003/f1157
4 cameras loaded
Seed: [ 0.0027038  -0.01826204 -0.0028438 ]  triangulation residual=0.085 mm
Sampled 10000 points in 2mm sphere
Surviving points (all 4 cameras): 2080
After outlier removal: 1987 points
Saved -> /home/computer0/fly_project/fly_gsplat/ctrl_009/003/f1157/init_points.ply
[prepare] frame 1157 data ready
Dataset generated successfully at: /home/computer0/fly_project/fly_gsplat/ctrl_009/003/f1158
4 cameras loaded
Seed: [ 0.00269769 -0.0182504  -0.0028406 ]  triangulation residual=0.105 mm
Sampled 10000 points in 2mm sphere
Surviving points (all 4 cameras): 2152
After outlier removal: 2052 points
Saved -> /home/computer0/fly_project/fly_gsplat/ctrl_009/003/f1158/init_points.ply
[prepare] frame 1158 data ready
Dataset generated successfully at: /home/computer0/fly_project/fly_gsplat/ctrl_009/003/f1159
4 cameras loaded
Seed: [ 0.00269326 -0.01823559 -0.00283709]  triangulation residual=0.124 mm
Sampled 10000 points in 2mm sphere
Surviving points (all 4 cameras): 2105
After outlier removal: 2018 points
Saved -> /home/computer0/fly_project/fly_gsplat/ctrl_009/003/f1159/init_points.ply
[prepare] frame 1159 data ready
Dataset generated successfully at: /home/computer0/fly_project/fly_gsplat/ctrl_009/003/f1160
4 cameras loaded
Seed: [ 0.00268485 -0.01822167 -0.00282227]  triangulation residual=0.133 mm
Sampled 10000 points in 2mm sphere
Surviving points (all 4 cameras): 2271
After outlier removal: 2168 points
Saved -> /home/computer0/fly_project/fly_gsplat/ctrl_009/003/f1160/init_points.ply
[prepare] frame 1160 data ready
Dataset generated successfully at: /home/computer0/fly_project/fly_gsplat/ctrl_009/003/f1161
4 cameras loaded
Seed: [ 0.00268371 -0.01821855 -0.00280823]  triangulation residual=0.147 mm
Sampled 10000 points in 2mm sphere
Surviving points (all 4 cameras): 2275
After outlier removal: 2174 points
Saved -> /home/computer0/fly_project/fly_gsplat/ctrl_009/003/f1161/init_points.ply
[prepare] frame 1161 data ready
Dataset generated successfully at: /home/computer0/fly_project/fly_gsplat/ctrl_009/003/f1162
4 cameras loaded
Seed: [ 0.00269401 -0.01822908 -0.00278139]  triangulation residual=0.156 mm
Sampled 10000 points in 2mm sphere
Surviving points (all 4 cameras): 2372
After outlier removal: 2264 points
Saved -> /home/computer0/fly_project/fly_gsplat/ctrl_009/003/f1162/init_points.ply
[prepare] frame 1162 data ready
Dataset generated successfully at: /home/computer0/fly_project/fly_gsplat/ctrl_009/003/f1163
4 cameras loaded
Seed: [ 0.00271585 -0.01824828 -0.00274918]  triangulation residual=0.163 mm
Sampled 10000 points in 2mm sphere
Surviving points (all 4 cameras): 2310
After outlier removal: 2203 points
Saved -> /home/computer0/fly_project/fly_gsplat/ctrl_009/003/f1163/init_points.ply
[prepare] frame 1163 data ready
Dataset generated successfully at: /home/computer0/fly_project/fly_gsplat/ctrl_009/003/f1164
4 cameras loaded
Seed: [ 0.00275461 -0.01827935 -0.00272017]  triangulation residual=0.178 mm
Sampled 10000 points in 2mm sphere
Surviving points (all 4 cameras): 2153
After outlier removal: 2064 points
Saved -> /home/computer0/fly_project/fly_gsplat/ctrl_009/003/f1164/init_points.ply
[prepare] frame 1164 data ready
Dataset generated successfully at: /home/computer0/fly_project/fly_gsplat/ctrl_009/003/f1165
4 cameras loaded
Seed: [ 0.00279848 -0.01831215 -0.00269134]  triangulation residual=0.184 mm
Sampled 10000 points in 2mm sphere
Surviving points (all 4 cameras): 2091
After outlier removal: 2004 points
Saved -> /home/computer0/fly_project/fly_gsplat/ctrl_009/003/f1165/init_points.ply
[prepare] frame 1165 data ready
Dataset generated successfully at: /home/computer0/fly_project/fly_gsplat/ctrl_009/003/f1166
4 cameras loaded
Seed: [ 0.00282743 -0.01834461 -0.00266774]  triangulation residual=0.179 mm
Sampled 10000 points in 2mm sphere
Surviving points (all 4 cameras): 2022
After outlier removal: 1934 points
Saved -> /home/computer0/fly_project/fly_gsplat/ctrl_009/003/f1166/init_points.ply
[prepare] frame 1166 data ready
Dataset generated successfully at: /home/computer0/fly_project/fly_gsplat/ctrl_009/003/f1167
4 cameras loaded
Seed: [ 0.00284693 -0.01837488 -0.0026507 ]  triangulation residual=0.173 mm
Sampled 10000 points in 2mm sphere
Surviving points (all 4 cameras): 1915
After outlier removal: 1828 points
Saved -> /home/computer0/fly_project/fly_gsplat/ctrl_009/003/f1167/init_points.ply
[prepare] frame 1167 data ready
Dataset generated successfully at: /home/computer0/fly_project/fly_gsplat/ctrl_009/003/f1168
4 cameras loaded
Seed: [ 0.00287691 -0.018417   -0.0026327 ]  triangulation residual=0.174 mm
Sampled 10000 points in 2mm sphere
Surviving points (all 4 cameras): 1908
After outlier removal: 1826 points
Saved -> /home/computer0/fly_project/fly_gsplat/ctrl_009/003/f1168/init_points.ply
[prepare] frame 1168 data ready
Dataset generated successfully at: /home/computer0/fly_project/fly_gsplat/ctrl_009/003/f1169
4 cameras loaded
Seed: [ 0.00291353 -0.01845141 -0.00262913]  triangulation residual=0.176 mm
Sampled 10000 points in 2mm sphere
Surviving points (all 4 cameras): 1911
After outlier removal: 1834 points
Saved -> /home/computer0/fly_project/fly_gsplat/ctrl_009/003/f1169/init_points.ply
[prepare] frame 1169 data ready
Dataset generated successfully at: /home/computer0/fly_project/fly_gsplat/ctrl_009/003/f1170
4 cameras loaded
Seed: [ 0.00297737 -0.01847937 -0.00262412]  triangulation residual=0.177 mm
Sampled 10000 points in 2mm sphere
Surviving points (all 4 cameras): 1704
After outlier removal: 1637 points
Saved -> /home/computer0/fly_project/fly_gsplat/ctrl_009/003/f1170/init_points.ply
[prepare] frame 1170 data ready
Dataset generated successfully at: /home/computer0/fly_project/fly_gsplat/ctrl_009/003/f1171
4 cameras loaded
Seed: [ 0.00305292 -0.01850259 -0.00261909]  triangulation residual=0.188 mm
Sampled 10000 points in 2mm sphere
Surviving points (all 4 cameras): 1604
After outlier removal: 1536 points
Saved -> /home/computer0/fly_project/fly_gsplat/ctrl_009/003/f1171/init_points.ply
[prepare] frame 1171 data ready
Dataset generated successfully at: /home/computer0/fly_project/fly_gsplat/ctrl_009/003/f1172
4 cameras loaded
Seed: [ 0.0031294  -0.01851961 -0.00261333]  triangulation residual=0.210 mm
Sampled 10000 points in 2mm sphere
Surviving points (all 4 cameras): 1617
After outlier removal: 1545 points
Saved -> /home/computer0/fly_project/fly_gsplat/ctrl_009/003/f1172/init_points.ply
[prepare] frame 1172 data ready
Dataset generated successfully at: /home/computer0/fly_project/fly_gsplat/ctrl_009/003/f1173
4 cameras loaded
Seed: [ 0.00320803 -0.01855137 -0.00261241]  triangulation residual=0.242 mm
Sampled 10000 points in 2mm sphere
Surviving points (all 4 cameras): 1544
After outlier removal: 1477 points
Saved -> /home/computer0/fly_project/fly_gsplat/ctrl_009/003/f1173/init_points.ply
[prepare] frame 1173 data ready
Dataset generated successfully at: /home/computer0/fly_project/fly_gsplat/ctrl_009/003/f1174
4 cameras loaded
Seed: [ 0.00327408 -0.01858607 -0.0026105 ]  triangulation residual=0.273 mm
Sampled 10000 points in 2mm sphere
Surviving points (all 4 cameras): 1468
After outlier removal: 1404 points
Saved -> /home/computer0/fly_project/fly_gsplat/ctrl_009/003/f1174/init_points.ply
[prepare] frame 1174 data ready
Dataset generated successfully at: /home/computer0/fly_project/fly_gsplat/ctrl_009/003/f1175
4 cameras loaded
Seed: [ 0.00333722 -0.01862915 -0.00261025]  triangulation residual=0.301 mm
Sampled 10000 points in 2mm sphere
Surviving points (all 4 cameras): 1480
After outlier removal: 1414 points
Saved -> /home/computer0/fly_project/fly_gsplat/ctrl_009/003/f1175/init_points.ply
[prepare] frame 1175 data ready
Dataset generated successfully at: /home/computer0/fly_project/fly_gsplat/ctrl_009/003/f1176
4 cameras loaded
Seed: [ 0.0033909  -0.01867706 -0.00260898]  triangulation residual=0.322 mm
Sampled 10000 points in 2mm sphere
Surviving points (all 4 cameras): 1330
After outlier removal: 1278 points
Saved -> /home/computer0/fly_project/fly_gsplat/ctrl_009/003/f1176/init_points.ply
[prepare] frame 1176 data ready
Dataset generated successfully at: /home/computer0/fly_project/fly_gsplat/ctrl_009/003/f1177
4 cameras loaded
Seed: [ 0.00343265 -0.01873343 -0.00260835]  triangulation residual=0.324 mm
Sampled 10000 points in 2mm sphere
Surviving points (all 4 cameras): 1309
After outlier removal: 1258 points
Saved -> /home/computer0/fly_project/fly_gsplat/ctrl_009/003/f1177/init_points.ply
[prepare] frame 1177 data ready
Dataset generated successfully at: /home/computer0/fly_project/fly_gsplat/ctrl_009/003/f1178
4 cameras loaded
Seed: [ 0.00348209 -0.01878169 -0.00261741]  triangulation residual=0.324 mm
Sampled 10000 points in 2mm sphere
Surviving points (all 4 cameras): 1282
After outlier removal: 1223 points
Saved -> /home/computer0/fly_project/fly_gsplat/ctrl_009/003/f1178/init_points.ply
[prepare] frame 1178 data ready
Dataset generated successfully at: /home/computer0/fly_project/fly_gsplat/ctrl_009/003/f1179
4 cameras loaded
Seed: [ 0.00352673 -0.01882464 -0.00261933]  triangulation residual=0.312 mm
Sampled 10000 points in 2mm sphere
Surviving points (all 4 cameras): 1265
After outlier removal: 1214 points
Saved -> /home/computer0/fly_project/fly_gsplat/ctrl_009/003/f1179/init_points.ply
[prepare] frame 1179 data ready
Dataset generated successfully at: /home/computer0/fly_project/fly_gsplat/ctrl_009/003/f1180
4 cameras loaded
Seed: [ 0.00357267 -0.01886447 -0.0026343 ]  triangulation residual=0.289 mm
Sampled 10000 points in 2mm sphere
Surviving points (all 4 cameras): 1313
After outlier removal: 1266 points
Saved -> /home/computer0/fly_project/fly_gsplat/ctrl_009/003/f1180/init_points.ply
[prepare] frame 1180 data ready
Dataset generated successfully at: /home/computer0/fly_project/fly_gsplat/ctrl_009/003/f1181
4 cameras loaded
Seed: [ 0.00361225 -0.01890279 -0.00265202]  triangulation residual=0.268 mm
Sampled 10000 points in 2mm sphere
Surviving points (all 4 cameras): 1340
After outlier removal: 1289 points
Saved -> /home/computer0/fly_project/fly_gsplat/ctrl_009/003/f1181/init_points.ply
[prepare] frame 1181 data ready
Dataset generated successfully at: /home/computer0/fly_project/fly_gsplat/ctrl_009/003/f1182
4 cameras loaded
Seed: [ 0.00364733 -0.01894076 -0.00267638]  triangulation residual=0.246 mm
Sampled 10000 points in 2mm sphere
Surviving points (all 4 cameras): 1272
After outlier removal: 1227 points
Saved -> /home/computer0/fly_project/fly_gsplat/ctrl_009/003/f1182/init_points.ply
[prepare] frame 1182 data ready
Dataset generated successfully at: /home/computer0/fly_project/fly_gsplat/ctrl_009/003/f1183
4 cameras loaded
Seed: [ 0.00367613 -0.01897416 -0.00269975]  triangulation residual=0.226 mm
Sampled 10000 points in 2mm sphere
Surviving points (all 4 cameras): 1286
After outlier removal: 1240 points
Saved -> /home/computer0/fly_project/fly_gsplat/ctrl_009/003/f1183/init_points.ply
[prepare] frame 1183 data ready
Dataset generated successfully at: /home/computer0/fly_project/fly_gsplat/ctrl_009/003/f1184
4 cameras loaded
Seed: [ 0.00370225 -0.01900763 -0.00272413]  triangulation residual=0.216 mm
Sampled 10000 points in 2mm sphere
Surviving points (all 4 cameras): 1249
After outlier removal: 1187 points
Saved -> /home/computer0/fly_project/fly_gsplat/ctrl_009/003/f1184/init_points.ply
[prepare] frame 1184 data ready
Dataset generated successfully at: /home/computer0/fly_project/fly_gsplat/ctrl_009/003/f1185
4 cameras loaded
Seed: [ 0.0037131  -0.01904952 -0.00275564]  triangulation residual=0.210 mm
Sampled 10000 points in 2mm sphere
Surviving points (all 4 cameras): 1304
After outlier removal: 1250 points
Saved -> /home/computer0/fly_project/fly_gsplat/ctrl_009/003/f1185/init_points.ply
[prepare] frame 1185 data ready
Dataset generated successfully at: /home/computer0/fly_project/fly_gsplat/ctrl_009/003/f1186
4 cameras loaded
Seed: [ 0.00371896 -0.01908753 -0.00277961]  triangulation residual=0.206 mm
Sampled 10000 points in 2mm sphere
Surviving points (all 4 cameras): 1237
After outlier removal: 1185 points
Saved -> /home/computer0/fly_project/fly_gsplat/ctrl_009/003/f1186/init_points.ply
[prepare] frame 1186 data ready
Dataset generated successfully at: /home/computer0/fly_project/fly_gsplat/ctrl_009/003/f1187
4 cameras loaded
Seed: [ 0.00371798 -0.019127   -0.00280522]  triangulation residual=0.205 mm
Sampled 10000 points in 2mm sphere
Surviving points (all 4 cameras): 1261
After outlier removal: 1209 points
Saved -> /home/computer0/fly_project/fly_gsplat/ctrl_009/003/f1187/init_points.ply
[prepare] frame 1187 data ready
Dataset generated successfully at: /home/computer0/fly_project/fly_gsplat/ctrl_009/003/f1188
4 cameras loaded
Seed: [ 0.00371567 -0.01916302 -0.00282229]  triangulation residual=0.210 mm
Sampled 10000 points in 2mm sphere
Surviving points (all 4 cameras): 1155
After outlier removal: 1104 points
Saved -> /home/computer0/fly_project/fly_gsplat/ctrl_009/003/f1188/init_points.ply
[prepare] frame 1188 data ready
Dataset generated successfully at: /home/computer0/fly_project/fly_gsplat/ctrl_009/003/f1189
4 cameras loaded
Seed: [ 0.0037004  -0.01919435 -0.00283651]  triangulation residual=0.217 mm
Sampled 10000 points in 2mm sphere
Surviving points (all 4 cameras): 1160
After outlier removal: 1121 points
Saved -> /home/computer0/fly_project/fly_gsplat/ctrl_009/003/f1189/init_points.ply
[prepare] frame 1189 data ready
Dataset generated successfully at: /home/computer0/fly_project/fly_gsplat/ctrl_009/003/f1190
4 cameras loaded
Seed: [ 0.00368162 -0.01922537 -0.00284603]  triangulation residual=0.230 mm
Sampled 10000 points in 2mm sphere
Surviving points (all 4 cameras): 1139
After outlier removal: 1098 points
Saved -> /home/computer0/fly_project/fly_gsplat/ctrl_009/003/f1190/init_points.ply
[prepare] frame 1190 data ready
Dataset generated successfully at: /home/computer0/fly_project/fly_gsplat/ctrl_009/003/f1191
4 cameras loaded
Seed: [ 0.00368857 -0.01924246 -0.00285053]  triangulation residual=0.244 mm
Sampled 10000 points in 2mm sphere
Surviving points (all 4 cameras): 1060
After outlier removal: 1019 points
Saved -> /home/computer0/fly_project/fly_gsplat/ctrl_009/003/f1191/init_points.ply
[prepare] frame 1191 data ready
Dataset generated successfully at: /home/computer0/fly_project/fly_gsplat/ctrl_009/003/f1192
4 cameras loaded
Seed: [ 0.00372576 -0.01925686 -0.0028462 ]  triangulation residual=0.259 mm
Sampled 10000 points in 2mm sphere
Surviving points (all 4 cameras): 1050
After outlier removal: 1006 points
Saved -> /home/computer0/fly_project/fly_gsplat/ctrl_009/003/f1192/init_points.ply
[prepare] frame 1192 data ready
Dataset generated successfully at: /home/computer0/fly_project/fly_gsplat/ctrl_009/003/f1193
4 cameras loaded
Seed: [ 0.00376276 -0.01925867 -0.00284137]  triangulation residual=0.278 mm
Sampled 10000 points in 2mm sphere
Surviving points (all 4 cameras): 1072
After outlier removal: 1033 points
Saved -> /home/computer0/fly_project/fly_gsplat/ctrl_009/003/f1193/init_points.ply
[prepare] frame 1193 data ready
Dataset generated successfully at: /home/computer0/fly_project/fly_gsplat/ctrl_009/003/f1194
4 cameras loaded
Seed: [ 0.00381465 -0.01924095 -0.00284401]  triangulation residual=0.271 mm
Sampled 10000 points in 2mm sphere
Surviving points (all 4 cameras): 1199
After outlier removal: 1139 points
Saved -> /home/computer0/fly_project/fly_gsplat/ctrl_009/003/f1194/init_points.ply
[prepare] frame 1194 data ready
Dataset generated successfully at: /home/computer0/fly_project/fly_gsplat/ctrl_009/003/f1195
4 cameras loaded
Seed: [ 0.00386168 -0.01921694 -0.00284185]  triangulation residual=0.270 mm
Sampled 10000 points in 2mm sphere
Surviving points (all 4 cameras): 1135
After outlier removal: 1090 points
Saved -> /home/computer0/fly_project/fly_gsplat/ctrl_009/003/f1195/init_points.ply
[prepare] frame 1195 data ready
Dataset generated successfully at: /home/computer0/fly_project/fly_gsplat/ctrl_009/003/f1196
4 cameras loaded
Seed: [ 0.00390279 -0.01920363 -0.00284653]  triangulation residual=0.279 mm
Sampled 10000 points in 2mm sphere
Surviving points (all 4 cameras): 1228
After outlier removal: 1179 points
Saved -> /home/computer0/fly_project/fly_gsplat/ctrl_009/003/f1196/init_points.ply
[prepare] frame 1196 data ready
Dataset generated successfully at: /home/computer0/fly_project/fly_gsplat/ctrl_009/003/f1197
4 cameras loaded
Seed: [ 0.00392854 -0.01922238 -0.00285722]  triangulation residual=0.285 mm
Sampled 10000 points in 2mm sphere
Surviving points (all 4 cameras): 1212
After outlier removal: 1160 points
Saved -> /home/computer0/fly_project/fly_gsplat/ctrl_009/003/f1197/init_points.ply
[prepare] frame 1197 data ready
Dataset generated successfully at: /home/computer0/fly_project/fly_gsplat/ctrl_009/003/f1198
4 cameras loaded
Seed: [ 0.00393541 -0.01923763 -0.00285143]  triangulation residual=0.291 mm
Sampled 10000 points in 2mm sphere
Surviving points (all 4 cameras): 1249
After outlier removal: 1199 points
Saved -> /home/computer0/fly_project/fly_gsplat/ctrl_009/003/f1198/init_points.ply
[prepare] frame 1198 data ready
Dataset generated successfully at: /home/computer0/fly_project/fly_gsplat/ctrl_009/003/f1199
4 cameras loaded
Seed: [ 0.00393121 -0.01925005 -0.00283517]  triangulation residual=0.300 mm
Sampled 10000 points in 2mm sphere
Surviving points (all 4 cameras): 1179
After outlier removal: 1132 points
Saved -> /home/computer0/fly_project/fly_gsplat/ctrl_009/003/f1199/init_points.ply
[prepare] frame 1199 data ready
Dataset generated successfully at: /home/computer0/fly_project/fly_gsplat/ctrl_009/003/f1200
4 cameras loaded
Seed: [ 0.00392313 -0.01925248 -0.00279898]  triangulation residual=0.314 mm
Sampled 10000 points in 2mm sphere
Surviving points (all 4 cameras): 1125
After outlier removal: 1073 points
Saved -> /home/computer0/fly_project/fly_gsplat/ctrl_009/003/f1200/init_points.ply
[prepare] frame 1200 data ready
Dataset generated successfully at: /home/computer0/fly_project/fly_gsplat/ctrl_009/003/f1201
4 cameras loaded
Seed: [ 0.00391592 -0.01923831 -0.00275724]  triangulation residual=0.328 mm
Sampled 10000 points in 2mm sphere
Surviving points (all 4 cameras): 1139
After outlier removal: 1094 points
Saved -> /home/computer0/fly_project/fly_gsplat/ctrl_009/003/f1201/init_points.ply
[prepare] frame 1201 data ready
Dataset generated successfully at: /home/computer0/fly_project/fly_gsplat/ctrl_009/003/f1202
4 cameras loaded
Seed: [ 0.00391846 -0.01921737 -0.00271117]  triangulation residual=0.343 mm
Sampled 10000 points in 2mm sphere
Surviving points (all 4 cameras): 1184
After outlier removal: 1128 points
Saved -> /home/computer0/fly_project/fly_gsplat/ctrl_009/003/f1202/init_points.ply
[prepare] frame 1202 data ready
Dataset generated successfully at: /home/computer0/fly_project/fly_gsplat/ctrl_009/003/f1203
4 cameras loaded
Seed: [ 0.00391332 -0.01918479 -0.00265316]  triangulation residual=0.357 mm
Sampled 10000 points in 2mm sphere
Surviving points (all 4 cameras): 1152
After outlier removal: 1097 points
Saved -> /home/computer0/fly_project/fly_gsplat/ctrl_009/003/f1203/init_points.ply
[prepare] frame 1203 data ready
Dataset generated successfully at: /home/computer0/fly_project/fly_gsplat/ctrl_009/003/f1204
4 cameras loaded
Seed: [ 0.00388753 -0.01913948 -0.00258673]  triangulation residual=0.367 mm
Sampled 10000 points in 2mm sphere
Surviving points (all 4 cameras): 1127
After outlier removal: 1083 points
Saved -> /home/computer0/fly_project/fly_gsplat/ctrl_009/003/f1204/init_points.ply
[prepare] frame 1204 data ready
Dataset generated successfully at: /home/computer0/fly_project/fly_gsplat/ctrl_009/003/f1205
4 cameras loaded
Seed: [ 0.00384249 -0.01908371 -0.0025206 ]  triangulation residual=0.377 mm
Sampled 10000 points in 2mm sphere
Surviving points (all 4 cameras): 1074
After outlier removal: 1032 points
Saved -> /home/computer0/fly_project/fly_gsplat/ctrl_009/003/f1205/init_points.ply
[prepare] frame 1205 data ready
Dataset generated successfully at: /home/computer0/fly_project/fly_gsplat/ctrl_009/003/f1206
4 cameras loaded
Seed: [ 0.00376696 -0.01903534 -0.00246537]  triangulation residual=0.383 mm
Sampled 10000 points in 2mm sphere
Surviving points (all 4 cameras): 1005
After outlier removal: 960 points
Saved -> /home/computer0/fly_project/fly_gsplat/ctrl_009/003/f1206/init_points.ply
[prepare] frame 1206 data ready
Dataset generated successfully at: /home/computer0/fly_project/fly_gsplat/ctrl_009/003/f1207
4 cameras loaded
Seed: [ 0.00368343 -0.01899308 -0.0024282 ]  triangulation residual=0.393 mm
Sampled 10000 points in 2mm sphere
Surviving points (all 4 cameras): 986
After outlier removal: 952 points
Saved -> /home/computer0/fly_project/fly_gsplat/ctrl_009/003/f1207/init_points.ply
[prepare] frame 1207 data ready
Dataset generated successfully at: /home/computer0/fly_project/fly_gsplat/ctrl_009/003/f1208
4 cameras loaded
Seed: [ 0.00360368 -0.01894657 -0.00240089]  triangulation residual=0.400 mm
Sampled 10000 points in 2mm sphere
Surviving points (all 4 cameras): 976
After outlier removal: 942 points
Saved -> /home/computer0/fly_project/fly_gsplat/ctrl_009/003/f1208/init_points.ply
[prepare] frame 1208 data ready
Dataset generated successfully at: /home/computer0/fly_project/fly_gsplat/ctrl_009/003/f1209
4 cameras loaded
Seed: [ 0.00352545 -0.0188993  -0.00238235]  triangulation residual=0.401 mm
Sampled 10000 points in 2mm sphere
Surviving points (all 4 cameras): 882
After outlier removal: 849 points
Saved -> /home/computer0/fly_project/fly_gsplat/ctrl_009/003/f1209/init_points.ply
[prepare] frame 1209 data ready
Dataset generated successfully at: /home/computer0/fly_project/fly_gsplat/ctrl_009/003/f1210
4 cameras loaded
Seed: [ 0.00345696 -0.01885529 -0.00236666]  triangulation residual=0.401 mm
Sampled 10000 points in 2mm sphere
Surviving points (all 4 cameras): 916
After outlier removal: 876 points
Saved -> /home/computer0/fly_project/fly_gsplat/ctrl_009/003/f1210/init_points.ply
[prepare] frame 1210 data ready
Dataset generated successfully at: /home/computer0/fly_project/fly_gsplat/ctrl_009/003/f1211
4 cameras loaded
Seed: [ 0.00339745 -0.01881959 -0.00235925]  triangulation residual=0.400 mm
Sampled 10000 points in 2mm sphere
Surviving points (all 4 cameras): 908
After outlier removal: 869 points
Saved -> /home/computer0/fly_project/fly_gsplat/ctrl_009/003/f1211/init_points.ply
[prepare] frame 1211 data ready
Dataset generated successfully at: /home/computer0/fly_project/fly_gsplat/ctrl_009/003/f1212
4 cameras loaded
Seed: [ 0.00334069 -0.01879882 -0.00236943]  triangulation residual=0.402 mm
Sampled 10000 points in 2mm sphere
Surviving points (all 4 cameras): 892
After outlier removal: 853 points
Saved -> /home/computer0/fly_project/fly_gsplat/ctrl_009/003/f1212/init_points.ply
[prepare] frame 1212 data ready
Dataset generated successfully at: /home/computer0/fly_project/fly_gsplat/ctrl_009/003/f1213
4 cameras loaded
Seed: [ 0.00328373 -0.01878265 -0.00238387]  triangulation residual=0.397 mm
Sampled 10000 points in 2mm sphere
Surviving points (all 4 cameras): 906
After outlier removal: 866 points
Saved -> /home/computer0/fly_project/fly_gsplat/ctrl_009/003/f1213/init_points.ply
[prepare] frame 1213 data ready
Dataset generated successfully at: /home/computer0/fly_project/fly_gsplat/ctrl_009/003/f1214
4 cameras loaded
Seed: [ 0.00323339 -0.01877726 -0.00239616]  triangulation residual=0.378 mm
Sampled 10000 points in 2mm sphere
Surviving points (all 4 cameras): 959
After outlier removal: 929 points
Saved -> /home/computer0/fly_project/fly_gsplat/ctrl_009/003/f1214/init_points.ply
[prepare] frame 1214 data ready
Dataset generated successfully at: /home/computer0/fly_project/fly_gsplat/ctrl_009/003/f1215
4 cameras loaded
Seed: [ 0.00315814 -0.01878858 -0.00240608]  triangulation residual=0.338 mm
Sampled 10000 points in 2mm sphere
Surviving points (all 4 cameras): 955
After outlier removal: 913 points
Saved -> /home/computer0/fly_project/fly_gsplat/ctrl_009/003/f1215/init_points.ply
[prepare] frame 1215 data ready
Dataset generated successfully at: /home/computer0/fly_project/fly_gsplat/ctrl_009/003/f1216
4 cameras loaded
Seed: [ 0.00307834 -0.0188028  -0.00241887]  triangulation residual=0.294 mm
Sampled 10000 points in 2mm sphere
Surviving points (all 4 cameras): 993
After outlier removal: 954 points
Saved -> /home/computer0/fly_project/fly_gsplat/ctrl_009/003/f1216/init_points.ply
[prepare] frame 1216 data ready
Dataset generated successfully at: /home/computer0/fly_project/fly_gsplat/ctrl_009/003/f1217
4 cameras loaded
Seed: [ 0.00300382 -0.01882268 -0.00243287]  triangulation residual=0.266 mm
Sampled 10000 points in 2mm sphere
Surviving points (all 4 cameras): 1010
After outlier removal: 972 points
Saved -> /home/computer0/fly_project/fly_gsplat/ctrl_009/003/f1217/init_points.ply
[prepare] frame 1217 data ready
Dataset generated successfully at: /home/computer0/fly_project/fly_gsplat/ctrl_009/003/f1218
4 cameras loaded
Seed: [ 0.00295656 -0.01883912 -0.00244966]  triangulation residual=0.254 mm
Sampled 10000 points in 2mm sphere
Surviving points (all 4 cameras): 1134
After outlier removal: 1092 points
Saved -> /home/computer0/fly_project/fly_gsplat/ctrl_009/003/f1218/init_points.ply
[prepare] frame 1218 data ready
Dataset generated successfully at: /home/computer0/fly_project/fly_gsplat/ctrl_009/003/f1219
4 cameras loaded
Seed: [ 0.00292373 -0.01885292 -0.00246244]  triangulation residual=0.251 mm
Sampled 10000 points in 2mm sphere
Surviving points (all 4 cameras): 1147
After outlier removal: 1100 points
Saved -> /home/computer0/fly_project/fly_gsplat/ctrl_009/003/f1219/init_points.ply
[prepare] frame 1219 data ready
Dataset generated successfully at: /home/computer0/fly_project/fly_gsplat/ctrl_009/003/f1220
4 cameras loaded
Seed: [ 0.00290969 -0.01886702 -0.00247597]  triangulation residual=0.257 mm
Sampled 10000 points in 2mm sphere
Surviving points (all 4 cameras): 1132
After outlier removal: 1084 points
Saved -> /home/computer0/fly_project/fly_gsplat/ctrl_009/003/f1220/init_points.ply
[prepare] frame 1220 data ready
Dataset generated successfully at: /home/computer0/fly_project/fly_gsplat/ctrl_009/003/f1221
4 cameras loaded
Seed: [ 0.00290953 -0.01888169 -0.00250466]  triangulation residual=0.264 mm
Sampled 10000 points in 2mm sphere
Surviving points (all 4 cameras): 1237
After outlier removal: 1187 points
Saved -> /home/computer0/fly_project/fly_gsplat/ctrl_009/003/f1221/init_points.ply
[prepare] frame 1221 data ready
Dataset generated successfully at: /home/computer0/fly_project/fly_gsplat/ctrl_009/003/f1222
4 cameras loaded
Seed: [ 0.00291915 -0.01889659 -0.00253558]  triangulation residual=0.261 mm
Sampled 10000 points in 2mm sphere
Surviving points (all 4 cameras): 1210
After outlier removal: 1156 points
Saved -> /home/computer0/fly_project/fly_gsplat/ctrl_009/003/f1222/init_points.ply
[prepare] frame 1222 data ready
Dataset generated successfully at: /home/computer0/fly_project/fly_gsplat/ctrl_009/003/f1223
4 cameras loaded
Seed: [ 0.00292075 -0.01890093 -0.00257396]  triangulation residual=0.255 mm
Sampled 10000 points in 2mm sphere
Surviving points (all 4 cameras): 1224
After outlier removal: 1167 points
Saved -> /home/computer0/fly_project/fly_gsplat/ctrl_009/003/f1223/init_points.ply
[prepare] frame 1223 data ready
Dataset generated successfully at: /home/computer0/fly_project/fly_gsplat/ctrl_009/003/f1224
4 cameras loaded
Seed: [ 0.00293783 -0.01891776 -0.00259951]  triangulation residual=0.246 mm
Sampled 10000 points in 2mm sphere
Surviving points (all 4 cameras): 1207
After outlier removal: 1149 points
Saved -> /home/computer0/fly_project/fly_gsplat/ctrl_009/003/f1224/init_points.ply
[prepare] frame 1224 data ready
Dataset generated successfully at: /home/computer0/fly_project/fly_gsplat/ctrl_009/003/f1225
4 cameras loaded
Seed: [ 0.00295881 -0.01893639 -0.00261913]  triangulation residual=0.228 mm
Sampled 10000 points in 2mm sphere
Surviving points (all 4 cameras): 1174
After outlier removal: 1130 points
Saved -> /home/computer0/fly_project/fly_gsplat/ctrl_009/003/f1225/init_points.ply
[prepare] frame 1225 data ready
Dataset generated successfully at: /home/computer0/fly_project/fly_gsplat/ctrl_009/003/f1226
4 cameras loaded
Seed: [ 0.00298598 -0.01895753 -0.00263247]  triangulation residual=0.203 mm
Sampled 10000 points in 2mm sphere
Surviving points (all 4 cameras): 1106
After outlier removal: 1063 points
Saved -> /home/computer0/fly_project/fly_gsplat/ctrl_009/003/f1226/init_points.ply
[prepare] frame 1226 data ready
Dataset generated successfully at: /home/computer0/fly_project/fly_gsplat/ctrl_009/003/f1227
4 cameras loaded
Seed: [ 0.00301134 -0.01894898 -0.00264672]  triangulation residual=0.198 mm
Sampled 10000 points in 2mm sphere
Surviving points (all 4 cameras): 1150
After outlier removal: 1111 points
Saved -> /home/computer0/fly_project/fly_gsplat/ctrl_009/003/f1227/init_points.ply
[prepare] frame 1227 data ready
Dataset generated successfully at: /home/computer0/fly_project/fly_gsplat/ctrl_009/003/f1228
4 cameras loaded
Seed: [ 0.00304526 -0.0189315  -0.00265725]  triangulation residual=0.198 mm
Sampled 10000 points in 2mm sphere
Surviving points (all 4 cameras): 1233
After outlier removal: 1175 points
Saved -> /home/computer0/fly_project/fly_gsplat/ctrl_009/003/f1228/init_points.ply
[prepare] frame 1228 data ready
Dataset generated successfully at: /home/computer0/fly_project/fly_gsplat/ctrl_009/003/f1229
4 cameras loaded
Seed: [ 0.00306713 -0.01891624 -0.00267206]  triangulation residual=0.214 mm
Sampled 10000 points in 2mm sphere
Surviving points (all 4 cameras): 1194
After outlier removal: 1136 points
Saved -> /home/computer0/fly_project/fly_gsplat/ctrl_009/003/f1229/init_points.ply
[prepare] frame 1229 data ready
Dataset generated successfully at: /home/computer0/fly_project/fly_gsplat/ctrl_009/003/f1230
4 cameras loaded
Seed: [ 0.00307078 -0.0189075  -0.0026775 ]  triangulation residual=0.240 mm
Sampled 10000 points in 2mm sphere
Surviving points (all 4 cameras): 1250
After outlier removal: 1195 points
Saved -> /home/computer0/fly_project/fly_gsplat/ctrl_009/003/f1230/init_points.ply
[prepare] frame 1230 data ready
Dataset generated successfully at: /home/computer0/fly_project/fly_gsplat/ctrl_009/003/f1231
4 cameras loaded
Seed: [ 0.00306806 -0.01890883 -0.00267527]  triangulation residual=0.263 mm
Sampled 10000 points in 2mm sphere
Surviving points (all 4 cameras): 1262
After outlier removal: 1215 points
Saved -> /home/computer0/fly_project/fly_gsplat/ctrl_009/003/f1231/init_points.ply
[prepare] frame 1231 data ready
Dataset generated successfully at: /home/computer0/fly_project/fly_gsplat/ctrl_009/003/f1232
4 cameras loaded
Seed: [ 0.00306604 -0.01890241 -0.00266695]  triangulation residual=0.275 mm
Sampled 10000 points in 2mm sphere
Surviving points (all 4 cameras): 1357
After outlier removal: 1300 points
Saved -> /home/computer0/fly_project/fly_gsplat/ctrl_009/003/f1232/init_points.ply
[prepare] frame 1232 data ready
Dataset generated successfully at: /home/computer0/fly_project/fly_gsplat/ctrl_009/003/f1233
4 cameras loaded
Seed: [ 0.00306472 -0.01889412 -0.00265621]  triangulation residual=0.285 mm
Sampled 10000 points in 2mm sphere
Surviving points (all 4 cameras): 1379
After outlier removal: 1331 points
Saved -> /home/computer0/fly_project/fly_gsplat/ctrl_009/003/f1233/init_points.ply
[prepare] frame 1233 data ready
Dataset generated successfully at: /home/computer0/fly_project/fly_gsplat/ctrl_009/003/f1234
4 cameras loaded
Seed: [ 0.00306372 -0.01888655 -0.00264253]  triangulation residual=0.286 mm
Sampled 10000 points in 2mm sphere
Surviving points (all 4 cameras): 1410
After outlier removal: 1353 points
Saved -> /home/computer0/fly_project/fly_gsplat/ctrl_009/003/f1234/init_points.ply
[prepare] frame 1234 data ready
Dataset generated successfully at: /home/computer0/fly_project/fly_gsplat/ctrl_009/003/f1235
4 cameras loaded
Seed: [ 0.00306998 -0.01889065 -0.0026156 ]  triangulation residual=0.290 mm
Sampled 10000 points in 2mm sphere
Surviving points (all 4 cameras): 1437
After outlier removal: 1378 points
Saved -> /home/computer0/fly_project/fly_gsplat/ctrl_009/003/f1235/init_points.ply
[prepare] frame 1235 data ready
Dataset generated successfully at: /home/computer0/fly_project/fly_gsplat/ctrl_009/003/f1236
4 cameras loaded
Seed: [ 0.0030995  -0.01890368 -0.00258763]  triangulation residual=0.296 mm
Sampled 10000 points in 2mm sphere
Surviving points (all 4 cameras): 1404
After outlier removal: 1352 points
Saved -> /home/computer0/fly_project/fly_gsplat/ctrl_009/003/f1236/init_points.ply
[prepare] frame 1236 data ready
Dataset generated successfully at: /home/computer0/fly_project/fly_gsplat/ctrl_009/003/f1237
4 cameras loaded
Seed: [ 0.00314277 -0.01892357 -0.00255487]  triangulation residual=0.300 mm
Sampled 10000 points in 2mm sphere
Surviving points (all 4 cameras): 1308
After outlier removal: 1243 points
Saved -> /home/computer0/fly_project/fly_gsplat/ctrl_009/003/f1237/init_points.ply
[prepare] frame 1237 data ready
Dataset generated successfully at: /home/computer0/fly_project/fly_gsplat/ctrl_009/003/f1238
4 cameras loaded
Seed: [ 0.00320604 -0.01894728 -0.00252803]  triangulation residual=0.308 mm
Sampled 10000 points in 2mm sphere
Surviving points (all 4 cameras): 1026
After outlier removal: 986 points
Saved -> /home/computer0/fly_project/fly_gsplat/ctrl_009/003/f1238/init_points.ply
[prepare] frame 1238 data ready
Dataset generated successfully at: /home/computer0/fly_project/fly_gsplat/ctrl_009/003/f1239
4 cameras loaded
Seed: [ 0.00326291 -0.01894442 -0.0025058 ]  triangulation residual=0.304 mm
Sampled 10000 points in 2mm sphere
Surviving points (all 4 cameras): 977
After outlier removal: 931 points
Saved -> /home/computer0/fly_project/fly_gsplat/ctrl_009/003/f1239/init_points.ply
[prepare] frame 1239 data ready
Dataset generated successfully at: /home/computer0/fly_project/fly_gsplat/ctrl_009/003/f1240
4 cameras loaded
Seed: [ 0.00333707 -0.01893446 -0.00248654]  triangulation residual=0.328 mm
Sampled 10000 points in 2mm sphere
Surviving points (all 4 cameras): 889
After outlier removal: 852 points
Saved -> /home/computer0/fly_project/fly_gsplat/ctrl_009/003/f1240/init_points.ply
[prepare] frame 1240 data ready
Dataset generated successfully at: /home/computer0/fly_project/fly_gsplat/ctrl_009/003/f1241
4 cameras loaded
Seed: [ 0.00346956 -0.01889541 -0.00247504]  triangulation residual=0.420 mm
Sampled 10000 points in 2mm sphere
Surviving points (all 4 cameras): 798
After outlier removal: 768 points
Saved -> /home/computer0/fly_project/fly_gsplat/ctrl_009/003/f1241/init_points.ply
[prepare] frame 1241 data ready
Dataset generated successfully at: /home/computer0/fly_project/fly_gsplat/ctrl_009/003/f1242
4 cameras loaded
Seed: [ 0.00351513 -0.01892391 -0.00246577]  triangulation residual=0.446 mm
Sampled 10000 points in 2mm sphere
Surviving points (all 4 cameras): 720
After outlier removal: 694 points
Saved -> /home/computer0/fly_project/fly_gsplat/ctrl_009/003/f1242/init_points.ply
[prepare] frame 1242 data ready
Dataset generated successfully at: /home/computer0/fly_project/fly_gsplat/ctrl_009/003/f1243
4 cameras loaded
Seed: [ 0.00356737 -0.0189518  -0.00245752]  triangulation residual=0.475 mm
Sampled 10000 points in 2mm sphere
Surviving points (all 4 cameras): 636
After outlier removal: 611 points
Saved -> /home/computer0/fly_project/fly_gsplat/ctrl_009/003/f1243/init_points.ply
[prepare] frame 1243 data ready
Dataset generated successfully at: /home/computer0/fly_project/fly_gsplat/ctrl_009/003/f1244
4 cameras loaded
Seed: [ 0.00362612 -0.01898268 -0.0024574 ]  triangulation residual=0.497 mm
Sampled 10000 points in 2mm sphere
Surviving points (all 4 cameras): 599
After outlier removal: 573 points
Saved -> /home/computer0/fly_project/fly_gsplat/ctrl_009/003/f1244/init_points.ply
[prepare] frame 1244 data ready
Dataset generated successfully at: /home/computer0/fly_project/fly_gsplat/ctrl_009/003/f1245
4 cameras loaded
Seed: [ 0.00368753 -0.01901648 -0.0024516 ]  triangulation residual=0.514 mm
Sampled 10000 points in 2mm sphere
Surviving points (all 4 cameras): 609
After outlier removal: 576 points
Saved -> /home/computer0/fly_project/fly_gsplat/ctrl_009/003/f1245/init_points.ply
[prepare] frame 1245 data ready
Dataset generated successfully at: /home/computer0/fly_project/fly_gsplat/ctrl_009/003/f1246
4 cameras loaded
Seed: [ 0.0037529  -0.01906007 -0.00245187]  triangulation residual=0.533 mm
Sampled 10000 points in 2mm sphere
Surviving points (all 4 cameras): 537
After outlier removal: 517 points
Saved -> /home/computer0/fly_project/fly_gsplat/ctrl_009/003/f1246/init_points.ply
[prepare] frame 1246 data ready
Dataset generated successfully at: /home/computer0/fly_project/fly_gsplat/ctrl_009/003/f1247
4 cameras loaded
Seed: [ 0.00382022 -0.01909997 -0.00244979]  triangulation residual=0.551 mm
Sampled 10000 points in 2mm sphere
Surviving points (all 4 cameras): 579
After outlier removal: 556 points
Saved -> /home/computer0/fly_project/fly_gsplat/ctrl_009/003/f1247/init_points.ply
[prepare] frame 1247 data ready
Dataset generated successfully at: /home/computer0/fly_project/fly_gsplat/ctrl_009/003/f1248
4 cameras loaded
Seed: [ 0.0038805  -0.0191559  -0.00245517]  triangulation residual=0.562 mm
Sampled 10000 points in 2mm sphere
Surviving points (all 4 cameras): 548
After outlier removal: 527 points
Saved -> /home/computer0/fly_project/fly_gsplat/ctrl_009/003/f1248/init_points.ply
[prepare] frame 1248 data ready
Dataset generated successfully at: /home/computer0/fly_project/fly_gsplat/ctrl_009/003/f1249
4 cameras loaded
Seed: [ 0.00394243 -0.01921665 -0.00245551]  triangulation residual=0.574 mm
Sampled 10000 points in 2mm sphere
Surviving points (all 4 cameras): 533
After outlier removal: 507 points
Saved -> /home/computer0/fly_project/fly_gsplat/ctrl_009/003/f1249/init_points.ply
[prepare] frame 1249 data ready
Dataset generated successfully at: /home/computer0/fly_project/fly_gsplat/ctrl_009/003/f1250
4 cameras loaded
Seed: [ 0.00399891 -0.01928074 -0.00246119]  triangulation residual=0.581 mm
Sampled 10000 points in 2mm sphere
Surviving points (all 4 cameras): 485
After outlier removal: 467 points
Saved -> /home/computer0/fly_project/fly_gsplat/ctrl_009/003/f1250/init_points.ply
[prepare] frame 1250 data ready
Dataset generated successfully at: /home/computer0/fly_project/fly_gsplat/ctrl_009/003/f1251
4 cameras loaded
Seed: [ 0.00405703 -0.01933561 -0.00246842]  triangulation residual=0.579 mm
Sampled 10000 points in 2mm sphere
Surviving points (all 4 cameras): 455
After outlier removal: 435 points
Saved -> /home/computer0/fly_project/fly_gsplat/ctrl_009/003/f1251/init_points.ply
[prepare] frame 1251 data ready
Dataset generated successfully at: /home/computer0/fly_project/fly_gsplat/ctrl_009/003/f1252
4 cameras loaded
Seed: [ 0.00412433 -0.01938983 -0.002481  ]  triangulation residual=0.570 mm
Sampled 10000 points in 2mm sphere
Surviving points (all 4 cameras): 420
After outlier removal: 403 points
Saved -> /home/computer0/fly_project/fly_gsplat/ctrl_009/003/f1252/init_points.ply
[prepare] frame 1252 data ready
Dataset generated successfully at: /home/computer0/fly_project/fly_gsplat/ctrl_009/003/f1253
4 cameras loaded
Seed: [ 0.00418213 -0.0194396  -0.00249849]  triangulation residual=0.552 mm
Sampled 10000 points in 2mm sphere
Surviving points (all 4 cameras): 506
After outlier removal: 485 points
Saved -> /home/computer0/fly_project/fly_gsplat/ctrl_009/003/f1253/init_points.ply
[prepare] frame 1253 data ready
Dataset generated successfully at: /home/computer0/fly_project/fly_gsplat/ctrl_009/003/f1254
4 cameras loaded
Seed: [ 0.0042411  -0.01948383 -0.00251827]  triangulation residual=0.530 mm
Sampled 10000 points in 2mm sphere
Surviving points (all 4 cameras): 452
After outlier removal: 441 points
Saved -> /home/computer0/fly_project/fly_gsplat/ctrl_009/003/f1254/init_points.ply
[prepare] frame 1254 data ready
Dataset generated successfully at: /home/computer0/fly_project/fly_gsplat/ctrl_009/003/f1255
4 cameras loaded
Seed: [ 0.0042856  -0.01953156 -0.00253946]  triangulation residual=0.503 mm
Sampled 10000 points in 2mm sphere
Surviving points (all 4 cameras): 461
After outlier removal: 443 points
Saved -> /home/computer0/fly_project/fly_gsplat/ctrl_009/003/f1255/init_points.ply
[prepare] frame 1255 data ready
Dataset generated successfully at: /home/computer0/fly_project/fly_gsplat/ctrl_009/003/f1256
4 cameras loaded
Seed: [ 0.0043304  -0.0195733  -0.00256044]  triangulation residual=0.483 mm
Sampled 10000 points in 2mm sphere
Surviving points (all 4 cameras): 462
After outlier removal: 441 points
Saved -> /home/computer0/fly_project/fly_gsplat/ctrl_009/003/f1256/init_points.ply
[prepare] frame 1256 data ready
Dataset generated successfully at: /home/computer0/fly_project/fly_gsplat/ctrl_009/003/f1257
4 cameras loaded
Seed: [ 0.00436691 -0.01961875 -0.00258495]  triangulation residual=0.466 mm
Sampled 10000 points in 2mm sphere
Surviving points (all 4 cameras): 481
After outlier removal: 462 points
Saved -> /home/computer0/fly_project/fly_gsplat/ctrl_009/003/f1257/init_points.ply
[prepare] frame 1257 data ready
Dataset generated successfully at: /home/computer0/fly_project/fly_gsplat/ctrl_009/003/f1258
4 cameras loaded
Seed: [ 0.00438318 -0.01966705 -0.00262002]  triangulation residual=0.451 mm
Sampled 10000 points in 2mm sphere
Surviving points (all 4 cameras): 446
After outlier removal: 430 points
Saved -> /home/computer0/fly_project/fly_gsplat/ctrl_009/003/f1258/init_points.ply
[prepare] frame 1258 data ready
Dataset generated successfully at: /home/computer0/fly_project/fly_gsplat/ctrl_009/003/f1259
4 cameras loaded
Seed: [ 0.00439793 -0.01971161 -0.00264839]  triangulation residual=0.443 mm
Sampled 10000 points in 2mm sphere
Surviving points (all 4 cameras): 454
After outlier removal: 436 points
Saved -> /home/computer0/fly_project/fly_gsplat/ctrl_009/003/f1259/init_points.ply
[prepare] frame 1259 data ready
Dataset generated successfully at: /home/computer0/fly_project/fly_gsplat/ctrl_009/003/f1260
4 cameras loaded
Seed: [ 0.00440196 -0.0197535  -0.00267519]  triangulation residual=0.431 mm
Sampled 10000 points in 2mm sphere
Surviving points (all 4 cameras): 435
After outlier removal: 417 points
Saved -> /home/computer0/fly_project/fly_gsplat/ctrl_009/003/f1260/init_points.ply
[prepare] frame 1260 data ready
Dataset generated successfully at: /home/computer0/fly_project/fly_gsplat/ctrl_009/003/f1261
4 cameras loaded
Seed: [ 0.00440543 -0.01979139 -0.00269471]  triangulation residual=0.417 mm
Sampled 10000 points in 2mm sphere
Surviving points (all 4 cameras): 365
After outlier removal: 350 points
Saved -> /home/computer0/fly_project/fly_gsplat/ctrl_009/003/f1261/init_points.ply
[prepare] frame 1261 data ready
Dataset generated successfully at: /home/computer0/fly_project/fly_gsplat/ctrl_009/003/f1262
4 cameras loaded
Seed: [ 0.00438017 -0.01982826 -0.00271911]  triangulation residual=0.398 mm
Sampled 10000 points in 2mm sphere
Surviving points (all 4 cameras): 300
After outlier removal: 288 points
Saved -> /home/computer0/fly_project/fly_gsplat/ctrl_009/003/f1262/init_points.ply
[prepare] frame 1262 data ready
Dataset generated successfully at: /home/computer0/fly_project/fly_gsplat/ctrl_009/003/f1263
4 cameras loaded
Seed: [ 0.00433373 -0.01985813 -0.0027294 ]  triangulation residual=0.369 mm
Sampled 10000 points in 2mm sphere
Surviving points (all 4 cameras): 262
After outlier removal: 248 points
Saved -> /home/computer0/fly_project/fly_gsplat/ctrl_009/003/f1263/init_points.ply
[prepare] frame 1263 data ready
Dataset generated successfully at: /home/computer0/fly_project/fly_gsplat/ctrl_009/003/f1264
4 cameras loaded
Seed: [ 0.00430179 -0.01987606 -0.00273667]  triangulation residual=0.363 mm
Sampled 10000 points in 2mm sphere
Surviving points (all 4 cameras): 243
After outlier removal: 234 points
Saved -> /home/computer0/fly_project/fly_gsplat/ctrl_009/003/f1264/init_points.ply
[prepare] frame 1264 data ready
Dataset generated successfully at: /home/computer0/fly_project/fly_gsplat/ctrl_009/003/f1265
4 cameras loaded
Seed: [ 0.00431872 -0.01989319 -0.0027413 ]  triangulation residual=0.385 mm
Sampled 10000 points in 2mm sphere
Surviving points (all 4 cameras): 222
After outlier removal: 211 points
Saved -> /home/computer0/fly_project/fly_gsplat/ctrl_009/003/f1265/init_points.ply
[prepare] frame 1265 data ready
Dataset generated successfully at: /home/computer0/fly_project/fly_gsplat/ctrl_009/003/f1266
4 cameras loaded
Seed: [ 0.00434446 -0.01990062 -0.00273021]  triangulation residual=0.409 mm
Sampled 10000 points in 2mm sphere
Surviving points (all 4 cameras): 172
After outlier removal: 164 points
Saved -> /home/computer0/fly_project/fly_gsplat/ctrl_009/003/f1266/init_points.ply
[prepare] frame 1266 data ready
Dataset generated successfully at: /home/computer0/fly_project/fly_gsplat/ctrl_009/003/f1267
4 cameras loaded
Seed: [ 0.00439882 -0.01988602 -0.00273683]  triangulation residual=0.432 mm
Sampled 10000 points in 2mm sphere
Surviving points (all 4 cameras): 161
After outlier removal: 154 points
Saved -> /home/computer0/fly_project/fly_gsplat/ctrl_009/003/f1267/init_points.ply
[prepare] frame 1267 data ready
Dataset generated successfully at: /home/computer0/fly_project/fly_gsplat/ctrl_009/003/f1268
4 cameras loaded
Seed: [ 0.00445459 -0.01985644 -0.00273538]  triangulation residual=0.451 mm
Sampled 10000 points in 2mm sphere
Surviving points (all 4 cameras): 191
After outlier removal: 182 points
Saved -> /home/computer0/fly_project/fly_gsplat/ctrl_009/003/f1268/init_points.ply
[prepare] frame 1268 data ready
Dataset generated successfully at: /home/computer0/fly_project/fly_gsplat/ctrl_009/003/f1269
4 cameras loaded
Seed: [ 0.00450935 -0.01982881 -0.00273088]  triangulation residual=0.473 mm
Sampled 10000 points in 2mm sphere
Surviving points (all 4 cameras): 200
After outlier removal: 189 points
Saved -> /home/computer0/fly_project/fly_gsplat/ctrl_009/003/f1269/init_points.ply
[prepare] frame 1269 data ready
Dataset generated successfully at: /home/computer0/fly_project/fly_gsplat/ctrl_009/003/f1270
4 cameras loaded
Seed: [ 0.0045446  -0.01983468 -0.00274142]  triangulation residual=0.496 mm
Sampled 10000 points in 2mm sphere
Surviving points (all 4 cameras): 213
After outlier removal: 203 points
Saved -> /home/computer0/fly_project/fly_gsplat/ctrl_009/003/f1270/init_points.ply
[prepare] frame 1270 data ready
Dataset generated successfully at: /home/computer0/fly_project/fly_gsplat/ctrl_009/003/f1271
4 cameras loaded
Seed: [ 0.00457144 -0.01984763 -0.00274033]  triangulation residual=0.523 mm
Sampled 10000 points in 2mm sphere
Surviving points (all 4 cameras): 234
After outlier removal: 227 points
Saved -> /home/computer0/fly_project/fly_gsplat/ctrl_009/003/f1271/init_points.ply
[prepare] frame 1271 data ready
Dataset generated successfully at: /home/computer0/fly_project/fly_gsplat/ctrl_009/003/f1272
4 cameras loaded
Seed: [ 0.00458942 -0.01985941 -0.00272171]  triangulation residual=0.551 mm
Sampled 10000 points in 2mm sphere
Surviving points (all 4 cameras): 260
After outlier removal: 246 points
Saved -> /home/computer0/fly_project/fly_gsplat/ctrl_009/003/f1272/init_points.ply
[prepare] frame 1272 data ready
Dataset generated successfully at: /home/computer0/fly_project/fly_gsplat/ctrl_009/003/f1273
4 cameras loaded
Seed: [ 0.00459065 -0.019859   -0.00269109]  triangulation residual=0.576 mm
Sampled 10000 points in 2mm sphere
Surviving points (all 4 cameras): 257
After outlier removal: 246 points
Saved -> /home/computer0/fly_project/fly_gsplat/ctrl_009/003/f1273/init_points.ply
[prepare] frame 1273 data ready
Dataset generated successfully at: /home/computer0/fly_project/fly_gsplat/ctrl_009/003/f1274
4 cameras loaded
Seed: [ 0.00459626 -0.01984607 -0.0026437 ]  triangulation residual=0.600 mm
Sampled 10000 points in 2mm sphere
Surviving points (all 4 cameras): 262
After outlier removal: 247 points
Saved -> /home/computer0/fly_project/fly_gsplat/ctrl_009/003/f1274/init_points.ply
[prepare] frame 1274 data ready
Dataset generated successfully at: /home/computer0/fly_project/fly_gsplat/ctrl_009/003/f1275
4 cameras loaded
Seed: [ 0.00459739 -0.01982495 -0.00259839]  triangulation residual=0.616 mm
Sampled 10000 points in 2mm sphere
Surviving points (all 4 cameras): 269
After outlier removal: 259 points
Saved -> /home/computer0/fly_project/fly_gsplat/ctrl_009/003/f1275/init_points.ply
[prepare] frame 1275 data ready
Dataset generated successfully at: /home/computer0/fly_project/fly_gsplat/ctrl_009/003/f1276
4 cameras loaded
Seed: [ 0.00459314 -0.01979    -0.00253975]  triangulation residual=0.636 mm
Sampled 10000 points in 2mm sphere
Surviving points (all 4 cameras): 277
After outlier removal: 270 points
Saved -> /home/computer0/fly_project/fly_gsplat/ctrl_009/003/f1276/init_points.ply
[prepare] frame 1276 data ready
Dataset generated successfully at: /home/computer0/fly_project/fly_gsplat/ctrl_009/003/f1277
4 cameras loaded
Seed: [ 0.00455825 -0.01973958 -0.0024731 ]  triangulation residual=0.632 mm
Sampled 10000 points in 2mm sphere
Surviving points (all 4 cameras): 332
After outlier removal: 321 points
Saved -> /home/computer0/fly_project/fly_gsplat/ctrl_009/003/f1277/init_points.ply
[prepare] frame 1277 data ready
Dataset generated successfully at: /home/computer0/fly_project/fly_gsplat/ctrl_009/003/f1278
4 cameras loaded
Seed: [ 0.00449525 -0.01968561 -0.00240916]  triangulation residual=0.631 mm
Sampled 10000 points in 2mm sphere
Surviving points (all 4 cameras): 303
After outlier removal: 295 points
Saved -> /home/computer0/fly_project/fly_gsplat/ctrl_009/003/f1278/init_points.ply
[prepare] frame 1278 data ready
Dataset generated successfully at: /home/computer0/fly_project/fly_gsplat/ctrl_009/003/f1279
4 cameras loaded
Seed: [ 0.00440804 -0.01962807 -0.00234913]  triangulation residual=0.629 mm
Sampled 10000 points in 2mm sphere
Surviving points (all 4 cameras): 260
After outlier removal: 253 points
Saved -> /home/computer0/fly_project/fly_gsplat/ctrl_009/003/f1279/init_points.ply
[prepare] frame 1279 data ready
Dataset generated successfully at: /home/computer0/fly_project/fly_gsplat/ctrl_009/003/f1280
4 cameras loaded
Seed: [ 0.00431033 -0.01957015 -0.00231251]  triangulation residual=0.629 mm
Sampled 10000 points in 2mm sphere
Surviving points (all 4 cameras): 227
After outlier removal: 221 points
Saved -> /home/computer0/fly_project/fly_gsplat/ctrl_009/003/f1280/init_points.ply
[prepare] frame 1280 data ready
Dataset generated successfully at: /home/computer0/fly_project/fly_gsplat/ctrl_009/003/f1281
4 cameras loaded
Seed: [ 0.0042088  -0.01951379 -0.00227874]  triangulation residual=0.635 mm
Sampled 10000 points in 2mm sphere
Surviving points (all 4 cameras): 242
After outlier removal: 235 points
Saved -> /home/computer0/fly_project/fly_gsplat/ctrl_009/003/f1281/init_points.ply
[prepare] frame 1281 data ready
Dataset generated successfully at: /home/computer0/fly_project/fly_gsplat/ctrl_009/003/f1282
4 cameras loaded
Seed: [ 0.00411139 -0.01945609 -0.0022553 ]  triangulation residual=0.639 mm
Sampled 10000 points in 2mm sphere
Surviving points (all 4 cameras): 274
After outlier removal: 266 points
Saved -> /home/computer0/fly_project/fly_gsplat/ctrl_009/003/f1282/init_points.ply
[prepare] frame 1282 data ready
Dataset generated successfully at: /home/computer0/fly_project/fly_gsplat/ctrl_009/003/f1283
4 cameras loaded
Seed: [ 0.00401903 -0.01940636 -0.00224117]  triangulation residual=0.637 mm
Sampled 10000 points in 2mm sphere
Surviving points (all 4 cameras): 214
After outlier removal: 203 points
Saved -> /home/computer0/fly_project/fly_gsplat/ctrl_009/003/f1283/init_points.ply
[prepare] frame 1283 data ready
Dataset generated successfully at: /home/computer0/fly_project/fly_gsplat/ctrl_009/003/f1284
4 cameras loaded
Seed: [ 0.00393374 -0.01936739 -0.00223629]  triangulation residual=0.630 mm
Sampled 10000 points in 2mm sphere
Surviving points (all 4 cameras): 240
After outlier removal: 234 points
Saved -> /home/computer0/fly_project/fly_gsplat/ctrl_009/003/f1284/init_points.ply
[prepare] frame 1284 data ready
Dataset generated successfully at: /home/computer0/fly_project/fly_gsplat/ctrl_009/003/f1285
4 cameras loaded
Seed: [ 0.00385911 -0.01934236 -0.00224214]  triangulation residual=0.620 mm
Sampled 10000 points in 2mm sphere
Surviving points (all 4 cameras): 240
After outlier removal: 230 points
Saved -> /home/computer0/fly_project/fly_gsplat/ctrl_009/003/f1285/init_points.ply
[prepare] frame 1285 data ready
Dataset generated successfully at: /home/computer0/fly_project/fly_gsplat/ctrl_009/003/f1286
4 cameras loaded
Seed: [ 0.00378605 -0.01932961 -0.00225306]  triangulation residual=0.607 mm
Sampled 10000 points in 2mm sphere
Surviving points (all 4 cameras): 218
After outlier removal: 209 points
Saved -> /home/computer0/fly_project/fly_gsplat/ctrl_009/003/f1286/init_points.ply
[prepare] frame 1286 data ready
Dataset generated successfully at: /home/computer0/fly_project/fly_gsplat/ctrl_009/003/f1287
4 cameras loaded
Seed: [ 0.00372226 -0.01932029 -0.00226797]  triangulation residual=0.593 mm
Sampled 10000 points in 2mm sphere
Surviving points (all 4 cameras): 214
After outlier removal: 201 points
Saved -> /home/computer0/fly_project/fly_gsplat/ctrl_009/003/f1287/init_points.ply
[prepare] frame 1287 data ready
Dataset generated successfully at: /home/computer0/fly_project/fly_gsplat/ctrl_009/003/f1288
4 cameras loaded
Seed: [ 0.00365899 -0.01931443 -0.00227506]  triangulation residual=0.570 mm
Sampled 10000 points in 2mm sphere
Surviving points (all 4 cameras): 237
After outlier removal: 232 points
Saved -> /home/computer0/fly_project/fly_gsplat/ctrl_009/003/f1288/init_points.ply
[prepare] frame 1288 data ready
Dataset generated successfully at: /home/computer0/fly_project/fly_gsplat/ctrl_009/003/f1289
4 cameras loaded
Seed: [ 0.00360337 -0.01931306 -0.00228849]  triangulation residual=0.548 mm
Sampled 10000 points in 2mm sphere
Surviving points (all 4 cameras): 217
After outlier removal: 209 points
Saved -> /home/computer0/fly_project/fly_gsplat/ctrl_009/003/f1289/init_points.ply
[prepare] frame 1289 data ready
Dataset generated successfully at: /home/computer0/fly_project/fly_gsplat/ctrl_009/003/f1290
4 cameras loaded
Seed: [ 0.00355439 -0.01931343 -0.00230585]  triangulation residual=0.524 mm
Sampled 10000 points in 2mm sphere
Surviving points (all 4 cameras): 253
After outlier removal: 246 points
Saved -> /home/computer0/fly_project/fly_gsplat/ctrl_009/003/f1290/init_points.ply
[prepare] frame 1290 data ready
Dataset generated successfully at: /home/computer0/fly_project/fly_gsplat/ctrl_009/003/f1291
4 cameras loaded
Seed: [ 0.00351164 -0.01932393 -0.00231793]  triangulation residual=0.505 mm
Sampled 10000 points in 2mm sphere
Surviving points (all 4 cameras): 235
After outlier removal: 229 points
Saved -> /home/computer0/fly_project/fly_gsplat/ctrl_009/003/f1291/init_points.ply
[prepare] frame 1291 data ready
Dataset generated successfully at: /home/computer0/fly_project/fly_gsplat/ctrl_009/003/f1292
4 cameras loaded
Seed: [ 0.00348121 -0.01933701 -0.00233194]  triangulation residual=0.485 mm
Sampled 10000 points in 2mm sphere
Surviving points (all 4 cameras): 233
After outlier removal: 226 points
Saved -> /home/computer0/fly_project/fly_gsplat/ctrl_009/003/f1292/init_points.ply
[prepare] frame 1292 data ready
Dataset generated successfully at: /home/computer0/fly_project/fly_gsplat/ctrl_009/003/f1293
4 cameras loaded
Seed: [ 0.00345694 -0.01935768 -0.00234663]  triangulation residual=0.472 mm
Sampled 10000 points in 2mm sphere
Surviving points (all 4 cameras): 215
After outlier removal: 207 points
Saved -> /home/computer0/fly_project/fly_gsplat/ctrl_009/003/f1293/init_points.ply
[prepare] frame 1293 data ready
Dataset generated successfully at: /home/computer0/fly_project/fly_gsplat/ctrl_009/003/f1294
4 cameras loaded
Seed: [ 0.00338671 -0.0193982  -0.00237594]  triangulation residual=0.444 mm
Sampled 10000 points in 2mm sphere
Surviving points (all 4 cameras): 265
After outlier removal: 251 points
Saved -> /home/computer0/fly_project/fly_gsplat/ctrl_009/003/f1294/init_points.ply
[prepare] frame 1294 data ready
Dataset generated successfully at: /home/computer0/fly_project/fly_gsplat/ctrl_009/003/f1295
4 cameras loaded
Seed: [ 0.00334019 -0.01943139 -0.00240585]  triangulation residual=0.438 mm
Sampled 10000 points in 2mm sphere
Surviving points (all 4 cameras): 279
After outlier removal: 264 points
Saved -> /home/computer0/fly_project/fly_gsplat/ctrl_009/003/f1295/init_points.ply
[prepare] frame 1295 data ready
Dataset generated successfully at: /home/computer0/fly_project/fly_gsplat/ctrl_009/003/f1296
4 cameras loaded
Seed: [ 0.00330543 -0.01945278 -0.00243297]  triangulation residual=0.444 mm
Sampled 10000 points in 2mm sphere
Surviving points (all 4 cameras): 312
After outlier removal: 299 points
Saved -> /home/computer0/fly_project/fly_gsplat/ctrl_009/003/f1296/init_points.ply
[prepare] frame 1296 data ready
Dataset generated successfully at: /home/computer0/fly_project/fly_gsplat/ctrl_009/003/f1297
4 cameras loaded
Seed: [ 0.00327263 -0.01946792 -0.00246774]  triangulation residual=0.449 mm
Sampled 10000 points in 2mm sphere
Surviving points (all 4 cameras): 383
After outlier removal: 367 points
Saved -> /home/computer0/fly_project/fly_gsplat/ctrl_009/003/f1297/init_points.ply
[prepare] frame 1297 data ready
Dataset generated successfully at: /home/computer0/fly_project/fly_gsplat/ctrl_009/003/f1298
4 cameras loaded
Seed: [ 0.00325093 -0.0194829  -0.00249063]  triangulation residual=0.460 mm
Sampled 10000 points in 2mm sphere
Surviving points (all 4 cameras): 358
After outlier removal: 342 points
Saved -> /home/computer0/fly_project/fly_gsplat/ctrl_009/003/f1298/init_points.ply
[prepare] frame 1298 data ready
[18:49:03]  Be careful with '--eval-mode=all'. If using camera optimization, the cameras    nerfstudio_dataparser.py:216
           may diverge in the current implementation, giving unpredictable results.                                     
            Be careful with '--eval-mode=all'. If using camera optimization, the cameras    nerfstudio_dataparser.py:216
           may diverge in the current implementation, giving unpredictable results.                                     
[18:49:03]  Be careful with '--eval-mode=all'. If using camera optimization, the cameras    nerfstudio_dataparser.py:216
           may diverge in the current implementation, giving unpredictable results.                                     
            Be careful with '--eval-mode=all'. If using camera optimization, the cameras    nerfstudio_dataparser.py:216
           may diverge in the current implementation, giving unpredictable results.                                     
[18:49:03]  Be careful with '--eval-mode=all'. If using camera optimization, the cameras    nerfstudio_dataparser.py:216
           may diverge in the current implementation, giving unpredictable results.                                     
            Be careful with '--eval-mode=all'. If using camera optimization, the cameras    nerfstudio_dataparser.py:216
           may diverge in the current implementation, giving unpredictable results.                                     
[18:49:03]  Be careful with '--eval-mode=all'. If using camera optimization, the cameras    nerfstudio_dataparser.py:216
           may diverge in the current implementation, giving unpredictable results.                                     
            Be careful with '--eval-mode=all'. If using camera optimization, the cameras    nerfstudio_dataparser.py:216
           may diverge in the current implementation, giving unpredictable results.                                     
[18:49:03]  Be careful with '--eval-mode=all'. If using camera optimization, the cameras    nerfstudio_dataparser.py:216
           may diverge in the current implementation, giving unpredictable results.                                     
            Be careful with '--eval-mode=all'. If using camera optimization, the cameras    nerfstudio_dataparser.py:216
           may diverge in the current implementation, giving unpredictable results.                                     
           use color only optimization with sigmoid activation                                         splatfacto.py:266
           use color only optimization with sigmoid activation                                         splatfacto.py:266
           use color only optimization with sigmoid activation                                         splatfacto.py:266
           use color only optimization with sigmoid activation                                         splatfacto.py:266
           use color only optimization with sigmoid activation                                         splatfacto.py:266
[18:49:03]  Be careful with '--eval-mode=all'. If using camera optimization, the cameras    nerfstudio_dataparser.py:216
           may diverge in the current implementation, giving unpredictable results.                                     
            Be careful with '--eval-mode=all'. If using camera optimization, the cameras    nerfstudio_dataparser.py:216
           may diverge in the current implementation, giving unpredictable results.                                     
[18:49:03]  Be careful with '--eval-mode=all'. If using camera optimization, the cameras    nerfstudio_dataparser.py:216
           may diverge in the current implementation, giving unpredictable results.                                     
            Be careful with '--eval-mode=all'. If using camera optimization, the cameras    nerfstudio_dataparser.py:216
           may diverge in the current implementation, giving unpredictable results.                                     
[18:49:04] use color only optimization with sigmoid activation                                         splatfacto.py:266
[18:49:04] use color only optimization with sigmoid activation                                         splatfacto.py:266
[18:49:04]  Be careful with '--eval-mode=all'. If using camera optimization, the cameras    nerfstudio_dataparser.py:216
           may diverge in the current implementation, giving unpredictable results.                                     
[18:49:04]  Be careful with '--eval-mode=all'. If using camera optimization, the cameras    nerfstudio_dataparser.py:216
           may diverge in the current implementation, giving unpredictable results.                                     
            Be careful with '--eval-mode=all'. If using camera optimization, the cameras    nerfstudio_dataparser.py:216
           may diverge in the current implementation, giving unpredictable results.                                     
            Be careful with '--eval-mode=all'. If using camera optimization, the cameras    nerfstudio_dataparser.py:216
           may diverge in the current implementation, giving unpredictable results.                                     
[18:49:04]  Be careful with '--eval-mode=all'. If using camera optimization, the cameras    nerfstudio_dataparser.py:216
           may diverge in the current implementation, giving unpredictable results.                                     
            Be careful with '--eval-mode=all'. If using camera optimization, the cameras    nerfstudio_dataparser.py:216
           may diverge in the current implementation, giving unpredictable results.                                     
[18:49:04]  Be careful with '--eval-mode=all'. If using camera optimization, the cameras    nerfstudio_dataparser.py:216
           may diverge in the current implementation, giving unpredictable results.                                     
           use color only optimization with sigmoid activation                                         splatfacto.py:266
            Be careful with '--eval-mode=all'. If using camera optimization, the cameras    nerfstudio_dataparser.py:216
           may diverge in the current implementation, giving unpredictable results.                                     
           use color only optimization with sigmoid activation                                         splatfacto.py:266
[18:49:04]  Be careful with '--eval-mode=all'. If using camera optimization, the cameras    nerfstudio_dataparser.py:216
           may diverge in the current implementation, giving unpredictable results.                                     
            Be careful with '--eval-mode=all'. If using camera optimization, the cameras    nerfstudio_dataparser.py:216
           may diverge in the current implementation, giving unpredictable results.                                     
           use color only optimization with sigmoid activation                                         splatfacto.py:266
           use color only optimization with sigmoid activation                                         splatfacto.py:266
           use color only optimization with sigmoid activation                                         splatfacto.py:266
Loading latest checkpoint from load_dir
Loading latest checkpoint from load_dir
Loading latest checkpoint from load_dir
Loading latest checkpoint from load_dir
✅ Done loading checkpoint from 
outputs/ctrl_009_003_ratio3_sh0_dense_mid200/ratio3_sh0_dense/f1110/splatfacto/2026-08-20_184700/nerfstudio_models/step-
000001999.ckpt
Loading latest checkpoint from load_dir
✅ Done loading checkpoint from 
outputs/ctrl_009_003_ratio3_sh0_dense_mid200/ratio3_sh0_dense/f1103/splatfacto/2026-08-20_184702/nerfstudio_models/step-
000001999.ckpt
✅ Done loading checkpoint from 
outputs/ctrl_009_003_ratio3_sh0_dense_mid200/ratio3_sh0_dense/f1101/splatfacto/2026-08-20_184700/nerfstudio_models/step-
000001999.ckpt
✅ Done loading checkpoint from 
outputs/ctrl_009_003_ratio3_sh0_dense_mid200/ratio3_sh0_dense/f1109/splatfacto/2026-08-20_184702/nerfstudio_models/step-
000001999.ckpt
0 Gaussians have NaN/Inf and 1 have low opacity, only export 862/863
0 Gaussians have NaN/Inf and 1 have low opacity, only export 883/884
✅ Done loading checkpoint from 
outputs/ctrl_009_003_ratio3_sh0_dense_mid200/ratio3_sh0_dense/f1104/splatfacto/2026-08-20_184700/nerfstudio_models/step-
000001999.ckpt
0 Gaussians have NaN/Inf and 3 have low opacity, only export 948/951
Loading latest checkpoint from load_dir
✅ Done loading checkpoint from 
outputs/ctrl_009_003_ratio3_sh0_dense_mid200/ratio3_sh0_dense/f1108/splatfacto/2026-08-20_184701/nerfstudio_models/step-
000001999.ckpt
Loading latest checkpoint from load_dir
0 Gaussians have NaN/Inf and 2 have low opacity, only export 851/853
✅ Done loading checkpoint from 
outputs/ctrl_009_003_ratio3_sh0_dense_mid200/ratio3_sh0_dense/f1107/splatfacto/2026-08-20_184700/nerfstudio_models/step-
000001999.ckpt
0 Gaussians have NaN/Inf and 2 have low opacity, only export 871/873
Loading latest checkpoint from load_dir
Loading latest checkpoint from load_dir
✅ Done loading checkpoint from 
outputs/ctrl_009_003_ratio3_sh0_dense_mid200/ratio3_sh0_dense/f1102/splatfacto/2026-08-20_184702/nerfstudio_models/step-
000001999.ckpt
✅ Done loading checkpoint from 
outputs/ctrl_009_003_ratio3_sh0_dense_mid200/ratio3_sh0_dense/f1105/splatfacto/2026-08-20_184701/nerfstudio_models/step-
000001999.ckpt
0 Gaussians have NaN/Inf and 1 have low opacity, only export 895/896
0 Gaussians have NaN/Inf and 1 have low opacity, only export 918/919
Loading latest checkpoint from load_dir
Loading latest checkpoint from load_dir
✅ Done loading checkpoint from 
outputs/ctrl_009_003_ratio3_sh0_dense_mid200/ratio3_sh0_dense/f1111/splatfacto/2026-08-20_184700/nerfstudio_models/step-
000001999.ckpt
0 Gaussians have NaN/Inf and 2 have low opacity, only export 873/875
✅ Done loading checkpoint from 
outputs/ctrl_009_003_ratio3_sh0_dense_mid200/ratio3_sh0_dense/f1106/splatfacto/2026-08-20_184700/nerfstudio_models/step-
000001999.ckpt
0 Gaussians have NaN/Inf and 2 have low opacity, only export 901/903
Loading latest checkpoint from load_dir
✅ Done loading checkpoint from 
outputs/ctrl_009_003_ratio3_sh0_dense_mid200/ratio3_sh0_dense/f1100/splatfacto/2026-08-20_184701/nerfstudio_models/step-
000001999.ckpt
0 Gaussians have NaN/Inf and 3 have low opacity, only export 918/921
[gpu0_w4] ratio3_sh0_dense__f1103 -> ok (128.2s)
[gpu0_w1] ratio3_sh0_dense__f1107 -> ok (128.2s)
[gpu1_w4] ratio3_sh0_dense__f1110 -> ok (128.3s)
[gpu1_w0] ratio3_sh0_dense__f1104 -> ok (128.3s)
[gpu0_w2] ratio3_sh0_dense__f1109 -> ok (128.3s)
[gpu1_w2] ratio3_sh0_dense__f1101 -> ok (128.4s)
[gpu1_w1] ratio3_sh0_dense__f1108 -> ok (128.4s)
[gpu0_w0] ratio3_sh0_dense__f1102 -> ok (128.5s)
[gpu1_w3] ratio3_sh0_dense__f1105 -> ok (128.7s)
[gpu1_w5] ratio3_sh0_dense__f1111 -> ok (128.6s)
[gpu0_w5] ratio3_sh0_dense__f1106 -> ok (128.7s)
[gpu0_w3] ratio3_sh0_dense__f1100 -> ok (128.7s)
[18:51:01]  Be careful with '--eval-mode=all'. If using camera optimization, the cameras    nerfstudio_dataparser.py:216
           may diverge in the current implementation, giving unpredictable results.                                     
            Be careful with '--eval-mode=all'. If using camera optimization, the cameras    nerfstudio_dataparser.py:216
           may diverge in the current implementation, giving unpredictable results.                                     
[18:51:01]  Be careful with '--eval-mode=all'. If using camera optimization, the cameras    nerfstudio_dataparser.py:216
           may diverge in the current implementation, giving unpredictable results.                                     
            Be careful with '--eval-mode=all'. If using camera optimization, the cameras    nerfstudio_dataparser.py:216
           may diverge in the current implementation, giving unpredictable results.                                     
           use color only optimization with sigmoid activation                                         splatfacto.py:266
[18:51:02] use color only optimization with sigmoid activation                                         splatfacto.py:266
[18:51:02]  Be careful with '--eval-mode=all'. If using camera optimization, the cameras    nerfstudio_dataparser.py:216
           may diverge in the current implementation, giving unpredictable results.                                     
            Be careful with '--eval-mode=all'. If using camera optimization, the cameras    nerfstudio_dataparser.py:216
           may diverge in the current implementation, giving unpredictable results.                                     
Loading latest checkpoint from load_dir
✅ Done loading checkpoint from 
outputs/ctrl_009_003_ratio3_sh0_dense_mid200/ratio3_sh0_dense/f1116/splatfacto/2026-08-20_184915/nerfstudio_models/step-
000001999.ckpt
0 Gaussians have NaN/Inf and 2 have low opacity, only export 741/743
           use color only optimization with sigmoid activation                                         splatfacto.py:266
[18:51:02]  Be careful with '--eval-mode=all'. If using camera optimization, the cameras    nerfstudio_dataparser.py:216
           may diverge in the current implementation, giving unpredictable results.                                     
            Be careful with '--eval-mode=all'. If using camera optimization, the cameras    nerfstudio_dataparser.py:216
           may diverge in the current implementation, giving unpredictable results.                                     
Loading latest checkpoint from load_dir
✅ Done loading checkpoint from 
outputs/ctrl_009_003_ratio3_sh0_dense_mid200/ratio3_sh0_dense/f1114/splatfacto/2026-08-20_184915/nerfstudio_models/step-
000001999.ckpt
0 Gaussians have NaN/Inf and 4 have low opacity, only export 799/803
[18:51:03] use color only optimization with sigmoid activation                                         splatfacto.py:266
[18:51:03]  Be careful with '--eval-mode=all'. If using camera optimization, the cameras    nerfstudio_dataparser.py:216
           may diverge in the current implementation, giving unpredictable results.                                     
            Be careful with '--eval-mode=all'. If using camera optimization, the cameras    nerfstudio_dataparser.py:216
           may diverge in the current implementation, giving unpredictable results.                                     
           use color only optimization with sigmoid activation                                         splatfacto.py:266
[18:51:03]  Be careful with '--eval-mode=all'. If using camera optimization, the cameras    nerfstudio_dataparser.py:216
           may diverge in the current implementation, giving unpredictable results.                                     
            Be careful with '--eval-mode=all'. If using camera optimization, the cameras    nerfstudio_dataparser.py:216
           may diverge in the current implementation, giving unpredictable results.                                     
Loading latest checkpoint from load_dir
✅ Done loading checkpoint from 
outputs/ctrl_009_003_ratio3_sh0_dense_mid200/ratio3_sh0_dense/f1112/splatfacto/2026-08-20_184915/nerfstudio_models/step-
000001999.ckpt
           use color only optimization with sigmoid activation                                         splatfacto.py:266
Loading latest checkpoint from load_dir
✅ Done loading checkpoint from 
outputs/ctrl_009_003_ratio3_sh0_dense_mid200/ratio3_sh0_dense/f1119/splatfacto/2026-08-20_184916/nerfstudio_models/step-
000001999.ckpt
0 Gaussians have NaN/Inf and 2 have low opacity, only export 724/726
Loading latest checkpoint from load_dir
✅ Done loading checkpoint from 
outputs/ctrl_009_003_ratio3_sh0_dense_mid200/ratio3_sh0_dense/f1113/splatfacto/2026-08-20_184915/nerfstudio_models/step-
000001999.ckpt
0 Gaussians have NaN/Inf and 4 have low opacity, only export 890/894
[18:51:04]  Be careful with '--eval-mode=all'. If using camera optimization, the cameras    nerfstudio_dataparser.py:216
           may diverge in the current implementation, giving unpredictable results.                                     
            Be careful with '--eval-mode=all'. If using camera optimization, the cameras    nerfstudio_dataparser.py:216
           may diverge in the current implementation, giving unpredictable results.                                     
           use color only optimization with sigmoid activation                                         splatfacto.py:266
[gpu0_w2] ratio3_sh0_dense__f1116 -> ok (110.7s)
[gpu1_w4] ratio3_sh0_dense__f1114 -> ok (110.7s)
Loading latest checkpoint from load_dir
✅ Done loading checkpoint from 
outputs/ctrl_009_003_ratio3_sh0_dense_mid200/ratio3_sh0_dense/f1123/splatfacto/2026-08-20_184916/nerfstudio_models/step-
000001999.ckpt
0 Gaussians have NaN/Inf and 1 have low opacity, only export 739/740
[18:51:04]  Be careful with '--eval-mode=all'. If using camera optimization, the cameras    nerfstudio_dataparser.py:216
           may diverge in the current implementation, giving unpredictable results.                                     
            Be careful with '--eval-mode=all'. If using camera optimization, the cameras    nerfstudio_dataparser.py:216
           may diverge in the current implementation, giving unpredictable results.                                     
[18:51:05] use color only optimization with sigmoid activation                                         splatfacto.py:266
[18:51:05]  Be careful with '--eval-mode=all'. If using camera optimization, the cameras    nerfstudio_dataparser.py:216
           may diverge in the current implementation, giving unpredictable results.                                     
            Be careful with '--eval-mode=all'. If using camera optimization, the cameras    nerfstudio_dataparser.py:216
           may diverge in the current implementation, giving unpredictable results.                                     
           use color only optimization with sigmoid activation                                         splatfacto.py:266
[18:51:05]  Be careful with '--eval-mode=all'. If using camera optimization, the cameras    nerfstudio_dataparser.py:216
           may diverge in the current implementation, giving unpredictable results.                                     
            Be careful with '--eval-mode=all'. If using camera optimization, the cameras    nerfstudio_dataparser.py:216
           may diverge in the current implementation, giving unpredictable results.                                     
Loading latest checkpoint from load_dir
[18:51:05]  Be careful with '--eval-mode=all'. If using camera optimization, the cameras    nerfstudio_dataparser.py:216
           may diverge in the current implementation, giving unpredictable results.                                     
            Be careful with '--eval-mode=all'. If using camera optimization, the cameras    nerfstudio_dataparser.py:216
           may diverge in the current implementation, giving unpredictable results.                                     
           use color only optimization with sigmoid activation                                         splatfacto.py:266
✅ Done loading checkpoint from 
outputs/ctrl_009_003_ratio3_sh0_dense_mid200/ratio3_sh0_dense/f1118/splatfacto/2026-08-20_184916/nerfstudio_models/step-
000001999.ckpt
0 Gaussians have NaN/Inf and 4 have low opacity, only export 728/732
[gpu0_w4] ratio3_sh0_dense__f1112 -> ok (111.7s)
           use color only optimization with sigmoid activation                                         splatfacto.py:266
[gpu0_w0] ratio3_sh0_dense__f1119 -> ok (111.6s)
[18:51:05]  Be careful with '--eval-mode=all'. If using camera optimization, the cameras    nerfstudio_dataparser.py:216
           may diverge in the current implementation, giving unpredictable results.                                     
            Be careful with '--eval-mode=all'. If using camera optimization, the cameras    nerfstudio_dataparser.py:216
           may diverge in the current implementation, giving unpredictable results.                                     
Loading latest checkpoint from load_dir
✅ Done loading checkpoint from 
outputs/ctrl_009_003_ratio3_sh0_dense_mid200/ratio3_sh0_dense/f1117/splatfacto/2026-08-20_184916/nerfstudio_models/step-
000001999.ckpt
0 Gaussians have NaN/Inf and 1 have low opacity, only export 792/793
[18:51:06] use color only optimization with sigmoid activation                                         splatfacto.py:266
[gpu0_w1] ratio3_sh0_dense__f1113 -> ok (112.3s)
Loading latest checkpoint from load_dir
✅ Done loading checkpoint from 
outputs/ctrl_009_003_ratio3_sh0_dense_mid200/ratio3_sh0_dense/f1120/splatfacto/2026-08-20_184916/nerfstudio_models/step-
000001999.ckpt
0 Gaussians have NaN/Inf and 1 have low opacity, only export 780/781
Loading latest checkpoint from load_dir
✅ Done loading checkpoint from 
outputs/ctrl_009_003_ratio3_sh0_dense_mid200/ratio3_sh0_dense/f1122/splatfacto/2026-08-20_184917/nerfstudio_models/step-
000001999.ckpt
0 Gaussians have NaN/Inf and 4 have low opacity, only export 660/664
Loading latest checkpoint from load_dir
✅ Done loading checkpoint from 
outputs/ctrl_009_003_ratio3_sh0_dense_mid200/ratio3_sh0_dense/f1115/splatfacto/2026-08-20_184917/nerfstudio_models/step-
000001999.ckpt
0 Gaussians have NaN/Inf and 5 have low opacity, only export 753/758
[gpu0_w3] ratio3_sh0_dense__f1123 -> ok (112.4s)
Loading latest checkpoint from load_dir
✅ Done loading checkpoint from 
outputs/ctrl_009_003_ratio3_sh0_dense_mid200/ratio3_sh0_dense/f1121/splatfacto/2026-08-20_184916/nerfstudio_models/step-
000001999.ckpt
[gpu1_w1] ratio3_sh0_dense__f1118 -> ok (113.6s)
[gpu1_w2] ratio3_sh0_dense__f1117 -> ok (113.9s)
[gpu1_w3] ratio3_sh0_dense__f1120 -> ok (113.9s)
[gpu1_w0] ratio3_sh0_dense__f1115 -> ok (114.5s)
[gpu0_w5] ratio3_sh0_dense__f1122 -> ok (114.2s)
[gpu1_w5] ratio3_sh0_dense__f1121 -> ok (114.4s)
[18:52:56]  Be careful with '--eval-mode=all'. If using camera optimization, the cameras    nerfstudio_dataparser.py:216
           may diverge in the current implementation, giving unpredictable results.                                     
            Be careful with '--eval-mode=all'. If using camera optimization, the cameras    nerfstudio_dataparser.py:216
           may diverge in the current implementation, giving unpredictable results.                                     
[18:52:59] use color only optimization with sigmoid activation                                         splatfacto.py:266
[18:52:59]  Be careful with '--eval-mode=all'. If using camera optimization, the cameras    nerfstudio_dataparser.py:216
           may diverge in the current implementation, giving unpredictable results.                                     
            Be careful with '--eval-mode=all'. If using camera optimization, the cameras    nerfstudio_dataparser.py:216
           may diverge in the current implementation, giving unpredictable results.                                     
[18:52:59]  Be careful with '--eval-mode=all'. If using camera optimization, the cameras    nerfstudio_dataparser.py:216
           may diverge in the current implementation, giving unpredictable results.                                     
            Be careful with '--eval-mode=all'. If using camera optimization, the cameras    nerfstudio_dataparser.py:216
           may diverge in the current implementation, giving unpredictable results.                                     
           use color only optimization with sigmoid activation                                         splatfacto.py:266
           use color only optimization with sigmoid activation                                         splatfacto.py:266
[18:52:59]  Be careful with '--eval-mode=all'. If using camera optimization, the cameras    nerfstudio_dataparser.py:216
           may diverge in the current implementation, giving unpredictable results.                                     
            Be careful with '--eval-mode=all'. If using camera optimization, the cameras    nerfstudio_dataparser.py:216
           may diverge in the current implementation, giving unpredictable results.                                     
           use color only optimization with sigmoid activation                                         splatfacto.py:266
Loading latest checkpoint from load_dir
✅ Done loading checkpoint from 
outputs/ctrl_009_003_ratio3_sh0_dense_mid200/ratio3_sh0_dense/f1125/splatfacto/2026-08-20_185116/nerfstudio_models/step-
000001999.ckpt
0 Gaussians have NaN/Inf and 2 have low opacity, only export 750/752
Loading latest checkpoint from load_dir
✅ Done loading checkpoint from 
outputs/ctrl_009_003_ratio3_sh0_dense_mid200/ratio3_sh0_dense/f1124/splatfacto/2026-08-20_185113/nerfstudio_models/step-
000001999.ckpt
0 Gaussians have NaN/Inf and 1 have low opacity, only export 789/790
Loading latest checkpoint from load_dir
✅ Done loading checkpoint from 
outputs/ctrl_009_003_ratio3_sh0_dense_mid200/ratio3_sh0_dense/f1126/splatfacto/2026-08-20_185116/nerfstudio_models/step-
000001999.ckpt
0 Gaussians have NaN/Inf and 3 have low opacity, only export 777/780
[18:53:00]  Be careful with '--eval-mode=all'. If using camera optimization, the cameras    nerfstudio_dataparser.py:216
           may diverge in the current implementation, giving unpredictable results.                                     
            Be careful with '--eval-mode=all'. If using camera optimization, the cameras    nerfstudio_dataparser.py:216
           may diverge in the current implementation, giving unpredictable results.                                     
           use color only optimization with sigmoid activation                                         splatfacto.py:266
Loading latest checkpoint from load_dir
✅ Done loading checkpoint from 
outputs/ctrl_009_003_ratio3_sh0_dense_mid200/ratio3_sh0_dense/f1128/splatfacto/2026-08-20_185117/nerfstudio_models/step-
000001999.ckpt
0 Gaussians have NaN/Inf and 2 have low opacity, only export 757/759
[18:53:01]  Be careful with '--eval-mode=all'. If using camera optimization, the cameras    nerfstudio_dataparser.py:216
           may diverge in the current implementation, giving unpredictable results.                                     
            Be careful with '--eval-mode=all'. If using camera optimization, the cameras    nerfstudio_dataparser.py:216
           may diverge in the current implementation, giving unpredictable results.                                     
Loading latest checkpoint from load_dir
           use color only optimization with sigmoid activation                                         splatfacto.py:266
✅ Done loading checkpoint from 
outputs/ctrl_009_003_ratio3_sh0_dense_mid200/ratio3_sh0_dense/f1127/splatfacto/2026-08-20_185117/nerfstudio_models/step-
000001999.ckpt
0 Gaussians have NaN/Inf and 1 have low opacity, only export 865/866
[18:53:01]  Be careful with '--eval-mode=all'. If using camera optimization, the cameras    nerfstudio_dataparser.py:216
           may diverge in the current implementation, giving unpredictable results.                                     
            Be careful with '--eval-mode=all'. If using camera optimization, the cameras    nerfstudio_dataparser.py:216
           may diverge in the current implementation, giving unpredictable results.                                     
[gpu1_w4] ratio3_sh0_dense__f1125 -> ok (108.6s)
[18:53:01]  Be careful with '--eval-mode=all'. If using camera optimization, the cameras    nerfstudio_dataparser.py:216
           may diverge in the current implementation, giving unpredictable results.                                     
            Be careful with '--eval-mode=all'. If using camera optimization, the cameras    nerfstudio_dataparser.py:216
           may diverge in the current implementation, giving unpredictable results.                                     
[18:53:01]  Be careful with '--eval-mode=all'. If using camera optimization, the cameras    nerfstudio_dataparser.py:216
           may diverge in the current implementation, giving unpredictable results.                                     
            Be careful with '--eval-mode=all'. If using camera optimization, the cameras    nerfstudio_dataparser.py:216
           may diverge in the current implementation, giving unpredictable results.                                     
           use color only optimization with sigmoid activation                                         splatfacto.py:266
[18:53:02] use color only optimization with sigmoid activation                                         splatfacto.py:266
[18:53:02] use color only optimization with sigmoid activation                                         splatfacto.py:266
[gpu0_w4] ratio3_sh0_dense__f1126 -> ok (108.1s)
[gpu0_w2] ratio3_sh0_dense__f1124 -> ok (109.1s)
[18:53:02]  Be careful with '--eval-mode=all'. If using camera optimization, the cameras    nerfstudio_dataparser.py:216
           may diverge in the current implementation, giving unpredictable results.                                     
[gpu0_w1] ratio3_sh0_dense__f1128 -> ok (107.8s)
            Be careful with '--eval-mode=all'. If using camera optimization, the cameras    nerfstudio_dataparser.py:216
           may diverge in the current implementation, giving unpredictable results.                                     
Loading latest checkpoint from load_dir
✅ Done loading checkpoint from 
outputs/ctrl_009_003_ratio3_sh0_dense_mid200/ratio3_sh0_dense/f1134/splatfacto/2026-08-20_185118/nerfstudio_models/step-
000001999.ckpt
0 Gaussians have NaN/Inf and 5 have low opacity, only export 672/677
           use color only optimization with sigmoid activation                                         splatfacto.py:266
Loading latest checkpoint from load_dir
✅ Done loading checkpoint from 
outputs/ctrl_009_003_ratio3_sh0_dense_mid200/ratio3_sh0_dense/f1129/splatfacto/2026-08-20_185118/nerfstudio_models/step-
000001999.ckpt
Loading latest checkpoint from load_dir
✅ Done loading checkpoint from 
outputs/ctrl_009_003_ratio3_sh0_dense_mid200/ratio3_sh0_dense/f1132/splatfacto/2026-08-20_185118/nerfstudio_models/step-
000001999.ckpt
Loading latest checkpoint from load_dir
✅ Done loading checkpoint from 
outputs/ctrl_009_003_ratio3_sh0_dense_mid200/ratio3_sh0_dense/f1131/splatfacto/2026-08-20_185118/nerfstudio_models/step-
000001999.ckpt
0 Gaussians have NaN/Inf and 2 have low opacity, only export 756/758
Loading latest checkpoint from load_dir
✅ Done loading checkpoint from 
outputs/ctrl_009_003_ratio3_sh0_dense_mid200/ratio3_sh0_dense/f1135/splatfacto/2026-08-20_185118/nerfstudio_models/step-
000001999.ckpt
0 Gaussians have NaN/Inf and 3 have low opacity, only export 773/776
[gpu0_w0] ratio3_sh0_dense__f1127 -> ok (109.3s)
[18:53:03]  Be careful with '--eval-mode=all'. If using camera optimization, the cameras    nerfstudio_dataparser.py:216
           may diverge in the current implementation, giving unpredictable results.                                     
            Be careful with '--eval-mode=all'. If using camera optimization, the cameras    nerfstudio_dataparser.py:216
           may diverge in the current implementation, giving unpredictable results.                                     
[18:53:04] use color only optimization with sigmoid activation                                         splatfacto.py:266
[18:53:04]  Be careful with '--eval-mode=all'. If using camera optimization, the cameras    nerfstudio_dataparser.py:216
           may diverge in the current implementation, giving unpredictable results.                                     
            Be careful with '--eval-mode=all'. If using camera optimization, the cameras    nerfstudio_dataparser.py:216
           may diverge in the current implementation, giving unpredictable results.                                     
[gpu0_w5] ratio3_sh0_dense__f1134 -> ok (107.4s)
           use color only optimization with sigmoid activation                                         splatfacto.py:266
[gpu0_w3] ratio3_sh0_dense__f1129 -> ok (109.6s)
[gpu1_w3] ratio3_sh0_dense__f1132 -> ok (108.2s)
[gpu1_w2] ratio3_sh0_dense__f1131 -> ok (108.5s)
Loading latest checkpoint from load_dir
✅ Done loading checkpoint from 
outputs/ctrl_009_003_ratio3_sh0_dense_mid200/ratio3_sh0_dense/f1130/splatfacto/2026-08-20_185118/nerfstudio_models/step-
000001999.ckpt
0 Gaussians have NaN/Inf and 2 have low opacity, only export 716/718
[gpu1_w5] ratio3_sh0_dense__f1135 -> ok (108.1s)
Loading latest checkpoint from load_dir
✅ Done loading checkpoint from 
outputs/ctrl_009_003_ratio3_sh0_dense_mid200/ratio3_sh0_dense/f1133/splatfacto/2026-08-20_185119/nerfstudio_models/step-
000001999.ckpt
0 Gaussians have NaN/Inf and 1 have low opacity, only export 715/716
[gpu1_w1] ratio3_sh0_dense__f1130 -> ok (110.8s)
[gpu1_w0] ratio3_sh0_dense__f1133 -> ok (110.3s)
[18:54:55]  Be careful with '--eval-mode=all'. If using camera optimization, the cameras    nerfstudio_dataparser.py:216
           may diverge in the current implementation, giving unpredictable results.                                     
            Be careful with '--eval-mode=all'. If using camera optimization, the cameras    nerfstudio_dataparser.py:216
           may diverge in the current implementation, giving unpredictable results.                                     
           use color only optimization with sigmoid activation                                         splatfacto.py:266
[18:54:56]  Be careful with '--eval-mode=all'. If using camera optimization, the cameras    nerfstudio_dataparser.py:216
           may diverge in the current implementation, giving unpredictable results.                                     
            Be careful with '--eval-mode=all'. If using camera optimization, the cameras    nerfstudio_dataparser.py:216
           may diverge in the current implementation, giving unpredictable results.                                     
           use color only optimization with sigmoid activation                                         splatfacto.py:266
Loading latest checkpoint from load_dir
✅ Done loading checkpoint from 
outputs/ctrl_009_003_ratio3_sh0_dense_mid200/ratio3_sh0_dense/f1139/splatfacto/2026-08-20_185311/nerfstudio_models/step-
000001999.ckpt
0 Gaussians have NaN/Inf and 3 have low opacity, only export 718/721
[18:54:56]  Be careful with '--eval-mode=all'. If using camera optimization, the cameras    nerfstudio_dataparser.py:216
           may diverge in the current implementation, giving unpredictable results.                                     
            Be careful with '--eval-mode=all'. If using camera optimization, the cameras    nerfstudio_dataparser.py:216
           may diverge in the current implementation, giving unpredictable results.                                     
           use color only optimization with sigmoid activation                                         splatfacto.py:266
[18:54:57]  Be careful with '--eval-mode=all'. If using camera optimization, the cameras    nerfstudio_dataparser.py:216
           may diverge in the current implementation, giving unpredictable results.                                     
            Be careful with '--eval-mode=all'. If using camera optimization, the cameras    nerfstudio_dataparser.py:216
           may diverge in the current implementation, giving unpredictable results.                                     
Loading latest checkpoint from load_dir
✅ Done loading checkpoint from 
outputs/ctrl_009_003_ratio3_sh0_dense_mid200/ratio3_sh0_dense/f1140/splatfacto/2026-08-20_185311/nerfstudio_models/step-
000001999.ckpt
0 Gaussians have NaN/Inf and 4 have low opacity, only export 735/739
[18:54:57]  Be careful with '--eval-mode=all'. If using camera optimization, the cameras    nerfstudio_dataparser.py:216
           may diverge in the current implementation, giving unpredictable results.                                     
            Be careful with '--eval-mode=all'. If using camera optimization, the cameras    nerfstudio_dataparser.py:216
           may diverge in the current implementation, giving unpredictable results.                                     
           use color only optimization with sigmoid activation                                         splatfacto.py:266
[18:54:57]  Be careful with '--eval-mode=all'. If using camera optimization, the cameras    nerfstudio_dataparser.py:216
           may diverge in the current implementation, giving unpredictable results.                                     
            Be careful with '--eval-mode=all'. If using camera optimization, the cameras    nerfstudio_dataparser.py:216
           may diverge in the current implementation, giving unpredictable results.                                     
           use color only optimization with sigmoid activation                                         splatfacto.py:266
[18:54:57]  Be careful with '--eval-mode=all'. If using camera optimization, the cameras    nerfstudio_dataparser.py:216
           may diverge in the current implementation, giving unpredictable results.                                     
            Be careful with '--eval-mode=all'. If using camera optimization, the cameras    nerfstudio_dataparser.py:216
           may diverge in the current implementation, giving unpredictable results.                                     
           use color only optimization with sigmoid activation                                         splatfacto.py:266
           use color only optimization with sigmoid activation                                         splatfacto.py:266
Loading latest checkpoint from load_dir
✅ Done loading checkpoint from 
outputs/ctrl_009_003_ratio3_sh0_dense_mid200/ratio3_sh0_dense/f1137/splatfacto/2026-08-20_185311/nerfstudio_models/step-
000001999.ckpt
0 Gaussians have NaN/Inf and 1 have low opacity, only export 602/603
[18:54:57]  Be careful with '--eval-mode=all'. If using camera optimization, the cameras    nerfstudio_dataparser.py:216
           may diverge in the current implementation, giving unpredictable results.                                     
            Be careful with '--eval-mode=all'. If using camera optimization, the cameras    nerfstudio_dataparser.py:216
           may diverge in the current implementation, giving unpredictable results.                                     
[18:54:58] use color only optimization with sigmoid activation                                         splatfacto.py:266
Loading latest checkpoint from load_dir
✅ Done loading checkpoint from 
outputs/ctrl_009_003_ratio3_sh0_dense_mid200/ratio3_sh0_dense/f1136/splatfacto/2026-08-20_185310/nerfstudio_models/step-
000001999.ckpt
0 Gaussians have NaN/Inf and 2 have low opacity, only export 693/695
[18:54:58]  Be careful with '--eval-mode=all'. If using camera optimization, the cameras    nerfstudio_dataparser.py:216
           may diverge in the current implementation, giving unpredictable results.                                     
            Be careful with '--eval-mode=all'. If using camera optimization, the cameras    nerfstudio_dataparser.py:216
           may diverge in the current implementation, giving unpredictable results.                                     
           use color only optimization with sigmoid activation                                         splatfacto.py:266
Loading latest checkpoint from load_dir
✅ Done loading checkpoint from 
outputs/ctrl_009_003_ratio3_sh0_dense_mid200/ratio3_sh0_dense/f1144/splatfacto/2026-08-20_185312/nerfstudio_models/step-
000001999.ckpt
0 Gaussians have NaN/Inf and 2 have low opacity, only export 721/723
Loading latest checkpoint from load_dir
✅ Done loading checkpoint from 
outputs/ctrl_009_003_ratio3_sh0_dense_mid200/ratio3_sh0_dense/f1142/splatfacto/2026-08-20_185313/nerfstudio_models/step-
000001999.ckpt
0 Gaussians have NaN/Inf and 1 have low opacity, only export 680/681
[gpu0_w1] ratio3_sh0_dense__f1139 -> ok (109.7s)
Loading latest checkpoint from load_dir
✅ Done loading checkpoint from 
outputs/ctrl_009_003_ratio3_sh0_dense_mid200/ratio3_sh0_dense/f1141/splatfacto/2026-08-20_185311/nerfstudio_models/step-
000001999.ckpt
0 Gaussians have NaN/Inf and 4 have low opacity, only export 640/644
Loading latest checkpoint from load_dir
✅ Done loading checkpoint from 
outputs/ctrl_009_003_ratio3_sh0_dense_mid200/ratio3_sh0_dense/f1138/splatfacto/2026-08-20_185311/nerfstudio_models/step-
000001999.ckpt
0 Gaussians have NaN/Inf and 1 have low opacity, only export 673/674
[gpu0_w0] ratio3_sh0_dense__f1140 -> ok (109.1s)
[18:54:59]  Be careful with '--eval-mode=all'. If using camera optimization, the cameras    nerfstudio_dataparser.py:216
           may diverge in the current implementation, giving unpredictable results.                                     
            Be careful with '--eval-mode=all'. If using camera optimization, the cameras    nerfstudio_dataparser.py:216
           may diverge in the current implementation, giving unpredictable results.                                     
Loading latest checkpoint from load_dir
✅ Done loading checkpoint from 
outputs/ctrl_009_003_ratio3_sh0_dense_mid200/ratio3_sh0_dense/f1145/splatfacto/2026-08-20_185314/nerfstudio_models/step-
000001999.ckpt
0 Gaussians have NaN/Inf and 2 have low opacity, only export 671/673
           use color only optimization with sigmoid activation                                         splatfacto.py:266
[18:54:59]  Be careful with '--eval-mode=all'. If using camera optimization, the cameras    nerfstudio_dataparser.py:216
           may diverge in the current implementation, giving unpredictable results.                                     
            Be careful with '--eval-mode=all'. If using camera optimization, the cameras    nerfstudio_dataparser.py:216
           may diverge in the current implementation, giving unpredictable results.                                     
[gpu0_w4] ratio3_sh0_dense__f1137 -> ok (111.2s)
           use color only optimization with sigmoid activation                                         splatfacto.py:266
[18:54:59]  Be careful with '--eval-mode=all'. If using camera optimization, the cameras    nerfstudio_dataparser.py:216
           may diverge in the current implementation, giving unpredictable results.                                     
            Be careful with '--eval-mode=all'. If using camera optimization, the cameras    nerfstudio_dataparser.py:216
           may diverge in the current implementation, giving unpredictable results.                                     
[gpu1_w4] ratio3_sh0_dense__f1136 -> ok (111.9s)
[18:55:00] use color only optimization with sigmoid activation                                         splatfacto.py:266
Loading latest checkpoint from load_dir
✅ Done loading checkpoint from 
outputs/ctrl_009_003_ratio3_sh0_dense_mid200/ratio3_sh0_dense/f1147/splatfacto/2026-08-20_185315/nerfstudio_models/step-
000001999.ckpt
0 Gaussians have NaN/Inf and 2 have low opacity, only export 784/786
[gpu0_w3] ratio3_sh0_dense__f1142 -> ok (109.0s)
[gpu1_w2] ratio3_sh0_dense__f1144 -> ok (109.1s)
[gpu0_w5] ratio3_sh0_dense__f1141 -> ok (109.7s)
[gpu0_w2] ratio3_sh0_dense__f1138 -> ok (112.2s)
Loading latest checkpoint from load_dir
✅ Done loading checkpoint from 
outputs/ctrl_009_003_ratio3_sh0_dense_mid200/ratio3_sh0_dense/f1143/splatfacto/2026-08-20_185313/nerfstudio_models/step-
000001999.ckpt
0 Gaussians have NaN/Inf and 1 have low opacity, only export 701/702
[gpu1_w5] ratio3_sh0_dense__f1145 -> ok (109.3s)
Loading latest checkpoint from load_dir
✅ Done loading checkpoint from 
outputs/ctrl_009_003_ratio3_sh0_dense_mid200/ratio3_sh0_dense/f1146/splatfacto/2026-08-20_185315/nerfstudio_models/step-
000001999.ckpt
0 Gaussians have NaN/Inf and 3 have low opacity, only export 699/702
[gpu1_w0] ratio3_sh0_dense__f1147 -> ok (108.4s)
[gpu1_w3] ratio3_sh0_dense__f1143 -> ok (111.4s)
[gpu1_w1] ratio3_sh0_dense__f1146 -> ok (109.6s)
[18:56:51]  Be careful with '--eval-mode=all'. If using camera optimization, the cameras    nerfstudio_dataparser.py:216
           may diverge in the current implementation, giving unpredictable results.                                     
            Be careful with '--eval-mode=all'. If using camera optimization, the cameras    nerfstudio_dataparser.py:216
           may diverge in the current implementation, giving unpredictable results.                                     
           use color only optimization with sigmoid activation                                         splatfacto.py:266
Loading latest checkpoint from load_dir
✅ Done loading checkpoint from 
outputs/ctrl_009_003_ratio3_sh0_dense_mid200/ratio3_sh0_dense/f1150/splatfacto/2026-08-20_185507/nerfstudio_models/step-
000001999.ckpt
0 Gaussians have NaN/Inf and 2 have low opacity, only export 714/716
[18:56:52]  Be careful with '--eval-mode=all'. If using camera optimization, the cameras    nerfstudio_dataparser.py:216
           may diverge in the current implementation, giving unpredictable results.                                     
            Be careful with '--eval-mode=all'. If using camera optimization, the cameras    nerfstudio_dataparser.py:216
           may diverge in the current implementation, giving unpredictable results.                                     
[18:56:52]  Be careful with '--eval-mode=all'. If using camera optimization, the cameras    nerfstudio_dataparser.py:216
           may diverge in the current implementation, giving unpredictable results.                                     
            Be careful with '--eval-mode=all'. If using camera optimization, the cameras    nerfstudio_dataparser.py:216
           may diverge in the current implementation, giving unpredictable results.                                     
           use color only optimization with sigmoid activation                                         splatfacto.py:266
           use color only optimization with sigmoid activation                                         splatfacto.py:266
[18:56:52]  Be careful with '--eval-mode=all'. If using camera optimization, the cameras    nerfstudio_dataparser.py:216
           may diverge in the current implementation, giving unpredictable results.                                     
            Be careful with '--eval-mode=all'. If using camera optimization, the cameras    nerfstudio_dataparser.py:216
           may diverge in the current implementation, giving unpredictable results.                                     
[18:56:53]  Be careful with '--eval-mode=all'. If using camera optimization, the cameras    nerfstudio_dataparser.py:216
           may diverge in the current implementation, giving unpredictable results.                                     
            Be careful with '--eval-mode=all'. If using camera optimization, the cameras    nerfstudio_dataparser.py:216
           may diverge in the current implementation, giving unpredictable results.                                     
[18:56:53] use color only optimization with sigmoid activation                                         splatfacto.py:266
           use color only optimization with sigmoid activation                                         splatfacto.py:266
[18:56:53]  Be careful with '--eval-mode=all'. If using camera optimization, the cameras    nerfstudio_dataparser.py:216
           may diverge in the current implementation, giving unpredictable results.                                     
            Be careful with '--eval-mode=all'. If using camera optimization, the cameras    nerfstudio_dataparser.py:216
           may diverge in the current implementation, giving unpredictable results.                                     
[18:56:53]  Be careful with '--eval-mode=all'. If using camera optimization, the cameras    nerfstudio_dataparser.py:216
           may diverge in the current implementation, giving unpredictable results.                                     
            Be careful with '--eval-mode=all'. If using camera optimization, the cameras    nerfstudio_dataparser.py:216
           may diverge in the current implementation, giving unpredictable results.                                     
Loading latest checkpoint from load_dir
✅ Done loading checkpoint from 
outputs/ctrl_009_003_ratio3_sh0_dense_mid200/ratio3_sh0_dense/f1156/splatfacto/2026-08-20_185508/nerfstudio_models/step-
000001999.ckpt
0 Gaussians have NaN/Inf and 1 have low opacity, only export 831/832
           use color only optimization with sigmoid activation                                         splatfacto.py:266
           use color only optimization with sigmoid activation                                         splatfacto.py:266
Loading latest checkpoint from load_dir
✅ Done loading checkpoint from 
outputs/ctrl_009_003_ratio3_sh0_dense_mid200/ratio3_sh0_dense/f1149/splatfacto/2026-08-20_185508/nerfstudio_models/step-
000001999.ckpt
Loading latest checkpoint from load_dir
✅ Done loading checkpoint from 
outputs/ctrl_009_003_ratio3_sh0_dense_mid200/ratio3_sh0_dense/f1151/splatfacto/2026-08-20_185509/nerfstudio_models/step-
000001999.ckpt
0 Gaussians have NaN/Inf and 1 have low opacity, only export 713/714
Loading latest checkpoint from load_dir
Loading latest checkpoint from load_dir
Loading latest checkpoint from load_dir
[gpu0_w4] ratio3_sh0_dense__f1150 -> ok (108.6s)
[18:56:54]  Be careful with '--eval-mode=all'. If using camera optimization, the cameras    nerfstudio_dataparser.py:216
           may diverge in the current implementation, giving unpredictable results.                                     
✅ Done loading checkpoint from 
outputs/ctrl_009_003_ratio3_sh0_dense_mid200/ratio3_sh0_dense/f1157/splatfacto/2026-08-20_185508/nerfstudio_models/step-
000001999.ckpt
✅ Done loading checkpoint from 
outputs/ctrl_009_003_ratio3_sh0_dense_mid200/ratio3_sh0_dense/f1154/splatfacto/2026-08-20_185509/nerfstudio_models/step-
000001999.ckpt
            Be careful with '--eval-mode=all'. If using camera optimization, the cameras    nerfstudio_dataparser.py:216
           may diverge in the current implementation, giving unpredictable results.                                     
✅ Done loading checkpoint from 
outputs/ctrl_009_003_ratio3_sh0_dense_mid200/ratio3_sh0_dense/f1148/splatfacto/2026-08-20_185508/nerfstudio_models/step-
000001999.ckpt
0 Gaussians have NaN/Inf and 1 have low opacity, only export 900/901
0 Gaussians have NaN/Inf and 4 have low opacity, only export 753/757
[18:56:55] use color only optimization with sigmoid activation                                         splatfacto.py:266
[18:56:55]  Be careful with '--eval-mode=all'. If using camera optimization, the cameras    nerfstudio_dataparser.py:216
           may diverge in the current implementation, giving unpredictable results.                                     
            Be careful with '--eval-mode=all'. If using camera optimization, the cameras    nerfstudio_dataparser.py:216
           may diverge in the current implementation, giving unpredictable results.                                     
[18:56:55]  Be careful with '--eval-mode=all'. If using camera optimization, the cameras    nerfstudio_dataparser.py:216
           may diverge in the current implementation, giving unpredictable results.                                     
[18:56:55]  Be careful with '--eval-mode=all'. If using camera optimization, the cameras    nerfstudio_dataparser.py:216
           may diverge in the current implementation, giving unpredictable results.                                     
            Be careful with '--eval-mode=all'. If using camera optimization, the cameras    nerfstudio_dataparser.py:216
           may diverge in the current implementation, giving unpredictable results.                                     
            Be careful with '--eval-mode=all'. If using camera optimization, the cameras    nerfstudio_dataparser.py:216
           may diverge in the current implementation, giving unpredictable results.                                     
           use color only optimization with sigmoid activation                                         splatfacto.py:266
           use color only optimization with sigmoid activation                                         splatfacto.py:266
           use color only optimization with sigmoid activation                                         splatfacto.py:266
Loading latest checkpoint from load_dir
✅ Done loading checkpoint from 
outputs/ctrl_009_003_ratio3_sh0_dense_mid200/ratio3_sh0_dense/f1158/splatfacto/2026-08-20_185510/nerfstudio_models/step-
000001999.ckpt
0 Gaussians have NaN/Inf and 5 have low opacity, only export 703/708
[gpu0_w0] ratio3_sh0_dense__f1149 -> ok (110.5s)
[gpu1_w5] ratio3_sh0_dense__f1156 -> ok (108.5s)
[18:56:55]  Be careful with '--eval-mode=all'. If using camera optimization, the cameras    nerfstudio_dataparser.py:216
           may diverge in the current implementation, giving unpredictable results.                                     
            Be careful with '--eval-mode=all'. If using camera optimization, the cameras    nerfstudio_dataparser.py:216
           may diverge in the current implementation, giving unpredictable results.                                     
[gpu1_w4] ratio3_sh0_dense__f1151 -> ok (109.6s)
Loading latest checkpoint from load_dir
✅ Done loading checkpoint from 
outputs/ctrl_009_003_ratio3_sh0_dense_mid200/ratio3_sh0_dense/f1153/splatfacto/2026-08-20_185509/nerfstudio_models/step-
000001999.ckpt
0 Gaussians have NaN/Inf and 1 have low opacity, only export 720/721
[18:56:56] use color only optimization with sigmoid activation                                         splatfacto.py:266
Loading latest checkpoint from load_dir
Loading latest checkpoint from load_dir
✅ Done loading checkpoint from 
outputs/ctrl_009_003_ratio3_sh0_dense_mid200/ratio3_sh0_dense/f1152/splatfacto/2026-08-20_185508/nerfstudio_models/step-
000001999.ckpt
0 Gaussians have NaN/Inf and 4 have low opacity, only export 725/729
✅ Done loading checkpoint from 
outputs/ctrl_009_003_ratio3_sh0_dense_mid200/ratio3_sh0_dense/f1155/splatfacto/2026-08-20_185509/nerfstudio_models/step-
000001999.ckpt
0 Gaussians have NaN/Inf and 2 have low opacity, only export 974/976
[gpu1_w0] ratio3_sh0_dense__f1157 -> ok (108.3s)
[gpu0_w5] ratio3_sh0_dense__f1154 -> ok (110.0s)
[gpu0_w1] ratio3_sh0_dense__f1148 -> ok (112.1s)
Loading latest checkpoint from load_dir
✅ Done loading checkpoint from 
outputs/ctrl_009_003_ratio3_sh0_dense_mid200/ratio3_sh0_dense/f1159/splatfacto/2026-08-20_185511/nerfstudio_models/step-
000001999.ckpt
0 Gaussians have NaN/Inf and 1 have low opacity, only export 759/760
[gpu1_w3] ratio3_sh0_dense__f1158 -> ok (108.6s)
[gpu1_w2] ratio3_sh0_dense__f1153 -> ok (111.3s)
[gpu0_w3] ratio3_sh0_dense__f1152 -> ok (111.4s)
[gpu0_w2] ratio3_sh0_dense__f1155 -> ok (111.0s)
[gpu1_w1] ratio3_sh0_dense__f1159 -> ok (109.7s)
[18:58:50]  Be careful with '--eval-mode=all'. If using camera optimization, the cameras    nerfstudio_dataparser.py:216
           may diverge in the current implementation, giving unpredictable results.                                     
            Be careful with '--eval-mode=all'. If using camera optimization, the cameras    nerfstudio_dataparser.py:216
           may diverge in the current implementation, giving unpredictable results.                                     
           use color only optimization with sigmoid activation                                         splatfacto.py:266
[18:58:51]  Be careful with '--eval-mode=all'. If using camera optimization, the cameras    nerfstudio_dataparser.py:216
           may diverge in the current implementation, giving unpredictable results.                                     
            Be careful with '--eval-mode=all'. If using camera optimization, the cameras    nerfstudio_dataparser.py:216
           may diverge in the current implementation, giving unpredictable results.                                     
[18:58:51]  Be careful with '--eval-mode=all'. If using camera optimization, the cameras    nerfstudio_dataparser.py:216
           may diverge in the current implementation, giving unpredictable results.                                     
            Be careful with '--eval-mode=all'. If using camera optimization, the cameras    nerfstudio_dataparser.py:216
           may diverge in the current implementation, giving unpredictable results.                                     
[18:58:51]  Be careful with '--eval-mode=all'. If using camera optimization, the cameras    nerfstudio_dataparser.py:216
           may diverge in the current implementation, giving unpredictable results.                                     
            Be careful with '--eval-mode=all'. If using camera optimization, the cameras    nerfstudio_dataparser.py:216
           may diverge in the current implementation, giving unpredictable results.                                     
           use color only optimization with sigmoid activation                                         splatfacto.py:266
           use color only optimization with sigmoid activation                                         splatfacto.py:266
           use color only optimization with sigmoid activation                                         splatfacto.py:266
[18:58:51]  Be careful with '--eval-mode=all'. If using camera optimization, the cameras    nerfstudio_dataparser.py:216
           may diverge in the current implementation, giving unpredictable results.                                     
            Be careful with '--eval-mode=all'. If using camera optimization, the cameras    nerfstudio_dataparser.py:216
           may diverge in the current implementation, giving unpredictable results.                                     
[18:58:51]  Be careful with '--eval-mode=all'. If using camera optimization, the cameras    nerfstudio_dataparser.py:216
           may diverge in the current implementation, giving unpredictable results.                                     
Loading latest checkpoint from load_dir
            Be careful with '--eval-mode=all'. If using camera optimization, the cameras    nerfstudio_dataparser.py:216
           may diverge in the current implementation, giving unpredictable results.                                     
[18:58:51]  Be careful with '--eval-mode=all'. If using camera optimization, the cameras    nerfstudio_dataparser.py:216
           may diverge in the current implementation, giving unpredictable results.                                     
            Be careful with '--eval-mode=all'. If using camera optimization, the cameras    nerfstudio_dataparser.py:216
           may diverge in the current implementation, giving unpredictable results.                                     
✅ Done loading checkpoint from 
outputs/ctrl_009_003_ratio3_sh0_dense_mid200/ratio3_sh0_dense/f1162/splatfacto/2026-08-20_185706/nerfstudio_models/step-
000001999.ckpt
[18:58:51]  Be careful with '--eval-mode=all'. If using camera optimization, the cameras    nerfstudio_dataparser.py:216
           may diverge in the current implementation, giving unpredictable results.                                     
0 Gaussians have NaN/Inf and 2 have low opacity, only export 818/820
            Be careful with '--eval-mode=all'. If using camera optimization, the cameras    nerfstudio_dataparser.py:216
           may diverge in the current implementation, giving unpredictable results.                                     
           use color only optimization with sigmoid activation                                         splatfacto.py:266
           use color only optimization with sigmoid activation                                         splatfacto.py:266
[18:58:52] use color only optimization with sigmoid activation                                         splatfacto.py:266
[18:58:52] use color only optimization with sigmoid activation                                         splatfacto.py:266
Loading latest checkpoint from load_dir
✅ Done loading checkpoint from 
outputs/ctrl_009_003_ratio3_sh0_dense_mid200/ratio3_sh0_dense/f1170/splatfacto/2026-08-20_185707/nerfstudio_models/step-
000001999.ckpt
0 Gaussians have NaN/Inf and 1 have low opacity, only export 745/746
Loading latest checkpoint from load_dir
Loading latest checkpoint from load_dir
✅ Done loading checkpoint from 
outputs/ctrl_009_003_ratio3_sh0_dense_mid200/ratio3_sh0_dense/f1167/splatfacto/2026-08-20_185707/nerfstudio_models/step-
000001999.ckpt
✅ Done loading checkpoint from 
outputs/ctrl_009_003_ratio3_sh0_dense_mid200/ratio3_sh0_dense/f1160/splatfacto/2026-08-20_185706/nerfstudio_models/step-
000001999.ckpt
0 Gaussians have NaN/Inf and 5 have low opacity, only export 747/752
0 Gaussians have NaN/Inf and 1 have low opacity, only export 727/728
[18:58:52]  Be careful with '--eval-mode=all'. If using camera optimization, the cameras    nerfstudio_dataparser.py:216
           may diverge in the current implementation, giving unpredictable results.                                     
            Be careful with '--eval-mode=all'. If using camera optimization, the cameras    nerfstudio_dataparser.py:216
           may diverge in the current implementation, giving unpredictable results.                                     
[18:58:52]  Be careful with '--eval-mode=all'. If using camera optimization, the cameras    nerfstudio_dataparser.py:216
           may diverge in the current implementation, giving unpredictable results.                                     
            Be careful with '--eval-mode=all'. If using camera optimization, the cameras    nerfstudio_dataparser.py:216
           may diverge in the current implementation, giving unpredictable results.                                     
           use color only optimization with sigmoid activation                                         splatfacto.py:266
           use color only optimization with sigmoid activation                                         splatfacto.py:266
Loading latest checkpoint from load_dir
✅ Done loading checkpoint from 
outputs/ctrl_009_003_ratio3_sh0_dense_mid200/ratio3_sh0_dense/f1163/splatfacto/2026-08-20_185707/nerfstudio_models/step-
000001999.ckpt
0 Gaussians have NaN/Inf and 1 have low opacity, only export 787/788
Loading latest checkpoint from load_dir
✅ Done loading checkpoint from 
outputs/ctrl_009_003_ratio3_sh0_dense_mid200/ratio3_sh0_dense/f1171/splatfacto/2026-08-20_185708/nerfstudio_models/step-
000001999.ckpt
0 Gaussians have NaN/Inf and 1 have low opacity, only export 837/838
Loading latest checkpoint from load_dir
✅ Done loading checkpoint from 
outputs/ctrl_009_003_ratio3_sh0_dense_mid200/ratio3_sh0_dense/f1166/splatfacto/2026-08-20_185707/nerfstudio_models/step-
000001999.ckpt
Loading latest checkpoint from load_dir
✅ Done loading checkpoint from 
outputs/ctrl_009_003_ratio3_sh0_dense_mid200/ratio3_sh0_dense/f1161/splatfacto/2026-08-20_185707/nerfstudio_models/step-
000001999.ckpt
[18:58:53]  Be careful with '--eval-mode=all'. If using camera optimization, the cameras    nerfstudio_dataparser.py:216
           may diverge in the current implementation, giving unpredictable results.                                     
[18:58:53]  Be careful with '--eval-mode=all'. If using camera optimization, the cameras    nerfstudio_dataparser.py:216
           may diverge in the current implementation, giving unpredictable results.                                     
            Be careful with '--eval-mode=all'. If using camera optimization, the cameras    nerfstudio_dataparser.py:216
           may diverge in the current implementation, giving unpredictable results.                                     
            Be careful with '--eval-mode=all'. If using camera optimization, the cameras    nerfstudio_dataparser.py:216
           may diverge in the current implementation, giving unpredictable results.                                     
Loading latest checkpoint from load_dir
✅ Done loading checkpoint from 
outputs/ctrl_009_003_ratio3_sh0_dense_mid200/ratio3_sh0_dense/f1165/splatfacto/2026-08-20_185707/nerfstudio_models/step-
000001999.ckpt
           use color only optimization with sigmoid activation                                         splatfacto.py:266
           use color only optimization with sigmoid activation                                         splatfacto.py:266
0 Gaussians have NaN/Inf and 1 have low opacity, only export 870/871
Loading latest checkpoint from load_dir
✅ Done loading checkpoint from 
outputs/ctrl_009_003_ratio3_sh0_dense_mid200/ratio3_sh0_dense/f1164/splatfacto/2026-08-20_185707/nerfstudio_models/step-
000001999.ckpt
0 Gaussians have NaN/Inf and 2 have low opacity, only export 799/801
[gpu1_w5] ratio3_sh0_dense__f1162 -> ok (109.3s)
[gpu0_w4] ratio3_sh0_dense__f1160 -> ok (111.1s)
[gpu0_w2] ratio3_sh0_dense__f1170 -> ok (107.7s)
[gpu1_w3] ratio3_sh0_dense__f1167 -> ok (108.2s)
Loading latest checkpoint from load_dir
✅ Done loading checkpoint from 
outputs/ctrl_009_003_ratio3_sh0_dense_mid200/ratio3_sh0_dense/f1169/splatfacto/2026-08-20_185708/nerfstudio_models/step-
000001999.ckpt
0 Gaussians have NaN/Inf and 7 have low opacity, only export 795/802
Loading latest checkpoint from load_dir
✅ Done loading checkpoint from 
outputs/ctrl_009_003_ratio3_sh0_dense_mid200/ratio3_sh0_dense/f1168/splatfacto/2026-08-20_185708/nerfstudio_models/step-
000001999.ckpt
[gpu1_w1] ratio3_sh0_dense__f1171 -> ok (107.0s)
0 Gaussians have NaN/Inf and 3 have low opacity, only export 788/791
[gpu1_w4] ratio3_sh0_dense__f1163 -> ok (110.2s)
[gpu0_w1] ratio3_sh0_dense__f1166 -> ok (109.3s)
[gpu0_w0] ratio3_sh0_dense__f1161 -> ok (110.5s)
[gpu1_w0] ratio3_sh0_dense__f1164 -> ok (110.2s)
[gpu0_w5] ratio3_sh0_dense__f1165 -> ok (110.0s)
[gpu0_w3] ratio3_sh0_dense__f1169 -> ok (109.7s)
[gpu1_w2] ratio3_sh0_dense__f1168 -> ok (109.9s)
[19:00:45]  Be careful with '--eval-mode=all'. If using camera optimization, the cameras    nerfstudio_dataparser.py:216
           may diverge in the current implementation, giving unpredictable results.                                     
            Be careful with '--eval-mode=all'. If using camera optimization, the cameras    nerfstudio_dataparser.py:216
           may diverge in the current implementation, giving unpredictable results.                                     
[19:00:45]  Be careful with '--eval-mode=all'. If using camera optimization, the cameras    nerfstudio_dataparser.py:216
           may diverge in the current implementation, giving unpredictable results.                                     
            Be careful with '--eval-mode=all'. If using camera optimization, the cameras    nerfstudio_dataparser.py:216
           may diverge in the current implementation, giving unpredictable results.                                     
[19:00:46] use color only optimization with sigmoid activation                                         splatfacto.py:266
[19:00:46] use color only optimization with sigmoid activation                                         splatfacto.py:266
[19:00:46]  Be careful with '--eval-mode=all'. If using camera optimization, the cameras    nerfstudio_dataparser.py:216
           may diverge in the current implementation, giving unpredictable results.                                     
            Be careful with '--eval-mode=all'. If using camera optimization, the cameras    nerfstudio_dataparser.py:216
           may diverge in the current implementation, giving unpredictable results.                                     
Loading latest checkpoint from load_dir
✅ Done loading checkpoint from 
outputs/ctrl_009_003_ratio3_sh0_dense_mid200/ratio3_sh0_dense/f1180/splatfacto/2026-08-20_185902/nerfstudio_models/step-
000001999.ckpt
[19:00:47] use color only optimization with sigmoid activation                                         splatfacto.py:266
Loading latest checkpoint from load_dir
✅ Done loading checkpoint from 
outputs/ctrl_009_003_ratio3_sh0_dense_mid200/ratio3_sh0_dense/f1182/splatfacto/2026-08-20_185902/nerfstudio_models/step-
000001999.ckpt
0 Gaussians have NaN/Inf and 1 have low opacity, only export 811/812
[19:00:47]  Be careful with '--eval-mode=all'. If using camera optimization, the cameras    nerfstudio_dataparser.py:216
           may diverge in the current implementation, giving unpredictable results.                                     
            Be careful with '--eval-mode=all'. If using camera optimization, the cameras    nerfstudio_dataparser.py:216
           may diverge in the current implementation, giving unpredictable results.                                     
           use color only optimization with sigmoid activation                                         splatfacto.py:266
[19:00:47]  Be careful with '--eval-mode=all'. If using camera optimization, the cameras    nerfstudio_dataparser.py:216
           may diverge in the current implementation, giving unpredictable results.                                     
            Be careful with '--eval-mode=all'. If using camera optimization, the cameras    nerfstudio_dataparser.py:216
           may diverge in the current implementation, giving unpredictable results.                                     
Loading latest checkpoint from load_dir
           use color only optimization with sigmoid activation                                         splatfacto.py:266
✅ Done loading checkpoint from 
outputs/ctrl_009_003_ratio3_sh0_dense_mid200/ratio3_sh0_dense/f1172/splatfacto/2026-08-20_185902/nerfstudio_models/step-
000001999.ckpt
[19:00:47]  Be careful with '--eval-mode=all'. If using camera optimization, the cameras    nerfstudio_dataparser.py:216
           may diverge in the current implementation, giving unpredictable results.                                     
            Be careful with '--eval-mode=all'. If using camera optimization, the cameras    nerfstudio_dataparser.py:216
           may diverge in the current implementation, giving unpredictable results.                                     
[19:00:48]  Be careful with '--eval-mode=all'. If using camera optimization, the cameras    nerfstudio_dataparser.py:216
           may diverge in the current implementation, giving unpredictable results.                                     
            Be careful with '--eval-mode=all'. If using camera optimization, the cameras    nerfstudio_dataparser.py:216
           may diverge in the current implementation, giving unpredictable results.                                     
[19:00:48] use color only optimization with sigmoid activation                                         splatfacto.py:266
           use color only optimization with sigmoid activation                                         splatfacto.py:266
[19:00:48]  Be careful with '--eval-mode=all'. If using camera optimization, the cameras    nerfstudio_dataparser.py:216
           may diverge in the current implementation, giving unpredictable results.                                     
            Be careful with '--eval-mode=all'. If using camera optimization, the cameras    nerfstudio_dataparser.py:216
           may diverge in the current implementation, giving unpredictable results.                                     
Loading latest checkpoint from load_dir
✅ Done loading checkpoint from 
outputs/ctrl_009_003_ratio3_sh0_dense_mid200/ratio3_sh0_dense/f1178/splatfacto/2026-08-20_185902/nerfstudio_models/step-
000001999.ckpt
0 Gaussians have NaN/Inf and 2 have low opacity, only export 861/863
           use color only optimization with sigmoid activation                                         splatfacto.py:266
[gpu1_w0] ratio3_sh0_dense__f1180 -> ok (106.4s)
[19:00:48]  Be careful with '--eval-mode=all'. If using camera optimization, the cameras    nerfstudio_dataparser.py:216
           may diverge in the current implementation, giving unpredictable results.                                     
            Be careful with '--eval-mode=all'. If using camera optimization, the cameras    nerfstudio_dataparser.py:216
           may diverge in the current implementation, giving unpredictable results.                                     
Loading latest checkpoint from load_dir
[19:00:48]  Be careful with '--eval-mode=all'. If using camera optimization, the cameras    nerfstudio_dataparser.py:216
           may diverge in the current implementation, giving unpredictable results.                                     
            Be careful with '--eval-mode=all'. If using camera optimization, the cameras    nerfstudio_dataparser.py:216
           may diverge in the current implementation, giving unpredictable results.                                     
✅ Done loading checkpoint from 
outputs/ctrl_009_003_ratio3_sh0_dense_mid200/ratio3_sh0_dense/f1177/splatfacto/2026-08-20_185903/nerfstudio_models/step-
000001999.ckpt
Loading latest checkpoint from load_dir
[gpu0_w3] ratio3_sh0_dense__f1182 -> ok (105.6s)
0 Gaussians have NaN/Inf and 3 have low opacity, only export 846/849
✅ Done loading checkpoint from 
outputs/ctrl_009_003_ratio3_sh0_dense_mid200/ratio3_sh0_dense/f1176/splatfacto/2026-08-20_185903/nerfstudio_models/step-
000001999.ckpt
           use color only optimization with sigmoid activation                                         splatfacto.py:266
[19:00:49] use color only optimization with sigmoid activation                                         splatfacto.py:266
Loading latest checkpoint from load_dir
✅ Done loading checkpoint from 
outputs/ctrl_009_003_ratio3_sh0_dense_mid200/ratio3_sh0_dense/f1183/splatfacto/2026-08-20_185903/nerfstudio_models/step-
000001999.ckpt
0 Gaussians have NaN/Inf and 3 have low opacity, only export 843/846
[19:00:49]  Be careful with '--eval-mode=all'. If using camera optimization, the cameras    nerfstudio_dataparser.py:216
           may diverge in the current implementation, giving unpredictable results.                                     
            Be careful with '--eval-mode=all'. If using camera optimization, the cameras    nerfstudio_dataparser.py:216
           may diverge in the current implementation, giving unpredictable results.                                     
           use color only optimization with sigmoid activation                                         splatfacto.py:266
[19:00:49]  Be careful with '--eval-mode=all'. If using camera optimization, the cameras    nerfstudio_dataparser.py:216
           may diverge in the current implementation, giving unpredictable results.                                     
            Be careful with '--eval-mode=all'. If using camera optimization, the cameras    nerfstudio_dataparser.py:216
           may diverge in the current implementation, giving unpredictable results.                                     
Loading latest checkpoint from load_dir
           use color only optimization with sigmoid activation                                         splatfacto.py:266
✅ Done loading checkpoint from 
outputs/ctrl_009_003_ratio3_sh0_dense_mid200/ratio3_sh0_dense/f1174/splatfacto/2026-08-20_185903/nerfstudio_models/step-
000001999.ckpt
Loading latest checkpoint from load_dir
Loading latest checkpoint from load_dir
✅ Done loading checkpoint from 
outputs/ctrl_009_003_ratio3_sh0_dense_mid200/ratio3_sh0_dense/f1181/splatfacto/2026-08-20_185904/nerfstudio_models/step-
000001999.ckpt
✅ Done loading checkpoint from 
outputs/ctrl_009_003_ratio3_sh0_dense_mid200/ratio3_sh0_dense/f1179/splatfacto/2026-08-20_185903/nerfstudio_models/step-
000001999.ckpt
0 Gaussians have NaN/Inf and 2 have low opacity, only export 904/906
[gpu1_w5] ratio3_sh0_dense__f1172 -> ok (109.4s)
Loading latest checkpoint from load_dir
✅ Done loading checkpoint from 
outputs/ctrl_009_003_ratio3_sh0_dense_mid200/ratio3_sh0_dense/f1173/splatfacto/2026-08-20_185903/nerfstudio_models/step-
000001999.ckpt
0 Gaussians have NaN/Inf and 1 have low opacity, only export 856/857
Loading latest checkpoint from load_dir
✅ Done loading checkpoint from 
outputs/ctrl_009_003_ratio3_sh0_dense_mid200/ratio3_sh0_dense/f1175/splatfacto/2026-08-20_185903/nerfstudio_models/step-
000001999.ckpt
0 Gaussians have NaN/Inf and 1 have low opacity, only export 822/823
[gpu0_w1] ratio3_sh0_dense__f1178 -> ok (109.1s)
[gpu1_w4] ratio3_sh0_dense__f1177 -> ok (109.2s)
[gpu1_w1] ratio3_sh0_dense__f1176 -> ok (109.4s)
[gpu1_w2] ratio3_sh0_dense__f1183 -> ok (107.7s)
[gpu0_w2] ratio3_sh0_dense__f1174 -> ok (110.1s)
[gpu0_w0] ratio3_sh0_dense__f1179 -> ok (109.9s)
[gpu0_w5] ratio3_sh0_dense__f1181 -> ok (109.4s)
[gpu0_w4] ratio3_sh0_dense__f1173 -> ok (110.6s)
[gpu1_w3] ratio3_sh0_dense__f1175 -> ok (110.9s)
[19:02:41]  Be careful with '--eval-mode=all'. If using camera optimization, the cameras    nerfstudio_dataparser.py:216
           may diverge in the current implementation, giving unpredictable results.                                     
            Be careful with '--eval-mode=all'. If using camera optimization, the cameras    nerfstudio_dataparser.py:216
           may diverge in the current implementation, giving unpredictable results.                                     
           use color only optimization with sigmoid activation                                         splatfacto.py:266
[19:02:41]  Be careful with '--eval-mode=all'. If using camera optimization, the cameras    nerfstudio_dataparser.py:216
           may diverge in the current implementation, giving unpredictable results.                                     
            Be careful with '--eval-mode=all'. If using camera optimization, the cameras    nerfstudio_dataparser.py:216
           may diverge in the current implementation, giving unpredictable results.                                     
[19:02:41]  Be careful with '--eval-mode=all'. If using camera optimization, the cameras    nerfstudio_dataparser.py:216
           may diverge in the current implementation, giving unpredictable results.                                     
            Be careful with '--eval-mode=all'. If using camera optimization, the cameras    nerfstudio_dataparser.py:216
           may diverge in the current implementation, giving unpredictable results.                                     
[19:02:42]  Be careful with '--eval-mode=all'. If using camera optimization, the cameras    nerfstudio_dataparser.py:216
           may diverge in the current implementation, giving unpredictable results.                                     
[19:02:42] use color only optimization with sigmoid activation                                         splatfacto.py:266
            Be careful with '--eval-mode=all'. If using camera optimization, the cameras    nerfstudio_dataparser.py:216
           may diverge in the current implementation, giving unpredictable results.                                     
[19:02:42] use color only optimization with sigmoid activation                                         splatfacto.py:266
[19:02:44] use color only optimization with sigmoid activation                                         splatfacto.py:266
[19:02:44]  Be careful with '--eval-mode=all'. If using camera optimization, the cameras    nerfstudio_dataparser.py:216
           may diverge in the current implementation, giving unpredictable results.                                     
            Be careful with '--eval-mode=all'. If using camera optimization, the cameras    nerfstudio_dataparser.py:216
           may diverge in the current implementation, giving unpredictable results.                                     
Loading latest checkpoint from load_dir
✅ Done loading checkpoint from 
outputs/ctrl_009_003_ratio3_sh0_dense_mid200/ratio3_sh0_dense/f1190/splatfacto/2026-08-20_190058/nerfstudio_models/step-
000001999.ckpt
0 Gaussians have NaN/Inf and 2 have low opacity, only export 695/697
           use color only optimization with sigmoid activation                                         splatfacto.py:266
[19:02:44]  Be careful with '--eval-mode=all'. If using camera optimization, the cameras    nerfstudio_dataparser.py:216
           may diverge in the current implementation, giving unpredictable results.                                     
            Be careful with '--eval-mode=all'. If using camera optimization, the cameras    nerfstudio_dataparser.py:216
           may diverge in the current implementation, giving unpredictable results.                                     
[19:02:45] use color only optimization with sigmoid activation                                         splatfacto.py:266
[19:02:45]  Be careful with '--eval-mode=all'. If using camera optimization, the cameras    nerfstudio_dataparser.py:216
           may diverge in the current implementation, giving unpredictable results.                                     
            Be careful with '--eval-mode=all'. If using camera optimization, the cameras    nerfstudio_dataparser.py:216
           may diverge in the current implementation, giving unpredictable results.                                     
Loading latest checkpoint from load_dir
✅ Done loading checkpoint from 
outputs/ctrl_009_003_ratio3_sh0_dense_mid200/ratio3_sh0_dense/f1192/splatfacto/2026-08-20_190101/nerfstudio_models/step-
000001999.ckpt
0 Gaussians have NaN/Inf and 1 have low opacity, only export 642/643
Loading latest checkpoint from load_dir
✅ Done loading checkpoint from 
outputs/ctrl_009_003_ratio3_sh0_dense_mid200/ratio3_sh0_dense/f1185/splatfacto/2026-08-20_190057/nerfstudio_models/step-
000001999.ckpt
0 Gaussians have NaN/Inf and 2 have low opacity, only export 785/787
           use color only optimization with sigmoid activation                                         splatfacto.py:266
Loading latest checkpoint from load_dir
✅ Done loading checkpoint from 
outputs/ctrl_009_003_ratio3_sh0_dense_mid200/ratio3_sh0_dense/f1184/splatfacto/2026-08-20_190057/nerfstudio_models/step-
000001999.ckpt
0 Gaussians have NaN/Inf and 1 have low opacity, only export 781/782
Loading latest checkpoint from load_dir
✅ Done loading checkpoint from 
outputs/ctrl_009_003_ratio3_sh0_dense_mid200/ratio3_sh0_dense/f1189/splatfacto/2026-08-20_190101/nerfstudio_models/step-
000001999.ckpt
[19:02:45]  Be careful with '--eval-mode=all'. If using camera optimization, the cameras    nerfstudio_dataparser.py:216
           may diverge in the current implementation, giving unpredictable results.                                     
            Be careful with '--eval-mode=all'. If using camera optimization, the cameras    nerfstudio_dataparser.py:216
           may diverge in the current implementation, giving unpredictable results.                                     
[19:02:45]  Be careful with '--eval-mode=all'. If using camera optimization, the cameras    nerfstudio_dataparser.py:216
           may diverge in the current implementation, giving unpredictable results.                                     
            Be careful with '--eval-mode=all'. If using camera optimization, the cameras    nerfstudio_dataparser.py:216
           may diverge in the current implementation, giving unpredictable results.                                     
[19:02:45]  Be careful with '--eval-mode=all'. If using camera optimization, the cameras    nerfstudio_dataparser.py:216
           may diverge in the current implementation, giving unpredictable results.                                     
            Be careful with '--eval-mode=all'. If using camera optimization, the cameras    nerfstudio_dataparser.py:216
           may diverge in the current implementation, giving unpredictable results.                                     
           use color only optimization with sigmoid activation                                         splatfacto.py:266
Loading latest checkpoint from load_dir
✅ Done loading checkpoint from 
outputs/ctrl_009_003_ratio3_sh0_dense_mid200/ratio3_sh0_dense/f1193/splatfacto/2026-08-20_190102/nerfstudio_models/step-
000001999.ckpt
0 Gaussians have NaN/Inf and 3 have low opacity, only export 641/644
[19:02:46] use color only optimization with sigmoid activation                                         splatfacto.py:266
[19:02:46] use color only optimization with sigmoid activation                                         splatfacto.py:266
Loading latest checkpoint from load_dir
✅ Done loading checkpoint from 
outputs/ctrl_009_003_ratio3_sh0_dense_mid200/ratio3_sh0_dense/f1188/splatfacto/2026-08-20_190101/nerfstudio_models/step-
000001999.ckpt
0 Gaussians have NaN/Inf and 2 have low opacity, only export 726/728
[19:02:46]  Be careful with '--eval-mode=all'. If using camera optimization, the cameras    nerfstudio_dataparser.py:216
           may diverge in the current implementation, giving unpredictable results.                                     
            Be careful with '--eval-mode=all'. If using camera optimization, the cameras    nerfstudio_dataparser.py:216
           may diverge in the current implementation, giving unpredictable results.                                     
[gpu1_w2] ratio3_sh0_dense__f1190 -> ok (106.7s)
           use color only optimization with sigmoid activation                                         splatfacto.py:266
Loading latest checkpoint from load_dir
Loading latest checkpoint from load_dir
✅ Done loading checkpoint from 
outputs/ctrl_009_003_ratio3_sh0_dense_mid200/ratio3_sh0_dense/f1191/splatfacto/2026-08-20_190102/nerfstudio_models/step-
000001999.ckpt
[19:02:46]  Be careful with '--eval-mode=all'. If using camera optimization, the cameras    nerfstudio_dataparser.py:216
           may diverge in the current implementation, giving unpredictable results.                                     
✅ Done loading checkpoint from 
outputs/ctrl_009_003_ratio3_sh0_dense_mid200/ratio3_sh0_dense/f1186/splatfacto/2026-08-20_190101/nerfstudio_models/step-
000001999.ckpt
            Be careful with '--eval-mode=all'. If using camera optimization, the cameras    nerfstudio_dataparser.py:216
           may diverge in the current implementation, giving unpredictable results.                                     
0 Gaussians have NaN/Inf and 2 have low opacity, only export 757/759
[19:02:47] use color only optimization with sigmoid activation                                         splatfacto.py:266
Loading latest checkpoint from load_dir
✅ Done loading checkpoint from 
outputs/ctrl_009_003_ratio3_sh0_dense_mid200/ratio3_sh0_dense/f1195/splatfacto/2026-08-20_190101/nerfstudio_models/step-
000001999.ckpt
0 Gaussians have NaN/Inf and 1 have low opacity, only export 625/626
[gpu0_w0] ratio3_sh0_dense__f1192 -> ok (106.7s)
[gpu0_w3] ratio3_sh0_dense__f1185 -> ok (109.8s)
[gpu1_w0] ratio3_sh0_dense__f1184 -> ok (110.0s)
[gpu1_w1] ratio3_sh0_dense__f1189 -> ok (107.9s)
Loading latest checkpoint from load_dir
✅ Done loading checkpoint from 
outputs/ctrl_009_003_ratio3_sh0_dense_mid200/ratio3_sh0_dense/f1187/splatfacto/2026-08-20_190102/nerfstudio_models/step-
000001999.ckpt
0 Gaussians have NaN/Inf and 1 have low opacity, only export 853/854
Loading latest checkpoint from load_dir
✅ Done loading checkpoint from 
outputs/ctrl_009_003_ratio3_sh0_dense_mid200/ratio3_sh0_dense/f1194/splatfacto/2026-08-20_190102/nerfstudio_models/step-
000001999.ckpt
0 Gaussians have NaN/Inf and 2 have low opacity, only export 588/590
[gpu0_w5] ratio3_sh0_dense__f1193 -> ok (107.4s)
[gpu1_w4] ratio3_sh0_dense__f1188 -> ok (108.9s)
[gpu1_w5] ratio3_sh0_dense__f1186 -> ok (110.0s)
[gpu0_w2] ratio3_sh0_dense__f1191 -> ok (108.6s)
[gpu1_w3] ratio3_sh0_dense__f1195 -> ok (108.0s)
[gpu0_w1] ratio3_sh0_dense__f1187 -> ok (110.1s)
[gpu0_w4] ratio3_sh0_dense__f1194 -> ok (109.0s)
[19:04:37]  Be careful with '--eval-mode=all'. If using camera optimization, the cameras    nerfstudio_dataparser.py:216
           may diverge in the current implementation, giving unpredictable results.                                     
            Be careful with '--eval-mode=all'. If using camera optimization, the cameras    nerfstudio_dataparser.py:216
           may diverge in the current implementation, giving unpredictable results.                                     
[19:04:38] use color only optimization with sigmoid activation                                         splatfacto.py:266
Loading latest checkpoint from load_dir
✅ Done loading checkpoint from 
outputs/ctrl_009_003_ratio3_sh0_dense_mid200/ratio3_sh0_dense/f1200/splatfacto/2026-08-20_190254/nerfstudio_models/step-
000001999.ckpt
0 Gaussians have NaN/Inf and 1 have low opacity, only export 784/785
[19:04:39]  Be careful with '--eval-mode=all'. If using camera optimization, the cameras    nerfstudio_dataparser.py:216
           may diverge in the current implementation, giving unpredictable results.                                     
            Be careful with '--eval-mode=all'. If using camera optimization, the cameras    nerfstudio_dataparser.py:216
           may diverge in the current implementation, giving unpredictable results.                                     
           use color only optimization with sigmoid activation                                         splatfacto.py:266
[19:04:40]  Be careful with '--eval-mode=all'. If using camera optimization, the cameras    nerfstudio_dataparser.py:216
           may diverge in the current implementation, giving unpredictable results.                                     
            Be careful with '--eval-mode=all'. If using camera optimization, the cameras    nerfstudio_dataparser.py:216
           may diverge in the current implementation, giving unpredictable results.                                     
           use color only optimization with sigmoid activation                                         splatfacto.py:266
[19:04:40]  Be careful with '--eval-mode=all'. If using camera optimization, the cameras    nerfstudio_dataparser.py:216
           may diverge in the current implementation, giving unpredictable results.                                     
            Be careful with '--eval-mode=all'. If using camera optimization, the cameras    nerfstudio_dataparser.py:216
           may diverge in the current implementation, giving unpredictable results.                                     
           use color only optimization with sigmoid activation                                         splatfacto.py:266
[gpu1_w1] ratio3_sh0_dense__f1200 -> ok (106.5s)
Loading latest checkpoint from load_dir
✅ Done loading checkpoint from 
outputs/ctrl_009_003_ratio3_sh0_dense_mid200/ratio3_sh0_dense/f1196/splatfacto/2026-08-20_190255/nerfstudio_models/step-
000001999.ckpt
0 Gaussians have NaN/Inf and 1 have low opacity, only export 657/658
[19:04:41]  Be careful with '--eval-mode=all'. If using camera optimization, the cameras    nerfstudio_dataparser.py:216
           may diverge in the current implementation, giving unpredictable results.                                     
            Be careful with '--eval-mode=all'. If using camera optimization, the cameras    nerfstudio_dataparser.py:216
           may diverge in the current implementation, giving unpredictable results.                                     
Loading latest checkpoint from load_dir
✅ Done loading checkpoint from 
outputs/ctrl_009_003_ratio3_sh0_dense_mid200/ratio3_sh0_dense/f1199/splatfacto/2026-08-20_190255/nerfstudio_models/step-
000001999.ckpt
0 Gaussians have NaN/Inf and 1 have low opacity, only export 718/719
           use color only optimization with sigmoid activation                                         splatfacto.py:266
Loading latest checkpoint from load_dir
✅ Done loading checkpoint from 
outputs/ctrl_009_003_ratio3_sh0_dense_mid200/ratio3_sh0_dense/f1201/splatfacto/2026-08-20_190256/nerfstudio_models/step-
000001999.ckpt
[19:04:41]  Be careful with '--eval-mode=all'. If using camera optimization, the cameras    nerfstudio_dataparser.py:216
           may diverge in the current implementation, giving unpredictable results.                                     
            Be careful with '--eval-mode=all'. If using camera optimization, the cameras    nerfstudio_dataparser.py:216
           may diverge in the current implementation, giving unpredictable results.                                     
           use color only optimization with sigmoid activation                                         splatfacto.py:266
[19:04:42]  Be careful with '--eval-mode=all'. If using camera optimization, the cameras    nerfstudio_dataparser.py:216
           may diverge in the current implementation, giving unpredictable results.                                     
            Be careful with '--eval-mode=all'. If using camera optimization, the cameras    nerfstudio_dataparser.py:216
           may diverge in the current implementation, giving unpredictable results.                                     
Loading latest checkpoint from load_dir
✅ Done loading checkpoint from 
outputs/ctrl_009_003_ratio3_sh0_dense_mid200/ratio3_sh0_dense/f1197/splatfacto/2026-08-20_190256/nerfstudio_models/step-
000001999.ckpt
0 Gaussians have NaN/Inf and 1 have low opacity, only export 742/743
           use color only optimization with sigmoid activation                                         splatfacto.py:266
[19:04:42]  Be careful with '--eval-mode=all'. If using camera optimization, the cameras    nerfstudio_dataparser.py:216
           may diverge in the current implementation, giving unpredictable results.                                     
            Be careful with '--eval-mode=all'. If using camera optimization, the cameras    nerfstudio_dataparser.py:216
           may diverge in the current implementation, giving unpredictable results.                                     
[gpu1_w2] ratio3_sh0_dense__f1196 -> ok (109.3s)
[19:04:42]  Be careful with '--eval-mode=all'. If using camera optimization, the cameras    nerfstudio_dataparser.py:216
           may diverge in the current implementation, giving unpredictable results.                                     
            Be careful with '--eval-mode=all'. If using camera optimization, the cameras    nerfstudio_dataparser.py:216
           may diverge in the current implementation, giving unpredictable results.                                     
           use color only optimization with sigmoid activation                                         splatfacto.py:266
           use color only optimization with sigmoid activation                                         splatfacto.py:266
Loading latest checkpoint from load_dir
✅ Done loading checkpoint from 
outputs/ctrl_009_003_ratio3_sh0_dense_mid200/ratio3_sh0_dense/f1198/splatfacto/2026-08-20_190256/nerfstudio_models/step-
000001999.ckpt
[19:04:43]  Be careful with '--eval-mode=all'. If using camera optimization, the cameras    nerfstudio_dataparser.py:216
           may diverge in the current implementation, giving unpredictable results.                                     
            Be careful with '--eval-mode=all'. If using camera optimization, the cameras    nerfstudio_dataparser.py:216
           may diverge in the current implementation, giving unpredictable results.                                     
Loading latest checkpoint from load_dir
✅ Done loading checkpoint from 
outputs/ctrl_009_003_ratio3_sh0_dense_mid200/ratio3_sh0_dense/f1204/splatfacto/2026-08-20_190257/nerfstudio_models/step-
000001999.ckpt
0 Gaussians have NaN/Inf and 1 have low opacity, only export 736/737
           use color only optimization with sigmoid activation                                         splatfacto.py:266
[19:04:43]  Be careful with '--eval-mode=all'. If using camera optimization, the cameras    nerfstudio_dataparser.py:216
           may diverge in the current implementation, giving unpredictable results.                                     
            Be careful with '--eval-mode=all'. If using camera optimization, the cameras    nerfstudio_dataparser.py:216
           may diverge in the current implementation, giving unpredictable results.                                     
[gpu1_w0] ratio3_sh0_dense__f1199 -> ok (109.0s)
[gpu0_w5] ratio3_sh0_dense__f1201 -> ok (108.7s)
           use color only optimization with sigmoid activation                                         splatfacto.py:266
[19:04:43]  Be careful with '--eval-mode=all'. If using camera optimization, the cameras    nerfstudio_dataparser.py:216
           may diverge in the current implementation, giving unpredictable results.                                     
            Be careful with '--eval-mode=all'. If using camera optimization, the cameras    nerfstudio_dataparser.py:216
           may diverge in the current implementation, giving unpredictable results.                                     
           use color only optimization with sigmoid activation                                         splatfacto.py:266
Loading latest checkpoint from load_dir
✅ Done loading checkpoint from 
outputs/ctrl_009_003_ratio3_sh0_dense_mid200/ratio3_sh0_dense/f1202/splatfacto/2026-08-20_190257/nerfstudio_models/step-
000001999.ckpt
0 Gaussians have NaN/Inf and 3 have low opacity, only export 728/731
Loading latest checkpoint from load_dir
✅ Done loading checkpoint from 
outputs/ctrl_009_003_ratio3_sh0_dense_mid200/ratio3_sh0_dense/f1206/splatfacto/2026-08-20_190257/nerfstudio_models/step-
000001999.ckpt
0 Gaussians have NaN/Inf and 8 have low opacity, only export 722/730
Loading latest checkpoint from load_dir
✅ Done loading checkpoint from 
outputs/ctrl_009_003_ratio3_sh0_dense_mid200/ratio3_sh0_dense/f1203/splatfacto/2026-08-20_190257/nerfstudio_models/step-
000001999.ckpt
0 Gaussians have NaN/Inf and 2 have low opacity, only export 707/709
Loading latest checkpoint from load_dir
✅ Done loading checkpoint from 
outputs/ctrl_009_003_ratio3_sh0_dense_mid200/ratio3_sh0_dense/f1205/splatfacto/2026-08-20_190257/nerfstudio_models/step-
000001999.ckpt
0 Gaussians have NaN/Inf and 3 have low opacity, only export 686/689
[gpu0_w0] ratio3_sh0_dense__f1197 -> ok (110.4s)
Loading latest checkpoint from load_dir
✅ Done loading checkpoint from 
outputs/ctrl_009_003_ratio3_sh0_dense_mid200/ratio3_sh0_dense/f1207/splatfacto/2026-08-20_190257/nerfstudio_models/step-
000001999.ckpt
0 Gaussians have NaN/Inf and 1 have low opacity, only export 717/718
[gpu0_w3] ratio3_sh0_dense__f1198 -> ok (110.7s)
[gpu0_w2] ratio3_sh0_dense__f1204 -> ok (109.6s)
[gpu1_w4] ratio3_sh0_dense__f1202 -> ok (110.4s)
[gpu0_w1] ratio3_sh0_dense__f1206 -> ok (109.3s)
[gpu1_w5] ratio3_sh0_dense__f1203 -> ok (110.4s)
[gpu1_w3] ratio3_sh0_dense__f1205 -> ok (110.3s)
[gpu0_w4] ratio3_sh0_dense__f1207 -> ok (109.9s)
[19:06:35]  Be careful with '--eval-mode=all'. If using camera optimization, the cameras    nerfstudio_dataparser.py:216
           may diverge in the current implementation, giving unpredictable results.                                     
            Be careful with '--eval-mode=all'. If using camera optimization, the cameras    nerfstudio_dataparser.py:216
           may diverge in the current implementation, giving unpredictable results.                                     
[19:06:35]  Be careful with '--eval-mode=all'. If using camera optimization, the cameras    nerfstudio_dataparser.py:216
           may diverge in the current implementation, giving unpredictable results.                                     
            Be careful with '--eval-mode=all'. If using camera optimization, the cameras    nerfstudio_dataparser.py:216
           may diverge in the current implementation, giving unpredictable results.                                     
           use color only optimization with sigmoid activation                                         splatfacto.py:266
           use color only optimization with sigmoid activation                                         splatfacto.py:266
Loading latest checkpoint from load_dir
Loading latest checkpoint from load_dir
✅ Done loading checkpoint from 
outputs/ctrl_009_003_ratio3_sh0_dense_mid200/ratio3_sh0_dense/f1209/splatfacto/2026-08-20_190451/nerfstudio_models/step-
000001999.ckpt
✅ Done loading checkpoint from 
outputs/ctrl_009_003_ratio3_sh0_dense_mid200/ratio3_sh0_dense/f1208/splatfacto/2026-08-20_190450/nerfstudio_models/step-
000001999.ckpt
0 Gaussians have NaN/Inf and 2 have low opacity, only export 677/679
0 Gaussians have NaN/Inf and 1 have low opacity, only export 667/668
[19:06:36]  Be careful with '--eval-mode=all'. If using camera optimization, the cameras    nerfstudio_dataparser.py:216
           may diverge in the current implementation, giving unpredictable results.                                     
            Be careful with '--eval-mode=all'. If using camera optimization, the cameras    nerfstudio_dataparser.py:216
           may diverge in the current implementation, giving unpredictable results.                                     
           use color only optimization with sigmoid activation                                         splatfacto.py:266
[19:06:36]  Be careful with '--eval-mode=all'. If using camera optimization, the cameras    nerfstudio_dataparser.py:216
           may diverge in the current implementation, giving unpredictable results.                                     
            Be careful with '--eval-mode=all'. If using camera optimization, the cameras    nerfstudio_dataparser.py:216
           may diverge in the current implementation, giving unpredictable results.                                     
           use color only optimization with sigmoid activation                                         splatfacto.py:266
[19:06:36]  Be careful with '--eval-mode=all'. If using camera optimization, the cameras    nerfstudio_dataparser.py:216
           may diverge in the current implementation, giving unpredictable results.                                     
            Be careful with '--eval-mode=all'. If using camera optimization, the cameras    nerfstudio_dataparser.py:216
           may diverge in the current implementation, giving unpredictable results.                                     
           use color only optimization with sigmoid activation                                         splatfacto.py:266
Loading latest checkpoint from load_dir
✅ Done loading checkpoint from 
outputs/ctrl_009_003_ratio3_sh0_dense_mid200/ratio3_sh0_dense/f1211/splatfacto/2026-08-20_190452/nerfstudio_models/step-
000001999.ckpt
0 Gaussians have NaN/Inf and 4 have low opacity, only export 598/602
Loading latest checkpoint from load_dir
✅ Done loading checkpoint from 
outputs/ctrl_009_003_ratio3_sh0_dense_mid200/ratio3_sh0_dense/f1212/splatfacto/2026-08-20_190452/nerfstudio_models/step-
000001999.ckpt
0 Gaussians have NaN/Inf and 1 have low opacity, only export 604/605
Loading latest checkpoint from load_dir
✅ Done loading checkpoint from 
outputs/ctrl_009_003_ratio3_sh0_dense_mid200/ratio3_sh0_dense/f1215/splatfacto/2026-08-20_190452/nerfstudio_models/step-
000001999.ckpt
0 Gaussians have NaN/Inf and 3 have low opacity, only export 611/614
[19:06:37]  Be careful with '--eval-mode=all'. If using camera optimization, the cameras    nerfstudio_dataparser.py:216
           may diverge in the current implementation, giving unpredictable results.                                     
            Be careful with '--eval-mode=all'. If using camera optimization, the cameras    nerfstudio_dataparser.py:216
           may diverge in the current implementation, giving unpredictable results.                                     
[19:06:38]  Be careful with '--eval-mode=all'. If using camera optimization, the cameras    nerfstudio_dataparser.py:216
           may diverge in the current implementation, giving unpredictable results.                                     
            Be careful with '--eval-mode=all'. If using camera optimization, the cameras    nerfstudio_dataparser.py:216
           may diverge in the current implementation, giving unpredictable results.                                     
[19:06:38] use color only optimization with sigmoid activation                                         splatfacto.py:266
           use color only optimization with sigmoid activation                                         splatfacto.py:266
[gpu1_w2] ratio3_sh0_dense__f1209 -> ok (109.1s)
[gpu1_w1] ratio3_sh0_dense__f1208 -> ok (110.9s)
[19:06:38]  Be careful with '--eval-mode=all'. If using camera optimization, the cameras    nerfstudio_dataparser.py:216
           may diverge in the current implementation, giving unpredictable results.                                     
            Be careful with '--eval-mode=all'. If using camera optimization, the cameras    nerfstudio_dataparser.py:216
           may diverge in the current implementation, giving unpredictable results.                                     
[19:06:38]  Be careful with '--eval-mode=all'. If using camera optimization, the cameras    nerfstudio_dataparser.py:216
           may diverge in the current implementation, giving unpredictable results.                                     
            Be careful with '--eval-mode=all'. If using camera optimization, the cameras    nerfstudio_dataparser.py:216
           may diverge in the current implementation, giving unpredictable results.                                     
Loading latest checkpoint from load_dir
Loading latest checkpoint from load_dir
✅ Done loading checkpoint from 
outputs/ctrl_009_003_ratio3_sh0_dense_mid200/ratio3_sh0_dense/f1210/splatfacto/2026-08-20_190452/nerfstudio_models/step-
000001999.ckpt
[19:06:39] use color only optimization with sigmoid activation                                         splatfacto.py:266
✅ Done loading checkpoint from 
outputs/ctrl_009_003_ratio3_sh0_dense_mid200/ratio3_sh0_dense/f1213/splatfacto/2026-08-20_190453/nerfstudio_models/step-
000001999.ckpt
0 Gaussians have NaN/Inf and 4 have low opacity, only export 621/625
[19:06:39] use color only optimization with sigmoid activation                                         splatfacto.py:266
[gpu0_w5] ratio3_sh0_dense__f1211 -> ok (109.3s)
[gpu0_w0] ratio3_sh0_dense__f1212 -> ok (108.4s)
[19:06:39]  Be careful with '--eval-mode=all'. If using camera optimization, the cameras    nerfstudio_dataparser.py:216
           may diverge in the current implementation, giving unpredictable results.                                     
            Be careful with '--eval-mode=all'. If using camera optimization, the cameras    nerfstudio_dataparser.py:216
           may diverge in the current implementation, giving unpredictable results.                                     
[19:06:39]  Be careful with '--eval-mode=all'. If using camera optimization, the cameras    nerfstudio_dataparser.py:216
           may diverge in the current implementation, giving unpredictable results.                                     
            Be careful with '--eval-mode=all'. If using camera optimization, the cameras    nerfstudio_dataparser.py:216
           may diverge in the current implementation, giving unpredictable results.                                     
           use color only optimization with sigmoid activation                                         splatfacto.py:266
           use color only optimization with sigmoid activation                                         splatfacto.py:266
[gpu1_w4] ratio3_sh0_dense__f1215 -> ok (107.5s)
[19:06:39]  Be careful with '--eval-mode=all'. If using camera optimization, the cameras    nerfstudio_dataparser.py:216
           may diverge in the current implementation, giving unpredictable results.                                     
            Be careful with '--eval-mode=all'. If using camera optimization, the cameras    nerfstudio_dataparser.py:216
           may diverge in the current implementation, giving unpredictable results.                                     
Loading latest checkpoint from load_dir
✅ Done loading checkpoint from 
outputs/ctrl_009_003_ratio3_sh0_dense_mid200/ratio3_sh0_dense/f1216/splatfacto/2026-08-20_190454/nerfstudio_models/step-
000001999.ckpt
0 Gaussians have NaN/Inf and 1 have low opacity, only export 676/677
[19:06:40] use color only optimization with sigmoid activation                                         splatfacto.py:266
Loading latest checkpoint from load_dir
✅ Done loading checkpoint from 
outputs/ctrl_009_003_ratio3_sh0_dense_mid200/ratio3_sh0_dense/f1218/splatfacto/2026-08-20_190453/nerfstudio_models/step-
000001999.ckpt
Loading latest checkpoint from load_dir
✅ Done loading checkpoint from 
outputs/ctrl_009_003_ratio3_sh0_dense_mid200/ratio3_sh0_dense/f1219/splatfacto/2026-08-20_190454/nerfstudio_models/step-
000001999.ckpt
0 Gaussians have NaN/Inf and 1 have low opacity, only export 633/634
Loading latest checkpoint from load_dir
✅ Done loading checkpoint from 
outputs/ctrl_009_003_ratio3_sh0_dense_mid200/ratio3_sh0_dense/f1217/splatfacto/2026-08-20_190454/nerfstudio_models/step-
000001999.ckpt
Loading latest checkpoint from load_dir
✅ Done loading checkpoint from 
outputs/ctrl_009_003_ratio3_sh0_dense_mid200/ratio3_sh0_dense/f1214/splatfacto/2026-08-20_190453/nerfstudio_models/step-
000001999.ckpt
0 Gaussians have NaN/Inf and 1 have low opacity, only export 568/569
[gpu0_w3] ratio3_sh0_dense__f1213 -> ok (109.6s)
[gpu1_w0] ratio3_sh0_dense__f1210 -> ok (111.1s)
[gpu0_w1] ratio3_sh0_dense__f1216 -> ok (109.6s)
[gpu0_w4] ratio3_sh0_dense__f1219 -> ok (109.3s)
[gpu1_w3] ratio3_sh0_dense__f1218 -> ok (109.5s)
[gpu1_w5] ratio3_sh0_dense__f1217 -> ok (109.8s)
[gpu0_w2] ratio3_sh0_dense__f1214 -> ok (111.2s)
[19:08:33]  Be careful with '--eval-mode=all'. If using camera optimization, the cameras    nerfstudio_dataparser.py:216
           may diverge in the current implementation, giving unpredictable results.                                     
            Be careful with '--eval-mode=all'. If using camera optimization, the cameras    nerfstudio_dataparser.py:216
           may diverge in the current implementation, giving unpredictable results.                                     
           use color only optimization with sigmoid activation                                         splatfacto.py:266
[19:08:33]  Be careful with '--eval-mode=all'. If using camera optimization, the cameras    nerfstudio_dataparser.py:216
           may diverge in the current implementation, giving unpredictable results.                                     
            Be careful with '--eval-mode=all'. If using camera optimization, the cameras    nerfstudio_dataparser.py:216
           may diverge in the current implementation, giving unpredictable results.                                     
           use color only optimization with sigmoid activation                                         splatfacto.py:266
[19:08:34]  Be careful with '--eval-mode=all'. If using camera optimization, the cameras    nerfstudio_dataparser.py:216
           may diverge in the current implementation, giving unpredictable results.                                     
            Be careful with '--eval-mode=all'. If using camera optimization, the cameras    nerfstudio_dataparser.py:216
           may diverge in the current implementation, giving unpredictable results.                                     
[19:08:34]  Be careful with '--eval-mode=all'. If using camera optimization, the cameras    nerfstudio_dataparser.py:216
           may diverge in the current implementation, giving unpredictable results.                                     
            Be careful with '--eval-mode=all'. If using camera optimization, the cameras    nerfstudio_dataparser.py:216
           may diverge in the current implementation, giving unpredictable results.                                     
           use color only optimization with sigmoid activation                                         splatfacto.py:266
Loading latest checkpoint from load_dir
✅ Done loading checkpoint from 
outputs/ctrl_009_003_ratio3_sh0_dense_mid200/ratio3_sh0_dense/f1220/splatfacto/2026-08-20_190649/nerfstudio_models/step-
000001999.ckpt
0 Gaussians have NaN/Inf and 2 have low opacity, only export 650/652
           use color only optimization with sigmoid activation                                         splatfacto.py:266
Loading latest checkpoint from load_dir
✅ Done loading checkpoint from 
outputs/ctrl_009_003_ratio3_sh0_dense_mid200/ratio3_sh0_dense/f1221/splatfacto/2026-08-20_190649/nerfstudio_models/step-
000001999.ckpt
0 Gaussians have NaN/Inf and 1 have low opacity, only export 719/720
[19:08:35]  Be careful with '--eval-mode=all'. If using camera optimization, the cameras    nerfstudio_dataparser.py:216
           may diverge in the current implementation, giving unpredictable results.                                     
            Be careful with '--eval-mode=all'. If using camera optimization, the cameras    nerfstudio_dataparser.py:216
           may diverge in the current implementation, giving unpredictable results.                                     
[19:08:35]  Be careful with '--eval-mode=all'. If using camera optimization, the cameras    nerfstudio_dataparser.py:216
           may diverge in the current implementation, giving unpredictable results.                                     
            Be careful with '--eval-mode=all'. If using camera optimization, the cameras    nerfstudio_dataparser.py:216
           may diverge in the current implementation, giving unpredictable results.                                     
Loading latest checkpoint from load_dir
✅ Done loading checkpoint from 
outputs/ctrl_009_003_ratio3_sh0_dense_mid200/ratio3_sh0_dense/f1223/splatfacto/2026-08-20_190650/nerfstudio_models/step-
000001999.ckpt
           use color only optimization with sigmoid activation                                         splatfacto.py:266
0 Gaussians have NaN/Inf and 1 have low opacity, only export 706/707
           use color only optimization with sigmoid activation                                         splatfacto.py:266
Loading latest checkpoint from load_dir
✅ Done loading checkpoint from 
outputs/ctrl_009_003_ratio3_sh0_dense_mid200/ratio3_sh0_dense/f1226/splatfacto/2026-08-20_190650/nerfstudio_models/step-
000001999.ckpt
0 Gaussians have NaN/Inf and 1 have low opacity, only export 699/700
[19:08:35]  Be careful with '--eval-mode=all'. If using camera optimization, the cameras    nerfstudio_dataparser.py:216
           may diverge in the current implementation, giving unpredictable results.                                     
            Be careful with '--eval-mode=all'. If using camera optimization, the cameras    nerfstudio_dataparser.py:216
           may diverge in the current implementation, giving unpredictable results.                                     
           use color only optimization with sigmoid activation                                         splatfacto.py:266
Loading latest checkpoint from load_dir
Loading latest checkpoint from load_dir
✅ Done loading checkpoint from 
outputs/ctrl_009_003_ratio3_sh0_dense_mid200/ratio3_sh0_dense/f1227/splatfacto/2026-08-20_190650/nerfstudio_models/step-
000001999.ckpt
[19:08:36]  Be careful with '--eval-mode=all'. If using camera optimization, the cameras    nerfstudio_dataparser.py:216
           may diverge in the current implementation, giving unpredictable results.                                     
0 Gaussians have NaN/Inf and 1 have low opacity, only export 726/727
            Be careful with '--eval-mode=all'. If using camera optimization, the cameras    nerfstudio_dataparser.py:216
           may diverge in the current implementation, giving unpredictable results.                                     
✅ Done loading checkpoint from 
outputs/ctrl_009_003_ratio3_sh0_dense_mid200/ratio3_sh0_dense/f1222/splatfacto/2026-08-20_190650/nerfstudio_models/step-
000001999.ckpt
           use color only optimization with sigmoid activation                                         splatfacto.py:266
[gpu1_w2] ratio3_sh0_dense__f1220 -> ok (109.5s)
Loading latest checkpoint from load_dir
✅ Done loading checkpoint from 
outputs/ctrl_009_003_ratio3_sh0_dense_mid200/ratio3_sh0_dense/f1225/splatfacto/2026-08-20_190651/nerfstudio_models/step-
000001999.ckpt
[gpu1_w1] ratio3_sh0_dense__f1221 -> ok (109.7s)
[gpu0_w0] ratio3_sh0_dense__f1223 -> ok (109.2s)
Loading latest checkpoint from load_dir
✅ Done loading checkpoint from 
outputs/ctrl_009_003_ratio3_sh0_dense_mid200/ratio3_sh0_dense/f1224/splatfacto/2026-08-20_190651/nerfstudio_models/step-
000001999.ckpt
[19:08:37]  Be careful with '--eval-mode=all'. If using camera optimization, the cameras    nerfstudio_dataparser.py:216
           may diverge in the current implementation, giving unpredictable results.                                     
            Be careful with '--eval-mode=all'. If using camera optimization, the cameras    nerfstudio_dataparser.py:216
           may diverge in the current implementation, giving unpredictable results.                                     
[gpu1_w0] ratio3_sh0_dense__f1226 -> ok (107.8s)
           use color only optimization with sigmoid activation                                         splatfacto.py:266
[19:08:37]  Be careful with '--eval-mode=all'. If using camera optimization, the cameras    nerfstudio_dataparser.py:216
           may diverge in the current implementation, giving unpredictable results.                                     
            Be careful with '--eval-mode=all'. If using camera optimization, the cameras    nerfstudio_dataparser.py:216
           may diverge in the current implementation, giving unpredictable results.                                     
[19:08:37]  Be careful with '--eval-mode=all'. If using camera optimization, the cameras    nerfstudio_dataparser.py:216
           may diverge in the current implementation, giving unpredictable results.                                     
            Be careful with '--eval-mode=all'. If using camera optimization, the cameras    nerfstudio_dataparser.py:216
           may diverge in the current implementation, giving unpredictable results.                                     
           use color only optimization with sigmoid activation                                         splatfacto.py:266
[gpu0_w1] ratio3_sh0_dense__f1227 -> ok (107.4s)
[19:08:38] use color only optimization with sigmoid activation                                         splatfacto.py:266
[gpu0_w5] ratio3_sh0_dense__f1222 -> ok (110.1s)
Loading latest checkpoint from load_dir
✅ Done loading checkpoint from 
outputs/ctrl_009_003_ratio3_sh0_dense_mid200/ratio3_sh0_dense/f1230/splatfacto/2026-08-20_190652/nerfstudio_models/step-
000001999.ckpt
0 Gaussians have NaN/Inf and 2 have low opacity, only export 839/841
[gpu0_w3] ratio3_sh0_dense__f1225 -> ok (108.8s)
Loading latest checkpoint from load_dir
✅ Done loading checkpoint from 
outputs/ctrl_009_003_ratio3_sh0_dense_mid200/ratio3_sh0_dense/f1229/splatfacto/2026-08-20_190652/nerfstudio_models/step-
000001999.ckpt
0 Gaussians have NaN/Inf and 2 have low opacity, only export 760/762
Loading latest checkpoint from load_dir
✅ Done loading checkpoint from 
outputs/ctrl_009_003_ratio3_sh0_dense_mid200/ratio3_sh0_dense/f1228/splatfacto/2026-08-20_190652/nerfstudio_models/step-
000001999.ckpt
0 Gaussians have NaN/Inf and 1 have low opacity, only export 688/689
[gpu1_w4] ratio3_sh0_dense__f1224 -> ok (110.8s)
[19:08:39]  Be careful with '--eval-mode=all'. If using camera optimization, the cameras    nerfstudio_dataparser.py:216
           may diverge in the current implementation, giving unpredictable results.                                     
            Be careful with '--eval-mode=all'. If using camera optimization, the cameras    nerfstudio_dataparser.py:216
           may diverge in the current implementation, giving unpredictable results.                                     
           use color only optimization with sigmoid activation                                         splatfacto.py:266
Loading latest checkpoint from load_dir
✅ Done loading checkpoint from 
outputs/ctrl_009_003_ratio3_sh0_dense_mid200/ratio3_sh0_dense/f1231/splatfacto/2026-08-20_190653/nerfstudio_models/step-
000001999.ckpt
0 Gaussians have NaN/Inf and 4 have low opacity, only export 701/705
[gpu1_w5] ratio3_sh0_dense__f1230 -> ok (109.5s)
[gpu1_w3] ratio3_sh0_dense__f1229 -> ok (109.7s)
[gpu0_w4] ratio3_sh0_dense__f1228 -> ok (109.9s)
[gpu0_w2] ratio3_sh0_dense__f1231 -> ok (110.6s)
[19:10:27]  Be careful with '--eval-mode=all'. If using camera optimization, the cameras    nerfstudio_dataparser.py:216
           may diverge in the current implementation, giving unpredictable results.                                     
            Be careful with '--eval-mode=all'. If using camera optimization, the cameras    nerfstudio_dataparser.py:216
           may diverge in the current implementation, giving unpredictable results.                                     
[19:10:28] use color only optimization with sigmoid activation                                         splatfacto.py:266
[19:10:28]  Be careful with '--eval-mode=all'. If using camera optimization, the cameras    nerfstudio_dataparser.py:216
           may diverge in the current implementation, giving unpredictable results.                                     
            Be careful with '--eval-mode=all'. If using camera optimization, the cameras    nerfstudio_dataparser.py:216
           may diverge in the current implementation, giving unpredictable results.                                     
Loading latest checkpoint from load_dir
✅ Done loading checkpoint from 
outputs/ctrl_009_003_ratio3_sh0_dense_mid200/ratio3_sh0_dense/f1233/splatfacto/2026-08-20_190845/nerfstudio_models/step-
000001999.ckpt
[19:10:29]  Be careful with '--eval-mode=all'. If using camera optimization, the cameras    nerfstudio_dataparser.py:216
           may diverge in the current implementation, giving unpredictable results.                                     
0 Gaussians have NaN/Inf and 1 have low opacity, only export 686/687
            Be careful with '--eval-mode=all'. If using camera optimization, the cameras    nerfstudio_dataparser.py:216
           may diverge in the current implementation, giving unpredictable results.                                     
[19:10:29] use color only optimization with sigmoid activation                                         splatfacto.py:266
           use color only optimization with sigmoid activation                                         splatfacto.py:266
[19:10:29]  Be careful with '--eval-mode=all'. If using camera optimization, the cameras    nerfstudio_dataparser.py:216
           may diverge in the current implementation, giving unpredictable results.                                     
            Be careful with '--eval-mode=all'. If using camera optimization, the cameras    nerfstudio_dataparser.py:216
           may diverge in the current implementation, giving unpredictable results.                                     
           use color only optimization with sigmoid activation                                         splatfacto.py:266
[19:10:29]  Be careful with '--eval-mode=all'. If using camera optimization, the cameras    nerfstudio_dataparser.py:216
           may diverge in the current implementation, giving unpredictable results.                                     
            Be careful with '--eval-mode=all'. If using camera optimization, the cameras    nerfstudio_dataparser.py:216
           may diverge in the current implementation, giving unpredictable results.                                     
Loading latest checkpoint from load_dir
✅ Done loading checkpoint from 
outputs/ctrl_009_003_ratio3_sh0_dense_mid200/ratio3_sh0_dense/f1232/splatfacto/2026-08-20_190845/nerfstudio_models/step-
000001999.ckpt
[19:10:30] use color only optimization with sigmoid activation                                         splatfacto.py:266
Loading latest checkpoint from load_dir
0 Gaussians have NaN/Inf and 3 have low opacity, only export 680/683
✅ Done loading checkpoint from 
outputs/ctrl_009_003_ratio3_sh0_dense_mid200/ratio3_sh0_dense/f1234/splatfacto/2026-08-20_190846/nerfstudio_models/step-
000001999.ckpt
0 Gaussians have NaN/Inf and 1 have low opacity, only export 714/715
[19:10:30]  Be careful with '--eval-mode=all'. If using camera optimization, the cameras    nerfstudio_dataparser.py:216
           may diverge in the current implementation, giving unpredictable results.                                     
            Be careful with '--eval-mode=all'. If using camera optimization, the cameras    nerfstudio_dataparser.py:216
           may diverge in the current implementation, giving unpredictable results.                                     
Loading latest checkpoint from load_dir
✅ Done loading checkpoint from 
outputs/ctrl_009_003_ratio3_sh0_dense_mid200/ratio3_sh0_dense/f1235/splatfacto/2026-08-20_190846/nerfstudio_models/step-
000001999.ckpt
0 Gaussians have NaN/Inf and 2 have low opacity, only export 773/775
           use color only optimization with sigmoid activation                                         splatfacto.py:266
Loading latest checkpoint from load_dir
✅ Done loading checkpoint from 
outputs/ctrl_009_003_ratio3_sh0_dense_mid200/ratio3_sh0_dense/f1236/splatfacto/2026-08-20_190846/nerfstudio_models/step-
000001999.ckpt
0 Gaussians have NaN/Inf and 1 have low opacity, only export 701/702
[gpu1_w1] ratio3_sh0_dense__f1233 -> ok (107.5s)
Loading latest checkpoint from load_dir
[19:10:31]  Be careful with '--eval-mode=all'. If using camera optimization, the cameras    nerfstudio_dataparser.py:216
           may diverge in the current implementation, giving unpredictable results.                                     
            Be careful with '--eval-mode=all'. If using camera optimization, the cameras    nerfstudio_dataparser.py:216
           may diverge in the current implementation, giving unpredictable results.                                     
✅ Done loading checkpoint from 
outputs/ctrl_009_003_ratio3_sh0_dense_mid200/ratio3_sh0_dense/f1237/splatfacto/2026-08-20_190846/nerfstudio_models/step-
000001999.ckpt
0 Gaussians have NaN/Inf and 1 have low opacity, only export 825/826
[19:10:31]  Be careful with '--eval-mode=all'. If using camera optimization, the cameras    nerfstudio_dataparser.py:216
           may diverge in the current implementation, giving unpredictable results.                                     
            Be careful with '--eval-mode=all'. If using camera optimization, the cameras    nerfstudio_dataparser.py:216
           may diverge in the current implementation, giving unpredictable results.                                     
           use color only optimization with sigmoid activation                                         splatfacto.py:266
           use color only optimization with sigmoid activation                                         splatfacto.py:266
[19:10:31]  Be careful with '--eval-mode=all'. If using camera optimization, the cameras    nerfstudio_dataparser.py:216
           may diverge in the current implementation, giving unpredictable results.                                     
            Be careful with '--eval-mode=all'. If using camera optimization, the cameras    nerfstudio_dataparser.py:216
           may diverge in the current implementation, giving unpredictable results.                                     
[19:10:31]  Be careful with '--eval-mode=all'. If using camera optimization, the cameras    nerfstudio_dataparser.py:216
           may diverge in the current implementation, giving unpredictable results.                                     
            Be careful with '--eval-mode=all'. If using camera optimization, the cameras    nerfstudio_dataparser.py:216
           may diverge in the current implementation, giving unpredictable results.                                     
           use color only optimization with sigmoid activation                                         splatfacto.py:266
           use color only optimization with sigmoid activation                                         splatfacto.py:266
[gpu1_w2] ratio3_sh0_dense__f1232 -> ok (108.9s)
[gpu0_w0] ratio3_sh0_dense__f1234 -> ok (108.2s)
[19:10:32]  Be careful with '--eval-mode=all'. If using camera optimization, the cameras    nerfstudio_dataparser.py:216
           may diverge in the current implementation, giving unpredictable results.                                     
            Be careful with '--eval-mode=all'. If using camera optimization, the cameras    nerfstudio_dataparser.py:216
           may diverge in the current implementation, giving unpredictable results.                                     
           use color only optimization with sigmoid activation                                         splatfacto.py:266
Loading latest checkpoint from load_dir
✅ Done loading checkpoint from 
outputs/ctrl_009_003_ratio3_sh0_dense_mid200/ratio3_sh0_dense/f1242/splatfacto/2026-08-20_190848/nerfstudio_models/step-
000001999.ckpt
[gpu1_w0] ratio3_sh0_dense__f1235 -> ok (108.3s)
0 Gaussians have NaN/Inf and 4 have low opacity, only export 722/726
Loading latest checkpoint from load_dir
✅ Done loading checkpoint from 
outputs/ctrl_009_003_ratio3_sh0_dense_mid200/ratio3_sh0_dense/f1239/splatfacto/2026-08-20_190847/nerfstudio_models/step-
000001999.ckpt
Loading latest checkpoint from load_dir
✅ Done loading checkpoint from 
outputs/ctrl_009_003_ratio3_sh0_dense_mid200/ratio3_sh0_dense/f1238/splatfacto/2026-08-20_190847/nerfstudio_models/step-
000001999.ckpt
0 Gaussians have NaN/Inf and 3 have low opacity, only export 778/781
[gpu0_w1] ratio3_sh0_dense__f1236 -> ok (108.2s)
Loading latest checkpoint from load_dir
✅ Done loading checkpoint from 
outputs/ctrl_009_003_ratio3_sh0_dense_mid200/ratio3_sh0_dense/f1240/splatfacto/2026-08-20_190848/nerfstudio_models/step-
000001999.ckpt
Loading latest checkpoint from load_dir
✅ Done loading checkpoint from 
outputs/ctrl_009_003_ratio3_sh0_dense_mid200/ratio3_sh0_dense/f1241/splatfacto/2026-08-20_190849/nerfstudio_models/step-
000001999.ckpt
0 Gaussians have NaN/Inf and 1 have low opacity, only export 775/776
[gpu0_w5] ratio3_sh0_dense__f1237 -> ok (108.7s)
[19:10:33]  Be careful with '--eval-mode=all'. If using camera optimization, the cameras    nerfstudio_dataparser.py:216
           may diverge in the current implementation, giving unpredictable results.                                     
            Be careful with '--eval-mode=all'. If using camera optimization, the cameras    nerfstudio_dataparser.py:216
           may diverge in the current implementation, giving unpredictable results.                                     
[19:10:34] use color only optimization with sigmoid activation                                         splatfacto.py:266
[gpu0_w4] ratio3_sh0_dense__f1242 -> ok (107.2s)
[gpu1_w4] ratio3_sh0_dense__f1239 -> ok (108.7s)
[gpu0_w3] ratio3_sh0_dense__f1238 -> ok (109.5s)
[gpu1_w5] ratio3_sh0_dense__f1240 -> ok (107.6s)
Loading latest checkpoint from load_dir
✅ Done loading checkpoint from 
outputs/ctrl_009_003_ratio3_sh0_dense_mid200/ratio3_sh0_dense/f1243/splatfacto/2026-08-20_190850/nerfstudio_models/step-
000001999.ckpt
0 Gaussians have NaN/Inf and 3 have low opacity, only export 830/833
[gpu1_w3] ratio3_sh0_dense__f1241 -> ok (107.9s)
[gpu0_w2] ratio3_sh0_dense__f1243 -> ok (107.9s)
[19:12:21]  Be careful with '--eval-mode=all'. If using camera optimization, the cameras    nerfstudio_dataparser.py:216
           may diverge in the current implementation, giving unpredictable results.                                     
            Be careful with '--eval-mode=all'. If using camera optimization, the cameras    nerfstudio_dataparser.py:216
           may diverge in the current implementation, giving unpredictable results.                                     
[19:12:22] use color only optimization with sigmoid activation                                         splatfacto.py:266
Loading latest checkpoint from load_dir
✅ Done loading checkpoint from 
outputs/ctrl_009_003_ratio3_sh0_dense_mid200/ratio3_sh0_dense/f1244/splatfacto/2026-08-20_191039/nerfstudio_models/step-
000001999.ckpt
0 Gaussians have NaN/Inf and 1 have low opacity, only export 790/791
[gpu1_w1] ratio3_sh0_dense__f1244 -> ok (107.5s)
[19:12:25]  Be careful with '--eval-mode=all'. If using camera optimization, the cameras    nerfstudio_dataparser.py:216
           may diverge in the current implementation, giving unpredictable results.                                     
[19:12:25]  Be careful with '--eval-mode=all'. If using camera optimization, the cameras    nerfstudio_dataparser.py:216
           may diverge in the current implementation, giving unpredictable results.                                     
            Be careful with '--eval-mode=all'. If using camera optimization, the cameras    nerfstudio_dataparser.py:216
           may diverge in the current implementation, giving unpredictable results.                                     
            Be careful with '--eval-mode=all'. If using camera optimization, the cameras    nerfstudio_dataparser.py:216
           may diverge in the current implementation, giving unpredictable results.                                     
           use color only optimization with sigmoid activation                                         splatfacto.py:266
           use color only optimization with sigmoid activation                                         splatfacto.py:266
[19:12:25]  Be careful with '--eval-mode=all'. If using camera optimization, the cameras    nerfstudio_dataparser.py:216
           may diverge in the current implementation, giving unpredictable results.                                     
            Be careful with '--eval-mode=all'. If using camera optimization, the cameras    nerfstudio_dataparser.py:216
           may diverge in the current implementation, giving unpredictable results.                                     
[19:12:25]  Be careful with '--eval-mode=all'. If using camera optimization, the cameras    nerfstudio_dataparser.py:216
           may diverge in the current implementation, giving unpredictable results.                                     
            Be careful with '--eval-mode=all'. If using camera optimization, the cameras    nerfstudio_dataparser.py:216
           may diverge in the current implementation, giving unpredictable results.                                     
[19:12:25]  Be careful with '--eval-mode=all'. If using camera optimization, the cameras    nerfstudio_dataparser.py:216
           may diverge in the current implementation, giving unpredictable results.                                     
            Be careful with '--eval-mode=all'. If using camera optimization, the cameras    nerfstudio_dataparser.py:216
           may diverge in the current implementation, giving unpredictable results.                                     
           use color only optimization with sigmoid activation                                         splatfacto.py:266
           use color only optimization with sigmoid activation                                         splatfacto.py:266
[19:12:25]  Be careful with '--eval-mode=all'. If using camera optimization, the cameras    nerfstudio_dataparser.py:216
           may diverge in the current implementation, giving unpredictable results.                                     
            Be careful with '--eval-mode=all'. If using camera optimization, the cameras    nerfstudio_dataparser.py:216
           may diverge in the current implementation, giving unpredictable results.                                     
[19:12:25]  Be careful with '--eval-mode=all'. If using camera optimization, the cameras    nerfstudio_dataparser.py:216
           may diverge in the current implementation, giving unpredictable results.                                     
            Be careful with '--eval-mode=all'. If using camera optimization, the cameras    nerfstudio_dataparser.py:216
           may diverge in the current implementation, giving unpredictable results.                                     
           use color only optimization with sigmoid activation                                         splatfacto.py:266
[19:12:26]  Be careful with '--eval-mode=all'. If using camera optimization, the cameras    nerfstudio_dataparser.py:216
           may diverge in the current implementation, giving unpredictable results.                                     
            Be careful with '--eval-mode=all'. If using camera optimization, the cameras    nerfstudio_dataparser.py:216
           may diverge in the current implementation, giving unpredictable results.                                     
[19:12:26] use color only optimization with sigmoid activation                                         splatfacto.py:266
[19:12:26] use color only optimization with sigmoid activation                                         splatfacto.py:266
Loading latest checkpoint from load_dir
✅ Done loading checkpoint from 
outputs/ctrl_009_003_ratio3_sh0_dense_mid200/ratio3_sh0_dense/f1245/splatfacto/2026-08-20_191040/nerfstudio_models/step-
000001999.ckpt
0 Gaussians have NaN/Inf and 1 have low opacity, only export 741/742
           use color only optimization with sigmoid activation                                         splatfacto.py:266
Loading latest checkpoint from load_dir
✅ Done loading checkpoint from 
outputs/ctrl_009_003_ratio3_sh0_dense_mid200/ratio3_sh0_dense/f1247/splatfacto/2026-08-20_191041/nerfstudio_models/step-
000001999.ckpt
0 Gaussians have NaN/Inf and 1 have low opacity, only export 753/754
Loading latest checkpoint from load_dir
Loading latest checkpoint from load_dir
✅ Done loading checkpoint from 
outputs/ctrl_009_003_ratio3_sh0_dense_mid200/ratio3_sh0_dense/f1250/splatfacto/2026-08-20_191041/nerfstudio_models/step-
000001999.ckpt
✅ Done loading checkpoint from 
outputs/ctrl_009_003_ratio3_sh0_dense_mid200/ratio3_sh0_dense/f1249/splatfacto/2026-08-20_191041/nerfstudio_models/step-
000001999.ckpt
0 Gaussians have NaN/Inf and 3 have low opacity, only export 780/783
Loading latest checkpoint from load_dir
✅ Done loading checkpoint from 
outputs/ctrl_009_003_ratio3_sh0_dense_mid200/ratio3_sh0_dense/f1248/splatfacto/2026-08-20_191041/nerfstudio_models/step-
000001999.ckpt
0 Gaussians have NaN/Inf and 1 have low opacity, only export 800/801
[19:12:26]  Be careful with '--eval-mode=all'. If using camera optimization, the cameras    nerfstudio_dataparser.py:216
           may diverge in the current implementation, giving unpredictable results.                                     
            Be careful with '--eval-mode=all'. If using camera optimization, the cameras    nerfstudio_dataparser.py:216
           may diverge in the current implementation, giving unpredictable results.                                     
Loading latest checkpoint from load_dir
[19:12:27]  Be careful with '--eval-mode=all'. If using camera optimization, the cameras    nerfstudio_dataparser.py:216
           may diverge in the current implementation, giving unpredictable results.                                     
            Be careful with '--eval-mode=all'. If using camera optimization, the cameras    nerfstudio_dataparser.py:216
           may diverge in the current implementation, giving unpredictable results.                                     
✅ Done loading checkpoint from 
outputs/ctrl_009_003_ratio3_sh0_dense_mid200/ratio3_sh0_dense/f1246/splatfacto/2026-08-20_191040/nerfstudio_models/step-
000001999.ckpt
0 Gaussians have NaN/Inf and 1 have low opacity, only export 724/725
[19:12:27] use color only optimization with sigmoid activation                                         splatfacto.py:266
Loading latest checkpoint from load_dir
✅ Done loading checkpoint from 
outputs/ctrl_009_003_ratio3_sh0_dense_mid200/ratio3_sh0_dense/f1254/splatfacto/2026-08-20_191041/nerfstudio_models/step-
000001999.ckpt
0 Gaussians have NaN/Inf and 4 have low opacity, only export 739/743
           use color only optimization with sigmoid activation                                         splatfacto.py:266
Loading latest checkpoint from load_dir
✅ Done loading checkpoint from 
outputs/ctrl_009_003_ratio3_sh0_dense_mid200/ratio3_sh0_dense/f1253/splatfacto/2026-08-20_191042/nerfstudio_models/step-
000001999.ckpt
0 Gaussians have NaN/Inf and 2 have low opacity, only export 796/798
Loading latest checkpoint from load_dir
✅ Done loading checkpoint from 
outputs/ctrl_009_003_ratio3_sh0_dense_mid200/ratio3_sh0_dense/f1252/splatfacto/2026-08-20_191043/nerfstudio_models/step-
000001999.ckpt
Loading latest checkpoint from load_dir
0 Gaussians have NaN/Inf and 3 have low opacity, only export 762/765
✅ Done loading checkpoint from 
outputs/ctrl_009_003_ratio3_sh0_dense_mid200/ratio3_sh0_dense/f1251/splatfacto/2026-08-20_191043/nerfstudio_models/step-
000001999.ckpt
0 Gaussians have NaN/Inf and 1 have low opacity, only export 761/762
[19:12:30]  Be careful with '--eval-mode=all'. If using camera optimization, the cameras    nerfstudio_dataparser.py:216
           may diverge in the current implementation, giving unpredictable results.                                     
            Be careful with '--eval-mode=all'. If using camera optimization, the cameras    nerfstudio_dataparser.py:216
           may diverge in the current implementation, giving unpredictable results.                                     
           use color only optimization with sigmoid activation                                         splatfacto.py:266
[gpu1_w2] ratio3_sh0_dense__f1245 -> ok (110.2s)
[gpu1_w0] ratio3_sh0_dense__f1247 -> ok (110.1s)
[gpu0_w4] ratio3_sh0_dense__f1250 -> ok (108.2s)
[gpu0_w5] ratio3_sh0_dense__f1249 -> ok (109.3s)
[gpu0_w1] ratio3_sh0_dense__f1248 -> ok (109.9s)
Loading latest checkpoint from load_dir
✅ Done loading checkpoint from 
outputs/ctrl_009_003_ratio3_sh0_dense_mid200/ratio3_sh0_dense/f1255/splatfacto/2026-08-20_191047/nerfstudio_models/step-
000001999.ckpt
0 Gaussians have NaN/Inf and 1 have low opacity, only export 710/711
[gpu1_w3] ratio3_sh0_dense__f1254 -> ok (107.8s)
[gpu0_w0] ratio3_sh0_dense__f1246 -> ok (110.9s)
[gpu1_w5] ratio3_sh0_dense__f1253 -> ok (108.6s)
[gpu0_w3] ratio3_sh0_dense__f1252 -> ok (109.1s)
[gpu1_w4] ratio3_sh0_dense__f1251 -> ok (109.2s)
[gpu0_w2] ratio3_sh0_dense__f1255 -> ok (107.8s)
[19:14:18]  Be careful with '--eval-mode=all'. If using camera optimization, the cameras    nerfstudio_dataparser.py:216
           may diverge in the current implementation, giving unpredictable results.                                     
            Be careful with '--eval-mode=all'. If using camera optimization, the cameras    nerfstudio_dataparser.py:216
           may diverge in the current implementation, giving unpredictable results.                                     
           use color only optimization with sigmoid activation                                         splatfacto.py:266
Loading latest checkpoint from load_dir
✅ Done loading checkpoint from 
outputs/ctrl_009_003_ratio3_sh0_dense_mid200/ratio3_sh0_dense/f1256/splatfacto/2026-08-20_191236/nerfstudio_models/step-
000001999.ckpt
0 Gaussians have NaN/Inf and 2 have low opacity, only export 757/759
[gpu1_w1] ratio3_sh0_dense__f1256 -> ok (108.1s)
[19:14:22]  Be careful with '--eval-mode=all'. If using camera optimization, the cameras    nerfstudio_dataparser.py:216
           may diverge in the current implementation, giving unpredictable results.                                     
            Be careful with '--eval-mode=all'. If using camera optimization, the cameras    nerfstudio_dataparser.py:216
           may diverge in the current implementation, giving unpredictable results.                                     
           use color only optimization with sigmoid activation                                         splatfacto.py:266
[19:14:22]  Be careful with '--eval-mode=all'. If using camera optimization, the cameras    nerfstudio_dataparser.py:216
           may diverge in the current implementation, giving unpredictable results.                                     
            Be careful with '--eval-mode=all'. If using camera optimization, the cameras    nerfstudio_dataparser.py:216
           may diverge in the current implementation, giving unpredictable results.                                     
           use color only optimization with sigmoid activation                                         splatfacto.py:266
[19:14:22]  Be careful with '--eval-mode=all'. If using camera optimization, the cameras    nerfstudio_dataparser.py:216
           may diverge in the current implementation, giving unpredictable results.                                     
            Be careful with '--eval-mode=all'. If using camera optimization, the cameras    nerfstudio_dataparser.py:216
           may diverge in the current implementation, giving unpredictable results.                                     
           use color only optimization with sigmoid activation                                         splatfacto.py:266
[19:14:22]  Be careful with '--eval-mode=all'. If using camera optimization, the cameras    nerfstudio_dataparser.py:216
           may diverge in the current implementation, giving unpredictable results.                                     
            Be careful with '--eval-mode=all'. If using camera optimization, the cameras    nerfstudio_dataparser.py:216
           may diverge in the current implementation, giving unpredictable results.                                     
Loading latest checkpoint from load_dir
✅ Done loading checkpoint from 
outputs/ctrl_009_003_ratio3_sh0_dense_mid200/ratio3_sh0_dense/f1260/splatfacto/2026-08-20_191237/nerfstudio_models/step-
000001999.ckpt
[19:14:22]  Be careful with '--eval-mode=all'. If using camera optimization, the cameras    nerfstudio_dataparser.py:216
           may diverge in the current implementation, giving unpredictable results.                                     
            Be careful with '--eval-mode=all'. If using camera optimization, the cameras    nerfstudio_dataparser.py:216
           may diverge in the current implementation, giving unpredictable results.                                     
[19:14:23] use color only optimization with sigmoid activation                                         splatfacto.py:266
[19:14:23]  Be careful with '--eval-mode=all'. If using camera optimization, the cameras    nerfstudio_dataparser.py:216
           may diverge in the current implementation, giving unpredictable results.                                     
            Be careful with '--eval-mode=all'. If using camera optimization, the cameras    nerfstudio_dataparser.py:216
           may diverge in the current implementation, giving unpredictable results.                                     
[19:14:23] use color only optimization with sigmoid activation                                         splatfacto.py:266
           use color only optimization with sigmoid activation                                         splatfacto.py:266
Loading latest checkpoint from load_dir
✅ Done loading checkpoint from 
outputs/ctrl_009_003_ratio3_sh0_dense_mid200/ratio3_sh0_dense/f1263/splatfacto/2026-08-20_191238/nerfstudio_models/step-
000001999.ckpt
0 Gaussians have NaN/Inf and 2 have low opacity, only export 706/708
Loading latest checkpoint from load_dir
✅ Done loading checkpoint from 
outputs/ctrl_009_003_ratio3_sh0_dense_mid200/ratio3_sh0_dense/f1261/splatfacto/2026-08-20_191239/nerfstudio_models/step-
000001999.ckpt
[19:14:23]  Be careful with '--eval-mode=all'. If using camera optimization, the cameras    nerfstudio_dataparser.py:216
           may diverge in the current implementation, giving unpredictable results.                                     
            Be careful with '--eval-mode=all'. If using camera optimization, the cameras    nerfstudio_dataparser.py:216
           may diverge in the current implementation, giving unpredictable results.                                     
           use color only optimization with sigmoid activation                                         splatfacto.py:266
Loading latest checkpoint from load_dir
✅ Done loading checkpoint from 
outputs/ctrl_009_003_ratio3_sh0_dense_mid200/ratio3_sh0_dense/f1262/splatfacto/2026-08-20_191239/nerfstudio_models/step-
000001999.ckpt
Loading latest checkpoint from load_dir
0 Gaussians have NaN/Inf and 1 have low opacity, only export 726/727
✅ Done loading checkpoint from 
outputs/ctrl_009_003_ratio3_sh0_dense_mid200/ratio3_sh0_dense/f1257/splatfacto/2026-08-20_191239/nerfstudio_models/step-
000001999.ckpt
[19:14:24]  Be careful with '--eval-mode=all'. If using camera optimization, the cameras    nerfstudio_dataparser.py:216
           may diverge in the current implementation, giving unpredictable results.                                     
            Be careful with '--eval-mode=all'. If using camera optimization, the cameras    nerfstudio_dataparser.py:216
           may diverge in the current implementation, giving unpredictable results.                                     
Loading latest checkpoint from load_dir
✅ Done loading checkpoint from 
outputs/ctrl_009_003_ratio3_sh0_dense_mid200/ratio3_sh0_dense/f1259/splatfacto/2026-08-20_191240/nerfstudio_models/step-
000001999.ckpt
0 Gaussians have NaN/Inf and 1 have low opacity, only export 749/750
           use color only optimization with sigmoid activation                                         splatfacto.py:266
[19:14:24]  Be careful with '--eval-mode=all'. If using camera optimization, the cameras    nerfstudio_dataparser.py:216
           may diverge in the current implementation, giving unpredictable results.                                     
            Be careful with '--eval-mode=all'. If using camera optimization, the cameras    nerfstudio_dataparser.py:216
           may diverge in the current implementation, giving unpredictable results.                                     
[19:14:24]  Be careful with '--eval-mode=all'. If using camera optimization, the cameras    nerfstudio_dataparser.py:216
           may diverge in the current implementation, giving unpredictable results.                                     
            Be careful with '--eval-mode=all'. If using camera optimization, the cameras    nerfstudio_dataparser.py:216
           may diverge in the current implementation, giving unpredictable results.                                     
           use color only optimization with sigmoid activation                                         splatfacto.py:266
           use color only optimization with sigmoid activation                                         splatfacto.py:266
[19:14:24]  Be careful with '--eval-mode=all'. If using camera optimization, the cameras    nerfstudio_dataparser.py:216
           may diverge in the current implementation, giving unpredictable results.                                     
            Be careful with '--eval-mode=all'. If using camera optimization, the cameras    nerfstudio_dataparser.py:216
           may diverge in the current implementation, giving unpredictable results.                                     
Loading latest checkpoint from load_dir
           use color only optimization with sigmoid activation                                         splatfacto.py:266
✅ Done loading checkpoint from 
outputs/ctrl_009_003_ratio3_sh0_dense_mid200/ratio3_sh0_dense/f1258/splatfacto/2026-08-20_191239/nerfstudio_models/step-
000001999.ckpt
0 Gaussians have NaN/Inf and 3 have low opacity, only export 763/766
[gpu0_w5] ratio3_sh0_dense__f1260 -> ok (107.2s)
Loading latest checkpoint from load_dir
Loading latest checkpoint from load_dir
✅ Done loading checkpoint from 
outputs/ctrl_009_003_ratio3_sh0_dense_mid200/ratio3_sh0_dense/f1264/splatfacto/2026-08-20_191240/nerfstudio_models/step-
000001999.ckpt
[gpu0_w0] ratio3_sh0_dense__f1263 -> ok (107.5s)
0 Gaussians have NaN/Inf and 1 have low opacity, only export 765/766
✅ Done loading checkpoint from 
outputs/ctrl_009_003_ratio3_sh0_dense_mid200/ratio3_sh0_dense/f1265/splatfacto/2026-08-20_191240/nerfstudio_models/step-
000001999.ckpt
0 Gaussians have NaN/Inf and 2 have low opacity, only export 678/680
Loading latest checkpoint from load_dir
✅ Done loading checkpoint from 
outputs/ctrl_009_003_ratio3_sh0_dense_mid200/ratio3_sh0_dense/f1266/splatfacto/2026-08-20_191240/nerfstudio_models/step-
000001999.ckpt
[gpu0_w1] ratio3_sh0_dense__f1261 -> ok (107.9s)
Loading latest checkpoint from load_dir
✅ Done loading checkpoint from 
outputs/ctrl_009_003_ratio3_sh0_dense_mid200/ratio3_sh0_dense/f1267/splatfacto/2026-08-20_191241/nerfstudio_models/step-
000001999.ckpt
0 Gaussians have NaN/Inf and 1 have low opacity, only export 642/643
[gpu1_w2] ratio3_sh0_dense__f1257 -> ok (109.0s)
[gpu1_w3] ratio3_sh0_dense__f1262 -> ok (108.3s)
[gpu0_w4] ratio3_sh0_dense__f1259 -> ok (108.5s)
[gpu1_w0] ratio3_sh0_dense__f1258 -> ok (109.1s)
[gpu0_w3] ratio3_sh0_dense__f1265 -> ok (108.7s)
[gpu1_w5] ratio3_sh0_dense__f1264 -> ok (109.1s)
[gpu0_w2] ratio3_sh0_dense__f1267 -> ok (107.8s)
[gpu1_w4] ratio3_sh0_dense__f1266 -> ok (108.8s)
[19:16:14]  Be careful with '--eval-mode=all'. If using camera optimization, the cameras    nerfstudio_dataparser.py:216
           may diverge in the current implementation, giving unpredictable results.                                     
            Be careful with '--eval-mode=all'. If using camera optimization, the cameras    nerfstudio_dataparser.py:216
           may diverge in the current implementation, giving unpredictable results.                                     
           use color only optimization with sigmoid activation                                         splatfacto.py:266
Loading latest checkpoint from load_dir
✅ Done loading checkpoint from 
outputs/ctrl_009_003_ratio3_sh0_dense_mid200/ratio3_sh0_dense/f1268/splatfacto/2026-08-20_191430/nerfstudio_models/step-
000001999.ckpt
[19:16:17]  Be careful with '--eval-mode=all'. If using camera optimization, the cameras    nerfstudio_dataparser.py:216
           may diverge in the current implementation, giving unpredictable results.                                     
            Be careful with '--eval-mode=all'. If using camera optimization, the cameras    nerfstudio_dataparser.py:216
           may diverge in the current implementation, giving unpredictable results.                                     
           use color only optimization with sigmoid activation                                         splatfacto.py:266
[19:16:17]  Be careful with '--eval-mode=all'. If using camera optimization, the cameras    nerfstudio_dataparser.py:216
           may diverge in the current implementation, giving unpredictable results.                                     
            Be careful with '--eval-mode=all'. If using camera optimization, the cameras    nerfstudio_dataparser.py:216
           may diverge in the current implementation, giving unpredictable results.                                     
[gpu1_w1] ratio3_sh0_dense__f1268 -> ok (109.9s)
           use color only optimization with sigmoid activation                                         splatfacto.py:266
Loading latest checkpoint from load_dir
✅ Done loading checkpoint from 
outputs/ctrl_009_003_ratio3_sh0_dense_mid200/ratio3_sh0_dense/f1275/splatfacto/2026-08-20_191433/nerfstudio_models/step-
000001999.ckpt
0 Gaussians have NaN/Inf and 1 have low opacity, only export 754/755
[19:16:18]  Be careful with '--eval-mode=all'. If using camera optimization, the cameras    nerfstudio_dataparser.py:216
           may diverge in the current implementation, giving unpredictable results.                                     
            Be careful with '--eval-mode=all'. If using camera optimization, the cameras    nerfstudio_dataparser.py:216
           may diverge in the current implementation, giving unpredictable results.                                     
           use color only optimization with sigmoid activation                                         splatfacto.py:266
Loading latest checkpoint from load_dir
✅ Done loading checkpoint from 
outputs/ctrl_009_003_ratio3_sh0_dense_mid200/ratio3_sh0_dense/f1270/splatfacto/2026-08-20_191433/nerfstudio_models/step-
000001999.ckpt
[19:16:18]  Be careful with '--eval-mode=all'. If using camera optimization, the cameras    nerfstudio_dataparser.py:216
           may diverge in the current implementation, giving unpredictable results.                                     
0 Gaussians have NaN/Inf and 2 have low opacity, only export 715/717
            Be careful with '--eval-mode=all'. If using camera optimization, the cameras    nerfstudio_dataparser.py:216
           may diverge in the current implementation, giving unpredictable results.                                     
[19:16:18]  Be careful with '--eval-mode=all'. If using camera optimization, the cameras    nerfstudio_dataparser.py:216
           may diverge in the current implementation, giving unpredictable results.                                     
            Be careful with '--eval-mode=all'. If using camera optimization, the cameras    nerfstudio_dataparser.py:216
           may diverge in the current implementation, giving unpredictable results.                                     
           use color only optimization with sigmoid activation                                         splatfacto.py:266
[19:16:19]  Be careful with '--eval-mode=all'. If using camera optimization, the cameras    nerfstudio_dataparser.py:216
           may diverge in the current implementation, giving unpredictable results.                                     
            Be careful with '--eval-mode=all'. If using camera optimization, the cameras    nerfstudio_dataparser.py:216
           may diverge in the current implementation, giving unpredictable results.                                     
[19:16:19] use color only optimization with sigmoid activation                                         splatfacto.py:266
[19:16:19]  Be careful with '--eval-mode=all'. If using camera optimization, the cameras    nerfstudio_dataparser.py:216
           may diverge in the current implementation, giving unpredictable results.                                     
            Be careful with '--eval-mode=all'. If using camera optimization, the cameras    nerfstudio_dataparser.py:216
           may diverge in the current implementation, giving unpredictable results.                                     
[19:16:19]  Be careful with '--eval-mode=all'. If using camera optimization, the cameras    nerfstudio_dataparser.py:216
           may diverge in the current implementation, giving unpredictable results.                                     
           use color only optimization with sigmoid activation                                         splatfacto.py:266
            Be careful with '--eval-mode=all'. If using camera optimization, the cameras    nerfstudio_dataparser.py:216
           may diverge in the current implementation, giving unpredictable results.                                     
Loading latest checkpoint from load_dir
✅ Done loading checkpoint from 
outputs/ctrl_009_003_ratio3_sh0_dense_mid200/ratio3_sh0_dense/f1271/splatfacto/2026-08-20_191434/nerfstudio_models/step-
000001999.ckpt
0 Gaussians have NaN/Inf and 3 have low opacity, only export 689/692
           use color only optimization with sigmoid activation                                         splatfacto.py:266
           use color only optimization with sigmoid activation                                         splatfacto.py:266
Loading latest checkpoint from load_dir
Loading latest checkpoint from load_dir
✅ Done loading checkpoint from 
outputs/ctrl_009_003_ratio3_sh0_dense_mid200/ratio3_sh0_dense/f1269/splatfacto/2026-08-20_191433/nerfstudio_models/step-
000001999.ckpt
✅ Done loading checkpoint from 
outputs/ctrl_009_003_ratio3_sh0_dense_mid200/ratio3_sh0_dense/f1274/splatfacto/2026-08-20_191434/nerfstudio_models/step-
000001999.ckpt
[19:16:20]  Be careful with '--eval-mode=all'. If using camera optimization, the cameras    nerfstudio_dataparser.py:216
           may diverge in the current implementation, giving unpredictable results.                                     
            Be careful with '--eval-mode=all'. If using camera optimization, the cameras    nerfstudio_dataparser.py:216
           may diverge in the current implementation, giving unpredictable results.                                     
Loading latest checkpoint from load_dir
✅ Done loading checkpoint from 
outputs/ctrl_009_003_ratio3_sh0_dense_mid200/ratio3_sh0_dense/f1279/splatfacto/2026-08-20_191435/nerfstudio_models/step-
000001999.ckpt
0 Gaussians have NaN/Inf and 1 have low opacity, only export 678/679
[gpu1_w0] ratio3_sh0_dense__f1275 -> ok (107.2s)
           use color only optimization with sigmoid activation                                         splatfacto.py:266
Loading latest checkpoint from load_dir
Loading latest checkpoint from load_dir
✅ Done loading checkpoint from 
outputs/ctrl_009_003_ratio3_sh0_dense_mid200/ratio3_sh0_dense/f1277/splatfacto/2026-08-20_191433/nerfstudio_models/step-
000001999.ckpt
0 Gaussians have NaN/Inf and 2 have low opacity, only export 683/685
✅ Done loading checkpoint from 
outputs/ctrl_009_003_ratio3_sh0_dense_mid200/ratio3_sh0_dense/f1273/splatfacto/2026-08-20_191434/nerfstudio_models/step-
000001999.ckpt
0 Gaussians have NaN/Inf and 2 have low opacity, only export 795/797
[19:16:20]  Be careful with '--eval-mode=all'. If using camera optimization, the cameras    nerfstudio_dataparser.py:216
           may diverge in the current implementation, giving unpredictable results.                                     
            Be careful with '--eval-mode=all'. If using camera optimization, the cameras    nerfstudio_dataparser.py:216
           may diverge in the current implementation, giving unpredictable results.                                     
           use color only optimization with sigmoid activation                                         splatfacto.py:266
[gpu0_w0] ratio3_sh0_dense__f1270 -> ok (109.0s)
Loading latest checkpoint from load_dir
✅ Done loading checkpoint from 
outputs/ctrl_009_003_ratio3_sh0_dense_mid200/ratio3_sh0_dense/f1276/splatfacto/2026-08-20_191435/nerfstudio_models/step-
000001999.ckpt
[19:16:21]  Be careful with '--eval-mode=all'. If using camera optimization, the cameras    nerfstudio_dataparser.py:216
           may diverge in the current implementation, giving unpredictable results.                                     
            Be careful with '--eval-mode=all'. If using camera optimization, the cameras    nerfstudio_dataparser.py:216
           may diverge in the current implementation, giving unpredictable results.                                     
0 Gaussians have NaN/Inf and 1 have low opacity, only export 705/706
           use color only optimization with sigmoid activation                                         splatfacto.py:266
[gpu0_w1] ratio3_sh0_dense__f1271 -> ok (109.4s)
Loading latest checkpoint from load_dir
✅ Done loading checkpoint from 
outputs/ctrl_009_003_ratio3_sh0_dense_mid200/ratio3_sh0_dense/f1272/splatfacto/2026-08-20_191434/nerfstudio_models/step-
000001999.ckpt
0 Gaussians have NaN/Inf and 1 have low opacity, only export 710/711
[gpu0_w5] ratio3_sh0_dense__f1269 -> ok (110.6s)
[gpu0_w4] ratio3_sh0_dense__f1274 -> ok (109.4s)
Loading latest checkpoint from load_dir
✅ Done loading checkpoint from 
outputs/ctrl_009_003_ratio3_sh0_dense_mid200/ratio3_sh0_dense/f1278/splatfacto/2026-08-20_191435/nerfstudio_models/step-
000001999.ckpt
0 Gaussians have NaN/Inf and 2 have low opacity, only export 697/699
[gpu1_w4] ratio3_sh0_dense__f1279 -> ok (108.3s)
[gpu1_w5] ratio3_sh0_dense__f1277 -> ok (108.6s)
[gpu1_w3] ratio3_sh0_dense__f1273 -> ok (109.9s)
[gpu0_w3] ratio3_sh0_dense__f1276 -> ok (109.2s)
[gpu1_w2] ratio3_sh0_dense__f1272 -> ok (110.9s)
[gpu0_w2] ratio3_sh0_dense__f1278 -> ok (110.0s)
[19:18:10]  Be careful with '--eval-mode=all'. If using camera optimization, the cameras    nerfstudio_dataparser.py:216
           may diverge in the current implementation, giving unpredictable results.                                     
            Be careful with '--eval-mode=all'. If using camera optimization, the cameras    nerfstudio_dataparser.py:216
           may diverge in the current implementation, giving unpredictable results.                                     
           use color only optimization with sigmoid activation                                         splatfacto.py:266
Loading latest checkpoint from load_dir
✅ Done loading checkpoint from 
outputs/ctrl_009_003_ratio3_sh0_dense_mid200/ratio3_sh0_dense/f1280/splatfacto/2026-08-20_191626/nerfstudio_models/step-
000001999.ckpt
0 Gaussians have NaN/Inf and 1 have low opacity, only export 663/664
[gpu1_w1] ratio3_sh0_dense__f1280 -> ok (109.4s)
[19:18:16]  Be careful with '--eval-mode=all'. If using camera optimization, the cameras    nerfstudio_dataparser.py:216
           may diverge in the current implementation, giving unpredictable results.                                     
            Be careful with '--eval-mode=all'. If using camera optimization, the cameras    nerfstudio_dataparser.py:216
           may diverge in the current implementation, giving unpredictable results.                                     
           use color only optimization with sigmoid activation                                         splatfacto.py:266
[19:18:16]  Be careful with '--eval-mode=all'. If using camera optimization, the cameras    nerfstudio_dataparser.py:216
           may diverge in the current implementation, giving unpredictable results.                                     
            Be careful with '--eval-mode=all'. If using camera optimization, the cameras    nerfstudio_dataparser.py:216
           may diverge in the current implementation, giving unpredictable results.                                     
[19:18:16]  Be careful with '--eval-mode=all'. If using camera optimization, the cameras    nerfstudio_dataparser.py:216
           may diverge in the current implementation, giving unpredictable results.                                     
            Be careful with '--eval-mode=all'. If using camera optimization, the cameras    nerfstudio_dataparser.py:216
           may diverge in the current implementation, giving unpredictable results.                                     
           use color only optimization with sigmoid activation                                         splatfacto.py:266
           use color only optimization with sigmoid activation                                         splatfacto.py:266
[19:18:17]  Be careful with '--eval-mode=all'. If using camera optimization, the cameras    nerfstudio_dataparser.py:216
           may diverge in the current implementation, giving unpredictable results.                                     
            Be careful with '--eval-mode=all'. If using camera optimization, the cameras    nerfstudio_dataparser.py:216
           may diverge in the current implementation, giving unpredictable results.                                     
[19:18:17]  Be careful with '--eval-mode=all'. If using camera optimization, the cameras    nerfstudio_dataparser.py:216
           may diverge in the current implementation, giving unpredictable results.                                     
            Be careful with '--eval-mode=all'. If using camera optimization, the cameras    nerfstudio_dataparser.py:216
           may diverge in the current implementation, giving unpredictable results.                                     
[19:18:17]  Be careful with '--eval-mode=all'. If using camera optimization, the cameras    nerfstudio_dataparser.py:216
           may diverge in the current implementation, giving unpredictable results.                                     
            Be careful with '--eval-mode=all'. If using camera optimization, the cameras    nerfstudio_dataparser.py:216
           may diverge in the current implementation, giving unpredictable results.                                     
           use color only optimization with sigmoid activation                                         splatfacto.py:266
[19:18:17]  Be careful with '--eval-mode=all'. If using camera optimization, the cameras    nerfstudio_dataparser.py:216
           may diverge in the current implementation, giving unpredictable results.                                     
Loading latest checkpoint from load_dir
            Be careful with '--eval-mode=all'. If using camera optimization, the cameras    nerfstudio_dataparser.py:216
           may diverge in the current implementation, giving unpredictable results.                                     
✅ Done loading checkpoint from 
outputs/ctrl_009_003_ratio3_sh0_dense_mid200/ratio3_sh0_dense/f1282/splatfacto/2026-08-20_191631/nerfstudio_models/step-
000001999.ckpt
0 Gaussians have NaN/Inf and 1 have low opacity, only export 646/647
Loading latest checkpoint from load_dir
           use color only optimization with sigmoid activation                                         splatfacto.py:266
✅ Done loading checkpoint from 
outputs/ctrl_009_003_ratio3_sh0_dense_mid200/ratio3_sh0_dense/f1285/splatfacto/2026-08-20_191632/nerfstudio_models/step-
000001999.ckpt
           use color only optimization with sigmoid activation                                         splatfacto.py:266
           use color only optimization with sigmoid activation                                         splatfacto.py:266
Loading latest checkpoint from load_dir
✅ Done loading checkpoint from 
outputs/ctrl_009_003_ratio3_sh0_dense_mid200/ratio3_sh0_dense/f1287/splatfacto/2026-08-20_191631/nerfstudio_models/step-
000001999.ckpt
[19:18:17]  Be careful with '--eval-mode=all'. If using camera optimization, the cameras    nerfstudio_dataparser.py:216
           may diverge in the current implementation, giving unpredictable results.                                     
            Be careful with '--eval-mode=all'. If using camera optimization, the cameras    nerfstudio_dataparser.py:216
           may diverge in the current implementation, giving unpredictable results.                                     
0 Gaussians have NaN/Inf and 6 have low opacity, only export 609/615
[19:18:17]  Be careful with '--eval-mode=all'. If using camera optimization, the cameras    nerfstudio_dataparser.py:216
           may diverge in the current implementation, giving unpredictable results.                                     
            Be careful with '--eval-mode=all'. If using camera optimization, the cameras    nerfstudio_dataparser.py:216
           may diverge in the current implementation, giving unpredictable results.                                     
           use color only optimization with sigmoid activation                                         splatfacto.py:266
[19:18:17]  Be careful with '--eval-mode=all'. If using camera optimization, the cameras    nerfstudio_dataparser.py:216
           may diverge in the current implementation, giving unpredictable results.                                     
            Be careful with '--eval-mode=all'. If using camera optimization, the cameras    nerfstudio_dataparser.py:216
           may diverge in the current implementation, giving unpredictable results.                                     
           use color only optimization with sigmoid activation                                         splatfacto.py:266
[19:18:18] use color only optimization with sigmoid activation                                         splatfacto.py:266
Loading latest checkpoint from load_dir
✅ Done loading checkpoint from 
outputs/ctrl_009_003_ratio3_sh0_dense_mid200/ratio3_sh0_dense/f1283/splatfacto/2026-08-20_191631/nerfstudio_models/step-
000001999.ckpt
[19:18:18]  Be careful with '--eval-mode=all'. If using camera optimization, the cameras    nerfstudio_dataparser.py:216
           may diverge in the current implementation, giving unpredictable results.                                     
0 Gaussians have NaN/Inf and 5 have low opacity, only export 635/640
            Be careful with '--eval-mode=all'. If using camera optimization, the cameras    nerfstudio_dataparser.py:216
           may diverge in the current implementation, giving unpredictable results.                                     
           use color only optimization with sigmoid activation                                         splatfacto.py:266
Loading latest checkpoint from load_dir
✅ Done loading checkpoint from 
outputs/ctrl_009_003_ratio3_sh0_dense_mid200/ratio3_sh0_dense/f1288/splatfacto/2026-08-20_191633/nerfstudio_models/step-
000001999.ckpt
Loading latest checkpoint from load_dir
0 Gaussians have NaN/Inf and 1 have low opacity, only export 660/661
✅ Done loading checkpoint from 
outputs/ctrl_009_003_ratio3_sh0_dense_mid200/ratio3_sh0_dense/f1281/splatfacto/2026-08-20_191631/nerfstudio_models/step-
000001999.ckpt
Loading latest checkpoint from load_dir
✅ Done loading checkpoint from 
outputs/ctrl_009_003_ratio3_sh0_dense_mid200/ratio3_sh0_dense/f1289/splatfacto/2026-08-20_191633/nerfstudio_models/step-
000001999.ckpt
0 Gaussians have NaN/Inf and 2 have low opacity, only export 702/704
Loading latest checkpoint from load_dir
✅ Done loading checkpoint from 
outputs/ctrl_009_003_ratio3_sh0_dense_mid200/ratio3_sh0_dense/f1286/splatfacto/2026-08-20_191633/nerfstudio_models/step-
000001999.ckpt
0 Gaussians have NaN/Inf and 4 have low opacity, only export 651/655
Loading latest checkpoint from load_dir
✅ Done loading checkpoint from 
outputs/ctrl_009_003_ratio3_sh0_dense_mid200/ratio3_sh0_dense/f1284/splatfacto/2026-08-20_191632/nerfstudio_models/step-
000001999.ckpt
0 Gaussians have NaN/Inf and 4 have low opacity, only export 582/586
Loading latest checkpoint from load_dir
✅ Done loading checkpoint from 
outputs/ctrl_009_003_ratio3_sh0_dense_mid200/ratio3_sh0_dense/f1291/splatfacto/2026-08-20_191634/nerfstudio_models/step-
000001999.ckpt
0 Gaussians have NaN/Inf and 1 have low opacity, only export 691/692
Loading latest checkpoint from load_dir
✅ Done loading checkpoint from 
outputs/ctrl_009_003_ratio3_sh0_dense_mid200/ratio3_sh0_dense/f1290/splatfacto/2026-08-20_191633/nerfstudio_models/step-
000001999.ckpt
0 Gaussians have NaN/Inf and 4 have low opacity, only export 705/709
[gpu0_w0] ratio3_sh0_dense__f1282 -> ok (110.3s)
[gpu0_w4] ratio3_sh0_dense__f1285 -> ok (109.2s)
[gpu1_w5] ratio3_sh0_dense__f1287 -> ok (109.2s)
[gpu0_w1] ratio3_sh0_dense__f1283 -> ok (110.9s)
[gpu0_w3] ratio3_sh0_dense__f1289 -> ok (109.4s)
[gpu1_w0] ratio3_sh0_dense__f1281 -> ok (112.1s)
[gpu1_w4] ratio3_sh0_dense__f1286 -> ok (110.2s)
[gpu1_w3] ratio3_sh0_dense__f1288 -> ok (110.0s)
[gpu1_w3] queue drained: 16 ok, 0 failed
[gpu0_w5] ratio3_sh0_dense__f1284 -> ok (110.6s)
[gpu0_w5] queue drained: 16 ok, 0 failed
[gpu0_w2] ratio3_sh0_dense__f1291 -> ok (108.9s)
[gpu0_w2] queue drained: 16 ok, 0 failed
[gpu1_w2] ratio3_sh0_dense__f1290 -> ok (109.6s)
[gpu1_w2] queue drained: 16 ok, 0 failed
[19:19:45]  Be careful with '--eval-mode=all'. If using camera optimization, the cameras    nerfstudio_dataparser.py:216
           may diverge in the current implementation, giving unpredictable results.                                     
            Be careful with '--eval-mode=all'. If using camera optimization, the cameras    nerfstudio_dataparser.py:216
           may diverge in the current implementation, giving unpredictable results.                                     
[19:19:45]  Be careful with '--eval-mode=all'. If using camera optimization, the cameras    nerfstudio_dataparser.py:216
           may diverge in the current implementation, giving unpredictable results.                                     
            Be careful with '--eval-mode=all'. If using camera optimization, the cameras    nerfstudio_dataparser.py:216
           may diverge in the current implementation, giving unpredictable results.                                     
           use color only optimization with sigmoid activation                                         splatfacto.py:266
           use color only optimization with sigmoid activation                                         splatfacto.py:266
[19:19:45]  Be careful with '--eval-mode=all'. If using camera optimization, the cameras    nerfstudio_dataparser.py:216
           may diverge in the current implementation, giving unpredictable results.                                     
[19:19:46]  Be careful with '--eval-mode=all'. If using camera optimization, the cameras    nerfstudio_dataparser.py:216
           may diverge in the current implementation, giving unpredictable results.                                     
Loading latest checkpoint from load_dir
Loading latest checkpoint from load_dir
           use color only optimization with sigmoid activation                                         splatfacto.py:266
✅ Done loading checkpoint from 
outputs/ctrl_009_003_ratio3_sh0_dense_mid200/ratio3_sh0_dense/f1293/splatfacto/2026-08-20_191826/nerfstudio_models/step-
000001999.ckpt
✅ Done loading checkpoint from 
outputs/ctrl_009_003_ratio3_sh0_dense_mid200/ratio3_sh0_dense/f1292/splatfacto/2026-08-20_191824/nerfstudio_models/step-
000001999.ckpt
0 Gaussians have NaN/Inf and 1 have low opacity, only export 710/711
0 Gaussians have NaN/Inf and 3 have low opacity, only export 677/680
Loading latest checkpoint from load_dir
✅ Done loading checkpoint from 
outputs/ctrl_009_003_ratio3_sh0_dense_mid200/ratio3_sh0_dense/f1295/splatfacto/2026-08-20_191826/nerfstudio_models/step-
000001999.ckpt
0 Gaussians have NaN/Inf and 3 have low opacity, only export 758/761
[gpu1_w1] ratio3_sh0_dense__f1292 -> ok (87.7s)
[gpu1_w1] queue drained: 17 ok, 0 failed
[19:19:48]  Be careful with '--eval-mode=all'. If using camera optimization, the cameras    nerfstudio_dataparser.py:216
           may diverge in the current implementation, giving unpredictable results.                                     
[gpu0_w0] ratio3_sh0_dense__f1293 -> ok (83.8s)
[gpu0_w0] queue drained: 17 ok, 0 failed
            Be careful with '--eval-mode=all'. If using camera optimization, the cameras    nerfstudio_dataparser.py:216
           may diverge in the current implementation, giving unpredictable results.                                     
           use color only optimization with sigmoid activation                                         splatfacto.py:266
[19:19:48]  Be careful with '--eval-mode=all'. If using camera optimization, the cameras    nerfstudio_dataparser.py:216
           may diverge in the current implementation, giving unpredictable results.                                     
            Be careful with '--eval-mode=all'. If using camera optimization, the cameras    nerfstudio_dataparser.py:216
           may diverge in the current implementation, giving unpredictable results.                                     
[19:19:48]  Be careful with '--eval-mode=all'. If using camera optimization, the cameras    nerfstudio_dataparser.py:216
           may diverge in the current implementation, giving unpredictable results.                                     
            Be careful with '--eval-mode=all'. If using camera optimization, the cameras    nerfstudio_dataparser.py:216
           may diverge in the current implementation, giving unpredictable results.                                     
[gpu1_w5] ratio3_sh0_dense__f1295 -> ok (84.0s)
[gpu1_w5] queue drained: 17 ok, 0 failed
           use color only optimization with sigmoid activation                                         splatfacto.py:266
[19:19:48]  Be careful with '--eval-mode=all'. If using camera optimization, the cameras    nerfstudio_dataparser.py:216
           may diverge in the current implementation, giving unpredictable results.                                     
            Be careful with '--eval-mode=all'. If using camera optimization, the cameras    nerfstudio_dataparser.py:216
           may diverge in the current implementation, giving unpredictable results.                                     
           use color only optimization with sigmoid activation                                         splatfacto.py:266
Loading latest checkpoint from load_dir
[19:19:49] use color only optimization with sigmoid activation                                         splatfacto.py:266
✅ Done loading checkpoint from 
outputs/ctrl_009_003_ratio3_sh0_dense_mid200/ratio3_sh0_dense/f1297/splatfacto/2026-08-20_191828/nerfstudio_models/step-
000001999.ckpt
0 Gaussians have NaN/Inf and 2 have low opacity, only export 765/767
[19:19:49]  Be careful with '--eval-mode=all'. If using camera optimization, the cameras    nerfstudio_dataparser.py:216
           may diverge in the current implementation, giving unpredictable results.                                     
            Be careful with '--eval-mode=all'. If using camera optimization, the cameras    nerfstudio_dataparser.py:216
           may diverge in the current implementation, giving unpredictable results.                                     
           use color only optimization with sigmoid activation                                         splatfacto.py:266
Loading latest checkpoint from load_dir
✅ Done loading checkpoint from 
outputs/ctrl_009_003_ratio3_sh0_dense_mid200/ratio3_sh0_dense/f1296/splatfacto/2026-08-20_191827/nerfstudio_models/step-
000001999.ckpt
Loading latest checkpoint from load_dir
0 Gaussians have NaN/Inf and 1 have low opacity, only export 714/715
✅ Done loading checkpoint from 
outputs/ctrl_009_003_ratio3_sh0_dense_mid200/ratio3_sh0_dense/f1294/splatfacto/2026-08-20_191828/nerfstudio_models/step-
000001999.ckpt
0 Gaussians have NaN/Inf and 1 have low opacity, only export 710/711
Loading latest checkpoint from load_dir
✅ Done loading checkpoint from 
outputs/ctrl_009_003_ratio3_sh0_dense_mid200/ratio3_sh0_dense/f1298/splatfacto/2026-08-20_191828/nerfstudio_models/step-
000001999.ckpt
0 Gaussians have NaN/Inf and 2 have low opacity, only export 767/769
Loading latest checkpoint from load_dir
✅ Done loading checkpoint from 
outputs/ctrl_009_003_ratio3_sh0_dense_mid200/ratio3_sh0_dense/f1299/splatfacto/2026-08-20_191828/nerfstudio_models/step-
000001999.ckpt
[gpu0_w3] ratio3_sh0_dense__f1297 -> ok (85.2s)
[gpu0_w3] queue drained: 17 ok, 0 failed
[gpu0_w4] ratio3_sh0_dense__f1294 -> ok (87.0s)
[gpu0_w4] queue drained: 17 ok, 0 failed
[gpu0_w1] ratio3_sh0_dense__f1296 -> ok (85.9s)
[gpu0_w1] queue drained: 17 ok, 0 failed
[gpu1_w0] ratio3_sh0_dense__f1298 -> ok (85.9s)
[gpu1_w0] queue drained: 17 ok, 0 failed
[gpu1_w4] ratio3_sh0_dense__f1299 -> ok (86.3s)
[gpu1_w4] queue drained: 17 ok, 0 failed
Dataset generated successfully at: /home/computer0/fly_project/fly_gsplat/ctrl_009/003/f1299
4 cameras loaded
Seed: [ 0.0032419  -0.01950253 -0.00250586]  triangulation residual=0.464 mm
Sampled 10000 points in 2mm sphere
Surviving points (all 4 cameras): 346
After outlier removal: 329 points
Saved -> /home/computer0/fly_project/fly_gsplat/ctrl_009/003/f1299/init_points.ply
[prepare] frame 1299 data ready
=== Phase B: build queue ===
[queue] 200 tasks queued, 0 already done (skipped)
=== Phase C: dispatch 2x6 workers ===
Done in 1859.3s: 200 ok, 0 failed -> /home/computer0/fly_project/fly_gsplat/outputs/ctrl_009_003_ratio3_sh0_dense_mid200/schedule_summary.json
