=== Phase A: data prep ===
Dataset generated successfully at: /home/computer0/fly_project/fly_gsplat/ctrl_009/006/f1100
4 cameras loaded
Seed: [ 0.00810237 -0.00294583 -0.01394118]  triangulation residual=0.146 mm
Sampled 10000 points in 2mm sphere
Surviving points (all 4 cameras): 2291
After outlier removal: 2203 points
Saved -> /home/computer0/fly_project/fly_gsplat/ctrl_009/006/f1100/init_points.ply
[prepare] frame 1100 data ready
Dataset generated successfully at: /home/computer0/fly_project/fly_gsplat/ctrl_009/006/f1101
4 cameras loaded
Seed: [ 0.00810244 -0.00293522 -0.01391538]  triangulation residual=0.125 mm
Sampled 10000 points in 2mm sphere
Surviving points (all 4 cameras): 2363
After outlier removal: 2271 points
Saved -> /home/computer0/fly_project/fly_gsplat/ctrl_009/006/f1101/init_points.ply
[prepare] frame 1101 data ready
Dataset generated successfully at: /home/computer0/fly_project/fly_gsplat/ctrl_009/006/f1102
4 cameras loaded
Seed: [ 0.00808766 -0.00293126 -0.01388346]  triangulation residual=0.102 mm
Sampled 10000 points in 2mm sphere
Surviving points (all 4 cameras): 2418
After outlier removal: 2314 points
Saved -> /home/computer0/fly_project/fly_gsplat/ctrl_009/006/f1102/init_points.ply
[prepare] frame 1102 data ready
Dataset generated successfully at: /home/computer0/fly_project/fly_gsplat/ctrl_009/006/f1103
4 cameras loaded
Seed: [ 0.00805419 -0.00292402 -0.01385533]  triangulation residual=0.087 mm
Sampled 10000 points in 2mm sphere
Surviving points (all 4 cameras): 2373
After outlier removal: 2274 points
Saved -> /home/computer0/fly_project/fly_gsplat/ctrl_009/006/f1103/init_points.ply
[prepare] frame 1103 data ready
Dataset generated successfully at: /home/computer0/fly_project/fly_gsplat/ctrl_009/006/f1104
4 cameras loaded
Seed: [ 0.0080073  -0.00292103 -0.01382949]  triangulation residual=0.087 mm
Sampled 10000 points in 2mm sphere
Surviving points (all 4 cameras): 2281
After outlier removal: 2187 points
Saved -> /home/computer0/fly_project/fly_gsplat/ctrl_009/006/f1104/init_points.ply
[prepare] frame 1104 data ready
Dataset generated successfully at: /home/computer0/fly_project/fly_gsplat/ctrl_009/006/f1105
4 cameras loaded
Seed: [ 0.00794513 -0.00291432 -0.01381886]  triangulation residual=0.082 mm
Sampled 10000 points in 2mm sphere
Surviving points (all 4 cameras): 2090
After outlier removal: 2000 points
Saved -> /home/computer0/fly_project/fly_gsplat/ctrl_009/006/f1105/init_points.ply
[prepare] frame 1105 data ready
Dataset generated successfully at: /home/computer0/fly_project/fly_gsplat/ctrl_009/006/f1106
4 cameras loaded
Seed: [ 0.00789681 -0.00284994 -0.01380112]  triangulation residual=0.083 mm
Sampled 10000 points in 2mm sphere
Surviving points (all 4 cameras): 2114
After outlier removal: 2029 points
Saved -> /home/computer0/fly_project/fly_gsplat/ctrl_009/006/f1106/init_points.ply
[prepare] frame 1106 data ready
Dataset generated successfully at: /home/computer0/fly_project/fly_gsplat/ctrl_009/006/f1107
4 cameras loaded
Seed: [ 0.00785303 -0.0027816  -0.01380821]  triangulation residual=0.077 mm
Sampled 10000 points in 2mm sphere
Surviving points (all 4 cameras): 2072
After outlier removal: 1980 points
Saved -> /home/computer0/fly_project/fly_gsplat/ctrl_009/006/f1107/init_points.ply
[prepare] frame 1107 data ready
Dataset generated successfully at: /home/computer0/fly_project/fly_gsplat/ctrl_009/006/f1108
4 cameras loaded
Seed: [ 0.00780335 -0.0027531  -0.01382657]  triangulation residual=0.040 mm
Sampled 10000 points in 2mm sphere
Surviving points (all 4 cameras): 2105
After outlier removal: 2026 points
Saved -> /home/computer0/fly_project/fly_gsplat/ctrl_009/006/f1108/init_points.ply
[prepare] frame 1108 data ready
Dataset generated successfully at: /home/computer0/fly_project/fly_gsplat/ctrl_009/006/f1109
4 cameras loaded
Seed: [ 0.00776482 -0.00271327 -0.01385401]  triangulation residual=0.015 mm
Sampled 10000 points in 2mm sphere
Surviving points (all 4 cameras): 2129
After outlier removal: 2031 points
Saved -> /home/computer0/fly_project/fly_gsplat/ctrl_009/006/f1109/init_points.ply
[prepare] frame 1109 data ready
Dataset generated successfully at: /home/computer0/fly_project/fly_gsplat/ctrl_009/006/f1110
4 cameras loaded
Seed: [ 0.00773473 -0.00266845 -0.01387696]  triangulation residual=0.045 mm
Sampled 10000 points in 2mm sphere
Surviving points (all 4 cameras): 2024
After outlier removal: 1939 points
Saved -> /home/computer0/fly_project/fly_gsplat/ctrl_009/006/f1110/init_points.ply
[prepare] frame 1110 data ready
Dataset generated successfully at: /home/computer0/fly_project/fly_gsplat/ctrl_009/006/f1111
4 cameras loaded
Seed: [ 0.00769586 -0.00263426 -0.01390115]  triangulation residual=0.061 mm
Sampled 10000 points in 2mm sphere
Surviving points (all 4 cameras): 2059
After outlier removal: 1974 points
Saved -> /home/computer0/fly_project/fly_gsplat/ctrl_009/006/f1111/init_points.ply
[prepare] frame 1111 data ready
Dataset generated successfully at: /home/computer0/fly_project/fly_gsplat/ctrl_009/006/f1112
4 cameras loaded
Seed: [ 0.0076567  -0.00260861 -0.01391884]  triangulation residual=0.081 mm
Sampled 10000 points in 2mm sphere
Surviving points (all 4 cameras): 2059
After outlier removal: 1971 points
Saved -> /home/computer0/fly_project/fly_gsplat/ctrl_009/006/f1112/init_points.ply
[prepare] frame 1112 data ready
Dataset generated successfully at: /home/computer0/fly_project/fly_gsplat/ctrl_009/006/f1113
4 cameras loaded
Seed: [ 0.00761881 -0.00257812 -0.01394257]  triangulation residual=0.093 mm
Sampled 10000 points in 2mm sphere
Surviving points (all 4 cameras): 2068
After outlier removal: 1976 points
Saved -> /home/computer0/fly_project/fly_gsplat/ctrl_009/006/f1113/init_points.ply
[prepare] frame 1113 data ready
Dataset generated successfully at: /home/computer0/fly_project/fly_gsplat/ctrl_009/006/f1114
4 cameras loaded
Seed: [ 0.00759658 -0.00255511 -0.01397623]  triangulation residual=0.106 mm
Sampled 10000 points in 2mm sphere
Surviving points (all 4 cameras): 2042
After outlier removal: 1953 points
Saved -> /home/computer0/fly_project/fly_gsplat/ctrl_009/006/f1114/init_points.ply
[prepare] frame 1114 data ready
Dataset generated successfully at: /home/computer0/fly_project/fly_gsplat/ctrl_009/006/f1115
4 cameras loaded
Seed: [ 0.00757375 -0.00253211 -0.01402079]  triangulation residual=0.104 mm
Sampled 10000 points in 2mm sphere
Surviving points (all 4 cameras): 2059
After outlier removal: 1965 points
Saved -> /home/computer0/fly_project/fly_gsplat/ctrl_009/006/f1115/init_points.ply
[prepare] frame 1115 data ready
Dataset generated successfully at: /home/computer0/fly_project/fly_gsplat/ctrl_009/006/f1116
4 cameras loaded
Seed: [ 0.00755815 -0.00251189 -0.01406601]  triangulation residual=0.100 mm
Sampled 10000 points in 2mm sphere
Surviving points (all 4 cameras): 2143
After outlier removal: 2050 points
Saved -> /home/computer0/fly_project/fly_gsplat/ctrl_009/006/f1116/init_points.ply
[prepare] frame 1116 data ready
Dataset generated successfully at: /home/computer0/fly_project/fly_gsplat/ctrl_009/006/f1117
4 cameras loaded
Seed: [ 0.00754582 -0.00249535 -0.01411304]  triangulation residual=0.095 mm
Sampled 10000 points in 2mm sphere
Surviving points (all 4 cameras): 2118
After outlier removal: 2030 points
Saved -> /home/computer0/fly_project/fly_gsplat/ctrl_009/006/f1117/init_points.ply
[prepare] frame 1117 data ready
Dataset generated successfully at: /home/computer0/fly_project/fly_gsplat/ctrl_009/006/f1118
4 cameras loaded
Seed: [ 0.00754683 -0.0024789  -0.01415791]  triangulation residual=0.089 mm
Sampled 10000 points in 2mm sphere
Surviving points (all 4 cameras): 2091
After outlier removal: 2005 points
Saved -> /home/computer0/fly_project/fly_gsplat/ctrl_009/006/f1118/init_points.ply
[prepare] frame 1118 data ready
Dataset generated successfully at: /home/computer0/fly_project/fly_gsplat/ctrl_009/006/f1119
4 cameras loaded
Seed: [ 0.00754661 -0.00246179 -0.01420361]  triangulation residual=0.083 mm
Sampled 10000 points in 2mm sphere
Surviving points (all 4 cameras): 2103
After outlier removal: 2022 points
Saved -> /home/computer0/fly_project/fly_gsplat/ctrl_009/006/f1119/init_points.ply
[prepare] frame 1119 data ready
Dataset generated successfully at: /home/computer0/fly_project/fly_gsplat/ctrl_009/006/f1120
4 cameras loaded
Seed: [ 0.00755799 -0.00244926 -0.01424533]  triangulation residual=0.082 mm
Sampled 10000 points in 2mm sphere
Surviving points (all 4 cameras): 2219
After outlier removal: 2114 points
Saved -> /home/computer0/fly_project/fly_gsplat/ctrl_009/006/f1120/init_points.ply
[prepare] frame 1120 data ready
Dataset generated successfully at: /home/computer0/fly_project/fly_gsplat/ctrl_009/006/f1121
4 cameras loaded
Seed: [ 0.0075689  -0.00243121 -0.01428009]  triangulation residual=0.078 mm
Sampled 10000 points in 2mm sphere
Surviving points (all 4 cameras): 2334
After outlier removal: 2228 points
Saved -> /home/computer0/fly_project/fly_gsplat/ctrl_009/006/f1121/init_points.ply
[prepare] frame 1121 data ready
Dataset generated successfully at: /home/computer0/fly_project/fly_gsplat/ctrl_009/006/f1122
4 cameras loaded
Seed: [ 0.00758568 -0.00242367 -0.01431141]  triangulation residual=0.078 mm
Sampled 10000 points in 2mm sphere
Surviving points (all 4 cameras): 2333
After outlier removal: 2235 points
Saved -> /home/computer0/fly_project/fly_gsplat/ctrl_009/006/f1122/init_points.ply
[prepare] frame 1122 data ready
Dataset generated successfully at: /home/computer0/fly_project/fly_gsplat/ctrl_009/006/f1123
4 cameras loaded
Seed: [ 0.00761096 -0.00241979 -0.01433739]  triangulation residual=0.083 mm
Sampled 10000 points in 2mm sphere
Surviving points (all 4 cameras): 2429
After outlier removal: 2332 points
Saved -> /home/computer0/fly_project/fly_gsplat/ctrl_009/006/f1123/init_points.ply
[prepare] frame 1123 data ready
Dataset generated successfully at: /home/computer0/fly_project/fly_gsplat/ctrl_009/006/f1124
4 cameras loaded
Seed: [ 0.00764378 -0.0024264  -0.01435618]  triangulation residual=0.092 mm
Sampled 10000 points in 2mm sphere
Surviving points (all 4 cameras): 2392
After outlier removal: 2288 points
Saved -> /home/computer0/fly_project/fly_gsplat/ctrl_009/006/f1124/init_points.ply
[prepare] frame 1124 data ready
Dataset generated successfully at: /home/computer0/fly_project/fly_gsplat/ctrl_009/006/f1125
4 cameras loaded
Seed: [ 0.0076876  -0.00242543 -0.01436694]  triangulation residual=0.101 mm
Sampled 10000 points in 2mm sphere
Surviving points (all 4 cameras): 2278
After outlier removal: 2186 points
Saved -> /home/computer0/fly_project/fly_gsplat/ctrl_009/006/f1125/init_points.ply
[prepare] frame 1125 data ready
Dataset generated successfully at: /home/computer0/fly_project/fly_gsplat/ctrl_009/006/f1126
4 cameras loaded
Seed: [ 0.00772713 -0.00243111 -0.01438844]  triangulation residual=0.117 mm
Sampled 10000 points in 2mm sphere
Surviving points (all 4 cameras): 2321
After outlier removal: 2216 points
Saved -> /home/computer0/fly_project/fly_gsplat/ctrl_009/006/f1126/init_points.ply
[prepare] frame 1126 data ready
Dataset generated successfully at: /home/computer0/fly_project/fly_gsplat/ctrl_009/006/f1127
4 cameras loaded
Seed: [ 0.00776886 -0.0024374  -0.01442396]  triangulation residual=0.133 mm
Sampled 10000 points in 2mm sphere
Surviving points (all 4 cameras): 2258
After outlier removal: 2172 points
Saved -> /home/computer0/fly_project/fly_gsplat/ctrl_009/006/f1127/init_points.ply
[prepare] frame 1127 data ready
Dataset generated successfully at: /home/computer0/fly_project/fly_gsplat/ctrl_009/006/f1128
4 cameras loaded
Seed: [ 0.00780972 -0.00243715 -0.01444773]  triangulation residual=0.140 mm
Sampled 10000 points in 2mm sphere
Surviving points (all 4 cameras): 2300
After outlier removal: 2205 points
Saved -> /home/computer0/fly_project/fly_gsplat/ctrl_009/006/f1128/init_points.ply
[prepare] frame 1128 data ready
Dataset generated successfully at: /home/computer0/fly_project/fly_gsplat/ctrl_009/006/f1129
4 cameras loaded
Seed: [ 0.00783403 -0.00242656 -0.01447719]  triangulation residual=0.132 mm
Sampled 10000 points in 2mm sphere
Surviving points (all 4 cameras): 2267
After outlier removal: 2160 points
Saved -> /home/computer0/fly_project/fly_gsplat/ctrl_009/006/f1129/init_points.ply
[prepare] frame 1129 data ready
Dataset generated successfully at: /home/computer0/fly_project/fly_gsplat/ctrl_009/006/f1130
4 cameras loaded
Seed: [ 0.00785545 -0.0024201  -0.01449784]  triangulation residual=0.128 mm
Sampled 10000 points in 2mm sphere
Surviving points (all 4 cameras): 2299
After outlier removal: 2199 points
Saved -> /home/computer0/fly_project/fly_gsplat/ctrl_009/006/f1130/init_points.ply
[prepare] frame 1130 data ready
Dataset generated successfully at: /home/computer0/fly_project/fly_gsplat/ctrl_009/006/f1131
4 cameras loaded
Seed: [ 0.00785534 -0.00241024 -0.0145224 ]  triangulation residual=0.111 mm
Sampled 10000 points in 2mm sphere
Surviving points (all 4 cameras): 2434
After outlier removal: 2342 points
Saved -> /home/computer0/fly_project/fly_gsplat/ctrl_009/006/f1131/init_points.ply
[prepare] frame 1131 data ready
Dataset generated successfully at: /home/computer0/fly_project/fly_gsplat/ctrl_009/006/f1132
4 cameras loaded
Seed: [ 0.00784418 -0.00239035 -0.01455739]  triangulation residual=0.091 mm
Sampled 10000 points in 2mm sphere
Surviving points (all 4 cameras): 2445
After outlier removal: 2339 points
Saved -> /home/computer0/fly_project/fly_gsplat/ctrl_009/006/f1132/init_points.ply
[prepare] frame 1132 data ready
Dataset generated successfully at: /home/computer0/fly_project/fly_gsplat/ctrl_009/006/f1133
4 cameras loaded
Seed: [ 0.00784537 -0.00236698 -0.01457137]  triangulation residual=0.073 mm
Sampled 10000 points in 2mm sphere
Surviving points (all 4 cameras): 2597
After outlier removal: 2496 points
Saved -> /home/computer0/fly_project/fly_gsplat/ctrl_009/006/f1133/init_points.ply
[prepare] frame 1133 data ready
Dataset generated successfully at: /home/computer0/fly_project/fly_gsplat/ctrl_009/006/f1134
4 cameras loaded
Seed: [ 0.00784995 -0.00235022 -0.01458492]  triangulation residual=0.067 mm
Sampled 10000 points in 2mm sphere
Surviving points (all 4 cameras): 2606
After outlier removal: 2488 points
Saved -> /home/computer0/fly_project/fly_gsplat/ctrl_009/006/f1134/init_points.ply
[prepare] frame 1134 data ready
Dataset generated successfully at: /home/computer0/fly_project/fly_gsplat/ctrl_009/006/f1135
4 cameras loaded
Seed: [ 0.00785498 -0.00233556 -0.01459485]  triangulation residual=0.060 mm
Sampled 10000 points in 2mm sphere
Surviving points (all 4 cameras): 2697
After outlier removal: 2585 points
Saved -> /home/computer0/fly_project/fly_gsplat/ctrl_009/006/f1135/init_points.ply
[prepare] frame 1135 data ready
Dataset generated successfully at: /home/computer0/fly_project/fly_gsplat/ctrl_009/006/f1136
4 cameras loaded
Seed: [ 0.00787662 -0.00232756 -0.01459666]  triangulation residual=0.054 mm
Sampled 10000 points in 2mm sphere
Surviving points (all 4 cameras): 2794
After outlier removal: 2674 points
Saved -> /home/computer0/fly_project/fly_gsplat/ctrl_009/006/f1136/init_points.ply
[prepare] frame 1136 data ready
Dataset generated successfully at: /home/computer0/fly_project/fly_gsplat/ctrl_009/006/f1137
4 cameras loaded
Seed: [ 0.00790584 -0.00232121 -0.01459862]  triangulation residual=0.061 mm
Sampled 10000 points in 2mm sphere
Surviving points (all 4 cameras): 2687
After outlier removal: 2574 points
Saved -> /home/computer0/fly_project/fly_gsplat/ctrl_009/006/f1137/init_points.ply
[prepare] frame 1137 data ready
Dataset generated successfully at: /home/computer0/fly_project/fly_gsplat/ctrl_009/006/f1138
4 cameras loaded
Seed: [ 0.00794737 -0.00232067 -0.01459369]  triangulation residual=0.066 mm
Sampled 10000 points in 2mm sphere
Surviving points (all 4 cameras): 2767
After outlier removal: 2664 points
Saved -> /home/computer0/fly_project/fly_gsplat/ctrl_009/006/f1138/init_points.ply
[prepare] frame 1138 data ready
Dataset generated successfully at: /home/computer0/fly_project/fly_gsplat/ctrl_009/006/f1139
4 cameras loaded
Seed: [ 0.00799161 -0.00232928 -0.01458584]  triangulation residual=0.077 mm
Sampled 10000 points in 2mm sphere
Surviving points (all 4 cameras): 2510
After outlier removal: 2409 points
Saved -> /home/computer0/fly_project/fly_gsplat/ctrl_009/006/f1139/init_points.ply
[prepare] frame 1139 data ready
Dataset generated successfully at: /home/computer0/fly_project/fly_gsplat/ctrl_009/006/f1140
4 cameras loaded
Seed: [ 0.00803764 -0.00233284 -0.01457976]  triangulation residual=0.087 mm
Sampled 10000 points in 2mm sphere
Surviving points (all 4 cameras): 2475
After outlier removal: 2373 points
Saved -> /home/computer0/fly_project/fly_gsplat/ctrl_009/006/f1140/init_points.ply
[prepare] frame 1140 data ready
Dataset generated successfully at: /home/computer0/fly_project/fly_gsplat/ctrl_009/006/f1141
4 cameras loaded
Seed: [ 0.00808275 -0.00233724 -0.01457326]  triangulation residual=0.090 mm
Sampled 10000 points in 2mm sphere
Surviving points (all 4 cameras): 2357
After outlier removal: 2257 points
Saved -> /home/computer0/fly_project/fly_gsplat/ctrl_009/006/f1141/init_points.ply
[prepare] frame 1141 data ready
Dataset generated successfully at: /home/computer0/fly_project/fly_gsplat/ctrl_009/006/f1142
4 cameras loaded
Seed: [ 0.00813263 -0.00233625 -0.01456437]  triangulation residual=0.097 mm
Sampled 10000 points in 2mm sphere
Surviving points (all 4 cameras): 2291
After outlier removal: 2204 points
Saved -> /home/computer0/fly_project/fly_gsplat/ctrl_009/006/f1142/init_points.ply
[prepare] frame 1142 data ready
Dataset generated successfully at: /home/computer0/fly_project/fly_gsplat/ctrl_009/006/f1143
4 cameras loaded
Seed: [ 0.0081865  -0.00233407 -0.01456313]  triangulation residual=0.107 mm
Sampled 10000 points in 2mm sphere
Surviving points (all 4 cameras): 2361
After outlier removal: 2273 points
Saved -> /home/computer0/fly_project/fly_gsplat/ctrl_009/006/f1143/init_points.ply
[prepare] frame 1143 data ready
Dataset generated successfully at: /home/computer0/fly_project/fly_gsplat/ctrl_009/006/f1144
4 cameras loaded
Seed: [ 0.00824859 -0.00233222 -0.01455846]  triangulation residual=0.112 mm
Sampled 10000 points in 2mm sphere
Surviving points (all 4 cameras): 2365
After outlier removal: 2278 points
Saved -> /home/computer0/fly_project/fly_gsplat/ctrl_009/006/f1144/init_points.ply
[prepare] frame 1144 data ready
Dataset generated successfully at: /home/computer0/fly_project/fly_gsplat/ctrl_009/006/f1145
4 cameras loaded
Seed: [ 0.00830619 -0.00233648 -0.0145554 ]  triangulation residual=0.109 mm
Sampled 10000 points in 2mm sphere
Surviving points (all 4 cameras): 2369
After outlier removal: 2275 points
Saved -> /home/computer0/fly_project/fly_gsplat/ctrl_009/006/f1145/init_points.ply
[prepare] frame 1145 data ready
Dataset generated successfully at: /home/computer0/fly_project/fly_gsplat/ctrl_009/006/f1146
4 cameras loaded
Seed: [ 0.00836604 -0.0023422  -0.01455099]  triangulation residual=0.109 mm
Sampled 10000 points in 2mm sphere
Surviving points (all 4 cameras): 2261
After outlier removal: 2160 points
Saved -> /home/computer0/fly_project/fly_gsplat/ctrl_009/006/f1146/init_points.ply
[prepare] frame 1146 data ready
Dataset generated successfully at: /home/computer0/fly_project/fly_gsplat/ctrl_009/006/f1147
4 cameras loaded
Seed: [ 0.00843298 -0.0023488  -0.0145393 ]  triangulation residual=0.104 mm
Sampled 10000 points in 2mm sphere
Surviving points (all 4 cameras): 2280
After outlier removal: 2189 points
Saved -> /home/computer0/fly_project/fly_gsplat/ctrl_009/006/f1147/init_points.ply
[prepare] frame 1147 data ready
Dataset generated successfully at: /home/computer0/fly_project/fly_gsplat/ctrl_009/006/f1148
4 cameras loaded
Seed: [ 0.00850662 -0.00235767 -0.01452437]  triangulation residual=0.104 mm
Sampled 10000 points in 2mm sphere
Surviving points (all 4 cameras): 2238
After outlier removal: 2146 points
Saved -> /home/computer0/fly_project/fly_gsplat/ctrl_009/006/f1148/init_points.ply
[prepare] frame 1148 data ready
Dataset generated successfully at: /home/computer0/fly_project/fly_gsplat/ctrl_009/006/f1149
4 cameras loaded
Seed: [ 0.00858649 -0.00236538 -0.01451194]  triangulation residual=0.106 mm
Sampled 10000 points in 2mm sphere
Surviving points (all 4 cameras): 2289
After outlier removal: 2190 points
Saved -> /home/computer0/fly_project/fly_gsplat/ctrl_009/006/f1149/init_points.ply
[prepare] frame 1149 data ready
Dataset generated successfully at: /home/computer0/fly_project/fly_gsplat/ctrl_009/006/f1150
4 cameras loaded
Seed: [ 0.00866581 -0.00236956 -0.01447723]  triangulation residual=0.096 mm
Sampled 10000 points in 2mm sphere
Surviving points (all 4 cameras): 2121
After outlier removal: 2027 points
Saved -> /home/computer0/fly_project/fly_gsplat/ctrl_009/006/f1150/init_points.ply
[prepare] frame 1150 data ready
Dataset generated successfully at: /home/computer0/fly_project/fly_gsplat/ctrl_009/006/f1151
4 cameras loaded
Seed: [ 0.00873506 -0.00238046 -0.01444793]  triangulation residual=0.077 mm
Sampled 10000 points in 2mm sphere
Surviving points (all 4 cameras): 2288
After outlier removal: 2187 points
Saved -> /home/computer0/fly_project/fly_gsplat/ctrl_009/006/f1151/init_points.ply
[prepare] frame 1151 data ready
Dataset generated successfully at: /home/computer0/fly_project/fly_gsplat/ctrl_009/006/f1152
4 cameras loaded
Seed: [ 0.00880447 -0.00240219 -0.01441775]  triangulation residual=0.064 mm
Sampled 10000 points in 2mm sphere
Surviving points (all 4 cameras): 2158
After outlier removal: 2068 points
Saved -> /home/computer0/fly_project/fly_gsplat/ctrl_009/006/f1152/init_points.ply
[prepare] frame 1152 data ready
Dataset generated successfully at: /home/computer0/fly_project/fly_gsplat/ctrl_009/006/f1153
4 cameras loaded
Seed: [ 0.00887025 -0.00241396 -0.01438854]  triangulation residual=0.055 mm
Sampled 10000 points in 2mm sphere
Surviving points (all 4 cameras): 2244
After outlier removal: 2148 points
Saved -> /home/computer0/fly_project/fly_gsplat/ctrl_009/006/f1153/init_points.ply
[prepare] frame 1153 data ready
Dataset generated successfully at: /home/computer0/fly_project/fly_gsplat/ctrl_009/006/f1154
4 cameras loaded
Seed: [ 0.0089357  -0.00241448 -0.01435675]  triangulation residual=0.054 mm
Sampled 10000 points in 2mm sphere
Surviving points (all 4 cameras): 2179
After outlier removal: 2095 points
Saved -> /home/computer0/fly_project/fly_gsplat/ctrl_009/006/f1154/init_points.ply
[prepare] frame 1154 data ready
Dataset generated successfully at: /home/computer0/fly_project/fly_gsplat/ctrl_009/006/f1155
4 cameras loaded
Seed: [ 0.00899475 -0.00241342 -0.01433072]  triangulation residual=0.061 mm
Sampled 10000 points in 2mm sphere
Surviving points (all 4 cameras): 2204
After outlier removal: 2121 points
Saved -> /home/computer0/fly_project/fly_gsplat/ctrl_009/006/f1155/init_points.ply
[prepare] frame 1155 data ready
Dataset generated successfully at: /home/computer0/fly_project/fly_gsplat/ctrl_009/006/f1156
4 cameras loaded
Seed: [ 0.00905359 -0.00241125 -0.01431822]  triangulation residual=0.069 mm
Sampled 10000 points in 2mm sphere
Surviving points (all 4 cameras): 2218
After outlier removal: 2131 points
Saved -> /home/computer0/fly_project/fly_gsplat/ctrl_009/006/f1156/init_points.ply
[prepare] frame 1156 data ready
Dataset generated successfully at: /home/computer0/fly_project/fly_gsplat/ctrl_009/006/f1157
4 cameras loaded
Seed: [ 0.00910587 -0.00240791 -0.01430727]  triangulation residual=0.076 mm
Sampled 10000 points in 2mm sphere
Surviving points (all 4 cameras): 2287
After outlier removal: 2191 points
Saved -> /home/computer0/fly_project/fly_gsplat/ctrl_009/006/f1157/init_points.ply
[prepare] frame 1157 data ready
Dataset generated successfully at: /home/computer0/fly_project/fly_gsplat/ctrl_009/006/f1158
4 cameras loaded
Seed: [ 0.00915849 -0.00240161 -0.01431005]  triangulation residual=0.084 mm
Sampled 10000 points in 2mm sphere
Surviving points (all 4 cameras): 2169
After outlier removal: 2075 points
Saved -> /home/computer0/fly_project/fly_gsplat/ctrl_009/006/f1158/init_points.ply
[prepare] frame 1158 data ready
Dataset generated successfully at: /home/computer0/fly_project/fly_gsplat/ctrl_009/006/f1159
4 cameras loaded
Seed: [ 0.00920558 -0.00239751 -0.01432243]  triangulation residual=0.090 mm
Sampled 10000 points in 2mm sphere
Surviving points (all 4 cameras): 2245
After outlier removal: 2152 points
Saved -> /home/computer0/fly_project/fly_gsplat/ctrl_009/006/f1159/init_points.ply
[prepare] frame 1159 data ready
Dataset generated successfully at: /home/computer0/fly_project/fly_gsplat/ctrl_009/006/f1160
4 cameras loaded
Seed: [ 0.00925549 -0.00239186 -0.01433997]  triangulation residual=0.085 mm
Sampled 10000 points in 2mm sphere
Surviving points (all 4 cameras): 2275
After outlier removal: 2170 points
Saved -> /home/computer0/fly_project/fly_gsplat/ctrl_009/006/f1160/init_points.ply
[prepare] frame 1160 data ready
Dataset generated successfully at: /home/computer0/fly_project/fly_gsplat/ctrl_009/006/f1161
4 cameras loaded
Seed: [ 0.00929963 -0.00239082 -0.01435676]  triangulation residual=0.076 mm
Sampled 10000 points in 2mm sphere
Surviving points (all 4 cameras): 2390
After outlier removal: 2296 points
Saved -> /home/computer0/fly_project/fly_gsplat/ctrl_009/006/f1161/init_points.ply
[prepare] frame 1161 data ready
Dataset generated successfully at: /home/computer0/fly_project/fly_gsplat/ctrl_009/006/f1162
4 cameras loaded
Seed: [ 0.00934326 -0.00239061 -0.01438036]  triangulation residual=0.065 mm
Sampled 10000 points in 2mm sphere
Surviving points (all 4 cameras): 2406
After outlier removal: 2310 points
Saved -> /home/computer0/fly_project/fly_gsplat/ctrl_009/006/f1162/init_points.ply
[prepare] frame 1162 data ready
Dataset generated successfully at: /home/computer0/fly_project/fly_gsplat/ctrl_009/006/f1163
4 cameras loaded
Seed: [ 0.00937723 -0.00239956 -0.01440291]  triangulation residual=0.076 mm
Sampled 10000 points in 2mm sphere
Surviving points (all 4 cameras): 2393
After outlier removal: 2288 points
Saved -> /home/computer0/fly_project/fly_gsplat/ctrl_009/006/f1163/init_points.ply
[prepare] frame 1163 data ready
Dataset generated successfully at: /home/computer0/fly_project/fly_gsplat/ctrl_009/006/f1164
4 cameras loaded
Seed: [ 0.00940216 -0.00240004 -0.01442712]  triangulation residual=0.093 mm
Sampled 10000 points in 2mm sphere
Surviving points (all 4 cameras): 2402
After outlier removal: 2299 points
Saved -> /home/computer0/fly_project/fly_gsplat/ctrl_009/006/f1164/init_points.ply
[prepare] frame 1164 data ready
Dataset generated successfully at: /home/computer0/fly_project/fly_gsplat/ctrl_009/006/f1165
4 cameras loaded
Seed: [ 0.00941763 -0.00240463 -0.0144446 ]  triangulation residual=0.125 mm
Sampled 10000 points in 2mm sphere
Surviving points (all 4 cameras): 2288
After outlier removal: 2194 points
Saved -> /home/computer0/fly_project/fly_gsplat/ctrl_009/006/f1165/init_points.ply
[prepare] frame 1165 data ready
Dataset generated successfully at: /home/computer0/fly_project/fly_gsplat/ctrl_009/006/f1166
4 cameras loaded
Seed: [ 0.00942082 -0.00240469 -0.01446616]  triangulation residual=0.164 mm
Sampled 10000 points in 2mm sphere
Surviving points (all 4 cameras): 2253
After outlier removal: 2156 points
Saved -> /home/computer0/fly_project/fly_gsplat/ctrl_009/006/f1166/init_points.ply
[prepare] frame 1166 data ready
Dataset generated successfully at: /home/computer0/fly_project/fly_gsplat/ctrl_009/006/f1167
4 cameras loaded
Seed: [ 0.00944199 -0.00238193 -0.01447862]  triangulation residual=0.183 mm
Sampled 10000 points in 2mm sphere
Surviving points (all 4 cameras): 2165
After outlier removal: 2078 points
Saved -> /home/computer0/fly_project/fly_gsplat/ctrl_009/006/f1167/init_points.ply
[prepare] frame 1167 data ready
Dataset generated successfully at: /home/computer0/fly_project/fly_gsplat/ctrl_009/006/f1168
4 cameras loaded
Seed: [ 0.00946618 -0.00235355 -0.01448989]  triangulation residual=0.203 mm
Sampled 10000 points in 2mm sphere
Surviving points (all 4 cameras): 2067
After outlier removal: 1981 points
Saved -> /home/computer0/fly_project/fly_gsplat/ctrl_009/006/f1168/init_points.ply
[prepare] frame 1168 data ready
Dataset generated successfully at: /home/computer0/fly_project/fly_gsplat/ctrl_009/006/f1169
4 cameras loaded
Seed: [ 0.00949839 -0.00238078 -0.01451025]  triangulation residual=0.199 mm
Sampled 10000 points in 2mm sphere
Surviving points (all 4 cameras): 2103
After outlier removal: 2019 points
Saved -> /home/computer0/fly_project/fly_gsplat/ctrl_009/006/f1169/init_points.ply
[prepare] frame 1169 data ready
Dataset generated successfully at: /home/computer0/fly_project/fly_gsplat/ctrl_009/006/f1170
4 cameras loaded
Seed: [ 0.00953111 -0.0023934  -0.01452672]  triangulation residual=0.194 mm
Sampled 10000 points in 2mm sphere
Surviving points (all 4 cameras): 2031
After outlier removal: 1936 points
Saved -> /home/computer0/fly_project/fly_gsplat/ctrl_009/006/f1170/init_points.ply
[prepare] frame 1170 data ready
Dataset generated successfully at: /home/computer0/fly_project/fly_gsplat/ctrl_009/006/f1171
4 cameras loaded
Seed: [ 0.00956565 -0.00239302 -0.01455029]  triangulation residual=0.179 mm
Sampled 10000 points in 2mm sphere
Surviving points (all 4 cameras): 2111
After outlier removal: 2022 points
Saved -> /home/computer0/fly_project/fly_gsplat/ctrl_009/006/f1171/init_points.ply
[prepare] frame 1171 data ready
Dataset generated successfully at: /home/computer0/fly_project/fly_gsplat/ctrl_009/006/f1172
4 cameras loaded
Seed: [ 0.00958294 -0.00237324 -0.01455626]  triangulation residual=0.165 mm
Sampled 10000 points in 2mm sphere
Surviving points (all 4 cameras): 2192
After outlier removal: 2100 points
Saved -> /home/computer0/fly_project/fly_gsplat/ctrl_009/006/f1172/init_points.ply
[prepare] frame 1172 data ready
Dataset generated successfully at: /home/computer0/fly_project/fly_gsplat/ctrl_009/006/f1173
4 cameras loaded
Seed: [ 0.00960031 -0.00235802 -0.01454557]  triangulation residual=0.145 mm
Sampled 10000 points in 2mm sphere
Surviving points (all 4 cameras): 2193
After outlier removal: 2094 points
Saved -> /home/computer0/fly_project/fly_gsplat/ctrl_009/006/f1173/init_points.ply
[prepare] frame 1173 data ready
Dataset generated successfully at: /home/computer0/fly_project/fly_gsplat/ctrl_009/006/f1174
4 cameras loaded
Seed: [ 0.0096039  -0.00234928 -0.0145231 ]  triangulation residual=0.122 mm
Sampled 10000 points in 2mm sphere
Surviving points (all 4 cameras): 2304
After outlier removal: 2201 points
Saved -> /home/computer0/fly_project/fly_gsplat/ctrl_009/006/f1174/init_points.ply
[prepare] frame 1174 data ready
Dataset generated successfully at: /home/computer0/fly_project/fly_gsplat/ctrl_009/006/f1175
4 cameras loaded
Seed: [ 0.00958909 -0.00234825 -0.01449775]  triangulation residual=0.099 mm
Sampled 10000 points in 2mm sphere
Surviving points (all 4 cameras): 2403
After outlier removal: 2302 points
Saved -> /home/computer0/fly_project/fly_gsplat/ctrl_009/006/f1175/init_points.ply
[prepare] frame 1175 data ready
Dataset generated successfully at: /home/computer0/fly_project/fly_gsplat/ctrl_009/006/f1176
4 cameras loaded
Seed: [ 0.00956247 -0.00235432 -0.0144775 ]  triangulation residual=0.082 mm
Sampled 10000 points in 2mm sphere
Surviving points (all 4 cameras): 2452
After outlier removal: 2336 points
Saved -> /home/computer0/fly_project/fly_gsplat/ctrl_009/006/f1176/init_points.ply
[prepare] frame 1176 data ready
Dataset generated successfully at: /home/computer0/fly_project/fly_gsplat/ctrl_009/006/f1177
4 cameras loaded
Seed: [ 0.00951322 -0.00235819 -0.01445364]  triangulation residual=0.084 mm
Sampled 10000 points in 2mm sphere
Surviving points (all 4 cameras): 2345
After outlier removal: 2256 points
Saved -> /home/computer0/fly_project/fly_gsplat/ctrl_009/006/f1177/init_points.ply
[prepare] frame 1177 data ready
Dataset generated successfully at: /home/computer0/fly_project/fly_gsplat/ctrl_009/006/f1178
4 cameras loaded
Seed: [ 0.00945359 -0.00234663 -0.01444319]  triangulation residual=0.087 mm
Sampled 10000 points in 2mm sphere
Surviving points (all 4 cameras): 2172
After outlier removal: 2079 points
Saved -> /home/computer0/fly_project/fly_gsplat/ctrl_009/006/f1178/init_points.ply
[prepare] frame 1178 data ready
Dataset generated successfully at: /home/computer0/fly_project/fly_gsplat/ctrl_009/006/f1179
4 cameras loaded
Seed: [ 0.00940086 -0.00227518 -0.01443354]  triangulation residual=0.087 mm
Sampled 10000 points in 2mm sphere
Surviving points (all 4 cameras): 2155
After outlier removal: 2066 points
Saved -> /home/computer0/fly_project/fly_gsplat/ctrl_009/006/f1179/init_points.ply
[prepare] frame 1179 data ready
Dataset generated successfully at: /home/computer0/fly_project/fly_gsplat/ctrl_009/006/f1180
4 cameras loaded
Seed: [ 0.00934894 -0.00222043 -0.01444995]  triangulation residual=0.070 mm
Sampled 10000 points in 2mm sphere
Surviving points (all 4 cameras): 2085
After outlier removal: 1989 points
Saved -> /home/computer0/fly_project/fly_gsplat/ctrl_009/006/f1180/init_points.ply
[prepare] frame 1180 data ready
Dataset generated successfully at: /home/computer0/fly_project/fly_gsplat/ctrl_009/006/f1181
4 cameras loaded
Seed: [ 0.00929551 -0.00219786 -0.01447214]  triangulation residual=0.035 mm
Sampled 10000 points in 2mm sphere
Surviving points (all 4 cameras): 2080
After outlier removal: 1978 points
Saved -> /home/computer0/fly_project/fly_gsplat/ctrl_009/006/f1181/init_points.ply
[prepare] frame 1181 data ready
Dataset generated successfully at: /home/computer0/fly_project/fly_gsplat/ctrl_009/006/f1182
4 cameras loaded
Seed: [ 0.00925392 -0.00215747 -0.01449549]  triangulation residual=0.013 mm
Sampled 10000 points in 2mm sphere
Surviving points (all 4 cameras): 2110
After outlier removal: 2027 points
Saved -> /home/computer0/fly_project/fly_gsplat/ctrl_009/006/f1182/init_points.ply
[prepare] frame 1182 data ready
Dataset generated successfully at: /home/computer0/fly_project/fly_gsplat/ctrl_009/006/f1183
4 cameras loaded
Seed: [ 0.00921868 -0.00211952 -0.01451679]  triangulation residual=0.043 mm
Sampled 10000 points in 2mm sphere
Surviving points (all 4 cameras): 2126
After outlier removal: 2046 points
Saved -> /home/computer0/fly_project/fly_gsplat/ctrl_009/006/f1183/init_points.ply
[prepare] frame 1183 data ready
Dataset generated successfully at: /home/computer0/fly_project/fly_gsplat/ctrl_009/006/f1184
4 cameras loaded
Seed: [ 0.00917992 -0.00208205 -0.01453861]  triangulation residual=0.068 mm
Sampled 10000 points in 2mm sphere
Surviving points (all 4 cameras): 2044
After outlier removal: 1958 points
Saved -> /home/computer0/fly_project/fly_gsplat/ctrl_009/006/f1184/init_points.ply
[prepare] frame 1184 data ready
Dataset generated successfully at: /home/computer0/fly_project/fly_gsplat/ctrl_009/006/f1185
4 cameras loaded
Seed: [ 0.00913746 -0.00205688 -0.01455503]  triangulation residual=0.085 mm
Sampled 10000 points in 2mm sphere
Surviving points (all 4 cameras): 2037
After outlier removal: 1951 points
Saved -> /home/computer0/fly_project/fly_gsplat/ctrl_009/006/f1185/init_points.ply
[prepare] frame 1185 data ready
Dataset generated successfully at: /home/computer0/fly_project/fly_gsplat/ctrl_009/006/f1186
4 cameras loaded
Seed: [ 0.0090958  -0.00203261 -0.01458131]  triangulation residual=0.094 mm
Sampled 10000 points in 2mm sphere
Surviving points (all 4 cameras): 2004
After outlier removal: 1925 points
Saved -> /home/computer0/fly_project/fly_gsplat/ctrl_009/006/f1186/init_points.ply
[prepare] frame 1186 data ready
Dataset generated successfully at: /home/computer0/fly_project/fly_gsplat/ctrl_009/006/f1187
4 cameras loaded
Seed: [ 0.00906803 -0.00201003 -0.01462086]  triangulation residual=0.105 mm
Sampled 10000 points in 2mm sphere
Surviving points (all 4 cameras): 1984
After outlier removal: 1908 points
Saved -> /home/computer0/fly_project/fly_gsplat/ctrl_009/006/f1187/init_points.ply
[prepare] frame 1187 data ready
Dataset generated successfully at: /home/computer0/fly_project/fly_gsplat/ctrl_009/006/f1188
4 cameras loaded
Seed: [ 0.00905017 -0.00198767 -0.01465736]  triangulation residual=0.108 mm
Sampled 10000 points in 2mm sphere
Surviving points (all 4 cameras): 2056
After outlier removal: 1966 points
Saved -> /home/computer0/fly_project/fly_gsplat/ctrl_009/006/f1188/init_points.ply
[prepare] frame 1188 data ready
Dataset generated successfully at: /home/computer0/fly_project/fly_gsplat/ctrl_009/006/f1189
4 cameras loaded
Seed: [ 0.00903488 -0.00196876 -0.01470342]  triangulation residual=0.101 mm
Sampled 10000 points in 2mm sphere
Surviving points (all 4 cameras): 2002
After outlier removal: 1927 points
Saved -> /home/computer0/fly_project/fly_gsplat/ctrl_009/006/f1189/init_points.ply
[prepare] frame 1189 data ready
Dataset generated successfully at: /home/computer0/fly_project/fly_gsplat/ctrl_009/006/f1190
4 cameras loaded
Seed: [ 0.00902335 -0.00195129 -0.01474605]  triangulation residual=0.096 mm
Sampled 10000 points in 2mm sphere
Surviving points (all 4 cameras): 2081
After outlier removal: 2002 points
Saved -> /home/computer0/fly_project/fly_gsplat/ctrl_009/006/f1190/init_points.ply
[prepare] frame 1190 data ready
Dataset generated successfully at: /home/computer0/fly_project/fly_gsplat/ctrl_009/006/f1191
4 cameras loaded
Seed: [ 0.0090242  -0.00193584 -0.01478258]  triangulation residual=0.090 mm
Sampled 10000 points in 2mm sphere
Surviving points (all 4 cameras): 2238
After outlier removal: 2152 points
Saved -> /home/computer0/fly_project/fly_gsplat/ctrl_009/006/f1191/init_points.ply
[prepare] frame 1191 data ready
Dataset generated successfully at: /home/computer0/fly_project/fly_gsplat/ctrl_009/006/f1192
4 cameras loaded
Seed: [ 0.00902871 -0.00191801 -0.01482492]  triangulation residual=0.081 mm
Sampled 10000 points in 2mm sphere
Surviving points (all 4 cameras): 2193
After outlier removal: 2099 points
Saved -> /home/computer0/fly_project/fly_gsplat/ctrl_009/006/f1192/init_points.ply
[prepare] frame 1192 data ready
Dataset generated successfully at: /home/computer0/fly_project/fly_gsplat/ctrl_009/006/f1193
4 cameras loaded
Seed: [ 0.00903367 -0.00190156 -0.01486197]  triangulation residual=0.074 mm
Sampled 10000 points in 2mm sphere
Surviving points (all 4 cameras): 2236
After outlier removal: 2148 points
Saved -> /home/computer0/fly_project/fly_gsplat/ctrl_009/006/f1193/init_points.ply
[prepare] frame 1193 data ready
Dataset generated successfully at: /home/computer0/fly_project/fly_gsplat/ctrl_009/006/f1194
4 cameras loaded
Seed: [ 0.00904431 -0.00189236 -0.0149    ]  triangulation residual=0.070 mm
Sampled 10000 points in 2mm sphere
Surviving points (all 4 cameras): 2280
After outlier removal: 2186 points
Saved -> /home/computer0/fly_project/fly_gsplat/ctrl_009/006/f1194/init_points.ply
[prepare] frame 1194 data ready
Dataset generated successfully at: /home/computer0/fly_project/fly_gsplat/ctrl_009/006/f1195
4 cameras loaded
Seed: [ 0.00905964 -0.00188644 -0.01493802]  triangulation residual=0.068 mm
Sampled 10000 points in 2mm sphere
Surviving points (all 4 cameras): 2352
After outlier removal: 2254 points
Saved -> /home/computer0/fly_project/fly_gsplat/ctrl_009/006/f1195/init_points.ply
[prepare] frame 1195 data ready
Dataset generated successfully at: /home/computer0/fly_project/fly_gsplat/ctrl_009/006/f1196
4 cameras loaded
Seed: [ 0.0090838  -0.001885   -0.01496097]  triangulation residual=0.072 mm
Sampled 10000 points in 2mm sphere
Surviving points (all 4 cameras): 2379
After outlier removal: 2289 points
Saved -> /home/computer0/fly_project/fly_gsplat/ctrl_009/006/f1196/init_points.ply
[prepare] frame 1196 data ready
Dataset generated successfully at: /home/computer0/fly_project/fly_gsplat/ctrl_009/006/f1197
4 cameras loaded
Seed: [ 0.00911607 -0.00188436 -0.01498046]  triangulation residual=0.080 mm
Sampled 10000 points in 2mm sphere
Surviving points (all 4 cameras): 2244
After outlier removal: 2161 points
Saved -> /home/computer0/fly_project/fly_gsplat/ctrl_009/006/f1197/init_points.ply
[prepare] frame 1197 data ready
Dataset generated successfully at: /home/computer0/fly_project/fly_gsplat/ctrl_009/006/f1198
4 cameras loaded
Seed: [ 0.00915899 -0.00189185 -0.01498816]  triangulation residual=0.091 mm
Sampled 10000 points in 2mm sphere
Surviving points (all 4 cameras): 2300
After outlier removal: 2209 points
Saved -> /home/computer0/fly_project/fly_gsplat/ctrl_009/006/f1198/init_points.ply
[prepare] frame 1198 data ready
Dataset generated successfully at: /home/computer0/fly_project/fly_gsplat/ctrl_009/006/f1199
4 cameras loaded
Seed: [ 0.00920035 -0.00189818 -0.01501883]  triangulation residual=0.106 mm
Sampled 10000 points in 2mm sphere
Surviving points (all 4 cameras): 2297
After outlier removal: 2208 points
Saved -> /home/computer0/fly_project/fly_gsplat/ctrl_009/006/f1199/init_points.ply
[prepare] frame 1199 data ready
Dataset generated successfully at: /home/computer0/fly_project/fly_gsplat/ctrl_009/006/f1200
4 cameras loaded
Seed: [ 0.00924112 -0.00190799 -0.0150557 ]  triangulation residual=0.131 mm
Sampled 10000 points in 2mm sphere
Surviving points (all 4 cameras): 2208
After outlier removal: 2113 points
Saved -> /home/computer0/fly_project/fly_gsplat/ctrl_009/006/f1200/init_points.ply
[prepare] frame 1200 data ready
Dataset generated successfully at: /home/computer0/fly_project/fly_gsplat/ctrl_009/006/f1201
4 cameras loaded
Seed: [ 0.00928671 -0.00191006 -0.0150829 ]  triangulation residual=0.146 mm
Sampled 10000 points in 2mm sphere
Surviving points (all 4 cameras): 2124
After outlier removal: 2030 points
Saved -> /home/computer0/fly_project/fly_gsplat/ctrl_009/006/f1201/init_points.ply
[prepare] frame 1201 data ready
Dataset generated successfully at: /home/computer0/fly_project/fly_gsplat/ctrl_009/006/f1202
4 cameras loaded
Seed: [ 0.00929454 -0.00189819 -0.01511293]  triangulation residual=0.133 mm
Sampled 10000 points in 2mm sphere
Surviving points (all 4 cameras): 2367
After outlier removal: 2267 points
Saved -> /home/computer0/fly_project/fly_gsplat/ctrl_009/006/f1202/init_points.ply
[prepare] frame 1202 data ready
Dataset generated successfully at: /home/computer0/fly_project/fly_gsplat/ctrl_009/006/f1203
4 cameras loaded
Seed: [ 0.00929971 -0.0018985  -0.0151302 ]  triangulation residual=0.117 mm
Sampled 10000 points in 2mm sphere
Surviving points (all 4 cameras): 2405
After outlier removal: 2305 points
Saved -> /home/computer0/fly_project/fly_gsplat/ctrl_009/006/f1203/init_points.ply
[prepare] frame 1203 data ready
Dataset generated successfully at: /home/computer0/fly_project/fly_gsplat/ctrl_009/006/f1204
4 cameras loaded
Seed: [ 0.00929786 -0.00188796 -0.01515032]  triangulation residual=0.103 mm
Sampled 10000 points in 2mm sphere
Surviving points (all 4 cameras): 2376
After outlier removal: 2281 points
Saved -> /home/computer0/fly_project/fly_gsplat/ctrl_009/006/f1204/init_points.ply
[prepare] frame 1204 data ready
Dataset generated successfully at: /home/computer0/fly_project/fly_gsplat/ctrl_009/006/f1205
4 cameras loaded
Seed: [ 0.00928857 -0.00186318 -0.01517469]  triangulation residual=0.091 mm
Sampled 10000 points in 2mm sphere
Surviving points (all 4 cameras): 2438
After outlier removal: 2339 points
Saved -> /home/computer0/fly_project/fly_gsplat/ctrl_009/006/f1205/init_points.ply
[prepare] frame 1205 data ready
Dataset generated successfully at: /home/computer0/fly_project/fly_gsplat/ctrl_009/006/f1206
4 cameras loaded
Seed: [ 0.00928734 -0.00184084 -0.01518213]  triangulation residual=0.083 mm
Sampled 10000 points in 2mm sphere
Surviving points (all 4 cameras): 2485
After outlier removal: 2384 points
Saved -> /home/computer0/fly_project/fly_gsplat/ctrl_009/006/f1206/init_points.ply
[prepare] frame 1206 data ready
Dataset generated successfully at: /home/computer0/fly_project/fly_gsplat/ctrl_009/006/f1207
4 cameras loaded
Seed: [ 0.00928705 -0.00182284 -0.01518821]  triangulation residual=0.075 mm
Sampled 10000 points in 2mm sphere
Surviving points (all 4 cameras): 2500
After outlier removal: 2402 points
Saved -> /home/computer0/fly_project/fly_gsplat/ctrl_009/006/f1207/init_points.ply
[prepare] frame 1207 data ready
Dataset generated successfully at: /home/computer0/fly_project/fly_gsplat/ctrl_009/006/f1208
4 cameras loaded
Seed: [ 0.00929385 -0.00181243 -0.01519154]  triangulation residual=0.066 mm
Sampled 10000 points in 2mm sphere
Surviving points (all 4 cameras): 2542
After outlier removal: 2433 points
Saved -> /home/computer0/fly_project/fly_gsplat/ctrl_009/006/f1208/init_points.ply
[prepare] frame 1208 data ready
Dataset generated successfully at: /home/computer0/fly_project/fly_gsplat/ctrl_009/006/f1209
4 cameras loaded
Seed: [ 0.00931791 -0.00180448 -0.01518655]  triangulation residual=0.067 mm
Sampled 10000 points in 2mm sphere
Surviving points (all 4 cameras): 2593
After outlier removal: 2507 points
Saved -> /home/computer0/fly_project/fly_gsplat/ctrl_009/006/f1209/init_points.ply
[prepare] frame 1209 data ready
Dataset generated successfully at: /home/computer0/fly_project/fly_gsplat/ctrl_009/006/f1210
4 cameras loaded
Seed: [ 0.0093506  -0.00180134 -0.01517548]  triangulation residual=0.077 mm
Sampled 10000 points in 2mm sphere
Surviving points (all 4 cameras): 2618
After outlier removal: 2503 points
Saved -> /home/computer0/fly_project/fly_gsplat/ctrl_009/006/f1210/init_points.ply
[prepare] frame 1210 data ready
Dataset generated successfully at: /home/computer0/fly_project/fly_gsplat/ctrl_009/006/f1211
4 cameras loaded
Seed: [ 0.00938813 -0.00180033 -0.01517256]  triangulation residual=0.086 mm
Sampled 10000 points in 2mm sphere
Surviving points (all 4 cameras): 2650
After outlier removal: 2551 points
Saved -> /home/computer0/fly_project/fly_gsplat/ctrl_009/006/f1211/init_points.ply
[prepare] frame 1211 data ready
Dataset generated successfully at: /home/computer0/fly_project/fly_gsplat/ctrl_009/006/f1212
4 cameras loaded
Seed: [ 0.00943023 -0.00180394 -0.0151551 ]  triangulation residual=0.095 mm
Sampled 10000 points in 2mm sphere
Surviving points (all 4 cameras): 2497
After outlier removal: 2400 points
Saved -> /home/computer0/fly_project/fly_gsplat/ctrl_009/006/f1212/init_points.ply
[prepare] frame 1212 data ready
Dataset generated successfully at: /home/computer0/fly_project/fly_gsplat/ctrl_009/006/f1213
4 cameras loaded
Seed: [ 0.0094735  -0.00180294 -0.01514062]  triangulation residual=0.101 mm
Sampled 10000 points in 2mm sphere
Surviving points (all 4 cameras): 2396
After outlier removal: 2285 points
Saved -> /home/computer0/fly_project/fly_gsplat/ctrl_009/006/f1213/init_points.ply
[prepare] frame 1213 data ready
Dataset generated successfully at: /home/computer0/fly_project/fly_gsplat/ctrl_009/006/f1214
4 cameras loaded
Seed: [ 0.00951052 -0.00180312 -0.015133  ]  triangulation residual=0.109 mm
Sampled 10000 points in 2mm sphere
Surviving points (all 4 cameras): 2247
After outlier removal: 2163 points
Saved -> /home/computer0/fly_project/fly_gsplat/ctrl_009/006/f1214/init_points.ply
[prepare] frame 1214 data ready
Dataset generated successfully at: /home/computer0/fly_project/fly_gsplat/ctrl_009/006/f1215
4 cameras loaded
Seed: [ 0.00956144 -0.00179852 -0.01511595]  triangulation residual=0.114 mm
Sampled 10000 points in 2mm sphere
Surviving points (all 4 cameras): 2265
After outlier removal: 2179 points
Saved -> /home/computer0/fly_project/fly_gsplat/ctrl_009/006/f1215/init_points.ply
[prepare] frame 1215 data ready
Dataset generated successfully at: /home/computer0/fly_project/fly_gsplat/ctrl_009/006/f1216
4 cameras loaded
Seed: [ 0.00960897 -0.00179583 -0.0151043 ]  triangulation residual=0.119 mm
Sampled 10000 points in 2mm sphere
Surviving points (all 4 cameras): 2165
After outlier removal: 2079 points
Saved -> /home/computer0/fly_project/fly_gsplat/ctrl_009/006/f1216/init_points.ply
[prepare] frame 1216 data ready
Dataset generated successfully at: /home/computer0/fly_project/fly_gsplat/ctrl_009/006/f1217
4 cameras loaded
Seed: [ 0.00965495 -0.00179153 -0.0150879 ]  triangulation residual=0.118 mm
Sampled 10000 points in 2mm sphere
Surviving points (all 4 cameras): 2170
After outlier removal: 2083 points
Saved -> /home/computer0/fly_project/fly_gsplat/ctrl_009/006/f1217/init_points.ply
[prepare] frame 1217 data ready
Dataset generated successfully at: /home/computer0/fly_project/fly_gsplat/ctrl_009/006/f1218
4 cameras loaded
Seed: [ 0.0097073  -0.00178707 -0.0150704 ]  triangulation residual=0.114 mm
Sampled 10000 points in 2mm sphere
Surviving points (all 4 cameras): 2217
After outlier removal: 2123 points
Saved -> /home/computer0/fly_project/fly_gsplat/ctrl_009/006/f1218/init_points.ply
[prepare] frame 1218 data ready
Dataset generated successfully at: /home/computer0/fly_project/fly_gsplat/ctrl_009/006/f1219
4 cameras loaded
Seed: [ 0.00976318 -0.00178552 -0.01505073]  triangulation residual=0.104 mm
Sampled 10000 points in 2mm sphere
Surviving points (all 4 cameras): 2148
After outlier removal: 2055 points
Saved -> /home/computer0/fly_project/fly_gsplat/ctrl_009/006/f1219/init_points.ply
[prepare] frame 1219 data ready
Dataset generated successfully at: /home/computer0/fly_project/fly_gsplat/ctrl_009/006/f1220
4 cameras loaded
Seed: [ 0.00982482 -0.00178298 -0.0150314 ]  triangulation residual=0.099 mm
Sampled 10000 points in 2mm sphere
Surviving points (all 4 cameras): 2142
After outlier removal: 2068 points
Saved -> /home/computer0/fly_project/fly_gsplat/ctrl_009/006/f1220/init_points.ply
[prepare] frame 1220 data ready
Dataset generated successfully at: /home/computer0/fly_project/fly_gsplat/ctrl_009/006/f1221
4 cameras loaded
Seed: [ 0.00989787 -0.00178976 -0.01501081]  triangulation residual=0.097 mm
Sampled 10000 points in 2mm sphere
Surviving points (all 4 cameras): 2064
After outlier removal: 1981 points
Saved -> /home/computer0/fly_project/fly_gsplat/ctrl_009/006/f1221/init_points.ply
[prepare] frame 1221 data ready
Dataset generated successfully at: /home/computer0/fly_project/fly_gsplat/ctrl_009/006/f1222
4 cameras loaded
Seed: [ 0.00997184 -0.00179073 -0.0149855 ]  triangulation residual=0.094 mm
Sampled 10000 points in 2mm sphere
Surviving points (all 4 cameras): 2000
After outlier removal: 1914 points
Saved -> /home/computer0/fly_project/fly_gsplat/ctrl_009/006/f1222/init_points.ply
[prepare] frame 1222 data ready
Dataset generated successfully at: /home/computer0/fly_project/fly_gsplat/ctrl_009/006/f1223
4 cameras loaded
Seed: [ 0.01005185 -0.00179471 -0.01495576]  triangulation residual=0.082 mm
Sampled 10000 points in 2mm sphere
Surviving points (all 4 cameras): 2045
After outlier removal: 1960 points
Saved -> /home/computer0/fly_project/fly_gsplat/ctrl_009/006/f1223/init_points.ply
[prepare] frame 1223 data ready
Dataset generated successfully at: /home/computer0/fly_project/fly_gsplat/ctrl_009/006/f1224
4 cameras loaded
Seed: [ 0.01012532 -0.00178008 -0.01491047]  triangulation residual=0.065 mm
Sampled 10000 points in 2mm sphere
Surviving points (all 4 cameras): 2074
After outlier removal: 1996 points
Saved -> /home/computer0/fly_project/fly_gsplat/ctrl_009/006/f1224/init_points.ply
[prepare] frame 1224 data ready
Dataset generated successfully at: /home/computer0/fly_project/fly_gsplat/ctrl_009/006/f1225
4 cameras loaded
Seed: [ 0.01019689 -0.00177899 -0.01487566]  triangulation residual=0.057 mm
Sampled 10000 points in 2mm sphere
Surviving points (all 4 cameras): 1960
After outlier removal: 1885 points
Saved -> /home/computer0/fly_project/fly_gsplat/ctrl_009/006/f1225/init_points.ply
[prepare] frame 1225 data ready
Dataset generated successfully at: /home/computer0/fly_project/fly_gsplat/ctrl_009/006/f1226
4 cameras loaded
Seed: [ 0.0102652  -0.00176999 -0.01484608]  triangulation residual=0.067 mm
Sampled 10000 points in 2mm sphere
Surviving points (all 4 cameras): 1995
After outlier removal: 1919 points
Saved -> /home/computer0/fly_project/fly_gsplat/ctrl_009/006/f1226/init_points.ply
[prepare] frame 1226 data ready
Dataset generated successfully at: /home/computer0/fly_project/fly_gsplat/ctrl_009/006/f1227
4 cameras loaded
Seed: [ 0.01033838 -0.00176111 -0.014823  ]  triangulation residual=0.090 mm
Sampled 10000 points in 2mm sphere
Surviving points (all 4 cameras): 1916
After outlier removal: 1838 points
Saved -> /home/computer0/fly_project/fly_gsplat/ctrl_009/006/f1227/init_points.ply
[prepare] frame 1227 data ready
Dataset generated successfully at: /home/computer0/fly_project/fly_gsplat/ctrl_009/006/f1228
4 cameras loaded
Seed: [ 0.01040285 -0.00174927 -0.01480298]  triangulation residual=0.113 mm
Sampled 10000 points in 2mm sphere
Surviving points (all 4 cameras): 1935
After outlier removal: 1852 points
Saved -> /home/computer0/fly_project/fly_gsplat/ctrl_009/006/f1228/init_points.ply
[prepare] frame 1228 data ready
Dataset generated successfully at: /home/computer0/fly_project/fly_gsplat/ctrl_009/006/f1229
4 cameras loaded
Seed: [ 0.0104649  -0.00173391 -0.01478412]  triangulation residual=0.130 mm
Sampled 10000 points in 2mm sphere
Surviving points (all 4 cameras): 1853
After outlier removal: 1782 points
Saved -> /home/computer0/fly_project/fly_gsplat/ctrl_009/006/f1229/init_points.ply
[prepare] frame 1229 data ready
Dataset generated successfully at: /home/computer0/fly_project/fly_gsplat/ctrl_009/006/f1230
4 cameras loaded
Seed: [ 0.01052608 -0.00171916 -0.01477818]  triangulation residual=0.145 mm
Sampled 10000 points in 2mm sphere
Surviving points (all 4 cameras): 1900
After outlier removal: 1826 points
Saved -> /home/computer0/fly_project/fly_gsplat/ctrl_009/006/f1230/init_points.ply
[prepare] frame 1230 data ready
Dataset generated successfully at: /home/computer0/fly_project/fly_gsplat/ctrl_009/006/f1231
4 cameras loaded
Seed: [ 0.0105806  -0.00171298 -0.01477595]  triangulation residual=0.161 mm
Sampled 10000 points in 2mm sphere
Surviving points (all 4 cameras): 1907
After outlier removal: 1834 points
Saved -> /home/computer0/fly_project/fly_gsplat/ctrl_009/006/f1231/init_points.ply
[prepare] frame 1231 data ready
Dataset generated successfully at: /home/computer0/fly_project/fly_gsplat/ctrl_009/006/f1232
4 cameras loaded
Seed: [ 0.01062987 -0.00169817 -0.01477652]  triangulation residual=0.167 mm
Sampled 10000 points in 2mm sphere
Surviving points (all 4 cameras): 1939
After outlier removal: 1861 points
Saved -> /home/computer0/fly_project/fly_gsplat/ctrl_009/006/f1232/init_points.ply
[prepare] frame 1232 data ready
Dataset generated successfully at: /home/computer0/fly_project/fly_gsplat/ctrl_009/006/f1233
4 cameras loaded
Seed: [ 0.01067723 -0.00168993 -0.01479298]  triangulation residual=0.176 mm
Sampled 10000 points in 2mm sphere
Surviving points (all 4 cameras): 1902
After outlier removal: 1844 points
Saved -> /home/computer0/fly_project/fly_gsplat/ctrl_009/006/f1233/init_points.ply
[prepare] frame 1233 data ready
Dataset generated successfully at: /home/computer0/fly_project/fly_gsplat/ctrl_009/006/f1234
4 cameras loaded
Seed: [ 0.01072492 -0.00169043 -0.01481885]  triangulation residual=0.180 mm
Sampled 10000 points in 2mm sphere
Surviving points (all 4 cameras): 1863
After outlier removal: 1792 points
Saved -> /home/computer0/fly_project/fly_gsplat/ctrl_009/006/f1234/init_points.ply
[prepare] frame 1234 data ready
Dataset generated successfully at: /home/computer0/fly_project/fly_gsplat/ctrl_009/006/f1235
4 cameras loaded
Seed: [ 0.01076962 -0.00169225 -0.01485114]  triangulation residual=0.185 mm
Sampled 10000 points in 2mm sphere
Surviving points (all 4 cameras): 1802
After outlier removal: 1719 points
Saved -> /home/computer0/fly_project/fly_gsplat/ctrl_009/006/f1235/init_points.ply
[prepare] frame 1235 data ready
Dataset generated successfully at: /home/computer0/fly_project/fly_gsplat/ctrl_009/006/f1236
4 cameras loaded
Seed: [ 0.01080068 -0.0017083  -0.01488332]  triangulation residual=0.189 mm
Sampled 10000 points in 2mm sphere
Surviving points (all 4 cameras): 1766
After outlier removal: 1696 points
Saved -> /home/computer0/fly_project/fly_gsplat/ctrl_009/006/f1236/init_points.ply
[prepare] frame 1236 data ready
Dataset generated successfully at: /home/computer0/fly_project/fly_gsplat/ctrl_009/006/f1237
4 cameras loaded
Seed: [ 0.01082518 -0.00172122 -0.01491586]  triangulation residual=0.193 mm
Sampled 10000 points in 2mm sphere
Surviving points (all 4 cameras): 1713
After outlier removal: 1631 points
Saved -> /home/computer0/fly_project/fly_gsplat/ctrl_009/006/f1237/init_points.ply
[prepare] frame 1237 data ready
Dataset generated successfully at: /home/computer0/fly_project/fly_gsplat/ctrl_009/006/f1238
4 cameras loaded
Seed: [ 0.01083893 -0.00173529 -0.01495396]  triangulation residual=0.209 mm
Sampled 10000 points in 2mm sphere
Surviving points (all 4 cameras): 1675
After outlier removal: 1611 points
Saved -> /home/computer0/fly_project/fly_gsplat/ctrl_009/006/f1238/init_points.ply
[prepare] frame 1238 data ready
Dataset generated successfully at: /home/computer0/fly_project/fly_gsplat/ctrl_009/006/f1239
4 cameras loaded
Seed: [ 0.01084484 -0.00175143 -0.01498885]  triangulation residual=0.237 mm
Sampled 10000 points in 2mm sphere
Surviving points (all 4 cameras): 1577
After outlier removal: 1510 points
Saved -> /home/computer0/fly_project/fly_gsplat/ctrl_009/006/f1239/init_points.ply
[prepare] frame 1239 data ready
Dataset generated successfully at: /home/computer0/fly_project/fly_gsplat/ctrl_009/006/f1240
4 cameras loaded
Seed: [ 0.01083743 -0.00175942 -0.01502804]  triangulation residual=0.277 mm
Sampled 10000 points in 2mm sphere
Surviving points (all 4 cameras): 1498
After outlier removal: 1439 points
Saved -> /home/computer0/fly_project/fly_gsplat/ctrl_009/006/f1240/init_points.ply
[prepare] frame 1240 data ready
Dataset generated successfully at: /home/computer0/fly_project/fly_gsplat/ctrl_009/006/f1241
4 cameras loaded
Seed: [ 0.01087483 -0.00177816 -0.01506218]  triangulation residual=0.290 mm
Sampled 10000 points in 2mm sphere
Surviving points (all 4 cameras): 1381
After outlier removal: 1315 points
Saved -> /home/computer0/fly_project/fly_gsplat/ctrl_009/006/f1241/init_points.ply
[prepare] frame 1241 data ready
Dataset generated successfully at: /home/computer0/fly_project/fly_gsplat/ctrl_009/006/f1242
4 cameras loaded
Seed: [ 0.01090379 -0.00178205 -0.01507104]  triangulation residual=0.289 mm
Sampled 10000 points in 2mm sphere
Surviving points (all 4 cameras): 1363
After outlier removal: 1308 points
Saved -> /home/computer0/fly_project/fly_gsplat/ctrl_009/006/f1242/init_points.ply
[prepare] frame 1242 data ready
Dataset generated successfully at: /home/computer0/fly_project/fly_gsplat/ctrl_009/006/f1243
4 cameras loaded
Seed: [ 0.01092366 -0.00177848 -0.01507939]  triangulation residual=0.307 mm
Sampled 10000 points in 2mm sphere
Surviving points (all 4 cameras): 1419
After outlier removal: 1354 points
Saved -> /home/computer0/fly_project/fly_gsplat/ctrl_009/006/f1243/init_points.ply
[prepare] frame 1243 data ready
Dataset generated successfully at: /home/computer0/fly_project/fly_gsplat/ctrl_009/006/f1244
4 cameras loaded
Seed: [ 0.01092991 -0.00176982 -0.01507711]  triangulation residual=0.312 mm
Sampled 10000 points in 2mm sphere
Surviving points (all 4 cameras): 1390
After outlier removal: 1334 points
Saved -> /home/computer0/fly_project/fly_gsplat/ctrl_009/006/f1244/init_points.ply
[prepare] frame 1244 data ready
Dataset generated successfully at: /home/computer0/fly_project/fly_gsplat/ctrl_009/006/f1245
4 cameras loaded
Seed: [ 0.01095599 -0.00172483 -0.01506446]  triangulation residual=0.289 mm
Sampled 10000 points in 2mm sphere
Surviving points (all 4 cameras): 1419
After outlier removal: 1359 points
Saved -> /home/computer0/fly_project/fly_gsplat/ctrl_009/006/f1245/init_points.ply
[prepare] frame 1245 data ready
Dataset generated successfully at: /home/computer0/fly_project/fly_gsplat/ctrl_009/006/f1246
4 cameras loaded
Seed: [ 0.01097198 -0.00167555 -0.01505274]  triangulation residual=0.263 mm
Sampled 10000 points in 2mm sphere
Surviving points (all 4 cameras): 1537
After outlier removal: 1471 points
Saved -> /home/computer0/fly_project/fly_gsplat/ctrl_009/006/f1246/init_points.ply
[prepare] frame 1246 data ready
Dataset generated successfully at: /home/computer0/fly_project/fly_gsplat/ctrl_009/006/f1247
4 cameras loaded
Seed: [ 0.01096229 -0.00163922 -0.01502995]  triangulation residual=0.248 mm
Sampled 10000 points in 2mm sphere
Surviving points (all 4 cameras): 1578
After outlier removal: 1522 points
Saved -> /home/computer0/fly_project/fly_gsplat/ctrl_009/006/f1247/init_points.ply
[prepare] frame 1247 data ready
Dataset generated successfully at: /home/computer0/fly_project/fly_gsplat/ctrl_009/006/f1248
4 cameras loaded
Seed: [ 0.01092063 -0.00161051 -0.01500128]  triangulation residual=0.229 mm
Sampled 10000 points in 2mm sphere
Surviving points (all 4 cameras): 1609
After outlier removal: 1549 points
Saved -> /home/computer0/fly_project/fly_gsplat/ctrl_009/006/f1248/init_points.ply
[prepare] frame 1248 data ready
Dataset generated successfully at: /home/computer0/fly_project/fly_gsplat/ctrl_009/006/f1249
4 cameras loaded
Seed: [ 0.01086085 -0.00160384 -0.01498163]  triangulation residual=0.211 mm
Sampled 10000 points in 2mm sphere
Surviving points (all 4 cameras): 1639
After outlier removal: 1568 points
Saved -> /home/computer0/fly_project/fly_gsplat/ctrl_009/006/f1249/init_points.ply
[prepare] frame 1249 data ready
Dataset generated successfully at: /home/computer0/fly_project/fly_gsplat/ctrl_009/006/f1250
4 cameras loaded
Seed: [ 0.01077495 -0.00160103 -0.01496824]  triangulation residual=0.174 mm
Sampled 10000 points in 2mm sphere
Surviving points (all 4 cameras): 1551
After outlier removal: 1485 points
Saved -> /home/computer0/fly_project/fly_gsplat/ctrl_009/006/f1250/init_points.ply
[prepare] frame 1250 data ready
Dataset generated successfully at: /home/computer0/fly_project/fly_gsplat/ctrl_009/006/f1251
4 cameras loaded
Seed: [ 0.01070467 -0.0015951  -0.01498606]  triangulation residual=0.135 mm
Sampled 10000 points in 2mm sphere
Surviving points (all 4 cameras): 1488
After outlier removal: 1419 points
Saved -> /home/computer0/fly_project/fly_gsplat/ctrl_009/006/f1251/init_points.ply
[prepare] frame 1251 data ready
Dataset generated successfully at: /home/computer0/fly_project/fly_gsplat/ctrl_009/006/f1252
4 cameras loaded
Seed: [ 0.01064853 -0.00157989 -0.01502002]  triangulation residual=0.094 mm
Sampled 10000 points in 2mm sphere
Surviving points (all 4 cameras): 1589
After outlier removal: 1522 points
Saved -> /home/computer0/fly_project/fly_gsplat/ctrl_009/006/f1252/init_points.ply
[prepare] frame 1252 data ready
Dataset generated successfully at: /home/computer0/fly_project/fly_gsplat/ctrl_009/006/f1253
4 cameras loaded
Seed: [ 0.01059849 -0.00156178 -0.01504522]  triangulation residual=0.087 mm
Sampled 10000 points in 2mm sphere
Surviving points (all 4 cameras): 1547
After outlier removal: 1486 points
Saved -> /home/computer0/fly_project/fly_gsplat/ctrl_009/006/f1253/init_points.ply
[prepare] frame 1253 data ready
Dataset generated successfully at: /home/computer0/fly_project/fly_gsplat/ctrl_009/006/f1254
4 cameras loaded
Seed: [ 0.01055427 -0.00152935 -0.01505366]  triangulation residual=0.103 mm
Sampled 10000 points in 2mm sphere
Surviving points (all 4 cameras): 1492
After outlier removal: 1433 points
Saved -> /home/computer0/fly_project/fly_gsplat/ctrl_009/006/f1254/init_points.ply
[prepare] frame 1254 data ready
Dataset generated successfully at: /home/computer0/fly_project/fly_gsplat/ctrl_009/006/f1255
4 cameras loaded
Seed: [ 0.01051446 -0.00150662 -0.01505495]  triangulation residual=0.115 mm
Sampled 10000 points in 2mm sphere
Surviving points (all 4 cameras): 1466
After outlier removal: 1402 points
Saved -> /home/computer0/fly_project/fly_gsplat/ctrl_009/006/f1255/init_points.ply
[prepare] frame 1255 data ready
Dataset generated successfully at: /home/computer0/fly_project/fly_gsplat/ctrl_009/006/f1256
4 cameras loaded
Seed: [ 0.0104806  -0.00149377 -0.01508068]  triangulation residual=0.122 mm
Sampled 10000 points in 2mm sphere
Surviving points (all 4 cameras): 1507
After outlier removal: 1444 points
Saved -> /home/computer0/fly_project/fly_gsplat/ctrl_009/006/f1256/init_points.ply
[prepare] frame 1256 data ready
Dataset generated successfully at: /home/computer0/fly_project/fly_gsplat/ctrl_009/006/f1257
4 cameras loaded
Seed: [ 0.01045645 -0.00148061 -0.01511463]  triangulation residual=0.130 mm
Sampled 10000 points in 2mm sphere
Surviving points (all 4 cameras): 1425
After outlier removal: 1363 points
Saved -> /home/computer0/fly_project/fly_gsplat/ctrl_009/006/f1257/init_points.ply
[prepare] frame 1257 data ready
Dataset generated successfully at: /home/computer0/fly_project/fly_gsplat/ctrl_009/006/f1258
4 cameras loaded
Seed: [ 0.0104403  -0.00145793 -0.01515355]  triangulation residual=0.134 mm
Sampled 10000 points in 2mm sphere
Surviving points (all 4 cameras): 1494
After outlier removal: 1436 points
Saved -> /home/computer0/fly_project/fly_gsplat/ctrl_009/006/f1258/init_points.ply
[prepare] frame 1258 data ready
Dataset generated successfully at: /home/computer0/fly_project/fly_gsplat/ctrl_009/006/f1259
4 cameras loaded
Seed: [ 0.01041919 -0.00144563 -0.01519348]  triangulation residual=0.137 mm
Sampled 10000 points in 2mm sphere
Surviving points (all 4 cameras): 1452
After outlier removal: 1388 points
Saved -> /home/computer0/fly_project/fly_gsplat/ctrl_009/006/f1259/init_points.ply
[prepare] frame 1259 data ready
Dataset generated successfully at: /home/computer0/fly_project/fly_gsplat/ctrl_009/006/f1260
4 cameras loaded
Seed: [ 0.01040267 -0.00143305 -0.01523037]  triangulation residual=0.131 mm
Sampled 10000 points in 2mm sphere
Surviving points (all 4 cameras): 1518
After outlier removal: 1453 points
Saved -> /home/computer0/fly_project/fly_gsplat/ctrl_009/006/f1260/init_points.ply
[prepare] frame 1260 data ready
Dataset generated successfully at: /home/computer0/fly_project/fly_gsplat/ctrl_009/006/f1261
4 cameras loaded
Seed: [ 0.01039773 -0.00141155 -0.01526825]  triangulation residual=0.132 mm
Sampled 10000 points in 2mm sphere
Surviving points (all 4 cameras): 1493
After outlier removal: 1436 points
Saved -> /home/computer0/fly_project/fly_gsplat/ctrl_009/006/f1261/init_points.ply
[prepare] frame 1261 data ready
Dataset generated successfully at: /home/computer0/fly_project/fly_gsplat/ctrl_009/006/f1262
4 cameras loaded
Seed: [ 0.01040406 -0.00139472 -0.01530152]  triangulation residual=0.129 mm
Sampled 10000 points in 2mm sphere
Surviving points (all 4 cameras): 1561
After outlier removal: 1495 points
Saved -> /home/computer0/fly_project/fly_gsplat/ctrl_009/006/f1262/init_points.ply
[prepare] frame 1262 data ready
Dataset generated successfully at: /home/computer0/fly_project/fly_gsplat/ctrl_009/006/f1263
4 cameras loaded
Seed: [ 0.01040931 -0.00137453 -0.01533383]  triangulation residual=0.132 mm
Sampled 10000 points in 2mm sphere
Surviving points (all 4 cameras): 1584
After outlier removal: 1527 points
Saved -> /home/computer0/fly_project/fly_gsplat/ctrl_009/006/f1263/init_points.ply
[prepare] frame 1263 data ready
Dataset generated successfully at: /home/computer0/fly_project/fly_gsplat/ctrl_009/006/f1264
4 cameras loaded
Seed: [ 0.01042045 -0.00135698 -0.01535904]  triangulation residual=0.138 mm
Sampled 10000 points in 2mm sphere
Surviving points (all 4 cameras): 1573
After outlier removal: 1526 points
Saved -> /home/computer0/fly_project/fly_gsplat/ctrl_009/006/f1264/init_points.ply
[prepare] frame 1264 data ready
Dataset generated successfully at: /home/computer0/fly_project/fly_gsplat/ctrl_009/006/f1265
4 cameras loaded
Seed: [ 0.01043963 -0.00134835 -0.01538636]  triangulation residual=0.148 mm
Sampled 10000 points in 2mm sphere
Surviving points (all 4 cameras): 1551
After outlier removal: 1489 points
Saved -> /home/computer0/fly_project/fly_gsplat/ctrl_009/006/f1265/init_points.ply
[prepare] frame 1265 data ready
Dataset generated successfully at: /home/computer0/fly_project/fly_gsplat/ctrl_009/006/f1266
4 cameras loaded
Seed: [ 0.01046483 -0.00135037 -0.01539571]  triangulation residual=0.162 mm
Sampled 10000 points in 2mm sphere
Surviving points (all 4 cameras): 1517
After outlier removal: 1459 points
Saved -> /home/computer0/fly_project/fly_gsplat/ctrl_009/006/f1266/init_points.ply
[prepare] frame 1266 data ready
Dataset generated successfully at: /home/computer0/fly_project/fly_gsplat/ctrl_009/006/f1267
4 cameras loaded
Seed: [ 0.01049661 -0.00134549 -0.01541178]  triangulation residual=0.180 mm
Sampled 10000 points in 2mm sphere
Surviving points (all 4 cameras): 1442
After outlier removal: 1382 points
Saved -> /home/computer0/fly_project/fly_gsplat/ctrl_009/006/f1267/init_points.ply
[prepare] frame 1267 data ready
Dataset generated successfully at: /home/computer0/fly_project/fly_gsplat/ctrl_009/006/f1268
4 cameras loaded
Seed: [ 0.01053648 -0.00135112 -0.01542043]  triangulation residual=0.193 mm
Sampled 10000 points in 2mm sphere
Surviving points (all 4 cameras): 1469
After outlier removal: 1403 points
Saved -> /home/computer0/fly_project/fly_gsplat/ctrl_009/006/f1268/init_points.ply
[prepare] frame 1268 data ready
Dataset generated successfully at: /home/computer0/fly_project/fly_gsplat/ctrl_009/006/f1269
4 cameras loaded
Seed: [ 0.01057513 -0.00135161 -0.01545362]  triangulation residual=0.224 mm
Sampled 10000 points in 2mm sphere
Surviving points (all 4 cameras): 1427
After outlier removal: 1374 points
Saved -> /home/computer0/fly_project/fly_gsplat/ctrl_009/006/f1269/init_points.ply
[prepare] frame 1269 data ready
Dataset generated successfully at: /home/computer0/fly_project/fly_gsplat/ctrl_009/006/f1270
4 cameras loaded
Seed: [ 0.01061639 -0.00135356 -0.01548157]  triangulation residual=0.251 mm
Sampled 10000 points in 2mm sphere
Surviving points (all 4 cameras): 1247
After outlier removal: 1189 points
Saved -> /home/computer0/fly_project/fly_gsplat/ctrl_009/006/f1270/init_points.ply
[prepare] frame 1270 data ready
Dataset generated successfully at: /home/computer0/fly_project/fly_gsplat/ctrl_009/006/f1271
4 cameras loaded
Seed: [ 0.01064545 -0.00134006 -0.01550131]  triangulation residual=0.266 mm
Sampled 10000 points in 2mm sphere
Surviving points (all 4 cameras): 1245
After outlier removal: 1203 points
Saved -> /home/computer0/fly_project/fly_gsplat/ctrl_009/006/f1271/init_points.ply
[prepare] frame 1271 data ready
Dataset generated successfully at: /home/computer0/fly_project/fly_gsplat/ctrl_009/006/f1272
4 cameras loaded
Seed: [ 0.01065961 -0.00132544 -0.01552216]  triangulation residual=0.268 mm
Sampled 10000 points in 2mm sphere
Surviving points (all 4 cameras): 1196
After outlier removal: 1147 points
Saved -> /home/computer0/fly_project/fly_gsplat/ctrl_009/006/f1272/init_points.ply
[prepare] frame 1272 data ready
Dataset generated successfully at: /home/computer0/fly_project/fly_gsplat/ctrl_009/006/f1273
4 cameras loaded
Seed: [ 0.01066366 -0.00131344 -0.01553802]  triangulation residual=0.262 mm
Sampled 10000 points in 2mm sphere
Surviving points (all 4 cameras): 1208
After outlier removal: 1155 points
Saved -> /home/computer0/fly_project/fly_gsplat/ctrl_009/006/f1273/init_points.ply
[prepare] frame 1273 data ready
Dataset generated successfully at: /home/computer0/fly_project/fly_gsplat/ctrl_009/006/f1274
4 cameras loaded
Seed: [ 0.01066199 -0.00129418 -0.01556186]  triangulation residual=0.258 mm
Sampled 10000 points in 2mm sphere
Surviving points (all 4 cameras): 1120
After outlier removal: 1069 points
Saved -> /home/computer0/fly_project/fly_gsplat/ctrl_009/006/f1274/init_points.ply
[prepare] frame 1274 data ready
Dataset generated successfully at: /home/computer0/fly_project/fly_gsplat/ctrl_009/006/f1275
4 cameras loaded
Seed: [ 0.01066134 -0.00126402 -0.01558174]  triangulation residual=0.253 mm
Sampled 10000 points in 2mm sphere
Surviving points (all 4 cameras): 1161
After outlier removal: 1109 points
Saved -> /home/computer0/fly_project/fly_gsplat/ctrl_009/006/f1275/init_points.ply
[prepare] frame 1275 data ready
Dataset generated successfully at: /home/computer0/fly_project/fly_gsplat/ctrl_009/006/f1276
4 cameras loaded
Seed: [ 0.01066974 -0.00123799 -0.01558904]  triangulation residual=0.244 mm
Sampled 10000 points in 2mm sphere
Surviving points (all 4 cameras): 1208
After outlier removal: 1160 points
Saved -> /home/computer0/fly_project/fly_gsplat/ctrl_009/006/f1276/init_points.ply
[prepare] frame 1276 data ready
Dataset generated successfully at: /home/computer0/fly_project/fly_gsplat/ctrl_009/006/f1277
4 cameras loaded
Seed: [ 0.01067788 -0.00121029 -0.0155961 ]  triangulation residual=0.240 mm
Sampled 10000 points in 2mm sphere
Surviving points (all 4 cameras): 1275
After outlier removal: 1222 points
Saved -> /home/computer0/fly_project/fly_gsplat/ctrl_009/006/f1277/init_points.ply
[prepare] frame 1277 data ready
Dataset generated successfully at: /home/computer0/fly_project/fly_gsplat/ctrl_009/006/f1278
4 cameras loaded
Seed: [ 0.01069615 -0.00118652 -0.01559268]  triangulation residual=0.231 mm
Sampled 10000 points in 2mm sphere
Surviving points (all 4 cameras): 1287
After outlier removal: 1239 points
Saved -> /home/computer0/fly_project/fly_gsplat/ctrl_009/006/f1278/init_points.ply
[prepare] frame 1278 data ready
Dataset generated successfully at: /home/computer0/fly_project/fly_gsplat/ctrl_009/006/f1279
4 cameras loaded
Seed: [ 0.01073395 -0.00117083 -0.01560123]  triangulation residual=0.221 mm
Sampled 10000 points in 2mm sphere
Surviving points (all 4 cameras): 1283
After outlier removal: 1228 points
Saved -> /home/computer0/fly_project/fly_gsplat/ctrl_009/006/f1279/init_points.ply
[prepare] frame 1279 data ready
Dataset generated successfully at: /home/computer0/fly_project/fly_gsplat/ctrl_009/006/f1280
4 cameras loaded
Seed: [ 0.01077511 -0.0011516  -0.01559794]  triangulation residual=0.218 mm
Sampled 10000 points in 2mm sphere
Surviving points (all 4 cameras): 1278
After outlier removal: 1219 points
Saved -> /home/computer0/fly_project/fly_gsplat/ctrl_009/006/f1280/init_points.ply
[prepare] frame 1280 data ready
Dataset generated successfully at: /home/computer0/fly_project/fly_gsplat/ctrl_009/006/f1281
4 cameras loaded
Seed: [ 0.0108338  -0.00114758 -0.01559307]  triangulation residual=0.214 mm
Sampled 10000 points in 2mm sphere
Surviving points (all 4 cameras): 1152
After outlier removal: 1108 points
Saved -> /home/computer0/fly_project/fly_gsplat/ctrl_009/006/f1281/init_points.ply
[prepare] frame 1281 data ready
Dataset generated successfully at: /home/computer0/fly_project/fly_gsplat/ctrl_009/006/f1282
4 cameras loaded
Seed: [ 0.01088727 -0.00113555 -0.0155828 ]  triangulation residual=0.215 mm
Sampled 10000 points in 2mm sphere
Surviving points (all 4 cameras): 1235
After outlier removal: 1190 points
Saved -> /home/computer0/fly_project/fly_gsplat/ctrl_009/006/f1282/init_points.ply
[prepare] frame 1282 data ready
Dataset generated successfully at: /home/computer0/fly_project/fly_gsplat/ctrl_009/006/f1283
4 cameras loaded
Seed: [ 0.01093817 -0.00112771 -0.015581  ]  triangulation residual=0.224 mm
Sampled 10000 points in 2mm sphere
Surviving points (all 4 cameras): 1109
After outlier removal: 1062 points
Saved -> /home/computer0/fly_project/fly_gsplat/ctrl_009/006/f1283/init_points.ply
[prepare] frame 1283 data ready
Dataset generated successfully at: /home/computer0/fly_project/fly_gsplat/ctrl_009/006/f1284
4 cameras loaded
Seed: [ 0.01099376 -0.00111468 -0.01556699]  triangulation residual=0.225 mm
Sampled 10000 points in 2mm sphere
Surviving points (all 4 cameras): 1093
After outlier removal: 1042 points
Saved -> /home/computer0/fly_project/fly_gsplat/ctrl_009/006/f1284/init_points.ply
[prepare] frame 1284 data ready
Dataset generated successfully at: /home/computer0/fly_project/fly_gsplat/ctrl_009/006/f1285
4 cameras loaded
Seed: [ 0.01104956 -0.00109931 -0.0155553 ]  triangulation residual=0.241 mm
Sampled 10000 points in 2mm sphere
Surviving points (all 4 cameras): 1084
After outlier removal: 1043 points
Saved -> /home/computer0/fly_project/fly_gsplat/ctrl_009/006/f1285/init_points.ply
[prepare] frame 1285 data ready
Dataset generated successfully at: /home/computer0/fly_project/fly_gsplat/ctrl_009/006/f1286
4 cameras loaded
Seed: [ 0.01111121 -0.00107866 -0.01554806]  triangulation residual=0.254 mm
Sampled 10000 points in 2mm sphere
Surviving points (all 4 cameras): 1057
After outlier removal: 1014 points
Saved -> /home/computer0/fly_project/fly_gsplat/ctrl_009/006/f1286/init_points.ply
[prepare] frame 1286 data ready
Dataset generated successfully at: /home/computer0/fly_project/fly_gsplat/ctrl_009/006/f1287
4 cameras loaded
Seed: [ 0.01117279 -0.00105759 -0.01552652]  triangulation residual=0.270 mm
Sampled 10000 points in 2mm sphere
Surviving points (all 4 cameras): 1047
After outlier removal: 1008 points
Saved -> /home/computer0/fly_project/fly_gsplat/ctrl_009/006/f1287/init_points.ply
[prepare] frame 1287 data ready
Dataset generated successfully at: /home/computer0/fly_project/fly_gsplat/ctrl_009/006/f1288
4 cameras loaded
Seed: [ 0.01123304 -0.00103756 -0.01550974]  triangulation residual=0.291 mm
Sampled 10000 points in 2mm sphere
Surviving points (all 4 cameras): 954
After outlier removal: 916 points
Saved -> /home/computer0/fly_project/fly_gsplat/ctrl_009/006/f1288/init_points.ply
[prepare] frame 1288 data ready
Dataset generated successfully at: /home/computer0/fly_project/fly_gsplat/ctrl_009/006/f1289
4 cameras loaded
Seed: [ 0.01129433 -0.00103474 -0.01548642]  triangulation residual=0.295 mm
Sampled 10000 points in 2mm sphere
Surviving points (all 4 cameras): 893
After outlier removal: 855 points
Saved -> /home/computer0/fly_project/fly_gsplat/ctrl_009/006/f1289/init_points.ply
[prepare] frame 1289 data ready
Dataset generated successfully at: /home/computer0/fly_project/fly_gsplat/ctrl_009/006/f1290
4 cameras loaded
Seed: [ 0.01136018 -0.00103382 -0.0154675 ]  triangulation residual=0.306 mm
Sampled 10000 points in 2mm sphere
Surviving points (all 4 cameras): 975
After outlier removal: 935 points
Saved -> /home/computer0/fly_project/fly_gsplat/ctrl_009/006/f1290/init_points.ply
[prepare] frame 1290 data ready
Dataset generated successfully at: /home/computer0/fly_project/fly_gsplat/ctrl_009/006/f1291
4 cameras loaded
Seed: [ 0.01143235 -0.00104305 -0.01544797]  triangulation residual=0.319 mm
Sampled 10000 points in 2mm sphere
Surviving points (all 4 cameras): 910
After outlier removal: 886 points
Saved -> /home/computer0/fly_project/fly_gsplat/ctrl_009/006/f1291/init_points.ply
[prepare] frame 1291 data ready
Dataset generated successfully at: /home/computer0/fly_project/fly_gsplat/ctrl_009/006/f1292
4 cameras loaded
Seed: [ 0.01150582 -0.00104416 -0.01541684]  triangulation residual=0.324 mm
Sampled 10000 points in 2mm sphere
Surviving points (all 4 cameras): 895
After outlier removal: 862 points
Saved -> /home/computer0/fly_project/fly_gsplat/ctrl_009/006/f1292/init_points.ply
[prepare] frame 1292 data ready
Dataset generated successfully at: /home/computer0/fly_project/fly_gsplat/ctrl_009/006/f1293
4 cameras loaded
Seed: [ 0.01157482 -0.00106883 -0.01538649]  triangulation residual=0.333 mm
Sampled 10000 points in 2mm sphere
Surviving points (all 4 cameras): 821
After outlier removal: 788 points
Saved -> /home/computer0/fly_project/fly_gsplat/ctrl_009/006/f1293/init_points.ply
[prepare] frame 1293 data ready
Dataset generated successfully at: /home/computer0/fly_project/fly_gsplat/ctrl_009/006/f1294
4 cameras loaded
Seed: [ 0.01163863 -0.00109764 -0.01535175]  triangulation residual=0.329 mm
Sampled 10000 points in 2mm sphere
Surviving points (all 4 cameras): 893
After outlier removal: 849 points
Saved -> /home/computer0/fly_project/fly_gsplat/ctrl_009/006/f1294/init_points.ply
[prepare] frame 1294 data ready
Dataset generated successfully at: /home/computer0/fly_project/fly_gsplat/ctrl_009/006/f1295
4 cameras loaded
Seed: [ 0.01169159 -0.00112845 -0.01531047]  triangulation residual=0.322 mm
Sampled 10000 points in 2mm sphere
Surviving points (all 4 cameras): 818
After outlier removal: 788 points
Saved -> /home/computer0/fly_project/fly_gsplat/ctrl_009/006/f1295/init_points.ply
[prepare] frame 1295 data ready
Dataset generated successfully at: /home/computer0/fly_project/fly_gsplat/ctrl_009/006/f1296
4 cameras loaded
Seed: [ 0.01172711 -0.00116019 -0.01526651]  triangulation residual=0.306 mm
Sampled 10000 points in 2mm sphere
Surviving points (all 4 cameras): 828
After outlier removal: 803 points
Saved -> /home/computer0/fly_project/fly_gsplat/ctrl_009/006/f1296/init_points.ply
[prepare] frame 1296 data ready
Dataset generated successfully at: /home/computer0/fly_project/fly_gsplat/ctrl_009/006/f1297
4 cameras loaded
Seed: [ 0.01175687 -0.00120198 -0.01522084]  triangulation residual=0.301 mm
Sampled 10000 points in 2mm sphere
Surviving points (all 4 cameras): 727
After outlier removal: 696 points
Saved -> /home/computer0/fly_project/fly_gsplat/ctrl_009/006/f1297/init_points.ply
[prepare] frame 1297 data ready
Dataset generated successfully at: /home/computer0/fly_project/fly_gsplat/ctrl_009/006/f1298
4 cameras loaded
Seed: [ 0.01178172 -0.00124079 -0.01518226]  triangulation residual=0.297 mm
Sampled 10000 points in 2mm sphere
[20:02:47]  Be careful with '--eval-mode=all'. If using camera optimization, the cameras    nerfstudio_dataparser.py:216
           may diverge in the current implementation, giving unpredictable results.                                     
            Be careful with '--eval-mode=all'. If using camera optimization, the cameras    nerfstudio_dataparser.py:216
           may diverge in the current implementation, giving unpredictable results.                                     
           use color only optimization with sigmoid activation                                         splatfacto.py:266
[20:02:47]  Be careful with '--eval-mode=all'. If using camera optimization, the cameras    nerfstudio_dataparser.py:216
           may diverge in the current implementation, giving unpredictable results.                                     
            Be careful with '--eval-mode=all'. If using camera optimization, the cameras    nerfstudio_dataparser.py:216
           may diverge in the current implementation, giving unpredictable results.                                     
[20:02:48]  Be careful with '--eval-mode=all'. If using camera optimization, the cameras    nerfstudio_dataparser.py:216
           may diverge in the current implementation, giving unpredictable results.                                     
            Be careful with '--eval-mode=all'. If using camera optimization, the cameras    nerfstudio_dataparser.py:216
           may diverge in the current implementation, giving unpredictable results.                                     
[20:02:48] use color only optimization with sigmoid activation                                         splatfacto.py:266
Loading latest checkpoint from load_dir
✅ Done loading checkpoint from 
outputs/ctrl_009_006_ratio3_sh0_dense_mid200/ratio3_sh0_dense/f1105/splatfacto/2026-08-20_200104/nerfstudio_models/step-
000001999.ckpt
0 Gaussians have NaN/Inf and 4 have low opacity, only export 665/669
[20:02:48]  Be careful with '--eval-mode=all'. If using camera optimization, the cameras    nerfstudio_dataparser.py:216
           may diverge in the current implementation, giving unpredictable results.                                     
            Be careful with '--eval-mode=all'. If using camera optimization, the cameras    nerfstudio_dataparser.py:216
           may diverge in the current implementation, giving unpredictable results.                                     
           use color only optimization with sigmoid activation                                         splatfacto.py:266
           use color only optimization with sigmoid activation                                         splatfacto.py:266
[20:02:48]  Be careful with '--eval-mode=all'. If using camera optimization, the cameras    nerfstudio_dataparser.py:216
           may diverge in the current implementation, giving unpredictable results.                                     
            Be careful with '--eval-mode=all'. If using camera optimization, the cameras    nerfstudio_dataparser.py:216
           may diverge in the current implementation, giving unpredictable results.                                     
           use color only optimization with sigmoid activation                                         splatfacto.py:266
[20:02:48]  Be careful with '--eval-mode=all'. If using camera optimization, the cameras    nerfstudio_dataparser.py:216
           may diverge in the current implementation, giving unpredictable results.                                     
            Be careful with '--eval-mode=all'. If using camera optimization, the cameras    nerfstudio_dataparser.py:216
           may diverge in the current implementation, giving unpredictable results.                                     
           use color only optimization with sigmoid activation                                         splatfacto.py:266
Loading latest checkpoint from load_dir
✅ Done loading checkpoint from 
outputs/ctrl_009_006_ratio3_sh0_dense_mid200/ratio3_sh0_dense/f1108/splatfacto/2026-08-20_200104/nerfstudio_models/step-
000001999.ckpt
0 Gaussians have NaN/Inf and 1 have low opacity, only export 621/622
Loading latest checkpoint from load_dir
Loading latest checkpoint from load_dir
✅ Done loading checkpoint from 
outputs/ctrl_009_006_ratio3_sh0_dense_mid200/ratio3_sh0_dense/f1104/splatfacto/2026-08-20_200105/nerfstudio_models/step-
000001999.ckpt
0 Gaussians have NaN/Inf and 8 have low opacity, only export 726/734
✅ Done loading checkpoint from 
outputs/ctrl_009_006_ratio3_sh0_dense_mid200/ratio3_sh0_dense/f1100/splatfacto/2026-08-20_200104/nerfstudio_models/step-
000001999.ckpt
0 Gaussians have NaN/Inf and 7 have low opacity, only export 721/728
[20:02:49]  Be careful with '--eval-mode=all'. If using camera optimization, the cameras    nerfstudio_dataparser.py:216
           may diverge in the current implementation, giving unpredictable results.                                     
            Be careful with '--eval-mode=all'. If using camera optimization, the cameras    nerfstudio_dataparser.py:216
           may diverge in the current implementation, giving unpredictable results.                                     
[20:02:49]  Be careful with '--eval-mode=all'. If using camera optimization, the cameras    nerfstudio_dataparser.py:216
           may diverge in the current implementation, giving unpredictable results.                                     
            Be careful with '--eval-mode=all'. If using camera optimization, the cameras    nerfstudio_dataparser.py:216
           may diverge in the current implementation, giving unpredictable results.                                     
Loading latest checkpoint from load_dir
✅ Done loading checkpoint from 
outputs/ctrl_009_006_ratio3_sh0_dense_mid200/ratio3_sh0_dense/f1103/splatfacto/2026-08-20_200103/nerfstudio_models/step-
000001999.ckpt
0 Gaussians have NaN/Inf and 7 have low opacity, only export 710/717
           use color only optimization with sigmoid activation                                         splatfacto.py:266
[20:02:49]  Be careful with '--eval-mode=all'. If using camera optimization, the cameras    nerfstudio_dataparser.py:216
           may diverge in the current implementation, giving unpredictable results.                                     
            Be careful with '--eval-mode=all'. If using camera optimization, the cameras    nerfstudio_dataparser.py:216
           may diverge in the current implementation, giving unpredictable results.                                     
[20:02:49]  Be careful with '--eval-mode=all'. If using camera optimization, the cameras    nerfstudio_dataparser.py:216
           may diverge in the current implementation, giving unpredictable results.                                     
            Be careful with '--eval-mode=all'. If using camera optimization, the cameras    nerfstudio_dataparser.py:216
           may diverge in the current implementation, giving unpredictable results.                                     
           use color only optimization with sigmoid activation                                         splatfacto.py:266
Loading latest checkpoint from load_dir
[20:02:49]  Be careful with '--eval-mode=all'. If using camera optimization, the cameras    nerfstudio_dataparser.py:216
           may diverge in the current implementation, giving unpredictable results.                                     
            Be careful with '--eval-mode=all'. If using camera optimization, the cameras    nerfstudio_dataparser.py:216
           may diverge in the current implementation, giving unpredictable results.                                     
✅ Done loading checkpoint from 
outputs/ctrl_009_006_ratio3_sh0_dense_mid200/ratio3_sh0_dense/f1107/splatfacto/2026-08-20_200105/nerfstudio_models/step-
000001999.ckpt
           use color only optimization with sigmoid activation                                         splatfacto.py:266
0 Gaussians have NaN/Inf and 6 have low opacity, only export 625/631
           use color only optimization with sigmoid activation                                         splatfacto.py:266
           use color only optimization with sigmoid activation                                         splatfacto.py:266
[gpu0_w5] ratio3_sh0_dense__f1105 -> ok (109.2s)
[20:02:50]  Be careful with '--eval-mode=all'. If using camera optimization, the cameras    nerfstudio_dataparser.py:216
           may diverge in the current implementation, giving unpredictable results.                                     
            Be careful with '--eval-mode=all'. If using camera optimization, the cameras    nerfstudio_dataparser.py:216
           may diverge in the current implementation, giving unpredictable results.                                     
Loading latest checkpoint from load_dir
✅ Done loading checkpoint from 
outputs/ctrl_009_006_ratio3_sh0_dense_mid200/ratio3_sh0_dense/f1110/splatfacto/2026-08-20_200105/nerfstudio_models/step-
000001999.ckpt
           use color only optimization with sigmoid activation                                         splatfacto.py:266
Loading latest checkpoint from load_dir
✅ Done loading checkpoint from 
outputs/ctrl_009_006_ratio3_sh0_dense_mid200/ratio3_sh0_dense/f1109/splatfacto/2026-08-20_200105/nerfstudio_models/step-
000001999.ckpt
0 Gaussians have NaN/Inf and 10 have low opacity, only export 654/664
Loading latest checkpoint from load_dir
Loading latest checkpoint from load_dir
✅ Done loading checkpoint from 
outputs/ctrl_009_006_ratio3_sh0_dense_mid200/ratio3_sh0_dense/f1111/splatfacto/2026-08-20_200105/nerfstudio_models/step-
000001999.ckpt
0 Gaussians have NaN/Inf and 4 have low opacity, only export 693/697
✅ Done loading checkpoint from 
outputs/ctrl_009_006_ratio3_sh0_dense_mid200/ratio3_sh0_dense/f1102/splatfacto/2026-08-20_200105/nerfstudio_models/step-
000001999.ckpt
0 Gaussians have NaN/Inf and 6 have low opacity, only export 727/733
Loading latest checkpoint from load_dir
✅ Done loading checkpoint from 
outputs/ctrl_009_006_ratio3_sh0_dense_mid200/ratio3_sh0_dense/f1101/splatfacto/2026-08-20_200105/nerfstudio_models/step-
000001999.ckpt
0 Gaussians have NaN/Inf and 2 have low opacity, only export 710/712
[gpu1_w3] ratio3_sh0_dense__f1108 -> ok (110.1s)
[gpu1_w2] ratio3_sh0_dense__f1100 -> ok (110.1s)
[gpu0_w1] ratio3_sh0_dense__f1104 -> ok (110.3s)
Loading latest checkpoint from load_dir
✅ Done loading checkpoint from 
outputs/ctrl_009_006_ratio3_sh0_dense_mid200/ratio3_sh0_dense/f1106/splatfacto/2026-08-20_200104/nerfstudio_models/step-
000001999.ckpt
0 Gaussians have NaN/Inf and 7 have low opacity, only export 671/678
[gpu0_w4] ratio3_sh0_dense__f1103 -> ok (110.8s)
[gpu0_w0] ratio3_sh0_dense__f1107 -> ok (111.0s)
[gpu0_w2] ratio3_sh0_dense__f1110 -> ok (111.5s)
[gpu1_w4] ratio3_sh0_dense__f1109 -> ok (111.7s)
[gpu1_w5] ratio3_sh0_dense__f1111 -> ok (111.8s)
[gpu1_w1] ratio3_sh0_dense__f1102 -> ok (111.9s)
[gpu0_w3] ratio3_sh0_dense__f1101 -> ok (111.9s)
[gpu1_w0] ratio3_sh0_dense__f1106 -> ok (112.2s)
[20:04:46]  Be careful with '--eval-mode=all'. If using camera optimization, the cameras    nerfstudio_dataparser.py:216
           may diverge in the current implementation, giving unpredictable results.                                     
            Be careful with '--eval-mode=all'. If using camera optimization, the cameras    nerfstudio_dataparser.py:216
           may diverge in the current implementation, giving unpredictable results.                                     
[20:04:46]  Be careful with '--eval-mode=all'. If using camera optimization, the cameras    nerfstudio_dataparser.py:216
           may diverge in the current implementation, giving unpredictable results.                                     
            Be careful with '--eval-mode=all'. If using camera optimization, the cameras    nerfstudio_dataparser.py:216
           may diverge in the current implementation, giving unpredictable results.                                     
[20:04:46]  Be careful with '--eval-mode=all'. If using camera optimization, the cameras    nerfstudio_dataparser.py:216
           may diverge in the current implementation, giving unpredictable results.                                     
            Be careful with '--eval-mode=all'. If using camera optimization, the cameras    nerfstudio_dataparser.py:216
           may diverge in the current implementation, giving unpredictable results.                                     
[20:04:46]  Be careful with '--eval-mode=all'. If using camera optimization, the cameras    nerfstudio_dataparser.py:216
           may diverge in the current implementation, giving unpredictable results.                                     
            Be careful with '--eval-mode=all'. If using camera optimization, the cameras    nerfstudio_dataparser.py:216
           may diverge in the current implementation, giving unpredictable results.                                     
           use color only optimization with sigmoid activation                                         splatfacto.py:266
           use color only optimization with sigmoid activation                                         splatfacto.py:266
           use color only optimization with sigmoid activation                                         splatfacto.py:266
[20:04:47] use color only optimization with sigmoid activation                                         splatfacto.py:266
[20:04:47]  Be careful with '--eval-mode=all'. If using camera optimization, the cameras    nerfstudio_dataparser.py:216
           may diverge in the current implementation, giving unpredictable results.                                     
            Be careful with '--eval-mode=all'. If using camera optimization, the cameras    nerfstudio_dataparser.py:216
           may diverge in the current implementation, giving unpredictable results.                                     
[20:04:47]  Be careful with '--eval-mode=all'. If using camera optimization, the cameras    nerfstudio_dataparser.py:216
           may diverge in the current implementation, giving unpredictable results.                                     
            Be careful with '--eval-mode=all'. If using camera optimization, the cameras    nerfstudio_dataparser.py:216
           may diverge in the current implementation, giving unpredictable results.                                     
[20:04:47]  Be careful with '--eval-mode=all'. If using camera optimization, the cameras    nerfstudio_dataparser.py:216
           may diverge in the current implementation, giving unpredictable results.                                     
            Be careful with '--eval-mode=all'. If using camera optimization, the cameras    nerfstudio_dataparser.py:216
           may diverge in the current implementation, giving unpredictable results.                                     
           use color only optimization with sigmoid activation                                         splatfacto.py:266
           use color only optimization with sigmoid activation                                         splatfacto.py:266
           use color only optimization with sigmoid activation                                         splatfacto.py:266
Loading latest checkpoint from load_dir
Loading latest checkpoint from load_dir
✅ Done loading checkpoint from 
outputs/ctrl_009_006_ratio3_sh0_dense_mid200/ratio3_sh0_dense/f1112/splatfacto/2026-08-20_200301/nerfstudio_models/step-
000001999.ckpt
Loading latest checkpoint from load_dir
✅ Done loading checkpoint from 
outputs/ctrl_009_006_ratio3_sh0_dense_mid200/ratio3_sh0_dense/f1115/splatfacto/2026-08-20_200302/nerfstudio_models/step-
000001999.ckpt
0 Gaussians have NaN/Inf and 4 have low opacity, only export 706/710
0 Gaussians have NaN/Inf and 5 have low opacity, only export 745/750
✅ Done loading checkpoint from 
outputs/ctrl_009_006_ratio3_sh0_dense_mid200/ratio3_sh0_dense/f1117/splatfacto/2026-08-20_200302/nerfstudio_models/step-
000001999.ckpt
0 Gaussians have NaN/Inf and 5 have low opacity, only export 653/658
Loading latest checkpoint from load_dir
✅ Done loading checkpoint from 
outputs/ctrl_009_006_ratio3_sh0_dense_mid200/ratio3_sh0_dense/f1116/splatfacto/2026-08-20_200302/nerfstudio_models/step-
000001999.ckpt
0 Gaussians have NaN/Inf and 5 have low opacity, only export 665/670
[20:04:48]  Be careful with '--eval-mode=all'. If using camera optimization, the cameras    nerfstudio_dataparser.py:216
           may diverge in the current implementation, giving unpredictable results.                                     
            Be careful with '--eval-mode=all'. If using camera optimization, the cameras    nerfstudio_dataparser.py:216
           may diverge in the current implementation, giving unpredictable results.                                     
           use color only optimization with sigmoid activation                                         splatfacto.py:266
[20:04:48]  Be careful with '--eval-mode=all'. If using camera optimization, the cameras    nerfstudio_dataparser.py:216
           may diverge in the current implementation, giving unpredictable results.                                     
            Be careful with '--eval-mode=all'. If using camera optimization, the cameras    nerfstudio_dataparser.py:216
           may diverge in the current implementation, giving unpredictable results.                                     
Loading latest checkpoint from load_dir
Loading latest checkpoint from load_dir
Loading latest checkpoint from load_dir
✅ Done loading checkpoint from 
outputs/ctrl_009_006_ratio3_sh0_dense_mid200/ratio3_sh0_dense/f1113/splatfacto/2026-08-20_200301/nerfstudio_models/step-
000001999.ckpt
0 Gaussians have NaN/Inf and 5 have low opacity, only export 709/714
✅ Done loading checkpoint from 
outputs/ctrl_009_006_ratio3_sh0_dense_mid200/ratio3_sh0_dense/f1114/splatfacto/2026-08-20_200302/nerfstudio_models/step-
000001999.ckpt
✅ Done loading checkpoint from 
outputs/ctrl_009_006_ratio3_sh0_dense_mid200/ratio3_sh0_dense/f1121/splatfacto/2026-08-20_200303/nerfstudio_models/step-
000001999.ckpt
0 Gaussians have NaN/Inf and 6 have low opacity, only export 698/704
0 Gaussians have NaN/Inf and 1 have low opacity, only export 710/711
           use color only optimization with sigmoid activation                                         splatfacto.py:266
[20:04:48]  Be careful with '--eval-mode=all'. If using camera optimization, the cameras    nerfstudio_dataparser.py:216
           may diverge in the current implementation, giving unpredictable results.                                     
            Be careful with '--eval-mode=all'. If using camera optimization, the cameras    nerfstudio_dataparser.py:216
           may diverge in the current implementation, giving unpredictable results.                                     
           use color only optimization with sigmoid activation                                         splatfacto.py:266
[20:04:49]  Be careful with '--eval-mode=all'. If using camera optimization, the cameras    nerfstudio_dataparser.py:216
           may diverge in the current implementation, giving unpredictable results.                                     
            Be careful with '--eval-mode=all'. If using camera optimization, the cameras    nerfstudio_dataparser.py:216
           may diverge in the current implementation, giving unpredictable results.                                     
           use color only optimization with sigmoid activation                                         splatfacto.py:266
Loading latest checkpoint from load_dir
✅ Done loading checkpoint from 
outputs/ctrl_009_006_ratio3_sh0_dense_mid200/ratio3_sh0_dense/f1120/splatfacto/2026-08-20_200303/nerfstudio_models/step-
000001999.ckpt
Loading latest checkpoint from load_dir
0 Gaussians have NaN/Inf and 5 have low opacity, only export 720/725
✅ Done loading checkpoint from 
outputs/ctrl_009_006_ratio3_sh0_dense_mid200/ratio3_sh0_dense/f1123/splatfacto/2026-08-20_200303/nerfstudio_models/step-
000001999.ckpt
[20:04:49]  Be careful with '--eval-mode=all'. If using camera optimization, the cameras    nerfstudio_dataparser.py:216
           may diverge in the current implementation, giving unpredictable results.                                     
            Be careful with '--eval-mode=all'. If using camera optimization, the cameras    nerfstudio_dataparser.py:216
           may diverge in the current implementation, giving unpredictable results.                                     
0 Gaussians have NaN/Inf and 5 have low opacity, only export 676/681
Loading latest checkpoint from load_dir
✅ Done loading checkpoint from 
outputs/ctrl_009_006_ratio3_sh0_dense_mid200/ratio3_sh0_dense/f1122/splatfacto/2026-08-20_200302/nerfstudio_models/step-
000001999.ckpt
0 Gaussians have NaN/Inf and 1 have low opacity, only export 704/705
           use color only optimization with sigmoid activation                                         splatfacto.py:266
[gpu0_w5] ratio3_sh0_dense__f1112 -> ok (111.3s)
[gpu0_w1] ratio3_sh0_dense__f1115 -> ok (110.4s)
[gpu0_w0] ratio3_sh0_dense__f1117 -> ok (109.6s)
[gpu0_w4] ratio3_sh0_dense__f1116 -> ok (109.9s)
Loading latest checkpoint from load_dir
✅ Done loading checkpoint from 
outputs/ctrl_009_006_ratio3_sh0_dense_mid200/ratio3_sh0_dense/f1118/splatfacto/2026-08-20_200303/nerfstudio_models/step-
000001999.ckpt
0 Gaussians have NaN/Inf and 5 have low opacity, only export 606/611
Loading latest checkpoint from load_dir
✅ Done loading checkpoint from 
outputs/ctrl_009_006_ratio3_sh0_dense_mid200/ratio3_sh0_dense/f1119/splatfacto/2026-08-20_200303/nerfstudio_models/step-
000001999.ckpt
0 Gaussians have NaN/Inf and 6 have low opacity, only export 626/632
[gpu1_w1] ratio3_sh0_dense__f1121 -> ok (109.4s)
[gpu1_w2] ratio3_sh0_dense__f1114 -> ok (111.2s)
[gpu1_w3] ratio3_sh0_dense__f1113 -> ok (111.3s)
[gpu0_w3] ratio3_sh0_dense__f1122 -> ok (110.2s)
[gpu1_w5] ratio3_sh0_dense__f1120 -> ok (110.3s)
[gpu1_w0] ratio3_sh0_dense__f1123 -> ok (109.9s)
[gpu0_w2] ratio3_sh0_dense__f1118 -> ok (111.3s)
[gpu1_w4] ratio3_sh0_dense__f1119 -> ok (111.1s)
[20:06:41]  Be careful with '--eval-mode=all'. If using camera optimization, the cameras    nerfstudio_dataparser.py:216
           may diverge in the current implementation, giving unpredictable results.                                     
            Be careful with '--eval-mode=all'. If using camera optimization, the cameras    nerfstudio_dataparser.py:216
           may diverge in the current implementation, giving unpredictable results.                                     
[20:06:41]  Be careful with '--eval-mode=all'. If using camera optimization, the cameras    nerfstudio_dataparser.py:216
           may diverge in the current implementation, giving unpredictable results.                                     
            Be careful with '--eval-mode=all'. If using camera optimization, the cameras    nerfstudio_dataparser.py:216
           may diverge in the current implementation, giving unpredictable results.                                     
           use color only optimization with sigmoid activation                                         splatfacto.py:266
           use color only optimization with sigmoid activation                                         splatfacto.py:266
Loading latest checkpoint from load_dir
✅ Done loading checkpoint from 
outputs/ctrl_009_006_ratio3_sh0_dense_mid200/ratio3_sh0_dense/f1125/splatfacto/2026-08-20_200458/nerfstudio_models/step-
000001999.ckpt
0 Gaussians have NaN/Inf and 2 have low opacity, only export 832/834
Loading latest checkpoint from load_dir
✅ Done loading checkpoint from 
outputs/ctrl_009_006_ratio3_sh0_dense_mid200/ratio3_sh0_dense/f1124/splatfacto/2026-08-20_200457/nerfstudio_models/step-
000001999.ckpt
0 Gaussians have NaN/Inf and 3 have low opacity, only export 693/696
[20:06:42]  Be careful with '--eval-mode=all'. If using camera optimization, the cameras    nerfstudio_dataparser.py:216
           may diverge in the current implementation, giving unpredictable results.                                     
            Be careful with '--eval-mode=all'. If using camera optimization, the cameras    nerfstudio_dataparser.py:216
           may diverge in the current implementation, giving unpredictable results.                                     
           use color only optimization with sigmoid activation                                         splatfacto.py:266
[20:06:43]  Be careful with '--eval-mode=all'. If using camera optimization, the cameras    nerfstudio_dataparser.py:216
           may diverge in the current implementation, giving unpredictable results.                                     
            Be careful with '--eval-mode=all'. If using camera optimization, the cameras    nerfstudio_dataparser.py:216
           may diverge in the current implementation, giving unpredictable results.                                     
           use color only optimization with sigmoid activation                                         splatfacto.py:266
Loading latest checkpoint from load_dir
✅ Done loading checkpoint from 
outputs/ctrl_009_006_ratio3_sh0_dense_mid200/ratio3_sh0_dense/f1130/splatfacto/2026-08-20_200458/nerfstudio_models/step-
000001999.ckpt
0 Gaussians have NaN/Inf and 2 have low opacity, only export 980/982
[20:06:43]  Be careful with '--eval-mode=all'. If using camera optimization, the cameras    nerfstudio_dataparser.py:216
           may diverge in the current implementation, giving unpredictable results.                                     
            Be careful with '--eval-mode=all'. If using camera optimization, the cameras    nerfstudio_dataparser.py:216
           may diverge in the current implementation, giving unpredictable results.                                     
           use color only optimization with sigmoid activation                                         splatfacto.py:266
[20:06:44]  Be careful with '--eval-mode=all'. If using camera optimization, the cameras    nerfstudio_dataparser.py:216
           may diverge in the current implementation, giving unpredictable results.                                     
            Be careful with '--eval-mode=all'. If using camera optimization, the cameras    nerfstudio_dataparser.py:216
           may diverge in the current implementation, giving unpredictable results.                                     
[20:06:44]  Be careful with '--eval-mode=all'. If using camera optimization, the cameras    nerfstudio_dataparser.py:216
           may diverge in the current implementation, giving unpredictable results.                                     
            Be careful with '--eval-mode=all'. If using camera optimization, the cameras    nerfstudio_dataparser.py:216
           may diverge in the current implementation, giving unpredictable results.                                     
[gpu0_w1] ratio3_sh0_dense__f1125 -> ok (107.4s)
           use color only optimization with sigmoid activation                                         splatfacto.py:266
           use color only optimization with sigmoid activation                                         splatfacto.py:266
[gpu0_w5] ratio3_sh0_dense__f1124 -> ok (107.7s)
Loading latest checkpoint from load_dir
✅ Done loading checkpoint from 
outputs/ctrl_009_006_ratio3_sh0_dense_mid200/ratio3_sh0_dense/f1127/splatfacto/2026-08-20_200459/nerfstudio_models/step-
000001999.ckpt
[20:06:44]  Be careful with '--eval-mode=all'. If using camera optimization, the cameras    nerfstudio_dataparser.py:216
           may diverge in the current implementation, giving unpredictable results.                                     
            Be careful with '--eval-mode=all'. If using camera optimization, the cameras    nerfstudio_dataparser.py:216
           may diverge in the current implementation, giving unpredictable results.                                     
Loading latest checkpoint from load_dir
✅ Done loading checkpoint from 
outputs/ctrl_009_006_ratio3_sh0_dense_mid200/ratio3_sh0_dense/f1126/splatfacto/2026-08-20_200459/nerfstudio_models/step-
000001999.ckpt
[20:06:44]  Be careful with '--eval-mode=all'. If using camera optimization, the cameras    nerfstudio_dataparser.py:216
           may diverge in the current implementation, giving unpredictable results.                                     
0 Gaussians have NaN/Inf and 4 have low opacity, only export 790/794
            Be careful with '--eval-mode=all'. If using camera optimization, the cameras    nerfstudio_dataparser.py:216
           may diverge in the current implementation, giving unpredictable results.                                     
           use color only optimization with sigmoid activation                                         splatfacto.py:266
[20:06:44]  Be careful with '--eval-mode=all'. If using camera optimization, the cameras    nerfstudio_dataparser.py:216
           may diverge in the current implementation, giving unpredictable results.                                     
            Be careful with '--eval-mode=all'. If using camera optimization, the cameras    nerfstudio_dataparser.py:216
           may diverge in the current implementation, giving unpredictable results.                                     
           use color only optimization with sigmoid activation                                         splatfacto.py:266
           use color only optimization with sigmoid activation                                         splatfacto.py:266
Loading latest checkpoint from load_dir
Loading latest checkpoint from load_dir
[20:06:45]  Be careful with '--eval-mode=all'. If using camera optimization, the cameras    nerfstudio_dataparser.py:216
           may diverge in the current implementation, giving unpredictable results.                                     
            Be careful with '--eval-mode=all'. If using camera optimization, the cameras    nerfstudio_dataparser.py:216
           may diverge in the current implementation, giving unpredictable results.                                     
✅ Done loading checkpoint from 
outputs/ctrl_009_006_ratio3_sh0_dense_mid200/ratio3_sh0_dense/f1131/splatfacto/2026-08-20_200500/nerfstudio_models/step-
000001999.ckpt
✅ Done loading checkpoint from 
outputs/ctrl_009_006_ratio3_sh0_dense_mid200/ratio3_sh0_dense/f1134/splatfacto/2026-08-20_200459/nerfstudio_models/step-
000001999.ckpt
0 Gaussians have NaN/Inf and 3 have low opacity, only export 984/987
0 Gaussians have NaN/Inf and 5 have low opacity, only export 736/741
[20:06:45]  Be careful with '--eval-mode=all'. If using camera optimization, the cameras    nerfstudio_dataparser.py:216
           may diverge in the current implementation, giving unpredictable results.                                     
            Be careful with '--eval-mode=all'. If using camera optimization, the cameras    nerfstudio_dataparser.py:216
           may diverge in the current implementation, giving unpredictable results.                                     
           use color only optimization with sigmoid activation                                         splatfacto.py:266
           use color only optimization with sigmoid activation                                         splatfacto.py:266
[gpu1_w3] ratio3_sh0_dense__f1130 -> ok (108.1s)
Loading latest checkpoint from load_dir
✅ Done loading checkpoint from 
outputs/ctrl_009_006_ratio3_sh0_dense_mid200/ratio3_sh0_dense/f1132/splatfacto/2026-08-20_200459/nerfstudio_models/step-
000001999.ckpt
0 Gaussians have NaN/Inf and 4 have low opacity, only export 866/870
Loading latest checkpoint from load_dir
✅ Done loading checkpoint from 
outputs/ctrl_009_006_ratio3_sh0_dense_mid200/ratio3_sh0_dense/f1128/splatfacto/2026-08-20_200459/nerfstudio_models/step-
000001999.ckpt
Loading latest checkpoint from load_dir
Loading latest checkpoint from load_dir
✅ Done loading checkpoint from 
outputs/ctrl_009_006_ratio3_sh0_dense_mid200/ratio3_sh0_dense/f1135/splatfacto/2026-08-20_200459/nerfstudio_models/step-
000001999.ckpt
0 Gaussians have NaN/Inf and 2 have low opacity, only export 791/793
✅ Done loading checkpoint from 
outputs/ctrl_009_006_ratio3_sh0_dense_mid200/ratio3_sh0_dense/f1133/splatfacto/2026-08-20_200500/nerfstudio_models/step-
000001999.ckpt
0 Gaussians have NaN/Inf and 3 have low opacity, only export 764/767
Loading latest checkpoint from load_dir
✅ Done loading checkpoint from 
outputs/ctrl_009_006_ratio3_sh0_dense_mid200/ratio3_sh0_dense/f1129/splatfacto/2026-08-20_200458/nerfstudio_models/step-
000001999.ckpt
0 Gaussians have NaN/Inf and 1 have low opacity, only export 967/968
[gpu0_w4] ratio3_sh0_dense__f1127 -> ok (109.7s)
[gpu0_w0] ratio3_sh0_dense__f1126 -> ok (110.2s)
[gpu0_w2] ratio3_sh0_dense__f1134 -> ok (108.2s)
[gpu0_w3] ratio3_sh0_dense__f1131 -> ok (109.0s)
[gpu1_w5] ratio3_sh0_dense__f1132 -> ok (109.4s)
[gpu1_w0] ratio3_sh0_dense__f1133 -> ok (109.6s)
[gpu1_w2] ratio3_sh0_dense__f1129 -> ok (110.5s)
[gpu1_w1] ratio3_sh0_dense__f1128 -> ok (110.6s)
[gpu1_w4] ratio3_sh0_dense__f1135 -> ok (109.0s)
[20:08:38]  Be careful with '--eval-mode=all'. If using camera optimization, the cameras    nerfstudio_dataparser.py:216
           may diverge in the current implementation, giving unpredictable results.                                     
            Be careful with '--eval-mode=all'. If using camera optimization, the cameras    nerfstudio_dataparser.py:216
           may diverge in the current implementation, giving unpredictable results.                                     
           use color only optimization with sigmoid activation                                         splatfacto.py:266
[20:08:38]  Be careful with '--eval-mode=all'. If using camera optimization, the cameras    nerfstudio_dataparser.py:216
           may diverge in the current implementation, giving unpredictable results.                                     
            Be careful with '--eval-mode=all'. If using camera optimization, the cameras    nerfstudio_dataparser.py:216
           may diverge in the current implementation, giving unpredictable results.                                     
           use color only optimization with sigmoid activation                                         splatfacto.py:266
[20:08:38]  Be careful with '--eval-mode=all'. If using camera optimization, the cameras    nerfstudio_dataparser.py:216
           may diverge in the current implementation, giving unpredictable results.                                     
[20:08:39]  Be careful with '--eval-mode=all'. If using camera optimization, the cameras    nerfstudio_dataparser.py:216
           may diverge in the current implementation, giving unpredictable results.                                     
[20:08:39]  Be careful with '--eval-mode=all'. If using camera optimization, the cameras    nerfstudio_dataparser.py:216
           may diverge in the current implementation, giving unpredictable results.                                     
           use color only optimization with sigmoid activation                                         splatfacto.py:266
            Be careful with '--eval-mode=all'. If using camera optimization, the cameras    nerfstudio_dataparser.py:216
           may diverge in the current implementation, giving unpredictable results.                                     
[20:08:39]  Be careful with '--eval-mode=all'. If using camera optimization, the cameras    nerfstudio_dataparser.py:216
           may diverge in the current implementation, giving unpredictable results.                                     
            Be careful with '--eval-mode=all'. If using camera optimization, the cameras    nerfstudio_dataparser.py:216
           may diverge in the current implementation, giving unpredictable results.                                     
Loading latest checkpoint from load_dir
✅ Done loading checkpoint from 
outputs/ctrl_009_006_ratio3_sh0_dense_mid200/ratio3_sh0_dense/f1136/splatfacto/2026-08-20_200653/nerfstudio_models/step-
000001999.ckpt
0 Gaussians have NaN/Inf and 3 have low opacity, only export 779/782
           use color only optimization with sigmoid activation                                         splatfacto.py:266
           use color only optimization with sigmoid activation                                         splatfacto.py:266
Loading latest checkpoint from load_dir
[20:08:39]  Be careful with '--eval-mode=all'. If using camera optimization, the cameras    nerfstudio_dataparser.py:216
           may diverge in the current implementation, giving unpredictable results.                                     
            Be careful with '--eval-mode=all'. If using camera optimization, the cameras    nerfstudio_dataparser.py:216
           may diverge in the current implementation, giving unpredictable results.                                     
✅ Done loading checkpoint from 
outputs/ctrl_009_006_ratio3_sh0_dense_mid200/ratio3_sh0_dense/f1137/splatfacto/2026-08-20_200653/nerfstudio_models/step-
000001999.ckpt
0 Gaussians have NaN/Inf and 3 have low opacity, only export 818/821
           use color only optimization with sigmoid activation                                         splatfacto.py:266
Loading latest checkpoint from load_dir
✅ Done loading checkpoint from 
outputs/ctrl_009_006_ratio3_sh0_dense_mid200/ratio3_sh0_dense/f1138/splatfacto/2026-08-20_200654/nerfstudio_models/step-
000001999.ckpt
0 Gaussians have NaN/Inf and 1 have low opacity, only export 837/838
Loading latest checkpoint from load_dir
✅ Done loading checkpoint from 
outputs/ctrl_009_006_ratio3_sh0_dense_mid200/ratio3_sh0_dense/f1141/splatfacto/2026-08-20_200655/nerfstudio_models/step-
000001999.ckpt
Loading latest checkpoint from load_dir
0 Gaussians have NaN/Inf and 5 have low opacity, only export 697/702
✅ Done loading checkpoint from 
outputs/ctrl_009_006_ratio3_sh0_dense_mid200/ratio3_sh0_dense/f1139/splatfacto/2026-08-20_200654/nerfstudio_models/step-
000001999.ckpt
0 Gaussians have NaN/Inf and 1 have low opacity, only export 772/773
Loading latest checkpoint from load_dir
✅ Done loading checkpoint from 
outputs/ctrl_009_006_ratio3_sh0_dense_mid200/ratio3_sh0_dense/f1140/splatfacto/2026-08-20_200655/nerfstudio_models/step-
000001999.ckpt
0 Gaussians have NaN/Inf and 3 have low opacity, only export 770/773
[20:08:41]  Be careful with '--eval-mode=all'. If using camera optimization, the cameras    nerfstudio_dataparser.py:216
           may diverge in the current implementation, giving unpredictable results.                                     
            Be careful with '--eval-mode=all'. If using camera optimization, the cameras    nerfstudio_dataparser.py:216
           may diverge in the current implementation, giving unpredictable results.                                     
[gpu0_w1] ratio3_sh0_dense__f1136 -> ok (111.3s)
           use color only optimization with sigmoid activation                                         splatfacto.py:266
[20:08:41]  Be careful with '--eval-mode=all'. If using camera optimization, the cameras    nerfstudio_dataparser.py:216
           may diverge in the current implementation, giving unpredictable results.                                     
[20:08:41]  Be careful with '--eval-mode=all'. If using camera optimization, the cameras    nerfstudio_dataparser.py:216
           may diverge in the current implementation, giving unpredictable results.                                     
            Be careful with '--eval-mode=all'. If using camera optimization, the cameras    nerfstudio_dataparser.py:216
           may diverge in the current implementation, giving unpredictable results.                                     
            Be careful with '--eval-mode=all'. If using camera optimization, the cameras    nerfstudio_dataparser.py:216
           may diverge in the current implementation, giving unpredictable results.                                     
[gpu0_w5] ratio3_sh0_dense__f1137 -> ok (111.6s)
           use color only optimization with sigmoid activation                                         splatfacto.py:266
           use color only optimization with sigmoid activation                                         splatfacto.py:266
[20:08:41]  Be careful with '--eval-mode=all'. If using camera optimization, the cameras    nerfstudio_dataparser.py:216
           may diverge in the current implementation, giving unpredictable results.                                     
            Be careful with '--eval-mode=all'. If using camera optimization, the cameras    nerfstudio_dataparser.py:216
           may diverge in the current implementation, giving unpredictable results.                                     
[20:08:42]  Be careful with '--eval-mode=all'. If using camera optimization, the cameras    nerfstudio_dataparser.py:216
           may diverge in the current implementation, giving unpredictable results.                                     
            Be careful with '--eval-mode=all'. If using camera optimization, the cameras    nerfstudio_dataparser.py:216
           may diverge in the current implementation, giving unpredictable results.                                     
[20:08:42] use color only optimization with sigmoid activation                                         splatfacto.py:266
[gpu1_w3] ratio3_sh0_dense__f1138 -> ok (110.7s)
[20:08:42]  Be careful with '--eval-mode=all'. If using camera optimization, the cameras    nerfstudio_dataparser.py:216
           may diverge in the current implementation, giving unpredictable results.                                     
            Be careful with '--eval-mode=all'. If using camera optimization, the cameras    nerfstudio_dataparser.py:216
           may diverge in the current implementation, giving unpredictable results.                                     
Loading latest checkpoint from load_dir
           use color only optimization with sigmoid activation                                         splatfacto.py:266
✅ Done loading checkpoint from 
outputs/ctrl_009_006_ratio3_sh0_dense_mid200/ratio3_sh0_dense/f1144/splatfacto/2026-08-20_200656/nerfstudio_models/step-
000001999.ckpt
[gpu0_w2] ratio3_sh0_dense__f1141 -> ok (109.3s)
[gpu0_w4] ratio3_sh0_dense__f1139 -> ok (110.0s)
           use color only optimization with sigmoid activation                                         splatfacto.py:266
[gpu0_w0] ratio3_sh0_dense__f1140 -> ok (109.9s)
Loading latest checkpoint from load_dir
Loading latest checkpoint from load_dir
✅ Done loading checkpoint from 
outputs/ctrl_009_006_ratio3_sh0_dense_mid200/ratio3_sh0_dense/f1147/splatfacto/2026-08-20_200656/nerfstudio_models/step-
000001999.ckpt
✅ Done loading checkpoint from 
outputs/ctrl_009_006_ratio3_sh0_dense_mid200/ratio3_sh0_dense/f1142/splatfacto/2026-08-20_200655/nerfstudio_models/step-
000001999.ckpt
0 Gaussians have NaN/Inf and 1 have low opacity, only export 716/717
0 Gaussians have NaN/Inf and 2 have low opacity, only export 760/762
Loading latest checkpoint from load_dir
✅ Done loading checkpoint from 
outputs/ctrl_009_006_ratio3_sh0_dense_mid200/ratio3_sh0_dense/f1146/splatfacto/2026-08-20_200656/nerfstudio_models/step-
000001999.ckpt
0 Gaussians have NaN/Inf and 3 have low opacity, only export 794/797
Loading latest checkpoint from load_dir
✅ Done loading checkpoint from 
outputs/ctrl_009_006_ratio3_sh0_dense_mid200/ratio3_sh0_dense/f1145/splatfacto/2026-08-20_200656/nerfstudio_models/step-
000001999.ckpt
0 Gaussians have NaN/Inf and 6 have low opacity, only export 821/827
Loading latest checkpoint from load_dir
✅ Done loading checkpoint from 
outputs/ctrl_009_006_ratio3_sh0_dense_mid200/ratio3_sh0_dense/f1143/splatfacto/2026-08-20_200655/nerfstudio_models/step-
000001999.ckpt
0 Gaussians have NaN/Inf and 6 have low opacity, only export 821/827
[gpu1_w0] ratio3_sh0_dense__f1144 -> ok (110.6s)
[gpu0_w3] ratio3_sh0_dense__f1142 -> ok (111.8s)
[gpu1_w4] ratio3_sh0_dense__f1147 -> ok (110.9s)
[gpu1_w1] ratio3_sh0_dense__f1146 -> ok (111.1s)
[gpu1_w5] ratio3_sh0_dense__f1143 -> ok (111.6s)
[gpu1_w2] ratio3_sh0_dense__f1145 -> ok (111.3s)
[20:10:37]  Be careful with '--eval-mode=all'. If using camera optimization, the cameras    nerfstudio_dataparser.py:216
           may diverge in the current implementation, giving unpredictable results.                                     
            Be careful with '--eval-mode=all'. If using camera optimization, the cameras    nerfstudio_dataparser.py:216
           may diverge in the current implementation, giving unpredictable results.                                     
[20:10:37]  Be careful with '--eval-mode=all'. If using camera optimization, the cameras    nerfstudio_dataparser.py:216
           may diverge in the current implementation, giving unpredictable results.                                     
            Be careful with '--eval-mode=all'. If using camera optimization, the cameras    nerfstudio_dataparser.py:216
           may diverge in the current implementation, giving unpredictable results.                                     
[20:10:37]  Be careful with '--eval-mode=all'. If using camera optimization, the cameras    nerfstudio_dataparser.py:216
           may diverge in the current implementation, giving unpredictable results.                                     
            Be careful with '--eval-mode=all'. If using camera optimization, the cameras    nerfstudio_dataparser.py:216
           may diverge in the current implementation, giving unpredictable results.                                     
           use color only optimization with sigmoid activation                                         splatfacto.py:266
[20:10:37]  Be careful with '--eval-mode=all'. If using camera optimization, the cameras    nerfstudio_dataparser.py:216
           may diverge in the current implementation, giving unpredictable results.                                     
            Be careful with '--eval-mode=all'. If using camera optimization, the cameras    nerfstudio_dataparser.py:216
           may diverge in the current implementation, giving unpredictable results.                                     
           use color only optimization with sigmoid activation                                         splatfacto.py:266
[20:10:38] use color only optimization with sigmoid activation                                         splatfacto.py:266
[20:10:38] use color only optimization with sigmoid activation                                         splatfacto.py:266
[20:10:38]  Be careful with '--eval-mode=all'. If using camera optimization, the cameras    nerfstudio_dataparser.py:216
           may diverge in the current implementation, giving unpredictable results.                                     
            Be careful with '--eval-mode=all'. If using camera optimization, the cameras    nerfstudio_dataparser.py:216
           may diverge in the current implementation, giving unpredictable results.                                     
           use color only optimization with sigmoid activation                                         splatfacto.py:266
[20:10:38]  Be careful with '--eval-mode=all'. If using camera optimization, the cameras    nerfstudio_dataparser.py:216
           may diverge in the current implementation, giving unpredictable results.                                     
            Be careful with '--eval-mode=all'. If using camera optimization, the cameras    nerfstudio_dataparser.py:216
           may diverge in the current implementation, giving unpredictable results.                                     
[20:10:38]  Be careful with '--eval-mode=all'. If using camera optimization, the cameras    nerfstudio_dataparser.py:216
           may diverge in the current implementation, giving unpredictable results.                                     
            Be careful with '--eval-mode=all'. If using camera optimization, the cameras    nerfstudio_dataparser.py:216
           may diverge in the current implementation, giving unpredictable results.                                     
Loading latest checkpoint from load_dir
✅ Done loading checkpoint from 
outputs/ctrl_009_006_ratio3_sh0_dense_mid200/ratio3_sh0_dense/f1148/splatfacto/2026-08-20_200852/nerfstudio_models/step-
000001999.ckpt
0 Gaussians have NaN/Inf and 3 have low opacity, only export 828/831
Loading latest checkpoint from load_dir
           use color only optimization with sigmoid activation                                         splatfacto.py:266
Loading latest checkpoint from load_dir
✅ Done loading checkpoint from 
outputs/ctrl_009_006_ratio3_sh0_dense_mid200/ratio3_sh0_dense/f1149/splatfacto/2026-08-20_200852/nerfstudio_models/step-
000001999.ckpt
           use color only optimization with sigmoid activation                                         splatfacto.py:266
✅ Done loading checkpoint from 
outputs/ctrl_009_006_ratio3_sh0_dense_mid200/ratio3_sh0_dense/f1152/splatfacto/2026-08-20_200853/nerfstudio_models/step-
000001999.ckpt
0 Gaussians have NaN/Inf and 4 have low opacity, only export 828/832
0 Gaussians have NaN/Inf and 4 have low opacity, only export 736/740
Loading latest checkpoint from load_dir
✅ Done loading checkpoint from 
outputs/ctrl_009_006_ratio3_sh0_dense_mid200/ratio3_sh0_dense/f1150/splatfacto/2026-08-20_200852/nerfstudio_models/step-
000001999.ckpt
0 Gaussians have NaN/Inf and 3 have low opacity, only export 774/777
[20:10:39]  Be careful with '--eval-mode=all'. If using camera optimization, the cameras    nerfstudio_dataparser.py:216
           may diverge in the current implementation, giving unpredictable results.                                     
            Be careful with '--eval-mode=all'. If using camera optimization, the cameras    nerfstudio_dataparser.py:216
           may diverge in the current implementation, giving unpredictable results.                                     
           use color only optimization with sigmoid activation                                         splatfacto.py:266
Loading latest checkpoint from load_dir
✅ Done loading checkpoint from 
outputs/ctrl_009_006_ratio3_sh0_dense_mid200/ratio3_sh0_dense/f1151/splatfacto/2026-08-20_200852/nerfstudio_models/step-
000001999.ckpt
0 Gaussians have NaN/Inf and 1 have low opacity, only export 784/785
Loading latest checkpoint from load_dir
✅ Done loading checkpoint from 
outputs/ctrl_009_006_ratio3_sh0_dense_mid200/ratio3_sh0_dense/f1159/splatfacto/2026-08-20_200853/nerfstudio_models/step-
000001999.ckpt
Loading latest checkpoint from load_dir
✅ Done loading checkpoint from 
outputs/ctrl_009_006_ratio3_sh0_dense_mid200/ratio3_sh0_dense/f1154/splatfacto/2026-08-20_200853/nerfstudio_models/step-
000001999.ckpt
0 Gaussians have NaN/Inf and 3 have low opacity, only export 694/697
Loading latest checkpoint from load_dir
✅ Done loading checkpoint from 
outputs/ctrl_009_006_ratio3_sh0_dense_mid200/ratio3_sh0_dense/f1153/splatfacto/2026-08-20_200853/nerfstudio_models/step-
000001999.ckpt
0 Gaussians have NaN/Inf and 5 have low opacity, only export 696/701
[gpu0_w5] ratio3_sh0_dense__f1149 -> ok (111.5s)
[gpu0_w1] ratio3_sh0_dense__f1148 -> ok (112.0s)
[gpu0_w4] ratio3_sh0_dense__f1152 -> ok (111.1s)
[gpu1_w3] ratio3_sh0_dense__f1150 -> ok (111.3s)
[gpu0_w2] ratio3_sh0_dense__f1151 -> ok (111.4s)
[20:10:41]  Be careful with '--eval-mode=all'. If using camera optimization, the cameras    nerfstudio_dataparser.py:216
           may diverge in the current implementation, giving unpredictable results.                                     
            Be careful with '--eval-mode=all'. If using camera optimization, the cameras    nerfstudio_dataparser.py:216
           may diverge in the current implementation, giving unpredictable results.                                     
           use color only optimization with sigmoid activation                                         splatfacto.py:266
[20:10:41]  Be careful with '--eval-mode=all'. If using camera optimization, the cameras    nerfstudio_dataparser.py:216
           may diverge in the current implementation, giving unpredictable results.                                     
            Be careful with '--eval-mode=all'. If using camera optimization, the cameras    nerfstudio_dataparser.py:216
           may diverge in the current implementation, giving unpredictable results.                                     
           use color only optimization with sigmoid activation                                         splatfacto.py:266
[gpu1_w2] ratio3_sh0_dense__f1159 -> ok (109.1s)
[20:10:41]  Be careful with '--eval-mode=all'. If using camera optimization, the cameras    nerfstudio_dataparser.py:216
           may diverge in the current implementation, giving unpredictable results.                                     
            Be careful with '--eval-mode=all'. If using camera optimization, the cameras    nerfstudio_dataparser.py:216
           may diverge in the current implementation, giving unpredictable results.                                     
[gpu1_w0] ratio3_sh0_dense__f1154 -> ok (110.0s)
[gpu0_w0] ratio3_sh0_dense__f1153 -> ok (111.6s)
[20:10:42]  Be careful with '--eval-mode=all'. If using camera optimization, the cameras    nerfstudio_dataparser.py:216
           may diverge in the current implementation, giving unpredictable results.                                     
[20:10:42] use color only optimization with sigmoid activation                                         splatfacto.py:266
            Be careful with '--eval-mode=all'. If using camera optimization, the cameras    nerfstudio_dataparser.py:216
           may diverge in the current implementation, giving unpredictable results.                                     
           use color only optimization with sigmoid activation                                         splatfacto.py:266
Loading latest checkpoint from load_dir
✅ Done loading checkpoint from 
outputs/ctrl_009_006_ratio3_sh0_dense_mid200/ratio3_sh0_dense/f1157/splatfacto/2026-08-20_200855/nerfstudio_models/step-
000001999.ckpt
0 Gaussians have NaN/Inf and 2 have low opacity, only export 708/710
Loading latest checkpoint from load_dir
✅ Done loading checkpoint from 
outputs/ctrl_009_006_ratio3_sh0_dense_mid200/ratio3_sh0_dense/f1155/splatfacto/2026-08-20_200855/nerfstudio_models/step-
000001999.ckpt
0 Gaussians have NaN/Inf and 4 have low opacity, only export 748/752
Loading latest checkpoint from load_dir
✅ Done loading checkpoint from 
outputs/ctrl_009_006_ratio3_sh0_dense_mid200/ratio3_sh0_dense/f1156/splatfacto/2026-08-20_200855/nerfstudio_models/step-
000001999.ckpt
0 Gaussians have NaN/Inf and 6 have low opacity, only export 698/704
Loading latest checkpoint from load_dir
✅ Done loading checkpoint from 
outputs/ctrl_009_006_ratio3_sh0_dense_mid200/ratio3_sh0_dense/f1158/splatfacto/2026-08-20_200856/nerfstudio_models/step-
000001999.ckpt
0 Gaussians have NaN/Inf and 4 have low opacity, only export 788/792
[gpu1_w1] ratio3_sh0_dense__f1157 -> ok (111.8s)
[gpu0_w3] ratio3_sh0_dense__f1155 -> ok (112.0s)
[gpu1_w4] ratio3_sh0_dense__f1156 -> ok (112.1s)
[gpu1_w5] ratio3_sh0_dense__f1158 -> ok (112.1s)
[20:12:32]  Be careful with '--eval-mode=all'. If using camera optimization, the cameras    nerfstudio_dataparser.py:216
           may diverge in the current implementation, giving unpredictable results.                                     
            Be careful with '--eval-mode=all'. If using camera optimization, the cameras    nerfstudio_dataparser.py:216
           may diverge in the current implementation, giving unpredictable results.                                     
[20:12:33] use color only optimization with sigmoid activation                                         splatfacto.py:266
[20:12:33]  Be careful with '--eval-mode=all'. If using camera optimization, the cameras    nerfstudio_dataparser.py:216
           may diverge in the current implementation, giving unpredictable results.                                     
            Be careful with '--eval-mode=all'. If using camera optimization, the cameras    nerfstudio_dataparser.py:216
           may diverge in the current implementation, giving unpredictable results.                                     
[20:12:33]  Be careful with '--eval-mode=all'. If using camera optimization, the cameras    nerfstudio_dataparser.py:216
           may diverge in the current implementation, giving unpredictable results.                                     
            Be careful with '--eval-mode=all'. If using camera optimization, the cameras    nerfstudio_dataparser.py:216
           may diverge in the current implementation, giving unpredictable results.                                     
           use color only optimization with sigmoid activation                                         splatfacto.py:266
Loading latest checkpoint from load_dir
[20:12:33]  Be careful with '--eval-mode=all'. If using camera optimization, the cameras    nerfstudio_dataparser.py:216
           may diverge in the current implementation, giving unpredictable results.                                     
            Be careful with '--eval-mode=all'. If using camera optimization, the cameras    nerfstudio_dataparser.py:216
           may diverge in the current implementation, giving unpredictable results.                                     
✅ Done loading checkpoint from 
outputs/ctrl_009_006_ratio3_sh0_dense_mid200/ratio3_sh0_dense/f1161/splatfacto/2026-08-20_201048/nerfstudio_models/step-
000001999.ckpt
0 Gaussians have NaN/Inf and 4 have low opacity, only export 630/634
           use color only optimization with sigmoid activation                                         splatfacto.py:266
[20:12:33]  Be careful with '--eval-mode=all'. If using camera optimization, the cameras    nerfstudio_dataparser.py:216
           may diverge in the current implementation, giving unpredictable results.                                     
[20:12:34]  Be careful with '--eval-mode=all'. If using camera optimization, the cameras    nerfstudio_dataparser.py:216
           may diverge in the current implementation, giving unpredictable results.                                     
[20:12:34] use color only optimization with sigmoid activation                                         splatfacto.py:266
           use color only optimization with sigmoid activation                                         splatfacto.py:266
[20:12:34]  Be careful with '--eval-mode=all'. If using camera optimization, the cameras    nerfstudio_dataparser.py:216
           may diverge in the current implementation, giving unpredictable results.                                     
            Be careful with '--eval-mode=all'. If using camera optimization, the cameras    nerfstudio_dataparser.py:216
           may diverge in the current implementation, giving unpredictable results.                                     
           use color only optimization with sigmoid activation                                         splatfacto.py:266
Loading latest checkpoint from load_dir
✅ Done loading checkpoint from 
outputs/ctrl_009_006_ratio3_sh0_dense_mid200/ratio3_sh0_dense/f1160/splatfacto/2026-08-20_201049/nerfstudio_models/step-
000001999.ckpt
Loading latest checkpoint from load_dir
0 Gaussians have NaN/Inf and 3 have low opacity, only export 808/811
✅ Done loading checkpoint from 
outputs/ctrl_009_006_ratio3_sh0_dense_mid200/ratio3_sh0_dense/f1165/splatfacto/2026-08-20_201050/nerfstudio_models/step-
000001999.ckpt
0 Gaussians have NaN/Inf and 1 have low opacity, only export 698/699
Loading latest checkpoint from load_dir
✅ Done loading checkpoint from 
outputs/ctrl_009_006_ratio3_sh0_dense_mid200/ratio3_sh0_dense/f1163/splatfacto/2026-08-20_201050/nerfstudio_models/step-
000001999.ckpt
0 Gaussians have NaN/Inf and 2 have low opacity, only export 673/675
Loading latest checkpoint from load_dir
✅ Done loading checkpoint from 
outputs/ctrl_009_006_ratio3_sh0_dense_mid200/ratio3_sh0_dense/f1164/splatfacto/2026-08-20_201050/nerfstudio_models/step-
000001999.ckpt
0 Gaussians have NaN/Inf and 1 have low opacity, only export 691/692
Loading latest checkpoint from load_dir
✅ Done loading checkpoint from 
outputs/ctrl_009_006_ratio3_sh0_dense_mid200/ratio3_sh0_dense/f1162/splatfacto/2026-08-20_201050/nerfstudio_models/step-
000001999.ckpt
0 Gaussians have NaN/Inf and 8 have low opacity, only export 649/657
[gpu0_w1] ratio3_sh0_dense__f1161 -> ok (109.0s)
[20:12:36]  Be careful with '--eval-mode=all'. If using camera optimization, the cameras    nerfstudio_dataparser.py:216
           may diverge in the current implementation, giving unpredictable results.                                     
            Be careful with '--eval-mode=all'. If using camera optimization, the cameras    nerfstudio_dataparser.py:216
           may diverge in the current implementation, giving unpredictable results.                                     
[20:12:36]  Be careful with '--eval-mode=all'. If using camera optimization, the cameras    nerfstudio_dataparser.py:216
           may diverge in the current implementation, giving unpredictable results.                                     
            Be careful with '--eval-mode=all'. If using camera optimization, the cameras    nerfstudio_dataparser.py:216
           may diverge in the current implementation, giving unpredictable results.                                     
           use color only optimization with sigmoid activation                                         splatfacto.py:266
           use color only optimization with sigmoid activation                                         splatfacto.py:266
[gpu1_w2] ratio3_sh0_dense__f1165 -> ok (108.9s)
[gpu0_w5] ratio3_sh0_dense__f1160 -> ok (109.8s)
[gpu0_w2] ratio3_sh0_dense__f1164 -> ok (109.6s)
[gpu1_w3] ratio3_sh0_dense__f1163 -> ok (109.9s)
[20:12:36]  Be careful with '--eval-mode=all'. If using camera optimization, the cameras    nerfstudio_dataparser.py:216
           may diverge in the current implementation, giving unpredictable results.                                     
            Be careful with '--eval-mode=all'. If using camera optimization, the cameras    nerfstudio_dataparser.py:216
           may diverge in the current implementation, giving unpredictable results.                                     
[20:12:37] use color only optimization with sigmoid activation                                         splatfacto.py:266
Loading latest checkpoint from load_dir
[20:12:37]  Be careful with '--eval-mode=all'. If using camera optimization, the cameras    nerfstudio_dataparser.py:216
           may diverge in the current implementation, giving unpredictable results.                                     
            Be careful with '--eval-mode=all'. If using camera optimization, the cameras    nerfstudio_dataparser.py:216
           may diverge in the current implementation, giving unpredictable results.                                     
✅ Done loading checkpoint from 
outputs/ctrl_009_006_ratio3_sh0_dense_mid200/ratio3_sh0_dense/f1166/splatfacto/2026-08-20_201051/nerfstudio_models/step-
000001999.ckpt
Loading latest checkpoint from load_dir
0 Gaussians have NaN/Inf and 2 have low opacity, only export 716/718
✅ Done loading checkpoint from 
outputs/ctrl_009_006_ratio3_sh0_dense_mid200/ratio3_sh0_dense/f1167/splatfacto/2026-08-20_201050/nerfstudio_models/step-
000001999.ckpt
0 Gaussians have NaN/Inf and 6 have low opacity, only export 676/682
[gpu0_w4] ratio3_sh0_dense__f1162 -> ok (110.5s)
           use color only optimization with sigmoid activation                                         splatfacto.py:266
[20:12:37]  Be careful with '--eval-mode=all'. If using camera optimization, the cameras    nerfstudio_dataparser.py:216
           may diverge in the current implementation, giving unpredictable results.                                     
            Be careful with '--eval-mode=all'. If using camera optimization, the cameras    nerfstudio_dataparser.py:216
           may diverge in the current implementation, giving unpredictable results.                                     
           use color only optimization with sigmoid activation                                         splatfacto.py:266
Loading latest checkpoint from load_dir
✅ Done loading checkpoint from 
outputs/ctrl_009_006_ratio3_sh0_dense_mid200/ratio3_sh0_dense/f1171/splatfacto/2026-08-20_201053/nerfstudio_models/step-
000001999.ckpt
0 Gaussians have NaN/Inf and 4 have low opacity, only export 675/679
Loading latest checkpoint from load_dir
✅ Done loading checkpoint from 
outputs/ctrl_009_006_ratio3_sh0_dense_mid200/ratio3_sh0_dense/f1170/splatfacto/2026-08-20_201052/nerfstudio_models/step-
000001999.ckpt
0 Gaussians have NaN/Inf and 3 have low opacity, only export 665/668
[20:12:38]  Be careful with '--eval-mode=all'. If using camera optimization, the cameras    nerfstudio_dataparser.py:216
           may diverge in the current implementation, giving unpredictable results.                                     
            Be careful with '--eval-mode=all'. If using camera optimization, the cameras    nerfstudio_dataparser.py:216
           may diverge in the current implementation, giving unpredictable results.                                     
           use color only optimization with sigmoid activation                                         splatfacto.py:266
Loading latest checkpoint from load_dir
✅ Done loading checkpoint from 
outputs/ctrl_009_006_ratio3_sh0_dense_mid200/ratio3_sh0_dense/f1168/splatfacto/2026-08-20_201053/nerfstudio_models/step-
000001999.ckpt
0 Gaussians have NaN/Inf and 4 have low opacity, only export 699/703
[gpu1_w0] ratio3_sh0_dense__f1166 -> ok (111.3s)
[gpu0_w0] ratio3_sh0_dense__f1167 -> ok (111.3s)
Loading latest checkpoint from load_dir
✅ Done loading checkpoint from 
outputs/ctrl_009_006_ratio3_sh0_dense_mid200/ratio3_sh0_dense/f1169/splatfacto/2026-08-20_201053/nerfstudio_models/step-
000001999.ckpt
0 Gaussians have NaN/Inf and 7 have low opacity, only export 616/623
[gpu1_w5] ratio3_sh0_dense__f1171 -> ok (109.2s)
[gpu1_w4] ratio3_sh0_dense__f1170 -> ok (109.6s)
[gpu1_w1] ratio3_sh0_dense__f1168 -> ok (110.3s)
[gpu0_w3] ratio3_sh0_dense__f1169 -> ok (110.9s)
[20:14:28]  Be careful with '--eval-mode=all'. If using camera optimization, the cameras    nerfstudio_dataparser.py:216
           may diverge in the current implementation, giving unpredictable results.                                     
            Be careful with '--eval-mode=all'. If using camera optimization, the cameras    nerfstudio_dataparser.py:216
           may diverge in the current implementation, giving unpredictable results.                                     
           use color only optimization with sigmoid activation                                         splatfacto.py:266
Loading latest checkpoint from load_dir
✅ Done loading checkpoint from 
outputs/ctrl_009_006_ratio3_sh0_dense_mid200/ratio3_sh0_dense/f1175/splatfacto/2026-08-20_201246/nerfstudio_models/step-
000001999.ckpt
0 Gaussians have NaN/Inf and 2 have low opacity, only export 666/668
[20:14:31]  Be careful with '--eval-mode=all'. If using camera optimization, the cameras    nerfstudio_dataparser.py:216
           may diverge in the current implementation, giving unpredictable results.                                     
            Be careful with '--eval-mode=all'. If using camera optimization, the cameras    nerfstudio_dataparser.py:216
           may diverge in the current implementation, giving unpredictable results.                                     
           use color only optimization with sigmoid activation                                         splatfacto.py:266
[20:14:31]  Be careful with '--eval-mode=all'. If using camera optimization, the cameras    nerfstudio_dataparser.py:216
           may diverge in the current implementation, giving unpredictable results.                                     
            Be careful with '--eval-mode=all'. If using camera optimization, the cameras    nerfstudio_dataparser.py:216
           may diverge in the current implementation, giving unpredictable results.                                     
[20:14:31]  Be careful with '--eval-mode=all'. If using camera optimization, the cameras    nerfstudio_dataparser.py:216
           may diverge in the current implementation, giving unpredictable results.                                     
            Be careful with '--eval-mode=all'. If using camera optimization, the cameras    nerfstudio_dataparser.py:216
           may diverge in the current implementation, giving unpredictable results.                                     
[gpu0_w2] ratio3_sh0_dense__f1175 -> ok (107.4s)
[20:14:31]  Be careful with '--eval-mode=all'. If using camera optimization, the cameras    nerfstudio_dataparser.py:216
           may diverge in the current implementation, giving unpredictable results.                                     
            Be careful with '--eval-mode=all'. If using camera optimization, the cameras    nerfstudio_dataparser.py:216
           may diverge in the current implementation, giving unpredictable results.                                     
           use color only optimization with sigmoid activation                                         splatfacto.py:266
           use color only optimization with sigmoid activation                                         splatfacto.py:266
           use color only optimization with sigmoid activation                                         splatfacto.py:266
Loading latest checkpoint from load_dir
✅ Done loading checkpoint from 
outputs/ctrl_009_006_ratio3_sh0_dense_mid200/ratio3_sh0_dense/f1176/splatfacto/2026-08-20_201247/nerfstudio_models/step-
000001999.ckpt
0 Gaussians have NaN/Inf and 5 have low opacity, only export 674/679
[20:14:32]  Be careful with '--eval-mode=all'. If using camera optimization, the cameras    nerfstudio_dataparser.py:216
           may diverge in the current implementation, giving unpredictable results.                                     
            Be careful with '--eval-mode=all'. If using camera optimization, the cameras    nerfstudio_dataparser.py:216
           may diverge in the current implementation, giving unpredictable results.                                     
           use color only optimization with sigmoid activation                                         splatfacto.py:266
[20:14:32]  Be careful with '--eval-mode=all'. If using camera optimization, the cameras    nerfstudio_dataparser.py:216
           may diverge in the current implementation, giving unpredictable results.                                     
Loading latest checkpoint from load_dir
            Be careful with '--eval-mode=all'. If using camera optimization, the cameras    nerfstudio_dataparser.py:216
           may diverge in the current implementation, giving unpredictable results.                                     
✅ Done loading checkpoint from 
outputs/ctrl_009_006_ratio3_sh0_dense_mid200/ratio3_sh0_dense/f1172/splatfacto/2026-08-20_201246/nerfstudio_models/step-
000001999.ckpt
0 Gaussians have NaN/Inf and 2 have low opacity, only export 756/758
Loading latest checkpoint from load_dir
Loading latest checkpoint from load_dir
✅ Done loading checkpoint from 
outputs/ctrl_009_006_ratio3_sh0_dense_mid200/ratio3_sh0_dense/f1174/splatfacto/2026-08-20_201247/nerfstudio_models/step-
000001999.ckpt
0 Gaussians have NaN/Inf and 2 have low opacity, only export 749/751
✅ Done loading checkpoint from 
outputs/ctrl_009_006_ratio3_sh0_dense_mid200/ratio3_sh0_dense/f1173/splatfacto/2026-08-20_201247/nerfstudio_models/step-
000001999.ckpt
0 Gaussians have NaN/Inf and 2 have low opacity, only export 679/681
           use color only optimization with sigmoid activation                                         splatfacto.py:266
Loading latest checkpoint from load_dir
✅ Done loading checkpoint from 
outputs/ctrl_009_006_ratio3_sh0_dense_mid200/ratio3_sh0_dense/f1177/splatfacto/2026-08-20_201247/nerfstudio_models/step-
000001999.ckpt
0 Gaussians have NaN/Inf and 8 have low opacity, only export 728/736
Loading latest checkpoint from load_dir
✅ Done loading checkpoint from 
outputs/ctrl_009_006_ratio3_sh0_dense_mid200/ratio3_sh0_dense/f1178/splatfacto/2026-08-20_201249/nerfstudio_models/step-
000001999.ckpt
0 Gaussians have NaN/Inf and 5 have low opacity, only export 767/772
[gpu1_w3] ratio3_sh0_dense__f1176 -> ok (109.7s)
[20:14:34]  Be careful with '--eval-mode=all'. If using camera optimization, the cameras    nerfstudio_dataparser.py:216
           may diverge in the current implementation, giving unpredictable results.                                     
            Be careful with '--eval-mode=all'. If using camera optimization, the cameras    nerfstudio_dataparser.py:216
           may diverge in the current implementation, giving unpredictable results.                                     
[20:14:34]  Be careful with '--eval-mode=all'. If using camera optimization, the cameras    nerfstudio_dataparser.py:216
           may diverge in the current implementation, giving unpredictable results.                                     
            Be careful with '--eval-mode=all'. If using camera optimization, the cameras    nerfstudio_dataparser.py:216
           may diverge in the current implementation, giving unpredictable results.                                     
[20:14:34]  Be careful with '--eval-mode=all'. If using camera optimization, the cameras    nerfstudio_dataparser.py:216
           may diverge in the current implementation, giving unpredictable results.                                     
            Be careful with '--eval-mode=all'. If using camera optimization, the cameras    nerfstudio_dataparser.py:216
           may diverge in the current implementation, giving unpredictable results.                                     
[gpu0_w1] ratio3_sh0_dense__f1172 -> ok (111.4s)
           use color only optimization with sigmoid activation                                         splatfacto.py:266
           use color only optimization with sigmoid activation                                         splatfacto.py:266
           use color only optimization with sigmoid activation                                         splatfacto.py:266
[20:14:34]  Be careful with '--eval-mode=all'. If using camera optimization, the cameras    nerfstudio_dataparser.py:216
           may diverge in the current implementation, giving unpredictable results.                                     
            Be careful with '--eval-mode=all'. If using camera optimization, the cameras    nerfstudio_dataparser.py:216
           may diverge in the current implementation, giving unpredictable results.                                     
[gpu1_w2] ratio3_sh0_dense__f1173 -> ok (110.9s)
[gpu0_w5] ratio3_sh0_dense__f1174 -> ok (110.9s)
[20:14:35] use color only optimization with sigmoid activation                                         splatfacto.py:266
[20:14:35]  Be careful with '--eval-mode=all'. If using camera optimization, the cameras    nerfstudio_dataparser.py:216
           may diverge in the current implementation, giving unpredictable results.                                     
            Be careful with '--eval-mode=all'. If using camera optimization, the cameras    nerfstudio_dataparser.py:216
           may diverge in the current implementation, giving unpredictable results.                                     
[gpu0_w4] ratio3_sh0_dense__f1177 -> ok (110.3s)
           use color only optimization with sigmoid activation                                         splatfacto.py:266
Loading latest checkpoint from load_dir
Loading latest checkpoint from load_dir
✅ Done loading checkpoint from 
outputs/ctrl_009_006_ratio3_sh0_dense_mid200/ratio3_sh0_dense/f1179/splatfacto/2026-08-20_201249/nerfstudio_models/step-
000001999.ckpt
0 Gaussians have NaN/Inf and 4 have low opacity, only export 687/691
✅ Done loading checkpoint from 
outputs/ctrl_009_006_ratio3_sh0_dense_mid200/ratio3_sh0_dense/f1181/splatfacto/2026-08-20_201250/nerfstudio_models/step-
000001999.ckpt
0 Gaussians have NaN/Inf and 5 have low opacity, only export 672/677
[gpu1_w0] ratio3_sh0_dense__f1178 -> ok (109.1s)
Loading latest checkpoint from load_dir
✅ Done loading checkpoint from 
outputs/ctrl_009_006_ratio3_sh0_dense_mid200/ratio3_sh0_dense/f1182/splatfacto/2026-08-20_201250/nerfstudio_models/step-
000001999.ckpt
0 Gaussians have NaN/Inf and 5 have low opacity, only export 708/713
Loading latest checkpoint from load_dir
✅ Done loading checkpoint from 
outputs/ctrl_009_006_ratio3_sh0_dense_mid200/ratio3_sh0_dense/f1180/splatfacto/2026-08-20_201249/nerfstudio_models/step-
000001999.ckpt
0 Gaussians have NaN/Inf and 4 have low opacity, only export 670/674
Loading latest checkpoint from load_dir
✅ Done loading checkpoint from 
outputs/ctrl_009_006_ratio3_sh0_dense_mid200/ratio3_sh0_dense/f1183/splatfacto/2026-08-20_201250/nerfstudio_models/step-
000001999.ckpt
0 Gaussians have NaN/Inf and 4 have low opacity, only export 672/676
[gpu0_w0] ratio3_sh0_dense__f1179 -> ok (111.0s)
[gpu1_w4] ratio3_sh0_dense__f1181 -> ok (110.0s)
[gpu1_w5] ratio3_sh0_dense__f1180 -> ok (110.3s)
[gpu1_w1] ratio3_sh0_dense__f1182 -> ok (109.6s)
[gpu0_w3] ratio3_sh0_dense__f1183 -> ok (109.2s)
[20:16:23]  Be careful with '--eval-mode=all'. If using camera optimization, the cameras    nerfstudio_dataparser.py:216
           may diverge in the current implementation, giving unpredictable results.                                     
            Be careful with '--eval-mode=all'. If using camera optimization, the cameras    nerfstudio_dataparser.py:216
           may diverge in the current implementation, giving unpredictable results.                                     
           use color only optimization with sigmoid activation                                         splatfacto.py:266
Loading latest checkpoint from load_dir
✅ Done loading checkpoint from 
outputs/ctrl_009_006_ratio3_sh0_dense_mid200/ratio3_sh0_dense/f1184/splatfacto/2026-08-20_201440/nerfstudio_models/step-
000001999.ckpt
0 Gaussians have NaN/Inf and 6 have low opacity, only export 658/664
[20:16:26]  Be careful with '--eval-mode=all'. If using camera optimization, the cameras    nerfstudio_dataparser.py:216
           may diverge in the current implementation, giving unpredictable results.                                     
            Be careful with '--eval-mode=all'. If using camera optimization, the cameras    nerfstudio_dataparser.py:216
           may diverge in the current implementation, giving unpredictable results.                                     
           use color only optimization with sigmoid activation                                         splatfacto.py:266
[20:16:26]  Be careful with '--eval-mode=all'. If using camera optimization, the cameras    nerfstudio_dataparser.py:216
           may diverge in the current implementation, giving unpredictable results.                                     
            Be careful with '--eval-mode=all'. If using camera optimization, the cameras    nerfstudio_dataparser.py:216
           may diverge in the current implementation, giving unpredictable results.                                     
[gpu0_w2] ratio3_sh0_dense__f1184 -> ok (108.7s)
           use color only optimization with sigmoid activation                                         splatfacto.py:266
[20:16:27]  Be careful with '--eval-mode=all'. If using camera optimization, the cameras    nerfstudio_dataparser.py:216
           may diverge in the current implementation, giving unpredictable results.                                     
[20:16:27]  Be careful with '--eval-mode=all'. If using camera optimization, the cameras    nerfstudio_dataparser.py:216
           may diverge in the current implementation, giving unpredictable results.                                     
            Be careful with '--eval-mode=all'. If using camera optimization, the cameras    nerfstudio_dataparser.py:216
           may diverge in the current implementation, giving unpredictable results.                                     
            Be careful with '--eval-mode=all'. If using camera optimization, the cameras    nerfstudio_dataparser.py:216
           may diverge in the current implementation, giving unpredictable results.                                     
Loading latest checkpoint from load_dir
✅ Done loading checkpoint from 
outputs/ctrl_009_006_ratio3_sh0_dense_mid200/ratio3_sh0_dense/f1186/splatfacto/2026-08-20_201442/nerfstudio_models/step-
000001999.ckpt
0 Gaussians have NaN/Inf and 1 have low opacity, only export 699/700
           use color only optimization with sigmoid activation                                         splatfacto.py:266
           use color only optimization with sigmoid activation                                         splatfacto.py:266
[20:16:27]  Be careful with '--eval-mode=all'. If using camera optimization, the cameras    nerfstudio_dataparser.py:216
           may diverge in the current implementation, giving unpredictable results.                                     
            Be careful with '--eval-mode=all'. If using camera optimization, the cameras    nerfstudio_dataparser.py:216
           may diverge in the current implementation, giving unpredictable results.                                     
[20:16:27]  Be careful with '--eval-mode=all'. If using camera optimization, the cameras    nerfstudio_dataparser.py:216
           may diverge in the current implementation, giving unpredictable results.                                     
            Be careful with '--eval-mode=all'. If using camera optimization, the cameras    nerfstudio_dataparser.py:216
           may diverge in the current implementation, giving unpredictable results.                                     
Loading latest checkpoint from load_dir
✅ Done loading checkpoint from 
outputs/ctrl_009_006_ratio3_sh0_dense_mid200/ratio3_sh0_dense/f1189/splatfacto/2026-08-20_201443/nerfstudio_models/step-
000001999.ckpt
           use color only optimization with sigmoid activation                                         splatfacto.py:266
0 Gaussians have NaN/Inf and 8 have low opacity, only export 559/567
           use color only optimization with sigmoid activation                                         splatfacto.py:266
Loading latest checkpoint from load_dir
✅ Done loading checkpoint from 
outputs/ctrl_009_006_ratio3_sh0_dense_mid200/ratio3_sh0_dense/f1188/splatfacto/2026-08-20_201443/nerfstudio_models/step-
000001999.ckpt
Loading latest checkpoint from load_dir
0 Gaussians have NaN/Inf and 6 have low opacity, only export 622/628
✅ Done loading checkpoint from 
outputs/ctrl_009_006_ratio3_sh0_dense_mid200/ratio3_sh0_dense/f1185/splatfacto/2026-08-20_201443/nerfstudio_models/step-
000001999.ckpt
0 Gaussians have NaN/Inf and 5 have low opacity, only export 701/706
[20:16:28]  Be careful with '--eval-mode=all'. If using camera optimization, the cameras    nerfstudio_dataparser.py:216
           may diverge in the current implementation, giving unpredictable results.                                     
            Be careful with '--eval-mode=all'. If using camera optimization, the cameras    nerfstudio_dataparser.py:216
           may diverge in the current implementation, giving unpredictable results.                                     
Loading latest checkpoint from load_dir
✅ Done loading checkpoint from 
outputs/ctrl_009_006_ratio3_sh0_dense_mid200/ratio3_sh0_dense/f1187/splatfacto/2026-08-20_201443/nerfstudio_models/step-
000001999.ckpt
0 Gaussians have NaN/Inf and 5 have low opacity, only export 646/651
Loading latest checkpoint from load_dir
✅ Done loading checkpoint from 
outputs/ctrl_009_006_ratio3_sh0_dense_mid200/ratio3_sh0_dense/f1190/splatfacto/2026-08-20_201444/nerfstudio_models/step-
000001999.ckpt
0 Gaussians have NaN/Inf and 5 have low opacity, only export 622/627
           use color only optimization with sigmoid activation                                         splatfacto.py:266
[20:16:28]  Be careful with '--eval-mode=all'. If using camera optimization, the cameras    nerfstudio_dataparser.py:216
           may diverge in the current implementation, giving unpredictable results.                                     
            Be careful with '--eval-mode=all'. If using camera optimization, the cameras    nerfstudio_dataparser.py:216
           may diverge in the current implementation, giving unpredictable results.                                     
           use color only optimization with sigmoid activation                                         splatfacto.py:266
[20:16:28]  Be careful with '--eval-mode=all'. If using camera optimization, the cameras    nerfstudio_dataparser.py:216
           may diverge in the current implementation, giving unpredictable results.                                     
            Be careful with '--eval-mode=all'. If using camera optimization, the cameras    nerfstudio_dataparser.py:216
           may diverge in the current implementation, giving unpredictable results.                                     
[20:16:29] use color only optimization with sigmoid activation                                         splatfacto.py:266
[gpu0_w1] ratio3_sh0_dense__f1186 -> ok (108.1s)
Loading latest checkpoint from load_dir
✅ Done loading checkpoint from 
outputs/ctrl_009_006_ratio3_sh0_dense_mid200/ratio3_sh0_dense/f1194/splatfacto/2026-08-20_201445/nerfstudio_models/step-
000001999.ckpt
[gpu0_w4] ratio3_sh0_dense__f1189 -> ok (108.0s)
[20:16:29]  Be careful with '--eval-mode=all'. If using camera optimization, the cameras    nerfstudio_dataparser.py:216
           may diverge in the current implementation, giving unpredictable results.                                     
            Be careful with '--eval-mode=all'. If using camera optimization, the cameras    nerfstudio_dataparser.py:216
           may diverge in the current implementation, giving unpredictable results.                                     
Loading latest checkpoint from load_dir
           use color only optimization with sigmoid activation                                         splatfacto.py:266
[20:16:29]  Be careful with '--eval-mode=all'. If using camera optimization, the cameras    nerfstudio_dataparser.py:216
           may diverge in the current implementation, giving unpredictable results.                                     
✅ Done loading checkpoint from 
outputs/ctrl_009_006_ratio3_sh0_dense_mid200/ratio3_sh0_dense/f1192/splatfacto/2026-08-20_201446/nerfstudio_models/step-
000001999.ckpt
            Be careful with '--eval-mode=all'. If using camera optimization, the cameras    nerfstudio_dataparser.py:216
           may diverge in the current implementation, giving unpredictable results.                                     
0 Gaussians have NaN/Inf and 2 have low opacity, only export 599/601
Loading latest checkpoint from load_dir
✅ Done loading checkpoint from 
outputs/ctrl_009_006_ratio3_sh0_dense_mid200/ratio3_sh0_dense/f1191/splatfacto/2026-08-20_201445/nerfstudio_models/step-
000001999.ckpt
0 Gaussians have NaN/Inf and 8 have low opacity, only export 687/695
[20:16:30] use color only optimization with sigmoid activation                                         splatfacto.py:266
[gpu0_w5] ratio3_sh0_dense__f1188 -> ok (108.8s)
[gpu1_w3] ratio3_sh0_dense__f1185 -> ok (110.0s)
[gpu1_w0] ratio3_sh0_dense__f1190 -> ok (108.4s)
[gpu1_w2] ratio3_sh0_dense__f1187 -> ok (109.2s)
Loading latest checkpoint from load_dir
✅ Done loading checkpoint from 
outputs/ctrl_009_006_ratio3_sh0_dense_mid200/ratio3_sh0_dense/f1193/splatfacto/2026-08-20_201446/nerfstudio_models/step-
000001999.ckpt
0 Gaussians have NaN/Inf and 11 have low opacity, only export 641/652
Loading latest checkpoint from load_dir
✅ Done loading checkpoint from 
outputs/ctrl_009_006_ratio3_sh0_dense_mid200/ratio3_sh0_dense/f1195/splatfacto/2026-08-20_201445/nerfstudio_models/step-
000001999.ckpt
0 Gaussians have NaN/Inf and 1 have low opacity, only export 728/729
[gpu1_w1] ratio3_sh0_dense__f1194 -> ok (107.3s)
[gpu1_w4] ratio3_sh0_dense__f1192 -> ok (107.6s)
[gpu0_w0] ratio3_sh0_dense__f1191 -> ok (107.8s)
[gpu1_w5] ratio3_sh0_dense__f1193 -> ok (108.4s)
[gpu0_w3] ratio3_sh0_dense__f1195 -> ok (108.3s)
[20:18:19]  Be careful with '--eval-mode=all'. If using camera optimization, the cameras    nerfstudio_dataparser.py:216
           may diverge in the current implementation, giving unpredictable results.                                     
            Be careful with '--eval-mode=all'. If using camera optimization, the cameras    nerfstudio_dataparser.py:216
           may diverge in the current implementation, giving unpredictable results.                                     
           use color only optimization with sigmoid activation                                         splatfacto.py:266
Loading latest checkpoint from load_dir
✅ Done loading checkpoint from 
outputs/ctrl_009_006_ratio3_sh0_dense_mid200/ratio3_sh0_dense/f1196/splatfacto/2026-08-20_201636/nerfstudio_models/step-
000001999.ckpt
[20:18:20]  Be careful with '--eval-mode=all'. If using camera optimization, the cameras    nerfstudio_dataparser.py:216
           may diverge in the current implementation, giving unpredictable results.                                     
            Be careful with '--eval-mode=all'. If using camera optimization, the cameras    nerfstudio_dataparser.py:216
           may diverge in the current implementation, giving unpredictable results.                                     
[20:18:21] use color only optimization with sigmoid activation                                         splatfacto.py:266
[20:18:21]  Be careful with '--eval-mode=all'. If using camera optimization, the cameras    nerfstudio_dataparser.py:216
           may diverge in the current implementation, giving unpredictable results.                                     
            Be careful with '--eval-mode=all'. If using camera optimization, the cameras    nerfstudio_dataparser.py:216
           may diverge in the current implementation, giving unpredictable results.                                     
Loading latest checkpoint from load_dir
✅ Done loading checkpoint from 
outputs/ctrl_009_006_ratio3_sh0_dense_mid200/ratio3_sh0_dense/f1197/splatfacto/2026-08-20_201637/nerfstudio_models/step-
000001999.ckpt
0 Gaussians have NaN/Inf and 2 have low opacity, only export 679/681
           use color only optimization with sigmoid activation                                         splatfacto.py:266
[20:18:22]  Be careful with '--eval-mode=all'. If using camera optimization, the cameras    nerfstudio_dataparser.py:216
           may diverge in the current implementation, giving unpredictable results.                                     
            Be careful with '--eval-mode=all'. If using camera optimization, the cameras    nerfstudio_dataparser.py:216
           may diverge in the current implementation, giving unpredictable results.                                     
           use color only optimization with sigmoid activation                                         splatfacto.py:266
[gpu0_w2] ratio3_sh0_dense__f1196 -> ok (109.8s)
[20:18:22]  Be careful with '--eval-mode=all'. If using camera optimization, the cameras    nerfstudio_dataparser.py:216
           may diverge in the current implementation, giving unpredictable results.                                     
            Be careful with '--eval-mode=all'. If using camera optimization, the cameras    nerfstudio_dataparser.py:216
           may diverge in the current implementation, giving unpredictable results.                                     
           use color only optimization with sigmoid activation                                         splatfacto.py:266
Loading latest checkpoint from load_dir
[20:18:22]  Be careful with '--eval-mode=all'. If using camera optimization, the cameras    nerfstudio_dataparser.py:216
           may diverge in the current implementation, giving unpredictable results.                                     
            Be careful with '--eval-mode=all'. If using camera optimization, the cameras    nerfstudio_dataparser.py:216
           may diverge in the current implementation, giving unpredictable results.                                     
✅ Done loading checkpoint from 
outputs/ctrl_009_006_ratio3_sh0_dense_mid200/ratio3_sh0_dense/f1199/splatfacto/2026-08-20_201638/nerfstudio_models/step-
000001999.ckpt
0 Gaussians have NaN/Inf and 4 have low opacity, only export 717/721
           use color only optimization with sigmoid activation                                         splatfacto.py:266
Loading latest checkpoint from load_dir
✅ Done loading checkpoint from 
outputs/ctrl_009_006_ratio3_sh0_dense_mid200/ratio3_sh0_dense/f1200/splatfacto/2026-08-20_201637/nerfstudio_models/step-
000001999.ckpt
0 Gaussians have NaN/Inf and 2 have low opacity, only export 763/765
[20:18:23]  Be careful with '--eval-mode=all'. If using camera optimization, the cameras    nerfstudio_dataparser.py:216
           may diverge in the current implementation, giving unpredictable results.                                     
            Be careful with '--eval-mode=all'. If using camera optimization, the cameras    nerfstudio_dataparser.py:216
           may diverge in the current implementation, giving unpredictable results.                                     
[20:18:23]  Be careful with '--eval-mode=all'. If using camera optimization, the cameras    nerfstudio_dataparser.py:216
           may diverge in the current implementation, giving unpredictable results.                                     
            Be careful with '--eval-mode=all'. If using camera optimization, the cameras    nerfstudio_dataparser.py:216
           may diverge in the current implementation, giving unpredictable results.                                     
Loading latest checkpoint from load_dir
           use color only optimization with sigmoid activation                                         splatfacto.py:266
✅ Done loading checkpoint from 
outputs/ctrl_009_006_ratio3_sh0_dense_mid200/ratio3_sh0_dense/f1201/splatfacto/2026-08-20_201638/nerfstudio_models/step-
000001999.ckpt
0 Gaussians have NaN/Inf and 2 have low opacity, only export 858/860
Loading latest checkpoint from load_dir
           use color only optimization with sigmoid activation                                         splatfacto.py:266
✅ Done loading checkpoint from 
outputs/ctrl_009_006_ratio3_sh0_dense_mid200/ratio3_sh0_dense/f1198/splatfacto/2026-08-20_201638/nerfstudio_models/step-
000001999.ckpt
0 Gaussians have NaN/Inf and 4 have low opacity, only export 692/696
[20:18:23]  Be careful with '--eval-mode=all'. If using camera optimization, the cameras    nerfstudio_dataparser.py:216
           may diverge in the current implementation, giving unpredictable results.                                     
            Be careful with '--eval-mode=all'. If using camera optimization, the cameras    nerfstudio_dataparser.py:216
           may diverge in the current implementation, giving unpredictable results.                                     
[gpu0_w1] ratio3_sh0_dense__f1197 -> ok (108.9s)
[20:18:26] use color only optimization with sigmoid activation                                         splatfacto.py:266
[20:18:26]  Be careful with '--eval-mode=all'. If using camera optimization, the cameras    nerfstudio_dataparser.py:216
           may diverge in the current implementation, giving unpredictable results.                                     
            Be careful with '--eval-mode=all'. If using camera optimization, the cameras    nerfstudio_dataparser.py:216
           may diverge in the current implementation, giving unpredictable results.                                     
Loading latest checkpoint from load_dir
           use color only optimization with sigmoid activation                                         splatfacto.py:266
✅ Done loading checkpoint from 
outputs/ctrl_009_006_ratio3_sh0_dense_mid200/ratio3_sh0_dense/f1203/splatfacto/2026-08-20_201640/nerfstudio_models/step-
000001999.ckpt
0 Gaussians have NaN/Inf and 2 have low opacity, only export 792/794
[20:18:26]  Be careful with '--eval-mode=all'. If using camera optimization, the cameras    nerfstudio_dataparser.py:216
           may diverge in the current implementation, giving unpredictable results.                                     
            Be careful with '--eval-mode=all'. If using camera optimization, the cameras    nerfstudio_dataparser.py:216
           may diverge in the current implementation, giving unpredictable results.                                     
Loading latest checkpoint from load_dir
✅ Done loading checkpoint from 
outputs/ctrl_009_006_ratio3_sh0_dense_mid200/ratio3_sh0_dense/f1206/splatfacto/2026-08-20_201639/nerfstudio_models/step-
000001999.ckpt
0 Gaussians have NaN/Inf and 4 have low opacity, only export 740/744
           use color only optimization with sigmoid activation                                         splatfacto.py:266
[20:18:26]  Be careful with '--eval-mode=all'. If using camera optimization, the cameras    nerfstudio_dataparser.py:216
           may diverge in the current implementation, giving unpredictable results.                                     
            Be careful with '--eval-mode=all'. If using camera optimization, the cameras    nerfstudio_dataparser.py:216
           may diverge in the current implementation, giving unpredictable results.                                     
[gpu0_w5] ratio3_sh0_dense__f1199 -> ok (108.8s)
           use color only optimization with sigmoid activation                                         splatfacto.py:266
Loading latest checkpoint from load_dir
✅ Done loading checkpoint from 
outputs/ctrl_009_006_ratio3_sh0_dense_mid200/ratio3_sh0_dense/f1202/splatfacto/2026-08-20_201639/nerfstudio_models/step-
000001999.ckpt
0 Gaussians have NaN/Inf and 2 have low opacity, only export 844/846
[gpu1_w3] ratio3_sh0_dense__f1200 -> ok (109.2s)
Loading latest checkpoint from load_dir
✅ Done loading checkpoint from 
outputs/ctrl_009_006_ratio3_sh0_dense_mid200/ratio3_sh0_dense/f1207/splatfacto/2026-08-20_201640/nerfstudio_models/step-
000001999.ckpt
[gpu1_w0] ratio3_sh0_dense__f1201 -> ok (109.3s)
0 Gaussians have NaN/Inf and 5 have low opacity, only export 714/719
[gpu0_w4] ratio3_sh0_dense__f1198 -> ok (110.4s)
Loading latest checkpoint from load_dir
✅ Done loading checkpoint from 
outputs/ctrl_009_006_ratio3_sh0_dense_mid200/ratio3_sh0_dense/f1204/splatfacto/2026-08-20_201640/nerfstudio_models/step-
000001999.ckpt
0 Gaussians have NaN/Inf and 1 have low opacity, only export 813/814
Loading latest checkpoint from load_dir
✅ Done loading checkpoint from 
outputs/ctrl_009_006_ratio3_sh0_dense_mid200/ratio3_sh0_dense/f1205/splatfacto/2026-08-20_201639/nerfstudio_models/step-
000001999.ckpt
0 Gaussians have NaN/Inf and 2 have low opacity, only export 722/724
[gpu1_w1] ratio3_sh0_dense__f1203 -> ok (109.4s)
[gpu1_w5] ratio3_sh0_dense__f1206 -> ok (108.6s)
[gpu1_w2] ratio3_sh0_dense__f1202 -> ok (110.7s)
[gpu0_w3] ratio3_sh0_dense__f1207 -> ok (109.1s)
[gpu1_w4] ratio3_sh0_dense__f1204 -> ok (110.1s)
[gpu0_w0] ratio3_sh0_dense__f1205 -> ok (110.1s)
[20:20:17]  Be careful with '--eval-mode=all'. If using camera optimization, the cameras    nerfstudio_dataparser.py:216
           may diverge in the current implementation, giving unpredictable results.                                     
            Be careful with '--eval-mode=all'. If using camera optimization, the cameras    nerfstudio_dataparser.py:216
           may diverge in the current implementation, giving unpredictable results.                                     
           use color only optimization with sigmoid activation                                         splatfacto.py:266
Loading latest checkpoint from load_dir
✅ Done loading checkpoint from 
outputs/ctrl_009_006_ratio3_sh0_dense_mid200/ratio3_sh0_dense/f1208/splatfacto/2026-08-20_201833/nerfstudio_models/step-
000001999.ckpt
0 Gaussians have NaN/Inf and 4 have low opacity, only export 747/751
[20:20:19]  Be careful with '--eval-mode=all'. If using camera optimization, the cameras    nerfstudio_dataparser.py:216
           may diverge in the current implementation, giving unpredictable results.                                     
            Be careful with '--eval-mode=all'. If using camera optimization, the cameras    nerfstudio_dataparser.py:216
           may diverge in the current implementation, giving unpredictable results.                                     
           use color only optimization with sigmoid activation                                         splatfacto.py:266
[20:20:19]  Be careful with '--eval-mode=all'. If using camera optimization, the cameras    nerfstudio_dataparser.py:216
           may diverge in the current implementation, giving unpredictable results.                                     
            Be careful with '--eval-mode=all'. If using camera optimization, the cameras    nerfstudio_dataparser.py:216
           may diverge in the current implementation, giving unpredictable results.                                     
[20:20:19]  Be careful with '--eval-mode=all'. If using camera optimization, the cameras    nerfstudio_dataparser.py:216
           may diverge in the current implementation, giving unpredictable results.                                     
            Be careful with '--eval-mode=all'. If using camera optimization, the cameras    nerfstudio_dataparser.py:216
           may diverge in the current implementation, giving unpredictable results.                                     
           use color only optimization with sigmoid activation                                         splatfacto.py:266
           use color only optimization with sigmoid activation                                         splatfacto.py:266
[20:20:20]  Be careful with '--eval-mode=all'. If using camera optimization, the cameras    nerfstudio_dataparser.py:216
           may diverge in the current implementation, giving unpredictable results.                                     
            Be careful with '--eval-mode=all'. If using camera optimization, the cameras    nerfstudio_dataparser.py:216
           may diverge in the current implementation, giving unpredictable results.                                     
[20:20:20]  Be careful with '--eval-mode=all'. If using camera optimization, the cameras    nerfstudio_dataparser.py:216
           may diverge in the current implementation, giving unpredictable results.                                     
            Be careful with '--eval-mode=all'. If using camera optimization, the cameras    nerfstudio_dataparser.py:216
           may diverge in the current implementation, giving unpredictable results.                                     
Loading latest checkpoint from load_dir
✅ Done loading checkpoint from 
outputs/ctrl_009_006_ratio3_sh0_dense_mid200/ratio3_sh0_dense/f1211/splatfacto/2026-08-20_201834/nerfstudio_models/step-
000001999.ckpt
0 Gaussians have NaN/Inf and 2 have low opacity, only export 835/837
[20:20:20]  Be careful with '--eval-mode=all'. If using camera optimization, the cameras    nerfstudio_dataparser.py:216
           may diverge in the current implementation, giving unpredictable results.                                     
            Be careful with '--eval-mode=all'. If using camera optimization, the cameras    nerfstudio_dataparser.py:216
           may diverge in the current implementation, giving unpredictable results.                                     
           use color only optimization with sigmoid activation                                         splatfacto.py:266
           use color only optimization with sigmoid activation                                         splatfacto.py:266
           use color only optimization with sigmoid activation                                         splatfacto.py:266
[gpu0_w2] ratio3_sh0_dense__f1208 -> ok (110.4s)
Loading latest checkpoint from load_dir
✅ Done loading checkpoint from 
outputs/ctrl_009_006_ratio3_sh0_dense_mid200/ratio3_sh0_dense/f1210/splatfacto/2026-08-20_201835/nerfstudio_models/step-
000001999.ckpt
0 Gaussians have NaN/Inf and 2 have low opacity, only export 813/815
Loading latest checkpoint from load_dir
✅ Done loading checkpoint from 
outputs/ctrl_009_006_ratio3_sh0_dense_mid200/ratio3_sh0_dense/f1209/splatfacto/2026-08-20_201835/nerfstudio_models/step-
000001999.ckpt
0 Gaussians have NaN/Inf and 2 have low opacity, only export 781/783
Loading latest checkpoint from load_dir
✅ Done loading checkpoint from 
outputs/ctrl_009_006_ratio3_sh0_dense_mid200/ratio3_sh0_dense/f1213/splatfacto/2026-08-20_201836/nerfstudio_models/step-
000001999.ckpt
Loading latest checkpoint from load_dir
[20:20:21]  Be careful with '--eval-mode=all'. If using camera optimization, the cameras    nerfstudio_dataparser.py:216
           may diverge in the current implementation, giving unpredictable results.                                     
            Be careful with '--eval-mode=all'. If using camera optimization, the cameras    nerfstudio_dataparser.py:216
           may diverge in the current implementation, giving unpredictable results.                                     
0 Gaussians have NaN/Inf and 4 have low opacity, only export 743/747
✅ Done loading checkpoint from 
outputs/ctrl_009_006_ratio3_sh0_dense_mid200/ratio3_sh0_dense/f1216/splatfacto/2026-08-20_201835/nerfstudio_models/step-
000001999.ckpt
0 Gaussians have NaN/Inf and 3 have low opacity, only export 716/719
Loading latest checkpoint from load_dir
✅ Done loading checkpoint from 
outputs/ctrl_009_006_ratio3_sh0_dense_mid200/ratio3_sh0_dense/f1212/splatfacto/2026-08-20_201836/nerfstudio_models/step-
000001999.ckpt
0 Gaussians have NaN/Inf and 4 have low opacity, only export 742/746
[20:20:21]  Be careful with '--eval-mode=all'. If using camera optimization, the cameras    nerfstudio_dataparser.py:216
           may diverge in the current implementation, giving unpredictable results.                                     
           use color only optimization with sigmoid activation                                         splatfacto.py:266
            Be careful with '--eval-mode=all'. If using camera optimization, the cameras    nerfstudio_dataparser.py:216
           may diverge in the current implementation, giving unpredictable results.                                     
           use color only optimization with sigmoid activation                                         splatfacto.py:266
[20:20:22]  Be careful with '--eval-mode=all'. If using camera optimization, the cameras    nerfstudio_dataparser.py:216
           may diverge in the current implementation, giving unpredictable results.                                     
            Be careful with '--eval-mode=all'. If using camera optimization, the cameras    nerfstudio_dataparser.py:216
           may diverge in the current implementation, giving unpredictable results.                                     
[20:20:22]  Be careful with '--eval-mode=all'. If using camera optimization, the cameras    nerfstudio_dataparser.py:216
           may diverge in the current implementation, giving unpredictable results.                                     
            Be careful with '--eval-mode=all'. If using camera optimization, the cameras    nerfstudio_dataparser.py:216
           may diverge in the current implementation, giving unpredictable results.                                     
Loading latest checkpoint from load_dir
✅ Done loading checkpoint from 
outputs/ctrl_009_006_ratio3_sh0_dense_mid200/ratio3_sh0_dense/f1214/splatfacto/2026-08-20_201837/nerfstudio_models/step-
000001999.ckpt
0 Gaussians have NaN/Inf and 1 have low opacity, only export 753/754
[gpu1_w3] ratio3_sh0_dense__f1211 -> ok (109.0s)
           use color only optimization with sigmoid activation                                         splatfacto.py:266
           use color only optimization with sigmoid activation                                         splatfacto.py:266
Loading latest checkpoint from load_dir
✅ Done loading checkpoint from 
outputs/ctrl_009_006_ratio3_sh0_dense_mid200/ratio3_sh0_dense/f1218/splatfacto/2026-08-20_201836/nerfstudio_models/step-
000001999.ckpt
0 Gaussians have NaN/Inf and 3 have low opacity, only export 695/698
[gpu0_w5] ratio3_sh0_dense__f1210 -> ok (110.0s)
[gpu0_w1] ratio3_sh0_dense__f1209 -> ok (111.0s)
[20:20:22]  Be careful with '--eval-mode=all'. If using camera optimization, the cameras    nerfstudio_dataparser.py:216
           may diverge in the current implementation, giving unpredictable results.                                     
            Be careful with '--eval-mode=all'. If using camera optimization, the cameras    nerfstudio_dataparser.py:216
           may diverge in the current implementation, giving unpredictable results.                                     
[20:20:23] use color only optimization with sigmoid activation                                         splatfacto.py:266
[gpu0_w4] ratio3_sh0_dense__f1213 -> ok (109.6s)
Loading latest checkpoint from load_dir
[gpu1_w0] ratio3_sh0_dense__f1212 -> ok (109.8s)
✅ Done loading checkpoint from 
outputs/ctrl_009_006_ratio3_sh0_dense_mid200/ratio3_sh0_dense/f1217/splatfacto/2026-08-20_201836/nerfstudio_models/step-
000001999.ckpt
0 Gaussians have NaN/Inf and 7 have low opacity, only export 741/748
Loading latest checkpoint from load_dir
✅ Done loading checkpoint from 
outputs/ctrl_009_006_ratio3_sh0_dense_mid200/ratio3_sh0_dense/f1215/splatfacto/2026-08-20_201837/nerfstudio_models/step-
000001999.ckpt
0 Gaussians have NaN/Inf and 2 have low opacity, only export 719/721
[gpu1_w2] ratio3_sh0_dense__f1216 -> ok (108.5s)
Loading latest checkpoint from load_dir
✅ Done loading checkpoint from 
outputs/ctrl_009_006_ratio3_sh0_dense_mid200/ratio3_sh0_dense/f1219/splatfacto/2026-08-20_201838/nerfstudio_models/step-
000001999.ckpt
0 Gaussians have NaN/Inf and 2 have low opacity, only export 709/711
[gpu1_w1] ratio3_sh0_dense__f1214 -> ok (109.5s)
[gpu1_w4] ratio3_sh0_dense__f1218 -> ok (108.7s)
[gpu1_w5] ratio3_sh0_dense__f1215 -> ok (110.4s)
[gpu0_w3] ratio3_sh0_dense__f1217 -> ok (109.7s)
[gpu0_w0] ratio3_sh0_dense__f1219 -> ok (110.1s)
[20:22:14]  Be careful with '--eval-mode=all'. If using camera optimization, the cameras    nerfstudio_dataparser.py:216
           may diverge in the current implementation, giving unpredictable results.                                     
            Be careful with '--eval-mode=all'. If using camera optimization, the cameras    nerfstudio_dataparser.py:216
           may diverge in the current implementation, giving unpredictable results.                                     
[20:22:15] use color only optimization with sigmoid activation                                         splatfacto.py:266
[20:22:15]  Be careful with '--eval-mode=all'. If using camera optimization, the cameras    nerfstudio_dataparser.py:216
           may diverge in the current implementation, giving unpredictable results.                                     
            Be careful with '--eval-mode=all'. If using camera optimization, the cameras    nerfstudio_dataparser.py:216
           may diverge in the current implementation, giving unpredictable results.                                     
           use color only optimization with sigmoid activation                                         splatfacto.py:266
[20:22:15]  Be careful with '--eval-mode=all'. If using camera optimization, the cameras    nerfstudio_dataparser.py:216
           may diverge in the current implementation, giving unpredictable results.                                     
            Be careful with '--eval-mode=all'. If using camera optimization, the cameras    nerfstudio_dataparser.py:216
           may diverge in the current implementation, giving unpredictable results.                                     
Loading latest checkpoint from load_dir
✅ Done loading checkpoint from 
outputs/ctrl_009_006_ratio3_sh0_dense_mid200/ratio3_sh0_dense/f1225/splatfacto/2026-08-20_202031/nerfstudio_models/step-
000001999.ckpt
0 Gaussians have NaN/Inf and 2 have low opacity, only export 706/708
           use color only optimization with sigmoid activation                                         splatfacto.py:266
[20:22:16]  Be careful with '--eval-mode=all'. If using camera optimization, the cameras    nerfstudio_dataparser.py:216
           may diverge in the current implementation, giving unpredictable results.                                     
            Be careful with '--eval-mode=all'. If using camera optimization, the cameras    nerfstudio_dataparser.py:216
           may diverge in the current implementation, giving unpredictable results.                                     
Loading latest checkpoint from load_dir
✅ Done loading checkpoint from 
outputs/ctrl_009_006_ratio3_sh0_dense_mid200/ratio3_sh0_dense/f1220/splatfacto/2026-08-20_202029/nerfstudio_models/step-
000001999.ckpt
           use color only optimization with sigmoid activation                                         splatfacto.py:266
0 Gaussians have NaN/Inf and 4 have low opacity, only export 746/750
Loading latest checkpoint from load_dir
✅ Done loading checkpoint from 
outputs/ctrl_009_006_ratio3_sh0_dense_mid200/ratio3_sh0_dense/f1221/splatfacto/2026-08-20_202031/nerfstudio_models/step-
000001999.ckpt
0 Gaussians have NaN/Inf and 6 have low opacity, only export 661/667
[20:22:16]  Be careful with '--eval-mode=all'. If using camera optimization, the cameras    nerfstudio_dataparser.py:216
           may diverge in the current implementation, giving unpredictable results.                                     
            Be careful with '--eval-mode=all'. If using camera optimization, the cameras    nerfstudio_dataparser.py:216
           may diverge in the current implementation, giving unpredictable results.                                     
           use color only optimization with sigmoid activation                                         splatfacto.py:266
[20:22:17]  Be careful with '--eval-mode=all'. If using camera optimization, the cameras    nerfstudio_dataparser.py:216
           may diverge in the current implementation, giving unpredictable results.                                     
            Be careful with '--eval-mode=all'. If using camera optimization, the cameras    nerfstudio_dataparser.py:216
           may diverge in the current implementation, giving unpredictable results.                                     
[20:22:17]  Be careful with '--eval-mode=all'. If using camera optimization, the cameras    nerfstudio_dataparser.py:216
           may diverge in the current implementation, giving unpredictable results.                                     
            Be careful with '--eval-mode=all'. If using camera optimization, the cameras    nerfstudio_dataparser.py:216
           may diverge in the current implementation, giving unpredictable results.                                     
           use color only optimization with sigmoid activation                                         splatfacto.py:266
           use color only optimization with sigmoid activation                                         splatfacto.py:266
Loading latest checkpoint from load_dir
✅ Done loading checkpoint from 
outputs/ctrl_009_006_ratio3_sh0_dense_mid200/ratio3_sh0_dense/f1223/splatfacto/2026-08-20_202031/nerfstudio_models/step-
000001999.ckpt
[20:22:17]  Be careful with '--eval-mode=all'. If using camera optimization, the cameras    nerfstudio_dataparser.py:216
           may diverge in the current implementation, giving unpredictable results.                                     
            Be careful with '--eval-mode=all'. If using camera optimization, the cameras    nerfstudio_dataparser.py:216
           may diverge in the current implementation, giving unpredictable results.                                     
[20:22:17]  Be careful with '--eval-mode=all'. If using camera optimization, the cameras    nerfstudio_dataparser.py:216
           may diverge in the current implementation, giving unpredictable results.                                     
            Be careful with '--eval-mode=all'. If using camera optimization, the cameras    nerfstudio_dataparser.py:216
           may diverge in the current implementation, giving unpredictable results.                                     
[20:22:17]  Be careful with '--eval-mode=all'. If using camera optimization, the cameras    nerfstudio_dataparser.py:216
           may diverge in the current implementation, giving unpredictable results.                                     
            Be careful with '--eval-mode=all'. If using camera optimization, the cameras    nerfstudio_dataparser.py:216
           may diverge in the current implementation, giving unpredictable results.                                     
[20:22:17]  Be careful with '--eval-mode=all'. If using camera optimization, the cameras    nerfstudio_dataparser.py:216
           may diverge in the current implementation, giving unpredictable results.                                     
            Be careful with '--eval-mode=all'. If using camera optimization, the cameras    nerfstudio_dataparser.py:216
           may diverge in the current implementation, giving unpredictable results.                                     
[gpu1_w0] ratio3_sh0_dense__f1225 -> ok (108.2s)
           use color only optimization with sigmoid activation                                         splatfacto.py:266
Loading latest checkpoint from load_dir
✅ Done loading checkpoint from 
outputs/ctrl_009_006_ratio3_sh0_dense_mid200/ratio3_sh0_dense/f1228/splatfacto/2026-08-20_202032/nerfstudio_models/step-
000001999.ckpt
0 Gaussians have NaN/Inf and 6 have low opacity, only export 627/633
           use color only optimization with sigmoid activation                                         splatfacto.py:266
           use color only optimization with sigmoid activation                                         splatfacto.py:266
           use color only optimization with sigmoid activation                                         splatfacto.py:266
Loading latest checkpoint from load_dir
✅ Done loading checkpoint from 
outputs/ctrl_009_006_ratio3_sh0_dense_mid200/ratio3_sh0_dense/f1222/splatfacto/2026-08-20_202030/nerfstudio_models/step-
000001999.ckpt
[20:22:18]  Be careful with '--eval-mode=all'. If using camera optimization, the cameras    nerfstudio_dataparser.py:216
           may diverge in the current implementation, giving unpredictable results.                                     
0 Gaussians have NaN/Inf and 1 have low opacity, only export 710/711
            Be careful with '--eval-mode=all'. If using camera optimization, the cameras    nerfstudio_dataparser.py:216
           may diverge in the current implementation, giving unpredictable results.                                     
Loading latest checkpoint from load_dir
✅ Done loading checkpoint from 
outputs/ctrl_009_006_ratio3_sh0_dense_mid200/ratio3_sh0_dense/f1230/splatfacto/2026-08-20_202032/nerfstudio_models/step-
000001999.ckpt
0 Gaussians have NaN/Inf and 4 have low opacity, only export 664/668
           use color only optimization with sigmoid activation                                         splatfacto.py:266
Loading latest checkpoint from load_dir
Loading latest checkpoint from load_dir
✅ Done loading checkpoint from 
outputs/ctrl_009_006_ratio3_sh0_dense_mid200/ratio3_sh0_dense/f1229/splatfacto/2026-08-20_202032/nerfstudio_models/step-
000001999.ckpt
✅ Done loading checkpoint from 
outputs/ctrl_009_006_ratio3_sh0_dense_mid200/ratio3_sh0_dense/f1226/splatfacto/2026-08-20_202032/nerfstudio_models/step-
000001999.ckpt
0 Gaussians have NaN/Inf and 2 have low opacity, only export 621/623
0 Gaussians have NaN/Inf and 2 have low opacity, only export 679/681
Loading latest checkpoint from load_dir
✅ Done loading checkpoint from 
outputs/ctrl_009_006_ratio3_sh0_dense_mid200/ratio3_sh0_dense/f1231/splatfacto/2026-08-20_202032/nerfstudio_models/step-
000001999.ckpt
0 Gaussians have NaN/Inf and 6 have low opacity, only export 705/711
Loading latest checkpoint from load_dir
✅ Done loading checkpoint from 
outputs/ctrl_009_006_ratio3_sh0_dense_mid200/ratio3_sh0_dense/f1227/splatfacto/2026-08-20_202032/nerfstudio_models/step-
000001999.ckpt
[gpu0_w2] ratio3_sh0_dense__f1220 -> ok (112.0s)
0 Gaussians have NaN/Inf and 2 have low opacity, only export 642/644
[gpu1_w3] ratio3_sh0_dense__f1221 -> ok (110.4s)
Loading latest checkpoint from load_dir
✅ Done loading checkpoint from 
outputs/ctrl_009_006_ratio3_sh0_dense_mid200/ratio3_sh0_dense/f1224/splatfacto/2026-08-20_202032/nerfstudio_models/step-
000001999.ckpt
0 Gaussians have NaN/Inf and 6 have low opacity, only export 709/715
[gpu0_w1] ratio3_sh0_dense__f1223 -> ok (110.5s)
[gpu1_w4] ratio3_sh0_dense__f1228 -> ok (109.2s)
[gpu0_w3] ratio3_sh0_dense__f1230 -> ok (108.9s)
[gpu0_w5] ratio3_sh0_dense__f1222 -> ok (111.3s)
[gpu1_w2] ratio3_sh0_dense__f1226 -> ok (111.1s)
[gpu0_w0] ratio3_sh0_dense__f1231 -> ok (108.8s)
[gpu1_w5] ratio3_sh0_dense__f1229 -> ok (109.4s)
[gpu1_w1] ratio3_sh0_dense__f1227 -> ok (110.6s)
[gpu0_w4] ratio3_sh0_dense__f1224 -> ok (111.7s)
[20:24:11]  Be careful with '--eval-mode=all'. If using camera optimization, the cameras    nerfstudio_dataparser.py:216
           may diverge in the current implementation, giving unpredictable results.                                     
            Be careful with '--eval-mode=all'. If using camera optimization, the cameras    nerfstudio_dataparser.py:216
           may diverge in the current implementation, giving unpredictable results.                                     
[20:24:11]  Be careful with '--eval-mode=all'. If using camera optimization, the cameras    nerfstudio_dataparser.py:216
           may diverge in the current implementation, giving unpredictable results.                                     
            Be careful with '--eval-mode=all'. If using camera optimization, the cameras    nerfstudio_dataparser.py:216
           may diverge in the current implementation, giving unpredictable results.                                     
           use color only optimization with sigmoid activation                                         splatfacto.py:266
[20:24:11]  Be careful with '--eval-mode=all'. If using camera optimization, the cameras    nerfstudio_dataparser.py:216
           may diverge in the current implementation, giving unpredictable results.                                     
            Be careful with '--eval-mode=all'. If using camera optimization, the cameras    nerfstudio_dataparser.py:216
           may diverge in the current implementation, giving unpredictable results.                                     
[20:24:12] use color only optimization with sigmoid activation                                         splatfacto.py:266
[20:24:12] use color only optimization with sigmoid activation                                         splatfacto.py:266
[20:24:12]  Be careful with '--eval-mode=all'. If using camera optimization, the cameras    nerfstudio_dataparser.py:216
           may diverge in the current implementation, giving unpredictable results.                                     
            Be careful with '--eval-mode=all'. If using camera optimization, the cameras    nerfstudio_dataparser.py:216
           may diverge in the current implementation, giving unpredictable results.                                     
Loading latest checkpoint from load_dir
✅ Done loading checkpoint from 
outputs/ctrl_009_006_ratio3_sh0_dense_mid200/ratio3_sh0_dense/f1236/splatfacto/2026-08-20_202229/nerfstudio_models/step-
000001999.ckpt
0 Gaussians have NaN/Inf and 4 have low opacity, only export 610/614
Loading latest checkpoint from load_dir
✅ Done loading checkpoint from 
outputs/ctrl_009_006_ratio3_sh0_dense_mid200/ratio3_sh0_dense/f1237/splatfacto/2026-08-20_202229/nerfstudio_models/step-
000001999.ckpt
[20:24:13] use color only optimization with sigmoid activation                                         splatfacto.py:266
0 Gaussians have NaN/Inf and 5 have low opacity, only export 536/541
Loading latest checkpoint from load_dir
✅ Done loading checkpoint from 
outputs/ctrl_009_006_ratio3_sh0_dense_mid200/ratio3_sh0_dense/f1232/splatfacto/2026-08-20_202228/nerfstudio_models/step-
000001999.ckpt
0 Gaussians have NaN/Inf and 3 have low opacity, only export 698/701
[20:24:13]  Be careful with '--eval-mode=all'. If using camera optimization, the cameras    nerfstudio_dataparser.py:216
           may diverge in the current implementation, giving unpredictable results.                                     
            Be careful with '--eval-mode=all'. If using camera optimization, the cameras    nerfstudio_dataparser.py:216
           may diverge in the current implementation, giving unpredictable results.                                     
[20:24:13]  Be careful with '--eval-mode=all'. If using camera optimization, the cameras    nerfstudio_dataparser.py:216
           may diverge in the current implementation, giving unpredictable results.                                     
            Be careful with '--eval-mode=all'. If using camera optimization, the cameras    nerfstudio_dataparser.py:216
           may diverge in the current implementation, giving unpredictable results.                                     
           use color only optimization with sigmoid activation                                         splatfacto.py:266
[20:24:13]  Be careful with '--eval-mode=all'. If using camera optimization, the cameras    nerfstudio_dataparser.py:216
           may diverge in the current implementation, giving unpredictable results.                                     
            Be careful with '--eval-mode=all'. If using camera optimization, the cameras    nerfstudio_dataparser.py:216
           may diverge in the current implementation, giving unpredictable results.                                     
           use color only optimization with sigmoid activation                                         splatfacto.py:266
           use color only optimization with sigmoid activation                                         splatfacto.py:266
[20:24:13]  Be careful with '--eval-mode=all'. If using camera optimization, the cameras    nerfstudio_dataparser.py:216
           may diverge in the current implementation, giving unpredictable results.                                     
            Be careful with '--eval-mode=all'. If using camera optimization, the cameras    nerfstudio_dataparser.py:216
           may diverge in the current implementation, giving unpredictable results.                                     
[20:24:13]  Be careful with '--eval-mode=all'. If using camera optimization, the cameras    nerfstudio_dataparser.py:216
           may diverge in the current implementation, giving unpredictable results.                                     
            Be careful with '--eval-mode=all'. If using camera optimization, the cameras    nerfstudio_dataparser.py:216
           may diverge in the current implementation, giving unpredictable results.                                     
           use color only optimization with sigmoid activation                                         splatfacto.py:266
[20:24:13]  Be careful with '--eval-mode=all'. If using camera optimization, the cameras    nerfstudio_dataparser.py:216
           may diverge in the current implementation, giving unpredictable results.                                     
[20:24:14]  Be careful with '--eval-mode=all'. If using camera optimization, the cameras    nerfstudio_dataparser.py:216
           may diverge in the current implementation, giving unpredictable results.                                     
[20:24:14] use color only optimization with sigmoid activation                                         splatfacto.py:266
Loading latest checkpoint from load_dir
✅ Done loading checkpoint from 
outputs/ctrl_009_006_ratio3_sh0_dense_mid200/ratio3_sh0_dense/f1238/splatfacto/2026-08-20_202229/nerfstudio_models/step-
000001999.ckpt
0 Gaussians have NaN/Inf and 3 have low opacity, only export 527/530
           use color only optimization with sigmoid activation                                         splatfacto.py:266
Loading latest checkpoint from load_dir
✅ Done loading checkpoint from 
outputs/ctrl_009_006_ratio3_sh0_dense_mid200/ratio3_sh0_dense/f1239/splatfacto/2026-08-20_202230/nerfstudio_models/step-
000001999.ckpt
0 Gaussians have NaN/Inf and 1 have low opacity, only export 566/567
Loading latest checkpoint from load_dir
✅ Done loading checkpoint from 
outputs/ctrl_009_006_ratio3_sh0_dense_mid200/ratio3_sh0_dense/f1241/splatfacto/2026-08-20_202230/nerfstudio_models/step-
000001999.ckpt
0 Gaussians have NaN/Inf and 1 have low opacity, only export 690/691
Loading latest checkpoint from load_dir
✅ Done loading checkpoint from 
outputs/ctrl_009_006_ratio3_sh0_dense_mid200/ratio3_sh0_dense/f1233/splatfacto/2026-08-20_202229/nerfstudio_models/step-
000001999.ckpt
0 Gaussians have NaN/Inf and 1 have low opacity, only export 708/709
Loading latest checkpoint from load_dir
✅ Done loading checkpoint from 
outputs/ctrl_009_006_ratio3_sh0_dense_mid200/ratio3_sh0_dense/f1234/splatfacto/2026-08-20_202229/nerfstudio_models/step-
000001999.ckpt
0 Gaussians have NaN/Inf and 4 have low opacity, only export 623/627
Loading latest checkpoint from load_dir
✅ Done loading checkpoint from 
outputs/ctrl_009_006_ratio3_sh0_dense_mid200/ratio3_sh0_dense/f1235/splatfacto/2026-08-20_202230/nerfstudio_models/step-
000001999.ckpt
0 Gaussians have NaN/Inf and 2 have low opacity, only export 616/618
[gpu1_w4] ratio3_sh0_dense__f1236 -> ok (107.3s)
[gpu0_w3] ratio3_sh0_dense__f1237 -> ok (106.9s)
Loading latest checkpoint from load_dir
✅ Done loading checkpoint from 
outputs/ctrl_009_006_ratio3_sh0_dense_mid200/ratio3_sh0_dense/f1242/splatfacto/2026-08-20_202231/nerfstudio_models/step-
000001999.ckpt
0 Gaussians have NaN/Inf and 3 have low opacity, only export 606/609
[gpu1_w0] ratio3_sh0_dense__f1232 -> ok (109.6s)
[20:24:15]  Be careful with '--eval-mode=all'. If using camera optimization, the cameras    nerfstudio_dataparser.py:216
           may diverge in the current implementation, giving unpredictable results.                                     
            Be careful with '--eval-mode=all'. If using camera optimization, the cameras    nerfstudio_dataparser.py:216
           may diverge in the current implementation, giving unpredictable results.                                     
           use color only optimization with sigmoid activation                                         splatfacto.py:266
[20:24:15]  Be careful with '--eval-mode=all'. If using camera optimization, the cameras    nerfstudio_dataparser.py:216
           may diverge in the current implementation, giving unpredictable results.                                     
            Be careful with '--eval-mode=all'. If using camera optimization, the cameras    nerfstudio_dataparser.py:216
           may diverge in the current implementation, giving unpredictable results.                                     
           use color only optimization with sigmoid activation                                         splatfacto.py:266
[gpu0_w5] ratio3_sh0_dense__f1238 -> ok (107.9s)
[gpu1_w2] ratio3_sh0_dense__f1239 -> ok (107.5s)
[gpu1_w5] ratio3_sh0_dense__f1241 -> ok (107.6s)
Loading latest checkpoint from load_dir
Loading latest checkpoint from load_dir
✅ Done loading checkpoint from 
outputs/ctrl_009_006_ratio3_sh0_dense_mid200/ratio3_sh0_dense/f1243/splatfacto/2026-08-20_202231/nerfstudio_models/step-
000001999.ckpt
✅ Done loading checkpoint from 
outputs/ctrl_009_006_ratio3_sh0_dense_mid200/ratio3_sh0_dense/f1240/splatfacto/2026-08-20_202231/nerfstudio_models/step-
000001999.ckpt
0 Gaussians have NaN/Inf and 4 have low opacity, only export 618/622
[gpu0_w2] ratio3_sh0_dense__f1233 -> ok (109.8s)
[gpu0_w1] ratio3_sh0_dense__f1235 -> ok (109.2s)
[gpu1_w1] ratio3_sh0_dense__f1242 -> ok (108.0s)
[gpu1_w3] ratio3_sh0_dense__f1234 -> ok (109.9s)
[gpu0_w0] ratio3_sh0_dense__f1240 -> ok (109.6s)
[gpu0_w4] ratio3_sh0_dense__f1243 -> ok (109.3s)
[20:26:06]  Be careful with '--eval-mode=all'. If using camera optimization, the cameras    nerfstudio_dataparser.py:216
           may diverge in the current implementation, giving unpredictable results.                                     
            Be careful with '--eval-mode=all'. If using camera optimization, the cameras    nerfstudio_dataparser.py:216
           may diverge in the current implementation, giving unpredictable results.                                     
           use color only optimization with sigmoid activation                                         splatfacto.py:266
[20:26:07]  Be careful with '--eval-mode=all'. If using camera optimization, the cameras    nerfstudio_dataparser.py:216
           may diverge in the current implementation, giving unpredictable results.                                     
            Be careful with '--eval-mode=all'. If using camera optimization, the cameras    nerfstudio_dataparser.py:216
           may diverge in the current implementation, giving unpredictable results.                                     
[20:26:07]  Be careful with '--eval-mode=all'. If using camera optimization, the cameras    nerfstudio_dataparser.py:216
           may diverge in the current implementation, giving unpredictable results.                                     
            Be careful with '--eval-mode=all'. If using camera optimization, the cameras    nerfstudio_dataparser.py:216
           may diverge in the current implementation, giving unpredictable results.                                     
Loading latest checkpoint from load_dir
✅ Done loading checkpoint from 
outputs/ctrl_009_006_ratio3_sh0_dense_mid200/ratio3_sh0_dense/f1247/splatfacto/2026-08-20_202423/nerfstudio_models/step-
000001999.ckpt
0 Gaussians have NaN/Inf and 2 have low opacity, only export 679/681
           use color only optimization with sigmoid activation                                         splatfacto.py:266
           use color only optimization with sigmoid activation                                         splatfacto.py:266
Loading latest checkpoint from load_dir
[20:26:08]  Be careful with '--eval-mode=all'. If using camera optimization, the cameras    nerfstudio_dataparser.py:216
           may diverge in the current implementation, giving unpredictable results.                                     
✅ Done loading checkpoint from 
outputs/ctrl_009_006_ratio3_sh0_dense_mid200/ratio3_sh0_dense/f1251/splatfacto/2026-08-20_202425/nerfstudio_models/step-
000001999.ckpt
            Be careful with '--eval-mode=all'. If using camera optimization, the cameras    nerfstudio_dataparser.py:216
           may diverge in the current implementation, giving unpredictable results.                                     
Loading latest checkpoint from load_dir
0 Gaussians have NaN/Inf and 2 have low opacity, only export 620/622
✅ Done loading checkpoint from 
outputs/ctrl_009_006_ratio3_sh0_dense_mid200/ratio3_sh0_dense/f1245/splatfacto/2026-08-20_202424/nerfstudio_models/step-
000001999.ckpt
0 Gaussians have NaN/Inf and 2 have low opacity, only export 699/701
[20:26:08]  Be careful with '--eval-mode=all'. If using camera optimization, the cameras    nerfstudio_dataparser.py:216
           may diverge in the current implementation, giving unpredictable results.                                     
            Be careful with '--eval-mode=all'. If using camera optimization, the cameras    nerfstudio_dataparser.py:216
           may diverge in the current implementation, giving unpredictable results.                                     
           use color only optimization with sigmoid activation                                         splatfacto.py:266
[20:26:08]  Be careful with '--eval-mode=all'. If using camera optimization, the cameras    nerfstudio_dataparser.py:216
           may diverge in the current implementation, giving unpredictable results.                                     
            Be careful with '--eval-mode=all'. If using camera optimization, the cameras    nerfstudio_dataparser.py:216
           may diverge in the current implementation, giving unpredictable results.                                     
           use color only optimization with sigmoid activation                                         splatfacto.py:266
[20:26:08]  Be careful with '--eval-mode=all'. If using camera optimization, the cameras    nerfstudio_dataparser.py:216
           may diverge in the current implementation, giving unpredictable results.                                     
[20:26:08]  Be careful with '--eval-mode=all'. If using camera optimization, the cameras    nerfstudio_dataparser.py:216
           may diverge in the current implementation, giving unpredictable results.                                     
           use color only optimization with sigmoid activation                                         splatfacto.py:266
            Be careful with '--eval-mode=all'. If using camera optimization, the cameras    nerfstudio_dataparser.py:216
           may diverge in the current implementation, giving unpredictable results.                                     
            Be careful with '--eval-mode=all'. If using camera optimization, the cameras    nerfstudio_dataparser.py:216
           may diverge in the current implementation, giving unpredictable results.                                     
           use color only optimization with sigmoid activation                                         splatfacto.py:266
           use color only optimization with sigmoid activation                                         splatfacto.py:266
[20:26:09]  Be careful with '--eval-mode=all'. If using camera optimization, the cameras    nerfstudio_dataparser.py:216
           may diverge in the current implementation, giving unpredictable results.                                     
[gpu0_w5] ratio3_sh0_dense__f1247 -> ok (106.3s)
            Be careful with '--eval-mode=all'. If using camera optimization, the cameras    nerfstudio_dataparser.py:216
           may diverge in the current implementation, giving unpredictable results.                                     
Loading latest checkpoint from load_dir
Loading latest checkpoint from load_dir
✅ Done loading checkpoint from 
outputs/ctrl_009_006_ratio3_sh0_dense_mid200/ratio3_sh0_dense/f1250/splatfacto/2026-08-20_202425/nerfstudio_models/step-
000001999.ckpt
✅ Done loading checkpoint from 
outputs/ctrl_009_006_ratio3_sh0_dense_mid200/ratio3_sh0_dense/f1249/splatfacto/2026-08-20_202424/nerfstudio_models/step-
000001999.ckpt
0 Gaussians have NaN/Inf and 3 have low opacity, only export 636/639
0 Gaussians have NaN/Inf and 2 have low opacity, only export 666/668
[20:26:09]  Be careful with '--eval-mode=all'. If using camera optimization, the cameras    nerfstudio_dataparser.py:216
           may diverge in the current implementation, giving unpredictable results.                                     
            Be careful with '--eval-mode=all'. If using camera optimization, the cameras    nerfstudio_dataparser.py:216
           may diverge in the current implementation, giving unpredictable results.                                     
           use color only optimization with sigmoid activation                                         splatfacto.py:266
           use color only optimization with sigmoid activation                                         splatfacto.py:266
Loading latest checkpoint from load_dir
Loading latest checkpoint from load_dir
Loading latest checkpoint from load_dir
✅ Done loading checkpoint from 
outputs/ctrl_009_006_ratio3_sh0_dense_mid200/ratio3_sh0_dense/f1253/splatfacto/2026-08-20_202424/nerfstudio_models/step-
000001999.ckpt
✅ Done loading checkpoint from 
outputs/ctrl_009_006_ratio3_sh0_dense_mid200/ratio3_sh0_dense/f1244/splatfacto/2026-08-20_202424/nerfstudio_models/step-
000001999.ckpt
0 Gaussians have NaN/Inf and 5 have low opacity, only export 613/618
0 Gaussians have NaN/Inf and 1 have low opacity, only export 720/721
✅ Done loading checkpoint from 
outputs/ctrl_009_006_ratio3_sh0_dense_mid200/ratio3_sh0_dense/f1255/splatfacto/2026-08-20_202426/nerfstudio_models/step-
000001999.ckpt
0 Gaussians have NaN/Inf and 3 have low opacity, only export 585/588
[20:26:09]  Be careful with '--eval-mode=all'. If using camera optimization, the cameras    nerfstudio_dataparser.py:216
           may diverge in the current implementation, giving unpredictable results.                                     
            Be careful with '--eval-mode=all'. If using camera optimization, the cameras    nerfstudio_dataparser.py:216
           may diverge in the current implementation, giving unpredictable results.                                     
           use color only optimization with sigmoid activation                                         splatfacto.py:266
[gpu0_w3] ratio3_sh0_dense__f1245 -> ok (108.3s)
[gpu0_w1] ratio3_sh0_dense__f1251 -> ok (106.6s)
Loading latest checkpoint from load_dir
✅ Done loading checkpoint from 
outputs/ctrl_009_006_ratio3_sh0_dense_mid200/ratio3_sh0_dense/f1246/splatfacto/2026-08-20_202424/nerfstudio_models/step-
000001999.ckpt
0 Gaussians have NaN/Inf and 3 have low opacity, only export 652/655
Loading latest checkpoint from load_dir
✅ Done loading checkpoint from 
outputs/ctrl_009_006_ratio3_sh0_dense_mid200/ratio3_sh0_dense/f1248/splatfacto/2026-08-20_202424/nerfstudio_models/step-
000001999.ckpt
[20:26:10]  Be careful with '--eval-mode=all'. If using camera optimization, the cameras    nerfstudio_dataparser.py:216
           may diverge in the current implementation, giving unpredictable results.                                     
            Be careful with '--eval-mode=all'. If using camera optimization, the cameras    nerfstudio_dataparser.py:216
           may diverge in the current implementation, giving unpredictable results.                                     
Loading latest checkpoint from load_dir
           use color only optimization with sigmoid activation                                         splatfacto.py:266
✅ Done loading checkpoint from 
outputs/ctrl_009_006_ratio3_sh0_dense_mid200/ratio3_sh0_dense/f1252/splatfacto/2026-08-20_202425/nerfstudio_models/step-
000001999.ckpt
0 Gaussians have NaN/Inf and 6 have low opacity, only export 622/628
[gpu0_w2] ratio3_sh0_dense__f1250 -> ok (107.7s)
[gpu1_w5] ratio3_sh0_dense__f1249 -> ok (108.1s)
[gpu1_w3] ratio3_sh0_dense__f1253 -> ok (108.0s)
[gpu1_w4] ratio3_sh0_dense__f1244 -> ok (109.9s)
[gpu0_w4] ratio3_sh0_dense__f1255 -> ok (106.5s)
Loading latest checkpoint from load_dir
✅ Done loading checkpoint from 
outputs/ctrl_009_006_ratio3_sh0_dense_mid200/ratio3_sh0_dense/f1254/splatfacto/2026-08-20_202427/nerfstudio_models/step-
000001999.ckpt
0 Gaussians have NaN/Inf and 4 have low opacity, only export 645/649
[gpu1_w0] ratio3_sh0_dense__f1246 -> ok (110.1s)
[gpu1_w2] ratio3_sh0_dense__f1248 -> ok (109.3s)
[gpu1_w1] ratio3_sh0_dense__f1252 -> ok (108.8s)
[gpu0_w0] ratio3_sh0_dense__f1254 -> ok (108.2s)
[20:28:00]  Be careful with '--eval-mode=all'. If using camera optimization, the cameras    nerfstudio_dataparser.py:216
           may diverge in the current implementation, giving unpredictable results.                                     
            Be careful with '--eval-mode=all'. If using camera optimization, the cameras    nerfstudio_dataparser.py:216
           may diverge in the current implementation, giving unpredictable results.                                     
[20:28:01] use color only optimization with sigmoid activation                                         splatfacto.py:266
[20:28:01]  Be careful with '--eval-mode=all'. If using camera optimization, the cameras    nerfstudio_dataparser.py:216
           may diverge in the current implementation, giving unpredictable results.                                     
            Be careful with '--eval-mode=all'. If using camera optimization, the cameras    nerfstudio_dataparser.py:216
           may diverge in the current implementation, giving unpredictable results.                                     
           use color only optimization with sigmoid activation                                         splatfacto.py:266
[20:28:01]  Be careful with '--eval-mode=all'. If using camera optimization, the cameras    nerfstudio_dataparser.py:216
           may diverge in the current implementation, giving unpredictable results.                                     
            Be careful with '--eval-mode=all'. If using camera optimization, the cameras    nerfstudio_dataparser.py:216
           may diverge in the current implementation, giving unpredictable results.                                     
           use color only optimization with sigmoid activation                                         splatfacto.py:266
Loading latest checkpoint from load_dir
✅ Done loading checkpoint from 
outputs/ctrl_009_006_ratio3_sh0_dense_mid200/ratio3_sh0_dense/f1259/splatfacto/2026-08-20_202618/nerfstudio_models/step-
000001999.ckpt
0 Gaussians have NaN/Inf and 3 have low opacity, only export 579/582
Loading latest checkpoint from load_dir
✅ Done loading checkpoint from 
outputs/ctrl_009_006_ratio3_sh0_dense_mid200/ratio3_sh0_dense/f1257/splatfacto/2026-08-20_202618/nerfstudio_models/step-
000001999.ckpt
0 Gaussians have NaN/Inf and 9 have low opacity, only export 526/535
[20:28:02]  Be careful with '--eval-mode=all'. If using camera optimization, the cameras    nerfstudio_dataparser.py:216
           may diverge in the current implementation, giving unpredictable results.                                     
            Be careful with '--eval-mode=all'. If using camera optimization, the cameras    nerfstudio_dataparser.py:216
           may diverge in the current implementation, giving unpredictable results.                                     
Loading latest checkpoint from load_dir
[20:28:02]  Be careful with '--eval-mode=all'. If using camera optimization, the cameras    nerfstudio_dataparser.py:216
           may diverge in the current implementation, giving unpredictable results.                                     
            Be careful with '--eval-mode=all'. If using camera optimization, the cameras    nerfstudio_dataparser.py:216
           may diverge in the current implementation, giving unpredictable results.                                     
✅ Done loading checkpoint from 
outputs/ctrl_009_006_ratio3_sh0_dense_mid200/ratio3_sh0_dense/f1256/splatfacto/2026-08-20_202618/nerfstudio_models/step-
000001999.ckpt
0 Gaussians have NaN/Inf and 4 have low opacity, only export 635/639
           use color only optimization with sigmoid activation                                         splatfacto.py:266
           use color only optimization with sigmoid activation                                         splatfacto.py:266
[20:28:03]  Be careful with '--eval-mode=all'. If using camera optimization, the cameras    nerfstudio_dataparser.py:216
           may diverge in the current implementation, giving unpredictable results.                                     
            Be careful with '--eval-mode=all'. If using camera optimization, the cameras    nerfstudio_dataparser.py:216
           may diverge in the current implementation, giving unpredictable results.                                     
[20:28:03]  Be careful with '--eval-mode=all'. If using camera optimization, the cameras    nerfstudio_dataparser.py:216
           may diverge in the current implementation, giving unpredictable results.                                     
            Be careful with '--eval-mode=all'. If using camera optimization, the cameras    nerfstudio_dataparser.py:216
           may diverge in the current implementation, giving unpredictable results.                                     
           use color only optimization with sigmoid activation                                         splatfacto.py:266
[20:28:03]  Be careful with '--eval-mode=all'. If using camera optimization, the cameras    nerfstudio_dataparser.py:216
           may diverge in the current implementation, giving unpredictable results.                                     
            Be careful with '--eval-mode=all'. If using camera optimization, the cameras    nerfstudio_dataparser.py:216
           may diverge in the current implementation, giving unpredictable results.                                     
Loading latest checkpoint from load_dir
✅ Done loading checkpoint from 
outputs/ctrl_009_006_ratio3_sh0_dense_mid200/ratio3_sh0_dense/f1258/splatfacto/2026-08-20_202618/nerfstudio_models/step-
000001999.ckpt
0 Gaussians have NaN/Inf and 6 have low opacity, only export 517/523
           use color only optimization with sigmoid activation                                         splatfacto.py:266
           use color only optimization with sigmoid activation                                         splatfacto.py:266
Loading latest checkpoint from load_dir
✅ Done loading checkpoint from 
outputs/ctrl_009_006_ratio3_sh0_dense_mid200/ratio3_sh0_dense/f1264/splatfacto/2026-08-20_202619/nerfstudio_models/step-
000001999.ckpt
0 Gaussians have NaN/Inf and 3 have low opacity, only export 638/641
[20:28:03]  Be careful with '--eval-mode=all'. If using camera optimization, the cameras    nerfstudio_dataparser.py:216
           may diverge in the current implementation, giving unpredictable results.                                     
            Be careful with '--eval-mode=all'. If using camera optimization, the cameras    nerfstudio_dataparser.py:216
           may diverge in the current implementation, giving unpredictable results.                                     
[20:28:03]  Be careful with '--eval-mode=all'. If using camera optimization, the cameras    nerfstudio_dataparser.py:216
           may diverge in the current implementation, giving unpredictable results.                                     
            Be careful with '--eval-mode=all'. If using camera optimization, the cameras    nerfstudio_dataparser.py:216
           may diverge in the current implementation, giving unpredictable results.                                     
[20:28:03]  Be careful with '--eval-mode=all'. If using camera optimization, the cameras    nerfstudio_dataparser.py:216
           may diverge in the current implementation, giving unpredictable results.                                     
            Be careful with '--eval-mode=all'. If using camera optimization, the cameras    nerfstudio_dataparser.py:216
           may diverge in the current implementation, giving unpredictable results.                                     
           use color only optimization with sigmoid activation                                         splatfacto.py:266
           use color only optimization with sigmoid activation                                         splatfacto.py:266
[20:28:04] use color only optimization with sigmoid activation                                         splatfacto.py:266
[gpu0_w2] ratio3_sh0_dense__f1259 -> ok (106.3s)
Loading latest checkpoint from load_dir
[20:28:04]  Be careful with '--eval-mode=all'. If using camera optimization, the cameras    nerfstudio_dataparser.py:216
           may diverge in the current implementation, giving unpredictable results.                                     
[gpu0_w3] ratio3_sh0_dense__f1257 -> ok (107.5s)
            Be careful with '--eval-mode=all'. If using camera optimization, the cameras    nerfstudio_dataparser.py:216
           may diverge in the current implementation, giving unpredictable results.                                     
✅ Done loading checkpoint from 
outputs/ctrl_009_006_ratio3_sh0_dense_mid200/ratio3_sh0_dense/f1260/splatfacto/2026-08-20_202619/nerfstudio_models/step-
000001999.ckpt
0 Gaussians have NaN/Inf and 2 have low opacity, only export 575/577
Loading latest checkpoint from load_dir
✅ Done loading checkpoint from 
outputs/ctrl_009_006_ratio3_sh0_dense_mid200/ratio3_sh0_dense/f1261/splatfacto/2026-08-20_202620/nerfstudio_models/step-
000001999.ckpt
           use color only optimization with sigmoid activation                                         splatfacto.py:266
Loading latest checkpoint from load_dir
[gpu0_w5] ratio3_sh0_dense__f1256 -> ok (108.8s)
✅ Done loading checkpoint from 
outputs/ctrl_009_006_ratio3_sh0_dense_mid200/ratio3_sh0_dense/f1267/splatfacto/2026-08-20_202620/nerfstudio_models/step-
000001999.ckpt
0 Gaussians have NaN/Inf and 4 have low opacity, only export 573/577
Loading latest checkpoint from load_dir
✅ Done loading checkpoint from 
outputs/ctrl_009_006_ratio3_sh0_dense_mid200/ratio3_sh0_dense/f1263/splatfacto/2026-08-20_202620/nerfstudio_models/step-
000001999.ckpt
Loading latest checkpoint from load_dir
0 Gaussians have NaN/Inf and 2 have low opacity, only export 641/643
✅ Done loading checkpoint from 
outputs/ctrl_009_006_ratio3_sh0_dense_mid200/ratio3_sh0_dense/f1265/splatfacto/2026-08-20_202620/nerfstudio_models/step-
000001999.ckpt
0 Gaussians have NaN/Inf and 2 have low opacity, only export 635/637
Loading latest checkpoint from load_dir
✅ Done loading checkpoint from 
outputs/ctrl_009_006_ratio3_sh0_dense_mid200/ratio3_sh0_dense/f1262/splatfacto/2026-08-20_202620/nerfstudio_models/step-
000001999.ckpt
0 Gaussians have NaN/Inf and 4 have low opacity, only export 589/593
Loading latest checkpoint from load_dir
[gpu0_w1] ratio3_sh0_dense__f1258 -> ok (108.6s)
✅ Done loading checkpoint from 
outputs/ctrl_009_006_ratio3_sh0_dense_mid200/ratio3_sh0_dense/f1266/splatfacto/2026-08-20_202620/nerfstudio_models/step-
000001999.ckpt
0 Gaussians have NaN/Inf and 1 have low opacity, only export 649/650
[gpu1_w0] ratio3_sh0_dense__f1264 -> ok (106.9s)
[gpu1_w3] ratio3_sh0_dense__f1261 -> ok (107.9s)
[gpu1_w5] ratio3_sh0_dense__f1260 -> ok (108.4s)
[gpu0_w0] ratio3_sh0_dense__f1267 -> ok (106.6s)
[gpu0_w4] ratio3_sh0_dense__f1263 -> ok (108.6s)
[gpu1_w2] ratio3_sh0_dense__f1265 -> ok (108.0s)
[gpu1_w4] ratio3_sh0_dense__f1262 -> ok (108.8s)
[gpu1_w1] ratio3_sh0_dense__f1266 -> ok (108.3s)
[20:29:58]  Be careful with '--eval-mode=all'. If using camera optimization, the cameras    nerfstudio_dataparser.py:216
           may diverge in the current implementation, giving unpredictable results.                                     
            Be careful with '--eval-mode=all'. If using camera optimization, the cameras    nerfstudio_dataparser.py:216
           may diverge in the current implementation, giving unpredictable results.                                     
           use color only optimization with sigmoid activation                                         splatfacto.py:266
Loading latest checkpoint from load_dir
✅ Done loading checkpoint from 
outputs/ctrl_009_006_ratio3_sh0_dense_mid200/ratio3_sh0_dense/f1268/splatfacto/2026-08-20_202815/nerfstudio_models/step-
000001999.ckpt
0 Gaussians have NaN/Inf and 7 have low opacity, only export 607/614
[20:29:59]  Be careful with '--eval-mode=all'. If using camera optimization, the cameras    nerfstudio_dataparser.py:216
           may diverge in the current implementation, giving unpredictable results.                                     
            Be careful with '--eval-mode=all'. If using camera optimization, the cameras    nerfstudio_dataparser.py:216
           may diverge in the current implementation, giving unpredictable results.                                     
[20:29:59]  Be careful with '--eval-mode=all'. If using camera optimization, the cameras    nerfstudio_dataparser.py:216
           may diverge in the current implementation, giving unpredictable results.                                     
            Be careful with '--eval-mode=all'. If using camera optimization, the cameras    nerfstudio_dataparser.py:216
           may diverge in the current implementation, giving unpredictable results.                                     
           use color only optimization with sigmoid activation                                         splatfacto.py:266
           use color only optimization with sigmoid activation                                         splatfacto.py:266
[20:30:00]  Be careful with '--eval-mode=all'. If using camera optimization, the cameras    nerfstudio_dataparser.py:216
           may diverge in the current implementation, giving unpredictable results.                                     
            Be careful with '--eval-mode=all'. If using camera optimization, the cameras    nerfstudio_dataparser.py:216
           may diverge in the current implementation, giving unpredictable results.                                     
           use color only optimization with sigmoid activation                                         splatfacto.py:266
Loading latest checkpoint from load_dir
✅ Done loading checkpoint from 
outputs/ctrl_009_006_ratio3_sh0_dense_mid200/ratio3_sh0_dense/f1270/splatfacto/2026-08-20_202816/nerfstudio_models/step-
000001999.ckpt
Loading latest checkpoint from load_dir
0 Gaussians have NaN/Inf and 3 have low opacity, only export 540/543
✅ Done loading checkpoint from 
outputs/ctrl_009_006_ratio3_sh0_dense_mid200/ratio3_sh0_dense/f1277/splatfacto/2026-08-20_202816/nerfstudio_models/step-
000001999.ckpt
0 Gaussians have NaN/Inf and 1 have low opacity, only export 709/710
[20:30:00]  Be careful with '--eval-mode=all'. If using camera optimization, the cameras    nerfstudio_dataparser.py:216
           may diverge in the current implementation, giving unpredictable results.                                     
            Be careful with '--eval-mode=all'. If using camera optimization, the cameras    nerfstudio_dataparser.py:216
           may diverge in the current implementation, giving unpredictable results.                                     
[gpu0_w2] ratio3_sh0_dense__f1268 -> ok (108.1s)
Loading latest checkpoint from load_dir
✅ Done loading checkpoint from 
outputs/ctrl_009_006_ratio3_sh0_dense_mid200/ratio3_sh0_dense/f1271/splatfacto/2026-08-20_202816/nerfstudio_models/step-
000001999.ckpt
[20:30:01] use color only optimization with sigmoid activation                                         splatfacto.py:266
0 Gaussians have NaN/Inf and 4 have low opacity, only export 818/822
[20:30:01]  Be careful with '--eval-mode=all'. If using camera optimization, the cameras    nerfstudio_dataparser.py:216
           may diverge in the current implementation, giving unpredictable results.                                     
            Be careful with '--eval-mode=all'. If using camera optimization, the cameras    nerfstudio_dataparser.py:216
           may diverge in the current implementation, giving unpredictable results.                                     
[20:30:01]  Be careful with '--eval-mode=all'. If using camera optimization, the cameras    nerfstudio_dataparser.py:216
           may diverge in the current implementation, giving unpredictable results.                                     
[20:30:01]  Be careful with '--eval-mode=all'. If using camera optimization, the cameras    nerfstudio_dataparser.py:216
           may diverge in the current implementation, giving unpredictable results.                                     
            Be careful with '--eval-mode=all'. If using camera optimization, the cameras    nerfstudio_dataparser.py:216
           may diverge in the current implementation, giving unpredictable results.                                     
            Be careful with '--eval-mode=all'. If using camera optimization, the cameras    nerfstudio_dataparser.py:216
           may diverge in the current implementation, giving unpredictable results.                                     
           use color only optimization with sigmoid activation                                         splatfacto.py:266
[20:30:01]  Be careful with '--eval-mode=all'. If using camera optimization, the cameras    nerfstudio_dataparser.py:216
           may diverge in the current implementation, giving unpredictable results.                                     
            Be careful with '--eval-mode=all'. If using camera optimization, the cameras    nerfstudio_dataparser.py:216
           may diverge in the current implementation, giving unpredictable results.                                     
[20:30:01]  Be careful with '--eval-mode=all'. If using camera optimization, the cameras    nerfstudio_dataparser.py:216
           may diverge in the current implementation, giving unpredictable results.                                     
            Be careful with '--eval-mode=all'. If using camera optimization, the cameras    nerfstudio_dataparser.py:216
           may diverge in the current implementation, giving unpredictable results.                                     
           use color only optimization with sigmoid activation                                         splatfacto.py:266
           use color only optimization with sigmoid activation                                         splatfacto.py:266
           use color only optimization with sigmoid activation                                         splatfacto.py:266
           use color only optimization with sigmoid activation                                         splatfacto.py:266
[20:30:01]  Be careful with '--eval-mode=all'. If using camera optimization, the cameras    nerfstudio_dataparser.py:216
           may diverge in the current implementation, giving unpredictable results.                                     
            Be careful with '--eval-mode=all'. If using camera optimization, the cameras    nerfstudio_dataparser.py:216
           may diverge in the current implementation, giving unpredictable results.                                     
           use color only optimization with sigmoid activation                                         splatfacto.py:266
Loading latest checkpoint from load_dir
✅ Done loading checkpoint from 
outputs/ctrl_009_006_ratio3_sh0_dense_mid200/ratio3_sh0_dense/f1279/splatfacto/2026-08-20_202818/nerfstudio_models/step-
000001999.ckpt
Loading latest checkpoint from load_dir
✅ Done loading checkpoint from 
outputs/ctrl_009_006_ratio3_sh0_dense_mid200/ratio3_sh0_dense/f1269/splatfacto/2026-08-20_202816/nerfstudio_models/step-
000001999.ckpt
0 Gaussians have NaN/Inf and 1 have low opacity, only export 561/562
[20:30:02]  Be careful with '--eval-mode=all'. If using camera optimization, the cameras    nerfstudio_dataparser.py:216
           may diverge in the current implementation, giving unpredictable results.                                     
Loading latest checkpoint from load_dir
            Be careful with '--eval-mode=all'. If using camera optimization, the cameras    nerfstudio_dataparser.py:216
           may diverge in the current implementation, giving unpredictable results.                                     
✅ Done loading checkpoint from 
outputs/ctrl_009_006_ratio3_sh0_dense_mid200/ratio3_sh0_dense/f1276/splatfacto/2026-08-20_202818/nerfstudio_models/step-
000001999.ckpt
0 Gaussians have NaN/Inf and 3 have low opacity, only export 770/773
Loading latest checkpoint from load_dir
✅ Done loading checkpoint from 
outputs/ctrl_009_006_ratio3_sh0_dense_mid200/ratio3_sh0_dense/f1275/splatfacto/2026-08-20_202816/nerfstudio_models/step-
000001999.ckpt
0 Gaussians have NaN/Inf and 2 have low opacity, only export 785/787
Loading latest checkpoint from load_dir
✅ Done loading checkpoint from 
outputs/ctrl_009_006_ratio3_sh0_dense_mid200/ratio3_sh0_dense/f1274/splatfacto/2026-08-20_202816/nerfstudio_models/step-
000001999.ckpt
           use color only optimization with sigmoid activation                                         splatfacto.py:266
Loading latest checkpoint from load_dir
✅ Done loading checkpoint from 
outputs/ctrl_009_006_ratio3_sh0_dense_mid200/ratio3_sh0_dense/f1272/splatfacto/2026-08-20_202816/nerfstudio_models/step-
000001999.ckpt
[gpu1_w2] ratio3_sh0_dense__f1277 -> ok (106.8s)
[gpu0_w5] ratio3_sh0_dense__f1270 -> ok (109.2s)
Loading latest checkpoint from load_dir
✅ Done loading checkpoint from 
outputs/ctrl_009_006_ratio3_sh0_dense_mid200/ratio3_sh0_dense/f1278/splatfacto/2026-08-20_202817/nerfstudio_models/step-
000001999.ckpt
0 Gaussians have NaN/Inf and 1 have low opacity, only export 789/790
[gpu0_w1] ratio3_sh0_dense__f1271 -> ok (108.8s)
Loading latest checkpoint from load_dir
✅ Done loading checkpoint from 
outputs/ctrl_009_006_ratio3_sh0_dense_mid200/ratio3_sh0_dense/f1273/splatfacto/2026-08-20_202817/nerfstudio_models/step-
000001999.ckpt
0 Gaussians have NaN/Inf and 1 have low opacity, only export 723/724
[gpu1_w1] ratio3_sh0_dense__f1279 -> ok (108.0s)
[gpu0_w3] ratio3_sh0_dense__f1269 -> ok (111.1s)
[gpu0_w0] ratio3_sh0_dense__f1275 -> ok (108.8s)
[gpu0_w4] ratio3_sh0_dense__f1276 -> ok (108.5s)
[gpu1_w5] ratio3_sh0_dense__f1274 -> ok (109.2s)
[gpu1_w0] ratio3_sh0_dense__f1272 -> ok (110.0s)
[gpu1_w4] ratio3_sh0_dense__f1278 -> ok (108.7s)
[gpu1_w3] ratio3_sh0_dense__f1273 -> ok (110.0s)
[20:31:52]  Be careful with '--eval-mode=all'. If using camera optimization, the cameras    nerfstudio_dataparser.py:216
           may diverge in the current implementation, giving unpredictable results.                                     
            Be careful with '--eval-mode=all'. If using camera optimization, the cameras    nerfstudio_dataparser.py:216
           may diverge in the current implementation, giving unpredictable results.                                     
[20:31:53] use color only optimization with sigmoid activation                                         splatfacto.py:266
[20:31:53]  Be careful with '--eval-mode=all'. If using camera optimization, the cameras    nerfstudio_dataparser.py:216
           may diverge in the current implementation, giving unpredictable results.                                     
            Be careful with '--eval-mode=all'. If using camera optimization, the cameras    nerfstudio_dataparser.py:216
           may diverge in the current implementation, giving unpredictable results.                                     
           use color only optimization with sigmoid activation                                         splatfacto.py:266
Loading latest checkpoint from load_dir
✅ Done loading checkpoint from 
outputs/ctrl_009_006_ratio3_sh0_dense_mid200/ratio3_sh0_dense/f1280/splatfacto/2026-08-20_203009/nerfstudio_models/step-
000001999.ckpt
0 Gaussians have NaN/Inf and 2 have low opacity, only export 761/763
[20:31:54]  Be careful with '--eval-mode=all'. If using camera optimization, the cameras    nerfstudio_dataparser.py:216
           may diverge in the current implementation, giving unpredictable results.                                     
            Be careful with '--eval-mode=all'. If using camera optimization, the cameras    nerfstudio_dataparser.py:216
           may diverge in the current implementation, giving unpredictable results.                                     
Loading latest checkpoint from load_dir
✅ Done loading checkpoint from 
outputs/ctrl_009_006_ratio3_sh0_dense_mid200/ratio3_sh0_dense/f1282/splatfacto/2026-08-20_203010/nerfstudio_models/step-
000001999.ckpt
0 Gaussians have NaN/Inf and 1 have low opacity, only export 756/757
           use color only optimization with sigmoid activation                                         splatfacto.py:266
[20:31:54]  Be careful with '--eval-mode=all'. If using camera optimization, the cameras    nerfstudio_dataparser.py:216
           may diverge in the current implementation, giving unpredictable results.                                     
            Be careful with '--eval-mode=all'. If using camera optimization, the cameras    nerfstudio_dataparser.py:216
           may diverge in the current implementation, giving unpredictable results.                                     
[20:31:55]  Be careful with '--eval-mode=all'. If using camera optimization, the cameras    nerfstudio_dataparser.py:216
           may diverge in the current implementation, giving unpredictable results.                                     
            Be careful with '--eval-mode=all'. If using camera optimization, the cameras    nerfstudio_dataparser.py:216
           may diverge in the current implementation, giving unpredictable results.                                     
[20:31:55] use color only optimization with sigmoid activation                                         splatfacto.py:266
Loading latest checkpoint from load_dir
✅ Done loading checkpoint from 
outputs/ctrl_009_006_ratio3_sh0_dense_mid200/ratio3_sh0_dense/f1283/splatfacto/2026-08-20_203010/nerfstudio_models/step-
000001999.ckpt
0 Gaussians have NaN/Inf and 4 have low opacity, only export 658/662
           use color only optimization with sigmoid activation                                         splatfacto.py:266
[20:31:55]  Be careful with '--eval-mode=all'. If using camera optimization, the cameras    nerfstudio_dataparser.py:216
           may diverge in the current implementation, giving unpredictable results.                                     
[20:31:55]  Be careful with '--eval-mode=all'. If using camera optimization, the cameras    nerfstudio_dataparser.py:216
           may diverge in the current implementation, giving unpredictable results.                                     
            Be careful with '--eval-mode=all'. If using camera optimization, the cameras    nerfstudio_dataparser.py:216
           may diverge in the current implementation, giving unpredictable results.                                     
            Be careful with '--eval-mode=all'. If using camera optimization, the cameras    nerfstudio_dataparser.py:216
           may diverge in the current implementation, giving unpredictable results.                                     
[20:31:55]  Be careful with '--eval-mode=all'. If using camera optimization, the cameras    nerfstudio_dataparser.py:216
           may diverge in the current implementation, giving unpredictable results.                                     
            Be careful with '--eval-mode=all'. If using camera optimization, the cameras    nerfstudio_dataparser.py:216
           may diverge in the current implementation, giving unpredictable results.                                     
[20:31:55]  Be careful with '--eval-mode=all'. If using camera optimization, the cameras    nerfstudio_dataparser.py:216
           may diverge in the current implementation, giving unpredictable results.                                     
           use color only optimization with sigmoid activation                                         splatfacto.py:266
            Be careful with '--eval-mode=all'. If using camera optimization, the cameras    nerfstudio_dataparser.py:216
           may diverge in the current implementation, giving unpredictable results.                                     
           use color only optimization with sigmoid activation                                         splatfacto.py:266
[gpu0_w2] ratio3_sh0_dense__f1280 -> ok (108.0s)
[20:31:55]  Be careful with '--eval-mode=all'. If using camera optimization, the cameras    nerfstudio_dataparser.py:216
           may diverge in the current implementation, giving unpredictable results.                                     
            Be careful with '--eval-mode=all'. If using camera optimization, the cameras    nerfstudio_dataparser.py:216
           may diverge in the current implementation, giving unpredictable results.                                     
           use color only optimization with sigmoid activation                                         splatfacto.py:266
Loading latest checkpoint from load_dir
✅ Done loading checkpoint from 
outputs/ctrl_009_006_ratio3_sh0_dense_mid200/ratio3_sh0_dense/f1281/splatfacto/2026-08-20_203011/nerfstudio_models/step-
000001999.ckpt
[20:31:56] use color only optimization with sigmoid activation                                         splatfacto.py:266
0 Gaussians have NaN/Inf and 1 have low opacity, only export 684/685
Loading latest checkpoint from load_dir
[20:31:56] use color only optimization with sigmoid activation                                         splatfacto.py:266
✅ Done loading checkpoint from 
outputs/ctrl_009_006_ratio3_sh0_dense_mid200/ratio3_sh0_dense/f1288/splatfacto/2026-08-20_203011/nerfstudio_models/step-
000001999.ckpt
0 Gaussians have NaN/Inf and 2 have low opacity, only export 675/677
[20:31:56]  Be careful with '--eval-mode=all'. If using camera optimization, the cameras    nerfstudio_dataparser.py:216
           may diverge in the current implementation, giving unpredictable results.                                     
            Be careful with '--eval-mode=all'. If using camera optimization, the cameras    nerfstudio_dataparser.py:216
           may diverge in the current implementation, giving unpredictable results.                                     
[gpu0_w5] ratio3_sh0_dense__f1282 -> ok (106.9s)
           use color only optimization with sigmoid activation                                         splatfacto.py:266
[20:31:56]  Be careful with '--eval-mode=all'. If using camera optimization, the cameras    nerfstudio_dataparser.py:216
           may diverge in the current implementation, giving unpredictable results.                                     
            Be careful with '--eval-mode=all'. If using camera optimization, the cameras    nerfstudio_dataparser.py:216
           may diverge in the current implementation, giving unpredictable results.                                     
           use color only optimization with sigmoid activation                                         splatfacto.py:266
Loading latest checkpoint from load_dir
✅ Done loading checkpoint from 
outputs/ctrl_009_006_ratio3_sh0_dense_mid200/ratio3_sh0_dense/f1285/splatfacto/2026-08-20_203012/nerfstudio_models/step-
000001999.ckpt
0 Gaussians have NaN/Inf and 2 have low opacity, only export 721/723
Loading latest checkpoint from load_dir
✅ Done loading checkpoint from 
outputs/ctrl_009_006_ratio3_sh0_dense_mid200/ratio3_sh0_dense/f1291/splatfacto/2026-08-20_203011/nerfstudio_models/step-
000001999.ckpt
0 Gaussians have NaN/Inf and 3 have low opacity, only export 679/682
Loading latest checkpoint from load_dir
Loading latest checkpoint from load_dir
✅ Done loading checkpoint from 
outputs/ctrl_009_006_ratio3_sh0_dense_mid200/ratio3_sh0_dense/f1286/splatfacto/2026-08-20_203012/nerfstudio_models/step-
000001999.ckpt
✅ Done loading checkpoint from 
outputs/ctrl_009_006_ratio3_sh0_dense_mid200/ratio3_sh0_dense/f1290/splatfacto/2026-08-20_203012/nerfstudio_models/step-
000001999.ckpt
0 Gaussians have NaN/Inf and 1 have low opacity, only export 646/647
0 Gaussians have NaN/Inf and 2 have low opacity, only export 626/628
Loading latest checkpoint from load_dir
✅ Done loading checkpoint from 
outputs/ctrl_009_006_ratio3_sh0_dense_mid200/ratio3_sh0_dense/f1284/splatfacto/2026-08-20_203011/nerfstudio_models/step-
000001999.ckpt
0 Gaussians have NaN/Inf and 1 have low opacity, only export 691/692
Loading latest checkpoint from load_dir
✅ Done loading checkpoint from 
outputs/ctrl_009_006_ratio3_sh0_dense_mid200/ratio3_sh0_dense/f1287/splatfacto/2026-08-20_203011/nerfstudio_models/step-
000001999.ckpt
0 Gaussians have NaN/Inf and 4 have low opacity, only export 597/601
[gpu0_w1] ratio3_sh0_dense__f1283 -> ok (107.4s)
Loading latest checkpoint from load_dir
✅ Done loading checkpoint from 
outputs/ctrl_009_006_ratio3_sh0_dense_mid200/ratio3_sh0_dense/f1289/splatfacto/2026-08-20_203012/nerfstudio_models/step-
000001999.ckpt
0 Gaussians have NaN/Inf and 1 have low opacity, only export 675/676
[gpu1_w2] ratio3_sh0_dense__f1281 -> ok (108.9s)
[gpu1_w5] ratio3_sh0_dense__f1288 -> ok (107.2s)
[gpu0_w3] ratio3_sh0_dense__f1285 -> ok (108.2s)
[gpu0_w0] ratio3_sh0_dense__f1286 -> ok (108.3s)
[gpu1_w4] ratio3_sh0_dense__f1290 -> ok (107.8s)
[gpu1_w3] ratio3_sh0_dense__f1291 -> ok (107.4s)
[gpu1_w3] queue drained: 16 ok, 0 failed
[gpu1_w1] ratio3_sh0_dense__f1284 -> ok (108.3s)
[gpu1_w1] queue drained: 16 ok, 0 failed
[gpu0_w4] ratio3_sh0_dense__f1287 -> ok (108.3s)
[gpu0_w4] queue drained: 16 ok, 0 failed
[gpu1_w0] ratio3_sh0_dense__f1289 -> ok (108.3s)
[gpu1_w0] queue drained: 16 ok, 0 failed
[20:33:24]  Be careful with '--eval-mode=all'. If using camera optimization, the cameras    nerfstudio_dataparser.py:216
           may diverge in the current implementation, giving unpredictable results.                                     
            Be careful with '--eval-mode=all'. If using camera optimization, the cameras    nerfstudio_dataparser.py:216
           may diverge in the current implementation, giving unpredictable results.                                     
           use color only optimization with sigmoid activation                                         splatfacto.py:266
Loading latest checkpoint from load_dir
✅ Done loading checkpoint from 
outputs/ctrl_009_006_ratio3_sh0_dense_mid200/ratio3_sh0_dense/f1296/splatfacto/2026-08-20_203205/nerfstudio_models/step-
000001999.ckpt
0 Gaussians have NaN/Inf and 3 have low opacity, only export 670/673
[20:33:25]  Be careful with '--eval-mode=all'. If using camera optimization, the cameras    nerfstudio_dataparser.py:216
           may diverge in the current implementation, giving unpredictable results.                                     
            Be careful with '--eval-mode=all'. If using camera optimization, the cameras    nerfstudio_dataparser.py:216
           may diverge in the current implementation, giving unpredictable results.                                     
           use color only optimization with sigmoid activation                                         splatfacto.py:266
Loading latest checkpoint from load_dir
✅ Done loading checkpoint from 
outputs/ctrl_009_006_ratio3_sh0_dense_mid200/ratio3_sh0_dense/f1295/splatfacto/2026-08-20_203206/nerfstudio_models/step-
000001999.ckpt
0 Gaussians have NaN/Inf and 2 have low opacity, only export 622/624
[gpu1_w5] ratio3_sh0_dense__f1296 -> ok (82.3s)
[gpu1_w5] queue drained: 17 ok, 0 failed
[20:33:27]  Be careful with '--eval-mode=all'. If using camera optimization, the cameras    nerfstudio_dataparser.py:216
           may diverge in the current implementation, giving unpredictable results.                                     
            Be careful with '--eval-mode=all'. If using camera optimization, the cameras    nerfstudio_dataparser.py:216
           may diverge in the current implementation, giving unpredictable results.                                     
           use color only optimization with sigmoid activation                                         splatfacto.py:266
[gpu1_w2] ratio3_sh0_dense__f1295 -> ok (83.1s)
[gpu1_w2] queue drained: 17 ok, 0 failed
Loading latest checkpoint from load_dir
✅ Done loading checkpoint from 
outputs/ctrl_009_006_ratio3_sh0_dense_mid200/ratio3_sh0_dense/f1299/splatfacto/2026-08-20_203205/nerfstudio_models/step-
000001999.ckpt
0 Gaussians have NaN/Inf and 3 have low opacity, only export 690/693
[20:33:29]  Be careful with '--eval-mode=all'. If using camera optimization, the cameras    nerfstudio_dataparser.py:216
           may diverge in the current implementation, giving unpredictable results.                                     
            Be careful with '--eval-mode=all'. If using camera optimization, the cameras    nerfstudio_dataparser.py:216
           may diverge in the current implementation, giving unpredictable results.                                     
[20:33:29]  Be careful with '--eval-mode=all'. If using camera optimization, the cameras    nerfstudio_dataparser.py:216
           may diverge in the current implementation, giving unpredictable results.                                     
            Be careful with '--eval-mode=all'. If using camera optimization, the cameras    nerfstudio_dataparser.py:216
           may diverge in the current implementation, giving unpredictable results.                                     
           use color only optimization with sigmoid activation                                         splatfacto.py:266
[20:33:30] use color only optimization with sigmoid activation                                         splatfacto.py:266
[gpu1_w4] ratio3_sh0_dense__f1299 -> ok (84.5s)
[gpu1_w4] queue drained: 17 ok, 0 failed
[20:33:30]  Be careful with '--eval-mode=all'. If using camera optimization, the cameras    nerfstudio_dataparser.py:216
           may diverge in the current implementation, giving unpredictable results.                                     
            Be careful with '--eval-mode=all'. If using camera optimization, the cameras    nerfstudio_dataparser.py:216
           may diverge in the current implementation, giving unpredictable results.                                     
Loading latest checkpoint from load_dir
Loading latest checkpoint from load_dir
✅ Done loading checkpoint from 
outputs/ctrl_009_006_ratio3_sh0_dense_mid200/ratio3_sh0_dense/f1294/splatfacto/2026-08-20_203204/nerfstudio_models/step-
000001999.ckpt
✅ Done loading checkpoint from 
outputs/ctrl_009_006_ratio3_sh0_dense_mid200/ratio3_sh0_dense/f1292/splatfacto/2026-08-20_203203/nerfstudio_models/step-
000001999.ckpt
0 Gaussians have NaN/Inf and 3 have low opacity, only export 669/672
[20:33:31] use color only optimization with sigmoid activation                                         splatfacto.py:266
[20:33:31]  Be careful with '--eval-mode=all'. If using camera optimization, the cameras    nerfstudio_dataparser.py:216
           may diverge in the current implementation, giving unpredictable results.                                     
            Be careful with '--eval-mode=all'. If using camera optimization, the cameras    nerfstudio_dataparser.py:216
           may diverge in the current implementation, giving unpredictable results.                                     
           use color only optimization with sigmoid activation                                         splatfacto.py:266
Loading latest checkpoint from load_dir
✅ Done loading checkpoint from 
outputs/ctrl_009_006_ratio3_sh0_dense_mid200/ratio3_sh0_dense/f1297/splatfacto/2026-08-20_203206/nerfstudio_models/step-
000001999.ckpt
0 Gaussians have NaN/Inf and 1 have low opacity, only export 626/627
[20:33:32]  Be careful with '--eval-mode=all'. If using camera optimization, the cameras    nerfstudio_dataparser.py:216
           may diverge in the current implementation, giving unpredictable results.                                     
            Be careful with '--eval-mode=all'. If using camera optimization, the cameras    nerfstudio_dataparser.py:216
           may diverge in the current implementation, giving unpredictable results.                                     
Loading latest checkpoint from load_dir
✅ Done loading checkpoint from 
outputs/ctrl_009_006_ratio3_sh0_dense_mid200/ratio3_sh0_dense/f1293/splatfacto/2026-08-20_203205/nerfstudio_models/step-
000001999.ckpt
           use color only optimization with sigmoid activation                                         splatfacto.py:266
[gpu0_w2] ratio3_sh0_dense__f1292 -> ok (90.0s)
[gpu0_w2] queue drained: 17 ok, 0 failed
[gpu0_w1] ratio3_sh0_dense__f1294 -> ok (88.6s)
[gpu0_w1] queue drained: 17 ok, 0 failed
Loading latest checkpoint from load_dir
✅ Done loading checkpoint from 
outputs/ctrl_009_006_ratio3_sh0_dense_mid200/ratio3_sh0_dense/f1298/splatfacto/2026-08-20_203207/nerfstudio_models/step-
000001999.ckpt
0 Gaussians have NaN/Inf and 2 have low opacity, only export 658/660
[gpu0_w3] ratio3_sh0_dense__f1297 -> ok (87.6s)
[gpu0_w3] queue drained: 17 ok, 0 failed
[gpu0_w5] ratio3_sh0_dense__f1293 -> ok (90.9s)
[gpu0_w5] queue drained: 17 ok, 0 failed
[gpu0_w0] ratio3_sh0_dense__f1298 -> ok (88.7s)
[gpu0_w0] queue drained: 17 ok, 0 failed
Surviving points (all 4 cameras): 761
After outlier removal: 727 points
Saved -> /home/computer0/fly_project/fly_gsplat/ctrl_009/006/f1298/init_points.ply
[prepare] frame 1298 data ready
Dataset generated successfully at: /home/computer0/fly_project/fly_gsplat/ctrl_009/006/f1299
4 cameras loaded
Seed: [ 0.011806   -0.00126834 -0.0151478 ]  triangulation residual=0.302 mm
Sampled 10000 points in 2mm sphere
Surviving points (all 4 cameras): 695
After outlier removal: 664 points
Saved -> /home/computer0/fly_project/fly_gsplat/ctrl_009/006/f1299/init_points.ply
[prepare] frame 1299 data ready
=== Phase B: build queue ===
[queue] 200 tasks queued, 0 already done (skipped)
=== Phase C: dispatch 2x6 workers ===
Done in 1842.8s: 200 ok, 0 failed -> /home/computer0/fly_project/fly_gsplat/outputs/ctrl_009_006_ratio3_sh0_dense_mid200/schedule_summary.json
